Attribute,Index,Clean Value,Dirty Value
ProviderNumber,2,10018,empty
ProviderNumber,11,10019,empty
ProviderNumber,14,10019,empty
ProviderNumber,22,10001,empty
ProviderNumber,27,10001,57427.90115956433
ProviderNumber,30,10001,empty
ProviderNumber,35,10001,42683.91901410568
ProviderNumber,39,10001,empty
ProviderNumber,41,10001,empty
ProviderNumber,43,10001,empty
ProviderNumber,44,10001,empty
ProviderNumber,53,10005,empty
ProviderNumber,54,10005,empty
ProviderNumber,55,10005,empty
ProviderNumber,64,10005,empty
ProviderNumber,74,10006,empty
ProviderNumber,79,10006,empty
ProviderNumber,82,10006,empty
ProviderNumber,88,10006,45831.48566903778
ProviderNumber,91,10006,empty
ProviderNumber,96,10007,empty
ProviderNumber,106,10007,empty
ProviderNumber,114,10007,empty
ProviderNumber,120,10008,empty
ProviderNumber,124,10008,empty
ProviderNumber,125,10008,40246.42531777813
ProviderNumber,127,10008,empty
ProviderNumber,134,10008,empty
ProviderNumber,138,10008,empty
ProviderNumber,144,10008,empty
ProviderNumber,147,10009,38356.09411085771
ProviderNumber,149,10009,empty
ProviderNumber,155,10009,empty
ProviderNumber,156,10009,48687.781630862824
ProviderNumber,158,10009,empty
ProviderNumber,159,10009,31068.09846955236
ProviderNumber,165,10009,empty
ProviderNumber,166,10009,59681.26132101272
ProviderNumber,167,10009,empty
ProviderNumber,170,10010,empty
ProviderNumber,179,10010,empty
ProviderNumber,180,10010,empty
ProviderNumber,184,10010,empty
ProviderNumber,189,10010,empty
ProviderNumber,193,10010,47467.25550757719
ProviderNumber,201,10011,empty
ProviderNumber,202,10011,empty
ProviderNumber,203,10011,55245.20098133052
ProviderNumber,208,10011,empty
ProviderNumber,214,10011,empty
ProviderNumber,216,10011,empty
ProviderNumber,224,10012,empty
ProviderNumber,233,10012,empty
ProviderNumber,236,10012,33285.982753112694
ProviderNumber,241,10012,empty
ProviderNumber,246,10015,empty
ProviderNumber,247,10015,empty
ProviderNumber,251,10015,46209.31550114216
ProviderNumber,258,10015,empty
ProviderNumber,260,10015,empty
ProviderNumber,265,10015,33256.33386033898
ProviderNumber,266,10015,empty
ProviderNumber,268,10015,empty
ProviderNumber,278,10016,44274.17944016442
ProviderNumber,281,10016,empty
ProviderNumber,283,10016,empty
ProviderNumber,285,10016,empty
ProviderNumber,294,10016,empty
ProviderNumber,296,10018,empty
ProviderNumber,299,10018,empty
ProviderNumber,301,10018,50509.60754554402
ProviderNumber,318,10038,empty
ProviderNumber,327,10038,empty
ProviderNumber,328,10038,empty
ProviderNumber,334,10055,empty
ProviderNumber,340,10055,empty
ProviderNumber,346,10055,empty
ProviderNumber,357,10086,empty
ProviderNumber,360,10086,empty
ProviderNumber,365,10086,39756.94622838376
ProviderNumber,366,10086,empty
ProviderNumber,367,10086,empty
ProviderNumber,369,10086,41787.15721317521
ProviderNumber,379,10086,47530.249532723574
ProviderNumber,381,10087,empty
ProviderNumber,382,10087,empty
ProviderNumber,397,10108,empty
ProviderNumber,407,10108,46190.00800478968
ProviderNumber,408,10108,empty
ProviderNumber,417,10164,empty
ProviderNumber,419,10164,empty
ProviderNumber,428,10164,empty
ProviderNumber,430,10164,empty
ProviderNumber,434,20017,empty
ProviderNumber,435,20017,empty
ProviderNumber,436,20017,111505.01940051574
ProviderNumber,440,20017,empty
ProviderNumber,441,20017,empty
ProviderNumber,445,20017,100975.05260153642
ProviderNumber,449,20017,empty
ProviderNumber,452,20018,empty
ProviderNumber,458,10019,empty
ProviderNumber,459,10019,53785.56858483975
ProviderNumber,460,10019,empty
ProviderNumber,463,10019,empty
ProviderNumber,464,10019,empty
ProviderNumber,465,10019,30980.763868390528
ProviderNumber,472,10021,58213.82007495934
ProviderNumber,478,10021,empty
ProviderNumber,479,10021,empty
ProviderNumber,485,10021,empty
ProviderNumber,492,10022,empty
ProviderNumber,502,10022,empty
ProviderNumber,516,10022,empty
ProviderNumber,522,10023,empty
ProviderNumber,523,10023,empty
ProviderNumber,524,10023,empty
ProviderNumber,533,10023,empty
ProviderNumber,535,10023,empty
ProviderNumber,536,10023,empty
ProviderNumber,545,10024,46812.24377633323
ProviderNumber,549,10024,empty
ProviderNumber,551,10024,38213.71887981248
ProviderNumber,584,10025,38170.45995729104
ProviderNumber,586,10025,empty
ProviderNumber,591,10025,empty
ProviderNumber,592,10027,53172.657831056815
ProviderNumber,599,10027,empty
ProviderNumber,601,10027,empty
ProviderNumber,602,10027,empty
ProviderNumber,603,10027,empty
ProviderNumber,611,10027,empty
ProviderNumber,617,10029,empty
ProviderNumber,625,10029,41183.229851749245
ProviderNumber,627,10029,empty
ProviderNumber,631,10029,57865.74120239118
ProviderNumber,634,10029,empty
ProviderNumber,635,10029,39872.06489405635
ProviderNumber,638,10029,empty
ProviderNumber,644,10032,empty
ProviderNumber,646,10032,empty
ProviderNumber,648,10032,empty
ProviderNumber,649,10032,43247.1368933388
ProviderNumber,655,10032,47319.91594643635
ProviderNumber,657,10032,empty
ProviderNumber,680,10033,empty
ProviderNumber,685,10033,empty
ProviderNumber,686,10033,57112.47258918834
ProviderNumber,687,10033,57444.16947016997
ProviderNumber,695,10034,empty
ProviderNumber,696,10034,empty
ProviderNumber,700,10034,empty
ProviderNumber,703,10034,empty
ProviderNumber,708,10034,empty
ProviderNumber,711,10034,empty
ProviderNumber,722,10035,empty
ProviderNumber,725,10035,47699.76661935848
ProviderNumber,726,10035,50134.741491904446
ProviderNumber,731,10035,58987.354801898466
ProviderNumber,732,10035,empty
ProviderNumber,735,10035,empty
ProviderNumber,738,10035,empty
ProviderNumber,752,10036,empty
ProviderNumber,758,10036,53211.77258624579
ProviderNumber,762,10036,33277.61473273816
ProviderNumber,764,10036,empty
ProviderNumber,771,10038,empty
ProviderNumber,772,10038,empty
ProviderNumber,773,10038,empty
ProviderNumber,774,10038,empty
ProviderNumber,780,10039,empty
ProviderNumber,789,10039,empty
ProviderNumber,797,10039,34282.65961537003
ProviderNumber,801,10039,39096.10547738422
ProviderNumber,811,10040,53146.768905827994
ProviderNumber,812,10040,empty
ProviderNumber,814,10040,48551.42022836928
ProviderNumber,815,10040,empty
ProviderNumber,818,10040,empty
ProviderNumber,828,10043,empty
ProviderNumber,830,10043,empty
ProviderNumber,833,10043,empty
ProviderNumber,839,10043,empty
ProviderNumber,857,10044,empty
ProviderNumber,862,10044,empty
ProviderNumber,863,10044,empty
ProviderNumber,865,10044,empty
ProviderNumber,868,10044,empty
ProviderNumber,879,10045,31767.4468722199
ProviderNumber,888,10045,empty
ProviderNumber,892,10045,empty
ProviderNumber,895,10045,34773.72896817513
ProviderNumber,906,10046,43136.78172211985
ProviderNumber,919,10046,empty
ProviderNumber,921,10046,empty
ProviderNumber,924,10046,empty
ProviderNumber,927,10046,empty
ProviderNumber,929,10046,empty
ProviderNumber,938,10047,empty
ProviderNumber,940,10047,empty
ProviderNumber,944,10047,empty
ProviderNumber,950,10047,empty
ProviderNumber,953,10047,empty
ProviderNumber,954,10047,empty
ProviderNumber,957,10049,44401.176498671775
ProviderNumber,959,10049,59673.76635277061
ProviderNumber,967,10049,51765.711897361005
ProviderNumber,976,10049,empty
ProviderNumber,986,10050,empty
ProviderNumber,991,10050,54132.101702996464
ProviderNumber,998,10050,empty
HospitalName,2,callahan eye foundation hospital,ca??llahan eye foundation hospital
HospitalName,12,helen keller memorial hospital,empty
HospitalName,20,southeast alabama medical center,empty
HospitalName,24,southeast alabama medical center,southeast alaba%ma medi@@cal center
HospitalName,29,southeast alabama medical center,empty
HospitalName,31,southeast alabama medical center,south$east alabama medical c??enter
HospitalName,46,marshall medical center south,empty
HospitalName,56,marshall medical center south,empty
HospitalName,66,marshall medical center south,empty
HospitalName,75,eliza coffee memorial hospital,eliza coffee memo%rial hosp#ital
HospitalName,86,eliza coffee memorial hospital,eliza coff#ee memorial hospital%
HospitalName,89,eliza coffee memorial hospital,empty
HospitalName,94,eliza coffee memorial hospital,eliza coffee memori%al hospi@@tal
HospitalName,99,mizell memorial hospital,mizell me#$morial hospital
HospitalName,100,mizell memorial hospital,mizell memor%ial h@@ospital
HospitalName,102,mizell memorial hospital,mizell %memorial hospital
HospitalName,103,mizell memorial hospital,empty
HospitalName,105,mizell memorial hospital,empty
HospitalName,117,mizell memorial hospital,empty
HospitalName,120,crenshaw community hospital,empty
HospitalName,126,crenshaw community hospital,empty
HospitalName,133,crenshaw community hospital,empty
HospitalName,137,crenshaw community hospital,empty
HospitalName,139,crenshaw community hospital,empty
HospitalName,144,crenshaw community hospital,empty
HospitalName,145,hartselle medical center,hartselle $medical c%enter
HospitalName,146,hartselle medical center,empty
HospitalName,149,hartselle medical center,empty
HospitalName,150,hartselle medical center,empty
HospitalName,153,hartselle medical center,hartselle medi@@cal center
HospitalName,155,hartselle medical center,empty
HospitalName,158,hartselle medical center,empty
HospitalName,165,hartselle medical center,empty
HospitalName,170,marshall medical center north,empty
HospitalName,171,marshall medical center north,empty
HospitalName,183,marshall medical center north,empty
HospitalName,185,marshall medical center north,empty
HospitalName,196,st vincents east,empty
HospitalName,200,st vincents east,st?? vincents east
HospitalName,204,st vincents east,st vincents eas$t
HospitalName,206,st vincents east,empty
HospitalName,222,dekalb regional medical center,dekalb regional me#dical center
HospitalName,223,dekalb regional medical center,empty
HospitalName,233,dekalb regional medical center,empty
HospitalName,237,dekalb regional medical center,empty
HospitalName,238,dekalb regional medical center,empty
HospitalName,249,southwest alabama medical center,empty
HospitalName,250,southwest alabama medical center,empty
HospitalName,278,shelby baptist medical center,#%shelby baptist medical center
HospitalName,279,shelby baptist medical center,empty
HospitalName,281,shelby baptist medical center,empty
HospitalName,283,shelby baptist medical center,shelby baptist medical c@@enter
HospitalName,284,shelby baptist medical center,shelby baptist medical cen@@ter
HospitalName,286,shelby baptist medical center,empty
HospitalName,309,callahan eye foundation hospital,callahan eye foundation hosp#ital
HospitalName,312,stringfellow memorial hospital,empty
HospitalName,315,stringfellow memorial hospital,empty
HospitalName,317,stringfellow memorial hospital,stringfel#low memorial hosp#ital
HospitalName,320,stringfellow memorial hospital,empty
HospitalName,321,stringfellow memorial hospital,empty
HospitalName,322,stringfellow memorial hospital,stringfellow memori@@al hospital
HospitalName,324,stringfellow memorial hospital,empty
HospitalName,326,stringfellow memorial hospital,empty
HospitalName,329,stringfellow memorial hospital,empty
HospitalName,352,st vincents hospital,empty
HospitalName,354,decatur general hospital,empty
HospitalName,363,northwest medical center,empty
HospitalName,374,northwest medical center,northwest medical cente??r
HospitalName,379,northwest medical center,empty
HospitalName,380,univ of south alabama medical center,univ of south alabama medica%l center
HospitalName,386,univ of south alabama medical center,empty
HospitalName,391,univ of south alabama medical center,empty
HospitalName,392,univ of south alabama medical center,empty
HospitalName,402,prattville baptist hospital,empty
HospitalName,409,prattville baptist hospital,empty
HospitalName,421,coosa valley medical center,empty
HospitalName,422,coosa valley medical center,empty
HospitalName,433,alaska regional hospital,empty
HospitalName,439,alaska regional hospital,alaska regional h#ospital
HospitalName,449,alaska regional hospital,empty
HospitalName,450,alaska regional hospital,empty
HospitalName,456,helen keller memorial hospital,he#len keller memorial hospital
HospitalName,461,helen keller memorial hospital,empty
HospitalName,464,helen keller memorial hospital,empty
HospitalName,475,dale medical center,empty
HospitalName,478,dale medical center,empty
HospitalName,480,dale medical center,empty
HospitalName,494,cherokee medical center,empty
HospitalName,495,cherokee medical center,empty
HospitalName,499,cherokee medical center,empty
HospitalName,501,cherokee medical center,cherokee medical cente#r
HospitalName,513,cherokee medical center,empty
HospitalName,523,baptist medical center south,empty
HospitalName,524,baptist medical center south,empty
HospitalName,527,baptist medical center south,empty
HospitalName,528,baptist medical center south,baptist medi@@cal center south
HospitalName,529,baptist medical center south,empty
HospitalName,530,baptist medical center south,empty
HospitalName,534,baptist medical center south,empty
HospitalName,536,baptist medical center south,empty
HospitalName,537,baptist medical center south,empty
HospitalName,540,baptist medical center south,b%aptist medical cent$er south
HospitalName,541,baptist medical center south,empty
HospitalName,547,jackson hospital & clinic inc,jackson hospital & cli??nic inc
HospitalName,563,jackson hospital & clinic inc,jackso#n hospital & clinic inc
HospitalName,564,jackson hospital & clinic inc,empty
HospitalName,566,jackson hospital & clinic inc,empty
HospitalName,567,g h lanier memorial hospital,empty
HospitalName,568,g h lanier memorial hospital,g h lanier memo$rial hospital
HospitalName,577,g h lanier memorial hospital,g h lanie??r memorial hospital
HospitalName,581,g h lanier memorial hospital,empty
HospitalName,582,g h lanier memorial hospital,empty
HospitalName,586,g h lanier memorial hospital,empty
HospitalName,587,g h lanier memorial hospital,empty
HospitalName,591,g h lanier memorial hospital,empty
HospitalName,595,elba general hospital,empty
HospitalName,608,elba general hospital,empty
HospitalName,610,elba general hospital,empty
HospitalName,611,elba general hospital,elba gene@@ral hospi%tal
HospitalName,618,east alabama medical center and snf,empty
HospitalName,623,east alabama medical center and snf,ea#st alabama medical center and snf
HospitalName,628,east alabama medical center and snf,empty
HospitalName,633,east alabama medical center and snf,empty
HospitalName,634,east alabama medical center and snf,empty
HospitalName,643,wedowee hospital,empty
HospitalName,649,wedowee hospital,empty
HospitalName,650,wedowee hospital,wedowee ho@@spita%l
HospitalName,657,wedowee hospital,empty
HospitalName,673,university of alabama hospital,university of alabama ??hospital
HospitalName,674,university of alabama hospital,university of #alabama hospital
HospitalName,677,university of alabama hospital,empty
HospitalName,681,university of alabama hospital,university of alab$ama hospital
HospitalName,686,university of alabama hospital,empty
HospitalName,698,community hospital inc,empty
HospitalName,702,community hospital inc,empty
HospitalName,707,community hospital inc,community hospit%al inc
HospitalName,715,community hospital inc,empty
HospitalName,722,cullman regional medical center,empty
HospitalName,725,cullman regional medical center,empty
HospitalName,727,cullman regional medical center,cullman regional medical# ce%nter
HospitalName,732,cullman regional medical center,empty
HospitalName,736,cullman regional medical center,cu??llman regional medical center
HospitalName,746,andalusia regional hospital,empty
HospitalName,750,andalusia regional hospital,empty
HospitalName,763,andalusia regional hospital,empty
HospitalName,771,stringfellow memorial hospital,stringfellow memorial ho$spital
HospitalName,789,huntsville hospital,empty
HospitalName,798,huntsville hospital,empty
HospitalName,800,huntsville hospital,empty
HospitalName,802,huntsville hospital,empty
HospitalName,804,gadsden regional medical center,empty
HospitalName,807,gadsden regional medical center,empty
HospitalName,808,gadsden regional medical center,empty
HospitalName,811,gadsden regional medical center,empty
HospitalName,813,gadsden regional medical center,gadsden region%al me#dical center
HospitalName,817,gadsden regional medical center,empty
HospitalName,826,gadsden regional medical center,empty
HospitalName,829,chilton medical center,chilton medi%c$al center
HospitalName,832,chilton medical center,chilton med$ical center
HospitalName,855,marion regional medical center,empty
HospitalName,856,marion regional medical center,marion regio%nal medical center
HospitalName,857,marion regional medical center,empty
HospitalName,859,marion regional medical center,empty
HospitalName,866,marion regional medical center,??marion reg#ional medical center
HospitalName,872,marion regional medical center,empty
HospitalName,875,marion regional medical center,empty
HospitalName,885,fayette medical center,empty
HospitalName,886,fayette medical center,empty
HospitalName,889,fayette medical center,empty
HospitalName,890,fayette medical center,empty
HospitalName,893,fayette medical center,empty
HospitalName,899,fayette medical center,empty
HospitalName,927,riverview regional medical center,empty
HospitalName,933,georgiana hospital,georgiana ho??spita??l
HospitalName,934,georgiana hospital,geor#giana hospital
HospitalName,935,georgiana hospital,georgiana hos%pital
HospitalName,937,georgiana hospital,empty
HospitalName,943,georgiana hospital,georg$iana hospital
HospitalName,953,georgiana hospital,empty
HospitalName,954,georgiana hospital,georgian@@a hospital
HospitalName,955,georgiana hospital,geor??giana hospital
HospitalName,960,medical center enterprise,empty
HospitalName,963,medical center enterprise,empty
HospitalName,964,medical center enterprise,empty
HospitalName,966,medical center enterprise,empty
HospitalName,967,medical center enterprise,empty
HospitalName,970,medical center enterprise,??medical center enterprise
HospitalName,971,medical center enterprise,empty
HospitalName,976,medical center enterprise,empty
HospitalName,982,st vincents blount,empty
HospitalName,983,st vincents blount,empty
HospitalName,985,st vincents blount,$%st vincents blount
HospitalName,996,st vincents blount,st v#incents blount
Address1,3,1720 university blvd,empty
Address1,5,1720 university blvd,1720 university blvd$
Address1,17,1300 south montgomery avenue,empty
Address1,18,1300 south montgomery avenue,empty
Address1,27,1108 ross clark circle,empty
Address1,29,1108 ross clark circle,empty
Address1,33,1108 ross clark circle,empty
Address1,37,1108 ross clark circle,empty
Address1,41,1108 ross clark circle,empty
Address1,44,1108 ross clark circle,empty
Address1,60,2505 u s highway 431 north,empty
Address1,69,2505 u s highway 431 north,empty
Address1,85,205 marengo street,empty
Address1,87,205 marengo street,empty
Address1,89,205 marengo street,empty
Address1,90,205 marengo street,empty
Address1,92,205 marengo street,empty
Address1,98,702 n main st,empty
Address1,100,702 n main st,empty
Address1,106,702 n main st,empty
Address1,109,702 n main st,702 n main st??
Address1,110,702 n main st,empty
Address1,117,702 n main st,empty
Address1,121,101 hospital circle,empty
Address1,122,101 hospital circle,empty
Address1,123,101 hospital circle,empty
Address1,124,101 hospital circle,empty
Address1,125,101 hospital circle,1??01 hospital $circle
Address1,132,101 hospital circle,empty
Address1,138,101 hospital circle,empty
Address1,140,101 hospital circle,empty
Address1,141,101 hospital circle,empty
Address1,152,201 pine street northwest,empty
Address1,153,201 pine street northwest,empty
Address1,160,201 pine street northwest,empty
Address1,164,201 pine street northwest,empty
Address1,168,201 pine street northwest,empty
Address1,169,201 pine street northwest,201 pine$ stree%t northwest
Address1,192,8000 alabama highway 69,8000 ala??bama highway 69
Address1,193,8000 alabama highway 69,8000 alabama highway %69
Address1,196,50 medical park east drive,empty
Address1,197,50 medical park east drive,empty
Address1,198,50 medical park east drive,empty
Address1,205,50 medical park east drive,empty
Address1,211,50 medical park east drive,empty
Address1,212,50 medical park east drive,50 medical park eas$t d$rive
Address1,223,200 med center drive,200 med center ??drive
Address1,225,200 med center drive,#200 med cent$er drive
Address1,235,200 med center drive,empty
Address1,237,200 med center drive,200 med c??enter drive
Address1,245,33700 highway 43,%33#700 highway 43
Address1,246,33700 highway 43,empty
Address1,247,33700 highway 43,empty
Address1,254,33700 highway 43,empty
Address1,255,33700 highway 43,empty
Address1,273,1000 first street north,empty
Address1,280,1000 first street north,1000 firs%t street %north
Address1,282,1000 first street north,empty
Address1,283,1000 first street north,1000 fi#rst s??treet north
Address1,289,1000 first street north,1000 first street nor??th
Address1,297,1720 university blvd,1720 #university blvd
Address1,305,1720 university blvd,172??0 university blvd$
Address1,311,1720 university blvd,empty
Address1,324,301 east 18th st,empty
Address1,328,301 east 18th st,empty
Address1,334,4370 west main street,empty
Address1,342,4370 west main street,empty
Address1,344,4370 west main street,empty
Address1,350,810 st vincents drive,empty
Address1,354,1201 7th street se,empty
Address1,356,1530 u s highway 43,empty
Address1,373,1530 u s highway 43,empty
Address1,384,2451 fillingim street,empty
Address1,388,2451 fillingim street,empty
Address1,392,2451 fillingim street,empty
Address1,408,124 s memorial dr,empty
Address1,409,124 s memorial dr,empty
Address1,411,124 s memorial dr,empty
Address1,413,15155 highway 43,empty
Address1,420,315 w hickory st,empty
Address1,429,315 w hickory st,empty
Address1,431,315 w hickory st,empty
Address1,440,2801 debarr road,empty
Address1,441,2801 debarr road,empty
Address1,442,2801 debarr road,empty
Address1,443,2801 debarr road,empty
Address1,457,1300 south montgomery avenue,1300 south% montgomery ave$nue
Address1,459,1300 south montgomery avenue,empty
Address1,465,1300 south montgomery avenue,empty
Address1,468,126 hospital ave,empty
Address1,474,126 hospital ave,empty
Address1,478,126 hospital ave,12$6 hospital av$e
Address1,487,126 hospital ave,empty
Address1,489,126 hospital ave,empty
Address1,490,126 hospital ave,empty
Address1,491,126 hospital ave,empty
Address1,492,400 northwood dr,empty
Address1,501,400 northwood dr,400 nor@@thwood dr#
Address1,515,400 northwood dr,400 northwood dr$
Address1,517,2105 east south boulevard,empty
Address1,530,2105 east south boulevard,empty
Address1,536,2105 east south boulevard,210@@5 ea#st south boulevard
Address1,539,2105 east south boulevard,empty
Address1,541,2105 east south boulevard,210#5 east south boulevar%d
Address1,544,1725 pine street,??1725 pine street
Address1,554,1725 pine street,empty
Address1,566,1725 pine street,empty
Address1,568,4800 48th st,empty
Address1,571,4800 48th st,empty
Address1,576,4800 48th st,empty
Address1,577,4800 48th st,empty
Address1,585,4800 48th st,empty
Address1,588,4800 48th st,4800 48??th st
Address1,591,4800 48th st,empty
Address1,594,987 drayton street,empty
Address1,597,987 drayton street,empty
Address1,598,987 drayton street,empty
Address1,600,987 drayton street,empty
Address1,601,987 drayton street,987 drayton stree??t
Address1,612,987 drayton street,empty
Address1,615,987 drayton street,empty
Address1,634,2000 pepperell parkway,empty
Address1,635,2000 pepperell parkway,empty
Address1,640,2000 pepperell parkway,empty
Address1,652,209 north main street,empty
Address1,661,209 north main street,empty
Address1,664,209 north main street,empty
Address1,666,209 north main street,empty
Address1,670,619 south 19th street,empty
Address1,676,619 south 19th street,619@@ #south 19th street
Address1,679,619 south 19th street,619 south 1@@9th street
Address1,685,619 south 19th street,619 south 19??th street
Address1,711,805 friendship road,empty
Address1,713,805 friendship road,805 fr??iends#hip road
Address1,728,1912 alabama highway 157,empty
Address1,749,849 south three notch street,empty
Address1,750,849 south three notch street,empty
Address1,752,849 south three notch street,empty
Address1,753,849 south three notch street,empty
Address1,760,849 south three notch street,849 south three not??ch# street
Address1,762,849 south three notch street,empty
Address1,772,301 east 18th st,empty
Address1,774,301 east 18th st,301 #east 18th% st
Address1,775,101 sivley rd,empty
Address1,780,101 sivley rd,empty
Address1,781,101 sivley rd,empty
Address1,783,101 sivley rd,empty
Address1,790,101 sivley rd,empty
Address1,791,101 sivley rd,empty
Address1,792,101 sivley rd,101 sivl@@ey r??d
Address1,800,101 sivley rd,empty
Address1,808,1007 goodyear avenue,10#07 go#odyear avenue
Address1,816,1007 goodyear avenue,empty
Address1,828,1010 lay dam road,empty
Address1,835,1010 lay dam road,1010 lay da$m road
Address1,845,1010 lay dam road,1010 lay dam?? road
Address1,851,1010 lay dam road,10#10 lay dam road
Address1,852,1010 lay dam road,@@1010 lay dam road
Address1,854,1256 military street south,1%256 military st%reet south
Address1,856,1256 military street south,empty
Address1,857,1256 military street south,empty
Address1,863,1256 military street south,empty
Address1,864,1256 military street south,1256 milit@@ary street south#
Address1,865,1256 military street south,empty
Address1,866,1256 military street south,empty
Address1,872,1256 military street south,empty
Address1,876,1256 military street south,empty
Address1,878,1653 temple avenue north,empty
Address1,885,1653 temple avenue north,1653 temple avenue@@ north
Address1,888,1653 temple avenue north,empty
Address1,891,1653 temple avenue north,empty
Address1,900,1653 temple avenue north,empty
Address1,902,1653 temple avenue north,1653 temple$ aven#ue north
Address1,909,600 south third street,empty
Address1,911,600 south third street,empty
Address1,922,600 south third street,empty
Address1,924,600 south third street,600 south th%$ird street
Address1,934,515 miranda st,empty
Address1,938,515 miranda st,empty
Address1,939,515 miranda st,empty
Address1,940,515 miranda st,empty
Address1,946,515 miranda st,empty
Address1,951,515 miranda st,5@@15 miranda st
Address1,952,515 miranda st,empty
Address1,953,515 miranda st,empty
Address1,963,400 n edwards street,400% n edwards street
Address1,969,400 n edwards street,empty
Address1,973,400 n edwards street,empty
Address1,975,400 n edwards street,empty
Address1,982,150 gilbreath drive,empty
Address1,986,150 gilbreath drive,150 gilbreath dri$ve
Address1,989,150 gilbreath drive,empty
Address1,994,150 gilbreath drive,empty
Address1,995,150 gilbreath drive,empty
Address1,1000,150 gilbreath drive,empty
Address2,42,empty,e??mpty
Address2,70,empty,e@@$mpty
Address2,101,empty,emp??ty
Address2,107,empty,em@@pty
Address2,143,empty,em#pty
Address2,163,empty,em$pty
Address2,180,empty,e$mpt%y
Address2,226,empty,e%#mpty
Address2,237,empty,e$mpty??
Address2,249,empty,%empt%y
Address2,293,empty,e??mpty
Address2,333,empty,em@@pty
Address2,347,empty,em%pty
Address2,357,empty,e??mpty
Address2,362,empty,#empty
Address2,377,empty,e??mpty@@
Address2,402,empty,e$mpt@@y
Address2,420,empty,em$pty
Address2,487,empty,empty$#
Address2,489,empty,e$mpty
Address2,499,empty,empt#y??
Address2,542,empty,empty#
Address2,570,empty,e??m@@pty
Address2,601,empty,em??$pty
Address2,603,empty,em$pty
Address2,661,empty,em#??pty
Address2,670,empty,empty%
Address2,699,empty,e$mpty
Address2,717,empty,empty$
Address2,737,empty,@@empt??y
Address2,754,empty,emp@%@ty
Address2,757,empty,%empty
Address2,773,empty,emp%@@ty
Address2,793,empty,empt%??y
Address2,803,empty,empt??y
Address2,841,empty,empty@@
Address2,851,empty,empt$y
Address2,871,empty,@@e%mpty
Address2,888,empty,@@empty
Address2,891,empty,empt@@#y
Address2,895,empty,e#mpty@@
Address2,926,empty,$empty
Address2,932,empty,??empty#
Address2,949,empty,emp%ty
Address2,974,empty,e??m$pty
Address2,977,empty,e??m$pty
Address2,984,empty,@@empty
Address2,998,empty,#emp#ty
Address3,12,empty,em@@pty
Address3,39,empty,em#pty
Address3,46,empty,em??pty
Address3,89,empty,emp%t@@y
Address3,114,empty,em#pty
Address3,176,empty,#emp%ty
Address3,185,empty,emp%ty$
Address3,201,empty,e%mpty
Address3,228,empty,em??pty
Address3,230,empty,??empty
Address3,232,empty,$empty
Address3,248,empty,em??pty
Address3,259,empty,empty$
Address3,273,empty,$e#mpty
Address3,284,empty,em@@pty
Address3,339,empty,e??m??pty
Address3,345,empty,emp#%ty
Address3,381,empty,em%pty
Address3,407,empty,e$%mpty
Address3,415,empty,empty??
Address3,418,empty,??empty
Address3,430,empty,#empt@@y
Address3,466,empty,??empty
Address3,498,empty,@@empty
Address3,499,empty,em@@??pty
Address3,558,empty,e#mpty@@
Address3,577,empty,e??mpty
Address3,594,empty,empt#y
Address3,602,empty,emp%ty
Address3,617,empty,em%pty??
Address3,638,empty,em#??pty
Address3,670,empty,em@@pty
Address3,672,empty,emp@@t#y
Address3,686,empty,empt@@y$
Address3,703,empty,emp????ty
Address3,710,empty,empt??y
Address3,716,empty,em??pty
Address3,740,empty,e??mpty
Address3,747,empty,e#mpty
Address3,754,empty,empty$
Address3,763,empty,em#pty%
Address3,767,empty,e??mpty
Address3,775,empty,em%pty#
Address3,776,empty,#empty#
Address3,836,empty,em$pty@@
Address3,861,empty,empt#y
Address3,866,empty,@@em#pty
Address3,884,empty,e%mpty%
Address3,906,empty,e$mpty#
Address3,960,empty,#empty
Address3,974,empty,em#pty$
Address3,983,empty,empty%
Address3,995,empty,em%p$ty
City,6,birmingham,bir@@@@mingham
City,8,birmingham,empty
City,12,sheffield,empty
City,20,dothan,??dotha%n
City,26,dothan,empty
City,37,dothan,empty
City,39,dothan,doth#@@an
City,40,dothan,empty
City,41,dothan,empty
City,59,boaz,bo%a@@z
City,61,boaz,empty
City,62,boaz,empty
City,67,boaz,empty
City,70,florence,empty
City,72,florence,empty
City,81,florence,empty
City,93,florence,empty
City,104,opp,empty
City,111,opp,empty
City,116,opp,empty
City,120,luverne,%luvern$e
City,130,luverne,empty
City,132,luverne,empty
City,133,luverne,empty
City,143,luverne,empty
City,160,hartselle,empty
City,164,hartselle,empty
City,169,hartselle,empty
City,170,guntersville,empty
City,171,guntersville,empty
City,178,guntersville,empty
City,179,guntersville,empty
City,184,guntersville,empty
City,188,guntersville,gunt??ersvi??lle
City,194,guntersville,gu#ntersville
City,196,birmingham,birmingha@@m@@
City,197,birmingham,empty
City,199,birmingham,empty
City,200,birmingham,%birmingham
City,209,birmingham,empty
City,212,birmingham,empty
City,217,birmingham,empty
City,218,birmingham,bi$rmingham
City,220,fort payne,empty
City,222,fort payne,empty
City,224,fort payne,empty
City,225,fort payne,empty
City,239,fort payne,empty
City,240,fort payne,empty
City,242,fort payne,empty
City,245,thomasville,empty
City,247,thomasville,empty
City,249,thomasville,thomas@@vi#lle
City,257,thomasville,empty
City,263,thomasville,empty
City,267,thomasville,empty
City,268,thomasville,empty
City,270,alabaster,alabas@??@ter
City,272,alabaster,empty
City,276,alabaster,empty
City,279,alabaster,empty
City,286,alabaster,empty
City,298,birmingham,birmingham%
City,304,birmingham,empty
City,315,anniston,empty
City,340,dothan,empty
City,366,winfield,empty
City,370,winfield,empty
City,374,winfield,empty
City,378,winfield,empty
City,379,winfield,??winfie@@ld
City,384,mobile,mob##ile
City,389,mobile,empty
City,393,prattville,empty
City,404,prattville,empty
City,405,prattville,prattvi#%lle
City,406,prattville,empty
City,410,prattville,pratt$ville
City,411,prattville,prattv??ille
City,417,sylacauga,empty
City,428,sylacauga,empty
City,429,sylacauga,empty
City,432,sylacauga,empty
City,435,anchorage,empty
City,437,anchorage,empty
City,441,anchorage,empty
City,443,anchorage,ancho@@rag$e
City,450,anchorage,empty
City,461,sheffield,empty
City,469,ozark,ozar#k
City,478,ozark,empty
City,489,ozark,empty
City,492,centre,empty
City,516,centre,empty
City,517,montgomery,empty
City,518,montgomery,empty
City,520,montgomery,montgome$??ry
City,521,montgomery,empty
City,530,montgomery,empty
City,536,montgomery,empty
City,538,montgomery,empty
City,541,montgomery,empty
City,542,montgomery,empty
City,543,montgomery,empty
City,556,montgomery,empty
City,559,montgomery,empty
City,561,montgomery,montgomer@@y
City,566,montgomery,empty
City,571,valley,val@@ley
City,572,valley,empty
City,577,valley,empty
City,592,elba,empty
City,595,elba,empty
City,604,elba,empty
City,614,elba,elba##
City,623,opelika,empty
City,629,opelika,empty
City,631,opelika,empty
City,636,opelika,o@$@pelika
City,637,opelika,empty
City,638,opelika,%opelika
City,649,wedowee,%wedowee
City,655,wedowee,empty
City,684,birmingham,empty
City,692,tallassee,empty
City,710,tallassee,empty
City,715,tallassee,empty
City,724,cullman,empty
City,739,cullman,empty
City,743,andalusia,empty
City,753,andalusia,empty
City,755,andalusia,empty
City,757,andalusia,empty
City,766,andalusia,empty
City,768,anniston,a#nniston
City,779,huntsville,empty
City,787,huntsville,empty
City,789,huntsville,empty
City,792,huntsville,empty
City,795,huntsville,empty
City,803,gadsden,gad@@sde$n
City,804,gadsden,g%adsden@@
City,814,gadsden,empty
City,819,gadsden,empty
City,837,clanton,empty
City,844,clanton,cl$anton
City,846,clanton,empty
City,847,clanton,cl#anton@@
City,850,clanton,empty
City,852,clanton,empty
City,854,hamilton,hami$lton
City,866,hamilton,empty
City,871,hamilton,empty
City,873,hamilton,empty
City,877,hamilton,empty
City,878,fayette,empty
City,885,fayette,empty
City,887,fayette,empty
City,892,fayette,empty
City,894,fayette,faye@@tte
City,897,fayette,empty
City,902,fayette,empty
City,903,gadsden,gads%den
City,905,gadsden,empty
City,907,gadsden,empty
City,908,gadsden,empty
City,913,gadsden,gad#sden
City,926,gadsden,gadsd@@en
City,930,gadsden,empty
City,931,georgiana,geo??rgiana
City,934,georgiana,empty
City,941,georgiana,empty
City,944,georgiana,georgian@@a
City,949,georgiana,georgi@@ana
City,951,georgiana,empty
City,953,georgiana,@@georg#iana
City,954,georgiana,empty
City,965,enterprise,empty
City,973,enterprise,empty
City,975,enterprise,empty
City,978,enterprise,empty
City,980,enterprise,empty
City,986,oneonta,one??onta
City,988,oneonta,empty
City,996,oneonta,empty
City,999,oneonta,empty
State,7,al,empty
State,13,al,empty
State,15,al,empty
State,16,al,#$al
State,17,al,empty
State,18,al,empty
State,19,al,empty
State,24,al,empty
State,26,al,empty
State,43,al,empty
State,46,al,empty
State,47,al,empty
State,55,al,empty
State,56,al,empty
State,59,al,empty
State,65,al,empty
State,66,al,empty
State,67,al,a#l
State,70,al,empty
State,73,al,empty
State,74,al,empty
State,76,al,empty
State,80,al,empty
State,86,al,empty
State,87,al,empty
State,89,al,empty
State,90,al,empty
State,96,al,empty
State,105,al,empty
State,106,al,empty
State,109,al,a#l
State,110,al,empty
State,111,al,empty
State,114,al,empty
State,121,al,empty
State,123,al,empty
State,131,al,????al
State,132,al,empty
State,133,al,empty
State,134,al,$??al
State,138,al,empty
State,141,al,empty
State,148,al,empty
State,149,al,empty
State,150,al,empty
State,155,al,empty
State,156,al,empty
State,173,al,a@@l
State,174,al,empty
State,177,al,al$
State,182,al,empty
State,183,al,empty
State,184,al,empty
State,201,al,empty
State,204,al,empty
State,207,al,al@@$
State,209,al,empty
State,214,al,a%l
State,217,al,a@@@@l
State,222,al,empty
State,224,al,empty
State,225,al,$al
State,227,al,empty
State,240,al,empty
State,251,al,empty
State,254,al,empty
State,255,al,empty
State,275,al,empty
State,301,al,empty
State,313,al,??$al
State,318,al,empty
State,319,al,a%l
State,327,al,al$??
State,341,al,empty
State,354,al,empty
State,356,al,empty
State,358,al,empty
State,359,al,empty
State,365,al,al??%
State,367,al,empty
State,371,al,al??
State,377,al,@@a@@l
State,388,al,#al
State,394,al,empty
State,405,al,a??l
State,407,al,empty
State,411,al,empty
State,414,al,empty
State,419,al,empty
State,429,al,empty
State,430,al,empty
State,431,al,empty
State,433,ak,empty
State,438,ak,%ak
State,446,ak,empty
State,455,al,??a%l
State,469,al,empty
State,470,al,a@@l
State,475,al,empty
State,477,al,empty
State,488,al,empty
State,490,al,empty
State,495,al,empty
State,497,al,empty
State,500,al,??a??l
State,506,al,empty
State,510,al,empty
State,512,al,a$l??
State,515,al,empty
State,517,al,al#
State,518,al,empty
State,519,al,empty
State,522,al,empty
State,525,al,#al
State,528,al,empty
State,531,al,empty
State,544,al,empty
State,561,al,empty
State,569,al,?$?al
State,586,al,empty
State,591,al,empty
State,595,al,%al
State,611,al,empty
State,612,al,a#l@@
State,616,al,empty
State,617,al,empty
State,621,al,??a??l
State,622,al,empty
State,629,al,empty
State,636,al,$a??l
State,643,al,empty
State,647,al,a%@@l
State,650,al,empty
State,658,al,empty
State,668,al,empty
State,676,al,a#l
State,680,al,a#l
State,682,al,a%l
State,691,al,empty
State,697,al,empty
State,698,al,empty
State,701,al,empty
State,704,al,?%?al
State,705,al,empty
State,706,al,empty
State,717,al,a$l
State,719,al,empty
State,720,al,#al
State,729,al,empty
State,735,al,a@@$l
State,747,al,empty
State,748,al,a#l
State,758,al,a%l??
State,768,al,empty
State,770,al,#al
State,774,al,empty
State,798,al,??a%l
State,802,al,empty
State,803,al,empty
State,808,al,empty
State,814,al,empty
State,819,al,@@al
State,842,al,empty
State,845,al,empty
State,849,al,empty
State,874,al,empty
State,893,al,empty
State,896,al,al#??
State,904,al,a#l
State,913,al,empty
State,923,al,a@@??l
State,924,al,empty
State,934,al,empty
State,939,al,empty
State,941,al,empty
State,966,al,empty
State,967,al,empty
State,969,al,%a@@l
State,976,al,empty
State,981,al,empty
State,982,al,empty
State,989,al,empty
State,997,al,a%l%
State,998,al,al#
ZipCode,9,35660,empty
ZipCode,13,35660,empty
ZipCode,21,36302,empty
ZipCode,23,36302,empty
ZipCode,25,36302,empty
ZipCode,28,36302,199583.25990143215
ZipCode,33,36302,empty
ZipCode,36,36302,empty
ZipCode,43,36302,empty
ZipCode,45,35957,186264.07770603668
ZipCode,48,35957,empty
ZipCode,50,35957,empty
ZipCode,53,35957,empty
ZipCode,59,35957,empty
ZipCode,70,35631,empty
ZipCode,79,35631,128903.32768196096
ZipCode,81,35631,empty
ZipCode,87,35631,empty
ZipCode,92,35631,empty
ZipCode,93,35631,empty
ZipCode,94,35631,empty
ZipCode,107,36467,172112.49400749322
ZipCode,109,36467,empty
ZipCode,110,36467,154972.29684701105
ZipCode,114,36467,empty
ZipCode,115,36467,empty
ZipCode,118,36467,empty
ZipCode,125,36049,empty
ZipCode,126,36049,empty
ZipCode,128,36049,empty
ZipCode,133,36049,empty
ZipCode,136,36049,empty
ZipCode,139,36049,empty
ZipCode,140,36049,empty
ZipCode,142,36049,empty
ZipCode,144,36049,202231.39517254775
ZipCode,146,35640,empty
ZipCode,150,35640,empty
ZipCode,153,35640,empty
ZipCode,158,35640,empty
ZipCode,159,35640,empty
ZipCode,162,35640,empty
ZipCode,164,35640,empty
ZipCode,178,35976,empty
ZipCode,193,35976,empty
ZipCode,194,35976,empty
ZipCode,207,35235,empty
ZipCode,210,35235,111929.85112549536
ZipCode,214,35235,182309.51921957848
ZipCode,215,35235,189375.5113997244
ZipCode,220,35968,empty
ZipCode,221,35968,empty
ZipCode,222,35968,168283.52808838332
ZipCode,225,35968,122447.44961725733
ZipCode,229,35968,empty
ZipCode,232,35968,empty
ZipCode,241,35968,empty
ZipCode,243,35968,empty
ZipCode,244,35968,empty
ZipCode,248,36784,empty
ZipCode,252,36784,empty
ZipCode,260,36784,empty
ZipCode,261,36784,empty
ZipCode,263,36784,empty
ZipCode,267,36784,136665.31004148658
ZipCode,270,35007,160256.85479997352
ZipCode,274,35007,empty
ZipCode,275,35007,empty
ZipCode,276,35007,155831.159651778
ZipCode,285,35007,177410.7285180262
ZipCode,286,35007,empty
ZipCode,287,35007,167130.31898507557
ZipCode,291,35007,empty
ZipCode,302,35233,empty
ZipCode,304,35233,145286.0203260955
ZipCode,306,35233,empty
ZipCode,307,35233,empty
ZipCode,317,36201,empty
ZipCode,318,36201,empty
ZipCode,322,36201,140648.33187643034
ZipCode,344,36305,empty
ZipCode,346,36305,139599.6961952914
ZipCode,349,35205,164947.77866536626
ZipCode,351,35205,empty
ZipCode,357,35594,empty
ZipCode,359,35594,empty
ZipCode,360,35594,134985.04678284077
ZipCode,361,35594,empty
ZipCode,366,35594,empty
ZipCode,367,35594,empty
ZipCode,371,35594,empty
ZipCode,375,35594,empty
ZipCode,376,35594,empty
ZipCode,378,35594,empty
ZipCode,384,36617,193411.26839576924
ZipCode,389,36617,120656.60007129384
ZipCode,390,36617,117002.78434498004
ZipCode,391,36617,154676.59991566665
ZipCode,392,36617,empty
ZipCode,394,36067,empty
ZipCode,396,36067,empty
ZipCode,398,36067,empty
ZipCode,399,36067,empty
ZipCode,403,36067,empty
ZipCode,420,35150,empty
ZipCode,421,35150,empty
ZipCode,424,35150,empty
ZipCode,426,35150,empty
ZipCode,444,99508,empty
ZipCode,445,99508,empty
ZipCode,450,99508,empty
ZipCode,454,35660,empty
ZipCode,457,35660,empty
ZipCode,461,35660,empty
ZipCode,463,35660,142726.55677297537
ZipCode,464,35660,empty
ZipCode,465,35660,empty
ZipCode,474,36360,152388.24926293807
ZipCode,495,35960,empty
ZipCode,497,35960,empty
ZipCode,499,35960,empty
ZipCode,506,35960,122823.55765035145
ZipCode,512,35960,empty
ZipCode,514,35960,empty
ZipCode,521,36116,159048.67520760826
ZipCode,524,36116,116356.99304415904
ZipCode,531,36116,empty
ZipCode,533,36116,211170.6138304627
ZipCode,537,36116,167054.1789892111
ZipCode,540,36116,empty
ZipCode,550,36106,empty
ZipCode,551,36106,empty
ZipCode,556,36106,empty
ZipCode,558,36106,empty
ZipCode,567,36854,empty
ZipCode,569,36854,empty
ZipCode,572,36854,empty
ZipCode,573,36854,empty
ZipCode,575,36854,empty
ZipCode,593,36323,154411.9512134129
ZipCode,598,36323,141858.13187488736
ZipCode,602,36323,empty
ZipCode,609,36323,empty
ZipCode,611,36323,empty
ZipCode,622,36801,empty
ZipCode,633,36801,198113.5681649136
ZipCode,634,36801,empty
ZipCode,635,36801,empty
ZipCode,636,36801,125887.67715361233
ZipCode,639,36801,empty
ZipCode,640,36801,131109.44246499377
ZipCode,644,36278,empty
ZipCode,663,36278,166608.20287030752
ZipCode,664,36278,198691.0309048403
ZipCode,666,36278,empty
ZipCode,669,35233,empty
ZipCode,671,35233,empty
ZipCode,673,35233,empty
ZipCode,674,35233,empty
ZipCode,678,35233,empty
ZipCode,685,35233,empty
ZipCode,688,35233,empty
ZipCode,694,36078,empty
ZipCode,696,36078,184422.50741852145
ZipCode,705,36078,empty
ZipCode,707,36078,empty
ZipCode,711,36078,140475.65511108944
ZipCode,716,36078,empty
ZipCode,726,35058,131098.26669939896
ZipCode,731,35058,empty
ZipCode,732,35058,empty
ZipCode,733,35058,empty
ZipCode,741,35058,empty
ZipCode,745,36420,162265.7202198503
ZipCode,746,36420,empty
ZipCode,751,36420,173236.12684951047
ZipCode,759,36420,empty
ZipCode,760,36420,215893.5641484861
ZipCode,761,36420,178985.14077811298
ZipCode,766,36420,203355.6907017324
ZipCode,771,36201,empty
ZipCode,773,36201,empty
ZipCode,780,35801,132801.7038753029
ZipCode,789,35801,124210.71385874072
ZipCode,792,35801,empty
ZipCode,799,35801,empty
ZipCode,805,35903,empty
ZipCode,807,35903,136560.3763375542
ZipCode,817,35903,empty
ZipCode,826,35903,empty
ZipCode,830,35045,empty
ZipCode,835,35045,empty
ZipCode,840,35045,empty
ZipCode,850,35045,empty
ZipCode,856,35570,171021.99742455955
ZipCode,861,35570,empty
ZipCode,868,35570,empty
ZipCode,871,35570,162746.22363996823
ZipCode,874,35570,empty
ZipCode,875,35570,empty
ZipCode,881,35555,empty
ZipCode,882,35555,140355.1688950757
ZipCode,896,35555,empty
ZipCode,898,35555,empty
ZipCode,901,35555,empty
ZipCode,905,35901,168946.0004770209
ZipCode,907,35901,empty
ZipCode,913,35901,empty
ZipCode,915,35901,empty
ZipCode,919,35901,155897.94246531624
ZipCode,920,35901,empty
ZipCode,921,35901,empty
ZipCode,922,35901,empty
ZipCode,927,35901,118843.48137285069
ZipCode,929,35901,182674.97557814707
ZipCode,934,36033,empty
ZipCode,935,36033,130590.6156064494
ZipCode,936,36033,114149.6938036616
ZipCode,944,36033,empty
ZipCode,949,36033,empty
ZipCode,952,36033,empty
ZipCode,962,36330,117938.19455380725
ZipCode,964,36330,empty
ZipCode,966,36330,empty
ZipCode,971,36330,empty
ZipCode,974,36330,empty
ZipCode,977,36330,empty
ZipCode,980,36330,empty
ZipCode,981,35121,empty
ZipCode,986,35121,155054.28859326025
ZipCode,988,35121,empty
ZipCode,990,35121,empty
ZipCode,991,35121,empty
ZipCode,992,35121,empty
ZipCode,993,35121,empty
ZipCode,997,35121,empty
CountyName,4,jefferson,jeffer$son
CountyName,14,jefferson,empty
CountyName,15,jefferson,empty
CountyName,19,jefferson,empty
CountyName,25,houston,empty
CountyName,26,houston,empty
CountyName,30,houston,empty
CountyName,33,houston,empty
CountyName,46,marshall,empty
CountyName,47,marshall,marshall??
CountyName,55,marshall,empty
CountyName,56,marshall,empty
CountyName,74,lauderdale,@@lauderdale
CountyName,76,lauderdale,empty
CountyName,77,lauderdale,la%ude#rdale
CountyName,79,lauderdale,empty
CountyName,83,lauderdale,empty
CountyName,86,lauderdale,empty
CountyName,98,covington,empty
CountyName,105,covington,empty
CountyName,109,covington,c$ovi%ngton
CountyName,110,covington,empty
CountyName,116,covington,??covingt??on
CountyName,136,crenshaw,empty
CountyName,140,crenshaw,empty
CountyName,142,crenshaw,empty
CountyName,146,morgan,??morgan
CountyName,147,morgan,morg??an$
CountyName,148,morgan,empty
CountyName,149,morgan,empty
CountyName,158,morgan,empty
CountyName,161,morgan,morgan??
CountyName,165,morgan,empty
CountyName,167,morgan,empty
CountyName,170,marshall,empty
CountyName,175,marshall,marsh$all
CountyName,182,marshall,marsha@@l#l
CountyName,184,marshall,empty
CountyName,186,marshall,mar@@shall
CountyName,191,marshall,empty
CountyName,197,jefferson,empty
CountyName,198,jefferson,empty
CountyName,206,jefferson,empty
CountyName,218,jefferson,empty
CountyName,219,jefferson,empty
CountyName,223,de kalb,empty
CountyName,226,de kalb,empty
CountyName,227,de kalb,empty
CountyName,228,de kalb,de# kalb
CountyName,232,de kalb,empty
CountyName,235,de kalb,de #kalb
CountyName,239,de kalb,empty
CountyName,251,clarke,empty
CountyName,262,clarke,clarke@@@@
CountyName,264,clarke,empty
CountyName,281,shelby,empty
CountyName,284,shelby,shelb@@y
CountyName,285,shelby,empty
CountyName,289,shelby,empty
CountyName,292,shelby,empty
CountyName,298,jefferson,empty
CountyName,305,jefferson,empty
CountyName,309,jefferson,jeffers#on
CountyName,315,calhoun,empty
CountyName,321,calhoun,empty
CountyName,323,calhoun,empty
CountyName,324,calhoun,empty
CountyName,330,calhoun,empty
CountyName,331,calhoun,empty
CountyName,332,houston,empty
CountyName,338,houston,empty
CountyName,341,houston,empty
CountyName,348,houston,empty
CountyName,352,jefferson,empty
CountyName,354,morgan,empty
CountyName,358,marion,empty
CountyName,364,marion,empty
CountyName,368,marion,empty
CountyName,379,marion,@@mari%on
CountyName,391,mobile,empty
CountyName,403,autauga,empty
CountyName,418,talladega,empty
CountyName,429,talladega,empty
CountyName,434,anchorage,anchorage@@
CountyName,435,anchorage,empty
CountyName,436,anchorage,??anchorage#
CountyName,449,anchorage,empty
CountyName,450,anchorage,empty
CountyName,453,jefferson,empty
CountyName,458,jefferson,empty
CountyName,459,jefferson,empty
CountyName,462,jefferson,empty
CountyName,467,dale,empty
CountyName,468,dale,empty
CountyName,472,dale,empty
CountyName,479,dale,empty
CountyName,483,dale,empty
CountyName,486,dale,empty
CountyName,487,dale,empty
CountyName,491,dale,empty
CountyName,494,cherokee,empty
CountyName,499,cherokee,cherok@@ee
CountyName,506,cherokee,empty
CountyName,507,cherokee,chero%kee
CountyName,513,cherokee,empty
CountyName,517,montgomery,empty
CountyName,520,montgomery,empty
CountyName,524,montgomery,mont$%gomery
CountyName,529,montgomery,empty
CountyName,534,montgomery,empty
CountyName,542,montgomery,empty
CountyName,543,montgomery,empty
CountyName,546,montgomery,empty
CountyName,553,montgomery,montg%ome??ry
CountyName,560,montgomery,empty
CountyName,561,montgomery,mo#n%tgomery
CountyName,566,montgomery,empty
CountyName,567,chambers,empty
CountyName,570,chambers,chamb#ers
CountyName,581,chambers,empty
CountyName,583,chambers,empty
CountyName,603,coffee,empty
CountyName,607,coffee,empty
CountyName,613,coffee,empty
CountyName,617,lee,empty
CountyName,624,lee,empty
CountyName,626,lee,empty
CountyName,629,lee,empty
CountyName,636,lee,empty
CountyName,643,randolph,empty
CountyName,646,randolph,empty
CountyName,653,randolph,empty
CountyName,657,randolph,$randolph
CountyName,661,randolph,randol@@ph
CountyName,664,randolph,rand#ol#ph
CountyName,666,randolph,empty
CountyName,671,jefferson,empty
CountyName,689,jefferson,empty
CountyName,693,elmore,empty
CountyName,696,elmore,empty
CountyName,700,elmore,empty
CountyName,704,elmore,empty
CountyName,711,elmore,empty
CountyName,713,elmore,empty
CountyName,717,cullman,empty
CountyName,729,cullman,c$ullman
CountyName,748,covington,empty
CountyName,750,covington,empty
CountyName,752,covington,empty
CountyName,754,covington,empty
CountyName,760,covington,cov#ington
CountyName,774,calhoun,calho%un
CountyName,781,madison,empty
CountyName,785,madison,empty
CountyName,786,madison,empty
CountyName,789,madison,empty
CountyName,794,madison,empty
CountyName,796,madison,empty
CountyName,797,madison,empty
CountyName,798,madison,madison%
CountyName,800,madison,madi#son
CountyName,801,madison,m#adi%son
CountyName,807,etowah,empty
CountyName,813,etowah,empty
CountyName,817,etowah,empty
CountyName,819,etowah,empty
CountyName,820,etowah,empty
CountyName,831,chilton,empty
CountyName,832,chilton,empty
CountyName,835,chilton,empty
CountyName,836,chilton,empty
CountyName,837,chilton,empty
CountyName,839,chilton,empty
CountyName,841,chilton,empty
CountyName,847,chilton,empty
CountyName,848,chilton,empty
CountyName,861,marion,empty
CountyName,862,marion,empty
CountyName,869,marion,empty
CountyName,881,fayette,empty
CountyName,887,fayette,empty
CountyName,898,fayette,empty
CountyName,899,fayette,empty
CountyName,903,etowah,empty
CountyName,912,etowah,empty
CountyName,918,etowah,??etowah
CountyName,919,etowah,empty
CountyName,932,butler,butler??#
CountyName,935,butler,empty
CountyName,936,butler,#butler
CountyName,956,coffee,empty
CountyName,964,coffee,empty
CountyName,966,coffee,empty
CountyName,979,coffee,empty
CountyName,992,blount,empty
CountyName,996,blount,blo#??unt
CountyName,997,blount,bloun??%t
CountyName,999,blount,empty
PhoneNumber,1,2053258100,empty
PhoneNumber,3,2053258100,empty
PhoneNumber,8,2053258100,empty
PhoneNumber,12,2563864556,empty
PhoneNumber,16,2563864556,10920409690.472076
PhoneNumber,35,3347938701,empty
PhoneNumber,39,3347938701,empty
PhoneNumber,41,3347938701,empty
PhoneNumber,43,3347938701,empty
PhoneNumber,46,2565938310,12546879760.678885
PhoneNumber,48,2565938310,empty
PhoneNumber,50,2565938310,empty
PhoneNumber,61,2565938310,9058860654.051435
PhoneNumber,67,2565938310,10126838371.954197
PhoneNumber,83,2567688400,11710802819.111628
PhoneNumber,84,2567688400,10591796728.314745
PhoneNumber,95,3344933541,empty
PhoneNumber,111,3344933541,empty
PhoneNumber,112,3344933541,14197829608.792614
PhoneNumber,122,3343353374,empty
PhoneNumber,127,3343353374,13063678437.060432
PhoneNumber,128,3343353374,empty
PhoneNumber,142,3343353374,empty
PhoneNumber,143,3343353374,empty
PhoneNumber,158,2567736511,empty
PhoneNumber,164,2567736511,15264952434.337011
PhoneNumber,170,2565718000,empty
PhoneNumber,174,2565718000,empty
PhoneNumber,183,2565718000,9396629740.269508
PhoneNumber,185,2565718000,13261677137.43924
PhoneNumber,187,2565718000,12232071378.63282
PhoneNumber,193,2565718000,9205316445.989143
PhoneNumber,202,2058383122,9480872804.51068
PhoneNumber,203,2058383122,empty
PhoneNumber,212,2058383122,empty
PhoneNumber,213,2058383122,empty
PhoneNumber,215,2058383122,empty
PhoneNumber,217,2058383122,empty
PhoneNumber,219,2058383122,6978602037.0524
PhoneNumber,232,2568453150,empty
PhoneNumber,240,2568453150,empty
PhoneNumber,241,2568453150,11803936531.756958
PhoneNumber,248,3346366221,empty
PhoneNumber,250,3346366221,empty
PhoneNumber,270,2056208100,7162898144.551702
PhoneNumber,279,2056208100,9534497172.891056
PhoneNumber,282,2056208100,empty
PhoneNumber,287,2056208100,empty
PhoneNumber,300,2053258100,empty
PhoneNumber,315,2562358900,empty
PhoneNumber,322,2562358900,empty
PhoneNumber,323,2562358900,empty
PhoneNumber,330,2562358900,empty
PhoneNumber,340,3347935000,empty
PhoneNumber,341,3347935000,empty
PhoneNumber,346,3347935000,12236059021.003143
PhoneNumber,353,2059397000,11269670787.532032
PhoneNumber,356,2054877736,empty
PhoneNumber,359,2054877736,8759631921.02158
PhoneNumber,370,2054877736,empty
PhoneNumber,371,2054877736,empty
PhoneNumber,381,2514717110,empty
PhoneNumber,383,2514717110,empty
PhoneNumber,388,2514717110,10188717527.391384
PhoneNumber,400,3343614267,18855188031.7945
PhoneNumber,403,3343614267,empty
PhoneNumber,404,3343614267,empty
PhoneNumber,414,2563321611,14674778335.929276
PhoneNumber,418,2562495000,empty
PhoneNumber,424,2562495000,empty
PhoneNumber,426,2562495000,empty
PhoneNumber,441,9072761131,empty
PhoneNumber,444,9072761131,empty
PhoneNumber,447,9072761131,empty
PhoneNumber,452,9075436300,empty
PhoneNumber,453,2563864556,empty
PhoneNumber,455,2563864556,empty
PhoneNumber,460,2563864556,12138854420.723616
PhoneNumber,466,2563864556,empty
PhoneNumber,468,3347742601,13760829727.522911
PhoneNumber,476,3347742601,empty
PhoneNumber,477,3347742601,empty
PhoneNumber,479,3347742601,15126704317.080357
PhoneNumber,486,3347742601,empty
PhoneNumber,494,2569275531,15044580557.51499
PhoneNumber,502,2569275531,12724423507.820229
PhoneNumber,508,2569275531,empty
PhoneNumber,525,3342882100,19546992336.63179
PhoneNumber,527,3342882100,empty
PhoneNumber,531,3342882100,empty
PhoneNumber,540,3342882100,empty
PhoneNumber,545,3342938000,empty
PhoneNumber,546,3342938000,18648085247.6056
PhoneNumber,547,3342938000,empty
PhoneNumber,552,3342938000,empty
PhoneNumber,557,3342938000,15698139797.84246
PhoneNumber,572,3347561400,empty
PhoneNumber,574,3347561400,empty
PhoneNumber,575,3347561400,empty
PhoneNumber,576,3347561400,empty
PhoneNumber,578,3347561400,empty
PhoneNumber,602,3348972257,19824418385.561356
PhoneNumber,621,3347493411,empty
PhoneNumber,625,3347493411,empty
PhoneNumber,626,3347493411,empty
PhoneNumber,629,3347493411,empty
PhoneNumber,633,3347493411,empty
PhoneNumber,644,2563572111,empty
PhoneNumber,645,2563572111,empty
PhoneNumber,646,2563572111,12861180868.712442
PhoneNumber,649,2563572111,empty
PhoneNumber,650,2563572111,11747651569.339376
PhoneNumber,651,2563572111,empty
PhoneNumber,654,2563572111,10699574793.140228
PhoneNumber,661,2563572111,empty
PhoneNumber,666,2563572111,empty
PhoneNumber,670,2059344011,empty
PhoneNumber,671,2059344011,empty
PhoneNumber,675,2059344011,9344334246.34513
PhoneNumber,677,2059344011,11309004078.88469
PhoneNumber,684,2059344011,7204683857.391859
PhoneNumber,689,2059344011,empty
PhoneNumber,699,3342836541,empty
PhoneNumber,703,3342836541,empty
PhoneNumber,706,3342836541,empty
PhoneNumber,713,3342836541,13795487866.55556
PhoneNumber,714,3342836541,11607309227.983809
PhoneNumber,718,2567372000,empty
PhoneNumber,719,2567372000,9111190468.346231
PhoneNumber,729,2567372000,8419603260.152233
PhoneNumber,730,2567372000,8054775633.164179
PhoneNumber,731,2567372000,empty
PhoneNumber,732,2567372000,empty
PhoneNumber,734,2567372000,empty
PhoneNumber,737,2567372000,empty
PhoneNumber,739,2567372000,14494036702.126274
PhoneNumber,744,3342228466,10270062339.53334
PhoneNumber,750,3342228466,empty
PhoneNumber,758,3342228466,empty
PhoneNumber,770,2562358900,empty
PhoneNumber,775,2562651000,empty
PhoneNumber,778,2562651000,empty
PhoneNumber,793,2562651000,empty
PhoneNumber,795,2562651000,empty
PhoneNumber,797,2562651000,empty
PhoneNumber,800,2562651000,empty
PhoneNumber,803,2564944000,empty
PhoneNumber,811,2564944000,11018167306.313456
PhoneNumber,816,2564944000,8949202423.271393
PhoneNumber,825,2564944000,empty
PhoneNumber,827,2564944000,empty
PhoneNumber,833,2057552500,empty
PhoneNumber,835,2057552500,empty
PhoneNumber,842,2057552500,empty
PhoneNumber,851,2057552500,empty
PhoneNumber,852,2057552500,empty
PhoneNumber,854,2059216200,8182392639.598175
PhoneNumber,858,2059216200,10935281093.162254
PhoneNumber,861,2059216200,empty
PhoneNumber,863,2059216200,11146749394.620049
PhoneNumber,872,2059216200,empty
PhoneNumber,873,2059216200,empty
PhoneNumber,877,2059216200,empty
PhoneNumber,886,2059325966,7278398246.719473
PhoneNumber,889,2059325966,empty
PhoneNumber,899,2059325966,empty
PhoneNumber,904,2565435200,empty
PhoneNumber,906,2565435200,14372631162.574156
PhoneNumber,907,2565435200,9340202468.187756
PhoneNumber,917,2565435200,empty
PhoneNumber,925,2565435200,empty
PhoneNumber,929,2565435200,empty
PhoneNumber,930,2565435200,empty
PhoneNumber,931,3343762205,empty
PhoneNumber,939,3343762205,empty
PhoneNumber,943,3343762205,empty
PhoneNumber,953,3343762205,empty
PhoneNumber,955,3343762205,empty
PhoneNumber,958,3343470584,empty
PhoneNumber,960,3343470584,empty
PhoneNumber,962,3343470584,empty
PhoneNumber,965,3343470584,empty
PhoneNumber,970,3343470584,empty
PhoneNumber,982,2052743000,empty
PhoneNumber,988,2052743000,empty
PhoneNumber,998,2052743000,empty
HospitalType,3,acute care hospitals,empty
HospitalType,5,acute care hospitals,empty
HospitalType,10,acute care hospitals,empty
HospitalType,12,acute care hospitals,empty
HospitalType,15,acute care hospitals,acute care ??hospital%s
HospitalType,17,acute care hospitals,empty
HospitalType,19,acute care hospitals,empty
HospitalType,32,acute care hospitals,acute care @@hos??pitals
HospitalType,46,acute care hospitals,empty
HospitalType,47,acute care hospitals,empty
HospitalType,57,acute care hospitals,acute ca%re hospital%s
HospitalType,62,acute care hospitals,empty
HospitalType,67,acute care hospitals,acut@@e c$are hospitals
HospitalType,69,acute care hospitals,acute care #hospitals
HospitalType,70,acute care hospitals,empty
HospitalType,72,acute care hospitals,empty
HospitalType,81,acute care hospitals,acute care hospi@@tals
HospitalType,85,acute care hospitals,empty
HospitalType,93,acute care hospitals,empty
HospitalType,94,acute care hospitals,empty
HospitalType,107,acute care hospitals,empty
HospitalType,108,acute care hospitals,empty
HospitalType,128,acute care hospitals,empty
HospitalType,134,acute care hospitals,empty
HospitalType,142,acute care hospitals,a#cute care ho#spitals
HospitalType,149,acute care hospitals,empty
HospitalType,154,acute care hospitals,empty
HospitalType,158,acute care hospitals,empty
HospitalType,159,acute care hospitals,empty
HospitalType,166,acute care hospitals,empty
HospitalType,169,acute care hospitals,empty
HospitalType,170,acute care hospitals,empty
HospitalType,186,acute care hospitals,empty
HospitalType,188,acute care hospitals,empty
HospitalType,194,acute care hospitals,empty
HospitalType,198,acute care hospitals,empty
HospitalType,200,acute care hospitals,empty
HospitalType,204,acute care hospitals,empty
HospitalType,211,acute care hospitals,empty
HospitalType,218,acute care hospitals,empty
HospitalType,220,acute care hospitals,empty
HospitalType,224,acute care hospitals,empty
HospitalType,228,acute care hospitals,a@@cu@@te care hospitals
HospitalType,229,acute care hospitals,empty
HospitalType,233,acute care hospitals,empty
HospitalType,234,acute care hospitals,empty
HospitalType,236,acute care hospitals,acute care hospitals??
HospitalType,242,acute care hospitals,empty
HospitalType,243,acute care hospitals,empty
HospitalType,254,acute care hospitals,empty
HospitalType,259,acute care hospitals,empty
HospitalType,265,acute care hospitals,empty
HospitalType,270,acute care hospitals,empty
HospitalType,279,acute care hospitals,empty
HospitalType,285,acute care hospitals,empty
HospitalType,289,acute care hospitals,empty
HospitalType,290,acute care hospitals,empty
HospitalType,293,acute care hospitals,empty
HospitalType,306,acute care hospitals,empty
HospitalType,307,acute care hospitals,a@@cute care hosp@@itals
HospitalType,308,acute care hospitals,empty
HospitalType,312,acute care hospitals,empty
HospitalType,314,acute care hospitals,empty
HospitalType,316,acute care hospitals,empty
HospitalType,318,acute care hospitals,empty
HospitalType,319,acute care hospitals,empty
HospitalType,324,acute care hospitals,empty
HospitalType,327,acute care hospitals,empty
HospitalType,334,acute care hospitals,empty
HospitalType,343,acute care hospitals,empty
HospitalType,344,acute care hospitals,empty
HospitalType,348,acute care hospitals,empty
HospitalType,352,acute care hospitals,empty
HospitalType,367,acute care hospitals,empty
HospitalType,368,acute care hospitals,empty
HospitalType,372,acute care hospitals,empty
HospitalType,382,acute care hospitals,a%cute care hospitals
HospitalType,383,acute care hospitals,acut??e care hospitals
HospitalType,387,acute care hospitals,acut??@@e care hospitals
HospitalType,388,acute care hospitals,acut#e care h??ospitals
HospitalType,389,acute care hospitals,empty
HospitalType,394,acute care hospitals,empty
HospitalType,396,acute care hospitals,empty
HospitalType,403,acute care hospitals,a$cute care?? hospitals
HospitalType,405,acute care hospitals,empty
HospitalType,421,acute care hospitals,acut@@e care hospitals
HospitalType,435,acute care hospitals,empty
HospitalType,436,acute care hospitals,empty
HospitalType,440,acute care hospitals,empty
HospitalType,441,acute care hospitals,acute care hospita%ls
HospitalType,445,acute care hospitals,empty
HospitalType,457,acute care hospitals,empty
HospitalType,458,acute care hospitals,empty
HospitalType,459,acute care hospitals,empty
HospitalType,464,acute care hospitals,empty
HospitalType,476,acute care hospitals,empty
HospitalType,478,acute care hospitals,empty
HospitalType,479,acute care hospitals,empty
HospitalType,484,acute care hospitals,acute care hospital$s
HospitalType,488,acute care hospitals,empty
HospitalType,490,acute care hospitals,empty
HospitalType,491,acute care hospitals,empty
HospitalType,492,acute care hospitals,empty
HospitalType,498,acute care hospitals,empty
HospitalType,499,acute care hospitals,acute care?? hospitals
HospitalType,503,acute care hospitals,a??cute care hospitals
HospitalType,520,acute care hospitals,empty
HospitalType,526,acute care hospitals,acute care$ hospitals
HospitalType,530,acute care hospitals,empty
HospitalType,537,acute care hospitals,empty
HospitalType,539,acute care hospitals,empty
HospitalType,541,acute care hospitals,empty
HospitalType,553,acute care hospitals,empty
HospitalType,555,acute care hospitals,empty
HospitalType,556,acute care hospitals,empty
HospitalType,560,acute care hospitals,empty
HospitalType,563,acute care hospitals,empty
HospitalType,564,acute care hospitals,empty
HospitalType,565,acute care hospitals,acute c@@are hospitals
HospitalType,566,acute care hospitals,a??cute care hospitals
HospitalType,571,acute care hospitals,acute care# hospitals
HospitalType,573,acute care hospitals,empty
HospitalType,594,acute care hospitals,empty
HospitalType,595,acute care hospitals,empty
HospitalType,603,acute care hospitals,empty
HospitalType,609,acute care hospitals,empty
HospitalType,615,acute care hospitals,empty
HospitalType,618,acute care hospitals,empty
HospitalType,626,acute care hospitals,acute care hos@@pit??als
HospitalType,634,acute care hospitals,empty
HospitalType,650,acute care hospitals,empty
HospitalType,651,acute care hospitals,empty
HospitalType,654,acute care hospitals,empty
HospitalType,657,acute care hospitals,empty
HospitalType,664,acute care hospitals,empty
HospitalType,669,acute care hospitals,acute?? care hospitals
HospitalType,671,acute care hospitals,empty
HospitalType,673,acute care hospitals,acute care %hosp#itals
HospitalType,676,acute care hospitals,empty
HospitalType,677,acute care hospitals,ac$ute care hospitals
HospitalType,680,acute care hospitals,empty
HospitalType,681,acute care hospitals,empty
HospitalType,685,acute care hospitals,empty
HospitalType,689,acute care hospitals,empty
HospitalType,693,acute care hospitals,acute care hospitals??
HospitalType,697,acute care hospitals,acute care$ ho??spitals
HospitalType,701,acute care hospitals,empty
HospitalType,704,acute care hospitals,$acute care hospitals
HospitalType,708,acute care hospitals,empty
HospitalType,709,acute care hospitals,empty
HospitalType,711,acute care hospitals,empty
HospitalType,717,acute care hospitals,empty
HospitalType,720,acute care hospitals,empty
HospitalType,723,acute care hospitals,empty
HospitalType,732,acute care hospitals,empty
HospitalType,739,acute care hospitals,empty
HospitalType,740,acute care hospitals,empty
HospitalType,742,acute care hospitals,empty
HospitalType,748,acute care hospitals,a#cute care hospitals
HospitalType,751,acute care hospitals,acute care% hos#pitals
HospitalType,753,acute care hospitals,acut#e care hospitals
HospitalType,766,acute care hospitals,empty
HospitalType,769,acute care hospitals,ac@@ut??e care hospitals
HospitalType,773,acute care hospitals,acute care hospital$s$
HospitalType,778,acute care hospitals,acute care hos$pi%tals
HospitalType,781,acute care hospitals,empty
HospitalType,786,acute care hospitals,acute care %hospi@@tals
HospitalType,791,acute care hospitals,empty
HospitalType,795,acute care hospitals,empty
HospitalType,796,acute care hospitals,empty
HospitalType,797,acute care hospitals,empty
HospitalType,800,acute care hospitals,acu$te care hospitals
HospitalType,801,acute care hospitals,empty
HospitalType,813,acute care hospitals,acute care ho#spitals
HospitalType,817,acute care hospitals,empty
HospitalType,819,acute care hospitals,empty
HospitalType,826,acute care hospitals,empty
HospitalType,829,acute care hospitals,empty
HospitalType,840,acute care hospitals,empty
HospitalType,841,acute care hospitals,empty
HospitalType,849,acute care hospitals,empty
HospitalType,852,acute care hospitals,empty
HospitalType,856,acute care hospitals,ac%ute care hospitals
HospitalType,860,acute care hospitals,empty
HospitalType,863,acute care hospitals,empty
HospitalType,868,acute care hospitals,acute $care ho@@spitals
HospitalType,872,acute care hospitals,empty
HospitalType,876,acute care hospitals,empty
HospitalType,889,acute care hospitals,empty
HospitalType,895,acute care hospitals,acute care hosp$itals
HospitalType,904,acute care hospitals,empty
HospitalType,905,acute care hospitals,empty
HospitalType,909,acute care hospitals,acute car$e hospitals
HospitalType,913,acute care hospitals,empty
HospitalType,922,acute care hospitals,acute care% hospitals
HospitalType,930,acute care hospitals,empty
HospitalType,933,acute care hospitals,empty
HospitalType,936,acute care hospitals,empty
HospitalType,939,acute care hospitals,empty
HospitalType,949,acute care hospitals,acut%e care hospital%s
HospitalType,950,acute care hospitals,acute care ho@@spitals
HospitalType,956,acute care hospitals,acute care hospi??tals
HospitalType,959,acute care hospitals,acute care hospit#al??s
HospitalType,962,acute care hospitals,empty
HospitalType,964,acute care hospitals,acute car??e hospitals
HospitalType,967,acute care hospitals,empty
HospitalType,979,acute care hospitals,empty
HospitalType,988,acute care hospitals,empty
HospitalType,990,acute care hospitals,empty
HospitalType,994,acute care hospitals,empty
HospitalType,999,acute care hospitals,empty
HospitalType,1000,acute care hospitals,empty
HospitalOwner,1,voluntary non-profit - private,empty
HospitalOwner,4,voluntary non-profit - private,empty
HospitalOwner,9,government - hospital district or authority,empty
HospitalOwner,10,government - hospital district or authority,empty
HospitalOwner,18,government - hospital district or authority,empty
HospitalOwner,31,government - hospital district or authority,empty
HospitalOwner,35,government - hospital district or authority,empty
HospitalOwner,36,government - hospital district or authority,empty
HospitalOwner,41,government - hospital district or authority,empty
HospitalOwner,43,government - hospital district or authority,go@@vernment - hospital @@district or authority
HospitalOwner,50,government - hospital district or authority,empty
HospitalOwner,58,government - hospital district or authority,government - hospital# district or autho%rity
HospitalOwner,66,government - hospital district or authority,empty
HospitalOwner,69,government - hospital district or authority,g??o??vernment - hospital district or authority
HospitalOwner,71,voluntary non-profit - other,empty
HospitalOwner,78,voluntary non-profit - other,voluntary non-profit - o$??ther
HospitalOwner,79,voluntary non-profit - other,v%oluntary non-prof%it - other
HospitalOwner,82,voluntary non-profit - other,empty
HospitalOwner,87,voluntary non-profit - other,empty
HospitalOwner,91,voluntary non-profit - other,empty
HospitalOwner,95,voluntary non-profit - private,vo#luntary?? non-profit - private
HospitalOwner,96,voluntary non-profit - private,empty
HospitalOwner,103,voluntary non-profit - private,empty
HospitalOwner,108,voluntary non-profit - private,empty
HospitalOwner,109,voluntary non-profit - private,empty
HospitalOwner,111,voluntary non-profit - private,empty
HospitalOwner,114,voluntary non-profit - private,voluntary non-profit - pr#ivate
HospitalOwner,115,voluntary non-profit - private,empty
HospitalOwner,117,voluntary non-profit - private,volunta??ry non-p??rofit - private
HospitalOwner,119,voluntary non-profit - private,empty
HospitalOwner,128,government - federal,empty
HospitalOwner,129,government - federal,empty
HospitalOwner,132,government - federal,governmen$t - federal
HospitalOwner,134,government - federal,empty
HospitalOwner,155,proprietary,pro#prietar$y
HospitalOwner,161,proprietary,empty
HospitalOwner,164,proprietary,empty
HospitalOwner,171,government - hospital district or authority,@@governm$ent - hospital district or authority
HospitalOwner,172,government - hospital district or authority,empty
HospitalOwner,177,government - hospital district or authority,empty
HospitalOwner,183,government - hospital district or authority,empty
HospitalOwner,186,government - hospital district or authority,empty
HospitalOwner,191,government - hospital district or authority,empty
HospitalOwner,199,voluntary non-profit - private,empty
HospitalOwner,202,voluntary non-profit - private,empty
HospitalOwner,203,voluntary non-profit - private,empty
HospitalOwner,214,voluntary non-profit - private,empty
HospitalOwner,226,voluntary non-profit - church,empty
HospitalOwner,234,voluntary non-profit - church,empty
HospitalOwner,243,voluntary non-profit - church,voluntary non-prof#it - c%hurch
HospitalOwner,246,government - federal,empty
HospitalOwner,248,government - federal,govern%ment - federal
HospitalOwner,253,government - federal,empty
HospitalOwner,260,government - federal,gover??nment - federal
HospitalOwner,263,government - federal,empty
HospitalOwner,264,government - federal,empty
HospitalOwner,265,government - federal,%governme%nt - federal
HospitalOwner,266,government - federal,empty
HospitalOwner,270,voluntary non-profit - church,voluntary non-pro%fit - church
HospitalOwner,274,voluntary non-profit - church,empty
HospitalOwner,285,voluntary non-profit - church,empty
HospitalOwner,288,voluntary non-profit - church,vo??luntary non-profit - church
HospitalOwner,295,voluntary non-profit - private,volu$ntary non??-profit - private
HospitalOwner,301,voluntary non-profit - private,voluntary non-pr#ofit - private
HospitalOwner,306,voluntary non-profit - private,empty
HospitalOwner,313,proprietary,empty
HospitalOwner,314,proprietary,empty
HospitalOwner,315,proprietary,p#roprietary
HospitalOwner,317,proprietary,pro%prietary
HospitalOwner,319,proprietary,empty
HospitalOwner,320,proprietary,empty
HospitalOwner,323,proprietary,empty
HospitalOwner,331,proprietary,empty
HospitalOwner,332,proprietary,empty
HospitalOwner,335,proprietary,empty
HospitalOwner,338,proprietary,empty
HospitalOwner,341,proprietary,empty
HospitalOwner,348,proprietary,empty
HospitalOwner,363,proprietary,propri$%etary
HospitalOwner,364,proprietary,empty
HospitalOwner,365,proprietary,empty
HospitalOwner,370,proprietary,empty
HospitalOwner,371,proprietary,empty
HospitalOwner,375,proprietary,empty
HospitalOwner,388,government - state,empty
HospitalOwner,390,government - state,empty
HospitalOwner,392,government - state,empty
HospitalOwner,393,voluntary non-profit - private,empty
HospitalOwner,401,voluntary non-profit - private,empty
HospitalOwner,402,voluntary non-profit - private,empty
HospitalOwner,412,voluntary non-profit - private,empty
HospitalOwner,425,voluntary non-profit - other,empty
HospitalOwner,426,voluntary non-profit - other,empty
HospitalOwner,432,voluntary non-profit - other,empty
HospitalOwner,435,proprietary,empty
HospitalOwner,445,proprietary,propri@@@@etary
HospitalOwner,446,proprietary,pr??oprietary$
HospitalOwner,455,government - hospital district or authority,empty
HospitalOwner,464,government - hospital district or authority,empty
HospitalOwner,465,government - hospital district or authority,empty
HospitalOwner,470,government - hospital district or authority,empty
HospitalOwner,479,government - hospital district or authority,government - hospital district or $authority
HospitalOwner,487,government - hospital district or authority,empty
HospitalOwner,497,voluntary non-profit - private,empty
HospitalOwner,502,voluntary non-profit - private,empty
HospitalOwner,505,voluntary non-profit - private,empty
HospitalOwner,511,voluntary non-profit - private,voluntary non-pr$ofi#t - private
HospitalOwner,515,voluntary non-profit - private,empty
HospitalOwner,527,voluntary non-profit - church,voluntary non-profit - c??hurch
HospitalOwner,538,voluntary non-profit - church,empty
HospitalOwner,542,voluntary non-profit - private,empty
HospitalOwner,544,voluntary non-profit - private,voluntary non@@-profit -% private
HospitalOwner,546,voluntary non-profit - private,empty
HospitalOwner,548,voluntary non-profit - private,empty
HospitalOwner,550,voluntary non-profit - private,empty
HospitalOwner,563,voluntary non-profit - private,empty
HospitalOwner,566,voluntary non-profit - private,empty
HospitalOwner,571,voluntary non-profit - other,empty
HospitalOwner,572,voluntary non-profit - other,empty
HospitalOwner,583,voluntary non-profit - other,empty
HospitalOwner,588,voluntary non-profit - other,empty
HospitalOwner,599,voluntary non-profit - other,empty
HospitalOwner,602,voluntary non-profit - other,empty
HospitalOwner,603,voluntary non-profit - other,voluntary %non-pr??ofit - other
HospitalOwner,606,voluntary non-profit - other,voluntar#y non-profit - other
HospitalOwner,611,voluntary non-profit - other,%voluntary non-profit - other
HospitalOwner,620,government - hospital district or authority,empty
HospitalOwner,624,government - hospital district or authority,empty
HospitalOwner,626,government - hospital district or authority,empty
HospitalOwner,631,government - hospital district or authority,empty
HospitalOwner,633,government - hospital district or authority,empty
HospitalOwner,635,government - hospital district or authority,empty
HospitalOwner,656,government - local,empty
HospitalOwner,660,government - local,empty
HospitalOwner,662,government - local,empty
HospitalOwner,676,government - state,empty
HospitalOwner,677,government - state,empty
HospitalOwner,694,voluntary non-profit - private,voluntary non-profit - $priv@@ate
HospitalOwner,706,voluntary non-profit - private,empty
HospitalOwner,710,voluntary non-profit - private,empty
HospitalOwner,715,voluntary non-profit - private,empty
HospitalOwner,725,government - hospital district or authority,empty
HospitalOwner,728,government - hospital district or authority,empty
HospitalOwner,735,government - hospital district or authority,governmen??t - hospital district or authority
HospitalOwner,740,government - hospital district or authority,empty
HospitalOwner,748,proprietary,empty
HospitalOwner,752,proprietary,proprietar??y
HospitalOwner,756,proprietary,empty
HospitalOwner,759,proprietary,empty
HospitalOwner,767,proprietary,@@p#roprietary
HospitalOwner,770,proprietary,p@@ro#prietary
HospitalOwner,772,proprietary,empty
HospitalOwner,783,government - hospital district or authority,government - hospital di@@strict or authority
HospitalOwner,790,government - hospital district or authority,empty
HospitalOwner,792,government - hospital district or authority,empty
HospitalOwner,799,government - hospital district or authority,empty
HospitalOwner,800,government - hospital district or authority,empty
HospitalOwner,801,government - hospital district or authority,empty
HospitalOwner,802,government - hospital district or authority,empty
HospitalOwner,817,proprietary,empty
HospitalOwner,820,proprietary,propr@@ietary%
HospitalOwner,822,proprietary,empty
HospitalOwner,827,proprietary,empty
HospitalOwner,829,voluntary non-profit - private,voluntary non-prof%it - private
HospitalOwner,830,voluntary non-profit - private,empty
HospitalOwner,838,voluntary non-profit - private,voluntary?? non-profit - private
HospitalOwner,839,voluntary non-profit - private,empty
HospitalOwner,850,voluntary non-profit - private,empty
HospitalOwner,851,voluntary non-profit - private,voluntary non-profit - priva#te
HospitalOwner,866,voluntary non-profit - private,empty
HospitalOwner,870,voluntary non-profit - private,empty
HospitalOwner,875,voluntary non-profit - private,voluntary %non-profit - priva@@te
HospitalOwner,878,voluntary non-profit - other,empty
HospitalOwner,880,voluntary non-profit - other,empty
HospitalOwner,887,voluntary non-profit - other,empty
HospitalOwner,890,voluntary non-profit - other,empty
HospitalOwner,898,voluntary non-profit - other,empty
HospitalOwner,899,voluntary non-profit - other,voluntary non-profit - ot@@her
HospitalOwner,900,voluntary non-profit - other,empty
HospitalOwner,913,proprietary,empty
HospitalOwner,917,proprietary,empty
HospitalOwner,920,proprietary,empty
HospitalOwner,921,proprietary,empty
HospitalOwner,922,proprietary,proprieta??ry
HospitalOwner,924,proprietary,empty
HospitalOwner,929,proprietary,pro#prietar#y
HospitalOwner,935,voluntary non-profit - private,empty
HospitalOwner,936,voluntary non-profit - private,empty
HospitalOwner,952,voluntary non-profit - private,empty
HospitalOwner,954,voluntary non-profit - private,empty
HospitalOwner,955,voluntary non-profit - private,empty
HospitalOwner,956,proprietary,propr??ietary??
HospitalOwner,960,proprietary,empty
HospitalOwner,970,proprietary,empty
HospitalOwner,987,voluntary non-profit - private,voluntary?? non-profit - p$rivate
EmergencyService,6,yes,empty
EmergencyService,9,yes,empty
EmergencyService,15,yes,empty
EmergencyService,18,yes,ye??#s
EmergencyService,27,yes,empty
EmergencyService,45,yes,empty
EmergencyService,46,yes,empty
EmergencyService,52,yes,empty
EmergencyService,58,yes,empty
EmergencyService,60,yes,empty
EmergencyService,62,yes,empty
EmergencyService,64,yes,empty
EmergencyService,66,yes,empty
EmergencyService,67,yes,empty
EmergencyService,68,yes,empty
EmergencyService,71,yes,ye%s
EmergencyService,77,yes,empty
EmergencyService,82,yes,??ye%s
EmergencyService,83,yes,empty
EmergencyService,85,yes,empty
EmergencyService,91,yes,empty
EmergencyService,99,no,empty
EmergencyService,100,no,empty
EmergencyService,101,no,empty
EmergencyService,106,no,empty
EmergencyService,115,no,empty
EmergencyService,117,no,empty
EmergencyService,119,no,n#o
EmergencyService,122,yes,empty
EmergencyService,125,yes,empty
EmergencyService,127,yes,empty
EmergencyService,137,yes,empty
EmergencyService,140,yes,empty
EmergencyService,143,yes,empty
EmergencyService,144,yes,empty
EmergencyService,147,yes,empty
EmergencyService,155,yes,?%?yes
EmergencyService,161,yes,yes@@
EmergencyService,163,yes,ye$%s
EmergencyService,172,yes,empty
EmergencyService,174,yes,empty
EmergencyService,185,yes,empty
EmergencyService,186,yes,empty
EmergencyService,199,yes,????yes
EmergencyService,210,yes,empty
EmergencyService,216,yes,empty
EmergencyService,222,yes,empty
EmergencyService,224,yes,ye$??s
EmergencyService,230,yes,empty
EmergencyService,239,yes,empty
EmergencyService,248,yes,empty
EmergencyService,253,yes,empty
EmergencyService,264,yes,@@yes%
EmergencyService,265,yes,empty
EmergencyService,266,yes,ye%s%
EmergencyService,270,yes,@@ye%s
EmergencyService,271,yes,empty
EmergencyService,272,yes,empty
EmergencyService,274,yes,empty
EmergencyService,284,yes,%??yes
EmergencyService,289,yes,empty
EmergencyService,291,yes,empty
EmergencyService,292,yes,empty
EmergencyService,300,yes,empty
EmergencyService,306,yes,empty
EmergencyService,311,yes,empty
EmergencyService,316,yes,empty
EmergencyService,320,yes,empty
EmergencyService,323,yes,empty
EmergencyService,327,yes,empty
EmergencyService,328,yes,empty
EmergencyService,349,yes,empty
EmergencyService,361,yes,empty
EmergencyService,369,yes,empty
EmergencyService,376,yes,empty
EmergencyService,383,yes,#yes
EmergencyService,389,yes,empty
EmergencyService,391,yes,empty
EmergencyService,395,yes,empty
EmergencyService,401,yes,empty
EmergencyService,402,yes,empty
EmergencyService,403,yes,empty
EmergencyService,404,yes,empty
EmergencyService,406,yes,empty
EmergencyService,410,yes,empty
EmergencyService,414,yes,empty
EmergencyService,425,no,??no
EmergencyService,435,yes,empty
EmergencyService,437,yes,y#%es
EmergencyService,446,yes,empty
EmergencyService,450,yes,@$@yes
EmergencyService,454,yes,ye$s
EmergencyService,459,yes,empty
EmergencyService,464,yes,%ye$s
EmergencyService,471,yes,empty
EmergencyService,472,yes,@@y$es
EmergencyService,473,yes,empty
EmergencyService,474,yes,empty
EmergencyService,475,yes,$yes$
EmergencyService,476,yes,empty
EmergencyService,478,yes,empty
EmergencyService,488,yes,#%yes
EmergencyService,493,yes,empty
EmergencyService,497,yes,empty
EmergencyService,500,yes,empty
EmergencyService,503,yes,yes?#?
EmergencyService,504,yes,empty
EmergencyService,508,yes,empty
EmergencyService,520,yes,empty
EmergencyService,523,yes,empty
EmergencyService,535,yes,empty
EmergencyService,537,yes,ye??s
EmergencyService,538,yes,empty
EmergencyService,545,yes,empty
EmergencyService,546,yes,empty
EmergencyService,553,yes,empty
EmergencyService,554,yes,empty
EmergencyService,562,yes,y%??es
EmergencyService,566,yes,y$es
EmergencyService,577,yes,empty
EmergencyService,580,yes,y$%es
EmergencyService,588,yes,empty
EmergencyService,589,yes,$yes??
EmergencyService,595,yes,empty
EmergencyService,615,yes,empty
EmergencyService,620,yes,empty
EmergencyService,629,yes,empty
EmergencyService,632,yes,empty
EmergencyService,634,yes,empty
EmergencyService,637,yes,empty
EmergencyService,638,yes,empty
EmergencyService,644,no,empty
EmergencyService,649,no,empty
EmergencyService,655,no,empty
EmergencyService,656,no,empty
EmergencyService,663,no,empty
EmergencyService,665,no,empty
EmergencyService,670,yes,y@@es??
EmergencyService,674,yes,@@yes
EmergencyService,683,yes,empty
EmergencyService,686,yes,y$e#s
EmergencyService,689,yes,empty
EmergencyService,690,yes,empty
EmergencyService,691,yes,empty
EmergencyService,694,no,no%
EmergencyService,697,no,empty
EmergencyService,705,no,empty
EmergencyService,710,no,empty
EmergencyService,713,no,empty
EmergencyService,715,no,empty
EmergencyService,718,yes,ye@@s
EmergencyService,721,yes,ye#$s
EmergencyService,724,yes,empty
EmergencyService,726,yes,empty
EmergencyService,728,yes,empty
EmergencyService,733,yes,empty
EmergencyService,734,yes,empty
EmergencyService,735,yes,%yes#
EmergencyService,737,yes,empty
EmergencyService,744,no,n@@o??
EmergencyService,748,no,empty
EmergencyService,755,no,empty
EmergencyService,756,no,empty
EmergencyService,757,no,empty
EmergencyService,763,no,empty
EmergencyService,765,no,empty
EmergencyService,768,yes,empty
EmergencyService,772,yes,empty
EmergencyService,775,yes,empty
EmergencyService,787,yes,empty
EmergencyService,788,yes,empty
EmergencyService,790,yes,empty
EmergencyService,795,yes,yes@@
EmergencyService,796,yes,empty
EmergencyService,797,yes,empty
EmergencyService,801,yes,empty
EmergencyService,803,yes,empty
EmergencyService,807,yes,empty
EmergencyService,815,yes,empty
EmergencyService,818,yes,empty
EmergencyService,824,yes,ye$$s
EmergencyService,829,yes,empty
EmergencyService,850,yes,empty
EmergencyService,865,yes,empty
EmergencyService,866,yes,empty
EmergencyService,881,yes,empty
EmergencyService,891,yes,empty
EmergencyService,893,yes,empty
EmergencyService,903,yes,empty
EmergencyService,917,yes,empty
EmergencyService,922,yes,empty
EmergencyService,923,yes,empty
EmergencyService,924,yes,empty
EmergencyService,946,no,empty
EmergencyService,948,no,empty
EmergencyService,950,no,empty
EmergencyService,954,no,n$o??
EmergencyService,956,yes,empty
EmergencyService,961,yes,empty
EmergencyService,965,yes,ye%s$
EmergencyService,969,yes,empty
EmergencyService,973,yes,empty
EmergencyService,975,yes,y$e%s
EmergencyService,978,yes,empty
EmergencyService,987,yes,ye$s
EmergencyService,998,yes,empty
Condition,8,surgical infection prevention,empty
Condition,10,heart attack,empty
Condition,11,heart attack,empty
Condition,14,heart attack,empty
Condition,20,heart attack,empty
Condition,21,heart attack,empty
Condition,24,heart attack,h%eart at??tack
Condition,33,pneumonia,empty
Condition,41,surgical infection prevention,surgical infec#tion prev??ention
Condition,47,heart attack,empty
Condition,62,surgical infection prevention,empty
Condition,63,surgical infection prevention,surgic@@al infection preven%tion
Condition,69,surgical infection prevention,surgical infect#ion$ prevention
Condition,72,heart attack,empty
Condition,73,heart attack,empty
Condition,75,heart attack,heart atta%c#k
Condition,77,heart failure,heart $failure
Condition,84,pneumonia,empty
Condition,94,surgical infection prevention,empty
Condition,97,heart attack,he??art attack
Condition,109,pneumonia,empty
Condition,113,surgical infection prevention,empty
Condition,116,surgical infection prevention,empty
Condition,121,heart attack,empty
Condition,125,heart attack,empty
Condition,126,heart attack,heart att%a??ck
Condition,130,heart failure,empty
Condition,132,pneumonia,empty
Condition,152,heart failure,heart fai??%lure
Condition,158,pneumonia,empty
Condition,169,surgical infection prevention,empty
Condition,171,heart attack,empty
Condition,175,heart attack,he%art attack
Condition,177,heart failure,hear@@$t failure
Condition,183,pneumonia,$pneumonia%
Condition,185,pneumonia,empty
Condition,193,surgical infection prevention,empty
Condition,196,heart attack,h#eart attack
Condition,200,heart attack,empty
Condition,205,heart failure,empty
Condition,210,pneumonia,empty
Condition,211,pneumonia,empty
Condition,215,surgical infection prevention,empty
Condition,216,surgical infection prevention,surgical% #infection prevention
Condition,219,surgical infection prevention,empty
Condition,223,heart attack,empty
Condition,235,pneumonia,empty
Condition,236,pneumonia,pneumo$nia
Condition,237,surgical infection prevention,empty
Condition,239,surgical infection prevention,surgical infe@@ction prevention??
Condition,243,surgical infection prevention,surgi%cal %infection prevention
Condition,248,heart attack,he??art attac??k
Condition,253,heart failure,empty
Condition,255,heart failure,heart fail@@ure
Condition,258,pneumonia,empty
Condition,262,surgical infection prevention,empty
Condition,263,surgical infection prevention,empty
Condition,267,surgical infection prevention,empty
Condition,278,heart failure,heart failur?@@?e
Condition,279,heart failure,he$art failure
Condition,291,surgical infection prevention,empty
Condition,292,surgical infection prevention,surgical infection% prevention
Condition,294,surgical infection prevention,empty
Condition,299,heart attack,empty
Condition,302,heart failure,h#eart failure
Condition,304,heart failure,hea??rt failure
Condition,311,pneumonia,empty
Condition,313,children s asthma care,empty
Condition,318,heart attack,empty
Condition,327,pneumonia,empty
Condition,345,surgical infection prevention,surgical @@i??nfection prevention
Condition,349,heart attack,empty
Condition,352,heart attack,empty
Condition,363,heart failure,heart fa??ilu@@re
Condition,364,heart failure,#heart# failure
Condition,389,heart failure,empty
Condition,390,heart failure,empty
Condition,405,pneumonia,empty
Condition,406,pneumonia,empty
Condition,409,surgical infection prevention,empty
Condition,411,surgical infection prevention,surgic@@al infection prevention
Condition,413,surgical infection prevention,surgical infection preve%nti$on
Condition,415,heart attack,empty
Condition,424,heart failure,empty
Condition,426,pneumonia,empty
Condition,427,pneumonia,empty
Condition,429,pneumonia,empty
Condition,432,surgical infection prevention,surgical infection prev#ention
Condition,433,heart failure,empty
Condition,435,heart failure,empty
Condition,438,pneumonia,empty
Condition,443,surgical infection prevention,surgical?? infection prevention
Condition,445,surgical infection prevention,surgical infection@@ p%revention
Condition,461,surgical infection prevention,empty
Condition,495,heart attack,empty
Condition,497,heart attack,empty
Condition,530,pneumonia,empty
Condition,531,pneumonia,empty
Condition,532,pneumonia,pne$umonia
Condition,541,surgical infection prevention,surgical infection prev??ention
Condition,543,heart attack,empty
Condition,546,heart attack,empty
Condition,552,heart failure,h$eart failur%e
Condition,563,surgical infection prevention,empty
Condition,572,heart attack,empty
Condition,575,heart failure,empty
Condition,585,surgical infection prevention,surgical infection pr@@event??ion
Condition,599,heart failure,empty
Condition,609,surgical infection prevention,empty
Condition,622,heart attack,$heart attack
Condition,623,heart attack,hea??rt attack
Condition,625,heart failure,empty
Condition,626,heart failure,empty
Condition,628,pneumonia,empty
Condition,634,surgical infection prevention,empty
Condition,640,surgical infection prevention,empty
Condition,641,surgical infection prevention,empty
Condition,642,heart attack,heart at#tack
Condition,649,heart failure,empty
Condition,654,pneumonia,empty
Condition,663,surgical infection prevention,empty
Condition,669,heart attack,empty
Condition,679,pneumonia,empty
Condition,680,pneumonia,empty
Condition,682,pneumonia,pneu@@monia
Condition,683,pneumonia,empty
Condition,691,surgical infection prevention,empty
Condition,696,heart attack,empty
Condition,698,heart attack,empty
Condition,706,pneumonia,pneumon#ia
Condition,711,surgical infection prevention,empty
Condition,712,surgical infection prevention,empty
Condition,717,heart attack,he$art attack
Condition,724,heart failure,empty
Condition,730,pneumonia,empty
Condition,737,surgical infection prevention,empty
Condition,743,heart attack,empty
Condition,745,heart attack,empty
Condition,749,heart failure,empty
Condition,758,pneumonia,empty
Condition,760,surgical infection prevention,empty
Condition,761,surgical infection prevention,empty
Condition,764,surgical infection prevention,empty
Condition,770,surgical infection prevention,empty
Condition,772,surgical infection prevention,surgical infection pre@@vention
Condition,803,heart attack,empty
Condition,808,heart attack,empty
Condition,811,heart failure,hea$rt failure
Condition,817,pneumonia,pn#eumonia
Condition,819,pneumonia,empty
Condition,820,surgical infection prevention,surgical infection preve#ntion
Condition,821,surgical infection prevention,empty
Condition,826,surgical infection prevention,empty
Condition,829,heart attack,empty
Condition,831,heart attack,heart ?@@?attack
Condition,847,surgical infection prevention,empty
Condition,852,surgical infection prevention,empty
Condition,861,heart failure,empty
Condition,862,heart failure,empty
Condition,864,pneumonia,empty
Condition,867,pneumonia,empty
Condition,870,surgical infection prevention,surgical infection prevent%ion
Condition,873,surgical infection prevention,empty
Condition,887,heart failure,empty
Condition,890,pneumonia,pneumo#nia
Condition,896,surgical infection prevention,empty
Condition,898,surgical infection prevention,empty
Condition,899,surgical infection prevention,empty
Condition,901,surgical infection prevention,empty
Condition,903,children s asthma care,empty
Condition,907,heart attack,empty
Condition,910,heart attack,heart attack$%
Condition,911,heart attack,hear$t attack
Condition,913,heart failure,empty
Condition,939,heart failure,empty
Condition,943,pneumonia,empty
Condition,947,pneumonia,empty
Condition,952,surgical infection prevention,empty
Condition,958,heart attack,hear#@@t attack
Condition,960,heart attack,heart %#attack
Condition,962,heart attack,empty
Condition,963,heart failure,empty
Condition,965,heart failure,empty
Condition,971,pneumonia,empty
Condition,976,surgical infection prevention,empty
Condition,982,heart attack,he%art attack
Condition,984,heart attack,%heart atta$ck
Condition,1000,surgical infection prevention,empty
MeasureCode,13,ami-5,empty
MeasureCode,25,ami-7a,empty
MeasureCode,31,pn-2,empty
MeasureCode,35,pn-6,empty
MeasureCode,44,scip-vte-2,empty
MeasureCode,46,ami-2,ami-2??
MeasureCode,52,hf-1,empty
MeasureCode,53,hf-2,hf-%2
MeasureCode,54,hf-3,empty
MeasureCode,71,ami-2,empty
MeasureCode,72,ami-3,empty
MeasureCode,73,ami-4,empty
MeasureCode,75,ami-7a,empty
MeasureCode,82,pn-3b,empty
MeasureCode,89,scip-inf-2,empty
MeasureCode,90,scip-inf-3,scip-in@#@f-3
MeasureCode,93,scip-vte-1,empty
MeasureCode,96,ami-2,@@ami-2
MeasureCode,99,ami-5,empty
MeasureCode,104,hf-3,h??f-3
MeasureCode,108,pn-4,empty
MeasureCode,111,pn-7,empty
MeasureCode,115,scip-inf-3,empty
MeasureCode,119,scip-vte-2,empty
MeasureCode,122,ami-3,empty
MeasureCode,132,pn-3b,empty
MeasureCode,136,pn-7,empty
MeasureCode,142,scip-inf-6,empty
MeasureCode,152,hf-1,empty
MeasureCode,164,scip-inf-2,empty
MeasureCode,178,hf-2,empty
MeasureCode,180,hf-4,empty
MeasureCode,198,ami-4,empty
MeasureCode,199,ami-5,empty
MeasureCode,205,hf-4,empty
MeasureCode,208,pn-4,empty
MeasureCode,211,pn-7,empty
MeasureCode,215,scip-inf-3,empty
MeasureCode,220,ami-1,empty
MeasureCode,226,ami-8a,empty
MeasureCode,228,hf-2,empty
MeasureCode,246,ami-2,empty
MeasureCode,251,ami-8a,empty
MeasureCode,256,pn-2,empty
MeasureCode,258,pn-4,empty
MeasureCode,262,scip-card-2,empty
MeasureCode,264,scip-inf-2,scip-#inf-2
MeasureCode,276,ami-8a,ami-$8a
MeasureCode,277,hf-1,empty
MeasureCode,279,hf-3,empty
MeasureCode,282,pn-3b,pn%@@-3b
MeasureCode,283,pn-4,empty
MeasureCode,285,pn-6,empty
MeasureCode,306,pn-2,empty
MeasureCode,327,pn-4,empty
MeasureCode,331,scip-card-2,sc%ip-@@card-2
MeasureCode,332,hf-2,empty
MeasureCode,335,pn-2,empty
MeasureCode,338,pn-5c,empty
MeasureCode,342,scip-inf-1,empty
MeasureCode,344,scip-inf-3,scip%-inf??-3
MeasureCode,354,scip-vte-2,empty
MeasureCode,356,ami-2,ami-#2
MeasureCode,359,ami-5,empty
MeasureCode,366,pn-2,empty
MeasureCode,373,scip-inf-1,empty
MeasureCode,374,scip-inf-2,empty
MeasureCode,375,scip-inf-3,??scip-inf-3
MeasureCode,393,ami-2,empty
MeasureCode,394,ami-3,@@ami-$3
MeasureCode,401,hf-3,empty
MeasureCode,402,hf-4,hf%-4??
MeasureCode,418,ami-4,empty
MeasureCode,420,ami-7a,ami-7#a
MeasureCode,422,hf-1,empty
MeasureCode,434,hf-2,empty
MeasureCode,439,pn-4,$pn-%4
MeasureCode,440,pn-5c,empty
MeasureCode,444,scip-inf-1,empty
MeasureCode,445,scip-inf-2,s??c??ip-inf-2
MeasureCode,448,scip-inf-6,empty
MeasureCode,452,ami-2,empty
MeasureCode,456,pn-5c,empty
MeasureCode,457,pn-6,pn#-6
MeasureCode,463,scip-inf-4,empty
MeasureCode,464,scip-inf-6,scip-i??nf-6
MeasureCode,465,scip-vte-1,empty
MeasureCode,466,scip-vte-2,empty
MeasureCode,468,ami-2,empty
MeasureCode,476,hf-3,@@hf-$3
MeasureCode,481,pn-5c,empty
MeasureCode,491,scip-vte-2,empty
MeasureCode,497,ami-7a,ami-7a#
MeasureCode,498,ami-8a,empty
MeasureCode,501,hf-3,empty
MeasureCode,504,pn-3b,pn-@@3b
MeasureCode,508,pn-7,empty
MeasureCode,513,scip-inf-4,sc%ip-inf-4
MeasureCode,515,scip-vte-1,sci#p%-vte-1
MeasureCode,517,ami-1,ami$-1
MeasureCode,519,ami-3,empty
MeasureCode,543,ami-2,ami-2$
MeasureCode,547,ami-7a,empty
MeasureCode,556,pn-5c,empty
MeasureCode,571,ami-5,empty
MeasureCode,572,ami-7a,empty
MeasureCode,587,scip-inf-3,sc$ip-inf$-3
MeasureCode,590,scip-vte-1,sc??ip-vte-1
MeasureCode,591,scip-vte-2,empty
MeasureCode,592,ami-1,empty
MeasureCode,593,ami-2,ami-%2
MeasureCode,603,pn-2,empty
MeasureCode,606,pn-5c,empty
MeasureCode,614,scip-inf-6,scip-#inf-6#
MeasureCode,616,scip-vte-2,$scip-vte-@@2
MeasureCode,619,ami-3,ami-@@3
MeasureCode,621,ami-5,??ami-5
MeasureCode,622,ami-7a,empty
MeasureCode,625,hf-2,empty
MeasureCode,629,pn-3b,empty
MeasureCode,630,pn-4,empty
MeasureCode,631,pn-5c,pn#-5c??
MeasureCode,634,scip-card-2,empty
MeasureCode,637,scip-inf-3,empty
MeasureCode,644,ami-3,??ami-3
MeasureCode,648,ami-8a,empty
MeasureCode,658,pn-7,empty
MeasureCode,661,scip-inf-2,scip-inf$-2
MeasureCode,670,ami-4,empty
MeasureCode,676,hf-3,hf%-3%
MeasureCode,678,pn-2,pn-2#
MeasureCode,679,pn-3b,empty
MeasureCode,681,pn-5c,p#n-5c#
MeasureCode,684,scip-card-2,empty
MeasureCode,688,scip-inf-4,empty
MeasureCode,689,scip-inf-6,scip-inf-6@@
MeasureCode,699,hf-1,empty
MeasureCode,701,hf-3,empty
MeasureCode,703,pn-2,empty
MeasureCode,708,pn-7,pn$-7
MeasureCode,714,scip-inf-6,s@@%cip-inf-6
MeasureCode,715,scip-vte-1,empty
MeasureCode,716,scip-vte-2,empty
MeasureCode,724,hf-1,empty
MeasureCode,735,scip-inf-1,empty
MeasureCode,737,scip-inf-3,empty
MeasureCode,741,scip-vte-2,scip-vte-2@@
MeasureCode,746,ami-5,empty
MeasureCode,747,ami-7a,empty
MeasureCode,755,pn-4,pn-4??$
MeasureCode,758,pn-7,empty
MeasureCode,762,scip-inf-3,empty
MeasureCode,763,scip-inf-4,empty
MeasureCode,773,scip-vte-1,empty
MeasureCode,780,ami-3,empty
MeasureCode,781,ami-4,empty
MeasureCode,783,ami-7a,ami??-7a%
MeasureCode,791,pn-4,empty
MeasureCode,796,scip-inf-1,empty
MeasureCode,799,scip-inf-4,sc%ip-inf-4
MeasureCode,802,scip-vte-2,empty
MeasureCode,805,ami-3,empty
MeasureCode,808,ami-7a,empty
MeasureCode,813,hf-4,empty
MeasureCode,821,scip-inf-1,empty
MeasureCode,833,ami-7a,empty
MeasureCode,839,pn-2,pn-$2
MeasureCode,844,pn-7,empty
MeasureCode,846,scip-inf-1,scip-inf??-1
MeasureCode,851,scip-vte-1,empty
MeasureCode,852,scip-vte-2,s%c%ip-vte-2
MeasureCode,860,hf-1,empty
MeasureCode,866,pn-4,empty
MeasureCode,871,scip-inf-1,empty
MeasureCode,873,scip-inf-3,scip-@@i??nf-3
MeasureCode,874,scip-inf-4,empty
MeasureCode,880,ami-3,ami#-3
MeasureCode,882,ami-5,empty
MeasureCode,883,ami-7a,empty
MeasureCode,884,ami-8a,empty
MeasureCode,885,hf-1,hf-#1??
MeasureCode,894,pn-7,empty
MeasureCode,896,scip-inf-1,empty
MeasureCode,904,cac-2,empty
MeasureCode,907,ami-2,ami-#2
MeasureCode,916,hf-4,empty
MeasureCode,918,pn-3b,pn-%@@3b
MeasureCode,920,pn-5c,empty
MeasureCode,930,scip-vte-2,empty
MeasureCode,935,ami-5,empty
MeasureCode,938,hf-1,empty
MeasureCode,941,hf-4,@@h#f-4
MeasureCode,948,scip-card-2,empty
MeasureCode,954,scip-vte-1,empty
MeasureCode,957,ami-2,empty
MeasureCode,961,ami-7a,empty
MeasureCode,969,pn-4,%pn-4
MeasureCode,973,scip-card-2,empty
MeasureCode,976,scip-inf-3,empty
MeasureCode,981,ami-1,empty
MeasureCode,983,ami-3,empty
MeasureCode,986,ami-7a,empty
MeasureCode,991,hf-4,%%hf-4
MeasureName,1,surgery patients who were taking heart drugs called beta blockers before coming to the hospital who were kept on the beta blockers during the period just before and after their surgery,empty
MeasureName,3,surgery patients who were given the  right kind  of antibiotic to help prevent infection,empty
MeasureName,12,heart attack patients given smoking cessation advice/counseling,heart attack$ patients given smoking cessation advice/counseling
MeasureName,15,heart attack patients given pci within 90 minutes of arrival,heart attack patients given pci within 90 minutes of ar$rival
MeasureName,21,heart attack patients given aspirin at discharge,empty
MeasureName,22,heart attack patients given ace inhibitor or arb for left ventricular systolic dysfunction (lvsd),empty
MeasureName,23,heart attack patients given smoking cessation advice/counseling,empty
MeasureName,26,heart attack patients given pci within 90 minutes of arrival,heart attack patients given pci within 90 minutes of a%rrival
MeasureName,34,pneumonia patients given initial antibiotic(s) within 6 hours after arrival,empty
MeasureName,39,surgery patients who were given the  right kind  of antibiotic to help prevent infection,empty
MeasureName,40,surgery patients whose preventive antibiotics were stopped at the right time (within 24 hours after surgery),empty
MeasureName,41,all heart surgery patients whose blood sugar (blood glucose) is kept under good control in the days right after surgery,all heart surgery patients whose blood sugar (blood glucose$) is k#ept under good control in the days right after surgery
MeasureName,42,surgery patients needing hair removed from the surgical area before surgery who had hair removed using a safer method (electric clippers or hair removal cream c not a razor),empty
MeasureName,48,heart attack patients given smoking cessation advice/counseling,empty
MeasureName,55,heart failure patients given smoking cessation advice/counseling,heart failure patients given smoking cessation a$dvice/counseling
MeasureName,56,pneumonia patients assessed and given pneumococcal vaccination,empty
MeasureName,62,surgery patients who were taking heart drugs called beta blockers before coming to the hospital who were kept on the beta blockers during the period just before and after their surgery,surg@@ery patients who were taking heart drugs called beta blockers before coming to the hospital who were kept on the beta blockers during the period just before and after their surgery
MeasureName,64,surgery patients who were given the  right kind  of antibiotic to help prevent infection,empty
MeasureName,69,patients who got treatment  at the right time (within 24 hours before or after their surgery) to help prevent blood clots after certain types of surgery,empty
MeasureName,74,heart attack patients given beta blocker at discharge,empty
MeasureName,78,heart failure patients given an evaluation of left ventricular systolic (lvs) function,empty
MeasureName,88,surgery patients who were given an antibiotic at the right time (within one hour before surgery) to help prevent infection,empty
MeasureName,92,surgery patients needing hair removed from the surgical area before surgery who had hair removed using a safer method (electric clippers or hair removal cream c not a razor),surgery patients needing hair removed from the surgical ar@@ea before surgery who had hair removed using a safer method (electric clippers or hair remova@@l cream c not a razor)
MeasureName,94,patients who got treatment  at the right time (within 24 hours before or after their surgery) to help prevent blood clots after certain types of surgery,empty
MeasureName,102,heart failure patients given discharge instructions,empty
MeasureName,107,pneumonia patients whose initial emergency room blood culture was performed prior to the administration of the first hospital dose of antibiotics,empty
MeasureName,108,pneumonia patients given smoking cessation advice/counseling,empty
MeasureName,114,surgery patients who were given the  right kind  of antibiotic to help prevent infection,surgery p%atients who were given the  right kind  of antibiotic to help prevent infection
MeasureName,118,surgery patients whose doctors ordered treatments to prevent blood clots after certain types of surgeries,empty
MeasureName,129,heart failure patients given ace inhibitor or arb for left ventricular systolic dysfunction (lvsd),empty
MeasureName,134,pneumonia patients given initial antibiotic(s) within 6 hours after arrival,empty
MeasureName,140,surgery patients whose preventive antibiotics were stopped at the right time (within 24 hours after surgery),empty
MeasureName,142,surgery patients needing hair removed from the surgical area before surgery who had hair removed using a safer method (electric clippers or hair removal cream c not a razor),empty
MeasureName,154,heart failure patients given ace inhibitor or arb for left ventricular systolic dysfunction (lvsd),empty
MeasureName,158,pneumonia patients given smoking cessation advice/counseling,empty
MeasureName,162,surgery patients who were taking heart drugs called beta blockers before coming to the hospital who were kept on the beta blockers during the period just before and after their surgery,empty
MeasureName,167,surgery patients needing hair removed from the surgical area before surgery who had hair removed using a safer method (electric clippers or hair removal cream c not a razor),empty
MeasureName,173,heart attack patients given smoking cessation advice/counseling,empty
MeasureName,174,heart attack patients given beta blocker at discharge,empty
MeasureName,178,heart failure patients given an evaluation of left ventricular systolic (lvs) function,empty
MeasureName,181,pneumonia patients assessed and given pneumococcal vaccination,pneumonia?? patients assessed and given pneumococcal vac@@cination
MeasureName,184,pneumonia patients given initial antibiotic(s) within 6 hours after arrival,empty
MeasureName,188,surgery patients who were given an antibiotic at the right time (within one hour before surgery) to help prevent infection,empty
MeasureName,191,all heart surgery patients whose blood sugar (blood glucose) is kept under good control in the days right after surgery,empty
MeasureName,193,surgery patients whose doctors ordered treatments to prevent blood clots after certain types of surgeries,empty
MeasureName,194,patients who got treatment  at the right time (within 24 hours before or after their surgery) to help prevent blood clots after certain types of surgery,empty
MeasureName,195,heart attack patients given aspirin at arrival,empty
MeasureName,196,heart attack patients given aspirin at discharge,empty
MeasureName,202,heart failure patients given discharge instructions,empty
MeasureName,207,pneumonia patients whose initial emergency room blood culture was performed prior to the administration of the first hospital dose of antibiotics,empty
MeasureName,214,surgery patients who were given the  right kind  of antibiotic to help prevent infection,empty
MeasureName,223,heart attack patients given smoking cessation advice/counseling,empty
MeasureName,231,pneumonia patients assessed and given pneumococcal vaccination,empty
MeasureName,235,pneumonia patients given the most appropriate initial antibiotic(s),pneumonia patients given the mo$st appropriate initial antibiotic(s)
MeasureName,236,pneumonia patients assessed and given influenza vaccination,empty
MeasureName,237,surgery patients who were taking heart drugs called beta blockers before coming to the hospital who were kept on the beta blockers during the period just before and after their surgery,surgery patients who were taking heart drugs called% beta blo%ckers before coming to the hospital who were kept on the beta blockers during the period just before and after their surgery
MeasureName,238,surgery patients who were given an antibiotic at the right time (within one hour before surgery) to help prevent infection,empty
MeasureName,239,surgery patients who were given the  right kind  of antibiotic to help prevent infection,empty
MeasureName,244,patients who got treatment  at the right time (within 24 hours before or after their surgery) to help prevent blood clots after certain types of surgery,empty
MeasureName,245,heart attack patients given aspirin at arrival,heart attack patients given$ as$pirin at arrival
MeasureName,249,heart attack patients given beta blocker at discharge,heart attack patients given beta blo#cker at dis%charge
MeasureName,251,heart attack patients given pci within 90 minutes of arrival,heart attack patients given pci within 90 minutes of a%rrival
MeasureName,259,pneumonia patients given initial antibiotic(s) within 6 hours after arrival,empty
MeasureName,261,pneumonia patients assessed and given influenza vaccination,empty
MeasureName,265,surgery patients whose preventive antibiotics were stopped at the right time (within 24 hours after surgery),empty
MeasureName,268,surgery patients whose doctors ordered treatments to prevent blood clots after certain types of surgeries,surgery patients whose doctors ordered treatments to prevent blood clots after cert??ain types of surgeries
MeasureName,270,heart attack patients given aspirin at arrival,empty
MeasureName,274,heart attack patients given beta blocker at discharge,heart attack patie@@nts given b#eta blocker at discharge
MeasureName,277,heart failure patients given discharge instructions,empty
MeasureName,280,heart failure patients given smoking cessation advice/counseling,heart failure patients given smoking?? cessation advice/counse$ling
MeasureName,283,pneumonia patients given smoking cessation advice/counseling,empty
MeasureName,287,surgery patients who were taking heart drugs called beta blockers before coming to the hospital who were kept on the beta blockers during the period just before and after their surgery,surgery patients who were taking heart drugs called #beta blockers before coming to the hospital who were kept on t@@he beta blockers during the period just before and after their surgery
MeasureName,288,surgery patients who were given an antibiotic at the right time (within one hour before surgery) to help prevent infection,surgery pati#ents who were given an antibiotic at the right time (within one hour before surgery) to help prevent infection
MeasureName,292,surgery patients needing hair removed from the surgical area before surgery who had hair removed using a safer method (electric clippers or hair removal cream c not a razor),empty
MeasureName,296,heart attack patients given aspirin at discharge,empty
MeasureName,297,heart attack patients given ace inhibitor or arb for left ventricular systolic dysfunction (lvsd),heart attack patients given ace inhibitor or arb for left ventricular systolic dysfunctio#n (lvsd)
MeasureName,300,heart attack patients given fibrinolytic medication within 30 minutes of arrival,empty
MeasureName,303,heart failure patients given an evaluation of left ventricular systolic (lvs) function,empty
MeasureName,305,heart failure patients given smoking cessation advice/counseling,heart failure p$atients given smoking ??cessation advice/counseling
MeasureName,318,heart attack patients given beta blocker at discharge,heart attack patients given %beta blocker at discharge
MeasureName,320,heart attack patients given pci within 90 minutes of arrival,heart attack patients given pc#i within 90 minutes of arrival
MeasureName,330,pneumonia patients assessed and given influenza vaccination,empty
MeasureName,332,heart failure patients given an evaluation of left ventricular systolic (lvs) function,empty
MeasureName,333,heart failure patients given ace inhibitor or arb for left ventricular systolic dysfunction (lvsd),heart failure patients given a$ce inhi#bitor or arb for left ventricular systolic dysfunction (lvsd)
MeasureName,337,pneumonia patients given smoking cessation advice/counseling,empty
MeasureName,340,pneumonia patients assessed and given influenza vaccination,empty
MeasureName,347,surgery patients whose doctors ordered treatments to prevent blood clots after certain types of surgeries,empty
MeasureName,360,heart attack patients given fibrinolytic medication within 30 minutes of arrival,heart attack patients giv#en fibrinolytic medicati%on within 30 minutes of arrival
MeasureName,367,pneumonia patients whose initial emergency room blood culture was performed prior to the administration of the first hospital dose of antibiotics,pneumonia patients whose initial emergency room %blood culture% was performed prior to the administration of the first hospital dose of antibiotics
MeasureName,370,pneumonia patients given the most appropriate initial antibiotic(s),empty
MeasureName,377,surgery patients needing hair removed from the surgical area before surgery who had hair removed using a safer method (electric clippers or hair removal cream c not a razor),empty
MeasureName,379,patients who got treatment  at the right time (within 24 hours before or after their surgery) to help prevent blood clots after certain types of surgery,empty
MeasureName,382,heart attack patients given ace inhibitor or arb for left ventricular systolic dysfunction (lvsd),empty
MeasureName,385,heart attack patients given fibrinolytic medication within 30 minutes of arrival,empty
MeasureName,392,pneumonia patients whose initial emergency room blood culture was performed prior to the administration of the first hospital dose of antibiotics,pneumonia patients whose initial emergen%cy room blood culture was performed prior to the administration of the first hospital dose of antibiotics
MeasureName,393,heart attack patients given aspirin at discharge,empty
MeasureName,396,heart attack patients given beta blocker at discharge,empty
MeasureName,399,heart failure patients given discharge instructions,empty
MeasureName,410,surgery patients who were given an antibiotic at the right time (within one hour before surgery) to help prevent infection,empty
MeasureName,420,heart attack patients given fibrinolytic medication within 30 minutes of arrival,empty
MeasureName,430,pneumonia patients given the most appropriate initial antibiotic(s),pneumonia patients given the most appropriate initial antibiot@@ic(s)
MeasureName,431,pneumonia patients assessed and given influenza vaccination,empty
MeasureName,435,heart failure patients given ace inhibitor or arb for left ventricular systolic dysfunction (lvsd),empty
MeasureName,451,heart attack patients given aspirin at arrival,empty
MeasureName,452,heart attack patients given aspirin at discharge,heart attack@@ patient%s given aspirin at discharge
MeasureName,453,pneumonia patients assessed and given pneumococcal vaccination,empty
MeasureName,467,heart attack patients given aspirin at arrival,heart attack patients given aspirin at arriva??l
MeasureName,478,pneumonia patients assessed and given pneumococcal vaccination,empty
MeasureName,484,surgery patients who were taking heart drugs called beta blockers before coming to the hospital who were kept on the beta blockers during the period just before and after their surgery,empty
MeasureName,486,surgery patients who were given the  right kind  of antibiotic to help prevent infection,empty
MeasureName,490,surgery patients whose doctors ordered treatments to prevent blood clots after certain types of surgeries,empty
MeasureName,491,patients who got treatment  at the right time (within 24 hours before or after their surgery) to help prevent blood clots after certain types of surgery,patients who got treatment  at the right time (within 24 hours before or after their surge#ry) to help prevent blood clots after certain types of surgery
MeasureName,498,heart attack patients given pci within 90 minutes of arrival,empty
MeasureName,499,heart failure patients given discharge instructions,empty
MeasureName,501,heart failure patients given ace inhibitor or arb for left ventricular systolic dysfunction (lvsd),empty
MeasureName,505,pneumonia patients given smoking cessation advice/counseling,empty
MeasureName,510,surgery patients who were given an antibiotic at the right time (within one hour before surgery) to help prevent infection,empty
MeasureName,520,heart attack patients given smoking cessation advice/counseling,empty
MeasureName,521,heart attack patients given beta blocker at discharge,heart attack patien#ts given beta @@blocker at discharge
MeasureName,523,heart attack patients given pci within 90 minutes of arrival,empty
MeasureName,527,heart failure patients given smoking cessation advice/counseling,empty
MeasureName,536,surgery patients who were given the  right kind  of antibiotic to help prevent infection,empty
MeasureName,537,surgery patients whose preventive antibiotics were stopped at the right time (within 24 hours after surgery),empty
MeasureName,538,all heart surgery patients whose blood sugar (blood glucose) is kept under good control in the days right after surgery,all heart surgery patients @@whose blood sugar (blood glu%cose) is kept under good control in the days right after surgery
MeasureName,542,heart attack patients given aspirin at arrival,empty
MeasureName,543,heart attack patients given aspirin at discharge,empty
MeasureName,544,heart attack patients given ace inhibitor or arb for left ventricular systolic dysfunction (lvsd),empty
MeasureName,546,heart attack patients given beta blocker at discharge,empty
MeasureName,559,surgery patients who were taking heart drugs called beta blockers before coming to the hospital who were kept on the beta blockers during the period just before and after their surgery,empty
MeasureName,565,surgery patients whose doctors ordered treatments to prevent blood clots after certain types of surgeries,empty
MeasureName,566,patients who got treatment  at the right time (within 24 hours before or after their surgery) to help prevent blood clots after certain types of surgery,patients$ who got treatment  at the right time (within 24 hours before or after their surgery) to help prevent blood clots after certain types of surgery
MeasureName,572,heart attack patients given fibrinolytic medication within 30 minutes of arrival,empty
MeasureName,575,heart failure patients given an evaluation of left ventricular systolic (lvs) function,empty
MeasureName,577,heart failure patients given smoking cessation advice/counseling,empty
MeasureName,578,pneumonia patients assessed and given pneumococcal vaccination,empty
MeasureName,579,pneumonia patients whose initial emergency room blood culture was performed prior to the administration of the first hospital dose of antibiotics,empty
MeasureName,580,pneumonia patients given smoking cessation advice/counseling,empty
MeasureName,581,pneumonia patients given initial antibiotic(s) within 6 hours after arrival,pneumonia patients given initial antibiotic(s) within 6 hours after arriva#l
MeasureName,582,pneumonia patients given the most appropriate initial antibiotic(s),pneumoni??a patients given the most appropriate initial antibiotic(s)
MeasureName,583,pneumonia patients assessed and given influenza vaccination,empty
MeasureName,586,surgery patients who were given the  right kind  of antibiotic to help prevent infection,empty
MeasureName,592,heart attack patients given aspirin at arrival,empty
MeasureName,596,heart attack patients given beta blocker at discharge,empty
MeasureName,598,heart attack patients given pci within 90 minutes of arrival,heart attack patients given pci within 90 minute%s of a??rrival
MeasureName,612,surgery patients whose preventive antibiotics were stopped at the right time (within 24 hours after surgery),empty
MeasureName,613,all heart surgery patients whose blood sugar (blood glucose) is kept under good control in the days right after surgery,empty
MeasureName,621,heart attack patients given beta blocker at discharge,empty
MeasureName,623,heart attack patients given pci within 90 minutes of arrival,empty
MeasureName,624,heart failure patients given discharge instructions,empty
MeasureName,632,pneumonia patients given the most appropriate initial antibiotic(s),pneumonia p#atients given the most appropriate initial a$ntibiotic(s)
MeasureName,636,surgery patients who were given the  right kind  of antibiotic to help prevent infection,empty
MeasureName,640,surgery patients whose doctors ordered treatments to prevent blood clots after certain types of surgeries,empty
MeasureName,644,heart attack patients given ace inhibitor or arb for left ventricular systolic dysfunction (lvsd),empty
MeasureName,645,heart attack patients given smoking cessation advice/counseling,heart attack patients given smoking cessation advice/%counseling
MeasureName,646,heart attack patients given beta blocker at discharge,empty
MeasureName,655,pneumonia patients given smoking cessation advice/counseling,empty
MeasureName,656,pneumonia patients given initial antibiotic(s) within 6 hours after arrival,empty
MeasureName,673,heart attack patients given pci within 90 minutes of arrival,empty
MeasureName,674,heart failure patients given discharge instructions,he$art f@@ailure patients given discharge instructions
MeasureName,685,surgery patients who were given an antibiotic at the right time (within one hour before surgery) to help prevent infection,empty
MeasureName,687,surgery patients whose preventive antibiotics were stopped at the right time (within 24 hours after surgery),empty
MeasureName,690,surgery patients whose doctors ordered treatments to prevent blood clots after certain types of surgeries,surgery patients# whose doctors ordered treatments to prevent blood cl@@ots after certain types of surgeries
MeasureName,691,patients who got treatment  at the right time (within 24 hours before or after their surgery) to help prevent blood clots after certain types of surgery,empty
MeasureName,692,heart attack patients given aspirin at arrival,empty
MeasureName,704,pneumonia patients whose initial emergency room blood culture was performed prior to the administration of the first hospital dose of antibiotics,pneumonia patients whose initial emergency room blood culture was performed prior t$o the administration@@ of the first hospital dose of antibiotics
MeasureName,707,pneumonia patients given the most appropriate initial antibiotic(s),empty
MeasureName,708,pneumonia patients assessed and given influenza vaccination,pneumoni#a patients assessed and given influenza vaccination
MeasureName,711,surgery patients who were given the  right kind  of antibiotic to help prevent infection,empty
MeasureName,725,heart failure patients given an evaluation of left ventricular systolic (lvs) function,heart failure patients given an evaluation of left ventricular systol%i??c (lvs) function
MeasureName,736,surgery patients who were given the  right kind  of antibiotic to help prevent infection,empty
MeasureName,737,surgery patients whose preventive antibiotics were stopped at the right time (within 24 hours after surgery),surgery patients who$se preventive antibiotics were stopped at the right time (within 24 hours after surgery)
MeasureName,747,heart attack patients given fibrinolytic medication within 30 minutes of arrival,empty
MeasureName,752,heart failure patients given smoking cessation advice/counseling,empty
MeasureName,757,pneumonia patients given the most appropriate initial antibiotic(s),empty
MeasureName,766,patients who got treatment  at the right time (within 24 hours before or after their surgery) to help prevent blood clots after certain types of surgery,empty
MeasureName,769,surgery patients who were given the  right kind  of antibiotic to help prevent infection,surgery patients who were given the  right kind  of antibiotic $to help prevent infection
MeasureName,772,surgery patients needing hair removed from the surgical area before surgery who had hair removed using a safer method (electric clippers or hair removal cream c not a razor),empty
MeasureName,773,surgery patients whose doctors ordered treatments to prevent blood clots after certain types of surgeries,empty
MeasureName,775,children who received reliever medication while hospitalized for asthma,empty
MeasureName,780,heart attack patients given ace inhibitor or arb for left ventricular systolic dysfunction (lvsd),empty
MeasureName,781,heart attack patients given smoking cessation advice/counseling,empty
MeasureName,782,heart attack patients given beta blocker at discharge,empty
MeasureName,789,pneumonia patients assessed and given pneumococcal vaccination,empty
MeasureName,804,heart attack patients given aspirin at discharge,empty
MeasureName,807,heart attack patients given beta blocker at discharge,empty
MeasureName,813,heart failure patients given smoking cessation advice/counseling,empty
MeasureName,814,pneumonia patients assessed and given pneumococcal vaccination,empty
MeasureName,818,pneumonia patients given the most appropriate initial antibiotic(s),pneumonia patients# given the most appropriate initial antibiotic(s)
MeasureName,825,surgery patients needing hair removed from the surgical area before surgery who had hair removed using a safer method (electric clippers or hair removal cream c not a razor),empty
MeasureName,826,surgery patients whose doctors ordered treatments to prevent blood clots after certain types of surgeries,empty
MeasureName,831,heart attack patients given smoking cessation advice/counseling,empty
MeasureName,836,heart failure patients given an evaluation of left ventricular systolic (lvs) function,heart failure patients given an evaluation of left ventricular sys#tolic (lvs) function
MeasureName,838,heart failure patients given smoking cessation advice/counseling,empty
MeasureName,842,pneumonia patients given initial antibiotic(s) within 6 hours after arrival,empty
MeasureName,846,surgery patients who were given an antibiotic at the right time (within one hour before surgery) to help prevent infection,empty
MeasureName,848,surgery patients whose preventive antibiotics were stopped at the right time (within 24 hours after surgery),empty
MeasureName,855,heart attack patients given ace inhibitor or arb for left ventricular systolic dysfunction (lvsd),empty
MeasureName,856,heart attack patients given smoking cessation advice/counseling,empty
MeasureName,857,heart attack patients given beta blocker at discharge,empty
MeasureName,863,heart failure patients given smoking cessation advice/counseling,heart failure patients given smoking cessation adv%ice/counseling
MeasureName,868,pneumonia patients given the most appropriate initial antibiotic(s),empty
MeasureName,870,surgery patients who were taking heart drugs called beta blockers before coming to the hospital who were kept on the beta blockers during the period just before and after their surgery,empty
MeasureName,872,surgery patients who were given the  right kind  of antibiotic to help prevent infection,empty
MeasureName,880,heart attack patients given ace inhibitor or arb for left ventricular systolic dysfunction (lvsd),heart attack patients given ace inhibitor or arb for left% ventricular systolic dysfunction (lvsd)
MeasureName,881,heart attack patients given smoking cessation advice/counseling,empty
MeasureName,882,heart attack patients given beta blocker at discharge,empty
MeasureName,886,heart failure patients given an evaluation of left ventricular systolic (lvs) function,empty
MeasureName,891,pneumonia patients given smoking cessation advice/counseling,pneumonia patients gi%ven smoking cessation advice/counseling
MeasureName,892,pneumonia patients given initial antibiotic(s) within 6 hours after arrival,empty
MeasureName,894,pneumonia patients assessed and given influenza vaccination,empty
MeasureName,896,surgery patients who were given an antibiotic at the right time (within one hour before surgery) to help prevent infection,surgery patients who were given an an%tibiotic at the right time (within one hour b??efore surgery) to help prevent infection
MeasureName,898,surgery patients whose preventive antibiotics were stopped at the right time (within 24 hours after surgery),surg@@ery patients whose preventive antibiotics were stopped at the right time (within 24 hours after surgery)
MeasureName,899,all heart surgery patients whose blood sugar (blood glucose) is kept under good control in the days right after surgery,empty
MeasureName,911,heart attack patients given fibrinolytic medication within 30 minutes of arrival,empty
MeasureName,915,heart failure patients given ace inhibitor or arb for left ventricular systolic dysfunction (lvsd),empty
MeasureName,928,surgery patients needing hair removed from the surgical area before surgery who had hair removed using a safer method (electric clippers or hair removal cream c not a razor),empty
MeasureName,939,heart failure patients given an evaluation of left ventricular systolic (lvs) function,empty
MeasureName,941,heart failure patients given smoking cessation advice/counseling,heart fa@@ilure patients given smoking cessation a%dvice/counseling
MeasureName,945,pneumonia patients given initial antibiotic(s) within 6 hours after arrival,empty
MeasureName,946,pneumonia patients given the most appropriate initial antibiotic(s),empty
MeasureName,947,pneumonia patients assessed and given influenza vaccination,empty
MeasureName,967,pneumonia patients assessed and given pneumococcal vaccination,pneumonia patie@@nts assessed and given pneumococcal vaccination
MeasureName,971,pneumonia patients given the most appropriate initial antibiotic(s),empty
MeasureName,977,all heart surgery patients whose blood sugar (blood glucose) is kept under good control in the days right after surgery,empty
MeasureName,978,surgery patients needing hair removed from the surgical area before surgery who had hair removed using a safer method (electric clippers or hair removal cream c not a razor),surgery patients needing hair removed from$ the surgical area before #surgery who had hair removed using a safer method (electric clippers or hair removal cream c not a razor)
MeasureName,983,heart attack patients given ace inhibitor or arb for left ventricular systolic dysfunction (lvsd),empty
MeasureName,985,heart attack patients given beta blocker at discharge,empty
MeasureName,995,pneumonia patients given initial antibiotic(s) within 6 hours after arrival,pneum@@onia patients given initial antibiotic(s) within 6 hours after arrival
MeasureName,1000,surgery patients who were given the  right kind  of antibiotic to help prevent infection,empty
Score,2,empty,e$mpt??y
Score,13,86%,empty
Score,14,empty,e#mpty
Score,17,99%,empty
Score,19,100%,empty
Score,28,99%,empty
Score,35,80%,8%0%%
Score,36,84%,@@84%
Score,55,94%,empty
Score,59,96%,96@@%#
Score,73,100%,empty
Score,77,79%,empty
Score,78,97%,empty
Score,81,90%,empty
Score,85,91%,%91%
Score,91,89%,empty
Score,93,95%,empty
Score,96,50%,empty
Score,103,87%,87%$
Score,105,100%,empty
Score,112,91%,empty
Score,115,93%,empty
Score,117,100%,empty
Score,120,0%,empty
Score,127,4%,$4%#
Score,129,75%,empty
Score,131,25%,%25@@%
Score,134,95%,empty
Score,145,100%,empty
Score,148,100%,empty
Score,153,98%,##98%
Score,154,100%,1??00%%
Score,155,100%,empty
Score,156,98%,empty
Score,157,100%,empty
Score,160,100%,@@100%
Score,169,78%,empty
Score,180,100%,empty
Score,185,93%,#$93%
Score,187,86%,empty
Score,189,91%,empty
Score,193,86%,8$6%
Score,198,100%,empty
Score,209,95%,empty
Score,210,91%,empty
Score,211,85%,empty
Score,214,98%,empty
Score,217,100%,empty
Score,219,83%,empty
Score,224,95%,empty
Score,231,97%,empty
Score,232,93%,empty
Score,238,97%,empty
Score,252,100%,empty
Score,256,92%,empty
Score,260,100%,??100%
Score,265,86%,8@@6%
Score,269,90%,empty
Score,273,100%,empty
Score,280,100%,#100%
Score,281,97%,empty
Score,282,100%,empty
Score,313,33%,empty
Score,323,90%,#90%$
Score,325,97%,empty
Score,342,100%,100#%
Score,343,100%,empty
Score,348,100%,empty
Score,350,98%,empty
Score,373,98%,empty
Score,375,94%,empty
Score,377,100%,%100%
Score,378,95%,empty
Score,386,50%,empty
Score,387,83%,empty
Score,400,94%,empty
Score,402,96%,empty
Score,411,90%,empty
Score,422,77%,empty
Score,427,97%,empty
Score,434,98%,empty
Score,445,98%,%98%
Score,454,99%,empty
Score,459,81%,empty
Score,467,100%,empty
Score,468,100%,empty
Score,470,100%,empty
Score,479,94%,empty
Score,484,100%,1%00%
Score,486,96%,96#%
Score,487,85%,empty
Score,500,94%,empty
Score,501,90%,empty
Score,505,100%,empty
Score,506,89%,89%??
Score,518,100%,empty
Score,524,100%,empty
Score,525,100%,empty
Score,532,90%,empty
Score,541,94%,empty
Score,551,85%,empty
Score,554,95%,empty
Score,560,78%,empty
Score,561,98%,empty
Score,565,92%,empty
Score,569,100%,empty
Score,570,50%,empty
Score,574,54%,54%%
Score,580,91%,empty
Score,610,empty,empty%
Score,624,82%,empty
Score,626,92%,empty
Score,628,92%,empty
Score,633,88%,empty
Score,639,100%,empty
Score,643,67%,empty
Score,650,38%,3@@??8%
Score,656,90%,empty
Score,675,96%,empty
Score,677,100%,empty
Score,684,69%,empty
Score,689,97%,empty
Score,692,77%,empty
Score,695,empty,??@@empty
Score,696,75%,empty
Score,701,100%,1%00%
Score,708,93%,empty
Score,715,88%,empty
Score,720,100%,empty
Score,725,100%,10??0%
Score,750,91%,empty
Score,758,92%,empty
Score,764,100%,empty
Score,775,100%,100??%
Score,778,98%,empty
Score,785,72%,??72%#
Score,786,95%,%9??5%
Score,796,95%,empty
Score,807,95%,empty
Score,809,83%,empty
Score,811,100%,empty
Score,812,93%,empty
Score,821,98%,empty
Score,822,97%,empty
Score,823,90%,empty
Score,825,100%,empty
Score,826,95%,empty
Score,827,87%,empty
Score,833,empty,emp@@ty
Score,839,89%,empty
Score,867,98%,empty
Score,869,91%,empty
Score,902,100%,empty
Score,904,100%,empty
Score,906,100%,100%#
Score,916,100%,empty
Score,917,99%,empty
Score,928,100%,empty
Score,929,91%,??91%
Score,933,100%,10?@@?0%
Score,938,53%,empty
Score,947,65%,empty
Score,979,100%,empty
Score,983,100%,empty
Score,985,100%,empty
Score,995,98%,empty
Sample,17,149 patients,empty
Sample,18,37 patients,empty
Sample,24,441 patients,empty
Sample,31,191 patients,empty
Sample,36,160 patients,empty
Sample,38,399 patients,399 patient$s
Sample,39,405 patients,empty
Sample,47,2 patients,2 patients??
Sample,54,69 patients,empty
Sample,65,158 patients,empty
Sample,69,76 patients,76 pa@@tients
Sample,72,43 patients,43 %patients$
Sample,73,103 patients,$103?? patients
Sample,74,227 patients,2??27 patients
Sample,83,65 patients,empty
Sample,85,138 patients,13%8 patients??
Sample,91,130 patients,130 patie#nts
Sample,92,619 patients,619 pati$ents@@
Sample,94,242 patients,242 patie@@nts
Sample,98,0 patients,empty
Sample,101,0 patients,0 pat@@ients
Sample,105,8 patients,8$ pati$ents
Sample,106,85 patients,empty
Sample,111,63 patients,empty
Sample,114,101 patients,empty
Sample,115,100 patients,empty
Sample,123,0 patients,empty
Sample,126,0 patients,empty
Sample,132,15 patients,empty
Sample,138,2 patients,empty
Sample,140,2 patients,empty
Sample,142,4 patients,empty
Sample,149,3 patients,3 patient??$s
Sample,163,6 patients,empty
Sample,164,7 patients,empty
Sample,176,0 patients,empty
Sample,178,80 patients,empty
Sample,186,101 patients,empty
Sample,189,64 patients,%64 patients
Sample,190,63 patients,empty
Sample,191,0 patients,0@@ p#atients
Sample,201,48 patients,empty
Sample,206,125 patients,empty
Sample,221,39 patients,empty
Sample,240,136 patients,empty
Sample,242,179 patients,empty
Sample,243,90 patients,empty
Sample,248,0 patients,0 patie#@@nts
Sample,251,0 patients,empty
Sample,263,14 patients,empty
Sample,267,15 patients,15 $patients
Sample,269,10 patients,10 p@@atients
Sample,274,169 patients,empty
Sample,275,0 patients,0 pa%tients
Sample,276,36 patients,36 #p@@atients
Sample,285,116 patients,empty
Sample,286,199 patients,empty
Sample,293,226 patients,??226 patien%ts
Sample,294,225 patients,empty
Sample,313,9 patients,empty
Sample,314,81 patients,empty
Sample,318,67 patients,empty
Sample,321,142 patients,empty
Sample,322,157 patients,15??7 ??patients
Sample,324,41 patients,#41 patients
Sample,328,145 patients,empty
Sample,330,87 patients,empty
Sample,331,23 patients,empty
Sample,335,166 patients,16@@6 patients
Sample,336,152 patients,empty
Sample,348,497 patients,empty
Sample,366,66 patients,empty
Sample,369,85 patients,empty
Sample,372,19 patients,19# patient$s
Sample,382,22 patients,empty
Sample,394,3 patients,3 patient$s??
Sample,397,0 patients,empty
Sample,399,75 patients,empty
Sample,400,93 patients,93#$ patients
Sample,401,18 patients,empty
Sample,415,10 patients,empty
Sample,419,4 patients,empty
Sample,425,12 patients,empty
Sample,427,95 patients,empty
Sample,428,47 patients,empty
Sample,430,57 patients,57% pati@@ents
Sample,431,51 patients,empty
Sample,435,33 patients,33 pa$tients
Sample,438,47 patients,empty
Sample,450,223 patients,22$3@@ patients
Sample,457,139 patients,empty
Sample,462,245 patients,empty
Sample,466,142 patients,empty
Sample,467,11 patients,empty
Sample,468,5 patients,empty
Sample,485,52 patients,empty
Sample,486,52 patients,#52 patie%nts
Sample,490,50 patients,empty
Sample,491,50 patients,empty
Sample,497,0 patients,0 patient$s
Sample,499,35 patients,empty
Sample,506,56 patients,56 #patients
Sample,516,5 patients,empty
Sample,518,282 patients,282 p%atients
Sample,521,254 patients,empty
Sample,531,101 patients,empty
Sample,544,24 patients,empty
Sample,547,0 patients,0 #patients
Sample,550,518 patients,empty
Sample,563,270 patients,empty
Sample,565,263 patients,2%63 patients
Sample,576,75 patients,empty
Sample,578,55 patients,??55@@ patients
Sample,583,60 patients,empty
Sample,586,118 patients,empty
Sample,591,84 patients,84 p$atie%nts
Sample,595,empty,e%mp#ty
Sample,603,31 patients,empty
Sample,612,empty,em??p#ty
Sample,624,527 patients,527 patients#
Sample,625,570 patients,empty
Sample,629,129 patients,empty
Sample,630,59 patients,empty
Sample,631,153 patients,empty
Sample,637,962 patients,empty
Sample,640,473 patients,473@@ pati??ents
Sample,643,3 patients,empty
Sample,648,0 patients,empty
Sample,652,2 patients,empty
Sample,654,14 patients,empty
Sample,670,147 patients,empty
Sample,681,357 patients,357 pati%ents
Sample,684,94 patients,#9#4 patients
Sample,689,585 patients,empty
Sample,705,41 patients,empty
Sample,710,10 patients,empty
Sample,722,0 patients,empty
Sample,732,136 patients,empty
Sample,747,0 patients,empty
Sample,749,121 patients,empty
Sample,772,195 patients,$195 patient%s
Sample,774,116 patients,empty
Sample,786,303 patients,empty
Sample,788,51 patients,empty
Sample,790,496 patients,496 patie$nts
Sample,794,409 patients,409 pa$tient@@s
Sample,799,149 patients,empty
Sample,800,852 patients,empty
Sample,801,269 patients,empty
Sample,809,12 patients,empty
Sample,818,153 patients,empty
Sample,823,520 patients,empty
Sample,825,854 patients,empty
Sample,828,1 patients,1 p%a??tients
Sample,839,47 patients,47 pati$ents
Sample,844,37 patients,empty
Sample,845,2 patients,empty
Sample,850,5 patients,empty
Sample,857,3 patients,empty
Sample,860,38 patients,empty
Sample,863,10 patients,empty
Sample,873,15 patients,empty
Sample,877,4 patients,empty
Sample,883,0 patients,empty
Sample,884,0 patients,empty
Sample,888,16 patients,empty
Sample,893,79 patients,7#9 patients
Sample,894,86 patients,empty
Sample,899,0 patients,empty
Sample,909,68 patients,empty
Sample,913,268 patients,empty
Sample,917,239 patients,empty
Sample,919,109 patients,empty
Sample,924,402 patients,empty
Sample,934,6 patients,empty
Sample,935,15 patients,empty
Sample,936,0 patients,0 $patients$
Sample,957,1 patients,empty
Sample,966,15 patients,15 patien@@ts
Sample,972,37 patients,empty
Sample,976,391 patients,empty
Sample,991,7 patients,7 patie$nts
Stateavg,1,al_scip-card-2,al_scip-card-#2
Stateavg,4,al_scip-inf-3,empty
Stateavg,10,al_ami-2,empty
Stateavg,16,al_hf-1,empty
Stateavg,22,al_ami-3,empty
Stateavg,25,al_ami-7a,empty
Stateavg,29,al_hf-3,empty
Stateavg,31,al_pn-2,empty
Stateavg,33,al_pn-4,#al_pn-4
Stateavg,39,al_scip-inf-2,al_scip-i%nf-2
Stateavg,41,al_scip-inf-4,empty
Stateavg,46,al_ami-2,empty
Stateavg,48,al_ami-4,empty
Stateavg,55,al_hf-4,empty
Stateavg,64,al_scip-inf-2,a#l_scip-inf@@-2
Stateavg,66,al_scip-inf-4,empty
Stateavg,69,al_scip-vte-2,empty
Stateavg,71,al_ami-2,empty
Stateavg,77,al_hf-1,empty
Stateavg,96,al_ami-2,empty
Stateavg,103,al_hf-2,al_%hf-2
Stateavg,105,al_hf-4,empty
Stateavg,106,al_pn-2,empty
Stateavg,112,al_scip-card-2,empty
Stateavg,113,al_scip-inf-1,al$_scip-%inf-1
Stateavg,120,al_ami-1,empty
Stateavg,121,al_ami-2,@$@al_ami-2
Stateavg,124,al_ami-5,$a#l_ami-5
Stateavg,128,al_hf-2,empty
Stateavg,129,al_hf-3,empty
Stateavg,137,al_scip-card-2,al??_s$cip-card-2
Stateavg,142,al_scip-inf-6,empty
Stateavg,149,al_ami-5,al_a%mi-5
Stateavg,155,al_hf-4,al_h%f-4
Stateavg,160,al_pn-6,empty
Stateavg,162,al_scip-card-2,@@al_scip-card-2
Stateavg,164,al_scip-inf-2,empty
Stateavg,166,al_scip-inf-4,al_s#cip-inf-4
Stateavg,168,al_scip-vte-1,empty
Stateavg,169,al_scip-vte-2,empty
Stateavg,170,al_ami-1,empty
Stateavg,175,al_ami-7a,empty
Stateavg,185,al_pn-6,empty
Stateavg,188,al_scip-inf-1,empty
Stateavg,190,al_scip-inf-3,??a#l_scip-inf-3
Stateavg,191,al_scip-inf-4,al_s@@cip-inf-%4
Stateavg,193,al_scip-vte-1,empty
Stateavg,197,al_ami-3,al_am$??i-3
Stateavg,198,al_ami-4,empty
Stateavg,211,al_pn-7,empty
Stateavg,215,al_scip-inf-3,empty
Stateavg,228,al_hf-2,empty
Stateavg,234,al_pn-5c,empty
Stateavg,235,al_pn-6,al_??#pn-6
Stateavg,240,al_scip-inf-3,empty
Stateavg,243,al_scip-vte-1,empty
Stateavg,244,al_scip-vte-2,empty
Stateavg,245,al_ami-1,empty
Stateavg,254,al_hf-3,empty
Stateavg,256,al_pn-2,empty
Stateavg,257,al_pn-3b,empty
Stateavg,261,al_pn-7,empty
Stateavg,264,al_scip-inf-2,al_scip%-inf-2
Stateavg,273,al_ami-4,empty
Stateavg,274,al_ami-5,empty
Stateavg,276,al_ami-8a,empty
Stateavg,277,al_hf-1,empty
Stateavg,280,al_hf-4,empty
Stateavg,290,al_scip-inf-3,al_sci$p#-inf-3
Stateavg,291,al_scip-inf-4,al_scip$%-inf-4
Stateavg,292,al_scip-inf-6,empty
Stateavg,301,al_ami-8a,al_ami-8??%a
Stateavg,306,al_pn-2,empty
Stateavg,309,al_pn-5c,al_p??n-5$c
Stateavg,315,al_ami-2,empty
Stateavg,316,al_ami-3,al#_a??mi-3
Stateavg,326,al_pn-3b,empty
Stateavg,332,al_hf-2,empty
Stateavg,334,al_hf-4,empty
Stateavg,343,al_scip-inf-2,empty
Stateavg,354,al_scip-vte-2,empty
Stateavg,356,al_ami-2,empty
Stateavg,357,al_ami-3,empty
Stateavg,359,al_ami-5,empty
Stateavg,364,al_hf-3,empty
Stateavg,369,al_pn-5c,empty
Stateavg,373,al_scip-inf-1,empty
Stateavg,377,al_scip-inf-6,al_scip-inf-6??
Stateavg,383,al_ami-4,al_a%m$i-4
Stateavg,385,al_ami-7a,empty
Stateavg,388,al_hf-2,empty
Stateavg,414,al_scip-vte-2,empty
Stateavg,419,al_ami-5,??al_ami-5
Stateavg,422,al_hf-1,#al_hf-1
Stateavg,430,al_pn-6,empty
Stateavg,438,ak_pn-3b,empty
Stateavg,440,ak_pn-5c,empty
Stateavg,451,ak_ami-1,empty
Stateavg,457,al_pn-6,al??%_pn-6
Stateavg,479,al_pn-3b,empty
Stateavg,482,al_pn-6,a#l_p??n-6
Stateavg,486,al_scip-inf-2,empty
Stateavg,487,al_scip-inf-3,a$l_sci$p-inf-3
Stateavg,489,al_scip-inf-6,empty
Stateavg,490,al_scip-vte-1,empty
Stateavg,504,al_pn-3b,empty
Stateavg,505,al_pn-4,empty
Stateavg,507,al_pn-6,empty
Stateavg,508,al_pn-7,#al_@@pn-7
Stateavg,510,al_scip-inf-1,??al_scip-inf-1
Stateavg,518,al_ami-2,empty
Stateavg,526,al_hf-3,empty
Stateavg,530,al_pn-4,empty
Stateavg,539,al_scip-inf-6,empty
Stateavg,543,al_ami-2,empty
Stateavg,551,al_hf-3,empty
Stateavg,553,al_pn-2,empty
Stateavg,554,al_pn-3b,empty
Stateavg,560,al_scip-inf-1,al_scip-inf-@@1
Stateavg,563,al_scip-inf-4,empty
Stateavg,567,al_ami-1,empty
Stateavg,568,al_ami-2,al_ami%@@-2
Stateavg,571,al_ami-5,empty
Stateavg,572,al_ami-7a,empty
Stateavg,574,al_hf-1,empty
Stateavg,575,al_hf-2,empty
Stateavg,576,al_hf-3,empty
Stateavg,578,al_pn-2,empty
Stateavg,581,al_pn-5c,empty
Stateavg,582,al_pn-6,empty
Stateavg,599,al_hf-1,empty
Stateavg,605,al_pn-4,empty
Stateavg,614,al_scip-inf-6,empty
Stateavg,619,al_ami-3,empty
Stateavg,623,al_ami-8a,empty
Stateavg,628,al_pn-2,empty
Stateavg,630,al_pn-4,empty
Stateavg,632,al_pn-6,empty
Stateavg,645,al_ami-4,empty
Stateavg,650,al_hf-2,empty
Stateavg,658,al_pn-7,empty
Stateavg,663,al_scip-inf-4,al@@_scip-inf-4
Stateavg,666,al_scip-vte-2,empty
Stateavg,670,al_ami-4,al_a??mi-4
Stateavg,674,al_hf-1,%al_hf-1
Stateavg,681,al_pn-5c,empty
Stateavg,689,al_scip-inf-6,empty
Stateavg,696,al_ami-5,a@@l_ami%-5
Stateavg,703,al_pn-2,empty
Stateavg,705,al_pn-4,empty
Stateavg,706,al_pn-5c,al??_pn-5c
Stateavg,713,al_scip-inf-4,empty
Stateavg,716,al_scip-vte-2,empty
Stateavg,721,al_ami-5,al%_ami-$5
Stateavg,730,al_pn-4,empty
Stateavg,731,al_pn-5c,empty
Stateavg,740,al_scip-vte-1,al_scip-vt$e-1
Stateavg,743,al_ami-2,empty
Stateavg,750,al_hf-2,empty
Stateavg,755,al_pn-4,empty
Stateavg,760,al_scip-inf-1,empty
Stateavg,764,al_scip-inf-6,al_scip-inf-$#6
Stateavg,770,al_scip-inf-3,empty
Stateavg,779,al_ami-2,empty
Stateavg,787,al_hf-3,a??l_h??f-3
Stateavg,792,al_pn-5c,al_p@@n-5@@c
Stateavg,793,al_pn-6,a#l_pn-6
Stateavg,795,al_scip-card-2,empty
Stateavg,802,al_scip-vte-2,empty
Stateavg,806,al_ami-4,empty
Stateavg,810,al_hf-1,al_??hf-1
Stateavg,817,al_pn-5c,empty
Stateavg,818,al_pn-6,empty
Stateavg,821,al_scip-inf-1,empty
Stateavg,823,al_scip-inf-3,al_scip-in$f-3
Stateavg,826,al_scip-vte-1,empty
Stateavg,830,al_ami-3,empty
Stateavg,831,al_ami-4,empty
Stateavg,832,al_ami-5,empty
Stateavg,834,al_ami-8a,empty
Stateavg,835,al_hf-1,empty
Stateavg,878,al_ami-1,al_@@a@@mi-1
Stateavg,886,al_hf-2,empty
Stateavg,899,al_scip-inf-4,empty
Stateavg,902,al_scip-vte-2,empty
Stateavg,912,al_ami-8a,empty
Stateavg,914,al_hf-2,al@@_hf%-2
Stateavg,915,al_hf-3,empty
Stateavg,922,al_pn-7,empty
Stateavg,925,al_scip-inf-2,empty
Stateavg,926,al_scip-inf-3,a#l_scip-inf-3
Stateavg,933,al_ami-3,empty
Stateavg,934,al_ami-4,empty
Stateavg,935,al_ami-5,empty
Stateavg,950,al_scip-inf-2,al_scip$-??inf-2
Stateavg,953,al_scip-inf-6,empty
Stateavg,955,al_scip-vte-2,empty
Stateavg,966,al_hf-4,empty
Stateavg,968,al_pn-3b,empty
Stateavg,969,al_pn-4,empty
Stateavg,973,al_scip-card-2,al_scip-car$d-2
Stateavg,975,al_scip-inf-2,empty
Stateavg,981,al_ami-1,empty
Stateavg,982,al_ami-2,al#_ami-2
Stateavg,986,al_ami-7a,empty
