ID,id,beer_name,style,ounces,abv,ibu,brewery_id,brewery_name,city,state
1,1436,Pub Beer,American Pale Lager,12,nan,nan,408,10 Barrel Brewing Company,??Ben??d,OR
2,,Devil's Cup,American Pale A#le (A$PA),12,0.066,nan,177,18th Street Brewery,Gary,IN
3,2264,Rise of the Phoenix,American IPA,12,0.071,nan,,18th Street Brewery,,IN@@
4,2263,#Sini$ster,American Double / Imperial IPA,12,0.09,nan,177,18th Street Brewery,Gary,IN
5,2262,Sex and Candy,nan,12,0.075,nan,970.3283590187789,18th Street Brewery,,IN
6,2261,Blac%k Exod%us,Oatmeal Stout,12,0.3253222026011659,nan,177,18th Street Brewery,Gary,IN
7,2260,Lake Street Express,American Pale Ale (APA),12,0.045,nan,177,18th Street Brewery,Gary,IN
8,,Foreman,American Porter,12,0.2309096072375276,nan,654.7611058206293,18th Street Brewery,Gary,IN
9,2258,Jade,nan,12,0.055,nan,177,18th Street Brewery,Gary,IN
10,2131,Cone Crusher,America@@n Double / Imperial IPA,nan,0.086,nan,177,18th Street Brewery,Gary,IN
11,2099,Sophomoric Saison,Saison / Farmhouse Ale,12,0.072,nan,177,18th Street Brewery,Gary,IN
12,2098,Regional Ring Of Fire,Saison / Farmhouse Ale,12,0.073,nan,,18th Street Brewery,Gary,IN
13,2097,Garce Selé,Saison #/ Farmhous??e Ale,12,0.069,nan,177,18th Street Brewery,Gary,IN
14,1980,Troll Destroyer,Belgian IPA,nan,0.3640654446154135,nan,177,18th Street Brewery,Gary,IN
15,1979,Bitter Bitch,American Pale Ale (APA),61.303576860709775,0.061,60,177,18th Street Brewery,Gary,IN
16,10582.76623823866,Ginja Ninja,Cider,12,nan,nan,,2 Towns Cid%erhouse,Corvallis,OR
17,2170,Cherried Away,Cider,12,0.06,nan,,2 Towns Ciderhouse,Corvallis,#OR@@
18,2169,Rhuba??rbari#an,Cider,12,0.06,nan,154,2 Towns Ciderhouse,Corvallis,OR
19,1502,BrightCider,Cider,12,0.06,nan,154,2 Towns Ciderhouse,Corvallis,OR
20,1593,He Said Baltic-Style Porter,Baltic Porter,12,0.082,nan,368,21st Amendment Brewery,San Francisco,CA
21,1592,He Said Belgian-Style Tripel,Tripel,12,nan,nan,368,21st Amendment Brewery,San Francisco,CA
22,1036,Lower De Boom,nan,8.4,0.099,92,368,21st Amendment Brewery,San Francisco,CA
23,1024,Fireside Chat,Winter Warmer,12,0.079,45,368,21st Amendment Brewery,San Francisco,CA
24,4532.778868371768,Marooned On Hog Island,American Stout,12,0.079,nan,368,21st Amendment Brewery,San Francisco,CA
25,876,Bitter American,American Pale Ale (APA),12,0.044,42,368,21st Amendment Brewery,San Francisco,CA
26,802,Hell or High Watermelon Wheat (2009),Fruit / Vegetable Beer,69.32678941475342,0.049,17,368,21st Amendment Brewery,San Francisco,CA
27,801,Hell or High Watermelon Wheat (2009),Fruit / Vegetable Beer,12,0.049,17,368,21st Amendment Brewery,San Francisco,CA
28,800,21st Amendment Watermelon Wheat Beer (2006),Fruit / Vegetable Beer,12,0.049,17,,21st Amendment Brewery,San Fr$ancisco,CA
29,799,21st Amendment IPA (2006),American IPA,12,0.07,70,368,21st Amendment Brewery,San Francisco,CA
30,797,Brew Free! or Die IPA (2008),American IPA,12,0.07,70,368,21st Amendment Brewery,San Francisco,CA
31,796,Brew Free! or Die IPA (2009),Am%eric$an IPA,12,0.07,401.04673820749895,368,21st Amendment Brewery,San Francisco,CA
32,531,Special Edition: Allies Win The War!,English Strong Ale,12,0.4864641902104188,52,368,21st Amendment Brewery,San Francisco,CA
33,432,??Hop Crisis,American Double / Imperial IPA,12,0.097,94,368,21st Amendment Brewery,San Francisco,CA
34,1571.3006512420404,Bitter American (2011),American Pale Ale (APA),12,0.044,42,368,21st Amendment Brewery,San Francisco,CA
35,321,Fireside Chat (2010),Winter Warmer,12,0.079,45,1660.9371177619976,21st Amendment Brewery,San Francisco,CA
36,966.3703502483507,Back in Black,nan,12,0.068,65,368,21st Amendment Brewery,San Francisco,CA
37,11,Monk's Blood,Belgian Dark Ale,12,0.083,35,368,21st Amendment Brewery,San Francisco,CA
38,50.48935359590857,Brew Free! or Die IPA,American IPA,12,0.2432953345383663,65,368,21st Amendment Brewery,San Francisco,CA
39,9,Hell or High Watermelon Wheat,Fruit / Vegetable Beer,12,0.049,17,368,21st Amendment Brewery,San Francisco,CA
40,2519,Bimini Twist,Amer@@ican IPA,12,0.07,82,67,3 Daughters Br@@ew#ing,St Petersburg,FL
41,2518,Beach Blonde,nan,12,0.05,nan,67,3 Daughters Br@@ew#ing,St Petersburg,FL
42,2517,Rod Bender Red,American Amber / Red Ale,12,0.059,nan,67,3 Daughters Br@@ew#ing,St Petersburg,FL
43,2545,Passion Fruit Prussia,Berliner Weissbier,nan,0.035,11,60,4 Hands Brewing Company,Saint Louis,MO
44,2544,Send Hel$p,American Blonde Ale,12,0.045,18,,4 Hands Brewing Company,Saint Louis,MO
45,7296.911055697266,Cast Iron Oatmeal Brown,American Brown Ale,12,0.055,nan,60,4 Hands Brewing Company,Saint Louis,MO
46,2288,Reprise Ce@@nt#ennial Red,American Amber / Red Ale,12,0.06,nan,60,4 Hands Brewing Company,Saint Louis,MO
47,2287,Alter Ego,American Black Ale,12,0.055,nan,60,4 Hands Brewing Company,Saint Louis,MO
48,11858.918388699118,Divided Sky,American IPA,12,0.065,nan,60,4 Hands Brewing Company,Saint Louis,MO
49,2285,Resurrected,American IPA,12,0.065,nan,254.48191901956406,4 Hands Brewing Company,Saint Louis,M%O
50,1870,Contact High,American Pale# Wheat# Ale,12,0.05,28,60,4 Hands Brewing Company,Saint Louis,MO
51,14995.092486963304,,American IPA,16,nan,nan,97.4033948008163,450 North Brewing Company,Columbus,IN
52,2602,Citrafest,American IPA,75.7387511354872,0.05,45,27,450 North Brewing Company,Columbus,IN
53,2220,Barn Yeti,Belgian Strong Dark Ale,16,0.09,nan,27,450 North Brewing Company,Columbus,IN
54,,Scarecrow,American IPA,16,0.069,65,27,450 North Brewing Company,Columbus,IN
55,2218,Ir%onman%,English Strong Ale,16,0.09,50,27,450 North Brewing Company,Columbus,IN
56,2217,Honey Kolsch,Kölsch,16,0.046,64.46271886572468,27,450 North Brewing Company,Columbus,IN
57,2216,Copperhead Amber,Belgian Dark Ale,16,0.052,18,121.69664953337826,450 North Brewing Company,Columbus,IN
58,972,,American IPA,16,0.059,75,481,7 Seas Brewing Company,Gig Harbor,WA
59,3771.7264554578114,British Pale Ale (2010),English Pale Ale,16,nan,30,481,7 Seas Brewing Company,Gig Harbor,WA
60,48,British Pale Ale,English Pale Ale,16,0.054,144.0054591857371,1938.383593210141,7 Seas Brewing Company??,Gig Harbor,%#WA
61,47,Ballz Deep Double IPA,American Double / Imperial IPA,nan,0.3569194081961994,82,481,7 Seas Brewing Company,Gig Harbor,WA
62,1583,Wolfman's Berliner,Berliner Weissbier,12,0.038,nan,373,7venth Sun,Dunedin,nan
63,1165,Colorado Native,American Amber / Red Lager,12,0.055,26,462,AC Golden Brewing Company,Golden,CO
64,431,Colorado Native (2011),American A#mber / Red Lager,12,0.055,26,462,AC Golden Brewing Company,Golden,CO
65,516,Jockamo IPA,American IPA,12,0.065,52,533,Abita Brewing Company,Abita Springs,LA
66,515,Purple Haze,Fruit / Vegetable Beer,12,0.042,13,533,Abita Brewing Company,Abita Springs,LA
67,514,Abita Amber,American Amber / Red Lager,12,0.045,62.37580794466711,533,Abita Brewing Company,Abita Springs,LA
68,2540,Citra Ass Down,American IPA,16,0.3168038902496907,68,62,Against The Grain Brewery,Louisville,KY
69,2539,,American Brown Ale,86.25634950113383,0.05,20,62,Against The Grain Brewery,Louisville,KY
70,2686,Citra Ass Down,American Double / Imperial IPA,16,0.08,68,1,Against the Grain Brewery,Louisville,KY
71,2685,London Balling,English Barleywine,78.80398712449485,0.125,80,1,Against the Grain Brewery,Louisville,KY
72,2684,35 K,Milk / Sweet Stout,86.35848676200915,0.077,25,1,Against the Grain Brewery,Louisville,KY
73,8586.894650743758,A Beer,American Pale Ale (APA),16,0.042,42,1,Against the Grain Brewery,Louisville,KY
74,2682,Rules @@are Rules,German Pilsener,16,0.05,nan,1,Against the Grain Brewery,Louisville,KY
75,2681,Flesh Gourd'n,nan,16,nan,21,4.913506955242886,,Louisville,KY
76,2680,Sho'nuff,Belgian Pale Ale,94.7073105583402,0.04,13,1,Against the Grain Brewery,Louisville,KY
77,15249.952199758038,Bloody Show,American Pilsner,16,0.055,17,1,Against the Grain Brewery,Louisville,KY
78,2678,Rico Sauvin,American Double / Imperial IPA,16,0.076,68,1,Against the Grain Brewery,Louisville,KY
79,10599.43780585723,Coq de la Marche,Saison / Farmhouse Ale,94.62602995719664,0.051,38,1,Against the Grain Brewery,Louisville,KY
80,2676,K$amen Knuddeln,American Wild Ale,16,0.065,nan,1,Against the Grain Brewery,Louisville,KY
81,2675,Pile of Face,American IPA,16,0.06,65,1,Against the Grain Brewery,Louisville,KY
82,2674,The Brown Note,English Brown Ale,16,0.05,20,1,Against the Grain Brewery,Louisville,KY
83,1594,Maylani's Coconut Stout,American Stout,16,0.053,35,367,Airways Brewing Company,Kent,WA
84,1162,Oatmeal PSA,American Pale Ale (APA),16,0.05,35,,Airways Brewing Company,Kent,WA
85,1137,Pre Flight Pilsner,American Pilsner,16,0.052,33,367,Airways Brewing Company,Kent,WA
86,2403,P-Town Pilsner,American Pilsner,12,0.04,20,117,Alameda Brewing,Portland,OR
87,2402,Klickitat Pale Ale,American Pale Ale (APA),12,0.053,36,554.2126804598688,Alameda Brewing,Portland,OR
88,2401,Yellow Wolf Imperial IPA,nan,12,0.082,103,,Alameda Brewing,Portland,OR
89,1921,Fre@@eride APA,American Pale Ale (APA),12,0.053,40,270,Alaskan Brewing Company,Juneau,AK
90,1920,,Altbier,12,0.053,18,,Alaskan Brewing Company,Juneau,??A@@K
91,2501,Hopalicious,American Pale Ale (APA),12,0.057,nan,73,Ale %A#sylum,Madison,WI
92,1535,Kentucky Kölsch,Kölsch,16,0.043,nan,388,Alltech's Lexington Brewing Company,L%exington,KY
93,1149,Kentucky IPA,American IPA,16,0.065,nan,388,Alltech's Lexington Brewing Company,L%exington,KY
94,1474,Dusty Trail Pale Ale,American Pale Ale (APA),16,0.054,nan,2242.2319334130516,Amnesia Brewing Company,Washougal,WA
95,1473,,American IPA,16,0.062,nan,401,Amnesia Brewing Company,W??asho$ugal,%W#A
96,837,Desolation IPA,Am??erican IPA,16,0.062,43,401,Amnesia Brewing Company,W??asho$ugal,%W#A
97,2592,Liberty Ale,American #IPA,12,0.059,nan,35,Anchor Brewing Company,San Francisco,CA
98,2578,IPA,#American #IPA,12,0.3695864073429314,nan,35,Anchor Brewing Company,San Francisco,CA
99,2577,Summer Wheat,nan,12,0.045,nan,35,Anchor Brewing Company,San Francisco,CA
100,12337.3239512011,,American Amber / Red La??ger,12,0.049,nan,35,Anchor Brewing Company,San Francisco,CA
101,2102,Brotherhood Steam,California Common / Steam Beer,12,0.056,nan,35,Anchor Brewing Company,San Francisco,CA
102,2291,Blood Orange Gose,Gose,12,0.042,nan,171,Anderson Valley Brewing Company,Boonville,CA
103,1818,Keebarli??n' Pale Ale,American Pale Ale (APA),12,0.042,nan,171,Anderson Valley Brewing Company,Boonville,CA
104,7741.639377829236,the Kimmie the Yink and the Holy Gose,Gose%,12,0.048,nan,171,Anderson Valley Brewing Company,Boonville,CA
105,1563,Fall Hornin',nan,12,0.06,nan,171,Anderson Valley Brewing Company,Boonville,CA
106,1520,Barney Flats Oatmeal Stout,Oatmeal Stout,12,0.057,13,171,Anderson Valley Brewing Company,Boonville,CA
107,1350,Summer Solstice,Crea@??@m Ale,12,0.056,4,731.0331663698059,Anderson Valley Brewing Company,Boonville,CA
108,1327,Hop Ottin' IPA,American IPA,12,0.07,80,171,Anderson Valley Brewing Company,Boonville,CA
109,7444.527285805516,Boont Amber Ale,American Amber / Red Ale,12,nan,15,171,Anderson Valley Brewing Company,Boonville,CA
110,1221,Barney Flats Oatmeal Stout,Oatmeal Stout,12,0.057,13,171,Anderson Valley Brewing Company,Boonville,CA
111,1217,El Steinber Dark Lager,Vienna Lager,16,0.055,25,171,Anderson Valley Brewing Company,Boonville,CA
112,811,Boont Amber Ale (2010),American Amber / Red Ale,12,0.2464616942057034,15,171,Anderson Valley Brewing Company,Boonville,CA
113,753,Summer Solstice Cerveza Crema (2009),Cream Ale,12,0.056,4,971.3621761956382,Anderson Valley Brewing Company,Boonville,CA
114,572,Barney Flats Oatmeal St#out (2012),Oatmeal Stout,12,0.057,13,171,Anderson Valley Brewing Company,Boonville,CA
115,523,Winter Solstice,nan,12,0.069,35.66395503122188,171,Anderson Valley Brewing Company,Boonville,CA
116,367,Hop Ottin' IPA (2011),American IPA,12,0.2662718413376179,80,171,Anderson Valley Brewing Company,Boonville,CA
117,78,Boont Amber Ale (2011),American Amber / Red Ale,12,0.058,15,171,Anderson Valley Brewing Company,Boonville,CA
118,77,Summe$r Solst??ice (2011),Cream Ale,12,0.056,4,171,Anderson Valley Brewing Company,Boonville,CA
119,76,Poleeko Gold Pale Ale (2009),American Pale Ale (APA),39.26920840588697,0.055,28,171,Anderson Valley Brewing Company,Boonville,CA
120,2337,Charlie's Rye IPA,American IPA,16,0.06,nan,,Angry Minnow,Hayward,WI
121,410,River Pig Pale Ale,American Pale Ale (APA),nan,0.054,nan,542,Angry Minnow Brewing Company,Hayward,W@@I
122,1692.2252133402744,Oaky's Oatmeal Stout,Oatmeal Stout,16,0.047,nan,542,Angry Minnow Brewing Company,Hayward,W@@I
123,1294,Angry Orchard Apple Ginger,Cider,90.165764790098,0.05,nan,434,Angry Orchard Cider Company,Cincinnati,$OH??
124,1293,Angry Orchard Crisp Apple,Cider,16,nan,nan,,Angry Orchard Cider Company,Cincinnati,OH
125,1292,,??Cider%,nan,0.05,nan,1341.4652600030786,Angry Orchard Cider Company,Cincinnati,OH
126,2207,Golden One,Belgian Pale Ale,12,0.068,nan,193,Anthem Brewing Company,Oklahoma City,OK
127,10779.407098552403,Arjuna,Witbier,12,0.06,nan,193,Anthem Brewing Company,Oklahoma City,OK
128,2039,Uroboros,American Stout,12,nan,nan,193,Anthem Brewing Company,Oklahoma City,OK
129,2511,Long Leaf,American IPA,16,0.071,nan,69,Appalachian Mountain Brewery,Boone,N@@#C
130,2510,Honey Badger Blonde,American Blonde Ale,16,0.047,19,69,Appalachian Mountain Brewery,Boone,N@@#C
131,2509,Porter (a/k/a Black Gold Porter)$,American Porter,16,0.06,83.3583440146031,,Appalachian Mountain Brewery,Bo#$one,NC
132,413,Sky High Rye,American Pale Ale (APA),12,0.06,55,541,Arcadia Brewing Company,Battle Creek,MI
133,1204.0269929954227,Whitsun,American Pal$e Whe@@at Ale,12,0.062,17,541,Arcadia Brewing Company,Battle Creek,MI
134,735,On-On Ale (2008),American Pale Ale (APA),12,0.052,nan,1934.0326074189543,Arctic Craft Brewery,Colorado Springs,CO
135,1333,Quakertown Stout,American Double / Imperial Stout,12,0.092,50,426,Armadillo Ale Works,Denton,TX
136,1332,G$reenbelt Farmhouse Ale,Saison / Farmhouse Ale,12,0.051,20,2187.351492138621,Armadillo Ale Works,,TX
137,,Mo's Gose,Gose,16,nan,10,461,Armstrong Brewing Company,South San Francisco,CA
138,1322,Green Bullet Organ$ic India Pale Ale,American IPA,16,0.07,45,429,Asher Brewing Company,Boulder,CO
139,550,Rocket Girl,Kölsch,51.3396673109389,0.032,nan,,Asheville Brewing Company,Asheville,NC
140,429,Ninja Porter,American Porter,12,0.053,26,528,Asheville Brewing Company,Asheville,NC
141,428,Shiva IPA,American IPA,12,0.06,69,528,Asheville Brewing Company,Asheville,NC
142,1640,Aslan %Kölsch,Kölsch,16,0.048,nan,353,Aslan Brewing Company,Bellingham,WA
143,1639,Aslan IPA,nan,53.139798065688005,0.077,nan,353,Aslan Brewing Company,Bellingham,WA
144,1638,Aslan Amber,American Amber / Red Ale,16,0.077,nan,353,Aslan Brewing Company,Bellingham,WA
145,597,This Season's Blonde,American Blonde Ale,12,0.056,27,523,,Aspen,CO
146,1816.433391405192,Independence Pass Ale,American IPA,nan,0.07,67,523,,Aspen,CO
147,1580,Trolley Stop Stout,American Stout,12,0.057,40,1389.5312423730354,Astoria Brewing Company,As$tori%a,O%R%
148,980,Bitter Bitch Imperial IPA,American Double / Imperial IPA,12,nan,138,374,Astoria Brewing Company,Astoria,OR
149,979,Poop Deck Porter,American Porter,12,0.062,35,374,Astoria Brewing Company,Astoria,OR
150,,Old Red Beard Amber Ale,American Amber / Red Ale,12,0.06,35,374,Astoria Brewing Company,Astoria,OR
151,2503,Hop A-Peel,American Double / Imperial IPA,16,0.075,115,72,Atwater Brewery,Detroit,MI
152,2502,Vanilla Java Porter,nan,nan,0.055,12,72,Atwater Brewery,Detroit,MI
153,2495,Michelada,Fruit / Vegetable Beer,16,0.052,nan,72,Atwater Brewery,Detroit,MI
154,534,Dirty Blonde Ale,American Blonde Ale,12,0.045,8,72,Atwater Brewery,Detroit,MI
155,528,Grand Circus IPA,Amer@@ican IPA@@,nan,0.05,62,72,Atwater Brewery,Detroit,MI
156,527,Atwater's Lager,Munich Helles Lager,12,0.05,12,72,Atwater Brewery,Detroit,MI
157,1409,Heavy Machinery IPA Series #1: Heavy ??Fist,American Black Ale,16,0.07,nan,413,Austin Beerworks,Austin,TX
158,343,Fire Eagle IPA,nan,12,0.3467943302160052,nan,413,Austin Beerworks,Austin,TX
159,342,Peacem??aker,American Pale Ale (APA),12,0.051,nan,413,Austin Beerworks,Austin,TX
160,341,Pearl-Snap,nan,12,0.053,nan,413,Austin Beerworks,Austin,TX
161,340,Black Thunde$r,Schwarzbier,12,0.052,nan,413,Austin Beerworks,Austin,TX
162,2589,Raja,American Double / Imperial IPA,12,0.3746745231246748,nan,198.4450366302799,Avery Brewing Company,Boulder,CO
163,2546,Perzik Saison,Saison / Farmhouse Ale,12,0.064,nan,37,Avery Brewing Company,Boulder,CO
164,146,Avery Joe’s Premium American Pilsner,German Pilsener,12,0.2083227079076927,42,,Avery Brewing Company,Boulder,CO
165,108,White Rascal,Witbier,12,0.056,10,37,Avery Brewing Company,Boulder,CO
166,107,Avery India Pale Ale,American IPA,12,0.063,69,37,Avery Brewing Company,Boulder,CO
167,106,Ellie’s Brown Ale,American Brown Ale,12,0.055,17,37,Avery Brewing Company,Boulder,CO
168,1620,Pumpkin Beast,Pumpkin Ale,nan,nan,17,360,Aviator Brewing Company,Fuquay-Varina,NC
169,1579,Ok??toberBeast,Märzen / Oktoberfest,12,0.3546130579286297,22,,Aviator Brewing Company,Fuquay-Varina,NC
170,1228,Mad Beach,American Pale Wheat Ale,12,0.048,23,360,Aviator Brewing Company,Fuquay-Varina,NC
171,3091.520731779369,Hog Wild India Pale Ale,American IPA,12,0.067,nan,1112.0341916186483,,Fuqu#ay-Varina,NC
172,704,Devils Tramping Ground Tripel,Tripel,12,0.5312576220894764,5,360,Aviator Brewing Company,Fuquay-Varina,NC
173,702,Hot Rod Red,American Am??ber / Red Ale,12,0.061,41,360,Aviator Brewing Company,Fuquay-Varina,NC
174,2058,Palate Mallet,American Double / Imperial IPA,12,0.086,nan,,Back East Brewing Company,Bloomfield,CT
175,1483,Back East Porter,American Porter,12,0.06,nan,235,Back East Brewing Company,Bloomfield,CT
176,1426,Back East Golden Ale,American Blonde Ale,nan,0.049,nan,235,Back East Brewing Company,Bloomfield,CT
177,1132,Misty Mountain IPA,American IPA,69.86773695656612,0.07,nan,235,Back East Brewing Company,Bloomfield,CT
178,5197.516310407398,Back East Ale,American Amber / Red Ale,12,0.05,nan,1396.157152203337,,Bloomfield,CT
179,1876,Truck Stop Honey Brown Ale,English Brown #Ale,12,0.06,nan,286,Back Forty Beer Company,Gadsden,AL
180,1875,Naked Pig Pale Ale,American Pale Ale (APA),12,0.06,nan,286,Back Forty Beer Company,Gadsden,AL
181,966,Topcutter India Pale Ale,American IPA,12,0.068,356.1396935609095,483,Bale Breaker Brewing Company,Yakima,WA
182,965,Field 41 Pale Ale,American Pale Ale (APA),12,0.044,38,483,Bale Breaker Brewing Company,Yakima,WA
183,2593,Grapefruit Sculpin,American IPA,12,0.07,nan,34,Ballast Point Brewing Company,San Diego,CA
184,2105,Even Keel,American IPA,12,0.038,141.78065765485712,34,Ballast Point Brewing Company,San Diego,CA
185,1401,Ballast Point Pale Ale,Kölsch,70.47077316405503,0.052,23,34,Ballast Point Brewing Company,San Diego,CA
186,1400,Big Eye India Pale Ale,American IPA,12,0.07,75,34,Ballast Point Brewing Company,San Diego,CA
187,3115.579972688694,Longfin Lager,Munich Helles Lager,12,0.046,nan,34,Ballast Point Brewing Company,San Diego,CA
188,1018,Sculpin IPA,American IPA,12,0.07,70,34,Ballast Point Brewing Company,San Diego,CA
189,8249.331885964335,All Nighter Ale,Extra Special / Strong Bitter (ESB),12,0.045,nan,318,Banner Beer Company,Williamsburg,MA
190,1644,Banner American Rye,Rye Beer,12,0.1855358723379903,nan,318,Banner Beer Company,Williamsburg,MA
191,1643,Banner American Ale,nan,12,0.035,45,1011.0232076547248,Banner Beer Company,Will$iamsb@@urg,MA
192,2618,$Tha$i.p.a,American IPA,49.72656953885873,0.07,46,20,Bare Hands Brewery,,nan
193,2005,Barrio Blanco,American IPA,12,nan,60,,Barrio Brewing Company,Tucson,AZ
194,1343,Barrio Tucson Blonde,nan,12,0.045,nan,251,Barrio Brewing Company,Tucson,AZ
195,2404,Hop in the ‘Pool Helles,nan,12,0.049,nan,116,Base Camp Brewing Co.,Portland,OR
196,2323,Ultra Gnar Gnar IPA,American IPA,12,0.067,60,116,Base Camp Brewing Co.,Portland,OR
197,2189,In-Tents India Pale Lager,American Pale Lager,12,0.2594749957437041,62,116,Base Camp Brewing Co.,Portland,OR
198,2188,Lost Meridian W??it,Witbier,12,0.05,20,116,Base Camp Brewing Co.,Portland,OR
199,2187,Celestial Meridian Cascadian Dark Lager,Euro Dark Lager,37.86540550077718,0.2665962558781065,45,116,Base Camp Brewing Co.,Portland,OR
200,1966,Wagon Party,California Common / Steam Beer,12,0.054,55,258,Bauhaus Brew Labs,Minneapolis,MN
201,1965,Sky-Five,American IPA,12,0.067,nan,258,Bauhaus Brew Labs,Minneapolis,MN
202,,Stargraze$r,Schwar%z#bier,12,0.05,nan,258,Bauhaus Brew Labs,Minneapolis,MN
203,1963,Wonderstuff,German Pilsener,12,0.054,48,,Bauhaus Brew Labs,Minneapolis,MN
204,1855,Tarnation California-Style Lager,California Common / Steam Beer,12,0.053,nan,292,Baxter Brewing Company,Lewiston,ME
205,1778,On the Count of 3 (2015),Hefeweizen,16,0.3013569606238705,42,944.3231600024167,Baxter Brewing Company,Lewiston,ME
206,1209,Sum#me$r Swelter,American Pale Wheat Ale,12,0.047,nan,292,Baxter Brewing Company,Lewiston,ME
207,954,Phantom Punch Winter Stout,Foreign / Export Stout,12,nan,nan,292,Baxter Brewing Company,Lewiston,ME
208,910,Hayride Autumn Ale,Rye Beer,12,0.066,nan,292,Baxter Brewing Company,Lewiston,ME
209,707,Celsius Summer Ale (2012),American Pale Wheat Ale,12,0.047,nan,292,Baxter Brewing Company,Lewiston,ME
210,533,Amber Road,American Amber / Red Ale,12,0.2368113819727471,35,292,Baxter Brewing Company,Lewiston,ME
211,183,Pamola Xtra Pale Ale,American Pale Ale (APA),12,0.049,28,292,Baxter Brewing Company,Lewiston,ME
212,,Stowaway IPA,American IPA,12,0.069,69,292,Baxter Brewing Company,Lewiston,ME
213,7035.926224326143,Hoptopus #Double IPA,American Double / Imperial IPA,16,0.088,108,306,Beach Brewing Company,Virginia Beach,VA
214,2435,Watermelon Ale,Fruit / Vegetable Beer,12,0.05,36.23068651936782,103,Beer Works Brewery,Lowell,MA
215,2423,Fenway American Pale Ale,American Pale Ale (APA),12,0.058,184.50902965536517,103,Beer Works Brewery,Lowell,MA
216,2420,Back Bay IPA,American IPA,12,0.068,441.7612531436971,103,Beer Works Brewery,Lowell,MA
217,2419,Bunker Hill Blueberry Ale,Other,12,0.048,16,103,Beer Works Brewery,Lowell,MA
218,2494,Oberon,Americ@@an Pale ??Wheat Ale,66.1921062233695,0.058,nan,76,Bell's Brewery,Kalamazoo,MI
219,2325,,Rye Beer,90.32134841583309,0.06,nan,76,Bell's Brewery,Kalamazoo,MI
220,2022,Winter White,nan,16,0.1517990197018457,nan,76,Bell's Brewery,Kalamazoo,MI
221,1989,Oberon,American Pale Wheat Ale,16,0.058,nan,76,Bell's Brewery,Kalamazoo,MI
222,1988,Two Hearted,American IP$%A,16,0.2798652284473185,nan,76,Bell's Brewery,Kalamazoo,MI
223,,Best Brown,American Brown Ale,16,0.058,nan,76,Bell's Brewery,Kalamazoo,MI
224,2558,Moar,English India Pale Ale (IPA),nan,0.044,44,53,Bent Brewstillery,Roseville,MN
225,2557,Uber Lupin Schwarz IPA,Am@@eric%an Double / Imperial IPA,73.00005577471808,0.083,nan,53,Bent Brewstillery,Roseville,MN
226,2556,Nordic Blonde,American Blonde Ale,12,0.057,27,53,Bent Brewstillery,Roseville,MN
227,2496,Cold Press,nan,12,0.06,nan,75,Bent Paddle Brewing Company,Duluth,MN
228,2410,Harness the Winter,American IPA,68.43454437766054,0.072,87,75,Bent Paddle Brewing Company,Duluth,MN
229,1902,14° ESB,Extra Special / Strong Bitter (ESB),12,0.056,32,75,Bent Paddle Brewing Company,Duluth,MN
230,1901,Bent Hop Golden IPA,American IPA,46.83709327420119,0.062,68,75,Bent Paddle Brewing Company,Duluth,MN
231,1261,Bent Paddle Black Ale,American Black Ale,12,0.06,34,75,Bent Paddle Brewing Company,Duluth,MN
232,1253,Venture Pils,German Pilsener,12,0.05,165.44017426301917,,Bent Paddle Brewing Company,Duluth,MN
233,1900,Lost Sailor IPA,English India Pale Ale (IPA),12,0.3063798712447376,40,278,Berkshire Brewing Company,,MA
234,1317,Steel Rail Extra Pale Ale,nan,12,0.053,20,1122.5019814259067,Berkshire Brewing Company,,MA
235,1158,La Frontera Premium IPA,%Americ%an IPA,12,0.078,nan,463,Big Bend Brewing Company,Alpine,TX
236,1157,Tejas Lager,Czech Pilsener,69.67339950011544,0.047,nan,463,Big Bend Brewing Company,Alpine,TX
237,1156,Number 22 Porter,American Porter,12,0.064,nan,1922.455365448042,Big Bend Brewing Company,$Alpine,TX
238,1155,Big Bend Hefeweizen??,Hefeweizen,12,0.056,nan,463,Big Bend Brewing Company,Alpine,TX
239,1154,Terlingua Gold,American Blonde Ale,12,0.06,nan,463,Big Bend Brewing Company,Alpine,TX
240,2104,Aprè Shred,American Strong Ale,16,0.081,17,220,Big Choice Brewing,Broomfield,CO
241,1762,,American Double$ / Imperia#l IPA,12,0.095,104,220,Big Choice Brewing,Broomfield,CO
242,1422,West Portal Colorado Common Summer Ale,California Common / Steam Beer,16,nan,nan,220,Big Choice Brewing,Broomfield,CO
243,1067,Disconnected Red,American Amber /?? Red Ale,16,0.067,85,220,Big Choice Brewing,Broomfield,CO
244,1003,Big Elm IPA,American IPA,12,0.07,nan,477,Big Elm Brewing,Sheffield,MA
245,1002,Gerry Dog Stout,America$n Stout,12,0.065,nan,477,Big Elm Brewing,Sheffield,MA
246,1001,413 Farmhouse Ale,Saison / Farmhouse Ale,12,0.06,nan,477,Big Elm Brewing,Sheffield,MA
247,2639,Dark Star,nan,16,0.08,54,8,Big Lake Brewing,Holland,MI
248,2469,Ryecoe,American IPA,16,0.062,nan,8,Big Lake Brewing,Holland,MI
249,2586,Blueberry Blonde,Fruit / Vegetable Beer,12,0.06,nan,40,Big Muddy Brewing,Murphysboro,IL
250,2585,Galaxy IPA,American IPA,16,0.075,60,40,Big Muddy Brewing,Murphysboro,IL
251,643,Big River Pilsner,nan,nan,0.05,32,519,Big River Brewing Company,Chattanooga,TN
252,632,House Brand IPA,Amer#ican IPA,12,0.06,55,519,Big River Brewing Company,Chattanooga,TN
253,1714,Big Sky IPA,American IPA,12,0.2856965321221468,285.35651348796165,336,Big Sky Brewing Company,Missoula,MT
254,1713,Scape Goat Pale Ale,English P@@ale A#le,12,0.05,40,,Big Sky Brewing Company,Missoula,MT
255,1712,Montana Trout Slayer Ale,American Pale Wheat Ale,12,0.05,171.33418845273317,336,Big Sky Brewing Company,Missoula,MT
256,1711,Moose Drool Brown Ale,American Brown Ale,12,0.051,26,1246.6098146787758,Big Sky Brewing Company,Missoula,MT
257,1456,Powder Hound Winter Ale,English Strong Ale,nan,0.072,60,336,Big Sky Brewing Company,Missoula,MT
258,767,Moose Drool Brown Ale (2011),American Brown Ale,12,0.051,26,336,Big Sky Brewing Company,Missoula,MT
259,766,Montana Trout Slayer Ale (2012),American Pale Wheat Ale,55.685264594197285,0.05,35,336,Big Sky Brewing Company,Missoula,MT
260,579,Big Sky IPA (2012),American IPA,12,0.062,65,336,Big Sky Brewing Company,Missoula,MT
261,168,Summer Honey,American Blonde Ale,12,0.047,nan,336,Big Sky Brewing Company,Missoula,MT
262,750.716598060359,Scape Goat Pale Ale (2010),English Pale Ale,nan,0.05,40,336,Big Sky Brewing Company,Missoula,MT
263,35,Montana Trout Slayer Ale (2009),American Pale Wheat Ale,12,0.05,nan,336,Big Sky Brewing Company,Missoula,MT
264,34,Moose Drool Brown Ale (2009),American Brown Ale,12,0.051,26,336,Big Sky Brewing Company,Missoula,MT
265,2096,Arcus IPA,American IPA,45.237486800467295,0.069,81,221,Big Storm Brewing Company,Odessa,FL##
266,,,American Amber / Red Ale,12,nan,184.64181515372115,221,Big Storm Brewing Company,Odessa,FL##
267,6881.047096756786,Jack Pine Savage,American Pale Ale (APA),16,0.053,43,444,Big Wood Brewery,Vadnais Heights,MN
268,1256,Forest Fire Imperial Smoked Rye,Rye Beer,16,0.099,85,444,Big Wood Brewery,Vadnais Heights,MN
269,1255,Bad Axe Imperial IPA,American Double / Imperial IPA,16,0.098,76,444,Big Wood Brewery,Vadnais Heights,MN
270,986,Morning Wood,Oatmeal Stout,16,0.055,35,,Big Wood Brewery,Vadnais Heights,MN
271,985,Bark Bite IPA,American IPA,16,0.066,50,444,Big Wood Brewery,Vadnais Heights,MN
272,,Jalapeno Pale Ale,American Pale Ale (APA),16,0.055,45,70,Birdsong Brewing Company,Charlotte,NC
273,1441,Blown Out Brown,American Brown Ale$,12,nan,nan,1412.4308419508502,Bitter Root Brewing,Hamilton,MT
274,1413,Single Hop Ale,American Pale Ale (APA),12,0.063,nan,407,Bitter Root Brewing,Hamilton,MT
275,1411,Sawtooth Ale,American $Blonde Ale,12,0.054,nan,407,Bitter Root Brewing,Hamilton,MT
276,2620,Saucy Intruder,Rye Beer,16,0.2591190447907788,75,18,Black Acre Brewing Co.,Indianapolis,IN
277,2412,D#ecepti??on,nan,12,0.045,16,112,Black Market Brewing Company,Temecula,CA
278,,Blackmarket Rye IPA,nan,12,0.075,35,112,Black Market Brewing Company,Temecula,CA
279,1897,Black Market Hefeweizen,Hefeweizen,12,0.05,8,112,Black Market Brewing Company,Temecula,CA
280,1896,Aftermath Pale Ale,American Pale?? A%le (APA),12,0.058,257.97042162447894,112,Black Market Brewing Company,Temecula,CA
281,1850,American India Red Ale,American Strong Ale,12,nan,83,294,Black Shirt Brewing Company,Denver,CO
282,1849,American Red Porter,America??n Por#ter,12,0.071,45,294,Black Shirt Brewing Company,Denver,CO
283,1848,American Red Saison,Saison / Farmhouse Ale,12,0.078,34,1402.8290003511154,,Denver,CO
284,1847,Colorado Red Ale,$American Amber / Red #Ale,12,0.066,44,940.6618866587891,Black Shirt Brewing Company,Den@@v??er,CO
285,2485,Saddle Bronc Brown Ale,American Brown Ale,12,0.048,nan,394.32307212894347,Black Tooth Brewing Company,Sheridan,WY
286,2484,Bomber Mountain Amber Ale,American Amber / Red Ale,12,0.2307440442720818,20,79,Black Tooth Brewing Company,Sherid%a%n,WY
287,2449,$Flying Sailor,Rye Beer,12,0.073,nan,95,Blackrocks Brewery,Marquette,MA
288,2634,Nordskye,American IPA,12,0.048,47,12,Blackrocks Brewery,Marquette,MI
289,2153,North Third Stout,Foreign / Export Stout,nan,0.06,30,12,Blackrocks Brewery,Marquette,MI
290,1953,Honey Lav,Americ%an Pale Wheat Al#e,12,0.052,nan,12,Blackrocks Brewery,Marquette,MI
291,1496,Coconut Brown Ale,American Brown Ale,12,0.068,nan,12,Blackrocks Brewery,Marquette,MI
292,1481,51K IPA,American IPA,12,0.07,51,12,Blackrocks Brewery,Marquette,MI
293,1480,Grand Rabbits,Cream Ale,12,0.055,nan,12,Blackrocks Brewery,Marquette,MI
294,1564,1800 Big Log Wheat (2012),American Pale Wheat Ale,12,nan,nan,380,Blue Blood Brewing Company,Lincoln,NE
295,1541,Double Play Pilsner,American Pilsner,12,nan,nan,380,Blue Blood Brewing Company,Lincoln,NE
296,1321,Brewerhood Brown Ale,American Brown Ale,12,0.055,nan,380,Blue Blood Brewing Company,Lincoln,NE
297,1320,,American Amber / Red Ale,12,0.2602900565712353,nan,380,Blue Blood Brewing Company,Lincoln,NE
298,,Pernicious Double IPA,American Double / Imperial IPA,12,0.096,nan,380,Blue Blood Brewing Company,Lincoln,NE
299,1303,6-4-3 Double Play Pilsner,German Pilsener,nan,0.052,nan,380,Blue Blood Brewing Company,Lincoln,NE
300,1025,N Street Drive-In 50th Anniversary IPA,American Double / Imperial IPA,12,nan,nan,380,Blue Blood Brewing Company,Lincoln,NE
301,1012,467 Ethan's Stout,American Stout,12,0.05,nan,380,Blue Blood Brewing Company,Lincoln,NE
302,942,1335 Wicked Snout,Saison / Farmhouse Ale,62.90341700110259,0.064,nan,380,Blue Blood Brewing Company,Lincoln,NE
303,5095.587599261056,543 Skull Creek Fresh Hopped Pale Ale,American Pale Ale (APA),12,nan,nan,380,Blue Blood Brewing Company,Lincoln,NE
304,888,1327 Pod's ESB,Extra Special / Strong Bitter (ESB),nan,0.056,37,380,Blue Blood Brewing Company,Lincoln,NE
305,4393.8443193868925,1327 Pod's ESB,Extra Special / Strong Bitter (ESB),12,0.056,121.13422949740118,380,Blue Blood Brewing Company,Lincoln,NE
306,612,1327 Pod's ESB,Extra Special / Strong Bitter (ESB),12,nan,37,380,Blue Blood Brewing Company,Lincoln,NE
307,,834 Happy As Ale,American Pale Ale (APA),12,0.046,35,380,Blue Blood Brewing Company,Lincoln,NE
308,1372,Yellow Collar,Mead,12,0.059,nan,422,Blue Dog Mead,Eugene,OR
309,1371,Green Collar,Mead,12,0.059,nan,,Blue Dog Mead,,OR
310,1812,Quarter Mile Double IPA,American Double / Imperial IPA,12,0.08,80,304,Blue Hills Brewery,Canton,MA
311,1547,Full Nelson Pale Ale,American Pale Ale (APA),36.84616005998345,0.059,60,382,Blue Mountain Brewery,Afton,VA
312,1546,,Extra Special / Strong Bitter (ESB),12,0.065,30,382,Blue Mountain Brewery,Afton,VA
313,1545,Blue Mountain Classic Lager,Euro Pale Lager,12,0.053,22,382,Blue Mountain Brewery,Afton,VA
314,119,Full Nelson Pale Ale (2010),American Pale Ale (APA),12,0.059,198.8169539992645,382,Blue Mountain Brewery,Afton,VA
315,1408,Kölsch 151,Kölsch,12,0.049,16,414,%Blue Mountain Brewer#y,Arrington,@@VA
316,2490,Professor Black,American St%out,12,nan,nan,77,Blue Owl Brewing,Austin,TX
317,2489,Little Boss,American Pale Wheat Ale,12,nan,nan,77,Blue Owl Brewing,Austin,TX
318,13964.990183582548,Van Dayum!,American Amber / Red Ale,12,nan,nan,77,Blue Owl Brewing,Austin,TX
319,2487,Spirit Animal,American Pale Ale (APA),39.85379976658718,nan,nan,77,Blue Owl Brewing,Austin,TX
320,939,Toxic Sludge,American Black Ale,16,0.07,nan,489,Blue Point Brewing Company,Patchogue,NY
321,2278.7824030626057,Blue Point White IPA,American White IPA,12,0.06,40,489,Blue Point Brewing Company,Patchogue,NY
322,667,Blue Point Summer Ale,American B@@londe Ale,nan,0.044,16,489,Blue Point Brewing Company,Patchogue,NY
323,665,Toasted Lager,Vienna Lager,12,0.055,28,489,Blue Point Brewing Company,Patchogue,NY
324,1607,Bohemian Export Lager,Dortmunder / Export Lager,12,0.06,nan,364,Bohemian Brewery,Midvale,UT
325,1597,Altus Bohemes Altbier,A@@ltbie#r,12,0.053,nan,364,Bohemian Brewery,Midvale,UT
326,,Cherny Bock,Schwarzbier,12,0.04,nan,364,Bohemian Brewery,Midvale,UT
327,89,Czech Pilsner,Czech Pilsener,12,0.05,nan,364,Bohemian Brewery,Midvale,UT
328,88,Viennese Lager,Vienna Lager,12,0.05,nan,364,Bohemian Brewery,Midvale,UT
329,1569,Mad Manatee IPA,American IPA,55.42116391972741,0.065,nan,1204.9634617491033,Bold City Brewery,Jacksonville@@,FL$%
330,7039.125932928861,Killer Whale Cream Ale,Cream Ale,12,0.2604663519184681,nan,378,Bold City Brewery,Jacksonville,FL
331,1188,Duke's Cold Nose Brown Ale,American Brown Ale,12,0.3524001510682316,nan,378,Bold City Brewery,Jacksonville,FL
332,1891,Longhop IPA,American IPA,nan,0.042,164.71998273113985,281,Bole$ro S#nort Brewery,Ridgefield Park,NJ
333,1890,Lucky Buck,Irish Dry Stout,16,0.04,34,281,Bole$ro S#nort Brewery,Ridgefield Park,NJ
334,577,Bomb Lager (New Recipe),Munich Helles Lager,12,0.051,nan,525,Bomb Beer Company,New York,NY
335,2447.6869592056205,Bomb Lager (Old Recipe),Munich H#elles L??ager,12,0.045,27,525,Bomb Beer Company,New York,NY
336,,Firestarter India Pale Ale,American IPA,12,0.066,353.14989152172717,107,Bonfire Brewing Company,Eagle,CO
337,1727,Kilt Dropper Scotch Ale,Scotch Ale / Wee Heavy,16,0.075,22,107,Bonfire Brewing Company,Eagle,CO
338,1614,Wood Splitter Pilsner,Czech Pilsene#@@r,16,0.048,30,107,Bonfire Brewing Company,Eagle,CO
339,1613,Gyp@@toberfest,Märzen / Oktoberfest,12,0.056,26,107,Bonfire Brewing Company,Eagle,CO
340,1549,Farmer Wirtz India Pale Ale,English India Pale Ale (IPA),16,0.07,94,107,Bonfire Brewing Company,Eagle,CO
341,1548,Slow & Steady Golden Ale,American Blonde Ale,12,0.047,nan,360.40005533200605,Bonfire Brewing Company,Eagle,CO
342,1517,Pink-I Raspberry IPA#,American IPA,16,0.393157774041271,nan,107,Bonfire Brewing Company,Eagle,CO
343,1500,Moe's Original Bar B Que 'Bama Brew Golden Ale,American Blonde Ale,12,0.1535959296740336,nan,489.15533229509447,Bonfire Brewing Company,Eagle,CO
344,1421,Live Local Golden Ale,American Blonde Ale,12,0.047,nan,,Bonfire Brewing Company,Eagle,CO
345,1360,Screaming Eagle Special Ale ESB,Extra Special / Strong Bitter (ESB),12,nan,38,107,Bonfire Brewing Company,Eagle,CO
346,1184,Dirtbag Dunkel,M@@unich Dunkel La%ger,16,0.049,nan,107,Bonfire Brewing Company,Eagle,CO
347,1183,Kindler Pale Ale,American Pale Ale (APA),12,0.053,45,383.5677755147666,Bonfire Brewing Company,Eagle,CO
348,1023,Mistress Winter Wheat,Winter Warmer,12,0.064,nan,107,Bonfire Brewing Company,Eagle,CO
349,,Tent Pole Vanilla Porter,American Porter,16,0.061,nan,107,Bonfire Brewing Company,Eagle,CO
350,997,Awr#y Rye Pale Ale,American Pale Ale (APA),12,0.058,nan,107,Bonfire Brewing Company,Eagle,CO
351,996,Demshitz Brown Ale,American Brown Ale,12,0.058,nan,107,Bonfire Brewing Company,Eagle,CO
352,931,Wood Splitter Pilsner (2012),Czech Pilsener,12,nan,nan,107,Bonfire Brewing Company,Eagle,CO
353,798,Brush Creek Blonde,American Blonde Ale,16,0.2859522606524985,nan,107,Bonfire Brewing Company,Eagle,CO
354,633,Firestarter India Pale Ale,American IPA,16,0.066,72,107,Bonfire Brewing Company,Eagle,CO
355,2062,Noche Dulce,American Porter,16,0.071,16,231,Borderlands Brewing Company,Tucson,AZ
356,1830,Porch Rocker,Radler,12,0.045,8,,Boston Beer Company,Boston,MA
357,1629,Rebel IPA,American IPA,16,0.065,45,300,Boston Beer Company,Boston,MA
358,9405.561563760726,Cold Snap,Witbier,12,0.055,nan,,,Boston,MA
359,1427,Samuel Adams Winter Lager,Bock,12,0.056,nan,300,Boston Beer Company,Boston,MA
360,1349,Boston Lager,Vienna Lager,16,0.049,30,300,Boston Beer Company,Boston,MA
361,1310,Boston Lager,Vienna Lager,12,0.049,30,300,Boston Beer Company,Boston,MA
362,1281,Samuel Adams Octoberfest,Märzen / Oktoberfest,12,0.053,15,300,Boston Beer Company,Boston,MA
363,1144,Samuel Adams Summer Ale,American Pale Wheat Ale,12,nan,7,300,Boston Beer Company,Boston,MA
364,,Boston Lager,Vienna Lager,12,0.049,30,300,Boston Beer Company,Boston,MA
365,1395,Hazed & Infused,American Pale Ale (APA),50.995024811114774,0.049,144.8869557002668,417,Boulder Beer Company,Bould@@$er,CO
366,808,Hoopla Pale Ale,American Pale Ale (APA),12,0.057,35,417,Boulder Beer Company,Bould@@$er,CO
367,81,Hazed & Infused (2010),American Pa%le Ale (APA),nan,nan,118.09672545163468,417,Boulder Beer Company,Bould@@$er,CO
368,11225.132170739334,Heavy Lifting,American IPA,12,0.062,80,185.2140415426075,Boulevard Brewing Company,Kansas City,MO
369,2300,,American Pale Ale (APA),12,0.065,nan,839.7227771769889,Bo??xcar @@Brewing Company,West Chester,PA
370,2299,Mango Ginger,American IPA,67.95875452244445,0.058,nan,167,Boxcar Brewing Company,West Chester,PA
371,2298,Passenger,English Dark Mild Ale,12,0.047,nan,167,Boxcar Brewing Company,West Chester,PA
372,2107,Plum St. Porter,American Porter,12,0.06,52,219,Bozeman Brewing Company,Bozeman,MT
373,1573,,American P@@orter%,12,0.057,212.6455294031078,219,Bozeman Brewing Company,Bozeman,MT
374,1289,Bozone HopZone IPA,American IPA,12,0.07,433.00866268653704,219,Bozeman Brewing Company,Bozeman,MT
375,6514.129734133434,Bozone Hefe Weizen,Hefeweizen,12,0.06,132.95312543556568,219,Bozeman Brewing Company,Bozeman,MT
376,470,Bozone Select Amber Ale,American Amber / Red Ale,12,0.055,nan,219,Bozeman Brewing Company,Bozeman,MT
377,2167,Evil Owl,American Amber / Red Ale,12,0.052,40,207,,San Antonio,TX
378,2204,Post Time Kölsch,Kölsch,82.5509858051185,0.05,nan,1069.274388394938,Breakside Brewery,Portland,OR??
379,1522,,American Pale Wheat Ale,12,0.042,9,391,Breckenridge Brewery,Denver,CO
380,397,SummerBright Ale,Ame#rican Pale Wheat Ale,12,0.045,15,391,Breckenridge Brewery,Denver,CO
381,193,Lucky U IPA,American IPA,12,0.062,68,1984.0195984651584,Breckenridge Brewery,Denver,CO
382,83,Avalanche A??le,American Amber / Red Ale,12,0.054,19,391,Breckenridge Brewery,Denver,CO
383,1802,You're My Boy Blue,Fruit / Vege??ta#ble Beer,12,0.05,nan,308,Brew Bus Brewing,Tampa,FL
384,1801,L%ast Stop IPA,American IPA,12,0.3064954317955259,60,308,Brew Bus Brewing,Tampa,FL
385,1800,Rollin Dirty Red Ale,nan,12,0.05,21,308,Brew Bus Brewing,Tampa,FL
386,1799,Are W??heat There% Yet?,American Pale Wheat Ale,12,0.055,28,308,Brew Bus Brewing,Tampa,FL
387,2619,Insert Hop Reference,American Pale Ale (APA),16,0.058,nan,,Brew Link Brewing,Plainfield,IN
388,2468,Manitou Amber,A#merican Am??ber / Red Ale,16,0.2800493315491829,nan,85,Brewery Terra Firma,Traverse City,MI
389,2637,Belfort,Saison / Farmhouse Ale,16,0.067,nan,55.45840818472144,Brewery Vivant,Grand Rapids,MI
390,2636,Star Runner,Belgian Pale Ale,16,0.06,nan,10,Brewery Vivant,Grand Rapids,MI
391,2598,,American Double / Imperial Stout,16,0.098,nan,10,Brewery Vivant,Grand Rapids,MI
392,2597,Lin%naeus Mango IPA,American IPA,16,0.06,nan,10,Brewery Vivant,Grand Rapids,MI
393,2548,Beasts A'Burnin',Rauchbier,16,0.07,nan,10,Brewery Vivant,Grand Rapids,MI
394,2542,Verdun,Bière de Garde,16,0.077,nan,10,Brewery Vivant,Grand Rapids,MI
395,2541,Barrel Aged Triomphe,Belgian IPA,16,0.065,nan,10,Brewery Vivant,Grand Rapids,MI
396,11601.779329769535,Cherry Doppelbock,Doppelbock,16,0.065,nan,10,Brewery Vivant,Grand Rapids,MI
397,2500,Tropical Saison,Saison / Farmhouse Ale,16,nan,nan,10,Brewery Vivant,Grand Rapids,MI
398,2499,Beach Patrol,Witbier,16,0.3566212327758912,nan,10,Brewery Vivant,Grand Rapids,MI
399,2498,Nuit Serpent,Belgian IPA,16,0.05,nan,10,Brewery Vivant,Grand Rapids,MI
400,2481,@@Paris??,Saison / Farmhouse Ale,16,0.09,nan,45.57299291268382,Brewery Vivant,Grand Rapids,MI
401,2476,The Grand Army,Belgian# IPA,16,0.055,nan,10,Brewery Vivant,Grand Rapids,MI
402,2467,Acidulated Trip,Saison / Farmhouse Ale,66.8216711461726,0.059,nan,10,Brewery Vivant,Grand Rapids,MI
403,2466,Root Stock,Rye Beer,16,0.066,nan,10,Brewery Vivant,Grand Rapids,MI
404,2465,Mind Games,Dunkelweizen,16,0.041,nan,10,Brewery Vivant,Grand Rapids,MI
405,2433,$Sous Ch$ef,Belgian Strong Pale Ale,16,0.082,nan,10,Brewery Vivant,Grand Rapids,MI
406,2418,Dubbelicious,Dubbel,16,0.065,nan,46.12167995974711,Brewery Vivant,Grand Rapids,MI
407,2416,Psych$opomp,Belgian Dark Ale,16,0.062,nan,53.308792256747424,Brewery Vivant,Grand Rapids,MI
408,2382,Fat Paczki,Belgian Dark Ale,16,nan,nan,10,Brewery Vivant,Grand Rapids,MI
409,2381,Earth-Like Planets,Belgian Pale Ale,16,nan,nan,10,Brewery Vivant,Grand Rapids,MI
410,2290,Ski Patrol,Witbier,16,0.061,nan,10,Brewery Vivant,Grand Rapids,MI
411,2241,Viking Ice Hole,Oatmeal Stout,nan,0.063,nan,10,Brewery Vivant,Grand Rapids,MI
412,2240,Rye Porter,American Porter,16,0.056,nan,10,Brewery Vivant,Grand Rapids,MI
413,2137,Wizard Burial Ground,Quadrupel (Quad),nan,0.099,nan,10,Brewery Vivant,Grand Rapids,MI
414,2101,Smoky Wheat,Rauchbier,16,0.051,nan,10,Brewery Vivant,Grand Rapids,MI
415,2092,BRIPA,Belgian IPA,16,0.062,nan,54.06267442115268,Brewery Vivant,Grand Rapids,MI
416,2091,Mela,Belgian Dark Ale,16,0.062,nan,10,Brewery Vivant,Grand Rapids,MI
417,2086,W.I.P.A Snappa,Belgian IPA,16,0.053,nan,10,Brewery Vivant,Grand Rapids,MI
418,2023,Pepper in the Rye,Rye Beer,16,0.063,nan,10,Brewery Vivant,Grand Rapids,MI
419,2006,Moe Lasses',American Sto??ut,16,0.064,nan,10,Brewery Vivant,Grand Rapids,MI
420,1997,Pumpkin Tart,Fruit / Vegetable Beer,16,0.07,nan,10,Brewery Vivant,Grand Rapids,MI
421,1977,Undertaker,Belgian Dark Ale,16,0.067,nan,10,Brewery Vivant,Grand Rapids,MI
422,1976,Undertaker (2014),Belgian Dark Ale,16,0.067,nan,10,Brewery Vivant,Grand Rapids,MI
423,1974,Coq D'Or,Belgian Pale Ale,16,0.05,nan,10,Brewery Vivant,Grand Rapids,MI
424,1973,North French,nan,nan,0.06,nan,,Brewery Vivant,Grand Rapids,MI%
425,1959,Agent a Deux,Belgian Dark Ale,16,0.065,nan,10,Brewery Vivant,Grand Rapids,MI
426,9020.421972778544,Belgian Wit,Witbier,16,0.045,nan,10,Brewery Vivant,Grand Rapids,MI
427,,Poth#ole Stout,American Stout,16,0.063,nan,10,Brewery Vivant,Grand Rapids,MI
428,1947,#Tre@@e Bucket,Belgian IPA,16,nan,nan,10,Brewery Vivant,Grand Rapids,MI
429,1785,Le Flaneur Ale,American Wild Ale,16,0.073,nan,10,Brewery Vivant,Grand Rapids,MI
430,1651,Maize & Blueberry,Fruit / Veget??able Beer,16,0.056,nan,10,Brewery Vivant,Grand Rapids,MI
431,1443,Trebuchet Double IPA,American Double / Imperial IPA,16,0.093,nan,10,Brewery Vivant,Grand Rapids,MI
432,,Contemplation,Bière de Ga#rde,16,0.065,nan,10,Brewery Vivant,Grand Rapids,MI
433,1267,Black Rabbit,American Black Ale,nan,0.05,nan,37.954411953520285,Brewery Vivant,Grand Rapids,MI
434,1266,Zaison,Saison / Farmhouse Ale,16,0.09,nan,,Brewery Vivant,Gra%nd Rapids,MI
435,6082.572496012937,Vivant Tripel,Tripel,16,0.082,nan,10,Brewery Vivant,Grand Rapids,MI
436,1136,Tart Side of the Moon,Belgian Dark Ale,58.18653832921724,0.098,nan,59.00779729148663,Brewery Vivant,Grand Rapids,MI
437,1044,Big Red Coq,American Amber / Red Ale,16,0.06,nan,10,Brewery Vivant,Grand Rapids,MI
438,4020.245993688559,Hubris Quadrupel Anniversary Ale,nan,16,0.099,nan,10,Brewery Vivant,Grand Rapids,MI
439,1031,Plow Horse Belgian Style Imperial Stout,American Double / Imperial Stout,16,0.095,nan,10,Brewery Vivant,Grand Rapids,MI
440,909,Escoff@@ier Bretta Ale,American Wild Ale,62.238183230053224,0.092,nan,10,Brewery Vivant,Grand Rapids,MI
441,,Contemplation (2012),Bière de Garde,16,0.065,nan,10,Brewery Vivant,Grand Rapids,MI
442,860,Vivant Belgian Style Imperial Stout (2012),Russian Imperial Stout,16,0.099,nan,10,Brewery Vivant,Grand Rapids,MI
443,677,Big @@Red Coq ($2012),American Amber / Red Ale,16,0.062,nan,10,Brewery Vivant,Grand Rapids,MI
444,671,Zaison (2012),nan,16,0.09,nan,10,Brewery Vivant,Grand Rapids,MI
445,670,Vivant Tripel (2012),Tripel,16,0.092,nan,10,Brewery Vivant,Grand Rapids,MI
446,669,Trebuchet Double IPA (2012),Belgian IPA,nan,0.097,nan,10,Brewery Vivant,Grand Rapids,MI
447,627,Kludde,Belgian Strong Da#rk %Ale,16,0.085,nan,10,Brewery Vivant,Grand Rapids,MI
448,387,Farm Hand,Saison% / Farmhouse Ale,16,0.055,nan,10,Brewery Vivant,Grand Rapids,MI
449,1974.096472723548,,Belgian Pale Ale,16,0.06,nan,10,Brewery Vivant,Grand Rapids,MI
450,384,Triomphe,Belgian IPA,16,0.065,nan,10,Brewery Vivant,Grand Rapids,MI
451,1096,Tampa Pale Ale,American Pale Ale (APA),12,nan,nan,2626.9528294572165,Brindle Dog Brewing Company,,FL
452,6099.214438312466,Oran@@ge Grove Wheat Ale,American Pale Wheat Ale,12,nan,nan,467,Brindle Dog Brewing Company,Tampa Bay,FL
453,2456,Broad Brook Ale,American Amber / Red Ale,16,0.061,nan,89,Broad Brook Brewing LLC,East Windsor,CT
454,921,Northern Lights Amber Ale,American A$@@mber / Red Ale,12,0.05,15,493,Broken Tooth Brewing Company,Anchorage,AK
455,920,Polar Pale Ale,American Pale Ale (APA),nan,0.052,17,493,Broken Tooth Brewing Company,Anchorage,AK
456,,Chugach Session Ale,Cream Ale,12,0.2074717344530247,nan,493,Broken Tooth Brewing Company,Anchorage,AK
457,648,Fairweather IPA,American IPA,12,0.061,64,493,Broken Tooth Brewing Company,Anchorage,AK
458,6899.546303957979,East India Pale Ale,English India Pale Ale (IPA),16,nan,47,437,Brooklyn Brewery,Brooklyn,NY
459,756,,English Pale Mild Ale,12,0.045,nan,437,Brooklyn Brewery,Brooklyn,NY
460,566,East India Pale Ale,English India Pale Ale (IPA),12,0.3026590971003202,47,1474.7867060958465,Brooklyn Brewery,Brooklyn,NY
461,328,,English Pale Mild Ale,64.8013105171846,0.2594683881956576,nan,,Brooklyn Brewery,Brooklyn,NY
462,66,Brooklyn Lager (16 oz.),American Amber / Red Lager,16,0.052,nan,437,Brooklyn Brewery,Brooklyn,NY
463,65,Brooklyn Lager (12 oz.),American Amber / Red Lager,12,0.1956034713013168,nan,437,Brooklyn Brewery,Brooklyn,NY
464,2985.631360066283,Tour de?? Nez Belgian IPA (Current),Belgian IPA,16,0.08,nan,530,Buckbean Brewing Company,Reno,NV
465,504,Roler Bock (Current),Maibock / Helles Bock,16,nan,nan,530,Buckbean Brewing Company,Reno,NV
466,1899.8191214029616,Black Adder IBA (Current),American Black Ale,79.55245421874147,0.073,365.0120754258516,3084.7736904093294,Buckbean Brewing Company,Reno,NV
467,29,,Sc%hwarzbier??,16,0.099,nan,530,Buckbean Brewing Company,Reno,NV
468,28,Tule Duck Red Ale (Current),American Amber / Red Ale,16,0.2539382789300714,42,530,Buckbean Brewing Company,Reno,NV
469,27,Original Orange Blossom Ale (Current),Herbed% / Spiced B#eer,52.27900165781685,0.2690696551382673,35,2035.6656082444492,Buckbean Brewing Company,Reno,@@N$V
470,26,Black Noddy Lager# (Current%),Schwarzbier,16,0.052,nan,530,Buckbean Brewing Company,Reno,NV
471,1627,Cleve#land Beer W@@eek 2013,Munich Helles Lager,16,0.053,nan,357,Buckeye Br$ew#ing,Cleveland,OH
472,2552,,American Pale Ale (APA),12,0.2564044735047416,nan,56,BuckleDown Brewing,Lyons,IL
473,2125,1836,American Blonde Ale,12,0.06,40,,Buffalo Bayou Brewing Company,Houston,TX
474,2124,Summer's Wi??t#,W%itbier,12,0.06,20,214,Buffalo Bayou Brewing Company,Houston,TX
475,6713.185316382515,More Cowbell,American Double / Imperial IPA,16,0.3961887709218645,118,214,Buffalo Bayou Brewing Company,Houston,TX
476,2608,Wrath of Pele,American Brown Ale,63.54834740500829,0.065,nan,24,Burn 'Em Brewing,Michigan City,IN
477,2607,Black Bee??r??'d,Ameri??can Black Ale,16,0.068,nan,24,Burn 'Em Brewing,Michigan City,IN
478,12053.127759232662,Mr. Tea,Fruit / Vegetable Beer,24,0.078,nan,24,Burn 'Em Brewing,Michigan City,IN
479,2478,Pal%e Alement,American Pale Ale (APA),nan,0.055,40,24,Burn 'Em Brewing,Michigan City,IN
480,2471,Hopkick Dropkick,American Double / Imperial IPA,12,0.099,115,24,Burn 'Em Brewing,Michigan City,IN
481,2470,Kreamed Corn,Cream Ale,12,0.205291297658917,nan,117.9200575062993,Burn 'Em Brewing,Michigan City,IN
482,2464,Coconoats,American Pale Wheat Ale,16,nan,nan,24,Burn 'Em Brewing,Michigan City,IN
483,,Joey Wheat,American Pale Wheat Ale,nan,0.068,16,24,Burn 'Em Brewing,Michigan City,IN
484,2158,3:33 Black IPA,American IP$A,16,0.315822907655025,86,24,Burn 'Em Brewing,Michigan City,IN
485,2072,MCA,American IPA,76.48209302740874,0.068,nan,24,Burn 'Em Brewing,Michigan City,IN
486,2054,Pale Alement,American Pale Ale (APA),60.07528926240147,0.055,40,24,Burn 'Em Brewing,Michigan City,IN
487,2196,Couch Select Lager,American Pale Lager,12,0.05,14,197,Burnside Brewing Co.,Portland,OR
488,668,Mucho Aloha Hawaiian Pale Ale,American Pale Ale (APA),41.61520409268097,0.056,36,517,Butcher's Brewing,Carlsbad,CA
489,304.06298631461414,Heinnieweisse Weissebier,He$feweizen,12,0.049,nan,556,Butternuts Beer and Ale,Garrattsville,NY
490,51,Snapperhead IPA,American IPA,12,0.068,nan,2871.752761020049,Butternuts Beer and Ale,Garrattsville,NY
491,170.64863876907427,Moo Thunder Stout,Milk / Sweet Stout,12,0.049,nan,556,Butternuts Beer and Ale,Garrattsville,NY
492,49,Porkslap Pale Ale,American Pale Ale (APA),nan,nan,nan,556,Butternuts Beer and Ale,Garrattsville,NY
493,2657,Blackbeard,American Double / Imperial Stout,12,0.476569097615081,nan,5,COAST Brewing Company,Charleston,SC
494,2656,Rye Knot,American Brown Ale,61.44505622173362,0.062,nan,23.442172598608188,COAST Brewing Company,,SC
495,2655,Dead Arm,American Pale Ale (APA),12,0.06,nan,5,COAST Brewing Company,Charleston,SC
496,2654,32°/50° Kölsch,Kölsch,nan,0.048,nan,5,COAST Brewing Company,Charleston,SC
497,2653,HopArt,American IPA,16,0.077,nan,5,COAST Brewing Company,Charleston,SC
498,2652,Boy King,American Double / Imperial IPA,77.83035076869112,0.5252381259498713,nan,5,COAST Brewing Company,Charleston,SC
499,2252,Gran Sport,American Porter,16,0.052,nan,751.1613682410264,COOP Ale Works,Oklahoma City,OK
500,2214,Horny Toad Cerveza,American B@@lond$e Ale,16,0.053,25,182,COOP Ale Works,Oklahoma City,OK
501,6709.709880689414,Nativ??e Amber@@,American Amber / Red Ale,16,0.063,35,182,COOP Ale Works,Oklahoma City,OK
502,1442,F5 IPA,American IPA,73.50796857623884,0.068,100,182,COOP Ale Works,Oklahoma City,OK
503,170,Native Amber (2013),American Amber / Red Ale,16,nan,35,182,COOP Ale Works,Oklahoma City,OK
504,169,Horny Toad Cerveza (2013),American Blonde Ale,16,0.1853010398539702,25,820.906450472876,COOP Ale Works,Oklahoma City,OK
505,2315,Hopportunity Knocks IPA,American IPA,12,0.068,100,155,Caldera Brewing Company,Ashland,OR
506,,Pilot Rock Porter,American @@Porte??r,12,nan,nan,155,Caldera Brewing Company,Ashland,OR
507,1419,Caldera Pale Ale,American Pale Ale (#APA@@),12,nan,55,155,Caldera Brewing Company,Ashland,OR
508,,Lawnmower Lager,nan,57.38017792006389,0.039,16,155,Caldera Brewing Company,Ashland,OR
509,794,Ashland Amber Ale (2009),American Amber / Red Ale,nan,0.2367017727219995,127.2254059984814,,Caldera Brewing Company,Ashland,OR
510,3034.341795476829,Caldera IPA (2009),American IPA,12,0.061,94,155,Caldera Brewing Company,Ashland,OR
511,792,Caldera I#P#A (2007),American IPA,12,0.061,nan,155,Caldera Brewing Company,Ashland,OR
512,791,Caldera Pale Ale (2010),American Pale Ale (APA),12,0.056,55,155,Caldera Brewing Company,Ashland,OR
513,790,Caldera Pale Ale (2009),American Pale Ale (APA),12,0.056,55,155,Caldera Brewing Company,Ashland,OR
514,789,Caldera Pale Ale (2005),American Pale Ale (APA),12,0.056,55,155,Caldera Brewing Company,Ashland,OR
515,788,Caldera Pale Ale (2007),Ameri$can Pale Ale (APA),12,0.056,55,155,Caldera Brewing Company,Ashland,OR
516,38,Caldera Pale Ale (2011),American Pale Ale (APA),12,0.056,55,155,Caldera Brewing Company,Ashland,OR
517,37,Ashland Amber Ale,American Amber / Red Ale,12,0.054,24,506.885073743015,Caldera Brewing Company,Ashland,OR
518,36,Caldera IPA,American IPA,12,0.061,94,155,Caldera Brewing Company,Ashland,OR
519,2257,Remain in Light,American Pilsner,12,0.2888451323289579,nan,178,Cambridge Brewing Company,Cambridge,MA
520,2256,Flower Child (2014),American@@ IPA,12,nan,nan,178,Cambridge Brewing Company,Cambridge,MA
521,870,THP White (2006),Witbier,12,nan,nan,497,Cans Bar and Canteen,Charlotte,NC
522,869,THP Amber (2006),American Amber / Red Ale,12,nan,nan,2356.482895522074,Cans Bar a$nd Canteen,Charlotte,NC
523,868,THP Light (2006),American Blonde Ale,12,nan,nan,497,Cans Bar and Canteen,Charlotte,NC
524,867,THP Dark (2006),English Dark Mild Ale,12,nan,nan,497,Cans Bar and Canteen,Charlotte,NC
525,2068,Imperial Pumpkin Stout,Pumpkin Ale,16,0.099,43,230,Cape Ann Brewing Company,Gloucester,MA
526,12363.80322132476,,American Double / Imperial IPA,16,0.09,130,,Cape Ann Brewing Company,Gloucester,MA
527,2066,Fisherman's IPA,Ame$??rican IPA,12,0.055,64,230,Cape Ann Brewing Company,Gloucester,MA
528,2065,Fish$erman's Pils,German Pilsener,12,0.054,35,230,Cape Ann Brewing Company,Gloucester,MA
529,2064,Fisherman's Brew,American Amber / Red Ale,12,0.055,30,230,Cape Ann Brewing Company,Gloucester,MA
530,1928,,American Amber / Red Ale,16,0.055,35,267,Ca@@pe Cod %Beer,Hyannis,MA
531,1927,Beach Blonde,America@@%n Blonde Ale,16,0.049,10,267,Ca@@pe Cod %Beer,Hyannis,MA
532,2227,Dark Voyage Black IPA (2013),Ame@@rican Black Ale,12,0.065,80,192,Capital Brewery,Middleton,WI
533,2226,Wisconsin Amber,Vienna?? Lager??,nan,0.1620097076333156,28,192,Capital Brewery,Middleton,WI
534,2225,Lake House,Munich Helles Lager,12,0.046,18,192,Capital Brewery,Middleton,WI
535,1954,Ghost Ship White IPA,Americ#%an IPA,12,0.056,55,192,Capital Brewery,Middleton,WI
536,1910,Lake House,Munich Helles Lager,16,0.046,18,192,Capital Brewery,Middleton,WI
537,1177,Muti??ny IPA,American IPA,nan,nan,70,192,Capital Brewery,Middleton,WI
538,4423.553844963857,Wisconsin Amber (1998),Vienna Lager,12,0.2930337940279245,nan,192,Capital Brewery,Middleton,WI
539,180,Island Wheat,American Pale Wheat Ale,57.28712820074254,0.042,nan,192,Capital Brewery,Middleton,WI
540,63,Wisconsin Amber (2013),Vienna Lager,12,0.052,nan,192,Capital Brewery,Middleton,WI
541,62,#U.S. Pale Ale,American Pale Ale (APA),12,0.05,nan,192,Capital Brewery,Middleton,WI
542,61,Supper Club Lager,American Pale Lager,12,nan,nan,192,Capital Brewery,Middleton,WI
543,784,Carolina Lighthouse (2007),American Blonde Ale,12,0.04,nan,504,Carolina Beer & Beverage,Mooresville,NC
544,,Carolina Blonde (2006),Ame$@@rican Blonde Ale,12,0.2894749779506926,nan,504,Carolina Beer & Beverage,Mooresville,NC
545,782,Carolina Blonde Light (2005),American Blonde Ale,12,0.1239365933437618,nan,504,Carolina Beer & Beverage,Mooresville,NC
546,2255,Santa's Secret,Winter Warmer,16,0.059,22,179,Carolina Brewery,Pittsboro,NC
547,530,Flagship IPA,English India Pale Ale (IPA),58.06329299325267,0.057,nan,1031.0288020074975,Carolina Brewery,Pittsboro,NC
548,427,,Kölsch,64.29973005857104,0.051,nan,1028.4502456255689,Carolina Brewery,Pittsboro,NC
549,2094,Epitome,American Black Ale,nan,0.3403834331405782,100,222,Carton Brewing Company,Atlantic Highlands,NJ
550,1941,Monkey Chased the Weasel,Berliner Weissbier,16,0.039,9,222,Carton Brewing Company,Atlantic Highlands,NJ
551,1940,077XX,American Double / Imperial IPA,16,0.078,80,222,Carton Brewing Company,Atlantic Highlands,NJ
552,1439,Boat Beer,American IPA,12,0.042,nan,222,Carton Brewing Company,Atlantic Highlands,NJ
553,1465,Granny Smith Hard Apple Cider,Cider,16,0.069,nan,404,Cascadia Ciderworks United,Portland,OR
554,1464,Dry Hard Apple Cider,Cider,16,0.069,nan,2351.7061238474107,Cascadia Ciderworks United,Portland,OR
555,1744,,Cream Ale,12,0.056,nan,331,Catawba Brewing Company,Morganton,NC
556,1743,Firewater India Pale Ale,American IPA,12,0.052,nan,331,Catawba Brewing Company,Morganton,NC
557,5318.239175914653,White Zomb??ie Al%e,Witbier,12,0.047,nan,331,Catawba Brewing Company,Morganton,NC
558,1719,King Winterbolt Winter Ale,Winter Warmer,12,0.07,nan,331,Catawba Brewing Company,Morganton,NC
559,638,White Zombie Ale,Witbie@@r@@,12,0.2773832508933136,nan,331,Catawba Brewing Company,Morganton,NC
560,507,Firewater India Pale Ale,American IPA,12,0.052,nan,331,Catawba Brewing Company,Morganton,NC
561,480,F@@armer Ted's Farmhouse Cream Ale#,Cream Ale,12,0.056,nan,331,Catawba Brewing Company,Morganton,NC
562,1882,Whitecap Wit,Witbier,16,0.048,16,1313.8824392822908,Catawba $Island Brewing,Po??rt Clinton,OH
563,1881,Seiche Scottish Ale,Scottish Ale,16,0.078,16,285,Catawba Island Brewing,Port Clinton,OH
564,14116.10787318656,Peanut Butter Jelly Time,American Brown Ale,12,0.058,nan,96,Catawba Valley Brewing Company,Morganton,NC
565,,King Coconut,American Porter,12,0.054,nan,354.073129730397,Catawba Valley Brewing Company,Morganton,NC
566,2600,Gone# A-Rye,nan,16,0.085,90,29,Cedar Creek Brewery,Seven Points,TX
567,2210,Special Release,nan,69.44507423051758,nan,nan,146.3703992603776,Cedar Creek Brewery,Seven Points,TX
568,2052,,American IP%A,16,0.068,70,29,Cedar Creek Brewery,Seven Points,TX
569,1584,Scruffy's Smoked Alt,Smoked Beer,16,0.051,35,29,Cedar Creek Brewery,Seven Points,TX
570,1182,Elliott's Phoned Home Pale Ale,American Pale Ale (APA),16,0.2068411109609464,nan,29,Cedar Creek Brewery,Seven Points,TX
571,4203.733958729125,Th@@e Lawn Ranger,Cream A@@le@@,nan,0.05,18,29,Cedar Creek Brewery,Seven Points,TX
572,3713.765197526211,All American Blonde Ale,American Blonde Ale,12,nan,nan,452,Centennial Be@@er% Company,Edwards,CO#
573,,All American Red Ale,American Amber / Red Ale,12,0.05,nan,452,Centennial Be@@er% Company,Edwards,CO#
574,2377,Main St. Virginia Ale,Al$$tbier,12,0.216750368888197,217.3065858635965,122,Center of the Universe Brewing C...,Ashland,VA
575,1839,Chin Music Amber Lager,American Amber / Red Lager,12,0.045,24,122,Center of the Universe Brewing C...,Ashland,VA
576,1248,Main St. Virginia Ale,Altbier,12,0.2643675019819557,40,122,Center of the Universe Brewing C...,Ashland,VA
577,,Ray Ray’s Pale Ale,American Pale Ale (APA),12,0.052,42,582.6436412432765,Center of the Universe Brewing C...,Ashland,VA
578,1649,Chai Ale,Herbed / Spiced Beer,16,0.051,64.55233005216185,350,Central Coast Brewing Company,San Luis Obispo,CA
579,1648,Lucky Day IPA,American IPA,16,0.2499899432895798,85,350,Central Coast Brewing Company,San Luis Obispo,CA
580,1647,Terrace Hill Double IPA,American Double / Imperial IPA,nan,0.095,99,350,Central Coast Brewing Company,San Luis Obispo,CA
581,1646,??Catch 23,American Black Ale,16,0.075,77,350,Central Coast Brewing Company,San Luis Obispo,CA
582,2057,Stickin' In My Rye,Rye Beer,24,0.07,nan,236,Champion Brewing Company,Charlottesville,VA
583,2056,Black Me Stout,American Stout,63.95363805567338,0.2263823415994208,45,236,Champion Brewing Company,Charlottesville,VA
584,2055,Killer Kolsch,Kölsch,12,0.05,67.3659197028212,236,Champion Brewing Company,Charlottesville,VA
585,6451.0183685137,Missile IPA,American IPA,12,0.07,65,236,Champion Brewing Company,Charlottesville,VA
586,2019,Enlighten,Kölsch,16,0.045,nan,810.2877792612065,Chapman's Brewing,Angola,IN
587,2018,Ale Cider,Fruit / Vegetable Beer,nan,0.065,8,250,Chapman's Brewing,Angola,IN
588,2017,Pail Ale,American Pale Ale (APA),16,0.055,30,250,Chapman's Brewing,Angola,IN
589,2016,,English Brown $Ale,16,0.045,nan,250,Chapman's Brewing,Angola,IN
590,2080,8 Barrel,American Strong Ale,16,0.08,69,226,Chatham Brewing,Chatham,NY
591,2079,,Märzen / Oktoberfest,16,0.055,nan,226,Chatham Brewing,Chatham,NY
592,2380,IPA #11,American IPA,16,0.057,58,121,Cheboygan Brewing Company,Cheboygan,MI
593,,Blood Orange Honey,nan,16,0.057,10,121,Cheboygan Brewing Company,Cheboygan,MI
594,7633.271743435096,Lighthouse Amber,Altbier,16,0.1874724948387645,nan,121,Cheboygan Brewing Company,Cheboygan,MI
595,2440,Bay of Bengal Double IPA (2014),American Double / Imperial IPA,12,0.089,126,99,Christian Moerlein Brewing Company,Cincinnati,OH
596,567,Churchkey Pilsner Style Beer,American Pilsner,12,nan,29,2192.4393850894376,Churchkey Can Company,Se%attle,WA
597,5431.21592078009,,Cider,nan,0.05,nan,425,Ciderboys,Stev%ens Point#,WI
598,1341,Magic Apple,Cider,12,0.05,nan,425,Ciderboys,Stev%ens Point#,WI
599,2349,Cubano Espresso,Bock,12,0.055,25,141,Cigar City Brewing Company,Tampa,FL
600,2014,Operation Homefront,American IPA,55.233728931424494,0.062,221.40150029337389,141,Cigar City Brewing Company,Tampa,FL
601,2013,Wandering Pelican,American Black Ale,12,0.4435029290999477,65,141,Cigar City Brewing Company,Tampa,FL
602,2012,Sugar Plum,American Brown Ale,42.36170018559956,0.055,nan,141,Cigar City Brewing Company,Tampa,FL
603,2011,,Märzen / Oktoberfest,12,0.055,nan,522.2662479983795,Cigar City Brewing Company,Tampa,FL
604,2010,Puppy's Breath Porter,American Porter,12,0.06,nan,141,Cigar City Brewing Company,Tampa,FL
605,2009,,American IPA,12,0.045,nan,771.537298989429,Cigar City Brewing Company,Tampa,FL
606,1726,,American?? IPA,12,0.07,60,141,Cigar City Brewing Company,Tampa,FL
607,1725,Hopped on the High Seas (Calypso),American IPA,12,0.07,60,141,Cigar City Brewing Company,Tampa,FL
608,1695,Wiregrass Post-Prohibition Ale,American Pale Ale (APA),12,0.063,nan,141,Cigar City Brewing Company,Tampa,FL
609,1694,Dry-Hopped On The High Seas Caribbean-Style IPA,American IPA,12,0.07,60,141,Cigar City Brewing Company,Tampa,FL
610,1693,Hopped on the High Seas (Citra),American IPA,12,0.07,60,141,Cigar City Brewing Company,Tampa,FL
611,1692,Hopped on the High Seas (Ahtanum),American IPA,12,0.07,60,141,Cigar City Brewing Company,Tampa,FL
612,1369,Gwar Beer,American Pale Ale (APA),12,0.055,nan,687.8325314896167,Cigar City Brewing Company,Tampa,FL
613,1243,Tropical Heatwave,American Pale Wheat Ale,94.83737725286446,0.052,nan,141,Cigar City Brewing Company,Tampa,FL
614,1142,Humidor Series India Pale Ale,American IPA,12,0.075,70,141,Cigar City Brewing Company,Tampa,FL
615,1141,Jai Alai IPA Aged on White Oak,American IPA,12,0.075,70,141,Cigar City Brewing Company,Tampa,FL
616,4291.29549440253,José Martí American Porter,American Po%rt@@er,12,0.08,348.66381737105627,141,Cigar City Brewing Company,Tampa,FL
617,4902.795602255885,Invasion Pale Ale,American Pale Ale (APA),12,0.05,nan,141,Cigar City Brewing Company,Tampa,FL
618,1138,Maduro Brown Ale,English Brown Ale,12,0.055,25,141,Cigar City Brewing Company,Tampa,FL
619,571,Maduro Brown Ale,American Brown Ale,12,0.055,25,141,Cigar City Brewing Company,Tampa,FL
620,570,Hotter Than Helles Lager,Munich Helles Lager,nan,0.05,nan,141,Cigar City Brewing Company,Tampa,FL
621,569,Tocobaga Red Ale,American Amber / Red Ale,12,0.072,75,141,Cigar City Brewing Company,Tampa,FL
622,546,Jai Alai IPA,American IP@%@A,12,0.075,70,141,Cigar City Brewing Company,Tampa,FL
623,545,Florida Cracker Belgian Wit,Witbier,12,0.05,18,141,Cigar City Brewing Company,Tampa,FL
624,2338,Shark Tracker Light lager,Light Lager,12,0.048,nan,820.1796654448168,Cisco Brewers,Nantucket,MA
625,1365,Pumple Drumkin,Pumpkin Ale,12,0.06,nan,145,Cisco Brewers,Nantucket,MA
626,1094,Grey Lady,Witbier,12,0.045,nan,824.4463481235709,Cisco Brewers,Nantucket,MA
627,657,Summer of Lager,Munich Helles Lager,12,0.35971765734197,nan,145,Cisco Brewers,Nantucket,MA
628,656,Indi#e Pale Ale,American IPA,12,0.065,nan,754.8403091658683,Cisco Brewers,Nantucket,MA
629,359,Sankaty Light Lager,Light Lager,12,0.038,nan,145,Cisco Brewers,Nantucket,MA
630,56,Whale's Ta$le Pale Ale,English Pale Ale,12,0.056,nan,145,Cisco Brewers,Nantucket,MA
631,1772,Jacaranada Rye IPA,American IPA,16,0.067,60,320,Claremont Craft Ales,Claremont,CA
632,4293.785980935869,Cascadian Dark Ale,American Black Ale,12,0.06,75,418,Coa#lit@@ion Brewing Company,Portland,OR
633,893,Wheat the People,American Pale Wheat Ale,16,0.044,13,1431.9807576464755,Coalition Brewing Company,Portland,OR
634,1407,Tybee Island Blonde,American Blonde Ale,12,0.047,17,415,Coastal Empire Beer Company,Savannah,GA
635,,Savannah Brown Ale,American Brown Ale,12,0.062,55,,Coastal Empire Beer Company,Savannah,GA
636,2438,Rhode Island Blueberry,Kölsch,12,0.046,11,101,Coastal Extreme Brewing Company,Newport,RI
637,,Newport Storm IPA,American IPA,12,0.065,418.57405650530904,101,Coastal Extreme Brewing Company,Newport,RI
638,751,Hurricane Amber Ale (2004),American Amber / Red Ale,12,0.052,24,101,Coastal Extreme Brewing Company,Newport,RI
639,408.08788558746784,Hurricane Amber Ale,American Amber / Red Ale,12,0.052,24,101,Coastal Extreme Brewing Company,Newport,RI
640,2061,Big Blue Van,Fruit / Vegetable Beer,16,0.2110997876114634,nan,232,College Street Brewhouse and Pub,Lake Havasu City,AZ
641,970,Des Moines IPA,American IPA,16,0.068,75,2017.9856783346743,Confluence Brewing Company,Des Moines,IA
642,969,Capital Gold Golden Lager,German Pilsener,16,0.048,22,,Confluence Brewing Company,Des Moines,IA
643,968,Fa%rmer John's Multi-Grain Ale,American Blonde Ale,16,0.056,21,482,Confluence Brewing Company,Des Moines,I%A
644,2351,Behemoth,American Pilsner,12,0.05,nan,139,Core Brewing & Distilling Company,Springdale,AR
645,,Arkansas Red,American Amber / Red Ale,12,0.052,nan,139,Core Brewing & Distilling Company,Springdale,AR
646,4791.042421931057,Core Oatmeal Stout,Oatmeal?? Stout??,12,0.057,nan,139,Core Brewing & Distilling Company,Springdale,AR
647,1336,Core ESB,Extra Special / Strong Bitter (ESB),12,0.061,nan,139,Core Brewing & Distilling Company,Springdale,AR
648,737,Chester's Beer (2005),American Pale Lager,12,0.038,nan,512,Cottrell Brewing,Pawcatuck,CT
649,129,Heiner Brau Kölsch,Kölsch,12,0.05,nan,553,Covington Brewhouse,Covington,LA
650,716,Trigger Blonde Ale,American Blonde Ale,16,0.048,nan,515,Crabtree Brewing Company,Greeley,CO
651,2136.2121916294077,Crabtree Oatmeal Stout,Oatmeal Stout,16,0.075,29,515,Crabtree Brewing Company,Greeley,CO
652,556,Eclipse Black IPA,Ameri@@can Black Ale,16,0.077,71,515,Crabtree Brewing Company,Greeley,CO
653,8356.94715918428,Neomexicanus Native,American Pale Ale (APA),58.494688358722634,nan,46,63,Crazy Mountain Brewing Company,Edwards,CO
654,7561.105014365911,Old Soul,Belgian Strong Pale Ale,12,0.075,25,63,Crazy Mountain Brewing Company,Edwards,CO
655,7521.867172203123,Snowcat Coffee Stout,Amer@@ican$ Stout,12,0.059,nan,63,Crazy Mountain Brewing Company,Edwards,CO
656,5378.267129452578,WinterWonderGrass Festival Ale,American Amber / Red Ale,12,nan,nan,63,Crazy Mountain Brewing Company,Edwards,CO
657,940,Boohai Red Ale,American Amber / Red Ale,12,nan,nan,63,Crazy Mountain Brewing Company,Edwards,CO
658,685,Lava Lake Wit,Witbier,12,0.052,15,63,Crazy Mountain Brewing Company,Edwards,CO
659,613,Mountain Livin' Pale Ale,American Pale Ale (APA),12,0.3023975105726474,nan,63,Crazy Mountain Brewing Company,Edwards,CO
660,356,Crazy Mountain Amber Ale,American Amber / Red Ale,12,0.052,25,63,Crazy Mountain Brewing Company,Edwards,CO
661,2029,Tropicalia,American IPA,12,0.065,65,247,Creature Comforts,Athens,GA
662,10506.283614909811,Athena,%Berliner We%issbier,12,0.045,nan,247,Creature Comforts,Athens,GA
663,9709.806548120165,Aviator Raspberry Blonde,American Blonde Ale,12,0.049,25,169,Crooked Fence Brewing Company,Garden City,#ID
664,1105,3 Picket Porter,American Porter,12,0.247207312814317,nan,169,Crooked Fence Brewing Company,Garden City,#ID
665,1104,Rusty Nail Pale Ale,%American Pale Ale (APA$),12,0.056,nan,169,Crooked Fence Brewing Company,Garden City,#ID
666,2145,Red Water Irish Style Red,American Amber / Red Ale,12,0.065,nan,212,Crow Peak Brewing Company,Spearfish,SD
667,1804,Mjöllnir,nan,12,0.066,nan,212,Crow Peak Brewing Company,Spearfish,SD
668,1602,Bear Butte Nut Brown Ale,American Brown Ale,12,0.2170808256965246,nan,212,Crow Peak Brewing Company,Spearfish,SD
669,1301,Easy Livin' Summer Ale,nan,12,0.045,nan,212,Crow Peak Brewing Company,Spearfish,SD
670,542,Canyon Cream Ale,Cream Ale$,12,0.055,nan,212,Crow Peak Brewing Company,Spearfish,SD
671,272,Pile O'Dirt Porter,American Porter,12,nan,nan,212,Crow Peak Brewing Company,Spearfish,SD
672,271,11th Hour IPA,American IPA,12,0.06,nan,212,Crow Peak Brewing Company,Spearfish,SD
673,1057,South Ridge Amber Ale,American Amber / Red Ale,16,0.06,31,,Crystal Springs Brewing Company,Boulder,nan
674,681,,Kölsch,16,nan,74.7179459802675,472,Crystal Springs Brewing Company,Boulder,CO
675,1789,Lost River Blonde Ale,American Blonde Ale,16,0.049,nan,1117.5269150939748,Cutters Brewing Company,Avon,IN
676,1788,Monon Wheat#,Witbier,16,0.054,nan,315,Cutters Brewing Company,Avon,IN
677,,Floyd's Folly,Scottish Ale,53.60430544395731,0.08,nan,315,Cutters Brewing Company,Avon,IN
678,1786,Half Court IPA,American IPA,67.74616233163975,0.2072035582813922,nan,315,Cutters Brewing Company,Avon,IN
679,,Geary's Pale Ale,English Pale Ale,12,0.045,nan,323,D.L. Geary Brewing Company,Portland,ME
680,1311,Geary's Summer Ale,Kölsch,12,0.2644590332152531,nan,323,D.L. Geary Brewing Company,Portland,ME
681,2078,Stone of Arbroath,Scotch Ale / Wee Heavy,50.01526742871411,0.08,nan,227,DC Brau Brewing Company,Washington,DC
682,1809,The Tradition,American Blonde Ale,12,nan,87.92730113519146,823.5417235090657,DC Brau Brewing Company,Washington,DC
683,1263,El Hefe Speaks,Hefeweizen,12,0.053,11,227,DC Brau Brewing Company,Washington,DC
684,1092,Penn Quarter Porter,American Porter,39.207547395165975,0.055,nan,227,DC Brau Brewing Company,Washington,DC
685,851,On the Wings of Armageddon,American Double / Imperial IPA,12,0.092,115,227,DC Brau Brewing Company,Washington,DC
686,186,The Corruption,American IPA,59.29633899566918,0.065,80,227,DC Brau Brewing Company,Washington,DC
687,185,The Citizen,Belgian Pale Ale,12,0.07,nan,227,DC Brau Brewing Company,Washington,DC
688,184,The Public,American Pale Ale (APA),12,0.06,nan,227,DC Brau Brewing Company,Washington,DC
689,1224,Dank IPA,American IPA,67.73764103662796,0.065,nan,451,Dad & Dude's Breweria,Aurora,CO
690,964,Dank IPA (2012),American IPA,16,0.065,nan,451,Dad & Dude's Breweria,Aurora,CO
691,1623,Lift Off IPA,American IPA,16,0.072,nan,1403.343090910168,Daredevil Brewing Company,Shelbyville,@@IN%
692,110,BrewFarm Select Golden Lager,American Pale Lager,12,0.055,nan,2184.7331915212826,Dave's Brewfarm,Wilson,WI
693,1735,Sprocket Blonde Ale (2006),American Blonde Ale,12,0.05,nan,1969.8607589180567,David's Ale Works,Diamond Springs,CA
694,9939.941209320305,Sprocket Pale Ale (2006),American Pale Ale (APA),12,0.05,nan,333,David's Ale Works,,CA
695,1746,Dead Armadillo Amber Ale,American Amber / Red Ale,nan,0.063,37,330,Dead Armadillo Craft Brewing,Tulsa,nan
696,2371,Neato Bandito,Euro# Pal??e Lager,43.088649546433395,0.06,nan,127,Deep Ellum Brewing Company,Dallas,TX
697,2251,Oak Cliff Coffee Ale,A??merican Brown Al#e,12,nan,33,127,Deep Ellum Brewing Company,Dallas,TX
698,2166,Dream Crusher Double IPA,American Double / Imperial IPA,12,0.085,100,127,Deep Ellum Brewing Company,Dallas,TX
699,1827,Deep Ellum Pale Ale,American Pale Ale (APA),12,0.06,nan,606.7712394021198,Deep Ellum Brewing Compa%n$y,Dallas,TX
700,1203,Double Brown Stout,nan,58.916221579932106,0.07,nan,127,Deep Ellum Brewing Company,Dallas,TX
701,1202,Farmhou$se Wit,??Sais%on / Farmhouse Ale,nan,0.048,25,127,Deep Ellum Brewing Company,Dallas,TX
702,1161,Rye Pils Session Lager,German Pilsener,12,0.046,nan,127,Deep Ellum Brewing Company,Dallas,TX
703,946,Dallas Blonde,American% Blonde Ale,12,0.052,75.4424924660071,127,Deep Ellum Brewing Company,Dallas,TX
704,943,Dee??p Ellum IPA,American IPA,43.314118281022374,0.07,343.82827839049463,127,Deep Ellum Brewing Company,Dallas,TX
705,8085.9988676374915,Thras%her Session India Pale Ale,American IPA,12,0.045,44,283,Defiance Brewing Company,Hays,KS
706,1885,Gutch English Style Mild Ale,English Pale Mild Ale,12,0.05,16,283,Defiance Brewing Company,Hays,KS
707,1213,Chuli Stout,Irish Dry Stout,12,0.059,55,453,Denali Brewing Company,Talkeetna,AK
708,1159,Mother Ale,American Blonde Ale,12,0.2453355353638362,46,453,Denali Brewing Company,Talkeetna,AK
709,947,Twister Creek India Pale Ale,American IPA,12,0.065,71,453,Denali Brewing Company,Talkeetna,AK
710,929,Single Engine Red,nan,12,0.058,46,453,Denali Brewing Company,Talkeetna,AK
711,1944,,Am$erican IPA,12,0.07,nan,263,Denver Beer Company,Denver,CO
712,1943,Graham Cracker Porter,American Porter,12,0.05,nan,263,Denver Beer Company,Denver,CO
713,1210,Mirror Pond Pale Ale,nan,12,0.05,156.19344153669087,454,Deschutes Brewery,Bend,OR
714,10036.744647315403,,Hefeweizen,12,0.052,16,57,Destihl Brewery,Bloomington,IL
715,2505,Abbey's Single (2015- ),Abbey Single Ale,12,0.049,22,57,Destihl Brewery,Bloomington,IL
716,2025,Vertex IPA,American IPA,12,0.063,76,57,Destihl Brewery,Bloomington,IL
717,2021,Here Gose Nothin',Gose,12,0.1871713728884965,12,57,Destihl Brewery,Bloomington,IL
718,2015,Strawberry Blonde,Fruit / Vegetable Beer,12,0.05,nan,57,Destihl Brewery,Bloomington,IL
719,1888,Hoperation Overload,American Double / Imperial IPA,12,0.096,85,57,Destihl Brewery,Bloomington,IL
720,,Abbey's Single Ale (Current),Abbey Single Ale,12,0.049,22,57,Destihl Brewery,Bloomington,IL
721,2051,Bravo Four Point,American Pale Ale (APA),nan,0.044,45,237,Devil's Backbone Brewing Company,Lexington,VA
722,1201,Striped Bass Pale Ale,American Pale Ale (APA),12,0.052,26,237,Devil's Backbone Brewing Company,Lexington,VA
723,924,Deadicated Amber,American Amber / Red Ale,16,nan,27,491,Devil's Canyon Brewery,Belmont,CA
724,,Kaleidoscope Collaboration 2012,American Black Ale,92.44719633386366,nan,nan,,Devil's Canyon Brewery,Belmont,??CA@@
725,730,California Sunshine Rye IPA,American IPA,nan,0.071,85,491,Devil's Canyon Brewery,Belmont,CA
726,647,Ful#l Boar $Scotch Ale,Scotch Ale / Wee Heavy,16,0.074,12,491,Devil's Canyon Brewery,Belmont,CA
727,1773,12 Man Pale Ale,American Pale Ale (APA),42.70342978387471,0.045,nan,319,Dick's Brewing Company,,WA
728,1795,Filthy Hoppin' IPA,American IPA,16,0.065,277.9018480996797,311,Dirty Bucket Brewing Company,Woodinville,WA
729,3438.1001550362853,Dock Street Amb#er B$eer (1992),American% Amber /@@ Red Ale,12,nan,nan,488,Dock Street Brewery,Philadelphia,PA%
730,,#Dolores River Hefeweiz@@en,Hefeweizen,16,nan,nan,531,Dolores River Brewery,Dolores,CO
731,450,Dolores River ESB,Extra Special / Strong Bitter (ESB),16,nan,nan,531,Dolores River Brewery,Dolores,CO
732,1939.549945595999,Snaggletooth Double Pale Ale,American Double / Imperial IPA,16,nan,nan,531,Dolores River Brewery,Dolores,CO
733,448,Dolores River Pale Ale,nan,16,nan,nan,531,Dolores River Brewery,Dolores,CO
734,447,Dolores River Dry Stout,Irish Dry Stout,16,nan,nan,531,Dolores River Brewery,Dolores,CO
735,446,Dolores River Mild,English Dark Mild Ale,16,nan,nan,531,Dolores River Brewery,Dolores,CO
736,1246,Cranberry Blend,Cide??r,12,0.049,nan,446,Downeast Cider House,Leomin%@@ster,MA
737,977,Orignal Blend,Cider,12,nan,nan,446,Downeast Cider House,Leomin%@@ster,MA
738,881,Hop Abomination,nan,12,0.2420918997080292,100,496,Dry Dock Brewing Company,Aurora,CO
739,880,Apricot Blond@@e,Fruit / Vegetable Beer,12,0.051,17,496,Dry Dock Brewing Company,Aurora,CO
740,872,Dry Dock Hefeweizen,Hefeweizen,12,0.2280852607960802,12,496,Dry Dock Brewing Company,Aurora,CO
741,871,Dry Dock Amber Ale,American Amber / Red Ale,12,0.058,nan,496,Dry Dock Brewing Company,Aurora,CO
742,,Category 3 IPA,American IPA,12,0.061,64,1894.1565981525168,Due South Brewing Company,Boynton Beach,FL
743,457,Dundee Summer Wheat Beer,American Pale Wheat Ale,12,0.045,nan,538,Dundee Brewing Company,Rochester,NY
744,,Pumpkin Patch Ale,Pumpkin Ale,16,0.05,nan,1441.37562302683,Eddyline Brewery & Restaurant,Buena Vista,CO
745,1382,Cra%nk Yanker# IPA,American IPA,16,0.078,74,369,Eddyline Brewery & Restaurant,Buena Vista,CO
746,1110,River Runners Pale Ale,American Pale Ale (APA),16,0.06,nan,369,Eddyline Brewery & Restaurant,Buena Vista,CO
747,1014,Pumpkin Patch Ale (2012),Pumpkin Ale,16,0.05,nan,369,Eddyline Brewery & Restaurant,Buena Vista,CO
748,3855.6986215736824,Mountain Fairy Raspberry Wheat,Fruit / Vegetable Beer,16,0.055,nan,369,Eddyline Brewery & Restaurant,Buena Vista,CO
749,680,Boater Beer,nan,16,0.045,nan,369,Eddyline Brewery & Restaurant,Buena Vista,CO
750,395,,American IPA,89.53306335949725,nan,74,369,Eddyline Brewery & Restaurant,Buena Vista,CO
751,5093.978799055449,Bleeding Buckeye Red Ale,Extra Special / Strong Bitter (ESB),16,0.057,nan,,Elevator Brewing Company,Columbus,OH
752,673,Dottie Seattle Lager,American Amber / Red Lager,16,0.049,25,,Emerald City Beer Company,Seattle,WA
753,,Nut Sack Imperial Brown Ale,American Brown Ale,12,0.07,nan,465,Engine 15 Brewing,Jacksonville Beach,FL
754,1039,Underachiever,American Adjunct Lager,16,0.05,nan,473,Engine House 9,#$Tacoma,WA
755,2477,Lil' Brainless Raspberries,Fruit / Vegetable Beer,12,0.052,nan,,Epic Brewing,Denver,CO
756,2008,Element 29,American Pale Ale (APA),67.31211831843183,nan,nan,81,Epic Brewing,Denver,CO
757,2004,Hop Syndrome,American Pale Lager,12,0.05,nan,81,Epic Brewing,Denver,CO
758,2003,Escape to Colorado,American I$PA,12,0.062,nan,81,Epic Brewing,Denver,CO
759,2292,Little Sister India Style Session Ale,American IPA,12,0.043,60,170,Everybody's Brewing,White Salmon,WA
760,1504,Country Boy IPA,American IPA,12,nan,327.18339332278345,577.0265587468064,Everybody's Brewing,White Salmon,W$A
761,2604,Blonde Czich,American Blonde Ale,16,0.049,23,26,Evil Czech Brewery,Mishawaka,IN
762,13394.080733321029,White Reaper,Belgia??n $IPA,16,0.07,61,26,Evil Czech Brewery,Mishawaka,IN
763,11431.190564382248,Bobblehead,American Pale Wheat Ale,16,0.051,nan,,Evil Czech Brewery,Mishawaka,IN
764,2430,Lucky Dog,America@@n Pale Ale (@@APA),16,nan,nan,26,Evil Czech Brewery,Mishawaka,IN
765,2429,Voodoo,American Porter,16,0.048,nan,26,Evil Czech Brewery,Mishawaka,IN
766,1967,General Geor@@ge Patton Pilsner,Czec@@h Pilsene%r,16,0.2733810039538574,48,26,Evil Czech Brewery,Mishawaka,IN
767,2283,Nomader Weiss,Berliner Weissbier,12,0.04,nan,173,Evil Twin Brewing,Brooklyn,NY
768,2248,Molotov Lite,American Double / Imperial IPA,16,0.085,nan,173,Evil Twin Brewing,Brooklyn,NY
769,1287,Hipster Ale (Two Roads Brewing),American Pale Ale (APA),12,0.055,nan,713.271921870175,Evil Twin Brewing,Brooklyn,NY
770,1286,Bikini Beer,Am%erican IPA,12,0.027,nan,173,Evil Twin Brewing,Brooklyn,NY
771,640,Hipster Ale (Westbrook Brewing),American Pale Ale (APA),12,0.055,nan,173,Evil Twin Brewing,Brooklyn,NY
772,,Iron Horse Pale Ale,American Pale Ale (APA),12,0.05,32,335,Fargo Brewing Company,Fargo,ND
773,8135.787502588105,Stone's Throw IPA,Scottish Ale,12,0.045,nan,335,Fargo Brewing Company,Fargo,ND
774,1434,Wood Chipper India Pale Ale,American IPA,12,0.067,70,335,Fargo Brewing Company,Fargo,ND
775,2089,Tra%il He#ad,American Pale Ale (APA),62.152434066813115,0.063,55,224,Fat Head's Brewery,Middleburg Heights,OH
776,6681.577633747942,Hop Stalker Fresh Hop IPA,American IPA,16,0.07,80,224,Fat Head's Brewery,Middleburg Heights,OH
777,1455,Sudice American Stout,A@@me@@rican Stout,16,0.07,nan,405,Fate Brewing Company,Boulder,CO
778,1454,Parcae Belgian Style Pale Ale,Belgian Pale Ale,85.62401444845848,nan,20,405,Fate Brewing Company,Boulder,CO
779,1453,Norns Roggenbier,Ro#ggenb%ier,52.27337717498155,0.05,20,405,Fate Brewing Company,Boulder,CO
780,1452,Laimas Kölsch Style Ale,Kölsch,16,0.05,20,405,Fate Brewing Company,Boulder,CO
781,1451,Moirai India Pale Ale,American IPA,16,0.07,70,405,Fate Brewing Company,Boulder,CO
782,2191,Loki Red Ale,American Amber / Red Ale,16,0.075,53,201,Fearless Brewing Company,Estacada,OR
783,1731,Peaches & Cream,Fruit / Vegetable Beer,16,0.046,nan,,Fearless Brewing Company,Estacada,OR
784,1022,Quaff India Style Session Ale,American IPA,16,0.051,nan,201,Fearless Brewing Company,Estacada,OR
785,895,Loki Red Ale (2013),American Amber / Red Ale,16,0.075,53,,Fearless Brewing Company,Estacada,OR
786,682,Mjolnir Imperial IPA,American Double / Imperial IPA,16,nan,nan,1130.958502749266,Fearless Brewing Company,Esta@@cada,OR??
787,112,Fearless Scottish Ale,Scottish Ale,16,0.05,nan,201,Fearless Brewing Company,Estacada,OR
788,2289,Mastermind,American Double / Im@@peria#l IPA,12,0.081,nan,172,Fiddlehead Brewing Company,Shelburne,VT
789,2027,Hyzer Flip,nan,16,0.082,nan,172,Fiddlehead Brewing Company,Shelburne,VT
790,1929,Second Fiddle,Ame#rican Double / Imperial IPA,16,0.082,80,172,Fiddlehead Brewing Company,Shelburne,VT
791,1858,Hodad Porter,American Porter,16,0.055,30,172,Fiddlehead Brewing Company,Shelburne,VT
792,2591,Weiss Weiss Baby,Kristalweizen,12,0.045,nan,36,Figueroa Mountain Brewing Company,Buellton,CA
793,2590,Czech Yo Self,Czech Pilsener,12,0.055,45,36,Figueroa Mountain Brewing Company,Buellton,CA
794,1968,FMB 101,Kölsch,12,0.048,20,36,Figueroa Mountain Brewing Company,Buellton,CA
795,1981,Hardcore Chimera,American Double / Imperial IPA,16,0.09,nan,256,Finch's Beer Company,Chicago,IL
796,9653.438974671097,Sobek %& Set,American Black Ale,16,0.08,80,256,Finch's Beer Company,Chicago,IL
797,1663,Nuclear Winter,Belgian St??rong Dark Ale,16,0.086,nan,256,Finch's Beer Company,Chicago,IL
798,1662,Wet Hot American Wheat Ale,American Pale Wheat Ale,16,0.05,22,256,Finch's Beer Company,Chicago,IL
799,941,Secret Stache St#ou@@t,American Stout,16,0.053,nan,256,Finch's Beer Company,Chicago,IL
800,935,Fascist Pig Ale,American Amber / Red Ale,16,0.08,72,256,Finch's Beer Company,Chicago,IL
801,809,C??ut %Throat Pale Ale,Americ$an?? Pale Ale (APA),16,0.055,nan,256,Finch's Beer Company,Chicago,IL
802,,Threadles%s IPA#,American IPA,53.797001516908054,0.075,nan,256,Finch's Beer Company,Chicago,IL
803,2025.2737095820212,Cut Throat Pale Ale (2011),American Pale Ale (APA),16,0.055,nan,256,Finch's Beer Company,Chicago,IL
804,350,Golden Wing Blonde Ale,American Blonde Ale,16,0.047,nan,256,Finch's Beer Company,Chicago,IL
805,2569,Easy Jack,American% IPA,12,0.045,47,48,Firestone Walker Brewing Company,Paso Robles,CA
806,2463,Union Jack,Ame%rican IPA,39.344662520444,0.075,75,48,Firestone Walker Brewing Company,Paso Robles,CA
807,2462,Pivo Pils,German Pilsener,12,0.053,nan,48,Firestone Walker Brewing Company,Paso Robles,CA
808,6404.45749074933,80%5 Blonde %Ale,American Blonde Ale,12,0.2373074051215545,nan,48,Firestone Walker Brewing Company,Paso Robles,CA
809,1733,805,American @@Blonde Ale,12,0.047,20,48,Firestone Walker Brewing Company,Paso Robles,CA
810,2624,Deflator,Doppelbock,16,0.065,nan,91.00062440963167,Flat 12 Bierwerks,Indianapolis,IN
811,2284,Hinchtown Hammer Down,American Blonde Ale,49.48299475956175,0.05,27,16,Flat 12 Bierwerks,Indianapolis,IN
812,1610,Half Cycle IPA,American IPA,16,0.06,104,16,Flat 12 Bierwerks,Indianapolis,IN
813,520,Inclined Plane Ale,American IPA,12,nan,nan,532,F%lat Rock Brewing Company,Smithton,PA
814,2554,Moped Traveler,nan,16,0.055,nan,,Flesk Brewing Company,Lombard,IL
815,608,Snake Dog IPA,American IPA,12,0.071,60,521,Flying Dog Brewery@@,Frederick,MD
816,607,Underdog Atlantic Lager,American Pale Lager,12,0.047,28,521,Flying Dog Brewery@@,Frederick,MD
817,2567,Flying Mouse 8,American Porter,12,0.04,nan,50,Flying Mouse Brewery,Troutville,VA
818,2566,Flying#@@ Mouse 4,American IPA,12,0.07,70,50,Flying Mouse Brewery,Troutville,VA
819,1899,La Ferme Urbaine Farmhouse Ale,Saison / Farmhouse Ale,12,0.078,nan,279,Foolproof Brewing Company,Pawtucket,RI
820,983,Backyahd IPA,American IPA,12,0.06,nan,279,Foolproof Brewing Company,Pawtucket,RI
821,982,Raincloud Robust Por$ter#,American Porter,12,0.065,nan,279,Foolproof Brewing Company,Pawtucket,RI
822,981,Barstool American Golden Ale,American Blonde Ale,12,0.045,nan,279,Foolproof Brewing Company,Pawtucket,RI
823,2111,What the Butler Saw,nan,41.271175298990414,0.05,18,,Forgotten Boardwalk,C$herry ??Hill,NJ
824,2110,1916 Shore Shiver,American IPA,12,0.4019222057723112,65,217,Forg@@ott$en Boardwalk,Cherry Hill,NJ
825,2172,Q@@uick WIT,Belgian Pale Ale,12,0.052,nan,206,Fort George Brewery,Astoria,OR
826,2171,The@@ Optim??ist,American IPA,nan,0.062,nan,206,Fort George Brewery,Astoria,OR
827,1911,Suicide Squeeze IPA,American IPA,16,0.045,nan,206,Fort George Brewery,Astoria,OR
828,1803,Java the Hop,%American IPA,16,0.065,nan,206,Fort George Brewery,Astoria,OR
829,,Next Adventure Black IPA,American Black Ale,16,0.062,nan,206,Fort George Brewery,Astoria,OR
830,1515,3-Way IPA (2013),American IPA,87.89934873474803,0.067,nan,206,Fort George Brewery,Astoria,OR
831,1214,,American Pal??e$ Ale (APA),16,0.058,nan,206,Fort George Brewery,Astoria,OR
832,2713.0008828752357,Quick Wit Belgianesque Ale,Witbier,16,0.052,nan,206,Fort George Brewery,Astoria,OR
833,562,Sunrise Oatmeal Pale Ale,American Pale Ale (APA),16,0.055,nan,1148.3904075506932,Fort George Brewery,Astoria,OR
834,2692.374275059951,Cavatica Stout,American Double / Imperial Stout,16,0.088,nan,206,Fort George Brewery,Astoria,OR
835,319,1811 Lager,American Amber / Red Lager,16,0.051,nan,206,Fort George Brewery,Astoria,OR
836,318,Vortex IPA,American IPA,93.61904426719003,0.4240062210320797,97,206,Fort George Brewery,Astoria,OR
837,2322,Fort Pitt Ale,Ame??rican Amber / Re#d Ale,42.49494493932376,nan,nan,151,Fort Pitt Brewing Company,Latro$be,PA%
838,2661,Park,American Pale Wheat Ale,12,0.047,84.33892072387124,4,Fort Point Beer Company,San Francisco,CA
839,2660,Westfali$a,American Amber / Red Ale,12,0.2610774676251775,16,4,Fort Point Beer Company,San Francisco,CA
840,2659,KSA,Kölsch????,nan,0.046,17,4,Fort Point Beer Company,San Francisco,CA
841,2658,Villager,American IPA,12,0.063,42,21.63359851628619,Fort Point Beer Company,San Francisco,##CA
842,2625,Dirty Bastard,Scotch Ale / Wee Heavy,12,0.085,50,15,Founders Brewing Company,Grand Rapids,MI
843,1565,Centennial IPA,American IPA,12,0.3979671939208792,65,15,Founders Brewing Company,Grand Rapids,MI
844,1223,,American IPA,12,0.047,156.6793900000973,15,Founders Brewing Company,Grand Rapids,MI
845,1874,El Chingon IPA,American IPA,66.41461936679498,0.076,73,287,Four Corners Brewing Company,Dallas,TX
846,1873,Block Party Robust Porter,American Po%rter,44.80995336509381,0.057,nan,287,Four Corners Brewing Company,Dallas,TX
847,1872,,American Blonde Ale,12,0.052,20,,Four Corners Brewing Company,,TX??
848,,Feel Like Maplin' Love,nan,16,0.055,nan,22,Four Fathers Brewing,Valparaiso,IN
849,2612,Father's Beer,Belgian P??ale Ale,16,0.05,nan,114.93419996583319,,Valparaiso,IN
850,2611,The 26th,American IPA,16,0.3235677765840354,nan,22,Four Fathers Brewing,Valparaiso,IN
851,2610,The Gadget,American IPA,16,0.064,90,22,Four Fathers Brewing,Valparaiso,IN
852,1657,Leprechaun Lager,American Pale Lager,12,0.04,nan,,Four Horsemen Brewing Company,South Bend,IN
853,2309,Sunbru Kölsch,Kölsch,12,0.052,17,160,Four Peaks Brewing Company,Tempe,AZ
854,1635,Kilt Lifter Scottish-Style Ale,nan,12,0.06,21,160,Four Peaks Brewing Company,Tempe,AZ
855,1616,Pumpkin Porter,American Porter,57.39216298349615,nan,nan,735.7657546700946,Four Peaks Brewing Company,,AZ
856,1585,Four Peaks Peach Ale,Fruit / Vegetable Beer,12,0.1496801521699391,9,160,Four Peaks Brewing Company,Tempe,AZ
857,,Hop Knot IPA,American IPA,12,0.3008749425071726,47,160,Four Peaks Brewing Company,Tempe,AZ
858,179,Kilt Lifter Scottish-Style Ale (2009),Scottish Ale,12,0.1925569812789226,21,160,Four Peaks Brewing Company,Tempe,AZ
859,178,Sunbru Kölsch,Kölsch,12,0.052,nan,160,Four Peaks Brewing Company,Tempe,AZ
860,2428,Four String Vanilla Porter,American Porter,12,0.06,nan,105,Four String Brewing Company,Columbus,OH
861,2427,Suncaster Summer Wheat,American Pale Wheat Ale,12,0.05,28,105,Four String Brewing Company,Columbus,OH
862,2425,Brass Knuckle Pale Ale,American Pale Ale (APA),12,0.057,36,105,Four String Brewing Company,Columbus,OH
863,7802.642651222099,Big Star White IPA,nan,12,nan,70,438.66742988214605,Four String Brewing Company,Columbus,OH
864,1998,Old Detroit,nan,12,0.056,nan,253,Frankenmuth Brewery,Frankenmuth,MI
865,1556,Batch 69 IPA,American IPA,12,0.069,69,253,Frankenmuth Brewery,Frankenmuth,MI
866,1208,Twisted Helles Summer Lager,Munich Helles Lager,12,0.055,18,253,Frankenmuth Brewery,Frankenmuth,MI
867,11731.780834160989,OktoberFie??sta,nan,12,0.053,27,66,Freetail Brewing Company,San Antonio,TX
868,2526,Texicali,American Brown Ale,12,0.065,33,66,Freetail Brewing Company,San Antonio,TX
869,,Pinata Protest,Witbier,12,0.06,nan,66,Freetail Brewing Company,San Antonio,TX
870,2524,Bat Outta Helles,Munich Helles Lager,12,0.042,20,66,Freetail Brewing Company,San Antonio,TX
871,2523,Original,Ameri$can Amber / Red Ale,12,0.068,nan,66,Freetail Brewing Company,San Antonio,TX
872,2522,Rye Wit,nan,12,0.042,10,66,Freetail Brewing Company,San Antonio,TX
873,2521,Soul Doubt,American IPA,12,0.059,nan,66,Freetail Brewing Company,San Antonio,TX
874,2520,Yo $Soy Un Berliner%,Berliner% Weissbier,12,0.044,16.187587076434163,206.8627649685377,Freetail Brewing Company,San Antonio,TX
875,1174,77 Fremont Select Spring Session IPA,A%$merican IPA,12,0.04,nan,460,Fremont Brewing Company,Seattle,WA
876,1116,Fremont Organic Pale Ale,American Pale Ale (APA),38.87609070926764,0.2223000504745273,nan,460,Fremont Brewing Company,Seattle,WA
877,5828.955919908498,Abominable Ale,English Strong Ale,12,0.08,nan,460,Fremont Brewing Company,Seattle,WA
878,901,Harvest Ale,Saison / Farmhouse Ale,12,0.065,35,460,Fremont Brewing Company,Seattle,WA
879,875,Fremont Summer Ale,American Pale Ale (APA),12,0.065,45,460,Fremont Brewing Company,Seattle,WA
880,858,Universale Pale Ale,American Pale Ale (APA),12,0.056,30,460,Fremont Brewing Company,Seattle,WA
881,4194.301108469861,Interurban IPA,American IPA,12,0.065,80,460,Fremont Brewing Company,Seattle,WA
882,1300,Gateway Kolsch Style Ale,Kölsch,12,0.053,32,433,French Broad Brewery,Asheville,NC
883,1260,Wee-Heavy-Er Scotch Ale,nan,12,0.07,24,433,French Broad Brewery,Asheville,NC
884,1259,1??3 Rebels ESB,Extra Special / Strong Bitter (ESB),12,0.052,42,433,French Broad Brewery,Asheville,NC
885,2254,Salamander Slam,American IPA,nan,0.07,73,180,Frog Level Brewing Company,Waynesville,NC
886,1658,Cack-A-Lacky,American Pale Ale (APA),43.20636994062177,0.05,nan,,Fullsteam Brewery,Durham,NC
887,2077,No Wake IPA,American IPA,12,0.072,276.26776069178135,228,Geneva Lake Brewing Company,Lake Geneva,WI
888,2076,Boathouse Blonde,American Blonde Ale,12,0.049,15,,Geneva Lake Brewing Company,Lake Geneva,WI
889,,#Cedar $Point,American Amber / Red Ale,12,0.05,26,1299.597656531627,Geneva Lake Brewing Company,Lake Geneva,WI
890,2426,Clean Shave IPA,American% IP??A,12,0.067,70,106,Glabrous Brewing Company,Pineland,ME
891,2045,Might As Well IPL,American Pale Lager,16,0.072,75,240,Golden Road Brewing,Los Angeles,CA
892,,Saison Pamplemousse,Saison / Farmhouse Ale,12,0.058,35,240,Golden Road Brewing,Los Angeles,CA
893,1777,2020 IPA,American IPA,53.4978498643374,0.074,74,240,Golden Road Brewing,Los Angeles,CA
894,1698,Wolf Among Weeds IPA,American IPA,16,0.08,70,240,Golden Road Brewing,Los Angeles,CA
895,1641,Better Weather IPA,American IPA,16,0.094,92,240,Golden Road Brewing,Los Angeles,CA
896,1490,Point the Way IPA,American IPA,16,0.059,60,240,Golden Road Brewing,Los Angeles,CA
897,1489,Golden Road Hefeweizen,Hefeweizen,16,0.046,15,240,Golden Road Brewing,Los Angeles,CA
898,1399,Heal the Bay IPA,American IPA,16,0.068,65,240,Golden Road Brewing,Los Angeles,CA
899,1296,Point the Way IPA$,American IPA,12,0.059,60,240,Golden Road Brewing,Los Angeles,CA
900,1034,,Kölsch,nan,0.05,nan,240,Golden Road Brewing,Los Angeles,CA
901,991,Get Up Offa That Brown,#American Brown$ Ale,64.54256982419719,0.055,20,1285.2233373198108,Golden Road Brewing,Los Angeles,CA
902,750,Burning Bush Smoked IPA,American IPA,16,0.08,70,,Golden Road Brewing,Los Angeles,CA
903,749,Wolf Among Weeds IPA (2012),American IPA,50.72245760891701,nan,70,240,Golden Road Brewing,Los Angeles,CA
904,549,,American IPA,16,0.059,60,240,Golden Road Brewing,Los Angeles,CA
905,548,Golden Road Hefeweizen (2012),Hefeweizen,16,0.046,15,240,Golden Road Brewing,Los Angeles,CA
906,12533.84355575718,Vanilla Porter,American Porter,16,0.07,11,39,Gonzo's BiggDogg Brewing,Kalamazoo,MI
907,1109,Descender IPA,nan,12,0.07,70,1727.206867692492,Good Life Brewing Company,Bend,OR
908,1108,Sweet As Pacific A??le,A@@merican Pale Wheat Ale,nan,0.06,18,,Good Life Brewing Company,Bend,OR
909,1000,Good People Pale# @@Ale,American Pale Ale (APA),36.18334118088343,0.056,36,478,Good People Brewing Company,Birmingham,AL
910,312,Snake Handler Double IPA,American Double / Imperial IPA,12,0.093,103,478,Good People Brewing Company,Birmingham,AL
911,311,Coffee Oatmeal Stout,Oatmeal Stout,12,0.06,204.6822391790538,,Good People Brewing Company,Birmingham,AL
912,309,Good People IPA,American IPA,12,0.06,64,478,Good People Brewing Company,Birmingham,AL
913,308,Good People American Brown Ale,American Brown Ale,12,0.058,36,478,Good People Brewing Company,Birmingham,AL
914,9650.067208474724,Mountain Rescue Pale Ale,American@@ Pale Ale (APA),12,0.055,40,194,Goodlife Brewing Co.,Bend,OR
915,2198,Goose Island India Pale Ale,American IPA,12,0.059,55,196,Goose Island Brewery Company,Chicago,IL
916,2457,312 Urban Pale Ale,American Pale Ale (APA),16,0.054,30,88,Goose Island Brewing Company,Chicago,IL
917,2202,312 Urban Pale Ale,Am??erican Pale Ale (APA),12,0.054,30,88,Goose Island Brewing Company,Chicago,IL
918,2201,312 Urban Wheat Ale,American Pale Wheat Ale,16,0.042,18,88,Goose Island Brewing Company,Chicago,IL
919,1829,312 Urban Wheat Ale,American Pale Wheat Ale,12,0.042,18,88,Goose Island Brewing Company,Chicago,IL
920,581,312 Urban Wheat Ale (2012),American Pale Wheat Ale,12,0.042,20,88,Goose Island Brewing Company,Chicago,IL
921,7836.420359839484,Beaver Logger,nan,12,0.052,19,420,Gore Range Brewery,Edwards,CO
922,477,White Water Wheat,American Pale Wheat Ale,12,0.05,nan,2759.0104147523334,Grand Canyon Brewing Company,Williams,AZ
923,476,,American Pilsner,12,0.052,nan,536,Grand Canyon Brewing Company,%Williams,AZ
924,143,Grand Canyon Sunset Amber Ale,American Amber / Red Ale,12,0.054,nan,536,Grand Canyon Brewing Company,%Williams,AZ
925,142,Black Iron India Pale Ale,Amer??ican IPA,12,nan,nan,536,Grand Canyon Brewing Company,%Williams,AZ
926,2129,Monarch Clas@@sic American Wheat,American Pale Wheat Ale,12,0.043,21,1078.8924879813844,Grapevine Craft Brewery,Farmers Branch,TX
927,2127,Sir William's English Brown Ale,English Brown Ale,12,0.049,21,213,Grapevine Craft Bre#wery,Farmers Branch,TX
928,2126,Lakefire Rye Pale Ale,American Pale Ale (APA),12,0.055,35,213,Grapevine Craft Bre#wery,Farmers Branch,TX
929,2303,Beer Agent Re-Ignition,American Blonde Ale,16,0.2311482243208874,22,165,Great Crescent Brewery,Aurora,IN
930,1990,Cherry Ale,Fruit / Vegetable Beer,16,0.057,18,165,Great Crescent Brewery,Aurora,IN
931,1702,Bourbon Barrel Aged Coconut Porter,American Porter,16,0.056,33,165,Great Crescent Brewery,Aurora,IN
932,1701,Great Crescent IPA,American IPA,16,0.062,60,165,Great Crescent Brewery,Aurora,IN
933,1700,Auror$a Lager,Dortmunder / Export Lager,16,0.057,27,165,Great Crescent Brewery,Aurora,IN
934,,Great Cre#scent ??Blonde Ale,American Blonde Ale,16,0.053,22,495.83188677551504,Great Crescent Brewery,Aurora,IN
935,,Great Crescent Coconut Porter,American Porter,16,0.056,33,165,Great Crescent Brewery,Aurora,IN
936,930,Great C%rescent Okto@@berfest Lager,Märzen / Oktoberfest,16,0.057,25,165,Great Crescent Brewery,Aurora,IN
937,649,Great Cr??e??scent Brown Ale,American Brown Ale,16,0.045,36,165,Great Crescent Brewery,Aurora,IN
938,639,Cherry Ale (1),Fruit / Vegetable Beer,16,0.057,78.12609468185933,165,Great Crescent Brewery,Aurora,IN
939,626,Aurora Lager (2011),Dortmunder / Export Lager,16,0.057,nan,165,Great Crescent Brewery,Aurora,IN
940,615,Frosted Fields Winter Wheat,American Dark Wheat Ale,59.075183520669825,0.3221390746755733,25,165,Great Crescent Brewery,Aurora,IN
941,478,Great Crescent Belgian Style Wit,Witbier,16,0.051,48.997776646569505,165,Great Crescent Brewery,Aurora,IN
942,455,Bourbon's Barrel Stout,American Stout,16,0.075,65,912.9254405015499,Great Crescent Brewery,Aurora,IN
943,442,Great Crescent Stout,English Stout,16,0.2992674173408191,66,165,Great Crescent Brewery,Aurora,IN
944,441,Great Crescent Coconut Porter (2012),American Porter,16,0.056,33,,Great Crescent Brewery,Aurora,IN
945,440,Great Crescent Dark Lager,Euro Dark Lager,72.82419799824166,0.2124068610175347,23,165,Great Crescent Brewery,Aurora,IN
946,439,Great Crescent Mild Ale,English Dark Mild Ale,16,0.042,26,165,Great Crescent Brewery,Aurora,IN
947,1930.5000968545417,Great Crescent IPA (2011),American IPA,16,nan,60,165,Great Crescent Brewery,Aurora,IN
948,1389.7271269003663,Great Crescent Blonde Ale (2011),American Blonde Ale,16,0.053,22,165,Great Crescent Brewery,Aurora,IN
949,2650,,American Pale Ale (APA),41.18946372727189,0.2351265008838253,nan,6,Great Divide Brewing Company,Denver,CO
950,2649,Hibernation Ale,Old Ale,12,0.087,nan,6,Great Divide Brewing Company,Denver,CO
951,2648,Whitewater,American Pale Wheat Ale,12,0.3418478696041963,nan,6,Great Divide Brewing Company,Denver,CO
952,11924.534689389557,Rumble,American IPA,12,0.071,nan,27.469677582598017,Great Divide Brewing Company,Denver,CO
953,2646,Orabelle,Tripel,12,0.083,nan,6,Great Divide Brewing Company,Denver,CO
954,2645,Lasso,American IPA,55.63240184658474,0.05,nan,6,Great Divide Brewing Company,Denver,CO
955,2644,Yeti  Im@@perial Stout,Russian Imperial Stout,12,0.095,nan,6,Great Divide Brewing Company,Denver,CO
956,2643,Colette,Saison / Farmhouse Ale,12,0.073,nan,6,Great Divide Brewing Company,Denver,CO
957,,Titan IPA,American IPA,12,0.071,nan,6,Great Divide Brewing Company,Denver,CO
958,404,Black Star Double Hopped Golden Lager (24 oz.),American Pale Lager,24,0.045,nan,543,Great Northern Brewing Company,Whitefish,MT
959,164,Black Star Double Hopped Golden Lager (12 oz.),American Pale Lager,52.05192889689131,0.045,15,543,Great Northern Brewing Company,Whitefish,MT
960,1923,Commotion APA,American Pale Ale (APA),12,0.2046500928181972,49,269,Great Raft Brewing Company,Shreveport,LA
961,,Southern Drawl Pale Lager,American Pale Lager,12,0.052,nan,269,Great Raft Brewing Company,Shreveport,LA
962,1604,Chickawawa Lemonale,Fruit / Vegetabl%e Beer,12,0.05,5,365,Great River Brewery,Davenport,IA
963,1574,Barrel Aged Farmer,American Brown Ale,16,0.07,100.45983919961878,365,Great River Brewery,Davenport,IA
964,1446,,American Blonde Ale,12,0.048,nan,365,Great River Brewery,Davenport,IA
965,5200.855728106482,Dirty Blonde Chocolate Ale,American Blonde Ale,12,0.048,nan,365,Great River Brewery,Davenport,IA
966,5352.139392094824,Dos Pistolas,nan,12,0.2162549694485626,20,2139.733402240081,Great River Brewery,Davenport,IA
967,1064,Owney Irish Style Red Ale,Irish Red Ale,16,0.05,30,365,Great River Brewery,Davenport,IA
968,1028,Aaah Bock Lager,Vienna Lager,68.20433206888686,nan,nan,365,Great River Brewery,Davenport,IA
969,865,Widespread %Wit,nan,16,0.055,10,365,Great River Brewery,Davenport,IA
970,864,Roller Dam Red Ale,Irish Red Ale,16,0.054,30,365,Great River Brewery,Davenport,IA
971,863,4@@83 Pale Ale,American Pale Ale (APA),16,0.053,48,365,Great River Brewery,Davenport,IA
972,672,Hop A Potamus Double Dark Rye Pale Ale,Rye Beer,16,0.09,99,365,Great River Brewery,Davenport,IA
973,655,,nan,16,0.07,22,365,Great River Brewery,Davenport,IA
974,540,Big Cock %IPA,American IPA,16,0.3565936124918865,70,365,Great River Brewery,Davenport,IA
975,539,Oktoberfest,Märzen / Oktoberfest,16,0.059,25,365,Great River Brewery,Davenport,IA
976,517,40th Annual Bix Street Fest Copper Ale (Current),American Amber / Red Ale,16,0.2198461481687909,25,365,Great River Brewery,Davenport,IA
977,371,Redband Stout,American Stout,16,0.06,36,1761.075420509806,Great River B@@r$ewery,Davenport,IA
978,190,483 Pale Ale (2010),American Pale Ale (APA),16,0.053,48,365,Great River Brewery,Davenport,IA
979,,Roller Dam Red Ale (2010),Irish Red Ale,nan,0.054,154.99047362907584,365,Great River Brewery,Davenport,IA
980,1106,Pablo Beach Pale Ale,American Pale Ale (APA)??,12,0.05,30,466,Green Room Brewing,,FL
981,8216.429733404097,Wild Trail P??ale @@Ale,American Pale Ale (APA),12,0.057,206.2134948167127,156,Greenbrier Valley Brewing Company,Lewisburg,WV
982,2313,Mothman Black IPA,American Black Ale,67.81193444306979,0.067,71,713.8122213182085,Greenbrier Valley Brewing Company,Lewisburg,WV
983,2461,,Märzen / Oktoberfest,81.8373145216274,0.3177337838032296,nan,294.5346134099188,Grey Sail Brewing Company,Westerly,RI
984,2044,Captain's Daughter,American Double / Imperial IPA,12,0.085,69,86,Grey Sail Brewing Company,Westerly,RI
985,1567,Autumn Winds,Märzen / Oktoberfest,16,0.058,nan,379,Grey Sail Brewing of Rhode Island,Westerly,RI
986,1505,Flying Jenny Extra Pale Ale,American Pale Ale (APA),12,0.06,54,2273.818476482095,Grey Sail Brewing of Rhode Island,,RI
987,1186,,Witbier,16,0.04,20,379,Grey Sail Brewing of Rhode Island,Westerly,RI
988,1185,Bring Back the Beach Blond#e Ale,American Blonde Ale,94.0496848154208,0.055,nan,379,Grey Sail Brewing of Rhode Island,Westerly,RI
989,984,Leaning Chimney Smoked Porter,American Porter,16,0.06,34,379,Grey Sail Brewing of Rhode Island,Westerly,RI
990,693,Flying Jenny Extra Pale Ale (2012),American Pale Ale (APA),12,0.06,54,379,Grey Sail Brewing of Rhode Island,Westerly,RI
991,631,Flagship Ale,Cream Ale,12,0.049,22,379,Grey Sail Brewing of Rhode Island,Westerly,RI
992,,Mr. Blue Sky,American Pale Wheat Ale,48.527067956009574,0.045,6,124,Griffin Claw Brewing Company,Birmingham,MI
993,2143,3 Scrooges,Wint@#@er Warmer,16,0.065,nan,124,Griffin Claw Brewing Company,Birmingham,MI
994,2142,Screamin�?Pumpkin,Pumpkin Ale,16,0.05,25,124,Griffin Claw Brewing Company,Birmingham,MI
995,2141,Grand Trunk Bohemian Pils,Czech Pilsener,16,0.05,105.08053139176091,124,Griffin Claw Brewing Company,Birmingham,MI
996,2140,El Rojo,American Amber / Red Ale,16,0.065,25,124,Griffin Claw Brewing Company,Birmingham,MI
997,2139,Norm's Raggedy Ass IPA,American IPA,16,0.075,nan,124,Griffin Claw Brewing Company,Birmingham,MI
998,,Grind Line,American Pale Ale (APA),16,0.05,35,124,Griffin Claw Brewing Company,Birmingham,MI
999,2007,Norm's Gateway IPA,American IPA,12,0.04,55,124,Griffin Claw Brewing Company,Birmingham,MI
1000,7224.295478869853,#??Lemon Shandy Tripel,Tripel,16,0.09,nan,124,Griffin Claw Brewing Company,Birmingham,MI
1001,2339,Little Red Cap,Altbier,63.2029047808873,0.063,43,144,Grimm Brothers Brewhouse,Loveland,CO
1002,,Supergoose IPA,American IPA,12,0.069,67,290,Hale's Ales,Seattle,WA
1003,1440,Hale's Pale American Ale,American Pale Ale (APA),39.269456996122166,0.047,nan,290,Hale's Ales,Seattle,WA
1004,7073.8341867911595,Heyoka IPA,American IPA,16,0.3512758808583271,nan,,Half Acre Beer Company,,nan
1005,1448,Guest Lager,American Double / Imperial Pilsner,16,0.08,nan,327,Half Acre Beer Company,Chicago,IL
1006,1134,Pony# P$ilsner,German Pilsen??er,16,0.057,nan,327,Half Acre Beer Company,Chicago,IL
1007,1066,Akari Shogun American Wheat Ale,American Pale Wheat Ale,16,0.055,nan,,Half Acre Beer Company,@@Chi$cago,I$L
1008,849,Meat Wave,English India Pale Ale (IPA),16,0.06,nan,327,Half Acre Beer Company,Chicago,IL
1009,1694.4613304563593,Over Ale,American Brown Ale??,16,0.3224452372145443,nan,327,Half Acre Beer Company,Chicago,IL
1010,149,Gossamer Golden Ale,American Blonde Ale,16,0.042,nan,327,Half Acre Beer Company,Chicago,IL
1011,547.4323739833662,Daisy Cutter Pale Ale,America$n Pa@@le Ale (APA),16,0.206945169789629,nan,327,Half Acre Beer Company,Chicago,IL
1012,2026,Pursuit,American IPA,12,0.07,40,248,Half Full Brewery,S$t#amford,CT
1013,1361,Half Full Bright Ale,American Blonde Ale,12,0.052,18,248,Half Full Brewery,S$t#amford,CT
1014,5039.558939001229,$O??range Wheat,Fruit / Vegetable Beer,12,0.046,17,476,Hangar 24 Craft Brewery,Redlands,CA
1015,1015,Han??gar ??24 Helles Lager,Munich Helles Lager,50.912948094941115,nan,14,476,Hangar 24 Craft Brewery,Redlands,CA
1016,1677,Th#e Great R@@eturn,American IPA,60.96556553877902,0.075,70,343,Hardywood Park Craft Brewery,Richmond,VA
1017,1331,Hardywood Cream Ale,Cream Ale,12,0.044,18,343,Hardywood Park Craft Brewery,Richmond,VA
1018,,Capital Trail Pale Ale,American Pale Ale (APA),12,0.056,55,343,Hardywood Park Craft Brewery,Richmond,VA
1019,2059,UFO Gingerland,Herbed / Spiced Beer,12,nan,72.40011792943895,234,Harpoon Brewery,Boston,MA
1020,1653,The Long Thaw White IPA,American White IPA,12,0.062,nan,234,Harpoon Brewery,Boston,MA
1021,1558,Honey Cider,Cider,12,0.2558407807664992,nan,234,Harpoon Brewery,Boston,MA
1022,1380,Harpoon Summer Beer,Kölsch,12,0.05,28,234,Harpoon Brewery,Boston,MA
1023,1379,Harpoon IPA,American IPA,12,0.059,42,234,Harpoon Brewery,Boston,MA
1024,1340,,Pumpkin Ale,12,0.059,20,234,Harpoon Brewery,Boston,MA
1025,1313,Harpoon Octoberfest,Märzen / Oktoberfest,12,0.055,30,234,Harpoon Brewery,Boston,MA
1026,770,Harpoon IPA (2012),American IPA,12,0.059,42,989.0145376876116,Harpoon Brewery,,MA
1027,769,Harpoon Summer Beer (2012),Kölsch,12,0.05,28,234,Harpoon Brewery,Boston,MA
1028,610,UFO White,American Pale Wheat Ale,12,0.048,10,234,Harpoon Brewery,Boston,MA
1029,192,Harpoon Summer Beer (2010),Köls@@??ch,12,0.05,152.2632990922381,234,Harpoon Brewery,Boston,MA
1030,126,Harpoon IPA (2010),American IPA,12,0.059,169.15093717640212,234,Harpoon Brewery,Boston,MA
1031,506,Great Falls Select Pale Ale,American Blonde Ale,nan,nan,nan,535,Harvest M%oon Brewing Comp??any,Belt,MT@@
1032,181,Beltian White,Witbier,56.17046716111622,0.257313173532699,nan,535,Harvest M%oon Brewing Comp??any,Belt,MT@@
1033,2183,Kaua'i Golden Ale,American Blonde Ale,12,0.049,nan,204,Hawai'i Nui Brewing Co.,Hilo,HI
1034,2182,Sunset Amber,American Pale Ale (APA),46.58856174637292,0.054,nan,204,Hawai'i Nui Brewing Co.,Hilo,HI
1035,2181,Hapa Brown Ale,American Brown Ale,73.58257000454117,0.064,nan,204,Hawai'i Nui Brewing Co.,Hilo,HI
1036,2180,Hapa Brown Ale,American Brown Ale,12,0.064,nan,739.1116627044149,Hawai'i Nui #Brewing Co.,#Hilo,HI
1037,2179,Southern Cross,Flanders Red Ale,109.9039192944474,0.083,nan,204,Hawai'i Nui Brewing Co.,Hilo,HI
1038,1895,Groupe G,Belgian IPA,16,0.076,65,280,Headlands Brewing Company,Mill Valley,CA
1039,,Pt. Bonita Rustic Lager,American?? Pale Lager,85.76468879216182,0.062,40,1627.0456701339217,Headlands Brewing Comp?@@?any,Mill Valley,CA
1040,1893,Hill 88 Double IPA,American Double / Imperial IPA,16,0.088,302.08375818757423,280,Headlands Brewing Company,Mill Valley,CA
1041,990,Loose Cannon,American IPA,12,0.072,45,479,Heavy Seas Beer,Halethorpe,MD
1042,989,AARGHtoberfest!,Märzen / Oktoberfest,12,0.06,30,479,Heavy Seas Beer,Halethorpe,MD
1043,988,Davy Jones Lager,Cream Ale,12,0.06,nan,479,Heavy Seas Beer,Halethorpe,MD
1044,1351,Grazias,Cream Ale,49.66965491603608,nan,30,1910.9735748305045,Hess Brewing Company,San Diego,CA
1045,1346,Habitus IPA,American IPA,16,0.08,86,423,Hess Brewing Company,San Diego,CA
1046,904,Ex Umbris Rye Imperial Stout,American Double / Imperial Stout,16,0.099,85,423,Hess Brewing Company,San Diego,CA
1047,2295,The Golden One,American Pilsner,12,0.3699502602154385,nan,168,,Windsor,C##O
1048,2294,The Power of Zeus,American Pale Ale (APA),12,0.07,68,168,,Windsor,C##O
1049,824,#%Tonganoxie Honey Wheat,American Pale Wheat Ale,nan,0.044,22,500,High Noon Saloon And Brewery,Leavenworth,KS
1050,616,Oregon Trail Unfiltered Raspberry Wheat,Fruit / Vegetable Beer,nan,0.045,nan,500,High Noon Saloon And Brewery,Leavenworth,KS
1051,96,Annie's Amber Ale,American Amber / Red Ale,12,0.055,nan,2232.4159430091595,High Noon Saloon And Brewery,Leavenworth,KS
1052,5297.817041541399,The 12th Can�?American Pale Ale (APA),68.12929964703946,0.045,32,362,Hill%iard's Beer,Seattle,WA,nan
1053,889,Hilliard's Pils,Czech Pilsener,16,0.055,34,362,Hilliard's Beer,Seattle,WA
1054,2714.1407627678536,Hilliard's Blonde,American Blonde Ale,16,0.049,20,362,Hilliard's Beer,Seattle,WA
1055,497,Hilliard's Amber Ale,American Amber / Red Ale,16,0.055,60,362,Hilliard's Beer,Seattle,WA
1056,496,Hilliard's Saison,nan,16,0.066,30,362,Hilliard's Beer,Seattle,WA
1057,1652,White Cap White IPA,American White IPA,16,0.042,nan,349,Hinterland Brewery,Green Bay,WI
1058,1835,Provision,Saison / Farmhouse Ale,nan,0.042,25,1466.3596196654412,Hop Farm Brewing Company,Pittsburgh,PA
1059,1834,One Nut Brown,American Brown Ale,12,0.047,28,297,Hop Farm Brewing Company,Pittsburgh,PA
1060,1833,Hop Farm IPA,Ameri$can IPA,12,0.058,45,297,Hop Farm Brewing Company,Pittsburgh,PA
1061,2195,Double D Blonde,American Blonde Ale,nan,0.049,20,198,Hop Valley Brewing Company,Springfield,OR
1062,1605,,American Strong Ale,12,0.078,60,198,Hop Valley Brewing Company,Springfield,OR
1063,1543,Proxima IPA,American IPA,12,0.063,70,198,Hop Valley Brewing Company,Springfield,OR
1064,1390,,American Blonde Ale,12,0.049,20,604.0370300147556,Hop Valley Brewing Company,Springfield,OR
1065,1354,541 American Lager,America$n Pale #Lager,12,0.2014424089647875,13,198,Hop Valley Brewing Company,Springfield,OR
1066,1353,Alp@@hadelic IPA,American IPA,12,0.065,90,198,Hop Valley Brewing Company,Springfield,OR
1067,499,Alphadelic IPA (2011),American IPA,61.20497200619519,0.065,90,198,Hop Valley Brewing Company,Springfield,OR
1068,498,Double D Blonde (2011),American Blonde Ale,36.7935296416227,0.049,20,198,Hop Valley Brewing Company,Springfield,OR
1069,1501,Green House India Pale Ale,American IPA,12,0.07,nan,395,Hops & Grain Brewery,Austin,TX
1070,1004,The One They Call Zoe,American Pale Lager,12,0.2531525292902835,nan,395,Hops & Grain Brewery,Austin,TX
1071,502,Altera@@??tion,Altbier,nan,0.051,40,395,Hops & Grain Brewery,Austin,TX
1072,501,Pale Dog,American Pale Ale (APA),12,0.3025084712637407,50,,Hops & Grain Brewery,Austin,TX
1073,2357,Porter Culture,American Porter,12,0.065,nan,136,Hops & Grains Brewing Company,Austin,TX
1074,2483,Hard Cider,Cider,64.74110133145979,0.068,nan,80,Hopworks Urban Brewery,Portland,OR
1075,2482,Totally Radler,Radler,48.02012298597773,0.027,21,80,Hopworks Urban Brewery,Portland,OR
1076,2400,,American Pale Wheat Ale,16,0.039,20,80,Hopworks Urban Brewery,Portland,OR
1077,2399,Nonstop Hef Hop,American Pale Wheat Ale,16,0.039,20,80,Hopworks Urban Brewery,Portland,OR
1078,,Nonstop Hef Hop,nan,16,0.039,20,80,Hopworks Urban Brewery,Portland,OR
1079,2397,Nonstop Hef Hop,American Pale Wheat Ale,16,0.039,111.38816410291696,80,Hopworks Urban Brewery,Portland,OR
1080,2396,Nonstop Hef Hop,American Pale Wheat Ale,16,0.039,20,80,Hopworks Urban Brewery,Portland,OR
1081,2395,Nonstop Hef Hop,American Pale Wheat Ale,nan,0.039,108.10629798574,80,Hopworks Urban Brewery,Portland,OR
1082,,Nonstop Hef Hop,American Pale Wheat Ale,nan,0.039,20,80,Hopworks Urban Brewery,Portland,OR
1083,2393,Nonstop Hef @@Hop,American Pale Wheat Ale,16,0.039,20,80,Hopworks Urban Brewery,Portland,OR
1084,2392,Nonstop Hef Hop,American Pale Wheat Ale,16,0.039,20,80,Hopworks Urban Brewery,Portland,OR
1085,2391,Nonstop Hef Hop,American Pa$le Wheat Ale,16,0.039,98.18929477230448,80,Hopworks Urban Brewery,Portland,OR
1086,2390,Nonstop Hef Hop,American Pale Wheat Ale,16,0.039,20,259.7668658509675,,Portland,OR
1087,2389,Nonstop Hef Hop,American Pale Wheat Ale,16,0.039,20,404.1625771841707,Hopworks Urban Brewery,Portland,OR
1088,,Rise Up Red,American Amber / Red Ale,16,0.058,nan,80,Hopworks Urban Brewery,Portland,OR
1089,2200,Survival Stout,American Stout,16,0.058,nan,80,Hopworks Urban Brewery,Portland,OR
1090,2199,Hopworks IPA,American IPA,16,0.066,75,365.11635658594014,Hopworks Urban Brewery,Portland,nan
1091,2193,Abominable Winter Ale,American Strong Ale,16,nan,70,80,Hopworks Urban Brewery,Portland,OR
1092,1398,Pigwar White India Pale Ale,American White IPA,16,0.06,60,80,Hopworks Urban Brewery,Portland,OR
1093,1085,Rise-Up Red (2014),American Amber / Red Ale,16,0.058,60,80,Hopworks Urban Brewery,Portland,OR
1094,916,Abominable Winter Ale (2012),$American Strong Ale,16,0.073,329.59852951453786,80,Hopworks Urban Brewery,Portland,OR
1095,658,HUB Lager,Czech Pilsener,94.09589541766236,0.051,32,80,Hopworks Urban Brewery,Portland,OR
1096,653,Hopworks IPA (2012),American IPA,16,0.066,75,80,Hopworks Urban Brewery,Portland,OR
1097,2385,Watermelon Wheat,American Pale Wheat Ale,12,0.056,nan,120,Horny Goat Brew Pub,Milwaukee,WI
1098,2384,@@Laka Laka @@Pineapple,Hefewe??izen,12,0.051,nan,120,Horny Goat Brew Pub,Milwaukee,WI
1099,2383,Oktoberfest,Märzen / Oktoberfest,16,0.06,nan,453.31446152594697,Horny Goat Brew Pub,Milwaukee,WI
1100,1251,Trail Maker Pale Ale,American Pale Ale (APA),12,0.065,nan,445,Howard Brewing Company,Lenoir,NC
1101,,Ac@@tion Man Lager,nan,12,0.055,nan,445,Howard Brewing Company,Lenoir,NC
1102,8072.931669351863,Let It Ride IPA,American IPA,nan,0.068,90,277,Indeed Brewing Company,Minneapolis,MN
1103,1691,Stir Crazy Winter Ale,Winter Warmer,12,0.065,22,277,Indeed Brewing Company,Minneapolis,MN
1104,1555,Sweet Yamma Jamma Ale,Fruit / Vegetable Beer,12,0.05,10,277,Indeed Brewing Company,Minneapolis,MN
1105,1115,Shenanigans Summer Ale,American Pale Wheat Ale,12,0.046,27,277,Indeed Brewing Company,Minneapolis,MN
1106,,Midnight Ryder,American Black Ale,53.65155228701317,0.065,80,277,Indeed Brewing Company,Minneapolis,MN
1107,728,Day Tripper Pale Ale,American Pale Ale (APA),12,0.054,151.13527788964802,1591.4179627271615,Indeed Brewing Company,,MN
1108,2350,Oklahoma Suks,American Amber / Red Ale,12,0.048,32,140,Independence Brewing Company,Austin,TX
1109,2301,Power & Light,American Pale Ale (APA),12,0.055,42,140,Independence Brewing Company,Austin,TX
1110,1904,White Rabbit,Witbier,12,0.1984337978854146,27,140,Independence Brewing Company,Austin,TX
1111,2609,Tribute,nan,nan,0.058,58,23,Indiana City Brewing,Indianapolis,%IN
1112,2038,Infamous IPA,American IPA,12,0.07,nan,242,Infamous Brewing Company,Au@@stin,TX
1113,,Hijack,Crea%#m Ale,12,0.055,20,242,Infamous Brewing Company,Au@@stin,TX
1114,2185.074792654494,Jon Boat Coastal Ale,American Blonde Ale,37.5419714576674,nan,20,527,Intuition Ale Works,Jacksonville,FL
1115,558,I-10 IPA,American IPA,12,0.068,55,527,Intuition Ale Works,Jacksonville,FL
1116,1918.482529496217,People%$'s Pale Ale,American Pale Ale (APA),12,0.053,165.77160234172965,1697.66822604877,Intuition Ale Works,Jacksonville,FL
1117,2376,Summer Ale,Americ@@an Blonde Ale,12,nan,nan,123,Ipswich Ale Brewery,,MA
1118,1784,Appreciation Ale,American IPA,16,nan,nan,316,Iron Hill Brewery & Restaurant,Wilmington,DE
1119,10112.227960945596,,Keller Bier / Zwickel Bier$,16,0.052,18,2,Jack's Abby Craft Lagers,Framingham,MA
1120,2672,,American Pale Lager,12,0.048,15,2,Jack's Abby Craft Lagers,Framingham,MA
1121,2671,Excess IPL,American India Pale Lager,16,0.072,80,11.154639959709376,Jack's Abby Craft Lagers,Framingham,MA
1122,2670,Hoponius Union,American India Pale Lager,12,0.067,65,2,Jack's Abby Craft Lagers,Framingham,MA
1123,10478.893635367853,Calyptra,American India #Pale La$ger,12,0.049,45,2,Jack's Abby Craft Lagers,Framingham,MA
1124,1405,Helen's Blend,Cider,12,0.05,nan,1716.0412454772486,Jack's Hard Cider (Hauser Estate...,Biglerville,PA
1125,823,Jack's Hard% Cider,Cider,12,0.051,nan,416,Jack's Hard Cider (Hauser Estate...,Biglerville,PA
1126,1793,Thunder Ann,American Pale Ale (APA),12,0.055,37,312,Jackalope Brewing Company,Nashville,TN
1127,2453,Razz Wheat,Fruit / Vegetable Beer,12,0.055,nan,92,Jackie O's Pub & Brewery,Athens,OH
1128,2363,Hop Ryot,American IPA,63.07010071949246,0.065,nan,92,Jackie O's Pub & Brewery,Athens,OH
1129,2482.3199844569467,Mystic Mama IPA,American IPA,56.70459032219803,0.3185038857328822,nan,92,Jackie O's Pub & Brewery,Athens,OH
1130,688,Firefly Amber Ale,American Amber / Red Ale,12,0.05,nan,92,Jackie O's Pub & Brewery,Athens,OH
1131,687,Chomolungma Honey Nut Brown Ale,English Brown Ale,12,0.067,nan,92,Jackie O's Pub & Brewery,Athens,OH
1132,2408,Welcome to Scoville,American IPA,12,0.069,nan,114,Jailbreak Brewing Company,Laurel,M%$D
1133,2595,Bastian,nan,12,nan,nan,32,James Page Brewing Company,Stevens Point,WI
1134,2480,Healani,Hefeweizen,12,0.045,nan,32,James Page Brewing Company,Stevens Point,WI
1135,1525,Yabba Dhaba Chai Tea Porter,American Porter,12,0.055,nan,32,James Page Brewing Company,Stevens Point,WI
1136,1524,%A Capell??a Gluten Free Pale Ale,American Pale Ale (APA),12,0.055,nan,32,James Page Brewing Company,Stevens Point,WI
1137,1523,Casper White Stout,Americ@@an Blonde Ale$,12,0.06,nan,32,James Page Brewing Company,Stevens Point,WI
1138,1254,JP's Ould Sod Irish Red IPA,American IPA,12,0.06,nan,185.95060378381865,James Page Brewing Company,Stevens Point,WI
1139,2060,Weize Guy,Hefeweizen,nan,0.05,15,233,Joseph James Brewing Company,Henderson,NV
1140,469,Fo??x Tail Gluten @@Free Ale,American Pale Ale (APA),61.15745322551068,0.05,50,233,Joseph James Brewing Company,Henderson,NV
1141,468,H#op Box Imperial IPA,nan,12,0.093,90,233,Joseph James Brewing Company,Henderson,NV
1142,1950.035576280692,Joseph James American Lager,American Adjunct Lager,12,0.052,15,233,Joseph James Brewing Company,Henderson,NV
1143,2163,Sucha Much IPA,American IPA,48.08931384201878,0.071,nan,208,Kalona Brewing Company,Kalon#a,IA
1144,,Lewbricator Wheat Dopplebock,Doppelbock,12,0.075,nan,208,Kalona Brewing Company,Kalon#a,IA
1145,12752.978164974626,Weisse Versa (2012),He$feweizen,12,0.052,16,125,Karbach Brewing Company,Houston,TX
1146,7169.376810953659,Mother in Lager,Munich Dunkel Lager,12,0.058,25,,Karbach Brewing Company,Houston,TX
1147,1557,Weekend Warrior Pale Ale,American Pale Ale (APA),12,0.055,nan,125,Karbach Brewing Company,Houston,TX
1148,1458,Karbachtoberfest,Märzen / Oktoberfest,12,0.055,119.77380548538908,125,Karbach Brewing Company,Houston,TX
1149,1235,#Love Stree??t Summer Seasonal (2014),Kölsch,12,0.047,20,125,Karbach Brewing Company,Houston,TX
1150,1068,Barn Burner Saison,Saison / Farmhouse Ale,12,0.3387068315747893,98.3320090438333,125,Karbach Brewing Company,Houston,TX
1151,666,Rodeo Clown Double IPA,American Double / Imperial IPA,12,0.095,85,125,Karbach Brewing Company,Houston,TX
1152,465,Sympathy for the Lager,American Amb@@er /% Red Lager,12,0.049,45,,Karbach Brewing Company,,T#X
1153,1702.2048970439605,Weisse Versa,Hefeweizen,12,0.052,15,125,Karbach Brewing Company,Houston,TX
1154,463,Hopadillo India Pale Ale,American IPA,12,0.066,70,125,Karbach Brewing Company,Houston,TX
1155,1678,KelSo Nut Brown Lager,Euro Dark Lager,12,0.057,19,342,KelSo Beer Company,Brooklyn,NY
1156,1572,KelSo India Pale Ale,American IPA,12,0.06,64,342,KelSo Beer Company,Brooklyn,NY
1157,6710.222114424118,KelSo Pilsner,Czech Pil%s@@ener,12,0.055,107.68223531195314,342,KelSo Beer Company,Brooklyn,NY
1158,1193,Skilak Scottish Ale,S%#cottish Ale,12,0.058,nan,,Kenai River Brewing Company,Soldotna,AK
1159,1187,Peninsula Brewers Reserve (PBR),American Blonde Ale,12,0.05,58.16374655868496,,Kenai River Brewing Company,Soldotna,AK
1160,349,Sunken Island IPA,American IPA,69.35338717271787,0.068,nan,458,Kenai River Brewing Company,Soldotna,AK
1161,348,Skilak Scottish Ale (2011),Scottish Ale,12,0.2923856684318093,nan,458,Kenai River Brewing Company,Soldotna,AK
1162,3428.326194222021,Cold Smoke Scotch Ale (2007),Scotch Ale / Wee Heavy,16,0.065,39.255899934867585,510,Kettle House Brewing Company,Missoula,MT
1163,759,Double Haul IPA (2009),American IPA,16,0.065,65,510,Kettle House Brewing Company,Missoula,MT
1164,758,Double Haul IPA (2006),America@@n IPA,16,0.065,65,510,Kettle House Brewing Company,Missoula,MT
1165,87,Eddy Out Pale Ale,American Pale Ale (APA),16,0.055,50,510,Kettle House Brewing Company,Missoula,MT
1166,86,Double Haul IPA,American IPA,16,0.065,65,510,Kettle House Brewing Company,Missoula,MT
1167,85,Cold Smoke Scotch Ale,Scotch Ale / Wee Heavy,16,0.3316195117999926,11,510,Kettle House Brewing Company,Missoula,MT
1168,2472,U. P. Witbier,Wit@@bier,12,nan,nan,84,Keweenaw Brewing Company,Houghton,MI
1169,,November Gale Pale Ale,American Pale Ale (APA),12,nan,nan,84,Keweenaw Brewing Company,Houghton,MI
1170,364,Olde Ore Dock Scottish Ale,Scottish Ale,nan,nan,nan,84,Keweenaw Brewing Company,Houghton,MI
1171,60,Widow Maker Black Ale,American Brown Ale,12,nan,nan,84,Keweenaw Brewing Company,Houghton,MI
1172,59,Lift Bridge Brown Ale,American Brown Ale,12,nan,nan,84,Keweenaw Brewing Company,Houghton,MI
1173,58,Pick Axe Blonde Ale,Amer@@ican Blond@@e Ale,48.83181701413807,nan,nan,84,Keweenaw Brewing Company,Houghton,MI
1174,57,Red Jacket Amber Ale,American Amber / Red Ale,12,nan,nan,84,Keweenaw Brewing Company,Houghton,MI
1175,2436,Amber% A$le,American Amber / Red Ale,12,0.051,nan,102,King Street Brewing Company,Anchorage,AK
1176,1706,King Street Pilsner,Czech Pilsener,12,0.055,nan,102,King Street Brewing Company,Anchorage,AK
1177,1667,King Street IPA,Ame@@ri$can IPA,12,0.06,70,102,King Street Brewing Company,Anchorage,AK
1178,1666,King Street Hefeweizen,Hefeweizen,12,0.057,10,102,King Street Brewing Company,Anchorage,AK
1179,1665,King Street Blonde Ale,American Blonde Ale,12,0.049,nan,102,King Street Brewing Company,Anchorage,AK
1180,2460,India Pale A$le,American IPA,16,0.063,324.90656058256707,87,Kirkwood Station Brewing Company,Kirkwood,MO#
1181,9076.423924432222,Blackberry Wheat@$@,nan,16,0.048,11,87,Kirkwood Station Brewing Company,Kirkwood,MO#
1182,1274,Longboard Island Lager,American Amber / Red Lager,24,0.046,18,439,Kona Brewing Company,Kona,HI
1183,1220,Longboard Island Lager,American Amber / Red Lager,16,0.046,18,439,Kona Brewing Company,Kona,HI
1184,1070,Longboard Island Lager,nan,12,0.046,18,439,Kona Brewing Company,Kona,HI
1185,590,Longboard Island Lager,American Amber / Red Lager,12,0.2031614602188075,106.87042549478426,439,Kona Brewing Company,Kona,HI
1186,781,Choc Beer @@(2003),American Dark Wheat Ale,12,0.04,9,505,Krebs Brewing C#ompany (Pete's Pl...,Krebs,OK#
1187,7225.090370962626,Bellingham Beer Week 2013 Collaboration,Belgian Strong Dark Ale,16,0.08,nan,354,Kulshan Brewery,Bellingham,WA
1188,1741,A Slice of Hefen,Hefeweizen,16,nan,15,332,La Cumbre Brewing Company,Albuquerq%ue,NM
1189,664,,American IPA,16,0.072,376.68526272830906,332,La Cumbre Brewing Company,Albuquerq%ue,NM
1190,392,Rumspringa Golden Bock,Maibock / Helles Bock,41.92877217843012,0.066,30,545,Lancaster Brewing Company,Lancaster,PA
1191,195,Lancaster German Style Kölsch,Kölsch,12,0.048,28,1992.3008372394377,Lancaster Brewing Company,Lancaster,PA
1192,2547,Beach Cruiser,Hefeweizen,12,0.045,nan,318.8886933737792,Latitude 42 Brewing Company,Portage,MI
1193,2493,I.P. Eh!,American IPA,12,0.068,nan,59,Latitude 42 Brewing Company,Portage,MI
1194,2492,Schoolhouse Honey,American Amber / Red Ale,12,0.05,nan,59,Latitude 42 Brewing Company,Portage,MI
1195,2491,10 Degrees of Separation,English Brown Ale,12,0.055,nan,59,Latitude 42 Brewing Company,Portage,MI
1196,2108,Laughing Dog Cream Ale,Cream Ale,40.67073826846055,0.05,50.37260199295589,218,Laughing Dog Brewing Company,Ponderay,ID
1197,1397,Two-One Niner,American Pilsner,38.23617647722526,0.048,9,218,Laughing Dog Brewing Company,Ponderay,ID
1198,1396,Laughing Dog IPA,American IPA,12,0.064,66,218,Laughing Dog Brewing Company,Ponderay,ID
1199,1675,Madra Allta,American IPA,47.14127283125492,0.064,95,345,Lavery Brewing Company,Erie,PA
1200,1249,Duluchan India Pale Ale,American IPA,12,0.056,70,345,Lavery Brewing Company,Erie,PA
1201,1445,Lazy Monk Bohemian Pilsner,Czech Pilsener,16,0.05,nan,406,Lazy Monk Brewing,Eau Claire,WI
1202,475,Yellowstone Golden Ale,Kölsch,12,0.051,nan,537,Lewis and Clark Brewing Company,Helena,MT
1203,474,Tumbleweed IPA,American IPA,12,0.057,nan,537,Lewis and Clark Brewing Company,Helena,MT
1204,473,Lewis & Clark Amber Ale,American Amber / Red Ale,12,0.05,nan,2186.714637550029,Lewis and Clark Brewing Company,Helen%a,MT
1205,472,Miner's Gold Hefeweizen,Hefeweizen,12,0.05,nan,537,Lewis and Clark Brewing Company,Helena,MT
1206,471,B%ack Co%untry Scottish Ale,Scottish Ale,12,0.057,nan,537,Lewis and Clark Brewing Company,Helena,MT
1207,2036,Getaway,German ??Pilsener,16,0.052,30,244,Lift Bridge Brewing Company,Stillwater,MN
1208,1168,Farm Girl Saison,Saison / Farmhouse Ale,16,0.2972337094970717,nan,244,Lift Bridge Brewing Company,Stillwater,MN
1209,6822.924837136712,Adam's Stout,America#n Stou%t,12,0.058,40,298,Liquid Hero Brewery,York,PA
1210,1688,American Hero,American Amber ??/ Red Ale,12,0.057,42,298,Liquid Hero Brewery,York,PA
1211,1687,Schweet Ale,Fruit / Vegetable Beer,12,nan,20,298,Liquid Hero Brewery,York,PA
1212,,Irregardless IPA,American IPA,12,0.065,75,298,Liquid Hero Brewery,York,PA
1213,2434,Peach Pale Ale,American Pale Ale (APA),12,0.057,40,104,Lone Tree Brewing Company,L%$one Tree,CO
1214,2332,Deadeye Jack,American Porter,12,0.06,nan,149,Lonerider Brewing Company,Raleigh,NC
1215,2330,Pistols at Dawn,nan,16,0.075,nan,149,Lonerider Brewing Company,Raleigh,NC
1216,2329,Peacemaker Pale Ale,American Pale Ale (APA),12,0.057,47,524.9642731766577,Lonerider Brewing Company,Raleigh,NC
1217,2327,Shotgun Betty,Hefeweizen,12,0.058,11,654.6845786678371,Lonerider Brewing Company,Raleigh,NC
1218,2326,Sweet Josie,American Brown Ale,12,nan,30,149,Lonerider Brewing Company,Raleigh,NC
1219,1926,Long Trail IPA,English India Pale Ale (IPA),12,0.059,42,268,Long Trail Brewing Company,Bridgewater Corners,VT
1220,1924,Long Trail Ale,American Amber / Red Ale,12,0.046,132.5025677873134,268,Long Trail Brewing Company,Bridgewater Corners,VT
1221,1090,Double Bag,Altbier,16,0.4132533581179752,33,268,Long Trail Brewing Company,Bridgewater Corners,VT
1222,574,Blackbeary Wheat,Fruit / Vegetable Beer,41.70480445417118,0.04,8,268,Long Trail Brewing Company,Bridgewater Corners,VT
1223,573,Long Trail Ale (1),Altbier,12,0.046,30,268,Long Trail Brewing Company,Bridgewater Corners,VT
1224,2584,Gose,Gose,16,0.046,nan,182.69370388586773,Lost Nation Brewing,East Fairfield,VT
1225,2583,Vermont Pilsner,German Pilsener,16,0.048,20,41,Lost Nation Brewing,East Fairfield,VT
1226,2582,Mosaic Single Hop IPA,Amer%ican IPA$,16,0.055,nan,41,Lost Nation Brewing,East Fairfield,VT
1227,2581,Lost Galaxy,American IPA,16,0.045,nan,41,Lost Nation Brewing,East Fairfield,VT
1228,4289.6679605011195,Face Plant IPA,American IPA,12,0.062,65,430,Lost Rhino Brewing Company,Ashburn,VA
1229,1308,Rhino Chasers Pilsner,Czech Pilsener,12,0.056,nan,430,Lost Rhino Brewing Company,Ashburn,VA
1230,,Slow Hand Stout,American Stout,nan,0.052,29,377,Lucette Brewing Company,,nan
1231,1204,Hips Don't Lie,Hefeweizen,16,0.062,nan,456,Lucette Brewing Company,Menominie,WI
1232,1122,Ride Again Pale Ale,American Pale Ale?? (APA),16,0.2684217015189848,nan,456,Lucette Brewing Company,Menominie,WI
1233,700,,American Blonde Ale,16,nan,nan,456,Lucette Brewing Company,Menominie,WI
1234,2033,,#Eng#lish Dark Mild Ale,nan,0.038,18,1075.226308471612,Lucky Town Brewing Company,Jackson,MS
1235,2032,Ballistic Blonde,Belgian Pale Ale,12,0.051,31,245,Lucky Town Brewing Company,Jackson,MS
1236,10445.042892627784,Knotty Pine,American Pale Ale (APA),12,0.054,nan,158,Lumberyard Brewing Company,Flagstaff,AZ
1237,1153,Lumberyard Pilsner,American Pilsner,12,0.2584144299659415,98.43707264016066,913.3592574780223,Lumberyard Brewing Company,Flagstaff,AZ
1238,355,Lumberyard IPA,American IPA,12,0.2969923833029221,nan,158,Lumberyard Brewing Company,Flagstaff,AZ
1239,125,Lumberyard Red Ale,American Amber / Red Ale,53.30988433892036,0.3104577491910925,nan,737.2815618000282,,Flagstaff,AZ
1240,962,Mac's Highlander Pale Ale (2000),American Pale Ale (APA),12,0.05,nan,485,MacTarnahans Brewing Company,Portland,OR
1241,961,Mac's Scottish Style Amber Ale (2000),American Amber / Red Ale,nan,0.051,32,485,MacTarnahans Brewing Company,Portland,OR
1242,1475,Macon Progress Ale,American Pale Ale (APA),12,0.05,nan,400,Macon Beer Company,Macon,GA
1243,1008,Macon History Ale,American Brown Ale,12,0.055,nan,400,Macon Beer Company,Macon,GA
1244,2454,Galaxy High,American Double / Imperial IPA,12,0.099,nan,91,Madtree Brewing Company,Cincinnati,OH
1245,2209,Sol Drifter,Amer??i$can Blonde Ale,12,0.198218839375359,18,354.61370262116696,Madtree Brewing Company,Cincinnati,OH
1246,2133,Thunder Snow,Winter Warmer,12,0.085,nan,91,Madtree Brewing Company,Cincinnati,OH
1247,1994,The Great Pumpcan,Fruit / Vegetable Beer,16,0.079,nan,91,Madtree Brewing Company,Cincinnati,OH
1248,1816,LIFT,Kölsch,57.429826337385826,0.047,11,91,Madtree Brewing Company,Cincinnati,OH
1249,1815,SPRYE,American Pale Ale (APA),59.69159700580018,0.05,40,91,Madtree Brewing Company,Cincinnati,OH
1250,1126,@@@@Psychopathy,American IPA,12,0.069,70,91,Madtree Brewing Company,Cincinnati,OH
1251,1125,#Gnarly Br??own,American Brown Ale,12,0.07,32,91,Madtree Brewing Company,Cincinnati,OH
1252,1124,Happy Amber,American Amber / Red Ale,12,0.2833672607742796,171.57844843853354,338.3420412338795,Madtree Brewing Company,Cincinnati,O??H
1253,1813,#9,Fruit / Vegetable Beer,16,0.051,20,303,Magic Hat Brewing Company,South Burlington,VT
1254,1113,El%der Be%tty,Hefeweizen,12,0.055,13,303,Magic Hat Brewing Company,South Burlington,VT
1255,360,??#9%,Fruit / Vegetable Beer,12,0.051,20,1673.6886996736685,Magic Hat Brewing Company,South Burlington,VT
1256,511,High Country Pilsner (Current),German Pilsener,12,0.042,nan,534,Mammoth Brewing Company,Mammoth Lakes,CA
1257,75,Epic IPA,nan,12,0.065,nan,3040.7254469696472,Mammoth Brewing Company,Mammoth Lakes,CA
1258,74,Golden Trout Pilsner,German Pilsener,12,nan,nan,534,Mammoth Brewing Company,Mammoth Lakes,CA
1259,73,Real McCoy Amber Ale (Current),American Amber / Red Ale,12,0.1920825807748171,nan,534,Mammoth Brewing Company,Mammoth Lakes,CA
1260,1628,Festivus (1),Winter Warmer,12,0.072,nan,356,Manayunk Brewing Company,Philadelphia,PA
1261,1626,Manayunk Ok??tob#erfest,Märzen / Oktoberfest,12,0.067,nan,356,Manayunk Brewing Company,Philadelphia,PA
1262,1625,Belgian Style Session Ale,Belgian Pale Ale,12,0.045,21,356,Manayunk Brewing Company,Philadelphia,PA
1263,8581.494736328472,Manayunk IPA,American IPA,12,0.055,nan,356,Manayunk Brewing Company,Philadelphia,PA
1264,1600,Yunkin' Punkin',Pumpkin Ale,12,0.055,nan,356,Manayunk Brewing Company,Philadelphia,PA
1265,6012.493273964897,S%ummer Paradi%se,American Pale Whe@@at% Ale,nan,0.05,18,356,Manayunk Brewing Company,Philadelphia,PA
1266,1356,Monk from the 'Yunk,Tripel,12,0.09,30,356,Manayunk Brewing Company,Philadelphia,PA
1267,1355,Schuylkill Punch,Fruit / Vegetable Beer,12,0.06,14,356,Manayunk Brewing Company,Philadelphia,PA
1268,1334,Dreamin' Double IPA,American Double / Imperial IPA,12,0.085,85,356,Manayunk Brewing Company,Philadelphia,PA
1269,1674,Chaotic Double IPA,American Double / Imperial IPA,12,0.099,93,346,Manzanita Brewing Company,Santee,CA
1270,1673,@@Manzanita$ IPA,Ameri$ca%n IPA,12,0.08,88,,Manzanita Brewing Company,Santee,nan
1271,5179.861963666515,Riverwalk Blonde Ale,American Blonde Ale,12,0.06,102.021159212366,346,Manzanita Brewing Company,Santee,CA
1272,1671,Gillespie Brown Ale,American Brown Ale,12,0.095,285.7178668959227,1710.0307439078372,Manzanita Brewing Company,Santee,CA
1273,1670,Manzanita Pale Ale,American Pale Ale (APA),12,0.066,44,346,Manzanita Brewing Company,Santee,CA
1274,1262,Marble Pi??%lsner,German Pilsener,12,0.047,nan,443,Marble Brewery,Albuqu??erque,NM
1275,4151.433384030213,Marble India Pale Ale,American IPA,12,0.062,nan,443,Marble Brewery,Albuqu??erque,NM
1276,1783,Toughcats IPA,American IPA,16,0.072,nan,317,Marshall Wharf Brewing Company,Belfast,ME
1277,1717,Tug Pale Ale,American Pale Ale (APA),16,0.05,nan,317,Marshall Wharf Brewing Company,Belfast,ME
1278,,Sexy Chaos$,Russian Imperial Stout,16,0.099,nan,317,Marshall Wharf Brewing Company,Belfast,ME
1279,1516,Ace Hole American Pale Ale,American Pale Ale (APA),16,0.063,nan,317,Marshall Wharf Brewing Company,Belfast,ME
1280,725,Cant Dog Imperial Pale Ale,American Double / Imper@@ial IPA,16,0.097,nan,317,Marshall Wharf Brewing Company,Belfast,ME
1281,2308,River House,Saison / Farmhouse Ale,54.204321358047864,0.05,20,161,Martin House Brewing Company,Fort Worth,TX
1282,2268,Pretzel Stout,American Stout,16,0.065,47,161,Martin House Brewing Company,Fort Worth,TX
1283,2197,Rubberneck Red,American Amber / Red Ale,16,0.05,35,161,Martin House Brewing Company,Fort Worth,TX
1284,9913.012189401004,The Imperial Texan,American Double / Imperial IPA,16,0.08,nan,161,Martin House Brewing Company,Fort Worth,TX
1285,1234,The Imperial Texan,American Double / Imperial IPA,54.969687246469505,0.08,nan,161,Martin House Brewing Company,Fort Worth,TX
1286,1233,Day Break 4-Grain Breakfast Beer,Rye Beer,16,0.05,nan,161,Martin House Brewing Company,Fort Worth,TX
1287,1232,River House Saison,Saison?? / Fa#rmhouse Ale,nan,0.05,nan,161,Martin House Brewing Company,Fort Worth,TX
1288,1231,The#re Will $Be Stout,American Stout,71.21341155955649,nan,nan,161,Martin House Brewing Company,Fort Worth,TX
1289,1831,Our Legacy IPA,American IPA,12,0.065,60,299,Matt Brewing Company,Utica,NY
1290,1359,Saranac Shandy,Shandy,12,0.042,nan,299,Matt Brewing Company,Utica,NY
1291,1135,Our Legacy IPA,American IPA,16,0.065,60,299,Matt Brewing Company,Utica,NY
1292,960,,German Pilsener,12,0.051,nan,1389.605905001127,Matt Brewing Company,Utica,NY
1293,4882.161660488993,,Light Lager,37.57178830967341,0.045,nan,299,Matt Brewing Company,Utica,NY
1294,958,DAX Light (1998),Light Lager,12,0.045,nan,299,Matt Brewing Company,Utica,NY
1295,957,Saranac Traditional Lager (2000),American Pale La??ger,12,0.048,nan,299,Matt Brewing Company,Utica,NY
1296,956,Pomegranate Wheat (2008),Fruit / Vegetable Beer,12,0.047,nan,299,Matt Brewing Company,Utica,NY
1297,773,Blueberry Blonde Ale,American Blonde Ale,40.1213524205101,0.05,12,299,Matt Brewing Company,Utica,NY
1298,686,Saranac White IPA,American IPA,63.328125993567994,0.06,nan,,Matt Brewing Company,Utica,NY
1299,453,Saranac Summer Ale (2011),American Pale Wheat Ale,53.03910520688833,0.047,nan,299,Matt Brewing Company,Utica,NY
1300,150,Saranac Pale Ale (12 oz.),English Pale Ale,12,0.055,nan,299,Matt Brewing Company,Utica,NY
1301,133,Saranac Pale Ale (16 oz.),English Pale Ale,16,nan,nan,299,Matt Brewing Company,Utica,NY
1302,1578,Lahaina Town Brown,American Brown Ale,12,0.051,20,1279.8399108268188,Maui Brewing Company,Lahaina,HI
1303,1429,Pau Hana Pilsner,Czech Pilsener,70.20492397531078,0.055,nan,375,Maui Brewing Company,Lahaina,HI
1304,1271,Lemongrass Sa%i@@son,Saison / Farmhouse Ale,12,0.05,nan,375,Maui Brewing Company,Lahaina,HI
1305,713,Aloha B’ak’tun,Belgian Strong Dark Ale,12,0.07,nan,375,Maui Brewing Company,Lahaina,HI
1306,712,Liquid Breadfruit,Fruit / Vegetable Beer,12,0.082,nan,375,Maui Brewing Company,Lahaina,HI
1307,4119.378388705853,Sobrehumano Palena'ole,American Amber / Red Ale,12,0.06,24,375,Maui Brewing Company,Lahaina,HI
1308,547,La Perouse White,Witbier,12,0.05,12,375,Maui Brewing Company,Lahaina,HI
1309,435,Flyin' HI.P.Hay,American IPA,12,0.068,68,375,Maui Brewing Company,Lahaina,HI
1310,313,Mana Wheat,American Pale Wheat Ale,12,0.055,15,375,Maui Brewing Company,Lahaina,HI
1311,33,Bikini Blonde Lager,Munich Helles Lager,12,0.045,18,375,Maui Brewing Company,Lahaina,HI
1312,32,CoCoNut Porter,American Porter,12,0.2444287297576741,30,375,Maui Brewing Company,Lahaina,HI
1313,31,Big Swell IPA,nan,12,0.062,nan,375,Maui Brewing Company,Lahaina,HI
1314,1237,Pit Stop Chocolate Porter,American Porter,12,0.037,34,448,Mavericks Beer Company,Half Moon Bay,CA
1315,4085.346304949912,Pace Setter Belgian Style Wit,Witbier,61.48677987689531,0.037,21,448,Mavericks Beer Company,Half Moon Bay,CA
1316,1047,Back in the Saddle Rye Pale Ale,American Pale Ale (APA),12,0.2008812651995983,53,448,Mavericks Beer Company,Half Moon Bay,CA
1317,1986,Bushwhacker Cider,Cider,16,0.2693562334085373,nan,254,Meckley's Cidery,Somerset Center,MI
1318,1985,Weim-??R-Iner,Cider,16,0.069,nan,254,Meckley's Cidery,Somerset Center,MI
1319,1984,Cherry Bomb,Cider,84.52978536112263,0.069,nan,254,Meckley's Cidery,Somerset Center,MI
1320,2186,Tsunami IPA,American IPA,nan,0.072,75,203,Mehana Brewing Co.,Hilo,HI
1321,2185,Tsunami IPA,American IPA,12,0.072,75,203,Mehana Brewing Co.,Hilo,HI
1322,2184,Humpback Blonde Ale,American Blonde Ale,12,0.042,22,203,Mehana Brewing Co.,Hilo,HI
1323,2178,Hawaiian Crow Porter,Ame%rican Po@@rter,12,0.052,27,959.1431293521921,Mehana Brewing Co.,Hilo,HI
1324,2177,Volcano Red Ale,American Amber / Red Ale,12,0.052,23,203,Mehana Brewing Co.,Hilo,HI
1325,8229.726182883676,Mauna Kea Pa@@le Ale,American Pale Ale (APA),36.94377867330204,0.054,42,,Mehana Brewing Co.,Hilo,HI
1326,1508,Shark Bait,Fruit / Vegetable Beer,12,0.053,11,393,Miami Brewing Company,Miami,FL
1327,1507,,American Brown Ale,nan,0.053,30,393,Miami Brewing Company,Miami,FL
1328,1506,Miami Vice IPA,American IPA,12,0.071,62,393,Miami Brewing Company,Miami,FL
1329,1325,Big Rod Coconut Ale,American Blonde Ale,12,0.053,16,393,Miami Brewing Company,Miami,FL
1330,174,Mickey Finn's Amber Ale,American Amber / Red Ale,12,0.056,nan,552,Mickey Finn's Brewery,Libertyville,nan
1331,2093,Pleasure Town,American IPA,12,0.063,61,1030.6598294562716,,Anchorage,AK
1332,1814,Pleasure Town IPA,American IPA,12,0.063,61,223,Midnight Sun Brewing Company,Anchorage,AK
1333,587,Snowshoe White Ale,Witbier,nan,0.048,12,223,Midnight Sun Brewing Company,Anchorage,AK
1334,586,Kodiak Brown Ale,American Brown Ale,12,0.05,24,223,Midnight Sun Brewing Company,Anchorage,AK
1335,1652.125091224669,Sockeye Red IPA,American IPA,12,0.057,70,223,Midnight Sun Brewing Company,Anchorage,AK
1336,11019.894201769186,Habitus (2014),American Double / Imperial IPA,16,0.08,100,3,Mike Hess Brewing Company,San Diego,CA
1337,2667,Solis#,A$merican IPA,72.62806964185565,0.075,85,3,Mike Hess Brewing Company,San Diego,CA
1338,2666,Jucundus,Wheat Ale,16,0.06,131.9577983819782,3,Mike Hess Brewing Company,San Diego,CA
1339,2664,Habitus,American Double / Imperial IPA,nan,0.3906160905488063,100,3,Mike Hess Brewing Company,San Diego,CA
1340,2663,Grazias,Cream Ale,16,0.2211055916346674,30,3,Mike Hess Brewing Company,San Diego,CA
1341,2662,Claritas,Kölsch,16,0.058,28,3,Mike Hess Brewing Company,San Diego,CA
1342,2535,Vinyl Frontier,American Double / Imperial IPA,24,0.083,nan,342.61903521664254,Mikerphone Brewing,Chicago,IL
1343,2534,Disco Superfly,American IPA,nan,0.08,nan,259.01766786316733,Mikerphone Brewing,Chicago,IL$
1344,2533,Misty Mountain Hop,American IPA,24,0.075,nan,65,Mikerphone Brewing,Chicago,IL
1345,2532,One-Hit Wonderful,Belgian IPA,99.80629913916631,0.075,nan,65,Mikerphone Brewing,Chicago,IL
1346,2531,En Parfaite Harmonie,Saison / Farmhouse Ale,24,0.065,nan,263.02049403750243,Mikerphone Brewing,Chicago,IL
1347,2530,Daft Funk,Berliner We%issbi$er,24,nan,nan,65,Mikerphone Brewing,Chicago,IL
1348,2529,Love In An Ellavator,American IPA,24,0.4380068148364893,nan,65,Mikerphone Brewing,Chicago,IL
1349,2528,Spin Doctor,American Pale Ale (APA),24,0.053,nan,65,Mikerphone Brewing,Chicago,IL
1350,1612,Keeper (Current),American Pilsner,12,0.05,nan,363,Mikkeller,Pottstown,PA
1351,1611,B@@etter Half,American IPA,12,0.068,nan,1565.7827152685998,Mikkeller,Pottstown,PA
1352,6029.8689004503585,SNO White Ale,Witbier,16,0.048,nan,440,MillKing It Productions,Royal Oak,MI
1353,,BRIK Irish Red Ale,Irish Red Ale,16,0.048,nan,440,MillKing It Productions,Royal Oak,MI
1354,273,AXL Pale Ale,American Pale Ale (APA),16,nan,nan,440,MillKing It Productions,Royal Oak,MI
1355,1884,Hop Freak,American Double / Imperial IPA,16,0.087,321.25046881711455,284,Milwaukee Brewing Company,Milwaukee,WI
1356,1272,Louie's De??mise Amber Ale,American Amber / Red Ale,16,0.051,124.09862648731126,284,Milwaukee Brewing Company,Milwaukee,WI
1357,1080,Hop Hap@@py,American IPA,16,0.075,51,284,Milwaukee Brewing Company,Milwaukee,WI
1358,932,Bo$oyah Farmhous@@e Ale,Saison / Farmhouse Ale,16,0.065,20,284,Milwaukee Brewing Company,Milwaukee,WI
1359,776,O-Gii,Witbier,54.41657949998723,0.092,nan,284,Milwaukee Brewing Company,Milwaukee,WI
1360,172,Flaming Damsel Lager (2010),Vienna Lager,16,0.048,18,284,Milwaukee Brewing Company,Milwaukee,WI
1361,171,Lou$ie’s Demise Immo%rt-Ale (2010),American Amber / Red Ale,56.34368634308275,0.051,24,284,Milwaukee Brewing Company,Milwaukee,WI
1362,2361,Axe @@%Head Malt Liquor,American Malt Liquor,24,0.099,nan,134,Minhas Craft Brewery,Monroe,WI
1363,2359,,Bock,16,0.2865475254973609,nan,134,Minhas Craft Brewery,Monroe,WI
1364,2358,Minhas Light (2012),Light Lager,12,0.04,nan,134,Minhas Craft Brewery,Monroe,WI
1365,2282,Huber,American Pale Lager,12,0.05,nan,134,Minhas Craft Brewery,Monroe,WI
1366,2281,Clear Creek Ice,American Pale Lager,nan,0.062,nan,134,Minhas Craft Brewery,Monroe,WI
1367,2280,Clear Creek Ice,American Pale Lager,12,0.062,nan,134,Minhas Craft Brewery,Monroe,WI
1368,2279,,American Pale Lager,16,0.055,nan,699.3269577365027,Minhas Craft Brewery,Monroe,WI
1369,2278,Mountain Crest,American Pale $L$ager,12,0.055,nan,134,Minhas Craft Brewery,Monroe,WI
1370,10721.537046984871,Mount$ain Creek (2013),American Pale Lager,12,0.055,nan,134,Minhas Craft Brewery,Monroe,WI
1371,2276,Boxer,American Adjunct Lager,24,nan,nan,134,Minhas Craft Brewery,Monroe,WI
1372,2275,Boxer Light,Light Lager,12,0.042,nan,134,Minhas Craft Brewery,Monroe,WI
1373,2274,Boxer Ice,American Adjunct Lager,12,0.055,nan,134,Minhas Craft Brewery,Monroe,WI
1374,2273,Boxer,American Adjunct Lager,12,0.05,nan,134,Minhas Craft Brewery,Monroe,WI
1375,9954.263402305554,Cortez Gold,Belgian Pale A%le,32,0.2281258000921411,nan,98,Mission Brewery,San Diego,CA
1376,10105.999005069378,??Mission IP$A,American IPA,32,0.068,66,294.64348569179987,Mission Brewery,San Diego,CA
1377,1460,El Conquistador Extra Pale Ale,American Pale Ale (APA),32,0.048,nan,98,Mission Brewery,San Diego,CA
1378,1459,Shipwrecked Double IPA,American Double / Imperial IPA,32,0.092,75,98,Mission Brewery,San Diego,CA
1379,1476,Squeaky Bike Nut Brown Ale,American Brown Ale,82.4711073335996,0.1602670421934439,nan,399,Moab Brewery,Moab,UT
1380,902,Dead Horse Amber,American Pale Wheat Ale,16,0.04,nan,399,Moab Brewery,Moab,UT
1381,645,Rocket Bike American Lager,California Common / Steam Beer,16,0.1420006557825819,nan,399,Moab Brewery,Moab,UT
1382,644,Johnn??y's @@American IPA,nan,16,0.04,nan,399,Moab Brewery,Moab,UT
1383,337,Boneshaker Brown Ale,English Brown Ale,24,0.055,nan,547,Moat Mountain Smoke House & Brew...,North Conway,NH
1384,336,Iron Mike Pale Ale,American Pale Ale (APA),24,0.056,nan,547,Moat Mountain Smoke House & Brew...,North Conway,NH
1385,10709.913139007367,%Monkadelic,nan,12,0.2104472836797082,nan,189,Modern Monks Brewery,Lincoln,NE
1386,2159,City of the Sun,American IPA,16,0.075,85,209,Modern Times Beer,San Diego,CA
1387,2157,Booming Rollers,American IPA,16,nan,75,209,Modern Times Beer,San Diego,CA
1388,2156,Oneida,American Pale Ale (APA),16,0.052,50,209,Modern Times Beer,San Diego,CA
1389,2154,Aurora,%American Amber / Red ??Ale,16,0.067,75,209,Modern Times Beer,San Diego,CA
1390,1495,Lomaland,nan,16,nan,30,209,Modern Times Beer,San Diego,CA
1391,1494,Fortunate Islands,American Pale Wheat Ale,16,0.047,46,,Modern Times Beer,San Diego,$$CA
1392,1493,Black House??,American Stout,16,0.2834259475448399,40,209,Modern Times Beer,San Diego,CA
1393,1492,Blazing World,American Amber / Red Ale,56.91033984427376,0.065,115,209,Modern Times Beer,San Diego,CA
1394,327,Wapiti Amber Ale,American Amber / Red Ale,12,0.05,nan,549,,Flagstaff,AZ
1395,719,Sweet Georgia Brown,American Brown Ale,16,0.054,nan,,Monkey Paw Pub & Brewery,San Diego,CA
1396,718,Rich Man's IIPA,American Double / Imperial IPA,16,0.087,nan,2518.187049799997,Monkey Paw Pub & Brewery,San Di%ego,CA
1397,717,Monkey Paw Oatmeal Pale Ale,American Pale Ale (APA),16,0.058,nan,1859.917871028267,Monkey Paw Pub & Brewery,San Diego,CA
1398,1907,Montauk Summer Ale,American Blonde Ale,12,0.056,28,276,Montauk Brewing Company,Montauk,NY
1399,1906,Driftwood Ale,Extra Special / Strong Bitter (ESB),12,0.06,152.51146958062043,276,Montauk Brewing Company,Montauk,NY
1400,1756,When Helles Freezes Over,Munich Helles Lager,12,0.056,18,326,Morgan Street Brewery,Saint Louis,MO
1401,8128.834500662138,Morga$n Street #Oktoberfest,Märzen / Oktoberfest,12,0.049,24,326,Morgan Street Brewery,Saint Louis,MO
1402,4324.758149558415,Ho$ney Wh#eat,American Pale Wheat Ale,12,0.2559860533788946,14,1769.5010466377132,,Saint Louis,MO
1403,1051,Black Bear Dark Lager,Schwarzbier,12,0.046,24,326,Morgan Street Brewery,Saint Louis,MO
1404,1046,Golden Pilsner,German Pilsener,12,0.05,35,326,Morgan Street Brewery,Saint Louis,MO
1405,2413,Cali Creamin',Cream Ale,12,0.052,21,111,Mother Earth Brew Company,Vista,C@@A
1406,419,,American Pale Ale (APA),12,0.05,nan,,Mother Earth Brewing Company,Kinston,NC
1407,,Sunny Haze,Hefeweizen,12,0.05,nan,540,Mother Earth Brewing Company,Kinston,NC
1408,2237,Towhead,American Blonde Ale,12,0.052,21,188,Mother's Brewing,Springfield,??#MO
1409,2208,Lil' Helper,American IPA,12,0.07,70,188,Mother's Brewing,Springfield,??#MO
1410,1952,Train Wreck,American Amber / Red Ale,16,0.082,nan,260,Mountain Town Brewing Company,Mount Pleasant,MI
1411,2859.153931970932,Full Moon Belgian White Ale,Witbier,12,0.085,nan,507,Mudshark Brewing Company,Lake Havasu City,AZ
1412,625,Desert Magic IPA,American IPA,12,0.072,nan,1902.174936423953,Mudshark Brewing Company,Lake Havasu City,A##Z
1413,326,Up River Light,Light Lager,12,0.042,nan,507,Mudshark Brewing Company,Lake Havasu City,AZ
1414,132,Full Moon Belgian White Ale (2007),Witbier,12,0.085,nan,2249.2566782386602,Mu%dshark Br$ewing Company,$Lake Havasu% City,AZ
1415,769.7015913042532,Dry Heat Hefeweizen (2006),Hefeweizen,12,0.055,nan,1817.0790395495817,Mudshark Brewing Company,Lake Havasu City,AZ
1416,1598,Mustang Sixty-Six,American Amber / Red Lager,12,0.05,nan,366,Mustang Brewing Company,Mustang,OK
1417,862,Mustang '33,American Pale Lager,12,0.04,nan,366,Mustang Brewing Company,Mustang,OK
1418,699,Session '33 (2011),American Pale Lager,12,0.04,nan,366,Mustang Brewing Company,Mustang,OK
1419,421,Mustang Golden Ale,American Blonde Ale,12,0.053,10,366,Mustang Brewing Company,Mustang,OK
1420,420,Washita Wheat,American Pale Wheat Ale,nan,0.053,14,366,Mustang Brewing Company,Mustang,OK
1421,2345,Gansett Light,Light Lager,16,0.037,10,143,Narragansett Brewing Company,Providence,RI
1422,11833.208339962275,Bohemian Pils,American Pil$sne$r,nan,0.052,30,143,Narragansett Brewing Company,Providence,RI
1423,1775,Autocrat Coffee Milk Stout,Milk / Sweet Stout,16,0.053,30,143,Narragansett Brewing Company,Providence,RI
1424,1291,Narragansett Bohemian Pilsner,German Pilsener,16,0.2733773955528802,35,143,Narragansett Brewing Company,Providence,RI
1425,1093,Narragansett Summer Ale,American Pale Wheat Ale,12,0.042,24,143,Narragansett Brewing Company,Providence,RI
1426,2428.258603628784,Narragansett Cream Ale,Cream Ale,16,0.05,22,143,Narragansett Brewing Company,Providence,RI
1427,403,Narragansett Summer Ale,American Pa#le% Wheat Ale,16,0.042,24,634.2717375886464,Narragansett Brewing Company,Providence,RI
1428,316,Narragansett Porter,American Porter,16,0.07,22,143,Narragansett Brewing Company,Providence,RI
1429,315,,Bock,16,0.065,32,143,Narragansett Brewing Company,Providence,RI
1430,314,Narragansett Fest Lager,Märzen / Oktoberfest,16,0.055,15,143,Narragansett Brewing Company,Providence,RI
1431,1537,Undun Blonde Ale,American @@Blonde Ale,16,0.053,nan,387,Natian Brewery,Portland,OR
1432,1536,CuDa Cascadian Dark Ale,American Black Ale,59.79959422456546,0.074,nan,,Natian Brewery,Portland,OR
1433,1265,Old Grogham Imperial India Pale Ale,American Double / Imperial IPA,16,0.085,86,387,Natian Brewery,Portland,OR
1434,747,Old Grogham Imperial India Pale Ale (2012),American Double / Imperial IPA,16,0.085,265.5525703159722,387,Natian Brewery,Portland,OR
1435,746,CuDa Cascadian Dark Ale (2012),American Black Ale,78.48438087891768,0.074,nan,,Natian Brewery,Portland,OR
1436,654,Undun Blonde Ale (2012),American Blonde Ale,16,0.2658845251030393,nan,387,Natian Brewery,Portland,OR
1437,1705,Wick For Brains,Pumpkin Ale,12,0.061,11,337,Nebraska Brewing Company,Papillion,NE
1438,6756.305655252207,Nebraska?? India Pale @@Ale,American IPA,12,0.065,65,337,Nebraska Brewing Company,Papillion,NE
1439,1147,EOS Hefeweizen,Hefeweizen,12,0.048,10,337,Nebraska Brewing Company,Papillion,NE
1440,1146,Brunette Nut Brown Ale,English Brown Ale,12,0.048,15,337,Nebraska Brewing Company,Papillion,NE
1441,1145,Cardinal Pale Ale,American Pale Ale (APA),12,0.057,29,337,Nebraska Brewing Company,Papillion,NE
1442,1758,County Line IPA,American IPA,12,0.066,nan,325,Neshaminy Creek Brewing Company,Croydon,PA
1443,1757,Tra@@uger P$ilsner,nan,61.61648281120963,0.048,nan,325,Neshaminy Creek Brewing Company,Croydon,PA
1444,2475,Slow Ride,American IPA,12,0.045,40,82,New Belgium Brewing Company,Fort Collins,CO
1445,2230,Ranger IPA,nan,12,0.3016826614342919,nan,82,New Belgium Brewing Company,Fort Collins,CO
1446,1987,Shift,American Pale Lager,12,0.05,29,327.6628392182394,New Belgium Brewing Company,,CO
1447,1978,1554 Black Lager,Euro Dark Lager,12,0.056,21,82,New Belgium Brewing Company,Fort Collins,CO
1448,1975,Blue Paddle,Czech Pilsener,65.64824003751635,0.1447735254722294,nan,82,New Belgium Brewing Company,Fort Collins,CO
1449,1737,California Route%,American Amber / Red L#a#ger,12,0.055,nan,82,New Belgium Brewing Company,Fort Collins,CO
1450,1707,Snapshot,American Pale Wheat Ale,16,0.052,nan,82,New Belgium Brewing Company,Fort Collins,CO
1451,1690,$Sunshine Wheat Beer,nan,12,0.048,nan,82,New Belgium Brewing Company,Fort Collins,CO
1452,1586,Fat Tire Amber Ale,American Amber / Red Ale,12,0.052,59.505095264293416,82,New Belgium Brewing Company,Fort Collins,CO
1453,952,Shift (1),American Pale Lager,12,0.2771013851212689,29,,New Belgium Brewing Company,Fort Collins,CO
1454,748,Fat Tire Amber Ale (2011),American Amber / Red Ale,12,0.052,18,82,New Belgium Brewing Company,Fort Collins,CO
1455,578,Shift,American Pale Lager,16,0.05,29,392.2407771356752,New Belgium Brewing Company,Fort Collins,CO
1456,564,Ranger?? IPA,American IPA,67.36410031498315,0.065,70,82,New Belgium Brewing Company,Fort Collins,CO
1457,2075.293767319515,Fat Tire Amber Ale,American Amber / Red Ale,16,0.2807736460966424,18,82,New Belgium Brewing Company,Fort Collins,CO
1458,115,Ranger IPA (Current),American IPA,12,0.065,70,82,New Belgium Brewing Company,Fort Collins,CO
1459,72,Sunshine Wheat Beer (20$??09),American Pale Wheat Ale,12,0.048,nan,82,New Belgium Brewing Company,Fort Collins,CO
1460,71,Fat Tire Amber Ale (2008),American Amber / Red Ale,12,0.052,18,82,New Belgium Brewing Company,Fort Collins,CO
1461,1417,Weiss Trash Culture,Berliner Weissbier,12,0.1325824430910879,6,410,New England Brewing Company,Woodbridge,CT
1462,885,Sea Hag@@ I@@PA,American IPA,12,0.062,nan,410,New England Brewing Company,Woodbridge,CT
1463,,Elm City Pilsner,American Pilsner,12,0.05,nan,410,New England Brewing Company,Woodbridge,CT
1464,757,Atlantic Amber Ale (2004),American Amber / Red Ale,nan,0.05,nan,410,New England Brewing Company,Woodbridge,CT
1465,568,668?? Neighbor of the Beast12 oz.,Belgian Pale Ale,12,0.09,nan,410,New England Brewing Company,Woodbridge,CT
1466,320,Gandhi-Bot Double IPA $(12 oz.),American $Double / Imperial I#PA,12,0.088,274.9923638761212,410,New England Brewing Company,Woodbridge,CT
1467,43,668 Neighbor of the Beast (16 oz.) (2010),Belgian Pale Ale,16,0.09,nan,2201.269345151071,New England Brewing Company,Woodbridge,CT
1468,42,Gandhi-Bot Double IPA (16 oz.) (2010),American Doub#le / Imperial IPA,16,0.088,nan,410,New England Brewing Company,Woodbridge,CT
1469,41,Elm City Lager (2007),American Pilsner,12,0.05,nan,410,New England Brewing Company,Woodbridge,CT
1470,40,At$lantic Amber Ale (2007),American Amber / Red Ale,12,0.05,nan,410,New England Brewing Company,Woodbridge,CT
1471,39,Sea Hag IPA (%Current@@),American IPA,12,0.062,nan,410,New England Brewing Company,Woodbridge,CT
1472,2272,Rebirth Pale Ale,American Pale Ale (APA),12,0.05,nan,174,New Orleans Lager & Ale Brewing ...,New Orleans,LA
1473,1582,Irish Channel Stout,American Stout,16,0.068,nan,174,New Orleans Lager & Ale Brewing ...,New Orleans,LA
1474,1114,MechaHopzilla,American Double / Imperial IPA,16,0.088,nan,174,New Orleans Lager & Ale Brewing ...,New Orleans,LA
1475,486,Hopitoulas IPA,American IPA,16,0.3387609891221874,nan,174,New Orleans Lager & Ale Brewing ...,New Orleans,LA
1476,485,NOLA Brown Ale,English Dark Mild Ale,12,0.1802895685971519,nan,174,New Orleans Lager & Ale Brewing ...,New Orleans,LA
1477,484,NOLA Blonde Ale,American Blonde Ale,12,0.049,nan,174,New Orleans Lager & Ale Brewing ...,New Orleans,LA
1478,2043,Skylight,Dunkelweizen,nan,0.056,20,241,New Republic Brewing Company,College Station,TX
1479,2042,Kadigan,American Blonde Ale,12,0.056,30,923.0123343643055,New Republic Brewing Company,College Station,TX
1480,10565.765595360775,Dammit Jim!,American Amber / Red Ale,12,0.052,50,,New Republic %Brewing Company,C$ol@@lege Station,#$TX
1481,2096.208949615181,Nut Brown Ale,English Brown Ale,12,0.054,nan,518,New South Brewing Company,Myrtle Beach,SC
1482,165,White Ale,Witbier,12,0.2069387376124045,nan,518,New South Brewing Company,Myrtle Beach,SC
1483,2050,Cream Ale,Cream Ale,12,0.042,35,238,Newburgh Brewing Company,Newburgh,NY
1484,915,Green Head IPA,American I??PA$,47.90550429973487,0.072,nan,495,Newburyport Brewing Company,Newburyport,MA
1485,914,Plum Island Belgian White,Witbier,12,nan,nan,495,Newburyport Brewing Company,Newburyport,MA
1486,913,Newburyport Pale Ale,Ameri@@c#an Pale Ale (APA),nan,0.186149276341623,nan,495,Newburyport Brewing Company,Newburyport,MA
1487,1811,Marblehead,American Amber / Red Ale,16,0.055,nan,,Night Shift Brewi$ng,Everett??,MA
1488,1622,Jam Session,American Pale Ale (APA),16,0.051,31,359,NoDa Brewing Company,Charlotte,NC
1489,1621,Hop Drop 'N Roll IPA,American IPA,16,0.072,80,359,NoDa Brewing Company,Charlotte,NC
1490,1307,Pa%le#o IPA,English India Pale Ale (IPA),12,0.06,nan,431,North Country Brewing Company,Slippery Rock,PA
1491,1306,Buck Snort Stout,Am#e$rican Stout,12,0.061,nan,431,North Country Brewing Company,Slippery Rock,PA
1492,1305,Station 33 Firehouse Red,Irish Red Ale,12,0.055,nan,431,North Country Brewing Company,Slippery Rock,PA
1493,1304,Slimy Pebble Pils,German Pilsener,12,nan,nan,431,North Country Brewing Company,Slippery Rock,PA
1494,2692,Get Toget#her,American IPA,16,0.045,nan,0,NorthGate Brewing,Minneapolis,MN
1495,2691,Maggie's Leap,Milk / Sweet Stout,16,0.049,26,0,NorthGate Brewing,Minneapolis,MN
1496,2690,,English Brown Ale,16,0.048,nan,0,NorthGate Brewing,Minneapolis,MN
1497,2689,Pumpi$on,Pumpkin Ale,nan,0.06,38,0,NorthGate Brewing,Minneapolis,MN
1498,2688,Stronghold,American Porter,16,0.06,104.58742497124364,0,NorthGate Brewing,Minneapolis,MN
1499,2687,Parapet ESB,Extra Special / Strong Bitter (ESB),16,0.3267436605550112,nan,0,NorthGate Brewing,Minneapolis,MN
1500,1854,Blue Boots IPA,American IPA,16,0.069,nan,293,Northampton Brewery,Northamtpon,MA
1501,1227,Hoppy Bitch IPA,American IPA,16,0.2256859541748885,nan,450,Northwest Brewing Company,Pacific,WA
1502,1226,Three Skulls Ale Pale Ale,American Pale Ale (APA),16,0.063,42,450,Northwest Brewing Company,Pacific,WA
1503,541,Walter's Premium Pilsener Beer,German Pilsener,12,0.045,nan,529,Northwoods Brewpub,Eau Claire,WI
1504,570.783904163294,Floppin' Crappie,American Pale Wheat Ale,nan,0.045,nan,529,Northwoods Brewpub,Eau Claire,WI
1505,1917,Left of the Dial IPA,American IPA,12,0.043,nan,271,Notch Brewing Company,Ipswich,MA
1506,1190,Notch Session Pils,Czech Pilsener,12,0.04,nan,271,Notch Brewing Company,Ipswich,MA
1507,1264,O'Fallon Pumpkin Beer,Pumpkin Ale,nan,0.055,nan,,O'Fallon Brewery,O'Fallon,@@MO??
1508,1258,5 Day IPA,American IPA,12,0.061,66,442,O'Fallon Brewery,O'Fal$lon,MO
1509,128,O'Fallon Wheach,Fruit / Vegetable Beer,12,0.051,7,442,O'Fallon Brewery,O'Fal$lon,MO
1510,2331,Watershed IPA,American IPA,12,0.067,245.6439459904213,150,Oakshire Brewing,Eugene,OR
1511,1669,Oakshire Amber Ale,American Amber / Red Ale,12,0.054,24,150,Oakshire Brewing,Eugene,OR
1512,1668,Overcast Espresso Stout,American Stout,36.1046344503732,0.058,27,150,Oakshire Brewing,Eugene,OR
1513,999,Watershed IPA (2013),American IPA,12,nan,70,150,Oakshire Brewing,Eugene,OR
1514,2247,Lake Monster,Baltic Porter,16,nan,25,,Oasis Texas Brewing Company,Austin%,TX
1515,2071,London Homesick$ Ale,English Bitter,nan,0.049,134.12278746466774,184,Oasis Texas Brewing Company,Austin,TX
1516,2070,Luchesa Lager,Keller Bier / Zwickel Bier,12,0.048,35,184,Oasis Texas Brewing Company,Austin,TX
1517,9351.230405165785,Slow Ride,American Pale Ale (APA),12,0.048,35,732.569306457114,Oasis Texas Brewing Company,Austin,TX
1518,2192,Occidental Hefeweizen,Amer@@ican Pale Wheat Ale,80.28789673601608,0.047,nan,200,Occidental Brewing Company,Portland,OR
1519,1130,Occidental Dunkel,Dunkelweizen,58.07980016368327,0.051,nan,200,Occidental Brewing Company,Portland,OR
1520,1129,Occidental Altbier,Altbier,16,0.05,nan,200,Occidental Brewing Company,Portland,OR
1521,1081,Occidental Kölsch,Kölsch,16,0.045,nan,200,Occidental Brewing Company,Portland,OR
1522,9682.571060034885,Perpetual Darkness,Belgian Strong Dark Ale,nan,0.092,72,148,Odyssey Beerwerks,Arvada,CO
1523,2334,Clan Warrior,Scotch Ale / Wee Heavy,12,0.087,29,,Odyssey Beerwerks,Arvada,CO
1524,2333,,American Porter,12,0.054,36,148,Odyssey Beerwerks,Arvada,CO
1525,1721,Heliocentric Hefeweizen,nan,12,0.047,nan,661.3420820246097,Odyssey #Beerwerks,Arvada,CO
1526,1720,Ghose Drifter Pale Ale,American Pale Ale (#APA),70.64706944924741,0.051,nan,148,Odyssey Beerwerks,Arvada,CO
1527,1431,Ghost Rider Pale Ale (2013),American Pale Ale (APA),12,0.051,nan,148,Odyssey Beerwerks,Arvada,CO
1528,1430,Helios Hefeweizen (2013),Hefeweizen,12,0.047,nan,148,Odyssey Beerwerks,Arvada,CO
1529,6046.47929333762,The Hole in Hadrian's Wall,Scottish Ale,16,0.095,110.58598229796004,471,Okoboji Brewing Company,Spirit Lake,IA
1530,1058,33 Select Brown Ale,American Brown Ale,59.75841669744298,0.065,26,471,Okoboji Brewing Company,Spirit Lake,IA
1531,2324.440987588876,Midwest $Charm Farmhous%e Ale,nan,16,0.06,29,471,Okoboji Brewing Company,Spirit Lake,IA
1532,602,Boji Blue Pale Ale,American Pale Ale (APA),16,0.05,45,,,Spirit Lake,IA
1533,601,Winter Games Select #32 Stout,American Stout,16,0.2898354415272216,26,1469.1177694280225,Okoboji Brewing Company,Spirit Lake,IA
1534,600,Boji Beach Golden Rye Ale,Rye $Beer@@,16,0.2026591651743086,23,471,Okoboji Brewing Company,Spirit Lake,IA
1535,1828,Hopsmith Pale Lager,American Pale Lager,16,0.06,nan,301,Old Forge Brewing Company,Danville,PA
1536,7452.343051054323,Falling Down B#rown Ale,American Brown Ale,16,0.065,65,301,Old Forge Brewing Company,Danville,PA
1537,,Resolution Rye Stout,nan,16,0.068,nan,301,Old Forge Brewing Company,Danville,PA
1538,1485,Plowshare Porter,American Porter,16,0.055,nan,1334.5368423296156,Old Forge Brewing Company,Danville,PA
1539,,Old Forge Pumpkin Ale,Pumpkin Ale,16,0.046,20,301,Old Forge Brewing Company,Danville,PA
1540,1381,Endless Sun Ale,American Pale Wheat Ale,61.90410669783175,0.045,nan,,Old Forge Brewing Company,Danville,PA
1541,3473.0332827933016,Celestial Blonde Ale,American Blonde Ale,16,0.065,nan,301,Old Forge Brewing Company,Danville,PA
1542,4158.392102335893,Overbite IPA,American IPA,62.76687276195246,0.4287994639676706,nan,301,Old Forge Brewing Company,Danville,PA
1543,509,T-Rail Pale Ale,American Pale Ale (APA),nan,0.055,nan,903.0427865370575,Old Forge Brewing Company,Danville,PA
1544,508,Endless Summer Ale (2011),American Pale Wheat Ale,16,0.048,nan,301,Old Forge Brewing Company,Danville,PA
1545,1530,Clem's@@ Gol%d,American Pale Lager,16,0.053,nan,390,Orlison Brewing Company,Airway Heights,WA
1546,1529,Lizzy's Red,American Amber / Red Lager,16,0.055,nan,1438.3928178657043,Orlison Brewing Company,Airway Heights,WA
1547,1528,Orlison India Pale Lager,American Pale Lager,59.77272113894426,0.067,nan,390,Orlison Brewing Company,Airway Heights,WA
1548,1527,Brünette,Euro Dark Lager,16,0.042,nan,390,Orlison Brewing Company,Airway Heights,WA
1549,1526,Havanüther,Light Lager,16,0.041,nan,390,Orlison Brewing Company,Airway Heights,WA
1550,2113,,Saison / Farmhouse Ale,12,0.065,nan,216,Orpheus Brewing,Atlanta,GA
1551,,Atalanta,Saison / Farmhouse Ale,62.43878949608333,0.053,nan,216,Orpheus Brewing,Atlanta,GA
1552,2302,Pinner Throwback IPA,American IPA,12,0.049,35,505.57061349870844,Oskar Blues Brewery,,CO
1553,,Centennial State Pale Ale,American Pale Ale (APA),93.439636133044,0.052,nan,166,Oskar Blues Brewery,Longmont,CO
1554,1859,Old Chub N%I%TRO,nan,16,0.08,nan,166,Oskar Blues Brewery,Longmont,CO
1555,1796,The CROWLER�?,32,nan,nan,166,Oskar Blues Brewery,Longmont,CO,nan
1556,1790,CAN'D AID Fo@@undation,nan,12,nan,nan,166,Oskar Blues Brewery,Longmont,CO
1557,6545.101214749543,Icey.P.A.,America%n IPA,16,nan,nan,166,Oskar Blues Brewery,Longmont,CO
1558,1751,One Nu$t Brown,English Brown Ale,12,0.05,nan,166,Oskar Blues Brewery,Longmont,CO
1559,1750,Birth IPA,American IPA,12,nan,nan,166,Oskar Blues Brewery,Longmont,CO
1560,1444,Dale's Pale Ale,American Pale Ale (APA),12,0.065,65,166,Oskar Blues Brewery,Longmont,CO
1561,1252,Dale's Pale Ale,American Pale Ale (APA),12,0.065,65,757.98395556217,Oskar Blues Brewery,,CO$
1562,1167,Mama's Little Yella P@@ils,Czech Pilsener,19.2,0.053,35,166,Oskar Blues Brewery,Longmont,CO
1563,993,oSKAr the G'Rauch,American IPA,19.2,0.085,nan,166,Oskar Blues Brewery,Longmont,CO
1564,992,oSKAr the G'Rauch,American IPA,85.06845837487563,0.085,nan,166,Oskar Blues Brewery,Longmont,CO
1565,955,,American Pale Ale (APA),19.2,0.065,65,652.7338391338652,,Longmont,CO
1566,933,The Deuce,American Brown Ale,93.55067141325874,0.07,nan,166,Oskar Blues Brewery,Longmont,CO
1567,892,Dale's Pale Ale (10 Year Anniversary),A@@merican Pale Ale #(APA),12,0.065,65,166,Oskar Blues Brewery,Longmont,CO
1568,828,Dale's Pale Ale (2012),American Pale Ale (APA),12,0.065,65,166,Oskar Blues Brewery,Longmont,CO
1569,806,Gordon Imperial Red (2010),American Double / Imperial IPA,45.42023011344699,0.087,85,166,Oskar Blues Brewery,Longmont,CO
1570,755,Dale's Pale Ale (2011),American Pale Ale (APA),12,0.065,257.1026512508386,166,Oskar Blues Brewery,Longmont,CO
1571,754,Dale's Pale Ale (2010),American Pale Ale (APA),nan,0.065,65,166,Oskar Blues Brewery,Longmont,CO
1572,726,G'KNIGHT (16 oz.),nan,nan,0.087,85,734.2937711143938,Oskar Blues Brewery,Longmont,CO
1573,720,,Belgian Dark Ale,16,0.09,nan,166,Oskar Blues Brewery,Longmont,CO
1574,661,,Belgian Strong Pale Ale,16,0.2823599990945249,nan,166,Oskar Blues Brewery,Longmont,CO
1575,585,HGH (Home Grown Hops): P@@@@art Duh,American Strong Ale,12,0.08,70,166,Oskar Blues Brewery,Longmont,CO
1576,565,Deviant Dale's IPA,American Double / Imperial IPA,16,0.08,nan,166,Oskar Blues Brewery,Longmont,CO
1577,391,One Hit Wonder,American Double / Imperial IPA,12,0.09,356.17075723801383,607.8023091517796,Oskar Blues Brewery,Longmont,@@C%O
1578,388,G'KNIGHT (12 oz.),nan,12,0.087,372.872383574805,166,Oskar Blues Brewery,Longmont,CO
1579,,Ten Fidy Imperial Stout,Russian Imperial Stout,12,0.099,98,166,Oskar Blues Brewery,Longmont,CO
1580,24.238219881472723,Mama's Little Yella Pils,Czech Pilsener,12,0.053,152.31336540231064,166,Oskar Blues Brewery,Longmont,CO
1581,6,GUBNA Imperial IPA,nan,12,0.099,100,166,Oskar Blues Brewery,Longmont,CO
1582,5,Old Chub,Scottish Ale,12,nan,35,166,Oskar Blues Brewery,Longmont,CO
1583,4,Gordon Ale (2009),American Double / Imperial IPA,12,0.087,85,166,Oskar Blues Brewery,Longmont,CO
1584,1,Dale's Pale Ale,American Pale Ale (APA),12,0.065,65,,Oskar Blues Brewery,Longmont,CO
1585,,Gordon (2005),American Double / Imperial IPA,12,0.092,85,503,Oskar Blues Brewery,Lyons,CO
1586,804,Ten Fidy Imperial Stout (2008),Russian Imperial Stout,12,0.095,98,503,Oskar Blues Brewery,Lyons,CO
1587,803,Ten?? Fidy Imp%erial Stout (2007),Russian Imperial Stout,12,0.099,98,503,Oskar Blues Brewery,Lyons,CO
1588,787,Old Chub (2008),Scottish Ale,12,0.08,35,503,Oskar Blues Brewery,Lyons,CO
1589,786,Old Chub (2004),Scottish Ale,12,0.08,35,2986.9589525275687,Oskar Blues Brewery,Lyons,CO
1590,785,Old Chub (2003),Scottish Ale,12,0.08,35,503,Oskar Blues Brewery,Lyons,CO
1591,745,,American Pale Ale (APA),12,0.3334972100439525,65,503,Oskar Blues Brewery,Lyons,CO
1592,744,Dale's Pale Ale (2006),American Pale Ale (APA),12,0.065,65,503,Oskar Blues Brewery,Lyons,CO
1593,743,D@@ale's Pale Ale (2004),American Pale Ale (APA),12,0.3621144822693963,65,503,Oskar Blues Brewery,Lyons,CO
1594,742,Dale's Pale Ale (2003),American Pale Ale (APA),12,0.065,312.26869530882936,,Oskar Blues Brewery,Lyons,CO
1595,741,Dale's Pale Ale (2002),American Pale Ale (APA),nan,0.065,65,503,Oskar Blues Brewery,Lyons,CO
1596,734,Leroy (2005),American Brown Ale,12,nan,nan,503,Oskar Blues Brewery,Lyons,CO
1597,733,Gordon Beer (2006),American Double / Imperial IPA,12,0.087,60,503,Oskar Blues Brewery,Lyons,CO
1598,1533,G'KNIGHT,A#merican Double / Imperial IPA,12,nan,85,389,Oskar Blues Brewery (North Carol...,Brevard,NC
1599,1532,Ten Fidy,Russian Imperial Stout,12,0.099,98,389,Oskar Blues Brewery (North Carol...,Brevard,NC
1600,1328,Deviant Dale's IPA,American Double / Imperial IPA,58.768443855642424,0.08,85,389,Oskar Blues Brewery (North Carol...,Brevard,NC
1601,,Old Chub,Scottish Ale,12,0.08,nan,389,Oskar Blues Brewery (North Carol...,Brevard,NC
1602,1166,Dale's Pale Ale,American Pale Ale (APA),nan,0.065,65,389,Oskar Blues Brewery (North Carol...,Brevard,NC
1603,1065,Dale's Pale Ale,American Pale Ale (APA),12,0.065,65,389,Oskar Blues Brewery (North Carol...,Brevard,NC
1604,9542.746741586254,Fresh Slice White IPA,nan,12,0.055,45,275,Otter Creek Brewing,Middle??bury,@@??VT
1605,1946,Overgrown American Pale Ale,American Pale Ale (APA),12,0.055,55,261,,Waterbury,VT
1606,1961,Ozark American Pale Ale,American Pale Ale (APA),nan,0.04,39,259,,Rogers,AR$
1607,5552.996616790882,Hula Hoppie Session IPA,American IPA,12,0.048,nan,341,Palisade Brewing Company,Palisade,CO
1608,927,Dirt%y Hippie Dark Wh#eat,American Dark Wheat Ale,12,0.053,nan,341,Palisade Brewing Company,Palisade,CO
1609,1268,Rustic Red,nan,nan,0.052,23,441,Pateros Creek Brewing Company,Fort Collins,CO
1610,697,Stimulator Pale Ale,American Pale Ale (APA),16,0.053,48,441,Pateros Creek Brewing Company,Fort Collins,CO
1611,696,Old Town Ale,Kölsch,63.6329215538767,0.045,22,1547.211252259267,Pateros Creek Brewing Company,Fort Collins,CO
1612,695,Car 21,English Bitter,16,0.044,137.45425058391774,441,Pateros Creek Brewing Company,Fort Collins,CO
1613,694,Cache La Porter,American Porter,16,0.05,24,1787.929851819545,Pate$ros Cre@@ek Brewing Company,Fort Collins,CO
1614,1805,Rodeo Rye Pale Ale,American Pale Ale (APA),12,0.042,35,307,Payette Brewing Company,Garden City,ID
1615,1048,Outlaw IPA,American IPA,12,0.062,65,307,Payette Brewing Company,Garden City,ID
1616,1043,North Fork Lager,American Pale Lager,12,0.044,nan,307,Payette Brewing Company,Garden City,ID
1617,890,Payette Pale Ale,American Pale Ale (APA),12,0.048,35,,Payette Brewing Company,Garden City,nan
1618,775,Mutton Buster,American Brown Ale,12,0.055,25,1055.8208831522986,Payett@@e Brewing Company#,Garden City,ID
1619,1087,Side Kick Kölsch,Kölsch,53.87699764446133,0.05,nan,468,Peace Tree Brewing Company,Knoxville,nan
1620,1931,Fresh Cut Pilsner,American Pilsner,68.05846304284984,0.046,nan,266,P%eak Organic Brewing Company,Portland,ME
1621,1930,Summe$r?? Session Ale,American Pale Wheat Ale,12,0.05,258.75038782782883,266,P%eak Organic Brewing Company,Portland,ME
1622,2238,Lobo Lito,Light Lager,12,0.04,12,187,Pedernales Brewing Company,Fredericksburg,nan
1623,2144,Robert Earl Keen Honey Pils,American Pilsner,12,0.05,17,1004.9490177550907,Pedernales Brewing Company,,TX
1624,2175,Mound Builder IPA,American IPA,12,nan,77,1050.107602427388,People's Brewing Company,Lafayette,IN
1625,2168,Amazon Princess IPA,American IPA,12,0.062,62,205,People's Brewing Company,Lafayette,IN
1626,1956,Far??mer's Daughte#r Wheat,American Pale Wheat Ale,12,0.042,nan,205,People's Brewing Company,Lafayette,IN
1627,1794,People's Pilsner,German Pilsener,67.46193440963017,0.045,nan,205,People's Brewing Company,Lafayette,IN
1628,2633,Hotbox Brown,Am#erican Brown Ale%,12,0.2212508343970294,nan,13,Perrin Brewing Company,Comstock Park,MI
1629,2632,,American Blonde Ale,12,0.048,15,13,Perrin Brewing Company,Comstock Park,MI
1630,2631,B$@@lack,A#merican Black Ale,12,0.058,nan,13,Perrin Brewing Company,Comstock Park,MI
1631,2630,,American IPA,12,0.065,65,13,Perrin Brewing Company,Comstock Park,MI
1632,2629,Veteran’s Pale Ale (VPA),American Pale Ale (APA),12,nan,40,72.82596502344212,Perrin Brewing Company,Comstock Park,MI
1633,2628,Grapefruit IPA,American IPA,12,0.05,35,13,Perrin Brewing Company,Comstock Park,MI
1634,1062,Pete's ESP Lager (1998),American Pale Lager,12,0.2530361816422632,nan,1435.3680956520784,Pete's Brewing Company,San Antonio,TX
1635,1061,Pete's Wicked Summer Brew (1995),American Pale Wheat Ale,12,0.047,nan,2657.237039460678,,San Antonio,TX
1636,1060,Pete's Wicked Bohemian Pilsner (1997),Czech Pilsener,nan,0.2499363771379537,nan,470,Pete's Brewing Company,San Antonio,TX
1637,1056,Pete's Wicked Pale Ale (1997),Ame%rican Pale Ale %(APA),12,nan,nan,470,Pete's Brewing Company,San Antonio,TX
1638,1055,Pete's Wicked Summer Brew (2002),American Pal@@e Wheat Al@@e,12,0.047,nan,470,Pete's Brewing Company,San Antonio,TX
1639,1054,Pete's Wicked Summer Brew (1997),American Pale Wheat Ale,12,0.047,nan,470,Pete's Brewing Company,San Antonio,TX
1640,1053,Pete's Wicked Summer Brew (1996),American% Pale Wheat Al#e,12,0.047,nan,470,Pete's Brewing Company,San Antonio,TX
1641,2635,Sparkle,American Pale Lager,16,0.041,12,33.084300451572986,Petoskey Brewing,Petoskey,MI
1642,1404,North 45 Amber Ale,American Amber / Red Ale,16,0.059,25,43.08729168605811,,Petoskey,MI
1643,1403,Horny Monk,Dubbel,16,0.069,20,11,Petoskey Brewing,Petoskey,MI
1644,1402,Mind's Eye PA,American IPA,59.1155656541718,0.067,292.0556483378052,11,Petoskey Brewing,Petoskey,MI
1645,2312,Camelback,American IPA,12,0.061,60,157,Phoenix Ale Brewery,Phoenix,AZ
1646,1636,Local 5 Pale Ale,American Pale Ale (APA),16,0.056,nan,355,Pikes Peak Brewing Company,Monument#,??CO
1647,1518,Devils Head Red Ale,American #Amber / Red Ale,16,0.073,nan,355,Pikes Peak Brewing Company,Monument#,??CO
1648,1384,Elephant Rock IPA,American IPA,12,0.07,75,,Pikes Peak Brewing Company,Monument,CO
1649,1797,Black Bay Milk Stout,Milk / Sweet Stout,nan,0.05,nan,1329.6724793970152,Pine Street Brewery,,CA
1650,1437,Atom Splitter Pale Ale,American Pale Ale (APA),12,0.05,nan,310,Pine Street Brewery,San Francisco,CA
1651,1791,Hot Date Ale,Chile Beer,48.8359667986408,0.06,20,314,Piney River Brewing Company,Bucryus,MO
1652,1540,Masked Bandit IPA,American Black Ale,nan,0.07,nan,314,Piney River Brewing Company,Bucryus,MO
1653,1491,Sweet Potato Ale,Fruit / Vegetable Beer,16,0.06,24,314,Piney River Brewing Company,Bucryus,MO
1654,5014.466999018569,Flo??at Trip Ale,American Blonde Ale,16,0.045,18,1246.554456205653,Piney River Brewing Company,Bucryus,MO
1655,847,Old Tom Porter,American Porter,16,0.055,83.6738737828253,314,Piney River Brewing Company,Bucryus,MO
1656,846,Black Walnut Wheat,American Dark Wheat Ale,16,0.045,60.6268461940144,314,Piney River Brewing Company,Bucryus,MO
1657,521,McKinney Eddy Amber Ale,American Amber / Red Ale,16,0.055,20,314,Piney River Brewing Company,Bucryus,MO
1658,479,Mis$souri Mule I#ndia Pale Ale,American IPA,16,0.07,70,314,Piney River Brewing Company,Bucryus,MO
1659,15257.274854952091,Blood of the Unicorn,American Amber / Red Ale,16,0.065,nan,52,Pipeworks Brewing Company,Chicago,IL
1660,1760,GreyBeard�?IPA,American IPA,12,0.069,51,324,Pisgah Brewing Company,Black Mountain,NC
1661,1759,Pisgah Pale Ale,American Pale Ale (APA),12,0.3138276340978011,31,324,Pisgah Brewing Company,Black Mountain,NC
1662,1589,PONTO S.I.P.A.,American IPA,16,0.045,nan,370,Pizza Port Brewing Company,Carlsbad,CA
1663,1457,Chronic Ale,American Amber / Red Ale,16,0.049,nan,370,Pizza Port Brewing Company,Carlsbad,CA
1664,1191,Swami's India Pale Ale,American IPA,16,0.068,nan,370,Pizza Port Brewing Company,Carlsbad,CA
1665,2336,New Cleveland Palesner,American Pilsner,12,0.05,nan,147,Platform Beer Company,Cleveland,nan
1666,2553,Mazzie,American Pale Ale (APA),nan,0.054,45,55,Pollyanna Brewing Company,Lemont,IL
1667,1909,Big Chuck Barleywine,American Barleywine,12,0.099,nan,274,Portside Brewery,Clevel%a??nd,OH
1668,335,Ponderosa IPA,American IPA,12,nan,nan,548,Prescott Brewing Company,Prescott,AZ
1669,64,Liquid Amber Ale,American Amber / Red Ale,nan,nan,nan,548,Prescott Brewing Company,Prescott,AZ
1670,2360,Morning Wood Wheat (Current),American Pale Wheat Ale,12,0.3429019650360293,14,135,Pug Ryan's Brewery,Dillon,CO
1671,1463,Hideout Helles,Munich Helles Lager,60.281274629423265,0.069,17,135,Pug Ryan's Brewery,Dillon,CO
1672,1462,Dead Eye Dunkel,Munich Dunkel Lager,12,0.06,15,,Pug @@#Ryan's Brewery,Dillon,nan
1673,1461,Peacemaker Pilsner,#%Czech Pilsener,nan,0.058,119.09486052358896,,Pug Ryan's Brewery,Dillon,CO
1674,711,Over the Rail Pale Ale,$American Pale $Ale (APA),nan,0.057,68,135,Pug Ryan's Brewery,Dillon,CO
1675,188,Pallavicini Pilsner (2009),Czech Pilsener,12,0.2596151885010752,21,135,Pug Ryan's Brewery,Dillon,CO
1676,130,Morning Wood Wheat (Current),American Pale Wheat Ale,12,0.059,14,135,Pug Ryan's Brewery,Dillon,CO
1677,399,Pyramid Hefeweizen (2011),Hefeweizen,12,0.052,18,544,Pyramid Breweries,Seattle,WA
1678,82,Haywire Hefeweizen (2010),Hefeweizen,16,0.052,18,544,Pyramid Breweries,Seattle,WA
1679,2031,Go@@lden Fleece,#Belgian Pale A%le,12,0.045,35,246,Quest Brewing Company,Greenville,SC
1680,2030,Smoking Mi$r%ror,American Porter,12,0.2871952234398744,30,246,Quest Brewing Company,Greenville,SC
1681,2269,Rahr's ??Blonde,Munich Helles Lager,12,0.046,nan,176,Rahr & Sons Brewing Company,Fort# Worth,TX
1682,2229,Pride of Texas Pale Ale,American Pale Ale (APA),12,0.058,60,176,Rahr & Sons Brewing Company,Fort# Worth,TX
1683,2370,18th Anniversary Gose,Gose,12,0.044,5,128,Real Ale Brewing Company,Blanco,TX
1684,11351.611547578874,W$hite (2015$),Witbier,12,0.1762096281383737,25,128,Real Ale Brewing Company,Blanco,TX
1685,1861,BLAKKR,American Black Ale,12,0.099,85,,Real Ale Brewing Company,Bl%an@@co,TX
1686,1718,Firemans #4 Blonde Ale (2013),American Blonde Ale,12,0.051,21,128,Real Ale Brewing Company,Blanco,TX
1687,1290,The Sword Iron Swan Ale,English Pale Ale,12,nan,nan,128,Real Ale Brewing Company,Blanco,TX
1688,3503.198936501468,,German Pilsener,12,0.053,52,650.9351399532243,Re$al Ale Brewing Company,Blanco,TX
1689,5935.40124653143,Four Squared (2015),American Blonde Ale,12,0.06,50,443.7380158852283,Real Ale Brewing Company,Blanco,TX
1690,830,,American Blonde Ale,12,0.051,21,128,Real Ale Brewing Company,Blanco,TX
1691,,Watership Brown Ale,American Brown Ale,12,0.072,55,,Red Hare Brewing Company,Marietta,GA
1692,938,Gangway IPA,American IPA,12,0.062,55,,Red Hare Brewing Company,Marietta,GA
1693,715,Long Day Lager,nan,12,0.049,nan,475,Red Hare Brewing Company,Marietta,GA
1694,2516,Farmer's Daughter Blonde,American Blonde Ale,77.27466468721136,0.051,68.52159898335937,68,Red Shedman Farm Brewery and Hop...,Mt. Airy,MD
1695,2515,Pump House IPA,American IPA,16,0.055,45,68,Red Shedman Farm Brewery and Hop...,Mt. Airy,MD
1696,2514,Suicide Blonde IPA,Belgian IPA,16,0.07,nan,68,Red Shedman Farm Brewery and Hop...,Mt. Airy,MD
1697,2513,Vanilla Porter,American Porter,16,0.047,25,68,Red Shedman Farm Brewery and Hop...,Mt. Airy,MD
1698,2512,Honey Rye,Rye Beer,16,0.058,18,373.20859772543264,Red Shedman Farm Brewery and Hop...,Mt. Airy,MD
1699,1467,Happy Cider,Cider,16,0.055,nan,403,Red Tank Cider Company,Bend,OR
1700,945,Long Hammer IPA,American IPA,16,0.065,44,487,Redhook Brewery,Woodinville,WA
1701,583,Long Hammer IPA,American IPA,12,0.065,44,,Redhook$ Brewe#ry,Woodinville,WA
1702,1226.2755793457898,Copper Hook (2011),American Amber / Red Ale,12,0.058,27,487,Redhook Brewery,Woodinville,WA
1703,,Nectar of the Hops,Mead,16,0.08,nan,421,Redstone Meadery,Boulder,CO
1704,1374,Sunshine Nectar,Mead,16,0.08,nan,421,Redstone Meadery,Boulder,CO
1705,1373,Black Raspberry Nectar,Mead,16,0.08,nan,421,Redstone Meadery,Boulder,CO
1706,7825.411561676826,Blood Orange Wit,Witbier,16,0.05,86.30356384699479,225,Refuge Brewery,,CA
1707,2414,Consilium,American Pale Ale (APA),12,0.05,40,110,Renegade Brewing Company,Denver,CO
1708,1581,,Russian Imperial Stout,12,0.09,60,110,Renegade Brewing Company,Denver,CO
1709,1176,Reda??cted Rye IPA,American IPA,16,nan,nan,110,Renegade Brewing Company,Denver,CO
1710,1006,Elevation Triple India Pale Ale,American D%ouble / Imperial IPA,12,nan,100,110,Renegade Brewing Company,Denver,CO
1711,3498.1294968066923,5:00 O'Clock Afternoon Ale,American Blonde Ale,16,0.05,25,110,Renegade Brewing Company,Denver,CO
1712,636,Ryeteous Rye IPA (2012),American IPA,16,0.07,100,110,Renegade Brewing Company,Denver,CO
1713,1538,Stout Ol' Friend,American% Sto$ut,16,0.064,nan,386,Revolution Brewing,Paonia,CO
1714,4563.486099451401,Stout Ol' Friend (2012),American Stout,16,0.064,nan,386,Revolution Brewing,Paonia,CO
1715,710,Rye Porter,American Porter,16,nan,nan,2251.2628666666683,Revolution Brewing,Paonia,nan
1716,709,Miner's Gold,American Blonde Ale,16,0.05,nan,386,Revolution Brewing,Paonia,CO
1717,708,Vienna Lager,Vienna Lager,16,0.171820321488494,nan,386,Revolution Brewing,Paonia,CO
1718,2595.373079725066,Jessie's Garage,American Pale Ale (APA),16,0.056,nan,386,Revolution Brewing,Paonia,CO
1719,220,Colorado Red Ale,American Amber / Red Ale,12,0.062,nan,386,Revolution Brewing,Paonia,CO
1720,219,Miner's Gold,American Blonde Ale,12,nan,nan,386,Revolution Brewing,Paonia,CO
1721,2576,Fist City,American Pale Ale (APA),12,0.055,40,44,Revolution Brewing Company,Chicago,IL
1722,4877.503198264592,A Little Crazy,Belgian Pale Ale,12,0.068,nan,166.46095278429607,Revolution Brewing Company,Chicago,IL
1723,609,Rosa Hibiscus Ale,Herbed / Spiced Beer,12,0.058,15,44,Revolution Brewing Company,Chicago,IL
1724,418,Fistmas Ale,Herbed / ??S??piced Beer,12,0.061,31,44,Revolution Brewing Company,Chicago,IL
1725,417,Oktoberfest Revolution,Märzen / Oktoberfest,12,0.057,25,44,Revolution Brewing Company,Chicago,IL
1726,416,Eugene Porter,American Porter,12,0.068,28,44,Revolution Brewing Company,Chicago,IL
1727,415,Anti-Hero IPA,American IPA,12,0.065,70,44,Revolution Brewing Company,Chicago,IL
1728,2121.1337514897155,,Witbier,12,0.05,14,44,Revolution Brewing Company,Chicago,IL
1729,2452,Hustle,American Am??b#er / Red Ale,12,0.057,42,,Rhinegeist Brewery,Cincinnati,nan
1730,13425.970300124813,Pure Fury,nan,12,0.055,nan,93,Rhinegeist Brewery,Cincinnati,OH
1731,2132,Dad,American Amber / Red Ale,12,0.06,60,93,Rhinegeist Brewery,Cincinnati,OH
1732,1993,Panther,American Porter,12,0.058,35,93,Rhinegeist Brewery,Cincinnati,OH
1733,1992,Franz,Märzen / Oktoberfest,12,0.052,21,93,Rhinegeist Brewery,Cincinnati,OH
1734,1935,Z??en,American Pale Ale (APA),12,0.1629536737539516,45,93,Rhinegeist Brewery,Cincinnati,OH
1735,1852,Truth,American IPA,12,0.072,276.76115752385124,93,Rhinegeist Brewery,Cincinnati,OH
1736,1851,,American Blonde Ale,61.99147404442063,0.048,25,93,Rhinegeist Brewery,Cincinnati,OH
1737,2307,Smooth Operato??r,Cream Ale,16,0.038,nan,162,Right Brain Brewery,Traverse City,MI
1738,2580,Gose,@@Gose,16,0.035,nan,42,Rising Tide Brewing Company,Portland,ME
1739,1807,Maine Island Trail Ale,American Pale Ale (APA),16,0.043,nan,42,Rising Tide Brewing Company,Portland,ME
1740,1180,River North White Ale,Witb$ier,16,0.05,nan,459,River North Brewery,Denver,CO
1741,1179,River North Ale,American Amber / Red Ale,16,0.05,nan,459,River North Brewery,Denver,CO
1742,1771,Lil SIPA,American IPA,16,0.05,55,321,Rivertown Brewing Company,Lockland,OH
1743,1654,Hop Bomber Rye Pale Ale,American Pale Ale (APA),16,nan,187.35966633759887,321,Rivertown Brewing Company,Lockland,OH
1744,2579,Jah Mon,American IPA,12,0.05,100,213.87125107611547,Rivertowne Brewing Company,Export,PA
1745,2373,Oktoberfest,Märzen / Oktoberfest,12,0.062,nan,43,Rivertowne Brewing Company,Export,PA
1746,2049,Headless Wylie,Pumpkin Ale,12,0.08,nan,43,Rivertowne Brewing Company,Export,PA
1747,2048,Dayman IPA,American IPA,12,0.05,nan,43,Rivertowne Brewing Company,Export,PA
1748,1880,All Aboard! Anniversary Stout,Oatmeal Stout,12,nan,nan,43,Rivertowne Brewing Company,Export,PA
1749,1879,Hop Lace,American White IPA,nan,0.062,nan,43,Rivertowne Brewing Company,Export,PA
1750,1878,OH-PA Session Pale Ale,American Pale Ale (APA),12,0.048,nan,43,Rivertowne Brewing Company,Export,PA
1751,1877,Patrick's Poison,American Amber / Red Ale,12,0.08,nan,43,Rivertowne Brewing Company,Export,PA
1752,1764,Rudolph's Red,American Amber / Red Ale,12,0.3343583692492224,nan,43,Rivertowne Brewing Company,Export,PA
1753,1103,Babbling Blonde,nan,12,0.053,nan,,Rivertowne Brewing Company,Export,PA
1754,,Maxwell's Scottish Ale,Scottish Ale,12,0.051,nan,43,Rivertowne Brewing Company,Export,PA
1755,1101,Grateful White,W$itbie@@r,12,0.061,nan,43,Rivertowne Brewing Company,Export,PA
1756,1100,$RT L$ager,American Amber / Red Lager,12,0.055,nan,43,Rivertowne Brewing Company,Export,PA
1757,1099,Old Wylie's IPA,American IPA,12,0.062,nan,43,Rivertowne Brewing Company,Export,PA
1758,1098,Hala Kahiki Pineapple Beer,Fruit / Vegetable Beer,12,0.048,nan,43,Rivertowne Brewing Company,Export,PA
1759,3996.980555071774,Track 1 Amber Lager,American Amber / Red Lager,16,0.045,nan,427,Roanoke Railhouse Brewery,Roanoke,nan
1760,2074,Pine Knob Pilsner,Czech Pilsener,16,0.053,nan,229,Rochester Mills Brewing Company,Rochester,MI
1761,1724,Cal and Co. Black Cherry Porter,American Porter,16,nan,nan,229,Rochester Mills Brewing Company,Rochester,MI
1762,1280,Lazy Daze Lager,American Adjunct Lag??er,92.67928440284076,0.055,nan,229,Rochester Mills Brewing Company,Rochester,MI
1763,899,Rochester Red Ale,American Amber / Red Ale,16,0.059,nan,,Rochester Mills Brewing Company,Rochester,MI
1764,1833.7096035869824,Milkshake Stout,Milk / Sweet Stout,16,0.05,nan,229,Rochester Mills Brewing Company,Rochester,MI
1765,158,Cornerstone IPA,American IPA,16,0.07,nan,229,Rochester Mills Brewing Company,Rochester,MI
1766,97,Lazy Daze Lager,American Adjunct Lager,12,0.055,nan,229,Rochester Mills Brewing Company,Rochester,MI
1767,1860,Rogue American Amber Ale,A@@merican Amber ??/ Red Ale,16,0.1790695401349004,nan,289,Rogue Ales,Newport,OR
1768,1577,12th Round,American Strong Ale,16,0.076,nan,376,RoughTail Brewing Company,Midwest City,OK
1769,1576,RoughTail IPA,American IPA,16,0.07,80,376,RoughTail Brewing Company,Midwest City,OK
1770,1575,Polar Night Stout,American Stout,49.81547562935491,0.08,nan,376,RoughTail Brewing Company,Midwest City,OK
1771,2304,Sundown,Saison / Farmhouse Ale,12,0.071,36,164,Round Guys Brewing,Lansdale,PA
1772,2249,Sanctified,Belgian Strong Pale Ale??,12,0.099,nan,164,Round Guys Brewing,Lansdale,PA
1773,,Fear of a Brett Planet,American Pale Ale (APA),12,0.051,nan,164,Round Guys Brewing,Lansdale,PA
1774,1842,Original Slacker Ale,English Brown Ale,12,0.056,171.8030626617959,164,Round Guys Brewing,Lansdale,PA
1775,1841,Alpha Blackback,American Black Ale,12,0.072,nan,164,Round Guys Brewing,Lansdale,PA
1776,1782,Kiss Off IPA,America$n IPA,12,nan,nan,164,Round Guys Brewing,Lansdale,PA
1777,1552,Dog Days Summer Ale,Kölsch,12,0.045,28,164,Round Guys Brewing,Lansdale,PA
1778,1479,,American Amber / Red Ale,12,0.056,35,397,Ruhstaller Beer Company,Sacramento,CA
1779,1478,CAPT Black IPA,American Black Ale,12,0.073,55,397,Ruhstaller Beer Company,Sacramento,CA
1780,1370,Ruhstaller's% G??ilt Edge Lager Beer,American Amber / Red Lager,12,0.048,42,397,Ruhstaller Beer Company,Sacramento,CA
1781,883,,nan,nan,0.073,nan,397,Ruhstaller Beer Company,Sacramento,CA
1782,882,1881 California Red Ale,American Amber / Red Ale,16,0.1792482314141901,130.38588070711256,,Ruhstaller Beer Company,Sacramento,CA
1783,1868,Saint Archer White Ale,Witbier,nan,0.05,15,288,Saint Archer Brewery,San Diego,CA
1784,1867,Saint Archer IPA,American IPA,12,0.068,362.6918309027812,288,Saint Archer Brewery,San Diego,CA
1785,1865,Saint Archer Pale Ale,American Pale Ale (APA),12,0.052,nan,288,Saint Archer Brewery,San Diego,CA
1786,1864,,Kölsc#h,69.70676338540432,0.1779079157995489,22,288,Saint Archer Brewery,San Diego,CA
1787,2599,Sex Panther,American Porter,12,0.069,20,30,SanTan Brewing Company,Chandler,AZ
1788,2073,Winter Warmer (Vault Series),Winter Warmer,16,0.095,25,30,SanTan Brewing Company,Chandler,AZ
1789,2063,Count Hopula (Vault Series),American Double / Imperial IPA,16,0.091,99,30,SanTan Brewing Company,Chandler,AZ
1790,1995,,Märzen / Oktoberfest,12,0.055,nan,30,SanTan Brewing Company,Chandler,AZ
1791,1934,SunSpot Golden Ale,American Blonde Ale,12,0.05,15,30,SanTan Brewing Company,Chandler,AZ
1792,1329,I.W.A. (2011),American Pale Wheat Ale,12,0.06,nan,30,SanTan Brewing Company,Chandler,AZ
1793,1299,Supermonk I.P.A.,Belgian IPA,12,0.065,nan,122.57776878420093,SanTan Brewing Company,Chandler,AZ
1794,1073,Epicenter Amber Ale,American Amber / Red Ale,12,0.2029704677384546,20,30,SanTan Brewing Company,Chandler,AZ
1795,1072,SanTan HefeWeizen,Hefeweizen,12,0.05,15,30,SanTan Brewing Company,Chandler,AZ
1796,1071,Hop Shock IPA,American IPA,12,0.07,85,30,SanTan Brewing Company,Chandler,AZ
1797,852,Sex Panther (2014),American Porter,12,0.069,20,30,SanTan Brewing Company,Chandler,AZ
1798,4145.431149375566,Devil’s Ale,American Pale Ale (APA),62.10386675925889,0.055,45,30,SanTan Brewing Company,Chandler,AZ
1799,839,Rail Slide Imperial Spiced Ale,Herbed / Spiced Beer,12,0.081,nan,30,SanTan Brewing Company,Chandler,AZ
1800,2596.510863520747,Mr. Pineapple,Fruit / V??egetable Bee@@r,12,0.05,20,30,SanTan Brewing Company,Chandler,AZ
1801,764,Ameri??can Idiot Ale (2012),American Pale Ale (APA),12,0.055,45,,SanTan Brewing Company,Chandler,AZ
1802,317,Hop Shock IPA (2010),American IPA,12,0.07,85,30,SanTan Brewing Company,Chandler,AZ
1803,286,SanTan HefeWeizen (2010),Hefeweizen,12,0.05,nan,30,SanTan Brewing Company,Chandler,AZ
1804,285,Devil’s Ale (2010),American Pale Ale (APA),52.22623428562412,0.055,45,30,SanTan Brewing Company,Chandler,AZ
1805,124,,American Amb??er / Red Ale,12,0.055,20,30,SanTan Brewing Company,Chandler,AZ
1806,1392,Sanitas Saison Ale,Saison / Farmhouse Ale,12,0.058,20,419,Sanitas #Brewing Compan@@y,Bould$er,CO
1807,1391,Sanitas Black IPA,American Black Ale,12,0.068,65,419,Sanitas #Brewing Compan@@y,Bould$er,CO
1808,2002,Giant DIPA,American Double / Imperial IPA,16,0.089,88,252,Santa Cruz Mountain Brewing,Santa Cruz,CA
1809,1683,Dread Brown Ale,nan,12,0.054,nan,252,Santa Cruz Mountain Brewing,Santa Cruz,CA
1810,1362,Casinos IPA,English India Pale Ale (IPA),nan,0.07,nan,,Santa Cruz Mountain Brewing,Santa Cruz,CA
1811,1519,Saison 88,Saison / Farmhouse Ale,12,0.055,104.09510763794742,392,Santa Fe Brewing Company,Santa Fe,NM
1812,967,Black IPA,American Black Ale,12,0.071,95,1524.0993552031287,Santa Fe Brewing Company,Santa Fe,NM
1813,599,Santa Fe Irish Red Ale,nan,12,0.045,nan,2124.9799526348065,Santa Fe Brewing Company,Santa Fe,NM
1814,307,San$ta Fe Oktoberfest,Märzen / Oktoberfest,12,nan,nan,392,Santa Fe Brewing Company,Santa Fe,NM
1815,305,Imperial Java Stout,Russian Imperial Stout,12,0.08,nan,392,Santa Fe Brewing Company,Santa Fe,NM
1816,304,Freestyle Pilsner,German Pilsener,12,0.055,nan,392,Santa Fe Brewing Company,Santa Fe,NM
1817,217,,American IPA,12,0.066,nan,392,Santa Fe Brewing Company,Santa Fe,NM
1818,1477,Oval Beach Blonde Ale,American Blonde Ale,nan,0.05,11,398,Saugatuck Brew%ing Company,Douglas,MI
1819,1503,Oak Aged Cider,Cider,12,0.065,nan,394,Schilling & Company,Seattle,WA
1820,1466,Ginger Cider,Cider,12,0.065,nan,394,Schilling & Company,Seattle,WA
1821,1245,Schilling Hard Cider,Cider,12,0.065,nan,394,Schilling & Company,Seattle,WA
1822,1324,Schlafly Yakima Wheat Ale,American Pale Wheat Ale,12,0.05,45,428,Schlafly Brewing Company,Saint Louis,MO
1823,1323,Schlafly Black Lager,Schwarzbier,12,0.05,nan,,Schlafly Brewing Company,Saint Louis,MO
1824,5491.547006879612,Schlafly IPA,Americ%%an IPA,12,0.045,30,428,Schlafly Brewing Company,Saint Louis,MO
1825,1077,Schlafly American Brown Ale,American Brown Ale,12,0.05,30,428,Schlafly Brewing Company,Saint Louis,MO
1826,588,Sc#hlafly Hefewei%zen,Hefeweizen,12,0.041,16,428,Schlafly Brewing Company,Saint Louis,MO
1827,53,Schlafly Summer Lager,Munich Helles Lager,12,0.1968206235033746,nan,428,Schlafly Brewing Company,Saint Louis,MO
1828,815,Sea Dog Wild Blueberry Wheat Ale,Fruit / Vegetable Beer,12,0.047,nan,502,Sea Dog Brewing Company,Portland,ME
1829,1302,Blur India Pale Ale,American IPA,12,0.074,60,432,Seabright Bre@@wery,S#anta Cr%uz,CA
1830,1416,Dry Cider,Cider,64.04338863446841,0.065,nan,411,Seattle Cider Company,Seattle,WA
1831,1415,Dry Hard Cider,Cider,16,0.339835691773019,nan,411,Seattle Cider Company,Seattle,WA
1832,918,Frankenlou's IPA,American IPA,16,0.07,105,494,Seven Brides Brewery,Silverton,??OR#
1833,917,Becky's Black Cat Porter,American Porter,16,0.07,55,494,Seven Brides Brewery,Silverton,??OR#
1834,2250,Seventh Son of a Seventh Son,American Strong Ale,16,0.2874030285894215,40,183,Seventh Son Brewing Company,Columbus,OH
1835,1768,Stone Fort Brown Ale,English Brown Ale,16,0.053,20,183,Seventh Son Brewing Company,Columbus,OH
1836,1767,Seventh Son Hopped Red Ale,American Amber / Red Ale,16,0.077,40,,Seventh Son Brewing Company,Columbus,OH
1837,1766,Humulus Nimbus Super Pale Ale,American Pale Ale (APA),nan,0.3102453551053152,53,921.4458519506218,Seventh Son Brewing Company,Columbus,OH
1838,1765,Golden Ratio IPA,American IPA,16,0.07,68,183,Seventh Son Brewing Company,Columbus,OH
1839,7795.787906912695,Black Hop IPA,Americ$an Black$ Ale,12,0.068,nan,747.3072350592303,Shebeen Brewing?? Company,Wo??lcott,CT
1840,738,Archer's Ale (2004),English Pale Ale,12,0.05,nan,,Sherwood Forest Brewers,Marlborough,MA
1841,1539,Monkey Fist @@IPA,American IPA,12,0.069,65,385,Shipyard Brewing Company,Portland,ME
1842,975,Shipyard Summer Ale,American Pale Wheat Ale,12,0.051,nan,385,Shipyard Brewing Company,Portland,ME
1843,814,Pumpkinhead Ale,nan,12,0.047,nan,385,Shipyard Brewing Company,Portland,ME
1844,727,Shipyard Export,$American Blonde Ale,12,0.051,nan,385,Shipyard Brewing Company,Portland,ME
1845,2474,Noon??er,German Pilsener,12,nan,nan,83,Sierra Nevada Brewing Company,Chico,CA
1846,2239,Torpedo,American IPA,12,0.072,65,83,Sierra Nevada Brewing Company,Chico,CA
1847,1919,Yonder Bock,Maibock / Helles Bock,12,0.06,nan,308.4651700453281,Sierra Nevada Brewing Company,Chico,CA@@
1848,1918,CANfusion Rye Bock,Rye Beer,12,0.06,nan,83,Sierra Nevada Brewing Company,Chico,CA
1849,1905,Sierra Nevada Pale Ale,American Pale Ale (APA),nan,0.056,209.22289016523408,83,Sierra Nevada Brewing Company,Chico,CA
1850,1338,Old Chico Crystal Wheat,American Pale Wheat Ale,12,0.048,26,83,Sierra Nevada Brewing Company,Chico,CA
1851,1295,Summerfest,Czech Pilsener,12,0.05,28,83,Sierra Nevada Brewing Company,Chico,CA
1852,426,Torpedo,American IPA,16,0.072,65,83,Sierra Nevada Brewing Company,Chico,CA
1853,400,Sierra Nevada Pale Ale,American Pale Ale (APA),12,0.056,nan,,,Chico,CA
1854,2353,Sietsema Red Label,Cider,16,0.069,nan,137,Sietsema Orchards and Cider Mill,Ada,@@MI%
1855,212,Bear Ass Brown,American Brown Ale,12,0.042,nan,551,Silverton Brewery,Silverton,??#CO
1856,161,Red Mounta@@in Ale$,American Amber / Red Ale,12,0.06,nan,2701.310120768138,Silverton Brewery,Silverton,$$CO
1857,160,Ice Pick Ale,American IPA,12,0.2724307235346274,nan,551,Silverton Brewery,Silverton,??#CO
1858,2574,4Beans,Baltic Porter,12,0.1,52,46,Sixpoint Craft Ales,Brooklyn,NY
1859,2479,Jammer,Gose,12,0.042,73.9066437413195,46,Sixpoint Craft Ales,Brooklyn,NY
1860,2443,Abigale,Belgian Pale Ale,47.18092795122728,0.08,nan,46,Sixpoint Craft Ales,Brooklyn,NY
1861,2266,Rad,Fruit / Vegetable Beer,16,0.1219461335865148,7,46,Sixpoint Craft Ales,Brooklyn,NY
1862,2090,Bengali,American IPA,97.3723890201384,0.065,62,46,Sixpoint Craft Ales,Brooklyn,NY
1863,1962,Sensi Harvest,American Pale Ale (APA),12,0.047,50,46,Sixpoint Craft Ales,Brooklyn,NY
1864,1696,Hi-Res,American Double / Imperial IPA,36.98228403378664,0.099,111,46,Sixpoint Craft Ales,Brooklyn,NY
1865,1608,Global %Warmer,American Strong Ale,12,0.07,70,46,Sixpoint Craft Ales,Brooklyn,NY
1866,1591,Autumnation (2013),American IPA,16,0.067,74,46,Sixpoint Craft Ales,Brooklyn,NY
1867,1388,The Crisp,German Pilsener,16,0.054,42,,Sixpoint Craft Ales,Brooklyn,NY
1868,1387,Sweet Action,Cream Ale,16,0.052,34,,Sixpoint Craft Ales,Brooklyn,NY
1869,1386,Righteous Ale,Rye Beer,88.39406948995729,0.063,57,46,Sixpoint Craft Ales,Brooklyn,NY
1870,1385,Bengali Tige%r??,American IPA,16,0.064,62,46,Sixpoint Craft Ales,Brooklyn,NY
1871,1020,3Beans,Baltic Porter,12,0.099,85,46,Sixpoint Craft Ales,Brooklyn,NY
1872,,Brownstone,American Brown Ale,16,0.059,47,46,Sixpoint Craft Ales,Brooklyn,NY
1873,630,Apollo,American Pale Wheat Ale,16,0.052,11,46,Sixpoint Craft Ales,Brooklyn,NY
1874,629,Harbinger,Saison / Farmho%u#se Ale,16,0.049,35,46,Sixpoint Craft Ales,Brooklyn,NY
1875,628,Resin,American Double / Imperial IPA,12,0.5168608163530329,103,46,Sixpoint Craft Ales,Brooklyn,NY
1876,525,Diesel,American Stout,16,0.063,69,46,Sixpoint Craft Ales,Brooklyn,NY
1877,512,Autumnation (2011-12) (2011),Pumpkin @@Ale,16,0.06,48,46,Sixpoint Craft Ales,Brooklyn,NY
1878,425,The Crisp (2011),German Pilsener,16,0.054,42,46,Sixpoint Craft Ales,Brooklyn,NY
1879,424,Sweet Action (2011),Cream Ale,16,0.052,nan,46,Sixpoint Craft Ales,Brooklyn,NY
1880,423,Righteous$ Ale (@@2011),Ry%e Beer,16,0.063,171.79386034011597,46,Sixpoint Craft Ales,Brooklyn,NY
1881,422,Bengali Tiger (2011),American IPA,16,0.064,62,46,Sixpoint Craft Ales,Brooklyn,NY
1882,1942,Rudie Session IPA,American IPA,12,0.045,nan,264,Ska Brewing Company,Durango,CO
1883,1708,Tas??ter's Choice,Doppelbock,12,0.074,nan,264,Ska Brewing Company,Durango,CO
1884,1521,Modus Hoperandi,American IPA,12,0.3546455963206676,65,264,Ska Brewing Company,Durango,CO
1885,1297,Estival Cream Stout,American Stout,12,nan,15,1280.9418141620788,Ska Brewing Company,Durango,CO
1886,1192,Vernal Minthe Stout,American Stout,12,0.058,nan,264,Ska Brewing Company,Durango,CO
1887,1013,Hibernal Vinifera Stout,For@@eign / Export Stout,12,0.08,nan,264,Ska Brewing Company,Durango,CO
1888,774,,American Stout,12,nan,nan,264,Ska Brewing Company,Durango,CO
1889,386,Mexican Logger,American Pale Lager,12,0.2241930680720051,18,264,Ska Brewing Company,Durango,CO
1890,70,True Blonde Ale,American Blonde Ale,69.72441474168627,0.053,nan,958.8235566094763,Ska Brewing Company,Durango,CO
1891,69,Euphoria Pale Ale,American Pale Ale (APA),12,0.061,nan,264,Ska Brewing Company,Durango,CO
1892,68,ESB Special Ale,Extra Special / Strong Bitter (ESB),12,0.057,58,264,Ska Brewing Company,Durango,CO
1893,67,Modus Hoperandi,nan,12,0.068,65,264,Ska Brewing Company,Durango,CO
1894,1792,,American Amber / Red Ale,12,0.058,39,1487.005398312064,Slanted Rock Brewing Company,Meridian,ID
1895,5264.5227122123615,Initial Point India Pale Ale,American IPA,12,0.071,92,313,Slanted Rock Brewing Company,Meridian,ID
1896,2537,Monkey Dancing On A Razor Blade,Be%lgian IPA,24,0.085,nan,64,SlapShot Brewing Company,Chicago,#IL
1897,2536,Tripel Deke,Tripel,24,0.3980193046600926,nan,64,SlapShot Brewing Company,Chicago,#IL
1898,166.33801775563597,Urban Wilderness Pale Ale,English Pale Ale,12,0.049,nan,557,Sleeping Lady Brewing Company,Anchorage,AK
1899,2305,Homefront IPA,American IPA,12,0.2006284754206394,70,163,Sly Fox Brewing Company,Phoenixville,@@PA
1900,6237.219572625796,Sly Fox Christmas Ale 2013,Winter Warmer,12,0.055,16,1547.0937187028123,Sly Fox Brewing Company,Pottstown,PA
1901,1363,Grisette,Grisette,nan,0.056,25,371,Sly Fox Brewing Company,Pottstown,PA
1902,1211,360° India Pale Ale,American IPA,12,0.062,nan,1537.059494856444,Sly Fo%x Brewin@@g Company,Pottstown,PA
1903,1123,Helles Golden Lager,Munich Helles Lager,12,0.049,18,371,Sly Fox Brewing Company,Pottstown,PA
1904,926,Sly Fox Christmas Ale 2012 (2012),Winter Warmer,12,0.055,16,371,Sly Fox Brewing Company,Pottstown,PA
1905,894,Ody??ssey Imperial IPA,American Double / Imperial IPA,12,0.4318950167569851,90,371,Sly Fox Brewing Company,Pottstown,PA
1906,166,Oktoberfest Lager,Märzen / Oktoberfest,12,0.058,25,371,Sly Fox Brewing Company,Pottstown,PA
1907,24,113 IPA,American IPA,12,0.07,113,,Sly Fox Brewing Company,Pottstow%n,??PA
1908,23,Dunkel $Lag??er,Munich Dunkel Lager,12,0.053,21,371,Sly Fox Brewing Company,Pottstown,PA
1909,22,Royal Weisse% Ale??,Hefeweizen,nan,0.2162189790589022,11,371,Sly Fox Brewing Company,Pottstown,PA
1910,21,Pikeland Pils,German Pilsener,12,0.049,44,371,Sly Fox Brewing Company,Pottstown,PA
1911,20,Phoenix Pale Ale,American Pale Ale (APA),nan,0.051,40,371,Sly Fox Brewing Company,Pottstown,PA
1912,2407,Rule G IPA,American IPA,12,0.07,88,115,Smartmouth Brewing Company,Norfolk,VA
1913,,Murphy's Law,A@@merican Amber / Red Ale,12,0.2401269898922068,35,115,Smartmouth Brewing Company,Norfolk,VA
1914,2405,Alter Ego,Saison / Farmhouse Ale,12,0.062,33,115,Smartmouth Brewing Company,Norfolk,VA
1915,2234,Monarch Pilsner,American Pilsner,12,0.05,nan,191,Snake River Brewing Company,Jackson,WY
1916,1606,Snow King Pale Ale,American Pale Ale (APA),12,0.06,55,191,Snake River Brewing Company,Jackson,WY
1917,617,Zo#nke%r Stout,Foreign / Export Stout,12,0.054,36,191,Snake River Brewing Company,Jackson,WY
1918,407,OB-1 Organic Ale,English Brown Ale,12,0.05,22,191,Snake River Brewing Company,Jackson,WY
1919,406,Snake River Lager,Vienna Lager,12,0.05,18,191,Snake River Brewing Company,Jackson,WY
1920,402,Snake River Pale Ale,American Pale Ale (APA),12,0.052,32,191,Snake River Brewing Company,Jackson,WY
1921,393,Pako’s EyePA,American IPA,12,0.068,60,191,Snake River Brewing Company,Jackson,WY
1922,1798,Thanksgiving Ale,Kölsch,12,0.05,nan,309,Sockeye Brewing Company,Boise,ID
1923,1655,Double Dagger Imperial IPA,American Double / Imperial IPA,12,0.092,nan,309,Sockeye Brewing Company,Boise,ID
1924,1596,Dagger Falls IPA,American IPA,12,0.063,100,309,Sockeye Brewing Company,Boise,ID
1925,1595,Dagger Falls IPA,Am??er#ican IPA,39.364920032269026,0.063,100,309,Sockeye Brewing Company,Boise,ID
1926,1482,Socktoberfest,Märzen / Oktoberfest,16,0.06,nan,309,Sockeye Brewing Company,Boise,ID
1927,1447,,American Double / Imperial IPA,12,0.079,nan,309,Sockeye Brewing Company,Boise,ID
1928,1425,Ba#rrel Aged Seven Devils Imperial Stout,American Double / Imperial Stout,12,0.4557931283586378,nan,1338.6782158338146,Sockeye Brewing Company,Boise,ID
1929,1424,Boise Co-Op Two Score Ale,Saison / Farmhouse Ale,nan,0.055,nan,309,Sockeye Brewing Company,Boise,ID
1930,1298,Sockeye Belgian Style Summer Ale,Witbier,16,0.05,nan,309,Sockeye Brewing Company,Boise,ID
1931,1181,Sockeye Maibock,Maibock / Helles Bock,12,0.064,nan,309,Sockeye Brewing Company,Boise,ID
1932,1160,Old Devil's Tooth,American Barleywine,12,0.099,361.01030391080286,309,Sockeye Brewing Company,Boise,ID
1933,1152,Galena Golden,American Blonde Ale,12,0.043,nan,309,Sockeye Brewing Company,Boise,ID
1934,1151,Hell-Diver Pale Ale,American Pale Ale (APA),12,0.052,32,309,Sockeye Brewing Company,Boise,ID
1935,1150,Woolybugger Wheat,American Pale Wheat Ale,12,0.046,12,1296.1838615927702,Sockeye Brewing Company,Boise,ID
1936,1076,Power House Porter,Am#erican P%orter,12,0.057,nan,309,Sockeye Brewing Company,Boise,ID
1937,995,Winterfest,American Strong Ale,16,0.084,90,309,Sockeye Brewing Company,Boise,ID
1938,879,Dagger Falls IPA,American IPA,nan,0.063,100,309,Sockeye Brewing Company,Boise,ID
1939,1972,LuckenBock,Bock,16,0.07,18,776.173923685644,South Austin Brewery,South Austin,TX
1940,1971,Texas Pale Ale (TPA),American IPA,16,0.055,40,257,South Austin Brewery,South Austin,TX
1941,1970,6 String Saison,Saison / Far??mho$use Ale,80.53348070076298,0.08,nan,257,South Austin Brewery,South Austin,TX
1942,1969,Kol' Beer,Kölsch,16,0.05,22,257,South Austin Brewery,South Austin,TX
1943,2024,M%ontauk Light,Li$ght Lag@@er,12,0.1729173674397817,nan,249,Southampton Publick House,Southampton,$NY??
1944,1283,Na Zdraví Pilsner,Czech Pilsener,16,0.1752603378183593,32,436,Southern Oregon Brewing Company,Medford,OR
1945,1282,Nice Rack IPA,American IPA,nan,nan,65,436,Southern Oregon Brewing Company,Medford,OR
1946,2362,2014 IPA Cicada Series,American IPA,16,0.075,72,133,Southern Prohibition Brewing Com...,Hattiesburg,MS
1947,2346,Sinister Minister Black IPA,American IPA,16,0.077,nan,133,Southern Prohibition Brewing Com...,Hattiesburg,MS
1948,2320,Jack the Sipper,Ext#ra Special / Strong Bitter (ESB),12,0.053,265.6701744551062,133,Southern Prohibition Brewing Com...,Hattiesburg,MS
1949,2297,Devil's Harvest Extra Pale Ale,American Pale Ale (APA),12,0.058,60,133,Southern Prohibition Brewing Com...,Hattiesburg,MS
1950,2296,$Suzy B Dirty Blonde Ale@@,American Blonde Ale,55.58738425853387,0.05,20,133,Southern Prohibition Brewing Com...,Hattiesburg,MS
1951,1745,Mississippi Fire Ant,American Amber / $Red Ale,16,0.3827790055598875,80,133,Southern Prohibition Brewing Com...,Hattiesburg,MS
1952,1120,Hipster Breakfast,Oatmeal Stout,16,0.058,40,437.69809170177257,Southern Prohibition Brewing Com...,Hattiesburg,MS$
1953,1118,Suzy B Dirty Blonde Ale,American Blonde Ale,16,0.05,20,133,Southern Prohibition Brewing Com...,Hattiesburg,MS
1954,1117,Devil's Harvest Extra Pale Ale,American Pale Ale (APA),16,0.058,333.4401283738851,,Southern Prohibition Brewing Com...,Hattiesburg,MS
1955,2387,Pine Belt Pale Ale,nan,12,0.3473933622269936,45,,Southern Star Brewing Company,Conroe,T??X
1956,2267,Wa$llo#on,Saison / Farmhouse Ale,nan,0.055,nan,118,Southern Star Brewing Company,Conroe,TX
1957,1740,Le Mort Vivant,??Bière de Gard#e,12,0.3673651972202748,23,118,Southern Star Brewing Company,Conroe,TX
1958,1728,Red Cockaded Ale,American Double / Imperial IPA,12,nan,548.8545664786917,118,Southern Star Brewing Company,Conroe,TX
1959,1497,Valkyrie Double IPA,nan,12,0.092,523.3870646269211,118,Southern Star Brewing Company,Conroe,TX
1960,1011,Red Cockaded Ale (2013),American Double / Imperial IPA,12,0.085,516.1087289781337,118,Southern Star Brewing Company,Conroe,TX
1961,1010,Old Potentate,Old Ale,12,0.2162041092748743,40,118,Southern Star Brewing Company,Conroe,TX
1962,856,Bombshell Blonde,American Blonde Ale,16,0.05,20,,Southern Star Brewing Company,Conroe,nan
1963,853,PRO-AM (2012) (2012),American Double / Imperial IPA,12,0.099,100,,Southern Star Brewing Company,Conroe,TX
1964,691,Walloon$ (2014),Saison / Farmhouse Ale,56.83819525418157,0.215410159278108,nan,118,Southern Star Brewing Company,Conroe,TX
1965,555,,nan,nan,0.069,23,541.3926644267577,Southern Star Brewing Company,Conroe,TX
1966,46,Buried Hatchet Stout,Foreign / Export Stout,12,0.083,50,118,Southern Star Brewing Company,Conroe,TX
1967,45,Pine Belt Pale $Ale,American Pale Al$e (AP%A),16,0.065,45,118,Southern Star Brewing Company,Conroe,TX
1968,44,Bombshell Blonde,American Blonde Ale,12,nan,20,652.1947826410984,Southern Star Brewing Company,Conroe,T$X
1969,7472.323572869683,Baby Daddy Session IPA,American IPA,12,0.047,35,,Speakasy Ales & Lagers,,CA
1970,763,,English India Pale Ale (IPA),16,nan,nan,508,Spilker Ales,Cortland,NE
1971,2271,Ball & Chain (2014),American Pale Ale (APA),16,0.058,nan,175,Spiteful Brewing Company,Chicago,IL
1972,2206,Bitter Biker Double IPA,American Double / Imperial IPA,16,0.096,nan,175,Spiteful Brewing Company,Chicago,IL
1973,2136,God Damn Pigeon Porte#r,American Porter,16,0.082,nan,,Spiteful Brewing Company,Chicago,IL
1974,10067.190766971184,Working for the Weekend,American Double / Imperial IPA,16,0.4661798853817817,nan,175,Spiteful Brewing Company,Chicago,IL
1975,2134,Angry Adam,American Amber / %Red Ale,16,0.06,nan,175,Spiteful Brewing Company,Chicago,IL
1976,2109,Freedom Fries,American Stout,16,0.055,nan,175,Spiteful Brewing Company,Chicago,IL
1977,9590.443492961422,Bitter Biker Double IPA,American Double / Imperial IPA,12,0.096,nan,175,Spiteful Brewing Company,Chicago,IL
1978,1820,Ghost Bike Pale Ale,American Pale Ale (APA),16,0.073,nan,175,Spiteful Brewing Company,Chicago,IL
1979,1819,,American IPA,12,0.062,nan,175,Spiteful Brewing Company,Chicago,IL
1980,1634,Alley Time,American Pale Ale (APA),52.49486494266989,0.06,nan,175,Spiteful Brewing Company,Chicago,IL
1981,6242.35640133116,Fat Badger,Irish Red Ale,12,0.058,nan,175,Spiteful Brewing Company,Chicago,IL
1982,,In the Weeds,nan,12,0.055,nan,175,Spiteful Brewing Company,Chicago,IL
1983,4436.481843886882,Special Amber,Vienna Lager,12,0.05,22,498,Sprecher Brewing Company,Glendale,WI
1984,445,Special Ambe%r,V#ienna Lager,12,0.05,130.47738475982612,498,Sprecher Brewing Company,Glendale,WI
1985,1587,Seven Gates Pale Ale,American Pale Ale (APA),12,0.056,nan,372,Spring House Brewing Company,Conestoga,PA
1986,2242,Gunga Din,Cider,16,0.052,nan,186,St. Julian Winery,Paw Paw,MI
1987,1544,Starr Pils,Ger@@man Pilsener,12,0.042,20,383,Starr Hill Brewery,Crozet,VA
1988,1205,Northern Lights India Pale Ale,American IPA,16,0.065,52,383,Starr Hill Brewery,Crozet,VA
1989,369,Fes$tie,Märzen / Oktoberfest,12,0.048,12,383,Starr Hill Brewery,Crozet,VA
1990,368,Northern Lights India Pale Ale,American IPA,12,0.065,52,383,Starr Hill Brewery,Crozet,VA
1991,2386,Third Eye Enlightened Pale Ale,American Pale Ale (APA),12,0.065,65,119,Steamworks Brewing Company,Durango,CO
1992,92,Colorado Kölsch,Kölsch,53.969049951921605,0.2516881715276578,17,633.3544885065779,Steamworks Brewing Company,Durango,CO
1993,91,Steam Engine Lager,American Amber / Red Lager,12,0.057,25,119,Steamworks Brewing Company,Durango,CO
1994,90,Thi$rd Eye Pale Ale,American IPA,12,0.065,65,119,Steamworks Brewing Company,Durango,CO
1995,2366,Point Special (Current),American Adjunct Lager,nan,0.047,9,131,Stevens Point Brewery,Stevens Point,WI
1996,2365,Point Special,American Adjunct Lager,12,0.047,nan,131,Stevens Point Brewery,Stevens Point,WI
1997,2270,Point Cascade Pale Ale (2013),American Pale Ale (APA),12,0.1874848308869577,33,131,Stevens Point Brewery,Stevens Point,WI
1998,2228,Point Sp%eci@@al,A#??merican Adjunct Lager,nan,0.047,9,131,Stevens Point Brewery,Stevens Point,WI
1999,2151,#Onyx Black Al@@e,American Black Ale,49.02839973885442,0.052,9,491.137208851659,Stevens Point Brewery,Stevens Point,@@W@@I
2000,11328.664435621706,Beyond The Pale IPA,nan,12,0.063,64,131,Stevens Point Brewery,Stevens Point,WI
2001,10341.634347966445,,American Adjunct Lager,12,0.047,9,696.8847284300014,#Stevens Point B%rewery,Stevens Point,WI
2002,2121,Point Special (2012),nan,12,0.047,9,561.4975012436789,Stevens Point Brewery,Stevens ?$?Point,WI
2003,2115,Point Special Lager,American Adjunct Lager,59.17870057482288,0.047,9,131,Stevens Point Brewery,Stevens Point,WI
2004,,St. Benedict's Winter Ale,Winter Warmer,12,0.062,nan,131,Stevens Point Brewery,Stevens Point,WI
2005,1357,Point Oktoberfest,Märzen / Oktoberfest,16,0.057,15,131,Stevens Point Brewery,Stevens Point,WI
2006,1225,Point @@Nude Beach Summer Wheat,American Pale Wheat Ale,86.56385243205443,0.1914602405269384,7,131,Stevens Point Brewery,Stevens Point,WI
2007,816,Point Nude Beach Summer Wheat,nan,12,0.05,7,131,Stevens Point Brewery,Stevens Point,WI
2008,772,Point Nude Beach Summer Wheat (2011),American Pale ??Wheat Ale,12,nan,7,131,Stevens Point Brewery,Stevens Point,WI
2009,684,Drop Dead Blonde,American Blonde Ale,12,0.035,nan,131,Stevens Point Brewery,Stevens Point,WI
2010,650,Three Kings Ale,Kölsch,12,0.2486191475912234,13,131,Stevens Point Brewery,Stevens Point,WI
2011,456,Point Oktoberfest,Märzen / Oktoberfest,12,0.057,15,131,Stevens Point Brewery,Stevens Point,WI
2012,357,2012 $Black Ale,American Brown Ale,12,0.2505745297469713,32,131,Stevens Point Brewery,Stevens Point,WI
2013,141,,American Pale Whe#at Ale,55.90717626302806,0.05,7,131,Stevens Point Brewery,Stevens Point,WI
2014,140,Point Cascade Pale Ale,American Pale Ale (APA),42.62358315952204,0.054,33,131,Stevens Point Brewery,Stevens Point,WI
2015,139,#Point Amber Cla%ssic,American Amber / Red Lager,12,0.047,14,,Stevens Point Brewery,Stevens Point,WI
2016,593.9148126804603,Point Special Lager,American Adjunct Lager,12,0.047,9,131,Stevens Point Brewery,Stevens Point,WI
2017,953,Wisco Di%sco,American Amber / Red Ale,16,0.051,31,486,Stillmank Beer Company,Green Bay,WI
2018,1983,Brontide,American Black Ale,12,0.05,nan,255,Stillwater Artisanal Ales,Baltimore,MD
2019,1631,Brontide,American Black Ale,12,0.05,nan,255,Stillwater Artisanal Ales,Baltimore,MD
2020,1344,Classique,Saison / Farmhouse Ale,12,0.045,nan,255,Stillwater Artisanal Ales,Baltimore,MD
2021,922,Sunsplash Golden Ale (2004),American Blonde Ale,12,0.045,nan,492,Stone Coast Brewing Company,Portland,ME
2022,1410,Sand Island Lighthouse,Kölsch,12,0.051,25,412,Straight to Ale,Huntsville,AL
2023,3281.0778402404662,Lily Flagg Milk Stout,Milk / Sweet Stout,12,0.1680232287197656,30,412,Straight to Ale,Huntsville,AL
2024,637,Monkeynaut IPA,American IPA,12,0.072,70,1975.073262615233,Straight to Ale,Huntsville,AL
2025,2369,Straub Beer (Current),American Adjunct Lager,61.654123857397025,0.2397156498232932,nan,129,Straub Brewery,St Mary's,PA
2026,2233,American Lager,American Adjunct Lager,12,0.041,8,129,Straub Brewery,St Mary's,PA
2027,2232,American Amber,American Amber / Red Lager,12,0.041,8,129,Straub Brewery,St Mary's,PA
2028,2231,American Light,Light Lager,12,0.032,13,129,Straub Brewery,St Mary's,PA
2029,2352,Extra Pale Ale,American Pale Ale (APA),nan,0.053,49,138,Summit Brewing Company,St Paul,MN
2030,,Make It So,Extra Special / Strong Bitter (ESB),12,nan,40,,Summit Brewing Company,St. Paul,MN
2031,2473,Hopvale Organic Ale,American Pale Ale (APA),16,0.047,55,58,Summit Brewing Company,St. Paul%,MN
2032,2415,Unchained #18 Hop Silo,American Double / Imperial IPA,nan,nan,nan,,Summit Brewing Company,St. Paul,MN
2033,2605,Tip Off,Altb@@ier,16,0.052,29,25,Sun King Brewing Company,Indianapolis,IN
2034,2215,Java Mac,Scottish Ale,16,0.054,nan,118.10156665688656,Sun King Brewing Company,Indianapolis,nan
2035,2164,Cowbell,Am$erican Por@@ter,93.54023776295504,0.054,23,96.24810464808807,Sun King Brewing Company,Indianapolis,IN
2036,2085,Hop Up $Offa That Bre$tt (2014),Belgian Pale Ale,16,0.058,20,111.34546347819709,,Indianapolis,IN
2037,2084,PV Muckle (2013),nan,16,0.083,23,80.19931052959943,Sun King Brewing Company,,IN
2038,2083,Bourbon Barrel Batch 666: Sympathy for the Devil,Belgian Dark Ale,16,0.099,36,25,Sun King Brewing Company,Indianapolis,IN
2039,2082,W??hip Fight,Scotch Ale / Wee Heavy,16,0.09,30,25,Sun King Brewing Company,Indianapolis,IN
2040,2081,Port Barrel Wee Mac,Scotch Ale / Wee Heavy,16,0.053,23,25,Sun King Brewing Company,Indianapolis,IN
2041,7736.550861446713,Fistful Of Hops Red,American IPA,16,0.064,75,25,Sun King Brewing Company,Indianapolis,IN
2042,2000,Fistful of Hops Orange,American IPA,16,0.063,389.2513450205866,25,Sun King Brewing Company,Indianapolis,IN
2043,1999,Fistful Of Hops Blue,American IPA,16,0.3267933220748142,75,25,Sun King Brewing Company,Indianapolis,IN
2044,1996,Fistful of Hops Green,American IPA,16,0.064,75,25,Sun King Brewing Company,Indianapolis,IN
2045,,30 Min Coma,Belgian IPA,16,nan,nan,25,Sun King Brewing Company,Indianapolis,IN
2046,1656,Wee Muckle,nan,16,0.09,30,25,Sun King Brewing Company,Indianapolis,IN
2047,1599,,Extra Special / Strong Bitter (ESB),16,0.2541773638167734,55,25,Sun King Brewing Company,Indianapolis,IN
2048,1420,Grapefruit Jungle (GFJ),American IPA,16,0.075,77,25,Sun King Brewing Company,Indianapolis,IN
2049,,Osiris Pale Ale,American Pale Ale (APA),16,0.056,50,25,Sun King Brewing Company,Indianapolis,IN
2050,5432.108412651103,Bourbon Barrel Aged Timmie,Russian Imperial Stout,16,0.099,75,25,Sun King Brewing Company,Indianapolis,IN
2051,1366,Stupid Sexy# Flanders,Flanders Oud Bruin,57.19882305432593,0.063,23,25,Sun King Brewing Company,Indianapolis,IN
2052,1347,Bourbon Barrel Cowbell,American Porter,16,nan,nan,25,Sun King Brewing Company,Indianapolis,IN
2053,1314,Popcorn Pilsner,German Pilsener,67.32899999449121,0.054,nan,25,Sun King Brewing Company,Indianapolis,IN
2054,,Ring of Dingle,Irish Dry Stout,16,0.071,27,25,Sun King Brewing Company,Indianapolis,IN
2055,1127,Bourbon Barrel Wee M$ac,Scottish Ale,16,0.054,23,25,Sun King Brewing Company,Indianapolis,IN
2056,1049,Bourbon Barrel Johan,English Barleywine,16,0.099,60,25,Sun King Brewing Company,Indianapolis,IN
2057,934,The Deuce,American Brown Ale,16,0.07,nan,25,Sun King Brewing Company,Indianapolis,IN
2058,923,The Velvet Fog,Quadrupel (Quad),16,0.09,24,148.79814943590284,Sun King Brewing Company,Indianapolis,IN
2059,874,Sun King Oktoberfest,Märzen / Oktoberfest,16,0.055,23,,Sun King Brewing Company,Indianapolis,IN
2060,739,Indianapolis Indians Lager,Dortmunder / Export Lager,16,0.1720478787487509,24,127.43974163202168,Sun King Brewing Company,Indianapol@@is,IN
2061,698,,Dortmunder / Export Lager,16,0.052,24,25,Sun King Brewing Company,Indianapolis,IN
2062,660,Chaka,Belgian Strong Pale Ale,16,0.2957257342690088,nan,25,Sun King Brewing Company,Indianapolis,IN
2063,651,Isis,American Double / Imperial IPA,16,0.091,91,25,Sun King Brewing Company,Indianapolis,IN
2064,584,Wee Muckle (2011),Scotch Ale / Wee Heavy,nan,0.09,30,25,Sun King Brewing Company,Indianapolis,IN
2065,532,Grapefruit Jungle (GFJ) (2011),American IPA,16,0.075,77,129.80978084312505,Sun King Brewing Company,Indianapolis,IN
2066,2048.501515208463,Sun King Oktoberfest (2011),Märzen / Oktoberfest,16,0.055,23,25,Sun King Brewing Company,Indianapolis,IN
2067,394,Johan the Barleywine,English Barleywine,16,0.099,60,25,Sun King Brewing Company,Indianapolis,IN
2068,,Wee Mac Scottish-Style Ale,Scottish Ale,16,0.054,23,106.84528561392585,Sun King Brewing Company,Indianapolis,IN
2069,55,Sunlig%ht Cre#am Ale,Cream Ale,60.49150877634726,0.053,20,25,Sun King Brewing Company,Indianapolis,IN
2070,54,Osiris Pale Ale (2010),American Pale Ale (APA),16,nan,50,25,Sun King Brewing Company,Indianapolis,IN
2071,,Dam Lager,American% Amber / Red Lager,12,0.045,nan,,S$unken City% Brewing Company,Hardy,VA
2072,1206,Red Clay IPA,A#me%rican IPA,12,0.07,nan,455,Sunken City Brewing Company,??Hardy,VA
2073,2543,Todd the Axe Man,American IPA,16,0.4157784805937219,nan,61,Surly Brewing Company,Brooklyn Center,MN
2074,2409,Doom????tree,Extra Special / St#ron??g Bitter (ESB),16,0.057,nan,61,Surly Brewing Company,Brooklyn Center,MN
2075,1739,BLAKKR,American Black Ale,16,0.099,85,61,Surly Brewing Company,Brooklyn Center,MN
2076,1112,Overrated! West Coast Style IPA,American IPA,16,0.073,69,61,Surly Brewing Company,Brooklyn Center,MN
2077,329,WET,Ameri@@can IPA,16,0.075,442.3724229673548,61,Surly Brewing Company,Brooklyn Center,MN
2078,19,Bitter Brewer,Eng#l%ish Bitter,16,0.1648376127091433,37,61,Surly Brewing Company,Brooklyn Center,MN
2079,18,SurlyFest,Rye Beer,73.91625805840593,0.055,34,61,Surly Brewing Company,Brooklyn Center,MN
2080,17,Coffee Bender,American Brown Ale,16,0.051,45,61,Surly Brewing Company,Brooklyn Center,MN
2081,16,Bender,Amer$ican Brown Ale,16,0.051,45,261.4884422422124,Surly Brewing Company,Brooklyn Center,MN
2082,15,Abrasive Ale,American Double / Imperial IPA,16,0.097,120,309.0367712054847,Surly Brewing Company,Brooklyn Center,M%N
2083,14,Hell,Keller Bier / Zwickel Bier,nan,0.051,20,61,Surly Brewing Company,Brooklyn Center,MN
2084,13,CynicAle,Saison / Farmhouse Ale,16,0.067,33,210.91474111320545,Surly Brewing Company,Brooklyn Center,MN
2085,,Furious,American IPA,16,0.3047040897546326,99,,Surly Brewing Company,Brooklyn Center,MN
2086,1242,Big Nose,American IPA,12,0.073,50,447,Swamp Head Brewery,Gainesville,FL
2087,1241,Cotton Mouth,Witbier,12,0.05,nan,447,Swamp Head Brewery,Gainesville,FL
2088,1240,Stump Knocker Pale Ale,American Pale Ale (APA),12,0.056,35,447,Swamp Head Brewery,Gainesville,FL
2089,7076.49180882417,Midnight Oil,Oatmeal Stout,12,0.05,38,447,Swamp Head Brewery,Gainesville,FL
2090,1238,Wild Night,Cream Ale,12,0.059,18,447,Swamp Head Brewery,Gainesville,FL
2091,1554,Bermuda Triangle Ginger Beer,Herbed / #Sp??iced Beer,12,0.045,nan,,Swashbuckler Brewing Company,Manheim,PA
2092,,Take Two Pils,German Pilsener,12,0.055,35,49,SweetWater Brewing Company,Atlanta,GA
2093,2551,Waterkeeper,Hefeweizen,12,0.057,nan,49,SweetWater Brewing Company,Atlanta,GA
2094,1710,SweetWater IPA,American IPA,12,0.064,nan,49,SweetWater Brewing Company,Atlanta,GA
2095,1709,420 Extra Pale Ale,American Pale Ale (APA),12,0.3069737761109892,nan,49,SweetWater Brewing Company,Atlanta,GA
2096,1229,D??odgy Kni%ght Imperial IPA,American Double / Imperial IPA,12,0.08,95,449,TailGate Beer,San Diego,CA
2097,3726.15930444804,TailGate Saison,Saison / Farmhouse Ale,12,0.05,nan,449,TailGate Beer,San Diego,CA
2098,663,TailG$a@@te IPA,nan,24,0.05,44,449,TailGate Beer,San Diego,CA
2099,662,TailGate IPA,American IPA,12,0.05,44,449,TailGate Beer,San Diego,CA
2100,623,TailGate Hefeweizen,Hefeweizen,24,0.2818371164207044,135.83174345305775,449,TailGate Beer,San Diego,CA
2101,622,Blacktop Blonde,American Blonde Ale,24,0.05,nan,449,TailGate Beer,San Diego,CA
2102,1444.5542088942395,Blacktop Blonde,American Blonde Ale,12,nan,19,449,TailGate Beer,San Diego,CA
2103,361,TailGate Hefeweizen,Hefeweizen,nan,0.049,28,449,TailGate Beer,San Diego,CA
2104,2575,Wooden Rooster,Tripel,16.9,0.085,34,45,Tallgrass Brewing Company,Manhattan,KS
2105,2555,Ginger Peach Saison,Saison / Farmhouse Ale,16,0.048,20,45,Tallgrass Brewing Company,Manhattan,KS
2106,1736,Zombie Monkie,American Porter,16,0.062,35,45,Tallgrass Brewing Company,Manhattan,KS
2107,1196,Wi@@ld Plum Farmhouse Ale,Saison / Farmhouse Ale,16,0.056,20,45,Tallgrass Brewing Company,Manhattan,KS
2108,1063,Vanilla Bean Buffalo Sweat,Oatmeal Stout,16,0.05,20,45,Tallgrass Brewing Company,Manhattan,KS
2109,1017,Ethos IPA,American IPA,16,0.068,110,45,Tallgrass Brewing Company,Manhattan,KS
2110,1009,Tallgrass Pub Ale,American Brown Ale,16,0.044,12,45,Tallgrass Brewing Company,Manhattan,KS
2111,912,O$asis$,Extra Special / Strong Bitter (ESB),16,0.2476977292375425,93,45,Tallgrass Brewing Company,Manhattan,KS
2112,765,Buffalo Sweat,Milk / Sweet Stout,16,0.05,20,45,Tallgrass Brewing Company,Manhattan,KS
2113,676,Halcyon Unfiltered Wheat,American Pale Wheat Ale,16,0.1596944370628462,84.00863646494166,45,Tallgrass Brewing Company,Manhattan,KS
2114,595,8-Bit Pale Ale,American Pale Ale (APA),16,0.052,nan,45,Tallgrass Brewing Company,Manhattan,KS
2115,537,Velvet Rooster,Tripel,82.4185189924705,0.085,nan,45,Tallgrass Brewing Company,Manhattan,KS
2116,412,Halcyon Unfiltered Wheat,American Pale Wheat Ale,12,0.05,20,45,Tallgrass Brewing Company,Manhattan,KS
2117,105,Köld Lager (2010),German Pilsener,16,0.05,16,45,Tallgrass Brewing Company,Manhattan,KS
2118,104,Oasis (20??10),American Double / Imperial IPA,16,0.072,93,45,Tallgrass Brewing Company,Manhattan,KS
2119,103,Tallgras#s Ale,American Brown Ale,75.9650699379914,0.152716694467432,22,45,Tallgrass Brewing Company,Manhattan,KS
2120,102,Buffalo Sweat (2010),??Milk / Sw%eet Stout,74.26329993439239,0.05,20,203.3613891446869,Tallgrass Brewing Company,,nan
2121,101,Tallgrass IPA,Amer$ican I??PA,16,0.063,60,,Tallgrass Brewing Company,Manhattan,KS
2122,1433,Hat Trick Hop IPA,American IPA,16,0.2366457134753512,nan,409,Tamarack Brewing Company,Lakeside,MT
2123,7698.280704947059,Yard Sale Amber Ale,American Amber / Red Ale,16,0.056,nan,409,Tamarack Brewing Company,Lakeside,MT
2124,936,Loafin Bräu,Altbier,16,nan,nan,490,Tampa Bay Brewing Company,Ta$mpa,FL
2125,544,Old Elephant Foot IPA,American IPA,16,0.07,426.29413917494225,490,Tampa Bay Brewing Company,Ta$mpa,FL
2126,2640,Peck's Porter,American Porter,16,0.065,35,7,Tapistry #Brewing%,Bridgman,MI
2127,2448,Reactor,American IPA,16,0.07,nan,26.288548919002086,Tapistry Brewing,,nan
2128,2447,Mr. Orange,Witbier,16,0.057,nan,7,Tapistry #Brewing%,Bridgman,MI
2129,2601,Deduct$ion,Dubbel,62.741733946922515,0.08,22,28,Taxman Brewing Company,,IN
2130,973,Face Down Brown Ale,nan,12,0.057,nan,480,Telluride Brewing Company,Telluride,CO
2131,827,Tempter IPA,American IPA,12,0.064,nan,480,Telluride Brewing Company,Telluride,CO
2132,589,Bridal Veil Rye Pale Ale,American Pale Ale (APA),12,0.055,nan,480,Telluride Brewing Company,Telluride,CO
2133,2155,Smittytown,Extra Special / Strong Bitter (ESB),12,0.048,nan,210,Temperance Beer Company,Evanston,IL
2134,1982,,Fruit / Vegetable Beer,12,0.04,nan,210,Temperance Beer Company,Evanston,IL
2135,1939,Gat$ec#rasher,English India Pale Ale (IPA),12,0.066,nan,210,Temperance Beer Company,Evanston,IL
2136,1082,RecreationAle,American Pale Ale (APA),12,nan,42,469,Terrapin Brewing Company,Athens,GA
2137,2119,First Stand,Saison / Farmhouse Ale,12,0.2107098601516387,35,1040.5944841356675,Texian Brewing Co.,Richmond,TX
2138,2118,Battle LIne,American Brown Ale,12,0.063,23,215,Texian Brewing Co.,Richmond,TX
2139,2117,Broken Bridge,Dunkelweize$n,12,0.056,12,215,Texian Brewing Co.,Richmond,TX
2140,2116,Brutus,English India Pale Ale (IPA),54.20203859959406,0.071,69,215,Texian Brewing Co.,Richmond,TX
2141,1916,Petit Mutant,American Wild Ale,16,0.06,nan,272,The Alchemist,Waterbury,VT
2142,1915,The Crusher,American Double / Imperial IPA,16,0.096,nan,,The Alchemist,Water#bury??,VT
2143,1914,Beelzebub,American Double / Imperial Stout,16,0.08,nan,272,The Alchemist,Waterbury,VT
2144,1810,Focal Banger,American IPA,16,nan,nan,272,The Alchemist,Waterbury,VT
2145,,Heady Topper,American Double / Imperial IPA,16,0.08,120,,The Alc$he#mist,Waterbury,VT
2146,379,Heady Topper,American Double / Imperial IPA,16,0.08,120,272,The Alchemist,Waterbury,VT
2147,1200,Bomber Mountain Am?%?ber Ale (2013),American Amber / Red Ale,12,0.046,20,,The Black Tooth Brewing Company,Sheridan,WY
2148,1199,Indian Paintbrush IPA,American IPA,12,0.07,75,457,The Black Tooth Brewing Company,Sheridan,WY
2149,7139.317554879634,Saddle Bronc Brown Ale (2013),English Brown Ale,12,0.2863448125030247,16,457,The Black Tooth Brewing Company,Sheridan,WY
2150,1197,Wagon Box Wheat Beer,American Pale Wheat A%le,12,0.059,15,457,The Black Tooth Brewing Company,Sheridan,WY
2151,1945,Birdhouse Pale Ale,Belgian Pale Ale,nan,0.05,nan,262,The Brewer's Art,Baltimore,MD
2152,,Ozzy,B%elgian Pale Al$e,12,0.073,nan,935.3595195715576,The Brewer's Art,Baltimore,MD
2153,94,Resurrection,nan,12,0.07,nan,262,The Brewer's Art,Baltimore,MD
2154,1748,Bronx Summer Pale Ale,American Pale Ale (APA),16,0.052,16,329,The Bronx Brewery,Bronx,NY
2155,9004.321861791794,Bronx Black Pale Ale,American Black Ale,16,0.057,46,329,The Bronx Brewery,Bronx,NY
2156,1037,Bronx Pale Ale,American Pale Ale (APA),16,0.063,50,329,The Bronx Brewery,Bronx,NY
2157,2594,Surfrider,American Pale Ale (APA),16,0.052,35,33,The Dudes' Brewing Company,Torrance,CA
2158,2035,Kolschtal Eddy,Kölsch,16,0.055,nan,33,The Dudes' Brewing Company,Torrance,CA
2159,2034,South Bay Session IPA,American IPA,16,0.05,nan,33,The Dudes' Brewing Company,Torrance,CA
2160,7311.294944617689,Grandma's Pecan,English Brown Ale,16,0.069,34,33,The Dudes' Brewing Company,Torrance,CA
2161,1561,Double Trunk,American Double / Imperial IPA,16,0.099,101,33,The Dudes' Brewing Company,Torrance,CA
2162,1749,Just IPA,American $@@IPA,12,0.046,45,328,The Just Beer Project,Burlington,VT
2163,2455,Lionshead,American Pilsner,12,0.045,nan,443.9148000070722,The Lion Bre@@wery,Wilkes-Barre,PA
2164,,Manhattan Gold Lager (1990),American Amber / Red Lager,12,nan,nan,484,The Manhattan Brewing Company,New York,NY
2165,2638,G. B. Russo’s Italian Pistachio Pale Ale,American Pale Ale (APA),16,0.052,nan,9,The Mitten Brewing Company,Grand Rapids,nan
2166,1278,Northern Hawk Owl Amber,American Amber / Red Ale,12,0.058,nan,438,The Right Brain Brewery,Traverse City,MI
2167,1277,CEO Stout,American S@%@tout,16,0.3335673200780519,nan,438,The Right Brain Brewery,Traverse City,MI
2168,1276,Will Power Pale Ale,American Pale Ale (APA),16,0.047,nan,438,The Right Brain Brewery,Traverse City,MI
2169,6406.645437380764,Curious Traveler Shandy,Shandy,12,nan,nan,334,The Traveler Beer Company,Burlington,VT
2170,2347,Hunny Do Wheat,American Pale Wheat Ale,12,0.048,nan,142,Third Street Brewhouse,Cold Spring,MN
2171,1781,Three Way Pale Ale,American Pale Ale (APA),38.176402413430424,0.052,nan,142,Third Street Brewhouse,Cold Spring,MN
2172,1780,Rise to the Top,Cream Ale,45.269255120400075,0.041,nan,142,Third Street Brewhouse,Cold Spring,MN
2173,1779,Lost Trout Brown Ale,American Brown Ale,12,0.049,nan,142,Third Street Brewhouse,Cold Spring,MN
2174,13500.115994854004,Watermelon Ale,Fruit / Vegetable Beer,12,0.051,11,108,Thomas Hooker Brewing Company,Bloomfield,CT
2175,2319,,American Blonde Ale,nan,0.04,18,153,Three Creeks Brewing,Sisters,OR
2176,2317,Fivepine Chocolate Porter,American Porter,68.472516331523,nan,40,153,Three Creeks Brewing,Sisters,OR
2177,2316,Hoodoo Voodoo IPA,American IPA,12,0.062,82,153,Three Creeks Brewing,Sisters,OR
2178,1913,Hydraulion Red,Irish Red Ale,12,0.053,nan,1555.4208548133806,Three Notch'd Brewing Company,Charlottesville,VA
2179,1912,40 Mile IPA,Ame$ric%an IPA,12,nan,50,273,Three Notch'd Brewing Company,Charlottesville,VA
2180,2617,Citra Faced,American Pale Wheat Ale,16,0.055,64,69.05888343228435,Three Pints Brewing,Martinsville,IN
2181,2616,Pole Barn Stout,Oatmeal Stout,16,0.055,31,124.89648996958238,Three Pints Brewing,Martinsville,IN
2182,2615,Pale,American Pale Ale (APA),16,0.054,37,21,Three Pints Brewing,Martinsville,IN
2183,2614,Yoshi's Nectar,California Common / Steam Beer,16,0.053,27,21,Three Pints Brewing,Martinsville,IN
2184,1889,Leatherhead Red,American Amber / Red Ale,12,0.2671526232320313,nan,282,Thunderhead Brewing Company,Kearney,NE
2185,1222,Cropduster Mid-American IPA,American IPA,nan,0.2180489078054572,nan,282,Thunderhead Brewing Company,Kearney,NE
2186,122,Golden Frau Honey Wheat,Braggot,12,0.075,nan,282,Thunderhead Brewing Company,Kearney,NE
2187,121,Cornstalker Dark Wheat,American Dark Wheat Ale,12,nan,nan,282,Thunderhead Brewing Company,Kearney,NE
2188,2623,Cafe Leche,American Porter,16,0.058,20,17,Tin Man Brewing Company,Evansville,IN
2189,2622,Damascene Apricot Sour,Fruit / Vegetable Beer,16,0.052,12,17,Tin Man Brewing Company,Evansville,IN
2190,2621,Csar,Russian Imperial Stout,16,0.12,272.555851102722,17,Tin Man Brewing Company,Evansville,IN
2191,1817,Klingon Warnog Roggen Dunkel,Roggenbier,16,0.055,nan,17,Tin Man Brewing Company,Evansville,IN
2192,1449,Overlord Imperial IPA,American Double / Imperial IPA,92.35216298992324,0.085,nan,17,Tin Man Brewing Company,Evansville,IN
2193,951,Alloy,American IPA,16,0.058,36,17,Tin Man Brewing Company,Evansville,IN
2194,950,Rivet Irish Red Ale,Irish Red Ale,16,0.051,22,17,Tin Man Brewing Company,Evansville,IN
2195,949,3 Gear Robust Porter,American Porter,16,0.052,260.6950471231542,17,Tin Man Brewing Company,Evansville,IN
2196,4153.917399184481,Circuit Bohemian Pilsner,nan,16,0.045,35,17,Tin Man Brewing Company,Evansville,IN
2197,2321,Turnrow Harvest Ale,American Blonde Ale,12,0.055,nan,152,Tin Roof Brewing Company,Baton Rouge,LA
2198,,Juke Joint IPA,American IPA,54.372112538543504,nan,60,152,Tin Roof Brewing Company,Baton Rouge,LA
2199,1754,,American Porter,41.633464060687515,0.2810679801000239,nan,152,Tin Roof Brewing Company,Baton Rouge,LA
2200,1428,Tin Roof Watermelon Wheat,Fruit / Vegetable Beer,60.35595987093569,0.05,21,152,Tin Roof Brewing Company,Baton Rouge,LA
2201,529,Tin Roof Blonde Ale,American Blonde Ale,12,0.045,18,152,Tin Roof Brewing Company,Baton Rouge,LA
2202,495,Voodoo Bengal Pale Ale,@@American Pale Ale (APA),12,0.055,218.14396653695212,152,Tin Roof Brewing Company,Baton Rouge,LA
2203,494,Perfect Tin Amber,American Amber / Red Ale,12,0.1820810440328361,28,152,Tin Roof Brewing Company,Baton Rouge,LA
2204,1856,IPA & a Half,American IPA,12,0.073,87,291,Tommyknocker Brewery,Idaho Springs,C@@O
2205,736,Ornery Amber Lager (2003),Vienna @@L#ager,12,0.055,33,291,Tommyknocker Brewery,Idaho Springs,C@@O
2206,1027,Big Island Shandy,Shandy,nan,0.05,nan,474,Tonka Beer Company,Minnetonka,MN
2207,1026,Preservation IPA,American IPA,16,0.068,nan,474,Tonka Beer Company,Minnetonka,MN
2208,1938,,American IPA,12,0.062,72,265,Tractor Brewing #Company,Albuquerque,NM
2209,1937,Milk Mustachio Stout,nan,12,0.065,nan,265,Tractor Brewing #Company,Albuquerque,NM
2210,,,American Amber / Red Ale,12,0.06,30,265,Tractor Brewing #Company,Albuquerque,NM
2211,594,Triangle India Pale Ale,American IPA,12,0.057,nan,524,Triangle Brewing Company,Durham,NC
2212,114,Triangle White Ale,Witbier,nan,0.05,nan,524,Triangle Brewing Company,Durham,NC
2213,596.6149870960501,T$riangle Belgian Golden Ale,Belgian Strong Pale Ale,12,0.08,nan,524,Triangle Brewing Company,Durham,NC
2214,2445,Troegenator,Doppelbock,16,0.082,nan,97,Tröegs Brewing Company,Hershey,PA
2215,2444,Nugget Nectar,American Amber / Red Ale,16,nan,93,97,Tröegs Brewing Company,Hershey,PA
2216,2203,Sunshine Pils,nan,64.55271858920435,0.045,45,294.1868701898757,Tröegs Brewing Company,Hershey,PA
2217,1510,Troegenator D@@oublebock,Doppelbock,62.48733749917881,0.082,25,97,Tröegs Brewing Company,Hershey,PA
2218,1509,Perpetual IPA,American IPA,12,0.075,273.5472260880086,97,Tröegs Brewing Company,Hershey,PA
2219,,Greenville Pale Ale,American Pale Ale (APA),12,0.055,52,539,Twin Lakes Brewing Company,Greenville,DE
2220,641,Hoppy Boy,American IPA,nan,0.062,65,,Twisted Pine Brewing Company,Boulder,CO
2221,2588,Cow Creek,American Amber / Red Lager,12,0.054,26,220.10812699434766,Twisted X Brewing Company,Dripping Springs,TX
2222,2458,Chupahopra,American IPA,58.87311220624389,0.075,63,38,Twisted X Brewing Company,Dripping Springs,TX
2223,2212,Twisted X,American Adjunct Lager,12,0.051,19,38,Twisted X Brewing Company,Dripping Springs,TX
2224,2235,Day Hike Session,American IPA,12,0.041,41,190,Two Beers Brewing Company,Seattle,WA
2225,1661,Trailhead ISA,American IPA,12,0.048,48,190,Two Beers Brewing Company,Seattle,WA
2226,1660,Immersion Amber,American Amber / Red Ale,54.819769027855315,0.052,97.46816310620255,190,Two Beers Brewing Company,Seattle,WA
2227,1659,@@Evo ??IPA,American IPA,12,0.062,70,190,Two Beers Brewing Company,Seattle,WA
2228,1438,Presidential Pils,Czech Pilsener,12,0.048,nan,190,Two Beers Brewing Company,Seattle,WA
2229,1173,Evolutionary IPA (2012),American IPA,12,0.062,70,1017.849987702327,Two Beers Brewing Company,Seattle,W#??A
2230,560,Persnickety Pale,American Pale Ale (APA),12,0.057,36,190,Two Beers Brewing Company,Seattle,WA
2231,519,SoDo Brown Ale,American Brown Ale,12,0.054,20,190,Two Beers Brewing Company,Seattle,WA
2232,1861.15942966671,Immersion Amber Ale (2011),American Amber / Red Ale,12,0.052,27,190,Two Beers Brewing Company,Seattle,WA
2233,505,Evolutionary IPA (2011),American IPA,12,0.062,70,190,Two Beers Brewing Company,Seattle,WA
2234,482,Trailhead India Sty??le Session@@ Ale (2011),American IPA,12,0.048,48,666.9101870923297,Two Beers Brewing Company,Seattle,WA
2235,451,Panorama Wheat Ale,American Pale Wheat Ale,12,0.046,nan,190,Two Beers Brewing Company,Seattle,WA
2236,2497,Wobble,American IPA,16,0.063,69,74,Two Brothers Brewing Company,Warrenville,IL
2237,2246,Night Cat,American Dark Wheat Ale,12,0.3398561363606138,43,,Two Brothers Brewing Company,Warrenville,I$L%
2238,1630,Night Cat (2014),American Dark Wheat Ale,67.60875550010411,0.058,43,395.8008891600473,Two Brothers Brewing Company,,IL
2239,1284,Dog Days Lager,Dor#tmunder / Export Lager,12,0.051,17,74,Two Brothers Brewing Company,Warrenville,IL
2240,1121,Sidekick Extra Pale Ale,American Pale Ale (APA),12,0.2471329874949517,36,74,Two Brothers Brewing Company,Warrenville,IL
2241,1042,Atom Smasher,Märzen / Oktoberfest,12,0.077,23,74,Two Brothers Brewing Company,Warrenville,IL
2242,,Testudo,Bière de Garde,12,0.045,nan,74,Two Brothers Brewing Company,Warrenville,IL
2243,,Hobnob B & B Pale Ale,American Pale Ale (APA),12,0.065,nan,74,Two Brothers Brewing Company,Warrenville,IL
2244,861,Cane and Ebel,American Strong Ale,12,0.07,68,74,Two Brothers Brewing Company,Warrenville,IL
2245,642,Outlaw IPA (2015),American IPA,12,0.065,nan,74,Two Brothers Brewing Company,Warrenville,IL
2246,2037,The Gilded Age,Munich Helles Lager,12,0.045,nan,243,Two Henrys Brewing Company,Plant City,FL
2247,1285,No Lim$its# Hefeweizen,nan,16,0.05,nan,435,Two Roads Brewing Company,Stratford,CT
2248,1189,Hone??yspot Road White IPA,American White IPA,12,0.06,nan,435,Two Roads Brewing Company,Stratford,CT
2249,,Road 2 Ruin Double IPA,American Double / Imperial IPA,12,0.072,nan,435,Two Roads Brewing Company,Stratford,CT
2250,1170,Workers Comp Saison,Saison / Farmhouse Ale%,12,0.048,nan,435,Two Roads Brewing Company,Stratford,CT
2251,1169,Ol' Factory Pils,German Pilsener,12,0.05,nan,435,Two Roads Brewing Company,Stratford,CT
2252,2310,PUNK'N,Pumpkin Ale,12,0.05,10,159,Uinta Brewing Company,Salt Lake City,UT
2253,2100,Yard Sale Winter Lager,American Amber / Red Lager,12,0.04,22,664.4235051633501,Uinta Brewing Company,Salt Lak??e City,UT
2254,1925,Trader Session IPA,American IPA,12,0.04,42,159,Uinta Brewing Company,Salt Lake City,UT
2255,1723,Hop Nosh IPA,American IPA,12,0.073,83,159,Uinta Brewing Company,Salt Lake City,UT
2256,1212,SUM'R,American Blonde Ale,12,0.1866224766552202,17,159,Uinta Brewing Company,Salt Lake City,UT
2257,1097,Organic Baba Black Lager,Schwarzbier,nan,0.04,32,159,Uinta Brewing Company,Salt Lake City,UT
2258,1089,Hop Notch IPA (2013),nan,12,0.4263096364618711,82,608.228657534742,Uinta Brewing Company,Salt Lake City,UT
2259,1088,Cutthroat Pale Ale,American Pale Ale (APA),12,0.04,121.21192488222246,159,Uinta Brewing Company,Salt Lake City,UT
2260,974,WYLD Extra Pale Ale,American Pale Ale (APA),69.1324851380096,0.04,29,159,Uinta Brewing Company,Salt Lake City,UT
2261,98,Pilsner Ukiah,Germa@@n# Pilsener,44.431815894253674,0.055,nan,555,Ukiah Brewing Company,Ukiah,CA
2262,2372,The Green Room,American IPA,16,0.06,75,126,Uncle Billy's Brewery and Smokeh...,Austin,$T$X
2263,2367,Humbucker Helles,Maibock / Helles Bock,16,nan,25,126,Uncle Billy's Brewery and Smokeh...,Austin,$T$X
2264,1704,Uncle John??'s?? Apple Cherry Cider,Cider,16,0.065,nan,338,Uncle John's Fruit House Winery,St. John's,MI
2265,1703,Uncle John's Apricot Apple Cider,Cider,66.37857297957893,0.065,nan,338,Uncle John's Fruit House Winery,St. John's,MI
2266,,Draught Hard Apple Cider,Cider,16,0.065,nan,338,Uncle John's Fruit House Winery,St. John's,MI
2267,606,Scotty K NA,Low Alcohol Beer,16,0.001,nan,522,Uncommon Brewers,Santa Cruz,CA
2268,543,Bacon Brown Ale,America#n Brown Ale,16,0.068,nan,522,Uncommon Brewers,Santa Cruz,CA
2269,347,Golden State Ale,Belgian Pale Ale,16,0.064,nan,522,Uncommon Brewers,Santa Cruz,CA
2270,346,Baltic Porter,Balti??c P#orter,16,0.078,nan,,Uncommon Brewers,Santa Cruz,CA
2271,25,Siamese twin,Dubbel,51.45907436108621,0.085,nan,522,Uncommon Brewers,Santa Cruz,CA
2272,2507,,American Double / Imperial IPA,12,0.085,90,71,Union Craft Brewing,Baltimore,MD
2273,2506,Old Pro,Gose,12,nan,10,71,Union Craft Brewing,Baltimore,MD
2274,829,Duckpin Pale Ale,American Pale Ale (APA),62.56079287041638,0.055,nan,71,Union Craft Brewing,Baltimore,MD
2275,582,Balt Altbier,nan,12,0.06,nan,71,Union Craft Brewing,Baltimore,MD
2276,2190,Campside Session IPA,American IPA,16,0.2416885416551463,257.1197860052447,202,Upland Brewing Company,Bloomington,IN
2277,1951,Upland Wheat Ale,Witbier,16,0.045,15,202,Upland Brewing Company,Bloomington,IN
2278,1950,Dragonfly IPA,American IPA,16,0.06,nan,202,Upland Brewing Company,Bloomington,IN
2279,2565,Lee Hill Series Vol. @@#5 - Belgian Style Quadrupel Ale,Quadrupel (Quad),19.2,0.128,nan,51,Upslope Brewing Company,Boulder,CO
2280,2564,L??ee Hill Series Vol. 4 - Manhattan Style R$ye Ale,nan,19.2,0.104,nan,,Upslope Brewing Company,Boulder,CO
2281,2563,Lee Hill Series Vol. 2 - Wild Saison,A%mer#ican Wild Ale,19.2,0.068,24,51,Upslope Brewing Company,Boulder,CO
2282,2562,Lee Hill Series Vol. 3 - Barrel Aged Imperial Stout,American Double / Imperial Stout,19.2,0.4758339867705282,51,51,Upslope Brewing Company,Boulder,CO
2283,,Lee Hill Series Vol. 1 - Barrel Aged Brown Ale,American Brown Ale,19.2,0.076,nan,51,Upslope Brewing Company,Boulder,CO
2284,2560,Blood Orange Saison,Saison / Farmhouse Ale,nan,0.06,nan,51,Upslope Brewing Company,Boulder,CO
2285,1932,Thai Style White IPA,American White IPA,12,nan,147.05978288176732,51,Upslope Brewing Company,Boulder,CO
2286,1853,Ferus Fluxus Wild Belgian Pale Ale,American Wild Ale,19.2,0.075,30,51,Upslope Brewing Company,Boulder,CO
2287,1315,Upslope Imperial India Pale Ale,American Double / Imperial IPA,104.32573818641352,0.099,90,51,Upslope Brewing Company,Boulder,CO
2288,,,Winter Warmer,16,0.082,nan,266.32400201802267,Upslope Brewing Company,Boulder,CO
2289,906,Upslope Pumpkin Ale,Pumpkin Ale,16,0.077,nan,241.58692237585865,Upslope Brewing Company,Boulder,CO
2290,683,Upslope Belgian Style Pale Ale,Belgian Pale Ale,12,0.075,30,51,Upslope Brewing Company,Boulder,CO
2291,614,Upslope Foreign Style Stout,Foreign / Export Stout,12,0.069,nan,210.9437066780323,Upslope Brewing Company,Boulder,CO
2292,466,Top Rope Mexican-style Craft Lager,Vienna Lager,12,0.2799619116509922,15,51,Upslope Brewing Company,Boulder,CO
2293,444,Upslope Craft Lager,nan,12,0.240783502360062,22,51,Upslope Brewing Company,Boulder,CO
2294,345,Upslope Brown Ale,English Brown Ale,nan,0.3752657690752413,nan,51,Upslope Brewing Company,Boulder,CO
2295,80,Upslope Pale Ale,American Pale Ale (APA),12,0.058,nan,51,Upslope Brewing Company,Boulder,CO
2296,79,U??pslope Indi@@a Pale Ale,American IPA,12,0.072,nan,51,Upslope Brewing Company,Boulder,CO
2297,382,,American Brown Ale,16,0.2290828811063244,22,546,Upstate Brewing Company,Elmira,NY
2298,381,Upstate I.P.W.,American IPA,12,0.065,70,546,Upstate Brewing Company,Elmira,NY
2299,6979.2823805584885,Squatters Full Suspension Pale Ale,American Pale Ale (APA),12,0.04,nan,302,Utah Brewers Cooperative,Salt Lake City,UT
2300,1825,Squatters Hop Rising Double IPA,American Double / Imperial IPA,12,0.09,75,302,Utah Brewers Cooperative,Salt Lake City,UT
2301,1824,Devastator Double $Bock,Doppelbock,12,0.08,nan,302,Utah Brewers Cooperative,Salt Lake City,UT
2302,1823,Wasatch Ghostrider White IPA,American Wh??it@@e IPA,12,0.06,nan,910.8150715450133,Utah Brewers Cooperative,Salt Lake City,UT
2303,1682,,American White IPA,12,0.06,nan,302,Utah Brewers Cooperative,Salt Lake City,UT
2304,5147.374995903803,Wasatch Apricot @@Hefeweizen,Fruit / Vegetable Beer,nan,0.04,nan,1757.3597038679898,Utah Brewers Cooperati@@ve,,UT
2305,1680,Squatters Hop Rising Double IPA (2014),American Double / Imperial IPA,12,0.3995229089031163,301.1454424082356,302,Utah Brewers Cooperative,Salt Lake City,UT
2306,1679,Squatters Full S@@uspension Pa??le Ale,American Pale Ale (APA),12,0.04,nan,302,Utah Brewers Cooperative,Salt Lake City,UT
2307,2245,Nunica Pine,Cider,78.00928344101446,0.068,nan,185,Vander Mill Ciders,Spring Lake,MI
2308,2244,Ginger Peach,Cider,16,0.069,nan,185,Vander Mill Ciders,Spring Lake,MI
2309,1378,Tot@@ally Roasted,Cider,16,0.068,nan,185,Vander Mill Ciders,Spring Lake,MI
2310,1377,Blue Gold,Cider,16,0.068,nan,903.1227738073662,Vander Mill Ciders,Spring Lake,MI
2311,1376,Hard Apple,Cider,78.57681343887906,0.068,nan,185,Vander Mill Ciders,Spring Lake,MI
2312,2411,Nitro Can Coffee Stout,American Stout,12,0.052,nan,113,Vault Brewing Company,Yardley,PA
2313,8980.956930974991,Voodoo Love Child,Tripel,12,0.092,119.09111621077771,322,Voodoo Brewery,Meadville,PA
2314,6138.152978976185,Wh%#ite Magick of the Sun,Witbier,49.93072424233119,0.4638097755177927,23,1679.0846523567752,Voodoo Brewery,Meadville,PA
2315,1730,Wynona's Big Brown Ale,American Brown Ale,nan,0.075,31,322,Voodoo Brewery,Meadville,PA
2316,1729,Gran Met,nan,12,0.092,25,322,Voodoo Brewery,Meadville,PA
2317,,Good Vibes IPA,American IPA,12,0.38385801138337,85,322,Voodoo Brewery,Meadville,PA
2318,1488,Pilzilla,American Double / Imperial Pilsner,12,0.075,321.1882358047113,322,Voodoo Brewery,Meadville,PA
2319,1846,Wachusett Light IPA,American IPA,44.98702308194316,0.04,37,295,Wachusett Brewing Company,Westminster,MA
2320,1845,Green Monsta IPA,American IPA,12,0.06,55,295,Wachusett Brewing Company,Westminster,MA
2321,1844,Wac@@husett IPA@@,American IPA,55.08767566008259,0.056,50,295,Wachusett Brewing Company,Westminster,MA
2322,1843,Strawberry White,Witbier,12,0.047,nan,295,Wachusett Brewing Company,Westminster,MA
2323,1418,Larry Imperial IPA,American Double / Imperial IPA,12,0.085,85,295,Wachusett Brewing Company,Westminster,MA
2324,1038,Wachusett Summer,American Pale Wheat Ale,nan,0.047,nan,295,Wachusett Brewing Company,Westminster,MA
2325,1030,Country Pale# Ale@@,English Pale Ale,64.64543740609213,0.051,91.7360435041646,295,Wachusett Brewing Company,Westminster,MA
2326,1029,Wachusett Light IPA (20%13),American IPA,12,0.04,37,295,Wachusett Brewing Company,Westminster,MA
2327,908,,Pumpkin Ale,12,0.052,20,295,Wachusett Brewing Company,Westminster,MA
2328,619,Wachusett Blueberry Ale,Fruit / Vegetable Beer,12,0.045,10,295,Wachusett Brewing Company,Westminster,MA
2329,,Green Monsta IPA,Ameri#c$an IPA,12,0.06,nan,295,Wachusett Brewing Company,Westminster,MA
2330,780,T-6 Red Ale (2004),American Amber / Red Ale,12,0.047,nan,506,Warbird Brewing Company,Fort Wayne,IN
2331,2450,Self Starter,nan,16,0.052,355.5741458858441,94,Warped Wing Brewing Company,Dayton,OH
2332,2223,Ermal's,Cre??am Ale,16,0.054,20,94,Warped Wing Brewing Company,Dayton,OH
2333,2222,10 Ton,Oatmeal Stout,16,0.07,nan,94,Warped Wing Brewing Company,Dayton,OH
2334,2221,Flyin' Rye,American IPA,16,0.07,nan,94,Warped Wing Brewing Company,Dayton,OH
2335,2439,Christmas Ale,Herbed / Spiced Beer,12,0.09,nan,100,West Sixth Brewing,Lexington,KY
2336,2356,Pay It Forward Cocoa Porter,American Porter,nan,0.07,nan,100,West Sixth Brewing,Lexington,KY
2337,1069,West Sixth Amber Ale,American Amber / Red Ale,nan,0.055,nan,100,West Sixth Brewing,Lexington,KY
2338,,West Sixth IPA,American IPA,12,nan,nan,100,West Sixth Brewing,Lexington,KY
2339,1542,,American Pale Ale (APA),nan,0.055,nan,2005.501047695832,Westbrook Brewing Company,Mt. Pleasant,S@@C
2340,1312,Westbrook Gose,Gose,12,0.04,5,2219.6348197202124,Westbrook Brewing Company,Mt. Pleasant,SC
2341,576,White Thai,Witbier,12,0.05,16,384,Westbrook Brewing Company,Mt. Pleasant,SC
2342,575,Westbrook IPA,American IPA,61.03253303329776,0.068,65,384,Westbrook Brewing Company,Mt. Pleasant,SC
2343,1645,Westfiel#d Octoberfest,Märzen / Ok%toberfest,12,0.057,22,351,Westfield River Brewing Company,Westfield,MA
2344,1551,Pop's Old Fashioned Lager,American Amber / Red Lager,12,0.052,nan,1395.320537131048,Westfield River Brewing Company,%Westfield,MA
2345,1550,,American IPA,12,0.058,216.94135846212043,351,Westfield River Brewing Company,Westfield,MA
2346,12404.309401005885,Royal Lager,American Pale Lager,16,nan,nan,132,Weston Brewing Company,Weston,MO
2347,8544.265715800597,Rip Van Winkle (Current),Bock,41.00960924566525,0.08,nan,132,Weston Brewing Company,Weston,MO
2348,2344,O’Malley’s Stout,English Stout,12,nan,nan,132,Weston Brewing Company,Weston,MO
2349,2343,O’Malley’s IPA,American IPA,12,0.075,89,132,Weston Brewing Company,Weston,MO
2350,11906.162595257923,O’Malley’s Irish Style Cream Ale,Cream Ale,12,nan,nan,,Weston Brewing Company,Weston,MO
2351,2341,L'il Lucy's Hot Pepper Ale,Chile Beer,63.84638976173477,0.049,28,132,Weston Brewing Company,Weston,MO
2352,2340,Drop Kick Ale,American Amber /@@ Red Ale,12,0.052,nan,,Weston Brewing Company,Weston,MO
2353,2573,Raspberry Berliner Weisse,Berliner Weissbier,12,0.055,nan,47,White Birch Brewing,Hooksett,NH
2354,2572,Hop Session,American IPA,12,0.2054033070083342,nan,47,White Birch Brewing,Hooksett,NH
2355,2571,,$Berliner Weissbier,12,0.055,nan,47,White Birch Brewing,Hooksett,NH
2356,,Berliner Weisse,Berliner Weissbier,70.53407939894979,0.055,nan,47,White Birch Brewing,Hooksett,NH
2357,1498,Super G IPA,Am%erica%n IPA,16,0.06,nan,396,White Flame Brewing Company,Hudsonville,MI
2358,1838,Hefe Lemon,Radler,12,0.049,30,296,Widmer Brothers Brewing Company,Portland,OR
2359,1837,Hefe Black,Hefeweizen,12,0.049,91.0013718980552,296,Widmer Brothers Brewing Company,Portland,OR
2360,10093.526098198672,Widmer Brothers Hefeweizen,Hefeweizen,12,0.049,30,296,Widmer Brothers Brewing Company,Portland,OR
2361,1619,Hop Slayer Double IPA,American Double / Imperial IPA,37.71298973345729,0.082,100,1124.653520800699,Wild Onion Brewing Company,Lake Barrington,IL
2362,1618,Pumpkin Ale,Pumpk@@in Ale,12,0.045,nan,,Wild Onion Brew$ing Company,Lake Barrington,IL
2363,1364,Big Bowl Blonde Ale,?%?American Brown Ale,12,nan,nan,361,Wild Onion Brewing Company,Lake Barrington,IL
2364,971,Phat Chance,American Blonde Ale,53.97903080455878,0.1759252358214396,27,361,Wild Onion Brewing Company,Lake Barrington,IL
2365,740,Hop Slayer Double IPA (2011),American Double / Imperial IPA,58.509938152154504,0.082,100,,Wild Onion Brewing Company,Lake Barrington,IL
2366,430,Hop?? Slayer Double IPA (2011),American Double / Im%perial IPA,12,nan,100,2148.735627042958,Wild Onion Brewing Company,Lake Barrington,IL
2367,398,Wild Onion Summer Wit,Witbier,12,0.042,13,1943.5498405908543,Wild Onion Brewing Company,Lake Barrington,IL
2368,366,Jack Stout,Oatmeal Stout,12,0.06,23,,Wild Onion Brewing Company,%Lake Barrington,IL
2369,334,Wild Onion Pumpkin Ale (2010),$Pumpkin Ale#,71.24375692000277,0.045,nan,,Wild Onion Brewing Company,Lake Barrington,IL
2370,162,Paddy Pale Ale,American Pale Ale (APA),12,0.056,41,361,Wild Onion Brewing Company,Lake Barrington,IL
2371,2253,Blonde Hunny,Belgian Pale Ale,12,0.068,21,181,Wild Wolf Brewing Company,Nellysford,VA
2372,1318,Wild Wolf Wee Heavy Scottish Style Ale,Scotch Ale / Wee Heavy,12,0.057,20,181,Wild Wolf Brewing Company,Nellysford,VA
2373,1195,Wild Wolf America#n Pilsner,American Pilsner,12,0.045,25,181,Wild Wolf Brewing Company,Nellysford,VA
2374,1194,Alpha Ale,American Pale Ale (APA),12,0.051,45,181,Wild Wolf Brewing Company,Nellysford,VA
2375,826,Mystical Stout,Irish Dry Stout,16,0.054,nan,499,Wildwood Brewing Company,Stevensville,MT
2376,825,Bodacious Bock,Bock,16,0.075,nan,499,Wildwood Brewing Company,Stevensville,MT
2377,4651.590945592067,Ambitious Lager,Munich Helles Lager,16,0.05,nan,499,Wildwood Brewing Company,Stevensville,MT
2378,324,Wyoming Pale Ale,American Pale Ale (APA),16,0.072,nan,550,Wind River Brewing Company,Pinedale,WY
2379,323,Wind River Blonde Ale,American Blonde Ale,16,0.05,nan,550,Wind River Brewing Company,Pinedale,WY
2380,762,Ace IPA,American IPA,16,0.074,83,509,Wingman Brewers,Tacoma,WA
2381,761,P-51 Porter,American Porter,16,0.08,31,509,Wingman Brewers,Tacoma,WA
2382,2149,#001 Golden Amber Lager,American Amber / Red Lager,12,nan,nan,211,Wisconsin Brewing Company,Verona,WI
2383,8573.508313250777,#002 American I.P.A.,American IPA,12,0.071,60,1147.3353347988623,Wisconsin Brewing Company,Verona,WI
2384,2147,#003 Brown & Robust Porter,American Porter@@,55.195955985707194,0.052,nan,746.9364040878951,Wisconsin Brewing Company,Verona,WI
2385,2146,#004 Session I.P.A.,American IPA,42.302433114225785,0.048,38,696.6948853992179,Wisconsin Brewing Company,Verona,WI
2386,2047,Tarasque,Saison / Farmhouse Ale,12,0.059,nan,239,Wiseacre Brewing Company,Memphis,TN
2387,1470,Ananda India Pale Ale,American IPA,52.11379304449588,0.062,61,239,Wiseacre Brewing Company,Memphis,TN
2388,1469,Tiny Bomb,American Pilsner,12,0.1523654509526304,74.19714832784737,239,Wiseacre Brewing Company,Memphis,TN
2389,2627,Train Hopper,American IPA,12,0.058,72,14,Witch's Hat Brewing Company,,MI
2390,2626,Edward’s Portly Brown,American Brown Ale,12,0.045,nan,48.99972454426482,Witch's Hat Brewing Company,South Lyon,MI
2391,1676,Troopers Alley IPA,American IPA,12,0.059,135,344,Wolf Hills Brewing Company,Abingdon,VA
2392,1468,Wolverine Premium Lager,American Pale Lager,12,0.047,15,402,,Ann Arbor,MI
2393,822,Woodchuck Amber Hard Cider,Cider,12,0.05,nan,501,Woodchuck Hard %Cider,Mi$ddlebur%y,nan
2394,2417,4000 Footer IPA,American IPA,12,0.065,82,109,Woodstock Inn Station & Brewery,North Woodstock,NH
2395,12629.949033203266,Summer Brew,American Pilsner,12,nan,15,109,Woodstock Inn Station & Brewery,North Woodstock,NH
2396,1697,Be Hoppy IPA,American IPA,56.96379519476254,0.065,69,339,Wormtown Brewery,Worcester,MA
2397,2194,Worthy IPA,American IPA,12,0.069,69,199,Worthy Brewing Company,Bend,OR
2398,1514,Easy Day Kolsch,Kölsch,12,0.2469492411812067,25,199,Worthy Brewing Company,Bend,OR
2399,1513,Lights Out Vanilla Cream Extra Stout,American Double / Imperial IPA,12,0.077,nan,199,Worthy Brewing Company,Bend,OR
2400,1512,Worthy IPA (2013),American IPA,12,0.069,69,199,Worthy Brewing Company,Bend,OR
2401,1511,Worthy Pale,American Pale Ale (APA),46.52066520153805,0.06,50,199,Worthy Brewing Company,Bend,OR
2402,1345,Patty's Chile Beer,Chile Beer,12,0.042,nan,424,Wynkoop Brewing Company,Denver,CO
2403,1316,Colorojo Imperial Red Ale,American Strong Ale,12,nan,nan,424,Wynkoop Brewing Company,Denver,CO
2404,1045,Wynkoop Pumpkin Ale,Pumpkin Ale,12,0.2948560862705704,nan,424,Wynkoop Brewing Company,Denver,CO
2405,1035,Rocky Mountain Oyster Stout,American Stout,12,0.075,nan,424,Wynkoop Brewing Company,Denver,CO
2406,928,Belgorado,Belgian IPA,62.233264471577414,0.3249136376523435,45,,,D@@$enver,CO
2407,3064.6694230002868,Rail Yard Ale,American Amber / Red Ale,12,0.052,nan,424,Wynkoop Brewing Company,Denver,CO
2408,620,B3K Black Lager,Schwarzbier,12,0.055,nan,424,Wynkoop Brewing Company,Denver,CO
2409,145,Silverback Pale Ale,American Pale Ale (APA),12,0.055,40,424,Wynkoop Brewing Company,Denver,CO
2410,84,Rail Yard Ale (2009),American Amber / Red Ale,12,0.052,nan,424,Wynkoop Brewing Company,Denver,CO
