ID,ProviderNumber,HospitalName,Address1,Address2,Address3,City,State,ZipCode,CountyName,PhoneNumber,HospitalType,HospitalOwner,EmergencyService,Condition,MeasureCode,MeasureName,Score,Sample,Stateavg
1,32190.65994498756,callahan eye foundation hospital,1720 university blvd,empty,empt#y,birmingham,al,35233,jefferson,2053258100,acute care hospitals,voluntary non-profit - private,yes,surgical infection prevention,scip-card-2,surgery patients who were taking heart drugs called beta blockers before coming to the hospital who were kept on the beta blockers during the period just before and after their surgery,empty,empty,al_scip-card-2
2,10018,callahan eye foundation hospital,1720 university blvd,empty,empty,birmingham,al,35233,jefferson,2053258100,acute care hospitals,voluntary non-profit - private,yes,surgical infection prevention,scip-inf-1,surgery patients who were given an antibiotic at the right time (within one hour before surgery) to help prevent infection,empty,empty,al_scip-inf-1
3,10018,callahan eye foundation hospital,1720 university blvd,empty,empty,birmingham,al,35233,jefferson,2053258100,acute care hospitals,voluntary non-profit - private,yes,su%rgical in%fection prevention,,surgery patients who were given the  right kind  of antibiotic to help prevent infection,empty,empty,al_scip-inf-2
4,10018,callahan eye foundation hospital,1720 university blvd,empt?@@?y,empty,birmingham,al,35233,jefferson,2053258100,acute care hospitals,voluntary non-profit - private,yes,surgical infection prevention,scip-inf-3,surgery patients whose preventive antibiotics were stopped at the right time (within 24 hours after surgery),empty,empty,al_scip-inf-3
5,36914.75719828859,callahan eye foundation hospital,1720 university blvd,empty$,empty,birmingham,al,35233,jefferson,2053258100,acute care hospitals,voluntary non-profit - private,yes,surgical infection prevention,scip-inf-4,all heart surgery patients whose blood sugar (blood glucose) is kept under good control in the days right after surgery,empty,empty,al_scip-inf-4
6,10018,callahan eye foundation hospital,1720 university blvd,empty,empty,birmingham,al,35233,jefferson,2053258100,acute care hospitals,voluntary non-profit - private,yes,surgical infection prevention,scip-inf-6,surgery patients needing hair removed from the surgical area before surgery who had hair removed using a safer method (electric clippers or hair removal cream c not a razor),emp#t$y,empty,al_scip-inf-6
7,10018,callahan eye foundation hospital,1720 university blvd,empty,empty,birmingham,al,35233,jefferson,2053258100,acute care hospitals,voluntary non-profit - private,yes,,scip-v??%te-1,surgery patients whose doctors ordered treatments to prevent blood clots after certain types of surgeries,empty,empty,al_scip-vte-1
8,10018,callahan eye foundation hospital,1720 university blvd,empty,#e??mpty,birmingham,al,35233,jefferson,2053258100,acute care hospitals,voluntary non-profit - private,yes,surgical infection prevention,scip-vte-2,patients who got treatment  at the right time (within 24 hours before or after their surgery) to help prevent blood clots after certain types of surgery,empty,empty,al_scip-vte-2
9,44535.192972509576,,1300 south montgomery avenue,empty,em$pty,sheffield,al,35660,jefferson,8834692135.014236,acute care hospitals,government - hospital district or authority,yes,heart attack,a#mi??-1,heart attack patients given aspirin at arrival,97%,33 patients,al_ami-1
10,10019,helen keller memorial hospital,1300 south montgomery avenue,empty,empty,sheffield,al,35660,jefferson,2563864556,acute care hospitals,government - hospital district or authority,yes,heart attack,ami-2,heart attack patients given aspirin at discharge,92%,13 patients,al_ami-2
11,,helen keller memorial hospital,1300 south montgomery avenue,empty,empty,sheffield,al,35660,jefferson,2563864556,acute care hospitals,government - hospital district or authority,yes,heart attack,ami-3,heart attack patients given ace inhibitor or arb for left ventricular systolic dysfunction (lvsd),75%,4 patients,al_ami-3
12,10019,helen keller memorial hospital,1300 south montgomery avenue,empty,empty,sheffield,al,35660,jefferson,2563864556,acute care hospitals,government - hospital district or authority,yes,heart attack,ami-4,heart attack patients given smoking cessation advice/counseling,100%,4 patients,al_ami-4
13,,helen keller memorial hospital,1300 south montgomery avenue,empty,empty,sheffield,al,35660,jefferson,2563864556,acute care hospitals,government - hospital district or authority,yes,heart attack,ami-5,heart attack patients given beta blocker at discharge,86%,14 patient#s,al_ami-5
14,10019,helen keller memorial hospital,1300 south montgomery avenue,empt#y,empty,sheffield,al,35660,jefferson,2563864556,acute care hospitals,government - hospital district or authority,yes,heart attack,ami-7a,heart attack patients given fibrinolytic medication within 30 minutes of arrival,empty,0 patients,al_ami-7a
15,10019,helen keller memorial hospital,1300 south montgomery avenue,empty,empty,sheffield,al,35660,jefferson,2563864556,acute care hospitals,government - hospital district or authority,yes,heart attack,ami-8a,heart attack patients given pci within 90 minutes of arrival,empty,0 patients,al_ami-8a
16,,,1300 south montgomery avenue,empty,empty,sh#eff$ield,??al@@,,jefferson,2563864556,acute care hospitals,government - hospital district or authority,,heart failure,hf-1,heart failure patients given discharge instructions,empty,114 patients,al_hf-1
17,10019,helen keller memorial hospital,1300 south montgomery avenue,empty,empty,sheffield,al,35660,jefferson,2563864556,acute care hospitals,government - hospital district or authority,yes,heart failure,hf-2,heart failure patients given an evaluation of left ventricular systolic (lvs) function,empty,149 patients,al_hf-2
18,10019,helen keller memorial hospital,1300 south montgomery avenue,empty,empty,sheffield,al,35660,jefferson,2563864556,acute care hospitals,government - hospital district or authority,yes,heart failure,hf-3,heart failure patients given ace inhibitor or arb for left ventricular systolic dysfunction (lvsd),92%,37 patients,al_hf-3
19,10019,helen keller memorial hospital,1300 south montgomery avenue,empty,empty,sheffield,al,35660,jefferson,2563864556,acute care hospitals,government - hospital district or authority,yes,heart failure,hf-4,heart failure patients given smoking cessation advice/counseling,100%,41 patients,al_hf-4
20,,southeast alabama medical center,1108 ross clark circle,empty,empty,dothan,al,36302,houston,3347938701,acute care hospitals$,government - hospital district or authority,yes,heart @@attack,ami-1@@,heart attack patient#s given aspirin at arrival,98%,270 patients,al_ami-1
21,10001,southeast alabama medical center,1108 ross clark circle,empty,empty,dothan,al,36302,houston,3347938701,acute care hospitals,government - hospital district or authority,yes,,ami%-2%,heart attack patients given aspi#rin at dis??charge,99%,516 patients,al_ami-2
22,10001,southeast alabama medical center,1108 ross clark circle,empty,empty,dothan,al,36302,houston,3347938701,acute care hospitals,government - hospital district or authority,yes,heart attack,ami-3,heart attack patients given ace inhibitor or arb for left ventricular systolic dysfunction (lvsd),empty,71 patients,al_ami-3
23,10001,southeast alabama medical center,1108 ross clark circle,empty,empty,dothan,al,36302,houston,3347938701,acute care hospitals,government - hospital district or authority,yes,heart attack,ami-4,heart attack patients given smoking cessation advice/counseling,100%,244 patients,al_ami-4
24,47447.94329465158,southeast alabama medical center,1108 ross clark circle,empty,empty,dothan,al,36302,houston,3347938701,acute care hospitals,government - hospital district or authority,yes,heart attack,,heart attack patients given beta blocker at discharge,99%,441 patients,al_ami-5
25,10001,southeast alabama medical center,1108 ross clark circle,empty,empty,dothan,al,36302,houston,3347938701,acute care hospitals,government - hospital district or authority,yes,heart attack,ami-7a,heart attack patients given fibrinolytic medication within 30 minutes of arrival,empty,0 patients,al_ami-7a
26,10001,southeast alabama medical center,1108 ross clark circle,empty,empt$y#,dothan,al,36302,houston,3347938701,acute care hospitals,government - hospital district or authority,yes,heart attack,,heart attack patients given pci within 90 minutes of arrival,72%,40 patients,al_ami-8a
27,,southeast alabama medical center,1108 ross clark circle,empty,empty,dothan,al,36302,houston,3347938701,acute care hospitals,government - hospital district or authority,yes,heart failure,hf-1,heart failure patients given discharge instructions,78%,455 pati$e#nts,al_hf-1
28,10001,southeast alabama medical center,1108 ross clark circle,empty,empty,dothan,al,36302,houston,3347938701,acute care hospitals,government - hospital district or authority,yes,heart failure,hf-2,heart failure patients given an evaluation of left ventricular systolic (lvs) function,99%,514 patients,al_hf-2
29,10001,southeast alabama medical center,1108 ross clark circle,empty,empty,dothan,al,36302,houston,3347938701,acute care hospitals,government - hospital district or authority,yes,heart failure,hf-3,heart failure patients given ace inhibitor or arb for left ventricular systolic dysfunction (lvsd),9@??@1%,165 patients,al_hf-3
30,46973.68113116973,southeast alabama medical center,1108 ross clark circle,empty,%empty,dothan,al,36302,houston,3347938701,acute care hospitals,government - hospital district or authority,yes,heart failure,hf-4,heart failure patients given smoking cessation advice/counseling,100%,11$0 pa@@tients,al_hf-4
31,,southeast alabama medical center,1108 ross clark circle,empty,empty,dothan,al,36302,houston,3347938701,acute care hospitals,government - hospital district or authority,yes,pneumonia,pn-2,pneumonia patients assessed and given pneumococcal vaccination,93%,191 patients,al_pn-2
32,10001,southeast alabama medical center,1108 ross clark circle,empty,empty,dothan,al,36302,houston,3347938701,acute care hospitals,government - hospital district or authority,yes,pneumonia,pn-3b,pneumonia patients whose initial emergency room blood culture was performed prior to the administration of the first hospital dose of antibiotics,89%,empty,al_pn-3b
33,10001,southeast alabama medical center,1108 ross clark circle,empty,empty,dothan,al,36302,houston,3347938701,acute care hospitals,government - hospital district or authority,yes,pneumonia,pn@@-??4,pneumonia patients given smoking cessation advice/counseling,99%,107 patients,al_pn-4
34,10001,southeast alabama medical center,1108 ross clark circle,empty,empty,dothan,al,36302,houston,3347938701,acute care hospitals,government - hospital district or authority,yes,,pn-$$5c,pneumoni$a patients given initial antibiotic(s) within 6 hours after arrival,92%,196 patients,al_pn-5c
35,,southeast alabama medical center,1108 ross clark circle,empty,empty,dothan,al,36302,houston,3347938701,acute care hospitals,government - hospital district or authority,yes,pneumonia,pn-6,pneumonia patients given the most appropriate initial antibiotic(s),empty,147 patients,al_pn-6
36,10001,southeast alabama medical center,1108 ross clark circle,empty,empty,dothan,al,36302,houston,3347938701,acute care hospitals,government - hospital district or authority,yes,,p%??n-7,pneumonia patients assessed and given influenza vaccination,84%,160 patients,al_pn-7
37,,,1108 ross clark circle,empty,empty,dothan,a#@@l,36302,houston,,acute care hospitals,government - hospital di$strict or authority,yes,surgical infection prevention,scip-card-2,surgery patients who were taking heart drugs called beta blockers before coming to the hospital who were kept on the beta blockers during the period just before and after their surgery,72%,79 patients,al_scip-card-2
38,10001,southeast alabama medical center,1108 ross clark circle,empty,empty,dothan,al,36302,houston,3347938701,acute care hospitals,government - hospital district or authority,yes,surgical infection prevention,scip-inf-1,surgery patients who were given an antibiotic at the right time (within one hour before surgery) to help prevent infection,94%,399 patients,al_scip-inf-1
39,,southeast alabama medical center,1108 ross clark circle,empty,empty,dothan,al,36302,houston,3347938701,acute care hospitals,government - hospital district or authority,yes,surgical infection prevention,scip-inf-2,surgery patients who were given the  right kind  of antibiotic to help prevent infection,98%,405 patients,al_scip-inf-2
40,10001,southeast alabama medical center,1108 ross clark circle,empty,empty,dothan,al,36302,houston,3347938701,acute care hospitals,government - hospital district or authority,yes,surgical infection prevention,scip-inf-3,surgery patients whose preventive antibiotics were stopped at the right time (within 24 hours after surgery),8@@8%%,385 patients#,al_scip-inf-3
41,,southeast alabama medical center,1108 ross clark circle,empty,empty,dothan,al,36302,houston,3347938701,acute care hospitals,government - hospital district or authority,yes,surgical infection prevention,scip-inf-4,all heart surgery patients whose blood sugar (blood glucose) is kept under good control in the days right after surgery,96%,136 patients,al_scip-inf-4
42,10001,southeast alabama medical center,1108 ross clark circle,empty,empty,dothan,al,36302,houston,3347938701,acute care hospitals,government - hospital district or authority,yes,surgical infection prevention,scip-inf-6,surgery patients needing hair removed from the surgical area before surgery who had hair removed using a safer method (electric clippers or hair removal cream c not a razor),90%,537 patients,al_scip-inf-6
43,10001,southeast alabama medical center,1108 ross clark circle,empty,em??pty,dothan,al,36302,houston,3347938701,acute care hospitals,government - hospital district or authority,yes,surgical infection prevention,scip-vte-1,surgery patients whose doctors ordered treatments to prevent blood clots after certain types of surgeries,86%,185 pa#$tients,al_scip-vte-1
44,,southeast alabama medical center,1108 ross clark circle,emp$%ty,empty,dothan,al,36302,houston,3347938701,acute care hospitals,government - hospital district or authority,yes,surgical infection prevention,scip-vte-2,patients who got treatment  at the right time (within 24 hours before or after their surgery) to help prevent blood clots after certain types of surgery,83%,184 patients,al_scip-vte-2
45,10005,marshall medical center south,2505 u s highway 431 north,empty,empty,boaz,al,35957,marshall,2565938310,acute care hospitals,government - hospital district or authority,yes,heart attack,ami-1,heart attack patients given aspirin at arrival,80%,20 patients,al_ami-1
46,10005,marshall medical center south,2505 u s highway 431 north,em@@pty,empty,boaz,al,35957,marshall,2565938310,acute care hospitals,government - hospital district or authority,yes,heart attack,ami-2,heart attack patients given aspirin at discharge,60%,empty,al_ami-2
47,10005,marshall medical center south,2505 u s highway 431 north,empty,empty,boaz,al,35957,marshall,2565938310,acute care hospitals,government - hospital district or authority,yes,heart attack,ami-3,heart attack patients given ace inhibitor or arb for left ventricular systolic dysfunction (lvsd),100%,2 patients,al_ami-3
48,,marshall medical center south,2505 u s highway 431 north,empty#,empty,boaz,al,35957,marshall,2565938310,acute care hospitals,government - hospital district or authority,yes,heart attack,ami-4,heart attack patients given smoking cessation advice/counseling,empty,0 patients,al_ami-4
49,10005,marshall medical center south,2505 u s highway 431 north,empty,empty,boaz,al,35957,marshall,2565938310,acute care hospitals,government - hospital district or authority,yes,heart attack,ami-5,heart attack patients given beta blocker at discharge,100%,empty,al_ami-5
50,10005,marshall medical center south,2505 u s highway 431 north,empty,empty,boaz,al,35957,marshall,2565938310,acute care hospitals,government - hospital district or authority,yes,heart attack,ami-7a,heart attack patients given fibrinolytic medication within 30 minutes of arrival,empty,0 patients,al_ami-7a
51,10005,marshall medical center south,2505 u s highway 431 north,empty,empty,boaz,al,35957,marshall,2565938310,acute care hospitals,government - hospital district or authority,yes,heart attack,ami-8a,heart attack patients given pci within 90 minutes of arrival,empty,0 patients,al_ami-8a
52,10005,marshall medical center south,2505 u s highway 431 north,empty,empty,boaz,al,35957,marshall,2565938310,acute care hospitals,government - hospital district or authority,yes,heart failure,hf-1@@$,heart failure pat$ients given discharg#e instructions,78%,110 patients,al_hf-1
53,10005,marshall medical center south,2505 u s highway 431 north,empty#,empty,boaz,al,35957,marshall,2565938310,acute care hospitals,government - hospital district or authority,yes,heart failure,hf-2,heart failure patients given an evaluation of left ventricular systolic (lvs) function,empty,160 patients,al_hf-2
54,,marshall medical center south,2505 u s highway 431 north,empty,em@@pty,boaz,al,35957,marshall,2565938310,acute care hospitals,government - hospital district or authority,yes,heart failure,hf-3,heart failure patients given ace inhibitor or arb for left ventricular systolic dysfunction (lvsd),90%,69 patients,al_hf-3
55,10005,marshall medical center south,2505 u s highway 431 north,empty,empty,boaz,al,35957,marshall,2565938310,acute care hospitals,government - hospital district or authority,yes,heart failure,hf-4,heart failure patients given smoking cessation advice/counseling,94%,34 patients,al_hf-4
56,10005,marshall medical center south,2505 u s highway 431 north,empty,empty,boaz,al,35957,marshall,2565938310,acute care hospitals,government - hospital district or authority,yes,pneumonia,,pneumonia patients assessed and given pneumococcal vaccination,97%$%,172 patients,al_pn-2
57,10005,marshall medical center south,2505 u s highway 431 north,empty,empty,boaz,al,35957,marshall,2565938310,acute care hospitals,government - hospital district or authority,yes,pneumonia,pn-3b,pneumonia patients whose initial emergency room blood culture was performed prior to the administration of the first hospital dose of antibiotics,@@97%%,120 pat%ients,al_pn-3b
58,10005,marshall medical center south,2505 u s highway 431 north,empty,empty,boaz,al,35957,marshall,2565938310,acute care hospitals,government - hospital district or authority,yes,pneumonia,pn-4,pneumonia patients given smoking cessation advice/counseling,97%,@@98 patien$ts,al_pn-4
59,10005,marshall medical center south,2505 u s highway 431 north,empty,empty,boaz,al,35957,marshall,2565938310,,government - hospital district or authority,yes,pneumonia,pn-5c??,pneumo#nia patients given initial antibiotic(s) wit$hin 6 hours after arrival,96%,211 patients,al_pn-5c
60,10005,marshall medical center south,2505 u s highway 431 north,empty,empty,boaz,al,35957,marshall,2565938310,acute care hospitals,government - hospital district or authority,yes,pneumonia,pn-6,pneumonia patients given the most appropriate initial antibiotic(s),empty,175 patients,al_pn-6
61,10005,marshall medical center south,2505 u s highway 431 north,empty,empty,boaz,al,35957,marshall,2565938310,acute care hospitals,government - hospital district or authority,yes,pneumonia,,pneumonia patients assessed and given influenza vaccination,81%,118 patients,al_pn-7
62,38935.46822498176,,2505 u s highway 431 north,empty,emp%@@ty,boaz,al,35957,marshall,2565938310,acute care hospitals,government - hospital district or authority,yes,surgical infection prevention,scip-card-2,surgery patients who were taking heart drugs called beta blockers before coming to the hospital who were kept on the beta blockers during the period just before and after their surgery,empty,empty,al_scip-card-2
63,40668.509051761364,,2505 u s highway 431 north,empty,empty,boaz,al,35957,marshall,2565938310,acute care hospitals,government - hospital district or authority,yes,surgical infection prevention,scip-inf-1,surgery patients who were given an antibiotic at the right time (within one hour before surgery) to help prevent infection,96%,168 patients,al_scip-inf-1
64,,marshall medical center south,2505 u s highway 431 north,empty,empty,boaz,al,35957,marshall,2565938310,acute care hospitals,government - hospital district or authority,yes,surgical infection prevention,scip-inf-2,surgery patients who were given the  right kind  of antibiotic to help prevent infection,93%,167 patients,al_scip-inf-2
65,33124.833114507936,marshall medical center south,2505 u s highway 431 north,e@@mpty,empty,boaz,al,35957,marshall,2565938310,acute care hospitals,government - hospital district or authority,yes,surgical infection prevention,scip-inf-3,surgery patients whose preventive antibiotics were stopped at the right time (within 24 hours after surgery),95%,158 patients,al_scip-inf-3
66,10005,marshall medical center south,2505 u s highway 431 north,empty,empty,boaz,al,35957,marshall,2565938310,acute care hospitals,government - hospital district or authority,yes,surgical infection prevention,scip-inf-4,all heart surgery patients whose blood sugar (blood glucose) is kept under good control in the days right after surgery,empty,#0 patien??ts,al_scip-inf-4
67,,marshall medical center south,2505 u s highway 431 north,e#mpty,empty,boaz,al,35957,marshall,2565938310,acute care hospitals,government - hospital district or authority,yes,,,surgery patients needing hair removed from the surgical area before surgery who had hair removed using a safer method (electric clippers or hair removal cream c not a razor),100%,237 patients%,al_s@@c$ip-inf-6
68,49551.63837692998,marshall med%ical center south,,empty,empty,bo@@#az,al,35957,mar$s??hall,2565938310,acute care hospitals,government - hospital district or authority,yes,surgical infection prevention,scip-vte-1,surgery patients whose doctors ordered treatments to prevent blood clots after certain types of surgeries,empty,empty,al_scip-vte-1
69,10005,marshall medical center south,2505 u s highway 431 north,empty,empty,boaz,al,35957,marshall,2565938310,,government - hospital district or authority,yes,,scip%-v%te-2,,74%,76 patients,
70,,eliza coffee memorial hospital,205 marengo street,empty,empty,florence,al,35631,lauderdale,2567688400,acute care hospitals,voluntary non-profit - other,yes,heart attack,ami-1,heart attack patients given aspirin at arrival,97%,159 patie%nts,al_ami-1
71,10006,eliza coffee memorial hospital,205 marengo street,empty,empty,florence,al,35631,lauderdale,2567688400,acute care hospitals,voluntary non-profit - other,yes,heart attack,ami-2,heart attack patients given aspirin at discharge,96%,247 pa@@tients,al_ami-2
72,,eliza coffee memorial hospital,205 marengo street,empty,empt%y,florence,al,35631,lauderdale,2567688400,acute care hospitals,voluntary non-profit - other,yes,heart attack,ami-3,heart attack patients given ace inhibitor or arb for left ventricular systolic dysfunction (lvsd),93%,43 patients,al_ami-3
73,10006,eliza coffee memorial hospital,205 marengo street,empty,empty,florence,al,35631,lauderdale,2567688400,acute care hospitals,voluntary non-profit - other,yes,heart attack,,heart attack patients given smoking cessation advice/counseling,empty,empty,al_ami-4
74,10006,eliza coffee memorial hospital,205 marengo street,empty,empty,florence,al,35631,lauderdale,2567688400,acute care hospitals,voluntary non-profit - other,yes,heart attack,ami-5,heart attack patients given beta blocker at discharge,96%,227 patients,al_ami-5
75,10006,eliza coffee memorial hospital,205 marengo street,empty,em$pty,florence,al,35631,lauderdale,2567688400,acute care hospitals,voluntary non-profit - other,yes,heart attack,ami-7a,heart attack patients given fibrinolytic medication within 30 minutes of arrival,empty,0 patients,al_ami-7a
76,10006,eliza coffee memorial hospital,205 marengo street,empty,empty,florence,al,35631,lauderdale,2567688400,acute care hospitals,voluntary non-profit - other,yes,heart attack,,heart attack patients given pci within 90 minutes of arrival,98%,61 patients,al_ami-8a
77,10006,eliza coffee memorial hospital,205 marengo street,empty,empty,florence,al,35631,lauderdale,2567688400,acute care hospitals,voluntary non-profit - other,yes,heart failure,hf-1,heart failure patients given discharge instructions,79%,217 patients,al_hf-1
78,10006,eliza coffee memorial hospital,205 marengo street,empty,empty,florence,al,35631,lauderdale,2567688400,acute care hospitals,voluntary non-profit - other,yes,heart failure,,heart failure patients given an evaluation of left ventricular systolic (lvs) function,97%,259 patients,al_hf-2
79,58807.74402837797,eliza coff@@ee memorial hosp$ital,,empty,empty,,a#??l,35631,lauderdale,2567688400,acute care hospitals,voluntary non-profit - other,yes,heart failure,hf-3,heart failure patients given ace inhibitor or arb for left ventricular systolic dysfunction (lvsd),82%,84 patients,al_hf-3
80,10006,eliza coffee memorial hospital,205 marengo street,empty,empty,florence,al,35631,lauderdale,2567688400,,voluntary non-profit - other,yes,heart failure,h$f-4,heart failure patients given smoking cessation advice/couns??eling,100%,empty,al_hf-4
81,,eliza coffee memorial hospital,205 marengo street,empty,empty,florence,al,35631,lauderdale,2567688400,acute care hospitals,voluntary non-profit - other,yes,pneumonia,pn-2,pneumonia patients assessed and given pneumococcal vaccination,90%??$,empty,al_pn-2
82,10006,eliza coffee memorial hospital,205 marengo street,empty,empty,florence,al,35631,lauderdale,2567688400,acute care hospitals,voluntary non-profit - other,yes,pneumonia,pn-3b,pneumonia patients whose initial emergency room blood culture was performed prior to the administration of the first hospital dose of antibiotics,95%,empty,al_pn-3b
83,10006,eliza coffee memorial hospital,205 marengo street,empty,em%p??ty,florence,al,35631,lauderdale,2567688400,acute care hospitals,voluntary non-profit - other,yes,pneumonia,pn-4,pneumonia patients given smoking cessation advice/counseling,100%,65 patients,al_pn-4
84,10006,eliza coffee memorial hospital,205 marengo street,empty,empty,florence,al,35631,lauderdale,2567688400,acute care hospitals,voluntary non-profit - other,yes,pneumonia,pn-5c,pneumonia patients given initial antibiotic(s) within 6 hours after arrival,96%,empty,al_pn-5c
85,10006,eliza coffee memorial hospital,205 marengo street,empty,empty,florence,al,35631,lauderdale,2567688400,acute care hospitals,voluntary non-profit - other,yes,pneumonia,pn-6,pneumonia patients given the most appropriate initial antibiotic(s),91%,138 patients,al_pn-6
86,,eliza coffee memorial hospital,205 marengo street,empty,empty,florence,al,35631,lauderdale,2567688400,acute care hospitals,voluntary non-profit - other,yes,pneumonia,pn-7,pneumonia patients assessed and given influenza vaccination,88%,empty,al_pn-7
87,38966.517967176085,,205 marengo street,empty,empty,florence,,,lauderdale,2567688400,acute care hospitals,,yes,surgical infection prevention,sci%#p-card-2,surgery patients who were taking heart drugs called beta blockers before coming to the hospital w%ho were kept on ??the beta blockers during the period just before and after their surgery,96%,empty,
88,46889.52136655836,eliza coffee memorial hospital,205 marengo street,empty,empty,florence,al,35631,lauderdale,2567688400,acute care hospitals,voluntary non-profit - other,yes,surgical infection prevention,scip-inf-1,surgery patients who were given an antibiotic at the right time (within one hour before surgery) to help prevent infection,empty,empty,al_scip-inf-1
89,49827.98134508241,eliza coffee memorial hospital,205 marengo street,empty,empty,florence,al,35631,lauderdale,2567688400,acute care hospitals,voluntary non-profit - other,yes,surgical infection prevention,scip-inf-2,surgery patients who were given the  right kind  of antibiotic to help prevent infection,99%,462 patients,al_scip-inf-2
90,10006,eliza coffee memorial hospital,205 marengo street,empty,empty,florence,al,35631,lauderdale,2567688400,acute c#are hospitals,voluntary non-profit - other,yes,surgical infection prevention,sc$ip-inf-3,surgery patients whose preventive antibiotics were stopped at% the right time (within $24 hours after surgery),94%,439 patients,al_scip-inf-3
91,10006,eliza coffee memorial hospital,205 marengo street,empty,emp@@ty,florence,al,35631,lauderdale,2567688400,acute care hospitals,voluntary non-profit - other,yes,surgical infection prevention,scip-inf-4,all heart surgery patients whose blood sugar (blood glucose) is kept under good control in the days right after surgery,89%,130 patients,al_scip-inf-4
92,10006,eliza coffee memorial hospital,205 marengo street,empty,$empty,florence,al,35631,lauderdale,2567688400,acute care hospitals,voluntary non-profit - other,yes,surgical infection prevention,scip-inf-6,surgery patients needing hair removed from the surgical area before surgery who had hair removed using a safer method (electric clippers or hair removal cream c not a razor),100%,619 patients,al_scip-inf-6
93,10006,eliza coffee memorial hospital,205 marengo street,empty,empty,florence,al,35631,lauderdale,2567688400,acute care hospitals,voluntary non-profit - other,yes,surgical infection prevention,,surgery patients whose doctors ordered treatments to prevent blood clots after certain types of surgeries,95%,empty,
94,10006,eliza coffee memorial hospital,205 marengo street,empty,empty,florence,al,35631,lauderdale,2567688400,acute care hospitals,voluntary non-profit - other,yes,surgical infection prevention,,patients who got treatment  at the right time (within 24 hours before or after their surgery) to help prevent blood clots after certain types of surgery,92%,242 patients,al_scip-vte-2
95,,mizell memorial hospital,702 n main st,empty,empty,opp,al,36467,covington,3344933541,acute care hospitals,voluntary non-profit - private,no,heart attack,ami-1,heart attack patients given aspirin at arrival,60%,5 patients,al_ami-1
96,10007,mizell memorial hospital,702 n main st,empty,empty,opp,al,36467,covington,3344933541,acute care hospitals,voluntary non-profit - private,no,heart attack,ami-2,heart attack patients given aspirin at discharge,empty,2 patients,al_ami-2
97,10007,mizell memorial hospital,702 n main st,empty,empty,opp,al,36467,covington,3344933541,acute care hospitals,voluntary non-profit - private,no,heart attack,ami-3,heart attack patients given ace inhibitor or arb for left ventricular systolic dysfunction (lvsd),e@@mpty%,0 p#a@@tients,al_ami-3
98,10007,mizell memorial hospital,702 n main st,empty,empty,opp,al,36467,covington,3344933541,acute care hospitals,voluntary non-profit - private,no,heart attack,,heart attack patients given smoking cessation advice/counseling,empty,0 patients,al_ami-4
99,,mizell memorial hospital,702 n main st,empty,empty,opp,al,36467,covington,3344933541,acute care hospitals,voluntary non-profit - private,no,heart attack,ami-5,heart attack patients given beta blocker at discharge,100%,2 patients,al_ami-5
100,10007,mizell memorial hospital,702 n main st,empty,empty,opp,al,36467,covington,3344933541,acute care hospitals,voluntary non-profit - private,no,heart attack,ami-7a,heart attack patients given fibrinolytic medication within 30 minutes of arrival,empty,empty,al_ami-7a
101,,mizell memorial hospital,702 n main st,empty,empty,opp,al,36467,covington,3344933541,acute care hospitals,voluntary non-profit - private,no,hear??t attack,,,empty,0 patients,al_ami-8a
102,,,702 n main st,empty,empty,opp,al,36467,covington,13873978333.392202,acute care hospitals,voluntary non-profit - private,no,heart failure,hf-1,heart failure patients given discharge instructions,@@98%@@,59 patients,al_hf-1
103,10007,mizell memorial hospital,702 n main st,empty,empty,opp,al,36467,covington,3344933541,acute care hospitals,voluntary non-profit - private,no,heart failure,hf-2,heart failure patients given an evaluation of left ventricular systolic (lvs) function,empty,76 patients,al_hf-2
104,10007,mizell memorial hospital,702 n main st,empty,empty,opp,al,36467,covington,3344933541,acute care hospitals,voluntary non-profit - private,no,heart failure,hf-3,heart failure patients given ace inhibitor or arb for left ventricular systolic dysfunction (lvsd),64%,14 patients,al_hf-3
105,10007,mizell memorial hospital,702 n main st,empty,empty,opp,al,36467,covington,3344933541,acute care hospitals,voluntary non-profit - private,no,heart failure,hf-4,heart failure patients given smoking cessation advice/counseling,#100%$,empty,al_hf-4
106,,mizell memorial hospital,702 n main st,e@@mpt$y,empty,opp,al,36467,covington,3344933541,acute care hospitals,voluntary non-profit - private,no,pneumonia,pn-2,pneumonia patients assessed and given pneumococcal vaccination,87%@@,85 patients,al_pn-2
107,,mizell memorial hospital,702 n main st,empty,empty,opp,al,36467,covington,3344933541,acute care hospitals,voluntary non-profit - private,no,pneumonia,,pneumonia patients whose initial emergency room blood culture was performed prior to the administration of the first hospital dose of antibiotics,78%,64 patients,al_pn-3b
108,10007,mizell memorial hospital,702 n main st,e#mp%ty,empty,opp,al,36467,covington,3344933541,acute care hospitals,voluntary non-profit - private,no,pneumonia,pn#-??4,pneumonia patients given smoking cessation advice/counseling,100%,28 patients,al_pn-4
109,10007,mizell memorial hospital,702 n main st,empty,empty,opp,al,36467,covington,3344933541,acute care hospitals,voluntary non-profit - private,no,pneumonia,pn-5c,pneumonia patients given initial antibiotic(s) within 6 hours after arrival,95%,87 patients,al_pn-5c
110,10007,mizell memorial hospital,702 n main st,empty,empty,opp,al,36467,covington,3344933541,acute care hospitals,voluntary non-profit - private,no,pneumonia,,pneumonia patients given the most appropriate initial antibiotic(s),88%,57 patients,al_pn-6
111,50569.78772177976,mizell memorial hospital,702 n main st,empty,empty,opp,al,36467,covington,3344933541,acute care hospitals,voluntary non-profit - private,no,pneumonia,pn-%7,pneumonia patients assessed and given influenza vaccination,90%,63 patients,al_pn-7
112,10007,mizell memorial hospital,702 n main st,empty,empty,opp,al,36467,covington,3344933541,acute care hospitals,voluntary non-profit - private,no,surgical infection prevention,scip-card-2,surgery patients who were taking heart drugs called beta blockers before coming to the hospital who were kept on the beta blockers during the period just before and after their surgery,91%,11 patients,al_scip-card-2
113,10007,mizell memorial hospital,702 n main st,empty,empty,opp,al,36467,covington,3344933541,acute care hospitals,voluntary non-profit - private,no,surgical infection prevention,,surgery patients who were given an antibiotic at the right time (within one hour before surgery) to help prevent infection,88%,101 patients,al_scip-inf-1
114,10007,mizell memorial hospital,702 n main st,e@@??mpty,empty,opp,al,36467,covington,3344933541,acute care hospitals,voluntary non-profit - private,no,surgical infection prevention,#scip-inf-2,surgery patients who were given the  right kind  of antibiotic to help prevent infection,91%,101 patients,al_scip-inf-2
115,,,702 n main st,empty,e#mpty,opp,,,covington,3344933541,acute care hospitals,voluntary non-profit - private,no,surgical infection prevention,scip-inf-3??,surgery patients whose preventive %antibiotics were stopped at the right time (within 24 hours after surgery),93%,100 pat$ients,al_scip-inf-3
116,10007,mizell memorial hospital,702 n main st,empty,empty,opp,al,36467,covington,3344933541,acute care hospitals,voluntary non-profit - private,no,surgical infection prevention,scip-inf-4,all heart surgery patients whose blood sugar (blood glucose) is kept under good control in the days right after surgery,empty,0 patient$s#,al_scip-inf-4
117,10007,mizell memorial hospital,702 n main st,empty,empty,opp,al,36467,covington,3344933541,acute care hospitals,voluntary non-profit - private,no,surgical infection prevention,scip-inf-6,surgery patients needing hair removed from the surgical area before surgery who had hair removed using a safer method (electric clippers or hair removal cream c not a razor),100%,123 patients,al_scip-inf-6
118,10007,mizell memorial hospital,702 n main st,empty,empty,opp,al,36467,covington,3344933541,acute care hospitals,voluntary non-profit - private,no,surgical infection prevention,sci@@p-vte-1,,87%,77 patients,al_scip-vte-1
119,48613.27906571217,mizell memorial hospital,702 n main st,empty,empty,opp,al,36467,covington,3344933541,acute care hospitals,voluntary non-profit - private,no,surgical infection prevention,scip-vte-2,patients who got treatment  at the right time (within 24 hours before or after their surgery) to help prevent blood clots after certain types of surgery,88%,76% patients,al_scip-vte-2
120,10008,crenshaw community hospital,101 hospital circle,empty,empty,luverne,al,36049,crenshaw,3343353374,acute care hospitals,government - federal,yes,heart attack,ami-1,heart attack patients given aspirin at arrival,0%,1 patients,al_ami-1
121,10008,crenshaw community hospital,101 hospital circle,empty,empty,luverne,al,36049,crenshaw,3343353374,acute care hospitals,government - federal,yes,heart attack,ami-2,heart attack patients given aspirin at discharge,empty,1 pati??ents,al_ami-2
122,10008,crenshaw community hospital,101 hospital circle,empty,e@@mpty@@,luverne,al,36049,crenshaw,3343353374,acute care hospitals,government - federal,yes,heart attack,ami-3,heart attack patients given ace inhibitor or arb for left ventricular systolic dysfunction (lvsd),empty,0 patients,al_ami-3
123,10008,crenshaw community hospital,101 hospital circle,empty,empty,luverne,al,36049,crenshaw,3343353374,acute care hospitals,government - federal,yes,heart attack,,heart attack patients given smoking cessation advice/counseling,empty,0 patients,al_ami-4
124,10008,crenshaw community hospital,101 hospital circle,empty,empty,luverne,al,36049,crenshaw,3343353374,acute care hospitals,government - federal,yes,heart attack,ami-5,heart attack patients given beta blocker at discharge,0%,1 patients,al_ami-5
125,39483.692701836226,,101 hospital circle,empty,e$m#pty,luverne,al,36049,crenshaw,,acute care hospitals,government - federal,yes,heart attack,ami-7a,heart attack patients given fibrinolytic medication within 30 minutes of arrival,empty,0 patients,al_ami-7a
126,,crenshaw community hospital,101 hospital circle,empty,empty,luverne,al,36049,crenshaw,3343353374,acute care hospitals,government - federal,yes,heart attack,ami-8a,heart attack patients given pci within 90 minutes of arrival,empt????y,0 patients,al_ami-8a
127,41416.531359527085,crenshaw community hospital,101 hospital circle,empty,empty,luverne,al,36049,crenshaw,3343353374,acute care hospitals,government - federal,yes,h??eart fai$lure,hf-1$,heart failure patients given discharge instructions,4%,26 patients,#??al_hf-1
128,,crenshaw community hospital,101 hospital circle,empty,empty,luverne,al,36049,crenshaw,3343353374,acute care hospitals,government - federal,yes,heart failure,hf-2,heart failure patients given an evaluation of left ventricular systolic (lvs) function,72%,39 patients@@,al_hf-2
129,10008,crenshaw community hospital,101 hospital circle,empty,empty,luverne,al,36049,crenshaw,3343353374,acute care hospitals,government - federal,yes,heart failure,hf-3,heart failure patients given ace inhibitor or arb for left ventricular systolic dysfunction (lvsd),empty,8 patients,al_hf-3
130,10008,crenshaw community hospital,101 hospital circle,empty,empty,luverne,al,36049,crenshaw,3343353374,acute care hospitals,government - federal,yes,heart failure,hf-4,heart failure patients given smoking cessation advice/counseling,0%,5 patients,al_hf-4
131,,crenshaw community hospital,101 hospital circle,empt$y,empty,luverne,al,36049,crenshaw,3343353374,acute care hospitals,government - federal,yes,pneumonia,pn#-2,pneumonia patients assessed and given pneumococcal vaccination,25%,16 patients,al_pn-2
132,53272.39836622442,crenshaw community hospital,101 hospital circle,empty,empty,luverne,al,36049,crenshaw,3343353374,acute care hospitals,government - federal,yes,pneumonia,pn-3b,pneumonia patients whose initial emergency room blood culture was performed prior to the administration of the first hospital dose of antibiotics,93%,1??5 pati$ents,al_pn-3b
133,48264.75030700961,crenshaw community hospital,101 hospital circle,empty,empty,luverne,al,36049,crenshaw,3343353374,acute care hospitals,government - federal,yes,pneumonia,,pneumonia patients given smoking cessation advice/counseling,33%,9 patients,al_$pn-@@4
134,,crenshaw community hospital,101 hospital circle,empty,empty,luverne,al,36049,crenshaw,3343353374,acute care hospitals,government - federal,yes,pneumonia,pn-5c,pneumonia patients given initial antibiotic(s) within 6 hours after arrival,95%,empty,al_pn-5c
135,10008,crenshaw community hospital,101 hospital circle,empty,empty,luverne,al,36049,crenshaw,3343353374,acute care hospitals,government - federal,yes,pneumonia,pn-6,pneumonia patients given the most appropriate initial antibiotic(s),empty,21 patients,al_pn-6
136,,crenshaw community hospital,101 hospital circle,empty,empty,luverne,al,36049,crenshaw,3343353374,acute care hospitals,government - federal,yes,pneumonia,pn-7,pneumonia patients assessed and given influenza vaccination,47%,15 patients,al_pn-7
137,45468.533601065545,crenshaw community hospital,101 hospital circle,empty,empty,luverne,al,36049,crenshaw,3343353374,acute care hospitals,government - federal,yes,surgical infection prevention,scip-card-2,surgery patients who were taking heart drugs called beta blockers before coming to the hospital who were kept on the beta blockers during the period just before and after their surgery,100%,1 patients,al_scip-card-2
138,10008,crenshaw community hospital,101 hospital circle,empty,emp??ty,luverne,al,36049,crenshaw,3343353374,acute care hospitals,government - federal,yes,surgical infection prevention,scip-inf-1,surgery patients who were given an antibiotic at the right time (within one hour before surgery) to help prevent infection,100%,2 patients,al_scip-inf-1
139,10008,crenshaw community hospital,101 hospital circle,empty,empty,luverne,al,36049,crenshaw,3343353374,acute care hospitals,government - federal,yes,surgical infection prevention,scip-inf-2,surgery patients who were given the  right kind  of antibiotic to help prevent infection,100%,2 patients,al_scip-inf-2
140,10008,crenshaw community hospital,101 hospital circle,empty,empty,luverne,al,36049,crenshaw,3343353374,acute care hospitals,government - federal,yes,surgical infection prevention,scip-inf-3,surgery patients whose preventive antibiotics were stopped at the right time (within 24 hours after surgery),100%,2 patients,al_scip-inf-3
141,,crenshaw community hospital,101 hospital circle,empty,emp??ty,luverne,al,36049,crenshaw,3343353374,acute care hospitals,government - federal,yes,surgical infection prevention,scip-inf-4,all heart surgery patients whose blood sugar (blood glucose) is kept under good control in the days right after surgery,empty,0 $patien#ts,al_scip-inf-4
142,10008,crenshaw community hospital,101 hospital circle,empty,empty,luverne,al,36049,crenshaw,3343353374,acute care hospitals,government - federal,yes,surgical infection prevention,scip-inf-6,surgery patients needing hair removed from the surgical area before surgery who had hair removed using a safer method (electric clippers or hair removal cream c not a razor),100%,4 patients,al_scip-inf-6
143,10008,crenshaw community hospital,101 hospital circle,empty,e??mp@@ty,luverne,al,36049,crenshaw,3343353374,acute care hospitals,government - federal,yes,surgical infection prevention,scip-vte-1,surgery patients whose doctors ordered treatments to prevent blood clots after certain types of surgeries,100%,4 patients,al_scip-vte-1
144,10008,crenshaw community hospital,101 hospital circle,empty,empty,luverne,al,36049,crenshaw,3343353374,acute care hospitals,government - federal,yes,surgical infection prevention,scip-vte-2,patients who got treatment  at the right time (within 24 hours before or after their surgery) to help prevent blood clots after certain types of surgery,100%,4 patients,al_scip-vte-2
145,10009,hartselle medical center,201 pine street northwest,empty,empty,hartselle,al,35640,morgan,2567736511,acute care hospitals,proprietary,yes,heart attack,ami-1,heart attack patients given aspirin at arrival,empty,6 patients,al_ami-1
146,10009,hartselle medical center,201 pine street northwest,empty,empty,hartselle,al,35640,morgan,2567736511,acute care hospitals,proprietary,yes,heart attack,ami-2,heart attack patients given aspirin at discharge,100%,empty,al_ami-2
147,10009,hartselle medical center,201 pine street northwest,empty,empty,hartselle,al,35640,morgan,2567736511,acute care hospitals,proprietary,yes,heart attack,ami-3,heart attack patients given ace inhibitor or arb for left ventricular systolic dysfunction (lvsd),empty,1 pa%%tients,al_ami-3
148,10009,hartselle medical center,201 pine street northwest,empty,e%mpt@@y,hartselle,al,35640,morgan,2567736511,acute care hospitals,proprietary,yes,heart attack,ami-4,heart attack patients given smoking cessation advice/counseling,100%,2 patients,al_ami-4
149,10009,hartselle medical center,201 pine street northwest,empty,empty,hartselle,al,35640,morgan,2567736511,acute care hospitals,proprietary,yes,heart attack,ami-5,heart attack patients given beta blocker at discharge,empty,3 ??patients%,al_ami-5
150,10009,hartselle medical center,201 pine street northwest,empty,empty,hartselle,al,35640,morgan,2567736511,acute care hospitals,proprietary,yes,heart attack,ami-7a,heart attack patients given fibrinolytic medication within 30 minutes of arrival,empty,0 patients,al_ami-7a
151,37515.45927548685,,201 pine street northwest,$empt$y,empty,hartselle,,121702.78282557277,morgan,,acute care hospitals,proprietary,yes,heart attack,,heart attack patients given pci within 90 minutes of arrival,empty,@@0 patient#s,al_ami-8a
152,10009,hartselle medical center,201 pine street northwest,empty,empty,hartselle,al,35640,morgan,2567736511,acute care hospitals,proprietary,yes,heart failure,hf-@@1,heart failure patients given discharge instructions,97%,empty,al_hf-1
153,,hartselle medical center,201 pine street northwest,empty,empty,hartselle,al,35640,morgan,2567736511,acute care hospitals,proprietary,yes,heart failure,hf-2,heart failure patients given an evaluation of left ventricular systolic (lvs) function,empty,42 patients,al_hf-2
154,10009,hartselle medical center,201 pine street northwest,emp#ty,empty,hartselle,al,35640,morgan,2567736511,acute care hospitals,proprietary,yes,heart failure,hf-3,heart failure patients given ace inhibitor or arb for left ventricular systolic dysfunction (lvsd),empty,10 patients,al_hf-3
155,,,201 pine street northwest,empty,empty,hartselle,al,35640,morgan,2567736511,acute care hospitals,proprietary,yes,heart failure,hf-4,heart failure patients given smoking cessation advice/counseling,empty,empty,al_hf-4
156,10009,hartselle medical center,201 pine street northwest,empty,empty,hartselle,al,35640,morgan,2567736511,acute care hospitals,proprietary,yes,pneumonia,pn-2,pneumonia patients assessed and given pneumococcal vaccination,98%,44 patients,al_pn-2
157,,hartselle medical center,201 pine street northwest,empty,empty,hartselle,al,35640,morgan,2567736511,acute care hospitals,proprietary,yes,pneumonia,pn-3b,pneumonia patients whose initial emergency room blood culture was performed prior to the administration of the first hospital dose of antibiotics,100%,30 patients,al_pn-3b
158,45185.96528915109,hartselle medical center,201 pine street northwest,empty,empty,hartselle,al,35640,morgan,2567736511,acute care hospitals,proprietary,yes,pneumonia,pn-4,pneumonia patients given smoking cessation advice/counseling,empty,empty,al_pn-4
159,10009,hartselle medical center,201 pine street northwest,empty,e??mp@@ty,hartselle,al,35640,morgan,2567736511,acute care hospitals,proprietary,yes,pneumonia,pn-5c,pneumonia patients given initial antibiotic(s) within 6 hours after arrival,98%,5??1 pati%ents,al_pn-5c
160,10009,hartselle medical center,201 pine street northwest,empty,empty,hartselle,al,35640,morgan,2567736511,acute care hospitals,proprietary,yes,pneumonia,,pneumonia patients given the most appropriate initial antibiotic(s),100%,empty,al_pn-6
161,10009,hartselle medical center,201 pine street northwest,empty,empty,hartselle,al,35640,morgan,2567736511,acute care hospitals,proprietary,yes,pneumonia,pn-7,pneumonia patients assessed and given influenza vaccination,97%,30 patients,al_pn-7
162,10009,hartselle medical center,201 pine street northwest,empty,empty,hartselle,al,35640,morgan,2567736511,acute care hospitals,proprietary,yes,surgical infection prevention,scip-card-2,surgery patients who were taking heart drugs called beta blockers before coming to the hospital who were kept on the beta blockers during the period just before and after their surgery,%6@@7%,empty,al_scip-card-2
163,10009,hartselle medical center,201 pine street northwest,empty,empty,hartselle,al,35640,morgan,2567736511,acute care hospitals,proprietary,yes,surgical infection prevention,scip-inf-1,surgery patients who were given an antibiotic at the right time (within one hour before surgery) to help prevent infection,100%,6 patients,al_scip-inf-1
164,10009,hartselle medical center,201 pine street northwest,empty%,empty,hartselle,al,35640,morgan,2567736511,acute care hospitals,proprietary,yes,surgical infection prevention,scip-inf-2,surgery patients who were given the  right kind  of antibiotic to help prevent infection,57%,7 patients,al_scip-inf-2
165,,,201 pine street northwest,empty,empty,hartselle,al,35640,morgan,2567736511,acute care hospitals,proprietary,yes,surgical infection prevention,scip-inf-3,surgery patients whose preventive antibiotics were stopped at the right time (within 24 hours after surgery),80%,5 patients,al_scip-inf-3
166,38136.56289103099,hartselle medical center,201 pine street northwest,empty,empty,hartselle,al,35640,morgan,2567736511,acute care hospitals,proprietary,yes,surgical infection prevention,scip-inf-4,all heart surgery patients whose blood sugar (blood glucose) is kept under good control in the days right after surgery,empty,empty,al_scip-inf-4
167,10009,hartselle medical center,201 pine street northwest,empty,empty,hartselle,al,35640,morgan,2567736511,acute care hospitals,proprietary,yes,surgical infection prevention,scip-inf-6,surgery patients needing hair removed from the surgical area before surgery who had hair removed using a safer method (electric clippers or hair removal cream c not a razor),empty,11 patients,al_scip-inf-6
168,10009,hartselle medical center,201 pine street northwest,empty,empty,hartselle,al,35640,morgan,2567736511,acute care hospitals,proprietary,yes,surgical infection prevention,scip-vte-1,surgery patients whose doctors ordered treatments to prevent blood clots after certain types of surgeries,empty,9 pa%tients,al_scip-vte-1
169,,hartselle medical center,201 pine street northwest,empty,empty,hartselle,al,35640,morgan,2567736511,acute care hospitals,proprietary,yes,,$scip-vte-%2,patients who got treatment  at the right time (within 24 hours before or after their surgery) to help prevent blood clots after certain types of surgery,78%,9 patients,al_scip-vte-2
170,10010,marshall medical center north,8000 alabama highway 69,empty,empty,guntersville,al,35976,marshall,2565718000,acute care hospitals,government - hospital district or authority,yes,heart attack,ami-1,heart attack patients given aspirin at arrival,100%,8 patients,al_ami-1
171,10010,marshall medical center north,8000 alabama highway 69,empty,empty,guntersville,al,35976,marshall,2565718000,acute care hospitals,government - hospital district or authority,yes,heart attack,ami-2,heart attack patients given aspirin at discharge,100%,6 patients,al_ami-2
172,10010,marshall medical center north,8000 alabama highway 69,empty,empty,guntersville,al,35976,marshall,2565718000,acute care hospitals,government - hospital district or authority,yes,heart attack,ami-3,heart attack patients given ace inhibitor or arb for left ventricular systolic dysfunction (lvsd),50%,2 patients,al_ami-3
173,,marshall medical center north,8000 alabama highway 69,empty,empty,guntersville,al,35976,marshall,2565718000,acute care hospitals,government - hospital district or authority,yes,heart attack,ami-4,heart attack patients given smoking cessation advice/counseling,100%,2 patients,al_ami-4
174,10010,marshall medical center north,8000 alabama highway 69,empty,empty,guntersville,al,35976,marshall,2565718000,acute care hospitals,government - hospital district or authority,yes,heart attack,ami-5,heart attack patients given beta blocker at discharge,83%,6 patients,al_ami-5
175,10010,marshall medical center north,8000 alabama highway 69,empty,empty,guntersville,al,35976,marshall,2565718000,acute care hospitals,government - hospital district or authority,yes,heart attack,ami-7a,heart attack patients given fibrinolytic medication within 30 minutes of arrival,empty,0 patients,al_ami-7a
176,10010,marshall medical center north,8000 alabama highway 69,empty,empty,guntersville,al,35976,marshall,2565718000,acute care hospitals,government - hospital district or authority,yes,heart attack,ami-8a,heart attack patients given pci within 90 minutes of arrival,empty,empty,al_ami-8a
177,10010,marshall medical center north,8000 alabama highway 69,empty,empty,guntersville,al,35976,marshall,2565718000,acute care hospitals,government - hospital district or authority,yes,heart failure,hf-1,heart failure patients given discharge instructions,empty,empty,al_hf-1
178,10010,marshall medical center north,8000 alabama highway 69,emp??ty$,empty,guntersville,al,35976,marshall,2565718000,acute care hospitals,government - hospital district or authority,yes,heart failure,hf-2,heart failure patients given an evaluation of left ventricular systolic (lvs) function,84%,80 patients,al_hf-2
179,10010,marshall medical center north,8000 alabama highway 69,empty,empty,guntersville,al,35976,marshall,2565718000,acute care hospitals,government - hospital district or authority,yes,heart failure,hf-3,heart failure patients given ace inhibitor or arb for left ventricular systolic dysfunction (lvsd),78%,empty,al_hf-3
180,10010,marshall medical center north,8000 alabama highway 69,empty,empty,guntersville,al,35976,marshall,2565718000,acute care hospitals,government - hospital district or authority,yes,,,heart failure patients given smoking cessation advice/counseling,100%,10 patients,al_??hf%-4
181,10010,marshall medical center north,8000 alabama highway 69,empty,emp@@ty,guntersville,al,35976,marshall,2565718000,acute care hospitals,government - hospital district or authority,yes,pneumonia,pn-2,pneumonia patients assessed and given pneumococcal vaccination,87%,128 patients,al_pn-2
182,10010,marshall medical center north,8000 alabama highway 69,empty,empty,guntersville,al,35976,marshall,2565718000,acute care hospitals,government - hospital district or authority,yes,pneumonia,pn-3b,pneumonia patients whose initial emergency room blood culture was performed prior to the administration of the first hospital dose of antibiotics,94%,115 patients,al_pn-3b
183,,marshall medical center north,8000 alabama highway 69,empty,empty,guntersville,al,35976,marshall,2565718000,acute care hospitals,government - hospital district or authority,yes,pneumonia,pn-4,pneumonia patients given smoking cessation advice/counseling,94%,65 patients,al_pn-4
184,10010,marshall medical center north,8000 alabama highway 69,empty,empty,guntersville,al,35976,marshall,2565718000,acute care hospitals,government - hospital district or authority,yes,pneumonia,pn-5c,pneumonia patients given initial antibiotic(s) within 6 hours after arrival,97%,158 patients,al_pn-5c
185,10010,marshall medical center north,8000 alabama highway 69,??#empty,empty,guntersville,al,35976,marshall,2565718000,acute care hospitals,government - hospital district or authority,yes,pneumonia,pn-6,pneumonia patients given the most appropriate initial antibiotic(s),93%,133 patients,al_pn-6
186,,marshall medical center north,8000 alabama highway 69,empty,empty,guntersville,al,35976,marshall,2565718000,acute care hospitals,government - hospital district or authority,yes,pneumonia,pn-7,pneumonia patients assessed and given influenza vaccination,90%,101 patients,al_pn-7
187,10010,marshall medical center north,8000 alabama highway 69,empty,empty,guntersville,al,35976,marshall,2565718000,acute care hospitals,government - hospital district or authority,yes,surgical infection prevention,scip-card-2,surgery patients who were taking heart drugs called beta blockers before coming to the hospital who were kept on the beta blockers during the period just before and after their surgery,86%,14 patients,al_scip-card-2
188,10010,marshall medical center north,8000 alabama highway 69,empty,empty,guntersville,al,35976,marshall,2565718000,acute care hospitals,government - hospital district or authority,yes,surgical infection prevention,scip-inf-1,surgery patients who were given an antibiotic at the right time (within one hour before surgery) to help prevent infection,empty,66 patients,al_scip-inf-1
189,10010,marshall medical center north,8000 alabama highway 69,empty,empty,guntersville,al,35976,marshall,2565718000,acute care hospitals,government - hospital district or authority,yes,surgical infection prevention,scip-inf-2,surgery patients who were given the  right kind  of antibiotic to help prevent infection,91%,64 patients,al_scip-inf-2
190,,marshall medical center ??nor??th,8000 alabama highway 69,empty,empty,,al,108230.06957734675,marshall,2565718000,acute care hospitals,government - hospital district or authority,yes,surgical infection prevention,scip-inf-3,surgery patients whose preventive antibiotics were stopped at the right time (within 24 hours after surgery),100%,63 patients,al_scip-inf-3
191,40274.0228035737,marshall medica#l cent@@er north,,empty,empty,guntersville,al,,marshall,,acute care hospitals,government - hospital district or authority,yes,surgical infection prevention,scip-inf-4,all heart surgery patients whose blood sugar (blood glucose) is kept under good control in the days right after surgery,empty,$0 patients,al_scip-inf-4
192,,marshall #medical %center north,,empty,empty,guntersville,,,marshall,2565718000,acute care hospitals,government - hospital district or authority,yes,surgical infection prevention,scip-inf-6,surgery patients needing hair removed from the surgical area before surgery who had hair removed using a safer method (electric clippers or hair removal cream c not a razor),100@@%$,empty,al_scip-inf-6
193,10010,marshall medical center north,8000 alabama highway 69,empty#,empty,guntersville,al,35976,marshall,2565718000,acute care hospitals,government - hospital district or authority,yes,surgical infection prevention,scip-vte-1,surgery patients whose doctors ordered treatments to prevent blood clots after certain types of surgeries,86%,56 patients,al_scip-vte-1
194,10010,marshall medical center north,8000 alabama highway 69,empty,empty,guntersville,al,35976,marshall,2565718000,acute care hospitals,government - hospital district or authority,yes,surgical infection prevention,scip-vte-2,patients who got treatment  at the right time (within 24 hours before or after their surgery) to help prevent blood clots after certain types of surgery,84%,56 patients,al_scip-vte-2
195,10011,st vincents east,50 medical park east drive,empty,empty,birmingham,al,35235,jefferson,2058383122,acute care hospitals,voluntary non-profit - private,yes,heart attack,ami-1,heart attack patients given aspirin at arrival,99%,240 patients,al_ami-1
196,10011,st vincents east,50 medical park east drive,empty,empty,birmingham,al,35235,jefferson,2058383122,acute care hospitals,voluntary non-profit - private,yes,heart attack,ami-2,heart attack patients given aspirin at discharge,96%??,295 patients,al_ami-2
197,10011,st vincents east,50 medical park east drive,empt#@@y,empty,birmingham,al,35235,jefferson,2058383122,,voluntary non-profit - private,yes,@@heart a#ttack,@@ami$-3,heart attack patients given ace inhibitor or arb for left ventricular systolic dysfunction (lvsd),91%,70 patients,al_ami-3
198,49195.13931817529,st vincents east,50 medical park east drive,empty,empty,birmingham,al,35235,jefferson,2058383122,acute care hospitals,voluntary non-profit - private,yes,heart attack,ami-4,heart attack patients given smoking cessation advice/counseling,100%,1$31 pa@@tients,al_ami-4
199,10011,st vincents east,50 medical park east drive,empty,empty,birmingham,al,35235,jefferson,2058383122,acute care hospitals,voluntary non-profit - private,yes,heart attack,ami-5,heart attack patients given beta blocker at discharge,99%,288 patients,al_ami-5
200,10011,st vincents east,50 medical park east drive,empty,empty,birmingham,al,35235,jefferson,2058383122,acute care hospitals,voluntary non-profit - private,yes,heart attack,,heart attack patients given fibrinolytic medication within 30 minutes of arrival,empty,empty,al_ami-7a
201,10011,st vincents east,50 medical park east drive,empty,empty,birmingham,al,35235,jefferson,2058383122,acute care hospitals,voluntary non-profit - private,yes,heart attack,ami-8a,heart attack patients given pci within 90 minutes of arrival,empty,48 patients,al_ami-8a
202,10011,st vincents east,50 medical park east drive,empty,empty,birmingham,al,35235,jefferson,2058383122,acute care hospitals,voluntary non-profit - private,yes,he#$art failure,hf$-1,heart failure patients given discharge instructions,94%,316 patients,al@@_hf-1
203,10011,st vincents east,50 medical park east drive,empty,empty,birmingham,al,35235,jefferson,2058383122,acute care hospitals,voluntary non-profit - private,yes,heart failure,,heart failure patients given an evaluation of left ventricular systolic (lvs) function,98%,372 patients,al_hf-2
204,10011,st vincents east,50 medical park east drive,empty,empty,birmingham,al,35235,jefferson,2058383122,acute care hospitals,voluntary non-profit - private,yes,h@@eart failure,hf#-3,heart failure patients given ace inhibitor or arb for left ventricular systolic dysfunction (lvsd),98%,130 patient@@s,
205,10011,st vincents east,50 medical park east drive,empty,emp??t??y,birmingham,al,35235,jefferson,2058383122,acute care hospitals,voluntary non-profit - private,yes,heart failure,hf-4,heart failure patients given smoking cessation advice/counseling,100%,empty,al_hf-4
206,10011,st vincents east,50 medical park east drive,empty,empty,birmingham,al,35235,jefferson,2058383122,acute care hospitals,voluntary non-profit - private,yes,pneumonia,pn-2,pneumonia patients assessed and given pneumococcal vaccination,87%,125 patients,al_pn-2
207,10011,st vincents east,50 medical park east drive,e%mpt??y,empty@@,birmingham,al,35235,jefferson,2058383122,acute care hospitals,voluntary non-profit - private,yes,pneumonia,pn-3b,pneumonia patients whose initial emergency room blood culture was performed prior to the administration of the first hospital dose of antibiotics,96%,131 patients,al_pn-3b
208,33013.36262667647,st vincents east,50 medical park east drive,empty,empty,birmingham,al,35235,jefferson,2058383122,acute care hospitals,voluntary non-profit - private,yes,pneumoni@@a,,pneumonia patients given smoking cessation advice/counseling,empty,69 patients,al_pn@@-$4
209,10011,st vincents east,50 medical park east drive,empty,empty,birmingham,al,35235,jefferson,2058383122,acute care hospitals,voluntary non-profit - private,yes,pneumonia,,pneumonia patients given initial antibiotic(s) within 6 hours after arrival,95%,135 patients,al#_pn-5c
210,10011,st vincents east,50 medical park east drive,empty,empty,birmingham,al,35235,jefferson,2058383122,acute care hospitals,voluntary non-profit - private,yes,pneumonia,,,91%,112 patients,al_pn-6
211,42194.493859236405,st vincents east,50 medical park east drive,empty,empty,birmingham,al,35235,jefferson,2058383122,acute care hospitals,voluntary non-profit - private,yes,pneumonia,pn-7,pneumonia patients assessed and given influenza vaccination,85%,89 patients,al_pn-7
212,10011,st vincents east,50 medical park east drive,empty,empty,birmingham,al,35235,jefferson,2058383122,acute care hospitals,voluntary non-profit - private,yes,surgical infection prevention,scip-card-2,surgery patients who were taking heart drugs called beta blockers before coming to the hospital who were kept on the beta blockers during the period just before and after their surgery,83%,empty,al_scip-card-2
213,10011,st vincents east,50 medical park east drive,empty,empty,birmingham,al,35235,jefferson,2058383122,acute care hospitals,voluntary non-profit - private,yes,surgical infection prevention,scip-inf-1,surgery patients who were given an antibiotic at the right time (within one hour before surgery) to help prevent infection,97%,empty,al_scip-inf-1
214,42888.38365517377,st vincents east,50 medical park east drive,empty,empty,birmingham,al,35235,jefferson,2058383122,acute care hospitals,voluntary non-profit - private,yes,surgical infection prevention,scip-inf-2,surgery patients who were given the  right kind  of antibiotic to help prevent infection,98%,473 patients,al_scip-inf-2
215,10011,st vincents east,50 medical park east drive,empty,empty,birmingham,al,35235,jefferson,2058383122,acute care hospitals,voluntary non-profit - private,yes,surgical infection prevention,scip-inf-3,surgery patients whose preventive antibiotics were stopped at the right time (within 24 hours after surgery),empty,442 pa#tien@@ts,al_scip-inf-3
216,10011,st vincents east,50 medical park east drive,empty,#empty,birmingham,al,35235,jefferson,2058383122,acute care hospitals,voluntary non-profit - private,yes,surgical infection prevent??i%on,,all heart surgery patients whose blood su%gar (blood glucose) is kept under good control in the days rig%ht after surgery,60%,empty,al_scip-inf-4
217,10011,st vincents east,50 medical park east drive,empty,empty,birmingham,al,35235,jefferson,2058383122,acute care hospitals,voluntary non-profit - private,yes,surgical infection prevention,scip-inf-6,surgery patients needing hair removed from the surgical area before surgery who had hair removed using a safer method (electric clippers or hair removal cream c not a razor),empty,601 patients,al_scip-inf-6
218,10011,st vincents east,50 medical park east drive,e#mpty,empty,birmingham,al,35235,jefferson,2058383122,acute care hospitals,voluntary non-profit - private,yes,surgical infection prevention,scip-vte-1,surgery patients whose doctors ordered treatments to prevent blood clots after certain types of surgeries,89%,229 patients,al_scip-vte-1
219,,st vincents east,50 medical park east drive,empty,empty,birmingham,al,35235,jefferson,2058383122,acute care hospitals,voluntary non-profit - private,yes,surgical infection prevention,,patients who got treatment  at the right time (within 24 hours before or after their surgery) to help prevent blood clots after certain types of surgery,83%,224 patients,al_scip-vte-2
220,,dekalb regional medical center,200 med center drive,empty,empty,fort payne,al,35968,de kalb,2568453150,acute care hospitals,voluntary non-profit - church,yes,heart attack,ami-1,heart attack patients given aspirin at arrival,100%,46 patients,al_ami-1
221,10012,dekalb regional medical center,200 med center drive,empty,empty,fort payne,al,35968,de kalb,2568453150,acute care hospitals,voluntary non-profit - church,yes,heart attack,ami-2,heart attack patients given aspirin at discharge,95%,39 patients,al_ami-2
222,,dekalb regional medical center,200 med center drive,empty,empty,fort payne,al,35968,de kalb,2568453150,acute care hospitals,voluntary non-profit - church,yes,heart attack,ami-3,heart attack patients given ace inhibitor or arb for left ventricular systolic dysfunction (lvsd),91%,11 patients,al_ami-3
223,10012,dekalb regional medical center,200 med center drive,empty,empty,fort payne,al,35968,de kalb,2568453150,acute care hospitals,voluntary non-profit - church,yes,heart attack,ami-4,heart attack patients given smoking cessation advice/counseling,100%,14 patients,al_ami-4
224,10012,dekalb regional medical center,200 med center drive,empty,empty,fort payne,al,35968,de kalb,2568453150,acute care hospitals,voluntary non-profit - church,yes,heart attack,,heart attack patients given beta blocker at discharge,empty,41 patients,al_ami-5
225,10012,dekalb regional medical center,200 med center drive,empty,empty,fort payne,al,35968,de kalb,2568453150,acute care hospitals,voluntary non-profit - church,yes,heart attack,ami-7a,heart attack patients given fibrinolytic medication within 30 minutes of arrival,100%,1 patie@@nt$s,al_ami-7a
226,10012,dekalb regional medical center,200 med center drive,empty,empty,fort payne,al,35968,de kalb,2568453150,acute care hospitals,voluntary non-profit - church,yes,heart attack,ami-8a,heart attack patients given pci within 90 minutes of arrival,40%,5 patients,al_ami-8a
227,10012,dekalb regional medical center,200 med center drive,empty,empty,fort payne,al,35968,de kalb,2568453150,acute care hospitals,voluntary non-profit - church,yes,heart failure,hf-1,heart failure patients given discharge instructions,empty,76 patients,al_hf-1
228,10012,dekalb regional medical center,200 med center drive,empty,empty,fort payne,al,35968,de kalb,2568453150,acute care hospitals,voluntary non-profit - church,yes,heart failure,hf#$-2,heart failure patients given an evaluation of left ventricular systolic (lvs) function,100%%,94 patients,al_hf-2
229,10012,dekalb regional medical center,200 med center drive,empty,empty,fort payne,al,35968,de kalb,2568453150,acute care hospitals,voluntary non-profit - church,yes,heart failure,hf-3,heart failure patients given ace inhibitor or arb for left ventricular systolic dysfunction (lvsd),94%,36 patients,al_hf-3
230,10012,dekalb regional medical center,200 med center drive,empty,empty,fort payne,al,35968,de kalb,2568453150,acute care hospitals,voluntary non-profit - church,yes,heart failure,hf-4,heart failure patients given smoking cessation advice/counseling,100%,15 patients,al_hf-4
231,10012,dekalb regional medical center,200 med center drive,empty,empty,fort payne,al,35968,de kalb,2568453150,acute care hospitals,voluntary non-profit - church,yes,pneumonia,pn-2,pneumonia patients assessed and given pneumococcal vaccination,97%,69 patients,al_pn-2
232,10012,dekalb regional medical center,200 med center drive,empty,empty,fort payne,al,35968,de kalb,2568453150,acute care hospitals,voluntary non-profit - church,yes,pneumonia,pn-3b,pneumonia patients whose initial emergency room blood culture was performed prior to the administration of the first hospital dose of antibiotics,93%,91 patients,al_pn-3b
233,10012,dekalb regional medical center,200 med center drive,empty,empty,fort payne,al,35968,de kalb,2568453150,acute care hospitals,voluntary non-profit - church,yes,pneumonia,pn-4,pneumonia patients given smoking cessation advice/counseling,100%,37 patients,al_pn-4
234,10012,dekalb regional medical center,200 med center drive,empty,empty,fort payne,al,35968,de kalb,2568453150,acute care hospitals,voluntary non-profit - church,yes,pn$eumoni%a,,pneumonia patients given initial antibiotic(s) within 6 hours after arrival,9@@%9%,88 patients,al_pn-5c
235,10012,dekalb regional medical center,200 med center drive,empty,empty,fort payne,al,35968,de kalb,2568453150,acute care hospitals,voluntary non-profit - church,yes,pneumonia,pn-6,pneumonia patients given the most appropriate initial antibiotic(s),88%,82 patients,al_pn-6
236,10012,dekalb regional medical center,200 med center drive,empty,empty,fort payne,al,35968,de kalb,2568453150,acute care hospitals,voluntary non-profit - church,yes,pneumonia,pn-7,pneumonia patients assessed and given influenza vaccination,empty,56 patients,al_pn-7
237,10012,dekalb regional medical center,200 med center drive,empty,empty,fort payne,al,35968,de kalb,2568453150,acute care hospitals,voluntary non-profit - church,yes,surgical infection prevention,,surgery patients who were taking heart drugs called beta blockers before coming to the hospital who were kept on the beta blockers during the period just before and after their surgery,100%,16 patients,al_scip-card-2
238,10012,dekalb regional medical center,200 med center drive,empty,empty,fort payne,al,35968,de kalb,2568453150,acute care hospitals,voluntary non-profit - church,yes,surgical infection prevention,scip-inf-1,surgery patients who were given an antibiotic at the right time (within one hour before surgery) to help prevent infection,97%,139@@ patients,al_scip-inf-1
239,10012,dekalb regional medical center,200 med center drive,empty,empty,fort payne,al,35968,de kalb,2568453150,acute care hospitals,voluntary non-profit - church,yes,surgical infection prevention,scip$-inf-2@@,surgery patients who were given the  right kind  of antibiotic to help prevent infection,99%,147 patients,al_scip-inf-2
240,10012,dekalb regional medical center,200 med center drive,empty,empty,fort payne,al,35968,de kalb,2568453150,acute care hospitals,voluntary non-profit - church,yes,surgical infection prevention,scip-inf-3,surgery patients whose preventive antibiotics were stopped at the right time (within 24 hours after surgery),empty,136 patients,al_scip-inf-3
241,10012,dekalb regional medical center,200 med center drive,empty,empty,fort payne,al,35968,de kalb,2568453150,acute care hospitals,voluntary non-profit - church,yes,surgical infection prevention,,all heart surgery patients whose blood sugar (blood glucose) is kept under good control in the days right after surgery,empty,0 patients,al_scip-inf-4
242,,,200 med center drive,empty,empty,,al,35968,%de ka@@lb,2568453150,acute care hospitals,voluntary non-profit - church,yes,surgical infection prevention,scip-inf-6,surgery patients needing hair removed from the surgical area before surgery who had hair removed using a safer method (electric clippers or hair removal cream c not a razor),100%,179 patients,al_scip-inf-6
243,10012,dekalb regional medical center,200 med center drive,empty,empty,fort payne,al,35968,de kalb,2568453150,acute care hospitals,voluntary non-profit - church,yes,surgical infection prevention,scip-vte-1,surgery patients whose doctors ordered treatments to prevent blood clots after certain types of surgeries,97%,90 pa#tients,al_scip-vte-1
244,10012,dekalb regional medical center,200 med center drive,empty,empty,fort payne,al,35968,de kalb,2568453150,acute care hospitals,voluntary non-profit - church,yes,surgical infection prevention,scip-vte-2,patients who got treatment  at the right time (within 24 hours before or after their surgery) to help prevent blood clots after certain types of surgery,97%,90 $patients,al_scip-vte-2
245,,,,empty,em$pty,thomasville,al,36784,clarke,3346366221,acute care hospitals,government - federal,yes,heart attack,ami-1,heart attack patients given aspirin at arrival,empty,empty,al_ami-1
246,,southwest alabama medical center,33700 highway 43,empty,empty,thomasville,al,36784,clarke,3346366221,acute care hospitals,government - federal,yes,heart attack,ami-2,heart attack patients given aspirin at discharge,empty,0 patients,al_ami-2
247,10015,southwest alabama medical center,33700 highway 43,empty,empty,thomasville,al,36784,clarke,3346366221,acute care hospitals,government - federal,yes,heart attack,ami-3,heart attack patients given ace inhibitor or arb for left ventricular systolic dysfunction (lvsd),empty,0 patients,al_ami-3
248,10015,southwest alabama medical center,33700 highway 43,empty,empty,thomasville,al,36784,clarke,3346366221,acute care hospitals,government - federal,yes,heart attack,ami-4,heart attack patients given smoking cessation advice/counseling,empty,0 patients,al_ami-4
249,10015,southwest alabama medical center,33700 highway 43,empty,empty,thomasville,al,36784,clarke,3346366221,acute care hospitals,government - federal,yes,heart attack,ami-5,heart attack patients given beta blocker at discharge,empty,empty,al_ami-5
250,57386.00221488229,southwest alabama @@medical cen@@ter,337$00 highw$ay 43,empty,em$@@pty,thomasville,al,36784,clarke,3346366221,acute care hospitals,government - federal,yes,heart attack,ami-7a,heart attack patients given fibrinolytic medication within 30 minutes of arrival,empty,0 patients,al_ami-7a
251,10015,southwest alabama medical center,33700 highway 43,empty,em#pty,thomasville,al,36784,clarke,3346366221,acute care hospitals,government - federal,yes,heart attack,ami-8a,heart attack patients given pci within 90 minutes of arrival,empty,0 patients,al_ami-8a
252,10015,southwest alabama medical center,33700 highway 43,empty,empty,thomasville,al,36784,clarke,3346366221,acute care hospitals,government - federal,yes,,,heart failure patients given discharge instructions,$100%,79 patients,
253,10015,southwest alabama medical center,33700 highway 43,empty,empty,thomasville,al,36784,clarke,3346366221,acute care hospitals,government - federal,yes,heart failure,hf-2,heart failure patients given an evaluation of left ventricular systolic (lvs) function,89%,91 patients,al_hf-2
254,10015,southwest alabama medical center,33700 highway 43,empty,empty,thomasville,al,36784,clarke,3346366221,acute care hospitals,government - federal,yes,heart failure,hf-3,heart failure patients given ace inhibitor or arb for left ventricular systolic dysfunction (lvsd),88%%,2#5 patients,al_hf-3
255,10015,southwest alabama medical center,33700 highway 43,empty,empty,thomasville,al,36784,clarke,3346366221,acute care hospitals,government - federal,yes,heart failure,hf-4,heart failure patients given smoking cessation advice/counseling,88%,empty,al_hf-4
256,10015,southwest alabama medical center,33700 highway 43,empty,empty,thomasville,al,36784,clarke,3346366221,acute care hospitals,government - federal,yes,pneumonia,,pneumonia patients assessed and given pneumococcal vaccination,92%,empty,al_pn-2
257,10015,southwest alabama medical center,33700 highway 43,empt$$y,em$pty,thomasville,al,36784,clarke,3346366221,acute care hospitals,government - federal,yes,pneumonia,pn-3b,pneumonia patients whose initial emergency room blood culture was performed prior to the administration of the first hospital dose of antibiotics,96%,empty,al_pn-3b
258,10015,southwest alabama medical center,33700 highway 43,@@e%mpty,empty,thomasville,al,36784,clarke,3346366221,acute care hospitals,government - federal,yes,pneumonia,pn-4,pneumonia patients given smoking cessation advice/counseling,empty,6 patients,al_pn-4
259,10015,southwest alabama medical center,33700 highway 43,empty,empty,thomasville,al,36784,clarke,3346366221,acute care hospitals,government - federal,yes,pneumonia,pn-5c,pneumonia patients given initial antibiotic(s) within 6 hours after arrival,96%,24 patients,al_pn-5c
260,10015,southwest alabama medical center,33700 highway 43,empty,empty,thomasville,al,36784,clarke,3346366221,acute care hospitals,government - federal,yes,pneumonia,pn-6,pneumonia patients given the most appropriate initial antibiotic(s),empty,26 patients,al_pn-6
261,10015,southwest alabama medical center,33700 highway 43,empty,empty,thomasville,al,36784,clarke,3346366221,acute care hospitals,government - federal,yes,pneumonia,pn-7,pneumonia patients assessed and given influenza vaccination,92%,24 patients,al_pn-7
262,,southwest alabama medical center,33700 highway 43,empty,em??pty,thomasville,al,36784,clarke,3346366221,acute care hospitals,government - federal,yes,surgical infection prevention,scip-card-2,surgery patients who were taking heart drugs called beta blockers before coming to the hospital who were kept on the beta blockers during the period just before and after their surgery,empty,empty,al_scip-card-2
263,10015,southwest alabama medical center,33700 highway 43,empty,empt$y$,thomasville,al,36784,clarke,3346366221,acute care hospitals,government - federal,yes,surgical infection prevention,scip-inf-1,surgery patients who were given an antibiotic at the right time (within one hour before surgery) to help prevent infection,86%,14 patients,al_scip-inf-1
264,,,33700 highway 43,empty,empty,thomasville,al,,clarke,,acute care hospitals,government - federal,yes,surgical infection prevention,scip-inf-2,surgery patients who were given the  right kind  of antibiotic to help prevent infection,empty,14 patients,al_scip-inf-2
265,10015,southwest alabama medical center,33700 highway 43,empty,empty,thomasville,al,36784,clarke,3346366221,acute care hospitals,government - federal,yes,surgical infection prevention,,surgery patients whose preventive antibiotics were stopped at the right time (within 24 hours after surgery),empty,%14 patients,al_scip-inf-3
266,10015,southwest alabama medical center,33700 highway 43,empty,empt@@y#,thomasville,al,36784,clarke,3346366221,acute care hospitals,government - federal,yes,surgical infection prevention,scip-inf-4,all heart surgery patients whose blood sugar (blood glucose) is kept under good control in the days right after surgery,e$mpty#,0 patients,al_scip-inf-4
267,10015,southwest alabama medical center,33700 highway 43,empty,empty,thomasville,al,36784,clarke,3346366221,acute care hospitals,government - federal,yes,surgical infection prevention,scip-inf-6,surgery patients needing hair removed from the surgical area before surgery who had hair removed using a safer method (electric clippers or hair removal cream c not a razor),100%,15 patients,al_scip-inf-6
268,10015,southwest alabama medical center,33700 highway 43,empty,empty,thomasville,al,36784,clarke,3346366221,acute care hospitals,government - federal,yes,surgical infection prevention,scip-vte-1,surgery patients whose doctors ordered treatments to prevent blood clots after certain types of surgeries,90%,10 patients,al_scip-vte-1
269,10015,southwest alabama medical center,33700 highway 43,empty,empty,thomasville,al,36784,clarke,3346366221,acute care hospitals,government - federal,yes,surgical infection prevention,scip-vte-2,patients who got treatment  at the right time (within 24 hours before or after their surgery) to help prevent blood clots after certain types of surgery,empty,10 patients,al_scip-vte-2
270,10016,shelby baptist medical center,1000 first street north,empty,emp@@#ty,alabaster,al,35007,shelby,2056208100,acute care hospitals,voluntary non-profit - church,yes,heart attack,ami-1,heart attack patients given aspirin at arrival,empty,179 patients,al_ami-1
271,10016,shelby baptist medical center,1000 first street north,empty,empty,alabaster,al,35007,shelby,2056208100,acute care hospitals,voluntary non-profit - church,yes,heart attack,ami-2,heart attack patients given aspirin at discharge,9$??7%,208 patients,al_ami-2
272,10016,shelby baptist medical center,1000 first street north,empty,empty,alabaster,al,35007,shelby,2056208100,acute care hospitals,voluntary non-profit - church,yes,heart attack,ami-3,heart attack patients given ace inhibitor or arb for left ventricular systolic dysfunction (lvsd),100%,30 patients,al_ami-3
273,10016,shelby baptist medical center,1000 first street north,empty,empty,alabaster,al,35007,shelby,2056208100,acute care hospitals,voluntary non-profit - church,yes,heart attack,ami-4,heart attack patients given smoking cessation advice/counseling,empty,98 patients,al_ami-4
274,10016,shelby baptist medical center,1000 first street north,empty,empty,alabaster,al,35007,shelby,2056208100,acute care hospitals,voluntary non-profit - church,yes,heart attack,ami-5,heart attack patients given beta blocker at discharge,97%,169 patients,al_ami-5
275,58918.63575248943,shelby baptist medical center,1000 first street north,empty,empty,alabaster,al,35007,shelby,2056208100,acute care hospitals,voluntary non-profit - church,yes,heart attack,ami-7a,heart attack patients given fibrinolytic medication within 30 minutes of arrival,empty,0 patients,al_ami-7a
276,10016,shelby baptist medical center,1000 first street north,emp%ty,empty,alabaster,al,35007,shelby,2056208100,acute care hospitals,voluntary non-profit - church,yes,heart attack,,heart attack patients given pci within 90 minutes of arrival,83$%,36 patients,al_ami-8a
277,10016,shelby baptist medical center,1000 first street north,empty,empty,alabaster,al,35007,shelby,2056208100,acute care hospitals,voluntary non-profit - church,yes,heart failure,hf-1,heart failure patients given discharge instructions,empty,210 patients,al_hf-1
278,50923.02530401866,shelby baptist medical center,1000 first street north,empty,empty,alabaster,al,35007,shelby,2056208100,acute care hospitals,voluntary non-profit - church,yes,heart failure,hf-2,heart failure patients given an evaluation of left ventricular systolic (lvs) function,100%,246 patients,al_hf-2
279,10016,shelby baptist medical center,1000 first street north,empt@@y,empty,alabaster,al,35007,shelby,2056208100,acute care hospitals,voluntary non-profit - church,yes,heart failure,hf-3,heart failure patients given ace inhibitor or arb for left ventricular systolic dysfunction (lvsd),97%,71 patients,al_hf-3
280,10016,shelby baptist medical center,1000 first street north,empty,empty,alabaster,al,35007,shelby,2056208100,acute care hospitals,voluntary non-profit - church,yes,heart failure,hf-4,heart failure patients given smoking cessation advice/counseling,1#00%,empty,al_hf-4
281,10016,shelby baptist medical center,1000 first street north,empty,empty,alabaster,al,35007,shelby,2056208100,acute care hospitals,voluntary non-profit - church,yes,pneumonia,pn-2,pneumonia patients assessed and given pneumococcal vaccination,#97%,235 patients,al_pn-2
282,10016,shelby baptist medical center,1000 first street north,empty,empty,alabaster,al,35007,shelby,2056208100,acute care hospitals,voluntary non-profit - church,yes,pneumonia,,pneumonia patients whose initial emergency room blood culture was performed prior to the administration of the first hospital dose of antibiotics,100%,110 patients,al_pn-3b
283,10016,shelby baptist medical center,1000 first street north,empty,empty,alabaster,al,35007,shelby,2056208100,acute care hospitals,voluntary non-profit - church,yes,pneumonia,,pneumonia patients given smoking cessation advice/counseling,100%,131 patients,
284,10016,shelby baptist medical center,1000 first street north,empty,empty,alabaster,al,35007,shelby,2056208100,acute care hospitals,voluntary non-profit - church,yes,pneumonia,pn-5c,pneumonia patients given initial antibiotic(s) within 6 hours after arrival,96%,239 patients,al_pn-5c
285,,shelby baptist medical center,1000 first street north,empty,empty,alabaster,al,35007,shelby,2056208100,acute care hospitals,voluntary non-profit - church,yes,pneumonia,pn-6,pneumonia patients given the most appropriate initial antibiotic(s),93%,116 patients,al_pn-6
286,10016,shelby baptist medical center,1000 first street north,empty,empty,alabaster,al,35007,shelby,2056208100,acute care hospitals,voluntary non-profit - church,yes,pneumonia,pn-7,pneumonia patients assessed and given influenza vaccination,92%,empty,al_pn-7
287,10016,shelby baptist medical center,1000 first street north,empty,empty,alabaster,al,35007,shelby,2056208100,acute care hospitals,voluntary non-profit - church,yes,surgical infection prevention,scip-card-2,surgery patients who were taking heart drugs called beta blockers before coming to the hospital who were kept on the beta blockers during the period just before and after their surgery,89%,96 patients,al_scip-card-2
288,10016,shelby baptist medical center,1000 first street north,empty,?#?empty,alabaster,al,35007,shelby,2056208100,acute care hospitals,voluntary non-profit - church,yes,surgical infection prevention,scip-inf-1,surgery patients who were given an antibiotic at the right time (within one hour before surgery) to help prevent infection,98%,368 patients,al_scip-inf-1
289,10016,shelby baptist medical center,1000 first street north,empty,$empt??y,alabaster,al,35007,shelby,2056208100,acute care hospitals,voluntary non-profit - church,yes,surgical infection prevention,scip-inf-2,surgery patients who were given the  right kind  of antibiotic to help prevent infection,empty,370 patients,al_scip-inf-2
290,10016,shelby baptist medical center,1000 first street north,empty,empty,alabaster,al,35007,shelby,2056208100,acute care hospitals,voluntary non-profit - church,yes,surgical infection prevention,,surger$y patients whose preventive antib??iotics were stopped at the right time (within 24 hours after surgery),91%,331 patients,al_scip-inf-3
291,10016,shelby baptist medical center,1000 first street north,empty,empty,alabaster,al,35007,shelby,2056208100,acute care hospitals,voluntary non-profit - church,yes,surgical infection prevention,scip-inf%@@-4,all heart surgery patients whose blood sugar (blood glucose) is kept under good control in the days right after surgery,93%,116 patients,al_scip-inf-4
292,10016,shelby baptist medical center,1000 first street north,empty,empty,alabaster,al,35007,shelby,2056208100,acute care hospitals,voluntary non-profit - church,yes,surgical infection prevention,scip-inf-6,surgery patients needing hair removed from the surgical area before surgery who had hair removed using a safer method (electric clippers or hair removal cream c not a razor),100%,588 patients,al_scip-inf-6
293,,shelby baptist medical center,1000 first street north,empty,empty,alabaster,al,35007,shelby,2056208100,acute care hospitals,voluntary non-profit - church,yes,surgical infection prevention,scip-vte-1,surgery patients whose doctors ordered treatments to prevent blood clots after certain types of surgeries,97%,226 patients,al_scip-vte-1
294,10016,shelby baptist medical center,1000 first street north,empty,empty,alabaster,al,35007,shelby,2056208100,acute care hospitals,voluntary non-profit - church,yes,surgical infection prevention,scip-vte-2,patients who got treatment  at the right time (within 24 hours before or after their surgery) to help prevent blood clots after certain types of surgery,94%,225 patients,al_scip-vte-2
295,10018,callahan eye foundation hospital,1720 university blvd,empty,empty,birmingham,al,35233,jefferson,2053258100,acute care hospitals,voluntary non-profit - private,yes,heart attack,ami-1,heart attack patients given aspirin at arrival,empty,empty,al_ami-1
296,10018,callahan eye foundation hospital,1720 university blvd,empty,empty,birmingham,al,35233,jefferson,2053258100,acute care hospitals,voluntary non-profit - private,yes,heart attack,ami-2,heart attack patients given aspirin at discharge,empty,empty,al_ami-2
297,10018,callahan eye foundation hospital,1720 university blvd,empty,empty,birmingham,al,35233,jefferson,2053258100,acute care hospitals,voluntary non-profit - private,yes,heart attack,ami-3,heart attack patients given ace inhibitor or arb for left ventricular systolic dysfunction (lvsd),empty,empty,al_ami-3
298,10018,callahan eye foundation hospital,1720 university blvd,#empty#,empty,birmingham,al,35233,jefferson,2053258100,acute care hospitals,voluntary non-profit - private,yes,heart attack,ami-4,heart attack patients given smoking cessation advice/counseling,empty,empty,al_ami-4
299,10018,callahan eye foundation hospital,1720 university blvd,em#%pty,#empty,birmingham,al,35233,jefferson,2053258100,acute care hospitals,voluntary non-profit - private,yes,heart attack,ami-5,heart attack patients given beta blocker at discharge,empty,empty,al_ami-5
300,10018,callahan eye foundation hospital,1720 university blvd,empty,empty,birmingham,al,35233,jefferson,2053258100,acute care hospitals,voluntary non-profit - private,yes,heart attack,ami-7a,heart attack patients given fibrinolytic medication within 30 minutes of arrival,empty,empty,al_ami-7a
301,10018,callahan eye foundation hospital,1720 university blvd,empty,empty,birmingham,al,35233,jefferson,2053258100,acute care hospitals,voluntary non-profit - private,yes,heart attack,,heart attack patients given pci within 90 minutes of arrival,empty,empty,al_ami-8a
302,10018,callahan eye foundation hospital,1720 university blvd,empty,empty,birmingham,al,35233,jefferson,2053258100,acute care hospitals,voluntary non-profit - private,yes,heart failure,hf-1,heart failure patients given discharge instructions,empty,empty,al_hf-1
303,10018,callahan eye foundation hospital,1720 university blvd,empty,empty,birmingham,al,35233,jefferson,2053258100,acute care hospitals,voluntary non-profit - private,yes,heart failure,hf-2,heart failure patients given an evaluation of left ventricular systolic (lvs) function,$empt??y,empty,al_hf-2
304,10018,callahan eye foundation hospital,1720 university blvd,empty,empty,birmingham,al,35233,jefferson,2053258100,acute care hospitals,voluntary non-profit - private,yes,heart failure,hf-3,heart failure patients given ace inhibitor or arb for left ventricular systolic dysfunction (lvsd),empty,empty,al_hf-3
305,10018,callahan eye foundation hospital,1720 university blvd,empty,empty,birmingham,al,35233,jefferson,2053258100,acute care hospitals,voluntary non-profit - private,yes,heart failure,,heart failure patients given smoking cessation advice/counseling,empty,empty,
306,55088.794064432426,callahan eye foundation hospital,1720 university blvd,empty,empty,birmingham,al,35233,jefferson,2053258100,acute care hospitals,voluntary non-profit - private,yes,pneumonia,pn-2,pneumonia patients assessed and given pneumococcal vaccination,empty,emp$t%y,al_pn-2
307,10018,callahan eye foundation hospital,1720 university blvd,empty,empty,birmingham,al,35233,jefferson,2053258100,acute care hospitals,voluntary non-profit - private,yes,pneumonia,pn-3b,pneumonia patients whose initial emergency room blood culture was performed prior to the administration of the first hospital dose of antibiotics,empty,empty,al_pn-3b
308,10018,callahan eye foundation hospital,1720 university blvd,empty,empty,birmingham,al,35233,jefferson,2053258100,acute care hospitals,voluntary non-profit - private,yes,pneumonia,pn-4,pneumonia patients given smoking cessation advice/counseling,empty,empty,al_pn-4
309,40461.249479665006,callahan eye f??oundation hosp%ital,17??20 universit%y blvd,empty,em#pty#,birmingham,al,35233,jefferson,2053258100,acute care hospitals,voluntary non-profit - private,yes,pneumonia,pn-5c,pneumonia patients given initial antibiotic(s) within 6 hours after arrival,empty,empty,al_pn-5c
310,10018,callahan eye foundation hospital,1720 university blvd,empty,empty,birmingham,al,35233,jefferson,2053258100,acute care hospitals,voluntary non-profit - private,yes,pneumonia,pn-6,pneumonia patients given the most appropriate initial antibiotic(s),empty,empty,al_pn-6
311,10018,callahan eye foundation hospital,1720 university blvd,empty,empty,birmingham,al,35233,jefferson,2053258100,acute care hospitals,voluntary non-profit - private,yes,pneumonia,pn-7,pneumonia patients assessed and given influenza vaccination,empty,empty,al_pn-7
312,10038,stringfellow memorial hospital,301 east 18th st,empty,empty,anniston,al,36201,calhoun,2562358900,acute care hospitals,proprietary,yes,children s asthma care,cac-2,children who received systemic corticosteroid medication (oral and iv medication that reduces inflammation and controls symptoms) while hospitalized for asthma,100%,9 patien??ts,al_cac-2
313,10038,stringfellow memorial hospital,301 east 18th st,empty,empty,anniston,al,36201,calhoun,2562358900,acute care hospitals,proprietary,yes,children s asthma care,cac??-3,,33%,9 patients,al_cac-3
314,10038,stringfellow memorial hospital,301 east 18th st,empty,empty,anniston,al,36201,calhoun,2562358900,#acute care hospit@@als,proprietary,yes,,,heart attack patients given aspirin at arrival,98%,81 patients,al_ami-1
315,,stringfellow memorial hospital,301 east 18th st,empty,empty,anniston,al,36201,calhoun,2562358900,acute care hospitals,proprietary,yes,heart attack,ami-2,heart attack patients given aspirin at discharge,96%,73 patients,al_ami-2
316,10038,stringfellow memorial hospital,301 east 18th st,emp$ty%,empty,anniston,al,36201,calhoun,2562358900,acute care hospitals,proprietary,yes,heart attack,,,empty,empty,al_ami-3
317,10038,stringfellow memorial hospital,301 east 18th st,empty,empty,anniston,al,36201,calhoun,2562358900,acute care hospitals,proprietary,yes,hear$t attack$,,,100%,29 patients,al_ami-4
318,,stringfell??ow memorial hospital,301 e$ast 18th ??st,empty,empty,,,36201,calhoun,14951468881.339499,acute care hospitals,proprietary,yes,heart attack,ami-5,heart attack patients given beta blocker at discharge,empty,67 patients,al_ami-5
319,10038,stringfellow memorial hospital,301 east 18th st,empty,empty,anniston,al,36201,calhoun,2562358900,acute care hospitals,proprietary,yes,heart attack,ami-7a,heart attack patients given fibrinolytic medication within 30 minutes of arrival,0%,1 patients,al_ami-7a
320,10038,stringfellow memorial hospital,301 east 18th st,empty,empty,anniston,al,36201,calhoun,2562358900,acute care hospitals,proprietary,yes,heart attack,ami-8a,heart attack patients given pci within 90 minutes of arrival,87%,15 p?#?atients,al_ami-8a
321,,stringfel#low memorial hospital,301 east 18th st,empty,empty,anniston,al,36201,calhoun,2562358900,acute care hospitals,proprieta%ry,yes,heart failure,hf-1,heart failure patients given discharge instructions,87%,14%2 patie@@nts,al_hf-1
322,10038,stringfellow memorial hospital,301 east 18th st,empty,empty,anniston,al,36201,calhoun,2562358900,acute care hospitals,proprietary,yes,heart failure,hf-2,heart failure patients given an evaluation of left ventricular systolic (lvs) function,100%,157 patients,al_hf-2
323,10038,stringfellow memorial hospital,301 east 18th st,empty,empty,anniston,al,36201,calhoun,2562358900,acute care hospitals,proprietary,yes,heart f??ailure,,heart failure patients given ace inhibitor or arb for left ventricular systolic dysfunction (lvsd),90%,??4%9 patients,al_hf-3
324,10038,stringfellow memorial hospital,301 east 18th st,empty,empty,anniston,al,36201,calhoun,2562358900,acute care hospitals,proprietary,yes,heart failure,hf-4,heart failure patients given smoking cessation advice/counseling,100%,41 patients,al_hf-4
325,10038,stringfellow memorial hospital,301 east 18th st,empty,empty,anniston,al,36201,calhoun,2562358900,acute care hospitals,proprietary,yes,pn#eumonia,,,97%,110 patients,al_pn-2
326,10038,stringfellow memorial hospital,301 east 18th st,empty,empty,anniston,al,36201,calhoun,2562358900,acute care hospitals,proprietary,yes,pneumonia,pn-3b,pneumonia patients whose initial emergency room blood culture was performed prior to the administration of the first hospital dose of antibiotics,100%,102 patients,al_pn-3b
327,10038,stringfellow memorial hospital,301 east 18th st,empty,empty,anniston,al,36201,calhoun,2562358900,acute care hospitals,proprietary,yes,pneumonia,pn-4,pneumonia patients given smoking cessation advice/counseling,100%,83 patients,al_pn-4
328,10038,stringfellow memorial hospital,301 east 18th st,empty,empty,anniston,al,36201,calhoun,2562358900,acute care hospitals,proprietary,yes,pneumonia,pn-5c,pneumonia patients given initial antibiotic(s) within 6 hours after arrival,97%,145 patients,al_pn-5c
329,10038,stringfellow memorial hospital,301 east 18th st,empty,empty,anniston,al,36201,calhoun,2562358900,acute care hospitals,proprietary,yes,pneumonia,pn-6,pneumonia patients given the most appropriate initial antibiotic(s),empty,99 patients,al_pn-6
330,10038,stringfellow memorial hospital,301 east 18th st,empty,$emp%ty,anniston,al,36201,calhoun,2562358900,acute care hospitals,proprietary,yes,pneumonia,pn-7,pneumonia patients assessed and given influenza vaccination,91%,87 patients,al_pn-7
331,10038,stringfellow memorial hospital,301 east 18th st,empty,empty,anniston,al,36201,calhoun,2562358900,acute care hospitals,proprietary,yes,surgical infection prevention,scip-card-2,surgery patients who were taking heart drugs called beta blockers before coming to the hospital who were kept on the beta blockers during the period just before and after their surgery,empty,23 patients,al_scip-card-2
332,10055,flowers hospital,4370 west main street,empty,empty,dothan,al,36305,houston,3347935000,acute care hospitals,proprietary,yes,heart failure,hf-2,heart failure patients given an evaluation of left ventricular systolic (lvs) function,100%,342 patients,al_hf-2
333,,flowers hospital,4370 west main street,empty,e??mpt@@y,dothan,al,36305,houston,3347935000,acute care hospitals,proprietary,yes,heart failure,hf-3,heart failure patients given ace inhibitor or arb for left ventricular systolic dysfunction (lvsd),empty,94 patients,al_hf-3
334,48229.28975394283,flowers hospital,4370 west main street,empty,empty,dothan,al,36305,houston,3347935000,acute care hospitals,proprietary,yes,heart failure,hf-4,heart failure patients given smoking cessation advice/counseling,100%,empty,al_hf-4
335,10055,flowers hospital,4370 west main street,empty,em$pty,dothan,al,36305,houston,3347935000,acute care hospitals,proprietary,yes,pneumonia,,pneumonia patients assessed and given pneumococcal vaccination,100%,166 patients,al_pn-2
336,,flowers hospital,4370 west main street,empty,empty,dothan,al,36305,houston,3347935000,acute care hospitals,proprietary,yes,pneumonia,pn-3b,pneumonia patients whose initial emergency room blood culture was performed prior to the administration of the first hospital dose of antibiotics,100%,152 patients,al_pn-3b
337,10055,flowers hospital,4370 west main street,empty,#empty,dothan,al,36305,houston,3347935000,acute care hospitals,proprietary,yes,pneumonia,pn-4,pneumonia patients given smoking cessation advice/counseling,100%,77 patients,al_pn-4
338,10055,flowers hospital,4370 west main street,empty,empty,dothan,al,36305,houston,3347935000,acute care hospitals,proprietary,yes,pneumonia,pn-5c,pneumonia patients given initial antibiotic(s) within 6 hours after arrival,99%,146 patients,al_pn-5c
339,10055,flowers hospital,4370 west main street,empty,empty,dothan,al,36305,houston,3347935000,acute care hospitals,proprietary,yes,pneumonia,pn-6,pneumonia patients given the most appropriate initial antibiotic(s),99%,112 patients,al_pn-6
340,10055,flowers hospital,4370 west main street,empty,empty,dothan,al,36305,houston,3347935000,acute care hospitals,proprietary,yes,pneumonia,,pneumonia patients assessed and given influenza vacc@@ination,99%,128 patients,al_pn-7
341,10055,flowers hospital,4370 west main street,empty,empty,dothan,al,36305,houston,3347935000,acute care hospitals,proprietary,yes,surgical infection prevention,scip-card-2,surgery patients who were taking heart drugs called beta blockers before coming to the hospital who were kept on the beta blockers during the period just before and after their surgery,100%,147 patients,al_scip-card-2
342,10055,flowers hospital,4370 west main street,empty,empty,dothan,al,36305,houston,3347935000,acute care hospitals,proprietary,yes,surgical infection prevention,scip-inf-1,surgery patients who were given an antibiotic at the right time (within one hour before surgery) to help prevent infection,100%,950 patients,al_scip-inf-1
343,10055,flowers hospital,4370 west main street,empty,empty,dothan,al,36305,houston,3347935000,acute care hospitals,proprietary,yes,surgical infection prevention,scip-inf-2,surgery patients who were given the  right kind  of antibiotic to help prevent infection,1#0#0%,957 patients,al_scip-inf-2
344,10055,flowers hospital,4370 west main street,empty,empt$y,dothan,al,36305,houston,3347935000,acute care hospitals,proprietary,yes,surgical infection prevention,scip-inf-3,surgery patients whose preventive antibiotics were stopped at the right time (within 24 hours after surgery),9$@@9%,882 patients,al_scip-inf-3
345,10055,flowers hospital,4370 west main street,empty,empty,dothan,al,36305,houston,3347935000,,proprietary,yes,surgical infection prevention,,all heart surgery@@ p??atients whose blood sugar (blood glucose) is kept under good control in the days right after surgery,98%,165 patients,al_scip-inf-4
346,,flowers hos@@$pital,4370 west main street,empty,#empty,dothan,,,houston,3347935000,acute care hospitals,proprietary,yes,surgical infection prevention,scip-inf-6,surgery patients needing hair removed from the surgical area before surgery who had hair removed using a safer method (electric clippers or hair removal cream c not a razor),empty,1295 patients,al_scip-inf-6
347,10055,flowers hospital,4370 west main street,empty,empty,dothan,al,36305,houston,3347935000,acute care hospitals,proprietary,yes,surgical infection prevention,scip-vte-1,surgery patients whose doctors ordered treatments to prevent blood clots after certain types of surgeries,100%,497 patients,al_scip-vte-1
348,36801.134824208035,flowers hospital,4370 west main street,empty,empty,dothan,al,36305,houston,3347935000,acute care hospitals,proprietary,yes,surgical infection prevention,scip-vte-2,patients who got treatment  at the right time (within 24 hours before or after their surgery) to help prevent blood clots after certain types of surgery,100%$%,empty,al_scip-vte-2
349,10056,,810 st vincents drive,empty,empty,birmingham,al,35205,jefferson,2059397000,acute care hospitals,,yes,heart attack,,heart attack patients given aspirin at arrival,97%,239 patients,al_ami-1
350,10056,,810 st vincents drive,empty,empty,birmingham,al,35205,jefferson,,acute care hospitals,voluntary non-profit - other,yes,heart attack,ami-2,heart attack patients given aspirin at discharge,98%,260 patients,al_ami-2
351,10056,,810 st vincents drive,empty,e%mpty,birmingham,al,35205,jefferson,2059397000,acute care hospitals,voluntary non-profit - other,yes,heart attack,ami-3,heart attack patients given ace inhibitor or arb for left ventricular systolic dysfunction (lvsd),8#5%,41 patients,al_ami-3
352,36748.67451625726,st vincents hospital,810 st vincents drive,empty,empty,,,35205,jefferson,2059397000,acute care hospitals,voluntary non-profit - other,yes,heart attack,ami-4,heart attack patients given smoking cessation advice/counseling,100%,empty,al_ami-4
353,10056,,810 st vincents drive,empty,%em%pty,birmingham,al,35205,jefferson,,acute care hospitals,voluntary non-profit - other,yes,heart attack,ami-5,heart attack patients given beta blocker at discharge,96%,242 @@patients,al_ami-5
354,10085,decatur general hospital,1201 7th street se,empty,empty,dec??$atur,al,35609,,,acute care hospitals,government - hospital district or authority,yes,surgical infection prevention,scip-vte-2,patients who got treatment  at the right time (within 24 hours before or after their surgery) to help prevent blood clots after certain types of surgery,empty,empty,al_scip-vte-2
355,10086,northwest medical center,1530 u s highway 43,empty,empty,winfield,al,35594,marion,2054877736,acute care hospitals,proprietary,yes,heart attack,ami-1,heart attack patients given aspirin at arrival,10??0%%,10 patients,al_ami-1
356,10086,northwest medical center,1530 u s highway 43,empty,empty,winfield,al,35594,marion,2054877736,acute care hospitals,proprietary,yes,heart attack,ami-2,heart attack patients given aspirin at discharge,empty,empty,al_ami-2
357,10086,northwest medical center,1530 u s highway 43,empty,empty,winfield,al,35594,marion,2054877736,acute care hospitals,proprietary,yes,heart attack,,,100%,2 patients,al_ami-3
358,10086,northwest medical center,1530 u s highway 43,empty,empty,winfield,al,35594,marion,2054877736,acute care hospitals,proprietary,yes,heart attack,ami-4,heart attack patients given smoking cessation advice/counseling,100%,1 patients,al_ami-4
359,10086,northwest medical center,1530 u s highway 43,empty,empty,winfield,al,35594,marion,2054877736,acute care hospitals,proprietary,yes,heart attack,ami-5,heart attack patients given beta blocker at discharge,100%,8 patients,al_ami-5
360,10086,northwest medical center,1530 u s highway 43,empty,empty,winfield,al,35594,marion,2054877736,acute care hospitals,proprietary,yes,heart attack,ami-7a,heart attack patients given fibrinolytic medication within 30 minutes of arrival,0%%,1 patients,al_ami-7a
361,34657.950194877,northwest medical center,1530 u s highway 43,empt@@y??,emp#ty,winfield,al,35594,marion,2054877736,acute care hospitals,proprietary,yes,heart attack,ami-8a,heart attack patients given pci within 90 minutes of arrival,empty,0 patients,al_ami-8a
362,,northwest medical center,1530 u s highway 43,empty,empty,winfield,al,35594,marion,2054877736,acute care hospitals,proprietary,yes,heart failure,,,90%,48 patients,al_hf-1
363,10086,northwest medical center,1530 u s highway 43,empty,empty,winfield,al,35594,marion,2054877736,acute care hospitals,proprietary,yes,heart failure,hf-2,heart failure patients given an evaluation of left ventricular systolic (lvs) function,100%%,59 patients,al_hf-2
364,10086,northwest medical center,1530 u s highway 43,empty,empty,winfield,al,35594,marion,2054877736,acute care hospitals,proprietary,yes,heart failure,hf-3,heart failure patients given ace inhibitor or arb for left ventricular systolic dysfunction (lvsd),85%,13 patients,al_hf-3
365,10086,northwest medical center,1530 u s highway 43,empty,empty,winfield,al,35594,marion,2054877736,acute care hospitals,proprietary,yes,heart failure,hf-4,heart failure patients given smoking cessation advice/counseling,100%,empty,al_hf-4
366,10086,northwest medical center,1530 u s highway 43,empty,emp$ty,winfield,al,35594,marion,2054877736,acute care hospitals,proprietary,yes,pneumonia,pn-2,pneumonia patients assessed and given pneumococcal vaccination,91%,66 patients,al_pn-2
367,,nor%thwest medical$ center,1530 u s highway 43,empty,empty,winfield,al,35594,marion,2054877736,acute care hospitals,proprietary,yes,p??neum#onia,,pneumonia patients whose initial emergency room blood culture was performed prior to the administration of the first hospital dose of antibiotics,98%,59 patients,al_pn-3b
368,10086,northwest medical center,1530 u s highway 43,empty,empty,winfield,al,35594,marion,2054877736,acute care hospitals,proprietary,yes,pneumonia,,pneumonia patients given smoking cessation advice/counseling,empty,%40 patients,
369,10086,northwest medical center,1530 u s highway 43,empty,empty,winfield,al,35594,marion,2054877736,acute care hospitals,proprietary,yes,pneumonia,pn-5c,pneumonia patients given initial antibiotic(s) within 6 hours after arrival,100%,85 patients,al_pn-5c
370,10086,northwest medical center,1530 u s highway 43,empty,empty,winfield,al,35594,marion,2054877736,acute care hospitals,proprietary,yes,pneumonia,pn-6,pneumonia patients given the most appropriate initial antibiotic(s),100%,62# patients,al_pn-6
371,10086,northwest medical center,1530 u s highway 43,empty,empty,winfield,al,35594,marion,2054877736,acute care hospitals,proprietary,yes,pneumonia,pn-7,pneumonia patients assessed and given influenza vaccination,82%,45 patients,al_pn-7
372,10086,northwest medical center,1530 u s highway 43,empty,empty,winfield,al,35594,marion,2054877736,acute care hospitals,proprietary,yes,surgical infection prevention,scip-card#-2,surgery patients who were taking heart drugs called beta blockers before coming?? to the hospital who were kept on t@@he beta blockers during the period just before and after their surgery,8#9%,19 patients,al_scip-card-2
373,,northwest medical center,1530 u s highway 43,em%pty%,empty,winfield,al,35594,marion,2054877736,acute care hospitals,proprietary,yes,surgical infection prevention,scip-inf-1,surgery patients who were given an antibiotic at the right time (within one hour before surgery) to help prevent infection,98%,102 patients,al_scip-inf-1
374,,northwest medical center,1530 u s highway 43,empty,empty,winfield,al,35594,marion,2054877736,acute care hospitals,proprietary,yes,surgical infection prevention,scip-inf-2,surgery patients who were given the  right kind  of antibiotic to help prevent infection,99%,103 patients,al_scip-inf-2
375,10086,northwest medical center,1530 u s highway 43,empty,empty,winfield,al,35594,marion,2054877736,acute care hospitals,proprietary,yes,,,surgery patients whose preventive antibiotics were stopped at the right time (within 24 hours after surgery),empty,98 patients,al_scip-inf-3
376,10086,northwest medical center,1530 u s highway 43,empty,empty,winfield,al,35594,marion,2054877736,acute care hospitals,proprietary,yes,surgical infection prevention,scip-inf-4,all heart surgery patients whose blood sugar (blood glucose) is kept under good control in the days right after surgery,empty,0 patients,al_scip-inf-4
377,,northwest medical center,1530 u s highway 43,empty,empty,winfield,al,35594,marion,2054877736,acute care hospitals,proprietary,yes,surgical infection prevention,scip-inf-6,surgery patients needing hair removed from the surgical area before surgery who had hair removed using a safer method (electric clippers or hair removal cream c not a razor),100%,146 patients,al_scip-inf-6
378,10086,northwest medical center,1530 u s highway 43,empty,empty,winfield,al,35594,marion,2054877736,acute care hospitals,proprietary,yes,surgical infection prevention,scip-vte-1,surgery patients whose doctors ordered treatments to prevent blood clots after certain types of surgeries,empty,58@@ patients??,al_scip-vte-1
379,,northwest medical center,1530 u s highway 43,e??mp??ty,empty,winfield,al,35594,marion,2054877736,acute care hospitals,proprietary,yes,surgical infection prevention,,patients who got treatment  at the right time (within 24 hours before or after their surgery) to help prevent blood clots after certain types of surgery,95%,58 patients,al_scip-vte-2
380,10087,univ of south alabama medical center,2451 fillingim street,empty,empty,mobile,al,36617,mobile,2514717110,acute care hospitals,government - state,yes,heart attack,ami-1,heart attack patients given aspirin at arrival,99%,empty,al_ami-1
381,10087,univ of south alabama medical center,2451 fillingim street,e$mp??ty,empty,mobile,al,36617,mobile,2514717110,acute care hospitals,government - state,yes,heart attack,ami-2,heart attack patients given aspirin at discharge,97%,91 patients,al_ami-2
382,,univ of south alabama medical center,2451 fillingim street,empty,$empty,mobile,al,36617,mobile,2514717110,acute care hospitals,government - state,yes,heart attack,ami-3,heart attack patients given ace inhibitor or arb for left ventricular systolic dysfunction (lvsd),100%,22 patients,al_ami-3
383,10087,univ of south alabama medical center,2451 fillingim street,empty,#em%pty,mobile,al,36617,mobile,2514717110,acute care hospitals,government - state,yes,heart attack,ami-4,heart attack patients given smoking cessation advice/counseling,100%%,empty,al_ami-4
384,10087,univ of south alabama medical center,2451 fillingim street,empty,empty,mobile,al,36617,mobile,2514717110,acute care hospitals,government - state,yes,heart attack,,heart attack patients given beta blocker at discharge,96%,96 patients,al_ami-5
385,,univ of south alabama medical center,2451 fillingim street,empty,em$pty,mobile,al,36617,mobile,2514717110,acute care hospitals,government - state,yes,heart attack,ami-7??a,heart attack patients given fibrinolytic medication within 30 minutes of arrival,empty,0 patients,
386,10087,univ of south alabama medical center,2451 fillingim street,empty,empty,mobile,al,36617,mobile,2514717110,acute care hospitals,government - state,yes,heart attack,ami-8a,heart attack patients given pci within 90 minutes of arrival,@@5$0%,16 patients,al_ami-8a
387,10087,univ of south alabama medical center,2451 fillingim street,empty,empty,mobile,al,36617,mobile,2514717110,,government - state,yes,heart f#ailure,,heart failure patients given discharge instructions,83%#,1??46 patients,al_hf-1
388,34425.87566608749,univ of south alabama medical center,2451 fillingim street,empty$,empty,mobile,al,36617,mobile,2514717110,acute care hospitals,government - state,yes,heart failure,hf-2,heart failure patients given an evaluation of left ventricular systolic (lvs) function,98%,150 patients,al_hf-2
389,10087,univ of south alabama medical center,2451 fillingim street,empty,empty,mobile,al,36617,mobile,2514717110,acute care hospitals,government - state,yes,heart failure,hf-3,heart failure patients given ace inhibitor or arb for left ventricular systolic dysfunction (lvsd),96%,84 patients,al_hf-3
390,,univ of south alabama medical center,2451 fillingim street,empty,empty,mobile,al,36617,mobile,2514717110,acute care hospitals,government - state,yes,heart failure,hf-4,heart failure patients given smoking cessation advice/counseling,100%,45 patients,al_hf-4
391,10087,univ of south alabama medical center,2451 fillingim street,empty,empty,mobile,al,36617,mobile,2514717110,acute care hospitals,government - state,yes,pneumonia,pn-2,pneumonia patients assessed and given pneumococcal vaccination,71%,7 patie@@nt#s,al_pn-2
392,60479.09630767437,univ of south alabama medical center,2451 fillingim street,empty,empty,mobile,al,36617,mobile,2514717110,acute care hospitals,government - state,yes,pneumonia,pn-3b,pneumonia patients whose initial emergency room blood culture was performed prior to the administration of the first hospital dose of antibiotics,89%,35 patients,al_pn-3b
393,10108,prattville baptist hospital,124 s memorial dr,empty,empty,prattville,al,36067,autauga,3343614267,acute care hospitals,voluntary non-profit - private,yes,heart attack,ami-2,heart attack patients given aspirin at discharge,empty,4 patients,al_ami-2
394,,prattville baptist hospital,124 s memorial dr,em??pt%y,empty,prattville,al,36067,autauga,3343614267,acute care hospitals,voluntary non-profit - private,yes,heart attack,ami-3,heart attack patients given ace inhibitor or arb for left ventricular systolic dysfunction (lvsd),67%,3 patients,al_ami-3
395,10108,prattville baptist hospital,124 s memorial dr,empty,empty,prattville,al,36067,autauga,3343614267,acute care hospitals,voluntary non-profit - private,yes,heart attack,ami-4,heart attack patients given smoking cessation advice/counseling,empty,0 patients,al_ami-4
396,10108,prattville baptist hospital,124 s memorial dr,empty,empty,prattville,al,36067,autauga,3343614267,acute care hospitals,voluntary non-profit - private,yes,heart attack,,heart attack patients given beta blocker at discharge,100%,5 patients,
397,50932.919115845325,prattville baptist hospital,124 s memorial dr,empty,empty,prattville,al,36067,autauga,3343614267,acute care hospitals,voluntary non-profit - private,yes,heart attack,ami-7a,heart attack patients given fibrinolytic medication within 30 minutes of arrival,empty,0 patients,al_ami-7a
398,10108,prattville baptist hospital,124 s memorial dr,empty,empty,prattville,al,36067,autauga,3343614267,acute care hospitals,voluntary non-profit - private,yes,heart attack,ami-8a,heart attack patients given pci within 90 minutes of arrival,e??mpty,0 patients,al_ami-8a
399,10108,prattville baptist hospital,124 s memorial dr,empty,empty,prattville,al,36067,autauga,3343614267,acute care hospitals,voluntary non-profit - private,yes,heart failure,hf-1,heart failure patients given discharge instructions,96%,75 patients,al_hf-1
400,,prattville baptist hospital,124 s memorial dr,empty,empty,prattville,al,36067,autauga,3343614267,acute care hospitals,voluntary non-profit - private,yes,heart failure,hf-2,heart failure patients given an evaluation of left ventricular systolic (lvs) function,94%,93 patients,al_hf-2
401,33710.13402635335,prattville baptist hospital,124 s memorial dr,empty,empty,prattville,al,36067,autauga,3343614267,acute care hospitals,voluntary non-profit - private,yes,heart failure,hf-3,heart failure patients given ace inhibitor or arb for left ventricular systolic dysfunction (lvsd),94%,empty,al_hf-3
402,,,124 s memorial dr,empty,empty,prattville,al,36067,autauga,3343614267,acute care hospitals,voluntary non-profit - private,yes,heart failure,hf-4,heart failure patients given smoking cessation advice/counseling,96%,27 patients,al_hf-4
403,10108,prattville baptist hospital,124 s memorial dr,empty,empty,prattville,al,36067,autauga,3343614267,acute care hospitals,voluntary non-profit - private,yes,pneumonia,pn-2,pneumonia patients assessed and given pneumococcal vaccination,94%,116 patients,al_pn-2
404,10108,prattville baptist hospital,124 s memorial dr,empty,empty,prattville,al,36067,autauga,3343614267,acute care hospitals,voluntary non-profit - private,yes,pneumonia,pn-3b,pneumonia patients whose initial emergency room blood culture was performed prior to the administration of the first hospital dose of antibiotics,95%,138 patients,al_pn-3b
405,10108,prattville baptist hospital,124 s memorial dr,empty,e%mpty,prattville,al,36067,autauga,3343614267,acute care hospitals,voluntary non-profit - private,yes,pneumonia,pn-4,pneumonia patients given smoking cessation advice/counseling,100%,67 patients,al_pn-4
406,10108,prattville baptist hospital,124 s memorial dr,empty,empty,prattville,al,36067,autauga,3343614267,acute care hospitals,voluntary non-profit - private,yes,pneumoni@@a,pn-$5c,pneum$onia patients given initial antibiotic(s) within 6 hours after arrival,94%,empty,
407,,prattville baptist hospital,124 s memorial dr,empty,empty,prattville,al,36067,autauga,3343614267,acute care hospitals,voluntary non-profit - private,yes,pneumonia,pn-6,pneumonia patients given the most appropriate initial antibiotic(s),92%,empty,al_pn-6
408,10108,prattville baptist hospital,124 s memorial dr,empty,empty,prattville,al,36067,autauga,3343614267,acute care hospitals,voluntary non-profit - private,yes,pneumonia,pn-7,pneumonia patients assessed and given influenza vaccination,99%,empty,al_pn-7
409,,prattville baptist hospital,124 s memorial dr,empty,empty$,prattville,al,36067,autauga,3343614267,acute care hospitals,voluntary non-profit - private,yes,surgical infection prevention,scip-card-2,surgery patients who were taking heart drugs called beta blockers before coming to the hospital who were kept on the beta blockers during the period just before and after their surgery,100%,empty,al_scip-card-2
410,10108,prattville baptist hospital,124 s memorial dr,emp$ty,empty,prattville,al,36067,autauga,3343614267,acute care hospitals,voluntary non-profit - private,yes,surgical infection prevention,scip-inf-1,surgery patients who were given an antibiotic at the right time (within one hour before surgery) to help prevent infection,90%,10 patients,al_scip-inf-1
411,10108,prattville baptist hospital,124 s memorial dr,empty,empty,prattville,al,36067,autauga,3343614267,acute care hospitals,voluntary non-profit - private,yes,surgical infection prevention,scip-inf-2,surgery patients who were given the  right kind  of antibiotic to help prevent infection,9#$0%,10 patients,al_scip-inf-2
412,10108,prattville baptist hospital,124 s memorial dr,empty,empty,prattville,al,36067,autauga,3343614267,acute care hospitals,voluntary non-profit - private,yes,surgical infection prevention,scip-inf-3,surgery patients whose preventive antibiotics were stopped at the right time (within 24 hours after surgery),empty,10 patients,al_scip-inf-3
413,10158,russellville hospital,15155 highway 43,empty,empty,russellvill%@@e,al,35653,franklin,11666744377.589342,acute care hospitals,proprietary,yes,surgical infection prevention,scip-vte-1,surgery patients whose doctors ordered treatments to prevent blood clots after certain types of surgeries,empty,125 patients,al_scip-vte-1
414,10158,russellville hospital,15155 highway 43,emp%ty,empty,russellvill%@@e,al,35653,franklin,11666744377.589342,acute care hospitals,proprietary,yes,surgical infection prevention,scip-vte-2,patients who got treatment  at the right time (within 24 hours before or after their surgery) to help prevent blood clots after certain types of surgery,98%,125 patients,al_scip-vte-2
415,10164,coosa valley medical center,315 w hickory st,empty,empty,sylacauga,al,35150,talladega,2562495000,acute care hospitals,voluntary non-profit - other,no,heart attack,ami-1,heart attack patients given aspirin at arrival,90%,10 patients,al_ami-1
416,10164,coosa valley medical center,315 w hickory st,empty,empty,sylacauga,al,35150,talladega,2562495000,acute care hospitals,voluntary non-profit - other,no,heart attack,ami-2,heart attack patients given aspirin at discharge,100%,empty,al_ami-2
417,,,31$5 w hickory st,empty,empty,sylacauga,al,,talladega,2562495000,acute care hospitals,voluntary non-profit - other#,,heart attack,ami-3,heart attack patients given ace inhibitor or arb for left ventricular systolic dysfunction (lvsd),100%,1 patients,al_ami-3
418,10164,coosa valley medical center,315 w hickory st,empty,empty,sylacauga,al,35150,talladega,2562495000,acute care hospitals,voluntary non-profit - other,no,heart attack,a??mi-4,heart attack patients given smoking cessation advice/counseling,empty,0 patients,al_ami-4
419,10164,coosa valley medical center,315 w hickory st,empty,empty,sylacauga,al,35150,talladega,2562495000,acute care hospitals,voluntary non-profit - other,no,heart attack,ami-5,heart attack patients given beta blocker at discharge,100%,4 pa??tients??,al_ami-5
420,10164,coosa valley medical center,315 w hickory st,empty,empty,sylacauga,al,35150,talladega,2562495000,acute care hospitals,voluntary non-profit - other,no,heart attack,ami-7a,heart attack patients given fibrinolytic medication within 30 minutes of arrival,empty,empty,al_ami-7a
421,10164,coosa valley medical center,315 w hickory st,empty,empty,sylacauga,al,35150,talladega,2562495000,acute care hospitals,voluntary non-profit - other,no,heart attack,a??mi-8a,heart attack patients given pci within 90 minutes of arrival,empty,0 patients,
422,10164,coosa valley medical center,315 w hickory st,e%mpty,e??mpty,sylacauga,al,35150,talladega,2562495000,acute care hospitals,voluntary non-profit - other,no,heart failure,,heart failure patients given discharge instructions,empty,empty,al_hf-$1
423,10164,coosa valley medical center,315 w hickory st,empty,empty,sylacauga,al,35150,talladega,2562495000,acute care hospitals,voluntary non-profit - other,no,heart failure,hf-2,heart failure patients given an evaluation of left ventricular systolic (lvs) function,99%,105 patients,al_hf-2
424,10164,coosa valley medical center,315 w hickory st,empty,empty,sylacauga,al,35150,talladega,2562495000,acute care hospitals,voluntary non-profit - other,no,,hf-3@@,heart failure patients given ace inhibitor or arb for left ventricular systolic dysfunction (lvsd),85%,46 patients,al_hf-3
425,53072.96822073356,coosa valley medical center,315 w hickory st,empty,empty,sylacauga,al,35150,talladega,2562495000,acute care hospitals,voluntary non-profit - other,no,heart failure,hf-4,heart failure patients given smoking cessation advice/counseling,100%,12 patients,al_hf-4
426,10164,coosa valley medical center,315 w hickory st,empty,emp$#ty,sylacauga,al,35150,talladega,2562495000,acute care hospitals,voluntary non-profit - other,no,pneumonia,@@pn-2,pneumonia patients assessed and given pneumococcal vaccination,93%,69 patients,al_pn-2
427,10164,coosa valley medical center,315 w hickory st,empty,empty,sylacauga,al,35150,talladega,2562495000,acute care hospitals,voluntary non-profit - other,no,pneumonia,pn-3b,pneumonia patients whose initial emergency room blood culture was performed prior to the administration of the first hospital dose of antibiotics,97%,empty,al_pn-3b
428,10164,coosa valley medical center,315 w hickory st,empty,empty,sylacauga,al,35150,talladega,2562495000,acute care hospitals,voluntary non-profit - other,no,pneumonia,pn$-4,pneumonia patients given smoking cessation advice/counseling,100%,47 patients,al_pn-$4
429,10164,coosa valley medical center,315 w hickory st,empty,empty,sylacauga,al,35150,talladega,2562495000,acute care hospitals,voluntary non-profit - other,no,pneumonia,,pneumonia patients given initial an$tibiotic(s) within 6 hours after arrival,empty,empty,al_pn-5c
430,10164,coosa valley medical center,315 w hickory st,empty,empty,sylacauga,al,35150,talladega,2562495000,acute care hospitals,voluntary non-profit - other,no,pneumonia,pn-6,pneumonia patients given the most appropriate initial antibiotic(s),96%,57 patients,al_pn-6
431,36424.17163982572,coosa valley medical center,315 w hickory st,empty,empty,sylacauga,al,35150,talladega,2562495000,acute care hospitals,voluntary non-profit - other,no,pneumonia,pn-7,pneumonia patients assessed and given influenza vaccination,88%,51 patients,al_pn-7
432,,coosa valley medical center,315 w hickory st,empty,empty,sylacauga,al,35150,talladega,2562495000,acute care hospitals,voluntary non-profit - other,no,surgical infection prevention,scip-card-2,surgery patients who were taking heart drugs called beta blockers before coming to the hospital who were kept on the beta blockers during the period just before and after their surgery,empty,empty,al_scip-card-2
433,20017,alaska regional hospital,2801 debarr road,empty,empty,anchorage,ak,99508,anchorage,9072761131,acute care hospitals,proprietary,yes,heart failure,hf-1,heart failure patients given discharge instructions,empty,5@@7 patients,al_hf-1
434,20017,alaska regional hospital,2801 debarr road,empty,empty,anchorage,ak,99508,anchorage,9072761131,acute care hospitals,proprietary,yes,heart failure,hf-2,heart failure patients given an evaluation of left ventricular systolic (lvs) function,98%,61 patients,al_hf-2
435,20017,alaska regional hospital,2801 debarr road,empty,empty,anchorage,ak,99508,anchorage,9072761131,acute care hospitals,proprietary,yes,heart failure,hf-3,heart failure patients given ace inhibitor or arb for left ventricular systolic dysfunction (lvsd),100%,empty,al_hf-3
436,75778.96959783741,alaska regional hospital,2801 debarr road,empty,empty,anchorage,ak,99508,anchorage,9072761131,acute care hospitals,proprietary,yes,heart failure,hf-4,heart failure patients given smoking cessation advice/counseling,1#@@00%,13 patients,al_hf-4
437,20017,alaska regional hospital,2801 debarr road,empty,empty,anchorage,ak,99508,anchorage,9072761131,acute care hospitals,proprietary,yes,pneumonia,,pneumonia patients assessed and given pneumococcal vaccination,97%,empty,ak_pn-2
438,20017,alaska regional hospital,2801 debarr road,empty,empty,anchorage,ak,99508,anchorage,9072761131,acute care hospitals,proprietary,yes,pneumonia,,pneumonia patients whose initial emergency room blood culture was performed prior to the administration of the first hospital dose of antibiotics,100%,empty,ak_pn-3b
439,83930.83125673674,alaska regional hospital,2801 debarr road,emp%ty,empty,anchorage,ak,99508,anchorage,9072761131,acute care hospitals,proprietary,yes,pneumonia,pn-4,pneumonia patients given smoking cessation advice/counseling,96%,26 patients,al_pn-4
440,20017,alaska regional hospital,2801 debarr road,empty,empty,anchorage,ak,99508,anchorage,9072761131,acute care hospitals,proprietary,yes,pneumonia,pn-5c,pneumonia patients given initial antibiotic(s) within 6 hours after arrival,97%,39 patients,al_pn-5c
441,20017,alaska regional hospital,2801 debarr road,empty,empty,anchorage,ak,99508,anchorage,9072761131,acute care hospitals,proprietary,yes,pneumonia,pn-6,pneumonia patients given the most appropriate initial antibiotic(s),95%,22 patients,al_pn-6
442,20017,alaska regional hospital,2801 debarr road,empty,empty,anchorage,ak,99508,anchorage,9072761131,acute care hospitals,proprietary,yes,pneumonia,pn-7,pneumonia patients assessed and given influenza vaccination,90%,29 patients,al_pn-7
443,20017,alaska regional hospital,2801 debarr road,empty,empty,anchorage,ak,99508,anchorage,9072761131,acute care hospitals,proprietary,yes,surgical infection prevention,scip-card-%2,surgery patients who were taking heart drugs called beta blockers before coming to the hospital who were kept on the beta blockers during the period just before and after their surgery,87%,106 patie$nts,ak_scip-card-2
444,20017,alaska regional hospital,2801 debarr road,empty,empt#y,anchorage,ak,99508,anchorage,9072761131,acute care hospitals,proprietary,yes,surgical infection prevention,s@@c#ip-inf-1,surgery patients who were given an antibiotic at the right time (within one hour before surgery) to help prevent infection,96%,513 patients,ak_scip-inf-1
445,,,2801 debarr road,empty,$empty,anchorage,ak,99508,anchorage,9072761131,acute care hospitals,proprietary,yes,surgical infection prevention,scip-inf-2,surgery patients who were given the  right kind  of antibiotic to help prevent infection,98%,empty,al_scip-inf-2
446,,alaska regional hospital,2801 debarr road,empty,empty,anchorage,ak,99508,anchorage,9072761131,acute care hospitals,proprietary,yes,surgical inf#ection prevention,,,88%,499 patients,ak_scip-inf-3
447,20017,alaska regional hospital,2801 debarr road,empty,emp%ty,anchorage,ak,99508,anchorage,9072761131,acute care hospitals,proprietary,yes,surgical infection prevention,scip-inf-4,all heart surgery patients whose blood sugar (blood glucose) is kept under good control in the days right after surgery,94%,146 patients,al_scip-inf-4
448,20017,alaska regional hospital,2801 debarr road,e??mpty,empty%,anchorage,ak,99508,anchorage,9072761131,acute care hospitals,proprietary,yes,surgical infection prevention,scip-inf-6,surgery patients needing hair removed from the surgical area before surgery who had hair removed using a safer method (electric clippers or hair removal cream c not a razor),100%,690 patients,al_scip-inf-6
449,20017,alaska regional hospital,2801 debarr road,empty,empty,anchorage,ak,99508,anchorage,9072761131,acute care hospitals,proprietary,yes,surgical infection prevention,scip-vte-1,surgery patients whose doctors ordered treatments to prevent blood clots after certain types of surgeries,94%,226 patients,al_scip-vte-1
450,20017,alaska regional hospital,2801 debarr road,empty,empty,anchorage,ak,99508,anchorage,9072761131,acute care hospitals,proprietary,yes,,,patients who got treatment  at the right time (within 24 hours before or after their surgery) to help prevent blood clots after certain types of surgery,94%,22??3# patients,ak_scip-vte-2
451,20018,yukon kuskokwim delta reg hospital,po box 287,empty,empty,bethel,$ak@@,99559,bethel,45404496722.14328,acute care hospitals,gover#nment - federal,no,heart attack,ami-1,heart attack patients given aspirin at arrival,empty,@@empty,al_ami-1
452,20018,yukon kuskokwim delta reg hospital,po box 287,empty,empty,bethel,$ak@@,99559,bethel,45404496722.14328,acute care hospitals,gover#nment - federal,no,heart attack,ami-2,heart attack patients given aspirin at discharge,empty,empty,al_ami-2
453,44223.795519440864,helen keller memorial hospital,1300 south montgomery avenue,empty,empty,sheffield,al,35660,jefferson,2563864556,acute care hospitals,government - hospital district or authority,yes,pneumonia,pn-2,pneumonia patients assessed and given pneumococcal vaccination,89%,150 patients,al_pn-2
454,10019,helen keller memorial hospital,1300 south montgomery avenue,empty,empty,sheffield,al,35660,jefferson,2563864556,acute care hospitals,government - hospital district or authority,yes,pneumonia,pn-3b,pneumonia patients whose initial emergency room blood culture was performed prior to the administration of the first hospital dose of antibiotics,empty,149 patients,al_pn-3b
455,10019,helen keller memorial hospital,1300 south montgomery avenue,empty,empty,sheffield,al,35660,jefferson,2563864556,acute care hospitals,government - hospital district or authority,yes,pneumonia,pn-4,pneumonia patients given smoking cessation advice/counseling,97%,79 patients,al_pn-4
456,50335.19231798591,,1300 south montgomery avenue,empty,empty,sheffield,al,35660,jefferson,2563864556,acute care hospitals,government - hospital district or aut%hority,yes,pneumonia,pn-5c,pneumonia patients given initial antibiotic(s) within 6 hours after arrival,98%,192 patients,al_pn-5c
457,30884.319187695837,helen keller memorial hospital,1300 south montgomery avenue,empty,empty,sheffield,al,35660,jefferson,2563864556,acute care hospitals,government - hospital district or authority,yes,pneumonia,pn-6,pneumonia patients given the most appropriate initial antibiotic(s),86%,139 patients,al_pn-6
458,10019,helen keller memorial hospital,1300 south montgomery avenue,empty,empty,sheffield,al,35660,jefferson,2563864556,acute care hospitals,government - hospital district or authority,yes,pneumonia,pn-7,pneumonia patients assessed and given influenza vaccination,82%,%119 patients,al_pn-7
459,10019,helen keller memorial hospital,1300 south montgomery avenue,empty,empty,sheffield,al,35660,jefferson,2563864556,acute care hospitals,government - hospital district or authority,yes,surgical infection prevention,scip-card-2,surgery patients who were taking heart drugs called beta blockers before coming to the hospital who were kept on the beta blockers during the period just before and after their surgery,empty,54 patients,al_scip-card-2
460,37012.564852017254,helen keller memorial hospital,1300 south montgomery avenue,empty,empty,sheffield,al,35660,jefferson,2563864556,acute care hospitals,government - hospital district or authority,yes,surgical infection prevention,scip-inf-1,surgery patients who were given an antibiotic at the right time (within one hour before surgery) to help prevent infection,92%,253 patients,al_scip-inf-1
461,10019,helen keller memorial hospital,1300 south montgomery avenue,empty,empty,sheffield,al,35660,jefferson,2563864556,acute care hospitals,government - hospital district or authority,yes,surgical infection prevention,scip-inf-2,surgery patients who were given the  right kind  of antibiotic to help prevent infection,empty,empty,al_scip-inf-2
462,10019,helen keller memorial hospital,1300 south montgomery avenue,empty,empty,sheffield,al,35660,jefferson,2563864556,acute care hospitals,government - hospital district or authority,yes,surgical infection prevention,,surgery patients whose preventive antibiotics were stopped at the right time (within 24 hours after surgery),84%,245 patients,al_scip-inf-3
463,,helen keller memorial h@@#ospital,1300 south montgomery avenue,empty,empty,sheffield,al,135780.97362569036,jefferson,,acute care hospitals,government - hospital district or authority,yes,surgical infection prevention,scip-inf-4,all heart surgery patients whose blood sugar (blood glucose) is kept under good control in the days right after surgery,empty,0 patients,al_scip-inf-4
464,10019,helen keller memorial hospital,1300 south montgomery avenue,empty,empty,sheffield,al,35660,jefferson,2563864556,acute care hospitals,government - hospital district or authority,yes,surgical infection prevention,scip-inf-6,surgery patients needing hair removed from the surgical area before surgery who had hair removed using a safer method (electric clippers or hair removal cream c not a razor),97%,369 patients,al_scip-inf-6
465,10019,helen keller memorial hospital,1300 south montgomery avenue,empty,empty,sheffield,al,35660,jefferson,2563864556,acute care hospitals,government - hospital district or authority,yes,,scip-vte%$-1,surgery patients whose doctors ordered treatments to prevent blood clots after certain types of surgeries,empty,144 patients,al_scip-vte-1
466,10019,helen keller memorial hospital,1300 south montgomery avenue,empty,empty,sheffield,al,35660,jefferson,2563864556,acute care hospitals,government - hospital district or authority,yes,surgical infection prevention,,??patients who got treatm@@ent  at the right time (within 24 hours before or after their surgery) to help prevent blood clots after certain types of surgery,79%,142 patients,
467,10021,dale medical center,126 hospital ave,empty,empty,ozark,al,36360,dale,3347742601,acute care hospitals,government - hospital district or authority,yes,heart attack,ami-1,heart attack patients given aspirin at arrival,100%,11 patients,al_ami-1
468,10021,dale medical center,126 hospital ave,empty,empty??$,ozark,al,36360,dale,3347742601,acute care hospitals,government - hospital district or authority,yes,heart attack,ami-2,heart attack patients given aspirin at discharge,100%,5 patients,al_ami-2
469,10021,dale medical center,126 hospital ave,empty,empty,ozark,al,36360,dale,3347742601,acute care hospitals,government - hospital district or authority,yes,heart attack,ami-3,heart attack patients given ace inhibitor or arb for left ventricular systolic dysfunction (lvsd),empty,0 patients,al_ami-3
470,10021,dale medical center,126 hospital ave,empty,empty,ozark,al,36360,dale,3347742601,acute care hospitals,government - hospital district or authority,yes,heart attack,ami-4,heart attack patients given smoking cessation advice/counseling,100%,3 patients,al_ami-4
471,,dale medical center,126 hospital ave,empty,empty,ozark,al,36360,dale,3347742601,acute care hospitals,government - hospital district or authority,yes,heart attack,ami-5,heart attack patients given beta blocker at discharge,empty,6 patients,al_ami-5
472,10021,dale medical center,126 hospital ave,empty,$e$mpty,ozark,al,36360,dale,3347742601,acute care hospitals,government - hospital district or authority,yes,heart attack,ami-7a,heart attack patients given fibrinolytic medication within 30 minutes of arrival,empty,2 patie#nts,al_ami-7a
473,10021,dale medical center,126 hospital ave,e@@mpty,empty,ozark,al,36360,dale,3347742601,acute care hospitals,government - hospital district or authority,yes,heart attack,ami-8a,heart attack patients given pci within 90 minutes of arrival,empty,0 patients,al_ami-8a
474,10021,dale medical center,126 hospital ave,em%pty,em$pty,ozark,al,36360,dale,3347742601,acute care hospitals,government - hospital district or authority,yes,heart failure,hf-1,heart failure patients given discharge instructions,66%,empty,al_hf-1
475,10021,dale medical center,126 hospital ave,empty,empty,ozark,al,36360,dale,3347742601,acute care hospitals,government - hospital district or authority,yes,heart failure,hf-%2,heart failure patients given an evaluation of left ventricular systolic (lvs) function,96%,94 patients,al_hf-2
476,10021,dale medical center,126 hospital ave,empty,empty,ozark,al,36360,dale,3347742601,acute care hospitals,government - hospital district or authority,yes,heart failure,hf-3,heart failure patients given ace inhibitor or arb for left ventricular systolic dysfunction (lvsd),94%,18 patients,al_hf-3
477,,dale medical center,126 hospital ave,@@em@@pty,empty,ozark,al,36360,dale,3347742601,acute care hospitals,government - hospital district or authority,yes,heart failure,hf-4%??,heart f@@ailure patients g??iven smoking cessation advice/counseling,94%,32 patients,al_hf-4
478,10021,dale medical center,126 hospital ave,empty,empty,ozark,al,36360,dale,3347742601,acute care hospitals,government - hospital district or authority,yes,pneumonia,pn-2,pneumonia patients assessed and given pneumococcal vaccination,85%,80 patients,al_pn-2
479,10021,dale medical center,126 hospital ave,empty,empty,ozark,al,36360,dale,3347742601,acute care hospitals,government - hospital district or authority,yes,pneumonia,pn-3b,pneumonia patients whose initial emergency room blood culture was performed prior to the administration of the first hospital dose of antibiotics,94%,67 patients,al_pn-3b
480,10021,dale medical center,126 hospital ave,empty,empty,ozark,al,36360,dale,3347742601,acute care hospitals,government - hospital district or authority,yes,pneumonia,pn-4,pneumonia patients given smoking cessation advice/counseling,empty,39 patients,al_pn-4
481,10021,dale medical center,126 hospital ave,empty,empty,ozark,al,36360,dale,3347742601,acute care hospitals,government - hospital district or authority,yes,pneumonia,pn-5c,pneumonia patients given initial antibiotic(s) within 6 hours after arrival,95%,empty,al_pn-5c
482,55489.159013804216,dale medical center,126 hospital ave,empty,empty,ozark,al,36360,dale,3347742601,acute care hospitals,government - hospital district or authority,yes,pneumonia,,pneumonia patients given the most appropriate$# initial antibiotic(s),64%,59 patients,
483,10021,dale medical center,126 hospital ave,empty,empty,ozark,al,36360,dale,3347742601,acute care hospitals,government - hospital district or authority,yes,pneumonia,pn-7,pneumonia patients assessed and given influenza vaccination,90%,empty,al_pn-7
484,10021,dale medical center,126 hospital ave,empty,empty,ozark,al,36360,dale,3347742601,acute care hospitals,government - hospital district or authority,yes,surgical infection prevention,scip-card-2,surgery patients who were taking heart drugs called beta blockers before coming to the hospital who were kept on the beta blockers during the period just before and after their surgery,100%,12 pat$ient$s,al_scip-card-2
485,10021,dale medical center,126 hospital ave,empty,empty,ozark,al,36360,dale,3347742601,acute care hospitals,government - hospital district or authority,yes,surgical infection prevention,scip-inf-1,surgery patients who were given an antibiotic at the right time (within one hour before surgery) to help prevent infection,empty,52 patients,al_scip-inf-1
486,10021,dale medical center,126 hospital ave,empty,empty,ozark,al,36360,dale,3347742601,acute care hospitals,government - hospital district or authority,yes,surgical infection prevention,scip-inf-2,surgery patients who were given the  right kind  of antibiotic to help prevent infection,empty,52 patients,al_scip-inf-2
487,10021,dale medical center,126 hospital ave,empty,empty,ozark,al,36360,dale,3347742601,acute care hospitals,government - hospital district or authority,yes,surgical infection prevention,scip-inf-3,surgery patients whose preventive antibiotics were stopped at the right time (within 24 hours after surgery),85%,48 patients,al_scip-inf-3
488,10021,dale medical center,126 hospital ave,empty,empty,ozark,al,36360,dale,3347742601,acute care hospitals,government - hospital district or authority,yes,surgical infection prevention,scip-inf-4,all heart surgery patients whose blood sugar (blood glucose) is kept under good control in the days right after surgery,empty,0 patie#nts,al_scip-inf-4
489,10021,dale medical center,126 hospital ave,empty,empty,ozark,al,36360,dale,3347742601,acute care hospitals,government - hospital district or authority,yes,surgical infection prevention,scip-inf-6,surgery patients needing hair removed from the surgical area before surgery who had hair removed using a safer method (electric clippers or hair removal cream c not a razor),100%,94 patients,al_scip-inf-6
490,10021,dale medical center,126 hospital ave,empty,empty,ozark,al,36360,dale,3347742601,acute care hospitals,government - hospital district or authority,yes,surgical infection prevention,scip-vte-1,surgery patients whose doctors ordered treatments to prevent blood clots after certain types of surgeries,88%,50 patients,al_scip-vte-1
491,10021,dale medical center,126 hospital ave,empty,empty,ozark,al,36360,dale,3347742601,acute care hospitals,government - hospital district or authority,yes,surgical infection prevention,scip-vte-2,patients who got treatment  at the right time (within 24 hours before or after their surgery) to help prevent blood clots after certain types of surgery,68%,50 patients,al_scip-vte-2
492,10022,cherokee medical center,400 northwood dr,empty,empty,centre,al,35960,cherokee,2569275531,acute care hospitals,voluntary non-profit - private,yes,heart attack,ami-1,heart attack patients given aspirin at arrival,empty,0 patients,al_ami-1
493,10022,cherokee medical center,400 northwood dr,empty$,empty,centre,al,35960,cherokee,2569275531,acute care hospitals,voluntary non-profit - private,yes,heart attack,ami-2,heart attack patients given aspirin at discharge,100%,1 patients,al_ami-2
494,10022,cherokee medical center,400 northwood dr,empty,empty,centre,al,35960,cherokee,2569275531,acute care hospitals,voluntary non-profit - private,yes,heart attack,ami-3,heart attack patients given ace inhibitor or arb for left ventricular systolic dysfunction (lvsd),empty,0 patients,al_ami-3
495,10022,cherokee medical center,400 northwood dr,empty,empty,centre,al,35960,cherokee,2569275531,acute care hospitals,voluntary non-profit - private,yes,heart attack,ami-4,heart attack patients given smoking cessation advice/counseling,empty,empty,al_ami-4
496,10022,cherokee medical center,400 northwood dr,empty,empty,centre,al,35960,cherokee,2569275531,acute care hospitals,voluntary non-profit - private,yes,heart attack,ami-5,heart attack patients given beta blocker at discharge,empty,0 patients,al_ami-5
497,10022,cherokee medical center,400 northwood dr,empty,empty,centre,al,35960,cherokee,2569275531,acute care hospitals,voluntary non-profit - private,yes,heart attack,ami-7a,heart attack patients given fibrinolytic medication within 30 minutes of arrival,emp$#ty,0 patients,al_ami-7a
498,10022,cherokee medical center,400 northwood dr,empt??y,empty,centre,al,35960,cherokee,2569275531,acute care hospitals,voluntary non-profit - private,yes,heart attack,ami-8a,heart attack patients given pci within 90 minutes of arrival,empty,0 patients,al_ami-8a
499,10022,cherokee medical center,400 northwood dr,empty,empty,centre,al,35960,cherokee,2569275531,acute care hospitals,voluntary non-profit - private,yes,heart failure,hf-1,heart failure patients given discharge instructions,8$3??%,35 patients,al_hf-1
500,10022,cherokee medical center,400 northwood dr,empty,empty,centre,al,35960,cherokee,2569275531,acute care hospitals,voluntary non-profit - private,yes,,h#%f-2,heart failure patients given an evaluation of left ventricular systolic (lvs) function,94%,empty,al_h??#f-2
501,10022,cherokee medical center,400 northwood dr,empty,empty,centre,al,35960,cherokee,2569275531,acute care hospitals,voluntary non-profit - private,yes,heart failure,hf-3,heart failure patients given ace inhibitor or arb for left ventricular systolic dysfunction (lvsd),empty,10 patients,al_hf-3
502,10022,cherokee medical center,400 northwood dr,empty,empty,centre,al,35960,cherokee,2569275531,acute care hospitals,voluntary non-profit - private,yes,heart failure,hf-4,heart failure patients given smoking cessation advice/counseling,1$0%0%,15 patients,al_hf-4
503,54849.67672889419,cherokee medical center,400 northwood dr,empty,#empty#,centre,al,35960,cherokee,2569275531,acute care hospitals,voluntary non-profit - private,yes,pneumonia,pn-2,pneumonia patients assessed and given pneumococcal vaccination,93%,44 patients,al_pn-2
504,10022,cherokee medical center,400 northwood dr,empty,empty,centre,al,35960,cherokee,2569275531,acute care hospitals,voluntary non-profit - private,yes,pneumonia,pn-3b,pneumonia patients whose initial emergency room blood culture was performed prior to the administration of the first hospital dose of antibiotics,97%,33 patients,al_pn-3b
505,10022,cherokee medical center,400 northwood dr,empty,??em#pty,centre,al,35960,cherokee,2569275531,acute care hospitals,voluntary non-profit - private,yes,pneumonia,pn-4,pneumonia patients given smoking cessation advice/counseling,100%,20 patients,al_pn-4
506,10022,cherokee medical center,400 northwood dr,empty,empty,centre,al,35960,cherokee,2569275531,acute care hospitals,voluntary non-profit - private,yes,pneumonia,pn$-5c,,89%,56 patients,
507,10022,cherokee medical center,400 northwood dr,empty,empty,centre,al,35960,cherokee,2569275531,acute care hospitals,voluntary non-profit - private,yes,pneumonia,pn-6,pneumonia patients given the most appropriate initial antibiotic(s),93%,44 patients,al_pn-6
508,47289.793811787094,,400 northwood dr,empty,empty,cent$r??e,al,35960,,15261228462.906626,acute care hospitals,voluntary non-profit - private,yes,pneumonia,pn-7,pneumonia patients assessed and given influenza vaccination,81%,31 patients,al_pn-7
509,10022,cherokee medical center,400 northwood dr,empty,empty,centre,al,35960,cherokee,2569275531,acute care hospitals,voluntary non-profit - private,yes,surgical infection prevention,scip-card-2,surgery patients who were taking heart drugs called beta blockers before coming to the hospital who were kept on the beta blockers during the period just before and after their surgery,#empty,empty,al_scip-card-2
510,10022,cherokee medical center,400 northwood dr,empty,empty,centre,al,35960,cherokee,2569275531,acute care hospitals,voluntary non-profit - private,yes,surgical infection prevention,scip-inf-1,surgery patients who were given an antibiotic at the right time (within one hour before surgery) to help prevent infection,0%#%,2 pati##ents,al_scip-inf-1
511,10022,cherokee medical center,400 northwood dr,empty,empty,centre,al,35960,cherokee,2569275531,acute care hospitals,voluntary non-profit - private,yes,surgical infection prevention,scip-inf-2,surgery patients who were given the  right kind  of antibiotic to help prevent infection,100%,2 patients,al_scip-inf-2
512,10022,cherokee medical center,400 northwood dr,empty,empty,centre,al,35960,cherokee,2569275531,acute care hospitals,voluntary non-profit - private,yes,surgical infection prevention,scip-inf-3,surgery patients whose preventive antibiotics were stopped at the right time (within 24 hours after surgery),%$0%,1 patients,al_scip-inf-3
513,48343.03190786314,cherokee medical center,400 northwood dr,empty,empty,centre,al,35960,cherokee,2569275531,acute care hospitals,voluntary non-profit - private,yes,surgical infection prevention,scip-inf-4,all heart surgery patients whose blood sugar (blood glucose) is kept under good control in the days right after surgery,@@e#mpty,0 patients,al_scip-inf-4
514,10022,cherokee medical center,400 northwood dr,empty,empty,centre,al,35960,cherokee,2569275531,acute care hospitals,voluntary non-profit - private,yes,surgical infection prevention,scip-inf-6,surgery patients needing hair removed from the surgical area before surgery who had hair removed using a safer method (electric clippers or hair removal cream c not a razor),100%,6 patients,al_scip-inf-6
515,,cherokee medical center,400 northwood dr,empty,empty,centre,al,35960,cherokee,2569275531,acute care hospitals,voluntary non-profit - private,yes,surgical infection prevention,scip-%vt#e-1,surgery patients whose doctors ordered treatments to prevent blood clots after certain types of surgeries,100%,5% patient#s,al_scip-vte-1
516,10022,cherokee medical center,400 northwood dr,empty,empty,centre,al,35960,cherokee,2569275531,acute care hospitals,voluntary non-profit - private,yes,surgical infection prevention,scip-vte-2,patients who got treatment  at the right time (within 24 hours before or after their surgery) to help prevent blood clots after certain types of surgery,100%,5 patients,al_scip-vte-2
517,,baptist medical center south,2105 east south boulevard,empty,empty,montgomery,al,36116,montgomery,3342882100,acute care hospitals,voluntary non-profit - church,yes,heart attack,,heart attack patients given asp$irin at arrival,100%,134 patients,al_ami-1
518,,baptist medical center south,2105 east south boulevard,empty,empty,montgomery,al,36116,montgomery,3342882100,,voluntary non-profit - church,yes,heart attack,,heart att#ack patients giv$en aspirin at discharge,empty,2??82 pati$ents,al_ami-2
519,10023,baptist medical center south,2105 east south boulevard,empty,empt#y,montgomery,al,36116,montgomery,3342882100,acute care hospitals,voluntary non-profit - church,yes,heart attack,,heart attack patients given ace inhibitor or arb for left ventricular systolic dysfunction (lvsd),100%,53 pa#@@tients,al_ami-3
520,10023,baptist medical center south,2105 east south boulevard,empty,empty,montgomery,al,36116,montgomery,3342882100,acute care hospitals,voluntary non-profit - church,yes,heart attack,ami-4,heart attack patients given smoking cessation advice/counseling,100%,119 patients,al_ami-4
521,10023,baptist medical center south,2105 east south boulevard,empty,empty,montgomery,al,36116,montgomery,3342882100,acute care hospitals,voluntary non-profit - church,yes,heart attack,ami-5,heart attack patients given beta blocker at discharge,100%,254 patients,al_ami-5
522,37360.32854229819,baptist medical center south,2105 east south boulevard,empty,empty,montgomery,al,36116,montgomery,3342882100,acute care hospitals,voluntary non-profit - church,yes,heart attack,ami-7a,heart attack patients given fibrinolytic medication within 30 minutes of arrival,empty,0 patients,al_ami-7a
523,10023,baptist medical center south,2105 east south boulevard,empty,empty$%,montgomery,al,36116,montgomery,3342882100,acute care hospitals,voluntary non-profit - church,yes,heart attack,ami-8a,heart attack patients given pci within 90 minutes of arrival,96%,27 patients,al_ami-8a
524,10023,baptist medical center south,2105 east south boulevard,empty,empty@@,montgomery,al,36116,montgomery,3342882100,acute care hospitals,voluntary non-profit - church,yes,heart failure,hf-1,heart failure patients given discharge instructions,100%,257 patients,al_hf-1
525,10023,baptist medical center south,2105 east south boulevard,empty,empty,montgomery,al,36116,montgomery,3342882100,acute care hospitals,voluntary non-profit - church,yes,heart failure,hf-2,heart failure patients given an evaluation of left ventricular systolic (lvs) function,100%,292 patients,al_hf-2
526,10023,baptist medical center south,2105 east south boulevard,empty,empty,montgomery,al,36116,montgomery,3342882100,acute care hospitals,voluntary non-profit - church,yes,heart failure,%h#f-3,heart failure patients given ace inhibitor or arb for left ventricular systolic dysfunction (lvsd),100%,empty,
527,10023,baptist medical center south,2105 east south boulevard,empty,empty,montgomery,al,36116,montgomery,3342882100,acute care hospitals,voluntary non-profit - church,yes,heart failure,hf-4,heart failure patients given smoking cessation advice/counseling,100%??,empty,al_hf-4
528,10023,baptist medical center south,2105 east south boulevard,empty,empty,montgomery,al,36116,montgomery,3342882100,acute care hospitals,voluntary non-profit - church,yes,pneumonia,pn-2,pneumonia patients assessed and given pneumococcal vaccination,94%,@@@@99 patients,al_pn-2
529,10023,baptist medical center south,2105 east south boulevard,empty,empty,montgomery,al,36116,montgomery,3342882100,acute care hospitals,voluntary non-profit - church,yes,pneumonia,pn-3b,pneumonia patients whose initial emergency room blood culture was performed prior to the administration of the first hospital dose of antibiotics,96%,103 patients,al_pn-3b
530,10023,baptist medical center south,2105 east south boulevard,empty,em@@pty,montgomery,al,36116,montgomery,3342882100,acute care hospitals,voluntary non-profit - church,yes,pneumonia,pn-4,pneumonia patients given smoking cessation advice/counseling,94%,80 patients,al_pn-4
531,10023,baptist medical center south,2105 east south boulevard,empty,empty,montgomery,al,36116,montgomery,3342882100,acute care hospitals,voluntary non-profit - church,yes,pneumonia,pn-5c,pneumonia patients given initial antibiotic(s) within 6 hours after arrival,95%,101 patients,al_pn-5c
532,51649.54883802402,baptist medical center south,2105 east south boulevard,empty,empty,montgomery,al,36116,montgomery,3342882100,acute care hospitals,voluntary non-profit - church,yes,pneumonia,p??n-%6,pneumonia patients given the most appropriate initial antibiotic(s),90%,71 patients,
533,54983.00044143673,baptist medical center south,2105 east south boulevard,empty,empty,montgomery,al,36116,montgomery,3342882100,acute care hospitals,voluntary non-profit - church,yes,pneumonia,pn-7,pneumonia patients assessed and given influenza vaccination,empty,87 patients,al_pn-7
534,10023,baptist medical center south,2105 east south boulevard,empty,empty,montgomery,al,36116,montgomery,3342882100,acute care hospitals,voluntary non-profit - church,yes,surgical infection prevention,scip-card-2,surgery patients who were taking heart drugs called beta blockers before coming to the hospital who were kept on the beta blockers during the period just before and after their surgery,97%,89 patients,al_scip-card-2
535,10023,baptist medical center south,2105 east south boulevard,empty,empty,montgomery,al,36116,montgomery,3342882100,acute care hospitals,voluntary non-profit - church,yes,surgical infection prevention,scip-inf-1,surgery patients who were given an antibiotic at the right time (within one hour before surgery) to help prevent infection,97%,412 patients,al_scip-inf-1
536,10023,baptist medical center south,2105 east south boulevard,empty,empty,montgomery,al,36116,montgomery,3342882100,acute care hospitals,voluntary non-profit - church,yes,surgical infection prevention,scip-inf-2,surgery patients who were given the  right kind  of antibiotic to help prevent infection,97%,423 patients@@#,al_scip-inf-2
537,10023,baptist medical center south,2105 east south boulevard,empty,empty,montgomery,al,36116,montgomery,3342882100,acute care hospitals,voluntary non-profit - church,yes,surgical infection prevention,scip-inf-3,surgery patients whose preventive antibiotics were stopped at the right time (within 24 hours after surgery),94%,3$92 patients,al_scip-inf-3
538,10023,baptist medical center south,2105 east south boulevard,empty,empty,montgomery,al,36116,montgomery,3342882100,acute care hospitals,voluntary non-profit - church,yes,surgical infection prevention,@@@@scip-inf-4,all heart surgery patients whose blood sugar (blood glucose) is kept under good control in the days right after surgery,9@@5%,125 patients,al_scip-inf-4
539,,baptist medical center south,2105 east south boulevard,empty,e@@mpty,montgomery,al,36116,montgomery,3342882100,acute care hospitals,voluntary non-profit - church,yes,surgical infection prevention,scip-inf-6,surgery patients needing hair removed from the surgical area before surgery who had hair removed using a safer method (electric clippers or hair removal cream c not a razor),100%,575 patients,al_scip-inf-6
540,10023,baptist medical center south,2105 east south boulevard,emp@@ty,empty,montgomery,al,36116,montgomery,3342882100,acute care hospitals,voluntary non-profit - church,yes,surgical infection prevention,scip-vte-1%,surgery patients whose doctors ordered treatments to prevent blood clots after certain types of surgeries,98%,179 patients,al_scip-vte-1
541,10023,baptist medical center south,2105 east south boulevard,empty,empty,montgomery,al,36116,montgomery,3342882100,acute care hospitals,voluntary non-profit - church,yes,surgical infection prevention,scip-vte-2,patients who got treatment  at the right time (within 24 hours before or after their surgery) to help prevent blood clots after certain types of surgery,94$%,179 patients,al_scip-vte-2
542,10024,jackson hospital & clinic inc,1725 pine street,empty,empty,montgomery,al,36106,montgomery,3342938000,acute care hospitals,voluntary non-profit - private,yes,heart attack,ami-1,heart attack patients given aspirin at arrival,95%,111 patients,al_ami-1
543,10024,jackson hospital & clinic inc,1725 pine street,empty,empty,montgomery,al,36106,montgomery,3342938000,acute care hospitals,voluntary non-profit - private,yes,,ami$-2,heart attack patients given aspirin at discharge,92%#,165 patients,al_ami-2
544,10024,jackson hospital & clinic inc,1725 pine street,empty,empty,montgomery,al,36106,montgomery,3342938000,acute care hospitals,voluntary non-profit - private,yes,heart attack,ami-3,heart attack patients given ace inhibitor or arb for left ventricular systolic dysfunction (lvsd),$7@@9%,24 patients,al_ami-3
545,10024,jackson hospital & clinic inc,1725 pine street,empt$y,empty,montgomery,al,36106,montgomery,3342938000,acute care hospitals,voluntary non-profit - private,yes,heart attack,ami-4,heart attack patients given smoking cessation advice/counseling,97%,65 pati%ents,al_ami-4
546,10024,jackson hospital & clinic inc,1725 pine street,empty,empty,montgomery,al,36106,montgomery,3342938000,acute care hospitals,voluntary non-profit - private,yes,heart attack,ami-5,heart attack patients given beta blocker at discharge,9@@%5%,173 patients,al_ami-5
547,10024,jackson hospital & clinic inc,1725 pine street,empty,empty,montgomery,al,36106,montgomery,3342938000,acute care hospitals,voluntary non-profit - private,yes,heart attack,,heart attack patients given fibrinolytic medication within 30 minutes of arrival,em%pty,0 patients,al_ami-7a
548,41553.071085171825,,1725 pine street,$em%pty,empty,montgomery,al,36106,montgomery,3342938000,acute care hospitals,voluntary non-profit - private,yes,heart attack,ami-8a,heart attack patients given pci within 90 minutes of arrival,40%,15 patients,al_ami-8a
549,10024,jackson hospital & clinic inc,1725 pine street,empt%y,empty,montgomery,al,36106,montgomery,3342938000,acute care hospitals,voluntary non-profit - private,yes,heart failure,hf-1,heart failure patients given discharge instructions,45%,430 patients,al_hf-1
550,10024,jackson hospital & clinic inc,1725 pine street,empty,empty,montgomery,al,36106,montgomery,3342938000,acute care hospitals,voluntary non-profit - private,yes,heart failure,hf-2,heart failure patients given an evaluation of left ventricular systolic (lvs) function,9@@0%,518 patients,al_hf-2
551,10024,jackson hospital & clinic inc,1725 pine street,empty,empty,montgomery,al,36106,montgomery,3342938000,acute care hospitals,voluntary non-profit - private,yes,,h%f??-3,,85%,146 patients,
552,10024,jackson hospital & clinic inc,1725 pine street,empty,empty,montgomery,al,36106,montgomery,3342938000,acute care hospitals,voluntary non-profit - private,yes,heart failure,,heart failure patients given smoking cessation advice/counseling,99%,93 patients,al_hf-4
553,10024,jackson hospital & clinic inc,1725 pine street,empty,empty,montgomery,al,36106,montgomery,3342938000,acute care hospitals,voluntary non-profit - private,yes,pneumonia,pn-2,pneumonia patients assessed and given pneumococcal vaccination,85%,243 patients,al_pn-2
554,10024,jackson hospital & clinic inc,1725 pine street,empty,empty,montgomery,al,36106,montgomery,3342938000,acute care hospitals,voluntary non-profit - private,yes,pneumonia,pn-3b,pneumonia patients whose initial emergency room blood culture was performed prior to the administration of the first hospital dose of antibiotics,$95%,230 patients,al_pn-3b
555,10024,jackson hospital & clinic inc,1725 pine street,empty,empty,montgomery,al,36106,montgomery,3342938000,acute care hospitals,voluntary non-profit - private,yes,pneumonia,pn-4,pneumonia patients given smoking cessation advice/counseling,91%,empty,al_pn-4
556,10024,jackson hospital & clinic inc,1725 pine street,empty,empty,montgomery,al,36106,montgomery,3342938000,acute care hospitals,voluntary non-profit - private,yes,pneumonia,pn-5c,pneumonia patients given initial antibiotic(s) within 6 hours after arrival,88%,233 patient%s,al_pn-5c
557,,jackson hospital & clinic inc,1725 pine street,empty,empty,montgomery,al,36106,montgomery,3342938000,acute care hospitals,voluntary non-profit - private,yes,pneumonia,pn-6,pneumonia patients given the most appropriate initial antibiotic(s),82%,empty,al_pn-6
558,10024,jackson hospital & clinic inc,1725 pine street,empty,empty,montgomery,al,36106,montgomery,3342938000,acute care hospitals,voluntary non-profit - private,yes,pneumonia,pn-7,pneumonia patients assessed and given influenza vaccination,82%,184 pa?$?tients,al_pn-7
559,10024,jackson hospital & clinic inc,1725 pine street,empty,empty,montgomery,al,36106,montgomery,3342938000,acute care hospitals,voluntary non-profit - private,yes,surgical infection prevention,scip-card-2,surgery patients who were taking heart drugs called beta blockers before coming to the hospital who were kept on the beta blockers during the period just before and after their surgery,67%,180 patients,al_scip-card-2
560,,jackson hospital & clinic inc,1725 pine street,empty,empty,montgomery,al,36106,montgomery,3342938000,acute care hospitals,voluntary non-profit - private,yes,surgical infection prevention,scip-inf-1,surgery patients who were given an antibiotic at the right time (within one hour before surgery) to help prevent infection,78%,844 patients,al_scip-inf-1
561,10024,jackson hospital & clinic inc,1725 pine street,empty,empty,montgomery,al,36106,montgomery,3342938000,acute care hospitals,voluntary non-profit - private,yes,surgical infection prevention,scip-inf-2,surgery patients who were given the  right kind  of antibiotic to help prevent infection,98%,827 patients,al_scip-inf-2
562,10024,jackson hospital & clinic inc,1725 pine street,empty,empty,montgomery,al,36106,montgomery,3342938000,acute care hospitals,voluntary non-profit - private,yes,surgical infection prevention,scip-inf-3,surgery patients whose preventive antibiotics were stopped at the right time (within 24 hours after surgery),empty,817 patients,al_scip-inf-3
563,10024,jackson hospital & clinic inc,1725 pine street,empty,empty,montgomery,al,36106,montgomery,3342938000,acute care hospitals,voluntary non-profit - private,yes,surgical infection prevention,scip-inf-4,all heart surgery patients whose blood sugar (blood glucose) is kept under good control in the days right after surgery,72%,270 patients,al_scip-inf-4
564,10024,jackson hospital & clinic inc,1725 pine street,empty,empty,montgomery,al,36106,montgomery,3342938000,acute care hospitals,voluntary non-profit - private,yes,surgical infection prevention,sc$ip-inf-6,,97%,1062 patients,
565,10024,jackson hospital & clinic inc,1725 pine street,empty,empty,montgomery,al,36106,montgomery,3342938000,acute care hospitals,voluntary non-profit - private,yes,surgical infection prevention,scip-vte-1,surgery patients whose doctors ordered treatments to prevent blood clots after certain types of surgeries,92%,263 patients,al_scip-vte-1
566,10024,jackson hospital & clinic inc,1725 pine street,empty,empty,montgomery,al,36106,montgomery,3342938000,acute care hospitals,voluntary non-profit - private,yes,surgical infection prevention,scip-vte-2,patients who got treatment  at the right time (within 24 hours before or after their surgery) to help prevent blood clots after certain types of surgery,87%,259 patients,al_scip-vte-2
567,10025,g h lanier memorial hospital,4800 48th st,empty,empty,valley,al,36854,chambers,3347561400,acute care hospitals,voluntary non-profit - other,yes,heart attack,ami-1,heart attack patients given aspirin at arrival,92%,24 patients,al_ami-1
568,10025,g h lanier memorial hospital,4800 48th st,empty,empty,valley,al,36854,chambers,3347561400,acute care hospitals,voluntary non-profit - other,yes,heart attack,ami-2,heart attack patients given aspirin at discharge,90%,10 patients,al_ami-2
569,10025,g h lanier memorial hospital,4800 48th st,empty,??empt#y,valley,al,36854,chambers,3347561400,acute care hospitals,voluntary non-profit - other,yes,heart attack,ami-3,heart attack patients given ace inhibitor or arb for left ventricular systolic dysfunction (lvsd),empty,1 patients,al_ami-3
570,43080.53176014921,g h lanier memorial hospital,4800 48th st,empty,empty,valley,al,36854,chambers,3347561400,acute care hospitals,voluntary non-profit - other,yes,heart attack,ami-4,heart attack patients given smoking cessation advice/counseling,50%,4 patients,al_ami-4
571,55865.157560308566,g h lanier memorial hospital,4800 48th st,empty,empty,valley,al,36854,chambers,3347561400,acute care hospitals,voluntary non-profit - other,yes,heart attack,ami-5,heart attack patients given beta blocker at discharge,empty,empty,al_ami-5
572,,,,empty,empty,val#l@@ey,al,36854,chambers,3347561400,acute care hospitals,voluntary non-profit - other,yes,heart attack,ami-7a,heart attack patients given fibrinolytic medication within 30 minutes of arrival,0%,2% patients,al_ami-7a
573,51683.5253255386,,,empty,empty,valley,al,36854,chambers,3347561400,acute care hospitals,voluntary non-profit - other,yes,heart attack,,heart attack patients given pci within 90 minutes of arrival,empty,0 patients,
574,42274.25538196195,g h lanier memorial h$ospital,4800 48th st,empty,empty,valley,al,36854,chambers,3347561400,acute care hospitals,voluntary non-profit - other,yes,,hf$-1??,heart failure patients given discharge instructions,54%,137 patients,al_hf-1
575,10025,g h lanier memorial hospital,4800 48th st,empty,empty,valley,al,36854,chambers,3347561400,acute care hospitals,voluntary non-profit - other,yes,heart failure,hf-2,heart failure patients given an evaluation of left ventricular systolic (lvs) function,99%,164 patients,al_hf-2
576,10025,g h lanier memorial hospital,4800 48th st,empty##,empty,valley,al,36854,chambers,3347561400,acute care hospitals,voluntary non-profit - other,yes,heart failure,hf-3,heart failure patients given ace inhibitor or arb for left ventricular systolic dysfunction (lvsd),empty,75 patients,al_hf-3
577,,g h lanier memorial hos%pital,4800 48th st,empty,empty,valley,al,36854,chambers,3347561400,acute care hospitals,voluntary non-profit - other,yes,heart failure,hf-4,heart failure patients given smoking cessation advice/counseling,97%,38 patients,al_hf-4
578,10025,g h lanier memorial hospital,4800 48th st,empty,empty,valley,al,36854,chambers,3347561400,acute care hospitals,voluntary non-profit - other,yes,pneumonia,pn-2,pneumonia patients assessed and given pneumococcal vaccination,80%,55 patients,al_pn-2
579,10025,g h lanier memorial hospital,4800 48th st,empty,empty,valley,al,36854,chambers,3347561400,acute care hospitals,voluntary non-profit - other,yes,pneumonia,pn-3b,pneumonia patients whose initial emergency room blood culture was performed prior to the administration of the first hospital dose of antibiotics,95%,43 patients,al_pn-3b
580,10025,g h lanier memorial hospital,4800 48th st,empty,empty,valley,al,36854,chambers,3347561400,acute care hospitals,voluntary non-profit - other,yes,pneumonia,,pneumonia patients given smoking cessation advice/counseling,91%,34 patients,al_pn-4
581,,g h lanier memorial hospital,4800 48th st,empty,empty,valley,al,36854,chambers,3347561400,acute care hospitals,voluntary non-profit - other,yes,pneumonia,pn-5#c,pneumonia patients given initial antibiotic(s) within 6 hours after arrival,8#%2%,50 patients,al_pn-5c
582,10025,g h lanier memorial hospital,4800 48th st,empty,empty,valley,al,36854,chambers,3347561400,acute care hospitals,voluntary non-profit - other,yes,,p@@n-#6,pneumonia patients given the most appropriate initial antibiotic(s),85%,52 patients,al_pn-6
583,10025,g h lanier memorial hospital,4800 48th st,empty,empty,valley,al,36854,chambers,3347561400,acute care hospitals,voluntary non-profit - other,yes,pneumonia,pn-7,pneumonia patients assessed and given influenza vaccination,??75%#,60 patients,al_pn-7
584,,,4800 48th st,empty,empty,valley,al,36854,chambers,3347561400,acute care hospitals,voluntary non-profit - other,yes,surgical infection prevention,scip-#card@@-2,surgery patients who were taking heart drugs called beta blockers before coming to the hospital who were kept on the beta blockers during the period just before and after their surgery,32%,19 patients,al_scip-card-2
585,10025,g h lanier memorial hospital,4800 48th st,empty,empt??y,valley,al,36854,chambers,3347561400,acute care hospitals,voluntary non-profit - other,yes,surgical infection prevention,scip-inf-1,surgery patients who were given an antibiotic at the right time (within one hour before surgery) to help prevent infection,100%,117 patients,al_scip-inf-1
586,,g h #lanier memorial ho@@spital,4800 48th st,empty,empt$y,,al,36854,chambers,3347561400,acute care hospitals,voluntary non-profit - other,yes,surgical infection prevention,,surgery patients who were given the  right kind  of antibiotic to help prevent infection,93%,??1$18 patients,al_scip-inf-2
587,10025,g h lanier memorial hospital,4800 48th st,empty,empty,valley,al,36854,chambers,3347561400,acute care hospitals,voluntary non-profit - other,yes,surgical infection prevention,scip-inf-3,surgery patients whose preventive antibiotics were stopped at the right time (within 24 hours after surgery),79%,116 patients,al_scip-inf-3
588,,g h lanier me@@morial hospi??tal,,empty,empty,,al,219812.23816555925,chambers,3347561400,acute care hospitals,voluntary non-profit - other,,surgical infection preve@@ntion,,all heart surgery patients whose blood sugar (blood glucose) is kept under good control in the days right after surgery,empty,0 patients,
589,10025,g h lanier memorial hospital,4800 48th st,empty,empty,valley,al,36854,chambers,3347561400,acute care hospitals,voluntary non-profit - other,yes,surgical infection prevention,scip-inf-6,surgery patients needing hair removed from the surgical area before surgery who had hair removed using a safer method (electric clippers or hair removal cream c not a razor),96%,empty,al_scip-inf-6
590,10025,g h lanier memorial hospital,4800 48th st,empty,$empty,valley,al,36854,chambers,3347561400,acute care hospitals,voluntary non-profit - other,yes,surgical infection prevention,scip-vte-1,surgery patients whose doctors ordered treatments to prevent blood clots after certain types of surgeries,88%,empty,al_scip-vte-1
591,,g h lanier memorial hospital,4800 48th st,empty,empty,valley,al,36854,chambers,3347561400,acute care hospitals,voluntary non-profit - other,yes,surgical infection prevention,scip-vte-2,patients who got treatment  at the right time (within 24 hours before or after their surgery) to help prevent blood clots after certain types of surgery,82%,84 patients,al_scip-vte-2
592,10027,elba general hospital,987 drayton street,empty,empty,elba,al,36323,coffee,3348972257,acute care hospitals,voluntary non-profit - other,yes,heart attack,ami-1,heart attack patients given aspirin at arrival,empty,empty,al_ami-1
593,10027,elba general hospital,987 drayton street,empty,empty,elba,al,36323,coffee,3348972257,acute care hospitals,voluntary non-profit - other,yes,heart attack,ami-2,heart attack patients given aspirin at discharge,empty,empty,al_ami-2
594,10027,elba general hospital,987 drayton street,empty,empty,elba,al,36323,coffee,3348972257,acute care hospitals,voluntary non-profit - other,yes,heart attack,ami-3,heart attack patients given ace inhibitor or arb for left ventricular systolic dysfunction (lvsd),empty,empty,al_ami-3
595,10027,elba general hospital,987 drayton street,empty,empty,elba,al,36323,coffee,3348972257,acute care hospitals,voluntary non-profit - other,yes,heart attack,ami-4,heart attack patients given smoking cessation advice/counseling,empty,empty,al_ami-4
596,52449.28063587679,elba general hospital,987 drayton street,empty,empty,elba,al,36323,coffee,3348972257,acute care hospitals,voluntary non-profit - other,yes,heart attack,ami-5,heart attack patients given beta blocker at discharge,empty,empty,al_ami-5
597,10027,elba general hospital,987 drayton street,empty,empty,elba,al,36323,coffee,3348972257,acute care hospitals,voluntary non-profit - other,yes,heart attack,ami-7a,heart attack patients given fibrinolytic medication within 30 minutes of arrival,empty,empty,al_ami-7a
598,10027,elba general hospital,987 drayton street,empty,empty,elba,al,36323,coffee,3348972257,acute care hospitals,voluntary non-profit - other,yes,heart attack,ami-8a,heart attack patients given pci within 90 minutes of arrival,empty,empty,al_ami-8a
599,10027,elba general hospital,987 drayton street,empty,empty,elba,al,36323,coffee,3348972257,acute care hospitals,voluntary non-profit - other,yes,heart failure,hf-1,heart failure patients given discharge instructions,empty,empty,al_hf-1
600,10027,elba general hospital,987 drayton street,empty,empty,elba,al,36323,coffee,3348972257,acute care hospitals,voluntary non-profit - other,yes,heart failure,,heart failure patients given an evaluation of left ventricular systolic (lvs) function,100%,3 patients,al_hf-2
601,10027,elba general hospital,987 drayton street,empty,empty,elba,al,36323,coffee,3348972257,acute care hospitals,voluntary non-profit - other,yes,heart failure,hf-3,heart failure patients given ace inhibitor or arb for left ventricular systolic dysfunction (lvsd),empty,0 #patients,al_hf-3
602,10027,elba general hospital,987 drayton street,empty,empty,elba,al,36323,coffee,3348972257,acute care hospitals,voluntary non-profit - other,yes,heart failure,hf-4,heart failure patients given smoking cessation advice/counseling,empty,0 patients,al_hf-4
603,43742.35475172659,elba general hospital,987 drayton street,empty,empty,elba,al,36323,coffee,3348972257,acute care hospitals,voluntary non-profit - other,yes,pneumonia,pn-2,pneumonia patients assessed and given pneumococcal vaccination,100%,31 patients,al_pn-2
604,10027,elba general hospital,987 drayton street,empty,empty,elba,al,36323,coffee,3348972257,acute care hospitals,voluntary non-profit - other,yes,pneumonia,,,100%,19 patients,al_pn-3b
605,,elba general hospital,987 drayton street,empty,empty@@@@,elba,al,36323,coffee,3348972257,acute care hospitals,voluntary non-profit - other,yes,pneumonia,pn-4??#,pneumonia patients given smoking cessation advice/counseling,empty,12 patients,al_pn-4
606,10027,elba general hospital,987 drayton street,empty,emp$t@@y,elba,al,36323,coffee,3348972257,acute care hospitals,voluntary non-profit - other,yes,pneumonia,pn-5c,pneumonia patients given initial antibiotic(s) within 6 hours after arrival,100%,empty,al_pn-5c
607,10027,elba general hospital,987 drayton street,empty,empty,elba,al,36323,coffee,3348972257,acute care hospitals,voluntary non-profit - other,yes,pneumonia,pn-6,pneumonia patients given the most appropriate initial antibiotic(s),9#3%,30 patients,al_pn-6
608,10027,elba general hospital,987 drayton street,emp%ty,empty,elba,al,36323,coffee,3348972257,acute care hospitals,voluntary non-profit - other,yes,pneumonia,pn-7,pneumonia patients assessed and given influenza vaccination,100%,23 patients,al_pn-7
609,10027,elba general hospital,987 drayton street,empty,empty,elba,al,36323,coffee,3348972257,acute care hospitals,voluntary non-profit - other,yes,,scip@@-%card-2,surgery patients who were taking heart drugs called beta blockers before coming to the hospital who were kept on the beta blockers during the period just before and after their surgery,empty,empty,al_scip-card-2
610,10027,elba general hospital,987 drayton street,emp%ty,empty,elba,al,36323,coffee,3348972257,acute care hospitals,voluntary non-profit - other,yes,surgical infection prevention,scip-inf-1,surgery patients who were given an antibiotic at the right time (within one hour before surgery) to help prevent infection,empty,empty,al_scip-inf-1
611,10027,elba general hospital,987 drayton street,em#pty,empty,elba,al,36323,coffee,3348972257,acute care hospitals,voluntary non-profit - other,yes,surgical infection prevention,,surgery patients who were given the  right kind  of antibiotic to help prevent infection,empty,empty,al_scip-inf-2
612,10027,elba general hospital,987 drayton street,empty,empty,elba,al,36323,coffee,3348972257,acute care hospitals,voluntary non-profit - other,yes,surgical infection prevention,scip-inf-3,surgery patients whose preventive antibiotics were stopped at the right time (within 24 hours after surgery),empty,empty,al_scip-inf-3
613,10027,elba general hospital,987 drayton street,empty,empty,elba,al,36323,coffee,3348972257,acute care hospitals,voluntary non-profit - other,yes,surgical infection prevention,scip-inf-4,all heart surgery patients whose blood sugar (blood glucose) is kept under good control in the days right after surgery,empty,empty,al_scip-inf-4
614,10027,elba general hospital,987 drayton street,empty,empty,elba,al,36323,coffee,3348972257,,voluntary non-profit - other,yes,,,,empty,empty,al_scip-inf-6
615,10027,elba general hospital,987 drayton street,empty,empty,elba,al,36323,coffee,3348972257,acute care hospitals,voluntary non-profit - other,yes,surgical infection prevention,scip-vte-1,surgery patients whose doctors ordered treatments to prevent blood clots after certain types of surgeries,empty,empty,al_scip-vte-1
616,10027,elba general hospital,987 drayton street,empty,empty,elba,al,36323,coffee,3348972257,acute care hospitals,voluntary non-profit - other,yes,surgical infection prevention,scip-vte-2,patients who got treatment  at the right time (within 24 hours before or after their surgery) to help prevent blood clots after certain types of surgery,empty,em@%@pty,al_scip-vte-2
617,10029,east alabama medical center and snf,2000 pepperell parkway,empty,empty,opelika,al,36801,lee,3347493411,acute care hospitals,government - hospital district or authority,yes,heart attack,ami-1,heart attack patients given aspirin at arrival,98%,185 patients,al_ami-1
618,10029,east alabama medical center and snf,2000 pepperell parkway,empty,e??m%pty,opelika,al,36801,lee,3347493411,acute care hospitals,government - hospital district or authority,yes,heart attack,ami-2,heart attack patients given aspirin at discharge,97%,290 patients,al_ami-2
619,45998.455333093625,east alabama $medical center and snf,2000 pepperell parkway,emp$t#y,empty,opelika,al,36801,lee,3347493411,acute care hospitals,government - hospital district or authority,yes,heart attack,ami-3,heart attack patients given ace inhibitor or arb for left ventricular systolic dysfunction (lvsd),93%,72 patients,al_ami-3
620,10029,east alabama medical center and snf,2000 pepperell parkway,empty,empty,opelika,al,36801,lee,3347493411,acute care hospitals,government - hospital district or authority,yes,heart attack,%ami-4,heart attack patients given smoking cessation advice/counseling,100%,122 pati%ents@@,al_ami-4
621,48706.659373259936,east alabama medical center and snf,2000 pepperell parkway,empty,empty,opelika,al,36801,lee,3347493411,acute care hospitals,government - hospital district or authority,yes,heart attack,ami-5,heart attack patients given beta blocker at discharge,98%,281 patients,al_ami-5
622,10029,east alabama medical center and snf,2000 pepperell parkway,empty,empty,opelika,al,36801,lee,3347493411,acute care hospitals,government - hospital district or authority,yes,heart attack,ami-7a,heart attack patients given fibrinolytic medication within 30 minutes of arrival,empty,0 patients,al_ami-7a
623,10029,east alabama medical center and snf,2000 pepperell parkway,empty,empty,opelika,al,36801,lee,3347493411,acute care hospitals,government - hospital district or authority,yes,heart attack,ami-8a,heart attack patients given pci within 90 minutes of arrival,empty,26 patients,al_ami-8a
624,10029,east alabama medical center and snf,2000 pepperell parkway,empty,empty,opelika,al,36801,lee,3347493411,acute care hospitals,government - hospital district or authority,yes,heart failure,,heart failure patients given discharge instructions,empty,527 patients,
625,10029,east alabama medical center and snf,2000 pepperell parkway,empty,empt@@y,opelika,al,36801,lee,3347493411,acute care hospitals,government - hospital district or authority,yes,heart failure,hf-2,heart failure patients given an evaluation of left ventricular systolic (lvs) function,100%,570 patients,al_hf-2
626,10029,east alabama medical center and snf,2000 pepperell parkway,empty,empty,opelika,al,36801,lee,3347493411,acute care hospitals,government - hospital district or authority,yes,heart failure,hf-3,heart failure patients given ace inhibitor or arb for left ventricular systolic dysfunction (lvsd),empty,272 patients,al_hf-3
627,10029,east alabama medical center and snf,2000 pepperell parkway,empty,empty,opelika,al,36801,lee,3347493411,acute care hospitals,government - hospital district or authority,yes,heart failure,hf-4,heart failure patients given smoking cessation advice/counseling,100%,101 patients,al_hf-4
628,10029,east alabama medical center and snf,2000 pepperell parkway,#em#pty,@@empty,opelika,al,36801,lee,3347493411,acute care hospitals,government - hospital district or authority,yes,pneumonia,pn-2,pneumonia patients assessed and given pneumococcal vaccination,92%,114 patients,al_pn-2
629,10029,east alabama medical center and snf,2000 pepperell parkway,e%mpt??y,empty,opelika,al,36801,lee,3347493411,acute care hospitals,government - hospital district or authority,yes,p??neumonia,p??n-3%b,pneumonia patients whose initial emergency room blood culture was performed prior to the administration of the first hospital dose of antibiotics,91%,empty,al_pn-3b
630,10029,east alabama medical center and snf,2000 pepperell parkway,empty,empty,opelika,al,36801,lee,3347493411,acute care hospitals,government - hospital district or authority,yes,pneumonia,$??pn-4,pneumonia patients given smoking cessation advice/counseling,100%,59 patients,al_pn-4
631,10029,east alabama medical center and snf,2000 pepperell parkway,empty,empty,opelika,al,36801,lee,3347493411,acute care hospitals,government - hospital district or authority,yes,pneumonia,pn-5c,pneumonia patients given initial antibiotic(s) within 6 hours after arrival,96%##,153 patients,al_pn-5c
632,10029,east alabama medical center and snf,2000 pepperell parkway,empty,empty,opelika,al,36801,lee,3347493411,acute care hospitals,government - hospital district or authority,yes,pneumonia,pn-6??$,pneumonia patients given the most appropriate initial antibiotic(s),97%%$,115 patients,
633,10029,east alabama medical center and snf,2000 pepperell parkway,empty,emp$ty,opelika,al,36801,lee,3347493411,acute care hospitals,government - hospital district or authority,yes,pneumonia,pn-7,pneumonia patients assessed and given influenza vaccination,88%,89 patients,al_pn-7
634,10029,east alabama medical center and snf,2000 pepperell parkway,empty,empty,opelika,al,36801,lee,3347493411,acute care hospitals,government - hospital district or authority,yes,surgical infection prevention,scip-card-2,surgery patients who were taking heart drugs called beta blockers before coming to the hospital who were kept on the beta blockers during the period just before and after their surgery,empty,empty,al_scip-card-2
635,10029,east alabama medical center and snf,2000 pepperell parkway,empty,empty,opelika,al,36801,lee,3347493411,acute care hospitals,government - hospital district or authority,yes,surgical infection prevention,scip-inf-1,surgery patients who were given an antibiotic at the right time (within one hour before surgery) to help prevent infection,99%,1001 patients,al_scip-inf-1
636,10029,east alabama medical center and snf,2000 pepperell parkway,empty,empty,opelika,al,36801,lee,3347493411,acute care hospitals,government - hospital district or authority,yes,surgical infection prevention,scip-inf-2,surgery patients who were given the  right kind  of antibiotic to help prevent infection,99%,1016 patients,al_scip-inf-2
637,10029,east alabama medical center and snf,2000 pepperell parkway,e$mpty,empty,opelika,al,36801,lee,3347493411,acute care hospitals,government - hospital district or authority,yes,surgical infection prevention,,surgery patients whose preventive antibiotics were stopped at the right time (within 24 hours after surgery),97%,96??2 p$atients,al_scip-inf-3
638,10029,east alabama medical center and snf,2000 pepperell parkway,empty,empty,opelika,al,36801,lee,3347493411,acute care hospitals,government - hospital district or authority,yes,surgical infection prevention,scip-inf-4,all heart surgery patients whose blood sugar (blood glucose) is kept under good control in the days right after surgery,empty,241 patients,al_scip-inf-4
639,10029,east alabama medical center and snf,2000 pepperell parkway,empty,empty,opelika,al,36801,lee,3347493411,acute care hospitals,government - hospital district or authority,yes,surgical infection prevention,scip-inf-6,surgery patients needing hair removed from the surgical area before surgery who had hair removed using a safer method (electric clippers or hair removal cream c not a razor),@%@100%,1421 patients,al_scip-inf-6
640,50921.36562545304,east alabama medical center and snf,2000 pepperell parkway,empty,??empty,opelika,al,36801,lee,3347493411,acute care hospitals,government - hospital district or authority,yes,surgical infection prevention,scip-vte-1,surgery patients whose doctors ordered treatments to prevent blood clots after certain types of surgeries,92%,4@@73 pati@@ents,al_scip-vte-1
641,10029,east alabama medical center and snf,2000 pepperell parkway,empty,empty,opelika,al,36801,lee,3347493411,acute care hospitals,government - hospital district or authority,yes,surgical infection prevention,,patients who got treatment  at the right time (within 24 hours before or after their surgery) to help prevent blood clots after certain types of surgery,90%,empty,al_scip-vte-2
642,10032,wedowee hospital,209 north main street,empty,empty,wedowee,al,36278,randolph,2563572111,acute care hospitals,government - local,no,heart attack,ami-1,heart attack patients given aspirin at arrival,50%,4 patients,al_ami-1
643,,wedowee hospital,209 north main street,empty,empty,wedowee,al,36278,randolph,2563572111,acute care hospitals,government - local,no,heart attack,ami-2,heart attack patients given aspirin at discharge,67%,3 patients,al_ami-2
644,,wedowee hospi%tal,,empty,empty,wedowee,al,36278,randolph,2563572111,acute care hospitals,government - local,no,heart attack,ami-3,heart attack patients given ace inhibitor or arb for left ventricular systolic dysfunction (lvsd),empty,0 patients,al_ami-3
645,10032,wedowee hospital,209 north main street,empty,empty,wedowee,al,36278,randolph,2563572111,acute care hospitals,government - local,no,heart attack,a??m@@i-4,heart attack patients given smoking cessation advice/counseling,empty,0 patients,al_ami-4
646,10032,wedowee hospital,209 north main street,empty,empty,wedowee,al,36278,randolph,2563572111,acute care hospitals,government - local,no,heart attack,ami-5,heart attack patients given beta blocker at discharge,67%,3 patients,al_ami-5
647,10032,wedowee hospital,209 north main street,empty??,empty,wedowee,al,36278,randolph,2563572111,acute care hospitals,government - local,no,heart attack,ami-7a,heart attack patients given fibrinolytic medication within 30 minutes of arrival,empty,0 patients,al_ami-7a
648,56494.372385765884,,,empty,empty,wedowee,al,,randolph,2563572111,acute care hospitals,government - local,no,heart attack,ami-8a,heart attack patients given pci within 90 minutes of arrival,empty,0 patients,al_ami-8a
649,10032,wedowee hospital,209 north main street,empty,empty,wedowee,al,36278,randolph,2563572111,acute care hospitals,government - local,no,heart failure,hf-1,heart failure patients given discharge instructions,empty,34 patients,al_hf-1
650,10032,wedowee hospital,209 north main street,empty,empty,wedowee,al,36278,randolph,2563572111,acute care hospitals,government - local,no,heart failure,,heart failure patients given an evaluation of left ventricular systolic (lvs) function,empty,39 patients,al_hf-2
651,,wedowee hospital,209 north main street,empty,empty,wedowee,al,36278,randolph,2563572111,acute care hospitals,government - local,no,heart failure,hf@@%-3,heart failure patients given ace inhibitor or arb for left ventricular systolic dysfunction (lvsd),25%,4 patients,al_hf-3
652,10032,wedowee hospital,209 north main street,empty,empty,wedowee,al,36278,randolph,2563572111,acute care hospitals,government - local,no,,,heart failure patients given smoking cessation advice/counseling,10$0%%,2 patients,al_hf-4
653,10032,wedowee hospital,209 north main street,empty,empty,wedowee,al,36278,randolph,2563572111,acute care hospitals,government - local,no,pneumonia,pn-2,pneumonia patients assessed and given pneumococcal vaccination,25%,28 patients,al_pn-2
654,10032,wedowee hospital,209 north main street,empty,empty,wedowee,al,36278,randolph,2563572111,acute care hospitals,government - local,no,pneumonia,pn-3b,pneumonia patients whose initial emergency room blood culture was performed prior to the administration of the first hospital dose of antibiotics,100%,14 patients,al_pn-3b
655,10032,wedowee hospital,209 north main street,??empty,empty,wedowee,al,36278,randolph,2563572111,acute care hospitals,government - local,no,pneumonia,pn-4,pneumonia patients given smoking cessation advice/counseling,67%,6 patients,al_pn-4
656,10032,wedowee hospital,209 north main street,empty,empty,wedowee,al,36278,randolph,2563572111,acute care hospitals,government - local,no,pneumonia,pn-5c,pneumonia patients given initial antibiotic(s) within 6 hours after arrival,90%,empty,al_pn-5c
657,10032,wedowee hospital,209 north main street,empty,empty,wedowee,al,36278,randolph,2563572111,acute care hospitals,government - local,no,pneumonia,pn-6,pneumonia patients given the most appropriate initial antibiotic(s),96%,23 patients,al_pn-6
658,10032,wedowee hospital,209 north main street,empty,empty,wedowee,al,36278,randolph,2563572111,acute care hospitals,government - local,no,pneumonia,pn-7,pneumonia patients assessed and given influenza vaccination,12%,16 patients,al_pn-7
659,10032,wedowee hospital,209 north main street,empty,empty,wedowee,al,36278,randolph,2563572111,acute care hospitals,government - local,no,surgical infection prevention,scip-card-2,surgery patients who were taking heart drugs called beta blockers before coming to the hospital who were kept on the beta blockers during the period just before and after their surgery,empty,empty,al_scip-card-2
660,10032,wedowee hospital,209 north main street,%em??pty,empty,wedowee,al,36278,randolph,2563572111,acute care hospitals,government - local,no,surgical infection prevention,scip-inf-1,surgery patients who were given an antibiotic at the right time (within one hour before surgery) to help prevent infection,empty,empty,al_scip-inf-1
661,10032,wedowee hospital,209 north main street,empty,empty,wedowee,al,36278,randolph,2563572111,acute care hospitals,government - local,no,surgical infection prevention,scip-inf-2,surgery patients who were given the  right kind  of antibiotic to help prevent infection,empty,empty,al_scip-inf-2
662,10032,wedowee hospital,209 north main street,empty,empty,wedowee,al,36278,randolph,2563572111,acute care hospitals,government - local,no,surgical infection prevention,scip-inf-3,surgery patients whose preventive antibiotics were stopped at the right time (within 24 hours after surgery),empty,empt%y%,al_scip-inf-3
663,10032,wedowee hospital,209 north main street,empty,empty,wedowee,al,36278,randolph,2563572111,acute care hospitals,government - local,no,surgical infection prevention,scip-inf-4,all heart surgery patients whose blood sugar (blood glucose) is kept under good control in the days right after surgery,empty,emp$ty%,al_scip-inf-4
664,10032,wedowee hospital,209 north main street,empty,empty,wedowee,al,36278,randolph,2563572111,acute care hospitals,government - local,no,surgical infection prevention,scip-inf-6,surgery patients needing hair removed from the surgical area before surgery who had hair removed using a safer method (electric clippers or hair removal cream c not a razor),empty,##empty,al_scip-inf-6
665,,wedow%ee hospita??l,209 north main street,empty,empty,wedowee,,,randolph,2563572111,acute care hospitals,government - local,no,surgical infection prevention,scip-vte-1,surgery patients whose doctors ordered treatments to prevent blood clots after certain types of surgeries,empty,empty,al_scip-vte-1
666,10032,wedowee hospital,209 north main street,empty,empty,wedowee,al,36278,randolph,2563572111,acute care hospitals,government - local,no,surgical infection prevention,scip-vte-2,patients who got treatment  at the right time (within 24 hours before or after their surgery) to help prevent blood clots after certain types of surgery,empty,empty,al_scip-vte-2
667,10033,university of alabama hospital,619 south 19th street,empty,e$mpty,birmingham,al,35233,jefferson,2059344011,acute care hospitals,government - state,yes,heart attack,ami-1,heart attack patients given aspirin at arrival,98$%,229 patients,al_ami-1
668,,university of alabama hospital,619 south 19th street,empty,$empt%y,birmingham,al,35233,jefferson,2059344011,acute care hospitals,government - state,yes,heart attack,ami-2,heart attack patients given aspirin at discharge,98%,316 patients,al_ami-2
669,10033,university of alabama hospital,619 south 19th street,empty,empty$,birmingham,al,35233,jefferson,2059344011,acute care hospitals,government - state,yes,heart attack,ami-3,heart attack patients given ace inhibitor or arb for left ventricular systolic dysfunction (lvsd),91%,87 patients,al_ami-3
670,10033,university of alabama hospital,619 south 19th street,empty,empty,birmingham,al,35233,jefferson,2059344011,acute care hospitals,government - state,yes,heart attack,ami-4,heart attack patients given smoking cessation advice/counseling,100%,147 patients,al_ami-4
671,10033,university of alabama hospital,619 south 19th street,empty,empty,birmingham,al,35233,jefferson,2059344011,acute care hospitals,government - state,yes,heart attack,ami-5,heart attack patients given beta blocker at discharge,empty,331 patients,al_ami-5
672,10033,university of alabama hospital,619 south 19th street,empty,e%mpt%y,birmingham,al,35233,jefferson,2059344011,acute care hospitals,government - state,yes,heart attack,ami-7a,heart attack patients given fibrinolytic medication within 30 minutes of arrival,empty,0 patients,al_ami-7a
673,,university of alabama hospital,619 south 19th street,empty,empty,birmingham,al,35233,jefferson,2059344011,acute care hospitals,government - state,yes,heart attack,ami-8a,heart attack patients given pci within 90 minutes of arrival,empty,47 patients,al_ami-8a
674,,university of alabama hospital,619 south 19th street,empty,emp#ty,birmingham,al,35233,jefferson,2059344011,acute care hospitals,government - state,yes,heart failure,hf-1,heart failure patients given discharge instructions,46%??,empty,al_hf-1
675,,university of alabama hospital,619 south 19th street,empty@%@,empty,birmingham,al,35233,jefferson,2059344011,acute care hospitals,government - state,yes,heart failure,hf-2,heart failure patients given an evaluation of left ventricular systolic (lvs) function,96%,681 patients,al_hf-2
676,10033,university of alabama hospital,619 south 19th street,empty,empty,birmingham,al,35233,jefferson,2059344011,acute care hospitals,government - state,yes,heart failure,,,94%,343 patients,al_hf-3
677,10033,university of alabama hospital,619 south 19th street,empty,empty,birmingham,al,35233,jefferson,2059344011,acute care hospitals,government - state,yes,,hf-4?%?,heart failure patients given smoking cessation advice/counseling,empty,130 patie#nts@@,al_hf-4
678,10033,university of alabama hospital,619 south 19th street,empty,empty,birmingham,al,35233,jefferson,2059344011,acute care hospitals,government - state,yes,pneumonia,,,74%,247 patients,
679,10033,university of alabama hospital,619 south 19th street,empty,empty,birmingham,al,35233,jefferson,2059344011,acute care hospitals,government - state,yes,pneumonia,pn-3b,pneumonia patients whose initial emergency room blood culture was performed prior to the administration of the first hospital dose of antibiotics,92%,378 patients,al_pn-3b
680,10033,university of alabama hospital,619 south 19th street,empty,empty,birmingham,al,35233,jefferson,2059344011,acute care hospitals,government - state,yes,pneumonia,pn$??-4,pneumonia patients given smoking cessation advice/counseling,empty,169 pa@@tients,
681,10033,university of alabama hospital,619 south 19th street,empty,empty,birmingham,al,35233,jefferson,2059344011,acute care hospitals,government - state,yes,pneumonia,pn-5c,pneumonia patients given initial antibiotic(s) within 6 hours after arrival,92%,357 patients,al_pn-5c
682,10033,university of alabama hospital,619 south 19th street,empty,empty,birmingham,al,35233,jefferson,2059344011,acute care hospitals,government - state,yes,pneumonia,pn-6,pneumonia patients given the most appropriate initial antibiotic(s),85%,155$ patients,al_pn-6
683,10033,university of alabama hospital,619 south 19th street,empty,em??pty,birmingham,al,35233,jefferson,2059344011,acute care hospitals,government - state,yes,,pn-$7,pneumonia patients assessed and given influenza vaccination,79%,242 patients,al_pn-7
684,10033,university of alabama hospital,619 south 19th street,empty,empty,birmingham,al,35233,jefferson,2059344011,acute care hospitals,government - state,yes,surgical infection prevention,scip-card-2,surgery patients who were taking heart drugs called beta blockers before coming to the hospital who were kept on the beta blockers during the period just before and after their surgery,69%,94 patients,al_scip-card-2
685,10033,university of alabama hospital,619 south 19th street,empty,empty,birmingham,al,35233,jefferson,2059344011,acute care hospitals,government - state,yes,surgical infection prevention,scip-inf-1,surgery patients who were given an antibiotic at the right time (within one hour before surgery) to help prevent infection,88%,324 patients,al_scip-inf-1
686,10033,university of alabama hospital,619 south 19th street,empty,empty,birmingham,al,35233,jefferson,2059344011,acute care hospitals,government - state,yes,surgical infection prevention,scip-inf-2,surgery patients who were given the  right kind  of antibiotic to help prevent infection,95%,350 patients,al_scip-inf-2
687,10033,university of alabama hospital,619 south 19th street,empty,empty,birmingham,al,35233,jefferson,2059344011,acute care hospitals,government - state,yes,surgical infection prevention,scip-inf-3,surgery patients whose preventive antibiotics were stopped at the right time (within 24 hours after surgery),87%,317 patients,al_scip-inf-3
688,10033,university of alabama hospital,619 south 19th street,empty,empty,birmingham,al,35233,jefferson,2059344011,acute care hospitals,government - state,yes,surgical infection prevention,scip-inf-4,all heart surgery patients whose blood sugar (blood glucose) is kept under good control in the days right after surgery,empty,140 patient#s,al_scip-inf-4
689,10033,university of alabama hospital,619 south 19th street,empty,empty,birmingham,al,35233,jefferson,2059344011,acute care hospitals,government - state,yes,surgical infection prevention,scip-inf-6,surgery patients needing hair removed from the surgical area before surgery who had hair removed using a safer method (electric clippers or hair removal cream c not a razor),97%,empty,al_scip-inf-6
690,10033,university of alabama hospital,619 south 19th street,empty,e#mpty,birmingham,al,35233,jefferson,2059344011,acute care hospitals,government - state,yes,,scip??-v$te-1,,79%,empty,al_scip-vte-1
691,10033,university of alabama hospital,619 south 19th street,empty,empty,birmingham,al,35233,jefferson,2059344011,acute care hospitals,government - state,yes,surgical infection prevention,scip-vte-2,patients who got treatment  at the right time (within 24 hours before or after their surgery) to help prevent blood clots after certain types of surgery,77%,224 patients,al_scip-vte-2
692,10034,community hospital inc,805 friendship road,e%mpty,empty,tallassee,al,36078,elmore,3342836541,acute care hospitals,voluntary non-profit - private,no,heart attack,ami-1,heart attack patients given aspirin at arrival,77%,13 patients,al_ami-1
693,10034,community hospital inc,805 friendship road,empty,empty,tallassee,al,36078,elmore,3342836541,acute care hospitals,voluntary non-profit - private,no,heart attack,ami-2,heart attack patients given aspirin at discharge,100%,4 patients,al_ami-2
694,,,,emp??ty,empty,tallassee,al,205334.1708983033,elmore,3342836541,acute care hospitals,,no,heart attack,ami-3,heart attack patients given ace inhibitor or arb for left ventricular systolic dysfunction (lvsd),100%,empty,al_ami-3
695,10034,community hospital inc,805 friendship road,empty,empty,tallassee,al,36078,elmore,3342836541,acute care hospitals,voluntary non-profit - private,no,%%heart attack,ami-$4,heart attack patients given smoking cessation advice/counseling,empty,0 patients,al_ami-4
696,10034,community hospital inc,805 friendship road,empty,empty,tallassee,al,36078,elmore,3342836541,acute care hospitals,voluntary non-profit - private,no,heart attack,ami-5,heart attack patients given beta blocker at discharge,75%,4 patients,al_ami-5
697,47744.45828683431,community hospital inc,805 friendship road,empty,empty,tallassee,al,36078,elmore,3342836541,acute care hospitals,voluntary non-profit - private,no,heart attack,ami-7a,heart attack patients given fibrinolytic medication within 30 minutes of arrival,empty,0 pat@@i%ents,al_ami-7a
698,10034,community hospital inc,805 friendship road,empty,empty,tallassee,al,36078,elmore,3342836541,acute care hospitals,voluntary non-profit - private,no,heart attack,ami-8a,heart attack patients given pci within 90 minutes of arrival,empty,0 patients,al_ami-8a
699,10034,community hospital inc,805 friendship road,empty,em$pty,tallassee,al,36078,elmore,3342836541,acute care hospitals,voluntary non-profit - private,no,,,hear%t failure patients given discharge instr??uctions,88%,65 patients,al_hf-1
700,10034,community hospital inc,805 friendship road,empty,empty,tallassee,al,36078,elmore,3342836541,acute care hospitals,voluntary non-profit - private,no,heart failure,hf-2,heart failure patients given an evaluation of left ventricular systolic (lvs) function,empty,8??7 patients,al_hf-2
701,10034,community hospital inc,805 friendship road,empty,empty,tallassee,al,36078,elmore,3342836541,acute care hospitals,voluntary non-profit - private,no,heart failure,hf-3,heart failure patients given ace inhibitor or arb for left ventricular systolic dysfunction (lvsd),100%,30 patients,al_hf-3
702,10034,community hospital inc,805 friendship road,empty,empty,tallassee,al,36078,elmore,3342836541,acute care hospitals,voluntary non-profit - private,no,heart failure,hf-4,heart failure patients given smoking cessation advice/counseling,100%,9$ patie??nts,al_hf-4
703,10034,community hospital inc,805 friendship road,empty,empty,tallassee,al,36078,elmore,3342836541,acute care hospitals,voluntary non-profit - private,no,pneumonia,pn-2,pneumonia patients assessed and given pneumococcal vaccination,87%,70 patients,al_pn-2
704,10034,community hospital inc,805 friendship road,empty,empty,tallassee,al,36078,elmore,3342836541,acute care hospitals,voluntary non-profit - private,no,pneumonia,pn-3b,pneumonia patients whose initial emergency room blood culture was performed prior to the administration of the first hospital dose of antibiotics,95%,76 patients,al_pn-3b
705,,,805 friendship road,empty,empty,tallassee,al,36078,elmore,3342836541,acute care hospitals,voluntary non-profit - private,no,pneumonia,pn-4,pneumonia patients given smoking cessation advice/counseling,90%,41 patients,al_pn-4
706,10034,community hospital inc,805 friendship road,empty,e@@mpty,tallassee,al,36078,elmore,3342836541,acute care hospitals,voluntary non-profit - private,no,pneumonia,pn-5c,pneumonia patients given initial antibiotic(s) within 6 hours after arrival,97%,71 patients,al_pn-5c
707,10034,community hospital inc,805 friendship road,empty,em??pty,tallassee,al,36078,elmore,3342836541,acute care hospitals,voluntary non-profit - private,no,pneumonia,pn-6,pneumonia patients given the most appropriate initial antibiotic(s),96%,52 patients,al_pn-6
708,36362.2605608928,,805 friendship road,empty,empty,tallassee,al,193850.2784672291,elmore,3342836541,acute care hospitals,voluntary non-profit - private,no,pneumonia,pn-7,pneumonia patients assessed and given influenza vaccination,93%,56 patients,al_pn-7
709,41627.298933146645,community hospital inc,805 friendship road,empty,empty,tallassee,al,36078,elmore,3342836541,acute care hospitals,voluntary non-profit - private,no,surgical infection prevention,scip-card-2,surgery patients who were taking heart drugs called beta blockers before coming to the hospital who were kept on the beta blockers during the period just before and after their surgery,100%,3 #patients,al_scip-card-2
710,10034,community hospital inc,805 friendship road,empty,empty,tallassee,al,36078,elmore,3342836541,acute care hospitals,voluntary non-profit - private,no,surgical infection prevention,scip-inf-1,surgery patients who were given an antibiotic at the right time (within one hour before surgery) to help prevent infection,100%,10 patients,al_scip-inf-1
711,10034,community hospital inc,805 friendship road,empty,empty,tallassee,al,36078,elmore,3342836541,acute care hospitals,voluntary non-profit - private,no,surgical infection prevention,,surgery patients who were given the  right kind  of antibiotic to help prevent infection,100%,10 pati#ent??s,al_scip-inf-2
712,10034,community hospital inc,805 friendship road,empty,empty,tallassee,al,36078,elmore,3342836541,acute care hospitals,voluntary non-profit - private,no,surgical infection prevention,scip-inf-3,surgery patients whose preventive antibiotics were stopped at the right time (within 24 hours after surgery),100%,9 patients,al_scip-inf-3
713,,community hospital inc,805 friendship road,empty,empty,tallassee,al,36078,elmore,3342836541,acute care hospitals,voluntary non-profit - private,no,surgical infection prevention,scip-inf-4,all heart surgery patients whose blood sugar (blood glucose) is kept under good control in the days right after surgery,empty,0 patients,al_scip-inf-4
714,,community hospital inc,805 friendship road,empty,empty,tallassee,al,36078,elmore,3342836541,acute care hospitals,voluntary non-profit - private,no,surgical infection prevention,,surgery patients needing hair removed from the surgical area before surgery who had hair removed using a safer method (electric clippers or hair removal cream c not a razor),100%,33 patients,al_scip-inf-6
715,10034,community hospital inc,805 friendship road,em$pty,empty,tallassee,al,36078,elmore,3342836541,acute care hospitals,voluntary non-profit - private,no,surgical infection prevention,scip-vte-1,surgery patients whose doctors ordered treatments to prevent blood clots after certain types of surgeries,88%,empty,al_scip-vte-1
716,10034,community hospital inc,805 friendship road,empty,empty,tallassee,al,36078,elmore,3342836541,acute care hospitals,voluntary non-profit - private,no,surgical infection prevention,scip-vte-2,patients who got treatment  at the right time (within 24 hours before or after their surgery) to help prevent blood clots after certain types of surgery,88@@@@%,empty,al_scip-vte-2
717,,cullman regional medical center,1912 alabama highway 157,empty,empty,cullman,al,35058,cullman,2567372000,acute care hospitals,government - hospital district or authority,yes,heart attack,,heart attack patients given aspirin at arrival,100%,51 patients,al_ami-1
718,,cullman regional medical center,1912 alabama highway 157,empty,empty,cullman,al,35058,cullman,2567372000,acute care hospitals,government - hospital district or authority,yes,heart attack,ami-2,heart attack patients given aspirin at discharge,100%,26 patients,al_ami-2
719,,,1912 alabama highway 157,empty,empty,,al,35058,,14207444029.65144,acute care hospitals,government - hospital district or authority,yes,heart attack,ami-3,heart attack patients given ace inhibitor or arb for left ventricular systolic dysfunction (lvsd),67%,$3 patie??nts,al_ami-3
720,10035,cullman regional medical center,1912 alabama highway 157,empty,empty,cullman,al,35058,cullman,2567372000,acute care hospitals,government - hospital district or authority,yes,heart attack,ami-4,heart attack patients given smoking cessation advice/counseling,100%,3 patients,al_ami-4
721,10035,cullman regional medical center,1912 alabama highway 157,empty,empty,cullman,al,35058,cullman,2567372000,acute care hospitals,government - hospital district or authority,yes,heart attack,ami-5,heart attack patients given beta blocker at discharge,100%,23 patients,al_ami-5
722,10035,cullman regional medical center,1912 alabama highway 157,empty,empty,cullman,al,35058,cullman,2567372000,acute care hospitals,government - hospital district or authority,yes,heart attack,ami@@-7%a,,empty,0 patients,#$al_ami-7a
723,10035,cullman regional medical center,1912 alabama highway 157,empty,empty,cullman,al,35058,cullman,2567372000,acute care hospitals,government - hospital district or authority,yes,heart attack,ami-8a,heart attack patients given pci within 90 minutes of arrival,empty,0 patients,al_ami-8a
724,,cullman regional medical center,1912 alabama highway 157,empty,$empty,cullman,al,35058,cullman,2567372000,acute care hospitals,government - hospital district or authority,yes,heart failure,hf-1,heart failure patients given discharge instructions,9#9%,158 patients,al_hf-1
725,10035,cullman regional medical center,1912 alabama highway 157,empty,empty,cullman,al,35058,cullman,2567372000,acute care hospitals,government - hospital district or authority,yes,heart failure,hf-2,heart failure patients given an evaluation of left ventricular systolic (lvs) function,100%,empty,al_hf-2
726,10035,cullman regional medical center,1912 alabama highway 157,empty,empty,cullman,al,35058,cullman,2567372000,acute care hospitals,government - hospital district or authority,yes,,,heart failure patients given ace inhibitor or arb for left ventricular systolic dysfunction (lvsd),97%,37 patients,
727,10035,cullman regional medical center,1912 alabama highway 157,empty,empty,cullman,al,35058,cullman,2567372000,acute care hospitals,government - hospital district or authority,yes,he@@art failure,,heart failure patients given smoking cessation advice/counseling,100%,empty,
728,,,1912 alabama highway 157,empty,empty,c??ull$man,al,35058,cullman,2567372000,a??cute care hospitals,government - hospital district or authority,yes,pneumon$ia,,pneumonia patients assessed and given pneumococcal vaccination,100%,155 patients,al_pn-2
729,10035,cullman regional medical center,1912 alabama highway 157,empty,empty,cullman,al,35058,cullman,2567372000,acute care hospitals,government - hospital district or authority,yes,pneumonia,,pneumonia patients whose initial emergency room blood culture was performed prior to the administration of the first hospital dose of antibiotics,100%,138 patients,al_pn-3b
730,,cullman regional medical center,1912 alabama highway 157,empty,empty,cullman,al,35058,cullman,2567372000,acute care hospitals,government - hospital district or authority,yes,pneumonia,pn-4,pneumonia patients given smoking cessation advice/counseling,100%,90 patients,al_pn-4
731,10035,cullman regional medical center,1912 alabama highway 157,empty,empty,cullman,al,35058,cullman,2567372000,acute care hospitals,government - hospital district or authority,yes,pneumonia,pn-5c,pneumonia patients given initial antibiotic(s) within 6 hours after arrival,99%,160 patients,al_pn-5c
732,,cullman regional medical center,1912 alabama highway 157,empty,empty,cullman,al,35058,cullman,2567372000,acute care hospitals,government - hospital district or authority,yes,pneumonia,pn-6,pneumonia patients given the most appropriate initial antibiotic(s),98%,empty,al_pn-6
733,,cullman regional medical center,1912 alabama highway 157,empty,empty,cullman,al,35058,cullman,2567372000,acute care hospitals,government - hospital district or authority,yes,pneumonia,pn-7,pneumonia patients assessed and given influenza vaccination,98%,empty,al_pn-7
734,10035,cullman regional medical center,1912 alabama highway 157,empty,$#empty,cullman,al,35058,cullman,2567372000,acute care hospitals,government - hospital district or authority,yes,surgical infection prevention,scip-card-2,surgery patients who were taking heart drugs called beta blockers before coming to the hospital who were kept on the beta blockers during the period just before and after their surgery,99%,68 patients,al_scip-card-2
735,10035,cullman regional medical center,1912 alabama highway 157,empty,empty,cullman,al,35058,cullman,2567372000,acute care hospitals,government - hospital district or authority,yes,surgical infection prevention,scip-inf-1,surgery patients who were given an antibiotic at the right time (within one hour before surgery) to help prevent infection,99%,411 p%atie@@nts,al_scip-inf-1
736,10035,cullman regional medical center,1912 alabama highway 157,empty,empty,cullman,al,35058,cullman,2567372000,acute care hospitals,government - hospital district or authority,yes,surgical infection prevention,scip-inf-2,surgery patients who were given the  right kind  of antibiotic to help prevent infection,empty,417 patients,al_scip-inf-2
737,10035,cullman regional medical center,1912 alabama highway 157,empty,empty,cullman,al,35058,cullman,2567372000,acute care hospitals,government - hospital district or authority,yes,surgical infection prevention,scip-inf-3,surgery patients whose preventive antibiotics were stopped at the right time (within 24 hours after surgery),98%%,405 patients,al_scip-inf-3
738,10035,cullman regional medical center,1912 alabama highway 157,empty,empty,cullman,al,35058,cullman,2567372000,acute care hospitals,government - hospital district or authority,yes,surgical infection prevention,sci@@p-inf-4,all heart surgery patients whose blood sugar (blood glucose) is kept under good control in the days right after surgery,empty,0 patients,al_scip-inf-4
739,10035,cullman regional medical center,1912 alabama highway 157,empty,empty,cullman,al,35058,cullman,2567372000,acute care hospitals,government - hospital district or authority,yes,surgical infection prevention,,surgery patients needing hair removed from the surgical area before surgery who had hair removed using a safer method (electric clippers or hair removal cream c not a razor),100%,598 patients,al_scip-inf-6
740,,cullman regional medical center,1912 alabama highway 157,@@empty,??#empty,cullman,al,35058,cullman,2567372000,acute care hospitals,government - hospital district or authority,yes,surgical infection prevention,,,95%,298 patients,al_scip-vte-1
741,,,1912 alabama highway 157,emp??ty,empty,cullman,al,,cullman,2567372000,acute care hospitals,government - hospital district or authority,yes,surgical infection prevention,scip-vte-2,patients who got treatment  at the right time (within 24 hours before or after their surgery) to help prevent blood clots after certain types of surgery,@@$95%,298 patients,al_scip-vte-2
742,,,,empty,empty,andalusia,al,,covington,3342228466,acute care hospitals,proprietary,,heart attack,,heart attack patients given aspirin at arrival,100%,8 patients,al_ami-1
743,10036,andalusia regional hospital,849 south three notch street,empty,e@@mpty,andalusia,al,36420,covington,3342228466,acute care hospitals,proprietary,no,heart attack,ami-2,heart attack patients given aspirin at discharge,60%,5 patients,al_ami-2
744,10036,andalusia regional hospital,849 south three notch street,empty@@,empty,andalusia,al,36420,covington,3342228466,acute care hospitals,proprietary,no,heart attack,ami-3,heart attack patients given ace inhibitor or arb for left ventricular systolic dysfunction (lvsd),empty,3 patients,al_ami-3
745,10036,andalusia regional hospital,849 south three notch street,empty,empty,andalusia,al,36420,covington,3342228466,acute care hospitals,proprietary,no,heart attack,ami-4,heart attack patients given smoking cessation advice/counseling,empty,0 patients,al_ami-4
746,10036,andalusia regional hospital,849 south three notch street,empty,empty,andalusia,al,36420,covington,3342228466,acute care hospitals,proprietary,no,heart attack,ami-5,heart attack patients given beta blocker at discharge,100%,6 patients,al_ami-5
747,10036,andalusia regional hospital,849 south three notch street,empty,empty,andalusia,al,36420,covington,3342228466,acute care hospitals,proprietary,no,heart attack,,heart attack patients given fibrinolytic medication within 30 minutes of arrival,empty,0 patients,
748,,andalusia regional hospital,849 south three notch street,empty,empty,andalusia,al,36420,covington,3342228466,acute care hospitals,proprietary,no,heart attack,ami-8a,heart attack patients given pci within 90 minutes of arrival,empty,0 patients,al_ami-8a
749,10036,andalusia regional hospital,849 south three notch street,empty,empty,andalusia,al,36420,covington,3342228466,acute care hospitals,proprietary,no,heart failure,hf-1,heart failure patients given discharge instructions,100%,121 patie#nt#s,al_hf-1
750,10036,andalusia regional hospital,849 south three notch street,empty,empty,andalusia,al,36420,covington,3342228466,acute care hospitals,proprietary,no,heart failure,,heart failure patients given an evaluation of left ventricular systolic (lvs) function,91%,139 patients,
751,10036,andalusia regional hospital,849 south three notch street,empty,empty,andalusia,al,36420,covington,3342228466,acute care hospitals,proprietary,no,heart failure,hf-3,heart failure patients given ace inhibitor or arb for left ventricular systolic dysfunction (lvsd),86%,@@21 pati??ents,al_hf-3
752,34064.020662792514,andalusia regional hospital,849 south three notch street,empty,empty,andalusia,al,36420,covington,3342228466,acute care hospitals,proprietary,no,heart failure,hf-4,heart failure patients given smoking cessation advice/counseling,100%,32 patients,al_hf-4
753,10036,andalusia regional hospital,849 south three notch street,empty,empty,andalusia,al,36420,covington,3342228466,acute care hospitals,proprietary,no,pneumonia,pn-2,pneumonia patients assessed and given pneumococcal vaccination,100%,77 patients,al_pn-2
754,10036,andalusia regional hospital,849 south three notch street,empty,empty,andalusia,al,36420,covington,3342228466,acute care hospitals,proprietary,no,pn$eumoni#a,,pneumonia patients whose initial emergency room blood culture was performed prior to the administration of the first hospital dose of antibiotics,89%,55 $patients,al_pn-3b
755,10036,andalusia regional hospital,849 south three notch street,empty,empty,andalusia,al,36420,covington,3342228466,acute care hospitals,proprietary,no,pneumonia,p#n-4,pneumonia patients given smoking cessation advice/counseling,100%,43 patients,al_pn-4
756,10036,andalusia regional hospital,849 south three notch street,empty,empty,andalusia,al,36420,covington,3342228466,acute care hospitals,proprietary,no,pneumonia,pn-5c,pneumonia patients given initial antibiotic(s) within 6 hours after arrival,97%,93 patients,al_pn-5c
757,10036,andalusia regional hospital,849 south three notch street,empty,empty,andalusia,al,36420,covington,3342228466,acute care hospitals,proprietary,no,pneumonia,pn-6,pneumonia patients given the most appropriate initial antibiotic(s),7@@5%,64 patients,al_pn-6
758,10036,andalusia regional hospital,849 south three notch street,empty,empty,andalusia,al,36420,covington,3342228466,acute care hospitals,proprietary,no,pneumonia,pn-7,pneumonia patients assessed and given influenza vaccination,92%,52 patients,al_pn-7
759,32202.8570976592,,849 south three notch street,empty,empty,andalusia,al,36420,covington,3342228466,acute care hospitals,proprietary,no,surgical infection prevention,scip-card-2,surgery patients who were taking heart drugs called beta blockers before coming to the hospital who were kept on the beta blockers during the period just before and after their surgery,89%,19 pat$ients,al_scip-card-2
760,10036,andalusia regional hospital,849 south three notch street,empty,empty,andalusia,al,36420,covington,3342228466,acute care hospitals,proprietary,no,surgical infection prevention,scip-inf-1,surgery patients who were given an antibiotic at the right time (within one hour before surgery) to help prevent infection,97%,empty,al_scip-inf-1
761,10036,andalusia regional hospital,849 south three notch street,empty,empty,andalusia,al,36420,covington,3342228466,acute care hospitals,proprietary,no,surgical infection prevention,,surgery patients who were given the  right kind  of antibiotic to help prevent infection,empty,141 patients,al_scip-inf-2
762,,andalusia regional hospital,849 south three notch street,empty,empty,andalusia,al,36420,covington,3342228466,acute care hospitals,proprietary,no,surgical infection prevention,,surgery patients whose preventive antibiotics were stopped at the right time (within 24 hours after surgery),99%,136 patients,al_scip-inf-3
763,10036,andalusia regional hospital,849 south three notch street,empty,empty,andalusia,al,36420,covington,3342228466,acute care hospitals,proprietary,no,surgical infection prevention,scip-inf-4,all heart surgery patients whose blood sugar (blood glucose) is kept under good control in the days right after surgery,empty,0 patients,al_scip-inf-4
764,10036,andalusia regional hospital,849 south three notch street,empty,empty,andalusia,al,36420,covington,3342228466,acute care hospitals,proprietary,no,surgical infection prevention,,surgery patients needing hair removed from the surgical area before surgery who had hair removed using a safer method (electric clippers or hair removal cream c not a razor),100%,204 patients,al_scip-inf-6
765,10036,andalusia regional hospital,849 south three notch street,empty,empty,andalusia,al,36420,covington,3342228466,acute care hospitals,proprietary,no,surgical infection prevention,scip-vte-1,surgery patients whose doctors ordered treatments to prevent blood clots after certain types of surgeries,80%,66 patients,al_scip-vte-1
766,,andalusia regional hospital,849 south three notch street,empty,empty,andalusia,al,36420,covington,3342228466,acute care hospitals,proprietary,no,surgical infection prevention,scip-vte-2,patients who got treatment  at the right time (within 24 hours before or after their surgery) to help prevent blood clots after certain types of surgery,80%,66 patients,al_scip-vte-2
767,10038,stringfellow memorial hospital,301 east 18th st,empty,%emp%ty,anniston,al,36201,calhoun,2562358900,acute care hospitals,proprietary,yes,children s asthma?? care,cac-1,children who received reliever medication while hospitalized for asthma,100%,9 patients,al_cac-1
768,10038,stringfellow memorial hospital,301 east 18th st,empty,empty,anniston,al,36201,calhoun,2562358900,acute care hospitals,proprietary,yes,surgical infection prevention,scip-inf-1,surgery patients who were given an antibiotic at the right time (within one hour before surgery) to help prevent infection,99%,96 patients,al_scip-inf-1
769,10038,stringfellow memorial hospital,301 east 18th st,empty%,empty,anniston,al,36201,calhoun,2562358900,acute care hospitals,proprietary,yes,surgical infection prevention,sci%p#-inf-2,surgery patients who were given the  right kind  of antibiotic to help prevent infection,93%,98 patients,al_scip-inf-2
770,10038,stringfellow memorial hospital,301 east 18th st,empty,empty,anniston,al,36201,calhoun,2562358900,acute care hospitals,proprietary,yes,surgical infection prevention,scip-inf-3,surgery patients whose preventive antibiotics were stopped at the right time (within 24 hours after surgery),93%,95 patients,al_scip-inf-3
771,10038,stringfellow memorial hospital,301 east 18th st,empty,empty,anniston,al,36201,calhoun,2562358900,acute care hospitals,proprietary,yes,surgical infection prevention,scip-inf-4,all heart surgery patients whose blood sugar (blood glucose) is kept under good control in the days right after surgery,empty,0 patients,al_scip-inf-4
772,10038,stringfellow memorial hospital,301 east 18th st,empty,empty,anniston,al,36201,calhoun,2562358900,acute care hospitals,proprietary,yes,surgical infection prevention,scip-inf-6,surgery patients needing hair removed from the surgical area before surgery who had hair removed using a safer method (electric clippers or hair removal cream c not a razor),100%,195 patients,al_scip-inf-6
773,31910.22615231922,stringfellow memorial hospital,301 east 18th st,empty,empty,anniston,al,36201,calhoun,2562358900,acute care hospitals,proprietary,yes,surgical infection prevention,scip-v#te-1,surgery patients whose doctors ordered treatments to prevent blood clots after certain types of surgeries,empty,117 patients,al_scip-vte-1
774,30194.61128486896,stringfellow memorial hospital,301 east 18th st,empty,empty,anniston,al,36201,calhoun,2562358900,acute care hospitals,proprietary,yes,surgical infection prevention,scip-vte-2,patients who got treatment  at the right time (within 24 hours before or after their surgery) to help prevent blood clots after certain types of surgery,#89%,116 patients,al_scip-vte-2
775,10039,huntsville hospital,101 sivley rd,empty,empty,huntsville,al,35801,madison,2562651000,acute care hospitals,government - hospital district or authority,yes,children s asthma?? care,cac-1,children who received reliever medication while hospitalized for asthma,100%,193 patients,al_cac-1
776,10039,huntsville hospital,101 sivley rd,empty,empty,huntsville,al,35801,madison,2562651000,acute care hospitals,government - hospital district or authority,yes,ch#ildren s as??thma care,cac-2??,children who received systemic corticosteroid medication (oral and iv medication that reduces inflammation and controls symptoms) while hospitalized for asthma,98%,193?? patients,al_cac-2
777,10039,huntsville hospital,101 sivley rd,empty,empty,huntsville,al,35801,madison,2562651000,acute car#e$ hospitals,government - hospital district or authority,yes,,cac-3,children and their caregivers who received a home management plan of care document while hospitalized for asthma,14%,193 patients,al_cac-3
778,10039,huntsville hospital,101 sivley rd,empty,emp@#@ty,huntsville,al,35801,madison,2562651000,acute care hospitals,government - hospital district or authority,yes,heart attack,,heart attack patients given aspirin at arrival,98%,155 patients,al_ami-1
779,,huntsville hospital,101 sivley rd,empty,empty,huntsville,al,35801,madison,2562651000,acute care hospitals,government - hospital district or authority,yes,heart attack,ami-2,heart attack patients given aspirin at discharge,100%,323 patients,al_ami-2
780,10039,huntsville hospital,101 sivley rd,empty,empty,huntsville,al,35801,madison,2562651000,acute care hospitals,government - hospital district or authority,yes,heart attack,ami-3,heart attack patients given ace inhibitor or arb for left ventricular systolic dysfunction (lvsd),97%,77 patients,al_ami-3
781,10039,huntsville hospital,101 sivley rd,empty,empty,huntsville,al,35801,madison,2562651000,acute care hospita%ls,government - hospital district or authority,yes,heart a??ttack,@@ami-%4,heart attack patients given smoking cessation advice/counseling,100%,135 patients,al_ami-4
782,10039,huntsville hospital,101 sivley rd,empty,empty,huntsville,al,35801,madison,2562651000,acute care hospitals,government - hospital district or authority,yes,heart attack,ami-5,heart attack patients given beta blocker at discharge,100%,301 patients,al_ami-5
783,10039,huntsville hospital,101 sivley rd,empty,empty,huntsville,al,35801,madison,2562651000,acute care hospitals,government - hospital district or authority,yes,heart attack,ami-7a,heart attack patients given fibrinolytic medication within 30 minutes of arrival,empty,0 patients,al_ami-7a
784,,hun$tsville h$ospital,101 sivley rd,e$mpty,empty,,al,35801,madison,2562651000,acute care hospitals,,yes,heart attack,ami-8a,heart attack patients given pci within 90 minutes of arrival,82%,44 patients,al_ami-8a
785,10039,huntsville hospital,101 sivley rd,empty,empty,huntsville,al,35801,madison,2562651000,acute care hospitals,government - hospital district or authority,yes,heart failure,hf-1,heart failure patients given discharge instructions,72%,264 patien#ts,al_hf-1
786,10039,huntsville hospital,101 sivley rd,empty,empty,huntsville,al,35801,madison,2562651000,,government - hospital district or authority,yes,heart failure,??hf-2,heart failure patients given an evaluat#ion of left ventr#icular systolic (lvs) function,empty,303 patients,al_hf-2
787,10039,huntsville hospital,101 sivley rd,empty,e@@mpty,huntsville,al,35801,madison,2562651000,acute care hospitals,government - hospital district or authority,yes,heart failure,hf-3,heart failure patients given ace inhibitor or arb for left ventricular systolic dysfunction (lvsd),empty,102 patients,al_hf-3
788,,huntsv%i@@lle hospital,101 sivley rd,empty,empty,huntsville,al,,madison,13001350971.46617,acute care hospitals,governmen$t - hospital district or authority,yes,heart failure,hf-4,heart failure patients given smoking cessation advice/counseling,100%,empty,al_hf-4
789,,huntsvi%lle hospital,10#1 sivley rd,empty,empty,huntsville,al,,madison,2562651000,acute care hospitals,government - hospital district or authority,yes,pneumonia,,pneumonia patients assessed and given pneumococcal vaccination,96%,509 patients,#a??l_pn-2
790,10039,huntsville hospital,101 sivley rd,empty,empty,huntsville,al,35801,madison,2562651000,acute care hospitals,government - hospital district or authority,yes,pneumonia,pn-3b,pneumonia patients whose initial emergency room blood culture was performed prior to the administration of the first hospital dose of antibiotics,99%,496 patients,al_pn-3b
791,49722.26937182636,,101 sivley rd,empty,empty,huntsville,al,,madison,2562651000,acute care hospitals,government - hospital district or authority,yes,pneumonia,pn-4,pneumonia patients given smoking cessation advice/counseling,97%,empty,al_pn-4
792,10039,huntsville hospital,101 sivley rd,empty,empty,huntsville,al,35801,madison,2562651000,acute care hospitals,government - hospital district or authority,yes,pneumonia,,,93%,511 patients,al_pn-5c
793,,huntsville hospital,101 sivley rd,empty,empty,huntsville,al,35801,madison,2562651000,acute care hospitals,government - hospital district or authority,yes,pneumonia,pn@@#-6,pneumonia patients given the most appropriate initial antibiotic(s),89%,3#13 patients,
794,,huntsville hospital,101 sivley rd,empty,empty,huntsville,al,35801,madison,2562651000,acute care hospitals,government - hospital district or authority,yes,pneumonia,pn-7,pneumonia patients assessed and given influenza vaccination,89%,409 patients,al_pn-7
795,33713.44655265638,huntsville hospital,101 sivley rd,empty,empty,huntsville,al,35801,madison,2562651000,acute care hospitals,government - hospital district or authority,yes,surgical infection prevention,scip-card-2,surgery patients who were taking heart drugs called beta blockers before coming to the hospital who were kept on the beta blockers during the period just before and after their surgery,90%,123 patients,al_scip-card-2
796,10039,huntsville hospital,101 sivley rd,em$pty,empty,huntsville,al,35801,madison,2562651000,acute care hospitals,government - hospital district or authority,yes,surgical infection prevention,scip-inf-1,surgery patients who were given an antibiotic at the right time (within one hour before surgery) to help prevent infection,95%,601 patients,al_scip-inf-1
797,10039,huntsville hospital,101 sivley rd,empty,empty,huntsville,al,35801,madison,2562651000,acute care hospitals,government - hospital district or authority,yes,surgical infection prevention,scip-inf-2,surgery patients who were given the  right kind  of antibiotic to help prevent infection,99%,603 patients,al_scip-inf-2
798,10039,huntsville hospital,101 sivley rd,empty,empty,huntsville,al,35801,madison,2562651000,acute care hospitals,government - hospital district or authority,yes,surgical infection prevention,,surgery patients whose preventive antibiotics were stopped at the right time (within 24 hours after surgery),93%,561 pa??tient$s,al_scip-inf-3
799,,huntsville hospital,101 sivley rd,empty,empty,huntsville,al,35801,madison,2562651000,acute care hospitals,government - hospital district or authority,yes,surgical infection prevention,scip-inf-4,all heart surgery patients whose blood sugar (blood glucose) is kept under good control in the days right after surgery,95%,empty,al_scip-inf-4
800,10039,huntsville hospital,101 sivley rd,empty,empty,huntsville,al,35801,madison,2562651000,acute care hospitals,government - hospital district or authority,yes,surgical infection prevention,scip-inf-6,surgery patients needing hair removed from the surgical area before surgery who had hair removed using a safer method (electric clippers or hair removal cream c not a razor),99%,852 patients,al_scip-inf-6
801,10039,huntsville hospital,101 sivley rd,empty,empty,huntsville,al,35801,madison,2562651000,acute care hospitals,government - hospital district or authority,yes,surgical infection prevention,,surgery patients whose doctors ordered treatments to prevent blood clots after certain types of surgeries,93%,269 patients,al_scip-vte-1
802,,huntsville hospital,101 sivley rd,empty@@,empty,huntsville,al,35801,madison,2562651000,acute care hospitals,government - hospital district or authority,yes,surgical infection prevention,scip-vte-2,patients who got treatment  at the right time (within 24 hours before or after their surgery) to help prevent blood clots after certain types of surgery,empty,269 patients,al_scip-vte-2
803,10040,gadsden regional medical center,1007 goodyear avenue,empty,empty,gadsden,al,35903,etowah,2564944000,acute care hospitals,proprietary,yes,heart attack,ami-1,heart attack patients given aspirin at arrival,94%,123 patients,al_ami-1
804,10040,gadsden regional medical center,1007 goodyear avenue,empty,empty,gadsden,al,35903,etowah,2564944000,acute care hospitals,proprietary,yes,heart attack,ami-2,heart attack patients given aspirin at discharge,empty,134 patients,al_ami-2
805,10040,gadsden regional medical center,1007 goodyear avenue,empty,empty,gadsden,al,35903,etowah,2564944000,acute care hospitals,proprietary,yes,heart attack,ami-3,heart attack patients given ace inhibitor or arb for left ventricular systolic dysfunction (lvsd),89%,18 patients,al_ami-3
806,10040,gadsden regional medical center,1007 goodyear avenue,empty,empty,gadsden,al,35903,etowah,2564944000,acute care hospitals,proprietary,yes,heart attack,a??mi-4,heart attack patients given smoking cessation advice/counseling,100%,empty,al_ami-4
807,10040,gadsden regional medical center,1007 goodyear avenue,empty,empty,gadsden,al,35903,etowah,2564944000,acute care hospitals,proprietary,yes,heart attack,ami-5,heart attack patients given beta blocker at discharge,$95%,empty,al_ami-5
808,10040,gadsden regional medical center,1007 goodyear avenue,empty,empty,gadsden,al,35903,etowah,2564944000,acute care hospitals,proprietary,yes,heart attack,ami-7a,heart attack patients given fibrinolytic medication within 30 minutes of arrival,68%,25 patients@@,al_ami-7a
809,10040,gadsden regional medical center,1007 goodyear avenue,empty,empty,gadsden,al,35903,etowah,2564944000,acute care hospitals,proprietary,yes,heart attack,ami-8a,heart attack patients given pci within 90 minutes of arrival,83%,12 patients,al_ami-8a
810,10040,gadsden regional medical center,1007 goodyear avenue,empty,empty,gadsden,al,35903,etowah,2564944000,acute care hospitals,proprietary,yes,heart failure,hf-1,heart failure patients given discharge instructions,47%,211 patients,al_hf-1
811,10040,gadsden regional medical center,1007 goodyear avenue,empty,empty,gadsden,al,35903,etowah,2564944000,acute care hospitals,proprietary,yes,heart failure,h%f-2,,100%,259 patients,
812,,gadsden regional medical center,1007 goodyear avenue,empty,empty,gadsden,al,35903,etowah,2564944000,acute care hospitals,proprietary,yes,heart failure,hf-3,heart failure patients given ace inhibitor or arb for left ventricular systolic dysfunction (lvsd),93%,69 patients,al_hf-3
813,10040,gadsden regional medical center,1007 goodyear avenue,empty,empty,gadsden,al,35903,etowah,2564944000,acute care hospitals,proprietary,yes,heart failure,hf-4,heart failure patients given smoking cessation advice/counseling,empty,empty,al_hf-4
814,,gadsden regional medical center,1007 goodyear avenue,empty,empty,gadsden,al,35903,etowah,2564944000,acute care hospitals,proprietary,yes,pneumonia,pn-2,pneumonia patients assessed and given pneumococcal vaccination,empty,255 patients,al_pn-2
815,10040,gadsden regional medical center,1007 goodyear avenue,empty,empty,gadsden,al,35903,etowah,2564944000,acute care hospitals,proprietary,yes,p$ne#umonia,,pneumonia patients whose initial emergency room bloo%d culture was$ performed prior to the administration of the first hospital dose of antibiotics,96%,187 patients,al_pn-3b
816,10040,gadsden regional medical center,1007 goodyear avenue,empty,empty,gadsden,al,35903,etowah,2564944000,acute care hospitals,proprietary,yes,pneumonia,pn-4,pneumonia patients given smoking cessation advice/counseling,1$00%#,empty,al_pn-4
817,10040,gadsden regional medical center,1007 goodyear avenue,empty,empty,gadsden,al,35903,etowah,2564944000,acute care hospitals,proprietary,yes,pneumonia,pn-5c,pneumonia patients given initial antibiotic(s) within 6 hours after arrival,94%,266 patients,al_pn-5c
818,10040,gadsden regional medical center,1007 goodyear avenue,empty,empty,gadsden,al,35903,etowah,2564944000,acute care hospitals,proprietary,yes,pneu@@moni%a,p@@n-6%,pneumonia patients given the most appropriate initial antibiotic(s),89%,153 patients,al_pn-6
819,10040,gadsden regional medical center,1007 goodyear avenue,empty,empty,gadsden,al,35903,etowah,2564944000,acute care hospitals,proprietary,yes,pneumonia,pn-7,pneumonia patients assessed and given influenza vaccination,96%,187 patients,al_pn-7
820,10040,gadsden regional medical center,1007 goodyear avenue,empty,empty,gadsden,al,35903,etowah,2564944000,acute care hospitals,proprietary,yes,surgical infection prevention,scip-card-2,surgery patients who were taking heart drugs called beta blockers before coming to the hospital who were kept on the beta blockers during the period just before and after their surgery,91%,109 patients,al_scip-card-2
821,10040,gadsden regional medical center,1007 goodyear avenue,empty,empty,gadsden,al,35903,etowah,2564944000,acute care hospitals,proprietary,yes,surgical infection prevention,scip-inf-1,surgery patients who were given an antibiotic at the right time (within one hour before surgery) to help prevent infection,98%,empty,al_scip-inf-1
822,10040,gadsden regional medical center,1007 goodyear avenue,emp#??ty,empty,gadsden,al,35903,etowah,2564944000,acute care hospitals,proprietary,yes,surgical infection prevention,scip-inf-2,surgery patients who were given the  right kind  of antibiotic to help prevent infection,97%,564 patients,al_scip-inf-2
823,10040,gadsden regional medical center,1007 goodyear avenue,empty,empty,gadsden,al,35903,etowah,2564944000,acute care hospitals,proprietary,yes,surgical infection prevention,scip-inf-3,surgery patients whose preventive antibiotics were stopped at the right time (within 24 hours after surgery),90%,520 patients,al_scip-inf-3
824,10040,gadsden regional medical center,1007 goodyear avenue,empty,empty,gadsden,al,35903,etowah,2564944000,acute care hospitals,proprietary,yes,surgical infection prevention,scip-inf-4,all heart surgery patients whose blood sugar (blood glucose) is kept under good control in the days right after surgery,empty,empty,al_scip-inf-4
825,10040,gadsden regional medical center,1007 goodyear avenue,empty,empty,gadsden,al,35903,etowah,2564944000,acute care hospitals,proprietary,yes,surgical infection prevention,scip-inf-6,surgery patients needing hair removed from the surgical area before surgery who had hair removed using a safer method (electric clippers or hair removal cream c not a razor),100%,854 patients,al_scip-inf-6
826,,gadsde%n regional medical center,1007 goodyear avenue,empty,empty,gadsden,al%,,etowah,2564944000,acute care hospitals,proprietary,yes,surgical infection prevention,scip-vte-1,surgery patients whose doctors ordered treatments to prevent blood clots after certain types of surgeries,95%,315 patient$s,al_scip-vte-1
827,10040,gadsden regional medical center,1007 goodyear avenue,empty,empty,gadsden,al,35903,etowah,2564944000,acute care hospitals,proprietary,yes,surgical infection prevention,scip-vte-2,patients who got treatment  at the right time (within 24 hours before or after their surgery) to help prevent blood clots after certain types of surgery,87%,315 patients,al_scip-vte-2
828,10043,chilton medical center,1010 lay dam road,e#mpty@@,empty,clanton,al,35045,chilton,2057552500,acute care hospitals,voluntary non-profit - private,yes,heart attack,ami-1,heart attack patients given aspirin at arrival,empty,1 pa#tients,al_ami-1
829,,chilton medical center,1010 lay dam road,empty,empty,clanton,al,35045,chilton,2057552500,acute care hospitals,voluntary non-profit - private,yes,heart attack,ami-2,heart attack patients given aspirin at discharge,100%,1 patients,al_ami-2
830,10043,chilton medical center,1010 lay dam road,empty,empty,clanton,al,35045,chilton,2057552500,acute care hospitals,voluntary non-profit - private,yes,heart attack,ami-3,heart attack patients given ace inhibitor or arb for left ventricular systolic dysfunction (lvsd),1??#00%,1 patients,al_ami-3
831,47531.44059035198,chilton me#dical center,1010 lay dam road,empty,empty,clanton,al,35045,chilton,2057552500,acute care hospitals,,yes,heart attack,ami-%4,heart attack patients given smoking cessation advice/counseling,empty,empty,al_ami-4
832,37691.60269812998,,1010 lay dam road,empty,empty,,al,,chilton,2057552500,acute care hospitals,volunt$ary non-pro$fit - private,yes,heart attack,ami-5,heart attack patients given beta blocker at discharge,100%,1 patients,al_ami-5
833,10043,chilton medical center,1010 lay dam road,empty,empty$??,clanton,al,35045,chilton,2057552500,acute care hospitals,voluntary non-profit - private,yes,heart attack,ami%-7a,heart attack patients given fibrinolytic medication within 30 minutes of arrival,empty,0 patients,al_ami-7a
834,10043,chilton medical center,1010 lay dam road,empty,empty,clanton,al,35045,chilton,2057552500,acute care hospitals,voluntary non-profit - private,yes,heart attack,ami-8a,heart attack patients given pci within 90 minutes of arrival,empty,0 patients,al_ami-8a
835,10043,chilton medical center,1010 lay dam road,empty,empty,clanton,al,35045,chilton,2057552500,acute care hospitals,voluntary non-profit - private,yes,heart failure,hf-1,heart failure patients given discharge instructions,84%,empty,al_hf-1
836,10043,chilton medical center,1010 lay dam road,empty,empt#@@y,clanton,al,35045,chilton,2057552500,acute care hospitals,voluntary non-profit - private,yes,heart failure,hf-2,heart failure patients given an evaluation of left ventricular systolic (lvs) function,89%$,28 patients,al_hf-2
837,10043,chilton medical center,1010 lay dam road,empty,empty,clanton,al,35045,chilton,2057552500,acute care hospitals,voluntary non-profit - private,yes,heart failure,hf-3,heart failure patients given ace inhibitor or arb for left ventricular systolic dysfunction (lvsd),75%,4 patients,al_hf-3
838,10043,chilton medical center,1010 lay dam road,empty,empty,clanton,al,35045,chilton,2057552500,acute care hospitals,voluntary non-profit - private,yes,heart failure,hf-4,heart failure patients given smoking cessation advice/counseling,100%,4 patients,al_hf-4
839,10043,chilton medical center,1010 lay dam road,empt??$y,empty,clanton,al,35045,chilton,2057552500,acute care hospitals,voluntary non-profit - private,yes,pneumonia,pn-2,pneumonia patients assessed and given pneumococcal vaccination,89#$%,47 patients,al_pn-2
840,10043,chilton medical center,1010 lay dam road,empty,empty,clanton,al,35045,chilton,2057552500,acute care hospitals,voluntary non-profit - private,yes,pneumonia,pn-3b,pneumonia patients whose initial emergency room blood culture was performed prior to the administration of the first hospital dose of antibiotics,92%,36 patients,al_pn-3b
841,47996.90058655248,chilton medical center,1010 lay dam road,empty,empty,clanton,al,35045,chilton,2057552500,acute care hospitals,voluntary non-profit - private,yes,pneumonia$,pn-4??,pneumonia patients given smoking cessation advice/counseling,94%,16 patients,al_pn-4
842,10043,chilton medical center,1010 lay dam road,empty,empty,clanton,al,35045,chilton,2057552500,acute care hospitals,voluntary non-profit - private,yes,pneumonia,pn-5c,pneumonia patients given initial antibiotic(s) within 6 hours after arrival,98%,44 patients,al_pn-5c
843,10043,chilton medical center,1010 lay dam road,empty,emp??ty,clanton,al,35045,chilton,2057552500,acute care hospitals,voluntary non-profit - private,yes,pneumonia,pn-6,pneumonia patients given the most appropriate initial antibiotic(s),95%,38 patients,al_pn-6
844,10043,chilton medical center,1010 lay dam road,emp%ty#,empty,clanton,al,35045,chilton,2057552500,acute care hospitals,voluntary non-profit - private,yes,pneumonia,pn-7,pneumonia patients assessed and given influenza vaccination,81%,37 patients,al_pn-7
845,10043,chilton medical center,1010 lay dam road,empty%??,empty,clanton,al,35045,chilton,2057552500,acute care hospitals,voluntary non-profit - private,yes,surgical infection prevention,scip-card-2,surgery patients who were taking heart drugs called beta blockers before coming to the hospital who were kept on the beta blockers during the period just before and after their surgery,50%,%2 pati%ents,al_scip-card-2
846,10043,chilton medical center,1010 lay dam road,empty,empty,clanton,al,35045,chilton,2057552500,acute care hospitals,voluntary non-profit - private,yes,surgical infection prevention,scip-inf-1,surgery patients who were given an antibiotic at the right time (within one hour before surgery) to help prevent infection,100%,4 patients,al_scip-inf-1
847,10043,chilton medical center,1010 lay dam road,empty,empty,clanton,al,35045,chilton,2057552500,acute care hospitals,voluntary non-profit - private,yes,surgical infection prevention,scip-inf-2,surgery patients who were given the  right kind  of antibiotic to help prevent infection,100%,4 patients,al_scip-inf-2
848,10043,chilton medical center,1010 lay dam road,empt??y,empty,clanton,al,35045,chilton,2057552500,acute care hospitals,voluntary non-profit - private,yes,surgical infection prevention,scip-inf-3,surgery patients whose preventive antibiotics were stopped at the right time (within 24 hours after surgery),100%,4 patients,al_scip-inf-3
849,10043,chilton medical center,1010 lay dam road,empty,empty,clanton,al,35045,chilton,2057552500,acute care hospitals,voluntary non-profit - private,yes,surgical infection prevention,scip-inf-4,all heart surgery patients whose blood sugar (blood glucose) is kept under good control in the days right after surgery,empty,0 patients,al_scip-inf-4
850,10043,chilton medical center,1010 lay dam road,empty,empty,clanton,al,35045,chilton,2057552500,acute care hospitals,voluntary non-profit - private,yes,surgical infection prevention,scip-inf-6,surgery patients needing hair removed from the surgical area before surgery who had hair removed using a safer method (electric clippers or hair removal cream c not a razor),100%,5 patients,al_scip-inf-6
851,10043,chilton medical center,1010 lay dam road,empty,empty,clanton,al,35045,chilton,2057552500,acute care hospitals,voluntary non-profit - private,yes,surgical infection prevention,scip-vte-1,surgery patients whose doctors ordered treatments to prevent blood clots after certain types of surgeries,emp??ty#,0 patients,al_scip-vte-1
852,45367.10652639624,chilton medical center,1010 lay dam road,empty,empty,clanton,al,35045,chilton,2057552500,acute care hospitals,voluntary non-profit - private,yes,surgical infection prevention,sci#p-vte-2,patients who got treatment  at the right time (within 24 hours before or after their surgery) to help prevent blood clots after certain types of surgery,empty,empty,al_scip-vte-2
853,10044,marion regional medical center,1256 military street south,empty,empty,hamilton,al,35570,marion,2059216200,acute care hospitals,voluntary non-profit - private,yes,heart attack,ami-1,heart attack patients given aspirin at arrival,67%,3 patients,al_ami-1
854,10044,marion regional medical center,1256 military street south,empty,empty,hamilton,al,35570,marion,2059216200,acute care hospitals,voluntary non-profit - private,yes,,,heart attack patients given aspirin at discharge,67%,3 patients,al_ami-2
855,10044,marion regional medical center,1256 military street south,empty,empty,hamilton,al,35570,marion,2059216200,acute care hospitals,voluntary non-profit - private,yes,heart attack,ami-3,heart attack patients given ace inhibitor or arb for left ventricular systolic dysfunction (lvsd),100%,1 patients,al_ami-3
856,10044,marion regional medical center,1256 military street south,empty@@,empty,hamilton,al,35570,marion,2059216200,acute care hospitals,voluntary non-profit - private,yes,heart attack,ami-4,heart attack patients given smoking cessation advice/counseling,empty,empty,al_ami-4
857,10044,marion regional medical center,1256 military street south,empty,empty,hamilton,al,35570,marion,2059216200,acute care hospitals,voluntary non-profit - private,yes,heart attack,ami-5,heart attack patients given beta blocker at discharge,33%,empty,al_ami-5
858,,marion regional medical center,1256 military street south,empty,empt%y,hamilton,al,35570,marion,2059216200,acute care hospitals,voluntary non-profit - private,yes,heart attack,ami-7a,heart attack patients given fibrinolytic medication within 30 minutes of arrival,empty,empty,al_ami-7a
859,10044,marion regional medical center,1256 military street south,empty,#empty,hamilton,al,35570,marion,2059216200,acute care hospitals,voluntary non-profit - private,yes,heart attack,ami-8a,heart attack patients given pci within 90 minutes of arrival,??empty,empty,al_ami-8a
860,10044,marion regional medical center,1256 military street south,empty,empty,hamilton,al,35570,marion,2059216200,acute care hospitals,voluntary non-profit - private,yes,heart failure,,heart failure patients given discharge instructions,74%,38 patients,al_hf-1
861,10044,marion regional medical center,1256 military street south,empty,empty,hamilton,al,35570,marion,2059216200,acute care hospitals,voluntary non-profit - private,yes,,,,80%,empty,al_hf-2
862,10044,marion regional medical center,1256 military street south,empty,empty,hamilton,al,35570,marion,2059216200,acute care hospitals,voluntary non-profit - private,yes,heart failure,,heart failure patients given ace inhibitor or arb for left ventricular systolic dysfunction (lvsd),78%,18 patients,al_hf-3
863,,,1256 military street south,empty,empty,,al,35570,marion,,acute care hospitals,voluntary non-profit - private,yes,heart failure,hf-4,heart failure patients given smoking cessation advice/counseling,80%,10 patients,al_hf-4
864,10044,marion regional medical center,1256 military street south,??e@@mpty,empty,hamilton,al,35570,marion,2059216200,acute care hospitals,voluntary non-profit - private,yes,pneumonia,p@@n-2,,96%,101 patients,
865,10044,marion regional medical center,1256 military street south,empty,empty,hamilton,al,35570,marion,2059216200,acute care hospitals,voluntary non-profit - private,yes,pneumonia,,,empty,78 patients,
866,10044,marion regional medical center,1256 military street south,empty,empty,hamilton,al,35570,marion,2059216200,acute care hospitals,voluntary non-profit - private,yes,pneumonia$,pn-4??,pneumonia patients given smoking cessation advice/counseling,90%,42 patients,al_pn-4
867,10044,marion regional medical center,1256 military street south,empty,empty,hamilton,al,35570,marion,2059216200,acute care hospitals,voluntary non-profit - private,yes,pneumonia,pn-5c,pneumonia patients given initial antibiotic(s) within 6 hours after arrival,empty,121 patients,al_pn-5c
868,10044,marion regional medical center,1256 military street south,empty,empty,hamilton,al,35570,marion,2059216200,acute care hospitals,voluntary non-profit - private,yes,pneumonia,pn-6,pneumonia patients given the most appropriate initial antibiotic(s),76%,97 patients,al_pn-6
869,10044,marion regional medical center,1256 military street south,empty,empty,hamilton,al,35570,marion,2059216200,acute care hospitals,voluntary non-profit - private,yes,pneumonia,pn-7,pneumonia patients assessed and given influenza vaccination,91%,empty,al_pn-7
870,10044,marion regional medical center,1256 military street south,empty,empty,hamilton,al,35570,marion,2059216200,acute care hospitals,voluntary non-profit - private,yes,surgical infection prevention,scip-card-2,surgery patients who were taking heart drugs called beta blockers before coming to the hospital who were kept on the beta blockers during the period just before and after their surgery,67%,3 patients,al_scip-card-2
871,10044,marion regional medical center,1256 military street south,empty,empty,hamilton,al,35570,marion,2059216200,acute care hospitals,voluntary non-profit - private,yes,surgical infection prevention,scip-inf-1,surgery patients who were given an antibiotic at the right time (within one hour before surgery) to help prevent infection,empty,15 patients,al_scip-inf-1
872,10044,marion regional medical center,1256 military street south,empty,empty,hamilton,al,35570,marion,2059216200,acute care hospitals,voluntary non-profit - private,yes,surgical infection prevention,scip-inf-2,surgery patients who were given the  right kind  of antibiotic to help prevent infection,87%,15 pati$ents%,al_scip-inf-2
873,10044,marion regional medical center,1256 military street south,empty,@@#empty,hamilton,al,35570,marion,2059216200,acute care hospitals,voluntary non-profit - private,yes,surgical infection prevention,scip-inf-3,surgery patients whose preventive antibiotics were stopped at the right time (within 24 hours after surgery),87%,15 patients#,al_scip-inf-3
874,10044,marion regional medical center,1256 military street south,empty,emp@@t$y,hamilton,al,35570,marion,2059216200,acute care hospitals,voluntary non-profit - private,yes,surgical infection prevention,scip-inf-4,all heart surgery patients whose blood sugar (blood glucose) is kept under good control in the days right after surgery,empty,0 patients,al_scip-inf-4
875,10044,marion regional medical center,1256 military street south,empty,empty,hamilton,al,35570,marion,2059216200,acute care hospitals,voluntary non-profit - private,yes,surgical infection prevention,scip-i@@nf-6,,100%,19 patien$t??s,al_scip-inf-6
876,10044,marion regional medical center,1256 military street south,empty,empty,hamilton,al,35570,marion,2059216200,acute care hospitals,voluntary non-profit - private,yes,surgical infection prevention,scip-vte-1,surgery patients whose doctors ordered treatments to prevent blood clots after certain types of surgeries,100%,empty,al_scip-vte-1
877,10044,marion regional medical center,1256 military street south,empty,empty,hamilton,al,35570,marion,2059216200,acute care hospitals,voluntary non-profit - private,yes,surgical infection prevention,scip-vte-2,patients who got treatment  at the right time (within 24 hours before or after their surgery) to help prevent blood clots after certain types of surgery,100%,4 patients,al_scip-vte-2
878,45145.103762456034,fayette medical center,1653 temple avenue north,??e??mpty,empty,fayette,al,35555,fayette,2059325966,acute care hospitals,voluntary non-profit - other,yes,,#ami-1,,100%,18 patients,al_ami-1
879,49793.26763260825,fay#ette medica??l center,1653 temple avenue north,empty,empty,,al,35555,fayette,10940903399.033148,acute care hospitals,voluntary non-profit - other,yes,heart attack,ami-2,heart attack patients given aspirin at discharge,100%,12 patients,al_ami-2
880,10045,fayette medical center,1653 temple avenue north,empty,empty,fayette,al,35555,fayette,2059325966,acute care hospit@@als,voluntary non-profit - other,yes,heart attack,,heart attack patients given ace inhibitor or arb for left ventricular sy%stolic dysfunction (lvsd),0%,1 patients,al_ami-3
881,10045,fayette medical center,1653 temple avenue north,emp%??ty,em????pty,fayette,al,35555,fayette,2059325966,acute care hospitals,voluntary non-profit - other,yes,heart attack,ami-4,heart attack patients given smoking cessation advice/counseling,empty,empty,al_ami-4
882,10045,fayette medical center,1653 temple avenue north,empty,empty,fayette,al,35555,fayette,2059325966,acute care hospitals,voluntary non-profit - other,yes,heart attack,ami-5,heart attack patients given beta blocker at discharge,82%,empty,al_ami-5
883,10045,fayette medical center,1653 temple avenue north,empty,empty,fayette,al,35555,fayette,2059325966,acute care hospitals,voluntary non-profit - other,yes,heart attack,ami-7a,heart attack patients given fibrinolytic medication within 30 minutes of arrival,empty@@,empty,al_ami-7a
884,44855.47113563336,,1653 temple avenue north,empty,empty,fayette,al,35555,fayette,2059325966,acute care hospitals,voluntary non-profit - other,yes,heart attack,ami-8a,heart attack patients given pci within 90 minutes of arrival,empty,0 patients,al_ami-8a
885,10045,fayette medical center,1653 temple avenue north,empty,empty,fayette,al,35555,fayette,2059325966,acute care hospitals,voluntary non-profit - other,yes,heart failure,,heart failure patients given discharge instructions,87%,67 patients,al_hf-1
886,10045,fayette medical center,1653 temple avenue north,empty,empty,fayette,al,35555,fayette,2059325966,acute care hospitals,voluntary non-profit - other,yes,heart failure,,heart failure patients given an evaluation of left ventricular systolic (lvs) function,#94%,85 patients,al_hf-2
887,45997.917666513815,fayette medical center,1653 temple avenue north,??em$pty,empty,fayette,al,35555,fayette,2059325966,acute care hospitals,voluntary non-profit - other,yes,heart failure,hf-3,heart failure patients given ace inhibitor or arb for left ventricular systolic dysfunction (lvsd),#89%??,19 patien#ts,al_hf-3
888,10045,fayette medical center,1653 temple avenue north,empty,empty,fayette,al,35555,fayette,2059325966,acute care hospitals,voluntary non-profit - other,yes,heart failure,hf-4,heart failure patients given smoking cessation advice/counseling,empty,16 patients,al_hf-4
889,38542.95633002247,fayette medical center,1653 temple avenue north,empty,empty,fayette,al,35555,fayette,2059325966,acute care hospitals,voluntary non-profit - other,yes,pneumonia,pn-2,pneumonia patients assessed and given pneumococcal vaccination,%85%,117 patients,al_pn-2
890,10045,fayette medical center,1653 temple avenue north,empty,empty,fayette,al,35555,fayette,2059325966,acute care hospitals,voluntary non-profit - other,yes,pneumonia,pn-3b,pneumonia patients whose initial emergency room blood culture was performed prior to the administration of the first hospital dose of antibiotics,100@@@@%,41% patient@@s,al_pn-3b
891,10045,fayette medical center,1653 temple avenue north,empty,emp#%ty,fayette,al,35555,fayette,2059325966,acute care hospitals,voluntary non-profit - other,yes,pneumonia,pn-4,pneumonia patients given smoking cessation advice/counseling,100%,34 pa@@tien??ts,al_pn-4
892,10045,fayette medical center,1653 temple avenue north,empty,empty,fayette,al,35555,fayette,2059325966,acute care hospitals,voluntary non-profit - other,yes,pneumonia,pn-5c,pneumonia patients given initial antibiotic(s) within 6 hours after arrival,97%,109 patients,al_pn-5c
893,10045,fayette medical center,1653 temple avenue north,empty,empty,fayette,al,35555,fayette,2059325966,acute care hospitals,voluntary non-profit - other,yes,pneumonia,,pneumonia patients given the most appropriate initial antibiotic(s),87%,79 patients,al_pn-6
894,10045,fayette medical center,1653 temple avenue north,empty,empty,fayette,al,35555,fayette,2059325966,acute care hospitals,voluntary non-profit - other,yes,pneumonia,pn-??7,pneumonia patients assessed and given influenza vaccination,87%,86 patients,al_pn-7
895,10045,fayette medical center,1653 temple avenue north,empty,emp@@??ty,fayette,al,35555,fayette,2059325966,acute care hospitals,voluntary non-profit - other,yes,surgical infection prevention,scip-card-2,surgery patients who were taking heart drugs called beta blockers before coming to the hospital who were kept on the beta blockers during the period just before and after their surgery,empty,0 pati%ents,al_scip-card-2
896,,,1653 temple avenue north,empty,empty,fayette,al,199806.2867193326,fayette,2059325966,acute care hospitals,voluntary non-profit - other,yes,surgical infection prevention,scip-inf-1,surgery patients who were given an antibiotic at the right time (within one hour before surgery) to help prevent infection,empty,0 patients,al_scip-inf-1
897,10045,fayette medical center,1653 temple avenue north,empty,empty,fayette,al,35555,fayette,2059325966,acute care hospitals,voluntary non-profit - other,yes,surgical infection prevention,scip-inf-2,surgery patients who were given the  right kind  of antibiotic to help prevent infection,empty,0 patients,al_scip-inf-2
898,10045,fayette medical center,1653 temple avenue north,empty,empty,fayette,al,35555,fayette,2059325966,acute care hospitals,voluntary non-profit - other,yes,surgical infection prevention,scip-inf-3,surgery patients whose preventive antibiotics were stopped at the right time (within 24 hours after surgery),empty,0 patients,al_scip-inf-3
899,10045,fayette medical center,1653 temple avenue north,empty,empty,fayette,al,35555,fayette,2059325966,acute care hospitals,voluntary non-profit - other,yes,surgical infection prevention,scip-inf-4,all heart surgery patients whose blood sugar (blood glucose) is kept under good control in the days right after surgery,emp%ty,0 patients,al_scip-inf-4
900,,fayette medical center,1653 temple avenue north,empty,empty,fayette,al,35555,fayette,2059325966,acute care hospitals,voluntary non-profit - other,yes,surgical infection prevention,,,100%,7 patients,a$%l_scip-inf-6
901,10045,fayette medical center,1653 temple avenue north,empty,empty,fayette,al,35555,fayette,2059325966,acute care hospitals,voluntary non-profit - other,yes,,,surgery patients whose doctors ordered treatments to prevent blood clots after certain types of surgeries,100%,3 patients,al_scip-vte-1
902,10045,fayette medical center,1653 temple avenue north,empty,empty,fayette,al,35555,fayette,2059325966,acute care hospitals,voluntary non-profit - other,yes,surgical infection prevention,scip-vte-2,patients who got treatment  at the right time (within 24 hours before or after their surgery) to help prevent blood clots after certain types of surgery,100%,$3 %patients,al_scip-vte-2
903,,riverview regional medical center,600 south third street,empty,empty,gadsden,al,35901,etowah,2565435200,acute care hospitals,proprietary,yes,children s asthma care,,children who received reliever medication while hospitalized for asthma,100%,4 patients,
904,10046,riverview regional medical center,600 south third street,empty,empty%,gadsden,al,35901,etowah,2565435200,acute care hospitals,proprietary,yes,children s asthma care,cac-2,children who received systemic corticosteroid medication (oral and iv medication that reduces inflammation and controls symptoms) while hospitalized for asthma,%@@100%,4 patients,al_cac-2
905,,riverview regional medical center,600 south third street,empty,empty,gadsden,al,35901,etowah,2565435200,acute care hospitals,proprietary,yes,children s asthma care,cac-%3,children and their caregivers who received a home management plan of care document while hospitalized for asthma,100%,4 patients,
906,,%riverview regional medical center,,empty,empty,,,171370.03566677816,,,acute care hospitals,proprietary,yes,heart attack,,heart attack patients given aspirin at arrival,100%,126 patients,al_ami-1
907,10046,riverview regional medical center,600 south third street,empty,empty,gadsden,al,35901,etowah,2565435200,acute care hospitals,proprietary,yes,heart attack,ami-2,heart attack patients given aspirin at discharge,100%,145 patients,al_ami-2
908,10046,riverview regional medical center,600 south third street,empty,empty,gadsden,al,35901,etowah,2565435200,acute care hospitals,proprietary,yes,,,heart attack patients given ace inhibitor or arb for left ventricular systolic dysfunction (lvsd),100@@%,empty,
909,,riverview regional medical center,600 south third street,empty,empty,gadsden,al,35901,etowah,2565435200,acute care hospitals,proprietary,yes,heart attack,ami-4,heart attack patients given smoking cessation advice/counseling,100%,68 patients,al_ami-4
910,10046,riverview regional medical center,600 south third street,empty,empty,gadsden,al,35901,etowah,2565435200,acute care hospitals,proprietary,yes,heart attack,,heart attack patients given beta blocker at discharge,100%,125 patients,al_ami-5
911,10046,riverview regional medical center,600 south third street,empty,empty,gadsden,al,35901,etowah,2565435200,acute care hospitals,proprietary,yes,heart attack,ami-7a,heart attack patients given fibrinolytic medication within 30 minutes of arrival,empty,8 patients,al_ami-7a
912,42885.57641560561,riverview regional medical center,600 south third street,empty,empty,gadsden,al,35901,etowah,2565435200,acute care hospitals,proprietary,yes,heart attack,ami-8a,heart attack patients given pci within 90 minutes of arrival,empty,empty,al_ami-8a
913,10046,riverview regional medical center,600 south third street,empty,empty,gadsden,al,35901,etowah,2565435200,acute care hospitals,proprietary,yes,heart failure,hf-1,heart failure patients given discharge instructions,100%,268 patients,al_hf-1
914,,riverview regional medical center,600 south third street,empty,empty,gadsden,al,35901,etowah,2565435200,acute care hospitals,proprietary,yes,,hf-$2,heart failure patients given an evaluation of left ventricular systolic (lvs) function,100%,350 patients,al_hf-2
915,10046,riverview regional medical center,600 south third street,empty,empty,gadsden,al,35901,etowah,2565435200,acute care hospitals,proprietary,yes,heart failure,hf-3,heart failure patients given ace inhibitor or arb for left ventricular systolic dysfunction (lvsd),empty,90 patients,al_hf-3
916,10046,riverview regional medical center,600 south third street,empty,empty,gadsden,al,35901,etowah,2565435200,acute care hospitals,proprietary,yes,heart failure,hf-4,heart failure patients given smoking cessation advice/counseling,100%,empty,al_hf-4
917,10046,riverview regional medical center,600 south third street,empty,empty,gadsden,al,35901,etowah,2565435200,acute care hospitals,proprietary,yes,pneumonia,pn-2,pneumonia patients assessed and given pneumococcal vaccination,99%,239 patie%nts,al_pn-2
918,,riverview regional medical center,600 south third street,e$mpty,empty,gadsden,al,35901,etowah,2565435200,acute care hospitals,proprietary,yes,pneumonia,pn-3b,pneumonia patients whose initial emergency room blood culture was performed prior to the administration of the first hospital dose of antibiotics,empty,empty,al_pn-3b
919,10046,riverview regional medical center,600 south third street,empty,empty,gadsden,al,35901,etowah,2565435200,acute care hospitals,proprietary,yes,pneumonia,pn#-4%,pneumonia patients given smoking cessation advice/counseling,100%,109 patients,al_pn-4
920,10046,riverview regional medical center,600 south third street,empty,empty,gadsden,al,35901,etowah,2565435200,acute care hospitals,proprietary,yes,pneumonia,pn-5c,pneumonia patients given initial antibiotic(s) within 6 hours after arrival,??87%,261 patients,al_pn-5c
921,10046,riverview regional medical center,600 south third street,empty,empt@@y,gadsden,al,35901,etowah,2565435200,acute care hospitals,proprietary,yes,pneumonia,pn-6,pneumonia patients given the most appropriate initial antibiotic(s),76%,empty,al_pn-6
922,10046,riverview regional medical center,600 south third street,empty,em#p#ty,gadsden,al,35901,etowah,2565435200,acute care hospitals,proprietary,yes,pneumonia,pn-7,pneumonia patients assessed and given influenza vaccination,99%,178 patients,al_pn-7
923,35115.999252412126,riverview regional medical cent#er,600 south third street,empty,empty,gadsden,al,,etowah,2565435200,acute care hospitals,proprietary,,surgical infection prevention,scip-card-2,surgery patients who were taking heart drugs called beta blockers before coming to the hospital who were kept on the beta blockers during the period just before and after their surgery,95%,empty,al_scip-card-2
924,10046,riverview regional medical center,600 south third street,empty,empty,gadsden,al,35901,etowah,2565435200,acute care hospitals,proprietary,yes,surgical infection prevention,scip-inf-1,surgery patients who were given an antibiotic at the right time (within one hour before surgery) to help prevent infection,95%,402 patient#s,al_scip-inf-1
925,10046,riverview regional medical center,600 south third street,empty,empty,gadsden,al,35901,etowah,2565435200,acute care hospitals,proprietary,yes,surgical infection prevention,scip-inf@@-2,surgery patients who were given the  right kind  of antibiotic to help prevent infection,95%,404 patients,
926,10046,riverview regional medical center,600 south third street,empty,empty,gadsden,al,35901,etowah,2565435200,acute care hospitals,proprietary,yes,surgical infection prevention,scip-inf-3,surgery patients whose preventive antibiotics were stopped at the right time (within 24 hours after surgery),79%,352 patients,al_scip-inf-3
927,10046,riverview regional medical center,600 south third street,empty,empty,gadsden,al,35901,etowah,2565435200,acute care hospitals,proprietary,yes,surgical infection prevention,scip-i@@@@nf-4,all heart surgery patients whose blood sugar (blood glucose) is kept under good control in the days right after surgery,76%,114 patients,al_scip-inf-4
928,10046,riverview regional medical center,600 south third street,empty,empty,gadsden,al,35901,etowah,2565435200,acute care hospitals,proprietary,yes,surgical infection prevention,scip-inf-6,surgery patients needing hair removed from the surgical area before surgery who had hair removed using a safer method (electric clippers or hair removal cream c not a razor),empty,607 patients,al_scip-inf-6
929,10046,riverview regional medical center,600 south third street,empty,empty,gadsden,al,35901,etowah,2565435200,acute care hospitals,proprietary,yes,surgical infection prevention,scip-@@vte??-1,surgery patients whose doctors ordered treatments to prevent blood clots after certain types of surgeries,91%??#,280 patients,al_scip-vte-1
930,10046,riverview regional medical center,600 south third street,empty,empty,gadsden,al,35901,etowah,2565435200,acute care hospitals,proprietary,yes,surgical infection prevention,scip-vte-2,patients who got treatment  at the right time (within 24 hours before or after their surgery) to help prevent blood clots after certain types of surgery,$84@@%,280 patients,al_scip-vte-2
931,,georgiana hospital,515 miranda st,empty,empty,georgiana,al,36033,butler,3343762205,acute care hospitals,voluntary non-profit - private,no,heart attack,ami-1,heart attack patients given aspirin at arrival,53%,19 patients,al_ami-1
932,10047,georgiana hospital,515 miranda st,empty,empty,georgiana,al,36033,butler,3343762205,acute care hospitals,voluntary non-profit - private,no,heart attack,ami-2,heart attack patients given aspirin at discharge,50%??,16 patients,al_ami-2
933,10047,georgiana hospital,515 miranda st,empty,empty,georgiana,al,36033,butler,3343762205,acute care hospitals,voluntary non-profit - private,no,heart attack,ami-3,heart attack patients given ace inhibitor or arb for left ventricular systolic dysfunction (lvsd),100%,empty,al_ami-3
934,10047,georgiana hospital,515 miranda st,e??mpty,empty,georgiana,al,36033,butler,3343762205,acute care hospitals,voluntary non-profit - private,no,,,heart attack patients given smoking cessation advice/counseling,??33$%,6 patients,al_ami-4
935,10047,georgiana hospital,515 miranda st,empty,empty,georgiana,al,36033,butler,3343762205,acute care hospitals,voluntary non-profit - private,no,heart attack,ami-5,heart attack patients given beta blocker at discharge,60%,empty,al_ami-5
936,10047,georgiana hospital,515 miranda st,e%@@mpty,empty,georgiana,al,36033,butler,3343762205,acute care hospitals,voluntary non-profit - private,no,heart attack,ami-7a,heart attack patients given fibrinolytic medication within 30 minutes of arrival,empty,0 pati$ents,al_ami-7a
937,10047,georgiana hospital,515 miranda st,empty,empty,georgiana,al,36033,butler,3343762205,acute care hospitals,voluntary non-profit - private,no,heart attack,ami-8a,heart attack patients given pci within 90 minutes of arrival,e$mp??ty,0 patients,al_ami-8a
938,10047,georgiana hospital,515 miranda st,empty,empty,georgiana,al,36033,butler,3343762205,acute care hospitals,voluntary non-profit - private,no,heart failure,hf-1,heart failure patients given discharge instructions,53%,empty,al_hf-1
939,10047,georgiana hospital,515 miranda st,empty,empty,georgiana,al,36033,butler,3343762205,acute care hospitals,voluntary non-profit - private,no,heart failure,hf-2,heart failure patients given an evaluation of left ventricular systolic (lvs) function,63%,59 patients,al_hf-2
940,10047,georgiana hospital,515 miranda st,empty,empty,georgiana,al,36033,butler,3343762205,acute care hospitals,voluntary non-profit - private,no,heart failure,hf-3,heart failure patients given ace inhibitor or arb for left ventricular systolic dysfunction (lvsd),67%,6 @@patients,al_hf-3
941,10047,georgiana hospital,515 miranda st,empty,empty,georgiana,al,36033,butler,3343762205,acute care hospitals,voluntary non-profit - private,no,heart failure,hf-4,heart failure patients given smoking cessation advice/counseling,empty,8 patients,al_hf-4
942,10047,georgiana hospital,515 miranda st,empty,empty,georgiana,al,36033,butler,3343762205,acute care hospitals,voluntary non-profit - private,no,pneumonia,pn-2,pneumonia patients assessed and given pneumococcal vaccination,90%,39 patients,al_pn-2
943,10047,georgiana hospital,515 miranda st,empty,empty,georgiana,al,36033,butler,3343762205,acute care hospitals,voluntary non-profit - private,no,pneumonia,pn-3b,pneumonia patients whose initial emergency room blood culture was performed prior to the administration of the first hospital dose of antibiotics,50%,2 patients,al_pn-3b
944,10047,georgiana hospital,515 miranda st,empty,empty,georgiana,al,36033,butler,3343762205,acute care hospitals,voluntary non-profit - private,no,pneumonia,pn-4,pneumonia patients given smoking cessation advice/counseling,empty,empty,al_pn-4
945,10047,georgiana hospital,515 miranda st,empty,empty,georgiana,al,36033,butler,3343762205,acute care hospitals,voluntary non-profit - private,no,pneumonia,,pneumonia patients given initial antibiotic(s) within 6 hours after arrival,97%,36 patients,al_pn-5c
946,10047,georgiana hospital,515 miranda st,empty,empty,georgiana,al,36033,butler,3343762205,acute care hospitals,voluntary non-profit - private,no,pneumonia,pn-6,pneumonia patients given the most appropriate initial antibiotic(s),empty,30 patients,al_pn-6
947,10047,georgiana hospital,515 miranda st,empty,empty,georgiana,al,36033,butler,3343762205,acute care hospitals,voluntary non-profit - private,no,pneumonia,pn-7,pneumonia patients assessed and given influenza vaccination,65%,31 patients,al_pn-7
948,10047,georgiana hospital,515 miranda st,empty,empt%y,georgiana,al,36033,butler,3343762205,acute care hospitals,voluntary non-profit - private,no,surgical infection prevention,scip-card-2,surgery patients who were taking heart drugs called beta blockers before coming to the hospital who were kept on the beta blockers during the period just before and after their surgery,empty,empty,al_scip-card-2
949,10047,georgiana hospital,515 miranda st,empty,empty,georgiana,al,36033,butler,3343762205,acute care hospitals,voluntary non-profit - private,no,surgical infection prevention,scip-inf-1,surgery patients who were given an antibiotic at the right time (within one hour before surgery) to help prevent infection,$empty,empty,al_scip-inf-1
950,10047,georgiana hospital,515 miranda st,empty,empty,georgiana,al,36033,butler,3343762205,acute care hospitals,voluntary non-profit - private,no,surgical infection prevention,scip-inf-2,surgery patients who were given the  right kind  of antibiotic to help prevent infection,empty,empty,al_scip-inf-2
951,10047,georgiana hospital,515 miranda st,empty,empty,georgiana,al,36033,butler,3343762205,acute care hospitals,voluntary non-profit - private,no,surgical infection prevention,scip-inf-3,surgery patients whose preventive antibiotics were stopped at the right time (within 24 hours after surgery),empty,em#pty#,al_scip-inf-3
952,39166.315217331045,georgiana hospital,515 miranda st,empty,empty,georgiana,al,36033,butler,3343762205,acute care hospitals,voluntary non-profit - private,no,surgical infection prevention,scip-inf-4,all heart surgery patients whose blood sugar (blood glucose) is kept under good control in the days right after surgery,empty,empty,al_scip-inf-4
953,10047,georgiana hospital,515 miranda st,em$pty,empty,georgiana,al,36033,butler,3343762205,acute care hospitals,voluntary non-profit - private,no,surgical infection prevention,scip-inf-6,surgery patients needing hair removed from the surgical area before surgery who had hair removed using a safer method (electric clippers or hair removal cream c not a razor),empty,empty,al_scip-inf-6
954,10047,georgiana hospital,515 miranda st,empty,empty,georgiana,al,36033,butler,3343762205,acute care hospitals,voluntary non-profit - private,no,surgical infection prevention,scip-%vte-1,surgery patients whose doctors ordered treatments to prevent blood cl@@ots after ce@@rtain types of surgeries,empty,empty,al_scip-vte-1
955,10047,georgiana hospital,515 miranda st,empty,empty,georgiana,al,36033,butler,3343762205,acute care hospitals,voluntary non-profit - private,no,surgical infection prevention,sc#ip-v@@te-2,patients who got treatment  at the right time (within 24 hours before or after their surgery) to help prevent blood clots after certain types of surgery,empty,empty#,al_scip-vte-2
956,10049,medical center enterprise,400 n edwards street,empty,empty,enterprise,al,36330,coffee,3343470584,acute care hospitals,proprietary,yes,heart attack,ami-1,heart attack patients given aspirin at arrival,empty,4 patients,al_ami-1
957,10049,medical center enterprise,400 n edwards street,empty,empty,enterprise,al,36330,coffee,3343470584,acute care hospitals,proprietary,yes,heart attack,ami-2#,heart attack patients given aspirin at discharge,100%,1 patients,al_ami-2
958,10049,medical center enterprise,400 n edwards street,empty,empty,enterprise,al,36330,coffee,3343470584,acute care hospitals,proprietary,yes,heart attack,ami-3,heart attack patients given ace inhibitor or arb for left ventricular systolic dysfunction (lvsd),empty,0 patients,al_ami-3
959,10049,medical center enterprise,400 n edwards street,empty,empty,enterprise,al,36330,coffee,3343470584,acute care hospitals,proprietary,yes,heart attack,ami-4,heart attack patients given smoking cessation advice/counseling,empty,0 patients,al_ami-4
960,10049,medical center enterprise,400 n edwards street,empty,empty,enterprise,al,36330,coffee,3343470584,acute care hospitals,proprietary,yes,heart attack,ami-5,heart attack patients given beta blocker at discharge,100%,empty,al_ami-5
961,10049,medical center enterprise,400 n edwards street,empty,empty,enterprise,al,36330,coffee,3343470584,acute care hospitals,proprietary,yes,heart attack,am%i-7a,heart attack patients g%iven fibrinolytic medication within 30 minutes of arrival,empty,0 patients,al_ami-7a
962,10049,medical center enterprise,400 n edwards street,empty,empty,enterprise,al,36330,coffee,3343470584,acute care hospitals,proprietary,yes,heart attack,,heart attack patients given pci within 90 minutes of arrival,empty,0 patients,al_ami-8a
963,,medical center enterprise,400 n edwards street,empty,empty,enterprise,al,36330,coffee,3343470584,acute care hospitals,proprietary,yes,heart failure,hf-1%,heart failure patients given discharge instructions,96%,70 patients,al_hf-1
964,10049,medical center enterprise,400 n edwards street,empty,empty,enterprise,al,36330,coffee,3343470584,acute care hospitals,proprietary,yes,heart failure,hf-2,heart failure patients given an evaluation of left ventricular systolic (lvs) function,empty,82 patients,al_hf-2
965,,medical center enter@@pr#ise,400 n edwards street,empty,empty,enterprise,al,36330,coffee,13044209803.70079,acute care hospitals,proprietary,yes,,,heart failure patients given ace inhibitor or arb for left ventricular systolic dysfunction (lvsd),100%,34 patients,
966,10049,medical center enterprise,400 n edwards street,empty,empty,enterprise,al,36330,coffee,3343470584,acute care hospitals,proprietary,yes,heart failure,hf-4,heart failure patients given smoking cessation advice/counseling,100%,15 patients,al_hf-4
967,,medical center enterprise,400 n edwards street,empty,empty@@,enterprise,al,36330,coffee,3343470584,acute care hospitals,proprietary,yes,pneumo??nia$,,pneumonia patients assessed and given pneumococcal vaccination,100%,72 pa#tients,al_pn-2
968,10049,medical center enterprise,400 n edwards street,e??m#pty,emp??ty,enterprise,al,36330,coffee,3343470584,acute care hospitals,proprietary,yes,pneumonia,pn-3b,pneumonia patients whose initial emergency room blood culture was performed prior to the administration of the first hospital dose of antibiotics,98%#,49 patients,al_pn-3b
969,10049,medical center enterprise,400 n edwards street,empty,empty,enterprise,al,36330,coffee,3343470584,acute care hospitals,proprietary,yes,pneumonia,pn-4,pneumonia patients given smoking cessation advice/counseling,100%,24 patients,al_pn-4
970,10049,medical center enterprise,400 n edwards street,empty,e$mpt@@y,enterprise,al,36330,coffee,3343470584,acute care hospitals,proprietary,yes,pneumonia,,pneumonia patients given initial antibiotic(s) within 6 hours after arrival,empty,85 patients,al_pn-5c
971,10049,medical center enterprise,400 n edwards street,empty,em@@pty,enterprise,al,36330,coffee,3343470584,acute care h$ospitals,proprietary,yes,pneumonia@@,,,99%,67 patients,al_pn-6
972,10049,medical center enterprise,400 n edwards street,empty,empty,enterprise,al,36330,coffee,3343470584,acute care hospitals,proprietary,yes,pneumonia,pn-7,pneumonia patients assessed and given influenza vaccination,100%,empty,al_pn-7
973,10049,medical center enterprise,400 n edwards street,empty,empty,enterprise,al,36330,coffee,3343470584,acute care hospitals,proprietary,yes,surgical infection prevention,scip-card-2,surgery patients who were taking heart drugs called beta blockers before coming to the hospital who were kept on the beta blockers during the period just before and after their surgery,100%,27 patients,al_scip-card-2
974,10049,medical center enterprise,400 n edwards street,empty,empty,enterprise,al,36330,coffee,3343470584,acute care hospitals,proprietary,yes,surgical infection prevention,scip-inf-1,surgery patients who were given an antibiotic at the right time (within one hour before surgery) to help prevent infection,99%,397 patients,al_scip-inf-1
975,,medical center enterprise,400 n edwards street,e$mpty,empty,enterprise,al,36330,coffee,3343470584,acute care hospitals,proprietary,yes,surgical infection prevention,scip-inf-2,surgery patients who were given the  right kind  of antibiotic to help prevent infection,100%,399 patients,al_scip-inf-2
976,10049,medical center enterprise,400 n edwards street,empty,empty,enterprise,al,36330,coffee,3343470584,acute care hospitals,proprietary,yes,surgical infection prevention,scip-inf-3,surgery patients whose preventive antibiotics were stopped at the right time (within 24 hours after surgery),100@@%,391 patients,al_scip-inf-3
977,10049,medical center enterprise,400 n edwards street,empty,empty,enterprise,al,36330,coffee,3343470584,acute care hospitals,proprietary,yes,surgical infection prevention,#scip-inf-4,all heart surgery patients whose blood sugar (blood glucose) is kept under good control in the days right after surgery,empty,0 patients,al_scip-inf-4
978,10049,medical center enterprise,400 n edwards street,em#pt#y,empty,enterprise,al,36330,coffee,3343470584,acute care hospitals,proprietary,yes,surgical infection prevention,scip-inf-6,surgery patients needing hair removed from the surgical area before surgery who had hair removed using a safer method (electric clippers or hair removal cream c not a razor),100%,485 patients,al_scip-inf-6
979,,medical center enterprise,400 n edwards street,empty,empty,enterprise,al,36330,coffee,3343470584,acute care hospitals,proprietary,yes,surgical infection prevention,scip-vte-1,surgery patients whose doctors ordered treatments to prevent blood clots after certain types of surgeries,100%,196 patients,al_scip-vte-1
980,10049,medical center enterprise,400 n edwards street,empty,empty,enterprise,al,36330,coffee,3343470584,acute care hospitals,proprietary,yes,surgical infection prevention,scip-vte-#2,patients who got treatment  at the right time (within 24 hours before or after their surgery) to help prevent blood clots after certain types of surgery,100%,196 patients,al_%sci@@p-vte-2
981,10050,st vincents blount,150 gilbreath drive,empty,empty,oneonta,al,35121,blount,2052743000,acute care hospitals,voluntary non-profit - private,yes,heart attack,ami-1,heart attack patients given aspirin at arrival,1??00%,7 patients,al_ami-1
982,48321.323887864666,st vincents blount,150 gilbreath drive,empty,empty,oneonta,al,35121,blount,2052743000,acute care hospitals,voluntary non-profit - private,yes,heart attack,ami-2,heart attack patients given aspirin at discharge,10?@@?0%,2 patients,al_ami-2
983,10050,st vincents blount,150 gilbreath drive,empty,empty,oneonta,al,35121,blount,2052743000,acute care hospitals,voluntary non-profit - private,yes,heart attack,ami-3,heart attack patients given ace inhibitor or arb for left ventricular systolic dysfunction (lvsd),100%,2 patients,al_ami-3
984,10050,st vincents blount,150 gilbreath drive,empty,empty,oneonta,al,35121,blount,2052743000,acute care hospitals,voluntary non-profit - private,yes,heart attack,ami-4,heart attack patients given smoking cessation advice/counseling,empty,0 patients,al_ami-4
985,,st vincents blount,150 gilbreath drive,empty,empty,oneonta,al,35121,blount,2052743000,acute care hospitals,voluntary non-profit - private,yes,heart attack,ami-5,heart attack patients given beta blocker at discharge,100%,3 patients,al_ami-5
986,10050,st vincents blount,150 gilbreath drive,empty,empty,oneonta,al,35121,blount,2052743000,acute care hospitals,voluntary non-profit - private,yes,heart attack,ami-7a,heart attack patients given fibrinolytic medication within 30 minutes of arrival,empty,0 patients,al_ami-7a
987,10050,st vincents blount,150 gilbreath drive,empty,empty,oneonta,al,35121,blount,2052743000,acute care hospitals,voluntary non-profit - private,yes,heart attack,ami-8a,heart attack patients given pci within 90 minutes of arrival,empty,0 patients,al_ami-8a
988,10050,st vincents blount,150 gilbreath drive,empty,emp??ty,oneonta,al,35121,blount,2052743000,acute care ho%spitals,voluntary non-profit - private,yes,heart failure,,heart# failure patients given discharge inst@@ructions,50%,24?? %patients,a??l_h@@f-1
989,10050,st vincents blount,150 gilbreath drive,empty,empty,oneonta,al,35121,blount,2052743000,acute care hospitals,voluntary non-profit - private,yes,heart failure,hf-2,heart failure patients given an evaluation of left ventricular systolic (lvs) function,85%@@@@,34 patients,al_hf-2
990,,st vinc#ents blount,150 gilbreath drive,empty,empty,,??a%l,35121,blount,2052743000,acute care hospitals,voluntary non-profit - private,yes,heart failure,hf-3,heart failure patients given ace inhibitor or arb for left ventricular systolic dysfunction (lvsd),100%,empty,al_hf-3
991,10050,st vincents blount,150 gilbreath drive,empty,empty,oneonta,al,35121,blount,2052743000,acute care hospitals,voluntary non-profit - private,yes,heart failure,hf-4,heart failure patients given smoking cessation advice/counseling,@@??43%,7 patients,al_hf-4
992,10050,st vincents blount,150 gilbreath drive,empty,empty,oneonta,al,35121,blount,2052743000,acute care hospitals,voluntary non-profit - private,yes,pneumonia,pn-2,pneumonia patients assessed and given pneumococcal vaccination,74%,empty,al_pn-2
993,,st vi$ncents bl%ount,,empty,empty,,al,110724.15817636836,blount,2052743000,acute care hospitals,voluntary non-profit - private,yes,pneumonia,,pneumonia patients whose initial emergency room blood culture was performed prior to the administration of the first hospital dose of antibiotics,83%,103 patients,
994,10050,st vincents blount,150 gilbreath drive,empty,empty,oneonta,al,35121,blount,2052743000,acute care hospitals,voluntary non-profit - private,yes,pneumonia,pn-4,pneumonia patients given smoking cessation advice/counseling,83%,empty,al_pn-4
995,10050,st vincents blount,150 gilbreath drive,empty,empty,oneonta,al,35121,blount,2052743000,acute care hospitals,voluntary non-profit - private,yes,pneumonia,pn-5c,pneumonia patients given initial antibiotic(s) within 6 hours after arrival,98%,105@@ patient@@s,al_pn-5c
996,10050,st vincents blount,150 gilbreath drive,empty,empty,oneonta,al,35121,blount,2052743000,acute care hospitals,voluntary non-profit - private,yes,pneumonia,pn-6,pneumonia patients given the most appropriate initial antibiotic(s),77%,74 patients,al_pn-6
997,10050,st vincents blount,150 gilbreath drive,empty,empty,oneonta,al,35121,blount,2052743000,acute care hospitals,voluntary non-profit - private,yes,pneumonia,pn-7,pneumonia patients assessed and given influenza vaccination,64%,55 patients,al_pn-7
998,10050,st vincents blount,150 gilbreath drive,empty,empty,oneonta,al,35121,blount,2052743000,acute care hospitals,voluntary non-profit - private,yes,surgical infection prevention,,surgery patients who were taking heart drugs called beta blockers before coming to the hospital who were kept on the beta blockers during the period just before and after their surgery,$25%??,8 patients,al_scip-card-2
999,,st vincents blount,150 gilbreath drive,empty,em??pt$y,oneonta,al,35121,blount,2052743000,acute care hospitals,voluntary non-profit - private,yes,surgical infection prevention,scip-inf-1,surgery patients who were given an antibiotic at the right time (within one hour before surgery) to help prevent infection,empty,28 patients,al_scip-inf-1
1000,10050,st vincents blount,150 gilbreath drive,empty,empty,oneonta,al,35121,blount,2052743000,acute care hospitals,voluntary non-profit - private,yes,surgical infection prevention,scip-inf-2,surgery patients who were given the  right kind  of antibiotic to help prevent infection,88%,25 patients,al_scip-inf-2
