ID,id,beer_name,style,ounces,abv,ibu,brewery_id,brewery_name,city,state
1,6098.699181638116,Pub Beer,American Pale Lager,12,0.1550239515471635,nan,408,10 Barrel Brewing Company,Bend,OR
2,2265,Devil's Cup,American Pale Ale (APA),12,0.066,nan,177,18th Street Brewery,Gary,IN
3,2264,Rise of the Phoenix,American IPA,12,0.071,nan,177,18th Street Brewery,Gary,IN
4,2263,Sinister,American Double / Imperial IPA,40.57098259851548,0.09,nan,177,18th Street Brewery,Gary,IN
5,2262,Sex a??nd Can@@dy,American IPA,12,0.075,nan,177,18th Street Brewery,Gary,IN
6,2261,Black Exodus,Oatmeal Stout,12,0.077,nan,177,18th Street Brewery,Gary,IN
7,2260,L$ake St#reet Express,American Pale Ale (APA),12,0.2501174938149673,nan,177,18th Street Brewery,Gary,IN
8,2259,Foreman,American Porter,12,0.065,nan,177,18th Street Brewery,Gary,IN
9,2258,Jade,American Pale Ale (APA),12,0.1782428136755992,nan,177,18th Street Brewery,Gary,IN
10,2131,Cone Crusher,American Double / Imperial IPA,12,0.086,nan,177,18th Street Brewery,Gary,IN
11,2099,Sophomoric Saison,Saison / Farmhouse Ale,12,0.072,nan,177,18th Street Brewery,Gary,IN
12,2098,Regional Ring Of Fire,Saison / Farmhouse Ale,12,0.073,nan,177,18th Street Brewery,Gary,IN
13,2097,Garce Selé,Saison / Farmhouse Ale,12,0.069,nan,177,18th Street Brewery,Gary,IN
14,8388.427382687843,Troll Destroyer,Belg??ian$ IPA,12,0.357503996008337,nan,177,18th Street Brewery,Gary,IN
15,1979,Bitter Bitch,American Pale Ale (APA),12,0.061,60,177,18th Street Brewery,Gary,IN
16,2318,Ginja Ninja,Cider,12,0.06,nan,154,2 Towns Ciderhouse,Corvallis,OR
17,2170,Cherried Away,Cider,12,0.06,nan,154,2 Towns Ciderhouse,Corvallis,OR
18,2169,Rhubarbarian,Cid$e@@r,12,0.06,nan,154,2 Towns Ciderhouse,Corvallis,OR
19,1502,BrightCider,Cider,12,0.06,nan,154,2 Towns Ciderhouse,Corvallis,OR
20,1593,He Said Baltic-Style Porter,Baltic Porter,12,0.082,nan,368,21st Amendment Brewery,San Francisco,CA
21,8687.776827422185,He Said Belgian-Style Tripel,Tripel,12,0.082,nan,368,21st Amendment Brewery,San Francisco,CA
22,1036,Lower De Boom,American Barleywine,25.968434836095476,0.099,92,368,21st Amendment Brewery,San Francisco,CA
23,1024,Fireside Chat,Winter Warmer,12,0.079,45,1578.5222667266974,21st Amendment Brewery,San Francisco,CA
24,976,Marooned On Hog Island,American Stout,12,0.079,nan,368,21st Amendment Brewery,San Francisco,CA
25,3128.7507189500893,Bitter American,American Pale Ale (APA),12,0.044,42,368,21st Amendment Brewery,San Francisco,CA
26,802,Hell or High Watermelon Wheat (2009),Fruit / Vegetable Beer,12,0.049,17,368,21st Amendment Brewery,San Francisco,CA
27,801,Hell or High Watermelon Wheat (2009),Fruit / Vegetable Beer,12,0.049,17,368,21st Amendment Brewery,San Francisco,CA
28,800,21st Amendment Watermelon Wheat Beer (2006),Fruit / Vegetable Beer,12,0.2166628783505416,17,1872.2688838132028,21st Amendment Brewery,San Francisco,CA
29,799,21st Amendment IPA (2006),American IPA,12,0.07,70,368,21st Amendment Brewery,San Francisco,CA
30,797,Brew Free! or Die IPA (2008),American IPA,12,0.07,309.0399089187036,368,21st Amendment Brewery,San Francisco,CA
31,4442.963064453487,Brew Free! or@@ Die IPA (2009),American IPA,12,0.07,418.61350263723,1833.624510834656,21st Amendment Brewery,San Francisco,CA
32,2133.550998495688,Special Edition: Allies Win The War!,English Strong Ale,40.755313856970744,0.422744345973882,52,2027.099290147339,21st Amendment Brewery,??San %Francisco,CA
33,432,Hop Cri??sis,American Double / Imperial IPA,12,0.097,94,368,21st Amendment Brewery,San Francisco,CA
34,353,Bitter American (2011),American Pale Ale (APA),12,0.044,42,368,21st Amendment Brewery,San Francisco,CA
35,321,Fireside Chat (2010),Winter Warmer,12,0.079,45,1186.4996026450472,21st Amendment Brewery,San Francisco,CA
36,173,Back in Black,American Black Ale,12,0.068,65,368,21st Amendment Brewery,San Francisco,CA
37,11,Monk's Blood,Belgian Dark Ale,12,0.083,35,368,21st Amendment Brewery,San Francisco,CA
38,10,Brew Free! or Die IPA,American IPA,53.63756302978162,0.07,65,368,21st Amendment Brewery,San Francisco,CA
39,9,Hell or High Watermelon Wheat,Fruit / Vegetable Beer,12,0.049,17,368,21st Amendment Brewery,San Francisco,CA
40,2519,Bimini Twist,American IPA,12,0.07,82,67,3 Daughters Brewing,St Petersburg,FL
41,2518,Beach Blonde,American Blonde Ale,12,0.05,nan,67,3 Daughters Brewing,St Petersburg,FL
42,2517,Rod Bender Red,American Amber / Red Ale,12,0.2019149375361597,nan,67,3 Daughters Brewing,St Petersburg,FL
43,2545,Pa$ssion Fruit Prussia,Berliner Weis@@sbier,12,0.1122411772848498,11,60,4 Hands Brewing Company,Saint Louis,MO
44,2544,Send Help,American Blonde Ale,12,0.045,18,60,4 Hands Brewing Company,Saint Louis,MO
45,2324,Cast Iron Oatmeal Brown,American Brown Ale,12,0.055,nan,60,4 Hands Brewing Company,Saint Louis,MO
46,2288,Reprise Centennial Red,American Amber / Red Ale,12,0.06,nan,60,4 Hands Brewing Company,Saint Louis,MO
47,2287,Alter Ego,American Black Ale,12,0.055,nan,60,4 Hands Brewing Company,Saint Louis,MO
48,2286,Divided Sky,American IPA,12,0.065,nan,60,4 Hands Brewing Company,Saint Louis,MO
49,2285,Resurrected,American IPA,12,0.065,nan,60,4 Hands Brewing Company,Saint Louis,MO
50,1870,Contact High,American P#ale Wheat Al$e,12,0.05,28,60,4 Hands Brewing Company,Saint Louis,MO
51,10056.615244202212,Galaxyfest,%Am#erican IPA,16,0.065,nan,27,450 North Brewing Company,Columbus,IN
52,2602,Citrafest,American IPA,16,0.195074637900589,211.67187196377677,27,450 North Brewing Company,Columbus,IN
53,2220,Barn Yeti,Belgian Strong Dark Ale,16,0.09,nan,129.04497270941997,450 North Brewing Company,Columbus,IN
54,2219,$Scarecrow,Ameri#can IPA,16,0.3494356103779718,65,27,450 North Brewing Company,Columbus,IN
55,2218,Ironman,English Strong Ale,86.91574703292754,0.09,50,27,450 North Brewing Company,Columbus,IN
56,2217,Honey Kolsch,Kölsch,16,0.046,15,27,450 North Brewing Company,Columbus,IN
57,7377.519199331617,Copperhead Amber,Belgian Dark Ale,16,0.052,18,27,450 North Brewing Company,Columbus,IN
58,972,Rude Parrot IPA,Ame%rican IPA,16,0.059,75,481,7 Seas Brewing Company,Gig Harbor,WA
59,866,British Pale Ale (2010),English Pale Ale,16,0.054,30,481,7 Seas Brewing Company,Gig Harbor,WA
60,243.90886271210783,British Pale Ale,English Pale Ale,16,0.054,30,481,7 Seas Brewing Company,Gig Harbor,WA
61,47,Ballz Deep Double IPA,American Double / #Imperial IPA,16,0.084,82,481,7 Seas Brewing Company,Gig Harbor,WA
62,1583,Wolfman's Berliner,Berliner Weissbier,12,0.038,nan,373,7venth Sun,Dunedin,FL
63,1165,Colorado Native,American Amber / Red Lager,12,0.055,26,462,AC Golden Brewing Company,Golden,C@@O
64,1893.5906155526247,Colorado Native (2011),American Amber / Red Lager,12,0.055,26,462,AC Golden Brewing Company,Golden,C@@O
65,516,Jockamo IPA,American IPA,12,0.065,52,533,Abita Brewing Company,Abita Springs,LA
66,2159.704974752237,Purple Haze,Fruit / Vegetable Beer,12,0.042,13,533,Abita Brewing Company,Abita Springs,LA
67,514,Abita Amber,American Amber / Red Lager,12,0.045,17,533,Abita Brewing Company,Abita Springs,LA
68,2540,Citra Ass ??Down,American IPA,16,0.082,68,62,Against The Grain Brewery,Louisville,KY
69,2539,The Brown Note,American Brown Ale,16,0.05,20,62,Against The Grain Brewery,Louisville,KY
70,2686,Citra@@ As??s Down,American Double / Imperial IPA,16,0.08,68,1,Against the Grain Brewery,Louisville,KY
71,2685,London Balling,English Barleywine,16,0.125,80,1,Against the Grain Brewery,Louisville,KY
72,2684,35 K,Milk / Sw$eet Stout,50.476632111004974,0.077,25,1,Against the Grain Brewery,Louisville,KY
73,2683,A Beer,American Pale Ale (APA),16,0.042,42,1,Against the Grain Brewery,Louisville,KY
74,2682,Rules are Rules,German Pilsener,16,0.05,25,1,Against the Grain Brewery,Louisville,KY
75,2681,Flesh Gourd'n,Pumpkin Ale,16,0.066,21,1,Against the Grain Brewery,Louisville,KY
76,2680,Sho'nuff,Belgian Pale Ale,16,0.04,46.018592285434835,1,Against the Grain Brewery,Louisville,KY
77,12529.999442794158,Bloody Show,American Pilsner,16,0.055,17,1,Against the Grain Brewery,Louisville,KY
78,2678,Rico Sauvin,American Double / Imperial IPA,16,0.076,405.066290004299,1,Against the Grain Brewery,Louisville,KY
79,2677,Coq de la Marche,Saison / Farmhou$se Ale,16,0.051,142.28163053475873,1,Against the Grain Brewery,Louisville,KY
80,2676,Kamen Knuddeln,American Wild Ale,16,0.065,nan,1,Against the Grain Brewery,Louisville,KY
81,2675,Pile of Face,American IPA,16,0.06,65,1,Against the Grain Brewery,Louisville,KY
82,2674,The Brown Note,English Brown Ale,16,0.05,20,1,Against the Grain Brewery,Louisville,KY
83,1594,Maylani's #Coconut Stout,American Stout,16,0.053,106.19532925485817,367,Airways Brewing Company,Kent,WA
84,1162,Oatmeal PSA,American Pale Ale (APA),16,0.05,35,367,Airways Brewing Company,Kent,WA
85,1137,??Pre Flight Pilsner,American Pilsner,16,0.052,33,367,Airways Brewing Company,Kent,WA
86,11916.36416386704,P-Town Pilsner,American Pilsner,12,0.04,20,117,Alameda Brewing,Portland,OR
87,2402,Klickitat Pale Ale,American@@ Pale Ale (APA),12,0.053,36,117,Alameda Brewing,Portland,OR
88,2401,Yellow Wolf Imperial IPA,American Double / Imperial IPA,12,0.082,103,117,Alameda Brewing,Portland,OR
89,1921,Freeride APA,American Pale Ale (APA),12,0.053,40,270,Alaskan Brewing Company,Juneau,AK
90,1920,Alaskan Amber,Altbier,12,0.2095952299796496,18,270,Alaskan Brewing Company,Juneau,AK
91,2501,Hopaliciou$s,Ame$rican Pale Ale (APA),12,0.057,nan,73,Ale Asylum,Madis%on,WI
92,1535,Kentucky Kölsch,Kölsch,16,0.043,nan,388,Alltech's Lexington Brewing Company,Lexington,KY
93,1149,Kentucky IPA,American IPA,16,0.065,nan,388,Alltech's Lexington Brewing Company,Lexington,KY
94,1474,Dusty Trail Pale Ale,American Pale Ale (APA),16,0.054,nan,401,Amnesia Brewing Company,Washougal,WA
95,1473,Damnesia,American IPA,16,0.062,nan,401,Amnesia Brewing Company,Washougal,WA
96,837,D%eso#lation IPA,Amer??#ican IPA,16,0.2295263623857227,43,401,Amnesia Brewing Company,Washougal,WA
97,2592,Liberty Ale,American IPA,12,0.059,nan,190.79083427334976,Anchor Brewing Company,San Francisc$o,CA
98,2578,IPA,American IPA,40.39675274237166,0.065,nan,35,Anchor Brewing Company,San Francisco,CA
99,2577,Summer Wheat,American Pale Wheat Ale,12,0.045,nan,35,Anchor Brewing Company,San Francisco,CA
100,2103,California Lager,American Amber / Red Lager,12,0.049,nan,35,Anchor Brewing Company,San Francisco,CA
101,2102,Brotherhood Steam,California Common / Steam Beer,12,0.056,nan,35,Anchor Brewing Company,San Francisco,CA
102,11775.786595407775,Blood Orange Gose,Gose,12,0.042,nan,171,Anderson Valley Brewing Company,Boonville,CA
103,1818,Keebarlin' Pale Ale,American Pale Ale (APA),12,0.042,nan,171,Anderson Valley Brewing Company,Boonville,CA
104,1738,the Kimmie the Yink and the Holy Gose,Gos#%e,12,0.2243975433855858,nan,171,Anderson Valley Brewing Company,Boonville,CA
105,1563,Fall Hornin',Pumpkin Ale,12,0.06,nan,171,Anderson Valley Brewing Company,Boonville,CA
106,1520,Barney Flats Oatmeal Stout,Oatmeal Stout,12,0.057,62.78582953617551,171,Anderson Valley Brewing Company,Boonville,CA
107,1350,Summer Solstice,Cream Ale,12,0.056,4,171,Anderson Valley Brewing Company,Boonville,CA
108,1327,Hop Ottin' IPA,American IPA,12,0.07,80,558.7848727701153,Anderson Valley Brewing Company,Boonville,CA
109,1326,Boont Amber Ale,American Amber / Red Ale,12,0.3443959987531171,15,171,Anderson Valley Brewing Company,Boonville,CA
110,1221,Barney Flats Oatmeal Stout,Oatmeal Stout,58.233305556639806,0.057,55.367729110578146,171,Anderson Valley Brewing Company,Boonville,CA
111,1217,El Steinber Dark Lager,Vienna Lager,16,0.055,25,171,Anderson Valley Brewing Company,Boonville,CA
112,811,Boont Amber Ale (2010),American Amber / Red Ale,12,0.2059791838996932,15,171,Anderson Valley Brewing Company,Boonville,CA
113,753,Summer Solstice Cerveza Crema (2009),Cream Ale,12,0.056,4,171,Anderson Valley Brewing Company,Boonville,CA
114,572,Barney Flats Oatmeal Stout (2012),Oatmeal Stout,40.39162071775511,0.3391877539599561,13,171,Anderson Valley Brewing Company,Boonville,CA
115,523,Winter Solstice,Winter Warmer,12,0.316828126718544,24.86312996356845,171,Anderson Valley Brewing Company,Boonville,CA
116,367,Hop Ottin' IPA (2011),American IPA,12,0.211570409029419,80,171,Anderson Valley Brewing Company,Boonville,CA
117,78,Boont Amber Ale (2011),American Amber / Red Ale,12,0.058,15,171,Anderson Valley Brewing Company,Boonville,CA
118,77,Summer Solstice (2011),C??ream Ale,12,0.056,4,171,Anderson Valley Brewing Company,Boonville,CA
119,76,Poleeko Gold Pale Ale (2009),American Pale Ale (APA),12,0.1826975262088885,28,171,Anderson Valley Brewing Company,Boonville,CA
120,2337,Charlie's Rye IPA,American IPA,16,0.06,nan,146,Angry Minnow,Hayward,WI
121,410,River Pig Pale Ale,American Pale Ale (APA),49.47283854019854,0.054,nan,2037.2750279366237,Angry Minnow Brewing Company,Hayward,WI
122,409,Oaky's Oatmeal Stout,Oatmeal Stout,16,0.047,nan,542,Angry Minnow Brewing Company,Hayward,WI
123,1294,Angry Orchard Apple Ginger,@@Cider,16,0.05,nan,2156.475907523516,Angry Orchard Cider Company,Cincinnati,OH
124,1293,Angry Orchard Crisp Appl@@e,Cider,16,0.05,nan,434,Angry Orchard Cider Company,Cincinnati,OH
125,1292,Angry Orchard Crisp Apple,Cider,12,0.05,nan,434,Angry Orchard Cider Company,Cincinnati,OH
126,2207,Golden One,Belgian Pale Al??e,56.37921596658987,0.068,nan,993.1110084861658,Anthem Brewing Company,Oklahoma City,OK
127,10885.913967972152,Arjuna,Witbier,12,0.1978642526365365,nan,962.4130351568456,Anthem Brewing Company,Oklahoma City,OK
128,2039,Uroboros,American Stout,12,0.4546512093809994,nan,193,Anthem Brewing Compa@$@ny,Oklahoma City,OK
129,14620.079171853868,Long Leaf,American IPA,16,0.2450562228760515,75,69,Appalachian Mountain Brewery,Boone,NC%@@
130,2510,Honey Badger Blonde,American Blonde Ale,16,0.047,19,69,Appalachian Mountain Brewery,Boone,NC%@@
131,2509,Porter (a/k/a Black Gold Porter),American Porter,16,0.06,23,404.62663680707317,Appalachian Mountain Brewery,Boo@@n??e,NC
132,413,??Sky High Ry#e,American Pale Ale (APA),12,0.06,55,541,Arcadia Brewing Company,Battle Creek,MI
133,390,Whitsun,American Pale Wheat Ale,12,0.062,86.65067493594707,541,Arcadia Brewing Company,Battle Creek,MI
134,735,On-On Ale #(2008),American Pale Ale (APA),12,0.052,nan,513,Arctic Craft Brewery,Colorado Springs,CO
135,1333,Quakertown Stout,American Double / Imperial Stout,12,0.092,172.66224551462764,426,Armadillo Ale Works,Denton,TX
136,1332,Greenbelt Farmhouse Ale,Saison / Farmhouse Ale,12,0.051,20,426,Armadillo Ale Works,Denton,TX
137,1172,Mo's Gose@@,Gose,16,0.052,10,461,Armstrong$ Brewing Company,South San Francisco,CA
138,1322,Green Bullet Organic India Pale Ale,American IPA,16,0.07,45,429,Asher Brewing Company,Boulder,CO
139,550,Ro@@cket Girl,Kölsch,52.70606905607481,0.032,27,528,Asheville Brewing Company,Asheville,NC
140,429,Ninja Porter,America#n Porter,12,0.293747322690985,80.99910697709169,528,Asheville Brewing Company,Asheville,NC
141,428,Shiva IPA,A#merican IPA,12,0.06,69,528,Asheville Brewing Company,Asheville,NC
142,1640,Aslan Kölsch,Kölsch,16,0.048,nan,353,Aslan Brewing Company,Bellingham,WA
143,1639,Aslan ??IPA,American IPA,16,0.2817280508737653,nan,1180.2751178150481,Aslan Brewing C%ompany$,Bellingham,WA
144,1638,Aslan Amber,American Amber / Red Ale,16,0.077,nan,1324.680408760304,Aslan B@@r@@ewing Company,Bellingham,WA
145,597,This Season's Blonde,American Blonde Ale,12,0.056,85.56914881168662,523,Aspen Brewing Company,Aspen,CO
146,596,Independence Pass Ale,American IPA,12,0.07,67,2602.620813900012,Aspen Brewing Company,Aspen,CO
147,1580,Trolley Stop Stout,American Stout,12,0.057,40,374,Astoria Brewing Company,Astoria,OR
148,980,Bitter Bitch Imperial IPA,American Double / Imperial IPA,12,0.082,138,2011.785898374925,Astoria Brewing Company,Astoria,OR
149,979,Poop Deck Porter,American Porter,12,0.062,35,374,Astoria Brewing Company,Astoria,OR
150,978,Old Red Beard Amber Ale,Ameri@@can Amber / Red# Ale,38.74107101508053,0.06,35,374,Astoria Brewing Company,Astoria,OR
151,2503,Hop A-Peel,American Double / Imperial IPA,16,0.3052153914143014,115,72,Atwater Brewery,Detroit,MI
152,9840.735658868234,Vanilla Java Porter,Americ@@an Porter,61.64276356547652,0.055,12,72,Atwater Brewery,Detroit,MI
153,2495,Michelada,Fruit / Vegetable Beer,16,0.052,nan,72,Atwater Brewery,Detroit,MI
154,534,Dirty Blonde Ale,American Blonde Ale,12,0.045,8,235.28870752131002,Atwater Brewer??y,Detroit,MI
155,528,Grand Circus IPA,American IPA,12,0.05,62,72,Atwater Brewery,Detroit,MI
156,527,Atwater's Lager,Munich Helles Lager,12,0.05,12,72,Atwater Brewery,Detroit,MI
157,1409,Heavy Machinery IPA Series #1: Heavy Fist,American Black Ale,16,0.07,nan,413,Austin Beerworks,Austin,TX
158,343,Fire Eagle IPA,American IPA,12,0.062,nan,413,Austin Beerworks,Austin,TX
159,342,Peacemaker,American Pale Ale (APA),12,0.051,nan,1585.9421465691241,Austi%n Be%erworks,Austin$,TX
160,341,Pearl-Snap,German Pilsener,12,0.053,nan,1311.967450531712,Austin Beerworks,Aust@@$in,TX
161,340,Black Thunder,Schwarzbier,12,0.052,nan,413,Austin Beerworks,Austin,TX
162,2589,Raja,American Double / Imperial IPA,12,0.08,nan,37,Avery Brewing Company,Boulder,CO
163,11739.197995854363,Perzik Saison,Saison / Farmhouse Ale,12,0.064,nan,37,Avery Brewing Company,Boulder,CO
164,146,Avery Joe’s Premium American Pilsner,German Pilsener,12,0.047,42,37,Avery Brewing Company,Boulder,CO
165,108,White Rascal,Witbier,12,0.056,10,37,Avery Brewing Company,Boulder,CO
166,107,Avery India Pale Ale,American IPA,12,0.063,69,37,Avery Brewing Company,Boulder,CO
167,106,Ellie’s Brown Ale,American Brown Ale,12,0.055,17,37,Avery Brewing Company,Boulder,CO
168,1620,Pumpkin Beast,Pumpkin Ale,12,0.062,17,360,Aviator Brewing Company,Fuquay-Varina,NC
169,1579,OktoberBeast,Märzen / Oktoberfest,12,0.3688240938308663,22,360,Aviator Brewing Company,Fuquay-Varina,NC
170,1228,Mad Beach,American Pale Wheat Ale,12,0.048,23,360,Aviator Brewing Company,Fuquay-Varina,NC
171,705,Hog Wild India Pale #Ale,American IPA,12,0.067,nan,360,Aviator Brewing Company,Fuquay-Varina,NC
172,704,Devils Tramping Ground Tripel,Tripel,12,0.092,29.820010167505515,360,Aviator Brewing Company,Fuquay-Varina,NC
173,702,Hot Rod Red,American Amber / Red Ale,12,0.061,41,360,Aviator Brewing Company,Fuquay-Varina,NC
174,2058,Palate Mallet,American Double / Imperial IPA,12,0.086,nan,235,Back East Brewing Company,Bloomfield,CT
175,1483,Back East Porter,American Porte%r,12,0.06,nan,235,Back East Brewing Company,Bloomfield,CT
176,1426,Back East Golden Ale,American Blonde Ale,12,0.049,nan,1373.7875200763845,Back East Brewing Company,Bloomfield,CT
177,1132,Misty Mountain IPA,American IPA,70.11603832188692,0.07,nan,235,Back East Brewing Company,Bloomfield,CT
178,1131,??Back East@@ Ale,American Amber / Red Ale,12,0.05,nan,235,Back East Brewing Company,Bloomfield,CT
179,1876,Truck Stop Honey Brown Ale,English Brown Ale,12,0.2330282312707461,nan,286,Back Forty Beer Company,Gadsden,AL
180,9537.003338810193,Naked Pig Pale Ale,American Pale Ale (APA),12,0.06,170.56949636433367,286,Back Forty Beer Company,Gadsden,AL
181,5119.688124872611,Topcutter India Pale Ale,American I#PA,12,0.068,70,483,Bale Breaker Brewing Company,Yakima,WA
182,965,Field 41 Pale Ale,American Pale Ale (APA@@),12,0.044,199.07353942882116,483,Bale Breaker Brewing Company,Yakima,WA
183,2593,Grapefruit Sculpin,American IPA,12,0.07,nan,34,Ballast Point Brewing Company,San Diego,CA
184,2105,Even Keel,American IPA,12,0.038,40,34,Ballast Point Brewing Company,San Diego,CA
185,1401,Ba%llast Po??int Pale Ale,Kölsch,12,0.052,23,34,Ballast Point Brewing Company,San Diego,CA
186,1400,Big Eye India Pale Ale,American IPA,63.40500358983182,0.07,75,34,Ballast Point Brewing Company,San Diego,CA
187,1019,Longfin Lager,Muni@@ch Helles Lager,12,0.046,nan,34,Ballast Point Brewing Company,San Diego,CA
188,1018,Sculpin IPA,American IPA,12,0.07,70,34,Ballast Point Brewing Company,San Diego,CA
189,1776,All Nighter Ale,Extra Special / Strong Bitter (ESB),61.2117552582276,0.045,nan,318,Banner Beer Company,Williamsburg,MA
190,1644,Banner American Rye,Rye Beer,12,0.045,20,318,Banner Beer Company,Williamsburg,MA
191,1643,Banner American Ale,American Amber / Red Ale,12,0.035,45,318,Banner Beer Company,Williamsburg,MA
192,2618,Thai.p.a,#Amer#ican IPA,16,0.07,46,20,Bare Hands Brewery,Granger,IN
193,2005,Barrio Blanco,Ameri%can IPA,12,0.06,60,251,Barrio Brewing Company,Tuc%son,AZ
194,1343,Barrio Tucson Blonde,American Blonde Ale,12,0.045,nan,836.5924146464668,Barrio Brewing Company,Tucson,AZ
195,13853.900448383023,Hop in %the ‘Pool Helles,American Pilsner,12,0.049,22,116,Base Camp Brewing Co.,Portland,OR
196,2323,Ultra Gnar Gnar IPA,American IPA,53.37841131190889,0.067,266.75778965287225,116,Base Camp Brewing Co.,Portland,OR
197,2189,In-Tents India Pale Lager,American Pale Lager,12,0.068,62,116,Base Camp Brewing Co.,Portland,OR
198,2188,Lost Meridian Wit,Witbier,68.27662227562232,0.05,20,116,Base Camp Brewing Co.,Portland,OR
199,2187,Celestial Meridian Cascadian Dark Lager,Euro Dark Lager,48.27301794344467,0.2743644084864686,45,116,Base Camp Brewing Co.,Portland,OR
200,1966,Wagon Party,California Common / Steam Beer,12,0.054,55,258,Bauhaus Brew Labs,Minneapolis,MN
201,1965,Sky-Five,American IPA,12,0.067,70,258,Bauhaus Brew Labs,Minneapolis,MN
202,1964,Stargraz#er,Schwarzbier,12,0.05,28,258,Bauhaus Brew Labs,Minneapolis,MN
203,1963,Won%derstuff,German Pilsener,12,0.054,48,258,Bauhaus Brew Labs,Minneapolis,MN
204,1855,Tarnation California-Style Lager,California Common / Steam Beer,12,0.053,nan,292,Baxter Brewing Company,Lewiston,ME
205,1778,On the Count of 3 (2015),Hefeweizen,16,0.07,226.61020901954095,1377.7289421429266,Baxter Brewing Company,Lewiston,ME
206,1209,Summer Swelter,American Pale Wheat Ale,12,0.047,nan,292,Baxter Brewing Company,Lewiston,ME
207,3133.4477680908185,Phantom Punch Winter Stout,Forei$gn / Export Stout#,12,0.068,nan,1351.9070673093213,Baxter Brewing Company,Lewiston,ME
208,910,Hayride Autumn Ale,Rye Beer,12,0.066,nan,292,Baxter Brewing Company,Lewiston,ME
209,707,Celsius Summer Ale (2012),American Pale Wheat Ale,12,0.047,nan,292,Baxter Brewing Company,Lewiston,ME
210,533,Amber Road,American Amber / Red Ale,12,0.055,35,292,Baxter Brewing Company,Lewiston,ME
211,183,Pamola Xtra Pale Ale,American Pale Ale (APA),47.392915678016784,0.049,28,292,Baxter Brewing Company,Lewiston,ME
212,182,Stowaway IPA,American $IPA,12,0.069,69,292,Baxter Brewing Company,Lewiston,ME
213,1806,Hoptopus Double IPA,American Double / Imperial IPA,16,0.088,108,306,Beach Brewing Company,Virginia Beach,VA
214,2435,Watermelon Ale,Fruit / Vegetable Beer,12,0.05,10,103,Beer Works Brewery,Lowell,MA
215,2423,Fenway A@@merican Pale Ale,Amer@@ican Pale Ale (APA),12,0.058,45,103,Beer Works Brewery,Lowell,MA
216,2420,Back Bay IPA,American I$PA,12,0.068,353.47766087991033,103,Beer Works Brewery,Lowell,MA
217,2419,Bunker Hill Blueberry Ale,Other,12,0.048,16,103,Beer Works Brewery,Lowell,MA
218,2494,Oberon,American Pale Wheat Ale,12,0.058,nan,76,Bell's Brewery,Kalamazoo,MI
219,2325,Smitten,Rye Beer,16,0.06,nan,76,Bell's Brewery,Kalamazoo,MI
220,2022,Winter White,Witbier,16,0.05,nan,413.28994607843305,Bell's Brewery,Kalamazoo,MI
221,1989,Oberon,American Pale Wheat Ale,16,0.058,nan,76,Bell's Brewery,Kalamazoo,MI
222,1988,Two Hearted,American IPA,16,0.07,nan,76,Bell's Brewery,Kalamazoo,MI
223,1955,Best Brown,American Brown Ale,16,0.058,nan,76,Bell's Brewery,Kalamazoo,MI
224,2558,Moar,English India Pale Ale (IPA),12,0.044,44,53,Bent Brewstillery,Roseville,MN
225,2557,Uber Lupin Schwarz IPA,American Double / Imperial IPA,16,0.4789617240177989,nan,53,Bent Brewstillery,Roseville,MN
226,2556,Nordic Blonde,American Blonde Ale,12,0.057,27,53,Bent Brewstillery,Roseville,MN
227,2496,Cold Press,American Black Ale,12,0.06,nan,75,Bent Paddle Brewing Company,Duluth,MN
228,2410,Harness the Winter,American IPA,12,0.072,87,75,Bent Paddle Brewing Company,Duluth,MN
229,1902,@@14$° ESB,Extra Special / St@@rong Bitter (ESB),12,0.056,32,75,Bent Paddle Brewing Company,Duluth,MN
230,1901,Bent Hop@@ Golden IPA,American IPA,12,0.3379871527139176,68,75,Bent Paddle Brewing Company,Duluth,MN
231,1261,Bent Paddle Black Ale,American Black Ale,12,0.06,34,75,Bent Paddle Brewing Company,Duluth,MN
232,1253,Venture Pils,German Pilsener,12,0.05,38,75,Bent Paddle Brewing Company,Duluth,MN
233,1900,Lost Sailor IPA,En%glish India Pale Ale (IPA),12,0.055,40,278,Berkshire Brewing Company,South Deerfield,MA
234,1317,Steel Rail Extra Pale Ale,American Pale Ale (APA),12,0.053,20,278,Berkshire Brewing Company,South Deerfield,MA
235,1158,La Frontera Pr#emiu$m IPA,American IPA,12,0.078,nan,463,Big Bend Brewing Company,Alpine,TX
236,1157,Tejas Lager,Czech Pilsener,12,0.047,nan,463,Big Bend Brewing Company,Alpine,TX
237,1156,Number 22 Porter,A@@merican Porter,12,0.064,nan,463,Big Bend Brewing Company,Alpine,TX
238,1155,Big Bend Hefeweizen,Hefe@@#weizen,12,0.056,nan,463,Big Bend Brewing Company,Alpine,TX
239,1154,Terlingua Gold,American Blonde Ale,12,0.06,nan,463,Big Bend Brewing Company,Alpine,TX
240,2104,Aprè Shred,American Strong Ale,16,0.081,17,733.8938701816697,Big Choice Brewing,Broomfield,CO
241,1762,Hemlock Double IPA,American Double / Imperial IPA,12,0.4181864037896206,104,220,Big Choice Brewing,Broomfield,CO
242,1422,West Portal Colorado Common Summer Ale,California Com??mon / Steam Beer,16,0.041,nan,220,Big Choice Brewing,Broomfield,CO
243,1067,Disconnected Red,American Amber / Red Ale,16,0.067,85,220,Big Choice Brewing,Broomfield,CO
244,1003,Big Elm IPA,American IPA,12,0.07,nan,477,Big Elm Brewing,Sheffield,MA
245,1002,Gerry Dog Stout,American Stout,12,0.065,nan,477,Big Elm Brewing,Sheffield,MA
246,1001,413 Farmhouse Ale,Saison / Farmhouse Ale,12,0.06,nan,2145.4189916302485,Big Elm Brewing,Sheffield,MA
247,2639,Dark Star,American Stout,16,0.08,54,8,Big Lake Brewing,Holland,MI
248,2469,Ryecoe,American IPA,94.86439119101688,0.062,nan,8,Big Lake Brewing,Holland,MI
249,2586,Blueberry Blonde,Fruit / Vegetable Beer,12,0.06,nan,40,Big Muddy Brewing,Murphysboro,%#IL
250,2585,Galaxy IPA,American IPA,16,0.075,60,40,Big Muddy Brewing,Murphysboro,%#IL
251,643,Big River Pilsner,Czech Pilsener,12,0.05,32,2275.618485443435,Big River Brewing C%ompa$ny,Chattanooga,TN
252,632,House Brand IPA,American IPA,12,0.06,55,519,Big River Brewing Company,Chattanooga,TN
253,1714,Big Sky IPA,American IPA,12,0.062,65,1194.1150951367292,Big Sky Brewing Company,Missoula,MT
254,1713,Scape Goat Pale Ale,English Pale Ale,12,0.05,40,336,Big Sky Brewing Company,Missoula,MT
255,1712,Montana Trout Slayer Ale,American Pale Wheat Ale,12,0.05,35,336,Big Sky Brewing Company,Missoula,MT
256,1711,Moose Drool Brown Ale,American Brown Ale,12,0.051,26,336,Big Sky Brewing Company,Missoula,MT
257,1456,Powder Hound Winter Ale,English Strong Ale,12,0.072,353.1124648875524,336,Big Sky Brewing Company,Missoula,MT
258,767,Moose Drool Brown Ale (2011),Americ$an Brown Ale,12,0.051,26,336,Big Sky Brewing Company,Missoula,MT
259,766,Montana Trout Slayer Ale (2012),American Pale Wheat Ale,12,0.05,35,336,Big Sky Brewing Company,Missoula,MT
260,579,Big Sky IPA (2012),American IPA,39.85876404866416,0.062,65,336,Big Sky Brewing Company,Missoula,MT
261,808.5846373172158,S#ummer H%oney,American Blonde Ale,12,0.047,nan,336,Big Sky Brewing Company,Missoula,MT
262,797.4457040637752,Scape Goat Pale Ale (2010),En#glish?? Pale Ale,12,0.05,158.80990346704056,336,Big Sky Brewing Company,Missoula,MT
263,35,Montana Trout Slayer Ale (2009),American Pale Wheat Ale,12,0.05,35,336,Big Sky Brewing Company,Missoula,MT
264,34,Moose% Drool Brown Al%e (2009),American Brown Ale,12,0.051,26,336,Big Sky Brewing Company,Missoula,MT
265,2096,Arcus IPA,American IPA,12,0.069,398.5311810679197,221,Big Storm Brewing Company,$Odessa$,FL
266,2095,$Wavema%ker,American Amber / Red Ale,12,0.058,38,221,Big Storm Brewing Company,$Odessa$,FL
267,1257,Jack Pine Savage,American Pale Ale (APA),16,0.053,43,444,Big Wood Brewery,Vadnais Heights,MN
268,1256,Fo$rest Fire Imperial Smoked Rye,Rye Beer,16,0.099,85,444,Big Wood Brewery,Vadnais Heights,MN
269,1255,Bad Axe Imperial IPA,American Double / Imperial IPA,16,0.098,76,444,Big Wood Brewery,Vadnais Heights,MN
270,986,Morning Wood,Oatmeal Stout,16,0.055,118.5747531053656,444,Big Wood Brewery,Vadnais Heights,MN
271,985,Bark Bite IPA,American IPA,16,0.066,50,444,Big Wood Brewery,Vadnais Heights,MN
272,2508,Jalapeno Pale Ale,American Pale Ale (APA),16,0.055,45,70,Birdsong Brewing Company,Charlotte,NC
273,1441,Blown Out Brown,American Brown Ale,12,0.052,nan,407,Bitter Root Brewing,Hamilton,MT
274,1413,Single Hop Ale,American Pale Ale (APA),12,0.063,nan,407,Bitter Root Brewing,Hamilton,MT
275,1411,Sawtooth Ale,American Blonde Ale,12,0.054,nan,1334.0205261294693,Bitter Root Brewing,Ha$mil$ton,MT
276,2620,Saucy Intruder,??Rye Beer,16,0.4070284255814244,75,18,Black Acre Brewing Co.,Indianapolis,IN
277,2412,Deception,American Blonde Ale,12,0.045,16,112,Black Market Brewing Company,Temecula,CA
278,1898,Blackmarket Rye IPA,Ame$ric??an IPA,12,0.075,35,112,Black Market Brewing Company,Temecula,CA
279,1897,Black Market Hefeweizen,Hefeweizen,12,0.05,8,112,Black Market Brewing Company,Temecula,CA
280,1896,Aftermath Pale Ale,American Pale Ale (APA),12,0.058,185.61690251224883,112,Black Market Brewing Company,Temecula,CA
281,1850,American India Red Ale,American Strong Ale,12,0.071,83,294,Black Shirt Brewing Company,Denver,CO
282,1849,American Red Porter,America$%n Porter,12,0.071,45,294,Black Shirt Brewing Company,Denver,CO
283,1848,American Red Saison,Saison / Farmhouse Ale,12,0.078,34,294,Black Shirt Brewing Company,Denver,CO
284,1847,Colorado Red Ale,American Amber / Red Ale,12,0.066,44,294,Black Shirt Brewing Company,Denver,CO
285,2485,Saddle Bronc Brown Ale,American Brown Ale,12,0.048,16,79,Black Tooth Brewing Company,Sheridan,WY
286,2484,Bomber Mountain Amber Ale,American Amber / Red Ale,12,0.046,20,79,Black Tooth Brewing Company,Sheridan,WY
287,2449,Flying Sailor,Rye Beer,12,0.073,nan,95,Blackrocks Brewery,Marquette,MA
288,2634,Nordskye,American IPA,12,0.048,47,12,Blackrocks Brewery,Marquette,MI
289,2153,North Thi??rd Stout,Foreign / Export Stout,40.91468638293999,0.2230940844374083,30,12,Blackrocks Brewery,Marquette,MI
290,1953,Honey Lav,American Pale Wheat Ale,12,0.052,nan,12,Blackrocks Brewery,Marquette,MI
291,1496,Coconut Brown Ale,American Brown Ale,12,0.068,nan,12,Blackrocks Brewery,Marquette,MI
292,1481,51K IPA,American IPA,36.73119023222497,0.07,51,12,Blackrocks Brewery,Marquette,MI
293,1480,Grand Rabbits,Cream Ale,12,0.055,nan,70.44700671095084,Blackrocks Brewery??,Marquette,MI
294,1564,1800 Big Log Wheat (2012),American Pale Wheat Ale,12,0.05,nan,380,Blue Blood Brewing Company,Lincoln,NE
295,1541,Double Play Pilsner,American Pilsner,12,nan,nan,380,Blue Blood Brewing Company,Lincoln,NE
296,1321,Brewerhood B%rown Ale,American Brown Ale,12,0.055,nan,380,Blue Blood Brewing Company,Lincoln,NE
297,1320,Last Call Imperial Amber Ale,American Amber / Red Ale,12,0.3456060622008974,nan,380,Blue Blood Brewing Company,Lincoln,NE
298,1319,Pernicious Double IPA,American Double / Imperial IPA,12,0.096,nan,380,Blue Blood Brewing Company,Lincoln,NE
299,1303,6-4-3 Double Play Pilsner,German Pilsener,12,0.052,nan,2030.9970609364996,Blue ??Blood Brewing Company,Lincoln,NE
300,1025,N Street Drive-In 50th Annivers#ary IPA,American Double / Imperial IPA,12,nan,nan,380,Blue Blood Brewing Company,Lincoln,NE
301,1012,$467 Ethan's Stout#,American Stout,12,0.05,nan,380,Blue Blood Brewing Company,Lincoln,NE
302,942,1335 Wicked Snout,Saison / Farmhouse Ale,12,0.064,nan,380,Blue Blood Brewing Company,Lincoln,NE
303,937,543 Skull Creek Fresh Hopped Pale Ale,American Pale$ Ale (??APA),12,0.045,nan,380,Blue Blood Brewing Company,Lincoln,NE
304,888,1327 Pod's ESB,Extra Special / Strong Bitter (ESB),12,0.056,196.77786799149024,380,Blue Blood Brewing Company,Lincoln,NE
305,886,1327 Pod's ESB,Extra Special / Strong Bitter (ESB),12,0.056,37,380,Blue Blood Brewing Company,Lincoln,NE
306,2635.9154542927863,1327 Pod's ESB,Extra Special / Strong Bitter (ESB),12,0.2626637209051165,201.397668661936,380,Blue Blood Brewing Company,Lincoln,NE
307,611,834 Happy As Ale,American Pale Ale (APA),12,0.046,35,380,Blue Blood Brewing Company,Lincoln,NE
308,4533.841394390928,Yellow Collar,Mea#d,12,0.219231041252272,nan,422,Blue Dog Mead,Eugene,OR
309,1371,Green Collar,Mead,12,0.059,nan,422,Blue Dog Mead,Eugene,OR
310,1812,Quarter Mile Double IPA,American Double / Imperial IPA,12,0.3500630651108948,80,304,Bl??ue Hills B#rewery,C@@anton,MA
311,1547,Full Nelson Pale Ale,American Pale Ale (APA),12,0.2039243560087874,60,382,Blue Mountain Brewery,Afton,VA
312,1546,Steel Wheels ESB,Extra Special / Strong Bitter (ESB),12,0.065,30,382,Blue Mountain Brewery,Afton,VA
313,1545,Blue Mountain Classic Lager,Euro Pale Lager,12,0.053,22,1394.181923934481,Blue Mountain Brewery,Afton,VA
314,119,Full Nelson Pale Ale (2010),American Pale Ale (APA),12,0.059,60,2054.081247223611,Blue Mountain Brewery,Afton,VA
315,1408,Kölsch 151,Kölsch,12,0.049,16,414,Blue Mountain Brewery,Arrington,VA
316,2490,Professor Black,American Stout,12,nan,nan,77,Blue Owl Brewing,Austin,TX
317,2489,Little Boss,American Pale Wheat Ale,60.93811678339912,nan,nan,302.63958933794777,Blue Owl Brewing,Austin,TX
318,2488,Van Dayum!,American Amber / Red Ale,12,nan,nan,77,Blue Owl Brewing,Austin,TX
319,2487,Spirit Animal,American Pale Ale (APA),12,nan,nan,77,Blue Owl Brewing,Austin,TX
320,939,Toxic Sludge,American Black Ale,16,0.3423260349616629,nan,489,Blue Point Brewing Company,Patchogue,NY
321,692,Blue Point White IPA,American White IPA,12,0.06,40,489,Blue Point Brewing Company,Patchogue,NY
322,667,Blue Point Summer Ale,American Blonde Ale,12,0.044,16,489,Blue Point Brewing Company,Patchogue,NY
323,665,Toasted Lager,Vienna Lager,12,0.055,28,489,Blue Point Brewing Company,Patchogue,NY
324,1607,Bohemian Export Lager,Dortmunder / Export Lager,12,0.06,nan,364,Bohemian Brewery,Midvale,UT
325,1597,Altus Bohemes Altbier,Altbier,45.0753403417198,0.053,nan,364,Bohemian Brewery,Midvale,UT
326,1115.750253751395,Cherny Bock,Schwarzbier,12,0.04,nan,364,Bohemian Brewery,Midvale,UT
327,89,Czech Pilsner,Czech Pilsener,12,0.05,nan,364,Bohemian Brewery,Midvale,UT
328,413.6685262121835,Viennese Lager,Vienna Lager,12,0.05,nan,364,Bohemian Brewery,Midvale,UT
329,1569,Mad Manatee IPA,American IPA,12,0.065,nan,1277.7367769992318,Bold City Brewery,Jacksonville,FL
330,1568,Killer Whale Cream Ale,Cream% Ale,12,0.055,nan,378,Bold City Brewery,Jacksonville,FL
331,1188,Duke's Cold Nose Brown Ale,American Brown Ale,12,0.06,nan,378,Bold City Brewery,Jacksonville,FL
332,1891,Longhop IPA,American IPA,16,0.042,30,281,Bolero Snort Brewery,Ridgefie$ld Pa%rk,NJ
333,8150.614480215198,Lucky Buck,Irish Dry Stou$t,16,0.04,104.25672205305092,1593.024864974872,Bolero Snor??t Brewery,Ridgefield Park,NJ
334,577,Bomb Lager (New Recipe),Munich Helles Lager,12,0.051,nan,525,Bomb Beer Company,New York,NY
335,513,Bomb Lager (Old Recipe),Munich Helles Lager,12,0.045,27,525,Bomb Beer Company,New York,NY
336,2422,Firestarter India Pale Ale,American IPA,12,0.066,325.6116246095782,107,Bonfire Brewing Company,Eagle,CO
337,1727,Kilt Dropper Scotch Ale,Scot#ch Ale / Wee H#eavy,16,0.075,22,107,Bonfire Brewing Company,Eagle,CO
338,5698.8686850614995,Wood Splitter Pilsner,Czech Pilsener,16,0.048,30,107,Bonfire Brewing Company,Eagle,CO
339,1613,Gyptoberfest,Märzen / Oktoberfes%%t,12,0.056,26,107,Bonfire Brewing Company,Eagle,CO
340,1549,Farmer Wirtz India Pale Ale,English India Pale Ale (IPA),16,0.3238469361723403,94,107,Bonfire Brewing Company,Eagle,CO
341,1548,Slow & Steady Golden Ale,American Blonde Ale,12,0.047,nan,107,Bonfire Brewing Company,Eagle,CO
342,1517,Pink-I Raspberry IPA,American IPA,16,0.366430916156323,nan,107,Bonfire Brewing Company,Eagle,CO
343,1500,Moe's Original Bar B Que 'Bama Brew Golden Ale,American Blonde Ale,12,0.047,nan,107,Bonfire Brewing Company,Eagle,CO
344,1421,Live Local Golden Ale,American Blonde Ale,12,0.047,nan,107,Bonfire Brewing Company,Eagle,CO
345,1360,Screaming Eagle Special Ale ESB,Extra Special / Strong Bitter (ESB),12,0.2304528801275722,38,107,Bonfire Brewing Company,Eagle,CO
346,1184,Dirtbag Dunkel,Munich Dunkel Lage@@r,16,0.049,nan,107,Bonfire Brewing Company,Eagle,CO
347,1183,Kindler Pale Ale,American Pale Ale (APA),12,0.053,45,107,Bonfire Brewing Company,Eagle,CO
348,1023,Mistress Winter Wheat,Winter Warmer,12,0.064,nan,107,Bonfire Brewing Company,Eagle,CO
349,998,Tent Pole Vanilla Porter,American Porter,16,0.061,nan,107,Bonfire Brewing Company,Eagle,CO
350,997,Awry Rye Pale Ale,American Pale Al??e (APA),12,0.058,nan,107,Bonfire Brewing Company,Eagle,CO
351,996,Demshitz Brown Ale,American Brown Ale,12,0.058,nan,374.92898464302874,Bonfire Br#ewing Com??pany,Eagle,CO
352,931,Wood Splitter Pilsner (2012),Czech Pilsener,12,0.048,nan,107,Bonfire Brewing Company,Eagle,CO
353,798,Bru??sh Creek Blonde%,American Blonde Ale,16,0.048,nan,107,Bonfire Brewing Company,Eagle,CO
354,633,Firestarter India Pale Ale,American IPA,16,0.066,72,626.4188779025625,Bonfire Brewing Company,Eagle,CO
355,2062,Noche Dulce,American Porter,16,0.071,81.99389923995145,231,Borderlands Brewing Company,Tucson,AZ
356,1830,Porch Rocker,Radler,36.602372457596346,0.045,8,300,Boston Beer Company,Boston,MA
357,1629,Rebel IPA,American IPA,16,0.065,45,300,Boston Beer Company,Boston,MA
358,1601,Cold Snap,Witbier,12,0.055,nan,300,Boston Beer Company,Boston,MA
359,1427,Samuel Adams Winter Lager,Bock,12,0.056,nan,300,Boston Beer Company,Boston,MA
360,1349,Boston Lager,Vienna Lager,16,0.049,30,1658.0510375307758,Boston Beer Company,Boston,MA
361,1310,Boston Lager,Vienna Lager,12,0.049,30,300,Boston Beer Company,Boston,MA
362,1281,Samuel Adams Octoberfest,Märzen / Oktober%fest,12,0.2521769830735241,15,300,Boston Beer Company,Boston,MA
363,1144,Samuel Adams Summer Ale,American Pale Wheat Ale,12,0.220900880883032,7,300,Boston Beer Company,Boston,MA
364,1143,Boston Lager,Vienna Lage%r,52.91075097108055,0.049,30,300,Boston Beer Company,Boston,MA
365,1395,Hazed & Infused,American Pale Ale (APA),12,0.049,35,2437.2211075124283,Boulder Beer Company,Boulder,CO
366,808,Hoopla Pale Ale,American Pale Ale (APA),12,0.057,35,417,Boulder Beer Company,Boulder,CO
367,81,Hazed & Infused (2010),American Pale Ale (APA),12,0.049,35,417,Boulder Beer Company,Boulder,CO
368,14444.432275247274,Heavy Lifting,American IPA,12,0.062,80,31,Boulevard Brewing Company,Kansas C%ity,MO
369,2300,1492,American Pale Ale (APA),64.17327156195307,0.065,nan,167,Boxcar Brewing Company,West Chester,PA
370,2299,Mango Ginger,American IPA,12,0.058,nan,998.3624698285963,Boxcar Brewing Company,West Chester,PA
371,2298,Passenger,English Dark Mild Ale,12,0.047,nan,167,Boxcar Brewing Company,West Chester,PA
372,2107,Plum St. Porter,American Porter,12,0.06,52,219,Bozeman Brewing Company,Bozeman,MT
373,1573,Plum St. Porter,American Porter,12,0.057,52,219,Bozeman Brewing Company,Bozeman,MT
374,1289,Bozone HopZone IPA,American IPA,12,0.2203467334060832,80,219,Bozeman Brewing Company,Bozeman,MT
375,1288,Bozone Hefe Weizen,Hefeweizen,12,0.06,25,858.6488138263459,Bozeman Brewin@@g% Company,Bozeman,MT
376,470,Bozone Select Amber Ale,American Amber / Red Ale,12,0.055,nan,219,Bozeman Brewing Company,Bozeman,MT
377,2167,Evil Owl,Americ@@an Amber / Red Ale,70.70395374804457,0.052,40,207,Branchline Brewing Company,San Antonio,TX
378,2204,Post Time Kölsch,Kölsch,16,0.05,nan,195,Breakside Brewery,Portland,OR
379,1522,Agave Wheat,American Pale Wheat Ale,12,0.042,9,391,Breckenridge Brewery,Denver,CO
380,397,SummerBright Ale,American Pale Wheat Ale,12,0.045,15,391,Breckenridge Brewery,Denver,CO
381,193,Lucky %U IPA@@,American IPA,12,0.062,68,391,Breckenridge Brewery,Denver,CO
382,445.9825535547198,Avalanche Ale,American Amber / Red Ale,12,0.054,19,391,Breckenridge Brewery,Denver,CO
383,1802,You're My Boy Blue,Fruit / Vegetable Beer,12,0.05,nan,308,Brew Bus Brewing,Tampa,FL
384,8242.846007184911,Last Stop IPA,American IPA,12,0.072,60,308,Brew Bus Brewing,Tampa,FL
385,1800,Rollin Dirty Red Ale,Irish Red Ale,12,0.05,21,308,Brew Bus Brewing,Tampa,FL
386,1799,Are Wheat There Yet?,American Pale Wheat Ale,12,0.055,28,308,Brew Bus Brewing,Tampa,FL
387,2619,Insert Hop Reference,American Pale Ale (APA),16,0.058,nan,19,Brew Link Brewing,Plainfield,IN
388,2468,Manitou Amber,American Amber / Red Ale,16,0.053,nan,85,Brewery Terra Firma,Traverse City,MI
389,2637,Belfort,Saison / Farmhouse Ale,16,0.067,nan,10,Brewery Vivant,Grand Rapids,MI
390,2636,Star Runner,Belgian Pale Ale,16,0.06,nan,10,Brewery Vivant,Grand Rapids,MI
391,2598,Tart Side of the Barrel,American Double / Imperial Stout,16,0.098,nan,10,Brewery Vivant,Grand Rapids,MI
392,14928.30491963974,@@Linnaeus Mango IPA,American IPA,74.82080753637894,0.06,nan,10,Brewery Vivant,Grand Rapids,MI
393,2548,Beasts A'Burnin',Rauchbier,16,0.07,nan,10,Brewery Vivant,Grand Rapids,MI
394,2542,Verdun,Bière de Garde,16,0.077,nan,10,Brewery Vivant,Grand Rapids,MI
395,2541,Barrel Aged Triomphe,Belgian IPA,16,0.065,nan,10,Brewery Vivant,Grand Rapids,MI
396,2504,C??herry Dopp#elbock,Doppelbock,79.41510111210707,0.065,nan,10,Brewery Vivant,Grand Rapids,MI
397,2500,Tropical Saison,Saison?? ??/ Farmhouse Ale,16,0.065,nan,10,Brewery Vivant,Grand Rapids,MI
398,2499,Beach Patrol,Witbier,16,0.065,nan,10,Brewery Vivant,Grand Rapids,MI
399,2498,Nuit Serpent,Belgian IPA,16,0.05,nan,10,Brewery Vivant,Grand Rapids,MI
400,2481,Paris,Sai??son / Farmhouse Ale,16,0.09,nan,10,Brewery Vivant,Grand Rapids,MI
401,2476,The Grand Army,Belgian IPA,16,0.055,nan,10,Brewery Vivant,Grand Rapids,MI
402,2467,Acidulated Trip,Saison / Farmhouse Ale,16,0.059,nan,10,Brewery Vivant,Grand Rapids,MI
403,2466,Root Stock,Rye Beer,16,0.066,nan,10,Brewery Vivant,Grand Rapids,MI
404,2465,Mind Games,Dunkelweizen,16,0.041,nan,10,Brewery Vivant,Grand Rapids,MI
405,2433,Sous Chef,Belgian Strong Pale Ale,16,0.082,nan,10,Brewery Vivant,Grand Rapids,MI
406,2418,Dubbelicious,Dubbel,16,0.065,nan,10,Brewery Vivant,Grand Rapids,MI
407,2416,Psychopomp,Belgian Dark Ale,16,0.062,nan,10,Brewery Vivant,Grand Rapids,MI
408,2382,Fat Paczki,Belgian Dark Ale,16,nan,nan,10,Brewery Vivant,Grand Rapids,MI
409,2381,Earth-Like Planets,Belgia@@n Pale Ale,16,nan,nan,10,Brewery Vivant,Grand Rapids,MI
410,9835.685963821885,Ski Patrol,Witbier,16,0.061,nan,10,Brewery Vivant,Grand Rapids,MI
411,2241,Viking Ice Hole,Oatmeal Stout,16,0.063,nan,10,Brewery Vivant,Grand Rapids,MI
412,11916.353512395652,Rye Po%#rter,American Porter,16,0.056,nan,10,Brewery Vivant,Grand Rapids,MI
413,2137,Wizard Burial Ground,Quadrupel (Quad),16,0.099,nan,10,Brewery Vivant,Grand Rapids,MI
414,2101,Smoky Wheat,Rauchbier,16,0.051,nan,10,Brewery Vivant,Grand Rapids,MI
415,2092,BRIPA,Belgian IPA,72.68454468332385,0.062,nan,10,Brewery Vivant,Grand Rapids,MI
416,2091,Mela,Belgian Dark Ale,16,0.2861627535003736,nan,10,Brewery Vivant,Grand Rapids,MI
417,2086,W.I.P.A Snappa,Belgian IPA,16,0.053,nan,10,Brewery Vivant,Grand Rapids,MI
418,2023,Pepper in the Rye,Rye Beer,84.00020898741613,0.237125501215014,nan,10,Brewery Vivant,Grand Rapids,MI
419,2006,Moe Lasses',American Stout,16,0.064,nan,10,Brewery Vivant,Grand Rapids,MI
420,1997,Pumpkin Tart,Fruit / Vegetable Beer,16,0.07,nan,10,Brewery Vivant,Grand Rapids,MI
421,1977,Und#ertaker,Belgian Dark Ale,16,0.067,nan,10,Brewery Vivant,Grand Rapids,MI
422,1976,Undertaker (2014),Belgian Dark Ale,16,0.067,nan,10,Brewery Vivant,Grand Rapids,MI
423,1974,Coq D'Or,Belgian Pale Ale,16,0.05,nan,10,Brewery Vivant,Grand Rapids,MI
424,1973,North French,%Bière de G$arde,16,0.06,nan,10,Brewery Vivant,Grand Rapids,MI
425,11449.25448765601,Agent a Deux,Belgian Dark Ale,16,0.065,nan,10,Brewery Vivant,Grand Rapids,MI
426,1958,Belgian Wit,W$i%tbier,16,0.045,nan,10,Brewery Vivant,Grand Rapids,MI
427,1949,Pothole Stout,Amer??i??can Stout,16,0.063,nan,49.03538453268136,Brewery Vivant,Grand Rapids,M$I%
428,1947,Tree Bucket,Belgian IPA,16,0.093,nan,10,Brewery Vivant,Grand Rapids,MI
429,1785,Le Flaneur Ale,American Wild Ale,16,0.073,nan,10,Brewery Vivant,Grand Rapids,MI
430,1651,Maize & Blueberry,Fruit / Vegetable Beer,56.39114008680972,0.056,nan,10,Brewery Vivant,Grand Rapids,MI
431,8169.7781183681855,Trebuchet Double IPA,American Double / Imperial IPA,16,0.093,nan,10,Brewery Vivant,Grand Rapids,MI
432,7653.262988681112,Contemplation,Bière de Garde,16,0.065,nan,10,Brewery Vivant,Grand Rapids,MI
433,1267,Black Rabbit,American Black Ale,65.08124789787682,0.05,nan,10,Brewery Vivant,Grand Rapids,MI
434,1266,Zaison,Saison / Farmhouse Ale,16,0.09,nan,10,Brewery Vivant,Grand Rapids,MI
435,1178,Vivant Tripel,Tripel,16,0.082,nan,10,Brewery Vivant,Grand Rapids,MI
436,1136,Tart Side of the Moon,Belgian Dark Ale,16,0.098,nan,48.84126066217405,Brewery Vivant,Grand Rapids,MI
437,1044,Big Red Coq,American Amber / Red Ale,16,0.06,nan,10,Brewery Vivant,Grand Rapids,MI
438,1033,Hubris Quadrupel Anniversary Ale,Quadrupel (Quad),16,0.099,nan,10,Brewery Vivant,Grand Rapids,MI
439,1031,Plow Horse Belgian Style Imperial Stout,American Double / Imperial Stout,57.175527363203976,0.095,nan,10,Brewery Vivant,Grand Rapids,MI
440,909,Escoffier Bretta Ale,American Wild Ale,16,0.092,nan,10,Brewery Vivant,Grand Rapids,MI
441,873,Contemplation (2012),Bière de Garde,16,0.065,nan,10,Brewery Vivant,Grand Rapids,MI
442,860,Vivant Belgian Style Imperial Stout (2012),Russian Imperial Stout,16,0.099,nan,10,Brewery Vivant,Grand Rapids,MI
443,677,Big Red Coq (2012),American Amber / Red Ale,16,0.062,nan,10,Brewery Vivant,Grand Rapids,MI
444,671,Zaison (2012),Saison / Farmhouse Ale,16,0.3388103774903866,nan,10,Brewery Vivant,Grand Rapids,MI
445,670,Vivant Tripel (2012),Tripel,16,0.092,nan,10,Brewery Vivant,Grand Rapids,MI
446,669,Trebuchet Double IPA (2012),Belgian IPA,16,0.4580394219679211,nan,10,Brewery Vivant,Grand Rapids,MI
447,627,Kludde,Belgian Strong Dark Ale,16,0.085,nan,10,Brewery Vivant,Grand Rapids,MI
448,387,Farm Hand,Saison / Farmhouse Ale,16,0.055,nan,10,Brewery Vivant,Grand Rapids,MI
449,1648.6060446264516,Solitude,Belgian Pale Ale,16,0.06,nan,10,Brewery Vivant,Grand Rapids,MI
450,384,Triomphe,Belgian IPA,16,0.065,nan,10,Brewery Vivant,Grand Rapids,MI
451,1096,Tampa Pale Ale,American Pale $Ale (APA),12,nan,nan,467,Brindle Dog Brewing Company,Tampa Bay,FL
452,1095,Orange Grove Wheat Ale,American Pale Wheat Ale,58.91720878138268,nan,nan,467,Brindle Dog Brewing Company,Tampa Bay,FL
453,2456,Broad Brook Ale,American@@ Amber / R%ed Ale,16,0.061,nan,89,Broad Brook Brewing LLC,East Windsor,CT
454,921,Northern Lights Amber Ale,American Amber / Red Ale,12,0.05,15,2823.7148547236416,Broken Tooth Brewing Company,Anchorage,AK
455,3924.7296129846018,Polar Pale Ale,American Pale Ale (APA),12,0.052,54.576248110828296,493,Broken Tooth Brewing Company,Anchorage,AK
456,919,@@Chugach Se@@ssion Ale,Cream Ale,12,0.048,nan,493,Broken Tooth Brewing Company,Anchorage,AK
457,648,Fairweather IPA,American IPA,12,0.061,64,493,Broken Tooth Brewing Company,Anchorage,AK
458,1279,East India Pale Ale,English India Pale Ale (IPA),16,0.068,47,1991.4935433702228,Brooklyn Brewery,Brooklyn,NY
459,756,Brooklyn Summer Ale,English Pale Mild Ale,61.03358707431785,0.045,nan,437,Brooklyn Brewery,Brooklyn,NY
460,566,East In$dia Pale Ale??,English India Pale Ale (IPA),12,0.068,47,437,Brooklyn Brewery,Brooklyn,NY
461,328,Brooklyn Summer Ale (2011),English Pale Mild Ale,12,0.045,nan,437,Brooklyn Brewery,Brooklyn,NY
462,350.75318321345264,Brooklyn Lager (16 oz.),American Amber / Red Lager,16,0.052,nan,437,Brooklyn Brewery,Brooklyn,NY
463,65,Brooklyn Lager (12 oz.),American Amber / Red Lager,12,0.052,nan,437,Brooklyn Brewery,Brooklyn,NY
464,538,Tour de Nez Belgian IPA (Current),Belgian IPA,16,0.08,nan,530,Buckbean Brewing Company,Reno,NV
465,504,Roler Bock (Current),Maibock / H#elles B%ock,16,nan,nan,530,Buckbean Brewing Company,Reno,NV
466,383,Black Adder IBA (Current),American Black Ale,16,0.073,85,530,Buckbean Brewing Company,Reno,NV
467,29,Very Noddy Lager (Current),Schwarzbier,16,0.099,nan,530,Buckbean Brewing Company,Reno,NV
468,28,Tule Duck Red Ale (Current),American Amber / Red Ale,16,0.062,42,530,Buckbean Brewing Company,Reno,NV
469,128.24419858357058,Original Orange Blossom Ale (Current),Herbed / Spiced Beer,16,0.3086525793048902,35,1844.4054894904564,Buckbean Brewing Company,Reno,NV
470,26,Black Noddy Lager (Current),Schwarzbier,16,0.052,40,530,Buckbean Brewing Company,Reno,NV
471,5455.010136993925,Cleveland Beer Week 2013,Munich Helles Lager,16,0.053,nan,357,Buckeye Brewing,Cleveland,OH
472,2552,Painted Turtle,American Pale Ale (APA),12,0.045,nan,56,BuckleDown %Brewing,Ly#on$s,IL
473,10452.217531507347,1836,American Blonde Ale,12,0.2994157352993282,189.69211083048847,214,Buffalo Bayo#u Brewing Company,Houston,TX
474,2124,Summer's Wit,Witbier,12,0.06,20,1005.3619251875474,Buffalo Bayou Brewing Company,Houston,TX
475,2123,More Cowbell,American Double / Imperial IPA,16,0.09,653.8914323846953,214,Buffalo Bayo#u Brewing Company,Houston,TX
476,2608,W@@rath of Pele,American Brown Ale,16,0.065,nan,24,Burn 'Em Brewing,Michigan City,IN
477,2607,Black Beer'd,American Black Ale,16,0.068,nan,24,Burn 'Em Brewing,Michigan City,IN
478,12456.5695503006,Mr. Tea,Fruit / Vegetable Beer,24,0.078,nan,24,Burn 'Em Brewing,Michigan City,IN
479,2478,Pale Alement??,American Pale Ale (APA),12,0.055,40,24,Burn 'Em Brewing,Michigan City,IN
480,2471,Hopkick Dropkick,American Double / Imperial IPA,12,0.099,115,92.37991400962932,Burn 'Em Brewing,Michigan City,??I??N
481,2470,Kreamed Corn,Cream Ale,12,0.06,nan,24,Burn 'Em Brewing,Michigan City,IN
482,2464,Cocon??oat%s,American Pale Wheat Ale,16,0.065,nan,24,Burn 'Em Brewing,Michigan City,IN
483,2160,Joey Wheat,American Pale Wheat Ale,16,0.068,16,24,Burn 'Em Brewing,Michigan City,IN
484,2158,3:33 Black IPA,America#n% IPA,16,0.072,86,24,Burn 'Em Brewing,Michigan City,IN
485,2072,MCA,American IPA,16,0.068,nan,24,Burn 'Em Brewing,Michigan City,IN
486,2054,Pale Alement,American Pale Ale (APA),92.02115380809488,0.055,40,24,Burn 'Em Brewing,Michigan City,IN
487,2196,Couc#h Select Lager,American Pale Lager,12,0.05,75.9862183500127,975.441720191312,Burnside Brewing Co.,Portlan??d,OR
488,3531.070796353639,Mucho Aloha Hawaiian Pale Ale,American Pale Ale (APA),45.92349829228913,0.056,36,517,Butcher's Brewing,Carlsbad,CA%
489,52,Heinnieweisse Weissebier,Hefeweizen,12,0.049,nan,556,Butternuts Beer and Ale,Garrattsville,NY
490,51,Snapper??head$ IPA,American IPA,12,0.2437077208122696,nan,556,Butternuts Beer and Ale,Garrattsville,NY
491,50,Moo Thunder Stout,Milk / Sweet Stout,64.18190548071317,0.049,nan,556,Butternuts Beer and Ale,Garrattsville,NY
492,49,Porkslap Pale Ale,American Pale Ale (APA),12,0.043,nan,556,Butternuts Beer and Ale,Garrattsville,NY
493,2657,Blackbeard,American Double / Imperial Stout,12,0.093,nan,5,COAST Brewing Company,Charleston,SC
494,2656,Rye Knot,American Brown Ale,38.39682477276932,0.2145238697245598,nan,5,COAST Brewing Company,Charleston,SC
495,2655,Dead Arm,American Pale Ale (APA),12,0.06,nan,5,COAST Brewing Company,Charleston,SC
496,9091.592874530834,32°/50° Kölsch,Kölsch,16,0.048,nan,5,COAST Brewing Company,Charleston,SC
497,2653,HopArt,American IPA,16,0.077,nan,5,COAST Brewing Company,Charleston,SC
498,2652,Boy King,American Double / Imperial IPA,16,0.097,nan,5,COAST Brewing Company,Charleston,SC
499,2252,Gran Sport,American Porter,16,0.2492537806816516,nan,182,COOP Ale Works,Oklahoma City,OK
500,2214,Horny Toad Cerveza,American Blonde Ale,16,0.053,25,182,COOP Ale Works,Oklahoma City,OK
501,2213,Native Amber,American Amber / Red Ale,16,0.063,35,792.9118618761581,COOP Ale Works,Oklahoma City,OK
502,1442,F5 IPA,American IPA,16,0.068,100,182,COOP Ale Works,Oklahoma City,OK
503,170,Native Amber (2013),American Amber / Red Ale,16,0.063,35,182,COOP Ale Works,Oklahoma City,OK
504,169,Horny Toad Cerveza (2013),American Blonde #Ale,16,0.053,136.6799156498489,182,COOP Ale Works,Oklahoma City,OK
505,12753.743919640545,Hopportunity Knocks IPA,American IPA,12,0.068,100,155,Caldera Brewing Company,Ashland,OR
506,1808,Pilot Rock Porter,American Porter,12,0.2458665042673019,nan,155,Caldera Brewing Company,Ashland,OR
507,1419,Caldera Pale Ale,American Pale Ale (APA),12,0.056,55,155,Caldera Brewing Company,Ashland,OR
508,878,Lawnmower Lager,American Adjunct Lager,12,0.2053378372277315,16,155,Caldera Brewing Company,Ashland,OR
509,794,Ashland Amber Ale (2009),American Amber / Red Ale,12,0.1816291050370405,24,155,Caldera Brewing Company,Ashland,OR
510,793,Caldera IPA (2009),American IPA,12,0.061,94,155,Caldera Brewing Company,Ashland,OR
511,792,Caldera IPA (2007),American IPA,12,0.061,316.3328723600132,155,Caldera Brewing Company,Ashland,OR
512,791,Caldera Pale Ale (2010),American Pale Ale (APA),12,0.056,55,155,Caldera Brewing Company,Ashland,OR
513,790,Caldera Pale Ale (2009),American Pale Ale (APA),12,0.056,55,155,Caldera Brewing Company,Ashland,OR
514,789,Caldera Pale Ale (2005),American Pale Ale (APA),12,0.056,55,155,Caldera Brewing Company,Ashland,OR
515,3239.630470709272,Caldera Pale Ale (2007),American Pale Ale (APA),63.979397497390984,0.056,55,155,Caldera Brewing Company,Ashland,OR
516,38,Caldera Pale Ale (2011),American Pale Ale (APA),12,0.056,261.1211034647954,155,Caldera Brewing Company,Ashland,OR
517,37,Ashland Amber Ale,American Amber / Red Ale,12,0.054,24,155,Caldera Brewing Company,Ashland,OR
518,36,Caldera IPA,American IPA,12,0.061,94,155,Caldera Brewing Company,Ashland,OR
519,2257,Remain in Light,American% Pilsn%er,12,0.05,nan,178,Cambridge Brewing Company,Cambridge,MA
520,2256,Flower Child (2014),American I%P??A,12,0.065,nan,178,Cambridge Brewing Company,Cambridge,MA
521,870,THP White (2006),Witbier,12,nan,nan,497,Cans Bar and Canteen,Charlotte,NC
522,869,THP Amber (2006),American Amber / Red Ale,12,nan,nan,497,Cans Bar and Canteen,Charlotte,NC
523,868,THP Light (2006),American Blonde Ale,12,nan,nan,497,Cans Bar and Canteen,Charlotte,NC
524,867,THP Dark (2006),English Dark Mild Ale,12,nan,nan,497,Cans Bar and Canteen,Charlotte,NC
525,11574.569223822404,Imperial Pumpkin Stout,Pumpkin Ale,16,0.3385326396032001,43,230,Cape Ann Brewing Company,Gloucester,MA
526,2067,Dead-Eye DIPA,American Double / Imperial IPA,16,0.09,130,897.2569771291296,Cape Ann Brewing Company,Gloucester,MA
527,8957.453107715975,Fisherman's IPA,American IPA,12,0.055,64,230,Cape Ann Brewing Company,Gloucester,MA
528,2065,Fisherman's Pils,German Pilsener,46.98399820429691,0.054,35,230,Cape Ann Brewing Company,Gloucester,MA
529,2064,Fisherman's Brew,American Amber / Red Ale,12,0.055,30,230,Cape Ann Brewing Company,Gloucester,MA
530,1928,Cape Cod Red,American Am#ber / Red Ale%,16,0.055,183.89101456465812,267,Cape Cod Beer,Hyannis,MA
531,1927,Beach Blonde,American Blonde Ale,16,0.049,10,1515.5873446242545,Cape Cod ??Bee$r,Hyann#is,MA
532,10533.463266755887,Dark Voyage Black IPA (201??3),Am??erican Black Ale,12,0.065,80,192,Capital Brewery,Middleton,WI
533,2226,Wisconsin Amber,Vienna Lager,41.766804364976856,0.052,28,192,Capital Brewery,Middleton,WI
534,2225,Lake House,Munich Helles Lager,12,0.046,18,192,Capital Brewery,Middleton,WI
535,1954,Ghost Ship White IPA,American IPA,12,0.056,177.9261494279467,192,Capital Brewery,Middleton,WI
536,1910,Lake House,Munich Helles Lager,16,0.170694992610719,18,192,Capital Brewery,Middleton,WI
537,1177,Mutiny IPA,American IPA,12,0.2637909447080883,70,192,Capital Brewery,Middleton,WI
538,840,Wisconsin Amber (1998),Vienna Lager,12,0.052,nan,1084.5988956059243,Capital Brewery,Middleton,WI
539,180,Island Wheat,American Pale Wheat Ale,49.26181120328176,0.042,nan,192,Capital Brewery,Middleton,WI
540,63,Wisconsin Amber (2013),Vienna Lager,12,0.052,nan,192,Capital Brewery,Middleton,WI
541,62,U.S. Pale Ale,American Pale Ale (APA),12,0.05,nan,192,Capital Brewery,Middleton,WI
542,61,Supper Club Lager,American Pale Lager,12,nan,nan,192,Capital Brewery,Middleton,WI
543,784,Carolina Lighthouse (2007),American Blonde Ale,49.912628591794785,0.1477877885904857,nan,504,Carolina Beer & Beverage,Mooresville,NC
544,783,Carolina Blonde (2006),American Blonde Ale,12,0.05,nan,504,Carolina Beer & Beverage,Mooresville,NC
545,2414.9370043348786,Carolina Blonde Light (2005),American Blonde A$l??e,12,0.035,nan,504,Carolina Beer & Beverage,Mooresville,NC
546,2255,Santa's Secret,Winter Warmer,16,0.059,22,179,Carolina Brewery,Pittsboro,NC
547,530,Flagship IPA,Englis%h India Pale Ale$ (IPA),12,0.057,nan,179,Carolina Brewery,Pittsboro,NC
548,2284.719836191267,Sky Blue Golden Ale,Kölsch,12,0.051,nan,179,Carolina Brewery,Pittsboro,NC
549,2094,Epitome,American Black Ale,16,0.099,100,222,Carton Brewing Company,Atlantic Highlands,NJ
550,1941,Monkey Chased the Weasel,Berliner Weissbier,16,0.039,9,222,Carton Brewing Company,Atlantic Highlands,NJ
551,1940,077XX,American Double / Imperial IPA,74.08400121687603,0.078,80,222,Carton Brewing Company,Atlantic Highlands,NJ
552,1439,Boat Beer,American IPA,12,0.042,35,222,Carton Brewing Company,Atlantic Highlands,NJ
553,1465,Granny Smith Hard Apple Cider,Cider,16,0.069,nan,404,Cascadia Ciderworks United,Portland,OR
554,1464,Dry Hard Apple Cider,Cider,16,0.069,nan,404,Cascadia Ciderworks United,Portland,OR
555,1744,Farmer Ted's Cream Ale,Cream Ale,12,0.056,nan,331,Catawba Brewing Company,Morganton,NC
556,1743,Firewater India Pale Ale,American IPA,12,0.052,nan,331,Catawba Brewing Company,Morganton,NC
557,1742,White Zombie Ale,Witbier,12,0.047,nan,331,Catawba Brewing Company,Morganton,NC
558,1719,King Winterbolt Winter Ale,Winter Warmer,12,0.07,nan,331,Catawba Brewing Company,Morganton,NC
559,638,White Zombie Ale,Witbier,12,0.1936982520181614,nan,331,Catawba Brewing Company,Morganton,NC
560,507,Firewater India Pale Ale,American IPA,12,0.052,nan,331,Catawba Brewing Company,Morganton,NC
561,480,Farmer Ted's Farmhouse Cream Ale,Cream Ale,12,0.056,nan,331,Catawba Brewing Company,Morganton,NC
562,1882,Whitecap Wit,Witbier,16,0.048,16,285,Catawba Island Brewing,Port Clinton,OH
563,1881,Seiche Scottish Ale,Scottish Ale,54.89663687109419,0.078,16,285,Catawba Island Brewing,Port Clinton,OH
564,2446,Peanut Butter Jelly Time,American Brown Ale,12,0.058,nan,96,Catawba Valley Brewing Company,Morganton,N$C
565,11846.786996997953,King Coconut,American Porter,12,0.054,nan,96,Catawba Valley Brewing Company,Morganton,N$C
566,12152.194109921043,Gone A-Rye,American Double / Imperial IPA,16,0.085,90,29,Cedar Creek Brewery,Seven Points,TX
567,2210,Special Release,nan,16,nan,nan,99.55878316772022,Cedar Creek Brewery,Seven Points,@@@@TX
568,2052,Dankosaurus,American IPA,16,0.068,70,29,Cedar Creek Brewery,Seven Points,TX
569,6426.741639852007,Scruffy's Smoked Alt,Smoked Beer,16,0.051,35,29,Cedar Creek Brewery,Seven Points,TX
570,1182,Elliott's Phoned Home Pale Ale,American Pale Ale (APA),93.36390652430086,0.051,36,99.53319376767524,Cedar Creek Brewery,Seven Points,TX
571,1050,The Lawn Ranger,Cream Ale,16,0.05,18,29,Cedar Creek Brewery,Seven Points,TX
572,1219,All American Blonde Ale,American Blonde Ale,12,0.05,nan,452,Centennial Beer Company,Edwards,CO
573,1218,All American Red Ale,American Amber / Red Ale,49.08144827386653,0.05,nan,452,Centennial Beer Company,Edwards,CO
574,2377,Main St. Virginia Ale,Altbier,12,0.05,40,672.8476712311784,Center of the Universe Brewing C...,Ashland,VA
575,1839,Chin Music Amber Lager,American Amber / Red Lager,55.96010930024923,0.045,24,122,Center of the Universe Brewing C...,Ashland,VA
576,1248,Main St. Virginia Ale,Altbier,45.097949523065985,0.05,40,122,Center of the Universe Brewing C...,Ashland,VA
577,1247,Ray Ray’s Pale Ale,American Pale Ale (APA),12,0.1761527746321411,42,122,Center of the Universe Brewing C...,Ashland,VA
578,1649,Chai Ale,Herbed / Spiced Beer,16,0.2462656276173553,15,350,Central Coast Brewing Company,San Luis Obispo,CA
579,1648,Lucky Day IPA,American IPA,16,0.072,85,350,Central Coast Brewing Company,San Luis Obispo,CA
580,1647,Terrace Hill Double IPA,American Double / Imperial IPA,16,0.095,99,350,Central Coast Brewing Company,San Luis Obispo,CA
581,1646,Catch 23,American Black Ale,16,0.075,77,350,Central Coast Brewing Company,San Luis Obispo,CA
582,2057,Stickin' In My Rye,Rye Beer,24,0.07,nan,236,Champion Brewing Company,Charlottesville,VA
583,2056,Black Me Stout,American Stout,12,0.06,45,236,Champion Brewing Company,Charlottesville,VA
584,2055,Killer Kolsch,Kölsch,12,0.05,22,236,Champion Brewing Company,Charlottesville,VA
585,1933,Missile IPA,American IPA,48.78614589539435,0.07,65,236,Champion Brewing Company,Charlottesville,VA
586,2019,E#nlight%en,Kölsch,16,0.045,nan,250,Chapman's Brewing,Angola,IN
587,2018,Ale Cider,Fruit / Vegetable Beer,16,0.065,8,250,Chapman's Brewing,Angola,IN
588,2017,Pai$l Al@@e,American Pale Ale (APA),60.19713166750208,0.055,30,250,Chapman's Brewing,Angola,IN
589,2016,Englishman,English Brown Ale,16,0.045,nan,980.6867450756607,Chapman's Brewing,Angola,IN
590,2080,8 Barrel,American Strong Ale,16,0.08,69,226,Chatham Brewing,Chatham,NY
591,2079,Oktoberfest,Märzen / Oktoberfest,16,0.2758101865897655,40,1012.5553982492445,Chatham Brewing,Chatham,NY
592,2380,IPA #11%,American IPA,16,0.057,58,121,Cheboygan Brewing Company,Cheboygan,MI
593,9795.840656625296,Blood Orange Honey,Fruit / Vegetable Beer,16,0.057,10,121,Cheboygan Brewing Company,Cheboygan,MI
594,2354,Lighthouse Amber,Altbier,16,0.2203315187114598,nan,121,Cheboygan Brewing Company,Cheboygan,MI
595,2440,Bay of Bengal Double IPA (2014),American Double / Imperial IPA,12,0.089,126,99,Christian Moerlein Brewing Company,Cincinna@@t??i,OH
596,567,Churchkey Pilsner Style Beer,American Pilsner,12,0.049,29,526,Churchkey Can Company,Seattle,WA
597,1342,First Press,Cider,12,0.05,nan,1789.685207263901,Ciderboys,Stevens Point,WI
598,1341,Magic Apple,Cider,12,0.05,nan,425,Ciderboys,Stevens Point,WI
599,2349,Cub#ano Esp??resso,Bock,12,0.055,25,141,Cigar City Brewing Company,Tampa,FL
600,2014,Operation Homefront,American IPA,12,0.062,65,141,Cigar City Brewing Company,Tampa,FL
601,2013,Wandering Pelican,American Black Ale,12,0.082,65,141,Cigar City Brewing Company,Tampa,FL
602,9249.950208320854,Sugar Plum,American Brown Ale,12,0.055,nan,141,Cigar City Brewing Company,Tampa,FL
603,2011,Oktoberfest,Märzen / Oktoberfest,12,0.055,nan,141,Cigar City Brewing Company,Tampa,FL
604,2010,Puppy's Breath Porter,American Porter,12,0.06,nan,141,Cigar City Brewing Company,Tampa,FL
605,2009,Happening Now,American IPA,12,0.045,nan,141,Cigar City Brewing Company,Tampa,FL
606,1726,Hopped on the High Seas (Hop #529),American IPA,36.17749770508197,0.07,60,141,Cigar City Brewing Company,Tampa,FL
607,1725,Hopped on the H@@igh Seas $(Calypso),American IPA,12,0.07,60,141,Cigar City Brewing Company,Tampa,FL
608,1695,Wiregrass Post-Prohibition Ale,American Pale Ale (APA),12,0.063,nan,141,Cigar City Brewing Company,Tampa,FL
609,1694,Dry-Hopped On The High Seas Caribbean-Style IPA,American IPA,12,0.07,60,141,Cigar City Brewing Company,Tampa,FL
610,1693,Hopped on the High Seas (Citra),American IPA,12,0.07,60,141,Cigar City Brewing Company,Tampa,FL
611,1692,Hopped on the High Seas (Ahtanum),American IPA,12,0.07,60,141,Cigar City Brewing Company,Tampa,FL
612,1369,Gw%ar Beer,American Pale Ale (APA),12,0.055,nan,141,Cigar City Brewing Company,Tampa,FL
613,1243,Tropical Heatwave,American Pale Wheat Ale,16,0.2420416806627795,nan,141,Cigar City Brewing Company,Tampa,FL
614,1142,Humidor Series India Pale Ale,American IPA,12,0.075,70,141,Cigar City Brewing Company,Tampa,FL
615,1141,Jai Alai IPA Aged on White Oak,American IPA,12,0.075,70,141,Cigar City Brewing Company,Tampa,FL
616,1140,José Martí American Porter,American Porter,12,0.08,65,141,Cigar City Brewing Company,Tampa,FL
617,1139,Invasion Pale Ale,American Pale Ale (APA),12,0.05,nan,141,Cigar City Brewing Company,Tampa,FL
618,1138,Maduro Brown Ale,English Brown Ale,12,0.055,25,748.4483970988334,Cigar City Brewing Company,Tampa,FL
619,571,Maduro Brown Ale,American Brown Ale,12,0.055,25,141,Cigar City Brewing Company,Tampa,FL
620,570,Hotter Than Helles Lager,Munich Helles Lager,71.6601969781542,0.05,nan,141,Cigar City Brewing Company,Tampa,FL
621,569,Tocobaga #Red Ale,American Amber / Red Ale,12,0.072,75,141,Cigar City Brewing Company,Tampa,FL
622,546,Jai Alai IP$A,American IPA,12,0.075,70,606.0376572032679,Cigar City Brewing Company,Tampa,FL
623,545,Florida Cracker Belgian Wit,Witbier,12,0.05,18,141,Cigar City Brewing Company,Tampa,FL
624,2338,Shark Tracker Light lager,Light Lager,12,0.048,nan,145,Cisco Brewers,Nantucket,MA
625,1365,Pumple Drumkin,Pumpkin Ale,12,0.06,nan,145,Cisco Brewers,Nantucket,MA
626,1094,Grey Lady,$Witbier,12,0.045,nan,145,Cisco Brewers,Nantucket,MA
627,3259.12294515221,Summer of Lager,Munich Helles Lager,12,0.062,nan,145,Cisco Brewers,Nantucket,MA
628,656,Indie Pale Ale,American IPA,12,0.065,nan,145,Cisco Brewers,Nantucket,MA
629,359,Sankaty Light Lager,Light Lager,12,0.038,nan,145,Cisco Brewers,Nantucket,MA
630,182.41803301778504,Whale's Tale Pale Ale,English Pale Ale,12,0.056,nan,145,Cisco Brewers,Nantucket,MA
631,1772,Jacaranada Rye IPA,Am@@erican IPA,16,0.067,60,320,Claremont Craft Ales,Claremont,CA
632,1393,Cascadian Dark Ale,American Black Ale,12,0.06,75,418,Coalition Brewing Company,Portland,OR
633,893,Wheat the People,American Pale Wheat Ale,16,0.044,13,418,Coalition Brewing Company,Portland,OR
634,1407,Tybee Island @@Blonde,American Blonde Ale,12,0.047,17,415,Coastal Empire Beer Company,Savannah,GA
635,1406,Savannah Brown Ale,American Brown Ale,12,0.062,55,1788.0995200574105,Coastal Empire Beer Company,Savannah,GA
636,2438,Rhode Island Blueberry,Kölsch,12,0.046,11,101,Coastal Extreme Brewing Company,Newport,RI
637,13610.107216803426,Newport Storm IPA,American IPA,12,0.065,75,101,Coastal Extreme Brewing Company,Newport,RI
638,751,Hurricane Amber Ale (2004),American Amber / Red Ale,12,0.1599372866667114,24,101,Coastal Extreme Brewing Company,Newport,RI
639,120,Hurricane Amber Ale,American Amber / Red Ale,12,0.052,24,101,Coastal Extreme Brewing Company,Newport,RI
640,2061,Big Blue Van,Fruit / Vegetable Beer,16,0.058,nan,232,College Street Brewhouse and Pub,Lake Havasu City,AZ$
641,970,Des Moines IPA,American IPA,16,0.3542639004191156,75,482,Confluence Brewing Company,Des Moines,IA
642,969,C@@apital Gold?? Golden Lager,German Pilsener,16,0.048,22,482,Confluence Brewing Company,Des Moines,IA
643,4711.699141068988,Farmer John's Multi-Grain Ale,American Blonde Ale,16,0.056,21,482,Confluence Brewing Company,Des Moines,IA
644,2351,Behemoth,American Pilsner,12,0.05,nan,139,Core Brewing & Distilling Company,Springdale,AR
645,1650,Arkansas Red,American Amber / Red Ale,12,0.052,nan,139,Core Brewing & Distilling Company,Springdale,AR
646,5672.864031757626,Core Oatmeal S??$tout,Oatmeal Stout,12,0.2790027786410945,nan,139,Core Brewing & Distilling Company,Springdale,AR
647,1336,Core ESB,Extra Special / Strong Bitter (%ESB),12,0.061,nan,815.246791099784,Core Brewing & Distilling Company,Springdale,AR
648,737,Chester's Beer (2005),American Pale Lager,12,0.038,nan,512,Cottrell Brewing,Pawcatuck,CT
649,129,Heiner Brau Kölsch,Kölsch,53.92247720370852,0.05,nan,553,Covington Brewhouse,Covington,LA
650,716,Trigger Blonde Ale,American Blonde Ale,16,0.048,nan,515,Crabtree Brewing Company,Greeley,CO
651,659,Crabtree Oatm%eal Stou??t,Oatmeal Stout,16,0.075,29,515,Crabtree Brewing Company,Greeley,CO
652,556,Eclipse Black IPA,American Black Ale,16,0.077,71,2121.387970590036,Crabtree Brewing %Company,Gr$eele??y,CO
653,2538,Neomexicanus Native,American Pale Ale (APA),12,0.06,46,63,Crazy Mountain Brewing Company,Edwards,CO
654,2355,Old Soul,Belgian Strong Pale Ale,12,0.075,25,63,Crazy Mountain Brewing Company,Edwards,CO
655,8504.439722883237,Snowcat Coffee Stout,American Stout,12,0.059,nan,63,Crazy Mountain Brewing Company,Edwards,CO
656,1163,WinterWonderGrass Festival Ale,American Amber / Red Ale,12,nan,nan,63,Crazy Mountain Brewing Company,Edwards,CO
657,940,Boohai Red Ale,American Amber / Red Ale,12,nan,nan,63,Crazy Mountain Brewing Company,Edwards,CO
658,685,Lava Lake Wit,Witbier,12,0.052,15,246.86414981538977,Crazy Mountain Brewing Company,Edwards,CO
659,613,Mountain Livin' Pale Ale,American Pale Ale (APA),12,0.06,nan,63,Crazy Mountain Brewing Company,Edwards,CO
660,356,Crazy Mountain Amber Ale,American Amber / Red Ale,56.86007048837522,0.052,25,63,Crazy Mountain Brewing Company,Edwards,CO
661,2029,Tropicalia,American IPA,12,0.065,65,247,Creature Comforts,Athens,GA
662,2028,Athena,Berliner Weissbier,48.30872565070053,0.1451790764198864,nan,247,Creature Comforts,Athens,GA
663,2293,Aviator Raspberry Blonde,American Blonde $Ale,12,0.049,25,169,Crooked Fence Brewing Company,Garden City,ID
664,1105,3 Picket Porter,American Porter,12,0.055,nan,169,Crooked Fence Brewing Company,Garden City,ID
665,1104,Rusty Nail Pale Ale,American Pale Ale (APA),12,0.056,nan,169,Crooked Fence Brewing Company,Garden City,ID
666,2145,Red Water Irish Style Red,American Amb%er / Red Ale,12,0.065,nan,212,Crow Peak Brewing Company,Spearfish,SD
667,1804,Mjöllnir,Herbed / Spiced Beer,12,0.066,nan,212,Crow Peak Brewing Company,Spearfish,SD
668,1602,Bear Butte Nut Brown Ale,American Brown Ale,12,0.055,nan,212,Crow Peak Brewing Company,Spearfish,SD
669,1301,Easy Livin' Summer Ale,American Blon??de Ale@@,12,0.045,nan,212,Crow Peak Brewing Company,Spearfish,SD
670,542,Canyon Cream Ale,Cream Ale,12,0.055,nan,212,Crow Peak Brewing Company,Spearfish,SD
671,272,Pile O'Dirt Porter,American Porter,12,0.069,nan,212,Crow Peak Brewing Company,Spearfish,SD
672,271,11th Hour IPA,American IPA,12,0.06,nan,212,Crow Peak Brewing Company,Spearfish,SD
673,5042.638848802048,South Ridge Amber Ale,American Amber / Red Ale,16,0.06,166.9920550257049,472,Crystal Springs Brewing Company,Boulde@@r%,CO
674,681,??Summertime Ale,Kölsch??$,16,0.052,23,472,Crystal Springs Brewing Company,Boulde@@r%,CO
675,1789,Lost River Blonde Ale,American #Blonde Ale%,16,0.049,nan,315,Cutters Brewing Company,Avon,IN
676,1788,Monon Wheat,Witbier,16,0.054,nan,1578.2097411126936,Cutters Brewing Company,Avon,IN
677,1787,Floyd's Folly,$Scottish?? Ale,16,0.08,nan,315,Cutters Brewing Company,Avon,IN
678,1786,Half Court IPA,American IPA,16,0.063,nan,315,Cutters Brewing Company,Avon,IN
679,1763,Geary's Pale Ale,English Pale Ale,12,0.045,nan,323,D.L. Geary Brewing Company,Portland,ME
680,1311,Gea??ry's @@Summer Ale,Kölsch,12,0.06,nan,323,D.L. Geary Brewing Company,Portland,ME
681,9915.798954287462,Stone of Arbroath,Scotch Ale / Wee Heavy,12,0.08,nan,227,DC Brau Brewing Company,Washington,DC
682,1809,The Tradition,American Blonde Ale,12,0.05,15,227,DC Brau Brewing Company,Washington,DC
683,1263,El Hefe Speaks,Hefeweizen,12,0.053,11,227,DC Brau Brewing Company,Washington,DC
684,1092,Pen#n Quarter Por@@ter,American Porter,59.166108668001705,0.055,nan,227,DC Brau Brewing Company,Washington,DC
685,851,On the Wings of Armageddon,American Double / Imperial IPA,12,0.092,115,227,DC Brau Brewing Company,Washington,DC
686,655.6643122206688,The Corruptio??n,American IPA,12,0.065,80,227,DC Brau Brewing Company,Washington,DC
687,185,The Citizen,Belgian Pale Ale,12,0.07,nan,227,DC Brau Brewing Company,Washington,DC
688,184,The Public,American Pale Ale (APA),12,0.06,nan,227,DC Brau Brewing Company,Washington,DC
689,1224,Dank IPA,American IPA,16,0.065,nan,451,Dad & Dude's Breweria,Aurora,CO
690,964,Dank IPA (2012),American IPA,16,0.065,nan,451,Dad & Dude's Breweria,Aurora,CO
691,1623,Lift Off IPA,American IPA,16,0.072,nan,358,Daredevil Brewing Company,Shelbyville,IN
692,110,BrewFarm Select Golden Lager,American Pale Lage$r,12,0.055,nan,554,Dave's #Brewfa%rm,Wilson,??WI
693,1735,Sprocket Blon$de$ Ale (2006),American Blonde Ale,12,0.05,nan,333,David's Ale Works,Diamond Springs,CA
694,1734,Sprocket Pale Ale (2006),American Pale Ale (APA),12,0.05,nan,333,David's Ale Works,Diamond Springs,CA
695,1746,Dead Armadillo Amber Ale,American Amber / Red Ale,12,0.063,37,330,Dead Armadillo Craft Brewing,Tulsa,OK
696,2371,Neato Bandito,Eu%ro Pale Lager,12,0.06,nan,127,Deep Ellum Brewing Company,Dallas,TX
697,2251,Oak Cliff Coffee Ale,American Brown Ale,12,0.075,33,127,Deep Ellum Brewing Company,Dallas,TX
698,2166,Dream Crusher Double IPA,American Double / Imperial IPA,12,0.085,100,127,Deep Ellum Brewing Company,Dallas,TX
699,1827,Deep Ellum Pale Ale,American Pale Ale (APA),12,0.06,nan,127,Deep Ellum Brewing Company,Dallas,TX
700,1203,Double Brown Stout,Baltic Porter,12,0.07,nan,127,Deep Ellum Brewing Company,Dallas,TX
701,1202,Farmhouse Wit,Saison / Farmhouse Ale,16,0.048,113.55116913206189,127,Deep Ellum Brewing Company,Dallas,TX
702,1161,Rye Pils Session Lager,German Pilsener,60.745810557781176,0.1934374310095006,nan,127,Deep Ellum Brewing Company,Dallas,TX
703,946,Dallas Blonde,American Blonde Ale,12,0.052,23,127,Deep Ellum Brewing Company,Dallas,TX
704,943,Deep Ellum IPA,American IPA,69.42104245209919,0.07,70,127,Deep Ellum Brewing Company,Dallas,TX
705,1886,Thrasher Session India Pale Ale,American IPA,12,0.045,44,283,Defiance Brewing Company,Hays,KS
706,1885,Gutch English Style Mild Ale,English Pale Mild Ale,12,0.05,73.56240720514302,283,Defiance Brewing Company,Hays,KS
707,1213,Chuli Stout,Irish Dry Stout,12,0.059,55,453,Denali Brewing Company,Talkeetna,AK
708,1159,Mother Ale,American Blonde Ale,12,0.056,46,453,Denali Brewing Company,Talkeetna,AK
709,947,Twister Creek India Pale Ale,American IPA,12,0.065,71,453,Denali Brewing Company,Talkeetna,AK
710,2813.7801879741614,Single Engine Red,Irish Red Ale,12,0.058,46,453,Denali Brewing Company,Talkeetna,AK
711,1944,Incredible Pedal IPA,American IPA,12,0.07,nan,263,Denver Beer Company,Denver,CO
712,1943,Graham Cracker Porter,American Porter,12,0.1774695427610785,nan,1406.7739515675999,Denver Beer Company,Denver,CO
713,6533.523611425637,Mirror Po$nd Pale Ale#,American Pale Ale (APA),12,0.05,40,454,Deschutes Brewery,Bend,OR
714,2550,Weissenheimer,Hefeweizen,54.30784806922383,0.052,16,57,Destihl Brewery,Bloomington,IL
715,2505,Abbey's Single (2015- ),Abbey Single Ale,12,0.049,22,57,Destihl Brewery,Bloomington,IL
716,2025,Vertex IPA,American IPA,12,0.063,76,57,Destihl Brewery,Bloomington,IL
717,2021,Here Gose Nothin',Gose,12,0.05,12,57,Destihl Brewery,Bloomington,IL
718,2015,Strawberry Blonde,Fruit / Vegetable Beer,48.89301469356314,0.05,nan,57,Destihl Brewery,Bloomington,IL
719,1888,Hoperation Overload,American Double / Imperial IPA,12,0.096,85,273.1031651252498,Destihl Brewery,Bloom#i@@ngton,IL
720,1887,Abbey's Single Ale (Current),Abbey Single Ale,12,0.049,22,57,Destihl Brewery,Bloomington,IL
721,2051,Bravo Four Point,American Pale Ale (APA),12,0.044,45,237,Devil's Backbone Brewing Company,Lexington,VA
722,1201,Striped Bass Pale Ale,American Pale Ale (APA),12,0.1728466166633074,26,237,Devil's Backbone Brewing Company,Lexington,VA
723,924,Deadicated Amber,American Amber / Red Ale,16,0.1644508203094586,127.23194658589615,491,Devil's Canyon Brewery,Belmont,CA
724,731,Kaleidoscope Collaboration 2012,American Black Ale,16,nan,nan,491,Devil's Canyon Brewery,Belmont,CA
725,730,California Sunshine Rye IPA,Amer#ican IPA,16,0.071,488.63104780766446,491,Devil's Canyon Brewery,Belmont,CA
726,3347.2798323978404,Full Boar Scotch Ale,Scotch Ale / Wee Heavy,16,0.074,12,491,Devil's Canyon Brewery,Belmont,CA
727,1773,12 Man Pale Ale,American Pale Ale (APA),12,0.045,nan,319,Dick's Brewing Company,Centralia,WA
728,1795,Filthy Hoppin' IPA,American IPA,16,0.065,72,311,Dirty Bucket Brewing @@Company,Woodinville,WA
729,3710.3103405130023,Dock Street Amber Beer (1992),American Amber / Red Ale,12,nan,nan,1708.852316329291,Dock Street Brewery,Philadelphia,PA
730,524,Dolores River Hefeweizen,Hefeweizen,84.5166807872085,nan,nan,531,Dolores River Brewery,Dolores,CO
731,450,Dolores River ESB,Extra Special / Strong Bitter (ESB),91.96432002188858,nan,nan,531,Dolores River Brewery,Dolores,CO
732,449,Snaggletooth Double Pale Ale,American Double / Imperial IPA,16,nan,nan,531,Dolores River Brewery,Dolores,CO
733,448,Dolores River Pale Ale,American Pale Ale (APA),16,nan,nan,531,Dolores River Brewery,Dolores,CO
734,447,Dolores River Dry Stout,Irish Dry Stout,16,nan,nan,531,Dolores River Brewery,Dolores,CO
735,446,Dolores River Mild,English Dark Mild Ale,16,nan,nan,531,Dolores River Brewery,Dolores,CO
736,1246,Cranberry Blend,Cider,12,0.049,nan,446,Downeast Cider House,Leominster,MA
737,977,Orignal Blend,Cider,12,0.051,nan,446,Downeast Cider House,Leominster,MA
738,881,Hop Abomination,American IPA,12,0.066,100,1493.5391631060204,Dry Dock Brewing Company,Aurora,CO
739,880,Apricot Blonde,Fruit / Vegetable Beer,12,0.051,17,496,Dry Dock Brewing Company,Aurora,CO
740,872,Dry Dock Hefeweizen,Hefeweizen,67.96362387553144,0.043,12,496,Dry Dock Brewing Company,Aurora,CO
741,871,Dry Dock Amber Ale,American Amber / Red Ale,12,0.214809042520969,49,496,Dry Dock Brewing Company,Aurora,CO
742,1685,Category 3 IPA,American IPA,12,0.061,375.2645450718676,340,Due South Brewing Compa$ny,Boynton Beach,FL
743,457,Dundee Summer Wheat Beer,American Pale Wheat Ale,66.20540587178891,0.045,18,538,Dundee Brewing Company,Rochester,NY
744,1590,Pumpkin Patch Ale,Pumpkin Ale,16,0.05,nan,369,Eddyline Brewery & Restaurant,Buena Vista,CO
745,7599.8705686071,Crank Yanker IPA,American IPA,16,0.3649828280101117,74,369,Eddyline Brewery & Restaurant,Buena Vista,CO
746,1110,River Runners Pale Ale,Am@@erican% Pale Ale (APA),16,0.06,nan,369,Eddyline Brewery & Restaurant,Buena Vista,CO
747,1014,Pumpkin Patch Ale (2012),Pumpkin Ale,16,0.05,nan,369,Eddyline Brewery & Restaurant,Buena Vista,CO
748,911,Mountain Fair%y Raspberry Wheat,Fruit / Vegetable Beer,16,0.055,nan,369,Eddyline Brewery & Restaurant,Buena Vista,CO
749,3949.823222947647,Boater Beer,German Pilsener,16,0.045,nan,369,Eddyline Brewery & Restaurant,Buena Vista,CO
750,395,Crank Yanker IPA (2011),American IPA,16,0.078,74,369,Eddyline Brewery & Restaurant,Buena Vista,CO
751,1642,Bleeding Buckeye Red Ale,Extra Special / Strong Bitter (ESB),16,0.057,nan,352,Elevator Brewing Company,Columbus,OH
752,673,Dottie Seattle Lager,American Amber / Red Lager,16,0.049,25,516,Emerald City Beer Company,Seattle,WA
753,1107,Nut Sack Imperial Brown Ale,American Brown Ale,12,0.07,nan,465,Engine 15 Brewing,Jacksonville Beach,FL
754,1039,Underac@@hiever,American Adjunct Lager,16,0.05,nan,473,Engine House 9,Tacoma,WA
755,2477,Lil' Brainless Raspberries,Fruit / Vegetable Beer,12,0.052,nan,81,Epic Brewing,Denver,CO
756,2008,Element 29,American Pale Ale (APA),12,0.052,nan,81,Epic Brewing,Denver,CO
757,2004,Hop S??yndrome,American Pale Lager,12,0.05,nan,364.0865761836231,Epic Brewing,Denver,CO
758,2003,Escape to Colorado,American I??$PA,12,0.062,nan,81,Epic Brewing,Denver,CO
759,2292,Little Sister India Style Session Ale,American IPA,12,0.043,60,170,Everybody's Brewing,White Salmon,WA
760,1504,Country Boy IPA,American IPA,12,0.062,80,170,Everybody's Brewing,White Salmon,WA
761,2604,Blonde Czich,American Blonde Ale,16,0.049,23,26,Evil Czech Brewery,Mishawaka,IN
762,2432,White% Reap$er,Belgian IPA,16,0.07,61,26,Evil Czech Brewery,Mishawaka,IN
763,2431,Bo#bblehead,American Pale Wheat Ale,16,0.051,nan,26,Evil Czech Brewery,Mishawaka,IN
764,2430,Lucky Dog,American Pale Ale (APA),16,0.052,nan,26,Evil Czech Brewery,Mishawaka,IN
765,2429,Voodoo,American Porter,16,0.048,nan,26,Evil Czech Brewery,Mishawaka,IN
766,10287.365189256088,General George Patton Pilsner,Czech Pilsener,16,0.054,48,26,Evil Czech Brewery,Mishawaka,IN
767,2283,Nomad@@er Weiss,Berliner Weissbier,12,0.04,nan,173,Evil Twin Brewing,Brooklyn,NY
768,2248,Molotov Lite,American Double / Imperial IPA,72.088318683259,0.085,nan,173,Evil Twin Brewing,Brooklyn,NY
769,1287,Hipster Ale (Two Roads Brewing),American Pale Ale (APA),12,0.055,nan,173,Evil Twin Brewing,Brooklyn,NY
770,1286,Bikini Beer,Ame@@r??ican IPA,12,0.027,nan,173,Evil Twin Brewing,Brooklyn,NY
771,640,Hipster Ale (Westbrook Brewing),American Pale Ale (APA),12,0.055,nan,173,Evil Twin Brewing,Brooklyn,NY
772,1722,Iron Horse Pale Ale,American% Pal%e Ale (APA),12,0.05,32,335,Fargo Brewing Company,Fargo,ND
773,1435,Stone's Throw IPA,Scottish Ale,12,0.045,19,335,Fargo Brewing Company,Fargo,ND
774,1434,Wood Chipper India Pale Ale,American IPA,68.62626266607404,0.067,70,335,Fargo Brewing Company,Fargo,ND
775,2089,Trail Head,American Pale Ale (APA),12,0.063,55,224,Fat Head's Brewery,Middleburg Heights,OH
776,2088,Hop Stalker Fresh Hop IPA,American IPA,16,0.07,80,224,Fat Head's Brewery,Middleburg Heights,OH
777,1455,Sudice American Stout,American Stout,16,0.07,58,405,Fate Brewing Company,Boulder,CO
778,1454,Parcae Belgian @@Style Pale Ale,Belgian Pale Ale,16,0.05,20,405,Fate Brewing Company,Boulder,CO
779,1453,Norns Roggenbier,Roggenbier,16,0.05,20,405,Fate Brewing Company,Boulder,CO
780,6290.87786340405,Laimas Kölsch Style Ale,Kölsch,16,0.05,80.89684654533342,405,Fate Brewing Company,Boulder,CO
781,1451,Moirai India Pale Ale,American IPA,16,0.07,70,405,Fate Brewing Company,Boulder,CO
782,12498.472264432326,Loki Red Ale,American Amber / Red Ale,16,0.075,247.45545519528648,201,Fearless Brewing Company,Estacada,OR
783,1731,Peaches & Cream,Fruit / Vegetable Beer,16,0.046,nan,201,Fearless Brewing Company,Estacada,OR
784,3791.399296903007,Quaff India Style Session Ale,American IPA,50.01416829161573,0.051,nan,201,Fearless Brewing Company,Estacada,OR
785,895,Loki Red Ale (2013),American Amber / Red Ale,16,0.075,53,201,Fearless Brewing Company,Estacada,OR
786,3590.153951182327,Mjolnir Imperial IPA,American Double / Imperial IPA,16,0.2472378790457499,nan,201,Fearless Brewing Company,Estacada,OR
787,112,Fearless Scottish Ale,Scottish Ale,16,0.05,nan,201,Fearless Brewing Company,Estacada,OR
788,2289,Mastermind,American Double / Imperial IPA,12,0.081,nan,172,Fiddlehead Brewing Company,Shelburne,VT
789,2027,Hyzer Flip,American @@Dou$ble / Imperial IPA,16,0.082,nan,172,Fiddlehead Brewing Company,Shelburne,VT
790,1929,Second Fiddle,American Double / Imperial IPA,16,0.082,80,172,Fiddlehead Brewing Company,Shelburne,VT
791,1858,Hodad Porter,American Porter,16,0.055,137.50680346727938,172,Fiddlehead Brewing Company,Shelburne,VT
792,2591,Weiss Weiss Baby,Kristalweizen,12,0.045,nan,36,Figueroa Mountain Brewing Company,Buellton,CA
793,2590,Czech Yo Self,Czech Pilsener,12,0.055,45,36,Figueroa Mountain Brewing Company,Buellton,CA
794,1968,FMB 101,Kölsch,12,0.2472238792754418,20,36,Figueroa Mountain Brewing Company,Buellton,CA
795,1981,Hardcore #Chi$mera,American Double / Imperial IPA,16,0.09,nan,256,Finch's Beer Company,Chicago,IL
796,1664,Sobek & Set,American Black Ale,16,0.08,80,256,Finch's Beer Company,Chicago,IL
797,1663,Nuclear Winter,Belgian Strong Dark Ale,16,0.086,nan,256,Finch's Beer Company,Chicago,IL
798,1662,Wet Hot American Wheat Ale,American Pale Wheat Ale,16,0.05,22,1160.7743464975629,Finch's Beer Company,Chicago,IL
799,941,Secret Stache Stout,Americ@@an Sto@@ut,16,0.053,nan,256,Finch's Beer Company,Chicago,IL
800,935,Fascist Pig Ale,American Amber / Re$d Ale,16,0.08,72,256,Finch's Beer Company,Chicago,IL
801,809,Cut Throat Pale Ale,American Pale Ale (APA),16,0.055,nan,256,Finch's Beer Company,Chicago,IL
802,481,Threadless IPA,American IPA,16,0.075,nan,256,Finch's Beer Company,Chicago,IL
803,351,Cut Throat Pale Ale (2011),American Pale Ale (APA),16,0.055,nan,1446.5424893717343,Finch's Beer Company,Chicago,IL
804,350,Golden Wing Blonde Ale,American Blonde Ale,16,0.2015077065279864,nan,256,Finch's Beer Company,Chicago,IL
805,2569,Easy Jack,American IPA,12,0.045,47,48,Firestone Walker Brewing Company,Paso Robles,CA
806,2463,Union Jack,American IPA,41.48539827222661,0.075,75,48,Firestone Walker Brewing Company,Paso Robles,CA
807,2462,Pivo Pils,Ger#man Pilsener,12,0.053,nan,48,Firestone Walker Brewing Company,Paso Robles,CA
808,1957,805 Blonde Ale,American Blonde Ale,12,0.047,nan,48,Firestone Walker Brewing Company,Paso Robles,CA
809,1733,805,American Blonde Ale,12,0.047,20,175.58421914359127,Firestone Walker Brewing Company,Paso Robles,CA
810,2624,Deflator,Dopp$@@elbock,64.53686078904104,0.065,nan,16,Flat 12 Bierwerks,Indianapolis,IN
811,2284,Hinchtown Hammer Down,@@American Blonde Ale,16,0.05,27,77.04255776307556,Flat 12 Bierwerks,I$ndianapolis,IN
812,1610,Half Cycle IPA,American IPA,77.78988463250505,0.06,104,57.51060161740015,Flat 12 Bierwerks,Indianapolis,IN
813,1949.280501874787,Inclined Plane Ale,American IPA,12,nan,nan,532,Flat Rock Brewing Company,Smithton,PA
814,2554,Moped Traveler,American Pale Ale (APA),70.38453283343048,0.055,nan,54,Flesk Brewing Company,Lombar%d,IL
815,608,Snake Dog IPA,American IPA,70.85722871550426,0.071,60,521,Flying Dog Brewery,Frederick,MD
816,607,Underdog Atlantic Lager,American Pale Lager,12,0.047,28,521,Flying Dog Brewery,Frederick,MD
817,2567,Flying Mouse 8,American Port@@er%,12,0.04,nan,50,Flying Mouse Brewery,Troutville,VA
818,2566,Flying Mouse 4,American IPA,12,0.07,70,50,Flying Mouse Brewery,Troutville,VA
819,1899,La Ferme Urbaine Farmhouse Ale,Saison / Farmhouse Ale,12,0.078,nan,279,Foolproof Brewing Company,Pawtucket,RI
820,983,Backyahd IPA,American IPA,12,0.06,nan,279,Foolproof Brewing Company,Pawtucket,RI
821,982,Raincloud Robust Porter,American Porter,12,0.065,nan,279,Foolproof Brewing Company,Pawtucket,RI
822,981,Barstool American Golden Ale,American Blonde Ale,12,0.045,nan,279,Foolproof Brewing Company,Pawtucket,RI
823,2111,What the Butler Saw,Witbier,59.87079728672975,0.05,18,217,Forgotten Boardwalk,Cherry Hill,NJ
824,2110,1916 Shore Shiver,American IPA,12,0.3302259734021167,65,217,Forgotten Boardwalk,Cherry Hill,NJ
825,2172,Quick WIT,Belgian Pale Ale,12,0.052,nan,206,Fort George Brewery,Astoria,OR
826,2171,The Optimist,American IPA,12,0.3218429476807904,nan,980.1254879443162,Fort George Brewery,Astoria,OR
827,1911,Suicide Squeeze IPA,American IPA,16,0.045,nan,206,Fort George Brewery,Astoria,OR
828,1803,Java the Hop,@@A%merican IPA,16,0.065,nan,206,Fort George Brewery,Astoria,OR
829,7445.007804957612,Next Adventure Black IPA,American Black Ale,16,0.062,nan,206,Fort George Brewery,Astoria,OR
830,1515,3-Way IPA (2013),American IPA,16,0.067,nan,206,Fort George Brewery,Astoria,OR
831,1214,Tender Loving Empire NWPA,American Pale Ale (APA),66.24768875407615,0.058,nan,206,Fort George Brewery,Astoria,OR
832,674,Quick Wit Belgianesque Ale,Witbier,16,0.052,nan,206,Fort George Brewery,Astoria,OR
833,562,Sunrise Oatmeal Pale$ Ale,American Pale Ale (APA),16,0.055,nan,206,Fort George Brewery,Astoria,OR
834,552,Cavatica Stout,American Double / Imperial Stout,16,0.088,nan,206,Fort George Brewery,Astoria,OR
835,319,1811 Lager,American Amber / Red Lager,16,0.051,nan,206,Fort George Brewery,Astoria,OR
836,318,Vortex IPA,American IPA,16,0.074,97,206,Fort George Brewery,Astoria,OR
837,2322,Fort Pitt Ale,American Amber / Red Ale,12,nan,nan,151,Fort Pitt Brewing Company,Latrobe,PA
838,2661,Park,American Pale Wheat Ale,12,0.047,19,4,Fort Point Beer Company,San Francisco,CA
839,2660,Wes$tfal@@ia,American Amber / Red Ale,12,0.056,16,4,Fort Point Beer Company,San Francisco,CA
840,2659,KSA,Kölsch,12,0.046,17,4,Fort Point Beer Company,San Francisco,CA
841,2658,Villager,Americ$a#n IPA,12,0.063,42,16.73899986225824,Fort Point Beer Company,San Francisco,CA
842,2625,Dirty Bastard,Scotch Ale / Wee Heavy,63.64908279467172,0.085,50,15,Founders Brewing Company,Grand Rapids,MI
843,1565,Centennial IPA,Americ$an IPA%,12,0.072,65,15,Founders Brewing Company,Grand Rapids,MI
844,4479.3318048678,All Day IPA,American IPA,12,0.047,42,15,Founders Brewing Company,Grand Rapids,MI
845,1874,El Chingon IPA,American IPA,12,0.076,73,287,Four Corners Brewing Company,Dallas,TX
846,8764.928149220872,Block Party Robust Porter,American Porter,12,0.057,40,287,Four Corners Brewing Company,Dallas,TX
847,1872,Local Buzz,American Blonde Ale,12,0.052,20,287,Four Corners Brewing Company,Dallas,TX
848,2613,Feel Like Maplin' Love,Oatmeal Stout,16,0.055,nan,22,Four Fathers Brewing,Valparaiso,IN
849,2612,Father's Beer,Belgian Pale Ale,16,0.05,nan,22,Four Fathers Brewing,Valparaiso,IN
850,2611,The 26t$??h,American IPA,16,0.06,nan,22,Four Fathers Brewing,Valparaiso,IN
851,2610,The Gadget,American IPA,16,0.064,90,22,Four Fathers Brewing,Valparaiso,IN
852,1657,Leprechaun Lager,American Pale Lager,12,0.04,nan,348,Four Horsemen Brewing Company,South Bend,IN
853,2309,Sunbru Kölsch,Kölsch,12,0.052,17,160,Four Peaks Brewing Company,Tempe,AZ
854,1635,Kilt Lifter Scottish-Style Ale,nan,12,0.06,21,160,Four Peaks Brewing Company,Tempe,AZ
855,6418.38285547481,Pumpkin Porter,American Porter,12,0.051,nan,160,Four Peaks Brewing Company,Tempe,AZ
856,1585,Four Peaks Peach Ale,Fruit / Vegetable Beer,12,0.042,44.03481122976872,160,Four Peaks Brewing Company,Tempe,AZ
857,358,Hop Knot IPA,American IPA,12,0.067,47,160,Four Peaks Brewing Company,Tempe,AZ
858,179,Kilt Lifter Scottish-Style Ale (2009),Scottish Ale,12,0.06,21,160,Four Peaks Brewing Company,Tempe,AZ
859,178,Sunbru Kölsch,Kölsch,12,0.052,nan,160,Four Peaks Brewing Company,Tempe,AZ
860,2428,Four String Vanilla Porter,American Porter,12,0.06,nan,490.65787905034074,Four String Brewing Company,Columbus,OH
861,2427,Sunc??aster Summer Wheat,American Pale Wh#ea@@t Ale,12,0.05,28,105,Four String Brewing Company,Columbus,OH
862,13704.176173507796,Brass Knuckle Pale Ale,American Pale Ale (APA),12,0.057,36,105,Four String Brewing Company,Columbus,OH
863,2424,Big Star White IPA,American White IPA,12,0.07,70,105,Four String Brewing Company,Columbus,OH
864,1998,Old Detroit,American Amber / Red Ale,12,0.056,nan,253,Frankenmuth Brewery,Frankenmuth,MI
865,1556,Batch 69 IPA,American IPA,68.0550110293781,0.335263465137668,69,253,Frankenmuth Brewery,Frankenmuth,MI
866,1208,Twisted Helles Summer Lager,Munich Helles Lager,12,0.055,18,253,Frankenmuth Brewery,Frankenmuth,MI
867,2527,OktoberFiesta,nan,12,0.053,27,66,Freetail Brewing Company,San Antonio,TX
868,2526,Texicali,American Brown Ale,66.61561295279346,0.065,33,66,Freetail Brewing Company,San Antonio,TX
869,2525,Pinata Protest,Witbier,12,0.06,nan,66,Freetail Brewing Company,San Antonio,TX
870,8482.828196353763,Bat Outta Helles,Munich He$lles Lager,12,0.042,20,66,Freetail Brewing Company,San Antonio,TX
871,9325.682019855429,Original,American Amber / Red Ale,12,0.068,nan,66,Freetail Brewing Company,San Antonio,TX
872,2522,Rye Wit,Witbier,12,0.042,10,66,Freetail Brewing Company,San Antonio,TX
873,2521,Soul Doubt,American IPA,12,0.059,70,66,Freetail Brewing Company,San Antonio,TX
874,13682.793162884504,Yo Soy Un Berliner,Berliner Weissbier,54.58430623120476,0.044,5,66,Freetail Brewing Company,San Antonio,TX
875,1174,77 Fremont Select Spring Session IPA,American IPA,12,0.04,nan,2531.1822537795097,Fremont Brewing Company,Seattle,WA
876,1116,Fremont Organic Pale Ale,Amer$ican Pale Ale?? (APA),12,0.045,nan,460,Fremont Brewing Company,Seattle,WA
877,994,Abominable Ale,English Strong Ale,12,0.2867826355047894,nan,460,Fremont Brewing Company,Seattle,WA
878,901,??Harvest Ale,Saison / Farmhouse Ale,12,0.065,35,460,Fremont Brewing Company,Seattle,WA
879,875,Fremont #Summe$r Ale,American Pale Ale (APA),12,0.065,45,460,Fremont Brewing Company,Seattle,WA
880,4196.119887373657,Universale Pale Ale,American Pale Ale (APA),12,0.056,30,460,Fremont Brewing Company,Seattle,WA
881,857,Interurban IPA,American IPA,12,0.2366124268668148,80,460,Fremont Brewing Company,Seattle,WA
882,1300,Gateway Kolsch Style Ale,Kö??lsch,12,0.053,32,433,French Broad Brewery,Asheville,NC
883,1260,Wee-Heavy-Er Scotch Ale,Scotch Ale / Wee Heavy,12,0.07,24,433,French Broad Brewery,Asheville,NC
884,1259,13 Rebels ESB,Extra Special / Strong Bitter (ESB),68.98814187363294,0.052,42,433,French Broad Brewery,Asheville,NC
885,2254,Salamander Slam,American IPA,16,0.07,73,180,Frog Level Brewing Company,Waynesville,NC
886,1658,Cack-A-Lacky,American Pale Ale (APA),12,0.05,nan,347,Fullsteam Brewery,D$urh%am,NC
887,2077,No Wake IPA,American IPA,12,0.072,50,228,Geneva Lake Brewing Company,Lake Geneva,WI
888,2076,Boathouse Blonde,American Blonde Ale,12,0.049,15,228,Geneva Lake Brewing Company,Lake Geneva,WI
889,2075,Cedar Point,American Amber / Red Ale,12,0.1879460048655835,26,228,Geneva Lake Brewing Company,Lake Geneva,WI
890,2426,Clean Shave IPA,American IPA,12,0.067,70,106,Glabrous Brewing Company,Pineland,ME
891,2045,Might As Well IPL,American Pale Lager,16,0.072,75,240,Golden Road Brewing,Los Angeles,CA
892,1960,Saison Pamplemousse,Saison /# #Farmhouse Ale,67.19658080474883,0.058,35,240,Golden Road Brewing,Los Angeles,CA
893,1777,2020 IPA,American IPA,16,0.074,389.5692003290523,240,Golden Road Brewing,Los Angeles,CA
894,1698,Wolf Among Weeds IPA,American IPA,59.310307288051526,0.08,70,240,Golden Road Brewing,Los Angeles,CA
895,1641,Better Weather IPA,American IPA,16,0.094,92,240,Golden Road Brewing,Los Angeles,CA
896,1490,Point the Way IPA,American IPA,16,0.059,60,240,Golden Road Brewing,Los Angeles,CA
897,1489,Golden Road Hefeweizen,Hefeweizen,16,0.046,15,240,Golden Road Brewing,Los Angeles,CA
898,5300.649861085742,Heal# the Bay IPA,American IPA,16,0.068,65,240,Golden Road Brewing,Los Angeles,CA
899,1296,Point the Way IPA,Am$erican IPA#,12,0.059,60,240,Golden Road Brewing,Los Angeles,CA
900,1034,Cabrillo Kölsch,$Kö%lsch,80.5912240539443,0.05,nan,240,Golden Road Brewing,Los Angeles,CA
901,991,Get Up Offa That Brown,American Brown Ale,16,0.055,20,240,Golden Road Brewing,Los Angeles,CA
902,750,Burning Bush% S@@moked IPA,American IPA,16,0.08,70,240,Golden Road Brewing,Los Angeles,CA
903,749,Wolf Among Weeds IPA (2012),American IPA,16,0.2797585807158538,70,240,Golden Road Brewing,Los Angeles,CA
904,549,Point the Way IPA (2012),American IPA,51.01895079190868,0.059,60,240,Golden Road Brewing,Los Angeles,CA
905,548,Golden Road Hefeweizen (2012),Hefeweizen,73.9457155339093,0.046,15,240,Golden Road Brewing,Los Angeles,CA
906,2587,Vanilla Porter,American Porter,16,0.07,11,39,Gonzo's BiggDogg Brewing,Ka$lamazoo,MI
907,1109,Descender IPA,American IPA,12,0.07,70,464,Good Life Brewing Company,Bend,OR
908,1108,Sweet As Pacific Ale,American Pale Wheat Ale,12,0.06,18,464,Good Life Brewing Company,Bend,OR
909,5873.888272988247,Good People Pale Ale,American Pale Ale (APA),48.96210584322557,0.056,36,478,Good People Brewing Company,Birmingham,AL
910,312,Snake Handler Double IPA,American Double / Imperial IPA,12,0.093,103,478,Good People Brewing Company,Birmingham,AL
911,311,Coffee Oatmeal Stout,Oatmeal Stout,12,0.06,54,478,Good People Brewing Company,Birmingham,AL
912,309,Good People IPA,American IPA,12,0.06,64,478,Good People Brewing Company,Birmingham,AL
913,1540.7812788516155,Good People American Brown Ale,American Brown?? %Ale,12,0.058,36,478,Good People Brewing Company,Birmingham,AL
914,2205,Mountain Rescue Pale Ale,American Pale Ale (APA),12,0.055,40,194,Goodlife Brewing Co.,B??end,OR
915,2198,Goose Island India P@@ale Ale,American IPA,12,0.059,55,196,Goose Island Brewery Company,Chicago,IL
916,2457,312 Urban Pale Ale,American Pale Ale (APA),16,0.054,30,88,Goose Island Brewing Company,Chicago,IL
917,2202,312 Urban Pale Ale,American Pale Ale (APA),12,0.054,30,88,Goose Island Brewing Company,Chicago,IL
918,2201,312 Urban Wheat Al$e,American Pale Wheat Ale,16,0.042,18,88,Goose Island Brewing Company,Chicago,IL
919,1829,312 Urban Wheat Ale,Ame@@rican Pale Wh$eat Ale,12,0.1924558180362803,88.02258765449241,88,Goose Island Brewing Company,Chicago,IL
920,581,312 Urban Wheat Ale (2012),American Pale Wheat Ale,12,0.042,20,88,Goose Island Brewing Company,Chicago,IL
921,1383,Beaver Logger,American Pale Lager,12,0.052,19,420,Gore Range Brewery,Edwards,CO
922,477,White Water Wheat,America#n Pale Wheat Ale,12,0.2064383516886014,nan,536,Grand Canyon Brewing Company,Williams,AZ
923,476,Grand Canyon American Pilsner,Am$erican Pilsner,12,0.052,nan,536,Grand Canyon Brewing Company,Williams,AZ
924,143,Grand Canyon Sunset Amber Ale,American Amber / Red Ale,12,0.2172368770895978,nan,536,Grand Canyon Brewing Company,Williams,AZ
925,142,Black Iron India Pale Ale,American IPA,12,nan,nan,536,Grand Canyon Brewing Company,Williams,AZ
926,2129,Monarch Classic American Wheat,American Pale Whea#t Ale,12,0.043,21,213,Grapevine Craft Brewery,Farmers Branch,%#TX
927,2127,Sir William's English Brown Ale,English Brown Ale,12,0.049,21,213,Grapevine Craft Brewery,Farmers Branch,%#TX
928,2126,Lakefire Rye Pale Ale,American Pale Ale (APA),12,0.055,35,966.3386592178836,Grapevine Craft Brewery,Farmers Branch,TX
929,2303,Beer Agent Re-Ignition,American Blonde Ale,16,0.053,22,165,Great Crescent Brewery,Aurora,IN
930,1990,Cherry Ale,Fruit / Vegetable Beer,16,0.057,18,165,Great Crescent Brewery,Aurora,IN
931,1702,Bourbon Barrel Aged Coconut Porter,American Porter,86.9715303032566,0.056,101.71989351992768,165,Great Crescent Brewery,Aurora,IN
932,1701,Great Crescent IPA,American IPA,16,0.062,60,165,Great Crescent Brewery,Aurora,IN
933,1700,Aurora Lager,Dortmunder / Export Lager,76.58566223299826,0.057,27,165,Great Crescent Brewery,Aurora,IN
934,1699,Grea#t Crescent Blonde Ale,American Blonde Ale,16,0.1841833956126493,22,165,Great Crescent Brewery,Aurora,IN
935,1269,Great Crescent Coconut Porter,American Porter,16,0.056,33,165,Great Crescent Brewery,Aurora,IN
936,930,Great Crescent Oktoberfest Lager,Märzen / Oktoberfest,16,0.057,103.15967954794576,165,Great Crescent Brewery,Aurora,IN
937,649,Great Crescent Brown Ale,American Brown Ale,16,0.045,36,165,Great Crescent Brewery,Aurora,IN
938,639,Cherry Ale (1),Fruit / Vegetable Beer,16,0.057,18,165,Great Crescent Brewery,Aurora,IN
939,626,Aurora Lager (2011),Dortmunder / Export Lager,16,0.057,27,567.1608068201903,Great Crescent Brewery,Aurora,IN
940,615,Frosted Fields Winter Wheat,American Dark Wheat Ale,56.69202113206833,0.06,25,165,Great Crescent Brewery,Aurora,IN
941,478,Great Crescent Belgian Style Wit,Witbier,49.2084536388642,0.1917946990983717,13,165,Great Crescent Brewery,Aurora,IN
942,455,Bourbon's Barrel Stout,American Stout,16,0.075,65,800.4430208453501,Grea??t Crescent Brewery,Aurora,IN
943,442,Great Crescent Stout,English Stout,16,0.08,66,165,Great Crescent Brewery,Aurora,IN
944,441,%Great Cr#escent Coconut Porter (2012),American Porter,16,0.056,33,165,Great Crescent Brewery,Aurora,IN
945,440,Great Crescent Dark Lager,Euro Dark Lager,16,0.057,124.00093202521866,165,Great Crescent Brewery,Aurora,IN
946,439,Great Crescent Mild Ale,English Dark Mild Ale,16,0.042,82.20569979184206,165,Great Crescent Brewery,Aurora,IN
947,436,Great Crescent IPA (2011),American IPA,16,0.062,60,165,Great Crescent Brewery,Aurora,IN
948,389,Great Crescent Blonde Ale (2011),Americ#an B$londe Ale,16,0.053,22,165,Great Crescent Brewery,Aurora,IN
949,2650,Denver Pale Ale (Artist Series No. 1),Americ%an Pale Ale (APA),12,0.05,nan,6,Great Divide Brewing Company,Denver,CO
950,2649,Hibernation Ale,Old Ale,12,0.087,nan,6,Great Divide Brewing Company,Denver,CO
951,2648,Whitewater,American Pale Wheat Ale,12,0.061,nan,6,Great Divide Brewing Company,Denver,CO
952,2647,Rumble,American IPA,12,0.071,nan,26.79361171897406,Great Divide Brewing Company,Denver,CO
953,2646,Orabelle,Tripel,12,0.083,nan,6,Great Divide Brewing Company,Denver,CO
954,2645,Lasso,American IPA,12,0.05,nan,6,Great Divide Brewing Company,Denver,CO
955,2644,Yeti  Imperial?? Stout,Russian Imperial Stout,12,0.095,75,6,Great Divide Brewing Company,Denver,CO
956,11300.714685529992,Colette,Saison / Farmhouse Ale,12,0.073,nan,6,Great Divide Brewing Company,Denver,CO
957,2642,Titan IPA,American IPA,12,0.071,nan,6,Great Divide Brewing Company,Denver,CO
958,404,Black Star Double Hopped Golden Lager (24 oz.),American Pale Lager,24,0.045,15,543,Great Northern Brewing Company,Whitefish,MT%
959,164,Black Star Double Hopped Golden Lager (12 oz.),American Pale Lager,12,0.045,15,2276.8121464992814,Great Northern Brewing Company,Whitefish,MT
960,1923,Commotion APA,American Pale Ale (APA),65.46813000409611,0.052,49,269,Great Raft Brewing Company,Shreveport,LA
961,1922,Southern Drawl Pale L%ager,American Pale Lager,12,0.052,nan,269,Great Raft Brewing Company,Shreveport,LA
962,5839.103642452361,Chickawawa Lemonale,Fruit / Vegetable Beer,12,0.05,5,365,Great River Brewery,Davenport,IA
963,5880.1649441605105,Barrel Aged Farmer,American Brown Ale,16,0.07,22,365,Great River Brewery,Davenport,IA
964,1446,Great River Golden Ale,American Blonde Ale,12,0.048,nan,365,Great River Brewery,Davenport,IA
965,1275,Dirty Blonde Chocolate Ale,American Blonde Ale,12,0.048,nan,365,Great River Brewery,Davenport,IA
966,1244,Dos P??istolas%,Vienna Lager,12,0.048,20,365,Great River Brewery,Davenport,IA
967,1064,Owney Irish Style Red Ale,Irish Red Ale,16,0.05,30,365,Great River Brewery,Davenport,IA
968,1028,Aaah Bock Lag@@er,Vienna Lager,16,0.06,nan,365,Great River Brewery,Davenport,IA
969,865,Widespread Wit,Witbier,95.5137064319774,0.055,10,365,Great River Brewery,Davenport,IA
970,864,Roller Dam Red Ale,Irish Red Ale,16,0.054,30,365,Great River Brewery,Davenport,IA
971,863,4%83 #Pale Ale,American Pale Ale (APA),16,0.053,48,365,Great River Brewery,Davenport,IA
972,672,Hop A Potamus Double Dark Rye Pale Ale,@@Rye Beer,16,0.09,99,365,Great River Brewery,Davenport,IA
973,655,Farmer Brown Ale,American Brown Ale,16,0.07,22,365,Great River Brewery,Davenport,IA
974,540,Big Cock IPA,Am#$erican IPA,16,0.07,70,365,Great River Brewery,Davenport,IA
975,539,Oktoberf@@e@@st,Märzen / Oktoberfest,16,0.059,127.71614646602916,365,Great River Brewery,Davenport,IA
976,517,40th Annual Bix Street Fest Copper Ale (Current),American Amber ??/ Red Ale,16,0.048,25,365,Great River Brewery,Davenport,IA
977,371,Redband Stout,American Stout,16,0.06,36,365,Great River Brewery,Davenport,IA
978,190,483 Pale Ale (2010),American Pale Ale (APA),16,0.053,48,365,Great River Brewery,Davenport,IA
979,189,Roller Dam Red Ale (2010),Irish Red Ale,16,0.054,30,365,Great River Brewery,Davenport,IA
980,1106,Pablo Beach Pale Ale,American Pale Ale (APA),12,0.05,156.70946519060706,466,Green Room Brewing,Jacksonville,FL
981,2314,Wild Trail Pale Ale,American Pale Ale (APA),12,0.057,44,156,Greenbrier Valley Brewing Company,Lewisburg,WV
982,2313,Mothman Black IPA,American Black Ale,12,0.067,71,156,Greenbrier Valley Brewing Company,Lewisburg,WV
983,2461,Autumn Winds Fest Beer,Märzen / Oktoberfest,16,0.058,nan,86,Grey Sail Brewing Company,Westerly,RI
984,2044,Captain's Daughter,American Double / Imperial IPA,12,0.085,69,442.3027322370913,Grey Sail Brewing Company,Westerly,RI
985,1567,Autumn Winds,Märzen / Oktoberfest,16,0.058,nan,379,Grey Sail Brewing of Rhode Island,Westerly,RI
986,1505,Flying Jenny Extra Pale Ale,American Pale Ale (APA),12,0.06,54,379,Grey Sail Brewing of Rhode Island,Westerly,RI
987,1186,Hazy Day Belgian-Style Wit,Witbier,16,0.04,20,379,Grey Sail Brewing of Rhode Island,Westerly,RI
988,1185,Bring Back the Beach Blonde Ale,American Blon@@??de Ale,16,0.055,nan,379,Grey Sail Brewing of Rhode Island,Westerly,RI
989,984,Leaning Chimney Smoked Porter,American Porter,16,0.06,34,379,Grey Sail Brewing of Rhode Island,Westerly,RI
990,2800.052781413927,Flying Jenny Extra Pale Ale (2012),American Pale Ale (APA),71.04685113945882,0.06,54,379,Grey Sail Brewing of Rhode Island,Westerly,RI
991,631,Flagship Ale,Cream Ale,12,0.049,22,379,Grey Sail Brewing of Rhode Island,Westerly,RI
992,2375,Mr. Blue Sky,American Pale Wheat Ale,16,0.045,6,124,Griffin Claw Brewing Company,Birmingham,MI
993,2143,3 Scrooges,Winte#r Warmer,16,0.065,nan,124,Griffin Claw Brewing Company,Birmingham,MI
994,2142,Screamin�?Pumpkin,Pumpkin Ale,16,0.05,101.90029896624073,445.77906554199274,Griffin Claw Brewing Company,Birmingham,MI
995,9812.967687524044,Grand Trunk Bohemian Pils,Czech Pilsener,62.45589758702793,0.05,35,124,Griffin Claw Brewing Company,Birmingham,MI
996,2140,El Rojo,American Amber / Red Ale,16,0.065,25,124,Griffin Claw Brewing Company,Birmingham,MI
997,2139,Norm's Raggedy Ass IPA,American IPA,16,0.075,nan,124,Griffin Claw Brewing Company,Birmingham,MI
998,2138,Grind Line,American Pale Ale (APA),16,0.05,35,124,Griffin Claw Brewing Company,Birmingham,MI
999,2007,Norm's Gateway IPA,American IPA,12,0.04,55,124,Griffin Claw Brewing Company,Birmingham,MI
1000,1570,Lemon Shandy Tripel,Tripel,79.51059058525867,0.09,nan,124,Griffin Claw Brewing Company,Birmingham,MI
1001,2339,Little Red Cap,Altbier,46.63661516247771,0.063,43,144,Grimm Brothers Brewhouse,Loveland,C$%O
1002,1857,Supergoose IPA,American IPA,12,0.069,67,290,Hale's Ales,Seattle,WA
1003,1440,Hale's Pale American Ale,American Pale Ale (APA),12,0.047,nan,1123.5010206155955,Hale's Ales,Seattle,WA
1004,1753,Heyoka IPA,American IPA,16,0.07,nan,327,Half Acre Beer Company,Chicago,IL
1005,1448,Guest Lager,American Double / Imperial Pilsner,16,0.08,nan,327,Half Acre Beer Company,Chicago,IL
1006,1134,Pony Pilsner,German Pilsener,16,0.057,nan,327,Half Acre Beer Company,Chicago,IL
1007,1066,Akari Shogun American Wheat Ale,American Pale Wheat Ale,16,0.055,nan,327,Half Acre Beer Company,Chicago,IL
1008,849,Meat Wave,English India Pale Ale (IPA),16,0.06,nan,327,Half Acre Beer Company,Chicago,IL
1009,352,Ove%r $Ale,American Brown Ale,16,0.06,nan,1324.8191308687444,Half Acre Beer Company,Chicago,IL
1010,149,Gossamer Golden Ale,American Blonde Ale,16,0.042,nan,327,Half Acre Beer Company,Chicago,IL
1011,148,Daisy Cutter Pale Ale,American Pale Ale (APA),16,0.052,nan,327,Half Acre Beer Company,Chicago,IL
1012,7121.869923811215,Pursuit,American IPA,44.48246742430679,0.07,40,1134.2393071987756,Half Full Brewery,Stamford,CT
1013,1361,Half Full Bright Ale,American Blonde Ale,12,0.052,18,248,Half Full Brewery,Stamford,CT
1014,1016,Orange Wheat,Fruit / Vegetable Beer,12,0.046,17,476,Hangar 24 Craft Brewery,Redlands,CA
1015,1015,Hangar 24 Helles Lager,Munich Helles Lager,36.31698660461734,0.043,14,476,Hangar 24 Craft Brewery,Redlands,CA
1016,1677,The Great Return,American IPA,16,0.075,70,1718.3841931127422,Hardywood Park Craft Brewery,Richm@@o??nd,VA
1017,1331,Hardywood Cream Ale,Cream Ale,12,0.044,18,343,Hardywood Park Craft Brewery,Richmond,VA
1018,1270,Capital Trail Pale Ale,Americ%an Pale Ale (APA)??,41.96568750570857,0.056,55,1885.4075739106495,Hardywood Park Craft Brewery,Richmond,$V%A
1019,2059,UFO Gingerland,Herbed / Spiced Beer,12,0.052,51.044149756628215,234,Harpoon Brewery,Boston,MA
1020,1653,The Long Thaw White IPA,American White IPA,12,0.1930381780231048,45,234,Harpoon Brewery,Boston,MA
1021,5391.959147185904,Honey Cider,Ci@@der,56.69978492615421,0.048,nan,234,Harpoon Brewery,Boston,MA
1022,1380,Harpoon Summer Beer,Kölsch,44.87019344066647,0.05,28,234,Harpoon Brewery,Boston,MA
1023,1379,Harpoon IPA,American IPA,12,0.059,42,234,Harpoon Brewery,Boston,MA
1024,1340,UFO Pumpkin,Pumpkin Ale,12,0.059,20,234,Harpoon Brewery,Boston,MA
1025,1313,Harpoon Octoberfest,Märzen / Oktoberfest,12,0.055,30,234,Harpoon Brewery,Boston,MA
1026,770,Harpoon IPA (2012),American IPA,12,0.059,42,234,Harpoon Brewery,Boston,MA
1027,769,Harpoon Summer Beer (2012),Kölsch,12,0.05,28,234,Harpoon Brewery,Boston,MA
1028,610,UFO White,American Pale Wheat Ale,12,0.048,10,234,Harpoon Brewery,Boston,MA
1029,192,Harpoon Summer Beer (2010),Kölsch,12,0.05,100.77767835352908,234,Harpoon Brewery,Boston,MA
1030,126,Harpoon IPA (2010),American IPA,63.33843354594136,0.059,42,1195.4272853071438,Harpoon Brewery,Boston,MA
1031,506,Great Falls Select Pale Ale,American Blonde Ale,12,nan,nan,535,Harvest Moon Brewing Company,Belt,MT
1032,181,Beltian White,Witbier,12,0.048,nan,535,Harvest Moon Brewing Company,Belt,MT
1033,2183,Kaua'i Golden Ale,American Blonde Ale,12,0.2663744468965043,nan,204,Hawai'i Nui Brewing Co.,Hilo,HI
1034,2182,Sunset Amber,American Pale Ale (APA),12,0.054,nan,204,Hawai'i Nui Brewing Co.,Hilo,HI
1035,2181,Hapa Brown Ale,American Brown Ale,19.2,0.064,nan,204,Hawai'i Nui Brewing Co.,Hilo,HI
1036,2180,Hapa B%rown Ale,American Brown Ale,12,0.064,nan,204,Hawai'i Nui Brewing Co.,Hilo,HI
1037,2179,Southern Cross,Flanders Red Ale,68.99446230807601,0.083,nan,204,Hawai'i Nui Brewing Co.,Hilo,HI
1038,1895,Groupe G,Belgian IPA,16,0.076,65,280,Headlands Brewing Company,Mill Valley,CA
1039,1894,Pt. Bonita Rustic Lager,American Pale Lager,16,0.062,40,280,Headlands Brewing Company,Mill Valley,CA
1040,1893,Hill 88 Double IPA,Ameri@@can Double / Imperial IPA,16,0.088,77,280,Headlands Brewing Company,Mill Valley,CA
1041,990,Loose Cannon,American IPA,12,0.072,45,479,Heavy Seas Beer,Halethorpe,MD
1042,989,AARGHtoberfest!,Märzen / Oktoberfest,12,0.06,30,479,Heavy Seas Beer,Halethorpe,MD
1043,988,Davy Jones Lager,Cream Ale,12,0.2836529415315136,nan,479,Heavy Seas Beer,Halethorpe,MD
1044,1351,Grazias,Cream Ale,16,0.063,30,423,Hess Brewing Company,San Diego,CA
1045,1346,Habitus IPA,American IPA,16,0.08,491.97033015367697,423,Hess Brewing Company,San Diego,CA
1046,904,Ex Umbris Rye Imperial Stout,American Double / Imperial Stout,16,0.099,85,423,Hess Brewing Company,San Diego,CA
1047,2295,The Go@@lden One,American Pilsner,42.48644924628012,0.063,93.90927844637868,168,High Hops Brewery,Windsor,CO
1048,2294,The Power of Zeus,American Pale Ale (APA),12,0.07,68,168,High Hops Brewery,Windsor,CO
1049,824,Tonganoxie Honey Wheat,Ameri@@can Pale Wheat Ale,12,0.044,22,500,High Noon Saloon And Brewery,Leavenworth,KS
1050,616,Oregon Trail Unfiltered Raspberry Wheat,Fruit / Vegetable Beer,12,0.045,nan,500,High Noon Saloon And Brewery,Leavenworth,KS
1051,96,Annie's Amber Ale,??American Amber / #Red Ale,62.077597832951795,0.055,nan,500,High Noon Saloon And Brewery,Leavenworth,KS
1052,1615,The 12th Can�?American Pale Ale (APA),16,0.045,32,362,Hilliard's Beer,Se$attle%,WA,nan
1053,4928.796493976949,Hilliard's Pils,Czech Pilsener,16,0.055,34,362,Hilliard's Beer,Seattle,WA
1054,724,Hilliard's Blonde,American Blonde Ale,16,0.049,20,362,Hilliard's Beer,Seattle,WA
1055,497,Hilliard's Amber Ale,American Amber / Red Ale,16,0.055,60,362,Hilliard's Beer,Seattle,WA
1056,496,Hilliard's Saison,Saison / Farmhouse Ale,16,0.3958494906098345,30,362,Hilliard's Beer,Seattle,WA
1057,1652,White Cap White IPA,American White IPA,16,0.042,nan,349,Hinterland Brewery,Green Bay,%WI
1058,1835,%Pro??vision,Saison / Farmhouse Ale,12,0.042,25,297,Hop Farm Brewing Company,Pittsburgh,PA
1059,1834,O??ne Nut Brown,American Brown Ale,12,0.047,28,297,Hop Farm Brewing Company,Pittsburgh,PA
1060,1833,Hop Farm IPA,American IPA,12,0.058,45,297,Hop Farm Brewing Company,Pittsburgh,PA
1061,2195,Double D Blonde,American Blonde Ale,51.660191585158216,0.049,20,198,Hop Valley Brewing Company,Springfield,OR
1062,1605,Festeroo Winter Ale,American Strong Ale,12,0.078,215.1292823894128,198,Hop Valley Brewing Company,Springfield,OR
1063,1543,Proxima IPA,American IPA,12,0.063,70,198,Hop Valley Brewing Company,Springfield,OR
1064,1390,Double D Blonde (2013),American Blonde Ale,12,0.049,20,198,Hop Valley Brewing Company,Springfield,OR
1065,1354,541 American Lager,American Pale Lager,12,0.048,13,198,Hop Valley Brewing Company,Springfield,OR
1066,1353,Alphadelic IPA,American IPA,12,0.065,90,198,Hop Valley Brewing Company,Springfield,OR
1067,499,Alphadelic IPA (2011),American IPA,12,0.065,90,747.1421602212964,Hop Valley Brewing Company,Springfield,OR
1068,498,Double D Blonde (2011),American Blonde Ale,54.33257738676396,0.049,62.37044358887901,198,Hop Valley Brewing Company,Springfield,OR
1069,7836.297484318132,Green Hous%e India Pale Ale,American IPA,55.15948815525262,0.07,nan,395,Hops & Grain Brewery,Austin,TX
1070,1004,The One They Call Zoe,American Pale Lager,12,0.051,nan,395,Hops & Grain Brewery,Austin,TX
1071,502,Alteratio??n,Altbier,12,0.051,40,395,Hops & Grain Brewery,Austin,TX
1072,501,Pale Dog,American Pale Ale (APA),12,0.06,50,395,Hops & Grain Brewery,Austin,TX
1073,2357,Porter Culture,American Porter,12,0.065,nan,136,Hops & Grains Brewing Company,Austin,TX
1074,2483,Hard Cider,Cider,78.07032139846606,0.068,nan,80,Hopworks Urban Brewery,Portland,OR
1075,2482,Totally Radler,Radler,58.1636729617128,0.1547000280086971,21,80,Hopworks Urban Brewery,Portland,OR
1076,2400,Nonstop Hef Hop,American Pale Wheat Ale,16,0.039,20,80,Hopworks Urban Brewery,Portland,OR
1077,2399,Nonstop Hef Hop,American Pale Wheat Ale,16,0.039,20,80,Hopworks Urban Brewery,Portland,OR
1078,2398,Nonstop Hef Hop,American Pale Wheat Ale,16,0.039,20,80,Hopworks Urban Brewery,Portland,OR
1079,2397,Nonstop Hef Hop,American Pale Wheat Ale,16,0.039,20,80,Hopworks Urban Brewery,Portland,OR
1080,2396,Nonstop Hef Hop,American Pale Wheat Ale,16,0.1392755201620071,20,80,Hopworks Urban Brewery,Portland,OR
1081,2395,Nonstop Hef Hop,American Pale Wheat Ale,16,0.039,20,80,Hopworks Urban Brewery,Portland,OR
1082,2394,Nonstop Hef Hop,American Pale Wheat Ale,16,0.039,20,80,Hopworks Urban Brewery,Portland,OR
1083,2393,Nonstop Hef Hop,American Pale Wheat Ale,67.36889729589862,0.039,20,378.8622352738356,Hopworks Urban Brewery,Portland,OR
1084,2392,Nonstop Hef Hop,American Pale Wheat Ale,16,0.039,116.88136228555676,80,Hopworks Urban Brewery,Portland,OR
1085,2391,Nonstop Hef Hop,American Pale Wheat Ale,16,0.039,20,80,Hopworks Urban Brewery,Portland,OR
1086,2390,Nonstop Hef Hop,American Pale Wheat Ale,16,0.039,20,80,Hopworks Urban Brewery,Portland,OR
1087,2389,Nonstop Hef Hop,American Pale Wheat Ale,16,0.039,20,80,Hopworks Urban Brewery,Portland,OR
1088,2388,Rise Up Red,American Amber / Red Ale,16,0.058,60,80,Hopworks Urban Brewery,Portland,OR
1089,2200,Survival Stout,American Stout,16,0.058,35,80,Hopworks Urban Brewery,Portland,OR
1090,2199,Hopworks IPA,American IPA,16,0.066,75,80,Hopworks Urban Brewery,Portland,OR
1091,2193,Abominable Winter Ale,Ame#$rican Strong Ale,16,0.073,70,80,Hopworks Urban Brewery,Portland,OR
1092,1398,Pigwar White India Pale Ale,American White IPA,16,0.06,60,80,Hopworks Urban Brewery,Portland,OR
1093,4320.8742393789435,Rise-Up Red (2014),American Amber / Red Ale,16,0.058,205.63758073321264,80,Hopworks Urban Brewery,Portland,OR
1094,916,Abominab%l$e Winter Ale (2012),American Strong Ale,16,0.073,70,80,Hopworks Urban Brewery,Portland,OR
1095,658,HUB Lager,Czech Pilsener,16,0.051,32,80,Hopworks Urban Brewery,Portland,OR
1096,653,Hopworks IPA (2012),American IPA,16,0.2120614475915529,75,80,Hopworks Urban Brewery,Portland,OR
1097,2385,Watermelon Wheat,$A??merican Pale Wheat Ale,12,0.056,nan,120,Horny Goat Brew Pub,Milwaukee,WI
1098,2384,Laka Laka Pineapple,Hefeweizen,12,0.051,17,120,Horny Goat Brew Pub,Milwaukee,WI
1099,2383,Oktoberfest,Märzen / Oktoberfest,16,0.06,nan,120,Horny Goat Brew Pub,Milwaukee,WI
1100,5882.801514758996,%Trail Maker Pale Ale,American Pale Ale (APA),12,0.065,nan,445,Howard Brewing Company,Lenoir,NC
1101,1250,Action Man Lager,Vienna Lager,12,0.055,nan,445,Howard Brewing Company,Lenoir,NC
1102,1903,Let It Ride IPA,American IPA,12,0.068,90,277,Indeed Brewing Company,Minneapolis,MN
1103,1691,Stir Crazy Winter Ale,Winter Warmer,57.275724816924864,0.065,22,277,Indeed Brewing Company,Minneapolis,MN
1104,1555,Sweet Yamma Jamma Ale,Fruit / Vegetable Beer,12,0.05,10,277,Indeed Brewing Company,Minneapolis,MN
1105,1115,Shenanigans Summer Ale,American Pale Wheat Ale,12,0.046,81.74483605828827,277,Indeed Brewing Company,Minneapolis,MN
1106,729,Midnig#ht Ryder,American Black Ale,12,0.065,80,277,Indeed Brewing Company,Minneapolis,MN
1107,728,Day Tripper Pale Ale,American Pale Ale (APA),12,0.054,45,277,Indeed Brewing Company,Minneapolis,MN
1108,2350,Oklahoma Suks,American Amber / Red Ale,12,0.048,32,140,Independence Brewing Company,Austin,TX
1109,2301,Power & L??ig#ht,American Pale Ale (APA),12,0.055,42,140,Independence Brewing Company,Austin,TX
1110,1904,Wh@@ite% Rabbit,W@@itbier,12,0.059,27,140,Independence Brewing Company,Austin,TX
1111,2609,Tribute,American Pale Ale (APA),12,0.058,58,23,Indiana City Brewing,Indianapolis,IN
1112,2038,Infamous IPA,American IPA,12,0.07,75,242,Infamous Brewing Company,Austin,TX
1113,1774,Hijack,Cream Ale,12,0.055,20,242,Infamous Brewing Company,Austin,TX
1114,559,Jon Boat Coastal Ale,American Blonde Ale,70.90017555457393,0.045,80.11513285214744,2930.4750549609516,Intuitio??n Ale Works,Jacksonville,FL
1115,558,I-10 IPA,American IPA,12,0.068,55,527,Intuition Ale Works,Jacksonville,F@@??L
1116,553,People's Pale Ale,American Pale Ale (APA),12,0.053,28,527,Intuition Ale Works,Jacksonville,F@@??L
1117,2376,Summer Ale,American Blonde Ale,12,0.049,nan,123,Ipswich Ale Brewery,Ipswich,MA
1118,1784,Appreciation Ale,American IPA,16,nan,nan,316,Iron Hill Brewery & Restaurant,Wilmington,D$E@@
1119,2673,House Lager,Keller Bier / Zwickel Bier,16,0.052,18,10.991232441174654,Jack's Abby Craft Lagers,Framingham,MA
1120,2672,Leisure Time,American Pale Lager,12,0.048,15,9.775949398388045,Jack's Abby Craft Lagers,Framingham,MA
1121,2671,Excess IPL,American India Pale Lager,16,0.072,80,2,Jack's Abby Craft Lagers,Framingham,MA
1122,2670,Hoponius Union,American India Pale Lager,12,0.3270381558906396,65,2,Jack's Abby Craft Lagers,Framingham,MA
1123,2669,Ca@@lyp@@tra,American India Pale Lager,12,0.049,193.64887605880187,2,Jack's Abby Craft Lagers,Framingham,MA
1124,1405,Helen's Blend,Cider,12,0.05,nan,416,Jack's Hard Cider (Hauser Estate...,Biglerville,PA
1125,4629.156806534855,Jack's Hard Cider,Cider,12,0.051,nan,416,Jack's Hard Cider (Hauser Estate...,Biglerville,PA
1126,1793,Thunder Ann,American Pale Ale (APA),12,0.055,37,312,Jackalope Brewing Company,Nashville,TN
1127,2453,Razz Wheat,Fruit / Vegetable Beer,12,0.055,nan,92,Jackie O's Pub & Brewery,Athens,OH
1128,2363,Hop Ry??ot,American IPA,12,0.065,nan,92,Jackie O's Pub & Brewery,Athens,OH
1129,689,Mystic Mama IPA,American IPA,12,0.3248357317933699,nan,92,Jackie O's Pub & Brewery,Athens,OH
1130,688,Firefly Amber Ale,American Amber / Red Ale,12,0.2157657690038427,nan,92,Jackie O's Pub & Brewery,Athens,OH
1131,687,Chomolungma Honey Nut Brown Ale,English Brown Ale,12,0.067,nan,92,Jackie O's Pub & Brewery,Athens,OH
1132,2408,Welcome to Scoville,American IPA,12,0.069,nan,114,Jailbreak Brewing Company,Laurel,MD
1133,2595,Bastian,American Strong Ale,12,nan,nan,32,James Page Brewing Company,Stevens Point,WI
1134,2480,Healani,Hefeweizen,12,0.2348269285869873,nan,32,James Page Brewing Company,Stevens Point,WI
1135,1525,Yabba Dhaba Chai Tea Porter,American Porter,12,0.055,nan,32,James Page Brewing Company,Stevens Point,WI
1136,1524,A Capella Gluten Free Pale Ale,American Pale Ale (APA),12,0.055,nan,32,James Page Brewing Company,Stevens Point,WI
1137,1523,Casper White Stout,American Blonde Ale,36.79777973646843,0.06,nan,116.00451259505827,James Page Brewing Company,Stevens Point,WI
1138,1254,JP's Ould Sod Irish Red IPA,American IPA,12,0.06,nan,32,James Page Brewing Company,Stevens Point,WI
1139,2060,Weize Guy,Hefeweizen,12,0.05,15,233,Joseph James Brewing Company,Henderson,NV
1140,469,Fox Tail Gluten Free Ale,American Pale Ale (APA),12,0.05,50,233,Joseph James Brewing Company,Henderson,NV
1141,468,Hop Box Imperial IPA,American Double / Imperial IPA,12,0.093,90,233,Joseph James Brewing Company,Henderson,NV
1142,467,Joseph James American Lager,American Adjunct Lager,12,0.052,15,233,Joseph James Brewing Company,Henderson,NV
1143,2163,Sucha Much IPA,American IPA,12,0.3471186662507486,nan,208,Kalona Brewing Company,Kalona,IA
1144,2162,Lewbricator Wheat Dopplebock,Doppelbock,40.287515467953526,0.075,24,208,Kalona Brewing Company,Kalona,IA
1145,2374,Weisse Versa (2012),Hefeweizen,48.28434387605412,0.052,16,125,Karbach Brewing Company,Houston,TX
1146,1560,Mother in Lager,Munich Dunkel Lager,12,0.058,25,125,Karbach Brewing Company,Houston,TX
1147,1557,Weekend Warrior Pale Ale,A??merican Pale Ale (APA),12,0.055,40,471.1688776094558,Karbach Brewing Company,Houston,TX
1148,1458,Karbachtober$fe??st,Märzen / Oktoberfest,12,0.2398989320083194,25,125,Karbach Brewing Company,Houston,TX
1149,1235,Love Street Summer Seasonal (2014),Kölsch,12,0.047,20,125,Karbach Brewing Company,Houston,TX
1150,1068,Barn Burner Saison??,Saison / Farmhouse Ale,12,0.2430240365877897,20,125,Karbach Brewing Company,Houston,TX
1151,666,Rodeo Clown Double IPA,American Double / Imperial IPA,12,0.095,85,125,Karbach Brewing Company,Houston,TX
1152,2548.511302173775,Sympathy for the Lager,American Amber / Red Lager,12,0.049,45,125,Karbach Brewing Company,Houston,TX
1153,464,Weisse Versa,Hefeweizen,12,0.052,15,125,Karbach Brewing Company,Houston,TX
1154,463,Hopadillo India Pale Ale,American IPA,12,0.066,70,125,Karbach Brewing Company,Houston,TX
1155,1678,KelSo Nut Brown Lager,Euro Dark Lager,12,0.057,19,342,KelSo Beer Company,Brooklyn,NY
1156,1572,KelSo India Pale Ale,American IPA,12,0.06,64,342,KelSo Beer Company,Brooklyn,NY
1157,1348,KelSo Pilsner,Czech Pilsener,12,0.055,23,342,KelSo Beer Company,Brooklyn,NY
1158,1193,Skilak Scottish Ale,Scottish Ale,12,0.058,nan,458,Kenai River Brewing Company,Soldotna,AK
1159,1187,Peninsula Brewers Reserve (PBR),A#merican Blonde Ale,12,0.05,15,458,Kenai River Brewing Company,Soldotna,AK
1160,349,Sunken Island IPA,American IPA,12,0.068,nan,458,Kenai River Brewing Company,Soldotna,AK
1161,348,Skilak Scottish Ale (2011),Scottish Ale,12,0.058,nan,458,Kenai River Brewing Company,Soldotna,AK
1162,760,Cold Smoke Scotch Ale$ (2007),Scotch Al??e / Wee Hea$vy,16,0.065,11,2396.6840539633363,Kettle House Brewing Company,Missoula,#M%T
1163,759,Double Haul IPA $(2009),American IPA,16,0.065,384.57834710818713,2222.0190796860543,Kettle House Brewing Company,Missoula,MT
1164,758,Double Haul IPA (2006),Am$erican IPA,16,0.065,65,2033.9241965157028,Kettle House Brewing Company,Missoula,MT
1165,87,Eddy Out Pale Ale,American Pale Ale (APA),16,0.055,50,510,Kettle House Brewing Company,Missoula,MT
1166,86,Double Haul IPA,American IPA,76.63908161699155,0.065,65,510,Kettle House Brewing Company,Missoula,MT
1167,85,Cold Smoke Scotch Ale,Scotch Ale / Wee Heavy,58.04497628640824,0.065,11,510,Kettle House Brewing Company,Missoula,MT
1168,2472,U. P. Witbier,Witbier,12,nan,nan,84,Keweenaw Brewing Company,Houghton,MI
1169,779,November Gale Pale Ale,American Pale Ale (APA),12,nan,nan,363.83996954898294,Keweenaw Brewing Company,Houghton,MI??
1170,364,Olde Ore Dock Scottish Ale,Scottish Ale,12,nan,nan,84,Keweenaw Brewing Company,Houghton,MI
1171,326.33714186828735,Widow Maker Black Ale,American Brown Ale,12,nan,nan,84,Keweenaw Brewing Company,Houghton,MI
1172,311.8999511531897,Lift Bridge Brown Ale,American Brown Ale,12,nan,nan,84,Keweenaw Brewing Company,Houghton,MI
1173,58,Pick Axe Blonde Ale,American Blonde Ale,12,nan,nan,84,Keweenaw Brewing Company,Houghton,MI
1174,57,Red Jacket Amber Ale,American Amber / Red Ale,12,nan,nan,84,Keweenaw Brewing Company,Houghton,MI
1175,2436,Amber Ale,American Amber / Red Ale,12,0.051,nan,102,King Street Brewing Company,Anchorage,AK
1176,1706,King Street Pilsne#r,Czech Pilsener,12,0.055,nan,102,King Street Brewing Company,Anchorage,AK
1177,1667,King Street IPA,American IPA,12,0.06,70,102,King Street Brewing Company,Anchorage,AK
1178,6837.499943428848,King Street Hefeweizen,Hefeweizen,12,0.057,10,102,King Street Brewing Company,Anchorage,AK
1179,1665,King Street Blonde Ale,American Blonde Ale,12,0.049,nan,102,King Street Brewing Company,Anchorage,AK
1180,2460,India Pale Ale,American $IPA,16,0.063,65,87,Kirkwood Station Brewing Company,Kirkwood,MO
1181,2459,Blackberry Wheat,American Pale Wheat Ale,16,0.048,11,87,Kirkwood Station Brewing Company,Kirkwood,MO
1182,1274,Longboard Island Lager,American Amber / Red Lager,24,0.046,18,2119.3625780215316,Kona Brewing Company,Kona,HI
1183,1220,Longboard Island Lager,American Amber / Red Lager,16,0.046,18,439,Kona Brewing Company,Kona,HI
1184,4260.367956083468,Longboard Island Lager,American Amber / Red Lager,51.36632708747007,0.046,18,439,Kona Brewing Company,Kona,HI
1185,590,Longboard Island Lager,American Amber / Red Lager,12,0.046,18,439,Kona Brewing Company,Kona,HI
1186,781,Choc Beer (2003),American Dark Wheat Ale,12,0.04,9,505,Krebs Brewing Company (Pete's Pl...,Krebs,OK
1187,1637,Bellingham Beer Week 2013 Collaboration,Belgian Strong Dark Ale,16,0.08,nan,354,Kulshan Brewery,Bellingham,WA
1188,1741,A Slice of Hefen,Hefeweizen,16,0.054,15,332,La Cumbre Brewing Company,Albuquerque,NM
1189,664,Elevated IPA,American IPA,16,0.072,100,332,La Cumbre Brewing Company,Albuquerque,NM
1190,392,Rumspringa Golden Bock,Maibock / Helles Bock,52.95518510852711,0.066,30,545,Lancaster Brewing Company,Lancaster,PA
1191,195,Lancaster German Style Kölsch,Kölsch,12,0.048,28,545,Lancaster Brewing Company,Lancaster,PA
1192,2547,Beach Cruiser,Hefeweizen,12,0.045,nan,59,Latitude 42 Brewing Company,Portage,MI
1193,2493,I.P. Eh!,American IPA,36.99944292669089,0.2311791563573837,nan,59,Latitude 42 Brewing Company,Portage,MI
1194,2492,Schoolhouse Honey,American Amber / Red Ale,12,0.05,nan,59,Latitude 42 Brewing Company,Portage,MI
1195,2491,10 Degrees of Separation,English Brown Ale,12,0.055,nan,59,Latitude 42 Brewing Company,Portage,MI
1196,2108,Laughing Dog Cream Ale,Cream Ale,12,0.258258599895461,12,218,Laughing Dog Brewing Company,Ponderay,ID
1197,1397,Two-One Niner,American Pilsner,12,0.048,35.55208902180312,218,Laughing Dog Brewing Company,Ponderay,ID
1198,1396,Laughing Dog IPA,American IPA,12,0.064,66,218,Laughing Dog Brewing Company,Ponderay,ID
1199,1675,Madra Allta,??@@American IPA,12,0.064,95,345,Lavery Brewing Company,Erie,P#%A
1200,1249,Duluchan India Pale Ale,American IPA,52.87768325401209,0.1996466779359668,70,345,Lavery Brewing Company,Erie,P#%A
1201,1445,Lazy Monk Bohemian Pilsner,Czech Pilsener,16,0.05,nan,406,Lazy Monk Brewing,Eau Claire,WI
1202,475,Yellowstone Golden Ale,Kölsch,12,0.051,nan,537,Lewis and Clark Brewing Company,Helena,MT
1203,474,Tumbleweed IPA,Ameri%can IPA,12,0.057,nan,537,Lewis and Clark Brewing Company,Helena,MT
1204,473,Lewis & Clark Amber Ale,American Amber / Red Ale,12,0.05,nan,537,Lewis and Clark Brewing Company,Helena,MT
1205,472,Miner's Gold Hefeweizen,Hefeweizen,12,0.05,nan,537,Lewis and Clark Brewing Company,Helena,MT
1206,1634.7121042690444,Back Country Scottish Ale,Scottish Ale,12,0.057,nan,537,Lewis and Clark Brewing Company,Helena,MT
1207,2036,Getaway,German Pilsener,16,0.052,30,244,Lift Bridge Brewing Company,Stillwater,MN
1208,1168,Farm Girl Saison,Saison / Farmhouse Ale,16,0.06,30,244,Lift Bridge Brewing Company,Stillwater,MN
1209,1832,Adam's Stout,American Stout,12,0.058,40,298,Liquid Hero Brewery,York,PA
1210,1688,American Hero,American Amber / Red Ale,12,0.057,42,298,Liquid Hero Brewery,York,PA
1211,1687,Schweet Ale,Fruit / Vegetable Beer,53.04950027182906,0.052,20,298,Liquid Hero Brewery,York,PA
1212,1686,Irregardless IPA,American IPA,12,0.065,337.1906113776769,298,Liquid Hero Brewery,York,PA
1213,2434,Peach Pale Ale,American Pale Ale (APA),12,0.057,40,104,Lone Tree Brewing Company,Lone Tree,CO
1214,2332,Deadeye Jack,American Porter,52.1451529294035,0.3303086774997005,nan,149,Lonerider Brewing Company,Raleigh,NC
1215,2330,Pistols at Dawn,America??n @@Stout,72.46264418381132,0.075,nan,149,Lonerider Brewing Company,Raleigh,NC
1216,2329,Peacemaker Pale Ale,American Pale Ale (APA),12,0.057,47,149,Lonerider Brewing Company,Raleigh,NC
1217,2327,Shotgun Betty,Hefewe#iz??en,12,0.058,11,149,Lonerider Brewing Company,Raleigh,NC
1218,7431.719637123247,Sweet Josie,American Brown Ale,12,0.061,30,149,Lonerider Brewing Company,Raleigh,NC
1219,1926,Long Trail IPA,English India Pale Ale (IPA),12,0.2218931171673438,42,1302.5482230037833,Long Trail Brewing Company,Bridgewater Corners,VT
1220,1924,Long Trail Ale,American Amber / Red Ale,12,0.046,30,268,Long Trail Brewing Company,Bridgewater Corners,VT
1221,3675.4865799978497,Double Bag,Altbier,16,0.072,33,268,Long Trail Brewing Company,Bridgewater Corners,VT
1222,574,Bla%ckbeary Wh??eat,Fruit / Vegetable Beer,12,0.04,8,268,Long Trail Brewing Company,Bridgewater Corners,VT
1223,573,Long Trail Ale (1),Altbier,12,0.046,30,1395.02318967236,Long Trail Brewing %Comp$any,Bridg%ewater Corners,VT
1224,2584,Gose,Gose,16,0.046,8,41,Lost Nation Brewing,East Fairfield,VT
1225,2583,Vermont Pilsner,German Pilsener,16,0.048,20,41,Lost Nation Brewing,East Fairfield,VT
1226,2582,Mosaic Single Hop IPA,American IPA,16,0.055,nan,41,Lost Nation Brewing,East Fairfield,VT
1227,9117.957832568602,Lost Galaxy,American IPA,16,0.045,nan,196.50392877474587,Lost Nation Brewing,East Fairfield,VT
1228,1309,Face Plant IPA,American IPA,62.21537572440002,0.062,65,430,Lost Rhino Brewing Company,Ashburn,VA
1229,1308,Rhino Chasers Pilsner,Czech Pilsener,12,0.056,55,430,Lost Rhino Brewing Company,Ashburn,VA
1230,1571,Slow Hand Stout,American Stout,16,0.052,29,377,Lucette Brewing Company,Menominee,WI
1231,1204,Hips Don't Lie,Hefeweizen,16,0.062,nan,456,Lucette Brewing Company,Menominie,WI
1232,1122,Ride Again Pale Ale,American Pale Ale (APA),89.44099380010398,0.052,nan,456,Lucette Brewing Company,Menominie,WI
1233,700,T$he Farmer's Daughter,American Blonde Ale,16,0.048,nan,456,Lucette Brewing Company,Menominie,WI
1234,2033,Pub Ale,English Dark Mild Ale,12,0.1209842755632385,18,245,Lucky Town Brewing Company,Jackson,MS
1235,2032,Ballistic Blonde,Belgian Pale Ale,12,0.051,31,245,Lucky Town Brewing Company,Jackson,MS
1236,2311,Knotty Pine,American Pale Ale (APA),12,0.054,nan,158,Lumberyard Brewing Company,Flagstaff,AZ
1237,1153,Lumberyard Pilsner,American Pilsner,12,0.053,82.16398974358533,158,Lumberyard Brewing Company,Flagstaff,AZ
1238,355,Lumberyard IPA,American IPA,12,0.061,nan,158,Lumberyard Brewing Company,Flagstaff,AZ
1239,125,Lumberyard Red Ale,American Amber / Red Ale,12,0.2803122957851118,nan,158,Lumberyard Brewing Company,Flagstaff,AZ
1240,962,Mac's Highlander Pale Ale (2000),American Pale Ale (APA),12,0.05,nan,485,MacTarnahans Brewing Company,Portland,OR
1241,961,Mac's Scottish Style Amber Ale (2000),American Amber / Red Ale,12,0.051,32,485,MacTarnahans Brewing Company,Portland,OR
1242,5414.274067992589,Macon Progress Ale,American Pale Ale (APA),12,0.05,nan,400,Macon Beer Company,Macon,GA
1243,5230.970830752459,Macon History Ale,American Brown Ale,12,0.055,nan,400,Macon Beer Company,Macon,GA
1244,2454,Galaxy High,American Double / Impe@@ria$l IPA,12,0.099,nan,91,Madtree Brewing Company,Cincinnati,OH
1245,2209,Sol Drifter,American Blonde Ale,12,0.043,18,91,Madtree Brewing Company,Cincinnati,OH
1246,2133,Thunder Snow,Winter Warmer,56.84383902632095,0.085,nan,91,Madtree Brewing Company,Cincinnati,OH
1247,1994,The Great Pumpcan,Fruit / Vegetable Beer,16,0.079,71.25756601945541,91,Madtree Brewing Company,Cincinnati,OH
1248,1816,LIFT,Kölsch,12,0.047,34.10184481423022,91,Madtree Brewing Company,Cincinnati,OH
1249,1815,SPRYE,American Pale Ale (APA),12,0.05,40,91,Madtree Brewing Company,Cincinnati,OH
1250,1126,Psychopathy,American IPA,12,0.069,70,91,Madtree Brewing Company,Cincinnati,OH
1251,4776.718994998714,Gnarly Brown,American Brown Ale,12,0.07,32,91,Madtree Brewing Company,Cincinnati,OH
1252,1124,Happy Amber,American Amber / Red Al%e,12,0.06,30,91,Madtree Brewing Company,Cincinnati,OH
1253,1813,#9,Fruit / Vegetable Beer,16,0.051,20,303,Magic Hat Brewing Company,South Burlington,VT
1254,5893.618523297123,Elder Betty,Hefeweizen,12,0.055,13,303,Magic Hat Brewing Company,South Burlington,VT
1255,360,#9,Fruit / Vegetable Beer,12,0.051,20,1313.0721234237994,Magic Hat Brewing Company,South Burlington,VT
1256,511,High Country Pilsner (Current),German Pilsener,12,0.1553463009546937,nan,534,Mammoth Brewing Company,Mammoth Lakes,CA
1257,75,Epic IPA,American IPA,55.18240001913881,0.065,nan,534,Mammoth Brewing Company,Mammoth Lakes,CA
1258,74,Golden Trout Pilsner,German Pilsener,12,0.042,nan,534,Mammoth Brewing Company,Mammoth Lakes,CA
1259,312.66669112373177,Real McCoy Amber Ale (Current),American Amber / Red Ale,12,0.045,nan,1810.730540309087,Mammoth Brewing Company,Mammoth @@Lak#es,CA
1260,1628,Festivus (1),Winter Warmer,48.90596512141927,0.072,nan,356,Manayunk Brewing Company,Philadelphia,PA
1261,1626,Manayunk Oktoberfest,Märzen / Oktoberfest,12,0.067,nan,356,Manayunk Brewing Company,Philadelphia,PA
1262,1625,Belgian Style Session Ale,Belgian Pale Ale,12,0.045,21,356,Manayunk Brewing Company,Philadelphia,PA
1263,1624,Manayunk IPA,American IPA,12,0.055,nan,356,Manayunk Brewing Company,Philadelphia,PA
1264,1600,Yunki??n' Punkin',Pumpkin Ale,12,0.055,nan,356,Manayunk Brewing Company,Philadelphia,PA
1265,1484,Summer Paradise,%American Pale Wheat# Ale,12,0.05,18,1488.2954804318026,Manayunk Brewing Company,Philadelphia,PA
1266,1356,Monk from the 'Yunk,Tripel,12,0.09,30,356,Manayunk Brewing Company,Philadelphia,PA
1267,1355,Schuylkill Punch,Fruit / Vegetable Beer,12,0.06,14,356,Manayunk Brewing Company,Philadelphia,PA
1268,1334,Dreamin' Double IPA,American Double / Imperial IPA,12,0.085,85,356,Manayunk Brewing Company,Philadelphia,PA
1269,1674,Chaotic Double IPA,Amer$ican Double / Imperial IPA,12,0.099,93,346,Manzanita Brewing Company,Santee,CA
1270,1673,Manzanita IPA,American IPA,12,0.08,88,346,Manzanita Brewing Company,Santee,CA
1271,7479.842432094527,Riverwalk Blonde Ale,America%n Blonde A@@le,12,0.06,25,1180.5756630511944,Manzanita Brewing Company,Santee,CA
1272,1671,Gillespie Brown Ale,American Brown Ale,12,0.095,49,346,Manzanita Brewing Company,Santee,CA
1273,1670,Manzanita Pale Ale,American Pale Ale (APA),12,0.2285659741078288,44,346,Manzanita Brewing Company,Santee,CA
1274,1262,Marble Pilsner,German Pilsener,12,0.1598111733310777,nan,443,Marble B#rewery,Albuquerque,NM
1275,845,Marble India Pale Ale,American IPA,12,0.062,nan,443,Marble B#rewery,Albuquerque,NM
1276,1783,Toughcats IPA,American IPA,16,0.072,nan,317,Marshall Wharf Brewing Company,Belfast,ME
1277,10089.500608433356,Tug Pale Ale,American Pale Ale (APA),16,0.05,nan,317,Marshall Wharf Brewing Company,Belfast,ME
1278,7448.412570040051,Sexy Chaos,Russian Imperial Stout,16,0.52099188896506,nan,317,Marshall Wharf Brewing Company,Belfast,ME
1279,1516,Ace Hole American Pale Ale,American Pale Ale (APA),16,0.2801181138905688,nan,317,Marshall Wharf Brewing Company,Belfast,ME
1280,725,Cant Dog Imperial Pale Ale,American Double / Imperial IPA,16,0.097,nan,317,Marshall Wharf Brewing Company,Belfast,ME
1281,2308,River House,Saison / Farmhouse Ale,16,0.2696220161431075,20,766.3541354702065,Martin House Brewing Company,Fort W%or$th,TX
1282,2268,Pretzel Stout,American$ Stout,16,0.065,47,161,Martin House Brewing Company,Fort Worth,TX
1283,2197,Rubberneck Red,American Amber / Red Ale,16,0.05,35,161,Martin House Brewing Company,Fort Worth,TX
1284,2120,The Imperial Texan,American D@@??ouble / Imperial IPA,54.29906852097601,0.08,nan,161,Martin House Brewing Company,Fort Worth,TX
1285,1234,The Imperial Texan,American Double / Imperial IPA,12,0.08,nan,161,Martin House Brewing Company,Fort Worth,TX
1286,1233,Day Break 4-Grain Breakfast Beer,Rye Beer,16,0.05,nan,161,Martin House Brewing Company,Fort Worth,TX
1287,1232,River House Saison,Saison / Farmhouse Ale,12,0.05,nan,161,Martin House Brewing Company,Fort Worth,TX
1288,1231,There Will Be Stou#t$,American Stout,12,0.065,nan,161,Martin House Brewing Company,Fort Worth,TX
1289,1831,Our Legacy IPA,American IPA,12,0.065,60,299,Matt Brewing Company,Utica,NY
1290,1359,Saranac Shandy,Shandy,12,0.042,nan,299,Matt Brewing Company,Utica,NY
1291,1135,Our Legacy IPA,American IPA,16,0.2037344235535117,60,299,Matt Brewing Company,Utica,NY
1292,960,Saranac Golden Pilsener (2003),German Pilsener,12,0.051,nan,299,Matt Brewing Company,Utica,NY
1293,959,Saranac Adir@@ondack Light (2002),Light Lager,12,0.045,nan,299,Matt Brewing Company,Utica,NY
1294,958,DAX Light (1998),Li$ght Lage#r,12,0.045,nan,299,Matt Brewing Company,Utica,NY
1295,957,Saranac Traditional La??ger (20??00),American Pale Lager,12,0.048,nan,299,Matt Brewing Company,Utica,NY
1296,956,Pomegranate Wheat (2008),Fruit / Vegetable Beer,12,0.047,nan,299,Matt Brewing Company,Utica,NY
1297,773,Blueberry Blonde Ale,American Blonde Ale,12,0.05,12,299,Matt Brewing Company,Utica,NY
1298,686,Saranac White IPA,American IPA,64.65635917603001,0.06,nan,299,Matt Brewing Company,Utica,NY
1299,453,Saranac Summer Ale (2011),American Pale Wheat Ale,12,0.047,nan,299,Matt Brewing Company,Utica,NY
1300,150,Saranac Pale Ale (12 oz.),English Pale Ale,12,0.055,nan,299,Matt Brewing Company,Utica,NY
1301,133,Saranac Pale Ale (16 oz.),English Pale Ale,16,0.3106372144719587,nan,299,Matt Brewing Company,Utica,NY
1302,1578,Lahaina Town Brown,American Brown Ale,12,0.051,20,375,Maui Brewing Company,Lahaina,HI
1303,1429,Pau Hana Pilsner,Czech Pilsener,12,0.055,nan,375,Maui Brewing Company,Lahaina,HI
1304,1271,Lemongrass Saison,Saison / Farmhouse Ale,12,0.05,nan,375,Maui Brewing Company,Lahaina,HI
1305,713,Aloha B’ak’tun,Belgian Strong Dark Ale,12,0.07,nan,375,Maui Brewing Company,Lahaina,HI
1306,712,Liquid Breadfruit,Fruit / Vegetable Beer,69.70744357713522,0.082,nan,375,Maui Brewing Company,Lahaina,HI
1307,690,Sobrehumano Palena'ole,American Amber / Red Ale,12,0.06,24,375,Maui Brewing Company,Lahaina,HI
1308,547,La Perouse White,Witbier,12,0.05,12,375,Maui Brewing Company,Lahaina,HI
1309,435,Flyin' HI.P.Hay,American IPA,12,0.068,68,1668.052438553856,Maui Brewing Company,La%haina,HI
1310,313,Mana Wheat,American Pale Wheat Ale,12,0.055,54.50855580107532,375,Maui Brewing Company,Lahaina,HI
1311,33,Bikini Blonde Lager,Munich Helles Lager,12,0.045,18,375,Maui Brewing Company,Lahaina,HI
1312,32,CoCoNut Porter,American Porter,12,0.057,175.55672777111633,375,Maui Brewing Company,Lahaina,HI
1313,31,Big Swell IPA,American IPA,12,0.062,65,375,Maui Brewing Company,Lahaina,HI
1314,1237,Pit Stop Chocolate Porter,American Porter,12,0.2013759003622862,34,448,Mavericks Beer Company,Half Moon Bay,CA
1315,1236,Pace Setter Belgian Style Wit,Witbier,12,0.037,21,448,Mavericks Beer Company,Half Moon Bay,CA
1316,1047,Back in the Saddle Rye Pale Ale,American Pale Ale (APA),47.07881063902628,0.037,53,448,Mavericks Beer Company,Half Moon Bay,CA
1317,10793.998025996016,Bushwhacker Cider,Cider,16,0.069,nan,990.2062980117245,Meckley's Cidery,Somerset Center,MI
1318,1985,W$ei#m-R-Iner,C$ide@@r,16,0.069,nan,254,#Meckley's Cid%ery,#Somerset $Center,MI
1319,1984,Cherry Bomb,Cider,16,0.069,nan,254,#Meckley's Cid%ery,#Somerset $Center,MI
1320,2186,T#sunami IPA??,American IPA,19.2,0.072,75,203,Mehana Brewing Co.,Hilo,HI
1321,2185,Tsuna%mi IPA,American IPA,66.99285192817993,0.072,75,637.1192001949996,Mehana Brewing Co.,Hi%lo$,HI
1322,2184,Humpback Blonde Ale,American Blonde Ale,12,0.042,22,795.064969702522,Mehana Brew??ing Co.,Hilo,HI
1323,2178,Hawaiian Crow Porter,American Porter,12,0.052,27,203,Mehana Brewing Co.,Hilo,HI
1324,7186.70258570225,Volcano Red Ale,American Amber / Red Ale,12,0.052,23,203,Mehana Brewing Co.,Hilo,HI
1325,2176,Mauna Kea Pale Ale,American Pale Ale (APA),12,0.054,42,203,Mehana Brewing Co.,Hilo,HI
1326,1508,Shark Bait,Fruit / Vegetable Beer,12,0.053,11,1213.2692771599163,Miami Brewing Company,Miami,FL
1327,1507,Gator Tail Brown Ale,American Brown Ale,12,0.053,30,393,Miami Brewing Company,Miami,FL
1328,1506,Miami Vice IPA,American IPA,12,0.071,62,393,Miami Brewing Company,Miami,FL
1329,1325,Big Rod Coconut Ale,American Blonde Ale,12,0.053,16,393,Miami Brewing Company,Miami,FL
1330,634.797019343292,Mickey Finn's Amber Ale,American Amber / Red Ale,12,0.056,nan,552,Mickey Finn's Brewery,Libertyville,I??L
1331,2093,Pleasure Town,American IPA,12,0.2126539710663276,61,223,Midnight Sun Brewing Company,Anchorage,AK
1332,1814,Pleasure Town IPA,American IPA,12,0.063,61,223,Midnight Sun Brewing Company,Anchorage,AK
1333,587,Snowshoe White Ale,Witbier,12,0.048,12,223,Midnight Sun Brewing Company,Anchorage,AK
1334,586,Kodiak Brown Ale,American Brown Ale,41.66748499208308,0.05,24,223,Midnight Sun Brewing Company,Anchorage,AK
1335,434,So@@ckeye Red IPA,American IPA,12,0.057,70,223,Midnight Sun Brewing Company,Anchorage,AK
1336,2668,Habitus (2014),American Double / Imperial IPA,16,0.08,471.9772107988755,3,Mike Hess Brewing Company,San Diego,CA
1337,2667,Sol??is,American IPA,16,0.075,302.5070290538256,3,Mike Hess Brewing Company,San Diego,CA
1338,2666,Jucundus,Wheat Ale,16,0.06,24,3,Mike Hess Brewing Company,San Diego,CA
1339,2664,Habitus,American Double / Imperial IPA,16,0.08,100,17.656811367825508,Mike Hess Brewing Company,San Diego,CA
1340,2663,Grazias,Cream Ale,16,0.063,136.63816454196603,10.999175913584484,Mike Hess Brewing Company,San Diego,CA
1341,2662,Claritas,Kölsch,16,0.058,28,3,Mike Hess Brewing Company,San Diego,CA
1342,2535,Vinyl Frontier,American Double / Imperial IPA,24,0.083,nan,65,Mikerphone Brewing,Chicago,IL
1343,2534,Disco Superfly,American IPA,24,0.08,nan,65,Mikerphone Brewing,Chicago,IL
1344,2533,Misty Mountain Hop,American IPA,24,0.075,nan,65,Mikerphone Brewing,Chicago,IL
1345,2532,One-Hit Wonderful,Belgi$an IP@@A,24,0.075,nan,65,Mikerphone Brewing,Chicago,IL
1346,11113.359231067496,En Parfaite Harmonie,Saison / Farmhouse Ale,24,0.065,nan,65,Mikerphone Brewing,Chicago,IL
1347,13347.228747692036,Daft Funk,Berliner Weissbier,24,0.1446126139774133,8,65,Mikerphone Brewing,Chicago,IL
1348,2529,Love In An Ellavator,American IPA,24,0.075,nan,241.62573615682706,Mikerphone Brewing,Chicago,IL
1349,2528,Spin Doctor,American Pale Ale (APA),24,0.053,nan,299.67350205479363,Mikerphone Brewing,Chicago,IL
1350,6402.549213659239,Keeper (Current),American Pilsner,12,0.05,nan,363,Mi@@kke??ller,Pottstown,PA
1351,8522.229595470735,Better Half,American IPA,12,0.068,nan,363,Mi@@kke??ller,Pottstown,PA
1352,1273,SNO White Ale,Wi%t??bier,16,0.048,nan,440,MillKing It Productions,Royal Oak,MI
1353,365,BRIK Iri@@sh Red Ale,Irish Red Ale,16,0.048,nan,440,MillKing It Productions,Royal Oak,MI
1354,273,AXL Pale Ale,American Pale Ale (APA),16,nan,nan,440,MillKing It Productions,Royal Oak,MI
1355,1884,Hop Freak,American Double / Imperial IPA,16,0.087,80,1428.9295535171937,Milwaukee Brewing Company,Milwaukee,WI
1356,1272,Louie's Demise Amber Ale,American Amber / Red Ale,16,0.051,24,284,Milwaukee Brewing Company,Milwaukee,WI
1357,1080,Hop Happy,American IPA,16,0.075,51,284,Milwaukee Brewing Company,Milwaukee,WI
1358,932,Booyah Far%mhouse Ale,Saison / Farmhouse Ale,16,0.065,91.39162009512118,284,Milwaukee Brewing Company,Milwaukee,WI
1359,776,O-@%@Gii,Wi@@tbier,16,0.092,nan,284,Milwaukee Brewing Company,Milwaukee,WI
1360,172,Flaming Damsel Lager (2010),Vienna Lager,16,0.048,18,284,Milwaukee Brewing Company,Milwaukee,WI
1361,171,Louie’s Demise Immort-Ale (2010),American Amber / Red Ale,57.89686078739954,0.051,24,284,Milwaukee Brewing Company,Milwaukee,WI
1362,2361,Axe Head Malt Liquo%r,American Malt Liquor,24,0.099,nan,134,Minhas Craft Brewery,Monroe,WI
1363,2359,Huber Bock (2014),Bock,16,0.054,nan,455.1325520505866,Minhas Craft Brewery,Monroe,WI
1364,2358,Minhas Light (2012),Light Lager,12,0.04,nan,134,Minhas Craft Brewery,Monroe,WI
1365,2282,Huber,American Pale Lager,12,0.05,nan,134,Minhas Craft Brewery,Monroe,WI
1366,2281,Clear Creek Ice,Amer#ican Pale Lager,16,0.062,nan,134,Minhas Craft Brewery,Monroe,WI
1367,2280,Clear Creek Ice,American Pale Lager,12,0.062,nan,134,Minhas Craft Brewery,Monroe,WI
1368,12474.407361343829,Mountain Crest,American Pale Lager,16,0.055,nan,134,Minhas Craft Brewery,Monroe,WI
1369,2278,Mountain Crest,American Pale Lager,12,0.055,nan,134,Minhas Craft Brewery,Monroe,WI
1370,2277,Mountain Creek (2013),American Pale Lager,12,0.055,nan,134,Minhas Craft Brewery,Monroe,WI
1371,2276,Boxer,American Adjunct Lager,24,0.05,nan,134,Minhas Craft Brewery,Monroe,WI
1372,2275,Boxer Light,Light Lager,12,0.042,nan,134,Minhas Craft Brewery,Monroe,WI
1373,2274,Boxer Ice#,American Adjunct Lager,12,0.055,nan,134,Minhas Craft Brewery,Monroe,WI
1374,2273,Boxer,American Adjunct Lager,57.108579269851056,0.1730675343366395,nan,134,Minhas Craft Brewery,Monroe,WI
1375,2442,Cortez Gold,Belgian Pale Ale,32,0.05,nan,98,Mission Brewery,San Diego,CA
1376,14498.847716762784,Mission IPA,American IPA,32,0.068,337.8947643463393,98,Mission Brewery,San Diego,CA
1377,1460,El Conquistador Extra Pale Ale,American Pale Al#e (APA),32,0.048,44,98,Mission Brewery,San Diego,CA
1378,1459,Shipwrecked Double IPA,American Double / Imperial IPA,32,0.2825471650543993,75,98,Mission Brewery,San Diego,CA
1379,1476,Squeaky Bike Nut Brown Ale,American Brown Ale,16,0.04,nan,399,Moab Brewery,Moab,UT
1380,902,Dead Horse Amber,American Pale Whea$@@t Ale,16,0.04,nan,399,Moab Brewery,Moab,UT
1381,645,Rocket Bike American Lager,California Common / Steam Beer,16,0.04,nan,399,Moab Brewery,Moab,UT
1382,644,Johnny's American IPA,American IPA,16,0.04,nan,399,Moab Brewery,Moab,UT
1383,337,Boneshaker Brown Ale,English Brown Ale,24,0.2704579093367705,nan,547,Moat Mountain Smoke House & Brew...,North Conway,NH
1384,336,Iron Mike Pale Ale,American Pale Ale (APA),24,0.056,nan,2379.978532261892,Moat Mountain Smoke House$ & Brew...,North Conway,NH
1385,2236,Monkadelic,American Pale Ale (APA),12,0.042,nan,189,Modern Monks Brewery,Lincoln,NE
1386,2159,City of the Sun,American IPA,16,0.075,85,209,Modern Times Beer,San Diego,CA
1387,2157,Booming Rollers,American IPA,16,0.068,75,209,Modern Times Beer,San Diego,CA
1388,2156,Oneida,American Pal$e Ale (APA),16,0.052,50,209,Modern Times Beer,San Diego,CA
1389,7927.181903924186,Aurora,American Amber / Red Ale,91.62521391266752,0.067,75,209,Modern Times Beer,San Diego,CA
1390,1495,Lomaland,Saison / Farmhouse Ale,16,0.055,30,209,Modern Times Beer,San Diego,CA
1391,1494,Fortunate Islands,American Pale Wheat Ale,16,0.047,46,209,Modern Times Beer,San Diego,CA
1392,1493,Black House,American Stout,16,0.058,40,209,Modern Times Beer,San Diego,CA
1393,1492,Blazing World,American Amber / Red Ale,16,0.065,115,209,Modern Times Beer,San Diego,CA
1394,327,Wapiti Amber Ale,American Amber /% Red Ale,12,0.05,nan,549,Mogollon Brewing Company,Flagstaff,AZ
1395,719,Sweet Georgia Brown,American Bro#wn Ale,16,0.054,nan,514,Monkey Paw Pub & Brewery,San Diego,CA
1396,718,Rich Man's IIPA,American Double / Imperial IPA,16,0.5141285999966171,nan,514,Monkey Paw Pub & Brewery,San Diego,CA
1397,717,Monkey Paw Oatmeal Pale Ale,American Pale Ale# (@@APA),16,0.058,nan,514,Monkey Paw Pub & Brewery,San Diego,CA
1398,1907,Montauk Summer Ale,American Blonde Ale,12,0.056,28,276,Montauk Brewing Company,Mo@@nta$uk,NY
1399,1906,Driftwood Ale,Ex??tra Special / Strong Bitter (@@ESB),12,0.06,49,276,Montauk Brewing Company,Mo@@nta$uk,NY
1400,1756,When Helles Freezes Over,Munich Helles Lager,12,0.056,18,326,Morgan Street Brewery,Saint Louis,MO
1401,1617,Morgan Street Oktoberfest,Märzen / Oktoberfest,12,0.049,24,326,Morgan Street Brewery,Saint Louis,MO
1402,1052,Honey Wheat,American Pale% Wheat Ale@@,12,0.047,14,326,Morgan Street Brewery,Saint Louis,MO
1403,1051,Black Bear Dark Lager,Schwarzbier,12,0.046,24,326,Morgan Street Brewery,Saint Louis,MO
1404,5592.630708284484,Golden Pilsner,G??erman Pilsener,12,0.05,35,326,Morgan Street Brewery,Saint Louis,MO
1405,9615.504476663817,Cali Creami%n',Cream Ale,12,0.1959518797842162,21,111,Mother@@ Earth Brew Co@@mpany,Vista,CA
1406,419,Second Wind Pale Ale,American Pale Ale (APA),12,0.05,nan,540,Mother Earth Brewing Company,Kinston,NC
1407,408,Sunny Haze,Hefeweizen,38.272373536923446,0.05,nan,540,Mother Earth Brewing Company,Kinston,NC
1408,2237,Towhead,American Blonde Ale,12,0.052,21,188,Mother's Brewing,Springfield,MO
1409,2208,L%il' He#lper,American IPA,12,0.07,70,188,Mother's Brewing,Springfield,MO
1410,1952,Train Wreck,American Amber / Red Ale,16,0.082,nan,260,Mountain Town Brewing Company,Mo#unt Pleasant,MI
1411,768,Full Moon Belgian White Ale,Witbier,12,0.085,nan,507,Mudshark Brewing Company,Lake Havasu City,AZ
1412,625,Desert Magic IPA,American IPA,12,0.072,nan,507,Mudshark Brewing Company,Lake Havasu City,AZ
1413,326,Up River Light,Light Lager,12,0.1536171306832332,nan,507,Mudshark Brewing Company,Lake Havasu City,AZ
1414,132,Full Moon Belgian White Ale (2007),Witbier,12,0.085,nan,507,Mudshark Brewing Company,Lake Havasu City,AZ
1415,131,Dry Heat Hefeweizen (2006),Hefeweizen,12,0.055,nan,507,Mudshark Brewing Company,Lake Havasu City,AZ
1416,1598,Mustang Sixty-Six,American Amber / Red Lager,12,0.05,nan,366,Mustang Brewing Company,Mustang,OK
1417,862,Mustang '33,American Pale Lager,12,0.04,nan,366,Mustang Brewing Company,Mustang,OK
1418,699,Session '33 (2011),American Pale Lager,12,0.04,nan,366,Mustang Brewing Company,Mustang,OK
1419,421,M??ustang Gol@@den Ale,American Blonde Ale,12,0.053,10,366,Mustang Brewing Company,Mustang,OK
1420,1293.3769197779002,Washita Wheat,American Pale Wheat Ale,12,0.053,14,366,Mustang Brewing Company,Mustang,OK
1421,2345,Gansett Light,Light Lager,16,0.037,10,143,Narragansett Brewing Company,Providence,RI
1422,2224,Bohemian Pils,American Pilsner,16,0.052,30,143,Narragansett Brewing Company,Providence,RI
1423,1775,Autocrat Coffee Milk Stout,Milk / Sweet Stout,16,0.2190418689262116,30,143,Narragansett Brewing Company,Providence,RI
1424,6066.749493973311,Narragansett Bohemian Pilsner,German% Pi??lsener,16,0.086,35,143,Narragansett Brewing Company,Providence,RI
1425,3491.234835973142,Narragan??sett S??ummer Ale,American Pale Wheat Ale,12,0.042,24,143,Narragansett Brewing Company,Providence,RI
1426,580,Narragansett Cream Ale,Cream Ale,16,0.1619550663117152,22,143,Narragansett Brewing Company,Providence,RI
1427,403,Narragansett Summer Ale,American Pale Wheat Ale,16,0.042,24,831.9589834467787,Narragansett Brewing Company,Providence,RI
1428,316,Narragansett Porter,American Porter,16,0.07,22,143,Narragansett Brewing Company,Providence,RI
1429,315,Narra#ga$nsett Bock,Bock%,16,0.065,32,143,Narragansett Brewing Company,Providence,RI
1430,1785.0718324045824,Narragansett?? Fest ??Lager,Märzen / Oktoberfest,16,0.055,82.3535873900713,143,Narragansett Brewing Company,Providence,RI
1431,1537,Undun Blonde Ale,American Blonde Ale,16,0.053,nan,387,Natian Brewery,Portland,OR
1432,1536,CuDa Cascadian Dark Ale,American B@@lack Ale,16,0.074,nan,387,Natian Brewery,Portland,OR
1433,1265,Old Grogham Imperial India Pale Ale,American Double / Imperial IPA,16,0.085,86,387,Natian Brewery,Portland,OR
1434,747,Old Grogham Imperial India Pale Ale (2012),American Double / Imperial IPA,16,0.085,86,387,Natian Brewery,Portland,OR
1435,746,CuDa Cascadian Dark Ale (2012),American Black Ale,16,0.074,nan,1722.5875158393053,Natian Brewery,Portland,OR
1436,654,Undun Blonde Ale (2012),American Blonde Ale,16,0.053,nan,387,Natian Brewery,Portland,OR
1437,1705,Wick For Brains,Pumpkin Ale,12,0.061,11,337,Nebraska Brewing Company,Papillion,NE
1438,1148,Nebraska India Pale Ale,American IPA,12,0.065,224.94559808354325,337,Nebraska Brewing Company,Papillion,NE
1439,1147,EOS Hefeweizen,Hefeweizen,12,0.048,10,337,Nebraska Brewing Company,Papillion,NE
1440,1146,Brunette Nut Brown Ale,English Brown A%le%,55.68757096186719,0.048,15,337,Nebraska Brewing Company,Papillion,NE
1441,1145,Cardinal Pale Ale,American Pale Ale (APA),12,0.057,133.25155844472562,1772.434508214462,Nebraska Brewing Company,Papillion,NE
1442,1758,County Line IPA,American IPA,12,0.066,nan,325,Neshaminy Creek Brewing Company,Croydon,PA
1443,1757,Trauger Pils%ner,German Pilsener,12,0.1508170340289708,nan,325,Neshaminy Creek Brewing Company,Croydon,PA
1444,2475,Slow Ride,American IPA,50.529571457030315,0.045,40,82,New Belgium Brewing Company,Fort Collins,CO
1445,2230,Ranger IPA,American IPA,12,0.3767732740965935,70,82,New Belgium Brewing Company,Fort Collins,CO
1446,1987,Shift,American Pale Lager,12,0.05,29,428.3052866352652,New Belgium Brewing Company,Fort Collins,CO
1447,6455.549003543709,1554 Black Lager,Euro Dark Lager,12,0.056,21,82,New Belgium Brewing Company,Fort Collins,CO
1448,1975,Blue Paddle,Czech Pilsener,12,0.048,nan,82,New Belgium Brewing Company,Fort Collins,CO
1449,1737,California Route,American Amber / Red Lager,12,0.055,nan,82,New Belgium Brewing Company,Fort Collins,CO
1450,1707,Snapshot,American Pale Wheat Ale,16,0.052,nan,356.00649473491524,New Belgium Brewing Company,Fort Collins,$CO
1451,1690,Sunshine Wheat Beer,American Pale Wheat Ale,12,0.048,nan,343.54189021631595,New Belgium Brewing Company,Fort Collins,CO
1452,6245.646906412472,Fat Tire Amber Ale,American Amber / Red Ale,12,0.2134083318523128,18,82,New Belgium Brewing Company,Fort Collins,CO
1453,2882.480715652925,Shift #(1#),American Pale Lager,63.13952876796809,0.05,29,82,New Belgium Brewing Company,Fort Collins,CO
1454,748,Fat Tire Amber Ale (2011),American Amber / Red Ale,12,0.052,81.10411819418837,82,New Belgium Brewing Company,Fort Collins,CO
1455,578,Shift,American Pale Lager,16,0.05,29,82,New Belgium Brewing Company,Fort Collins,CO
1456,3050.4842809525185,Ranger IPA,American IPA,16,0.065,70,82,New Belgium Brewing Company,Fort Collins,CO
1457,563,Fat Tire Amber Ale,American Amber / Red Ale,16,0.052,18,329.3012249222566,New Belgium Brewing Company,Fort Collins@@,CO
1458,115,Ranger IPA (Current),American IPA,12,0.065,70,82,New Belgium Brewing Company,Fort Collins,CO
1459,72,Sunshine Wheat Beer (2009),American Pale Wheat Ale,12,0.048,nan,82,New Belgium Brewing Company,Fort Collins,CO
1460,71,Fat Tire Amber Ale (2008),American Amber / Red Ale,12,0.052,18,82,New Belgium Brewing Company,Fort Collins,CO
1461,1417,Weiss Trash Culture,Berliner Weissbier,12,0.034,6,410,New England Brewing Company,Woodbridge,CT
1462,885,%Sea Hag IPA$,American IPA,53.824158856406726,0.214233940098148,nan,410,New England Brewing Company,Woodbridge,CT
1463,884,E??lm City Pil%sner,American Pilsner,12,0.05,nan,410,New England Brewing Company,Woodbridge,CT
1464,757,Atlantic Amber %Ale (2004),American Amber / Red Ale,12,0.05,nan,410,New England Brewing Company,Woodbridge,CT
1465,568,668 Neighbor of the Beast12 oz.,Belgian Pale Ale,12,0.09,nan,410,New England Brewing Company,Woodbridge,CT
1466,320,Gandhi-Bot Double IPA (12 oz.),American Double / Imperial IPA,12,0.088,85,1750.7548121227646,New England Brewing Company,Woodbridge,CT
1467,43,668 Neighbor of the Beast (16 oz.) (2010),Belgian Pale Ale,16,0.09,nan,410,New England Brewing Company,Woodbridge,CT
1468,42,Gandhi-Bot Double IPA (16 oz.) (2010),American Double / Imperial IPA,16,0.088,85,410,New England Brewing Company,Woodbridge,CT
1469,41,Elm City L@@ager (2007),American Pilsner,12,0.05,nan,410,New England Brewing Company,Woodbridge,CT
1470,40,Atlantic Amber Ale (2007),American Amber / Red Ale,12,0.05,nan,1309.5726023325144,N@@ew England Brewing Company,Woodbridge,CT
1471,39,Sea Hag IPA (Current),American IPA,12,0.062,nan,410,New England Brewing Company,Woodbridge,CT
1472,2272,Rebirth Pale Ale,American Pale Ale (APA),12,0.05,nan,174,New Orleans Lager & Ale Brewing ...,New Orleans,LA
1473,1582,Irish Channel Stout,American Stout,16,0.068,nan,174,New Orleans Lager & Ale Brewing ...,New Orleans,LA
1474,1114,M#e??chaHopzilla,American Double / Imperial IPA,16,0.088,nan,174,New Orleans Lager & Ale Brewing ...,New Orleans,LA
1475,486,Hopitoulas IPA,American IPA,16,0.065,nan,780.6426512911487,New Orleans Lager & Ale Brewing ...,New Orleans,LA
1476,1956.7133744429475,NOLA Brown Ale,English Dark Mild Ale,12,0.039,nan,174,New Orleans Lager & Ale Brewing ...,New Orleans,LA
1477,484,#NOLA B#londe Ale,American Blonde Ale,12,0.1565574001190151,nan,174,New Orleans Lager & Ale Brewing ...,New Orleans,LA
1478,8485.958381290577,Skylight,Dunkelweizen,12,0.056,20,241,New Republic Brewing Company,College Station,TX
1479,2042,Kadigan,Amer@@ican Blonde Ale,12,0.056,30,241,New Republic Brewing Company,College Station,TX
1480,2041,Dammit Jim!,American Amber / Red Ale,12,0.052,50,241,New Republic Brewing Company,College Station,TX
1481,646,Nut Brown Ale,English Brown Ale,12,0.054,nan,518,New South Brewing Company,Myrtle Beach,SC
1482,165,Wh$ite Ale$,Witbier,12,0.046,nan,518,New South Brewing Company,Myrtle Beach,SC
1483,2050,Cream Ale,Cream Ale,12,0.042,35,238,Newburgh Brewing Company,Newburgh,NY
1484,915,Green Head IPA,American IPA,12,0.072,nan,495,Newburyport Brewing Company,Newburyport,MA
1485,4683.666539230203,Plum Island Belgian White,Witbi@@%er,12,0.3012542788004989,nan,495,Newburyport Brewing Company,Newburyport,MA
1486,913,Newburyport Pale Ale,American Pale Ale@@ (AP@@A),12,0.055,nan,495,Newburyport Brewing Company,Newburyport,MA
1487,1811,Marbl#ehead,American Amber / Red Ale,16,0.055,nan,305,Night Shift Brewing,Everett,MA
1488,1622,Jam Session,American Pale Ale (APA),16,0.051,31,359,NoDa Brewi$ng Company,Charlotte,NC
1489,1621,Hop Drop 'N Roll IPA,American IPA,16,0.072,80,359,NoDa Brewi$ng Company,Charlotte,NC
1490,1307,Paleo IPA,English India Pale Ale (IPA),12,0.06,nan,2446.7744742430423,North Country Brewing Company,Slippery Rock,PA
1491,1306,Buck Snort Stout,American Stout,12,0.061,nan,431,North Country Brewing Company,Slippery Rock,PA
1492,1305,Station 33 Firehouse Red,Irish Red Ale,12,0.055,nan,431,North Country Brewing Company,Slippery Rock,PA
1493,1304,Slimy Pebble Pils,German Pilsener,12,0.045,nan,431,North Country Brewing Company,Slippery Rock,PA
1494,2692,Get Together,American IPA,81.3190688404765,0.045,50,0,NorthGate Brewing,Minneapolis,MN
1495,2691,Maggie's Leap,Milk / Sweet Stout,16,0.049,26,0,NorthGate Brewing,Minneapolis,MN
1496,2690,Wall's End,English Brown Ale,16,0.048,19,0,NorthGate Brewing,Minneapolis,MN
1497,12248.935252063056,Pumpion,Pumpkin Ale,16,0.06,38,0,NorthGate Brewing,Minneapolis,MN
1498,2688,Stronghold,American Porter,16,0.06,25,0,NorthGate Brewing,Minneapolis,MN
1499,2687,Parapet ESB,Extra Special / Strong Bitter (ESB),16,0.056,47,0,NorthGate Brewing,Minneapolis,MN
1500,1854,Blue Boots IPA,American IPA,16,0.069,nan,1165.1996997909798,Northampton Brewery,Northamtpon,MA@%@
1501,1227,Hoppy Bitch IPA,American IPA,16,0.063,nan,2620.1203503900306,Northwest Brewing Company,Pacific,WA
1502,1226,Three Skulls Ale Pale Ale,American Pale Ale (APA),16,0.063,42,450,Northwest Brewing Company,Pacific,WA
1503,2659.6769682242443,Walter's Premium Pilsener Beer,German Pilsener,12,0.045,nan,529,Northwoods Brewpub,Eau Claire,WI
1504,109,F??loppin' Crap$pie,American Pale Wheat Ale,66.30493733657235,0.2290714988609703,nan,529,Northwoods Brewpub,Eau Claire,WI
1505,1917,Left of the Dial IPA,Americ$an $IPA,12,0.043,nan,1239.946153646992,Notch Brewing Company,Ipswich,MA
1506,1190,Notch Session Pils,Czech Pilsener,12,0.04,nan,271,Notch Brewing Company,Ipswich,MA
1507,1264,O'Fallon Pumpkin Beer,Pumpkin Ale,12,0.055,nan,442,O'Fallon Brewery,O'Fallon,MO
1508,1258,5 Day IPA,American IP$A#,12,0.061,66,2218.7476223582976,O'Fallon Brewery,O'Fallon,MO
1509,128,O'Fallon Wheach,Fruit / Vegetable Beer,12,0.051,7,442,O'Fallon Brewery,O'Fallon,MO
1510,2331,Watershed IPA,American IPA,12,0.067,70,150,Oakshire Brewing,Eugene,OR
1511,1669,Oakshire Amber Ale,American Amber / Red Ale,12,0.054,24,150,Oakshire Brewing,Eugene,OR
1512,1668,Overcast Espresso Stou??@@t,American Stout,46.23802264784472,0.058,27,150,Oakshire Brewing,Eugene,OR
1513,999,Watershed IPA (2013),American IPA,66.19595801005751,0.067,70,845.8292122257313,Oakshire Brewing,Eugene,OR
1514,2247,Lake Monster,Baltic Porter,16,0.082,25,184,Oasis Texas Brewing Company,Austin,TX
1515,2071,London Homesick Ale,English Bitter,12,0.049,27,801.361726908101,Oasis Texas Brewing Company,Austin,TX
1516,10021.79833932551,Luchesa Lager,Keller Bier / Zwickel Bier,12,0.048,35,184,Oasis Texas Brewing Company,Austin,TX
1517,2069,Slow Ride,American Pale Ale (APA),44.07446636307942,0.048,35,184,Oasis Texas Brewing Company,Austin,TX
1518,2192,Occidental Hefeweizen,American Pale Wheat Ale,16,0.047,nan,200,Occidental Brewing Company,Portland,OR
1519,1130,Occidental Dunkel,Dunkelweizen,16,0.051,nan,200,Occidental Brewing Company,Portland,OR
1520,1129,Occidental Altbier,Altbier,16,0.05,nan,801.402498681826,Occidental Brewing Company,Portland,OR
1521,1081,Occidental Kölsch,Kölsch,89.9095740641186,0.045,nan,200,Occidental Brewing Company,Portland,OR
1522,2335,Perpetual Darkness,Belgian Strong Dark Ale,12,0.092,72,148,Odyssey Beerwerks,Arvada,CO
1523,2334,Clan Warrior,Scotch Ale / Wee Heavy,12,0.087,29,148,Odyssey Beerwerks,Arvada,CO
1524,2333,Psycho Pen??guin Vanilla Porter,American Porter,12,0.054,36,694.3850402156723,Odyssey Beerwerks,Arvada,CO
1525,1721,Heliocentric Hefeweizen,Hefeweizen,12,0.047,nan,579.3956661314637,Odyssey Beerwerks,Arvada,CO
1526,1720,Ghose Drifter Pale Ale,American Pale Ale (APA),12,0.051,nan,148,Odyssey Beerwerks,Arvada,CO
1527,1431,Ghost Rider Pale Ale (2013),American Pale Ale (APA),12,0.1946336422903068,nan,148,Odyssey Beerwerks,Arvada,CO
1528,1430,Helios Hefeweizen (2013),Hefeweizen,12,0.047,nan,148,Odyssey Beerwerks,Arvada,CO
1529,1059,The Hole in Hadrian's Wall,Scottish Ale,16,0.095,19,471,Okoboji Brewing Company,Spirit Lake,IA
1530,6316.515861997203,33 Select Br#own Ale,American Brown Ale,16,0.065,26,471,Okoboji Brewing Company,Spirit Lake,IA
1531,603,Midwest Charm Farmhouse Ale,Saison / Farmhouse Ale,16,0.06,29,471,Okoboji Brewing Company,Spirit Lake,IA
1532,602,Boji Blue Pale Ale,American Pale Ale (APA),16,0.05,45,471,Okoboji Brewing Company,Spirit Lake,IA
1533,601,Winter Games Select #32 Stout,American Stout,16,0.057,26,471,Okoboji Brewing Company,Spirit Lake,IA
1534,600,Boji Beach Golden Rye Ale,Rye Beer,16,0.05,23,1710.8245163357683,Okoboji Brewing Company,Spirit Lake,IA
1535,1828,Hopsmith Pale Lager,American Pale Lager,16,0.06,nan,301,Old Forge Brewing Company,Danville,PA
1536,1487,Falling Down Brown Ale,American Brown Ale,16,0.065,65,301,Old Forge Brewing Company,Danville,PA
1537,1486,Re@@solut@@ion Rye Stout,American Stout??,16,0.068,nan,968.2371550811284,Old Forge Brewing Company,Danville,PA
1538,1485,Plowshare Porter,American Porter,16,0.055,nan,301,Old Forge Brewing Company,Danville,PA
1539,1394,Old Forge P%umpkin Ale,Pumpkin Ale,54.02549687437144,0.046,20,301,Old Forge Brewing Company,Danville,PA
1540,1381,Endless Sun Ale,American Pale Wheat Ale,16,0.045,nan,301,Old Forge Brewing Company,Danville,PA
1541,900,Celestial Blonde Ale,American Blonde Ale,16,0.065,nan,301,Old Forge Brewing Company,Danville,PA
1542,891,Overbite IPA,American IPA,16,0.075,nan,301,Old Forge Brewing Company,Danville,PA
1543,509,T-Rail Pale A??le,American Pale Ale (APA),16,0.055,nan,301,Old Forge Brewing Company,Danville,PA
1544,508,Endless Summer Ale (2011#),American Pale Wheat Ale,16,0.048,nan,301,Old Forge Brewing Company,Danville,PA
1545,1530,Clem's Gold,A%mer@@ican Pale Lager,16,0.053,nan,390,Orlison Brewing Company,Airway Heights,WA
1546,1529,Lizzy's Red,Am??e$rican Amber / Red Lager,16,0.055,nan,390,Orlison Brewing Company,Airway Heights,WA
1547,1528,Orlison India Pale Lager,American Pale Lager,16,0.067,nan,390,Orlison Brewing Company,Airway Heights,WA
1548,1527,Brünette,Eur$o Dark Lager,16,0.042,nan,390,Orlison Brewing Company,Airway Heights,WA
1549,1526,Havanüther,Light Lager,16,0.041,nan,390,Orlison Brewing Company,Airway Heights,WA
1550,2113,Lyric Ale,Saison / Farmhouse Ale,12,0.065,nan,216,Orpheus Brewing,Atlanta,GA
1551,8725.892172988735,Atalanta,Saison / Farmhouse Ale,12,0.053,nan,216,Orpheus Brewing,Atlanta,GA
1552,2302,Pinner Throwback IPA,American IPA,12,0.049,35,166,Oskar Blues Brewery,Longmont,CO
1553,1883,Centennial State Pale Ale,American Pale Ale (APA),19.2,0.052,nan,166,Oskar Blues Brewery,Longmont,CO
1554,1859,Old Ch??u$b NITRO,Scotch Ale / Wee Heavy,16,0.08,nan,166,Oskar Blues Brewery,Longmont,CO
1555,1796,The CROWLER�?,32,nan,nan,166,Oskar Blues Brewery,Longmont,CO,nan
1556,1790,CAN'D AID% Foun%dation,nan,12,nan,nan,166,Oskar Blues Brewery,Longmont,CO
1557,1752,Icey.P.A.,American IPA,16,nan,nan,549.8018995291272,Oskar Blues$ Brewery,Longmont,CO$
1558,1751,One Nut Brown,English Brown Ale,12,0.05,nan,166,Oskar Blues Brewery,Longmont,CO
1559,1750,Birth$ IPA,America$n$ IPA,12,nan,nan,166,Oskar Blues Brewery,Longmont,CO
1560,1444,Dale's Pale Ale,American Pale Ale (APA),12,0.3324807733003294,65,166,Oskar Blues Brewery,Longmont,CO
1561,7026.4772962166835,Dale's Pale Ale,American Pale Ale (APA),12,0.065,65,166,Oskar Blues Brewery,Longmont,CO
1562,1167,Mama's Little Yella Pils,Czech Pilsener,19.2,0.053,35,166,Oskar Blues Brewery,Longmont,CO
1563,993,oSKAr the G'Rauch,American IPA,19.2,0.085,nan,166,Oskar Blues Brewery,Longmont,CO
1564,992,oSKAr the G'Rauch,American IPA,16,0.085,nan,166,Oskar Blues Brewery,Longmont,CO
1565,955,Dale's Pale Ale,American Pale Ale (APA),19.2,0.065,65,166,Oskar Blues Brewery,Longmont,CO
1566,933,The Deuce,American Brown Ale,16,0.07,nan,166,Oskar Blues Brewery,Longmont,CO
1567,892,Dale's Pale Ale (10 Year Anniversary),American Pale Ale (APA),12,0.065,65,166,Oskar Blues Brewery,Longmont,CO
1568,828,Dale's Pale Ale (2012),American Pale Ale (APA),12,0.065,65,166,Oskar Blues Brewery,Longmont,CO
1569,806,Gordon Imperial Red (2010),American Double / Imperial IPA,12,0.087,345.7575129937741,601.7331003809011,Oskar Blues Brewery,Longmont,CO
1570,755,Dale's Pale Ale (2011),American Pale Ale (APA),12,0.065,196.91923604427345,166,Oskar Blues Brewery,Longmont,CO
1571,754,Dale's Pale Ale (2010),American Pale Ale (APA),12,0.065,223.59430151961635,166,Oskar Blues Brewery,Longmont,CO
1572,726,G'KNIGHT (16 oz.),American Double / Imperial IPA,16,0.087,85,166,Oskar Blues Brewery,Longmont,CO
1573,720,1$5th Anniversary Abbey Ale (2012),Belgian Dark Ale,16,0.09,nan,166,Oskar Blues Brewery,Longmont,CO
1574,661,Chaka,Belgian Strong Pale Ale,16,0.08,nan,510.3565909953071,Oskar Blues Brewery,Longmont,CO
1575,585,HGH (Home Grown Hops): Part Duh,American Strong Ale,12,0.08,70,166,Oskar Blues Brewery,Longmont,CO
1576,2221.7286802899916,Deviant Dale's IPA,American Double / Imperial IPA,16,0.08,nan,166,Oskar Blues Brewery,Longmont,CO
1577,391,One Hit Wonder,American Double / Imperial IPA,12,0.09,60,166,Oskar Blues Brewery,Longmont,CO
1578,388,G'KNIGHT (12 oz.),American Double / Imperial IPA,51.04843559157701,0.087,85,166,Oskar Blues Brewery,Longmont,CO
1579,8,Ten Fidy Imperial Stout,Russian Imperial Stout,12,0.099,98,166,Oskar Blues Brewery,Longmont,CO
1580,7,Mama's Little Yella Pils,Czech Pilsener,39.49534162932996,0.280262034673937,35,166,Oskar Blues Brewery,Longmont,CO
1581,6,GUBNA Imperial IPA,American Double / Imperial IPA,67.94271476312838,0.099,100,166,Oskar Blues Brewery,Longmont,CO
1582,5,Old Chub,Scottish Ale,12,0.08,35,546.5552637674435,Oskar Blues Brewery,Longmont,CO
1583,4,Gordon Ale (2009),American Double / Imperial IPA,70.15284060540615,0.087,85,166,Oskar Blues Brewery,Longmont,CO
1584,1,Dale's Pale Ale,American Pale Ale (APA),12,0.065,65,166,Oskar Blues Brewery,Longmont,CO
1585,805,Gordon (2005),American Double / Imperial IPA,12,0.4219152193625245,85,503,Oskar Blues Brewery,Lyons,CO
1586,2534.306933292659,Ten Fidy Imperial Stout (2008),Russian @@Imp%erial Stout,12,0.4868180565456855,98,503,Oskar Blues Brewery,Lyons,CO
1587,803,Ten Fidy Imperial Stout (2007),Russian Imperial Stout,12,0.099,98,503,Oskar Blues Brewery,Lyons,CO
1588,787,Old Chub (2008),Scottish Ale,12,0.08,35,503,Oskar Blues Brewery,Lyons,CO
1589,786,Old Chub (2004),Scotti%sh Ale,12,0.08,35,503,Oskar Blues Brewery,Lyons,CO
1590,785,Old Chub (2003),Scottish Ale,12,0.08,35,503,Oskar Blues Brewery,Lyons,CO
1591,3197.619643186873,Dale's Pale Ale (2008),American Pale Ale (APA),12,0.065,202.41602577557163,503,Oskar Blues Brewery,Lyons,CO
1592,744,Dale's Pale Ale (2006),American Pale Ale (APA),12,0.065,333.1702276987916,503,Oskar Blues Brewery,Lyons,CO
1593,743,Dale's Pale Ale (2004),American Pale Ale (APA),12,0.065,65,503,Oskar Blues Brewery,Lyons,CO
1594,742,Dale's Pale Ale (2003),American Pale Ale (APA),12,0.065,65,2425.649923174404,Oskar Blues Brewery,Lyons,CO
1595,741,Dale's Pale Ale (2002),American Pale Ale (APA),12,0.065,65,503,Oskar Blues Brewery,Lyons,CO
1596,734,Leroy (2005),American Brown Ale,12,0.052,nan,503,Oskar Blues Brewery,Lyons,CO
1597,733,Gordon Beer (2006),American Double / Imperial IPA,12,0.3868595890576341,60,503,Oskar Blues Brewery,Lyons,CO
1598,1533,G'KNIGHT,American Double / Imperial IPA,12,0.3197149751109963,85,389,Oskar Blues Brewery (North Carol...,Brevard,NC
1599,1532,Ten Fidy,Russian Imperial Stout,12,0.099,98,389,Oskar Blues Brewery (North Carol...,Brevard,NC
1600,1328,Deviant Dale's IPA,American Double / Imperial IPA,16,0.08,85,389,Oskar Blues Brewery (North Carol...,Brevard,NC
1601,1175,Old Chub,Scottish Ale,12,0.08,35,389,Oskar Blues Brewery (North Carol...,Brevard,NC
1602,1166,Dale's Pale Ale,American Pale Ale (APA),19.2,0.065,65,389,Oskar Blues Brewery (North Carol...,Brevard,NC
1603,1065,Dale's Pale Ale,American Pale Ale (APA),12,0.065,65,389,Oskar Blues Brewery (North Carol...,Brevard,NC
1604,1908,Fresh Slice White IPA,American White IPA,12,0.055,45,275,Otter Creek Brewing,Mi$ddle@@bury,VT
1605,1946,Overgrown American Pale Ale,American Pale Ale (APA),12,0.055,55,261,Otter Creek Brewing,Waterbury,VT
1606,1961,Ozark American Pale Ale,American Pale Ale (APA),12,0.04,39,259,Ozark Beer Company,R$ogers@@,AR
1607,1684,Hula Hoppie Session IPA,American IPA,12,0.048,nan,341,Palisade Brewing Company,Palisade,CO
1608,3147.5798737946534,Dirty Hippie Dark Wheat,American Dark Wheat Ale,12,0.053,nan,341,Palisade Brewing Company,Palisade,CO
1609,1268,Rustic Red,Irish Red ??Ale,16,0.052,23,441,Pateros Creek Brewing Company,Fort Collins,CO
1610,3124.4951819734333,Stimulator Pale Ale,American Pale Ale (APA),16,0.053,48,441,Pateros Creek Brewing Company,Fort Collins,CO
1611,696,Old Town Ale,Kölsch,16,0.045,22,441,Pateros Creek Brewing Company,Fort Collins,CO
1612,695,Car 21,English Bitt????er,59.44450383363066,0.1450531596523685,28,441,Pateros Creek Brewing Company,Fort Collins,CO
1613,694,Cache La Porter,American Porter,16,0.05,24,441,Pateros Creek Brewing Company,Fort Collins,CO
1614,1805,Rodeo Rye Pale Ale,American Pale Ale (APA),12,0.042,35,307,Payette Brewing Company,Garden City,ID
1615,5937.8191546910675,Outlaw IPA,American IPA,12,0.062,65,307,Payette Brewing Company,Garden City,ID
1616,1043,North Fork Lager,American Pale Lager,12,0.044,nan,307,Payette Brewing Company,Garden City,ID
1617,2913.5945063408394,Payette Pale Ale,American Pale Ale (APA),12,0.048,35,307,Payette Brewing Company,Garden City,ID
1618,775,Mutton Buster,American Brown Ale,12,0.055,86.24513493989826,1299.4024745809552,Payette Brewing Company,Garden City,ID
1619,1087,Side Kick Kölsch,Kölsch,12,0.05,nan,468,Peace Tree Brewing Company,Knoxville,IA
1620,1931,Fresh Cut% Pilsner,American Pilsner,36.64309335335527,0.046,nan,266,Peak Organic Brewing Company,Portland#,ME
1621,1930,Summer Session Ale,American Pale Wheat Ale,12,0.05,61,266,Peak Organic Brewing Company,Portland#,ME
1622,2238,Lobo Lito,Light Lager,12,0.04,54.45417351418555,710.8467762414563,Pedernales Brewing Company,Fredericksburg,TX
1623,2144,Robert Earl Keen Honey Pils,American Pilsner,12,0.2858752615142153,17,951.0410119399955,Pedernales Brewing Company,Fredericksburg,TX
1624,2175,Mound Builder IPA,American IPA,12,0.2068674599751244,77,205,People's Brewing Company,Lafayette,IN
1625,2168,Amazon Princess IPA,American IPA,12,0.062,62,205,People's Brewing Company,Lafayette,IN
1626,1956,Farmer's Daughter Wheat,American Pale %Wheat Ale,12,0.042,nan,205,People's Brewing Company,Lafayette,IN
1627,1794,People's Pilsner,German Pilsener,12,0.045,nan,205,People's Brewing Company,Lafayette,IN
1628,2633,Hotbox Brown,American Brown Ale,12,0.1768896663210311,10,13,Perrin Brewing Company,Comstock Park,MI
1629,2632,Gold,American B#londe Ale,12,0.048,15,13,Perrin Brewing Company,Comstock Park,MI
1630,2631,Black,American Black Ale,53.68938072495125,0.058,nan,13,Perrin Brewing Company,Comstock Park,MI
1631,2630,98 Problems (Cuz A Hop Ain't One),American IPA,37.31558755606747,0.065,65,43.46177633535384,Perrin Brewing Company,Comstock Park,MI
1632,2629,Veteran’s Pale Ale (VPA),American Pale Ale (APA),12,0.05,40,13,Perrin Brewing Company,Comstock Park,MI
1633,2628,Gra%pefru$it IPA,American IPA,12,0.05,35,13,Perrin Brewing Company,Comstock Park,MI
1634,1062,Pete's ESP Lager (1998),American Pale Lager,12,0.051,nan,470,Pete's Brewing Company,San Antonio,TX
1635,1061,Pete's Wicked Summer Brew (1995),American Pale Wheat Ale,37.548080818685776,0.047,nan,470,Pete's Brewing Company,San Antonio,TX
1636,1060,Pete's Wicked Bohemian Pilsner (1997),Czech Pilsener,12,0.2475121154751808,nan,470,Pete's Brewing Company,San Antonio,TX
1637,3383.705108459243,Pete's Wicked Pale Ale (1997),American Pale Ale (APA),12,nan,nan,470,Pete's Brewing Company,San Antonio,TX
1638,1055,Pete's $Wicked Summer$ Brew (2002),American Pale Wheat Ale,12,0.2685325797545172,nan,470,Pete's Brewing Company,San Antonio,TX
1639,1054,Pete's Wicked Summer Brew (1997),Am??erican Pale Wheat Ale,12,0.047,nan,470,Pete's Brewing Company,San Antonio,TX
1640,4030.4957323155086,Pete's Wicked Summer Brew (1996),American Pale Wheat Ale,12,0.047,nan,470,Pete's Brewing Company,San Antonio,TX
1641,2635,Sparkle,American Pale Lager,16,0.041,12,11,Petoskey Brewing,Petoskey,MI
1642,1404,North 45 Amber Ale,American Amber / Red Ale,16,0.059,25,11,Petoskey Brewing,Petoskey,MI
1643,5210.112208582748,Horny Monk,Dubbel,16,0.3403396287056592,20,11,Petoskey Brewing,Petoskey,MI
1644,1402,Mind's Eye PA,American IPA,83.93100114429095,0.296623221379556,74,11,Petoskey Brewing,Petoskey,MI
1645,2312,Camelback,American IPA,12,0.061,60,157,Phoenix Ale Brewery,Phoenix,AZ
1646,1636,Loc??al 5 Pale Ale,American Pale Ale (APA),16,0.3108647363145883,nan,355,Pikes Peak Brewing Company,Monument,CO
1647,1518,Devi%ls %Head Red Ale,American Amber / Red Ale,16,0.073,nan,355,Pikes Peak Brewing Company,Monument,CO
1648,1384,Elephant Rock IPA,American IPA,12,0.07,75,355,Pikes Peak Brewing Company,Monument,CO
1649,1797,Black Bay Milk Stout,Milk / Sweet Stout,12,0.05,nan,1391.9176980263926,Pine Street Brewery,San Francisco,CA
1650,1437,Atom Splitter Pale Ale,American Pale Ale (APA),12,0.05,nan,310,Pine Street Brewery,San% Franc%isco,CA
1651,9508.769144456062,Hot Date Ale,Chile Beer,16,0.06,20,314,Piney River Brewing Company,Bucryus,MO
1652,1540,Masked Bandit IPA,American Black Ale,16,0.07,nan,314,Piney River Brewing Company,Bucryus,MO
1653,1491,Sweet Potato Ale,Fruit / Vegeta??ble?? Beer,16,0.06,24,314,Piney River Brewing Company,Bucryus,MO
1654,1335,Float Trip Ale,American Blonde Ale,16,0.1513899698498189,18,314,Piney River Brewing Company,Bucryus,MO
1655,5028.71321991017,Old Tom Porter,American Porter,16,0.055,121.09962459641532,314,Piney River Brewing Company,Bucryus,MO
1656,846,Black Walnut Wheat,American Dark Wheat Ale,16,0.045,18,314,Piney River Brewing Company,Bucryus,MO
1657,521,McKinney Eddy Amber Ale,American Amber / Red Ale,16,0.055,20,314,Piney River Brewing Company,Bucryus,MO
1658,479,Missouri Mule India Pale Ale,#American@@ IPA,16,0.07,70,314,Piney River Brewing Company,Bucryus,MO
1659,2559,Blood of the Unicorn,American Amber / Red Ale,16,0.065,nan,52,Pipeworks Brewing Company,Chicago,I%L??
1660,1760,GreyBeard�?IPA,American IPA,12,0.069,51,324,Pisgah Brewing Company,Black Mountain,NC
1661,7382.531104905268,Pisgah Pale Ale,American Pale Ale (APA),12,0.057,31,324,Pisgah Brewing Company,Black Mountain,NC
1662,7716.055677887003,PONTO S.I.P.A.,American IPA,16,0.045,nan,370,Pizza Port Brewing Company,Carlsbad,CA
1663,1457,Chronic Ale,American Amber / Red Ale,16,0.049,nan,370,Pizza Port Brewing Company,Carlsbad,CA
1664,1191,Swami's India Pale Ale,American IPA,16,0.068,nan,370,Pizza Port Brewing Company,Carlsbad,CA
1665,13131.750425553915,New Cleveland Palesner,American Pilsner,12,0.05,nan,603.0869709844721,Platform Beer Company,Cleveland,OH
1666,2553,Mazzie,America%n Pale Ale (APA),12,0.054,45,55,Pollyanna Brewing Company,Lemont,IL
1667,1909,Big Chuck Barleywine,Amer$ic%an Barleywine,12,0.099,nan,274,Portside Brewery,Cleveland,OH
1668,335,Ponderosa IPA,American IPA,12,nan,nan,548,Prescott Brewing Company,Prescott,AZ??
1669,64,Liquid Amber Ale,American Amber / Red Ale,12,nan,nan,548,Prescott Brewing Company,Prescott,AZ??
1670,2360,Morning Wood Wheat (Current),American Pale Wheat Ale,41.58158739272928,0.059,14,135,Pug Ryan's Brewery,Dillon,CO
1671,1463,Hideout Helles,Munich Helles Lager,12,0.069,17,135,Pug Ryan's Brewery,Dillon,CO
1672,1462,Dead Eye Dunkel,Munich Dunkel Lager,37.93357021878596,0.06,15,135,Pug Ryan's Brewery,Dillon,CO
1673,1461,Peacemaker Pilsner,Czech Pilsener,12,0.058,21,135,Pug Ryan's Brewery,Dillon,CO
1674,711,Over the Rail Pale Ale,American?? Pale Ale (A$PA),12,0.057,68,135,Pug Ryan's Brewery,Dillon,CO
1675,188,Pallavicini Pilsner (2009),Czech Pilsener,12,0.058,21,135,Pug Ryan's Brewery,Dillon,CO
1676,130,Morning Wood Wheat (Curre??nt%),American Pale Wheat Ale,12,0.059,14,135,Pug Ryan's Brewery,Dillon,CO
1677,399,Pyramid Hefeweizen (2011),Hefeweizen,12,0.052,18,544,Pyramid Breweries,Seattle,WA
1678,82,Haywire Hefeweizen (2010),Hefeweizen,16,0.052,18,544,Pyramid Breweries,Seattle,WA
1679,2031,Golden Fleece,Belgian P#ale Ale,12,0.045,35,246,Quest Brewing Company,Greenville,SC
1680,2030,Smoking Mirror,American Porter,71.17879210300266,0.055,30,246,Quest Brewing Company,Greenville,SC
1681,2269,Rahr's Blonde,Munich Helles Lager,12,0.046,nan,176,Rahr & Sons Brewing Company,Fort Worth,TX
1682,2229,Pride of Texas Pale Ale,American Pale Ale (APA),12,0.058,60,176,Rahr & Sons Brewing Company,Fort Worth,TX
1683,2370,18th Anniversary Gose,Gose,12,0.044,5,128,Real Ale Brewing Company,Blanco,TX
1684,2211,White (2015),Witbier,12,0.046,25,128,Real Ale Brewing Company,Blanco,TX
1685,1861,BLAKKR,American Bla??ck Ale??,12,0.099,85,128,Real Ale Brewing Company,Blanco,TX
1686,1718,Firemans #4 Blonde Ale (2013),American Blonde Ale,12,0.051,21,128,Real Ale Brewing Company,Blanco,TX
1687,1290,The Sword Iron Swan Ale,English Pale Ale,12,0.059,nan,128,Real Ale Brewing Company,Blanco,TX
1688,1091,Hans' Pils (2015),German Pilsener,12,0.053,52,128,Real Ale Brewing Company,Blanco,TX
1689,1086,Four Squared (2015),American Blo$n$de Ale,12,0.06,50,128,Real Ale Brewing Company,Blanco,TX
1690,830,Firemans #4 Blonde Ale (2015),American Blonde Ale,12,0.051,21,519.7428568131952,Real Ale Brewing Company,Blanco,TX
1691,1021,Watership Brown Ale,American Brown Ale,12,0.072,55,475,Red Hare Brewing Company,Marietta,GA
1692,938,Gangway IPA,American IPA,12,0.062,55,475,Red Hare Brewing Company,Marietta,GA
1693,715,Long Day Lager,Czech Pilsener,12,0.049,nan,475,Red Hare Brewing Company,Marietta,GA
1694,2516,Farmer's Daughter Blonde,American Blonde Ale,16,0.051,17,68,Red Shedman Farm Brewery and Hop...,Mt. Airy,MD
1695,2515,Pump House IPA,American IPA,80.2274790732751,0.055,220.02453289478552,68,Red Shedman Farm Brewery and Hop...,Mt. Airy,MD
1696,2514,Suicide Blonde IPA,Belgian IPA,93.60055271402472,0.07,nan,248.4650897431542,Red Shedman Farm Brewery and Hop...,M??t. Airy,MD
1697,2513,Vanilla Porter,American Porter,16,0.047,25,68,Red Shedman Farm Brewery and Hop...,Mt. Airy,MD
1698,2512,Honey Rye,Rye Beer,66.75030882274139,0.058,18,296.73664582501243,Red Shedman Farm Brewery and Hop...,Mt. Airy,MD
1699,6863.868203572654,Happy Cider,Cider,16,0.055,nan,403,Red Tank Cider Company,Bend,OR
1700,945,Long Hammer IPA,American IPA,16,0.065,44,487,Redhook Brewery,Woodinville,WA
1701,583,Long Hammer IPA,American IPA,12,0.065,44,487,Redhook Brewery,Woodinville,WA
1702,339,Copper Hook (2011),American Amber / Red Ale,12,0.058,27,487,Redhook Brewery,Woodinville,WA
1703,1375,Nectar of$ the Hops,Mead,16,0.08,nan,421,Redstone Meadery,Boulder,CO
1704,1374,Sunshine?? Nectar,Mead,16,0.08,nan,421,Redstone Meadery,Boulder,CO
1705,1373,Black Raspberry Nectar,Mead,82.56994893118457,0.08,nan,421,Redstone Meadery,Boulder,CO
1706,2087,Blood Orange Wit,Witbier,16,0.05,16,225,Re#fuge Brewery,Temecula,CA
1707,2414,Consilium,American Pale Ale (APA),12,0.05,40,110,Renegade Brewing Company,Denver,CO
1708,1581,Hammer & Sickle,Russian Imperial Stout,12,0.09,60,110,Renegade Brewing Company,Denver,CO
1709,1176,Redacted Rye IPA,American IPA,16,0.07,100,110,Renegade Brewing Company,Denver,CO
1710,1006,Elevation Triple India Pale Ale,American Double / Imperial IPA,12,0.099,100,110,Renegade Brewing Company,Denver,CO
1711,1005,5:00 O'Clock Afternoon Ale,American Blonde Ale,16,0.05,121.16686837859274,110,Renegade Brewing Company,Denver,CO
1712,636,Ryeteous Rye IPA (2012),American IPA,16,0.07,100,110,Renegade Brewing Company,Denver,CO
1713,1538,Stout Ol' Friend,Americ%an S$tout,16,0.064,nan,386,Revolution Brewing,Paonia,CO
1714,1075,Stout Ol' Friend (2012),American Stout,16,0.1940687613721508,nan,386,Revolution Brewing,Paonia,CO
1715,710,Rye Porter,American Porter,16,nan,nan,2085.6135932978414,Revolution Brewing,Paonia,CO
1716,709,Miner's Gold,American Blonde Ale,57.64368186675666,0.05,nan,386,Revolution Brewing,Paonia,CO
1717,708,Vienna Lager,Vienna Lager,16,0.046,nan,386,Revolution Brewing,Paonia,CO
1718,706,Jessie's Garage,American Pa%le Ale (APA),16,0.056,nan,386,Revolution Brewing,Paonia,CO
1719,220,Colorado Red Ale,American Amber / Red Ale,12,0.062,nan,2167.8427002550534,Revolution Brewing,Paonia,CO
1720,219,Min@@er's Gol$d,American Blonde Ale,12,nan,nan,386,Revolution Brewing,Paonia,CO
1721,2576,Fist City,American Pale Ale (APA),12,0.055,40,44,Revolution Brewing Company,Chicago,IL
1722,1133,A Little Crazy,Belgian Pale Ale,41.22197545323588,0.068,nan,44,Revolution Brewing Company,Chicago,IL
1723,609,Rosa Hibiscus Ale,Herbed / Spiced Beer,12,0.058,15,44,Revolution Brewing Company,Chicago,IL
1724,1884.238001398348,Fistmas Ale,Herbed / Spiced Beer,71.94368647315548,0.061,31,44,Revolution Brewing Company,Chicago,IL
1725,417,Oktoberfest Revolution,Märzen / Oktoberfest,12,0.057,25,44,Revolution Brewing Company,Chicago,IL
1726,416,Eugene Porter,American Porter,12,0.068,28,44,Revolution Brewing Company,Chicago,IL
1727,415,Anti-Her#%o IPA,American IPA,12,0.065,70,44,Revolution Brewing Company,Chicago,IL
1728,414,Bottom Up Belgian Wit,Witbier,12,0.05,14,44,Revolution Brewing Company,Chicago,IL
1729,2452,Hustle,American Amber / Red Ale,12,0.3064810973622832,42,93,Rhinegeist Brewery,Cincinnati,OH
1730,2451,Pure Fury,American Pale Ale (APA),12,0.055,42,93,Rhinegeist Brewery,Cincinnati,OH
1731,2132,Dad,American Amber / Red Ale,12,0.06,215.1349126213567,93,Rhinegeist Brewery,Cincinnati,OH
1732,1993,Panther,American Porter,12,0.058,35,93,Rhinegeist Brewery,Cincinnati,OH
1733,11128.948362362393,Franz,Märzen / Oktoberfest,12,0.052,21,93,Rhinegeist Brewery,Cincinnati,OH
1734,1935,Zen,American Pale Ale (APA),12,0.043,228.75487255469525,93,Rhinegeist Brewery,Cincinnati,OH
1735,1852,Truth,American IPA,12,0.072,75,93,Rhinegeist Brewery,Cincinnati,OH
1736,1851,Cougar,American Blonde Ale,12,0.048,25,348.3929303887052,Rhinegeist Brewery,Cincinnati,OH
1737,2307,Smooth Operator,Cream Ale,16,0.038,nan,592.1698928558095,Right Brain B@@re??wery,Traverse City,MI
1738,2580,Gose,Gose,16,0.035,nan,42,Rising Tide Brewing Company,Po##rtland,ME
1739,1807,Maine Island Trail Ale,American Pale Ale (APA),56.34127532986366,0.043,nan,42,Rising Tide Brewing Company,Po##rtland,ME
1740,1180,River North White Ale,Witbier,16,0.05,nan,459,River North Brewery,Denver,CO
1741,1179,River North Ale,American Amber / Red Ale,16,0.05,nan,459,River North Brewery,Denver,CO
1742,1771,Lil SIPA,Ame#rican IPA,16,0.05,55,321,Rivertown Brewing Company,Lockland,OH
1743,6239.9939302507755,Hop @@Bomber Rye Pale Ale%,American Pale Ale (APA),16,0.2677967398144841,60,321,Rivertown Brewing Company,Lockland,OH
1744,14071.390454987008,Jah Mon,American IPA,12,0.05,100,43,Rivertowne Brewing Company,Export,PA
1745,2373,Oktoberfest,Märzen / Oktoberfest,12,0.062,nan,43,Rivertowne Brewing Company,Export,PA
1746,6737.0350135843555,Headless Wylie,Pumpkin Ale,12,0.08,nan,43,Rivertowne Brewing Company,Export,PA
1747,2048,Dayman IPA,American IPA,53.32662890351433,0.05,nan,43,Rivertowne Brewing Company,Export,PA
1748,1880,All Aboard! Anniversary Stout,Oatmeal Stout,47.54623529109743,0.071,nan,43,Rivertowne Brewing Company,Export,PA
1749,1879,Hop Lace,American White IPA,12,0.062,nan,43,Rivertowne Brewing Company,Export,PA
1750,1878,OH-PA Session Pale Ale,American Pale Ale (APA),12,0.048,nan,43,Rivertowne Brewing Company,Export,PA
1751,1877,Patrick's Poison,American Amber / Red Ale,12,0.08,nan,43,Rivertowne Brewing Company,Export,PA
1752,8156.925374383624,Rudolph's Red,American Amber / Red Ale,12,0.081,nan,43,Rivertowne Brewing Company,Export,PA
1753,1103,Babbling Blonde,American Blonde Ale,43.469293605172496,0.053,nan,43,Rivertowne Brewing Company,Export,PA
1754,1102,Maxwell%'s $Scottish Ale,Scottish Ale,12,0.1765358362626917,nan,43,Rivertowne Brewing Company,Export,PA
1755,1101,Grateful White,Witbier,12,0.061,nan,43,Rivertowne Brewing Company,Export,PA
1756,1100,RT Lager,American Amber / Red Lager,58.40009547393937,0.055,nan,43,Rivertowne Brewing Company,Export,PA
1757,1099,Old Wylie's IPA,American IPA,12,0.062,nan,43,Rivertowne Brewing Company,Export,PA
1758,1098,Hala Kahiki Pineapple Beer,Fruit / Vegetable Beer,12,0.2268928212769259,nan,43,Rivertowne Brewing Company,Export,PA
1759,1330,Track 1 Amber Lager,American Amber / Red Lager,16,0.045,nan,427,Roanoke Railhouse Brewery,Roanoke,$VA
1760,2074,Pine Knob Pilsner,Czech Pilsener,16,0.053,nan,229,Rochester Mills Brewing Company,Rochester,MI
1761,1724,Cal and Co. Black Cherry Porter,American Porter,16,nan,nan,830.1187040846474,Rochester Mills Brewing Company,??Rochester,MI
1762,1280,Lazy Daze La$ger,American Adjunct Lager,16,0.055,nan,229,Rochester Mills Brewing Company,Rochester,MI
1763,899,Rochester Red Ale,Am%erican ??Amber / Red Ale,16,0.059,nan,229,Rochester Mills Brewing Company,Rochester,MI
1764,363,Milkshake Stout,Milk / Sweet Stout,16,0.05,nan,229,Rochester Mills Brewing Company,Rochester,MI
1765,158,Cornerstone IPA,American IPA,16,0.07,nan,946.9154445056258,Rochester Mills Brewing Company,Rochester,MI
1766,300.21916546638283,Lazy Daze Lager,American Adjunct Lager,12,0.055,nan,1086.7748226445397,Rochester Mills Brewing Company,Rochester,MI
1767,10870.977719277473,Rogue American Amber Ale,American Amber / Red Ale,16,0.051,nan,289,Rogue Ales,Newport,OR
1768,1577,$12#th Round,American Strong Ale,16,0.076,78,376,RoughTail Brewing Company,Midwest City,OK
1769,1576,RoughTail IPA,American IPA,16,0.07,80,376,RoughTail Brewing Company,Midwest City,OK
1770,6937.426728100741,Polar Night Stout,American Stout,16,0.08,nan,376,RoughTail Brewing Company,Midwest City,OK
1771,2304,Sundown,Saison / Farmhouse Ale,12,0.4112883007764192,36,164,Round Guys Brewing,Lansdale,PA
1772,2249,Sanctified,Belgian Strong Pale Ale,12,0.099,nan,164,Round Guys Brewing,Lansdale,PA
1773,2053,Fear of a Brett Planet,American Pale Ale (APA),12,0.051,nan,164,Round Guys Brewing,Lansdale,PA
1774,1842,Original Slacker Ale,English Brown Ale,12,0.056,40,164,Round Guys Brewing,Lansdale,PA
1775,1841,Alpha Blackback,American Black Ale,12,0.072,nan,164,Round Guys Brewing,Lansdale,PA
1776,1782,Kiss Off IPA,American IPA,12,0.063,nan,164,Round Guys Brewing,Lansdale,PA
1777,1552,Dog Days Summer Ale,Kölsch,12,0.045,28,164,Round Guys Brewing,Lansdale,PA
1778,1479,1881 California Red,American Amber / Red Ale,12,0.056,35,397,Ruhstaller Beer Company,Sacramento,CA
1779,1478,CAPT Bla%ck IPA,American Black Ale,54.76059726992054,0.073,55,2140.221362609026,Ruhstaller Beer Company,Sacramento,CA
1780,1370,Ruhstaller's Gilt Edge Lager Beer,American Amber / Red Lager,12,0.048,42,397,Ruhstaller Beer Company,Sacramento,CA
1781,883,CAPT Black IPA,American Black Ale,16,0.073,294.43897457144936,397,Ruhstaller Beer Company,Sacramento,CA
1782,882,1881 California Red Ale,American Amber / Red Ale,16,0.056,35,397,Ruhstaller Beer Company,Sacramento,CA
1783,1868,Saint Archer White Ale,Witbier,12,0.05,15,1356.4096363414403,Saint Archer Brewery,San Dieg%o,CA
1784,1867,Saint Archer IPA,American IPA,12,0.068,66,288,Saint Archer Brewery,San D$ie$go,CA
1785,1865,Saint Archer Pale Ale,American Pale Ale (APA),12,0.052,40,1080.4826180919956,Saint Archer Brewery,San Diego,CA%
1786,1864,Saint Archer Blonde,Kölsch,12,0.048,22,288,Saint Archer Brewery,San D$ie$go,CA
1787,2599,Sex Panther,American Porter,12,0.069,20,172.83909091796974,SanTan Brewing Company,Chandler,AZ
1788,2073,Winter Warmer (Vault Series),Winter Warmer,16,0.095,25,30,SanTan Brewing Company,Chandler,AZ
1789,2063,Count Hopula (Vault Series),American Double / Imperial IPA,16,0.091,99,30,SanTan Brewing Company,Chandler,AZ
1790,1995,O@@ktoberfest%,Märzen / Oktoberfest,12,0.055,nan,30,SanTan Brewing Company,Chandler,AZ
1791,1934,SunSpot Golden Ale,American Blonde Ale,12,0.05,15,30,SanTan Brewing Company,Chandler,AZ
1792,1329,I.W.A. (2011),American Pale Wheat Ale,12,0.06,nan,30,SanTan Brewing Company,Chandler,AZ
1793,1299,Supermonk I.P.A.,Belgian IPA,12,0.2082769442723386,nan,30,SanTan Brewing Company,Chandler,AZ
1794,1073,Epicenter Amber Ale,American Amber / Red Ale,12,0.055,20,30,SanTan Brewing Company,Chandler,AZ
1795,1072,SanT$an HefeWeizen,Hefeweizen,12,0.05,15,30,SanTan Brewing Company,Chandler,AZ
1796,1071,Hop Shock IPA,American IPA,12,0.07,85,30,SanTan Brewing Company,Chandler,AZ
1797,4087.493375847427,Sex Panther (2014),American Porter,12,0.069,20,30,SanTan Brewing Company,Chandler,AZ
1798,850,Devil’s Ale,American Pale Ale (APA),12,0.055,45,30,SanTan Brewing Company,Chandler,AZ
1799,839,Rail Slide Imperial Spiced Ale,Herbed / Spiced Beer,12,0.081,nan,30,SanTan Brewing Company,Chandler,AZ
1800,777,Mr. Pineapple,Fruit / Vegetable Beer,12,0.05,20,30,SanTan Brewing Company,Chandler,AZ
1801,764,American Idiot Ale (2012),American Pale Ale (APA),12,0.055,45,148.16438136228578,SanTan Brewing Company,Chandler,AZ
1802,317,Hop Shock IPA (2010),American IPA,12,0.07,85,30,SanTan Brewing Company,Chandler,AZ
1803,286,SanTan HefeWe$izen (20$10),Hefeweizen,12,0.05,15,30,SanTan Brewing Company,Chandler,AZ
1804,285,Devil’s Ale (2010),American Pale Ale (APA),12,0.055,45,30,SanTan Brewing Company,Chandler,AZ
1805,124,Epicenter Amber Ale (2010),American Amber / Red Ale,12,0.055,20,30,SanTan Brewing Company,Chandler,AZ
1806,1392,Sanitas Saison Ale,Saison / Farmhouse Ale,12,0.058,20,419,Sanitas Brewing Company,Boulder,CO
1807,1391,Sanitas Black IPA,American Black Ale,12,0.068,65,419,Sanitas Brewing Company,Boulder,CO
1808,2002,Giant DIPA,American Double / Imperial IPA,16,0.089,88,792.3254602887939,Santa Cruz Mountain Brewing,Santa Cruz,CA
1809,1683,Dread Brown# Ale,American Brown Ale,12,0.054,nan,252,Santa Cruz M@@ountain Brewing,Santa Cruz,CA
1810,1362,Casinos IPA,English India Pale Ale (IPA),16,0.07,nan,1350.208287110492,Santa Cruz Mountain Brewing,Santa Cruz,CA
1811,1519,Saison 88,Saison / Farm??%house Ale,12,0.055,30,392,Santa Fe Brewing Company,Santa Fe,NM
1812,967,Black IPA,American Black Ale,12,0.071,95,392,Santa Fe Brewing Company,Santa Fe,NM
1813,599,Santa Fe Irish Red Ale,I$rish Red #Ale,12,0.1935503938732289,nan,392,Santa Fe Brewing Company,Santa Fe,NM
1814,307,Santa Fe Oktoberfest,Märzen / Oktoberfest,12,nan,nan,392,Santa Fe Brewing Company,Santa Fe,NM
1815,305,Imperial Java Stout,Russian Imperial Stout,12,0.2476005018530566,nan,392,Santa Fe Brewing Company,Santa Fe,NM
1816,304,Freestyle @@Pilsner,German Pilsener,12,0.055,nan,392,Santa Fe Brewing Company,Santa Fe,NM
1817,217,Happy Camper IPA,American IPA,12,0.066,nan,392,Santa Fe Brewing Company,Santa Fe,NM
1818,1477,Oval Beach Blonde Ale,American Blonde Ale,16,0.05,33.66436989752168,398,Saugatuck Brewing Company,Douglas,MI
1819,1503,Oak Aged Cider,Cider,12,0.065,nan,394,Schilling & Company,Seattle,WA
1820,1466,Ginger Cider,Cider,12,0.065,nan,394,Schilling & Company,Seattle,WA
1821,1245,Schilling Hard Cider,Cider,12,0.065,nan,394,Schilling & Company,Seattle,WA
1822,1324,Schlafly Yakima Wheat Ale,American Pale W@@heat A$le,12,0.05,45,428,Schlafly Brewing Company,Saint Louis,MO
1823,1323,Schlafly Black Lager,Schwarzbier,12,0.05,nan,1668.7399486948534,Schlafly Brewing Company,Saint Lou??is,MO
1824,1078,Schlafly IPA,American IPA,12,0.045,30,428,Schlafly Brewing Company,Saint Louis,MO
1825,1077,Schlafly American Brown Ale,American Brown Ale,12,0.05,30,428,Schlafly Brewing Company,Saint Louis,MO
1826,588,Schlafly Hefeweizen,Hefeweizen,12,0.041,16,428,Schlafly Brewing Company,Saint Louis,MO
1827,53,Schlafly Summer Lager,Munich Helles Lager,65.74747665258026,0.045,17,428,Schlafly Brewing Company,Saint Louis,MO
1828,4069.3551609549913,Sea Dog Wild Blueberry Wheat Ale,Fruit / Vegetable Beer,12,0.047,nan,502,Sea Dog Brewing Company,Portland,ME
1829,1302,Blur India Pale Ale,American IPA,12,0.074,60,432,Seabright Brewery,Santa Cruz,CA
1830,1416,Dry Cider,Cider,16,0.065,nan,411,Seattle Cider Company,Seattle,WA
1831,4714.071035872307,Dry Hard Cider,Cider,16,0.065,nan,411,Seattle Cider Company,Seattle,WA
1832,918,Frankenlou's IPA,American IPA,16,0.07,105,494,Seven Brides Brewery,Silverton,OR
1833,917,Becky's Black Cat Porter,American Porter,52.71945528454648,0.07,55,494,Seven Brides Brewery,Silverton,OR
1834,2250,Seventh Son of a Seventh Son,American Strong Ale,16,0.4122346269720075,239.55702027498967,183,Seventh Son Brewing Company,Columbus,OH
1835,1768,Stone Fort Brown Ale,English Brown Ale,16,0.3008874460492801,20,183,Seventh Son Brewing Company,Columbus,OH
1836,1767,Seventh Son Hopped Red Ale,American Amber / Red Ale,16,0.077,40,183,Seventh Son Brewing Company,Columbus,OH
1837,8531.777544470226,Humulus Nimbus Super Pale Ale,American Pale Ale (APA),16,0.06,273.0736889740245,183,Seventh Son Brewing Company,Columbus,OH
1838,1765,Go??lden Ratio IPA,American IPA,16,0.07,405.2660964109204,183,Seventh Son Brewing Company,Columbus,OH
1839,2368,Bla#c??k Hop IPA,American Black Ale,36.2407052976548,0.068,nan,130,Shebeen Brewing Company,Wolcott,CT
1840,738,Archer's Ale (2004),English% Pale Ale,12,0.05,nan,511,Sherwood Fo#rest Brewers,Marlborough,MA
1841,1539,Monkey Fist IPA,American IPA,12,0.069,65,385,Shipyard Brewing Company,Portland,ME
1842,975,Shipyard Summer Ale,American Pale Wheat Ale,12,0.051,nan,385,Shipyard Brewing Company,Portland,ME
1843,814,Pumpkinhead Ale,Pumpkin Ale,12,0.047,nan,385,Shipyard Brewing Company,Portland,ME
1844,727,Shipyard Export,American Blonde Ale,60.934818347303256,0.051,nan,385,Shipyard Brewing Company,Portland,ME
1845,2474,Nooner,German Pilsener,12,0.2454418987874063,nan,83,Sierra Nevada Brewing Company,Chico,CA
1846,2239,Torpedo,American IPA,12,0.072,280.9391596994041,83,Sierra Nevada Brewing Company,Chico,CA
1847,1919,Yonder Bock,Maibock / Helles Bock,12,0.06,nan,83,Sierra Nevada Brewing Company,Chico,CA
1848,7563.397716593248,CANfusion Rye Bock,Rye Beer,12,0.06,nan,83,Sierra Nevada Brewing Company,Chico,CA
1849,1905,Sierra Nevada Pale Ale,American Pale Ale (APA),16,0.056,37,83,Sierra Nevada Brewing Company,Chico,CA
1850,1338,Old Chico Crystal Wheat,American Pale Wheat Ale,12,0.048,26,83,Sierra Nevada Brewing Company,Chico,CA
1851,1295,Summerfest,Czech Pilsener,12,0.05,28,83,Sierra Nevada Brewing Company,Chico,CA
1852,426,Torpedo,American IPA,16,0.072,65,83,Sierra Nevada Brewing Company,Chico,CA
1853,1618.8488847699502,Sierra Nevada Pale Ale,American Pale Ale (AP#A)$,12,0.056,37,83,Sierra Nevada Brewing Company,Chico,CA
1854,2353,Sietsema Red Label,Cider,16,0.069,nan,137,Sietsema Orchards and Cider Mill,Ada,MI$
1855,212,Bear Ass Brown,American Brown Ale,12,0.042,nan,551,Silverton Brewery,Silverton,CO
1856,161,Red Mountain Ale,American Amber / Red Ale,12,0.3472251657954336,nan,551,Silverton Brewery,Silverton,CO
1857,160,Ice Pick Ale,American IPA,12,0.068,nan,551,Silverton Brewery,Silverton,CO
1858,2574,4Beans,Baltic Porter,12,0.1,282.7100726065982,46,Sixpoint Craft Ales,Brooklyn,NY
1859,2479,Jammer,Gose,12,0.042,16,46,Sixpoint Craft Ales,Brooklyn,NY
1860,2443,Abigale,Belgian Pale Ale,12,0.08,nan,46,Sixpoint Craft Ales,Brooklyn,NY
1861,2266,Rad,Fruit / Vegetable Beer,16,0.1885984942821192,7,46,Sixpoint Craft Ales,Brooklyn,NY
1862,2090,Bengali,American IPA,24,0.065,62,46,Sixpoint Craft Ales,Brooklyn,NY
1863,1962,Sensi Harvest,American Pale Ale (APA),12,0.047,50,161.32810775463605,Sixpoint Craft Ales,Brooklyn,NY
1864,1696,Hi-Res,American Double / Imperial IPA,71.61044874176368,0.099,111,46,Sixpoint Craft Ales,Brooklyn,NY
1865,1608,Global Warmer,American Strong Ale,48.35133228626253,0.07,70,46,Sixpoint Craft Ales,Brooklyn,NY
1866,1591,Autumnation (2013),American IPA,16,0.067,74,46,Sixpoint Craft Ales,Brooklyn,NY
1867,1388,The Crisp,German Pilsener,16,0.054,42,46,Sixpoint Craft Ales,Brooklyn,NY
1868,6669.401933683136,Sweet Action,Cream Ale,56.926867901220064,0.052,34,46,Sixpoint Craft Ales,Brooklyn,NY
1869,1386,Righteous Ale,Rye Be%er,16,0.063,57,46,Sixpoint Craft Ales,Brooklyn,NY
1870,1385,Bengali Tiger,American IPA,16,0.064,62,46,Sixpoint Craft Ales,Brooklyn,NY
1871,1020,3Beans,Baltic Porter,12,0.099,85,46,Sixpoint Craft Ales,Brooklyn,NY
1872,4132.169561762782,Brownstone,American Brown Ale,16,0.059,47,46,Sixpoint Craft Ales,Brooklyn,NY
1873,630,Apollo,American Pale Wheat Ale,16,0.052,11,243.07678185696824,Sixpoint Craft Ales,Brooklyn,$??NY
1874,629,Harbing#??er,Saison / Farmhouse Ale,87.12091344307537,0.049,35,46,Sixpoint Craft Ales,Brooklyn,NY
1875,628,Resin,American Double / Imperial IPA,12,0.091,103,46,Sixpoint Craft Ales,Brooklyn,NY
1876,2992.463946271774,Diesel,American Stout,16,0.3601559998814774,69,46,Sixpoint Craft Ales,Brooklyn,NY
1877,512,Autumnation (2011-12) (2011),Pumpkin Ale,16,0.06,48,46,Sixpoint Craft Ales,Brooklyn,NY
1878,425,The Crisp (2011),German Pilsener,16,0.054,42,46,Sixpoint Craft Ales,Brooklyn,NY
1879,424,Sweet Action (2011),Cream Ale,48.87357704385132,0.052,34,46,Sixpoint Craft Ales,Brooklyn,NY
1880,423,Righteous Ale (2011),Rye Beer,16,0.063,57,46,Sixpoint Craft Ales,Brooklyn,NY
1881,422,Bengali Tiger (2011),American# IPA,16,0.064,62,46,Sixpoint Craft Ales,Brooklyn,NY
1882,1942,Rudie Session IPA,American IPA,12,0.045,nan,264,Ska Brewing Company,Durango,CO
1883,1708,Taster's Choice,Doppelbock,12,0.074,nan,1269.6704375999261,Ska Brewing Company,Durango,CO
1884,1521,Modus Hoperandi,American IPA,12,0.068,65,264,Ska Brewing Company,Durango,CO
1885,1297,Estival Cream Stout,American Stout,12,0.058,15,264,Ska Brewing Company,Durango,CO
1886,1192,Vernal Minthe Stout,American Stout,12,0.058,nan,264,Ska Brewing Company,Durango,CO
1887,1013,Hibernal Vinifera Stout,Foreign / Export Stout,12,0.08,nan,264,Ska Brewing Company,Durango,CO
1888,774,Autumnal Molé Stout,American Stout,12,nan,nan,264,Ska Brewing Company,Durango,CO
1889,386,Mexican Logger,American Pa??le Lager,12,0.042,99.80044665322086,264,Ska Brewing Company,Durango,CO
1890,70,True Blonde Ale,American Blonde Ale,12,0.053,nan,264,Ska Brewing Company,Durango,CO
1891,69,Euphoria@@ Pale Ale,American Pale Ale (APA),12,0.061,nan,264,Ska Brewing Company,Durango,CO
1892,68,ESB Special Ale,Extra Special / Strong Bitter (ESB),12,0.057,58,264,Ska Brewing Company,Durango,CO
1893,67,Modus Hoperandi,??American IPA,62.0472375105507,0.068,65,264,Ska Brewing Company,Durango,CO
1894,1792,Iron Butt Red Ale,American Amber / Red Ale,12,0.058,39,1839.1654493010126,Slanted Rock Brewing Company,Meridian,ID
1895,1609,Initial Point India Pale Ale,American IPA,12,0.071,92,1243.1780041844222,Slanted Rock Brewing Company,Meridian,ID
1896,2537,Monkey Dancing On A Razor Blade,Belgian IPA,24,0.2711398735514576,nan,64,SlapShot Brewing Company,Chicago,IL
1897,2536,Tripel Deke,Tripel,24,0.082,nan,64,SlapShot Brewing Company,Chicago,IL
1898,105.18675632089204,Urban Wilderness Pale Ale,English Pale Ale,12,0.049,nan,557,Sleeping Lady Brewing Company,An%chor??age,AK
1899,2305,Homefront IPA,American IPA,12,0.3095664863489734,70,163,Sly Fox Brewing Company,Ph$oenixvill$e,PA
1900,1588,Sly Fox Christmas Ale 2013,Winter W%armer,12,0.055,16,371,Sly Fox Brewing Company,Pottstown,PA
1901,1363,Grisette,Grisette,12,0.2526470173840131,25,371,Sly Fox Brewing Company,Pottstown,PA
1902,1211,360° India Pale Ale,American @@IPA,12,0.062,nan,371,Sly Fox Brewing Company,Pottstown,PA
1903,1123,Helles Golden Lager,Munich Helles Lager$??,12,0.2472185877598713,18,371,Sly Fox Brewing Company,Pottstown,PA
1904,926,Sly Fox Christmas Ale 2012 (2012),Winter %War%mer,12,0.055,16,371,Sly Fox Brewing Company,Pottstown,PA
1905,4284.386480280848,Odyssey Imperial IPA,American Double / Imperia??l IPA,12,0.084,90,1218.764831145188,Sly Fox Brewing Company,Pottstown,PA
1906,166,Oktoberfest Lager,Märzen / Oktoberfest,12,0.058,25,371,Sly Fox Brewing Company,Pottstown,PA
1907,24,113 IPA,American IPA,12,0.07,113,371,Sly Fox Brewing Company,Pottstown,PA
1908,23,%Dun@@kel Lager,Munich Dunkel Lager,12,0.053,21,371,Sly Fox Brewing Company,Pottstown,PA
1909,22,Royal Weisse Ale,Hefeweizen,12,0.056,11,371,Sly Fox Brewing Company,Pottstown,PA
1910,21,Pikeland Pils,German Pilsener,12,0.049,44,371,Sly Fox Brewing Company,Pottstown,PA
1911,20,Phoenix Pale Ale,American Pale Ale (APA),40.58441333975538,0.051,40,371,Sly Fox Brewing Company,Pottstown,PA
1912,2407,Rule G IPA,American IPA,12,0.07,508.63830310096125,115,Smartmouth Brewing Company,Norfolk,VA
1913,2406,Murphy's Law,American Amber / Red Ale,41.03134333767474,0.2857394536605773,35,115,Smartmouth Brewing Company,Norfolk,VA
1914,2405,Alter Ego,Saison / Farmhouse Ale,12,0.062,191.4683222765279,563.4432950072007,Smartmouth Brewing Company,Norfolk,VA
1915,2234,Monarch Pilsner,American Pilsner,43.23986510953372,0.05,nan,191,Snake River Brewing Company,Jackson,WY
1916,1606,Snow King Pale Ale,American Pale Ale (APA),64.50074333107658,0.06,55,191,Snake River Brewing Company,Jackson,WY
1917,617,Zonker Stout,Foreign / Export S%t@@out,12,0.054,36,191,Snake River Brewing Company,Jackson,WY
1918,407,OB-1 Organic Ale,English Brown Ale,12,0.05,22,191,Snake River Brewing Company,Jackson,WY
1919,406,Snake River Lager,Vienna Lager,12,0.05,18,191,Snake River Brewing Company,Jackson,WY
1920,402,Snake River Pale Ale,American Pale Ale (APA),12,0.052,32,191,Snake River Brewing Company,Jackson,WY
1921,393,Pako’s EyePA,American IPA,12,0.068,311.33956677593756,1100.6199178737113,Snake River Brewing Company,J@@ac%kson,WY
1922,1798,Thanksgiving Ale,Kölsch,12,0.05,nan,309,Sockeye Brewing Company,Boise,ID
1923,1655,Double Dagger Imperial IPA,American Double / Imperial IPA,12,0.092,nan,309,Sockeye Brewing Company,Boise,ID
1924,1596,Dagger Falls IPA,American IPA,12,0.063,100,309,Sockeye Brewing Company,Boise,ID
1925,1595,Dagger Falls?? IPA,America$n IPA,12,0.063,377.3232490255956,309,Sockeye Brewing Company,Boise,ID
1926,1482,Socktoberfest,Märzen / Oktoberfest,16,0.06,nan,309,Sockeye Brewing Company,Boise,ID
1927,1447,Hopnoxious Imperial IPA,American Double / Imperial IPA,12,0.079,nan,1318.7034673771523,Sockeye Brewing Company,Boise,ID
1928,1425,Barrel Aged Seven Devils Imperial Stout,American Double / Imperial Stout,12,0.099,nan,309,Sockeye Brewing Company,Boise,ID
1929,1424,Boise Co-Op Two Score Ale,Saison / Farmhouse Ale,16,0.2656246734264597,nan,309,Sockeye Brewing Company,Boise,ID
1930,1298,Sockeye Belgian Style Summer Ale,Witbier,16,0.1504920064106155,nan,309,Sockeye Brewing Company,Boise,ID
1931,1181,Sockeye Maibock,Maibock / Helles Bock,12,0.064,nan,309,Sockeye Brewing Company,Boise,ID
1932,1160,Old Devil's Tooth,??American Barleywine,12,0.099,100,309,Sockeye Brewing Company,Boise,ID
1933,1152,Galena Golden,American Blonde Ale,12,0.043,nan,309,Sockeye Brewing Company,Boise,ID
1934,1151,Hell-Diver Pale Ale,American Pale@@ Al#e (APA),12,0.052,32,1294.8635338639199,Sockeye Brewing Company,Boise,I??D
1935,1150,Woolybugger Wheat,American Pale Wheat Ale,12,0.2229496905798542,12,309,Sockeye Brewing Company,Boise,ID
1936,4012.947332587997,Power House Porter,American Porter,12,0.057,nan,309,Sockeye Brewing Company,Boise,ID
1937,995,Winterfest,American Strong Ale,16,0.3905439365236012,90,309,Sockeye Brewing Company,Boise,ID
1938,879,Dagger Falls IPA,American IPA,12,0.063,100,309,Sockeye Brewing Company,Boise,ID
1939,1972,Lucken??Bock,Bock,16,0.07,18,257,South Austin Brewery,South Austin,TX
1940,1971,Texas $Pale Ale (TPA),American IPA,16,0.055,40,257,South Austin Brewery,South Austin,TX
1941,1970,6 String Saison,Saison / Farmhouse Ale,16,0.08,nan,257,South Austin Brewery,South Austin,TX
1942,1969,Kol'# Beer%,Kölsch,16,0.05,22,257,South Austin Brewery,South Austin,TX
1943,2024,Montauk Light,Light Lager,12,0.1425878782001411,nan,249,Southampton Publick House,Southampton,NY
1944,1283,Na Zdraví Pilsner,Czech Pilsener,16,0.048,32,436,Southern Oregon Brewing Company,Medford,OR
1945,1282,Nice Rack IPA,American IPA,16,0.055,65,436,Southern Oregon Brewing Company,Medford,OR
1946,2362,2014 IPA Cicada Series,American IPA,16,0.075,72,133,Southern Prohibition Brewing Com...,Hattiesburg,MS
1947,2346,Sinister Minister Black IPA,American IPA,16,0.077,65,133,Southern Prohibition Brewing Com...,Hattiesburg,MS
1948,2320,Jack the Sipper,Extra Special / Strong Bitter (ESB),12,0.053,45,133,Southern Prohibition Brewing Com...,Hattiesburg,MS
1949,2297,Devil's Harvest Extra Pale Ale,American Pale Ale (APA),12,0.058,266.73746205582614,133,Southern Prohibition Brewing Com...,Hattiesburg,MS
1950,2296,Suzy B Dirty Blonde Ale,American Blonde Ale,12,0.1604627705284552,20,133,Southern Prohibition Brewing Com...,Hattiesburg,MS
1951,1745,Mississippi Fire Ant,American Amber / Red Ale,16,0.08,80,133,Southern Prohibition Brewing Com...,Hattiesburg,MS
1952,1120,Hipster Breakfast,Oatmeal Stout,16,0.058,221.79385915568395,133,Southern Prohibition Brewing Com...,Hattiesburg,MS
1953,1118,Suzy B Dirty Blonde Ale,American Blonde Ale,16,0.05,20,133,Southern Prohibition Brewing Com...,Hattiesburg,MS
1954,1117,Devil's Harvest Extra Pale Ale,American Pale Ale (APA),16,0.058,278.78276969878794,133,Southern Prohibition Brewing Com...,Hattiesburg,MS
1955,2387,Pine Belt Pal@@e Ale,American Pale Ale (APA),12,0.065,45,118,Southern Star Brewing Company,Conroe,TX
1956,2267,Walloon,Saison / Farmhouse Ale,12,0.055,nan,118,Southern Star Brewing Company,Conroe,TX
1957,1740,Le Mort Vivant,Bière de Garde,12,0.069,23,393.74477858853123,Southern Star Brewing Company,Conroe,TX
1958,1728,Red Cockaded Ale,American Double / Imperial IPA,12,0.085,110,118,Southern Star Brewing Company,Conroe,TX
1959,1497,Valkyrie Double IPA,American Double / Imperial IPA,12,0.092,100,118,Southern Star Brewing Company,Conroe,TX
1960,1011,Red Cockaded Ale (2013),American Double / Imperial IPA,12,0.085,110,428.6830183641092,Southern Star Brewing Company,Conroe,TX
1961,1010,Old Potentate,Old Ale,12,0.072,40,375.6140264835911,Southern Star Brewing Company,Conroe,TX
1962,856,Bombshell Blonde,American Blonde Ale,16,0.05,20,118,Southern Star Brewing Company,Conroe,TX
1963,853,PRO-AM (2012) (2012),American Double / Imperial IPA,12,0.099,100,118,Southern Star Brewing Company,Conroe,TX
1964,691,Walloon (2014),Saison / Farmhouse Ale,12,0.055,nan,118,Southern Star Brewing Company,Conroe,TX
1965,555,Le Mort Vivant (2011),Bière?? ??de Garde,12,0.069,135.3785940364366,118,Southern Star Brewing Company,Conroe,TX
1966,46,Buried Hatchet Stout,Foreign / Export Stout,12,0.083,50,118,Southern Star Brewing Company,Conroe,TX
1967,45,Pine Belt?? Pale Ale,American Pale Ale (APA),16,0.2752631194498759,45,118,Southern Star Brewing Company,Conroe,TX
1968,44,Bombshell Blonde,American Blonde Ale,12,0.05,20,374.87996597387956,Southern Star Brewing Company,Conroe,TX
1969,2486,Baby Daddy Session IPA,American IPA,12,0.047,35,78,Speakasy Ales & Lagers,San Francisco,CA
1970,763,Hopluia (2004),English India Pale Ale (IPA),16,nan,nan,508,Spilker Ales,Cortlan@@d,NE
1971,2271,Ball & Chain (2014),American Pale Ale (APA),16,0.058,nan,175,Spiteful Brewing Company,Chicago,IL
1972,2206,Bitter Biker Double IPA,American Double / Imperial IPA,16,0.096,nan,175,Spiteful Brewing Company,Chicago,IL
1973,7343.637708142763,God Damn Pigeo??n Porter,American Porter@@,16,0.082,nan,175,Spiteful Brewing Company,Chicago,IL
1974,2135,Working for the Weekend,American Double / Imperial IPA,16,0.3953699842853722,nan,175,Spiteful Brewing Company,Chicago,IL
1975,2134,Angry Adam,American Amber / Red Ale,82.8883643961073,0.06,nan,175,Spiteful Brewing Company,Chicago,IL
1976,2109,Freedom Fries,American Stout,16,0.055,nan,175,Spiteful Brewing Company,Chicago,IL
1977,1821,Bitter Biker Double IPA,Americ$an Dou#ble / Imperial IPA,12,0.096,nan,175,Spiteful Brewing Company,Chicago,IL
1978,1820,Ghost Bike Pale Ale,American Pale Ale (APA),16,0.073,nan,175,Spiteful Brewing Company,Chicago,IL
1979,1819,Spiteful IPA,American IPA,12,0.062,nan,175,Spiteful Brewing Company,Chicago,IL
1980,1634,Alley Time,American Pale Ale (APA),12,0.1894957286479925,nan,175,Spiteful Brewing Company,Chicago,IL
1981,1633,Fat Badger,Irish Red Ale,45.05773410362438,0.058,nan,175,Spiteful Brewing Company,Chicago,IL
1982,1632,In the Weeds,American Pale Wheat Ale,12,0.055,nan,175,Spiteful Brewing Company,Chicago,IL
1983,855,Special Amber,Vienna Lager,12,0.05,22,498,Sprecher Brewing Company,Glendale,WI
1984,1854.912466310963,Special Amber,Vienna Lager,54.116828536823995,0.1770362379801245,22,498,Sprecher Brewing Company,Glendale,WI
1985,1587,Seven Gates Pale Ale,American Pale Ale (APA),12,0.056,nan,372,Spring House Brewing Company,Conestoga,PA
1986,2242,Gunga Din,Cider,16,0.052,nan,186,St. Julian Winery,Paw Paw,MI@@
1987,1544,Starr Pils,German Pilsener,12,0.042,20,383,Starr Hill Brewery,Crozet,VA
1988,1205,Northern Lights India Pale Ale,American IPA,16,0.065,52,383,Starr Hill Brewery,Crozet,VA
1989,369,Festie,Märzen / Oktoberfest,48.81261162267204,0.048,12,383,Starr Hill Brewery,Crozet,VA
1990,368,Northern Lights India Pale Ale,American IPA,12,0.065,52,383,Starr Hill Brewery,Crozet,VA
1991,2386,Third Eye Enlightened Pale %Ale,American Pale Ale (APA),36.44217856805944,0.065,65,119,Steamworks Brewing Company,Durango,CO
1992,92,Colorado Kölsch,Kölsch,12,0.2769557762510521,17,119,Steamworks Brewing Company,Durango,CO
1993,91,Steam Engine Lager,Amer$ican Ambe%r / Red Lager,12,0.057,25,526.6022289964675,Steamworks Brewing Company,Durango,CO
1994,90,Third Eye Pale Ale,American IPA,12,0.3445135889197562,65,119,Steamworks Brewing Company,Durango,CO
1995,2366,Point Special (Current),American Adjunct Lager,12,0.047,47.7763288586446,131,Stevens Point Brewery,Stevens Point,WI
1996,2365,Point Special,American Adjunct Lager,12,0.047,9,131,Stevens Point Brewery,Stevens Point,WI
1997,2270,Point Cascade Pale Ale (2013),American Pale Ale (APA),12,0.054,33,131,Stevens Point Brewery,Stevens Point,WI
1998,2228,Point Special,American Adjunct Lager,12,0.1864753790716322,9,131,Stevens Point Brewery,Stevens Point,WI
1999,2151,Onyx Black Ale,American Black Ale,12,0.052,9,131,Stevens Point Brewery,Stevens Point,WI
2000,2150,Beyond The Pale IPA,American IPA,12,0.063,221.42587041380335,131,Stevens Point Brewery,Stevens Point,WI
2001,2122,Point Special (2013),American Adjunct Lager,12,0.047,9,131,Stevens Point Brewery,Stevens Point,WI
2002,2121,Point Special (2012),American Adjunct Lager,12,0.047,9,131,Stevens Point Brewery,Stevens Point,WI
2003,2115,Point Special Lager,American Adjunct Lager,16,0.047,38.668079015168715,131,Stevens Point Brewery,Stevens Point,WI
2004,1450,St. Benedict's Winter Ale,Winter Warmer,12,0.062,nan,131,Stevens Point Brewery,Stevens Point,WI
2005,1357,Point Oktoberfest,Märzen / Oktoberfest,16,0.057,15,131,Stevens Point Brewery,Stevens Point,WI
2006,1225,Point Nude Beach Summer Wheat,American Pale Wheat Ale,16,0.052,7,131,Stevens Point Brewery,Stevens Point,WI
2007,816,Point Nude Beach Summer Wheat,American Pale Wheat Ale,12,0.05,7,131,Stevens Point Brewery,Stevens Point,WI
2008,772,Point Nude Beach Summer Wheat (2011),American Pale Wheat Ale,12,0.05,7,131,Stevens Point Brewery,Stevens Point,WI
2009,684,Drop Dead Blonde,American Blonde Ale,12,0.035,nan,131,Stevens Point Brewery,Stevens Point,WI
2010,3136.8650456088576,Three Kings Ale,Kölsch,12,0.049,62.431359575805715,131,Stevens Point Brewery,Stevens Point,WI
2011,456,Point Okt$obe@@rfest,Märzen / Oktoberfest,12,0.057,15,131,Stevens Point Brewery,Stevens Point,WI
2012,357,2012 Black Ale,Amer@@ican B#rown Ale,12,0.2915145110043719,32,131,Stevens Point Brewery,Stevens Point,WI
2013,141,Point Nude Beach Summer Wheat (2010),American Pale Wheat Ale,12,0.05,7,131,Stevens Point Brewery,Stevens Point,WI
2014,140,Point Cascade Pale Ale,American Pale Ale (APA),12,0.054,123.19998771287048,131,Stevens Point Brewery,Stevens Point,WI
2015,139,Point Amber Classic,American Amber / Red Lager,12,0.047,14,131,Stevens Point Brewery,Stevens Point,WI
2016,138,Point Special Lager,American Adjunct Lager,12,0.047,9,131,Stevens Point Brewery,Stevens Point,WI
2017,953,Wisco Disco,American Amber / Red Ale,16,0.051,31,486,Stillmank Beer Company,Green Bay,WI
2018,1983,Brontide,American Black Ale,12,0.05,nan,255,Stillwater Artisanal Ales,Baltimore,MD
2019,1631,Brontide,American Black Ale,12,0.05,nan,255,Stillwater Artisanal Ales,Baltimore,MD
2020,1344,Classique,@@Saison / Farmhouse Ale,12,0.045,nan,255,Stillwater Artisanal Ales,Baltimore,MD
2021,922,Sunsplash Golden Ale (2004),American Blonde Ale,12,0.045,nan,492,Stone Coast Brewing Company,Portland,ME
2022,1410,Sand Island Lighthouse,Kölsch,12,0.051,25,1973.0567737824433,Straight to Ale,Huntsville,AL
2023,925,Lily Flagg Milk Stout,Milk / Sweet Stout,12,0.05,30,412,Straight to Ale,Huntsville,AL
2024,3000.149677518083,Monkeynaut IPA,Ameri@@can IPA,12,0.072,70,412,Straight to Ale,Huntsville,AL
2025,2369,Straub Beer (Current),American Adjunct Lager,12,0.05,nan,129,Straub Brewery,St Mary's,PA
2026,2233,American Lager,American Adjunct Lager,12,0.041,8,129,Straub Brewery,St Mary's,PA
2027,2232,American Amber,American Amber / Red Lager,12,0.041,8,129,Straub Brewery,St Mary's,PA
2028,2231,American Light,??Light Lager,12,0.032,13,129,Straub Brewery,St Mary's,PA
2029,2352,Ex@@tra@@ Pale Ale,American Pale Ale (APA),12,0.053,49,138,Summit Brewing Company,St Paul,MN
2030,2549,Make %It So,Extra Special / Strong Bitter (ESB),12,0.053,40,58,Summit Brewing Company,St. Paul,MN
2031,2473,Hopvale Organic Ale,American Pale Ale (APA),16,0.047,55,58,Summit Brewing Company,St. Paul,MN
2032,2415,Unchained #18 Hop Silo,American Double / Imperial IPA,16,0.083,100,58,Summit Brewing Company,St. Paul,MN
2033,2605,Tip Off,Altbier,16,0.052,29,124.79972931598166,Sun King Brewing Company,Indianapolis,IN
2034,2215,Java Mac,Scottish Ale,16,0.054,nan,25,Sun King Brewing Company,Indianapolis,IN
2035,2164,Cowbell,American Porter,16,0.054,23,104.42142572018804,Sun King Brewing Company,Indianapolis,IN
2036,2085,Hop Up Offa That Brett (2014),Belgian Pale Ale,16,0.058,89.69047143186758,25,Sun King Brewing Company,Indianapolis,IN
2037,2084,PV Muckle (2013),Scotch Ale / Wee Heavy,16,0.083,23,25,Sun King Brewing Company,Indianapolis,IN
2038,2083,Bourbon Barrel Ba#??tch 666: Sympathy for the Devil,Belgian Dark Ale,85.12233370518715,0.3394494656784882,158.3461770195525,25,Sun King Brewing Company,Indianapolis,IN
2039,2082,Whip Fight,Scotch Ale / Wee Heavy,16,0.09,30,25,Sun King Brewing Company,Indianapolis,IN
2040,2081,Port Barrel Wee Mac,Scotch Ale / Wee Heavy,16,0.1907238662477316,23,25,Sun King Brewing Company,Indianapolis,IN
2041,2001,Fistful Of Hops Red,American IPA,16,0.064,75,25,Sun King Brewing Company,Indianapolis,IN
2042,2000,Fistful of Hops Orange,American IPA,16,0.063,75,25,Sun King Brewing Company,Indianapolis,IN
2043,1999,Fistful Of Hops Blue,American IPA,16,0.064,75,25,Sun King Brewing Company,Indianapolis,IN
2044,1996,Fistful of Hops Green,American IPA,75.37224896952159,0.064,75,143.61568156520704,Sun King Brewing Company,Indianapolis,IN
2045,1948,30 Min Coma,Belgian IPA,16,nan,nan,25,Sun King Brewing Company,Indianapolis,IN
2046,1656,Wee Muckle,Scotch Ale / Wee Heavy,16,0.09,30,25,Sun King Brewing Company,Indianapolis,IN
2047,1599,Royal Brat,Extra Special / Strong Bitter (ESB),16,0.065,55,99.25369319702078,Sun King Brewing Company,Indianapolis,IN
2048,1420,Grapefruit Jungle (GFJ),American IPA,16,0.2672432925926767,406.0389611829927,25,Sun King Brewing Company,Indianapolis,IN
2049,1389,Osiris Pale Ale,American Pale Ale (APA),16,0.056,50,25,Sun King Brewing Company,Indianapolis,IN
2050,1367,Bourbon Barrel Aged Timmie,Russian Imperial Stout,16,0.099,75,25,Sun King Brewing Company,Indianapolis,IN
2051,1366,Stupid Sexy Flanders,Flanders Oud Bruin,16,0.063,23,149.816411744846,Sun King Brewing Company,Indianapolis,IN
2052,1347,Bourbon Barrel Cowbell,American Porter,16,nan,nan,25,Sun King Brewing Company,Indianapolis,IN
2053,1314,Popcorn Pilsner,Germ%an Pilsener,16,0.2564266505986576,nan,25,Sun King Brewing Company,Indianapolis,IN
2054,1128,Ring of Dingle,Irish Dry Stout,93.78322588049744,0.071,27,25,Sun King Brewing Company,Indianapolis,IN
2055,5624.653597674555,Bourbon Barrel Wee Mac,Scottish Ale,16,0.054,23,25,Sun King Brewing Company,Indianapolis,IN
2056,1049,Bourbon Barrel Johan,English Barleywine,52.67177091613176,0.099,60,25,Sun King Brewing Company,Indianapolis,IN
2057,934,The Deuce,American Brown Ale,16,0.07,nan,25,Sun King Brewing Company,Indianapolis,IN
2058,923,The Velvet Fog,Quadrupel (Quad),16,0.09,24,25,Sun King Brewing Company,Indianapolis,IN
2059,874,Sun King Oktoberfest,Märzen / Oktoberfest,82.63217589611625,0.055,23,25,Sun King Brewing Company,Indianapolis,IN
2060,739,Indianapolis Indians Lager,Dortmunder /@@ Export Lager,16,0.052,126.3549966014846,25,Sun King Brewing Company,Indianapolis,IN
2061,698,Indians Victory Lager (2012),Dortmunder / Export Lager,16,0.052,24,103.31166328943957,Sun King Brewing Company,Indianapolis,IN
2062,660,Cha$%ka,Belgian Strong Pale Ale,16,0.2962103362412009,nan,25,Sun King Brewing Company,Indianapolis,IN
2063,651,Isis,American ??Doubl#e / Imperial IPA,16,0.091,91,25,Sun King Brewing Company,Indianapolis,IN
2064,584,Wee Muc??kle (201%1),Scotch Ale / Wee Heavy,16,0.09,30,25,Sun King Brewing Company,Indianapolis,IN
2065,532,Grapefruit Jungle (GFJ) (2011),American IPA,16,0.075,77,25,Sun King Brewing Company,Indianapolis,IN
2066,526,Sun King Oktoberfest (2011),Märzen / Oktoberfest,16,0.055,88.12036858978746,25,Sun King Brewing Company,Indianapolis,IN
2067,394,Johan the Barleywine,English Barleywine,16,0.099,60,25,Sun King Brewing Company,Indianapolis,IN
2068,213,Wee Mac Scottish-Style Ale,Scottish Ale,16,0.054,96.99685180234114,25,Sun King Brewing Company,Indianapolis,IN
2069,55,Sunlight Cream Ale,Cream Ale,16,0.053,20,25,Sun King Brewing Company,Indianapolis,IN
2070,54,Osiris Pale Ale (2010),American Pale Ale (APA),16,0.056,50,25,Sun King Brewing Company,Indianapolis,IN
2071,1207,Dam Lager,American Amber / Red Lager,36.519231367929265,0.045,nan,455,Sunken City Brewing Company,Hardy,VA
2072,1206,Red Clay IPA,American IPA,12,0.07,nan,455,Sunken City Brewing Company,Hardy,VA
2073,2543,Todd the Axe Man,American IPA,16,0.072,nan,61,Surly Brewing Company,Brooklyn Center,MN
2074,2409,Doomtree,Extra Special / Strong Bitter (ESB),16,0.057,nan,318.750998335896,Surly Brewing Company,Brooklyn Center,MN
2075,1739,BLAKKR,American Black Ale,16,0.099,85,61,Surly Brewing Company,Brooklyn Center,MN
2076,1112,Overrated! West Coast Style IPA,American IPA,16,0.073,69,61,Surly Brewing Company,Brooklyn Center,MN
2077,329,WET,American IP$A,16,0.075,90,61,Surly Brewing Company,Brooklyn Center,MN
2078,90.62612384923052,Bitter Brewer,English Bitter,61.80481821833362,0.04,37,61,Surly Brewing Company,Brooklyn Center,MN
2079,18,SurlyFest,Rye B#eer,16,0.2557776321554633,34,61,Surly Brewing Company,Brooklyn Center,MN
2080,17,Coffee Bender,American Brown Ale,16,0.051,45,61,Surly Brewing Company,Brooklyn Center,MN
2081,16,Bender,American Brown Ale,16,0.051,45,61,Surly Brewing Company,Brooklyn Center,MN
2082,15,Ab$ra#sive Ale,American Double / Imperial IPA,16,0.097,120,61,Surly Brewing Company,Brooklyn Center,MN
2083,14,Hell,Keller Bier / Zwickel Bier,16,0.051,20,61,Surly Brewing Company,Brooklyn Center,MN
2084,13,CynicAle,Saison / Farmhouse Ale,16,0.3159682497483121,33,61,Surly Brewing Company,Brooklyn Center,MN
2085,12,Furious,American IPA,16,0.062,99,61,Surly Brewing Company,Brooklyn Center,MN
2086,1242,Big Nose,American IPA,12,0.073,50,447,Swamp Head Brewery,Gainesville,FL
2087,1241,Cotton Mouth,Witbier,12,0.2572885306904844,10,447,Swamp Head Brewery,Gainesville,FL
2088,1240,Stump Knocker Pale Ale,American Pale Ale (APA),12,0.056,188.05920307424583,1941.958314272379,Swamp Head Brewery,Gainesville,FL
2089,1239,Midnight Oil,Oatm$eal Stout%,12,0.05,38,447,Swamp Head Brewery,Gainesville,FL
2090,1238,Wild Night,Cream Ale,12,0.059,18,2055.683880755627,Swamp Head Brewery,Gainesville,FL
2091,1554,Bermuda Triangle Ginger Beer,Herbed / Spiced Beer,45.499187652778105,0.045,nan,381,Swashbuckler Brewing Company,Man??heim,PA
2092,2568,Take Two Pils,German Pilsener,12,0.055,35,49,SweetWater Brewing Company,Atlanta,??GA
2093,2551,Waterkeeper,Hefeweizen,12,0.057,nan,49,SweetWater Brewing Company,Atlanta,??GA
2094,1710,SweetWater IPA,American IPA,12,0.064,nan,275.7084598275176,SweetWater Brewing Company,Atlanta,GA
2095,1709,420 Extra Pale Ale,American Pale Ale (APA),12,0.054,nan,49,SweetWater Brewing Company,Atlanta,??GA
2096,1229,Dodgy Knight Imperial IPA,American Double / Imperial IPA,12,0.08,95,449,TailGate Beer,San Diego,CA
2097,1164,TailGate Saison,Saison / Farmhouse Ale,12,0.05,nan,449,TailGate Beer,San Diego,CA
2098,663,TailGate IPA,American IPA,24,0.05,44,449,TailGate Beer,San Diego,CA
2099,3212.4482370969295,TailGate IPA,American IPA%,12,0.05,44,449,TailGate Beer,San Diego,CA
2100,623,TailGate Hefeweizen,Hefeweizen,24,0.049,28,449,TailGate Beer,San Diego,CA
2101,622,Blacktop Blonde,American Blonde Ale,24,0.05,19,449,TailGate Beer,San Diego,CA
2102,362,Blacktop Blonde,American Blonde Ale,12,0.05,19,449,TailGate Beer,San Diego,CA
2103,361,TailGate Hefeweizen,Hefeweizen,41.77585548378623,0.049,28,449,TailGate Beer,San Diego,CA
2104,2575,Wooden Rooster,Tripel,16.9,0.085,34,45,Tallgrass Brewing Company,Manhattan,KS
2105,2555,Ginger Peach Saison,Saison / Farmhouse Ale,16,0.048,20,45,Tallgrass Brewing Company,Manhattan,KS
2106,1736,Zombie Monkie,American Porter,16,0.062,35,45,Tallgrass Brewing Company,Manhattan,KS
2107,1196,Wild Plum Farmhouse Ale,Saison / Farmhouse Ale,16,0.056,20,45,Tallgrass Brewing Company,Manhattan,KS
2108,5443.492960931246,Vanilla Bean Buffalo Sweat,Oatmeal Stout,16,0.05,20,45,Tallgrass Brewing Company,Manhattan,KS
2109,1017,Ethos IPA,American IPA,16,0.068,110,45,Tallgrass Brewing Company,Manhattan,KS
2110,3384.061381936204,Tallgrass Pub Ale,American Brown Ale,16,0.263239298703909,12,209.63458602018403,Tallgrass Brewing Company,Manhattan,KS
2111,4851.24089963842,Oa%sis??,Extra Special / Strong Bitter (ESB),16,0.4313685605913905,93,45,Tallgrass Brewing Company,Manhattan,KS
2112,765,Buffalo Sweat,Milk / Sweet Stout,16,0.2576506155882309,20,45,Tallgrass Brewing Company,Manhattan,KS
2113,676,Halcyon Unfiltered Wheat,American Pale Wheat Ale,16,0.05,20,45,Tallgrass Brewing Company,Manhattan,KS
2114,595,8#-Bit Pale Ale,American Pale Ale (APA),16,0.052,nan,45,Tallgrass Brewing Company,Manhattan,KS
2115,537,Velvet Rooster,Tripel,16,0.085,nan,45,Tallgrass Brewing Company,Manhattan,KS
2116,412,Halcyon Unfiltered Wheat,American Pale Wheat Ale,12,0.05,20,45,Tallgrass Brewing Company,Manhattan,KS
2117,105,Köld Lage$r @@(2010),German Pilsener,66.78958995192004,0.05,16,45,Tallgrass Brewing Company,Manhattan,KS
2118,104,Oasis (2010%)??,American Double / Imperial IPA,16,0.072,93,45,Tallgrass Brewing Company,Manhattan,KS
2119,103,Tallgrass Ale,American Brown Ale,16,0.044,22,138.7570097807547,Tallgrass Brewing Company,Manhattan,KS
2120,102,Buffalo Sweat (2010),Milk / Sweet ??Stout,16,0.05,20,45,Tallgrass Brewing Company,Manhattan,KS
2121,101,Tallgrass IPA,American IPA,16,0.063,60,45,Tallgrass Brewing Company,Manhattan,KS
2122,1433,Hat Trick Hop IPA,American IPA,16,0.068,nan,409,Tamarack Brewing Company,Lakesid$e,MT
2123,1432,Yard Sale Amber Ale,American Amber / Red Ale,16,0.056,nan,409,Tamarack Brewing Company,Lakesid$e,MT
2124,936,Loafin Bräu,Altbier,16,0.055,nan,2481.696559451069,Tampa Bay Brewing Company,Ta@@m#pa,FL
2125,544,Old Elephant Foot IPA,American I??PA,16,0.3819034330051895,80,490,Tampa Bay Brewing Company,Tampa,FL
2126,15618.525764800192,Peck's Porter,American Porter,16,0.065,35,7,Tapistry Brewing,Bridgman,MI
2127,13466.436195739992,Reactor,American IPA,16,0.218987303616751,nan,7,Tapistry Brewing,Bridgman,MI
2128,2447,Mr. Orange,Witbier,16,0.057,nan,7,Tapistry Brewing,Bridgman,MI
2129,2601,Deduction,Dubbel,12,0.08,22,28,Taxman Brewing Company,Bargersville,IN
2130,973,??Face D#own Brown Ale,American Brown Ale,12,0.057,nan,2592.3032278433425,Telluride Brewing Company,Telluride,CO
2131,827,Tempter IPA,American IPA,12,0.064,nan,480,Telluride Brewing Company,Telluride,@@??CO
2132,589,Bridal Veil Rye Pal??e Ale,American Pale Ale (APA),12,0.055,nan,480,Telluride Brewing Company,Telluride,@@??CO
2133,2155,Smittytown,Extra Special / Strong Bitter (ESB),58.741440090403984,0.048,nan,210,Temperan%ce Beer Company,Evanston,I$L
2134,1982,Greenwood Beach,Fruit / Vegetable Beer,12,0.04,nan,210,Temperan%ce Beer Company,Evanston,I$L
2135,1939,Gatecrasher,English India Pale Ale (IPA),67.67982770770621,0.066,nan,1002.0588212126083,Temperance Beer Company,Evanston,IL
2136,1082,RecreationAle,American Pale Ale (APA),12,0.047,42,469,Terrapin Brewing Company,Athens,GA
2137,2119,First Stand,Saison / Farmhouse@@ Ale,12,0.055,175.54517565010684,215,Texian Brewing Co.,Richmond,TX
2138,2118,Battle LIne,American Brown Ale,12,0.063,23,215,Texian Brewing Co.,Richmond,TX
2139,2117,Broken Bridge,Dunkelweizen,12,0.056,12,215,Texian Brewing Co.,Richmond,TX
2140,7348.5076618533885,$B@@rutus,E??nglish$ India Pale Ale (IPA),55.1874762494004,0.071,69,215,Texian Brewing Co.,Richmond,TX
2141,11412.9785578248,Petit Mutant,American Wild Ale,55.76251608956433,0.06,nan,272,The Alchemist,Waterbury,VT
2142,1915,The Crusher,American Double / Imperial IPA,16,0.5661217253715479,nan,272,The Alchemist,Waterbury,VT
2143,1914,Beelzebub,American Double / Imperial Stout,16,0.08,nan,272,The Alchemist,Waterbury,VT
2144,8337.995208259366,?#?Focal Banger,American IPA,16,0.07,nan,272,The Alchemist,Waterbury,VT
2145,1111,Heady Topper,American Double / Imperial IPA,16,0.08,660.9824520590714,272,The Alchemist,Waterbury,VT
2146,379,Heady To$pper,American Double / Imperial IPA,16,0.08,120,272,The Alchemist,Waterbury,VT
2147,1200,Bomber Mountain Amber Ale (2013),American Amber / Red Ale,12,0.046,20,457,The Black Tooth Brewing Company,Sheridan,WY
2148,4534.327358617556,Indian Paintbrush IPA,America$n IPA,12,0.07,75,457,The Black Tooth Brewing Company,Sheridan,WY
2149,1198,Saddle Bro@@nc Brown #Ale (2013),English Brown Ale,12,0.048,16,457,The Black Tooth Brewing Company,Sheridan,WY
2150,1197,Wagon Box Wheat Beer,American Pale Wheat Ale,12,0.059,15,457,The Black Tooth Brewing Company,Sheridan,WY
2151,1945,Bird??house P%ale Ale,Belgian Pale Ale,12,0.2301841595009651,nan,262,The Brewer's Art,Baltim$$ore,M$$D
2152,1079,Ozzy,Belgian Pale Ale,12,0.073,nan,1563.8803241327105,The Brewer's Art,Baltimore,MD
2153,94,Resurrection,Dubbel,50.50064913627515,0.07,nan,262,The Brewer's Art,Baltim$$ore,M$$D
2154,1748,Bronx Summer Pale Ale,American Pale Ale (APA),61.4189122643568,0.2564158305421151,16,329,The Bronx Brewery,Bronx,NY
2155,1747,Bronx Black Pale Ale,American Black Ale,16,0.057,46,329,The Bronx Brewery,Bronx,NY
2156,1037,Bronx Pale Ale,American Pale Ale (APA),16,0.063,50,329,The Bronx Brewery,Bronx,NY
2157,8342.628457318164,Surfrider,American Pale Ale (APA),16,0.052,35,33,The Dudes' Brewing Company,Torrance,CA
2158,2035,Kolschtal Eddy,Kölsch,16,0.055,nan,121.2364878684816,The Dudes' Brewing Company,Torrance,CA
2159,2034,South Bay Session IPA,American IPA,16,0.05,nan,33,The Dudes' Brewing Company,Torrance,CA
2160,1562,Grandma's Pecan,English Brown Ale,16,0.069,34,33,The Dudes' Brewing Company,Torrance,CA
2161,1561,Double Trunk,American Double / Imperial IPA,16,0.099,101,33,The Dudes' Brewing Company,Torrance,CA
2162,1749,Just IPA,Amer$ican I#PA,46.52129744405504,0.046,45,328,The Just Beer Project,Burlington,VT
2163,2455,Lionshead,American Pilsner,12,0.045,nan,90,The Lion Brewery,Wilkes-Barre,PA
2164,963,Manhattan Gold Lager (1990),American Amber / Red Lager,12,nan,nan,484,The Manhattan Brewing Company,New York,NY
2165,2638,G. B. Russo’@@s Italia$n Pistachio Pale Ale,American Pale Ale (APA),74.75231663809268,0.052,nan,9,The Mitten Brewing Company,Grand Rapids,MI
2166,1278,Northern Hawk Owl Amber,American Amber / Red Ale,12,0.058,nan,438,The Right Brain Brewery,Traverse City,MI
2167,1277,CEO Stout,American Stout,16,0.059,nan,438,The Right Brain Brewery,Traverse City,MI
2168,1276,Will Power Pale Ale,American Pale Ale (APA),16,0.047,nan,438,The Right Brain Brewery,Traverse City,MI
2169,1732,Curious Traveler Shandy,Shandy,12,0.044,nan,334,The Traveler Beer Company%,Burlington,#VT%
2170,2347,Hunny Do Wheat,American#?? Pale Wheat Ale,12,0.048,18,142,Third Street Brewhouse,Cold Spring,MN
2171,8230.572255669018,Three Wa@@y Pale@@ Ale,American Pale Ale (APA),39.72932559678824,0.052,nan,142,Third Street Brewhouse,Cold Spring,MN
2172,1780,%R#ise to the Top,Cream Ale,12,0.041,nan,142,Third Street Brewhouse,Cold Spring,MN
2173,1779,Lost Trout Brown Ale,American Brown Ale,12,0.2606344153775815,nan,142,Third Street Brewhouse,Cold Spring,MN
2174,2421,Watermelon Ale,Fruit / Vegetable Beer,12,0.051,11,108,Thomas Hooker Brewing Company,Bloomfield,CT
2175,2319,Knotty Blonde Ale,American Blonde Ale,12,0.04,62.777574239922586,153,Three Creeks Brewing,Sisters,OR
2176,2317,Fivepine Chocolate Porter,American Porter,36.33551832505997,0.062,40,153,Three Creeks Brewing,Sisters,OR
2177,2316,Hoodoo Voodoo IPA,American IPA,12,0.062,82,153,Three Creeks Brewing,Sisters,OR
2178,9271.667318836377,Hydraulion Red,Irish Red Ale,12,0.053,22,273,Three Notc%h'd Brewing Company,Charlottesville,VA
2179,1912,40 Mile IPA,American IPA,12,0.06,50,273,Three Notc%h'd Brewing Company,Charlottesville,VA
2180,2617,Citra Faced,American Pale Wheat Ale,16,0.055,64,21,Three Pints Brewing,Martinsville,IN
2181,2616,Pole Barn Stout,Oatmeal Stout,16,0.055,31,21,Three Pints Brewing,Martinsville,IN
2182,12471.909608665375,Pale,American Pale Ale (APA),16,0.054,37,21,Three Pints Brewing,Martinsville,IN
2183,2614,Yoshi's Nectar,California Common / Steam Beer,16,0.053,27,21,Three Pints Brewing,Martinsville,IN
2184,8803.420819196366,Leatherhead Red,American Amber / Red Ale,12,0.052,nan,282,Thunderhead Brewing Company,Kearney,NE
2185,1222,Cropduster Mid-American IPA,American IPA,12,0.065,nan,282,Thunderhead Brewing Company,Kearney,NE
2186,122,Golden Frau Honey Wheat,Bra#ggo??t,12,0.075,nan,282,Thunderhead Brewing Company,Kearney,NE
2187,121,Cornstalker Dark Wheat,American Dark Wheat Ale,12,nan,nan,282,Thunderhead Brewing Company,Kearney,NE
2188,2623,Cafe Leche,American Porter,16,0.2022075234170934,20,17,Tin Man Brewing Company,Evansville,IN
2189,2622,Damascene Apricot Sour,Fruit / Vegetable Beer,16,0.052,63.86892741471456,17,Tin Man Brewing Company,Evansville,IN
2190,2621,Csar,Russian Imperial Stout,92.17415150735728,0.12,90,17,Tin Man Brewing Company,Evansville,IN
2191,1817,Klingon Warnog Roggen Dunkel,Roggenbier,16,0.055,nan,17,Tin Man Brewing Company,Evansville,IN
2192,1449,Overlord Imperial IPA,American Double / Imperial IPA,16,0.085,687.7716245613911,17,Tin Man Brewing Company,Evansville,IN
2193,951,Alloy,Am%er$ican IPA,16,0.058,36,17,Tin Man Brewing Company,Evansville,IN
2194,950,Rivet Irish Red Ale,Irish Red Ale,16,0.051,22,17,Tin Man Brewing Company,Evansville,IN
2195,949,3 Gear Robust Porter,American $Porte%r,16,0.052,50,17,Tin Man Brewing Company,Evansville,IN
2196,948,Circuit Bohemian ??Pils??ner,Czech Pilsener,81.40209600820565,0.045,35,17,Tin Man Brewing Company,Evansville,IN
2197,11755.843887396377,Turnrow Harvest Ale,American Blonde Ale,12,0.055,nan,152,Tin Roof Brewing Company,Baton Rouge,LA
2198,1755,Juke Joint IPA,American IPA,12,0.07,239.6712935358313,152,Tin Roof Brewing Company,Baton Rouge,LA
2199,1754,Parade Ground Coffee Porter,American Porter,12,0.07,35,152,Tin Roof Brewing Company,Baton Rouge,LA
2200,1428,Tin Roof Watermelon Wheat,Fruit / Vegetable Beer,12,0.05,21,152,Tin Roof Brewing Company,Baton Rouge,LA
2201,2673.685115409459,Tin Roof Blonde Ale,American Blonde Ale,37.73386911365823,0.045,18,867.7622497521083,Tin Ro@@o%f Brewing Company,Baton Rouge,LA
2202,495,Voodoo Bengal Pale Ale,American Pale Ale (APA),12,0.055,37,152,Tin Roof Brewing Company,Baton Rouge,LA
2203,494,Perfect Tin Amber,American Amber / Red Ale,12,0.045,28,152,Tin Roof Brewing Company,Baton Rouge,LA
2204,1856,IPA & a Half,American IPA,12,0.073,87,291,Tommyknocker Brewery,Idaho Springs,CO
2205,736,Ornery Amber Lager (2003),Vienna% La%ger,12,0.055,33,291,Tommyknocker Brewery,Idaho Springs,CO
2206,1027,Big Island S$handy,Sh@@andy,16,0.05,nan,474,Tonka Beer Company,Minnetonka,MN
2207,1026,Preservation IPA,American IPA,16,0.068,nan,2617.3976325977515,Tonka Beer Company,Minnetonka,MN
2208,1938,Almanac IPA,American I??P#A,12,0.062,72,950.9038023997387,Tractor Brewing Company,Albuquerque,NM
2209,1937,Milk Mustachio Stout,Milk /?? Swee??t Stout,12,0.065,nan,265,Tractor Brewing Company,Albuquerque,NM
2210,1936,Farmer's Tan Red Ale,American Amber / Red Ale,12,0.06,30,265,Tractor Brewing Company,Albuquerque,NM
2211,594,Triangle India Pale Ale,American IPA,12,0.057,nan,524,Triangle Brewing Comp????any,Durham,NC
2212,584.0715091750039,Triangle White Ale,Witbier,12,0.05,nan,2581.021518330513,Tr??iangle Brewin$g Company,Durham,NC
2213,113,Triangle Belgian Golden Ale,Belg%ian Strong Pale A@@le,12,0.08,nan,524,Triangle Brewing Comp????any,Durham,NC
2214,2445,T%roegena$tor,Doppelbock,16,0.082,nan,97,Tröegs Brewing Company,Hershey,PA
2215,2444,Nugget Nectar,American Amber / Red Ale,50.55809002913544,0.075,93,483.56199800109306,Tröegs Brewing Company,Hershey,PA@@
2216,2203,Sunshine Pils,American Pilsner,12,0.045,45,412.4913229216651,Tröegs Brewing Company,Hershey,PA
2217,1510,Troegenator Doublebock,Doppelbock,16,0.082,25,97,Tröegs Brewing Company,Hershey,PA
2218,1509,Perpetual IPA,American IPA,12,0.075,397.59870556979905,294.7941008899981,Tröegs Brewing Company,Hershey,PA
2219,433,Greenville Pale Ale,American Pale Ale (APA),12,0.055,52,539,Twin Lakes Brewing Company,Greenville,DE
2220,641,Hoppy Boy,American IPA,16,0.062,65,520,Twisted Pine Brewing Company,Boulder,CO
2221,2588,Cow Creek,American Amber / Red Lager,12,0.054,26,38,Twisted X Brewing Company,Dripping Springs,TX
2222,10747.90731627789,Chupahopra,American IPA,12,0.3098748130480483,63,38,Twisted X Brewing Company,Dripping Springs,TX
2223,2212,Twisted X,American Adjunct Lager,46.06375788699515,0.051,19,38,Twisted X Brewing Company,Dripping Springs,TX
2224,2235,Day Hike Session,American IPA,12,0.1620994535734983,230.14237406997023,953.2856721070201,Two Beers Brewing Company,Seattle,WA
2225,1661,Trailhead ISA,American IPA,12,0.048,48,190,Two Beers Brewing Company,Seattle,WA
2226,9384.0505854839,Immersion Amber,American Amber / Red Ale,12,0.052,27,190,Two Beers Brewing Company,Seattle,WA
2227,1659,Evo IPA,American IPA,12,0.062,70,678.3650508711268,Two Beers Brewing Company,Seattle,WA
2228,1438,Presidential Pils,Czech Pilsener,12,0.048,nan,190,Two Beers Brewing Company,Seattle,WA
2229,1173,Evolutionary I??PA (20??12),American IPA,12,0.062,70,190,Two Beers Brewing Company,Seattle,WA
2230,560,Pers%nickety Pale,American Pale Ale (APA),12,0.057,36,1132.6691189554738,Two Beers Brewing Company,Seattle,WA
2231,519,SoDo Brown Ale,American Brown Ale,12,0.054,20,671.5738136599972,Two Beers Brewing Company,Seattle,WA
2232,2127.598750502634,Immersion Amber Ale (2011),American Amber / Red Ale,12,0.2164572500381325,27,190,Two Beers Brewing Company,Seattle,WA
2233,1727.4424293231357,Evolutionary IPA (2011),American IPA,12,0.062,277.919241624988,190,Two Beers Brewing Company,Seattle,WA
2234,482,Trailhead India Style Session Ale (2011),American IPA,12,0.048,48,190,Two Beers Brewing Company,Seattle,WA
2235,451,Panor$ama Wheat Ale,American Pale Wheat Ale,12,0.046,nan,190,Two Beers Brewing Company,Seattle,WA
2236,2497,Wobble,American IPA,16,0.063,69,74,Two Brothers Brewing Company,Warrenville,IL
2237,2246,Night Cat,American Dark Wheat Ale,12,0.058,43,74,Two Brothers Brewing Company,Warrenville,IL
2238,1630,Night Cat (2014),American Dark Wheat Ale,12,0.058,43,74,Two Brothers Brewing Company,Warrenville,IL
2239,1284,Dog Days Lager,Dortmunder / Export Lager,12,0.051,17,74,Two Brothers Brewing Company,Warrenville,IL
2240,1121,Sidekick Extra Pale Ale,American Pal#e Ale #(APA),12,0.2809295794186923,36,74,Two Brothers Brewing Company,Warrenville,IL
2241,1042,Atom Smasher,Märzen / Oktoberfest,12,0.077,23,74,Two Brothers Brewing Company,Warrenville,IL
2242,3301.5939650691967,Testudo,Bière de Garde,12,0.045,nan,74,Two Brothers Brewing Company,Warrenville,IL
2243,5459.5498380480385,Hobnob B & B Pale Ale,American Pale Ale (APA),12,0.3057308354436147,nan,74,Two Brothers Brewing Company,Warrenville,IL
2244,861,Cane and Ebel,American Strong Ale,12,0.07,68,74,Two Brothers Brewing Company,Warrenville,IL
2245,642,Outlaw IPA (2015),American IPA,12,0.3536544290385868,nan,74,Two Brothers Brewing Company,Warrenville,IL
2246,11619.3320788854,The Gilded Age,Munich Helles Lager,12,0.045,nan,243,Two Henrys Brewing Company,Plant City,FL
2247,1285,N$o Limits Hefeweizen,Hefeweizen,16,0.1864873033805025,nan,435,Two Roads Brewing Company,Stratford,CT
2248,1189,Honeyspot Road White IPA,American White IPA,12,0.06,nan,435,Two Roads Brewing Company,Stratford,CT
2249,1171,Road 2# Ruin Double IPA,American Double / Imperial IPA,12,0.072,nan,435,Two Roads Brewing Company,Stratford,CT
2250,1170,Workers Comp Saison,Saison / Farmhouse Ale,12,0.048,nan,435,Two Roads Brewing Company,Stratford,CT
2251,1169,Ol'?? Facto??ry Pils,German Pilsener,12,0.05,nan,435,Two Roads Brewing Company,Stratford,CT
2252,2310,PUNK'N,Pumpkin Ale,12,0.05,10,159,Uinta Brewing Company,Salt Lake City,UT
2253,2100,Yard Sale Winter Lager,American Amber / Red Lager,12,0.04,22,159,Uinta Brewing Company,Salt Lake City,UT
2254,1925,Trader Session IPA,American IPA,12,0.04,42,557.9668047821408,Uinta Brewing Company,Salt Lake City,%UT
2255,1723,Hop Nosh IPA,American IPA,12,0.334282820479671,83,159,Uinta Brewing Company,Salt Lake City,UT
2256,1212,SUM'R,American Blonde Ale,12,0.04,17,159,Uinta Brewing Company,Salt Lake City,UT
2257,1097,Organic Baba Black Lager,Schwarzbier,12,0.04,32,159,Uinta Brewing Company,Salt Lake City,UT
2258,1089,Hop Notch IPA (2013),American IPA,12,0.073,82,159,Uinta Brewing Company,Salt Lake City,UT
2259,1088,Cutthroat Pale Ale,American Pale Ale (APA),12,0.2085385901669935,34,159,Uinta Brewing Company,Salt Lake City,UT
2260,974,WYLD Extra Pale Ale,American Pale Ale (APA),12,0.04,29,159,Uinta Brewing Company,Salt Lake City,UT
2261,98,Pilsner Ukiah,German Pilsener,12,0.055,nan,2448.4449965329995,Ukiah Brewing Company,Ukiah,CA
2262,2372,The Green Room,American IPA,16,0.06,75,126,Uncle Billy's Brewery and Smokeh...,Austin,TX
2263,2367,Humbucker Helles,Maibock / Helles Bock,16,0.047,25,126,Uncle Billy's Brewery and Smokeh...,Austin,TX
2264,5206.157818590971,Uncle John's Apple Cherry Cider,Cider,16,0.065,nan,338,Uncle John's Fruit House Winery,St. John's,MI
2265,8584.457339416695,Uncle John's Apricot Apple Cider,Cider,16,0.065,nan,338,Uncle John's Fruit House Winery,St. John's,MI
2266,877,Draught Hard Apple %Cid??er,Cider,16,0.065,nan,338,Uncle John's Fruit House Winery,St. John's,MI
2267,606,Scotty K NA,Low Alcohol Beer,16,0.001,nan,522,Uncommon Brewers,Santa Cruz,CA
2268,3127.1339499910187,Bacon@@ Brown $Ale,American Brown Ale,16,0.068,nan,522,Uncommon Brewers,Santa Cruz,CA
2269,347,Golden State Ale,Belgian Pale Ale,16,0.064,nan,522,Uncommon Brewers,Santa Cruz,CA
2270,346,Baltic Porter,Baltic Porter,16,0.078,nan,522,Uncommon Brewers,Santa Cruz,CA
2271,25,Siamese twin,Dubbel,16,0.085,nan,522,Uncommon Brewers,Santa Cruz,CA
2272,2507,Double% Du%ckpin,American Double / Imperial IPA,12,0.085,90,71,Union Craft Brewing,Baltimore,MD
2273,2506,Old Pro,Gose,12,0.042,10,71,Union Craft Brewing,Baltimore,MD
2274,829,Duckpin@@ Pale Ale,American Pale Ale (APA),58.47972209451739,0.055,nan,71,Union Craft Brewing,Baltimore,MD
2275,582,Balt Altbier,Altbier,12,0.06,nan,265.89793482283056,Union Craft Brewing,Baltimore,MD
2276,2190,Campside Session IPA,American IPA,16,0.045,50,202,Upland Brewing Company,Bloomington,IN
2277,1951,Upland Wheat Ale,Witbier,16,0.045,15,202,Upland Brewing Company,Bloomington,IN
2278,1950,Dragonfly IPA,American IPA,16,0.06,nan,202,Upland Brewing Company,Bloomington,IN
2279,2565,Lee Hill Series Vol. 5 - Belgian Style Quadrupel Ale,Quadrupel (Quad),19.2,0.128,nan,261.3720114192578,Upslope Brewing Company,Boulder,CO
2280,2564,Lee Hill Series Vol. 4 - Manhattan Style Rye Ale,Rye Beer,19.2,0.104,nan,51,Upslope Brewing Company,Boulder,CO
2281,2563,Lee Hill Series Vol. 2 - Wild Saison,American Wild Ale,19.2,0.068,24,51,Upslope Brewing Company,Boulder,CO
2282,2562,Lee Hill Series Vol. 3 - Barrel Aged Imperial Stout,A@@merica#n Double / Imperial Stout,19.2,0.099,51,51,Upslope Brewing Company,Boulder,CO
2283,2561,Lee Hill Series Vol. 1 - Barrel Aged Brown Ale,American Brown Ale,19.2,0.076,nan,51,Upslope Brewing Company,Boulder,CO
2284,2560,Blood Orange Saison,Saison / Farmhouse Ale,12,0.3141374137085597,nan,51,Upslope Brewing Company,Boulder,CO
2285,1932,Thai Style White IPA,American White IPA,44.98995833617828,0.065,33,51,Upslope Brewing Company,Boulder,CO
2286,1853,Ferus Fluxus Wild Belgian Pale Ale,American Wild Ale,19.2,0.075,30,51,Upslope Brewing Company,Boulder,CO
2287,7037.201247249299,Upslope Imperial India Pale Ale,American Double / Impe#rial IPA,19.2,0.099,90,51,Upslope Brewing Company,Boulder,CO
2288,907,Upslope Christmas Ale,Winter Warmer,16,0.082,nan,51,Upslope Brewing Company,Boulder,CO
2289,906,Upslope Pumpkin Ale,Pumpkin Ale,16,0.077,nan,51,Upslope Brewing Company,Boulder,CO
2290,683,Upslope Belgian Style Pale Ale,Belgian Pale Ale,12,0.075,30,51,Upslope Brewing Company,Boulder,CO
2291,614,Upslope Foreign Style Stout,Foreign / Export Stout,12,0.069,nan,51,Upslope Brewing Company,Boulder,CO
2292,466,@@Top Rope Mexican-style Craft Lag@@er,Vienna Lager,12,0.048,15,51,Upslope Brewing Company,Boulder,CO
2293,444,Upslope Craft Lager,%Vienna Lage@@r,57.624238034163064,0.048,22,51,Upslope Brewing Company,Boulder,CO
2294,345,Upslope Brown Ale,English Brown Ale,66.83083099225374,0.067,nan,197.0737219787988,Upslope Brewing Company,Boulder,CO
2295,80,Upslope Pale Ale,American Pale Ale (APA),12,0.058,nan,51,Upslope Brewing Company,Boulder,CO
2296,79,Upslope India Pale Ale,American IPA,12,0.4176940113836125,nan,51,Upslope Brewing Company,Boulder,CO
2297,382,Common Sen#s%e Kentucky Common Ale,American Brown Ale,16,0.1645955469265669,22,546,Upstate Brewing Company,Elmira,NY
2298,381,Upstate I.P.W.,American ?@@?IPA,12,0.065,70,2420.020900100466,Upstate Brewing Company,Elmira,NY
2299,1826,Squatte#rs Full?? Suspension Pale Ale,American Pale Ale (APA),12,0.04,nan,302,Utah Brewers Cooperative,Salt Lake City,UT
2300,1825,Squatters Hop Rising Double IPA,American Double / Imperial IPA,12,0.09,75,1189.6756267713797,Utah Brewers Cooperative,Sal$t Lake City,UT
2301,10136.621697445742,Devastator Double Bock,Doppelbock,12,0.462387230625039,nan,302,Utah Brewers Cooperative,Salt Lake City,UT
2302,1823,Wasatch Ghostrider White IPA,American White IPA,12,0.06,nan,302,Utah Brewers Cooperative,Salt Lake City,UT
2303,1682,Wasatch Ghostrider White IPA (2014),American White IPA,12,0.06,nan,302,Utah Brewers Cooperative,Salt Lake City,UT
2304,1681,Wasatch Apricot Hefeweizen,Fruit / Vegetable Beer,12,0.1822283182819541,nan,302,Utah Brewers Cooperative,Salt Lake City,UT
2305,1680,Squatters Hop Rising Double IPA (2014),American Double /@@ I@@mperial IPA,12,0.09,75,302,Utah Brewers Cooperative,Salt Lake City,UT
2306,8579.993153294823,Squatters Full Suspension Pale Ale,American Pale Ale (APA),12,0.04,nan,302,Utah Brewers Cooperative,Salt Lake City,UT
2307,2245,Nunica Pine,Cider,77.77681688870335,0.4036212343832737,nan,185,Vander Mill Ciders,Spring Lake,MI
2308,2244,Ginger Peach,Cider,16,0.069,nan,185,Vander Mill Ciders,Spring Lake,MI
2309,1378,Totally Roasted,Cider,16,0.068,nan,185,Vander Mill Ciders,Spring Lake,MI
2310,1377,Blue Gold,Cider,16,0.068,nan,930.0616154639841,Vander Mill Ciders,Spring Lake,MI
2311,1376,Hard Apple#,Cider,16,0.068,nan,185,Vander Mill Ciders,Spring Lake,MI
2312,2411,Nitro Can Coffee Stout,American Stout,12,0.052,nan,113,Vault Brewing Company,Yardley,PA
2313,1770,Voodoo Love Child,Tripel,12,0.092,25,322,Voodoo Brewery,Meadville,PA
2314,1769,White Magick of the Sun,Witbier,36.32002002561078,0.079,23,322,Voodoo Brewery,Meadville,PA
2315,1730,Wynona's Big Brown Ale,American Brown Ale,12,0.075,31,1783.7804812144539,Voodoo Brewery,Meadville,PA
2316,1729,Gran Met,Belgian Strong Pale Ale,12,0.092,25,322,Voodoo Brewery,Meadville,PA
2317,1603,Good Vibes IPA,American IPA,12,0.073,85,322,Voodoo Brewery,Meadville,PA
2318,1488,Pilzilla,American Double / Imperial Pilsner,66.51406735880961,0.075,85,322,Voodoo Brewery,Meadville,PA
2319,1846,Wachusett Light IPA,American IPA,12,0.1342836822364282,37,295,Wachusett Brewing Company,Westminster,MA
2320,1845,Green Monsta IPA,American IPA,12,0.06,55,295,Wachusett Brewing Company,Westminster,MA
2321,1844,Wachu@@sett IPA,American IPA,12,0.056,50,295,Wachusett Brewing Company,Westminster,MA
2322,7589.456180437235,Stra$wberry White,Witbie$r,12,0.047,nan,295,Wachusett Brewing Company,Westminster,MA
2323,1418,Larry Imperial IPA,American Doubl#e / Imperia??l IPA,12,0.085,85,1584.7565338563672,Wachusett Brewing Company,Westminster,MA
2324,1038,Wachusett Summer,American Pale Wheat Ale,58.341900549576614,0.047,nan,295,Wachusett Brewing Company,Westminster,MA
2325,1030,Country Pale Ale,English Pale Ale,12,0.2481880381784119,17,295,Wachusett Brewing Company,Westminster,MA
2326,1029,Wachusett Light IPA (2013),American IPA,12,0.04,37,295,Wachusett Brewing Company,Westminster,MA
2327,908,Pumpkan,Pumpkin Ale,12,0.052,20,295,Wachusett Brewing Company,Westminster,MA
2328,619,Wachusett Blueberry Ale,Fruit / Vegetable Beer,69.63072221862333,0.2154193462049421,10,295,Wachusett Brewing Company,Westminster,MA
2329,618,Green Monsta IPA,American IPA,12,0.06,55,295,Wachusett Brewing Company,Westminster,MA
2330,780,T-6 Red Ale (2004),American Amber / Red Ale,12,0.047,nan,506,Warbird Brewing Company,Fort Wayne,IN
2331,2450,Self Starter,American IPA,16,0.052,67,94,Warped Wing Brewing Company,Dayton,OH
2332,2223,Ermal's,Cream Ale,84.3442107621527,0.054,20,94,Warped Wing Brewing Company,Dayton,OH
2333,2222,10 To%$n,Oatmeal Stout,16,0.07,nan,94,Warped Wing Brewing Company,Dayton,OH
2334,10554.254280693249,Flyin' Rye,American IPA,87.60449524586996,0.07,nan,506.96966996912244,Warped Wing Brewing Company,Dayton,OH
2335,2439,Christmas Ale,Herbed / Spiced Beer,12,0.09,nan,100,West Sixth Brewing,Lexington,KY
2336,2356,Pay It Forward Cocoa Porter,American Porter,12,0.07,nan,100,West Sixth Brewing,Lexington,KY
2337,1069,West Sixth Amber Ale,American Amber / Red Ale,12,0.055,nan,335.58149816054976,West Sixth Brewing,Lexington,KY
2338,652,West Sixth IPA,American IPA,12,nan,nan,100,West Sixth Brewing,Lexington,KY
2339,1542,One Claw,American Pale Ale (APA),12,0.055,nan,384,Westbrook Brewing Company,Mt. Pleasant,SC
2340,1312,Westbrook Gose,Gose,12,0.04,5,384,Westbrook Brewing Company,Mt. Pleasant,SC
2341,2604.2283963365803,White Thai,Witbier,12,0.2594359434913684,16,384,Westbrook Brewing Company,Mt. Pleasant,SC
2342,575,Westbrook IPA,American IPA,12,0.068,65,384,Westbrook Brewing Company,Mt. Pleasant,SC
2343,1645,Westfield Octoberfest,Märzen / Oktoberfest,12,0.057,22,351,Westfield River Brewing Company,Westfield,MA
2344,1551,Pop's Old Fashioned Lager,American Amber / Red Lager,12,0.052,nan,351,Westfield River Brewing Company,Westfield,MA
2345,1550,Charlie in the Rye,American IPA,12,0.2602806975328539,55,1284.99698002848,Westfield River Brewing Company,Westfield,MA
2346,2364,Royal Lager,American Pale Lager,16,nan,nan,688.9429355891835,Weston Brewing Company,Weston,MO
2347,13578.887244692012,Rip Van Winkle (Current@@??),Bock,12,0.08,nan,132,Weston Brewing Company,Weston,MO
2348,2344,O’Malley’s Stout,English Stout,12,nan,nan,132,Weston Brewing Company,Weston,MO
2349,2343,O’Malley’s IPA,American IPA,12,0.075,89,132,Weston Brewing Company,Weston,MO
2350,2342,O’Malley’s Irish Style Cream Ale,Cream Ale,12,nan,nan,132,Weston Brewing Company,Weston,MO
2351,2341,L'il Lucy's Hot Pepper Ale,Chile Beer,12,0.049,28,132,Weston Brewing Company,Weston,MO
2352,2340,Drop Kick?? Ale,American Amber / Red Ale,48.37989464663538,0.052,nan,132,Weston Brewing Company,Weston,MO
2353,2573,Raspberry Berliner Weisse,Berliner Weissbier,12,0.3034485217490115,nan,47,White Birch Brewing,Hooksett,NH
2354,2572,Hop Session,American IPA,12,0.05,nan,47,White Birch Brewing,Hooksett,NH
2355,2571,Blueberry Berliner We??@@isse,Berliner Weissbier,12,0.055,nan,47,White Birch Brewing,Hooksett,NH
2356,2570,Berliner Weisse,Berliner Weissbier,12,0.055,nan,47,White Birch Brewing,Hooksett,NH
2357,1498,Super G IPA,American IPA,16,0.06,nan,396,White Flame Brewing Company,Hudsonville,MI
2358,1838,Hefe Lemon,Radler,12,0.049,126.3705269553989,296,Widmer Brothers Brewing Company,Portland,OR
2359,1837,Hefe Black,Hef@@e#weizen,12,0.049,30,296,Widmer Brothers Brewing Company,Portland,OR
2360,1836,Widmer Brothers Hefeweizen,Hefeweizen,12,0.049,30,296,Widmer Brothers Brewing Company,Portland,OR
2361,1619,Hop Slayer Double IPA,American Double / Imperial IPA,38.29053707658771,0.082,100,361,Wild Onion Brewing Company,Lake Barrington,IL
2362,8649.396657883772,Pumpkin Ale,Pumpkin Ale,12,0.1508182409874208,nan,361,Wild Onion Brewing Company,Lake Barrington,IL
2363,4447.437074602346,Big Bowl Blonde Ale,American Brown Ale,12,0.05,nan,361,Wild Onion Brewing Company,Lake Barrington,IL
2364,971,Phat Chance,American Blonde Ale,12,0.052,27,361,Wild Onion Brewing Company,Lake Barrington,IL
2365,740,Hop S#l@@ayer Double IPA (2011),American Double / Imperial IPA,12,0.082,100,361,Wild Onion Brewing Company,Lake Barrington,IL
2366,430,Hop Slayer Double IPA (2011),American Double / Imperial IPA,52.85829539965796,0.082,100,361,Wild Onion Brewing Company,Lake Barrington,IL
2367,398,Wild Onion Summer Wit,Witbier,12,0.042,13,361,Wild Onion Brewing Company,Lake Barrington,IL
2368,366,Jack Stout,Oatmeal Stout,12,0.06,23,361,Wild Onion Brewing Company,Lake Barrington,IL
2369,334,Wild Onion Pumpkin Ale (2010),Pumpkin Ale,12,0.1355043761233212,nan,361,Wild Onion Brewing Company,Lake Barrington,IL
2370,633.092267302781,Paddy Pale Ale,American Pale Ale (APA),12,0.3230183456884704,41,361,Wild Onion Brewing Company,Lake Barrington,IL
2371,2253,Blonde Hunny,Belgian Pale Ale,12,0.068,21,181,Wild Wolf Brewing Company,Nellysford,VA
2372,1318,Wild Wolf Wee Heavy Scottish Style Ale,Scotch Ale / Wee Heavy,12,0.057,20,181,Wild Wolf Brewing Company,Nellysford,VA
2373,1195,Wild Wolf American Pilsner,American Pilsner,12,0.045,25,181,Wild Wolf Brewing Company,Nellysford,VA
2374,1194,Alpha Ale,American Pale Ale (APA),12,0.051,45,1012.5411434249964,Wild Wolf Brewing Company,Ne??llysf@@ord,VA
2375,826,Mystical Stout,Irish Dry Stout,16,0.054,nan,499,Wildwood Brewing Company,Stevensville,MT
2376,4381.863441384187,Bodacious Bock,Bock,16,0.075,nan,499,Wildwood Brewing Company,Stevensville,MT
2377,813,Ambitious Lager,Munich %@@Helles Lager,16,0.2237184845302157,nan,499,Wildwood Brewing Company,Stevensville,MT
2378,324,Wyoming Pale Ale,American Pale Ale (APA),16,0.072,nan,550,Wind River Brewing Company,Pinedale,WY
2379,323,Wind River Blonde Ale,American Blonde Ale,16,0.05,nan,2983.074143691749,Wind River Brewing Company,Pinedale,WY
2380,762,Ac@@e $IPA,American IPA,16,0.074,83,509,Wingman Brewers,Tacoma,WA
2381,761,P-51 Porter,American Porter,16,0.08,31,2074.503470647034,Wingman Brewers,Tacoma,WA
2382,2149,#001 Golden Amber Lager,American Amber / Red Lager,44.829174884041606,0.055,nan,211,Wisconsin Brewing Company,Verona,WI
2383,2148,#002 American I.P.A.,American IPA,12,0.071,257.7649936096273,211,Wisconsin Brewing Company,Verona,WI
2384,2147,#003 Brown & Robust Porter,American Porter,12,0.052,nan,211,Wisconsin Brewing Company,Verona,WI
2385,2146,#004 Session I.P.A.,American IPA,12,0.048,38,211,Wisconsin Brewing Company,Verona,WI
2386,2047,Tarasque,Saison / Farmhouse Ale,12,0.059,nan,239,Wiseacre Brewing Company,Memphis,TN
2387,1470,Ananda India Pale Ale,American IPA,12,0.062,61,239,Wiseacre Brewing Company,Memphis,TN
2388,1469,Tiny Bomb,American Pilsner,12,0.045,23,239,Wiseacre Brewing Company,Memphis,TN
2389,2627,Train Hopper,American IPA,12,0.058,72,14,Witch's Hat Brewing Company,South Lyon,MI
2390,10637.268241871874,Edward’s Portly Brown,American Brown Ale,12,0.045,nan,14,Witch's Hat Brewing Company,South Lyon,MI
2391,1676,Troopers Alley IPA,American IPA,12,0.059,135,344,Wolf Hills Brewing Company,Abingdon,VA
2392,1468,Wolverine Premium Lager,American Pale Lager,12,0.047,49.65830590299361,402,Wolverine State Brewing Company,Ann Arbor,MI
2393,822,Woodchuck Amber Hard Cider,Cider,12,0.05,nan,1938.933449560716,Woodchuck Hard Cider,Middlebury,VT
2394,2417,4000 Footer IPA,American IPA,12,0.065,82,391.93282068933746,Woodstock Inn Station & Brewery,North Woodstock,NH
2395,2306,Summer Brew,American Pilsner,12,0.1630818773538204,15,109,Woodstock Inn Station & Brewery,North Woodstock,NH
2396,1697,Be Hoppy IPA,Amer%ican?? IPA,16,0.065,69,339,Wormtown Brewery,Worcester,MA
2397,2194,Worthy IPA,American IPA,12,0.069,69,199,Worthy Brewing Company,Bend,OR
2398,1514,Easy Day Kolsch,Kölsch,12,0.045,25,199,Worthy Brewing Company,Bend,OR
2399,1513,Lights Out Vanilla Cream Extra Stout,American Double / Imperial IPA,12,0.077,30,199,Worthy Brewing Company,Bend,OR
2400,1512,Worthy IPA (2013),American IPA,12,0.069,69,807.535540004978,Worthy Brewing Company,Bend,OR
2401,1511,Worthy Pale,American Pale Ale (APA),12,0.06,50,199,Worthy Brewing Company,Bend,OR
2402,5464.246318586489,Patty's Chile Beer,Chil%e B#eer,12,0.042,nan,424,Wynkoop Brewing Company,Denver,CO
2403,1316,Colorojo Imperial Red Ale,American Strong Ale,12,0.082,nan,1952.678120609869,Wynkoop Brewing Company,Denver,CO
2404,1045,Wynkoop Pumpkin Ale,Pumpkin Ale,12,0.055,nan,424,Wynkoop Brewing Company,Denver,CO
2405,1035,Rocky Mountain Oyster Stout,American Stout,12,0.075,nan,424,Wynkoop Brewing Company,Denver,CO
2406,928,Belgorado,Belgian IPA,12,0.067,144.88012548193342,424,Wynkoop Brewing Company,Denver,CO
2407,4314.147932411436,Rail Yard Ale,American Amber / Red Ale,12,0.052,nan,424,Wynkoop Brewing Company,Denver,CO
2408,620,B3K Black Lager,Schwarzbier,12,0.055,nan,424,Wynkoop Brewing Company,Denver,CO
2409,145,Silverback Pale Ale,American Pa#le Ale (%APA),12,0.055,40,424,Wynkoop Brewing Company,Denver,CO
2410,84,Rail Yard Ale (2009),American Amber / Red Ale,12,0.052,nan,2292.9473378851303,Wynkoop Brewing Compa??ny,Denver,CO
