26/04/29 16:32:06 WARN Utils: Your hostname, qianzekaideMacBook-Air.local resolves to a loopback address: 127.0.0.1; using 192.168.3.1 instead (on interface bridge0)
26/04/29 16:32:06 WARN Utils: Set SPARK_LOCAL_IP if you need to bind to another address
26/04/29 16:32:06 WARN NativeCodeLoader: Unable to load native-hadoop library for your platform... using builtin-java classes where applicable
Using Spark's default log4j profile: org/apache/spark/log4j-defaults.properties
Setting default log level to "WARN".
To adjust logging level use sc.setLogLevel(newLevel). For SparkR, use setLogLevel(newLevel).
WARNING:root:No partitioning rule specified, processing might be slow
WARNING:root:No partitioning rule specified, processing might be slow
WARNING:root:No partitioning rule specified, processing might be slow
初始化清洗器和分析依赖关系...
处理单属性清洗算子：
处理单属性清洗算子：[Number:(domain=ounces, format=[-inf, inf])]
开始清洗属性 ounces 的数据
属性 ounces 的数据大小: 250
应用 ounces 的清洗规则，编辑规则数量: 249
读入数据大小：2410
处理了 249 条规则，更新数据...
所有编辑规则已更新完成
处理单属性清洗算子：[Number:(domain=abv, format=[-inf, inf])]
开始清洗属性 abv 的数据
属性 abv 的数据大小: 309
应用 abv 的清洗规则，编辑规则数量: 308
读入数据大小：2410
处理了 308 条规则，更新数据...
所有编辑规则已更新完成
执行层级和目标模型分类...
执行层级 (并行组): [[{'brewery_id'}], [{'brewery_name'}, {'city'}, {'state'}]]
目标模型分类: {'brewery_name': [<SampleScrubber.cleaner.multiple.AttrRelation object at 0x13af302b0>], 'city': [<SampleScrubber.cleaner.multiple.AttrRelation object at 0x13af30b50>], 'state': [<SampleScrubber.cleaner.multiple.AttrRelation object at 0x13af30700>]}

处理第 1 层级, 包含节点: ['brewery_id']
  当前节点: brewery_id 无可用清洗信号
  当前节点: brewery_id 无清洗操作
['brewery_id']的清洗完成

本层累积的编辑规则数: 0
本层没有可以进行的清洗操作，进行下一层

处理第 2 层级, 包含节点: ['brewery_name', 'city', 'state']
  当前节点: brewery_name 存在可用清洗信号
数据块大小: 2410
分块属性:
[['brewery_id']]
Starting initial block mapping...
Initial number of blocks: 796
Final number of blocks after further splitting: 796
Computing Block 1 out of 796
Processing Block size=5
begin cleaner[FunctionalDependency:(s: {'brewery_id'}, t: {'brewery_name'})]*1.0
列 'p' 不存在，对列 brewery_name 不过滤，直接选择所有非无效值。
clean_bool length:3
newest best op: Uniop(df,'brewery_name','Midnight Sun Brewing Company',(['brewery_id'], {('223',)}),{left: ("[FunctionalDependency:(s: {brewery_id}, t: {brewery_name})]", 0.0), operator: *, right: (1.0, 1.0), result: 0.0})
now error: 0.0
Block processing time: 0.013853 seconds
Computing Block 4 out of 796
Processing Block size=4
begin cleaner{left: ("[FunctionalDependency:(s: {brewery_id}, t: {brewery_name})]", 0.0), operator: *, right: (1.0, 1.0), result: 0.0}
列 'p' 不存在，对列 brewery_name 不过滤，直接选择所有非无效值。
clean_bool length:3
newest best op: Uniop(df,'brewery_name','Manzanita Brewing Company',(['brewery_id'], {('346',)}),{left: ("[FunctionalDependency:(s: {brewery_id}, t: {brewery_name})]", 0.0), operator: *, right: (1.0, 1.0), result: 0.0})
now error: 0.0
Block processing time: 0.010486 seconds
Computing Block 5 out of 796
Processing Block size=2
begin cleaner{left: ("[FunctionalDependency:(s: {brewery_id}, t: {brewery_name})]", 0.0), operator: *, right: (1.0, 1.0), result: 0.0}
列 'p' 不存在，对列 brewery_name 不过滤，直接选择所有非无效值。
Block processing time: 0.001743 seconds
Computing Block 6 out of 796
Processing Block size=4
begin cleaner{left: ("[FunctionalDependency:(s: {brewery_id}, t: {brewery_name})]", 0.0), operator: *, right: (1.0, 1.0), result: 0.0}
列 'p' 不存在，对列 brewery_name 不过滤，直接选择所有非无效值。
clean_bool length:3
newest best op: Uniop(df,'brewery_name','Cans Bar and @@Canteen#',(['brewery_id'], {('497',)}),{left: ("[FunctionalDependency:(s: {brewery_id}, t: {brewery_name})]", 0.0), operator: *, right: (1.0, 1.0), result: 0.0})
now error: 0.0
newest best op: Uniop(df,'brewery_name','Cans Bar and Canteen',(['brewery_id'], {('497',)}),{left: ("[FunctionalDependency:(s: {brewery_id}, t: {brewery_name})]", 0.0), operator: *, right: (1.0, 1.0), result: 0.0})
now error: 0.0
Block processing time: 0.010597 seconds
Computing Block 7 out of 796
Processing Block size=2
begin cleaner{left: ("[FunctionalDependency:(s: {brewery_id}, t: {brewery_name})]", 0.0), operator: *, right: (1.0, 1.0), result: 0.0}
列 'p' 不存在，对列 brewery_name 不过滤，直接选择所有非无效值。
Block processing time: 0.001843 seconds
Computing Block 10 out of 796
Processing Block size=7
begin cleaner{left: ("[FunctionalDependency:(s: {brewery_id}, t: {brewery_name})]", 0.0), operator: *, right: (1.0, 1.0), result: 0.0}
列 'p' 不存在，对列 brewery_name 不过滤，直接选择所有非无效值。
clean_bool length:3
newest best op: Uniop(df,'brewery_name','Hal@@f Acre Beer$ Company',(['brewery_id'], {('327',)}),{left: ("[FunctionalDependency:(s: {brewery_id}, t: {brewery_name})]", 0.0), operator: *, right: (1.0, 1.0), result: 0.0})
now error: 0.0
newest best op: Uniop(df,'brewery_name','Half Acre Beer Company',(['brewery_id'], {('327',)}),{left: ("[FunctionalDependency:(s: {brewery_id}, t: {brewery_name})]", 0.0), operator: *, right: (1.0, 1.0), result: 0.0})
now error: 0.0
Block processing time: 0.018821 seconds
Computing Block 12 out of 796
Processing Block size=6
begin cleaner{left: ("[FunctionalDependency:(s: {brewery_id}, t: {brewery_name})]", 0.0), operator: *, right: (1.0, 1.0), result: 0.0}
列 'p' 不存在，对列 brewery_name 不过滤，直接选择所有非无效值。
clean_bool length:3
newest best op: Uniop(df,'brewery_name','Oskar Blues Brewery (Nort#h Carol...',(['brewery_id'], {('389',)}),{left: ("[FunctionalDependency:(s: {brewery_id}, t: {brewery_name})]", 0.0), operator: *, right: (1.0, 1.0), result: 0.0})
now error: 0.0
newest best op: Uniop(df,'brewery_name','Oskar Blues Brewery (North Carol...',(['brewery_id'], {('389',)}),{left: ("[FunctionalDependency:(s: {brewery_id}, t: {brewery_name})]", 0.0), operator: *, right: (1.0, 1.0), result: 0.0})
now error: 0.0
Block processing time: 0.016869 seconds
Computing Block 13 out of 796
Processing Block size=3
begin cleaner{left: ("[FunctionalDependency:(s: {brewery_id}, t: {brewery_name})]", 0.0), operator: *, right: (1.0, 1.0), result: 0.0}
列 'p' 不存在，对列 brewery_name 不过滤，直接选择所有非无效值。
clean_bool length:3
newest best op: Uniop(df,'brewery_name','Inde??pendence Brewing Company',(['brewery_id'], {('140',)}),{left: ("[FunctionalDependency:(s: {brewery_id}, t: {brewery_name})]", 0.0), operator: *, right: (1.0, 1.0), result: 0.0})
now error: 0.0
newest best op: Uniop(df,'brewery_name','Independence Brewing Company',(['brewery_id'], {('140',)}),{left: ("[FunctionalDependency:(s: {brewery_id}, t: {brewery_name})]", 0.0), operator: *, right: (1.0, 1.0), result: 0.0})
now error: 0.0
Block processing time: 0.009353 seconds
Computing Block 18 out of 796
Processing Block size=9
begin cleaner{left: ("[FunctionalDependency:(s: {brewery_id}, t: {brewery_name})]", 0.0), operator: *, right: (1.0, 1.0), result: 0.0}
列 'p' 不存在，对列 brewery_name 不过滤，直接选择所有非无效值。
Block processing time: 0.007412 seconds
Computing Block 19 out of 796
Processing Block size=3
begin cleaner{left: ("[FunctionalDependency:(s: {brewery_id}, t: {brewery_name})]", 0.0), operator: *, right: (1.0, 1.0), result: 0.0}
列 'p' 不存在，对列 brewery_name 不过滤，直接选择所有非无效值。
Block processing time: 0.0028 seconds
Computing Block 22 out of 796
Processing Block size=5
begin cleaner{left: ("[FunctionalDependency:(s: {brewery_id}, t: {brewery_name})]", 0.0), operator: *, right: (1.0, 1.0), result: 0.0}
列 'p' 不存在，对列 brewery_name 不过滤，直接选择所有非无效值。
Block processing time: 0.004089 seconds
Computing Block 28 out of 796
Processing Block size=2
begin cleaner{left: ("[FunctionalDependency:(s: {brewery_id}, t: {brewery_name})]", 0.0), operator: *, right: (1.0, 1.0), result: 0.0}
列 'p' 不存在，对列 brewery_name 不过滤，直接选择所有非无效值。
Block processing time: 0.001748 seconds
Computing Block 31 out of 796
Processing Block size=3
begin cleaner{left: ("[FunctionalDependency:(s: {brewery_id}, t: {brewery_name})]", 0.0), operator: *, right: (1.0, 1.0), result: 0.0}
列 'p' 不存在，对列 brewery_name 不过滤，直接选择所有非无效值。
clean_bool length:3
newest best op: Uniop(df,'brewery_name','Upland Brewing Company',(['brewery_id'], {('202',)}),{left: ("[FunctionalDependency:(s: {brewery_id}, t: {brewery_name})]", 0.0), operator: *, right: (1.0, 1.0), result: 0.0})
now error: 0.0
Block processing time: 0.008491 seconds
Computing Block 35 out of 796
Processing Block size=5
begin cleaner{left: ("[FunctionalDependency:(s: {brewery_id}, t: {brewery_name})]", 0.0), operator: *, right: (1.0, 1.0), result: 0.0}
列 'p' 不存在，对列 brewery_name 不过滤，直接选择所有非无效值。
Block processing time: 0.003688 seconds
Computing Block 39 out of 796
Processing Block size=3
begin cleaner{left: ("[FunctionalDependency:(s: {brewery_id}, t: {brewery_name})]", 0.0), operator: *, right: (1.0, 1.0), result: 0.0}
列 'p' 不存在，对列 brewery_name 不过滤，直接选择所有非无效值。
Block processing time: 0.002286 seconds
Computing Block 41 out of 796
Processing Block size=7
begin cleaner{left: ("[FunctionalDependency:(s: {brewery_id}, t: {brewery_name})]", 0.0), operator: *, right: (1.0, 1.0), result: 0.0}
列 'p' 不存在，对列 brewery_name 不过滤，直接选择所有非无效值。
Block processing time: 0.005152 seconds
Computing Block 42 out of 796
Processing Block size=6
begin cleaner{left: ("[FunctionalDependency:(s: {brewery_id}, t: {brewery_name})]", 0.0), operator: *, right: (1.0, 1.0), result: 0.0}
列 'p' 不存在，对列 brewery_name 不过滤，直接选择所有非无效值。
Block processing time: 0.004694 seconds
Computing Block 43 out of 796
Processing Block size=3
begin cleaner{left: ("[FunctionalDependency:(s: {brewery_id}, t: {brewery_name})]", 0.0), operator: *, right: (1.0, 1.0), result: 0.0}
列 'p' 不存在，对列 brewery_name 不过滤，直接选择所有非无效值。
Block processing time: 0.002241 seconds
Computing Block 48 out of 796
Processing Block size=17
begin cleaner{left: ("[FunctionalDependency:(s: {brewery_id}, t: {brewery_name})]", 0.0), operator: *, right: (1.0, 1.0), result: 0.0}
列 'p' 不存在，对列 brewery_name 不过滤，直接选择所有非无效值。
clean_bool length:4
newest best op: Uniop(df,'brewery_name','Anderson Valley Brewing Company',(['brewery_id'], {('171',)}),{left: ("[FunctionalDependency:(s: {brewery_id}, t: {brewery_name})]", 0.0), operator: *, right: (1.0, 1.0), result: 0.0})
now error: 0.0
Block processing time: 0.057885 seconds
Computing Block 49 out of 796
Processing Block size=11
begin cleaner{left: ("[FunctionalDependency:(s: {brewery_id}, t: {brewery_name})]", 0.0), operator: *, right: (1.0, 1.0), result: 0.0}
列 'p' 不存在，对列 brewery_name 不过滤，直接选择所有非无效值。
Block processing time: 0.008057 seconds
Computing Block 50 out of 796
Processing Block size=2
begin cleaner{left: ("[FunctionalDependency:(s: {brewery_id}, t: {brewery_name})]", 0.0), operator: *, right: (1.0, 1.0), result: 0.0}
列 'p' 不存在，对列 brewery_name 不过滤，直接选择所有非无效值。
Block processing time: 0.001534 seconds
Computing Block 51 out of 796
Processing Block size=2
begin cleaner{left: ("[FunctionalDependency:(s: {brewery_id}, t: {brewery_name})]", 0.0), operator: *, right: (1.0, 1.0), result: 0.0}
列 'p' 不存在，对列 brewery_name 不过滤，直接选择所有非无效值。
Block processing time: 0.001508 seconds
Computing Block 52 out of 796
Processing Block size=8
begin cleaner{left: ("[FunctionalDependency:(s: {brewery_id}, t: {brewery_name})]", 0.0), operator: *, right: (1.0, 1.0), result: 0.0}
列 'p' 不存在，对列 brewery_name 不过滤，直接选择所有非无效值。
Block processing time: 0.005633 seconds
Computing Block 55 out of 796
Processing Block size=3
begin cleaner{left: ("[FunctionalDependency:(s: {brewery_id}, t: {brewery_name})]", 0.0), operator: *, right: (1.0, 1.0), result: 0.0}
列 'p' 不存在，对列 brewery_name 不过滤，直接选择所有非无效值。
Block processing time: 0.002251 seconds
Computing Block 56 out of 796
Processing Block size=15
begin cleaner{left: ("[FunctionalDependency:(s: {brewery_id}, t: {brewery_name})]", 0.0), operator: *, right: (1.0, 1.0), result: 0.0}
列 'p' 不存在，对列 brewery_name 不过滤，直接选择所有非无效值。
clean_bool length:3
newest best op: Uniop(df,'brewery_name','21st Amendment @@Brewery',(['brewery_id'], {('368',)}),{left: ("[FunctionalDependency:(s: {brewery_id}, t: {brewery_name})]", 0.0), operator: *, right: (1.0, 1.0), result: 0.0})
now error: 0.0
newest best op: Uniop(df,'brewery_name','21st Amendment Brewery',(['brewery_id'], {('368',)}),{left: ("[FunctionalDependency:(s: {brewery_id}, t: {brewery_name})]", 0.0), operator: *, right: (1.0, 1.0), result: 0.0})
now error: 0.0
Block processing time: 0.033463 seconds
Computing Block 57 out of 796
Processing Block size=3
begin cleaner{left: ("[FunctionalDependency:(s: {brewery_id}, t: {brewery_name})]", 0.0), operator: *, right: (1.0, 1.0), result: 0.0}
列 'p' 不存在，对列 brewery_name 不过滤，直接选择所有非无效值。
Block processing time: 0.002307 seconds
Computing Block 58 out of 796
Processing Block size=3
begin cleaner{left: ("[FunctionalDependency:(s: {brewery_id}, t: {brewery_name})]", 0.0), operator: *, right: (1.0, 1.0), result: 0.0}
列 'p' 不存在，对列 brewery_name 不过滤，直接选择所有非无效值。
Block processing time: 0.002215 seconds
Computing Block 63 out of 796
Processing Block size=5
begin cleaner{left: ("[FunctionalDependency:(s: {brewery_id}, t: {brewery_name})]", 0.0), operator: *, right: (1.0, 1.0), result: 0.0}
列 'p' 不存在，对列 brewery_name 不过滤，直接选择所有非无效值。
Block processing time: 0.003627 seconds
Computing Block 64 out of 796
Processing Block size=8
begin cleaner{left: ("[FunctionalDependency:(s: {brewery_id}, t: {brewery_name})]", 0.0), operator: *, right: (1.0, 1.0), result: 0.0}
列 'p' 不存在，对列 brewery_name 不过滤，直接选择所有非无效值。
clean_bool length:3
newest best op: Uniop(df,'brewery_name','Freetail Brewing Company',(['brewery_id'], {('66',)}),{left: ("[FunctionalDependency:(s: {brewery_id}, t: {brewery_name})]", 0.0), operator: *, right: (1.0, 1.0), result: 0.0})
now error: 0.0
Block processing time: 0.018455 seconds
Computing Block 65 out of 796
Processing Block size=3
begin cleaner{left: ("[FunctionalDependency:(s: {brewery_id}, t: {brewery_name})]", 0.0), operator: *, right: (1.0, 1.0), result: 0.0}
列 'p' 不存在，对列 brewery_name 不过滤，直接选择所有非无效值。
Block processing time: 0.002251 seconds
Computing Block 67 out of 796
Processing Block size=9
begin cleaner{left: ("[FunctionalDependency:(s: {brewery_id}, t: {brewery_name})]", 0.0), operator: *, right: (1.0, 1.0), result: 0.0}
列 'p' 不存在，对列 brewery_name 不过滤，直接选择所有非无效值。
Block processing time: 0.006448 seconds
Computing Block 68 out of 796
Processing Block size=13
begin cleaner{left: ("[FunctionalDependency:(s: {brewery_id}, t: {brewery_name})]", 0.0), operator: *, right: (1.0, 1.0), result: 0.0}
列 'p' 不存在，对列 brewery_name 不过滤，直接选择所有非无效值。
clean_bool length:5
newest best op: Uniop(df,'brewery_name','New Belgium Brewing Company',(['brewery_id'], {('82',)}),{left: ("[FunctionalDependency:(s: {brewery_id}, t: {brewery_name})]", 0.0), operator: *, right: (1.0, 1.0), result: 0.0})
now error: 0.0
Block processing time: 0.053366 seconds
Computing Block 69 out of 796
Processing Block size=2
begin cleaner{left: ("[FunctionalDependency:(s: {brewery_id}, t: {brewery_name})]", 0.0), operator: *, right: (1.0, 1.0), result: 0.0}
列 'p' 不存在，对列 brewery_name 不过滤，直接选择所有非无效值。
Block processing time: 0.001535 seconds
Computing Block 72 out of 796
Processing Block size=5
begin cleaner{left: ("[FunctionalDependency:(s: {brewery_id}, t: {brewery_name})]", 0.0), operator: *, right: (1.0, 1.0), result: 0.0}
列 'p' 不存在，对列 brewery_name 不过滤，直接选择所有非无效值。
Block processing time: 0.003632 seconds
Computing Block 74 out of 796
Processing Block size=5
begin cleaner{left: ("[FunctionalDependency:(s: {brewery_id}, t: {brewery_name})]", 0.0), operator: *, right: (1.0, 1.0), result: 0.0}
列 'p' 不存在，对列 brewery_name 不过滤，直接选择所有非无效值。
clean_bool length:4
newest best op: Uniop(df,'brewery_name','Schlafly Brewing Company',(['brewery_id'], {('428',)}),{left: ("[FunctionalDependency:(s: {brewery_id}, t: {brewery_name})]", 0.0), operator: *, right: (1.0, 1.0), result: 0.0})
now error: 0.0
Block processing time: 0.016359 seconds
Computing Block 75 out of 796
Processing Block size=3
begin cleaner{left: ("[FunctionalDependency:(s: {brewery_id}, t: {brewery_name})]", 0.0), operator: *, right: (1.0, 1.0), result: 0.0}
列 'p' 不存在，对列 brewery_name 不过滤，直接选择所有非无效值。
Block processing time: 0.002242 seconds
Computing Block 76 out of 796
Processing Block size=3
begin cleaner{left: ("[FunctionalDependency:(s: {brewery_id}, t: {brewery_name})]", 0.0), operator: *, right: (1.0, 1.0), result: 0.0}
列 'p' 不存在，对列 brewery_name 不过滤，直接选择所有非无效值。
clean_bool length:3
newest best op: Uniop(df,'brewery_name','Three Creeks Brewing',(['brewery_id'], {('153',)}),{left: ("[FunctionalDependency:(s: {brewery_id}, t: {brewery_name})]", 0.0), operator: *, right: (1.0, 1.0), result: 0.0})
now error: 0.0
Block processing time: 0.007472 seconds
Computing Block 77 out of 796
Processing Block size=2
begin cleaner{left: ("[FunctionalDependency:(s: {brewery_id}, t: {brewery_name})]", 0.0), operator: *, right: (1.0, 1.0), result: 0.0}
列 'p' 不存在，对列 brewery_name 不过滤，直接选择所有非无效值。
Block processing time: 0.001516 seconds
Computing Block 79 out of 796
Processing Block size=3
begin cleaner{left: ("[FunctionalDependency:(s: {brewery_id}, t: {brewery_name})]", 0.0), operator: *, right: (1.0, 1.0), result: 0.0}
列 'p' 不存在，对列 brewery_name 不过滤，直接选择所有非无效值。
clean_bool length:3
newest best op: Uniop(df,'brewery_name','Lost Nati$on Brewing',(['brewery_id'], {('41',)}),{left: ("[FunctionalDependency:(s: {brewery_id}, t: {brewery_name})]", 0.0), operator: *, right: (1.0, 1.0), result: 0.0})
now error: 0.0
newest best op: Uniop(df,'brewery_name','Lost Nation Brewing',(['brewery_id'], {('41',)}),{left: ("[FunctionalDependency:(s: {brewery_id}, t: {brewery_name})]", 0.0), operator: *, right: (1.0, 1.0), result: 0.0})
now error: 0.0
Block processing time: 0.007499 seconds
Computing Block 80 out of 796
Processing Block size=7
begin cleaner{left: ("[FunctionalDependency:(s: {brewery_id}, t: {brewery_name})]", 0.0), operator: *, right: (1.0, 1.0), result: 0.0}
列 'p' 不存在，对列 brewery_name 不过滤，直接选择所有非无效值。
clean_bool length:3
newest best op: Uniop(df,'brewery_name','Hop Valley Brewing Company',(['brewery_id'], {('198',)}),{left: ("[FunctionalDependency:(s: {brewery_id}, t: {brewery_name})]", 0.0), operator: *, right: (1.0, 1.0), result: 0.0})
now error: 0.0
Block processing time: 0.016386 seconds
Computing Block 81 out of 796
Processing Block size=2
begin cleaner{left: ("[FunctionalDependency:(s: {brewery_id}, t: {brewery_name})]", 0.0), operator: *, right: (1.0, 1.0), result: 0.0}
列 'p' 不存在，对列 brewery_name 不过滤，直接选择所有非无效值。
Block processing time: 0.001519 seconds
Computing Block 84 out of 796
Processing Block size=4
begin cleaner{left: ("[FunctionalDependency:(s: {brewery_id}, t: {brewery_name})]", 0.0), operator: *, right: (1.0, 1.0), result: 0.0}
列 'p' 不存在，对列 brewery_name 不过滤，直接选择所有非无效值。
clean_bool length:3
newest best op: Uniop(df,'brewery_name','Mike Hess Brewing Company',(['brewery_id'], {('3',)}),{left: ("[FunctionalDependency:(s: {brewery_id}, t: {brewery_name})]", 0.0), operator: *, right: (1.0, 1.0), result: 0.0})
now error: 0.0
Block processing time: 0.009722 seconds
Computing Block 85 out of 796
Processing Block size=3
begin cleaner{left: ("[FunctionalDependency:(s: {brewery_id}, t: {brewery_name})]", 0.0), operator: *, right: (1.0, 1.0), result: 0.0}
列 'p' 不存在，对列 brewery_name 不过滤，直接选择所有非无效值。
Block processing time: 0.002214 seconds
Computing Block 86 out of 796
Processing Block size=4
begin cleaner{left: ("[FunctionalDependency:(s: {brewery_id}, t: {brewery_name})]", 0.0), operator: *, right: (1.0, 1.0), result: 0.0}
列 'p' 不存在，对列 brewery_name 不过滤，直接选择所有非无效值。
clean_bool length:3
newest best op: Uniop(df,'brewery_name','Central ??Coast @@Brewing Company',(['brewery_id'], {('350',)}),{left: ("[FunctionalDependency:(s: {brewery_id}, t: {brewery_name})]", 0.0), operator: *, right: (1.0, 1.0), result: 0.0})
now error: 0.0
newest best op: Uniop(df,'brewery_name','Central Coast Brewing Company',(['brewery_id'], {('350',)}),{left: ("[FunctionalDependency:(s: {brewery_id}, t: {brewery_name})]", 0.0), operator: *, right: (1.0, 1.0), result: 0.0})
now error: 0.0
Block processing time: 0.009995 seconds
Computing Block 89 out of 796
Processing Block size=4
begin cleaner{left: ("[FunctionalDependency:(s: {brewery_id}, t: {brewery_name})]", 0.0), operator: *, right: (1.0, 1.0), result: 0.0}
列 'p' 不存在，对列 brewery_name 不过滤，直接选择所有非无效值。
Block processing time: 0.002927 seconds
Computing Block 90 out of 796
Processing Block size=2
begin cleaner{left: ("[FunctionalDependency:(s: {brewery_id}, t: {brewery_name})]", 0.0), operator: *, right: (1.0, 1.0), result: 0.0}
列 'p' 不存在，对列 brewery_name 不过滤，直接选择所有非无效值。
Block processing time: 0.00154 seconds
Computing Block 91 out of 796
Processing Block size=12
begin cleaner{left: ("[FunctionalDependency:(s: {brewery_id}, t: {brewery_name})]", 0.0), operator: *, right: (1.0, 1.0), result: 0.0}
列 'p' 不存在，对列 brewery_name 不过滤，直接选择所有非无效值。
clean_bool length:5
newest best op: Uniop(df,'brewery_name','Oskar Blues Brewe@@ry',(['brewery_id'], {('503',)}),{left: ("[FunctionalDependency:(s: {brewery_id}, t: {brewery_name})]", 0.0), operator: *, right: (1.0, 1.0), result: 0.0})
now error: 0.0
newest best op: Uniop(df,'brewery_name','Oskar Blues Brewery',(['brewery_id'], {('503',)}),{left: ("[FunctionalDependency:(s: {brewery_id}, t: {brewery_name})]", 0.0), operator: *, right: (1.0, 1.0), result: 0.0})
now error: 0.0
Block processing time: 0.045896 seconds
Computing Block 92 out of 796
Processing Block size=2
begin cleaner{left: ("[FunctionalDependency:(s: {brewery_id}, t: {brewery_name})]", 0.0), operator: *, right: (1.0, 1.0), result: 0.0}
列 'p' 不存在，对列 brewery_name 不过滤，直接选择所有非无效值。
Block processing time: 0.001511 seconds
Computing Block 95 out of 796
Processing Block size=10
begin cleaner{left: ("[FunctionalDependency:(s: {brewery_id}, t: {brewery_name})]", 0.0), operator: *, right: (1.0, 1.0), result: 0.0}
列 'p' 不存在，对列 brewery_name 不过滤，直接选择所有非无效值。
clean_bool length:3
newest best op: Uniop(df,'brewery_name','Tw#o Brothers Brewin#g Company',(['brewery_id'], {('74',)}),{left: ("[FunctionalDependency:(s: {brewery_id}, t: {brewery_name})]", 0.0), operator: *, right: (1.0, 1.0), result: 0.0})
now error: 0.0
newest best op: Uniop(df,'brewery_name','Two Brothers Brewing Company',(['brewery_id'], {('74',)}),{left: ("[FunctionalDependency:(s: {brewery_id}, t: {brewery_name})]", 0.0), operator: *, right: (1.0, 1.0), result: 0.0})
now error: 0.0
Block processing time: 0.023109 seconds
Computing Block 96 out of 796
Processing Block size=2
begin cleaner{left: ("[FunctionalDependency:(s: {brewery_id}, t: {brewery_name})]", 0.0), operator: *, right: (1.0, 1.0), result: 0.0}
列 'p' 不存在，对列 brewery_name 不过滤，直接选择所有非无效值。
Block processing time: 0.001538 seconds
Computing Block 97 out of 796
Processing Block size=8
begin cleaner{left: ("[FunctionalDependency:(s: {brewery_id}, t: {brewery_name})]", 0.0), operator: *, right: (1.0, 1.0), result: 0.0}
列 'p' 不存在，对列 brewery_name 不过滤，直接选择所有非无效值。
clean_bool length:3
newest best op: Uniop(df,'brewery_name','Great Divide Brewing Company',(['brewery_id'], {('6',)}),{left: ("[FunctionalDependency:(s: {brewery_id}, t: {brewery_name})]", 0.0), operator: *, right: (1.0, 1.0), result: 0.0})
now error: 0.0
Block processing time: 0.018727 seconds
Computing Block 98 out of 796
Processing Block size=9
begin cleaner{left: ("[FunctionalDependency:(s: {brewery_id}, t: {brewery_name})]", 0.0), operator: *, right: (1.0, 1.0), result: 0.0}
列 'p' 不存在，对列 brewery_name 不过滤，直接选择所有非无效值。
clean_bool length:3
newest best op: Uniop(df,'brewery_name','Old Forge Brewing Company',(['brewery_id'], {('301',)}),{left: ("[FunctionalDependency:(s: {brewery_id}, t: {brewery_name})]", 0.0), operator: *, right: (1.0, 1.0), result: 0.0})
now error: 0.0
Block processing time: 0.020566 seconds
Computing Block 100 out of 796
Processing Block size=2
begin cleaner{left: ("[FunctionalDependency:(s: {brewery_id}, t: {brewery_name})]", 0.0), operator: *, right: (1.0, 1.0), result: 0.0}
列 'p' 不存在，对列 brewery_name 不过滤，直接选择所有非无效值。
Block processing time: 0.001541 seconds
Computing Block 101 out of 796
Processing Block size=2
begin cleaner{left: ("[FunctionalDependency:(s: {brewery_id}, t: {brewery_name})]", 0.0), operator: *, right: (1.0, 1.0), result: 0.0}
列 'p' 不存在，对列 brewery_name 不过滤，直接选择所有非无效值。
Block processing time: 0.001503 seconds
Computing Block 102 out of 796
Processing Block size=4
begin cleaner{left: ("[FunctionalDependency:(s: {brewery_id}, t: {brewery_name})]", 0.0), operator: *, right: (1.0, 1.0), result: 0.0}
列 'p' 不存在，对列 brewery_name 不过滤，直接选择所有非无效值。
Block processing time: 0.002926 seconds
Computing Block 103 out of 796
Processing Block size=15
begin cleaner{left: ("[FunctionalDependency:(s: {brewery_id}, t: {brewery_name})]", 0.0), operator: *, right: (1.0, 1.0), result: 0.0}
列 'p' 不存在，对列 brewery_name 不过滤，直接选择所有非无效值。
clean_bool length:4
newest best op: Uniop(df,'brewery_name','Sockeye Brewing Company',(['brewery_id'], {('309',)}),{left: ("[FunctionalDependency:(s: {brewery_id}, t: {brewery_name})]", 0.0), operator: *, right: (1.0, 1.0), result: 0.0})
now error: 0.0
Block processing time: 0.045925 seconds
Computing Block 105 out of 796
Processing Block size=7
begin cleaner{left: ("[FunctionalDependency:(s: {brewery_id}, t: {brewery_name})]", 0.0), operator: *, right: (1.0, 1.0), result: 0.0}
列 'p' 不存在，对列 brewery_name 不过滤，直接选择所有非无效值。
Block processing time: 0.005027 seconds
Computing Block 108 out of 796
Processing Block size=2
begin cleaner{left: ("[FunctionalDependency:(s: {brewery_id}, t: {brewery_name})]", 0.0), operator: *, right: (1.0, 1.0), result: 0.0}
列 'p' 不存在，对列 brewery_name 不过滤，直接选择所有非无效值。
Block processing time: 0.00151 seconds
Computing Block 109 out of 796
Processing Block size=9
begin cleaner{left: ("[FunctionalDependency:(s: {brewery_id}, t: {brewery_name})]", 0.0), operator: *, right: (1.0, 1.0), result: 0.0}
列 'p' 不存在，对列 brewery_name 不过滤，直接选择所有非无效值。
clean_bool length:3
newest best op: Uniop(df,'brewery_name','Sierra Ne%vada Brewing Company',(['brewery_id'], {('83',)}),{left: ("[FunctionalDependency:(s: {brewery_id}, t: {brewery_name})]", 0.0), operator: *, right: (1.0, 1.0), result: 0.0})
now error: 0.0
newest best op: Uniop(df,'brewery_name','Sierra Nevada Brewing Company',(['brewery_id'], {('83',)}),{left: ("[FunctionalDependency:(s: {brewery_id}, t: {brewery_name})]", 0.0), operator: *, right: (1.0, 1.0), result: 0.0})
now error: 0.0
Block processing time: 0.021509 seconds
Computing Block 110 out of 796
Processing Block size=5
begin cleaner{left: ("[FunctionalDependency:(s: {brewery_id}, t: {brewery_name})]", 0.0), operator: *, right: (1.0, 1.0), result: 0.0}
列 'p' 不存在，对列 brewery_name 不过滤，直接选择所有非无效值。
Block processing time: 0.004023 seconds
Computing Block 111 out of 796
Processing Block size=6
begin cleaner{left: ("[FunctionalDependency:(s: {brewery_id}, t: {brewery_name})]", 0.0), operator: *, right: (1.0, 1.0), result: 0.0}
列 'p' 不存在，对列 brewery_name 不过滤，直接选择所有非无效值。
Block processing time: 0.004944 seconds
Computing Block 115 out of 796
Processing Block size=4
begin cleaner{left: ("[FunctionalDependency:(s: {brewery_id}, t: {brewery_name})]", 0.0), operator: *, right: (1.0, 1.0), result: 0.0}
列 'p' 不存在，对列 brewery_name 不过滤，直接选择所有非无效值。
Block processing time: 0.003267 seconds
Computing Block 116 out of 796
Processing Block size=2
begin cleaner{left: ("[FunctionalDependency:(s: {brewery_id}, t: {brewery_name})]", 0.0), operator: *, right: (1.0, 1.0), result: 0.0}
列 'p' 不存在，对列 brewery_name 不过滤，直接选择所有非无效值。
Block processing time: 0.001856 seconds
Computing Block 117 out of 796
Processing Block size=3
begin cleaner{left: ("[FunctionalDependency:(s: {brewery_id}, t: {brewery_name})]", 0.0), operator: *, right: (1.0, 1.0), result: 0.0}
列 'p' 不存在，对列 brewery_name 不过滤，直接选择所有非无效值。
clean_bool length:3
newest best op: Uniop(df,'brewery_name','North Country Brewing Company',(['brewery_id'], {('431',)}),{left: ("[FunctionalDependency:(s: {brewery_id}, t: {brewery_name})]", 0.0), operator: *, right: (1.0, 1.0), result: 0.0})
now error: 0.0
Block processing time: 0.008499 seconds
Computing Block 119 out of 796
Processing Block size=3
begin cleaner{left: ("[FunctionalDependency:(s: {brewery_id}, t: {brewery_name})]", 0.0), operator: *, right: (1.0, 1.0), result: 0.0}
列 'p' 不存在，对列 brewery_name 不过滤，直接选择所有非无效值。
Block processing time: 0.002421 seconds
Computing Block 124 out of 796
Processing Block size=2
begin cleaner{left: ("[FunctionalDependency:(s: {brewery_id}, t: {brewery_name})]", 0.0), operator: *, right: (1.0, 1.0), result: 0.0}
列 'p' 不存在，对列 brewery_name 不过滤，直接选择所有非无效值。
Block processing time: 0.001684 seconds
Computing Block 125 out of 796
Processing Block size=4
begin cleaner{left: ("[FunctionalDependency:(s: {brewery_id}, t: {brewery_name})]", 0.0), operator: *, right: (1.0, 1.0), result: 0.0}
列 'p' 不存在，对列 brewery_name 不过滤，直接选择所有非无效值。
Block processing time: 0.00341 seconds
Computing Block 128 out of 796
Processing Block size=6
begin cleaner{left: ("[FunctionalDependency:(s: {brewery_id}, t: {brewery_name})]", 0.0), operator: *, right: (1.0, 1.0), result: 0.0}
列 'p' 不存在，对列 brewery_name 不过滤，直接选择所有非无效值。
Block processing time: 0.004835 seconds
Computing Block 130 out of 796
Processing Block size=4
begin cleaner{left: ("[FunctionalDependency:(s: {brewery_id}, t: {brewery_name})]", 0.0), operator: *, right: (1.0, 1.0), result: 0.0}
列 'p' 不存在，对列 brewery_name 不过滤，直接选择所有非无效值。
clean_bool length:3
newest best op: Uniop(df,'brewery_name','Denali Brewing Company',(['brewery_id'], {('453',)}),{left: ("[FunctionalDependency:(s: {brewery_id}, t: {brewery_name})]", 0.0), operator: *, right: (1.0, 1.0), result: 0.0})
now error: 0.0
Block processing time: 0.010345 seconds
Computing Block 131 out of 796
Processing Block size=2
begin cleaner{left: ("[FunctionalDependency:(s: {brewery_id}, t: {brewery_name})]", 0.0), operator: *, right: (1.0, 1.0), result: 0.0}
列 'p' 不存在，对列 brewery_name 不过滤，直接选择所有非无效值。
Block processing time: 0.001805 seconds
Computing Block 132 out of 796
Processing Block size=3
begin cleaner{left: ("[FunctionalDependency:(s: {brewery_id}, t: {brewery_name})]", 0.0), operator: *, right: (1.0, 1.0), result: 0.0}
列 'p' 不存在，对列 brewery_name 不过滤，直接选择所有非无效值。
clean_bool length:3
newest best op: Uniop(df,'brewery_name','Frankenmuth Brewery',(['brewery_id'], {('253',)}),{left: ("[FunctionalDependency:(s: {brewery_id}, t: {brewery_name})]", 0.0), operator: *, right: (1.0, 1.0), result: 0.0})
now error: 0.0
Block processing time: 0.007854 seconds
Computing Block 136 out of 796
Processing Block size=12
begin cleaner{left: ("[FunctionalDependency:(s: {brewery_id}, t: {brewery_name})]", 0.0), operator: *, right: (1.0, 1.0), result: 0.0}
列 'p' 不存在，对列 brewery_name 不过滤，直接选择所有非无效值。
clean_bool length:4
newest best op: Uniop(df,'brewery_name','Surly $Brewing Company',(['brewery_id'], {('61',)}),{left: ("[FunctionalDependency:(s: {brewery_id}, t: {brewery_name})]", 0.0), operator: *, right: (1.0, 1.0), result: 0.0})
now error: 0.0
newest best op: Uniop(df,'brewery_name','Surly Brewing Company',(['brewery_id'], {('61',)}),{left: ("[FunctionalDependency:(s: {brewery_id}, t: {brewery_name})]", 0.0), operator: *, right: (1.0, 1.0), result: 0.0})
now error: 0.0
Block processing time: 0.038309 seconds
Computing Block 138 out of 796
Processing Block size=11
begin cleaner{left: ("[FunctionalDependency:(s: {brewery_id}, t: {brewery_name})]", 0.0), operator: *, right: (1.0, 1.0), result: 0.0}
列 'p' 不存在，对列 brewery_name 不过滤，直接选择所有非无效值。
clean_bool length:3
newest best op: Uniop(df,'brewery_name','Harpoon Brewery',(['brewery_id'], {('234',)}),{left: ("[FunctionalDependency:(s: {brewery_id}, t: {brewery_name})]", 0.0), operator: *, right: (1.0, 1.0), result: 0.0})
now error: 0.0
Block processing time: 0.024494 seconds
Computing Block 139 out of 796
Processing Block size=2
begin cleaner{left: ("[FunctionalDependency:(s: {brewery_id}, t: {brewery_name})]", 0.0), operator: *, right: (1.0, 1.0), result: 0.0}
列 'p' 不存在，对列 brewery_name 不过滤，直接选择所有非无效值。
Block processing time: 0.00153 seconds
Computing Block 140 out of 796
Processing Block size=7
begin cleaner{left: ("[FunctionalDependency:(s: {brewery_id}, t: {brewery_name})]", 0.0), operator: *, right: (1.0, 1.0), result: 0.0}
列 'p' 不存在，对列 brewery_name 不过滤，直接选择所有非无效值。
clean_bool length:5
newest best op: Uniop(df,'brewery_name','Baxter #Brewin@@g Company',(['brewery_id'], {('292',)}),{left: ("[FunctionalDependency:(s: {brewery_id}, t: {brewery_name})]", 0.0), operator: *, right: (1.0, 1.0), result: 0.0})
now error: 0.0
newest best op: Uniop(df,'brewery_name','Baxter Bre%wing Company',(['brewery_id'], {('292',)}),{left: ("[FunctionalDependency:(s: {brewery_id}, t: {brewery_name})]", 0.0), operator: *, right: (1.0, 1.0), result: 0.0})
now error: 0.0
newest best op: Uniop(df,'brewery_name','Baxter Brewing Company',(['brewery_id'], {('292',)}),{left: ("[FunctionalDependency:(s: {brewery_id}, t: {brewery_name})]", 0.0), operator: *, right: (1.0, 1.0), result: 0.0})
now error: 0.0
Block processing time: 0.02806 seconds
Computing Block 141 out of 796
Processing Block size=8
begin cleaner{left: ("[FunctionalDependency:(s: {brewery_id}, t: {brewery_name})]", 0.0), operator: *, right: (1.0, 1.0), result: 0.0}
列 'p' 不存在，对列 brewery_name 不过滤，直接选择所有非无效值。
Block processing time: 0.005738 seconds
Computing Block 142 out of 796
Processing Block size=2
begin cleaner{left: ("[FunctionalDependency:(s: {brewery_id}, t: {brewery_name})]", 0.0), operator: *, right: (1.0, 1.0), result: 0.0}
列 'p' 不存在，对列 brewery_name 不过滤，直接选择所有非无效值。
Block processing time: 0.001546 seconds
Computing Block 146 out of 796
Processing Block size=2
begin cleaner{left: ("[FunctionalDependency:(s: {brewery_id}, t: {brewery_name})]", 0.0), operator: *, right: (1.0, 1.0), result: 0.0}
列 'p' 不存在，对列 brewery_name 不过滤，直接选择所有非无效值。
Block processing time: 0.001787 seconds
Computing Block 147 out of 796
Processing Block size=4
begin cleaner{left: ("[FunctionalDependency:(s: {brewery_id}, t: {brewery_name})]", 0.0), operator: *, right: (1.0, 1.0), result: 0.0}
列 'p' 不存在，对列 brewery_name 不过滤，直接选择所有非无效值。
Block processing time: 0.002976 seconds
Computing Block 150 out of 796
Processing Block size=2
begin cleaner{left: ("[FunctionalDependency:(s: {brewery_id}, t: {brewery_name})]", 0.0), operator: *, right: (1.0, 1.0), result: 0.0}
列 'p' 不存在，对列 brewery_name 不过滤，直接选择所有非无效值。
Block processing time: 0.001549 seconds
Computing Block 152 out of 796
Processing Block size=2
begin cleaner{left: ("[FunctionalDependency:(s: {brewery_id}, t: {brewery_name})]", 0.0), operator: *, right: (1.0, 1.0), result: 0.0}
列 'p' 不存在，对列 brewery_name 不过滤，直接选择所有非无效值。
Block processing time: 0.00152 seconds
Computing Block 154 out of 796
Processing Block size=2
begin cleaner{left: ("[FunctionalDependency:(s: {brewery_id}, t: {brewery_name})]", 0.0), operator: *, right: (1.0, 1.0), result: 0.0}
列 'p' 不存在，对列 brewery_name 不过滤，直接选择所有非无效值。
Block processing time: 0.00153 seconds
Computing Block 156 out of 796
Processing Block size=4
begin cleaner{left: ("[FunctionalDependency:(s: {brewery_id}, t: {brewery_name})]", 0.0), operator: *, right: (1.0, 1.0), result: 0.0}
列 'p' 不存在，对列 brewery_name 不过滤，直接选择所有非无效值。
Block processing time: 0.00288 seconds
Computing Block 157 out of 796
Processing Block size=5
begin cleaner{left: ("[FunctionalDependency:(s: {brewery_id}, t: {brewery_name})]", 0.0), operator: *, right: (1.0, 1.0), result: 0.0}
列 'p' 不存在，对列 brewery_name 不过滤，直接选择所有非无效值。
clean_bool length:4
newest best op: Uniop(df,'brewery_name','#Jackie O's $Pub & Brewery',(['brewery_id'], {('92',)}),{left: ("[FunctionalDependency:(s: {brewery_id}, t: {brewery_name})]", 0.0), operator: *, right: (1.0, 1.0), result: 0.0})
now error: 0.0
newest best op: Uniop(df,'brewery_name','Jackie O's Pub & Brewery',(['brewery_id'], {('92',)}),{left: ("[FunctionalDependency:(s: {brewery_id}, t: {brewery_name})]", 0.0), operator: *, right: (1.0, 1.0), result: 0.0})
now error: 0.0
Block processing time: 0.016424 seconds
Computing Block 161 out of 796
Processing Block size=6
begin cleaner{left: ("[FunctionalDependency:(s: {brewery_id}, t: {brewery_name})]", 0.0), operator: *, right: (1.0, 1.0), result: 0.0}
列 'p' 不存在，对列 brewery_name 不过滤，直接选择所有非无效值。
clean_bool length:6
newest best op: Uniop(df,'brewery_name','Ballast P@@oint Brewing Com??pany',(['brewery_id'], {('34',)}),{left: ("[FunctionalDependency:(s: {brewery_id}, t: {brewery_name})]", 0.0), operator: *, right: (1.0, 1.0), result: 0.0})
now error: 0.0
newest best op: Uniop(df,'brewery_name','Bal%last Point Brewing Company',(['brewery_id'], {('34',)}),{left: ("[FunctionalDependency:(s: {brewery_id}, t: {brewery_name})]", 0.0), operator: *, right: (1.0, 1.0), result: 0.0})
now error: 0.0
newest best op: Uniop(df,'brewery_name','Ballast Point Brewing Company',(['brewery_id'], {('34',)}),{left: ("[FunctionalDependency:(s: {brewery_id}, t: {brewery_name})]", 0.0), operator: *, right: (1.0, 1.0), result: 0.0})
now error: 0.0
Block processing time: 0.031241 seconds
Computing Block 162 out of 796
Processing Block size=4
begin cleaner{left: ("[FunctionalDependency:(s: {brewery_id}, t: {brewery_name})]", 0.0), operator: *, right: (1.0, 1.0), result: 0.0}
列 'p' 不存在，对列 brewery_name 不过滤，直接选择所有非无效值。
Block processing time: 0.002917 seconds
Computing Block 163 out of 796
Processing Block size=3
begin cleaner{left: ("[FunctionalDependency:(s: {brewery_id}, t: {brewery_name})]", 0.0), operator: *, right: (1.0, 1.0), result: 0.0}
列 'p' 不存在，对列 brewery_name 不过滤，直接选择所有非无效值。
Block processing time: 0.002198 seconds
Computing Block 164 out of 796
Processing Block size=2
begin cleaner{left: ("[FunctionalDependency:(s: {brewery_id}, t: {brewery_name})]", 0.0), operator: *, right: (1.0, 1.0), result: 0.0}
列 'p' 不存在，对列 brewery_name 不过滤，直接选择所有非无效值。
Block processing time: 0.001639 seconds
Computing Block 166 out of 796
Processing Block size=4
begin cleaner{left: ("[FunctionalDependency:(s: {brewery_id}, t: {brewery_name})]", 0.0), operator: *, right: (1.0, 1.0), result: 0.0}
列 'p' 不存在，对列 brewery_name 不过滤，直接选择所有非无效值。
Block processing time: 0.002896 seconds
Computing Block 167 out of 796
Processing Block size=16
begin cleaner{left: ("[FunctionalDependency:(s: {brewery_id}, t: {brewery_name})]", 0.0), operator: *, right: (1.0, 1.0), result: 0.0}
列 'p' 不存在，对列 brewery_name 不过滤，直接选择所有非无效值。
Block processing time: 0.011332 seconds
Computing Block 168 out of 796
Processing Block size=4
begin cleaner{left: ("[FunctionalDependency:(s: {brewery_id}, t: {brewery_name})]", 0.0), operator: *, right: (1.0, 1.0), result: 0.0}
列 'p' 不存在，对列 brewery_name 不过滤，直接选择所有非无效值。
Block processing time: 0.002929 seconds
Computing Block 169 out of 796
Processing Block size=5
begin cleaner{left: ("[FunctionalDependency:(s: {brewery_id}, t: {brewery_name})]", 0.0), operator: *, right: (1.0, 1.0), result: 0.0}
列 'p' 不存在，对列 brewery_name 不过滤，直接选择所有非无效值。
Block processing time: 0.003588 seconds
Computing Block 172 out of 796
Processing Block size=3
begin cleaner{left: ("[FunctionalDependency:(s: {brewery_id}, t: {brewery_name})]", 0.0), operator: *, right: (1.0, 1.0), result: 0.0}
列 'p' 不存在，对列 brewery_name 不过滤，直接选择所有非无效值。
Block processing time: 0.002195 seconds
Computing Block 173 out of 796
Processing Block size=3
begin cleaner{left: ("[FunctionalDependency:(s: {brewery_id}, t: {brewery_name})]", 0.0), operator: *, right: (1.0, 1.0), result: 0.0}
列 'p' 不存在，对列 brewery_name 不过滤，直接选择所有非无效值。
Block processing time: 0.002223 seconds
Computing Block 175 out of 796
Processing Block size=3
begin cleaner{left: ("[FunctionalDependency:(s: {brewery_id}, t: {brewery_name})]", 0.0), operator: *, right: (1.0, 1.0), result: 0.0}
列 'p' 不存在，对列 brewery_name 不过滤，直接选择所有非无效值。
clean_bool length:3
newest best op: Uniop(df,'brewery_name','Long Trail Brewing Company',(['brewery_id'], {('268',)}),{left: ("[FunctionalDependency:(s: {brewery_id}, t: {brewery_name})]", 0.0), operator: *, right: (1.0, 1.0), result: 0.0})
now error: 0.0
Block processing time: 0.007723 seconds
Computing Block 180 out of 796
Processing Block size=10
begin cleaner{left: ("[FunctionalDependency:(s: {brewery_id}, t: {brewery_name})]", 0.0), operator: *, right: (1.0, 1.0), result: 0.0}
列 'p' 不存在，对列 brewery_name 不过滤，直接选择所有非无效值。
clean_bool length:3
newest best op: Uniop(df,'brewery_name','Southern Star Brewing ??Company',(['brewery_id'], {('118',)}),{left: ("[FunctionalDependency:(s: {brewery_id}, t: {brewery_name})]", 0.0), operator: *, right: (1.0, 1.0), result: 0.0})
now error: 0.0
newest best op: Uniop(df,'brewery_name','Southern Star Brewing Company',(['brewery_id'], {('118',)}),{left: ("[FunctionalDependency:(s: {brewery_id}, t: {brewery_name})]", 0.0), operator: *, right: (1.0, 1.0), result: 0.0})
now error: 0.0
Block processing time: 0.023562 seconds
Computing Block 181 out of 796
Processing Block size=4
begin cleaner{left: ("[FunctionalDependency:(s: {brewery_id}, t: {brewery_name})]", 0.0), operator: *, right: (1.0, 1.0), result: 0.0}
列 'p' 不存在，对列 brewery_name 不过滤，直接选择所有非无效值。
Block processing time: 0.002896 seconds
Computing Block 182 out of 796
Processing Block size=4
begin cleaner{left: ("[FunctionalDependency:(s: {brewery_id}, t: {brewery_name})]", 0.0), operator: *, right: (1.0, 1.0), result: 0.0}
列 'p' 不存在，对列 brewery_name 不过滤，直接选择所有非无效值。
Block processing time: 0.002927 seconds
Computing Block 184 out of 796
Processing Block size=2
begin cleaner{left: ("[FunctionalDependency:(s: {brewery_id}, t: {brewery_name})]", 0.0), operator: *, right: (1.0, 1.0), result: 0.0}
列 'p' 不存在，对列 brewery_name 不过滤，直接选择所有非无效值。
clean_bool length:3
newest best op: Uniop(df,'brewery_name','#Meckley's Cid%ery',(['brewery_id'], {('254',)}),{left: ("[FunctionalDependency:(s: {brewery_id}, t: {brewery_name})]", 0.0), operator: *, right: (1.0, 1.0), result: 0.0})
now error: 0.0
Block processing time: 0.0053 seconds
Computing Block 186 out of 796
Processing Block size=5
begin cleaner{left: ("[FunctionalDependency:(s: {brewery_id}, t: {brewery_name})]", 0.0), operator: *, right: (1.0, 1.0), result: 0.0}
列 'p' 不存在，对列 brewery_name 不过滤，直接选择所有非无效值。
Block processing time: 0.003624 seconds
Computing Block 189 out of 796
Processing Block size=3
begin cleaner{left: ("[FunctionalDependency:(s: {brewery_id}, t: {brewery_name})]", 0.0), operator: *, right: (1.0, 1.0), result: 0.0}
列 'p' 不存在，对列 brewery_name 不过滤，直接选择所有非无效值。
clean_bool length:3
newest best op: Uniop(df,'brewery_name','High Noon Saloon And Brewe??ry',(['brewery_id'], {('500',)}),{left: ("[FunctionalDependency:(s: {brewery_id}, t: {brewery_name})]", 0.0), operator: *, right: (1.0, 1.0), result: 0.0})
now error: 0.0
newest best op: Uniop(df,'brewery_name','High Noon Saloon And Brewery',(['brewery_id'], {('500',)}),{left: ("[FunctionalDependency:(s: {brewery_id}, t: {brewery_name})]", 0.0), operator: *, right: (1.0, 1.0), result: 0.0})
now error: 0.0
Block processing time: 0.007649 seconds
Computing Block 190 out of 796
Processing Block size=3
begin cleaner{left: ("[FunctionalDependency:(s: {brewery_id}, t: {brewery_name})]", 0.0), operator: *, right: (1.0, 1.0), result: 0.0}
列 'p' 不存在，对列 brewery_name 不过滤，直接选择所有非无效值。
clean_bool length:3
newest best op: Uniop(df,'brewery_name','Redstone Mea????dery',(['brewery_id'], {('421',)}),{left: ("[FunctionalDependency:(s: {brewery_id}, t: {brewery_name})]", 0.0), operator: *, right: (1.0, 1.0), result: 0.0})
now error: 0.0
newest best op: Uniop(df,'brewery_name','Redstone Meadery',(['brewery_id'], {('421',)}),{left: ("[FunctionalDependency:(s: {brewery_id}, t: {brewery_name})]", 0.0), operator: *, right: (1.0, 1.0), result: 0.0})
now error: 0.0
Block processing time: 0.007428 seconds
Computing Block 191 out of 796
Processing Block size=2
begin cleaner{left: ("[FunctionalDependency:(s: {brewery_id}, t: {brewery_name})]", 0.0), operator: *, right: (1.0, 1.0), result: 0.0}
列 'p' 不存在，对列 brewery_name 不过滤，直接选择所有非无效值。
Block processing time: 0.001516 seconds
Computing Block 193 out of 796
Processing Block size=2
begin cleaner{left: ("[FunctionalDependency:(s: {brewery_id}, t: {brewery_name})]", 0.0), operator: *, right: (1.0, 1.0), result: 0.0}
列 'p' 不存在，对列 brewery_name 不过滤，直接选择所有非无效值。
Block processing time: 0.001503 seconds
Computing Block 194 out of 796
Processing Block size=2
begin cleaner{left: ("[FunctionalDependency:(s: {brewery_id}, t: {brewery_name})]", 0.0), operator: *, right: (1.0, 1.0), result: 0.0}
列 'p' 不存在，对列 brewery_name 不过滤，直接选择所有非无效值。
Block processing time: 0.001503 seconds
Computing Block 198 out of 796
Processing Block size=5
begin cleaner{left: ("[FunctionalDependency:(s: {brewery_id}, t: {brewery_name})]", 0.0), operator: *, right: (1.0, 1.0), result: 0.0}
列 'p' 不存在，对列 brewery_name 不过滤，直接选择所有非无效值。
Block processing time: 0.003577 seconds
Computing Block 201 out of 796
Processing Block size=3
begin cleaner{left: ("[FunctionalDependency:(s: {brewery_id}, t: {brewery_name})]", 0.0), operator: *, right: (1.0, 1.0), result: 0.0}
列 'p' 不存在，对列 brewery_name 不过滤，直接选择所有非无效值。
clean_bool length:3
newest best op: Uniop(df,'brewery_name','Caroli??na% Brewery',(['brewery_id'], {('179',)}),{left: ("[FunctionalDependency:(s: {brewery_id}, t: {brewery_name})]", 0.0), operator: *, right: (1.0, 1.0), result: 0.0})
now error: 0.0
newest best op: Uniop(df,'brewery_name','Carolina Brewery',(['brewery_id'], {('179',)}),{left: ("[FunctionalDependency:(s: {brewery_id}, t: {brewery_name})]", 0.0), operator: *, right: (1.0, 1.0), result: 0.0})
now error: 0.0
Block processing time: 0.007475 seconds
Computing Block 203 out of 796
Processing Block size=3
begin cleaner{left: ("[FunctionalDependency:(s: {brewery_id}, t: {brewery_name})]", 0.0), operator: *, right: (1.0, 1.0), result: 0.0}
列 'p' 不存在，对列 brewery_name 不过滤，直接选择所有非无效值。
Block processing time: 0.002217 seconds
Computing Block 204 out of 796
Processing Block size=3
begin cleaner{left: ("[FunctionalDependency:(s: {brewery_id}, t: {brewery_name})]", 0.0), operator: *, right: (1.0, 1.0), result: 0.0}
列 'p' 不存在，对列 brewery_name 不过滤，直接选择所有非无效值。
Block processing time: 0.002227 seconds
Computing Block 206 out of 796
Processing Block size=2
begin cleaner{left: ("[FunctionalDependency:(s: {brewery_id}, t: {brewery_name})]", 0.0), operator: *, right: (1.0, 1.0), result: 0.0}
列 'p' 不存在，对列 brewery_name 不过滤，直接选择所有非无效值。
Block processing time: 0.001552 seconds
Computing Block 207 out of 796
Processing Block size=7
begin cleaner{left: ("[FunctionalDependency:(s: {brewery_id}, t: {brewery_name})]", 0.0), operator: *, right: (1.0, 1.0), result: 0.0}
列 'p' 不存在，对列 brewery_name 不过滤，直接选择所有非无效值。
clean_bool length:4
newest best op: Uniop(df,'brewery_name','Santa Fe Brewing Company',(['brewery_id'], {('392',)}),{left: ("[FunctionalDependency:(s: {brewery_id}, t: {brewery_name})]", 0.0), operator: *, right: (1.0, 1.0), result: 0.0})
now error: 0.0
Block processing time: 0.022376 seconds
Computing Block 210 out of 796
Processing Block size=4
begin cleaner{left: ("[FunctionalDependency:(s: {brewery_id}, t: {brewery_name})]", 0.0), operator: *, right: (1.0, 1.0), result: 0.0}
列 'p' 不存在，对列 brewery_name 不过滤，直接选择所有非无效值。
Block processing time: 0.002968 seconds
Computing Block 211 out of 796
Processing Block size=2
begin cleaner{left: ("[FunctionalDependency:(s: {brewery_id}, t: {brewery_name})]", 0.0), operator: *, right: (1.0, 1.0), result: 0.0}
列 'p' 不存在，对列 brewery_name 不过滤，直接选择所有非无效值。
Block processing time: 0.001518 seconds
Computing Block 212 out of 796
Processing Block size=5
begin cleaner{left: ("[FunctionalDependency:(s: {brewery_id}, t: {brewery_name})]", 0.0), operator: *, right: (1.0, 1.0), result: 0.0}
列 'p' 不存在，对列 brewery_name 不过滤，直接选择所有非无效值。
Block processing time: 0.003603 seconds
Computing Block 214 out of 796
Processing Block size=4
begin cleaner{left: ("[FunctionalDependency:(s: {brewery_id}, t: {brewery_name})]", 0.0), operator: *, right: (1.0, 1.0), result: 0.0}
列 'p' 不存在，对列 brewery_name 不过滤，直接选择所有非无效值。
clean_bool length:3
newest best op: Uniop(df,'brewery_name','Thunderhead Brewing Company',(['brewery_id'], {('282',)}),{left: ("[FunctionalDependency:(s: {brewery_id}, t: {brewery_name})]", 0.0), operator: *, right: (1.0, 1.0), result: 0.0})
now error: 0.0
Block processing time: 0.009971 seconds
Computing Block 215 out of 796
Processing Block size=4
begin cleaner{left: ("[FunctionalDependency:(s: {brewery_id}, t: {brewery_name})]", 0.0), operator: *, right: (1.0, 1.0), result: 0.0}
列 'p' 不存在，对列 brewery_name 不过滤，直接选择所有非无效值。
Block processing time: 0.002904 seconds
Computing Block 218 out of 796
Processing Block size=3
begin cleaner{left: ("[FunctionalDependency:(s: {brewery_id}, t: {brewery_name})]", 0.0), operator: *, right: (1.0, 1.0), result: 0.0}
列 'p' 不存在，对列 brewery_name 不过滤，直接选择所有非无效值。
Block processing time: 0.002201 seconds
Computing Block 219 out of 796
Processing Block size=3
begin cleaner{left: ("[FunctionalDependency:(s: {brewery_id}, t: {brewery_name})]", 0.0), operator: *, right: (1.0, 1.0), result: 0.0}
列 'p' 不存在，对列 brewery_name 不过滤，直接选择所有非无效值。
Block processing time: 0.002247 seconds
Computing Block 220 out of 796
Processing Block size=7
begin cleaner{left: ("[FunctionalDependency:(s: {brewery_id}, t: {brewery_name})]", 0.0), operator: *, right: (1.0, 1.0), result: 0.0}
列 'p' 不存在，对列 brewery_name 不过滤，直接选择所有非无效值。
clean_bool length:4
newest best op: Uniop(df,'brewery_name','Martin H@@ouse Brewing Company',(['brewery_id'], {('161',)}),{left: ("[FunctionalDependency:(s: {brewery_id}, t: {brewery_name})]", 0.0), operator: *, right: (1.0, 1.0), result: 0.0})
now error: 0.0
newest best op: Uniop(df,'brewery_name','Martin House Brewing Company',(['brewery_id'], {('161',)}),{left: ("[FunctionalDependency:(s: {brewery_id}, t: {brewery_name})]", 0.0), operator: *, right: (1.0, 1.0), result: 0.0})
now error: 0.0
Block processing time: 0.022921 seconds
Computing Block 227 out of 796
Processing Block size=3
begin cleaner{left: ("[FunctionalDependency:(s: {brewery_id}, t: {brewery_name})]", 0.0), operator: *, right: (1.0, 1.0), result: 0.0}
列 'p' 不存在，对列 brewery_name 不过滤，直接选择所有非无效值。
clean_bool length:3
newest best op: Uniop(df,'brewery_name','Four Corners Brewin??g Company',(['brewery_id'], {('287',)}),{left: ("[FunctionalDependency:(s: {brewery_id}, t: {brewery_name})]", 0.0), operator: *, right: (1.0, 1.0), result: 0.0})
now error: 0.0
newest best op: Uniop(df,'brewery_name','Four Corners Brewing Company',(['brewery_id'], {('287',)}),{left: ("[FunctionalDependency:(s: {brewery_id}, t: {brewery_name})]", 0.0), operator: *, right: (1.0, 1.0), result: 0.0})
now error: 0.0
Block processing time: 0.007676 seconds
Computing Block 235 out of 796
Processing Block size=60
begin cleaner{left: ("[FunctionalDependency:(s: {brewery_id}, t: {brewery_name})]", 0.0), operator: *, right: (1.0, 1.0), result: 0.0}
列 'p' 不存在，对列 brewery_name 不过滤，直接选择所有非无效值。
clean_bool length:9
newest best op: Uniop(df,'brewery_name','Brewe@@ry Vivant',(['brewery_id'], {('10',)}),{left: ("[FunctionalDependency:(s: {brewery_id}, t: {brewery_name})]", 0.0), operator: *, right: (1.0, 1.0), result: 0.0})
now error: 0.0
newest best op: Uniop(df,'brewery_name','Bre%wery Vivan$t',(['brewery_id'], {('10',)}),{left: ("[FunctionalDependency:(s: {brewery_id}, t: {brewery_name})]", 0.0), operator: *, right: (1.0, 1.0), result: 0.0})
now error: 0.0
newest best op: Uniop(df,'brewery_name','B$re#wery Vivant',(['brewery_id'], {('10',)}),{left: ("[FunctionalDependency:(s: {brewery_id}, t: {brewery_name})]", 0.0), operator: *, right: (1.0, 1.0), result: 0.0})
now error: 0.0
newest best op: Uniop(df,'brewery_name','B$rewery Vivant',(['brewery_id'], {('10',)}),{left: ("[FunctionalDependency:(s: {brewery_id}, t: {brewery_name})]", 0.0), operator: *, right: (1.0, 1.0), result: 0.0})
now error: 0.0
newest best op: Uniop(df,'brewery_name','Brewery Vivant',(['brewery_id'], {('10',)}),{left: ("[FunctionalDependency:(s: {brewery_id}, t: {brewery_name})]", 0.0), operator: *, right: (1.0, 1.0), result: 0.0})
now error: 0.0
Block processing time: 0.403217 seconds
Computing Block 236 out of 796
Processing Block size=2
begin cleaner{left: ("[FunctionalDependency:(s: {brewery_id}, t: {brewery_name})]", 0.0), operator: *, right: (1.0, 1.0), result: 0.0}
列 'p' 不存在，对列 brewery_name 不过滤，直接选择所有非无效值。
Block processing time: 0.001532 seconds
Computing Block 238 out of 796
Processing Block size=5
begin cleaner{left: ("[FunctionalDependency:(s: {brewery_id}, t: {brewery_name})]", 0.0), operator: *, right: (1.0, 1.0), result: 0.0}
列 'p' 不存在，对列 brewery_name 不过滤，直接选择所有非无效值。
clean_bool length:3
newest best op: Uniop(df,'brewery_name','Blackrocks Brewery',(['brewery_id'], {('12',)}),{left: ("[FunctionalDependency:(s: {brewery_id}, t: {brewery_name})]", 0.0), operator: *, right: (1.0, 1.0), result: 0.0})
now error: 0.0
Block processing time: 0.011779 seconds
Computing Block 241 out of 796
Processing Block size=4
begin cleaner{left: ("[FunctionalDependency:(s: {brewery_id}, t: {brewery_name})]", 0.0), operator: *, right: (1.0, 1.0), result: 0.0}
列 'p' 不存在，对列 brewery_name 不过滤，直接选择所有非无效值。
Block processing time: 0.00291 seconds
Computing Block 243 out of 796
Processing Block size=6
begin cleaner{left: ("[FunctionalDependency:(s: {brewery_id}, t: {brewery_name})]", 0.0), operator: *, right: (1.0, 1.0), result: 0.0}
列 'p' 不存在，对列 brewery_name 不过滤，直接选择所有非无效值。
clean_bool length:4
newest best op: Uniop(df,'brewery_name','Keweenaw Brewing Compan$@@y',(['brewery_id'], {('84',)}),{left: ("[FunctionalDependency:(s: {brewery_id}, t: {brewery_name})]", 0.0), operator: *, right: (1.0, 1.0), result: 0.0})
now error: 0.0
newest best op: Uniop(df,'brewery_name','Keweenaw Brewing Company',(['brewery_id'], {('84',)}),{left: ("[FunctionalDependency:(s: {brewery_id}, t: {brewery_name})]", 0.0), operator: *, right: (1.0, 1.0), result: 0.0})
now error: 0.0
Block processing time: 0.019253 seconds
Computing Block 244 out of 796
Processing Block size=2
begin cleaner{left: ("[FunctionalDependency:(s: {brewery_id}, t: {brewery_name})]", 0.0), operator: *, right: (1.0, 1.0), result: 0.0}
列 'p' 不存在，对列 brewery_name 不过滤，直接选择所有非无效值。
clean_bool length:3
newest best op: Uniop(df,'brewery_name','Three Notc%h'd Brewing Company',(['brewery_id'], {('273',)}),{left: ("[FunctionalDependency:(s: {brewery_id}, t: {brewery_name})]", 0.0), operator: *, right: (1.0, 1.0), result: 0.0})
now error: 0.0
Block processing time: 0.005463 seconds
Computing Block 245 out of 796
Processing Block size=5
begin cleaner{left: ("[FunctionalDependency:(s: {brewery_id}, t: {brewery_name})]", 0.0), operator: *, right: (1.0, 1.0), result: 0.0}
列 'p' 不存在，对列 brewery_name 不过滤，直接选择所有非无效值。
Block processing time: 0.003579 seconds
Computing Block 248 out of 796
Processing Block size=3
begin cleaner{left: ("[FunctionalDependency:(s: {brewery_id}, t: {brewery_name})]", 0.0), operator: *, right: (1.0, 1.0), result: 0.0}
列 'p' 不存在，对列 brewery_name 不过滤，直接选择所有非无效值。
clean_bool length:3
newest best op: Uniop(df,'brewery_name','Four Strin??g Bre%wing Company',(['brewery_id'], {('105',)}),{left: ("[FunctionalDependency:(s: {brewery_id}, t: {brewery_name})]", 0.0), operator: *, right: (1.0, 1.0), result: 0.0})
now error: 0.0
newest best op: Uniop(df,'brewery_name','Four String Brewing Company',(['brewery_id'], {('105',)}),{left: ("[FunctionalDependency:(s: {brewery_id}, t: {brewery_name})]", 0.0), operator: *, right: (1.0, 1.0), result: 0.0})
now error: 0.0
Block processing time: 0.007709 seconds
Computing Block 249 out of 796
Processing Block size=8
begin cleaner{left: ("[FunctionalDependency:(s: {brewery_id}, t: {brewery_name})]", 0.0), operator: *, right: (1.0, 1.0), result: 0.0}
列 'p' 不存在，对列 brewery_name 不过滤，直接选择所有非无效值。
clean_bool length:3
newest best op: Uniop(df,'brewery_name','4 Hands Brewin%g Company',(['brewery_id'], {('60',)}),{left: ("[FunctionalDependency:(s: {brewery_id}, t: {brewery_name})]", 0.0), operator: *, right: (1.0, 1.0), result: 0.0})
now error: 0.0
newest best op: Uniop(df,'brewery_name','4 Hands Brewing Company',(['brewery_id'], {('60',)}),{left: ("[FunctionalDependency:(s: {brewery_id}, t: {brewery_name})]", 0.0), operator: *, right: (1.0, 1.0), result: 0.0})
now error: 0.0
Block processing time: 0.018236 seconds
Computing Block 250 out of 796
Processing Block size=3
begin cleaner{left: ("[FunctionalDependency:(s: {brewery_id}, t: {brewery_name})]", 0.0), operator: *, right: (1.0, 1.0), result: 0.0}
列 'p' 不存在，对列 brewery_name 不过滤，直接选择所有非无效值。
clean_bool length:3
newest best op: Uniop(df,'brewery_name','Occidental Brewing Compan$y',(['brewery_id'], {('200',)}),{left: ("[FunctionalDependency:(s: {brewery_id}, t: {brewery_name})]", 0.0), operator: *, right: (1.0, 1.0), result: 0.0})
now error: 0.0
newest best op: Uniop(df,'brewery_name','Occidental Brewing Company',(['brewery_id'], {('200',)}),{left: ("[FunctionalDependency:(s: {brewery_id}, t: {brewery_name})]", 0.0), operator: *, right: (1.0, 1.0), result: 0.0})
now error: 0.0
Block processing time: 0.00749 seconds
Computing Block 251 out of 796
Processing Block size=2
begin cleaner{left: ("[FunctionalDependency:(s: {brewery_id}, t: {brewery_name})]", 0.0), operator: *, right: (1.0, 1.0), result: 0.0}
列 'p' 不存在，对列 brewery_name 不过滤，直接选择所有非无效值。
Block processing time: 0.001512 seconds
Computing Block 253 out of 796
Processing Block size=5
begin cleaner{left: ("[FunctionalDependency:(s: {brewery_id}, t: {brewery_name})]", 0.0), operator: *, right: (1.0, 1.0), result: 0.0}
列 'p' 不存在，对列 brewery_name 不过滤，直接选择所有非无效值。
Block processing time: 0.003598 seconds
Computing Block 254 out of 796
Processing Block size=5
begin cleaner{left: ("[FunctionalDependency:(s: {brewery_id}, t: {brewery_name})]", 0.0), operator: *, right: (1.0, 1.0), result: 0.0}
列 'p' 不存在，对列 brewery_name 不过滤，直接选择所有非无效值。
Block processing time: 0.003556 seconds
Computing Block 258 out of 796
Processing Block size=2
begin cleaner{left: ("[FunctionalDependency:(s: {brewery_id}, t: {brewery_name})]", 0.0), operator: *, right: (1.0, 1.0), result: 0.0}
列 'p' 不存在，对列 brewery_name 不过滤，直接选择所有非无效值。
Block processing time: 0.001623 seconds
Computing Block 259 out of 796
Processing Block size=6
begin cleaner{left: ("[FunctionalDependency:(s: {brewery_id}, t: {brewery_name})]", 0.0), operator: *, right: (1.0, 1.0), result: 0.0}
列 'p' 不存在，对列 brewery_name 不过滤，直接选择所有非无效值。
Block processing time: 0.00436 seconds
Computing Block 264 out of 796
Processing Block size=3
begin cleaner{left: ("[FunctionalDependency:(s: {brewery_id}, t: {brewery_name})]", 0.0), operator: *, right: (1.0, 1.0), result: 0.0}
列 'p' 不存在，对列 brewery_name 不过滤，直接选择所有非无效值。
clean_bool length:4
newest best op: Uniop(df,'brewery_name','Lucette Brewing Company',(['brewery_id'], {('456',)}),{left: ("[FunctionalDependency:(s: {brewery_id}, t: {brewery_name})]", 0.0), operator: *, right: (1.0, 1.0), result: 0.0})
now error: 0.0
Block processing time: 0.010384 seconds
Computing Block 267 out of 796
Processing Block size=3
begin cleaner{left: ("[FunctionalDependency:(s: {brewery_id}, t: {brewery_name})]", 0.0), operator: *, right: (1.0, 1.0), result: 0.0}
列 'p' 不存在，对列 brewery_name 不过滤，直接选择所有非无效值。
clean_bool length:3
newest best op: Uniop(df,'brewery_name','Bann$er Beer Company',(['brewery_id'], {('318',)}),{left: ("[FunctionalDependency:(s: {brewery_id}, t: {brewery_name})]", 0.0), operator: *, right: (1.0, 1.0), result: 0.0})
now error: 0.0
newest best op: Uniop(df,'brewery_name','Banner Beer Company',(['brewery_id'], {('318',)}),{left: ("[FunctionalDependency:(s: {brewery_id}, t: {brewery_name})]", 0.0), operator: *, right: (1.0, 1.0), result: 0.0})
now error: 0.0
Block processing time: 0.007343 seconds
Computing Block 269 out of 796
Processing Block size=7
begin cleaner{left: ("[FunctionalDependency:(s: {brewery_id}, t: {brewery_name})]", 0.0), operator: *, right: (1.0, 1.0), result: 0.0}
列 'p' 不存在，对列 brewery_name 不过滤，直接选择所有非无效值。
Block processing time: 0.004972 seconds
Computing Block 270 out of 796
Processing Block size=3
begin cleaner{left: ("[FunctionalDependency:(s: {brewery_id}, t: {brewery_name})]", 0.0), operator: *, right: (1.0, 1.0), result: 0.0}
列 'p' 不存在，对列 brewery_name 不过滤，直接选择所有非无效值。
Block processing time: 0.002242 seconds
Computing Block 272 out of 796
Processing Block size=2
begin cleaner{left: ("[FunctionalDependency:(s: {brewery_id}, t: {brewery_name})]", 0.0), operator: *, right: (1.0, 1.0), result: 0.0}
列 'p' 不存在，对列 brewery_name 不过滤，直接选择所有非无效值。
Block processing time: 0.001496 seconds
Computing Block 273 out of 796
Processing Block size=2
begin cleaner{left: ("[FunctionalDependency:(s: {brewery_id}, t: {brewery_name})]", 0.0), operator: *, right: (1.0, 1.0), result: 0.0}
列 'p' 不存在，对列 brewery_name 不过滤，直接选择所有非无效值。
Block processing time: 0.00149 seconds
Computing Block 276 out of 796
Processing Block size=4
begin cleaner{left: ("[FunctionalDependency:(s: {brewery_id}, t: {brewery_name})]", 0.0), operator: *, right: (1.0, 1.0), result: 0.0}
列 'p' 不存在，对列 brewery_name 不过滤，直接选择所有非无效值。
Block processing time: 0.002874 seconds
Computing Block 277 out of 796
Processing Block size=9
begin cleaner{left: ("[FunctionalDependency:(s: {brewery_id}, t: {brewery_name})]", 0.0), operator: *, right: (1.0, 1.0), result: 0.0}
列 'p' 不存在，对列 brewery_name 不过滤，直接选择所有非无效值。
Block processing time: 0.006331 seconds
Computing Block 280 out of 796
Processing Block size=7
begin cleaner{left: ("[FunctionalDependency:(s: {brewery_id}, t: {brewery_name})]", 0.0), operator: *, right: (1.0, 1.0), result: 0.0}
列 'p' 不存在，对列 brewery_name 不过滤，直接选择所有非无效值。
clean_bool length:4
newest best op: Uniop(df,'brewery_name','Wynkoop Brewing Company',(['brewery_id'], {('424',)}),{left: ("[FunctionalDependency:(s: {brewery_id}, t: {brewery_name})]", 0.0), operator: *, right: (1.0, 1.0), result: 0.0})
now error: 0.0
Block processing time: 0.022064 seconds
Computing Block 281 out of 796
Processing Block size=2
begin cleaner{left: ("[FunctionalDependency:(s: {brewery_id}, t: {brewery_name})]", 0.0), operator: *, right: (1.0, 1.0), result: 0.0}
列 'p' 不存在，对列 brewery_name 不过滤，直接选择所有非无效值。
Block processing time: 0.001505 seconds
Computing Block 283 out of 796
Processing Block size=2
begin cleaner{left: ("[FunctionalDependency:(s: {brewery_id}, t: {brewery_name})]", 0.0), operator: *, right: (1.0, 1.0), result: 0.0}
列 'p' 不存在，对列 brewery_name 不过滤，直接选择所有非无效值。
clean_bool length:3
newest best op: Uniop(df,'brewery_name','Witch's Hat Brewing Company',(['brewery_id'], {('14',)}),{left: ("[FunctionalDependency:(s: {brewery_id}, t: {brewery_name})]", 0.0), operator: *, right: (1.0, 1.0), result: 0.0})
now error: 0.0
Block processing time: 0.005357 seconds
Computing Block 285 out of 796
Processing Block size=3
begin cleaner{left: ("[FunctionalDependency:(s: {brewery_id}, t: {brewery_name})]", 0.0), operator: *, right: (1.0, 1.0), result: 0.0}
列 'p' 不存在，对列 brewery_name 不过滤，直接选择所有非无效值。
Block processing time: 0.002349 seconds
Computing Block 289 out of 796
Processing Block size=16
begin cleaner{left: ("[FunctionalDependency:(s: {brewery_id}, t: {brewery_name})]", 0.0), operator: *, right: (1.0, 1.0), result: 0.0}
列 'p' 不存在，对列 brewery_name 不过滤，直接选择所有非无效值。
clean_bool length:3
newest best op: Uniop(df,'brewery_name','Upslope?? Brewing Co@@mpany',(['brewery_id'], {('51',)}),{left: ("[FunctionalDependency:(s: {brewery_id}, t: {brewery_name})]", 0.0), operator: *, right: (1.0, 1.0), result: 0.0})
now error: 0.0
newest best op: Uniop(df,'brewery_name','Upslope Brewing Company',(['brewery_id'], {('51',)}),{left: ("[FunctionalDependency:(s: {brewery_id}, t: {brewery_name})]", 0.0), operator: *, right: (1.0, 1.0), result: 0.0})
now error: 0.0
Block processing time: 0.035589 seconds
Computing Block 290 out of 796
Processing Block size=2
begin cleaner{left: ("[FunctionalDependency:(s: {brewery_id}, t: {brewery_name})]", 0.0), operator: *, right: (1.0, 1.0), result: 0.0}
列 'p' 不存在，对列 brewery_name 不过滤，直接选择所有非无效值。
Block processing time: 0.001501 seconds
Computing Block 291 out of 796
Processing Block size=5
begin cleaner{left: ("[FunctionalDependency:(s: {brewery_id}, t: {brewery_name})]", 0.0), operator: *, right: (1.0, 1.0), result: 0.0}
列 'p' 不存在，对列 brewery_name 不过滤，直接选择所有非无效值。
clean_bool length:4
newest best op: Uniop(df,'brewery_name','Odyssey Bee$rwerks',(['brewery_id'], {('148',)}),{left: ("[FunctionalDependency:(s: {brewery_id}, t: {brewery_name})]", 0.0), operator: *, right: (1.0, 1.0), result: 0.0})
now error: 0.0
newest best op: Uniop(df,'brewery_name','Odyssey Beerwerks',(['brewery_id'], {('148',)}),{left: ("[FunctionalDependency:(s: {brewery_id}, t: {brewery_name})]", 0.0), operator: *, right: (1.0, 1.0), result: 0.0})
now error: 0.0
Block processing time: 0.015571 seconds
Computing Block 292 out of 796
Processing Block size=3
begin cleaner{left: ("[FunctionalDependency:(s: {brewery_id}, t: {brewery_name})]", 0.0), operator: *, right: (1.0, 1.0), result: 0.0}
列 'p' 不存在，对列 brewery_name 不过滤，直接选择所有非无效值。
Block processing time: 0.002253 seconds
Computing Block 295 out of 796
Processing Block size=17
begin cleaner{left: ("[FunctionalDependency:(s: {brewery_id}, t: {brewery_name})]", 0.0), operator: *, right: (1.0, 1.0), result: 0.0}
列 'p' 不存在，对列 brewery_name 不过滤，直接选择所有非无效值。
Block processing time: 0.01193 seconds
Computing Block 297 out of 796
Processing Block size=2
begin cleaner{left: ("[FunctionalDependency:(s: {brewery_id}, t: {brewery_name})]", 0.0), operator: *, right: (1.0, 1.0), result: 0.0}
列 'p' 不存在，对列 brewery_name 不过滤，直接选择所有非无效值。
Block processing time: 0.001535 seconds
Computing Block 299 out of 796
Processing Block size=2
begin cleaner{left: ("[FunctionalDependency:(s: {brewery_id}, t: {brewery_name})]", 0.0), operator: *, right: (1.0, 1.0), result: 0.0}
列 'p' 不存在，对列 brewery_name 不过滤，直接选择所有非无效值。
Block processing time: 0.001492 seconds
Computing Block 305 out of 796
Processing Block size=2
begin cleaner{left: ("[FunctionalDependency:(s: {brewery_id}, t: {brewery_name})]", 0.0), operator: *, right: (1.0, 1.0), result: 0.0}
列 'p' 不存在，对列 brewery_name 不过滤，直接选择所有非无效值。
Block processing time: 0.001537 seconds
Computing Block 306 out of 796
Processing Block size=3
begin cleaner{left: ("[FunctionalDependency:(s: {brewery_id}, t: {brewery_name})]", 0.0), operator: *, right: (1.0, 1.0), result: 0.0}
列 'p' 不存在，对列 brewery_name 不过滤，直接选择所有非无效值。
Block processing time: 0.002229 seconds
Computing Block 308 out of 796
Processing Block size=3
begin cleaner{left: ("[FunctionalDependency:(s: {brewery_id}, t: {brewery_name})]", 0.0), operator: *, right: (1.0, 1.0), result: 0.0}
列 'p' 不存在，对列 brewery_name 不过滤，直接选择所有非无效值。
Block processing time: 0.002194 seconds
Computing Block 309 out of 796
Processing Block size=3
begin cleaner{left: ("[FunctionalDependency:(s: {brewery_id}, t: {brewery_name})]", 0.0), operator: *, right: (1.0, 1.0), result: 0.0}
列 'p' 不存在，对列 brewery_name 不过滤，直接选择所有非无效值。
Block processing time: 0.002217 seconds
Computing Block 311 out of 796
Processing Block size=2
begin cleaner{left: ("[FunctionalDependency:(s: {brewery_id}, t: {brewery_name})]", 0.0), operator: *, right: (1.0, 1.0), result: 0.0}
列 'p' 不存在，对列 brewery_name 不过滤，直接选择所有非无效值。
Block processing time: 0.001505 seconds
Computing Block 313 out of 796
Processing Block size=2
begin cleaner{left: ("[FunctionalDependency:(s: {brewery_id}, t: {brewery_name})]", 0.0), operator: *, right: (1.0, 1.0), result: 0.0}
列 'p' 不存在，对列 brewery_name 不过滤，直接选择所有非无效值。
Block processing time: 0.001519 seconds
Computing Block 314 out of 796
Processing Block size=13
begin cleaner{left: ("[FunctionalDependency:(s: {brewery_id}, t: {brewery_name})]", 0.0), operator: *, right: (1.0, 1.0), result: 0.0}
列 'p' 不存在，对列 brewery_name 不过滤，直接选择所有非无效值。
clean_bool length:5
newest best op: Uniop(df,'brewery_name','Against the Grain Brewer#y',(['brewery_id'], {('1',)}),{left: ("[FunctionalDependency:(s: {brewery_id}, t: {brewery_name})]", 0.0), operator: *, right: (1.0, 1.0), result: 0.0})
now error: 0.0
newest best op: Uniop(df,'brewery_name','Against the Grain Brewery',(['brewery_id'], {('1',)}),{left: ("[FunctionalDependency:(s: {brewery_id}, t: {brewery_name})]", 0.0), operator: *, right: (1.0, 1.0), result: 0.0})
now error: 0.0
Block processing time: 0.052969 seconds
Computing Block 317 out of 796
Processing Block size=2
begin cleaner{left: ("[FunctionalDependency:(s: {brewery_id}, t: {brewery_name})]", 0.0), operator: *, right: (1.0, 1.0), result: 0.0}
列 'p' 不存在，对列 brewery_name 不过滤，直接选择所有非无效值。
Block processing time: 0.001648 seconds
Computing Block 318 out of 796
Processing Block size=4
begin cleaner{left: ("[FunctionalDependency:(s: {brewery_id}, t: {brewery_name})]", 0.0), operator: *, right: (1.0, 1.0), result: 0.0}
列 'p' 不存在，对列 brewery_name 不过滤，直接选择所有非无效值。
Block processing time: 0.003102 seconds
Computing Block 319 out of 796
Processing Block size=2
begin cleaner{left: ("[FunctionalDependency:(s: {brewery_id}, t: {brewery_name})]", 0.0), operator: *, right: (1.0, 1.0), result: 0.0}
列 'p' 不存在，对列 brewery_name 不过滤，直接选择所有非无效值。
clean_bool length:3
newest best op: Uniop(df,'brewery_name','Buffalo Bayo#u Brewing Company',(['brewery_id'], {('214',)}),{left: ("[FunctionalDependency:(s: {brewery_id}, t: {brewery_name})]", 0.0), operator: *, right: (1.0, 1.0), result: 0.0})
now error: 0.0
Block processing time: 0.005942 seconds
Computing Block 320 out of 796
Processing Block size=3
begin cleaner{left: ("[FunctionalDependency:(s: {brewery_id}, t: {brewery_name})]", 0.0), operator: *, right: (1.0, 1.0), result: 0.0}
列 'p' 不存在，对列 brewery_name 不过滤，直接选择所有非无效值。
clean_bool length:3
newest best op: Uniop(df,'brewery_name','Fort Point@@ Beer Company',(['brewery_id'], {('4',)}),{left: ("[FunctionalDependency:(s: {brewery_id}, t: {brewery_name})]", 0.0), operator: *, right: (1.0, 1.0), result: 0.0})
now error: 0.0
newest best op: Uniop(df,'brewery_name','Fort Point Beer Company',(['brewery_id'], {('4',)}),{left: ("[FunctionalDependency:(s: {brewery_id}, t: {brewery_name})]", 0.0), operator: *, right: (1.0, 1.0), result: 0.0})
now error: 0.0
Block processing time: 0.007936 seconds
Computing Block 322 out of 796
Processing Block size=7
begin cleaner{left: ("[FunctionalDependency:(s: {brewery_id}, t: {brewery_name})]", 0.0), operator: *, right: (1.0, 1.0), result: 0.0}
列 'p' 不存在，对列 brewery_name 不过滤，直接选择所有非无效值。
Block processing time: 0.005675 seconds
Computing Block 323 out of 796
Processing Block size=14
begin cleaner{left: ("[FunctionalDependency:(s: {brewery_id}, t: {brewery_name})]", 0.0), operator: *, right: (1.0, 1.0), result: 0.0}
列 'p' 不存在，对列 brewery_name 不过滤，直接选择所有非无效值。
clean_bool length:3
newest best op: Uniop(df,'brewery_name','18th Str??eet Br@@ewery',(['brewery_id'], {('177',)}),{left: ("[FunctionalDependency:(s: {brewery_id}, t: {brewery_name})]", 0.0), operator: *, right: (1.0, 1.0), result: 0.0})
now error: 0.0
newest best op: Uniop(df,'brewery_name','18th Street Brewery',(['brewery_id'], {('177',)}),{left: ("[FunctionalDependency:(s: {brewery_id}, t: {brewery_name})]", 0.0), operator: *, right: (1.0, 1.0), result: 0.0})
now error: 0.0
Block processing time: 0.030901 seconds
Computing Block 324 out of 796
Processing Block size=3
begin cleaner{left: ("[FunctionalDependency:(s: {brewery_id}, t: {brewery_name})]", 0.0), operator: *, right: (1.0, 1.0), result: 0.0}
列 'p' 不存在，对列 brewery_name 不过滤，直接选择所有非无效值。
clean_bool length:3
newest best op: Uniop(df,'brewery_name','Laughing #Dog Brewing Company',(['brewery_id'], {('218',)}),{left: ("[FunctionalDependency:(s: {brewery_id}, t: {brewery_name})]", 0.0), operator: *, right: (1.0, 1.0), result: 0.0})
now error: 0.0
newest best op: Uniop(df,'brewery_name','Laughing Dog Brewing Company',(['brewery_id'], {('218',)}),{left: ("[FunctionalDependency:(s: {brewery_id}, t: {brewery_name})]", 0.0), operator: *, right: (1.0, 1.0), result: 0.0})
now error: 0.0
Block processing time: 0.007611 seconds
Computing Block 326 out of 796
Processing Block size=5
begin cleaner{left: ("[FunctionalDependency:(s: {brewery_id}, t: {brewery_name})]", 0.0), operator: *, right: (1.0, 1.0), result: 0.0}
列 'p' 不存在，对列 brewery_name 不过滤，直接选择所有非无效值。
clean_bool length:3
newest best op: Uniop(df,'brewery_name','Big Wood Brewery',(['brewery_id'], {('444',)}),{left: ("[FunctionalDependency:(s: {brewery_id}, t: {brewery_name})]", 0.0), operator: *, right: (1.0, 1.0), result: 0.0})
now error: 0.0
Block processing time: 0.01152 seconds
Computing Block 331 out of 796
Processing Block size=2
begin cleaner{left: ("[FunctionalDependency:(s: {brewery_id}, t: {brewery_name})]", 0.0), operator: *, right: (1.0, 1.0), result: 0.0}
列 'p' 不存在，对列 brewery_name 不过滤，直接选择所有非无效值。
clean_bool length:3
newest best op: Uniop(df,'brewery_name','Boxcar Brewing Company',(['brewery_id'], {('167',)}),{left: ("[FunctionalDependency:(s: {brewery_id}, t: {brewery_name})]", 0.0), operator: *, right: (1.0, 1.0), result: 0.0})
now error: 0.0
Block processing time: 0.005663 seconds
Computing Block 332 out of 796
Processing Block size=8
begin cleaner{left: ("[FunctionalDependency:(s: {brewery_id}, t: {brewery_name})]", 0.0), operator: *, right: (1.0, 1.0), result: 0.0}
列 'p' 不存在，对列 brewery_name 不过滤，直接选择所有非无效值。
Block processing time: 0.006191 seconds
Computing Block 333 out of 796
Processing Block size=2
begin cleaner{left: ("[FunctionalDependency:(s: {brewery_id}, t: {brewery_name})]", 0.0), operator: *, right: (1.0, 1.0), result: 0.0}
列 'p' 不存在，对列 brewery_name 不过滤，直接选择所有非无效值。
Block processing time: 0.001613 seconds
Computing Block 334 out of 796
Processing Block size=3
begin cleaner{left: ("[FunctionalDependency:(s: {brewery_id}, t: {brewery_name})]", 0.0), operator: *, right: (1.0, 1.0), result: 0.0}
列 'p' 不存在，对列 brewery_name 不过滤，直接选择所有非无效值。
Block processing time: 0.002532 seconds
Computing Block 335 out of 796
Processing Block size=3
begin cleaner{left: ("[FunctionalDependency:(s: {brewery_id}, t: {brewery_name})]", 0.0), operator: *, right: (1.0, 1.0), result: 0.0}
列 'p' 不存在，对列 brewery_name 不过滤，直接选择所有非无效值。
clean_bool length:3
newest best op: Uniop(df,'brewery_name','Confluence Brewing Company#',(['brewery_id'], {('482',)}),{left: ("[FunctionalDependency:(s: {brewery_id}, t: {brewery_name})]", 0.0), operator: *, right: (1.0, 1.0), result: 0.0})
now error: 0.0
newest best op: Uniop(df,'brewery_name','Confluence Brewing Company',(['brewery_id'], {('482',)}),{left: ("[FunctionalDependency:(s: {brewery_id}, t: {brewery_name})]", 0.0), operator: *, right: (1.0, 1.0), result: 0.0})
now error: 0.0
Block processing time: 0.008224 seconds
Computing Block 336 out of 796
Processing Block size=2
begin cleaner{left: ("[FunctionalDependency:(s: {brewery_id}, t: {brewery_name})]", 0.0), operator: *, right: (1.0, 1.0), result: 0.0}
列 'p' 不存在，对列 brewery_name 不过滤，直接选择所有非无效值。
Block processing time: 0.001597 seconds
Computing Block 338 out of 796
Processing Block size=22
begin cleaner{left: ("[FunctionalDependency:(s: {brewery_id}, t: {brewery_name})]", 0.0), operator: *, right: (1.0, 1.0), result: 0.0}
列 'p' 不存在，对列 brewery_name 不过滤，直接选择所有非无效值。
clean_bool length:4
newest best op: Uniop(df,'brewery_name','#Sixpoint Cr@@aft Ales',(['brewery_id'], {('46',)}),{left: ("[FunctionalDependency:(s: {brewery_id}, t: {brewery_name})]", 0.0), operator: *, right: (1.0, 1.0), result: 0.0})
now error: 0.0
newest best op: Uniop(df,'brewery_name','Sixpoint Cr@@aft Ales',(['brewery_id'], {('46',)}),{left: ("[FunctionalDependency:(s: {brewery_id}, t: {brewery_name})]", 0.0), operator: *, right: (1.0, 1.0), result: 0.0})
now error: 0.0
newest best op: Uniop(df,'brewery_name','Sixpoint Craft Ales',(['brewery_id'], {('46',)}),{left: ("[FunctionalDependency:(s: {brewery_id}, t: {brewery_name})]", 0.0), operator: *, right: (1.0, 1.0), result: 0.0})
now error: 0.0
Block processing time: 0.065516 seconds
Computing Block 340 out of 796
Processing Block size=4
begin cleaner{left: ("[FunctionalDependency:(s: {brewery_id}, t: {brewery_name})]", 0.0), operator: *, right: (1.0, 1.0), result: 0.0}
列 'p' 不存在，对列 brewery_name 不过滤，直接选择所有非无效值。
Block processing time: 0.002906 seconds
Computing Block 343 out of 796
Processing Block size=9
begin cleaner{left: ("[FunctionalDependency:(s: {brewery_id}, t: {brewery_name})]", 0.0), operator: *, right: (1.0, 1.0), result: 0.0}
列 'p' 不存在，对列 brewery_name 不过滤，直接选择所有非无效值。
Block processing time: 0.006348 seconds
Computing Block 346 out of 796
Processing Block size=2
begin cleaner{left: ("[FunctionalDependency:(s: {brewery_id}, t: {brewery_name})]", 0.0), operator: *, right: (1.0, 1.0), result: 0.0}
列 'p' 不存在，对列 brewery_name 不过滤，直接选择所有非无效值。
clean_bool length:3
newest best op: Uniop(df,'brewery_name','Forgotten Boardwalk',(['brewery_id'], {('217',)}),{left: ("[FunctionalDependency:(s: {brewery_id}, t: {brewery_name})]", 0.0), operator: *, right: (1.0, 1.0), result: 0.0})
now error: 0.0
Block processing time: 0.005212 seconds
Computing Block 347 out of 796
Processing Block size=6
begin cleaner{left: ("[FunctionalDependency:(s: {brewery_id}, t: {brewery_name})]", 0.0), operator: *, right: (1.0, 1.0), result: 0.0}
列 'p' 不存在，对列 brewery_name 不过滤，直接选择所有非无效值。
clean_bool length:3
newest best op: Uniop(df,'brewery_name','Mikerphone Brewing',(['brewery_id'], {('65',)}),{left: ("[FunctionalDependency:(s: {brewery_id}, t: {brewery_name})]", 0.0), operator: *, right: (1.0, 1.0), result: 0.0})
now error: 0.0
Block processing time: 0.014012 seconds
Computing Block 349 out of 796
Processing Block size=4
begin cleaner{left: ("[FunctionalDependency:(s: {brewery_id}, t: {brewery_name})]", 0.0), operator: *, right: (1.0, 1.0), result: 0.0}
列 'p' 不存在，对列 brewery_name 不过滤，直接选择所有非无效值。
Block processing time: 0.003065 seconds
Computing Block 353 out of 796
Processing Block size=2
begin cleaner{left: ("[FunctionalDependency:(s: {brewery_id}, t: {brewery_name})]", 0.0), operator: *, right: (1.0, 1.0), result: 0.0}
列 'p' 不存在，对列 brewery_name 不过滤，直接选择所有非无效值。
Block processing time: 0.001575 seconds
Computing Block 357 out of 796
Processing Block size=7
begin cleaner{left: ("[FunctionalDependency:(s: {brewery_id}, t: {brewery_name})]", 0.0), operator: *, right: (1.0, 1.0), result: 0.0}
列 'p' 不存在，对列 brewery_name 不过滤，直接选择所有非无效值。
clean_bool length:3
newest best op: Uniop(df,'brewery_name','Cisco Brewe#rs',(['brewery_id'], {('145',)}),{left: ("[FunctionalDependency:(s: {brewery_id}, t: {brewery_name})]", 0.0), operator: *, right: (1.0, 1.0), result: 0.0})
now error: 0.0
newest best op: Uniop(df,'brewery_name','Cisco Brewers',(['brewery_id'], {('145',)}),{left: ("[FunctionalDependency:(s: {brewery_id}, t: {brewery_name})]", 0.0), operator: *, right: (1.0, 1.0), result: 0.0})
now error: 0.0
Block processing time: 0.015717 seconds
Computing Block 360 out of 796
Processing Block size=7
begin cleaner{left: ("[FunctionalDependency:(s: {brewery_id}, t: {brewery_name})]", 0.0), operator: *, right: (1.0, 1.0), result: 0.0}
列 'p' 不存在，对列 brewery_name 不过滤，直接选择所有非无效值。
clean_bool length:3
newest best op: Uniop(df,'brewery_name','Four Peaks Brewing Company',(['brewery_id'], {('160',)}),{left: ("[FunctionalDependency:(s: {brewery_id}, t: {brewery_name})]", 0.0), operator: *, right: (1.0, 1.0), result: 0.0})
now error: 0.0
Block processing time: 0.016271 seconds
Computing Block 363 out of 796
Processing Block size=6
begin cleaner{left: ("[FunctionalDependency:(s: {brewery_id}, t: {brewery_name})]", 0.0), operator: *, right: (1.0, 1.0), result: 0.0}
列 'p' 不存在，对列 brewery_name 不过滤，直接选择所有非无效值。
Block processing time: 0.004308 seconds
Computing Block 369 out of 796
Processing Block size=3
begin cleaner{left: ("[FunctionalDependency:(s: {brewery_id}, t: {brewery_name})]", 0.0), operator: *, right: (1.0, 1.0), result: 0.0}
列 'p' 不存在，对列 brewery_name 不过滤，直接选择所有非无效值。
clean_bool length:3
newest best op: Uniop(df,'brewery_name','Stillwater Artisanal Ales',(['brewery_id'], {('255',)}),{left: ("[FunctionalDependency:(s: {brewery_id}, t: {brewery_name})]", 0.0), operator: *, right: (1.0, 1.0), result: 0.0})
now error: 0.0
Block processing time: 0.007465 seconds
Computing Block 370 out of 796
Processing Block size=4
begin cleaner{left: ("[FunctionalDependency:(s: {brewery_id}, t: {brewery_name})]", 0.0), operator: *, right: (1.0, 1.0), result: 0.0}
列 'p' 不存在，对列 brewery_name 不过滤，直接选择所有非无效值。
Block processing time: 0.002925 seconds
Computing Block 373 out of 796
Processing Block size=3
begin cleaner{left: ("[FunctionalDependency:(s: {brewery_id}, t: {brewery_name})]", 0.0), operator: *, right: (1.0, 1.0), result: 0.0}
列 'p' 不存在，对列 brewery_name 不过滤，直接选择所有非无效值。
Block processing time: 0.002193 seconds
Computing Block 374 out of 796
Processing Block size=2
begin cleaner{left: ("[FunctionalDependency:(s: {brewery_id}, t: {brewery_name})]", 0.0), operator: *, right: (1.0, 1.0), result: 0.0}
列 'p' 不存在，对列 brewery_name 不过滤，直接选择所有非无效值。
Block processing time: 0.001541 seconds
Computing Block 375 out of 796
Processing Block size=2
begin cleaner{left: ("[FunctionalDependency:(s: {brewery_id}, t: {brewery_name})]", 0.0), operator: *, right: (1.0, 1.0), result: 0.0}
列 'p' 不存在，对列 brewery_name 不过滤，直接选择所有非无效值。
Block processing time: 0.001494 seconds
Computing Block 379 out of 796
Processing Block size=11
begin cleaner{left: ("[FunctionalDependency:(s: {brewery_id}, t: {brewery_name})]", 0.0), operator: *, right: (1.0, 1.0), result: 0.0}
列 'p' 不存在，对列 brewery_name 不过滤，直接选择所有非无效值。
Block processing time: 0.007886 seconds
Computing Block 381 out of 796
Processing Block size=9
begin cleaner{left: ("[FunctionalDependency:(s: {brewery_id}, t: {brewery_name})]", 0.0), operator: *, right: (1.0, 1.0), result: 0.0}
列 'p' 不存在，对列 brewery_name 不过滤，直接选择所有非无效值。
clean_bool length:3
newest best op: Uniop(df,'brewery_name','Narragan#sett Brewin#g Company',(['brewery_id'], {('143',)}),{left: ("[FunctionalDependency:(s: {brewery_id}, t: {brewery_name})]", 0.0), operator: *, right: (1.0, 1.0), result: 0.0})
now error: 0.0
newest best op: Uniop(df,'brewery_name','Narragansett Brewing Company',(['brewery_id'], {('143',)}),{left: ("[FunctionalDependency:(s: {brewery_id}, t: {brewery_name})]", 0.0), operator: *, right: (1.0, 1.0), result: 0.0})
now error: 0.0
Block processing time: 0.021922 seconds
Computing Block 382 out of 796
Processing Block size=2
begin cleaner{left: ("[FunctionalDependency:(s: {brewery_id}, t: {brewery_name})]", 0.0), operator: *, right: (1.0, 1.0), result: 0.0}
列 'p' 不存在，对列 brewery_name 不过滤，直接选择所有非无效值。
Block processing time: 0.001626 seconds
Computing Block 384 out of 796
Processing Block size=2
begin cleaner{left: ("[FunctionalDependency:(s: {brewery_id}, t: {brewery_name})]", 0.0), operator: *, right: (1.0, 1.0), result: 0.0}
列 'p' 不存在，对列 brewery_name 不过滤，直接选择所有非无效值。
Block processing time: 0.001539 seconds
Computing Block 385 out of 796
Processing Block size=3
begin cleaner{left: ("[FunctionalDependency:(s: {brewery_id}, t: {brewery_name})]", 0.0), operator: *, right: (1.0, 1.0), result: 0.0}
列 'p' 不存在，对列 brewery_name 不过滤，直接选择所有非无效值。
Block processing time: 0.002312 seconds
Computing Block 386 out of 796
Processing Block size=2
begin cleaner{left: ("[FunctionalDependency:(s: {brewery_id}, t: {brewery_name})]", 0.0), operator: *, right: (1.0, 1.0), result: 0.0}
列 'p' 不存在，对列 brewery_name 不过滤，直接选择所有非无效值。
Block processing time: 0.001622 seconds
Computing Block 393 out of 796
Processing Block size=2
begin cleaner{left: ("[FunctionalDependency:(s: {brewery_id}, t: {brewery_name})]", 0.0), operator: *, right: (1.0, 1.0), result: 0.0}
列 'p' 不存在，对列 brewery_name 不过滤，直接选择所有非无效值。
Block processing time: 0.001691 seconds
Computing Block 396 out of 796
Processing Block size=5
begin cleaner{left: ("[FunctionalDependency:(s: {brewery_id}, t: {brewery_name})]", 0.0), operator: *, right: (1.0, 1.0), result: 0.0}
列 'p' 不存在，对列 brewery_name 不过滤，直接选择所有非无效值。
Block processing time: 0.003772 seconds
Computing Block 397 out of 796
Processing Block size=5
begin cleaner{left: ("[FunctionalDependency:(s: {brewery_id}, t: {brewery_name})]", 0.0), operator: *, right: (1.0, 1.0), result: 0.0}
列 'p' 不存在，对列 brewery_name 不过滤，直接选择所有非无效值。
clean_bool length:4
newest best op: Uniop(df,'brewery_name','Big Bend Brewing Compa$ny',(['brewery_id'], {('463',)}),{left: ("[FunctionalDependency:(s: {brewery_id}, t: {brewery_name})]", 0.0), operator: *, right: (1.0, 1.0), result: 0.0})
now error: 0.0
newest best op: Uniop(df,'brewery_name','Big Bend Brewing Company',(['brewery_id'], {('463',)}),{left: ("[FunctionalDependency:(s: {brewery_id}, t: {brewery_name})]", 0.0), operator: *, right: (1.0, 1.0), result: 0.0})
now error: 0.0
Block processing time: 0.016327 seconds
Computing Block 398 out of 796
Processing Block size=3
begin cleaner{left: ("[FunctionalDependency:(s: {brewery_id}, t: {brewery_name})]", 0.0), operator: *, right: (1.0, 1.0), result: 0.0}
列 'p' 不存在，对列 brewery_name 不过滤，直接选择所有非无效值。
clean_bool length:3
newest best op: Uniop(df,'brewery_name','New Republic Brewing Company',(['brewery_id'], {('241',)}),{left: ("[FunctionalDependency:(s: {brewery_id}, t: {brewery_name})]", 0.0), operator: *, right: (1.0, 1.0), result: 0.0})
now error: 0.0
Block processing time: 0.007755 seconds
Computing Block 399 out of 796
Processing Block size=2
begin cleaner{left: ("[FunctionalDependency:(s: {brewery_id}, t: {brewery_name})]", 0.0), operator: *, right: (1.0, 1.0), result: 0.0}
列 'p' 不存在，对列 brewery_name 不过滤，直接选择所有非无效值。
Block processing time: 0.001539 seconds
Computing Block 401 out of 796
Processing Block size=14
begin cleaner{left: ("[FunctionalDependency:(s: {brewery_id}, t: {brewery_name})]", 0.0), operator: *, right: (1.0, 1.0), result: 0.0}
列 'p' 不存在，对列 brewery_name 不过滤，直接选择所有非无效值。
clean_bool length:4
newest best op: Uniop(df,'brewery_name','Cal??dera Brewing Company',(['brewery_id'], {('155',)}),{left: ("[FunctionalDependency:(s: {brewery_id}, t: {brewery_name})]", 0.0), operator: *, right: (1.0, 1.0), result: 0.0})
now error: 0.0
newest best op: Uniop(df,'brewery_name','Caldera Brewing Company',(['brewery_id'], {('155',)}),{left: ("[FunctionalDependency:(s: {brewery_id}, t: {brewery_name})]", 0.0), operator: *, right: (1.0, 1.0), result: 0.0})
now error: 0.0
Block processing time: 0.043035 seconds
Computing Block 406 out of 796
Processing Block size=2
begin cleaner{left: ("[FunctionalDependency:(s: {brewery_id}, t: {brewery_name})]", 0.0), operator: *, right: (1.0, 1.0), result: 0.0}
列 'p' 不存在，对列 brewery_name 不过滤，直接选择所有非无效值。
Block processing time: 0.001526 seconds
Computing Block 407 out of 796
Processing Block size=2
begin cleaner{left: ("[FunctionalDependency:(s: {brewery_id}, t: {brewery_name})]", 0.0), operator: *, right: (1.0, 1.0), result: 0.0}
列 'p' 不存在，对列 brewery_name 不过滤，直接选择所有非无效值。
Block processing time: 0.001518 seconds
Computing Block 411 out of 796
Processing Block size=4
begin cleaner{left: ("[FunctionalDependency:(s: {brewery_id}, t: {brewery_name})]", 0.0), operator: *, right: (1.0, 1.0), result: 0.0}
列 'p' 不存在，对列 brewery_name 不过滤，直接选择所有非无效值。
Block processing time: 0.00307 seconds
Computing Block 414 out of 796
Processing Block size=2
begin cleaner{left: ("[FunctionalDependency:(s: {brewery_id}, t: {brewery_name})]", 0.0), operator: *, right: (1.0, 1.0), result: 0.0}
列 'p' 不存在，对列 brewery_name 不过滤，直接选择所有非无效值。
Block processing time: 0.001622 seconds
Computing Block 415 out of 796
Processing Block size=3
begin cleaner{left: ("[FunctionalDependency:(s: {brewery_id}, t: {brewery_name})]", 0.0), operator: *, right: (1.0, 1.0), result: 0.0}
列 'p' 不存在，对列 brewery_name 不过滤，直接选择所有非无效值。
Block processing time: 0.002276 seconds
Computing Block 416 out of 796
Processing Block size=3
begin cleaner{left: ("[FunctionalDependency:(s: {brewery_id}, t: {brewery_name})]", 0.0), operator: *, right: (1.0, 1.0), result: 0.0}
列 'p' 不存在，对列 brewery_name 不过滤，直接选择所有非无效值。
Block processing time: 0.002185 seconds
Computing Block 418 out of 796
Processing Block size=4
begin cleaner{left: ("[FunctionalDependency:(s: {brewery_id}, t: {brewery_name})]", 0.0), operator: *, right: (1.0, 1.0), result: 0.0}
列 'p' 不存在，对列 brewery_name 不过滤，直接选择所有非无效值。
clean_bool length:3
newest best op: Uniop(df,'brewery_name','Anchor Brewing Company',(['brewery_id'], {('35',)}),{left: ("[FunctionalDependency:(s: {brewery_id}, t: {brewery_name})]", 0.0), operator: *, right: (1.0, 1.0), result: 0.0})
now error: 0.0
Block processing time: 0.009647 seconds
Computing Block 420 out of 796
Processing Block size=2
begin cleaner{left: ("[FunctionalDependency:(s: {brewery_id}, t: {brewery_name})]", 0.0), operator: *, right: (1.0, 1.0), result: 0.0}
列 'p' 不存在，对列 brewery_name 不过滤，直接选择所有非无效值。
Block processing time: 0.001529 seconds
Computing Block 421 out of 796
Processing Block size=3
begin cleaner{left: ("[FunctionalDependency:(s: {brewery_id}, t: {brewery_name})]", 0.0), operator: *, right: (1.0, 1.0), result: 0.0}
列 'p' 不存在，对列 brewery_name 不过滤，直接选择所有非无效值。
Block processing time: 0.002223 seconds
Computing Block 424 out of 796
Processing Block size=9
begin cleaner{left: ("[FunctionalDependency:(s: {brewery_id}, t: {brewery_name})]", 0.0), operator: *, right: (1.0, 1.0), result: 0.0}
列 'p' 不存在，对列 brewery_name 不过滤，直接选择所有非无效值。
clean_bool length:3
newest best op: Uniop(df,'brewery_name','Southern Prohibit$ion Brewing Com...',(['brewery_id'], {('133',)}),{left: ("[FunctionalDependency:(s: {brewery_id}, t: {brewery_name})]", 0.0), operator: *, right: (1.0, 1.0), result: 0.0})
now error: 0.0
newest best op: Uniop(df,'brewery_name','Southern Prohibition Brewing Com...',(['brewery_id'], {('133',)}),{left: ("[FunctionalDependency:(s: {brewery_id}, t: {brewery_name})]", 0.0), operator: *, right: (1.0, 1.0), result: 0.0})
now error: 0.0
Block processing time: 0.022317 seconds
Computing Block 428 out of 796
Processing Block size=5
begin cleaner{left: ("[FunctionalDependency:(s: {brewery_id}, t: {brewery_name})]", 0.0), operator: *, right: (1.0, 1.0), result: 0.0}
列 'p' 不存在，对列 brewery_name 不过滤，直接选择所有非无效值。
clean_bool length:3
newest best op: Uniop(df,'brewery_name','Evil Twin Brewing',(['brewery_id'], {('173',)}),{left: ("[FunctionalDependency:(s: {brewery_id}, t: {brewery_name})]", 0.0), operator: *, right: (1.0, 1.0), result: 0.0})
now error: 0.0
Block processing time: 0.01163 seconds
Computing Block 432 out of 796
Processing Block size=3
begin cleaner{left: ("[FunctionalDependency:(s: {brewery_id}, t: {brewery_name})]", 0.0), operator: *, right: (1.0, 1.0), result: 0.0}
列 'p' 不存在，对列 brewery_name 不过滤，直接选择所有非无效值。
Block processing time: 0.002222 seconds
Computing Block 433 out of 796
Processing Block size=11
begin cleaner{left: ("[FunctionalDependency:(s: {brewery_id}, t: {brewery_name})]", 0.0), operator: *, right: (1.0, 1.0), result: 0.0}
列 'p' 不存在，对列 brewery_name 不过滤，直接选择所有非无效值。
clean_bool length:4
newest best op: Uniop(df,'brewery_name','Fort George Brewery',(['brewery_id'], {('206',)}),{left: ("[FunctionalDependency:(s: {brewery_id}, t: {brewery_name})]", 0.0), operator: *, right: (1.0, 1.0), result: 0.0})
now error: 0.0
Block processing time: 0.033168 seconds
Computing Block 435 out of 796
Processing Block size=7
begin cleaner{left: ("[FunctionalDependency:(s: {brewery_id}, t: {brewery_name})]", 0.0), operator: *, right: (1.0, 1.0), result: 0.0}
列 'p' 不存在，对列 brewery_name 不过滤，直接选择所有非无效值。
clean_bool length:4
newest best op: Uniop(df,'brewery_name','Ca$tawba Brewing Comp#any',(['brewery_id'], {('331',)}),{left: ("[FunctionalDependency:(s: {brewery_id}, t: {brewery_name})]", 0.0), operator: *, right: (1.0, 1.0), result: 0.0})
now error: 0.0
newest best op: Uniop(df,'brewery_name','Catawba Brewing Company',(['brewery_id'], {('331',)}),{left: ("[FunctionalDependency:(s: {brewery_id}, t: {brewery_name})]", 0.0), operator: *, right: (1.0, 1.0), result: 0.0})
now error: 0.0
Block processing time: 0.022115 seconds
Computing Block 436 out of 796
Processing Block size=2
begin cleaner{left: ("[FunctionalDependency:(s: {brewery_id}, t: {brewery_name})]", 0.0), operator: *, right: (1.0, 1.0), result: 0.0}
列 'p' 不存在，对列 brewery_name 不过滤，直接选择所有非无效值。
clean_bool length:3
newest best op: Uniop(df,'brewery_name','Temperan%ce Beer Company',(['brewery_id'], {('210',)}),{left: ("[FunctionalDependency:(s: {brewery_id}, t: {brewery_name})]", 0.0), operator: *, right: (1.0, 1.0), result: 0.0})
now error: 0.0
Block processing time: 0.005331 seconds
Computing Block 439 out of 796
Processing Block size=3
begin cleaner{left: ("[FunctionalDependency:(s: {brewery_id}, t: {brewery_name})]", 0.0), operator: *, right: (1.0, 1.0), result: 0.0}
列 'p' 不存在，对列 brewery_name 不过滤，直接选择所有非无效值。
clean_bool length:3
newest best op: Uniop(df,'brewery_name','Amnesia Brewing Company',(['brewery_id'], {('401',)}),{left: ("[FunctionalDependency:(s: {brewery_id}, t: {brewery_name})]", 0.0), operator: *, right: (1.0, 1.0), result: 0.0})
now error: 0.0
Block processing time: 0.007442 seconds
Computing Block 443 out of 796
Processing Block size=4
begin cleaner{left: ("[FunctionalDependency:(s: {brewery_id}, t: {brewery_name})]", 0.0), operator: *, right: (1.0, 1.0), result: 0.0}
列 'p' 不存在，对列 brewery_name 不过滤，直接选择所有非无效值。
clean_bool length:3
newest best op: Uniop(df,'brewery_name','%Straub Brewery',(['brewery_id'], {('129',)}),{left: ("[FunctionalDependency:(s: {brewery_id}, t: {brewery_name})]", 0.0), operator: *, right: (1.0, 1.0), result: 0.0})
now error: 0.0
newest best op: Uniop(df,'brewery_name','Straub Brewery',(['brewery_id'], {('129',)}),{left: ("[FunctionalDependency:(s: {brewery_id}, t: {brewery_name})]", 0.0), operator: *, right: (1.0, 1.0), result: 0.0})
now error: 0.0
Block processing time: 0.009374 seconds
Computing Block 446 out of 796
Processing Block size=3
begin cleaner{left: ("[FunctionalDependency:(s: {brewery_id}, t: {brewery_name})]", 0.0), operator: *, right: (1.0, 1.0), result: 0.0}
列 'p' 不存在，对列 brewery_name 不过滤，直接选择所有非无效值。
Block processing time: 0.002282 seconds
Computing Block 447 out of 796
Processing Block size=4
begin cleaner{left: ("[FunctionalDependency:(s: {brewery_id}, t: {brewery_name})]", 0.0), operator: *, right: (1.0, 1.0), result: 0.0}
列 'p' 不存在，对列 brewery_name 不过滤，直接选择所有非无效值。
clean_bool length:3
newest best op: Uniop(df,'brewery_name','Joseph James Brewing Company',(['brewery_id'], {('233',)}),{left: ("[FunctionalDependency:(s: {brewery_id}, t: {brewery_name})]", 0.0), operator: *, right: (1.0, 1.0), result: 0.0})
now error: 0.0
Block processing time: 0.009988 seconds
Computing Block 451 out of 796
Processing Block size=4
begin cleaner{left: ("[FunctionalDependency:(s: {brewery_id}, t: {brewery_name})]", 0.0), operator: *, right: (1.0, 1.0), result: 0.0}
列 'p' 不存在，对列 brewery_name 不过滤，直接选择所有非无效值。
Block processing time: 0.003043 seconds
Computing Block 453 out of 796
Processing Block size=6
begin cleaner{left: ("[FunctionalDependency:(s: {brewery_id}, t: {brewery_name})]", 0.0), operator: *, right: (1.0, 1.0), result: 0.0}
列 'p' 不存在，对列 brewery_name 不过滤，直接选择所有非无效值。
clean_bool length:3
newest best op: Uniop(df,'brewery_name','COAST Brewing Company',(['brewery_id'], {('5',)}),{left: ("[FunctionalDependency:(s: {brewery_id}, t: {brewery_name})]", 0.0), operator: *, right: (1.0, 1.0), result: 0.0})
now error: 0.0
Block processing time: 0.013882 seconds
Computing Block 454 out of 796
Processing Block size=4
begin cleaner{left: ("[FunctionalDependency:(s: {brewery_id}, t: {brewery_name})]", 0.0), operator: *, right: (1.0, 1.0), result: 0.0}
列 'p' 不存在，对列 brewery_name 不过滤，直接选择所有非无效值。
clean_bool length:3
newest best op: Uniop(df,'brewery_name','People's Brewing Company',(['brewery_id'], {('205',)}),{left: ("[FunctionalDependency:(s: {brewery_id}, t: {brewery_name})]", 0.0), operator: *, right: (1.0, 1.0), result: 0.0})
now error: 0.0
Block processing time: 0.009859 seconds
Computing Block 455 out of 796
Processing Block size=13
begin cleaner{left: ("[FunctionalDependency:(s: {brewery_id}, t: {brewery_name})]", 0.0), operator: *, right: (1.0, 1.0), result: 0.0}
列 'p' 不存在，对列 brewery_name 不过滤，直接选择所有非无效值。
clean_bool length:3
newest best op: Uniop(df,'brewery_name','Matt Brewing Company',(['brewery_id'], {('299',)}),{left: ("[FunctionalDependency:(s: {brewery_id}, t: {brewery_name})]", 0.0), operator: *, right: (1.0, 1.0), result: 0.0})
now error: 0.0
Block processing time: 0.028653 seconds
Computing Block 456 out of 796
Processing Block size=2
begin cleaner{left: ("[FunctionalDependency:(s: {brewery_id}, t: {brewery_name})]", 0.0), operator: *, right: (1.0, 1.0), result: 0.0}
列 'p' 不存在，对列 brewery_name 不过滤，直接选择所有非无效值。
Block processing time: 0.001539 seconds
Computing Block 457 out of 796
Processing Block size=2
begin cleaner{left: ("[FunctionalDependency:(s: {brewery_id}, t: {brewery_name})]", 0.0), operator: *, right: (1.0, 1.0), result: 0.0}
列 'p' 不存在，对列 brewery_name 不过滤，直接选择所有非无效值。
Block processing time: 0.001505 seconds
Computing Block 458 out of 796
Processing Block size=3
begin cleaner{left: ("[FunctionalDependency:(s: {brewery_id}, t: {brewery_name})]", 0.0), operator: *, right: (1.0, 1.0), result: 0.0}
列 'p' 不存在，对列 brewery_name 不过滤，直接选择所有非无效值。
Block processing time: 0.002249 seconds
Computing Block 460 out of 796
Processing Block size=4
begin cleaner{left: ("[FunctionalDependency:(s: {brewery_id}, t: {brewery_name})]", 0.0), operator: *, right: (1.0, 1.0), result: 0.0}
列 'p' 不存在，对列 brewery_name 不过滤，直接选择所有非无效值。
clean_bool length:3
newest best op: Uniop(df,'brewery_name','Coastal Extreme Brewing Company',(['brewery_id'], {('101',)}),{left: ("[FunctionalDependency:(s: {brewery_id}, t: {brewery_name})]", 0.0), operator: *, right: (1.0, 1.0), result: 0.0})
now error: 0.0
Block processing time: 0.009866 seconds
Computing Block 461 out of 796
Processing Block size=3
begin cleaner{left: ("[FunctionalDependency:(s: {brewery_id}, t: {brewery_name})]", 0.0), operator: *, right: (1.0, 1.0), result: 0.0}
列 'p' 不存在，对列 brewery_name 不过滤，直接选择所有非无效值。
Block processing time: 0.002243 seconds
Computing Block 466 out of 796
Processing Block size=2
begin cleaner{left: ("[FunctionalDependency:(s: {brewery_id}, t: {brewery_name})]", 0.0), operator: *, right: (1.0, 1.0), result: 0.0}
列 'p' 不存在，对列 brewery_name 不过滤，直接选择所有非无效值。
Block processing time: 0.001519 seconds
Computing Block 467 out of 796
Processing Block size=8
begin cleaner{left: ("[FunctionalDependency:(s: {brewery_id}, t: {brewery_name})]", 0.0), operator: *, right: (1.0, 1.0), result: 0.0}
列 'p' 不存在，对列 brewery_name 不过滤，直接选择所有非无效值。
Block processing time: 0.005656 seconds
Computing Block 468 out of 796
Processing Block size=6
begin cleaner{left: ("[FunctionalDependency:(s: {brewery_id}, t: {brewery_name})]", 0.0), operator: *, right: (1.0, 1.0), result: 0.0}
列 'p' 不存在，对列 brewery_name 不过滤，直接选择所有非无效值。
clean_bool length:3
newest best op: Uniop(df,'brewery_name','Milwaukee Brewing Company@@',(['brewery_id'], {('284',)}),{left: ("[FunctionalDependency:(s: {brewery_id}, t: {brewery_name})]", 0.0), operator: *, right: (1.0, 1.0), result: 0.0})
now error: 0.0
newest best op: Uniop(df,'brewery_name','Milwaukee Brewing Company',(['brewery_id'], {('284',)}),{left: ("[FunctionalDependency:(s: {brewery_id}, t: {brewery_name})]", 0.0), operator: *, right: (1.0, 1.0), result: 0.0})
now error: 0.0
Block processing time: 0.013907 seconds
Computing Block 469 out of 796
Processing Block size=13
begin cleaner{left: ("[FunctionalDependency:(s: {brewery_id}, t: {brewery_name})]", 0.0), operator: *, right: (1.0, 1.0), result: 0.0}
列 'p' 不存在，对列 brewery_name 不过滤，直接选择所有非无效值。
clean_bool length:4
newest best op: Uniop(df,'brewery_name','Blue Blood Brewing Company',(['brewery_id'], {('380',)}),{left: ("[FunctionalDependency:(s: {brewery_id}, t: {brewery_name})]", 0.0), operator: *, right: (1.0, 1.0), result: 0.0})
now error: 0.0
Block processing time: 0.040522 seconds
Computing Block 470 out of 796
Processing Block size=2
begin cleaner{left: ("[FunctionalDependency:(s: {brewery_id}, t: {brewery_name})]", 0.0), operator: *, right: (1.0, 1.0), result: 0.0}
列 'p' 不存在，对列 brewery_name 不过滤，直接选择所有非无效值。
Block processing time: 0.0015 seconds
Computing Block 473 out of 796
Processing Block size=2
begin cleaner{left: ("[FunctionalDependency:(s: {brewery_id}, t: {brewery_name})]", 0.0), operator: *, right: (1.0, 1.0), result: 0.0}
列 'p' 不存在，对列 brewery_name 不过滤，直接选择所有非无效值。
Block processing time: 0.001506 seconds
Computing Block 476 out of 796
Processing Block size=2
begin cleaner{left: ("[FunctionalDependency:(s: {brewery_id}, t: {brewery_name})]", 0.0), operator: *, right: (1.0, 1.0), result: 0.0}
列 'p' 不存在，对列 brewery_name 不过滤，直接选择所有非无效值。
Block processing time: 0.001533 seconds
Computing Block 478 out of 796
Processing Block size=2
begin cleaner{left: ("[FunctionalDependency:(s: {brewery_id}, t: {brewery_name})]", 0.0), operator: *, right: (1.0, 1.0), result: 0.0}
列 'p' 不存在，对列 brewery_name 不过滤，直接选择所有非无效值。
Block processing time: 0.001528 seconds
Computing Block 479 out of 796
Processing Block size=15
begin cleaner{left: ("[FunctionalDependency:(s: {brewery_id}, t: {brewery_name})]", 0.0), operator: *, right: (1.0, 1.0), result: 0.0}
列 'p' 不存在，对列 brewery_name 不过滤，直接选择所有非无效值。
clean_bool length:6
newest best op: Uniop(df,'brewery_name','Rivertowne B@@rewi@@ng Company',(['brewery_id'], {('43',)}),{left: ("[FunctionalDependency:(s: {brewery_id}, t: {brewery_name})]", 0.0), operator: *, right: (1.0, 1.0), result: 0.0})
now error: 0.0
newest best op: Uniop(df,'brewery_name','River%towne Brewing Company',(['brewery_id'], {('43',)}),{left: ("[FunctionalDependency:(s: {brewery_id}, t: {brewery_name})]", 0.0), operator: *, right: (1.0, 1.0), result: 0.0})
now error: 0.0
newest best op: Uniop(df,'brewery_name','Rivertowne Brewing Company',(['brewery_id'], {('43',)}),{left: ("[FunctionalDependency:(s: {brewery_id}, t: {brewery_name})]", 0.0), operator: *, right: (1.0, 1.0), result: 0.0})
now error: 0.0
Block processing time: 0.072352 seconds
Computing Block 487 out of 796
Processing Block size=4
begin cleaner{left: ("[FunctionalDependency:(s: {brewery_id}, t: {brewery_name})]", 0.0), operator: *, right: (1.0, 1.0), result: 0.0}
列 'p' 不存在，对列 brewery_name 不过滤，直接选择所有非无效值。
clean_bool length:3
newest best op: Uniop(df,'brewery_name','Miss#ion Brewery',(['brewery_id'], {('98',)}),{left: ("[FunctionalDependency:(s: {brewery_id}, t: {brewery_name})]", 0.0), operator: *, right: (1.0, 1.0), result: 0.0})
now error: 0.0
newest best op: Uniop(df,'brewery_name','Mission Brewery',(['brewery_id'], {('98',)}),{left: ("[FunctionalDependency:(s: {brewery_id}, t: {brewery_name})]", 0.0), operator: *, right: (1.0, 1.0), result: 0.0})
now error: 0.0
Block processing time: 0.009339 seconds
Computing Block 491 out of 796
Processing Block size=6
begin cleaner{left: ("[FunctionalDependency:(s: {brewery_id}, t: {brewery_name})]", 0.0), operator: *, right: (1.0, 1.0), result: 0.0}
列 'p' 不存在，对列 brewery_name 不过滤，直接选择所有非无效值。
Block processing time: 0.004412 seconds
Computing Block 494 out of 796
Processing Block size=2
begin cleaner{left: ("[FunctionalDependency:(s: {brewery_id}, t: {brewery_name})]", 0.0), operator: *, right: (1.0, 1.0), result: 0.0}
列 'p' 不存在，对列 brewery_name 不过滤，直接选择所有非无效值。
Block processing time: 0.001555 seconds
Computing Block 495 out of 796
Processing Block size=9
begin cleaner{left: ("[FunctionalDependency:(s: {brewery_id}, t: {brewery_name})]", 0.0), operator: *, right: (1.0, 1.0), result: 0.0}
列 'p' 不存在，对列 brewery_name 不过滤，直接选择所有非无效值。
clean_bool length:4
newest best op: Uniop(df,'brewery_name','New England Brewing Company',(['brewery_id'], {('410',)}),{left: ("[FunctionalDependency:(s: {brewery_id}, t: {brewery_name})]", 0.0), operator: *, right: (1.0, 1.0), result: 0.0})
now error: 0.0
Block processing time: 0.028706 seconds
Computing Block 497 out of 796
Processing Block size=4
begin cleaner{left: ("[FunctionalDependency:(s: {brewery_id}, t: {brewery_name})]", 0.0), operator: *, right: (1.0, 1.0), result: 0.0}
列 'p' 不存在，对列 brewery_name 不过滤，直接选择所有非无效值。
clean_bool length:3
newest best op: Uniop(df,'brewery_name','Foolproof Brewing Company',(['brewery_id'], {('279',)}),{left: ("[FunctionalDependency:(s: {brewery_id}, t: {brewery_name})]", 0.0), operator: *, right: (1.0, 1.0), result: 0.0})
now error: 0.0
Block processing time: 0.009707 seconds
Computing Block 499 out of 796
Processing Block size=3
begin cleaner{left: ("[FunctionalDependency:(s: {brewery_id}, t: {brewery_name})]", 0.0), operator: *, right: (1.0, 1.0), result: 0.0}
列 'p' 不存在，对列 brewery_name 不过滤，直接选择所有非无效值。
Block processing time: 0.00226 seconds
Computing Block 500 out of 796
Processing Block size=17
begin cleaner{left: ("[FunctionalDependency:(s: {brewery_id}, t: {brewery_name})]", 0.0), operator: *, right: (1.0, 1.0), result: 0.0}
列 'p' 不存在，对列 brewery_name 不过滤，直接选择所有非无效值。
clean_bool length:4
newest best op: Uniop(df,'brewery_name','SanTan Brewing Company',(['brewery_id'], {('30',)}),{left: ("[FunctionalDependency:(s: {brewery_id}, t: {brewery_name})]", 0.0), operator: *, right: (1.0, 1.0), result: 0.0})
now error: 0.0
Block processing time: 0.051599 seconds
Computing Block 502 out of 796
Processing Block size=2
begin cleaner{left: ("[FunctionalDependency:(s: {brewery_id}, t: {brewery_name})]", 0.0), operator: *, right: (1.0, 1.0), result: 0.0}
列 'p' 不存在，对列 brewery_name 不过滤，直接选择所有非无效值。
clean_bool length:3
newest best op: Uniop(df,'brewery_name','Marble B#rewery',(['brewery_id'], {('443',)}),{left: ("[FunctionalDependency:(s: {brewery_id}, t: {brewery_name})]", 0.0), operator: *, right: (1.0, 1.0), result: 0.0})
now error: 0.0
Block processing time: 0.005232 seconds
Computing Block 503 out of 796
Processing Block size=2
begin cleaner{left: ("[FunctionalDependency:(s: {brewery_id}, t: {brewery_name})]", 0.0), operator: *, right: (1.0, 1.0), result: 0.0}
列 'p' 不存在，对列 brewery_name 不过滤，直接选择所有非无效值。
Block processing time: 0.001503 seconds
Computing Block 504 out of 796
Processing Block size=12
begin cleaner{left: ("[FunctionalDependency:(s: {brewery_id}, t: {brewery_name})]", 0.0), operator: *, right: (1.0, 1.0), result: 0.0}
列 'p' 不存在，对列 brewery_name 不过滤，直接选择所有非无效值。
Block processing time: 0.008492 seconds
Computing Block 508 out of 796
Processing Block size=22
begin cleaner{left: ("[FunctionalDependency:(s: {brewery_id}, t: {brewery_name})]", 0.0), operator: *, right: (1.0, 1.0), result: 0.0}
列 'p' 不存在，对列 brewery_name 不过滤，直接选择所有非无效值。
clean_bool length:4
newest best op: Uniop(df,'brewery_name','Stev#ens Point %Brewery',(['brewery_id'], {('131',)}),{left: ("[FunctionalDependency:(s: {brewery_id}, t: {brewery_name})]", 0.0), operator: *, right: (1.0, 1.0), result: 0.0})
now error: 0.0
newest best op: Uniop(df,'brewery_name','Stevens Point Brewery',(['brewery_id'], {('131',)}),{left: ("[FunctionalDependency:(s: {brewery_id}, t: {brewery_name})]", 0.0), operator: *, right: (1.0, 1.0), result: 0.0})
now error: 0.0
Block processing time: 0.065474 seconds
Computing Block 510 out of 796
Processing Block size=8
begin cleaner{left: ("[FunctionalDependency:(s: {brewery_id}, t: {brewery_name})]", 0.0), operator: *, right: (1.0, 1.0), result: 0.0}
列 'p' 不存在，对列 brewery_name 不过滤，直接选择所有非无效值。
Block processing time: 0.005823 seconds
Computing Block 511 out of 796
Processing Block size=3
begin cleaner{left: ("[FunctionalDependency:(s: {brewery_id}, t: {brewery_name})]", 0.0), operator: *, right: (1.0, 1.0), result: 0.0}
列 'p' 不存在，对列 brewery_name 不过滤，直接选择所有非无效值。
Block processing time: 0.002243 seconds
Computing Block 514 out of 796
Processing Block size=7
begin cleaner{left: ("[FunctionalDependency:(s: {brewery_id}, t: {brewery_name})]", 0.0), operator: *, right: (1.0, 1.0), result: 0.0}
列 'p' 不存在，对列 brewery_name 不过滤，直接选择所有非无效值。
Block processing time: 0.005032 seconds
Computing Block 515 out of 796
Processing Block size=2
begin cleaner{left: ("[FunctionalDependency:(s: {brewery_id}, t: {brewery_name})]", 0.0), operator: *, right: (1.0, 1.0), result: 0.0}
列 'p' 不存在，对列 brewery_name 不过滤，直接选择所有非无效值。
clean_bool length:3
newest best op: Uniop(df,'brewery_name','Boulder Beer Company',(['brewery_id'], {('417',)}),{left: ("[FunctionalDependency:(s: {brewery_id}, t: {brewery_name})]", 0.0), operator: *, right: (1.0, 1.0), result: 0.0})
now error: 0.0
Block processing time: 0.005276 seconds
Computing Block 516 out of 796
Processing Block size=4
begin cleaner{left: ("[FunctionalDependency:(s: {brewery_id}, t: {brewery_name})]", 0.0), operator: *, right: (1.0, 1.0), result: 0.0}
列 'p' 不存在，对列 brewery_name 不过滤，直接选择所有非无效值。
clean_bool length:3
newest best op: Uniop(df,'brewery_name','Beer Works Bre$w$ery',(['brewery_id'], {('103',)}),{left: ("[FunctionalDependency:(s: {brewery_id}, t: {brewery_name})]", 0.0), operator: *, right: (1.0, 1.0), result: 0.0})
now error: 0.0
newest best op: Uniop(df,'brewery_name','Beer Works Brewery',(['brewery_id'], {('103',)}),{left: ("[FunctionalDependency:(s: {brewery_id}, t: {brewery_name})]", 0.0), operator: *, right: (1.0, 1.0), result: 0.0})
now error: 0.0
Block processing time: 0.009554 seconds
Computing Block 517 out of 796
Processing Block size=3
begin cleaner{left: ("[FunctionalDependency:(s: {brewery_id}, t: {brewery_name})]", 0.0), operator: *, right: (1.0, 1.0), result: 0.0}
列 'p' 不存在，对列 brewery_name 不过滤，直接选择所有非无效值。
Block processing time: 0.002181 seconds
Computing Block 518 out of 796
Processing Block size=2
begin cleaner{left: ("[FunctionalDependency:(s: {brewery_id}, t: {brewery_name})]", 0.0), operator: *, right: (1.0, 1.0), result: 0.0}
列 'p' 不存在，对列 brewery_name 不过滤，直接选择所有非无效值。
Block processing time: 0.001487 seconds
Computing Block 519 out of 796
Processing Block size=5
begin cleaner{left: ("[FunctionalDependency:(s: {brewery_id}, t: {brewery_name})]", 0.0), operator: *, right: (1.0, 1.0), result: 0.0}
列 'p' 不存在，对列 brewery_name 不过滤，直接选择所有非无效值。
clean_bool length:3
newest best op: Uniop(df,'brewery_name','Bohemian $Bre@@wery',(['brewery_id'], {('364',)}),{left: ("[FunctionalDependency:(s: {brewery_id}, t: {brewery_name})]", 0.0), operator: *, right: (1.0, 1.0), result: 0.0})
now error: 0.0
newest best op: Uniop(df,'brewery_name','Bohemian Brewery',(['brewery_id'], {('364',)}),{left: ("[FunctionalDependency:(s: {brewery_id}, t: {brewery_name})]", 0.0), operator: *, right: (1.0, 1.0), result: 0.0})
now error: 0.0
Block processing time: 0.011459 seconds
Computing Block 520 out of 796
Processing Block size=28
begin cleaner{left: ("[FunctionalDependency:(s: {brewery_id}, t: {brewery_name})]", 0.0), operator: *, right: (1.0, 1.0), result: 0.0}
列 'p' 不存在，对列 brewery_name 不过滤，直接选择所有非无效值。
Block processing time: 0.019555 seconds
Computing Block 521 out of 796
Processing Block size=3
begin cleaner{left: ("[FunctionalDependency:(s: {brewery_id}, t: {brewery_name})]", 0.0), operator: *, right: (1.0, 1.0), result: 0.0}
列 'p' 不存在，对列 brewery_name 不过滤，直接选择所有非无效值。
clean_bool length:3
newest best op: Uniop(df,'brewery_name','Steamworks Brewing Company',(['brewery_id'], {('119',)}),{left: ("[FunctionalDependency:(s: {brewery_id}, t: {brewery_name})]", 0.0), operator: *, right: (1.0, 1.0), result: 0.0})
now error: 0.0
Block processing time: 0.007503 seconds
Computing Block 524 out of 796
Processing Block size=2
begin cleaner{left: ("[FunctionalDependency:(s: {brewery_id}, t: {brewery_name})]", 0.0), operator: *, right: (1.0, 1.0), result: 0.0}
列 'p' 不存在，对列 brewery_name 不过滤，直接选择所有非无效值。
Block processing time: 0.001569 seconds
Computing Block 526 out of 796
Processing Block size=5
begin cleaner{left: ("[FunctionalDependency:(s: {brewery_id}, t: {brewery_name})]", 0.0), operator: *, right: (1.0, 1.0), result: 0.0}
列 'p' 不存在，对列 brewery_name 不过滤，直接选择所有非无效值。
clean_bool length:3
newest best op: Uniop(df,'brewery_name','James Page Brewing Company',(['brewery_id'], {('32',)}),{left: ("[FunctionalDependency:(s: {brewery_id}, t: {brewery_name})]", 0.0), operator: *, right: (1.0, 1.0), result: 0.0})
now error: 0.0
Block processing time: 0.011858 seconds
Computing Block 527 out of 796
Processing Block size=4
begin cleaner{left: ("[FunctionalDependency:(s: {brewery_id}, t: {brewery_name})]", 0.0), operator: *, right: (1.0, 1.0), result: 0.0}
列 'p' 不存在，对列 brewery_name 不过滤，直接选择所有非无效值。
clean_bool length:4
newest best op: Uniop(df,'brewery_name','Grand Canyon Brewing Company',(['brewery_id'], {('536',)}),{left: ("[FunctionalDependency:(s: {brewery_id}, t: {brewery_name})]", 0.0), operator: *, right: (1.0, 1.0), result: 0.0})
now error: 0.0
Block processing time: 0.014185 seconds
Computing Block 530 out of 796
Processing Block size=3
begin cleaner{left: ("[FunctionalDependency:(s: {brewery_id}, t: {brewery_name})]", 0.0), operator: *, right: (1.0, 1.0), result: 0.0}
列 'p' 不存在，对列 brewery_name 不过滤，直接选择所有非无效值。
Block processing time: 0.002284 seconds
Computing Block 532 out of 796
Processing Block size=2
begin cleaner{left: ("[FunctionalDependency:(s: {brewery_id}, t: {brewery_name})]", 0.0), operator: *, right: (1.0, 1.0), result: 0.0}
列 'p' 不存在，对列 brewery_name 不过滤，直接选择所有非无效值。
Block processing time: 0.001515 seconds
Computing Block 533 out of 796
Processing Block size=4
begin cleaner{left: ("[FunctionalDependency:(s: {brewery_id}, t: {brewery_name})]", 0.0), operator: *, right: (1.0, 1.0), result: 0.0}
列 'p' 不存在，对列 brewery_name 不过滤，直接选择所有非无效值。
Block processing time: 0.002945 seconds
Computing Block 534 out of 796
Processing Block size=4
begin cleaner{left: ("[FunctionalDependency:(s: {brewery_id}, t: {brewery_name})]", 0.0), operator: *, right: (1.0, 1.0), result: 0.0}
列 'p' 不存在，对列 brewery_name 不过滤，直接选择所有非无效值。
Block processing time: 0.002907 seconds
Computing Block 535 out of 796
Processing Block size=3
begin cleaner{left: ("[FunctionalDependency:(s: {brewery_id}, t: {brewery_name})]", 0.0), operator: *, right: (1.0, 1.0), result: 0.0}
列 'p' 不存在，对列 brewery_name 不过滤，直接选择所有非无效值。
clean_bool length:3
newest best op: Uniop(df,'brewery_name','MillKing?? It Productions',(['brewery_id'], {('440',)}),{left: ("[FunctionalDependency:(s: {brewery_id}, t: {brewery_name})]", 0.0), operator: *, right: (1.0, 1.0), result: 0.0})
now error: 0.0
newest best op: Uniop(df,'brewery_name','MillKing It Productions',(['brewery_id'], {('440',)}),{left: ("[FunctionalDependency:(s: {brewery_id}, t: {brewery_name})]", 0.0), operator: *, right: (1.0, 1.0), result: 0.0})
now error: 0.0
Block processing time: 0.007494 seconds
Computing Block 536 out of 796
Processing Block size=4
begin cleaner{left: ("[FunctionalDependency:(s: {brewery_id}, t: {brewery_name})]", 0.0), operator: *, right: (1.0, 1.0), result: 0.0}
列 'p' 不存在，对列 brewery_name 不过滤，直接选择所有非无效值。
Block processing time: 0.002911 seconds
Computing Block 537 out of 796
Processing Block size=2
begin cleaner{left: ("[FunctionalDependency:(s: {brewery_id}, t: {brewery_name})]", 0.0), operator: *, right: (1.0, 1.0), result: 0.0}
列 'p' 不存在，对列 brewery_name 不过滤，直接选择所有非无效值。
Block processing time: 0.001525 seconds
Computing Block 538 out of 796
Processing Block size=2
begin cleaner{left: ("[FunctionalDependency:(s: {brewery_id}, t: {brewery_name})]", 0.0), operator: *, right: (1.0, 1.0), result: 0.0}
列 'p' 不存在，对列 brewery_name 不过滤，直接选择所有非无效值。
Block processing time: 0.001506 seconds
Computing Block 539 out of 796
Processing Block size=2
begin cleaner{left: ("[FunctionalDependency:(s: {brewery_id}, t: {brewery_name})]", 0.0), operator: *, right: (1.0, 1.0), result: 0.0}
列 'p' 不存在，对列 brewery_name 不过滤，直接选择所有非无效值。
Block processing time: 0.001549 seconds
Computing Block 544 out of 796
Processing Block size=3
begin cleaner{left: ("[FunctionalDependency:(s: {brewery_id}, t: {brewery_name})]", 0.0), operator: *, right: (1.0, 1.0), result: 0.0}
列 'p' 不存在，对列 brewery_name 不过滤，直接选择所有非无效值。
Block processing time: 0.002186 seconds
Computing Block 546 out of 796
Processing Block size=2
begin cleaner{left: ("[FunctionalDependency:(s: {brewery_id}, t: {brewery_name})]", 0.0), operator: *, right: (1.0, 1.0), result: 0.0}
列 'p' 不存在，对列 brewery_name 不过滤，直接选择所有非无效值。
Block processing time: 0.001541 seconds
Computing Block 549 out of 796
Processing Block size=3
begin cleaner{left: ("[FunctionalDependency:(s: {brewery_id}, t: {brewery_name})]", 0.0), operator: *, right: (1.0, 1.0), result: 0.0}
列 'p' 不存在，对列 brewery_name 不过滤，直接选择所有非无效值。
Block processing time: 0.002222 seconds
Computing Block 554 out of 796
Processing Block size=4
begin cleaner{left: ("[FunctionalDependency:(s: {brewery_id}, t: {brewery_name})]", 0.0), operator: *, right: (1.0, 1.0), result: 0.0}
列 'p' 不存在，对列 brewery_name 不过滤，直接选择所有非无效值。
clean_bool length:4
newest best op: Uniop(df,'brewery_name','Wisconsin Brewing Company$',(['brewery_id'], {('211',)}),{left: ("[FunctionalDependency:(s: {brewery_id}, t: {brewery_name})]", 0.0), operator: *, right: (1.0, 1.0), result: 0.0})
now error: 0.0
newest best op: Uniop(df,'brewery_name','Wisconsin Brewing Company',(['brewery_id'], {('211',)}),{left: ("[FunctionalDependency:(s: {brewery_id}, t: {brewery_name})]", 0.0), operator: *, right: (1.0, 1.0), result: 0.0})
now error: 0.0
Block processing time: 0.01326 seconds
Computing Block 555 out of 796
Processing Block size=2
begin cleaner{left: ("[FunctionalDependency:(s: {brewery_id}, t: {brewery_name})]", 0.0), operator: *, right: (1.0, 1.0), result: 0.0}
列 'p' 不存在，对列 brewery_name 不过滤，直接选择所有非无效值。
Block processing time: 0.001506 seconds
Computing Block 556 out of 796
Processing Block size=8
begin cleaner{left: ("[FunctionalDependency:(s: {brewery_id}, t: {brewery_name})]", 0.0), operator: *, right: (1.0, 1.0), result: 0.0}
列 'p' 不存在，对列 brewery_name 不过滤，直接选择所有非无效值。
clean_bool length:3
newest best op: Uniop(df,'brewery_name','Two Beers Brewing Co??mpany',(['brewery_id'], {('190',)}),{left: ("[FunctionalDependency:(s: {brewery_id}, t: {brewery_name})]", 0.0), operator: *, right: (1.0, 1.0), result: 0.0})
now error: 0.0
newest best op: Uniop(df,'brewery_name','Two Beers Brewing Company',(['brewery_id'], {('190',)}),{left: ("[FunctionalDependency:(s: {brewery_id}, t: {brewery_name})]", 0.0), operator: *, right: (1.0, 1.0), result: 0.0})
now error: 0.0
Block processing time: 0.018451 seconds
Computing Block 557 out of 796
Processing Block size=4
begin cleaner{left: ("[FunctionalDependency:(s: {brewery_id}, t: {brewery_name})]", 0.0), operator: *, right: (1.0, 1.0), result: 0.0}
列 'p' 不存在，对列 brewery_name 不过滤，直接选择所有非无效值。
clean_bool length:3
newest best op: Uniop(df,'brewery_name','Fiddlehead Brewing Company',(['brewery_id'], {('172',)}),{left: ("[FunctionalDependency:(s: {brewery_id}, t: {brewery_name})]", 0.0), operator: *, right: (1.0, 1.0), result: 0.0})
now error: 0.0
Block processing time: 0.009722 seconds
Computing Block 559 out of 796
Processing Block size=5
begin cleaner{left: ("[FunctionalDependency:(s: {brewery_id}, t: {brewery_name})]", 0.0), operator: *, right: (1.0, 1.0), result: 0.0}
列 'p' 不存在，对列 brewery_name 不过滤，直接选择所有非无效值。
clean_bool length:3
newest best op: Uniop(df,'brewery_name','Base Camp Brewing Co.',(['brewery_id'], {('116',)}),{left: ("[FunctionalDependency:(s: {brewery_id}, t: {brewery_name})]", 0.0), operator: *, right: (1.0, 1.0), result: 0.0})
now error: 0.0
Block processing time: 0.011647 seconds
Computing Block 561 out of 796
Processing Block size=3
begin cleaner{left: ("[FunctionalDependency:(s: {brewery_id}, t: {brewery_name})]", 0.0), operator: *, right: (1.0, 1.0), result: 0.0}
列 'p' 不存在，对列 brewery_name 不过滤，直接选择所有非无效值。
Block processing time: 0.002267 seconds
Computing Block 563 out of 796
Processing Block size=6
begin cleaner{left: ("[FunctionalDependency:(s: {brewery_id}, t: {brewery_name})]", 0.0), operator: *, right: (1.0, 1.0), result: 0.0}
列 'p' 不存在，对列 brewery_name 不过滤，直接选择所有非无效值。
clean_bool length:4
newest best op: Uniop(df,'brewery_name','Fremont Brewing Company',(['brewery_id'], {('460',)}),{left: ("[FunctionalDependency:(s: {brewery_id}, t: {brewery_name})]", 0.0), operator: *, right: (1.0, 1.0), result: 0.0})
now error: 0.0
Block processing time: 0.019225 seconds
Computing Block 564 out of 796
Processing Block size=2
begin cleaner{left: ("[FunctionalDependency:(s: {brewery_id}, t: {brewery_name})]", 0.0), operator: *, right: (1.0, 1.0), result: 0.0}
列 'p' 不存在，对列 brewery_name 不过滤，直接选择所有非无效值。
clean_bool length:3
newest best op: Uniop(df,'brewery_name','Armadillo Ale Works',(['brewery_id'], {('426',)}),{left: ("[FunctionalDependency:(s: {brewery_id}, t: {brewery_name})]", 0.0), operator: *, right: (1.0, 1.0), result: 0.0})
now error: 0.0
Block processing time: 0.00522 seconds
Computing Block 565 out of 796
Processing Block size=7
begin cleaner{left: ("[FunctionalDependency:(s: {brewery_id}, t: {brewery_name})]", 0.0), operator: *, right: (1.0, 1.0), result: 0.0}
列 'p' 不存在，对列 brewery_name 不过滤，直接选择所有非无效值。
clean_bool length:4
newest best op: Uniop(df,'brewery_name','Rhinegeist Brewery',(['brewery_id'], {('93',)}),{left: ("[FunctionalDependency:(s: {brewery_id}, t: {brewery_name})]", 0.0), operator: *, right: (1.0, 1.0), result: 0.0})
now error: 0.0
Block processing time: 0.02147 seconds
Computing Block 566 out of 796
Processing Block size=2
begin cleaner{left: ("[FunctionalDependency:(s: {brewery_id}, t: {brewery_name})]", 0.0), operator: *, right: (1.0, 1.0), result: 0.0}
列 'p' 不存在，对列 brewery_name 不过滤，直接选择所有非无效值。
clean_bool length:3
newest best op: Uniop(df,'brewery_name','Greenbrier Valley Brewing Company',(['brewery_id'], {('156',)}),{left: ("[FunctionalDependency:(s: {brewery_id}, t: {brewery_name})]", 0.0), operator: *, right: (1.0, 1.0), result: 0.0})
now error: 0.0
Block processing time: 0.005476 seconds
Computing Block 567 out of 796
Processing Block size=2
begin cleaner{left: ("[FunctionalDependency:(s: {brewery_id}, t: {brewery_name})]", 0.0), operator: *, right: (1.0, 1.0), result: 0.0}
列 'p' 不存在，对列 brewery_name 不过滤，直接选择所有非无效值。
Block processing time: 0.001563 seconds
Computing Block 569 out of 796
Processing Block size=3
begin cleaner{left: ("[FunctionalDependency:(s: {brewery_id}, t: {brewery_name})]", 0.0), operator: *, right: (1.0, 1.0), result: 0.0}
列 'p' 不存在，对列 brewery_name 不过滤，直接选择所有非无效值。
clean_bool length:3
newest best op: Uniop(df,'brewery_name','RoughTail Brewing Company',(['brewery_id'], {('376',)}),{left: ("[FunctionalDependency:(s: {brewery_id}, t: {brewery_name})]", 0.0), operator: *, right: (1.0, 1.0), result: 0.0})
now error: 0.0
Block processing time: 0.00752 seconds
Computing Block 570 out of 796
Processing Block size=8
begin cleaner{left: ("[FunctionalDependency:(s: {brewery_id}, t: {brewery_name})]", 0.0), operator: *, right: (1.0, 1.0), result: 0.0}
列 'p' 不存在，对列 brewery_name 不过滤，直接选择所有非无效值。
Block processing time: 0.005681 seconds
Computing Block 571 out of 796
Processing Block size=2
begin cleaner{left: ("[FunctionalDependency:(s: {brewery_id}, t: {brewery_name})]", 0.0), operator: *, right: (1.0, 1.0), result: 0.0}
列 'p' 不存在，对列 brewery_name 不过滤，直接选择所有非无效值。
clean_bool length:3
newest best op: Uniop(df,'brewery_name','Triangle Brewing Comp????any',(['brewery_id'], {('524',)}),{left: ("[FunctionalDependency:(s: {brewery_id}, t: {brewery_name})]", 0.0), operator: *, right: (1.0, 1.0), result: 0.0})
now error: 0.0
Block processing time: 0.005335 seconds
Computing Block 573 out of 796
Processing Block size=11
begin cleaner{left: ("[FunctionalDependency:(s: {brewery_id}, t: {brewery_name})]", 0.0), operator: *, right: (1.0, 1.0), result: 0.0}
列 'p' 不存在，对列 brewery_name 不过滤，直接选择所有非无效值。
clean_bool length:4
newest best op: Uniop(df,'brewery_name','Ska Brewing%$ Company',(['brewery_id'], {('264',)}),{left: ("[FunctionalDependency:(s: {brewery_id}, t: {brewery_name})]", 0.0), operator: *, right: (1.0, 1.0), result: 0.0})
now error: 0.0
newest best op: Uniop(df,'brewery_name','Ska Brewing %Company',(['brewery_id'], {('264',)}),{left: ("[FunctionalDependency:(s: {brewery_id}, t: {brewery_name})]", 0.0), operator: *, right: (1.0, 1.0), result: 0.0})
now error: 0.0
newest best op: Uniop(df,'brewery_name','Ska Brewing Company',(['brewery_id'], {('264',)}),{left: ("[FunctionalDependency:(s: {brewery_id}, t: {brewery_name})]", 0.0), operator: *, right: (1.0, 1.0), result: 0.0})
now error: 0.0
Block processing time: 0.033019 seconds
Computing Block 575 out of 796
Processing Block size=4
begin cleaner{left: ("[FunctionalDependency:(s: {brewery_id}, t: {brewery_name})]", 0.0), operator: *, right: (1.0, 1.0), result: 0.0}
列 'p' 不存在，对列 brewery_name 不过滤，直接选择所有非无效值。
clean_bool length:3
newest best op: Uniop(df,'brewery_name','Latitude 42 Brewing Co#mpany',(['brewery_id'], {('59',)}),{left: ("[FunctionalDependency:(s: {brewery_id}, t: {brewery_name})]", 0.0), operator: *, right: (1.0, 1.0), result: 0.0})
now error: 0.0
newest best op: Uniop(df,'brewery_name','Latitude 42 Brewing Company',(['brewery_id'], {('59',)}),{left: ("[FunctionalDependency:(s: {brewery_id}, t: {brewery_name})]", 0.0), operator: *, right: (1.0, 1.0), result: 0.0})
now error: 0.0
Block processing time: 0.009756 seconds
Computing Block 576 out of 796
Processing Block size=4
begin cleaner{left: ("[FunctionalDependency:(s: {brewery_id}, t: {brewery_name})]", 0.0), operator: *, right: (1.0, 1.0), result: 0.0}
列 'p' 不存在，对列 brewery_name 不过滤，直接选择所有非无效值。
Block processing time: 0.002892 seconds
Computing Block 577 out of 796
Processing Block size=4
begin cleaner{left: ("[FunctionalDependency:(s: {brewery_id}, t: {brewery_name})]", 0.0), operator: *, right: (1.0, 1.0), result: 0.0}
列 'p' 不存在，对列 brewery_name 不过滤，直接选择所有非无效值。
clean_bool length:3
newest best op: Uniop(df,'brewery_name','Shipyard Brewing Company',(['brewery_id'], {('385',)}),{left: ("[FunctionalDependency:(s: {brewery_id}, t: {brewery_name})]", 0.0), operator: *, right: (1.0, 1.0), result: 0.0})
now error: 0.0
Block processing time: 0.009612 seconds
Computing Block 578 out of 796
Processing Block size=4
begin cleaner{left: ("[FunctionalDependency:(s: {brewery_id}, t: {brewery_name})]", 0.0), operator: *, right: (1.0, 1.0), result: 0.0}
列 'p' 不存在，对列 brewery_name 不过滤，直接选择所有非无效值。
Block processing time: 0.002862 seconds
Computing Block 579 out of 796
Processing Block size=2
begin cleaner{left: ("[FunctionalDependency:(s: {brewery_id}, t: {brewery_name})]", 0.0), operator: *, right: (1.0, 1.0), result: 0.0}
列 'p' 不存在，对列 brewery_name 不过滤，直接选择所有非无效值。
Block processing time: 0.001487 seconds
Computing Block 582 out of 796
Processing Block size=11
begin cleaner{left: ("[FunctionalDependency:(s: {brewery_id}, t: {brewery_name})]", 0.0), operator: *, right: (1.0, 1.0), result: 0.0}
列 'p' 不存在，对列 brewery_name 不过滤，直接选择所有非无效值。
clean_bool length:6
newest best op: Uniop(df,'brewery_name','Big Sky $Brewing Company',(['brewery_id'], {('336',)}),{left: ("[FunctionalDependency:(s: {brewery_id}, t: {brewery_name})]", 0.0), operator: *, right: (1.0, 1.0), result: 0.0})
now error: 0.0
newest best op: Uniop(df,'brewery_name','Big Sky Brewing Company',(['brewery_id'], {('336',)}),{left: ("[FunctionalDependency:(s: {brewery_id}, t: {brewery_name})]", 0.0), operator: *, right: (1.0, 1.0), result: 0.0})
now error: 0.0
Block processing time: 0.052466 seconds
Computing Block 584 out of 796
Processing Block size=5
begin cleaner{left: ("[FunctionalDependency:(s: {brewery_id}, t: {brewery_name})]", 0.0), operator: *, right: (1.0, 1.0), result: 0.0}
列 'p' 不存在，对列 brewery_name 不过滤，直接选择所有非无效值。
Block processing time: 0.003595 seconds
Computing Block 585 out of 796
Processing Block size=3
begin cleaner{left: ("[FunctionalDependency:(s: {brewery_id}, t: {brewery_name})]", 0.0), operator: *, right: (1.0, 1.0), result: 0.0}
列 'p' 不存在，对列 brewery_name 不过滤，直接选择所有非无效值。
Block processing time: 0.00221 seconds
Computing Block 587 out of 796
Processing Block size=3
begin cleaner{left: ("[FunctionalDependency:(s: {brewery_id}, t: {brewery_name})]", 0.0), operator: *, right: (1.0, 1.0), result: 0.0}
列 'p' 不存在，对列 brewery_name 不过滤，直接选择所有非无效值。
clean_bool length:3
newest best op: Uniop(df,'brewery_name','Jack's Abby Craft Lag??ers',(['brewery_id'], {('2',)}),{left: ("[FunctionalDependency:(s: {brewery_id}, t: {brewery_name})]", 0.0), operator: *, right: (1.0, 1.0), result: 0.0})
now error: 0.0
newest best op: Uniop(df,'brewery_name','Jack's Abby Craft Lagers',(['brewery_id'], {('2',)}),{left: ("[FunctionalDependency:(s: {brewery_id}, t: {brewery_name})]", 0.0), operator: *, right: (1.0, 1.0), result: 0.0})
now error: 0.0
Block processing time: 0.007482 seconds
Computing Block 589 out of 796
Processing Block size=4
begin cleaner{left: ("[FunctionalDependency:(s: {brewery_id}, t: {brewery_name})]", 0.0), operator: *, right: (1.0, 1.0), result: 0.0}
列 'p' 不存在，对列 brewery_name 不过滤，直接选择所有非无效值。
Block processing time: 0.002895 seconds
Computing Block 591 out of 796
Processing Block size=22
begin cleaner{left: ("[FunctionalDependency:(s: {brewery_id}, t: {brewery_name})]", 0.0), operator: *, right: (1.0, 1.0), result: 0.0}
列 'p' 不存在，对列 brewery_name 不过滤，直接选择所有非无效值。
clean_bool length:4
newest best op: Uniop(df,'brewery_name','Hopworks Urban Brewery',(['brewery_id'], {('80',)}),{left: ("[FunctionalDependency:(s: {brewery_id}, t: {brewery_name})]", 0.0), operator: *, right: (1.0, 1.0), result: 0.0})
now error: 0.0
Block processing time: 0.06575 seconds
Computing Block 592 out of 796
Processing Block size=3
begin cleaner{left: ("[FunctionalDependency:(s: {brewery_id}, t: {brewery_name})]", 0.0), operator: *, right: (1.0, 1.0), result: 0.0}
列 'p' 不存在，对列 brewery_name 不过滤，直接选择所有非无效值。
Block processing time: 0.00221 seconds
Computing Block 593 out of 796
Processing Block size=5
begin cleaner{left: ("[FunctionalDependency:(s: {brewery_id}, t: {brewery_name})]", 0.0), operator: *, right: (1.0, 1.0), result: 0.0}
列 'p' 不存在，对列 brewery_name 不过滤，直接选择所有非无效值。
clean_bool length:3
newest best op: Uniop(df,'brewery_name','Hawai'i Nui Brewing Co.',(['brewery_id'], {('204',)}),{left: ("[FunctionalDependency:(s: {brewery_id}, t: {brewery_name})]", 0.0), operator: *, right: (1.0, 1.0), result: 0.0})
now error: 0.0
Block processing time: 0.011724 seconds
Computing Block 594 out of 796
Processing Block size=6
begin cleaner{left: ("[FunctionalDependency:(s: {brewery_id}, t: {brewery_name})]", 0.0), operator: *, right: (1.0, 1.0), result: 0.0}
列 'p' 不存在，对列 brewery_name 不过滤，直接选择所有非无效值。
Block processing time: 0.004279 seconds
Computing Block 595 out of 796
Processing Block size=2
begin cleaner{left: ("[FunctionalDependency:(s: {brewery_id}, t: {brewery_name})]", 0.0), operator: *, right: (1.0, 1.0), result: 0.0}
列 'p' 不存在，对列 brewery_name 不过滤，直接选择所有非无效值。
Block processing time: 0.001498 seconds
Computing Block 596 out of 796
Processing Block size=2
begin cleaner{left: ("[FunctionalDependency:(s: {brewery_id}, t: {brewery_name})]", 0.0), operator: *, right: (1.0, 1.0), result: 0.0}
列 'p' 不存在，对列 brewery_name 不过滤，直接选择所有非无效值。
Block processing time: 0.001484 seconds
Computing Block 597 out of 796
Processing Block size=3
begin cleaner{left: ("[FunctionalDependency:(s: {brewery_id}, t: {brewery_name})]", 0.0), operator: *, right: (1.0, 1.0), result: 0.0}
列 'p' 不存在，对列 brewery_name 不过滤，直接选择所有非无效值。
clean_bool length:3
newest best op: Uniop(df,'brewery_name','Kona Brew#ing C#ompany',(['brewery_id'], {('439',)}),{left: ("[FunctionalDependency:(s: {brewery_id}, t: {brewery_name})]", 0.0), operator: *, right: (1.0, 1.0), result: 0.0})
now error: 0.0
newest best op: Uniop(df,'brewery_name','Kona Brewing Company',(['brewery_id'], {('439',)}),{left: ("[FunctionalDependency:(s: {brewery_id}, t: {brewery_name})]", 0.0), operator: *, right: (1.0, 1.0), result: 0.0})
now error: 0.0
Block processing time: 0.007456 seconds
Computing Block 600 out of 796
Processing Block size=3
begin cleaner{left: ("[FunctionalDependency:(s: {brewery_id}, t: {brewery_name})]", 0.0), operator: *, right: (1.0, 1.0), result: 0.0}
列 'p' 不存在，对列 brewery_name 不过滤，直接选择所有非无效值。
Block processing time: 0.00242 seconds
Computing Block 601 out of 796
Processing Block size=32
begin cleaner{left: ("[FunctionalDependency:(s: {brewery_id}, t: {brewery_name})]", 0.0), operator: *, right: (1.0, 1.0), result: 0.0}
列 'p' 不存在，对列 brewery_name 不过滤，直接选择所有非无效值。
clean_bool length:5
newest best op: Uniop(df,'brewery_name','Sun King Brewi@@ng Company',(['brewery_id'], {('25',)}),{left: ("[FunctionalDependency:(s: {brewery_id}, t: {brewery_name})]", 0.0), operator: *, right: (1.0, 1.0), result: 0.0})
now error: 0.0
newest best op: Uniop(df,'brewery_name','Sun King Brewing Company',(['brewery_id'], {('25',)}),{left: ("[FunctionalDependency:(s: {brewery_id}, t: {brewery_name})]", 0.0), operator: *, right: (1.0, 1.0), result: 0.0})
now error: 0.0
Block processing time: 0.124945 seconds
Computing Block 605 out of 796
Processing Block size=10
begin cleaner{left: ("[FunctionalDependency:(s: {brewery_id}, t: {brewery_name})]", 0.0), operator: *, right: (1.0, 1.0), result: 0.0}
列 'p' 不存在，对列 brewery_name 不过滤，直接选择所有非无效值。
clean_bool length:3
newest best op: Uniop(df,'brewery_name','Capital Brewery',(['brewery_id'], {('192',)}),{left: ("[FunctionalDependency:(s: {brewery_id}, t: {brewery_name})]", 0.0), operator: *, right: (1.0, 1.0), result: 0.0})
now error: 0.0
Block processing time: 0.022069 seconds
Computing Block 606 out of 796
Processing Block size=3
begin cleaner{left: ("[FunctionalDependency:(s: {brewery_id}, t: {brewery_name})]", 0.0), operator: *, right: (1.0, 1.0), result: 0.0}
列 'p' 不存在，对列 brewery_name 不过滤，直接选择所有非无效值。
Block processing time: 0.002246 seconds
Computing Block 607 out of 796
Processing Block size=5
begin cleaner{left: ("[FunctionalDependency:(s: {brewery_id}, t: {brewery_name})]", 0.0), operator: *, right: (1.0, 1.0), result: 0.0}
列 'p' 不存在，对列 brewery_name 不过滤，直接选择所有非无效值。
Block processing time: 0.003596 seconds
Computing Block 609 out of 796
Processing Block size=2
begin cleaner{left: ("[FunctionalDependency:(s: {brewery_id}, t: {brewery_name})]", 0.0), operator: *, right: (1.0, 1.0), result: 0.0}
列 'p' 不存在，对列 brewery_name 不过滤，直接选择所有非无效值。
Block processing time: 0.001499 seconds
Computing Block 613 out of 796
Processing Block size=3
begin cleaner{left: ("[FunctionalDependency:(s: {brewery_id}, t: {brewery_name})]", 0.0), operator: *, right: (1.0, 1.0), result: 0.0}
列 'p' 不存在，对列 brewery_name 不过滤，直接选择所有非无效值。
Block processing time: 0.002286 seconds
Computing Block 616 out of 796
Processing Block size=3
begin cleaner{left: ("[FunctionalDependency:(s: {brewery_id}, t: {brewery_name})]", 0.0), operator: *, right: (1.0, 1.0), result: 0.0}
列 'p' 不存在，对列 brewery_name 不过滤，直接选择所有非无效值。
Block processing time: 0.002249 seconds
Computing Block 617 out of 796
Processing Block size=2
begin cleaner{left: ("[FunctionalDependency:(s: {brewery_id}, t: {brewery_name})]", 0.0), operator: *, right: (1.0, 1.0), result: 0.0}
列 'p' 不存在，对列 brewery_name 不过滤，直接选择所有非无效值。
Block processing time: 0.001514 seconds
Computing Block 619 out of 796
Processing Block size=10
begin cleaner{left: ("[FunctionalDependency:(s: {brewery_id}, t: {brewery_name})]", 0.0), operator: *, right: (1.0, 1.0), result: 0.0}
列 'p' 不存在，对列 brewery_name 不过滤，直接选择所有非无效值。
clean_bool length:3
newest best op: Uniop(df,'brewery_name','Wil??d Onion Brewing Co%mpany',(['brewery_id'], {('361',)}),{left: ("[FunctionalDependency:(s: {brewery_id}, t: {brewery_name})]", 0.0), operator: *, right: (1.0, 1.0), result: 0.0})
now error: 0.0
newest best op: Uniop(df,'brewery_name','Wild Onion Brewing Company',(['brewery_id'], {('361',)}),{left: ("[FunctionalDependency:(s: {brewery_id}, t: {brewery_name})]", 0.0), operator: *, right: (1.0, 1.0), result: 0.0})
now error: 0.0
Block processing time: 0.0231 seconds
Computing Block 620 out of 796
Processing Block size=2
begin cleaner{left: ("[FunctionalDependency:(s: {brewery_id}, t: {brewery_name})]", 0.0), operator: *, right: (1.0, 1.0), result: 0.0}
列 'p' 不存在，对列 brewery_name 不过滤，直接选择所有非无效值。
Block processing time: 0.001512 seconds
Computing Block 628 out of 796
Processing Block size=4
begin cleaner{left: ("[FunctionalDependency:(s: {brewery_id}, t: {brewery_name})]", 0.0), operator: *, right: (1.0, 1.0), result: 0.0}
列 'p' 不存在，对列 brewery_name 不过滤，直接选择所有非无效值。
clean_bool length:3
newest best op: Uniop(df,'brewery_name','White Birch Brewing',(['brewery_id'], {('47',)}),{left: ("[FunctionalDependency:(s: {brewery_id}, t: {brewery_name})]", 0.0), operator: *, right: (1.0, 1.0), result: 0.0})
now error: 0.0
Block processing time: 0.009479 seconds
Computing Block 630 out of 796
Processing Block size=2
begin cleaner{left: ("[FunctionalDependency:(s: {brewery_id}, t: {brewery_name})]", 0.0), operator: *, right: (1.0, 1.0), result: 0.0}
列 'p' 不存在，对列 brewery_name 不过滤，直接选择所有非无效值。
Block processing time: 0.001511 seconds
Computing Block 632 out of 796
Processing Block size=2
begin cleaner{left: ("[FunctionalDependency:(s: {brewery_id}, t: {brewery_name})]", 0.0), operator: *, right: (1.0, 1.0), result: 0.0}
列 'p' 不存在，对列 brewery_name 不过滤，直接选择所有非无效值。
clean_bool length:3
newest best op: Uniop(df,'brewery_name','David's Ale Works',(['brewery_id'], {('333',)}),{left: ("[FunctionalDependency:(s: {brewery_id}, t: {brewery_name})]", 0.0), operator: *, right: (1.0, 1.0), result: 0.0})
now error: 0.0
Block processing time: 0.005231 seconds
Computing Block 633 out of 796
Processing Block size=5
begin cleaner{left: ("[FunctionalDependency:(s: {brewery_id}, t: {brewery_name})]", 0.0), operator: *, right: (1.0, 1.0), result: 0.0}
列 'p' 不存在，对列 brewery_name 不过滤，直接选择所有非无效值。
clean_bool length:3
newest best op: Uniop(df,'brewery_name','Orlison Brewing Company',(['brewery_id'], {('390',)}),{left: ("[FunctionalDependency:(s: {brewery_id}, t: {brewery_name})]", 0.0), operator: *, right: (1.0, 1.0), result: 0.0})
now error: 0.0
Block processing time: 0.011804 seconds
Computing Block 635 out of 796
Processing Block size=5
begin cleaner{left: ("[FunctionalDependency:(s: {brewery_id}, t: {brewery_name})]", 0.0), operator: *, right: (1.0, 1.0), result: 0.0}
列 'p' 不存在，对列 brewery_name 不过滤，直接选择所有非无效值。
Block processing time: 0.003619 seconds
Computing Block 644 out of 796
Processing Block size=6
begin cleaner{left: ("[FunctionalDependency:(s: {brewery_id}, t: {brewery_name})]", 0.0), operator: *, right: (1.0, 1.0), result: 0.0}
列 'p' 不存在，对列 brewery_name 不过滤，直接选择所有非无效值。
Block processing time: 0.004308 seconds
Computing Block 646 out of 796
Processing Block size=6
begin cleaner{left: ("[FunctionalDependency:(s: {brewery_id}, t: {brewery_name})]", 0.0), operator: *, right: (1.0, 1.0), result: 0.0}
列 'p' 不存在，对列 brewery_name 不过滤，直接选择所有非无效值。
clean_bool length:3
newest best op: Uniop(df,'brewery_name','Evil Czech Brewery',(['brewery_id'], {('26',)}),{left: ("[FunctionalDependency:(s: {brewery_id}, t: {brewery_name})]", 0.0), operator: *, right: (1.0, 1.0), result: 0.0})
now error: 0.0
Block processing time: 0.013757 seconds
Computing Block 647 out of 796
Processing Block size=2
begin cleaner{left: ("[FunctionalDependency:(s: {brewery_id}, t: {brewery_name})]", 0.0), operator: *, right: (1.0, 1.0), result: 0.0}
列 'p' 不存在，对列 brewery_name 不过滤，直接选择所有非无效值。
Block processing time: 0.001552 seconds
Computing Block 648 out of 796
Processing Block size=10
begin cleaner{left: ("[FunctionalDependency:(s: {brewery_id}, t: {brewery_name})]", 0.0), operator: *, right: (1.0, 1.0), result: 0.0}
列 'p' 不存在，对列 brewery_name 不过滤，直接选择所有非无效值。
Block processing time: 0.007048 seconds
Computing Block 649 out of 796
Processing Block size=12
begin cleaner{left: ("[FunctionalDependency:(s: {brewery_id}, t: {brewery_name})]", 0.0), operator: *, right: (1.0, 1.0), result: 0.0}
列 'p' 不存在，对列 brewery_name 不过滤，直接选择所有非无效值。
Block processing time: 0.008444 seconds
Computing Block 651 out of 796
Processing Block size=8
begin cleaner{left: ("[FunctionalDependency:(s: {brewery_id}, t: {brewery_name})]", 0.0), operator: *, right: (1.0, 1.0), result: 0.0}
列 'p' 不存在，对列 brewery_name 不过滤，直接选择所有非无效值。
clean_bool length:4
newest best op: Uniop(df,'brewery_name','Manayunk@@ Brew%ing Company',(['brewery_id'], {('356',)}),{left: ("[FunctionalDependency:(s: {brewery_id}, t: {brewery_name})]", 0.0), operator: *, right: (1.0, 1.0), result: 0.0})
now error: 0.0
newest best op: Uniop(df,'brewery_name','Manayunk Brewing Company',(['brewery_id'], {('356',)}),{left: ("[FunctionalDependency:(s: {brewery_id}, t: {brewery_name})]", 0.0), operator: *, right: (1.0, 1.0), result: 0.0})
now error: 0.0
Block processing time: 0.025306 seconds
Computing Block 652 out of 796
Processing Block size=6
begin cleaner{left: ("[FunctionalDependency:(s: {brewery_id}, t: {brewery_name})]", 0.0), operator: *, right: (1.0, 1.0), result: 0.0}
列 'p' 不存在，对列 brewery_name 不过滤，直接选择所有非无效值。
Block processing time: 0.004262 seconds
Computing Block 653 out of 796
Processing Block size=6
begin cleaner{left: ("[FunctionalDependency:(s: {brewery_id}, t: {brewery_name})]", 0.0), operator: *, right: (1.0, 1.0), result: 0.0}
列 'p' 不存在，对列 brewery_name 不过滤，直接选择所有非无效值。
clean_bool length:3
newest best op: Uniop(df,'brewery_name','Dolores River Brewery',(['brewery_id'], {('531',)}),{left: ("[FunctionalDependency:(s: {brewery_id}, t: {brewery_name})]", 0.0), operator: *, right: (1.0, 1.0), result: 0.0})
now error: 0.0
Block processing time: 0.013817 seconds
Computing Block 655 out of 796
Processing Block size=6
begin cleaner{left: ("[FunctionalDependency:(s: {brewery_id}, t: {brewery_name})]", 0.0), operator: *, right: (1.0, 1.0), result: 0.0}
列 'p' 不存在，对列 brewery_name 不过滤，直接选择所有非无效值。
clean_bool length:3
newest best op: Uniop(df,'brewery_name','Fearless Brewing Company',(['brewery_id'], {('201',)}),{left: ("[FunctionalDependency:(s: {brewery_id}, t: {brewery_name})]", 0.0), operator: *, right: (1.0, 1.0), result: 0.0})
now error: 0.0
Block processing time: 0.01382 seconds
Computing Block 657 out of 796
Processing Block size=4
begin cleaner{left: ("[FunctionalDependency:(s: {brewery_id}, t: {brewery_name})]", 0.0), operator: *, right: (1.0, 1.0), result: 0.0}
列 'p' 不存在，对列 brewery_name 不过滤，直接选择所有非无效值。
Block processing time: 0.002955 seconds
Computing Block 658 out of 796
Processing Block size=6
begin cleaner{left: ("[FunctionalDependency:(s: {brewery_id}, t: {brewery_name})]", 0.0), operator: *, right: (1.0, 1.0), result: 0.0}
列 'p' 不存在，对列 brewery_name 不过滤，直接选择所有非无效值。
Block processing time: 0.004289 seconds
Computing Block 659 out of 796
Processing Block size=3
begin cleaner{left: ("[FunctionalDependency:(s: {brewery_id}, t: {brewery_name})]", 0.0), operator: *, right: (1.0, 1.0), result: 0.0}
列 'p' 不存在，对列 brewery_name 不过滤，直接选择所有非无效值。
Block processing time: 0.002211 seconds
Computing Block 660 out of 796
Processing Block size=4
begin cleaner{left: ("[FunctionalDependency:(s: {brewery_id}, t: {brewery_name})]", 0.0), operator: *, right: (1.0, 1.0), result: 0.0}
列 'p' 不存在，对列 brewery_name 不过滤，直接选择所有非无效值。
Block processing time: 0.002901 seconds
Computing Block 661 out of 796
Processing Block size=5
begin cleaner{left: ("[FunctionalDependency:(s: {brewery_id}, t: {brewery_name})]", 0.0), operator: *, right: (1.0, 1.0), result: 0.0}
列 'p' 不存在，对列 brewery_name 不过滤，直接选择所有非无效值。
Block processing time: 0.003605 seconds
Computing Block 662 out of 796
Processing Block size=2
begin cleaner{left: ("[FunctionalDependency:(s: {brewery_id}, t: {brewery_name})]", 0.0), operator: *, right: (1.0, 1.0), result: 0.0}
列 'p' 不存在，对列 brewery_name 不过滤，直接选择所有非无效值。
Block processing time: 0.001513 seconds
Computing Block 663 out of 796
Processing Block size=18
begin cleaner{left: ("[FunctionalDependency:(s: {brewery_id}, t: {brewery_name})]", 0.0), operator: *, right: (1.0, 1.0), result: 0.0}
列 'p' 不存在，对列 brewery_name 不过滤，直接选择所有非无效值。
clean_bool length:3
newest best op: Uniop(df,'brewery_name','Great River Brew##ery',(['brewery_id'], {('365',)}),{left: ("[FunctionalDependency:(s: {brewery_id}, t: {brewery_name})]", 0.0), operator: *, right: (1.0, 1.0), result: 0.0})
now error: 0.0
newest best op: Uniop(df,'brewery_name','Great River Brewery',(['brewery_id'], {('365',)}),{left: ("[FunctionalDependency:(s: {brewery_id}, t: {brewery_name})]", 0.0), operator: *, right: (1.0, 1.0), result: 0.0})
now error: 0.0
Block processing time: 0.038713 seconds
Computing Block 668 out of 796
Processing Block size=5
begin cleaner{left: ("[FunctionalDependency:(s: {brewery_id}, t: {brewery_name})]", 0.0), operator: *, right: (1.0, 1.0), result: 0.0}
列 'p' 不存在，对列 brewery_name 不过滤，直接选择所有非无效值。
clean_bool length:3
newest best op: Uniop(df,'brewery_name','New Orlea%ns Lager & Ale Brewing ...',(['brewery_id'], {('174',)}),{left: ("[FunctionalDependency:(s: {brewery_id}, t: {brewery_name})]", 0.0), operator: *, right: (1.0, 1.0), result: 0.0})
now error: 0.0
newest best op: Uniop(df,'brewery_name','New Orleans Lager & Ale Brewing ...',(['brewery_id'], {('174',)}),{left: ("[FunctionalDependency:(s: {brewery_id}, t: {brewery_name})]", 0.0), operator: *, right: (1.0, 1.0), result: 0.0})
now error: 0.0
Block processing time: 0.012361 seconds
Computing Block 669 out of 796
Processing Block size=15
begin cleaner{left: ("[FunctionalDependency:(s: {brewery_id}, t: {brewery_name})]", 0.0), operator: *, right: (1.0, 1.0), result: 0.0}
列 'p' 不存在，对列 brewery_name 不过滤，直接选择所有非无效值。
clean_bool length:3
newest best op: Uniop(df,'brewery_name','Golden Road Brewing',(['brewery_id'], {('240',)}),{left: ("[FunctionalDependency:(s: {brewery_id}, t: {brewery_name})]", 0.0), operator: *, right: (1.0, 1.0), result: 0.0})
now error: 0.0
Block processing time: 0.033266 seconds
Computing Block 670 out of 796
Processing Block size=7
begin cleaner{left: ("[FunctionalDependency:(s: {brewery_id}, t: {brewery_name})]", 0.0), operator: *, right: (1.0, 1.0), result: 0.0}
列 'p' 不存在，对列 brewery_name 不过滤，直接选择所有非无效值。
clean_bool length:3
newest best op: Uniop(df,'brewery_name','Grey Sail Brewing of Rhode Island',(['brewery_id'], {('379',)}),{left: ("[FunctionalDependency:(s: {brewery_id}, t: {brewery_name})]", 0.0), operator: *, right: (1.0, 1.0), result: 0.0})
now error: 0.0
Block processing time: 0.01688 seconds
Computing Block 671 out of 796
Processing Block size=4
begin cleaner{left: ("[FunctionalDependency:(s: {brewery_id}, t: {brewery_name})]", 0.0), operator: *, right: (1.0, 1.0), result: 0.0}
列 'p' 不存在，对列 brewery_name 不过滤，直接选择所有非无效值。
Block processing time: 0.002913 seconds
Computing Block 674 out of 796
Processing Block size=4
begin cleaner{left: ("[FunctionalDependency:(s: {brewery_id}, t: {brewery_name})]", 0.0), operator: *, right: (1.0, 1.0), result: 0.0}
列 'p' 不存在，对列 brewery_name 不过滤，直接选择所有非无效值。
Block processing time: 0.002891 seconds
Computing Block 676 out of 796
Processing Block size=3
begin cleaner{left: ("[FunctionalDependency:(s: {brewery_id}, t: {brewery_name})]", 0.0), operator: *, right: (1.0, 1.0), result: 0.0}
列 'p' 不存在，对列 brewery_name 不过滤，直接选择所有非无效值。
clean_bool length:3
newest best op: Uniop(df,'brewery_name','KelSo Beer Company',(['brewery_id'], {('342',)}),{left: ("[FunctionalDependency:(s: {brewery_id}, t: {brewery_name})]", 0.0), operator: *, right: (1.0, 1.0), result: 0.0})
now error: 0.0
Block processing time: 0.007332 seconds
Computing Block 678 out of 796
Processing Block size=2
begin cleaner{left: ("[FunctionalDependency:(s: {brewery_id}, t: {brewery_name})]", 0.0), operator: *, right: (1.0, 1.0), result: 0.0}
列 'p' 不存在，对列 brewery_name 不过滤，直接选择所有非无效值。
Block processing time: 0.001514 seconds
Computing Block 680 out of 796
Processing Block size=18
begin cleaner{left: ("[FunctionalDependency:(s: {brewery_id}, t: {brewery_name})]", 0.0), operator: *, right: (1.0, 1.0), result: 0.0}
列 'p' 不存在，对列 brewery_name 不过滤，直接选择所有非无效值。
clean_bool length:4
newest best op: Uniop(df,'brewery_name','Great Cre@@??scent Brewery',(['brewery_id'], {('165',)}),{left: ("[FunctionalDependency:(s: {brewery_id}, t: {brewery_name})]", 0.0), operator: *, right: (1.0, 1.0), result: 0.0})
now error: 0.0
newest best op: Uniop(df,'brewery_name','Great Crescent Brewery',(['brewery_id'], {('165',)}),{left: ("[FunctionalDependency:(s: {brewery_id}, t: {brewery_name})]", 0.0), operator: *, right: (1.0, 1.0), result: 0.0})
now error: 0.0
Block processing time: 0.054096 seconds
Computing Block 681 out of 796
Processing Block size=6
begin cleaner{left: ("[FunctionalDependency:(s: {brewery_id}, t: {brewery_name})]", 0.0), operator: *, right: (1.0, 1.0), result: 0.0}
列 'p' 不存在，对列 brewery_name 不过滤，直接选择所有非无效值。
clean_bool length:3
newest best op: Uniop(df,'brewery_name','Snake River Brewing Company',(['brewery_id'], {('191',)}),{left: ("[FunctionalDependency:(s: {brewery_id}, t: {brewery_name})]", 0.0), operator: *, right: (1.0, 1.0), result: 0.0})
now error: 0.0
Block processing time: 0.014111 seconds
Computing Block 683 out of 796
Processing Block size=2
begin cleaner{left: ("[FunctionalDependency:(s: {brewery_id}, t: {brewery_name})]", 0.0), operator: *, right: (1.0, 1.0), result: 0.0}
列 'p' 不存在，对列 brewery_name 不过滤，直接选择所有非无效值。
Block processing time: 0.001512 seconds
Computing Block 684 out of 796
Processing Block size=3
begin cleaner{left: ("[FunctionalDependency:(s: {brewery_id}, t: {brewery_name})]", 0.0), operator: *, right: (1.0, 1.0), result: 0.0}
列 'p' 不存在，对列 brewery_name 不过滤，直接选择所有非无效值。
Block processing time: 0.002206 seconds
Computing Block 686 out of 796
Processing Block size=2
begin cleaner{left: ("[FunctionalDependency:(s: {brewery_id}, t: {brewery_name})]", 0.0), operator: *, right: (1.0, 1.0), result: 0.0}
列 'p' 不存在，对列 brewery_name 不过滤，直接选择所有非无效值。
Block processing time: 0.001541 seconds
Computing Block 690 out of 796
Processing Block size=2
begin cleaner{left: ("[FunctionalDependency:(s: {brewery_id}, t: {brewery_name})]", 0.0), operator: *, right: (1.0, 1.0), result: 0.0}
列 'p' 不存在，对列 brewery_name 不过滤，直接选择所有非无效值。
clean_bool length:3
newest best op: Uniop(df,'brewery_name','Catawba Valley Brewing Company',(['brewery_id'], {('96',)}),{left: ("[FunctionalDependency:(s: {brewery_id}, t: {brewery_name})]", 0.0), operator: *, right: (1.0, 1.0), result: 0.0})
now error: 0.0
Block processing time: 0.005563 seconds
Computing Block 693 out of 796
Processing Block size=3
begin cleaner{left: ("[FunctionalDependency:(s: {brewery_id}, t: {brewery_name})]", 0.0), operator: *, right: (1.0, 1.0), result: 0.0}
列 'p' 不存在，对列 brewery_name 不过滤，直接选择所有非无效值。
Block processing time: 0.002221 seconds
Computing Block 698 out of 796
Processing Block size=2
begin cleaner{left: ("[FunctionalDependency:(s: {brewery_id}, t: {brewery_name})]", 0.0), operator: *, right: (1.0, 1.0), result: 0.0}
列 'p' 不存在，对列 brewery_name 不过滤，直接选择所有非无效值。
Block processing time: 0.001506 seconds
Computing Block 699 out of 796
Processing Block size=4
begin cleaner{left: ("[FunctionalDependency:(s: {brewery_id}, t: {brewery_name})]", 0.0), operator: *, right: (1.0, 1.0), result: 0.0}
列 'p' 不存在，对列 brewery_name 不过滤，直接选择所有非无效值。
Block processing time: 0.002889 seconds
Computing Block 701 out of 796
Processing Block size=10
begin cleaner{left: ("[FunctionalDependency:(s: {brewery_id}, t: {brewery_name})]", 0.0), operator: *, right: (1.0, 1.0), result: 0.0}
列 'p' 不存在，对列 brewery_name 不过滤，直接选择所有非无效值。
clean_bool length:4
newest best op: Uniop(df,'brewery_name','Burn 'Em B??rewin$g',(['brewery_id'], {('24',)}),{left: ("[FunctionalDependency:(s: {brewery_id}, t: {brewery_name})]", 0.0), operator: *, right: (1.0, 1.0), result: 0.0})
now error: 0.0
newest best op: Uniop(df,'brewery_name','Burn 'Em Brewing',(['brewery_id'], {('24',)}),{left: ("[FunctionalDependency:(s: {brewery_id}, t: {brewery_name})]", 0.0), operator: *, right: (1.0, 1.0), result: 0.0})
now error: 0.0
Block processing time: 0.029839 seconds
Computing Block 704 out of 796
Processing Block size=3
begin cleaner{left: ("[FunctionalDependency:(s: {brewery_id}, t: {brewery_name})]", 0.0), operator: *, right: (1.0, 1.0), result: 0.0}
列 'p' 不存在，对列 brewery_name 不过滤，直接选择所有非无效值。
Block processing time: 0.0022 seconds
Computing Block 709 out of 796
Processing Block size=2
begin cleaner{left: ("[FunctionalDependency:(s: {brewery_id}, t: {brewery_name})]", 0.0), operator: *, right: (1.0, 1.0), result: 0.0}
列 'p' 不存在，对列 brewery_name 不过滤，直接选择所有非无效值。
Block processing time: 0.001579 seconds
Computing Block 710 out of 796
Processing Block size=2
begin cleaner{left: ("[FunctionalDependency:(s: {brewery_id}, t: {brewery_name})]", 0.0), operator: *, right: (1.0, 1.0), result: 0.0}
列 'p' 不存在，对列 brewery_name 不过滤，直接选择所有非无效值。
clean_bool length:3
newest best op: Uniop(df,'brewery_name','Mi@@kke??ller',(['brewery_id'], {('363',)}),{left: ("[FunctionalDependency:(s: {brewery_id}, t: {brewery_name})]", 0.0), operator: *, right: (1.0, 1.0), result: 0.0})
now error: 0.0
Block processing time: 0.005058 seconds
Computing Block 713 out of 796
Processing Block size=4
begin cleaner{left: ("[FunctionalDependency:(s: {brewery_id}, t: {brewery_name})]", 0.0), operator: *, right: (1.0, 1.0), result: 0.0}
列 'p' 不存在，对列 brewery_name 不过滤，直接选择所有非无效值。
Block processing time: 0.002979 seconds
Computing Block 717 out of 796
Processing Block size=2
begin cleaner{left: ("[FunctionalDependency:(s: {brewery_id}, t: {brewery_name})]", 0.0), operator: *, right: (1.0, 1.0), result: 0.0}
列 'p' 不存在，对列 brewery_name 不过滤，直接选择所有非无效值。
Block processing time: 0.001537 seconds
Computing Block 718 out of 796
Processing Block size=4
begin cleaner{left: ("[FunctionalDependency:(s: {brewery_id}, t: {brewery_name})]", 0.0), operator: *, right: (1.0, 1.0), result: 0.0}
列 'p' 不存在，对列 brewery_name 不过滤，直接选择所有非无效值。
Block processing time: 0.002868 seconds
Computing Block 723 out of 796
Processing Block size=4
begin cleaner{left: ("[FunctionalDependency:(s: {brewery_id}, t: {brewery_name})]", 0.0), operator: *, right: (1.0, 1.0), result: 0.0}
列 'p' 不存在，对列 brewery_name 不过滤，直接选择所有非无效值。
clean_bool length:3
newest best op: Uniop(df,'brewery_name','Breckenridge Brewery',(['brewery_id'], {('391',)}),{left: ("[FunctionalDependency:(s: {brewery_id}, t: {brewery_name})]", 0.0), operator: *, right: (1.0, 1.0), result: 0.0})
now error: 0.0
Block processing time: 0.009637 seconds
Computing Block 724 out of 796
Processing Block size=4
begin cleaner{left: ("[FunctionalDependency:(s: {brewery_id}, t: {brewery_name})]", 0.0), operator: *, right: (1.0, 1.0), result: 0.0}
列 'p' 不存在，对列 brewery_name 不过滤，直接选择所有非无效值。
clean_bool length:3
newest best op: Uniop(df,'brewery_name','Nebraska Brewing Compa??ny',(['brewery_id'], {('337',)}),{left: ("[FunctionalDependency:(s: {brewery_id}, t: {brewery_name})]", 0.0), operator: *, right: (1.0, 1.0), result: 0.0})
now error: 0.0
newest best op: Uniop(df,'brewery_name','Nebraska Brewing Company',(['brewery_id'], {('337',)}),{left: ("[FunctionalDependency:(s: {brewery_id}, t: {brewery_name})]", 0.0), operator: *, right: (1.0, 1.0), result: 0.0})
now error: 0.0
Block processing time: 0.009559 seconds
Computing Block 726 out of 796
Processing Block size=5
begin cleaner{left: ("[FunctionalDependency:(s: {brewery_id}, t: {brewery_name})]", 0.0), operator: *, right: (1.0, 1.0), result: 0.0}
列 'p' 不存在，对列 brewery_name 不过滤，直接选择所有非无效值。
Block processing time: 0.003567 seconds
Computing Block 727 out of 796
Processing Block size=2
begin cleaner{left: ("[FunctionalDependency:(s: {brewery_id}, t: {brewery_name})]", 0.0), operator: *, right: (1.0, 1.0), result: 0.0}
列 'p' 不存在，对列 brewery_name 不过滤，直接选择所有非无效值。
Block processing time: 0.001489 seconds
Computing Block 728 out of 796
Processing Block size=3
begin cleaner{left: ("[FunctionalDependency:(s: {brewery_id}, t: {brewery_name})]", 0.0), operator: *, right: (1.0, 1.0), result: 0.0}
列 'p' 不存在，对列 brewery_name 不过滤，直接选择所有非无效值。
Block processing time: 0.002191 seconds
Computing Block 729 out of 796
Processing Block size=4
begin cleaner{left: ("[FunctionalDependency:(s: {brewery_id}, t: {brewery_name})]", 0.0), operator: *, right: (1.0, 1.0), result: 0.0}
列 'p' 不存在，对列 brewery_name 不过滤，直接选择所有非无效值。
clean_bool length:3
newest best op: Uniop(df,'brewery_name','7 Seas Brewing Company',(['brewery_id'], {('481',)}),{left: ("[FunctionalDependency:(s: {brewery_id}, t: {brewery_name})]", 0.0), operator: *, right: (1.0, 1.0), result: 0.0})
now error: 0.0
Block processing time: 0.009791 seconds
Computing Block 730 out of 796
Processing Block size=3
begin cleaner{left: ("[FunctionalDependency:(s: {brewery_id}, t: {brewery_name})]", 0.0), operator: *, right: (1.0, 1.0), result: 0.0}
列 'p' 不存在，对列 brewery_name 不过滤，直接选择所有非无效值。
Block processing time: 0.00238 seconds
Computing Block 731 out of 796
Processing Block size=8
begin cleaner{left: ("[FunctionalDependency:(s: {brewery_id}, t: {brewery_name})]", 0.0), operator: *, right: (1.0, 1.0), result: 0.0}
列 'p' 不存在，对列 brewery_name 不过滤，直接选择所有非无效值。
Block processing time: 0.006141 seconds
Computing Block 733 out of 796
Processing Block size=5
begin cleaner{left: ("[FunctionalDependency:(s: {brewery_id}, t: {brewery_name})]", 0.0), operator: *, right: (1.0, 1.0), result: 0.0}
列 'p' 不存在，对列 brewery_name 不过滤，直接选择所有非无效值。
Block processing time: 0.003632 seconds
Computing Block 735 out of 796
Processing Block size=3
begin cleaner{left: ("[FunctionalDependency:(s: {brewery_id}, t: {brewery_name})]", 0.0), operator: *, right: (1.0, 1.0), result: 0.0}
列 'p' 不存在，对列 brewery_name 不过滤，直接选择所有非无效值。
Block processing time: 0.002192 seconds
Computing Block 737 out of 796
Processing Block size=23
begin cleaner{left: ("[FunctionalDependency:(s: {brewery_id}, t: {brewery_name})]", 0.0), operator: *, right: (1.0, 1.0), result: 0.0}
列 'p' 不存在，对列 brewery_name 不过滤，直接选择所有非无效值。
clean_bool length:7
newest best op: Uniop(df,'brewery_name','Cigar City Brewing Company',(['brewery_id'], {('141',)}),{left: ("[FunctionalDependency:(s: {brewery_id}, t: {brewery_name})]", 0.0), operator: *, right: (1.0, 1.0), result: 0.0})
now error: 0.0
Block processing time: 0.128807 seconds
Computing Block 739 out of 796
Processing Block size=3
begin cleaner{left: ("[FunctionalDependency:(s: {brewery_id}, t: {brewery_name})]", 0.0), operator: *, right: (1.0, 1.0), result: 0.0}
列 'p' 不存在，对列 brewery_name 不过滤，直接选择所有非无效值。
clean_bool length:4
newest best op: Uniop(df,'brewery_name','Ashev#ille Brewing Co#mpany',(['brewery_id'], {('528',)}),{left: ("[FunctionalDependency:(s: {brewery_id}, t: {brewery_name})]", 0.0), operator: *, right: (1.0, 1.0), result: 0.0})
now error: 0.0
newest best op: Uniop(df,'brewery_name','Asheville Brewing Company',(['brewery_id'], {('528',)}),{left: ("[FunctionalDependency:(s: {brewery_id}, t: {brewery_name})]", 0.0), operator: *, right: (1.0, 1.0), result: 0.0})
now error: 0.0
Block processing time: 0.010167 seconds
Computing Block 744 out of 796
Processing Block size=5
begin cleaner{left: ("[FunctionalDependency:(s: {brewery_id}, t: {brewery_name})]", 0.0), operator: *, right: (1.0, 1.0), result: 0.0}
列 'p' 不存在，对列 brewery_name 不过滤，直接选择所有非无效值。
Block processing time: 0.003576 seconds
Computing Block 745 out of 796
Processing Block size=6
begin cleaner{left: ("[FunctionalDependency:(s: {brewery_id}, t: {brewery_name})]", 0.0), operator: *, right: (1.0, 1.0), result: 0.0}
列 'p' 不存在，对列 brewery_name 不过滤，直接选择所有非无效值。
clean_bool length:3
newest best op: Uniop(df,'brewery_name','Indeed Brewing Company',(['brewery_id'], {('277',)}),{left: ("[FunctionalDependency:(s: {brewery_id}, t: {brewery_name})]", 0.0), operator: *, right: (1.0, 1.0), result: 0.0})
now error: 0.0
Block processing time: 0.01389 seconds
Computing Block 746 out of 796
Processing Block size=5
begin cleaner{left: ("[FunctionalDependency:(s: {brewery_id}, t: {brewery_name})]", 0.0), operator: *, right: (1.0, 1.0), result: 0.0}
列 'p' 不存在，对列 brewery_name 不过滤，直接选择所有非无效值。
clean_bool length:3
newest best op: Uniop(df,'brewery_name','Goose Island Brewing Company',(['brewery_id'], {('88',)}),{left: ("[FunctionalDependency:(s: {brewery_id}, t: {brewery_name})]", 0.0), operator: *, right: (1.0, 1.0), result: 0.0})
now error: 0.0
Block processing time: 0.012015 seconds
Computing Block 747 out of 796
Processing Block size=5
begin cleaner{left: ("[FunctionalDependency:(s: {brewery_id}, t: {brewery_name})]", 0.0), operator: *, right: (1.0, 1.0), result: 0.0}
列 'p' 不存在，对列 brewery_name 不过滤，直接选择所有非无效值。
Block processing time: 0.003604 seconds
Computing Block 749 out of 796
Processing Block size=3
begin cleaner{left: ("[FunctionalDependency:(s: {brewery_id}, t: {brewery_name})]", 0.0), operator: *, right: (1.0, 1.0), result: 0.0}
列 'p' 不存在，对列 brewery_name 不过滤，直接选择所有非无效值。
Block processing time: 0.002187 seconds
Computing Block 751 out of 796
Processing Block size=2
begin cleaner{left: ("[FunctionalDependency:(s: {brewery_id}, t: {brewery_name})]", 0.0), operator: *, right: (1.0, 1.0), result: 0.0}
列 'p' 不存在，对列 brewery_name 不过滤，直接选择所有非无效值。
clean_bool length:3
newest best op: Uniop(df,'brewery_name','Creature Comforts',(['brewery_id'], {('247',)}),{left: ("[FunctionalDependency:(s: {brewery_id}, t: {brewery_name})]", 0.0), operator: *, right: (1.0, 1.0), result: 0.0})
now error: 0.0
Block processing time: 0.005208 seconds
Computing Block 754 out of 796
Processing Block size=6
begin cleaner{left: ("[FunctionalDependency:(s: {brewery_id}, t: {brewery_name})]", 0.0), operator: *, right: (1.0, 1.0), result: 0.0}
列 'p' 不存在，对列 brewery_name 不过滤，直接选择所有非无效值。
Block processing time: 0.004329 seconds
Computing Block 757 out of 796
Processing Block size=5
begin cleaner{left: ("[FunctionalDependency:(s: {brewery_id}, t: {brewery_name})]", 0.0), operator: *, right: (1.0, 1.0), result: 0.0}
列 'p' 不存在，对列 brewery_name 不过滤，直接选择所有非无效值。
Block processing time: 0.003578 seconds
Computing Block 761 out of 796
Processing Block size=7
begin cleaner{left: ("[FunctionalDependency:(s: {brewery_id}, t: {brewery_name})]", 0.0), operator: *, right: (1.0, 1.0), result: 0.0}
列 'p' 不存在，对列 brewery_name 不过滤，直接选择所有非无效值。
clean_bool length:4
newest best op: Uniop(df,'brewery_name','Real Ale Brewi@@ng Company',(['brewery_id'], {('128',)}),{left: ("[FunctionalDependency:(s: {brewery_id}, t: {brewery_name})]", 0.0), operator: *, right: (1.0, 1.0), result: 0.0})
now error: 0.0
newest best op: Uniop(df,'brewery_name','Real Ale Brewing Company',(['brewery_id'], {('128',)}),{left: ("[FunctionalDependency:(s: {brewery_id}, t: {brewery_name})]", 0.0), operator: *, right: (1.0, 1.0), result: 0.0})
now error: 0.0
Block processing time: 0.022127 seconds
Computing Block 764 out of 796
Processing Block size=3
begin cleaner{left: ("[FunctionalDependency:(s: {brewery_id}, t: {brewery_name})]", 0.0), operator: *, right: (1.0, 1.0), result: 0.0}
列 'p' 不存在，对列 brewery_name 不过滤，直接选择所有非无效值。
Block processing time: 0.002192 seconds
Computing Block 765 out of 796
Processing Block size=3
begin cleaner{left: ("[FunctionalDependency:(s: {brewery_id}, t: {brewery_name})]", 0.0), operator: *, right: (1.0, 1.0), result: 0.0}
列 'p' 不存在，对列 brewery_name 不过滤，直接选择所有非无效值。
Block processing time: 0.00218 seconds
Computing Block 771 out of 796
Processing Block size=2
begin cleaner{left: ("[FunctionalDependency:(s: {brewery_id}, t: {brewery_name})]", 0.0), operator: *, right: (1.0, 1.0), result: 0.0}
列 'p' 不存在，对列 brewery_name 不过滤，直接选择所有非无效值。
Block processing time: 0.001498 seconds
Computing Block 774 out of 796
Processing Block size=3
begin cleaner{left: ("[FunctionalDependency:(s: {brewery_id}, t: {brewery_name})]", 0.0), operator: *, right: (1.0, 1.0), result: 0.0}
列 'p' 不存在，对列 brewery_name 不过滤，直接选择所有非无效值。
clean_bool length:3
newest best op: Uniop(df,'brewery_name','Oasis Texas B??rewing Company',(['brewery_id'], {('184',)}),{left: ("[FunctionalDependency:(s: {brewery_id}, t: {brewery_name})]", 0.0), operator: *, right: (1.0, 1.0), result: 0.0})
now error: 0.0
newest best op: Uniop(df,'brewery_name','Oasis Texas Brewing Company',(['brewery_id'], {('184',)}),{left: ("[FunctionalDependency:(s: {brewery_id}, t: {brewery_name})]", 0.0), operator: *, right: (1.0, 1.0), result: 0.0})
now error: 0.0
Block processing time: 0.007615 seconds
Computing Block 775 out of 796
Processing Block size=2
begin cleaner{left: ("[FunctionalDependency:(s: {brewery_id}, t: {brewery_name})]", 0.0), operator: *, right: (1.0, 1.0), result: 0.0}
列 'p' 不存在，对列 brewery_name 不过滤，直接选择所有非无效值。
Block processing time: 0.001505 seconds
Computing Block 776 out of 796
Processing Block size=7
WARNING:root:No partitioning rule specified, processing might be slow
begin cleaner{left: ("[FunctionalDependency:(s: {brewery_id}, t: {brewery_name})]", 0.0), operator: *, right: (1.0, 1.0), result: 0.0}
列 'p' 不存在，对列 brewery_name 不过滤，直接选择所有非无效值。
Block processing time: 0.005045 seconds
Computing Block 777 out of 796
Processing Block size=2
begin cleaner{left: ("[FunctionalDependency:(s: {brewery_id}, t: {brewery_name})]", 0.0), operator: *, right: (1.0, 1.0), result: 0.0}
列 'p' 不存在，对列 brewery_name 不过滤，直接选择所有非无效值。
Block processing time: 0.001497 seconds
Computing Block 779 out of 796
Processing Block size=4
begin cleaner{left: ("[FunctionalDependency:(s: {brewery_id}, t: {brewery_name})]", 0.0), operator: *, right: (1.0, 1.0), result: 0.0}
列 'p' 不存在，对列 brewery_name 不过滤，直接选择所有非无效值。
clean_bool length:3
newest best op: Uniop(df,'brewery_name','Rochester Mills Brewing Company',(['brewery_id'], {('229',)}),{left: ("[FunctionalDependency:(s: {brewery_id}, t: {brewery_name})]", 0.0), operator: *, right: (1.0, 1.0), result: 0.0})
now error: 0.0
Block processing time: 0.009865 seconds
Computing Block 781 out of 796
Processing Block size=4
begin cleaner{left: ("[FunctionalDependency:(s: {brewery_id}, t: {brewery_name})]", 0.0), operator: *, right: (1.0, 1.0), result: 0.0}
列 'p' 不存在，对列 brewery_name 不过滤，直接选择所有非无效值。
Block processing time: 0.00289 seconds
Computing Block 782 out of 796
Processing Block size=2
begin cleaner{left: ("[FunctionalDependency:(s: {brewery_id}, t: {brewery_name})]", 0.0), operator: *, right: (1.0, 1.0), result: 0.0}
列 'p' 不存在，对列 brewery_name 不过滤，直接选择所有非无效值。
Block processing time: 0.001494 seconds
Computing Block 783 out of 796
Processing Block size=3
begin cleaner{left: ("[FunctionalDependency:(s: {brewery_id}, t: {brewery_name})]", 0.0), operator: *, right: (1.0, 1.0), result: 0.0}
列 'p' 不存在，对列 brewery_name 不过滤，直接选择所有非无效值。
Block processing time: 0.00218 seconds
Computing Block 786 out of 796
Processing Block size=2
begin cleaner{left: ("[FunctionalDependency:(s: {brewery_id}, t: {brewery_name})]", 0.0), operator: *, right: (1.0, 1.0), result: 0.0}
列 'p' 不存在，对列 brewery_name 不过滤，直接选择所有非无效值。
clean_bool length:3
newest best op: Uniop(df,'brewery_name','NoDa Brewi$ng Company',(['brewery_id'], {('359',)}),{left: ("[FunctionalDependency:(s: {brewery_id}, t: {brewery_name})]", 0.0), operator: *, right: (1.0, 1.0), result: 0.0})
now error: 0.0
Block processing time: 0.005177 seconds
Computing Block 787 out of 796
Processing Block size=8
begin cleaner{left: ("[FunctionalDependency:(s: {brewery_id}, t: {brewery_name})]", 0.0), operator: *, right: (1.0, 1.0), result: 0.0}
列 'p' 不存在，对列 brewery_name 不过滤，直接选择所有非无效值。
Block processing time: 0.005639 seconds
Computing Block 788 out of 796
Processing Block size=3
begin cleaner{left: ("[FunctionalDependency:(s: {brewery_id}, t: {brewery_name})]", 0.0), operator: *, right: (1.0, 1.0), result: 0.0}
列 'p' 不存在，对列 brewery_name 不过滤，直接选择所有非无效值。
clean_bool length:4
newest best op: Uniop(df,'brewery_name','Broken Tooth Br#ewing C$ompany',(['brewery_id'], {('493',)}),{left: ("[FunctionalDependency:(s: {brewery_id}, t: {brewery_name})]", 0.0), operator: *, right: (1.0, 1.0), result: 0.0})
now error: 0.0
newest best op: Uniop(df,'brewery_name','Broken Tooth Brewing Company',(['brewery_id'], {('493',)}),{left: ("[FunctionalDependency:(s: {brewery_id}, t: {brewery_name})]", 0.0), operator: *, right: (1.0, 1.0), result: 0.0})
now error: 0.0
Block processing time: 0.010514 seconds
Computing Block 791 out of 796
Processing Block size=8
begin cleaner{left: ("[FunctionalDependency:(s: {brewery_id}, t: {brewery_name})]", 0.0), operator: *, right: (1.0, 1.0), result: 0.0}
列 'p' 不存在，对列 brewery_name 不过滤，直接选择所有非无效值。
Block processing time: 0.005649 seconds
Computing Block 792 out of 796
Processing Block size=4
begin cleaner{left: ("[FunctionalDependency:(s: {brewery_id}, t: {brewery_name})]", 0.0), operator: *, right: (1.0, 1.0), result: 0.0}
列 'p' 不存在，对列 brewery_name 不过滤，直接选择所有非无效值。
clean_bool length:3
newest best op: Uniop(df,'brewery_name','Worthy Brewing Company',(['brewery_id'], {('199',)}),{left: ("[FunctionalDependency:(s: {brewery_id}, t: {brewery_name})]", 0.0), operator: *, right: (1.0, 1.0), result: 0.0})
now error: 0.0
Block processing time: 0.009537 seconds
Computing Block 796 out of 796
Processing Block size=7
begin cleaner{left: ("[FunctionalDependency:(s: {brewery_id}, t: {brewery_name})]", 0.0), operator: *, right: (1.0, 1.0), result: 0.0}
列 'p' 不存在，对列 brewery_name 不过滤，直接选择所有非无效值。
Block processing time: 0.00499 seconds
  当前节点: brewery_name 有 153 个清洗操作
  当前节点: city 存在可用清洗信号
数据块大小: 2410
分块属性:
[['brewery_id']]
Starting initial block mapping...
Initial number of blocks: 796
Final number of blocks after further splitting: 796
Computing Block 1 out of 796
Processing Block size=5
begin cleaner[FunctionalDependency:(s: {'brewery_id'}, t: {'city'})]*1.0
列 'p' 不存在，对列 city 不过滤，直接选择所有非无效值。
Block processing time: 0.003915 seconds
Computing Block 4 out of 796
Processing Block size=4
begin cleaner{left: ("[FunctionalDependency:(s: {brewery_id}, t: {city})]", 0.0), operator: *, right: (1.0, 1.0), result: 0.0}
列 'p' 不存在，对列 city 不过滤，直接选择所有非无效值。
Block processing time: 0.003028 seconds
Computing Block 5 out of 796
Processing Block size=2
begin cleaner{left: ("[FunctionalDependency:(s: {brewery_id}, t: {city})]", 0.0), operator: *, right: (1.0, 1.0), result: 0.0}
列 'p' 不存在，对列 city 不过滤，直接选择所有非无效值。
clean_bool length:3
newest best op: Uniop(df,'city','Louisville',(['brewery_id'], {('62',)}),{left: ("[FunctionalDependency:(s: {brewery_id}, t: {city})]", 0.0), operator: *, right: (1.0, 1.0), result: 0.0})
now error: 0.0
Block processing time: 0.005424 seconds
Computing Block 6 out of 796
Processing Block size=4
begin cleaner{left: ("[FunctionalDependency:(s: {brewery_id}, t: {city})]", 0.0), operator: *, right: (1.0, 1.0), result: 0.0}
列 'p' 不存在，对列 city 不过滤，直接选择所有非无效值。
Block processing time: 0.002992 seconds
Computing Block 7 out of 796
Processing Block size=2
begin cleaner{left: ("[FunctionalDependency:(s: {brewery_id}, t: {city})]", 0.0), operator: *, right: (1.0, 1.0), result: 0.0}
列 'p' 不存在，对列 city 不过滤，直接选择所有非无效值。
Block processing time: 0.001565 seconds
Computing Block 10 out of 796
Processing Block size=7
begin cleaner{left: ("[FunctionalDependency:(s: {brewery_id}, t: {city})]", 0.0), operator: *, right: (1.0, 1.0), result: 0.0}
列 'p' 不存在，对列 city 不过滤，直接选择所有非无效值。
Block processing time: 0.005178 seconds
Computing Block 12 out of 796
Processing Block size=6
begin cleaner{left: ("[FunctionalDependency:(s: {brewery_id}, t: {city})]", 0.0), operator: *, right: (1.0, 1.0), result: 0.0}
列 'p' 不存在，对列 city 不过滤，直接选择所有非无效值。
Block processing time: 0.004399 seconds
Computing Block 13 out of 796
Processing Block size=3
begin cleaner{left: ("[FunctionalDependency:(s: {brewery_id}, t: {city})]", 0.0), operator: *, right: (1.0, 1.0), result: 0.0}
列 'p' 不存在，对列 city 不过滤，直接选择所有非无效值。
Block processing time: 0.002243 seconds
Computing Block 18 out of 796
Processing Block size=9
begin cleaner{left: ("[FunctionalDependency:(s: {brewery_id}, t: {city})]", 0.0), operator: *, right: (1.0, 1.0), result: 0.0}
列 'p' 不存在，对列 city 不过滤，直接选择所有非无效值。
clean_bool length:3
newest best op: Uniop(df,'city','Houston',(['brewery_id'], {('125',)}),{left: ("[FunctionalDependency:(s: {brewery_id}, t: {city})]", 0.0), operator: *, right: (1.0, 1.0), result: 0.0})
now error: 0.0
Block processing time: 0.020161 seconds
Computing Block 19 out of 796
Processing Block size=3
begin cleaner{left: ("[FunctionalDependency:(s: {brewery_id}, t: {city})]", 0.0), operator: *, right: (1.0, 1.0), result: 0.0}
列 'p' 不存在，对列 city 不过滤，直接选择所有非无效值。
clean_bool length:3
newest best op: Uniop(df,'city','Miami',(['brewery_id'], {('393',)}),{left: ("[FunctionalDependency:(s: {brewery_id}, t: {city})]", 0.0), operator: *, right: (1.0, 1.0), result: 0.0})
now error: 0.0
Block processing time: 0.007397 seconds
Computing Block 22 out of 796
Processing Block size=5
begin cleaner{left: ("[FunctionalDependency:(s: {brewery_id}, t: {city})]", 0.0), operator: *, right: (1.0, 1.0), result: 0.0}
列 'p' 不存在，对列 city 不过滤，直接选择所有非无效值。
clean_bool length:3
newest best op: Uniop(df,'city','Boulde$r',(['brewery_id'], {('405',)}),{left: ("[FunctionalDependency:(s: {brewery_id}, t: {city})]", 0.0), operator: *, right: (1.0, 1.0), result: 0.0})
now error: 0.0
newest best op: Uniop(df,'city','Boulder',(['brewery_id'], {('405',)}),{left: ("[FunctionalDependency:(s: {brewery_id}, t: {city})]", 0.0), operator: *, right: (1.0, 1.0), result: 0.0})
now error: 0.0
Block processing time: 0.011683 seconds
Computing Block 28 out of 796
Processing Block size=2
begin cleaner{left: ("[FunctionalDependency:(s: {brewery_id}, t: {city})]", 0.0), operator: *, right: (1.0, 1.0), result: 0.0}
列 'p' 不存在，对列 city 不过滤，直接选择所有非无效值。
Block processing time: 0.001571 seconds
Computing Block 31 out of 796
Processing Block size=3
begin cleaner{left: ("[FunctionalDependency:(s: {brewery_id}, t: {city})]", 0.0), operator: *, right: (1.0, 1.0), result: 0.0}
列 'p' 不存在，对列 city 不过滤，直接选择所有非无效值。
Block processing time: 0.002292 seconds
Computing Block 35 out of 796
Processing Block size=5
begin cleaner{left: ("[FunctionalDependency:(s: {brewery_id}, t: {city})]", 0.0), operator: *, right: (1.0, 1.0), result: 0.0}
列 'p' 不存在，对列 city 不过滤，直接选择所有非无效值。
clean_bool length:3
newest best op: Uniop(df,'city','Anchorage',(['brewery_id'], {('102',)}),{left: ("[FunctionalDependency:(s: {brewery_id}, t: {city})]", 0.0), operator: *, right: (1.0, 1.0), result: 0.0})
now error: 0.0
Block processing time: 0.011738 seconds
Computing Block 39 out of 796
Processing Block size=3
begin cleaner{left: ("[FunctionalDependency:(s: {brewery_id}, t: {city})]", 0.0), operator: *, right: (1.0, 1.0), result: 0.0}
列 'p' 不存在，对列 city 不过滤，直接选择所有非无效值。
Block processing time: 0.002286 seconds
Computing Block 41 out of 796
Processing Block size=7
begin cleaner{left: ("[FunctionalDependency:(s: {brewery_id}, t: {city})]", 0.0), operator: *, right: (1.0, 1.0), result: 0.0}
列 'p' 不存在，对列 city 不过滤，直接选择所有非无效值。
clean_bool length:4
newest best op: Uniop(df,'city','Dillon',(['brewery_id'], {('135',)}),{left: ("[FunctionalDependency:(s: {brewery_id}, t: {city})]", 0.0), operator: *, right: (1.0, 1.0), result: 0.0})
now error: 0.0
Block processing time: 0.021242 seconds
Computing Block 42 out of 796
Processing Block size=6
begin cleaner{left: ("[FunctionalDependency:(s: {brewery_id}, t: {city})]", 0.0), operator: *, right: (1.0, 1.0), result: 0.0}
列 'p' 不存在，对列 city 不过滤，直接选择所有非无效值。
Block processing time: 0.004432 seconds
Computing Block 43 out of 796
Processing Block size=3
begin cleaner{left: ("[FunctionalDependency:(s: {brewery_id}, t: {city})]", 0.0), operator: *, right: (1.0, 1.0), result: 0.0}
列 'p' 不存在，对列 city 不过滤，直接选择所有非无效值。
Block processing time: 0.002263 seconds
Computing Block 48 out of 796
Processing Block size=17
begin cleaner{left: ("[FunctionalDependency:(s: {brewery_id}, t: {city})]", 0.0), operator: *, right: (1.0, 1.0), result: 0.0}
列 'p' 不存在，对列 city 不过滤，直接选择所有非无效值。
clean_bool length:6
newest best op: Uniop(df,'city','@@Boonville',(['brewery_id'], {('171',)}),{left: ("[FunctionalDependency:(s: {brewery_id}, t: {city})]", 0.0), operator: *, right: (1.0, 1.0), result: 0.0})
now error: 0.0
newest best op: Uniop(df,'city','Boonville',(['brewery_id'], {('171',)}),{left: ("[FunctionalDependency:(s: {brewery_id}, t: {city})]", 0.0), operator: *, right: (1.0, 1.0), result: 0.0})
now error: 0.0
Block processing time: 0.077816 seconds
Computing Block 49 out of 796
Processing Block size=11
begin cleaner{left: ("[FunctionalDependency:(s: {brewery_id}, t: {city})]", 0.0), operator: *, right: (1.0, 1.0), result: 0.0}
列 'p' 不存在，对列 city 不过滤，直接选择所有非无效值。
clean_bool length:3
newest best op: Uniop(df,'city','Lahaina',(['brewery_id'], {('375',)}),{left: ("[FunctionalDependency:(s: {brewery_id}, t: {city})]", 0.0), operator: *, right: (1.0, 1.0), result: 0.0})
now error: 0.0
Block processing time: 0.025468 seconds
Computing Block 50 out of 796
Processing Block size=2
begin cleaner{left: ("[FunctionalDependency:(s: {brewery_id}, t: {city})]", 0.0), operator: *, right: (1.0, 1.0), result: 0.0}
列 'p' 不存在，对列 city 不过滤，直接选择所有非无效值。
Block processing time: 0.001642 seconds
Computing Block 51 out of 796
Processing Block size=2
begin cleaner{left: ("[FunctionalDependency:(s: {brewery_id}, t: {city})]", 0.0), operator: *, right: (1.0, 1.0), result: 0.0}
列 'p' 不存在，对列 city 不过滤，直接选择所有非无效值。
Block processing time: 0.001642 seconds
Computing Block 52 out of 796
Processing Block size=8
begin cleaner{left: ("[FunctionalDependency:(s: {brewery_id}, t: {city})]", 0.0), operator: *, right: (1.0, 1.0), result: 0.0}
列 'p' 不存在，对列 city 不过滤，直接选择所有非无效值。
Block processing time: 0.006203 seconds
Computing Block 55 out of 796
Processing Block size=3
begin cleaner{left: ("[FunctionalDependency:(s: {brewery_id}, t: {city})]", 0.0), operator: *, right: (1.0, 1.0), result: 0.0}
列 'p' 不存在，对列 city 不过滤，直接选择所有非无效值。
Block processing time: 0.002487 seconds
Computing Block 56 out of 796
Processing Block size=15
begin cleaner{left: ("[FunctionalDependency:(s: {brewery_id}, t: {city})]", 0.0), operator: *, right: (1.0, 1.0), result: 0.0}
列 'p' 不存在，对列 city 不过滤，直接选择所有非无效值。
Block processing time: 0.011519 seconds
Computing Block 57 out of 796
Processing Block size=3
begin cleaner{left: ("[FunctionalDependency:(s: {brewery_id}, t: {city})]", 0.0), operator: *, right: (1.0, 1.0), result: 0.0}
列 'p' 不存在，对列 city 不过滤，直接选择所有非无效值。
clean_bool length:4
newest best op: Uniop(df,'city','Mammoth Lakes',(['brewery_id'], {('534',)}),{left: ("[FunctionalDependency:(s: {brewery_id}, t: {city})]", 0.0), operator: *, right: (1.0, 1.0), result: 0.0})
now error: 0.0
Block processing time: 0.010556 seconds
Computing Block 58 out of 796
Processing Block size=3
begin cleaner{left: ("[FunctionalDependency:(s: {brewery_id}, t: {city})]", 0.0), operator: *, right: (1.0, 1.0), result: 0.0}
列 'p' 不存在，对列 city 不过滤，直接选择所有非无效值。
Block processing time: 0.002437 seconds
Computing Block 63 out of 796
Processing Block size=5
begin cleaner{left: ("[FunctionalDependency:(s: {brewery_id}, t: {city})]", 0.0), operator: *, right: (1.0, 1.0), result: 0.0}
列 'p' 不存在，对列 city 不过滤，直接选择所有非无效值。
Block processing time: 0.00361 seconds
Computing Block 64 out of 796
Processing Block size=8
begin cleaner{left: ("[FunctionalDependency:(s: {brewery_id}, t: {city})]", 0.0), operator: *, right: (1.0, 1.0), result: 0.0}
列 'p' 不存在，对列 city 不过滤，直接选择所有非无效值。
clean_bool length:3
newest best op: Uniop(df,'city','S#an Antonio',(['brewery_id'], {('66',)}),{left: ("[FunctionalDependency:(s: {brewery_id}, t: {city})]", 0.0), operator: *, right: (1.0, 1.0), result: 0.0})
now error: 0.0
newest best op: Uniop(df,'city','San Antonio',(['brewery_id'], {('66',)}),{left: ("[FunctionalDependency:(s: {brewery_id}, t: {city})]", 0.0), operator: *, right: (1.0, 1.0), result: 0.0})
now error: 0.0
Block processing time: 0.01751 seconds
Computing Block 65 out of 796
Processing Block size=3
begin cleaner{left: ("[FunctionalDependency:(s: {brewery_id}, t: {city})]", 0.0), operator: *, right: (1.0, 1.0), result: 0.0}
列 'p' 不存在，对列 city 不过滤，直接选择所有非无效值。
clean_bool length:3
newest best op: Uniop(df,'city','Miss%#oula',(['brewery_id'], {('510',)}),{left: ("[FunctionalDependency:(s: {brewery_id}, t: {city})]", 0.0), operator: *, right: (1.0, 1.0), result: 0.0})
now error: 0.0
newest best op: Uniop(df,'city','Missoula',(['brewery_id'], {('510',)}),{left: ("[FunctionalDependency:(s: {brewery_id}, t: {city})]", 0.0), operator: *, right: (1.0, 1.0), result: 0.0})
now error: 0.0
Block processing time: 0.007215 seconds
Computing Block 67 out of 796
Processing Block size=9
begin cleaner{left: ("[FunctionalDependency:(s: {brewery_id}, t: {city})]", 0.0), operator: *, right: (1.0, 1.0), result: 0.0}
列 'p' 不存在，对列 city 不过滤，直接选择所有非无效值。
clean_bool length:4
newest best op: Uniop(df,'city','Cincinnati',(['brewery_id'], {('91',)}),{left: ("[FunctionalDependency:(s: {brewery_id}, t: {city})]", 0.0), operator: *, right: (1.0, 1.0), result: 0.0})
now error: 0.0
Block processing time: 0.026478 seconds
Computing Block 68 out of 796
Processing Block size=13
begin cleaner{left: ("[FunctionalDependency:(s: {brewery_id}, t: {city})]", 0.0), operator: *, right: (1.0, 1.0), result: 0.0}
列 'p' 不存在，对列 city 不过滤，直接选择所有非无效值。
Block processing time: 0.009142 seconds
Computing Block 69 out of 796
Processing Block size=2
begin cleaner{left: ("[FunctionalDependency:(s: {brewery_id}, t: {city})]", 0.0), operator: *, right: (1.0, 1.0), result: 0.0}
列 'p' 不存在，对列 city 不过滤，直接选择所有非无效值。
Block processing time: 0.001502 seconds
Computing Block 72 out of 796
Processing Block size=5
begin cleaner{left: ("[FunctionalDependency:(s: {brewery_id}, t: {city})]", 0.0), operator: *, right: (1.0, 1.0), result: 0.0}
列 'p' 不存在，对列 city 不过滤，直接选择所有非无效值。
Block processing time: 0.003593 seconds
Computing Block 74 out of 796
Processing Block size=5
begin cleaner{left: ("[FunctionalDependency:(s: {brewery_id}, t: {city})]", 0.0), operator: *, right: (1.0, 1.0), result: 0.0}
列 'p' 不存在，对列 city 不过滤，直接选择所有非无效值。
clean_bool length:3
newest best op: Uniop(df,'city','Sa$int Louis',(['brewery_id'], {('428',)}),{left: ("[FunctionalDependency:(s: {brewery_id}, t: {city})]", 0.0), operator: *, right: (1.0, 1.0), result: 0.0})
now error: 0.0
newest best op: Uniop(df,'city','Saint Louis',(['brewery_id'], {('428',)}),{left: ("[FunctionalDependency:(s: {brewery_id}, t: {city})]", 0.0), operator: *, right: (1.0, 1.0), result: 0.0})
now error: 0.0
Block processing time: 0.011414 seconds
Computing Block 75 out of 796
Processing Block size=3
begin cleaner{left: ("[FunctionalDependency:(s: {brewery_id}, t: {city})]", 0.0), operator: *, right: (1.0, 1.0), result: 0.0}
列 'p' 不存在，对列 city 不过滤，直接选择所有非无效值。
Block processing time: 0.002193 seconds
Computing Block 76 out of 796
Processing Block size=3
begin cleaner{left: ("[FunctionalDependency:(s: {brewery_id}, t: {city})]", 0.0), operator: *, right: (1.0, 1.0), result: 0.0}
列 'p' 不存在，对列 city 不过滤，直接选择所有非无效值。
Block processing time: 0.002194 seconds
Computing Block 77 out of 796
Processing Block size=2
begin cleaner{left: ("[FunctionalDependency:(s: {brewery_id}, t: {city})]", 0.0), operator: *, right: (1.0, 1.0), result: 0.0}
列 'p' 不存在，对列 city 不过滤，直接选择所有非无效值。
Block processing time: 0.001492 seconds
Computing Block 79 out of 796
Processing Block size=3
begin cleaner{left: ("[FunctionalDependency:(s: {brewery_id}, t: {city})]", 0.0), operator: *, right: (1.0, 1.0), result: 0.0}
列 'p' 不存在，对列 city 不过滤，直接选择所有非无效值。
Block processing time: 0.002185 seconds
Computing Block 80 out of 796
Processing Block size=7
begin cleaner{left: ("[FunctionalDependency:(s: {brewery_id}, t: {city})]", 0.0), operator: *, right: (1.0, 1.0), result: 0.0}
列 'p' 不存在，对列 city 不过滤，直接选择所有非无效值。
clean_bool length:4
newest best op: Uniop(df,'city','Sprin??gfield',(['brewery_id'], {('198',)}),{left: ("[FunctionalDependency:(s: {brewery_id}, t: {city})]", 0.0), operator: *, right: (1.0, 1.0), result: 0.0})
now error: 0.0
newest best op: Uniop(df,'city','Springfield',(['brewery_id'], {('198',)}),{left: ("[FunctionalDependency:(s: {brewery_id}, t: {city})]", 0.0), operator: *, right: (1.0, 1.0), result: 0.0})
now error: 0.0
Block processing time: 0.020674 seconds
Computing Block 81 out of 796
Processing Block size=2
begin cleaner{left: ("[FunctionalDependency:(s: {brewery_id}, t: {city})]", 0.0), operator: *, right: (1.0, 1.0), result: 0.0}
列 'p' 不存在，对列 city 不过滤，直接选择所有非无效值。
Block processing time: 0.001503 seconds
Computing Block 84 out of 796
Processing Block size=4
begin cleaner{left: ("[FunctionalDependency:(s: {brewery_id}, t: {city})]", 0.0), operator: *, right: (1.0, 1.0), result: 0.0}
列 'p' 不存在，对列 city 不过滤，直接选择所有非无效值。
clean_bool length:3
newest best op: Uniop(df,'city','San$ Diego??',(['brewery_id'], {('3',)}),{left: ("[FunctionalDependency:(s: {brewery_id}, t: {city})]", 0.0), operator: *, right: (1.0, 1.0), result: 0.0})
now error: 0.0
newest best op: Uniop(df,'city','San Diego',(['brewery_id'], {('3',)}),{left: ("[FunctionalDependency:(s: {brewery_id}, t: {city})]", 0.0), operator: *, right: (1.0, 1.0), result: 0.0})
now error: 0.0
Block processing time: 0.009159 seconds
Computing Block 85 out of 796
Processing Block size=3
begin cleaner{left: ("[FunctionalDependency:(s: {brewery_id}, t: {city})]", 0.0), operator: *, right: (1.0, 1.0), result: 0.0}
列 'p' 不存在，对列 city 不过滤，直接选择所有非无效值。
Block processing time: 0.002251 seconds
Computing Block 86 out of 796
Processing Block size=4
begin cleaner{left: ("[FunctionalDependency:(s: {brewery_id}, t: {city})]", 0.0), operator: *, right: (1.0, 1.0), result: 0.0}
列 'p' 不存在，对列 city 不过滤，直接选择所有非无效值。
Block processing time: 0.002881 seconds
Computing Block 89 out of 796
Processing Block size=4
begin cleaner{left: ("[FunctionalDependency:(s: {brewery_id}, t: {city})]", 0.0), operator: *, right: (1.0, 1.0), result: 0.0}
列 'p' 不存在，对列 city 不过滤，直接选择所有非无效值。
Block processing time: 0.002926 seconds
Computing Block 90 out of 796
Processing Block size=2
begin cleaner{left: ("[FunctionalDependency:(s: {brewery_id}, t: {city})]", 0.0), operator: *, right: (1.0, 1.0), result: 0.0}
列 'p' 不存在，对列 city 不过滤，直接选择所有非无效值。
Block processing time: 0.001555 seconds
Computing Block 91 out of 796
Processing Block size=12
begin cleaner{left: ("[FunctionalDependency:(s: {brewery_id}, t: {city})]", 0.0), operator: *, right: (1.0, 1.0), result: 0.0}
列 'p' 不存在，对列 city 不过滤，直接选择所有非无效值。
clean_bool length:3
newest best op: Uniop(df,'city','Ly??ons',(['brewery_id'], {('503',)}),{left: ("[FunctionalDependency:(s: {brewery_id}, t: {city})]", 0.0), operator: *, right: (1.0, 1.0), result: 0.0})
now error: 0.0
newest best op: Uniop(df,'city','Lyons',(['brewery_id'], {('503',)}),{left: ("[FunctionalDependency:(s: {brewery_id}, t: {city})]", 0.0), operator: *, right: (1.0, 1.0), result: 0.0})
now error: 0.0
Block processing time: 0.025684 seconds
Computing Block 92 out of 796
Processing Block size=2
begin cleaner{left: ("[FunctionalDependency:(s: {brewery_id}, t: {city})]", 0.0), operator: *, right: (1.0, 1.0), result: 0.0}
列 'p' 不存在，对列 city 不过滤，直接选择所有非无效值。
Block processing time: 0.001525 seconds
Computing Block 95 out of 796
Processing Block size=10
begin cleaner{left: ("[FunctionalDependency:(s: {brewery_id}, t: {city})]", 0.0), operator: *, right: (1.0, 1.0), result: 0.0}
列 'p' 不存在，对列 city 不过滤，直接选择所有非无效值。
Block processing time: 0.00705 seconds
Computing Block 96 out of 796
Processing Block size=2
begin cleaner{left: ("[FunctionalDependency:(s: {brewery_id}, t: {city})]", 0.0), operator: *, right: (1.0, 1.0), result: 0.0}
列 'p' 不存在，对列 city 不过滤，直接选择所有非无效值。
Block processing time: 0.001519 seconds
Computing Block 97 out of 796
Processing Block size=8
begin cleaner{left: ("[FunctionalDependency:(s: {brewery_id}, t: {city})]", 0.0), operator: *, right: (1.0, 1.0), result: 0.0}
列 'p' 不存在，对列 city 不过滤，直接选择所有非无效值。
clean_bool length:3
newest best op: Uniop(df,'city','Denver',(['brewery_id'], {('6',)}),{left: ("[FunctionalDependency:(s: {brewery_id}, t: {city})]", 0.0), operator: *, right: (1.0, 1.0), result: 0.0})
now error: 0.0
Block processing time: 0.017423 seconds
Computing Block 98 out of 796
Processing Block size=9
begin cleaner{left: ("[FunctionalDependency:(s: {brewery_id}, t: {city})]", 0.0), operator: *, right: (1.0, 1.0), result: 0.0}
列 'p' 不存在，对列 city 不过滤，直接选择所有非无效值。
clean_bool length:4
newest best op: Uniop(df,'city','Danv@@ille',(['brewery_id'], {('301',)}),{left: ("[FunctionalDependency:(s: {brewery_id}, t: {city})]", 0.0), operator: *, right: (1.0, 1.0), result: 0.0})
now error: 0.0
newest best op: Uniop(df,'city','Danville',(['brewery_id'], {('301',)}),{left: ("[FunctionalDependency:(s: {brewery_id}, t: {city})]", 0.0), operator: *, right: (1.0, 1.0), result: 0.0})
now error: 0.0
Block processing time: 0.026245 seconds
Computing Block 100 out of 796
Processing Block size=2
begin cleaner{left: ("[FunctionalDependency:(s: {brewery_id}, t: {city})]", 0.0), operator: *, right: (1.0, 1.0), result: 0.0}
列 'p' 不存在，对列 city 不过滤，直接选择所有非无效值。
Block processing time: 0.001505 seconds
Computing Block 101 out of 796
Processing Block size=2
begin cleaner{left: ("[FunctionalDependency:(s: {brewery_id}, t: {city})]", 0.0), operator: *, right: (1.0, 1.0), result: 0.0}
列 'p' 不存在，对列 city 不过滤，直接选择所有非无效值。
Block processing time: 0.001503 seconds
Computing Block 102 out of 796
Processing Block size=4
begin cleaner{left: ("[FunctionalDependency:(s: {brewery_id}, t: {city})]", 0.0), operator: *, right: (1.0, 1.0), result: 0.0}
列 'p' 不存在，对列 city 不过滤，直接选择所有非无效值。
Block processing time: 0.002886 seconds
Computing Block 103 out of 796
Processing Block size=15
begin cleaner{left: ("[FunctionalDependency:(s: {brewery_id}, t: {city})]", 0.0), operator: *, right: (1.0, 1.0), result: 0.0}
列 'p' 不存在，对列 city 不过滤，直接选择所有非无效值。
clean_bool length:5
newest best op: Uniop(df,'city','Boise',(['brewery_id'], {('309',)}),{left: ("[FunctionalDependency:(s: {brewery_id}, t: {city})]", 0.0), operator: *, right: (1.0, 1.0), result: 0.0})
now error: 0.0
Block processing time: 0.05339 seconds
Computing Block 105 out of 796
Processing Block size=7
begin cleaner{left: ("[FunctionalDependency:(s: {brewery_id}, t: {city})]", 0.0), operator: *, right: (1.0, 1.0), result: 0.0}
列 'p' 不存在，对列 city 不过滤，直接选择所有非无效值。
clean_bool length:3
newest best op: Uniop(df,'city','Buena Vi$sta#',(['brewery_id'], {('369',)}),{left: ("[FunctionalDependency:(s: {brewery_id}, t: {city})]", 0.0), operator: *, right: (1.0, 1.0), result: 0.0})
now error: 0.0
newest best op: Uniop(df,'city','Buena Vista',(['brewery_id'], {('369',)}),{left: ("[FunctionalDependency:(s: {brewery_id}, t: {city})]", 0.0), operator: *, right: (1.0, 1.0), result: 0.0})
now error: 0.0
Block processing time: 0.015528 seconds
Computing Block 108 out of 796
Processing Block size=2
begin cleaner{left: ("[FunctionalDependency:(s: {brewery_id}, t: {city})]", 0.0), operator: *, right: (1.0, 1.0), result: 0.0}
列 'p' 不存在，对列 city 不过滤，直接选择所有非无效值。
clean_bool length:3
newest best op: Uniop(df,'city','$Odessa$',(['brewery_id'], {('221',)}),{left: ("[FunctionalDependency:(s: {brewery_id}, t: {city})]", 0.0), operator: *, right: (1.0, 1.0), result: 0.0})
now error: 0.0
Block processing time: 0.005119 seconds
Computing Block 109 out of 796
Processing Block size=9
begin cleaner{left: ("[FunctionalDependency:(s: {brewery_id}, t: {city})]", 0.0), operator: *, right: (1.0, 1.0), result: 0.0}
列 'p' 不存在，对列 city 不过滤，直接选择所有非无效值。
clean_bool length:3
newest best op: Uniop(df,'city','Ch@#@ico',(['brewery_id'], {('83',)}),{left: ("[FunctionalDependency:(s: {brewery_id}, t: {city})]", 0.0), operator: *, right: (1.0, 1.0), result: 0.0})
now error: 0.0
newest best op: Uniop(df,'city','Chico',(['brewery_id'], {('83',)}),{left: ("[FunctionalDependency:(s: {brewery_id}, t: {city})]", 0.0), operator: *, right: (1.0, 1.0), result: 0.0})
now error: 0.0
Block processing time: 0.01945 seconds
Computing Block 110 out of 796
Processing Block size=5
begin cleaner{left: ("[FunctionalDependency:(s: {brewery_id}, t: {city})]", 0.0), operator: *, right: (1.0, 1.0), result: 0.0}
列 'p' 不存在，对列 city 不过滤，直接选择所有非无效值。
Block processing time: 0.003575 seconds
Computing Block 111 out of 796
Processing Block size=6
begin cleaner{left: ("[FunctionalDependency:(s: {brewery_id}, t: {city})]", 0.0), operator: *, right: (1.0, 1.0), result: 0.0}
列 'p' 不存在，对列 city 不过滤，直接选择所有非无效值。
Block processing time: 0.004307 seconds
Computing Block 115 out of 796
Processing Block size=4
begin cleaner{left: ("[FunctionalDependency:(s: {brewery_id}, t: {city})]", 0.0), operator: *, right: (1.0, 1.0), result: 0.0}
列 'p' 不存在，对列 city 不过滤，直接选择所有非无效值。
Block processing time: 0.002977 seconds
Computing Block 116 out of 796
Processing Block size=2
begin cleaner{left: ("[FunctionalDependency:(s: {brewery_id}, t: {city})]", 0.0), operator: *, right: (1.0, 1.0), result: 0.0}
列 'p' 不存在，对列 city 不过滤，直接选择所有非无效值。
Block processing time: 0.001533 seconds
Computing Block 117 out of 796
Processing Block size=3
begin cleaner{left: ("[FunctionalDependency:(s: {brewery_id}, t: {city})]", 0.0), operator: *, right: (1.0, 1.0), result: 0.0}
列 'p' 不存在，对列 city 不过滤，直接选择所有非无效值。
Block processing time: 0.002323 seconds
Computing Block 119 out of 796
Processing Block size=3
begin cleaner{left: ("[FunctionalDependency:(s: {brewery_id}, t: {city})]", 0.0), operator: *, right: (1.0, 1.0), result: 0.0}
列 'p' 不存在，对列 city 不过滤，直接选择所有非无效值。
Block processing time: 0.00231 seconds
Computing Block 124 out of 796
Processing Block size=2
begin cleaner{left: ("[FunctionalDependency:(s: {brewery_id}, t: {city})]", 0.0), operator: *, right: (1.0, 1.0), result: 0.0}
列 'p' 不存在，对列 city 不过滤，直接选择所有非无效值。
Block processing time: 0.00161 seconds
Computing Block 125 out of 796
Processing Block size=4
begin cleaner{left: ("[FunctionalDependency:(s: {brewery_id}, t: {city})]", 0.0), operator: *, right: (1.0, 1.0), result: 0.0}
列 'p' 不存在，对列 city 不过滤，直接选择所有非无效值。
Block processing time: 0.003062 seconds
Computing Block 128 out of 796
Processing Block size=6
begin cleaner{left: ("[FunctionalDependency:(s: {brewery_id}, t: {city})]", 0.0), operator: *, right: (1.0, 1.0), result: 0.0}
列 'p' 不存在，对列 city 不过滤，直接选择所有非无效值。
Block processing time: 0.004557 seconds
Computing Block 130 out of 796
Processing Block size=4
begin cleaner{left: ("[FunctionalDependency:(s: {brewery_id}, t: {city})]", 0.0), operator: *, right: (1.0, 1.0), result: 0.0}
列 'p' 不存在，对列 city 不过滤，直接选择所有非无效值。
Block processing time: 0.002919 seconds
Computing Block 131 out of 796
Processing Block size=2
begin cleaner{left: ("[FunctionalDependency:(s: {brewery_id}, t: {city})]", 0.0), operator: *, right: (1.0, 1.0), result: 0.0}
列 'p' 不存在，对列 city 不过滤，直接选择所有非无效值。
Block processing time: 0.001496 seconds
Computing Block 132 out of 796
Processing Block size=3
begin cleaner{left: ("[FunctionalDependency:(s: {brewery_id}, t: {city})]", 0.0), operator: *, right: (1.0, 1.0), result: 0.0}
列 'p' 不存在，对列 city 不过滤，直接选择所有非无效值。
Block processing time: 0.002198 seconds
Computing Block 136 out of 796
Processing Block size=12
begin cleaner{left: ("[FunctionalDependency:(s: {brewery_id}, t: {city})]", 0.0), operator: *, right: (1.0, 1.0), result: 0.0}
列 'p' 不存在，对列 city 不过滤，直接选择所有非无效值。
clean_bool length:3
newest best op: Uniop(df,'city','$Bro??oklyn Center',(['brewery_id'], {('61',)}),{left: ("[FunctionalDependency:(s: {brewery_id}, t: {city})]", 0.0), operator: *, right: (1.0, 1.0), result: 0.0})
now error: 0.0
newest best op: Uniop(df,'city','Brooklyn Center',(['brewery_id'], {('61',)}),{left: ("[FunctionalDependency:(s: {brewery_id}, t: {city})]", 0.0), operator: *, right: (1.0, 1.0), result: 0.0})
now error: 0.0
Block processing time: 0.026429 seconds
Computing Block 138 out of 796
Processing Block size=11
begin cleaner{left: ("[FunctionalDependency:(s: {brewery_id}, t: {city})]", 0.0), operator: *, right: (1.0, 1.0), result: 0.0}
列 'p' 不存在，对列 city 不过滤，直接选择所有非无效值。
clean_bool length:4
newest best op: Uniop(df,'city','Bosto??n',(['brewery_id'], {('234',)}),{left: ("[FunctionalDependency:(s: {brewery_id}, t: {city})]", 0.0), operator: *, right: (1.0, 1.0), result: 0.0})
now error: 0.0
newest best op: Uniop(df,'city','Boston',(['brewery_id'], {('234',)}),{left: ("[FunctionalDependency:(s: {brewery_id}, t: {city})]", 0.0), operator: *, right: (1.0, 1.0), result: 0.0})
now error: 0.0
Block processing time: 0.032343 seconds
Computing Block 139 out of 796
Processing Block size=2
begin cleaner{left: ("[FunctionalDependency:(s: {brewery_id}, t: {city})]", 0.0), operator: *, right: (1.0, 1.0), result: 0.0}
列 'p' 不存在，对列 city 不过滤，直接选择所有非无效值。
Block processing time: 0.001559 seconds
Computing Block 140 out of 796
Processing Block size=7
begin cleaner{left: ("[FunctionalDependency:(s: {brewery_id}, t: {city})]", 0.0), operator: *, right: (1.0, 1.0), result: 0.0}
列 'p' 不存在，对列 city 不过滤，直接选择所有非无效值。
clean_bool length:3
newest best op: Uniop(df,'city','Le$wis%ton',(['brewery_id'], {('292',)}),{left: ("[FunctionalDependency:(s: {brewery_id}, t: {city})]", 0.0), operator: *, right: (1.0, 1.0), result: 0.0})
now error: 0.0
newest best op: Uniop(df,'city','Lewiston',(['brewery_id'], {('292',)}),{left: ("[FunctionalDependency:(s: {brewery_id}, t: {city})]", 0.0), operator: *, right: (1.0, 1.0), result: 0.0})
now error: 0.0
Block processing time: 0.015801 seconds
Computing Block 141 out of 796
Processing Block size=8
begin cleaner{left: ("[FunctionalDependency:(s: {brewery_id}, t: {city})]", 0.0), operator: *, right: (1.0, 1.0), result: 0.0}
列 'p' 不存在，对列 city 不过滤，直接选择所有非无效值。
Block processing time: 0.00637 seconds
Computing Block 142 out of 796
Processing Block size=2
begin cleaner{left: ("[FunctionalDependency:(s: {brewery_id}, t: {city})]", 0.0), operator: *, right: (1.0, 1.0), result: 0.0}
列 'p' 不存在，对列 city 不过滤，直接选择所有非无效值。
Block processing time: 0.001589 seconds
Computing Block 146 out of 796
Processing Block size=2
begin cleaner{left: ("[FunctionalDependency:(s: {brewery_id}, t: {city})]", 0.0), operator: *, right: (1.0, 1.0), result: 0.0}
列 'p' 不存在，对列 city 不过滤，直接选择所有非无效值。
Block processing time: 0.001556 seconds
Computing Block 147 out of 796
Processing Block size=4
begin cleaner{left: ("[FunctionalDependency:(s: {brewery_id}, t: {city})]", 0.0), operator: *, right: (1.0, 1.0), result: 0.0}
列 'p' 不存在，对列 city 不过滤，直接选择所有非无效值。
clean_bool length:3
newest best op: Uniop(df,'city','Paso Robles',(['brewery_id'], {('48',)}),{left: ("[FunctionalDependency:(s: {brewery_id}, t: {city})]", 0.0), operator: *, right: (1.0, 1.0), result: 0.0})
now error: 0.0
Block processing time: 0.009852 seconds
Computing Block 150 out of 796
Processing Block size=2
begin cleaner{left: ("[FunctionalDependency:(s: {brewery_id}, t: {city})]", 0.0), operator: *, right: (1.0, 1.0), result: 0.0}
列 'p' 不存在，对列 city 不过滤，直接选择所有非无效值。
clean_bool length:3
newest best op: Uniop(df,'city','Mo@@nta$uk',(['brewery_id'], {('276',)}),{left: ("[FunctionalDependency:(s: {brewery_id}, t: {city})]", 0.0), operator: *, right: (1.0, 1.0), result: 0.0})
now error: 0.0
Block processing time: 0.005253 seconds
Computing Block 152 out of 796
Processing Block size=2
begin cleaner{left: ("[FunctionalDependency:(s: {brewery_id}, t: {city})]", 0.0), operator: *, right: (1.0, 1.0), result: 0.0}
列 'p' 不存在，对列 city 不过滤，直接选择所有非无效值。
Block processing time: 0.001565 seconds
Computing Block 154 out of 796
Processing Block size=2
begin cleaner{left: ("[FunctionalDependency:(s: {brewery_id}, t: {city})]", 0.0), operator: *, right: (1.0, 1.0), result: 0.0}
列 'p' 不存在，对列 city 不过滤，直接选择所有非无效值。
Block processing time: 0.001554 seconds
Computing Block 156 out of 796
Processing Block size=4
begin cleaner{left: ("[FunctionalDependency:(s: {brewery_id}, t: {city})]", 0.0), operator: *, right: (1.0, 1.0), result: 0.0}
列 'p' 不存在，对列 city 不过滤，直接选择所有非无效值。
clean_bool length:3
newest best op: Uniop(df,'city','Sacramento',(['brewery_id'], {('397',)}),{left: ("[FunctionalDependency:(s: {brewery_id}, t: {city})]", 0.0), operator: *, right: (1.0, 1.0), result: 0.0})
now error: 0.0
Block processing time: 0.009459 seconds
Computing Block 157 out of 796
Processing Block size=5
begin cleaner{left: ("[FunctionalDependency:(s: {brewery_id}, t: {city})]", 0.0), operator: *, right: (1.0, 1.0), result: 0.0}
列 'p' 不存在，对列 city 不过滤，直接选择所有非无效值。
clean_bool length:3
newest best op: Uniop(df,'city','Athens',(['brewery_id'], {('92',)}),{left: ("[FunctionalDependency:(s: {brewery_id}, t: {city})]", 0.0), operator: *, right: (1.0, 1.0), result: 0.0})
now error: 0.0
Block processing time: 0.011302 seconds
Computing Block 161 out of 796
Processing Block size=6
begin cleaner{left: ("[FunctionalDependency:(s: {brewery_id}, t: {city})]", 0.0), operator: *, right: (1.0, 1.0), result: 0.0}
列 'p' 不存在，对列 city 不过滤，直接选择所有非无效值。
Block processing time: 0.004365 seconds
Computing Block 162 out of 796
Processing Block size=4
begin cleaner{left: ("[FunctionalDependency:(s: {brewery_id}, t: {city})]", 0.0), operator: *, right: (1.0, 1.0), result: 0.0}
列 'p' 不存在，对列 city 不过滤，直接选择所有非无效值。
clean_bool length:4
newest best op: Uniop(df,'city','Crozet$',(['brewery_id'], {('383',)}),{left: ("[FunctionalDependency:(s: {brewery_id}, t: {city})]", 0.0), operator: *, right: (1.0, 1.0), result: 0.0})
now error: 0.0
newest best op: Uniop(df,'city','Crozet',(['brewery_id'], {('383',)}),{left: ("[FunctionalDependency:(s: {brewery_id}, t: {city})]", 0.0), operator: *, right: (1.0, 1.0), result: 0.0})
now error: 0.0
Block processing time: 0.012334 seconds
Computing Block 163 out of 796
Processing Block size=3
begin cleaner{left: ("[FunctionalDependency:(s: {brewery_id}, t: {city})]", 0.0), operator: *, right: (1.0, 1.0), result: 0.0}
列 'p' 不存在，对列 city 不过滤，直接选择所有非无效值。
Block processing time: 0.002309 seconds
Computing Block 164 out of 796
Processing Block size=2
begin cleaner{left: ("[FunctionalDependency:(s: {brewery_id}, t: {city})]", 0.0), operator: *, right: (1.0, 1.0), result: 0.0}
列 'p' 不存在，对列 city 不过滤，直接选择所有非无效值。
Block processing time: 0.001498 seconds
Computing Block 166 out of 796
Processing Block size=4
begin cleaner{left: ("[FunctionalDependency:(s: {brewery_id}, t: {city})]", 0.0), operator: *, right: (1.0, 1.0), result: 0.0}
列 'p' 不存在，对列 city 不过滤，直接选择所有非无效值。
clean_bool length:3
newest best op: Uniop(df,'city','??Tam%pa',(['brewery_id'], {('308',)}),{left: ("[FunctionalDependency:(s: {brewery_id}, t: {city})]", 0.0), operator: *, right: (1.0, 1.0), result: 0.0})
now error: 0.0
newest best op: Uniop(df,'city','Tampa',(['brewery_id'], {('308',)}),{left: ("[FunctionalDependency:(s: {brewery_id}, t: {city})]", 0.0), operator: *, right: (1.0, 1.0), result: 0.0})
now error: 0.0
Block processing time: 0.009807 seconds
Computing Block 167 out of 796
Processing Block size=16
begin cleaner{left: ("[FunctionalDependency:(s: {brewery_id}, t: {city})]", 0.0), operator: *, right: (1.0, 1.0), result: 0.0}
列 'p' 不存在，对列 city 不过滤，直接选择所有非无效值。
Block processing time: 0.0123 seconds
Computing Block 168 out of 796
Processing Block size=4
begin cleaner{left: ("[FunctionalDependency:(s: {brewery_id}, t: {city})]", 0.0), operator: *, right: (1.0, 1.0), result: 0.0}
列 'p' 不存在，对列 city 不过滤，直接选择所有非无效值。
Block processing time: 0.00328 seconds
Computing Block 169 out of 796
Processing Block size=5
begin cleaner{left: ("[FunctionalDependency:(s: {brewery_id}, t: {city})]", 0.0), operator: *, right: (1.0, 1.0), result: 0.0}
列 'p' 不存在，对列 city 不过滤，直接选择所有非无效值。
Block processing time: 0.003956 seconds
Computing Block 172 out of 796
Processing Block size=3
begin cleaner{left: ("[FunctionalDependency:(s: {brewery_id}, t: {city})]", 0.0), operator: *, right: (1.0, 1.0), result: 0.0}
列 'p' 不存在，对列 city 不过滤，直接选择所有非无效值。
Block processing time: 0.002778 seconds
Computing Block 173 out of 796
Processing Block size=3
begin cleaner{left: ("[FunctionalDependency:(s: {brewery_id}, t: {city})]", 0.0), operator: *, right: (1.0, 1.0), result: 0.0}
列 'p' 不存在，对列 city 不过滤，直接选择所有非无效值。
Block processing time: 0.002528 seconds
Computing Block 175 out of 796
Processing Block size=3
begin cleaner{left: ("[FunctionalDependency:(s: {brewery_id}, t: {city})]", 0.0), operator: *, right: (1.0, 1.0), result: 0.0}
列 'p' 不存在，对列 city 不过滤，直接选择所有非无效值。
Block processing time: 0.002503 seconds
Computing Block 180 out of 796
Processing Block size=10
begin cleaner{left: ("[FunctionalDependency:(s: {brewery_id}, t: {city})]", 0.0), operator: *, right: (1.0, 1.0), result: 0.0}
列 'p' 不存在，对列 city 不过滤，直接选择所有非无效值。
Block processing time: 0.007753 seconds
Computing Block 181 out of 796
Processing Block size=4
begin cleaner{left: ("[FunctionalDependency:(s: {brewery_id}, t: {city})]", 0.0), operator: *, right: (1.0, 1.0), result: 0.0}
列 'p' 不存在，对列 city 不过滤，直接选择所有非无效值。
Block processing time: 0.003167 seconds
Computing Block 182 out of 796
Processing Block size=4
begin cleaner{left: ("[FunctionalDependency:(s: {brewery_id}, t: {city})]", 0.0), operator: *, right: (1.0, 1.0), result: 0.0}
列 'p' 不存在，对列 city 不过滤，直接选择所有非无效值。
Block processing time: 0.003342 seconds
Computing Block 184 out of 796
Processing Block size=2
begin cleaner{left: ("[FunctionalDependency:(s: {brewery_id}, t: {city})]", 0.0), operator: *, right: (1.0, 1.0), result: 0.0}
列 'p' 不存在，对列 city 不过滤，直接选择所有非无效值。
clean_bool length:3
newest best op: Uniop(df,'city','#Somerset $Center',(['brewery_id'], {('254',)}),{left: ("[FunctionalDependency:(s: {brewery_id}, t: {city})]", 0.0), operator: *, right: (1.0, 1.0), result: 0.0})
now error: 0.0
Block processing time: 0.005724 seconds
Computing Block 186 out of 796
Processing Block size=5
begin cleaner{left: ("[FunctionalDependency:(s: {brewery_id}, t: {city})]", 0.0), operator: *, right: (1.0, 1.0), result: 0.0}
列 'p' 不存在，对列 city 不过滤，直接选择所有非无效值。
clean_bool length:3
newest best op: Uniop(df,'city','Be$lfast',(['brewery_id'], {('317',)}),{left: ("[FunctionalDependency:(s: {brewery_id}, t: {city})]", 0.0), operator: *, right: (1.0, 1.0), result: 0.0})
now error: 0.0
newest best op: Uniop(df,'city','Belfast',(['brewery_id'], {('317',)}),{left: ("[FunctionalDependency:(s: {brewery_id}, t: {city})]", 0.0), operator: *, right: (1.0, 1.0), result: 0.0})
now error: 0.0
Block processing time: 0.012171 seconds
Computing Block 189 out of 796
Processing Block size=3
begin cleaner{left: ("[FunctionalDependency:(s: {brewery_id}, t: {city})]", 0.0), operator: *, right: (1.0, 1.0), result: 0.0}
列 'p' 不存在，对列 city 不过滤，直接选择所有非无效值。
Block processing time: 0.002489 seconds
Computing Block 190 out of 796
Processing Block size=3
begin cleaner{left: ("[FunctionalDependency:(s: {brewery_id}, t: {city})]", 0.0), operator: *, right: (1.0, 1.0), result: 0.0}
列 'p' 不存在，对列 city 不过滤，直接选择所有非无效值。
clean_bool length:3
newest best op: Uniop(df,'city','Boul@@der',(['brewery_id'], {('421',)}),{left: ("[FunctionalDependency:(s: {brewery_id}, t: {city})]", 0.0), operator: *, right: (1.0, 1.0), result: 0.0})
now error: 0.0
newest best op: Uniop(df,'city','Boulder',(['brewery_id'], {('421',)}),{left: ("[FunctionalDependency:(s: {brewery_id}, t: {city})]", 0.0), operator: *, right: (1.0, 1.0), result: 0.0})
now error: 0.0
Block processing time: 0.007893 seconds
Computing Block 191 out of 796
Processing Block size=2
begin cleaner{left: ("[FunctionalDependency:(s: {brewery_id}, t: {city})]", 0.0), operator: *, right: (1.0, 1.0), result: 0.0}
列 'p' 不存在，对列 city 不过滤，直接选择所有非无效值。
Block processing time: 0.001684 seconds
Computing Block 193 out of 796
Processing Block size=2
begin cleaner{left: ("[FunctionalDependency:(s: {brewery_id}, t: {city})]", 0.0), operator: *, right: (1.0, 1.0), result: 0.0}
列 'p' 不存在，对列 city 不过滤，直接选择所有非无效值。
Block processing time: 0.001765 seconds
Computing Block 194 out of 796
Processing Block size=2
begin cleaner{left: ("[FunctionalDependency:(s: {brewery_id}, t: {city})]", 0.0), operator: *, right: (1.0, 1.0), result: 0.0}
列 'p' 不存在，对列 city 不过滤，直接选择所有非无效值。
Block processing time: 0.001764 seconds
Computing Block 198 out of 796
Processing Block size=5
begin cleaner{left: ("[FunctionalDependency:(s: {brewery_id}, t: {city})]", 0.0), operator: *, right: (1.0, 1.0), result: 0.0}
列 'p' 不存在，对列 city 不过滤，直接选择所有非无效值。
Block processing time: 0.004097 seconds
Computing Block 201 out of 796
Processing Block size=3
begin cleaner{left: ("[FunctionalDependency:(s: {brewery_id}, t: {city})]", 0.0), operator: *, right: (1.0, 1.0), result: 0.0}
列 'p' 不存在，对列 city 不过滤，直接选择所有非无效值。
Block processing time: 0.002404 seconds
Computing Block 203 out of 796
Processing Block size=3
begin cleaner{left: ("[FunctionalDependency:(s: {brewery_id}, t: {city})]", 0.0), operator: *, right: (1.0, 1.0), result: 0.0}
列 'p' 不存在，对列 city 不过滤，直接选择所有非无效值。
Block processing time: 0.002337 seconds
Computing Block 204 out of 796
Processing Block size=3
begin cleaner{left: ("[FunctionalDependency:(s: {brewery_id}, t: {city})]", 0.0), operator: *, right: (1.0, 1.0), result: 0.0}
列 'p' 不存在，对列 city 不过滤，直接选择所有非无效值。
clean_bool length:3
newest best op: Uniop(df,'city','Dayton',(['brewery_id'], {('94',)}),{left: ("[FunctionalDependency:(s: {brewery_id}, t: {city})]", 0.0), operator: *, right: (1.0, 1.0), result: 0.0})
now error: 0.0
Block processing time: 0.007468 seconds
Computing Block 206 out of 796
Processing Block size=2
begin cleaner{left: ("[FunctionalDependency:(s: {brewery_id}, t: {city})]", 0.0), operator: *, right: (1.0, 1.0), result: 0.0}
列 'p' 不存在，对列 city 不过滤，直接选择所有非无效值。
Block processing time: 0.001568 seconds
Computing Block 207 out of 796
Processing Block size=7
begin cleaner{left: ("[FunctionalDependency:(s: {brewery_id}, t: {city})]", 0.0), operator: *, right: (1.0, 1.0), result: 0.0}
列 'p' 不存在，对列 city 不过滤，直接选择所有非无效值。
clean_bool length:3
newest best op: Uniop(df,'city','Santa Fe',(['brewery_id'], {('392',)}),{left: ("[FunctionalDependency:(s: {brewery_id}, t: {city})]", 0.0), operator: *, right: (1.0, 1.0), result: 0.0})
now error: 0.0
Block processing time: 0.015499 seconds
Computing Block 210 out of 796
Processing Block size=4
begin cleaner{left: ("[FunctionalDependency:(s: {brewery_id}, t: {city})]", 0.0), operator: *, right: (1.0, 1.0), result: 0.0}
列 'p' 不存在，对列 city 不过滤，直接选择所有非无效值。
Block processing time: 0.002937 seconds
Computing Block 211 out of 796
Processing Block size=2
begin cleaner{left: ("[FunctionalDependency:(s: {brewery_id}, t: {city})]", 0.0), operator: *, right: (1.0, 1.0), result: 0.0}
列 'p' 不存在，对列 city 不过滤，直接选择所有非无效值。
Block processing time: 0.001497 seconds
Computing Block 212 out of 796
Processing Block size=5
begin cleaner{left: ("[FunctionalDependency:(s: {brewery_id}, t: {city})]", 0.0), operator: *, right: (1.0, 1.0), result: 0.0}
列 'p' 不存在，对列 city 不过滤，直接选择所有非无效值。
Block processing time: 0.003615 seconds
Computing Block 214 out of 796
Processing Block size=4
begin cleaner{left: ("[FunctionalDependency:(s: {brewery_id}, t: {city})]", 0.0), operator: *, right: (1.0, 1.0), result: 0.0}
列 'p' 不存在，对列 city 不过滤，直接选择所有非无效值。
Block processing time: 0.002895 seconds
Computing Block 215 out of 796
Processing Block size=4
begin cleaner{left: ("[FunctionalDependency:(s: {brewery_id}, t: {city})]", 0.0), operator: *, right: (1.0, 1.0), result: 0.0}
列 'p' 不存在，对列 city 不过滤，直接选择所有非无效值。
Block processing time: 0.002889 seconds
Computing Block 218 out of 796
Processing Block size=3
begin cleaner{left: ("[FunctionalDependency:(s: {brewery_id}, t: {city})]", 0.0), operator: *, right: (1.0, 1.0), result: 0.0}
列 'p' 不存在，对列 city 不过滤，直接选择所有非无效值。
Block processing time: 0.002193 seconds
Computing Block 219 out of 796
Processing Block size=3
begin cleaner{left: ("[FunctionalDependency:(s: {brewery_id}, t: {city})]", 0.0), operator: *, right: (1.0, 1.0), result: 0.0}
列 'p' 不存在，对列 city 不过滤，直接选择所有非无效值。
clean_bool length:4
newest best op: Uniop(df,'city','Abita@@ Springs',(['brewery_id'], {('533',)}),{left: ("[FunctionalDependency:(s: {brewery_id}, t: {city})]", 0.0), operator: *, right: (1.0, 1.0), result: 0.0})
now error: 0.0
newest best op: Uniop(df,'city','Abita Springs',(['brewery_id'], {('533',)}),{left: ("[FunctionalDependency:(s: {brewery_id}, t: {city})]", 0.0), operator: *, right: (1.0, 1.0), result: 0.0})
now error: 0.0
Block processing time: 0.009683 seconds
Computing Block 220 out of 796
Processing Block size=7
begin cleaner{left: ("[FunctionalDependency:(s: {brewery_id}, t: {city})]", 0.0), operator: *, right: (1.0, 1.0), result: 0.0}
列 'p' 不存在，对列 city 不过滤，直接选择所有非无效值。
Block processing time: 0.005004 seconds
Computing Block 227 out of 796
Processing Block size=3
begin cleaner{left: ("[FunctionalDependency:(s: {brewery_id}, t: {city})]", 0.0), operator: *, right: (1.0, 1.0), result: 0.0}
列 'p' 不存在，对列 city 不过滤，直接选择所有非无效值。
Block processing time: 0.002203 seconds
Computing Block 235 out of 796
Processing Block size=60
begin cleaner{left: ("[FunctionalDependency:(s: {brewery_id}, t: {city})]", 0.0), operator: *, right: (1.0, 1.0), result: 0.0}
列 'p' 不存在，对列 city 不过滤，直接选择所有非无效值。
clean_bool length:6
newest best op: Uniop(df,'city','G??rand Rapids',(['brewery_id'], {('10',)}),{left: ("[FunctionalDependency:(s: {brewery_id}, t: {city})]", 0.0), operator: *, right: (1.0, 1.0), result: 0.0})
now error: 0.0
newest best op: Uniop(df,'city','Grand Rapids',(['brewery_id'], {('10',)}),{left: ("[FunctionalDependency:(s: {brewery_id}, t: {city})]", 0.0), operator: *, right: (1.0, 1.0), result: 0.0})
now error: 0.0
Block processing time: 0.259203 seconds
Computing Block 236 out of 796
Processing Block size=2
begin cleaner{left: ("[FunctionalDependency:(s: {brewery_id}, t: {city})]", 0.0), operator: *, right: (1.0, 1.0), result: 0.0}
列 'p' 不存在，对列 city 不过滤，直接选择所有非无效值。
Block processing time: 0.001562 seconds
Computing Block 238 out of 796
Processing Block size=5
begin cleaner{left: ("[FunctionalDependency:(s: {brewery_id}, t: {city})]", 0.0), operator: *, right: (1.0, 1.0), result: 0.0}
列 'p' 不存在，对列 city 不过滤，直接选择所有非无效值。
Block processing time: 0.003598 seconds
Computing Block 241 out of 796
Processing Block size=4
begin cleaner{left: ("[FunctionalDependency:(s: {brewery_id}, t: {city})]", 0.0), operator: *, right: (1.0, 1.0), result: 0.0}
列 'p' 不存在，对列 city 不过滤，直接选择所有非无效值。
Block processing time: 0.002887 seconds
Computing Block 243 out of 796
Processing Block size=6
begin cleaner{left: ("[FunctionalDependency:(s: {brewery_id}, t: {city})]", 0.0), operator: *, right: (1.0, 1.0), result: 0.0}
列 'p' 不存在，对列 city 不过滤，直接选择所有非无效值。
Block processing time: 0.004285 seconds
Computing Block 244 out of 796
Processing Block size=2
begin cleaner{left: ("[FunctionalDependency:(s: {brewery_id}, t: {city})]", 0.0), operator: *, right: (1.0, 1.0), result: 0.0}
列 'p' 不存在，对列 city 不过滤，直接选择所有非无效值。
Block processing time: 0.001484 seconds
Computing Block 245 out of 796
Processing Block size=5
begin cleaner{left: ("[FunctionalDependency:(s: {brewery_id}, t: {city})]", 0.0), operator: *, right: (1.0, 1.0), result: 0.0}
列 'p' 不存在，对列 city 不过滤，直接选择所有非无效值。
Block processing time: 0.003557 seconds
Computing Block 248 out of 796
Processing Block size=3
begin cleaner{left: ("[FunctionalDependency:(s: {brewery_id}, t: {city})]", 0.0), operator: *, right: (1.0, 1.0), result: 0.0}
列 'p' 不存在，对列 city 不过滤，直接选择所有非无效值。
clean_bool length:3
newest best op: Uniop(df,'city','Columbu@@s',(['brewery_id'], {('105',)}),{left: ("[FunctionalDependency:(s: {brewery_id}, t: {city})]", 0.0), operator: *, right: (1.0, 1.0), result: 0.0})
now error: 0.0
newest best op: Uniop(df,'city','Columbus',(['brewery_id'], {('105',)}),{left: ("[FunctionalDependency:(s: {brewery_id}, t: {city})]", 0.0), operator: *, right: (1.0, 1.0), result: 0.0})
now error: 0.0
Block processing time: 0.007231 seconds
Computing Block 249 out of 796
Processing Block size=8
begin cleaner{left: ("[FunctionalDependency:(s: {brewery_id}, t: {city})]", 0.0), operator: *, right: (1.0, 1.0), result: 0.0}
列 'p' 不存在，对列 city 不过滤，直接选择所有非无效值。
clean_bool length:3
newest best op: Uniop(df,'city','Sai?#?nt Louis',(['brewery_id'], {('60',)}),{left: ("[FunctionalDependency:(s: {brewery_id}, t: {city})]", 0.0), operator: *, right: (1.0, 1.0), result: 0.0})
now error: 0.0
newest best op: Uniop(df,'city','Saint Louis',(['brewery_id'], {('60',)}),{left: ("[FunctionalDependency:(s: {brewery_id}, t: {city})]", 0.0), operator: *, right: (1.0, 1.0), result: 0.0})
now error: 0.0
Block processing time: 0.017516 seconds
Computing Block 250 out of 796
Processing Block size=3
begin cleaner{left: ("[FunctionalDependency:(s: {brewery_id}, t: {city})]", 0.0), operator: *, right: (1.0, 1.0), result: 0.0}
列 'p' 不存在，对列 city 不过滤，直接选择所有非无效值。
Block processing time: 0.002222 seconds
Computing Block 251 out of 796
Processing Block size=2
begin cleaner{left: ("[FunctionalDependency:(s: {brewery_id}, t: {city})]", 0.0), operator: *, right: (1.0, 1.0), result: 0.0}
列 'p' 不存在，对列 city 不过滤，直接选择所有非无效值。
Block processing time: 0.001545 seconds
Computing Block 253 out of 796
Processing Block size=5
begin cleaner{left: ("[FunctionalDependency:(s: {brewery_id}, t: {city})]", 0.0), operator: *, right: (1.0, 1.0), result: 0.0}
列 'p' 不存在，对列 city 不过滤，直接选择所有非无效值。
Block processing time: 0.003615 seconds
Computing Block 254 out of 796
Processing Block size=5
begin cleaner{left: ("[FunctionalDependency:(s: {brewery_id}, t: {city})]", 0.0), operator: *, right: (1.0, 1.0), result: 0.0}
列 'p' 不存在，对列 city 不过滤，直接选择所有非无效值。
Block processing time: 0.00358 seconds
Computing Block 258 out of 796
Processing Block size=2
begin cleaner{left: ("[FunctionalDependency:(s: {brewery_id}, t: {city})]", 0.0), operator: *, right: (1.0, 1.0), result: 0.0}
列 'p' 不存在，对列 city 不过滤，直接选择所有非无效值。
Block processing time: 0.001516 seconds
Computing Block 259 out of 796
Processing Block size=6
begin cleaner{left: ("[FunctionalDependency:(s: {brewery_id}, t: {city})]", 0.0), operator: *, right: (1.0, 1.0), result: 0.0}
列 'p' 不存在，对列 city 不过滤，直接选择所有非无效值。
Block processing time: 0.004248 seconds
Computing Block 264 out of 796
Processing Block size=3
begin cleaner{left: ("[FunctionalDependency:(s: {brewery_id}, t: {city})]", 0.0), operator: *, right: (1.0, 1.0), result: 0.0}
列 'p' 不存在，对列 city 不过滤，直接选择所有非无效值。
clean_bool length:3
newest best op: Uniop(df,'city','Menominie',(['brewery_id'], {('456',)}),{left: ("[FunctionalDependency:(s: {brewery_id}, t: {city})]", 0.0), operator: *, right: (1.0, 1.0), result: 0.0})
now error: 0.0
Block processing time: 0.007291 seconds
Computing Block 267 out of 796
Processing Block size=3
begin cleaner{left: ("[FunctionalDependency:(s: {brewery_id}, t: {city})]", 0.0), operator: *, right: (1.0, 1.0), result: 0.0}
列 'p' 不存在，对列 city 不过滤，直接选择所有非无效值。
Block processing time: 0.002232 seconds
Computing Block 269 out of 796
Processing Block size=7
begin cleaner{left: ("[FunctionalDependency:(s: {brewery_id}, t: {city})]", 0.0), operator: *, right: (1.0, 1.0), result: 0.0}
列 'p' 不存在，对列 city 不过滤，直接选择所有非无效值。
Block processing time: 0.004949 seconds
Computing Block 270 out of 796
Processing Block size=3
begin cleaner{left: ("[FunctionalDependency:(s: {brewery_id}, t: {city})]", 0.0), operator: *, right: (1.0, 1.0), result: 0.0}
列 'p' 不存在，对列 city 不过滤，直接选择所有非无效值。
Block processing time: 0.002199 seconds
Computing Block 272 out of 796
Processing Block size=2
begin cleaner{left: ("[FunctionalDependency:(s: {brewery_id}, t: {city})]", 0.0), operator: *, right: (1.0, 1.0), result: 0.0}
列 'p' 不存在，对列 city 不过滤，直接选择所有非无效值。
clean_bool length:3
newest best op: Uniop(df,'city','San D$ie$go',(['brewery_id'], {('288',)}),{left: ("[FunctionalDependency:(s: {brewery_id}, t: {city})]", 0.0), operator: *, right: (1.0, 1.0), result: 0.0})
now error: 0.0
Block processing time: 0.005118 seconds
Computing Block 273 out of 796
Processing Block size=2
begin cleaner{left: ("[FunctionalDependency:(s: {brewery_id}, t: {city})]", 0.0), operator: *, right: (1.0, 1.0), result: 0.0}
列 'p' 不存在，对列 city 不过滤，直接选择所有非无效值。
Block processing time: 0.001499 seconds
Computing Block 276 out of 796
Processing Block size=4
begin cleaner{left: ("[FunctionalDependency:(s: {brewery_id}, t: {city})]", 0.0), operator: *, right: (1.0, 1.0), result: 0.0}
列 'p' 不存在，对列 city 不过滤，直接选择所有非无效值。
clean_bool length:3
newest best op: Uniop(df,'city','Seven Points',(['brewery_id'], {('29',)}),{left: ("[FunctionalDependency:(s: {brewery_id}, t: {city})]", 0.0), operator: *, right: (1.0, 1.0), result: 0.0})
now error: 0.0
Block processing time: 0.009207 seconds
Computing Block 277 out of 796
Processing Block size=9
begin cleaner{left: ("[FunctionalDependency:(s: {brewery_id}, t: {city})]", 0.0), operator: *, right: (1.0, 1.0), result: 0.0}
列 'p' 不存在，对列 city 不过滤，直接选择所有非无效值。
clean_bool length:5
newest best op: Uniop(df,'city','D@@#allas',(['brewery_id'], {('127',)}),{left: ("[FunctionalDependency:(s: {brewery_id}, t: {city})]", 0.0), operator: *, right: (1.0, 1.0), result: 0.0})
now error: 0.0
newest best op: Uniop(df,'city','Dallas',(['brewery_id'], {('127',)}),{left: ("[FunctionalDependency:(s: {brewery_id}, t: {city})]", 0.0), operator: *, right: (1.0, 1.0), result: 0.0})
now error: 0.0
Block processing time: 0.032513 seconds
Computing Block 280 out of 796
Processing Block size=7
begin cleaner{left: ("[FunctionalDependency:(s: {brewery_id}, t: {city})]", 0.0), operator: *, right: (1.0, 1.0), result: 0.0}
列 'p' 不存在，对列 city 不过滤，直接选择所有非无效值。
clean_bool length:3
newest best op: Uniop(df,'city','Denver',(['brewery_id'], {('424',)}),{left: ("[FunctionalDependency:(s: {brewery_id}, t: {city})]", 0.0), operator: *, right: (1.0, 1.0), result: 0.0})
now error: 0.0
Block processing time: 0.015212 seconds
Computing Block 281 out of 796
Processing Block size=2
begin cleaner{left: ("[FunctionalDependency:(s: {brewery_id}, t: {city})]", 0.0), operator: *, right: (1.0, 1.0), result: 0.0}
列 'p' 不存在，对列 city 不过滤，直接选择所有非无效值。
Block processing time: 0.001518 seconds
Computing Block 283 out of 796
Processing Block size=2
begin cleaner{left: ("[FunctionalDependency:(s: {brewery_id}, t: {city})]", 0.0), operator: *, right: (1.0, 1.0), result: 0.0}
列 'p' 不存在，对列 city 不过滤，直接选择所有非无效值。
clean_bool length:3
newest best op: Uniop(df,'city','South Lyon',(['brewery_id'], {('14',)}),{left: ("[FunctionalDependency:(s: {brewery_id}, t: {city})]", 0.0), operator: *, right: (1.0, 1.0), result: 0.0})
now error: 0.0
Block processing time: 0.005099 seconds
Computing Block 285 out of 796
Processing Block size=3
begin cleaner{left: ("[FunctionalDependency:(s: {brewery_id}, t: {city})]", 0.0), operator: *, right: (1.0, 1.0), result: 0.0}
列 'p' 不存在，对列 city 不过滤，直接选择所有非无效值。
Block processing time: 0.0022 seconds
Computing Block 289 out of 796
Processing Block size=16
begin cleaner{left: ("[FunctionalDependency:(s: {brewery_id}, t: {city})]", 0.0), operator: *, right: (1.0, 1.0), result: 0.0}
列 'p' 不存在，对列 city 不过滤，直接选择所有非无效值。
Block processing time: 0.011169 seconds
Computing Block 290 out of 796
Processing Block size=2
begin cleaner{left: ("[FunctionalDependency:(s: {brewery_id}, t: {city})]", 0.0), operator: *, right: (1.0, 1.0), result: 0.0}
列 'p' 不存在，对列 city 不过滤，直接选择所有非无效值。
Block processing time: 0.001534 seconds
Computing Block 291 out of 796
Processing Block size=5
begin cleaner{left: ("[FunctionalDependency:(s: {brewery_id}, t: {city})]", 0.0), operator: *, right: (1.0, 1.0), result: 0.0}
列 'p' 不存在，对列 city 不过滤，直接选择所有非无效值。
clean_bool length:3
newest best op: Uniop(df,'city','Arvada',(['brewery_id'], {('148',)}),{left: ("[FunctionalDependency:(s: {brewery_id}, t: {city})]", 0.0), operator: *, right: (1.0, 1.0), result: 0.0})
now error: 0.0
Block processing time: 0.011158 seconds
Computing Block 292 out of 796
Processing Block size=3
begin cleaner{left: ("[FunctionalDependency:(s: {brewery_id}, t: {city})]", 0.0), operator: *, right: (1.0, 1.0), result: 0.0}
列 'p' 不存在，对列 city 不过滤，直接选择所有非无效值。
clean_bool length:3
newest best op: Uniop(df,'city','Pittsburgh',(['brewery_id'], {('297',)}),{left: ("[FunctionalDependency:(s: {brewery_id}, t: {city})]", 0.0), operator: *, right: (1.0, 1.0), result: 0.0})
now error: 0.0
Block processing time: 0.007536 seconds
Computing Block 295 out of 796
Processing Block size=17
begin cleaner{left: ("[FunctionalDependency:(s: {brewery_id}, t: {city})]", 0.0), operator: *, right: (1.0, 1.0), result: 0.0}
列 'p' 不存在，对列 city 不过滤，直接选择所有非无效值。
clean_bool length:4
newest best op: Uniop(df,'city','Eagle',(['brewery_id'], {('107',)}),{left: ("[FunctionalDependency:(s: {brewery_id}, t: {city})]", 0.0), operator: *, right: (1.0, 1.0), result: 0.0})
now error: 0.0
Block processing time: 0.048199 seconds
Computing Block 297 out of 796
Processing Block size=2
begin cleaner{left: ("[FunctionalDependency:(s: {brewery_id}, t: {city})]", 0.0), operator: *, right: (1.0, 1.0), result: 0.0}
列 'p' 不存在，对列 city 不过滤，直接选择所有非无效值。
Block processing time: 0.001526 seconds
Computing Block 299 out of 796
Processing Block size=2
begin cleaner{left: ("[FunctionalDependency:(s: {brewery_id}, t: {city})]", 0.0), operator: *, right: (1.0, 1.0), result: 0.0}
列 'p' 不存在，对列 city 不过滤，直接选择所有非无效值。
Block processing time: 0.00151 seconds
Computing Block 305 out of 796
Processing Block size=2
begin cleaner{left: ("[FunctionalDependency:(s: {brewery_id}, t: {city})]", 0.0), operator: *, right: (1.0, 1.0), result: 0.0}
列 'p' 不存在，对列 city 不过滤，直接选择所有非无效值。
Block processing time: 0.0015 seconds
Computing Block 306 out of 796
Processing Block size=3
begin cleaner{left: ("[FunctionalDependency:(s: {brewery_id}, t: {city})]", 0.0), operator: *, right: (1.0, 1.0), result: 0.0}
列 'p' 不存在，对列 city 不过滤，直接选择所有非无效值。
Block processing time: 0.002178 seconds
Computing Block 308 out of 796
Processing Block size=3
begin cleaner{left: ("[FunctionalDependency:(s: {brewery_id}, t: {city})]", 0.0), operator: *, right: (1.0, 1.0), result: 0.0}
列 'p' 不存在，对列 city 不过滤，直接选择所有非无效值。
clean_bool length:4
newest best op: Uniop(df,'city','F$arg$o',(['brewery_id'], {('335',)}),{left: ("[FunctionalDependency:(s: {brewery_id}, t: {city})]", 0.0), operator: *, right: (1.0, 1.0), result: 0.0})
now error: 0.0
newest best op: Uniop(df,'city','Fargo',(['brewery_id'], {('335',)}),{left: ("[FunctionalDependency:(s: {brewery_id}, t: {city})]", 0.0), operator: *, right: (1.0, 1.0), result: 0.0})
now error: 0.0
Block processing time: 0.009651 seconds
Computing Block 309 out of 796
Processing Block size=3
begin cleaner{left: ("[FunctionalDependency:(s: {brewery_id}, t: {city})]", 0.0), operator: *, right: (1.0, 1.0), result: 0.0}
列 'p' 不存在，对列 city 不过滤，直接选择所有非无效值。
Block processing time: 0.002205 seconds
Computing Block 311 out of 796
Processing Block size=2
begin cleaner{left: ("[FunctionalDependency:(s: {brewery_id}, t: {city})]", 0.0), operator: *, right: (1.0, 1.0), result: 0.0}
列 'p' 不存在，对列 city 不过滤，直接选择所有非无效值。
Block processing time: 0.0015 seconds
Computing Block 313 out of 796
Processing Block size=2
begin cleaner{left: ("[FunctionalDependency:(s: {brewery_id}, t: {city})]", 0.0), operator: *, right: (1.0, 1.0), result: 0.0}
列 'p' 不存在，对列 city 不过滤，直接选择所有非无效值。
Block processing time: 0.001523 seconds
Computing Block 314 out of 796
Processing Block size=13
begin cleaner{left: ("[FunctionalDependency:(s: {brewery_id}, t: {city})]", 0.0), operator: *, right: (1.0, 1.0), result: 0.0}
列 'p' 不存在，对列 city 不过滤，直接选择所有非无效值。
Block processing time: 0.00919 seconds
Computing Block 317 out of 796
Processing Block size=2
begin cleaner{left: ("[FunctionalDependency:(s: {brewery_id}, t: {city})]", 0.0), operator: *, right: (1.0, 1.0), result: 0.0}
列 'p' 不存在，对列 city 不过滤，直接选择所有非无效值。
Block processing time: 0.001495 seconds
Computing Block 318 out of 796
Processing Block size=4
begin cleaner{left: ("[FunctionalDependency:(s: {brewery_id}, t: {city})]", 0.0), operator: *, right: (1.0, 1.0), result: 0.0}
列 'p' 不存在，对列 city 不过滤，直接选择所有非无效值。
Block processing time: 0.002917 seconds
Computing Block 319 out of 796
Processing Block size=2
begin cleaner{left: ("[FunctionalDependency:(s: {brewery_id}, t: {city})]", 0.0), operator: *, right: (1.0, 1.0), result: 0.0}
列 'p' 不存在，对列 city 不过滤，直接选择所有非无效值。
Block processing time: 0.001502 seconds
Computing Block 320 out of 796
Processing Block size=3
begin cleaner{left: ("[FunctionalDependency:(s: {brewery_id}, t: {city})]", 0.0), operator: *, right: (1.0, 1.0), result: 0.0}
列 'p' 不存在，对列 city 不过滤，直接选择所有非无效值。
Block processing time: 0.002187 seconds
Computing Block 322 out of 796
Processing Block size=7
begin cleaner{left: ("[FunctionalDependency:(s: {brewery_id}, t: {city})]", 0.0), operator: *, right: (1.0, 1.0), result: 0.0}
列 'p' 不存在，对列 city 不过滤，直接选择所有非无效值。
Block processing time: 0.004949 seconds
Computing Block 323 out of 796
Processing Block size=14
begin cleaner{left: ("[FunctionalDependency:(s: {brewery_id}, t: {city})]", 0.0), operator: *, right: (1.0, 1.0), result: 0.0}
列 'p' 不存在，对列 city 不过滤，直接选择所有非无效值。
clean_bool length:3
newest best op: Uniop(df,'city','Gary',(['brewery_id'], {('177',)}),{left: ("[FunctionalDependency:(s: {brewery_id}, t: {city})]", 0.0), operator: *, right: (1.0, 1.0), result: 0.0})
now error: 0.0
Block processing time: 0.029574 seconds
Computing Block 324 out of 796
Processing Block size=3
begin cleaner{left: ("[FunctionalDependency:(s: {brewery_id}, t: {city})]", 0.0), operator: *, right: (1.0, 1.0), result: 0.0}
列 'p' 不存在，对列 city 不过滤，直接选择所有非无效值。
Block processing time: 0.002222 seconds
Computing Block 326 out of 796
Processing Block size=5
begin cleaner{left: ("[FunctionalDependency:(s: {brewery_id}, t: {city})]", 0.0), operator: *, right: (1.0, 1.0), result: 0.0}
列 'p' 不存在，对列 city 不过滤，直接选择所有非无效值。
Block processing time: 0.003576 seconds
Computing Block 331 out of 796
Processing Block size=2
begin cleaner{left: ("[FunctionalDependency:(s: {brewery_id}, t: {city})]", 0.0), operator: *, right: (1.0, 1.0), result: 0.0}
列 'p' 不存在，对列 city 不过滤，直接选择所有非无效值。
Block processing time: 0.001516 seconds
Computing Block 332 out of 796
Processing Block size=8
begin cleaner{left: ("[FunctionalDependency:(s: {brewery_id}, t: {city})]", 0.0), operator: *, right: (1.0, 1.0), result: 0.0}
列 'p' 不存在，对列 city 不过滤，直接选择所有非无效值。
clean_bool length:3
newest best op: Uniop(df,'city','@@B$oston',(['brewery_id'], {('300',)}),{left: ("[FunctionalDependency:(s: {brewery_id}, t: {city})]", 0.0), operator: *, right: (1.0, 1.0), result: 0.0})
now error: 0.0
newest best op: Uniop(df,'city','Boston',(['brewery_id'], {('300',)}),{left: ("[FunctionalDependency:(s: {brewery_id}, t: {city})]", 0.0), operator: *, right: (1.0, 1.0), result: 0.0})
now error: 0.0
Block processing time: 0.017326 seconds
Computing Block 333 out of 796
Processing Block size=2
begin cleaner{left: ("[FunctionalDependency:(s: {brewery_id}, t: {city})]", 0.0), operator: *, right: (1.0, 1.0), result: 0.0}
列 'p' 不存在，对列 city 不过滤，直接选择所有非无效值。
Block processing time: 0.001526 seconds
Computing Block 334 out of 796
Processing Block size=3
begin cleaner{left: ("[FunctionalDependency:(s: {brewery_id}, t: {city})]", 0.0), operator: *, right: (1.0, 1.0), result: 0.0}
列 'p' 不存在，对列 city 不过滤，直接选择所有非无效值。
clean_bool length:3
newest best op: Uniop(df,'city','Gain??es#ville',(['brewery_id'], {('447',)}),{left: ("[FunctionalDependency:(s: {brewery_id}, t: {city})]", 0.0), operator: *, right: (1.0, 1.0), result: 0.0})
now error: 0.0
newest best op: Uniop(df,'city','Gainesville',(['brewery_id'], {('447',)}),{left: ("[FunctionalDependency:(s: {brewery_id}, t: {city})]", 0.0), operator: *, right: (1.0, 1.0), result: 0.0})
now error: 0.0
Block processing time: 0.007228 seconds
Computing Block 335 out of 796
Processing Block size=3
begin cleaner{left: ("[FunctionalDependency:(s: {brewery_id}, t: {city})]", 0.0), operator: *, right: (1.0, 1.0), result: 0.0}
列 'p' 不存在，对列 city 不过滤，直接选择所有非无效值。
Block processing time: 0.002192 seconds
Computing Block 336 out of 796
Processing Block size=2
begin cleaner{left: ("[FunctionalDependency:(s: {brewery_id}, t: {city})]", 0.0), operator: *, right: (1.0, 1.0), result: 0.0}
列 'p' 不存在，对列 city 不过滤，直接选择所有非无效值。
Block processing time: 0.001491 seconds
Computing Block 338 out of 796
Processing Block size=22
begin cleaner{left: ("[FunctionalDependency:(s: {brewery_id}, t: {city})]", 0.0), operator: *, right: (1.0, 1.0), result: 0.0}
列 'p' 不存在，对列 city 不过滤，直接选择所有非无效值。
clean_bool length:4
newest best op: Uniop(df,'city','Bro#oklyn',(['brewery_id'], {('46',)}),{left: ("[FunctionalDependency:(s: {brewery_id}, t: {city})]", 0.0), operator: *, right: (1.0, 1.0), result: 0.0})
now error: 0.0
newest best op: Uniop(df,'city','Brooklyn',(['brewery_id'], {('46',)}),{left: ("[FunctionalDependency:(s: {brewery_id}, t: {city})]", 0.0), operator: *, right: (1.0, 1.0), result: 0.0})
now error: 0.0
Block processing time: 0.062092 seconds
Computing Block 340 out of 796
Processing Block size=4
begin cleaner{left: ("[FunctionalDependency:(s: {brewery_id}, t: {city})]", 0.0), operator: *, right: (1.0, 1.0), result: 0.0}
列 'p' 不存在，对列 city 不过滤，直接选择所有非无效值。
Block processing time: 0.002967 seconds
Computing Block 343 out of 796
Processing Block size=9
begin cleaner{left: ("[FunctionalDependency:(s: {brewery_id}, t: {city})]", 0.0), operator: *, right: (1.0, 1.0), result: 0.0}
列 'p' 不存在，对列 city 不过滤，直接选择所有非无效值。
Block processing time: 0.006389 seconds
Computing Block 346 out of 796
Processing Block size=2
begin cleaner{left: ("[FunctionalDependency:(s: {brewery_id}, t: {city})]", 0.0), operator: *, right: (1.0, 1.0), result: 0.0}
列 'p' 不存在，对列 city 不过滤，直接选择所有非无效值。
clean_bool length:3
newest best op: Uniop(df,'city','Cherry Hill',(['brewery_id'], {('217',)}),{left: ("[FunctionalDependency:(s: {brewery_id}, t: {city})]", 0.0), operator: *, right: (1.0, 1.0), result: 0.0})
now error: 0.0
Block processing time: 0.005121 seconds
Computing Block 347 out of 796
Processing Block size=6
begin cleaner{left: ("[FunctionalDependency:(s: {brewery_id}, t: {city})]", 0.0), operator: *, right: (1.0, 1.0), result: 0.0}
列 'p' 不存在，对列 city 不过滤，直接选择所有非无效值。
Block processing time: 0.004389 seconds
Computing Block 349 out of 796
Processing Block size=4
begin cleaner{left: ("[FunctionalDependency:(s: {brewery_id}, t: {city})]", 0.0), operator: *, right: (1.0, 1.0), result: 0.0}
列 'p' 不存在，对列 city 不过滤，直接选择所有非无效值。
Block processing time: 0.002895 seconds
Computing Block 353 out of 796
Processing Block size=2
begin cleaner{left: ("[FunctionalDependency:(s: {brewery_id}, t: {city})]", 0.0), operator: *, right: (1.0, 1.0), result: 0.0}
列 'p' 不存在，对列 city 不过滤，直接选择所有非无效值。
Block processing time: 0.001512 seconds
Computing Block 357 out of 796
Processing Block size=7
begin cleaner{left: ("[FunctionalDependency:(s: {brewery_id}, t: {city})]", 0.0), operator: *, right: (1.0, 1.0), result: 0.0}
列 'p' 不存在，对列 city 不过滤，直接选择所有非无效值。
Block processing time: 0.004925 seconds
Computing Block 360 out of 796
Processing Block size=7
begin cleaner{left: ("[FunctionalDependency:(s: {brewery_id}, t: {city})]", 0.0), operator: *, right: (1.0, 1.0), result: 0.0}
列 'p' 不存在，对列 city 不过滤，直接选择所有非无效值。
Block processing time: 0.005045 seconds
Computing Block 363 out of 796
Processing Block size=6
begin cleaner{left: ("[FunctionalDependency:(s: {brewery_id}, t: {city})]", 0.0), operator: *, right: (1.0, 1.0), result: 0.0}
列 'p' 不存在，对列 city 不过滤，直接选择所有非无效值。
Block processing time: 0.00426 seconds
Computing Block 369 out of 796
Processing Block size=3
begin cleaner{left: ("[FunctionalDependency:(s: {brewery_id}, t: {city})]", 0.0), operator: *, right: (1.0, 1.0), result: 0.0}
列 'p' 不存在，对列 city 不过滤，直接选择所有非无效值。
clean_bool length:3
newest best op: Uniop(df,'city','Bal$timore',(['brewery_id'], {('255',)}),{left: ("[FunctionalDependency:(s: {brewery_id}, t: {city})]", 0.0), operator: *, right: (1.0, 1.0), result: 0.0})
now error: 0.0
newest best op: Uniop(df,'city','Baltimore',(['brewery_id'], {('255',)}),{left: ("[FunctionalDependency:(s: {brewery_id}, t: {city})]", 0.0), operator: *, right: (1.0, 1.0), result: 0.0})
now error: 0.0
Block processing time: 0.007154 seconds
Computing Block 370 out of 796
Processing Block size=4
begin cleaner{left: ("[FunctionalDependency:(s: {brewery_id}, t: {city})]", 0.0), operator: *, right: (1.0, 1.0), result: 0.0}
列 'p' 不存在，对列 city 不过滤，直接选择所有非无效值。
Block processing time: 0.002952 seconds
Computing Block 373 out of 796
Processing Block size=3
begin cleaner{left: ("[FunctionalDependency:(s: {brewery_id}, t: {city})]", 0.0), operator: *, right: (1.0, 1.0), result: 0.0}
列 'p' 不存在，对列 city 不过滤，直接选择所有非无效值。
Block processing time: 0.002483 seconds
Computing Block 374 out of 796
Processing Block size=2
begin cleaner{left: ("[FunctionalDependency:(s: {brewery_id}, t: {city})]", 0.0), operator: *, right: (1.0, 1.0), result: 0.0}
列 'p' 不存在，对列 city 不过滤，直接选择所有非无效值。
Block processing time: 0.001493 seconds
Computing Block 375 out of 796
Processing Block size=2
begin cleaner{left: ("[FunctionalDependency:(s: {brewery_id}, t: {city})]", 0.0), operator: *, right: (1.0, 1.0), result: 0.0}
列 'p' 不存在，对列 city 不过滤，直接选择所有非无效值。
Block processing time: 0.00149 seconds
Computing Block 379 out of 796
Processing Block size=11
begin cleaner{left: ("[FunctionalDependency:(s: {brewery_id}, t: {city})]", 0.0), operator: *, right: (1.0, 1.0), result: 0.0}
列 'p' 不存在，对列 city 不过滤，直接选择所有非无效值。
Block processing time: 0.007795 seconds
Computing Block 381 out of 796
Processing Block size=9
begin cleaner{left: ("[FunctionalDependency:(s: {brewery_id}, t: {city})]", 0.0), operator: *, right: (1.0, 1.0), result: 0.0}
列 'p' 不存在，对列 city 不过滤，直接选择所有非无效值。
clean_bool length:4
newest best op: Uniop(df,'city','P??rovidence',(['brewery_id'], {('143',)}),{left: ("[FunctionalDependency:(s: {brewery_id}, t: {city})]", 0.0), operator: *, right: (1.0, 1.0), result: 0.0})
now error: 0.0
newest best op: Uniop(df,'city','Providence',(['brewery_id'], {('143',)}),{left: ("[FunctionalDependency:(s: {brewery_id}, t: {city})]", 0.0), operator: *, right: (1.0, 1.0), result: 0.0})
now error: 0.0
Block processing time: 0.026429 seconds
Computing Block 382 out of 796
Processing Block size=2
begin cleaner{left: ("[FunctionalDependency:(s: {brewery_id}, t: {city})]", 0.0), operator: *, right: (1.0, 1.0), result: 0.0}
列 'p' 不存在，对列 city 不过滤，直接选择所有非无效值。
clean_bool length:3
newest best op: Uniop(df,'city','Eugene',(['brewery_id'], {('422',)}),{left: ("[FunctionalDependency:(s: {brewery_id}, t: {city})]", 0.0), operator: *, right: (1.0, 1.0), result: 0.0})
now error: 0.0
Block processing time: 0.005189 seconds
Computing Block 384 out of 796
Processing Block size=2
begin cleaner{left: ("[FunctionalDependency:(s: {brewery_id}, t: {city})]", 0.0), operator: *, right: (1.0, 1.0), result: 0.0}
列 'p' 不存在，对列 city 不过滤，直接选择所有非无效值。
Block processing time: 0.001504 seconds
Computing Block 385 out of 796
Processing Block size=3
begin cleaner{left: ("[FunctionalDependency:(s: {brewery_id}, t: {city})]", 0.0), operator: *, right: (1.0, 1.0), result: 0.0}
列 'p' 不存在，对列 city 不过滤，直接选择所有非无效值。
Block processing time: 0.002231 seconds
Computing Block 386 out of 796
Processing Block size=2
begin cleaner{left: ("[FunctionalDependency:(s: {brewery_id}, t: {city})]", 0.0), operator: *, right: (1.0, 1.0), result: 0.0}
列 'p' 不存在，对列 city 不过滤，直接选择所有非无效值。
Block processing time: 0.001511 seconds
Computing Block 393 out of 796
Processing Block size=2
begin cleaner{left: ("[FunctionalDependency:(s: {brewery_id}, t: {city})]", 0.0), operator: *, right: (1.0, 1.0), result: 0.0}
列 'p' 不存在，对列 city 不过滤，直接选择所有非无效值。
Block processing time: 0.001497 seconds
Computing Block 396 out of 796
Processing Block size=5
begin cleaner{left: ("[FunctionalDependency:(s: {brewery_id}, t: {city})]", 0.0), operator: *, right: (1.0, 1.0), result: 0.0}
列 'p' 不存在，对列 city 不过滤，直接选择所有非无效值。
clean_bool length:4
newest best op: Uniop(df,'city','Detro@@it',(['brewery_id'], {('72',)}),{left: ("[FunctionalDependency:(s: {brewery_id}, t: {city})]", 0.0), operator: *, right: (1.0, 1.0), result: 0.0})
now error: 0.0
newest best op: Uniop(df,'city','Detroit',(['brewery_id'], {('72',)}),{left: ("[FunctionalDependency:(s: {brewery_id}, t: {city})]", 0.0), operator: *, right: (1.0, 1.0), result: 0.0})
now error: 0.0
Block processing time: 0.015205 seconds
Computing Block 397 out of 796
Processing Block size=5
begin cleaner{left: ("[FunctionalDependency:(s: {brewery_id}, t: {city})]", 0.0), operator: *, right: (1.0, 1.0), result: 0.0}
列 'p' 不存在，对列 city 不过滤，直接选择所有非无效值。
clean_bool length:3
newest best op: Uniop(df,'city','Alpine',(['brewery_id'], {('463',)}),{left: ("[FunctionalDependency:(s: {brewery_id}, t: {city})]", 0.0), operator: *, right: (1.0, 1.0), result: 0.0})
now error: 0.0
Block processing time: 0.011385 seconds
Computing Block 398 out of 796
Processing Block size=3
begin cleaner{left: ("[FunctionalDependency:(s: {brewery_id}, t: {city})]", 0.0), operator: *, right: (1.0, 1.0), result: 0.0}
列 'p' 不存在，对列 city 不过滤，直接选择所有非无效值。
clean_bool length:3
newest best op: Uniop(df,'city','College St??ation',(['brewery_id'], {('241',)}),{left: ("[FunctionalDependency:(s: {brewery_id}, t: {city})]", 0.0), operator: *, right: (1.0, 1.0), result: 0.0})
now error: 0.0
newest best op: Uniop(df,'city','College Station',(['brewery_id'], {('241',)}),{left: ("[FunctionalDependency:(s: {brewery_id}, t: {city})]", 0.0), operator: *, right: (1.0, 1.0), result: 0.0})
now error: 0.0
Block processing time: 0.007259 seconds
Computing Block 399 out of 796
Processing Block size=2
begin cleaner{left: ("[FunctionalDependency:(s: {brewery_id}, t: {city})]", 0.0), operator: *, right: (1.0, 1.0), result: 0.0}
列 'p' 不存在，对列 city 不过滤，直接选择所有非无效值。
Block processing time: 0.0015 seconds
Computing Block 401 out of 796
Processing Block size=14
begin cleaner{left: ("[FunctionalDependency:(s: {brewery_id}, t: {city})]", 0.0), operator: *, right: (1.0, 1.0), result: 0.0}
列 'p' 不存在，对列 city 不过滤，直接选择所有非无效值。
clean_bool length:4
newest best op: Uniop(df,'city','Ashland',(['brewery_id'], {('155',)}),{left: ("[FunctionalDependency:(s: {brewery_id}, t: {city})]", 0.0), operator: *, right: (1.0, 1.0), result: 0.0})
now error: 0.0
Block processing time: 0.039812 seconds
Computing Block 406 out of 796
Processing Block size=2
begin cleaner{left: ("[FunctionalDependency:(s: {brewery_id}, t: {city})]", 0.0), operator: *, right: (1.0, 1.0), result: 0.0}
列 'p' 不存在，对列 city 不过滤，直接选择所有非无效值。
Block processing time: 0.001517 seconds
Computing Block 407 out of 796
Processing Block size=2
begin cleaner{left: ("[FunctionalDependency:(s: {brewery_id}, t: {city})]", 0.0), operator: *, right: (1.0, 1.0), result: 0.0}
列 'p' 不存在，对列 city 不过滤，直接选择所有非无效值。
clean_bool length:3
newest best op: Uniop(df,'city','Springfield',(['brewery_id'], {('188',)}),{left: ("[FunctionalDependency:(s: {brewery_id}, t: {city})]", 0.0), operator: *, right: (1.0, 1.0), result: 0.0})
now error: 0.0
Block processing time: 0.005074 seconds
Computing Block 411 out of 796
Processing Block size=4
begin cleaner{left: ("[FunctionalDependency:(s: {brewery_id}, t: {city})]", 0.0), operator: *, right: (1.0, 1.0), result: 0.0}
列 'p' 不存在，对列 city 不过滤，直接选择所有非无效值。
Block processing time: 0.002893 seconds
Computing Block 414 out of 796
Processing Block size=2
begin cleaner{left: ("[FunctionalDependency:(s: {brewery_id}, t: {city})]", 0.0), operator: *, right: (1.0, 1.0), result: 0.0}
列 'p' 不存在，对列 city 不过滤，直接选择所有非无效值。
Block processing time: 0.001495 seconds
Computing Block 415 out of 796
Processing Block size=3
begin cleaner{left: ("[FunctionalDependency:(s: {brewery_id}, t: {city})]", 0.0), operator: *, right: (1.0, 1.0), result: 0.0}
列 'p' 不存在，对列 city 不过滤，直接选择所有非无效值。
Block processing time: 0.00218 seconds
Computing Block 416 out of 796
Processing Block size=3
begin cleaner{left: ("[FunctionalDependency:(s: {brewery_id}, t: {city})]", 0.0), operator: *, right: (1.0, 1.0), result: 0.0}
列 'p' 不存在，对列 city 不过滤，直接选择所有非无效值。
Block processing time: 0.00218 seconds
Computing Block 418 out of 796
Processing Block size=4
begin cleaner{left: ("[FunctionalDependency:(s: {brewery_id}, t: {city})]", 0.0), operator: *, right: (1.0, 1.0), result: 0.0}
列 'p' 不存在，对列 city 不过滤，直接选择所有非无效值。
clean_bool length:3
newest best op: Uniop(df,'city','San Francisco',(['brewery_id'], {('35',)}),{left: ("[FunctionalDependency:(s: {brewery_id}, t: {city})]", 0.0), operator: *, right: (1.0, 1.0), result: 0.0})
now error: 0.0
Block processing time: 0.009203 seconds
Computing Block 420 out of 796
Processing Block size=2
begin cleaner{left: ("[FunctionalDependency:(s: {brewery_id}, t: {city})]", 0.0), operator: *, right: (1.0, 1.0), result: 0.0}
列 'p' 不存在，对列 city 不过滤，直接选择所有非无效值。
Block processing time: 0.001495 seconds
Computing Block 421 out of 796
Processing Block size=3
begin cleaner{left: ("[FunctionalDependency:(s: {brewery_id}, t: {city})]", 0.0), operator: *, right: (1.0, 1.0), result: 0.0}
列 'p' 不存在，对列 city 不过滤，直接选择所有非无效值。
Block processing time: 0.0022 seconds
Computing Block 424 out of 796
Processing Block size=9
begin cleaner{left: ("[FunctionalDependency:(s: {brewery_id}, t: {city})]", 0.0), operator: *, right: (1.0, 1.0), result: 0.0}
列 'p' 不存在，对列 city 不过滤，直接选择所有非无效值。
Block processing time: 0.006478 seconds
Computing Block 428 out of 796
Processing Block size=5
begin cleaner{left: ("[FunctionalDependency:(s: {brewery_id}, t: {city})]", 0.0), operator: *, right: (1.0, 1.0), result: 0.0}
列 'p' 不存在，对列 city 不过滤，直接选择所有非无效值。
Block processing time: 0.003648 seconds
Computing Block 432 out of 796
Processing Block size=3
begin cleaner{left: ("[FunctionalDependency:(s: {brewery_id}, t: {city})]", 0.0), operator: *, right: (1.0, 1.0), result: 0.0}
列 'p' 不存在，对列 city 不过滤，直接选择所有非无效值。
Block processing time: 0.002191 seconds
Computing Block 433 out of 796
Processing Block size=11
begin cleaner{left: ("[FunctionalDependency:(s: {brewery_id}, t: {city})]", 0.0), operator: *, right: (1.0, 1.0), result: 0.0}
列 'p' 不存在，对列 city 不过滤，直接选择所有非无效值。
clean_bool length:3
newest best op: Uniop(df,'city','Astoria',(['brewery_id'], {('206',)}),{left: ("[FunctionalDependency:(s: {brewery_id}, t: {city})]", 0.0), operator: *, right: (1.0, 1.0), result: 0.0})
now error: 0.0
Block processing time: 0.023923 seconds
Computing Block 435 out of 796
Processing Block size=7
begin cleaner{left: ("[FunctionalDependency:(s: {brewery_id}, t: {city})]", 0.0), operator: *, right: (1.0, 1.0), result: 0.0}
列 'p' 不存在，对列 city 不过滤，直接选择所有非无效值。
Block processing time: 0.005019 seconds
Computing Block 436 out of 796
Processing Block size=2
begin cleaner{left: ("[FunctionalDependency:(s: {brewery_id}, t: {city})]", 0.0), operator: *, right: (1.0, 1.0), result: 0.0}
列 'p' 不存在，对列 city 不过滤，直接选择所有非无效值。
Block processing time: 0.001761 seconds
Computing Block 439 out of 796
Processing Block size=3
begin cleaner{left: ("[FunctionalDependency:(s: {brewery_id}, t: {city})]", 0.0), operator: *, right: (1.0, 1.0), result: 0.0}
列 'p' 不存在，对列 city 不过滤，直接选择所有非无效值。
Block processing time: 0.002243 seconds
Computing Block 443 out of 796
Processing Block size=4
begin cleaner{left: ("[FunctionalDependency:(s: {brewery_id}, t: {city})]", 0.0), operator: *, right: (1.0, 1.0), result: 0.0}
列 'p' 不存在，对列 city 不过滤，直接选择所有非无效值。
Block processing time: 0.002906 seconds
Computing Block 446 out of 796
Processing Block size=3
begin cleaner{left: ("[FunctionalDependency:(s: {brewery_id}, t: {city})]", 0.0), operator: *, right: (1.0, 1.0), result: 0.0}
列 'p' 不存在，对列 city 不过滤，直接选择所有非无效值。
clean_bool length:3
newest best op: Uniop(df,'city','Roseville',(['brewery_id'], {('53',)}),{left: ("[FunctionalDependency:(s: {brewery_id}, t: {city})]", 0.0), operator: *, right: (1.0, 1.0), result: 0.0})
now error: 0.0
Block processing time: 0.007249 seconds
Computing Block 447 out of 796
Processing Block size=4
begin cleaner{left: ("[FunctionalDependency:(s: {brewery_id}, t: {city})]", 0.0), operator: *, right: (1.0, 1.0), result: 0.0}
列 'p' 不存在，对列 city 不过滤，直接选择所有非无效值。
clean_bool length:3
newest best op: Uniop(df,'city','Henderson',(['brewery_id'], {('233',)}),{left: ("[FunctionalDependency:(s: {brewery_id}, t: {city})]", 0.0), operator: *, right: (1.0, 1.0), result: 0.0})
now error: 0.0
Block processing time: 0.009674 seconds
Computing Block 451 out of 796
Processing Block size=4
begin cleaner{left: ("[FunctionalDependency:(s: {brewery_id}, t: {city})]", 0.0), operator: *, right: (1.0, 1.0), result: 0.0}
列 'p' 不存在，对列 city 不过滤，直接选择所有非无效值。
Block processing time: 0.003114 seconds
Computing Block 453 out of 796
Processing Block size=6
begin cleaner{left: ("[FunctionalDependency:(s: {brewery_id}, t: {city})]", 0.0), operator: *, right: (1.0, 1.0), result: 0.0}
列 'p' 不存在，对列 city 不过滤，直接选择所有非无效值。
clean_bool length:3
newest best op: Uniop(df,'city','Charleston',(['brewery_id'], {('5',)}),{left: ("[FunctionalDependency:(s: {brewery_id}, t: {city})]", 0.0), operator: *, right: (1.0, 1.0), result: 0.0})
now error: 0.0
Block processing time: 0.014358 seconds
Computing Block 454 out of 796
Processing Block size=4
begin cleaner{left: ("[FunctionalDependency:(s: {brewery_id}, t: {city})]", 0.0), operator: *, right: (1.0, 1.0), result: 0.0}
列 'p' 不存在，对列 city 不过滤，直接选择所有非无效值。
clean_bool length:3
newest best op: Uniop(df,'city','Laf#ayette??',(['brewery_id'], {('205',)}),{left: ("[FunctionalDependency:(s: {brewery_id}, t: {city})]", 0.0), operator: *, right: (1.0, 1.0), result: 0.0})
now error: 0.0
newest best op: Uniop(df,'city','Lafayette',(['brewery_id'], {('205',)}),{left: ("[FunctionalDependency:(s: {brewery_id}, t: {city})]", 0.0), operator: *, right: (1.0, 1.0), result: 0.0})
now error: 0.0
Block processing time: 0.01044 seconds
Computing Block 455 out of 796
Processing Block size=13
begin cleaner{left: ("[FunctionalDependency:(s: {brewery_id}, t: {city})]", 0.0), operator: *, right: (1.0, 1.0), result: 0.0}
列 'p' 不存在，对列 city 不过滤，直接选择所有非无效值。
clean_bool length:3
newest best op: Uniop(df,'city','Utic#a??',(['brewery_id'], {('299',)}),{left: ("[FunctionalDependency:(s: {brewery_id}, t: {city})]", 0.0), operator: *, right: (1.0, 1.0), result: 0.0})
now error: 0.0
newest best op: Uniop(df,'city','Utica',(['brewery_id'], {('299',)}),{left: ("[FunctionalDependency:(s: {brewery_id}, t: {city})]", 0.0), operator: *, right: (1.0, 1.0), result: 0.0})
now error: 0.0
Block processing time: 0.029743 seconds
Computing Block 456 out of 796
Processing Block size=2
begin cleaner{left: ("[FunctionalDependency:(s: {brewery_id}, t: {city})]", 0.0), operator: *, right: (1.0, 1.0), result: 0.0}
列 'p' 不存在，对列 city 不过滤，直接选择所有非无效值。
Block processing time: 0.001646 seconds
Computing Block 457 out of 796
Processing Block size=2
begin cleaner{left: ("[FunctionalDependency:(s: {brewery_id}, t: {city})]", 0.0), operator: *, right: (1.0, 1.0), result: 0.0}
列 'p' 不存在，对列 city 不过滤，直接选择所有非无效值。
Block processing time: 0.001618 seconds
Computing Block 458 out of 796
Processing Block size=3
begin cleaner{left: ("[FunctionalDependency:(s: {brewery_id}, t: {city})]", 0.0), operator: *, right: (1.0, 1.0), result: 0.0}
列 'p' 不存在，对列 city 不过滤，直接选择所有非无效值。
Block processing time: 0.002381 seconds
Computing Block 460 out of 796
Processing Block size=4
begin cleaner{left: ("[FunctionalDependency:(s: {brewery_id}, t: {city})]", 0.0), operator: *, right: (1.0, 1.0), result: 0.0}
列 'p' 不存在，对列 city 不过滤，直接选择所有非无效值。
Block processing time: 0.003161 seconds
Computing Block 461 out of 796
Processing Block size=3
begin cleaner{left: ("[FunctionalDependency:(s: {brewery_id}, t: {city})]", 0.0), operator: *, right: (1.0, 1.0), result: 0.0}
列 'p' 不存在，对列 city 不过滤，直接选择所有非无效值。
clean_bool length:3
newest best op: Uniop(df,'city','Lake Geneva',(['brewery_id'], {('228',)}),{left: ("[FunctionalDependency:(s: {brewery_id}, t: {city})]", 0.0), operator: *, right: (1.0, 1.0), result: 0.0})
now error: 0.0
Block processing time: 0.00782 seconds
Computing Block 466 out of 796
Processing Block size=2
begin cleaner{left: ("[FunctionalDependency:(s: {brewery_id}, t: {city})]", 0.0), operator: *, right: (1.0, 1.0), result: 0.0}
列 'p' 不存在，对列 city 不过滤，直接选择所有非无效值。
Block processing time: 0.001514 seconds
Computing Block 467 out of 796
Processing Block size=8
begin cleaner{left: ("[FunctionalDependency:(s: {brewery_id}, t: {city})]", 0.0), operator: *, right: (1.0, 1.0), result: 0.0}
列 'p' 不存在，对列 city 不过滤，直接选择所有非无效值。
clean_bool length:4
newest best op: Uniop(df,'city','Bucry%us',(['brewery_id'], {('314',)}),{left: ("[FunctionalDependency:(s: {brewery_id}, t: {city})]", 0.0), operator: *, right: (1.0, 1.0), result: 0.0})
now error: 0.0
newest best op: Uniop(df,'city','Bucryus',(['brewery_id'], {('314',)}),{left: ("[FunctionalDependency:(s: {brewery_id}, t: {city})]", 0.0), operator: *, right: (1.0, 1.0), result: 0.0})
now error: 0.0
Block processing time: 0.02326 seconds
Computing Block 468 out of 796
Processing Block size=6
begin cleaner{left: ("[FunctionalDependency:(s: {brewery_id}, t: {city})]", 0.0), operator: *, right: (1.0, 1.0), result: 0.0}
列 'p' 不存在，对列 city 不过滤，直接选择所有非无效值。
clean_bool length:4
newest best op: Uniop(df,'city','Mil@@waukee',(['brewery_id'], {('284',)}),{left: ("[FunctionalDependency:(s: {brewery_id}, t: {city})]", 0.0), operator: *, right: (1.0, 1.0), result: 0.0})
now error: 0.0
newest best op: Uniop(df,'city','Milwaukee%',(['brewery_id'], {('284',)}),{left: ("[FunctionalDependency:(s: {brewery_id}, t: {city})]", 0.0), operator: *, right: (1.0, 1.0), result: 0.0})
now error: 0.0
newest best op: Uniop(df,'city','Milwaukee',(['brewery_id'], {('284',)}),{left: ("[FunctionalDependency:(s: {brewery_id}, t: {city})]", 0.0), operator: *, right: (1.0, 1.0), result: 0.0})
now error: 0.0
Block processing time: 0.017886 seconds
Computing Block 469 out of 796
Processing Block size=13
begin cleaner{left: ("[FunctionalDependency:(s: {brewery_id}, t: {city})]", 0.0), operator: *, right: (1.0, 1.0), result: 0.0}
列 'p' 不存在，对列 city 不过滤，直接选择所有非无效值。
Block processing time: 0.009232 seconds
Computing Block 470 out of 796
Processing Block size=2
begin cleaner{left: ("[FunctionalDependency:(s: {brewery_id}, t: {city})]", 0.0), operator: *, right: (1.0, 1.0), result: 0.0}
列 'p' 不存在，对列 city 不过滤，直接选择所有非无效值。
Block processing time: 0.001506 seconds
Computing Block 473 out of 796
Processing Block size=2
begin cleaner{left: ("[FunctionalDependency:(s: {brewery_id}, t: {city})]", 0.0), operator: *, right: (1.0, 1.0), result: 0.0}
列 'p' 不存在，对列 city 不过滤，直接选择所有非无效值。
Block processing time: 0.001567 seconds
Computing Block 476 out of 796
Processing Block size=2
begin cleaner{left: ("[FunctionalDependency:(s: {brewery_id}, t: {city})]", 0.0), operator: *, right: (1.0, 1.0), result: 0.0}
列 'p' 不存在，对列 city 不过滤，直接选择所有非无效值。
Block processing time: 0.001494 seconds
Computing Block 478 out of 796
Processing Block size=2
begin cleaner{left: ("[FunctionalDependency:(s: {brewery_id}, t: {city})]", 0.0), operator: *, right: (1.0, 1.0), result: 0.0}
列 'p' 不存在，对列 city 不过滤，直接选择所有非无效值。
clean_bool length:3
newest best op: Uniop(df,'city','Baltim$$ore',(['brewery_id'], {('262',)}),{left: ("[FunctionalDependency:(s: {brewery_id}, t: {city})]", 0.0), operator: *, right: (1.0, 1.0), result: 0.0})
now error: 0.0
Block processing time: 0.00509 seconds
Computing Block 479 out of 796
Processing Block size=15
begin cleaner{left: ("[FunctionalDependency:(s: {brewery_id}, t: {city})]", 0.0), operator: *, right: (1.0, 1.0), result: 0.0}
列 'p' 不存在，对列 city 不过滤，直接选择所有非无效值。
clean_bool length:3
newest best op: Uniop(df,'city','Exp#o$rt',(['brewery_id'], {('43',)}),{left: ("[FunctionalDependency:(s: {brewery_id}, t: {city})]", 0.0), operator: *, right: (1.0, 1.0), result: 0.0})
now error: 0.0
newest best op: Uniop(df,'city','Export',(['brewery_id'], {('43',)}),{left: ("[FunctionalDependency:(s: {brewery_id}, t: {city})]", 0.0), operator: *, right: (1.0, 1.0), result: 0.0})
now error: 0.0
Block processing time: 0.031741 seconds
Computing Block 487 out of 796
Processing Block size=4
begin cleaner{left: ("[FunctionalDependency:(s: {brewery_id}, t: {city})]", 0.0), operator: *, right: (1.0, 1.0), result: 0.0}
列 'p' 不存在，对列 city 不过滤，直接选择所有非无效值。
Block processing time: 0.002922 seconds
Computing Block 491 out of 796
Processing Block size=6
begin cleaner{left: ("[FunctionalDependency:(s: {brewery_id}, t: {city})]", 0.0), operator: *, right: (1.0, 1.0), result: 0.0}
列 'p' 不存在，对列 city 不过滤，直接选择所有非无效值。
Block processing time: 0.004539 seconds
Computing Block 494 out of 796
Processing Block size=2
begin cleaner{left: ("[FunctionalDependency:(s: {brewery_id}, t: {city})]", 0.0), operator: *, right: (1.0, 1.0), result: 0.0}
列 'p' 不存在，对列 city 不过滤，直接选择所有非无效值。
clean_bool length:3
newest best op: Uniop(df,'city','Lakesid$e',(['brewery_id'], {('409',)}),{left: ("[FunctionalDependency:(s: {brewery_id}, t: {city})]", 0.0), operator: *, right: (1.0, 1.0), result: 0.0})
now error: 0.0
Block processing time: 0.005064 seconds
Computing Block 495 out of 796
Processing Block size=9
begin cleaner{left: ("[FunctionalDependency:(s: {brewery_id}, t: {city})]", 0.0), operator: *, right: (1.0, 1.0), result: 0.0}
列 'p' 不存在，对列 city 不过滤，直接选择所有非无效值。
clean_bool length:4
newest best op: Uniop(df,'city','Woodbri$dge',(['brewery_id'], {('410',)}),{left: ("[FunctionalDependency:(s: {brewery_id}, t: {city})]", 0.0), operator: *, right: (1.0, 1.0), result: 0.0})
now error: 0.0
newest best op: Uniop(df,'city','Woodbridge',(['brewery_id'], {('410',)}),{left: ("[FunctionalDependency:(s: {brewery_id}, t: {city})]", 0.0), operator: *, right: (1.0, 1.0), result: 0.0})
now error: 0.0
Block processing time: 0.026734 seconds
Computing Block 497 out of 796
Processing Block size=4
begin cleaner{left: ("[FunctionalDependency:(s: {brewery_id}, t: {city})]", 0.0), operator: *, right: (1.0, 1.0), result: 0.0}
列 'p' 不存在，对列 city 不过滤，直接选择所有非无效值。
Block processing time: 0.002879 seconds
Computing Block 499 out of 796
Processing Block size=3
begin cleaner{left: ("[FunctionalDependency:(s: {brewery_id}, t: {city})]", 0.0), operator: *, right: (1.0, 1.0), result: 0.0}
列 'p' 不存在，对列 city 不过滤，直接选择所有非无效值。
Block processing time: 0.002176 seconds
Computing Block 500 out of 796
Processing Block size=17
begin cleaner{left: ("[FunctionalDependency:(s: {brewery_id}, t: {city})]", 0.0), operator: *, right: (1.0, 1.0), result: 0.0}
列 'p' 不存在，对列 city 不过滤，直接选择所有非无效值。
clean_bool length:5
newest best op: Uniop(df,'city','C$handler',(['brewery_id'], {('30',)}),{left: ("[FunctionalDependency:(s: {brewery_id}, t: {city})]", 0.0), operator: *, right: (1.0, 1.0), result: 0.0})
now error: 0.0
newest best op: Uniop(df,'city','Chandler',(['brewery_id'], {('30',)}),{left: ("[FunctionalDependency:(s: {brewery_id}, t: {city})]", 0.0), operator: *, right: (1.0, 1.0), result: 0.0})
now error: 0.0
Block processing time: 0.060566 seconds
Computing Block 502 out of 796
Processing Block size=2
begin cleaner{left: ("[FunctionalDependency:(s: {brewery_id}, t: {city})]", 0.0), operator: *, right: (1.0, 1.0), result: 0.0}
列 'p' 不存在，对列 city 不过滤，直接选择所有非无效值。
Block processing time: 0.001504 seconds
Computing Block 503 out of 796
Processing Block size=2
begin cleaner{left: ("[FunctionalDependency:(s: {brewery_id}, t: {city})]", 0.0), operator: *, right: (1.0, 1.0), result: 0.0}
列 'p' 不存在，对列 city 不过滤，直接选择所有非无效值。
Block processing time: 0.001494 seconds
Computing Block 504 out of 796
Processing Block size=12
begin cleaner{left: ("[FunctionalDependency:(s: {brewery_id}, t: {city})]", 0.0), operator: *, right: (1.0, 1.0), result: 0.0}
列 'p' 不存在，对列 city 不过滤，直接选择所有非无效值。
Block processing time: 0.008427 seconds
Computing Block 508 out of 796
Processing Block size=22
begin cleaner{left: ("[FunctionalDependency:(s: {brewery_id}, t: {city})]", 0.0), operator: *, right: (1.0, 1.0), result: 0.0}
列 'p' 不存在，对列 city 不过滤，直接选择所有非无效值。
clean_bool length:3
newest best op: Uniop(df,'city','Stevens Point',(['brewery_id'], {('131',)}),{left: ("[FunctionalDependency:(s: {brewery_id}, t: {city})]", 0.0), operator: *, right: (1.0, 1.0), result: 0.0})
now error: 0.0
Block processing time: 0.046548 seconds
Computing Block 510 out of 796
Processing Block size=8
begin cleaner{left: ("[FunctionalDependency:(s: {brewery_id}, t: {city})]", 0.0), operator: *, right: (1.0, 1.0), result: 0.0}
列 'p' 不存在，对列 city 不过滤，直接选择所有非无效值。
clean_bool length:3
newest best op: Uniop(df,'city','Chicago',(['brewery_id'], {('44',)}),{left: ("[FunctionalDependency:(s: {brewery_id}, t: {city})]", 0.0), operator: *, right: (1.0, 1.0), result: 0.0})
now error: 0.0
Block processing time: 0.017452 seconds
Computing Block 511 out of 796
Processing Block size=3
begin cleaner{left: ("[FunctionalDependency:(s: {brewery_id}, t: {city})]", 0.0), operator: *, right: (1.0, 1.0), result: 0.0}
列 'p' 不存在，对列 city 不过滤，直接选择所有非无效值。
Block processing time: 0.002188 seconds
Computing Block 514 out of 796
Processing Block size=7
begin cleaner{left: ("[FunctionalDependency:(s: {brewery_id}, t: {city})]", 0.0), operator: *, right: (1.0, 1.0), result: 0.0}
列 'p' 不存在，对列 city 不过滤，直接选择所有非无效值。
clean_bool length:3
newest best op: Uniop(df,'city','Salt Lake City',(['brewery_id'], {('302',)}),{left: ("[FunctionalDependency:(s: {brewery_id}, t: {city})]", 0.0), operator: *, right: (1.0, 1.0), result: 0.0})
now error: 0.0
Block processing time: 0.015587 seconds
Computing Block 515 out of 796
Processing Block size=2
begin cleaner{left: ("[FunctionalDependency:(s: {brewery_id}, t: {city})]", 0.0), operator: *, right: (1.0, 1.0), result: 0.0}
列 'p' 不存在，对列 city 不过滤，直接选择所有非无效值。
Block processing time: 0.001494 seconds
Computing Block 516 out of 796
Processing Block size=4
begin cleaner{left: ("[FunctionalDependency:(s: {brewery_id}, t: {city})]", 0.0), operator: *, right: (1.0, 1.0), result: 0.0}
列 'p' 不存在，对列 city 不过滤，直接选择所有非无效值。
clean_bool length:3
newest best op: Uniop(df,'city','Lowell',(['brewery_id'], {('103',)}),{left: ("[FunctionalDependency:(s: {brewery_id}, t: {city})]", 0.0), operator: *, right: (1.0, 1.0), result: 0.0})
now error: 0.0
Block processing time: 0.009209 seconds
Computing Block 517 out of 796
Processing Block size=3
begin cleaner{left: ("[FunctionalDependency:(s: {brewery_id}, t: {city})]", 0.0), operator: *, right: (1.0, 1.0), result: 0.0}
列 'p' 不存在，对列 city 不过滤，直接选择所有非无效值。
Block processing time: 0.002235 seconds
Computing Block 518 out of 796
Processing Block size=2
begin cleaner{left: ("[FunctionalDependency:(s: {brewery_id}, t: {city})]", 0.0), operator: *, right: (1.0, 1.0), result: 0.0}
列 'p' 不存在，对列 city 不过滤，直接选择所有非无效值。
Block processing time: 0.00151 seconds
Computing Block 519 out of 796
Processing Block size=5
begin cleaner{left: ("[FunctionalDependency:(s: {brewery_id}, t: {city})]", 0.0), operator: *, right: (1.0, 1.0), result: 0.0}
列 'p' 不存在，对列 city 不过滤，直接选择所有非无效值。
Block processing time: 0.003608 seconds
Computing Block 520 out of 796
Processing Block size=28
begin cleaner{left: ("[FunctionalDependency:(s: {brewery_id}, t: {city})]", 0.0), operator: *, right: (1.0, 1.0), result: 0.0}
列 'p' 不存在，对列 city 不过滤，直接选择所有非无效值。
clean_bool length:5
newest best op: Uniop(df,'city','Lo@@ng$mont',(['brewery_id'], {('166',)}),{left: ("[FunctionalDependency:(s: {brewery_id}, t: {city})]", 0.0), operator: *, right: (1.0, 1.0), result: 0.0})
now error: 0.0
newest best op: Uniop(df,'city','Longmont',(['brewery_id'], {('166',)}),{left: ("[FunctionalDependency:(s: {brewery_id}, t: {city})]", 0.0), operator: *, right: (1.0, 1.0), result: 0.0})
now error: 0.0
Block processing time: 0.099337 seconds
Computing Block 521 out of 796
Processing Block size=3
begin cleaner{left: ("[FunctionalDependency:(s: {brewery_id}, t: {city})]", 0.0), operator: *, right: (1.0, 1.0), result: 0.0}
列 'p' 不存在，对列 city 不过滤，直接选择所有非无效值。
Block processing time: 0.002207 seconds
Computing Block 524 out of 796
Processing Block size=2
begin cleaner{left: ("[FunctionalDependency:(s: {brewery_id}, t: {city})]", 0.0), operator: *, right: (1.0, 1.0), result: 0.0}
列 'p' 不存在，对列 city 不过滤，直接选择所有非无效值。
Block processing time: 0.001491 seconds
Computing Block 526 out of 796
Processing Block size=5
begin cleaner{left: ("[FunctionalDependency:(s: {brewery_id}, t: {city})]", 0.0), operator: *, right: (1.0, 1.0), result: 0.0}
列 'p' 不存在，对列 city 不过滤，直接选择所有非无效值。
clean_bool length:4
newest best op: Uniop(df,'city','St$evens @@Point',(['brewery_id'], {('32',)}),{left: ("[FunctionalDependency:(s: {brewery_id}, t: {city})]", 0.0), operator: *, right: (1.0, 1.0), result: 0.0})
now error: 0.0
newest best op: Uniop(df,'city','Stevens Point',(['brewery_id'], {('32',)}),{left: ("[FunctionalDependency:(s: {brewery_id}, t: {city})]", 0.0), operator: *, right: (1.0, 1.0), result: 0.0})
now error: 0.0
Block processing time: 0.015427 seconds
Computing Block 527 out of 796
Processing Block size=4
begin cleaner{left: ("[FunctionalDependency:(s: {brewery_id}, t: {city})]", 0.0), operator: *, right: (1.0, 1.0), result: 0.0}
列 'p' 不存在，对列 city 不过滤，直接选择所有非无效值。
Block processing time: 0.002897 seconds
Computing Block 530 out of 796
Processing Block size=3
begin cleaner{left: ("[FunctionalDependency:(s: {brewery_id}, t: {city})]", 0.0), operator: *, right: (1.0, 1.0), result: 0.0}
列 'p' 不存在，对列 city 不过滤，直接选择所有非无效值。
Block processing time: 0.002261 seconds
Computing Block 532 out of 796
Processing Block size=2
begin cleaner{left: ("[FunctionalDependency:(s: {brewery_id}, t: {city})]", 0.0), operator: *, right: (1.0, 1.0), result: 0.0}
列 'p' 不存在，对列 city 不过滤，直接选择所有非无效值。
Block processing time: 0.001485 seconds
Computing Block 533 out of 796
Processing Block size=4
begin cleaner{left: ("[FunctionalDependency:(s: {brewery_id}, t: {city})]", 0.0), operator: *, right: (1.0, 1.0), result: 0.0}
列 'p' 不存在，对列 city 不过滤，直接选择所有非无效值。
Block processing time: 0.002878 seconds
Computing Block 534 out of 796
Processing Block size=4
begin cleaner{left: ("[FunctionalDependency:(s: {brewery_id}, t: {city})]", 0.0), operator: *, right: (1.0, 1.0), result: 0.0}
列 'p' 不存在，对列 city 不过滤，直接选择所有非无效值。
Block processing time: 0.002859 seconds
Computing Block 535 out of 796
Processing Block size=3
begin cleaner{left: ("[FunctionalDependency:(s: {brewery_id}, t: {city})]", 0.0), operator: *, right: (1.0, 1.0), result: 0.0}
列 'p' 不存在，对列 city 不过滤，直接选择所有非无效值。
clean_bool length:3
newest best op: Uniop(df,'city','Royal Oa#k',(['brewery_id'], {('440',)}),{left: ("[FunctionalDependency:(s: {brewery_id}, t: {city})]", 0.0), operator: *, right: (1.0, 1.0), result: 0.0})
now error: 0.0
newest best op: Uniop(df,'city','Royal Oak',(['brewery_id'], {('440',)}),{left: ("[FunctionalDependency:(s: {brewery_id}, t: {city})]", 0.0), operator: *, right: (1.0, 1.0), result: 0.0})
now error: 0.0
Block processing time: 0.007401 seconds
Computing Block 536 out of 796
Processing Block size=4
begin cleaner{left: ("[FunctionalDependency:(s: {brewery_id}, t: {city})]", 0.0), operator: *, right: (1.0, 1.0), result: 0.0}
列 'p' 不存在，对列 city 不过滤，直接选择所有非无效值。
Block processing time: 0.003314 seconds
Computing Block 537 out of 796
Processing Block size=2
begin cleaner{left: ("[FunctionalDependency:(s: {brewery_id}, t: {city})]", 0.0), operator: *, right: (1.0, 1.0), result: 0.0}
列 'p' 不存在，对列 city 不过滤，直接选择所有非无效值。
Block processing time: 0.001642 seconds
Computing Block 538 out of 796
Processing Block size=2
begin cleaner{left: ("[FunctionalDependency:(s: {brewery_id}, t: {city})]", 0.0), operator: *, right: (1.0, 1.0), result: 0.0}
列 'p' 不存在，对列 city 不过滤，直接选择所有非无效值。
Block processing time: 0.001518 seconds
Computing Block 539 out of 796
Processing Block size=2
begin cleaner{left: ("[FunctionalDependency:(s: {brewery_id}, t: {city})]", 0.0), operator: *, right: (1.0, 1.0), result: 0.0}
列 'p' 不存在，对列 city 不过滤，直接选择所有非无效值。
Block processing time: 0.001554 seconds
Computing Block 544 out of 796
Processing Block size=3
begin cleaner{left: ("[FunctionalDependency:(s: {brewery_id}, t: {city})]", 0.0), operator: *, right: (1.0, 1.0), result: 0.0}
列 'p' 不存在，对列 city 不过滤，直接选择所有非无效值。
clean_bool length:3
newest best op: Uniop(df,'city','Carlsbad',(['brewery_id'], {('370',)}),{left: ("[FunctionalDependency:(s: {brewery_id}, t: {city})]", 0.0), operator: *, right: (1.0, 1.0), result: 0.0})
now error: 0.0
Block processing time: 0.007284 seconds
Computing Block 546 out of 796
Processing Block size=2
begin cleaner{left: ("[FunctionalDependency:(s: {brewery_id}, t: {city})]", 0.0), operator: *, right: (1.0, 1.0), result: 0.0}
列 'p' 不存在，对列 city 不过滤，直接选择所有非无效值。
Block processing time: 0.001597 seconds
Computing Block 549 out of 796
Processing Block size=3
begin cleaner{left: ("[FunctionalDependency:(s: {brewery_id}, t: {city})]", 0.0), operator: *, right: (1.0, 1.0), result: 0.0}
列 'p' 不存在，对列 city 不过滤，直接选择所有非无效值。
Block processing time: 0.002257 seconds
Computing Block 554 out of 796
Processing Block size=4
begin cleaner{left: ("[FunctionalDependency:(s: {brewery_id}, t: {city})]", 0.0), operator: *, right: (1.0, 1.0), result: 0.0}
列 'p' 不存在，对列 city 不过滤，直接选择所有非无效值。
clean_bool length:3
newest best op: Uniop(df,'city','Verona',(['brewery_id'], {('211',)}),{left: ("[FunctionalDependency:(s: {brewery_id}, t: {city})]", 0.0), operator: *, right: (1.0, 1.0), result: 0.0})
now error: 0.0
Block processing time: 0.009131 seconds
Computing Block 555 out of 796
Processing Block size=2
begin cleaner{left: ("[FunctionalDependency:(s: {brewery_id}, t: {city})]", 0.0), operator: *, right: (1.0, 1.0), result: 0.0}
列 'p' 不存在，对列 city 不过滤，直接选择所有非无效值。
Block processing time: 0.001503 seconds
Computing Block 556 out of 796
Processing Block size=8
begin cleaner{left: ("[FunctionalDependency:(s: {brewery_id}, t: {city})]", 0.0), operator: *, right: (1.0, 1.0), result: 0.0}
列 'p' 不存在，对列 city 不过滤，直接选择所有非无效值。
Block processing time: 0.005641 seconds
Computing Block 557 out of 796
Processing Block size=4
begin cleaner{left: ("[FunctionalDependency:(s: {brewery_id}, t: {city})]", 0.0), operator: *, right: (1.0, 1.0), result: 0.0}
列 'p' 不存在，对列 city 不过滤，直接选择所有非无效值。
clean_bool length:3
newest best op: Uniop(df,'city','Shel%burne',(['brewery_id'], {('172',)}),{left: ("[FunctionalDependency:(s: {brewery_id}, t: {city})]", 0.0), operator: *, right: (1.0, 1.0), result: 0.0})
now error: 0.0
newest best op: Uniop(df,'city','Shelburne',(['brewery_id'], {('172',)}),{left: ("[FunctionalDependency:(s: {brewery_id}, t: {city})]", 0.0), operator: *, right: (1.0, 1.0), result: 0.0})
now error: 0.0
Block processing time: 0.009555 seconds
Computing Block 559 out of 796
Processing Block size=5
begin cleaner{left: ("[FunctionalDependency:(s: {brewery_id}, t: {city})]", 0.0), operator: *, right: (1.0, 1.0), result: 0.0}
列 'p' 不存在，对列 city 不过滤，直接选择所有非无效值。
clean_bool length:4
newest best op: Uniop(df,'city','%Portland',(['brewery_id'], {('116',)}),{left: ("[FunctionalDependency:(s: {brewery_id}, t: {city})]", 0.0), operator: *, right: (1.0, 1.0), result: 0.0})
now error: 0.0
newest best op: Uniop(df,'city','Portland',(['brewery_id'], {('116',)}),{left: ("[FunctionalDependency:(s: {brewery_id}, t: {city})]", 0.0), operator: *, right: (1.0, 1.0), result: 0.0})
now error: 0.0
Block processing time: 0.01532 seconds
Computing Block 561 out of 796
Processing Block size=3
begin cleaner{left: ("[FunctionalDependency:(s: {brewery_id}, t: {city})]", 0.0), operator: *, right: (1.0, 1.0), result: 0.0}
列 'p' 不存在，对列 city 不过滤，直接选择所有非无效值。
Block processing time: 0.002225 seconds
Computing Block 563 out of 796
Processing Block size=6
begin cleaner{left: ("[FunctionalDependency:(s: {brewery_id}, t: {city})]", 0.0), operator: *, right: (1.0, 1.0), result: 0.0}
列 'p' 不存在，对列 city 不过滤，直接选择所有非无效值。
Block processing time: 0.004297 seconds
Computing Block 564 out of 796
Processing Block size=2
begin cleaner{left: ("[FunctionalDependency:(s: {brewery_id}, t: {city})]", 0.0), operator: *, right: (1.0, 1.0), result: 0.0}
列 'p' 不存在，对列 city 不过滤，直接选择所有非无效值。
Block processing time: 0.001507 seconds
Computing Block 565 out of 796
Processing Block size=7
begin cleaner{left: ("[FunctionalDependency:(s: {brewery_id}, t: {city})]", 0.0), operator: *, right: (1.0, 1.0), result: 0.0}
列 'p' 不存在，对列 city 不过滤，直接选择所有非无效值。
clean_bool length:4
newest best op: Uniop(df,'city','Cinc??innati',(['brewery_id'], {('93',)}),{left: ("[FunctionalDependency:(s: {brewery_id}, t: {city})]", 0.0), operator: *, right: (1.0, 1.0), result: 0.0})
now error: 0.0
newest best op: Uniop(df,'city','Cincinnati',(['brewery_id'], {('93',)}),{left: ("[FunctionalDependency:(s: {brewery_id}, t: {city})]", 0.0), operator: *, right: (1.0, 1.0), result: 0.0})
now error: 0.0
Block processing time: 0.020669 seconds
Computing Block 566 out of 796
Processing Block size=2
begin cleaner{left: ("[FunctionalDependency:(s: {brewery_id}, t: {city})]", 0.0), operator: *, right: (1.0, 1.0), result: 0.0}
列 'p' 不存在，对列 city 不过滤，直接选择所有非无效值。
Block processing time: 0.00151 seconds
Computing Block 567 out of 796
Processing Block size=2
begin cleaner{left: ("[FunctionalDependency:(s: {brewery_id}, t: {city})]", 0.0), operator: *, right: (1.0, 1.0), result: 0.0}
列 'p' 不存在，对列 city 不过滤，直接选择所有非无效值。
Block processing time: 0.001499 seconds
Computing Block 569 out of 796
Processing Block size=3
begin cleaner{left: ("[FunctionalDependency:(s: {brewery_id}, t: {city})]", 0.0), operator: *, right: (1.0, 1.0), result: 0.0}
列 'p' 不存在，对列 city 不过滤，直接选择所有非无效值。
clean_bool length:3
newest best op: Uniop(df,'city','Midwest #C@@ity',(['brewery_id'], {('376',)}),{left: ("[FunctionalDependency:(s: {brewery_id}, t: {city})]", 0.0), operator: *, right: (1.0, 1.0), result: 0.0})
now error: 0.0
newest best op: Uniop(df,'city','Midwest City',(['brewery_id'], {('376',)}),{left: ("[FunctionalDependency:(s: {brewery_id}, t: {city})]", 0.0), operator: *, right: (1.0, 1.0), result: 0.0})
now error: 0.0
Block processing time: 0.007694 seconds
Computing Block 570 out of 796
Processing Block size=8
begin cleaner{left: ("[FunctionalDependency:(s: {brewery_id}, t: {city})]", 0.0), operator: *, right: (1.0, 1.0), result: 0.0}
列 'p' 不存在，对列 city 不过滤，直接选择所有非无效值。
clean_bool length:3
newest best op: Uniop(df,'city','Birmin??gha@@m',(['brewery_id'], {('124',)}),{left: ("[FunctionalDependency:(s: {brewery_id}, t: {city})]", 0.0), operator: *, right: (1.0, 1.0), result: 0.0})
now error: 0.0
newest best op: Uniop(df,'city','Birmingham',(['brewery_id'], {('124',)}),{left: ("[FunctionalDependency:(s: {brewery_id}, t: {city})]", 0.0), operator: *, right: (1.0, 1.0), result: 0.0})
now error: 0.0
Block processing time: 0.018342 seconds
Computing Block 571 out of 796
Processing Block size=2
begin cleaner{left: ("[FunctionalDependency:(s: {brewery_id}, t: {city})]", 0.0), operator: *, right: (1.0, 1.0), result: 0.0}
列 'p' 不存在，对列 city 不过滤，直接选择所有非无效值。
clean_bool length:3
newest best op: Uniop(df,'city','Durham',(['brewery_id'], {('524',)}),{left: ("[FunctionalDependency:(s: {brewery_id}, t: {city})]", 0.0), operator: *, right: (1.0, 1.0), result: 0.0})
now error: 0.0
Block processing time: 0.005135 seconds
Computing Block 573 out of 796
Processing Block size=11
begin cleaner{left: ("[FunctionalDependency:(s: {brewery_id}, t: {city})]", 0.0), operator: *, right: (1.0, 1.0), result: 0.0}
列 'p' 不存在，对列 city 不过滤，直接选择所有非无效值。
clean_bool length:3
newest best op: Uniop(df,'city','Durango',(['brewery_id'], {('264',)}),{left: ("[FunctionalDependency:(s: {brewery_id}, t: {city})]", 0.0), operator: *, right: (1.0, 1.0), result: 0.0})
now error: 0.0
Block processing time: 0.023659 seconds
Computing Block 575 out of 796
Processing Block size=4
begin cleaner{left: ("[FunctionalDependency:(s: {brewery_id}, t: {city})]", 0.0), operator: *, right: (1.0, 1.0), result: 0.0}
列 'p' 不存在，对列 city 不过滤，直接选择所有非无效值。
Block processing time: 0.002881 seconds
Computing Block 576 out of 796
Processing Block size=4
begin cleaner{left: ("[FunctionalDependency:(s: {brewery_id}, t: {city})]", 0.0), operator: *, right: (1.0, 1.0), result: 0.0}
列 'p' 不存在，对列 city 不过滤，直接选择所有非无效值。
clean_bool length:4
newest best op: Uniop(df,'city','Sprin$g Lake??',(['brewery_id'], {('185',)}),{left: ("[FunctionalDependency:(s: {brewery_id}, t: {city})]", 0.0), operator: *, right: (1.0, 1.0), result: 0.0})
now error: 0.0
newest best op: Uniop(df,'city','Spr??ing Lake',(['brewery_id'], {('185',)}),{left: ("[FunctionalDependency:(s: {brewery_id}, t: {city})]", 0.0), operator: *, right: (1.0, 1.0), result: 0.0})
now error: 0.0
newest best op: Uniop(df,'city','Spring Lake',(['brewery_id'], {('185',)}),{left: ("[FunctionalDependency:(s: {brewery_id}, t: {city})]", 0.0), operator: *, right: (1.0, 1.0), result: 0.0})
now error: 0.0
Block processing time: 0.012448 seconds
Computing Block 577 out of 796
Processing Block size=4
begin cleaner{left: ("[FunctionalDependency:(s: {brewery_id}, t: {city})]", 0.0), operator: *, right: (1.0, 1.0), result: 0.0}
列 'p' 不存在，对列 city 不过滤，直接选择所有非无效值。
Block processing time: 0.002907 seconds
Computing Block 578 out of 796
Processing Block size=4
begin cleaner{left: ("[FunctionalDependency:(s: {brewery_id}, t: {city})]", 0.0), operator: *, right: (1.0, 1.0), result: 0.0}
列 'p' 不存在，对列 city 不过滤，直接选择所有非无效值。
Block processing time: 0.002875 seconds
Computing Block 579 out of 796
Processing Block size=2
begin cleaner{left: ("[FunctionalDependency:(s: {brewery_id}, t: {city})]", 0.0), operator: *, right: (1.0, 1.0), result: 0.0}
列 'p' 不存在，对列 city 不过滤，直接选择所有非无效值。
clean_bool length:3
newest best op: Uniop(df,'city','Po##rtland',(['brewery_id'], {('42',)}),{left: ("[FunctionalDependency:(s: {brewery_id}, t: {city})]", 0.0), operator: *, right: (1.0, 1.0), result: 0.0})
now error: 0.0
Block processing time: 0.005066 seconds
Computing Block 582 out of 796
Processing Block size=11
begin cleaner{left: ("[FunctionalDependency:(s: {brewery_id}, t: {city})]", 0.0), operator: *, right: (1.0, 1.0), result: 0.0}
列 'p' 不存在，对列 city 不过滤，直接选择所有非无效值。
clean_bool length:6
newest best op: Uniop(df,'city','Misso#ula',(['brewery_id'], {('336',)}),{left: ("[FunctionalDependency:(s: {brewery_id}, t: {city})]", 0.0), operator: *, right: (1.0, 1.0), result: 0.0})
now error: 0.0
newest best op: Uniop(df,'city','Missoula',(['brewery_id'], {('336',)}),{left: ("[FunctionalDependency:(s: {brewery_id}, t: {city})]", 0.0), operator: *, right: (1.0, 1.0), result: 0.0})
now error: 0.0
Block processing time: 0.048239 seconds
Computing Block 584 out of 796
Processing Block size=5
begin cleaner{left: ("[FunctionalDependency:(s: {brewery_id}, t: {city})]", 0.0), operator: *, right: (1.0, 1.0), result: 0.0}
列 'p' 不存在，对列 city 不过滤，直接选择所有非无效值。
Block processing time: 0.003612 seconds
Computing Block 585 out of 796
Processing Block size=3
begin cleaner{left: ("[FunctionalDependency:(s: {brewery_id}, t: {city})]", 0.0), operator: *, right: (1.0, 1.0), result: 0.0}
列 'p' 不存在，对列 city 不过滤，直接选择所有非无效值。
clean_bool length:3
newest best op: Uniop(df,'city','Austin',(['brewery_id'], {('77',)}),{left: ("[FunctionalDependency:(s: {brewery_id}, t: {city})]", 0.0), operator: *, right: (1.0, 1.0), result: 0.0})
now error: 0.0
Block processing time: 0.007138 seconds
Computing Block 587 out of 796
Processing Block size=3
begin cleaner{left: ("[FunctionalDependency:(s: {brewery_id}, t: {city})]", 0.0), operator: *, right: (1.0, 1.0), result: 0.0}
列 'p' 不存在，对列 city 不过滤，直接选择所有非无效值。
Block processing time: 0.002239 seconds
Computing Block 589 out of 796
Processing Block size=4
begin cleaner{left: ("[FunctionalDependency:(s: {brewery_id}, t: {city})]", 0.0), operator: *, right: (1.0, 1.0), result: 0.0}
列 'p' 不存在，对列 city 不过滤，直接选择所有非无效值。
clean_bool length:3
newest best op: Uniop(df,'city','Torrance',(['brewery_id'], {('33',)}),{left: ("[FunctionalDependency:(s: {brewery_id}, t: {city})]", 0.0), operator: *, right: (1.0, 1.0), result: 0.0})
now error: 0.0
Block processing time: 0.009205 seconds
Computing Block 591 out of 796
Processing Block size=22
begin cleaner{left: ("[FunctionalDependency:(s: {brewery_id}, t: {city})]", 0.0), operator: *, right: (1.0, 1.0), result: 0.0}
列 'p' 不存在，对列 city 不过滤，直接选择所有非无效值。
clean_bool length:5
newest best op: Uniop(df,'city','Por@@tla@@nd',(['brewery_id'], {('80',)}),{left: ("[FunctionalDependency:(s: {brewery_id}, t: {city})]", 0.0), operator: *, right: (1.0, 1.0), result: 0.0})
now error: 0.0
newest best op: Uniop(df,'city','Portla@@nd',(['brewery_id'], {('80',)}),{left: ("[FunctionalDependency:(s: {brewery_id}, t: {city})]", 0.0), operator: *, right: (1.0, 1.0), result: 0.0})
now error: 0.0
newest best op: Uniop(df,'city','Portland',(['brewery_id'], {('80',)}),{left: ("[FunctionalDependency:(s: {brewery_id}, t: {city})]", 0.0), operator: *, right: (1.0, 1.0), result: 0.0})
now error: 0.0
Block processing time: 0.078763 seconds
Computing Block 592 out of 796
Processing Block size=3
begin cleaner{left: ("[FunctionalDependency:(s: {brewery_id}, t: {city})]", 0.0), operator: *, right: (1.0, 1.0), result: 0.0}
列 'p' 不存在，对列 city 不过滤，直接选择所有非无效值。
Block processing time: 0.002226 seconds
Computing Block 593 out of 796
Processing Block size=5
begin cleaner{left: ("[FunctionalDependency:(s: {brewery_id}, t: {city})]", 0.0), operator: *, right: (1.0, 1.0), result: 0.0}
列 'p' 不存在，对列 city 不过滤，直接选择所有非无效值。
clean_bool length:3
newest best op: Uniop(df,'city','Hilo',(['brewery_id'], {('204',)}),{left: ("[FunctionalDependency:(s: {brewery_id}, t: {city})]", 0.0), operator: *, right: (1.0, 1.0), result: 0.0})
now error: 0.0
Block processing time: 0.011334 seconds
Computing Block 594 out of 796
Processing Block size=6
begin cleaner{left: ("[FunctionalDependency:(s: {brewery_id}, t: {city})]", 0.0), operator: *, right: (1.0, 1.0), result: 0.0}
列 'p' 不存在，对列 city 不过滤，直接选择所有非无效值。
Block processing time: 0.004292 seconds
Computing Block 595 out of 796
Processing Block size=2
begin cleaner{left: ("[FunctionalDependency:(s: {brewery_id}, t: {city})]", 0.0), operator: *, right: (1.0, 1.0), result: 0.0}
列 'p' 不存在，对列 city 不过滤，直接选择所有非无效值。
Block processing time: 0.001555 seconds
Computing Block 596 out of 796
Processing Block size=2
begin cleaner{left: ("[FunctionalDependency:(s: {brewery_id}, t: {city})]", 0.0), operator: *, right: (1.0, 1.0), result: 0.0}
列 'p' 不存在，对列 city 不过滤，直接选择所有非无效值。
Block processing time: 0.001557 seconds
Computing Block 597 out of 796
Processing Block size=3
begin cleaner{left: ("[FunctionalDependency:(s: {brewery_id}, t: {city})]", 0.0), operator: *, right: (1.0, 1.0), result: 0.0}
列 'p' 不存在，对列 city 不过滤，直接选择所有非无效值。
Block processing time: 0.002256 seconds
Computing Block 600 out of 796
Processing Block size=3
begin cleaner{left: ("[FunctionalDependency:(s: {brewery_id}, t: {city})]", 0.0), operator: *, right: (1.0, 1.0), result: 0.0}
列 'p' 不存在，对列 city 不过滤，直接选择所有非无效值。
clean_bool length:3
newest best op: Uniop(df,'city','Au@@rora',(['brewery_id'], {('496',)}),{left: ("[FunctionalDependency:(s: {brewery_id}, t: {city})]", 0.0), operator: *, right: (1.0, 1.0), result: 0.0})
now error: 0.0
newest best op: Uniop(df,'city','Aurora',(['brewery_id'], {('496',)}),{left: ("[FunctionalDependency:(s: {brewery_id}, t: {city})]", 0.0), operator: *, right: (1.0, 1.0), result: 0.0})
now error: 0.0
Block processing time: 0.007298 seconds
Computing Block 601 out of 796
Processing Block size=32
begin cleaner{left: ("[FunctionalDependency:(s: {brewery_id}, t: {city})]", 0.0), operator: *, right: (1.0, 1.0), result: 0.0}
列 'p' 不存在，对列 city 不过滤，直接选择所有非无效值。
clean_bool length:4
newest best op: Uniop(df,'city','Indianapol#is',(['brewery_id'], {('25',)}),{left: ("[FunctionalDependency:(s: {brewery_id}, t: {city})]", 0.0), operator: *, right: (1.0, 1.0), result: 0.0})
now error: 0.0
newest best op: Uniop(df,'city','Indianapolis',(['brewery_id'], {('25',)}),{left: ("[FunctionalDependency:(s: {brewery_id}, t: {city})]", 0.0), operator: *, right: (1.0, 1.0), result: 0.0})
now error: 0.0
Block processing time: 0.093056 seconds
Computing Block 605 out of 796
Processing Block size=10
begin cleaner{left: ("[FunctionalDependency:(s: {brewery_id}, t: {city})]", 0.0), operator: *, right: (1.0, 1.0), result: 0.0}
列 'p' 不存在，对列 city 不过滤，直接选择所有非无效值。
clean_bool length:3
newest best op: Uniop(df,'city','Midd$leton??',(['brewery_id'], {('192',)}),{left: ("[FunctionalDependency:(s: {brewery_id}, t: {city})]", 0.0), operator: *, right: (1.0, 1.0), result: 0.0})
now error: 0.0
newest best op: Uniop(df,'city','Middleton',(['brewery_id'], {('192',)}),{left: ("[FunctionalDependency:(s: {brewery_id}, t: {city})]", 0.0), operator: *, right: (1.0, 1.0), result: 0.0})
now error: 0.0
Block processing time: 0.022416 seconds
Computing Block 606 out of 796
Processing Block size=3
begin cleaner{left: ("[FunctionalDependency:(s: {brewery_id}, t: {city})]", 0.0), operator: *, right: (1.0, 1.0), result: 0.0}
列 'p' 不存在，对列 city 不过滤，直接选择所有非无效值。
Block processing time: 0.002233 seconds
Computing Block 607 out of 796
Processing Block size=5
begin cleaner{left: ("[FunctionalDependency:(s: {brewery_id}, t: {city})]", 0.0), operator: *, right: (1.0, 1.0), result: 0.0}
列 'p' 不存在，对列 city 不过滤，直接选择所有非无效值。
clean_bool length:3
newest best op: Uniop(df,'city','Minneapolis',(['brewery_id'], {('0',)}),{left: ("[FunctionalDependency:(s: {brewery_id}, t: {city})]", 0.0), operator: *, right: (1.0, 1.0), result: 0.0})
now error: 0.0
Block processing time: 0.011492 seconds
Computing Block 609 out of 796
Processing Block size=2
begin cleaner{left: ("[FunctionalDependency:(s: {brewery_id}, t: {city})]", 0.0), operator: *, right: (1.0, 1.0), result: 0.0}
列 'p' 不存在，对列 city 不过滤，直接选择所有非无效值。
clean_bool length:3
newest best op: Uniop(df,'city','Portland#',(['brewery_id'], {('266',)}),{left: ("[FunctionalDependency:(s: {brewery_id}, t: {city})]", 0.0), operator: *, right: (1.0, 1.0), result: 0.0})
now error: 0.0
Block processing time: 0.005116 seconds
Computing Block 613 out of 796
Processing Block size=3
begin cleaner{left: ("[FunctionalDependency:(s: {brewery_id}, t: {city})]", 0.0), operator: *, right: (1.0, 1.0), result: 0.0}
列 'p' 不存在，对列 city 不过滤，直接选择所有非无效值。
clean_bool length:3
newest best op: Uniop(df,'city','Portl??and',(['brewery_id'], {('117',)}),{left: ("[FunctionalDependency:(s: {brewery_id}, t: {city})]", 0.0), operator: *, right: (1.0, 1.0), result: 0.0})
now error: 0.0
newest best op: Uniop(df,'city','Portland',(['brewery_id'], {('117',)}),{left: ("[FunctionalDependency:(s: {brewery_id}, t: {city})]", 0.0), operator: *, right: (1.0, 1.0), result: 0.0})
now error: 0.0
Block processing time: 0.007237 seconds
Computing Block 616 out of 796
Processing Block size=3
begin cleaner{left: ("[FunctionalDependency:(s: {brewery_id}, t: {city})]", 0.0), operator: *, right: (1.0, 1.0), result: 0.0}
列 'p' 不存在，对列 city 不过滤，直接选择所有非无效值。
Block processing time: 0.002205 seconds
Computing Block 617 out of 796
Processing Block size=2
begin cleaner{left: ("[FunctionalDependency:(s: {brewery_id}, t: {city})]", 0.0), operator: *, right: (1.0, 1.0), result: 0.0}
列 'p' 不存在，对列 city 不过滤，直接选择所有非无效值。
Block processing time: 0.001492 seconds
Computing Block 619 out of 796
Processing Block size=10
begin cleaner{left: ("[FunctionalDependency:(s: {brewery_id}, t: {city})]", 0.0), operator: *, right: (1.0, 1.0), result: 0.0}
列 'p' 不存在，对列 city 不过滤，直接选择所有非无效值。
clean_bool length:3
newest best op: Uniop(df,'city','Lake Barrington',(['brewery_id'], {('361',)}),{left: ("[FunctionalDependency:(s: {brewery_id}, t: {city})]", 0.0), operator: *, right: (1.0, 1.0), result: 0.0})
now error: 0.0
Block processing time: 0.021986 seconds
Computing Block 620 out of 796
Processing Block size=2
begin cleaner{left: ("[FunctionalDependency:(s: {brewery_id}, t: {city})]", 0.0), operator: *, right: (1.0, 1.0), result: 0.0}
列 'p' 不存在，对列 city 不过滤，直接选择所有非无效值。
Block processing time: 0.00151 seconds
Computing Block 628 out of 796
Processing Block size=4
begin cleaner{left: ("[FunctionalDependency:(s: {brewery_id}, t: {city})]", 0.0), operator: *, right: (1.0, 1.0), result: 0.0}
列 'p' 不存在，对列 city 不过滤，直接选择所有非无效值。
Block processing time: 0.002934 seconds
Computing Block 630 out of 796
Processing Block size=2
begin cleaner{left: ("[FunctionalDependency:(s: {brewery_id}, t: {city})]", 0.0), operator: *, right: (1.0, 1.0), result: 0.0}
列 'p' 不存在，对列 city 不过滤，直接选择所有非无效值。
Block processing time: 0.001528 seconds
Computing Block 632 out of 796
Processing Block size=2
begin cleaner{left: ("[FunctionalDependency:(s: {brewery_id}, t: {city})]", 0.0), operator: *, right: (1.0, 1.0), result: 0.0}
列 'p' 不存在，对列 city 不过滤，直接选择所有非无效值。
Block processing time: 0.001509 seconds
Computing Block 633 out of 796
Processing Block size=5
begin cleaner{left: ("[FunctionalDependency:(s: {brewery_id}, t: {city})]", 0.0), operator: *, right: (1.0, 1.0), result: 0.0}
列 'p' 不存在，对列 city 不过滤，直接选择所有非无效值。
Block processing time: 0.00361 seconds
Computing Block 635 out of 796
Processing Block size=5
begin cleaner{left: ("[FunctionalDependency:(s: {brewery_id}, t: {city})]", 0.0), operator: *, right: (1.0, 1.0), result: 0.0}
列 'p' 不存在，对列 city 不过滤，直接选择所有非无效值。
clean_bool length:3
newest best op: Uniop(df,'city','Meadville',(['brewery_id'], {('322',)}),{left: ("[FunctionalDependency:(s: {brewery_id}, t: {city})]", 0.0), operator: *, right: (1.0, 1.0), result: 0.0})
now error: 0.0
Block processing time: 0.011935 seconds
Computing Block 644 out of 796
Processing Block size=6
begin cleaner{left: ("[FunctionalDependency:(s: {brewery_id}, t: {city})]", 0.0), operator: *, right: (1.0, 1.0), result: 0.0}
列 'p' 不存在，对列 city 不过滤，直接选择所有非无效值。
clean_bool length:4
newest best op: Uniop(df,'city','Bloomington',(['brewery_id'], {('57',)}),{left: ("[FunctionalDependency:(s: {brewery_id}, t: {city})]", 0.0), operator: *, right: (1.0, 1.0), result: 0.0})
now error: 0.0
Block processing time: 0.019404 seconds
Computing Block 646 out of 796
Processing Block size=6
begin cleaner{left: ("[FunctionalDependency:(s: {brewery_id}, t: {city})]", 0.0), operator: *, right: (1.0, 1.0), result: 0.0}
列 'p' 不存在，对列 city 不过滤，直接选择所有非无效值。
clean_bool length:3
newest best op: Uniop(df,'city','Mishawa$ka',(['brewery_id'], {('26',)}),{left: ("[FunctionalDependency:(s: {brewery_id}, t: {city})]", 0.0), operator: *, right: (1.0, 1.0), result: 0.0})
now error: 0.0
newest best op: Uniop(df,'city','Mishawaka',(['brewery_id'], {('26',)}),{left: ("[FunctionalDependency:(s: {brewery_id}, t: {city})]", 0.0), operator: *, right: (1.0, 1.0), result: 0.0})
now error: 0.0
Block processing time: 0.013619 seconds
Computing Block 647 out of 796
Processing Block size=2
begin cleaner{left: ("[FunctionalDependency:(s: {brewery_id}, t: {city})]", 0.0), operator: *, right: (1.0, 1.0), result: 0.0}
列 'p' 不存在，对列 city 不过滤，直接选择所有非无效值。
Block processing time: 0.001521 seconds
Computing Block 648 out of 796
Processing Block size=10
begin cleaner{left: ("[FunctionalDependency:(s: {brewery_id}, t: {city})]", 0.0), operator: *, right: (1.0, 1.0), result: 0.0}
列 'p' 不存在，对列 city 不过滤，直接选择所有非无效值。
clean_bool length:3
newest best op: Uniop(df,'city','Westminster',(['brewery_id'], {('295',)}),{left: ("[FunctionalDependency:(s: {brewery_id}, t: {city})]", 0.0), operator: *, right: (1.0, 1.0), result: 0.0})
now error: 0.0
Block processing time: 0.02178 seconds
Computing Block 649 out of 796
Processing Block size=12
begin cleaner{left: ("[FunctionalDependency:(s: {brewery_id}, t: {city})]", 0.0), operator: *, right: (1.0, 1.0), result: 0.0}
列 'p' 不存在，对列 city 不过滤，直接选择所有非无效值。
clean_bool length:4
newest best op: Uniop(df,'city','Mo$nroe',(['brewery_id'], {('134',)}),{left: ("[FunctionalDependency:(s: {brewery_id}, t: {city})]", 0.0), operator: *, right: (1.0, 1.0), result: 0.0})
now error: 0.0
newest best op: Uniop(df,'city','Monroe',(['brewery_id'], {('134',)}),{left: ("[FunctionalDependency:(s: {brewery_id}, t: {city})]", 0.0), operator: *, right: (1.0, 1.0), result: 0.0})
now error: 0.0
Block processing time: 0.034823 seconds
Computing Block 651 out of 796
Processing Block size=8
begin cleaner{left: ("[FunctionalDependency:(s: {brewery_id}, t: {city})]", 0.0), operator: *, right: (1.0, 1.0), result: 0.0}
列 'p' 不存在，对列 city 不过滤，直接选择所有非无效值。
clean_bool length:4
newest best op: Uniop(df,'city','Phi??ladelphi%a',(['brewery_id'], {('356',)}),{left: ("[FunctionalDependency:(s: {brewery_id}, t: {city})]", 0.0), operator: *, right: (1.0, 1.0), result: 0.0})
now error: 0.0
newest best op: Uniop(df,'city','Philadelphia',(['brewery_id'], {('356',)}),{left: ("[FunctionalDependency:(s: {brewery_id}, t: {city})]", 0.0), operator: *, right: (1.0, 1.0), result: 0.0})
now error: 0.0
Block processing time: 0.023821 seconds
Computing Block 652 out of 796
Processing Block size=6
begin cleaner{left: ("[FunctionalDependency:(s: {brewery_id}, t: {city})]", 0.0), operator: *, right: (1.0, 1.0), result: 0.0}
列 'p' 不存在，对列 city 不过滤，直接选择所有非无效值。
clean_bool length:5
newest best op: Uniop(df,'city','??Denv??er',(['brewery_id'], {('110',)}),{left: ("[FunctionalDependency:(s: {brewery_id}, t: {city})]", 0.0), operator: *, right: (1.0, 1.0), result: 0.0})
now error: 0.0
newest best op: Uniop(df,'city','Denv%er',(['brewery_id'], {('110',)}),{left: ("[FunctionalDependency:(s: {brewery_id}, t: {city})]", 0.0), operator: *, right: (1.0, 1.0), result: 0.0})
now error: 0.0
newest best op: Uniop(df,'city','Denver',(['brewery_id'], {('110',)}),{left: ("[FunctionalDependency:(s: {brewery_id}, t: {city})]", 0.0), operator: *, right: (1.0, 1.0), result: 0.0})
now error: 0.0
Block processing time: 0.02299 seconds
Computing Block 653 out of 796
Processing Block size=6
begin cleaner{left: ("[FunctionalDependency:(s: {brewery_id}, t: {city})]", 0.0), operator: *, right: (1.0, 1.0), result: 0.0}
列 'p' 不存在，对列 city 不过滤，直接选择所有非无效值。
Block processing time: 0.004378 seconds
Computing Block 655 out of 796
Processing Block size=6
begin cleaner{left: ("[FunctionalDependency:(s: {brewery_id}, t: {city})]", 0.0), operator: *, right: (1.0, 1.0), result: 0.0}
列 'p' 不存在，对列 city 不过滤，直接选择所有非无效值。
Block processing time: 0.00428 seconds
Computing Block 657 out of 796
Processing Block size=4
begin cleaner{left: ("[FunctionalDependency:(s: {brewery_id}, t: {city})]", 0.0), operator: *, right: (1.0, 1.0), result: 0.0}
列 'p' 不存在，对列 city 不过滤，直接选择所有非无效值。
Block processing time: 0.0029 seconds
Computing Block 658 out of 796
Processing Block size=6
begin cleaner{left: ("[FunctionalDependency:(s: {brewery_id}, t: {city})]", 0.0), operator: *, right: (1.0, 1.0), result: 0.0}
列 'p' 不存在，对列 city 不过滤，直接选择所有非无效值。
clean_bool length:3
newest best op: Uniop(df,'city','Columbus',(['brewery_id'], {('27',)}),{left: ("[FunctionalDependency:(s: {brewery_id}, t: {city})]", 0.0), operator: *, right: (1.0, 1.0), result: 0.0})
now error: 0.0
Block processing time: 0.013395 seconds
Computing Block 659 out of 796
Processing Block size=3
begin cleaner{left: ("[FunctionalDependency:(s: {brewery_id}, t: {city})]", 0.0), operator: *, right: (1.0, 1.0), result: 0.0}
列 'p' 不存在，对列 city 不过滤，直接选择所有非无效值。
clean_bool length:3
newest best op: Uniop(df,'city','@@Broom#field',(['brewery_id'], {('220',)}),{left: ("[FunctionalDependency:(s: {brewery_id}, t: {city})]", 0.0), operator: *, right: (1.0, 1.0), result: 0.0})
now error: 0.0
newest best op: Uniop(df,'city','Broomfield',(['brewery_id'], {('220',)}),{left: ("[FunctionalDependency:(s: {brewery_id}, t: {city})]", 0.0), operator: *, right: (1.0, 1.0), result: 0.0})
now error: 0.0
Block processing time: 0.007171 seconds
Computing Block 660 out of 796
Processing Block size=4
begin cleaner{left: ("[FunctionalDependency:(s: {brewery_id}, t: {city})]", 0.0), operator: *, right: (1.0, 1.0), result: 0.0}
列 'p' 不存在，对列 city 不过滤，直接选择所有非无效值。
Block processing time: 0.00288 seconds
Computing Block 661 out of 796
Processing Block size=5
begin cleaner{left: ("[FunctionalDependency:(s: {brewery_id}, t: {city})]", 0.0), operator: *, right: (1.0, 1.0), result: 0.0}
列 'p' 不存在，对列 city 不过滤，直接选择所有非无效值。
clean_bool length:4
newest best op: Uniop(df,'city','Ral@@eigh',(['brewery_id'], {('149',)}),{left: ("[FunctionalDependency:(s: {brewery_id}, t: {city})]", 0.0), operator: *, right: (1.0, 1.0), result: 0.0})
now error: 0.0
newest best op: Uniop(df,'city','#Raleigh',(['brewery_id'], {('149',)}),{left: ("[FunctionalDependency:(s: {brewery_id}, t: {city})]", 0.0), operator: *, right: (1.0, 1.0), result: 0.0})
now error: 0.0
newest best op: Uniop(df,'city','Raleigh',(['brewery_id'], {('149',)}),{left: ("[FunctionalDependency:(s: {brewery_id}, t: {city})]", 0.0), operator: *, right: (1.0, 1.0), result: 0.0})
now error: 0.0
Block processing time: 0.015237 seconds
Computing Block 662 out of 796
Processing Block size=2
begin cleaner{left: ("[FunctionalDependency:(s: {brewery_id}, t: {city})]", 0.0), operator: *, right: (1.0, 1.0), result: 0.0}
列 'p' 不存在，对列 city 不过滤，直接选择所有非无效值。
Block processing time: 0.001522 seconds
Computing Block 663 out of 796
Processing Block size=18
begin cleaner{left: ("[FunctionalDependency:(s: {brewery_id}, t: {city})]", 0.0), operator: *, right: (1.0, 1.0), result: 0.0}
列 'p' 不存在，对列 city 不过滤，直接选择所有非无效值。
clean_bool length:4
newest best op: Uniop(df,'city','Davenport',(['brewery_id'], {('365',)}),{left: ("[FunctionalDependency:(s: {brewery_id}, t: {city})]", 0.0), operator: *, right: (1.0, 1.0), result: 0.0})
now error: 0.0
Block processing time: 0.051158 seconds
Computing Block 668 out of 796
Processing Block size=5
begin cleaner{left: ("[FunctionalDependency:(s: {brewery_id}, t: {city})]", 0.0), operator: *, right: (1.0, 1.0), result: 0.0}
列 'p' 不存在，对列 city 不过滤，直接选择所有非无效值。
Block processing time: 0.003659 seconds
Computing Block 669 out of 796
Processing Block size=15
begin cleaner{left: ("[FunctionalDependency:(s: {brewery_id}, t: {city})]", 0.0), operator: *, right: (1.0, 1.0), result: 0.0}
列 'p' 不存在，对列 city 不过滤，直接选择所有非无效值。
Block processing time: 0.010551 seconds
Computing Block 670 out of 796
Processing Block size=7
begin cleaner{left: ("[FunctionalDependency:(s: {brewery_id}, t: {city})]", 0.0), operator: *, right: (1.0, 1.0), result: 0.0}
列 'p' 不存在，对列 city 不过滤，直接选择所有非无效值。
Block processing time: 0.004988 seconds
Computing Block 671 out of 796
Processing Block size=4
begin cleaner{left: ("[FunctionalDependency:(s: {brewery_id}, t: {city})]", 0.0), operator: *, right: (1.0, 1.0), result: 0.0}
列 'p' 不存在，对列 city 不过滤，直接选择所有非无效值。
Block processing time: 0.002875 seconds
Computing Block 674 out of 796
Processing Block size=4
begin cleaner{left: ("[FunctionalDependency:(s: {brewery_id}, t: {city})]", 0.0), operator: *, right: (1.0, 1.0), result: 0.0}
列 'p' 不存在，对列 city 不过滤，直接选择所有非无效值。
clean_bool length:3
newest best op: Uniop(df,'city','Minneapolis',(['brewery_id'], {('258',)}),{left: ("[FunctionalDependency:(s: {brewery_id}, t: {city})]", 0.0), operator: *, right: (1.0, 1.0), result: 0.0})
now error: 0.0
Block processing time: 0.009308 seconds
Computing Block 676 out of 796
Processing Block size=3
begin cleaner{left: ("[FunctionalDependency:(s: {brewery_id}, t: {city})]", 0.0), operator: *, right: (1.0, 1.0), result: 0.0}
列 'p' 不存在，对列 city 不过滤，直接选择所有非无效值。
clean_bool length:3
newest best op: Uniop(df,'city','Brook#lyn',(['brewery_id'], {('342',)}),{left: ("[FunctionalDependency:(s: {brewery_id}, t: {city})]", 0.0), operator: *, right: (1.0, 1.0), result: 0.0})
now error: 0.0
newest best op: Uniop(df,'city','Brooklyn',(['brewery_id'], {('342',)}),{left: ("[FunctionalDependency:(s: {brewery_id}, t: {city})]", 0.0), operator: *, right: (1.0, 1.0), result: 0.0})
now error: 0.0
Block processing time: 0.00716 seconds
Computing Block 678 out of 796
Processing Block size=2
begin cleaner{left: ("[FunctionalDependency:(s: {brewery_id}, t: {city})]", 0.0), operator: *, right: (1.0, 1.0), result: 0.0}
列 'p' 不存在，对列 city 不过滤，直接选择所有非无效值。
Block processing time: 0.001521 seconds
Computing Block 680 out of 796
Processing Block size=18
begin cleaner{left: ("[FunctionalDependency:(s: {brewery_id}, t: {city})]", 0.0), operator: *, right: (1.0, 1.0), result: 0.0}
列 'p' 不存在，对列 city 不过滤，直接选择所有非无效值。
clean_bool length:4
newest best op: Uniop(df,'city','Au@??@rora',(['brewery_id'], {('165',)}),{left: ("[FunctionalDependency:(s: {brewery_id}, t: {city})]", 0.0), operator: *, right: (1.0, 1.0), result: 0.0})
now error: 0.0
newest best op: Uniop(df,'city','Aurora',(['brewery_id'], {('165',)}),{left: ("[FunctionalDependency:(s: {brewery_id}, t: {city})]", 0.0), operator: *, right: (1.0, 1.0), result: 0.0})
now error: 0.0
Block processing time: 0.050751 seconds
Computing Block 681 out of 796
Processing Block size=6
begin cleaner{left: ("[FunctionalDependency:(s: {brewery_id}, t: {city})]", 0.0), operator: *, right: (1.0, 1.0), result: 0.0}
列 'p' 不存在，对列 city 不过滤，直接选择所有非无效值。
Block processing time: 0.004253 seconds
Computing Block 683 out of 796
Processing Block size=2
begin cleaner{left: ("[FunctionalDependency:(s: {brewery_id}, t: {city})]", 0.0), operator: *, right: (1.0, 1.0), result: 0.0}
列 'p' 不存在，对列 city 不过滤，直接选择所有非无效值。
Block processing time: 0.001488 seconds
Computing Block 684 out of 796
Processing Block size=3
begin cleaner{left: ("[FunctionalDependency:(s: {brewery_id}, t: {city})]", 0.0), operator: *, right: (1.0, 1.0), result: 0.0}
列 'p' 不存在，对列 city 不过滤，直接选择所有非无效值。
Block processing time: 0.002207 seconds
Computing Block 686 out of 796
Processing Block size=2
begin cleaner{left: ("[FunctionalDependency:(s: {brewery_id}, t: {city})]", 0.0), operator: *, right: (1.0, 1.0), result: 0.0}
列 'p' 不存在，对列 city 不过滤，直接选择所有非无效值。
Block processing time: 0.001496 seconds
Computing Block 690 out of 796
Processing Block size=2
begin cleaner{left: ("[FunctionalDependency:(s: {brewery_id}, t: {city})]", 0.0), operator: *, right: (1.0, 1.0), result: 0.0}
列 'p' 不存在，对列 city 不过滤，直接选择所有非无效值。
Block processing time: 0.0015 seconds
Computing Block 693 out of 796
Processing Block size=3
begin cleaner{left: ("[FunctionalDependency:(s: {brewery_id}, t: {city})]", 0.0), operator: *, right: (1.0, 1.0), result: 0.0}
列 'p' 不存在，对列 city 不过滤，直接选择所有非无效值。
Block processing time: 0.002188 seconds
Computing Block 698 out of 796
Processing Block size=2
begin cleaner{left: ("[FunctionalDependency:(s: {brewery_id}, t: {city})]", 0.0), operator: *, right: (1.0, 1.0), result: 0.0}
列 'p' 不存在，对列 city 不过滤，直接选择所有非无效值。
Block processing time: 0.001487 seconds
Computing Block 699 out of 796
Processing Block size=4
begin cleaner{left: ("[FunctionalDependency:(s: {brewery_id}, t: {city})]", 0.0), operator: *, right: (1.0, 1.0), result: 0.0}
列 'p' 不存在，对列 city 不过滤，直接选择所有非无效值。
Block processing time: 0.002886 seconds
Computing Block 701 out of 796
Processing Block size=10
begin cleaner{left: ("[FunctionalDependency:(s: {brewery_id}, t: {city})]", 0.0), operator: *, right: (1.0, 1.0), result: 0.0}
列 'p' 不存在，对列 city 不过滤，直接选择所有非无效值。
clean_bool length:3
newest best op: Uniop(df,'city','#Michigan City',(['brewery_id'], {('24',)}),{left: ("[FunctionalDependency:(s: {brewery_id}, t: {city})]", 0.0), operator: *, right: (1.0, 1.0), result: 0.0})
now error: 0.0
newest best op: Uniop(df,'city','Michigan City',(['brewery_id'], {('24',)}),{left: ("[FunctionalDependency:(s: {brewery_id}, t: {city})]", 0.0), operator: *, right: (1.0, 1.0), result: 0.0})
now error: 0.0
Block processing time: 0.021562 seconds
Computing Block 704 out of 796
Processing Block size=3
begin cleaner{left: ("[FunctionalDependency:(s: {brewery_id}, t: {city})]", 0.0), operator: *, right: (1.0, 1.0), result: 0.0}
列 'p' 不存在，对列 city 不过滤，直接选择所有非无效值。
Block processing time: 0.002213 seconds
Computing Block 709 out of 796
Processing Block size=2
begin cleaner{left: ("[FunctionalDependency:(s: {brewery_id}, t: {city})]", 0.0), operator: *, right: (1.0, 1.0), result: 0.0}
列 'p' 不存在，对列 city 不过滤，直接选择所有非无效值。
Block processing time: 0.001493 seconds
Computing Block 710 out of 796
Processing Block size=2
begin cleaner{left: ("[FunctionalDependency:(s: {brewery_id}, t: {city})]", 0.0), operator: *, right: (1.0, 1.0), result: 0.0}
列 'p' 不存在，对列 city 不过滤，直接选择所有非无效值。
clean_bool length:3
newest best op: Uniop(df,'city','Pottstown',(['brewery_id'], {('363',)}),{left: ("[FunctionalDependency:(s: {brewery_id}, t: {city})]", 0.0), operator: *, right: (1.0, 1.0), result: 0.0})
now error: 0.0
Block processing time: 0.005059 seconds
Computing Block 713 out of 796
Processing Block size=4
begin cleaner{left: ("[FunctionalDependency:(s: {brewery_id}, t: {city})]", 0.0), operator: *, right: (1.0, 1.0), result: 0.0}
列 'p' 不存在，对列 city 不过滤，直接选择所有非无效值。
Block processing time: 0.00289 seconds
Computing Block 717 out of 796
Processing Block size=2
begin cleaner{left: ("[FunctionalDependency:(s: {brewery_id}, t: {city})]", 0.0), operator: *, right: (1.0, 1.0), result: 0.0}
列 'p' 不存在，对列 city 不过滤，直接选择所有非无效值。
Block processing time: 0.001553 seconds
Computing Block 718 out of 796
Processing Block size=4
begin cleaner{left: ("[FunctionalDependency:(s: {brewery_id}, t: {city})]", 0.0), operator: *, right: (1.0, 1.0), result: 0.0}
列 'p' 不存在，对列 city 不过滤，直接选择所有非无效值。
Block processing time: 0.002897 seconds
Computing Block 723 out of 796
Processing Block size=4
begin cleaner{left: ("[FunctionalDependency:(s: {brewery_id}, t: {city})]", 0.0), operator: *, right: (1.0, 1.0), result: 0.0}
列 'p' 不存在，对列 city 不过滤，直接选择所有非无效值。
Block processing time: 0.002901 seconds
Computing Block 724 out of 796
Processing Block size=4
begin cleaner{left: ("[FunctionalDependency:(s: {brewery_id}, t: {city})]", 0.0), operator: *, right: (1.0, 1.0), result: 0.0}
列 'p' 不存在，对列 city 不过滤，直接选择所有非无效值。
Block processing time: 0.002873 seconds
Computing Block 726 out of 796
Processing Block size=5
begin cleaner{left: ("[FunctionalDependency:(s: {brewery_id}, t: {city})]", 0.0), operator: *, right: (1.0, 1.0), result: 0.0}
列 'p' 不存在，对列 city 不过滤，直接选择所有非无效值。
clean_bool length:3
newest best op: Uniop(df,'city','#$Brooklyn',(['brewery_id'], {('437',)}),{left: ("[FunctionalDependency:(s: {brewery_id}, t: {city})]", 0.0), operator: *, right: (1.0, 1.0), result: 0.0})
now error: 0.0
newest best op: Uniop(df,'city','Brooklyn',(['brewery_id'], {('437',)}),{left: ("[FunctionalDependency:(s: {brewery_id}, t: {city})]", 0.0), operator: *, right: (1.0, 1.0), result: 0.0})
now error: 0.0
Block processing time: 0.011238 seconds
Computing Block 727 out of 796
Processing Block size=2
begin cleaner{left: ("[FunctionalDependency:(s: {brewery_id}, t: {city})]", 0.0), operator: *, right: (1.0, 1.0), result: 0.0}
列 'p' 不存在，对列 city 不过滤，直接选择所有非无效值。
Block processing time: 0.001547 seconds
Computing Block 728 out of 796
Processing Block size=3
begin cleaner{left: ("[FunctionalDependency:(s: {brewery_id}, t: {city})]", 0.0), operator: *, right: (1.0, 1.0), result: 0.0}
列 'p' 不存在，对列 city 不过滤，直接选择所有非无效值。
Block processing time: 0.002183 seconds
Computing Block 729 out of 796
Processing Block size=4
begin cleaner{left: ("[FunctionalDependency:(s: {brewery_id}, t: {city})]", 0.0), operator: *, right: (1.0, 1.0), result: 0.0}
列 'p' 不存在，对列 city 不过滤，直接选择所有非无效值。
Block processing time: 0.002872 seconds
Computing Block 730 out of 796
Processing Block size=3
begin cleaner{left: ("[FunctionalDependency:(s: {brewery_id}, t: {city})]", 0.0), operator: *, right: (1.0, 1.0), result: 0.0}
列 'p' 不存在，对列 city 不过滤，直接选择所有非无效值。
Block processing time: 0.002181 seconds
Computing Block 731 out of 796
Processing Block size=8
begin cleaner{left: ("[FunctionalDependency:(s: {brewery_id}, t: {city})]", 0.0), operator: *, right: (1.0, 1.0), result: 0.0}
列 'p' 不存在，对列 city 不过滤，直接选择所有非无效值。
Block processing time: 0.005603 seconds
Computing Block 733 out of 796
Processing Block size=5
begin cleaner{left: ("[FunctionalDependency:(s: {brewery_id}, t: {city})]", 0.0), operator: *, right: (1.0, 1.0), result: 0.0}
列 'p' 不存在，对列 city 不过滤，直接选择所有非无效值。
clean_bool length:3
newest best op: Uniop(df,'city','Oklahoma City$',(['brewery_id'], {('182',)}),{left: ("[FunctionalDependency:(s: {brewery_id}, t: {city})]", 0.0), operator: *, right: (1.0, 1.0), result: 0.0})
now error: 0.0
newest best op: Uniop(df,'city','Oklahoma City',(['brewery_id'], {('182',)}),{left: ("[FunctionalDependency:(s: {brewery_id}, t: {city})]", 0.0), operator: *, right: (1.0, 1.0), result: 0.0})
now error: 0.0
Block processing time: 0.011442 seconds
Computing Block 735 out of 796
Processing Block size=3
begin cleaner{left: ("[FunctionalDependency:(s: {brewery_id}, t: {city})]", 0.0), operator: *, right: (1.0, 1.0), result: 0.0}
列 'p' 不存在，对列 city 不过滤，直接选择所有非无效值。
clean_bool length:4
newest best op: Uniop(df,'city','%Balti@@more',(['brewery_id'], {('71',)}),{left: ("[FunctionalDependency:(s: {brewery_id}, t: {city})]", 0.0), operator: *, right: (1.0, 1.0), result: 0.0})
now error: 0.0
newest best op: Uniop(df,'city','Baltimore%$',(['brewery_id'], {('71',)}),{left: ("[FunctionalDependency:(s: {brewery_id}, t: {city})]", 0.0), operator: *, right: (1.0, 1.0), result: 0.0})
now error: 0.0
newest best op: Uniop(df,'city','Baltimore',(['brewery_id'], {('71',)}),{left: ("[FunctionalDependency:(s: {brewery_id}, t: {city})]", 0.0), operator: *, right: (1.0, 1.0), result: 0.0})
now error: 0.0
Block processing time: 0.009597 seconds
Computing Block 737 out of 796
Processing Block size=23
begin cleaner{left: ("[FunctionalDependency:(s: {brewery_id}, t: {city})]", 0.0), operator: *, right: (1.0, 1.0), result: 0.0}
列 'p' 不存在，对列 city 不过滤，直接选择所有非无效值。
clean_bool length:6
newest best op: Uniop(df,'city','??Ta#mpa',(['brewery_id'], {('141',)}),{left: ("[FunctionalDependency:(s: {brewery_id}, t: {city})]", 0.0), operator: *, right: (1.0, 1.0), result: 0.0})
now error: 0.0
newest best op: Uniop(df,'city','$Tamp#a',(['brewery_id'], {('141',)}),{left: ("[FunctionalDependency:(s: {brewery_id}, t: {city})]", 0.0), operator: *, right: (1.0, 1.0), result: 0.0})
now error: 0.0
newest best op: Uniop(df,'city','Tampa',(['brewery_id'], {('141',)}),{left: ("[FunctionalDependency:(s: {brewery_id}, t: {city})]", 0.0), operator: *, right: (1.0, 1.0), result: 0.0})
now error: 0.0
Block processing time: 0.100073 seconds
Computing Block 739 out of 796
Processing Block size=3
begin cleaner{left: ("[FunctionalDependency:(s: {brewery_id}, t: {city})]", 0.0), operator: *, right: (1.0, 1.0), result: 0.0}
列 'p' 不存在，对列 city 不过滤，直接选择所有非无效值。
Block processing time: 0.002366 seconds
Computing Block 744 out of 796
Processing Block size=5
begin cleaner{left: ("[FunctionalDependency:(s: {brewery_id}, t: {city})]", 0.0), operator: *, right: (1.0, 1.0), result: 0.0}
列 'p' 不存在，对列 city 不过滤，直接选择所有非无效值。
Block processing time: 0.003891 seconds
Computing Block 745 out of 796
Processing Block size=6
begin cleaner{left: ("[FunctionalDependency:(s: {brewery_id}, t: {city})]", 0.0), operator: *, right: (1.0, 1.0), result: 0.0}
列 'p' 不存在，对列 city 不过滤，直接选择所有非无效值。
clean_bool length:3
newest best op: Uniop(df,'city','Minneapolis',(['brewery_id'], {('277',)}),{left: ("[FunctionalDependency:(s: {brewery_id}, t: {city})]", 0.0), operator: *, right: (1.0, 1.0), result: 0.0})
now error: 0.0
Block processing time: 0.014095 seconds
Computing Block 746 out of 796
Processing Block size=5
begin cleaner{left: ("[FunctionalDependency:(s: {brewery_id}, t: {city})]", 0.0), operator: *, right: (1.0, 1.0), result: 0.0}
列 'p' 不存在，对列 city 不过滤，直接选择所有非无效值。
Block processing time: 0.003632 seconds
Computing Block 747 out of 796
Processing Block size=5
begin cleaner{left: ("[FunctionalDependency:(s: {brewery_id}, t: {city})]", 0.0), operator: *, right: (1.0, 1.0), result: 0.0}
列 'p' 不存在，对列 city 不过滤，直接选择所有非无效值。
Block processing time: 0.003675 seconds
Computing Block 749 out of 796
Processing Block size=3
begin cleaner{left: ("[FunctionalDependency:(s: {brewery_id}, t: {city})]", 0.0), operator: *, right: (1.0, 1.0), result: 0.0}
列 'p' 不存在，对列 city 不过滤，直接选择所有非无效值。
Block processing time: 0.002276 seconds
Computing Block 751 out of 796
Processing Block size=2
begin cleaner{left: ("[FunctionalDependency:(s: {brewery_id}, t: {city})]", 0.0), operator: *, right: (1.0, 1.0), result: 0.0}
列 'p' 不存在，对列 city 不过滤，直接选择所有非无效值。
Block processing time: 0.00151 seconds
Computing Block 754 out of 796
WARNING:root:No partitioning rule specified, processing might be slow
Processing Block size=6
begin cleaner{left: ("[FunctionalDependency:(s: {brewery_id}, t: {city})]", 0.0), operator: *, right: (1.0, 1.0), result: 0.0}
列 'p' 不存在，对列 city 不过滤，直接选择所有非无效值。
Block processing time: 0.004293 seconds
Computing Block 757 out of 796
Processing Block size=5
begin cleaner{left: ("[FunctionalDependency:(s: {brewery_id}, t: {city})]", 0.0), operator: *, right: (1.0, 1.0), result: 0.0}
列 'p' 不存在，对列 city 不过滤，直接选择所有非无效值。
Block processing time: 0.003598 seconds
Computing Block 761 out of 796
Processing Block size=7
begin cleaner{left: ("[FunctionalDependency:(s: {brewery_id}, t: {city})]", 0.0), operator: *, right: (1.0, 1.0), result: 0.0}
列 'p' 不存在，对列 city 不过滤，直接选择所有非无效值。
clean_bool length:3
newest best op: Uniop(df,'city','Bl%anco',(['brewery_id'], {('128',)}),{left: ("[FunctionalDependency:(s: {brewery_id}, t: {city})]", 0.0), operator: *, right: (1.0, 1.0), result: 0.0})
now error: 0.0
newest best op: Uniop(df,'city','Blanco',(['brewery_id'], {('128',)}),{left: ("[FunctionalDependency:(s: {brewery_id}, t: {city})]", 0.0), operator: *, right: (1.0, 1.0), result: 0.0})
now error: 0.0
Block processing time: 0.015428 seconds
Computing Block 764 out of 796
Processing Block size=3
begin cleaner{left: ("[FunctionalDependency:(s: {brewery_id}, t: {city})]", 0.0), operator: *, right: (1.0, 1.0), result: 0.0}
列 'p' 不存在，对列 city 不过滤，直接选择所有非无效值。
Block processing time: 0.002192 seconds
Computing Block 765 out of 796
Processing Block size=3
begin cleaner{left: ("[FunctionalDependency:(s: {brewery_id}, t: {city})]", 0.0), operator: *, right: (1.0, 1.0), result: 0.0}
列 'p' 不存在，对列 city 不过滤，直接选择所有非无效值。
clean_bool length:3
newest best op: Uniop(df,'city','Grand Rapids',(['brewery_id'], {('15',)}),{left: ("[FunctionalDependency:(s: {brewery_id}, t: {city})]", 0.0), operator: *, right: (1.0, 1.0), result: 0.0})
now error: 0.0
Block processing time: 0.007159 seconds
Computing Block 771 out of 796
Processing Block size=2
begin cleaner{left: ("[FunctionalDependency:(s: {brewery_id}, t: {city})]", 0.0), operator: *, right: (1.0, 1.0), result: 0.0}
列 'p' 不存在，对列 city 不过滤，直接选择所有非无效值。
Block processing time: 0.0015 seconds
Computing Block 774 out of 796
Processing Block size=3
begin cleaner{left: ("[FunctionalDependency:(s: {brewery_id}, t: {city})]", 0.0), operator: *, right: (1.0, 1.0), result: 0.0}
列 'p' 不存在，对列 city 不过滤，直接选择所有非无效值。
Block processing time: 0.002188 seconds
Computing Block 775 out of 796
Processing Block size=2
begin cleaner{left: ("[FunctionalDependency:(s: {brewery_id}, t: {city})]", 0.0), operator: *, right: (1.0, 1.0), result: 0.0}
列 'p' 不存在，对列 city 不过滤，直接选择所有非无效值。
Block processing time: 0.001485 seconds
Computing Block 776 out of 796
Processing Block size=7
begin cleaner{left: ("[FunctionalDependency:(s: {brewery_id}, t: {city})]", 0.0), operator: *, right: (1.0, 1.0), result: 0.0}
列 'p' 不存在，对列 city 不过滤，直接选择所有非无效值。
Block processing time: 0.004993 seconds
Computing Block 777 out of 796
Processing Block size=2
begin cleaner{left: ("[FunctionalDependency:(s: {brewery_id}, t: {city})]", 0.0), operator: *, right: (1.0, 1.0), result: 0.0}
列 'p' 不存在，对列 city 不过滤，直接选择所有非无效值。
Block processing time: 0.001513 seconds
Computing Block 779 out of 796
Processing Block size=4
begin cleaner{left: ("[FunctionalDependency:(s: {brewery_id}, t: {city})]", 0.0), operator: *, right: (1.0, 1.0), result: 0.0}
列 'p' 不存在，对列 city 不过滤，直接选择所有非无效值。
clean_bool length:4
newest best op: Uniop(df,'city','Rochester',(['brewery_id'], {('229',)}),{left: ("[FunctionalDependency:(s: {brewery_id}, t: {city})]", 0.0), operator: *, right: (1.0, 1.0), result: 0.0})
now error: 0.0
Block processing time: 0.012433 seconds
Computing Block 781 out of 796
Processing Block size=4
begin cleaner{left: ("[FunctionalDependency:(s: {brewery_id}, t: {city})]", 0.0), operator: *, right: (1.0, 1.0), result: 0.0}
列 'p' 不存在，对列 city 不过滤，直接选择所有非无效值。
clean_bool length:3
newest best op: Uniop(df,'city','York$',(['brewery_id'], {('298',)}),{left: ("[FunctionalDependency:(s: {brewery_id}, t: {city})]", 0.0), operator: *, right: (1.0, 1.0), result: 0.0})
now error: 0.0
newest best op: Uniop(df,'city','York',(['brewery_id'], {('298',)}),{left: ("[FunctionalDependency:(s: {brewery_id}, t: {city})]", 0.0), operator: *, right: (1.0, 1.0), result: 0.0})
now error: 0.0
Block processing time: 0.009128 seconds
Computing Block 782 out of 796
Processing Block size=2
begin cleaner{left: ("[FunctionalDependency:(s: {brewery_id}, t: {city})]", 0.0), operator: *, right: (1.0, 1.0), result: 0.0}
列 'p' 不存在，对列 city 不过滤，直接选择所有非无效值。
clean_bool length:3
newest best op: Uniop(df,'city','Boulde@@r%',(['brewery_id'], {('472',)}),{left: ("[FunctionalDependency:(s: {brewery_id}, t: {city})]", 0.0), operator: *, right: (1.0, 1.0), result: 0.0})
now error: 0.0
Block processing time: 0.005067 seconds
Computing Block 783 out of 796
Processing Block size=3
begin cleaner{left: ("[FunctionalDependency:(s: {brewery_id}, t: {city})]", 0.0), operator: *, right: (1.0, 1.0), result: 0.0}
列 'p' 不存在，对列 city 不过滤，直接选择所有非无效值。
Block processing time: 0.002213 seconds
Computing Block 786 out of 796
Processing Block size=2
begin cleaner{left: ("[FunctionalDependency:(s: {brewery_id}, t: {city})]", 0.0), operator: *, right: (1.0, 1.0), result: 0.0}
列 'p' 不存在，对列 city 不过滤，直接选择所有非无效值。
Block processing time: 0.00152 seconds
Computing Block 787 out of 796
Processing Block size=8
begin cleaner{left: ("[FunctionalDependency:(s: {brewery_id}, t: {city})]", 0.0), operator: *, right: (1.0, 1.0), result: 0.0}
列 'p' 不存在，对列 city 不过滤，直接选择所有非无效值。
Block processing time: 0.005648 seconds
Computing Block 788 out of 796
Processing Block size=3
begin cleaner{left: ("[FunctionalDependency:(s: {brewery_id}, t: {city})]", 0.0), operator: *, right: (1.0, 1.0), result: 0.0}
列 'p' 不存在，对列 city 不过滤，直接选择所有非无效值。
Block processing time: 0.002197 seconds
Computing Block 791 out of 796
Processing Block size=8
begin cleaner{left: ("[FunctionalDependency:(s: {brewery_id}, t: {city})]", 0.0), operator: *, right: (1.0, 1.0), result: 0.0}
列 'p' 不存在，对列 city 不过滤，直接选择所有非无效值。
Block processing time: 0.005715 seconds
Computing Block 792 out of 796
Processing Block size=4
begin cleaner{left: ("[FunctionalDependency:(s: {brewery_id}, t: {city})]", 0.0), operator: *, right: (1.0, 1.0), result: 0.0}
列 'p' 不存在，对列 city 不过滤，直接选择所有非无效值。
Block processing time: 0.002924 seconds
Computing Block 796 out of 796
Processing Block size=7
begin cleaner{left: ("[FunctionalDependency:(s: {brewery_id}, t: {city})]", 0.0), operator: *, right: (1.0, 1.0), result: 0.0}
列 'p' 不存在，对列 city 不过滤，直接选择所有非无效值。
Block processing time: 0.004977 seconds
  当前节点: city 有 134 个清洗操作
  当前节点: state 存在可用清洗信号
数据块大小: 2410
分块属性:
[['brewery_id']]
Starting initial block mapping...
Initial number of blocks: 796
Final number of blocks after further splitting: 796
Computing Block 1 out of 796
Processing Block size=5
begin cleaner[FunctionalDependency:(s: {'brewery_id'}, t: {'state'})]*1.0
列 'p' 不存在，对列 state 不过滤，直接选择所有非无效值。
Block processing time: 0.003828 seconds
Computing Block 4 out of 796
Processing Block size=4
begin cleaner{left: ("[FunctionalDependency:(s: {brewery_id}, t: {state})]", 0.0), operator: *, right: (1.0, 1.0), result: 0.0}
列 'p' 不存在，对列 state 不过滤，直接选择所有非无效值。
clean_bool length:3
newest best op: Uniop(df,'state','CA',(['brewery_id'], {('346',)}),{left: ("[FunctionalDependency:(s: {brewery_id}, t: {state})]", 0.0), operator: *, right: (1.0, 1.0), result: 0.0})
now error: 0.0
Block processing time: 0.009538 seconds
Computing Block 5 out of 796
Processing Block size=2
begin cleaner{left: ("[FunctionalDependency:(s: {brewery_id}, t: {state})]", 0.0), operator: *, right: (1.0, 1.0), result: 0.0}
列 'p' 不存在，对列 state 不过滤，直接选择所有非无效值。
clean_bool length:3
newest best op: Uniop(df,'state','KY',(['brewery_id'], {('62',)}),{left: ("[FunctionalDependency:(s: {brewery_id}, t: {state})]", 0.0), operator: *, right: (1.0, 1.0), result: 0.0})
now error: 0.0
Block processing time: 0.005107 seconds
Computing Block 6 out of 796
Processing Block size=4
begin cleaner{left: ("[FunctionalDependency:(s: {brewery_id}, t: {state})]", 0.0), operator: *, right: (1.0, 1.0), result: 0.0}
列 'p' 不存在，对列 state 不过滤，直接选择所有非无效值。
clean_bool length:3
newest best op: Uniop(df,'state','NC',(['brewery_id'], {('497',)}),{left: ("[FunctionalDependency:(s: {brewery_id}, t: {state})]", 0.0), operator: *, right: (1.0, 1.0), result: 0.0})
now error: 0.0
Block processing time: 0.009259 seconds
Computing Block 7 out of 796
Processing Block size=2
begin cleaner{left: ("[FunctionalDependency:(s: {brewery_id}, t: {state})]", 0.0), operator: *, right: (1.0, 1.0), result: 0.0}
列 'p' 不存在，对列 state 不过滤，直接选择所有非无效值。
Block processing time: 0.001549 seconds
Computing Block 10 out of 796
Processing Block size=7
begin cleaner{left: ("[FunctionalDependency:(s: {brewery_id}, t: {state})]", 0.0), operator: *, right: (1.0, 1.0), result: 0.0}
列 'p' 不存在，对列 state 不过滤，直接选择所有非无效值。
Block processing time: 0.005058 seconds
Computing Block 12 out of 796
Processing Block size=6
begin cleaner{left: ("[FunctionalDependency:(s: {brewery_id}, t: {state})]", 0.0), operator: *, right: (1.0, 1.0), result: 0.0}
列 'p' 不存在，对列 state 不过滤，直接选择所有非无效值。
Block processing time: 0.004292 seconds
Computing Block 13 out of 796
Processing Block size=3
begin cleaner{left: ("[FunctionalDependency:(s: {brewery_id}, t: {state})]", 0.0), operator: *, right: (1.0, 1.0), result: 0.0}
列 'p' 不存在，对列 state 不过滤，直接选择所有非无效值。
Block processing time: 0.002203 seconds
Computing Block 18 out of 796
Processing Block size=9
begin cleaner{left: ("[FunctionalDependency:(s: {brewery_id}, t: {state})]", 0.0), operator: *, right: (1.0, 1.0), result: 0.0}
列 'p' 不存在，对列 state 不过滤，直接选择所有非无效值。
Block processing time: 0.006694 seconds
Computing Block 19 out of 796
Processing Block size=3
begin cleaner{left: ("[FunctionalDependency:(s: {brewery_id}, t: {state})]", 0.0), operator: *, right: (1.0, 1.0), result: 0.0}
列 'p' 不存在，对列 state 不过滤，直接选择所有非无效值。
Block processing time: 0.002343 seconds
Computing Block 22 out of 796
Processing Block size=5
begin cleaner{left: ("[FunctionalDependency:(s: {brewery_id}, t: {state})]", 0.0), operator: *, right: (1.0, 1.0), result: 0.0}
列 'p' 不存在，对列 state 不过滤，直接选择所有非无效值。
Block processing time: 0.003759 seconds
Computing Block 28 out of 796
Processing Block size=2
begin cleaner{left: ("[FunctionalDependency:(s: {brewery_id}, t: {state})]", 0.0), operator: *, right: (1.0, 1.0), result: 0.0}
列 'p' 不存在，对列 state 不过滤，直接选择所有非无效值。
clean_bool length:3
newest best op: Uniop(df,'state','@@??CO',(['brewery_id'], {('480',)}),{left: ("[FunctionalDependency:(s: {brewery_id}, t: {state})]", 0.0), operator: *, right: (1.0, 1.0), result: 0.0})
now error: 0.0
Block processing time: 0.00529 seconds
Computing Block 31 out of 796
Processing Block size=3
begin cleaner{left: ("[FunctionalDependency:(s: {brewery_id}, t: {state})]", 0.0), operator: *, right: (1.0, 1.0), result: 0.0}
列 'p' 不存在，对列 state 不过滤，直接选择所有非无效值。
Block processing time: 0.002373 seconds
Computing Block 35 out of 796
Processing Block size=5
begin cleaner{left: ("[FunctionalDependency:(s: {brewery_id}, t: {state})]", 0.0), operator: *, right: (1.0, 1.0), result: 0.0}
列 'p' 不存在，对列 state 不过滤，直接选择所有非无效值。
Block processing time: 0.003714 seconds
Computing Block 39 out of 796
Processing Block size=3
begin cleaner{left: ("[FunctionalDependency:(s: {brewery_id}, t: {state})]", 0.0), operator: *, right: (1.0, 1.0), result: 0.0}
列 'p' 不存在，对列 state 不过滤，直接选择所有非无效值。
Block processing time: 0.002325 seconds
Computing Block 41 out of 796
Processing Block size=7
begin cleaner{left: ("[FunctionalDependency:(s: {brewery_id}, t: {state})]", 0.0), operator: *, right: (1.0, 1.0), result: 0.0}
列 'p' 不存在，对列 state 不过滤，直接选择所有非无效值。
clean_bool length:3
newest best op: Uniop(df,'state','CO',(['brewery_id'], {('135',)}),{left: ("[FunctionalDependency:(s: {brewery_id}, t: {state})]", 0.0), operator: *, right: (1.0, 1.0), result: 0.0})
now error: 0.0
Block processing time: 0.015611 seconds
Computing Block 42 out of 796
Processing Block size=6
begin cleaner{left: ("[FunctionalDependency:(s: {brewery_id}, t: {state})]", 0.0), operator: *, right: (1.0, 1.0), result: 0.0}
列 'p' 不存在，对列 state 不过滤，直接选择所有非无效值。
clean_bool length:4
newest best op: Uniop(df,'state','NV$%',(['brewery_id'], {('530',)}),{left: ("[FunctionalDependency:(s: {brewery_id}, t: {state})]", 0.0), operator: *, right: (1.0, 1.0), result: 0.0})
now error: 0.0
newest best op: Uniop(df,'state','NV',(['brewery_id'], {('530',)}),{left: ("[FunctionalDependency:(s: {brewery_id}, t: {state})]", 0.0), operator: *, right: (1.0, 1.0), result: 0.0})
now error: 0.0
Block processing time: 0.018127 seconds
Computing Block 43 out of 796
Processing Block size=3
begin cleaner{left: ("[FunctionalDependency:(s: {brewery_id}, t: {state})]", 0.0), operator: *, right: (1.0, 1.0), result: 0.0}
列 'p' 不存在，对列 state 不过滤，直接选择所有非无效值。
Block processing time: 0.002259 seconds
Computing Block 48 out of 796
Processing Block size=17
begin cleaner{left: ("[FunctionalDependency:(s: {brewery_id}, t: {state})]", 0.0), operator: *, right: (1.0, 1.0), result: 0.0}
列 'p' 不存在，对列 state 不过滤，直接选择所有非无效值。
clean_bool length:5
newest best op: Uniop(df,'state','CA',(['brewery_id'], {('171',)}),{left: ("[FunctionalDependency:(s: {brewery_id}, t: {state})]", 0.0), operator: *, right: (1.0, 1.0), result: 0.0})
now error: 0.0
Block processing time: 0.065274 seconds
Computing Block 49 out of 796
Processing Block size=11
begin cleaner{left: ("[FunctionalDependency:(s: {brewery_id}, t: {state})]", 0.0), operator: *, right: (1.0, 1.0), result: 0.0}
列 'p' 不存在，对列 state 不过滤，直接选择所有非无效值。
clean_bool length:4
newest best op: Uniop(df,'state','H$I',(['brewery_id'], {('375',)}),{left: ("[FunctionalDependency:(s: {brewery_id}, t: {state})]", 0.0), operator: *, right: (1.0, 1.0), result: 0.0})
now error: 0.0
newest best op: Uniop(df,'state','HI',(['brewery_id'], {('375',)}),{left: ("[FunctionalDependency:(s: {brewery_id}, t: {state})]", 0.0), operator: *, right: (1.0, 1.0), result: 0.0})
now error: 0.0
Block processing time: 0.034785 seconds
Computing Block 50 out of 796
Processing Block size=2
begin cleaner{left: ("[FunctionalDependency:(s: {brewery_id}, t: {state})]", 0.0), operator: *, right: (1.0, 1.0), result: 0.0}
列 'p' 不存在，对列 state 不过滤，直接选择所有非无效值。
Block processing time: 0.001565 seconds
Computing Block 51 out of 796
Processing Block size=2
begin cleaner{left: ("[FunctionalDependency:(s: {brewery_id}, t: {state})]", 0.0), operator: *, right: (1.0, 1.0), result: 0.0}
列 'p' 不存在，对列 state 不过滤，直接选择所有非无效值。
clean_bool length:3
newest best op: Uniop(df,'state','MT',(['brewery_id'], {('535',)}),{left: ("[FunctionalDependency:(s: {brewery_id}, t: {state})]", 0.0), operator: *, right: (1.0, 1.0), result: 0.0})
now error: 0.0
Block processing time: 0.005551 seconds
Computing Block 52 out of 796
Processing Block size=8
begin cleaner{left: ("[FunctionalDependency:(s: {brewery_id}, t: {state})]", 0.0), operator: *, right: (1.0, 1.0), result: 0.0}
列 'p' 不存在，对列 state 不过滤，直接选择所有非无效值。
clean_bool length:4
newest best op: Uniop(df,'state','U$T',(['brewery_id'], {('159',)}),{left: ("[FunctionalDependency:(s: {brewery_id}, t: {state})]", 0.0), operator: *, right: (1.0, 1.0), result: 0.0})
now error: 0.0
newest best op: Uniop(df,'state','UT',(['brewery_id'], {('159',)}),{left: ("[FunctionalDependency:(s: {brewery_id}, t: {state})]", 0.0), operator: *, right: (1.0, 1.0), result: 0.0})
now error: 0.0
Block processing time: 0.023562 seconds
Computing Block 55 out of 796
Processing Block size=3
begin cleaner{left: ("[FunctionalDependency:(s: {brewery_id}, t: {state})]", 0.0), operator: *, right: (1.0, 1.0), result: 0.0}
列 'p' 不存在，对列 state 不过滤，直接选择所有非无效值。
Block processing time: 0.002296 seconds
Computing Block 56 out of 796
Processing Block size=15
begin cleaner{left: ("[FunctionalDependency:(s: {brewery_id}, t: {state})]", 0.0), operator: *, right: (1.0, 1.0), result: 0.0}
列 'p' 不存在，对列 state 不过滤，直接选择所有非无效值。
clean_bool length:3
newest best op: Uniop(df,'state','CA',(['brewery_id'], {('368',)}),{left: ("[FunctionalDependency:(s: {brewery_id}, t: {state})]", 0.0), operator: *, right: (1.0, 1.0), result: 0.0})
now error: 0.0
Block processing time: 0.033212 seconds
Computing Block 57 out of 796
Processing Block size=3
begin cleaner{left: ("[FunctionalDependency:(s: {brewery_id}, t: {state})]", 0.0), operator: *, right: (1.0, 1.0), result: 0.0}
列 'p' 不存在，对列 state 不过滤，直接选择所有非无效值。
Block processing time: 0.002358 seconds
Computing Block 58 out of 796
Processing Block size=3
begin cleaner{left: ("[FunctionalDependency:(s: {brewery_id}, t: {state})]", 0.0), operator: *, right: (1.0, 1.0), result: 0.0}
列 'p' 不存在，对列 state 不过滤，直接选择所有非无效值。
Block processing time: 0.002335 seconds
Computing Block 63 out of 796
Processing Block size=5
begin cleaner{left: ("[FunctionalDependency:(s: {brewery_id}, t: {state})]", 0.0), operator: *, right: (1.0, 1.0), result: 0.0}
列 'p' 不存在，对列 state 不过滤，直接选择所有非无效值。
clean_bool length:3
newest best op: Uniop(df,'state','MO',(['brewery_id'], {('326',)}),{left: ("[FunctionalDependency:(s: {brewery_id}, t: {state})]", 0.0), operator: *, right: (1.0, 1.0), result: 0.0})
now error: 0.0
Block processing time: 0.011662 seconds
Computing Block 64 out of 796
Processing Block size=8
begin cleaner{left: ("[FunctionalDependency:(s: {brewery_id}, t: {state})]", 0.0), operator: *, right: (1.0, 1.0), result: 0.0}
列 'p' 不存在，对列 state 不过滤，直接选择所有非无效值。
Block processing time: 0.005696 seconds
Computing Block 65 out of 796
Processing Block size=3
begin cleaner{left: ("[FunctionalDependency:(s: {brewery_id}, t: {state})]", 0.0), operator: *, right: (1.0, 1.0), result: 0.0}
列 'p' 不存在，对列 state 不过滤，直接选择所有非无效值。
Block processing time: 0.002212 seconds
Computing Block 67 out of 796
Processing Block size=9
begin cleaner{left: ("[FunctionalDependency:(s: {brewery_id}, t: {state})]", 0.0), operator: *, right: (1.0, 1.0), result: 0.0}
列 'p' 不存在，对列 state 不过滤，直接选择所有非无效值。
Block processing time: 0.006369 seconds
Computing Block 68 out of 796
Processing Block size=13
begin cleaner{left: ("[FunctionalDependency:(s: {brewery_id}, t: {state})]", 0.0), operator: *, right: (1.0, 1.0), result: 0.0}
列 'p' 不存在，对列 state 不过滤，直接选择所有非无效值。
clean_bool length:5
newest best op: Uniop(df,'state','C#O$',(['brewery_id'], {('82',)}),{left: ("[FunctionalDependency:(s: {brewery_id}, t: {state})]", 0.0), operator: *, right: (1.0, 1.0), result: 0.0})
now error: 0.0
newest best op: Uniop(df,'state','CO',(['brewery_id'], {('82',)}),{left: ("[FunctionalDependency:(s: {brewery_id}, t: {state})]", 0.0), operator: *, right: (1.0, 1.0), result: 0.0})
now error: 0.0
Block processing time: 0.048655 seconds
Computing Block 69 out of 796
Processing Block size=2
begin cleaner{left: ("[FunctionalDependency:(s: {brewery_id}, t: {state})]", 0.0), operator: *, right: (1.0, 1.0), result: 0.0}
列 'p' 不存在，对列 state 不过滤，直接选择所有非无效值。
Block processing time: 0.001679 seconds
Computing Block 72 out of 796
Processing Block size=5
begin cleaner{left: ("[FunctionalDependency:(s: {brewery_id}, t: {state})]", 0.0), operator: *, right: (1.0, 1.0), result: 0.0}
列 'p' 不存在，对列 state 不过滤，直接选择所有非无效值。
clean_bool length:3
newest best op: Uniop(df,'state','IA',(['brewery_id'], {('471',)}),{left: ("[FunctionalDependency:(s: {brewery_id}, t: {state})]", 0.0), operator: *, right: (1.0, 1.0), result: 0.0})
now error: 0.0
Block processing time: 0.011503 seconds
Computing Block 74 out of 796
Processing Block size=5
begin cleaner{left: ("[FunctionalDependency:(s: {brewery_id}, t: {state})]", 0.0), operator: *, right: (1.0, 1.0), result: 0.0}
列 'p' 不存在，对列 state 不过滤，直接选择所有非无效值。
Block processing time: 0.003619 seconds
Computing Block 75 out of 796
Processing Block size=3
begin cleaner{left: ("[FunctionalDependency:(s: {brewery_id}, t: {state})]", 0.0), operator: *, right: (1.0, 1.0), result: 0.0}
列 'p' 不存在，对列 state 不过滤，直接选择所有非无效值。
Block processing time: 0.002198 seconds
Computing Block 76 out of 796
Processing Block size=3
begin cleaner{left: ("[FunctionalDependency:(s: {brewery_id}, t: {state})]", 0.0), operator: *, right: (1.0, 1.0), result: 0.0}
列 'p' 不存在，对列 state 不过滤，直接选择所有非无效值。
Block processing time: 0.002259 seconds
Computing Block 77 out of 796
Processing Block size=2
begin cleaner{left: ("[FunctionalDependency:(s: {brewery_id}, t: {state})]", 0.0), operator: *, right: (1.0, 1.0), result: 0.0}
列 'p' 不存在，对列 state 不过滤，直接选择所有非无效值。
clean_bool length:3
newest best op: Uniop(df,'state','MI',(['brewery_id'], {('8',)}),{left: ("[FunctionalDependency:(s: {brewery_id}, t: {state})]", 0.0), operator: *, right: (1.0, 1.0), result: 0.0})
now error: 0.0
Block processing time: 0.005238 seconds
Computing Block 79 out of 796
Processing Block size=3
begin cleaner{left: ("[FunctionalDependency:(s: {brewery_id}, t: {state})]", 0.0), operator: *, right: (1.0, 1.0), result: 0.0}
列 'p' 不存在，对列 state 不过滤，直接选择所有非无效值。
clean_bool length:3
newest best op: Uniop(df,'state','VT$',(['brewery_id'], {('41',)}),{left: ("[FunctionalDependency:(s: {brewery_id}, t: {state})]", 0.0), operator: *, right: (1.0, 1.0), result: 0.0})
now error: 0.0
newest best op: Uniop(df,'state','VT',(['brewery_id'], {('41',)}),{left: ("[FunctionalDependency:(s: {brewery_id}, t: {state})]", 0.0), operator: *, right: (1.0, 1.0), result: 0.0})
now error: 0.0
Block processing time: 0.007142 seconds
Computing Block 80 out of 796
Processing Block size=7
begin cleaner{left: ("[FunctionalDependency:(s: {brewery_id}, t: {state})]", 0.0), operator: *, right: (1.0, 1.0), result: 0.0}
列 'p' 不存在，对列 state 不过滤，直接选择所有非无效值。
Block processing time: 0.005032 seconds
Computing Block 81 out of 796
Processing Block size=2
begin cleaner{left: ("[FunctionalDependency:(s: {brewery_id}, t: {state})]", 0.0), operator: *, right: (1.0, 1.0), result: 0.0}
列 'p' 不存在，对列 state 不过滤，直接选择所有非无效值。
clean_bool length:3
newest best op: Uniop(df,'state','C@@O',(['brewery_id'], {('462',)}),{left: ("[FunctionalDependency:(s: {brewery_id}, t: {state})]", 0.0), operator: *, right: (1.0, 1.0), result: 0.0})
now error: 0.0
Block processing time: 0.005086 seconds
Computing Block 84 out of 796
Processing Block size=4
begin cleaner{left: ("[FunctionalDependency:(s: {brewery_id}, t: {state})]", 0.0), operator: *, right: (1.0, 1.0), result: 0.0}
列 'p' 不存在，对列 state 不过滤，直接选择所有非无效值。
Block processing time: 0.002952 seconds
Computing Block 85 out of 796
Processing Block size=3
begin cleaner{left: ("[FunctionalDependency:(s: {brewery_id}, t: {state})]", 0.0), operator: *, right: (1.0, 1.0), result: 0.0}
列 'p' 不存在，对列 state 不过滤，直接选择所有非无效值。
Block processing time: 0.002189 seconds
Computing Block 86 out of 796
Processing Block size=4
begin cleaner{left: ("[FunctionalDependency:(s: {brewery_id}, t: {state})]", 0.0), operator: *, right: (1.0, 1.0), result: 0.0}
列 'p' 不存在，对列 state 不过滤，直接选择所有非无效值。
clean_bool length:3
newest best op: Uniop(df,'state','CA',(['brewery_id'], {('350',)}),{left: ("[FunctionalDependency:(s: {brewery_id}, t: {state})]", 0.0), operator: *, right: (1.0, 1.0), result: 0.0})
now error: 0.0
Block processing time: 0.00973 seconds
Computing Block 89 out of 796
Processing Block size=4
begin cleaner{left: ("[FunctionalDependency:(s: {brewery_id}, t: {state})]", 0.0), operator: *, right: (1.0, 1.0), result: 0.0}
列 'p' 不存在，对列 state 不过滤，直接选择所有非无效值。
Block processing time: 0.002958 seconds
Computing Block 90 out of 796
Processing Block size=2
begin cleaner{left: ("[FunctionalDependency:(s: {brewery_id}, t: {state})]", 0.0), operator: *, right: (1.0, 1.0), result: 0.0}
列 'p' 不存在，对列 state 不过滤，直接选择所有非无效值。
Block processing time: 0.001493 seconds
Computing Block 91 out of 796
Processing Block size=12
begin cleaner{left: ("[FunctionalDependency:(s: {brewery_id}, t: {state})]", 0.0), operator: *, right: (1.0, 1.0), result: 0.0}
列 'p' 不存在，对列 state 不过滤，直接选择所有非无效值。
clean_bool length:3
newest best op: Uniop(df,'state','CO',(['brewery_id'], {('503',)}),{left: ("[FunctionalDependency:(s: {brewery_id}, t: {state})]", 0.0), operator: *, right: (1.0, 1.0), result: 0.0})
now error: 0.0
Block processing time: 0.025633 seconds
Computing Block 92 out of 796
Processing Block size=2
begin cleaner{left: ("[FunctionalDependency:(s: {brewery_id}, t: {state})]", 0.0), operator: *, right: (1.0, 1.0), result: 0.0}
列 'p' 不存在，对列 state 不过滤，直接选择所有非无效值。
clean_bool length:3
newest best op: Uniop(df,'state','F@@??L',(['brewery_id'], {('527',)}),{left: ("[FunctionalDependency:(s: {brewery_id}, t: {state})]", 0.0), operator: *, right: (1.0, 1.0), result: 0.0})
now error: 0.0
Block processing time: 0.005163 seconds
Computing Block 95 out of 796
Processing Block size=10
begin cleaner{left: ("[FunctionalDependency:(s: {brewery_id}, t: {state})]", 0.0), operator: *, right: (1.0, 1.0), result: 0.0}
列 'p' 不存在，对列 state 不过滤，直接选择所有非无效值。
clean_bool length:3
newest best op: Uniop(df,'state','??I@@L',(['brewery_id'], {('74',)}),{left: ("[FunctionalDependency:(s: {brewery_id}, t: {state})]", 0.0), operator: *, right: (1.0, 1.0), result: 0.0})
now error: 0.0
newest best op: Uniop(df,'state','IL',(['brewery_id'], {('74',)}),{left: ("[FunctionalDependency:(s: {brewery_id}, t: {state})]", 0.0), operator: *, right: (1.0, 1.0), result: 0.0})
now error: 0.0
Block processing time: 0.021563 seconds
Computing Block 96 out of 796
Processing Block size=2
begin cleaner{left: ("[FunctionalDependency:(s: {brewery_id}, t: {state})]", 0.0), operator: *, right: (1.0, 1.0), result: 0.0}
列 'p' 不存在，对列 state 不过滤，直接选择所有非无效值。
Block processing time: 0.001504 seconds
Computing Block 97 out of 796
Processing Block size=8
begin cleaner{left: ("[FunctionalDependency:(s: {brewery_id}, t: {state})]", 0.0), operator: *, right: (1.0, 1.0), result: 0.0}
列 'p' 不存在，对列 state 不过滤，直接选择所有非无效值。
Block processing time: 0.005659 seconds
Computing Block 98 out of 796
Processing Block size=9
begin cleaner{left: ("[FunctionalDependency:(s: {brewery_id}, t: {state})]", 0.0), operator: *, right: (1.0, 1.0), result: 0.0}
列 'p' 不存在，对列 state 不过滤，直接选择所有非无效值。
clean_bool length:3
newest best op: Uniop(df,'state','PA',(['brewery_id'], {('301',)}),{left: ("[FunctionalDependency:(s: {brewery_id}, t: {state})]", 0.0), operator: *, right: (1.0, 1.0), result: 0.0})
now error: 0.0
Block processing time: 0.019248 seconds
Computing Block 100 out of 796
Processing Block size=2
begin cleaner{left: ("[FunctionalDependency:(s: {brewery_id}, t: {state})]", 0.0), operator: *, right: (1.0, 1.0), result: 0.0}
列 'p' 不存在，对列 state 不过滤，直接选择所有非无效值。
Block processing time: 0.001545 seconds
Computing Block 101 out of 796
Processing Block size=2
begin cleaner{left: ("[FunctionalDependency:(s: {brewery_id}, t: {state})]", 0.0), operator: *, right: (1.0, 1.0), result: 0.0}
列 'p' 不存在，对列 state 不过滤，直接选择所有非无效值。
Block processing time: 0.001514 seconds
Computing Block 102 out of 796
Processing Block size=4
begin cleaner{left: ("[FunctionalDependency:(s: {brewery_id}, t: {state})]", 0.0), operator: *, right: (1.0, 1.0), result: 0.0}
列 'p' 不存在，对列 state 不过滤，直接选择所有非无效值。
Block processing time: 0.002877 seconds
Computing Block 103 out of 796
Processing Block size=15
begin cleaner{left: ("[FunctionalDependency:(s: {brewery_id}, t: {state})]", 0.0), operator: *, right: (1.0, 1.0), result: 0.0}
列 'p' 不存在，对列 state 不过滤，直接选择所有非无效值。
Block processing time: 0.010533 seconds
Computing Block 105 out of 796
Processing Block size=7
begin cleaner{left: ("[FunctionalDependency:(s: {brewery_id}, t: {state})]", 0.0), operator: *, right: (1.0, 1.0), result: 0.0}
列 'p' 不存在，对列 state 不过滤，直接选择所有非无效值。
clean_bool length:4
newest best op: Uniop(df,'state','CO',(['brewery_id'], {('369',)}),{left: ("[FunctionalDependency:(s: {brewery_id}, t: {state})]", 0.0), operator: *, right: (1.0, 1.0), result: 0.0})
now error: 0.0
Block processing time: 0.020608 seconds
Computing Block 108 out of 796
Processing Block size=2
begin cleaner{left: ("[FunctionalDependency:(s: {brewery_id}, t: {state})]", 0.0), operator: *, right: (1.0, 1.0), result: 0.0}
列 'p' 不存在，对列 state 不过滤，直接选择所有非无效值。
Block processing time: 0.001511 seconds
Computing Block 109 out of 796
Processing Block size=9
begin cleaner{left: ("[FunctionalDependency:(s: {brewery_id}, t: {state})]", 0.0), operator: *, right: (1.0, 1.0), result: 0.0}
列 'p' 不存在，对列 state 不过滤，直接选择所有非无效值。
clean_bool length:4
newest best op: Uniop(df,'state','CA',(['brewery_id'], {('83',)}),{left: ("[FunctionalDependency:(s: {brewery_id}, t: {state})]", 0.0), operator: *, right: (1.0, 1.0), result: 0.0})
now error: 0.0
Block processing time: 0.026012 seconds
Computing Block 110 out of 796
Processing Block size=5
begin cleaner{left: ("[FunctionalDependency:(s: {brewery_id}, t: {state})]", 0.0), operator: *, right: (1.0, 1.0), result: 0.0}
列 'p' 不存在，对列 state 不过滤，直接选择所有非无效值。
Block processing time: 0.003716 seconds
Computing Block 111 out of 796
Processing Block size=6
begin cleaner{left: ("[FunctionalDependency:(s: {brewery_id}, t: {state})]", 0.0), operator: *, right: (1.0, 1.0), result: 0.0}
列 'p' 不存在，对列 state 不过滤，直接选择所有非无效值。
clean_bool length:4
newest best op: Uniop(df,'state','??VT',(['brewery_id'], {('272',)}),{left: ("[FunctionalDependency:(s: {brewery_id}, t: {state})]", 0.0), operator: *, right: (1.0, 1.0), result: 0.0})
now error: 0.0
newest best op: Uniop(df,'state','VT',(['brewery_id'], {('272',)}),{left: ("[FunctionalDependency:(s: {brewery_id}, t: {state})]", 0.0), operator: *, right: (1.0, 1.0), result: 0.0})
now error: 0.0
Block processing time: 0.01768 seconds
Computing Block 115 out of 796
Processing Block size=4
begin cleaner{left: ("[FunctionalDependency:(s: {brewery_id}, t: {state})]", 0.0), operator: *, right: (1.0, 1.0), result: 0.0}
列 'p' 不存在，对列 state 不过滤，直接选择所有非无效值。
Block processing time: 0.002902 seconds
Computing Block 116 out of 796
Processing Block size=2
begin cleaner{left: ("[FunctionalDependency:(s: {brewery_id}, t: {state})]", 0.0), operator: *, right: (1.0, 1.0), result: 0.0}
列 'p' 不存在，对列 state 不过滤，直接选择所有非无效值。
Block processing time: 0.001512 seconds
Computing Block 117 out of 796
Processing Block size=3
begin cleaner{left: ("[FunctionalDependency:(s: {brewery_id}, t: {state})]", 0.0), operator: *, right: (1.0, 1.0), result: 0.0}
列 'p' 不存在，对列 state 不过滤，直接选择所有非无效值。
clean_bool length:4
newest best op: Uniop(df,'state','PA',(['brewery_id'], {('431',)}),{left: ("[FunctionalDependency:(s: {brewery_id}, t: {state})]", 0.0), operator: *, right: (1.0, 1.0), result: 0.0})
now error: 0.0
Block processing time: 0.009431 seconds
Computing Block 119 out of 796
Processing Block size=3
begin cleaner{left: ("[FunctionalDependency:(s: {brewery_id}, t: {state})]", 0.0), operator: *, right: (1.0, 1.0), result: 0.0}
列 'p' 不存在，对列 state 不过滤，直接选择所有非无效值。
Block processing time: 0.002204 seconds
Computing Block 124 out of 796
Processing Block size=2
begin cleaner{left: ("[FunctionalDependency:(s: {brewery_id}, t: {state})]", 0.0), operator: *, right: (1.0, 1.0), result: 0.0}
列 'p' 不存在，对列 state 不过滤，直接选择所有非无效值。
clean_bool length:3
newest best op: Uniop(df,'state','OR',(['brewery_id'], {('464',)}),{left: ("[FunctionalDependency:(s: {brewery_id}, t: {state})]", 0.0), operator: *, right: (1.0, 1.0), result: 0.0})
now error: 0.0
Block processing time: 0.005073 seconds
Computing Block 125 out of 796
Processing Block size=4
begin cleaner{left: ("[FunctionalDependency:(s: {brewery_id}, t: {state})]", 0.0), operator: *, right: (1.0, 1.0), result: 0.0}
列 'p' 不存在，对列 state 不过滤，直接选择所有非无效值。
Block processing time: 0.00288 seconds
Computing Block 128 out of 796
Processing Block size=6
begin cleaner{left: ("[FunctionalDependency:(s: {brewery_id}, t: {state})]", 0.0), operator: *, right: (1.0, 1.0), result: 0.0}
列 'p' 不存在，对列 state 不过滤，直接选择所有非无效值。
Block processing time: 0.004273 seconds
Computing Block 130 out of 796
Processing Block size=4
begin cleaner{left: ("[FunctionalDependency:(s: {brewery_id}, t: {state})]", 0.0), operator: *, right: (1.0, 1.0), result: 0.0}
列 'p' 不存在，对列 state 不过滤，直接选择所有非无效值。
clean_bool length:3
newest best op: Uniop(df,'state','AK',(['brewery_id'], {('453',)}),{left: ("[FunctionalDependency:(s: {brewery_id}, t: {state})]", 0.0), operator: *, right: (1.0, 1.0), result: 0.0})
now error: 0.0
Block processing time: 0.009252 seconds
Computing Block 131 out of 796
Processing Block size=2
begin cleaner{left: ("[FunctionalDependency:(s: {brewery_id}, t: {state})]", 0.0), operator: *, right: (1.0, 1.0), result: 0.0}
列 'p' 不存在，对列 state 不过滤，直接选择所有非无效值。
clean_bool length:3
newest best op: Uniop(df,'state','%#IL',(['brewery_id'], {('40',)}),{left: ("[FunctionalDependency:(s: {brewery_id}, t: {state})]", 0.0), operator: *, right: (1.0, 1.0), result: 0.0})
now error: 0.0
Block processing time: 0.005115 seconds
Computing Block 132 out of 796
Processing Block size=3
begin cleaner{left: ("[FunctionalDependency:(s: {brewery_id}, t: {state})]", 0.0), operator: *, right: (1.0, 1.0), result: 0.0}
列 'p' 不存在，对列 state 不过滤，直接选择所有非无效值。
Block processing time: 0.002197 seconds
Computing Block 136 out of 796
Processing Block size=12
begin cleaner{left: ("[FunctionalDependency:(s: {brewery_id}, t: {state})]", 0.0), operator: *, right: (1.0, 1.0), result: 0.0}
列 'p' 不存在，对列 state 不过滤，直接选择所有非无效值。
clean_bool length:3
newest best op: Uniop(df,'state','M??N',(['brewery_id'], {('61',)}),{left: ("[FunctionalDependency:(s: {brewery_id}, t: {state})]", 0.0), operator: *, right: (1.0, 1.0), result: 0.0})
now error: 0.0
newest best op: Uniop(df,'state','MN',(['brewery_id'], {('61',)}),{left: ("[FunctionalDependency:(s: {brewery_id}, t: {state})]", 0.0), operator: *, right: (1.0, 1.0), result: 0.0})
now error: 0.0
Block processing time: 0.025423 seconds
Computing Block 138 out of 796
Processing Block size=11
begin cleaner{left: ("[FunctionalDependency:(s: {brewery_id}, t: {state})]", 0.0), operator: *, right: (1.0, 1.0), result: 0.0}
列 'p' 不存在，对列 state 不过滤，直接选择所有非无效值。
clean_bool length:5
newest best op: Uniop(df,'state','MA',(['brewery_id'], {('234',)}),{left: ("[FunctionalDependency:(s: {brewery_id}, t: {state})]", 0.0), operator: *, right: (1.0, 1.0), result: 0.0})
now error: 0.0
Block processing time: 0.03924 seconds
Computing Block 139 out of 796
Processing Block size=2
begin cleaner{left: ("[FunctionalDependency:(s: {brewery_id}, t: {state})]", 0.0), operator: *, right: (1.0, 1.0), result: 0.0}
列 'p' 不存在，对列 state 不过滤，直接选择所有非无效值。
Block processing time: 0.001538 seconds
Computing Block 140 out of 796
Processing Block size=7
begin cleaner{left: ("[FunctionalDependency:(s: {brewery_id}, t: {state})]", 0.0), operator: *, right: (1.0, 1.0), result: 0.0}
列 'p' 不存在，对列 state 不过滤，直接选择所有非无效值。
Block processing time: 0.004923 seconds
Computing Block 141 out of 796
Processing Block size=8
begin cleaner{left: ("[FunctionalDependency:(s: {brewery_id}, t: {state})]", 0.0), operator: *, right: (1.0, 1.0), result: 0.0}
列 'p' 不存在，对列 state 不过滤，直接选择所有非无效值。
clean_bool length:3
newest best op: Uniop(df,'state','D%C',(['brewery_id'], {('227',)}),{left: ("[FunctionalDependency:(s: {brewery_id}, t: {state})]", 0.0), operator: *, right: (1.0, 1.0), result: 0.0})
now error: 0.0
newest best op: Uniop(df,'state','DC',(['brewery_id'], {('227',)}),{left: ("[FunctionalDependency:(s: {brewery_id}, t: {state})]", 0.0), operator: *, right: (1.0, 1.0), result: 0.0})
now error: 0.0
Block processing time: 0.017312 seconds
Computing Block 142 out of 796
Processing Block size=2
begin cleaner{left: ("[FunctionalDependency:(s: {brewery_id}, t: {state})]", 0.0), operator: *, right: (1.0, 1.0), result: 0.0}
列 'p' 不存在，对列 state 不过滤，直接选择所有非无效值。
Block processing time: 0.001577 seconds
Computing Block 146 out of 796
Processing Block size=2
begin cleaner{left: ("[FunctionalDependency:(s: {brewery_id}, t: {state})]", 0.0), operator: *, right: (1.0, 1.0), result: 0.0}
列 'p' 不存在，对列 state 不过滤，直接选择所有非无效值。
Block processing time: 0.001496 seconds
Computing Block 147 out of 796
Processing Block size=4
begin cleaner{left: ("[FunctionalDependency:(s: {brewery_id}, t: {state})]", 0.0), operator: *, right: (1.0, 1.0), result: 0.0}
列 'p' 不存在，对列 state 不过滤，直接选择所有非无效值。
clean_bool length:3
newest best op: Uniop(df,'state','CA',(['brewery_id'], {('48',)}),{left: ("[FunctionalDependency:(s: {brewery_id}, t: {state})]", 0.0), operator: *, right: (1.0, 1.0), result: 0.0})
now error: 0.0
Block processing time: 0.009269 seconds
Computing Block 150 out of 796
Processing Block size=2
begin cleaner{left: ("[FunctionalDependency:(s: {brewery_id}, t: {state})]", 0.0), operator: *, right: (1.0, 1.0), result: 0.0}
列 'p' 不存在，对列 state 不过滤，直接选择所有非无效值。
Block processing time: 0.001549 seconds
Computing Block 152 out of 796
Processing Block size=2
begin cleaner{left: ("[FunctionalDependency:(s: {brewery_id}, t: {state})]", 0.0), operator: *, right: (1.0, 1.0), result: 0.0}
列 'p' 不存在，对列 state 不过滤，直接选择所有非无效值。
Block processing time: 0.00151 seconds
Computing Block 154 out of 796
Processing Block size=2
begin cleaner{left: ("[FunctionalDependency:(s: {brewery_id}, t: {state})]", 0.0), operator: *, right: (1.0, 1.0), result: 0.0}
列 'p' 不存在，对列 state 不过滤，直接选择所有非无效值。
Block processing time: 0.001522 seconds
Computing Block 156 out of 796
Processing Block size=4
begin cleaner{left: ("[FunctionalDependency:(s: {brewery_id}, t: {state})]", 0.0), operator: *, right: (1.0, 1.0), result: 0.0}
列 'p' 不存在，对列 state 不过滤，直接选择所有非无效值。
clean_bool length:3
newest best op: Uniop(df,'state','CA',(['brewery_id'], {('397',)}),{left: ("[FunctionalDependency:(s: {brewery_id}, t: {state})]", 0.0), operator: *, right: (1.0, 1.0), result: 0.0})
now error: 0.0
Block processing time: 0.009273 seconds
Computing Block 157 out of 796
Processing Block size=5
begin cleaner{left: ("[FunctionalDependency:(s: {brewery_id}, t: {state})]", 0.0), operator: *, right: (1.0, 1.0), result: 0.0}
列 'p' 不存在，对列 state 不过滤，直接选择所有非无效值。
clean_bool length:3
newest best op: Uniop(df,'state','OH',(['brewery_id'], {('92',)}),{left: ("[FunctionalDependency:(s: {brewery_id}, t: {state})]", 0.0), operator: *, right: (1.0, 1.0), result: 0.0})
now error: 0.0
Block processing time: 0.011316 seconds
Computing Block 161 out of 796
Processing Block size=6
begin cleaner{left: ("[FunctionalDependency:(s: {brewery_id}, t: {state})]", 0.0), operator: *, right: (1.0, 1.0), result: 0.0}
列 'p' 不存在，对列 state 不过滤，直接选择所有非无效值。
Block processing time: 0.004275 seconds
Computing Block 162 out of 796
Processing Block size=4
begin cleaner{left: ("[FunctionalDependency:(s: {brewery_id}, t: {state})]", 0.0), operator: *, right: (1.0, 1.0), result: 0.0}
列 'p' 不存在，对列 state 不过滤，直接选择所有非无效值。
Block processing time: 0.002933 seconds
Computing Block 163 out of 796
Processing Block size=3
begin cleaner{left: ("[FunctionalDependency:(s: {brewery_id}, t: {state})]", 0.0), operator: *, right: (1.0, 1.0), result: 0.0}
列 'p' 不存在，对列 state 不过滤，直接选择所有非无效值。
Block processing time: 0.002182 seconds
Computing Block 164 out of 796
Processing Block size=2
begin cleaner{left: ("[FunctionalDependency:(s: {brewery_id}, t: {state})]", 0.0), operator: *, right: (1.0, 1.0), result: 0.0}
列 'p' 不存在，对列 state 不过滤，直接选择所有非无效值。
clean_bool length:3
newest best op: Uniop(df,'state','VA',(['brewery_id'], {('115',)}),{left: ("[FunctionalDependency:(s: {brewery_id}, t: {state})]", 0.0), operator: *, right: (1.0, 1.0), result: 0.0})
now error: 0.0
Block processing time: 0.005022 seconds
Computing Block 166 out of 796
Processing Block size=4
begin cleaner{left: ("[FunctionalDependency:(s: {brewery_id}, t: {state})]", 0.0), operator: *, right: (1.0, 1.0), result: 0.0}
列 'p' 不存在，对列 state 不过滤，直接选择所有非无效值。
Block processing time: 0.002936 seconds
Computing Block 167 out of 796
Processing Block size=16
begin cleaner{left: ("[FunctionalDependency:(s: {brewery_id}, t: {state})]", 0.0), operator: *, right: (1.0, 1.0), result: 0.0}
列 'p' 不存在，对列 state 不过滤，直接选择所有非无效值。
clean_bool length:3
newest best op: Uniop(df,'state','K??%S',(['brewery_id'], {('45',)}),{left: ("[FunctionalDependency:(s: {brewery_id}, t: {state})]", 0.0), operator: *, right: (1.0, 1.0), result: 0.0})
now error: 0.0
newest best op: Uniop(df,'state','KS',(['brewery_id'], {('45',)}),{left: ("[FunctionalDependency:(s: {brewery_id}, t: {state})]", 0.0), operator: *, right: (1.0, 1.0), result: 0.0})
now error: 0.0
Block processing time: 0.033509 seconds
Computing Block 168 out of 796
Processing Block size=4
begin cleaner{left: ("[FunctionalDependency:(s: {brewery_id}, t: {state})]", 0.0), operator: *, right: (1.0, 1.0), result: 0.0}
列 'p' 不存在，对列 state 不过滤，直接选择所有非无效值。
clean_bool length:3
newest best op: Uniop(df,'state','@??@WA',(['brewery_id'], {('362',)}),{left: ("[FunctionalDependency:(s: {brewery_id}, t: {state})]", 0.0), operator: *, right: (1.0, 1.0), result: 0.0})
now error: 0.0
newest best op: Uniop(df,'state','WA',(['brewery_id'], {('362',)}),{left: ("[FunctionalDependency:(s: {brewery_id}, t: {state})]", 0.0), operator: *, right: (1.0, 1.0), result: 0.0})
now error: 0.0
Block processing time: 0.009194 seconds
Computing Block 169 out of 796
Processing Block size=5
begin cleaner{left: ("[FunctionalDependency:(s: {brewery_id}, t: {state})]", 0.0), operator: *, right: (1.0, 1.0), result: 0.0}
列 'p' 不存在，对列 state 不过滤，直接选择所有非无效值。
Block processing time: 0.003654 seconds
Computing Block 172 out of 796
Processing Block size=3
begin cleaner{left: ("[FunctionalDependency:(s: {brewery_id}, t: {state})]", 0.0), operator: *, right: (1.0, 1.0), result: 0.0}
列 'p' 不存在，对列 state 不过滤，直接选择所有非无效值。
clean_bool length:3
newest best op: Uniop(df,'state','??MD',(['brewery_id'], {('479',)}),{left: ("[FunctionalDependency:(s: {brewery_id}, t: {state})]", 0.0), operator: *, right: (1.0, 1.0), result: 0.0})
now error: 0.0
newest best op: Uniop(df,'state','MD',(['brewery_id'], {('479',)}),{left: ("[FunctionalDependency:(s: {brewery_id}, t: {state})]", 0.0), operator: *, right: (1.0, 1.0), result: 0.0})
now error: 0.0
Block processing time: 0.007227 seconds
Computing Block 173 out of 796
Processing Block size=3
begin cleaner{left: ("[FunctionalDependency:(s: {brewery_id}, t: {state})]", 0.0), operator: *, right: (1.0, 1.0), result: 0.0}
列 'p' 不存在，对列 state 不过滤，直接选择所有非无效值。
clean_bool length:3
newest best op: Uniop(df,'state','MI',(['brewery_id'], {('338',)}),{left: ("[FunctionalDependency:(s: {brewery_id}, t: {state})]", 0.0), operator: *, right: (1.0, 1.0), result: 0.0})
now error: 0.0
Block processing time: 0.007124 seconds
Computing Block 175 out of 796
Processing Block size=3
begin cleaner{left: ("[FunctionalDependency:(s: {brewery_id}, t: {state})]", 0.0), operator: *, right: (1.0, 1.0), result: 0.0}
列 'p' 不存在，对列 state 不过滤，直接选择所有非无效值。
Block processing time: 0.00219 seconds
Computing Block 180 out of 796
Processing Block size=10
begin cleaner{left: ("[FunctionalDependency:(s: {brewery_id}, t: {state})]", 0.0), operator: *, right: (1.0, 1.0), result: 0.0}
列 'p' 不存在，对列 state 不过滤，直接选择所有非无效值。
Block processing time: 0.007056 seconds
Computing Block 181 out of 796
Processing Block size=4
begin cleaner{left: ("[FunctionalDependency:(s: {brewery_id}, t: {state})]", 0.0), operator: *, right: (1.0, 1.0), result: 0.0}
列 'p' 不存在，对列 state 不过滤，直接选择所有非无效值。
clean_bool length:3
newest best op: Uniop(df,'state','MT',(['brewery_id'], {('219',)}),{left: ("[FunctionalDependency:(s: {brewery_id}, t: {state})]", 0.0), operator: *, right: (1.0, 1.0), result: 0.0})
now error: 0.0
Block processing time: 0.009543 seconds
Computing Block 182 out of 796
Processing Block size=4
begin cleaner{left: ("[FunctionalDependency:(s: {brewery_id}, t: {state})]", 0.0), operator: *, right: (1.0, 1.0), result: 0.0}
列 'p' 不存在，对列 state 不过滤，直接选择所有非无效值。
clean_bool length:3
newest best op: Uniop(df,'state','%HI',(['brewery_id'], {('203',)}),{left: ("[FunctionalDependency:(s: {brewery_id}, t: {state})]", 0.0), operator: *, right: (1.0, 1.0), result: 0.0})
now error: 0.0
newest best op: Uniop(df,'state','HI',(['brewery_id'], {('203',)}),{left: ("[FunctionalDependency:(s: {brewery_id}, t: {state})]", 0.0), operator: *, right: (1.0, 1.0), result: 0.0})
now error: 0.0
Block processing time: 0.009858 seconds
Computing Block 184 out of 796
Processing Block size=2
begin cleaner{left: ("[FunctionalDependency:(s: {brewery_id}, t: {state})]", 0.0), operator: *, right: (1.0, 1.0), result: 0.0}
列 'p' 不存在，对列 state 不过滤，直接选择所有非无效值。
Block processing time: 0.001659 seconds
Computing Block 186 out of 796
Processing Block size=5
begin cleaner{left: ("[FunctionalDependency:(s: {brewery_id}, t: {state})]", 0.0), operator: *, right: (1.0, 1.0), result: 0.0}
列 'p' 不存在，对列 state 不过滤，直接选择所有非无效值。
clean_bool length:3
newest best op: Uniop(df,'state','ME',(['brewery_id'], {('317',)}),{left: ("[FunctionalDependency:(s: {brewery_id}, t: {state})]", 0.0), operator: *, right: (1.0, 1.0), result: 0.0})
now error: 0.0
Block processing time: 0.011373 seconds
Computing Block 189 out of 796
Processing Block size=3
begin cleaner{left: ("[FunctionalDependency:(s: {brewery_id}, t: {state})]", 0.0), operator: *, right: (1.0, 1.0), result: 0.0}
列 'p' 不存在，对列 state 不过滤，直接选择所有非无效值。
Block processing time: 0.00222 seconds
Computing Block 190 out of 796
Processing Block size=3
begin cleaner{left: ("[FunctionalDependency:(s: {brewery_id}, t: {state})]", 0.0), operator: *, right: (1.0, 1.0), result: 0.0}
列 'p' 不存在，对列 state 不过滤，直接选择所有非无效值。
Block processing time: 0.002226 seconds
Computing Block 191 out of 796
Processing Block size=2
begin cleaner{left: ("[FunctionalDependency:(s: {brewery_id}, t: {state})]", 0.0), operator: *, right: (1.0, 1.0), result: 0.0}
列 'p' 不存在，对列 state 不过滤，直接选择所有非无效值。
clean_bool length:3
newest best op: Uniop(df,'state','P#%A',(['brewery_id'], {('345',)}),{left: ("[FunctionalDependency:(s: {brewery_id}, t: {state})]", 0.0), operator: *, right: (1.0, 1.0), result: 0.0})
now error: 0.0
Block processing time: 0.00524 seconds
Computing Block 193 out of 796
Processing Block size=2
begin cleaner{left: ("[FunctionalDependency:(s: {brewery_id}, t: {state})]", 0.0), operator: *, right: (1.0, 1.0), result: 0.0}
列 'p' 不存在，对列 state 不过滤，直接选择所有非无效值。
Block processing time: 0.001547 seconds
Computing Block 194 out of 796
Processing Block size=2
begin cleaner{left: ("[FunctionalDependency:(s: {brewery_id}, t: {state})]", 0.0), operator: *, right: (1.0, 1.0), result: 0.0}
列 'p' 不存在，对列 state 不过滤，直接选择所有非无效值。
Block processing time: 0.001516 seconds
Computing Block 198 out of 796
Processing Block size=5
begin cleaner{left: ("[FunctionalDependency:(s: {brewery_id}, t: {state})]", 0.0), operator: *, right: (1.0, 1.0), result: 0.0}
列 'p' 不存在，对列 state 不过滤，直接选择所有非无效值。
Block processing time: 0.003593 seconds
Computing Block 201 out of 796
Processing Block size=3
begin cleaner{left: ("[FunctionalDependency:(s: {brewery_id}, t: {state})]", 0.0), operator: *, right: (1.0, 1.0), result: 0.0}
列 'p' 不存在，对列 state 不过滤，直接选择所有非无效值。
clean_bool length:3
newest best op: Uniop(df,'state','NC',(['brewery_id'], {('179',)}),{left: ("[FunctionalDependency:(s: {brewery_id}, t: {state})]", 0.0), operator: *, right: (1.0, 1.0), result: 0.0})
now error: 0.0
Block processing time: 0.007103 seconds
Computing Block 203 out of 796
Processing Block size=3
begin cleaner{left: ("[FunctionalDependency:(s: {brewery_id}, t: {state})]", 0.0), operator: *, right: (1.0, 1.0), result: 0.0}
列 'p' 不存在，对列 state 不过滤，直接选择所有非无效值。
clean_bool length:3
newest best op: Uniop(df,'state','ID',(['brewery_id'], {('169',)}),{left: ("[FunctionalDependency:(s: {brewery_id}, t: {state})]", 0.0), operator: *, right: (1.0, 1.0), result: 0.0})
now error: 0.0
Block processing time: 0.007127 seconds
Computing Block 204 out of 796
Processing Block size=3
begin cleaner{left: ("[FunctionalDependency:(s: {brewery_id}, t: {state})]", 0.0), operator: *, right: (1.0, 1.0), result: 0.0}
列 'p' 不存在，对列 state 不过滤，直接选择所有非无效值。
clean_bool length:3
newest best op: Uniop(df,'state','OH',(['brewery_id'], {('94',)}),{left: ("[FunctionalDependency:(s: {brewery_id}, t: {state})]", 0.0), operator: *, right: (1.0, 1.0), result: 0.0})
now error: 0.0
Block processing time: 0.007076 seconds
Computing Block 206 out of 796
Processing Block size=2
begin cleaner{left: ("[FunctionalDependency:(s: {brewery_id}, t: {state})]", 0.0), operator: *, right: (1.0, 1.0), result: 0.0}
列 'p' 不存在，对列 state 不过滤，直接选择所有非无效值。
clean_bool length:3
newest best op: Uniop(df,'state','PA',(['brewery_id'], {('416',)}),{left: ("[FunctionalDependency:(s: {brewery_id}, t: {state})]", 0.0), operator: *, right: (1.0, 1.0), result: 0.0})
now error: 0.0
Block processing time: 0.005085 seconds
Computing Block 207 out of 796
Processing Block size=7
begin cleaner{left: ("[FunctionalDependency:(s: {brewery_id}, t: {state})]", 0.0), operator: *, right: (1.0, 1.0), result: 0.0}
列 'p' 不存在，对列 state 不过滤，直接选择所有非无效值。
clean_bool length:3
newest best op: Uniop(df,'state','%NM',(['brewery_id'], {('392',)}),{left: ("[FunctionalDependency:(s: {brewery_id}, t: {state})]", 0.0), operator: *, right: (1.0, 1.0), result: 0.0})
now error: 0.0
newest best op: Uniop(df,'state','NM',(['brewery_id'], {('392',)}),{left: ("[FunctionalDependency:(s: {brewery_id}, t: {state})]", 0.0), operator: *, right: (1.0, 1.0), result: 0.0})
now error: 0.0
Block processing time: 0.015189 seconds
Computing Block 210 out of 796
Processing Block size=4
begin cleaner{left: ("[FunctionalDependency:(s: {brewery_id}, t: {state})]", 0.0), operator: *, right: (1.0, 1.0), result: 0.0}
列 'p' 不存在，对列 state 不过滤，直接选择所有非无效值。
clean_bool length:3
newest best op: Uniop(df,'state','NY',(['brewery_id'], {('489',)}),{left: ("[FunctionalDependency:(s: {brewery_id}, t: {state})]", 0.0), operator: *, right: (1.0, 1.0), result: 0.0})
now error: 0.0
Block processing time: 0.009213 seconds
Computing Block 211 out of 796
Processing Block size=2
begin cleaner{left: ("[FunctionalDependency:(s: {brewery_id}, t: {state})]", 0.0), operator: *, right: (1.0, 1.0), result: 0.0}
列 'p' 不存在，对列 state 不过滤，直接选择所有非无效值。
Block processing time: 0.00151 seconds
Computing Block 212 out of 796
Processing Block size=5
begin cleaner{left: ("[FunctionalDependency:(s: {brewery_id}, t: {state})]", 0.0), operator: *, right: (1.0, 1.0), result: 0.0}
列 'p' 不存在，对列 state 不过滤，直接选择所有非无效值。
Block processing time: 0.003656 seconds
Computing Block 214 out of 796
Processing Block size=4
begin cleaner{left: ("[FunctionalDependency:(s: {brewery_id}, t: {state})]", 0.0), operator: *, right: (1.0, 1.0), result: 0.0}
列 'p' 不存在，对列 state 不过滤，直接选择所有非无效值。
clean_bool length:3
newest best op: Uniop(df,'state','%NE',(['brewery_id'], {('282',)}),{left: ("[FunctionalDependency:(s: {brewery_id}, t: {state})]", 0.0), operator: *, right: (1.0, 1.0), result: 0.0})
now error: 0.0
newest best op: Uniop(df,'state','NE',(['brewery_id'], {('282',)}),{left: ("[FunctionalDependency:(s: {brewery_id}, t: {state})]", 0.0), operator: *, right: (1.0, 1.0), result: 0.0})
now error: 0.0
Block processing time: 0.009209 seconds
Computing Block 215 out of 796
Processing Block size=4
begin cleaner{left: ("[FunctionalDependency:(s: {brewery_id}, t: {state})]", 0.0), operator: *, right: (1.0, 1.0), result: 0.0}
列 'p' 不存在，对列 state 不过滤，直接选择所有非无效值。
Block processing time: 0.002923 seconds
Computing Block 218 out of 796
Processing Block size=3
begin cleaner{left: ("[FunctionalDependency:(s: {brewery_id}, t: {state})]", 0.0), operator: *, right: (1.0, 1.0), result: 0.0}
列 'p' 不存在，对列 state 不过滤，直接选择所有非无效值。
clean_bool length:3
newest best op: Uniop(df,'state','G$A',(['brewery_id'], {('475',)}),{left: ("[FunctionalDependency:(s: {brewery_id}, t: {state})]", 0.0), operator: *, right: (1.0, 1.0), result: 0.0})
now error: 0.0
newest best op: Uniop(df,'state','GA',(['brewery_id'], {('475',)}),{left: ("[FunctionalDependency:(s: {brewery_id}, t: {state})]", 0.0), operator: *, right: (1.0, 1.0), result: 0.0})
now error: 0.0
Block processing time: 0.007132 seconds
Computing Block 219 out of 796
Processing Block size=3
begin cleaner{left: ("[FunctionalDependency:(s: {brewery_id}, t: {state})]", 0.0), operator: *, right: (1.0, 1.0), result: 0.0}
列 'p' 不存在，对列 state 不过滤，直接选择所有非无效值。
Block processing time: 0.00221 seconds
Computing Block 220 out of 796
Processing Block size=7
begin cleaner{left: ("[FunctionalDependency:(s: {brewery_id}, t: {state})]", 0.0), operator: *, right: (1.0, 1.0), result: 0.0}
列 'p' 不存在，对列 state 不过滤，直接选择所有非无效值。
Block processing time: 0.004989 seconds
Computing Block 227 out of 796
Processing Block size=3
begin cleaner{left: ("[FunctionalDependency:(s: {brewery_id}, t: {state})]", 0.0), operator: *, right: (1.0, 1.0), result: 0.0}
列 'p' 不存在，对列 state 不过滤，直接选择所有非无效值。
Block processing time: 0.002287 seconds
Computing Block 235 out of 796
Processing Block size=60
begin cleaner{left: ("[FunctionalDependency:(s: {brewery_id}, t: {state})]", 0.0), operator: *, right: (1.0, 1.0), result: 0.0}
列 'p' 不存在，对列 state 不过滤，直接选择所有非无效值。
clean_bool length:9
newest best op: Uniop(df,'state','MI',(['brewery_id'], {('10',)}),{left: ("[FunctionalDependency:(s: {brewery_id}, t: {state})]", 0.0), operator: *, right: (1.0, 1.0), result: 0.0})
now error: 0.0
Block processing time: 0.377569 seconds
Computing Block 236 out of 796
Processing Block size=2
begin cleaner{left: ("[FunctionalDependency:(s: {brewery_id}, t: {state})]", 0.0), operator: *, right: (1.0, 1.0), result: 0.0}
列 'p' 不存在，对列 state 不过滤，直接选择所有非无效值。
Block processing time: 0.00152 seconds
Computing Block 238 out of 796
Processing Block size=5
begin cleaner{left: ("[FunctionalDependency:(s: {brewery_id}, t: {state})]", 0.0), operator: *, right: (1.0, 1.0), result: 0.0}
列 'p' 不存在，对列 state 不过滤，直接选择所有非无效值。
Block processing time: 0.003855 seconds
Computing Block 241 out of 796
Processing Block size=4
begin cleaner{left: ("[FunctionalDependency:(s: {brewery_id}, t: {state})]", 0.0), operator: *, right: (1.0, 1.0), result: 0.0}
列 'p' 不存在，对列 state 不过滤，直接选择所有非无效值。
Block processing time: 0.002966 seconds
Computing Block 243 out of 796
Processing Block size=6
begin cleaner{left: ("[FunctionalDependency:(s: {brewery_id}, t: {state})]", 0.0), operator: *, right: (1.0, 1.0), result: 0.0}
列 'p' 不存在，对列 state 不过滤，直接选择所有非无效值。
Block processing time: 0.004347 seconds
Computing Block 244 out of 796
Processing Block size=2
begin cleaner{left: ("[FunctionalDependency:(s: {brewery_id}, t: {state})]", 0.0), operator: *, right: (1.0, 1.0), result: 0.0}
列 'p' 不存在，对列 state 不过滤，直接选择所有非无效值。
Block processing time: 0.001503 seconds
Computing Block 245 out of 796
Processing Block size=5
begin cleaner{left: ("[FunctionalDependency:(s: {brewery_id}, t: {state})]", 0.0), operator: *, right: (1.0, 1.0), result: 0.0}
列 'p' 不存在，对列 state 不过滤，直接选择所有非无效值。
Block processing time: 0.003605 seconds
Computing Block 248 out of 796
Processing Block size=3
begin cleaner{left: ("[FunctionalDependency:(s: {brewery_id}, t: {state})]", 0.0), operator: *, right: (1.0, 1.0), result: 0.0}
列 'p' 不存在，对列 state 不过滤，直接选择所有非无效值。
Block processing time: 0.002227 seconds
Computing Block 249 out of 796
Processing Block size=8
begin cleaner{left: ("[FunctionalDependency:(s: {brewery_id}, t: {state})]", 0.0), operator: *, right: (1.0, 1.0), result: 0.0}
列 'p' 不存在，对列 state 不过滤，直接选择所有非无效值。
clean_bool length:3
newest best op: Uniop(df,'state','MO',(['brewery_id'], {('60',)}),{left: ("[FunctionalDependency:(s: {brewery_id}, t: {state})]", 0.0), operator: *, right: (1.0, 1.0), result: 0.0})
now error: 0.0
Block processing time: 0.017311 seconds
Computing Block 250 out of 796
Processing Block size=3
begin cleaner{left: ("[FunctionalDependency:(s: {brewery_id}, t: {state})]", 0.0), operator: *, right: (1.0, 1.0), result: 0.0}
列 'p' 不存在，对列 state 不过滤，直接选择所有非无效值。
Block processing time: 0.002206 seconds
Computing Block 251 out of 796
Processing Block size=2
begin cleaner{left: ("[FunctionalDependency:(s: {brewery_id}, t: {state})]", 0.0), operator: *, right: (1.0, 1.0), result: 0.0}
列 'p' 不存在，对列 state 不过滤，直接选择所有非无效值。
Block processing time: 0.001491 seconds
Computing Block 253 out of 796
Processing Block size=5
begin cleaner{left: ("[FunctionalDependency:(s: {brewery_id}, t: {state})]", 0.0), operator: *, right: (1.0, 1.0), result: 0.0}
列 'p' 不存在，对列 state 不过滤，直接选择所有非无效值。
Block processing time: 0.00356 seconds
Computing Block 254 out of 796
Processing Block size=5
begin cleaner{left: ("[FunctionalDependency:(s: {brewery_id}, t: {state})]", 0.0), operator: *, right: (1.0, 1.0), result: 0.0}
列 'p' 不存在，对列 state 不过滤，直接选择所有非无效值。
Block processing time: 0.00395 seconds
Computing Block 258 out of 796
Processing Block size=2
begin cleaner{left: ("[FunctionalDependency:(s: {brewery_id}, t: {state})]", 0.0), operator: *, right: (1.0, 1.0), result: 0.0}
列 'p' 不存在，对列 state 不过滤，直接选择所有非无效值。
Block processing time: 0.001494 seconds
Computing Block 259 out of 796
Processing Block size=6
begin cleaner{left: ("[FunctionalDependency:(s: {brewery_id}, t: {state})]", 0.0), operator: *, right: (1.0, 1.0), result: 0.0}
列 'p' 不存在，对列 state 不过滤，直接选择所有非无效值。
Block processing time: 0.004234 seconds
Computing Block 264 out of 796
Processing Block size=3
begin cleaner{left: ("[FunctionalDependency:(s: {brewery_id}, t: {state})]", 0.0), operator: *, right: (1.0, 1.0), result: 0.0}
列 'p' 不存在，对列 state 不过滤，直接选择所有非无效值。
clean_bool length:3
newest best op: Uniop(df,'state','WI@@',(['brewery_id'], {('456',)}),{left: ("[FunctionalDependency:(s: {brewery_id}, t: {state})]", 0.0), operator: *, right: (1.0, 1.0), result: 0.0})
now error: 0.0
newest best op: Uniop(df,'state','WI',(['brewery_id'], {('456',)}),{left: ("[FunctionalDependency:(s: {brewery_id}, t: {state})]", 0.0), operator: *, right: (1.0, 1.0), result: 0.0})
now error: 0.0
Block processing time: 0.007126 seconds
Computing Block 267 out of 796
Processing Block size=3
begin cleaner{left: ("[FunctionalDependency:(s: {brewery_id}, t: {state})]", 0.0), operator: *, right: (1.0, 1.0), result: 0.0}
列 'p' 不存在，对列 state 不过滤，直接选择所有非无效值。
Block processing time: 0.002201 seconds
Computing Block 269 out of 796
Processing Block size=7
begin cleaner{left: ("[FunctionalDependency:(s: {brewery_id}, t: {state})]", 0.0), operator: *, right: (1.0, 1.0), result: 0.0}
列 'p' 不存在，对列 state 不过滤，直接选择所有非无效值。
Block processing time: 0.00497 seconds
Computing Block 270 out of 796
Processing Block size=3
begin cleaner{left: ("[FunctionalDependency:(s: {brewery_id}, t: {state})]", 0.0), operator: *, right: (1.0, 1.0), result: 0.0}
列 'p' 不存在，对列 state 不过滤，直接选择所有非无效值。
clean_bool length:3
newest best op: Uniop(df,'state','MI',(['brewery_id'], {('7',)}),{left: ("[FunctionalDependency:(s: {brewery_id}, t: {state})]", 0.0), operator: *, right: (1.0, 1.0), result: 0.0})
now error: 0.0
Block processing time: 0.007041 seconds
Computing Block 272 out of 796
Processing Block size=2
begin cleaner{left: ("[FunctionalDependency:(s: {brewery_id}, t: {state})]", 0.0), operator: *, right: (1.0, 1.0), result: 0.0}
列 'p' 不存在，对列 state 不过滤，直接选择所有非无效值。
clean_bool length:3
newest best op: Uniop(df,'state','CA',(['brewery_id'], {('288',)}),{left: ("[FunctionalDependency:(s: {brewery_id}, t: {state})]", 0.0), operator: *, right: (1.0, 1.0), result: 0.0})
now error: 0.0
Block processing time: 0.00504 seconds
Computing Block 273 out of 796
Processing Block size=2
begin cleaner{left: ("[FunctionalDependency:(s: {brewery_id}, t: {state})]", 0.0), operator: *, right: (1.0, 1.0), result: 0.0}
列 'p' 不存在，对列 state 不过滤，直接选择所有非无效值。
Block processing time: 0.001561 seconds
Computing Block 276 out of 796
Processing Block size=4
begin cleaner{left: ("[FunctionalDependency:(s: {brewery_id}, t: {state})]", 0.0), operator: *, right: (1.0, 1.0), result: 0.0}
列 'p' 不存在，对列 state 不过滤，直接选择所有非无效值。
clean_bool length:3
newest best op: Uniop(df,'state','??TX%',(['brewery_id'], {('29',)}),{left: ("[FunctionalDependency:(s: {brewery_id}, t: {state})]", 0.0), operator: *, right: (1.0, 1.0), result: 0.0})
now error: 0.0
newest best op: Uniop(df,'state','TX',(['brewery_id'], {('29',)}),{left: ("[FunctionalDependency:(s: {brewery_id}, t: {state})]", 0.0), operator: *, right: (1.0, 1.0), result: 0.0})
now error: 0.0
Block processing time: 0.009118 seconds
Computing Block 277 out of 796
Processing Block size=9
begin cleaner{left: ("[FunctionalDependency:(s: {brewery_id}, t: {state})]", 0.0), operator: *, right: (1.0, 1.0), result: 0.0}
列 'p' 不存在，对列 state 不过滤，直接选择所有非无效值。
Block processing time: 0.006342 seconds
Computing Block 280 out of 796
Processing Block size=7
begin cleaner{left: ("[FunctionalDependency:(s: {brewery_id}, t: {state})]", 0.0), operator: *, right: (1.0, 1.0), result: 0.0}
列 'p' 不存在，对列 state 不过滤，直接选择所有非无效值。
clean_bool length:4
newest best op: Uniop(df,'state','CO',(['brewery_id'], {('424',)}),{left: ("[FunctionalDependency:(s: {brewery_id}, t: {state})]", 0.0), operator: *, right: (1.0, 1.0), result: 0.0})
now error: 0.0
Block processing time: 0.020378 seconds
Computing Block 281 out of 796
Processing Block size=2
begin cleaner{left: ("[FunctionalDependency:(s: {brewery_id}, t: {state})]", 0.0), operator: *, right: (1.0, 1.0), result: 0.0}
列 'p' 不存在，对列 state 不过滤，直接选择所有非无效值。
Block processing time: 0.001498 seconds
Computing Block 283 out of 796
Processing Block size=2
begin cleaner{left: ("[FunctionalDependency:(s: {brewery_id}, t: {state})]", 0.0), operator: *, right: (1.0, 1.0), result: 0.0}
列 'p' 不存在，对列 state 不过滤，直接选择所有非无效值。
Block processing time: 0.001513 seconds
Computing Block 285 out of 796
Processing Block size=3
begin cleaner{left: ("[FunctionalDependency:(s: {brewery_id}, t: {state})]", 0.0), operator: *, right: (1.0, 1.0), result: 0.0}
列 'p' 不存在，对列 state 不过滤，直接选择所有非无效值。
clean_bool length:4
newest best op: Uniop(df,'state','GA',(['brewery_id'], {('49',)}),{left: ("[FunctionalDependency:(s: {brewery_id}, t: {state})]", 0.0), operator: *, right: (1.0, 1.0), result: 0.0})
now error: 0.0
newest best op: Uniop(df,'state','??G%A',(['brewery_id'], {('49',)}),{left: ("[FunctionalDependency:(s: {brewery_id}, t: {state})]", 0.0), operator: *, right: (1.0, 1.0), result: 0.0})
now error: 0.0
newest best op: Uniop(df,'state','??GA',(['brewery_id'], {('49',)}),{left: ("[FunctionalDependency:(s: {brewery_id}, t: {state})]", 0.0), operator: *, right: (1.0, 1.0), result: 0.0})
now error: 0.0
Block processing time: 0.009443 seconds
Computing Block 289 out of 796
Processing Block size=16
begin cleaner{left: ("[FunctionalDependency:(s: {brewery_id}, t: {state})]", 0.0), operator: *, right: (1.0, 1.0), result: 0.0}
列 'p' 不存在，对列 state 不过滤，直接选择所有非无效值。
clean_bool length:4
newest best op: Uniop(df,'state','CO',(['brewery_id'], {('51',)}),{left: ("[FunctionalDependency:(s: {brewery_id}, t: {state})]", 0.0), operator: *, right: (1.0, 1.0), result: 0.0})
now error: 0.0
Block processing time: 0.045254 seconds
Computing Block 290 out of 796
Processing Block size=2
begin cleaner{left: ("[FunctionalDependency:(s: {brewery_id}, t: {state})]", 0.0), operator: *, right: (1.0, 1.0), result: 0.0}
列 'p' 不存在，对列 state 不过滤，直接选择所有非无效值。
Block processing time: 0.001498 seconds
Computing Block 291 out of 796
Processing Block size=5
begin cleaner{left: ("[FunctionalDependency:(s: {brewery_id}, t: {state})]", 0.0), operator: *, right: (1.0, 1.0), result: 0.0}
列 'p' 不存在，对列 state 不过滤，直接选择所有非无效值。
Block processing time: 0.003627 seconds
Computing Block 292 out of 796
Processing Block size=3
begin cleaner{left: ("[FunctionalDependency:(s: {brewery_id}, t: {state})]", 0.0), operator: *, right: (1.0, 1.0), result: 0.0}
列 'p' 不存在，对列 state 不过滤，直接选择所有非无效值。
Block processing time: 0.002249 seconds
Computing Block 295 out of 796
Processing Block size=17
begin cleaner{left: ("[FunctionalDependency:(s: {brewery_id}, t: {state})]", 0.0), operator: *, right: (1.0, 1.0), result: 0.0}
列 'p' 不存在，对列 state 不过滤，直接选择所有非无效值。
clean_bool length:6
newest best op: Uniop(df,'state','@@C??O',(['brewery_id'], {('107',)}),{left: ("[FunctionalDependency:(s: {brewery_id}, t: {state})]", 0.0), operator: *, right: (1.0, 1.0), result: 0.0})
now error: 0.0
newest best op: Uniop(df,'state','CO',(['brewery_id'], {('107',)}),{left: ("[FunctionalDependency:(s: {brewery_id}, t: {state})]", 0.0), operator: *, right: (1.0, 1.0), result: 0.0})
now error: 0.0
Block processing time: 0.071511 seconds
Computing Block 297 out of 796
Processing Block size=2
begin cleaner{left: ("[FunctionalDependency:(s: {brewery_id}, t: {state})]", 0.0), operator: *, right: (1.0, 1.0), result: 0.0}
列 'p' 不存在，对列 state 不过滤，直接选择所有非无效值。
Block processing time: 0.001506 seconds
Computing Block 299 out of 796
Processing Block size=2
begin cleaner{left: ("[FunctionalDependency:(s: {brewery_id}, t: {state})]", 0.0), operator: *, right: (1.0, 1.0), result: 0.0}
列 'p' 不存在，对列 state 不过滤，直接选择所有非无效值。
Block processing time: 0.001498 seconds
Computing Block 305 out of 796
Processing Block size=2
begin cleaner{left: ("[FunctionalDependency:(s: {brewery_id}, t: {state})]", 0.0), operator: *, right: (1.0, 1.0), result: 0.0}
列 'p' 不存在，对列 state 不过滤，直接选择所有非无效值。
clean_bool length:3
newest best op: Uniop(df,'state','NC',(['brewery_id'], {('445',)}),{left: ("[FunctionalDependency:(s: {brewery_id}, t: {state})]", 0.0), operator: *, right: (1.0, 1.0), result: 0.0})
now error: 0.0
Block processing time: 0.00506 seconds
Computing Block 306 out of 796
Processing Block size=3
begin cleaner{left: ("[FunctionalDependency:(s: {brewery_id}, t: {state})]", 0.0), operator: *, right: (1.0, 1.0), result: 0.0}
列 'p' 不存在，对列 state 不过滤，直接选择所有非无效值。
Block processing time: 0.002193 seconds
Computing Block 308 out of 796
Processing Block size=3
begin cleaner{left: ("[FunctionalDependency:(s: {brewery_id}, t: {state})]", 0.0), operator: *, right: (1.0, 1.0), result: 0.0}
列 'p' 不存在，对列 state 不过滤，直接选择所有非无效值。
Block processing time: 0.002192 seconds
Computing Block 309 out of 796
Processing Block size=3
begin cleaner{left: ("[FunctionalDependency:(s: {brewery_id}, t: {state})]", 0.0), operator: *, right: (1.0, 1.0), result: 0.0}
列 'p' 不存在，对列 state 不过滤，直接选择所有非无效值。
Block processing time: 0.002236 seconds
Computing Block 311 out of 796
Processing Block size=2
begin cleaner{left: ("[FunctionalDependency:(s: {brewery_id}, t: {state})]", 0.0), operator: *, right: (1.0, 1.0), result: 0.0}
列 'p' 不存在，对列 state 不过滤，直接选择所有非无效值。
Block processing time: 0.00152 seconds
Computing Block 313 out of 796
Processing Block size=2
begin cleaner{left: ("[FunctionalDependency:(s: {brewery_id}, t: {state})]", 0.0), operator: *, right: (1.0, 1.0), result: 0.0}
列 'p' 不存在，对列 state 不过滤，直接选择所有非无效值。
clean_bool length:3
newest best op: Uniop(df,'state','NC%@@',(['brewery_id'], {('69',)}),{left: ("[FunctionalDependency:(s: {brewery_id}, t: {state})]", 0.0), operator: *, right: (1.0, 1.0), result: 0.0})
now error: 0.0
Block processing time: 0.005018 seconds
Computing Block 314 out of 796
Processing Block size=13
begin cleaner{left: ("[FunctionalDependency:(s: {brewery_id}, t: {state})]", 0.0), operator: *, right: (1.0, 1.0), result: 0.0}
列 'p' 不存在，对列 state 不过滤，直接选择所有非无效值。
Block processing time: 0.009167 seconds
Computing Block 317 out of 796
Processing Block size=2
begin cleaner{left: ("[FunctionalDependency:(s: {brewery_id}, t: {state})]", 0.0), operator: *, right: (1.0, 1.0), result: 0.0}
列 'p' 不存在，对列 state 不过滤，直接选择所有非无效值。
Block processing time: 0.001497 seconds
Computing Block 318 out of 796
Processing Block size=4
begin cleaner{left: ("[FunctionalDependency:(s: {brewery_id}, t: {state})]", 0.0), operator: *, right: (1.0, 1.0), result: 0.0}
列 'p' 不存在，对列 state 不过滤，直接选择所有非无效值。
clean_bool length:3
newest best op: Uniop(df,'state','??AZ',(['brewery_id'], {('158',)}),{left: ("[FunctionalDependency:(s: {brewery_id}, t: {state})]", 0.0), operator: *, right: (1.0, 1.0), result: 0.0})
now error: 0.0
newest best op: Uniop(df,'state','AZ',(['brewery_id'], {('158',)}),{left: ("[FunctionalDependency:(s: {brewery_id}, t: {state})]", 0.0), operator: *, right: (1.0, 1.0), result: 0.0})
now error: 0.0
Block processing time: 0.009176 seconds
Computing Block 319 out of 796
Processing Block size=2
begin cleaner{left: ("[FunctionalDependency:(s: {brewery_id}, t: {state})]", 0.0), operator: *, right: (1.0, 1.0), result: 0.0}
列 'p' 不存在，对列 state 不过滤，直接选择所有非无效值。
Block processing time: 0.001501 seconds
Computing Block 320 out of 796
Processing Block size=3
begin cleaner{left: ("[FunctionalDependency:(s: {brewery_id}, t: {state})]", 0.0), operator: *, right: (1.0, 1.0), result: 0.0}
列 'p' 不存在，对列 state 不过滤，直接选择所有非无效值。
Block processing time: 0.002181 seconds
Computing Block 322 out of 796
Processing Block size=7
begin cleaner{left: ("[FunctionalDependency:(s: {brewery_id}, t: {state})]", 0.0), operator: *, right: (1.0, 1.0), result: 0.0}
列 'p' 不存在，对列 state 不过滤，直接选择所有非无效值。
Block processing time: 0.004995 seconds
Computing Block 323 out of 796
Processing Block size=14
begin cleaner{left: ("[FunctionalDependency:(s: {brewery_id}, t: {state})]", 0.0), operator: *, right: (1.0, 1.0), result: 0.0}
列 'p' 不存在，对列 state 不过滤，直接选择所有非无效值。
Block processing time: 0.009829 seconds
Computing Block 324 out of 796
Processing Block size=3
begin cleaner{left: ("[FunctionalDependency:(s: {brewery_id}, t: {state})]", 0.0), operator: *, right: (1.0, 1.0), result: 0.0}
列 'p' 不存在，对列 state 不过滤，直接选择所有非无效值。
Block processing time: 0.002211 seconds
Computing Block 326 out of 796
Processing Block size=5
begin cleaner{left: ("[FunctionalDependency:(s: {brewery_id}, t: {state})]", 0.0), operator: *, right: (1.0, 1.0), result: 0.0}
列 'p' 不存在，对列 state 不过滤，直接选择所有非无效值。
Block processing time: 0.003555 seconds
Computing Block 331 out of 796
Processing Block size=2
begin cleaner{left: ("[FunctionalDependency:(s: {brewery_id}, t: {state})]", 0.0), operator: *, right: (1.0, 1.0), result: 0.0}
列 'p' 不存在，对列 state 不过滤，直接选择所有非无效值。
Block processing time: 0.00149 seconds
Computing Block 332 out of 796
Processing Block size=8
begin cleaner{left: ("[FunctionalDependency:(s: {brewery_id}, t: {state})]", 0.0), operator: *, right: (1.0, 1.0), result: 0.0}
列 'p' 不存在，对列 state 不过滤，直接选择所有非无效值。
Block processing time: 0.005685 seconds
Computing Block 333 out of 796
Processing Block size=2
begin cleaner{left: ("[FunctionalDependency:(s: {brewery_id}, t: {state})]", 0.0), operator: *, right: (1.0, 1.0), result: 0.0}
列 'p' 不存在，对列 state 不过滤，直接选择所有非无效值。
Block processing time: 0.001503 seconds
Computing Block 334 out of 796
Processing Block size=3
begin cleaner{left: ("[FunctionalDependency:(s: {brewery_id}, t: {state})]", 0.0), operator: *, right: (1.0, 1.0), result: 0.0}
列 'p' 不存在，对列 state 不过滤，直接选择所有非无效值。
clean_bool length:3
newest best op: Uniop(df,'state','@@FL',(['brewery_id'], {('447',)}),{left: ("[FunctionalDependency:(s: {brewery_id}, t: {state})]", 0.0), operator: *, right: (1.0, 1.0), result: 0.0})
now error: 0.0
newest best op: Uniop(df,'state','FL',(['brewery_id'], {('447',)}),{left: ("[FunctionalDependency:(s: {brewery_id}, t: {state})]", 0.0), operator: *, right: (1.0, 1.0), result: 0.0})
now error: 0.0
Block processing time: 0.007087 seconds
Computing Block 335 out of 796
Processing Block size=3
begin cleaner{left: ("[FunctionalDependency:(s: {brewery_id}, t: {state})]", 0.0), operator: *, right: (1.0, 1.0), result: 0.0}
列 'p' 不存在，对列 state 不过滤，直接选择所有非无效值。
clean_bool length:3
newest best op: Uniop(df,'state','IA',(['brewery_id'], {('482',)}),{left: ("[FunctionalDependency:(s: {brewery_id}, t: {state})]", 0.0), operator: *, right: (1.0, 1.0), result: 0.0})
now error: 0.0
Block processing time: 0.007094 seconds
Computing Block 336 out of 796
Processing Block size=2
begin cleaner{left: ("[FunctionalDependency:(s: {brewery_id}, t: {state})]", 0.0), operator: *, right: (1.0, 1.0), result: 0.0}
列 'p' 不存在，对列 state 不过滤，直接选择所有非无效值。
Block processing time: 0.001583 seconds
Computing Block 338 out of 796
Processing Block size=22
begin cleaner{left: ("[FunctionalDependency:(s: {brewery_id}, t: {state})]", 0.0), operator: *, right: (1.0, 1.0), result: 0.0}
列 'p' 不存在，对列 state 不过滤，直接选择所有非无效值。
clean_bool length:5
newest best op: Uniop(df,'state','NY',(['brewery_id'], {('46',)}),{left: ("[FunctionalDependency:(s: {brewery_id}, t: {state})]", 0.0), operator: *, right: (1.0, 1.0), result: 0.0})
now error: 0.0
Block processing time: 0.077397 seconds
Computing Block 340 out of 796
Processing Block size=4
begin cleaner{left: ("[FunctionalDependency:(s: {brewery_id}, t: {state})]", 0.0), operator: *, right: (1.0, 1.0), result: 0.0}
列 'p' 不存在，对列 state 不过滤，直接选择所有非无效值。
Block processing time: 0.002975 seconds
Computing Block 343 out of 796
Processing Block size=9
begin cleaner{left: ("[FunctionalDependency:(s: {brewery_id}, t: {state})]", 0.0), operator: *, right: (1.0, 1.0), result: 0.0}
列 'p' 不存在，对列 state 不过滤，直接选择所有非无效值。
Block processing time: 0.006362 seconds
Computing Block 346 out of 796
Processing Block size=2
begin cleaner{left: ("[FunctionalDependency:(s: {brewery_id}, t: {state})]", 0.0), operator: *, right: (1.0, 1.0), result: 0.0}
列 'p' 不存在，对列 state 不过滤，直接选择所有非无效值。
Block processing time: 0.001534 seconds
Computing Block 347 out of 796
Processing Block size=6
begin cleaner{left: ("[FunctionalDependency:(s: {brewery_id}, t: {state})]", 0.0), operator: *, right: (1.0, 1.0), result: 0.0}
列 'p' 不存在，对列 state 不过滤，直接选择所有非无效值。
clean_bool length:3
newest best op: Uniop(df,'state','I@@%L',(['brewery_id'], {('65',)}),{left: ("[FunctionalDependency:(s: {brewery_id}, t: {state})]", 0.0), operator: *, right: (1.0, 1.0), result: 0.0})
now error: 0.0
newest best op: Uniop(df,'state','IL',(['brewery_id'], {('65',)}),{left: ("[FunctionalDependency:(s: {brewery_id}, t: {state})]", 0.0), operator: *, right: (1.0, 1.0), result: 0.0})
now error: 0.0
Block processing time: 0.01326 seconds
Computing Block 349 out of 796
Processing Block size=4
begin cleaner{left: ("[FunctionalDependency:(s: {brewery_id}, t: {state})]", 0.0), operator: *, right: (1.0, 1.0), result: 0.0}
列 'p' 不存在，对列 state 不过滤，直接选择所有非无效值。
clean_bool length:3
newest best op: Uniop(df,'state','%SC@@',(['brewery_id'], {('384',)}),{left: ("[FunctionalDependency:(s: {brewery_id}, t: {state})]", 0.0), operator: *, right: (1.0, 1.0), result: 0.0})
now error: 0.0
newest best op: Uniop(df,'state','SC',(['brewery_id'], {('384',)}),{left: ("[FunctionalDependency:(s: {brewery_id}, t: {state})]", 0.0), operator: *, right: (1.0, 1.0), result: 0.0})
now error: 0.0
Block processing time: 0.009245 seconds
Computing Block 353 out of 796
Processing Block size=2
begin cleaner{left: ("[FunctionalDependency:(s: {brewery_id}, t: {state})]", 0.0), operator: *, right: (1.0, 1.0), result: 0.0}
列 'p' 不存在，对列 state 不过滤，直接选择所有非无效值。
Block processing time: 0.0015 seconds
Computing Block 357 out of 796
Processing Block size=7
begin cleaner{left: ("[FunctionalDependency:(s: {brewery_id}, t: {state})]", 0.0), operator: *, right: (1.0, 1.0), result: 0.0}
列 'p' 不存在，对列 state 不过滤，直接选择所有非无效值。
Block processing time: 0.00506 seconds
Computing Block 360 out of 796
Processing Block size=7
begin cleaner{left: ("[FunctionalDependency:(s: {brewery_id}, t: {state})]", 0.0), operator: *, right: (1.0, 1.0), result: 0.0}
列 'p' 不存在，对列 state 不过滤，直接选择所有非无效值。
Block processing time: 0.004943 seconds
Computing Block 363 out of 796
Processing Block size=6
begin cleaner{left: ("[FunctionalDependency:(s: {brewery_id}, t: {state})]", 0.0), operator: *, right: (1.0, 1.0), result: 0.0}
列 'p' 不存在，对列 state 不过滤，直接选择所有非无效值。
Block processing time: 0.004349 seconds
Computing Block 369 out of 796
Processing Block size=3
begin cleaner{left: ("[FunctionalDependency:(s: {brewery_id}, t: {state})]", 0.0), operator: *, right: (1.0, 1.0), result: 0.0}
列 'p' 不存在，对列 state 不过滤，直接选择所有非无效值。
clean_bool length:3
newest best op: Uniop(df,'state','@@MD',(['brewery_id'], {('255',)}),{left: ("[FunctionalDependency:(s: {brewery_id}, t: {state})]", 0.0), operator: *, right: (1.0, 1.0), result: 0.0})
now error: 0.0
newest best op: Uniop(df,'state','MD',(['brewery_id'], {('255',)}),{left: ("[FunctionalDependency:(s: {brewery_id}, t: {state})]", 0.0), operator: *, right: (1.0, 1.0), result: 0.0})
now error: 0.0
Block processing time: 0.007199 seconds
Computing Block 370 out of 796
Processing Block size=4
begin cleaner{left: ("[FunctionalDependency:(s: {brewery_id}, t: {state})]", 0.0), operator: *, right: (1.0, 1.0), result: 0.0}
列 'p' 不存在，对列 state 不过滤，直接选择所有非无效值。
Block processing time: 0.00292 seconds
Computing Block 373 out of 796
Processing Block size=3
begin cleaner{left: ("[FunctionalDependency:(s: {brewery_id}, t: {state})]", 0.0), operator: *, right: (1.0, 1.0), result: 0.0}
列 'p' 不存在，对列 state 不过滤，直接选择所有非无效值。
Block processing time: 0.002228 seconds
Computing Block 374 out of 796
Processing Block size=2
begin cleaner{left: ("[FunctionalDependency:(s: {brewery_id}, t: {state})]", 0.0), operator: *, right: (1.0, 1.0), result: 0.0}
列 'p' 不存在，对列 state 不过滤，直接选择所有非无效值。
Block processing time: 0.0015 seconds
Computing Block 375 out of 796
Processing Block size=2
begin cleaner{left: ("[FunctionalDependency:(s: {brewery_id}, t: {state})]", 0.0), operator: *, right: (1.0, 1.0), result: 0.0}
列 'p' 不存在，对列 state 不过滤，直接选择所有非无效值。
clean_bool length:3
newest best op: Uniop(df,'state','GA',(['brewery_id'], {('400',)}),{left: ("[FunctionalDependency:(s: {brewery_id}, t: {state})]", 0.0), operator: *, right: (1.0, 1.0), result: 0.0})
now error: 0.0
Block processing time: 0.005169 seconds
Computing Block 379 out of 796
Processing Block size=11
begin cleaner{left: ("[FunctionalDependency:(s: {brewery_id}, t: {state})]", 0.0), operator: *, right: (1.0, 1.0), result: 0.0}
列 'p' 不存在，对列 state 不过滤，直接选择所有非无效值。
clean_bool length:3
newest best op: Uniop(df,'state','PA',(['brewery_id'], {('371',)}),{left: ("[FunctionalDependency:(s: {brewery_id}, t: {state})]", 0.0), operator: *, right: (1.0, 1.0), result: 0.0})
now error: 0.0
Block processing time: 0.025342 seconds
Computing Block 381 out of 796
Processing Block size=9
begin cleaner{left: ("[FunctionalDependency:(s: {brewery_id}, t: {state})]", 0.0), operator: *, right: (1.0, 1.0), result: 0.0}
列 'p' 不存在，对列 state 不过滤，直接选择所有非无效值。
clean_bool length:3
newest best op: Uniop(df,'state','#RI',(['brewery_id'], {('143',)}),{left: ("[FunctionalDependency:(s: {brewery_id}, t: {state})]", 0.0), operator: *, right: (1.0, 1.0), result: 0.0})
now error: 0.0
newest best op: Uniop(df,'state','RI',(['brewery_id'], {('143',)}),{left: ("[FunctionalDependency:(s: {brewery_id}, t: {state})]", 0.0), operator: *, right: (1.0, 1.0), result: 0.0})
now error: 0.0
Block processing time: 0.020839 seconds
Computing Block 382 out of 796
Processing Block size=2
begin cleaner{left: ("[FunctionalDependency:(s: {brewery_id}, t: {state})]", 0.0), operator: *, right: (1.0, 1.0), result: 0.0}
列 'p' 不存在，对列 state 不过滤，直接选择所有非无效值。
Block processing time: 0.001651 seconds
Computing Block 384 out of 796
Processing Block size=2
begin cleaner{left: ("[FunctionalDependency:(s: {brewery_id}, t: {state})]", 0.0), operator: *, right: (1.0, 1.0), result: 0.0}
列 'p' 不存在，对列 state 不过滤，直接选择所有非无效值。
Block processing time: 0.001656 seconds
Computing Block 385 out of 796
Processing Block size=3
begin cleaner{left: ("[FunctionalDependency:(s: {brewery_id}, t: {state})]", 0.0), operator: *, right: (1.0, 1.0), result: 0.0}
列 'p' 不存在，对列 state 不过滤，直接选择所有非无效值。
Block processing time: 0.002381 seconds
Computing Block 386 out of 796
Processing Block size=2
begin cleaner{left: ("[FunctionalDependency:(s: {brewery_id}, t: {state})]", 0.0), operator: *, right: (1.0, 1.0), result: 0.0}
列 'p' 不存在，对列 state 不过滤，直接选择所有非无效值。
Block processing time: 0.00165 seconds
Computing Block 393 out of 796
Processing Block size=2
begin cleaner{left: ("[FunctionalDependency:(s: {brewery_id}, t: {state})]", 0.0), operator: *, right: (1.0, 1.0), result: 0.0}
列 'p' 不存在，对列 state 不过滤，直接选择所有非无效值。
Block processing time: 0.00153 seconds
Computing Block 396 out of 796
Processing Block size=5
begin cleaner{left: ("[FunctionalDependency:(s: {brewery_id}, t: {state})]", 0.0), operator: *, right: (1.0, 1.0), result: 0.0}
列 'p' 不存在，对列 state 不过滤，直接选择所有非无效值。
Block processing time: 0.003719 seconds
Computing Block 397 out of 796
Processing Block size=5
begin cleaner{left: ("[FunctionalDependency:(s: {brewery_id}, t: {state})]", 0.0), operator: *, right: (1.0, 1.0), result: 0.0}
列 'p' 不存在，对列 state 不过滤，直接选择所有非无效值。
Block processing time: 0.003558 seconds
Computing Block 398 out of 796
Processing Block size=3
begin cleaner{left: ("[FunctionalDependency:(s: {brewery_id}, t: {state})]", 0.0), operator: *, right: (1.0, 1.0), result: 0.0}
列 'p' 不存在，对列 state 不过滤，直接选择所有非无效值。
Block processing time: 0.002184 seconds
Computing Block 399 out of 796
Processing Block size=2
begin cleaner{left: ("[FunctionalDependency:(s: {brewery_id}, t: {state})]", 0.0), operator: *, right: (1.0, 1.0), result: 0.0}
列 'p' 不存在，对列 state 不过滤，直接选择所有非无效值。
Block processing time: 0.001495 seconds
Computing Block 401 out of 796
Processing Block size=14
begin cleaner{left: ("[FunctionalDependency:(s: {brewery_id}, t: {state})]", 0.0), operator: *, right: (1.0, 1.0), result: 0.0}
列 'p' 不存在，对列 state 不过滤，直接选择所有非无效值。
clean_bool length:4
newest best op: Uniop(df,'state','OR',(['brewery_id'], {('155',)}),{left: ("[FunctionalDependency:(s: {brewery_id}, t: {state})]", 0.0), operator: *, right: (1.0, 1.0), result: 0.0})
now error: 0.0
Block processing time: 0.039676 seconds
Computing Block 406 out of 796
Processing Block size=2
begin cleaner{left: ("[FunctionalDependency:(s: {brewery_id}, t: {state})]", 0.0), operator: *, right: (1.0, 1.0), result: 0.0}
列 'p' 不存在，对列 state 不过滤，直接选择所有非无效值。
Block processing time: 0.00157 seconds
Computing Block 407 out of 796
Processing Block size=2
begin cleaner{left: ("[FunctionalDependency:(s: {brewery_id}, t: {state})]", 0.0), operator: *, right: (1.0, 1.0), result: 0.0}
列 'p' 不存在，对列 state 不过滤，直接选择所有非无效值。
Block processing time: 0.001504 seconds
Computing Block 411 out of 796
Processing Block size=4
begin cleaner{left: ("[FunctionalDependency:(s: {brewery_id}, t: {state})]", 0.0), operator: *, right: (1.0, 1.0), result: 0.0}
列 'p' 不存在，对列 state 不过滤，直接选择所有非无效值。
Block processing time: 0.002887 seconds
Computing Block 414 out of 796
Processing Block size=2
begin cleaner{left: ("[FunctionalDependency:(s: {brewery_id}, t: {state})]", 0.0), operator: *, right: (1.0, 1.0), result: 0.0}
列 'p' 不存在，对列 state 不过滤，直接选择所有非无效值。
Block processing time: 0.001502 seconds
Computing Block 415 out of 796
Processing Block size=3
begin cleaner{left: ("[FunctionalDependency:(s: {brewery_id}, t: {state})]", 0.0), operator: *, right: (1.0, 1.0), result: 0.0}
列 'p' 不存在，对列 state 不过滤，直接选择所有非无效值。
Block processing time: 0.002183 seconds
Computing Block 416 out of 796
Processing Block size=3
begin cleaner{left: ("[FunctionalDependency:(s: {brewery_id}, t: {state})]", 0.0), operator: *, right: (1.0, 1.0), result: 0.0}
列 'p' 不存在，对列 state 不过滤，直接选择所有非无效值。
Block processing time: 0.002191 seconds
Computing Block 418 out of 796
Processing Block size=4
begin cleaner{left: ("[FunctionalDependency:(s: {brewery_id}, t: {state})]", 0.0), operator: *, right: (1.0, 1.0), result: 0.0}
列 'p' 不存在，对列 state 不过滤，直接选择所有非无效值。
Block processing time: 0.002922 seconds
Computing Block 420 out of 796
Processing Block size=2
begin cleaner{left: ("[FunctionalDependency:(s: {brewery_id}, t: {state})]", 0.0), operator: *, right: (1.0, 1.0), result: 0.0}
列 'p' 不存在，对列 state 不过滤，直接选择所有非无效值。
Block processing time: 0.001494 seconds
Computing Block 421 out of 796
Processing Block size=3
begin cleaner{left: ("[FunctionalDependency:(s: {brewery_id}, t: {state})]", 0.0), operator: *, right: (1.0, 1.0), result: 0.0}
列 'p' 不存在，对列 state 不过滤，直接选择所有非无效值。
Block processing time: 0.002172 seconds
Computing Block 424 out of 796
Processing Block size=9
begin cleaner{left: ("[FunctionalDependency:(s: {brewery_id}, t: {state})]", 0.0), operator: *, right: (1.0, 1.0), result: 0.0}
列 'p' 不存在，对列 state 不过滤，直接选择所有非无效值。
clean_bool length:5
newest best op: Uniop(df,'state','MS',(['brewery_id'], {('133',)}),{left: ("[FunctionalDependency:(s: {brewery_id}, t: {state})]", 0.0), operator: *, right: (1.0, 1.0), result: 0.0})
now error: 0.0
Block processing time: 0.03239 seconds
Computing Block 428 out of 796
Processing Block size=5
begin cleaner{left: ("[FunctionalDependency:(s: {brewery_id}, t: {state})]", 0.0), operator: *, right: (1.0, 1.0), result: 0.0}
列 'p' 不存在，对列 state 不过滤，直接选择所有非无效值。
Block processing time: 0.003596 seconds
Computing Block 432 out of 796
Processing Block size=3
begin cleaner{left: ("[FunctionalDependency:(s: {brewery_id}, t: {state})]", 0.0), operator: *, right: (1.0, 1.0), result: 0.0}
列 'p' 不存在，对列 state 不过滤，直接选择所有非无效值。
clean_bool length:3
newest best op: Uniop(df,'state','%FL??',(['brewery_id'], {('67',)}),{left: ("[FunctionalDependency:(s: {brewery_id}, t: {state})]", 0.0), operator: *, right: (1.0, 1.0), result: 0.0})
now error: 0.0
newest best op: Uniop(df,'state','FL',(['brewery_id'], {('67',)}),{left: ("[FunctionalDependency:(s: {brewery_id}, t: {state})]", 0.0), operator: *, right: (1.0, 1.0), result: 0.0})
now error: 0.0
Block processing time: 0.007113 seconds
Computing Block 433 out of 796
Processing Block size=11
begin cleaner{left: ("[FunctionalDependency:(s: {brewery_id}, t: {state})]", 0.0), operator: *, right: (1.0, 1.0), result: 0.0}
列 'p' 不存在，对列 state 不过滤，直接选择所有非无效值。
clean_bool length:3
newest best op: Uniop(df,'state','OR',(['brewery_id'], {('206',)}),{left: ("[FunctionalDependency:(s: {brewery_id}, t: {state})]", 0.0), operator: *, right: (1.0, 1.0), result: 0.0})
now error: 0.0
Block processing time: 0.02338 seconds
Computing Block 435 out of 796
Processing Block size=7
begin cleaner{left: ("[FunctionalDependency:(s: {brewery_id}, t: {state})]", 0.0), operator: *, right: (1.0, 1.0), result: 0.0}
列 'p' 不存在，对列 state 不过滤，直接选择所有非无效值。
clean_bool length:3
newest best op: Uniop(df,'state','@@NC',(['brewery_id'], {('331',)}),{left: ("[FunctionalDependency:(s: {brewery_id}, t: {state})]", 0.0), operator: *, right: (1.0, 1.0), result: 0.0})
now error: 0.0
newest best op: Uniop(df,'state','NC',(['brewery_id'], {('331',)}),{left: ("[FunctionalDependency:(s: {brewery_id}, t: {state})]", 0.0), operator: *, right: (1.0, 1.0), result: 0.0})
now error: 0.0
Block processing time: 0.015223 seconds
Computing Block 436 out of 796
Processing Block size=2
begin cleaner{left: ("[FunctionalDependency:(s: {brewery_id}, t: {state})]", 0.0), operator: *, right: (1.0, 1.0), result: 0.0}
列 'p' 不存在，对列 state 不过滤，直接选择所有非无效值。
clean_bool length:3
newest best op: Uniop(df,'state','I$L',(['brewery_id'], {('210',)}),{left: ("[FunctionalDependency:(s: {brewery_id}, t: {state})]", 0.0), operator: *, right: (1.0, 1.0), result: 0.0})
now error: 0.0
Block processing time: 0.005062 seconds
Computing Block 439 out of 796
Processing Block size=3
begin cleaner{left: ("[FunctionalDependency:(s: {brewery_id}, t: {state})]", 0.0), operator: *, right: (1.0, 1.0), result: 0.0}
列 'p' 不存在，对列 state 不过滤，直接选择所有非无效值。
Block processing time: 0.00221 seconds
Computing Block 443 out of 796
Processing Block size=4
begin cleaner{left: ("[FunctionalDependency:(s: {brewery_id}, t: {state})]", 0.0), operator: *, right: (1.0, 1.0), result: 0.0}
列 'p' 不存在，对列 state 不过滤，直接选择所有非无效值。
Block processing time: 0.002948 seconds
Computing Block 446 out of 796
Processing Block size=3
begin cleaner{left: ("[FunctionalDependency:(s: {brewery_id}, t: {state})]", 0.0), operator: *, right: (1.0, 1.0), result: 0.0}
列 'p' 不存在，对列 state 不过滤，直接选择所有非无效值。
Block processing time: 0.002173 seconds
Computing Block 447 out of 796
Processing Block size=4
begin cleaner{left: ("[FunctionalDependency:(s: {brewery_id}, t: {state})]", 0.0), operator: *, right: (1.0, 1.0), result: 0.0}
列 'p' 不存在，对列 state 不过滤，直接选择所有非无效值。
Block processing time: 0.002875 seconds
Computing Block 451 out of 796
Processing Block size=4
begin cleaner{left: ("[FunctionalDependency:(s: {brewery_id}, t: {state})]", 0.0), operator: *, right: (1.0, 1.0), result: 0.0}
列 'p' 不存在，对列 state 不过滤，直接选择所有非无效值。
clean_bool length:3
newest best op: Uniop(df,'state','U??T#',(['brewery_id'], {('399',)}),{left: ("[FunctionalDependency:(s: {brewery_id}, t: {state})]", 0.0), operator: *, right: (1.0, 1.0), result: 0.0})
now error: 0.0
newest best op: Uniop(df,'state','UT',(['brewery_id'], {('399',)}),{left: ("[FunctionalDependency:(s: {brewery_id}, t: {state})]", 0.0), operator: *, right: (1.0, 1.0), result: 0.0})
now error: 0.0
Block processing time: 0.009177 seconds
Computing Block 453 out of 796
Processing Block size=6
begin cleaner{left: ("[FunctionalDependency:(s: {brewery_id}, t: {state})]", 0.0), operator: *, right: (1.0, 1.0), result: 0.0}
列 'p' 不存在，对列 state 不过滤，直接选择所有非无效值。
clean_bool length:4
newest best op: Uniop(df,'state','S$C',(['brewery_id'], {('5',)}),{left: ("[FunctionalDependency:(s: {brewery_id}, t: {state})]", 0.0), operator: *, right: (1.0, 1.0), result: 0.0})
now error: 0.0
newest best op: Uniop(df,'state','SC',(['brewery_id'], {('5',)}),{left: ("[FunctionalDependency:(s: {brewery_id}, t: {state})]", 0.0), operator: *, right: (1.0, 1.0), result: 0.0})
now error: 0.0
Block processing time: 0.017755 seconds
Computing Block 454 out of 796
Processing Block size=4
begin cleaner{left: ("[FunctionalDependency:(s: {brewery_id}, t: {state})]", 0.0), operator: *, right: (1.0, 1.0), result: 0.0}
列 'p' 不存在，对列 state 不过滤，直接选择所有非无效值。
clean_bool length:3
newest best op: Uniop(df,'state','IN',(['brewery_id'], {('205',)}),{left: ("[FunctionalDependency:(s: {brewery_id}, t: {state})]", 0.0), operator: *, right: (1.0, 1.0), result: 0.0})
now error: 0.0
Block processing time: 0.009142 seconds
Computing Block 455 out of 796
Processing Block size=13
begin cleaner{left: ("[FunctionalDependency:(s: {brewery_id}, t: {state})]", 0.0), operator: *, right: (1.0, 1.0), result: 0.0}
列 'p' 不存在，对列 state 不过滤，直接选择所有非无效值。
clean_bool length:3
newest best op: Uniop(df,'state','NY',(['brewery_id'], {('299',)}),{left: ("[FunctionalDependency:(s: {brewery_id}, t: {state})]", 0.0), operator: *, right: (1.0, 1.0), result: 0.0})
now error: 0.0
Block processing time: 0.027731 seconds
Computing Block 456 out of 796
Processing Block size=2
begin cleaner{left: ("[FunctionalDependency:(s: {brewery_id}, t: {state})]", 0.0), operator: *, right: (1.0, 1.0), result: 0.0}
列 'p' 不存在，对列 state 不过滤，直接选择所有非无效值。
Block processing time: 0.001534 seconds
Computing Block 457 out of 796
Processing Block size=2
begin cleaner{left: ("[FunctionalDependency:(s: {brewery_id}, t: {state})]", 0.0), operator: *, right: (1.0, 1.0), result: 0.0}
列 'p' 不存在，对列 state 不过滤，直接选择所有非无效值。
Block processing time: 0.0015 seconds
Computing Block 458 out of 796
Processing Block size=3
begin cleaner{left: ("[FunctionalDependency:(s: {brewery_id}, t: {state})]", 0.0), operator: *, right: (1.0, 1.0), result: 0.0}
列 'p' 不存在，对列 state 不过滤，直接选择所有非无效值。
Block processing time: 0.002214 seconds
Computing Block 460 out of 796
Processing Block size=4
begin cleaner{left: ("[FunctionalDependency:(s: {brewery_id}, t: {state})]", 0.0), operator: *, right: (1.0, 1.0), result: 0.0}
列 'p' 不存在，对列 state 不过滤，直接选择所有非无效值。
Block processing time: 0.002866 seconds
Computing Block 461 out of 796
Processing Block size=3
begin cleaner{left: ("[FunctionalDependency:(s: {brewery_id}, t: {state})]", 0.0), operator: *, right: (1.0, 1.0), result: 0.0}
列 'p' 不存在，对列 state 不过滤，直接选择所有非无效值。
Block processing time: 0.002212 seconds
Computing Block 466 out of 796
Processing Block size=2
begin cleaner{left: ("[FunctionalDependency:(s: {brewery_id}, t: {state})]", 0.0), operator: *, right: (1.0, 1.0), result: 0.0}
列 'p' 不存在，对列 state 不过滤，直接选择所有非无效值。
Block processing time: 0.001496 seconds
Computing Block 467 out of 796
Processing Block size=8
begin cleaner{left: ("[FunctionalDependency:(s: {brewery_id}, t: {state})]", 0.0), operator: *, right: (1.0, 1.0), result: 0.0}
列 'p' 不存在，对列 state 不过滤，直接选择所有非无效值。
clean_bool length:3
newest best op: Uniop(df,'state','MO',(['brewery_id'], {('314',)}),{left: ("[FunctionalDependency:(s: {brewery_id}, t: {state})]", 0.0), operator: *, right: (1.0, 1.0), result: 0.0})
now error: 0.0
Block processing time: 0.017395 seconds
Computing Block 468 out of 796
Processing Block size=6
begin cleaner{left: ("[FunctionalDependency:(s: {brewery_id}, t: {state})]", 0.0), operator: *, right: (1.0, 1.0), result: 0.0}
列 'p' 不存在，对列 state 不过滤，直接选择所有非无效值。
Block processing time: 0.004317 seconds
Computing Block 469 out of 796
Processing Block size=13
begin cleaner{left: ("[FunctionalDependency:(s: {brewery_id}, t: {state})]", 0.0), operator: *, right: (1.0, 1.0), result: 0.0}
列 'p' 不存在，对列 state 不过滤，直接选择所有非无效值。
clean_bool length:3
newest best op: Uniop(df,'state','NE',(['brewery_id'], {('380',)}),{left: ("[FunctionalDependency:(s: {brewery_id}, t: {state})]", 0.0), operator: *, right: (1.0, 1.0), result: 0.0})
now error: 0.0
Block processing time: 0.027374 seconds
Computing Block 470 out of 796
Processing Block size=2
begin cleaner{left: ("[FunctionalDependency:(s: {brewery_id}, t: {state})]", 0.0), operator: *, right: (1.0, 1.0), result: 0.0}
列 'p' 不存在，对列 state 不过滤，直接选择所有非无效值。
clean_bool length:3
newest best op: Uniop(df,'state','WI',(['brewery_id'], {('529',)}),{left: ("[FunctionalDependency:(s: {brewery_id}, t: {state})]", 0.0), operator: *, right: (1.0, 1.0), result: 0.0})
now error: 0.0
Block processing time: 0.00504 seconds
Computing Block 473 out of 796
Processing Block size=2
begin cleaner{left: ("[FunctionalDependency:(s: {brewery_id}, t: {state})]", 0.0), operator: *, right: (1.0, 1.0), result: 0.0}
列 'p' 不存在，对列 state 不过滤，直接选择所有非无效值。
Block processing time: 0.001584 seconds
Computing Block 476 out of 796
Processing Block size=2
begin cleaner{left: ("[FunctionalDependency:(s: {brewery_id}, t: {state})]", 0.0), operator: *, right: (1.0, 1.0), result: 0.0}
列 'p' 不存在，对列 state 不过滤，直接选择所有非无效值。
Block processing time: 0.001502 seconds
Computing Block 478 out of 796
Processing Block size=2
begin cleaner{left: ("[FunctionalDependency:(s: {brewery_id}, t: {state})]", 0.0), operator: *, right: (1.0, 1.0), result: 0.0}
列 'p' 不存在，对列 state 不过滤，直接选择所有非无效值。
clean_bool length:3
newest best op: Uniop(df,'state','M$$D',(['brewery_id'], {('262',)}),{left: ("[FunctionalDependency:(s: {brewery_id}, t: {state})]", 0.0), operator: *, right: (1.0, 1.0), result: 0.0})
now error: 0.0
Block processing time: 0.004987 seconds
Computing Block 479 out of 796
Processing Block size=15
begin cleaner{left: ("[FunctionalDependency:(s: {brewery_id}, t: {state})]", 0.0), operator: *, right: (1.0, 1.0), result: 0.0}
列 'p' 不存在，对列 state 不过滤，直接选择所有非无效值。
Block processing time: 0.010454 seconds
Computing Block 487 out of 796
Processing Block size=4
begin cleaner{left: ("[FunctionalDependency:(s: {brewery_id}, t: {state})]", 0.0), operator: *, right: (1.0, 1.0), result: 0.0}
列 'p' 不存在，对列 state 不过滤，直接选择所有非无效值。
Block processing time: 0.002953 seconds
Computing Block 491 out of 796
Processing Block size=6
begin cleaner{left: ("[FunctionalDependency:(s: {brewery_id}, t: {state})]", 0.0), operator: *, right: (1.0, 1.0), result: 0.0}
列 'p' 不存在，对列 state 不过滤，直接选择所有非无效值。
Block processing time: 0.00425 seconds
Computing Block 494 out of 796
Processing Block size=2
begin cleaner{left: ("[FunctionalDependency:(s: {brewery_id}, t: {state})]", 0.0), operator: *, right: (1.0, 1.0), result: 0.0}
列 'p' 不存在，对列 state 不过滤，直接选择所有非无效值。
Block processing time: 0.001549 seconds
Computing Block 495 out of 796
Processing Block size=9
begin cleaner{left: ("[FunctionalDependency:(s: {brewery_id}, t: {state})]", 0.0), operator: *, right: (1.0, 1.0), result: 0.0}
列 'p' 不存在，对列 state 不过滤，直接选择所有非无效值。
clean_bool length:4
newest best op: Uniop(df,'state','#CT',(['brewery_id'], {('410',)}),{left: ("[FunctionalDependency:(s: {brewery_id}, t: {state})]", 0.0), operator: *, right: (1.0, 1.0), result: 0.0})
now error: 0.0
newest best op: Uniop(df,'state','CT',(['brewery_id'], {('410',)}),{left: ("[FunctionalDependency:(s: {brewery_id}, t: {state})]", 0.0), operator: *, right: (1.0, 1.0), result: 0.0})
now error: 0.0
Block processing time: 0.025737 seconds
Computing Block 497 out of 796
Processing Block size=4
begin cleaner{left: ("[FunctionalDependency:(s: {brewery_id}, t: {state})]", 0.0), operator: *, right: (1.0, 1.0), result: 0.0}
列 'p' 不存在，对列 state 不过滤，直接选择所有非无效值。
Block processing time: 0.002879 seconds
Computing Block 499 out of 796
Processing Block size=3
begin cleaner{left: ("[FunctionalDependency:(s: {brewery_id}, t: {state})]", 0.0), operator: *, right: (1.0, 1.0), result: 0.0}
列 'p' 不存在，对列 state 不过滤，直接选择所有非无效值。
Block processing time: 0.002187 seconds
Computing Block 500 out of 796
Processing Block size=17
begin cleaner{left: ("[FunctionalDependency:(s: {brewery_id}, t: {state})]", 0.0), operator: *, right: (1.0, 1.0), result: 0.0}
列 'p' 不存在，对列 state 不过滤，直接选择所有非无效值。
clean_bool length:3
newest best op: Uniop(df,'state','@@%AZ',(['brewery_id'], {('30',)}),{left: ("[FunctionalDependency:(s: {brewery_id}, t: {state})]", 0.0), operator: *, right: (1.0, 1.0), result: 0.0})
now error: 0.0
newest best op: Uniop(df,'state','AZ',(['brewery_id'], {('30',)}),{left: ("[FunctionalDependency:(s: {brewery_id}, t: {state})]", 0.0), operator: *, right: (1.0, 1.0), result: 0.0})
now error: 0.0
Block processing time: 0.035461 seconds
Computing Block 502 out of 796
Processing Block size=2
begin cleaner{left: ("[FunctionalDependency:(s: {brewery_id}, t: {state})]", 0.0), operator: *, right: (1.0, 1.0), result: 0.0}
列 'p' 不存在，对列 state 不过滤，直接选择所有非无效值。
Block processing time: 0.001514 seconds
Computing Block 503 out of 796
Processing Block size=2
begin cleaner{left: ("[FunctionalDependency:(s: {brewery_id}, t: {state})]", 0.0), operator: *, right: (1.0, 1.0), result: 0.0}
列 'p' 不存在，对列 state 不过滤，直接选择所有非无效值。
Block processing time: 0.00149 seconds
Computing Block 504 out of 796
Processing Block size=12
begin cleaner{left: ("[FunctionalDependency:(s: {brewery_id}, t: {state})]", 0.0), operator: *, right: (1.0, 1.0), result: 0.0}
列 'p' 不存在，对列 state 不过滤，直接选择所有非无效值。
clean_bool length:3
newest best op: Uniop(df,'state','??%IL',(['brewery_id'], {('175',)}),{left: ("[FunctionalDependency:(s: {brewery_id}, t: {state})]", 0.0), operator: *, right: (1.0, 1.0), result: 0.0})
now error: 0.0
newest best op: Uniop(df,'state','IL',(['brewery_id'], {('175',)}),{left: ("[FunctionalDependency:(s: {brewery_id}, t: {state})]", 0.0), operator: *, right: (1.0, 1.0), result: 0.0})
now error: 0.0
Block processing time: 0.028794 seconds
Computing Block 508 out of 796
Processing Block size=22
begin cleaner{left: ("[FunctionalDependency:(s: {brewery_id}, t: {state})]", 0.0), operator: *, right: (1.0, 1.0), result: 0.0}
列 'p' 不存在，对列 state 不过滤，直接选择所有非无效值。
clean_bool length:6
newest best op: Uniop(df,'state','WI',(['brewery_id'], {('131',)}),{left: ("[FunctionalDependency:(s: {brewery_id}, t: {state})]", 0.0), operator: *, right: (1.0, 1.0), result: 0.0})
now error: 0.0
Block processing time: 0.100306 seconds
Computing Block 510 out of 796
Processing Block size=8
begin cleaner{left: ("[FunctionalDependency:(s: {brewery_id}, t: {state})]", 0.0), operator: *, right: (1.0, 1.0), result: 0.0}
列 'p' 不存在，对列 state 不过滤，直接选择所有非无效值。
clean_bool length:3
newest best op: Uniop(df,'state','I??L$',(['brewery_id'], {('44',)}),{left: ("[FunctionalDependency:(s: {brewery_id}, t: {state})]", 0.0), operator: *, right: (1.0, 1.0), result: 0.0})
now error: 0.0
newest best op: Uniop(df,'state','IL',(['brewery_id'], {('44',)}),{left: ("[FunctionalDependency:(s: {brewery_id}, t: {state})]", 0.0), operator: *, right: (1.0, 1.0), result: 0.0})
now error: 0.0
Block processing time: 0.019054 seconds
Computing Block 511 out of 796
Processing Block size=3
begin cleaner{left: ("[FunctionalDependency:(s: {brewery_id}, t: {state})]", 0.0), operator: *, right: (1.0, 1.0), result: 0.0}
列 'p' 不存在，对列 state 不过滤，直接选择所有非无效值。
Block processing time: 0.002419 seconds
Computing Block 514 out of 796
Processing Block size=7
begin cleaner{left: ("[FunctionalDependency:(s: {brewery_id}, t: {state})]", 0.0), operator: *, right: (1.0, 1.0), result: 0.0}
列 'p' 不存在，对列 state 不过滤，直接选择所有非无效值。
Block processing time: 0.005355 seconds
Computing Block 515 out of 796
Processing Block size=2
begin cleaner{left: ("[FunctionalDependency:(s: {brewery_id}, t: {state})]", 0.0), operator: *, right: (1.0, 1.0), result: 0.0}
列 'p' 不存在，对列 state 不过滤，直接选择所有非无效值。
clean_bool length:3
newest best op: Uniop(df,'state','CO',(['brewery_id'], {('417',)}),{left: ("[FunctionalDependency:(s: {brewery_id}, t: {state})]", 0.0), operator: *, right: (1.0, 1.0), result: 0.0})
now error: 0.0
Block processing time: 0.005373 seconds
Computing Block 516 out of 796
Processing Block size=4
begin cleaner{left: ("[FunctionalDependency:(s: {brewery_id}, t: {state})]", 0.0), operator: *, right: (1.0, 1.0), result: 0.0}
列 'p' 不存在，对列 state 不过滤，直接选择所有非无效值。
Block processing time: 0.002893 seconds
Computing Block 517 out of 796
Processing Block size=3
begin cleaner{left: ("[FunctionalDependency:(s: {brewery_id}, t: {state})]", 0.0), operator: *, right: (1.0, 1.0), result: 0.0}
列 'p' 不存在，对列 state 不过滤，直接选择所有非无效值。
clean_bool length:3
newest best op: Uniop(df,'state','#NC',(['brewery_id'], {('433',)}),{left: ("[FunctionalDependency:(s: {brewery_id}, t: {state})]", 0.0), operator: *, right: (1.0, 1.0), result: 0.0})
now error: 0.0
newest best op: Uniop(df,'state','NC',(['brewery_id'], {('433',)}),{left: ("[FunctionalDependency:(s: {brewery_id}, t: {state})]", 0.0), operator: *, right: (1.0, 1.0), result: 0.0})
now error: 0.0
Block processing time: 0.00745 seconds
Computing Block 518 out of 796
Processing Block size=2
begin cleaner{left: ("[FunctionalDependency:(s: {brewery_id}, t: {state})]", 0.0), operator: *, right: (1.0, 1.0), result: 0.0}
列 'p' 不存在，对列 state 不过滤，直接选择所有非无效值。
clean_bool length:3
newest best op: Uniop(df,'state','MI',(['brewery_id'], {('541',)}),{left: ("[FunctionalDependency:(s: {brewery_id}, t: {state})]", 0.0), operator: *, right: (1.0, 1.0), result: 0.0})
now error: 0.0
Block processing time: 0.005049 seconds
Computing Block 519 out of 796
Processing Block size=5
begin cleaner{left: ("[FunctionalDependency:(s: {brewery_id}, t: {state})]", 0.0), operator: *, right: (1.0, 1.0), result: 0.0}
列 'p' 不存在，对列 state 不过滤，直接选择所有非无效值。
clean_bool length:4
newest best op: Uniop(df,'state','UT',(['brewery_id'], {('364',)}),{left: ("[FunctionalDependency:(s: {brewery_id}, t: {state})]", 0.0), operator: *, right: (1.0, 1.0), result: 0.0})
now error: 0.0
Block processing time: 0.015178 seconds
Computing Block 520 out of 796
Processing Block size=28
begin cleaner{left: ("[FunctionalDependency:(s: {brewery_id}, t: {state})]", 0.0), operator: *, right: (1.0, 1.0), result: 0.0}
列 'p' 不存在，对列 state 不过滤，直接选择所有非无效值。
clean_bool length:7
newest best op: Uniop(df,'state','CO',(['brewery_id'], {('166',)}),{left: ("[FunctionalDependency:(s: {brewery_id}, t: {state})]", 0.0), operator: *, right: (1.0, 1.0), result: 0.0})
now error: 0.0
Block processing time: 0.138387 seconds
Computing Block 521 out of 796
Processing Block size=3
begin cleaner{left: ("[FunctionalDependency:(s: {brewery_id}, t: {state})]", 0.0), operator: *, right: (1.0, 1.0), result: 0.0}
列 'p' 不存在，对列 state 不过滤，直接选择所有非无效值。
clean_bool length:4
newest best op: Uniop(df,'state','CO',(['brewery_id'], {('119',)}),{left: ("[FunctionalDependency:(s: {brewery_id}, t: {state})]", 0.0), operator: *, right: (1.0, 1.0), result: 0.0})
now error: 0.0
Block processing time: 0.00952 seconds
Computing Block 524 out of 796
Processing Block size=2
begin cleaner{left: ("[FunctionalDependency:(s: {brewery_id}, t: {state})]", 0.0), operator: *, right: (1.0, 1.0), result: 0.0}
列 'p' 不存在，对列 state 不过滤，直接选择所有非无效值。
clean_bool length:3
newest best op: Uniop(df,'state','MO',(['brewery_id'], {('87',)}),{left: ("[FunctionalDependency:(s: {brewery_id}, t: {state})]", 0.0), operator: *, right: (1.0, 1.0), result: 0.0})
now error: 0.0
Block processing time: 0.005034 seconds
Computing Block 526 out of 796
Processing Block size=5
begin cleaner{left: ("[FunctionalDependency:(s: {brewery_id}, t: {state})]", 0.0), operator: *, right: (1.0, 1.0), result: 0.0}
列 'p' 不存在，对列 state 不过滤，直接选择所有非无效值。
clean_bool length:3
newest best op: Uniop(df,'state','WI',(['brewery_id'], {('32',)}),{left: ("[FunctionalDependency:(s: {brewery_id}, t: {state})]", 0.0), operator: *, right: (1.0, 1.0), result: 0.0})
now error: 0.0
Block processing time: 0.011171 seconds
Computing Block 527 out of 796
Processing Block size=4
begin cleaner{left: ("[FunctionalDependency:(s: {brewery_id}, t: {state})]", 0.0), operator: *, right: (1.0, 1.0), result: 0.0}
列 'p' 不存在，对列 state 不过滤，直接选择所有非无效值。
Block processing time: 0.002889 seconds
Computing Block 530 out of 796
Processing Block size=3
begin cleaner{left: ("[FunctionalDependency:(s: {brewery_id}, t: {state})]", 0.0), operator: *, right: (1.0, 1.0), result: 0.0}
列 'p' 不存在，对列 state 不过滤，直接选择所有非无效值。
Block processing time: 0.002193 seconds
Computing Block 532 out of 796
Processing Block size=2
begin cleaner{left: ("[FunctionalDependency:(s: {brewery_id}, t: {state})]", 0.0), operator: *, right: (1.0, 1.0), result: 0.0}
列 'p' 不存在，对列 state 不过滤，直接选择所有非无效值。
Block processing time: 0.001533 seconds
Computing Block 533 out of 796
Processing Block size=4
begin cleaner{left: ("[FunctionalDependency:(s: {brewery_id}, t: {state})]", 0.0), operator: *, right: (1.0, 1.0), result: 0.0}
列 'p' 不存在，对列 state 不过滤，直接选择所有非无效值。
Block processing time: 0.002874 seconds
Computing Block 534 out of 796
Processing Block size=4
begin cleaner{left: ("[FunctionalDependency:(s: {brewery_id}, t: {state})]", 0.0), operator: *, right: (1.0, 1.0), result: 0.0}
列 'p' 不存在，对列 state 不过滤，直接选择所有非无效值。
Block processing time: 0.002861 seconds
Computing Block 535 out of 796
Processing Block size=3
begin cleaner{left: ("[FunctionalDependency:(s: {brewery_id}, t: {state})]", 0.0), operator: *, right: (1.0, 1.0), result: 0.0}
列 'p' 不存在，对列 state 不过滤，直接选择所有非无效值。
Block processing time: 0.002205 seconds
Computing Block 536 out of 796
Processing Block size=4
begin cleaner{left: ("[FunctionalDependency:(s: {brewery_id}, t: {state})]", 0.0), operator: *, right: (1.0, 1.0), result: 0.0}
列 'p' 不存在，对列 state 不过滤，直接选择所有非无效值。
clean_bool length:3
newest best op: Uniop(df,'state','VA',(['brewery_id'], {('236',)}),{left: ("[FunctionalDependency:(s: {brewery_id}, t: {state})]", 0.0), operator: *, right: (1.0, 1.0), result: 0.0})
now error: 0.0
Block processing time: 0.009162 seconds
Computing Block 537 out of 796
Processing Block size=2
begin cleaner{left: ("[FunctionalDependency:(s: {brewery_id}, t: {state})]", 0.0), operator: *, right: (1.0, 1.0), result: 0.0}
列 'p' 不存在，对列 state 不过滤，直接选择所有非无效值。
Block processing time: 0.0015 seconds
Computing Block 538 out of 796
Processing Block size=2
begin cleaner{left: ("[FunctionalDependency:(s: {brewery_id}, t: {state})]", 0.0), operator: *, right: (1.0, 1.0), result: 0.0}
列 'p' 不存在，对列 state 不过滤，直接选择所有非无效值。
Block processing time: 0.001495 seconds
Computing Block 539 out of 796
Processing Block size=2
begin cleaner{left: ("[FunctionalDependency:(s: {brewery_id}, t: {state})]", 0.0), operator: *, right: (1.0, 1.0), result: 0.0}
列 'p' 不存在，对列 state 不过滤，直接选择所有非无效值。
Block processing time: 0.001488 seconds
Computing Block 544 out of 796
Processing Block size=3
begin cleaner{left: ("[FunctionalDependency:(s: {brewery_id}, t: {state})]", 0.0), operator: *, right: (1.0, 1.0), result: 0.0}
列 'p' 不存在，对列 state 不过滤，直接选择所有非无效值。
clean_bool length:3
newest best op: Uniop(df,'state','CA',(['brewery_id'], {('370',)}),{left: ("[FunctionalDependency:(s: {brewery_id}, t: {state})]", 0.0), operator: *, right: (1.0, 1.0), result: 0.0})
now error: 0.0
Block processing time: 0.007038 seconds
Computing Block 546 out of 796
Processing Block size=2
begin cleaner{left: ("[FunctionalDependency:(s: {brewery_id}, t: {state})]", 0.0), operator: *, right: (1.0, 1.0), result: 0.0}
列 'p' 不存在，对列 state 不过滤，直接选择所有非无效值。
clean_bool length:3
newest best op: Uniop(df,'state','%#TX',(['brewery_id'], {('213',)}),{left: ("[FunctionalDependency:(s: {brewery_id}, t: {state})]", 0.0), operator: *, right: (1.0, 1.0), result: 0.0})
now error: 0.0
Block processing time: 0.005094 seconds
Computing Block 549 out of 796
Processing Block size=3
begin cleaner{left: ("[FunctionalDependency:(s: {brewery_id}, t: {state})]", 0.0), operator: *, right: (1.0, 1.0), result: 0.0}
列 'p' 不存在，对列 state 不过滤，直接选择所有非无效值。
clean_bool length:3
newest best op: Uniop(df,'state','M$T$',(['brewery_id'], {('499',)}),{left: ("[FunctionalDependency:(s: {brewery_id}, t: {state})]", 0.0), operator: *, right: (1.0, 1.0), result: 0.0})
now error: 0.0
newest best op: Uniop(df,'state','MT',(['brewery_id'], {('499',)}),{left: ("[FunctionalDependency:(s: {brewery_id}, t: {state})]", 0.0), operator: *, right: (1.0, 1.0), result: 0.0})
now error: 0.0
Block processing time: 0.007045 seconds
Computing Block 554 out of 796
Processing Block size=4
begin cleaner{left: ("[FunctionalDependency:(s: {brewery_id}, t: {state})]", 0.0), operator: *, right: (1.0, 1.0), result: 0.0}
列 'p' 不存在，对列 state 不过滤，直接选择所有非无效值。
Block processing time: 0.002867 seconds
Computing Block 555 out of 796
Processing Block size=2
begin cleaner{left: ("[FunctionalDependency:(s: {brewery_id}, t: {state})]", 0.0), operator: *, right: (1.0, 1.0), result: 0.0}
列 'p' 不存在，对列 state 不过滤，直接选择所有非无效值。
Block processing time: 0.001486 seconds
Computing Block 556 out of 796
Processing Block size=8
begin cleaner{left: ("[FunctionalDependency:(s: {brewery_id}, t: {state})]", 0.0), operator: *, right: (1.0, 1.0), result: 0.0}
列 'p' 不存在，对列 state 不过滤，直接选择所有非无效值。
clean_bool length:3
newest best op: Uniop(df,'state','WA??',(['brewery_id'], {('190',)}),{left: ("[FunctionalDependency:(s: {brewery_id}, t: {state})]", 0.0), operator: *, right: (1.0, 1.0), result: 0.0})
now error: 0.0
newest best op: Uniop(df,'state','WA',(['brewery_id'], {('190',)}),{left: ("[FunctionalDependency:(s: {brewery_id}, t: {state})]", 0.0), operator: *, right: (1.0, 1.0), result: 0.0})
now error: 0.0
Block processing time: 0.017267 seconds
Computing Block 557 out of 796
Processing Block size=4
begin cleaner{left: ("[FunctionalDependency:(s: {brewery_id}, t: {state})]", 0.0), operator: *, right: (1.0, 1.0), result: 0.0}
列 'p' 不存在，对列 state 不过滤，直接选择所有非无效值。
clean_bool length:3
newest best op: Uniop(df,'state','@@V??T',(['brewery_id'], {('172',)}),{left: ("[FunctionalDependency:(s: {brewery_id}, t: {state})]", 0.0), operator: *, right: (1.0, 1.0), result: 0.0})
now error: 0.0
newest best op: Uniop(df,'state','VT',(['brewery_id'], {('172',)}),{left: ("[FunctionalDependency:(s: {brewery_id}, t: {state})]", 0.0), operator: *, right: (1.0, 1.0), result: 0.0})
now error: 0.0
Block processing time: 0.00927 seconds
Computing Block 559 out of 796
Processing Block size=5
begin cleaner{left: ("[FunctionalDependency:(s: {brewery_id}, t: {state})]", 0.0), operator: *, right: (1.0, 1.0), result: 0.0}
列 'p' 不存在，对列 state 不过滤，直接选择所有非无效值。
Block processing time: 0.003575 seconds
Computing Block 561 out of 796
Processing Block size=3
begin cleaner{left: ("[FunctionalDependency:(s: {brewery_id}, t: {state})]", 0.0), operator: *, right: (1.0, 1.0), result: 0.0}
列 'p' 不存在，对列 state 不过滤，直接选择所有非无效值。
clean_bool length:3
newest best op: Uniop(df,'state','OR$',(['brewery_id'], {('296',)}),{left: ("[FunctionalDependency:(s: {brewery_id}, t: {state})]", 0.0), operator: *, right: (1.0, 1.0), result: 0.0})
now error: 0.0
newest best op: Uniop(df,'state','OR',(['brewery_id'], {('296',)}),{left: ("[FunctionalDependency:(s: {brewery_id}, t: {state})]", 0.0), operator: *, right: (1.0, 1.0), result: 0.0})
now error: 0.0
Block processing time: 0.007119 seconds
Computing Block 563 out of 796
Processing Block size=6
begin cleaner{left: ("[FunctionalDependency:(s: {brewery_id}, t: {state})]", 0.0), operator: *, right: (1.0, 1.0), result: 0.0}
列 'p' 不存在，对列 state 不过滤，直接选择所有非无效值。
Block processing time: 0.004246 seconds
Computing Block 564 out of 796
Processing Block size=2
begin cleaner{left: ("[FunctionalDependency:(s: {brewery_id}, t: {state})]", 0.0), operator: *, right: (1.0, 1.0), result: 0.0}
列 'p' 不存在，对列 state 不过滤，直接选择所有非无效值。
Block processing time: 0.001491 seconds
Computing Block 565 out of 796
Processing Block size=7
begin cleaner{left: ("[FunctionalDependency:(s: {brewery_id}, t: {state})]", 0.0), operator: *, right: (1.0, 1.0), result: 0.0}
列 'p' 不存在，对列 state 不过滤，直接选择所有非无效值。
clean_bool length:3
newest best op: Uniop(df,'state','OH',(['brewery_id'], {('93',)}),{left: ("[FunctionalDependency:(s: {brewery_id}, t: {state})]", 0.0), operator: *, right: (1.0, 1.0), result: 0.0})
now error: 0.0
Block processing time: 0.015214 seconds
Computing Block 566 out of 796
Processing Block size=2
begin cleaner{left: ("[FunctionalDependency:(s: {brewery_id}, t: {state})]", 0.0), operator: *, right: (1.0, 1.0), result: 0.0}
列 'p' 不存在，对列 state 不过滤，直接选择所有非无效值。
Block processing time: 0.001523 seconds
Computing Block 567 out of 796
Processing Block size=2
begin cleaner{left: ("[FunctionalDependency:(s: {brewery_id}, t: {state})]", 0.0), operator: *, right: (1.0, 1.0), result: 0.0}
列 'p' 不存在，对列 state 不过滤，直接选择所有非无效值。
Block processing time: 0.001492 seconds
Computing Block 569 out of 796
Processing Block size=3
begin cleaner{left: ("[FunctionalDependency:(s: {brewery_id}, t: {state})]", 0.0), operator: *, right: (1.0, 1.0), result: 0.0}
列 'p' 不存在，对列 state 不过滤，直接选择所有非无效值。
clean_bool length:3
newest best op: Uniop(df,'state','@@OK',(['brewery_id'], {('376',)}),{left: ("[FunctionalDependency:(s: {brewery_id}, t: {state})]", 0.0), operator: *, right: (1.0, 1.0), result: 0.0})
now error: 0.0
newest best op: Uniop(df,'state','OK',(['brewery_id'], {('376',)}),{left: ("[FunctionalDependency:(s: {brewery_id}, t: {state})]", 0.0), operator: *, right: (1.0, 1.0), result: 0.0})
now error: 0.0
Block processing time: 0.007014 seconds
Computing Block 570 out of 796
Processing Block size=8
begin cleaner{left: ("[FunctionalDependency:(s: {brewery_id}, t: {state})]", 0.0), operator: *, right: (1.0, 1.0), result: 0.0}
列 'p' 不存在，对列 state 不过滤，直接选择所有非无效值。
Block processing time: 0.005632 seconds
Computing Block 571 out of 796
Processing Block size=2
begin cleaner{left: ("[FunctionalDependency:(s: {brewery_id}, t: {state})]", 0.0), operator: *, right: (1.0, 1.0), result: 0.0}
列 'p' 不存在，对列 state 不过滤，直接选择所有非无效值。
Block processing time: 0.001493 seconds
Computing Block 573 out of 796
Processing Block size=11
begin cleaner{left: ("[FunctionalDependency:(s: {brewery_id}, t: {state})]", 0.0), operator: *, right: (1.0, 1.0), result: 0.0}
列 'p' 不存在，对列 state 不过滤，直接选择所有非无效值。
clean_bool length:5
newest best op: Uniop(df,'state','@@CO$',(['brewery_id'], {('264',)}),{left: ("[FunctionalDependency:(s: {brewery_id}, t: {state})]", 0.0), operator: *, right: (1.0, 1.0), result: 0.0})
now error: 0.0
newest best op: Uniop(df,'state','CO',(['brewery_id'], {('264',)}),{left: ("[FunctionalDependency:(s: {brewery_id}, t: {state})]", 0.0), operator: *, right: (1.0, 1.0), result: 0.0})
now error: 0.0
Block processing time: 0.039382 seconds
Computing Block 575 out of 796
Processing Block size=4
begin cleaner{left: ("[FunctionalDependency:(s: {brewery_id}, t: {state})]", 0.0), operator: *, right: (1.0, 1.0), result: 0.0}
列 'p' 不存在，对列 state 不过滤，直接选择所有非无效值。
clean_bool length:3
newest best op: Uniop(df,'state','MI',(['brewery_id'], {('59',)}),{left: ("[FunctionalDependency:(s: {brewery_id}, t: {state})]", 0.0), operator: *, right: (1.0, 1.0), result: 0.0})
now error: 0.0
Block processing time: 0.009593 seconds
Computing Block 576 out of 796
Processing Block size=4
begin cleaner{left: ("[FunctionalDependency:(s: {brewery_id}, t: {state})]", 0.0), operator: *, right: (1.0, 1.0), result: 0.0}
列 'p' 不存在，对列 state 不过滤，直接选择所有非无效值。
Block processing time: 0.002969 seconds
Computing Block 577 out of 796
Processing Block size=4
begin cleaner{left: ("[FunctionalDependency:(s: {brewery_id}, t: {state})]", 0.0), operator: *, right: (1.0, 1.0), result: 0.0}
列 'p' 不存在，对列 state 不过滤，直接选择所有非无效值。
Block processing time: 0.002867 seconds
Computing Block 578 out of 796
Processing Block size=4
begin cleaner{left: ("[FunctionalDependency:(s: {brewery_id}, t: {state})]", 0.0), operator: *, right: (1.0, 1.0), result: 0.0}
列 'p' 不存在，对列 state 不过滤，直接选择所有非无效值。
Block processing time: 0.002956 seconds
Computing Block 579 out of 796
Processing Block size=2
begin cleaner{left: ("[FunctionalDependency:(s: {brewery_id}, t: {state})]", 0.0), operator: *, right: (1.0, 1.0), result: 0.0}
列 'p' 不存在，对列 state 不过滤，直接选择所有非无效值。
clean_bool length:3
newest best op: Uniop(df,'state','ME',(['brewery_id'], {('42',)}),{left: ("[FunctionalDependency:(s: {brewery_id}, t: {state})]", 0.0), operator: *, right: (1.0, 1.0), result: 0.0})
now error: 0.0
Block processing time: 0.004993 seconds
Computing Block 582 out of 796
Processing Block size=11
begin cleaner{left: ("[FunctionalDependency:(s: {brewery_id}, t: {state})]", 0.0), operator: *, right: (1.0, 1.0), result: 0.0}
列 'p' 不存在，对列 state 不过滤，直接选择所有非无效值。
Block processing time: 0.007673 seconds
Computing Block 584 out of 796
Processing Block size=5
begin cleaner{left: ("[FunctionalDependency:(s: {brewery_id}, t: {state})]", 0.0), operator: *, right: (1.0, 1.0), result: 0.0}
列 'p' 不存在，对列 state 不过滤，直接选择所有非无效值。
Block processing time: 0.003703 seconds
Computing Block 585 out of 796
Processing Block size=3
begin cleaner{left: ("[FunctionalDependency:(s: {brewery_id}, t: {state})]", 0.0), operator: *, right: (1.0, 1.0), result: 0.0}
列 'p' 不存在，对列 state 不过滤，直接选择所有非无效值。
Block processing time: 0.002176 seconds
Computing Block 587 out of 796
Processing Block size=3
begin cleaner{left: ("[FunctionalDependency:(s: {brewery_id}, t: {state})]", 0.0), operator: *, right: (1.0, 1.0), result: 0.0}
列 'p' 不存在，对列 state 不过滤，直接选择所有非无效值。
Block processing time: 0.002187 seconds
Computing Block 589 out of 796
Processing Block size=4
begin cleaner{left: ("[FunctionalDependency:(s: {brewery_id}, t: {state})]", 0.0), operator: *, right: (1.0, 1.0), result: 0.0}
列 'p' 不存在，对列 state 不过滤，直接选择所有非无效值。
Block processing time: 0.002884 seconds
Computing Block 591 out of 796
Processing Block size=22
begin cleaner{left: ("[FunctionalDependency:(s: {brewery_id}, t: {state})]", 0.0), operator: *, right: (1.0, 1.0), result: 0.0}
列 'p' 不存在，对列 state 不过滤，直接选择所有非无效值。
clean_bool length:5
newest best op: Uniop(df,'state','OR@@??',(['brewery_id'], {('80',)}),{left: ("[FunctionalDependency:(s: {brewery_id}, t: {state})]", 0.0), operator: *, right: (1.0, 1.0), result: 0.0})
now error: 0.0
newest best op: Uniop(df,'state','OR',(['brewery_id'], {('80',)}),{left: ("[FunctionalDependency:(s: {brewery_id}, t: {state})]", 0.0), operator: *, right: (1.0, 1.0), result: 0.0})
now error: 0.0
Block processing time: 0.077001 seconds
Computing Block 592 out of 796
Processing Block size=3
begin cleaner{left: ("[FunctionalDependency:(s: {brewery_id}, t: {state})]", 0.0), operator: *, right: (1.0, 1.0), result: 0.0}
列 'p' 不存在，对列 state 不过滤，直接选择所有非无效值。
Block processing time: 0.002193 seconds
Computing Block 593 out of 796
Processing Block size=5
begin cleaner{left: ("[FunctionalDependency:(s: {brewery_id}, t: {state})]", 0.0), operator: *, right: (1.0, 1.0), result: 0.0}
列 'p' 不存在，对列 state 不过滤，直接选择所有非无效值。
clean_bool length:4
newest best op: Uniop(df,'state','%H??I',(['brewery_id'], {('204',)}),{left: ("[FunctionalDependency:(s: {brewery_id}, t: {state})]", 0.0), operator: *, right: (1.0, 1.0), result: 0.0})
now error: 0.0
newest best op: Uniop(df,'state','HI',(['brewery_id'], {('204',)}),{left: ("[FunctionalDependency:(s: {brewery_id}, t: {state})]", 0.0), operator: *, right: (1.0, 1.0), result: 0.0})
now error: 0.0
Block processing time: 0.015469 seconds
Computing Block 594 out of 796
Processing Block size=6
begin cleaner{left: ("[FunctionalDependency:(s: {brewery_id}, t: {state})]", 0.0), operator: *, right: (1.0, 1.0), result: 0.0}
列 'p' 不存在，对列 state 不过滤，直接选择所有非无效值。
Block processing time: 0.004662 seconds
Computing Block 595 out of 796
Processing Block size=2
begin cleaner{left: ("[FunctionalDependency:(s: {brewery_id}, t: {state})]", 0.0), operator: *, right: (1.0, 1.0), result: 0.0}
列 'p' 不存在，对列 state 不过滤，直接选择所有非无效值。
clean_bool length:3
newest best op: Uniop(df,'state','AZ??',(['brewery_id'], {('548',)}),{left: ("[FunctionalDependency:(s: {brewery_id}, t: {state})]", 0.0), operator: *, right: (1.0, 1.0), result: 0.0})
now error: 0.0
Block processing time: 0.005479 seconds
Computing Block 596 out of 796
Processing Block size=2
begin cleaner{left: ("[FunctionalDependency:(s: {brewery_id}, t: {state})]", 0.0), operator: *, right: (1.0, 1.0), result: 0.0}
列 'p' 不存在，对列 state 不过滤，直接选择所有非无效值。
Block processing time: 0.00162 seconds
Computing Block 597 out of 796
Processing Block size=3
begin cleaner{left: ("[FunctionalDependency:(s: {brewery_id}, t: {state})]", 0.0), operator: *, right: (1.0, 1.0), result: 0.0}
列 'p' 不存在，对列 state 不过滤，直接选择所有非无效值。
clean_bool length:3
newest best op: Uniop(df,'state','H??I@@',(['brewery_id'], {('439',)}),{left: ("[FunctionalDependency:(s: {brewery_id}, t: {state})]", 0.0), operator: *, right: (1.0, 1.0), result: 0.0})
now error: 0.0
newest best op: Uniop(df,'state','HI',(['brewery_id'], {('439',)}),{left: ("[FunctionalDependency:(s: {brewery_id}, t: {state})]", 0.0), operator: *, right: (1.0, 1.0), result: 0.0})
now error: 0.0
Block processing time: 0.007633 seconds
Computing Block 600 out of 796
Processing Block size=3
begin cleaner{left: ("[FunctionalDependency:(s: {brewery_id}, t: {state})]", 0.0), operator: *, right: (1.0, 1.0), result: 0.0}
列 'p' 不存在，对列 state 不过滤，直接选择所有非无效值。
clean_bool length:3
newest best op: Uniop(df,'state','CO#',(['brewery_id'], {('496',)}),{left: ("[FunctionalDependency:(s: {brewery_id}, t: {state})]", 0.0), operator: *, right: (1.0, 1.0), result: 0.0})
now error: 0.0
newest best op: Uniop(df,'state','CO',(['brewery_id'], {('496',)}),{left: ("[FunctionalDependency:(s: {brewery_id}, t: {state})]", 0.0), operator: *, right: (1.0, 1.0), result: 0.0})
now error: 0.0
Block processing time: 0.007636 seconds
Computing Block 601 out of 796
Processing Block size=32
begin cleaner{left: ("[FunctionalDependency:(s: {brewery_id}, t: {state})]", 0.0), operator: *, right: (1.0, 1.0), result: 0.0}
列 'p' 不存在，对列 state 不过滤，直接选择所有非无效值。
clean_bool length:5
newest best op: Uniop(df,'state','I@@N',(['brewery_id'], {('25',)}),{left: ("[FunctionalDependency:(s: {brewery_id}, t: {state})]", 0.0), operator: *, right: (1.0, 1.0), result: 0.0})
now error: 0.0
newest best op: Uniop(df,'state','IN',(['brewery_id'], {('25',)}),{left: ("[FunctionalDependency:(s: {brewery_id}, t: {state})]", 0.0), operator: *, right: (1.0, 1.0), result: 0.0})
now error: 0.0
Block processing time: 0.119152 seconds
Computing Block 605 out of 796
Processing Block size=10
begin cleaner{left: ("[FunctionalDependency:(s: {brewery_id}, t: {state})]", 0.0), operator: *, right: (1.0, 1.0), result: 0.0}
列 'p' 不存在，对列 state 不过滤，直接选择所有非无效值。
Block processing time: 0.007837 seconds
Computing Block 606 out of 796
Processing Block size=3
begin cleaner{left: ("[FunctionalDependency:(s: {brewery_id}, t: {state})]", 0.0), operator: *, right: (1.0, 1.0), result: 0.0}
列 'p' 不存在，对列 state 不过滤，直接选择所有非无效值。
Block processing time: 0.002407 seconds
Computing Block 607 out of 796
Processing Block size=5
begin cleaner{left: ("[FunctionalDependency:(s: {brewery_id}, t: {state})]", 0.0), operator: *, right: (1.0, 1.0), result: 0.0}
列 'p' 不存在，对列 state 不过滤，直接选择所有非无效值。
Block processing time: 0.003891 seconds
Computing Block 609 out of 796
Processing Block size=2
begin cleaner{left: ("[FunctionalDependency:(s: {brewery_id}, t: {state})]", 0.0), operator: *, right: (1.0, 1.0), result: 0.0}
列 'p' 不存在，对列 state 不过滤，直接选择所有非无效值。
Block processing time: 0.001644 seconds
Computing Block 613 out of 796
Processing Block size=3
begin cleaner{left: ("[FunctionalDependency:(s: {brewery_id}, t: {state})]", 0.0), operator: *, right: (1.0, 1.0), result: 0.0}
列 'p' 不存在，对列 state 不过滤，直接选择所有非无效值。
Block processing time: 0.002408 seconds
Computing Block 616 out of 796
Processing Block size=3
begin cleaner{left: ("[FunctionalDependency:(s: {brewery_id}, t: {state})]", 0.0), operator: *, right: (1.0, 1.0), result: 0.0}
列 'p' 不存在，对列 state 不过滤，直接选择所有非无效值。
Block processing time: 0.002379 seconds
Computing Block 617 out of 796
Processing Block size=2
begin cleaner{left: ("[FunctionalDependency:(s: {brewery_id}, t: {state})]", 0.0), operator: *, right: (1.0, 1.0), result: 0.0}
列 'p' 不存在，对列 state 不过滤，直接选择所有非无效值。
Block processing time: 0.00155 seconds
Computing Block 619 out of 796
Processing Block size=10
begin cleaner{left: ("[FunctionalDependency:(s: {brewery_id}, t: {state})]", 0.0), operator: *, right: (1.0, 1.0), result: 0.0}
列 'p' 不存在，对列 state 不过滤，直接选择所有非无效值。
Block processing time: 0.007043 seconds
Computing Block 620 out of 796
Processing Block size=2
begin cleaner{left: ("[FunctionalDependency:(s: {brewery_id}, t: {state})]", 0.0), operator: *, right: (1.0, 1.0), result: 0.0}
列 'p' 不存在，对列 state 不过滤，直接选择所有非无效值。
Block processing time: 0.001528 seconds
Computing Block 628 out of 796
Processing Block size=4
begin cleaner{left: ("[FunctionalDependency:(s: {brewery_id}, t: {state})]", 0.0), operator: *, right: (1.0, 1.0), result: 0.0}
列 'p' 不存在，对列 state 不过滤，直接选择所有非无效值。
Block processing time: 0.002907 seconds
Computing Block 630 out of 796
Processing Block size=2
begin cleaner{left: ("[FunctionalDependency:(s: {brewery_id}, t: {state})]", 0.0), operator: *, right: (1.0, 1.0), result: 0.0}
列 'p' 不存在，对列 state 不过滤，直接选择所有非无效值。
Block processing time: 0.001497 seconds
Computing Block 632 out of 796
Processing Block size=2
begin cleaner{left: ("[FunctionalDependency:(s: {brewery_id}, t: {state})]", 0.0), operator: *, right: (1.0, 1.0), result: 0.0}
列 'p' 不存在，对列 state 不过滤，直接选择所有非无效值。
Block processing time: 0.001515 seconds
Computing Block 633 out of 796
Processing Block size=5
begin cleaner{left: ("[FunctionalDependency:(s: {brewery_id}, t: {state})]", 0.0), operator: *, right: (1.0, 1.0), result: 0.0}
列 'p' 不存在，对列 state 不过滤，直接选择所有非无效值。
Block processing time: 0.003676 seconds
Computing Block 635 out of 796
Processing Block size=5
begin cleaner{left: ("[FunctionalDependency:(s: {brewery_id}, t: {state})]", 0.0), operator: *, right: (1.0, 1.0), result: 0.0}
列 'p' 不存在，对列 state 不过滤，直接选择所有非无效值。
clean_bool length:3
newest best op: Uniop(df,'state','PA',(['brewery_id'], {('322',)}),{left: ("[FunctionalDependency:(s: {brewery_id}, t: {state})]", 0.0), operator: *, right: (1.0, 1.0), result: 0.0})
now error: 0.0
Block processing time: 0.011163 seconds
Computing Block 644 out of 796
Processing Block size=6
begin cleaner{left: ("[FunctionalDependency:(s: {brewery_id}, t: {state})]", 0.0), operator: *, right: (1.0, 1.0), result: 0.0}
列 'p' 不存在，对列 state 不过滤，直接选择所有非无效值。
clean_bool length:3
newest best op: Uniop(df,'state','%#IL',(['brewery_id'], {('57',)}),{left: ("[FunctionalDependency:(s: {brewery_id}, t: {state})]", 0.0), operator: *, right: (1.0, 1.0), result: 0.0})
now error: 0.0
newest best op: Uniop(df,'state','IL',(['brewery_id'], {('57',)}),{left: ("[FunctionalDependency:(s: {brewery_id}, t: {state})]", 0.0), operator: *, right: (1.0, 1.0), result: 0.0})
now error: 0.0
Block processing time: 0.013181 seconds
Computing Block 646 out of 796
Processing Block size=6
begin cleaner{left: ("[FunctionalDependency:(s: {brewery_id}, t: {state})]", 0.0), operator: *, right: (1.0, 1.0), result: 0.0}
列 'p' 不存在，对列 state 不过滤，直接选择所有非无效值。
clean_bool length:3
newest best op: Uniop(df,'state','I#N%',(['brewery_id'], {('26',)}),{left: ("[FunctionalDependency:(s: {brewery_id}, t: {state})]", 0.0), operator: *, right: (1.0, 1.0), result: 0.0})
now error: 0.0
newest best op: Uniop(df,'state','IN',(['brewery_id'], {('26',)}),{left: ("[FunctionalDependency:(s: {brewery_id}, t: {state})]", 0.0), operator: *, right: (1.0, 1.0), result: 0.0})
now error: 0.0
Block processing time: 0.013309 seconds
Computing Block 647 out of 796
Processing Block size=2
begin cleaner{left: ("[FunctionalDependency:(s: {brewery_id}, t: {state})]", 0.0), operator: *, right: (1.0, 1.0), result: 0.0}
列 'p' 不存在，对列 state 不过滤，直接选择所有非无效值。
clean_bool length:3
newest best op: Uniop(df,'state','LA',(['brewery_id'], {('269',)}),{left: ("[FunctionalDependency:(s: {brewery_id}, t: {state})]", 0.0), operator: *, right: (1.0, 1.0), result: 0.0})
now error: 0.0
Block processing time: 0.005036 seconds
Computing Block 648 out of 796
Processing Block size=10
begin cleaner{left: ("[FunctionalDependency:(s: {brewery_id}, t: {state})]", 0.0), operator: *, right: (1.0, 1.0), result: 0.0}
列 'p' 不存在，对列 state 不过滤，直接选择所有非无效值。
clean_bool length:3
newest best op: Uniop(df,'state','%M@@A',(['brewery_id'], {('295',)}),{left: ("[FunctionalDependency:(s: {brewery_id}, t: {state})]", 0.0), operator: *, right: (1.0, 1.0), result: 0.0})
now error: 0.0
newest best op: Uniop(df,'state','MA',(['brewery_id'], {('295',)}),{left: ("[FunctionalDependency:(s: {brewery_id}, t: {state})]", 0.0), operator: *, right: (1.0, 1.0), result: 0.0})
now error: 0.0
Block processing time: 0.021425 seconds
Computing Block 649 out of 796
Processing Block size=12
begin cleaner{left: ("[FunctionalDependency:(s: {brewery_id}, t: {state})]", 0.0), operator: *, right: (1.0, 1.0), result: 0.0}
列 'p' 不存在，对列 state 不过滤，直接选择所有非无效值。
Block processing time: 0.00857 seconds
Computing Block 651 out of 796
Processing Block size=8
begin cleaner{left: ("[FunctionalDependency:(s: {brewery_id}, t: {state})]", 0.0), operator: *, right: (1.0, 1.0), result: 0.0}
列 'p' 不存在，对列 state 不过滤，直接选择所有非无效值。
Block processing time: 0.005707 seconds
Computing Block 652 out of 796
Processing Block size=6
begin cleaner{left: ("[FunctionalDependency:(s: {brewery_id}, t: {state})]", 0.0), operator: *, right: (1.0, 1.0), result: 0.0}
列 'p' 不存在，对列 state 不过滤，直接选择所有非无效值。
clean_bool length:4
newest best op: Uniop(df,'state','CO',(['brewery_id'], {('110',)}),{left: ("[FunctionalDependency:(s: {brewery_id}, t: {state})]", 0.0), operator: *, right: (1.0, 1.0), result: 0.0})
now error: 0.0
Block processing time: 0.018054 seconds
Computing Block 653 out of 796
Processing Block size=6
begin cleaner{left: ("[FunctionalDependency:(s: {brewery_id}, t: {state})]", 0.0), operator: *, right: (1.0, 1.0), result: 0.0}
列 'p' 不存在，对列 state 不过滤，直接选择所有非无效值。
clean_bool length:3
newest best op: Uniop(df,'state','CO',(['brewery_id'], {('531',)}),{left: ("[FunctionalDependency:(s: {brewery_id}, t: {state})]", 0.0), operator: *, right: (1.0, 1.0), result: 0.0})
now error: 0.0
Block processing time: 0.013234 seconds
Computing Block 655 out of 796
Processing Block size=6
begin cleaner{left: ("[FunctionalDependency:(s: {brewery_id}, t: {state})]", 0.0), operator: *, right: (1.0, 1.0), result: 0.0}
列 'p' 不存在，对列 state 不过滤，直接选择所有非无效值。
clean_bool length:3
newest best op: Uniop(df,'state','OR',(['brewery_id'], {('201',)}),{left: ("[FunctionalDependency:(s: {brewery_id}, t: {state})]", 0.0), operator: *, right: (1.0, 1.0), result: 0.0})
now error: 0.0
Block processing time: 0.013251 seconds
Computing Block 657 out of 796
Processing Block size=4
begin cleaner{left: ("[FunctionalDependency:(s: {brewery_id}, t: {state})]", 0.0), operator: *, right: (1.0, 1.0), result: 0.0}
列 'p' 不存在，对列 state 不过滤，直接选择所有非无效值。
Block processing time: 0.002978 seconds
Computing Block 658 out of 796
Processing Block size=6
begin cleaner{left: ("[FunctionalDependency:(s: {brewery_id}, t: {state})]", 0.0), operator: *, right: (1.0, 1.0), result: 0.0}
列 'p' 不存在，对列 state 不过滤，直接选择所有非无效值。
clean_bool length:3
newest best op: Uniop(df,'state','??#IN',(['brewery_id'], {('27',)}),{left: ("[FunctionalDependency:(s: {brewery_id}, t: {state})]", 0.0), operator: *, right: (1.0, 1.0), result: 0.0})
now error: 0.0
newest best op: Uniop(df,'state','IN',(['brewery_id'], {('27',)}),{left: ("[FunctionalDependency:(s: {brewery_id}, t: {state})]", 0.0), operator: *, right: (1.0, 1.0), result: 0.0})
now error: 0.0
Block processing time: 0.013603 seconds
Computing Block 659 out of 796
Processing Block size=3
begin cleaner{left: ("[FunctionalDependency:(s: {brewery_id}, t: {state})]", 0.0), operator: *, right: (1.0, 1.0), result: 0.0}
列 'p' 不存在，对列 state 不过滤，直接选择所有非无效值。
clean_bool length:3
newest best op: Uniop(df,'state','CO',(['brewery_id'], {('220',)}),{left: ("[FunctionalDependency:(s: {brewery_id}, t: {state})]", 0.0), operator: *, right: (1.0, 1.0), result: 0.0})
now error: 0.0
Block processing time: 0.007104 seconds
Computing Block 660 out of 796
Processing Block size=4
begin cleaner{left: ("[FunctionalDependency:(s: {brewery_id}, t: {state})]", 0.0), operator: *, right: (1.0, 1.0), result: 0.0}
列 'p' 不存在，对列 state 不过滤，直接选择所有非无效值。
Block processing time: 0.002899 seconds
Computing Block 661 out of 796
Processing Block size=5
begin cleaner{left: ("[FunctionalDependency:(s: {brewery_id}, t: {state})]", 0.0), operator: *, right: (1.0, 1.0), result: 0.0}
列 'p' 不存在，对列 state 不过滤，直接选择所有非无效值。
Block processing time: 0.003559 seconds
Computing Block 662 out of 796
Processing Block size=2
begin cleaner{left: ("[FunctionalDependency:(s: {brewery_id}, t: {state})]", 0.0), operator: *, right: (1.0, 1.0), result: 0.0}
列 'p' 不存在，对列 state 不过滤，直接选择所有非无效值。
Block processing time: 0.001493 seconds
Computing Block 663 out of 796
Processing Block size=18
begin cleaner{left: ("[FunctionalDependency:(s: {brewery_id}, t: {state})]", 0.0), operator: *, right: (1.0, 1.0), result: 0.0}
列 'p' 不存在，对列 state 不过滤，直接选择所有非无效值。
clean_bool length:3
newest best op: Uniop(df,'state','IA',(['brewery_id'], {('365',)}),{left: ("[FunctionalDependency:(s: {brewery_id}, t: {state})]", 0.0), operator: *, right: (1.0, 1.0), result: 0.0})
now error: 0.0
Block processing time: 0.038727 seconds
Computing Block 668 out of 796
Processing Block size=5
begin cleaner{left: ("[FunctionalDependency:(s: {brewery_id}, t: {state})]", 0.0), operator: *, right: (1.0, 1.0), result: 0.0}
列 'p' 不存在，对列 state 不过滤，直接选择所有非无效值。
Block processing time: 0.003677 seconds
Computing Block 669 out of 796
Processing Block size=15
begin cleaner{left: ("[FunctionalDependency:(s: {brewery_id}, t: {state})]", 0.0), operator: *, right: (1.0, 1.0), result: 0.0}
列 'p' 不存在，对列 state 不过滤，直接选择所有非无效值。
clean_bool length:5
newest best op: Uniop(df,'state','CA',(['brewery_id'], {('240',)}),{left: ("[FunctionalDependency:(s: {brewery_id}, t: {state})]", 0.0), operator: *, right: (1.0, 1.0), result: 0.0})
now error: 0.0
Block processing time: 0.053159 seconds
Computing Block 670 out of 796
Processing Block size=7
begin cleaner{left: ("[FunctionalDependency:(s: {brewery_id}, t: {state})]", 0.0), operator: *, right: (1.0, 1.0), result: 0.0}
列 'p' 不存在，对列 state 不过滤，直接选择所有非无效值。
Block processing time: 0.004972 seconds
Computing Block 671 out of 796
Processing Block size=4
begin cleaner{left: ("[FunctionalDependency:(s: {brewery_id}, t: {state})]", 0.0), operator: *, right: (1.0, 1.0), result: 0.0}
列 'p' 不存在，对列 state 不过滤，直接选择所有非无效值。
clean_bool length:3
newest best op: Uniop(df,'state','N#%J',(['brewery_id'], {('222',)}),{left: ("[FunctionalDependency:(s: {brewery_id}, t: {state})]", 0.0), operator: *, right: (1.0, 1.0), result: 0.0})
now error: 0.0
newest best op: Uniop(df,'state','NJ',(['brewery_id'], {('222',)}),{left: ("[FunctionalDependency:(s: {brewery_id}, t: {state})]", 0.0), operator: *, right: (1.0, 1.0), result: 0.0})
now error: 0.0
Block processing time: 0.009646 seconds
Computing Block 674 out of 796
Processing Block size=4
begin cleaner{left: ("[FunctionalDependency:(s: {brewery_id}, t: {state})]", 0.0), operator: *, right: (1.0, 1.0), result: 0.0}
列 'p' 不存在，对列 state 不过滤，直接选择所有非无效值。
clean_bool length:3
newest best op: Uniop(df,'state','MN%',(['brewery_id'], {('258',)}),{left: ("[FunctionalDependency:(s: {brewery_id}, t: {state})]", 0.0), operator: *, right: (1.0, 1.0), result: 0.0})
now error: 0.0
newest best op: Uniop(df,'state','MN',(['brewery_id'], {('258',)}),{left: ("[FunctionalDependency:(s: {brewery_id}, t: {state})]", 0.0), operator: *, right: (1.0, 1.0), result: 0.0})
now error: 0.0
Block processing time: 0.009235 seconds
Computing Block 676 out of 796
Processing Block size=3
begin cleaner{left: ("[FunctionalDependency:(s: {brewery_id}, t: {state})]", 0.0), operator: *, right: (1.0, 1.0), result: 0.0}
列 'p' 不存在，对列 state 不过滤，直接选择所有非无效值。
Block processing time: 0.002198 seconds
Computing Block 678 out of 796
Processing Block size=2
begin cleaner{left: ("[FunctionalDependency:(s: {brewery_id}, t: {state})]", 0.0), operator: *, right: (1.0, 1.0), result: 0.0}
列 'p' 不存在，对列 state 不过滤，直接选择所有非无效值。
Block processing time: 0.00155 seconds
Computing Block 680 out of 796
Processing Block size=18
begin cleaner{left: ("[FunctionalDependency:(s: {brewery_id}, t: {state})]", 0.0), operator: *, right: (1.0, 1.0), result: 0.0}
列 'p' 不存在，对列 state 不过滤，直接选择所有非无效值。
clean_bool length:4
newest best op: Uniop(df,'state','%IN',(['brewery_id'], {('165',)}),{left: ("[FunctionalDependency:(s: {brewery_id}, t: {state})]", 0.0), operator: *, right: (1.0, 1.0), result: 0.0})
now error: 0.0
newest best op: Uniop(df,'state','IN',(['brewery_id'], {('165',)}),{left: ("[FunctionalDependency:(s: {brewery_id}, t: {state})]", 0.0), operator: *, right: (1.0, 1.0), result: 0.0})
now error: 0.0
Block processing time: 0.050419 seconds
Computing Block 681 out of 796
Processing Block size=6
begin cleaner{left: ("[FunctionalDependency:(s: {brewery_id}, t: {state})]", 0.0), operator: *, right: (1.0, 1.0), result: 0.0}
列 'p' 不存在，对列 state 不过滤，直接选择所有非无效值。
Block processing time: 0.004328 seconds
Computing Block 683 out of 796
Processing Block size=2
begin cleaner{left: ("[FunctionalDependency:(s: {brewery_id}, t: {state})]", 0.0), operator: *, right: (1.0, 1.0), result: 0.0}
列 'p' 不存在，对列 state 不过滤，直接选择所有非无效值。
Block processing time: 0.001547 seconds
Computing Block 684 out of 796
Processing Block size=3
begin cleaner{left: ("[FunctionalDependency:(s: {brewery_id}, t: {state})]", 0.0), operator: *, right: (1.0, 1.0), result: 0.0}
列 'p' 不存在，对列 state 不过滤，直接选择所有非无效值。
clean_bool length:3
newest best op: Uniop(df,'state','C@@O',(['brewery_id'], {('551',)}),{left: ("[FunctionalDependency:(s: {brewery_id}, t: {state})]", 0.0), operator: *, right: (1.0, 1.0), result: 0.0})
now error: 0.0
newest best op: Uniop(df,'state','CO',(['brewery_id'], {('551',)}),{left: ("[FunctionalDependency:(s: {brewery_id}, t: {state})]", 0.0), operator: *, right: (1.0, 1.0), result: 0.0})
now error: 0.0
Block processing time: 0.007041 seconds
Computing Block 686 out of 796
Processing Block size=2
begin cleaner{left: ("[FunctionalDependency:(s: {brewery_id}, t: {state})]", 0.0), operator: *, right: (1.0, 1.0), result: 0.0}
列 'p' 不存在，对列 state 不过滤，直接选择所有非无效值。
Block processing time: 0.001538 seconds
Computing Block 690 out of 796
Processing Block size=2
begin cleaner{left: ("[FunctionalDependency:(s: {brewery_id}, t: {state})]", 0.0), operator: *, right: (1.0, 1.0), result: 0.0}
列 'p' 不存在，对列 state 不过滤，直接选择所有非无效值。
clean_bool length:3
newest best op: Uniop(df,'state','N$C',(['brewery_id'], {('96',)}),{left: ("[FunctionalDependency:(s: {brewery_id}, t: {state})]", 0.0), operator: *, right: (1.0, 1.0), result: 0.0})
now error: 0.0
Block processing time: 0.005006 seconds
Computing Block 693 out of 796
Processing Block size=3
begin cleaner{left: ("[FunctionalDependency:(s: {brewery_id}, t: {state})]", 0.0), operator: *, right: (1.0, 1.0), result: 0.0}
列 'p' 不存在，对列 state 不过滤，直接选择所有非无效值。
clean_bool length:4
newest best op: Uniop(df,'state','CA',(['brewery_id'], {('36',)}),{left: ("[FunctionalDependency:(s: {brewery_id}, t: {state})]", 0.0), operator: *, right: (1.0, 1.0), result: 0.0})
now error: 0.0
Block processing time: 0.009525 seconds
Computing Block 698 out of 796
Processing Block size=2
begin cleaner{left: ("[FunctionalDependency:(s: {brewery_id}, t: {state})]", 0.0), operator: *, right: (1.0, 1.0), result: 0.0}
列 'p' 不存在，对列 state 不过滤，直接选择所有非无效值。
Block processing time: 0.001509 seconds
Computing Block 699 out of 796
Processing Block size=4
begin cleaner{left: ("[FunctionalDependency:(s: {brewery_id}, t: {state})]", 0.0), operator: *, right: (1.0, 1.0), result: 0.0}
列 'p' 不存在，对列 state 不过滤，直接选择所有非无效值。
Block processing time: 0.002912 seconds
Computing Block 701 out of 796
Processing Block size=10
begin cleaner{left: ("[FunctionalDependency:(s: {brewery_id}, t: {state})]", 0.0), operator: *, right: (1.0, 1.0), result: 0.0}
列 'p' 不存在，对列 state 不过滤，直接选择所有非无效值。
Block processing time: 0.007138 seconds
Computing Block 704 out of 796
Processing Block size=3
begin cleaner{left: ("[FunctionalDependency:(s: {brewery_id}, t: {state})]", 0.0), operator: *, right: (1.0, 1.0), result: 0.0}
列 'p' 不存在，对列 state 不过滤，直接选择所有非无效值。
Block processing time: 0.00219 seconds
Computing Block 709 out of 796
Processing Block size=2
begin cleaner{left: ("[FunctionalDependency:(s: {brewery_id}, t: {state})]", 0.0), operator: *, right: (1.0, 1.0), result: 0.0}
列 'p' 不存在，对列 state 不过滤，直接选择所有非无效值。
Block processing time: 0.001497 seconds
Computing Block 710 out of 796
Processing Block size=2
begin cleaner{left: ("[FunctionalDependency:(s: {brewery_id}, t: {state})]", 0.0), operator: *, right: (1.0, 1.0), result: 0.0}
列 'p' 不存在，对列 state 不过滤，直接选择所有非无效值。
Block processing time: 0.001508 seconds
Computing Block 713 out of 796
Processing Block size=4
begin cleaner{left: ("[FunctionalDependency:(s: {brewery_id}, t: {state})]", 0.0), operator: *, right: (1.0, 1.0), result: 0.0}
列 'p' 不存在，对列 state 不过滤，直接选择所有非无效值。
Block processing time: 0.002866 seconds
Computing Block 717 out of 796
Processing Block size=2
begin cleaner{left: ("[FunctionalDependency:(s: {brewery_id}, t: {state})]", 0.0), operator: *, right: (1.0, 1.0), result: 0.0}
列 'p' 不存在，对列 state 不过滤，直接选择所有非无效值。
Block processing time: 0.001494 seconds
Computing Block 718 out of 796
Processing Block size=4
begin cleaner{left: ("[FunctionalDependency:(s: {brewery_id}, t: {state})]", 0.0), operator: *, right: (1.0, 1.0), result: 0.0}
列 'p' 不存在，对列 state 不过滤，直接选择所有非无效值。
clean_bool length:3
newest best op: Uniop(df,'state','CA',(['brewery_id'], {('491',)}),{left: ("[FunctionalDependency:(s: {brewery_id}, t: {state})]", 0.0), operator: *, right: (1.0, 1.0), result: 0.0})
now error: 0.0
Block processing time: 0.009107 seconds
Computing Block 723 out of 796
Processing Block size=4
begin cleaner{left: ("[FunctionalDependency:(s: {brewery_id}, t: {state})]", 0.0), operator: *, right: (1.0, 1.0), result: 0.0}
列 'p' 不存在，对列 state 不过滤，直接选择所有非无效值。
Block processing time: 0.002889 seconds
Computing Block 724 out of 796
Processing Block size=4
begin cleaner{left: ("[FunctionalDependency:(s: {brewery_id}, t: {state})]", 0.0), operator: *, right: (1.0, 1.0), result: 0.0}
列 'p' 不存在，对列 state 不过滤，直接选择所有非无效值。
clean_bool length:3
newest best op: Uniop(df,'state','NE',(['brewery_id'], {('337',)}),{left: ("[FunctionalDependency:(s: {brewery_id}, t: {state})]", 0.0), operator: *, right: (1.0, 1.0), result: 0.0})
now error: 0.0
Block processing time: 0.009094 seconds
Computing Block 726 out of 796
Processing Block size=5
begin cleaner{left: ("[FunctionalDependency:(s: {brewery_id}, t: {state})]", 0.0), operator: *, right: (1.0, 1.0), result: 0.0}
列 'p' 不存在，对列 state 不过滤，直接选择所有非无效值。
clean_bool length:4
newest best op: Uniop(df,'state','NY',(['brewery_id'], {('437',)}),{left: ("[FunctionalDependency:(s: {brewery_id}, t: {state})]", 0.0), operator: *, right: (1.0, 1.0), result: 0.0})
now error: 0.0
Block processing time: 0.01484 seconds
Computing Block 727 out of 796
Processing Block size=2
begin cleaner{left: ("[FunctionalDependency:(s: {brewery_id}, t: {state})]", 0.0), operator: *, right: (1.0, 1.0), result: 0.0}
列 'p' 不存在，对列 state 不过滤，直接选择所有非无效值。
Block processing time: 0.001492 seconds
Computing Block 728 out of 796
Processing Block size=3
begin cleaner{left: ("[FunctionalDependency:(s: {brewery_id}, t: {state})]", 0.0), operator: *, right: (1.0, 1.0), result: 0.0}
列 'p' 不存在，对列 state 不过滤，直接选择所有非无效值。
Block processing time: 0.002175 seconds
Computing Block 729 out of 796
Processing Block size=4
begin cleaner{left: ("[FunctionalDependency:(s: {brewery_id}, t: {state})]", 0.0), operator: *, right: (1.0, 1.0), result: 0.0}
列 'p' 不存在，对列 state 不过滤，直接选择所有非无效值。
clean_bool length:3
newest best op: Uniop(df,'state','W$A',(['brewery_id'], {('481',)}),{left: ("[FunctionalDependency:(s: {brewery_id}, t: {state})]", 0.0), operator: *, right: (1.0, 1.0), result: 0.0})
now error: 0.0
newest best op: Uniop(df,'state','WA',(['brewery_id'], {('481',)}),{left: ("[FunctionalDependency:(s: {brewery_id}, t: {state})]", 0.0), operator: *, right: (1.0, 1.0), result: 0.0})
now error: 0.0
Block processing time: 0.009078 seconds
Computing Block 730 out of 796
Processing Block size=3
begin cleaner{left: ("[FunctionalDependency:(s: {brewery_id}, t: {state})]", 0.0), operator: *, right: (1.0, 1.0), result: 0.0}
列 'p' 不存在，对列 state 不过滤，直接选择所有非无效值。
Block processing time: 0.002264 seconds
Computing Block 731 out of 796
Processing Block size=8
begin cleaner{left: ("[FunctionalDependency:(s: {brewery_id}, t: {state})]", 0.0), operator: *, right: (1.0, 1.0), result: 0.0}
列 'p' 不存在，对列 state 不过滤，直接选择所有非无效值。
Block processing time: 0.005694 seconds
Computing Block 733 out of 796
Processing Block size=5
begin cleaner{left: ("[FunctionalDependency:(s: {brewery_id}, t: {state})]", 0.0), operator: *, right: (1.0, 1.0), result: 0.0}
列 'p' 不存在，对列 state 不过滤，直接选择所有非无效值。
clean_bool length:3
newest best op: Uniop(df,'state','OK',(['brewery_id'], {('182',)}),{left: ("[FunctionalDependency:(s: {brewery_id}, t: {state})]", 0.0), operator: *, right: (1.0, 1.0), result: 0.0})
now error: 0.0
Block processing time: 0.01113 seconds
Computing Block 735 out of 796
Processing Block size=3
begin cleaner{left: ("[FunctionalDependency:(s: {brewery_id}, t: {state})]", 0.0), operator: *, right: (1.0, 1.0), result: 0.0}
列 'p' 不存在，对列 state 不过滤，直接选择所有非无效值。
Block processing time: 0.002198 seconds
Computing Block 737 out of 796
Processing Block size=23
begin cleaner{left: ("[FunctionalDependency:(s: {brewery_id}, t: {state})]", 0.0), operator: *, right: (1.0, 1.0), result: 0.0}
列 'p' 不存在，对列 state 不过滤，直接选择所有非无效值。
clean_bool length:5
newest best op: Uniop(df,'state','%F??L',(['brewery_id'], {('141',)}),{left: ("[FunctionalDependency:(s: {brewery_id}, t: {state})]", 0.0), operator: *, right: (1.0, 1.0), result: 0.0})
now error: 0.0
newest best op: Uniop(df,'state','FL',(['brewery_id'], {('141',)}),{left: ("[FunctionalDependency:(s: {brewery_id}, t: {state})]", 0.0), operator: *, right: (1.0, 1.0), result: 0.0})
now error: 0.0
Block processing time: 0.085003 seconds
Computing Block 739 out of 796
Processing Block size=3
begin cleaner{left: ("[FunctionalDependency:(s: {brewery_id}, t: {state})]", 0.0), operator: *, right: (1.0, 1.0), result: 0.0}
列 'p' 不存在，对列 state 不过滤，直接选择所有非无效值。
Block processing time: 0.00222 seconds
Computing Block 744 out of 796
Processing Block size=5
begin cleaner{left: ("[FunctionalDependency:(s: {brewery_id}, t: {state})]", 0.0), operator: *, right: (1.0, 1.0), result: 0.0}
列 'p' 不存在，对列 state 不过滤，直接选择所有非无效值。
clean_bool length:3
newest best op: Uniop(df,'state','$O#K',(['brewery_id'], {('366',)}),{left: ("[FunctionalDependency:(s: {brewery_id}, t: {state})]", 0.0), operator: *, right: (1.0, 1.0), result: 0.0})
now error: 0.0
newest best op: Uniop(df,'state','OK',(['brewery_id'], {('366',)}),{left: ("[FunctionalDependency:(s: {brewery_id}, t: {state})]", 0.0), operator: *, right: (1.0, 1.0), result: 0.0})
now error: 0.0
Block processing time: 0.011271 seconds
Computing Block 745 out of 796
Processing Block size=6
begin cleaner{left: ("[FunctionalDependency:(s: {brewery_id}, t: {state})]", 0.0), operator: *, right: (1.0, 1.0), result: 0.0}
列 'p' 不存在，对列 state 不过滤，直接选择所有非无效值。
clean_bool length:3
newest best op: Uniop(df,'state','@$@MN',(['brewery_id'], {('277',)}),{left: ("[FunctionalDependency:(s: {brewery_id}, t: {state})]", 0.0), operator: *, right: (1.0, 1.0), result: 0.0})
now error: 0.0
newest best op: Uniop(df,'state','MN',(['brewery_id'], {('277',)}),{left: ("[FunctionalDependency:(s: {brewery_id}, t: {state})]", 0.0), operator: *, right: (1.0, 1.0), result: 0.0})
now error: 0.0
Block processing time: 0.01329 seconds
Computing Block 746 out of 796
Processing Block size=5
begin cleaner{left: ("[FunctionalDependency:(s: {brewery_id}, t: {state})]", 0.0), operator: *, right: (1.0, 1.0), result: 0.0}
列 'p' 不存在，对列 state 不过滤，直接选择所有非无效值。
clean_bool length:3
newest best op: Uniop(df,'state','I@%@L',(['brewery_id'], {('88',)}),{left: ("[FunctionalDependency:(s: {brewery_id}, t: {state})]", 0.0), operator: *, right: (1.0, 1.0), result: 0.0})
now error: 0.0
newest best op: Uniop(df,'state','IL',(['brewery_id'], {('88',)}),{left: ("[FunctionalDependency:(s: {brewery_id}, t: {state})]", 0.0), operator: *, right: (1.0, 1.0), result: 0.0})
now error: 0.0
Block processing time: 0.011223 seconds
Computing Block 747 out of 796
Processing Block size=5
begin cleaner{left: ("[FunctionalDependency:(s: {brewery_id}, t: {state})]", 0.0), operator: *, right: (1.0, 1.0), result: 0.0}
列 'p' 不存在，对列 state 不过滤，直接选择所有非无效值。
Block processing time: 0.0036 seconds
Computing Block 749 out of 796
Processing Block size=3
begin cleaner{left: ("[FunctionalDependency:(s: {brewery_id}, t: {state})]", 0.0), operator: *, right: (1.0, 1.0), result: 0.0}
列 'p' 不存在，对列 state 不过滤，直接选择所有非无效值。
Block processing time: 0.002227 seconds
Computing Block 751 out of 796
Processing Block size=2
begin cleaner{left: ("[FunctionalDependency:(s: {brewery_id}, t: {state})]", 0.0), operator: *, right: (1.0, 1.0), result: 0.0}
列 'p' 不存在，对列 state 不过滤，直接选择所有非无效值。
Block processing time: 0.001496 seconds
Computing Block 754 out of 796
Processing Block size=6
begin cleaner{left: ("[FunctionalDependency:(s: {brewery_id}, t: {state})]", 0.0), operator: *, right: (1.0, 1.0), result: 0.0}
列 'p' 不存在，对列 state 不过滤，直接选择所有非无效值。
Block processing time: 0.004275 seconds
Computing Block 757 out of 796
Processing Block size=5
begin cleaner{left: ("[FunctionalDependency:(s: {brewery_id}, t: {state})]", 0.0), operator: *, right: (1.0, 1.0), result: 0.0}
列 'p' 不存在，对列 state 不过滤，直接选择所有非无效值。
clean_bool length:3
newest best op: Uniop(df,'state','MI',(['brewery_id'], {('13',)}),{left: ("[FunctionalDependency:(s: {brewery_id}, t: {state})]", 0.0), operator: *, right: (1.0, 1.0), result: 0.0})
now error: 0.0
Block processing time: 0.011145 seconds
Computing Block 761 out of 796
Processing Block size=7
begin cleaner{left: ("[FunctionalDependency:(s: {brewery_id}, t: {state})]", 0.0), operator: *, right: (1.0, 1.0), result: 0.0}
列 'p' 不存在，对列 state 不过滤，直接选择所有非无效值。
Block processing time: 0.005004 seconds
Computing Block 764 out of 796
Processing Block size=3
begin cleaner{left: ("[FunctionalDependency:(s: {brewery_id}, t: {state})]", 0.0), operator: *, right: (1.0, 1.0), result: 0.0}
列 'p' 不存在，对列 state 不过滤，直接选择所有非无效值。
Block processing time: 0.002209 seconds
Computing Block 765 out of 796
Processing Block size=3
begin cleaner{left: ("[FunctionalDependency:(s: {brewery_id}, t: {state})]", 0.0), operator: *, right: (1.0, 1.0), result: 0.0}
列 'p' 不存在，对列 state 不过滤，直接选择所有非无效值。
clean_bool length:3
newest best op: Uniop(df,'state','MI',(['brewery_id'], {('15',)}),{left: ("[FunctionalDependency:(s: {brewery_id}, t: {state})]", 0.0), operator: *, right: (1.0, 1.0), result: 0.0})
now error: 0.0
Block processing time: 0.007133 seconds
Computing Block 771 out of 796
Processing Block size=2
begin cleaner{left: ("[FunctionalDependency:(s: {brewery_id}, t: {state})]", 0.0), operator: *, right: (1.0, 1.0), result: 0.0}
列 'p' 不存在，对列 state 不过滤，直接选择所有非无效值。
Block processing time: 0.001509 seconds
Computing Block 774 out of 796
Processing Block size=3
begin cleaner{left: ("[FunctionalDependency:(s: {brewery_id}, t: {state})]", 0.0), operator: *, right: (1.0, 1.0), result: 0.0}
列 'p' 不存在，对列 state 不过滤，直接选择所有非无效值。
Block processing time: 0.002247 seconds
Computing Block 775 out of 796
Processing Block size=2
begin cleaner{left: ("[FunctionalDependency:(s: {brewery_id}, t: {state})]", 0.0), operator: *, right: (1.0, 1.0), result: 0.0}
列 'p' 不存在，对列 state 不过滤，直接选择所有非无效值。
Block processing time: 0.001483 seconds
Computing Block 776 out of 796
Processing Block size=7
begin cleaner{left: ("[FunctionalDependency:(s: {brewery_id}, t: {state})]", 0.0), operator: *, right: (1.0, 1.0), result: 0.0}
列 'p' 不存在，对列 state 不过滤，直接选择所有非无效值。
Block processing time: 0.004967 seconds
Computing Block 777 out of 796
Processing Block size=2
begin cleaner{left: ("[FunctionalDependency:(s: {brewery_id}, t: {state})]", 0.0), operator: *, right: (1.0, 1.0), result: 0.0}
列 'p' 不存在，对列 state 不过滤，直接选择所有非无效值。
Block processing time: 0.001521 seconds
Computing Block 779 out of 796
Processing Block size=4
begin cleaner{left: ("[FunctionalDependency:(s: {brewery_id}, t: {state})]", 0.0), operator: *, right: (1.0, 1.0), result: 0.0}
列 'p' 不存在，对列 state 不过滤，直接选择所有非无效值。
clean_bool length:3
newest best op: Uniop(df,'state','M%I%',(['brewery_id'], {('229',)}),{left: ("[FunctionalDependency:(s: {brewery_id}, t: {state})]", 0.0), operator: *, right: (1.0, 1.0), result: 0.0})
now error: 0.0
newest best op: Uniop(df,'state','MI',(['brewery_id'], {('229',)}),{left: ("[FunctionalDependency:(s: {brewery_id}, t: {state})]", 0.0), operator: *, right: (1.0, 1.0), result: 0.0})
now error: 0.0
Block processing time: 0.009103 seconds
Computing Block 781 out of 796
Processing Block size=4
begin cleaner{left: ("[FunctionalDependency:(s: {brewery_id}, t: {state})]", 0.0), operator: *, right: (1.0, 1.0), result: 0.0}
列 'p' 不存在，对列 state 不过滤，直接选择所有非无效值。
Block processing time: 0.002949 seconds
Computing Block 782 out of 796
Processing Block size=2
begin cleaner{left: ("[FunctionalDependency:(s: {brewery_id}, t: {state})]", 0.0), operator: *, right: (1.0, 1.0), result: 0.0}
列 'p' 不存在，对列 state 不过滤，直接选择所有非无效值。
clean_bool length:3
WARNING:root:No partitioning rule specified, processing might be slow
newest best op: Uniop(df,'state','CO',(['brewery_id'], {('472',)}),{left: ("[FunctionalDependency:(s: {brewery_id}, t: {state})]", 0.0), operator: *, right: (1.0, 1.0), result: 0.0})
now error: 0.0
Block processing time: 0.005015 seconds
Computing Block 783 out of 796
Processing Block size=3
begin cleaner{left: ("[FunctionalDependency:(s: {brewery_id}, t: {state})]", 0.0), operator: *, right: (1.0, 1.0), result: 0.0}
列 'p' 不存在，对列 state 不过滤，直接选择所有非无效值。
Block processing time: 0.002207 seconds
Computing Block 786 out of 796
Processing Block size=2
begin cleaner{left: ("[FunctionalDependency:(s: {brewery_id}, t: {state})]", 0.0), operator: *, right: (1.0, 1.0), result: 0.0}
列 'p' 不存在，对列 state 不过滤，直接选择所有非无效值。
clean_bool length:3
newest best op: Uniop(df,'state','NC',(['brewery_id'], {('359',)}),{left: ("[FunctionalDependency:(s: {brewery_id}, t: {state})]", 0.0), operator: *, right: (1.0, 1.0), result: 0.0})
now error: 0.0
Block processing time: 0.005058 seconds
Computing Block 787 out of 796
Processing Block size=8
begin cleaner{left: ("[FunctionalDependency:(s: {brewery_id}, t: {state})]", 0.0), operator: *, right: (1.0, 1.0), result: 0.0}
列 'p' 不存在，对列 state 不过滤，直接选择所有非无效值。
Block processing time: 0.005607 seconds
Computing Block 788 out of 796
Processing Block size=3
begin cleaner{left: ("[FunctionalDependency:(s: {brewery_id}, t: {state})]", 0.0), operator: *, right: (1.0, 1.0), result: 0.0}
列 'p' 不存在，对列 state 不过滤，直接选择所有非无效值。
Block processing time: 0.002278 seconds
Computing Block 791 out of 796
Processing Block size=8
begin cleaner{left: ("[FunctionalDependency:(s: {brewery_id}, t: {state})]", 0.0), operator: *, right: (1.0, 1.0), result: 0.0}
列 'p' 不存在，对列 state 不过滤，直接选择所有非无效值。
Block processing time: 0.005724 seconds
Computing Block 792 out of 796
Processing Block size=4
begin cleaner{left: ("[FunctionalDependency:(s: {brewery_id}, t: {state})]", 0.0), operator: *, right: (1.0, 1.0), result: 0.0}
列 'p' 不存在，对列 state 不过滤，直接选择所有非无效值。
Block processing time: 0.002902 seconds
Computing Block 796 out of 796
Processing Block size=7
begin cleaner{left: ("[FunctionalDependency:(s: {brewery_id}, t: {state})]", 0.0), operator: *, right: (1.0, 1.0), result: 0.0}
列 'p' 不存在，对列 state 不过滤，直接选择所有非无效值。
clean_bool length:3
newest best op: Uniop(df,'state','TX',(['brewery_id'], {('470',)}),{left: ("[FunctionalDependency:(s: {brewery_id}, t: {state})]", 0.0), operator: *, right: (1.0, 1.0), result: 0.0})
now error: 0.0
Block processing time: 0.015166 seconds
  当前节点: state 有 152 个清洗操作
['brewery_name', 'city', 'state']的清洗完成

本层累积的编辑规则数: 439
读入数据大小：2410
处理了 439 条规则，更新数据...
所有编辑规则已更新完成

处理第 1 层级, 包含节点: ['brewery_id']
  跳过已清洗结束的节点: brewery_id
['brewery_id']的清洗完成

本层累积的编辑规则数: 0
本层没有可以进行的清洗操作，进行下一层

处理第 2 层级, 包含节点: ['brewery_name', 'city', 'state']
  当前节点: brewery_name 存在可用清洗信号
数据块大小: 2410
分块属性:
[['brewery_id']]
Starting initial block mapping...
Initial number of blocks: 796
Final number of blocks after further splitting: 796
Computing Block 1 out of 796
Processing Block size=5
begin cleaner[FunctionalDependency:(s: {'brewery_id'}, t: {'brewery_name'})]*1.0
列 'p' 不存在，对列 brewery_name 不过滤，直接选择所有非无效值。
Block processing time: 0.004146 seconds
Computing Block 4 out of 796
Processing Block size=4
begin cleaner{left: ("[FunctionalDependency:(s: {brewery_id}, t: {brewery_name})]", 0.0), operator: *, right: (1.0, 1.0), result: 0.0}
列 'p' 不存在，对列 brewery_name 不过滤，直接选择所有非无效值。
Block processing time: 0.003192 seconds
Computing Block 5 out of 796
Processing Block size=2
begin cleaner{left: ("[FunctionalDependency:(s: {brewery_id}, t: {brewery_name})]", 0.0), operator: *, right: (1.0, 1.0), result: 0.0}
列 'p' 不存在，对列 brewery_name 不过滤，直接选择所有非无效值。
Block processing time: 0.001647 seconds
Computing Block 6 out of 796
Processing Block size=4
begin cleaner{left: ("[FunctionalDependency:(s: {brewery_id}, t: {brewery_name})]", 0.0), operator: *, right: (1.0, 1.0), result: 0.0}
列 'p' 不存在，对列 brewery_name 不过滤，直接选择所有非无效值。
Block processing time: 0.003146 seconds
Computing Block 7 out of 796
Processing Block size=2
begin cleaner{left: ("[FunctionalDependency:(s: {brewery_id}, t: {brewery_name})]", 0.0), operator: *, right: (1.0, 1.0), result: 0.0}
列 'p' 不存在，对列 brewery_name 不过滤，直接选择所有非无效值。
Block processing time: 0.001625 seconds
Computing Block 10 out of 796
Processing Block size=7
begin cleaner{left: ("[FunctionalDependency:(s: {brewery_id}, t: {brewery_name})]", 0.0), operator: *, right: (1.0, 1.0), result: 0.0}
列 'p' 不存在，对列 brewery_name 不过滤，直接选择所有非无效值。
Block processing time: 0.005357 seconds
Computing Block 12 out of 796
Processing Block size=6
begin cleaner{left: ("[FunctionalDependency:(s: {brewery_id}, t: {brewery_name})]", 0.0), operator: *, right: (1.0, 1.0), result: 0.0}
列 'p' 不存在，对列 brewery_name 不过滤，直接选择所有非无效值。
Block processing time: 0.004615 seconds
Computing Block 13 out of 796
Processing Block size=3
begin cleaner{left: ("[FunctionalDependency:(s: {brewery_id}, t: {brewery_name})]", 0.0), operator: *, right: (1.0, 1.0), result: 0.0}
列 'p' 不存在，对列 brewery_name 不过滤，直接选择所有非无效值。
Block processing time: 0.002372 seconds
Computing Block 18 out of 796
Processing Block size=9
begin cleaner{left: ("[FunctionalDependency:(s: {brewery_id}, t: {brewery_name})]", 0.0), operator: *, right: (1.0, 1.0), result: 0.0}
列 'p' 不存在，对列 brewery_name 不过滤，直接选择所有非无效值。
Block processing time: 0.006825 seconds
Computing Block 19 out of 796
Processing Block size=3
begin cleaner{left: ("[FunctionalDependency:(s: {brewery_id}, t: {brewery_name})]", 0.0), operator: *, right: (1.0, 1.0), result: 0.0}
列 'p' 不存在，对列 brewery_name 不过滤，直接选择所有非无效值。
Block processing time: 0.002348 seconds
Computing Block 22 out of 796
Processing Block size=5
begin cleaner{left: ("[FunctionalDependency:(s: {brewery_id}, t: {brewery_name})]", 0.0), operator: *, right: (1.0, 1.0), result: 0.0}
列 'p' 不存在，对列 brewery_name 不过滤，直接选择所有非无效值。
Block processing time: 0.003829 seconds
Computing Block 28 out of 796
Processing Block size=2
begin cleaner{left: ("[FunctionalDependency:(s: {brewery_id}, t: {brewery_name})]", 0.0), operator: *, right: (1.0, 1.0), result: 0.0}
列 'p' 不存在，对列 brewery_name 不过滤，直接选择所有非无效值。
Block processing time: 0.001611 seconds
Computing Block 31 out of 796
Processing Block size=3
begin cleaner{left: ("[FunctionalDependency:(s: {brewery_id}, t: {brewery_name})]", 0.0), operator: *, right: (1.0, 1.0), result: 0.0}
列 'p' 不存在，对列 brewery_name 不过滤，直接选择所有非无效值。
Block processing time: 0.00235 seconds
Computing Block 35 out of 796
Processing Block size=5
begin cleaner{left: ("[FunctionalDependency:(s: {brewery_id}, t: {brewery_name})]", 0.0), operator: *, right: (1.0, 1.0), result: 0.0}
列 'p' 不存在，对列 brewery_name 不过滤，直接选择所有非无效值。
Block processing time: 0.003851 seconds
Computing Block 39 out of 796
Processing Block size=3
begin cleaner{left: ("[FunctionalDependency:(s: {brewery_id}, t: {brewery_name})]", 0.0), operator: *, right: (1.0, 1.0), result: 0.0}
列 'p' 不存在，对列 brewery_name 不过滤，直接选择所有非无效值。
Block processing time: 0.002364 seconds
Computing Block 41 out of 796
Processing Block size=7
begin cleaner{left: ("[FunctionalDependency:(s: {brewery_id}, t: {brewery_name})]", 0.0), operator: *, right: (1.0, 1.0), result: 0.0}
列 'p' 不存在，对列 brewery_name 不过滤，直接选择所有非无效值。
Block processing time: 0.005337 seconds
Computing Block 42 out of 796
Processing Block size=6
begin cleaner{left: ("[FunctionalDependency:(s: {brewery_id}, t: {brewery_name})]", 0.0), operator: *, right: (1.0, 1.0), result: 0.0}
列 'p' 不存在，对列 brewery_name 不过滤，直接选择所有非无效值。
Block processing time: 0.004508 seconds
Computing Block 43 out of 796
Processing Block size=3
begin cleaner{left: ("[FunctionalDependency:(s: {brewery_id}, t: {brewery_name})]", 0.0), operator: *, right: (1.0, 1.0), result: 0.0}
列 'p' 不存在，对列 brewery_name 不过滤，直接选择所有非无效值。
Block processing time: 0.002261 seconds
Computing Block 48 out of 796
Processing Block size=17
begin cleaner{left: ("[FunctionalDependency:(s: {brewery_id}, t: {brewery_name})]", 0.0), operator: *, right: (1.0, 1.0), result: 0.0}
列 'p' 不存在，对列 brewery_name 不过滤，直接选择所有非无效值。
Block processing time: 0.012403 seconds
Computing Block 49 out of 796
Processing Block size=11
begin cleaner{left: ("[FunctionalDependency:(s: {brewery_id}, t: {brewery_name})]", 0.0), operator: *, right: (1.0, 1.0), result: 0.0}
列 'p' 不存在，对列 brewery_name 不过滤，直接选择所有非无效值。
Block processing time: 0.008017 seconds
Computing Block 50 out of 796
Processing Block size=2
begin cleaner{left: ("[FunctionalDependency:(s: {brewery_id}, t: {brewery_name})]", 0.0), operator: *, right: (1.0, 1.0), result: 0.0}
列 'p' 不存在，对列 brewery_name 不过滤，直接选择所有非无效值。
Block processing time: 0.001544 seconds
Computing Block 51 out of 796
Processing Block size=2
begin cleaner{left: ("[FunctionalDependency:(s: {brewery_id}, t: {brewery_name})]", 0.0), operator: *, right: (1.0, 1.0), result: 0.0}
列 'p' 不存在，对列 brewery_name 不过滤，直接选择所有非无效值。
Block processing time: 0.001546 seconds
Computing Block 52 out of 796
Processing Block size=8
begin cleaner{left: ("[FunctionalDependency:(s: {brewery_id}, t: {brewery_name})]", 0.0), operator: *, right: (1.0, 1.0), result: 0.0}
列 'p' 不存在，对列 brewery_name 不过滤，直接选择所有非无效值。
Block processing time: 0.005831 seconds
Computing Block 55 out of 796
Processing Block size=3
begin cleaner{left: ("[FunctionalDependency:(s: {brewery_id}, t: {brewery_name})]", 0.0), operator: *, right: (1.0, 1.0), result: 0.0}
列 'p' 不存在，对列 brewery_name 不过滤，直接选择所有非无效值。
Block processing time: 0.002263 seconds
Computing Block 56 out of 796
Processing Block size=15
begin cleaner{left: ("[FunctionalDependency:(s: {brewery_id}, t: {brewery_name})]", 0.0), operator: *, right: (1.0, 1.0), result: 0.0}
列 'p' 不存在，对列 brewery_name 不过滤，直接选择所有非无效值。
Block processing time: 0.010649 seconds
Computing Block 57 out of 796
Processing Block size=3
begin cleaner{left: ("[FunctionalDependency:(s: {brewery_id}, t: {brewery_name})]", 0.0), operator: *, right: (1.0, 1.0), result: 0.0}
列 'p' 不存在，对列 brewery_name 不过滤，直接选择所有非无效值。
Block processing time: 0.00219 seconds
Computing Block 58 out of 796
Processing Block size=3
begin cleaner{left: ("[FunctionalDependency:(s: {brewery_id}, t: {brewery_name})]", 0.0), operator: *, right: (1.0, 1.0), result: 0.0}
列 'p' 不存在，对列 brewery_name 不过滤，直接选择所有非无效值。
Block processing time: 0.002209 seconds
Computing Block 63 out of 796
Processing Block size=5
begin cleaner{left: ("[FunctionalDependency:(s: {brewery_id}, t: {brewery_name})]", 0.0), operator: *, right: (1.0, 1.0), result: 0.0}
列 'p' 不存在，对列 brewery_name 不过滤，直接选择所有非无效值。
Block processing time: 0.003614 seconds
Computing Block 64 out of 796
Processing Block size=8
begin cleaner{left: ("[FunctionalDependency:(s: {brewery_id}, t: {brewery_name})]", 0.0), operator: *, right: (1.0, 1.0), result: 0.0}
列 'p' 不存在，对列 brewery_name 不过滤，直接选择所有非无效值。
Block processing time: 0.005688 seconds
Computing Block 65 out of 796
Processing Block size=3
begin cleaner{left: ("[FunctionalDependency:(s: {brewery_id}, t: {brewery_name})]", 0.0), operator: *, right: (1.0, 1.0), result: 0.0}
列 'p' 不存在，对列 brewery_name 不过滤，直接选择所有非无效值。
Block processing time: 0.002208 seconds
Computing Block 67 out of 796
Processing Block size=9
begin cleaner{left: ("[FunctionalDependency:(s: {brewery_id}, t: {brewery_name})]", 0.0), operator: *, right: (1.0, 1.0), result: 0.0}
列 'p' 不存在，对列 brewery_name 不过滤，直接选择所有非无效值。
Block processing time: 0.006439 seconds
Computing Block 68 out of 796
Processing Block size=13
begin cleaner{left: ("[FunctionalDependency:(s: {brewery_id}, t: {brewery_name})]", 0.0), operator: *, right: (1.0, 1.0), result: 0.0}
列 'p' 不存在，对列 brewery_name 不过滤，直接选择所有非无效值。
Block processing time: 0.009331 seconds
Computing Block 69 out of 796
Processing Block size=2
begin cleaner{left: ("[FunctionalDependency:(s: {brewery_id}, t: {brewery_name})]", 0.0), operator: *, right: (1.0, 1.0), result: 0.0}
列 'p' 不存在，对列 brewery_name 不过滤，直接选择所有非无效值。
Block processing time: 0.001508 seconds
Computing Block 72 out of 796
Processing Block size=5
begin cleaner{left: ("[FunctionalDependency:(s: {brewery_id}, t: {brewery_name})]", 0.0), operator: *, right: (1.0, 1.0), result: 0.0}
列 'p' 不存在，对列 brewery_name 不过滤，直接选择所有非无效值。
Block processing time: 0.003649 seconds
Computing Block 74 out of 796
Processing Block size=5
begin cleaner{left: ("[FunctionalDependency:(s: {brewery_id}, t: {brewery_name})]", 0.0), operator: *, right: (1.0, 1.0), result: 0.0}
列 'p' 不存在，对列 brewery_name 不过滤，直接选择所有非无效值。
Block processing time: 0.003592 seconds
Computing Block 75 out of 796
Processing Block size=3
begin cleaner{left: ("[FunctionalDependency:(s: {brewery_id}, t: {brewery_name})]", 0.0), operator: *, right: (1.0, 1.0), result: 0.0}
列 'p' 不存在，对列 brewery_name 不过滤，直接选择所有非无效值。
Block processing time: 0.002199 seconds
Computing Block 76 out of 796
Processing Block size=3
begin cleaner{left: ("[FunctionalDependency:(s: {brewery_id}, t: {brewery_name})]", 0.0), operator: *, right: (1.0, 1.0), result: 0.0}
列 'p' 不存在，对列 brewery_name 不过滤，直接选择所有非无效值。
Block processing time: 0.002184 seconds
Computing Block 77 out of 796
Processing Block size=2
begin cleaner{left: ("[FunctionalDependency:(s: {brewery_id}, t: {brewery_name})]", 0.0), operator: *, right: (1.0, 1.0), result: 0.0}
列 'p' 不存在，对列 brewery_name 不过滤，直接选择所有非无效值。
Block processing time: 0.001497 seconds
Computing Block 79 out of 796
Processing Block size=3
begin cleaner{left: ("[FunctionalDependency:(s: {brewery_id}, t: {brewery_name})]", 0.0), operator: *, right: (1.0, 1.0), result: 0.0}
列 'p' 不存在，对列 brewery_name 不过滤，直接选择所有非无效值。
Block processing time: 0.002209 seconds
Computing Block 80 out of 796
Processing Block size=7
begin cleaner{left: ("[FunctionalDependency:(s: {brewery_id}, t: {brewery_name})]", 0.0), operator: *, right: (1.0, 1.0), result: 0.0}
列 'p' 不存在，对列 brewery_name 不过滤，直接选择所有非无效值。
Block processing time: 0.004939 seconds
Computing Block 81 out of 796
Processing Block size=2
begin cleaner{left: ("[FunctionalDependency:(s: {brewery_id}, t: {brewery_name})]", 0.0), operator: *, right: (1.0, 1.0), result: 0.0}
列 'p' 不存在，对列 brewery_name 不过滤，直接选择所有非无效值。
Block processing time: 0.001611 seconds
Computing Block 84 out of 796
Processing Block size=4
begin cleaner{left: ("[FunctionalDependency:(s: {brewery_id}, t: {brewery_name})]", 0.0), operator: *, right: (1.0, 1.0), result: 0.0}
列 'p' 不存在，对列 brewery_name 不过滤，直接选择所有非无效值。
Block processing time: 0.002948 seconds
Computing Block 85 out of 796
Processing Block size=3
begin cleaner{left: ("[FunctionalDependency:(s: {brewery_id}, t: {brewery_name})]", 0.0), operator: *, right: (1.0, 1.0), result: 0.0}
列 'p' 不存在，对列 brewery_name 不过滤，直接选择所有非无效值。
Block processing time: 0.002247 seconds
Computing Block 86 out of 796
Processing Block size=4
begin cleaner{left: ("[FunctionalDependency:(s: {brewery_id}, t: {brewery_name})]", 0.0), operator: *, right: (1.0, 1.0), result: 0.0}
列 'p' 不存在，对列 brewery_name 不过滤，直接选择所有非无效值。
Block processing time: 0.003008 seconds
Computing Block 89 out of 796
Processing Block size=4
begin cleaner{left: ("[FunctionalDependency:(s: {brewery_id}, t: {brewery_name})]", 0.0), operator: *, right: (1.0, 1.0), result: 0.0}
列 'p' 不存在，对列 brewery_name 不过滤，直接选择所有非无效值。
Block processing time: 0.002888 seconds
Computing Block 90 out of 796
Processing Block size=2
begin cleaner{left: ("[FunctionalDependency:(s: {brewery_id}, t: {brewery_name})]", 0.0), operator: *, right: (1.0, 1.0), result: 0.0}
列 'p' 不存在，对列 brewery_name 不过滤，直接选择所有非无效值。
Block processing time: 0.001498 seconds
Computing Block 91 out of 796
Processing Block size=12
begin cleaner{left: ("[FunctionalDependency:(s: {brewery_id}, t: {brewery_name})]", 0.0), operator: *, right: (1.0, 1.0), result: 0.0}
列 'p' 不存在，对列 brewery_name 不过滤，直接选择所有非无效值。
Block processing time: 0.008594 seconds
Computing Block 92 out of 796
Processing Block size=2
begin cleaner{left: ("[FunctionalDependency:(s: {brewery_id}, t: {brewery_name})]", 0.0), operator: *, right: (1.0, 1.0), result: 0.0}
列 'p' 不存在，对列 brewery_name 不过滤，直接选择所有非无效值。
Block processing time: 0.001509 seconds
Computing Block 95 out of 796
Processing Block size=10
begin cleaner{left: ("[FunctionalDependency:(s: {brewery_id}, t: {brewery_name})]", 0.0), operator: *, right: (1.0, 1.0), result: 0.0}
列 'p' 不存在，对列 brewery_name 不过滤，直接选择所有非无效值。
Block processing time: 0.007067 seconds
Computing Block 96 out of 796
Processing Block size=2
begin cleaner{left: ("[FunctionalDependency:(s: {brewery_id}, t: {brewery_name})]", 0.0), operator: *, right: (1.0, 1.0), result: 0.0}
列 'p' 不存在，对列 brewery_name 不过滤，直接选择所有非无效值。
Block processing time: 0.001498 seconds
Computing Block 97 out of 796
Processing Block size=8
begin cleaner{left: ("[FunctionalDependency:(s: {brewery_id}, t: {brewery_name})]", 0.0), operator: *, right: (1.0, 1.0), result: 0.0}
列 'p' 不存在，对列 brewery_name 不过滤，直接选择所有非无效值。
Block processing time: 0.005672 seconds
Computing Block 98 out of 796
Processing Block size=9
begin cleaner{left: ("[FunctionalDependency:(s: {brewery_id}, t: {brewery_name})]", 0.0), operator: *, right: (1.0, 1.0), result: 0.0}
列 'p' 不存在，对列 brewery_name 不过滤，直接选择所有非无效值。
Block processing time: 0.006394 seconds
Computing Block 100 out of 796
Processing Block size=2
begin cleaner{left: ("[FunctionalDependency:(s: {brewery_id}, t: {brewery_name})]", 0.0), operator: *, right: (1.0, 1.0), result: 0.0}
列 'p' 不存在，对列 brewery_name 不过滤，直接选择所有非无效值。
Block processing time: 0.001501 seconds
Computing Block 101 out of 796
Processing Block size=2
begin cleaner{left: ("[FunctionalDependency:(s: {brewery_id}, t: {brewery_name})]", 0.0), operator: *, right: (1.0, 1.0), result: 0.0}
列 'p' 不存在，对列 brewery_name 不过滤，直接选择所有非无效值。
Block processing time: 0.001494 seconds
Computing Block 102 out of 796
Processing Block size=4
begin cleaner{left: ("[FunctionalDependency:(s: {brewery_id}, t: {brewery_name})]", 0.0), operator: *, right: (1.0, 1.0), result: 0.0}
列 'p' 不存在，对列 brewery_name 不过滤，直接选择所有非无效值。
Block processing time: 0.002995 seconds
Computing Block 103 out of 796
Processing Block size=15
begin cleaner{left: ("[FunctionalDependency:(s: {brewery_id}, t: {brewery_name})]", 0.0), operator: *, right: (1.0, 1.0), result: 0.0}
列 'p' 不存在，对列 brewery_name 不过滤，直接选择所有非无效值。
Block processing time: 0.010568 seconds
Computing Block 105 out of 796
Processing Block size=7
begin cleaner{left: ("[FunctionalDependency:(s: {brewery_id}, t: {brewery_name})]", 0.0), operator: *, right: (1.0, 1.0), result: 0.0}
列 'p' 不存在，对列 brewery_name 不过滤，直接选择所有非无效值。
Block processing time: 0.005044 seconds
Computing Block 108 out of 796
Processing Block size=2
begin cleaner{left: ("[FunctionalDependency:(s: {brewery_id}, t: {brewery_name})]", 0.0), operator: *, right: (1.0, 1.0), result: 0.0}
列 'p' 不存在，对列 brewery_name 不过滤，直接选择所有非无效值。
Block processing time: 0.001536 seconds
Computing Block 109 out of 796
Processing Block size=9
begin cleaner{left: ("[FunctionalDependency:(s: {brewery_id}, t: {brewery_name})]", 0.0), operator: *, right: (1.0, 1.0), result: 0.0}
列 'p' 不存在，对列 brewery_name 不过滤，直接选择所有非无效值。
Block processing time: 0.006418 seconds
Computing Block 110 out of 796
Processing Block size=5
begin cleaner{left: ("[FunctionalDependency:(s: {brewery_id}, t: {brewery_name})]", 0.0), operator: *, right: (1.0, 1.0), result: 0.0}
列 'p' 不存在，对列 brewery_name 不过滤，直接选择所有非无效值。
Block processing time: 0.003583 seconds
Computing Block 111 out of 796
Processing Block size=6
begin cleaner{left: ("[FunctionalDependency:(s: {brewery_id}, t: {brewery_name})]", 0.0), operator: *, right: (1.0, 1.0), result: 0.0}
列 'p' 不存在，对列 brewery_name 不过滤，直接选择所有非无效值。
Block processing time: 0.004256 seconds
Computing Block 115 out of 796
Processing Block size=4
begin cleaner{left: ("[FunctionalDependency:(s: {brewery_id}, t: {brewery_name})]", 0.0), operator: *, right: (1.0, 1.0), result: 0.0}
列 'p' 不存在，对列 brewery_name 不过滤，直接选择所有非无效值。
Block processing time: 0.00288 seconds
Computing Block 116 out of 796
Processing Block size=2
begin cleaner{left: ("[FunctionalDependency:(s: {brewery_id}, t: {brewery_name})]", 0.0), operator: *, right: (1.0, 1.0), result: 0.0}
列 'p' 不存在，对列 brewery_name 不过滤，直接选择所有非无效值。
Block processing time: 0.001518 seconds
Computing Block 117 out of 796
Processing Block size=3
begin cleaner{left: ("[FunctionalDependency:(s: {brewery_id}, t: {brewery_name})]", 0.0), operator: *, right: (1.0, 1.0), result: 0.0}
列 'p' 不存在，对列 brewery_name 不过滤，直接选择所有非无效值。
Block processing time: 0.002196 seconds
Computing Block 119 out of 796
Processing Block size=3
begin cleaner{left: ("[FunctionalDependency:(s: {brewery_id}, t: {brewery_name})]", 0.0), operator: *, right: (1.0, 1.0), result: 0.0}
列 'p' 不存在，对列 brewery_name 不过滤，直接选择所有非无效值。
Block processing time: 0.002312 seconds
Computing Block 124 out of 796
Processing Block size=2
begin cleaner{left: ("[FunctionalDependency:(s: {brewery_id}, t: {brewery_name})]", 0.0), operator: *, right: (1.0, 1.0), result: 0.0}
列 'p' 不存在，对列 brewery_name 不过滤，直接选择所有非无效值。
Block processing time: 0.001497 seconds
Computing Block 125 out of 796
Processing Block size=4
begin cleaner{left: ("[FunctionalDependency:(s: {brewery_id}, t: {brewery_name})]", 0.0), operator: *, right: (1.0, 1.0), result: 0.0}
列 'p' 不存在，对列 brewery_name 不过滤，直接选择所有非无效值。
Block processing time: 0.002911 seconds
Computing Block 128 out of 796
Processing Block size=6
begin cleaner{left: ("[FunctionalDependency:(s: {brewery_id}, t: {brewery_name})]", 0.0), operator: *, right: (1.0, 1.0), result: 0.0}
列 'p' 不存在，对列 brewery_name 不过滤，直接选择所有非无效值。
Block processing time: 0.00433 seconds
Computing Block 130 out of 796
Processing Block size=4
begin cleaner{left: ("[FunctionalDependency:(s: {brewery_id}, t: {brewery_name})]", 0.0), operator: *, right: (1.0, 1.0), result: 0.0}
列 'p' 不存在，对列 brewery_name 不过滤，直接选择所有非无效值。
Block processing time: 0.002885 seconds
Computing Block 131 out of 796
Processing Block size=2
begin cleaner{left: ("[FunctionalDependency:(s: {brewery_id}, t: {brewery_name})]", 0.0), operator: *, right: (1.0, 1.0), result: 0.0}
列 'p' 不存在，对列 brewery_name 不过滤，直接选择所有非无效值。
Block processing time: 0.001496 seconds
Computing Block 132 out of 796
Processing Block size=3
begin cleaner{left: ("[FunctionalDependency:(s: {brewery_id}, t: {brewery_name})]", 0.0), operator: *, right: (1.0, 1.0), result: 0.0}
列 'p' 不存在，对列 brewery_name 不过滤，直接选择所有非无效值。
Block processing time: 0.002235 seconds
Computing Block 136 out of 796
Processing Block size=12
begin cleaner{left: ("[FunctionalDependency:(s: {brewery_id}, t: {brewery_name})]", 0.0), operator: *, right: (1.0, 1.0), result: 0.0}
列 'p' 不存在，对列 brewery_name 不过滤，直接选择所有非无效值。
Block processing time: 0.00863 seconds
Computing Block 138 out of 796
Processing Block size=11
begin cleaner{left: ("[FunctionalDependency:(s: {brewery_id}, t: {brewery_name})]", 0.0), operator: *, right: (1.0, 1.0), result: 0.0}
列 'p' 不存在，对列 brewery_name 不过滤，直接选择所有非无效值。
Block processing time: 0.007833 seconds
Computing Block 139 out of 796
Processing Block size=2
begin cleaner{left: ("[FunctionalDependency:(s: {brewery_id}, t: {brewery_name})]", 0.0), operator: *, right: (1.0, 1.0), result: 0.0}
列 'p' 不存在，对列 brewery_name 不过滤，直接选择所有非无效值。
Block processing time: 0.001541 seconds
Computing Block 140 out of 796
Processing Block size=7
begin cleaner{left: ("[FunctionalDependency:(s: {brewery_id}, t: {brewery_name})]", 0.0), operator: *, right: (1.0, 1.0), result: 0.0}
列 'p' 不存在，对列 brewery_name 不过滤，直接选择所有非无效值。
Block processing time: 0.004979 seconds
Computing Block 141 out of 796
Processing Block size=8
begin cleaner{left: ("[FunctionalDependency:(s: {brewery_id}, t: {brewery_name})]", 0.0), operator: *, right: (1.0, 1.0), result: 0.0}
列 'p' 不存在，对列 brewery_name 不过滤，直接选择所有非无效值。
Block processing time: 0.005683 seconds
Computing Block 142 out of 796
Processing Block size=2
begin cleaner{left: ("[FunctionalDependency:(s: {brewery_id}, t: {brewery_name})]", 0.0), operator: *, right: (1.0, 1.0), result: 0.0}
列 'p' 不存在，对列 brewery_name 不过滤，直接选择所有非无效值。
Block processing time: 0.001498 seconds
Computing Block 146 out of 796
Processing Block size=2
begin cleaner{left: ("[FunctionalDependency:(s: {brewery_id}, t: {brewery_name})]", 0.0), operator: *, right: (1.0, 1.0), result: 0.0}
列 'p' 不存在，对列 brewery_name 不过滤，直接选择所有非无效值。
Block processing time: 0.001535 seconds
Computing Block 147 out of 796
Processing Block size=4
begin cleaner{left: ("[FunctionalDependency:(s: {brewery_id}, t: {brewery_name})]", 0.0), operator: *, right: (1.0, 1.0), result: 0.0}
列 'p' 不存在，对列 brewery_name 不过滤，直接选择所有非无效值。
Block processing time: 0.002893 seconds
Computing Block 150 out of 796
Processing Block size=2
begin cleaner{left: ("[FunctionalDependency:(s: {brewery_id}, t: {brewery_name})]", 0.0), operator: *, right: (1.0, 1.0), result: 0.0}
列 'p' 不存在，对列 brewery_name 不过滤，直接选择所有非无效值。
Block processing time: 0.001528 seconds
Computing Block 152 out of 796
Processing Block size=2
begin cleaner{left: ("[FunctionalDependency:(s: {brewery_id}, t: {brewery_name})]", 0.0), operator: *, right: (1.0, 1.0), result: 0.0}
列 'p' 不存在，对列 brewery_name 不过滤，直接选择所有非无效值。
Block processing time: 0.001527 seconds
Computing Block 154 out of 796
Processing Block size=2
begin cleaner{left: ("[FunctionalDependency:(s: {brewery_id}, t: {brewery_name})]", 0.0), operator: *, right: (1.0, 1.0), result: 0.0}
列 'p' 不存在，对列 brewery_name 不过滤，直接选择所有非无效值。
Block processing time: 0.001497 seconds
Computing Block 156 out of 796
Processing Block size=4
begin cleaner{left: ("[FunctionalDependency:(s: {brewery_id}, t: {brewery_name})]", 0.0), operator: *, right: (1.0, 1.0), result: 0.0}
列 'p' 不存在，对列 brewery_name 不过滤，直接选择所有非无效值。
Block processing time: 0.002889 seconds
Computing Block 157 out of 796
Processing Block size=5
begin cleaner{left: ("[FunctionalDependency:(s: {brewery_id}, t: {brewery_name})]", 0.0), operator: *, right: (1.0, 1.0), result: 0.0}
列 'p' 不存在，对列 brewery_name 不过滤，直接选择所有非无效值。
Block processing time: 0.003611 seconds
Computing Block 161 out of 796
Processing Block size=6
begin cleaner{left: ("[FunctionalDependency:(s: {brewery_id}, t: {brewery_name})]", 0.0), operator: *, right: (1.0, 1.0), result: 0.0}
列 'p' 不存在，对列 brewery_name 不过滤，直接选择所有非无效值。
Block processing time: 0.004302 seconds
Computing Block 162 out of 796
Processing Block size=4
begin cleaner{left: ("[FunctionalDependency:(s: {brewery_id}, t: {brewery_name})]", 0.0), operator: *, right: (1.0, 1.0), result: 0.0}
列 'p' 不存在，对列 brewery_name 不过滤，直接选择所有非无效值。
Block processing time: 0.002935 seconds
Computing Block 163 out of 796
Processing Block size=3
begin cleaner{left: ("[FunctionalDependency:(s: {brewery_id}, t: {brewery_name})]", 0.0), operator: *, right: (1.0, 1.0), result: 0.0}
列 'p' 不存在，对列 brewery_name 不过滤，直接选择所有非无效值。
Block processing time: 0.002223 seconds
Computing Block 164 out of 796
Processing Block size=2
begin cleaner{left: ("[FunctionalDependency:(s: {brewery_id}, t: {brewery_name})]", 0.0), operator: *, right: (1.0, 1.0), result: 0.0}
列 'p' 不存在，对列 brewery_name 不过滤，直接选择所有非无效值。
Block processing time: 0.05317 seconds
Computing Block 166 out of 796
Processing Block size=4
begin cleaner{left: ("[FunctionalDependency:(s: {brewery_id}, t: {brewery_name})]", 0.0), operator: *, right: (1.0, 1.0), result: 0.0}
列 'p' 不存在，对列 brewery_name 不过滤，直接选择所有非无效值。
Block processing time: 0.003014 seconds
Computing Block 167 out of 796
Processing Block size=16
begin cleaner{left: ("[FunctionalDependency:(s: {brewery_id}, t: {brewery_name})]", 0.0), operator: *, right: (1.0, 1.0), result: 0.0}
列 'p' 不存在，对列 brewery_name 不过滤，直接选择所有非无效值。
Block processing time: 0.011318 seconds
Computing Block 168 out of 796
Processing Block size=4
begin cleaner{left: ("[FunctionalDependency:(s: {brewery_id}, t: {brewery_name})]", 0.0), operator: *, right: (1.0, 1.0), result: 0.0}
列 'p' 不存在，对列 brewery_name 不过滤，直接选择所有非无效值。
Block processing time: 0.002932 seconds
Computing Block 169 out of 796
Processing Block size=5
begin cleaner{left: ("[FunctionalDependency:(s: {brewery_id}, t: {brewery_name})]", 0.0), operator: *, right: (1.0, 1.0), result: 0.0}
列 'p' 不存在，对列 brewery_name 不过滤，直接选择所有非无效值。
Block processing time: 0.003625 seconds
Computing Block 172 out of 796
Processing Block size=3
begin cleaner{left: ("[FunctionalDependency:(s: {brewery_id}, t: {brewery_name})]", 0.0), operator: *, right: (1.0, 1.0), result: 0.0}
列 'p' 不存在，对列 brewery_name 不过滤，直接选择所有非无效值。
Block processing time: 0.002289 seconds
Computing Block 173 out of 796
Processing Block size=3
begin cleaner{left: ("[FunctionalDependency:(s: {brewery_id}, t: {brewery_name})]", 0.0), operator: *, right: (1.0, 1.0), result: 0.0}
列 'p' 不存在，对列 brewery_name 不过滤，直接选择所有非无效值。
Block processing time: 0.002277 seconds
Computing Block 175 out of 796
Processing Block size=3
begin cleaner{left: ("[FunctionalDependency:(s: {brewery_id}, t: {brewery_name})]", 0.0), operator: *, right: (1.0, 1.0), result: 0.0}
列 'p' 不存在，对列 brewery_name 不过滤，直接选择所有非无效值。
Block processing time: 0.002236 seconds
Computing Block 180 out of 796
Processing Block size=10
begin cleaner{left: ("[FunctionalDependency:(s: {brewery_id}, t: {brewery_name})]", 0.0), operator: *, right: (1.0, 1.0), result: 0.0}
列 'p' 不存在，对列 brewery_name 不过滤，直接选择所有非无效值。
Block processing time: 0.007059 seconds
Computing Block 181 out of 796
Processing Block size=4
begin cleaner{left: ("[FunctionalDependency:(s: {brewery_id}, t: {brewery_name})]", 0.0), operator: *, right: (1.0, 1.0), result: 0.0}
列 'p' 不存在，对列 brewery_name 不过滤，直接选择所有非无效值。
Block processing time: 0.002962 seconds
Computing Block 182 out of 796
Processing Block size=4
begin cleaner{left: ("[FunctionalDependency:(s: {brewery_id}, t: {brewery_name})]", 0.0), operator: *, right: (1.0, 1.0), result: 0.0}
列 'p' 不存在，对列 brewery_name 不过滤，直接选择所有非无效值。
Block processing time: 0.002889 seconds
Computing Block 184 out of 796
Processing Block size=2
begin cleaner{left: ("[FunctionalDependency:(s: {brewery_id}, t: {brewery_name})]", 0.0), operator: *, right: (1.0, 1.0), result: 0.0}
列 'p' 不存在，对列 brewery_name 不过滤，直接选择所有非无效值。
Block processing time: 0.001506 seconds
Computing Block 186 out of 796
Processing Block size=5
begin cleaner{left: ("[FunctionalDependency:(s: {brewery_id}, t: {brewery_name})]", 0.0), operator: *, right: (1.0, 1.0), result: 0.0}
列 'p' 不存在，对列 brewery_name 不过滤，直接选择所有非无效值。
Block processing time: 0.003627 seconds
Computing Block 189 out of 796
Processing Block size=3
begin cleaner{left: ("[FunctionalDependency:(s: {brewery_id}, t: {brewery_name})]", 0.0), operator: *, right: (1.0, 1.0), result: 0.0}
列 'p' 不存在，对列 brewery_name 不过滤，直接选择所有非无效值。
Block processing time: 0.002225 seconds
Computing Block 190 out of 796
Processing Block size=3
begin cleaner{left: ("[FunctionalDependency:(s: {brewery_id}, t: {brewery_name})]", 0.0), operator: *, right: (1.0, 1.0), result: 0.0}
列 'p' 不存在，对列 brewery_name 不过滤，直接选择所有非无效值。
Block processing time: 0.002187 seconds
Computing Block 191 out of 796
Processing Block size=2
begin cleaner{left: ("[FunctionalDependency:(s: {brewery_id}, t: {brewery_name})]", 0.0), operator: *, right: (1.0, 1.0), result: 0.0}
列 'p' 不存在，对列 brewery_name 不过滤，直接选择所有非无效值。
Block processing time: 0.001518 seconds
Computing Block 193 out of 796
Processing Block size=2
begin cleaner{left: ("[FunctionalDependency:(s: {brewery_id}, t: {brewery_name})]", 0.0), operator: *, right: (1.0, 1.0), result: 0.0}
列 'p' 不存在，对列 brewery_name 不过滤，直接选择所有非无效值。
Block processing time: 0.001627 seconds
Computing Block 194 out of 796
Processing Block size=2
begin cleaner{left: ("[FunctionalDependency:(s: {brewery_id}, t: {brewery_name})]", 0.0), operator: *, right: (1.0, 1.0), result: 0.0}
列 'p' 不存在，对列 brewery_name 不过滤，直接选择所有非无效值。
Block processing time: 0.001874 seconds
Computing Block 198 out of 796
Processing Block size=5
begin cleaner{left: ("[FunctionalDependency:(s: {brewery_id}, t: {brewery_name})]", 0.0), operator: *, right: (1.0, 1.0), result: 0.0}
列 'p' 不存在，对列 brewery_name 不过滤，直接选择所有非无效值。
Block processing time: 0.003909 seconds
Computing Block 201 out of 796
Processing Block size=3
begin cleaner{left: ("[FunctionalDependency:(s: {brewery_id}, t: {brewery_name})]", 0.0), operator: *, right: (1.0, 1.0), result: 0.0}
列 'p' 不存在，对列 brewery_name 不过滤，直接选择所有非无效值。
Block processing time: 0.002377 seconds
Computing Block 203 out of 796
Processing Block size=3
begin cleaner{left: ("[FunctionalDependency:(s: {brewery_id}, t: {brewery_name})]", 0.0), operator: *, right: (1.0, 1.0), result: 0.0}
列 'p' 不存在，对列 brewery_name 不过滤，直接选择所有非无效值。
Block processing time: 0.002386 seconds
Computing Block 204 out of 796
Processing Block size=3
begin cleaner{left: ("[FunctionalDependency:(s: {brewery_id}, t: {brewery_name})]", 0.0), operator: *, right: (1.0, 1.0), result: 0.0}
列 'p' 不存在，对列 brewery_name 不过滤，直接选择所有非无效值。
Block processing time: 0.002376 seconds
Computing Block 206 out of 796
Processing Block size=2
begin cleaner{left: ("[FunctionalDependency:(s: {brewery_id}, t: {brewery_name})]", 0.0), operator: *, right: (1.0, 1.0), result: 0.0}
列 'p' 不存在，对列 brewery_name 不过滤，直接选择所有非无效值。
Block processing time: 0.001624 seconds
Computing Block 207 out of 796
Processing Block size=7
begin cleaner{left: ("[FunctionalDependency:(s: {brewery_id}, t: {brewery_name})]", 0.0), operator: *, right: (1.0, 1.0), result: 0.0}
列 'p' 不存在，对列 brewery_name 不过滤，直接选择所有非无效值。
Block processing time: 0.005413 seconds
Computing Block 210 out of 796
Processing Block size=4
begin cleaner{left: ("[FunctionalDependency:(s: {brewery_id}, t: {brewery_name})]", 0.0), operator: *, right: (1.0, 1.0), result: 0.0}
列 'p' 不存在，对列 brewery_name 不过滤，直接选择所有非无效值。
Block processing time: 0.002984 seconds
Computing Block 211 out of 796
Processing Block size=2
begin cleaner{left: ("[FunctionalDependency:(s: {brewery_id}, t: {brewery_name})]", 0.0), operator: *, right: (1.0, 1.0), result: 0.0}
列 'p' 不存在，对列 brewery_name 不过滤，直接选择所有非无效值。
Block processing time: 0.001515 seconds
Computing Block 212 out of 796
Processing Block size=5
begin cleaner{left: ("[FunctionalDependency:(s: {brewery_id}, t: {brewery_name})]", 0.0), operator: *, right: (1.0, 1.0), result: 0.0}
列 'p' 不存在，对列 brewery_name 不过滤，直接选择所有非无效值。
Block processing time: 0.003667 seconds
Computing Block 214 out of 796
Processing Block size=4
begin cleaner{left: ("[FunctionalDependency:(s: {brewery_id}, t: {brewery_name})]", 0.0), operator: *, right: (1.0, 1.0), result: 0.0}
列 'p' 不存在，对列 brewery_name 不过滤，直接选择所有非无效值。
Block processing time: 0.00291 seconds
Computing Block 215 out of 796
Processing Block size=4
begin cleaner{left: ("[FunctionalDependency:(s: {brewery_id}, t: {brewery_name})]", 0.0), operator: *, right: (1.0, 1.0), result: 0.0}
列 'p' 不存在，对列 brewery_name 不过滤，直接选择所有非无效值。
Block processing time: 0.003027 seconds
Computing Block 218 out of 796
Processing Block size=3
begin cleaner{left: ("[FunctionalDependency:(s: {brewery_id}, t: {brewery_name})]", 0.0), operator: *, right: (1.0, 1.0), result: 0.0}
列 'p' 不存在，对列 brewery_name 不过滤，直接选择所有非无效值。
Block processing time: 0.002249 seconds
Computing Block 219 out of 796
Processing Block size=3
begin cleaner{left: ("[FunctionalDependency:(s: {brewery_id}, t: {brewery_name})]", 0.0), operator: *, right: (1.0, 1.0), result: 0.0}
列 'p' 不存在，对列 brewery_name 不过滤，直接选择所有非无效值。
Block processing time: 0.002231 seconds
Computing Block 220 out of 796
Processing Block size=7
begin cleaner{left: ("[FunctionalDependency:(s: {brewery_id}, t: {brewery_name})]", 0.0), operator: *, right: (1.0, 1.0), result: 0.0}
列 'p' 不存在，对列 brewery_name 不过滤，直接选择所有非无效值。
Block processing time: 0.004967 seconds
Computing Block 227 out of 796
Processing Block size=3
begin cleaner{left: ("[FunctionalDependency:(s: {brewery_id}, t: {brewery_name})]", 0.0), operator: *, right: (1.0, 1.0), result: 0.0}
列 'p' 不存在，对列 brewery_name 不过滤，直接选择所有非无效值。
Block processing time: 0.002205 seconds
Computing Block 235 out of 796
Processing Block size=60
begin cleaner{left: ("[FunctionalDependency:(s: {brewery_id}, t: {brewery_name})]", 0.0), operator: *, right: (1.0, 1.0), result: 0.0}
列 'p' 不存在，对列 brewery_name 不过滤，直接选择所有非无效值。
Block processing time: 0.042029 seconds
Computing Block 236 out of 796
Processing Block size=2
begin cleaner{left: ("[FunctionalDependency:(s: {brewery_id}, t: {brewery_name})]", 0.0), operator: *, right: (1.0, 1.0), result: 0.0}
列 'p' 不存在，对列 brewery_name 不过滤，直接选择所有非无效值。
Block processing time: 0.001521 seconds
Computing Block 238 out of 796
Processing Block size=5
begin cleaner{left: ("[FunctionalDependency:(s: {brewery_id}, t: {brewery_name})]", 0.0), operator: *, right: (1.0, 1.0), result: 0.0}
列 'p' 不存在，对列 brewery_name 不过滤，直接选择所有非无效值。
Block processing time: 0.003596 seconds
Computing Block 241 out of 796
Processing Block size=4
begin cleaner{left: ("[FunctionalDependency:(s: {brewery_id}, t: {brewery_name})]", 0.0), operator: *, right: (1.0, 1.0), result: 0.0}
列 'p' 不存在，对列 brewery_name 不过滤，直接选择所有非无效值。
Block processing time: 0.002885 seconds
Computing Block 243 out of 796
Processing Block size=6
begin cleaner{left: ("[FunctionalDependency:(s: {brewery_id}, t: {brewery_name})]", 0.0), operator: *, right: (1.0, 1.0), result: 0.0}
列 'p' 不存在，对列 brewery_name 不过滤，直接选择所有非无效值。
Block processing time: 0.004257 seconds
Computing Block 244 out of 796
Processing Block size=2
begin cleaner{left: ("[FunctionalDependency:(s: {brewery_id}, t: {brewery_name})]", 0.0), operator: *, right: (1.0, 1.0), result: 0.0}
列 'p' 不存在，对列 brewery_name 不过滤，直接选择所有非无效值。
Block processing time: 0.001545 seconds
Computing Block 245 out of 796
Processing Block size=5
begin cleaner{left: ("[FunctionalDependency:(s: {brewery_id}, t: {brewery_name})]", 0.0), operator: *, right: (1.0, 1.0), result: 0.0}
列 'p' 不存在，对列 brewery_name 不过滤，直接选择所有非无效值。
Block processing time: 0.003568 seconds
Computing Block 248 out of 796
Processing Block size=3
begin cleaner{left: ("[FunctionalDependency:(s: {brewery_id}, t: {brewery_name})]", 0.0), operator: *, right: (1.0, 1.0), result: 0.0}
列 'p' 不存在，对列 brewery_name 不过滤，直接选择所有非无效值。
Block processing time: 0.002188 seconds
Computing Block 249 out of 796
Processing Block size=8
begin cleaner{left: ("[FunctionalDependency:(s: {brewery_id}, t: {brewery_name})]", 0.0), operator: *, right: (1.0, 1.0), result: 0.0}
列 'p' 不存在，对列 brewery_name 不过滤，直接选择所有非无效值。
Block processing time: 0.005683 seconds
Computing Block 250 out of 796
Processing Block size=3
begin cleaner{left: ("[FunctionalDependency:(s: {brewery_id}, t: {brewery_name})]", 0.0), operator: *, right: (1.0, 1.0), result: 0.0}
列 'p' 不存在，对列 brewery_name 不过滤，直接选择所有非无效值。
Block processing time: 0.002187 seconds
Computing Block 251 out of 796
Processing Block size=2
begin cleaner{left: ("[FunctionalDependency:(s: {brewery_id}, t: {brewery_name})]", 0.0), operator: *, right: (1.0, 1.0), result: 0.0}
列 'p' 不存在，对列 brewery_name 不过滤，直接选择所有非无效值。
Block processing time: 0.001538 seconds
Computing Block 253 out of 796
Processing Block size=5
begin cleaner{left: ("[FunctionalDependency:(s: {brewery_id}, t: {brewery_name})]", 0.0), operator: *, right: (1.0, 1.0), result: 0.0}
列 'p' 不存在，对列 brewery_name 不过滤，直接选择所有非无效值。
Block processing time: 0.003565 seconds
Computing Block 254 out of 796
Processing Block size=5
begin cleaner{left: ("[FunctionalDependency:(s: {brewery_id}, t: {brewery_name})]", 0.0), operator: *, right: (1.0, 1.0), result: 0.0}
列 'p' 不存在，对列 brewery_name 不过滤，直接选择所有非无效值。
Block processing time: 0.003609 seconds
Computing Block 258 out of 796
Processing Block size=2
begin cleaner{left: ("[FunctionalDependency:(s: {brewery_id}, t: {brewery_name})]", 0.0), operator: *, right: (1.0, 1.0), result: 0.0}
列 'p' 不存在，对列 brewery_name 不过滤，直接选择所有非无效值。
Block processing time: 0.001502 seconds
Computing Block 259 out of 796
Processing Block size=6
begin cleaner{left: ("[FunctionalDependency:(s: {brewery_id}, t: {brewery_name})]", 0.0), operator: *, right: (1.0, 1.0), result: 0.0}
列 'p' 不存在，对列 brewery_name 不过滤，直接选择所有非无效值。
Block processing time: 0.004309 seconds
Computing Block 264 out of 796
Processing Block size=3
begin cleaner{left: ("[FunctionalDependency:(s: {brewery_id}, t: {brewery_name})]", 0.0), operator: *, right: (1.0, 1.0), result: 0.0}
列 'p' 不存在，对列 brewery_name 不过滤，直接选择所有非无效值。
Block processing time: 0.002241 seconds
Computing Block 267 out of 796
Processing Block size=3
begin cleaner{left: ("[FunctionalDependency:(s: {brewery_id}, t: {brewery_name})]", 0.0), operator: *, right: (1.0, 1.0), result: 0.0}
列 'p' 不存在，对列 brewery_name 不过滤，直接选择所有非无效值。
Block processing time: 0.002201 seconds
Computing Block 269 out of 796
Processing Block size=7
begin cleaner{left: ("[FunctionalDependency:(s: {brewery_id}, t: {brewery_name})]", 0.0), operator: *, right: (1.0, 1.0), result: 0.0}
列 'p' 不存在，对列 brewery_name 不过滤，直接选择所有非无效值。
Block processing time: 0.005018 seconds
Computing Block 270 out of 796
Processing Block size=3
begin cleaner{left: ("[FunctionalDependency:(s: {brewery_id}, t: {brewery_name})]", 0.0), operator: *, right: (1.0, 1.0), result: 0.0}
列 'p' 不存在，对列 brewery_name 不过滤，直接选择所有非无效值。
Block processing time: 0.002189 seconds
Computing Block 272 out of 796
Processing Block size=2
begin cleaner{left: ("[FunctionalDependency:(s: {brewery_id}, t: {brewery_name})]", 0.0), operator: *, right: (1.0, 1.0), result: 0.0}
列 'p' 不存在，对列 brewery_name 不过滤，直接选择所有非无效值。
Block processing time: 0.001501 seconds
Computing Block 273 out of 796
Processing Block size=2
begin cleaner{left: ("[FunctionalDependency:(s: {brewery_id}, t: {brewery_name})]", 0.0), operator: *, right: (1.0, 1.0), result: 0.0}
列 'p' 不存在，对列 brewery_name 不过滤，直接选择所有非无效值。
Block processing time: 0.001532 seconds
Computing Block 276 out of 796
Processing Block size=4
begin cleaner{left: ("[FunctionalDependency:(s: {brewery_id}, t: {brewery_name})]", 0.0), operator: *, right: (1.0, 1.0), result: 0.0}
列 'p' 不存在，对列 brewery_name 不过滤，直接选择所有非无效值。
Block processing time: 0.002877 seconds
Computing Block 277 out of 796
Processing Block size=9
begin cleaner{left: ("[FunctionalDependency:(s: {brewery_id}, t: {brewery_name})]", 0.0), operator: *, right: (1.0, 1.0), result: 0.0}
列 'p' 不存在，对列 brewery_name 不过滤，直接选择所有非无效值。
Block processing time: 0.006308 seconds
Computing Block 280 out of 796
Processing Block size=7
begin cleaner{left: ("[FunctionalDependency:(s: {brewery_id}, t: {brewery_name})]", 0.0), operator: *, right: (1.0, 1.0), result: 0.0}
列 'p' 不存在，对列 brewery_name 不过滤，直接选择所有非无效值。
Block processing time: 0.004971 seconds
Computing Block 281 out of 796
Processing Block size=2
begin cleaner{left: ("[FunctionalDependency:(s: {brewery_id}, t: {brewery_name})]", 0.0), operator: *, right: (1.0, 1.0), result: 0.0}
列 'p' 不存在，对列 brewery_name 不过滤，直接选择所有非无效值。
Block processing time: 0.001496 seconds
Computing Block 283 out of 796
Processing Block size=2
begin cleaner{left: ("[FunctionalDependency:(s: {brewery_id}, t: {brewery_name})]", 0.0), operator: *, right: (1.0, 1.0), result: 0.0}
列 'p' 不存在，对列 brewery_name 不过滤，直接选择所有非无效值。
Block processing time: 0.001513 seconds
Computing Block 285 out of 796
Processing Block size=3
begin cleaner{left: ("[FunctionalDependency:(s: {brewery_id}, t: {brewery_name})]", 0.0), operator: *, right: (1.0, 1.0), result: 0.0}
列 'p' 不存在，对列 brewery_name 不过滤，直接选择所有非无效值。
Block processing time: 0.002181 seconds
Computing Block 289 out of 796
Processing Block size=16
begin cleaner{left: ("[FunctionalDependency:(s: {brewery_id}, t: {brewery_name})]", 0.0), operator: *, right: (1.0, 1.0), result: 0.0}
列 'p' 不存在，对列 brewery_name 不过滤，直接选择所有非无效值。
Block processing time: 0.011254 seconds
Computing Block 290 out of 796
Processing Block size=2
begin cleaner{left: ("[FunctionalDependency:(s: {brewery_id}, t: {brewery_name})]", 0.0), operator: *, right: (1.0, 1.0), result: 0.0}
列 'p' 不存在，对列 brewery_name 不过滤，直接选择所有非无效值。
Block processing time: 0.001539 seconds
Computing Block 291 out of 796
Processing Block size=5
begin cleaner{left: ("[FunctionalDependency:(s: {brewery_id}, t: {brewery_name})]", 0.0), operator: *, right: (1.0, 1.0), result: 0.0}
列 'p' 不存在，对列 brewery_name 不过滤，直接选择所有非无效值。
Block processing time: 0.003593 seconds
Computing Block 292 out of 796
Processing Block size=3
begin cleaner{left: ("[FunctionalDependency:(s: {brewery_id}, t: {brewery_name})]", 0.0), operator: *, right: (1.0, 1.0), result: 0.0}
列 'p' 不存在，对列 brewery_name 不过滤，直接选择所有非无效值。
Block processing time: 0.002188 seconds
Computing Block 295 out of 796
Processing Block size=17
begin cleaner{left: ("[FunctionalDependency:(s: {brewery_id}, t: {brewery_name})]", 0.0), operator: *, right: (1.0, 1.0), result: 0.0}
列 'p' 不存在，对列 brewery_name 不过滤，直接选择所有非无效值。
Block processing time: 0.012012 seconds
Computing Block 297 out of 796
Processing Block size=2
begin cleaner{left: ("[FunctionalDependency:(s: {brewery_id}, t: {brewery_name})]", 0.0), operator: *, right: (1.0, 1.0), result: 0.0}
列 'p' 不存在，对列 brewery_name 不过滤，直接选择所有非无效值。
Block processing time: 0.001505 seconds
Computing Block 299 out of 796
Processing Block size=2
begin cleaner{left: ("[FunctionalDependency:(s: {brewery_id}, t: {brewery_name})]", 0.0), operator: *, right: (1.0, 1.0), result: 0.0}
列 'p' 不存在，对列 brewery_name 不过滤，直接选择所有非无效值。
Block processing time: 0.001485 seconds
Computing Block 305 out of 796
Processing Block size=2
begin cleaner{left: ("[FunctionalDependency:(s: {brewery_id}, t: {brewery_name})]", 0.0), operator: *, right: (1.0, 1.0), result: 0.0}
列 'p' 不存在，对列 brewery_name 不过滤，直接选择所有非无效值。
Block processing time: 0.001499 seconds
Computing Block 306 out of 796
Processing Block size=3
begin cleaner{left: ("[FunctionalDependency:(s: {brewery_id}, t: {brewery_name})]", 0.0), operator: *, right: (1.0, 1.0), result: 0.0}
列 'p' 不存在，对列 brewery_name 不过滤，直接选择所有非无效值。
Block processing time: 0.002214 seconds
Computing Block 308 out of 796
Processing Block size=3
begin cleaner{left: ("[FunctionalDependency:(s: {brewery_id}, t: {brewery_name})]", 0.0), operator: *, right: (1.0, 1.0), result: 0.0}
列 'p' 不存在，对列 brewery_name 不过滤，直接选择所有非无效值。
Block processing time: 0.002195 seconds
Computing Block 309 out of 796
Processing Block size=3
begin cleaner{left: ("[FunctionalDependency:(s: {brewery_id}, t: {brewery_name})]", 0.0), operator: *, right: (1.0, 1.0), result: 0.0}
列 'p' 不存在，对列 brewery_name 不过滤，直接选择所有非无效值。
Block processing time: 0.002186 seconds
Computing Block 311 out of 796
Processing Block size=2
begin cleaner{left: ("[FunctionalDependency:(s: {brewery_id}, t: {brewery_name})]", 0.0), operator: *, right: (1.0, 1.0), result: 0.0}
列 'p' 不存在，对列 brewery_name 不过滤，直接选择所有非无效值。
Block processing time: 0.001503 seconds
Computing Block 313 out of 796
Processing Block size=2
begin cleaner{left: ("[FunctionalDependency:(s: {brewery_id}, t: {brewery_name})]", 0.0), operator: *, right: (1.0, 1.0), result: 0.0}
列 'p' 不存在，对列 brewery_name 不过滤，直接选择所有非无效值。
Block processing time: 0.001499 seconds
Computing Block 314 out of 796
Processing Block size=13
begin cleaner{left: ("[FunctionalDependency:(s: {brewery_id}, t: {brewery_name})]", 0.0), operator: *, right: (1.0, 1.0), result: 0.0}
列 'p' 不存在，对列 brewery_name 不过滤，直接选择所有非无效值。
Block processing time: 0.009116 seconds
Computing Block 317 out of 796
Processing Block size=2
begin cleaner{left: ("[FunctionalDependency:(s: {brewery_id}, t: {brewery_name})]", 0.0), operator: *, right: (1.0, 1.0), result: 0.0}
列 'p' 不存在，对列 brewery_name 不过滤，直接选择所有非无效值。
Block processing time: 0.001501 seconds
Computing Block 318 out of 796
Processing Block size=4
begin cleaner{left: ("[FunctionalDependency:(s: {brewery_id}, t: {brewery_name})]", 0.0), operator: *, right: (1.0, 1.0), result: 0.0}
列 'p' 不存在，对列 brewery_name 不过滤，直接选择所有非无效值。
Block processing time: 0.002897 seconds
Computing Block 319 out of 796
Processing Block size=2
begin cleaner{left: ("[FunctionalDependency:(s: {brewery_id}, t: {brewery_name})]", 0.0), operator: *, right: (1.0, 1.0), result: 0.0}
列 'p' 不存在，对列 brewery_name 不过滤，直接选择所有非无效值。
Block processing time: 0.001494 seconds
Computing Block 320 out of 796
Processing Block size=3
begin cleaner{left: ("[FunctionalDependency:(s: {brewery_id}, t: {brewery_name})]", 0.0), operator: *, right: (1.0, 1.0), result: 0.0}
列 'p' 不存在，对列 brewery_name 不过滤，直接选择所有非无效值。
Block processing time: 0.002221 seconds
Computing Block 322 out of 796
Processing Block size=7
begin cleaner{left: ("[FunctionalDependency:(s: {brewery_id}, t: {brewery_name})]", 0.0), operator: *, right: (1.0, 1.0), result: 0.0}
列 'p' 不存在，对列 brewery_name 不过滤，直接选择所有非无效值。
Block processing time: 0.004936 seconds
Computing Block 323 out of 796
Processing Block size=14
begin cleaner{left: ("[FunctionalDependency:(s: {brewery_id}, t: {brewery_name})]", 0.0), operator: *, right: (1.0, 1.0), result: 0.0}
列 'p' 不存在，对列 brewery_name 不过滤，直接选择所有非无效值。
Block processing time: 0.010376 seconds
Computing Block 324 out of 796
Processing Block size=3
begin cleaner{left: ("[FunctionalDependency:(s: {brewery_id}, t: {brewery_name})]", 0.0), operator: *, right: (1.0, 1.0), result: 0.0}
列 'p' 不存在，对列 brewery_name 不过滤，直接选择所有非无效值。
Block processing time: 0.002188 seconds
Computing Block 326 out of 796
Processing Block size=5
begin cleaner{left: ("[FunctionalDependency:(s: {brewery_id}, t: {brewery_name})]", 0.0), operator: *, right: (1.0, 1.0), result: 0.0}
列 'p' 不存在，对列 brewery_name 不过滤，直接选择所有非无效值。
Block processing time: 0.003585 seconds
Computing Block 331 out of 796
Processing Block size=2
begin cleaner{left: ("[FunctionalDependency:(s: {brewery_id}, t: {brewery_name})]", 0.0), operator: *, right: (1.0, 1.0), result: 0.0}
列 'p' 不存在，对列 brewery_name 不过滤，直接选择所有非无效值。
Block processing time: 0.001487 seconds
Computing Block 332 out of 796
Processing Block size=8
begin cleaner{left: ("[FunctionalDependency:(s: {brewery_id}, t: {brewery_name})]", 0.0), operator: *, right: (1.0, 1.0), result: 0.0}
列 'p' 不存在，对列 brewery_name 不过滤，直接选择所有非无效值。
Block processing time: 0.005647 seconds
Computing Block 333 out of 796
Processing Block size=2
begin cleaner{left: ("[FunctionalDependency:(s: {brewery_id}, t: {brewery_name})]", 0.0), operator: *, right: (1.0, 1.0), result: 0.0}
列 'p' 不存在，对列 brewery_name 不过滤，直接选择所有非无效值。
Block processing time: 0.001496 seconds
Computing Block 334 out of 796
Processing Block size=3
begin cleaner{left: ("[FunctionalDependency:(s: {brewery_id}, t: {brewery_name})]", 0.0), operator: *, right: (1.0, 1.0), result: 0.0}
列 'p' 不存在，对列 brewery_name 不过滤，直接选择所有非无效值。
Block processing time: 0.002185 seconds
Computing Block 335 out of 796
Processing Block size=3
begin cleaner{left: ("[FunctionalDependency:(s: {brewery_id}, t: {brewery_name})]", 0.0), operator: *, right: (1.0, 1.0), result: 0.0}
列 'p' 不存在，对列 brewery_name 不过滤，直接选择所有非无效值。
Block processing time: 0.002237 seconds
Computing Block 336 out of 796
Processing Block size=2
begin cleaner{left: ("[FunctionalDependency:(s: {brewery_id}, t: {brewery_name})]", 0.0), operator: *, right: (1.0, 1.0), result: 0.0}
列 'p' 不存在，对列 brewery_name 不过滤，直接选择所有非无效值。
Block processing time: 0.001543 seconds
Computing Block 338 out of 796
Processing Block size=22
begin cleaner{left: ("[FunctionalDependency:(s: {brewery_id}, t: {brewery_name})]", 0.0), operator: *, right: (1.0, 1.0), result: 0.0}
列 'p' 不存在，对列 brewery_name 不过滤，直接选择所有非无效值。
Block processing time: 0.015343 seconds
Computing Block 340 out of 796
Processing Block size=4
begin cleaner{left: ("[FunctionalDependency:(s: {brewery_id}, t: {brewery_name})]", 0.0), operator: *, right: (1.0, 1.0), result: 0.0}
列 'p' 不存在，对列 brewery_name 不过滤，直接选择所有非无效值。
Block processing time: 0.002893 seconds
Computing Block 343 out of 796
Processing Block size=9
begin cleaner{left: ("[FunctionalDependency:(s: {brewery_id}, t: {brewery_name})]", 0.0), operator: *, right: (1.0, 1.0), result: 0.0}
列 'p' 不存在，对列 brewery_name 不过滤，直接选择所有非无效值。
Block processing time: 0.006346 seconds
Computing Block 346 out of 796
Processing Block size=2
begin cleaner{left: ("[FunctionalDependency:(s: {brewery_id}, t: {brewery_name})]", 0.0), operator: *, right: (1.0, 1.0), result: 0.0}
列 'p' 不存在，对列 brewery_name 不过滤，直接选择所有非无效值。
Block processing time: 0.001494 seconds
Computing Block 347 out of 796
Processing Block size=6
begin cleaner{left: ("[FunctionalDependency:(s: {brewery_id}, t: {brewery_name})]", 0.0), operator: *, right: (1.0, 1.0), result: 0.0}
列 'p' 不存在，对列 brewery_name 不过滤，直接选择所有非无效值。
Block processing time: 0.004262 seconds
Computing Block 349 out of 796
Processing Block size=4
begin cleaner{left: ("[FunctionalDependency:(s: {brewery_id}, t: {brewery_name})]", 0.0), operator: *, right: (1.0, 1.0), result: 0.0}
列 'p' 不存在，对列 brewery_name 不过滤，直接选择所有非无效值。
Block processing time: 0.002896 seconds
Computing Block 353 out of 796
Processing Block size=2
begin cleaner{left: ("[FunctionalDependency:(s: {brewery_id}, t: {brewery_name})]", 0.0), operator: *, right: (1.0, 1.0), result: 0.0}
列 'p' 不存在，对列 brewery_name 不过滤，直接选择所有非无效值。
Block processing time: 0.001493 seconds
Computing Block 357 out of 796
Processing Block size=7
begin cleaner{left: ("[FunctionalDependency:(s: {brewery_id}, t: {brewery_name})]", 0.0), operator: *, right: (1.0, 1.0), result: 0.0}
列 'p' 不存在，对列 brewery_name 不过滤，直接选择所有非无效值。
Block processing time: 0.005004 seconds
Computing Block 360 out of 796
Processing Block size=7
begin cleaner{left: ("[FunctionalDependency:(s: {brewery_id}, t: {brewery_name})]", 0.0), operator: *, right: (1.0, 1.0), result: 0.0}
列 'p' 不存在，对列 brewery_name 不过滤，直接选择所有非无效值。
Block processing time: 0.004938 seconds
Computing Block 363 out of 796
Processing Block size=6
begin cleaner{left: ("[FunctionalDependency:(s: {brewery_id}, t: {brewery_name})]", 0.0), operator: *, right: (1.0, 1.0), result: 0.0}
列 'p' 不存在，对列 brewery_name 不过滤，直接选择所有非无效值。
Block processing time: 0.004268 seconds
Computing Block 369 out of 796
Processing Block size=3
begin cleaner{left: ("[FunctionalDependency:(s: {brewery_id}, t: {brewery_name})]", 0.0), operator: *, right: (1.0, 1.0), result: 0.0}
列 'p' 不存在，对列 brewery_name 不过滤，直接选择所有非无效值。
Block processing time: 0.002195 seconds
Computing Block 370 out of 796
Processing Block size=4
begin cleaner{left: ("[FunctionalDependency:(s: {brewery_id}, t: {brewery_name})]", 0.0), operator: *, right: (1.0, 1.0), result: 0.0}
列 'p' 不存在，对列 brewery_name 不过滤，直接选择所有非无效值。
Block processing time: 0.002887 seconds
Computing Block 373 out of 796
Processing Block size=3
begin cleaner{left: ("[FunctionalDependency:(s: {brewery_id}, t: {brewery_name})]", 0.0), operator: *, right: (1.0, 1.0), result: 0.0}
列 'p' 不存在，对列 brewery_name 不过滤，直接选择所有非无效值。
Block processing time: 0.002207 seconds
Computing Block 374 out of 796
Processing Block size=2
begin cleaner{left: ("[FunctionalDependency:(s: {brewery_id}, t: {brewery_name})]", 0.0), operator: *, right: (1.0, 1.0), result: 0.0}
列 'p' 不存在，对列 brewery_name 不过滤，直接选择所有非无效值。
Block processing time: 0.001492 seconds
Computing Block 375 out of 796
Processing Block size=2
begin cleaner{left: ("[FunctionalDependency:(s: {brewery_id}, t: {brewery_name})]", 0.0), operator: *, right: (1.0, 1.0), result: 0.0}
列 'p' 不存在，对列 brewery_name 不过滤，直接选择所有非无效值。
Block processing time: 0.001528 seconds
Computing Block 379 out of 796
Processing Block size=11
begin cleaner{left: ("[FunctionalDependency:(s: {brewery_id}, t: {brewery_name})]", 0.0), operator: *, right: (1.0, 1.0), result: 0.0}
列 'p' 不存在，对列 brewery_name 不过滤，直接选择所有非无效值。
Block processing time: 0.007714 seconds
Computing Block 381 out of 796
Processing Block size=9
begin cleaner{left: ("[FunctionalDependency:(s: {brewery_id}, t: {brewery_name})]", 0.0), operator: *, right: (1.0, 1.0), result: 0.0}
列 'p' 不存在，对列 brewery_name 不过滤，直接选择所有非无效值。
Block processing time: 0.00636 seconds
Computing Block 382 out of 796
Processing Block size=2
begin cleaner{left: ("[FunctionalDependency:(s: {brewery_id}, t: {brewery_name})]", 0.0), operator: *, right: (1.0, 1.0), result: 0.0}
列 'p' 不存在，对列 brewery_name 不过滤，直接选择所有非无效值。
Block processing time: 0.001493 seconds
Computing Block 384 out of 796
Processing Block size=2
begin cleaner{left: ("[FunctionalDependency:(s: {brewery_id}, t: {brewery_name})]", 0.0), operator: *, right: (1.0, 1.0), result: 0.0}
列 'p' 不存在，对列 brewery_name 不过滤，直接选择所有非无效值。
Block processing time: 0.001489 seconds
Computing Block 385 out of 796
Processing Block size=3
begin cleaner{left: ("[FunctionalDependency:(s: {brewery_id}, t: {brewery_name})]", 0.0), operator: *, right: (1.0, 1.0), result: 0.0}
列 'p' 不存在，对列 brewery_name 不过滤，直接选择所有非无效值。
Block processing time: 0.002236 seconds
Computing Block 386 out of 796
Processing Block size=2
begin cleaner{left: ("[FunctionalDependency:(s: {brewery_id}, t: {brewery_name})]", 0.0), operator: *, right: (1.0, 1.0), result: 0.0}
列 'p' 不存在，对列 brewery_name 不过滤，直接选择所有非无效值。
Block processing time: 0.001507 seconds
Computing Block 393 out of 796
Processing Block size=2
begin cleaner{left: ("[FunctionalDependency:(s: {brewery_id}, t: {brewery_name})]", 0.0), operator: *, right: (1.0, 1.0), result: 0.0}
列 'p' 不存在，对列 brewery_name 不过滤，直接选择所有非无效值。
Block processing time: 0.001495 seconds
Computing Block 396 out of 796
Processing Block size=5
begin cleaner{left: ("[FunctionalDependency:(s: {brewery_id}, t: {brewery_name})]", 0.0), operator: *, right: (1.0, 1.0), result: 0.0}
列 'p' 不存在，对列 brewery_name 不过滤，直接选择所有非无效值。
Block processing time: 0.003631 seconds
Computing Block 397 out of 796
Processing Block size=5
begin cleaner{left: ("[FunctionalDependency:(s: {brewery_id}, t: {brewery_name})]", 0.0), operator: *, right: (1.0, 1.0), result: 0.0}
列 'p' 不存在，对列 brewery_name 不过滤，直接选择所有非无效值。
Block processing time: 0.003556 seconds
Computing Block 398 out of 796
Processing Block size=3
begin cleaner{left: ("[FunctionalDependency:(s: {brewery_id}, t: {brewery_name})]", 0.0), operator: *, right: (1.0, 1.0), result: 0.0}
列 'p' 不存在，对列 brewery_name 不过滤，直接选择所有非无效值。
Block processing time: 0.002178 seconds
Computing Block 399 out of 796
Processing Block size=2
begin cleaner{left: ("[FunctionalDependency:(s: {brewery_id}, t: {brewery_name})]", 0.0), operator: *, right: (1.0, 1.0), result: 0.0}
列 'p' 不存在，对列 brewery_name 不过滤，直接选择所有非无效值。
Block processing time: 0.001488 seconds
Computing Block 401 out of 796
Processing Block size=14
begin cleaner{left: ("[FunctionalDependency:(s: {brewery_id}, t: {brewery_name})]", 0.0), operator: *, right: (1.0, 1.0), result: 0.0}
列 'p' 不存在，对列 brewery_name 不过滤，直接选择所有非无效值。
Block processing time: 0.009837 seconds
Computing Block 406 out of 796
Processing Block size=2
begin cleaner{left: ("[FunctionalDependency:(s: {brewery_id}, t: {brewery_name})]", 0.0), operator: *, right: (1.0, 1.0), result: 0.0}
列 'p' 不存在，对列 brewery_name 不过滤，直接选择所有非无效值。
Block processing time: 0.001515 seconds
Computing Block 407 out of 796
Processing Block size=2
begin cleaner{left: ("[FunctionalDependency:(s: {brewery_id}, t: {brewery_name})]", 0.0), operator: *, right: (1.0, 1.0), result: 0.0}
列 'p' 不存在，对列 brewery_name 不过滤，直接选择所有非无效值。
Block processing time: 0.001489 seconds
Computing Block 411 out of 796
Processing Block size=4
begin cleaner{left: ("[FunctionalDependency:(s: {brewery_id}, t: {brewery_name})]", 0.0), operator: *, right: (1.0, 1.0), result: 0.0}
列 'p' 不存在，对列 brewery_name 不过滤，直接选择所有非无效值。
Block processing time: 0.002885 seconds
Computing Block 414 out of 796
Processing Block size=2
begin cleaner{left: ("[FunctionalDependency:(s: {brewery_id}, t: {brewery_name})]", 0.0), operator: *, right: (1.0, 1.0), result: 0.0}
列 'p' 不存在，对列 brewery_name 不过滤，直接选择所有非无效值。
Block processing time: 0.001501 seconds
Computing Block 415 out of 796
Processing Block size=3
begin cleaner{left: ("[FunctionalDependency:(s: {brewery_id}, t: {brewery_name})]", 0.0), operator: *, right: (1.0, 1.0), result: 0.0}
列 'p' 不存在，对列 brewery_name 不过滤，直接选择所有非无效值。
Block processing time: 0.002198 seconds
Computing Block 416 out of 796
Processing Block size=3
begin cleaner{left: ("[FunctionalDependency:(s: {brewery_id}, t: {brewery_name})]", 0.0), operator: *, right: (1.0, 1.0), result: 0.0}
列 'p' 不存在，对列 brewery_name 不过滤，直接选择所有非无效值。
Block processing time: 0.002186 seconds
Computing Block 418 out of 796
Processing Block size=4
begin cleaner{left: ("[FunctionalDependency:(s: {brewery_id}, t: {brewery_name})]", 0.0), operator: *, right: (1.0, 1.0), result: 0.0}
列 'p' 不存在，对列 brewery_name 不过滤，直接选择所有非无效值。
Block processing time: 0.002878 seconds
Computing Block 420 out of 796
Processing Block size=2
begin cleaner{left: ("[FunctionalDependency:(s: {brewery_id}, t: {brewery_name})]", 0.0), operator: *, right: (1.0, 1.0), result: 0.0}
列 'p' 不存在，对列 brewery_name 不过滤，直接选择所有非无效值。
Block processing time: 0.001495 seconds
Computing Block 421 out of 796
Processing Block size=3
begin cleaner{left: ("[FunctionalDependency:(s: {brewery_id}, t: {brewery_name})]", 0.0), operator: *, right: (1.0, 1.0), result: 0.0}
列 'p' 不存在，对列 brewery_name 不过滤，直接选择所有非无效值。
Block processing time: 0.002176 seconds
Computing Block 424 out of 796
Processing Block size=9
begin cleaner{left: ("[FunctionalDependency:(s: {brewery_id}, t: {brewery_name})]", 0.0), operator: *, right: (1.0, 1.0), result: 0.0}
列 'p' 不存在，对列 brewery_name 不过滤，直接选择所有非无效值。
Block processing time: 0.006373 seconds
Computing Block 428 out of 796
Processing Block size=5
begin cleaner{left: ("[FunctionalDependency:(s: {brewery_id}, t: {brewery_name})]", 0.0), operator: *, right: (1.0, 1.0), result: 0.0}
列 'p' 不存在，对列 brewery_name 不过滤，直接选择所有非无效值。
Block processing time: 0.003563 seconds
Computing Block 432 out of 796
Processing Block size=3
begin cleaner{left: ("[FunctionalDependency:(s: {brewery_id}, t: {brewery_name})]", 0.0), operator: *, right: (1.0, 1.0), result: 0.0}
列 'p' 不存在，对列 brewery_name 不过滤，直接选择所有非无效值。
Block processing time: 0.002208 seconds
Computing Block 433 out of 796
Processing Block size=11
begin cleaner{left: ("[FunctionalDependency:(s: {brewery_id}, t: {brewery_name})]", 0.0), operator: *, right: (1.0, 1.0), result: 0.0}
列 'p' 不存在，对列 brewery_name 不过滤，直接选择所有非无效值。
Block processing time: 0.007756 seconds
Computing Block 435 out of 796
Processing Block size=7
begin cleaner{left: ("[FunctionalDependency:(s: {brewery_id}, t: {brewery_name})]", 0.0), operator: *, right: (1.0, 1.0), result: 0.0}
列 'p' 不存在，对列 brewery_name 不过滤，直接选择所有非无效值。
Block processing time: 0.005018 seconds
Computing Block 436 out of 796
Processing Block size=2
begin cleaner{left: ("[FunctionalDependency:(s: {brewery_id}, t: {brewery_name})]", 0.0), operator: *, right: (1.0, 1.0), result: 0.0}
列 'p' 不存在，对列 brewery_name 不过滤，直接选择所有非无效值。
Block processing time: 0.001553 seconds
Computing Block 439 out of 796
Processing Block size=3
begin cleaner{left: ("[FunctionalDependency:(s: {brewery_id}, t: {brewery_name})]", 0.0), operator: *, right: (1.0, 1.0), result: 0.0}
列 'p' 不存在，对列 brewery_name 不过滤，直接选择所有非无效值。
Block processing time: 0.002212 seconds
Computing Block 443 out of 796
Processing Block size=4
begin cleaner{left: ("[FunctionalDependency:(s: {brewery_id}, t: {brewery_name})]", 0.0), operator: *, right: (1.0, 1.0), result: 0.0}
列 'p' 不存在，对列 brewery_name 不过滤，直接选择所有非无效值。
Block processing time: 0.002898 seconds
Computing Block 446 out of 796
Processing Block size=3
begin cleaner{left: ("[FunctionalDependency:(s: {brewery_id}, t: {brewery_name})]", 0.0), operator: *, right: (1.0, 1.0), result: 0.0}
列 'p' 不存在，对列 brewery_name 不过滤，直接选择所有非无效值。
Block processing time: 0.002172 seconds
Computing Block 447 out of 796
Processing Block size=4
begin cleaner{left: ("[FunctionalDependency:(s: {brewery_id}, t: {brewery_name})]", 0.0), operator: *, right: (1.0, 1.0), result: 0.0}
列 'p' 不存在，对列 brewery_name 不过滤，直接选择所有非无效值。
Block processing time: 0.002959 seconds
Computing Block 451 out of 796
Processing Block size=4
begin cleaner{left: ("[FunctionalDependency:(s: {brewery_id}, t: {brewery_name})]", 0.0), operator: *, right: (1.0, 1.0), result: 0.0}
列 'p' 不存在，对列 brewery_name 不过滤，直接选择所有非无效值。
Block processing time: 0.002936 seconds
Computing Block 453 out of 796
Processing Block size=6
begin cleaner{left: ("[FunctionalDependency:(s: {brewery_id}, t: {brewery_name})]", 0.0), operator: *, right: (1.0, 1.0), result: 0.0}
列 'p' 不存在，对列 brewery_name 不过滤，直接选择所有非无效值。
Block processing time: 0.004302 seconds
Computing Block 454 out of 796
Processing Block size=4
begin cleaner{left: ("[FunctionalDependency:(s: {brewery_id}, t: {brewery_name})]", 0.0), operator: *, right: (1.0, 1.0), result: 0.0}
列 'p' 不存在，对列 brewery_name 不过滤，直接选择所有非无效值。
Block processing time: 0.002927 seconds
Computing Block 455 out of 796
Processing Block size=13
begin cleaner{left: ("[FunctionalDependency:(s: {brewery_id}, t: {brewery_name})]", 0.0), operator: *, right: (1.0, 1.0), result: 0.0}
列 'p' 不存在，对列 brewery_name 不过滤，直接选择所有非无效值。
Block processing time: 0.009216 seconds
Computing Block 456 out of 796
Processing Block size=2
begin cleaner{left: ("[FunctionalDependency:(s: {brewery_id}, t: {brewery_name})]", 0.0), operator: *, right: (1.0, 1.0), result: 0.0}
列 'p' 不存在，对列 brewery_name 不过滤，直接选择所有非无效值。
Block processing time: 0.001505 seconds
Computing Block 457 out of 796
Processing Block size=2
begin cleaner{left: ("[FunctionalDependency:(s: {brewery_id}, t: {brewery_name})]", 0.0), operator: *, right: (1.0, 1.0), result: 0.0}
列 'p' 不存在，对列 brewery_name 不过滤，直接选择所有非无效值。
Block processing time: 0.001497 seconds
Computing Block 458 out of 796
Processing Block size=3
begin cleaner{left: ("[FunctionalDependency:(s: {brewery_id}, t: {brewery_name})]", 0.0), operator: *, right: (1.0, 1.0), result: 0.0}
列 'p' 不存在，对列 brewery_name 不过滤，直接选择所有非无效值。
Block processing time: 0.002193 seconds
Computing Block 460 out of 796
Processing Block size=4
begin cleaner{left: ("[FunctionalDependency:(s: {brewery_id}, t: {brewery_name})]", 0.0), operator: *, right: (1.0, 1.0), result: 0.0}
列 'p' 不存在，对列 brewery_name 不过滤，直接选择所有非无效值。
Block processing time: 0.002898 seconds
Computing Block 461 out of 796
Processing Block size=3
begin cleaner{left: ("[FunctionalDependency:(s: {brewery_id}, t: {brewery_name})]", 0.0), operator: *, right: (1.0, 1.0), result: 0.0}
列 'p' 不存在，对列 brewery_name 不过滤，直接选择所有非无效值。
Block processing time: 0.002211 seconds
Computing Block 466 out of 796
Processing Block size=2
begin cleaner{left: ("[FunctionalDependency:(s: {brewery_id}, t: {brewery_name})]", 0.0), operator: *, right: (1.0, 1.0), result: 0.0}
列 'p' 不存在，对列 brewery_name 不过滤，直接选择所有非无效值。
Block processing time: 0.001494 seconds
Computing Block 467 out of 796
Processing Block size=8
begin cleaner{left: ("[FunctionalDependency:(s: {brewery_id}, t: {brewery_name})]", 0.0), operator: *, right: (1.0, 1.0), result: 0.0}
列 'p' 不存在，对列 brewery_name 不过滤，直接选择所有非无效值。
Block processing time: 0.005728 seconds
Computing Block 468 out of 796
Processing Block size=6
begin cleaner{left: ("[FunctionalDependency:(s: {brewery_id}, t: {brewery_name})]", 0.0), operator: *, right: (1.0, 1.0), result: 0.0}
列 'p' 不存在，对列 brewery_name 不过滤，直接选择所有非无效值。
Block processing time: 0.004252 seconds
Computing Block 469 out of 796
Processing Block size=13
begin cleaner{left: ("[FunctionalDependency:(s: {brewery_id}, t: {brewery_name})]", 0.0), operator: *, right: (1.0, 1.0), result: 0.0}
列 'p' 不存在，对列 brewery_name 不过滤，直接选择所有非无效值。
Block processing time: 0.009102 seconds
Computing Block 470 out of 796
Processing Block size=2
begin cleaner{left: ("[FunctionalDependency:(s: {brewery_id}, t: {brewery_name})]", 0.0), operator: *, right: (1.0, 1.0), result: 0.0}
列 'p' 不存在，对列 brewery_name 不过滤，直接选择所有非无效值。
Block processing time: 0.001496 seconds
Computing Block 473 out of 796
Processing Block size=2
begin cleaner{left: ("[FunctionalDependency:(s: {brewery_id}, t: {brewery_name})]", 0.0), operator: *, right: (1.0, 1.0), result: 0.0}
列 'p' 不存在，对列 brewery_name 不过滤，直接选择所有非无效值。
Block processing time: 0.001491 seconds
Computing Block 476 out of 796
Processing Block size=2
begin cleaner{left: ("[FunctionalDependency:(s: {brewery_id}, t: {brewery_name})]", 0.0), operator: *, right: (1.0, 1.0), result: 0.0}
列 'p' 不存在，对列 brewery_name 不过滤，直接选择所有非无效值。
Block processing time: 0.001486 seconds
Computing Block 478 out of 796
Processing Block size=2
begin cleaner{left: ("[FunctionalDependency:(s: {brewery_id}, t: {brewery_name})]", 0.0), operator: *, right: (1.0, 1.0), result: 0.0}
列 'p' 不存在，对列 brewery_name 不过滤，直接选择所有非无效值。
Block processing time: 0.001487 seconds
Computing Block 479 out of 796
Processing Block size=15
begin cleaner{left: ("[FunctionalDependency:(s: {brewery_id}, t: {brewery_name})]", 0.0), operator: *, right: (1.0, 1.0), result: 0.0}
列 'p' 不存在，对列 brewery_name 不过滤，直接选择所有非无效值。
Block processing time: 0.010614 seconds
Computing Block 487 out of 796
Processing Block size=4
begin cleaner{left: ("[FunctionalDependency:(s: {brewery_id}, t: {brewery_name})]", 0.0), operator: *, right: (1.0, 1.0), result: 0.0}
列 'p' 不存在，对列 brewery_name 不过滤，直接选择所有非无效值。
Block processing time: 0.003172 seconds
Computing Block 491 out of 796
Processing Block size=6
begin cleaner{left: ("[FunctionalDependency:(s: {brewery_id}, t: {brewery_name})]", 0.0), operator: *, right: (1.0, 1.0), result: 0.0}
列 'p' 不存在，对列 brewery_name 不过滤，直接选择所有非无效值。
Block processing time: 0.004637 seconds
Computing Block 494 out of 796
Processing Block size=2
begin cleaner{left: ("[FunctionalDependency:(s: {brewery_id}, t: {brewery_name})]", 0.0), operator: *, right: (1.0, 1.0), result: 0.0}
列 'p' 不存在，对列 brewery_name 不过滤，直接选择所有非无效值。
Block processing time: 0.00166 seconds
Computing Block 495 out of 796
Processing Block size=9
begin cleaner{left: ("[FunctionalDependency:(s: {brewery_id}, t: {brewery_name})]", 0.0), operator: *, right: (1.0, 1.0), result: 0.0}
列 'p' 不存在，对列 brewery_name 不过滤，直接选择所有非无效值。
Block processing time: 0.006942 seconds
Computing Block 497 out of 796
Processing Block size=4
begin cleaner{left: ("[FunctionalDependency:(s: {brewery_id}, t: {brewery_name})]", 0.0), operator: *, right: (1.0, 1.0), result: 0.0}
列 'p' 不存在，对列 brewery_name 不过滤，直接选择所有非无效值。
Block processing time: 0.003119 seconds
Computing Block 499 out of 796
Processing Block size=3
begin cleaner{left: ("[FunctionalDependency:(s: {brewery_id}, t: {brewery_name})]", 0.0), operator: *, right: (1.0, 1.0), result: 0.0}
列 'p' 不存在，对列 brewery_name 不过滤，直接选择所有非无效值。
Block processing time: 0.002378 seconds
Computing Block 500 out of 796
Processing Block size=17
begin cleaner{left: ("[FunctionalDependency:(s: {brewery_id}, t: {brewery_name})]", 0.0), operator: *, right: (1.0, 1.0), result: 0.0}
列 'p' 不存在，对列 brewery_name 不过滤，直接选择所有非无效值。
Block processing time: 0.012863 seconds
Computing Block 502 out of 796
Processing Block size=2
begin cleaner{left: ("[FunctionalDependency:(s: {brewery_id}, t: {brewery_name})]", 0.0), operator: *, right: (1.0, 1.0), result: 0.0}
列 'p' 不存在，对列 brewery_name 不过滤，直接选择所有非无效值。
Block processing time: 0.001617 seconds
Computing Block 503 out of 796
Processing Block size=2
begin cleaner{left: ("[FunctionalDependency:(s: {brewery_id}, t: {brewery_name})]", 0.0), operator: *, right: (1.0, 1.0), result: 0.0}
列 'p' 不存在，对列 brewery_name 不过滤，直接选择所有非无效值。
Block processing time: 0.001502 seconds
Computing Block 504 out of 796
Processing Block size=12
begin cleaner{left: ("[FunctionalDependency:(s: {brewery_id}, t: {brewery_name})]", 0.0), operator: *, right: (1.0, 1.0), result: 0.0}
列 'p' 不存在，对列 brewery_name 不过滤，直接选择所有非无效值。
Block processing time: 0.008503 seconds
Computing Block 508 out of 796
Processing Block size=22
begin cleaner{left: ("[FunctionalDependency:(s: {brewery_id}, t: {brewery_name})]", 0.0), operator: *, right: (1.0, 1.0), result: 0.0}
列 'p' 不存在，对列 brewery_name 不过滤，直接选择所有非无效值。
Block processing time: 0.01561 seconds
Computing Block 510 out of 796
Processing Block size=8
begin cleaner{left: ("[FunctionalDependency:(s: {brewery_id}, t: {brewery_name})]", 0.0), operator: *, right: (1.0, 1.0), result: 0.0}
列 'p' 不存在，对列 brewery_name 不过滤，直接选择所有非无效值。
Block processing time: 0.005678 seconds
Computing Block 511 out of 796
Processing Block size=3
begin cleaner{left: ("[FunctionalDependency:(s: {brewery_id}, t: {brewery_name})]", 0.0), operator: *, right: (1.0, 1.0), result: 0.0}
列 'p' 不存在，对列 brewery_name 不过滤，直接选择所有非无效值。
Block processing time: 0.002191 seconds
Computing Block 514 out of 796
Processing Block size=7
begin cleaner{left: ("[FunctionalDependency:(s: {brewery_id}, t: {brewery_name})]", 0.0), operator: *, right: (1.0, 1.0), result: 0.0}
列 'p' 不存在，对列 brewery_name 不过滤，直接选择所有非无效值。
Block processing time: 0.004933 seconds
Computing Block 515 out of 796
Processing Block size=2
begin cleaner{left: ("[FunctionalDependency:(s: {brewery_id}, t: {brewery_name})]", 0.0), operator: *, right: (1.0, 1.0), result: 0.0}
列 'p' 不存在，对列 brewery_name 不过滤，直接选择所有非无效值。
Block processing time: 0.001574 seconds
Computing Block 516 out of 796
Processing Block size=4
begin cleaner{left: ("[FunctionalDependency:(s: {brewery_id}, t: {brewery_name})]", 0.0), operator: *, right: (1.0, 1.0), result: 0.0}
列 'p' 不存在，对列 brewery_name 不过滤，直接选择所有非无效值。
Block processing time: 0.00287 seconds
Computing Block 517 out of 796
Processing Block size=3
begin cleaner{left: ("[FunctionalDependency:(s: {brewery_id}, t: {brewery_name})]", 0.0), operator: *, right: (1.0, 1.0), result: 0.0}
列 'p' 不存在，对列 brewery_name 不过滤，直接选择所有非无效值。
Block processing time: 0.00218 seconds
Computing Block 518 out of 796
Processing Block size=2
begin cleaner{left: ("[FunctionalDependency:(s: {brewery_id}, t: {brewery_name})]", 0.0), operator: *, right: (1.0, 1.0), result: 0.0}
列 'p' 不存在，对列 brewery_name 不过滤，直接选择所有非无效值。
Block processing time: 0.001487 seconds
Computing Block 519 out of 796
Processing Block size=5
begin cleaner{left: ("[FunctionalDependency:(s: {brewery_id}, t: {brewery_name})]", 0.0), operator: *, right: (1.0, 1.0), result: 0.0}
列 'p' 不存在，对列 brewery_name 不过滤，直接选择所有非无效值。
Block processing time: 0.003587 seconds
Computing Block 520 out of 796
Processing Block size=28
begin cleaner{left: ("[FunctionalDependency:(s: {brewery_id}, t: {brewery_name})]", 0.0), operator: *, right: (1.0, 1.0), result: 0.0}
列 'p' 不存在，对列 brewery_name 不过滤，直接选择所有非无效值。
Block processing time: 0.019509 seconds
Computing Block 521 out of 796
Processing Block size=3
begin cleaner{left: ("[FunctionalDependency:(s: {brewery_id}, t: {brewery_name})]", 0.0), operator: *, right: (1.0, 1.0), result: 0.0}
列 'p' 不存在，对列 brewery_name 不过滤，直接选择所有非无效值。
Block processing time: 0.002181 seconds
Computing Block 524 out of 796
Processing Block size=2
begin cleaner{left: ("[FunctionalDependency:(s: {brewery_id}, t: {brewery_name})]", 0.0), operator: *, right: (1.0, 1.0), result: 0.0}
列 'p' 不存在，对列 brewery_name 不过滤，直接选择所有非无效值。
Block processing time: 0.001552 seconds
Computing Block 526 out of 796
Processing Block size=5
begin cleaner{left: ("[FunctionalDependency:(s: {brewery_id}, t: {brewery_name})]", 0.0), operator: *, right: (1.0, 1.0), result: 0.0}
列 'p' 不存在，对列 brewery_name 不过滤，直接选择所有非无效值。
Block processing time: 0.003556 seconds
Computing Block 527 out of 796
Processing Block size=4
begin cleaner{left: ("[FunctionalDependency:(s: {brewery_id}, t: {brewery_name})]", 0.0), operator: *, right: (1.0, 1.0), result: 0.0}
列 'p' 不存在，对列 brewery_name 不过滤，直接选择所有非无效值。
Block processing time: 0.002867 seconds
Computing Block 530 out of 796
Processing Block size=3
begin cleaner{left: ("[FunctionalDependency:(s: {brewery_id}, t: {brewery_name})]", 0.0), operator: *, right: (1.0, 1.0), result: 0.0}
列 'p' 不存在，对列 brewery_name 不过滤，直接选择所有非无效值。
Block processing time: 0.002197 seconds
Computing Block 532 out of 796
Processing Block size=2
begin cleaner{left: ("[FunctionalDependency:(s: {brewery_id}, t: {brewery_name})]", 0.0), operator: *, right: (1.0, 1.0), result: 0.0}
列 'p' 不存在，对列 brewery_name 不过滤，直接选择所有非无效值。
Block processing time: 0.001515 seconds
Computing Block 533 out of 796
Processing Block size=4
begin cleaner{left: ("[FunctionalDependency:(s: {brewery_id}, t: {brewery_name})]", 0.0), operator: *, right: (1.0, 1.0), result: 0.0}
列 'p' 不存在，对列 brewery_name 不过滤，直接选择所有非无效值。
Block processing time: 0.002985 seconds
Computing Block 534 out of 796
Processing Block size=4
begin cleaner{left: ("[FunctionalDependency:(s: {brewery_id}, t: {brewery_name})]", 0.0), operator: *, right: (1.0, 1.0), result: 0.0}
列 'p' 不存在，对列 brewery_name 不过滤，直接选择所有非无效值。
Block processing time: 0.002911 seconds
Computing Block 535 out of 796
Processing Block size=3
begin cleaner{left: ("[FunctionalDependency:(s: {brewery_id}, t: {brewery_name})]", 0.0), operator: *, right: (1.0, 1.0), result: 0.0}
列 'p' 不存在，对列 brewery_name 不过滤，直接选择所有非无效值。
Block processing time: 0.002202 seconds
Computing Block 536 out of 796
Processing Block size=4
begin cleaner{left: ("[FunctionalDependency:(s: {brewery_id}, t: {brewery_name})]", 0.0), operator: *, right: (1.0, 1.0), result: 0.0}
列 'p' 不存在，对列 brewery_name 不过滤，直接选择所有非无效值。
Block processing time: 0.002869 seconds
Computing Block 537 out of 796
Processing Block size=2
begin cleaner{left: ("[FunctionalDependency:(s: {brewery_id}, t: {brewery_name})]", 0.0), operator: *, right: (1.0, 1.0), result: 0.0}
列 'p' 不存在，对列 brewery_name 不过滤，直接选择所有非无效值。
Block processing time: 0.001511 seconds
Computing Block 538 out of 796
Processing Block size=2
begin cleaner{left: ("[FunctionalDependency:(s: {brewery_id}, t: {brewery_name})]", 0.0), operator: *, right: (1.0, 1.0), result: 0.0}
列 'p' 不存在，对列 brewery_name 不过滤，直接选择所有非无效值。
Block processing time: 0.001487 seconds
Computing Block 539 out of 796
Processing Block size=2
begin cleaner{left: ("[FunctionalDependency:(s: {brewery_id}, t: {brewery_name})]", 0.0), operator: *, right: (1.0, 1.0), result: 0.0}
列 'p' 不存在，对列 brewery_name 不过滤，直接选择所有非无效值。
Block processing time: 0.001489 seconds
Computing Block 544 out of 796
Processing Block size=3
begin cleaner{left: ("[FunctionalDependency:(s: {brewery_id}, t: {brewery_name})]", 0.0), operator: *, right: (1.0, 1.0), result: 0.0}
列 'p' 不存在，对列 brewery_name 不过滤，直接选择所有非无效值。
Block processing time: 0.002189 seconds
Computing Block 546 out of 796
Processing Block size=2
begin cleaner{left: ("[FunctionalDependency:(s: {brewery_id}, t: {brewery_name})]", 0.0), operator: *, right: (1.0, 1.0), result: 0.0}
列 'p' 不存在，对列 brewery_name 不过滤，直接选择所有非无效值。
Block processing time: 0.00155 seconds
Computing Block 549 out of 796
Processing Block size=3
begin cleaner{left: ("[FunctionalDependency:(s: {brewery_id}, t: {brewery_name})]", 0.0), operator: *, right: (1.0, 1.0), result: 0.0}
列 'p' 不存在，对列 brewery_name 不过滤，直接选择所有非无效值。
Block processing time: 0.002242 seconds
Computing Block 554 out of 796
Processing Block size=4
begin cleaner{left: ("[FunctionalDependency:(s: {brewery_id}, t: {brewery_name})]", 0.0), operator: *, right: (1.0, 1.0), result: 0.0}
列 'p' 不存在，对列 brewery_name 不过滤，直接选择所有非无效值。
Block processing time: 0.002924 seconds
Computing Block 555 out of 796
Processing Block size=2
begin cleaner{left: ("[FunctionalDependency:(s: {brewery_id}, t: {brewery_name})]", 0.0), operator: *, right: (1.0, 1.0), result: 0.0}
列 'p' 不存在，对列 brewery_name 不过滤，直接选择所有非无效值。
Block processing time: 0.001484 seconds
Computing Block 556 out of 796
Processing Block size=8
begin cleaner{left: ("[FunctionalDependency:(s: {brewery_id}, t: {brewery_name})]", 0.0), operator: *, right: (1.0, 1.0), result: 0.0}
列 'p' 不存在，对列 brewery_name 不过滤，直接选择所有非无效值。
Block processing time: 0.005685 seconds
Computing Block 557 out of 796
Processing Block size=4
begin cleaner{left: ("[FunctionalDependency:(s: {brewery_id}, t: {brewery_name})]", 0.0), operator: *, right: (1.0, 1.0), result: 0.0}
列 'p' 不存在，对列 brewery_name 不过滤，直接选择所有非无效值。
Block processing time: 0.002865 seconds
Computing Block 559 out of 796
Processing Block size=5
begin cleaner{left: ("[FunctionalDependency:(s: {brewery_id}, t: {brewery_name})]", 0.0), operator: *, right: (1.0, 1.0), result: 0.0}
列 'p' 不存在，对列 brewery_name 不过滤，直接选择所有非无效值。
Block processing time: 0.003572 seconds
Computing Block 561 out of 796
Processing Block size=3
begin cleaner{left: ("[FunctionalDependency:(s: {brewery_id}, t: {brewery_name})]", 0.0), operator: *, right: (1.0, 1.0), result: 0.0}
列 'p' 不存在，对列 brewery_name 不过滤，直接选择所有非无效值。
Block processing time: 0.002198 seconds
Computing Block 563 out of 796
Processing Block size=6
begin cleaner{left: ("[FunctionalDependency:(s: {brewery_id}, t: {brewery_name})]", 0.0), operator: *, right: (1.0, 1.0), result: 0.0}
列 'p' 不存在，对列 brewery_name 不过滤，直接选择所有非无效值。
Block processing time: 0.004254 seconds
Computing Block 564 out of 796
Processing Block size=2
begin cleaner{left: ("[FunctionalDependency:(s: {brewery_id}, t: {brewery_name})]", 0.0), operator: *, right: (1.0, 1.0), result: 0.0}
列 'p' 不存在，对列 brewery_name 不过滤，直接选择所有非无效值。
Block processing time: 0.001488 seconds
Computing Block 565 out of 796
Processing Block size=7
begin cleaner{left: ("[FunctionalDependency:(s: {brewery_id}, t: {brewery_name})]", 0.0), operator: *, right: (1.0, 1.0), result: 0.0}
列 'p' 不存在，对列 brewery_name 不过滤，直接选择所有非无效值。
Block processing time: 0.00498 seconds
Computing Block 566 out of 796
Processing Block size=2
begin cleaner{left: ("[FunctionalDependency:(s: {brewery_id}, t: {brewery_name})]", 0.0), operator: *, right: (1.0, 1.0), result: 0.0}
列 'p' 不存在，对列 brewery_name 不过滤，直接选择所有非无效值。
Block processing time: 0.001493 seconds
Computing Block 567 out of 796
Processing Block size=2
begin cleaner{left: ("[FunctionalDependency:(s: {brewery_id}, t: {brewery_name})]", 0.0), operator: *, right: (1.0, 1.0), result: 0.0}
列 'p' 不存在，对列 brewery_name 不过滤，直接选择所有非无效值。
Block processing time: 0.001485 seconds
Computing Block 569 out of 796
Processing Block size=3
begin cleaner{left: ("[FunctionalDependency:(s: {brewery_id}, t: {brewery_name})]", 0.0), operator: *, right: (1.0, 1.0), result: 0.0}
列 'p' 不存在，对列 brewery_name 不过滤，直接选择所有非无效值。
Block processing time: 0.002183 seconds
Computing Block 570 out of 796
Processing Block size=8
begin cleaner{left: ("[FunctionalDependency:(s: {brewery_id}, t: {brewery_name})]", 0.0), operator: *, right: (1.0, 1.0), result: 0.0}
列 'p' 不存在，对列 brewery_name 不过滤，直接选择所有非无效值。
Block processing time: 0.005698 seconds
Computing Block 571 out of 796
Processing Block size=2
begin cleaner{left: ("[FunctionalDependency:(s: {brewery_id}, t: {brewery_name})]", 0.0), operator: *, right: (1.0, 1.0), result: 0.0}
列 'p' 不存在，对列 brewery_name 不过滤，直接选择所有非无效值。
Block processing time: 0.001555 seconds
Computing Block 573 out of 796
Processing Block size=11
begin cleaner{left: ("[FunctionalDependency:(s: {brewery_id}, t: {brewery_name})]", 0.0), operator: *, right: (1.0, 1.0), result: 0.0}
列 'p' 不存在，对列 brewery_name 不过滤，直接选择所有非无效值。
Block processing time: 0.007789 seconds
Computing Block 575 out of 796
Processing Block size=4
begin cleaner{left: ("[FunctionalDependency:(s: {brewery_id}, t: {brewery_name})]", 0.0), operator: *, right: (1.0, 1.0), result: 0.0}
列 'p' 不存在，对列 brewery_name 不过滤，直接选择所有非无效值。
Block processing time: 0.002867 seconds
Computing Block 576 out of 796
Processing Block size=4
begin cleaner{left: ("[FunctionalDependency:(s: {brewery_id}, t: {brewery_name})]", 0.0), operator: *, right: (1.0, 1.0), result: 0.0}
列 'p' 不存在，对列 brewery_name 不过滤，直接选择所有非无效值。
Block processing time: 0.00293 seconds
Computing Block 577 out of 796
Processing Block size=4
begin cleaner{left: ("[FunctionalDependency:(s: {brewery_id}, t: {brewery_name})]", 0.0), operator: *, right: (1.0, 1.0), result: 0.0}
列 'p' 不存在，对列 brewery_name 不过滤，直接选择所有非无效值。
Block processing time: 0.002882 seconds
Computing Block 578 out of 796
Processing Block size=4
begin cleaner{left: ("[FunctionalDependency:(s: {brewery_id}, t: {brewery_name})]", 0.0), operator: *, right: (1.0, 1.0), result: 0.0}
列 'p' 不存在，对列 brewery_name 不过滤，直接选择所有非无效值。
Block processing time: 0.002876 seconds
Computing Block 579 out of 796
Processing Block size=2
begin cleaner{left: ("[FunctionalDependency:(s: {brewery_id}, t: {brewery_name})]", 0.0), operator: *, right: (1.0, 1.0), result: 0.0}
列 'p' 不存在，对列 brewery_name 不过滤，直接选择所有非无效值。
Block processing time: 0.001497 seconds
Computing Block 582 out of 796
Processing Block size=11
begin cleaner{left: ("[FunctionalDependency:(s: {brewery_id}, t: {brewery_name})]", 0.0), operator: *, right: (1.0, 1.0), result: 0.0}
列 'p' 不存在，对列 brewery_name 不过滤，直接选择所有非无效值。
Block processing time: 0.007776 seconds
Computing Block 584 out of 796
Processing Block size=5
begin cleaner{left: ("[FunctionalDependency:(s: {brewery_id}, t: {brewery_name})]", 0.0), operator: *, right: (1.0, 1.0), result: 0.0}
列 'p' 不存在，对列 brewery_name 不过滤，直接选择所有非无效值。
Block processing time: 0.003584 seconds
Computing Block 585 out of 796
Processing Block size=3
begin cleaner{left: ("[FunctionalDependency:(s: {brewery_id}, t: {brewery_name})]", 0.0), operator: *, right: (1.0, 1.0), result: 0.0}
列 'p' 不存在，对列 brewery_name 不过滤，直接选择所有非无效值。
Block processing time: 0.002193 seconds
Computing Block 587 out of 796
Processing Block size=3
begin cleaner{left: ("[FunctionalDependency:(s: {brewery_id}, t: {brewery_name})]", 0.0), operator: *, right: (1.0, 1.0), result: 0.0}
列 'p' 不存在，对列 brewery_name 不过滤，直接选择所有非无效值。
Block processing time: 0.002204 seconds
Computing Block 589 out of 796
Processing Block size=4
begin cleaner{left: ("[FunctionalDependency:(s: {brewery_id}, t: {brewery_name})]", 0.0), operator: *, right: (1.0, 1.0), result: 0.0}
列 'p' 不存在，对列 brewery_name 不过滤，直接选择所有非无效值。
Block processing time: 0.002893 seconds
Computing Block 591 out of 796
Processing Block size=22
begin cleaner{left: ("[FunctionalDependency:(s: {brewery_id}, t: {brewery_name})]", 0.0), operator: *, right: (1.0, 1.0), result: 0.0}
列 'p' 不存在，对列 brewery_name 不过滤，直接选择所有非无效值。
Block processing time: 0.015367 seconds
Computing Block 592 out of 796
Processing Block size=3
begin cleaner{left: ("[FunctionalDependency:(s: {brewery_id}, t: {brewery_name})]", 0.0), operator: *, right: (1.0, 1.0), result: 0.0}
列 'p' 不存在，对列 brewery_name 不过滤，直接选择所有非无效值。
Block processing time: 0.002183 seconds
Computing Block 593 out of 796
Processing Block size=5
begin cleaner{left: ("[FunctionalDependency:(s: {brewery_id}, t: {brewery_name})]", 0.0), operator: *, right: (1.0, 1.0), result: 0.0}
列 'p' 不存在，对列 brewery_name 不过滤，直接选择所有非无效值。
Block processing time: 0.003639 seconds
Computing Block 594 out of 796
Processing Block size=6
begin cleaner{left: ("[FunctionalDependency:(s: {brewery_id}, t: {brewery_name})]", 0.0), operator: *, right: (1.0, 1.0), result: 0.0}
列 'p' 不存在，对列 brewery_name 不过滤，直接选择所有非无效值。
Block processing time: 0.00429 seconds
Computing Block 595 out of 796
Processing Block size=2
begin cleaner{left: ("[FunctionalDependency:(s: {brewery_id}, t: {brewery_name})]", 0.0), operator: *, right: (1.0, 1.0), result: 0.0}
列 'p' 不存在，对列 brewery_name 不过滤，直接选择所有非无效值。
Block processing time: 0.001487 seconds
Computing Block 596 out of 796
Processing Block size=2
begin cleaner{left: ("[FunctionalDependency:(s: {brewery_id}, t: {brewery_name})]", 0.0), operator: *, right: (1.0, 1.0), result: 0.0}
列 'p' 不存在，对列 brewery_name 不过滤，直接选择所有非无效值。
Block processing time: 0.001498 seconds
Computing Block 597 out of 796
Processing Block size=3
begin cleaner{left: ("[FunctionalDependency:(s: {brewery_id}, t: {brewery_name})]", 0.0), operator: *, right: (1.0, 1.0), result: 0.0}
列 'p' 不存在，对列 brewery_name 不过滤，直接选择所有非无效值。
Block processing time: 0.002236 seconds
Computing Block 600 out of 796
Processing Block size=3
begin cleaner{left: ("[FunctionalDependency:(s: {brewery_id}, t: {brewery_name})]", 0.0), operator: *, right: (1.0, 1.0), result: 0.0}
列 'p' 不存在，对列 brewery_name 不过滤，直接选择所有非无效值。
Block processing time: 0.002187 seconds
Computing Block 601 out of 796
Processing Block size=32
begin cleaner{left: ("[FunctionalDependency:(s: {brewery_id}, t: {brewery_name})]", 0.0), operator: *, right: (1.0, 1.0), result: 0.0}
列 'p' 不存在，对列 brewery_name 不过滤，直接选择所有非无效值。
Block processing time: 0.022248 seconds
Computing Block 605 out of 796
Processing Block size=10
begin cleaner{left: ("[FunctionalDependency:(s: {brewery_id}, t: {brewery_name})]", 0.0), operator: *, right: (1.0, 1.0), result: 0.0}
列 'p' 不存在，对列 brewery_name 不过滤，直接选择所有非无效值。
Block processing time: 0.007028 seconds
Computing Block 606 out of 796
Processing Block size=3
begin cleaner{left: ("[FunctionalDependency:(s: {brewery_id}, t: {brewery_name})]", 0.0), operator: *, right: (1.0, 1.0), result: 0.0}
列 'p' 不存在，对列 brewery_name 不过滤，直接选择所有非无效值。
Block processing time: 0.002181 seconds
Computing Block 607 out of 796
Processing Block size=5
begin cleaner{left: ("[FunctionalDependency:(s: {brewery_id}, t: {brewery_name})]", 0.0), operator: *, right: (1.0, 1.0), result: 0.0}
列 'p' 不存在，对列 brewery_name 不过滤，直接选择所有非无效值。
Block processing time: 0.003609 seconds
Computing Block 609 out of 796
Processing Block size=2
begin cleaner{left: ("[FunctionalDependency:(s: {brewery_id}, t: {brewery_name})]", 0.0), operator: *, right: (1.0, 1.0), result: 0.0}
列 'p' 不存在，对列 brewery_name 不过滤，直接选择所有非无效值。
Block processing time: 0.001553 seconds
Computing Block 613 out of 796
Processing Block size=3
begin cleaner{left: ("[FunctionalDependency:(s: {brewery_id}, t: {brewery_name})]", 0.0), operator: *, right: (1.0, 1.0), result: 0.0}
列 'p' 不存在，对列 brewery_name 不过滤，直接选择所有非无效值。
Block processing time: 0.002189 seconds
Computing Block 616 out of 796
Processing Block size=3
begin cleaner{left: ("[FunctionalDependency:(s: {brewery_id}, t: {brewery_name})]", 0.0), operator: *, right: (1.0, 1.0), result: 0.0}
列 'p' 不存在，对列 brewery_name 不过滤，直接选择所有非无效值。
Block processing time: 0.00223 seconds
Computing Block 617 out of 796
Processing Block size=2
begin cleaner{left: ("[FunctionalDependency:(s: {brewery_id}, t: {brewery_name})]", 0.0), operator: *, right: (1.0, 1.0), result: 0.0}
列 'p' 不存在，对列 brewery_name 不过滤，直接选择所有非无效值。
Block processing time: 0.00149 seconds
Computing Block 619 out of 796
Processing Block size=10
begin cleaner{left: ("[FunctionalDependency:(s: {brewery_id}, t: {brewery_name})]", 0.0), operator: *, right: (1.0, 1.0), result: 0.0}
列 'p' 不存在，对列 brewery_name 不过滤，直接选择所有非无效值。
Block processing time: 0.007042 seconds
Computing Block 620 out of 796
Processing Block size=2
begin cleaner{left: ("[FunctionalDependency:(s: {brewery_id}, t: {brewery_name})]", 0.0), operator: *, right: (1.0, 1.0), result: 0.0}
列 'p' 不存在，对列 brewery_name 不过滤，直接选择所有非无效值。
Block processing time: 0.001488 seconds
Computing Block 628 out of 796
Processing Block size=4
begin cleaner{left: ("[FunctionalDependency:(s: {brewery_id}, t: {brewery_name})]", 0.0), operator: *, right: (1.0, 1.0), result: 0.0}
列 'p' 不存在，对列 brewery_name 不过滤，直接选择所有非无效值。
Block processing time: 0.0029 seconds
Computing Block 630 out of 796
Processing Block size=2
begin cleaner{left: ("[FunctionalDependency:(s: {brewery_id}, t: {brewery_name})]", 0.0), operator: *, right: (1.0, 1.0), result: 0.0}
列 'p' 不存在，对列 brewery_name 不过滤，直接选择所有非无效值。
Block processing time: 0.001521 seconds
Computing Block 632 out of 796
Processing Block size=2
begin cleaner{left: ("[FunctionalDependency:(s: {brewery_id}, t: {brewery_name})]", 0.0), operator: *, right: (1.0, 1.0), result: 0.0}
列 'p' 不存在，对列 brewery_name 不过滤，直接选择所有非无效值。
Block processing time: 0.001514 seconds
Computing Block 633 out of 796
Processing Block size=5
begin cleaner{left: ("[FunctionalDependency:(s: {brewery_id}, t: {brewery_name})]", 0.0), operator: *, right: (1.0, 1.0), result: 0.0}
列 'p' 不存在，对列 brewery_name 不过滤，直接选择所有非无效值。
Block processing time: 0.003588 seconds
Computing Block 635 out of 796
Processing Block size=5
begin cleaner{left: ("[FunctionalDependency:(s: {brewery_id}, t: {brewery_name})]", 0.0), operator: *, right: (1.0, 1.0), result: 0.0}
列 'p' 不存在，对列 brewery_name 不过滤，直接选择所有非无效值。
Block processing time: 0.003549 seconds
Computing Block 644 out of 796
Processing Block size=6
begin cleaner{left: ("[FunctionalDependency:(s: {brewery_id}, t: {brewery_name})]", 0.0), operator: *, right: (1.0, 1.0), result: 0.0}
列 'p' 不存在，对列 brewery_name 不过滤，直接选择所有非无效值。
Block processing time: 0.004258 seconds
Computing Block 646 out of 796
Processing Block size=6
begin cleaner{left: ("[FunctionalDependency:(s: {brewery_id}, t: {brewery_name})]", 0.0), operator: *, right: (1.0, 1.0), result: 0.0}
列 'p' 不存在，对列 brewery_name 不过滤，直接选择所有非无效值。
Block processing time: 0.004351 seconds
Computing Block 647 out of 796
Processing Block size=2
begin cleaner{left: ("[FunctionalDependency:(s: {brewery_id}, t: {brewery_name})]", 0.0), operator: *, right: (1.0, 1.0), result: 0.0}
列 'p' 不存在，对列 brewery_name 不过滤，直接选择所有非无效值。
Block processing time: 0.00153 seconds
Computing Block 648 out of 796
Processing Block size=10
begin cleaner{left: ("[FunctionalDependency:(s: {brewery_id}, t: {brewery_name})]", 0.0), operator: *, right: (1.0, 1.0), result: 0.0}
列 'p' 不存在，对列 brewery_name 不过滤，直接选择所有非无效值。
Block processing time: 0.007087 seconds
Computing Block 649 out of 796
Processing Block size=12
begin cleaner{left: ("[FunctionalDependency:(s: {brewery_id}, t: {brewery_name})]", 0.0), operator: *, right: (1.0, 1.0), result: 0.0}
列 'p' 不存在，对列 brewery_name 不过滤，直接选择所有非无效值。
Block processing time: 0.008458 seconds
Computing Block 651 out of 796
Processing Block size=8
begin cleaner{left: ("[FunctionalDependency:(s: {brewery_id}, t: {brewery_name})]", 0.0), operator: *, right: (1.0, 1.0), result: 0.0}
列 'p' 不存在，对列 brewery_name 不过滤，直接选择所有非无效值。
Block processing time: 0.005653 seconds
Computing Block 652 out of 796
Processing Block size=6
begin cleaner{left: ("[FunctionalDependency:(s: {brewery_id}, t: {brewery_name})]", 0.0), operator: *, right: (1.0, 1.0), result: 0.0}
列 'p' 不存在，对列 brewery_name 不过滤，直接选择所有非无效值。
Block processing time: 0.004259 seconds
Computing Block 653 out of 796
Processing Block size=6
begin cleaner{left: ("[FunctionalDependency:(s: {brewery_id}, t: {brewery_name})]", 0.0), operator: *, right: (1.0, 1.0), result: 0.0}
列 'p' 不存在，对列 brewery_name 不过滤，直接选择所有非无效值。
Block processing time: 0.004267 seconds
Computing Block 655 out of 796
Processing Block size=6
begin cleaner{left: ("[FunctionalDependency:(s: {brewery_id}, t: {brewery_name})]", 0.0), operator: *, right: (1.0, 1.0), result: 0.0}
列 'p' 不存在，对列 brewery_name 不过滤，直接选择所有非无效值。
Block processing time: 0.004338 seconds
Computing Block 657 out of 796
Processing Block size=4
begin cleaner{left: ("[FunctionalDependency:(s: {brewery_id}, t: {brewery_name})]", 0.0), operator: *, right: (1.0, 1.0), result: 0.0}
列 'p' 不存在，对列 brewery_name 不过滤，直接选择所有非无效值。
Block processing time: 0.00287 seconds
Computing Block 658 out of 796
Processing Block size=6
begin cleaner{left: ("[FunctionalDependency:(s: {brewery_id}, t: {brewery_name})]", 0.0), operator: *, right: (1.0, 1.0), result: 0.0}
列 'p' 不存在，对列 brewery_name 不过滤，直接选择所有非无效值。
Block processing time: 0.004321 seconds
Computing Block 659 out of 796
Processing Block size=3
begin cleaner{left: ("[FunctionalDependency:(s: {brewery_id}, t: {brewery_name})]", 0.0), operator: *, right: (1.0, 1.0), result: 0.0}
列 'p' 不存在，对列 brewery_name 不过滤，直接选择所有非无效值。
Block processing time: 0.002187 seconds
Computing Block 660 out of 796
Processing Block size=4
begin cleaner{left: ("[FunctionalDependency:(s: {brewery_id}, t: {brewery_name})]", 0.0), operator: *, right: (1.0, 1.0), result: 0.0}
列 'p' 不存在，对列 brewery_name 不过滤，直接选择所有非无效值。
Block processing time: 0.002904 seconds
Computing Block 661 out of 796
Processing Block size=5
begin cleaner{left: ("[FunctionalDependency:(s: {brewery_id}, t: {brewery_name})]", 0.0), operator: *, right: (1.0, 1.0), result: 0.0}
列 'p' 不存在，对列 brewery_name 不过滤，直接选择所有非无效值。
Block processing time: 0.003572 seconds
Computing Block 662 out of 796
Processing Block size=2
begin cleaner{left: ("[FunctionalDependency:(s: {brewery_id}, t: {brewery_name})]", 0.0), operator: *, right: (1.0, 1.0), result: 0.0}
列 'p' 不存在，对列 brewery_name 不过滤，直接选择所有非无效值。
Block processing time: 0.001525 seconds
Computing Block 663 out of 796
Processing Block size=18
begin cleaner{left: ("[FunctionalDependency:(s: {brewery_id}, t: {brewery_name})]", 0.0), operator: *, right: (1.0, 1.0), result: 0.0}
列 'p' 不存在，对列 brewery_name 不过滤，直接选择所有非无效值。
Block processing time: 0.012675 seconds
Computing Block 668 out of 796
Processing Block size=5
begin cleaner{left: ("[FunctionalDependency:(s: {brewery_id}, t: {brewery_name})]", 0.0), operator: *, right: (1.0, 1.0), result: 0.0}
列 'p' 不存在，对列 brewery_name 不过滤，直接选择所有非无效值。
Block processing time: 0.003566 seconds
Computing Block 669 out of 796
Processing Block size=15
begin cleaner{left: ("[FunctionalDependency:(s: {brewery_id}, t: {brewery_name})]", 0.0), operator: *, right: (1.0, 1.0), result: 0.0}
列 'p' 不存在，对列 brewery_name 不过滤，直接选择所有非无效值。
Block processing time: 0.010573 seconds
Computing Block 670 out of 796
Processing Block size=7
begin cleaner{left: ("[FunctionalDependency:(s: {brewery_id}, t: {brewery_name})]", 0.0), operator: *, right: (1.0, 1.0), result: 0.0}
列 'p' 不存在，对列 brewery_name 不过滤，直接选择所有非无效值。
Block processing time: 0.004956 seconds
Computing Block 671 out of 796
Processing Block size=4
begin cleaner{left: ("[FunctionalDependency:(s: {brewery_id}, t: {brewery_name})]", 0.0), operator: *, right: (1.0, 1.0), result: 0.0}
列 'p' 不存在，对列 brewery_name 不过滤，直接选择所有非无效值。
Block processing time: 0.002873 seconds
Computing Block 674 out of 796
Processing Block size=4
begin cleaner{left: ("[FunctionalDependency:(s: {brewery_id}, t: {brewery_name})]", 0.0), operator: *, right: (1.0, 1.0), result: 0.0}
列 'p' 不存在，对列 brewery_name 不过滤，直接选择所有非无效值。
Block processing time: 0.002865 seconds
Computing Block 676 out of 796
Processing Block size=3
begin cleaner{left: ("[FunctionalDependency:(s: {brewery_id}, t: {brewery_name})]", 0.0), operator: *, right: (1.0, 1.0), result: 0.0}
列 'p' 不存在，对列 brewery_name 不过滤，直接选择所有非无效值。
Block processing time: 0.002182 seconds
Computing Block 678 out of 796
Processing Block size=2
begin cleaner{left: ("[FunctionalDependency:(s: {brewery_id}, t: {brewery_name})]", 0.0), operator: *, right: (1.0, 1.0), result: 0.0}
列 'p' 不存在，对列 brewery_name 不过滤，直接选择所有非无效值。
Block processing time: 0.001559 seconds
Computing Block 680 out of 796
Processing Block size=18
begin cleaner{left: ("[FunctionalDependency:(s: {brewery_id}, t: {brewery_name})]", 0.0), operator: *, right: (1.0, 1.0), result: 0.0}
列 'p' 不存在，对列 brewery_name 不过滤，直接选择所有非无效值。
Block processing time: 0.012688 seconds
Computing Block 681 out of 796
Processing Block size=6
begin cleaner{left: ("[FunctionalDependency:(s: {brewery_id}, t: {brewery_name})]", 0.0), operator: *, right: (1.0, 1.0), result: 0.0}
列 'p' 不存在，对列 brewery_name 不过滤，直接选择所有非无效值。
Block processing time: 0.004361 seconds
Computing Block 683 out of 796
Processing Block size=2
begin cleaner{left: ("[FunctionalDependency:(s: {brewery_id}, t: {brewery_name})]", 0.0), operator: *, right: (1.0, 1.0), result: 0.0}
列 'p' 不存在，对列 brewery_name 不过滤，直接选择所有非无效值。
Block processing time: 0.001491 seconds
Computing Block 684 out of 796
Processing Block size=3
begin cleaner{left: ("[FunctionalDependency:(s: {brewery_id}, t: {brewery_name})]", 0.0), operator: *, right: (1.0, 1.0), result: 0.0}
列 'p' 不存在，对列 brewery_name 不过滤，直接选择所有非无效值。
Block processing time: 0.002232 seconds
Computing Block 686 out of 796
Processing Block size=2
begin cleaner{left: ("[FunctionalDependency:(s: {brewery_id}, t: {brewery_name})]", 0.0), operator: *, right: (1.0, 1.0), result: 0.0}
列 'p' 不存在，对列 brewery_name 不过滤，直接选择所有非无效值。
Block processing time: 0.001529 seconds
Computing Block 690 out of 796
Processing Block size=2
begin cleaner{left: ("[FunctionalDependency:(s: {brewery_id}, t: {brewery_name})]", 0.0), operator: *, right: (1.0, 1.0), result: 0.0}
列 'p' 不存在，对列 brewery_name 不过滤，直接选择所有非无效值。
Block processing time: 0.001485 seconds
Computing Block 693 out of 796
Processing Block size=3
begin cleaner{left: ("[FunctionalDependency:(s: {brewery_id}, t: {brewery_name})]", 0.0), operator: *, right: (1.0, 1.0), result: 0.0}
列 'p' 不存在，对列 brewery_name 不过滤，直接选择所有非无效值。
Block processing time: 0.002195 seconds
Computing Block 698 out of 796
Processing Block size=2
begin cleaner{left: ("[FunctionalDependency:(s: {brewery_id}, t: {brewery_name})]", 0.0), operator: *, right: (1.0, 1.0), result: 0.0}
列 'p' 不存在，对列 brewery_name 不过滤，直接选择所有非无效值。
Block processing time: 0.001511 seconds
Computing Block 699 out of 796
Processing Block size=4
begin cleaner{left: ("[FunctionalDependency:(s: {brewery_id}, t: {brewery_name})]", 0.0), operator: *, right: (1.0, 1.0), result: 0.0}
列 'p' 不存在，对列 brewery_name 不过滤，直接选择所有非无效值。
Block processing time: 0.002884 seconds
Computing Block 701 out of 796
Processing Block size=10
begin cleaner{left: ("[FunctionalDependency:(s: {brewery_id}, t: {brewery_name})]", 0.0), operator: *, right: (1.0, 1.0), result: 0.0}
列 'p' 不存在，对列 brewery_name 不过滤，直接选择所有非无效值。
Block processing time: 0.007016 seconds
Computing Block 704 out of 796
Processing Block size=3
begin cleaner{left: ("[FunctionalDependency:(s: {brewery_id}, t: {brewery_name})]", 0.0), operator: *, right: (1.0, 1.0), result: 0.0}
列 'p' 不存在，对列 brewery_name 不过滤，直接选择所有非无效值。
Block processing time: 0.002247 seconds
Computing Block 709 out of 796
Processing Block size=2
begin cleaner{left: ("[FunctionalDependency:(s: {brewery_id}, t: {brewery_name})]", 0.0), operator: *, right: (1.0, 1.0), result: 0.0}
列 'p' 不存在，对列 brewery_name 不过滤，直接选择所有非无效值。
Block processing time: 0.001495 seconds
Computing Block 710 out of 796
Processing Block size=2
begin cleaner{left: ("[FunctionalDependency:(s: {brewery_id}, t: {brewery_name})]", 0.0), operator: *, right: (1.0, 1.0), result: 0.0}
列 'p' 不存在，对列 brewery_name 不过滤，直接选择所有非无效值。
Block processing time: 0.001489 seconds
Computing Block 713 out of 796
Processing Block size=4
begin cleaner{left: ("[FunctionalDependency:(s: {brewery_id}, t: {brewery_name})]", 0.0), operator: *, right: (1.0, 1.0), result: 0.0}
列 'p' 不存在，对列 brewery_name 不过滤，直接选择所有非无效值。
Block processing time: 0.00291 seconds
Computing Block 717 out of 796
Processing Block size=2
begin cleaner{left: ("[FunctionalDependency:(s: {brewery_id}, t: {brewery_name})]", 0.0), operator: *, right: (1.0, 1.0), result: 0.0}
列 'p' 不存在，对列 brewery_name 不过滤，直接选择所有非无效值。
Block processing time: 0.001502 seconds
Computing Block 718 out of 796
Processing Block size=4
begin cleaner{left: ("[FunctionalDependency:(s: {brewery_id}, t: {brewery_name})]", 0.0), operator: *, right: (1.0, 1.0), result: 0.0}
列 'p' 不存在，对列 brewery_name 不过滤，直接选择所有非无效值。
Block processing time: 0.002868 seconds
Computing Block 723 out of 796
Processing Block size=4
begin cleaner{left: ("[FunctionalDependency:(s: {brewery_id}, t: {brewery_name})]", 0.0), operator: *, right: (1.0, 1.0), result: 0.0}
列 'p' 不存在，对列 brewery_name 不过滤，直接选择所有非无效值。
Block processing time: 0.002896 seconds
Computing Block 724 out of 796
Processing Block size=4
begin cleaner{left: ("[FunctionalDependency:(s: {brewery_id}, t: {brewery_name})]", 0.0), operator: *, right: (1.0, 1.0), result: 0.0}
列 'p' 不存在，对列 brewery_name 不过滤，直接选择所有非无效值。
Block processing time: 0.002888 seconds
Computing Block 726 out of 796
Processing Block size=5
begin cleaner{left: ("[FunctionalDependency:(s: {brewery_id}, t: {brewery_name})]", 0.0), operator: *, right: (1.0, 1.0), result: 0.0}
列 'p' 不存在，对列 brewery_name 不过滤，直接选择所有非无效值。
Block processing time: 0.003562 seconds
Computing Block 727 out of 796
Processing Block size=2
begin cleaner{left: ("[FunctionalDependency:(s: {brewery_id}, t: {brewery_name})]", 0.0), operator: *, right: (1.0, 1.0), result: 0.0}
列 'p' 不存在，对列 brewery_name 不过滤，直接选择所有非无效值。
Block processing time: 0.001501 seconds
Computing Block 728 out of 796
Processing Block size=3
begin cleaner{left: ("[FunctionalDependency:(s: {brewery_id}, t: {brewery_name})]", 0.0), operator: *, right: (1.0, 1.0), result: 0.0}
列 'p' 不存在，对列 brewery_name 不过滤，直接选择所有非无效值。
Block processing time: 0.002186 seconds
Computing Block 729 out of 796
Processing Block size=4
begin cleaner{left: ("[FunctionalDependency:(s: {brewery_id}, t: {brewery_name})]", 0.0), operator: *, right: (1.0, 1.0), result: 0.0}
列 'p' 不存在，对列 brewery_name 不过滤，直接选择所有非无效值。
Block processing time: 0.002927 seconds
Computing Block 730 out of 796
Processing Block size=3
begin cleaner{left: ("[FunctionalDependency:(s: {brewery_id}, t: {brewery_name})]", 0.0), operator: *, right: (1.0, 1.0), result: 0.0}
列 'p' 不存在，对列 brewery_name 不过滤，直接选择所有非无效值。
Block processing time: 0.002201 seconds
Computing Block 731 out of 796
Processing Block size=8
begin cleaner{left: ("[FunctionalDependency:(s: {brewery_id}, t: {brewery_name})]", 0.0), operator: *, right: (1.0, 1.0), result: 0.0}
列 'p' 不存在，对列 brewery_name 不过滤，直接选择所有非无效值。
Block processing time: 0.005697 seconds
Computing Block 733 out of 796
Processing Block size=5
begin cleaner{left: ("[FunctionalDependency:(s: {brewery_id}, t: {brewery_name})]", 0.0), operator: *, right: (1.0, 1.0), result: 0.0}
列 'p' 不存在，对列 brewery_name 不过滤，直接选择所有非无效值。
Block processing time: 0.003571 seconds
Computing Block 735 out of 796
Processing Block size=3
begin cleaner{left: ("[FunctionalDependency:(s: {brewery_id}, t: {brewery_name})]", 0.0), operator: *, right: (1.0, 1.0), result: 0.0}
列 'p' 不存在，对列 brewery_name 不过滤，直接选择所有非无效值。
Block processing time: 0.002188 seconds
Computing Block 737 out of 796
Processing Block size=23
begin cleaner{left: ("[FunctionalDependency:(s: {brewery_id}, t: {brewery_name})]", 0.0), operator: *, right: (1.0, 1.0), result: 0.0}
列 'p' 不存在，对列 brewery_name 不过滤，直接选择所有非无效值。
Block processing time: 0.0169 seconds
Computing Block 739 out of 796
Processing Block size=3
begin cleaner{left: ("[FunctionalDependency:(s: {brewery_id}, t: {brewery_name})]", 0.0), operator: *, right: (1.0, 1.0), result: 0.0}
列 'p' 不存在，对列 brewery_name 不过滤，直接选择所有非无效值。
Block processing time: 0.002374 seconds
Computing Block 744 out of 796
Processing Block size=5
begin cleaner{left: ("[FunctionalDependency:(s: {brewery_id}, t: {brewery_name})]", 0.0), operator: *, right: (1.0, 1.0), result: 0.0}
列 'p' 不存在，对列 brewery_name 不过滤，直接选择所有非无效值。
Block processing time: 0.003863 seconds
Computing Block 745 out of 796
Processing Block size=6
begin cleaner{left: ("[FunctionalDependency:(s: {brewery_id}, t: {brewery_name})]", 0.0), operator: *, right: (1.0, 1.0), result: 0.0}
列 'p' 不存在，对列 brewery_name 不过滤，直接选择所有非无效值。
WARNING:root:No partitioning rule specified, processing might be slow
Block processing time: 0.004643 seconds
Computing Block 746 out of 796
Processing Block size=5
begin cleaner{left: ("[FunctionalDependency:(s: {brewery_id}, t: {brewery_name})]", 0.0), operator: *, right: (1.0, 1.0), result: 0.0}
列 'p' 不存在，对列 brewery_name 不过滤，直接选择所有非无效值。
Block processing time: 0.003663 seconds
Computing Block 747 out of 796
Processing Block size=5
begin cleaner{left: ("[FunctionalDependency:(s: {brewery_id}, t: {brewery_name})]", 0.0), operator: *, right: (1.0, 1.0), result: 0.0}
列 'p' 不存在，对列 brewery_name 不过滤，直接选择所有非无效值。
Block processing time: 0.003572 seconds
Computing Block 749 out of 796
Processing Block size=3
begin cleaner{left: ("[FunctionalDependency:(s: {brewery_id}, t: {brewery_name})]", 0.0), operator: *, right: (1.0, 1.0), result: 0.0}
列 'p' 不存在，对列 brewery_name 不过滤，直接选择所有非无效值。
Block processing time: 0.002188 seconds
Computing Block 751 out of 796
Processing Block size=2
begin cleaner{left: ("[FunctionalDependency:(s: {brewery_id}, t: {brewery_name})]", 0.0), operator: *, right: (1.0, 1.0), result: 0.0}
列 'p' 不存在，对列 brewery_name 不过滤，直接选择所有非无效值。
Block processing time: 0.001568 seconds
Computing Block 754 out of 796
Processing Block size=6
begin cleaner{left: ("[FunctionalDependency:(s: {brewery_id}, t: {brewery_name})]", 0.0), operator: *, right: (1.0, 1.0), result: 0.0}
列 'p' 不存在，对列 brewery_name 不过滤，直接选择所有非无效值。
Block processing time: 0.004272 seconds
Computing Block 757 out of 796
Processing Block size=5
begin cleaner{left: ("[FunctionalDependency:(s: {brewery_id}, t: {brewery_name})]", 0.0), operator: *, right: (1.0, 1.0), result: 0.0}
列 'p' 不存在，对列 brewery_name 不过滤，直接选择所有非无效值。
Block processing time: 0.003568 seconds
Computing Block 761 out of 796
Processing Block size=7
begin cleaner{left: ("[FunctionalDependency:(s: {brewery_id}, t: {brewery_name})]", 0.0), operator: *, right: (1.0, 1.0), result: 0.0}
列 'p' 不存在，对列 brewery_name 不过滤，直接选择所有非无效值。
Block processing time: 0.00499 seconds
Computing Block 764 out of 796
Processing Block size=3
begin cleaner{left: ("[FunctionalDependency:(s: {brewery_id}, t: {brewery_name})]", 0.0), operator: *, right: (1.0, 1.0), result: 0.0}
列 'p' 不存在，对列 brewery_name 不过滤，直接选择所有非无效值。
Block processing time: 0.002192 seconds
Computing Block 765 out of 796
Processing Block size=3
begin cleaner{left: ("[FunctionalDependency:(s: {brewery_id}, t: {brewery_name})]", 0.0), operator: *, right: (1.0, 1.0), result: 0.0}
列 'p' 不存在，对列 brewery_name 不过滤，直接选择所有非无效值。
Block processing time: 0.002187 seconds
Computing Block 771 out of 796
Processing Block size=2
begin cleaner{left: ("[FunctionalDependency:(s: {brewery_id}, t: {brewery_name})]", 0.0), operator: *, right: (1.0, 1.0), result: 0.0}
列 'p' 不存在，对列 brewery_name 不过滤，直接选择所有非无效值。
Block processing time: 0.001491 seconds
Computing Block 774 out of 796
Processing Block size=3
begin cleaner{left: ("[FunctionalDependency:(s: {brewery_id}, t: {brewery_name})]", 0.0), operator: *, right: (1.0, 1.0), result: 0.0}
列 'p' 不存在，对列 brewery_name 不过滤，直接选择所有非无效值。
Block processing time: 0.002193 seconds
Computing Block 775 out of 796
Processing Block size=2
begin cleaner{left: ("[FunctionalDependency:(s: {brewery_id}, t: {brewery_name})]", 0.0), operator: *, right: (1.0, 1.0), result: 0.0}
列 'p' 不存在，对列 brewery_name 不过滤，直接选择所有非无效值。
Block processing time: 0.001492 seconds
Computing Block 776 out of 796
Processing Block size=7
begin cleaner{left: ("[FunctionalDependency:(s: {brewery_id}, t: {brewery_name})]", 0.0), operator: *, right: (1.0, 1.0), result: 0.0}
列 'p' 不存在，对列 brewery_name 不过滤，直接选择所有非无效值。
Block processing time: 0.004931 seconds
Computing Block 777 out of 796
Processing Block size=2
begin cleaner{left: ("[FunctionalDependency:(s: {brewery_id}, t: {brewery_name})]", 0.0), operator: *, right: (1.0, 1.0), result: 0.0}
列 'p' 不存在，对列 brewery_name 不过滤，直接选择所有非无效值。
Block processing time: 0.001484 seconds
Computing Block 779 out of 796
Processing Block size=4
begin cleaner{left: ("[FunctionalDependency:(s: {brewery_id}, t: {brewery_name})]", 0.0), operator: *, right: (1.0, 1.0), result: 0.0}
列 'p' 不存在，对列 brewery_name 不过滤，直接选择所有非无效值。
Block processing time: 0.002868 seconds
Computing Block 781 out of 796
Processing Block size=4
begin cleaner{left: ("[FunctionalDependency:(s: {brewery_id}, t: {brewery_name})]", 0.0), operator: *, right: (1.0, 1.0), result: 0.0}
列 'p' 不存在，对列 brewery_name 不过滤，直接选择所有非无效值。
Block processing time: 0.002947 seconds
Computing Block 782 out of 796
Processing Block size=2
begin cleaner{left: ("[FunctionalDependency:(s: {brewery_id}, t: {brewery_name})]", 0.0), operator: *, right: (1.0, 1.0), result: 0.0}
列 'p' 不存在，对列 brewery_name 不过滤，直接选择所有非无效值。
Block processing time: 0.001492 seconds
Computing Block 783 out of 796
Processing Block size=3
begin cleaner{left: ("[FunctionalDependency:(s: {brewery_id}, t: {brewery_name})]", 0.0), operator: *, right: (1.0, 1.0), result: 0.0}
列 'p' 不存在，对列 brewery_name 不过滤，直接选择所有非无效值。
Block processing time: 0.002196 seconds
Computing Block 786 out of 796
Processing Block size=2
begin cleaner{left: ("[FunctionalDependency:(s: {brewery_id}, t: {brewery_name})]", 0.0), operator: *, right: (1.0, 1.0), result: 0.0}
列 'p' 不存在，对列 brewery_name 不过滤，直接选择所有非无效值。
Block processing time: 0.001483 seconds
Computing Block 787 out of 796
Processing Block size=8
begin cleaner{left: ("[FunctionalDependency:(s: {brewery_id}, t: {brewery_name})]", 0.0), operator: *, right: (1.0, 1.0), result: 0.0}
列 'p' 不存在，对列 brewery_name 不过滤，直接选择所有非无效值。
Block processing time: 0.005652 seconds
Computing Block 788 out of 796
Processing Block size=3
begin cleaner{left: ("[FunctionalDependency:(s: {brewery_id}, t: {brewery_name})]", 0.0), operator: *, right: (1.0, 1.0), result: 0.0}
列 'p' 不存在，对列 brewery_name 不过滤，直接选择所有非无效值。
Block processing time: 0.002228 seconds
Computing Block 791 out of 796
Processing Block size=8
begin cleaner{left: ("[FunctionalDependency:(s: {brewery_id}, t: {brewery_name})]", 0.0), operator: *, right: (1.0, 1.0), result: 0.0}
列 'p' 不存在，对列 brewery_name 不过滤，直接选择所有非无效值。
Block processing time: 0.00562 seconds
Computing Block 792 out of 796
Processing Block size=4
begin cleaner{left: ("[FunctionalDependency:(s: {brewery_id}, t: {brewery_name})]", 0.0), operator: *, right: (1.0, 1.0), result: 0.0}
列 'p' 不存在，对列 brewery_name 不过滤，直接选择所有非无效值。
Block processing time: 0.002862 seconds
Computing Block 796 out of 796
Processing Block size=7
begin cleaner{left: ("[FunctionalDependency:(s: {brewery_id}, t: {brewery_name})]", 0.0), operator: *, right: (1.0, 1.0), result: 0.0}
列 'p' 不存在，对列 brewery_name 不过滤，直接选择所有非无效值。
Block processing time: 0.00499 seconds
  当前节点: brewery_name 无清洗操作
  当前节点: city 存在可用清洗信号
数据块大小: 2410
分块属性:
[['brewery_id']]
Starting initial block mapping...
Initial number of blocks: 796
Final number of blocks after further splitting: 796
Computing Block 1 out of 796
Processing Block size=5
begin cleaner[FunctionalDependency:(s: {'brewery_id'}, t: {'city'})]*1.0
列 'p' 不存在，对列 city 不过滤，直接选择所有非无效值。
Block processing time: 0.004089 seconds
Computing Block 4 out of 796
Processing Block size=4
begin cleaner{left: ("[FunctionalDependency:(s: {brewery_id}, t: {city})]", 0.0), operator: *, right: (1.0, 1.0), result: 0.0}
列 'p' 不存在，对列 city 不过滤，直接选择所有非无效值。
Block processing time: 0.003196 seconds
Computing Block 5 out of 796
Processing Block size=2
begin cleaner{left: ("[FunctionalDependency:(s: {brewery_id}, t: {city})]", 0.0), operator: *, right: (1.0, 1.0), result: 0.0}
列 'p' 不存在，对列 city 不过滤，直接选择所有非无效值。
Block processing time: 0.001623 seconds
Computing Block 6 out of 796
Processing Block size=4
begin cleaner{left: ("[FunctionalDependency:(s: {brewery_id}, t: {city})]", 0.0), operator: *, right: (1.0, 1.0), result: 0.0}
列 'p' 不存在，对列 city 不过滤，直接选择所有非无效值。
Block processing time: 0.003097 seconds
Computing Block 7 out of 796
Processing Block size=2
begin cleaner{left: ("[FunctionalDependency:(s: {brewery_id}, t: {city})]", 0.0), operator: *, right: (1.0, 1.0), result: 0.0}
列 'p' 不存在，对列 city 不过滤，直接选择所有非无效值。
Block processing time: 0.001615 seconds
Computing Block 10 out of 796
Processing Block size=7
begin cleaner{left: ("[FunctionalDependency:(s: {brewery_id}, t: {city})]", 0.0), operator: *, right: (1.0, 1.0), result: 0.0}
列 'p' 不存在，对列 city 不过滤，直接选择所有非无效值。
Block processing time: 0.005206 seconds
Computing Block 12 out of 796
Processing Block size=6
begin cleaner{left: ("[FunctionalDependency:(s: {brewery_id}, t: {city})]", 0.0), operator: *, right: (1.0, 1.0), result: 0.0}
列 'p' 不存在，对列 city 不过滤，直接选择所有非无效值。
Block processing time: 0.004389 seconds
Computing Block 13 out of 796
Processing Block size=3
begin cleaner{left: ("[FunctionalDependency:(s: {brewery_id}, t: {city})]", 0.0), operator: *, right: (1.0, 1.0), result: 0.0}
列 'p' 不存在，对列 city 不过滤，直接选择所有非无效值。
Block processing time: 0.002287 seconds
Computing Block 18 out of 796
Processing Block size=9
begin cleaner{left: ("[FunctionalDependency:(s: {brewery_id}, t: {city})]", 0.0), operator: *, right: (1.0, 1.0), result: 0.0}
列 'p' 不存在，对列 city 不过滤，直接选择所有非无效值。
Block processing time: 0.006606 seconds
Computing Block 19 out of 796
Processing Block size=3
begin cleaner{left: ("[FunctionalDependency:(s: {brewery_id}, t: {city})]", 0.0), operator: *, right: (1.0, 1.0), result: 0.0}
列 'p' 不存在，对列 city 不过滤，直接选择所有非无效值。
Block processing time: 0.002266 seconds
Computing Block 22 out of 796
Processing Block size=5
begin cleaner{left: ("[FunctionalDependency:(s: {brewery_id}, t: {city})]", 0.0), operator: *, right: (1.0, 1.0), result: 0.0}
列 'p' 不存在，对列 city 不过滤，直接选择所有非无效值。
Block processing time: 0.003697 seconds
Computing Block 28 out of 796
Processing Block size=2
begin cleaner{left: ("[FunctionalDependency:(s: {brewery_id}, t: {city})]", 0.0), operator: *, right: (1.0, 1.0), result: 0.0}
列 'p' 不存在，对列 city 不过滤，直接选择所有非无效值。
Block processing time: 0.001553 seconds
Computing Block 31 out of 796
Processing Block size=3
begin cleaner{left: ("[FunctionalDependency:(s: {brewery_id}, t: {city})]", 0.0), operator: *, right: (1.0, 1.0), result: 0.0}
列 'p' 不存在，对列 city 不过滤，直接选择所有非无效值。
Block processing time: 0.002272 seconds
Computing Block 35 out of 796
Processing Block size=5
begin cleaner{left: ("[FunctionalDependency:(s: {brewery_id}, t: {city})]", 0.0), operator: *, right: (1.0, 1.0), result: 0.0}
列 'p' 不存在，对列 city 不过滤，直接选择所有非无效值。
Block processing time: 0.003696 seconds
Computing Block 39 out of 796
Processing Block size=3
begin cleaner{left: ("[FunctionalDependency:(s: {brewery_id}, t: {city})]", 0.0), operator: *, right: (1.0, 1.0), result: 0.0}
列 'p' 不存在，对列 city 不过滤，直接选择所有非无效值。
Block processing time: 0.002276 seconds
Computing Block 41 out of 796
Processing Block size=7
begin cleaner{left: ("[FunctionalDependency:(s: {brewery_id}, t: {city})]", 0.0), operator: *, right: (1.0, 1.0), result: 0.0}
列 'p' 不存在，对列 city 不过滤，直接选择所有非无效值。
Block processing time: 0.005186 seconds
Computing Block 42 out of 796
Processing Block size=6
begin cleaner{left: ("[FunctionalDependency:(s: {brewery_id}, t: {city})]", 0.0), operator: *, right: (1.0, 1.0), result: 0.0}
列 'p' 不存在，对列 city 不过滤，直接选择所有非无效值。
Block processing time: 0.004443 seconds
Computing Block 43 out of 796
Processing Block size=3
begin cleaner{left: ("[FunctionalDependency:(s: {brewery_id}, t: {city})]", 0.0), operator: *, right: (1.0, 1.0), result: 0.0}
列 'p' 不存在，对列 city 不过滤，直接选择所有非无效值。
Block processing time: 0.002252 seconds
Computing Block 48 out of 796
Processing Block size=17
begin cleaner{left: ("[FunctionalDependency:(s: {brewery_id}, t: {city})]", 0.0), operator: *, right: (1.0, 1.0), result: 0.0}
列 'p' 不存在，对列 city 不过滤，直接选择所有非无效值。
Block processing time: 0.012339 seconds
Computing Block 49 out of 796
Processing Block size=11
begin cleaner{left: ("[FunctionalDependency:(s: {brewery_id}, t: {city})]", 0.0), operator: *, right: (1.0, 1.0), result: 0.0}
列 'p' 不存在，对列 city 不过滤，直接选择所有非无效值。
Block processing time: 0.007911 seconds
Computing Block 50 out of 796
Processing Block size=2
begin cleaner{left: ("[FunctionalDependency:(s: {brewery_id}, t: {city})]", 0.0), operator: *, right: (1.0, 1.0), result: 0.0}
列 'p' 不存在，对列 city 不过滤，直接选择所有非无效值。
Block processing time: 0.001541 seconds
Computing Block 51 out of 796
Processing Block size=2
begin cleaner{left: ("[FunctionalDependency:(s: {brewery_id}, t: {city})]", 0.0), operator: *, right: (1.0, 1.0), result: 0.0}
列 'p' 不存在，对列 city 不过滤，直接选择所有非无效值。
Block processing time: 0.001508 seconds
Computing Block 52 out of 796
Processing Block size=8
begin cleaner{left: ("[FunctionalDependency:(s: {brewery_id}, t: {city})]", 0.0), operator: *, right: (1.0, 1.0), result: 0.0}
列 'p' 不存在，对列 city 不过滤，直接选择所有非无效值。
Block processing time: 0.005696 seconds
Computing Block 55 out of 796
Processing Block size=3
begin cleaner{left: ("[FunctionalDependency:(s: {brewery_id}, t: {city})]", 0.0), operator: *, right: (1.0, 1.0), result: 0.0}
列 'p' 不存在，对列 city 不过滤，直接选择所有非无效值。
Block processing time: 0.002201 seconds
Computing Block 56 out of 796
Processing Block size=15
begin cleaner{left: ("[FunctionalDependency:(s: {brewery_id}, t: {city})]", 0.0), operator: *, right: (1.0, 1.0), result: 0.0}
列 'p' 不存在，对列 city 不过滤，直接选择所有非无效值。
Block processing time: 0.010586 seconds
Computing Block 57 out of 796
Processing Block size=3
begin cleaner{left: ("[FunctionalDependency:(s: {brewery_id}, t: {city})]", 0.0), operator: *, right: (1.0, 1.0), result: 0.0}
列 'p' 不存在，对列 city 不过滤，直接选择所有非无效值。
Block processing time: 0.002193 seconds
Computing Block 58 out of 796
Processing Block size=3
begin cleaner{left: ("[FunctionalDependency:(s: {brewery_id}, t: {city})]", 0.0), operator: *, right: (1.0, 1.0), result: 0.0}
列 'p' 不存在，对列 city 不过滤，直接选择所有非无效值。
Block processing time: 0.002199 seconds
Computing Block 63 out of 796
Processing Block size=5
begin cleaner{left: ("[FunctionalDependency:(s: {brewery_id}, t: {city})]", 0.0), operator: *, right: (1.0, 1.0), result: 0.0}
列 'p' 不存在，对列 city 不过滤，直接选择所有非无效值。
Block processing time: 0.003573 seconds
Computing Block 64 out of 796
Processing Block size=8
begin cleaner{left: ("[FunctionalDependency:(s: {brewery_id}, t: {city})]", 0.0), operator: *, right: (1.0, 1.0), result: 0.0}
列 'p' 不存在，对列 city 不过滤，直接选择所有非无效值。
Block processing time: 0.005679 seconds
Computing Block 65 out of 796
Processing Block size=3
begin cleaner{left: ("[FunctionalDependency:(s: {brewery_id}, t: {city})]", 0.0), operator: *, right: (1.0, 1.0), result: 0.0}
列 'p' 不存在，对列 city 不过滤，直接选择所有非无效值。
Block processing time: 0.002188 seconds
Computing Block 67 out of 796
Processing Block size=9
begin cleaner{left: ("[FunctionalDependency:(s: {brewery_id}, t: {city})]", 0.0), operator: *, right: (1.0, 1.0), result: 0.0}
列 'p' 不存在，对列 city 不过滤，直接选择所有非无效值。
Block processing time: 0.006415 seconds
Computing Block 68 out of 796
Processing Block size=13
begin cleaner{left: ("[FunctionalDependency:(s: {brewery_id}, t: {city})]", 0.0), operator: *, right: (1.0, 1.0), result: 0.0}
列 'p' 不存在，对列 city 不过滤，直接选择所有非无效值。
Block processing time: 0.009146 seconds
Computing Block 69 out of 796
Processing Block size=2
begin cleaner{left: ("[FunctionalDependency:(s: {brewery_id}, t: {city})]", 0.0), operator: *, right: (1.0, 1.0), result: 0.0}
列 'p' 不存在，对列 city 不过滤，直接选择所有非无效值。
Block processing time: 0.001489 seconds
Computing Block 72 out of 796
Processing Block size=5
begin cleaner{left: ("[FunctionalDependency:(s: {brewery_id}, t: {city})]", 0.0), operator: *, right: (1.0, 1.0), result: 0.0}
列 'p' 不存在，对列 city 不过滤，直接选择所有非无效值。
Block processing time: 0.003577 seconds
Computing Block 74 out of 796
Processing Block size=5
begin cleaner{left: ("[FunctionalDependency:(s: {brewery_id}, t: {city})]", 0.0), operator: *, right: (1.0, 1.0), result: 0.0}
列 'p' 不存在，对列 city 不过滤，直接选择所有非无效值。
Block processing time: 0.003574 seconds
Computing Block 75 out of 796
Processing Block size=3
begin cleaner{left: ("[FunctionalDependency:(s: {brewery_id}, t: {city})]", 0.0), operator: *, right: (1.0, 1.0), result: 0.0}
列 'p' 不存在，对列 city 不过滤，直接选择所有非无效值。
Block processing time: 0.002202 seconds
Computing Block 76 out of 796
Processing Block size=3
begin cleaner{left: ("[FunctionalDependency:(s: {brewery_id}, t: {city})]", 0.0), operator: *, right: (1.0, 1.0), result: 0.0}
列 'p' 不存在，对列 city 不过滤，直接选择所有非无效值。
Block processing time: 0.002238 seconds
Computing Block 77 out of 796
Processing Block size=2
begin cleaner{left: ("[FunctionalDependency:(s: {brewery_id}, t: {city})]", 0.0), operator: *, right: (1.0, 1.0), result: 0.0}
列 'p' 不存在，对列 city 不过滤，直接选择所有非无效值。
Block processing time: 0.0015 seconds
Computing Block 79 out of 796
Processing Block size=3
begin cleaner{left: ("[FunctionalDependency:(s: {brewery_id}, t: {city})]", 0.0), operator: *, right: (1.0, 1.0), result: 0.0}
列 'p' 不存在，对列 city 不过滤，直接选择所有非无效值。
Block processing time: 0.002203 seconds
Computing Block 80 out of 796
Processing Block size=7
begin cleaner{left: ("[FunctionalDependency:(s: {brewery_id}, t: {city})]", 0.0), operator: *, right: (1.0, 1.0), result: 0.0}
列 'p' 不存在，对列 city 不过滤，直接选择所有非无效值。
Block processing time: 0.004959 seconds
Computing Block 81 out of 796
Processing Block size=2
begin cleaner{left: ("[FunctionalDependency:(s: {brewery_id}, t: {city})]", 0.0), operator: *, right: (1.0, 1.0), result: 0.0}
列 'p' 不存在，对列 city 不过滤，直接选择所有非无效值。
Block processing time: 0.001524 seconds
Computing Block 84 out of 796
Processing Block size=4
begin cleaner{left: ("[FunctionalDependency:(s: {brewery_id}, t: {city})]", 0.0), operator: *, right: (1.0, 1.0), result: 0.0}
列 'p' 不存在，对列 city 不过滤，直接选择所有非无效值。
Block processing time: 0.002966 seconds
Computing Block 85 out of 796
Processing Block size=3
begin cleaner{left: ("[FunctionalDependency:(s: {brewery_id}, t: {city})]", 0.0), operator: *, right: (1.0, 1.0), result: 0.0}
列 'p' 不存在，对列 city 不过滤，直接选择所有非无效值。
Block processing time: 0.002194 seconds
Computing Block 86 out of 796
Processing Block size=4
begin cleaner{left: ("[FunctionalDependency:(s: {brewery_id}, t: {city})]", 0.0), operator: *, right: (1.0, 1.0), result: 0.0}
列 'p' 不存在，对列 city 不过滤，直接选择所有非无效值。
Block processing time: 0.00287 seconds
Computing Block 89 out of 796
Processing Block size=4
begin cleaner{left: ("[FunctionalDependency:(s: {brewery_id}, t: {city})]", 0.0), operator: *, right: (1.0, 1.0), result: 0.0}
列 'p' 不存在，对列 city 不过滤，直接选择所有非无效值。
Block processing time: 0.002936 seconds
Computing Block 90 out of 796
Processing Block size=2
begin cleaner{left: ("[FunctionalDependency:(s: {brewery_id}, t: {city})]", 0.0), operator: *, right: (1.0, 1.0), result: 0.0}
列 'p' 不存在，对列 city 不过滤，直接选择所有非无效值。
Block processing time: 0.001493 seconds
Computing Block 91 out of 796
Processing Block size=12
begin cleaner{left: ("[FunctionalDependency:(s: {brewery_id}, t: {city})]", 0.0), operator: *, right: (1.0, 1.0), result: 0.0}
列 'p' 不存在，对列 city 不过滤，直接选择所有非无效值。
Block processing time: 0.008491 seconds
Computing Block 92 out of 796
Processing Block size=2
begin cleaner{left: ("[FunctionalDependency:(s: {brewery_id}, t: {city})]", 0.0), operator: *, right: (1.0, 1.0), result: 0.0}
列 'p' 不存在，对列 city 不过滤，直接选择所有非无效值。
Block processing time: 0.001491 seconds
Computing Block 95 out of 796
Processing Block size=10
begin cleaner{left: ("[FunctionalDependency:(s: {brewery_id}, t: {city})]", 0.0), operator: *, right: (1.0, 1.0), result: 0.0}
列 'p' 不存在，对列 city 不过滤，直接选择所有非无效值。
Block processing time: 0.007039 seconds
Computing Block 96 out of 796
Processing Block size=2
begin cleaner{left: ("[FunctionalDependency:(s: {brewery_id}, t: {city})]", 0.0), operator: *, right: (1.0, 1.0), result: 0.0}
列 'p' 不存在，对列 city 不过滤，直接选择所有非无效值。
Block processing time: 0.001529 seconds
Computing Block 97 out of 796
Processing Block size=8
begin cleaner{left: ("[FunctionalDependency:(s: {brewery_id}, t: {city})]", 0.0), operator: *, right: (1.0, 1.0), result: 0.0}
列 'p' 不存在，对列 city 不过滤，直接选择所有非无效值。
Block processing time: 0.00565 seconds
Computing Block 98 out of 796
Processing Block size=9
begin cleaner{left: ("[FunctionalDependency:(s: {brewery_id}, t: {city})]", 0.0), operator: *, right: (1.0, 1.0), result: 0.0}
列 'p' 不存在，对列 city 不过滤，直接选择所有非无效值。
Block processing time: 0.006373 seconds
Computing Block 100 out of 796
Processing Block size=2
begin cleaner{left: ("[FunctionalDependency:(s: {brewery_id}, t: {city})]", 0.0), operator: *, right: (1.0, 1.0), result: 0.0}
列 'p' 不存在，对列 city 不过滤，直接选择所有非无效值。
Block processing time: 0.00149 seconds
Computing Block 101 out of 796
Processing Block size=2
begin cleaner{left: ("[FunctionalDependency:(s: {brewery_id}, t: {city})]", 0.0), operator: *, right: (1.0, 1.0), result: 0.0}
列 'p' 不存在，对列 city 不过滤，直接选择所有非无效值。
Block processing time: 0.001497 seconds
Computing Block 102 out of 796
Processing Block size=4
begin cleaner{left: ("[FunctionalDependency:(s: {brewery_id}, t: {city})]", 0.0), operator: *, right: (1.0, 1.0), result: 0.0}
列 'p' 不存在，对列 city 不过滤，直接选择所有非无效值。
Block processing time: 0.002914 seconds
Computing Block 103 out of 796
Processing Block size=15
begin cleaner{left: ("[FunctionalDependency:(s: {brewery_id}, t: {city})]", 0.0), operator: *, right: (1.0, 1.0), result: 0.0}
列 'p' 不存在，对列 city 不过滤，直接选择所有非无效值。
Block processing time: 0.010587 seconds
Computing Block 105 out of 796
Processing Block size=7
begin cleaner{left: ("[FunctionalDependency:(s: {brewery_id}, t: {city})]", 0.0), operator: *, right: (1.0, 1.0), result: 0.0}
列 'p' 不存在，对列 city 不过滤，直接选择所有非无效值。
Block processing time: 0.005048 seconds
Computing Block 108 out of 796
Processing Block size=2
begin cleaner{left: ("[FunctionalDependency:(s: {brewery_id}, t: {city})]", 0.0), operator: *, right: (1.0, 1.0), result: 0.0}
列 'p' 不存在，对列 city 不过滤，直接选择所有非无效值。
Block processing time: 0.001561 seconds
Computing Block 109 out of 796
Processing Block size=9
begin cleaner{left: ("[FunctionalDependency:(s: {brewery_id}, t: {city})]", 0.0), operator: *, right: (1.0, 1.0), result: 0.0}
列 'p' 不存在，对列 city 不过滤，直接选择所有非无效值。
Block processing time: 0.006376 seconds
Computing Block 110 out of 796
Processing Block size=5
begin cleaner{left: ("[FunctionalDependency:(s: {brewery_id}, t: {city})]", 0.0), operator: *, right: (1.0, 1.0), result: 0.0}
列 'p' 不存在，对列 city 不过滤，直接选择所有非无效值。
Block processing time: 0.003586 seconds
Computing Block 111 out of 796
Processing Block size=6
begin cleaner{left: ("[FunctionalDependency:(s: {brewery_id}, t: {city})]", 0.0), operator: *, right: (1.0, 1.0), result: 0.0}
列 'p' 不存在，对列 city 不过滤，直接选择所有非无效值。
Block processing time: 0.004257 seconds
Computing Block 115 out of 796
Processing Block size=4
begin cleaner{left: ("[FunctionalDependency:(s: {brewery_id}, t: {city})]", 0.0), operator: *, right: (1.0, 1.0), result: 0.0}
列 'p' 不存在，对列 city 不过滤，直接选择所有非无效值。
Block processing time: 0.00295 seconds
Computing Block 116 out of 796
Processing Block size=2
begin cleaner{left: ("[FunctionalDependency:(s: {brewery_id}, t: {city})]", 0.0), operator: *, right: (1.0, 1.0), result: 0.0}
列 'p' 不存在，对列 city 不过滤，直接选择所有非无效值。
Block processing time: 0.001493 seconds
Computing Block 117 out of 796
Processing Block size=3
begin cleaner{left: ("[FunctionalDependency:(s: {brewery_id}, t: {city})]", 0.0), operator: *, right: (1.0, 1.0), result: 0.0}
列 'p' 不存在，对列 city 不过滤，直接选择所有非无效值。
Block processing time: 0.002219 seconds
Computing Block 119 out of 796
Processing Block size=3
begin cleaner{left: ("[FunctionalDependency:(s: {brewery_id}, t: {city})]", 0.0), operator: *, right: (1.0, 1.0), result: 0.0}
列 'p' 不存在，对列 city 不过滤，直接选择所有非无效值。
Block processing time: 0.002254 seconds
Computing Block 124 out of 796
Processing Block size=2
begin cleaner{left: ("[FunctionalDependency:(s: {brewery_id}, t: {city})]", 0.0), operator: *, right: (1.0, 1.0), result: 0.0}
列 'p' 不存在，对列 city 不过滤，直接选择所有非无效值。
Block processing time: 0.001553 seconds
Computing Block 125 out of 796
Processing Block size=4
begin cleaner{left: ("[FunctionalDependency:(s: {brewery_id}, t: {city})]", 0.0), operator: *, right: (1.0, 1.0), result: 0.0}
列 'p' 不存在，对列 city 不过滤，直接选择所有非无效值。
Block processing time: 0.002929 seconds
Computing Block 128 out of 796
Processing Block size=6
begin cleaner{left: ("[FunctionalDependency:(s: {brewery_id}, t: {city})]", 0.0), operator: *, right: (1.0, 1.0), result: 0.0}
列 'p' 不存在，对列 city 不过滤，直接选择所有非无效值。
Block processing time: 0.004387 seconds
Computing Block 130 out of 796
Processing Block size=4
begin cleaner{left: ("[FunctionalDependency:(s: {brewery_id}, t: {city})]", 0.0), operator: *, right: (1.0, 1.0), result: 0.0}
列 'p' 不存在，对列 city 不过滤，直接选择所有非无效值。
Block processing time: 0.002884 seconds
Computing Block 131 out of 796
Processing Block size=2
begin cleaner{left: ("[FunctionalDependency:(s: {brewery_id}, t: {city})]", 0.0), operator: *, right: (1.0, 1.0), result: 0.0}
列 'p' 不存在，对列 city 不过滤，直接选择所有非无效值。
Block processing time: 0.001497 seconds
Computing Block 132 out of 796
Processing Block size=3
begin cleaner{left: ("[FunctionalDependency:(s: {brewery_id}, t: {city})]", 0.0), operator: *, right: (1.0, 1.0), result: 0.0}
列 'p' 不存在，对列 city 不过滤，直接选择所有非无效值。
Block processing time: 0.002193 seconds
Computing Block 136 out of 796
Processing Block size=12
begin cleaner{left: ("[FunctionalDependency:(s: {brewery_id}, t: {city})]", 0.0), operator: *, right: (1.0, 1.0), result: 0.0}
列 'p' 不存在，对列 city 不过滤，直接选择所有非无效值。
Block processing time: 0.008431 seconds
Computing Block 138 out of 796
Processing Block size=11
begin cleaner{left: ("[FunctionalDependency:(s: {brewery_id}, t: {city})]", 0.0), operator: *, right: (1.0, 1.0), result: 0.0}
列 'p' 不存在，对列 city 不过滤，直接选择所有非无效值。
Block processing time: 0.007781 seconds
Computing Block 139 out of 796
Processing Block size=2
begin cleaner{left: ("[FunctionalDependency:(s: {brewery_id}, t: {city})]", 0.0), operator: *, right: (1.0, 1.0), result: 0.0}
列 'p' 不存在，对列 city 不过滤，直接选择所有非无效值。
Block processing time: 0.001501 seconds
Computing Block 140 out of 796
Processing Block size=7
begin cleaner{left: ("[FunctionalDependency:(s: {brewery_id}, t: {city})]", 0.0), operator: *, right: (1.0, 1.0), result: 0.0}
列 'p' 不存在，对列 city 不过滤，直接选择所有非无效值。
Block processing time: 0.004964 seconds
Computing Block 141 out of 796
Processing Block size=8
begin cleaner{left: ("[FunctionalDependency:(s: {brewery_id}, t: {city})]", 0.0), operator: *, right: (1.0, 1.0), result: 0.0}
列 'p' 不存在，对列 city 不过滤，直接选择所有非无效值。
Block processing time: 0.005662 seconds
Computing Block 142 out of 796
Processing Block size=2
begin cleaner{left: ("[FunctionalDependency:(s: {brewery_id}, t: {city})]", 0.0), operator: *, right: (1.0, 1.0), result: 0.0}
列 'p' 不存在，对列 city 不过滤，直接选择所有非无效值。
Block processing time: 0.001503 seconds
Computing Block 146 out of 796
Processing Block size=2
begin cleaner{left: ("[FunctionalDependency:(s: {brewery_id}, t: {city})]", 0.0), operator: *, right: (1.0, 1.0), result: 0.0}
列 'p' 不存在，对列 city 不过滤，直接选择所有非无效值。
Block processing time: 0.001512 seconds
Computing Block 147 out of 796
Processing Block size=4
begin cleaner{left: ("[FunctionalDependency:(s: {brewery_id}, t: {city})]", 0.0), operator: *, right: (1.0, 1.0), result: 0.0}
列 'p' 不存在，对列 city 不过滤，直接选择所有非无效值。
Block processing time: 0.002971 seconds
Computing Block 150 out of 796
Processing Block size=2
begin cleaner{left: ("[FunctionalDependency:(s: {brewery_id}, t: {city})]", 0.0), operator: *, right: (1.0, 1.0), result: 0.0}
列 'p' 不存在，对列 city 不过滤，直接选择所有非无效值。
Block processing time: 0.001492 seconds
Computing Block 152 out of 796
Processing Block size=2
begin cleaner{left: ("[FunctionalDependency:(s: {brewery_id}, t: {city})]", 0.0), operator: *, right: (1.0, 1.0), result: 0.0}
列 'p' 不存在，对列 city 不过滤，直接选择所有非无效值。
Block processing time: 0.001488 seconds
Computing Block 154 out of 796
Processing Block size=2
begin cleaner{left: ("[FunctionalDependency:(s: {brewery_id}, t: {city})]", 0.0), operator: *, right: (1.0, 1.0), result: 0.0}
列 'p' 不存在，对列 city 不过滤，直接选择所有非无效值。
Block processing time: 0.001503 seconds
Computing Block 156 out of 796
Processing Block size=4
begin cleaner{left: ("[FunctionalDependency:(s: {brewery_id}, t: {city})]", 0.0), operator: *, right: (1.0, 1.0), result: 0.0}
列 'p' 不存在，对列 city 不过滤，直接选择所有非无效值。
Block processing time: 0.002929 seconds
Computing Block 157 out of 796
Processing Block size=5
begin cleaner{left: ("[FunctionalDependency:(s: {brewery_id}, t: {city})]", 0.0), operator: *, right: (1.0, 1.0), result: 0.0}
列 'p' 不存在，对列 city 不过滤，直接选择所有非无效值。
Block processing time: 0.003567 seconds
Computing Block 161 out of 796
Processing Block size=6
begin cleaner{left: ("[FunctionalDependency:(s: {brewery_id}, t: {city})]", 0.0), operator: *, right: (1.0, 1.0), result: 0.0}
列 'p' 不存在，对列 city 不过滤，直接选择所有非无效值。
Block processing time: 0.004285 seconds
Computing Block 162 out of 796
Processing Block size=4
begin cleaner{left: ("[FunctionalDependency:(s: {brewery_id}, t: {city})]", 0.0), operator: *, right: (1.0, 1.0), result: 0.0}
列 'p' 不存在，对列 city 不过滤，直接选择所有非无效值。
Block processing time: 0.002934 seconds
Computing Block 163 out of 796
Processing Block size=3
begin cleaner{left: ("[FunctionalDependency:(s: {brewery_id}, t: {city})]", 0.0), operator: *, right: (1.0, 1.0), result: 0.0}
列 'p' 不存在，对列 city 不过滤，直接选择所有非无效值。
Block processing time: 0.002299 seconds
Computing Block 164 out of 796
Processing Block size=2
begin cleaner{left: ("[FunctionalDependency:(s: {brewery_id}, t: {city})]", 0.0), operator: *, right: (1.0, 1.0), result: 0.0}
列 'p' 不存在，对列 city 不过滤，直接选择所有非无效值。
Block processing time: 0.001563 seconds
Computing Block 166 out of 796
Processing Block size=4
begin cleaner{left: ("[FunctionalDependency:(s: {brewery_id}, t: {city})]", 0.0), operator: *, right: (1.0, 1.0), result: 0.0}
列 'p' 不存在，对列 city 不过滤，直接选择所有非无效值。
Block processing time: 0.002917 seconds
Computing Block 167 out of 796
Processing Block size=16
begin cleaner{left: ("[FunctionalDependency:(s: {brewery_id}, t: {city})]", 0.0), operator: *, right: (1.0, 1.0), result: 0.0}
列 'p' 不存在，对列 city 不过滤，直接选择所有非无效值。
Block processing time: 0.011258 seconds
Computing Block 168 out of 796
Processing Block size=4
begin cleaner{left: ("[FunctionalDependency:(s: {brewery_id}, t: {city})]", 0.0), operator: *, right: (1.0, 1.0), result: 0.0}
列 'p' 不存在，对列 city 不过滤，直接选择所有非无效值。
Block processing time: 0.002891 seconds
Computing Block 169 out of 796
Processing Block size=5
begin cleaner{left: ("[FunctionalDependency:(s: {brewery_id}, t: {city})]", 0.0), operator: *, right: (1.0, 1.0), result: 0.0}
列 'p' 不存在，对列 city 不过滤，直接选择所有非无效值。
Block processing time: 0.003612 seconds
Computing Block 172 out of 796
Processing Block size=3
begin cleaner{left: ("[FunctionalDependency:(s: {brewery_id}, t: {city})]", 0.0), operator: *, right: (1.0, 1.0), result: 0.0}
列 'p' 不存在，对列 city 不过滤，直接选择所有非无效值。
Block processing time: 0.00222 seconds
Computing Block 173 out of 796
Processing Block size=3
begin cleaner{left: ("[FunctionalDependency:(s: {brewery_id}, t: {city})]", 0.0), operator: *, right: (1.0, 1.0), result: 0.0}
列 'p' 不存在，对列 city 不过滤，直接选择所有非无效值。
Block processing time: 0.002249 seconds
Computing Block 175 out of 796
Processing Block size=3
begin cleaner{left: ("[FunctionalDependency:(s: {brewery_id}, t: {city})]", 0.0), operator: *, right: (1.0, 1.0), result: 0.0}
列 'p' 不存在，对列 city 不过滤，直接选择所有非无效值。
Block processing time: 0.002196 seconds
Computing Block 180 out of 796
Processing Block size=10
begin cleaner{left: ("[FunctionalDependency:(s: {brewery_id}, t: {city})]", 0.0), operator: *, right: (1.0, 1.0), result: 0.0}
列 'p' 不存在，对列 city 不过滤，直接选择所有非无效值。
Block processing time: 0.007446 seconds
Computing Block 181 out of 796
Processing Block size=4
begin cleaner{left: ("[FunctionalDependency:(s: {brewery_id}, t: {city})]", 0.0), operator: *, right: (1.0, 1.0), result: 0.0}
列 'p' 不存在，对列 city 不过滤，直接选择所有非无效值。
Block processing time: 0.00314 seconds
Computing Block 182 out of 796
Processing Block size=4
begin cleaner{left: ("[FunctionalDependency:(s: {brewery_id}, t: {city})]", 0.0), operator: *, right: (1.0, 1.0), result: 0.0}
列 'p' 不存在，对列 city 不过滤，直接选择所有非无效值。
Block processing time: 0.003177 seconds
Computing Block 184 out of 796
Processing Block size=2
begin cleaner{left: ("[FunctionalDependency:(s: {brewery_id}, t: {city})]", 0.0), operator: *, right: (1.0, 1.0), result: 0.0}
列 'p' 不存在，对列 city 不过滤，直接选择所有非无效值。
Block processing time: 0.001621 seconds
Computing Block 186 out of 796
Processing Block size=5
begin cleaner{left: ("[FunctionalDependency:(s: {brewery_id}, t: {city})]", 0.0), operator: *, right: (1.0, 1.0), result: 0.0}
列 'p' 不存在，对列 city 不过滤，直接选择所有非无效值。
Block processing time: 0.003913 seconds
Computing Block 189 out of 796
Processing Block size=3
begin cleaner{left: ("[FunctionalDependency:(s: {brewery_id}, t: {city})]", 0.0), operator: *, right: (1.0, 1.0), result: 0.0}
列 'p' 不存在，对列 city 不过滤，直接选择所有非无效值。
Block processing time: 0.002388 seconds
Computing Block 190 out of 796
Processing Block size=3
begin cleaner{left: ("[FunctionalDependency:(s: {brewery_id}, t: {city})]", 0.0), operator: *, right: (1.0, 1.0), result: 0.0}
列 'p' 不存在，对列 city 不过滤，直接选择所有非无效值。
Block processing time: 0.002389 seconds
Computing Block 191 out of 796
Processing Block size=2
begin cleaner{left: ("[FunctionalDependency:(s: {brewery_id}, t: {city})]", 0.0), operator: *, right: (1.0, 1.0), result: 0.0}
列 'p' 不存在，对列 city 不过滤，直接选择所有非无效值。
Block processing time: 0.001613 seconds
Computing Block 193 out of 796
Processing Block size=2
begin cleaner{left: ("[FunctionalDependency:(s: {brewery_id}, t: {city})]", 0.0), operator: *, right: (1.0, 1.0), result: 0.0}
列 'p' 不存在，对列 city 不过滤，直接选择所有非无效值。
Block processing time: 0.001617 seconds
Computing Block 194 out of 796
Processing Block size=2
begin cleaner{left: ("[FunctionalDependency:(s: {brewery_id}, t: {city})]", 0.0), operator: *, right: (1.0, 1.0), result: 0.0}
列 'p' 不存在，对列 city 不过滤，直接选择所有非无效值。
Block processing time: 0.001616 seconds
Computing Block 198 out of 796
Processing Block size=5
begin cleaner{left: ("[FunctionalDependency:(s: {brewery_id}, t: {city})]", 0.0), operator: *, right: (1.0, 1.0), result: 0.0}
列 'p' 不存在，对列 city 不过滤，直接选择所有非无效值。
Block processing time: 0.003898 seconds
Computing Block 201 out of 796
Processing Block size=3
begin cleaner{left: ("[FunctionalDependency:(s: {brewery_id}, t: {city})]", 0.0), operator: *, right: (1.0, 1.0), result: 0.0}
列 'p' 不存在，对列 city 不过滤，直接选择所有非无效值。
Block processing time: 0.002405 seconds
Computing Block 203 out of 796
Processing Block size=3
begin cleaner{left: ("[FunctionalDependency:(s: {brewery_id}, t: {city})]", 0.0), operator: *, right: (1.0, 1.0), result: 0.0}
列 'p' 不存在，对列 city 不过滤，直接选择所有非无效值。
Block processing time: 0.002378 seconds
Computing Block 204 out of 796
Processing Block size=3
begin cleaner{left: ("[FunctionalDependency:(s: {brewery_id}, t: {city})]", 0.0), operator: *, right: (1.0, 1.0), result: 0.0}
列 'p' 不存在，对列 city 不过滤，直接选择所有非无效值。
Block processing time: 0.002377 seconds
Computing Block 206 out of 796
Processing Block size=2
begin cleaner{left: ("[FunctionalDependency:(s: {brewery_id}, t: {city})]", 0.0), operator: *, right: (1.0, 1.0), result: 0.0}
列 'p' 不存在，对列 city 不过滤，直接选择所有非无效值。
Block processing time: 0.001849 seconds
Computing Block 207 out of 796
Processing Block size=7
begin cleaner{left: ("[FunctionalDependency:(s: {brewery_id}, t: {city})]", 0.0), operator: *, right: (1.0, 1.0), result: 0.0}
列 'p' 不存在，对列 city 不过滤，直接选择所有非无效值。
Block processing time: 0.005069 seconds
Computing Block 210 out of 796
Processing Block size=4
begin cleaner{left: ("[FunctionalDependency:(s: {brewery_id}, t: {city})]", 0.0), operator: *, right: (1.0, 1.0), result: 0.0}
列 'p' 不存在，对列 city 不过滤，直接选择所有非无效值。
Block processing time: 0.002925 seconds
Computing Block 211 out of 796
Processing Block size=2
begin cleaner{left: ("[FunctionalDependency:(s: {brewery_id}, t: {city})]", 0.0), operator: *, right: (1.0, 1.0), result: 0.0}
列 'p' 不存在，对列 city 不过滤，直接选择所有非无效值。
Block processing time: 0.001502 seconds
Computing Block 212 out of 796
Processing Block size=5
begin cleaner{left: ("[FunctionalDependency:(s: {brewery_id}, t: {city})]", 0.0), operator: *, right: (1.0, 1.0), result: 0.0}
列 'p' 不存在，对列 city 不过滤，直接选择所有非无效值。
Block processing time: 0.003612 seconds
Computing Block 214 out of 796
Processing Block size=4
begin cleaner{left: ("[FunctionalDependency:(s: {brewery_id}, t: {city})]", 0.0), operator: *, right: (1.0, 1.0), result: 0.0}
列 'p' 不存在，对列 city 不过滤，直接选择所有非无效值。
Block processing time: 0.002935 seconds
Computing Block 215 out of 796
Processing Block size=4
begin cleaner{left: ("[FunctionalDependency:(s: {brewery_id}, t: {city})]", 0.0), operator: *, right: (1.0, 1.0), result: 0.0}
列 'p' 不存在，对列 city 不过滤，直接选择所有非无效值。
Block processing time: 0.002917 seconds
Computing Block 218 out of 796
Processing Block size=3
begin cleaner{left: ("[FunctionalDependency:(s: {brewery_id}, t: {city})]", 0.0), operator: *, right: (1.0, 1.0), result: 0.0}
列 'p' 不存在，对列 city 不过滤，直接选择所有非无效值。
Block processing time: 0.002225 seconds
Computing Block 219 out of 796
Processing Block size=3
begin cleaner{left: ("[FunctionalDependency:(s: {brewery_id}, t: {city})]", 0.0), operator: *, right: (1.0, 1.0), result: 0.0}
列 'p' 不存在，对列 city 不过滤，直接选择所有非无效值。
Block processing time: 0.002258 seconds
Computing Block 220 out of 796
Processing Block size=7
begin cleaner{left: ("[FunctionalDependency:(s: {brewery_id}, t: {city})]", 0.0), operator: *, right: (1.0, 1.0), result: 0.0}
列 'p' 不存在，对列 city 不过滤，直接选择所有非无效值。
Block processing time: 0.004998 seconds
Computing Block 227 out of 796
Processing Block size=3
begin cleaner{left: ("[FunctionalDependency:(s: {brewery_id}, t: {city})]", 0.0), operator: *, right: (1.0, 1.0), result: 0.0}
列 'p' 不存在，对列 city 不过滤，直接选择所有非无效值。
Block processing time: 0.002188 seconds
Computing Block 235 out of 796
Processing Block size=60
begin cleaner{left: ("[FunctionalDependency:(s: {brewery_id}, t: {city})]", 0.0), operator: *, right: (1.0, 1.0), result: 0.0}
列 'p' 不存在，对列 city 不过滤，直接选择所有非无效值。
Block processing time: 0.041883 seconds
Computing Block 236 out of 796
Processing Block size=2
begin cleaner{left: ("[FunctionalDependency:(s: {brewery_id}, t: {city})]", 0.0), operator: *, right: (1.0, 1.0), result: 0.0}
列 'p' 不存在，对列 city 不过滤，直接选择所有非无效值。
Block processing time: 0.001501 seconds
Computing Block 238 out of 796
Processing Block size=5
begin cleaner{left: ("[FunctionalDependency:(s: {brewery_id}, t: {city})]", 0.0), operator: *, right: (1.0, 1.0), result: 0.0}
列 'p' 不存在，对列 city 不过滤，直接选择所有非无效值。
Block processing time: 0.003596 seconds
Computing Block 241 out of 796
Processing Block size=4
begin cleaner{left: ("[FunctionalDependency:(s: {brewery_id}, t: {city})]", 0.0), operator: *, right: (1.0, 1.0), result: 0.0}
列 'p' 不存在，对列 city 不过滤，直接选择所有非无效值。
Block processing time: 0.002871 seconds
Computing Block 243 out of 796
Processing Block size=6
begin cleaner{left: ("[FunctionalDependency:(s: {brewery_id}, t: {city})]", 0.0), operator: *, right: (1.0, 1.0), result: 0.0}
列 'p' 不存在，对列 city 不过滤，直接选择所有非无效值。
Block processing time: 0.004322 seconds
Computing Block 244 out of 796
Processing Block size=2
begin cleaner{left: ("[FunctionalDependency:(s: {brewery_id}, t: {city})]", 0.0), operator: *, right: (1.0, 1.0), result: 0.0}
列 'p' 不存在，对列 city 不过滤，直接选择所有非无效值。
Block processing time: 0.001499 seconds
Computing Block 245 out of 796
Processing Block size=5
begin cleaner{left: ("[FunctionalDependency:(s: {brewery_id}, t: {city})]", 0.0), operator: *, right: (1.0, 1.0), result: 0.0}
列 'p' 不存在，对列 city 不过滤，直接选择所有非无效值。
Block processing time: 0.003563 seconds
Computing Block 248 out of 796
Processing Block size=3
begin cleaner{left: ("[FunctionalDependency:(s: {brewery_id}, t: {city})]", 0.0), operator: *, right: (1.0, 1.0), result: 0.0}
列 'p' 不存在，对列 city 不过滤，直接选择所有非无效值。
Block processing time: 0.002193 seconds
Computing Block 249 out of 796
Processing Block size=8
begin cleaner{left: ("[FunctionalDependency:(s: {brewery_id}, t: {city})]", 0.0), operator: *, right: (1.0, 1.0), result: 0.0}
列 'p' 不存在，对列 city 不过滤，直接选择所有非无效值。
Block processing time: 0.005703 seconds
Computing Block 250 out of 796
Processing Block size=3
begin cleaner{left: ("[FunctionalDependency:(s: {brewery_id}, t: {city})]", 0.0), operator: *, right: (1.0, 1.0), result: 0.0}
列 'p' 不存在，对列 city 不过滤，直接选择所有非无效值。
Block processing time: 0.002197 seconds
Computing Block 251 out of 796
Processing Block size=2
begin cleaner{left: ("[FunctionalDependency:(s: {brewery_id}, t: {city})]", 0.0), operator: *, right: (1.0, 1.0), result: 0.0}
列 'p' 不存在，对列 city 不过滤，直接选择所有非无效值。
Block processing time: 0.001505 seconds
Computing Block 253 out of 796
Processing Block size=5
begin cleaner{left: ("[FunctionalDependency:(s: {brewery_id}, t: {city})]", 0.0), operator: *, right: (1.0, 1.0), result: 0.0}
列 'p' 不存在，对列 city 不过滤，直接选择所有非无效值。
Block processing time: 0.003575 seconds
Computing Block 254 out of 796
Processing Block size=5
begin cleaner{left: ("[FunctionalDependency:(s: {brewery_id}, t: {city})]", 0.0), operator: *, right: (1.0, 1.0), result: 0.0}
列 'p' 不存在，对列 city 不过滤，直接选择所有非无效值。
Block processing time: 0.003617 seconds
Computing Block 258 out of 796
Processing Block size=2
begin cleaner{left: ("[FunctionalDependency:(s: {brewery_id}, t: {city})]", 0.0), operator: *, right: (1.0, 1.0), result: 0.0}
列 'p' 不存在，对列 city 不过滤，直接选择所有非无效值。
Block processing time: 0.001654 seconds
Computing Block 259 out of 796
Processing Block size=6
begin cleaner{left: ("[FunctionalDependency:(s: {brewery_id}, t: {city})]", 0.0), operator: *, right: (1.0, 1.0), result: 0.0}
列 'p' 不存在，对列 city 不过滤，直接选择所有非无效值。
Block processing time: 0.004266 seconds
Computing Block 264 out of 796
Processing Block size=3
begin cleaner{left: ("[FunctionalDependency:(s: {brewery_id}, t: {city})]", 0.0), operator: *, right: (1.0, 1.0), result: 0.0}
列 'p' 不存在，对列 city 不过滤，直接选择所有非无效值。
Block processing time: 0.002214 seconds
Computing Block 267 out of 796
Processing Block size=3
begin cleaner{left: ("[FunctionalDependency:(s: {brewery_id}, t: {city})]", 0.0), operator: *, right: (1.0, 1.0), result: 0.0}
列 'p' 不存在，对列 city 不过滤，直接选择所有非无效值。
Block processing time: 0.002218 seconds
Computing Block 269 out of 796
Processing Block size=7
begin cleaner{left: ("[FunctionalDependency:(s: {brewery_id}, t: {city})]", 0.0), operator: *, right: (1.0, 1.0), result: 0.0}
列 'p' 不存在，对列 city 不过滤，直接选择所有非无效值。
Block processing time: 0.004958 seconds
Computing Block 270 out of 796
Processing Block size=3
begin cleaner{left: ("[FunctionalDependency:(s: {brewery_id}, t: {city})]", 0.0), operator: *, right: (1.0, 1.0), result: 0.0}
列 'p' 不存在，对列 city 不过滤，直接选择所有非无效值。
Block processing time: 0.002197 seconds
Computing Block 272 out of 796
Processing Block size=2
begin cleaner{left: ("[FunctionalDependency:(s: {brewery_id}, t: {city})]", 0.0), operator: *, right: (1.0, 1.0), result: 0.0}
列 'p' 不存在，对列 city 不过滤，直接选择所有非无效值。
Block processing time: 0.0015 seconds
Computing Block 273 out of 796
Processing Block size=2
begin cleaner{left: ("[FunctionalDependency:(s: {brewery_id}, t: {city})]", 0.0), operator: *, right: (1.0, 1.0), result: 0.0}
列 'p' 不存在，对列 city 不过滤，直接选择所有非无效值。
Block processing time: 0.001525 seconds
Computing Block 276 out of 796
Processing Block size=4
begin cleaner{left: ("[FunctionalDependency:(s: {brewery_id}, t: {city})]", 0.0), operator: *, right: (1.0, 1.0), result: 0.0}
列 'p' 不存在，对列 city 不过滤，直接选择所有非无效值。
Block processing time: 0.002875 seconds
Computing Block 277 out of 796
Processing Block size=9
begin cleaner{left: ("[FunctionalDependency:(s: {brewery_id}, t: {city})]", 0.0), operator: *, right: (1.0, 1.0), result: 0.0}
列 'p' 不存在，对列 city 不过滤，直接选择所有非无效值。
Block processing time: 0.006491 seconds
Computing Block 280 out of 796
Processing Block size=7
begin cleaner{left: ("[FunctionalDependency:(s: {brewery_id}, t: {city})]", 0.0), operator: *, right: (1.0, 1.0), result: 0.0}
列 'p' 不存在，对列 city 不过滤，直接选择所有非无效值。
Block processing time: 0.005158 seconds
Computing Block 281 out of 796
Processing Block size=2
begin cleaner{left: ("[FunctionalDependency:(s: {brewery_id}, t: {city})]", 0.0), operator: *, right: (1.0, 1.0), result: 0.0}
列 'p' 不存在，对列 city 不过滤，直接选择所有非无效值。
Block processing time: 0.001548 seconds
Computing Block 283 out of 796
Processing Block size=2
begin cleaner{left: ("[FunctionalDependency:(s: {brewery_id}, t: {city})]", 0.0), operator: *, right: (1.0, 1.0), result: 0.0}
列 'p' 不存在，对列 city 不过滤，直接选择所有非无效值。
Block processing time: 0.001551 seconds
Computing Block 285 out of 796
Processing Block size=3
begin cleaner{left: ("[FunctionalDependency:(s: {brewery_id}, t: {city})]", 0.0), operator: *, right: (1.0, 1.0), result: 0.0}
列 'p' 不存在，对列 city 不过滤，直接选择所有非无效值。
Block processing time: 0.002253 seconds
Computing Block 289 out of 796
Processing Block size=16
begin cleaner{left: ("[FunctionalDependency:(s: {brewery_id}, t: {city})]", 0.0), operator: *, right: (1.0, 1.0), result: 0.0}
列 'p' 不存在，对列 city 不过滤，直接选择所有非无效值。
Block processing time: 0.011259 seconds
Computing Block 290 out of 796
Processing Block size=2
begin cleaner{left: ("[FunctionalDependency:(s: {brewery_id}, t: {city})]", 0.0), operator: *, right: (1.0, 1.0), result: 0.0}
列 'p' 不存在，对列 city 不过滤，直接选择所有非无效值。
Block processing time: 0.001542 seconds
Computing Block 291 out of 796
Processing Block size=5
begin cleaner{left: ("[FunctionalDependency:(s: {brewery_id}, t: {city})]", 0.0), operator: *, right: (1.0, 1.0), result: 0.0}
列 'p' 不存在，对列 city 不过滤，直接选择所有非无效值。
Block processing time: 0.003565 seconds
Computing Block 292 out of 796
Processing Block size=3
begin cleaner{left: ("[FunctionalDependency:(s: {brewery_id}, t: {city})]", 0.0), operator: *, right: (1.0, 1.0), result: 0.0}
列 'p' 不存在，对列 city 不过滤，直接选择所有非无效值。
Block processing time: 0.002199 seconds
Computing Block 295 out of 796
Processing Block size=17
begin cleaner{left: ("[FunctionalDependency:(s: {brewery_id}, t: {city})]", 0.0), operator: *, right: (1.0, 1.0), result: 0.0}
列 'p' 不存在，对列 city 不过滤，直接选择所有非无效值。
Block processing time: 0.011876 seconds
Computing Block 297 out of 796
Processing Block size=2
begin cleaner{left: ("[FunctionalDependency:(s: {brewery_id}, t: {city})]", 0.0), operator: *, right: (1.0, 1.0), result: 0.0}
列 'p' 不存在，对列 city 不过滤，直接选择所有非无效值。
Block processing time: 0.001495 seconds
Computing Block 299 out of 796
Processing Block size=2
begin cleaner{left: ("[FunctionalDependency:(s: {brewery_id}, t: {city})]", 0.0), operator: *, right: (1.0, 1.0), result: 0.0}
列 'p' 不存在，对列 city 不过滤，直接选择所有非无效值。
Block processing time: 0.001495 seconds
Computing Block 305 out of 796
Processing Block size=2
begin cleaner{left: ("[FunctionalDependency:(s: {brewery_id}, t: {city})]", 0.0), operator: *, right: (1.0, 1.0), result: 0.0}
列 'p' 不存在，对列 city 不过滤，直接选择所有非无效值。
Block processing time: 0.001504 seconds
Computing Block 306 out of 796
Processing Block size=3
begin cleaner{left: ("[FunctionalDependency:(s: {brewery_id}, t: {city})]", 0.0), operator: *, right: (1.0, 1.0), result: 0.0}
列 'p' 不存在，对列 city 不过滤，直接选择所有非无效值。
Block processing time: 0.002183 seconds
Computing Block 308 out of 796
Processing Block size=3
begin cleaner{left: ("[FunctionalDependency:(s: {brewery_id}, t: {city})]", 0.0), operator: *, right: (1.0, 1.0), result: 0.0}
列 'p' 不存在，对列 city 不过滤，直接选择所有非无效值。
Block processing time: 0.002351 seconds
Computing Block 309 out of 796
Processing Block size=3
begin cleaner{left: ("[FunctionalDependency:(s: {brewery_id}, t: {city})]", 0.0), operator: *, right: (1.0, 1.0), result: 0.0}
列 'p' 不存在，对列 city 不过滤，直接选择所有非无效值。
Block processing time: 0.002188 seconds
Computing Block 311 out of 796
Processing Block size=2
begin cleaner{left: ("[FunctionalDependency:(s: {brewery_id}, t: {city})]", 0.0), operator: *, right: (1.0, 1.0), result: 0.0}
列 'p' 不存在，对列 city 不过滤，直接选择所有非无效值。
Block processing time: 0.001489 seconds
Computing Block 313 out of 796
Processing Block size=2
begin cleaner{left: ("[FunctionalDependency:(s: {brewery_id}, t: {city})]", 0.0), operator: *, right: (1.0, 1.0), result: 0.0}
列 'p' 不存在，对列 city 不过滤，直接选择所有非无效值。
Block processing time: 0.001492 seconds
Computing Block 314 out of 796
Processing Block size=13
begin cleaner{left: ("[FunctionalDependency:(s: {brewery_id}, t: {city})]", 0.0), operator: *, right: (1.0, 1.0), result: 0.0}
列 'p' 不存在，对列 city 不过滤，直接选择所有非无效值。
Block processing time: 0.009178 seconds
Computing Block 317 out of 796
Processing Block size=2
begin cleaner{left: ("[FunctionalDependency:(s: {brewery_id}, t: {city})]", 0.0), operator: *, right: (1.0, 1.0), result: 0.0}
列 'p' 不存在，对列 city 不过滤，直接选择所有非无效值。
Block processing time: 0.001497 seconds
Computing Block 318 out of 796
Processing Block size=4
begin cleaner{left: ("[FunctionalDependency:(s: {brewery_id}, t: {city})]", 0.0), operator: *, right: (1.0, 1.0), result: 0.0}
列 'p' 不存在，对列 city 不过滤，直接选择所有非无效值。
Block processing time: 0.002874 seconds
Computing Block 319 out of 796
Processing Block size=2
begin cleaner{left: ("[FunctionalDependency:(s: {brewery_id}, t: {city})]", 0.0), operator: *, right: (1.0, 1.0), result: 0.0}
列 'p' 不存在，对列 city 不过滤，直接选择所有非无效值。
Block processing time: 0.001543 seconds
Computing Block 320 out of 796
Processing Block size=3
begin cleaner{left: ("[FunctionalDependency:(s: {brewery_id}, t: {city})]", 0.0), operator: *, right: (1.0, 1.0), result: 0.0}
列 'p' 不存在，对列 city 不过滤，直接选择所有非无效值。
Block processing time: 0.00221 seconds
Computing Block 322 out of 796
Processing Block size=7
begin cleaner{left: ("[FunctionalDependency:(s: {brewery_id}, t: {city})]", 0.0), operator: *, right: (1.0, 1.0), result: 0.0}
列 'p' 不存在，对列 city 不过滤，直接选择所有非无效值。
Block processing time: 0.004941 seconds
Computing Block 323 out of 796
Processing Block size=14
begin cleaner{left: ("[FunctionalDependency:(s: {brewery_id}, t: {city})]", 0.0), operator: *, right: (1.0, 1.0), result: 0.0}
列 'p' 不存在，对列 city 不过滤，直接选择所有非无效值。
Block processing time: 0.009845 seconds
Computing Block 324 out of 796
Processing Block size=3
begin cleaner{left: ("[FunctionalDependency:(s: {brewery_id}, t: {city})]", 0.0), operator: *, right: (1.0, 1.0), result: 0.0}
列 'p' 不存在，对列 city 不过滤，直接选择所有非无效值。
Block processing time: 0.002181 seconds
Computing Block 326 out of 796
Processing Block size=5
begin cleaner{left: ("[FunctionalDependency:(s: {brewery_id}, t: {city})]", 0.0), operator: *, right: (1.0, 1.0), result: 0.0}
列 'p' 不存在，对列 city 不过滤，直接选择所有非无效值。
Block processing time: 0.003589 seconds
Computing Block 331 out of 796
Processing Block size=2
begin cleaner{left: ("[FunctionalDependency:(s: {brewery_id}, t: {city})]", 0.0), operator: *, right: (1.0, 1.0), result: 0.0}
列 'p' 不存在，对列 city 不过滤，直接选择所有非无效值。
Block processing time: 0.001521 seconds
Computing Block 332 out of 796
Processing Block size=8
begin cleaner{left: ("[FunctionalDependency:(s: {brewery_id}, t: {city})]", 0.0), operator: *, right: (1.0, 1.0), result: 0.0}
列 'p' 不存在，对列 city 不过滤，直接选择所有非无效值。
Block processing time: 0.005709 seconds
Computing Block 333 out of 796
Processing Block size=2
begin cleaner{left: ("[FunctionalDependency:(s: {brewery_id}, t: {city})]", 0.0), operator: *, right: (1.0, 1.0), result: 0.0}
列 'p' 不存在，对列 city 不过滤，直接选择所有非无效值。
Block processing time: 0.001534 seconds
Computing Block 334 out of 796
Processing Block size=3
begin cleaner{left: ("[FunctionalDependency:(s: {brewery_id}, t: {city})]", 0.0), operator: *, right: (1.0, 1.0), result: 0.0}
列 'p' 不存在，对列 city 不过滤，直接选择所有非无效值。
Block processing time: 0.002194 seconds
Computing Block 335 out of 796
Processing Block size=3
begin cleaner{left: ("[FunctionalDependency:(s: {brewery_id}, t: {city})]", 0.0), operator: *, right: (1.0, 1.0), result: 0.0}
列 'p' 不存在，对列 city 不过滤，直接选择所有非无效值。
Block processing time: 0.002184 seconds
Computing Block 336 out of 796
Processing Block size=2
begin cleaner{left: ("[FunctionalDependency:(s: {brewery_id}, t: {city})]", 0.0), operator: *, right: (1.0, 1.0), result: 0.0}
列 'p' 不存在，对列 city 不过滤，直接选择所有非无效值。
Block processing time: 0.001485 seconds
Computing Block 338 out of 796
Processing Block size=22
begin cleaner{left: ("[FunctionalDependency:(s: {brewery_id}, t: {city})]", 0.0), operator: *, right: (1.0, 1.0), result: 0.0}
列 'p' 不存在，对列 city 不过滤，直接选择所有非无效值。
Block processing time: 0.015302 seconds
Computing Block 340 out of 796
Processing Block size=4
begin cleaner{left: ("[FunctionalDependency:(s: {brewery_id}, t: {city})]", 0.0), operator: *, right: (1.0, 1.0), result: 0.0}
列 'p' 不存在，对列 city 不过滤，直接选择所有非无效值。
Block processing time: 0.002912 seconds
Computing Block 343 out of 796
Processing Block size=9
begin cleaner{left: ("[FunctionalDependency:(s: {brewery_id}, t: {city})]", 0.0), operator: *, right: (1.0, 1.0), result: 0.0}
列 'p' 不存在，对列 city 不过滤，直接选择所有非无效值。
Block processing time: 0.006325 seconds
Computing Block 346 out of 796
Processing Block size=2
begin cleaner{left: ("[FunctionalDependency:(s: {brewery_id}, t: {city})]", 0.0), operator: *, right: (1.0, 1.0), result: 0.0}
列 'p' 不存在，对列 city 不过滤，直接选择所有非无效值。
Block processing time: 0.001538 seconds
Computing Block 347 out of 796
Processing Block size=6
begin cleaner{left: ("[FunctionalDependency:(s: {brewery_id}, t: {city})]", 0.0), operator: *, right: (1.0, 1.0), result: 0.0}
列 'p' 不存在，对列 city 不过滤，直接选择所有非无效值。
Block processing time: 0.0043 seconds
Computing Block 349 out of 796
Processing Block size=4
begin cleaner{left: ("[FunctionalDependency:(s: {brewery_id}, t: {city})]", 0.0), operator: *, right: (1.0, 1.0), result: 0.0}
列 'p' 不存在，对列 city 不过滤，直接选择所有非无效值。
Block processing time: 0.00288 seconds
Computing Block 353 out of 796
Processing Block size=2
begin cleaner{left: ("[FunctionalDependency:(s: {brewery_id}, t: {city})]", 0.0), operator: *, right: (1.0, 1.0), result: 0.0}
列 'p' 不存在，对列 city 不过滤，直接选择所有非无效值。
Block processing time: 0.001492 seconds
Computing Block 357 out of 796
Processing Block size=7
begin cleaner{left: ("[FunctionalDependency:(s: {brewery_id}, t: {city})]", 0.0), operator: *, right: (1.0, 1.0), result: 0.0}
列 'p' 不存在，对列 city 不过滤，直接选择所有非无效值。
Block processing time: 0.005083 seconds
Computing Block 360 out of 796
Processing Block size=7
begin cleaner{left: ("[FunctionalDependency:(s: {brewery_id}, t: {city})]", 0.0), operator: *, right: (1.0, 1.0), result: 0.0}
列 'p' 不存在，对列 city 不过滤，直接选择所有非无效值。
Block processing time: 0.005017 seconds
Computing Block 363 out of 796
Processing Block size=6
begin cleaner{left: ("[FunctionalDependency:(s: {brewery_id}, t: {city})]", 0.0), operator: *, right: (1.0, 1.0), result: 0.0}
列 'p' 不存在，对列 city 不过滤，直接选择所有非无效值。
Block processing time: 0.004267 seconds
Computing Block 369 out of 796
Processing Block size=3
begin cleaner{left: ("[FunctionalDependency:(s: {brewery_id}, t: {city})]", 0.0), operator: *, right: (1.0, 1.0), result: 0.0}
列 'p' 不存在，对列 city 不过滤，直接选择所有非无效值。
Block processing time: 0.002198 seconds
Computing Block 370 out of 796
Processing Block size=4
begin cleaner{left: ("[FunctionalDependency:(s: {brewery_id}, t: {city})]", 0.0), operator: *, right: (1.0, 1.0), result: 0.0}
列 'p' 不存在，对列 city 不过滤，直接选择所有非无效值。
Block processing time: 0.002872 seconds
Computing Block 373 out of 796
Processing Block size=3
begin cleaner{left: ("[FunctionalDependency:(s: {brewery_id}, t: {city})]", 0.0), operator: *, right: (1.0, 1.0), result: 0.0}
列 'p' 不存在，对列 city 不过滤，直接选择所有非无效值。
Block processing time: 0.002203 seconds
Computing Block 374 out of 796
Processing Block size=2
begin cleaner{left: ("[FunctionalDependency:(s: {brewery_id}, t: {city})]", 0.0), operator: *, right: (1.0, 1.0), result: 0.0}
列 'p' 不存在，对列 city 不过滤，直接选择所有非无效值。
Block processing time: 0.001544 seconds
Computing Block 375 out of 796
Processing Block size=2
begin cleaner{left: ("[FunctionalDependency:(s: {brewery_id}, t: {city})]", 0.0), operator: *, right: (1.0, 1.0), result: 0.0}
列 'p' 不存在，对列 city 不过滤，直接选择所有非无效值。
Block processing time: 0.001489 seconds
Computing Block 379 out of 796
Processing Block size=11
begin cleaner{left: ("[FunctionalDependency:(s: {brewery_id}, t: {city})]", 0.0), operator: *, right: (1.0, 1.0), result: 0.0}
列 'p' 不存在，对列 city 不过滤，直接选择所有非无效值。
Block processing time: 0.007765 seconds
Computing Block 381 out of 796
Processing Block size=9
begin cleaner{left: ("[FunctionalDependency:(s: {brewery_id}, t: {city})]", 0.0), operator: *, right: (1.0, 1.0), result: 0.0}
列 'p' 不存在，对列 city 不过滤，直接选择所有非无效值。
Block processing time: 0.006394 seconds
Computing Block 382 out of 796
Processing Block size=2
begin cleaner{left: ("[FunctionalDependency:(s: {brewery_id}, t: {city})]", 0.0), operator: *, right: (1.0, 1.0), result: 0.0}
列 'p' 不存在，对列 city 不过滤，直接选择所有非无效值。
Block processing time: 0.001548 seconds
Computing Block 384 out of 796
Processing Block size=2
begin cleaner{left: ("[FunctionalDependency:(s: {brewery_id}, t: {city})]", 0.0), operator: *, right: (1.0, 1.0), result: 0.0}
列 'p' 不存在，对列 city 不过滤，直接选择所有非无效值。
Block processing time: 0.001494 seconds
Computing Block 385 out of 796
Processing Block size=3
begin cleaner{left: ("[FunctionalDependency:(s: {brewery_id}, t: {city})]", 0.0), operator: *, right: (1.0, 1.0), result: 0.0}
列 'p' 不存在，对列 city 不过滤，直接选择所有非无效值。
Block processing time: 0.002208 seconds
Computing Block 386 out of 796
Processing Block size=2
begin cleaner{left: ("[FunctionalDependency:(s: {brewery_id}, t: {city})]", 0.0), operator: *, right: (1.0, 1.0), result: 0.0}
列 'p' 不存在，对列 city 不过滤，直接选择所有非无效值。
Block processing time: 0.001488 seconds
Computing Block 393 out of 796
Processing Block size=2
begin cleaner{left: ("[FunctionalDependency:(s: {brewery_id}, t: {city})]", 0.0), operator: *, right: (1.0, 1.0), result: 0.0}
列 'p' 不存在，对列 city 不过滤，直接选择所有非无效值。
Block processing time: 0.001496 seconds
Computing Block 396 out of 796
Processing Block size=5
begin cleaner{left: ("[FunctionalDependency:(s: {brewery_id}, t: {city})]", 0.0), operator: *, right: (1.0, 1.0), result: 0.0}
列 'p' 不存在，对列 city 不过滤，直接选择所有非无效值。
Block processing time: 0.003571 seconds
Computing Block 397 out of 796
Processing Block size=5
begin cleaner{left: ("[FunctionalDependency:(s: {brewery_id}, t: {city})]", 0.0), operator: *, right: (1.0, 1.0), result: 0.0}
列 'p' 不存在，对列 city 不过滤，直接选择所有非无效值。
Block processing time: 0.003555 seconds
Computing Block 398 out of 796
Processing Block size=3
begin cleaner{left: ("[FunctionalDependency:(s: {brewery_id}, t: {city})]", 0.0), operator: *, right: (1.0, 1.0), result: 0.0}
列 'p' 不存在，对列 city 不过滤，直接选择所有非无效值。
Block processing time: 0.002192 seconds
Computing Block 399 out of 796
Processing Block size=2
begin cleaner{left: ("[FunctionalDependency:(s: {brewery_id}, t: {city})]", 0.0), operator: *, right: (1.0, 1.0), result: 0.0}
列 'p' 不存在，对列 city 不过滤，直接选择所有非无效值。
Block processing time: 0.00149 seconds
Computing Block 401 out of 796
Processing Block size=14
begin cleaner{left: ("[FunctionalDependency:(s: {brewery_id}, t: {city})]", 0.0), operator: *, right: (1.0, 1.0), result: 0.0}
列 'p' 不存在，对列 city 不过滤，直接选择所有非无效值。
Block processing time: 0.00984 seconds
Computing Block 406 out of 796
Processing Block size=2
begin cleaner{left: ("[FunctionalDependency:(s: {brewery_id}, t: {city})]", 0.0), operator: *, right: (1.0, 1.0), result: 0.0}
列 'p' 不存在，对列 city 不过滤，直接选择所有非无效值。
Block processing time: 0.001539 seconds
Computing Block 407 out of 796
Processing Block size=2
begin cleaner{left: ("[FunctionalDependency:(s: {brewery_id}, t: {city})]", 0.0), operator: *, right: (1.0, 1.0), result: 0.0}
列 'p' 不存在，对列 city 不过滤，直接选择所有非无效值。
Block processing time: 0.001491 seconds
Computing Block 411 out of 796
Processing Block size=4
begin cleaner{left: ("[FunctionalDependency:(s: {brewery_id}, t: {city})]", 0.0), operator: *, right: (1.0, 1.0), result: 0.0}
列 'p' 不存在，对列 city 不过滤，直接选择所有非无效值。
Block processing time: 0.00288 seconds
Computing Block 414 out of 796
Processing Block size=2
begin cleaner{left: ("[FunctionalDependency:(s: {brewery_id}, t: {city})]", 0.0), operator: *, right: (1.0, 1.0), result: 0.0}
列 'p' 不存在，对列 city 不过滤，直接选择所有非无效值。
Block processing time: 0.0015 seconds
Computing Block 415 out of 796
Processing Block size=3
begin cleaner{left: ("[FunctionalDependency:(s: {brewery_id}, t: {city})]", 0.0), operator: *, right: (1.0, 1.0), result: 0.0}
列 'p' 不存在，对列 city 不过滤，直接选择所有非无效值。
Block processing time: 0.002224 seconds
Computing Block 416 out of 796
Processing Block size=3
begin cleaner{left: ("[FunctionalDependency:(s: {brewery_id}, t: {city})]", 0.0), operator: *, right: (1.0, 1.0), result: 0.0}
列 'p' 不存在，对列 city 不过滤，直接选择所有非无效值。
Block processing time: 0.002181 seconds
Computing Block 418 out of 796
Processing Block size=4
begin cleaner{left: ("[FunctionalDependency:(s: {brewery_id}, t: {city})]", 0.0), operator: *, right: (1.0, 1.0), result: 0.0}
列 'p' 不存在，对列 city 不过滤，直接选择所有非无效值。
Block processing time: 0.002873 seconds
Computing Block 420 out of 796
Processing Block size=2
begin cleaner{left: ("[FunctionalDependency:(s: {brewery_id}, t: {city})]", 0.0), operator: *, right: (1.0, 1.0), result: 0.0}
列 'p' 不存在，对列 city 不过滤，直接选择所有非无效值。
Block processing time: 0.001488 seconds
Computing Block 421 out of 796
Processing Block size=3
begin cleaner{left: ("[FunctionalDependency:(s: {brewery_id}, t: {city})]", 0.0), operator: *, right: (1.0, 1.0), result: 0.0}
列 'p' 不存在，对列 city 不过滤，直接选择所有非无效值。
Block processing time: 0.002172 seconds
Computing Block 424 out of 796
Processing Block size=9
begin cleaner{left: ("[FunctionalDependency:(s: {brewery_id}, t: {city})]", 0.0), operator: *, right: (1.0, 1.0), result: 0.0}
列 'p' 不存在，对列 city 不过滤，直接选择所有非无效值。
Block processing time: 0.006393 seconds
Computing Block 428 out of 796
Processing Block size=5
begin cleaner{left: ("[FunctionalDependency:(s: {brewery_id}, t: {city})]", 0.0), operator: *, right: (1.0, 1.0), result: 0.0}
列 'p' 不存在，对列 city 不过滤，直接选择所有非无效值。
Block processing time: 0.003565 seconds
Computing Block 432 out of 796
Processing Block size=3
begin cleaner{left: ("[FunctionalDependency:(s: {brewery_id}, t: {city})]", 0.0), operator: *, right: (1.0, 1.0), result: 0.0}
列 'p' 不存在，对列 city 不过滤，直接选择所有非无效值。
Block processing time: 0.002192 seconds
Computing Block 433 out of 796
Processing Block size=11
begin cleaner{left: ("[FunctionalDependency:(s: {brewery_id}, t: {city})]", 0.0), operator: *, right: (1.0, 1.0), result: 0.0}
列 'p' 不存在，对列 city 不过滤，直接选择所有非无效值。
Block processing time: 0.007698 seconds
Computing Block 435 out of 796
Processing Block size=7
begin cleaner{left: ("[FunctionalDependency:(s: {brewery_id}, t: {city})]", 0.0), operator: *, right: (1.0, 1.0), result: 0.0}
列 'p' 不存在，对列 city 不过滤，直接选择所有非无效值。
Block processing time: 0.004995 seconds
Computing Block 436 out of 796
Processing Block size=2
begin cleaner{left: ("[FunctionalDependency:(s: {brewery_id}, t: {city})]", 0.0), operator: *, right: (1.0, 1.0), result: 0.0}
列 'p' 不存在，对列 city 不过滤，直接选择所有非无效值。
Block processing time: 0.001487 seconds
Computing Block 439 out of 796
Processing Block size=3
begin cleaner{left: ("[FunctionalDependency:(s: {brewery_id}, t: {city})]", 0.0), operator: *, right: (1.0, 1.0), result: 0.0}
列 'p' 不存在，对列 city 不过滤，直接选择所有非无效值。
Block processing time: 0.002219 seconds
Computing Block 443 out of 796
Processing Block size=4
begin cleaner{left: ("[FunctionalDependency:(s: {brewery_id}, t: {city})]", 0.0), operator: *, right: (1.0, 1.0), result: 0.0}
列 'p' 不存在，对列 city 不过滤，直接选择所有非无效值。
Block processing time: 0.002893 seconds
Computing Block 446 out of 796
Processing Block size=3
begin cleaner{left: ("[FunctionalDependency:(s: {brewery_id}, t: {city})]", 0.0), operator: *, right: (1.0, 1.0), result: 0.0}
列 'p' 不存在，对列 city 不过滤，直接选择所有非无效值。
Block processing time: 0.002276 seconds
Computing Block 447 out of 796
Processing Block size=4
begin cleaner{left: ("[FunctionalDependency:(s: {brewery_id}, t: {city})]", 0.0), operator: *, right: (1.0, 1.0), result: 0.0}
列 'p' 不存在，对列 city 不过滤，直接选择所有非无效值。
Block processing time: 0.002878 seconds
Computing Block 451 out of 796
Processing Block size=4
begin cleaner{left: ("[FunctionalDependency:(s: {brewery_id}, t: {city})]", 0.0), operator: *, right: (1.0, 1.0), result: 0.0}
列 'p' 不存在，对列 city 不过滤，直接选择所有非无效值。
Block processing time: 0.002872 seconds
Computing Block 453 out of 796
Processing Block size=6
begin cleaner{left: ("[FunctionalDependency:(s: {brewery_id}, t: {city})]", 0.0), operator: *, right: (1.0, 1.0), result: 0.0}
列 'p' 不存在，对列 city 不过滤，直接选择所有非无效值。
Block processing time: 0.004302 seconds
Computing Block 454 out of 796
Processing Block size=4
begin cleaner{left: ("[FunctionalDependency:(s: {brewery_id}, t: {city})]", 0.0), operator: *, right: (1.0, 1.0), result: 0.0}
列 'p' 不存在，对列 city 不过滤，直接选择所有非无效值。
Block processing time: 0.002924 seconds
Computing Block 455 out of 796
Processing Block size=13
begin cleaner{left: ("[FunctionalDependency:(s: {brewery_id}, t: {city})]", 0.0), operator: *, right: (1.0, 1.0), result: 0.0}
列 'p' 不存在，对列 city 不过滤，直接选择所有非无效值。
Block processing time: 0.009153 seconds
Computing Block 456 out of 796
Processing Block size=2
begin cleaner{left: ("[FunctionalDependency:(s: {brewery_id}, t: {city})]", 0.0), operator: *, right: (1.0, 1.0), result: 0.0}
列 'p' 不存在，对列 city 不过滤，直接选择所有非无效值。
Block processing time: 0.001537 seconds
Computing Block 457 out of 796
Processing Block size=2
begin cleaner{left: ("[FunctionalDependency:(s: {brewery_id}, t: {city})]", 0.0), operator: *, right: (1.0, 1.0), result: 0.0}
列 'p' 不存在，对列 city 不过滤，直接选择所有非无效值。
Block processing time: 0.001492 seconds
Computing Block 458 out of 796
Processing Block size=3
begin cleaner{left: ("[FunctionalDependency:(s: {brewery_id}, t: {city})]", 0.0), operator: *, right: (1.0, 1.0), result: 0.0}
列 'p' 不存在，对列 city 不过滤，直接选择所有非无效值。
Block processing time: 0.002218 seconds
Computing Block 460 out of 796
Processing Block size=4
begin cleaner{left: ("[FunctionalDependency:(s: {brewery_id}, t: {city})]", 0.0), operator: *, right: (1.0, 1.0), result: 0.0}
列 'p' 不存在，对列 city 不过滤，直接选择所有非无效值。
Block processing time: 0.002905 seconds
Computing Block 461 out of 796
Processing Block size=3
begin cleaner{left: ("[FunctionalDependency:(s: {brewery_id}, t: {city})]", 0.0), operator: *, right: (1.0, 1.0), result: 0.0}
列 'p' 不存在，对列 city 不过滤，直接选择所有非无效值。
Block processing time: 0.002191 seconds
Computing Block 466 out of 796
Processing Block size=2
begin cleaner{left: ("[FunctionalDependency:(s: {brewery_id}, t: {city})]", 0.0), operator: *, right: (1.0, 1.0), result: 0.0}
列 'p' 不存在，对列 city 不过滤，直接选择所有非无效值。
Block processing time: 0.001534 seconds
Computing Block 467 out of 796
Processing Block size=8
begin cleaner{left: ("[FunctionalDependency:(s: {brewery_id}, t: {city})]", 0.0), operator: *, right: (1.0, 1.0), result: 0.0}
列 'p' 不存在，对列 city 不过滤，直接选择所有非无效值。
Block processing time: 0.005649 seconds
Computing Block 468 out of 796
Processing Block size=6
begin cleaner{left: ("[FunctionalDependency:(s: {brewery_id}, t: {city})]", 0.0), operator: *, right: (1.0, 1.0), result: 0.0}
列 'p' 不存在，对列 city 不过滤，直接选择所有非无效值。
Block processing time: 0.004247 seconds
Computing Block 469 out of 796
Processing Block size=13
begin cleaner{left: ("[FunctionalDependency:(s: {brewery_id}, t: {city})]", 0.0), operator: *, right: (1.0, 1.0), result: 0.0}
列 'p' 不存在，对列 city 不过滤，直接选择所有非无效值。
Block processing time: 0.009119 seconds
Computing Block 470 out of 796
Processing Block size=2
begin cleaner{left: ("[FunctionalDependency:(s: {brewery_id}, t: {city})]", 0.0), operator: *, right: (1.0, 1.0), result: 0.0}
列 'p' 不存在，对列 city 不过滤，直接选择所有非无效值。
Block processing time: 0.001496 seconds
Computing Block 473 out of 796
Processing Block size=2
begin cleaner{left: ("[FunctionalDependency:(s: {brewery_id}, t: {city})]", 0.0), operator: *, right: (1.0, 1.0), result: 0.0}
列 'p' 不存在，对列 city 不过滤，直接选择所有非无效值。
Block processing time: 0.001491 seconds
Computing Block 476 out of 796
Processing Block size=2
begin cleaner{left: ("[FunctionalDependency:(s: {brewery_id}, t: {city})]", 0.0), operator: *, right: (1.0, 1.0), result: 0.0}
列 'p' 不存在，对列 city 不过滤，直接选择所有非无效值。
Block processing time: 0.001518 seconds
Computing Block 478 out of 796
Processing Block size=2
begin cleaner{left: ("[FunctionalDependency:(s: {brewery_id}, t: {city})]", 0.0), operator: *, right: (1.0, 1.0), result: 0.0}
列 'p' 不存在，对列 city 不过滤，直接选择所有非无效值。
Block processing time: 0.001494 seconds
Computing Block 479 out of 796
Processing Block size=15
begin cleaner{left: ("[FunctionalDependency:(s: {brewery_id}, t: {city})]", 0.0), operator: *, right: (1.0, 1.0), result: 0.0}
列 'p' 不存在，对列 city 不过滤，直接选择所有非无效值。
Block processing time: 0.011019 seconds
Computing Block 487 out of 796
Processing Block size=4
begin cleaner{left: ("[FunctionalDependency:(s: {brewery_id}, t: {city})]", 0.0), operator: *, right: (1.0, 1.0), result: 0.0}
列 'p' 不存在，对列 city 不过滤，直接选择所有非无效值。
Block processing time: 0.003139 seconds
Computing Block 491 out of 796
Processing Block size=6
begin cleaner{left: ("[FunctionalDependency:(s: {brewery_id}, t: {city})]", 0.0), operator: *, right: (1.0, 1.0), result: 0.0}
列 'p' 不存在，对列 city 不过滤，直接选择所有非无效值。
Block processing time: 0.004569 seconds
Computing Block 494 out of 796
Processing Block size=2
begin cleaner{left: ("[FunctionalDependency:(s: {brewery_id}, t: {city})]", 0.0), operator: *, right: (1.0, 1.0), result: 0.0}
列 'p' 不存在，对列 city 不过滤，直接选择所有非无效值。
Block processing time: 0.001612 seconds
Computing Block 495 out of 796
Processing Block size=9
begin cleaner{left: ("[FunctionalDependency:(s: {brewery_id}, t: {city})]", 0.0), operator: *, right: (1.0, 1.0), result: 0.0}
列 'p' 不存在，对列 city 不过滤，直接选择所有非无效值。
Block processing time: 0.006897 seconds
Computing Block 497 out of 796
Processing Block size=4
begin cleaner{left: ("[FunctionalDependency:(s: {brewery_id}, t: {city})]", 0.0), operator: *, right: (1.0, 1.0), result: 0.0}
列 'p' 不存在，对列 city 不过滤，直接选择所有非无效值。
Block processing time: 0.003161 seconds
Computing Block 499 out of 796
Processing Block size=3
begin cleaner{left: ("[FunctionalDependency:(s: {brewery_id}, t: {city})]", 0.0), operator: *, right: (1.0, 1.0), result: 0.0}
列 'p' 不存在，对列 city 不过滤，直接选择所有非无效值。
Block processing time: 0.002398 seconds
Computing Block 500 out of 796
Processing Block size=17
begin cleaner{left: ("[FunctionalDependency:(s: {brewery_id}, t: {city})]", 0.0), operator: *, right: (1.0, 1.0), result: 0.0}
列 'p' 不存在，对列 city 不过滤，直接选择所有非无效值。
Block processing time: 0.012019 seconds
Computing Block 502 out of 796
Processing Block size=2
begin cleaner{left: ("[FunctionalDependency:(s: {brewery_id}, t: {city})]", 0.0), operator: *, right: (1.0, 1.0), result: 0.0}
列 'p' 不存在，对列 city 不过滤，直接选择所有非无效值。
Block processing time: 0.001513 seconds
Computing Block 503 out of 796
Processing Block size=2
begin cleaner{left: ("[FunctionalDependency:(s: {brewery_id}, t: {city})]", 0.0), operator: *, right: (1.0, 1.0), result: 0.0}
列 'p' 不存在，对列 city 不过滤，直接选择所有非无效值。
Block processing time: 0.001557 seconds
Computing Block 504 out of 796
Processing Block size=12
begin cleaner{left: ("[FunctionalDependency:(s: {brewery_id}, t: {city})]", 0.0), operator: *, right: (1.0, 1.0), result: 0.0}
列 'p' 不存在，对列 city 不过滤，直接选择所有非无效值。
Block processing time: 0.008505 seconds
Computing Block 508 out of 796
Processing Block size=22
begin cleaner{left: ("[FunctionalDependency:(s: {brewery_id}, t: {city})]", 0.0), operator: *, right: (1.0, 1.0), result: 0.0}
列 'p' 不存在，对列 city 不过滤，直接选择所有非无效值。
Block processing time: 0.015382 seconds
Computing Block 510 out of 796
Processing Block size=8
begin cleaner{left: ("[FunctionalDependency:(s: {brewery_id}, t: {city})]", 0.0), operator: *, right: (1.0, 1.0), result: 0.0}
列 'p' 不存在，对列 city 不过滤，直接选择所有非无效值。
Block processing time: 0.005647 seconds
Computing Block 511 out of 796
Processing Block size=3
begin cleaner{left: ("[FunctionalDependency:(s: {brewery_id}, t: {city})]", 0.0), operator: *, right: (1.0, 1.0), result: 0.0}
列 'p' 不存在，对列 city 不过滤，直接选择所有非无效值。
Block processing time: 0.002217 seconds
Computing Block 514 out of 796
Processing Block size=7
begin cleaner{left: ("[FunctionalDependency:(s: {brewery_id}, t: {city})]", 0.0), operator: *, right: (1.0, 1.0), result: 0.0}
列 'p' 不存在，对列 city 不过滤，直接选择所有非无效值。
Block processing time: 0.004949 seconds
Computing Block 515 out of 796
Processing Block size=2
begin cleaner{left: ("[FunctionalDependency:(s: {brewery_id}, t: {city})]", 0.0), operator: *, right: (1.0, 1.0), result: 0.0}
列 'p' 不存在，对列 city 不过滤，直接选择所有非无效值。
Block processing time: 0.001499 seconds
Computing Block 516 out of 796
Processing Block size=4
begin cleaner{left: ("[FunctionalDependency:(s: {brewery_id}, t: {city})]", 0.0), operator: *, right: (1.0, 1.0), result: 0.0}
列 'p' 不存在，对列 city 不过滤，直接选择所有非无效值。
Block processing time: 0.00288 seconds
Computing Block 517 out of 796
Processing Block size=3
begin cleaner{left: ("[FunctionalDependency:(s: {brewery_id}, t: {city})]", 0.0), operator: *, right: (1.0, 1.0), result: 0.0}
列 'p' 不存在，对列 city 不过滤，直接选择所有非无效值。
Block processing time: 0.002214 seconds
Computing Block 518 out of 796
Processing Block size=2
begin cleaner{left: ("[FunctionalDependency:(s: {brewery_id}, t: {city})]", 0.0), operator: *, right: (1.0, 1.0), result: 0.0}
列 'p' 不存在，对列 city 不过滤，直接选择所有非无效值。
Block processing time: 0.001524 seconds
Computing Block 519 out of 796
Processing Block size=5
begin cleaner{left: ("[FunctionalDependency:(s: {brewery_id}, t: {city})]", 0.0), operator: *, right: (1.0, 1.0), result: 0.0}
列 'p' 不存在，对列 city 不过滤，直接选择所有非无效值。
Block processing time: 0.003589 seconds
Computing Block 520 out of 796
Processing Block size=28
begin cleaner{left: ("[FunctionalDependency:(s: {brewery_id}, t: {city})]", 0.0), operator: *, right: (1.0, 1.0), result: 0.0}
列 'p' 不存在，对列 city 不过滤，直接选择所有非无效值。
Block processing time: 0.019531 seconds
Computing Block 521 out of 796
Processing Block size=3
begin cleaner{left: ("[FunctionalDependency:(s: {brewery_id}, t: {city})]", 0.0), operator: *, right: (1.0, 1.0), result: 0.0}
列 'p' 不存在，对列 city 不过滤，直接选择所有非无效值。
Block processing time: 0.002204 seconds
Computing Block 524 out of 796
Processing Block size=2
begin cleaner{left: ("[FunctionalDependency:(s: {brewery_id}, t: {city})]", 0.0), operator: *, right: (1.0, 1.0), result: 0.0}
列 'p' 不存在，对列 city 不过滤，直接选择所有非无效值。
Block processing time: 0.001501 seconds
Computing Block 526 out of 796
Processing Block size=5
begin cleaner{left: ("[FunctionalDependency:(s: {brewery_id}, t: {city})]", 0.0), operator: *, right: (1.0, 1.0), result: 0.0}
列 'p' 不存在，对列 city 不过滤，直接选择所有非无效值。
Block processing time: 0.00357 seconds
Computing Block 527 out of 796
Processing Block size=4
begin cleaner{left: ("[FunctionalDependency:(s: {brewery_id}, t: {city})]", 0.0), operator: *, right: (1.0, 1.0), result: 0.0}
列 'p' 不存在，对列 city 不过滤，直接选择所有非无效值。
Block processing time: 0.00289 seconds
Computing Block 530 out of 796
Processing Block size=3
begin cleaner{left: ("[FunctionalDependency:(s: {brewery_id}, t: {city})]", 0.0), operator: *, right: (1.0, 1.0), result: 0.0}
列 'p' 不存在，对列 city 不过滤，直接选择所有非无效值。
Block processing time: 0.002196 seconds
Computing Block 532 out of 796
Processing Block size=2
begin cleaner{left: ("[FunctionalDependency:(s: {brewery_id}, t: {city})]", 0.0), operator: *, right: (1.0, 1.0), result: 0.0}
列 'p' 不存在，对列 city 不过滤，直接选择所有非无效值。
Block processing time: 0.001509 seconds
Computing Block 533 out of 796
Processing Block size=4
begin cleaner{left: ("[FunctionalDependency:(s: {brewery_id}, t: {city})]", 0.0), operator: *, right: (1.0, 1.0), result: 0.0}
列 'p' 不存在，对列 city 不过滤，直接选择所有非无效值。
Block processing time: 0.002876 seconds
Computing Block 534 out of 796
Processing Block size=4
begin cleaner{left: ("[FunctionalDependency:(s: {brewery_id}, t: {city})]", 0.0), operator: *, right: (1.0, 1.0), result: 0.0}
列 'p' 不存在，对列 city 不过滤，直接选择所有非无效值。
Block processing time: 0.002933 seconds
Computing Block 535 out of 796
Processing Block size=3
begin cleaner{left: ("[FunctionalDependency:(s: {brewery_id}, t: {city})]", 0.0), operator: *, right: (1.0, 1.0), result: 0.0}
列 'p' 不存在，对列 city 不过滤，直接选择所有非无效值。
Block processing time: 0.002198 seconds
Computing Block 536 out of 796
Processing Block size=4
begin cleaner{left: ("[FunctionalDependency:(s: {brewery_id}, t: {city})]", 0.0), operator: *, right: (1.0, 1.0), result: 0.0}
列 'p' 不存在，对列 city 不过滤，直接选择所有非无效值。
Block processing time: 0.002913 seconds
Computing Block 537 out of 796
Processing Block size=2
begin cleaner{left: ("[FunctionalDependency:(s: {brewery_id}, t: {city})]", 0.0), operator: *, right: (1.0, 1.0), result: 0.0}
列 'p' 不存在，对列 city 不过滤，直接选择所有非无效值。
Block processing time: 0.001498 seconds
Computing Block 538 out of 796
Processing Block size=2
begin cleaner{left: ("[FunctionalDependency:(s: {brewery_id}, t: {city})]", 0.0), operator: *, right: (1.0, 1.0), result: 0.0}
列 'p' 不存在，对列 city 不过滤，直接选择所有非无效值。
Block processing time: 0.001543 seconds
Computing Block 539 out of 796
Processing Block size=2
begin cleaner{left: ("[FunctionalDependency:(s: {brewery_id}, t: {city})]", 0.0), operator: *, right: (1.0, 1.0), result: 0.0}
列 'p' 不存在，对列 city 不过滤，直接选择所有非无效值。
Block processing time: 0.001525 seconds
Computing Block 544 out of 796
Processing Block size=3
begin cleaner{left: ("[FunctionalDependency:(s: {brewery_id}, t: {city})]", 0.0), operator: *, right: (1.0, 1.0), result: 0.0}
列 'p' 不存在，对列 city 不过滤，直接选择所有非无效值。
Block processing time: 0.002192 seconds
Computing Block 546 out of 796
Processing Block size=2
begin cleaner{left: ("[FunctionalDependency:(s: {brewery_id}, t: {city})]", 0.0), operator: *, right: (1.0, 1.0), result: 0.0}
列 'p' 不存在，对列 city 不过滤，直接选择所有非无效值。
Block processing time: 0.001507 seconds
Computing Block 549 out of 796
Processing Block size=3
begin cleaner{left: ("[FunctionalDependency:(s: {brewery_id}, t: {city})]", 0.0), operator: *, right: (1.0, 1.0), result: 0.0}
列 'p' 不存在，对列 city 不过滤，直接选择所有非无效值。
Block processing time: 0.002198 seconds
Computing Block 554 out of 796
Processing Block size=4
begin cleaner{left: ("[FunctionalDependency:(s: {brewery_id}, t: {city})]", 0.0), operator: *, right: (1.0, 1.0), result: 0.0}
列 'p' 不存在，对列 city 不过滤，直接选择所有非无效值。
Block processing time: 0.002909 seconds
Computing Block 555 out of 796
Processing Block size=2
begin cleaner{left: ("[FunctionalDependency:(s: {brewery_id}, t: {city})]", 0.0), operator: *, right: (1.0, 1.0), result: 0.0}
列 'p' 不存在，对列 city 不过滤，直接选择所有非无效值。
Block processing time: 0.001493 seconds
Computing Block 556 out of 796
Processing Block size=8
begin cleaner{left: ("[FunctionalDependency:(s: {brewery_id}, t: {city})]", 0.0), operator: *, right: (1.0, 1.0), result: 0.0}
列 'p' 不存在，对列 city 不过滤，直接选择所有非无效值。
Block processing time: 0.00628 seconds
Computing Block 557 out of 796
Processing Block size=4
begin cleaner{left: ("[FunctionalDependency:(s: {brewery_id}, t: {city})]", 0.0), operator: *, right: (1.0, 1.0), result: 0.0}
列 'p' 不存在，对列 city 不过滤，直接选择所有非无效值。
Block processing time: 0.002879 seconds
Computing Block 559 out of 796
Processing Block size=5
begin cleaner{left: ("[FunctionalDependency:(s: {brewery_id}, t: {city})]", 0.0), operator: *, right: (1.0, 1.0), result: 0.0}
列 'p' 不存在，对列 city 不过滤，直接选择所有非无效值。
Block processing time: 0.003592 seconds
Computing Block 561 out of 796
Processing Block size=3
begin cleaner{left: ("[FunctionalDependency:(s: {brewery_id}, t: {city})]", 0.0), operator: *, right: (1.0, 1.0), result: 0.0}
列 'p' 不存在，对列 city 不过滤，直接选择所有非无效值。
Block processing time: 0.002191 seconds
Computing Block 563 out of 796
Processing Block size=6
begin cleaner{left: ("[FunctionalDependency:(s: {brewery_id}, t: {city})]", 0.0), operator: *, right: (1.0, 1.0), result: 0.0}
列 'p' 不存在，对列 city 不过滤，直接选择所有非无效值。
Block processing time: 0.004301 seconds
Computing Block 564 out of 796
Processing Block size=2
begin cleaner{left: ("[FunctionalDependency:(s: {brewery_id}, t: {city})]", 0.0), operator: *, right: (1.0, 1.0), result: 0.0}
列 'p' 不存在，对列 city 不过滤，直接选择所有非无效值。
Block processing time: 0.001493 seconds
Computing Block 565 out of 796
Processing Block size=7
begin cleaner{left: ("[FunctionalDependency:(s: {brewery_id}, t: {city})]", 0.0), operator: *, right: (1.0, 1.0), result: 0.0}
列 'p' 不存在，对列 city 不过滤，直接选择所有非无效值。
Block processing time: 0.005009 seconds
Computing Block 566 out of 796
Processing Block size=2
begin cleaner{left: ("[FunctionalDependency:(s: {brewery_id}, t: {city})]", 0.0), operator: *, right: (1.0, 1.0), result: 0.0}
列 'p' 不存在，对列 city 不过滤，直接选择所有非无效值。
Block processing time: 0.001487 seconds
Computing Block 567 out of 796
Processing Block size=2
begin cleaner{left: ("[FunctionalDependency:(s: {brewery_id}, t: {city})]", 0.0), operator: *, right: (1.0, 1.0), result: 0.0}
列 'p' 不存在，对列 city 不过滤，直接选择所有非无效值。
Block processing time: 0.001491 seconds
Computing Block 569 out of 796
Processing Block size=3
begin cleaner{left: ("[FunctionalDependency:(s: {brewery_id}, t: {city})]", 0.0), operator: *, right: (1.0, 1.0), result: 0.0}
列 'p' 不存在，对列 city 不过滤，直接选择所有非无效值。
Block processing time: 0.002181 seconds
Computing Block 570 out of 796
Processing Block size=8
begin cleaner{left: ("[FunctionalDependency:(s: {brewery_id}, t: {city})]", 0.0), operator: *, right: (1.0, 1.0), result: 0.0}
列 'p' 不存在，对列 city 不过滤，直接选择所有非无效值。
Block processing time: 0.005624 seconds
Computing Block 571 out of 796
Processing Block size=2
begin cleaner{left: ("[FunctionalDependency:(s: {brewery_id}, t: {city})]", 0.0), operator: *, right: (1.0, 1.0), result: 0.0}
列 'p' 不存在，对列 city 不过滤，直接选择所有非无效值。
Block processing time: 0.001485 seconds
Computing Block 573 out of 796
Processing Block size=11
begin cleaner{left: ("[FunctionalDependency:(s: {brewery_id}, t: {city})]", 0.0), operator: *, right: (1.0, 1.0), result: 0.0}
列 'p' 不存在，对列 city 不过滤，直接选择所有非无效值。
Block processing time: 0.007693 seconds
Computing Block 575 out of 796
Processing Block size=4
begin cleaner{left: ("[FunctionalDependency:(s: {brewery_id}, t: {city})]", 0.0), operator: *, right: (1.0, 1.0), result: 0.0}
列 'p' 不存在，对列 city 不过滤，直接选择所有非无效值。
Block processing time: 0.002933 seconds
Computing Block 576 out of 796
Processing Block size=4
begin cleaner{left: ("[FunctionalDependency:(s: {brewery_id}, t: {city})]", 0.0), operator: *, right: (1.0, 1.0), result: 0.0}
列 'p' 不存在，对列 city 不过滤，直接选择所有非无效值。
Block processing time: 0.002893 seconds
Computing Block 577 out of 796
Processing Block size=4
begin cleaner{left: ("[FunctionalDependency:(s: {brewery_id}, t: {city})]", 0.0), operator: *, right: (1.0, 1.0), result: 0.0}
列 'p' 不存在，对列 city 不过滤，直接选择所有非无效值。
Block processing time: 0.002918 seconds
Computing Block 578 out of 796
Processing Block size=4
begin cleaner{left: ("[FunctionalDependency:(s: {brewery_id}, t: {city})]", 0.0), operator: *, right: (1.0, 1.0), result: 0.0}
列 'p' 不存在，对列 city 不过滤，直接选择所有非无效值。
Block processing time: 0.002879 seconds
Computing Block 579 out of 796
Processing Block size=2
begin cleaner{left: ("[FunctionalDependency:(s: {brewery_id}, t: {city})]", 0.0), operator: *, right: (1.0, 1.0), result: 0.0}
列 'p' 不存在，对列 city 不过滤，直接选择所有非无效值。
Block processing time: 0.001496 seconds
Computing Block 582 out of 796
Processing Block size=11
begin cleaner{left: ("[FunctionalDependency:(s: {brewery_id}, t: {city})]", 0.0), operator: *, right: (1.0, 1.0), result: 0.0}
列 'p' 不存在，对列 city 不过滤，直接选择所有非无效值。
Block processing time: 0.007753 seconds
Computing Block 584 out of 796
Processing Block size=5
begin cleaner{left: ("[FunctionalDependency:(s: {brewery_id}, t: {city})]", 0.0), operator: *, right: (1.0, 1.0), result: 0.0}
列 'p' 不存在，对列 city 不过滤，直接选择所有非无效值。
Block processing time: 0.003567 seconds
Computing Block 585 out of 796
Processing Block size=3
begin cleaner{left: ("[FunctionalDependency:(s: {brewery_id}, t: {city})]", 0.0), operator: *, right: (1.0, 1.0), result: 0.0}
列 'p' 不存在，对列 city 不过滤，直接选择所有非无效值。
Block processing time: 0.002225 seconds
Computing Block 587 out of 796
Processing Block size=3
begin cleaner{left: ("[FunctionalDependency:(s: {brewery_id}, t: {city})]", 0.0), operator: *, right: (1.0, 1.0), result: 0.0}
列 'p' 不存在，对列 city 不过滤，直接选择所有非无效值。
Block processing time: 0.002204 seconds
Computing Block 589 out of 796
Processing Block size=4
begin cleaner{left: ("[FunctionalDependency:(s: {brewery_id}, t: {city})]", 0.0), operator: *, right: (1.0, 1.0), result: 0.0}
列 'p' 不存在，对列 city 不过滤，直接选择所有非无效值。
Block processing time: 0.002876 seconds
Computing Block 591 out of 796
Processing Block size=22
begin cleaner{left: ("[FunctionalDependency:(s: {brewery_id}, t: {city})]", 0.0), operator: *, right: (1.0, 1.0), result: 0.0}
列 'p' 不存在，对列 city 不过滤，直接选择所有非无效值。
Block processing time: 0.015373 seconds
Computing Block 592 out of 796
Processing Block size=3
begin cleaner{left: ("[FunctionalDependency:(s: {brewery_id}, t: {city})]", 0.0), operator: *, right: (1.0, 1.0), result: 0.0}
列 'p' 不存在，对列 city 不过滤，直接选择所有非无效值。
Block processing time: 0.002192 seconds
Computing Block 593 out of 796
Processing Block size=5
begin cleaner{left: ("[FunctionalDependency:(s: {brewery_id}, t: {city})]", 0.0), operator: *, right: (1.0, 1.0), result: 0.0}
列 'p' 不存在，对列 city 不过滤，直接选择所有非无效值。
Block processing time: 0.003562 seconds
Computing Block 594 out of 796
Processing Block size=6
begin cleaner{left: ("[FunctionalDependency:(s: {brewery_id}, t: {city})]", 0.0), operator: *, right: (1.0, 1.0), result: 0.0}
列 'p' 不存在，对列 city 不过滤，直接选择所有非无效值。
Block processing time: 0.004266 seconds
Computing Block 595 out of 796
Processing Block size=2
begin cleaner{left: ("[FunctionalDependency:(s: {brewery_id}, t: {city})]", 0.0), operator: *, right: (1.0, 1.0), result: 0.0}
列 'p' 不存在，对列 city 不过滤，直接选择所有非无效值。
Block processing time: 0.001492 seconds
Computing Block 596 out of 796
Processing Block size=2
begin cleaner{left: ("[FunctionalDependency:(s: {brewery_id}, t: {city})]", 0.0), operator: *, right: (1.0, 1.0), result: 0.0}
列 'p' 不存在，对列 city 不过滤，直接选择所有非无效值。
Block processing time: 0.001488 seconds
Computing Block 597 out of 796
Processing Block size=3
begin cleaner{left: ("[FunctionalDependency:(s: {brewery_id}, t: {city})]", 0.0), operator: *, right: (1.0, 1.0), result: 0.0}
列 'p' 不存在，对列 city 不过滤，直接选择所有非无效值。
Block processing time: 0.002193 seconds
Computing Block 600 out of 796
Processing Block size=3
begin cleaner{left: ("[FunctionalDependency:(s: {brewery_id}, t: {city})]", 0.0), operator: *, right: (1.0, 1.0), result: 0.0}
列 'p' 不存在，对列 city 不过滤，直接选择所有非无效值。
Block processing time: 0.00219 seconds
Computing Block 601 out of 796
Processing Block size=32
begin cleaner{left: ("[FunctionalDependency:(s: {brewery_id}, t: {city})]", 0.0), operator: *, right: (1.0, 1.0), result: 0.0}
列 'p' 不存在，对列 city 不过滤，直接选择所有非无效值。
Block processing time: 0.022277 seconds
Computing Block 605 out of 796
Processing Block size=10
begin cleaner{left: ("[FunctionalDependency:(s: {brewery_id}, t: {city})]", 0.0), operator: *, right: (1.0, 1.0), result: 0.0}
列 'p' 不存在，对列 city 不过滤，直接选择所有非无效值。
Block processing time: 0.007074 seconds
Computing Block 606 out of 796
Processing Block size=3
begin cleaner{left: ("[FunctionalDependency:(s: {brewery_id}, t: {city})]", 0.0), operator: *, right: (1.0, 1.0), result: 0.0}
列 'p' 不存在，对列 city 不过滤，直接选择所有非无效值。
Block processing time: 0.002306 seconds
Computing Block 607 out of 796
Processing Block size=5
begin cleaner{left: ("[FunctionalDependency:(s: {brewery_id}, t: {city})]", 0.0), operator: *, right: (1.0, 1.0), result: 0.0}
列 'p' 不存在，对列 city 不过滤，直接选择所有非无效值。
Block processing time: 0.003579 seconds
Computing Block 609 out of 796
Processing Block size=2
begin cleaner{left: ("[FunctionalDependency:(s: {brewery_id}, t: {city})]", 0.0), operator: *, right: (1.0, 1.0), result: 0.0}
列 'p' 不存在，对列 city 不过滤，直接选择所有非无效值。
Block processing time: 0.001498 seconds
Computing Block 613 out of 796
Processing Block size=3
begin cleaner{left: ("[FunctionalDependency:(s: {brewery_id}, t: {city})]", 0.0), operator: *, right: (1.0, 1.0), result: 0.0}
列 'p' 不存在，对列 city 不过滤，直接选择所有非无效值。
Block processing time: 0.002186 seconds
Computing Block 616 out of 796
Processing Block size=3
begin cleaner{left: ("[FunctionalDependency:(s: {brewery_id}, t: {city})]", 0.0), operator: *, right: (1.0, 1.0), result: 0.0}
列 'p' 不存在，对列 city 不过滤，直接选择所有非无效值。
Block processing time: 0.002222 seconds
Computing Block 617 out of 796
Processing Block size=2
begin cleaner{left: ("[FunctionalDependency:(s: {brewery_id}, t: {city})]", 0.0), operator: *, right: (1.0, 1.0), result: 0.0}
列 'p' 不存在，对列 city 不过滤，直接选择所有非无效值。
Block processing time: 0.001553 seconds
Computing Block 619 out of 796
Processing Block size=10
begin cleaner{left: ("[FunctionalDependency:(s: {brewery_id}, t: {city})]", 0.0), operator: *, right: (1.0, 1.0), result: 0.0}
列 'p' 不存在，对列 city 不过滤，直接选择所有非无效值。
Block processing time: 0.007045 seconds
Computing Block 620 out of 796
Processing Block size=2
begin cleaner{left: ("[FunctionalDependency:(s: {brewery_id}, t: {city})]", 0.0), operator: *, right: (1.0, 1.0), result: 0.0}
列 'p' 不存在，对列 city 不过滤，直接选择所有非无效值。
Block processing time: 0.001519 seconds
Computing Block 628 out of 796
Processing Block size=4
begin cleaner{left: ("[FunctionalDependency:(s: {brewery_id}, t: {city})]", 0.0), operator: *, right: (1.0, 1.0), result: 0.0}
列 'p' 不存在，对列 city 不过滤，直接选择所有非无效值。
Block processing time: 0.002924 seconds
Computing Block 630 out of 796
Processing Block size=2
begin cleaner{left: ("[FunctionalDependency:(s: {brewery_id}, t: {city})]", 0.0), operator: *, right: (1.0, 1.0), result: 0.0}
列 'p' 不存在，对列 city 不过滤，直接选择所有非无效值。
Block processing time: 0.001497 seconds
Computing Block 632 out of 796
Processing Block size=2
begin cleaner{left: ("[FunctionalDependency:(s: {brewery_id}, t: {city})]", 0.0), operator: *, right: (1.0, 1.0), result: 0.0}
列 'p' 不存在，对列 city 不过滤，直接选择所有非无效值。
Block processing time: 0.00152 seconds
Computing Block 633 out of 796
Processing Block size=5
begin cleaner{left: ("[FunctionalDependency:(s: {brewery_id}, t: {city})]", 0.0), operator: *, right: (1.0, 1.0), result: 0.0}
列 'p' 不存在，对列 city 不过滤，直接选择所有非无效值。
Block processing time: 0.003571 seconds
Computing Block 635 out of 796
Processing Block size=5
begin cleaner{left: ("[FunctionalDependency:(s: {brewery_id}, t: {city})]", 0.0), operator: *, right: (1.0, 1.0), result: 0.0}
列 'p' 不存在，对列 city 不过滤，直接选择所有非无效值。
Block processing time: 0.003562 seconds
Computing Block 644 out of 796
Processing Block size=6
begin cleaner{left: ("[FunctionalDependency:(s: {brewery_id}, t: {city})]", 0.0), operator: *, right: (1.0, 1.0), result: 0.0}
列 'p' 不存在，对列 city 不过滤，直接选择所有非无效值。
Block processing time: 0.004257 seconds
Computing Block 646 out of 796
Processing Block size=6
begin cleaner{left: ("[FunctionalDependency:(s: {brewery_id}, t: {city})]", 0.0), operator: *, right: (1.0, 1.0), result: 0.0}
列 'p' 不存在，对列 city 不过滤，直接选择所有非无效值。
Block processing time: 0.004361 seconds
Computing Block 647 out of 796
Processing Block size=2
begin cleaner{left: ("[FunctionalDependency:(s: {brewery_id}, t: {city})]", 0.0), operator: *, right: (1.0, 1.0), result: 0.0}
列 'p' 不存在，对列 city 不过滤，直接选择所有非无效值。
Block processing time: 0.001515 seconds
Computing Block 648 out of 796
Processing Block size=10
begin cleaner{left: ("[FunctionalDependency:(s: {brewery_id}, t: {city})]", 0.0), operator: *, right: (1.0, 1.0), result: 0.0}
列 'p' 不存在，对列 city 不过滤，直接选择所有非无效值。
Block processing time: 0.007074 seconds
Computing Block 649 out of 796
Processing Block size=12
begin cleaner{left: ("[FunctionalDependency:(s: {brewery_id}, t: {city})]", 0.0), operator: *, right: (1.0, 1.0), result: 0.0}
列 'p' 不存在，对列 city 不过滤，直接选择所有非无效值。
Block processing time: 0.008472 seconds
Computing Block 651 out of 796
Processing Block size=8
begin cleaner{left: ("[FunctionalDependency:(s: {brewery_id}, t: {city})]", 0.0), operator: *, right: (1.0, 1.0), result: 0.0}
列 'p' 不存在，对列 city 不过滤，直接选择所有非无效值。
Block processing time: 0.005652 seconds
Computing Block 652 out of 796
Processing Block size=6
begin cleaner{left: ("[FunctionalDependency:(s: {brewery_id}, t: {city})]", 0.0), operator: *, right: (1.0, 1.0), result: 0.0}
列 'p' 不存在，对列 city 不过滤，直接选择所有非无效值。
Block processing time: 0.004313 seconds
Computing Block 653 out of 796
Processing Block size=6
begin cleaner{left: ("[FunctionalDependency:(s: {brewery_id}, t: {city})]", 0.0), operator: *, right: (1.0, 1.0), result: 0.0}
列 'p' 不存在，对列 city 不过滤，直接选择所有非无效值。
Block processing time: 0.004273 seconds
Computing Block 655 out of 796
Processing Block size=6
begin cleaner{left: ("[FunctionalDependency:(s: {brewery_id}, t: {city})]", 0.0), operator: *, right: (1.0, 1.0), result: 0.0}
列 'p' 不存在，对列 city 不过滤，直接选择所有非无效值。
Block processing time: 0.004262 seconds
Computing Block 657 out of 796
Processing Block size=4
begin cleaner{left: ("[FunctionalDependency:(s: {brewery_id}, t: {city})]", 0.0), operator: *, right: (1.0, 1.0), result: 0.0}
列 'p' 不存在，对列 city 不过滤，直接选择所有非无效值。
Block processing time: 0.002871 seconds
Computing Block 658 out of 796
Processing Block size=6
begin cleaner{left: ("[FunctionalDependency:(s: {brewery_id}, t: {city})]", 0.0), operator: *, right: (1.0, 1.0), result: 0.0}
列 'p' 不存在，对列 city 不过滤，直接选择所有非无效值。
Block processing time: 0.004256 seconds
Computing Block 659 out of 796
Processing Block size=3
begin cleaner{left: ("[FunctionalDependency:(s: {brewery_id}, t: {city})]", 0.0), operator: *, right: (1.0, 1.0), result: 0.0}
列 'p' 不存在，对列 city 不过滤，直接选择所有非无效值。
Block processing time: 0.002224 seconds
Computing Block 660 out of 796
Processing Block size=4
begin cleaner{left: ("[FunctionalDependency:(s: {brewery_id}, t: {city})]", 0.0), operator: *, right: (1.0, 1.0), result: 0.0}
列 'p' 不存在，对列 city 不过滤，直接选择所有非无效值。
Block processing time: 0.002877 seconds
Computing Block 661 out of 796
Processing Block size=5
begin cleaner{left: ("[FunctionalDependency:(s: {brewery_id}, t: {city})]", 0.0), operator: *, right: (1.0, 1.0), result: 0.0}
列 'p' 不存在，对列 city 不过滤，直接选择所有非无效值。
Block processing time: 0.00356 seconds
Computing Block 662 out of 796
Processing Block size=2
begin cleaner{left: ("[FunctionalDependency:(s: {brewery_id}, t: {city})]", 0.0), operator: *, right: (1.0, 1.0), result: 0.0}
列 'p' 不存在，对列 city 不过滤，直接选择所有非无效值。
Block processing time: 0.001484 seconds
Computing Block 663 out of 796
Processing Block size=18
begin cleaner{left: ("[FunctionalDependency:(s: {brewery_id}, t: {city})]", 0.0), operator: *, right: (1.0, 1.0), result: 0.0}
列 'p' 不存在，对列 city 不过滤，直接选择所有非无效值。
Block processing time: 0.012697 seconds
Computing Block 668 out of 796
Processing Block size=5
begin cleaner{left: ("[FunctionalDependency:(s: {brewery_id}, t: {city})]", 0.0), operator: *, right: (1.0, 1.0), result: 0.0}
列 'p' 不存在，对列 city 不过滤，直接选择所有非无效值。
Block processing time: 0.003594 seconds
Computing Block 669 out of 796
Processing Block size=15
begin cleaner{left: ("[FunctionalDependency:(s: {brewery_id}, t: {city})]", 0.0), operator: *, right: (1.0, 1.0), result: 0.0}
列 'p' 不存在，对列 city 不过滤，直接选择所有非无效值。
Block processing time: 0.010601 seconds
Computing Block 670 out of 796
Processing Block size=7
begin cleaner{left: ("[FunctionalDependency:(s: {brewery_id}, t: {city})]", 0.0), operator: *, right: (1.0, 1.0), result: 0.0}
列 'p' 不存在，对列 city 不过滤，直接选择所有非无效值。
Block processing time: 0.00496 seconds
Computing Block 671 out of 796
Processing Block size=4
begin cleaner{left: ("[FunctionalDependency:(s: {brewery_id}, t: {city})]", 0.0), operator: *, right: (1.0, 1.0), result: 0.0}
列 'p' 不存在，对列 city 不过滤，直接选择所有非无效值。
Block processing time: 0.002884 seconds
Computing Block 674 out of 796
Processing Block size=4
begin cleaner{left: ("[FunctionalDependency:(s: {brewery_id}, t: {city})]", 0.0), operator: *, right: (1.0, 1.0), result: 0.0}
列 'p' 不存在，对列 city 不过滤，直接选择所有非无效值。
Block processing time: 0.002876 seconds
Computing Block 676 out of 796
Processing Block size=3
begin cleaner{left: ("[FunctionalDependency:(s: {brewery_id}, t: {city})]", 0.0), operator: *, right: (1.0, 1.0), result: 0.0}
列 'p' 不存在，对列 city 不过滤，直接选择所有非无效值。
Block processing time: 0.00226 seconds
Computing Block 678 out of 796
Processing Block size=2
begin cleaner{left: ("[FunctionalDependency:(s: {brewery_id}, t: {city})]", 0.0), operator: *, right: (1.0, 1.0), result: 0.0}
列 'p' 不存在，对列 city 不过滤，直接选择所有非无效值。
Block processing time: 0.001529 seconds
Computing Block 680 out of 796
Processing Block size=18
begin cleaner{left: ("[FunctionalDependency:(s: {brewery_id}, t: {city})]", 0.0), operator: *, right: (1.0, 1.0), result: 0.0}
列 'p' 不存在，对列 city 不过滤，直接选择所有非无效值。
Block processing time: 0.012688 seconds
Computing Block 681 out of 796
Processing Block size=6
begin cleaner{left: ("[FunctionalDependency:(s: {brewery_id}, t: {city})]", 0.0), operator: *, right: (1.0, 1.0), result: 0.0}
列 'p' 不存在，对列 city 不过滤，直接选择所有非无效值。
Block processing time: 0.004285 seconds
Computing Block 683 out of 796
Processing Block size=2
begin cleaner{left: ("[FunctionalDependency:(s: {brewery_id}, t: {city})]", 0.0), operator: *, right: (1.0, 1.0), result: 0.0}
列 'p' 不存在，对列 city 不过滤，直接选择所有非无效值。
Block processing time: 0.001493 seconds
Computing Block 684 out of 796
Processing Block size=3
begin cleaner{left: ("[FunctionalDependency:(s: {brewery_id}, t: {city})]", 0.0), operator: *, right: (1.0, 1.0), result: 0.0}
列 'p' 不存在，对列 city 不过滤，直接选择所有非无效值。
Block processing time: 0.002215 seconds
Computing Block 686 out of 796
Processing Block size=2
begin cleaner{left: ("[FunctionalDependency:(s: {brewery_id}, t: {city})]", 0.0), operator: *, right: (1.0, 1.0), result: 0.0}
列 'p' 不存在，对列 city 不过滤，直接选择所有非无效值。
Block processing time: 0.001487 seconds
Computing Block 690 out of 796
Processing Block size=2
begin cleaner{left: ("[FunctionalDependency:(s: {brewery_id}, t: {city})]", 0.0), operator: *, right: (1.0, 1.0), result: 0.0}
列 'p' 不存在，对列 city 不过滤，直接选择所有非无效值。
Block processing time: 0.001548 seconds
Computing Block 693 out of 796
Processing Block size=3
begin cleaner{left: ("[FunctionalDependency:(s: {brewery_id}, t: {city})]", 0.0), operator: *, right: (1.0, 1.0), result: 0.0}
列 'p' 不存在，对列 city 不过滤，直接选择所有非无效值。
Block processing time: 0.002218 seconds
Computing Block 698 out of 796
Processing Block size=2
begin cleaner{left: ("[FunctionalDependency:(s: {brewery_id}, t: {city})]", 0.0), operator: *, right: (1.0, 1.0), result: 0.0}
列 'p' 不存在，对列 city 不过滤，直接选择所有非无效值。
Block processing time: 0.001551 seconds
Computing Block 699 out of 796
Processing Block size=4
begin cleaner{left: ("[FunctionalDependency:(s: {brewery_id}, t: {city})]", 0.0), operator: *, right: (1.0, 1.0), result: 0.0}
列 'p' 不存在，对列 city 不过滤，直接选择所有非无效值。
Block processing time: 0.003021 seconds
Computing Block 701 out of 796
Processing Block size=10
begin cleaner{left: ("[FunctionalDependency:(s: {brewery_id}, t: {city})]", 0.0), operator: *, right: (1.0, 1.0), result: 0.0}
列 'p' 不存在，对列 city 不过滤，直接选择所有非无效值。
Block processing time: 0.007028 seconds
Computing Block 704 out of 796
Processing Block size=3
begin cleaner{left: ("[FunctionalDependency:(s: {brewery_id}, t: {city})]", 0.0), operator: *, right: (1.0, 1.0), result: 0.0}
列 'p' 不存在，对列 city 不过滤，直接选择所有非无效值。
Block processing time: 0.002187 seconds
Computing Block 709 out of 796
Processing Block size=2
begin cleaner{left: ("[FunctionalDependency:(s: {brewery_id}, t: {city})]", 0.0), operator: *, right: (1.0, 1.0), result: 0.0}
列 'p' 不存在，对列 city 不过滤，直接选择所有非无效值。
Block processing time: 0.001506 seconds
Computing Block 710 out of 796
Processing Block size=2
begin cleaner{left: ("[FunctionalDependency:(s: {brewery_id}, t: {city})]", 0.0), operator: *, right: (1.0, 1.0), result: 0.0}
列 'p' 不存在，对列 city 不过滤，直接选择所有非无效值。
Block processing time: 0.001508 seconds
Computing Block 713 out of 796
Processing Block size=4
begin cleaner{left: ("[FunctionalDependency:(s: {brewery_id}, t: {city})]", 0.0), operator: *, right: (1.0, 1.0), result: 0.0}
列 'p' 不存在，对列 city 不过滤，直接选择所有非无效值。
Block processing time: 0.002884 seconds
Computing Block 717 out of 796
Processing Block size=2
begin cleaner{left: ("[FunctionalDependency:(s: {brewery_id}, t: {city})]", 0.0), operator: *, right: (1.0, 1.0), result: 0.0}
列 'p' 不存在，对列 city 不过滤，直接选择所有非无效值。
Block processing time: 0.001496 seconds
Computing Block 718 out of 796
Processing Block size=4
begin cleaner{left: ("[FunctionalDependency:(s: {brewery_id}, t: {city})]", 0.0), operator: *, right: (1.0, 1.0), result: 0.0}
列 'p' 不存在，对列 city 不过滤，直接选择所有非无效值。
Block processing time: 0.002924 seconds
Computing Block 723 out of 796
Processing Block size=4
begin cleaner{left: ("[FunctionalDependency:(s: {brewery_id}, t: {city})]", 0.0), operator: *, right: (1.0, 1.0), result: 0.0}
列 'p' 不存在，对列 city 不过滤，直接选择所有非无效值。
Block processing time: 0.002882 seconds
Computing Block 724 out of 796
Processing Block size=4
begin cleaner{left: ("[FunctionalDependency:(s: {brewery_id}, t: {city})]", 0.0), operator: *, right: (1.0, 1.0), result: 0.0}
列 'p' 不存在，对列 city 不过滤，直接选择所有非无效值。
Block processing time: 0.002873 seconds
Computing Block 726 out of 796
Processing Block size=5
begin cleaner{left: ("[FunctionalDependency:(s: {brewery_id}, t: {city})]", 0.0), operator: *, right: (1.0, 1.0), result: 0.0}
列 'p' 不存在，对列 city 不过滤，直接选择所有非无效值。
Block processing time: 0.003659 seconds
Computing Block 727 out of 796
Processing Block size=2
begin cleaner{left: ("[FunctionalDependency:(s: {brewery_id}, t: {city})]", 0.0), operator: *, right: (1.0, 1.0), result: 0.0}
列 'p' 不存在，对列 city 不过滤，直接选择所有非无效值。
Block processing time: 0.00149 seconds
Computing Block 728 out of 796
Processing Block size=3
begin cleaner{left: ("[FunctionalDependency:(s: {brewery_id}, t: {city})]", 0.0), operator: *, right: (1.0, 1.0), result: 0.0}
列 'p' 不存在，对列 city 不过滤，直接选择所有非无效值。
Block processing time: 0.002185 seconds
Computing Block 729 out of 796
Processing Block size=4
begin cleaner{left: ("[FunctionalDependency:(s: {brewery_id}, t: {city})]", 0.0), operator: *, right: (1.0, 1.0), result: 0.0}
列 'p' 不存在，对列 city 不过滤，直接选择所有非无效值。
Block processing time: 0.002932 seconds
Computing Block 730 out of 796
Processing Block size=3
begin cleaner{left: ("[FunctionalDependency:(s: {brewery_id}, t: {city})]", 0.0), operator: *, right: (1.0, 1.0), result: 0.0}
列 'p' 不存在，对列 city 不过滤，直接选择所有非无效值。
Block processing time: 0.002174 seconds
Computing Block 731 out of 796
Processing Block size=8
begin cleaner{left: ("[FunctionalDependency:(s: {brewery_id}, t: {city})]", 0.0), operator: *, right: (1.0, 1.0), result: 0.0}
列 'p' 不存在，对列 city 不过滤，直接选择所有非无效值。
Block processing time: 0.006117 seconds
Computing Block 733 out of 796
Processing Block size=5
begin cleaner{left: ("[FunctionalDependency:(s: {brewery_id}, t: {city})]", 0.0), operator: *, right: (1.0, 1.0), result: 0.0}
列 'p' 不存在，对列 city 不过滤，直接选择所有非无效值。
Block processing time: 0.003898 seconds
Computing Block 735 out of 796
Processing Block size=3
begin cleaner{left: ("[FunctionalDependency:(s: {brewery_id}, t: {city})]", 0.0), operator: *, right: (1.0, 1.0), result: 0.0}
列 'p' 不存在，对列 city 不过滤，直接选择所有非无效值。
Block processing time: 0.002382 seconds
Computing Block 737 out of 796
Processing Block size=23
begin cleaner{left: ("[FunctionalDependency:(s: {brewery_id}, t: {city})]", 0.0), operator: *, right: (1.0, 1.0), result: 0.0}
列 'p' 不存在，对列 city 不过滤，直接选择所有非无效值。
Block processing time: 0.017545 seconds
Computing Block 739 out of 796
Processing Block size=3
begin cleaner{left: ("[FunctionalDependency:(s: {brewery_id}, t: {city})]", 0.0), operator: *, right: (1.0, 1.0), result: 0.0}
列 'p' 不存在，对列 city 不过滤，直接选择所有非无效值。
Block processing time: 0.002356 seconds
Computing Block 744 out of 796
Processing Block size=5
begin cleaner{left: ("[FunctionalDependency:(s: {brewery_id}, t: {city})]", 0.0), operator: *, right: (1.0, 1.0), result: 0.0}
列 'p' 不存在，对列 city 不过滤，直接选择所有非无效值。
Block processing time: 0.003954 seconds
Computing Block 745 out of 796
Processing Block size=6
begin cleaner{left: ("[FunctionalDependency:(s: {brewery_id}, t: {city})]", 0.0), operator: *, right: (1.0, 1.0), result: 0.0}
列 'p' 不存在，对列 city 不过滤，直接选择所有非无效值。
Block processing time: 0.004637 seconds
Computing Block 746 out of 796
Processing Block size=5
begin cleaner{left: ("[FunctionalDependency:(s: {brewery_id}, t: {city})]", 0.0), operator: *, right: (1.0, 1.0), result: 0.0}
列 'p' 不存在，对列 city 不过滤，直接选择所有非无效值。
Block processing time: 0.003859 seconds
Computing Block 747 out of 796
Processing Block size=5
begin cleaner{left: ("[FunctionalDependency:(s: {brewery_id}, t: {city})]", 0.0), operator: *, right: (1.0, 1.0), result: 0.0}
列 'p' 不存在，对列 city 不过滤，直接选择所有非无效值。
Block processing time: 0.003927 seconds
Computing Block 749 out of 796
Processing Block size=3
begin cleaner{left: ("[FunctionalDependency:(s: {brewery_id}, t: {city})]", 0.0), operator: *, right: (1.0, 1.0), result: 0.0}
列 'p' 不存在，对列 city 不过滤，直接选择所有非无效值。
Block processing time: 0.002363 seconds
Computing Block 751 out of 796
Processing Block size=2
WARNING:root:No partitioning rule specified, processing might be slow
begin cleaner{left: ("[FunctionalDependency:(s: {brewery_id}, t: {city})]", 0.0), operator: *, right: (1.0, 1.0), result: 0.0}
列 'p' 不存在，对列 city 不过滤，直接选择所有非无效值。
Block processing time: 0.001512 seconds
Computing Block 754 out of 796
Processing Block size=6
begin cleaner{left: ("[FunctionalDependency:(s: {brewery_id}, t: {city})]", 0.0), operator: *, right: (1.0, 1.0), result: 0.0}
列 'p' 不存在，对列 city 不过滤，直接选择所有非无效值。
Block processing time: 0.004274 seconds
Computing Block 757 out of 796
Processing Block size=5
begin cleaner{left: ("[FunctionalDependency:(s: {brewery_id}, t: {city})]", 0.0), operator: *, right: (1.0, 1.0), result: 0.0}
列 'p' 不存在，对列 city 不过滤，直接选择所有非无效值。
Block processing time: 0.003613 seconds
Computing Block 761 out of 796
Processing Block size=7
begin cleaner{left: ("[FunctionalDependency:(s: {brewery_id}, t: {city})]", 0.0), operator: *, right: (1.0, 1.0), result: 0.0}
列 'p' 不存在，对列 city 不过滤，直接选择所有非无效值。
Block processing time: 0.004947 seconds
Computing Block 764 out of 796
Processing Block size=3
begin cleaner{left: ("[FunctionalDependency:(s: {brewery_id}, t: {city})]", 0.0), operator: *, right: (1.0, 1.0), result: 0.0}
列 'p' 不存在，对列 city 不过滤，直接选择所有非无效值。
Block processing time: 0.002185 seconds
Computing Block 765 out of 796
Processing Block size=3
begin cleaner{left: ("[FunctionalDependency:(s: {brewery_id}, t: {city})]", 0.0), operator: *, right: (1.0, 1.0), result: 0.0}
列 'p' 不存在，对列 city 不过滤，直接选择所有非无效值。
Block processing time: 0.002301 seconds
Computing Block 771 out of 796
Processing Block size=2
begin cleaner{left: ("[FunctionalDependency:(s: {brewery_id}, t: {city})]", 0.0), operator: *, right: (1.0, 1.0), result: 0.0}
列 'p' 不存在，对列 city 不过滤，直接选择所有非无效值。
Block processing time: 0.001489 seconds
Computing Block 774 out of 796
Processing Block size=3
begin cleaner{left: ("[FunctionalDependency:(s: {brewery_id}, t: {city})]", 0.0), operator: *, right: (1.0, 1.0), result: 0.0}
列 'p' 不存在，对列 city 不过滤，直接选择所有非无效值。
Block processing time: 0.00219 seconds
Computing Block 775 out of 796
Processing Block size=2
begin cleaner{left: ("[FunctionalDependency:(s: {brewery_id}, t: {city})]", 0.0), operator: *, right: (1.0, 1.0), result: 0.0}
列 'p' 不存在，对列 city 不过滤，直接选择所有非无效值。
Block processing time: 0.001488 seconds
Computing Block 776 out of 796
Processing Block size=7
begin cleaner{left: ("[FunctionalDependency:(s: {brewery_id}, t: {city})]", 0.0), operator: *, right: (1.0, 1.0), result: 0.0}
列 'p' 不存在，对列 city 不过滤，直接选择所有非无效值。
Block processing time: 0.004968 seconds
Computing Block 777 out of 796
Processing Block size=2
begin cleaner{left: ("[FunctionalDependency:(s: {brewery_id}, t: {city})]", 0.0), operator: *, right: (1.0, 1.0), result: 0.0}
列 'p' 不存在，对列 city 不过滤，直接选择所有非无效值。
Block processing time: 0.001489 seconds
Computing Block 779 out of 796
Processing Block size=4
begin cleaner{left: ("[FunctionalDependency:(s: {brewery_id}, t: {city})]", 0.0), operator: *, right: (1.0, 1.0), result: 0.0}
列 'p' 不存在，对列 city 不过滤，直接选择所有非无效值。
Block processing time: 0.002878 seconds
Computing Block 781 out of 796
Processing Block size=4
begin cleaner{left: ("[FunctionalDependency:(s: {brewery_id}, t: {city})]", 0.0), operator: *, right: (1.0, 1.0), result: 0.0}
列 'p' 不存在，对列 city 不过滤，直接选择所有非无效值。
Block processing time: 0.002887 seconds
Computing Block 782 out of 796
Processing Block size=2
begin cleaner{left: ("[FunctionalDependency:(s: {brewery_id}, t: {city})]", 0.0), operator: *, right: (1.0, 1.0), result: 0.0}
列 'p' 不存在，对列 city 不过滤，直接选择所有非无效值。
Block processing time: 0.001484 seconds
Computing Block 783 out of 796
Processing Block size=3
begin cleaner{left: ("[FunctionalDependency:(s: {brewery_id}, t: {city})]", 0.0), operator: *, right: (1.0, 1.0), result: 0.0}
列 'p' 不存在，对列 city 不过滤，直接选择所有非无效值。
Block processing time: 0.002177 seconds
Computing Block 786 out of 796
Processing Block size=2
begin cleaner{left: ("[FunctionalDependency:(s: {brewery_id}, t: {city})]", 0.0), operator: *, right: (1.0, 1.0), result: 0.0}
列 'p' 不存在，对列 city 不过滤，直接选择所有非无效值。
Block processing time: 0.001499 seconds
Computing Block 787 out of 796
Processing Block size=8
begin cleaner{left: ("[FunctionalDependency:(s: {brewery_id}, t: {city})]", 0.0), operator: *, right: (1.0, 1.0), result: 0.0}
列 'p' 不存在，对列 city 不过滤，直接选择所有非无效值。
Block processing time: 0.005694 seconds
Computing Block 788 out of 796
Processing Block size=3
begin cleaner{left: ("[FunctionalDependency:(s: {brewery_id}, t: {city})]", 0.0), operator: *, right: (1.0, 1.0), result: 0.0}
列 'p' 不存在，对列 city 不过滤，直接选择所有非无效值。
Block processing time: 0.002193 seconds
Computing Block 791 out of 796
Processing Block size=8
begin cleaner{left: ("[FunctionalDependency:(s: {brewery_id}, t: {city})]", 0.0), operator: *, right: (1.0, 1.0), result: 0.0}
列 'p' 不存在，对列 city 不过滤，直接选择所有非无效值。
Block processing time: 0.005711 seconds
Computing Block 792 out of 796
Processing Block size=4
begin cleaner{left: ("[FunctionalDependency:(s: {brewery_id}, t: {city})]", 0.0), operator: *, right: (1.0, 1.0), result: 0.0}
列 'p' 不存在，对列 city 不过滤，直接选择所有非无效值。
Block processing time: 0.00287 seconds
Computing Block 796 out of 796
Processing Block size=7
begin cleaner{left: ("[FunctionalDependency:(s: {brewery_id}, t: {city})]", 0.0), operator: *, right: (1.0, 1.0), result: 0.0}
列 'p' 不存在，对列 city 不过滤，直接选择所有非无效值。
Block processing time: 0.005012 seconds
  当前节点: city 无清洗操作
  当前节点: state 存在可用清洗信号
数据块大小: 2410
分块属性:
[['brewery_id']]
Starting initial block mapping...
Initial number of blocks: 796
Final number of blocks after further splitting: 796
Computing Block 1 out of 796
Processing Block size=5
begin cleaner[FunctionalDependency:(s: {'brewery_id'}, t: {'state'})]*1.0
列 'p' 不存在，对列 state 不过滤，直接选择所有非无效值。
Block processing time: 0.003919 seconds
Computing Block 4 out of 796
Processing Block size=4
begin cleaner{left: ("[FunctionalDependency:(s: {brewery_id}, t: {state})]", 0.0), operator: *, right: (1.0, 1.0), result: 0.0}
列 'p' 不存在，对列 state 不过滤，直接选择所有非无效值。
Block processing time: 0.003049 seconds
Computing Block 5 out of 796
Processing Block size=2
begin cleaner{left: ("[FunctionalDependency:(s: {brewery_id}, t: {state})]", 0.0), operator: *, right: (1.0, 1.0), result: 0.0}
列 'p' 不存在，对列 state 不过滤，直接选择所有非无效值。
Block processing time: 0.001549 seconds
Computing Block 6 out of 796
Processing Block size=4
begin cleaner{left: ("[FunctionalDependency:(s: {brewery_id}, t: {state})]", 0.0), operator: *, right: (1.0, 1.0), result: 0.0}
列 'p' 不存在，对列 state 不过滤，直接选择所有非无效值。
Block processing time: 0.002975 seconds
Computing Block 7 out of 796
Processing Block size=2
begin cleaner{left: ("[FunctionalDependency:(s: {brewery_id}, t: {state})]", 0.0), operator: *, right: (1.0, 1.0), result: 0.0}
列 'p' 不存在，对列 state 不过滤，直接选择所有非无效值。
Block processing time: 0.00155 seconds
Computing Block 10 out of 796
Processing Block size=7
begin cleaner{left: ("[FunctionalDependency:(s: {brewery_id}, t: {state})]", 0.0), operator: *, right: (1.0, 1.0), result: 0.0}
列 'p' 不存在，对列 state 不过滤，直接选择所有非无效值。
Block processing time: 0.005156 seconds
Computing Block 12 out of 796
Processing Block size=6
begin cleaner{left: ("[FunctionalDependency:(s: {brewery_id}, t: {state})]", 0.0), operator: *, right: (1.0, 1.0), result: 0.0}
列 'p' 不存在，对列 state 不过滤，直接选择所有非无效值。
Block processing time: 0.00441 seconds
Computing Block 13 out of 796
Processing Block size=3
begin cleaner{left: ("[FunctionalDependency:(s: {brewery_id}, t: {state})]", 0.0), operator: *, right: (1.0, 1.0), result: 0.0}
列 'p' 不存在，对列 state 不过滤，直接选择所有非无效值。
Block processing time: 0.002269 seconds
Computing Block 18 out of 796
Processing Block size=9
begin cleaner{left: ("[FunctionalDependency:(s: {brewery_id}, t: {state})]", 0.0), operator: *, right: (1.0, 1.0), result: 0.0}
列 'p' 不存在，对列 state 不过滤，直接选择所有非无效值。
Block processing time: 0.006571 seconds
Computing Block 19 out of 796
Processing Block size=3
begin cleaner{left: ("[FunctionalDependency:(s: {brewery_id}, t: {state})]", 0.0), operator: *, right: (1.0, 1.0), result: 0.0}
列 'p' 不存在，对列 state 不过滤，直接选择所有非无效值。
Block processing time: 0.002252 seconds
Computing Block 22 out of 796
Processing Block size=5
begin cleaner{left: ("[FunctionalDependency:(s: {brewery_id}, t: {state})]", 0.0), operator: *, right: (1.0, 1.0), result: 0.0}
列 'p' 不存在，对列 state 不过滤，直接选择所有非无效值。
Block processing time: 0.003686 seconds
Computing Block 28 out of 796
Processing Block size=2
begin cleaner{left: ("[FunctionalDependency:(s: {brewery_id}, t: {state})]", 0.0), operator: *, right: (1.0, 1.0), result: 0.0}
列 'p' 不存在，对列 state 不过滤，直接选择所有非无效值。
Block processing time: 0.001567 seconds
Computing Block 31 out of 796
Processing Block size=3
begin cleaner{left: ("[FunctionalDependency:(s: {brewery_id}, t: {state})]", 0.0), operator: *, right: (1.0, 1.0), result: 0.0}
列 'p' 不存在，对列 state 不过滤，直接选择所有非无效值。
Block processing time: 0.002284 seconds
Computing Block 35 out of 796
Processing Block size=5
begin cleaner{left: ("[FunctionalDependency:(s: {brewery_id}, t: {state})]", 0.0), operator: *, right: (1.0, 1.0), result: 0.0}
列 'p' 不存在，对列 state 不过滤，直接选择所有非无效值。
Block processing time: 0.003671 seconds
Computing Block 39 out of 796
Processing Block size=3
begin cleaner{left: ("[FunctionalDependency:(s: {brewery_id}, t: {state})]", 0.0), operator: *, right: (1.0, 1.0), result: 0.0}
列 'p' 不存在，对列 state 不过滤，直接选择所有非无效值。
Block processing time: 0.002267 seconds
Computing Block 41 out of 796
Processing Block size=7
begin cleaner{left: ("[FunctionalDependency:(s: {brewery_id}, t: {state})]", 0.0), operator: *, right: (1.0, 1.0), result: 0.0}
列 'p' 不存在，对列 state 不过滤，直接选择所有非无效值。
Block processing time: 0.005119 seconds
Computing Block 42 out of 796
Processing Block size=6
begin cleaner{left: ("[FunctionalDependency:(s: {brewery_id}, t: {state})]", 0.0), operator: *, right: (1.0, 1.0), result: 0.0}
列 'p' 不存在，对列 state 不过滤，直接选择所有非无效值。
Block processing time: 0.004384 seconds
Computing Block 43 out of 796
Processing Block size=3
begin cleaner{left: ("[FunctionalDependency:(s: {brewery_id}, t: {state})]", 0.0), operator: *, right: (1.0, 1.0), result: 0.0}
列 'p' 不存在，对列 state 不过滤，直接选择所有非无效值。
Block processing time: 0.002251 seconds
Computing Block 48 out of 796
Processing Block size=17
begin cleaner{left: ("[FunctionalDependency:(s: {brewery_id}, t: {state})]", 0.0), operator: *, right: (1.0, 1.0), result: 0.0}
列 'p' 不存在，对列 state 不过滤，直接选择所有非无效值。
Block processing time: 0.012323 seconds
Computing Block 49 out of 796
Processing Block size=11
begin cleaner{left: ("[FunctionalDependency:(s: {brewery_id}, t: {state})]", 0.0), operator: *, right: (1.0, 1.0), result: 0.0}
列 'p' 不存在，对列 state 不过滤，直接选择所有非无效值。
Block processing time: 0.008037 seconds
Computing Block 50 out of 796
Processing Block size=2
begin cleaner{left: ("[FunctionalDependency:(s: {brewery_id}, t: {state})]", 0.0), operator: *, right: (1.0, 1.0), result: 0.0}
列 'p' 不存在，对列 state 不过滤，直接选择所有非无效值。
Block processing time: 0.001522 seconds
Computing Block 51 out of 796
Processing Block size=2
begin cleaner{left: ("[FunctionalDependency:(s: {brewery_id}, t: {state})]", 0.0), operator: *, right: (1.0, 1.0), result: 0.0}
列 'p' 不存在，对列 state 不过滤，直接选择所有非无效值。
Block processing time: 0.0015 seconds
Computing Block 52 out of 796
Processing Block size=8
begin cleaner{left: ("[FunctionalDependency:(s: {brewery_id}, t: {state})]", 0.0), operator: *, right: (1.0, 1.0), result: 0.0}
列 'p' 不存在，对列 state 不过滤，直接选择所有非无效值。
Block processing time: 0.005649 seconds
Computing Block 55 out of 796
Processing Block size=3
begin cleaner{left: ("[FunctionalDependency:(s: {brewery_id}, t: {state})]", 0.0), operator: *, right: (1.0, 1.0), result: 0.0}
列 'p' 不存在，对列 state 不过滤，直接选择所有非无效值。
Block processing time: 0.002205 seconds
Computing Block 56 out of 796
Processing Block size=15
begin cleaner{left: ("[FunctionalDependency:(s: {brewery_id}, t: {state})]", 0.0), operator: *, right: (1.0, 1.0), result: 0.0}
列 'p' 不存在，对列 state 不过滤，直接选择所有非无效值。
Block processing time: 0.010734 seconds
Computing Block 57 out of 796
Processing Block size=3
begin cleaner{left: ("[FunctionalDependency:(s: {brewery_id}, t: {state})]", 0.0), operator: *, right: (1.0, 1.0), result: 0.0}
列 'p' 不存在，对列 state 不过滤，直接选择所有非无效值。
Block processing time: 0.00219 seconds
Computing Block 58 out of 796
Processing Block size=3
begin cleaner{left: ("[FunctionalDependency:(s: {brewery_id}, t: {state})]", 0.0), operator: *, right: (1.0, 1.0), result: 0.0}
列 'p' 不存在，对列 state 不过滤，直接选择所有非无效值。
Block processing time: 0.002192 seconds
Computing Block 63 out of 796
Processing Block size=5
begin cleaner{left: ("[FunctionalDependency:(s: {brewery_id}, t: {state})]", 0.0), operator: *, right: (1.0, 1.0), result: 0.0}
列 'p' 不存在，对列 state 不过滤，直接选择所有非无效值。
Block processing time: 0.003662 seconds
Computing Block 64 out of 796
Processing Block size=8
begin cleaner{left: ("[FunctionalDependency:(s: {brewery_id}, t: {state})]", 0.0), operator: *, right: (1.0, 1.0), result: 0.0}
列 'p' 不存在，对列 state 不过滤，直接选择所有非无效值。
Block processing time: 0.005655 seconds
Computing Block 65 out of 796
Processing Block size=3
begin cleaner{left: ("[FunctionalDependency:(s: {brewery_id}, t: {state})]", 0.0), operator: *, right: (1.0, 1.0), result: 0.0}
列 'p' 不存在，对列 state 不过滤，直接选择所有非无效值。
Block processing time: 0.002194 seconds
Computing Block 67 out of 796
Processing Block size=9
begin cleaner{left: ("[FunctionalDependency:(s: {brewery_id}, t: {state})]", 0.0), operator: *, right: (1.0, 1.0), result: 0.0}
列 'p' 不存在，对列 state 不过滤，直接选择所有非无效值。
Block processing time: 0.006485 seconds
Computing Block 68 out of 796
Processing Block size=13
begin cleaner{left: ("[FunctionalDependency:(s: {brewery_id}, t: {state})]", 0.0), operator: *, right: (1.0, 1.0), result: 0.0}
列 'p' 不存在，对列 state 不过滤，直接选择所有非无效值。
Block processing time: 0.00928 seconds
Computing Block 69 out of 796
Processing Block size=2
begin cleaner{left: ("[FunctionalDependency:(s: {brewery_id}, t: {state})]", 0.0), operator: *, right: (1.0, 1.0), result: 0.0}
列 'p' 不存在，对列 state 不过滤，直接选择所有非无效值。
Block processing time: 0.001537 seconds
Computing Block 72 out of 796
Processing Block size=5
begin cleaner{left: ("[FunctionalDependency:(s: {brewery_id}, t: {state})]", 0.0), operator: *, right: (1.0, 1.0), result: 0.0}
列 'p' 不存在，对列 state 不过滤，直接选择所有非无效值。
Block processing time: 0.003604 seconds
Computing Block 74 out of 796
Processing Block size=5
begin cleaner{left: ("[FunctionalDependency:(s: {brewery_id}, t: {state})]", 0.0), operator: *, right: (1.0, 1.0), result: 0.0}
列 'p' 不存在，对列 state 不过滤，直接选择所有非无效值。
Block processing time: 0.003573 seconds
Computing Block 75 out of 796
Processing Block size=3
begin cleaner{left: ("[FunctionalDependency:(s: {brewery_id}, t: {state})]", 0.0), operator: *, right: (1.0, 1.0), result: 0.0}
列 'p' 不存在，对列 state 不过滤，直接选择所有非无效值。
Block processing time: 0.002248 seconds
Computing Block 76 out of 796
Processing Block size=3
begin cleaner{left: ("[FunctionalDependency:(s: {brewery_id}, t: {state})]", 0.0), operator: *, right: (1.0, 1.0), result: 0.0}
列 'p' 不存在，对列 state 不过滤，直接选择所有非无效值。
Block processing time: 0.002195 seconds
Computing Block 77 out of 796
Processing Block size=2
begin cleaner{left: ("[FunctionalDependency:(s: {brewery_id}, t: {state})]", 0.0), operator: *, right: (1.0, 1.0), result: 0.0}
列 'p' 不存在，对列 state 不过滤，直接选择所有非无效值。
Block processing time: 0.001494 seconds
Computing Block 79 out of 796
Processing Block size=3
begin cleaner{left: ("[FunctionalDependency:(s: {brewery_id}, t: {state})]", 0.0), operator: *, right: (1.0, 1.0), result: 0.0}
列 'p' 不存在，对列 state 不过滤，直接选择所有非无效值。
Block processing time: 0.002214 seconds
Computing Block 80 out of 796
Processing Block size=7
begin cleaner{left: ("[FunctionalDependency:(s: {brewery_id}, t: {state})]", 0.0), operator: *, right: (1.0, 1.0), result: 0.0}
列 'p' 不存在，对列 state 不过滤，直接选择所有非无效值。
Block processing time: 0.004965 seconds
Computing Block 81 out of 796
Processing Block size=2
begin cleaner{left: ("[FunctionalDependency:(s: {brewery_id}, t: {state})]", 0.0), operator: *, right: (1.0, 1.0), result: 0.0}
列 'p' 不存在，对列 state 不过滤，直接选择所有非无效值。
Block processing time: 0.001493 seconds
Computing Block 84 out of 796
Processing Block size=4
begin cleaner{left: ("[FunctionalDependency:(s: {brewery_id}, t: {state})]", 0.0), operator: *, right: (1.0, 1.0), result: 0.0}
列 'p' 不存在，对列 state 不过滤，直接选择所有非无效值。
Block processing time: 0.002936 seconds
Computing Block 85 out of 796
Processing Block size=3
begin cleaner{left: ("[FunctionalDependency:(s: {brewery_id}, t: {state})]", 0.0), operator: *, right: (1.0, 1.0), result: 0.0}
列 'p' 不存在，对列 state 不过滤，直接选择所有非无效值。
Block processing time: 0.002202 seconds
Computing Block 86 out of 796
Processing Block size=4
begin cleaner{left: ("[FunctionalDependency:(s: {brewery_id}, t: {state})]", 0.0), operator: *, right: (1.0, 1.0), result: 0.0}
列 'p' 不存在，对列 state 不过滤，直接选择所有非无效值。
Block processing time: 0.002914 seconds
Computing Block 89 out of 796
Processing Block size=4
begin cleaner{left: ("[FunctionalDependency:(s: {brewery_id}, t: {state})]", 0.0), operator: *, right: (1.0, 1.0), result: 0.0}
列 'p' 不存在，对列 state 不过滤，直接选择所有非无效值。
Block processing time: 0.002927 seconds
Computing Block 90 out of 796
Processing Block size=2
begin cleaner{left: ("[FunctionalDependency:(s: {brewery_id}, t: {state})]", 0.0), operator: *, right: (1.0, 1.0), result: 0.0}
列 'p' 不存在，对列 state 不过滤，直接选择所有非无效值。
Block processing time: 0.001504 seconds
Computing Block 91 out of 796
Processing Block size=12
begin cleaner{left: ("[FunctionalDependency:(s: {brewery_id}, t: {state})]", 0.0), operator: *, right: (1.0, 1.0), result: 0.0}
列 'p' 不存在，对列 state 不过滤，直接选择所有非无效值。
Block processing time: 0.008474 seconds
Computing Block 92 out of 796
Processing Block size=2
begin cleaner{left: ("[FunctionalDependency:(s: {brewery_id}, t: {state})]", 0.0), operator: *, right: (1.0, 1.0), result: 0.0}
列 'p' 不存在，对列 state 不过滤，直接选择所有非无效值。
Block processing time: 0.001502 seconds
Computing Block 95 out of 796
Processing Block size=10
begin cleaner{left: ("[FunctionalDependency:(s: {brewery_id}, t: {state})]", 0.0), operator: *, right: (1.0, 1.0), result: 0.0}
列 'p' 不存在，对列 state 不过滤，直接选择所有非无效值。
Block processing time: 0.007051 seconds
Computing Block 96 out of 796
Processing Block size=2
begin cleaner{left: ("[FunctionalDependency:(s: {brewery_id}, t: {state})]", 0.0), operator: *, right: (1.0, 1.0), result: 0.0}
列 'p' 不存在，对列 state 不过滤，直接选择所有非无效值。
Block processing time: 0.00161 seconds
Computing Block 97 out of 796
Processing Block size=8
begin cleaner{left: ("[FunctionalDependency:(s: {brewery_id}, t: {state})]", 0.0), operator: *, right: (1.0, 1.0), result: 0.0}
列 'p' 不存在，对列 state 不过滤，直接选择所有非无效值。
Block processing time: 0.005636 seconds
Computing Block 98 out of 796
Processing Block size=9
begin cleaner{left: ("[FunctionalDependency:(s: {brewery_id}, t: {state})]", 0.0), operator: *, right: (1.0, 1.0), result: 0.0}
列 'p' 不存在，对列 state 不过滤，直接选择所有非无效值。
Block processing time: 0.006347 seconds
Computing Block 100 out of 796
Processing Block size=2
begin cleaner{left: ("[FunctionalDependency:(s: {brewery_id}, t: {state})]", 0.0), operator: *, right: (1.0, 1.0), result: 0.0}
列 'p' 不存在，对列 state 不过滤，直接选择所有非无效值。
Block processing time: 0.00149 seconds
Computing Block 101 out of 796
Processing Block size=2
begin cleaner{left: ("[FunctionalDependency:(s: {brewery_id}, t: {state})]", 0.0), operator: *, right: (1.0, 1.0), result: 0.0}
列 'p' 不存在，对列 state 不过滤，直接选择所有非无效值。
Block processing time: 0.00153 seconds
Computing Block 102 out of 796
Processing Block size=4
begin cleaner{left: ("[FunctionalDependency:(s: {brewery_id}, t: {state})]", 0.0), operator: *, right: (1.0, 1.0), result: 0.0}
列 'p' 不存在，对列 state 不过滤，直接选择所有非无效值。
Block processing time: 0.002901 seconds
Computing Block 103 out of 796
Processing Block size=15
begin cleaner{left: ("[FunctionalDependency:(s: {brewery_id}, t: {state})]", 0.0), operator: *, right: (1.0, 1.0), result: 0.0}
列 'p' 不存在，对列 state 不过滤，直接选择所有非无效值。
Block processing time: 0.010559 seconds
Computing Block 105 out of 796
Processing Block size=7
begin cleaner{left: ("[FunctionalDependency:(s: {brewery_id}, t: {state})]", 0.0), operator: *, right: (1.0, 1.0), result: 0.0}
列 'p' 不存在，对列 state 不过滤，直接选择所有非无效值。
Block processing time: 0.005265 seconds
Computing Block 108 out of 796
Processing Block size=2
begin cleaner{left: ("[FunctionalDependency:(s: {brewery_id}, t: {state})]", 0.0), operator: *, right: (1.0, 1.0), result: 0.0}
列 'p' 不存在，对列 state 不过滤，直接选择所有非无效值。
Block processing time: 0.001599 seconds
Computing Block 109 out of 796
Processing Block size=9
begin cleaner{left: ("[FunctionalDependency:(s: {brewery_id}, t: {state})]", 0.0), operator: *, right: (1.0, 1.0), result: 0.0}
列 'p' 不存在，对列 state 不过滤，直接选择所有非无效值。
Block processing time: 0.006398 seconds
Computing Block 110 out of 796
Processing Block size=5
begin cleaner{left: ("[FunctionalDependency:(s: {brewery_id}, t: {state})]", 0.0), operator: *, right: (1.0, 1.0), result: 0.0}
列 'p' 不存在，对列 state 不过滤，直接选择所有非无效值。
Block processing time: 0.00365 seconds
Computing Block 111 out of 796
Processing Block size=6
begin cleaner{left: ("[FunctionalDependency:(s: {brewery_id}, t: {state})]", 0.0), operator: *, right: (1.0, 1.0), result: 0.0}
列 'p' 不存在，对列 state 不过滤，直接选择所有非无效值。
Block processing time: 0.00433 seconds
Computing Block 115 out of 796
Processing Block size=4
begin cleaner{left: ("[FunctionalDependency:(s: {brewery_id}, t: {state})]", 0.0), operator: *, right: (1.0, 1.0), result: 0.0}
列 'p' 不存在，对列 state 不过滤，直接选择所有非无效值。
Block processing time: 0.002903 seconds
Computing Block 116 out of 796
Processing Block size=2
begin cleaner{left: ("[FunctionalDependency:(s: {brewery_id}, t: {state})]", 0.0), operator: *, right: (1.0, 1.0), result: 0.0}
列 'p' 不存在，对列 state 不过滤，直接选择所有非无效值。
Block processing time: 0.001516 seconds
Computing Block 117 out of 796
Processing Block size=3
begin cleaner{left: ("[FunctionalDependency:(s: {brewery_id}, t: {state})]", 0.0), operator: *, right: (1.0, 1.0), result: 0.0}
列 'p' 不存在，对列 state 不过滤，直接选择所有非无效值。
Block processing time: 0.002247 seconds
Computing Block 119 out of 796
Processing Block size=3
begin cleaner{left: ("[FunctionalDependency:(s: {brewery_id}, t: {state})]", 0.0), operator: *, right: (1.0, 1.0), result: 0.0}
列 'p' 不存在，对列 state 不过滤，直接选择所有非无效值。
Block processing time: 0.002436 seconds
Computing Block 124 out of 796
Processing Block size=2
begin cleaner{left: ("[FunctionalDependency:(s: {brewery_id}, t: {state})]", 0.0), operator: *, right: (1.0, 1.0), result: 0.0}
列 'p' 不存在，对列 state 不过滤，直接选择所有非无效值。
Block processing time: 0.001612 seconds
Computing Block 125 out of 796
Processing Block size=4
begin cleaner{left: ("[FunctionalDependency:(s: {brewery_id}, t: {state})]", 0.0), operator: *, right: (1.0, 1.0), result: 0.0}
列 'p' 不存在，对列 state 不过滤，直接选择所有非无效值。
Block processing time: 0.00321 seconds
Computing Block 128 out of 796
Processing Block size=6
begin cleaner{left: ("[FunctionalDependency:(s: {brewery_id}, t: {state})]", 0.0), operator: *, right: (1.0, 1.0), result: 0.0}
列 'p' 不存在，对列 state 不过滤，直接选择所有非无效值。
Block processing time: 0.004546 seconds
Computing Block 130 out of 796
Processing Block size=4
begin cleaner{left: ("[FunctionalDependency:(s: {brewery_id}, t: {state})]", 0.0), operator: *, right: (1.0, 1.0), result: 0.0}
列 'p' 不存在，对列 state 不过滤，直接选择所有非无效值。
Block processing time: 0.002927 seconds
Computing Block 131 out of 796
Processing Block size=2
begin cleaner{left: ("[FunctionalDependency:(s: {brewery_id}, t: {state})]", 0.0), operator: *, right: (1.0, 1.0), result: 0.0}
列 'p' 不存在，对列 state 不过滤，直接选择所有非无效值。
Block processing time: 0.001525 seconds
Computing Block 132 out of 796
Processing Block size=3
begin cleaner{left: ("[FunctionalDependency:(s: {brewery_id}, t: {state})]", 0.0), operator: *, right: (1.0, 1.0), result: 0.0}
列 'p' 不存在，对列 state 不过滤，直接选择所有非无效值。
Block processing time: 0.002208 seconds
Computing Block 136 out of 796
Processing Block size=12
begin cleaner{left: ("[FunctionalDependency:(s: {brewery_id}, t: {state})]", 0.0), operator: *, right: (1.0, 1.0), result: 0.0}
列 'p' 不存在，对列 state 不过滤，直接选择所有非无效值。
Block processing time: 0.008553 seconds
Computing Block 138 out of 796
Processing Block size=11
begin cleaner{left: ("[FunctionalDependency:(s: {brewery_id}, t: {state})]", 0.0), operator: *, right: (1.0, 1.0), result: 0.0}
列 'p' 不存在，对列 state 不过滤，直接选择所有非无效值。
Block processing time: 0.007985 seconds
Computing Block 139 out of 796
Processing Block size=2
begin cleaner{left: ("[FunctionalDependency:(s: {brewery_id}, t: {state})]", 0.0), operator: *, right: (1.0, 1.0), result: 0.0}
列 'p' 不存在，对列 state 不过滤，直接选择所有非无效值。
Block processing time: 0.001511 seconds
Computing Block 140 out of 796
Processing Block size=7
begin cleaner{left: ("[FunctionalDependency:(s: {brewery_id}, t: {state})]", 0.0), operator: *, right: (1.0, 1.0), result: 0.0}
列 'p' 不存在，对列 state 不过滤，直接选择所有非无效值。
Block processing time: 0.004951 seconds
Computing Block 141 out of 796
Processing Block size=8
begin cleaner{left: ("[FunctionalDependency:(s: {brewery_id}, t: {state})]", 0.0), operator: *, right: (1.0, 1.0), result: 0.0}
列 'p' 不存在，对列 state 不过滤，直接选择所有非无效值。
Block processing time: 0.005637 seconds
Computing Block 142 out of 796
Processing Block size=2
begin cleaner{left: ("[FunctionalDependency:(s: {brewery_id}, t: {state})]", 0.0), operator: *, right: (1.0, 1.0), result: 0.0}
列 'p' 不存在，对列 state 不过滤，直接选择所有非无效值。
Block processing time: 0.001489 seconds
Computing Block 146 out of 796
Processing Block size=2
begin cleaner{left: ("[FunctionalDependency:(s: {brewery_id}, t: {state})]", 0.0), operator: *, right: (1.0, 1.0), result: 0.0}
列 'p' 不存在，对列 state 不过滤，直接选择所有非无效值。
Block processing time: 0.001492 seconds
Computing Block 147 out of 796
Processing Block size=4
begin cleaner{left: ("[FunctionalDependency:(s: {brewery_id}, t: {state})]", 0.0), operator: *, right: (1.0, 1.0), result: 0.0}
列 'p' 不存在，对列 state 不过滤，直接选择所有非无效值。
Block processing time: 0.002954 seconds
Computing Block 150 out of 796
Processing Block size=2
begin cleaner{left: ("[FunctionalDependency:(s: {brewery_id}, t: {state})]", 0.0), operator: *, right: (1.0, 1.0), result: 0.0}
列 'p' 不存在，对列 state 不过滤，直接选择所有非无效值。
Block processing time: 0.001495 seconds
Computing Block 152 out of 796
Processing Block size=2
begin cleaner{left: ("[FunctionalDependency:(s: {brewery_id}, t: {state})]", 0.0), operator: *, right: (1.0, 1.0), result: 0.0}
列 'p' 不存在，对列 state 不过滤，直接选择所有非无效值。
Block processing time: 0.001525 seconds
Computing Block 154 out of 796
Processing Block size=2
begin cleaner{left: ("[FunctionalDependency:(s: {brewery_id}, t: {state})]", 0.0), operator: *, right: (1.0, 1.0), result: 0.0}
列 'p' 不存在，对列 state 不过滤，直接选择所有非无效值。
Block processing time: 0.001501 seconds
Computing Block 156 out of 796
Processing Block size=4
begin cleaner{left: ("[FunctionalDependency:(s: {brewery_id}, t: {state})]", 0.0), operator: *, right: (1.0, 1.0), result: 0.0}
列 'p' 不存在，对列 state 不过滤，直接选择所有非无效值。
Block processing time: 0.002866 seconds
Computing Block 157 out of 796
Processing Block size=5
begin cleaner{left: ("[FunctionalDependency:(s: {brewery_id}, t: {state})]", 0.0), operator: *, right: (1.0, 1.0), result: 0.0}
列 'p' 不存在，对列 state 不过滤，直接选择所有非无效值。
Block processing time: 0.003558 seconds
Computing Block 161 out of 796
Processing Block size=6
begin cleaner{left: ("[FunctionalDependency:(s: {brewery_id}, t: {state})]", 0.0), operator: *, right: (1.0, 1.0), result: 0.0}
列 'p' 不存在，对列 state 不过滤，直接选择所有非无效值。
Block processing time: 0.004325 seconds
Computing Block 162 out of 796
Processing Block size=4
begin cleaner{left: ("[FunctionalDependency:(s: {brewery_id}, t: {state})]", 0.0), operator: *, right: (1.0, 1.0), result: 0.0}
列 'p' 不存在，对列 state 不过滤，直接选择所有非无效值。
Block processing time: 0.002931 seconds
Computing Block 163 out of 796
Processing Block size=3
begin cleaner{left: ("[FunctionalDependency:(s: {brewery_id}, t: {state})]", 0.0), operator: *, right: (1.0, 1.0), result: 0.0}
列 'p' 不存在，对列 state 不过滤，直接选择所有非无效值。
Block processing time: 0.00225 seconds
Computing Block 164 out of 796
Processing Block size=2
begin cleaner{left: ("[FunctionalDependency:(s: {brewery_id}, t: {state})]", 0.0), operator: *, right: (1.0, 1.0), result: 0.0}
列 'p' 不存在，对列 state 不过滤，直接选择所有非无效值。
Block processing time: 0.001573 seconds
Computing Block 166 out of 796
Processing Block size=4
begin cleaner{left: ("[FunctionalDependency:(s: {brewery_id}, t: {state})]", 0.0), operator: *, right: (1.0, 1.0), result: 0.0}
列 'p' 不存在，对列 state 不过滤，直接选择所有非无效值。
Block processing time: 0.002962 seconds
Computing Block 167 out of 796
Processing Block size=16
begin cleaner{left: ("[FunctionalDependency:(s: {brewery_id}, t: {state})]", 0.0), operator: *, right: (1.0, 1.0), result: 0.0}
列 'p' 不存在，对列 state 不过滤，直接选择所有非无效值。
Block processing time: 0.011178 seconds
Computing Block 168 out of 796
Processing Block size=4
begin cleaner{left: ("[FunctionalDependency:(s: {brewery_id}, t: {state})]", 0.0), operator: *, right: (1.0, 1.0), result: 0.0}
列 'p' 不存在，对列 state 不过滤，直接选择所有非无效值。
Block processing time: 0.002924 seconds
Computing Block 169 out of 796
Processing Block size=5
begin cleaner{left: ("[FunctionalDependency:(s: {brewery_id}, t: {state})]", 0.0), operator: *, right: (1.0, 1.0), result: 0.0}
列 'p' 不存在，对列 state 不过滤，直接选择所有非无效值。
Block processing time: 0.003564 seconds
Computing Block 172 out of 796
Processing Block size=3
begin cleaner{left: ("[FunctionalDependency:(s: {brewery_id}, t: {state})]", 0.0), operator: *, right: (1.0, 1.0), result: 0.0}
列 'p' 不存在，对列 state 不过滤，直接选择所有非无效值。
Block processing time: 0.002203 seconds
Computing Block 173 out of 796
Processing Block size=3
begin cleaner{left: ("[FunctionalDependency:(s: {brewery_id}, t: {state})]", 0.0), operator: *, right: (1.0, 1.0), result: 0.0}
列 'p' 不存在，对列 state 不过滤，直接选择所有非无效值。
Block processing time: 0.002257 seconds
Computing Block 175 out of 796
Processing Block size=3
begin cleaner{left: ("[FunctionalDependency:(s: {brewery_id}, t: {state})]", 0.0), operator: *, right: (1.0, 1.0), result: 0.0}
列 'p' 不存在，对列 state 不过滤，直接选择所有非无效值。
Block processing time: 0.002221 seconds
Computing Block 180 out of 796
Processing Block size=10
begin cleaner{left: ("[FunctionalDependency:(s: {brewery_id}, t: {state})]", 0.0), operator: *, right: (1.0, 1.0), result: 0.0}
列 'p' 不存在，对列 state 不过滤，直接选择所有非无效值。
Block processing time: 0.007017 seconds
Computing Block 181 out of 796
Processing Block size=4
begin cleaner{left: ("[FunctionalDependency:(s: {brewery_id}, t: {state})]", 0.0), operator: *, right: (1.0, 1.0), result: 0.0}
列 'p' 不存在，对列 state 不过滤，直接选择所有非无效值。
Block processing time: 0.002874 seconds
Computing Block 182 out of 796
Processing Block size=4
begin cleaner{left: ("[FunctionalDependency:(s: {brewery_id}, t: {state})]", 0.0), operator: *, right: (1.0, 1.0), result: 0.0}
列 'p' 不存在，对列 state 不过滤，直接选择所有非无效值。
Block processing time: 0.002867 seconds
Computing Block 184 out of 796
Processing Block size=2
begin cleaner{left: ("[FunctionalDependency:(s: {brewery_id}, t: {state})]", 0.0), operator: *, right: (1.0, 1.0), result: 0.0}
列 'p' 不存在，对列 state 不过滤，直接选择所有非无效值。
Block processing time: 0.001607 seconds
Computing Block 186 out of 796
Processing Block size=5
begin cleaner{left: ("[FunctionalDependency:(s: {brewery_id}, t: {state})]", 0.0), operator: *, right: (1.0, 1.0), result: 0.0}
列 'p' 不存在，对列 state 不过滤，直接选择所有非无效值。
Block processing time: 0.003856 seconds
Computing Block 189 out of 796
Processing Block size=3
begin cleaner{left: ("[FunctionalDependency:(s: {brewery_id}, t: {state})]", 0.0), operator: *, right: (1.0, 1.0), result: 0.0}
列 'p' 不存在，对列 state 不过滤，直接选择所有非无效值。
Block processing time: 0.002394 seconds
Computing Block 190 out of 796
Processing Block size=3
begin cleaner{left: ("[FunctionalDependency:(s: {brewery_id}, t: {state})]", 0.0), operator: *, right: (1.0, 1.0), result: 0.0}
列 'p' 不存在，对列 state 不过滤，直接选择所有非无效值。
Block processing time: 0.002356 seconds
Computing Block 191 out of 796
Processing Block size=2
begin cleaner{left: ("[FunctionalDependency:(s: {brewery_id}, t: {state})]", 0.0), operator: *, right: (1.0, 1.0), result: 0.0}
列 'p' 不存在，对列 state 不过滤，直接选择所有非无效值。
Block processing time: 0.0016 seconds
Computing Block 193 out of 796
Processing Block size=2
begin cleaner{left: ("[FunctionalDependency:(s: {brewery_id}, t: {state})]", 0.0), operator: *, right: (1.0, 1.0), result: 0.0}
列 'p' 不存在，对列 state 不过滤，直接选择所有非无效值。
Block processing time: 0.001609 seconds
Computing Block 194 out of 796
Processing Block size=2
begin cleaner{left: ("[FunctionalDependency:(s: {brewery_id}, t: {state})]", 0.0), operator: *, right: (1.0, 1.0), result: 0.0}
列 'p' 不存在，对列 state 不过滤，直接选择所有非无效值。
Block processing time: 0.001608 seconds
Computing Block 198 out of 796
Processing Block size=5
begin cleaner{left: ("[FunctionalDependency:(s: {brewery_id}, t: {state})]", 0.0), operator: *, right: (1.0, 1.0), result: 0.0}
列 'p' 不存在，对列 state 不过滤，直接选择所有非无效值。
Block processing time: 0.003868 seconds
Computing Block 201 out of 796
Processing Block size=3
begin cleaner{left: ("[FunctionalDependency:(s: {brewery_id}, t: {state})]", 0.0), operator: *, right: (1.0, 1.0), result: 0.0}
列 'p' 不存在，对列 state 不过滤，直接选择所有非无效值。
Block processing time: 0.002351 seconds
Computing Block 203 out of 796
Processing Block size=3
begin cleaner{left: ("[FunctionalDependency:(s: {brewery_id}, t: {state})]", 0.0), operator: *, right: (1.0, 1.0), result: 0.0}
列 'p' 不存在，对列 state 不过滤，直接选择所有非无效值。
Block processing time: 0.002368 seconds
Computing Block 204 out of 796
Processing Block size=3
begin cleaner{left: ("[FunctionalDependency:(s: {brewery_id}, t: {state})]", 0.0), operator: *, right: (1.0, 1.0), result: 0.0}
列 'p' 不存在，对列 state 不过滤，直接选择所有非无效值。
Block processing time: 0.002348 seconds
Computing Block 206 out of 796
Processing Block size=2
begin cleaner{left: ("[FunctionalDependency:(s: {brewery_id}, t: {state})]", 0.0), operator: *, right: (1.0, 1.0), result: 0.0}
列 'p' 不存在，对列 state 不过滤，直接选择所有非无效值。
Block processing time: 0.001671 seconds
Computing Block 207 out of 796
Processing Block size=7
begin cleaner{left: ("[FunctionalDependency:(s: {brewery_id}, t: {state})]", 0.0), operator: *, right: (1.0, 1.0), result: 0.0}
列 'p' 不存在，对列 state 不过滤，直接选择所有非无效值。
Block processing time: 0.005394 seconds
Computing Block 210 out of 796
Processing Block size=4
begin cleaner{left: ("[FunctionalDependency:(s: {brewery_id}, t: {state})]", 0.0), operator: *, right: (1.0, 1.0), result: 0.0}
列 'p' 不存在，对列 state 不过滤，直接选择所有非无效值。
Block processing time: 0.003106 seconds
Computing Block 211 out of 796
Processing Block size=2
begin cleaner{left: ("[FunctionalDependency:(s: {brewery_id}, t: {state})]", 0.0), operator: *, right: (1.0, 1.0), result: 0.0}
列 'p' 不存在，对列 state 不过滤，直接选择所有非无效值。
Block processing time: 0.0016 seconds
Computing Block 212 out of 796
Processing Block size=5
begin cleaner{left: ("[FunctionalDependency:(s: {brewery_id}, t: {state})]", 0.0), operator: *, right: (1.0, 1.0), result: 0.0}
列 'p' 不存在，对列 state 不过滤，直接选择所有非无效值。
Block processing time: 0.003779 seconds
Computing Block 214 out of 796
Processing Block size=4
begin cleaner{left: ("[FunctionalDependency:(s: {brewery_id}, t: {state})]", 0.0), operator: *, right: (1.0, 1.0), result: 0.0}
列 'p' 不存在，对列 state 不过滤，直接选择所有非无效值。
Block processing time: 0.002918 seconds
Computing Block 215 out of 796
Processing Block size=4
begin cleaner{left: ("[FunctionalDependency:(s: {brewery_id}, t: {state})]", 0.0), operator: *, right: (1.0, 1.0), result: 0.0}
列 'p' 不存在，对列 state 不过滤，直接选择所有非无效值。
Block processing time: 0.002903 seconds
Computing Block 218 out of 796
Processing Block size=3
begin cleaner{left: ("[FunctionalDependency:(s: {brewery_id}, t: {state})]", 0.0), operator: *, right: (1.0, 1.0), result: 0.0}
列 'p' 不存在，对列 state 不过滤，直接选择所有非无效值。
Block processing time: 0.002245 seconds
Computing Block 219 out of 796
Processing Block size=3
begin cleaner{left: ("[FunctionalDependency:(s: {brewery_id}, t: {state})]", 0.0), operator: *, right: (1.0, 1.0), result: 0.0}
列 'p' 不存在，对列 state 不过滤，直接选择所有非无效值。
Block processing time: 0.002233 seconds
Computing Block 220 out of 796
Processing Block size=7
begin cleaner{left: ("[FunctionalDependency:(s: {brewery_id}, t: {state})]", 0.0), operator: *, right: (1.0, 1.0), result: 0.0}
列 'p' 不存在，对列 state 不过滤，直接选择所有非无效值。
Block processing time: 0.00493 seconds
Computing Block 227 out of 796
Processing Block size=3
begin cleaner{left: ("[FunctionalDependency:(s: {brewery_id}, t: {state})]", 0.0), operator: *, right: (1.0, 1.0), result: 0.0}
列 'p' 不存在，对列 state 不过滤，直接选择所有非无效值。
Block processing time: 0.002255 seconds
Computing Block 235 out of 796
Processing Block size=60
begin cleaner{left: ("[FunctionalDependency:(s: {brewery_id}, t: {state})]", 0.0), operator: *, right: (1.0, 1.0), result: 0.0}
列 'p' 不存在，对列 state 不过滤，直接选择所有非无效值。
Block processing time: 0.042221 seconds
Computing Block 236 out of 796
Processing Block size=2
begin cleaner{left: ("[FunctionalDependency:(s: {brewery_id}, t: {state})]", 0.0), operator: *, right: (1.0, 1.0), result: 0.0}
列 'p' 不存在，对列 state 不过滤，直接选择所有非无效值。
Block processing time: 0.001507 seconds
Computing Block 238 out of 796
Processing Block size=5
begin cleaner{left: ("[FunctionalDependency:(s: {brewery_id}, t: {state})]", 0.0), operator: *, right: (1.0, 1.0), result: 0.0}
列 'p' 不存在，对列 state 不过滤，直接选择所有非无效值。
Block processing time: 0.003589 seconds
Computing Block 241 out of 796
Processing Block size=4
begin cleaner{left: ("[FunctionalDependency:(s: {brewery_id}, t: {state})]", 0.0), operator: *, right: (1.0, 1.0), result: 0.0}
列 'p' 不存在，对列 state 不过滤，直接选择所有非无效值。
Block processing time: 0.002869 seconds
Computing Block 243 out of 796
Processing Block size=6
begin cleaner{left: ("[FunctionalDependency:(s: {brewery_id}, t: {state})]", 0.0), operator: *, right: (1.0, 1.0), result: 0.0}
列 'p' 不存在，对列 state 不过滤，直接选择所有非无效值。
Block processing time: 0.004254 seconds
Computing Block 244 out of 796
Processing Block size=2
begin cleaner{left: ("[FunctionalDependency:(s: {brewery_id}, t: {state})]", 0.0), operator: *, right: (1.0, 1.0), result: 0.0}
列 'p' 不存在，对列 state 不过滤，直接选择所有非无效值。
Block processing time: 0.001539 seconds
Computing Block 245 out of 796
Processing Block size=5
begin cleaner{left: ("[FunctionalDependency:(s: {brewery_id}, t: {state})]", 0.0), operator: *, right: (1.0, 1.0), result: 0.0}
列 'p' 不存在，对列 state 不过滤，直接选择所有非无效值。
Block processing time: 0.003573 seconds
Computing Block 248 out of 796
Processing Block size=3
begin cleaner{left: ("[FunctionalDependency:(s: {brewery_id}, t: {state})]", 0.0), operator: *, right: (1.0, 1.0), result: 0.0}
列 'p' 不存在，对列 state 不过滤，直接选择所有非无效值。
Block processing time: 0.002185 seconds
Computing Block 249 out of 796
Processing Block size=8
begin cleaner{left: ("[FunctionalDependency:(s: {brewery_id}, t: {state})]", 0.0), operator: *, right: (1.0, 1.0), result: 0.0}
列 'p' 不存在，对列 state 不过滤，直接选择所有非无效值。
Block processing time: 0.005659 seconds
Computing Block 250 out of 796
Processing Block size=3
begin cleaner{left: ("[FunctionalDependency:(s: {brewery_id}, t: {state})]", 0.0), operator: *, right: (1.0, 1.0), result: 0.0}
列 'p' 不存在，对列 state 不过滤，直接选择所有非无效值。
Block processing time: 0.002177 seconds
Computing Block 251 out of 796
Processing Block size=2
begin cleaner{left: ("[FunctionalDependency:(s: {brewery_id}, t: {state})]", 0.0), operator: *, right: (1.0, 1.0), result: 0.0}
列 'p' 不存在，对列 state 不过滤，直接选择所有非无效值。
Block processing time: 0.001488 seconds
Computing Block 253 out of 796
Processing Block size=5
begin cleaner{left: ("[FunctionalDependency:(s: {brewery_id}, t: {state})]", 0.0), operator: *, right: (1.0, 1.0), result: 0.0}
列 'p' 不存在，对列 state 不过滤，直接选择所有非无效值。
Block processing time: 0.00357 seconds
Computing Block 254 out of 796
Processing Block size=5
begin cleaner{left: ("[FunctionalDependency:(s: {brewery_id}, t: {state})]", 0.0), operator: *, right: (1.0, 1.0), result: 0.0}
列 'p' 不存在，对列 state 不过滤，直接选择所有非无效值。
Block processing time: 0.003563 seconds
Computing Block 258 out of 796
Processing Block size=2
begin cleaner{left: ("[FunctionalDependency:(s: {brewery_id}, t: {state})]", 0.0), operator: *, right: (1.0, 1.0), result: 0.0}
列 'p' 不存在，对列 state 不过滤，直接选择所有非无效值。
Block processing time: 0.001594 seconds
Computing Block 259 out of 796
Processing Block size=6
begin cleaner{left: ("[FunctionalDependency:(s: {brewery_id}, t: {state})]", 0.0), operator: *, right: (1.0, 1.0), result: 0.0}
列 'p' 不存在，对列 state 不过滤，直接选择所有非无效值。
Block processing time: 0.004287 seconds
Computing Block 264 out of 796
Processing Block size=3
begin cleaner{left: ("[FunctionalDependency:(s: {brewery_id}, t: {state})]", 0.0), operator: *, right: (1.0, 1.0), result: 0.0}
列 'p' 不存在，对列 state 不过滤，直接选择所有非无效值。
Block processing time: 0.002192 seconds
Computing Block 267 out of 796
Processing Block size=3
begin cleaner{left: ("[FunctionalDependency:(s: {brewery_id}, t: {state})]", 0.0), operator: *, right: (1.0, 1.0), result: 0.0}
列 'p' 不存在，对列 state 不过滤，直接选择所有非无效值。
Block processing time: 0.002204 seconds
Computing Block 269 out of 796
Processing Block size=7
begin cleaner{left: ("[FunctionalDependency:(s: {brewery_id}, t: {state})]", 0.0), operator: *, right: (1.0, 1.0), result: 0.0}
列 'p' 不存在，对列 state 不过滤，直接选择所有非无效值。
Block processing time: 0.004936 seconds
Computing Block 270 out of 796
Processing Block size=3
begin cleaner{left: ("[FunctionalDependency:(s: {brewery_id}, t: {state})]", 0.0), operator: *, right: (1.0, 1.0), result: 0.0}
列 'p' 不存在，对列 state 不过滤，直接选择所有非无效值。
Block processing time: 0.002185 seconds
Computing Block 272 out of 796
Processing Block size=2
begin cleaner{left: ("[FunctionalDependency:(s: {brewery_id}, t: {state})]", 0.0), operator: *, right: (1.0, 1.0), result: 0.0}
列 'p' 不存在，对列 state 不过滤，直接选择所有非无效值。
Block processing time: 0.001509 seconds
Computing Block 273 out of 796
Processing Block size=2
begin cleaner{left: ("[FunctionalDependency:(s: {brewery_id}, t: {state})]", 0.0), operator: *, right: (1.0, 1.0), result: 0.0}
列 'p' 不存在，对列 state 不过滤，直接选择所有非无效值。
Block processing time: 0.001517 seconds
Computing Block 276 out of 796
Processing Block size=4
begin cleaner{left: ("[FunctionalDependency:(s: {brewery_id}, t: {state})]", 0.0), operator: *, right: (1.0, 1.0), result: 0.0}
列 'p' 不存在，对列 state 不过滤，直接选择所有非无效值。
Block processing time: 0.002917 seconds
Computing Block 277 out of 796
Processing Block size=9
begin cleaner{left: ("[FunctionalDependency:(s: {brewery_id}, t: {state})]", 0.0), operator: *, right: (1.0, 1.0), result: 0.0}
列 'p' 不存在，对列 state 不过滤，直接选择所有非无效值。
Block processing time: 0.006317 seconds
Computing Block 280 out of 796
Processing Block size=7
begin cleaner{left: ("[FunctionalDependency:(s: {brewery_id}, t: {state})]", 0.0), operator: *, right: (1.0, 1.0), result: 0.0}
列 'p' 不存在，对列 state 不过滤，直接选择所有非无效值。
Block processing time: 0.00494 seconds
Computing Block 281 out of 796
Processing Block size=2
begin cleaner{left: ("[FunctionalDependency:(s: {brewery_id}, t: {state})]", 0.0), operator: *, right: (1.0, 1.0), result: 0.0}
列 'p' 不存在，对列 state 不过滤，直接选择所有非无效值。
Block processing time: 0.001491 seconds
Computing Block 283 out of 796
Processing Block size=2
begin cleaner{left: ("[FunctionalDependency:(s: {brewery_id}, t: {state})]", 0.0), operator: *, right: (1.0, 1.0), result: 0.0}
列 'p' 不存在，对列 state 不过滤，直接选择所有非无效值。
Block processing time: 0.001495 seconds
Computing Block 285 out of 796
Processing Block size=3
begin cleaner{left: ("[FunctionalDependency:(s: {brewery_id}, t: {state})]", 0.0), operator: *, right: (1.0, 1.0), result: 0.0}
列 'p' 不存在，对列 state 不过滤，直接选择所有非无效值。
Block processing time: 0.002186 seconds
Computing Block 289 out of 796
Processing Block size=16
begin cleaner{left: ("[FunctionalDependency:(s: {brewery_id}, t: {state})]", 0.0), operator: *, right: (1.0, 1.0), result: 0.0}
列 'p' 不存在，对列 state 不过滤，直接选择所有非无效值。
Block processing time: 0.011213 seconds
Computing Block 290 out of 796
Processing Block size=2
begin cleaner{left: ("[FunctionalDependency:(s: {brewery_id}, t: {state})]", 0.0), operator: *, right: (1.0, 1.0), result: 0.0}
列 'p' 不存在，对列 state 不过滤，直接选择所有非无效值。
Block processing time: 0.001525 seconds
Computing Block 291 out of 796
Processing Block size=5
begin cleaner{left: ("[FunctionalDependency:(s: {brewery_id}, t: {state})]", 0.0), operator: *, right: (1.0, 1.0), result: 0.0}
列 'p' 不存在，对列 state 不过滤，直接选择所有非无效值。
Block processing time: 0.003611 seconds
Computing Block 292 out of 796
Processing Block size=3
begin cleaner{left: ("[FunctionalDependency:(s: {brewery_id}, t: {state})]", 0.0), operator: *, right: (1.0, 1.0), result: 0.0}
列 'p' 不存在，对列 state 不过滤，直接选择所有非无效值。
Block processing time: 0.002171 seconds
Computing Block 295 out of 796
Processing Block size=17
begin cleaner{left: ("[FunctionalDependency:(s: {brewery_id}, t: {state})]", 0.0), operator: *, right: (1.0, 1.0), result: 0.0}
列 'p' 不存在，对列 state 不过滤，直接选择所有非无效值。
Block processing time: 0.012003 seconds
Computing Block 297 out of 796
Processing Block size=2
begin cleaner{left: ("[FunctionalDependency:(s: {brewery_id}, t: {state})]", 0.0), operator: *, right: (1.0, 1.0), result: 0.0}
列 'p' 不存在，对列 state 不过滤，直接选择所有非无效值。
Block processing time: 0.001511 seconds
Computing Block 299 out of 796
Processing Block size=2
begin cleaner{left: ("[FunctionalDependency:(s: {brewery_id}, t: {state})]", 0.0), operator: *, right: (1.0, 1.0), result: 0.0}
列 'p' 不存在，对列 state 不过滤，直接选择所有非无效值。
Block processing time: 0.00149 seconds
Computing Block 305 out of 796
Processing Block size=2
begin cleaner{left: ("[FunctionalDependency:(s: {brewery_id}, t: {state})]", 0.0), operator: *, right: (1.0, 1.0), result: 0.0}
列 'p' 不存在，对列 state 不过滤，直接选择所有非无效值。
Block processing time: 0.001492 seconds
Computing Block 306 out of 796
Processing Block size=3
begin cleaner{left: ("[FunctionalDependency:(s: {brewery_id}, t: {state})]", 0.0), operator: *, right: (1.0, 1.0), result: 0.0}
列 'p' 不存在，对列 state 不过滤，直接选择所有非无效值。
Block processing time: 0.002186 seconds
Computing Block 308 out of 796
Processing Block size=3
begin cleaner{left: ("[FunctionalDependency:(s: {brewery_id}, t: {state})]", 0.0), operator: *, right: (1.0, 1.0), result: 0.0}
列 'p' 不存在，对列 state 不过滤，直接选择所有非无效值。
Block processing time: 0.002259 seconds
Computing Block 309 out of 796
Processing Block size=3
begin cleaner{left: ("[FunctionalDependency:(s: {brewery_id}, t: {state})]", 0.0), operator: *, right: (1.0, 1.0), result: 0.0}
列 'p' 不存在，对列 state 不过滤，直接选择所有非无效值。
Block processing time: 0.002235 seconds
Computing Block 311 out of 796
Processing Block size=2
begin cleaner{left: ("[FunctionalDependency:(s: {brewery_id}, t: {state})]", 0.0), operator: *, right: (1.0, 1.0), result: 0.0}
列 'p' 不存在，对列 state 不过滤，直接选择所有非无效值。
Block processing time: 0.001487 seconds
Computing Block 313 out of 796
Processing Block size=2
begin cleaner{left: ("[FunctionalDependency:(s: {brewery_id}, t: {state})]", 0.0), operator: *, right: (1.0, 1.0), result: 0.0}
列 'p' 不存在，对列 state 不过滤，直接选择所有非无效值。
Block processing time: 0.001479 seconds
Computing Block 314 out of 796
Processing Block size=13
begin cleaner{left: ("[FunctionalDependency:(s: {brewery_id}, t: {state})]", 0.0), operator: *, right: (1.0, 1.0), result: 0.0}
列 'p' 不存在，对列 state 不过滤，直接选择所有非无效值。
Block processing time: 0.009118 seconds
Computing Block 317 out of 796
Processing Block size=2
begin cleaner{left: ("[FunctionalDependency:(s: {brewery_id}, t: {state})]", 0.0), operator: *, right: (1.0, 1.0), result: 0.0}
列 'p' 不存在，对列 state 不过滤，直接选择所有非无效值。
Block processing time: 0.00149 seconds
Computing Block 318 out of 796
Processing Block size=4
begin cleaner{left: ("[FunctionalDependency:(s: {brewery_id}, t: {state})]", 0.0), operator: *, right: (1.0, 1.0), result: 0.0}
列 'p' 不存在，对列 state 不过滤，直接选择所有非无效值。
Block processing time: 0.002919 seconds
Computing Block 319 out of 796
Processing Block size=2
begin cleaner{left: ("[FunctionalDependency:(s: {brewery_id}, t: {state})]", 0.0), operator: *, right: (1.0, 1.0), result: 0.0}
列 'p' 不存在，对列 state 不过滤，直接选择所有非无效值。
Block processing time: 0.001536 seconds
Computing Block 320 out of 796
Processing Block size=3
begin cleaner{left: ("[FunctionalDependency:(s: {brewery_id}, t: {state})]", 0.0), operator: *, right: (1.0, 1.0), result: 0.0}
列 'p' 不存在，对列 state 不过滤，直接选择所有非无效值。
Block processing time: 0.002183 seconds
Computing Block 322 out of 796
Processing Block size=7
begin cleaner{left: ("[FunctionalDependency:(s: {brewery_id}, t: {state})]", 0.0), operator: *, right: (1.0, 1.0), result: 0.0}
列 'p' 不存在，对列 state 不过滤，直接选择所有非无效值。
Block processing time: 0.004991 seconds
Computing Block 323 out of 796
Processing Block size=14
begin cleaner{left: ("[FunctionalDependency:(s: {brewery_id}, t: {state})]", 0.0), operator: *, right: (1.0, 1.0), result: 0.0}
列 'p' 不存在，对列 state 不过滤，直接选择所有非无效值。
Block processing time: 0.009901 seconds
Computing Block 324 out of 796
Processing Block size=3
begin cleaner{left: ("[FunctionalDependency:(s: {brewery_id}, t: {state})]", 0.0), operator: *, right: (1.0, 1.0), result: 0.0}
列 'p' 不存在，对列 state 不过滤，直接选择所有非无效值。
Block processing time: 0.002203 seconds
Computing Block 326 out of 796
Processing Block size=5
begin cleaner{left: ("[FunctionalDependency:(s: {brewery_id}, t: {state})]", 0.0), operator: *, right: (1.0, 1.0), result: 0.0}
列 'p' 不存在，对列 state 不过滤，直接选择所有非无效值。
Block processing time: 0.003564 seconds
Computing Block 331 out of 796
Processing Block size=2
begin cleaner{left: ("[FunctionalDependency:(s: {brewery_id}, t: {state})]", 0.0), operator: *, right: (1.0, 1.0), result: 0.0}
列 'p' 不存在，对列 state 不过滤，直接选择所有非无效值。
Block processing time: 0.001497 seconds
Computing Block 332 out of 796
Processing Block size=8
begin cleaner{left: ("[FunctionalDependency:(s: {brewery_id}, t: {state})]", 0.0), operator: *, right: (1.0, 1.0), result: 0.0}
列 'p' 不存在，对列 state 不过滤，直接选择所有非无效值。
Block processing time: 0.005692 seconds
Computing Block 333 out of 796
Processing Block size=2
begin cleaner{left: ("[FunctionalDependency:(s: {brewery_id}, t: {state})]", 0.0), operator: *, right: (1.0, 1.0), result: 0.0}
列 'p' 不存在，对列 state 不过滤，直接选择所有非无效值。
Block processing time: 0.001495 seconds
Computing Block 334 out of 796
Processing Block size=3
begin cleaner{left: ("[FunctionalDependency:(s: {brewery_id}, t: {state})]", 0.0), operator: *, right: (1.0, 1.0), result: 0.0}
列 'p' 不存在，对列 state 不过滤，直接选择所有非无效值。
Block processing time: 0.002192 seconds
Computing Block 335 out of 796
Processing Block size=3
begin cleaner{left: ("[FunctionalDependency:(s: {brewery_id}, t: {state})]", 0.0), operator: *, right: (1.0, 1.0), result: 0.0}
列 'p' 不存在，对列 state 不过滤，直接选择所有非无效值。
Block processing time: 0.00224 seconds
Computing Block 336 out of 796
Processing Block size=2
begin cleaner{left: ("[FunctionalDependency:(s: {brewery_id}, t: {state})]", 0.0), operator: *, right: (1.0, 1.0), result: 0.0}
列 'p' 不存在，对列 state 不过滤，直接选择所有非无效值。
Block processing time: 0.001497 seconds
Computing Block 338 out of 796
Processing Block size=22
begin cleaner{left: ("[FunctionalDependency:(s: {brewery_id}, t: {state})]", 0.0), operator: *, right: (1.0, 1.0), result: 0.0}
列 'p' 不存在，对列 state 不过滤，直接选择所有非无效值。
Block processing time: 0.015317 seconds
Computing Block 340 out of 796
Processing Block size=4
begin cleaner{left: ("[FunctionalDependency:(s: {brewery_id}, t: {state})]", 0.0), operator: *, right: (1.0, 1.0), result: 0.0}
列 'p' 不存在，对列 state 不过滤，直接选择所有非无效值。
Block processing time: 0.002903 seconds
Computing Block 343 out of 796
Processing Block size=9
begin cleaner{left: ("[FunctionalDependency:(s: {brewery_id}, t: {state})]", 0.0), operator: *, right: (1.0, 1.0), result: 0.0}
列 'p' 不存在，对列 state 不过滤，直接选择所有非无效值。
Block processing time: 0.006341 seconds
Computing Block 346 out of 796
Processing Block size=2
begin cleaner{left: ("[FunctionalDependency:(s: {brewery_id}, t: {state})]", 0.0), operator: *, right: (1.0, 1.0), result: 0.0}
列 'p' 不存在，对列 state 不过滤，直接选择所有非无效值。
Block processing time: 0.001492 seconds
Computing Block 347 out of 796
Processing Block size=6
begin cleaner{left: ("[FunctionalDependency:(s: {brewery_id}, t: {state})]", 0.0), operator: *, right: (1.0, 1.0), result: 0.0}
列 'p' 不存在，对列 state 不过滤，直接选择所有非无效值。
Block processing time: 0.004319 seconds
Computing Block 349 out of 796
Processing Block size=4
begin cleaner{left: ("[FunctionalDependency:(s: {brewery_id}, t: {state})]", 0.0), operator: *, right: (1.0, 1.0), result: 0.0}
列 'p' 不存在，对列 state 不过滤，直接选择所有非无效值。
Block processing time: 0.002871 seconds
Computing Block 353 out of 796
Processing Block size=2
begin cleaner{left: ("[FunctionalDependency:(s: {brewery_id}, t: {state})]", 0.0), operator: *, right: (1.0, 1.0), result: 0.0}
列 'p' 不存在，对列 state 不过滤，直接选择所有非无效值。
Block processing time: 0.001491 seconds
Computing Block 357 out of 796
Processing Block size=7
begin cleaner{left: ("[FunctionalDependency:(s: {brewery_id}, t: {state})]", 0.0), operator: *, right: (1.0, 1.0), result: 0.0}
列 'p' 不存在，对列 state 不过滤，直接选择所有非无效值。
Block processing time: 0.004973 seconds
Computing Block 360 out of 796
Processing Block size=7
begin cleaner{left: ("[FunctionalDependency:(s: {brewery_id}, t: {state})]", 0.0), operator: *, right: (1.0, 1.0), result: 0.0}
列 'p' 不存在，对列 state 不过滤，直接选择所有非无效值。
Block processing time: 0.004989 seconds
Computing Block 363 out of 796
Processing Block size=6
begin cleaner{left: ("[FunctionalDependency:(s: {brewery_id}, t: {state})]", 0.0), operator: *, right: (1.0, 1.0), result: 0.0}
列 'p' 不存在，对列 state 不过滤，直接选择所有非无效值。
Block processing time: 0.004259 seconds
Computing Block 369 out of 796
Processing Block size=3
begin cleaner{left: ("[FunctionalDependency:(s: {brewery_id}, t: {state})]", 0.0), operator: *, right: (1.0, 1.0), result: 0.0}
列 'p' 不存在，对列 state 不过滤，直接选择所有非无效值。
Block processing time: 0.002183 seconds
Computing Block 370 out of 796
Processing Block size=4
begin cleaner{left: ("[FunctionalDependency:(s: {brewery_id}, t: {state})]", 0.0), operator: *, right: (1.0, 1.0), result: 0.0}
列 'p' 不存在，对列 state 不过滤，直接选择所有非无效值。
Block processing time: 0.002932 seconds
Computing Block 373 out of 796
Processing Block size=3
begin cleaner{left: ("[FunctionalDependency:(s: {brewery_id}, t: {state})]", 0.0), operator: *, right: (1.0, 1.0), result: 0.0}
列 'p' 不存在，对列 state 不过滤，直接选择所有非无效值。
Block processing time: 0.002245 seconds
Computing Block 374 out of 796
Processing Block size=2
begin cleaner{left: ("[FunctionalDependency:(s: {brewery_id}, t: {state})]", 0.0), operator: *, right: (1.0, 1.0), result: 0.0}
列 'p' 不存在，对列 state 不过滤，直接选择所有非无效值。
Block processing time: 0.001511 seconds
Computing Block 375 out of 796
Processing Block size=2
begin cleaner{left: ("[FunctionalDependency:(s: {brewery_id}, t: {state})]", 0.0), operator: *, right: (1.0, 1.0), result: 0.0}
列 'p' 不存在，对列 state 不过滤，直接选择所有非无效值。
Block processing time: 0.001486 seconds
Computing Block 379 out of 796
Processing Block size=11
begin cleaner{left: ("[FunctionalDependency:(s: {brewery_id}, t: {state})]", 0.0), operator: *, right: (1.0, 1.0), result: 0.0}
列 'p' 不存在，对列 state 不过滤，直接选择所有非无效值。
Block processing time: 0.007793 seconds
Computing Block 381 out of 796
Processing Block size=9
begin cleaner{left: ("[FunctionalDependency:(s: {brewery_id}, t: {state})]", 0.0), operator: *, right: (1.0, 1.0), result: 0.0}
列 'p' 不存在，对列 state 不过滤，直接选择所有非无效值。
Block processing time: 0.006322 seconds
Computing Block 382 out of 796
Processing Block size=2
begin cleaner{left: ("[FunctionalDependency:(s: {brewery_id}, t: {state})]", 0.0), operator: *, right: (1.0, 1.0), result: 0.0}
列 'p' 不存在，对列 state 不过滤，直接选择所有非无效值。
Block processing time: 0.001498 seconds
Computing Block 384 out of 796
Processing Block size=2
begin cleaner{left: ("[FunctionalDependency:(s: {brewery_id}, t: {state})]", 0.0), operator: *, right: (1.0, 1.0), result: 0.0}
列 'p' 不存在，对列 state 不过滤，直接选择所有非无效值。
Block processing time: 0.001519 seconds
Computing Block 385 out of 796
Processing Block size=3
begin cleaner{left: ("[FunctionalDependency:(s: {brewery_id}, t: {state})]", 0.0), operator: *, right: (1.0, 1.0), result: 0.0}
列 'p' 不存在，对列 state 不过滤，直接选择所有非无效值。
Block processing time: 0.002195 seconds
Computing Block 386 out of 796
Processing Block size=2
begin cleaner{left: ("[FunctionalDependency:(s: {brewery_id}, t: {state})]", 0.0), operator: *, right: (1.0, 1.0), result: 0.0}
列 'p' 不存在，对列 state 不过滤，直接选择所有非无效值。
Block processing time: 0.001492 seconds
Computing Block 393 out of 796
Processing Block size=2
begin cleaner{left: ("[FunctionalDependency:(s: {brewery_id}, t: {state})]", 0.0), operator: *, right: (1.0, 1.0), result: 0.0}
列 'p' 不存在，对列 state 不过滤，直接选择所有非无效值。
Block processing time: 0.001503 seconds
Computing Block 396 out of 796
Processing Block size=5
begin cleaner{left: ("[FunctionalDependency:(s: {brewery_id}, t: {state})]", 0.0), operator: *, right: (1.0, 1.0), result: 0.0}
列 'p' 不存在，对列 state 不过滤，直接选择所有非无效值。
Block processing time: 0.0036 seconds
Computing Block 397 out of 796
Processing Block size=5
begin cleaner{left: ("[FunctionalDependency:(s: {brewery_id}, t: {state})]", 0.0), operator: *, right: (1.0, 1.0), result: 0.0}
列 'p' 不存在，对列 state 不过滤，直接选择所有非无效值。
Block processing time: 0.003551 seconds
Computing Block 398 out of 796
Processing Block size=3
begin cleaner{left: ("[FunctionalDependency:(s: {brewery_id}, t: {state})]", 0.0), operator: *, right: (1.0, 1.0), result: 0.0}
列 'p' 不存在，对列 state 不过滤，直接选择所有非无效值。
Block processing time: 0.002169 seconds
Computing Block 399 out of 796
Processing Block size=2
begin cleaner{left: ("[FunctionalDependency:(s: {brewery_id}, t: {state})]", 0.0), operator: *, right: (1.0, 1.0), result: 0.0}
列 'p' 不存在，对列 state 不过滤，直接选择所有非无效值。
Block processing time: 0.00149 seconds
Computing Block 401 out of 796
Processing Block size=14
begin cleaner{left: ("[FunctionalDependency:(s: {brewery_id}, t: {state})]", 0.0), operator: *, right: (1.0, 1.0), result: 0.0}
列 'p' 不存在，对列 state 不过滤，直接选择所有非无效值。
Block processing time: 0.009843 seconds
Computing Block 406 out of 796
Processing Block size=2
begin cleaner{left: ("[FunctionalDependency:(s: {brewery_id}, t: {state})]", 0.0), operator: *, right: (1.0, 1.0), result: 0.0}
列 'p' 不存在，对列 state 不过滤，直接选择所有非无效值。
Block processing time: 0.001489 seconds
Computing Block 407 out of 796
Processing Block size=2
begin cleaner{left: ("[FunctionalDependency:(s: {brewery_id}, t: {state})]", 0.0), operator: *, right: (1.0, 1.0), result: 0.0}
列 'p' 不存在，对列 state 不过滤，直接选择所有非无效值。
Block processing time: 0.00149 seconds
Computing Block 411 out of 796
Processing Block size=4
begin cleaner{left: ("[FunctionalDependency:(s: {brewery_id}, t: {state})]", 0.0), operator: *, right: (1.0, 1.0), result: 0.0}
列 'p' 不存在，对列 state 不过滤，直接选择所有非无效值。
Block processing time: 0.002907 seconds
Computing Block 414 out of 796
Processing Block size=2
begin cleaner{left: ("[FunctionalDependency:(s: {brewery_id}, t: {state})]", 0.0), operator: *, right: (1.0, 1.0), result: 0.0}
列 'p' 不存在，对列 state 不过滤，直接选择所有非无效值。
Block processing time: 0.001496 seconds
Computing Block 415 out of 796
Processing Block size=3
begin cleaner{left: ("[FunctionalDependency:(s: {brewery_id}, t: {state})]", 0.0), operator: *, right: (1.0, 1.0), result: 0.0}
列 'p' 不存在，对列 state 不过滤，直接选择所有非无效值。
Block processing time: 0.002287 seconds
Computing Block 416 out of 796
Processing Block size=3
begin cleaner{left: ("[FunctionalDependency:(s: {brewery_id}, t: {state})]", 0.0), operator: *, right: (1.0, 1.0), result: 0.0}
列 'p' 不存在，对列 state 不过滤，直接选择所有非无效值。
Block processing time: 0.002184 seconds
Computing Block 418 out of 796
Processing Block size=4
begin cleaner{left: ("[FunctionalDependency:(s: {brewery_id}, t: {state})]", 0.0), operator: *, right: (1.0, 1.0), result: 0.0}
列 'p' 不存在，对列 state 不过滤，直接选择所有非无效值。
Block processing time: 0.002893 seconds
Computing Block 420 out of 796
Processing Block size=2
begin cleaner{left: ("[FunctionalDependency:(s: {brewery_id}, t: {state})]", 0.0), operator: *, right: (1.0, 1.0), result: 0.0}
列 'p' 不存在，对列 state 不过滤，直接选择所有非无效值。
Block processing time: 0.001517 seconds
Computing Block 421 out of 796
Processing Block size=3
begin cleaner{left: ("[FunctionalDependency:(s: {brewery_id}, t: {state})]", 0.0), operator: *, right: (1.0, 1.0), result: 0.0}
列 'p' 不存在，对列 state 不过滤，直接选择所有非无效值。
Block processing time: 0.002183 seconds
Computing Block 424 out of 796
Processing Block size=9
begin cleaner{left: ("[FunctionalDependency:(s: {brewery_id}, t: {state})]", 0.0), operator: *, right: (1.0, 1.0), result: 0.0}
列 'p' 不存在，对列 state 不过滤，直接选择所有非无效值。
Block processing time: 0.006362 seconds
Computing Block 428 out of 796
Processing Block size=5
begin cleaner{left: ("[FunctionalDependency:(s: {brewery_id}, t: {state})]", 0.0), operator: *, right: (1.0, 1.0), result: 0.0}
列 'p' 不存在，对列 state 不过滤，直接选择所有非无效值。
Block processing time: 0.003619 seconds
Computing Block 432 out of 796
Processing Block size=3
begin cleaner{left: ("[FunctionalDependency:(s: {brewery_id}, t: {state})]", 0.0), operator: *, right: (1.0, 1.0), result: 0.0}
列 'p' 不存在，对列 state 不过滤，直接选择所有非无效值。
Block processing time: 0.002184 seconds
Computing Block 433 out of 796
Processing Block size=11
begin cleaner{left: ("[FunctionalDependency:(s: {brewery_id}, t: {state})]", 0.0), operator: *, right: (1.0, 1.0), result: 0.0}
列 'p' 不存在，对列 state 不过滤，直接选择所有非无效值。
Block processing time: 0.007712 seconds
Computing Block 435 out of 796
Processing Block size=7
begin cleaner{left: ("[FunctionalDependency:(s: {brewery_id}, t: {state})]", 0.0), operator: *, right: (1.0, 1.0), result: 0.0}
列 'p' 不存在，对列 state 不过滤，直接选择所有非无效值。
Block processing time: 0.004989 seconds
Computing Block 436 out of 796
Processing Block size=2
begin cleaner{left: ("[FunctionalDependency:(s: {brewery_id}, t: {state})]", 0.0), operator: *, right: (1.0, 1.0), result: 0.0}
列 'p' 不存在，对列 state 不过滤，直接选择所有非无效值。
Block processing time: 0.001524 seconds
Computing Block 439 out of 796
Processing Block size=3
begin cleaner{left: ("[FunctionalDependency:(s: {brewery_id}, t: {state})]", 0.0), operator: *, right: (1.0, 1.0), result: 0.0}
列 'p' 不存在，对列 state 不过滤，直接选择所有非无效值。
Block processing time: 0.002247 seconds
Computing Block 443 out of 796
Processing Block size=4
begin cleaner{left: ("[FunctionalDependency:(s: {brewery_id}, t: {state})]", 0.0), operator: *, right: (1.0, 1.0), result: 0.0}
列 'p' 不存在，对列 state 不过滤，直接选择所有非无效值。
Block processing time: 0.002864 seconds
Computing Block 446 out of 796
Processing Block size=3
begin cleaner{left: ("[FunctionalDependency:(s: {brewery_id}, t: {state})]", 0.0), operator: *, right: (1.0, 1.0), result: 0.0}
列 'p' 不存在，对列 state 不过滤，直接选择所有非无效值。
Block processing time: 0.002197 seconds
Computing Block 447 out of 796
Processing Block size=4
begin cleaner{left: ("[FunctionalDependency:(s: {brewery_id}, t: {state})]", 0.0), operator: *, right: (1.0, 1.0), result: 0.0}
列 'p' 不存在，对列 state 不过滤，直接选择所有非无效值。
Block processing time: 0.002867 seconds
Computing Block 451 out of 796
Processing Block size=4
begin cleaner{left: ("[FunctionalDependency:(s: {brewery_id}, t: {state})]", 0.0), operator: *, right: (1.0, 1.0), result: 0.0}
列 'p' 不存在，对列 state 不过滤，直接选择所有非无效值。
Block processing time: 0.002884 seconds
Computing Block 453 out of 796
Processing Block size=6
begin cleaner{left: ("[FunctionalDependency:(s: {brewery_id}, t: {state})]", 0.0), operator: *, right: (1.0, 1.0), result: 0.0}
列 'p' 不存在，对列 state 不过滤，直接选择所有非无效值。
Block processing time: 0.004331 seconds
Computing Block 454 out of 796
Processing Block size=4
begin cleaner{left: ("[FunctionalDependency:(s: {brewery_id}, t: {state})]", 0.0), operator: *, right: (1.0, 1.0), result: 0.0}
列 'p' 不存在，对列 state 不过滤，直接选择所有非无效值。
Block processing time: 0.002869 seconds
Computing Block 455 out of 796
Processing Block size=13
begin cleaner{left: ("[FunctionalDependency:(s: {brewery_id}, t: {state})]", 0.0), operator: *, right: (1.0, 1.0), result: 0.0}
列 'p' 不存在，对列 state 不过滤，直接选择所有非无效值。
Block processing time: 0.009178 seconds
Computing Block 456 out of 796
Processing Block size=2
begin cleaner{left: ("[FunctionalDependency:(s: {brewery_id}, t: {state})]", 0.0), operator: *, right: (1.0, 1.0), result: 0.0}
列 'p' 不存在，对列 state 不过滤，直接选择所有非无效值。
Block processing time: 0.0015 seconds
Computing Block 457 out of 796
Processing Block size=2
begin cleaner{left: ("[FunctionalDependency:(s: {brewery_id}, t: {state})]", 0.0), operator: *, right: (1.0, 1.0), result: 0.0}
列 'p' 不存在，对列 state 不过滤，直接选择所有非无效值。
Block processing time: 0.00149 seconds
Computing Block 458 out of 796
Processing Block size=3
begin cleaner{left: ("[FunctionalDependency:(s: {brewery_id}, t: {state})]", 0.0), operator: *, right: (1.0, 1.0), result: 0.0}
列 'p' 不存在，对列 state 不过滤，直接选择所有非无效值。
Block processing time: 0.002188 seconds
Computing Block 460 out of 796
Processing Block size=4
begin cleaner{left: ("[FunctionalDependency:(s: {brewery_id}, t: {state})]", 0.0), operator: *, right: (1.0, 1.0), result: 0.0}
列 'p' 不存在，对列 state 不过滤，直接选择所有非无效值。
Block processing time: 0.00291 seconds
Computing Block 461 out of 796
Processing Block size=3
begin cleaner{left: ("[FunctionalDependency:(s: {brewery_id}, t: {state})]", 0.0), operator: *, right: (1.0, 1.0), result: 0.0}
列 'p' 不存在，对列 state 不过滤，直接选择所有非无效值。
Block processing time: 0.002187 seconds
Computing Block 466 out of 796
Processing Block size=2
begin cleaner{left: ("[FunctionalDependency:(s: {brewery_id}, t: {state})]", 0.0), operator: *, right: (1.0, 1.0), result: 0.0}
列 'p' 不存在，对列 state 不过滤，直接选择所有非无效值。
Block processing time: 0.001502 seconds
Computing Block 467 out of 796
Processing Block size=8
begin cleaner{left: ("[FunctionalDependency:(s: {brewery_id}, t: {state})]", 0.0), operator: *, right: (1.0, 1.0), result: 0.0}
列 'p' 不存在，对列 state 不过滤，直接选择所有非无效值。
Block processing time: 0.005615 seconds
Computing Block 468 out of 796
Processing Block size=6
begin cleaner{left: ("[FunctionalDependency:(s: {brewery_id}, t: {state})]", 0.0), operator: *, right: (1.0, 1.0), result: 0.0}
列 'p' 不存在，对列 state 不过滤，直接选择所有非无效值。
Block processing time: 0.004331 seconds
Computing Block 469 out of 796
Processing Block size=13
begin cleaner{left: ("[FunctionalDependency:(s: {brewery_id}, t: {state})]", 0.0), operator: *, right: (1.0, 1.0), result: 0.0}
列 'p' 不存在，对列 state 不过滤，直接选择所有非无效值。
Block processing time: 0.009126 seconds
Computing Block 470 out of 796
Processing Block size=2
begin cleaner{left: ("[FunctionalDependency:(s: {brewery_id}, t: {state})]", 0.0), operator: *, right: (1.0, 1.0), result: 0.0}
列 'p' 不存在，对列 state 不过滤，直接选择所有非无效值。
Block processing time: 0.001494 seconds
Computing Block 473 out of 796
Processing Block size=2
begin cleaner{left: ("[FunctionalDependency:(s: {brewery_id}, t: {state})]", 0.0), operator: *, right: (1.0, 1.0), result: 0.0}
列 'p' 不存在，对列 state 不过滤，直接选择所有非无效值。
Block processing time: 0.001501 seconds
Computing Block 476 out of 796
Processing Block size=2
begin cleaner{left: ("[FunctionalDependency:(s: {brewery_id}, t: {state})]", 0.0), operator: *, right: (1.0, 1.0), result: 0.0}
列 'p' 不存在，对列 state 不过滤，直接选择所有非无效值。
Block processing time: 0.001491 seconds
Computing Block 478 out of 796
Processing Block size=2
begin cleaner{left: ("[FunctionalDependency:(s: {brewery_id}, t: {state})]", 0.0), operator: *, right: (1.0, 1.0), result: 0.0}
列 'p' 不存在，对列 state 不过滤，直接选择所有非无效值。
Block processing time: 0.001484 seconds
Computing Block 479 out of 796
Processing Block size=15
begin cleaner{left: ("[FunctionalDependency:(s: {brewery_id}, t: {state})]", 0.0), operator: *, right: (1.0, 1.0), result: 0.0}
列 'p' 不存在，对列 state 不过滤，直接选择所有非无效值。
Block processing time: 0.010555 seconds
Computing Block 487 out of 796
Processing Block size=4
begin cleaner{left: ("[FunctionalDependency:(s: {brewery_id}, t: {state})]", 0.0), operator: *, right: (1.0, 1.0), result: 0.0}
列 'p' 不存在，对列 state 不过滤，直接选择所有非无效值。
Block processing time: 0.002867 seconds
Computing Block 491 out of 796
Processing Block size=6
begin cleaner{left: ("[FunctionalDependency:(s: {brewery_id}, t: {state})]", 0.0), operator: *, right: (1.0, 1.0), result: 0.0}
列 'p' 不存在，对列 state 不过滤，直接选择所有非无效值。
Block processing time: 0.004426 seconds
Computing Block 494 out of 796
Processing Block size=2
begin cleaner{left: ("[FunctionalDependency:(s: {brewery_id}, t: {state})]", 0.0), operator: *, right: (1.0, 1.0), result: 0.0}
列 'p' 不存在，对列 state 不过滤，直接选择所有非无效值。
Block processing time: 0.001621 seconds
Computing Block 495 out of 796
Processing Block size=9
begin cleaner{left: ("[FunctionalDependency:(s: {brewery_id}, t: {state})]", 0.0), operator: *, right: (1.0, 1.0), result: 0.0}
列 'p' 不存在，对列 state 不过滤，直接选择所有非无效值。
Block processing time: 0.006865 seconds
Computing Block 497 out of 796
Processing Block size=4
begin cleaner{left: ("[FunctionalDependency:(s: {brewery_id}, t: {state})]", 0.0), operator: *, right: (1.0, 1.0), result: 0.0}
列 'p' 不存在，对列 state 不过滤，直接选择所有非无效值。
Block processing time: 0.003171 seconds
Computing Block 499 out of 796
Processing Block size=3
begin cleaner{left: ("[FunctionalDependency:(s: {brewery_id}, t: {state})]", 0.0), operator: *, right: (1.0, 1.0), result: 0.0}
列 'p' 不存在，对列 state 不过滤，直接选择所有非无效值。
Block processing time: 0.002373 seconds
Computing Block 500 out of 796
Processing Block size=17
begin cleaner{left: ("[FunctionalDependency:(s: {brewery_id}, t: {state})]", 0.0), operator: *, right: (1.0, 1.0), result: 0.0}
列 'p' 不存在，对列 state 不过滤，直接选择所有非无效值。
Block processing time: 0.012957 seconds
Computing Block 502 out of 796
Processing Block size=2
begin cleaner{left: ("[FunctionalDependency:(s: {brewery_id}, t: {state})]", 0.0), operator: *, right: (1.0, 1.0), result: 0.0}
列 'p' 不存在，对列 state 不过滤，直接选择所有非无效值。
Block processing time: 0.001701 seconds
Computing Block 503 out of 796
Processing Block size=2
begin cleaner{left: ("[FunctionalDependency:(s: {brewery_id}, t: {state})]", 0.0), operator: *, right: (1.0, 1.0), result: 0.0}
列 'p' 不存在，对列 state 不过滤，直接选择所有非无效值。
Block processing time: 0.001624 seconds
Computing Block 504 out of 796
Processing Block size=12
begin cleaner{left: ("[FunctionalDependency:(s: {brewery_id}, t: {state})]", 0.0), operator: *, right: (1.0, 1.0), result: 0.0}
列 'p' 不存在，对列 state 不过滤，直接选择所有非无效值。
Block processing time: 0.008483 seconds
Computing Block 508 out of 796
Processing Block size=22
begin cleaner{left: ("[FunctionalDependency:(s: {brewery_id}, t: {state})]", 0.0), operator: *, right: (1.0, 1.0), result: 0.0}
列 'p' 不存在，对列 state 不过滤，直接选择所有非无效值。
Block processing time: 0.015347 seconds
Computing Block 510 out of 796
Processing Block size=8
begin cleaner{left: ("[FunctionalDependency:(s: {brewery_id}, t: {state})]", 0.0), operator: *, right: (1.0, 1.0), result: 0.0}
列 'p' 不存在，对列 state 不过滤，直接选择所有非无效值。
Block processing time: 0.005645 seconds
Computing Block 511 out of 796
Processing Block size=3
begin cleaner{left: ("[FunctionalDependency:(s: {brewery_id}, t: {state})]", 0.0), operator: *, right: (1.0, 1.0), result: 0.0}
列 'p' 不存在，对列 state 不过滤，直接选择所有非无效值。
Block processing time: 0.002203 seconds
Computing Block 514 out of 796
Processing Block size=7
begin cleaner{left: ("[FunctionalDependency:(s: {brewery_id}, t: {state})]", 0.0), operator: *, right: (1.0, 1.0), result: 0.0}
列 'p' 不存在，对列 state 不过滤，直接选择所有非无效值。
Block processing time: 0.004992 seconds
Computing Block 515 out of 796
Processing Block size=2
begin cleaner{left: ("[FunctionalDependency:(s: {brewery_id}, t: {state})]", 0.0), operator: *, right: (1.0, 1.0), result: 0.0}
列 'p' 不存在，对列 state 不过滤，直接选择所有非无效值。
Block processing time: 0.0015 seconds
Computing Block 516 out of 796
Processing Block size=4
begin cleaner{left: ("[FunctionalDependency:(s: {brewery_id}, t: {state})]", 0.0), operator: *, right: (1.0, 1.0), result: 0.0}
列 'p' 不存在，对列 state 不过滤，直接选择所有非无效值。
Block processing time: 0.002881 seconds
Computing Block 517 out of 796
Processing Block size=3
begin cleaner{left: ("[FunctionalDependency:(s: {brewery_id}, t: {state})]", 0.0), operator: *, right: (1.0, 1.0), result: 0.0}
列 'p' 不存在，对列 state 不过滤，直接选择所有非无效值。
Block processing time: 0.002186 seconds
Computing Block 518 out of 796
Processing Block size=2
begin cleaner{left: ("[FunctionalDependency:(s: {brewery_id}, t: {state})]", 0.0), operator: *, right: (1.0, 1.0), result: 0.0}
列 'p' 不存在，对列 state 不过滤，直接选择所有非无效值。
Block processing time: 0.001485 seconds
Computing Block 519 out of 796
Processing Block size=5
begin cleaner{left: ("[FunctionalDependency:(s: {brewery_id}, t: {state})]", 0.0), operator: *, right: (1.0, 1.0), result: 0.0}
列 'p' 不存在，对列 state 不过滤，直接选择所有非无效值。
Block processing time: 0.003638 seconds
Computing Block 520 out of 796
Processing Block size=28
begin cleaner{left: ("[FunctionalDependency:(s: {brewery_id}, t: {state})]", 0.0), operator: *, right: (1.0, 1.0), result: 0.0}
列 'p' 不存在，对列 state 不过滤，直接选择所有非无效值。
Block processing time: 0.019544 seconds
Computing Block 521 out of 796
Processing Block size=3
begin cleaner{left: ("[FunctionalDependency:(s: {brewery_id}, t: {state})]", 0.0), operator: *, right: (1.0, 1.0), result: 0.0}
列 'p' 不存在，对列 state 不过滤，直接选择所有非无效值。
Block processing time: 0.002192 seconds
Computing Block 524 out of 796
Processing Block size=2
begin cleaner{left: ("[FunctionalDependency:(s: {brewery_id}, t: {state})]", 0.0), operator: *, right: (1.0, 1.0), result: 0.0}
列 'p' 不存在，对列 state 不过滤，直接选择所有非无效值。
Block processing time: 0.001526 seconds
Computing Block 526 out of 796
Processing Block size=5
begin cleaner{left: ("[FunctionalDependency:(s: {brewery_id}, t: {state})]", 0.0), operator: *, right: (1.0, 1.0), result: 0.0}
列 'p' 不存在，对列 state 不过滤，直接选择所有非无效值。
Block processing time: 0.003598 seconds
Computing Block 527 out of 796
Processing Block size=4
begin cleaner{left: ("[FunctionalDependency:(s: {brewery_id}, t: {state})]", 0.0), operator: *, right: (1.0, 1.0), result: 0.0}
列 'p' 不存在，对列 state 不过滤，直接选择所有非无效值。
Block processing time: 0.002941 seconds
Computing Block 530 out of 796
Processing Block size=3
begin cleaner{left: ("[FunctionalDependency:(s: {brewery_id}, t: {state})]", 0.0), operator: *, right: (1.0, 1.0), result: 0.0}
列 'p' 不存在，对列 state 不过滤，直接选择所有非无效值。
Block processing time: 0.002186 seconds
Computing Block 532 out of 796
Processing Block size=2
begin cleaner{left: ("[FunctionalDependency:(s: {brewery_id}, t: {state})]", 0.0), operator: *, right: (1.0, 1.0), result: 0.0}
列 'p' 不存在，对列 state 不过滤，直接选择所有非无效值。
Block processing time: 0.001517 seconds
Computing Block 533 out of 796
Processing Block size=4
begin cleaner{left: ("[FunctionalDependency:(s: {brewery_id}, t: {state})]", 0.0), operator: *, right: (1.0, 1.0), result: 0.0}
列 'p' 不存在，对列 state 不过滤，直接选择所有非无效值。
Block processing time: 0.002869 seconds
Computing Block 534 out of 796
Processing Block size=4
begin cleaner{left: ("[FunctionalDependency:(s: {brewery_id}, t: {state})]", 0.0), operator: *, right: (1.0, 1.0), result: 0.0}
列 'p' 不存在，对列 state 不过滤，直接选择所有非无效值。
Block processing time: 0.002863 seconds
Computing Block 535 out of 796
Processing Block size=3
begin cleaner{left: ("[FunctionalDependency:(s: {brewery_id}, t: {state})]", 0.0), operator: *, right: (1.0, 1.0), result: 0.0}
列 'p' 不存在，对列 state 不过滤，直接选择所有非无效值。
Block processing time: 0.002179 seconds
Computing Block 536 out of 796
Processing Block size=4
begin cleaner{left: ("[FunctionalDependency:(s: {brewery_id}, t: {state})]", 0.0), operator: *, right: (1.0, 1.0), result: 0.0}
列 'p' 不存在，对列 state 不过滤，直接选择所有非无效值。
Block processing time: 0.002951 seconds
Computing Block 537 out of 796
Processing Block size=2
begin cleaner{left: ("[FunctionalDependency:(s: {brewery_id}, t: {state})]", 0.0), operator: *, right: (1.0, 1.0), result: 0.0}
列 'p' 不存在，对列 state 不过滤，直接选择所有非无效值。
Block processing time: 0.001491 seconds
Computing Block 538 out of 796
Processing Block size=2
begin cleaner{left: ("[FunctionalDependency:(s: {brewery_id}, t: {state})]", 0.0), operator: *, right: (1.0, 1.0), result: 0.0}
列 'p' 不存在，对列 state 不过滤，直接选择所有非无效值。
Block processing time: 0.001503 seconds
Computing Block 539 out of 796
Processing Block size=2
begin cleaner{left: ("[FunctionalDependency:(s: {brewery_id}, t: {state})]", 0.0), operator: *, right: (1.0, 1.0), result: 0.0}
列 'p' 不存在，对列 state 不过滤，直接选择所有非无效值。
Block processing time: 0.001488 seconds
Computing Block 544 out of 796
Processing Block size=3
begin cleaner{left: ("[FunctionalDependency:(s: {brewery_id}, t: {state})]", 0.0), operator: *, right: (1.0, 1.0), result: 0.0}
列 'p' 不存在，对列 state 不过滤，直接选择所有非无效值。
Block processing time: 0.002171 seconds
Computing Block 546 out of 796
Processing Block size=2
begin cleaner{left: ("[FunctionalDependency:(s: {brewery_id}, t: {state})]", 0.0), operator: *, right: (1.0, 1.0), result: 0.0}
列 'p' 不存在，对列 state 不过滤，直接选择所有非无效值。
Block processing time: 0.001486 seconds
Computing Block 549 out of 796
Processing Block size=3
begin cleaner{left: ("[FunctionalDependency:(s: {brewery_id}, t: {state})]", 0.0), operator: *, right: (1.0, 1.0), result: 0.0}
列 'p' 不存在，对列 state 不过滤，直接选择所有非无效值。
Block processing time: 0.002173 seconds
Computing Block 554 out of 796
Processing Block size=4
begin cleaner{left: ("[FunctionalDependency:(s: {brewery_id}, t: {state})]", 0.0), operator: *, right: (1.0, 1.0), result: 0.0}
列 'p' 不存在，对列 state 不过滤，直接选择所有非无效值。
Block processing time: 0.002908 seconds
Computing Block 555 out of 796
Processing Block size=2
begin cleaner{left: ("[FunctionalDependency:(s: {brewery_id}, t: {state})]", 0.0), operator: *, right: (1.0, 1.0), result: 0.0}
列 'p' 不存在，对列 state 不过滤，直接选择所有非无效值。
Block processing time: 0.001484 seconds
Computing Block 556 out of 796
Processing Block size=8
begin cleaner{left: ("[FunctionalDependency:(s: {brewery_id}, t: {state})]", 0.0), operator: *, right: (1.0, 1.0), result: 0.0}
列 'p' 不存在，对列 state 不过滤，直接选择所有非无效值。
Block processing time: 0.005807 seconds
Computing Block 557 out of 796
Processing Block size=4
begin cleaner{left: ("[FunctionalDependency:(s: {brewery_id}, t: {state})]", 0.0), operator: *, right: (1.0, 1.0), result: 0.0}
列 'p' 不存在，对列 state 不过滤，直接选择所有非无效值。
Block processing time: 0.003015 seconds
Computing Block 559 out of 796
Processing Block size=5
begin cleaner{left: ("[FunctionalDependency:(s: {brewery_id}, t: {state})]", 0.0), operator: *, right: (1.0, 1.0), result: 0.0}
列 'p' 不存在，对列 state 不过滤，直接选择所有非无效值。
Block processing time: 0.003653 seconds
Computing Block 561 out of 796
Processing Block size=3
begin cleaner{left: ("[FunctionalDependency:(s: {brewery_id}, t: {state})]", 0.0), operator: *, right: (1.0, 1.0), result: 0.0}
列 'p' 不存在，对列 state 不过滤，直接选择所有非无效值。
Block processing time: 0.002255 seconds
Computing Block 563 out of 796
Processing Block size=6
begin cleaner{left: ("[FunctionalDependency:(s: {brewery_id}, t: {state})]", 0.0), operator: *, right: (1.0, 1.0), result: 0.0}
列 'p' 不存在，对列 state 不过滤，直接选择所有非无效值。
Block processing time: 0.00445 seconds
Computing Block 564 out of 796
Processing Block size=2
begin cleaner{left: ("[FunctionalDependency:(s: {brewery_id}, t: {state})]", 0.0), operator: *, right: (1.0, 1.0), result: 0.0}
列 'p' 不存在，对列 state 不过滤，直接选择所有非无效值。
Block processing time: 0.001595 seconds
Computing Block 565 out of 796
Processing Block size=7
begin cleaner{left: ("[FunctionalDependency:(s: {brewery_id}, t: {state})]", 0.0), operator: *, right: (1.0, 1.0), result: 0.0}
列 'p' 不存在，对列 state 不过滤，直接选择所有非无效值。
Block processing time: 0.005087 seconds
Computing Block 566 out of 796
Processing Block size=2
begin cleaner{left: ("[FunctionalDependency:(s: {brewery_id}, t: {state})]", 0.0), operator: *, right: (1.0, 1.0), result: 0.0}
列 'p' 不存在，对列 state 不过滤，直接选择所有非无效值。
Block processing time: 0.001582 seconds
Computing Block 567 out of 796
Processing Block size=2
begin cleaner{left: ("[FunctionalDependency:(s: {brewery_id}, t: {state})]", 0.0), operator: *, right: (1.0, 1.0), result: 0.0}
列 'p' 不存在，对列 state 不过滤，直接选择所有非无效值。
Block processing time: 0.001597 seconds
Computing Block 569 out of 796
Processing Block size=3
begin cleaner{left: ("[FunctionalDependency:(s: {brewery_id}, t: {state})]", 0.0), operator: *, right: (1.0, 1.0), result: 0.0}
列 'p' 不存在，对列 state 不过滤，直接选择所有非无效值。
Block processing time: 0.00225 seconds
Computing Block 570 out of 796
Processing Block size=8
begin cleaner{left: ("[FunctionalDependency:(s: {brewery_id}, t: {state})]", 0.0), operator: *, right: (1.0, 1.0), result: 0.0}
列 'p' 不存在，对列 state 不过滤，直接选择所有非无效值。
Block processing time: 0.00565 seconds
Computing Block 571 out of 796
Processing Block size=2
begin cleaner{left: ("[FunctionalDependency:(s: {brewery_id}, t: {state})]", 0.0), operator: *, right: (1.0, 1.0), result: 0.0}
列 'p' 不存在，对列 state 不过滤，直接选择所有非无效值。
Block processing time: 0.001538 seconds
Computing Block 573 out of 796
Processing Block size=11
begin cleaner{left: ("[FunctionalDependency:(s: {brewery_id}, t: {state})]", 0.0), operator: *, right: (1.0, 1.0), result: 0.0}
列 'p' 不存在，对列 state 不过滤，直接选择所有非无效值。
Block processing time: 0.007664 seconds
Computing Block 575 out of 796
Processing Block size=4
begin cleaner{left: ("[FunctionalDependency:(s: {brewery_id}, t: {state})]", 0.0), operator: *, right: (1.0, 1.0), result: 0.0}
列 'p' 不存在，对列 state 不过滤，直接选择所有非无效值。
Block processing time: 0.002887 seconds
Computing Block 576 out of 796
Processing Block size=4
begin cleaner{left: ("[FunctionalDependency:(s: {brewery_id}, t: {state})]", 0.0), operator: *, right: (1.0, 1.0), result: 0.0}
列 'p' 不存在，对列 state 不过滤，直接选择所有非无效值。
Block processing time: 0.00302 seconds
Computing Block 577 out of 796
Processing Block size=4
begin cleaner{left: ("[FunctionalDependency:(s: {brewery_id}, t: {state})]", 0.0), operator: *, right: (1.0, 1.0), result: 0.0}
列 'p' 不存在，对列 state 不过滤，直接选择所有非无效值。
Block processing time: 0.002962 seconds
Computing Block 578 out of 796
Processing Block size=4
begin cleaner{left: ("[FunctionalDependency:(s: {brewery_id}, t: {state})]", 0.0), operator: *, right: (1.0, 1.0), result: 0.0}
列 'p' 不存在，对列 state 不过滤，直接选择所有非无效值。
Block processing time: 0.002978 seconds
Computing Block 579 out of 796
Processing Block size=2
begin cleaner{left: ("[FunctionalDependency:(s: {brewery_id}, t: {state})]", 0.0), operator: *, right: (1.0, 1.0), result: 0.0}
列 'p' 不存在，对列 state 不过滤，直接选择所有非无效值。
Block processing time: 0.001499 seconds
Computing Block 582 out of 796
Processing Block size=11
begin cleaner{left: ("[FunctionalDependency:(s: {brewery_id}, t: {state})]", 0.0), operator: *, right: (1.0, 1.0), result: 0.0}
列 'p' 不存在，对列 state 不过滤，直接选择所有非无效值。
Block processing time: 0.008224 seconds
Computing Block 584 out of 796
Processing Block size=5
begin cleaner{left: ("[FunctionalDependency:(s: {brewery_id}, t: {state})]", 0.0), operator: *, right: (1.0, 1.0), result: 0.0}
列 'p' 不存在，对列 state 不过滤，直接选择所有非无效值。
Block processing time: 0.003607 seconds
Computing Block 585 out of 796
Processing Block size=3
begin cleaner{left: ("[FunctionalDependency:(s: {brewery_id}, t: {state})]", 0.0), operator: *, right: (1.0, 1.0), result: 0.0}
列 'p' 不存在，对列 state 不过滤，直接选择所有非无效值。
Block processing time: 0.002208 seconds
Computing Block 587 out of 796
Processing Block size=3
begin cleaner{left: ("[FunctionalDependency:(s: {brewery_id}, t: {state})]", 0.0), operator: *, right: (1.0, 1.0), result: 0.0}
列 'p' 不存在，对列 state 不过滤，直接选择所有非无效值。
Block processing time: 0.002175 seconds
Computing Block 589 out of 796
Processing Block size=4
begin cleaner{left: ("[FunctionalDependency:(s: {brewery_id}, t: {state})]", 0.0), operator: *, right: (1.0, 1.0), result: 0.0}
列 'p' 不存在，对列 state 不过滤，直接选择所有非无效值。
Block processing time: 0.002894 seconds
Computing Block 591 out of 796
Processing Block size=22
begin cleaner{left: ("[FunctionalDependency:(s: {brewery_id}, t: {state})]", 0.0), operator: *, right: (1.0, 1.0), result: 0.0}
列 'p' 不存在，对列 state 不过滤，直接选择所有非无效值。
Block processing time: 0.015261 seconds
Computing Block 592 out of 796
Processing Block size=3
begin cleaner{left: ("[FunctionalDependency:(s: {brewery_id}, t: {state})]", 0.0), operator: *, right: (1.0, 1.0), result: 0.0}
列 'p' 不存在，对列 state 不过滤，直接选择所有非无效值。
Block processing time: 0.002182 seconds
Computing Block 593 out of 796
Processing Block size=5
begin cleaner{left: ("[FunctionalDependency:(s: {brewery_id}, t: {state})]", 0.0), operator: *, right: (1.0, 1.0), result: 0.0}
列 'p' 不存在，对列 state 不过滤，直接选择所有非无效值。
Block processing time: 0.003623 seconds
Computing Block 594 out of 796
Processing Block size=6
begin cleaner{left: ("[FunctionalDependency:(s: {brewery_id}, t: {state})]", 0.0), operator: *, right: (1.0, 1.0), result: 0.0}
列 'p' 不存在，对列 state 不过滤，直接选择所有非无效值。
Block processing time: 0.004288 seconds
Computing Block 595 out of 796
Processing Block size=2
begin cleaner{left: ("[FunctionalDependency:(s: {brewery_id}, t: {state})]", 0.0), operator: *, right: (1.0, 1.0), result: 0.0}
列 'p' 不存在，对列 state 不过滤，直接选择所有非无效值。
Block processing time: 0.001487 seconds
Computing Block 596 out of 796
Processing Block size=2
begin cleaner{left: ("[FunctionalDependency:(s: {brewery_id}, t: {state})]", 0.0), operator: *, right: (1.0, 1.0), result: 0.0}
列 'p' 不存在，对列 state 不过滤，直接选择所有非无效值。
Block processing time: 0.001479 seconds
Computing Block 597 out of 796
Processing Block size=3
begin cleaner{left: ("[FunctionalDependency:(s: {brewery_id}, t: {state})]", 0.0), operator: *, right: (1.0, 1.0), result: 0.0}
列 'p' 不存在，对列 state 不过滤，直接选择所有非无效值。
Block processing time: 0.002221 seconds
Computing Block 600 out of 796
Processing Block size=3
begin cleaner{left: ("[FunctionalDependency:(s: {brewery_id}, t: {state})]", 0.0), operator: *, right: (1.0, 1.0), result: 0.0}
列 'p' 不存在，对列 state 不过滤，直接选择所有非无效值。
Block processing time: 0.002188 seconds
Computing Block 601 out of 796
Processing Block size=32
begin cleaner{left: ("[FunctionalDependency:(s: {brewery_id}, t: {state})]", 0.0), operator: *, right: (1.0, 1.0), result: 0.0}
列 'p' 不存在，对列 state 不过滤，直接选择所有非无效值。
Block processing time: 0.022324 seconds
Computing Block 605 out of 796
Processing Block size=10
begin cleaner{left: ("[FunctionalDependency:(s: {brewery_id}, t: {state})]", 0.0), operator: *, right: (1.0, 1.0), result: 0.0}
列 'p' 不存在，对列 state 不过滤，直接选择所有非无效值。
Block processing time: 0.007065 seconds
Computing Block 606 out of 796
Processing Block size=3
begin cleaner{left: ("[FunctionalDependency:(s: {brewery_id}, t: {state})]", 0.0), operator: *, right: (1.0, 1.0), result: 0.0}
列 'p' 不存在，对列 state 不过滤，直接选择所有非无效值。
Block processing time: 0.002182 seconds
Computing Block 607 out of 796
Processing Block size=5
begin cleaner{left: ("[FunctionalDependency:(s: {brewery_id}, t: {state})]", 0.0), operator: *, right: (1.0, 1.0), result: 0.0}
列 'p' 不存在，对列 state 不过滤，直接选择所有非无效值。
Block processing time: 0.003599 seconds
Computing Block 609 out of 796
Processing Block size=2
begin cleaner{left: ("[FunctionalDependency:(s: {brewery_id}, t: {state})]", 0.0), operator: *, right: (1.0, 1.0), result: 0.0}
列 'p' 不存在，对列 state 不过滤，直接选择所有非无效值。
Block processing time: 0.00149 seconds
Computing Block 613 out of 796
Processing Block size=3
begin cleaner{left: ("[FunctionalDependency:(s: {brewery_id}, t: {state})]", 0.0), operator: *, right: (1.0, 1.0), result: 0.0}
列 'p' 不存在，对列 state 不过滤，直接选择所有非无效值。
Block processing time: 0.00221 seconds
Computing Block 616 out of 796
Processing Block size=3
begin cleaner{left: ("[FunctionalDependency:(s: {brewery_id}, t: {state})]", 0.0), operator: *, right: (1.0, 1.0), result: 0.0}
列 'p' 不存在，对列 state 不过滤，直接选择所有非无效值。
Block processing time: 0.002232 seconds
Computing Block 617 out of 796
Processing Block size=2
begin cleaner{left: ("[FunctionalDependency:(s: {brewery_id}, t: {state})]", 0.0), operator: *, right: (1.0, 1.0), result: 0.0}
列 'p' 不存在，对列 state 不过滤，直接选择所有非无效值。
Block processing time: 0.001529 seconds
Computing Block 619 out of 796
Processing Block size=10
begin cleaner{left: ("[FunctionalDependency:(s: {brewery_id}, t: {state})]", 0.0), operator: *, right: (1.0, 1.0), result: 0.0}
列 'p' 不存在，对列 state 不过滤，直接选择所有非无效值。
Block processing time: 0.00709 seconds
Computing Block 620 out of 796
Processing Block size=2
begin cleaner{left: ("[FunctionalDependency:(s: {brewery_id}, t: {state})]", 0.0), operator: *, right: (1.0, 1.0), result: 0.0}
列 'p' 不存在，对列 state 不过滤，直接选择所有非无效值。
Block processing time: 0.00149 seconds
Computing Block 628 out of 796
Processing Block size=4
begin cleaner{left: ("[FunctionalDependency:(s: {brewery_id}, t: {state})]", 0.0), operator: *, right: (1.0, 1.0), result: 0.0}
列 'p' 不存在，对列 state 不过滤，直接选择所有非无效值。
Block processing time: 0.002926 seconds
Computing Block 630 out of 796
Processing Block size=2
begin cleaner{left: ("[FunctionalDependency:(s: {brewery_id}, t: {state})]", 0.0), operator: *, right: (1.0, 1.0), result: 0.0}
列 'p' 不存在，对列 state 不过滤，直接选择所有非无效值。
Block processing time: 0.001511 seconds
Computing Block 632 out of 796
Processing Block size=2
begin cleaner{left: ("[FunctionalDependency:(s: {brewery_id}, t: {state})]", 0.0), operator: *, right: (1.0, 1.0), result: 0.0}
列 'p' 不存在，对列 state 不过滤，直接选择所有非无效值。
Block processing time: 0.001483 seconds
Computing Block 633 out of 796
Processing Block size=5
begin cleaner{left: ("[FunctionalDependency:(s: {brewery_id}, t: {state})]", 0.0), operator: *, right: (1.0, 1.0), result: 0.0}
列 'p' 不存在，对列 state 不过滤，直接选择所有非无效值。
Block processing time: 0.003549 seconds
Computing Block 635 out of 796
Processing Block size=5
begin cleaner{left: ("[FunctionalDependency:(s: {brewery_id}, t: {state})]", 0.0), operator: *, right: (1.0, 1.0), result: 0.0}
列 'p' 不存在，对列 state 不过滤，直接选择所有非无效值。
Block processing time: 0.003576 seconds
Computing Block 644 out of 796
Processing Block size=6
begin cleaner{left: ("[FunctionalDependency:(s: {brewery_id}, t: {state})]", 0.0), operator: *, right: (1.0, 1.0), result: 0.0}
列 'p' 不存在，对列 state 不过滤，直接选择所有非无效值。
Block processing time: 0.004255 seconds
Computing Block 646 out of 796
Processing Block size=6
begin cleaner{left: ("[FunctionalDependency:(s: {brewery_id}, t: {state})]", 0.0), operator: *, right: (1.0, 1.0), result: 0.0}
列 'p' 不存在，对列 state 不过滤，直接选择所有非无效值。
Block processing time: 0.00425 seconds
Computing Block 647 out of 796
Processing Block size=2
begin cleaner{left: ("[FunctionalDependency:(s: {brewery_id}, t: {state})]", 0.0), operator: *, right: (1.0, 1.0), result: 0.0}
列 'p' 不存在，对列 state 不过滤，直接选择所有非无效值。
Block processing time: 0.001502 seconds
Computing Block 648 out of 796
Processing Block size=10
begin cleaner{left: ("[FunctionalDependency:(s: {brewery_id}, t: {state})]", 0.0), operator: *, right: (1.0, 1.0), result: 0.0}
列 'p' 不存在，对列 state 不过滤，直接选择所有非无效值。
Block processing time: 0.006997 seconds
Computing Block 649 out of 796
Processing Block size=12
begin cleaner{left: ("[FunctionalDependency:(s: {brewery_id}, t: {state})]", 0.0), operator: *, right: (1.0, 1.0), result: 0.0}
列 'p' 不存在，对列 state 不过滤，直接选择所有非无效值。
Block processing time: 0.008378 seconds
Computing Block 651 out of 796
Processing Block size=8
begin cleaner{left: ("[FunctionalDependency:(s: {brewery_id}, t: {state})]", 0.0), operator: *, right: (1.0, 1.0), result: 0.0}
列 'p' 不存在，对列 state 不过滤，直接选择所有非无效值。
Block processing time: 0.005683 seconds
Computing Block 652 out of 796
Processing Block size=6
begin cleaner{left: ("[FunctionalDependency:(s: {brewery_id}, t: {state})]", 0.0), operator: *, right: (1.0, 1.0), result: 0.0}
列 'p' 不存在，对列 state 不过滤，直接选择所有非无效值。
Block processing time: 0.004337 seconds
Computing Block 653 out of 796
Processing Block size=6
begin cleaner{left: ("[FunctionalDependency:(s: {brewery_id}, t: {state})]", 0.0), operator: *, right: (1.0, 1.0), result: 0.0}
列 'p' 不存在，对列 state 不过滤，直接选择所有非无效值。
Block processing time: 0.004295 seconds
Computing Block 655 out of 796
Processing Block size=6
begin cleaner{left: ("[FunctionalDependency:(s: {brewery_id}, t: {state})]", 0.0), operator: *, right: (1.0, 1.0), result: 0.0}
列 'p' 不存在，对列 state 不过滤，直接选择所有非无效值。
Block processing time: 0.004248 seconds
Computing Block 657 out of 796
Processing Block size=4
begin cleaner{left: ("[FunctionalDependency:(s: {brewery_id}, t: {state})]", 0.0), operator: *, right: (1.0, 1.0), result: 0.0}
列 'p' 不存在，对列 state 不过滤，直接选择所有非无效值。
Block processing time: 0.002867 seconds
Computing Block 658 out of 796
Processing Block size=6
begin cleaner{left: ("[FunctionalDependency:(s: {brewery_id}, t: {state})]", 0.0), operator: *, right: (1.0, 1.0), result: 0.0}
列 'p' 不存在，对列 state 不过滤，直接选择所有非无效值。
Block processing time: 0.00424 seconds
Computing Block 659 out of 796
Processing Block size=3
begin cleaner{left: ("[FunctionalDependency:(s: {brewery_id}, t: {state})]", 0.0), operator: *, right: (1.0, 1.0), result: 0.0}
列 'p' 不存在，对列 state 不过滤，直接选择所有非无效值。
Block processing time: 0.0022 seconds
Computing Block 660 out of 796
Processing Block size=4
begin cleaner{left: ("[FunctionalDependency:(s: {brewery_id}, t: {state})]", 0.0), operator: *, right: (1.0, 1.0), result: 0.0}
列 'p' 不存在，对列 state 不过滤，直接选择所有非无效值。
Block processing time: 0.002869 seconds
Computing Block 661 out of 796
Processing Block size=5
begin cleaner{left: ("[FunctionalDependency:(s: {brewery_id}, t: {state})]", 0.0), operator: *, right: (1.0, 1.0), result: 0.0}
列 'p' 不存在，对列 state 不过滤，直接选择所有非无效值。
Block processing time: 0.003653 seconds
Computing Block 662 out of 796
Processing Block size=2
begin cleaner{left: ("[FunctionalDependency:(s: {brewery_id}, t: {state})]", 0.0), operator: *, right: (1.0, 1.0), result: 0.0}
列 'p' 不存在，对列 state 不过滤，直接选择所有非无效值。
Block processing time: 0.001491 seconds
Computing Block 663 out of 796
Processing Block size=18
begin cleaner{left: ("[FunctionalDependency:(s: {brewery_id}, t: {state})]", 0.0), operator: *, right: (1.0, 1.0), result: 0.0}
列 'p' 不存在，对列 state 不过滤，直接选择所有非无效值。
Block processing time: 0.012628 seconds
Computing Block 668 out of 796
Processing Block size=5
begin cleaner{left: ("[FunctionalDependency:(s: {brewery_id}, t: {state})]", 0.0), operator: *, right: (1.0, 1.0), result: 0.0}
列 'p' 不存在，对列 state 不过滤，直接选择所有非无效值。
Block processing time: 0.003585 seconds
Computing Block 669 out of 796
Processing Block size=15
begin cleaner{left: ("[FunctionalDependency:(s: {brewery_id}, t: {state})]", 0.0), operator: *, right: (1.0, 1.0), result: 0.0}
列 'p' 不存在，对列 state 不过滤，直接选择所有非无效值。
Block processing time: 0.010565 seconds
Computing Block 670 out of 796
Processing Block size=7
begin cleaner{left: ("[FunctionalDependency:(s: {brewery_id}, t: {state})]", 0.0), operator: *, right: (1.0, 1.0), result: 0.0}
列 'p' 不存在，对列 state 不过滤，直接选择所有非无效值。
Block processing time: 0.004935 seconds
Computing Block 671 out of 796
Processing Block size=4
begin cleaner{left: ("[FunctionalDependency:(s: {brewery_id}, t: {state})]", 0.0), operator: *, right: (1.0, 1.0), result: 0.0}
列 'p' 不存在，对列 state 不过滤，直接选择所有非无效值。
Block processing time: 0.002872 seconds
Computing Block 674 out of 796
Processing Block size=4
begin cleaner{left: ("[FunctionalDependency:(s: {brewery_id}, t: {state})]", 0.0), operator: *, right: (1.0, 1.0), result: 0.0}
列 'p' 不存在，对列 state 不过滤，直接选择所有非无效值。
Block processing time: 0.002872 seconds
Computing Block 676 out of 796
Processing Block size=3
begin cleaner{left: ("[FunctionalDependency:(s: {brewery_id}, t: {state})]", 0.0), operator: *, right: (1.0, 1.0), result: 0.0}
列 'p' 不存在，对列 state 不过滤，直接选择所有非无效值。
Block processing time: 0.002171 seconds
Computing Block 678 out of 796
Processing Block size=2
begin cleaner{left: ("[FunctionalDependency:(s: {brewery_id}, t: {state})]", 0.0), operator: *, right: (1.0, 1.0), result: 0.0}
列 'p' 不存在，对列 state 不过滤，直接选择所有非无效值。
Block processing time: 0.001484 seconds
Computing Block 680 out of 796
Processing Block size=18
begin cleaner{left: ("[FunctionalDependency:(s: {brewery_id}, t: {state})]", 0.0), operator: *, right: (1.0, 1.0), result: 0.0}
列 'p' 不存在，对列 state 不过滤，直接选择所有非无效值。
Block processing time: 0.012536 seconds
Computing Block 681 out of 796
Processing Block size=6
begin cleaner{left: ("[FunctionalDependency:(s: {brewery_id}, t: {state})]", 0.0), operator: *, right: (1.0, 1.0), result: 0.0}
列 'p' 不存在，对列 state 不过滤，直接选择所有非无效值。
Block processing time: 0.004237 seconds
Computing Block 683 out of 796
Processing Block size=2
begin cleaner{left: ("[FunctionalDependency:(s: {brewery_id}, t: {state})]", 0.0), operator: *, right: (1.0, 1.0), result: 0.0}
列 'p' 不存在，对列 state 不过滤，直接选择所有非无效值。
Block processing time: 0.001487 seconds
Computing Block 684 out of 796
Processing Block size=3
begin cleaner{left: ("[FunctionalDependency:(s: {brewery_id}, t: {state})]", 0.0), operator: *, right: (1.0, 1.0), result: 0.0}
列 'p' 不存在，对列 state 不过滤，直接选择所有非无效值。
Block processing time: 0.002173 seconds
Computing Block 686 out of 796
Processing Block size=2
begin cleaner{left: ("[FunctionalDependency:(s: {brewery_id}, t: {state})]", 0.0), operator: *, right: (1.0, 1.0), result: 0.0}
列 'p' 不存在，对列 state 不过滤，直接选择所有非无效值。
Block processing time: 0.001477 seconds
Computing Block 690 out of 796
Processing Block size=2
begin cleaner{left: ("[FunctionalDependency:(s: {brewery_id}, t: {state})]", 0.0), operator: *, right: (1.0, 1.0), result: 0.0}
列 'p' 不存在，对列 state 不过滤，直接选择所有非无效值。
Block processing time: 0.001489 seconds
Computing Block 693 out of 796
Processing Block size=3
begin cleaner{left: ("[FunctionalDependency:(s: {brewery_id}, t: {state})]", 0.0), operator: *, right: (1.0, 1.0), result: 0.0}
列 'p' 不存在，对列 state 不过滤，直接选择所有非无效值。
Block processing time: 0.002209 seconds
Computing Block 698 out of 796
Processing Block size=2
begin cleaner{left: ("[FunctionalDependency:(s: {brewery_id}, t: {state})]", 0.0), operator: *, right: (1.0, 1.0), result: 0.0}
列 'p' 不存在，对列 state 不过滤，直接选择所有非无效值。
Block processing time: 0.001499 seconds
Computing Block 699 out of 796
Processing Block size=4
begin cleaner{left: ("[FunctionalDependency:(s: {brewery_id}, t: {state})]", 0.0), operator: *, right: (1.0, 1.0), result: 0.0}
列 'p' 不存在，对列 state 不过滤，直接选择所有非无效值。
Block processing time: 0.002941 seconds
Computing Block 701 out of 796
Processing Block size=10
begin cleaner{left: ("[FunctionalDependency:(s: {brewery_id}, t: {state})]", 0.0), operator: *, right: (1.0, 1.0), result: 0.0}
列 'p' 不存在，对列 state 不过滤，直接选择所有非无效值。
Block processing time: 0.007051 seconds
Computing Block 704 out of 796
Processing Block size=3
begin cleaner{left: ("[FunctionalDependency:(s: {brewery_id}, t: {state})]", 0.0), operator: *, right: (1.0, 1.0), result: 0.0}
列 'p' 不存在，对列 state 不过滤，直接选择所有非无效值。
Block processing time: 0.002203 seconds
Computing Block 709 out of 796
Processing Block size=2
begin cleaner{left: ("[FunctionalDependency:(s: {brewery_id}, t: {state})]", 0.0), operator: *, right: (1.0, 1.0), result: 0.0}
列 'p' 不存在，对列 state 不过滤，直接选择所有非无效值。
Block processing time: 0.001493 seconds
Computing Block 710 out of 796
Processing Block size=2
begin cleaner{left: ("[FunctionalDependency:(s: {brewery_id}, t: {state})]", 0.0), operator: *, right: (1.0, 1.0), result: 0.0}
列 'p' 不存在，对列 state 不过滤，直接选择所有非无效值。
Block processing time: 0.001492 seconds
Computing Block 713 out of 796
Processing Block size=4
begin cleaner{left: ("[FunctionalDependency:(s: {brewery_id}, t: {state})]", 0.0), operator: *, right: (1.0, 1.0), result: 0.0}
列 'p' 不存在，对列 state 不过滤，直接选择所有非无效值。
Block processing time: 0.002984 seconds
Computing Block 717 out of 796
Processing Block size=2
begin cleaner{left: ("[FunctionalDependency:(s: {brewery_id}, t: {state})]", 0.0), operator: *, right: (1.0, 1.0), result: 0.0}
列 'p' 不存在，对列 state 不过滤，直接选择所有非无效值。
Block processing time: 0.0015 seconds
Computing Block 718 out of 796
Processing Block size=4
begin cleaner{left: ("[FunctionalDependency:(s: {brewery_id}, t: {state})]", 0.0), operator: *, right: (1.0, 1.0), result: 0.0}
列 'p' 不存在，对列 state 不过滤，直接选择所有非无效值。
Block processing time: 0.002866 seconds
Computing Block 723 out of 796
Processing Block size=4
begin cleaner{left: ("[FunctionalDependency:(s: {brewery_id}, t: {state})]", 0.0), operator: *, right: (1.0, 1.0), result: 0.0}
列 'p' 不存在，对列 state 不过滤，直接选择所有非无效值。
Block processing time: 0.002887 seconds
Computing Block 724 out of 796
Processing Block size=4
begin cleaner{left: ("[FunctionalDependency:(s: {brewery_id}, t: {state})]", 0.0), operator: *, right: (1.0, 1.0), result: 0.0}
列 'p' 不存在，对列 state 不过滤，直接选择所有非无效值。
Block processing time: 0.002866 seconds
Computing Block 726 out of 796
Processing Block size=5
begin cleaner{left: ("[FunctionalDependency:(s: {brewery_id}, t: {state})]", 0.0), operator: *, right: (1.0, 1.0), result: 0.0}
列 'p' 不存在，对列 state 不过滤，直接选择所有非无效值。
Block processing time: 0.003594 seconds
Computing Block 727 out of 796
Processing Block size=2
begin cleaner{left: ("[FunctionalDependency:(s: {brewery_id}, t: {state})]", 0.0), operator: *, right: (1.0, 1.0), result: 0.0}
列 'p' 不存在，对列 state 不过滤，直接选择所有非无效值。
Block processing time: 0.001507 seconds
Computing Block 728 out of 796
Processing Block size=3
begin cleaner{left: ("[FunctionalDependency:(s: {brewery_id}, t: {state})]", 0.0), operator: *, right: (1.0, 1.0), result: 0.0}
列 'p' 不存在，对列 state 不过滤，直接选择所有非无效值。
Block processing time: 0.002226 seconds
Computing Block 729 out of 796
Processing Block size=4
begin cleaner{left: ("[FunctionalDependency:(s: {brewery_id}, t: {state})]", 0.0), operator: *, right: (1.0, 1.0), result: 0.0}
列 'p' 不存在，对列 state 不过滤，直接选择所有非无效值。
Block processing time: 0.002903 seconds
Computing Block 730 out of 796
Processing Block size=3
begin cleaner{left: ("[FunctionalDependency:(s: {brewery_id}, t: {state})]", 0.0), operator: *, right: (1.0, 1.0), result: 0.0}
列 'p' 不存在，对列 state 不过滤，直接选择所有非无效值。
Block processing time: 0.002215 seconds
Computing Block 731 out of 796
Processing Block size=8
begin cleaner{left: ("[FunctionalDependency:(s: {brewery_id}, t: {state})]", 0.0), operator: *, right: (1.0, 1.0), result: 0.0}
列 'p' 不存在，对列 state 不过滤，直接选择所有非无效值。
Block processing time: 0.005731 seconds
Computing Block 733 out of 796
Processing Block size=5
begin cleaner{left: ("[FunctionalDependency:(s: {brewery_id}, t: {state})]", 0.0), operator: *, right: (1.0, 1.0), result: 0.0}
列 'p' 不存在，对列 state 不过滤，直接选择所有非无效值。
Block processing time: 0.003573 seconds
Computing Block 735 out of 796
Processing Block size=3
begin cleaner{left: ("[FunctionalDependency:(s: {brewery_id}, t: {state})]", 0.0), operator: *, right: (1.0, 1.0), result: 0.0}
列 'p' 不存在，对列 state 不过滤，直接选择所有非无效值。
Block processing time: 0.002186 seconds
Computing Block 737 out of 796
Processing Block size=23
begin cleaner{left: ("[FunctionalDependency:(s: {brewery_id}, t: {state})]", 0.0), operator: *, right: (1.0, 1.0), result: 0.0}
列 'p' 不存在，对列 state 不过滤，直接选择所有非无效值。
Block processing time: 0.016776 seconds
Computing Block 739 out of 796
Processing Block size=3
begin cleaner{left: ("[FunctionalDependency:(s: {brewery_id}, t: {state})]", 0.0), operator: *, right: (1.0, 1.0), result: 0.0}
列 'p' 不存在，对列 state 不过滤，直接选择所有非无效值。
Block processing time: 0.002397 seconds
Computing Block 744 out of 796
Processing Block size=5
begin cleaner{left: ("[FunctionalDependency:(s: {brewery_id}, t: {state})]", 0.0), operator: *, right: (1.0, 1.0), result: 0.0}
列 'p' 不存在，对列 state 不过滤，直接选择所有非无效值。
Block processing time: 0.00388 seconds
Computing Block 745 out of 796
Processing Block size=6
begin cleaner{left: ("[FunctionalDependency:(s: {brewery_id}, t: {state})]", 0.0), operator: *, right: (1.0, 1.0), result: 0.0}
列 'p' 不存在，对列 state 不过滤，直接选择所有非无效值。
Block processing time: 0.004613 seconds
Computing Block 746 out of 796
Processing Block size=5
begin cleaner{left: ("[FunctionalDependency:(s: {brewery_id}, t: {state})]", 0.0), operator: *, right: (1.0, 1.0), result: 0.0}
列 'p' 不存在，对列 state 不过滤，直接选择所有非无效值。
Block processing time: 0.003856 seconds
Computing Block 747 out of 796
Processing Block size=5
begin cleaner{left: ("[FunctionalDependency:(s: {brewery_id}, t: {state})]", 0.0), operator: *, right: (1.0, 1.0), result: 0.0}
列 'p' 不存在，对列 state 不过滤，直接选择所有非无效值。
Block processing time: 0.003838 seconds
Computing Block 749 out of 796
Processing Block size=3
begin cleaner{left: ("[FunctionalDependency:(s: {brewery_id}, t: {state})]", 0.0), operator: *, right: (1.0, 1.0), result: 0.0}
列 'p' 不存在，对列 state 不过滤，直接选择所有非无效值。
Block processing time: 0.002347 seconds
Computing Block 751 out of 796
Processing Block size=2
begin cleaner{left: ("[FunctionalDependency:(s: {brewery_id}, t: {state})]", 0.0), operator: *, right: (1.0, 1.0), result: 0.0}
列 'p' 不存在，对列 state 不过滤，直接选择所有非无效值。
Block processing time: 0.001613 seconds
Computing Block 754 out of 796
Processing Block size=6
begin cleaner{left: ("[FunctionalDependency:(s: {brewery_id}, t: {state})]", 0.0), operator: *, right: (1.0, 1.0), result: 0.0}
列 'p' 不存在，对列 state 不过滤，直接选择所有非无效值。
Block processing time: 0.004589 seconds
Computing Block 757 out of 796
Processing Block size=5
begin cleaner{left: ("[FunctionalDependency:(s: {brewery_id}, t: {state})]", 0.0), operator: *, right: (1.0, 1.0), result: 0.0}
列 'p' 不存在，对列 state 不过滤，直接选择所有非无效值。
Block processing time: 0.004515 seconds
Computing Block 761 out of 796
Processing Block size=7
begin cleaner{left: ("[FunctionalDependency:(s: {brewery_id}, t: {state})]", 0.0), operator: *, right: (1.0, 1.0), result: 0.0}
列 'p' 不存在，对列 state 不过滤，直接选择所有非无效值。
Block processing time: 0.005473 seconds
Computing Block 764 out of 796
Processing Block size=3
begin cleaner{left: ("[FunctionalDependency:(s: {brewery_id}, t: {state})]", 0.0), operator: *, right: (1.0, 1.0), result: 0.0}
列 'p' 不存在，对列 state 不过滤，直接选择所有非无效值。
Block processing time: 0.002291 seconds
Computing Block 765 out of 796
Processing Block size=3
begin cleaner{left: ("[FunctionalDependency:(s: {brewery_id}, t: {state})]", 0.0), operator: *, right: (1.0, 1.0), result: 0.0}
列 'p' 不存在，对列 state 不过滤，直接选择所有非无效值。
Block processing time: 0.002213 seconds
Computing Block 771 out of 796
Processing Block size=2
begin cleaner{left: ("[FunctionalDependency:(s: {brewery_id}, t: {state})]", 0.0), operator: *, right: (1.0, 1.0), result: 0.0}
列 'p' 不存在，对列 state 不过滤，直接选择所有非无效值。
Block processing time: 0.001516 seconds
Computing Block 774 out of 796
Processing Block size=3
begin cleaner{left: ("[FunctionalDependency:(s: {brewery_id}, t: {state})]", 0.0), operator: *, right: (1.0, 1.0), result: 0.0}
列 'p' 不存在，对列 state 不过滤，直接选择所有非无效值。
Block processing time: 0.002189 seconds
Computing Block 775 out of 796
Processing Block size=2
begin cleaner{left: ("[FunctionalDependency:(s: {brewery_id}, t: {state})]", 0.0), operator: *, right: (1.0, 1.0), result: 0.0}
列 'p' 不存在，对列 state 不过滤，直接选择所有非无效值。
Block processing time: 0.001498 seconds
Computing Block 776 out of 796
Processing Block size=7
begin cleaner{left: ("[FunctionalDependency:(s: {brewery_id}, t: {state})]", 0.0), operator: *, right: (1.0, 1.0), result: 0.0}
列 'p' 不存在，对列 state 不过滤，直接选择所有非无效值。
Block processing time: 0.004939 seconds
Computing Block 777 out of 796
Processing Block size=2
begin cleaner{left: ("[FunctionalDependency:(s: {brewery_id}, t: {state})]", 0.0), operator: *, right: (1.0, 1.0), result: 0.0}
列 'p' 不存在，对列 state 不过滤，直接选择所有非无效值。
Block processing time: 0.001503 seconds
Computing Block 779 out of 796
Processing Block size=4
begin cleaner{left: ("[FunctionalDependency:(s: {brewery_id}, t: {state})]", 0.0), operator: *, right: (1.0, 1.0), result: 0.0}
列 'p' 不存在，对列 state 不过滤，直接选择所有非无效值。
Block processing time: 0.002888 seconds
Computing Block 781 out of 796
Processing Block size=4
begin cleaner{left: ("[FunctionalDependency:(s: {brewery_id}, t: {state})]", 0.0), operator: *, right: (1.0, 1.0), result: 0.0}
列 'p' 不存在，对列 state 不过滤，直接选择所有非无效值。
Block processing time: 0.002902 seconds
Computing Block 782 out of 796
Processing Block size=2
begin cleaner{left: ("[FunctionalDependency:(s: {brewery_id}, t: {state})]", 0.0), operator: *, right: (1.0, 1.0), result: 0.0}
列 'p' 不存在，对列 state 不过滤，直接选择所有非无效值。
Block processing time: 0.001496 seconds
Computing Block 783 out of 796
Processing Block size=3
begin cleaner{left: ("[FunctionalDependency:(s: {brewery_id}, t: {state})]", 0.0), operator: *, right: (1.0, 1.0), result: 0.0}
列 'p' 不存在，对列 state 不过滤，直接选择所有非无效值。
Block processing time: 0.002231 seconds
Computing Block 786 out of 796
Processing Block size=2
begin cleaner{left: ("[FunctionalDependency:(s: {brewery_id}, t: {state})]", 0.0), operator: *, right: (1.0, 1.0), result: 0.0}
列 'p' 不存在，对列 state 不过滤，直接选择所有非无效值。
Block processing time: 0.001498 seconds
Computing Block 787 out of 796
Processing Block size=8
begin cleaner{left: ("[FunctionalDependency:(s: {brewery_id}, t: {state})]", 0.0), operator: *, right: (1.0, 1.0), result: 0.0}
列 'p' 不存在，对列 state 不过滤，直接选择所有非无效值。
Block processing time: 0.005689 seconds
Computing Block 788 out of 796
Processing Block size=3
begin cleaner{left: ("[FunctionalDependency:(s: {brewery_id}, t: {state})]", 0.0), operator: *, right: (1.0, 1.0), result: 0.0}
列 'p' 不存在，对列 state 不过滤，直接选择所有非无效值。
Block processing time: 0.00222 seconds
Computing Block 791 out of 796
Processing Block size=8
begin cleaner{left: ("[FunctionalDependency:(s: {brewery_id}, t: {state})]", 0.0), operator: *, right: (1.0, 1.0), result: 0.0}
列 'p' 不存在，对列 state 不过滤，直接选择所有非无效值。
Block processing time: 0.005635 seconds
Computing Block 792 out of 796
Processing Block size=4
begin cleaner{left: ("[FunctionalDependency:(s: {brewery_id}, t: {state})]", 0.0), operator: *, right: (1.0, 1.0), result: 0.0}
列 'p' 不存在，对列 state 不过滤，直接选择所有非无效值。
Block processing time: 0.002911 seconds
Computing Block 796 out of 796
Processing Block size=7
begin cleaner{left: ("[FunctionalDependency:(s: {brewery_id}, t: {state})]", 0.0), operator: *, right: (1.0, 1.0), result: 0.0}
列 'p' 不存在，对列 state 不过滤，直接选择所有非无效值。
Block processing time: 0.004945 seconds
  当前节点: state 无清洗操作
['brewery_name', 'city', 'state']的清洗完成

本层累积的编辑规则数: 0
本层没有可以进行的清洗操作，进行下一层

清洗规则溯源分析:

处理第 1 层级, 包含节点: ['brewery_id']

处理第 2 层级, 包含节点: ['brewery_name', 'city', 'state']

清洗流程展示:
关联图存储到: TestDataset/result/train/beers/beers_8/acplt.png
清洗总执行时间: 22.3835 秒
清洗结果已保存到: TestDataset/result/train/beers/beers_8/beers_8Cleaned.csv
测评性能开始：
没有指定错误比例，仅进行原数据集的空值替换，不添加错误
已将注入错误的文件保存到: TestDataset/result/train/beers/beers_8/beers_8Cleaned.csv
差异文件已保存到:
TestDataset/result/train/beers/beers_8/beers_8_clean_vs_dirty.csv
TestDataset/result/train/beers/beers_8/beers_8_dirty_vs_cleaned.csv
TestDataset/result/train/beers/beers_8/beers_8_clean_vs_cleaned.csv
修复错误数据文件已保存到: TestDataset/result/train/beers/beers_8/beers_8_repair_errors.csv
未修复但是应该修复数据文件已保存到: TestDataset/result/train/beers/beers_8/beers_8_unrepaired.csv
修复准确率: 0.9510603588907015, 修复召回率: 0.25325803649000866, F1值: 0.39999999996678615
========================================
EDR 结果已保存到: TestDataset/result/train/beers/beers_8/beers_8_edr_evaluation.txt
错误减少率 (EDR): 0.24196350999131191
========================================
混合距离结果已保存到: TestDataset/result/train/beers/beers_8/beers_8_hybrid_distance_evaluation.txt
混合距离 (Hybrid Distance): 0.22695172327496843
========================================
R-EDR 结果已保存到: TestDataset/result/train/beers/beers_8/beers_8_record_based_edr_evaluation.txt
基于条目的错误减少率 (R-EDR): 0.170059093893631
========================================
测试结果:
Accuracy: 0.9510603588907015
Recall: 0.25325803649000866
F1 Score: 0.39999999996678615
EDR: 0.24196350999131191
Hybrid Distance: 0.22695172327496843
R-EDR: 0.170059093893631
time(s): 22.383516417
speed: 0.928776614813278 seconds/100num
测评结束，详细测评日志见：TestDataset/result/train/beers/beers_8
