Attribute,Index,Clean Value,Dirty Value
ProviderNumber,4,10018,44917.88790967108
ProviderNumber,9,10019,empty
ProviderNumber,15,10019,54401.48673729874
ProviderNumber,16,10019,54966.67156501859
ProviderNumber,19,10019,30380.35936315441
ProviderNumber,26,10001,33615.156605540324
ProviderNumber,27,10001,empty
ProviderNumber,29,10001,empty
ProviderNumber,31,10001,33417.77378319089
ProviderNumber,32,10001,37315.499354939195
ProviderNumber,38,10001,35848.60614010962
ProviderNumber,42,10001,empty
ProviderNumber,44,10001,empty
ProviderNumber,47,10005,43400.474760585355
ProviderNumber,51,10005,empty
ProviderNumber,54,10005,47012.250693254944
ProviderNumber,62,10005,40688.3190683477
ProviderNumber,69,10005,32908.314348525375
ProviderNumber,70,10006,55007.29933520663
ProviderNumber,73,10006,50224.57295952745
ProviderNumber,79,10006,empty
ProviderNumber,84,10006,51561.09683403892
ProviderNumber,85,10006,52484.623847700095
ProviderNumber,87,10006,53945.31182044379
ProviderNumber,98,10007,50928.02023053092
ProviderNumber,112,10007,33573.22667644868
ProviderNumber,121,10008,50986.256212032866
ProviderNumber,125,10008,30906.308399577694
ProviderNumber,143,10008,38798.165267051954
ProviderNumber,146,10009,55264.19898899908
ProviderNumber,148,10009,42076.15022144131
ProviderNumber,151,10009,37009.97036471225
ProviderNumber,152,10009,empty
ProviderNumber,155,10009,37232.25985678096
ProviderNumber,169,10009,33708.3920378057
ProviderNumber,172,10010,empty
ProviderNumber,174,10010,36804.99980802751
ProviderNumber,180,10010,48152.078396205165
ProviderNumber,188,10010,41593.3167869854
ProviderNumber,195,10011,empty
ProviderNumber,208,10011,44518.37029763188
ProviderNumber,225,10012,41011.59039573727
ProviderNumber,237,10012,44654.713728904026
ProviderNumber,238,10012,56280.86614566593
ProviderNumber,245,10015,40429.01796875601
ProviderNumber,255,10015,59678.92346858944
ProviderNumber,261,10015,38073.19015026768
ProviderNumber,262,10015,empty
ProviderNumber,273,10016,31220.91042257116
ProviderNumber,274,10016,39395.23251201197
ProviderNumber,287,10016,58489.73345307168
ProviderNumber,288,10016,36836.63574534998
ProviderNumber,289,10016,44037.91339150364
ProviderNumber,293,10016,42032.52287002573
ProviderNumber,296,10018,55184.49844510241
ProviderNumber,297,10018,34873.59197564229
ProviderNumber,299,10018,36541.53526855078
ProviderNumber,301,10018,39883.33290574003
ProviderNumber,306,10018,empty
ProviderNumber,307,10018,54443.06227331391
ProviderNumber,315,10038,30941.878570339595
ProviderNumber,319,10038,56083.301481451555
ProviderNumber,321,10038,empty
ProviderNumber,326,10038,empty
ProviderNumber,327,10038,34739.0552663743
ProviderNumber,351,10056,38627.08397133818
ProviderNumber,353,10056,45012.40535725715
ProviderNumber,354,10085,51729.23957884994
ProviderNumber,356,10086,32720.976197406017
ProviderNumber,357,10086,empty
ProviderNumber,360,10086,50917.19382504079
ProviderNumber,363,10086,54081.75214157478
ProviderNumber,364,10086,47391.1799837347
ProviderNumber,370,10086,46054.32945562206
ProviderNumber,371,10086,49628.06468192625
ProviderNumber,382,10087,36445.0664566285
ProviderNumber,383,10087,58998.34008611848
ProviderNumber,385,10087,36311.12442023529
ProviderNumber,394,10108,31105.16884774914
ProviderNumber,397,10108,47019.98915079648
ProviderNumber,398,10108,empty
ProviderNumber,403,10108,36919.55947162096
ProviderNumber,408,10108,48044.657050959366
ProviderNumber,415,10164,empty
ProviderNumber,417,10164,empty
ProviderNumber,419,10164,54581.66196501718
ProviderNumber,423,10164,49038.151841176565
ProviderNumber,425,10164,empty
ProviderNumber,434,20017,112171.41511691718
ProviderNumber,441,20017,91861.96364304016
ProviderNumber,442,20017,95607.60581319034
ProviderNumber,444,20017,73926.07014575423
ProviderNumber,448,20017,100217.600644876
ProviderNumber,450,20017,67298.14675762043
ProviderNumber,452,20018,empty
ProviderNumber,464,10019,empty
ProviderNumber,465,10019,49747.28166192933
ProviderNumber,470,10021,34036.8034720366
ProviderNumber,472,10021,52075.29338216148
ProviderNumber,474,10021,59696.0667300857
ProviderNumber,478,10021,empty
ProviderNumber,479,10021,empty
ProviderNumber,484,10021,42906.975996351575
ProviderNumber,485,10021,empty
ProviderNumber,494,10022,57613.69150933502
ProviderNumber,504,10022,47167.57288814289
ProviderNumber,509,10022,30235.572011312684
ProviderNumber,513,10022,45454.586484528016
ProviderNumber,522,10023,empty
ProviderNumber,525,10023,36947.81648859958
ProviderNumber,527,10023,55102.17448984669
ProviderNumber,531,10023,38607.31071938495
ProviderNumber,537,10023,empty
ProviderNumber,549,10024,58744.11685841106
ProviderNumber,550,10024,50823.172287625675
ProviderNumber,551,10024,52240.07012961071
ProviderNumber,552,10024,49583.80703340168
ProviderNumber,557,10024,55943.07468332181
ProviderNumber,558,10024,46461.84547954653
ProviderNumber,560,10024,empty
ProviderNumber,570,10025,empty
ProviderNumber,572,10025,empty
ProviderNumber,578,10025,45995.92681143014
ProviderNumber,580,10025,55138.14769117708
ProviderNumber,584,10025,empty
ProviderNumber,589,10025,58746.685731405254
ProviderNumber,598,10027,empty
ProviderNumber,600,10027,52940.44171075257
ProviderNumber,607,10027,47288.27336430592
ProviderNumber,618,10029,55571.99695791473
ProviderNumber,623,10029,empty
ProviderNumber,624,10029,50210.63366793861
ProviderNumber,631,10029,47289.30088840678
ProviderNumber,632,10029,32517.632608676955
ProviderNumber,635,10029,36244.555041838496
ProviderNumber,647,10032,50924.317474284915
ProviderNumber,648,10032,32754.802446660276
ProviderNumber,649,10032,48595.072657272256
ProviderNumber,650,10032,51338.97822909236
ProviderNumber,654,10032,44500.62775871078
ProviderNumber,658,10032,33994.347779972086
ProviderNumber,659,10032,41641.51165806081
ProviderNumber,660,10032,52272.944599981085
ProviderNumber,667,10033,58979.30910508129
ProviderNumber,669,10033,empty
ProviderNumber,672,10033,empty
ProviderNumber,679,10033,empty
ProviderNumber,680,10033,46998.47173095557
ProviderNumber,682,10033,38417.93780301097
ProviderNumber,684,10033,54676.25281162927
ProviderNumber,687,10033,43555.023522180105
ProviderNumber,696,10034,31712.032811940135
ProviderNumber,714,10034,53702.886076052775
ProviderNumber,718,10035,39181.09674731753
ProviderNumber,720,10035,empty
ProviderNumber,732,10035,31772.90992868762
ProviderNumber,736,10035,46271.395077283865
ProviderNumber,737,10035,empty
ProviderNumber,739,10035,48986.76820261035
ProviderNumber,742,10036,43029.764394052785
ProviderNumber,748,10036,44317.12017895533
ProviderNumber,759,10036,40304.22034727265
ProviderNumber,760,10036,44111.633035832965
ProviderNumber,768,10038,empty
ProviderNumber,770,10038,45582.79322958234
ProviderNumber,787,10039,empty
ProviderNumber,793,10039,38243.43296580421
ProviderNumber,796,10039,empty
ProviderNumber,802,10039,57411.8443103332
ProviderNumber,806,10040,50919.69971774667
ProviderNumber,814,10040,44281.68810535412
ProviderNumber,820,10040,56950.97227293912
ProviderNumber,823,10040,47751.04380599712
ProviderNumber,831,10043,empty
ProviderNumber,835,10043,34381.99488726934
ProviderNumber,838,10043,60017.8862473097
ProviderNumber,843,10043,42069.72957348759
ProviderNumber,844,10043,45990.99245652652
ProviderNumber,849,10043,30669.116855788983
ProviderNumber,851,10043,50607.05217618522
ProviderNumber,852,10043,32167.571412340007
ProviderNumber,870,10044,49352.68575777473
ProviderNumber,876,10044,31318.29015001528
ProviderNumber,881,10045,empty
ProviderNumber,882,10045,31927.622068768826
ProviderNumber,883,10045,37111.40287508052
ProviderNumber,893,10045,57556.72073888244
ProviderNumber,894,10045,54408.776076371054
ProviderNumber,899,10045,54440.413671341215
ProviderNumber,920,10046,53314.22358635323
ProviderNumber,922,10046,empty
ProviderNumber,924,10046,53769.616457193224
ProviderNumber,928,10046,58918.090022983895
ProviderNumber,929,10046,59917.70845291277
ProviderNumber,932,10047,57165.854572961856
ProviderNumber,943,10047,44383.26552491435
ProviderNumber,953,10047,43750.819975821934
ProviderNumber,957,10049,43426.25586170946
ProviderNumber,962,10049,36990.09000918825
ProviderNumber,966,10049,45303.91504860435
ProviderNumber,968,10049,55916.62969195393
ProviderNumber,972,10049,34899.66948415247
ProviderNumber,975,10049,empty
ProviderNumber,977,10049,46449.853970885015
ProviderNumber,978,10049,32438.30694633955
ProviderNumber,980,10049,empty
ProviderNumber,986,10050,empty
ProviderNumber,987,10050,empty
ProviderNumber,989,10050,37092.67483371649
ProviderNumber,998,10050,50967.50283277008
HospitalName,12,helen keller memorial hospital,empty
HospitalName,13,helen keller memorial hospital,hel$%en keller memorial hospital
HospitalName,19,helen keller memorial hospital,helen keller memori??al hospital
HospitalName,25,southeast alabama medical center,southeast alabama medical cen#ter
HospitalName,29,southeast alabama medical center,empty
HospitalName,32,southeast alabama medical center,sout%heast alabama medi@@cal center
HospitalName,34,southeast alabama medical center,#southeast alabama medical center
HospitalName,35,southeast alabama medical center,southeast alabama medi??cal center
HospitalName,54,marshall medical center south,marshall medical# center south
HospitalName,76,eliza coffee memorial hospital,eliza @@coffee me@@morial hospital
HospitalName,77,eliza coffee memorial hospital,empty
HospitalName,78,eliza coffee memorial hospital,eliza coffee memorial h@@ospit%al
HospitalName,79,eliza coffee memorial hospital,empty
HospitalName,81,eliza coffee memorial hospital,eliza co??ffee memorial hospital
HospitalName,83,eliza coffee memorial hospital,eliza coffee memorial ho$spital
HospitalName,94,eliza coffee memorial hospital,eliza coffee?? memorial hospital
HospitalName,96,mizell memorial hospital,empty
HospitalName,97,mizell memorial hospital,mizell @@memorial ??hospital
HospitalName,101,mizell memorial hospital,mizel#l memorial hospital
HospitalName,122,crenshaw community hospital,crenshaw community hospital%
HospitalName,124,crenshaw community hospital,crenshaw community hospi@@#tal
HospitalName,127,crenshaw community hospital,crensh$aw community h??ospital
HospitalName,131,crenshaw community hospital,empty
HospitalName,133,crenshaw community hospital,crenshaw community %hos$pital
HospitalName,140,crenshaw community hospital,empty
HospitalName,142,crenshaw community hospital,empty
HospitalName,148,hartselle medical center,hartse@@lle medical center
HospitalName,164,hartselle medical center,hartselle medical$ cente??r
HospitalName,167,hartselle medical center,hartsel#le med%ical center
HospitalName,168,hartselle medical center,empty
HospitalName,179,marshall medical center north,marshall% medical center north
HospitalName,182,marshall medical center north,marshal$l medical center north
HospitalName,185,marshall medical center north,marshall medical $cent??er north
HospitalName,188,marshall medical center north,mar%shall medical center north
HospitalName,190,marshall medical center north,empty
HospitalName,197,st vincents east,empty
HospitalName,203,st vincents east,empty
HospitalName,212,st vincents east,st vincents@@% east
HospitalName,214,st vincents east,st vincents east%
HospitalName,221,dekalb regional medical center,dekalb regional medical center#
HospitalName,228,dekalb regional medical center,empty
HospitalName,241,dekalb regional medical center,empty
HospitalName,245,southwest alabama medical center,empty
HospitalName,253,southwest alabama medical center,southw$est# alabama medical center
HospitalName,262,southwest alabama medical center,sou@@th@@west alabama medical center
HospitalName,263,southwest alabama medical center,%southwest alabama medical center
HospitalName,272,shelby baptist medical center,shelby bapti%st medical ce$nter
HospitalName,280,shelby baptist medical center,shelby bapt#ist m#edical center
HospitalName,282,shelby baptist medical center,$shelby baptist medica??l center
HospitalName,284,shelby baptist medical center,shelby baptist medical cent%er
HospitalName,285,shelby baptist medical center,empty
HospitalName,290,shelby baptist medical center,shelby ba#p$tist medical center
HospitalName,297,callahan eye foundation hospital,empty
HospitalName,322,stringfellow memorial hospital,stringfellow memori%al hospital
HospitalName,327,stringfellow memorial hospital,stringfellow memorial% hospital
HospitalName,341,flowers hospital,flowers hos%p??ital
HospitalName,342,flowers hospital,empty
HospitalName,344,flowers hospital,empty
HospitalName,353,st vincents hospital,s@@t vi??ncents hospital
HospitalName,355,northwest medical center,northwe??st medical c$enter
HospitalName,356,northwest medical center,empty
HospitalName,361,northwest medical center,northwest# medical center
HospitalName,372,northwest medical center,empty
HospitalName,375,northwest medical center,empty
HospitalName,382,univ of south alabama medical center,empty
HospitalName,383,univ of south alabama medical center,univ of south alab$ama medical center
HospitalName,389,univ of south alabama medical center,univ of south al??abama medical center
HospitalName,390,univ of south alabama medical center,univ of south% ala@@bama medical center
HospitalName,396,prattville baptist hospital,prattville baptist hospit@@al
HospitalName,399,prattville baptist hospital,prattville% baptist hospital
HospitalName,404,prattville baptist hospital,prattvi@@lle baptist hospital
HospitalName,405,prattville baptist hospital,empty
HospitalName,410,prattville baptist hospital,prattvi#lle baptis#t hospital
HospitalName,412,prattville baptist hospital,pr#attville baptist ho$spital
HospitalName,414,russellville hospital,russellville $hospital
HospitalName,419,coosa valley medical center,coosa vall#e@@y medical center
HospitalName,425,coosa valley medical center,coosa valley m@@edical center
HospitalName,426,coosa valley medical center,empty
HospitalName,432,coosa valley medical center,co%osa valley medical ??center
HospitalName,437,alaska regional hospital,alaska regi??onal hospital
HospitalName,440,alaska regional hospital,alaska r@@egional hos??pital
HospitalName,443,alaska regional hospital,alaska regional hospita@#@l
HospitalName,445,alaska regional hospital,empty
HospitalName,447,alaska regional hospital,alaska region@@al@@ hospital
HospitalName,452,yukon kuskokwim delta reg hospital,yukon kuskokwim delta reg h??ospital
HospitalName,455,helen keller memorial hospital,hel@@en keller memorial hospital
HospitalName,456,helen keller memorial hospital,h#elen kelle@@r memorial hospital
HospitalName,464,helen keller memorial hospital,helen keller@@ memorial h@@ospital
HospitalName,467,dale medical center,empty
HospitalName,469,dale medical center,dale medical ce??nter
HospitalName,471,dale medical center,#d$ale medical center
HospitalName,477,dale medical center,dale medical cente@@r
HospitalName,478,dale medical center,empty
HospitalName,483,dale medical center,empty
HospitalName,491,dale medical center,da??le medical center
HospitalName,503,cherokee medical center,c#herokee medical cent$er
HospitalName,504,cherokee medical center,cherokee m#edical center
HospitalName,506,cherokee medical center,cherokee medic#al center
HospitalName,511,cherokee medical center,cherokee $medical c#enter
HospitalName,516,cherokee medical center,cherokee m%edical@@ center
HospitalName,520,baptist medical center south,baptist medical #cent??er south
HospitalName,544,jackson hospital & clinic inc,jackson hospital &@@ clinic inc
HospitalName,546,jackson hospital & clinic inc,jackson $hospital & cli$nic inc
HospitalName,550,jackson hospital & clinic inc,j%ackson hospital & clinic inc
HospitalName,551,jackson hospital & clinic inc,ja%cks??on hospital & clinic inc
HospitalName,552,jackson hospital & clinic inc,jackson ho%spital & #clinic inc
HospitalName,558,jackson hospital & clinic inc,jac%k@@son hospital & clinic inc
HospitalName,561,jackson hospital & clinic inc,jackson ho#spital & clinic in$c
HospitalName,563,jackson hospital & clinic inc,jackson hosp@@ita%l & clinic inc
HospitalName,567,g h lanier memorial hospital,empty
HospitalName,569,g h lanier memorial hospital,empty
HospitalName,573,g h lanier memorial hospital,g h lanier memorial@@ hospital
HospitalName,578,g h lanier memorial hospital,g h% lanier memorial hospital
HospitalName,579,g h lanier memorial hospital,g h# lanier memoria$l hospital
HospitalName,581,g h lanier memorial hospital,g h lanier mem??orial hospital
HospitalName,593,elba general hospital,empty
HospitalName,595,elba general hospital,elb#a g$eneral hospital
HospitalName,597,elba general hospital,elba g%ener??al hospital
HospitalName,602,elba general hospital,elba general hospit??%al
HospitalName,603,elba general hospital,elba general hospit$al??
HospitalName,605,elba general hospital,elba general hos??pital
HospitalName,612,elba general hospital,elb$a general ho$spital
HospitalName,613,elba general hospital,elba #general hospital
HospitalName,615,elba general hospital,elba gene??ral hospital
HospitalName,616,elba general hospital,elba% general hos%pital
HospitalName,628,east alabama medical center and snf,empty
HospitalName,638,east alabama medical center and snf,empty
HospitalName,639,east alabama medical center and snf,ea$st alabama medical center and snf
HospitalName,642,wedowee hospital,w$e??dowee hospital
HospitalName,646,wedowee hospital,w??edowee hospital
HospitalName,650,wedowee hospital,w$edowee h%ospital
HospitalName,654,wedowee hospital,empty
HospitalName,656,wedowee hospital,wedowee ho??spita#l
HospitalName,658,wedowee hospital,wedowee hospita#l
HospitalName,666,wedowee hospital,w@@e%dowee hospital
HospitalName,672,university of alabama hospital,empty
HospitalName,673,university of alabama hospital,empty
HospitalName,677,university of alabama hospital,university of al%abama hospital
HospitalName,678,university of alabama hospital,empty
HospitalName,679,university of alabama hospital,university of?? a@@labama hospital
HospitalName,688,university of alabama hospital,university $of alabama hospital
HospitalName,691,university of alabama hospital,$university of al%abama hospital
HospitalName,694,community hospital inc,communi#ty hospital inc
HospitalName,700,community hospital inc,communi%ty hospital %inc
HospitalName,706,community hospital inc,communi$t$y hospital inc
HospitalName,709,community hospital inc,c#ommunity hospital inc
HospitalName,712,community hospital inc,c#ommuni$ty hospital inc
HospitalName,714,community hospital inc,empty
HospitalName,719,cullman regional medical center,empty
HospitalName,724,cullman regional medical center,cullman regional medi@@cal center
HospitalName,731,cullman regional medical center,empty
HospitalName,734,cullman regional medical center,cullman re%gional m@@edical center
HospitalName,735,cullman regional medical center,cullman reg??$ional medical center
HospitalName,738,cullman regional medical center,cullman regio#nal medical center
HospitalName,741,cullman regional medical center,cullman regi%onal m@@edical center
HospitalName,763,andalusia regional hospital,empty
HospitalName,771,stringfellow memorial hospital,empty
HospitalName,774,stringfellow memorial hospital,strin#gfellow memorial hospital
HospitalName,790,huntsville hospital,huntsville ho@@spital
HospitalName,791,huntsville hospital,empty
HospitalName,796,huntsville hospital,huntsville ho%spital
HospitalName,798,huntsville hospital,empty
HospitalName,805,gadsden regional medical center,empty
HospitalName,811,gadsden regional medical center,gads@@den regiona$l medical center
HospitalName,818,gadsden regional medical center,gadsden regi??onal me$dical center
HospitalName,819,gadsden regional medical center,gadsden regi$o%nal medical center
HospitalName,820,gadsden regional medical center,empty
HospitalName,851,chilton medical center,empty
HospitalName,857,marion regional medical center,empty
HospitalName,863,marion regional medical center,mari??on regiona#l medical center
HospitalName,864,marion regional medical center,marion %r#egional medical center
HospitalName,867,marion regional medical center,marion regional medi#cal center
HospitalName,871,marion regional medical center,marion regional medi#cal center
HospitalName,881,fayette medical center,empty
HospitalName,888,fayette medical center,??fayette medical center
HospitalName,890,fayette medical center,fayette medical cen??ter
HospitalName,892,fayette medical center,fayette medic%al center
HospitalName,895,fayette medical center,empty
HospitalName,898,fayette medical center,fayette medic@??@al center
HospitalName,901,fayette medical center,empty
HospitalName,909,riverview regional medical center,riverview regional medical cen@@ter
HospitalName,920,riverview regional medical center,riverview re??gional medical center
HospitalName,922,riverview regional medical center,ri$vervie@@w regional medical center
HospitalName,928,riverview regional medical center,riverview regional medical ce@@nter
HospitalName,941,georgiana hospital,georgiana hospi$tal
HospitalName,945,georgiana hospital,georgiana%# hospital
HospitalName,954,georgiana hospital,empty
HospitalName,955,georgiana hospital,georgiana h#ospital
HospitalName,972,medical center enterprise,me#d%ical center enterprise
HospitalName,981,st vincents blount,st vincents b#loun??t
HospitalName,982,st vincents blount,st vincents blo%unt
HospitalName,985,st vincents blount,empty
HospitalName,986,st vincents blount,s%t vincents blount
HospitalName,990,st vincents blount,empty
HospitalName,993,st vincents blount,st vince@@nts blount%
HospitalName,999,st vincents blount,empty
Address1,6,1720 university blvd,empty
Address1,7,1720 university blvd,1720 #unive$rsity blvd
Address1,15,1300 south montgomery avenue,1300 south montgomery ??aven$ue
Address1,18,1300 south montgomery avenue,empty
Address1,23,1108 ross clark circle,1108 ros#s# clark circle
Address1,25,1108 ross clark circle,empty
Address1,30,1108 ross clark circle,1108 ross clark ci@@rc%le
Address1,46,2505 u s highway 431 north,2505 u s highwa#y 431 north
Address1,48,2505 u s highway 431 north,250@@5 $u s highway 431 north
Address1,49,2505 u s highway 431 north,2505 u s $highway 4%31 north
Address1,52,2505 u s highway 431 north,2505 u s highway 431% north
Address1,56,2505 u s highway 431 north,2505 u s hi@@ghway #431 north
Address1,60,2505 u s highway 431 north,empty
Address1,65,2505 u s highway 431 north,$2505 u s highway 431 north
Address1,73,205 marengo street,2%05 %marengo street
Address1,95,702 n main st,%702 n main ??st
Address1,103,702 n main st,empty
Address1,104,702 n main st,702 @@n ma%in st
Address1,110,702 n main st,702 #n main st
Address1,112,702 n main st,empty
Address1,115,702 n main st,empty
Address1,125,101 hospital circle,101$ hospita??l circle
Address1,127,101 hospital circle,101# hospital circle
Address1,129,101 hospital circle,101 hospital circl$e
Address1,143,101 hospital circle,empty
Address1,151,201 pine street northwest,empty
Address1,152,201 pine street northwest,201 pine s@@treet north@@west
Address1,158,201 pine street northwest,201 pine street northwest%
Address1,159,201 pine street northwest,20%1 pin%e street northwest
Address1,165,201 pine street northwest,201 p@@ine street northwest
Address1,177,8000 alabama highway 69,8000 a$labama highway 69
Address1,183,8000 alabama highway 69,8000%?? alabama highway 69
Address1,184,8000 alabama highway 69,empty
Address1,187,8000 alabama highway 69,8000 alaba#ma highway 69
Address1,189,8000 alabama highway 69,8000 alabama %highway 69
Address1,190,8000 alabama highway 69,8000 alabama highway %69
Address1,192,8000 alabama highway 69,8000 alabama hi@@ghway 69??
Address1,204,50 medical park east drive,empty
Address1,209,50 medical park east drive,50 medi#cal park east drive
Address1,211,50 medical park east drive,50 medical pa%rk east drive
Address1,223,200 med center drive,200 med cent??er drive
Address1,234,200 med center drive,empty
Address1,238,200 med center drive,200 ??m??ed center drive
Address1,241,200 med center drive,#200 med #center drive
Address1,244,200 med center drive,empty
Address1,245,33700 highway 43,33700?? hi??ghway 43
Address1,254,33700 highway 43,empty
Address1,255,33700 highway 43,33700 highway 4??3
Address1,264,33700 highway 43,33@@??700 highway 43
Address1,283,1000 first street north,empty
Address1,286,1000 first street north,empty
Address1,287,1000 first street north,1000 first stre#et $north
Address1,289,1000 first street north,empty
Address1,290,1000 first street north,empty
Address1,296,1720 university blvd,1720 universi#ty bl%vd
Address1,297,1720 university blvd,1720 uni@@versity blvd
Address1,305,1720 university blvd,1720 university b@@lvd$
Address1,309,1720 university blvd,1720 university blvd%
Address1,312,301 east 18th st,301 east 18%th st
Address1,316,301 east 18th st,empty
Address1,319,301 east 18th st,301 east 18th s##t
Address1,349,810 st vincents drive,empty
Address1,350,810 st vincents drive,810 st vincents driv??e
Address1,354,1201 7th street se,1201 7th @@%street se
Address1,361,1530 u s highway 43,1530 u s hig%hway 43
Address1,370,1530 u s highway 43,1530 u s highwa#y 43
Address1,381,2451 fillingim street,empty
Address1,382,2451 fillingim street,2451 filli@@ngim street
Address1,385,2451 fillingim street,empty
Address1,386,2451 fillingim street,2451 fillingim stre??et
Address1,394,124 s memorial dr,124 s memorial dr??
Address1,400,124 s memorial dr,124 s memorial?? dr
Address1,404,124 s memorial dr,1??24 s memorial dr
Address1,409,124 s memorial dr,124 s memo#@@rial dr
Address1,416,315 w hickory st,empty
Address1,417,315 w hickory st,315 #w hickory st
Address1,422,315 w hickory st,3%15 w hick@@ory st
Address1,426,315 w hickory st,31$5 w hickor??y st
Address1,429,315 w hickory st,empty
Address1,434,2801 debarr road,2801 debarr r??oad%
Address1,447,2801 debarr road,empty
Address1,449,2801 debarr road,2801 deb@@arr road
Address1,453,1300 south montgomery avenue,13$00 south montgomery avenue
Address1,456,1300 south montgomery avenue,1300 so$uth montgomery avenue
Address1,463,1300 south montgomery avenue,empty
Address1,466,1300 south montgomery avenue,1300 south montgom@@ery avenue
Address1,470,126 hospital ave,12#6 hospital ave
Address1,472,126 hospital ave,126 ho%spital ave
Address1,474,126 hospital ave,empty
Address1,475,126 hospital ave,empty
Address1,477,126 hospital ave,126 hospit%al ave
Address1,482,126 hospital ave,126 hospital a??ve
Address1,485,126 hospital ave,126 hos#pital ave
Address1,486,126 hospital ave,empty
Address1,487,126 hospital ave,126 hospita#l?? ave
Address1,490,126 hospital ave,empty
Address1,492,400 northwood dr,400 northwo$od dr??
Address1,499,400 northwood dr,400 n%orthwood dr
Address1,501,400 northwood dr,400 n#orthwood dr
Address1,505,400 northwood dr,400 no$rthwood@@ dr
Address1,516,400 northwood dr,40@@0 northwood d@@r
Address1,517,2105 east south boulevard,empty
Address1,518,2105 east south boulevard,2105 east south boulev%ard
Address1,522,2105 east south boulevard,2105 east south bo@@ulevard$
Address1,523,2105 east south boulevard,empty
Address1,528,2105 east south boulevard,empty
Address1,542,1725 pine street,empty
Address1,548,1725 pine street,1725% pin@@e street
Address1,552,1725 pine street,17$25 pine street
Address1,555,1725 pine street,1725 pine st#%reet
Address1,567,4800 48th st,empty
Address1,571,4800 48th st,4800 48th s%t
Address1,572,4800 48th st,4800 48%th st
Address1,573,4800 48th st,4800 48th $st??
Address1,591,4800 48th st,4@@80@@0 48th st
Address1,597,987 drayton street,987 #drayton street$
Address1,604,987 drayton street,$987 drayton street
Address1,605,987 drayton street,987 dr@@ayt#on street
Address1,606,987 drayton street,#987 drayton street
Address1,611,987 drayton street,987 dr#ayton street
Address1,624,2000 pepperell parkway,2000 pepp#erell parkway
Address1,633,2000 pepperell parkway,2000 pepperell @@pa@@rkway
Address1,637,2000 pepperell parkway,2000 pepperel%l parkway
Address1,638,2000 pepperell parkway,@@2000 pepperell parkway
Address1,641,2000 pepperell parkway,2000 pep%perell @@parkway
Address1,642,209 north main street,209 north m??ain st@@reet
Address1,651,209 north main street,empty
Address1,666,209 north main street,209 north main street#
Address1,674,619 south 19th street,619 south 19th s%treet
Address1,676,619 south 19th street,619 south 1@@9th street
Address1,685,619 south 19th street,619 @@south 19th street
Address1,693,805 friendship road,805 friendship r%$oad
Address1,696,805 friendship road,805 friendship r$oad
Address1,699,805 friendship road,805 friendship ro??ad
Address1,700,805 friendship road,805 f??riendship road
Address1,707,805 friendship road,805 frie%ndship road??
Address1,708,805 friendship road,empty
Address1,711,805 friendship road,805 friendship ro$ad
Address1,713,805 friendship road,@@805 fri%endship road
Address1,718,1912 alabama highway 157,1912 alabama high@@way 157
Address1,720,1912 alabama highway 157,$1912 alabama #highway 157
Address1,722,1912 alabama highway 157,1912 al$abama highway 15$7
Address1,734,1912 alabama highway 157,1912 alabam@@a highway@@ 157
Address1,735,1912 alabama highway 157,1912?? alabama highway 157
Address1,736,1912 alabama highway 157,1912?? alabama highway 157%
Address1,744,849 south three notch street,8%#49 south three notch street
Address1,748,849 south three notch street,849 s$out#h three notch street
Address1,749,849 south three notch street,849 south three $notch stree#t
Address1,753,849 south three notch street,849 south thre#e notch street
Address1,755,849 south three notch street,849 south t$hree notch street
Address1,760,849 south three notch street,849 south three notch s@@treet
Address1,765,849 south three notch street,849 south thr$ee notch street??
Address1,772,301 east 18th st,30%1 east 18th st
Address1,773,301 east 18th st,empty
Address1,780,101 sivley rd,empty
Address1,782,101 sivley rd,empty
Address1,783,101 sivley rd,101 sivle%y rd
Address1,787,101 sivley rd,101% sivley rd
Address1,796,101 sivley rd,101 siv#ley rd
Address1,797,101 sivley rd,empty
Address1,800,101 sivley rd,empty
Address1,804,1007 goodyear avenue,1007 goodyear ave@@nue
Address1,808,1007 goodyear avenue,1007 goodyear avenue@@
Address1,811,1007 goodyear avenue,1@@00@@7 goodyear avenue
Address1,812,1007 goodyear avenue,1%007 goodyear av#enue
Address1,813,1007 goodyear avenue,1007 goodye$ar avenue
Address1,816,1007 goodyear avenue,10$07 goodyear avenue
Address1,829,1010 lay dam road,empty
Address1,834,1010 lay dam road,1010 lay?? dam road@@
Address1,836,1010 lay dam road,10#10 lay dam road
Address1,837,1010 lay dam road,??1010 lay dam road
Address1,838,1010 lay dam road,1010 lay d$am roa%d
Address1,840,1010 lay dam road,1%010@@ lay dam road
Address1,848,1010 lay dam road,empty
Address1,864,1256 military street south,empty
Address1,865,1256 military street south,1256 military street s%o@@uth
Address1,869,1256 military street south,1256 military ??stre??et south
Address1,873,1256 military street south,%1256 military street south
Address1,884,1653 temple avenue north,1653 t??emple avenue no#rth
Address1,892,1653 temple avenue north,empty
Address1,896,1653 temple avenue north,1653 temple avenue nor@??@th
Address1,905,600 south third street,empty
Address1,909,600 south third street,600 south third stre%et
Address1,916,600 south third street,600 so#uth third street
Address1,917,600 south third street,600 so??uth third st$reet
Address1,922,600 south third street,600 south third stre??et
Address1,940,515 miranda st,515 miranda?? st
Address1,941,515 miranda st,515 mir%anda s$t
Address1,948,515 miranda st,empty
Address1,953,515 miranda st,515 m%iranda #st
Address1,960,400 n edwards street,empty
Address1,961,400 n edwards street,400 n edwards$ street
Address1,967,400 n edwards street,empty
Address1,975,400 n edwards street,empty
Address1,978,400 n edwards street,4??00 n edwards street
Address1,983,150 gilbreath drive,empty
Address1,984,150 gilbreath drive,150 gilbreath% @@drive
Address1,985,150 gilbreath drive,empty
Address1,988,150 gilbreath drive,150 gilbreath ??drive
Address1,1000,150 gilbreath drive,1@@50 gilbreath drive
Address2,23,empty,em%pt??y
Address2,24,empty,#empty
Address2,33,empty,empt@@@@y
Address2,45,empty,??empty
Address2,49,empty,em#pty
Address2,51,empty,empty%
Address2,52,empty,emp$t@@y
Address2,59,empty,e$mpty
Address2,61,empty,em$pty
Address2,62,empty,em$pty??
Address2,72,empty,e#mp$ty
Address2,75,empty,em%pty
Address2,85,empty,%empt??y
Address2,88,empty,empty??
Address2,91,empty,e%mpty$
Address2,92,empty,e@@#mpty
Address2,97,empty,e#m#pty
Address2,104,empty,em%p??ty
Address2,120,empty,emp$t#y
Address2,125,empty,e#mpty
Address2,127,empty,emp%ty
Address2,129,empty,e%mpty
Address2,145,empty,empt@@y
Address2,156,empty,empty??
Address2,158,empty,e%mpty
Address2,159,empty,%empty%
Address2,177,empty,@??@empty
Address2,209,empty,em$pty
Address2,222,empty,em%#pty
Address2,224,empty,@@emp$ty
Address2,229,empty,empty%
Address2,252,empty,e$mpty
Address2,256,empty,empt?#?y
Address2,258,empty,em@@p%ty
Address2,262,empty,emp@@t$y
Address2,263,empty,%empt#y
Address2,283,empty,em%pty
Address2,294,empty,e%mpt@@y
Address2,307,empty,??empty%
Address2,309,empty,empty??
Address2,312,empty,emp$ty
Address2,316,empty,empty%%
Address2,319,empty,??empty
Address2,323,empty,em??pty
Address2,325,empty,e@@mpt#y
Address2,344,empty,em??pt$y
Address2,351,empty,em%pt$y
Address2,356,empty,empty??
Address2,363,empty,e??mpty
Address2,367,empty,emp??ty
Address2,373,empty,emp%t??y
Address2,380,empty,em@@pty
Address2,381,empty,%empty
Address2,384,empty,#empty
Address2,402,empty,em@@pty%
Address2,410,empty,emp$t#y
Address2,411,empty,$#empty
Address2,419,empty,em#pty
Address2,421,empty,em$pty@@
Address2,436,empty,empt@%@y
Address2,443,empty,empt%y%
Address2,451,empty,#empty%
Address2,487,empty,empt#y
Address2,489,empty,@@empty
Address2,509,empty,#empty
Address2,512,empty,??e??mpty
Address2,514,empty,??empty
Address2,518,empty,#empty@@
Address2,520,empty,emp??ty??
Address2,529,empty,@%@empty
Address2,563,empty,e??mpty
Address2,575,empty,em%pty
Address2,592,empty,$empty
Address2,593,empty,empty@@
Address2,597,empty,em%pty??
Address2,602,empty,em$pt@@y
Address2,609,empty,e??mpty
Address2,618,empty,empty@@
Address2,622,empty,empty??
Address2,642,empty,em@@pty@@
Address2,647,empty,e#mpty
Address2,654,empty,e#%mpty
Address2,661,empty,e%mpty
Address2,676,empty,em$pty??
Address2,681,empty,empt$y
Address2,684,empty,#empty
Address2,697,empty,empt$y
Address2,701,empty,e#??mpty
Address2,702,empty,??#empty
Address2,713,empty,empt#y
Address2,717,empty,empty%
Address2,736,empty,e$%mpty
Address2,764,empty,emp%ty
Address2,772,empty,em??pty
Address2,774,empty,emp%t$y
Address2,785,empty,emp#$ty
Address2,787,empty,emp$t$y
Address2,795,empty,em%pt@@y
Address2,804,empty,empt??y
Address2,813,empty,emp##ty
Address2,833,empty,e$m$pty
Address2,836,empty,#e%mpty
Address2,845,empty,e#mpty
Address2,848,empty,e@@mp@@ty
Address2,858,empty,e$mpty
Address2,893,empty,%empty??
Address2,907,empty,e??mpty
Address2,923,empty,e$m$pty
Address2,928,empty,@@empty
Address2,941,empty,em@@$pty
Address2,953,empty,em$pty
Address2,971,empty,empty@@
Address2,981,empty,#e@@mpty
Address2,990,empty,@@empty#
Address2,992,empty,empt#y
Address2,995,empty,em@@#pty
Address2,997,empty,#empty$
Address2,998,empty,empt$$y
Address2,999,empty,e#mpty
Address3,9,empty,empt@@y
Address3,12,empty,em$pty
Address3,17,empty,e$mpty
Address3,20,empty,e#mpty
Address3,22,empty,e??mpty
Address3,30,empty,##empty
Address3,36,empty,em$pty
Address3,43,empty,empt%y
Address3,44,empty,e%mpty
Address3,45,empty,%em$pty
Address3,47,empty,e#??mpty
Address3,50,empty,em@@pty
Address3,59,empty,??e#mpty
Address3,61,empty,empt??y
Address3,66,empty,e@@mpty
Address3,70,empty,empt@@#y
Address3,71,empty,empty??
Address3,95,empty,empty@@
Address3,109,empty,emp??ty#
Address3,123,empty,emp@@t@@y
Address3,129,empty,$empty
Address3,136,empty,empt%%y
Address3,139,empty,emp%ty
Address3,148,empty,empt$@@y
Address3,162,empty,e%mpty
Address3,167,empty,empty%
Address3,177,empty,e#mpty%
Address3,184,empty,empty@$@
Address3,186,empty,em@%@pty
Address3,188,empty,emp$ty$
Address3,198,empty,emp%ty$
Address3,208,empty,%empty
Address3,215,empty,%empty
Address3,216,empty,e@@%mpty
Address3,220,empty,empt#y
Address3,225,empty,$empty
Address3,228,empty,$emp$ty
Address3,229,empty,$empty@@
Address3,238,empty,empt#y
Address3,239,empty,empt@@y
Address3,243,empty,em??pty
Address3,246,empty,%empty
Address3,249,empty,em@@p#ty
Address3,254,empty,empty#
Address3,255,empty,@@e#mpty
Address3,262,empty,empt$y
Address3,263,empty,??e%mpty
Address3,265,empty,empty@@
Address3,276,empty,empt??y
Address3,280,empty,#empty
Address3,289,empty,empt$y
Address3,297,empty,e@@mpty
Address3,307,empty,emp#ty
Address3,308,empty,e??mpt??y
Address3,309,empty,emp$ty
Address3,311,empty,empt$%y
Address3,313,empty,$empty
Address3,325,empty,e??mpty
Address3,330,empty,em??pty#
Address3,342,empty,empty$
Address3,346,empty,empty#
Address3,347,empty,empty??
Address3,351,empty,e%%mpty
Address3,356,empty,#em%pty
Address3,362,empty,$empt#y
Address3,364,empty,%empt@@y
Address3,369,empty,emp#ty
Address3,371,empty,e??mpty
Address3,373,empty,%emp$ty
Address3,375,empty,em$pty
Address3,390,empty,e%mpt@@y
Address3,412,empty,em#pt@@y
Address3,442,empty,em????pty
Address3,448,empty,em%pt#y
Address3,457,empty,??em@@pty
Address3,458,empty,e#mpty
Address3,460,empty,empty$
Address3,465,empty,emp#t%y
Address3,479,empty,emp@#@ty
Address3,487,empty,emp#ty
Address3,493,empty,empt??y
Address3,507,empty,empty??
Address3,510,empty,e@@mpty%
Address3,518,empty,%emp#ty
Address3,533,empty,em$pty
Address3,535,empty,e#mpty
Address3,549,empty,emp%ty
Address3,558,empty,em@@pty#
Address3,559,empty,e#m$pty
Address3,564,empty,e??mpty
Address3,565,empty,e%mpty
Address3,569,empty,%empty
Address3,577,empty,empt$y%
Address3,599,empty,e%mpt$y
Address3,600,empty,e#mpty
Address3,607,empty,empty$
Address3,615,empty,e#m#pty
Address3,623,empty,e@@mpt@@y
Address3,624,empty,empt?@@?y
Address3,625,empty,#empty
Address3,632,empty,e@@mpt@@y
Address3,640,empty,empt??y
Address3,646,empty,em$#pty
Address3,647,empty,emp@@ty
Address3,660,empty,em@@pty
Address3,661,empty,%empt#y
Address3,663,empty,empt%y
Address3,664,empty,empt??y
Address3,666,empty,e$mpty
Address3,674,empty,??empty
Address3,687,empty,e%mpty
Address3,699,empty,e%m#pty
Address3,705,empty,@@e%mpty
Address3,726,empty,??empty
Address3,737,empty,$em%pty
Address3,763,empty,%$empty
Address3,766,empty,e@@mpty#
Address3,772,empty,e#mpt$y
Address3,782,empty,#empty$
Address3,786,empty,$empty
Address3,789,empty,@@empty@@
Address3,793,empty,emp$ty
Address3,794,empty,??empty
Address3,797,empty,e%mp??ty
Address3,823,empty,??empty
Address3,836,empty,empty??
Address3,847,empty,#empty
Address3,865,empty,emp$t$y
Address3,871,empty,e#m@@pty
Address3,880,empty,empt##y
Address3,892,empty,empt$y??
Address3,902,empty,emp??ty
Address3,904,empty,e??mpt%y
Address3,906,empty,emp$ty
Address3,909,empty,e#mpty$
Address3,916,empty,emp#ty
Address3,928,empty,e??mpty
Address3,936,empty,em$pt%y
Address3,942,empty,e%mpty
Address3,944,empty,empt#y
Address3,952,empty,emp%#ty
Address3,958,empty,e#mp$ty
Address3,966,empty,e@@mpty
Address3,970,empty,empt%y
Address3,971,empty,e@@mpty%
Address3,976,empty,empty??
Address3,978,empty,empty$
Address3,995,empty,emp$ty#
City,4,birmingham,empty
City,11,sheffield,sh@@effield
City,16,sheffield,sheffie%%ld
City,20,dothan,dot@@@@han
City,23,dothan,dot%han
City,28,dothan,doth%an
City,31,dothan,empty
City,42,dothan,do??than
City,43,dothan,dot%han#
City,44,dothan,d%ot$han
City,45,boaz,b#oaz
City,50,boaz,boa%@@z
City,52,boaz,boa@@z
City,56,boaz,empty
City,59,boaz,bo@@az%
City,60,boaz,empty
City,62,boaz,??boaz#
City,67,boaz,??b$oaz
City,74,florence,f@@lorence#
City,77,florence,empty
City,78,florence,flo$renc$e
City,82,florence,empty
City,90,florence,f#lorenc$e
City,95,opp,#??opp
City,100,opp,o@@p$p
City,102,opp,o%pp@@
City,103,opp,$opp$
City,119,opp,op??%p
City,122,luverne,luver@@ne
City,125,luverne,$luverne
City,137,luverne,luver@%@ne
City,144,luverne,#luverne
City,149,hartselle,hartsel??le
City,151,hartselle,hart#selle
City,152,hartselle,ha%rtselle
City,156,hartselle,h@@artsel$le
City,158,hartselle,empty
City,161,hartselle,h$artselle$
City,162,hartselle,empty
City,168,hartselle,hartsel??$le
City,169,hartselle,ha$rtselle
City,178,guntersville,empty
City,180,guntersville,gu$ntersville@@
City,197,birmingham,birmingha??m
City,198,birmingham,birm$ing??ham
City,207,birmingham,birmingh%am
City,214,birmingham,birm??ingham
City,215,birmingham,empty
City,218,birmingham,birm@@ingham#
City,226,fort payne,??fort# payne
City,230,fort payne,fort ??payne
City,233,fort payne,fort# payne
City,239,fort payne,%fort payn#e
City,248,thomasville,empty
City,251,thomasville,thomasvil$le$
City,258,thomasville,#tho@@masville
City,265,thomasville,t@@h#omasville
City,270,alabaster,@@alaba$ster
City,275,alabaster,empty
City,281,alabaster,alaba@@ster
City,284,alabaster,$alabas@@ter
City,287,alabaster,alaba##ster
City,288,alabaster,#alabaster#
City,290,alabaster,empty
City,295,birmingham,birmingham@@
City,319,anniston,ann??iston@@
City,331,anniston,empty
City,346,dothan,dotha$??n
City,347,dothan,empty
City,356,winfield,$wi??nfield
City,357,winfield,winfie#ld%
City,360,winfield,w$infi$eld
City,361,winfield,wi#nfield
City,362,winfield,empty
City,364,winfield,w%infi??eld
City,365,winfield,winfie%ld
City,371,winfield,%winfield
City,376,winfield,win??field
City,378,winfield,empty
City,393,prattville,p#ratt%ville
City,400,prattville,empty
City,406,prattville,empty
City,414,russellville,??russellville
City,418,sylacauga,s%@@ylacauga
City,421,sylacauga,s@@$ylacauga
City,422,sylacauga,sylac????auga
City,423,sylacauga,empty
City,427,sylacauga,sylac@@aug#a
City,428,sylacauga,sylacauga??
City,429,sylacauga,empty
City,434,anchorage,empty
City,436,anchorage,anchora%ge
City,451,bethel,be%thel
City,454,sheffield,empty
City,457,sheffield,empty
City,461,sheffield,%sheff@@ield
City,466,sheffield,%sheff$ield
City,469,ozark,oz$ark@@
City,477,ozark,empty
City,483,ozark,empty
City,485,ozark,empty
City,486,ozark,oz$ark
City,500,centre,cent$re
City,504,centre,centre%
City,506,centre,??centre??
City,507,centre,ce$ntre
City,511,centre,ce@@nt%re
City,512,centre,c$entre
City,514,centre,c??entre
City,530,montgomery,%montgomery
City,532,montgomery,empty
City,534,montgomery,empty
City,537,montgomery,montgomery%
City,538,montgomery,empty
City,541,montgomery,mont$gomery
City,544,montgomery,$montgomery
City,546,montgomery,mon#tgomery
City,553,montgomery,montgomery@@
City,556,montgomery,mo%ntgomer#y
City,558,montgomery,mont@@gom@@ery
City,559,montgomery,m??ontgomery
City,560,montgomery,montgome@@ry
City,566,montgomery,m??ontgome#ry
City,570,valley,vall$ey
City,572,valley,empty
City,581,valley,empty
City,584,valley,va#lle#y
City,590,valley,empty
City,591,valley,valle#y
City,592,elba,e??l??ba
City,607,elba,e#lba
City,609,elba,??elba
City,610,elba,elb@@a
City,611,elba,empty
City,617,opelika,@@opelika
City,619,opelika,ope%li$ka
City,625,opelika,opelik??a
City,632,opelika,o$pe$lika
City,640,opelika,empty
City,646,wedowee,wed@@owee
City,659,wedowee,wedowe$e
City,661,wedowee,wedowe??e
City,669,birmingham,bi??rmingham
City,679,birmingham,bir%mingham
City,680,birmingham,birmi#ngham
City,681,birmingham,birmingha??m
City,683,birmingham,birmingh??am$
City,689,birmingham,empty
City,692,tallassee,%ta@@llassee
City,705,tallassee,empty
City,706,tallassee,empty
City,713,tallassee,tall@@asse#e
City,722,cullman,cull??m@@an
City,732,cullman,cul$lma$n
City,739,cullman,cullm$a#n
City,746,andalusia,empty
City,747,andalusia,and@@alusia
City,756,andalusia,an#dalusia
City,759,andalusia,a@@ndalusia
City,761,andalusia,andal@@usia
City,766,andalusia,a??n$dalusia
City,768,anniston,annisto$n
City,771,anniston,annist@@on
City,773,anniston,#anniston
City,777,huntsville,huntsvill%e
City,781,huntsville,empty
City,782,huntsville,hu%ntsvi??lle
City,783,huntsville,huntsvi#lle
City,801,huntsville,empty
City,803,gadsden,gads@@den
City,807,gadsden,gad%sden
City,818,gadsden,gadsd%en
City,819,gadsden,empty
City,820,gadsden,gad??sde%n
City,823,gadsden,gads@@den
City,824,gadsden,empty
City,831,clanton,$cl%anton
City,832,clanton,empty
City,833,clanton,cl#anton
City,834,clanton,cla#n??ton
City,842,clanton,clanton%
City,843,clanton,clan@@ton
City,847,clanton,empty
City,850,clanton,empty
City,863,hamilton,ham%ilton
City,864,hamilton,ham%ilton
City,879,fayette,??fayette#
City,881,fayette,fayet$$te
City,885,fayette,fayett@@e
City,886,fayette,empty
City,898,fayette,fayet??t??e
City,906,gadsden,g$ad#sden
City,908,gadsden,empty
City,909,gadsden,ga%dsden
City,917,gadsden,??g??adsden
City,928,gadsden,g$adsden
City,930,gadsden,g??adsden
City,935,georgiana,empty
City,936,georgiana,geor%giana
City,938,georgiana,ge??#orgiana
City,939,georgiana,g$eorgian@@a
City,951,georgiana,geo@@rgiana
City,957,enterprise,enterpris??e
City,958,enterprise,empty
City,967,enterprise,empty
City,969,enterprise,empty
City,982,oneonta,one$onta$
City,984,oneonta,oneo#n@@ta
City,993,oneonta,empty
City,995,oneonta,o@@neonta
City,997,oneonta,#oneo??nta
City,998,oneonta,oneonta??
State,1,al,al%
State,8,al,a??l
State,24,al,@??@al
State,34,al,??al
State,44,al,a??%l
State,53,al,a#l%
State,57,al,al@@#
State,60,al,empty
State,61,al,empty
State,62,al,empty
State,65,al,empty
State,85,al,??a$l
State,88,al,al??
State,90,al,%al
State,95,al,al$$
State,97,al,@@@@al
State,120,al,empty
State,125,al,a??l@@
State,126,al,#a$l
State,129,al,a%l
State,130,al,$$al
State,133,al,a$l
State,137,al,empty
State,139,al,al#
State,154,al,al%#
State,160,al,??al
State,161,al,empty
State,164,al,empty
State,166,al,a$#l
State,174,al,a$l
State,192,al,a#l
State,194,al,al#%
State,197,al,a??l
State,200,al,empty
State,202,al,al%??
State,211,al,empty
State,221,al,a%l
State,222,al,al#%
State,223,al,a????l
State,224,al,al$
State,225,al,a??$l
State,230,al,@#@al
State,237,al,al$
State,249,al,al$??
State,256,al,#al@@
State,259,al,a%l@@
State,260,al,a@@l
State,265,al,??al
State,270,al,al##
State,273,al,@@a$l
State,284,al,#a$l
State,285,al,al$
State,286,al,al$
State,287,al,@@al
State,290,al,$al
State,299,al,??a$l
State,305,al,a%l
State,310,al,a@@l
State,312,al,al@@
State,313,al,@@al
State,317,al,al%$
State,321,al,a@@l
State,322,al,??al$
State,334,al,al$#
State,346,al,empty
State,358,al,empty
State,359,al,#al
State,360,al,empty
State,362,al,empty
State,363,al,@@a@@l
State,364,al,????al
State,375,al,empty
State,376,al,al@@
State,378,al,al@@
State,387,al,$a#l
State,388,al,empty
State,391,al,a$l$
State,392,al,empty
State,395,al,a$l
State,413,al,a??l
State,423,al,%al
State,451,ak,$ak
State,454,al,a@@l
State,457,al,a$l@@
State,460,al,a%l
State,464,al,al@@
State,465,al,empty
State,466,al,al#
State,474,al,a??l
State,484,al,??%al
State,486,al,empty
State,487,al,a????l
State,489,al,empty
State,493,al,@@al@@
State,494,al,$al%
State,509,al,al##
State,511,al,al#
State,515,al,empty
State,522,al,??al%
State,524,al,empty
State,530,al,empty
State,536,al,empty
State,537,al,empty
State,541,al,#a$l
State,544,al,a$l
State,547,al,a%l$
State,556,al,a%#l
State,557,al,empty
State,560,al,$al
State,576,al,@@@@al
State,580,al,a#l
State,588,al,al#
State,590,al,empty
State,595,al,empty
State,599,al,a#l
State,612,al,al$
State,613,al,al??
State,623,al,@??@al
State,639,al,a@@@@l
State,643,al,a??l$
State,648,al,a@@l
State,656,al,al#
State,662,al,a%l
State,664,al,empty
State,668,al,a%l
State,683,al,empty
State,688,al,al$
State,694,al,empty
State,697,al,a#l
State,704,al,empty
State,707,al,empty
State,708,al,a@@l
State,724,al,a??l#
State,728,al,empty
State,731,al,al@@
State,750,al,%a#l
State,753,al,??a%l
State,757,al,al@@@@
State,758,al,a@@??l
State,763,al,a#l??
State,764,al,empty
State,771,al,??al
State,772,al,al@@
State,775,al,#al#
State,784,al,al@@
State,786,al,@@$al
State,787,al,@@al#
State,798,al,al#%
State,803,al,empty
State,813,al,a$#l
State,817,al,%$al
State,821,al,a%l
State,823,al,#%al
State,825,al,al%
State,826,al,al$
State,836,al,empty
State,843,al,empty
State,854,al,??al
State,857,al,$al@@
State,861,al,al%
State,870,al,a$l@@
State,887,al,a??l
State,895,al,a$l
State,898,al,al$
State,899,al,empty
State,902,al,al@@
State,909,al,$al
State,917,al,empty
State,918,al,empty
State,919,al,al?$?
State,920,al,al@@
State,928,al,empty
State,932,al,empty
State,936,al,a??l
State,939,al,empty
State,942,al,al#
State,950,al,%al
State,955,al,@#@al
State,957,al,al??%
State,967,al,a$%l
State,971,al,a#l
State,973,al,empty
State,974,al,a$l
State,976,al,a%l
State,992,al,a#%l
State,998,al,%$al
ZipCode,7,35233,206752.22195206457
ZipCode,8,35233,empty
ZipCode,10,35660,166346.96312523977
ZipCode,14,35660,172501.16586363065
ZipCode,17,35660,empty
ZipCode,20,36302,131373.99273824683
ZipCode,23,36302,179652.35388839114
ZipCode,37,36302,125886.82793514933
ZipCode,43,36302,empty
ZipCode,45,35957,192132.7868757454
ZipCode,52,35957,177686.00683945426
ZipCode,53,35957,empty
ZipCode,64,35957,199141.06603646945
ZipCode,68,35957,142575.93021328503
ZipCode,69,35957,empty
ZipCode,70,35631,136833.55399646715
ZipCode,74,35631,208570.8454174228
ZipCode,88,35631,116983.286312937
ZipCode,91,35631,empty
ZipCode,92,35631,empty
ZipCode,94,35631,202601.29586669675
ZipCode,95,36467,155523.38279346944
ZipCode,97,36467,199156.261449716
ZipCode,98,36467,185107.2207848005
ZipCode,99,36467,115989.3461230284
ZipCode,105,36467,136586.03396797812
ZipCode,107,36467,149046.78113251
ZipCode,112,36467,204968.14562597364
ZipCode,117,36467,113562.17706301952
ZipCode,120,36049,empty
ZipCode,121,36049,159319.37738052136
ZipCode,125,36049,184463.37715818227
ZipCode,129,36049,empty
ZipCode,130,36049,155318.59096993186
ZipCode,147,35640,empty
ZipCode,152,35640,129471.1758897068
ZipCode,161,35640,empty
ZipCode,163,35640,120463.18009413149
ZipCode,166,35640,146002.98242411745
ZipCode,175,35976,182548.92870308863
ZipCode,176,35976,191147.7098120018
ZipCode,183,35976,189414.51662878192
ZipCode,184,35976,134701.7238630667
ZipCode,185,35976,130039.54106280608
ZipCode,190,35976,213390.9705053743
ZipCode,200,35235,137755.68767076446
ZipCode,205,35235,167133.7548242211
ZipCode,210,35235,135110.5674172179
ZipCode,221,35968,196307.87849747273
ZipCode,223,35968,empty
ZipCode,226,35968,201491.38226320656
ZipCode,231,35968,127912.1984567328
ZipCode,234,35968,181606.10783960225
ZipCode,235,35968,196594.75966099295
ZipCode,236,35968,133743.4135901694
ZipCode,238,35968,214962.59537391548
ZipCode,240,35968,154189.84877048974
ZipCode,246,36784,150899.99013271867
ZipCode,254,36784,134177.41061878152
ZipCode,255,36784,empty
ZipCode,256,36784,199521.72365629303
ZipCode,269,36784,empty
ZipCode,277,35007,151834.93873933866
ZipCode,281,35007,146777.19816251355
ZipCode,287,35007,154954.17654429653
ZipCode,288,35007,152457.18081731297
ZipCode,298,35233,empty
ZipCode,299,35233,empty
ZipCode,315,36201,152090.44011981794
ZipCode,320,36201,114964.7785592072
ZipCode,321,36201,159609.28917964434
ZipCode,322,36201,129138.83108308668
ZipCode,324,36201,203786.2239713467
ZipCode,327,36201,112540.8582691944
ZipCode,332,36305,empty
ZipCode,351,35205,empty
ZipCode,353,35205,170435.8833823035
ZipCode,360,35594,129727.55629925236
ZipCode,363,35594,168033.17623477595
ZipCode,372,35594,199703.4207476871
ZipCode,392,36617,189922.77056191137
ZipCode,393,36067,113775.02983123343
ZipCode,404,36067,170503.94768818063
ZipCode,405,36067,115532.20053157015
ZipCode,408,36067,183719.69326935295
ZipCode,411,36067,206089.27552596063
ZipCode,430,35150,empty
ZipCode,432,35150,106525.99873637142
ZipCode,435,99508,483690.4588063536
ZipCode,436,99508,593045.414002979
ZipCode,441,99508,372786.80789629824
ZipCode,444,99508,empty
ZipCode,448,99508,304273.0184893354
ZipCode,449,99508,empty
ZipCode,455,35660,195453.662973816
ZipCode,467,36360,153189.30821678662
ZipCode,477,36360,empty
ZipCode,485,36360,empty
ZipCode,488,36360,empty
ZipCode,492,35960,empty
ZipCode,494,35960,207417.37191325027
ZipCode,496,35960,148148.84659631946
ZipCode,507,35960,empty
ZipCode,509,35960,133947.56755897292
ZipCode,512,35960,142095.95404670262
ZipCode,515,35960,empty
ZipCode,533,36116,152229.09771986218
ZipCode,558,36106,151268.6925169682
ZipCode,568,36854,151433.3492427154
ZipCode,572,36854,empty
ZipCode,574,36854,219782.61618285207
ZipCode,578,36854,134820.1587853026
ZipCode,583,36854,empty
ZipCode,594,36323,empty
ZipCode,595,36323,130244.69790700988
ZipCode,602,36323,129126.57585388423
ZipCode,606,36323,empty
ZipCode,607,36323,158251.69438676472
ZipCode,611,36323,175983.2799158135
ZipCode,616,36323,215178.73614501164
ZipCode,618,36801,213126.96424109192
ZipCode,629,36801,empty
ZipCode,633,36801,151875.37370679798
ZipCode,640,36801,empty
ZipCode,644,36278,empty
ZipCode,645,36278,159808.6618747464
ZipCode,647,36278,131002.09885813562
ZipCode,650,36278,114313.8155351074
ZipCode,663,36278,155957.50623315046
ZipCode,667,35233,empty
ZipCode,673,35233,empty
ZipCode,674,35233,173873.5622049586
ZipCode,682,35233,174850.4459015831
ZipCode,685,35233,empty
ZipCode,692,36078,empty
ZipCode,695,36078,111490.7073251014
ZipCode,702,36078,173517.62201124642
ZipCode,711,36078,138568.24523871933
ZipCode,715,36078,134678.74436963705
ZipCode,716,36078,empty
ZipCode,719,35058,181701.06166672532
ZipCode,724,35058,empty
ZipCode,725,35058,135755.08656632516
ZipCode,726,35058,empty
ZipCode,732,35058,183018.2259103172
ZipCode,733,35058,134447.14759414786
ZipCode,740,35058,empty
ZipCode,748,36420,empty
ZipCode,756,36420,134311.44601951118
ZipCode,758,36420,148740.71582581528
ZipCode,766,36420,167044.47001784123
ZipCode,767,36201,139226.73855211586
ZipCode,770,36201,119039.1493210372
ZipCode,777,35801,160756.81186670635
ZipCode,781,35801,178350.32921593764
ZipCode,792,35801,empty
ZipCode,794,35801,188168.2002570744
ZipCode,798,35801,empty
ZipCode,799,35801,208090.69944507565
ZipCode,802,35801,148749.9732889323
ZipCode,806,35903,175596.1012605063
ZipCode,827,35903,185015.23213258013
ZipCode,834,35045,171727.1660656851
ZipCode,835,35045,117904.47055139187
ZipCode,840,35045,152649.34232004118
ZipCode,845,35045,118529.08247844664
ZipCode,848,35045,121147.9631156571
ZipCode,849,35045,154831.32764712744
ZipCode,852,35045,empty
ZipCode,859,35570,209542.23089913523
ZipCode,862,35570,124713.93844821666
ZipCode,872,35570,136658.18309310827
ZipCode,878,35555,180861.41100467264
ZipCode,879,35555,163266.54788198904
ZipCode,883,35555,144938.17927043542
ZipCode,887,35555,180152.84699405447
ZipCode,891,35555,empty
ZipCode,905,35901,175869.64652013438
ZipCode,909,35901,187684.97393121023
ZipCode,917,35901,empty
ZipCode,937,36033,164424.31556987157
ZipCode,939,36033,112728.74333991468
ZipCode,942,36033,151485.08060274512
ZipCode,947,36033,179831.57172077117
ZipCode,963,36330,empty
ZipCode,964,36330,147551.8366325769
ZipCode,965,36330,empty
ZipCode,967,36330,201527.30459390584
ZipCode,969,36330,empty
ZipCode,972,36330,171401.0860761907
ZipCode,973,36330,110473.52315842856
ZipCode,977,36330,203532.84197025828
ZipCode,978,36330,144296.02377662907
ZipCode,982,35121,109957.21406168172
ZipCode,986,35121,187249.83583346193
ZipCode,989,35121,116517.65972927366
ZipCode,993,35121,118011.41308869574
ZipCode,995,35121,163340.70842222622
ZipCode,997,35121,empty
ZipCode,999,35121,163169.38694247563
CountyName,6,jefferson,jeffer@@son
CountyName,9,jefferson,j#efferson
CountyName,15,jefferson,jefferso%n
CountyName,23,houston,houst??on
CountyName,25,houston,hous$to$n
CountyName,28,houston,$%houston
CountyName,30,houston,empty
CountyName,31,houston,hou@@ston
CountyName,36,houston,empty
CountyName,40,houston,hous%ton
CountyName,47,marshall,marsh$all$
CountyName,51,marshall,??mar%shall
CountyName,53,marshall,marsh#all
CountyName,56,marshall,ma??#rshall
CountyName,62,marshall,mar$shall$
CountyName,64,marshall,ma%rshall
CountyName,65,marshall,ma#rshall
CountyName,70,lauderdale,lauderdal$e
CountyName,72,lauderdale,la??uderdale
CountyName,82,lauderdale,lau??der??dale
CountyName,84,lauderdale,l??auderdale
CountyName,85,lauderdale,l??auderdale
CountyName,86,lauderdale,lau#d@@erdale
CountyName,90,lauderdale,empty
CountyName,99,covington,cov??ington
CountyName,101,covington,co%vin%gton
CountyName,106,covington,empty
CountyName,114,covington,c#ov@@ington
CountyName,123,crenshaw,cr#ens%haw
CountyName,126,crenshaw,crens#haw@@
CountyName,129,crenshaw,??c%renshaw
CountyName,132,crenshaw,cr%enshaw
CountyName,134,crenshaw,cren%shaw@@
CountyName,143,crenshaw,empty
CountyName,146,morgan,mor$gan
CountyName,156,morgan,empty
CountyName,162,morgan,empty
CountyName,166,morgan,mo@@rgan
CountyName,173,marshall,$ma%rshall
CountyName,175,marshall,marsh@@all
CountyName,188,marshall,empty
CountyName,195,jefferson,empty
CountyName,197,jefferson,je@@fferson
CountyName,198,jefferson,empty
CountyName,199,jefferson,empty
CountyName,207,jefferson,jefferson$%
CountyName,209,jefferson,jeff$er@@son
CountyName,219,jefferson,empty
CountyName,224,de kalb,d#$e kalb
CountyName,232,de kalb,de ka#lb
CountyName,235,de kalb,de$ kalb$
CountyName,238,de kalb,de@%@ kalb
CountyName,246,clarke,#clarke
CountyName,250,clarke,c#larke
CountyName,257,clarke,??c??larke
CountyName,258,clarke,empty
CountyName,265,clarke,$clarke
CountyName,266,clarke,empty
CountyName,268,clarke,cla%r$ke
CountyName,273,shelby,#shelby
CountyName,274,shelby,shel#by
CountyName,278,shelby,sh#elby
CountyName,286,shelby,$shelby
CountyName,288,shelby,s$helby#
CountyName,292,shelby,empty
CountyName,301,jefferson,je#fferso@@n
CountyName,303,jefferson,empty
CountyName,310,jefferson,empty
CountyName,313,calhoun,empty
CountyName,318,calhoun,@@ca$lhoun
CountyName,319,calhoun,calho%un
CountyName,323,calhoun,calhou@@n
CountyName,347,houston,@@houston%
CountyName,350,jefferson,empty
CountyName,351,jefferson,j#eff#erson
CountyName,355,marion,%mari@@on
CountyName,356,marion,%ma%rion
CountyName,358,marion,??mari#on
CountyName,359,marion,mar??ion
CountyName,360,marion,mari#on
CountyName,362,marion,marion??
CountyName,380,mobile,mo@#@bile
CountyName,390,mobile,m#obile
CountyName,395,autauga,a%uta%uga
CountyName,401,autauga,empty
CountyName,405,autauga,empty
CountyName,408,autauga,empty
CountyName,410,autauga,$auta$uga
CountyName,415,talladega,talladega#$
CountyName,419,talladega,empty
CountyName,420,talladega,tall$a$dega
CountyName,425,talladega,tallad$ega
CountyName,431,talladega,tallad%ega
CountyName,434,anchorage,$anchorage
CountyName,435,anchorage,$an@@chorage
CountyName,441,anchorage,empty
CountyName,445,anchorage,anchorage#
CountyName,447,anchorage,empty
CountyName,452,bethel,empty
CountyName,455,jefferson,j%efferson
CountyName,458,jefferson,j%efferso@@n
CountyName,465,jefferson,jeffe@@rson
CountyName,468,dale,empty
CountyName,487,dale,empty
CountyName,488,dale,empty
CountyName,491,dale,dal#@@e
CountyName,497,cherokee,empty
CountyName,498,cherokee,chero#kee
CountyName,500,cherokee,che%rok#ee
CountyName,501,cherokee,chero#kee
CountyName,509,cherokee,empty
CountyName,523,montgomery,m??on$tgomery
CountyName,524,montgomery,montgomer#%y
CountyName,525,montgomery,mo@@ntgomery
CountyName,532,montgomery,empty
CountyName,538,montgomery,mon@@tgomery
CountyName,541,montgomery,empty
CountyName,545,montgomery,mo$ntgomery
CountyName,558,montgomery,montgom%ery
CountyName,560,montgomery,mont%g$omery
CountyName,561,montgomery,empty
CountyName,562,montgomery,montg%omery
CountyName,573,chambers,empty
CountyName,576,chambers,empty
CountyName,595,coffee,co%ffee
CountyName,597,coffee,coff@@??ee
CountyName,606,coffee,coffee##
CountyName,609,coffee,empty
CountyName,612,coffee,c#offee%
CountyName,618,lee,le@@??e
CountyName,633,lee,l?$?ee
CountyName,634,lee,l%e%e
CountyName,637,lee,l$ee
CountyName,639,lee,??#lee
CountyName,640,lee,@@lee%
CountyName,641,lee,le@@e
CountyName,648,randolph,r$and%olph
CountyName,654,randolph,ra#ndolph??
CountyName,660,randolph,randolp??h$
CountyName,661,randolph,randolph%
CountyName,665,randolph,empty
CountyName,670,jefferson,jefferson%
CountyName,676,jefferson,jefferson#
CountyName,677,jefferson,jeffer??son
CountyName,692,elmore,@@el@@more
CountyName,703,elmore,elmor??e
CountyName,704,elmore,empty
CountyName,705,elmore,elm??%ore
CountyName,706,elmore,elmo@@#re
CountyName,707,elmore,elmor@@e#
CountyName,708,elmore,e??lmore
CountyName,709,elmore,el#more#
CountyName,710,elmore,??#elmore
CountyName,728,cullman,cu%llma$n
CountyName,731,cullman,empty
CountyName,732,cullman,cull#m$an
CountyName,741,cullman,empty
CountyName,742,covington,covingt@@on
CountyName,746,covington,empty
CountyName,752,covington,co#vingto@@n
CountyName,758,covington,$covi$ngton
CountyName,764,covington,c@@ovington
CountyName,770,calhoun,ca@@lh??oun
CountyName,772,calhoun,c??alhoun
CountyName,774,calhoun,empty
CountyName,776,madison,mad@@ison
CountyName,779,madison,empty
CountyName,785,madison,ma#d@@ison
CountyName,790,madison,%mad@@ison
CountyName,800,madison,ma@@dison
CountyName,806,etowah,etow@@a$h
CountyName,822,etowah,etow@@ah
CountyName,827,etowah,etow??ah??
CountyName,830,chilton,empty
CountyName,847,chilton,@@chilton??
CountyName,856,marion,%marion??
CountyName,859,marion,mario%n
CountyName,867,marion,m@@ario#n
CountyName,868,marion,m??#arion
CountyName,872,marion,mar??i$on
CountyName,874,marion,ma%%rion
CountyName,879,fayette,f????ayette
CountyName,897,fayette,%fayette
CountyName,905,etowah,etowah??
CountyName,906,etowah,empty
CountyName,909,etowah,#etowa@@h
CountyName,913,etowah,$eto#wah
CountyName,914,etowah,@@etowah@@
CountyName,915,etowah,empty
CountyName,916,etowah,empty
CountyName,923,etowah,e??towah??
CountyName,930,etowah,??etowah
CountyName,933,butler,b@@ut@@ler
CountyName,939,butler,empty
CountyName,942,butler,empty
CountyName,944,butler,butle%r
CountyName,946,butler,bu%#tler
CountyName,948,butler,b#u#tler
CountyName,949,butler,b??utler@@
CountyName,952,butler,empty
CountyName,960,coffee,c$offe??e
CountyName,961,coffee,co??ffee??
CountyName,962,coffee,coff$ee
CountyName,965,coffee,c$offee
CountyName,969,coffee,%coffee#
CountyName,973,coffee,empty
CountyName,975,coffee,c#offee
CountyName,978,coffee,??co@@ffee
CountyName,979,coffee,empty
CountyName,980,coffee,empty
CountyName,981,blount,b??lount
CountyName,987,blount,empty
CountyName,994,blount,bl%ount%
CountyName,1000,blount,bl@@oun%t
PhoneNumber,7,2053258100,empty
PhoneNumber,10,2563864556,10688271145.006489
PhoneNumber,11,2563864556,12164896385.850843
PhoneNumber,14,2563864556,8459346430.444331
PhoneNumber,23,3347938701,19919238960.467735
PhoneNumber,24,3347938701,13420885013.988338
PhoneNumber,26,3347938701,14028476131.878534
PhoneNumber,35,3347938701,16400647362.803703
PhoneNumber,45,2565938310,empty
PhoneNumber,50,2565938310,8645211053.737076
PhoneNumber,54,2565938310,13193623516.97836
PhoneNumber,62,2565938310,10129363616.330284
PhoneNumber,64,2565938310,13889766760.781452
PhoneNumber,71,2567688400,14374848529.63573
PhoneNumber,78,2567688400,empty
PhoneNumber,79,2567688400,11382213844.275976
PhoneNumber,84,2567688400,8090067737.191954
PhoneNumber,87,2567688400,empty
PhoneNumber,91,2567688400,empty
PhoneNumber,102,3344933541,18114606853.34297
PhoneNumber,106,3344933541,16491770712.366137
PhoneNumber,116,3344933541,17402928419.00104
PhoneNumber,122,3343353374,12499987431.608965
PhoneNumber,125,3343353374,15797992170.293348
PhoneNumber,127,3343353374,empty
PhoneNumber,134,3343353374,15269790291.950138
PhoneNumber,138,3343353374,12670165202.4765
PhoneNumber,140,3343353374,15315851578.921127
PhoneNumber,143,3343353374,13197531311.04592
PhoneNumber,147,2567736511,empty
PhoneNumber,149,2567736511,11352821477.355606
PhoneNumber,152,2567736511,empty
PhoneNumber,157,2567736511,10330162783.235209
PhoneNumber,158,2567736511,9502807558.875156
PhoneNumber,164,2567736511,13131654161.406973
PhoneNumber,168,2567736511,12167031496.839285
PhoneNumber,175,2565718000,11815388619.338722
PhoneNumber,181,2565718000,7790943484.463937
PhoneNumber,182,2565718000,empty
PhoneNumber,191,2565718000,7700560140.607671
PhoneNumber,196,2058383122,8040465681.979743
PhoneNumber,201,2058383122,7051764502.898217
PhoneNumber,203,2058383122,empty
PhoneNumber,205,2058383122,6605911838.958906
PhoneNumber,212,2058383122,11492447045.480097
PhoneNumber,216,2058383122,8735490294.350096
PhoneNumber,224,2568453150,11046521547.594105
PhoneNumber,225,2568453150,10444522627.081783
PhoneNumber,237,2568453150,12740539006.213943
PhoneNumber,241,2568453150,10494945469.384829
PhoneNumber,243,2568453150,8669242457.334717
PhoneNumber,245,3346366221,12247349399.986565
PhoneNumber,246,3346366221,11811525867.132236
PhoneNumber,247,3346366221,19926802204.388386
PhoneNumber,259,3346366221,empty
PhoneNumber,262,3346366221,19361275571.73105
PhoneNumber,267,3346366221,empty
PhoneNumber,268,3346366221,empty
PhoneNumber,271,2056208100,7177727087.460834
PhoneNumber,280,2056208100,9639868050.897371
PhoneNumber,290,2056208100,7510312429.042078
PhoneNumber,293,2056208100,6787433186.10967
PhoneNumber,301,2053258100,8138398668.795183
PhoneNumber,313,2562358900,empty
PhoneNumber,317,2562358900,14514192020.136822
PhoneNumber,319,2562358900,9123710253.344202
PhoneNumber,321,2562358900,10177278627.79104
PhoneNumber,325,2562358900,10064311182.673918
PhoneNumber,331,2562358900,13324417477.830156
PhoneNumber,340,3347935000,11920623526.962978
PhoneNumber,342,3347935000,12312307663.116896
PhoneNumber,345,3347935000,16201480875.883202
PhoneNumber,355,2054877736,empty
PhoneNumber,358,2054877736,8340056466.631081
PhoneNumber,367,2054877736,9494957006.77583
PhoneNumber,368,2054877736,9437715777.749235
PhoneNumber,379,2054877736,9412448172.986671
PhoneNumber,382,2514717110,11241193913.627975
PhoneNumber,387,2514717110,empty
PhoneNumber,407,3343614267,empty
PhoneNumber,408,3343614267,13867628262.257853
PhoneNumber,415,2562495000,7709260966.702769
PhoneNumber,419,2562495000,empty
PhoneNumber,420,2562495000,11089077099.28492
PhoneNumber,422,2562495000,empty
PhoneNumber,427,2562495000,empty
PhoneNumber,435,9072761131,36675384753.48483
PhoneNumber,464,2563864556,12163000758.10434
PhoneNumber,465,2563864556,14115631849.030737
PhoneNumber,466,2563864556,9739874036.668856
PhoneNumber,467,3347742601,18254970716.368465
PhoneNumber,468,3347742601,17205854744.327774
PhoneNumber,469,3347742601,11000647544.300034
PhoneNumber,470,3347742601,12688470721.067196
PhoneNumber,477,3347742601,16084362380.762348
PhoneNumber,478,3347742601,empty
PhoneNumber,481,3347742601,empty
PhoneNumber,483,3347742601,13018477207.023212
PhoneNumber,486,3347742601,empty
PhoneNumber,496,2569275531,13615804665.831366
PhoneNumber,497,2569275531,14617369057.325708
PhoneNumber,499,2569275531,12757839937.011751
PhoneNumber,506,2569275531,empty
PhoneNumber,507,2569275531,13054172657.658688
PhoneNumber,509,2569275531,13888507193.17578
PhoneNumber,510,2569275531,9071220291.31008
PhoneNumber,512,2569275531,13006149078.982624
PhoneNumber,519,3342882100,16733712716.683584
PhoneNumber,523,3342882100,empty
PhoneNumber,526,3342882100,10067294546.096928
PhoneNumber,527,3342882100,empty
PhoneNumber,528,3342882100,12946967174.515633
PhoneNumber,533,3342882100,14894981242.109324
PhoneNumber,539,3342882100,16867623869.058964
PhoneNumber,551,3342938000,16655435729.707752
PhoneNumber,560,3342938000,empty
PhoneNumber,562,3342938000,13690881030.884577
PhoneNumber,566,3342938000,13341383748.323484
PhoneNumber,573,3347561400,14240278967.21061
PhoneNumber,591,3347561400,19880292201.36285
PhoneNumber,604,3348972257,17755057341.101917
PhoneNumber,607,3348972257,12959383580.172417
PhoneNumber,614,3348972257,15214544523.463083
PhoneNumber,617,3347493411,13528052876.651758
PhoneNumber,619,3347493411,empty
PhoneNumber,635,3347493411,11622740145.548944
PhoneNumber,639,3347493411,18842025355.398064
PhoneNumber,643,2563572111,empty
PhoneNumber,651,2563572111,14220610717.104408
PhoneNumber,657,2563572111,8785991351.50271
PhoneNumber,658,2563572111,9331356445.258158
PhoneNumber,661,2563572111,empty
PhoneNumber,663,2563572111,empty
PhoneNumber,670,2059344011,10662197389.01642
PhoneNumber,676,2059344011,empty
PhoneNumber,683,2059344011,12292181789.289522
PhoneNumber,689,2059344011,8074721722.001851
PhoneNumber,692,3342836541,17137653003.300043
PhoneNumber,695,3342836541,10806669753.96217
PhoneNumber,706,3342836541,13599604914.270248
PhoneNumber,707,3342836541,12193413461.99396
PhoneNumber,719,2567372000,11113924778.410051
PhoneNumber,750,3342228466,19829568636.55752
PhoneNumber,761,3342228466,empty
PhoneNumber,762,3342228466,16262598156.11032
PhoneNumber,770,2562358900,11667168029.275192
PhoneNumber,781,2562651000,10833460948.543371
PhoneNumber,794,2562651000,8919938448.585842
PhoneNumber,795,2562651000,10869036010.915049
PhoneNumber,796,2562651000,empty
PhoneNumber,803,2564944000,12703924553.8295
PhoneNumber,811,2564944000,12192632387.373665
PhoneNumber,815,2564944000,9195205651.785135
PhoneNumber,826,2564944000,15281798214.08997
PhoneNumber,833,2057552500,8843268800.77749
PhoneNumber,835,2057552500,empty
PhoneNumber,836,2057552500,empty
PhoneNumber,843,2057552500,11232274265.2694
PhoneNumber,847,2057552500,empty
PhoneNumber,849,2057552500,9475981698.036243
PhoneNumber,850,2057552500,8417652111.65332
PhoneNumber,857,2059216200,9328457206.947935
PhoneNumber,859,2059216200,6676366962.340267
PhoneNumber,862,2059216200,7601693032.958695
PhoneNumber,867,2059216200,8376865668.004967
PhoneNumber,883,2059325966,8243010267.048704
PhoneNumber,887,2059325966,11291653952.890348
PhoneNumber,891,2059325966,empty
PhoneNumber,898,2059325966,8175545412.855234
PhoneNumber,900,2059325966,9518050776.975136
PhoneNumber,901,2059325966,12259193673.392786
PhoneNumber,903,2565435200,14265914566.63952
PhoneNumber,915,2565435200,empty
PhoneNumber,918,2565435200,empty
PhoneNumber,926,2565435200,empty
PhoneNumber,927,2565435200,empty
PhoneNumber,934,3343762205,empty
PhoneNumber,935,3343762205,17332251479.997654
PhoneNumber,941,3343762205,10840834802.64266
PhoneNumber,942,3343762205,10968644532.59418
PhoneNumber,944,3343762205,18193027647.95104
PhoneNumber,950,3343762205,14024973595.631617
PhoneNumber,955,3343762205,10628575419.30662
PhoneNumber,956,3343470584,19035258586.53041
PhoneNumber,959,3343470584,11489571641.594452
PhoneNumber,969,3343470584,17393856478.192223
PhoneNumber,970,3343470584,empty
PhoneNumber,972,3343470584,empty
PhoneNumber,981,2052743000,6715020035.194842
PhoneNumber,982,2052743000,10155823289.693676
PhoneNumber,983,2052743000,empty
PhoneNumber,991,2052743000,11428517301.841042
PhoneNumber,992,2052743000,6358827851.243407
HospitalType,10,acute care hospitals,acute ca#re hos%pitals
HospitalType,12,acute care hospitals,acute care ho%s$pitals
HospitalType,20,acute care hospitals,empty
HospitalType,21,acute care hospitals,@@a@@cute care hospitals
HospitalType,24,acute care hospitals,acute care hos$pitals
HospitalType,26,acute care hospitals,acute% care ho#spitals
HospitalType,33,acute care hospitals,acute care hos$pitals
HospitalType,34,acute care hospitals,acute care ho??spitals
HospitalType,36,acute care hospitals,empty
HospitalType,38,acute care hospitals,empty
HospitalType,39,acute care hospitals,empty
HospitalType,40,acute care hospitals,acut??e care hospitals
HospitalType,44,acute care hospitals,%acute care hospitals
HospitalType,46,acute care hospitals,acut$e care hospitals
HospitalType,64,acute care hospitals,acute care @@hospitals
HospitalType,72,acute care hospitals,empty
HospitalType,76,acute care hospitals,acute care ho??spitals
HospitalType,77,acute care hospitals,acute ca@@re hospita??ls
HospitalType,79,acute care hospitals,empty
HospitalType,81,acute care hospitals,empty
HospitalType,85,acute care hospitals,acute ca@@re hospitals
HospitalType,87,acute care hospitals,empty
HospitalType,89,acute care hospitals,acute care hos@@pitals
HospitalType,90,acute care hospitals,empty
HospitalType,93,acute care hospitals,empty
HospitalType,100,acute care hospitals,ac#ute care hospitals
HospitalType,103,acute care hospitals,acute care hospita#ls
HospitalType,110,acute care hospitals,acute$ care hospitals
HospitalType,116,acute care hospitals,empty
HospitalType,124,acute care hospitals,acut??e care hospitals
HospitalType,129,acute care hospitals,acute care ho@@spitals
HospitalType,131,acute care hospitals,acute care hospit@@als
HospitalType,143,acute care hospitals,empty
HospitalType,156,acute care hospitals,a#cute care h??ospitals
HospitalType,162,acute care hospitals,acute care %hospitals
HospitalType,169,acute care hospitals,empty
HospitalType,170,acute care hospitals,%acute c$are hospitals
HospitalType,177,acute care hospitals,a??cute care h#ospitals
HospitalType,182,acute care hospitals,empty
HospitalType,188,acute care hospitals,acute car$e hospitals%
HospitalType,190,acute care hospitals,a$??cute care hospitals
HospitalType,193,acute care hospitals,acut??e care hospitals
HospitalType,194,acute care hospitals,acute ca%re #hospitals
HospitalType,197,acute care hospitals,acute care hospit#als??
HospitalType,198,acute care hospitals,acute care hospita??%ls
HospitalType,216,acute care hospitals,empty
HospitalType,217,acute care hospitals,acute car@@e %hospitals
HospitalType,218,acute care hospitals,empty
HospitalType,265,acute care hospitals,empty
HospitalType,274,acute care hospitals,a%cute care hospitals
HospitalType,295,acute care hospitals,acute care ??#hospitals
HospitalType,296,acute care hospitals,acute c@@are hospitals
HospitalType,299,acute care hospitals,acute care hospi$tals
HospitalType,307,acute care hospitals,acute @@c%are hospitals
HospitalType,312,acute care hospitals,empty
HospitalType,313,acute care hospitals,acute care hospi%tals
HospitalType,317,acute care hospitals,acute care hosp#%itals
HospitalType,318,acute care hospitals,ac#ute care hospitals$
HospitalType,320,acute care hospitals,acute care hospi$tals
HospitalType,322,acute care hospitals,acute care #hospitals
HospitalType,323,acute care hospitals,acut??e care hospitals
HospitalType,325,acute care hospitals,acu@@te care %hospitals
HospitalType,328,acute care hospitals,ac??$ute care hospitals
HospitalType,329,acute care hospitals,a#cute care ??hospitals
HospitalType,341,acute care hospitals,acute care ho??spitals$
HospitalType,349,acute care hospitals,acute care hospi@$@tals
HospitalType,350,acute care hospitals,empty
HospitalType,359,acute care hospitals,@@acute care hospitals
HospitalType,365,acute care hospitals,acute care?? hospitals
HospitalType,370,acute care hospitals,acut??e car#e hospitals
HospitalType,382,acute care hospitals,ac%ute care h%ospitals
HospitalType,384,acute care hospitals,acute care @@hospitals
HospitalType,387,acute care hospitals,acute care ho#sp$itals
HospitalType,397,acute care hospitals,acute care hosp#itals??
HospitalType,398,acute care hospitals,empty
HospitalType,401,acute care hospitals,acute care@@ hospi@@tals
HospitalType,408,acute care hospitals,acute c$are hospit??als
HospitalType,412,acute care hospitals,ac@@ute$ care hospitals
HospitalType,414,acute care hospitals,acute care hos#pit@@als
HospitalType,422,acute care hospitals,acute care hos%pitals
HospitalType,434,acute care hospitals,empty
HospitalType,453,acute care hospitals,acute care hosp%itals
HospitalType,454,acute care hospitals,acute# care hospit@@als
HospitalType,467,acute care hospitals,acute care ho@@spitals
HospitalType,471,acute care hospitals,acu@@te care hospitals
HospitalType,475,acute care hospitals,acute car#e hospitals
HospitalType,476,acute care hospitals,empty
HospitalType,480,acute care hospitals,a??cute care hospitals
HospitalType,486,acute care hospitals,acute care hospit$@@als
HospitalType,487,acute care hospitals,acute care hospitals@@
HospitalType,491,acute care hospitals,acute care hospi%tals
HospitalType,498,acute care hospitals,ac$ute c#are hospitals
HospitalType,508,acute care hospitals,acute ca#re hospi@@tals
HospitalType,510,acute care hospitals,empty
HospitalType,513,acute care hospitals,acut??e care hospitals
HospitalType,516,acute care hospitals,acute care hos%pitals
HospitalType,519,acute care hospitals,empty
HospitalType,525,acute care hospitals,acute ca@@re hospitals
HospitalType,530,acute care hospitals,acut%e care hospitals
HospitalType,532,acute care hospitals,acute car$e h@@ospitals
HospitalType,538,acute care hospitals,$acute care hospitals
HospitalType,544,acute care hospitals,ac%ute care ho@@spitals
HospitalType,546,acute care hospitals,acute care hospita#%ls
HospitalType,548,acute care hospitals,ac??ute care hospitals
HospitalType,549,acute care hospitals,acute care ??hospi??tals
HospitalType,551,acute care hospitals,empty
HospitalType,555,acute care hospitals,empty
HospitalType,556,acute care hospitals,empty
HospitalType,557,acute care hospitals,acute# c$are hospitals
HospitalType,562,acute care hospitals,acute%?? care hospitals
HospitalType,566,acute care hospitals,acute care hospit??als
HospitalType,567,acute care hospitals,acute $care hospitals
HospitalType,584,acute care hospitals,%acute care h$ospitals
HospitalType,591,acute care hospitals,acut#e care hospi#tals
HospitalType,599,acute care hospitals,empty
HospitalType,605,acute care hospitals,acute care hospi@@tals
HospitalType,606,acute care hospitals,empty
HospitalType,615,acute care hospitals,acute???? care hospitals
HospitalType,618,acute care hospitals,acute care ho@@spita%ls
HospitalType,619,acute care hospitals,@@acute care ho#spitals
HospitalType,622,acute care hospitals,%acute care hospitals
HospitalType,627,acute care hospitals,empty
HospitalType,631,acute care hospitals,empty
HospitalType,635,acute care hospitals,acute care hos$pitals
HospitalType,650,acute care hospitals,%acute care ??hospitals
HospitalType,653,acute care hospitals,acute care hospit#als
HospitalType,657,acute care hospitals,acute care hos@@pi%tals
HospitalType,660,acute care hospitals,acute ca??r%e hospitals
HospitalType,665,acute care hospitals,$acut@@e care hospitals
HospitalType,667,acute care hospitals,acute care hospit@@als
HospitalType,677,acute care hospitals,acu??te care hospitals
HospitalType,682,acute care hospitals,empty
HospitalType,683,acute care hospitals,empty
HospitalType,692,acute care hospitals,acute care hos$#pitals
HospitalType,701,acute care hospitals,acute care hospitals#
HospitalType,714,acute care hospitals,ac%ute care hospitals
HospitalType,716,acute care hospitals,empty
HospitalType,722,acute care hospitals,acute care h%ospitals
HospitalType,724,acute care hospitals,??acute care hospita??ls
HospitalType,730,acute care hospitals,acute ca$re hosp#itals
HospitalType,735,acute care hospitals,acu%te c??are hospitals
HospitalType,750,acute care hospitals,acute #care hospitals
HospitalType,754,acute care hospitals,a#cute care hospital$s
HospitalType,756,acute care hospitals,acute care hospit%als
HospitalType,764,acute care hospitals,acu#te care?? hospitals
HospitalType,769,acute care hospitals,empty
HospitalType,778,acute care hospitals,empty
HospitalType,780,acute care hospitals,a@@%cute care hospitals
HospitalType,783,acute care hospitals,acute care hospita%ls%
HospitalType,788,acute care hospitals,acut??e care hospitals
HospitalType,800,acute care hospitals,empty
HospitalType,803,acute care hospitals,empty
HospitalType,816,acute care hospitals,acute ??c#are hospitals
HospitalType,820,acute care hospitals,empty
HospitalType,822,acute care hospitals,acu??te care hospitals
HospitalType,830,acute care hospitals,acute care h%ospitals
HospitalType,833,acute care hospitals,acute %car??e hospitals
HospitalType,836,acute care hospitals,acute care% hospital#s
HospitalType,842,acute care hospitals,acute care hospit??als
HospitalType,849,acute care hospitals,acute care h#ospitals$
HospitalType,853,acute care hospitals,acute car#e hospitals
HospitalType,854,acute care hospitals,acute care h%ospitals
HospitalType,873,acute care hospitals,acu@@te care hos$pitals
HospitalType,877,acute care hospitals,empty
HospitalType,882,acute care hospitals,acut%e care hospita$ls
HospitalType,885,acute care hospitals,empty
HospitalType,888,acute care hospitals,empty
HospitalType,889,acute care hospitals,empty
HospitalType,899,acute care hospitals,empty
HospitalType,901,acute care hospitals,acute care@@ hospitals
HospitalType,902,acute care hospitals,a@@cute care hospitals
HospitalType,903,acute care hospitals,acute care hospit??als
HospitalType,907,acute care hospitals,acute care #hospitals
HospitalType,911,acute care hospitals,acu%te# care hospitals
HospitalType,913,acute care hospitals,acute care hosp#i@@tals
HospitalType,920,acute care hospitals,$acute care@@ hospitals
HospitalType,923,acute care hospitals,empty
HospitalType,926,acute care hospitals,acute care hos??pitals@@
HospitalType,928,acute care hospitals,empty
HospitalType,932,acute care hospitals,??a@@cute care hospitals
HospitalType,933,acute care hospitals,acute care hospi#tals
HospitalType,939,acute care hospitals,acute %care hospitals
HospitalType,946,acute care hospitals,empty
HospitalType,949,acute care hospitals,empty
HospitalType,959,acute care hospitals,empty
HospitalType,967,acute care hospitals,empty
HospitalType,972,acute care hospitals,acute care hos#pitals
HospitalType,976,acute care hospitals,empty
HospitalType,987,acute care hospitals,acute c#are hospitals
HospitalType,997,acute care hospitals,acute care?? hospita%ls
HospitalType,998,acute care hospitals,empty
HospitalOwner,11,government - hospital district or authority,gover$nment - hospital district or authority
HospitalOwner,13,government - hospital district or authority,government - ho#sp#ital district or authority
HospitalOwner,27,government - hospital district or authority,empty
HospitalOwner,29,government - hospital district or authority,government - hospital district @@or $authority
HospitalOwner,34,government - hospital district or authority,government - hospital district or?? authority
HospitalOwner,38,government - hospital district or authority,gov@@ernment - hospital district or authority
HospitalOwner,40,government - hospital district or authority,government - hospital district or a@@uthority
HospitalOwner,56,government - hospital district or authority,government - hospit%al district or autho#rity
HospitalOwner,67,government - hospital district or authority,government - hospital district or authorit??y
HospitalOwner,74,voluntary non-profit - other,voluntary$ non-pr@@ofit - other
HospitalOwner,81,voluntary non-profit - other,volunta$ry non-profit - other
HospitalOwner,94,voluntary non-profit - other,empty
HospitalOwner,102,voluntary non-profit - private,voluntary non-profit - p??rivate
HospitalOwner,109,voluntary non-profit - private,empty
HospitalOwner,111,voluntary non-profit - private,voluntary non-profit - pr@@ivate
HospitalOwner,115,voluntary non-profit - private,voluntary non@@-profit - private
HospitalOwner,121,government - federal,governm#e%nt - federal
HospitalOwner,124,government - federal,government - federa@@l
HospitalOwner,127,government - federal,gover#nment ??- federal
HospitalOwner,135,government - federal,gov@@ernment - federal
HospitalOwner,139,government - federal,empty
HospitalOwner,149,proprietary,pro@@priet%ary
HospitalOwner,161,proprietary,propriet#ar%y
HospitalOwner,168,proprietary,proprieta@@ry
HospitalOwner,183,government - hospital district or authority,government - hospital district or authori$ty
HospitalOwner,187,government - hospital district or authority,empty
HospitalOwner,188,government - hospital district or authority,government - hosp#ital district or authority
HospitalOwner,189,government - hospital district or authority,government - hospital district @@or authority
HospitalOwner,192,government - hospital district or authority,government - hospital di%strict or authority
HospitalOwner,194,government - hospital district or authority,governm#ent - hospital district or a%uthority
HospitalOwner,196,voluntary non-profit - private,empty
HospitalOwner,199,voluntary non-profit - private,voluntary non-profit - privat@@e
HospitalOwner,212,voluntary non-profit - private,volu??ntary @@non-profit - private
HospitalOwner,218,voluntary non-profit - private,voluntary non-prof@@it - private
HospitalOwner,224,voluntary non-profit - church,voluntary non-pr#ofi??t - church
HospitalOwner,231,voluntary non-profit - church,voluntary non-profit - chu@@rch
HospitalOwner,244,voluntary non-profit - church,volun#tary non-p$rofit - church
HospitalOwner,250,government - federal,gov%ernm??ent - federal
HospitalOwner,262,government - federal,empty
HospitalOwner,274,voluntary non-profit - church,voluntary non$-profit - church
HospitalOwner,277,voluntary non-profit - church,voluntary non-profit - church??
HospitalOwner,280,voluntary non-profit - church,vo??luntary non-profit - church
HospitalOwner,290,voluntary non-profit - church,empty
HospitalOwner,294,voluntary non-profit - church,voluntar??y non-profit -$ church
HospitalOwner,305,voluntary non-profit - private,voluntary non-profit - $$private
HospitalOwner,306,voluntary non-profit - private,volun@@tary non-??profit - private
HospitalOwner,312,proprietary,propr$ietary
HospitalOwner,319,proprietary,p@@rop@@rietary
HospitalOwner,322,proprietary,empty
HospitalOwner,328,proprietary,??proprietary$
HospitalOwner,329,proprietary,empty
HospitalOwner,333,proprietary,proprie#tary
HospitalOwner,337,proprietary,proprieta#ry
HospitalOwner,342,proprietary,prop%ri??etary
HospitalOwner,343,proprietary,p??#roprietary
HospitalOwner,352,voluntary non-profit - other,voluntary non-$profit - other??
HospitalOwner,357,proprietary,empty
HospitalOwner,363,proprietary,p#roprietary
HospitalOwner,374,proprietary,propriet$ary
HospitalOwner,391,government - state,empty
HospitalOwner,396,voluntary non-profit - private,empty
HospitalOwner,405,voluntary non-profit - private,$voluntary non-$profit - private
HospitalOwner,411,voluntary non-profit - private,volu??ntary non-profit - private
HospitalOwner,412,voluntary non-profit - private,voluntary $non-pr%ofit - private
HospitalOwner,414,proprietary,empty
HospitalOwner,423,voluntary non-profit - other,voluntary non-profit - %oth??er
HospitalOwner,424,voluntary non-profit - other,voluntary n#on-profit - othe%r
HospitalOwner,429,voluntary non-profit - other,??voluntary non-prof$it - other
HospitalOwner,433,proprietary,propri$etary
HospitalOwner,440,proprietary,empty
HospitalOwner,444,proprietary,propri@@etary
HospitalOwner,445,proprietary,empty
HospitalOwner,446,proprietary,proprie@@$tary
HospitalOwner,447,proprietary,pr$oprietary
HospitalOwner,449,proprietary,prop@@rietary
HospitalOwner,450,proprietary,proprieta$r@@y
HospitalOwner,455,government - hospital district or authority,gov$ernment - hospital district or aut#hority
HospitalOwner,460,government - hospital district or authority,empty
HospitalOwner,461,government - hospital district or authority,empty
HospitalOwner,467,government - hospital district or authority,empty
HospitalOwner,474,government - hospital district or authority,g%overnment - hospital district or authority
HospitalOwner,478,government - hospital district or authority,government# - hospital district or authority
HospitalOwner,481,government - hospital district or authority,government - hospital district o@@r authority
HospitalOwner,482,government - hospital district or authority,empty
HospitalOwner,494,voluntary non-profit - private,empty
HospitalOwner,496,voluntary non-profit - private,voluntary non-profi%t - private
HospitalOwner,500,voluntary non-profit - private,volunta#ry non-profit - private$
HospitalOwner,505,voluntary non-profit - private,voluntary non-profit -@@ private
HospitalOwner,512,voluntary non-profit - private,volun%tary non-profit$ - private
HospitalOwner,522,voluntary non-profit - church,volun#tary non-profit - church??
HospitalOwner,525,voluntary non-profit - church,voluntar@@y non-profit - church
HospitalOwner,528,voluntary non-profit - church,empty
HospitalOwner,531,voluntary non-profit - church,empty
HospitalOwner,532,voluntary non-profit - church,voluntary non-profit% - church
HospitalOwner,547,voluntary non-profit - private,empty
HospitalOwner,550,voluntary non-profit - private,$voluntary non-profit - private
HospitalOwner,551,voluntary non-profit - private,voluntary n#on-profit - private
HospitalOwner,552,voluntary non-profit - private,empty
HospitalOwner,560,voluntary non-profit - private,empty
HospitalOwner,561,voluntary non-profit - private,empty
HospitalOwner,572,voluntary non-profit - other,volunta@@ry non-%profit - other
HospitalOwner,573,voluntary non-profit - other,??voluntary non-profit ??- other
HospitalOwner,575,voluntary non-profit - other,volun%tary n$on-profit - other
HospitalOwner,593,voluntary non-profit - other,empty
HospitalOwner,606,voluntary non-profit - other,voluntary non-profit - ot%her
HospitalOwner,613,voluntary non-profit - other,voluntary non-profit - oth??er
HospitalOwner,623,government - hospital district or authority,government - hospital district or auth%ority
HospitalOwner,624,government - hospital district or authority,governm%ent - hospital d??istrict or authority
HospitalOwner,626,government - hospital district or authority,empty
HospitalOwner,631,government - hospital district or authority,government - hospital district or autho??rity
HospitalOwner,632,government - hospital district or authority,empty
HospitalOwner,635,government - hospital district or authority,government - hospita??l district or authority
HospitalOwner,642,government - local,gover??nment -% local
HospitalOwner,655,government - local,gover#nment -@@ local
HospitalOwner,656,government - local,empty
HospitalOwner,659,government - local,%government - local
HospitalOwner,666,government - local,government# - local
HospitalOwner,668,government - state,governmen$t - sta$te
HospitalOwner,672,government - state,govern$ment - state
HospitalOwner,683,government - state,gov%ernme%nt - state
HospitalOwner,688,government - state,government %- state
HospitalOwner,707,voluntary non-profit - private,voluntary non-profit - pri%vate
HospitalOwner,710,voluntary non-profit - private,voluntary ??non-profit - pri$vate
HospitalOwner,725,government - hospital district or authority,empty
HospitalOwner,726,government - hospital district or authority,empty
HospitalOwner,734,government - hospital district or authority,go%vernment - hospital district or@@ authority
HospitalOwner,736,government - hospital district or authority,government - hospita#l district or au??thority
HospitalOwner,739,government - hospital district or authority,government -% hospital distri$ct or authority
HospitalOwner,758,proprietary,p??roprietary
HospitalOwner,770,proprietary,propr@@iet%ary
HospitalOwner,779,government - hospital district or authority,government - hospital district or auth??ority
HospitalOwner,788,government - hospital district or authority,government - hospital district or auth??or@@ity
HospitalOwner,790,government - hospital district or authority,government ??- hospit$al district or authority
HospitalOwner,792,government - hospital district or authority,government@@ - hospital district or authority
HospitalOwner,793,government - hospital district or authority,government - hospital?? district or aut@@hority
HospitalOwner,805,proprietary,proprietary#
HospitalOwner,809,proprietary,p@@roprietary%
HospitalOwner,810,proprietary,propriet#ar??y
HospitalOwner,814,proprietary,proprieta#r#y
HospitalOwner,816,proprietary,propriet@@ary
HospitalOwner,818,proprietary,pro%prietary
HospitalOwner,824,proprietary,pr??opri#etary
HospitalOwner,825,proprietary,empty
HospitalOwner,829,voluntary non-profit - private,vol??untary non-profit - private
HospitalOwner,830,voluntary non-profit - private,empty
HospitalOwner,832,voluntary non-profit - private,volu%ntary non-profit - private%
HospitalOwner,833,voluntary non-profit - private,voluntary non-$p@@rofit - private
HospitalOwner,845,voluntary non-profit - private,voluntary non-profit% - priv??ate
HospitalOwner,848,voluntary non-profit - private,volu$ntary non-profit $- private
HospitalOwner,864,voluntary non-profit - private,voluntary non-profit@@ - p@@rivate
HospitalOwner,866,voluntary non-profit - private,voluntary non-profit - pr%iva@@te
HospitalOwner,867,voluntary non-profit - private,empty
HospitalOwner,868,voluntary non-profit - private,empty
HospitalOwner,870,voluntary non-profit - private,v#oluntary non-profit - ??private
HospitalOwner,879,voluntary non-profit - other,vo$luntary non-profit - other
HospitalOwner,880,voluntary non-profit - other,v@@oluntary non-profit - other
HospitalOwner,882,voluntary non-profit - other,empty
HospitalOwner,885,voluntary non-profit - other,empty
HospitalOwner,887,voluntary non-profit - other,voluntary non-pr@@ofit ??- other
HospitalOwner,891,voluntary non-profit - other,v%oluntary non-profit - other
HospitalOwner,904,proprietary,??proprieta@@ry
HospitalOwner,905,proprietary,proprietary$
HospitalOwner,910,proprietary,??proprietary
HospitalOwner,920,proprietary,??p@@roprietary
HospitalOwner,922,proprietary,p$rop$rietary
HospitalOwner,926,proprietary,%proprietary
HospitalOwner,931,voluntary non-profit - private,voluntary non-profit - pri%vate
HospitalOwner,942,voluntary non-profit - private,voluntary non-pro@@fit - private
HospitalOwner,957,proprietary,empty
HospitalOwner,960,proprietary,propr%$ietary
HospitalOwner,968,proprietary,proprie%#tary
HospitalOwner,969,proprietary,prop$rietary
HospitalOwner,970,proprietary,prop#rietary
HospitalOwner,978,proprietary,empty
HospitalOwner,979,proprietary,pr#??oprietary
HospitalOwner,984,voluntary non-profit - private,voluntary non-profit - pr??ivate
HospitalOwner,991,voluntary non-profit - private,v@@oluntary non-profit - privat$e
HospitalOwner,998,voluntary non-profit - private,empty
EmergencyService,2,yes,ye#s??
EmergencyService,9,yes,y#es
EmergencyService,11,yes,yes??#
EmergencyService,27,yes,ye%s
EmergencyService,36,yes,$yes
EmergencyService,39,yes,empty
EmergencyService,40,yes,y$es$
EmergencyService,44,yes,??yes
EmergencyService,46,yes,ye??s
EmergencyService,65,yes,y$es%
EmergencyService,66,yes,y%es
EmergencyService,71,yes,empty
EmergencyService,74,yes,y@@es%
EmergencyService,81,yes,#yes
EmergencyService,86,yes,y??es
EmergencyService,87,yes,empty
EmergencyService,88,yes,empty
EmergencyService,90,yes,@@y$es
EmergencyService,100,no,empty
EmergencyService,111,no,no$
EmergencyService,122,yes,empty
EmergencyService,123,yes,ye@@s
EmergencyService,124,yes,y$e@@s
EmergencyService,127,yes,%yes
EmergencyService,132,yes,empty
EmergencyService,140,yes,y?$?es
EmergencyService,147,yes,#y$es
EmergencyService,156,yes,empty
EmergencyService,159,yes,empty
EmergencyService,160,yes,%ye%s
EmergencyService,175,yes,$yes
EmergencyService,177,yes,ye$s#
EmergencyService,181,yes,ye??s
EmergencyService,189,yes,y$%es
EmergencyService,197,yes,empty
EmergencyService,199,yes,ye%s#
EmergencyService,204,yes,$yes
EmergencyService,207,yes,empty
EmergencyService,208,yes,$@@yes
EmergencyService,209,yes,y??es
EmergencyService,210,yes,ye$@@s
EmergencyService,211,yes,empty
EmergencyService,216,yes,y@@es
EmergencyService,222,yes,y??#es
EmergencyService,225,yes,yes#??
EmergencyService,227,yes,y@@es
EmergencyService,232,yes,@$@yes
EmergencyService,238,yes,y$%es
EmergencyService,251,yes,yes@@
EmergencyService,256,yes,yes#
EmergencyService,260,yes,@#@yes
EmergencyService,265,yes,ye@@s
EmergencyService,271,yes,empty
EmergencyService,278,yes,ye$s$
EmergencyService,282,yes,??yes
EmergencyService,296,yes,ye?#?s
EmergencyService,298,yes,yes@@$
EmergencyService,300,yes,y#es
EmergencyService,302,yes,empty
EmergencyService,305,yes,y$e??s
EmergencyService,319,yes,y#es
EmergencyService,321,yes,y??es
EmergencyService,323,yes,ye$s
EmergencyService,328,yes,#yes$
EmergencyService,329,yes,@@y@@es
EmergencyService,331,yes,yes??
EmergencyService,334,yes,$yes
EmergencyService,336,yes,empty
EmergencyService,337,yes,ye@@s
EmergencyService,357,yes,y@@es
EmergencyService,373,yes,$??yes
EmergencyService,375,yes,ye#s
EmergencyService,378,yes,#yes
EmergencyService,382,yes,yes#
EmergencyService,387,yes,%yes
EmergencyService,389,yes,y#e%s
EmergencyService,408,yes,y$??es
EmergencyService,412,yes,ye%s%
EmergencyService,415,no,??no
EmergencyService,430,no,empty
EmergencyService,431,no,##no
EmergencyService,433,yes,#yes??
EmergencyService,437,yes,empty
EmergencyService,441,yes,empty
EmergencyService,457,yes,yes%
EmergencyService,464,yes,@@yes
EmergencyService,465,yes,empty
EmergencyService,467,yes,ye$s@@
EmergencyService,478,yes,ye??s@@
EmergencyService,487,yes,ye#s
EmergencyService,490,yes,yes@@
EmergencyService,497,yes,yes??$
EmergencyService,499,yes,ye??s%
EmergencyService,502,yes,empty
EmergencyService,508,yes,yes%%
EmergencyService,509,yes,y#es
EmergencyService,514,yes,empty
EmergencyService,528,yes,ye%s
EmergencyService,541,yes,@@$yes
EmergencyService,542,yes,??yes
EmergencyService,544,yes,empty
EmergencyService,546,yes,@@yes
EmergencyService,550,yes,y%@@es
EmergencyService,552,yes,y#es
EmergencyService,553,yes,#$yes
EmergencyService,555,yes,yes$??
EmergencyService,558,yes,yes??$
EmergencyService,564,yes,??yes
EmergencyService,576,yes,empty
EmergencyService,585,yes,empty
EmergencyService,596,yes,#ye??s
EmergencyService,605,yes,empty
EmergencyService,618,yes,yes#
EmergencyService,619,yes,yes??
EmergencyService,627,yes,empty
EmergencyService,633,yes,ye@@s
EmergencyService,636,yes,empty
EmergencyService,639,yes,#yes$
EmergencyService,641,yes,ye%s
EmergencyService,643,no,empty
EmergencyService,645,no,n??o
EmergencyService,646,no,n??o
EmergencyService,651,no,empty
EmergencyService,655,no,empty
EmergencyService,658,no,n%$o
EmergencyService,677,yes,@@yes
EmergencyService,682,yes,y$#es
EmergencyService,691,yes,ye#s??
EmergencyService,700,no,empty
EmergencyService,709,no,@@no
EmergencyService,715,no,no%%
EmergencyService,716,no,%no
EmergencyService,721,yes,yes@@
EmergencyService,722,yes,y$e$s
EmergencyService,740,yes,@@yes$
EmergencyService,745,no,@@#no
EmergencyService,746,no,empty
EmergencyService,749,no,empty
EmergencyService,754,no,n%o
EmergencyService,757,no,no##
EmergencyService,774,yes,yes$
EmergencyService,779,yes,#%yes
EmergencyService,781,yes,empty
EmergencyService,788,yes,empty
EmergencyService,789,yes,y??e#s
EmergencyService,799,yes,y??es%
EmergencyService,803,yes,empty
EmergencyService,804,yes,y$??es
EmergencyService,822,yes,$ye%s
EmergencyService,826,yes,yes@@
EmergencyService,833,yes,y%es
EmergencyService,834,yes,empty
EmergencyService,848,yes,#y??es
EmergencyService,873,yes,@@yes
EmergencyService,875,yes,yes@@
EmergencyService,876,yes,%yes
EmergencyService,878,yes,empty
EmergencyService,880,yes,y@@es$
EmergencyService,881,yes,ye@@s
EmergencyService,883,yes,empty
EmergencyService,886,yes,y%es#
EmergencyService,895,yes,y@@es
EmergencyService,903,yes,empty
EmergencyService,904,yes,yes%
EmergencyService,907,yes,empty
EmergencyService,911,yes,ye%s
EmergencyService,915,yes,empty
EmergencyService,917,yes,y$es
EmergencyService,925,yes,ye??s
EmergencyService,936,no,no$
EmergencyService,937,no,n#o$
EmergencyService,941,no,n@@o@@
EmergencyService,943,no,no@@
EmergencyService,945,no,empty
EmergencyService,951,no,n$o
EmergencyService,971,yes,yes$#
EmergencyService,972,yes,yes$@@
EmergencyService,974,yes,yes#
EmergencyService,977,yes,empty
EmergencyService,983,yes,empty
EmergencyService,991,yes,empty
EmergencyService,993,yes,%??yes
EmergencyService,995,yes,??yes
EmergencyService,999,yes,ye%??s
Condition,3,surgical infection prevention,empty
Condition,14,heart attack,empty
Condition,18,heart failure,hea??rt @@failure
Condition,21,heart attack,heart a??ttack
Condition,27,heart failure,empty
Condition,36,pneumonia,empty
Condition,41,surgical infection prevention,%su$rgical infection prevention
Condition,47,heart attack,he@@art attack
Condition,48,heart attack,heart# attack@@
Condition,59,pneumonia,pneumonia@@
Condition,65,surgical infection prevention,surgical infection prevent%ion
Condition,67,surgical infection prevention,surg??ical infection prevention
Condition,68,surgical infection prevention,empty
Condition,76,heart attack,he#art attack
Condition,86,pneumonia,pne@@umonia
Condition,87,surgical infection prevention,empty
Condition,88,surgical infection prevention,surgi%cal infection prevention
Condition,89,surgical infection prevention,empty
Condition,90,surgical infection prevention,surgical infecti@@on %prevention
Condition,91,surgical infection prevention,empty
Condition,92,surgical infection prevention,empty
Condition,99,heart attack,heart a%ttack
Condition,101,heart attack,empty
Condition,110,pneumonia,#pneumonia
Condition,111,pneumonia,pn@@e$umonia
Condition,113,surgical infection prevention,surgical infection# prevention
Condition,115,surgical infection prevention,empty
Condition,118,surgical infection prevention,surgical infection pr@@evention
Condition,123,heart attack,empty
Condition,130,heart failure,hear%t failure
Condition,132,pneumonia,empty
Condition,144,surgical infection prevention,surgical?? infection prevention$
Condition,146,heart attack,heart $attack
Condition,148,heart attack,empty
Condition,160,pneumonia,pneumoni@@%a
Condition,171,heart attack,he#art attack
Condition,173,heart attack,empty
Condition,177,heart failure,heart fail$ure
Condition,185,pneumonia,pn%eumon#ia
Condition,187,surgical infection prevention,empty
Condition,190,surgical infection prevention,surgical in??fection p@@revention
Condition,194,surgical infection prevention,sur$gical infection prevention
Condition,218,surgical infection prevention,surgical infection preve#ntion
Condition,223,heart attack,%heart at#tack
Condition,225,heart attack,$hea??rt attack
Condition,232,pneumonia,pneu%m#onia
Condition,235,pneumonia,pne%umon??ia
Condition,236,pneumonia,empty
Condition,240,surgical infection prevention,empty
Condition,241,surgical infection prevention,surgical infecti%on prevention
Condition,255,heart failure,heart #fail#ure
Condition,257,pneumonia,empty
Condition,260,pneumonia,pn@@eumoni$a
Condition,265,surgical infection prevention,empty
Condition,275,heart attack,h#eart #attack
Condition,277,heart failure,empty
Condition,279,heart failure,heart f??ailu@@re
Condition,282,pneumonia,p??neu@@monia
Condition,283,pneumonia,#pneum@@onia
Condition,284,pneumonia,@@$pneumonia
Condition,285,pneumonia,empty
Condition,286,pneumonia,pne%umonia
Condition,287,surgical infection prevention,empty
Condition,295,heart attack,h@@eart attack
Condition,301,heart attack,heart att#ack
Condition,303,heart failure,he$art failure
Condition,305,heart failure,heart f$ailure
Condition,306,pneumonia,pne#umonia
Condition,308,pneumonia,pne@@umonia
Condition,312,children s asthma care,children s asthma# care
Condition,318,heart attack,@@heart attac$k
Condition,319,heart attack,empty
Condition,324,heart failure,heart failure#
Condition,325,pneumonia,pneumo??n@@ia
Condition,331,surgical infection prevention,empty
Condition,337,pneumonia,pneumoni@@$a
Condition,341,surgical infection prevention,surgical %infection prevention
Condition,345,surgical infection prevention,surgical inf@@ection prevention
Condition,356,heart attack,hea@@rt# attack
Condition,361,heart attack,empty
Condition,371,pneumonia,pne@@umo@@nia
Condition,374,surgical infection prevention,surgical infection preve#ntion
Condition,380,heart attack,heart?? %attack
Condition,383,heart attack,heart@@ attack
Condition,394,heart attack,heart at@@tac%k
Condition,401,heart failure,heart f@@ailure
Condition,407,pneumonia,pneumo????nia
Condition,408,pneumonia,pn#eumonia
Condition,415,heart attack,empty
Condition,416,heart attack,hear@@t attack@@
Condition,420,heart attack,h@@eart attack%
Condition,423,heart failure,h%eart f%ailure
Condition,432,surgical infection prevention,empty
Condition,441,pneumonia,pneu@@m??onia
Condition,450,surgical infection prevention,surgical in$fection prevention
Condition,464,surgical infection prevention,surgical infection preventi#on
Condition,473,heart attack,hear??t attack
Condition,476,heart failure,empty
Condition,482,pneumonia,pne#umonia
Condition,489,surgical infection prevention,surgical infection prevent$ion
Condition,501,heart failure,heart fai%lure
Condition,505,pneumonia,pn@@%eumonia
Condition,508,pneumonia,??pneumon#ia
Condition,511,surgical infection prevention,surgical infe%ction preven#tion
Condition,518,heart attack,hear@@t atta#ck
Condition,527,heart failure,%heart failu$re
Condition,532,pneumonia,empty
Condition,535,surgical infection prevention,empty
Condition,538,surgical infection prevention,empty
Condition,539,surgical infection prevention,surgical infectio$n prevention
Condition,543,heart attack,h%e??art attack
Condition,544,heart attack,h#eart attack
Condition,545,heart attack,hear#%t attack
Condition,549,heart failure,empty
Condition,550,heart failure,h%eart failure
Condition,552,heart failure,heart fa$%ilure
Condition,555,pneumonia,p#ne$umonia
Condition,562,surgical infection prevention,surgical infection# prevention
Condition,565,surgical infection prevention,surgical infection p??r??evention
Condition,568,heart attack,heart@@ attack
Condition,571,heart attack,heart att$ack
Condition,572,heart attack,heart att??ack
Condition,595,heart attack,hea??rt %attack
Condition,596,heart attack,heart at??tack
Condition,601,heart failure,heart fa??ilu??re
Condition,616,surgical infection prevention,surgical infection pre%vention
Condition,619,heart attack,heart atta@@c??k
Condition,624,heart failure,empty
Condition,627,heart failure,hea@@??rt failure
Condition,629,pneumonia,empty
Condition,634,surgical infection prevention,empty
Condition,636,surgical infection prevention,empty
Condition,637,surgical infection prevention,surgical infecti#on@@ prevention
Condition,640,surgical infection prevention,empty
Condition,642,heart attack,heart att%#ack
Condition,646,heart attack,heart %att#ack
Condition,654,pneumonia,empty
Condition,656,pneumonia,p%neum#onia
Condition,658,pneumonia,pn$eumonia
Condition,659,surgical infection prevention,surgical infection pr$evention
Condition,664,surgical infection prevention,%surgical infection prevention
Condition,675,heart failure,h%ea@@rt failure
Condition,681,pneumonia,empty
Condition,684,surgical infection prevention,surgical infect%i$on prevention
Condition,686,surgical infection prevention,surgical infection prevent@@#ion
Condition,687,surgical infection prevention,empty
Condition,689,surgical infection prevention,empty
Condition,694,heart attack,empty
Condition,695,heart attack,heart atta@@ck
Condition,698,heart attack,heart$ attack
Condition,699,heart failure,empty
Condition,711,surgical infection prevention,surg$ical infection prevention
Condition,714,surgical infection prevention,empty
Condition,720,heart attack,empty
Condition,726,heart failure,heart@@ failure
Condition,735,surgical infection prevention,surgical$ infect$ion prevention
Condition,737,surgical infection prevention,empty
Condition,741,surgical infection prevention,surgical infect#ion prevention
Condition,747,heart attack,empty
Condition,748,heart attack,@@heart attac@@k
Condition,751,heart failure,heart fai??lure
Condition,753,pneumonia,p$%neumonia
Condition,769,surgical infection prevention,surgi$cal infection prevention
Condition,771,surgical infection prevention,surg??ical infection# prevention
Condition,773,surgical infection prevention,surgical in??fection prevention
Condition,774,surgical infection prevention,surgi$cal infection prevention
Condition,775,children s asthma care,children s ast$hma care
Condition,791,pneumonia,empty
Condition,793,pneumonia,%pneumonia
Condition,796,surgical infection prevention,empty
Condition,799,surgical infection prevention,su#rgical infection prevention
Condition,819,pneumonia,empty
Condition,825,surgical infection prevention,empty
Condition,830,heart attack,empty
Condition,835,heart failure,heart failur??$e
Condition,836,heart failure,heart failur%e
Condition,845,surgical infection prevention,empty
Condition,847,surgical infection prevention,surgical infection pr#eventio%n
Condition,849,surgical infection prevention,surgical infection pr??evention
Condition,856,heart attack,hear$t attack
Condition,857,heart attack,heart@@ attack
Condition,859,heart attack,heart a@@t@@tack
Condition,860,heart failure,h@@eart fail??ure
Condition,868,pneumonia,empty
Condition,877,surgical infection prevention,surgical i??nfection prevention
Condition,881,heart attack,empty
Condition,883,heart attack,hear#t attack
Condition,885,heart failure,he%art failure
Condition,893,pneumonia,#pn??eumonia
Condition,894,pneumonia,pn@@eumo%nia
Condition,896,surgical infection prevention,surgical infection p??reventi#on
Condition,899,surgical infection prevention,empty
Condition,904,children s asthma care,c#hildr#en s asthma care
Condition,919,pneumonia,pneumon@@ia
Condition,921,pneumonia,@@pn@@eumonia
Condition,922,pneumonia,pneumonia#%
Condition,926,surgical infection prevention,%surg@@ical infection prevention
Condition,930,surgical infection prevention,surgical@@ infe%ction prevention
Condition,934,heart attack,empty
Condition,935,heart attack,hear%t ??attack
Condition,938,heart failure,heart $f$ailure
Condition,940,heart failure,empty
Condition,946,pneumonia,empty
Condition,950,surgical infection prevention,surgical infe??ction prevention
Condition,954,surgical infection prevention,sur$gical infection prev#ention
Condition,959,heart attack,heart at??tack
Condition,960,heart attack,%$heart attack
Condition,969,pneumonia,empty
Condition,975,surgical infection prevention,surgi#cal infection pr??evention
Condition,982,heart attack,empty
Condition,985,heart attack,empty
Condition,989,heart failure,heart fai??lure
MeasureCode,20,ami-1,a??mi-#1
MeasureCode,22,ami-3,ami-3@@
MeasureCode,23,ami-4,ami@@-%4
MeasureCode,26,ami-8a,ami-$8%a
MeasureCode,30,hf-4,hf-4#%
MeasureCode,33,pn-4,pn%??-4
MeasureCode,45,ami-1,ami-$1??
MeasureCode,51,ami-8a,am??i-8$a
MeasureCode,52,hf-1,??hf-1
MeasureCode,54,hf-3,hf-#3
MeasureCode,55,hf-4,hf#-@@4
MeasureCode,64,scip-inf-2,sci#p-inf-2
MeasureCode,66,scip-inf-4,s$cip-i@@nf-4
MeasureCode,69,scip-vte-2,sc@@ip-vte@@-2
MeasureCode,71,ami-2,@@ami$-2
MeasureCode,73,ami-4,??ami-4
MeasureCode,78,hf-2,empty
MeasureCode,88,scip-inf-1,scip#-inf-??1
MeasureCode,89,scip-inf-2,s#cip-inf-2
MeasureCode,90,scip-inf-3,sci%p-inf-3#
MeasureCode,93,scip-vte-1,scip-@@vte-1
MeasureCode,95,ami-1,ami??-1
MeasureCode,98,ami-4,ami-4$
MeasureCode,104,hf-3,hf-%3
MeasureCode,107,pn-3b,p#n-3b
MeasureCode,109,pn-5c,empty
MeasureCode,113,scip-inf-1,s#cip-inf-1
MeasureCode,117,scip-inf-6,scip-?#?inf-6
MeasureCode,121,ami-2,ami-#2#
MeasureCode,122,ami-3,@@ami-3??
MeasureCode,124,ami-5,empty
MeasureCode,126,ami-8a,empty
MeasureCode,127,hf-1,hf-#1@@
MeasureCode,138,scip-inf-1,sc@@ip-inf-1
MeasureCode,139,scip-inf-2,scip-$#inf-2
MeasureCode,142,scip-inf-6,s#cip-inf-@@6
MeasureCode,149,ami-5,empty
MeasureCode,154,hf-3,empty
MeasureCode,165,scip-inf-3,s??cip-inf-@@3
MeasureCode,169,scip-vte-2,sci$p-vte-2
MeasureCode,198,ami-4,ami-4#??
MeasureCode,204,hf-3,h@@f-3??
MeasureCode,205,hf-4,hf-@@4
MeasureCode,216,scip-inf-4,s??%cip-inf-4
MeasureCode,218,scip-vte-1,sc@@ip-vte-$1
MeasureCode,220,ami-1,empty
MeasureCode,221,ami-2,@@ami-#2
MeasureCode,222,ami-3,@@ami-3
MeasureCode,235,pn-6,pn%-??6
MeasureCode,244,scip-vte-2,%scip-v%te-2
MeasureCode,245,ami-1,empty
MeasureCode,251,ami-8a,a#mi-8a
MeasureCode,260,pn-6,pn-6??@@
MeasureCode,265,scip-inf-3,empty
MeasureCode,271,ami-2,ami??-??2
MeasureCode,272,ami-3,$ami-3
MeasureCode,275,ami-7a,ami-7#??a
MeasureCode,276,ami-8a,ami@??@-8a
MeasureCode,277,hf-1,empty
MeasureCode,281,pn-2,empty
MeasureCode,283,pn-4,$pn-4$
MeasureCode,284,pn-5c,p#$n-5c
MeasureCode,286,pn-7,pn-7@@
MeasureCode,287,scip-card-2,s@@cip-c$ard-2
MeasureCode,292,scip-inf-6,s#cip-i$nf-6
MeasureCode,293,scip-vte-1,empty
MeasureCode,301,ami-8a,a%mi-8#a
MeasureCode,308,pn-4,pn??-4
MeasureCode,316,ami-3,ami@@-3
MeasureCode,336,pn-3b,pn-3b@@
MeasureCode,339,pn-6,pn-??6
MeasureCode,345,scip-inf-4,@@scip-inf-4
MeasureCode,346,scip-inf-6,scip-in#f%-6
MeasureCode,355,ami-1,ami-$1$
MeasureCode,367,pn-3b,pn-3b@@
MeasureCode,373,scip-inf-1,s@@cip-inf-1
MeasureCode,375,scip-inf-3,sc@@@@ip-inf-3
MeasureCode,379,scip-vte-2,sc#i@@p-vte-2
MeasureCode,387,hf-1,empty
MeasureCode,389,hf-3,hf-#3
MeasureCode,396,ami-5,%ami-5@@
MeasureCode,398,ami-8a,empty
MeasureCode,400,hf-2,hf-2@@
MeasureCode,408,pn-7,pn-#@@7
MeasureCode,410,scip-inf-1,s@@cip-inf-1
MeasureCode,418,ami-4,am@@i-4
MeasureCode,434,hf-2,hf@@-@@2
MeasureCode,437,pn-2,p%n-2$
MeasureCode,441,pn-6,empty
MeasureCode,443,scip-card-2,scip-card?$?-2
MeasureCode,447,scip-inf-4,sci$p-inf-4$
MeasureCode,461,scip-inf-2,empty
MeasureCode,463,scip-inf-4,empty
MeasureCode,468,ami-2,$ami-2
MeasureCode,476,hf-3,%hf$-3
MeasureCode,477,hf-4,empty
MeasureCode,479,pn-3b,pn$-3b??
MeasureCode,485,scip-inf-1,scip-$in$f-1
MeasureCode,489,scip-inf-6,#scip@@-inf-6
MeasureCode,498,ami-8a,ami-%8a
MeasureCode,500,hf-2,hf-2$
MeasureCode,502,hf-4,empty
MeasureCode,509,scip-card-2,s??cip-card-2
MeasureCode,510,scip-inf-1,scip$-inf-$1
MeasureCode,513,scip-inf-4,scip-inf@@-4
MeasureCode,517,ami-1,ami%%-1
MeasureCode,524,hf-1,empty
MeasureCode,525,hf-2,$%hf-2
MeasureCode,531,pn-5c,p$n#-5c
MeasureCode,538,scip-inf-4,empty
MeasureCode,541,scip-vte-2,empty
MeasureCode,545,ami-4,empty
MeasureCode,546,ami-5,a$m@@i-5
MeasureCode,550,hf-2,hf-2@@
MeasureCode,560,scip-inf-1,empty
MeasureCode,570,ami-4,ami$-4
MeasureCode,573,ami-8a,#??ami-8a
MeasureCode,574,hf-1,??hf-1
MeasureCode,576,hf-3,h$f-3@@
MeasureCode,580,pn-4,empty
MeasureCode,590,scip-vte-1,scip-vte??-1
MeasureCode,592,ami-1,ami%-1
MeasureCode,599,hf-1,empty
MeasureCode,605,pn-4,#pn-4
MeasureCode,608,pn-7,p$n-??7
MeasureCode,611,scip-inf-2,scip????-inf-2
MeasureCode,612,scip-inf-3,sc#ip-inf-3
MeasureCode,613,scip-inf-4,empty
MeasureCode,614,scip-inf-6,scip-%inf-6
MeasureCode,628,pn-2,p@@n-2
MeasureCode,629,pn-3b,pn-3#b%
MeasureCode,635,scip-inf-1,scip-in??f@@-1
MeasureCode,654,pn-3b,pn-3%b
MeasureCode,655,pn-4,p??n-4
MeasureCode,656,pn-5c,pn-5c#
MeasureCode,664,scip-inf-6,empty
MeasureCode,665,scip-vte-1,sc$i??p-vte-1
MeasureCode,670,ami-4,ami-??4
MeasureCode,676,hf-3,hf-%3@@
MeasureCode,680,pn-4,pn@@-$4
MeasureCode,682,pn-6,p#n-6
MeasureCode,685,scip-inf-1,empty
MeasureCode,688,scip-inf-4,s??cip-in$f-4
MeasureCode,689,scip-inf-6,empty
MeasureCode,692,ami-1,ami-#@@1
MeasureCode,695,ami-4,am@@i-4
MeasureCode,697,ami-7a,empty
MeasureCode,703,pn-2,empty
MeasureCode,707,pn-6,empty
MeasureCode,708,pn-7,pn$-7@@
MeasureCode,711,scip-inf-2,empty
MeasureCode,714,scip-inf-6,scip-@@inf-6
MeasureCode,716,scip-vte-2,scip$-vte-2
MeasureCode,717,ami-1,ami-%1
MeasureCode,720,ami-4,a@@m%i-4
MeasureCode,722,ami-7a,ami-7??a
MeasureCode,727,hf-4,empty
MeasureCode,728,pn-2,p#%n-2
MeasureCode,742,ami-1,a@@%mi-1
MeasureCode,743,ami-2,a??mi-#2
MeasureCode,757,pn-6,empty
MeasureCode,761,scip-inf-2,scip-inf@@-2
MeasureCode,766,scip-vte-2,s%cip-vte-2
MeasureCode,769,scip-inf-2,scip-inf??-2??
MeasureCode,772,scip-inf-6,sci??p-inf-6
MeasureCode,773,scip-vte-1,??@@scip-vte-1
MeasureCode,779,ami-2,a#mi-2
MeasureCode,781,ami-4,empty
MeasureCode,787,hf-3,h$@@f-3
MeasureCode,795,scip-card-2,sci@@p-card-2
MeasureCode,803,ami-1,ami%-??1
MeasureCode,804,ami-2,ami-??2
MeasureCode,810,hf-1,%hf@@-1
MeasureCode,816,pn-4,%pn-4
MeasureCode,821,scip-inf-1,scip$-inf-@@1
MeasureCode,825,scip-inf-6,@@scip-inf-6
MeasureCode,832,ami-5,#ami@@-5
MeasureCode,833,ami-7a,a@@m%i-7a
MeasureCode,837,hf-3,h$$f-3
MeasureCode,840,pn-3b,@@pn??-3b
MeasureCode,844,pn-7,pn-%7??
MeasureCode,849,scip-inf-4,sc#ip-inf$-4
MeasureCode,855,ami-3,ami-??3
MeasureCode,860,hf-1,h%f-1
MeasureCode,862,hf-3,hf#-3
MeasureCode,866,pn-4,pn-4%#
MeasureCode,867,pn-5c,pn-%#5c
MeasureCode,869,pn-7,empty
MeasureCode,873,scip-inf-3,sci??p-inf??-3
MeasureCode,875,scip-inf-6,scip-#inf-6
MeasureCode,879,ami-2,empty
MeasureCode,884,ami-8a,a#mi-8a
MeasureCode,888,hf-4,hf-??4$
MeasureCode,890,pn-3b,pn@@-3b??
MeasureCode,899,scip-inf-4,empty
MeasureCode,902,scip-vte-2,empty
MeasureCode,917,pn-2,pn#-2
MeasureCode,918,pn-3b,pn-3$b
MeasureCode,921,pn-6,pn@@@@-6
MeasureCode,923,scip-card-2,empty
MeasureCode,925,scip-inf-2,@@scip@@-inf-2
MeasureCode,928,scip-inf-6,scip-i$n$f-6
MeasureCode,929,scip-vte-1,sc%ip-vte#-1
MeasureCode,936,ami-7a,ami-$7a
MeasureCode,938,hf-1,empty
MeasureCode,939,hf-2,hf-2??
MeasureCode,944,pn-4,pn@@-4
MeasureCode,948,scip-card-2,empty
MeasureCode,952,scip-inf-4,scip-inf-4%
MeasureCode,954,scip-vte-1,s@@cip-vte-1
MeasureCode,963,hf-1,hf%-$1
MeasureCode,971,pn-6,pn%-??6
MeasureCode,976,scip-inf-3,empty
MeasureCode,977,scip-inf-4,scip-i#nf-4
MeasureCode,979,scip-vte-1,scip-vt@@e-1
MeasureCode,980,scip-vte-2,scip-vte-2@@
MeasureCode,981,ami-1,ami$#-1
MeasureCode,986,ami-7a,ami-7a#
MeasureCode,990,hf-3,??hf-??3
MeasureCode,991,hf-4,hf-?@@?4
MeasureCode,993,pn-3b,??pn-3b
MeasureCode,997,pn-7,$pn-7@@
MeasureCode,998,scip-card-2,empty
MeasureName,1,surgery patients who were taking heart drugs called beta blockers before coming to the hospital who were kept on the beta blockers during the period just before and after their surgery,surgery patients who were taking heart drugs called beta blockers before coming to the hospital who were kept on the beta blockers during the period just before and after their surge%ry
MeasureName,5,all heart surgery patients whose blood sugar (blood glucose) is kept under good control in the days right after surgery,all heart surgery patients whose bloo$d sugar (blood glucose) is kept under good control in the days right after surgery
MeasureName,6,surgery patients needing hair removed from the surgical area before surgery who had hair removed using a safer method (electric clippers or hair removal cream c not a razor),surgery patients needing% hair removed from the surgical area before surgery who had hair removed using a safer method (electric clippers or hair remov$al cream c not a razor)
MeasureName,7,surgery patients whose doctors ordered treatments to prevent blood clots after certain types of surgeries,surgery p$atients whose doctors ordered treatments to p$revent blood clots after certain types of surgeries
MeasureName,16,heart failure patients given discharge instructions,heart failure patients?? given discharge instructions
MeasureName,18,heart failure patients given ace inhibitor or arb for left ventricular systolic dysfunction (lvsd),heart failure patients given ace inhibitor $or arb for left ventric#ular systolic dysfunction (lvsd)
MeasureName,19,heart failure patients given smoking cessation advice/counseling,hear??t failure patients given smoking cessation advice/counseling
MeasureName,21,heart attack patients given aspirin at discharge,heart attack patients given aspirin at #discharge
MeasureName,27,heart failure patients given discharge instructions,heart failure patients giv%en discharge ins??tructions
MeasureName,29,heart failure patients given ace inhibitor or arb for left ventricular systolic dysfunction (lvsd),heart failure patients given ace inhibitor or arb for left ventricular systolic dysfunctio@@n (lvsd)
MeasureName,42,surgery patients needing hair removed from the surgical area before surgery who had hair removed using a safer method (electric clippers or hair removal cream c not a razor),empty
MeasureName,53,heart failure patients given an evaluation of left ventricular systolic (lvs) function,heart failure pa??tien@@ts given an evaluation of left ventricular systolic (lvs) function
MeasureName,58,pneumonia patients given smoking cessation advice/counseling,pneumonia pat%ients given smoking cessation $advice/counseling
MeasureName,64,surgery patients who were given the  right kind  of antibiotic to help prevent infection,surgery patients who were given the  right kind  of antibiotic to help prevent infe%ction
MeasureName,68,surgery patients whose doctors ordered treatments to prevent blood clots after certain types of surgeries,surgery patien$ts whose doctors ordered treatments to prevent blood clots after certain $types of surgeries
MeasureName,76,heart attack patients given pci within 90 minutes of arrival,heart attack patients given pci wi%thin 90 minutes of arrival
MeasureName,78,heart failure patients given an evaluation of left ventricular systolic (lvs) function,heart failure patients given an evaluation of left v%entricular %systolic (lvs) function
MeasureName,83,pneumonia patients given smoking cessation advice/counseling,pneumonia patients given smokin??g cessation advice/c%ounseling
MeasureName,88,surgery patients who were given an antibiotic at the right time (within one hour before surgery) to help prevent infection,surgery patients who were given an antibiotic at th#e@@ right time (within one hour before surgery) to help prevent infection
MeasureName,93,surgery patients whose doctors ordered treatments to prevent blood clots after certain types of surgeries,empty
MeasureName,95,heart attack patients given aspirin at arrival,heart attack patients given aspirin at arrival@@
MeasureName,99,heart attack patients given beta blocker at discharge,heart attack patients given beta blocker at disch??#arge
MeasureName,101,heart attack patients given pci within 90 minutes of arrival,heart?? attack patients given pci within 90 minutes of arrival
MeasureName,107,pneumonia patients whose initial emergency room blood culture was performed prior to the administration of the first hospital dose of antibiotics,pneumonia patients whose initial emergency room blood culture was performed prior to the administ%ration of the% first hospital dose of antibiotics
MeasureName,126,heart attack patients given pci within 90 minutes of arrival,empty
MeasureName,128,heart failure patients given an evaluation of left ventricular systolic (lvs) function,empty
MeasureName,139,surgery patients who were given the  right kind  of antibiotic to help prevent infection,surgery patients who were given the  right kind  of antibiotic to help pre??vent infection
MeasureName,142,surgery patients needing hair removed from the surgical area before surgery who had hair removed using a safer method (electric clippers or hair removal cream c not a razor),surgery patients needing hair $removed from the surgical area before surgery who had hair removed using a safer method (electric clippers or hair removal cream c not a razor)
MeasureName,148,heart attack patients given smoking cessation advice/counseling,heart attack patie??nts given smoking$ cessation advice/counseling
MeasureName,154,heart failure patients given ace inhibitor or arb for left ventricular systolic dysfunction (lvsd),heart failure pa??tients given ace inhibitor or arb for left ventricular systolic dysfu@@nction (lvsd)
MeasureName,158,pneumonia patients given smoking cessation advice/counseling,pneumonia patients giv#en smoking cessation advice/counseling
MeasureName,160,pneumonia patients given the most appropriate initial antibiotic(s),pn#eumonia patients given the most appropriate initial antibiotic(s)
MeasureName,169,patients who got treatment  at the right time (within 24 hours before or after their surgery) to help prevent blood clots after certain types of surgery,patients who got treatment  %at the right time (within 24 hours before or after their surgery) to help prevent blood clots after certain types of surgery
MeasureName,175,heart attack patients given fibrinolytic medication within 30 minutes of arrival,heart attack patients given fibrinolytic medication wi#thin 30 minutes of arrival
MeasureName,179,heart failure patients given ace inhibitor or arb for left ventricular systolic dysfunction (lvsd),empty
MeasureName,184,pneumonia patients given initial antibiotic(s) within 6 hours after arrival,pneumonia patients given initial antibiotic(s) within 6 hours after arriv@@al
MeasureName,187,surgery patients who were taking heart drugs called beta blockers before coming to the hospital who were kept on the beta blockers during the period just before and after their surgery,surgery patients who were taking heart drugs% called beta blockers before coming to the hospital who were kept on the beta blockers during the period just% before and after their surgery
MeasureName,195,heart attack patients given aspirin at arrival,he@@art attack patients given aspirin at arrival
MeasureName,198,heart attack patients given smoking cessation advice/counseling,heart attack patients given smoking cessation advice/??counseling
MeasureName,199,heart attack patients given beta blocker at discharge,heart attack patients given beta blocker $at discharge
MeasureName,201,heart attack patients given pci within 90 minutes of arrival,he$art attack patients given pci within 90 minutes of arrival
MeasureName,203,heart failure patients given an evaluation of left ventricular systolic (lvs) function,hea??rt failure patients given an evaluation of left ventricular systolic (lvs) function
MeasureName,204,heart failure patients given ace inhibitor or arb for left ventricular systolic dysfunction (lvsd),@@heart failure patients given ace inhibitor or arb for left ventricular systolic dysfunction (lvsd)
MeasureName,205,heart failure patients given smoking cessation advice/counseling,heart failure patients given smoking cessation advic@@e/counseling
MeasureName,208,pneumonia patients given smoking cessation advice/counseling,pn%eumonia patients given smoking cessation advice/counseling
MeasureName,212,surgery patients who were taking heart drugs called beta blockers before coming to the hospital who were kept on the beta blockers during the period just before and after their surgery,surgery patients who were taking heart drugs called beta blockers before coming to the hospital w??ho were kept on the beta blockers during the period just before and after their surgery
MeasureName,215,surgery patients whose preventive antibiotics were stopped at the right time (within 24 hours after surgery),surgery patients whose preventive antibiotics were stopped at the right time (within 24 hours afte#r surgery)
MeasureName,217,surgery patients needing hair removed from the surgical area before surgery who had hair removed using a safer method (electric clippers or hair removal cream c not a razor),surgery patients% needing hair removed from the surgical area before surgery who had hair removed using a safer method (electric clippers or hair removal cream c not a razor)
MeasureName,226,heart attack patients given pci within 90 minutes of arrival,heart attack patients given p??ci within 90 minutes of arrival
MeasureName,227,heart failure patients given discharge instructions,empty
MeasureName,243,surgery patients whose doctors ordered treatments to prevent blood clots after certain types of surgeries,surgery patients whose doctors ordered treatments to prevent blood clots after certain types of @@surgeries
MeasureName,250,heart attack patients given fibrinolytic medication within 30 minutes of arrival,heart a#ttack patients given fibrinolytic medication within 30 minutes of arrival
MeasureName,252,heart failure patients given discharge instructions,heart failure patients given discharge in%structions
MeasureName,254,heart failure patients given ace inhibitor or arb for left ventricular systolic dysfunction (lvsd),heart failure patients given ace inhibitor or arb for left ventricular systolic %dysfunction (lvsd)@@
MeasureName,258,pneumonia patients given smoking cessation advice/counseling,pneumonia patients given smoking cessat@@i%on advice/counseling
MeasureName,262,surgery patients who were taking heart drugs called beta blockers before coming to the hospital who were kept on the beta blockers during the period just before and after their surgery,empty
MeasureName,267,surgery patients needing hair removed from the surgical area before surgery who had hair removed using a safer method (electric clippers or hair removal cream c not a razor),surgery patients needing hair removed from the surgical area before surgery who had hair removed using a safer method (electric clippers or hai#r removal cream c not a razor)
MeasureName,272,heart attack patients given ace inhibitor or arb for left ventricular systolic dysfunction (lvsd),heart attack patients given ace inhibitor or arb for left ventric??ular systolic dysfunction (lvsd)@@
MeasureName,276,heart attack patients given pci within 90 minutes of arrival,heart attack% patients given pci within 90% minutes of arrival
MeasureName,280,heart failure patients given smoking cessation advice/counseling,heart failu??re patients given smoking cessatio%n advice/counseling
MeasureName,284,pneumonia patients given initial antibiotic(s) within 6 hours after arrival,empty
MeasureName,292,surgery patients needing hair removed from the surgical area before surgery who had hair removed using a safer method (electric clippers or hair removal cream c not a razor),surgery patients needing hair re@@moved from the surgical area before surgery who had hair removed using a saf??er method (electric clippers or hair removal cream c not a razor)
MeasureName,295,heart attack patients given aspirin at arrival,empty
MeasureName,298,heart attack patients given smoking cessation advice/counseling,empty
MeasureName,305,heart failure patients given smoking cessation advice/counseling,empty
MeasureName,313,children and their caregivers who received a home management plan of care document while hospitalized for asthma,children and their caregivers who received a home management plan of care document w$hile hospitalized for as??thma
MeasureName,318,heart attack patients given beta blocker at discharge,he??art attack patients given beta blocker at discharge
MeasureName,319,heart attack patients given fibrinolytic medication within 30 minutes of arrival,empty
MeasureName,324,heart failure patients given smoking cessation advice/counseling,empty
MeasureName,329,pneumonia patients given the most appropriate initial antibiotic(s),pneumonia pati%#ents given the most appropriate initial antibiotic(s)
MeasureName,331,surgery patients who were taking heart drugs called beta blockers before coming to the hospital who were kept on the beta blockers during the period just before and after their surgery,surgery patients who were taking heart dr%ugs called beta blockers before coming to the hospital who were kept on the beta blockers during the period just before and after their surgery
MeasureName,332,heart failure patients given an evaluation of left ventricular systolic (lvs) function,hea$rt failure patients given an evaluation of left ventricular systolic (lvs) function
MeasureName,333,heart failure patients given ace inhibitor or arb for left ventricular systolic dysfunction (lvsd),heart failure patients given ace inhibitor or arb for left v??entricular systolic dysfuncti@@on (lvsd)
MeasureName,337,pneumonia patients given smoking cessation advice/counseling,pneumonia patients given smoking cessation advice/couns$eli@@ng
MeasureName,338,pneumonia patients given initial antibiotic(s) within 6 hours after arrival,empty
MeasureName,339,pneumonia patients given the most appropriate initial antibiotic(s),empty
MeasureName,341,surgery patients who were taking heart drugs called beta blockers before coming to the hospital who were kept on the beta blockers during the period just before and after their surgery,surgery patients who were taking heart drugs called beta blockers$ before coming to the hospital who were kept on the beta blockers during the period just before and after their surgery
MeasureName,344,surgery patients whose preventive antibiotics were stopped at the right time (within 24 hours after surgery),empty
MeasureName,345,all heart surgery patients whose blood sugar (blood glucose) is kept under good control in the days right after surgery,all heart surgery patients whose blood sugar (blood glucose) is kept under good control in the days right ??after surgery
MeasureName,351,heart attack patients given ace inhibitor or arb for left ventricular systolic dysfunction (lvsd),heart attack patients given ace inhibitor or arb for lef%t ventricular systolic dysfunction (lvsd)
MeasureName,360,heart attack patients given fibrinolytic medication within 30 minutes of arrival,heart attack patients given fibrinolytic medication within 30 minutes of$ a%rrival
MeasureName,365,heart failure patients given smoking cessation advice/counseling,empty
MeasureName,366,pneumonia patients assessed and given pneumococcal vaccination,pneumonia patients as@@sessed and given pneumococcal vaccin??ation
MeasureName,376,all heart surgery patients whose blood sugar (blood glucose) is kept under good control in the days right after surgery,empty
MeasureName,390,heart failure patients given smoking cessation advice/counseling,heart failure patients given smo??king cessation advic$e/counseling
MeasureName,394,heart attack patients given ace inhibitor or arb for left ventricular systolic dysfunction (lvsd),heart attack patients given ace inhibitor@@ or arb for left ventricular systolic dysfunction (lvsd)
MeasureName,397,heart attack patients given fibrinolytic medication within 30 minutes of arrival,heart attack patients given fibrinolytic medicat$ion within 30 minutes of arrival
MeasureName,410,surgery patients who were given an antibiotic at the right time (within one hour before surgery) to help prevent infection,surgery patients who were given an antibio%tic at the right time (within one hour b@@efore surgery) to help prevent infection
MeasureName,425,heart failure patients given smoking cessation advice/counseling,heart failure patients given smoking cessation advic??e/counseling
MeasureName,426,pneumonia patients assessed and given pneumococcal vaccination,pneumonia patients assessed an$d given pneumococcal vaccination
MeasureName,428,pneumonia patients given smoking cessation advice/counseling,pneumonia patients given smoking cessation advice/counseli%ng
MeasureName,429,pneumonia patients given initial antibiotic(s) within 6 hours after arrival,pneumonia patients given initial antib#iotic(s) within 6 hours after arrival
MeasureName,430,pneumonia patients given the most appropriate initial antibiotic(s),pneumonia patients given the most appropriate initial a#n$tibiotic(s)
MeasureName,435,heart failure patients given ace inhibitor or arb for left ventricular systolic dysfunction (lvsd),empty
MeasureName,436,heart failure patients given smoking cessation advice/counseling,empty
MeasureName,443,surgery patients who were taking heart drugs called beta blockers before coming to the hospital who were kept on the beta blockers during the period just before and after their surgery,surgery patients who were taking heart drugs called beta blockers before coming to the hospital who were kept on the beta blockers during the period just before and after their surge%ry
MeasureName,449,surgery patients whose doctors ordered treatments to prevent blood clots after certain types of surgeries,surgery patients whose doctors ordered treatments to% prevent blood clots after certain types of surgeries
MeasureName,458,pneumonia patients assessed and given influenza vaccination,pn@@eumonia patients assessed and given influenza vaccination
MeasureName,459,surgery patients who were taking heart drugs called beta blockers before coming to the hospital who were kept on the beta blockers during the period just before and after their surgery,surgery patients who were taking heart drugs called beta blockers before coming to the hospital who were kept on the beta blockers during the period just before and after their?? surgery
MeasureName,462,surgery patients whose preventive antibiotics were stopped at the right time (within 24 hours after surgery),??surgery patients whose preventive antibiotics were stopped at the right time (within 24 hours after surgery)
MeasureName,464,surgery patients needing hair removed from the surgical area before surgery who had hair removed using a safer method (electric clippers or hair removal cream c not a razor),empty
MeasureName,483,pneumonia patients assessed and given influenza vaccination,empty
MeasureName,490,surgery patients whose doctors ordered treatments to prevent blood clots after certain types of surgeries,surgery p#atients whose doctors ordered treatments to prevent blood clots after certain types of surgerie%s
MeasureName,492,heart attack patients given aspirin at arrival,heart attack patients given aspirin at ??arrival
MeasureName,502,heart failure patients given smoking cessation advice/counseling,heart @@failure patients given smoking cessation advice/counseling
MeasureName,503,pneumonia patients assessed and given pneumococcal vaccination,pneumonia patients assessed and gi??ven pneumococ$cal vaccination
MeasureName,508,pneumonia patients assessed and given influenza vaccination,pneumoni#a patients assessed a??nd given influenza vaccination
MeasureName,517,heart attack patients given aspirin at arrival,heart attack pa??tients given aspi??rin at arrival
MeasureName,520,heart attack patients given smoking cessation advice/counseling,heart a#ttack patients given smoking cessation advice/counseling
MeasureName,521,heart attack patients given beta blocker at discharge,heart attack patients %given beta @@blocker at discharge
MeasureName,530,pneumonia patients given smoking cessation advice/counseling,pneumonia patients given smoking cessation advice/counse@@ling
MeasureName,532,pneumonia patients given the most appropriate initial antibiotic(s),pneumonia patients given the most appropria??te initial antibiotic(s)
MeasureName,534,surgery patients who were taking heart drugs called beta blockers before coming to the hospital who were kept on the beta blockers during the period just before and after their surgery,surge%ry patients who were taking heart drugs called bet@@a blockers before coming to the hospital who were kept on the beta blockers during the period just before and after their surgery
MeasureName,542,heart attack patients given aspirin at arrival,heart attack patient??s given aspirin at arri#val
MeasureName,544,heart attack patients given ace inhibitor or arb for left ventricular systolic dysfunction (lvsd),empty
MeasureName,549,heart failure patients given discharge instructions,heart failure patients given di$scharge instr%uctions
MeasureName,573,heart attack patients given pci within 90 minutes of arrival,heart attack patients given pci within 90 minutes% of arrival
MeasureName,577,heart failure patients given smoking cessation advice/counseling,hear$t failure patients given smoking cessation advice/counse??ling
MeasureName,579,pneumonia patients whose initial emergency room blood culture was performed prior to the administration of the first hospital dose of antibiotics,pneumon??ia patients whose initial emergency room blood culture was performed prior to the administratio#n of the first hospital dose of antibiotics
MeasureName,589,surgery patients needing hair removed from the surgical area before surgery who had hair removed using a safer method (electric clippers or hair removal cream c not a razor),surgery patients needing hair removed from the surgical area before surgery who had hair r$emoved using a safer method (electric clippers or hair removal cream c not a razor)
MeasureName,594,heart attack patients given ace inhibitor or arb for left ventricular systolic dysfunction (lvsd),heart attack patients given ace inhibitor or arb for left vent@@ricular systolic dysfunction (lvsd)
MeasureName,595,heart attack patients given smoking cessation advice/counseling,heart attack patien$ts given smoking cessation advice/counseli%ng
MeasureName,602,heart failure patients given smoking cessation advice/counseling,empty
MeasureName,603,pneumonia patients assessed and given pneumococcal vaccination,empty
MeasureName,606,pneumonia patients given initial antibiotic(s) within 6 hours after arrival,pneumonia patients given initial antibiotic(s) within 6 hours after$ arrival
MeasureName,607,pneumonia patients given the most appropriate initial antibiotic(s),pneumonia pat@@ients given the most appropriate initial antibiotic(s)
MeasureName,608,pneumonia patients assessed and given influenza vaccination,??pneumonia patients assessed and given influenza vaccination
MeasureName,610,surgery patients who were given an antibiotic at the right time (within one hour before surgery) to help prevent infection,empty
MeasureName,611,surgery patients who were given the  right kind  of antibiotic to help prevent infection,surgery patients who were given the # right kind  of antibiotic to help prevent infection
MeasureName,612,surgery patients whose preventive antibiotics were stopped at the right time (within 24 hours after surgery),surgery patients whose preventive antibiotics were stopped at the righ%t time (within 24 hours after surgery)
MeasureName,622,heart attack patients given fibrinolytic medication within 30 minutes of arrival,heart attack patients given fibrinolytic medication within 30 minutes of?? arrival
MeasureName,627,heart failure patients given smoking cessation advice/counseling,heart failure patients given smoking cessation advice/counseling$
MeasureName,630,pneumonia patients given smoking cessation advice/counseling,empty
MeasureName,636,surgery patients who were given the  right kind  of antibiotic to help prevent infection,empty
MeasureName,639,surgery patients needing hair removed from the surgical area before surgery who had hair removed using a safer method (electric clippers or hair removal cream c not a razor),surgery patients needing hair removed from the surgical area before surgery who had hair removed using a safer met??hod (electric clippers or hair removal cream c not a razor)
MeasureName,646,heart attack patients given beta blocker at discharge,empty
MeasureName,658,pneumonia patients assessed and given influenza vaccination,pneumonia patients a#ssessed and given influenza vaccination
MeasureName,664,surgery patients needing hair removed from the surgical area before surgery who had hair removed using a safer method (electric clippers or hair removal cream c not a razor),empty
MeasureName,682,pneumonia patients given the most appropriate initial antibiotic(s),pneumonia patients given th@@e most appropria@@te initial antibiotic(s)
MeasureName,683,pneumonia patients assessed and given influenza vaccination,pne??umonia patients assessed and given influenza vaccin@@ation
MeasureName,686,surgery patients who were given the  right kind  of antibiotic to help prevent infection,empty
MeasureName,687,surgery patients whose preventive antibiotics were stopped at the right time (within 24 hours after surgery),empty
MeasureName,693,heart attack patients given aspirin at discharge,empty
MeasureName,696,heart attack patients given beta blocker at discharge,empty
MeasureName,708,pneumonia patients assessed and given influenza vaccination,pneumonia patients assessed and given #influenza vaccination@@
MeasureName,714,surgery patients needing hair removed from the surgical area before surgery who had hair removed using a safer method (electric clippers or hair removal cream c not a razor),surgery patients needing hair removed from the surgical area before surgery who had hair removed using a safer m$ethod (electric clippers or hair removal cream c not a razor)
MeasureName,716,patients who got treatment  at the right time (within 24 hours before or after their surgery) to help prevent blood clots after certain types of surgery,patients who got treatment  at the right $time (within 24 hours before or after their $surgery) to help prevent blood clots after certain types of surgery
MeasureName,724,heart failure patients given discharge instructions,heart fa@@ilure patients given discharge instructions
MeasureName,730,pneumonia patients given smoking cessation advice/counseling,pneumonia patients gi??ven smoking cessation advice/counseling
MeasureName,731,pneumonia patients given initial antibiotic(s) within 6 hours after arrival,pneumonia patien$ts given initial ant%ibiotic(s) within 6 hours after arrival
MeasureName,734,surgery patients who were taking heart drugs called beta blockers before coming to the hospital who were kept on the beta blockers during the period just before and after their surgery,surgery patients who were taking heart drugs called beta blockers before coming to the hospital who were kept on the beta blockers durin@@g the period just before and after their surgery
MeasureName,738,all heart surgery patients whose blood sugar (blood glucose) is kept under good control in the days right after surgery,all heart surge??ry patients whose blood sugar (blood glucose) is kept under good control in the days right after s??urgery
MeasureName,742,heart attack patients given aspirin at arrival,heart attack# p$atients given aspirin at arrival
MeasureName,746,heart attack patients given beta blocker at discharge,hear$t attack pat$ients given beta blocker at discharge
MeasureName,752,heart failure patients given smoking cessation advice/counseling,heart failu$re patients given smoking cessation advice/counseling
MeasureName,755,pneumonia patients given smoking cessation advice/counseling,pneumonia@@ patients given sm#oking cessation advice/counseling
MeasureName,758,pneumonia patients assessed and given influenza vaccination,pn%eumonia patients ass%essed and given influenza vaccination
MeasureName,772,surgery patients needing hair removed from the surgical area before surgery who had hair removed using a safer method (electric clippers or hair removal cream c not a razor),surgery patients needing hair removed from the surgical area before surgery who had hair removed using a safer method (electric @@clippers or hair removal cream c not a razor)
MeasureName,774,patients who got treatment  at the right time (within 24 hours before or after their surgery) to help prevent blood clots after certain types of surgery,patients who got treatment  at the right t#ime (within 24 hours before or after their surgery) to help prevent blood clots after certain types of surgery
MeasureName,776,children who received systemic corticosteroid medication (oral and iv medication that reduces inflammation and controls symptoms) while hospitalized for asthma,empty
MeasureName,782,heart attack patients given beta blocker at discharge,heart attack pat$ients given beta blocker at discharge
MeasureName,799,all heart surgery patients whose blood sugar (blood glucose) is kept under good control in the days right after surgery,empty
MeasureName,804,heart attack patients given aspirin at discharge,hea$rt attack patients given aspirin% at discharge
MeasureName,807,heart attack patients given beta blocker at discharge,heart attack patien??ts given beta blocker at discharge
MeasureName,808,heart attack patients given fibrinolytic medication within 30 minutes of arrival,heart attack pati%ents given fibrinolytic medication within 30 minutes of arrival%
MeasureName,811,heart failure patients given an evaluation of left ventricular systolic (lvs) function,heart failure patients given an evaluation of left ventricu$lar systolic $(lvs) function
MeasureName,825,surgery patients needing hair removed from the surgical area before surgery who had hair removed using a safer method (electric clippers or hair removal cream c not a razor),surgery patients needing hair removed from the surgical area before surgery who had hair@@ removed using a safer method (electric clippers or hair removal cream c not a razor)
MeasureName,826,surgery patients whose doctors ordered treatments to prevent blood clots after certain types of surgeries,surgery patients whose doctors ordered treatments to?? prevent blood clots# after certain types of surgeries
MeasureName,837,heart failure patients given ace inhibitor or arb for left ventricular systolic dysfunction (lvsd),heart failure patien%ts given ace inhibitor or arb for left ventricular systolic dysfunction (lvsd)
MeasureName,840,pneumonia patients whose initial emergency room blood culture was performed prior to the administration of the first hospital dose of antibiotics,pn%eumonia patients whose initial emergency room blood culture was performed prior to@@ the administration of the first hospital dose of antibiotics
MeasureName,844,pneumonia patients assessed and given influenza vaccination,pneumonia pa??tients assessed and given infl??uenza vaccination
MeasureName,846,surgery patients who were given an antibiotic at the right time (within one hour before surgery) to help prevent infection,surgery patients who were given an antibiotic at the right time (within one hour before surgery) to help prevent@@ infection
MeasureName,863,heart failure patients given smoking cessation advice/counseling,heart failure patients given smoki#ng cessation advice/counseling
MeasureName,868,pneumonia patients given the most appropriate initial antibiotic(s),pneumonia patients% given the most approp@@riate initial antibiotic(s)
MeasureName,870,surgery patients who were taking heart drugs called beta blockers before coming to the hospital who were kept on the beta blockers during the period just before and after their surgery,empty
MeasureName,874,all heart surgery patients whose blood sugar (blood glucose) is kept under good control in the days right after surgery,all heart surgery pat$ients whose blood sugar (blood glucose) is kept under good control in the days right after su#rgery
MeasureName,875,surgery patients needing hair removed from the surgical area before surgery who had hair removed using a safer method (electric clippers or hair removal cream c not a razor),surgery patients needi@@ng hair removed from the surgical area before surgery who had hair removed using a safer method (electric clippers or hair removal cream c@@ not a razor)
MeasureName,881,heart attack patients given smoking cessation advice/counseling,heart %attack@@ patients given smoking cessation advice/counseling
MeasureName,894,pneumonia patients assessed and given influenza vaccination,empty
MeasureName,899,all heart surgery patients whose blood sugar (blood glucose) is kept under good control in the days right after surgery,all heart surgery patients whose blood sugar (blood gluco#se) is kept under good control in the days right after surgery
MeasureName,902,patients who got treatment  at the right time (within 24 hours before or after their surgery) to help prevent blood clots after certain types of surgery,empty
MeasureName,904,children who received systemic corticosteroid medication (oral and iv medication that reduces inflammation and controls symptoms) while hospitalized for asthma,children who received systemic corticost#eroid medication (oral and iv medication that reduces inflammation and controls symptoms) while hospitalized for asthma
MeasureName,906,heart attack patients given aspirin at arrival,heart at$#tack patients given aspirin at arrival
MeasureName,909,heart attack patients given smoking cessation advice/counseling,heart attack$ patients given smoking cessation advice/couns%eling
MeasureName,914,heart failure patients given an evaluation of left ventricular systolic (lvs) function,heart failure patients given an evaluation of left ventricular systolic (%lvs) funct$ion
MeasureName,915,heart failure patients given ace inhibitor or arb for left ventricular systolic dysfunction (lvsd),heart failure patients given ace inhibitor or arb for left ventricular systolic dysfun%ction (lvsd)
MeasureName,918,pneumonia patients whose initial emergency room blood culture was performed prior to the administration of the first hospital dose of antibiotics,pneumo@@nia patients whose initial emergency room blood culture was performed prior to the administration of the first hospital dose of antibiotics
MeasureName,924,surgery patients who were given an antibiotic at the right time (within one hour before surgery) to help prevent infection,empty
MeasureName,928,surgery patients needing hair removed from the surgical area before surgery who had hair removed using a safer method (electric clippers or hair removal cream c not a razor),surgery patients needing hair removed from the surgical area?? before surgery who had hair removed using a safer method (electric clippers or hair removal cream c not a razor)
MeasureName,930,patients who got treatment  at the right time (within 24 hours before or after their surgery) to help prevent blood clots after certain types of surgery,empty
MeasureName,948,surgery patients who were taking heart drugs called beta blockers before coming to the hospital who were kept on the beta blockers during the period just before and after their surgery,empty
MeasureName,949,surgery patients who were given an antibiotic at the right time (within one hour before surgery) to help prevent infection,surgery patient??s who were given an antibiotic at@@ the right time (within one hour before surgery) to help prevent infection
MeasureName,950,surgery patients who were given the  right kind  of antibiotic to help prevent infection,surgery patient%s who were given the  right kind  of antibiotic to help pre$vent infection
MeasureName,953,surgery patients needing hair removed from the surgical area before surgery who had hair removed using a safer method (electric clippers or hair removal cream c not a razor),surgery patients %needing hair removed from the surgical area before surgery who had hair removed using a safer method (electric clippers or hair removal cream c not a razor)
MeasureName,962,heart attack patients given pci within 90 minutes of arrival,empty
MeasureName,963,heart failure patients given discharge instructions,heart failure patients given discharge ins??tructions
MeasureName,977,all heart surgery patients whose blood sugar (blood glucose) is kept under good control in the days right after surgery,all heart surgery patients whose blood sugar (blood glucose) is kept under good control in the days right after su%rgery
MeasureName,982,heart attack patients given aspirin at discharge,h%eart attack patients given aspirin at discharge
MeasureName,984,heart attack patients given smoking cessation advice/counseling,heart attack pati#ents given smoking cessation adv#ice/counseling
MeasureName,991,heart failure patients given smoking cessation advice/counseling,empty
MeasureName,993,pneumonia patients whose initial emergency room blood culture was performed prior to the administration of the first hospital dose of antibiotics,empty
MeasureName,994,pneumonia patients given smoking cessation advice/counseling,pneumonia patien%ts given smok??ing cessation advice/counseling
MeasureName,995,pneumonia patients given initial antibiotic(s) within 6 hours after arrival,pneumonia p#atients given initial antibiotic(s) within 6 hours after arrival
MeasureName,997,pneumonia patients assessed and given influenza vaccination,pneumonia pa#tients assessed and given influenza vaccination
Score,3,empty,??empty
Score,5,empty,emp??ty??
Score,9,97%,#97%
Score,16,80%,#80%
Score,18,92%,empty
Score,26,72%,72%%??
Score,36,84%,84$%
Score,50,empty,empt%#y
Score,63,96%,96%??
Score,66,empty,e@@m@@pty
Score,69,74%,7@@4%
Score,87,96%,$96%
Score,96,50%,5%@@0%
Score,100,empty,em%pt@@y
Score,101,empty,e@@mpty
Score,102,98%,#@@98%
Score,110,88%,8%8%#
Score,118,87%,empty
Score,119,88%,empty
Score,120,0%,#0%
Score,127,4%,@@%4%
Score,144,100%,1#00%
Score,145,100%,100%??
Score,150,empty,$empty
Score,156,98%,98@@%
Score,157,100%,100%??%
Score,159,98%,9#8%
Score,162,67%,empty
Score,163,100%,10??$0%
Score,167,100%,@@#100%
Score,171,100%,%100%
Score,177,93%,9%3$%
Score,178,84%,8%4%??
Score,181,87%,empty
Score,186,90%,%$90%
Score,187,86%,86#%
Score,189,91%,$91%$
Score,193,86%,8%@@6%
Score,194,84%,84??%
Score,197,91%,@@9@@1%
Score,200,empty,e??mpty
Score,203,98%,empty
Score,212,83%,83%??%
Score,216,60%,60@@%
Score,217,100%,empty
Score,224,95%,%95%
Score,231,97%,97@@%
Score,232,93%,empty
Score,234,99%,empty
Score,245,empty,emp#ty
Score,247,empty,empty#
Score,255,88%,88@@%#
Score,259,96%,empty
Score,263,86%,86$%@@
Score,269,90%,9$0$%
Score,274,97%,#97??%
Score,286,92%,#92%
Score,287,89%,8??9%$
Score,288,98%,9%$8%
Score,289,99%,99%@@
Score,290,91%,$91%
Score,295,empty,e@@mpty??
Score,296,empty,empty??$
Score,316,93%,empty
Score,323,90%,90%@@
Score,324,100%,100@@%
Score,325,97%,??97@@%
Score,334,100%,10@@0??%
Score,347,100%,100%@@#
Score,352,100%,empty
Score,358,100%,#100%
Score,359,100%,10%0$%
Score,362,90%,$#90%
Score,364,85%,85??%??
Score,365,100%,empty
Score,366,91%,empty
Score,369,100%,empty
Score,375,94%,9#4%
Score,376,empty,em$p@@ty
Score,378,95%,95$%%
Score,384,96%,96%%
Score,388,98%,empty
Score,390,100%,1@@00??%
Score,397,empty,e#mpty
Score,404,95%,9??5%
Score,410,90%,#90%
Score,414,98%,98%??$
Score,419,100%,empty
Score,421,empty,e#mpt@@y
Score,429,97%,97%%
Score,431,88%,empty
Score,436,100%,10#0%
Score,445,98%,empty
Score,446,88%,88%%
Score,447,94%,??9@@4%
Score,455,97%,@@97%
Score,474,66%,empty
Score,475,96%,9@@#6%
Score,476,94%,9@@4%@@
Score,477,94%,94%??
Score,480,87%,empty
Score,483,90%,90%??
Score,484,100%,??100%
Score,489,100%,@@1$00%
Score,501,90%,$90??%
Score,504,97%,97??@@%
Score,508,81%,empty
Score,518,100%,10@@0%
Score,522,empty,em??p@@ty
Score,535,97%,9#7%
Score,536,97%,%97%
Score,545,97%,$97%
Score,548,40%,40%$
Score,550,90%,%#90%
Score,552,99%,empty
Score,556,88%,8%8%
Score,562,83%,$83%
Score,567,92%,92%@@??
Score,576,96%,9??6??%
Score,578,80%,80%#%
Score,584,32%,#32%
Score,588,empty,empty#
Score,589,96%,empty
Score,591,82%,??82%
Score,593,empty,empty$
Score,594,empty,empty%
Score,607,93%,#93%
Score,611,empty,e#mpty
Score,632,97%,9$7%%
Score,633,88%,88#%
Score,638,98%,$98%#
Score,639,100%,empty
Score,642,50%,5??0%
Score,658,12%,$12??%
Score,659,empty,empty@@@@
Score,667,98%,9@@8%??
Score,674,46%,#%46%
Score,677,100%,@@10@@0%
Score,679,92%,$92%
Score,685,88%,empty
Score,689,97%,empty
Score,691,77%,77#%
Score,693,100%,empty
Score,694,100%,100%@@
Score,695,empty,empty??
Score,699,88%,$88??%
Score,701,100%,100??%
Score,702,100%,1#00%
Score,714,100%,@@100%#
Score,720,100%,10@@0%
Score,723,empty,em%pty
Score,729,100%,100%%
Score,742,100%,??100??%
Score,757,75%,7$5%
Score,759,89%,empty
Score,764,100%,empty
Score,765,80%,8#0%
Score,766,80%,80%%
Score,768,99%,9??9??%
Score,769,93%,9%3%
Score,771,empty,e@@mpty@@
Score,773,90%,90@@%%
Score,779,100%,1??00%%
Score,782,100%,10#0%
Score,786,95%,95%#@@
Score,792,93%,9$??3%
Score,793,89%,89%$
Score,796,95%,9@@5%
Score,804,99%,empty
Score,808,68%,68%#
Score,813,100%,100$%
Score,820,91%,91%%$
Score,823,90%,empty
Score,824,94%,9??4%
Score,841,94%,empty
Score,844,81%,8??1??%
Score,856,empty,empt@@#y
Score,866,90%,90$%??
Score,877,100%,#100%
Score,891,100%,100@@#%
Score,892,97%,9??@@7%
Score,894,87%,8??7@@%
Score,898,empty,empty$
Score,902,100%,10?#?0%
Score,906,100%,empty
Score,909,100%,1??0#0%
Score,912,100%,empty
Score,914,100%,#10$0%
Score,916,100%,$10%0%
Score,917,99%,9#9%
Score,921,76%,$76%??
Score,931,53%,53?$?%
Score,936,empty,empty$
Score,938,53%,$53%
Score,940,67%,empty
Score,941,75%,75%$#
Score,942,90%,$90@@%
Score,959,empty,em@@pty@@
Score,971,99%,empty
Score,976,100%,10#0%
Score,978,100%,100%%
Score,989,85%,85#%@@
Score,992,74%,empty
Score,993,83%,%83#%
Score,997,64%,#6%4%
Score,999,64%,??6@@4%
Sample,3,empty,??em$pty
Sample,6,empty,#empty#
Sample,10,13 patients,13 pati%ents
Sample,19,41 patients,4#1 patie$nts
Sample,20,270 patients,270 #patien@@ts
Sample,21,516 patients,empty
Sample,22,71 patients,71 patie#nts
Sample,30,110 patients,empty
Sample,40,385 patients,385 patient%s
Sample,42,537 patients,empty
Sample,51,0 patients,0 pat?%?ients
Sample,55,34 patients,empty
Sample,60,175 patients,empty
Sample,65,158 patients,158 patien%#ts
Sample,67,237 patients,empty
Sample,74,227 patients,227 pat@@ien#ts
Sample,77,217 patients,2#17 patients
Sample,80,53 patients,53 pa#tients
Sample,85,138 patients,138 patient??s$
Sample,88,457 patients,empty
Sample,89,462 patients,462 pa$ti??ents
Sample,90,439 patients,439 patient@@s
Sample,91,130 patients,130 pati$ents
Sample,96,2 patients,2 pa??tients
Sample,100,0 patients,0 patient%s
Sample,105,8 patients,8# patien??ts
Sample,109,87 patients,empty
Sample,112,11 patients,11%@@ patients
Sample,114,101 patients,empty
Sample,115,100 patients,100 pat$ient@@s
Sample,116,0 patients,0 %patie@@nts
Sample,121,1 patients,1 p%a$tients
Sample,125,0 patients,0# patient%s
Sample,130,5 patients,5 pa#tients
Sample,132,15 patients,empty
Sample,141,0 patients,empty
Sample,144,4 patients,empty
Sample,151,0 patients,empty
Sample,158,25 patients,25 #patie??nts
Sample,159,51 patients,empty
Sample,164,7 patients,empty
Sample,169,9 patients,#9 patients
Sample,172,2 patients,empty
Sample,178,80 patients,empty
Sample,181,128 patients,128# patients
Sample,182,115 patients,empty
Sample,185,133 patients,133 p??ati??ents
Sample,186,101 patients,101 pa??tients
Sample,191,0 patients,0 pa$%tients
Sample,197,70 patients,empty
Sample,198,131 patients,$$131 patients
Sample,208,69 patients,6%9 patie$nts
Sample,210,112 patients,112 pati??ents
Sample,217,601 patients,601 p$ati$ents
Sample,221,39 patients,39#?? patients
Sample,223,14 patients,empty
Sample,232,91 patients,91 pat$ients
Sample,235,82 patients,82 patient@@s
Sample,236,56 patients,56 patients@@
Sample,239,147 patients,empty
Sample,241,0 patients,0 pat#ients
Sample,244,90 patients,90 patie$nts
Sample,245,0 patients,0@$@ patients
Sample,248,0 patients,empty
Sample,259,24 patients,empty
Sample,261,24 patients,empty
Sample,263,14 patients,14 patient??s??
Sample,267,15 patients,empty
Sample,272,30 patients,30 patien@@ts
Sample,277,210 patients,210 pati%ent@@s
Sample,286,199 patients,199 pa$tien@@ts
Sample,289,370 patients,370 pa@@tie$nts
Sample,298,empty,??empty??
Sample,300,empty,em#pty
Sample,302,empty,em@@pty
Sample,317,29 patients,29 pat%ie#nts
Sample,318,67 patients,67 @@pat%ients
Sample,319,1 patients,empty
Sample,320,15 patients,15 patie??#nts
Sample,326,102 patients,1%02 patients
Sample,331,23 patients,23 patients#
Sample,332,342 patients,342 pa#tients
Sample,335,166 patients,empty
Sample,343,957 patients,957 patients#
Sample,346,1295 patients,empty
Sample,352,63 patients,63 pat@@ients
Sample,354,205 patients,@@205 patie#nts
Sample,355,10 patients,empty
Sample,357,2 patients,2 pat??ient%s
Sample,358,1 patients,1 patients@@
Sample,360,1 patients,1 p#atients
Sample,361,0 patients,empty
Sample,365,14 patients,14 pa%tients
Sample,370,62 patients,62 pa$@@tients
Sample,372,19 patients,%19 patients@@
Sample,378,58 patients,empty
Sample,382,22 patients,2$2 patients
Sample,395,0 patients,0% p%atients
Sample,400,93 patients,%93 pa$tients
Sample,401,18 patients,#??18 patients
Sample,402,27 patients,27 p??atie%nts
Sample,406,131 patients,131 pa$t@@ients
Sample,408,89 patients,@@89 pati$ents
Sample,430,57 patients,empty
Sample,436,13 patients,13 pa??tients
Sample,443,106 patients,1%06 patients
Sample,446,499 patients,empty
Sample,454,149 patients,149 p$atie$nts
Sample,456,192 patients,empty
Sample,473,0 patients,0 patie$n%ts
Sample,474,79 patients,79 p@??@atients
Sample,487,48 patients,48 pa@@t@@ients
Sample,490,50 patients,%50 pati@@ents
Sample,493,1 patients,1 pati%en#ts
Sample,501,10 patients,10 pa??ti$ents
Sample,506,56 patients,empty
Sample,507,44 patients,44 pat$ients
Sample,508,31 patients,31 patien$ts
Sample,509,empty,#empty
Sample,510,2 patients,empty
Sample,513,0 patients,empty
Sample,514,6 patients,6 pati#ents
Sample,519,53 patients,53 patie$#nts
Sample,533,87 patients,87 $pati??ents
Sample,536,423 patients,423 patie??#nts
Sample,537,392 patients,392 pati??ents#
Sample,547,0 patients,0 @@patient??s
Sample,551,146 patients,1#46 patients
Sample,552,93 patients,93 patients#
Sample,554,230 patients,empty
Sample,555,74 patients,empty
Sample,562,817 patients,817 pat%ients
Sample,575,164 patients,#164 patients@@
Sample,580,34 patients,3@@??4 patients
Sample,581,50 patients,50 pati%??ents
Sample,588,0 patients,empty
Sample,604,19 patients,19@@ patients
Sample,608,23 patients,empty
Sample,617,185 patients,185 p@@atients
Sample,618,290 patients,290 pa#tie@@nts
Sample,631,153 patients,153 pati??ent#s
Sample,644,0 patients,empty
Sample,646,3 patients,3 pati%ents
Sample,649,34 patients,34?? patients
Sample,650,39 patients,39 $patients
Sample,651,4 patients,4 p%atients
Sample,657,23 patients,23 $pat$ients
Sample,659,empty,e#mpty
Sample,660,empty,empty$
Sample,663,empty,emp#t#y
Sample,670,147 patients,147 %%patients
Sample,671,331 patients,331 patien??ts
Sample,672,0 patients,0 patien??ts
Sample,674,618 patients,618$ patients
Sample,675,681 patients,681 $patients
Sample,681,357 patients,357% pati$ents
Sample,685,324 patients,empty
Sample,692,13 patients,13 pa@@ti#ents
Sample,694,1 patients,empty
Sample,702,9 patients,9 pati%ents
Sample,719,3 patients,3 pat??ient$s
Sample,722,0 patients,0 pa#tien??ts
Sample,727,42 patients,42 pa$tien%ts
Sample,730,90 patients,9$0@@ patients
Sample,731,160 patients,160 p#atients
Sample,732,136 patients,136 p#atients
Sample,742,8 patients,8 patient??s
Sample,744,3 patients,3 patients@@
Sample,747,0 patients,0 $#patients
Sample,752,32 patients,??32 patients
Sample,758,52 patients,52 pa#tients
Sample,771,0 patients,0 pa#ti%ents
Sample,780,77 patients,#77 patients
Sample,782,301 patients,301 p%atients
Sample,789,509 patients,509 pa#tients
Sample,793,313 patients,313 patients#
Sample,797,603 patients,empty
Sample,798,561 patients,56%1 pa%tients
Sample,804,134 patients,134 pa%tients
Sample,812,69 patients,6@@9 ??patients
Sample,817,266 patients,266 p#atients
Sample,818,153 patients,153 pati%ent??s
Sample,823,520 patients,520 pa#tients
Sample,825,854 patients,empty
Sample,826,315 patients,315 patients##
Sample,834,0 patients,empty
Sample,835,19 patients,19$ patients
Sample,838,4 patients,empty
Sample,839,47 patients,#47 patie$nts
Sample,840,36 patients,3@@6 patients
Sample,841,16 patients,empty
Sample,869,85 patients,empty
Sample,870,3 patients,3 pat#i%ents
Sample,871,15 patients,15 patient%s
Sample,875,19 patients,19 patien$ts
Sample,881,1 patients,1 patients@@
Sample,887,19 patients,19 #patients
Sample,892,109 patients,empty
Sample,907,145 patients,empty
Sample,911,8 patients,8 #patients#
Sample,915,90 patients,empty
Sample,923,107 patients,empty
Sample,925,404 patients,%404 patien$ts
Sample,926,352 patients,3??52 patie@@nts
Sample,927,114 patients,114 $patients
Sample,931,19 patients,??19 pa%tients
Sample,947,31 patients,empty
Sample,949,empty,emp%t%y
Sample,953,empty,em#pty
Sample,957,1 patients,1?? patients
Sample,959,0 patients,0 pa$tients
Sample,962,0 patients,empty
Sample,971,67 patients,67 pa#tients
Sample,980,196 patients,empty
Sample,993,103 patients,@@??103 patients
Sample,998,8 patients,8 patie#nt??s
Stateavg,6,al_scip-inf-6,a@#@l_scip-inf-6
Stateavg,11,al_ami-3,al_ami??%-3
Stateavg,13,al_ami-5,al_a%mi-5
Stateavg,17,al_hf-2,al#_hf-??2
Stateavg,23,al_ami-4,al_$ami-4
Stateavg,24,al_ami-5,al_a@@mi-5
Stateavg,34,al_pn-5c,a$l_pn#-5c
Stateavg,36,al_pn-7,#al#_pn-7
Stateavg,38,al_scip-inf-1,al_@@sc%ip-inf-1
Stateavg,46,al_ami-2,al_#ami-2
Stateavg,49,al_ami-5,a%l_ami-5
Stateavg,51,al_ami-8a,a??l_ami-@@8a
Stateavg,54,al_hf-3,empty
Stateavg,57,al_pn-3b,al#_pn-3b
Stateavg,78,al_hf-2,a??l_hf-2
Stateavg,83,al_pn-4,al_p#n-%4
Stateavg,89,al_scip-inf-2,a@@l_scip-inf-2
Stateavg,106,al_pn-2,al%_pn-2
Stateavg,116,al_scip-inf-4,al_scip-inf??-4
Stateavg,120,al_ami-1,a$l_ami-1
Stateavg,122,al_ami-3,al_ami#-3
Stateavg,124,al_ami-5,a%l_ami-5
Stateavg,133,al_pn-4,a#l_p??n-4
Stateavg,135,al_pn-6,a$#l_pn-6
Stateavg,137,al_scip-card-2,al_scip-#$card-2
Stateavg,143,al_scip-vte-1,al_s$cip-vte-1
Stateavg,147,al_ami-3,a??l_ami-3
Stateavg,155,al_hf-4,empty
Stateavg,156,al_pn-2,empty
Stateavg,159,al_pn-5c,al_pn-5@@c#
Stateavg,161,al_pn-7,#al_p$n-7
Stateavg,170,al_ami-1,%al$_ami-1
Stateavg,173,al_ami-4,a#l_??ami-4
Stateavg,174,al_ami-5,empty
Stateavg,181,al_pn-2,empty
Stateavg,184,al_pn-5c,al_pn-5%c
Stateavg,186,al_pn-7,empty
Stateavg,188,al_scip-inf-1,al_scip-inf-1??
Stateavg,192,al_scip-inf-6,al_scip-in$f-6
Stateavg,193,al_scip-vte-1,al_scip-v??te-1
Stateavg,196,al_ami-2,empty
Stateavg,197,al_ami-3,a%l_ami-3
Stateavg,201,al_ami-8a,al_a#mi-8a
Stateavg,208,al_pn-4,al_pn@%@-4
Stateavg,218,al_scip-vte-1,empty
Stateavg,231,al_pn-2,empty
Stateavg,249,al_ami-5,al_@@@@ami-5
Stateavg,252,al_hf-1,al_hf-1$#
Stateavg,260,al_pn-6,empty
Stateavg,268,al_scip-vte-1,al_scip-??vte-$1
Stateavg,275,al_ami-7a,al_ami-7??a
Stateavg,280,al_hf-4,al_h@@f-4
Stateavg,283,al_pn-4,al$_pn-4
Stateavg,285,al_pn-6,empty
Stateavg,288,al_scip-inf-1,al_s@@cip-inf-#1
Stateavg,289,al_scip-inf-2,empty
Stateavg,297,al_ami-3,empty
Stateavg,305,al_hf-4,empty
Stateavg,308,al_pn-4,al_pn-%4
Stateavg,309,al_pn-5c,al$_pn-??5c
Stateavg,314,al_ami-1,al_@@ami-1
Stateavg,319,al_ami-7a,@@al_ami-7a
Stateavg,320,al_ami-8a,a%l_#ami-8a
Stateavg,322,al_hf-2,al_hf-2#@@
Stateavg,336,al_pn-3b,al_p@@n-??3b
Stateavg,342,al_scip-inf-1,empty
Stateavg,343,al_scip-inf-2,al_$scip-inf-2
Stateavg,355,al_ami-1,al_ami-1@@
Stateavg,357,al_ami-3,al_??ami-3
Stateavg,365,al_hf-4,al@@_hf-4
Stateavg,387,al_hf-1,empty
Stateavg,396,al_ami-5,a@@l_ami-5$
Stateavg,401,al_hf-3,empty
Stateavg,404,al_pn-3b,$#al_pn-3b
Stateavg,406,al_pn-5c,empty
Stateavg,407,al_pn-6,al_pn-@@#6
Stateavg,410,al_scip-inf-1,a#l_scip-inf-1
Stateavg,412,al_scip-inf-3,empty
Stateavg,423,al_hf-2,al_h%f$-2
Stateavg,426,al_pn-2,??al_pn-2
Stateavg,428,al_pn-4,al_pn-$4
Stateavg,433,ak_hf-1,ak_hf-1#@@
Stateavg,438,ak_pn-3b,ak_@@p%n-3b
Stateavg,442,ak_pn-7,ak_p??n%-7
Stateavg,448,ak_scip-inf-6,empty
Stateavg,455,al_pn-4,al#_pn-#4
Stateavg,457,al_pn-6,empty
Stateavg,462,al_scip-inf-3,al_scip$-inf-3
Stateavg,465,al_scip-vte-1,al_scip-vte-1??@@
Stateavg,469,al_ami-3,al_a$mi-3
Stateavg,481,al_pn-5c,al_pn-5#??c
Stateavg,488,al_scip-inf-4,al_scip-i$nf-4
Stateavg,489,al_scip-inf-6,empty
Stateavg,492,al_ami-1,al_ami??-%1
Stateavg,496,al_ami-5,al_am#i-5
Stateavg,499,al_hf-1,a??l_hf-1??
Stateavg,503,al_pn-2,al_pn@@??-2
Stateavg,510,al_scip-inf-1,al_scip-$inf-1$
Stateavg,511,al_scip-inf-2,al_scip-inf-2$@@
Stateavg,513,al_scip-inf-4,al#_scip-inf-4
Stateavg,527,al_hf-4,empty
Stateavg,528,al_pn-2,al_pn%-2$
Stateavg,533,al_pn-7,al#_pn-7
Stateavg,536,al_scip-inf-2,al_scip-i@@nf$-2
Stateavg,538,al_scip-inf-4,al_s$c#ip-inf-4
Stateavg,540,al_scip-vte-1,a??#l_scip-vte-1
Stateavg,544,al_ami-3,empty
Stateavg,545,al_ami-4,al_ami-4#
Stateavg,552,al_hf-4,al_h??f@@-4
Stateavg,554,al_pn-3b,al_@@pn-3b
Stateavg,556,al_pn-5c,empty
Stateavg,558,al_pn-7,al_@@pn-7
Stateavg,564,al_scip-inf-6,al_@@scip-inf-6
Stateavg,569,al_ami-3,empty
Stateavg,570,al_ami-4,$a$l_ami-4
Stateavg,571,al_ami-5,al_ami-#5
Stateavg,583,al_pn-7,al_pn-#7
Stateavg,584,al_scip-card-2,al_scip-card@@-2
Stateavg,588,al_scip-inf-4,al_sc#ip-inf-$4
Stateavg,590,al_scip-vte-1,al_scip-v@@te-1
Stateavg,597,al_ami-7a,empty
Stateavg,604,al_pn-3b,al_pn-3b$
Stateavg,606,al_pn-5c,??al_pn-5c
Stateavg,609,al_scip-card-2,al_scip-????card-2
Stateavg,610,al_scip-inf-1,al_sc%ip-inf-%1
Stateavg,616,al_scip-vte-2,empty
Stateavg,619,al_ami-3,??a%l_ami-3
Stateavg,620,al_ami-4,$al_ami-$4
Stateavg,622,al_ami-7a,empty
Stateavg,623,al_ami-8a,empty
Stateavg,634,al_scip-card-2,al_scip-car@@d-2
Stateavg,636,al_scip-inf-2,al#_scip-i$nf-2
Stateavg,638,al_scip-inf-4,al_scip-inf??-4
Stateavg,640,al_scip-vte-1,al_sci$p-vte-1
Stateavg,641,al_scip-vte-2,%al_scip-vte$-2
Stateavg,642,al_ami-1,al_ami??-1
Stateavg,646,al_ami-5,al_am$i-5
Stateavg,647,al_ami-7a,empty
Stateavg,654,al_pn-3b,??al_pn%-3b
Stateavg,659,al_scip-card-2,a@@l_scip-ca$rd-2
Stateavg,660,al_scip-inf-1,al_scip-inf-$1
Stateavg,661,al_scip-inf-2,al_s#cip-%inf-2
Stateavg,669,al_ami-3,al_ami-3??
Stateavg,674,al_hf-1,a%l_h%f-1
Stateavg,677,al_hf-4,al_??#hf-4
Stateavg,679,al_pn-3b,empty
Stateavg,680,al_pn-4,al_pn-4%
Stateavg,697,al_ami-7a,a$l_ami-7a
Stateavg,699,al_hf-1,empty
Stateavg,700,al_hf-2,al_hf-??2
Stateavg,703,al_pn-2,al_%@@pn-2
Stateavg,708,al_pn-7,@@al_pn-7
Stateavg,709,al_scip-card-2,al_sc??ip-card-2
Stateavg,717,al_ami-1,empty
Stateavg,719,al_ami-3,al_@@ami-3
Stateavg,724,al_hf-1,empty
Stateavg,727,al_hf-4,%al_hf-4
Stateavg,729,al_pn-3b,al_$pn-3b
Stateavg,730,al_pn-4,al_pn-$@@4
Stateavg,737,al_scip-inf-3,empty
Stateavg,754,al_pn-3b,a%l#_pn-3b
Stateavg,775,al_cac-1,al??_cac-1
Stateavg,776,al_cac-2,al_cac%-2
Stateavg,780,al_ami-3,$al_ami-3@@
Stateavg,782,al_ami-5,%al_ami-%5
Stateavg,798,al_scip-inf-3,al_scip$-inf-3
Stateavg,800,al_scip-inf-6,al_scip-inf-6@@
Stateavg,803,al_ami-1,empty
Stateavg,807,al_ami-5,empty
Stateavg,817,al_pn-5c,al_pn$-5c
Stateavg,820,al_scip-card-2,empty
Stateavg,823,al_scip-inf-3,al_??scip-inf-3
Stateavg,826,al_scip-vte-1,empty
Stateavg,830,al_ami-3,@@al_ami-3
Stateavg,839,al_pn-2,al_%pn-2
Stateavg,840,al_pn-3b,#al_pn-3b
Stateavg,842,al_pn-5c,empty
Stateavg,851,al_scip-vte-1,al_s@@cip-vte-1
Stateavg,855,al_ami-3,al_a#mi-3
Stateavg,856,al_ami-4,a$l_a%mi-4
Stateavg,865,al_pn-3b,empty
Stateavg,874,al_scip-inf-4,empty
Stateavg,882,al_ami-5,al_a????mi-5
Stateavg,884,al_ami-8a,empty
Stateavg,901,al_scip-vte-1,al_scip#-%vte-1
Stateavg,904,al_cac-2,al_c$ac-2
Stateavg,911,al_ami-7a,empty
Stateavg,919,al_pn-4,al_pn??%-4
Stateavg,928,al_scip-inf-6,al_scip-$inf-6
Stateavg,931,al_ami-1,empty
Stateavg,933,al_ami-3,empty
Stateavg,944,al_pn-4,empty
Stateavg,945,al_pn-5c,a%l_pn-5c
Stateavg,949,al_scip-inf-1,??al@@_scip-inf-1
Stateavg,955,al_scip-vte-2,al_sci@@p-vte-2@@
Stateavg,958,al_ami-3,al_??a#mi-3
Stateavg,959,al_ami-4,al_am$i??-4
Stateavg,960,al_ami-5,empty
Stateavg,962,al_ami-8a,a$l_$ami-8a
Stateavg,965,al_hf-3,al_hf@@-3
Stateavg,974,al_scip-inf-1,al_sci$p-inf-1
Stateavg,994,al_pn-4,al_p??n-4
Stateavg,995,al_pn-5c,al_%p#n-5c
