ID,id,article_title,article_language,journal_title,jounral_abbreviation,journal_issn,article_jvolumn,article_jissue,article_jcreated_at,article_pagination,author_list
1,235295,Late repair of injuries of the anal s$phincter,nan,Proc R Soc Med,Proceedings of the Royal Society of Medicine,nan,288.6437961315162,12,1/1/71,1187-9,
2,498345,Ebola Virus GP Gene Polyadenylation Versus RNA Editing.,ENG,The Journal of infectious diseases,J. Infect. Dis.,1537-6613,-1,-1,2/15/04,nan,
3,789958,nan,nan,nan,Indian J Ophthalmol,?#?0301-4738,54,4,1/6/12,283-4,{Jitendra JethaniShashikant ShettySucheta ParijaP Vijayalakshmi}
4,169865,[Noninvasive pre??natal diagnosis of trisomy 21 18 and 13 using cell-free fetal DNA],pol,nan,nan,nan,84,0,1/13/$0#1,714-9 ST  - [Noninvasive prenatal diagnosis of trisomy 21 18 and 13 using cell-free fetal DNA]-,{G. JakielK. GorzelnikJ. G. ZimowskiT. CN  - PubMed DA  - Aug DP  - NLM ET  - 2013/11/07 RoszkowskiJ. Bijok}
5,803653,Diagnosis and Management of Cutaneous B-cell Lymphoma.,eng,Dermatologic clinics,%Dermatol Clin,1@@558-0520,33,,1/15/10,nan,{Lauren C Pinter-Brown}
6,,Pregabalin celecoxib and their combination for treatment of chronic low-back pain,eng,nan,nan,nan,10,4,1/9/01,185-91,
7,823730,Activation and blockade of beta adrenoceptors in common cardiac disorders,eng,Br Med Bull,British medical bulletin,0007-1420,29,2,1/1/73,163-7,{B N PrichardJ W Black}
8,729712,nan,English; ABSTRACT LANGUAGE:English,American journal of respiratory and critical care medicine,nan,nan,,1,1/1/07,43-49,
9,,Awareness of deficits and on-road driving performance,English,Clinical Neuropsychologist,nan,%1385-4046,,7,1/11/01,1158-78,{L. J. RapportJ. A. GriffenL. A. BieliauskasC. BurtR. C. Bryer}
10,,A comparative evaluation of two head and neck immobilization devices using electronic portal imaging,nan,The British journal of radiology,nan,nan,79,938,1/6/01,158-61,{K. Fl@@emingK. Donat#oK. Leszczynski}
11,184417,Disparities in childhood asthma hospitalizations: A spatial analysis of contextual ??effects,nan,$Transportation Research Part D-Transport and Environment,nan,1361-9209,14,5,1??/9/01,317-325,{J. L??. LiP. Newcomb}
12,729686,Local anaesthetic wound infiltration used for caesarean section pain relief: a     meta-analysis,English,nan,nan,1940-5901,8,6,1/15/01,10213-10224,{Yang MLi JLi YZhou MYang HShi XLi XYuan H}
13,278396,Smoking is accompanied by a suppressed cervical nitric oxide release in women with high-risk human papillomavirus infection,eng,nan,Acta obstetricia et gynecologica Scandinavica,0001-6349 (Print) 0001-6349,92,,1/13/01,711-5,{T. S. Mikkol$aS. VuorentoO. YlikorkalaM. Vaisanen-TommiskaP. Rahkola-Soisalo}
14,965082,Imaging of scar in patients with ventricular arrhythmias of right ventricular origin: Cardiac magnetic resonance versus electroanatomic mapping,nan,Heart Rhythm,nan,1547-5271,,5,1/11/01,nan,{C. Hamilton-CraigS. BartolettiM. CasellaF. PernaM. L. NarducciP. SantangeliF. PintusA. NataleA. Dello RussoG. PelargonioG. BencardinoJ. D. BurkhardtF. BellocciL. Di Biase}
15,,Monoaxial versus polyaxial locking systems: a biomechanical analysis of different locking systems for the fixation of proximal humeral fractures,eng,nan,nan,nan,35,8,1/11/01,1245-50,{T. ToppC. KuhneS. RuchholtzU. LewanA. KrugerT. MullerR. Zettl}
16,13601,Latex allergy in atopic children.,eng,British Journal of Dermatology.,nan,0007-0963,140,5,5/1/99,919-21,{R S LeverS A Holme}
17,668310,A randomized controlled trial of Tai chi for balance sleep quality and cognitive performance in elderly Vietnamese.,nan,Clinical Interventions In Aging,Clin Int%erv Aging#,11#78-1998@@,7,-1,1/12/01,nan,{Andreas KruseManh Hung Nguyen}
18,282987,Multisystemic Therapy for social emotional and behavioral problems in youth aged 10-17,eng,Cochrane Database Syst Rev,nan,nan,0,4,1/5/01,Cd004797,{J. H. LittellM. PopaB. Forsythe}
19,478292,nan,eng,Acta Neurochirurgica,nan,??Ja$n-68,139,3,1/1/97,257-8,{Y TakagiN HashimotoY Goto}
20,43736,Effect of pedal$ing technique on mechanical effectiveness and efficiency in cyclists.,eng,Medicine and science in sports and exercise,Med Sci Sports Exerc,0195-9131,39,6,1/7/06,991-??5,{James C MartinIan MayhewLee M RomerThomas Korff}
21,82614,Lycopene metabolite apo-10'-lycopenoic acid inhibits diethylnitrosamine-initiated high fat diet-promoted hepatic inflammation and tumorigenesis in mice.,eng,Cancer prevention research (Philadelphia Pa.),Cancer Prev Res (Phila),1940-6215,32.445363472632685,12,nan,nan,{Lynne M AusmanMartin S ObinXiang-Dong WangChun LiuBlanche C IpDonald E SmithKang-Quan Hu}
22,163526,A performance improvement process to tackle tachysystole,nan,nan,nan,nan,,0,1/11/01,512-9 ST  - A performance improvement process to tackle tachysystole-,
23,514411,nan,eng,Cardiovascular and interventional radiology,Cardiovasc Intervent Radiol,1432-086X,37,6,1/1#4%/12,1530-9,{Luca Maria SconfienzaEzio LanzaGianpaolo CornalbaDario PorettiCatherine CytevalPierre VialaFrancesco SardanelliYann Thouvenin}
24,2455740.432032471,Effects of chemotherapy in AIDS-associated non-Hodgkin's lymphoma on Kaposi's sarcoma herpesvirus DNA in blood.,eng,Journal of clinical oncology : o#f??ficial journal of the American Society of Clinical Oncology,nan,1527-7755,27,79.63266200820131,5/20/09,2496-502,{Ariela NoyLawrence D KaplanYanxing YuAlexandra M LevineRichard F AmbinderSusan E KrownBruce J DezubeLan LinJeannette Y LeeGary S Hayward}
25,6207,Serum MMPs 7-9 and their inhibitors during glucocorticoid and anti-TNF-alpha therapy in pediatric inflammatory bowel disease,nan,Scandinavian Journal of Gastr$oenterology,nan,nan,47,7,1/12/01,785-794,{Kaija Leena KolhoHanne RintamakiTaina TervahartialaT@@imo SorsaLaura Makitalo}
26,84016.00697971958,Examining waiting placement in hospita#l: u#tilization and the lived experience.,eng,Global journal of health science,Glob J Health Sci,1916-9736,6,2,1/14/03,22-Dec,
27,,A prospective observational study of obesity body composition and insulin resistance in 18 women with bipolar disorder and 17 matched control subjects.,nan,The Journal of clinical psychiatry,J Clin Psychiatry,nan,69,53.506990701238465,#1/8/12,1892-900,{Isabella SorecaAndrea FagioliniDavid J KupferBret H GoodpasterSara B Fleet-MichaliszynAmy D OttoJohn M Jakicic}
28,971878,Diminished A-cell secretion in th$e ear#ly phase of type I diabetes mellitus,nan,Metabolism: Clinical and Experimental,nan,nan,35,11,1/1/86,1074-1077,
29,793918,nan,e$n@@g,PLoS One,PloS one,1932-6203,8,9,1/13/01,e75079,{Tina M BlackmoreKirsty DougalHilary J WorganEric PinlocheGemma CurtisC Jamie NewboldNeil R McEwanSusan E GirdwoodPat A HarrisCaroline McG ArgoAlex Dugdale}
30,,Responses to open peer commentaries on the subjective brain identity and neuroethics,English,American Journal of Bioethics,nan,15265161 (ISSN),9,9,nan,W1-W4,
31,880881,[A case of giant Brunner's% gland hyperplasia combined with adenomyoma@@tous hyperplasia].,k$or,The Korean journal of gastroenterology = Taehan Sohwagi Hakh$oe chi,Korean J Gastroenterol,1598-9992,52,6,1/8/@@12%,384-8,{Seung Woo ParkJae Bock ChungSang Kyum KimSi Young SongJoo Won ChungHo Keun KimJoo Hee SeoSeungmin Bang}
32,629530,Efficacy and safety of the low-molecular weight heparin enoxaparin compared with unfractionated heparin across the acute coronary syndrome spectrum: a meta-analysis.,eng,Eur. Heart J.,nan,0195-668X,28,17,nan,2077-86,{Carolyn H McCabeShaun G GoodmanFrans Van de WerfDavid A MorrowElliott M Antman%Eugene BraunwaldKenneth W MahaffeyMarc CohenIan B MenownSabina A MurphyCharles Michael Gibson}
33,954388,Optimal Starting Age for School Attendance: FY76 I??ssue Analysis,English,nan,nan,nan,0,0,1/1/74,46,{Marilou Madden}
34,,Bone density and body composition in young wom$en with chronic fatigue syndrome.,eng,Neurop$rotective Agents,nan,nan,904,-1,5%/1/0$0,625-7,{F GatesP Clifton-BlighG FulcherL HoskinR Hansen}
35,676042,Prognostic value of morning blood pressure surge in clinical events: a meta-analysis of longitudinal studies.,eng,Journal of stroke and cerebrovascular diseases : the official journal of National Stroke Association,J Stroke Cerebrovasc Dis,1532-8511,140.15962660703985,2,1/15/02,362-9,{Yan-Xin ZhaoJun-Chao XieXue-Yuan LiuHan Yan}
36,353972,Child sexual abuse as a risk factor for sexu??al risk behaviours among socially disadvantaged adolescents in Ibadan Nigeria.,nan,Vulnerable Children and Youth Studies,nan,1745-0128 1745-0136,3,3,nan,243-248,{B O Olley}
37,5800582.234530369,Successful ??treatment of lung ca%ncer by multimodal endobronchial interventions,English,nan,Respiration,0025-7931,88,2,1/14/01,144-147,{T. NakajimaI. YoshinoK. YasufukuS. YoshidaY. SakairiK. Shibuya}
38,660168,Fat and neurosurgery: does obesity affect outcome after intracranial surgery?,eng,Neurosurgery,Neurosurgery,1524-4040,,9.134970341907064,1/9/02,nan,{R Loch MacdonaldFarbod Asgarzadie-GadimYeon Gyoe JangDaniel J CurryRachel N YanowitchKim E SchultheissJocelyn TolentinoJ_rgen L_ders}
39,,Out of harm's way: curbing violence in the ED,English,nan,Health Facil Manage,0899-6210,37.675413645443854,10,1/1/9$5#,20-6 28,{K. Sandrick}
40,473026,The incidence of contrast-induced nephropathy in trauma patients.,en@@@@g,European journal of emergency medicine : official journal of the European Society for Emergency Medicine,Eur J Emerg Med,1473-5695,15,3,nan,134-9,{Ric%h SinertShoma DesaiAntonia HippCarmen Lopez}
41,,Dosimetric analysis of proton pencil beam scanning radiation therapy versus dose painted intensity modulated radiation therapy for squamous cell carcinoma of the anal canal,nan,Int. J. Radiat. Onc$ol#. Biol. Phys.,nan,nan,,1,nan,S398,{Kooy H.Hong T.S.Symonifka J.Depauw N.Wo J.Y.}
42,110072,Brain BDNF levels elevation induced by physical training is reduced after unilateral common carotid artery occlusion in rats.,eng,Journal of cerebral blood flow and metabolism : official journal of the International Society of Cerebral Blood Flow and Metabolism,J. Cereb. Blood Flow Metab.,1559-7016,34,10,1/14/10,nan,{Jacques Van HoeckeHayat BanoujaafarChristine MarieClaude M Mossiat}
43,330553,Multiresistance of clinically relevant gram-positive cocci,nan,Inte%ns$ivmedizin und Notfallmedizin,nan,0175-??385??1,34,7,1/1/97,655-663,{G. PetersK. BeckerC. Von Eiff}
44,23215,ColoRectal Cancer Predicted Risk Online (CRC-PRO) calculator using data from the Multi-Ethnic Cohort Study.,eng,Journal of the American Board of Family Medicine : JABFM,J Am Board Fam Med,1557-2625,,5.996740067571899,1/14/01,nan,{Leila JacksonBrian J WellsGregory S CooperSiran KoroukianMichael W Kattan}
45,719532,Methodology to estimate building energy consumption using EnergyPlus Benchmark Models,nan,nan,nan,nan,157.495068554663,,1/10/01,2331-2337,{R. LuckP. MagoN. Fumo}
46,86421,Evidence that serum levels of the soluble receptor for advanced glycation end products are inversely associated with pancreatic cancer risk: a prospective study.,eng,Cancer research,Cancer Res.,1538-7445,225.5940716625179,56.15998662110555,5/15/11,Sep-82,{Stephanie J WeinsteinRachael Z Stolzenberg-SolomonPhilip R TaylorBarry I GraubardJarmo VirtamoDemetrius AlbanesLi Jiao}
47,2592984.601000818,Norton Waterl%ow and Braden scores: a review of the literature and a comparison between the scores and clinical judgement,nan,nan,nan,nan,0,0,nan,nan,{NULL}
48,530323,Strategies for partner notification for sexually transmitted infections including HIV.,eng,Cochrane Dat#abase Sys$t. Rev.,nan,1469-493X,10,,1/13/01,CD#0@@02843,{Catherine MathewsMoleen ZunzaAdel FerreiraNicola LowTaryn Young}
49,,A cohort study of the prevalence and impact of comorbid medical conditions in pediatric bipolar disorder.,e#ng,The Journal of clinical psychiatry,J Clin Psychiatry%,nan,71,,1/10/11,1518-25,{Roger S McIntyreAvnish TripathiJeanette M Jerrell}
50,864817,Are tkis still active in patients treated with tki and everolimus? Experience from 36 patients treated in france in the record 1 trial,nan,nan,nan,nan,21,0,1/10/01$,viii284,{B. EscudierA. RavaudF. RollandA. BlesiusB. BeuzelinkS. OudardC. Chevreau}
51,,Use o$f alendronate in peri-implant defect regeneration,nan,nan,nan,nan,70,2,nan,151-1$58,{P. C. WollanS. J. MerawC. M. Reeve}
52,2593663.236405703,Prevention of phantom pain after major lower limb amputation by epidural infusion of diamorphine clonidine and bupivacaine,English; ABSTRACT LANGUAGE:English,Annals of the Royal Coll$ege of Surgeons of Englan@@d,Ann R Coll Surg Engl,0035-8843,76,5,1/1/94,324-326@@,{Jayatunga APDark CHJahang@@iri MBradley JWP}
53,659297,How assistive technology use by individuals with disabilities impacts their caregivers: a systematic review of the research evidence.,eng,nan,Am J Phys Med Rehabil,1537-7385,,11,nan,nan,
54,159780.94994063914,Gender differences in personal social and environmental influences on active travel to and from school for Australian adolescents.,eng,nan,J Sci Med Sport,1878-1861,55.89424977144663,6,nan,597-601,
55,302969,Adolescent overscheduling: The relationship between levels of participation in scheduled activities and self-reported clinical symptomology,nan,nan,nan,nan,90,10.113401036082742,nan,18-30,{Steven@@ G LittleK Angel@@eque Akin-LittleShari Melman}
56,158672,nan,nan,Computers & chemical engineering,Comput Chem Eng,0098-1354,71,-1,4/14/12,715#-%727,{Shibin MathewIpsita Banerjee}
57,2837639.4865105357,nan,eng,nan,nan,0952-8180,18,6,1/6/09,427-35,{David N MaineGenevieve E CourpasJames F WellerJeffrey M RichmanAndrew J RowlingsonChristopher L Wu}
58,221086,Novel genetic linkage of rat Sp6 mutation to Amelogenesis imperfecta,eng,nan,nan,nan,,0,1/12/01,34,{K. MiyoshiT. NomaT. MutoH. HagitaT. ??Hor??iguchi}
59,2039915.8066344815,Educating Emergent Bilinguals: Policies Programs and Practices for English Language Learners. Language & Literacy Series,nan,nan,nan,0-8077-4913-3,0,0,1/10/10,nan,{Ofelia GarciaJo Anne Kleifgen}
60,2718331.511580313,Similar survival between uncemented and cemented fixation prostheses in total knee arthroplasty: a meta-analysis and systematic comparative analysis using registers.,eng,Knee surgery sports traumatology arthroscopy : official journal of the ESSKA,nan,1433-7347,22,12,1/14/12,Jul-91,{Junwei JiangHongchuan WangHua LouKai LiuHuiwei Zhang}
61,474288,Current palliative chemotherapy trials in the elderly neglect patient-centred outcome measures.,eng,Journal of geriatric oncology,J Geriatr Oncol,1879-4076,6,,1/15/01,15-22,{Marlies L van BekkumBarbara C van MunsterMarije E HamakerCarolien H SmorenburgPeter L M Thunnissen}
62,108424,Outcome of gastric bypass patients.,eng%,nan,Obes Surg,0960-8923,,2,1/2/04,261-4,{Ryan HolzwarthBasir TareenAlicia MajkrzakDarren Huber}
63,841679,nan,English,J. @@Card. Surg.,nan,-7977,26,2,1/11/01,144-147,{S. K. ChoudharyG. S. GulatiP. SharmaS. TalwarB. AiranS. Mishra}
64,173830,Advances in allergic skin disease anaphylaxis and hypersensitivity reactions to foods dr@@ugs and insects,nan,Journal of Allergy and Clinical Immunology,nan,0091-6749 (Print),116,1,1/5/01,153-163,{S. H. SichererD. Y. M. Leung}
65,852927,Phase II study of epirubicin oxaliplatin and docetaxel combination in metastatic gastric or gastroesophageal junction adenocarcinoma.,eng,J. Exp. Clin. Cancer Res.,nan,1756-9966,28,-1,1/9/01,34,{Laura GiacintiSilvia Ileana FattorusoMaria Grazia ArenaLuigi Di LauroMassimo LopezDomenico SergiDiana Giannarelli}
66,237623,Neck@@ pai#n.,nan,Clinical evide??nce,Clin Evid (Online),1752-8526,,1,1/8/01,nan,{Allan I Binder}
67,912884,A guide to physiotherapy in cerebral palsy,nan,Paediatrics and Child Health,nan,nan,18,0,1/8/01,410-413,{C. E. Barber}
68,318931,Community associated methicillin-resistant Staphylococcus aureus in HIV-infected patients,nan,AIDS Reviews,nan,1139-6121,12,,1/10/01,153-163,{M. PujolP. BarragnJ.M. TiraboschiA. ImazM.. Dom_nguezD. Podzamczer}
69,,[The anxiety level of the patients who will have ultrasound-guided puncture #biopsy: a survey study].,nan,nan,Sheng Wu Yi Xue Gong Cheng Xue Za Zhi,nan,153.2349791685305,3,nan,453-5 459,{Rujun ZhengYulan PengShuzhen ZhaoHong HuangIi LiangXiaoli He}
70,349150,The relationship between capsulorhexis size and anterior chamber depth relation.,eng,Oph@@thalmic ??surgery and lasers,Ophthalmic Surg Lasers,1082-3069,30,3,3/1/99,185-90,{O Ceki_C% Batman}
71,572010,A pilot study of rituximab in patients with recurrent classic Hodgkin disease.,eng,CANCER,nan,#0008-@@543X,98,2,7/15/03,310-4,{Anas YounesL Jeffrey MedeirosFrederick HagemeisterMaria Alma RodriguezSima JehaPaolo FiumaraLynne V AbruzzoJohn T ManningJorge RomagueraAndre GoyDan JonesPeter McLaughlin}
72,826030,A cognitive behavior intervention program in women with unexplained chest pain--a pilot study,eng,European journal of cardiovascular nursing : journal of the Working Group on Cardiovascular Nursing of the European Society of Cardiology,nan,1474-5151,11,2,1/12/01,183-9,
73,34962,Assessing social isolation in motor neurone disease: a Rasch analysis of the MND Social Withdrawal Scale.,nan,Journal of the neurological sciences,J. Neurol. Sci.,1878-5883,334,1,11/$15/13,1@@12-8,{Everard W ThorntonCarolyn A YoungAlan TennantJohn EalingKevin Talbot[Collective Name] UKMND-QoL GroupChris J GibbonsPamela J Shaw}
74,2642050.6721115555,Three-year Outcomes in de Novo Liver Transplant Patients     Receiving Everolimus with Reduced Tacrolimus: Follow-Up Results from     a Randomized Multicenter Study,English,Tra@@nsplantation,Transplantation,0041-1337,,7,$1/1%5/01,1455-1462,{Junge GRauer BDe Simone PFischer LDe Carlis LKaiser GMSaliba FDuvoux CMetselaar HJDon??g GNevens FFung JJ}
75,200077,Plasma cell leukemia--a case report.,eng,Indian Journal of Pathology and Microbiology,nan,0377-4929,46,3,1/3/07,484-7,{T K DuttaPampa Ch ToiBhawana A BadheL H GhotekarDebdatta Basu}
76,421512,CABG again outshines stenting for some patients with coronary artery blockage,nan,nan,nan,nan,309,1,1/13/01,17-Aug,
77,715052,Health-pro#moting behaviors of low-income cancer survivors,nan,nan,nan,nan,126.21157563317388,3,1/11/01,118-124 7p,{Alexa StuifbergenMartha Gene Meraviglia}
78,172966,Food allergy in children,nan,Archives De Pediatrie,nan,0929-693X,,10,1/6/01,nan,{E. Bidat}
79,,Here to stay. An interview with Dr. David Satcher Director U.S. Centers for Disease Control and Prevention.,eng,Nepal Medical College journal : NMCJ,Nepal Med Coll J,nan,4.467496237753398,17,11/1/96,9-Jun,@@{J Stil$kind}
80,282039,The first case of drug-induced immune hemolytic anemia due to hydrocortisone,nan,Transfusion,nan,0041-1132,48,9,1/8/01,nan,{M. Martin%en@@goD. F. ArdenghiG. RealiG. Tripodi}
81,835177,KRAS mutational status assessment in patients with metastatic colorectal cancer: are the clinical implications so clear?,eng,Eur J Cancer Care (Engl),nan,0961-5423 (Print) 0961-5423,19,8.787896282110612,1/#10/01,#1@@67-71,{M. HebbarP. FournierO. Romano}
82,519732,Classifying radiographic progres%sion status in early rheumatoid arthritis patients using propensity score%s to adjust for baseline differences.,eng,Statistical methods in medical research,Stat Methods Med Res,0962-2802,16,,1/7/02,13-29,
83,761104,Infusing Tolerance Diversity and Social Personal Curriculum into Inclusive Social Studies Classes Using Family Portraits and Contextual Teaching and Learning,nan,TEACHING Exceptional Children Plus,nan,1553-9318 1553-9318,5.734502744598102,3,1/5/01,nan,{Milagros M. SessionsKevin J. Miller}
84,408062,Adherence to fesoterodine in women with overactive bladder in routine clinical practice.,engspa,Actas urologicas espanolas??,Actas Urol Esp,nan,39,4,1/15/0$5,222-8,{E HuguetO PortaE Mart_nezI MoraM Sim_J PubillJ A OrtegaM T Castillo}
85,,Chronic pain related to quality of sleep,eng     por,Einstein (Sao Paulo),Einstein (Sao Paulo Brazil),1679-??#4508,12,8.104697064233733,1/14/01,159-63,{W. HummigJ. Stechman NetoL. F. Tonial}
86,894596,On the role of pre and post-processing in environmental data mining,nan,Proc. iEMSs 4th Biennial Meeting - Int. Congress on Environmental Modelling and Software: Integrating Sciences and Information Technology for Environmental Assessment and Decisi@@on Making iEMSs 2#008,nan,nan,9.454798698306554,0,nan,193??7-195??8,{Miquel S_nchez-MarrGeoff HolmesJoaqu_n IzquierdoJoaquim ComasIoannis AthanasiadisKarina Gibert}
87,3523768.714579024,Cardioactive steroid poisoning: a comparison of plant- and animal-derived compounds.,eng,nan,Journal of medical toxicology : official journal of the Ame%rican College of Medical Toxicology,1556-9039,2,14.2388877552404,1/6/12,152-5,
88,220950,Forensic odontology: A prosthodontic view,eng,nan,nan,nan,19.37121098415212,1,1/12/01,38-41,{S. GosaviS. Gosavi}
89,,nan,en%g,Int J Gyna%ecol Obstet,International journal of gynaecology and obstetrics: the official organ of the International Federation of Gynaecology and Obstetrics,0020-7292,64,5.915921046430378,1/1/99,10-May,{W. T. CreasmanS. PecorelliJ. L. BenedetJ. H. Shepherd}
90,914468,nan,nan,Revista de Neurologia,Rev.Neurol.,nan,242.40834955636103,3,1/8/01,135-138,
91,1680867.894958722,nan,eng,J Cardiovas?#?c Med (Hagerstown),Journal of cardiovascular medicine (Hagerstown Md.),%1558-2027#,10,,1/9/03,261-3,{Giovanni TeodoriMarta LeveroneEraldo OcchettaMiriam BortnikPaolo MarinoMarco Marcolongo}
92,612846,[Assessment of prognostic factors of thoracic synovial sarcoma].,fre,Pathologie non allergique et exposition aux moisissures domesti@@qu$es.,nan,1776-2588,27,1,1/10/01,Jul-93,{B H Mbatchou NgahaneG DevouassouxH BaudrandB GuibertN FreymondY PachecoA Traverse-Glehen}
93,282053,Secondary school tobacco policy and prevention curricula in South Carolina,eng,N$#icotine Tob Res,Nicotine & tobacco research : official journal of the Society for Research on Nicotine and Tobacco,1462-2203,1,4,1/1/99,341-6,{M. W. MartinR. SaundersS. Levin}
94,870257,Intimate Pa??rtner Violence Survivors' Unmet Social Service Needs,English,Journal of Social Service Research,nan,1540-7314 0148-8376,37,5,1/11/01,4$81-489,{Melissa E. DichterKarin V. Rhodes}
95,,Partial fill strateg@@ies for oral on??colytics to reduce waste and drive persistency,nan,nan,nan,1088-0224,19,3.1251566573187644,1$/13@@/01,SP26-7,
96,949067,The impact of advancing age on P-glycoprotein expression and activity: current knowledge and future directions,eng,Expert Opin Drug Metab Toxicol,Expert opinion on drug metabolism & toxicology,1742-5255,3,3,1/7/0%1,315$-20,{A. A. Mangoni}
97,931323,Prevalence of allergic diseases in Poland - ECAP study,nan,nan,nan,nan,,0,1/9/01,326-327,{N. JakubikL. TrzpilF. RaciborskiU. Samolinska-ZawiszaL. SamoliskiD. PaczesnyZ. HalatJ. MarszalkowskaB. SamolinskiP. Samel-KowalikA. LusawaJ. GutowskaA. TomaszewskaA. Walkiewicz}
98,752456,The changing patterns of systemic fluoride intake,nan,J Dent Res@@,Journal of dental research,nan,,5,1/1/92,1228-37,{B. A. Burt}
99,377284,Normal insulin sensitivity and IMCL content in overweight humans are associated with higher fasting lipid oxidation.,eng,Am J Physiol Endocrinol Metab,American journal of physiology. Endocrinology and metabolism,0193-1849,,3,1/2/09,E556-64,{Paola ScifoAlessandro Del MaschioLivio LuziElena MeneghiniAlberto BattezzatiGianluca PerseghinMassimo DannaStefano Benedini}
100,420138,Dietary practices of ballet jazz and modern dancers,nan,J@@ournal of the American Dietetic Association,nan,nan,92,3,1/?@@?1/92,nan,{Stensland SHSobal J}
101,444273,Iatrogenic perforation at colo%nic@@ imaging.,nan,nan,nan,nan,0,,nan,nan,{NULL}
102,816680,The embodied nature of medical concepts: Image schemas and language for pain,English,Cognitive Processing,nan,1612-4782     1612-4790,15,3,1/14/01,28??3-296,{M. Tercedor SnchezJ.A. Prieto Velasc$o}
103,,Nasal steroids in snorers can decrease snoring frequency: a randomized placebo-controlled crossover trial,English,nan,nan,nan,24,,1/15/01,160-6,{A. KelirisI. KoutsourelakisA. Minarit@@zogl#ouS. Zakynthinos}
104,628299,nan,eng,Fertility and sterility,Fertil. Steril.,1556-5653,92,2,1/9/08,667-77,{Christos A VenetisBasil C TarlatzisKonstantinos A ToulisEfstratios M KolibianakisDimitrios G GoulisIoannis Papadimas}
105,72089,Clinical pharmacokinetics of Icotinib an anti-cancer drug: evaluation of dose proportionality food effect and tolerability in healthy subjects.,eng,Cancer chemotherapy and pharmacology,Cancer Chemother. Pharmacol.,1432-0843,73,,1/14/#04,721-7,{Fenlai TanJi JiangDon ZhangDongyang LiuYingxiang WangLi ZhangPei Hu}
106,847287,A qualitative exploration of the cancer exper$ience among long-term $survivors: comparisons by cancer type ethnicity gender and age.,eng,Psycho%-oncolog??y,Psycho#oncolo@@gy,1057-9249,82.49162085278121,9.238272358246572,1/6??/#03,nan,{Sarah McGrawVida @@M PetronisCharles S Carver%Nancy AvisKristie Long FoleyDeborah F FarmerRoselyn G SmithKevin Smith}
107,4377965.372819246,High intensity interval exercise training in %overweight young women,nan,nan,nan,nan,52,3,1/12/01,255-62,{Y. FengyingY. HainaiW. JianxiongT. Sijie}
108,591619,Effect of antibiotic prescribing in primary care on meticillin-resistant Staphylococcus aureus carriage in community-resident adults: a controlled observational study,eng,nan,nan,nan,153.2716378458623,2,nan,135-41,{A. D. HayA. LoveringC. CostelloeA. MontgomeryD. LewisC. McNulty}
109,125072,Ghrelin improves left ventricular dysfunction and cardiac cachexia in heart failure.,en$g%,Cu??rrent opinion in pharma#cology,Curr Opin Pharmacol,1471-4892,3,2,1/3/04,146-51,{Noritoshi NagayaKenji Kangawa}
110,255432,nan,eng,The Cochrane Database Of Systematic Reviews,Cochrane Database Syst Rev,nan,-1,2,1/1/00,nan,{D C ThompsonF P Rivara}
111,689284,nan,e#ng,Cancer immunology immunotherapy : CII,nan,nan,63,9,1/14/09,911-@@24,{HongQiang WangDwain K IrvinAshley GraggXiao-xue ZhangChristopher J WheelerKeith L BlackLucia VeigaRyan CordnerMandana ZandianAkanksha PanwarEmmanuel JouanneauYuying ZhaiShyam GoverdhanaArmen Mardiros}
112,781141,Mind the Gap: Difference between Framingham heart age and real age increases with age in HIV-positive individuals - A clinical cohort study,English,BMJ Ope@@n$,nan,nan,14.384384206329877,10,1/13/01,nan,{T. L. DaviesB. BovillS. Johns%tonM. T. MayM. Gompels}
113,148787,Cardiac atrophy in women following bed rest,eng,nan,nan,nan,103,0,1/7/01,8-16 ST  - Cardiac atrophy in women following bed rest-,{J. L. HastingsG. BioloB. D. LevineT. TilleryR. M. PeshockT. A. DorfmanB. R. MaciasA. R. DA  - Jul DO  - 10.1152/japplphysiol.01162.2006 DP  - NLM ET  - 2007/03/24 HargensS. M. Schneider}
114,,Patent abstractsnull,nan,Industrial Robot:$ An Int#ernational Journal,nan,0143-991X,171.99282128663882,4,1/11/01,nan,@@{NUL$L}
115,684757,The value of a continuous ambulatory activity monitor to quantify the amount and intensity of daily activity in patients with rheumatoid arthritis.,nan,nan,J Rheumatol,0315-162X,28,,1/1/04,745-50,
116,447382,Antiplatelet therapy in patients with ST-elevation myocardial infarction undergoing myocardial revascularisation: Beyond clopidogrel.,nan,nan,nan,nan,0,0,nan,nan,{NULL}
117,585766,nan,nan,nan,nan,nan,41,1,1/1/76,%57-61,{$B. L. DrinkwaterJ. E. DentonS. M. HorvathP. B. Raven}
118,185291,Perceived barriers that impede provider relations and medication delivery: Hospice providers' experiences in nursing homes and private homes,nan,nan,nan,nan,13,0,1/10/01,nan,{Denys T. LauBrass Buchanan Deandrea Glaser Guest Hodgson Huerta Lau Lau Miles Miller Parker-Oliver Raina Teno Weller BostickCelia BerdesJonathan Masin-PetersMegan Ong}
119,886237,Effet d'une intervention non mdicamenteuse Voix d'Or sur les troubles du comportement dans la maladie d'Alzheimer ou une maladie apparente. [Effect of a non-pharmacological intervention Voix d'Or on behavior disturbances in Alzheimer disease and associated disorders.],nan,Griatrie et Psychologie Neuropsychiatrie du Vieillissement,nan,2115-7863(Electronic);2115-8789(Print),11,3,nan,323-330,{Graldine Martin-GaujardFloriane Delphin-CombeIsabelle RouchSolveig RellandPierre Krolak-Salmon}
120,954493,The Hierarchical Organization of Intellectual Structures,English,nan,nan,nan,0,0,1/1/66,13,{Sheldon H. White}
121,922646,Desflurane and isoflurane increase lumbar cerebrospinal fluid pressure in normocapnic patients undergoing transsphenoidal hypophysectomy.,eng,Anesthesiology (Hagerstown),nan,22-Mar#,420.508007513604,5,nan,99??9-1004%,{P% Talk??eJ CaldwellB DodsontC A Richardson}
122,843485,Pathways of care-seeking during fatal infant illnesses in under-resourced South African settings.,eng,Transactions of the Royal Socie@@ty of Tropical Medicine and Hygiene,Trans. R. Soc. Trop. Med. Hyg.,1878-3503,106,2,1/12/#02,110-6,
123,668845,Impact of education and provision of complementary feeding on growth and morbidity in children less than 2 ??years of age in developin@@g countries: a systematic review.,eng,BMC public Health,nan,nan,13,-5.763306001754372,1/13/01,nan,{Jai K DasZohra S LassiZulfiqar A BhuttaGuleshehwar ZahidAamer# Imda??d}
124,863844,Sustained complete remission of a limited-stage blastic plasmacytoid dendritic cell neoplasm followed by a simultaneous combination of low-dose DeVIC therapy and radiation therapy: a case report and review of the literature.,eng,International journal of clinical and experimental pathology,Int J$ Clin Exp# Pathol,1936-2625,6,35.76491084218938,1/13/01,3-Aug,{Yasunori OtaMasaaki NoguchiKei-Ji SugimotoHiroshi IzumiNorio KomatsuNanae YamaguchiHidenori ImaiAsami ??ShimadaYasunobu SekiguchiMutsumi Wakabayashi}
125,,Primary vaginal cancer and chemoradiotherapy: a patterns-of-care analysis,eng,Int J Gynecol Cancer,International journal of gynecological cancer : official journal of the International Gynecological Cancer Society,1048-891X (Print)     1048-891x,77.4857883403902,2,1/11/01,378-84,{A. J. GhiaV. J. GonzalezJ. D. TwardA. M. StroupD. K. GaffneyL. Pappas}
126,,[Neurological dysfunction induced by bilirrubin].,spa,Neurologia (Barcelona Spain),nan,1578-1968,27,4,1/12/05,202-11,{V Cus_H GalvezM IriondoJ CampistolI MlagaA Garc_a Cazorla}
127,259367,nan,nan,nan,nan,nan,14,0,1/11/01,208-2@@13,{A. ErolJ. B. CelikI. KaraA. TopalS. Guven}
128,977276,Data mining usage in health care management: literature survey and decision tree application,nan,Medicinski% Glasnik,nan,1840-0132 1840-2445 (electronic),5,3.152106085676126,1/8/01,nan,{M. P$. BachD. Cosic}
129,,Predicting infection in localized intraabdominal fluid collections: value of pH and pO2 measurements.,eng,Scientific Session and Scientiftc Poster Abstracts,nan,nan,10,,4/1/99,nan,{D J SadlerR R GrayB D SchoutenJ M BohnenJ K WongR MustardG DoyleR A PugashJ Sanabria}
130,772616,Antivitamin K drugs in stroke prevention,nan,Curr. Vasc. Pharmacol.,nan,-7518,,6,nan,817-823,{di% Raimondo D.Pinto A.#Lucifora B.Tuttolomondo A.Licata G.Butt_ C.}
131,334681,Teaching medical student geriatrics competencies in 1@@ week: an efficient model to teach and document selected competencies using clinical and community re#sources,nan,Journal of the American Geriatrics Society,J.Am.Geriatr.Soc.,14-Feb,61,7,1/13/01,1182-7,{Jamehl L. DemonsJeff D. WilliamsonKathryn E. CallahanJames LovatoJanice S. LawlorHal H. AtkinsonAnn LambrosFranklin S. WatkinsKaycee M. SinkBrooke R. DavisMary F. Lyles}
132,757463,Low prevalence and increased household clustering of Mycobacterium tuberculosis infection in high altitude villages in Peru.,????eng,Am. J. Trop. Med. Hyg.,nan,Feb-37,68,32.89143511901443,1/#3@@/06,721-7#,
133,465176,A literature review on chronic pain: the daily overcoming of a complex problem.,nan,nan,nan,nan,0,0,nan,nan,{NULL}
134,368072,Mobilisation with movement and exercise corticosteroid injection or wait and see for tennis elbow,nan,BMJ 2006 333:939,nan,nan,0,0,nan,nan,{Vicenzino B Bisset L Beller E Jull G Brooks P Darnell R}
135,812893,Clinical outcomes and cost-effectiveness of strategies for managing people at high risk for diabetes (Structured abstract),nan,An@@nal#s of Internal Medicine,nan,nan,143,1,1/5/01,251-264,{L. SchlessingerD@@. M. E$ddyR. Kahn}
136,380945,Soleus Hoffmann-reflex modulation during walking in healthy elderly and young adults.,nan,The Journals of Gerontology: Series A: Biological Sciences and Medical Sciences,nan,1079-5006,55,12,nan,B570-9,{G R ChalmersK M Knutzen}
137,513829,CT false-profile view of the hip: a reproducible method of measuring anterior acetabular coverage using volume CT data.,eng,Skeletal Radiology,Skeleta#l Radiol,nan,43,11,nan,160@@$5-11,{Dominic S CarreiraRoss M BorzykowskiJohn KozySteven D Needell}
138,862798,A pharmacoeconomic evaluation of statins in the treatment of hypercholesterolaemia in the primary care setting in Spain (Structured abstract),nan,Pharmacoeconomics,nan,nan,23,3,1/5/01,275-287,{P. Tarraga-LopezJ. M. Ocana-LopezJ. Miguel-ClaveJ. Solera-AlberoM. Cerdan-OliverM. A. Lopez-CaraA. Celada-Rodriguez}
139,316632,nan,nan,nan,nan,nan,,2,1/14/01,327-32,{M. GoyalS. WiebeM. D. HillF. M. ClementJ. H. WongM. A. AlmekhlafiD. Yavin}
140,38413,Proximal migration of a 5 French pancreatic stent during bile stone extraction: a successful retrieval using mini-snare,eng,nan,nan,nan,17,0,1/14/01,384-6 ST  - Proximal migration of a 5 French pancreatic stent during bile stone extraction: a successful retrieval using mini-snare-,{J. DA  - May-Jun DO  - 10.4103/1119-3077.130253 DP  - NLM ET  - 2014/04/10 WuQ. ZhaoY. FanY. S. Liao}
141,1839530.50100047,Carriage of methicillin-resistant Staphylococcus aureus by veterinarians in Australia,eng,nan,nan,nan,89,15.461864108053083,1/11/01,152-9,{M. D. BartonJ. SimonJ. E. AxonS. MossS. G. MorrisD. J. TrottS. FuryM. MaiwaldP. GiffardD. JordanP. Southwell}
142,49698,Multicenter randomized placebo-controlled trial of amitriptyline in children with functional gastrointestinal disorders,nan,nan,nan,nan,137,0,1/9/01,1261-9 ST  - Multicenter randomized placebo-controlled trial of amitriptyline in children with functional gastrointestinal disorders-,{C. C2  - Pmc2827243 C6  - Nihms132141 DA  - Oct DO  - 10.1053/j.gastro.2009.06.060 DP  - NLM ET  - 2009/07/15 Di LorenzoM. SapsS. NurkoP. HymanN. YoussefA. MirandaJ. Cocjin}
143,900624,%Terbutaline pump for t@@he prevention of preterm birth (Structured abstract),nan,nan,nan,nan,0,,$1/11#/01,nan,{R. DanielM. T. AnsariL. WeeksS. DoucetteA. TsertsvadzeB. SkidmoreK. SinghL. GaudetM. WalkerS. Tsouros}
144,246528,Complex regional pain syndrome type 1 after fractures of the distal radius: a prospective study of the role of psychological factors,eng,J@@ Han#d Surg Br,Journal of hand surgery (Edinburgh Scotland),0266-7681 (Print) 0266-7681,30,6,1/5/01,574-??8??0,{A. ZylukP. Puchalski}
145,347144,nan,eng,Journal of cardiovascular electrophysiology,J. Cardiovasc. Electrophysiol.,1540-8167,18,3,1/7/03,290-5,{Abdi RasekhJie ChengAli MassumiMichael R UjhelyiVadim LevinMehdi RazaviJames A ColesMargit NemethIlyas Colombowala}
146,4135797.508997907,Clinical comparison of the effects of nimesulide and ibuprofen on fever in children. [Chinese],Chinese     Chinese English,Chinese Jour%nal of$ New Drugs,nan,nan,93.20590093144976,4,1/12/01,451-457,{W. T. YuS. YangY. TangB. WuJ. X. Zhou}
147,269313,nan,nan,nan,nan,nan,94,5,nan,930-936,{Yong-Kyun KimTae Yoong JeongWon Hyuk ChangSang Chul LeeJeong-Gyu YoonDong Suk Kim}
148,267879,The value of routine radiography in patients with knee osteoarthritis consulting primary health care: a study of agreement,eng,Eur J Gen Pract,The European journal of general p@@ractice,1381-4788,20,1,1/14/01,nan,{O. H. Simonse#nS. T. SkouH. #Thomsen}
149,224232,Studies with the maximal histamine test.,eng,Gut,Gut,0017-5749,,4,8/1/65,nan,{A M MulekarB J Vakiland}
150,62306,Mandibular second molar with C-shaped canal morphology and five canals: report of a case.,eng,General dentistry,Gen Dent,0363-6771,304.69681187426795,3,1/4/05,253-4,
151,760098.9864728582,nan,nan,Food Control,nan,0956-7135,18,2,1/7/01,1%31-1$34,{K$. Ngu#z}
152,663994,Hearing feelings: a quantitative meta-analysis on the neuroimaging literature of emotional prosody perception.,eng,Neuropsychologia,Neuropsychologia,1873-3514,50,12,1/12/10,2752-63,{Vincent J P Van HeuvenNiels O SchillerJurriaan Witteman}
153,520771,[Skeletal maturation in assessing underage asylum seekers].,dut,Euthanasie en andere medische beslissingen rond het levenseinde 1#990-1995,nan,0028-2162,149,22,5/28/05,1241; author reply 1241,{R R van RijnS G F Robben}
154,754594,The ex vivo an%timicrobial activity and colonization rate of two antimicrobial-bonded ce$ntral venous catheters,eng,nan,nan,nan,27,,1/1/99,1128-31,{G. AbrahamJr. Fromm R. E.P. E. MarikJ. VaronP. Careau}
155,817046,Acupuncture anesthesia used in rabbit abdominal operations,E$nglish,American Journal of Acupuncture,AM. J. ACUPUNCT.,00913960 (ISSN),4,2,nan,nan,{M.M.P. YangS.H. KokG.T.C. Lee}
156,2714040.4765608218,Posterior positional plagiocephaly treated with cranial remodeling orthosis.,eng,Swiss Med. Wkly,nan,1424-7860,137,25,6/30/07,368-72,{D KalinaS de RibaupierreO VernetP -F LeyvrazB RillietB Cavin}
157,963532,Cardiac MRI in ischemic heart disease,nan,Circulation Journal,nan,nan,73,9,1/9/01,@@1577-158$8,{S. KatoM. IshidaH. Sakuma}
158,131820,Twisting the night away: a review of the neurobiology genetics diagnosis and treatment of shift work disorder.,eng,CNS spectrums,CNS Spectr,%1092-8529,,-1,1/13/12,45-53; quiz 54,
159,704093,[Evaluation of treatment outcomes #in tuberculosis of knee and hip joints in 2005-2012$].,nan,Paliativn_ Schanzova osteotomie p_i nereponibil??n_ luxaci kyeln_ho kloubu u pacient s d_tskou moz%kovou obrnou v adolescentn_m v_u,nan,15-Jan,80,4,nan,256-62,{D ChocholR ChaloupkaB ??KalaJ GalloM Netva$l}
160,912377,Assessing quality of life in patients after partial laryngectomy,English,Hippokratia,Hippokratia,1790-8019,18,,nan,156-61,{K. MantsopoulosC. BohrF.@@ Hebel}
161,1069579.3653999155,Application of a stress and coping model to positive and negative adjustment outcomes in colorectal cancer caregiving,nan,Ps#ycho-@@Oncology,nan,nan,19,65.18961367555745,nan,1171-1178,
162,68354,nan,eng,Journal of Clinical and Diagnostic Research,J.Clin.Diagn.Res.,2249-782X,8,5,1/14/05,nan,
163,259916,Single bolus parecoxib attenuates sore throat after laryngeal microsurgery: A randomized double-blind control study,nan,nan,nan,nan,,0,1/14/01,nan,{K. Y. TsengH. F. HuangK. I. ChengH. T. HsuP. Y. ChangY. C. ChenI. C. Lu}
164,199407,Scar Management Practice and Science: A Comprehensive Approach to Controlling Scar Tissue and Avoiding Hypertrophic Scarring.... Reprinted and adapted with permission from Wound Healing South Africa and Medpharm. Widgerow AD. Scar management-marrying the practical with the science. Wound Heal South Afr 2010;3(1):7-10,nan,nan,nan,nan,24,0,nan,551-561 ST  - Scar Management Practice and Science: A Comprehensive Approach to Controlling Scar Tissue and Avoiding Hypertrophic Scarring.... Reprinted and adapted with permission from Wound Healing South Africa and Medpharm. Widgerow AD. Scar management,{Alan David WidgerowLaurence A. DB  - c8h DO  - 22101481 DP  - EBSCOhost Chait}
165,,Sporadic Duane's Retraction Syndrome% Associated with I$mperforate Anus: Case Report.,eng#$,Strabismus,Strabismus,0927-3972,9.272201555132517,3,1/1/@@95,123-6,{M SchmidR SalatiP E BianchiA M BezzinaC Barone}
166,592893,Prevalence and antibacterial susceptibility of mef(A)-positive macrolide-resistant streptococcus pneumoniae over 4 years (2000 to 2004) of the PROTEKT US study,nan,nan,nan,nan,45,2,1/7/01,290-293,{S. G. JenkinsT. M. FileD. J. Farrell}
167,232775,Yoga may help manage binge eating disorder,nan,Focus on Alternative and Complementary Therapies,nan,nan,15,3.474629900406331,1/10/01,Apr-43,
168,3207805.709587138,Meta-analyses of experimental data in animal nutrition.,@@??eng,nan,nan,1751-7311,6.126093409609307,8,1/8/08,1203-14,{N R St-PierreD S%auvantP SchmidelyJ J Daudin}
169,901298,Castor oil bath and/or enema for cervical priming and induction of labour,nan,Cochrane Database of Systematic Reviews,nan,nan,0,,1/13/01,nan,{J. Kelly AnthonyJane ThomasJosephine Kavanagh}
170,456691,The Role of Radiology in Preclinical Anatomy. A Critical Review of the Past Present and Future.,nan,nan,nan,nan,0,,nan,nan,
171,,Insulin detemir lowers the risk of hypoglycaemia and provides more consistent plasma glucose levels compared with NPH insulin in Type 1 diabetes.,eng,Diabet Me%d,Diabetic medicine : a journal of the British Diabetic Association,0742-3071,23,7,1/6/07,$729-35,{A PhilotheouS R HellerJ JendleM-A GallK KlendorfG P RossG PerrielloI Pavlic-Renar}
172,709359,Remote presence proctoring by using a wireless remote-control videoconferencing system,nan,nan,nan,nan,12,2,1/5/01,139-43,{C. D. SmithJ. E. Skandalakis}
173,690938,Association of transforming growth factor-_1__T869C G915C and C509T gene polymorphisms with rheumatoid arthritis risk.,e@@$ng,Journal of receptor and signal transduction research,J. Recept. Signal Transduct. Res.,1532-4281,,,1/#14/12,469-75,
174,910604,Sinus arrhythmia and pupil size in Chiari I malformation: Evidence of autonomic dysfunction,nan,Functional Neurology,nan,03@@93-52$64,8,4,1/1/#93,251-257,{P. KruszewskiDept of Neurology Trondheim University Hospital L.J. StovnerNorway TrondheimJ. M. ShenTrondheim Norway University HospitalL. J. StovnerTrondheim Dept. of NeurologyAddress CorrespondenceAddresses Author}
175,4024642.643062386,An observational study on the prevalence and pattern of opioid use in 25479 patients with spine and radicular pain,English; A#BSTRACT L%ANGUAGE:English,Spine,Spine,0362-2436,,2,1/2/01,201$-205%,{Girault GRose RJWeinstein JNBall PAHanscom BFanciullo GJ}
176,42135,Selective loss of anterior pituitary volume with severe pituitary-gonadal insufficiency in poorly compliant male thalassemic patients with pubertal arrest.,eng,Annal%s of the New York Academy of Sciences,Ann. N. Y. Acad. Sci.,0077-8923,3587.8243206751094,,nan,479-82,{M KatzR ChatterjeeA OatridgeJ B PorterG M Bydder}
177,835178,Localized deficiencies of folic acid in aerodigestive tissues,eng,Ann N Y Acad Sci,Annals of the New York Academy of Sciences,0077-8923 (Print) 0077-8923,669,0,1/1/92,87-95; discussion 95-6,
178,,Overweight and obesity in young and middle age and early retirement: the ARIC study,nan,Obesity (Silver Spring Md.),Obesity (Silver Spring),1930-7381,,,1/9/01,143-9,{Jianwen CaiJune StevensDenise K. Houston}
179,,Comparing modelling techniques for analysing urban pluvial flooding.,nan,Water science and technology : a journal of the International Association on Water Pollution Research,Water Sci. Technol.,0273-1223,69,2,1/14$/01%,305-11,{J van der MeulenJ KluckE van Dijk$J H M %Straatman}
180,704111,nan,nan,Orthopedics,Orthopedics,1938-2367,124.096081384016,,1/13/10#@@,e1327-9,{Robert T TrousdaleJ@@ Ryan Martin}
181,804762,The impact of bleeding complications in patients receiving novel oral anticoagulants: A systematic review and metaanalysis,English,nan,nan,0390-6078,0,,1/14/01,19th Congress of the European Hematology Association Milan Italy. Conference Start: 20140612 Conference End: 20140615. Conference Publication: (var.pagings). 99 (pp 233),{T. IsayamaM. CrowtherC. Chai-AdisaksophaW. Lim}
182,,From task characteristics to learning: A systematic review.,nan,Scandinavian journal of psychology,Scand?? J Psychol,1467-9450,,-1,2/17/10,nan,{Michiel A J KompierEtty G A Wielenga-MeijerDani_l H J WigboldusToon W Taris}
183,431896,Daily$ step goal of 10000 steps: A literature review.,nan,nan,nan,nan,,0,nan,nan,{NULL}
184,490584,[Effects of hand acupuncture therapy on sleep quality in sleep disrupted adults: verification by polysomnography and cerebral blood flow test],Korean,nan,nan,nan,37,,1/7/01,1108-18,{E. H. Hwa#ng}
185,929252,Supporting patient adherence to antiretrovirals using mobile phone reminders: patient responses from South India,nan,nan,nan,0954-0121,24,,nan,612-7,{K. SidneyJ. AntonyA. De CostaA. ShetR. RodriguesS. KrishnamurthyG. D'SouzaK. Arumugam}
186,821382,Amyloid neuropathies,English,Mount Sinai Journal of Medicine,nan,nan,79,26.679902869408096,1/12/01,7@@33-748@@,{J. Robinson-PappS.C. Shin}
187,961741,A randomized study with a hyaluronic acid and chondroitin sulfate lotion for radiodermitis in breast cancer patients,nan,Radiotherapy and Oncology,nan,nan,0,0,nan,nan,{Pardo-Masferrer J. Murcia M. Soto R. Gonzalez J. Alastuey I. Montemuino S. Ortiz I. Mena A}
188,925885,A systematic review on acupuncture for trigeminal neuralgia (Provisional abstract),nan,Alternative Therapies in Health and Medici%n$e,nan,nan,16,6,1/10/01,30-35,{H LiKf ChungH LiuSp ZhangM Xu}
189,3335009.823159323,nan,nan,Journal of International Education Research,nan,2158-0979,,2,1/12/01,135-144,{Enniati RusliChien-Hui Yang}
190,3470250.0246704896,Cur#r$ent status of diagnostic and therapeutic endoscopic ultrasonography,English,nan,nan,0033-8389 DO  - http://dx.doi.org/10.1016/j.rcl.2010.07.015,39,3,1/1/01,44??#9-+,
191,4129342.839746108,Are physicians and patients in agreement? Exploring dyadic concordance,nan,H??ealth Education & Behavior,nan,1090-1981,40,5,1/13/01,603-11,{J. J. CoranT. Koropeckyj-CoxC. L. Arnold}
192,225002,Services for children and adolescents with autism spectrum disorders: payment issues.,nan,Pediatric annals,nan,0090-4481,,1,1/9/01,@@57-61,{Lynn M WegnerMichelle M Macias}
193,550350,Mapping Curriculum to Ed Tech and Industry Standards,nan,Learning & Leading with Technology,nan,nan,33,6,1/6/03,nan,{OR. International Society for Technology in Education EugeneBjorn Norstrom}
194,622979,Processed meat consumption and stomach cancer risk: a meta-analysis.,en$g%,Journal of the National Cancer Institute,J. Natl. Cancer Inst.,1460-2105@@,98,60.561173808110595,nan,1078-87,{Nicola OrsiniSusanna C LarssonAlicja Wolk}
195,501663,The epidemiology of injury for an elite junior Australian Football cohort,nan,Journal of Science & Medicine in Sport,nan,14402440,15,3,1/12/01,207-212,{John PetkovSteve BaileySamuel ChalmersMichael HeynenEbonie ScaseMary E Magarey}
196,48738,Prebiotics immune function infection and inflammation: a review of the evidence,en??g#,nan,nan,nan,101,0,1/9/01,633-58 ST  - Prebiotics immune function infection and inflammation: a review of the evidence-,{A. R. LomaxP. C. CN  - Pubmed DA  - Mar DO  - 10.1017/s0007114508055608 DP  - NLM ET  - 2008/09/26 Calder}
197,448197.0239603156,Steroids and antihistamines synergize to inhibit rat's ai@@rway #smooth muscle contractility.,nan,European archives of oto-rhino-laryngology : official journal of the European Federation of Oto-Rhino-Laryngological Societies (EUFOS) : affiliated with the German Society for Oto-Rhino-Laryngology - Head and Neck Surgery,E@@ur Arch Otorhinolaryngol,1434-4726,-1,-1,8/13/14,nan,{Shao-Cheng LiuChi-Chung WuHsing-Won WangChuan-Hsiang KaoYueng-Hsiang Chu}
198,667611,Reasons for and against participation in studies of medicinal therapies for women with breast cancer: a debate.,eng,BMC Medical Research Methodolog#y,nan,1471-2288,,-1,1/12/01,nan,{Marion HabersackIrmina-Anna GerlichGero Luschin}
199,565079,The effect of preservation solutions for storage of liver allografts on transplant outcomes: a systematic review and meta-analysis.,eng,Annals Of Surgery,Ann Surg,1528-1140,260,1,1/14/07,46-55,{John M O__CallaghanRobert D MorganPeter J MorrisSimon R Knight}
200,348006,Ultrasonically enhanced vancomycin activity against Staphylococcus epidermidis biofilms in vivo.,eng,nan,J Biomater Appl,0885-3282,18,,1/4/04,237-4??5%,{R A RobisonJ L NelsonB L RoederB L BecksteadG B SchaaljeJ C CarmenW G PittC M Runyan}
201,55412,Cuneus and f#usiform cortices thickness is reduced in trigeminal neuralgia.@@,eng,The journal of headache and pain,J Headache Pain,nan,15,-1,1/14/1#2,17,{Thomas Martin DoringMaud PariseGustavo TukamotoEmerson Leandro GasparettoTadeu Takao Almodovar KuboMaurice Vincent}
202,,The$ Impact of Read Right: Semester-Only# versus Year-Long Inplementation,nan,ProQuest LLC,nan,978-1-2673-2110-7,0,0,1/13/01,nan,
203,979292,Muscle - tendon unit mechanical and morphological properties and sprint performance.,eng,Journal of sports sciences,J Sports Sci,0264-0414,25,9,1/7/07,1035-46,{Savvas StafilidisAdamantios Arampatzis}
204,,An insulin-like growth factor-I gene polymorphism modifies the risk of microalbuminuria in subjects with an abnormal glucose tolerance,English,European Journal of Endocrinology,nan,nan,585.3540276241246,5,nan,715-721,{H. A. P. PolsC. M. van DuijinS. W. J. LambertsI. RietveldA. Ho??f@@manJ. A. M. J. L. Janssen}
205,,Biofeedback dialysis for hypotension and hypervolemia: a systematic review and meta-analysis.,eng,nan,Nephrol. Dial. Transplant.,1460@@-2#385,28,1,1??/1$3/01,182-91,{Elie A AklGordon GuyattStephen D WalterRita S SuriReem A MustafaGihad E NesrallahRobert M Lindsay}
206,,Cytokine profiling of young overweight and obese fem??ale African American adults with prediabetes,nan,Cytokine,$Cytokin$e,1096-0023,64,1,1/13/01,310-5,{J. BhagatwalaW. CaldwellD. H. GuoA. MellorH. ZhuR. CaldwellR. LucasS. J. ParikhY. DongS. SridharY. Dong}
207,437969,Review of prasugrel for the secondary prevention of atherothrombosis.,nan,nan,nan,nan,0,,nan,nan,{NULL}
208,2597548.8726420836,nan,nan,nan,nan,nan,0,0,nan,nan,
209,417782,Pancreatic surgery. A paradigm for progress in the age of the bottom line,eng,Arch Surg,Archives of surgery (Chicago Ill. : 1960),0004-0010 (Print) 0004-0010,130,3,1/1/95,240-6,{A. L. Warshaw}
210,4032816.6743108938,Difference in fascicle behaviors between superficial and deep quadriceps muscles during isometric contractions.,ENG,nan,Muscle Nerve,1097-4598,-1,1,10/15/09,nan,{Hiroshi AkimaKazunori NosakaAya TomitaAnthony J BlazevichTakayuki InamiRyosuke AndoKohei Watanabe}
211,2610170.7643145523,Losing life and livelihood: a systematic review and meta-analysis of unemployment and all-cause mortality.,eng%,Social science & medicine (1982),nan,1873-5347,72,6,1/11/$%03,nan,{David J RoelfsJoseph E SchwartzEran ShorKarina W Davidson}
212,,Evaluation of a rapidly rotating shift system for tolerance of nurses to nightwork.,eng,International archives of occupational and environmental health,Int Arch% Occup %Environ Health,034%0-013#1,65,19.147011155351223,1/1/94,nan,{D MinorsJ WaterhouseG GhirlandaG CostaG Tarondi}
213,245822,[Osteoporosis prevention in patients with low energy hip fractures hospitalized in the orthopedic department],nan,Ugeskr Laeger,nan,0041-5782 (Print) 0041-5782,164,27,nan,Apr-41,
214,440401,American palm ethnomedicine%: a meta-analysis..,nan,nan,nan,nan,0,0,nan,nan,{NULL}
215,77389,Symptoms tell it all: a systematic review of the value of symptom assessment to predict survival in advanced cancer patients.,eng,Critical reviews in oncology/hematology,Crit. Rev. Oncol. Hematol.,nan,383.3781891107633,1,1/12/10,$130-%48,{Emile E VoestSaskia C C M TeunissenAlexander de GraeffMarija Trajkovic-Vidakovic}
216,592817,Isolates and antibiotic resistance of culture-proven endophthalmitis cases presented to a referral center in Tehran,eng,nan,nan,nan,19,4,1/12/01,361-3,{M. M. ParvareshM. HashemiR. SoodiS. NekoozadehS. A. AlemzadehK. G. FalavarjaniM. Modarres}
217,169270,Public health impact of the 1992 Los Angeles civil unrest,nan,Public health reports (Washington D.C. : 1974),Public Health Rep,0033-3549$,604.7708109112323,3,1/1/93,nan,{NULL}
218,288711,Laparoscopic reversal of Hartmann's rectosigmoidectomy,nan,Colorectal dise??ase : the official journal of the Association of Coloproctology of Great B??ritain and Ireland,Colorectal Dis,1462-8910,10,1,1/8/01,81-%83,{S@@. SlawikA. R. Dixo#n}
219,,The situation of Romanian HIV-positive adolescents: Results from the first national representative survey,nan,nan,nan,nan,22,0,1/10/01,nan,{D. BuzduceaBuzducea Cohen Johnson Lazar Lazar Lejars Lyon Marin McDowell Mardarescu O'Leary Paxton Wood BergerF. LazarE. I. Mardare}
220,833251,Life stress and the long-term treatment course of recurrent depression: III. Nonsevere life events predict recurrence for medicated patients over 3 years,nan,Jou%rnal of Consulting and Cli??nical Psychology,nan,nan,74,1,nan,112-120,{E. FrankL.D. TorresD. KupferK.L. HarknessJ. GuillaumotJ.E. RobertsS.M. Monroe}
221,470174,Value of spiral CT in hemodynamically stable patients following blunt chest trauma.,eng,Computerized Medical Imaging and Graphics: The Official Journal of the Computerized Medical Imaging Society,Comput Med Imaging Graph,0895-6111,83.1550841468207,6,11/1/98,447-52,{R TelloK KandarpaR F MundenS HootonR Pugatch}
222,315926,Preventing injuries through interventions for problem drinking: a systematic review of randomized controlled trials,nan,nan,nan,nan,34,12.897828426301071,1/1/99,609-21,
223,901385,Nutrition an$d obstruct??ed labor,nan,American Journal of Clinical Nutrition,nan,nan,72,1,nan,291S-297S,{O. A. LadipoJ. C. Konje}
224,787529,Rationale design and methods of the HEALTHY study nutrition intervention component,eng,Int J Obes (Lond),International journal of obesi%ty (2005),nan,33,0,1/9/01,S29-36,{S. McCormickB. GillisA. VirusM. A. StatenC. MobleyS. L. VolpeJ. BridgmanL. El ghormliD. D. StadlerJ. Hartstein}
225,1955411.697931775,Atomoxetine treatment of children and adolescents with ADHD: Clinical questions and answers. (German),nan,nan,nan,nan,,0,nan,nan,
226,441393,The novel applications of the quantitative analysis of neutrophil cell surface FcgammaRI (CD64) to the diagnosis of infectious and inflammatory diseases.,nan,nan,nan,nan,0,0,nan,nan,{NULL}
227,481882,nan,nan,Endocrinology,Endocrinology,1945-7170,889.8014512198534,,1/13/09,3118-29,{$%Thomas SchererJose M GarciaVictor PapushaJi-an ChenMark AsnicarJoanna SmiechowskaBobby GuilloryChristoph BuettnerRoy G SmithAnriada Nassif}
228,572425,Primary cutaneous large B-cell lymphoma of the legs: a distinct clinical pathologic entity treated with CD20 monoclonal antibody (rituximab).,nan,American Journal of Clinical Oncology-Cancer Clinical Trials,nan,0277-3732,91.64951504274666,12.87356312539938,1/1/#06,237-40,{D M Aboulafia}
229,581864,Improving Implementation of Classroom Instruction through Teacher-Directed Behavioral Consultation: A Single-Case Demonstration,nan,International Journal of Behavioral Consultation and Therapy,nan,nan,10.713768756190564,9.83783912024019,1/6/01,432??-438,{Marcie W. HandlerJames K. LuiselliJennifer A. Mautone}
230,455406,Green tea in dermatology. [Review],nan,nan,nan,nan,0,0,nan,nan,{N@@ULL}
231,696362,nan,nan,McNeill Mathematics Program,Co??llege Tea#ching,87567555,200.66356743152932,4,nan,nan,
232,504206,Tropi#ca#l infection after a case of total hip arthroplasty.,%e??ng,The Journal of hospital infection,#J. Hosp$. Infect.,1532-2939,,,nan,179-81,{E SennevilleH MelliezV LoviC JosephM DouaudM PradierT BoyerA MeybeckL Fortin-Lebraud}
233,800900,Chronic pelvic pain.,eng,Best practice & research. Clinical gastroenterology,Best Pract Res Clin Gastroenterol,1532-1916,23,21.75024290686527,1/9#/01,593-610,{Andrew Paul Baranowski}
234,235689,Obstetrical anal sphincter laceration and anal incontinence 5-10 years after childbirth,eng,nan,American journal of obstetrics and gynecology,0002-9378 (Print) 0002-9378,207,5,nan,425.e1-6,{K. C. McDermottJ. L. BlomquistV. L. HandaE. C. Evers}
235,3845776.143323702,Comparative effectiveness of instructional design features in simulation-based education: systematic review and meta-analysis.,$eng%,Medical teacher,nan,nan,,1,1/13/01,e867-98,
236,282828.7196239203,Body mass index and outcome of ASC-H-interpreted cervical smears in postmenopausal women.,eng,Acta cytologica,Acta Cytol.,Jan-47,56,10.128502381899718,1/12/01,259-65,
237,326944,Plasma concentration of asymmetric dimethylarginine and the risk of coronary heart disease: rationale and design of the multicenter CARDIAC study.,nan,Atherosclerosis. Supplements,nan,1567-5688,16.59698756245806,4,1/3/12,??2$9-32,
238,922795,nan,ger,nan,nan,17-Mar,45,-1,nan,S10-3,{R M JonesP Conzen}
239,768486,nan,eng,BMJ Open,nan,2044-6055,4,7,1/14/01,e00560$1,{C. MillsS. DalkinJ. GreenhalghC. WoodL. WoodJ. WrightE. GibbonsN. BlackJ. M. ValderasR. PawsonD. Meads}
240,428363,nan,eng,Mycoses,Mycoses,nan,260.87033288022144,,1/1/11,419-21,{L RamosS Mathur_nA MateoC L_pezC G_mez}
241,519287,A method for determining skeletal lengths from DXA images.,eng,BMC Mus#culoskele$t Disord,BMC musculoskeletal di##sorders,1471-2474,39.85406003042174,,1/7/01,113,{Glen M BlakeTim D SpectorIgnac FogelmanUsha Chinappen-Horsley}
242,638918,Imagi%n@@g for target volume delineation in rectal cancer radiotherapy--a systematic review.,en%g,Clinical Oncology (Royal College$ of Radi??ologists),nan,1433-2981,24,1,1/#12/0@@2,5@@2-6@@3,{R WebsterE SpeziS MukherjeeR AdamsS GwynneJ StaffurthB Coles}
243,,The influence of smoking and impaired glucose homoeost#asis on the outcome in patients presenting with an acute coronary syndrome: a cross-sectional stu%dy.,eng,BMJ Open,nan,2044-6055,,25.32231727712463,@@1/14/01,e005077,{Anders HallingHkan OdebergHenrik ForssellJacob OdebergMarie-Louise PerssonLennart RstamIvar VaaraUlf LindbladMichael Freitag}
244,747279,Systematic review exploring the effect of exercise in pulmonary rehabilitation on depression levels in patients with chronic obstructive pulmonary disease,nan,Phy#siotherapy,Physiotherapy,1873-1465,97,,nan,eS502-eS503,{Patil S.Horobin H.}
245,3836160.296487249,Environmental and genomic factors as well as interventions influencing smoking cessation: a systematic review of reviews and a proposed working model.,eng,Public hea@@lt%h genomics,Public Heal??th Genomics,1662-8063,,4,nan,159-73,{A BrandJ Van der HeydenS de VironH Van OyenN Malats}
246,1467363.9438310598,Impact of seasonality on recruitment retention adherence and outcomes in a web-based smoking cessation intervention: randomized controlled trial,nan,nan,nan,nan,15,0,1/13/01,e249-,{Mushro ANiaura R SGraham A LCobb N KFang YCha S}
247,59308,White matter diffusivity predicts memory in patients with subjective and mild cognitive impairment and norma%l CSF total tau levels.,eng,Journal of the International Neuropsychological Society : JINS,J Int Neuropsychol Soc,1469-7661,16,1,1/10/01,58-69,{Ramune GrambaiteAnders M FjellTormod FladbyKristine B WalhovdVidar StensetIvar Reinvang}
248,610641,Comparison between open and closed suction systems: a systematic review.,ENGPOR,nan,Rev Bras Ter Intensiva,198#2-4335,109.2030156277898,4,1/8/12,331-338,{Luiz Rogrio de Carvalho OliveiraNilza Aparecida Almeida de CarvalhoFlvio C L Cavalcanti Ara_joIzabela Menezes PagottoPaulo Chiavone}
249,,Association between interleukin-10 promoter polymorphisms and endometriosis: a meta-analysis.,@@eng,Gene,Ge%ne,nan,515,1,2/15/13,49-55,{Qiong ChenWei FanQianhong MaZhongying HuangZhun XiaoShangwei Li}
250,4123602.592801875,Overactive bladder: Optimizing quality of care,nan,Am. J. Managed Care,nan,1088-0224,7,,nan,S46-S61,??{Lema@@ck G.E.}
251,,Thyroid-related autoantibodies and celiac disease: a role for a gluten-free diet?,nan,nan,nan,nan,35,11.294831115771755,1/2/09,24??5-8,{E. MainardiG. MoscatoA. MontanelliM. DottiR. Nano}
252,,Providing access to specialty care for severely disabled institutional residents: an academic health center telemedicine model,nan,Journal of Health Care for the Poor & Underserved,nan,nan,20,2,nan,415-422 8p,{A. K. MarceeS. P. RoatenJ. B. MorrowK. J. KowalskeL. E. SnellL. L. Goetz}
253,908690,A robust method for diagnosis of morphological arrhythmias based on Hermitian model of higher-order statistics,English,nan,Biomed Eng Online,1475-925X,10,0,1/11/01,nan,{Address CorrespondenceS. KarimifardAddresses Authorahmadian@sina.tums.ac.ir Tehran Medical PhysicsTehran Medical PhysicsDepartment of Biomedical Systems S. KarimifardTums Tehran Iran Email University of Medical SciencesA. AhmadianTums Tehran Iran University of Medical SciencesSystems Department of Biomedical}
254,417373,nan,nan,Disease Management and Clinical Outcomes,nan,1088-3371,1,1,#1/#1/97,15-16,{J. E. Wennberg}
255,,Specific plasma factors blocking human maternal cell-mediated immune reaction to placental antigens.,en????g,Nature: New biology,Nature New Biol.,0090-0028,242,117,3/2@@8/7??3,110-1,{V YoutananukornP Mantangkasombut}
256,1182464.688446714,Mic$roRNAs: a# new piece in the paediatric cardiovascular disease puzzle.,eng,Cardiology in the young,Cardiol Young,1467-1107,23,5,nan,nan,{Dalia ElimamKeith A WebsterA@@hmed OmranF%ei YinLina A Shehadeh}
257,695010,Association of Ureaplasma urealyticum colonization with development of bronchopulmonary dysplasia: a systemic review and meta-analysis.,nan,Journal$ of Huazhong Univers#ity of Science and Technology. Medical Sciences,J Huazhong Univ Sci Technolog Me%d Sci,1672-0733,,2,1%@@/14/04,265-9,{Jia-rui PuDan LiDe-hua YangLi-duan ZhengXiao-dan ZhengHong MeiXuan XiangQiang-song Tong}
258,191908,Mortality at older ages and moves in residential and sheltered housing: evidence from the UK,nan,Journal of Epidemiology and Community Health,nan,0143-005X,249.17681737884377,6,1/14/01,524-529,{J. FalkinghamM. EvandrouA. VlachantoniJ. Robards}
259,384767,A multinational study of thromboprophylaxis practice in critically ill children.,nan,Critical care medicine,Crit. Care Med.,1530-0293,42,5,1/14/05,1%232-%40,{Sarah H O'BrienMarisa TucciAntonio Rodriguez NunezPhilip C SpinellaLi QinEdward Vincent S FaustinoAdrienne G RandolphEdward TruemperSimon LiKimberly MarohnSheila HansonMichael Yung[Collective Name] $PROphylaxis against ThRombosis prACTice (PROTRACT) Study Investigators of the PALISI BloodNet}
260,855912,Asymmetric inheritance of mitochondrial content in aging budding yeast cells,English,nan,nan,nan,88.65369195753323,24,1/12/01,nan,
261,710727,nan,nan,Experimental Ag%ing Research,nan,nan,32,4,1/6/10,431-446 16p,{DeLosh ELBugg JMClegg BA}
262,816996,Uses of the electrical skin resistance method in the study of patients with neck and upper extremity pain,English,Johns Hopkins Medical Journal,JOHNS HO%PKINS MED. J.,nan,137,2,nan,69-74,{C.P. RichterL.H. Riley Jr.}
263,3115724.2514347206,[New aspects in hernia surgery].,ger,Urologe A,nan,03??40-2592,,7,1/5/07,774-9,{P E GoretzkiB J LammersT Otto}
264,275675,An exploration of self-reported negative affect by adolescents as a reason for smoking: implications for tobacco prevention and intervention programs,eng,Prev% Med,Preventive medicine,0091-7435,41,2,1/@@5/01,589-96,{J. RobinsonD. W. SmithB. ColwellS. L. StevensC. McMillan}
265,967376,Diagnosis of?? peripheral lung cancer with three echoic features via endobronchial ultrasound,English,Ch%est,nan,nan,419.32214380027585,3,1/7/01,922-9,{H. C. Ch#enS. M. ??LinC. L. ChouC. T. YuH. P. KuoC. H. Kuo}
266,640230,A meta-analysis of labor supply effects of interventions for major depressive disorder.,eng,Psychiatric Services.,nan,1075-2730,264.43599819364357,9.955673154294251,nan,212-8,{Justin W TimbieMarcela Horvitz-LennonSharon-Lise T NormandRichard G Frank}
267,625663,Combined pharmacotherapy and psychological treatment for dep??ression: a systematic review.,en%g,nan,nan,0003-990??X,61,7,1/4/07,714-9,{Paola BolliniGiuseppe TibaldiBruce KupelnickCarmine MunizzaSandro Pampallona}
268,480649,Dyspareunia and sexual dysfunction following vaginal delivery in thai primiparous women with second degree perineal tear: A prospective cohort study,nan,Journal of Sexual Medicine,nan,nan,38.92164369818917,0,1/15/01,nan,{A.@@ UngkanungdechaC. Chayachind$aJ. VeeragulJ. Jisabai}
269,782541,eComment. EuroSCORE II - corrected in-hospital mortality rate in a modern cohort of patients undergoing cardiac surgery,English,nan,Interact Cardiovasc Thorac Surg,1569-9285,19,5,1/%14/01,733,{D. G. Nezic}
270,,The effect of a cervical lateral glide on the upper limb neurodynamic test: a blinded placebo-controlled investigation,nan,The Chartered Society of Physiotherapy Annual Congress and Exhibition: Defining Practice Friday October 17 to Sunday October 19 2003 International Convention Centre Birmingham.,nan,nan,0,0,1/3/01,10-Oct,
271,4394244.757036393,Thoracic Aortic Aneurysm: Reading the Enemy's Playbook,nan,Curr. Probl. Cardiol.,nan,-10475,,5,nan,203-277,{Elefteriades$ J.A.}
272,867207,Early predicting of blood component quality by Statistical Process Control,nan,Vox Sanguinis,nan,#0@@042-9007,568.1662523654334,,1/10/01,1298.3973247264612,{H. JungkW. MadlaV. SchottstedtT. Alt}
273,253149,nan,nan,nan,nan,0007-1250 1472-1465,,0,1/1/98,185-185,{A. S. LeeS. D??aviesP. C@@. Naik}
274,929971,A geographic analysis of chronically homeless adults before and after enrollment in a multi-site supported housing initiative: community characteristics and migration,nan,American Journal of Community Psychology,nan,0091%-0562#,,,1/11/01,3??41-51,{R. A. RosenheckJ. TsaiA. @@S. Ma%res}
275,470385,Fetal cleft lip and palate detection by three-dimensional ultrasonography,nan,Ultrasound Obstet. Gynecol.,nan,nan,57.282752307758784,4,nan,314-3%$20,{Lee W.Kirk J.S.Shaheen K.W.Romero R.Hodges A.N.Comstock C.H.}
276,,Substance Abuse and Trauma in Incarcerated Women,nan,nan,nan,nan,0,0,1/11/01,nan,{NCT01413984 }
277,113399,Use of Job Design to Reduce Mechanical Stress on the Back,nan,nan,nan,nan,0,0,1/1/89,323%-326,{D. W. Badger}
278,,nan,eng,Annual Abstract Supplement,nan,0016-5085,691.4901580224828,5,1/2/05,1314-#21,{Mark KernKaren DikemanBarbara GrandeMarta KazandjianTerilynn NitschkeStephanie DanielsBenson MasseyReza ShakerCaryn Easterling}
279,,A met%a-analysi%s of two genome-wide association studies identifies 3 new loci for alcohol dependence.,eng,nan,J Psychiatr Res,nan,224.9093401672859,,1/11/11,1419-2@@5,
280,,Crowdsourced Multimedia Enhanced Spatio-temporal Constraint Based on-Demand Social Network for Group Mobility,nan,Proceedings of the 23rd ACM international conference on Multimedia,nan,9$78-1-4503-34%59-4,0,0,1/15#/$01,761-762%,{Ahmad QamarMuhammad ShahidMd. Abdur RahmanAhmed LbathAkhlaq AhmadFaizan Ur RehmanAbdullah MuradBilal Sadiq}
281,56272,Impaired defa@@ult network functional connectivity in autosomal dominant Alzheimer dise#ase.,eng?%?,N?#?eurology,Neurology,1526-632X,426.16952820661334,8,8/20/13,736-44,{Virginia D BucklesAndrew J SaykinEric McDadeStephen P SallowayAaron P SchultzPeter R SchofieldRandall BatemanAdam M BrickmanNick C FoxJohn C MorrisJohn M RingmanChristopher C RowePaul ThompsonClifford JackBeau M AncesAllison M GoateRobert A KoeppeStephen CorreiaJasmeer P ChhatwalCaroline A SullivanAnne M FaganRichard MayeuxDaniel S MarcusTammie L S BenzingerKeith JohnsonReisa A SperlingChengjie Xiong}
282,737786,nan,nan,International Journal of Oral and Maxillofacial Surgery,nan,$0901-50??27,40,0,nan,nan,{R. R. M. BosE. W. HovingM. Wagemakers}
283,680306,Meta-analysis of the effects of sometribove zinc suspension on the production and health of lactating dairy cows.,en??g$,nan,J. Am. Vet. Med. Assoc.,nan,819.4986044459583,5,nan,550-64,{William W ThatcherNormand R St-PierreDale E BaumanJoseph S HoganK Larry SmithRobert J CollierGeorge A MillikenJan K Shearer}
284,53877,Journal of Health Communication : International Perspectives The Effect of an Internet-Based  Stage- Matched Message Intervention on Young Taiwanese Women ' s Physical Activity,nan,nan,nan,nan,0,0,1/14/01,37-41 DO  - 10.1080/10810730902805788,{Sheu-jen HuangMaiga ChangWen-chi HungJanie Chang}
285,504928,Azathioprine for multiple sclerosis,nan,nan,nan,nan,,4,nan,nan,{Ilaria CasettaGerardo Iuli$anoGraziella Filippini}
286,198650,Wound care,nan,nan,nan,nan,7,0,nan,27-32 ST  - Wound care-,
287,671386,Comparison between incidental malignant and benign breast lesions detected by computed tomography: a systematic review.,eng,Journal of medical imaging and radiation oncology,J Med Imaging Radiat Oncol,1754-9485,57,5,1/13/10,nan,
288,981412,Plant Kunitz proteinase inhibitor attenuates inflammation oxidative stress and remodeling induced by elastase in mice,nan,European Respiratory Journal,nan,nan,44,0,1/14/01,nan,{N. M. PinheiroR. Almeida-ReisL. OlivaM. A. MartinsM. L. V. OlivaO. A. Theodoro-JuniorE. A. LeickI. F. L. C. TibrioC. M. PradoR. F. RighettiB. T. M. Oliveira}
289,785472,nan,eng,PLoS One,PloS one,1932-6203,7,20.427396371880135,nan,e35061,{G. RahavG. Regev-YochayI. AbullaishA. ElhamdanyR. MalleyM. RazA. GoralY. RoytmanB. ShainbergM. VaronA. Ziv}
290,734077,Direct healthcare costs and cost-effectiveness of acute coronary syndrome secondary prevention with ticagrelor compared to clopidogrel: Economic evaluation from the public payer's perspective in Poland based on the PLATO trial results,En#g%lish,Kardiologia P??olska,nan,0022-9032,72,9,1/14/01,nan,{M. NiewadaJ. PaweskaA. BudajT. MaciochP. Perkowski}
291,,Changes in renal blood flow measured by radionuclide angiography following exhausting exercise in humans.,eng??,European journal of applied physiology and occupational physiology,nan,0301-5548,74,1,1/1/96,7-Jan,
292,743129,Hormonal and dietary characteristics in obese human subjects with and without food addiction.,eng,Nutrients,Nutrients,2072-6643,7,1,nan,223-38,{Pardis PedramGuang Sun}
293,392246,Importance of membrane materials for blood purification devices in critical care.,en$$g,Transfusion and apheresis science : official journal of the World Apheresis Association : official journal of the European Society for Haemapheresis,nan,1473-0502,40,1,nan,#$23-31,
294,4162114.5969921728,Myofascial trigger points: Spontaneous electrical activity and its consequences for pain induction and propagation,nan,Chin. Med,nan,1749-8546,6,0,nan,nan,
295,360147,nan,nan,nan,nan,1573-3955     1875-631X,7,13.403474560075708,1/11/01,435-442,{M. A. AlbaS. Prieto-GonzalezA. Garcia-MartinezM. C. CidM. ButjosaG. Espigo#l-FrigoleJ. Hernandez-Rodr#iguez}
296,670289,Quantitative assessment of the influence of common variations (rs8034191 and rs1051730) at 15q25 and lung cancer risk.,e??n$g,Tumour biology : the journal of the International Society for Oncodevelopmental Biology ??and Medicine,nan,nan,35,,1/14/03,2777-85,{Bin HuHong-ju MaoJing ZhaoYing HuangRong-huan YuChao Guan}
297,821702,nan,Eng#lish,CNS Drugs,nan,nan,20,6,1/6/01,477-505,{T. FoltynieR.A. BarkerS.J.G. LewisC.H. Williams-Gray}
298,188890,Incidence of multi-resistance in gram-negative aerobes from intensive care units of 10 German hospitals.,nan,Scandinavian journal of infectious diseases. Supplementum,Scand J Infect Dis Suppl,nan,78,-1,1/1/91,nan,{R AsangerP M ShahF M Kahan}
299,321660,Tuberculosis and high altitude. Worth a try in extensively drug-resistant tuberculosis?,English,nan,nan,nan,189,4,1/14/01,390-3,
300,427455,Cultural humility: essential foundation for clinical researchers.,eng,Applied nursing research : ANR,Appl Nurs Res,1532-8201,99.03198727472518,,1/13/11,251-6,{Katherine ??A Y$eagerSusan Bauer-Wu}
301,,Primary external fixation versus plaster immobilization of the intra-articular unstable distal radial fracture in the elderly,nan,Aktuelle Traumatologie,nan,nan,136.26766470667445,2,1/4/01,64-70,{J. OskamJ. H. HegemanJ. PalenH. J. DuisP. A. M. Vierhout}
302,2676523.9862231137,nan,English,JOURNAL OF CHEMICAL PHYSICS,J Chem Phys,nan,,8,1/7/01,84301,{D. A. TyurinV. A. BelovD. N. LaikovA. V. AkimovE. Y. Misochko}
303,704357,Clinical and radiological results of calcium phosphate cement-assisted balloon osteoplasty for Colles' fractures in osteoporotic senile female patients,nan,J Orthop Sci,Journal of orthopaedic science : official journal of the Japanese Orthopaedic Association,0949-2658 (Print) 0949-2658,15,2,1/10/01,nan,{A. SudoS. IshiguroK. Iida}
304,2659475.6022486454,Explosive power and asymmetry in leg muscle function in frequent fallers and non-fallers aged over 65,nan,nan,nan,nan,31,2,1/2/01,119-125 7p,{Ruther%ford OMKennedy JSkelton DA}
305,3106392.209433663,Anxiety and depression in patients with chronic obstructive pulmonary disease: an open agenda for research.,nan,Rev Med Chir Soc Med Nat Iasi,Revista medico-chirurgicala a Societatii de Medici si Naturalisti din Iasi,nan,118,,nan,nan,{Costin M.Dumbrav__ E.L.Postolache P.Cojocaru D.C.}
306,2879197.1352660432,Classification of autogenous skull grafts i??n cranial reconstruction,eng,J Okla State Med Assoc,nan,0030-1876 (Print) 0#030-18%76,86,7,1/1/93,327-32,{S. PelofskyP. D. H#unt#er}
307,,An Assessment of Voluntary Adolescent Mental Health Screening and Referral in a Children's Hospital Emergency Department,nan,nan,nan,nan,0,,nan,nan,{NCT00750412 }
308,1996697.210677296,Implementing participatory intervention and research in communities: lessons from the Kahnawake Schools Diabetes Prevention Project in Canada,English,Social Science and Medicine,nan,nan,,6,1/3/01,1295-1305,{T DelormierA C MacaulayM CargoA M McComberL Potvin}
309,,Bile acid metabolism by fresh human colonic contents: a comparison of caecal versus faecal samples.,nan,Gut,Gut,0017-5749,49,32.393796700165126,1/1/12,835-42,{R H DowlingG M MurphyP B HylemonG FrenchM J VeyseyL A Thomas}
310,2191397.237819163,The role of viral infe@@#ction in pulmonary exacerbations of     bronchiectasis in adults: a prospective study,E??ngl$ish,Chest,nan,nan,,,1/15/01,1635-1643,{Gao YHLin ZYZhang GJZhong NSChen RCGao YTang YLin ZMXu GLi HMGuan WJ}
311,452432,Feverfew (Tanacetum parthenium L.): A systematic review.,nan,nan,nan,nan,,,nan,nan,{NULL}
312,320139,Impact of second-line drug resistance on tuberculosis treatment outcomes in the United States: MDR-TB is bad enough,English,nan,nan,nan,,10,1/12/01,1??331-$4,{J. P. CegielskiS. P. Althomsons}
313,,Muscle variables of importance for physiological performance in competitive football.,ENG,European journal of applied physiology,Eur. J. Appl. Physiol.,1439-6327,-1,-1,8/15/10,nan,{Sebastien RacinaisOlivier GirardLars NyboMagni MohrMartin Thomassen}
314,3079166.90236994,Chapter 25 - Skin Manifestations of HIV Infection,nan,nan,nan,nan,0,0,1/3/01,nan,{Gary P. WormserAlvin E. Friedman-KienMiguel Sanchez}
315,699044.6884338142,Recurrent distal 16q duplication and terminal 22q deletion: prenatal diagnosis and genetic counseling,e??ng,nan,nan,nan,49,0,1/10/01,544-7 ST  - Recurrent distal 16q duplication and terminal 22q deletion: prenatal diagnosis and genetic counseling-,{D. D. TownC. P. ChenY. N. SuW. CN  - PubMed DA  - Dec DO  - 10.1016/s1028-4559(10)60117-9 DP  - NLM ET  - 2011/01/05 WangC. W. PanC. C. LeeF. J. TsaiP. C. WuM. C. Huang}
316,,Role of core-needle biopsy in thyroid nodules with initially nondiagnostic cytologic results.,eng%,Radiology,nan,1527-%1315,270,2,1/14/02,6??29%-30,{Qiao-Hong HuZhi-Liang HuangXiao-Ming FanShuang-Xi ChenXiang-Yang SongXiao-Ying Qiu}
317,776651,The endoplasmic reticulum-associated# VP7 of rotavirus is targeted to axons and dendrites in polarized neuron$s,English,Journal of Neurocytology,nan,nan,22,8,1/1/93,616-626,{K. KristenssonL. SvenssonH. B. GreenbergK. Weclewicz}
318,,Telemedicine in the management of chronic pain: a cost ??analysis study,nan,nan,nan,nan,56,8,$1/9/0@@1,590-6,{R. KernA. PronovostP. Peng}
319,623358,Moderation of cognition-intention and cognition-behaviour relations: a meta-analysis of properties of variables from the theory of planned behaviour.,eng,nan,Br J Soc Psychol,0144-6665,43,0,1/4/06,159-86,{Paschal SheeranRichard Cooke}
320,385940,Normalisation of left ventricular systolic function after change from VVI pacing to biventricular pacing in a child with congenital complete atrioventricular block long-QT syndrome and congenital muscular dystrophy: a 10-year follow-up.,nan,Cardiology in the young,Cardiol Young,1467-1107,121.08419387045215,3,1/14/06,520-3,{Jesper I ReimersSabrina G ElleseHenrik  Andersen}
321,,Esti??mating t%he Effect of Land Leases on Prices of Inner-city Apartment Buildings,nan,Urban Studies (Routledge),nan,nan,190.52851336111289,,1/3/01,2049,{Christian T. L. Janssen}
322,515254,Radiographic detection of artificially created horizontal root fracture using different cone beam CT units with small fields of view.,eng,Dento maxillo facial radiology,Den??tomaxillofac Radiol,0250-832X,42,13.89970663193094,nan,20120261,{S MuratH AvseverS Y_kselC S PaksoyB?? OnderK Kamburoglu}
323,674623,Pharmacological treat??ments for obsessive-compulsive disorder in children and adolescents: a qualitative review.,eng,Actas espaolas de psiquiatr_a,Actas Esp Psiquia$tr,1578-2735,,13.009425529141131,1/1??3#/05,196-203,{Angel Rosa-AlczarAna I Rosa-AlczarMarina Iniesta-Sep_lveda}
324,226419,Anterior approach unilateral right sacrospinous fixation for recurrent pelvic organ prolapse following multiple colorectal surgeries.,ENG,International journal of colorectal disease,Int J Colorectal Dis,1432-1262,-1,-1,7/@$@15/01,nan,{Enie Akhtar Bt NawawiAhlam M Al-KharabshehTsia-Shu Lo}
325,178078,A community-based trachoma survey: Prevalence and risk factors in the Tigray region of northern Ethiopia,nan,nan,nan,nan,13,0,1/6/01,173-181,{J. De La CameraM. M. MesfinA. M. KedirG. AmanualT. ArayaI. G. Tareke}
326,,Corneal collagen cross-linking for nonectatic disorders: A systematic review.,nan,nan,nan,nan,0,0,nan,nan,{NULL}
327,298570.7906289063,Multiple dural arteriovenous fistulas presenting as rapidly progressive dementia.,eng,The neurologist,Neurologist,1074-7931,,16.33792526077081,1/12/05,130-2,{Diana DuroAugusto GouloGon_alo SantosNuno Mendon_aIsabel SantanaEg_dio Machado}
328,1908188.6829211805,Methodological Review of the Quality of Reach Out and Read: Does It &quot;Work&quot;?,nan,nan,nan,nan,0,0,nan,nan,{NULL}
329,338547,New therapies in soft tissue sarcoma,nan,nan,Expert Opin Emerg Drugs,1744-7623,15,2,1/10/01,237-48,{Bruno VincenziDaniele SantiniGiuseppe ToniniAnna Maria Frezza}
330,438808,nan,nan,nan,nan,nan,0,0,nan,nan,{NULL}
331,352040,Usefulness of @@a Survey on Underage Drinking in a Rural American Indian Community Health C??linic,nan,American Indian and Alaska Native Mental Health Research: The Journal of the National Center,nan,1533-7731,20,2,1/13/??01,26-Jan,{Joel W. GrubeJuan A. LunaDavid A. GilderJennifer RobertsDaniel CalacCindy L. EhlersRoland S. Moore}
332,887131,Antidiabetic oral treatment in older people: does frailty matter?,eng,Drugs & aging,Drugs Aging,1179-1969,26,-1,nan,53-62,{Angela Marie AbbatecolaAndrea CorsonelloSilvia BustacchiniFabrizia LattanzioGiuseppe Paolisso}
333,182296,Body and Illness: Considering Visayan Filipino Children's Perspectives Within Local and Global Relationships of Inequality,nan,nan,nan,nan,25,0,1/6/01,331-373,{Aitken Alderson Anderson Aptekar Backett-Milburn Beazley Becker Bello Berman Billig Bluebond-Langner Borchgrevink Bucholtz Christensen Constantino Cornwall Dell Clark DiCarlo Diprose Douglas Downe Geissler Goodenough Hart James James Jocano Katz Koppitz L AguilarLisa M. Mitchell}
334,49847,[Dinggui Oil Capsule in treating irritable bowel syndrome with stagnation of qi and cold: a prospective multi-center randomized placebo-controlled double-blind trial],chi,nan,nan,nan,16.769735584593203,0,1/7/01,392-7 ST  - [Dinggui Oil Capsule in treating irritable bowel syndrome with stagnation of qi and cold: a prospective multi-center randomized placebo-controlled double-blind trial]-,
335,,Evaluation of technical quality of endodontic treatment--reliability of intraoral radiographs.,eng,Endodontics & dental traumatology,Endod %Dent Traumatol,nan,13,,nan,nan,{M EckerbomT Magnusson}
336,348813,Experience in one centre using the buttoned device for occlusion of atrial septal defect: comparison with the Amplatzer septal occluder.,eng,Cardiol Young,Cardiology in the young,1047-9511,10,15.942771678324595,9/1/00,527-33,{G VaksmannA VincentelliC FrancartM A CajotG M BrevireF GodartJ M CoulletP DevosC Rey}
337,,Consciousness coma and caring for the brain-injured patient.,nan,AACN Clinical Issues: Advanced Practice in Acute & Critical Care,nan,1079-0713,16,4,1/5/10,441-55,{Carmelo GraffagninoDaiWai M Olson}
338,22847.58078630145,Long-term outcome for immune suppression and immune related lymphoproliferative disorder: Prospective data from the United Kingdom Chil@@dren's Leukaemia and Cancer Group registry 1994-2004,nan,Leukemia and Lymphoma,nan,NCT00227591/ClinicalTrials.gov NCT00509899/ClinicalTrials.gov NCT00599547/ClinicalTrials.gov NCT00631462/ClinicalTrials.gov NCT00934544/ClinicalTrials.gov NCT00952289/ClinicalTrials.gov NCT01420770/ClinicalTrials.gov NCT01437787/ClinicalTrials.gov,,22.68840485450515,nan,842-848,
339,853676,Pulsed cyclophosphamide thalidomide and dexamethasone: an oral regimen for previously treated patients with multiple myeloma.,eng,The hematology journa@@l : the official j@@ournal of the European Haematology Association / EHA,Hematol. J.,nan,15.212784762741398,2,1/4/01,112-7,{Meletios A DimopoulosNikolaos AnagnostopoulosMarkela P ZorzouAthanasios AnagnostopoulosEleni EfstathiouChristos PoziopoulosGeorge HamilosVassiliki GrigorakiDimitra GikaAthanasios ZomasIrini Xilouri}
340,556116,A controlled trial of anterior spinal fusion and dbridement in the surgical management of tuberculosis of the spine in patients on standard chemotherapy: a study in two centres in South Africa. Seventh Report of the Medical Research Council Working Party on tuberculosis of the spine,nan,nan,nan,nan,59,2,nan,79-105,{NULL}
341,2996300.5164928474,Stress across the life course and depression in a rapidly developing population: the Guangzhou Biobank Cohort Study.,ENG,International journal of geriatric psychiatry,Int J Geriatr Psychiatry,1099-1166,1,-1,9/15/10,nan,{Stephen E GilmanChaoqiang JiangKar Keung ChengC Mary SchoolingTai Hing LamMichael Y NiGabriel M LeungWeisen Zhang}
342,540850,Glucocorticosteroid treatment of vasogenic oedema,eng,nan,Acta neurochirurgica. Supplementum,nan,43,,1/1/88,145-8,{W. BodschT. Rommel}
343,465756,Non-surgical treatments for anal fissure in adults.,nan,nan,nan,nan,0,,nan,nan,{NULL}
344,762269,Spontaneous pneumomediastinum in a healthy adolescent.,nan,Acta Clin. Croat.,nan,0353-9466,,19.014090018964836,1/9/09,461-7,{Renata Vrsalovi_Eva VeronaIva Mihatov-Stefanovi_Biserka Cicak}
345,,Pharmacotherapy for inherited colorectal cancer. [Review] [42 refs],nan,nan,nan,nan,0,,nan,nan,{NULL}
346,4371870.438962033,The vascular depression hypothesis: The influence of age on the relationship between cerebrovascular risk factors and depressive symptoms in community dwelling elders,nan,nan,nan,1360-7863,9,9.335733462665136,1/5/01,146-152,{S. A??. MurrellB. T. MastA. R. ??Azar}
347,621415,The link between smoking and impotence: two decades of evidence.,eng,Supplement: Active Living Research - Niche to Norm,nan,nan,32,6,1/1/06,447-52,{N D OsgoodT O Tengs}
348,633877,Stapled haemorrhoidopexy for the treatment of haemorrhoids: a systematic review.,eng,Colorectal dise??ase : the official journal of the Association of Coloproctology of Great B??ritain and Ireland,Colorectal Dis,1462-8910,11,3,1/9/03,233-43; discussion 243,
349,756208,Rapid diagnosis of Mycobacterium tuberculosis infection in children using interferon-gamma release assays (IGRAs).,nan,Allergy and asthma proceedings : the official journal of regional and state allergy societies,nan,1539%-6304@@,33,3,1/12/05,217-26,{Barbara ZeligsStephen M PetersOnorina Di MitaShahla RiaziHenry YeagerGerman A BenavidesJoseph A Bellanti}
350,97853,L2 spinal nerve-block effects on acute low back pain from osteoporotic vertebral fracture,eng,nan,nan,nan,10,8,1/9/01,870-5,{S. OritaM. TakasoS. OhtoriS. KishidaG. InoueM. SuzukiK. YamauchiN. OchiaiM. YamashitaY. EguchiK. Takahashi}
351,720775,nan,English,nan,nan,0020-7640,58,2,1/12/0#1,195-203,{S. SakamotoY. Okum%ura}
352,294439,Alcohol-related road traffic injuries in Eldoret Kenya,nan,East African Medical Journal,nan,0012-835X,75,12,1/%1/98#,nan,{W Odero}
353,375430,A study of the clinicians approach to patients' driving status in the memory clinic setting,English,nan,nan,nan,30,0,1/15/01,nan,{M. ThomasE. FairholmeN. NicholsM. George}
354,2674952.510731509,Frequency of CDH1 germline mutations in gastric carcinoma coming from high- and low-risk areas: metanalysis and systematic review of the literature.,nan,Bmc Cancer,nan,1471-2407,57.504420179182155,-1,1/12/01,30.060053427142492,{Franco RovielloDaniele MarrelliCarla VindigniValer??ia PascaleGiovanni Corso}
355,4457455.118042251,nan,eng,nan,J Anesth,1438-8359,121.95921332694444,4,1@@/15/08,627-30,{Michiko OsudaSatoshi KazumaMichiaki YamakageShunsuke TachibanaTomo Hayase}
356,231182,The change in eating disorder symptoms scale: Scale development and psychometric properties,nan,Eating Behaviors,nan,nan,57.99013565874294,3,nan,131-137,{D. L. Spangler}
357,900829.8999510384,Detecting and monitoring the symptoms of Parkinson's disease using smartphones: A pilot study.,nan,Parkinsonism & related disorders,Parkinsonism Relat. Disord.,1873-5126,1,-4.253740585862327,7#/15/03#,nan,
358,3337140.075994053,Osteoid osteoma in a 16-year-old boy presenting with atrophy of the left thigh: diagnostic difficulties.,eng,Turk. J.@@ Pediatr.,nan,0041-4301,50,4,1/#8/@@07,373-6,{Akin Uz_mc_gilMeral Top_uM Fani BozkurtSinem Akg_l}
359,704812,nan,@@eng,nan,nan,nan,108,6.853902231182767,nan,149-57,{R. McCandlishS. PetrouJ. HendersonL. Kumiega}
360,203084,Specific collaborative group intervention for patients with medically unexplained symptoms in general practice: A cluster randomized controlled trial,nan,nan,nan,-4928,,2,nan,106-119,{Sauer N.Szecsenyi J.Faber R.Guthrie E.Schaefert R.Herzog W.Boelter R.Wild B.Kaufmann C.Schellberg D.}
361,81959,Disruption of the gastroesophageal junction by central obesity and waist belt: role of raised intra-abdominal pressure.,nan,Diseases of the esopha$gus : official journal of the International Society for Diseases of the Esophagus / I.S.D.E,Dis. Esophagus,1442-2050,-1,,nan,nan,{Y Y LeeK E L McColl}
362,,[Perineal regional anaesthesia: indications in gynaecologic and proctologic surgery and in obstetric],nan,Ann Fr Anesth Reanim,Annales francaises d'anesthesie et de reanimation,0750-7658,25,11,1/6/01,1127-33,{F. BolandardM. BonninP. DubandJ. E. BazinJ. P. Mission}
363,291020,Effects of a three-month combined training program on the cardiopulmonary and muscle strength capacities of type 2 diabetic subjects.,eng,nan,nan,0022-4707,240.6168334726972,1,1/13/02,56-64,{O SerresseC Boudreau-LariviereS GrelierR Zory}
364,408188,Unique monoclonal antibodies specifically bind surface structures on human fetal erythroid blood cells.,eng,Experimental cell research,Exp. Cell Res.,1090-2422,319,17,1$0/$15/13,Jul-00,{Silke ZimmermannStefan A StachelhausChristiane Hollmann}
365,283460,nan,nan,Journal #of Substance Abuse Treatment,nan,nan,166.0828035028968,4,%1/12/0#1,458-462,{Marc N. GourevitchJennifer McNeelyDavid StevensJohn RotrosenEllie GrossmanLaura HubenMarc ManseauJoshua D. Lee}
366,563505,nan,eng,BioMed research international,Biomed Res Int,2314-6141,11244.560560895794,-1,1/14/01,316272,{Valeria PanebiancoFlavio Barchetti}
367,761676,nan,nan,Mu%lticultural Ed#ucation & Technology Journal,nan,nan,3,3,1/9/01,182-195,{Prem RamburuthMassimiliano Tani}
368,4394126.394675623,[Changes in plasma concentrations of human hepatocyte growth factor before and after major intra-abdominal surgery under nitrous oxide-sevoflurane anesthesia].,jpn,JPN. J. ANESTHESIOL.,nan,0021-4892,43,,10/1/94,nan,{H FukudaH KasudaJ SaitohH@@ MitsuhataY HirabayashiK SaitohR Shimizu}
369,,Surgical treatment of pathologic fractu@@res o#f humerus,nan,Injur$y,Inju$%ry,0020-1383,41,62.401670627448816,1/10/01,nan,{B. RossiA. PiccioliG. MaccauroL. ScaramuzzoF. FrenosR. Capanna}
370,313030,Balancing Identity Motivation and Internal Dialogue in the Making of Solos: Conquering the High Wire,E@@nglish@@,International Journal of Qualitative Studies in Education (QSE),nan,36757216.517755575,,6,1/11/01,nan,{Carey E. Andrzejewski}
371,885384,Modification of aspects of the endocrine response to tracheal intubation by lignocaine halothane and thiopentone.,eng,BR J ANAESTH,nan,0007-0912,56,3,3/1/84,239-4@@6,{O WidholmA M LehtinenJ Hovorka}
372,361906,Fluid resuscitation in sepsis: a systematic review and network met$a-analysis.,??eng$,Annals of internal medicine,Ann. Intern. Med.,1539??-#3704,,5,nan,347-55,{Waleed AlhazzaniLehana ThabaneDeborah J CookWojciech SzczeklikAnees SindiQi ZhouSultan AltayyarAnna WludarczykGordon H Guyatt[Collective Name] Fluids in Sepsis and Septic Shock GroupMichael WangGuowei LiRoman JaeschkeDiane Heels-AnsdellAlison Fox-RobichaudBram RochwergFayez AlshamsiWang-Chun IpDjillali AnnaneLawrence Mbuagbaw}
373,180827,CO2 emission inventories for Chinese cities in highly urbanized areas compared with European cities,nan,Energy Policy,nan,0301-4215,47,0,1/12/01,nan,{W. YuR. PaganiL. Huang}
374,2925286.0407284764,Measuring the value of research data: a citation analysis of oceanographic data sets,English,nan,nan,nan,9,0,nan,nan,{C. W. Belter}
375,894502,Trends in the quality of data from 5168 oligonucleotide microarrays from a single facility,nan,J%ournal of Biomol@@ecular Techniques,nan,nan,16,,1/5/01,143-153,{David B. Fink$e%lstein}
376,793410,Nomogram to predict anastomotic leakage after laparoscopic anterior resection with intracorporeal rectal transection and double-stapling technique anastomosis for rectal cancer.,eng,Hepato-gastroenterology,Hepatogastroenterology,0172-6390,61,133,1/14/07,1257#-61,{Qiang HuangYang WuZhi Qiang ZhuWei LiangFeng ShaoHan Hui Yao}
377,3694964.7411934016,Cervical occupational hazards in ophthalmic plastic surgery,Eng@@lish,Cur@@rent Opinion in Oph$thalmology,nan,nan,,5,1/15/01,392-@@398,{A.D. NimbarteJ.A. Sivak-CallcottaC.A. Mancinelli}
378,632040,Association between proton pump inhibitor therapy and clostridium difficile infection: a contemporary systematic review and meta-analysis.,eng,PLoS% One,PloS o$ne@@,1932-6203,7,12,1/12/01,nan,{Talal IbrahimMohamad Al TannirImad M TleyjehAbed AllehibiMusa A GarbatiAbdur Rahman KhanMuhammad RiazAlex J SuttonLarry M BaddourFaisal A AlasmariMushabab AlGhamdiAref A Bin AbdulhakPatricia J Erwin}
379,752280,nan,nan,J Toxicol Environ Health,nan,nan,49,4.974422604107633,1/1#/96#,9-Jan,
380,716594,nan,nan,nan,nan,nan,7,5,1/4/01,nan,{NULL}
381,919751,Bronchial mucus transport velocity in patients receiving propofol and remifentanil versus sevoflurane and remifentanil anesthesia.,eng,Anesthesia And Analgesia,nan,1526-7598,102,5,1/6/05,1427-30,
382,60309,The pathogenesis of normal pressure hydrocephalus: a theoretical analysis.,eng,%Bulletin of mathemati#cal biology,Bull. Math. Biol.,00%92#-8240,61,5,9/1/99,875-916,{D N Levine}
383,2413615.982717057,[Clinical characteristics in non-symptomatic infants with tuberculosis whose diagnostic clue was regular tuberculin skin test prior to BCG vaccination].,jpn,Kekkaku : [Tuberculosis],Kekkaku,nan,80,31.905274745102872,1/5/08,565-9,{Shinya KondoTomoo Miyagawa}
384,261329,Abstracts from the ASENT 14th Annual Meeting,nan,nan,nan,nan,9,3,1/12/01,nan,{NULL}
385,615903,Cost-effectiveness of interventions promoting physical activity.,??e$ng,nan,Br J Sports Med,1473-0480,43,1,1/%9/01,Jun-70,{T ReinholdF M_ller-RiemenschneiderS N Willich}
386,169524,Characterizing the sources range and environmental influences of radon 222 and its decay products,nan,The Science of the total environment,Sci. Total Environ.??,1879-1026,45,0,nan,233-44,
387,,Spatial measures associated with stair use,nan,nan,nan,nan,21,,1/7/01,nan,{Bafna Bassler Blarney Coleman Hillier Kerr Kerr Kerr Livingston Marshall Pauls Peponis Pikora Stokols Templer Zimring AndersenGayle Nicoll}
388,,nan,nan,nan,nan,nan,21,3,1/5/01,239-244 6p,{Durstine JLMayo KMartin SLKirkner GJMatthews CEHebert JR}
389,1874619.7318177049,Attitudes of physicians regarding anticoagulation for atrial fibrillation: a systematic review. [Review],nan,nan,nan,nan,,,nan,nan,{NULL}
390,788729,Impact of clinical pharmacist intervention on diabetes-related outcomes in a military treatment facility,eng,Ann P$harmaco??ther,The Annals% of pharmacotherapy,1060-0280,46,15.920596592002946,#1/12/0%1,353-7,{C. S. Berry-CabanL. BowersS. Wallgren}
391,2232773.824760561,Usefulness of US cost-of-illness studies in healthcare decision making.,eng,PharmacoEconomics,nan,1170-7690,19,2,1/1/01,2@@07-13,{D J BrunoB S BloomR JayadevappaD Y Maman@@}
392,112716,Diabetes incidence in Pima indians: contributions of obesity and parental diabetes.,eng,American Journal of Epidemiology,Am.J.Ep@@id#emiol.,Feb-62,113,2,2/1/81,144-56,{W C KnowlerP J SavageP H BennettD J Pettitt}
393,881020,[Laparoscopic appendecto%my after ??the learning curve].,spa,Cirug_a Peditrica: Organo Oficial De La Sociedad Espaola De Cirug_a Peditrica,Cir Pediatr,0214-??1221,106.89937636771016,3,1/8/07,167-72,{J AranaE RezolaA VillanuevaM I IntxaurrondoM SuolI EizaguirreJ Garay}
394,605643,[The effect of shift work on the health of workers: a systematic review].,por,O papel dos profissionais de saude em casos de violencia domestica: um relato de experiencia.,nan,0102-6933,,4,1/8/12,639-46,{Eunice Fabiani HillesheinLiana LautertKarine Kummer Gemelli}
395,5782,Oral dimenhydrinate versus placebo in children with gastroenteritis: A randomized controlled trial,nan,Pediatrics,nan,nan,716.0351299602768,20.354593672099487,1/12/01,1050-1055,{S. GouinJ. GravelM. RoyD. LebelT.-T. Vo}
396,,nan,en@@g,nan,Postgrad Med J,1469-0756,88,1042,1/12/08,437-42,{Julia Dawn JonesTouran Heidi KeenPeter Sze Chai WongReza AshrafiOmer KhanzadaDerek Richard RobinsonUpul Wickramarachchi}
397,343395,Comprehensive multidisciplinary patient assessment and selection before TAVI procedure.,eng,Minerva cardioangiologica,Minerva Cardioangiol,1827-1618,62,2,1/14/04,177-91,{A RezqD CovelloC GodinoM MontorfanoA Colombo}
398,4076044.9319836656,Early thoracic sympathetic block improves the treatment effect for upper extremity neuropathic pain,eng,Anesthesia And Analgesia,Anesth Analg,1%526-759#8,,3,1/@@11/01,nan,{Pyung Bok LeeFrancis Sahngun NahmHyung Seok YooChul Joong Lee}
399,,Coping with arthritis using safer herbal options,nan,Int. J.  Pharmcy Pharm. Sci.,nan,0975-1491,2,1,nan,11-Jan,{Patwardhan S.K.Bodas K.S.Gund??ewar S.S.}
400,34517,Identification of a novel missense (C7W) mutation of SOD1 in a large familial amyotrophic lateral sclerosis pedigree.,#en#g,Neurobiolo????gy of aging,nan,nan,35,3,1/14/03,nan,{Zhongsheng SunHuajing TengTao CaiXusheng HuangPing YuFang CuiZhaohui ChenFengbiao MaoWanshi CaiZhanjun WangLin ChenJiesi Wang}
401,,Secondary prophylaxis for rheumatic fever: simple concepts difficult delivery,$??eng,World J Pediatr Congenit Heart Surg,nan,2150-1351 (Print)     2150-1351,22.299682971769975,4,nan,380-4,{N. Wilson}
402,32426,nan,eng,nan,Am. J. Vet. Res.,19@@43-5681,75,2,nan,nan,{Akikazu IshiharaMaxey L WellmanAndrea R BarnabaAlicia L BertonePeter M KanterRebecca A SchwarzeMichael L SchmallRon L GenoveseLisa J ZekasKatharine B Lewis}
403,722451,nan,English,Supply Chain Management,nan,13598546,19,4,1/14/01,1574.9813266629344,
404,318542,Pneumonia and encephalopathy in a patient with progressing Parkinson's disease and dementia,nan,Critical Care Nursing Quarterly,nan,nan,,,1/12/01,nan,{S. LivesayS.D. Ruppert}
405,,A meta-analytic review of exposure in group cognitive behavioral therapy for posttraumatic stress disorder.,eng,Clinical psychology review,nan,1873-7811$,189.43657098760048,1,%1/13/0@@2,24-32,{R F HofsteinJ M MottT L BarreraE J Teng}
406,854232,Clinical and pharmacologic phase I study of Cemadotin-HCl (LU103793) a novel antimitotic peptide given as 24-hour infusion in patients with advanced cancer. A study of the Arbeitsgemeinschaft Internistische Onkologie (AIO) Phase I Group and Arbeitsgruppe Pharmakologie in der Onkologie und Haematologie (APOH) Group of the German Cancer Society.,eng,ANN. ONCOL.,nan,0923-7534,9,47.112016760286224,1$2/1/98,1323-30,{H H FiebigK MrossR VelagapudiW E BerdelC UngerI M von Broen}
407,2842,Non-steroidal anti-inflammatory drugs and the risk of cardiovascular diseases: are we going to see the revival of cyclooxygenase-2 selective inhibitors?. [Review] [23 refs],nan,Polskie Archiwum Me$dycyny Wewnetrznej,nan,nan,119,4,1/9/04,23??1-5-,{P. GluszkoA. Bielinska}
408,789057,VY levator lengthening to treat upper eyelid retraction.,eng,Journal of plastic reconstructive & aesthetic surgery : JPRAS,J Plast Reconstr Aesthet Surg,1878-0539,66,7,1/13??/07,1005-7,{Kenichi KokuboTaro KamisasanukiKengo HayashiKenichiro KasaiNobutada Katori}
409,1081226.1482592814,No need for routine closed suction drainage in elective arthroplasty of the hip: a prospective randomized trial in 104 operations,nan,nan,nan,nan,75,0,1/@@4$/01,30-33 ST  - No need for routine closed suction drainage in elective arthroplasty of the hip: a prospective randomized trial in 104 operations-,{A. G. Del%la ValleM. ButtaroG.% SlullitelR. VestriF. CombaF. CN  - CINAHL_postop_care_150220 DB  - c8h DP  - EBSCOhost Piccaluga}
410,970712,[Glycosylated hemoglobin and glycosylated proteins for metabolic control of diabetes mellitus],German,Wiener Medizinische Wochenschrift,nan,nan,147,15,1/1/97,359-61,{W. J. SchnedlR. W. LippG. Leitner}
411,161630,Continuation of metformin reduces early pregnancy loss in obese Pakistani women with polycystic ovarian syndrome,eng,nan,nan,nan,,0,nan,184-9 ST  - Continuation of metformin reduces early pregnancy loss in obese Pakistani women with polycystic ovarian syndrome-,{J. DO  - 000268051 [pii] 10.1159/000268051 [doi] DP  - Nlm ET  - 2009/12/24 RizviF. H. Nawaz}
412,2548847.250584043,Critique that! Analytical Writing Assignments in Advanced Mathematics Courses,nan,PRIMUS@@,nan,nan,16,3.080230018724386,1/6/$03,1#5-Jan,{Reva Kasman}
413,891722,Why What We Teach Depends on When: @@Grade and Reading Intervention Modality Moderate Effect Size.,nan,Developmental Psych#ology,nan,0012-1649,46,,1/10/11,1556-1579,{Sebastian Paul Suggate}
414,54613,Evaluation of an Internet Support Group for Women with Primary Breast Cancer,nan,nan,nan,nan,0,0,1/1/00,1164-1173 DO  - 10.1002/cncr.11174,{Andrew J WinzelbergHeidi RobertsC Barr TaylorCatherine ClassenHeidemarie ErnstCheryl KoopmanRobert E AdamsGeorg W AlpersParvati DevD Ph}
415,2074966.3260206012,Interleukin-28B polymorphisms on the SVR in the treatment of naive chronic hepatitis C with pegylated interferon-alpha plus ribavirin: A meta-analysis.,nan,nan,nan,nan,0,0,nan,nan,{NULL}
416,19086,Phase angle for prognostication of survival in patients with advanced cancer: Preliminary findings.,eng,Cancer,nan,1097-0142,120,,7/15/14,2207-14,
417,852213,Safety and efficacy of weekly nab_-paclitaxel in combination with carboplatin as first-line therapy in elderly patients with advanced non-small-cell lung cancer.,nan,Annals of oncology : official journal of the European Society for Medical Oncology / ESMO,Ann Oncol,1569-80#41,24,2,1/13/02,nan,{C J LangerJ OrsiniJ K HonS R DakhilM F RenschlerR D PageV HirshH ZhangI OkamotoM A Socinski}
418,2318563.369157427,Lessons learned and not learned from the SUPPORT project.,eng,PALLIATIVE MED.,nan,0269-2163,13,2,3/1/99,Mar-91,{J M Teno}
419,893664,Role of N-acetylcysteine in prevention of contrast-induced nephropathy after cardiovascular procedures: a meta-analysis,eng,Clinical cardiology,nan,0160-9289,154.56721052374618,11,1/4/01,607-10,{Deepika and Leibowitz Keith and Gowda Ramesh M. and Shapiro Michael and Khan Ijaz A. Misra}
420,,Impact of hepatitis C on survival in dialysis patients: A link with cardiovascular mortality?.,nan,nan,nan,nan,0,0,nan,nan,{NULL}
421,838034,Clinical course of neuropathologically confirmed frontal-variant Alzheimer's disease,nan,nan,nan,174#5-834X     1745-8358,,4,1/8/01,nan,{A@@.U. MonschM. TolnayK.I. TaylorA. ProbstA.R. Miserez}
422,,S@@moking and oral cancer.,eng,Jou$rnal of dental research#,J. Dent. Res.,0022-0345,42,-1,1/1/63,328-39,{J J SALLEY}
423,274083,Risk profiles among adolescent nonmedical opioid users in the United States,nan,Addictive B@@ehaviors,nan,0@@306-4603,37,8,1/12/01,974-7,{B. E. PerronQ. FuL. T. WuM. G. Vaughn}
424,784224,Prolonged early antibiotic use and bronchopulmonary dysplasia in very low birth weight infants,eng,nan,nan,0735-1631,32,1,1/15/#01,Aug-43,
425,260769,Practicability and patients' subjective experiences of low-dose spinal anaesthesia using hyperbaric bupivacaine for transanal surgery,nan,nan,nan,nan,,0,1/9/01@@,827-836,{M. D. SchmittnerA. JankeD. G. BussenG. C. BeckC. Weiss}
426,592831,Discontinuing penicillin prophylaxis in children with sickle cell anem$ia. Prophylactic Penicillin Study II,nan,nan,nan,nan,,5,1/1/95,685-90,{R. V. IyerG. M. WoodsE. VichinskyT. R. KinneyJ. I. VerterS. T. MillerC. T. HolbrookC. H. PegelowJ. M. FallettaG. R. Buchanan}
427,464911,Dose optimization of infliximab in patients with rheumatoid arthritis.,nan,nan,nan,nan,0,,nan,nan,{NULL}
428,,[Autologous stem cell therapy with surgical myocardial revascularization].,tur,Anadolu kardiyoloji dergisi : AKD = the Anatolian journal of cardiology,Anadolu Kardiyol Derg,1308-0032,,6,1/9/12,4??65-6,{Serkan DurduAhmet R__han AkarG_nseli Cubuk_uolu Deniz}
429,,THE BRITISH MEDICAL ASSOCIATION.: SEVENTY-EIGH@@TH ANNUAL MEETING IN LONDON,nan,The Lancet,nan,nan,176,4537,8/13/10,468-4%93,{NULL}
430,,nan,nan,nan,nan,nan,78,4,1/1/97,373-378,{K. TamakiA. G. C_larS. BeyrerH. Aoki}
431,,A conservative treatment protocol of acute lumbosacral radiculopathy syndrome for general practitioner and physical therapist [Dutch],nan,Nederlands Tijdschrift Voor Fysiotherapie,nan,0377-208X,110,1,1/1/00,5-Feb,{R F CastienJ van Wagenberg}
432,53319,Intraoperative stability testing of lateral-entry pin fixation of pediatric supracondylar humeral fractures,eng,nan,nan,nan,,6,1/7/01@@,695-702,{N. SmithB. MilneM. ZeniosM. RamachandranD. Little}
433,5517328.001555527,Myocardial scar differences between polymorphic and monomorphic ventricular events in ischemic cardiomyopathy: A contrast-enhanced magnetic resonance imaging,nan,European Heart Journal,nan,nan,127.4266514895714,0,1/11/01,94-95,{W. RottbauerV. HombachS. StillerP. BernhardtD. Walcher}
434,972821,Genetic and phenotypic determinants of blood pressure and other cardiovascular risk factors (GAPP),nan,Swiss Medical Weekly,nan,nan,143,,1/13/01,nan,{W. FrehnerS. AeschbacherL. RischT. SchonM. RischG. PareD. Conen??}
435,587024,gamma-tocopherol the major form of vitamin E in the US diet deserves more attention,eng,Am J Clin Nutr,The American journal of clinical nutrition,Feb-65,74,6,nan,714-22,{S. ChristenQ. JiangB. N. AmesM. K. Shigenaga}
436,49274,Randomized double-blind placebo-controlled trial of the 5-HT1A receptor antagonist AZD7371 tartrate monohydrate (robalzotan tartrate monohydrate) in patients with irritable bowel syndrome,eng,nan,nan,nan,103,0,1/8/01,2562-9 ST  - Randomized double-blind placebo-controlled trial of the 5-HT1A receptor antagonist AZD7371 tartrate monohydrate (robalzotan tartrate monohydrate) in patients with irritable bowel syndrome-,{J. NaesdalM. DanilewitzJ. AdlerD. G. DA  - Oct DO  - 10.1111/j.1572-0241.2008.02115.x DP  - NLM ET  - 2008/09/09 SilbergC. HwangD. A. Drossman}
437,,The impact of orthodontic treatment on the quality of life a systematic review.,nan,BMC Oral Health,BMC oral health,1472-6831,14,1,??1/14/01,279.1910463372007,{Yi WangYu ZhouRongDang HuXiuYing WangGerald Volire}
438,858569,Phenotypic analysis of misato function reveals roles of noncentrosomal microtubules in Drosophila spindle formation,English,JOURNAL OF CELL SCIENCE,J Cell Sci,nan,124,0,nan,nan,{M. GattiS. BonaccorsiV. Mottier-PavieF. VerniG. Cenci}
439,,nan,nan,Respirology,nan,nan,,,1/15/01,36,{I. YangJ. StonestreetP. CollinsP. Masel}
440,,Effective combination chemotherapy with paclitaxel and cisplatin with or without human granulocyte colony-stimulating factor and/or erythropoietin in patients with advanced gastric cancer.,eng,BR. J. CANCER,nan,0007-0920,,12,6/17/02??,1858-63,{M RadererC GedlickaA LenauerD DepischW ScheithauerB SchneeweissW FiebigerF LangG V KornekB Sch_ll}
441,743989,A case of delirium triggered by sub-clinical seizures,nan,J. A??m. Geriatr%. Soc.,nan,14-Feb,,0,nan,S223,{Ahmad A.S.}
442,71263,Intra-mandibular adenoid cystic carcinoma.,eng,Revue de stomatologie de chirurgie maxillo-faciale et de chirurgie orale,Rev Stomatol Chir Maxillofac Chir Orale,2213-6541,572.3790474019122,2,1/14/04,100-4,{N ZwetyengaA BouaichiS Aimad-EddineB EllaX-A Mommers}
443,111970,Why is functional capacity decreased in hypertensive patients? From mechanisms to clinical studies.,eng,Journal of cardiovascular medicine (Hagerstown Md.),J Cardiovasc Med (Hagerstown),1558-2035,15,18.37583792983235,1/14/06,447-55,{Branislava IvanovicMarijana Tadic}
444,941646,Personality profile and exercise dependence,nan,nan,nan,1592-1107,13,3,nan,400-405,{A. StumpoG. PalmieriM. F. PantusaM. MarascoV. Fuoco}
445,397190,Say yes? Say no?,nan,Consumer Reports on Health,nan,1058-0832,19,10,nan,??3-Mar@@,{NULL}
446,,Prevalence of Masked Hypertension in African Americans.,ENG,Journal of clinical hypertension (Greenwich Conn.),J Clin Hypertens (Greenwich),1751-7176,-1,-1,10/2$0/14,nan,{Frances WilliamsAlehegn GelayeSusan SteigerwaltYara DaloulHadeel AssadTimothy R LarsenBarryton WaanbahMichael Williams}
447,308738.98289643286,Differences of inter-tract correlations between neonates and children around puberty: a study based on microstructural measurements with DTI.,eng,Frontiers in human neuroscience,nan,1662-5#16$1,7,-1,nan,721,{Gaolang GongHua ChengYong HeQi DongHao HuangVirendra Mishra}
448,911271,Electrocardiogram QRS detection using multiscale filtering based on mathematical morphology,English,nan,nan,1557-170X,11945.317682616977,0,1/7/01,3196-3199,{Department of Electrical F. ZhangElectrical Department ofNational Computer EngineeringSingapore Email elezf nus edu sg University of SingaporeSingapore National University of SingaporeF. ZhangEngineering ComputerAddress CorrespondenceY. LianAddresses Author}
449,565528,Barriers and facilitators to implementing electronic prescription: a systematic review of user groups' perceptions.,eng,Journal of the American Medical Informatics Association : JAMIA,nan,1527-974X,21,3,1/14/05,535-41,{Marie-Pierre GagnonClaude Sicotte_dith-Romy NsangouSonya GrenierJulie Payne-Gagnon}
450,951143,Cystic fibrosis: cost of illness and considerations for the economic evaluation of potential therapies,eng,Pharmacoeconomics,nan,nan,,14,1/3/01,1001-24,{T. WelteR. BusseN. JalilvandC. Krauth}
451,658707,Working memory short-term memory and reading disabilities: a selective meta-analysis of the literature.,eng,Journal of le#??arning disabilities,J Learn Disabil,0022-2194,207.43593673011577,3,1/9/05,260-87,
452,84905,Hypothalamic obesity in children.,eng,Obesity reviews : an official journal of the International Association for the Study of Obesity,Obes Rev,1467-789X,13,9,%1/12/09#,780-98,{A BereketZ HochbergY YavuzH L MullerR H LustigR WeissW KiessA P Goldstone}
453,891370,Health literacy diabetes self-care and glycemic control in adults with type 2 diabetes,eng,Diabetes t%echnology & therapeutics,Diabetes Technol. Ther.,1520-9156,12,11,1/10/01,913-9,{Chandra Y. and Bains Sujeev S. and Egede Leonard E. Osborn}
454,697286,Central corneal melting associated with reformulated generic diclofenac in a patient with inferior fornix foreshortening.,eng,Ophthalmology and eye diseases,$Ophthalmol$ Eye Dis,1179-1721,3,0,1/11/01,nan,{Cameron Campbell Johnson}
455,819701,Heart rate and blood pressure responses of left-handers and right-handers to autonomic stressors,English,In??dian Journal of Physiology and Pha#rmacology,nan,0019-5499,,4.581757061103072,1/4/01,31-40,{M.B. DikshitS. RajeD.S. JajuV.R. Purandare}
456,855099,[The use of intravascular nitinol stents in the treatment of subclavian vein compression for thoracic outlet syndrome].,pol,Nowoczesne biomateria_y jako opatrunki hemostatyczne w chirurgii oszczedzajacej miazsz nerki--model zwierzecy. Doniesienie wstepne.,nan,0370-0747,37,,1/7/01,May-51,{Przemys_aw P SzyberArtur PupkaPiotr SzyberJerzy Garcarek}
457,,Primary head and neck can#cers in @@North -Western Nigeria,eng,nan,nan,nan,28,4,1/9/??01,227-33,
458,226966,Vaginal incisional wound healing in a rabbit menopause model: a histologic analysis.,eng,International urogynecology journal,Int Urogynecol J,1433-3023,102.39725347192947,12,1/12/12,1763-9,{Roge??r P GoldbergYoram AbramovBarbara GoldenPeter K SandMegan Sullivan}
459,4284938.40057816,A??cute and Persistent Postoperative Pain after Breast Surgery,nan,nan,nan,nan,10,4,1/9/01,70$8-715??,{N. Klauber-DeMoreK. FechoN. R. MillerW. S. BlauS. A. MerrittC. S. Hultman}
460,811354,The role of transforming growth factor-beta-mediated tumor-stroma interactions in prostate cancer progression: An integrative approach,nan,Cancer Research,nan,nan,69,67.85702218663951,nan,7111-7120,
461,323305,nan,nan,Revista latino-americana de enfermagem,Rev Lat Am Enfermagem,nan,95.01009931991857,5.3896447673078445,1/12/01,101-10@@8,{Luiza Akiko Komura HogaAna Luisa Zaniboni GomesLuciana Magnoni Reberte}
462,485934,Comparison of the CHADS2 CHA2DS2-VASc and HAS-BLED scores for the prediction of clinically relevant bleeding in anticoagulated patients with atrial fibrillation: the AMADEUS trial.,eng,Thrombosis And Haemostasis,Thromb Haemost,nan,,,1/13/11,1074-9,{D A LaneS ApostolakisG Y H LipH Buller}
463,743602,nan,eng,nan,Public Health Nutr,1475-2727,17,68.81855690542231,1/14/12,Sep-92,{Makbule Gezmen-KaradagAnke OenemaSaskia J te VeldeHilal YildiranMai J M ChinapawJohannes BrugMine YildirimEda KoksalSaniye BiliciNilufer Acar-TekGamze AkbulutNevin SanlierMaartje M van StralenJudith S B de MeijAmika S Singh}
464,5339330.442542164,Follow-up care of patients treat??ed for breast cancer: a structured review,Engl??ish,Cancer Treatment Reviews,nan,nan,30,5.205445831929294,1/4/01,19-35,
465,,Postamputation pain: epidemiology mechanisms and treatment,#eng,J Pain Res,Journal of pain research,nan,6,0,nan,nan,{E. HsuS. P. Cohen}
466,,Bullous impetigo in children infected with methi??cillin-resistant Staphylococcus aureus alone or in combination with methicillin-susceptible S. aureus: analysis of genetic characteristics including assessment of exfoliative toxin gene carriage,eng,J Clin Microb$iol,nan,0095-1137 (Print) 0095-1137,49,5,1/11/01,Apr-72,{T. Yamamo$toT. Taka$noM. TakanoW. HiguchiY. NitaharaK. SaitoD. ShiK. Ozaki}
467,968211,Ebus-tbna yields multiple gene analyses and a panel of immunohistochemical stains on routinely prepared cell blocks in non-small cell lung cancer cases,E%ng%lish,nan,nan,0023-6837,95,,1/15/01,100#A,{Z.$ MalekiO. Nikolskaia}
468,299635,The Social Workers ??Guide to Child and Adolescent Mental Health.,nan,nan,nan,1356$-7500??,16,2,1/11/05,24@@1-24@@2,{Jo Finch}
469,,Impact of endosc??opic ultrasonograp$hy (EUS) on surgical decision-making in upper gastrointestinal tract cancer: An international multicenter study,nan,Surg. Endosc. Interv. Tech.,nan,-5514,21,3,nan,nan,
470,263027,Family care giving in the context of HIV/AIDS in Africa,nan,nan,nan,nan,21,,1/13/01,13-21,{J. HuntR. A. Po@@well}
471,788168,nan,e??ng#,Health Educ Behav,Health education & behavior$ : the official publication of the Society for Public Health Education,1090-1981,40,20.352446060508687,nan,581-91,{D. L. UeharaC. NishitaT. TomG. Cardazone}
472,654480.0388140392,School neighborhood and family factors are associated with children's bullying involvement: a nationally representative longitudinal study.,@@eng,nan,J Am Acad Child Adolesc Psychiatry,1527-5418,,5,1%/9/05,545-53,
473,498344,Infectious diseases. As Ebola wanes trials jockey for patients.,eng,Science (New York N.Y.),Science,1095-9203,348,,3/15/04,20,{Kai Kup@@ferschmi%dt}
474,,DiGeorge Syndrome Presenting as Hypocalcaemia-Induced Seizures in Adulthood.,eng,Case Reports in Medicine,C??a??se Rep.Med.,1687-9627,2013,-1,1/13/01,923129,{Alexander AttardJosephin%e PsailaAdrian ZammitDeborah Grech Marguerat}
475,917417,In vivo effects of different anesthetic agents on apoptosis.,eng,Korean Journal of Anesthesiology,Korean J.Anesth.,2005-7563,63,,1/12/07,18-24,{Hanan F KhafagyMona M HassanEmad S OsmanFaten M El-ShanawanyAbdel Rahman M FathallahYasser M SamhanGehan G El-Fandy}
476,,The impact of 3D volume of interest definition on accuracy and precision of activity estimation in quantitative SPECT and planar processing methods.,eng,Physics in me#dicine an$d biology,Phys Med Biol,nan,55,,6/21/10,3535-44,{Bin HeEric C Frey}
477,295703.69995463616,Comparison between oral antibiotics and probiotics as bowel preparation for elective colon cancer surgery to prevent infection: prospective randomized trial.,$eng#,Surgery,Surgery,153$2-7361,155,3,1/14/03,493-503,{Yasuhiro KogaKazutake OkadaToru OzakiSotaro SadahiroAkira TanakaToshiyuki SuzukiHiroko Kamata}
478,516758,nan,ENG,IEEE transactions on nuclear science,IEEE Trans Nucl Sci,nan,57,,8/26/10,2571,{Taek-Soo LeeW Paul SegarsXin HeJing TangBenjamin M W Tsui}
479,85920,Adipocyte is a non-trivial dynamic partner of breast cancer cells.,eng,The International journal of devel%opm??ental biology,nan,1696-3547,55,7,1/11/01,8#51-9,{Marie-Pierre ChenardNassim Dali-YoucefEmilie BuacheMarie-Christine RioJinxiang Tan}
480,,HRQoL after coronary artery bypass grafting and percutaneous corona%ry intervention for stable angina.,nan,Scandinavian cardiovascular journal : SCJ,Scand. Cardiovasc. J.,1651-2006,,2,1/9/04,Sep-94,{Michael LutherKari KorpilahtiMatti R TarkkaHeini HuhtalaJari LaurikkaJan-Ola WistbackaPertti Loponen}
481,888553,Weighting improves the information provided by joint counts on the severity of arthritis and its impact on patients' well-being in juvenile idiopathic arthritis,eng,Rheumatology (Oxford),Rheumatology (Oxford England),1462-0324,45,3,1/6/01,343-7,{A. RavelliS. Magni-ManzoniA. PistorioM. BandeiraA. MartiniE. SalaA. FalconeA. BuoncompagniN. RupertoA. Loy}
482,889580,Chronic pain-associated behaviors in the nursing home: resident versus caregiver perceptions,nan,Pain,Pain,0304-3959,80,3,1/1/99,5%77-588,{F. KeefeB. PetersonD. Weiner}
483,,Analysis of responses of radiology personnel to a simulated mass casualty incident after the implementation of an automated alarm system in hospital emergency planning.,nan,Emergency Radiology,EMERG RA@@#DIOL,1070-3004,,7.720006325282243,1/@@11/04,119-126 8p,{Linsenmaier UGeyer LLK_rner MMeisel CDWirth SReiser MF}
484,351877,nan,nan,Australian & New Zealand Journal of M$ental Health Nursing,AUST N$Z J MENT HEALTH NURS,nan,5,2,nan,54-62,{A StreetC Walsh}
485,276000,Tobacco-related scenes in television dramas for young Japanese audiences,eng,Tob Control,Tobacco control,0@@964-4563,27.09363633675693,3,1/1/99,350,{T. Sone}
486,1184157.344837733,Alkaline phosphatase activity of duodenal enterocytes after neonatal administration of monosodium glutamate to rats.,eng,Physiological research / Academia Scientiarum Bohemoslovaca,$Phys??iol Res,0862-8408,49,10.43646573462764,1/1/00,2$69-77,{L LenhardtS MozesA Mar#tinkov}
487,684476,Pulmonary rehabilitation for chronic obstructive pulmonary disease: a pilot study evaluating a once-weekly versus twice-weekly supervised programme.,en$g,Physiotherapy,nan,1873-1465,96,1,1/10/03,68-74,{Janet WebberFiona Liddell}
488,467344,Primary Banded Roux-en-Y Gastric Bypass: a Systematic Review.,nan,nan,nan,nan,0,0,nan,nan,${NULL}
489,39687,nan,nan,nan,nan,nan,0,0,nan,-,{O. CallenderJ. Cr%avenC.?? Martin}
490,3446185.8399261623,Health literacy and child health promotion: Implications for research clinical care and public policy,nan,nan,nan,nan,443.29638505700433,0,nan,S306-S314,{Rudd R.Guez G.Sanders L.M.Baur C.Shaw J.S.}
491,179093,Persistence of profenophos and quinolphos on cultivated cucumber and its removal,nan,nan,nan,nan,6,0,1/1$4#/01,917-920,{??B. Vijayalaksh%miD. Siva Rama PrasadD. RaveendranathK. Sri Rama MurthyA. Harinatha Reddy}
492,539034,Cognitive impairment and risk of cardiovascular events and mortality.,eng,European heart journal,Eur. H@@eart J.,1522-9645$,33,14,1/12/07,1777-86,
493,208435,Comparison of tunnel positions in single-bundle anterior cruciate ligament reconstructions using computer navigation.,eng,Knee surgery sports traumatology arthroscopy : official journal of the ESSKA,Knee Surg Sports Traumatol Arthrosc,1433-7347??,,9,nan,128??2#-9,{Travis G MaakThomas L WickiewiczVolker MusahlJames E VoosAndrew D Pearle}
494,556624,Fludarabine vs cladribine plus busulfan and low-dose TBI as reduced intensity conditioning for allogeneic hematopoietic stem cell transplantation: a prospective randomized trial,nan,nan,nan,nan,39,4,nan,193-9,{D. J. WeisdorfD. DouekY. TanL. J. BurnsJ. S. MillerB. R. BlazarM. AroraT. DeForM. L. MacMillanM. MarkovaJ. E. WagnerJ. N. BarkerT. Repka}
495,36253,[Limited experience in adrenocortical function tests in infants].,jpn,Horumon to rinsho. Clinical endocrinology,Horumon To Rinsho,0045-7#$167,16,18.53010283461944,nan,@@273-6,{Y HiroseS KurataY Abe}
496,422857,Does this patient have obstructive sleep apnea?: The Rational Clinical Examination systematic review.,eng,JA#MA%,nan,nan,310,,1??/13/@@08,731-741,{David L SimelKathryn A MyersMarko Mrkobrada}
497,,APPLICATION OF AGING MANA$GEMENT STRATEGIES FOR REACTOR VESSEL INTERNALS AND CORE@@ SUPPORT STRUCTURES,nan,Proceedings of the Asme Pressure Vessels and Piping Conference 2010 Vol 7,nan,nan,0,0,1/10/01,277-286,{H. Q. XuM. SnyderS. FyfitchA. ChetaG. BezdikianV. N. ShahT. R. LiszkaiH. CharkasN. GuptaY. ShojiC. S. BajwaC. MayM. SanwarwalaM. BrumovskyI. Ezekoye}
498,863342,Molecular detection of hepatitis B virus: Recent developments,nan,LaboratoriumsMedizin,nan,nan,,,1/5/01,nan,{B. WeberA. Berger}
499,260745,Droperidol vs metoclopramide for prophylaxis of postoperative nausea and vomiting after breast cancer surgery,nan,nan,nan,nan,28,0,nan,141,{F. ColettaS. D'ArienzoP. SansoneC. AurilioM. C. PaceG. ZagariaR. Stumbo}
500,941515,Is prolonged use of com$puter games a risk factor for deep venous thrombosis in children?,nan,Clinical medicine (London England),nan,1473-4893,20.67684138345718,2,1/4/01,nan,
501,641972,[Pelvic floor training for women with urinary incontinence].,da??n,Forsinket implementer??ing af internationale retningslinjer for computertomografi med iodholdigt kontraststof .,nan,nan,169,7,12/7/02,593-5,{Sren BrostrmGunnar Lose}
502,3743198.5620704223,Regulating free speech,nan,nan,nan,nan,23,2,1/1/91,289-318,{David Dyzenhaus}
503,946112,Older Women in the Homeless Shelter: Personal Perspectives and Practice Ideas,nan,Journal of Women & Aging,nan,0895-2841,,,1/11/01,360-374,
504,958639,Ethically justified system-$level decisions in health care: Toward a decision support workbook for healthcare leaders,nan,Dissertation Abstracts International: Section B: The Sciences and Engineering,nan,-94325,70,1,1/9/01,nan,{Bashir $Jiwani}
505,3023114.8704939485,Takayasu's arteritis with multiple intracranial aneurysms,nan,TAKAYASUSCHE ARTERIITIS MIT MULTIPLEN INTRAKRANIELLEN ANEURYSMEN,nan,0428-8246,98.27925998348668,1,nan,60-61,{Matsumoto K.Yamada F.Fukuda S.}
506,125302,Intravenous cyclophosphamide in patients with chronic systemic inflammatory diseases: morbidity and mortality.,eng,Scan@@dinavian journal of rheumatology,Scand. J. Rheumatol.,nan,37,2,1/8/03,nan,{E A M JanssenC BrodinP OgreidK KjellevoldL G GranssonL VattenP R RomundstadR OmdalK Wildhagen}
507,168889,Trends in domestic violence service and leadership: implications for an integrated shelter model,nan,Administration and policy in mental health,Adm Policy Ment %Health,nan,27,5,nan,339-52,{M. B. PhilipR. A. Hayward}
508,63977,[Clinical and histologic results of treatment of serous pulp inflammations with Ledermix].,po#@@l,Czasopismo ??stomatologiczne,Czas Stomatol,nan,,11,nan,1145-53,{H Zakrzewska-Jastrzebska}
509,782211,Application of a model based on fuzzy logic for evaluating nursing diagnostic accuracy of students,nan,International Journal of Medical Informatics,nan,nan,82,9,1/13/01,875-81,
510,,The effectiveness of N-acetylcysteine in preventing contrast-induced nephropathy in patients undergoing contrast-enhanced computed tomography: a meta-analysis of randomized controlled trials (Provisional abstract),nan,International Urology and Nephrology,nan,0301-162@@3,45,5,1/13/01,1309-1318,{Yh HsuMs YaoCs WongCh BaiMy WuYf LinCy HsiangKw TamYw LiHf Hsiang}
511,915463,[Commentary on] Gait changes in children with cerebral palsy following a neuro-developmental treatment course. Adams M Chandl??er L Shuhmann K PEDIATRIC PHYSICAL THERAPY 2$000;12:114-120,nan,Pe??diatric physical therapy,nan,nan,74.6893356603502,,nan,55-56 2p,{J. Slusarski}
512,476199,Cognitive Outcome of Pediatric Moyamoya Disease.,eng,Journal of Korean #Neuro#surgical Society,J Korean Neurosurg Soc,2005-3711,57,6,1/15/06,440-4,{Ju-Seong KimDong-Seok KimEun-Kyung ParkKyu-Won Shim}
513,405141,Fruit consumption and risk of type 2 diabetes: results from three prospective longitudinal cohort studies.,nan,Bmj-British Medical Journal,nan,1756-1$833,1540.5475292459037,-1,1/13/01,f5001,{Rob M van DamFrank B HuIsao MurakiJoann E MansonFumiaki ImamuraQi SunWalter C Willett}
514,960782.7109058192,A biomechanical study of replacement of the posterior cruciate ligament with a graft. Part II: Forces in the graft compared with forces in the intact ligament,nan,nan,nan,nan,79,3,1/1/97,381-386,{K.L. ArmstrongG.A.M. FinermanK.L. MarkolfM.S. ShapiroJ.R. Slauterbeck}
515,408902,The sa@@fety and immunogenicity of rotavirus vaccination in infants with intestinal failure#,nan,J. Pediatric Infect. Di??s. Soc@@.,nan,-14400,3,1,nan,nan,
516,,A growing lesion on the cheek.,eng,JAMA otolaryngology-- head & neck surgery,JAMA Otolaryngol Head Neck Surg,2168-61%9X,660.6757328613243,,1#/14$/04,383-4,
517,,Protective effect of ginsenoside Rb1 against myocardial ischemia/reperfusion injury in streptozotocin-induced diabetic rats,nan,Molecular Biology Reports,nan,0$301-485%1,38,7,1/11/01,@@4327-4#335,{Y. WuZ. Y. XiaH. M. LiuS. Q. LeiL. ZhangJ. J. XuB. ZhaoJ. Dou}
518,144339,Comparative in vitro performance of three small-volume valved holding chambers with beclomethasone/formoterol pressurized metered dose inhaler.,eng@@@@,Journal of aerosol medicine and pulmonary drug delivery,J Aerosol Med Pulm Drug Deliv,1941-2703,26,4,1/13/08,223$-7,{Kamel AlhanoutJe%an-Christophe DubusTalita Mota GoncalvesVeronique AndrieuAlain NicolayDavi Pereira de Santana}
519,,The effectiveness of anti-illicit-drug public-service announcements: a systematic review and meta-analysis.,eng,Journal of epidemiology and community health.,nan,1470-2738,65,10,1/11/10,834-40,{Julio S G MontanerKora DebeckEvan WoodThomas KerrEdward J MillsDan Werb}
520,925315,[Use of statins prior to or following invasive therapy for coronary artery disease].,chi,nan,Chung Hua I Hsueh Tsa Chih,nan,85,40,nan,nan,{Wei Gao}
521,,Maligna%nt lymphom%as of the oral region.,engfre,Canadian Forces Dental Services quarterly,Can Forces Dent Serv Q,0045-4850,18,1,nan,7-Jan,
522,237077,Women's experiences of acupuncture during labour,nan,British Journal of Midwifery,nan,0969-4900,72.04423486736562,4,1/13/01,254-262,{Irena Anna FreiKatharina FierzAngela PoatMartina Gisin}
523,600827,Nutritional supplementation for hip fracture aftercare in the elderly.,eng,Cochrane Database Syst. Rev.,nan,1469-493X,-1,22.249951718426168,1/1/00,CD00188@%@0,{A AvenellH H Ha%ndo%ll}
524,851773,Quality of life factors and survival after total or extended maxillectomy for sinonasal malignancies.,eng,Journal Of Oral And Maxillofacial Surgery: Official Journal Of The American Association Of Oral And Maxillofacial Surgeons,nan,1531-505##3,73,4,1/15/04,75@@9-6$3,{James MurphyAmal IsaiahJoshua E LubekJeffrey S Wolf}
525,67292,nan,en#g%,The Journal of biological chemistry,J. Biol. Che#m.,1083-351X,289,,3/14/10,27386-99??,{Mitsuyoshi MotizukiKeiji MiyazawaTetsuo KondoKeisuke MasuyamaMasao SaitohHiroki IshiiRyohei KatohKei SakamotoShota Tanaka}
526,129698,Combined and sequential treatment of oral and maxillofacial malignancies: an evolvin@@g concept and clinical proto??col.,eng,Chinese medical journal,Chin. Me@@d. J.,0366-6999,,19,5/8/10,1945-52,{Zhi-yuan ZhangWei-liu QiuJia-wei Zheng}
527,254327,Evaluation of a workshop on evidence-based medicine for social insurance physicians.,eng,Occupational Medicine-Oxford,nan,0962-7480,58,9.560149291402706,1/??8/03,Jul-83,{Jos H VerbeekRob KokJan L HovingFrederieke G SchaafsmaFrank J H van DijkPaul B A Smits}
528,556803,Neurocognitive assessment in 13 patients affected by ??muchopoly$saccharidosis IVA (MPS IVA),nan,nan,nan,nan,37,1,1/14/0#1,S136,{M. RigoldiS. GasperiniB. M. Del MenicoF. NichelliA. Bo%nciminoM.% CalabriaP. MeregalliR. Parini}
529,,Evaluation of the protective effect of Ilex paraguariensis and Camellia sinensis extracts on the prevention of oxidative damage caused by ultraviolet radiation.,eng,nan,Environ. Toxicol. Pharmacol.,1872-7077,37,1,1/14/01,195-201,{Marlon BargEmilio L StreckLara M GomesVanessa M AndradeDaniela D LeffaFelipe Dal-PizzolFabricia PetronilhoFrancieli VuoloMilena Carvalho-SilvaFernanda BalbinotGislaine T Rezin}
530,484593,New anticoagulants for atrial fibrillation.,eng,J. Cardiovasc. Med.,nan,1558-2027,10,6,1/$9/06,446-53,{Raffaele De CaterinaGiulia RendaSteen Dalby Kristensen}
531,351700,Our Health Counts -- Unmaskin%g %Health and Social Disparities among Urban Aboriginal People in Ontario.,nan,nan,nan,nan,0,0,nan,nan,{Michelle Firestone}
532,105981,nan,eng,Science (New York N.Y.),Science,1095-9203,316,30440.059367413996,11/7/05,889-94,{George Davey SmithAmanda J BennettEleftheria ZegginiMarjo-Riitta JarvelinNicholas J WarehamLorna W HarriesColin N A PalmerShah EbrahimTimothy M FraylingSusan M RingBridget KnightSian EllardKatharine R OwenRachel M FreathyHana LangoDebbie A LawlorLon R CardonJohn R B PerryJeffrey C BarrettAndrew D MorrisGraham A HitmanKatherine S ElliottUlla S%ovioMark I McCarthyDavid MelzerAlex S F DoneyAndrew R NessYoav Ben-ShlomoAndrew T HattersleyAnn-Marie PatchNicholas J TimpsonNigel W RaynerMark WalkerMichael N WeedonRuth J F LoosFredrik KarpeIn_s BarrosoLuigi FerrucciChristopher J GrovesCecilia M LindgrenBeverley Shields}
533,408198,The parvalbumin-positive interneurons in the mouse dentate gyrus express GABAA receptor subunits 1 _2 and  along their extrasynaptic cell membrane.,eng,nan,Neurosci@@ence,1873-7544,254,-1,12/19/13,80-96,{H H_gerW SieghartT KlausbergerI MilenkovicM VasiljevicD Maurer}
534,30272,nan,ENG,Experimental neurology,Exp. Neurol.,1090-2430,-1,-1,5/22/14,nan,{T PhilipsJ D Rothstein}
535,,nan,nan,Annals of Emergency Medicine American College of Emergency Physician's Research Forum,nan,0196-064$4,37,5,1/1/05,453-60,{J P IoannidisJ LauC MilchD SalemP W ChewN TerrinE M Balk}
536,13408,Eczema - quiz.,eng,P#aediatrics & child% health,Paediatr Child Health,nan,,,3/1/00,105,{%NULL}
537,449003,Stroke in children with posterior fo#ssa brain malformations hemangiomas arterial anomalies coarctation of the aorta and cardiac defec%ts and eye abnormalities (PHACE) syndrome: A systematic review of the literature.,nan,nan,nan,nan,0,0,nan,nan,
538,299297,Employing a youth-led adult-guided framework: why drive high? social marketing campaign.,nan,Family & Community Health,nan,nan,117.29105543555332,4,1/11/10,319-330,{Terry-Lynne MarkoTyler Watt}
539,302268,Review of Handbook for Wor$king with Children and Youth@@: Pathways to Resilience across Cultures and Contexts,English,nan,nan,nan,47,15.504187321091536,1/6$%/01,230-232,{Robert J. ??Flynn}
540,592663,Helicobacter pylori antibiotic resistance patterns and genotypes in adult dyspeptic patients from a regional population in North Wales,eng,nan,nan,nan,54,2,nan,4@@35-40,{A. M. Wal@@kerJ. XerryK. DaviesN. C. ElvissR. J. Owen}
541,1726129.9302551365,Sonographically guided biopsy of focal lesions: a comparison of freehand and probe-gu#ided techniques using a phantom.,nan,AJR. American Journal Of Roentgenology,AJR Am J Roentgenol,0361-803X,184,5,1/5/0@@5,1652-6,{Duncan M BrooksPramit M PhalRory Wolfe}
542,460786,Splinting osseointegrated implants and natural teeth in partially edentulous patients: a systematic review of the literature. [Review],nan,nan,nan,nan,0,0,nan,nan,{NULL}
543,,Long-term subcuta#neous recombinant interleukin-2 as maintenance therapy: Biological effects and clinical implications,nan,Cancer Biotherapy,nan,1062-8401,10,,1/1/95,@@19??5-203,{V. LorussoM. De LenaM. GuidaM. CorrealeI. AbbateA. La#torreA. Ca@@samassimaM. D. Musci}
544,751811,School soft dri$nk interventio??n study,nan,BMJ,nan,1468-5833 (Electronic),329,7462,nan,E315-6,{S. A. FrenchM. StoryP. J. Hannan}
545,436781,Hoarse voice in adults: An evidence-based approach to the 12 minute consultation.,nan,nan,nan,nan,0,0,nan,nan,{NULL}
546,796900,Chronic compartment syndrome an important cause of work-related upper limb disorder,nan,Rheumatology (Oxford),Rheumatology (Oxford England),1462-0324,,11,1/5/01,1442-6,{J. P. HeathR. L. WilliamsM. H. Pritchard}
547,,Sleep sleep-dependent procedural learning and vigilance in chronic cocaine users: Evidence for occult insomnia,Engli??sh,nan,nan,nan,,3,1/6/01,238-49,{R. T. MalisonE. F. Pace-SchottV. CoricP. T. MorganR. StickgoldZ. H. Sahul}
548,893227,A screening methodology for crowdsourcing video QoE evaluation,nan,nan,nan,nan,0,0,1/14/01,nan,{E. Anegekuh L. Sun L. Ifeachor}
549,2861079.539433669,Potential f#or inter-observer and intra-observer variability in x-ray review to establish stone-free rates after lithotripsy.,nan,J. Urol.,nan,002@@2-5347%,630.0023750802821,3,3/1/92,559-62,{D CaronS J WitchellM A JewettE L St LouisR R GrayC BombardierS KumraK E PsihramisM R Ryan}
550,,Situating universal design architecture: designing with whom?,ENG,Disability and rehabilitation,Di%sabi??l Rehabil,1464-5165,-4.233458840455378,-1,7/28/14,nan,{Paul Jones}
551,476191,Endovascular Treatment of Ruptured Large or Wide-Neck Basilar Tip Aneurysms Associated with Moyamoya Disease Using the Stent-Assisted Coil Technique.,nan,Journal of stroke and cerebrovascular diseases : the official journal of National Stroke Association,J Stroke Cerebrovasc Dis,1532-8511,-1,-1,7/24/15,nan,{Yibin FangPengfei YangJianmin LiuYi XuQinghai HuangWenyuan ZhaoDongwei DaiYan Chen}
552,719389,Subjective states: A more robust model,nan,nan,nan,nan,67,2,1/9/01,408$-42#7,
553,467318,The fundamental role of bone morphogenetic protein 15 in ovarian function and its      involvement in female fertility disorders.,nan,nan,nan,nan,,0,nan,nan,
554,910688.948328805,Giant-cell tumour of %the knee: the condition of the cartilage after treatment by curettage and% cementing,eng,J Bone Joint Surg Br,The Journal of bone and joint surgery. British volume,0301-620X (Print) 0301-620x,89,3,1/7/01,361-5,{K. JonssonA. RydholmI. KristianssonD. HeinegardF. V. von SteyernP. Mannfolk}
555,664795,Diagnostic accuracy of endoscopic ultrasound-guided fine-needle aspiration for solid pancreatic lesion: a systematic review.,eng,Journal of cancer research and clinical?? oncology,J. Cancer Res. Clin. Oncol.,1432-1335,138,,1/12/09,$1433-41,{Hangcheng ZhouRenbao YangJiong ChenYunlian XiaYin Lu}
556,102180,Safety tolerability and sustained weight loss over 2 years with the once-daily human GLP-1 analog liraglutide.,eng,International journal of obesity (2005),Int J Obes (Lond),1476-5497,36,6,1/12/06,%843-54%,{R CarraroM F RasmussenL NiskanenA HarperN FinerS R_ssnerM KunesovaL Van GaalM E J LeanA AstrupA RissanenM J Savolainen[Collective Name] NN8022-1807 Investigators}
557,1144055.5199716522,Web-based nutrition education intervention improves self-efficacy and self-regulation related to increased dairy intake in college students,English,nan,nan,nan,376.3114934619142,11,nan,1723-7,{Kathy W HosigSharon M Nickols-RichardsonKavita H PoddarSusan E DuncanEileen S Anderson}
558,,Three Abstracts on Chinese Research,nan,nan,nan,1520-7714,225.54985470929736,0,1/13/01,25-26,{NULL}
559,278497.16733142023,Retrograde nailing of humeral shaft fractures,eng,nan,nan,nan,0,,1/1/98,26-39,{M. RunkelJ. BlumP.@@ M. Rommens}
560,3588324.732860941,Behavioral and cognitive $measurements p$redict scores on the MAST: a 3-year prospective study.,en$g,nan,nan,0145-6008,20,7,10/1/96,1173-8,
561,,Development of a SNP genotyping panel and a medical decision support algorithm to predict drug response in schizophrenia,nan,Klinik Psikofarmakoloji Bulteni,Klin.Psikofarmakol.Bul.,1017-7833,21,0,??1/11/01,S156-S157,{Y. A. SonG. UstunkarM. A. DokeH. A. DomY. Y. Tuncel}
562,713518,ELDERLY AND PHYSICAL ACTIVITY: BENEFITS A$ND CHALLENGES IN SEARCH FOR LIFE QUALITY.,nan,Journal of Nursing UFPE / Revista de Enfermagem UFPE,REV ENFERMAGEM UFPE,nan,6,57.16170957385425,1/12/11,2761-2769 9p,{Gerlane ngela da Costa MoreiraDenyse Dutra Alencar VasconcelosAmanda Costa de FreitasCarla Cristina Braga MaranhoDanielle Figueiredo Patricio}
563,180977,nan,nan,nan,nan,nan,,0,1/4/01,398-407,{L. N. BorrellK. RoseB. L. ClarkD. CatellierA. V. D. Roux}
564,2957806.745581425,Transference-focused psychotherapy v. treatment by community psychotherapists for borderline personality disorder: randomised controlled trial.,e#$ng,The British journal of psychiatry : the journal of mental science,Br J Psychiatry,nan,196,27.52830788761972,1/10/05,389-95,{Philipp MartiusAnna BuchheimPeter BuchheimSusanne H_rzMichael RentropCord BeneckePeter SchusterMelitta Fischer-KernStephan Doering}
565,570224.1001130351,The changing residential environments of older people,nan,nan,nan,nan,0,0,1/11/01,207-220,
566,,A systematic review of the surgical treatment of large incisional hernia.,eng,Hernia : the journal of hernias and abdominal wall surgery,Hernia,1248-9204,110.17057895911984,1,nan,89-101,{L TimmermansJ C SliekerJ F LangeE B DeerenbergJ JeekelD P HogerzeilP H C Eilers}
567,533436.6853854698,Fa#st-food habits weight gain and insulin resistance (the CARDIA study): 15-year prospective analysis.,eng,Lancet,Lancet,1474-547X,,9453,1/5/01,36-42,{David R JacobsDavid S LudwigCara B EbbelingAlex I KartashovMartha L SlatteryLinda Van HornMark A% ??Pereira}
568,141282,nan,nan,nan,nan,0921-4488,29,2,nan,143-156,
569,,Changing ??tides: improving outcomes through mentorship on all levels of nursing,nan,nan,nan,nan,33,2,1/10/01,163-17@@@@6,{J. SkeesT. K. Race}
570,621640,Tracking cognitive decline in Alzheimer's dis@@ease using the mini-mental state examination: a meta-analysis.,#eng$,International psychogeriatrics / IPA,Int Psychogeriatr,1041-6102,12,2,6/1/00,nan,{J McCuskerF Prim??eauM @@ColeL HanF Bellavance}
571,,Pulmonar%y rehabilitation programs for patients wit??h COPD.,engpor,Jornal brasileiro de pneumologia : publicacao oficial da Sociedade Brasileira de Pneumologia e Tisilogia,nan,1806-3756,37,4,nan,nan,{Ana Maria Baptista MenezesDavid Alejandro GonzlezElaine Cardozo MacedoPedro Curi HallalMaria de Ftima MaiaMarli KnorstSamuel Carvalho DumithJeovany Mart_nez-MesaRicardo Bica NoalFernando Csar WehrmeisterJos Roberto Jardim}
572,361080,nan,nan,nan,nan,0884-2175,41,0,1/12/01,S131-2,{Corinn Taylor}
573,,[Pharmacotherapy for conduct disorder in children and adolescents],heb,nan,nan,nan,151,22.46128270881914,1/12/01,421-6 435 434,{T. LevyY. Bloch}
574,52633,Monteggia lesions in adults. A multicenter Bota study,eng,nan,nan,nan,62,0,??1/1/96,nan,{W. De GrooteD. StoffelenK. GovaertsP. ReyndersP. L. BroosJ. Rondia}
575,74821,Progesterone receptor PROGINS and +331G/A polymorphis$ms confer susceptibility to ovarian cance%r: a meta-analysis based on 17 studies.,eng,Tumour biology : the journal of the International Society for Oncodevelopmental Biology and Medicine,Tumour Biol.,1423-0380,35,,1/14/03,nan,{Xinran WangChenhuan DingLilan ChenShu LiTing LiuXia YinYou WangXiangjun SunWen DiHe Li}$
576,,Gene analysis of steroid 5 alpha-reductase 1 in hyperandrogenic women,nan,nan,Croat.Med.J.,nan,46,4,1/5/01,664-669,{B. HeljicR. KomelI. EminovicF. GavrankapetanovicJ. PrezeljJ. Karamehic}
577,529562,Intravenous insulin treatment in acute stroke: a systematic r??eview and meta-analysis of randomized controlled trials.,eng,International journal of stroke : official journal of the International Stroke Society,Int J Stroke,1747-4949,9,,1/14/06,489-93,
578,,Hospitalized heart failure patients with preserved vs. reduced     ejection fraction in Dubai United Arab Emirates: a prospective     study,English,nan,Eur. J. Heart Fail.,1879-0844,16,,1/14/0@@@@1,454-460,{Al Sayed Hussain ??ASaheb Sharif-Askari NSulaiman SAAl-Mulla AATabatabai SSaheb Sha#rif-Askari F}
579,966388,nan,English,Yonsei Medical Journal,Yonsei #Med.J@@.,1976-2437,49,4,1/8/01,655-661,{H. ChoiE. S. KangS. K. LimS. Y. JeongH. C. LeeH. J. KimS. KimY. RheeY. H. LeeJ. H. MoonK. R. KimC. W. AhnB. S. ChaE. J. Lee}
580,919014,[Anesthetic gases exposure: findings from a 13 year environmental and biological monitoring in a hospital company].,ita,Patologie asbesto correlate in congiunti di lavoratori del settore cemento-amianto.,nan,nan,29,3,1/7/07,nan,{M A SanchezS RitzuV CapelliP BoccalonG Arcangeli}
581,,Out-of-hospital cardiac arrests occurring in southern Ontario health care clinics: bystander cardiopulmonary resuscitation and automated external defibrillator use.,eng,Canadian family physician Medecin de famille canadien,Can Fam Physician,1715-5258,56,,1/10/06,e213-8,{Karen K LamSteven C BrooksLaurie %$J Morrison}
582,55809,Diffusion tensor imaging of deep gray matter in children treated for brain malignancies.,eng,Child's nervous system : ChNS : official journal of the International Socie%ty for Pediatric Neuro%surgery,Childs Nerv Syst,1433-0350,,4,1/14/$04,nan,{Anna NideckerSiamak ArdekaniE Mark MahoneFirouzeh TannaziJarunee IntrapiromkulMoody WharamLarry J BrantAlena Horsk}
583,368651,A randomized controlled trial of paracetamol versus morphine for the treatment of acute painful crisis of sickle cell disease,nan,nan,nan,nan,20,5,1/13/01,S149,{R. Rehmani}
584,423691,Puberty suppression in adolescents with gender identity disorder: a prospective follow-up study,nan,Journal of Sexual Medicine,nan,nan,8,,1/11/01,2$276-83,{T. A. DoreleijersP. T. Cohen-Kettenis??A. L. de VriesT. D. Steensma}
585,2209985.3452724596,A meta-analysis of clinical trials comparing mirtazapine with selective serotonin reuptake inhibitors for the treatment of major depressive disorder.,nan,nan,nan,nan,0,0,nan,nan,{NULL}
586,1418020.425197129,nan,eng,Archives Of Physical Medicine And Rehabilitation,Arch Phys Med Rehabil,@@1532-$821X,90,10,1/9/10,1727-33,
587,918698,Sevoflurane postconditioning converts persistent ventricular fibrillation into regular rhythm.,nan,European Journal Of Anaesthesiology,Eur J Anaesthesiol,nan,26,,nan,766-71,{Fengjiang ZhangGang ChenMin YanCongcong Chen}
588,209138,Frontal and sagittal plane analyses of the stair climbing task in healthy adults aged over 40 years: what are the challenges compared to level walking?,nan,Clinical Biomechanics,nan,nan,59.25231289057544,10,nan,950-959,{S NadeauF MalouinB.J McFadyen}
589,,nan,nan,Pharmacogenomics,Pharmacogenomics,1462-2416,51.09821588983178,11,1/13/01,nan,{R. DanesiS. TerrazzinoP. L. CanonicoA. A. GenazzaniS. CargninM. Del Re}
590,875733,[Methicillin-resistant Staphylococcus aureus forming the fried egg appearance colonies isolated from a patient with septicemia],jpn,R@@insho Byori,Rinsho byori. The Japanese journal of clinical pathology,0047-1860 (Print)     0047-1860#,,10,nan,nan,{K. IijimaA. TanimotoY. KitagakiM. HiuraH. FujiwaraS. Ikawa}
591,587683,Support for nutrition from the older Americans act programs: a clarification on its 40th anniversary,eng,nan,Journal of nutrition in gerontology and geriatrics,nan,135.9167474141536,,1/13/01,Mar%-81,{J. L. Lloyd}
592,927711,Measures of exposure to the Well London Phase-1 intervention and their association with health well-being and social outcomes,nan,Journal of Epidemiology & Community Health,nan,0143-005X,68,33.9981164365492,1/14#/#01,597-605,{C. BottomleyK. LockS. LaisA. ClowG. YuR. LynchA. RentonG. PhillipsM. PetticrewA. DraperP. TobiE. SchmidtR. HayesD. Moore}
593,313584,nan,English,nan,nan,nan,0,0,1/1/98,53,{Jennifer L. EdwardsCherie A. LyonsMarcia E. SwordsMary S. RogersKathy E. Green}
594,161847,Changes in glucose tolerance over time in women with polycystic ovary syndrome: a controlled study,#eng$,nan,nan,nan,90,0,1/5/01,3236-42 ST  - Changes in glucose tolerance over time in women with polycystic ovary syndrome: a controlled study-,{A. DA  - Jun DO  - jc.2004-1843 [pii] 10.1210/jc.2004-1843 [doi] DP  - Nlm ET  - 2005/03/31 DunaifA. R. KunselmanR. S. LegroC. L. Gnatuk}
595,543292,Effects of Test Administrator Characteristics on Achievement Test Scores,nan,Online Submission,nan,978-957-41-6666-4,0,0,1/5/04,nan,
596,248064,nan,nan,J Orthop Sci,Journal of orthopaedic science : official journal of the Japanese Orthopaedic Association,0949-2658 (Print) 0949-2658,15,4,1/10/01,nan,{T. KatayamaK. FurutaM. AkahaneH. OnoR. Fujitani}
597,887041,Age-related driv@@ing disorders: screening in hospit$als and outpatients settings.,eng,Geriatr Gerontol Int,Geriatrics & gerontol%ogy international,14@@47-0%594,10,4,1/10/10,288-94,
598,314737,[Effect of a dialysis solution with icodextrin on ultrafiltration and selected metabolic parameters in patients treated with peritoneal dialysis],nan,nan,nan,nan,141,9,1/2$/01,nan,
599,709094,Evidence based practice and advanced competencies in a MHS-CLS program,eng,nan,nan,nan,24,4,1/11%/01,4-47-53,{L. PretlowA. RanneB. KrajE. K. LeibachB. Russell}
600,327157,nan,nan,nan,nan,nan,108,4,1/14/01,nan,{Jutta BeierPeter D'AndreaMichelle HenleyStephanie KornKai-Michael BeehDonald BanerjiDalal Jadayel}
601,793206,Disseminated lymphoma with large granular lymphocyte morphology diagnosed in a horse via abdominal fluid and transtracheal wash cytology.,e#ng,Veterinary clinical pathology / American Society for Veterinary Clinical Pathology,nan,1939-165X,44,3,1/15/09,nan,{Fernanda CesarAnne A WooldridgeCinzia MastrorilliPete W ChristophersonKellye Joiner}
602,361682,nan,English,Cardiovascular #therapeutics,nan,nan,32,26.5747408808513,1/14/01,202-208,{Seiler IBaron MArzt MPfeifer MLange TJ}
603,732256,A comprehensive assessment of maternal deaths in Argentina: translating multicentre collaborative research into action.,nan,Bulletin of the World Health Organization,Bull.WHO,0042-9686,85,8,1/7/08,615-622 8p#,{Romero MMercer RRamos SKarolinski A}
604,2115333.482405151,Human african trypanosomiasis diagnosis in first-line health services of endemic countries a systematic review.,eng,Plos Neglected Tropical Diseases,nan,193%5-2735,6,11,nan,e1919,{Victor KandeEpco HaskerVeerle LejonJean-Jacques MuyembePatrick MitashiMarleen BoelaertPascal Lutumba}
605,2970033.854022097,Overlap of food addiction and substance use disorders definitions: analysis of animal and human studies.,eng,Neuropharmacology,Neuropharmacology,1873-7064,85,-1,1/14/10,81-90,{Antoine Hone$-BlanchetShirle@@y Fecteau}
606,592201,Efficacy of prolonged administration of intravenous erythromycin in an ambulatory setting as treatment of severe gastroparesis: one center's experience,eng,nan,nan,nan,107.7945198193474,2,nan,131-4,{E. M. QuigleyJ. K. DiBaise}
607,914007,Bound for success: a systematic review of constraint-induced movement therapy in children with cerebral palsy supports improved arm and hand use (Structured abstract),nan,Physical therapy,Phys Ther,0031-9023,89,60.21292953918004,1/9/01,1126-1141,
608,208824,Optical turbulence: weak turbulence condensates and collapsing filaments in the nonlinear Schr_dinger equation,nan,Physica D: Nonlinear Phe%nomena,nan,0167-2789 DO  - http://dx.doi.org/10.1016/j.physd.2013.07.012,57,1,6/15/92,96-1??60,
609,,[Progress in joint international research of demographic and geographic distribution of insignificant middle and high-grade tuberculin skin sensitivity].,nan,Zeitschrift fr Erkrankungen der Atmungsorgane mit Folia bronchologica,Z Erkr Atmungsorgane Folia Bronchol,0044-2631,133,3.3377070851505666,12/1/70,99-106,{M A Bleiker}
610,506162,Efficacy of Class 1 elastic compression stockings in the early stages of chronic venous disease. A comparative study.,eng,nan,nan,0392-9#590#,22,4,1/3/12,383-92,{F VinF A AllaertJ P BenigniS Sadoun}
611,372697,The future of JAK inhibition in myelofibrosis and beyond,nan,Blood Reviews,Blood Rev.,0268-960X,28,5,1/14/09,189-196,{R.A. MesaN.C.P. CrossJ.O. Mascarenhas}
612,609245,Reinventing the wheel? Or the emperor's new clothes.,eng,J Altern Complement Med,Journal of alternative and complementary medicine (New York N.Y.),nan,28.563305627005185,5,1/3/10,nan,{George VithoulkasMenachem OberbaumShepherd SingerRobbert van Haselen}
613,584706,nan,en#g,Jama,Jama,0098-7484,256,4,1/1/86,477-83,
614,822897,nan,nan,Complementary Therapi$es in Medicine,nan,nan,21,4,1/13/01,nan,{K. F. LamS. M. NgB. H. P. LauH. H. M. LoC. L. W. Chan}
615,,Outcomes from patients with multi-vessel disease following primary PCI: staged PCI imparts very low mortality.,eng,Catheterization and cardiovascular interventions : official journal of the Society for Cardiac Angiography & Interventions,Catheter Cardiovasc Interv,1522-#726%X,77,5,1/11/04,617-22,{Gilles MontalescotGordon FitzGeraldKurt G Barringhaus[Collective Name] GRACE InvestigatorsFrans Van de WerfJoel M GoreDavid D McManusJos L_pez-Send_nPhilippe Gabriel StegKay Lee Park}
616,72095.16174239563,Modelling the effects of subjective and objective decision making in scientific peer review.,e$n#g,Nature,Nature,nan,506,7486,6/14/02,Jun-93,{Marcus R Munaf_Mike W PeaceyIn-Uck Park}
617,210737.0372382016,Exercise-induced flow limitation dynamic hyperinflation and exercise capacity in patients with bronchial asthma.,eng,The European respiratory journal,Eur. Respir??#. J.,nan,24,,1/4/09,3$78-84,{A PolychronakiCh RoussosA KoutsoukouI DimitroulisJ Milic-EmiliN G KoulourisS RetsouE N KosmasM Gaga}
618,379988,The combined role of serotonin and interleukin-6 a@@s biomarker for autism,nan,nan,nan,nan,284,0,1/22/#15??,290-296,
619,333862,General public's and physicians' perception of health risk associated with radon exposure in the state of Azad Jammu and Kashmir,nan,Public health nursing (Boston Mass.),Public Health Nurs,15%25-1446,25,4,1/8/01,327-35,{Muhammad RafiqueM. Ikram ShahzadShahida Jabeen}
620,,nan,English,Val$ue in Health,nan,nan,53.52521394503356,2,1/14/01,223-230,{S. T. VisserM. J. PostmaP. DenigF. M. De VriesE. Hak}
621,323860,Women's sexuality in the South African constitutional court,Engli$sh??,Feminist Legal Studies,nan,nan,,3,1/6/01,3$91-#406,{E. Bonthuys}
622,,[Medical and psychosocial care needs of cancer patients: a systematic review comparing urban and rural provisions].,ger,Impfstoffe: Akzeptanz und Si$cherheit.,nan,nan,,31,1/??10/0%8,1531-7,{R SchwarzJ ErnstM ZengerE Br_hlerR Schmidt}
623,128182,A randomized double-blind placebo controlled triphosphate in study of oral adenosine subacute low back pain,eng,nan,nan,nan,32,0,1/5/01,nan,{M. RossignolF. A. AllaertB. BannwarthJ. P. C1  - Frn RCT-s_kningen CN  - Pubmed DA  - Jun DP  - NLM ET  - 2005/06/09 ValatS. RozenbergB. Avouac}
624,252998,Efficacy and safety of NMDA receptor antagonists augmentation therapy for schizophrenia: An updated meta-analysis of randomized placebo-controlled trials,nan,Journal of Psychiatric Research,nan,002#2-3956,47,12,1/13/01,2018-2020,{Yuki MatsudaTaro KishiNak@@ao Iwata}
625,858334.7322509475,Taste olfactory and food texture reward processing in the brain and obesity,nan,International Journal of Obesity,nan,nan,,,1/11/01,550-561,{E. T. Rolls}
626,683304,Prefrontal #hypoactivation and recovery in insomnia.,e%ng,Sleep,Sleep,0161-810@@5,31,9,1/8/09,1271-6@@,{Joost P A KuijerThom A VoornErnesto J Sanz-ArigitaEllemarije AltenaEus J W Van SomerenSerge A R B RomboutsYsbrand D Van Der Werf}
627,854628,Determinants of drug response in a cisplatin-resistant human lung cancer cell line.,eng,JPN. J. CANCER RES.,nan,0910-5050,81,5,5/1/90,527-35,{N SaijoM YamakidoK D TewY FujiwaraK KasaharaM BungoY Sugimoto}
628,117678,Association between genetic polymorphism of tumor necrosis factor-alpha and risk of oral submucous fibrosis a pre-cancerous condition of oral cancer.,nan,Jou$rnal of dental research#,J. Dent. Res.,0022-0345,431.4302879730002,12,1/1/1@@2,S??ep@@-55,{L J HahnC J ChiuM L ChangL L HsiehY S KuoH M ChenC P ChiangC J Chen}
629,795170,Improving end-of-life care for patients with chronic obstructive pulmonary disease.,eng,Therapeutic% advances in respiratory disease,Ther Adv Respir @@Dis#,1753-4666,7,6,1/13/12,320-6,{Helen M Sorenson}
630,783722,Diabetes and other comorbidities in breast cancer survival by race%/ethnicity: The California breast cancer survivorship consortium (CBCSC),English,Cancer Epidemiology Biomarkers and Prevention,nan,nan,126.65808068377264,2,1/#15/01,361-368,{B. J. CaanE. M. JohnT. H. M. KeeganA. H. WuL. BernsteinS. Shariff-MarcoR. SpostoC. C. TsengJ. Sullivan-HalleyY. LuC. VigenM. L. KwanS. L. GomezA. W. KurianI. ChengV. S. Lee}
631,376103,nan,English,nan,nan,nan,17,,nan,59%1@@-5,{Y. AkematsuM. TsujiK. Minetaki}
632,2306073.8946190393,nan,nan,nan,nan,nan,91,5,1/1/00,359-362,{E. L. KrivcheniaM. I. EvansM. A. AyoubV. L. MillerS. B. Ransom}
633,868618,Phase III randomized sequential open-label study to evaluate the eff??icacy and safety of sorafenib followed by pazopanib vs pazopanib followed by sorafenib in the treatme#nt of advanced / metastatic renal cell carcinoma-design of the SWITCH-2 Study (NCT01613846),nan,Onkologie,Onkologi#e,0378-584X,36,0,1/13/01,nan,{J. GschwendS. Schirrmacher-MemmelA. BeekerM. O. GrimmB. BrehmerM. ZaissU. Von VerschuerS. PahernikM. BosM. De SantisM. RetzS. Krause}
634,503451,Epidemiology of sporting injuries among elite soccer players: A longitudinal study,nan,Rheumatology (United Kingdom),Rheumatology,1462-0324,51,0,1/12/01,iii25-iii25,
635,113363,Mental health symptom%s in a populati??on based survey of minority farm operators,nan,nan,nan,nan,,0,nan,nan,{A. L. SteegeT. AltermanM. R. PetersenJ. Li}
636,944558,Motor cortex stimulation in patients with post-stroke pain: conscious somatosensory response a$nd pain control,eng,nan,#Neurological #research,0161-6412 (Print) 0161-6412,25,,1/3/01,153-6,{H. OshimaK. KobayashiT. YamamotoM. KasaiC. FukayaY. Katayama}
637,875250,Antimicrobial# resistance of H. pylori isolates in alaska native persons from 2000-2008: Results# from the alaska sentinel surveillance project,nan,Helicobacter,nan,1523-5378,14,4,1/9/01,1813.9471907527336,{M#. G. BruceJ. MorrisB. McMahonA. Tvei#tD. HurlburtD. Bruden}
638,786108,nan,nan,Haematologica,nan,0390-6078,540.5669302519989,0,nan,13$8-139,{C. DeardenJ. DoddE. MatutesD. CatovskyJ. BlundellA. RawstromD. AllsupD. OscierT. HamblinS. DoddE. HeartinR. JonesJ. RadfordS. ProctorS. AgrawalP. HillmenG. FollowsR. PettittA. BloorS. DevereuxS. Carruthers}
639,233544,Timely access to specialist medical oncology services closer to home for rural patients: experience from the Townsville Teleoncology Model.,e??ng%,nan,Aust J Rural Health,1440-1584,22,,1/14/08,nan,{Sabe SabesanPeter AikenLynden J RobertsSarah LarkinsAbhishek Joshi}
640,163093,Bioavailability and tolerability of intranasal diazepam in healthy adult volunteers,English,nan,nan,nan,409.7936495319147,0,1/9/01,nan,{Robert L. KrielJennifer R. RissVijay D. IvaturiJames C. C2  - 19231138 DB  - MEDLINE DO  - http://dx.doi.org/10.1016/j.eplepsyres.2009.01.001 CloydRonald A. Siegel}
641,31763,Protein kinase CK-1 inhibitors as new potential drugs for amyotrophic lateral sclerosis.,eng,Journal of medicinal chemistry,J. Med. Chem.,1520-4804,57,6,nan,2755%-72,{Irene G SaladoAna MartinezDaniel I PerezBrian C KraemerMurilo L BelloConcepci_n PerezNicole F LiachkoMagalie LecourtoisMiriam RedondoCarmen GilLaetitia Miguel}
642,,nan,nan,Journ#al of Women'#s Health (15409996),nan,1540-9996,88.18816347337889,40.941829337511045,1/6/01,862-869,{Alicia HeapySally G. HaskellM. Carrington ReidRobert D. KernsRebecca K. Papas}
643,847600,Experiences of African-American Women with Smartphone-Based Ecological Momentary Assessment.,nan,Public health nursing (Boston Mass.),Public Health Nurs,15%25-1446,-1,-3.866352281372315,4/15/11,nan,{Ashley McDonaldSha%nnon N ZenkColleen C@@orteKelly K Jones}
644,638338,Letter by Raposeiras-Roubin et al regarding article mortality associated with atrial fibrillation in patients with myocardial infarction: a systematic review and meta-analysis.,eng,$Circulation,Circulation,22-Sep,,,1/11/1@@1#,e483; author's reply e484,{Sergio Raposeiras-Roub_nJos Maria Garc_a-AcuaJos Ram_n Gonzlez-Juanatey}
645,14077,Preferential expression of T-cell receptor V beta-chains in atopic eczema.,eng$,Acta dermato-venereologica,Acta $Derm. Venereol.,nan,76,,nan,214-8@@$,
646,453607,Evidence-based evaluation of therapeutic measures for amyotrophic lateral sclerosis. [Chinese],nan,nan,nan,nan,0,0,nan,nan,{NULL}
647,690793,nan,eng,Protein science : a publication of the Protein Society,Protein Sc??i.,1469-896X,110.24155142769683,3,1/12/03,307-17,{Cameron F AbramsSpencer T Stober}
648,799604,Factors associated with orthodontic patient compliance with intraoral elastic and headgear wear.,nan,American journal of orthodontics and dentofacial orthopedics : official publication of the American Association of Orthodontists its constituent societies and the American Board of Orthodontics,Am J Orthod Dent#ofacial Orth@@op,088$9-5406,97,4,4/1/90,336-48,{E A Be??GoleH S $UpshawR J Egolf}
649,,nan,eng,JAAPA: Journal of the American Academy of Physician Assistants (Haymarket Media Inc.),nan,1547-1896,20,,1/7/01,nan,{Richard AndrewsErica B LundstenA Maureen Bundick Morgan}
650,935189,Influence of two handwashing frequencies on reduction in colonizing flora with three handwashing products used by health care personnel.,nan,American journal of infection control,Am J Infect Control,0196-6553,,2,nan,83-88,{E LarsonB A LaughonK Mayur}
651,711472,nan,nan,Journal of Aging & Physical @@Activity,nan,1063-8652,16,0,2/8/07,S67-%8 1p,{Bouchard DRSoucy LSenechal MBrochu MDionne IJ}
652,660574,Meta-analysis of the influence of I148M variant of patatin-like phospholipase domain containing 3 gene (PNPLA3) on the susceptibility and histological severity of nonalcoholic fatty liver disease.,eng,Hepatology (Baltimore Md.),Hepatology,%1??527-3350,53,6,1/1$1/06,1@@883#-94,
653,873322,Prevalence molecular characterization and phenotypic confirmation of extended-spectrum beta-lactamases in Escherichia coli Klebsiella pneumoniae and Klebsiella oxytoca at the Radboud University Nijmegen Medical Centre in The Netherlands,eng,Microb Drug Resist,nan,nan,16,1,1/10/01,55-60,{C. HandgraafW. J. MelchersT. K%la@@assenP. D. SturmE. T. BochumS. V. van Mook-Vermulst}
654,774830,Diagnosis of Stroke-Associated Pneumonia: Recommendations From the Pneumonia in Stroke Consensus Group.,nan,Stroke; a journal of cerebral circulation,Stroke,0039-2499,46,32.47736617946151,1/15/01,2335-2340,{Diederik van de BeekAnth$ony G RuddLalit KalraJoan MontanerJavier GarauPippa J TyrrellStephen J HopkinsCraig J SmithMark WoodheadAngel ChamorroMario Di NapoliAndreas MeiselPeter LanghorneAndy VailAmit K KishoreChristine Roffe}
655,768192,nan,eng,J Grad Med Educ,Journal of graduate medical education,1949-8349 (Print)     1949-8357,5,3.1416466142121693,nan,nan,{P. D. FabricantM. P. BostromC. J. D??y#D. M. Dare}
656,950926,FACTORS ASSOCIATED WITH SELF-WORTH IN YOUNG PEOPLE WITH PHYSICAL DISABILITIES,nan,Health & Social Work,nan,0##360-7283,29,,1/4/01,167-175,
657,204215,Different renal toxicity profiles in the association of cyclosporine and tacrolimus with sirolimus in rats.,eng,nan,Nephrol. Dial. Transplant.,1460@@-2#385,23,44.639895039655215,1/8/#10@@,11-Sep,{N_ria LloberasMarcel la FranquesaJosep M CruzadoJosep M Griny_Ins RamaGabriela AlperovichImmaculada Herrero-FresnedaJoan TorrasPepita Gimnez-Bona%f}
658,129552,A meta-analysis of alcohol drinking and oral and pharyngeal cancers. Part 2: results by subsites.,nan,Oral oncology,Ora%l Oncol.,1879-0593,46,30.602468415402665,nan,720-6,{Paolo BoffettaGiovanni CorraoIrene TramacereVincenzo BagnardiEva NegriLorenza ScottiWerner GaravelloMatteo RotaCarlo La VecchiaFederica TuratiFarhad Islami}
659,526825,Genetic overlap between diagnostic subtypes of ische%mic stroke.,nan,Stroke; a journal of cerebral circulation,Stroke,0039-2499,46,3,nan,615-9,{Eugenio A ParatiBruce M PsatyChristopher LeviGuido FalconeIoana CotlarciucBradford B WorrallRodney J ScottHugh S MarkusJonathan RosandJim JannesJohn W ColeSudha SeshadriRainer MalikM Arfan IkramChristopher OldmeadowKaren L FurieKerri L WigginsJane M MaguireMatthew TraylorPeter M Rothwell[Collective Name] Wellcome Trust Case Control Consortium 2[Collective Name] Australian Stroke Genetics CollaborativeSteven J KittnerBraxton D MitchellElizabeth G HollidayJemma C HopewellGiorgio B BoncoraglioEric BoerwinkleLisa F LinczRobert ClarkeSteve BevanNaomi R WrayJohn AttiaJames F MeschiaJoshua C BisThomas H MosleyMike A NallsCathie SudlowYu-Ching ChengPankaj SharmaMartin Dichgans[Collective Name] International Stroke Genetics ConsortiumMyriam Fornage}
660,307698.42742528685,Serum S100B represents a new biomarker for mood disorders.,eng,nan,nan,1873-5592,14,,1/13/10,1237-48,{Peter SchoenknechtMatthias L SchroeterJohann SteinerKarsten MuellerJulia Sacher}
661,20641,Serial postoperative awake and sleep EEG and long-term seizure outcome after anterior temporal lobectomy for hippocampal sclerosis.,eng,Epilepsy research,nan,1872-684%4,108,26.427519954642072,1/14/07,945-52,{Alfredo D'AnielloAddolorata MasciaVincenzo EspositoPier Paolo QuaratoMarco De RisiAngelo PicardiGiancarlo Di GennaroLiliana G GrammaldoSara CasciatoGiulio N Meldolesi}
662,706764,nan,nan,nan,nan,nan,45,0,1/11/01,A31,{N. Cord-Udy}
663,388872,nan,eng,The Journal of heart valve disease,J. Heart Valve Dis.,0966-8519,20,3,??1/11/05,341-7,
664,681305,Pooled analysis of non-union re-operation infection and approach related complications after anterior odontoid screw fixation.,eng,PLoS One,PloS one,1932-6203,9,7,nan,e103065,{Yong-Long ChiXiao-Lei ZhangNai-Feng TianYao-Sen WuXin-Lei WuXiang-Yang WangFang-Min MaoLi-Jun WuXu-Qi Hu}
665,541739,Accuracy risk and the intrinsic value of diagnostic imaging: a review of the cost-utility literature.,%#eng,Academic radiology,Ac@@ad Radiol,1878-4046,19,5,1/12/05,599-606,{Hansel J OteroPeter J NeumannChi H FangRobert J WardMeera Sekar}
666,558824,Swabbing Surgical Sites Does Not Improve the Detection of Staphylococcus aureus Carriage in High-Risk Surgical Patients,Eng,nan,nan,nan,,,nan,nan,{M. S. IharaJ. R. Tripet-DielK. ShahlaieC. S. LiJ. BrownS. H. CohenM. Giordani@@E. O. Klineberg$}
667,954980,Effect of chewing gun on the promotion of intestinal function recovery after colorectal cancer surgery: A meta-analysis. [Chinese],Chinese     English Chinese,Chinese Journal of Evidence-Based Medicine,Chin.J.Evid.-Based Med.,1672-253@@#1,15,19.99291104639492,1/15/01%@@,542-549,{Q. X. ZhangJ. H. TianX. Y. TanA. L. YangX. M. YangZ. X. Zhang}
668,896410,School Climate and Students' Early Mathematics Learning: Another Search for Contextual Effects.,nan,American Journal of Education,nan,nan,119,7.147143605431687,1/13/02,209-234,{KATERINA1 BODOVSKIRACHAEL3 WALSHINBAL2 NA????HUM-SHANI}
669,,Chronic hypokalemia due to excessive cola consumption: a case report,nan,Cases J,Cases journal,1757-1626,1,1,1#/8$/01,32,{C. D. %Packer}
670,303571,nan,nan,nan,nan,nan,106.39320433805148,2,nan,142-166,{Melinda Dooly}
671,193059,Wirkungen und Risiken neuartiger psychoaktiver Substanzen: Fehldeklaration und Verkauf als Badesalze Spice und Forschungschemikalien,nan,nan,nan,nan,544.4056507903658,9,1/14/01,139,{G. MikusN. HohmannD. Czock}
672,416171,[New guidelines for bariatric surgery care: practical implications],French,nan,nan,nan,27.33840447394563,288,1/11/01,700-4,
673,810153,I#nosiplex for treatment of alopecia area#ta: A randomized placebo-controlled study,nan,Acta Derm.-Venereol.,nan,-9262,342.5779748481215,5,nan,422-424,{Katoulis A.C.Georgala K.Georgala S.Befon A.Stavropoulos P.G.}
674,164085,nan,nan,Environmental monitoring and assessment,nan,1573-2959,879.5231987700765,1,1/9/01,2%09-19,{Ahmet Asan}
675,619668,nan,eng,Acta Neurol Scand,nan,nan,110,22.8249016472435,1/4/10,207-20,{A GaitatzisM R TrimbleJ W Sander}
676,,Obesity and obstructive sleep apnea: Carry the torch of awareness,nan,nan,nan,nan,6,9.102439020910492,1/11/01,$55-56$,{K. F. Joyner}
677,,Aerobic fitness testing in patients with chronic low back pain: which test is best?,nan,nan,nan,nan,25,0,1/1/00,1704-10 ST  - Aerobic fitness testing in patients with chronic low back pain: which test is best?-,{T. H. MichelW. C1  - Frn RCT-s_kningen CN  - Pubmed DA  - Jul 1 DP  - NLM ET  - 2000/06/28 RogersA. WagnerH. WittinkR. KulichA. SukiennikR. Maciewicz}
678,198675,Poster abstracts. The National Association of% Bariatric Nurses 4th Annual Meeting and Conference October 24-27 2007 North C#harleston South Carolina,nan,nan,nan,nan,,,1/7/0#1@@,262-265 ST  - Poster abstracts. The National Association of Bariatric Nurses 4th Annual Meeting and Conference October 24-27 2007 North Charleston South Carolina-,{NULL}
679,316114,nan,nan,nan,nan,nan,,13.37246161252264,1/10/01,79-85,
680,626797,nan,eng,Journal of Experimental Psychology: General,nan,0096-3445,137,3,1/8/08,514-27,{Aaron P BlaisdellJa%red WongKenneth J LeisingMichael R Waldma??nn}
681,,How Much Trash Do You Trash?,nan,nan,nan,003$6-8148 0036-8148,50,29.699540063236864,1/13/03,5%0-5$5,{Vanashri Nargund-JoshiJean S. Lee}
682,811629,Implementing pharmacogenetics: Pharmarray acodose and pharmacogenetic consultation,nan,Basic and Clinical Pharmacology and Toxicology,nan,nan,113,0,nan,22,
683,280418,Designing in the social context: Using the social ??contextual model of health behavior change to develop a tobacco control intervention for teachers in India,English,nan,nan,0268-1153,28,1,1/13/01,113-129,
684,757660,Association of interleukin-10 cytokine expression status with HLA non-DRB1*02 and Mycobacterium bovis BCG scar-negative status in south Indian pulmonary tuberculosis patients.,eng,Infection and immunity,Infect. Immun.,0019-9567,69,9,nan,5635-42,{A D NageswariS VaniP MuthuveeralakshmiS ShanmugalakshmiV DheenadhayalanG ArivarignanR M Pitchappan}
685,54163,Abstracts 15#,nan,nan,nan,nan,,0,1$/??10/01,nan,{P MroczkowskiR KubeA DzikiB MoranH LippertI Gastinger}
686,,nan,nan,Photomedicine and laser surgery,Photomed Laser Surg,nan,190.3598140461845,1,1/14/01,9-Mar,{Norbert GutknechtManuel F CarvalhoIrene Pina-VazMiguel R MartinsJose A CapelasMiguel A Martins}
687,293974,nan,nan,Eastern Mediterranean Health ??Journal,nan,1020-3397,98.97291366681864,4,1/14/01,257-264,{S HajjemM HsairiN Ben MansourH SkhiriH Aounallah-Skhiri}
688,247571,Anterior olecranon fracture-dislocations of the elbow in children. A report of four cases,eng,J Bone Joint Surg Am,The Journal of bone and joint surgery. Ameri??c@@an volume,00@@21-9355 (Print),91,6,1/9/01,1487-90,{D. RingR. G. AlbersT. G. Guitton}
689,,nan,eng,Oral surgery oral medicine oral pathology oral radiology and endodontics,Oral Surg Oral Med Oral Pathol Oral Radiol Endod,1528-395X,,1,1/$9/$07,nan,{Su-Gwan KimJi-Yeon AhnYoung-Kyun KimJong-Wan KimPil-Young Yun}
690,38197,[Studies on cefotaxime (HR 756) concentration in human biliary tract and clinical effect for acute or subacute cholecystitis with cholelithiasis (author's transl)],jpn,nan,nan,nan,121.99226873491511,0,1/1??/81??,447-52 ST  - [Studies on cefotaxime (HR 756) concentration in human biliary tract and clinical effect for acute or subacute cholecystitis with cholelithiasis (author's transl)]-,{I. HashimotoS. HirasawaY. SawadaY. KasaiJ. MikamiH. AbeM. NakanishiE. BekkiK. KasaiT. NakamuraM. DA  - Mar DP  - NLM ET  - 1981/03/01 Omosu}
691,,Isolated cerebellar involvement in a case of posterior reversible leukoencephalopathy.,en$g,C#linical r%adiology,Clin Radiol,#Sep-60,61,11,nan,983-6,{M CaliskanM Karab_c_ogluA CitakN UzelK AydinA NayirD D Soysal}
692,,The rocky road to rational prescribing,nan,nan,nan,nan,86.20640789196531,0,nan,nan,{I. Williamson}
693,,Defining interaction interfaces important for the establishmen$t of cell polarity in Drosophila @@neuroblasts,En#glish,FASEB Journal. Conference: Experimental Biology,nan,nan,,1,1/14/01,nan,{K. PrehodaA. NovakJ. Mauser}
694,45797,The exercise prescription: focus on vascular mechanisms.,nan,Blood pressure monitoring,nan,1473-5725,2,3,6/1/97,nan,{[Collective Name] Jennings[Collective Name] Kingwell}
695,605277,Child social skills training in developme??ntal crime prevention: effects on antisocial behavior and social competence.,nan,nan,Psicothema,nan,18,3,1@@/6/08,603-1??@@0,{Andreas BeelmannFriedrich L_sel}
696,749261,Soda and cell aging: associations between sugar-sweetened beverage consumption and leukocyte telomere length in healthy adults from the National Health and Nutrition Examination Surveys,nan,Am J Public Health,nan,1541-0048,104,57.46038873905708,1/14/01,2425?#?-31,{N. E. AdlerJ. LinE. S. EpelD. H. RehkopfB. A. LaraiaE. H. BlackburnB. L. NeedhamC. W. Leung}
697,752305,Unsuspected ethanol ingestion through soft drinks and flavored beverages,nan,J Anal Toxicol,Journal of analytical toxicology,0146-4760 (Print) 0146-4760,20,5,1/1/96,332-3,{L. KadehjianE. J. ConeB. A. Goldberger}
698,,Altering existing buildings in the UK,nan,Energy Policy,nan,0301-4$215@@,36,12,1/8/01,4482-4486,{S. Roberts}
699,150198,The c@@oncept of neurosis in a cross-cultural pe??rspective,eng,nan,nan,nan,20,0,nan,47-51 ST  - The concept of neurosis in a cross-cultural perspective-,{S. K. ChaturvediD. CN  - PubMed_140821 DA  - Jan DO  - 10.1097/YCO.0b013e328010ca65 DP  - NLM ET  - 2006/12/05 Bhugra}
700,894415,internetQueryObject to Partner With DataFlux; iQO to Provide Enhanced Application Scalability through QueryObject System; Dat@@aFlux to Enhance Data Accuracy through dfPower,English,Business Wire??,nan,nan,0,0,7/1/00,1-Jan,{Business/Technology Editors}
701,785707.3776501695,Feasibility of using hospital personnel to create a sustainable CPR training program for family members of hospitalized patients,nan,nan,nan,nan,126,,1/12/01,nan,{J. LeB. RiegelB. J. BobrowA. L. BlewerB. S. AbellaM. LearyD. Buckler}
702,556090,Lung function efficacy of olodaterol qd delivered via respimat vs placebo and formoterol bid in patients with COPD: two 48-week studies [Abstract],Englis#%h,Respirology (Carlton Vic.),Respirology,1440-1843,0,0,1#/14/01,120 [TP 184],{Pizzichini EHart LPaggiaro PHamilton APeters MKorducki LDe Salvo MDe La Hoz AKoch A}
703,770589,Antenatal lower genital tract infection screening and treatment programs for preventing preterm delivery,eng,Cochrane Database Syst Rev,nan,1469-493X,2,0,nan,Cd006178,{U. S. SangkomkamhangP. LumbiganonW. PrasertcharoensukM. Laopaiboon}
704,450743,Meta-analysis of guided bronchoscopy for the evaluation of the pulmonary nodule.,nan,nan,nan,nan,,0,nan,nan,{NULL}
705,157566,Bladder cancer and urothelial impairment: the role of TRPV1 as potential drug target.,nan,BioMed research international,nan,2314-6141,6168.648479780803,,1/14/01,987149,{Paolo Dell'OglioAlessandro LarcherNicola FossatiNicol_ Maria BuffiAlberto AbrateGiuliana ListaFrancesco MontorsiFrancesco MistrettaMassimo LazzeriGiorgio GuazzoniGiovanni Lughezzani}
706,,Effect of a cooling hood on physiological responses to work in a hot environment,eng,J A@@ppl Physiol,Journal of applied physiology,0021-8987 (Print)     0021-8987,29,1,1/1/70,Sep-36,{E. Shvartz}
707,560120,A novel approach to control hyperglycemia in type 2 diabetes: sodium glucose co-transport (SGLT) inhibitors: systematic %review and meta-analysis of randomized trials.,nan,nan,Ann. Med.,1365-2060,44,4,1/12/06,375-93,{Gianfranco PaganoGiovanni MussoMaurizio CassaderRoberto Gambino}
708,323820.282742984,Obesity weight change and risks for hypertension diabetes and hypercholesterolemia in Japanese men.,nan,European journal of clinical nutrition,Eur J Clin Nutr,0954-3007,56,7,1/2/07,601-7,{K Ishikawa-TakataT OhtaK MoritakiT GotouS Inoue}
709,3397422.677221737,Delayed costs of suppressed pain.,eng,Journal of personality and social psychology,J Pers Soc Psychol,nan,64,2,nan,274-82,{D CioffiJ Holloway}
710,265969,Osteoarthritis of the thumb carpometacarpal joint in women and occupational risk factors: a case-control study,eng,J Hand Surg$ Am$,The Journal of$ hand surgery,0363-5023,32,,1/7/01,$459-65#,{J. M. ClaiseS. NeelP. CatilinaL. FontanaS. Ughetto}
711,820508,A comparative outcome study of body awareness therapy feldenkrais and conventional physiotherapy for patients with nonspecific musculoskeletal disorders: Changes in psychological symptoms pain and self-image,English,Physiotherapy Theory and Practice,Physiother. Theory Pract.,09593985 (ISSN),17,9.84728421434176,1/1/01,??%77-95,
712,446026,Use of implantabl??e cardioverter-defibrillators for primary prevention in older patients: A systematic literature review and meta-analysis.,nan,nan,nan,nan,,0,nan,nan,{NULL}
713,84941,nan,eng??,BMC neurology,BMC Neurol,nan,38.04762169312238,-4.741753002648187,1/12/01,25,{Anna BrownJane GreenValerie BeralGillian ReevesPat Doyle}
714,,Burkholderia cepacia complex infection in a case of sinonasal polyposis recurrence without cystic fibrosis,%eng,nan,nan,nan,35,3,1/8/01,414-6,{A. PavinA. StaffieriG. MarioniG. Bre%sciaR. Rinaldi}
715,428909,Pilot randomized controlled trial of web-based acceptance and commitment therapy for smoking cessation.,nan,Nicotine & Tobacco Research,nan,1462-22%03,15,10,1/13/10,1756-1764,{Jaimee L. HeffnerJonathan BrickerBryan ComstockChristopher Wyszynski}
716,110453,Anti-hypertensive medicines prescribing for medical outpatients in a premier teaching hospital in Nigeria: a probable shift of paradigm.,eng,Pharmacy practice,Pharm Pract (Granada),1885-642X,12,2,1/14/04,nan,{Kazeem B YusuffUnyime I Eshiet}
717,,Agitation aggression and disinhibition syndromes after traumatic brain injury,nan,NeuroRehabilitation,Neur%oRehabilitation,1053-8135,17,4,1/2/01,297-310,{E. Kim}
718,82695,The effect of lymphatico-venous anastomosis for an intractable ulcer at the lower leg in a marked obese patient.,eng,nan,Microsurgery,1098-2752,34,4.391473827722758,1/14/01,Jul-64,{Hisako HaraYukio SekiNoriyuki MuraiIsao KoshimaTakuya IidaMakoto MiharaTakeshi Todokoro}
719,820059,Effects of multifunctional fabrics on cardiac autonomic tone and psychological state,English,International Journal of Neuroscience,nan,0020-7454,114,8,1/4/01,nan,
720,771288,Manual versus electric vacuum aspiration for first-trimester abortion: a systematic review,en#g,nan,BJOG : an international journal of obstetrics and gynaecology,1470-0328 (Print) 1470-0328,115,1,nan,13-May,{F. DengJ. WenQ. Y. CaiY. P. Li}
721,54202,Behaviour Research and Thera@@py Outcome predictors in guided and unguided self-help for social anxiety disorder,nan,Behaviour Research and Therapy,nan,nan,50,1,1?@@?/12/01,13-21 DO  - 10.1016/j.brat.2011.10.009,{O E HavikP CarlbringL G _stT NordgreenG AnderssonT Furmark}
722,3268830.7970200498,nan,eng,J Pediatr (Rio J),nan,0021-7557,91,5,1/15/01,nan,{M. H. de Oliveira Juni$orE. S. SarinhoG. V. de AraujoD. M. Peixoto}
723,741279,Bradykinin is a mediator but unlikely a trigger of antiarrhythmic effects of ischemic preconditioning,nan,Journal of Cardiovascular Electrophysiology,nan,nan,18,1,1%/7/01@@,93-99 7p,{S. V. Driamo@@vS. ButzP. T. BuserC. E. ZauggM. Bellahcene}
724,64430,The NADPH oxidase-mediated productio??n of hydrogen peroxide (H(2)O(2)) and resistance to oxidative stress in the necrotrophic pathogen Alternaria alternata# of citrus.,eng,Molecular plant pathology,Mol. Plant Pathol.,1364-3703,13,8,1/12/10,900-14,{Siwy Ling YangKuang-Ren Chung}
725,461657,Review of epidemiology and management of atrial fibrillation in developing countries.,nan,nan,nan,nan,0,0,nan,nan,{NULL}
726,240949,William H. Taft High School Project HOLA 1985-1986. OEA Evaluation Report.,nan,nan,nan,nan,0,,@@1/%1/86,nan,{Brooklyn. Office of Educational Assessment. New York City Board of Education}
727,453909,The lung cancer management guidelines 2012.,nan,nan,nan,nan,,0,nan,nan,
728,222452,Special problems in the prosthetic rehabilitation of deep bite,nan,nan,nan,nan,,2,1/1/75,170-5,{R. Voss}
729,163839,The potential impact of bias in studies of residential exposure to magnetic fields and childhood leukemia,nan,Bioelectromagnetics,Bioelectromagnetics,1521-186X,0,,1/1/01,S32-47,{NULL}
730,696132,Changes of interaction during the development of a mathematical learning environment.,nan,nan,nan,1386-4416 #1386-4416,14,5,1/11/10,nan,{dirk.hoek@ou.nl Hoek Dirk1Koeno2 Gravemeijer}
731,257990,An internet-based program to enhance motivation to change in females with symptoms of an e$at??ing disorder: A randomized controlled trial,nan,nan,nan,nan,44,0,1%/%14/01,1947-1963,{Hotzel?? KR von BrachelKosfelder JHechler TVocks SRieger ESchulte DSchmidt U}
732,1590034.3923298966,Air pollution and risk of urinary bladder cancer in a case-control study in Spain,nan,Occupational and environmental medicine,Occup Environ Med,14??70-79@@26,65,1,1/8/01,56-60,{Nuria MalatsAlfredo CarratoManolis KogevinasNathaniel RothmanConsol SerraReina Garcia-ClosasDebra SilvermanAdonina TardonKenneth P. CantorMustafa DosemeciGemma Castano-VinyalsRoel Vermeulen}
733,617801,Remission rates following antidepressant therapy with bupropion or selective serotonin reuptake inhibitors: a meta-analysis of original data from 7 randomized controlled trials.,eng,J. Clin. Psychiatry,nan,0160-6689@@,360.77201465561905,28.51076842018502,1/5/08,9%74-@@81,{Michael E ThaseYounghua WangApril E HarriettMelinda MittonCarol B RockettBarbara R HaightJack G ModellNathalie RichardSusan VanMeter}
734,480030,Adaptive convex combination approach for the identification of improper quaternion processes,eng,nan,nan,nan,25,1,nan,172-82,{C. JahanchahiC. C. TookB. C. UjangD. P. Mandic}
735,660499,nan,nan,Violencia contra a crianca: revelando o perfil dos atendimentos em servicos de emergencia Brasil 2006 e 2007.,nan,nan,25,1,1/9/01,28$-Jul,{Marl$os Rodrigues DominguesAna Cla$udia Gastal FassaMaria Laura Vidal Carret}
736,355078,Use of episiotomy in the United States,eng,Birth,nan,1@@@@523-536X,29,,nan,Jun-74@@,{M. C. Klein}
737,696985,The Diversion of Ultram Ultracet and generic tramadol HCL.,eng,Journal of addictive diseases,nan,1545-0848,25,2,nan,53-58,
738,826471,Aberrances in autonomic cardiovascular regulation in fibromyalgia syndrome and their relevance for clinical pain reports,eng,Psychosomatic medicine,Psychosom Med,0033-3174,,,1/10/01,462-70,{Sergio GarridoAngeles PulgarStefan DuschekMar_a Mart_n-VzquezGustavo A Reyes Del Paso}
739,807737,Sorafenib and pegylated interferon-alpha-2b in advanced metastatic melanoma: A multicenter phase II DeCOG trial,nan,nan,nan,0732-183X,28,15,nan,nan,
740,,Dispersal of methicillin-resistant Staphylococcus epidermidis by staff in an operating suite for thoracic and cardiovascular surgery: relation to skin carriage and clothing,??@@eng,J H??osp Infect,nan,0195-6701 (Print) 0195-6701,,,1/1/00,nan,{P. DomicelA. Tammel#inE. StahleA. Hambraeus}??
741,322953,Psychometric validation of the Growth and Empowerment Measure (GEM) applied with Indigenous Australians,nan,Australian and New Zealand Journal of Psychiatry,nan,Apr$-74,44,9,1/10/01,nan,{Komla TseyMelissa R HaswellLyndon ReillyDavid KavanaghChris DoranArlene LaliberteAndrew WilsonYvonne Cadet-James}
742,479495.75967545214,Alveolar soft part sarcoma of the uterine corpus. Report of two cases and review of the literature,eng,nan,nan,nan,194,,1/1/98,59-63,{K. RadigA. RoessnerP. Buhtz}
743,768513.3163425239,It's Time Practitioners Help Families Clear the Air of Secondhand Smoke: A Commentary on Pyle et al. (2005),nan,nan,nan,nan,23,0,1/5/01,25-29,{Geoffrey C. WilliamsBai Brownson Difranza Gehrman Glantz Law Mokdad Ory Panagiotakos Pechacek Pyle Sargent Sweda Whincup Whitlock Arcavi}
744,440684,Hemostatic resuscitation for massive bleeding: The paradigm of plasma and platelets - A review of the current literature.,nan,nan,nan,nan,0,0,nan,nan,{NULL}
745,758629,Studies on the biological activity of two strains of BCG: influence of production conditions.,@@@@eng,DEV. BIOL. STAND.,nan,0301-5149,58,-3.9349201030246217,1/1/86,nan,{M ChouchkovaA Engibarov}
746,,Myocardial fibrosis by T1 mapping is an early indicator of severe cardiac allograft vasculopathy,nan,$Circulation,Circulation,22-Sep,128,22,1/13/01,nan,{N. HarcourtS. C. MasriM. ColvinG. Raveendran}
747,265490,Follistatin-like protein 1 regulates chondrocyte proliferation and chondrogen$ic differentiation of mesenchymal% stem cells,Eng,Ann Rheum Dis,Annals of the rheumatic $diseases,Mar-67,0,0,nan,nan,{S. M. SmithA. D. MarinovR. HirschD. S. BushnellB. T. CampfieldH. C. BlairY. Chaly}
748,,Structural brain changes %associated with antipsychotic treatment in schizophrenia      as revealed by voxel-based morphometric MRI: an activation likelihood estimation %      meta-analysis.,nan,nan,nan,nan,0,0,nan,nan,{NULL}
749,749844,Insights in public health: taxing sugar sweetened beverages to improve public health: policy action in Hawai'i. Doctoral Health Policy Seminar Spring 2013,nan,Hawaii J Med Public Health,nan,nan,72,34.37070887075046,1/13/01,286-91,{T. SentellT. UsagawaM. HagiwaraT. PeacockH. Hee HeoM. G. PearceL. ChoyM. R. Dela Cruz}
750,,[Evidence-based therapy guideline of the German Working Group on Obesity in Childhood and Adolescence].,nan,nan,Bundesgesundheitsblatt Ge$sundheitsforschung Gesundheitsschu#tz,1437-1588,240.48758874876185,5,1/11/05,584-90,{M W%abitschA MossD Kunze}
751,166521,The cost of national service frameworks,eng,nan,nan,nan,65,0,1/4/01,nan,{R. CN  - PubMed DA  - Feb DP  - NLM ET  - 2004/03/05 Boyle}
752,,Simple steps to fitness. Secrets of stre??ngth. Strength training is as important to weight loss and fitness as aerobic exercise is but many people ignore it. Here's how to get started.,eng,Diabetes forecast,nan,0095-8301,,8,1/2/08,9$8--100,{Shauna S Roberts}
753,181456,H??omeplace and Housing in the Lives of Low-Income Urban African Ame#rican Families,nan,nan,nan,nan,0,0,nan,$166??-188,{Linda M. BurtonAltman Bullard Burton Burton Burton Burton Burton Clark Conley Dilworth-Williams Fischer Foucault Franklin Gieryn Gilbert Goering Hooks Howard Kidder Lahiri Lawson Clark Lawson Clark Lawson Clark Low Massey Oliver Perkins Rosenbaum Rosenbaum Sanders Stack AllanSherri Lawson Clark}
754,2736281.766102648,nan,ENG,Biomedical reports,Biomed Rep,2049-94@@34,1,3,1/13/05,464-468,{Yan-Yan LiYun QianChuan-Wei Zhou}
755,276001,[Effects of tobacco advertising regulations in various countries],nan,Nihon Kosh#u Eisei Zasshi,[Nihon koshu eisei zasshi] Japanese journal of public health,0546-1766 (Print) 0546-1766,42,46.61694226853997,1/1/95,1017-28,{T. S@@one@@}
756,,Intensive glucose control in the management of diabetes mellitus and inpatient hyperglycemia,eng,Am J Health Syst Pharm,American jou#rnal of health-system pharmacy : AJHP : official journal of the American Society of Health-System Pharmacists??,1079-2082 (Print) 1079-2082,67,10,1/1#0/??01,798-805,
757,2462899.058486368,nan,eng,Oncology n#ursing forum,Oncol Nurs F??@@orum,0190-535X,,5,1/1/06,815-22,{Y@@@@ L Ku}
758,433039,Palliative sedation therapy in the last weeks of life: a literature review and recommendations for standards.,nan,nan,nan,nan,0,0,nan,nan,
759,737167,Understanding depression in palliative and end-of-life care,en,Nurs Stand,#Nursing standard (Royal College of Nursing (Great Britain) %: 1987),0029-6%570 (Print) 0029-6570,23,12,nan,48-57; quiz 58 60,{S. AshelfordV. Taylor}
760,744601,Inhaled anticholinergics and risk for acute urinary retention: A case-crossover and case-time-control study,nan,Value Health,nan,nan,17,7,nan,A776,
761,856471,nan,eng,EXPERIMENT??AL C#ELL RESEARCH,nan,nan,284,2,nan,283-90,{W. HunzikerK. H. Tan}
762,570704,Rituximab$-related viral infections in lymphoma patients.,eng,Leukemia & Lymphoma,nan,1042-8194,,7,1/7/07,nan,{Saadettin KilickapOmer DizdarSercan AksoyIbrahim BaristaHakan HarputluogluKadri AltundagDidem Sener Dede}
763,520153,Fetal lung volume measurements: determination with MR imaging--effect of various factors.,nan,RADIOLOGY,nan,0033-8419,240,3.6124673963956417,1/6/07,187-93,{Carol E BarnewoltHiroto HatabuMizuki NishinoDeborah LevineHenry A Feldman??Judy A Estr%offValerie L Ward}
764,259267,Intra-operative change of gastric ph during laparotomic cholecystectomy under general anaesthesia: A prospective case-control study,nan,nan,nan,nan,56,,1/12/01,40-43,{S. DeyP. BhattacharyyaB. K. BiswasB. BhattaraiP. Bhakta}
765,24381,The CARE guidelines: consensus-based clinical case reporting guideline development.,nan,Headache,Headache,1526-4610@@,,10,1/13/11,1541-7,{[Collective Name] CARE GroupJoel J GagnierDavid MoherDouglas G AltmanGunver KienleDavid RileyHarold Sox}
766,827921,Effect of a creative-bonding intervention on Taiwanese nursing students' self-transcendence and attitudes toward elders.,eng,Res Nurs Health,nan,1098-240X,32,2,1/9/04,204-16,
767,461204,Fc receptor-like 3 (FCRL3) -169 C/T polymorphism and systemic lupus erythematosus: A meta-analysis.,nan,nan,nan,nan,0,,nan,nan,{NULL}
768,482860,[Indirect anastomoses for moyamoya disease].,jpn,No shink#ei geka. @@Neurological surgery,nan,0301-2603,26,9,nan,nan,{Y Mats@@us$hima}
769,18298,Ulcer Healing After Peripheral Intervention.,ENG,nan,Circ. J.,1347-4820,-1,-1,4/14/07,nan,{Daiki UchidaYukihiro SaitoHisashi UchidaAtsuhiro KoyaNobuyoshi Azuma}
770,365654,Measuring the bright side of being blue: a new tool for assessing analytical rumination in depression.,eng,PLoS One,PloS one,1932-6203,9,11,1/14/01,e112077,{Skye P BarbicPaul W AndrewsZachary Durisko}
771,3032503.908480803,[Mammographic density: a valid risk factor for breast cancer?].,f??re??,Prvention de l'insuffisance rnale induite par les produits de contrnste iodes,nan,0221-0363,89,9,1/8/09,nan,{G Bou??tet}
772,2028576.7281481149,nan,eng,Ann. Hematol.,nan,0939-5555,80,-3.7724102633403382,1/1/01,B123%-6#,
773,88262,Core symptom measures in cancer clinical trials.,eng??,Journal of the National Cancer Institute,J. Natl. Cancer Inst.,1460-2105@@,106,7,1/14/07,nan,{Carolyn Gotay}
774,3537179.4441190637,Human papillomavirus infection and increased risk of HIV acquisition. A systematic review and meta-analysis.,eng,AIDS (London England),AIDS,1473-5571,26,17,11/13/12,2211-22,{Chunhui WangRichard HayesLouise KuhnStephen ShiboskiJennifer S SmithNatasha L LarkeDeborah Watson-JonesCatherine F Houliha??nPatti E GravittKaren K Smith-McCune}
775,718292,Prevalence of different morphologic forms of the human tongue in young Finns.,eng,Oral surgery oral medicine and oral pathology,Oral Surg. Oral Med. Oral Pathol.,0030-4220,53,2,2/1/82,152-6,{M MikkonenR KotilainenA Kullaa-Mikkonen}
776,245200,Osteoporosis in men,eng,Arch Intern Med,Archives of internal medi@@cine,0003-9926 (Print) 0003-9926,158,2,@@1/1/98,194,{M. Galus}
777,,Neurolymphatische Bahnen: neue wissenschaftliche Nachweise untermauern die Perrin-Technik,nan,nan,nan,nan,14,2,1$/13/06,15-Oct,{Raymond N. Perrin}
778,217418,Long term follow-up of conservative treatment of severely traumatized maxillary incisors,nan,nan,nan,nan,73.44210807629076,4,1/1/97,190-192,{Z. HirschfeldI. BrinA. FuksM. Guelmann}
779,2356916.338160941,Magnetic resonance imaging evaluation of bone marrow changes in obstructive sleep apnoea syndrome in adults,English     Italian,nan,nan,nan,637.8179468473857,4,1/6/01,572-84,{A. R. AleandriD. ManciniT. CosentiniR. Le DonneN. Colavita}
780,62246,Pulpal response to a fluoride-releasing all-in-one resin bonding system.,nan,Operative %dentistry,Oper Dent,nan,27,3,1/2/05,nan,{Masayuki OtsukiMakoto ArakawaHidekazu SonodaYasutaka SasafuchiYuichi KitasakoJunji Tagami}
781,945021,Improvement of action tremor by chronic cortical stimulation,eng,Mov Diso#rd,Movement disorders : official journal of the Movement Disorder Society,0885-3185,13,5.486525665592282,1/1/98,Aug-84,{B. PollinC. GenyJ. P. NguyenP. CesaroA. Feve}$
782,,nan,nan,Psychological assessment,Psychol Assess,nan,22,2,1/10/06,336-49,{Scott O LilienfeldKeli Holloway AllenHoward N GarbJessica L WildermuthM Teresa NezworskiJames M Wood}
783,934327,Use of a Brief Phone Call After ED Discharge,nan,nan,nan,nan,0,,nan,nan,{NCT01893931 }
784,546484,nan,nan,nan,nan,1303-6521,,2,1/11/04,234-249,{Wu-Yuin HwangGuo-Liang Hsu}
785,917231,[Occupational exposure to sevoflurane in pediatric operating rooms: the multi-point sampling method for risk assessment].,ita,Patologie asbesto correlate in congiunti di lavoratori del settore cemento-amianto.,nan,1592-7830,34,,1/%12/07@@,266-8,{V CerabonaM WachockaU MoscatoV CamisaM G TucciS ZaffinaV MontaldiA Poscia}
786,887418,Impact of crizotinib on patient-reported symptoms and global quality of life (QoL) compared with chemotherapy in a phase III study of advanced alk-positive non-small cell lung cancer (NSCLC),nan,nan,nan,nan,49,,1/13#/$01,$@@-,{V. HirshJ.Y. HanF. BlackhallS. IyerD.W. KimA. ShawA. ReismanK. WilnerH. NokiharaB. Besse}
787,3365087.67222256,A systematic review and meta-analysis of trials of treatment of depression from India,English,Indian Journal of Psychiatry,nan,nan,56,0,1/14/01,$29-@@38,{S. SarkarS. Grover}
788,,nan,rus,Stomatologiia,Stomatologiia% (Mos??k),0039-1735,50,2,3/1/71,79-80,{P K Shestakov}
789,422739,Reporting methods in studies developing prognostic models in cancer: a review.,eng,BMC me@@dicine,nan,1741-7015,30.737961816694607,0,1/10/0#1,nan,{Patrick RoystonRachel WatersSusan MallettDouglas G AltmanSusan Dutton}
790,97795,nan,nan,nan,nan,nan,26,5.0989574463753815,1/1/01,nan,{J. M. NealD. J. KopaczM. A. LewisJ. J. Deck}
791,155127,p16(INK4) Expression is not associated with human papillomavirus in oral lichen planus.,eng,Oral surgery oral medicine oral pathology and oral radiology,Oral Surg Oral Med Oral Pathol Oral Radiol,nan,,,1/14/12,694-702,{Lucio MontebugnoliLuca MorandiLuca ScapoliAnnalisa PalmieriDavide B GissiMaria Pia FoschiniIlaria Manelli}
792,100986,Association of bleeding mortality and sex in acute coronary syndromes: the missing triangle.,ENG,Journal of cardi#ovascular medicine (Hagerstown Md.),nan,1558??-2035,,-1,nan,nan,{Rossana De PalmaPaolo OrtolaniCaterina CaminitiEmilia SolinasPiera Angelica MerliniDiego ArdissinoGiorgia PaoliMaria Francesca NotarangeloPaolo GuastarobaAntonio MarzocchiLuigi VignaliRoxana MehranAntonio Manari}
793,166179,[Severe exposure to environmental lead in a child population in Antofagasta Chile],nan,Exposicion severa a plomo ambiental en una poblacion infantil de Antofagasta Chile.,nan,0034-9887,128,9.026691322154509,1/1/00,221-32,{I. DelgadoJ. Vega}
794,740811,nan,nan,Critical Care Nurse,nan,nan,180.56131655551948,5,1/13/01,18-31 14p,
795,379577,Monitoring of fluid changes in hospitalized Malnourished Guatemalan children using bioelectrical impedance spectroscopy (BIS).,eng,Applied radiation and isotopes : including data instrumentation and methods for use in agriculture industry and medicine,nan,nan,192.4018623473908,5,5$/1/98,615-7,{C PithanM MazariegosN W SolomonsP F_rst}
796,658981,nan,eng,Journal of clinical epidemiology,J Clin Epidemiol,1878-5921,208.95406182046307,53.42066545658685,1%/12#/12,1257-66,{Martijn W HeymansTobias van den BergHan J R AnemaLieke van OortBart W KoesArianne P VerhagenRiekie H C W de Vet}
797,215650,nan,pt,nan,nan,nan,3,2,nan,Aug-91,{Ronaldo FazziAna Estela HaddadMaria Salete Nahs Pires Corr_a}
798,,A cadaver model to evaluate the accuracy and reproducibility of plain radiograph step and gap measurements for intra-articular fracture of the distal radius.,eng,J Hand Surg Am,The Journal of hand surgery,0363-50??23,,,1/4/09,nan,{Jeff KnightJeffery M SmithThomas E TrumbleWren V McCallister}
799,892609,13th IEEE/ACM Symposium on Distributed Simulation and Real-Time Applications DS-RT 2009,nan,nan,nan,nan,0,0,nan,nan,
800,366275,A systematic review on the application of cardiovascular risk prediction models in pharmacoeconomics with a focus on primary prevention.,eng,European journal of preventive cardiology,Eur J Prev Cardiol,2047-4881,61.11217466842949,2,1/12/08,42-53,{Maarten J PostmaPetros PechlivanoglouJelena Stevanovic}
801,513630,Pan-Canadian stu$dy of mammography screening and mortality from breast cancer.,eng,Journal of the National Cancer Institute,J. Natl. Cancer Inst.,1460-2105@@,,11,1/??14/11$,nan,{Jennifer PayneRukshanda AhmadGregory DoyleNorm PhillipsAnna M ChiarelliChristine WilsonKa%thleen DeckerAndrew ColdmanBin ZhangJacques Brisson}
802,605423,Alcohol-related morbidity and mortality.,nan,Alcohol Research & Health,nan,1535-7414,27,1,1/3/01,39-51,{J_rgen RehmGerhard GmelMaurizio TrevisanChristopher T Sempos}
803,2128841.4233228653,nan,eng,nan,nan,nan,16,0,nan,186-192,
804,733752,Eliciting relative preferences for two methods of colorectal cancer screening,English,nan,nan,0961-5423%$,14,2,1/5/@@01,124-31,
805,252118,Bilingual speech: $Bilateral control?,nan,Brain and Language,nan,nan,15,1,1/1$/82,125-142,{H.M. SussmanP. FranklinT. Simon}
806,903817,Tiao-She nursin??g of traditional Chinese medicine for mild cognitive disorder: An assessment of clin??ical evidence,nan,Chin. J. Evid.-Based Med.,nan,1672-2531,,3,nan,346-352,{Li X.-H.Li G.-C.Xie Y.-L.Shang H.-C.Chi K.-L.Jin Y.-H.}
807,80799,One-pot semisynthesis of exon 1 of the Huntingtin protein: new tools for elucidating the role of posttranslational modifications in the pathogenesis of Huntington's disease.,nan,nan,Angew. Chem. Int. Ed. Engl.,nan,192.48044530775192,7,10/14/02,1928-33,{Annalisa AnsaloniJae Sun JeongFrancesco Simone RuggeriGiovanni DietlerZhe-Ming WangHilal A Lashuel}
808,385163,Pathophysiology of paradoxical embolism: evaluation of the role of interatrial septum anatomy based on the intracardiac echocardiography assessment of patients with right-to-left shunting.,eng,Cardiology in the young,Cardiol Young,1467-1107,91.89290788022385,5.6429142834264105,1/15/01,47-55,{Gianluca RigatelliPaolo CardaioliMassimo GiordanAshesh BuchLaura OlivaDobrin VassilievAravinda NanjiundappaFabio Dell'Avv#ocataRamesh DaggubatiDario Adami}
809,,Impact of physical abuse on adulthood depressive symptoms among women.,nan,Issues Ment Health Nurs,nan,1096-4673,29,,1/8/03,nan,{Hanan Al-ModallalAnn PedenDebra Anderson}
810,164721,[The microclimate of apartments and its hygienic norms],nan,Das Mikorklima der Wohnungen und sei$ne hygieni#sche Normierung.,nan,0049-8610,44.75666641748388,47.33539900333794,1/@@1/$67,756-60,{M. S. Goromossow}
811,730721,Prediction Study of Complicati#ons After Sev%ere Trauma,nan,nan,nan,nan,0,0,#1/12/01,nan,{NCT01713205 }
812,439302,American Society of Clinical Oncology clinical practice guideline update on the use of pharmacologic interventions including tamoxifen raloxifene and aromatase inhibition for breast cancer risk reduction.,nan,nan,nan,nan,0,0,nan,nan,
813,410748,Preliminary validity and reliability of a Thai Ber@@lin questionnaire in stroke# patients,English,nan,nan,nan,7,0,1/14/01,348,
814,133777,nan,@@eng,nan,Acta Clin Belg,1784-3286,61,4,1/6/07,161-5,{P GrardJ MontesantiP LepageM M Massin}
815,775428,Organization of ribosomes and nucleoids in escherichia coli cells during growth and in quiescence,nan,Journal@@ of Biological Chemis$try,nan,0021#-9258,289,16,1/14/01,11342-11352,{K. Pe%iskerB. SinghS. Sanya@@lQ. ChaiX. GeN. MetzendorfS. Dasgupta}
816,497593,Ventricular arrhythmias in the North American multidisciplinary study of ARVC: predictors characteristics and treatment,eng,nan,nan,nan,64,0,1/14/01,1$19-125#,{N. A. Mark EstesScott McNittWojciech ZarebaBronislava PolonskyDouglas LaidlawMark S. LinkFrank MarcusKathleen Gear}
817,,Maxillofacial metastases: a retrospective review of one %institution's ??15-year experience,English,Journal of Oral & Maxillofacial Surgery,nan,nan,71,4.021682531013308,nan,nan,{R. A. OrdA. SalamaR. MovahedS. A. McClure}
818,1369983.662249629,Precocious and delayed sexual development in children,English,Acta Endocrin%olog%ica. Supplementum,Acta Endocrinol Suppl (Copenh),0300-9750,288,0,$1/1/88#,66-76,{B. T. #Rudd}
819,161290,Premature androgenic alopecia and insulin resistance. Male equivalent of polycystic ovary syndrome?,eng,nan,nan,nan,39,0,nan,127-31 ST  - Premature androgenic alopecia and insulin resistance. Male equivalent of polycystic ovary sy$ndrome?-,{L. StarkaJ. VrbikovaM. DA  - Dec DP  - Nlm ET  - 2006/03/24 HillM. DuskovaI. Cermakova}
820,746312,Pancytopenia : A rare presentation of legionella pneumonia,nan,Crit. Care Med.#,nan,0090-3493,41,40.90150690232621,nan,??A326,
821,191138,Mold contamination in a controlled hospital environment: a 3-year surveillance in southern Italy,nan,nan,nan,nan,14,0,1/14/01,nan,{C. CorettiC. NapoliG. LoveroM. T. MontagnaG. CaggianoG. ScarafileO. de Giglio}
822,,Effect of (D)-fagomine on excreted Enterobacteria and weight gain in rats fed a high-fat high-sucrose diet.,e%n#g,Obesity (Silver Spring Md.),nan,1930-739X,22,4,1/14/04,@@976%-9,
823,193292,#CSM2004 best platform,nan,nan,nan,nan,14.652687974056567,0,1/4/01,nan,{NULL}
824,91852,The importance and important limitations of ultrasound imaging for evaluating thyroid nodules.,eng,JAMA internal medicine,nan,2168-6114,173,19,10/28/13,1796-7,??{David CooperErik K@@ Alexander}
825,663526,Blood 25-hydroxyvitamin D concentration and hypertension: a meta-analysis.,eng,nan,J. Hypertens.,1473-5598,,4,1/11/04,636-45,{Susanna C LarssonAnn BurgazAlicja WolkNicola Orsini}
826,,CT features of pulmonary arterial hypertension and its major subtypes: a systematic CT evaluation of 292 patients from the ASPIRE Registry.,eng,Thorax,Thorax,1468-3296,70,,1/15/04,382-7,
827,1266,Clinical effect observation of fule cream to cure dermatitis eczemal,nan,nan,nan,nan,14,14,1/8/01,65-68#-$,
828,,A randomized controlled trial of the effects of vitamin D on muscle strength and mobility in older women with vitamin D insufficiency.,eng,Journal of the American Geriatrics Society,J Am Geriatr Soc,1532-5#415,58,11,1/10/11,Aug-63,{Amanda DevineNicole Austi@@nRichard L PrinceKun ZhuDavid Bruce}
829,1634069.9118082435,Sleep and sleep disorders in the hospital,English,nan,nan,nan,141,,1/12/01,1337-45,{S. B. VenkateshiahN. A. Collop}
830,382297,Doppler-derived flow @@pattern in the descending aorta does not predict systemic to pulmonary arterial collateral flow in patients with single ventricle palliation: a cross-sectional study.,eng,nan,World J Pediatr Congenit Heart Surg,2150-136X,6,8.559464759727545,1/15/04,nan,{Mark A FogelMichael V Di MariaMatthew A HarrisMeryl S CohenKevin K Whitehead}
831,414396,Sleep-disordered breathing associated with long-term opioid therapy,English,nan,nan,nan,123,2,1/3/01,63??2-??9,{T. V. ClowardJ. M. WalkerS. RhondeauR. J. Farney}
832,635082,nan,eng,CANCER,nan,0008-543X,103,8,4/15/@@05,1652-8,{Nobuhiko EmiMasamitsu YanadaTomoki NaoeKeitaro Matsuo}
833,446599,[Case management for moderate-need patients and recovery: what can we learn from experime%ntal and quasi-experimental studies?]. [Review] [French],nan,nan,nan,nan,,0,nan,nan,{NULL}
834,376525,Considerations for the diagnosis and treatment of testosterone deficiency in elderly men.,eng,The American journal of medicine,nan,1555-7162,120,10,1/7/10,835-40,
835,2393599.169586819,A comparison of early gastric and post-pyloric feeding in critically ill patients: a meta-analysis.,e?@@?ng,Intensive care medicine,nan,0342-4642,32,5,nan,##639-49,{Kwok M HoGeoffrey J DobbSteven A R Webb}
836,153797,Definitive radiotherapy for T1 glottic squamous cell carcinoma: a 15-year Cruces University Hospital experience,nan,nan,nan,nan,,,1/13/01??,925-31,{Martinez-Indart LCacicedo Jdel HoyoGomez-Iturriaga ACasquero FLopez J LBilbao %PO }
837,470179,Comparison of methods for defining prevalent vertebral deformities: the Study of Osteoporotic Fractures.,eng,Journal of bone and mineral research : the official journal of the American Society for Bone and Mineral Research,J. Bone Miner. Res.,nan,10,6,6/1/95,890-902,{M C NevittL PalermoH K GenantR San ValentinD M BlackR EpsteinS R Cummings}
838,50545.52871766886,Children are pharmaco-therapeutic orphans.,%eng@@,Pediatric allergy and immunology : official publication of the European Society of Pediatric Allergy and Immunology,Pediatr Allergy Immunol,1399-3038,21,2,1/10/03,249-50,
839,294719,Prehospital hypertonic saline resuscitation attenuates the activation and promotes apoptosis of neutrophils in patients with severe traumatic brain injury.,nan,Shock (Augusta Ga.),Shock,1540-0514,40,5,1/13/11,366-74,{David B HoytSandro B RizoliAndrew J BakerEileen M BulgerWolfgang G JungerJoseph CuschieriShawn G RhindPang N Shek}
840,138219.51421141627,Value of intravenous cholangiography prior to laparoscopic cholecystectomy,eng,nan,nan,nan,23,0,1/1/99,693-6; discussion 697 ST  - Value of intravenous cholangiography prior to laparoscopic cholecystectomy-,{S. TruongK. H. TreutnerM. JansenC. SchravenV. DA  - Jul DP  - NLM ET  - 1999/07/03 SchumpelickJ. Neuerburg}
841,455697,Systematic review of occupational engagement and health outcomes among community-dwelling older adults,nan,nan,nan,nan,,0,nan,nan,{NULL}
842,518335,Fractional %flow reserve f$or guiding PCI.,e%ng,The New England journal of medicine,nan,nan,360,19,7/9/05@@,2024; author reply 2026-7,{Somjot S BrarWilliam A Gray}
843,503528,Difference i??n postural control between patients with functional and mechanical ankle instability,e??ng,Foot Ankle Int,Foot & ankle international,1071-1007 (Print) 1071-1007,,10,1/14/01,1068-1074,
844,503354,Early ankle mobilization Part I: The immediate effect on acute lateral ankle sprains (a randomized clinical trial),nan,Military Medicine,nan,nan,159,1,1/1/94,15-20,{J R DettoriB D ??Pearson$C J BasmaniaW M Lednar}
845,176844,Importance of Arsenic and pesticides in epidemic chronic kidney disease in Sri Lanka,nan,nan,nan,nan,15,0,1/14/01,nan,{C. JayasumanaR. GajanayakeS. Siribaddana}
846,,Chiropractic$ vertebral subluxations#,English,Focus on Alternative and Complementary Therapies,nan,nan,15,1,1/10/01,13-14#,{S. Homola}
847,250975,Effect of infliximab on the healing of intestinal anastomosis. An experimental study in rats.,eng,Int J Surg,International journal of surgery (London England),1743-9159,44.85145354009386,53.23204911527256,1/14/01,969-75,{Konstantinos NastosKonstantinos EvangelouMarilena PapaioannouJohn VlachogiannakosMaria GazouliApostolos PapaloisChristos ZeglinasIoannis PapaconstantinouPanagis LykoudisCharalampos TzathasAnneza Yiallourou}
848,37173,How to appraise the effectiveness of treatment,nan,nan,nan,nan,104.6320347185815,0,1/11/01,525-531 ST  - How to appraise the effectiveness of treatment-,
849,2378547.191745704,nan,eng,Ann Rheum Dis,Annals of the rheumatic diseases,Mar-67,66,10,nan,1296-304,{E H ChoyD L ScottP A ScottG H KingsleyC M Smith}
850,302179,nan,nan,nan,nan,nan,,0,1/11/01,3224,{Beth Anne Clavenna-Deane}
851,627882,Is there evidence that barrier membranes prevent bone resorption in autologous bone grafts during the healing period? A systematic review.,eng,International Journal of Oral & Maxillofacial Implants,nan,0882-2786,22,3,nan,390-8,{Ruud R M BosGerry M RaghoebarPepijn F M GielkensBoudewijn Stegenga}
852,264151,#Recognizing naming and?? measuring a family intensive care unit syndrome,nan,nan,nan,nan,11,3,1/14/01,435-441,
853,711975,Association of diet exercise and smoking modification with risk of early cardiovascular events after acute coronary syndromes.,nan,Circulation,nan,22-Sep,,18.97416664462299,2/16/10,750-#7#58 9p,{Yusuf SFox KAChow CKAnand SSJolly SRao-Melacini P}
854,60726.07265023955,Retrovirus-mediated WASP gene transfer corrects Wiskott-Aldrich syndrome T-cell dysfunction.,nan,Human gene therapy,Hum. Gene Ther.,1@@??043-0342,13,53.53353646832267,10/2/06,1??039-4#6,{G Jaya#shree JagadeeshDa$vid L NelsonTaizo WadaFabio Candotti}
855,564924,Complication rate of endosonography (endobronchial% and endoscopic ultrasound): a systematic review.,eng,Respiration; international review of thoracic diseases,#Respirati??on,1423-0356,87,19.862985688132984,1/14/01,343%@@-51,{A van BredaM $@@B von BartheldJ T Annema}
856,364080,nan,eng,nan,nan,nan,,,1/1/88,330-7,
857,3743220.044022792,The Antiseptic Efficacy and Tolerability of Lavasept 0.04% on Acute Traumatic Wounds,nan,nan,nan,nan,0,0,nan,nan,
858,356635,Determinants of arterial wall remodeling during lipid-lowering therapy: serial intravascular ultrasound observations from the Reversal of Atherosclerosis with Aggressive Lipid Lowering Therapy (REVERSAL) trial,nan,$Circulation,Circulation,22-Sep,113,,1/6/01,2826-34,
859,272721,nan,nan,Pediatrics,nan,nan,,5,1/9/01,1325-1332,{A. M. HibbsD. M. B#lackJ. A. F. ZupancicA. CnaanP. L. BallardS. R. WadlingerL. PalermoW. E. TruogR. A. Ballard}
860,979725,nan,nan,nan,nan,nan,18,,1/15/01,A176,{R. ArabyatD. W. Raisch}
861,470615,Can we improve the follow up of asthmatic patients with asthma educational program (PAMA)? [Abstract],nan,European respiratory journal,nan,nan,183.43571700626617,0,1/14/%01,P3021%,
862,71351,Differential dendritic cell-mediated activation and functions of invariant NKT-cell subsets in oral cancer.,E$NG,Oral diseases,Oral Di??s$,1601-0825$,-1,-1,3/22/14,nan,{Nk ShuklaSn DasP GaurAk Singh}
863,793299,[Use of probiotics and prebiotics in infant formulas].,spa,Prediccion de la masa muscular apendicular esqueletica basado en mediciones antropometricas en Adultos Mayores Chilenos.,nan,1699-5198,31,-1,nan,Jul-72,{Venancio Mart_nez Surez}
864,673560,[Postacute care].,spa,Tratamiento antibiotico intravenoso domiciliario del absceso hepatico: seguridad eficacia y factores pronosticos de reingreso hospitalario.,nan,0025@@-77%53,143,,7/14/07,29-33,{Margarita Admetlla FalguerasJosep Fust Sugraes}
865,258181,Internet-delivered exposure and mindfulness based therapy f%or irritable bowel syndrome--a randomized controlled tri$al,English,nan,nan,nan,48,6,1/10/01,531-9,{Perjohan LindforsLiselotte JanssonBrjann LjotssonLisa FalkErik HedmanChristian RuckAmanda Wibron VesterlundSergej AndreewitchNils LindeforsGerhard AnderssonTimo Hursti}
866,11709,Sleep-related nighttime crying (yonaki) in Japan: a community-based study.,eng,Pediatrics,Pediatri#cs,1$098-4275$,115,1,1/5/01,217-24,{Michio FukumizuMarie J HayesMakiko KagaJun Kohyama}
867,603381,WITHDRAWN: Zinc for the common cold.,eng#,Cochrane Database Syst. Rev.,nan,1#469-493X@@,-1,3,1/6/01,nan,{I Ma@@rshall}
868,570263,Successful treatment with a rituximab-based regimen of a splenic marginal zone lymphoma with villous lymphocytes in a very frail patient on maintenance dialysis.,eng,Cancer chemotherapy and pharmacology,Cancer Chemother. Pharmacol.,1432-0843,63,4,nan,759-60,{Andrea TendasPaolo de FabritiisMarco GiovanniniDaniela PiccioniRoberto PalumboAlessio Pio PerrottiLuca CupelliTeresa DentamaroLaura ScaramucciPasquale Niscola}
869,,In this issue,nan,nan,nan,nan,40,7,1/10/01,nan,{NULL}
870,149836,Exe@@rcise-induced changes of the upper extremity in chronic stroke survivors,eng,nan,nan,nan,12,0,1/??5/01,58-68 ST  - Exercise-induced changes of the upper extremity in chronic stroke survivors-,{P. KludingS. A. DA  - Winter DO  - 10.1310/let5-xnby-98q6-q8tg DP  - NLM ET  - 2005/03/01 Billinger}
871,813023,Respiratory syncytial virus prophylaxis: cost-effective analysis in Argentina (Structured abstract),nan,nan,nan,nan,,4,nan,287??-2??91,{G. BauerE. LaffaireL. BouzasC. Gi#lliL. NovaliS. P. RodriguezD. FarinaH. Gonzalez}
872,2808581.5967765553,nan,eng,nan,nan,2044-6055,4,5,%1/$14/01,e00$#4623,
873,,Sex differences in pain.,eng,The Behavioral and brain sciences,Behav Brain Sci,0140-525X,20,3,nan,371-80; discussion 435-513,{K J B$erkley}
874,121133,Preoperative radiotherapy for esophageal carcinoma,eng,nan,nan,nan,,4,1/5/01,nan,
875,82486,Robotic surgery in gynecology.,eng,nan,Arch. Gynec??ol. Obstet.,nan,289,1,nan,6??$-May,{Axel SchindelhauerPauline Wimberge%r}
876,136032,Cost-utility analysis of osteopathy in primary care: results from a pragmatic randomized controlled trial,eng,nan,nan,nan,21,0,1/4/01,643-50 ST  - Cost-utility analysis of osteopathy in primary care: results from a pragmatic randomized controlled trial-,{D. RussellP. LinckR. HibbsI. RussellR. MuntzN. H. WilliamsB. C1  - Frn RCT-s_kningen CN  - Pubmed DA  - Dec DO  - 10.1093/fampra/cmh612 DP  - NLM ET  - 2004/11/09 HounsomeR. T. EdwardsC. Wilkinson}
877,131606,The cost of de#pression-complicated alcoholism: @@health-care utilization and treatment effectiveness,eng,nan,nan,nan,81.8901701105797,0,nan,nan,{E. M. CN  - PubMed DA  - Summer DP  - NLM ET  - 1993/07/01 BohligJ. A. Scott-LennoxR. D. Lennox}
878,448384,Are birth kits a good idea? A systematic review of the evidence.,nan,nan,nan,nan,0,0,nan,nan,{NULL}
879,,Differential functional connectivity within an emotion regulation %neural network among individuals resilient and susceptible to the depressogenic effects of early life stress.,eng,P$sychological medicine,P??sychol Me%d,14%69-89#78,43,3,1/13/03,nan,{J M CislerT MletzkoC D KiltsS TripathiG A JamesX P HuC HeimC B Nem??e#roffH S Mayberg}
880,622636,nan,eng,Academic Medicine: Journal Of The Association Of American Medical Colleges,nan,1040$-2446,76,5,1/1/05,3073.2782774165435,{L N Meurer}
881,383881.7871584165,Obesity from cradle to grave.,eng,nan,nan,nan,27,6,1/3%/06,722-7#,{T ForsnJ ErikssonC OsmondD Barker}
882,252990,Effects on prolongation of Bazett__s corrected QT interval of seven second-generation antipsychotics in the treatment of schizophrenia: A meta-analysis,nan,Journal of Psychopharmacology,nan,nan,25,5,1/11/01,646-666,
883,861475,Cost-effectiveness of pharmacological and psychosocial interventions for schizophrenia (Structured abstract),nan,Cost Effectiveness and Resource Allocation,nan,1478-7547 (electronic),45.266620969230694,1,1/11/01,nan,{P. PhanthunaneM. BertramH. WhitefordT. Vos}
884,503159,nan,nan,Nippon Seikeigeka Gakkai zasshi,nan,nan,,1,1/1/89,146-160,{E Fujimaki}
885,325081,nan,nan,Basic Rights: Subsistence Affluence and U.S. Foreign Policy,nan,nan,0,0,1/1/96,nan,{H. Shue}
886,,Chronic heart failure: Current guideline recommendations and innovations. [German],German,nan,nan,nan,56,,1/15/01,791-802,
887,315951,[Procalcitonin as an early marker of sepsis],nan,nan,nan,nan,55,6,nan,650-4,{O. ThuemerS. G. SakkaE. Huttemann}
888,98479,The ROX coupler: Creation of a fixed iliofemoral arteriovenous anastomosis for the treatment of systemic arterial hypertension exploiting the physical properties of the arterial vasculature.,ENG%,Catheterization and cardiovascular interventions : official journal of the Society for Cardiac Angiography & Interventions,Catheter Cardiovasc Interv,1522-#726%X,-1,-1,nan,nan,
889,673307,nan,eng,PLoS One,PloS one,1932-6203,8,7,1/13/01??,e70858,{Zhigang ChenMinyue JiaXiaoying ZhaoXin He}
890,730754,Preoperative% administrat??ion of tramadol continuous infusion reduces postoperative morphine requirements in patients undergoing surgery following femur fracture,English; ABSTRACT LANGUAGE:English,nan,nan,nan,0,0,1/9/01,718.4016619755682,{Anastasiou MTzortzopoulou AEmexidis TKoudouna EPouliou AVasilas N}
891,953002,A re-appraisal of screening for colour vision impairments,nan,Child: Care Health & Development,nan,0305-1862,23,5,1/1/97,391-398,{D. M. B. HallE. Holroyd}
892,246067,Comparison of different distal radius dorsal and volar fracture fixation plates: a biomechanical study,eng,J Hand Surg Am,The Journal of hand surgery,0363-50??23,28,5.298169286190891,1/3/01,94-104,{M. A. ShahS. F. ViegasR. P. MorrisR. M. PattersonD. Osada}
893,161814,Polycystic ovary syndrome $(PCOS) and other androgen excess-related conditions: can changes in dietary intake make a dif#ference?,nan,nan,nan,nan,23,0,1/8/01,63-71 ST  - Polycystic ovary syndrome (PCOS) and other androgen excess-related conditions: can changes in dietary intake make a difference?-,{A. SenguptaD. DA  - Feb DO  - 23/1/63 [pii] DP  - Nlm ET  - 2008/01/22 KarsiesG. U. Liepa}
894,8529,Maternal use of folic acid supplements during pregnancy and childhood respi$ratory health and atopy.,eng,The European respiratory j%our$nal,Eur. Respir. J.,nan,39,6,nan,1468-74,{Gerard H KoppelmanJohan C de JongsteLiset E M ElstgeestHenri_tte A SmitUlrike GehringAnnemien Haveman-NiesMarjan KerkhofMarga B M BekkersAlet H WijgaSalome Scholtens}
895,198813,Shedding health risks with bariatric weight loss surgery,nan,nan,nan,nan,39,0,nan,34-41 ST  - Shedding health risks with bariatric weight loss surgery-,{S. G. DB  - c8h DO  - 10.1097/01.NURSE.0000343454.35505.5a DP  - EBSCOhost Camden}
896,535901,Historical misrepresentation in science: the case of fetal alcohol syndrome,e??ng,Sci Eng# Ethics,nan,1353-3452 (Print)     1353-3452,4,4,1/1/98,427-35,{S. N. PenningtonI. A. Shibley}
897,,nan,nan,British journal of clinical pharmacology,Br J Clin Pharmacol,nan,,5,1/1/95,471-6,{G VillaA ZoppiG D MalamaniG MarasiA VanasiaR Fogari}
898,162189,Significantly higher adrenocorticotropin-stimulated cortisol and 17-hydroxyprogesterone levels in 337 consecutive premenopausal caucasian hirsute patients compared with healthy controls,nan,nan,nan,nan,367.1725704620688,0,1/5/01,1347-53 ST  - Significantly higher adrenocorticotropin-stimulated cortisol and 17-hydroxyprogesterone levels in 337 consecutive premenopausal caucasian hirsute patients compared with healthy controls-,{C. HagenK. BrusgaardM. DA  - Mar DO  - jc.2004-1214 [pii] 10.1210/jc.2004-1214 [doi] DP  - Nlm ET  - 2004/12/16 AndersenA. P. HermannJ. HangaardD. Glintborg}
899,1350758.570530208,Too little but not too late: results of a literature review to improve routine immunization programs in developing countries,nan,nan,nan,nan,0,,nan,nan,{NULL}
900,197174,nan,eng,Clinical infectious diseases : an official publicati??on of the Infectious Diseases Society$ of America,nan,1537-6591,41,-3.836789415652353,nan,S50-5,
901,20488.099776820076,Phase II study to evaluate the safety and efficacy of the oral neurokinin-1 receptor antagonist casopitant (GW679769) administered with ondansetron for the prevention of postoperative and postdischarge nausea and vomiting in high-risk patients,nan,Anesthesiology,nan,22-Mar,113,1,1/10/01,nan,{De@@metrios J. KutsogiannisNeil K. SinglaFrances ChungStephen R. LaneJeremey LevinJoseph V.J. PergolizziBrenda??n JohnsonLinda BlackburnSonia K. Singla}
902,309274,nan,nan,nan,nan,nan,,,1/7/11,495-503,{Steven P. CohenGiselle McKnightKayode A. WilliamsJoshua StreamZahid H. BajwaJan J. KraemerRobert W. HurleyAnthony DragovichAnthony Sireci}
903,672671,Mediterranean diet and metabolic syndrome: an updated systematic review.,nan,Reviews in endocrine & metabolic disorders,Rev Endocr Metab Disord,nan,14,3,1/13/09,?%?255-63,{Demosthenes B PanagiotakosKatherine EspositoChristina-Maria KastoriniDario Giugliano}
904,819735,Immunotherapy for autoimmune autonomic ganglionopathy,English,nan,Auton.Neurosc.Basic Clin.,15??#66-0702,146,,1/9/01,22-25,{S. VerninoP.A. LowP. SandroniK. KimpinskiV. Iodice}
905,21599,Challenges in deactivating a total artificial heart for a patient with capacity.,nan,Chest,@@Chest,1931-3543,145,3,1/14/0??3,625-31,
906,980682,Readmissions afte%r hospital discharge with acute exacerbation of COPD: are we missing# something?,nan,Hospital practice (1995),nan,nan,42,2,1/14/01,58-69,{W. SexauerM. S. KavuruU. VaidK. Gaurav}
907,547657,Read with Me! Examining the Effects of a Community Volunteer Reading Program on Preschoolers' Literacy Skills,nan,ProQuest LLC,nan,978-1-2673-2110-7,0,,1/12/??01,nan,{Cynthia J. Carson}
908,682676,Efficacy of continuation/maintenance electroconvulsive therapy for the prevention of recurrence of a major depressive episode in adults with unipolar depression: a systematic review.,eng,nan,J EC$#T,nan,,,1/14/09,195-202,{How LeeGreta G CummingsDaniel ScottE Denise Brown}
909,820238,Autonomic activity pain and perceived health in patients on sick leave due to stress-related illnesses,English,nan,Integr. Physiol. Behav. Sci.,10$53881X ??(ISSN),40,1,1$/??5/01,nan,{M. HeidenE. LyskovM. Barnekow-BergkvistM. Nakata}
910,82540,Body mass i@@ndex and socioeconomic status measured in adolescence country of origin and the incidence of gastroesophageal adenocarcinoma in a cohort of 1 million men.,eng,Can??#cer,Cancer,1097-0142,119,122.5340842934888,1/13/12,4086-93,{Estela DerazneJeremy D KarkYaron NivLital Keinan-BokerAri ShamissIrena LiphshitzArnon AfekDorit TzurMoshe FurmanZohar Levi}
911,776189,Galphai generates multiple Pins activation states to link cortical polarity and spindle orientation in Drosophila# neuroblasts,Englis##h,nan,Proc.Natl.Acad.Sci.U.S.A.,0027-8424,104,36,1/7/01,14306-14311,{R. W. NipperC. Q. DoeK. E. PrehodaK. H. SillerN. R. Smith}
912,,Exposure to second-hand smoke and the risk of tuberculosis in children and adults: a systematic review and meta-analysis of 18 observational studies.,eng,PLoS medicine,nan,nan,12,24.182935622170454,1/15/06,e1001835; discussion e1001835-e1001835; discussion e1001835,{Mehak BhatiaShaun K MorrisPrabhat JhaWilson SuraweeraJayadeep PatraCyril PatraPrakash C Gupta}
913,228622,Disordered eating acculturation and treatment-seeking in a community sample of Hispanic Asian Black and White women,English,Psychology of Women Quarterly,nan,0361-6843 Print 1471-6402 Electronic,24,3,1/1/00,244-233,
914,514759,Semi-automated scoring of pulmonary emphysema from X-ray CT: trainee reproducibility and accuracy.,eng,European journal of radiology,Eur J Radiol,1872-7727,,11,1/13/11,e734-41,{Roya Etemad-RezaiAmir M OwrangiNabil HussainJack Chiu@@Andrew LuB@@randon EntwistleGrace Parraga}
915,,The choice of whether to participate in a phase I clinical trial: increasing the awareness of patients with cancer. An exploratory study.,eng,Psycho-oncology,nan,1099-1611,23,3,1/@@14/03,32@@2-9,{G SpitaleriL AdamoliF VecchioF de BraudC CataniaA DelmonteF ToffalorioT De PasC NoberascoD RadiceA Goldhirsch}
916,164517,nan,nan,Bioelectromagnetics,Bioelectromagnetics,1521-186X,23,3,1/2/01,177-88,{T. DovanR. R. NeutraD.?? A. SavitzR$. I. Kavet}
917,973603,Health services research methods: a guide to best practice,nan,nan,nan,nan,0,0,1/1/98,nan,{N Black  Brazier J. & Fitzpatrick R.}
918,345575,Transapical aortic valve implantation in 175 consecutive patients: excellent outcome in very high-risk patients.,eng,nan,J. Am. Coll. Cardiol.,1558-3597,,10,8/31/10@@$,81%3-2#0,{Tom GromannRoland HetzerAlexander MladenowThorsten DrewsSemih BuzAxel UnbehaunStephan DreysseMiralem PasicMarian Kukucka}
919,304082,An evaluation of ultrasound imaging for identification of lumbar intervertebral level.,nan,nan,Anaesthesia,9-@@M#ar,277.7466187203745,3,1/2/03,277-80,{M P ReillyS KuchiG Furness}@@
920,33728,nan,eng,nan,JAMA Neurol,2168-6157,267.6085623437281,1,1/14/01,Jul-41,{Salvatore DimauroCarolina IoneteHasan O AkmanCarmen ParadasDavid E JonesMichio HiranoPeter N RiskindThomas W SmithHeather Lau}
921,109595,[Blood insulin values after the oral glucose tolerance test (OGTT) and the body composition in 30 obese children].,ita,La Pediatria medica e chirurgica : Medical and surgical pediatrics,nan,0391-5387,,5,9/1/94,471-3,{A LucianoG Zoppi}
922,772026,Stud%y: Edoxaban safer alternative to warfar??in for Afib patients,nan,Drug Topics,nan,nan,,,nan,nan,{Lowery M.}%
923,424870,Budesonide/formoterol in a si$ngle inhaler sustains lung function improv$ements in COPD [Abstract],nan,European respiratory journal,nan,nan,,,1/3/01,P435,{Thompson NCCalverley PMAOlsson H}
924,904168,Can moxibustion an ancient treatment modality be evaluated in a double-blind randomized controlled trial? - A narrative review,nan,J. Chin. Integr. Med.,nan,167??2-1977,12,,nan,131-134,{Zhao B@@.-X.La??o L.Shen X.-Y.Chen H.-Y.}
925,3078029.573365518,nan,eng$#,European Jour#nal Of Anaesthesiology,Eur J Anae#sthesiol,1365-234??6,,4,1/15/04,248-54,{Delia AguadoJavier BenitoIgnacio A G_mez de SeguraMariana AbreuJavier Garc_a-Fernndez}
926,4534043.397673148,SUNCT syndrome: VIII. Pupillary reaction and corneal sensitivity,English,Functional Neurology,nan,0393-5264,8,6,1/1/93,409-414,
927,892141,Competencies for undergraduate community-based education for the health professions - A systematic review.,nan,Medical Teacher,nan,1466-187X Electronic 0142-159X Print,34,9,nan,733-743,{Albert J.J.A.2 ScherpbierZahra1 LadhaniFred C.J.2 Stevens}
928,409335,Efficacy immunogenicity and safety of a pentavalent human-bovine (WC3) reassortant rotavirus vaccine at the end of shelf life,nan,Pediatrics,nan,nan,119,1,nan,$18-Nov,{Goveia M.G.Block S.L.Rivers S.B.Dallas M.J.Bauder J.Adeyi B.A.Vesikari T.Heaton P.M.Boslego J.W.}
929,166779,nan,eng,nan,nan,nan,81,0,1/1/86,20-4 ST  - Preferences and practices of Americans and their physicians in antihypertensive therapy-,
930,720526,Decision analysis for small asymptomatic intracranial arteriovenous malformations,English,Neurosurgical Focus,nan,1092-0684,11,19.7514609996529,1/1/01,nan,
931,513503,WhatsApp Messenger is useful and reproducible in the assessment of tibial plateau fractures: inter- and intra-observer agreement study.,eng,nan,Int J Med Inform,1872-8243,84,2,1/15/02,141-8,{Felipe Serro de SouzaNey Pecegueiro do AmaralCarlos Henrique MendesHilton Augusto KochVincenzo Gi#ordanoAndr Berg@@amin}
932,253347.65594387444,Type I and II endometrial cancers: have they different risk factors?,eng,Journal of clinical oncology : official journal of the American Society of Clinical Oncology,J. Clin. Oncol.,1527-7755,31,20,10/13/07,2607-%18,{Chu ChenBrian L StromSusan E McCannHarvey A RischLingeng LuFulvio RicceriImmaculata De VivoAmanda B SpurdleSusan E HankinsonPamela J ThompsonCatherine SchairerHerbert YuRadhai RastogiJennifer DohertyCarlotta SacerdoteLaurence N KolonelMia M GaudetKim RobienMarc T GoodmanPiet A van den BrandtRobert A SoslowJolanta LissowskaAnthony B MillerKirsten B MoysichMontserrat Garcia-ClosasSilvia PolidoroLinda S CookKristin E AndersonRayna K MatsunoXiao-ou ShuPenelope M WebbKerry S CourneyaChristine M FriedenreichJo L FreudenheimYong-Bing XiangBrian E HendersonGalina LurieLeo J SchoutenTimothy R RebbeckAnthony M MaglioccoMalcolm C PikeLeslie BernsteinHannah P Yang[Collective Name] Australian National Endometrial Cancer Study GroupSara H OlsonPamela L Horn-RossMarjorie L McCulloughHoda Anton-CulverNoel S WeissJames R CerhanLouise A BrintonAlicja WolkJennifer PrescottXiaolin LiangThomas E RohanYikyung ParkNiclas HkanssonVeronica Wendy SetiawanJames V LaceyHui CaiNicolas Wentzensen$Koen van d%e Vijver}
933,438681,Should psychiatrists use atypical antipsychotics to treat nonpsychotic anxiety?.,nan,nan,nan,nan,0,,nan,nan,{NULL}
934,317155,Predictors of intention to adhere to physiotherapy among women with urinary incontinence.,nan,nan,nan,nan,,0,nan,nan,{NULL}
935,261121,Role of non-opioid analgesic techniques in the management of pain after ambulatory surgery,nan,nan,nan,nan,100,0,1/5/01,105$-109%,{P. F. White}
936,296269,nan,eng%,%JRSM ope#n,JRSM Open,2054-2704,6,4.174991386363283,1/15/01,nan,{Mark H Wil??sonLiza ChackoSusan Hen$drickson}
937,960478,Collaborative practice: development implementation and evaluation of a weaning protocol for patients receiving mechanical ventilation,eng,nan,American journal of critical care : an official publication American Association of Critical-Care Nurses,1062-3264 (Print)     1062-3264,,5,1/3/01,454-60,{C. N. SesslerK. Kean%eM. J. GrapD. StricklandS. LubinR. TownesP. DalbyJ. EmersonL. TormeyS. Winfield}
938,,Changes in lower esophageal sphincter pressure (LES) after Stamm gastrostomy,en@@g,J Surg Res,The Journal of surgical research,0022-4804,,5,nan,570-4,{J. L. GrosfeldS. GotoG. P. GardnerD. F. CanalD. W. Vane}
939,589265,Consumption of fried foods and risk of metabolic syndrome: the SUN cohort study,eng,Clin Nutr,Clinical nutrition (Edinburgh Scotland),0261-5614,33,3,1/14/01,545-9,{E. Flores-GomezF. J. Basterra-GortariC. Sayon-OreaM. A. Martin$ez-GonzalezA. GeaM. Bes-Rastrollo}
940,931944,The expert patients programme online a 1-year s%tudy of# an Internet-based self-management programme for people with long-term conditions,nan,Chronic Illness,nan,1742-3953 1742-3953,,4,#1/8/01%,2%47-256 10p,{P. L. RitterK. PlantD. D. LaurentK. R. LorigA. DostI. McNeil}
941,305933,nan,English,Pharmacogenomics,nan,nan,15,16.409876849011685,1/14/01,449-457,{Choi GSKim JHPark HSYe YMKim SHKim JEJin HJ}
942,2076403.1128972613,nan,eng,Tech Coloproctol,Techniques in coloproctology,1123-6337 (Print) 11??23-6337,14,0,1/10/01,S25-7,{E. IdrizovicA. OdobasicL. DedicA. PasicM. DervisefendicE. Iljazovic-LatifagicA. OdobasicL. Arnautalic}
943,,Management of hemorrhage complicated by novel oral anticoagulants in the emergency department: Case report from the northwestern emergency medicine residency,nan,Am. J. Ther.,nan,nan,20,3,nan,300-306,{Periyanayagam U.Pang P.S.Kiraly A.Lyden A.Chan J.}
944,683893,Improving cognition by adherence to physical or mental exer$cise: a moderated mediation analysis.,eng,Aging Ment Health,nan,1364-6915,,4,1/11/05,446-55,
945,168157,Evaluation of a hybrid constructed wetland for treating domestic sewage from individual housing units surrounding agricultural villages in South Korea,nan,Journal of environmental m#onitoring : JEM,nan,nan,11,3.645398218160344,1/9/01,134-44%,
946,,Posterior lumbar interbody fusion versus posterolateral fusion with instrumentation in the treatment of low-grade isthmic spondylolisthesis: midterm clinical outcomes,eng,nan,nan,nan,83.51525858557444,4,1/11/01,488-96,{H. CavusogluT. CanseverA. YilmazY. AydinH. A. GencA. M. MuslumanI. Colak}
947,740227,nan,nan,Journal of Consulting and Clinical Psychology,nan,nan,44,3,1/1/76,449-455,{Ann J. TurnerDavid H. L. OlsonCarole Y. SchornagelMary HalsdorfElaine A. Blechman}
948,449419,nan,nan,nan,nan,nan,0,0,nan,nan,{NULL}
949,456934,Same-Day Discharge After Percutaneous Coronary Intervention: A Meta-Analysis.,nan,nan,nan,nan,0,0,nan,nan,{NULL}
950,134738,Are stretches effective in the prevention and treatment of glenohumeral internal rotation deficit?,nan,nan,nan,nan,17,0,1/12/01,261-270 ST  - Are stretches effective in the prevention and treatment of glenohumeral internal rotation deficit?-,{Stuart CalverJulia NicholsRachel C1  - Frn systematiska _versikter -s_kningen CN  - Cinahl DB  - c8h DO  - 10.1179/1743288X12Y.0000000021 DP  - EBSCOhost Chester}
951,66579,Astaxanthin Inhibits JAK/STAT-3 Signaling to Abrogate Cell Proliferation Invasion and Angiogenesis in a Hamster Model of Oral Cancer.,eng,nan,PLoS ONE,1932-6203,9,,1/14/01,nan,{Abdul Basit BabaJ KowshikG Deepak ReddyHemant GiriMadhulika DixitSiddavaram Nagini}
952,557824,nan,nan,nan,nan,nan,27,6,#1/14/$01,6#77-68$0,{P. AzevedoA. Vaz-CarneiroJ. Costa}
953,1018446.8881609954,Preval_ncia de bruxismo e dist_rbio do sono em deficientes visuais Prevalence of bruxism and sleep disorders in the visually impaired individuals,pt,nan,nan,nan,,1,nan,159-166,{Ana Paula de Lima FerreiraMarcelo de Souza FigueiroaBrbara Bernardo Rinaldo da SilvaKtia Roberta Rapso Sales Lacerda}
954,658982,Diagnostic performance of body mass index to identify obesity as defined by body adiposity: a systematic review and meta-analysis.,e??n??g,International journal of obesity (2005),Int J Obes (Lond),1476-5497,,5,1/10/05,791-9,
955,272806,Stress enhances retrieval of drug-related memories in abstinent heroin addicts,eng,Neuropsychopharmacology,nan,0893-133X,35,,1/10/01,720-6,{T.@@ R. KostenL%. Y. ZhaoD. H. EpsteinL. LuJ. ShiX. Y. ZhangY. LiuX. L. Zhang}
956,,Combined antiplatelet and anticoagulant therapy: Clinical benefits and risks,nan,J. Thromb. Haemost.,nan,1538-7933,5,0,nan,nan,
957,500618,Effects of control over office workspace on perceptions of the work environment and work outcomes,nan,Journal of Environmental Psychology,nan,0272-4944,25,3,1/5/01,32$3-33#3,{So Young LeeJay L. Brand}
958,385346,nan,eng,Current opinion in pediatrics,Curr. Opin. Pediatr.,1@@531%-698X,25,5,1/13/1$0,574-84,
959,938092,nan,nan,Annals of internal medicine,Ann. Intern. Med.,1539??-#3704,122,3,nan,1$79-1$86,
960,383183,Transport of i$??nfants with congenital heart disease.,eng,European journal o#f pediatrics,Eur. J. Pediatr.,1432-1076,732.0224086883001,5,1/15/05,703,{Althaf Ansary}
961,889260,nan,nan,Journal of Rheumatology,nan,nan,42,10,1/15/01,1943-1946,{A. TaylorL. MaxwellV. StrandK. PhillipsP. S. TugwellU. KaiserM. de WitL. GossecJ. A. SinghE. H. ChoyL. S. SimonR. OsteloP. J. MeaseP. G. Conaghan}
962,392576,Effects of Ginkgo biloba on haemostatic factors and inflammation in chronic peritoneal dialysis patients.,eng,Phytotherapy research : PTR,Phytother Res,0951-418X,19,32.85293207545431,nan,546-8,{Won Ki MinSoon Bae KimSu Hee KimJai Won ChangHyun Sook ChiEun Kyoung Lee}
963,209012,Contents List,nan,Gait & Posture,nan,0966-6362 DO  - http://dx.doi.org/10.1016/j.gaitpost.2010.04.002,39,1,1/14/01,iii-vii,
964,961006,Antimalarial agents: Are we running out of options?,English,Current Opinion in Infectious Dise??ases,Curr.Opin.Infect.Dis.,0@@951-737$5,7,6,1/1/94,701-707,{H. O. LobelP. E. Kozarsky}
965,786558,A balancing act of the brain: activations and deactivations driven by cognitive load.,nan,Brain and behavior,Brain Behav,2162-3279,0,,1/13/01,nan,{Taylor MJ Arsalidou M Pascual-Leone J Johnson J Morris D}
966,35875,18F-flumazenil: a _-aminobutyric acid A-specific PET radiotracer for the localization of drug-resistant temporal lobe epilepsy.,eng,Journal of nuclear medicine : official publication Society of Nuclear Medicine,J. Nucl. Med.,1535-5667,54,8,1/13/08,1270-7,{David BinnsRobert E WareDamian E MyersMarie-Claude GregoireEddie W LauLucy VivashTerence J O'BrienViviane BouilleretMark J CookRodney J HicksPeter Roselt}
967,882786,[In vitro culture of cells from respiratory mucosa on foils of collagen poly-L-lactide (PLLA) and poly-3-hydroxy-butyrate (PHB)].,ger%%,Laryngo- rhino- otologie,nan,0935-8943,,10,1/3/10,693-9,
968,1705330.7098612385,Poverty is the main environmental factor for obesity in a Mexican-border city,nan,Journal of health care for the poor and underserved,J Health Care Poor Underserved,1049-2??@@089,24,2,1/13/01,556-65,{Montserrat Bacardi-GasconArturo Jimenez-CruzLidia M. Castaneda-Gonzalez}
969,109843,Growth hormone treatment and diabetes: survey of the kabi pharmacia international growth study.,eng,nan,Acta Paediatr Scand Suppl,0300-8843,379,-3.5710240145272594,nan,104-7; discussion 108,
970,820688,nan,English,Journal of Neurotrauma,nan,nan,8,,nan,103-119,
971,817811,nan,English,Pain Practice,nan,nan,13,5.767663688526811,1/13/01,%68-75,{M. Sinaki}
972,855970,Augmin-dependent microtubule nucleation at microtubule walls in the spindle,English,JOURNAL OF CELL BIOLOGY,J Cell $Biol,0021-9525,,,1/13/@@@@01,25-33,{S. KitaJ. R. McI%ntoshM. OsumiT. KamasakiG. GoshimaE. O'TooleJ. Usukura}
973,643856,[Pravastatin and acetylsalycilic acid fixed-combination: a strategy to improve cardiovascular outcomes].,fr#e,Am. J. Cardiovasc. Drugs,nan,1175-3277,7,-1,1/7/01,11-Sep,{Charles Hennekens}
974,2712683.1505653155,Functional conservation and divergence of J-domain-containing ZUO??1/ZRF orthologs throughout evolution.,%eng,Planta,Planta,1432-2048,239,6,1/14/06,1@@159%-73,{Chunlin LiuWen-Hui ShenYing RuanDong-Hong ChenYong Huang}
975,553088,Validity of International Classif#ication of Diseas$es Ninth Revision Clinical Modification (ICD-9-CM) screening for sepsis in surgical mortalities.,eng,nan,nan,155??7-8674??,15,20.758207067799862,1/14/10,513-6,{Catherine MaysRajesh RamanathanDale HarveyGregory StockslagerTherese M DuanePatricia Leavell}
976,575935,The association between urinary cortisol excretion and cardiovascular risk factors bone status and quality of life in the population.,eng,Steroids,nan,1878-5867,,-1,1/15/09,nan,{Kerstin Landin-WilhelmsenG_@@ran Oler_dOskar RagnarssonPenelope Trimpou}
977,2653291.36289053,The value of transurethral bladder biopsy after intravesical bacillus Calmette-Guerin instillation therapy for nonmuscle invasive bladder cancer: A retrospective single center study and cumulative analysis of the literature.,nan,nan,nan,nan,0,0,nan,nan,{NULL}
978,,nan,eng,The Journal of antimicrobial chemotherapy,J. Antimicrob. Chemother.,1460-2091,,-1,nan,iii3$5-44,{Matth$ew S Dry??den}
979,471093,Nonsyndromic 46XX Testicular Disorders of Sex Development,eng,GeneReviews(R),nan,nan,0,0,1/1??/$93,nan,{A. AmemiyaC. R. DolanH. H. ArdingerC. T. FongS. E. WallaceT. D. BirdK. StephensR. J. H. SmithM. P. AdamE. C. DelotL. J. H. BeanE. J. VilainR. A. Pagon}
980,84783,Mild endoplasmic reticulum stress augments the proinflammatory effect of IL-1_ in pancreatic rat _-cells via the IRE1/XBP1s pathway.,eng,Endocrinology,nan,19#45-$7170,153,7,nan,3017-28,{Michela MianiDecio L EizirikLaurence LadrireMaikel L ColliMiriam Cnop}
981,894794,<title>SPECCHIO: a free spectral data management and processing system</title>,nan,Proceedings of SPIE - The International Society for Optical Engineering,nan,nan,23030.349040549387,0,1/9/08,74570A-74570A-9,{A. HueniPaul E. Kneubuehler M.     ED  - Shen Sylvia S.     ED  - Lewis}
982,481173,Operations for cervical incompetence,eng,Clin Obstet Gynecol,Clinical obstetrics and gynecology,nan,29,,1/1/86,240-54,{D. W. Branch}
983,946487,nan,eng,Int J Epidemiol,International journal of epidemiol%ogy,nan,39,,1/10/01,i48-55,{A. M. NavarN. A. HalseyC. R. Sud$feld}
984,685456,Acute effects of different nutritional supplements on symptoms and functional capacity in patients with chronic obstructive pulmonary disease.,eng,Am J Clin Nutr,The American journal of clinical nutrition,Feb-65,73,2,$$1/1/02,295-301,
985,6028,Preliminary results from a single institutional prospective study of alemtuzumab for the treatment of steroid refractory acute graft versus host disease in pediatrics,nan,nan,B@@iol.Bloo??d Marrow Transplant.,1083-8791,19,2,1/13/01,S33#1-,
986,48202,Anaesthesia movement and emesis,nan,British Journal of Anaesthesia,nan,0007-0912,0,6,1/1/90,nan,{Hawkey C.Gorbutt N.Guiblin H.Kong A.Beattie A.Curran J.Kamath B.}
987,558738,nan,nan,nan,nan,nan,51,7,1/13/01,Aug-71,{%M. Bran@@donM. J. Dowzicky}
988,3639041.768374645,Left ventricular hypertrophy predicts outcome of hypertension regardless of the type of ventricular arrhythmia present,nan,J Hum Hypertens,Journal of human hypertension,0950-9240 (Print) 0950-9240,13,9,1/1/99,617-??#23,{C. GruppiC. MedeirosC. D. FrimmM. CuriE. KriegerB. Trezza}
989,260738,Combined use of caud$al bupivacaine and rectal diclofenac is not superior to the us%e of each analgesic regimen alone,nan,nan,nan,nan,103.87153553636291,0,1/5/01,63-66,{A. H. Samarkandi}
990,979155,Measurement of muscle architecture concurrently with muscle hardness using ultrasound strain elastography.,eng,Acta radiologica (Stockholm Sweden : 1987),Acta Radiol,1600-0455,55,7,1/14/09,nan,{Kentaro ChinoHideyuki TakahashiRyota AkagiMichiko Dohi}
991,752075,nan,nan,Am J Clin Nutr,The American journal of clinical nutrition,Feb-65,289.88888824045307,5,1/1/00,1343S-1353S,{R. P. TroianoM. D. CarrollR. R. BriefelK. Bialostosky}
992,670823,nan,eng,American journal of respiratory and critical care medicine,Am. J. Respir. Crit. Care Med.,1535-4970,,,1/13/11,1147-60,{[Collective Name] American Thoracic Society Respiratory Impairment and Disability Evaluation GroupPhilip HarberMargaret C HaggertyChristopher G Slatore}
993,,Polymorphisms of the XPC gene may contribute to the risk of head and neck cancer: a meta-analysis.,e@@??ng,Tumour biology : the journal of the International Society for Oncodevelopmental Biology and Medicine,Tumour Biol.,1423-0380,,4,1/14/04,3917-31,{Xuejun ChenYang ZhangZufei LiQi ZhongWeiguo ZhouXiaohong ChenZhigan$g HuangJugao Fang}
994,426134,nan,nan,nan,nan,nan,38.32736713851997,2,nan,141-149,
995,,Campfire burns in children: an Australian experience.,eng,Burns : journal of the International Society for Burn Injuries,Burns,0305-4179,28,4,1/2/06,374-8,
996,979472,nan,eng,nan,The American review of res??piratory disease,0003-0805 (Print) 0003-0805,144,7.09615967191401,1/1/91,297??-301,{S. L. LeeG. K. Sluis-CremerP. A. Hess#el%}
997,814758,Mega-ampere submicrosecond generator GIT-32,nan,nan,nan,nan,365.69247787674976,11.509898282848525,1/7/01,nan,{E. V. KumpyakV. N. KiselevA. V@@. KharlovV. V. ChupinA. V. MorozovB. M. KovalchukV. B. Zorin}
998,226417,Correct Performance of Pelvic Muscle Exercises in Women Reporting Prior Knowledge.,nan,Female pelvic medicine & reconstructive surgery,Female Pelvic Med Reconstr Surg,2154-4212%,-1,-1,??10/27/1??4,nan,{Katharine O'DellPadma KandadaiJyot Saini}
999,968815,Long-term survival after liver first approach for locally advanced rectal cancer and synchronous liver metastases,English,International Journal of Colorectal Disease,nan,nan,26,,1/11/01,1219-1220,{M. HeuerS. RadunzA. PaulG. C. SotiropoulosZ. MatheT. TrarbachH. A. Baba}
1000,734259,Pharmacoeconomic Evaluation of Tiotropium Bromide in the Long-Term Treatment of Chronic Obstructive Pulmonary Disease (COPD) in Italy,nan,nan,nan,nan,,1,1/12/01,71-80,
