Attribute,Index,Dirty Value,Cleaned Value
HospitalName,2,callaha$n eye foundation hospital,callahan eye foundation hospital
HospitalName,7,callahan eye foundation hosp@@ital,callahan eye foundation hospital
HospitalName,28,south@@east alabama medical center,southeast alabama medical center
HospitalName,44,southeast alabama me@@d#ical center,southeast alabama medical center
HospitalName,45,marshall medic%al center south,marshall medical center south
HospitalName,54,mars@@hall medi$cal center south,marshall medical center south
HospitalName,57,marshall medical cente@@r south%,marshall medical center south
HospitalName,59,marshall medi@@cal center south,marshall medical center south
HospitalName,60,marshall medical center s@@outh,marshall medical center south
HospitalName,69,mar%shall medical center so??uth,marshall medical center south
HospitalName,96,mizell memorial hospit@@al#,mizell memorial hospital
HospitalName,109,mizell me%#morial hospital,mizell memorial hospital
HospitalName,117,mize$ll memorial hospita$l,mizell memorial hospital
HospitalName,118,miz#ell memorial hospital,mizell memorial hospital
HospitalName,131,crenshaw commun%i#ty hospital,crenshaw community hospital
HospitalName,132,crenshaw com#munity hospit%al,crenshaw community hospital
HospitalName,137,crensha$w community hospital,crenshaw community hospital
HospitalName,139,cr@@enshaw community hospital,crenshaw community hospital
HospitalName,144,crenshaw ??community hospital,crenshaw community hospital
HospitalName,146,hartselle medical cente@@r,hartselle medical center
HospitalName,162,hartselle medic$al center,hartselle medical center
HospitalName,165,hartsell%e medical cente??r,hartselle medical center
HospitalName,172,marshall me%dical center north,marshall medical center north
HospitalName,179,marshall medical center nor%th%,marshall medical center north
HospitalName,193,marshall# medical center north,marshall medical center north
HospitalName,194,marshall @@medical center north,marshall medical center north
HospitalName,198,st #vincents$ east,st vincents east
HospitalName,203,st vince$nts east,st vincents east
HospitalName,204,st vin??cents east,st vincents east
HospitalName,209,st vincen@@t$s east,st vincents east
HospitalName,225,dekalb reg#ional medical center,dekalb regional medical center
HospitalName,228,dekalb regional medical cente??r,dekalb regional medical center
HospitalName,259,s#out$hwest alabama medical center,southwest alabama medical center
HospitalName,264,sou%thwest alabama medical center,southwest alabama medical center
HospitalName,265,southwest alabama medical center#,southwest alabama medical center
HospitalName,290,she#lby baptist medical cen$ter,shelby baptist medical center
HospitalName,291,shelby bapti??st medical center,shelby baptist medical center
HospitalName,300,callah$a%n eye foundation hospital,callahan eye foundation hospital
HospitalName,303,cal%lahan ey@@e foundation hospital,callahan eye foundation hospital
HospitalName,309,call??ahan eye fou$ndation hospital,callahan eye foundation hospital
HospitalName,311,callahan eye founda#tion hospital,callahan eye foundation hospital
HospitalName,317,stringfellow m%emorial ho??spital,stringfellow memorial hospital
HospitalName,318,stringfellow m??emorial hospital,stringfellow memorial hospital
HospitalName,322,$stringfellow ??memorial hospital,stringfellow memorial hospital
HospitalName,326,stringfel%low memorial hospital,stringfellow memorial hospital
HospitalName,340,flowers #hospital,flowers hospital
HospitalName,358,northwest m@@edical center,northwest medical center
HospitalName,371,north@@w??est medical center,northwest medical center
HospitalName,404,prattville baptist #hospital,prattville baptist hospital
HospitalName,412,prattvi#l%le baptist hospital,prattville baptist hospital
HospitalName,418,coosa valley medical c%enter,coosa valley medical center
HospitalName,423,coosa valley medi%cal %center,coosa valley medical center
HospitalName,426,co#osa valley med$ical center,coosa valley medical center
HospitalName,428,coosa va%lley medical center,coosa valley medical center
HospitalName,438,alaska regional hosp#ital,alaska regional hospital
HospitalName,452,yukon kuskokwim delta reg hospital,$yukon kuskokwim delta reg hospital
HospitalName,454,hel@@en k??eller memorial hospital,helen keller memorial hospital
HospitalName,462,helen keller me@@morial hospital,helen keller memorial hospital
HospitalName,477,dale m%edical# center,dale medical center
HospitalName,478,dale medical c@@enter,dale medical center
HospitalName,487,dale medical?? center??,dale medical center
HospitalName,493,cherokee medical cen@@ter,cherokee medical center
HospitalName,502,c%%herokee medical center,cherokee medical center
HospitalName,521,baptist medic@@al center south,baptist medical center south
HospitalName,554,jackson hospital & cli%nic inc,jackson hospital & clinic inc
HospitalName,558,jackson hospital & c#linic@@ inc,jackson hospital & clinic inc
HospitalName,559,jackson hospital & clinic inc??,jackson hospital & clinic inc
HospitalName,567,g #h lan$ier memorial hospital,g h lanier memorial hospital
HospitalName,569,g h lani#??er memorial hospital,g h lanier memorial hospital
HospitalName,575,g h lanier memorial ho$%spital,g h lanier memorial hospital
HospitalName,585,g h lanier memo#ri%al hospital,g h lanier memorial hospital
HospitalName,586,g h lanier memorial# h@@ospital,g h lanier memorial hospital
HospitalName,588,g h lanier me#morial hospital,g h lanier memorial hospital
HospitalName,589,g h lanier memorial hosp%ital,g h lanier memorial hospital
HospitalName,602,elba general hospita$l,elba general hospital
HospitalName,608,elba general hospita@@l,elba general hospital
HospitalName,612,el#ba general hospita@@l,elba general hospital
HospitalName,620,east alabama medical@@ ce@@nter and snf,east alabama medical center and snf
HospitalName,631,##east alabama medical center and snf,east alabama medical center and snf
HospitalName,638,ea%st alabama medical center a??nd snf,east alabama medical center and snf
HospitalName,646,wedowee hospit#al@@,wedowee hospital
HospitalName,652,??we#dowee hospital,wedowee hospital
HospitalName,661,#wedowee hospital,wedowee hospital
HospitalName,666,wedowee hos$pital,wedowee hospital
HospitalName,667,%universi#ty of alabama hospital,university of alabama hospital
HospitalName,681,university of alabama $hos$pital,university of alabama hospital
HospitalName,689,uni#versity of alabama hospital,university of alabama hospital
HospitalName,693,commun#ity hospital inc,community hospital inc
HospitalName,694,comm@@unity hospital inc,community hospital inc
HospitalName,699,communit#y hospital inc,community hospital inc
HospitalName,700,community$ hospital inc,community hospital inc
HospitalName,706,co@@mmunity hospit$al inc,community hospital inc
HospitalName,711,commu$nity hospital# inc,community hospital inc
HospitalName,724,cullman regional medical %center,cullman regional medical center
HospitalName,733,c@@ull@@man regional medical center,cullman regional medical center
HospitalName,742,andalusia regional hos%pital,andalusia regional hospital
HospitalName,759,anda$lusia regional hos#pital,andalusia regional hospital
HospitalName,762,andalusia regiona#l h%ospital,andalusia regional hospital
HospitalName,767,string#fellow memorial hospita@@l,stringfellow memorial hospital
HospitalName,770,stringfellow memorial hosp@@@@ital,stringfellow memorial hospital
HospitalName,788,hunts$%ville hospital,huntsville hospital
HospitalName,814,gadsden reg%ional medical center,gadsden regional medical center
HospitalName,821,gadsden regional?? medical ce@@nter,gadsden regional medical center
HospitalName,824,%gadsden regional #medical center,gadsden regional medical center
HospitalName,825,gadsden regional medical% ce@@nter,gadsden regional medical center
HospitalName,827,gadsden regional med#ical center,gadsden regional medical center
HospitalName,833,c@@hilton medical cen??ter,chilton medical center
HospitalName,850,chilton medical$ center,chilton medical center
HospitalName,857,m??arion regional medical center,marion regional medical center
HospitalName,859,marion regional medical ??center,marion regional medical center
HospitalName,866,marion regional medical @@center,marion regional medical center
HospitalName,871,marion r@@egional medical center,marion regional medical center
HospitalName,875,marion #regional medical center,marion regional medical center
HospitalName,880,fayette %medical center,fayette medical center
HospitalName,881,fayette medical cent#er,fayette medical center
HospitalName,885,fayett@@e medical center,fayette medical center
HospitalName,886,fayette medical c$enter,fayette medical center
HospitalName,888,f$ayette# medical center,fayette medical center
HospitalName,889,fayett%e medical cent$er,fayette medical center
HospitalName,892,fayette medical cent#er,fayette medical center
HospitalName,895,fayette medica??l ce??nter,fayette medical center
HospitalName,903,riverview regional medical c@@enter@@,riverview regional medical center
HospitalName,905,riverview regiona%#l medical center,riverview regional medical center
HospitalName,910,riverview regional me$dical center,riverview regional medical center
HospitalName,911,river$view regional medical %center,riverview regional medical center
HospitalName,912,rivervie%w regi%onal medical center,riverview regional medical center
HospitalName,914,$riverview regional med$ical center,riverview regional medical center
HospitalName,917,riverview reg??ional medical cen$ter,riverview regional medical center
HospitalName,922,%riverview @@regional medical center,riverview regional medical center
HospitalName,929,riverview regional medic%al center,riverview regional medical center
HospitalName,930,rivervi@@ew regional medical center,riverview regional medical center
HospitalName,938,georgiana hospita$l,georgiana hospital
HospitalName,955,georgiana hosp$ital,georgiana hospital
HospitalName,969,medica??l center enterpri%se,medical center enterprise
HospitalName,997,st vincents bloun@@t,st vincents blount
HospitalName,1000,st vincents bl??ount,st vincents blount
Address1,11,13%00 south# montgomery avenue,1300 south montgomery avenue
Address1,14,1300 south montgomery a%venue,1300 south montgomery avenue
Address1,18,1300 south$ montgome#ry avenue,1300 south montgomery avenue
Address1,22,1108 ross cl#ar@@k circle,1108 ross clark circle
Address1,26,1108# #ross clark circle,1108 ross clark circle
Address1,31,1108 ross clark ci$rcle,1108 ross clark circle
Address1,32,1108 ross clark cir$cle,1108 ross clark circle
Address1,36,110??8 ross clark circle,1108 ross clark circle
Address1,38,1108 ross clark ci#r$cle,1108 ross clark circle
Address1,41,11@@08 ross clark% circle,1108 ross clark circle
Address1,43,1108 ro??ss clark c#ircle,1108 ross clark circle
Address1,44,1108?? ros%s clark circle,1108 ross clark circle
Address1,69,2505 u s highway 431 north%,2505 u s highway 431 north
Address1,95,702 n main ??s#t,702 n main st
Address1,103,702 n mai$n st,702 n main st
Address1,124,101 hospital ??cir??cle,101 hospital circle
Address1,130,101 hos#pital circle,101 hospital circle
Address1,135,101 h$os$pital circle,101 hospital circle
Address1,149,20@@1 pine stre??et northwest,201 pine street northwest
Address1,151,201 pin#e street northwest,201 pine street northwest
Address1,169,201 p@@in%e street northwest,201 pine street northwest
Address1,187,800??0 a%labama highway 69,8000 alabama highway 69
Address1,188,8000 al@@abama highway 69,8000 alabama highway 69
Address1,193,8%000 alabama highway 6??9,8000 alabama highway 69
Address1,195,50 me@@dical park east drive,50 medical park east drive
Address1,197,50 medical park east drive@@,50 medical park east drive
Address1,199,50 medi@@cal park eas@@t drive,50 medical park east drive
Address1,207,50 #medical p$ark east drive,50 medical park east drive
Address1,225,200 med center %drive,200 med center drive
Address1,228,20??0 med center drive,200 med center drive
Address1,238,200 med center dr%ive,200 med center drive
Address1,251,33700 highway# 43,33700 highway 43
Address1,256,#33%700 highway 43,33700 highway 43
Address1,263,33700@@ highway 43,33700 highway 43
Address1,266,33700 highwa%y 43,33700 highway 43
Address1,279,1000$ first street north,1000 first street north
Address1,281,1000 first street@@ nor??th,1000 first street north
Address1,285,1000 first street no@@rth,1000 first street north
Address1,296,%%1720 university blvd,1720 university blvd
Address1,299,1720 un$iversity blvd@@,1720 university blvd
Address1,302,1720 unive#rsity blvd,1720 university blvd
Address1,308,1720 univ@@ersity% blvd,1720 university blvd
Address1,314,301 eas@@t 18%th st,301 east 18th st
Address1,317,$301 east# 18th st,301 east 18th st
Address1,322,301 east %$18th st,301 east 18th st
Address1,329,301 east @@18th st@@,301 east 18th st
Address1,330,301 east %18th st$,301 east 18th st
Address1,332,4370 west main str@@eet,4370 west main street
Address1,337,4370?? west main street,4370 west main street
Address1,347,4370 west mai$n stre??et,4370 west main street
Address1,348,4370??# west main street,4370 west main street
Address1,353,810 st vincent$%s drive,810 st vincents drive
Address1,368,1530 #u s highway 43,1530 u s highway 43
Address1,372,@@1530 u s high%way 43,1530 u s highway 43
Address1,379,1530 u #s highway 43,1530 u s highway 43
Address1,384,2451 fillingim st#reet,2451 fillingim street
Address1,396,124# s memorial dr,124 s memorial dr
Address1,398,124 s $memoria??l dr,124 s memorial dr
Address1,401,124# s memorial dr,124 s memorial dr
Address1,421,3#15 w h@@ickory st,315 w hickory st
Address1,429,#315 w$ hickory st,315 w hickory st
Address1,435,2801 de#barr road,2801 debarr road
Address1,438,2801$@@ debarr road,2801 debarr road
Address1,450,2801 debarr ro@@ad,2801 debarr road
Address1,456,13$00 south montgomery a$venue,1300 south montgomery avenue
Address1,459,1300 south mon%tgom@@ery avenue,1300 south montgomery avenue
Address1,461,1300 south montgomery av$enue,1300 south montgomery avenue
Address1,464,1300 south montg%omery avenue,1300 south montgomery avenue
Address1,470,126 hospita?#?l ave,126 hospital ave
Address1,480,1%26 hospital ave,126 hospital ave
Address1,489,1$26 hos@@pital ave,126 hospital ave
Address1,494,400 northwoo#d dr,400 northwood dr
Address1,497,400 northw??ood dr,400 northwood dr
Address1,513,4#00 northwood dr,400 northwood dr
Address1,514,%400 nor$thwood dr,400 northwood dr
Address1,520,21@@05 east south boule@@vard,2105 east south boulevard
Address1,521,2105 e$ast south b#oulevard,2105 east south boulevard
Address1,526,$2105 east south boulevard,2105 east south boulevard
Address1,528,2105 east so??uth boulevard,2105 east south boulevard
Address1,531,2105 e@@ast %south boulevard,2105 east south boulevard
Address1,534,2105 east $south boule$vard,2105 east south boulevard
Address1,535,2105 east south ??boulevard,2105 east south boulevard
Address1,539,2105 east south ??boulevard,2105 east south boulevard
Address1,547,172#5 pine street,1725 pine street
Address1,556,1725 pine% street,1725 pine street
Address1,568,4800 4@@8th st,4800 48th st
Address1,583,4800 %48th st,4800 48th st
Address1,593,9%@@87 drayton street,987 drayton street
Address1,595,987 drayton %street,987 drayton street
Address1,604,987 $drayton street,987 drayton street
Address1,606,??987 drayton street,987 drayton street
Address1,613,987 dr#ayton street,987 drayton street
Address1,615,987 drayt$??on street,987 drayton street
Address1,616,9#87 drayton stre$et,987 drayton street
Address1,629,200#0 pepperell p#arkway,2000 pepperell parkway
Address1,636,2000 pep%perell par%kway,2000 pepperell parkway
Address1,637,2000 pepper%e#ll parkway,2000 pepperell parkway
Address1,639,2000 pe$pperel$l parkway,2000 pepperell parkway
Address1,647,209 north main ??stree%t,209 north main street
Address1,656,209 north %main street,209 north main street
Address1,658,209 north mai??n street#,209 north main street
Address1,667,619 south 19th st??reet,619 south 19th street
Address1,674,619 south 19t??h %street,619 south 19th street
Address1,675,619 s%outh 19th% street,619 south 19th street
Address1,676,619 s??outh 19th?? street,619 south 19th street
Address1,682,619 south 1%9th street??,619 south 19th street
Address1,686,619 south 19t??h street,619 south 19th street
Address1,702,80%5 friendship roa@@d,805 friendship road
Address1,706,805 $friendship% road,805 friendship road
Address1,708,$805 friendship road,805 friendship road
Address1,721,1912 alabama@@ highway 157,1912 alabama highway 157
Address1,726,1912 ala??bam??a highway 157,1912 alabama highway 157
Address1,729,1912 alabama h%ighway 157,1912 alabama highway 157
Address1,733,1912@@ a@@labama highway 157,1912 alabama highway 157
Address1,738,#1912 a#labama highway 157,1912 alabama highway 157
Address1,755,849 south@@ three notch street,849 south three notch street
Address1,756,849 south t@@hree no%tch street,849 south three notch street
Address1,762,849??$ south three notch street,849 south three notch street
Address1,764,849 south three ??notch$ street,849 south three notch street
Address1,771,301 e@@ast 18th st,301 east 18th st
Address1,802,101 sivl#ey rd,101 sivley rd
Address1,804,1007 goodyear aven??ue,1007 goodyear avenue
Address1,815,1007 goodyea$r avenue,1007 goodyear avenue
Address1,816,1007 goodyear $avenue@@,1007 goodyear avenue
Address1,820,1007 goo$dyear ave$nue,1007 goodyear avenue
Address1,840,10??10 lay dam road$,1010 lay dam road
Address1,842,1%010@@ lay dam road,1010 lay dam road
Address1,850,%1010 lay #dam road,1010 lay dam road
Address1,856,1256 military street south??,1256 military street south
Address1,861,12%56 ??military street south,1256 military street south
Address1,864,1256 military str%eet s@@outh,1256 military street south
Address1,865,1256 mi@@litary s#treet south,1256 military street south
Address1,869,125$6 military street south,1256 military street south
Address1,885,1653 temple avenue nor#th,1653 temple avenue north
Address1,887,1653 t#emple avenue north,1653 temple avenue north
Address1,898,16@@53 temple av#enue north,1653 temple avenue north
Address1,900,1653 temple avenue ??north,1653 temple avenue north
Address1,901,1653 temple a@@venue north,1653 temple avenue north
Address1,910,6%00 @@south third street,600 south third street
Address1,911,600 south th%ird$ street,600 south third street
Address1,918,600 #south t@@hird street,600 south third street
Address1,921,60$0 south third street,600 south third street
Address1,936,515 @@miranda s#t,515 miranda st
Address1,938,515 mira$nda st,515 miranda st
Address1,951,515 mira@@nda st,515 miranda st
Address1,961,400 n ed??wa#rds street,400 n edwards street
Address1,963,400 n edwar@@ds street,400 n edwards street
Address1,964,400 n edward$s str#eet,400 n edwards street
Address1,967,400# n edwards street,400 n edwards street
Address1,969,400 n edwards str#eet,400 n edwards street
Address1,981,#150 gilbreath drive,150 gilbreath drive
Address1,984,150 gilbreath driv$e,150 gilbreath drive
Address1,985,150 gilbreath driv$e,150 gilbreath drive
Address1,990,150 g#ilbreath dri??ve,150 gilbreath drive
Address1,991,150 gil%b??reath drive,150 gilbreath drive
Address1,994,150 g%ilbreath drive,150 gilbreath drive
Address1,997,150 gilbre#a$th drive,150 gilbreath drive
City,7,birmingha??m,birmingham
City,11,s%heffie#ld,sheffield
City,13,sheffield$,sheffield
City,15,sh#effield,sheffield
City,21,dotha$n,dothan
City,28,dothan@@,dothan
City,29,dot$h%an,dothan
City,31,$dothan,dothan
City,35,doth#an??,dothan
City,36,dothan$,dothan
City,49,@@boaz,boaz
City,52,??boaz,boaz
City,58,#b$oaz,boaz
City,72,flo%rence,florence
City,75,flore@@nce,florence
City,85,f$loren$ce,florence
City,100,o??p@@p,opp
City,107,opp$,opp
City,110,op%??p,opp
City,118,o??pp,opp
City,129,luvern$e,luverne
City,130,luv$erne,luverne
City,135,lu$verne,luverne
City,141,$luverne,luverne
City,147,$hartsel%le,hartselle
City,149,hartse@@ll??e,hartselle
City,150,hart$selle,hartselle
City,155,ha$rtselle,hartselle
City,156,#harts??elle,hartselle
City,158,hartsell??e,hartselle
City,161,harts%elle,hartselle
City,164,harts#elle,hartselle
City,170,%gu#ntersville,guntersville
City,199,bir%mingha??m,birmingham
City,215,birming$ham,birmingham
City,226,fort payn@@e,fort payne
City,232,fort payne??,fort payne
City,234,for$??t payne,fort payne
City,247,thoma??sv#ille,thomasville
City,250,thom@@asville,thomasville
City,253,thomasvill@@e,thomasville
City,254,#thomasville,thomasville
City,274,alabast#er,alabaster
City,295,@@birmin$gham,birmingham
City,298,$birmi??ngham,birmingham
City,300,bir#mingha@@m,birmingham
City,309,birmingh$#am,birmingham
City,313,ann@@isto%n,anniston
City,314,ann@@#iston,anniston
City,319,a#nniston,anniston
City,330,annist$on,anniston
City,331,@@anniston,anniston
City,338,dot????han,dothan
City,346,#doth@@an,dothan
City,360,%winfield,winfield
City,364,winfield$,winfield
City,376,#winfiel@@d,winfield
City,389,mob@@ile,mobile
City,397,pratt#ville,prattville
City,420,sylacauga$,sylacauga
City,423,sylacaug$#a,sylacauga
City,426,s@@$ylacauga,sylacauga
City,429,sy@@lacauga%,sylacauga
City,433,ancho@@rag@@e,anchorage
City,434,a??n%chorage,anchorage
City,442,anc@@horag#e,anchorage
City,452,beth%#el,bethel
City,459,sheffie$l%d,sheffield
City,465,s$heffiel??d,sheffield
City,466,sheffield%,sheffield
City,485,o$zark,ozark
City,486,@@ozark,ozark
City,487,??#ozark,ozark
City,506,centre%@@,centre
City,509,cen#t$re,centre
City,515,centre%??,centre
City,517,montgom##ery,montgomery
City,521,montgome??r??y,montgomery
City,534,montgomery@@,montgomery
City,535,mo%ntgomery,montgomery
City,540,m%ontgom#ery,montgomery
City,545,montgo#me??ry,montgomery
City,551,montgo@@m#ery,montgomery
City,555,mon#tgomery,montgomery
City,562,montgomer%y,montgomery
City,580,#va#lley,valley
City,583,val@@l#ey,valley
City,584,va%lley,valley
City,585,va#ll#ey,valley
City,596,elba??,elba
City,599,e$lba,elba
City,603,el#b%a,elba
City,610,%elba,elba
City,622,opelik#a,opelika
City,634,op#elika,opelika
City,637,o@@pelika%,opelika
City,646,w??edowee,wedowee
City,651,wedowee#,wedowee
City,668,birmi????ngham,birmingham
City,673,birmingha??m,birmingham
City,680,birmingh$a$m,birmingham
City,688,birmingh#am,birmingham
City,692,tallas%see#,tallassee
City,702,tallass%ee,tallassee
City,714,tallasse??e,tallassee
City,717,cullm??an,cullman
City,718,cu#$llman,cullman
City,720,cul@@#lman,cullman
City,721,cullman??,cullman
City,749,$andalus$ia,andalusia
City,756,%an@@dalusia,andalusia
City,764,andalus#ia$,andalusia
City,773,$anniston,anniston
City,784,h@@untsvil$le,huntsville
City,792,@@huntsvi$lle,huntsville
City,799,hun%tsville,huntsville
City,804,g??adsden,gadsden
City,806,ga??dsden,gadsden
City,809,g$adsd#en,gadsden
City,817,gad#sden,gadsden
City,819,gads??den,gadsden
City,837,cla%nton,clanton
City,856,hamilton$,hamilton
City,869,hamilto$n@@,hamilton
City,881,fayett#e,fayette
City,885,fayette$%,fayette
City,891,faye@@t%te,fayette
City,894,#faye@@tte,fayette
City,895,??fayet??te,fayette
City,903,gadsd#en,gadsden
City,905,$gadsd#en,gadsden
City,926,ga@@dsd$en,gadsden
City,934,geo$%rgiana,georgiana
City,940,geor%giana$,georgiana
City,975,enterprise?@@?,enterprise
City,999,on??eon#ta,oneonta
State,15,%a#l,al
State,30,a#??l,al
State,39,al@@,al
State,43,al%#,al
State,46,$al#,al
State,61,??al,al
State,67,a@@l,al
State,75,a??l,al
State,84,a#??l,al
State,92,al%,al
State,93,%al,al
State,103,a$#l,al
State,107,al%,al
State,112,al$,al
State,117,al?#?,al
State,118,a?#?l,al
State,145,al%,al
State,158,a#l,al
State,166,al??,al
State,171,%??al,al
State,172,$??al,al
State,174,al$#,al
State,177,%#al,al
State,179,al#,al
State,183,al@@$,al
State,202,#al,al
State,215,%al??,al
State,216,@@a#l,al
State,232,a@@l,al
State,236,%%al,al
State,237,a??l#,al
State,241,$%al,al
State,245,a%$l,al
State,246,a$l??,al
State,258,a$l,al
State,259,??al$,al
State,264,a%l??,al
State,267,$a%l,al
State,269,al@@,al
State,272,a#l,al
State,277,al#,al
State,283,al@@,al
State,289,%a#l,al
State,296,%al,al
State,310,al$??,al
State,316,%%al,al
State,318,?$?al,al
State,319,a??l#,al
State,336,$a%l,al
State,338,a??l,al
State,343,??al,al
State,348,al#,al
State,352,al#,al
State,357,a@@??l,al
State,389,??al%,al
State,394,a#l,al
State,403,a@@l,al
State,405,#al,al
State,413,al,a??l
State,430,al$,al
State,453,$al,al
State,459,al??,al
State,460,%al??,al
State,466,%al%,al
State,472,??al,al
State,478,al@@,al
State,488,$al$,al
State,491,??%al,al
State,492,a#l,al
State,499,%al#,al
State,500,a%l,al
State,505,al##,al
State,508,a#l$,al
State,515,a$l@@,al
State,521,a@@l,al
State,527,@@al,al
State,535,%$al,al
State,538,a#l,al
State,539,#??al,al
State,547,a@@l@@,al
State,552,a#l,al
State,554,#a$l,al
State,556,??$al,al
State,558,@@al,al
State,565,$@@al,al
State,571,%a@@l,al
State,572,al$,al
State,574,a$#l,al
State,575,al$,al
State,577,#al#,al
State,580,a@@l,al
State,604,$al,al
State,605,al##,al
State,610,al%%,al
State,614,a%@@l,al
State,638,%%al,al
State,643,al$,al
State,645,al??$,al
State,650,@@al%,al
State,668,#al,al
State,674,#@@al,al
State,677,#@@al,al
State,678,??al#,al
State,686,al@@,al
State,689,al@@,al
State,699,??a@@l,al
State,732,%al,al
State,736,@@a%l,al
State,737,#al,al
State,740,??al??,al
State,744,a??l,al
State,748,@@$al,al
State,749,$#al,al
State,753,$al,al
State,763,??al,al
State,764,a$l%,al
State,772,al@@#,al
State,780,a??l,al
State,791,a@@l#,al
State,796,@@al,al
State,801,a#??l,al
State,808,@@al%,al
State,813,a??l%,al
State,824,a??l??,al
State,826,a#l#,al
State,833,#a@@l,al
State,838,a??l,al
State,845,#al,al
State,849,$al,al
State,850,??a%l,al
State,851,al??,al
State,859,#a$l,al
State,860,a$%l,al
State,871,al??,al
State,876,al????,al
State,879,al#,al
State,886,$al,al
State,888,al#,al
State,898,al$$,al
State,900,al??,al
State,903,a??l,al
State,905,al$%,al
State,911,a??l,al
State,915,a#l,al
State,930,#al,al
State,934,al%,al
State,945,a??$l,al
State,952,a$l,al
State,967,a#l,al
State,975,a@@l,al
State,986,##al,al
State,990,a%l,al
ZipCode,4,168756.1149802593,35233
ZipCode,10,170471.72257567776,35660
ZipCode,15,213511.47376659952,35660
ZipCode,36,155569.47384427537,36302
ZipCode,42,206288.53111276444,36302
ZipCode,45,193939.89514428072,35957
ZipCode,53,130388.83641156912,35957
ZipCode,61,168687.09472649058,35957
ZipCode,66,176890.5448786894,35957
ZipCode,69,182844.47907027343,35957
ZipCode,83,108247.53391242235,35631
ZipCode,85,159718.33101743975,35631
ZipCode,95,163410.0056676712,36467
ZipCode,98,109425.28206091785,36467
ZipCode,103,156259.4557382377,36467
ZipCode,104,191918.39657749503,36467
ZipCode,107,120577.5837898756,36467
ZipCode,111,209422.2190721016,36467
ZipCode,122,172205.3096214764,36049
ZipCode,126,192344.31287600513,36049
ZipCode,129,152080.236538656,36049
ZipCode,130,128315.58042796022,36049
ZipCode,136,121436.26784791028,36049
ZipCode,155,112401.84455147645,35640
ZipCode,163,205504.7380533271,35640
ZipCode,172,206308.5996078519,35976
ZipCode,173,169786.7872801961,35976
ZipCode,174,163393.51226525704,35976
ZipCode,179,122072.42537095092,35976
ZipCode,180,139365.1248110995,35976
ZipCode,181,160832.90517791297,35976
ZipCode,183,126659.28135643492,35976
ZipCode,184,148322.644918724,35976
ZipCode,194,150070.78993307392,35976
ZipCode,196,189531.6657284686,35235
ZipCode,197,130282.55703320824,35235
ZipCode,200,188243.978288256,35235
ZipCode,203,185027.9503439528,35235
ZipCode,214,163526.84434656933,35235
ZipCode,229,188736.9014866081,35968
ZipCode,230,171697.20136089923,35968
ZipCode,231,186740.56311706413,35968
ZipCode,235,116610.09404819124,35968
ZipCode,238,123182.2965081684,35968
ZipCode,243,110189.93283023217,35968
ZipCode,262,191877.14498983457,36784
ZipCode,269,200160.8096206895,36784
ZipCode,270,182657.51693622192,35007
ZipCode,275,153812.6540815119,35007
ZipCode,276,107947.6538308229,35007
ZipCode,282,151532.45027109064,35007
ZipCode,287,139392.9893190483,35007
ZipCode,312,127907.54301406164,36201
ZipCode,356,142539.9206946081,35594
ZipCode,367,209580.88701008097,35594
ZipCode,368,201748.64282718848,35594
ZipCode,371,127443.7236559368,35594
ZipCode,375,185570.4306584043,35594
ZipCode,397,120338.88693994716,36067
ZipCode,401,161001.83865109907,36067
ZipCode,416,147866.0245492709,35150
ZipCode,423,135455.85452144506,35150
ZipCode,424,204264.52587689031,35150
ZipCode,439,362068.30955607566,99508
ZipCode,440,483246.98015434673,99508
ZipCode,444,344277.84102030547,99508
ZipCode,456,164638.41522720276,35660
ZipCode,462,135702.68768353268,35660
ZipCode,468,191808.10430501035,36360
ZipCode,480,143165.7933752656,36360
ZipCode,484,120431.68604496344,36360
ZipCode,489,175058.2263033536,36360
ZipCode,491,186089.7019431612,36360
ZipCode,498,187170.68912007456,35960
ZipCode,499,133429.47223552008,35960
ZipCode,500,151818.14157858465,35960
ZipCode,506,133520.9195856871,35960
ZipCode,509,214704.85781511365,35960
ZipCode,511,128998.0286796884,35960
ZipCode,519,195954.1653581106,36116
ZipCode,536,123174.29941943022,36116
ZipCode,555,148600.84262948725,36106
ZipCode,558,150846.56038735528,36106
ZipCode,561,190256.7295311404,36106
ZipCode,563,127974.39786969798,36106
ZipCode,571,146098.455167879,36854
ZipCode,572,126378.6180732176,36854
ZipCode,574,118510.8837777628,36854
ZipCode,579,111469.0695455934,36854
ZipCode,584,190808.58252976375,36854
ZipCode,597,113889.67929284411,36323
ZipCode,602,174755.13164819265,36323
ZipCode,604,157678.8620944952,36323
ZipCode,606,186333.6742818691,36323
ZipCode,618,117247.74873080185,36801
ZipCode,626,114042.29937455153,36801
ZipCode,633,202223.32041229785,36801
ZipCode,637,149694.4588092709,36801
ZipCode,638,209882.59947750985,36801
ZipCode,639,191898.9233143167,36801
ZipCode,652,152327.4656151629,36278
ZipCode,653,174681.8150375169,36278
ZipCode,659,217604.94505643423,36278
ZipCode,664,178568.15491267553,36278
ZipCode,665,148528.5269512122,36278
ZipCode,669,205927.86805350884,35233
ZipCode,673,154266.0992384324,35233
ZipCode,677,137695.63694827797,35233
ZipCode,684,107962.37909753248,35233
ZipCode,701,125860.08855408683,36078
ZipCode,702,151330.85638192974,36078
ZipCode,708,114536.44484243162,36078
ZipCode,725,138418.53677155555,35058
ZipCode,733,152075.99275055845,35058
ZipCode,742,145535.60722620809,36420
ZipCode,746,158553.96778935066,36420
ZipCode,752,124284.0547049456,36420
ZipCode,761,177740.31665322545,36420
ZipCode,773,127117.58000764318,36201
ZipCode,788,134058.4664793449,35801
ZipCode,790,201189.49416355285,35801
ZipCode,792,128516.21810098983,35801
ZipCode,796,174702.82059627646,35801
ZipCode,802,113079.66804913143,35801
ZipCode,806,215002.63962532536,35903
ZipCode,810,184083.87074429117,35903
ZipCode,814,191629.91981841112,35903
ZipCode,818,200344.59129159423,35903
ZipCode,825,211871.79673880903,35903
ZipCode,830,179688.0098664133,35045
ZipCode,835,208786.87856008983,35045
ZipCode,839,127870.1767443449,35045
ZipCode,843,180884.10947267583,35045
ZipCode,849,133364.28119192523,35045
ZipCode,867,139375.18240682472,35570
ZipCode,869,136677.6389320209,35570
ZipCode,874,190616.14563192037,35570
ZipCode,891,150952.131770325,35555
ZipCode,901,190606.89206766748,35555
ZipCode,917,110481.55244136076,35901
ZipCode,924,159753.94996316667,35901
ZipCode,932,117920.9870277264,36033
ZipCode,933,211174.56515879836,36033
ZipCode,934,186565.1764819601,36033
ZipCode,937,145113.38656507945,36033
ZipCode,943,158520.62233001107,36033
ZipCode,946,143769.1181526036,36033
ZipCode,957,156098.35474552785,36330
ZipCode,969,126355.98722101866,36330
ZipCode,973,126144.2815287162,36330
ZipCode,975,155830.6543455967,36330
ZipCode,986,180436.03631781143,35121
ZipCode,991,169421.24630942734,35121
ZipCode,993,125571.62537593908,35121
ZipCode,1000,148573.79170209775,35121
CountyName,1,jeffers$on,jefferson
CountyName,7,j@@efferso#n,jefferson
CountyName,17,??jefferson,jefferson
CountyName,21,ho#usto%n,houston
CountyName,25,@@houston%,houston
CountyName,51,marsh%a??ll,marshall
CountyName,60,ma@@rshall,marshall
CountyName,62,marsha$%ll,marshall
CountyName,66,%marshal@@l,marshall
CountyName,88,@@lauderda#le,lauderdale
CountyName,89,lau??derdale,lauderdale
CountyName,92,laud#erd%ale,lauderdale
CountyName,94,%lauderdal??e,lauderdale
CountyName,102,coving$t%on,covington
CountyName,104,c@$@ovington,covington
CountyName,105,covi$ngton,covington
CountyName,111,covingto??n,covington
CountyName,121,cren%shaw@@,crenshaw
CountyName,128,#crenshaw,crenshaw
CountyName,133,??crens@@haw,crenshaw
CountyName,145,mo#rgan,morgan
CountyName,150,morg@@a$n,morgan
CountyName,153,m@@organ,morgan
CountyName,154,mor$gan#,morgan
CountyName,155,morg$an,morgan
CountyName,159,m%organ@@,morgan
CountyName,163,mo#rg@@an,morgan
CountyName,172,ma??rshall,marshall
CountyName,188,@@marshall,marshall
CountyName,190,marshal@@l,marshall
CountyName,219,jefferso@@n,jefferson
CountyName,232,de k??alb,de kalb
CountyName,237,d$e kalb,de kalb
CountyName,240,??de kalb,de kalb
CountyName,249,clark@@e,clarke
CountyName,252,cla@@rk@@e,clarke
CountyName,263,cla#rke,clarke
CountyName,274,#shelby,shelby
CountyName,277,shelby$,shelby
CountyName,278,shelby??,shelby
CountyName,286,s??helb??y,shelby
CountyName,291,s@@??helby,shelby
CountyName,293,sh%??elby,shelby
CountyName,299,jeffers$on,jefferson
CountyName,302,jef@@f%erson,jefferson
CountyName,303,jeffer??son,jefferson
CountyName,308,jeff%er#son,jefferson
CountyName,318,cal$houn#,calhoun
CountyName,320,calhou%n,calhoun
CountyName,322,calho%u%n,calhoun
CountyName,328,cal@@houn,calhoun
CountyName,332,houston$,houston
CountyName,337,ho#$uston,houston
CountyName,341,houst#on,houston
CountyName,350,jeffe??@@rson,jefferson
CountyName,356,mario%??n,marion
CountyName,363,$??marion,marion
CountyName,368,m??ario@@n,marion
CountyName,377,marion@@,marion
CountyName,381,mob#ile@@,mobile
CountyName,386,mobi$$le,mobile
CountyName,389,m$obi%le,mobile
CountyName,399,au%tauga,autauga
CountyName,402,$aut??auga,autauga
CountyName,404,autaug$a,autauga
CountyName,410,autau??ga,autauga
CountyName,422,$ta@@lladega,talladega
CountyName,425,ta@@lladeg??a,talladega
CountyName,426,talla@@dega,talladega
CountyName,427,t%alladega,talladega
CountyName,428,tal??ladega,talladega
CountyName,429,??talladeg%a,talladega
CountyName,430,tall??@@adega,talladega
CountyName,433,ancho@@rag@@e,anchorage
CountyName,437,anchorage#,anchorage
CountyName,439,an%chorage,anchorage
CountyName,445,anch??orage??,anchorage
CountyName,448,an$chorage,anchorage
CountyName,449,a#nchor#age,anchorage
CountyName,451,beth#el,bethel
CountyName,455,j#efferson,jefferson
CountyName,457,je@@fferson,jefferson
CountyName,464,$jefferso??n,jefferson
CountyName,465,@@jefferson@@,jefferson
CountyName,468,@@da%le,dale
CountyName,469,%da%le,dale
CountyName,470,dal%e,dale
CountyName,471,dal@@e,dale
CountyName,492,cherokee#,cherokee
CountyName,508,cher$o??kee,cherokee
CountyName,515,cheroke%e,cherokee
CountyName,519,montgomery@@,montgomery
CountyName,522,mont@@gomery,montgomery
CountyName,523,montgome%$ry,montgomery
CountyName,530,montg#omery,montgomery
CountyName,532,@@montgomery,montgomery
CountyName,534,mon??tgomery,montgomery
CountyName,541,montgom%ery,montgomery
CountyName,559,mont@@gom$ery,montgomery
CountyName,576,c%hambers,chambers
CountyName,583,chambers$,chambers
CountyName,604,c#??offee,coffee
CountyName,607,coffee@@,coffee
CountyName,617,l$ee,lee
CountyName,618,le#e,lee
CountyName,629,#lee,lee
CountyName,644,r??andolph,randolph
CountyName,646,ra%ndolph,randolph
CountyName,648,randolph$,randolph
CountyName,651,#randolph,randolph
CountyName,653,ran#dolph??,randolph
CountyName,670,@@jefferson,jefferson
CountyName,676,jef%fers%on,jefferson
CountyName,689,jefferson%,jefferson
CountyName,690,jeff$erson@@,jefferson
CountyName,691,jeffers??on%,jefferson
CountyName,694,e$l%more,elmore
CountyName,704,elmore??,elmore
CountyName,705,el$more,elmore
CountyName,712,e@@@@lmore,elmore
CountyName,719,cu??@@llman,cullman
CountyName,730,c$ul@@lman,cullman
CountyName,733,cu??llman??,cullman
CountyName,735,cull@@man,cullman
CountyName,747,cov#ington,covington
CountyName,749,cov%$ington,covington
CountyName,750,coving$t#on,covington
CountyName,753,covingt#on,covington
CountyName,760,covi@@ngton,covington
CountyName,778,madis$on,madison
CountyName,788,mad%iso$n,madison
CountyName,799,??ma#dison,madison
CountyName,803,#e%towah,etowah
CountyName,812,e%to@@wah,etowah
CountyName,814,e%towah,etowah
CountyName,817,e#to??wah,etowah
CountyName,822,eto%wa#h,etowah
CountyName,829,chil??to%n,chilton
CountyName,843,chi$lton,chilton
CountyName,845,chilton@@,chilton
CountyName,859,ma@@r??ion,marion
CountyName,866,mario@@%n,marion
CountyName,874,m#arion,marion
CountyName,878,faye$t??te,fayette
CountyName,885,fay@@ette,fayette
CountyName,887,f??a%yette,fayette
CountyName,888,fayette%,fayette
CountyName,890,fay??ett#e,fayette
CountyName,894,fay????ette,fayette
CountyName,900,fayette#,fayette
CountyName,906,etowa@@$h,etowah
CountyName,911,etowa#h,etowah
CountyName,913,@@etow@@ah,etowah
CountyName,914,et$owa$h,etowah
CountyName,918,eto@@#wah,etowah
CountyName,930,eto%wah,etowah
CountyName,944,but%l@@er,butler
CountyName,952,but@@le#r,butler
CountyName,954,bu#tler,butler
CountyName,958,c@@offee,coffee
CountyName,959,coffe#e,coffee
CountyName,963,c%offee,coffee
CountyName,978,co?@@?ffee,coffee
CountyName,993,bloun??t,blount
CountyName,995,blo%u@@nt,blount
PhoneNumber,1,10274717579.337048,2053258100
PhoneNumber,10,8545314390.584154,2563864556
PhoneNumber,14,13804815447.36301,2563864556
PhoneNumber,43,16836070415.90256,3347938701
PhoneNumber,47,12788968394.736324,2565938310
PhoneNumber,50,15068991494.56391,2565938310
PhoneNumber,55,9352582000.282837,2565938310
PhoneNumber,77,8104996516.071471,2567688400
PhoneNumber,82,14702369523.68178,2567688400
PhoneNumber,93,12301533146.771864,2567688400
PhoneNumber,104,18393380981.31319,3344933541
PhoneNumber,107,12902338030.096268,3344933541
PhoneNumber,125,17242140349.188065,3343353374
PhoneNumber,127,17213352957.301273,3343353374
PhoneNumber,133,17684892435.3187,3343353374
PhoneNumber,138,17539559605.022785,3343353374
PhoneNumber,152,9355993578.82462,2567736511
PhoneNumber,158,13882990160.203976,2567736511
PhoneNumber,162,10944358654.957476,2567736511
PhoneNumber,166,11685114838.624249,2567736511
PhoneNumber,172,8766038496.530605,2565718000
PhoneNumber,181,11610840405.11323,2565718000
PhoneNumber,183,13466802893.235176,2565718000
PhoneNumber,187,12095948866.175438,2565718000
PhoneNumber,195,6686908690.662284,2058383122
PhoneNumber,196,6675278182.573809,2058383122
PhoneNumber,204,7462948251.992712,2058383122
PhoneNumber,206,7575707926.6663,2058383122
PhoneNumber,210,11798352952.377064,2058383122
PhoneNumber,215,9243259791.050192,2058383122
PhoneNumber,233,11434248300.27472,2568453150
PhoneNumber,234,10175707279.469995,2568453150
PhoneNumber,237,15169476685.77869,2568453150
PhoneNumber,238,13100898042.028194,2568453150
PhoneNumber,241,12539449046.447803,2568453150
PhoneNumber,246,13588558620.635344,3346366221
PhoneNumber,251,10939466346.040258,3346366221
PhoneNumber,262,14026566372.075788,3346366221
PhoneNumber,263,18571872404.16076,3346366221
PhoneNumber,286,10130552921.094423,2056208100
PhoneNumber,290,10449647456.952885,2056208100
PhoneNumber,291,6323570613.557953,2056208100
PhoneNumber,293,6346939180.485345,2056208100
PhoneNumber,304,10424570596.88458,2053258100
PhoneNumber,313,9949610873.995865,2562358900
PhoneNumber,315,9651820877.069252,2562358900
PhoneNumber,329,10338453794.87131,2562358900
PhoneNumber,331,14108119902.276283,2562358900
PhoneNumber,335,13062664283.319426,3347935000
PhoneNumber,341,15910733976.042618,3347935000
PhoneNumber,350,6285077924.474656,2059397000
PhoneNumber,351,8245338554.682219,2059397000
PhoneNumber,353,11833915861.14406,2059397000
PhoneNumber,355,6846078605.166686,2054877736
PhoneNumber,357,8382060437.082162,2054877736
PhoneNumber,378,9284186568.086267,2054877736
PhoneNumber,381,13564090694.461622,2514717110
PhoneNumber,390,14731274493.617147,2514717110
PhoneNumber,410,16890855602.892454,3343614267
PhoneNumber,412,16738298325.83644,3343614267
PhoneNumber,414,14148222698.09645,11149893592.812357
PhoneNumber,421,12825379557.990192,2562495000
PhoneNumber,431,13010412451.720568,2562495000
PhoneNumber,436,41618472492.31549,9072761131
PhoneNumber,441,34127378901.92446,9072761131
PhoneNumber,442,30548604731.3497,9072761131
PhoneNumber,452,9075436300,43161631870.93339
PhoneNumber,453,12419662991.229967,2563864556
PhoneNumber,459,10062672587.760292,2563864556
PhoneNumber,466,9025939780.571732,2563864556
PhoneNumber,473,12671058934.435429,3347742601
PhoneNumber,490,12010534693.04819,3347742601
PhoneNumber,493,9219922160.782995,2569275531
PhoneNumber,494,14988590432.076809,2569275531
PhoneNumber,498,12078545261.501188,2569275531
PhoneNumber,508,9595493136.630505,2569275531
PhoneNumber,521,12111157339.679155,3342882100
PhoneNumber,522,18282380924.46847,3342882100
PhoneNumber,524,17227050763.03395,3342882100
PhoneNumber,526,12594185720.998669,3342882100
PhoneNumber,532,17229396095.888454,3342882100
PhoneNumber,536,13523849978.671612,3342882100
PhoneNumber,554,19664334524.843052,3342938000
PhoneNumber,558,18063306029.8869,3342938000
PhoneNumber,565,11318000125.006483,3342938000
PhoneNumber,567,19872067784.019665,3347561400
PhoneNumber,568,17553391193.538883,3347561400
PhoneNumber,569,12103097655.506151,3347561400
PhoneNumber,572,12897033868.8395,3347561400
PhoneNumber,594,13780477461.492592,3348972257
PhoneNumber,595,17440723338.123363,3348972257
PhoneNumber,603,10226208382.084974,3348972257
PhoneNumber,621,11577351287.320473,3347493411
PhoneNumber,623,16463410443.04746,3347493411
PhoneNumber,631,12604292544.243118,3347493411
PhoneNumber,632,13121216711.8627,3347493411
PhoneNumber,642,11724287149.797665,2563572111
PhoneNumber,645,13247661803.758684,2563572111
PhoneNumber,661,12730217606.394257,2563572111
PhoneNumber,663,8249633868.508477,2563572111
PhoneNumber,670,6748419058.689207,2059344011
PhoneNumber,681,8388951548.410706,2059344011
PhoneNumber,694,16650105938.116407,3342836541
PhoneNumber,697,10248239864.274778,3342836541
PhoneNumber,699,14337412645.363766,3342836541
PhoneNumber,708,15211545602.506102,3342836541
PhoneNumber,720,10327031712.586334,2567372000
PhoneNumber,721,13995334316.542889,2567372000
PhoneNumber,727,7761054382.891519,2567372000
PhoneNumber,747,20041899724.280563,3342228466
PhoneNumber,766,13733412297.512869,3342228466
PhoneNumber,774,10302295757.56104,2562358900
PhoneNumber,776,9775932413.213907,2562651000
PhoneNumber,777,8039439697.044535,2562651000
PhoneNumber,783,8524026234.04128,2562651000
PhoneNumber,784,8473077772.095504,2562651000
PhoneNumber,791,9913029237.914995,2562651000
PhoneNumber,798,11157202184.263767,2562651000
PhoneNumber,812,8229236818.985691,2564944000
PhoneNumber,818,9533972366.48811,2564944000
PhoneNumber,821,12565781188.052788,2564944000
PhoneNumber,824,12198941079.190275,2564944000
PhoneNumber,825,11310314313.899534,2564944000
PhoneNumber,830,6560385901.030996,2057552500
PhoneNumber,855,10835744296.250608,2059216200
PhoneNumber,859,7827149972.9154,2059216200
PhoneNumber,862,10038903564.970451,2059216200
PhoneNumber,863,10795273340.260445,2059216200
PhoneNumber,867,12164554263.857094,2059216200
PhoneNumber,871,7416158157.298143,2059216200
PhoneNumber,872,10782208170.112288,2059216200
PhoneNumber,887,9710315896.325146,2059325966
PhoneNumber,888,6467099706.765063,2059325966
PhoneNumber,890,8613063969.478825,2059325966
PhoneNumber,899,12147380066.13514,2059325966
PhoneNumber,913,14670195885.37017,2565435200
PhoneNumber,915,11866670398.638908,2565435200
PhoneNumber,923,12131096087.871395,2565435200
PhoneNumber,924,12234494316.939651,2565435200
PhoneNumber,926,12702212127.089651,2565435200
PhoneNumber,934,15900161188.69569,3343762205
PhoneNumber,944,17401625824.919907,3343762205
PhoneNumber,947,18609612993.22873,3343762205
PhoneNumber,956,16506623632.894691,3343470584
PhoneNumber,970,14711069004.92714,3343470584
PhoneNumber,971,16063711117.328487,3343470584
PhoneNumber,973,14756734862.307743,3343470584
PhoneNumber,978,16856969528.534882,3343470584
PhoneNumber,981,10417335145.222511,2052743000
PhoneNumber,989,7089085834.769872,2052743000
PhoneNumber,994,6819936164.509053,2052743000
PhoneNumber,995,7633526241.949232,2052743000
PhoneNumber,996,6775498753.9584255,2052743000
HospitalType,23,acute care h@@ospitals,acute care hospitals
HospitalType,26,acute c??are hospitals,acute care hospitals
HospitalType,28,acute care ho#spitals%,acute care hospitals
HospitalType,33,acu$te care hospitals,acute care hospitals
HospitalType,34,acu%te% care hospitals,acute care hospitals
HospitalType,36,acute @@care hospit$als,acute care hospitals
HospitalType,46,acu%te care hospitals,acute care hospitals
HospitalType,47,acute@@ care hospitals??,acute care hospitals
HospitalType,49,acute c#are hospita%ls,acute care hospitals
HospitalType,58,acute?? care hospitals#,acute care hospitals
HospitalType,61,acute care hospita$ls,acute care hospitals
HospitalType,67,acute care hospit#als,acute care hospitals
HospitalType,73,acu??te care hos@@pitals,acute care hospitals
HospitalType,91,@@ac@@ute care hospitals,acute care hospitals
HospitalType,97,acute c#are hospitals,acute care hospitals
HospitalType,99,acute care hosp%itals,acute care hospitals
HospitalType,101,acute c??are hospitals,acute care hospitals
HospitalType,107,#acute care hospitals,acute care hospitals
HospitalType,114,acute care hospita??ls,acute care hospitals
HospitalType,116,a??cute care hospitals,acute care hospitals
HospitalType,118,acute ca??re h??ospitals,acute care hospitals
HospitalType,121,acute ca$re ho??spitals,acute care hospitals
HospitalType,122,acute care hospit@@als,acute care hospitals
HospitalType,146,acute c%are hospitals,acute care hospitals
HospitalType,154,acut??e care hospitals,acute care hospitals
HospitalType,156,acute ca@@re hospitals,acute care hospitals
HospitalType,162,acute care hospitals$@@,acute care hospitals
HospitalType,163,acute care ho@@spitals,acute care hospitals
HospitalType,166,acute care hospi@@tals,acute care hospitals
HospitalType,173,@@acute care h#ospitals,acute care hospitals
HospitalType,176,acute care hospita#ls,acute care hospitals
HospitalType,177,acute care hospita#ls,acute care hospitals
HospitalType,183,ac??ute@@ care hospitals,acute care hospitals
HospitalType,187,acute car??e hospitals,acute care hospitals
HospitalType,196,acu#te care hospi%tals,acute care hospitals
HospitalType,201,acute care hospita??ls,acute care hospitals
HospitalType,202,acute care hosp#ital%s,acute care hospitals
HospitalType,205,acute care $hospitals,acute care hospitals
HospitalType,217,acut$e care hos@@pitals,acute care hospitals
HospitalType,220,%acute car#e hospitals,acute care hospitals
HospitalType,221,acute ??care hospitals,acute care hospitals
HospitalType,225,acute?? care@@ hospitals,acute care hospitals
HospitalType,226,acute care hosp??itals%,acute care hospitals
HospitalType,248,a$cute care hospita@@ls,acute care hospitals
HospitalType,254,acute ca#re# hospitals,acute care hospitals
HospitalType,257,acute care% hospitals,acute care hospitals
HospitalType,265,acute care hospi$tals,acute care hospitals
HospitalType,266,acute care hos#pitals,acute care hospitals
HospitalType,282,acute care hospit??als,acute care hospitals
HospitalType,288,acute care hospi%ta%ls,acute care hospitals
HospitalType,294,@@acute care hospita??ls,acute care hospitals
HospitalType,304,acute c@@are hospitals,acute care hospitals
HospitalType,305,%acute care hospit@@als,acute care hospitals
HospitalType,314,acute c$are hospit$als,acute care hospitals
HospitalType,333,a%cute care hospitals,acute care hospitals
HospitalType,338,acute $care?? hospitals,acute care hospitals
HospitalType,354,ac@@ute care hospita#ls,acute care hospitals
HospitalType,363,acute care $hospi%tals,acute care hospitals
HospitalType,395,acu%t@@e care hospitals,acute care hospitals
HospitalType,412,acute care$ hospitals,acute care hospitals
HospitalType,414,ac@@ute care hospit@@als,acute care hospitals
HospitalType,420,acute #care hospitals,acute care hospitals
HospitalType,425,acute $care hospitals,acute care hospitals
HospitalType,436,acute car%e hospi%tals,acute care hospitals
HospitalType,451,acu$te care h#ospitals,acute care hospitals
HospitalType,452,acut%e car%e hospitals,acute care hospitals
HospitalType,456,acute care hospita$ls,acute care hospitals
HospitalType,460,%acute care hospitals,acute care hospitals
HospitalType,467,acute car#e hospital#s,acute care hospitals
HospitalType,476,acute c@@are ho$spitals,acute care hospitals
HospitalType,487,acut??e care hospitals,acute care hospitals
HospitalType,496,acu#te care hospita#ls,acute care hospitals
HospitalType,506,acute care hosp??itals,acute care hospitals
HospitalType,507,a#cute# care hospitals,acute care hospitals
HospitalType,518,acute care$ hospitals,acute care hospitals
HospitalType,521,acu$te care hospital@@s,acute care hospitals
HospitalType,523,ac%ute care hospitals,acute care hospitals
HospitalType,534,acut??e care hospital%s,acute care hospitals
HospitalType,539,acute car@@e hospitals,acute care hospitals
HospitalType,543,acute @@care hos#pitals,acute care hospitals
HospitalType,550,#acute care hospitals,acute care hospitals
HospitalType,553,acute care hospita%ls,acute care hospitals
HospitalType,556,acute c@@are hosp%itals,acute care hospitals
HospitalType,562,a%cute care hospi??tals,acute care hospitals
HospitalType,565,acu%te care hospitals,acute care hospitals
HospitalType,575,acute care hosp@@itals,acute care hospitals
HospitalType,585,acute care hospital%s,acute care hospitals
HospitalType,593,acute care hospita??ls,acute care hospitals
HospitalType,600,acut%e care# hospitals,acute care hospitals
HospitalType,607,acute #ca%re hospitals,acute care hospitals
HospitalType,617,acute care hospi#tals,acute care hospitals
HospitalType,629,acute ca??re?? hospitals,acute care hospitals
HospitalType,634,acute #c@@are hospitals,acute care hospitals
HospitalType,661,acute care hospita#l%s,acute care hospitals
HospitalType,675,acute care hos??pital??s,acute care hospitals
HospitalType,678,acute care hos#pitals,acute care hospitals
HospitalType,681,acut$e care hospitals,acute care hospitals
HospitalType,694,acu#t@@e care hospitals,acute care hospitals
HospitalType,701,acu??te care hospitals,acute care hospitals
HospitalType,718,acute care @@hospitals,acute care hospitals
HospitalType,721,ac@@ute care hospitals,acute care hospitals
HospitalType,733,acute car??e hospitals,acute care hospitals
HospitalType,740,acute c%are ??hospitals,acute care hospitals
HospitalType,765,acute care h%o#spitals,acute care hospitals
HospitalType,771,acute ca??re hospitals,acute care hospitals
HospitalType,779,acute care hos#pitals,acute care hospitals
HospitalType,783,acute care hospitals#,acute care hospitals
HospitalType,786,ac??ute care hospitals,acute care hospitals
HospitalType,787,acute care hosp??itals,acute care hospitals
HospitalType,790,acu??te care #hospitals,acute care hospitals
HospitalType,792,%acute @@care hospitals,acute care hospitals
HospitalType,795,acute car#e hospit#als,acute care hospitals
HospitalType,811,acute care #h??ospitals,acute care hospitals
HospitalType,814,acute c??are ho$spitals,acute care hospitals
HospitalType,825,acute car$e hosp%itals,acute care hospitals
HospitalType,829,??acute care hospitals,acute care hospitals
HospitalType,834,acute c??are hospitals,acute care hospitals
HospitalType,842,acute care hosp??itals,acute care hospitals
HospitalType,845,#acute care hospitals,acute care hospitals
HospitalType,847,acu??te care ho%spitals,acute care hospitals
HospitalType,848,acute care hospit@@als,acute care hospitals
HospitalType,853,acute ??care hosp??itals,acute care hospitals
HospitalType,874,acut#e care h??ospitals,acute care hospitals
HospitalType,886,acute @@car$e hospitals,acute care hospitals
HospitalType,902,acute@@ care hospitals,acute care hospitals
HospitalType,914,ac%ut@@e care hospitals,acute care hospitals
HospitalType,922,acute care hospitals#,acute care hospitals
HospitalType,924,acute care hospit@@als,acute care hospitals
HospitalType,928,acute care$ hospitals,acute care hospitals
HospitalType,936,$acute care hospitals,acute care hospitals
HospitalType,942,acute care??# hospitals,acute care hospitals
HospitalType,950,acute care hos#pit??als,acute care hospitals
HospitalType,951,acut%e care hospitals,acute care hospitals
HospitalType,953,acute care h@@ospitals,acute care hospitals
HospitalType,954,acut@@e care hospital$s,acute care hospitals
HospitalType,956,??acute care hospitals,acute care hospitals
HospitalType,957,acute care hospitals%,acute care hospitals
HospitalType,962,acute care h@@ospi$tals,acute care hospitals
HospitalType,963,acute# c%are hospitals,acute care hospitals
HospitalType,965,acu@@te care hospital%s,acute care hospitals
HospitalType,968,acute care$ hospitals,acute care hospitals
HospitalType,971,acute care h@@ospitals@@,acute care hospitals
HospitalType,982,ac??ute care hospitals,acute care hospitals
HospitalType,983,acute c@@are hospitals,acute care hospitals
HospitalType,988,acute ca??re hospitals,acute care hospitals
HospitalType,991,acu$te care hospitals,acute care hospitals
HospitalType,994,acute ??car??e hospitals,acute care hospitals
HospitalOwner,14,governmen??t - ??hospital district or authority,government - hospital district or authority
HospitalOwner,15,government - hospita#l di@@strict or authority,government - hospital district or authority
HospitalOwner,19,government - hospital district or auth??ority,government - hospital district or authority
HospitalOwner,20,government - hospital distri#ct or authority,government - hospital district or authority
HospitalOwner,22,government - %hospital district or authori$ty,government - hospital district or authority
HospitalOwner,23,g@@overnment - hospital district or authority,government - hospital district or authority
HospitalOwner,25,go@@vernment - hospital district or authority,government - hospital district or authority
HospitalOwner,42,go#vernment - hospital distric??t or authority,government - hospital district or authority
HospitalOwner,53,government -% hospital district or authority,government - hospital district or authority
HospitalOwner,61,government - hospital ??district or authority,government - hospital district or authority
HospitalOwner,62,govern#ment - hospital district or authority,government - hospital district or authority
HospitalOwner,71,voluntary non-p#rofit - oth%er,voluntary non-profit - other
HospitalOwner,73,$voluntary n@@on-profit - other,voluntary non-profit - other
HospitalOwner,78,voluntary non-profi%t %- other,voluntary non-profit - other
HospitalOwner,83,volu$ntary non#-profit - other,voluntary non-profit - other
HospitalOwner,85,voluntary n$on-profit - oth??er,voluntary non-profit - other
HospitalOwner,102,voluntary non-pro#fit - private#,voluntary non-profit - private
HospitalOwner,105,vol$untary n%on-profit - private,voluntary non-profit - private
HospitalOwner,106,voluntary non-prof??i??t - private,voluntary non-profit - private
HospitalOwner,108,v@@oluntary non-profit - private,voluntary non-profit - private
HospitalOwner,114,volu%ntary non-profi#t - private,voluntary non-profit - private
HospitalOwner,121,gover%nment - federal,government - federal
HospitalOwner,125,government -% federal,government - federal
HospitalOwner,133,government %- federal,government - federal
HospitalOwner,134,gov%ernment - federal,government - federal
HospitalOwner,150,propri%etary,proprietary
HospitalOwner,161,prop@@@@rietary,proprietary
HospitalOwner,162,proprie??tary,proprietary
HospitalOwner,169,@@proprietary,proprietary
HospitalOwner,174,government - hosp??ital district or authority,government - hospital district or authority
HospitalOwner,185,government - hospit$al district or authority,government - hospital district or authority
HospitalOwner,187,g%overnment - hospital district or authority,government - hospital district or authority
HospitalOwner,198,voluntary non-p??rofit - private??,voluntary non-profit - private
HospitalOwner,216,voluntary non-profit - p@@rivate,voluntary non-profit - private
HospitalOwner,222,voluntary non-$p??rofit - church,voluntary non-profit - church
HospitalOwner,225,voluntary non-??profit - church,voluntary non-profit - church
HospitalOwner,226,voluntary non$-profit - ??church,voluntary non-profit - church
HospitalOwner,229,voluntary #non-$profit - church,voluntary non-profit - church
HospitalOwner,232,voluntary# non-prof%it - church,voluntary non-profit - church
HospitalOwner,239,v??oluntary non-profit - church,voluntary non-profit - church
HospitalOwner,250,gov%ernment - federal??,government - federal
HospitalOwner,261,#government - federal,government - federal
HospitalOwner,276,vo@@luntary non-prof%it - church,voluntary non-profit - church
HospitalOwner,290,voluntary non-profi@@t - c#hurch,voluntary non-profit - church
HospitalOwner,306,voluntary non-p$rofit - private,voluntary non-profit - private
HospitalOwner,308,voluntary %non-prof$it - private,voluntary non-profit - private
HospitalOwner,311,v#oluntary no$n-profit - private,voluntary non-profit - private
HospitalOwner,312,@@proprietary#,proprietary
HospitalOwner,314,propriet%ar@@y,proprietary
HospitalOwner,327,pro$prietary,proprietary
HospitalOwner,337,pr??oprie#tary,proprietary
HospitalOwner,344,p@@roprie@@tary,proprietary
HospitalOwner,357,proprietary@@,proprietary
HospitalOwner,368,propri??et??ary,proprietary
HospitalOwner,372,propr??ie$tary,proprietary
HospitalOwner,382,government - stat%e,government - state
HospitalOwner,389,gover??nme$nt - state,government - state
HospitalOwner,395,volun??tary non-profit - private,voluntary non-profit - private
HospitalOwner,405,voluntary non-pro??fit - private,voluntary non-profit - private
HospitalOwner,442,proprie%tary,proprietary
HospitalOwner,448,proprieta@@ry,proprietary
HospitalOwner,456,govern#ment - hospital district or au$thority,government - hospital district or authority
HospitalOwner,459,government - hospit%al district or authority,government - hospital district or authority
HospitalOwner,474,governme@@nt - hospital district or authority@@,government - hospital district or authority
HospitalOwner,476,government - hospital district o#r authority,government - hospital district or authority
HospitalOwner,481,government - hospital d%istrict #or authority,government - hospital district or authority
HospitalOwner,490,government - hospital dis#t%rict or authority,government - hospital district or authority
HospitalOwner,492,vol#untary non-profit - private,voluntary non-profit - private
HospitalOwner,515,voluntary non-pro@@fit - p#rivate,voluntary non-profit - private
HospitalOwner,518,voluntary non-profit - chur#ch,voluntary non-profit - church
HospitalOwner,521,voluntary non-pro%fit - church,voluntary non-profit - church
HospitalOwner,526,voluntary non-profit - church%,voluntary non-profit - church
HospitalOwner,528,vo??luntary non-profit - church,voluntary non-profit - church
HospitalOwner,531,voluntary non-pro@@fi%t - church,voluntary non-profit - church
HospitalOwner,536,voluntary non-profi??t - church,voluntary non-profit - church
HospitalOwner,539,volunt#ary non-p%rofit - church,voluntary non-profit - church
HospitalOwner,546,#voluntary non-profit - private,voluntary non-profit - private
HospitalOwner,552,voluntary non-profit - %private,voluntary non-profit - private
HospitalOwner,569,voluntary non-profit -@@ other,voluntary non-profit - other
HospitalOwner,583,v??oluntary non-profit - %other,voluntary non-profit - other
HospitalOwner,585,voluntary non-p$rofit - other,voluntary non-profit - other
HospitalOwner,616,voluntary non-profit - other#,voluntary non-profit - other
HospitalOwner,618,#government - hospital dist#rict or authority,government - hospital district or authority
HospitalOwner,620,government -@@ hospital district or autho%rity,government - hospital district or authority
HospitalOwner,621,government - hospital dist$rict or autho$rity,government - hospital district or authority
HospitalOwner,636,government - hos%pital district or authority,government - hospital district or authority
HospitalOwner,653,government - $local$,government - local
HospitalOwner,654,g$overnment -$ local,government - local
HospitalOwner,656,g??overnment ??- local,government - local
HospitalOwner,678,govern??ment - s#tate,government - state
HospitalOwner,683,government - state%,government - state
HospitalOwner,688,gov$ernment - state,government - state
HospitalOwner,700,voluntar#y non-profit - private,voluntary non-profit - private
HospitalOwner,704,voluntary non-prof$it - priva#te,voluntary non-profit - private
HospitalOwner,709,%voluntary non-profit - private,voluntary non-profit - private
HospitalOwner,716,voluntary no??n-profit - p@@rivate,voluntary non-profit - private
HospitalOwner,718,go$vernment - hospital district or authority,government - hospital district or authority
HospitalOwner,724,government - hospi??tal district or authority,government - hospital district or authority
HospitalOwner,725,government$ - hospital distri@@ct or authority,government - hospital district or authority
HospitalOwner,733,gov@@ernment - hospital district or author$ity,government - hospital district or authority
HospitalOwner,739,government - h#ospital district or authority,government - hospital district or authority
HospitalOwner,757,pro%prietary,proprietary
HospitalOwner,759,pr@@oprie#tary,proprietary
HospitalOwner,764,proprieta@@ry,proprietary
HospitalOwner,777,government - hospital# district or authority,government - hospital district or authority
HospitalOwner,799,government - h??ospital district or authority,government - hospital district or authority
HospitalOwner,804,pro#prietary,proprietary
HospitalOwner,807,pr$oprie#tary,proprietary
HospitalOwner,809,proprie$t$ary,proprietary
HospitalOwner,812,propri??eta??ry,proprietary
HospitalOwner,821,p%roprietary,proprietary
HospitalOwner,823,p@@roprie??tary,proprietary
HospitalOwner,835,voluntary non-profit #- #private,voluntary non-profit - private
HospitalOwner,837,voluntary non-profit - pr@%@ivate,voluntary non-profit - private
HospitalOwner,842,voluntary non-profit - pr#ivate,voluntary non-profit - private
HospitalOwner,854,voluntary non-profit - priv$ate,voluntary non-profit - private
HospitalOwner,855,voluntary non-profit - priva#te,voluntary non-profit - private
HospitalOwner,856,voluntar#y non-profit ??- private,voluntary non-profit - private
HospitalOwner,867,vol@@untary non-profit - private,voluntary non-profit - private
HospitalOwner,880,voluntary non-profit - o$ther,voluntary non-profit - other
HospitalOwner,888,volu%ntary non-profi%t - other,voluntary non-profit - other
HospitalOwner,895,vol%untary non-profit - oth#er,voluntary non-profit - other
HospitalOwner,896,v#oluntary non-%profit - other,voluntary non-profit - other
HospitalOwner,899,voluntary non-profit - other%,voluntary non-profit - other
HospitalOwner,901,voluntary non-profit - ot%her,voluntary non-profit - other
HospitalOwner,921,propri%etary,proprietary
HospitalOwner,926,pr$oprietary#,proprietary
HospitalOwner,962,p%roprieta@@ry,proprietary
HospitalOwner,975,pro%prietary,proprietary
HospitalOwner,981,vol$untary non-p??rofit - private,voluntary non-profit - private
HospitalOwner,987,volun$tary non-profit - pri$vate,voluntary non-profit - private
HospitalOwner,993,voluntary non-profit# - private,voluntary non-profit - private
EmergencyService,20,y@@es,yes
EmergencyService,25,yes??#,yes
EmergencyService,27,$yes,yes
EmergencyService,34,%y??es,yes
EmergencyService,35,#yes,yes
EmergencyService,38,??y??es,yes
EmergencyService,42,@#@yes,yes
EmergencyService,55,%??yes,yes
EmergencyService,59,%yes,yes
EmergencyService,80,y??es#,yes
EmergencyService,85,yes@@??,yes
EmergencyService,87,y??e@@s,yes
EmergencyService,97,no@@,no
EmergencyService,100,$no,no
EmergencyService,102,no##,no
EmergencyService,112,????no,no
EmergencyService,123,y$es,yes
EmergencyService,132,y%e$s,yes
EmergencyService,139,y$e$s,yes
EmergencyService,140,?@@?yes,yes
EmergencyService,148,ye??s,yes
EmergencyService,161,%yes,yes
EmergencyService,164,#y#es,yes
EmergencyService,177,yes$,yes
EmergencyService,180,y#es,yes
EmergencyService,187,yes%,yes
EmergencyService,194,y#es,yes
EmergencyService,199,??yes,yes
EmergencyService,204,ye%s,yes
EmergencyService,211,yes@??@,yes
EmergencyService,215,y$es??,yes
EmergencyService,217,ye#$s,yes
EmergencyService,222,?$?yes,yes
EmergencyService,223,yes@@@@,yes
EmergencyService,225,yes$,yes
EmergencyService,233,%yes#,yes
EmergencyService,259,%%yes,yes
EmergencyService,261,ye%s,yes
EmergencyService,262,%%yes,yes
EmergencyService,270,ye?$?s,yes
EmergencyService,288,%ye@@s,yes
EmergencyService,292,ye??s??,yes
EmergencyService,293,yes#%,yes
EmergencyService,320,$@@yes,yes
EmergencyService,331,yes#,yes
EmergencyService,332,y??es#,yes
EmergencyService,336,@@yes%,yes
EmergencyService,340,yes????,yes
EmergencyService,349,y#es??,yes
EmergencyService,352,ye#??s,yes
EmergencyService,353,y@@es,yes
EmergencyService,356,yes$,yes
EmergencyService,366,y#es,yes
EmergencyService,372,ye@@s#,yes
EmergencyService,374,ye$s,yes
EmergencyService,386,%y%es,yes
EmergencyService,387,y@@es,yes
EmergencyService,392,yes%,yes
EmergencyService,400,@@yes,yes
EmergencyService,404,#yes#,yes
EmergencyService,406,ye@@@@s,yes
EmergencyService,412,ye#s,yes
EmergencyService,429,no@@,no
EmergencyService,435,??yes,yes
EmergencyService,466,yes$%,yes
EmergencyService,486,ye#s,yes
EmergencyService,495,ye$s,yes
EmergencyService,502,y%??es,yes
EmergencyService,505,$#yes,yes
EmergencyService,513,#yes#,yes
EmergencyService,515,y%es#,yes
EmergencyService,516,%yes@@,yes
EmergencyService,523,y%es,yes
EmergencyService,532,??yes,yes
EmergencyService,537,#yes??,yes
EmergencyService,540,y??e$s,yes
EmergencyService,543,yes@@,yes
EmergencyService,549,ye$s,yes
EmergencyService,550,yes#,yes
EmergencyService,561,yes%,yes
EmergencyService,570,@@yes,yes
EmergencyService,572,yes#,yes
EmergencyService,581,y%es,yes
EmergencyService,588,ye$s,yes
EmergencyService,604,ye%s,yes
EmergencyService,618,ye@@s@@,yes
EmergencyService,623,%y@@es,yes
EmergencyService,624,y??es@@,yes
EmergencyService,637,y$es,yes
EmergencyService,638,ye%s,yes
EmergencyService,639,yes????,yes
EmergencyService,645,??no,no
EmergencyService,656,??no@@,no
EmergencyService,667,y%e%s,yes
EmergencyService,670,@??@yes,yes
EmergencyService,672,$y@@es,yes
EmergencyService,679,ye#s,yes
EmergencyService,680,ye$s,yes
EmergencyService,692,n%$o,no
EmergencyService,697,n??o,no
EmergencyService,705,no#%,no
EmergencyService,707,n%o,no
EmergencyService,713,$@@no,no
EmergencyService,716,n#o%,no
EmergencyService,722,yes$,yes
EmergencyService,725,yes??@@,yes
EmergencyService,727,@@y%es,yes
EmergencyService,732,@@yes,yes
EmergencyService,737,%yes,yes
EmergencyService,738,??yes,yes
EmergencyService,743,no@@@@,no
EmergencyService,749,no@#@,no
EmergencyService,759,no%,no
EmergencyService,763,n$$o,no
EmergencyService,773,ye????s,yes
EmergencyService,783,yes?#?,yes
EmergencyService,789,??yes,yes
EmergencyService,790,yes??,yes
EmergencyService,791,$y$es,yes
EmergencyService,793,ye#s,yes
EmergencyService,805,y??es,yes
EmergencyService,814,yes??,yes
EmergencyService,816,y??e$s,yes
EmergencyService,819,%yes,yes
EmergencyService,821,#yes,yes
EmergencyService,831,ye%s,yes
EmergencyService,839,yes#,yes
EmergencyService,852,$ye#s,yes
EmergencyService,870,y#es??,yes
EmergencyService,872,yes%,yes
EmergencyService,875,ye%??s,yes
EmergencyService,884,yes%%,yes
EmergencyService,899,y@%@es,yes
EmergencyService,900,yes%,yes
EmergencyService,909,??yes??,yes
EmergencyService,912,yes@@,yes
EmergencyService,916,y@@es%,yes
EmergencyService,917,??y#es,yes
EmergencyService,928,y$#es,yes
EmergencyService,929,??yes,yes
EmergencyService,931,%??no,no
EmergencyService,938,n%$o,no
EmergencyService,952,$no$,no
EmergencyService,962,y#e$s,yes
EmergencyService,985,y%es$,yes
EmergencyService,988,ye@@s,yes
Condition,5,%surgical infection prevention%,surgical infection prevention
Condition,6,surgical infec$tion prevention,surgical infection prevention
Condition,12,#heart attack,heart attack
Condition,14,h#ear#t attack,heart attack
Condition,21,heart$ atta$ck,heart attack
Condition,24,hear??t #attack,heart attack
Condition,25,heart attac??k#,heart attack
Condition,31,pn??eumonia,pneumonia
Condition,48,h#eart attac#k,heart attack
Condition,70,hea??rt attack,heart attack
Condition,73,hea??#rt attack,heart attack
Condition,76,hea??rt attack,heart attack
Condition,81,pneu#monia,pneumonia
Condition,82,pneumo%nia$,pneumonia
Condition,97,hea@@rt #attack,heart attack
Condition,115,surgical infe%ction prev@@ention,surgical infection prevention
Condition,121,heart attack%,heart attack
Condition,126,heart$ a#ttack,heart attack
Condition,135,pne%$umonia,pneumonia
Condition,142,surgical inf@@ection %prevention,surgical infection prevention
Condition,144,surgical infection prev@@ention,surgical infection prevention
Condition,149,#heart at@@tack,heart attack
Condition,158,p??neu%monia,pneumonia
Condition,170,$heart attack,heart attack
Condition,188,surgical inf@@ection preventi%on,surgical infection prevention
Condition,196,heart attac@??@k,heart attack
Condition,197,he??art #attack,heart attack
Condition,203,hea??r$t failure,heart failure
Condition,213,surg??ical infection preve??ntion,surgical infection prevention
Condition,227,heart $failure,heart failure
Condition,231,pneumo$nia,pneumonia
Condition,252,he%art@@ failure,heart failure
Condition,257,pne$umonia,pneumonia
Condition,268,surgical infection preventio$n%,surgical infection prevention
Condition,279,hea%rt fail@@ure,heart failure
Condition,285,pneumoni@@a,pneumonia
Condition,292,surgical i%nfection preve%ntion,surgical infection prevention
Condition,301,heart a@@??ttack,heart attack
Condition,306,pneumon$ia,pneumonia
Condition,307,pneumonia%??,pneumonia
Condition,325,p$neumon$ia,pneumonia
Condition,327,pneumo%nia,pneumonia
Condition,330,pne%u$monia,pneumonia
Condition,349,heart at##tack,heart attack
Condition,357,@@heart attack,heart attack
Condition,363,heart fa?#?ilure,heart failure
Condition,372,surgical infection preventi??on,surgical infection prevention
Condition,380,heart@@ at%tack,heart attack
Condition,383,%heart a$ttack,heart attack
Condition,391,pn@@eumonia,pneumonia
Condition,407,p%neumo#nia,pneumonia
Condition,409,surgi@@c$al infection prevention,surgical infection prevention
Condition,414,surgic??al infection prevention,surgical infection prevention
Condition,419,h@@eart attack,heart attack
Condition,428,p@@neumonia,pneumonia
Condition,436,he??art failure,heart failure
Condition,437,pneumo%nia,pneumonia
Condition,438,pne$??umonia,pneumonia
Condition,450,surgical infection pre$vention,surgical infection prevention
Condition,468,hea??rt attack,heart attack
Condition,473,heart at????tack,heart attack
Condition,487,surgical infection preventi$on,surgical infection prevention
Condition,491,surgical infection pr@@e@@vention,surgical infection prevention
Condition,492,heart @@attack,heart attack
Condition,493,heart a#t$tack,heart attack
Condition,495,@@heart a??ttack,heart attack
Condition,498,heart #attack,heart attack
Condition,507,%pneumonia,pneumonia
Condition,518,heart% attack#,heart attack
Condition,538,surgical infection pr??evention,surgical infection prevention
Condition,543,heart???? attack,heart attack
Condition,545,heart at@@#tack,heart attack
Condition,548,heart attack@#@,heart attack
Condition,551,heart fa@@il$ure,heart failure
Condition,558,pne#umonia%,pneumonia
Condition,560,surgical infection preven#tion,surgical infection prevention
Condition,563,surgical infection $prev@@ention,surgical infection prevention
Condition,572,heart $atta@@ck,heart attack
Condition,574,heart failu@@re%,heart failure
Condition,578,p#neu$monia,pneumonia
Condition,589,surgical infection @@p$revention,surgical infection prevention
Condition,596,??heart attack,heart attack
Condition,603,pneu$monia,pneumonia
Condition,605,pneumonia??,pneumonia
Condition,625,heart# #failure,heart failure
Condition,648,heart attack$,heart attack
Condition,658,pn@@eumonia,pneumonia
Condition,668,heart attac%k%,heart attack
Condition,679,pn$e#umonia,pneumonia
Condition,680,pne@@??umonia,pneumonia
Condition,681,pn%eumonia,pneumonia
Condition,694,heart atta@@ck,heart attack
Condition,718,heart% #attack,heart attack
Condition,721,heart attack??,heart attack
Condition,728,pneumo#nia,pneumonia
Condition,729,??pneumonia,pneumonia
Condition,734,surgical infection preven$ti#on,surgical infection prevention
Condition,743,heart at??tac#k,heart attack
Condition,746,heart at@@tack$,heart attack
Condition,749,$heart failure,heart failure
Condition,762,surgical infecti%on prevention,surgical infection prevention
Condition,763,surgical infec%tion prevention,surgical infection prevention
Condition,771,surgical infection preven#tion,surgical infection prevention
Condition,776,$children s asthma care,children s asthma care
Condition,779,heart at#tack$,heart attack
Condition,806,he$art attack,heart attack
Condition,808,heart attac@@k,heart attack
Condition,809,hea#rt attack,heart attack
Condition,814,pn#eu#monia,pneumonia
Condition,817,pneumoni$a,pneumonia
Condition,823,surgical infection prevent%ion,surgical infection prevention
Condition,837,he??art failure,heart failure
Condition,856,he%art attack,heart attack
Condition,865,pneumoni%a,pneumonia
Condition,866,pn@@eumonia$,pneumonia
Condition,872,surgical infe%ction prevention,surgical infection prevention
Condition,880,heart@@ attack#,heart attack
Condition,906,h@@eart attack,heart attack
Condition,910,heart at$tac#k,heart attack
Condition,919,p#neumonia,pneumonia
Condition,922,pneumoni#a,pneumonia
Condition,933,h??eart attack,heart attack
Condition,940,heart fai@@lure,heart failure
Condition,948,surgical# infection prevention,surgical infection prevention
Condition,951,surgical infe@@ctio??n prevention,surgical infection prevention
Condition,953,surgical ??infection preventio??n,surgical infection prevention
Condition,958,he??art attack@@,heart attack
Condition,963,heart failure#,heart failure
Condition,970,pneumoni#a,pneumonia
Condition,977,surgi$cal infection prevention,surgical infection prevention
Condition,982,heart attac$??k,heart attack
MeasureName,1,surgery patients who were taking heart drugs c#alled beta blockers before coming to the hospital who were kept on the beta blockers during the period just before and after their surgery,surgery patients who were taking heart drugs called beta blockers before coming to the hospital who were kept on the beta blockers during the period just before and after their surgery
MeasureName,2,surgery patients# who were given an antibiotic at the right time (within one hour before surgery) to help prevent infection,surgery patients who were given an antibiotic at the right time (within one hour before surgery) to help prevent infection
MeasureName,13,heart attack patients given beta blocker a??t dischar@@ge,heart attack patients given beta blocker at discharge
MeasureName,27,#heart failure p@@atients given discharge instructions,heart failure patients given discharge instructions
MeasureName,55,heart failure patients given smoking cess@@ation adv$ice/counseling,heart failure patients given smoking cessation advice/counseling
MeasureName,61,pneumonia patients assessed and gi??ven influenza vaccination,pneumonia patients assessed and given influenza vaccination
MeasureName,70,heart attack patients given aspirin at arri%val,heart attack patients given aspirin at arrival
MeasureName,72,heart attack patients given ace inhibitor or arb for left ventricular$ systoli%c dysfunction (lvsd),heart attack patients given ace inhibitor or arb for left ventricular systolic dysfunction (lvsd)
MeasureName,105,heart failure patients given smok%ing cessation advice/counseling,heart failure patients given smoking cessation advice/counseling
MeasureName,123,heart attack patients g??iven smoking cessation advice/counseling,heart attack patients given smoking cessation advice/counseling
MeasureName,125,heart attack patients given?? fibrinolytic medication within 30 m#inutes of arrival,heart attack patients given fibrinolytic medication within 30 minutes of arrival
MeasureName,131,pneumonia patients asses$sed and given pneumococcal vaccination,pneumonia patients assessed and given pneumococcal vaccination
MeasureName,135,p@@neumonia patients given the most appropriate initial antibiotic(s)@@,pneumonia patients given the most appropriate initial antibiotic(s)
MeasureName,144,patients who got treatment  at the right time (within 24 ho#urs before or after their surgery) to help prevent blood clots after certai%n types of surgery,patients who got treatment  at the right time (within 24 hours before or after their surgery) to help prevent blood clots after certain types of surgery
MeasureName,150,heart attack patients given fibrinolytic medic%ation within 30 minutes of arriva??l,heart attack patients given fibrinolytic medication within 30 minutes of arrival
MeasureName,151,heart attack patie??nts given pci within 90 minutes of arriva$l,heart attack patients given pci within 90 minutes of arrival
MeasureName,170,heart attack patients given aspir$in at arrival,heart attack patients given aspirin at arrival
MeasureName,178,heart failure patients given an evaluation of left ventricular %systolic (lvs) function,heart failure patients given an evaluation of left ventricular systolic (lvs) function
MeasureName,188,surgery patients who were given an antibiotic at the right time #(within one hour before surgery) to help prevent infection,surgery patients who were given an antibiotic at the right time (within one hour before surgery) to help prevent infection
MeasureName,193,surgery patients whose doctors ordere@@d treatments to prevent blood clots after certain types of surgeries,surgery patients whose doctors ordered treatments to prevent blood clots after certain types of surgeries
MeasureName,195,heart att$ack patients given as??pirin at arrival,heart attack patients given aspirin at arrival
MeasureName,210,pneu@@monia patients given the most appropriate initial antibiotic(s),pneumonia patients given the most appropriate initial antibiotic(s)
MeasureName,228,heart fail%ure patients given an evaluation of left ??ventricular systolic (lvs) function,heart failure patients given an evaluation of left ventricular systolic (lvs) function
MeasureName,231,pneumonia patients assessed and gi??ven pneumococcal vaccination,pneumonia patients assessed and given pneumococcal vaccination
MeasureName,238,surgery patients who were given an antibiotic at the right time (within one hour before surgery) to help prevent infectio$n,surgery patients who were given an antibiotic at the right time (within one hour before surgery) to help prevent infection
MeasureName,256,pneumonia patients asse#ssed and given pneumococcal vaccination,pneumonia patients assessed and given pneumococcal vaccination
MeasureName,264,surgery #patients who were given the  right kind  of an@@tibiotic to help prevent infection,surgery patients who were given the  right kind  of antibiotic to help prevent infection
MeasureName,265,surgery patients whose prevent??ive antibiotics were stopped at the right time (within 24 hours after surgery),surgery patients whose preventive antibiotics were stopped at the right time (within 24 hours after surgery)
MeasureName,277,heart failure patients given discharge instructi$o@@ns,heart failure patients given discharge instructions
MeasureName,279,heart failure patients given ace inhib#itor or arb for left ventricul@@ar systolic dysfunction (lvsd),heart failure patients given ace inhibitor or arb for left ventricular systolic dysfunction (lvsd)
MeasureName,280,heart failure patients given sm#oking?? cessation advice/counseling,heart failure patients given smoking cessation advice/counseling
MeasureName,287,surge$ry patients who were taking heart drugs called beta blockers before coming to the hospital who were kept on the beta blockers during the period just before and after their surgery,surgery patients who were taking heart drugs called beta blockers before coming to the hospital who were kept on the beta blockers during the period just before and after their surgery
MeasureName,300,heart attack patients given fibrinolytic medication within 30 min$utes of arrival,heart attack patients given fibrinolytic medication within 30 minutes of arrival
MeasureName,311,pneumonia patients $assessed and given infl#uenza vaccination,pneumonia patients assessed and given influenza vaccination
MeasureName,318,heart attack patients given beta blocke%r at di#scharge,heart attack patients given beta blocker at discharge
MeasureName,324,h#eart failure patients given smoking cessation advice/cou%nseling,heart failure patients given smoking cessation advice/counseling
MeasureName,336,pneumonia patients whose initial emergency room blood culture was performed prior to the administration of the first ho??spital dose of antibiotics,pneumonia patients whose initial emergency room blood culture was performed prior to the administration of the first hospital dose of antibiotics
MeasureName,343,surgery patients who were given the  r??ight kind  of antibiotic to help prevent infection,surgery patients who were given the  right kind  of antibiotic to help prevent infection
MeasureName,354,patients who got treat@@ment  at the right time (within 24 hours before or after their surgery) to help prevent blood clots after certain types of surgery,patients who got treatment  at the right time (within 24 hours before or after their surgery) to help prevent blood clots after certain types of surgery
MeasureName,355,heart attack patients given asp#irin at arrival,heart attack patients given aspirin at arrival
MeasureName,361,heart attack patients given pci$ within 90 minutes of arrival,heart attack patients given pci within 90 minutes of arrival
MeasureName,363,heart fa$ilure patients given an evaluation of left ventricular %systolic (lvs) function,heart failure patients given an evaluation of left ventricular systolic (lvs) function
MeasureName,372,surgery pati??ents who were taking heart drugs called beta blockers before coming to?? the hospital who were kept on the beta blockers during the period just before and after their surgery,surgery patients who were taking heart drugs called beta blockers before coming to the hospital who were kept on the beta blockers during the period just before and after their surgery
MeasureName,379,patients who got treatment  at the right time (within 24 hours before or after their surgery) t??o help prevent blood clots after certain types of surgery,patients who got treatment  at the right time (within 24 hours before or after their surgery) to help prevent blood clots after certain types of surgery
MeasureName,382,heart attack patient@@s given ace inhibitor or arb for left vent%ricular systolic dysfunction (lvsd),heart attack patients given ace inhibitor or arb for left ventricular systolic dysfunction (lvsd)
MeasureName,383,heart attack @@patients give%n smoking cessation advice/counseling,heart attack patients given smoking cessation advice/counseling
MeasureName,386,heart $attack patients given pci wi??thin 90 minutes of arrival,heart attack patients given pci within 90 minutes of arrival
MeasureName,395,heart attack patient??s given smoking c#essation advice/counseling,heart attack patients given smoking cessation advice/counseling
MeasureName,398,hea#rt attack patients given pci within 90 minutes of arrival,heart attack patients given pci within 90 minutes of arrival
MeasureName,401,heart fail@@ure patients given ace inhibitor or arb for left ventricular systolic dysf??unction (lvsd),heart failure patients given ace inhibitor or arb for left ventricular systolic dysfunction (lvsd)
MeasureName,405,pneumonia patients given smokin%g cessation advice/counseling,pneumonia patients given smoking cessation advice/counseling
MeasureName,406,pne%umonia patients given initial antibiotic(s) wi#thin 6 hours after arrival,pneumonia patients given initial antibiotic(s) within 6 hours after arrival
MeasureName,410,surgery patients who were given an antibiotic at the right time (within one hour before su??rgery) to h$elp prevent infection,surgery patients who were given an antibiotic at the right time (within one hour before surgery) to help prevent infection
MeasureName,412,surgery patients whose preventive antibiotics $were stopped at the right time (within 24 hours after surgery??),surgery patients whose preventive antibiotics were stopped at the right time (within 24 hours after surgery)
MeasureName,413,sur@@gery patients whose docto#rs ordered treatments to prevent blood clots after certain types of surgeries,surgery patients whose doctors ordered treatments to prevent blood clots after certain types of surgeries
MeasureName,414,patients who got treatment  at the right time (within 24 hours before or after their surgery) to help prevent blood clots af$ter certain types of$ surgery,patients who got treatment  at the right time (within 24 hours before or after their surgery) to help prevent blood clots after certain types of surgery
MeasureName,416,heart attack patients giv%en aspirin at discharge,heart attack patients given aspirin at discharge
MeasureName,417,heart $attack patients given ace inhibitor or arb for left# ventricular systolic dysfunction (lvsd),heart attack patients given ace inhibitor or arb for left ventricular systolic dysfunction (lvsd)
MeasureName,426,pneum$onia patients $assessed and given pneumococcal vaccination,pneumonia patients assessed and given pneumococcal vaccination
MeasureName,430,pneumonia patients?? given the most appropriate initial antibiotic(s),pneumonia patients given the most appropriate initial antibiotic(s)
MeasureName,434,heart $failure patients given an evaluation of left ventricular systolic (lvs) $function,heart failure patients given an evaluation of left ventricular systolic (lvs) function
MeasureName,446,surgery pa@@tients whose preventive antibiotics were stopped at the right time (within 24 hours after surgery),surgery patients whose preventive antibiotics were stopped at the right time (within 24 hours after surgery)
MeasureName,455,pneu%monia patients given smoki#ng cessation advice/counseling,pneumonia patients given smoking cessation advice/counseling
MeasureName,459,surgery patients who were t#aking heart drugs called beta blockers before coming to the hospital who were kept on the beta blockers during the period just before and after their surgery,surgery patients who were taking heart drugs called beta blockers before coming to the hospital who were kept on the beta blockers during the period just before and after their surgery
MeasureName,463,all heart surgery patients whose blood sugar (blood glucose) is kept und%er good control in the days right after surgery,all heart surgery patients whose blood sugar (blood glucose) is kept under good control in the days right after surgery
MeasureName,469,heart$ attack patients given ace inhibitor% or arb for left ventricular systolic dysfunction (lvsd),heart attack patients given ace inhibitor or arb for left ventricular systolic dysfunction (lvsd)
MeasureName,474,heart f$ailure patients given discharge instructions,heart failure patients given discharge instructions
MeasureName,483,pneumonia patients assessed and given ??i@@nfluenza vaccination,pneumonia patients assessed and given influenza vaccination
MeasureName,493,#heart attack patients given aspirin at discharge,heart attack patients given aspirin at discharge
MeasureName,495,heart attack pat@@ients given smoking cessation advice/counseling,heart attack patients given smoking cessation advice/counseling
MeasureName,501,heart failure patients given ace inhibitor ??or arb for left ventricular systolic dysfunct??ion (lvsd),heart failure patients given ace inhibitor or arb for left ventricular systolic dysfunction (lvsd)
MeasureName,502,heart failure$ patients given smoking cessation advice/counseling,heart failure patients given smoking cessation advice/counseling
MeasureName,503,pneumonia p??atients assessed and given pn??eumococcal vaccination,pneumonia patients assessed and given pneumococcal vaccination
MeasureName,504,pneumonia patients whose initial emergency room blood culture was performed prior to the administra$tion of the firs#t hospital dose of antibiotics,pneumonia patients whose initial emergency room blood culture was performed prior to the administration of the first hospital dose of antibiotics
MeasureName,507,pneumonia patients given the mo@@st approp??riate initial antibiotic(s),pneumonia patients given the most appropriate initial antibiotic(s)
MeasureName,513,all heart surgery patients whose blood sugar (blood g@@lucose) is kept under good control in the days right after surgery,all heart surgery patients whose blood sugar (blood glucose) is kept under good control in the days right after surgery
MeasureName,529,pneumonia patients whose initial e$mergency room blood culture was performed prior ??to the administration of the first hospital dose of antibiotics,pneumonia patients whose initial emergency room blood culture was performed prior to the administration of the first hospital dose of antibiotics
MeasureName,531,pneumonia pa$tients given initial antibiotic(s) within 6 hours after arrival,pneumonia patients given initial antibiotic(s) within 6 hours after arrival
MeasureName,534,surgery patients who were taking heart drugs called beta blockers before coming to the hospital who were kept on the beta blockers during the period just before and after thei#r surgery,surgery patients who were taking heart drugs called beta blockers before coming to the hospital who were kept on the beta blockers during the period just before and after their surgery
MeasureName,543,heart attack patient%s@@ given aspirin at discharge,heart attack patients given aspirin at discharge
MeasureName,550,heart failure pat$ients given an evalua??tion of left ventricular systolic (lvs) function,heart failure patients given an evaluation of left ventricular systolic (lvs) function
MeasureName,556,pneumonia patients given initial antibiotic(s) within %6 hour$s after arrival,pneumonia patients given initial antibiotic(s) within 6 hours after arrival
MeasureName,558,pneumonia patients assessed and given infl#uenza vaccination,pneumonia patients assessed and given influenza vaccination
MeasureName,561,surgery patients who w@@ere given the  right kind  of antibiotic to help prevent infection,surgery patients who were given the  right kind  of antibiotic to help prevent infection
MeasureName,565,surgery patien#ts whose doctors ordered treatments to prevent blood #clots after certain types of surgeries,surgery patients whose doctors ordered treatments to prevent blood clots after certain types of surgeries
MeasureName,571,heart attack patients given beta blocker at dischar#ge,heart attack patients given beta blocker at discharge
MeasureName,589,surgery patients needing hair rem$oved from the surgical area before surgery who had hair removed using a safer method (electric clippers or hair removal cream c not a razor),surgery patients needing hair removed from the surgical area before surgery who had hair removed using a safer method (electric clippers or hair removal cream c not a razor)
MeasureName,596,heart attac$k patients given beta blocker at discharge,heart attack patients given beta blocker at discharge
MeasureName,604,pneumonia patients whose initial emergency room blood cu#lture was performed prior to the administration of the first hospital dose of antibiotics,pneumonia patients whose initial emergency room blood culture was performed prior to the administration of the first hospital dose of antibiotics
MeasureName,610,surgery pati#ents who were given an antibiotic at the right time (within one hour before surgery) to help prevent infecti#on,surgery patients who were given an antibiotic at the right time (within one hour before surgery) to help prevent infection
MeasureName,624,heart failure patients give%n discharge instructions,heart failure patients given discharge instructions
MeasureName,629,pneumonia patients whose initial emergency room blood culture was performed prior to the administration of the first hospital dose o$f antibiotics,pneumonia patients whose initial emergency room blood culture was performed prior to the administration of the first hospital dose of antibiotics
MeasureName,653,pneumonia patients assessed and given pneumoco??ccal vaccination,pneumonia patients assessed and given pneumococcal vaccination
MeasureName,654,p$neumonia patients whose initial emergency room blood culture was performed prior to the administration of the first h%ospital dose of antibiotics,pneumonia patients whose initial emergency room blood culture was performed prior to the administration of the first hospital dose of antibiotics
MeasureName,657,pneumonia patients given the most appropriate initial% antibiotic(s)??,pneumonia patients given the most appropriate initial antibiotic(s)
MeasureName,666,patients w??ho got treatment  at the right time (within 24@@ hours before or after their surgery) to help prevent blood clots after certain types of surgery,patients who got treatment  at the right time (within 24 hours before or after their surgery) to help prevent blood clots after certain types of surgery
MeasureName,685,surgery patients who were given an an#tibiotic #at the right time (within one hour before surgery) to help prevent infection,surgery patients who were given an antibiotic at the right time (within one hour before surgery) to help prevent infection
MeasureName,695,h@@eart attack patients given smoki#ng cessation advice/counseling,heart attack patients given smoking cessation advice/counseling
MeasureName,710,@@surgery $patients who were given an antibiotic at the right time (within one hour before surgery) to help prevent infection,surgery patients who were given an antibiotic at the right time (within one hour before surgery) to help prevent infection
MeasureName,719,heart attack patient$s given ace inhibitor or arb for left ventricular systolic dysfunction (lvsd),heart attack patients given ace inhibitor or arb for left ventricular systolic dysfunction (lvsd)
MeasureName,725,heart failure patients given an evaluation of left ventricu$lar systolic (lvs) function,heart failure patients given an evaluation of left ventricular systolic (lvs) function
MeasureName,741,patients who got treatment  at the right time (within 24 hours be??fore or after their surgery) to help prevent blood cl@@ots after certain types of surgery,patients who got treatment  at the right time (within 24 hours before or after their surgery) to help prevent blood clots after certain types of surgery
MeasureName,749,heart failure patients g$iven discharge ins??tructions,heart failure patients given discharge instructions
MeasureName,774,patients who got treatment  at the right time (within 24 hours before or after their surg@@ery) to help prevent blood clots after certain types of surgery,patients who got treatment  at the right time (within 24 hours before or after their surgery) to help prevent blood clots after certain types of surgery
MeasureName,775,children who received reliever medication while hospitalize??d for asthma,children who received reliever medication while hospitalized for asthma
MeasureName,784,heart attack patients ??given pci within 90 minutes of arrival,heart attack patients given pci within 90 minutes of arrival
MeasureName,808,heart att%ack patients gi??ven fibrinolytic medication within 30 minutes of arrival,heart attack patients given fibrinolytic medication within 30 minutes of arrival
MeasureName,809,heart attack patients given pci within 90%# minutes of arrival,heart attack patients given pci within 90 minutes of arrival
MeasureName,818,pneum#onia patients given the most appropriate initial antibiotic??(s),pneumonia patients given the most appropriate initial antibiotic(s)
MeasureName,823,surgery patients whose preventive antibiotics we%re stopped at the right time (within 24 hours after surgery),surgery patients whose preventive antibiotics were stopped at the right time (within 24 hours after surgery)
MeasureName,834,heart attack patients given pci within 90 minutes of arrival#,heart attack patients given pci within 90 minutes of arrival
MeasureName,842,pneumonia @@pati%ents given initial antibiotic(s) within 6 hours after arrival,pneumonia patients given initial antibiotic(s) within 6 hours after arrival
MeasureName,859,heart attack patien??ts #given pci within 90 minutes of arrival,heart attack patients given pci within 90 minutes of arrival
MeasureName,861,h#eart failure patients given an evaluation of$ left ventricular systolic (lvs) function,heart failure patients given an evaluation of left ventricular systolic (lvs) function
MeasureName,871,surgery patients who were given an antibiotic at the right time (with#in one hour before surgery) to help prevent infection,surgery patients who were given an antibiotic at the right time (within one hour before surgery) to help prevent infection
MeasureName,898,surgery patients whose preventive an%tibiotics were$ stopped at the right time (within 24 hours after surgery),surgery patients whose preventive antibiotics were stopped at the right time (within 24 hours after surgery)
MeasureName,908,heart attack patients given #ace inhibitor or arb for left ventricular systolic dysfunction (lvsd),heart attack patients given ace inhibitor or arb for left ventricular systolic dysfunction (lvsd)
MeasureName,917,pneumonia patients assessed and given p@@ne$umococcal vaccination,pneumonia patients assessed and given pneumococcal vaccination
MeasureName,919,pneumonia patients given smoking cessation advice/counse#l??ing,pneumonia patients given smoking cessation advice/counseling
MeasureName,928,surgery patients needing hair removed from the %surgical area before surgery who had hair removed using a safer method (electric clippers or hair removal cream c not a razor),surgery patients needing hair removed from the surgical area before surgery who had hair removed using a safer method (electric clippers or hair removal cream c not a razor)
MeasureName,934,heart attack patients given s??moking cessation advice/counseling,heart attack patients given smoking cessation advice/counseling
MeasureName,936,heart attack patients given f@@ibrinolytic medication within 30 minute#s of arrival,heart attack patients given fibrinolytic medication within 30 minutes of arrival
MeasureName,939,heart fai$lure patients given an evaluation of left ventricular systolic (lvs) function,heart failure patients given an evaluation of left ventricular systolic (lvs) function
MeasureName,945,pneumonia patients given ini%#tial antibiotic(s) within 6 hours after arrival,pneumonia patients given initial antibiotic(s) within 6 hours after arrival
MeasureName,950,surger$y patients who were given the  right kind  of antibiotic to help prevent infection,surgery patients who were given the  right kind  of antibiotic to help prevent infection
MeasureName,952,all heart surgery patients$ whose blood sugar (blood glucose) is kept under good control in the days right after@@ surgery,all heart surgery patients whose blood sugar (blood glucose) is kept under good control in the days right after surgery
MeasureName,957,hea??rt att??ack patients given aspirin at discharge,heart attack patients given aspirin at discharge
MeasureName,964,heart failure patients given an evaluation of left ventricular systolic (lvs) funct#ion,heart failure patients given an evaluation of left ventricular systolic (lvs) function
MeasureName,972,pneumonia patients assessed and g@@iven influenza vaccination,pneumonia patients assessed and given influenza vaccination
MeasureName,993,pneumonia patients whose initial emergency room blood culture was?? performed prior to the administration of the first hospital dose of antibiotics,pneumonia patients whose initial emergency room blood culture was performed prior to the administration of the first hospital dose of antibiotics
MeasureName,996,pneumonia patients given the most appropriate $initial antibiotic(s),pneumonia patients given the most appropriate initial antibiotic(s)
MeasureName,998,surgery patients who were taking heart drugs called beta blo??ckers before coming to the hospital who were kept on the beta blockers during the period just before and after their surgery,surgery patients who were taking heart drugs called beta blockers before coming to the hospital who were kept on the beta blockers during the period just before and after their surgery
Stateavg,3,al_s@@%cip-inf-2,al_scip-inf-2
Stateavg,16,al_hf?$?-1,al_hf-1
Stateavg,21,al_a@@mi-2,al_ami-2
Stateavg,26,@@al_am$i-8a,al_ami-8a
Stateavg,31,al??%_pn-2,al_pn-2
Stateavg,34,al_pn@@-5c,al_pn-5c
Stateavg,36,$al_p#n-7,al_pn-7
Stateavg,46,al_ami-2@@,al_ami-2
Stateavg,56,al_p#n-2,al_pn-2
Stateavg,64,a@@l_scip-inf$-2,al_scip-inf-2
Stateavg,80,al_%hf-??4,al_hf-4
Stateavg,85,al#_pn-6@@,al_pn-6
Stateavg,119,??al_scip-vte-2,al_scip-vte-2
Stateavg,126,%al_ami-8a,al_ami-8a
Stateavg,128,$al_hf-2,al_hf-2
Stateavg,131,a@@l_pn-@@2,al_pn-2
Stateavg,143,al_sc#i#p-vte-1,al_scip-vte-1
Stateavg,144,al_sci@@%p-vte-2,al_scip-vte-2
Stateavg,166,al_scip-i#nf-4,al_scip-inf-4
Stateavg,175,??al_ami-7a,al_ami-7a
Stateavg,178,$$al_hf-2,al_hf-2
Stateavg,184,al_pn-5$c,al_pn-5c
Stateavg,185,al_p@@n-6,al_pn-6
Stateavg,189,al_scip-in??f-2,al_scip-inf-2
Stateavg,191,al#_scip-in#f-4,al_scip-inf-4
Stateavg,195,al_ami-1#,al_ami-1
Stateavg,198,a??l_ami-4$,al_ami-4
Stateavg,212,al_sci%p-car@@d-2,al_scip-card-2
Stateavg,234,a@@l_pn-5%c,al_pn-5c
Stateavg,237,a$l_scip-card-2,al_scip-card-2
Stateavg,248,a#l_ami-4,al_ami-4
Stateavg,255,al_hf-#4#,al_hf-4
Stateavg,264,a@@l_scip-inf-2,al_scip-inf-2
Stateavg,281,al_pn-2%,al_pn-2
Stateavg,283,a%l$_pn-4,al_pn-4
Stateavg,295,al_ami%-1,al_ami-1
Stateavg,298,$al_ami@@-4,al_ami-4
Stateavg,310,al_pn-??6,al_pn-6
Stateavg,312,al_ca%c-2%,al_cac-2
Stateavg,313,al_c%ac#-3,al_cac-3
Stateavg,316,al_#ami-3,al_ami-3
Stateavg,320,al_a$mi-8a,al_ami-8a
Stateavg,329,al_p#n-6,al_pn-6
Stateavg,330,al_??pn-$7,al_pn-7
Stateavg,345,al_s??cip-inf-4,al_scip-inf-4
Stateavg,349,al_%am#i-1,al_ami-1
Stateavg,351,$al_a%mi-3,al_ami-3
Stateavg,352,al_a@@mi-4,al_ami-4
Stateavg,353,al#_a@@mi-5,al_ami-5
Stateavg,356,%@@al_ami-2,al_ami-2
Stateavg,360,a#l_ami-7a#,al_ami-7a
Stateavg,361,al_ami??-8a,al_ami-8a
Stateavg,367,al_pn-3$b,al_pn-3b
Stateavg,369,al_pn#-5@@c,al_pn-5c
Stateavg,384,al#_a#mi-5,al_ami-5
Stateavg,396,al_am??%i-5,al_ami-5
Stateavg,402,??al_hf-4,al_hf-4
Stateavg,405,al_p??n-4,al_pn-4
Stateavg,420,al#@@_ami-7a,al_ami-7a
Stateavg,427,al_pn-3b%,al_pn-3b
Stateavg,433,ak_hf-1,al_hf-1
Stateavg,434,ak_hf-2,al_hf-2
Stateavg,435,ak_hf-3,al_hf-3
Stateavg,436,ak_hf-4,al_hf-4
Stateavg,437,ak_pn-2,al_pn-2
Stateavg,438,ak_pn-3b,al_pn-3b
Stateavg,439,ak_pn-4,al_pn-4
Stateavg,440,ak_pn-5c,al_pn-5c
Stateavg,441,ak_pn-6,al_pn-6
Stateavg,442,ak??_pn-7@@,al_pn-7
Stateavg,444,ak_scip-inf-1,al_scip-inf-1
Stateavg,446,ak_scip-inf-3,al_scip-inf-3
Stateavg,447,ak_scip-inf-4,al_scip-inf-4
Stateavg,449,ak_scip-vte-1,al_scip-vte-1
Stateavg,450,ak_scip-vte-2,al_scip-vte-2
Stateavg,451,ak_ami-1,al_ami-1
Stateavg,454,a#@@l_pn-3b,al_pn-3b
Stateavg,458,al_$pn-7,al_pn-7
Stateavg,460,al_sci%p-inf-$1,al_scip-inf-1
Stateavg,469,al_$ami-3,al_ami-3
Stateavg,485,al_sci@@p??-inf-1,al_scip-inf-1
Stateavg,487,al_#scip-inf-3,al_scip-inf-3
Stateavg,494,al#_ami-3,al_ami-3
Stateavg,498,al_ami-8%a,al_ami-8a
Stateavg,503,a@@l_pn-@@2,al_pn-2
Stateavg,504,al_pn-#%3b,al_pn-3b
Stateavg,511,$al_scip-i#nf-2,al_scip-inf-2
Stateavg,527,al??@@_hf-4,al_hf-4
Stateavg,537,al_scip??-??inf-3,al_scip-inf-3
Stateavg,539,al_scip#-inf-6,al_scip-inf-6
Stateavg,543,al_#am$i-2,al_ami-2
Stateavg,551,al_h#f-3,al_hf-3
Stateavg,556,al_pn-%5c,al_pn-5c
Stateavg,557,al_p%n-6,al_pn-6
Stateavg,558,al_pn-7??,al_pn-7
Stateavg,563,a$$l_scip-inf-4,al_scip-inf-4
Stateavg,565,al_sc%ip-vte-1,al_scip-vte-1
Stateavg,593,al_am??i-2,al_ami-2
Stateavg,617,al_ami%-1,al_ami-1
Stateavg,638,al$_scip-inf-??4,al_scip-inf-4
Stateavg,647,al_a$mi-7a#,al_ami-7a
Stateavg,649,al_hf@@-@@1,al_hf-1
Stateavg,666,al_@@scip-vte-2,al_scip-vte-2
Stateavg,676,al_hf-@@3,al_hf-3
Stateavg,679,al_p#n-3b,al_pn-3b
Stateavg,683,a%l_pn-7#,al_pn-7
Stateavg,699,al??_hf??-1,al_hf-1
Stateavg,707,al_@@p$n-6,al_pn-6
Stateavg,712,al_s$#cip-inf-3,al_scip-inf-3
Stateavg,716,@@al_scip-??vte-2,al_scip-vte-2
Stateavg,718,al_ami-#2,al_ami-2
Stateavg,736,al_scip-inf-2$,al_scip-inf-2
Stateavg,743,a??l_ami-??2,al_ami-2
Stateavg,754,al@@#_pn-3b,al_pn-3b
Stateavg,762,@@al_scip-inf-3,al_scip-inf-3
Stateavg,786,@@al_hf-2,al_hf-2
Stateavg,793,al_p@@n??-6,al_pn-6
Stateavg,797,%al_sci@@p-inf-2,al_scip-inf-2
Stateavg,827,al_sci@@p-v@@te-2,al_scip-vte-2
Stateavg,828,al_$am$i-1,al_ami-1
Stateavg,833,$al_ami-#7a,al_ami-7a
Stateavg,837,a$l_hf-3,al_hf-3
Stateavg,850,al$_scip-inf-$6,al_scip-inf-6
Stateavg,855,al_a$mi??-3,al_ami-3
Stateavg,861,a%l_hf-2,al_hf-2
Stateavg,862,al_h%f-3%,al_hf-3
Stateavg,864,al_pn$-#2,al_pn-2
Stateavg,887,a??l_hf-3,al_hf-3
Stateavg,916,#al_hf-4,al_hf-4
Stateavg,924,#al_scip-inf-1#,al_scip-inf-1
Stateavg,940,al_%hf-3,al_hf-3
Stateavg,947,a$l_pn-7,al_pn-7
Stateavg,950,al_scip-inf-2#%,al_scip-inf-2
Stateavg,951,al_@@scip-inf-3,al_scip-inf-3
Stateavg,957,a%l_ami-@@2,al_ami-2
Stateavg,958,??a@@l_ami-3,al_ami-3
Stateavg,969,al_??pn-4,al_pn-4
Stateavg,975,al_sc%ip-inf-2,al_scip-inf-2
Stateavg,977,a@@l_scip-inf-4,al_scip-inf-4
Stateavg,978,al_#scip-i%nf-6,al_scip-inf-6
Stateavg,984,a$l_ami-4,al_ami-4
Stateavg,992,al_#pn-2,al_pn-2
