Attribute,Index,Clean Value,Dirty Value
ProviderNumber,2,10018,empty
ProviderNumber,13,10019,59518.30597846041
ProviderNumber,14,10019,empty
ProviderNumber,16,10019,46913.14265978133
ProviderNumber,21,10001,38800.16214156215
ProviderNumber,22,10001,53376.54214217515
ProviderNumber,24,10001,empty
ProviderNumber,26,10001,59079.29729310592
ProviderNumber,27,10001,empty
ProviderNumber,32,10001,37924.6330455334
ProviderNumber,38,10001,35742.02782314088
ProviderNumber,40,10001,empty
ProviderNumber,41,10001,empty
ProviderNumber,47,10005,43025.68573421665
ProviderNumber,49,10005,empty
ProviderNumber,53,10005,34895.62513491809
ProviderNumber,54,10005,58707.106430607135
ProviderNumber,77,10006,empty
ProviderNumber,80,10006,empty
ProviderNumber,81,10006,44606.676723986646
ProviderNumber,85,10006,39360.95545482694
ProviderNumber,89,10006,33552.01260343424
ProviderNumber,91,10006,49239.87618662673
ProviderNumber,100,10007,58634.378154931015
ProviderNumber,103,10007,52405.43308155241
ProviderNumber,109,10007,32477.97377910649
ProviderNumber,110,10007,45373.24084088247
ProviderNumber,111,10007,47339.499368468794
ProviderNumber,112,10007,39420.59163418635
ProviderNumber,122,10008,47110.02608024528
ProviderNumber,123,10008,55593.803207043034
ProviderNumber,125,10008,35561.09575290584
ProviderNumber,126,10008,32970.923583582364
ProviderNumber,134,10008,59306.39964790771
ProviderNumber,138,10008,52334.301340060505
ProviderNumber,149,10009,31948.1957101491
ProviderNumber,151,10009,43490.42348964039
ProviderNumber,154,10009,55911.215922342155
ProviderNumber,155,10009,44061.20096509203
ProviderNumber,161,10009,empty
ProviderNumber,164,10009,52645.86387546794
ProviderNumber,173,10010,42023.17941179369
ProviderNumber,174,10010,38577.36082122538
ProviderNumber,175,10010,empty
ProviderNumber,177,10010,57313.77481188728
ProviderNumber,178,10010,empty
ProviderNumber,193,10010,empty
ProviderNumber,195,10011,38426.69925916354
ProviderNumber,208,10011,empty
ProviderNumber,212,10011,39098.6402245584
ProviderNumber,214,10011,54060.69496591015
ProviderNumber,219,10011,57574.2366029089
ProviderNumber,227,10012,44034.842858593394
ProviderNumber,231,10012,empty
ProviderNumber,232,10012,57358.390993107525
ProviderNumber,236,10012,empty
ProviderNumber,240,10012,empty
ProviderNumber,242,10012,empty
ProviderNumber,245,10015,empty
ProviderNumber,249,10015,empty
ProviderNumber,251,10015,43426.26631045693
ProviderNumber,258,10015,empty
ProviderNumber,261,10015,41411.89848186763
ProviderNumber,268,10015,42924.49638553043
ProviderNumber,269,10015,41413.30462315295
ProviderNumber,271,10016,empty
ProviderNumber,275,10016,34508.59856247504
ProviderNumber,276,10016,35782.89504954314
ProviderNumber,284,10016,empty
ProviderNumber,286,10016,55355.81467333563
ProviderNumber,287,10016,30686.12418580857
ProviderNumber,294,10016,empty
ProviderNumber,296,10018,39519.51986939952
ProviderNumber,303,10018,34924.22323117596
ProviderNumber,304,10018,30767.894504834116
ProviderNumber,305,10018,39374.733578625506
ProviderNumber,308,10018,42583.543099399525
ProviderNumber,309,10018,empty
ProviderNumber,311,10018,35269.86855176103
ProviderNumber,313,10038,43661.64532342207
ProviderNumber,328,10038,59030.97003381685
ProviderNumber,331,10038,41621.405599530684
ProviderNumber,338,10055,41193.30015725838
ProviderNumber,340,10055,56279.876219041165
ProviderNumber,344,10055,43791.49093122271
ProviderNumber,345,10055,empty
ProviderNumber,358,10086,empty
ProviderNumber,360,10086,55653.59965095571
ProviderNumber,365,10086,43054.75309078474
ProviderNumber,371,10086,39044.74802514453
ProviderNumber,374,10086,31376.89986954909
ProviderNumber,383,10087,33287.62533392824
ProviderNumber,394,10108,52368.12057671937
ProviderNumber,396,10108,31155.73845576485
ProviderNumber,405,10108,31440.061910090633
ProviderNumber,408,10108,empty
ProviderNumber,409,10108,44743.63295606911
ProviderNumber,412,10108,55121.49228429784
ProviderNumber,413,10158,52031.24650722605
ProviderNumber,420,10164,30693.401115305696
ProviderNumber,424,10164,40910.7159970701
ProviderNumber,428,10164,empty
ProviderNumber,431,10164,52972.058740717664
ProviderNumber,432,10164,empty
ProviderNumber,440,20017,71260.35920372682
ProviderNumber,444,20017,empty
ProviderNumber,445,20017,97297.41059326372
ProviderNumber,446,20017,empty
ProviderNumber,447,20017,110866.3230582514
ProviderNumber,451,20018,110584.67530586508
ProviderNumber,452,20018,empty
ProviderNumber,456,10019,empty
ProviderNumber,459,10019,empty
ProviderNumber,466,10019,empty
ProviderNumber,467,10021,54410.35447830266
ProviderNumber,468,10021,empty
ProviderNumber,469,10021,46372.609012346824
ProviderNumber,470,10021,empty
ProviderNumber,475,10021,36985.20462241669
ProviderNumber,477,10021,41631.63275982963
ProviderNumber,479,10021,43899.58057577611
ProviderNumber,485,10021,42185.50299556081
ProviderNumber,492,10022,empty
ProviderNumber,493,10022,37322.61029670427
ProviderNumber,494,10022,47063.91356598961
ProviderNumber,495,10022,55593.99337344158
ProviderNumber,497,10022,empty
ProviderNumber,499,10022,empty
ProviderNumber,502,10022,empty
ProviderNumber,506,10022,33603.0724105133
ProviderNumber,512,10022,47779.371765704505
ProviderNumber,513,10022,empty
ProviderNumber,520,10023,56035.00407224017
ProviderNumber,526,10023,56471.80695906024
ProviderNumber,527,10023,empty
ProviderNumber,534,10023,empty
ProviderNumber,538,10023,37514.91298837848
ProviderNumber,542,10024,43848.754497826034
ProviderNumber,543,10024,40218.802577614086
ProviderNumber,564,10024,41404.6087846399
ProviderNumber,566,10024,33873.386809527416
ProviderNumber,567,10025,43055.39263400893
ProviderNumber,570,10025,empty
ProviderNumber,574,10025,46179.96347014782
ProviderNumber,577,10025,34675.1597996036
ProviderNumber,581,10025,50377.312039832934
ProviderNumber,582,10025,empty
ProviderNumber,583,10025,49335.86203860112
ProviderNumber,587,10025,58167.10388143531
ProviderNumber,588,10025,38266.13379286627
ProviderNumber,590,10025,empty
ProviderNumber,597,10027,40037.22492197691
ProviderNumber,609,10027,45285.77395482213
ProviderNumber,613,10027,56098.1919116581
ProviderNumber,616,10027,38785.21029540854
ProviderNumber,619,10029,42141.3480905962
ProviderNumber,624,10029,empty
ProviderNumber,626,10029,49088.142357452234
ProviderNumber,629,10029,empty
ProviderNumber,630,10029,empty
ProviderNumber,631,10029,empty
ProviderNumber,632,10029,empty
ProviderNumber,634,10029,47488.06383413237
ProviderNumber,637,10029,empty
ProviderNumber,638,10029,55084.67145418828
ProviderNumber,639,10029,49273.811354748694
ProviderNumber,640,10029,empty
ProviderNumber,644,10032,empty
ProviderNumber,646,10032,empty
ProviderNumber,649,10032,59925.39192123656
ProviderNumber,651,10032,51119.62919149613
ProviderNumber,656,10032,empty
ProviderNumber,660,10032,42745.00866723167
ProviderNumber,661,10032,56678.231707867264
ProviderNumber,663,10032,empty
ProviderNumber,664,10032,empty
ProviderNumber,665,10032,40485.5294577883
ProviderNumber,669,10033,50550.74446500354
ProviderNumber,672,10033,42354.53523228593
ProviderNumber,673,10033,empty
ProviderNumber,681,10033,50651.52142060783
ProviderNumber,691,10033,empty
ProviderNumber,694,10034,31466.05079226884
ProviderNumber,705,10034,30363.32819496631
ProviderNumber,712,10034,54965.75920429896
ProviderNumber,716,10034,33508.99993205005
ProviderNumber,717,10035,empty
ProviderNumber,728,10035,empty
ProviderNumber,730,10035,empty
ProviderNumber,732,10035,51165.75283334321
ProviderNumber,734,10035,58984.96942701655
ProviderNumber,736,10035,empty
ProviderNumber,742,10036,44096.98460864342
ProviderNumber,745,10036,empty
ProviderNumber,746,10036,49003.56797682281
ProviderNumber,751,10036,47235.92005297931
ProviderNumber,755,10036,33767.10343158878
ProviderNumber,759,10036,36088.53444631163
ProviderNumber,762,10036,34829.5517482601
ProviderNumber,769,10038,31876.01791161993
ProviderNumber,773,10038,empty
ProviderNumber,785,10039,56995.14172369354
ProviderNumber,789,10039,empty
ProviderNumber,795,10039,empty
ProviderNumber,798,10039,empty
ProviderNumber,800,10039,44355.0977922596
ProviderNumber,801,10039,empty
ProviderNumber,803,10040,empty
ProviderNumber,809,10040,empty
ProviderNumber,814,10040,34815.80528083348
ProviderNumber,818,10040,59748.87860105942
ProviderNumber,819,10040,49013.25122279717
ProviderNumber,820,10040,40063.98128433135
ProviderNumber,823,10040,52186.85153080733
ProviderNumber,827,10040,54203.05343600941
ProviderNumber,828,10043,empty
ProviderNumber,830,10043,33277.89576087678
ProviderNumber,837,10043,empty
ProviderNumber,840,10043,empty
ProviderNumber,849,10043,empty
ProviderNumber,852,10043,60072.33505930002
ProviderNumber,853,10044,45090.35968844888
ProviderNumber,855,10044,empty
ProviderNumber,857,10044,empty
ProviderNumber,859,10044,55614.387847442704
ProviderNumber,860,10044,36939.7718634806
ProviderNumber,866,10044,empty
ProviderNumber,867,10044,empty
ProviderNumber,870,10044,44961.95869426356
ProviderNumber,871,10044,empty
ProviderNumber,877,10044,empty
ProviderNumber,878,10045,empty
ProviderNumber,880,10045,45139.8130319773
ProviderNumber,894,10045,empty
ProviderNumber,895,10045,55859.08158504573
ProviderNumber,899,10045,44176.44752961774
ProviderNumber,903,10046,44653.06591826927
ProviderNumber,905,10046,44352.85295908093
ProviderNumber,907,10046,46488.7227261106
ProviderNumber,911,10046,35738.52476453301
ProviderNumber,912,10046,empty
ProviderNumber,925,10046,empty
ProviderNumber,931,10047,34383.14357787124
ProviderNumber,936,10047,58594.0412660879
ProviderNumber,937,10047,42393.36848855356
ProviderNumber,939,10047,empty
ProviderNumber,946,10047,empty
ProviderNumber,949,10047,32427.14187031077
ProviderNumber,952,10047,38948.57570394557
ProviderNumber,954,10047,39472.687251500574
ProviderNumber,959,10049,40767.08648124699
ProviderNumber,963,10049,59607.99548884453
ProviderNumber,966,10049,58534.97681489693
ProviderNumber,970,10049,33633.30715148434
ProviderNumber,971,10049,empty
ProviderNumber,972,10049,31952.41522083998
ProviderNumber,973,10049,59708.67025162328
ProviderNumber,975,10049,38148.09734534459
ProviderNumber,987,10050,empty
ProviderNumber,988,10050,empty
ProviderNumber,993,10050,empty
ProviderNumber,996,10050,empty
ProviderNumber,999,10050,56802.19721398126
HospitalName,3,callahan eye foundation hospital,callahan eye foundat%ion hospital
HospitalName,17,helen keller memorial hospital,helen keller memorial ho??spital
HospitalName,21,southeast alabama medical center,empty
HospitalName,26,southeast alabama medical center,southeast @@alabama medical cen%ter
HospitalName,28,southeast alabama medical center,empty
HospitalName,31,southeast alabama medical center,empty
HospitalName,33,southeast alabama medical center,empty
HospitalName,35,southeast alabama medical center,southeast alab??ama medical center
HospitalName,39,southeast alabama medical center,empty
HospitalName,41,southeast alabama medical center,southeast alabama med??ical cen$ter
HospitalName,49,marshall medical center south,ma%rshall med#ical center south
HospitalName,51,marshall medical center south,marshall medical center sou#th
HospitalName,52,marshall medical center south,empty
HospitalName,57,marshall medical center south,empty
HospitalName,61,marshall medical center south,marshall?? medical center south
HospitalName,62,marshall medical center south,empty
HospitalName,76,eliza coffee memorial hospital,e@@liza coffee memorial hospi??tal
HospitalName,80,eliza coffee memorial hospital,empty
HospitalName,84,eliza coffee memorial hospital,empty
HospitalName,87,eliza coffee memorial hospital,empty
HospitalName,88,eliza coffee memorial hospital,eliza coffee memorial %ho%spital
HospitalName,95,mizell memorial hospital,m$izell memorial hospital
HospitalName,100,mizell memorial hospital,mizell memor#%ial hospital
HospitalName,111,mizell memorial hospital,empty
HospitalName,117,mizell memorial hospital,mizell memoria#l hospital
HospitalName,118,mizell memorial hospital,mizell memo#rial hospital
HospitalName,133,crenshaw community hospital,empty
HospitalName,137,crenshaw community hospital,empty
HospitalName,140,crenshaw community hospital,empty
HospitalName,142,crenshaw community hospital,cr#ensha#w community hospital
HospitalName,144,crenshaw community hospital,empty
HospitalName,145,hartselle medical center,hartselle medic@@al center
HospitalName,146,hartselle medical center,empty
HospitalName,158,hartselle medical center,harts%elle medical cent??er
HospitalName,159,hartselle medical center,har%tselle medical center
HospitalName,162,hartselle medical center,$hartsell??e medical center
HospitalName,163,hartselle medical center,hartselle medical cent$er
HospitalName,164,hartselle medical center,hartselle me@@dical center
HospitalName,167,hartselle medical center,empty
HospitalName,169,hartselle medical center,empty
HospitalName,172,marshall medical center north,marshall medica$l c??enter north
HospitalName,173,marshall medical center north,marsha@@ll medical center %north
HospitalName,174,marshall medical center north,marshall medi%#cal center north
HospitalName,176,marshall medical center north,marshall medical# center $north
HospitalName,178,marshall medical center north,mars$hall medical center north
HospitalName,182,marshall medical center north,mars#hal$l medical center north
HospitalName,186,marshall medical center north,empty
HospitalName,196,st vincents east,empty
HospitalName,197,st vincents east,empty
HospitalName,198,st vincents east,st vincents ea@@st
HospitalName,206,st vincents east,st vincents #east
HospitalName,209,st vincents east,empty
HospitalName,228,dekalb regional medical center,dek??alb ??regional medical center
HospitalName,241,dekalb regional medical center,empty
HospitalName,262,southwest alabama medical center,empty
HospitalName,264,southwest alabama medical center,southwest ala??bama medical ??center
HospitalName,265,southwest alabama medical center,south%west alabama medical center
HospitalName,267,southwest alabama medical center,empty
HospitalName,273,shelby baptist medical center,empty
HospitalName,275,shelby baptist medical center,empty
HospitalName,281,shelby baptist medical center,empty
HospitalName,285,shelby baptist medical center,shelby baptist me#dica$l center
HospitalName,288,shelby baptist medical center,shelby baptist medic??al cen%ter
HospitalName,294,shelby baptist medical center,empty
HospitalName,295,callahan eye foundation hospital,callahan eye foundation# hospital
HospitalName,299,callahan eye foundation hospital,empty
HospitalName,300,callahan eye foundation hospital,empty
HospitalName,301,callahan eye foundation hospital,callahan eye foundation hos$pital
HospitalName,303,callahan eye foundation hospital,call$ahan eye founda#tion hospital
HospitalName,308,callahan eye foundation hospital,empty
HospitalName,315,stringfellow memorial hospital,stringfellow m??emorial hospital
HospitalName,316,stringfellow memorial hospital,empty
HospitalName,321,stringfellow memorial hospital,??s@@tringfellow memorial hospital
HospitalName,322,stringfellow memorial hospital,empty
HospitalName,325,stringfellow memorial hospital,stringfellow memor??ial hospital
HospitalName,329,stringfellow memorial hospital,stringfell??ow memoria@@l hospital
HospitalName,335,flowers hospital,flowers ho??spital$
HospitalName,336,flowers hospital,empty
HospitalName,344,flowers hospital,empty
HospitalName,346,flowers hospital,empty
HospitalName,348,flowers hospital,flowers hos%pital
HospitalName,358,northwest medical center,empty
HospitalName,360,northwest medical center,empty
HospitalName,362,northwest medical center,empty
HospitalName,363,northwest medical center,empty
HospitalName,365,northwest medical center,empty
HospitalName,371,northwest medical center,nort??%hwest medical center
HospitalName,374,northwest medical center,northwest @@medical cen$ter
HospitalName,380,univ of south alabama medical center,empty
HospitalName,382,univ of south alabama medical center,univ of south alabama medical cente@@r
HospitalName,384,univ of south alabama medical center,univ of sout@@h alabama medic@@al center
HospitalName,385,univ of south alabama medical center,empty
HospitalName,387,univ of south alabama medical center,univ of south alabama medical cen??ter
HospitalName,388,univ of south alabama medical center,univ of@@ south alabama medical center
HospitalName,391,univ of south alabama medical center,uni??v$ of south alabama medical center
HospitalName,395,prattville baptist hospital,prattville# baptist hosp$ital
HospitalName,398,prattville baptist hospital,prattvill#e baptist hospital
HospitalName,412,prattville baptist hospital,prattville bapti??st hospital
HospitalName,423,coosa valley medical center,coosa valley medical ??#center
HospitalName,429,coosa valley medical center,coosa valley medical #center
HospitalName,441,alaska regional hospital,al$aska regional hospita??l
HospitalName,459,helen keller memorial hospital,helen keller memoria%l hos$pital
HospitalName,460,helen keller memorial hospital,helen keller memori@@al hospital
HospitalName,463,helen keller memorial hospital,empty
HospitalName,466,helen keller memorial hospital,helen keller memorial h??os%pital
HospitalName,469,dale medical center,dale medical center@@
HospitalName,473,dale medical center,empty
HospitalName,477,dale medical center,dale medical @@center
HospitalName,479,dale medical center,empty
HospitalName,482,dale medical center,empty
HospitalName,487,dale medical center,dale m%edical cen@@ter
HospitalName,492,cherokee medical center,empty
HospitalName,493,cherokee medical center,empty
HospitalName,496,cherokee medical center,cher#okee medical cen$ter
HospitalName,499,cherokee medical center,cherokee$@@ medical center
HospitalName,505,cherokee medical center,ch@@erokee medical center@@
HospitalName,506,cherokee medical center,c$herokee medical center
HospitalName,507,cherokee medical center,empty
HospitalName,513,cherokee medical center,cherokee medic%al center
HospitalName,514,cherokee medical center,che@@rok$ee medical center
HospitalName,525,baptist medical center south,bapti%st m%edical center south
HospitalName,530,baptist medical center south,baptist medical c%enter?? south
HospitalName,533,baptist medical center south,baptist medical cent%er south
HospitalName,537,baptist medical center south,empty
HospitalName,539,baptist medical center south,empty
HospitalName,543,jackson hospital & clinic inc,empty
HospitalName,546,jackson hospital & clinic inc,empty
HospitalName,548,jackson hospital & clinic inc,jackson hospital & clin??ic inc
HospitalName,562,jackson hospital & clinic inc,j$ackson hospital & clinic ??inc
HospitalName,564,jackson hospital & clinic inc,empty
HospitalName,576,g h lanier memorial hospital,empty
HospitalName,583,g h lanier memorial hospital,empty
HospitalName,584,g h lanier memorial hospital,empty
HospitalName,585,g h lanier memorial hospital,g h lanier memorial h#ospital
HospitalName,593,elba general hospital,empty
HospitalName,603,elba general hospital,elba# general hospi#tal
HospitalName,609,elba general hospital,empty
HospitalName,610,elba general hospital,empty
HospitalName,611,elba general hospital,elba gen%eral?? hospital
HospitalName,613,elba general hospital,empty
HospitalName,615,elba general hospital,elba %general hospital
HospitalName,618,east alabama medical center and snf,east alabama medical ce%nter and snf
HospitalName,637,east alabama medical center and snf,empty
HospitalName,642,wedowee hospital,@@wedowee hospital
HospitalName,643,wedowee hospital,wedo%wee hos#pital
HospitalName,657,wedowee hospital,wedo$wee hospital
HospitalName,658,wedowee hospital,empty
HospitalName,664,wedowee hospital,empty
HospitalName,667,university of alabama hospital,universi$ty of alabama hospit%al
HospitalName,670,university of alabama hospital,empty
HospitalName,675,university of alabama hospital,university of a@@labama $hospital
HospitalName,677,university of alabama hospital,university of alaba$ma hospital
HospitalName,689,university of alabama hospital,univer%sity of alabama hospital
HospitalName,694,community hospital inc,empty
HospitalName,699,community hospital inc,community$ hospital@@ inc
HospitalName,702,community hospital inc,commun@@ity h??ospital inc
HospitalName,703,community hospital inc,community hosp#ital inc
HospitalName,705,community hospital inc,empty
HospitalName,712,community hospital inc,empty
HospitalName,715,community hospital inc,empty
HospitalName,717,cullman regional medical center,cullman reg#ional medical center
HospitalName,721,cullman regional medical center,empty
HospitalName,725,cullman regional medical center,empty
HospitalName,726,cullman regional medical center,empty
HospitalName,733,cullman regional medical center,empty
HospitalName,748,andalusia regional hospital,empty
HospitalName,758,andalusia regional hospital,empty
HospitalName,761,andalusia regional hospital,empty
HospitalName,762,andalusia regional hospital,andalusia regional hos%pital
HospitalName,765,andalusia regional hospital,empty
HospitalName,776,huntsville hospital,huntsvil##le hospital
HospitalName,779,huntsville hospital,empty
HospitalName,782,huntsville hospital,hu#ntsville hospital
HospitalName,784,huntsville hospital,huntsv@@ille hospital
HospitalName,785,huntsville hospital,huntsville h%ospital
HospitalName,794,huntsville hospital,huntsv%ille hospital
HospitalName,795,huntsville hospital,hunt??sville $hospital
HospitalName,801,huntsville hospital,huntsville hospit#al
HospitalName,806,gadsden regional medical center,gadsden r??egional medical cent@@er
HospitalName,807,gadsden regional medical center,gadsden regional m@@edical center
HospitalName,811,gadsden regional medical center,gadsden re@@gional medical cen%ter
HospitalName,821,gadsden regional medical center,empty
HospitalName,825,gadsden regional medical center,gads$den regional medical center
HospitalName,829,chilton medical center,chilto#n medical center
HospitalName,830,chilton medical center,chilton med@@i%cal center
HospitalName,835,chilton medical center,chil??ton medical center
HospitalName,844,chilton medical center,chilton medical %cent@@er
HospitalName,845,chilton medical center,chil??ton med@@ical center
HospitalName,846,chilton medical center,empty
HospitalName,847,chilton medical center,chilton medical $center
HospitalName,849,chilton medical center,$chilton medical center
HospitalName,851,chilton medical center,empty
HospitalName,857,marion regional medical center,marion r@@egional me$dical center
HospitalName,859,marion regional medical center,empty
HospitalName,865,marion regional medical center,marion regiona??l m@@edical center
HospitalName,866,marion regional medical center,mario@@n regional medical center
HospitalName,875,marion regional medical center,empty
HospitalName,879,fayette medical center,fayette me@@dical center
HospitalName,883,fayette medical center,fayette me#dical center
HospitalName,887,fayette medical center,empty
HospitalName,893,fayette medical center,empty
HospitalName,900,fayette medical center,f??ayette #medical center
HospitalName,902,fayette medical center,fay%ette medical center
HospitalName,906,riverview regional medical center,riverview regional medical cente@@r
HospitalName,907,riverview regional medical center,rivervie@@w regional medical% center
HospitalName,910,riverview regional medical center,r%iverview regional $medical center
HospitalName,916,riverview regional medical center,riverview regional ??medica@@l center
HospitalName,918,riverview regional medical center,riverview regional medical c??enter
HospitalName,925,riverview regional medical center,riverview region$al medical center
HospitalName,928,riverview regional medical center,rivervi#ew regional$ medical center
HospitalName,936,georgiana hospital,georgiana hospita#l
HospitalName,948,georgiana hospital,ge??orgiana hosp??ital
HospitalName,949,georgiana hospital,empty
HospitalName,952,georgiana hospital,geo$rgia%na hospital
HospitalName,963,medical center enterprise,empty
HospitalName,969,medical center enterprise,empty
HospitalName,970,medical center enterprise,medical c#enter enterpri#se
HospitalName,974,medical center enterprise,empty
HospitalName,981,st vincents blount,st vincents $blount
HospitalName,982,st vincents blount,st vincent$s ??blount
HospitalName,987,st vincents blount,s%t vincents blount
HospitalName,989,st vincents blount,s$t vi#ncents blount
HospitalName,990,st vincents blount,empty
HospitalName,998,st vincents blount,st vincen$ts?? blount
Address1,4,1720 university blvd,empty
Address1,6,1720 university blvd,empty
Address1,8,1720 university blvd,17#20 university blvd
Address1,14,1300 south montgomery avenue,1300 south montgo%mery avenue
Address1,21,1108 ross clark circle,1108 ross clark #circle
Address1,23,1108 ross clark circle,1@@10%8 ross clark circle
Address1,24,1108 ross clark circle,1108 r%oss clark circle
Address1,28,1108 ross clark circle,1108 ross cl%ark circle
Address1,33,1108 ross clark circle,1108 ??ross clark circle
Address1,34,1108 ross clark circle,1108 ross clark ci#rcle
Address1,35,1108 ross clark circle,1108 ross c$lark circle
Address1,60,2505 u s highway 431 north,2505 u s highway 431 #n%orth
Address1,66,2505 u s highway 431 north,2505 u s highway 4$31 north$
Address1,67,2505 u s highway 431 north,2505 u s highway 4#31 no??rth
Address1,69,2505 u s highway 431 north,empty
Address1,71,205 marengo street,205 marengo@@ street
Address1,75,205 marengo street,20@@5 @@marengo street
Address1,96,702 n main st,702 n m$ain st
Address1,99,702 n main st,702 n @@main s@@t
Address1,101,702 n main st,702# n ma%in st
Address1,103,702 n main st,702 $n ma$in st
Address1,105,702 n main st,empty
Address1,106,702 n main st,empty
Address1,111,702 n main st,702 n main s@@t
Address1,112,702 n main st,empty
Address1,117,702 n main st,empty
Address1,121,101 hospital circle,10%%1 hospital circle
Address1,125,101 hospital circle,101 ??hospital c#ircle
Address1,131,101 hospital circle,10%1 hospital circle$
Address1,135,101 hospital circle,empty
Address1,137,101 hospital circle,10$1 hospi@@tal circle
Address1,138,101 hospital circle,101 hos%pital %circle
Address1,146,201 pine street northwest,empty
Address1,152,201 pine street northwest,201 pine ??$street northwest
Address1,154,201 pine street northwest,201 pine s@@treet northwest
Address1,157,201 pine street northwest,empty
Address1,160,201 pine street northwest,201 pine ??street northwest
Address1,162,201 pine street northwest,201 pine street %northwest
Address1,164,201 pine street northwest,empty
Address1,166,201 pine street northwest,201 pine str??e$et northwest
Address1,170,8000 alabama highway 69,empty
Address1,172,8000 alabama highway 69,empty
Address1,173,8000 alabama highway 69,@@8000 alabama highway 69
Address1,178,8000 alabama highway 69,8000 alab%ama highway 6#9
Address1,187,8000 alabama highway 69,8000 alabama ??highway 69
Address1,188,8000 alabama highway 69,800??0 alabama highway 69
Address1,191,8000 alabama highway 69,empty
Address1,195,50 medical park east drive,empty
Address1,196,50 medical park east drive,50 medical park east driv??e
Address1,197,50 medical park east drive,50 m??edical park east drive
Address1,198,50 medical park east drive,50 medi%cal park east drive
Address1,205,50 medical park east drive,empty
Address1,207,50 medical park east drive,50 medica%l park east drive
Address1,209,50 medical park east drive,empty
Address1,210,50 medical park east drive,empty
Address1,225,200 med center drive,empty
Address1,231,200 med center drive,200 med cente@@r driv@@e
Address1,241,200 med center drive,empty
Address1,244,200 med center drive,empty
Address1,245,33700 highway 43,empty
Address1,249,33700 highway 43,33%700 highway 43
Address1,250,33700 highway 43,empty
Address1,257,33700 highway 43,empty
Address1,265,33700 highway 43,33700 high#way 43
Address1,267,33700 highway 43,empty
Address1,276,1000 first street north,1000 first street@@ north
Address1,277,1000 first street north,empty
Address1,281,1000 first street north,1@@000 first street no@@rth
Address1,288,1000 first street north,empty
Address1,295,1720 university blvd,1720 univers??ity b%lvd
Address1,296,1720 university blvd,empty
Address1,297,1720 university blvd,empty
Address1,306,1720 university blvd,empty
Address1,311,1720 university blvd,1720 univ#e%rsity blvd
Address1,312,301 east 18th st,301 eas#t 18th st
Address1,322,301 east 18th st,301 %east 18th st
Address1,323,301 east 18th st,301 e@@ast 18th s%t
Address1,324,301 east 18th st,empty
Address1,325,301 east 18th st,301 e$ast 18th st
Address1,326,301 east 18th st,301 ea??s%t 18th st
Address1,331,301 east 18th st,301?? east 18t#h st
Address1,341,4370 west main street,437$0 west m@@ain street
Address1,342,4370 west main street,4%370 west m??ain street
Address1,346,4370 west main street,empty
Address1,354,1201 7th street se,empty
Address1,355,1530 u s highway 43,empty
Address1,356,1530 u s highway 43,%@@1530 u s highway 43
Address1,359,1530 u s highway 43,empty
Address1,360,1530 u s highway 43,1530?? u s highwa??y 43
Address1,361,1530 u s highway 43,empty
Address1,364,1530 u s highway 43,empty
Address1,366,1530 u s highway 43,1530 %u s highway$ 43
Address1,374,1530 u s highway 43,empty
Address1,377,1530 u s highway 43,empty
Address1,380,2451 fillingim street,2451 fill??ingim stree@@t
Address1,389,2451 fillingim street,2451 filli%ngim st@@reet
Address1,393,124 s memorial dr,12%4 s memor#ial dr
Address1,398,124 s memorial dr,empty
Address1,402,124 s memorial dr,124 s@@ memorial dr??
Address1,405,124 s memorial dr,empty
Address1,407,124 s memorial dr,empty
Address1,422,315 w hickory st,empty
Address1,424,315 w hickory st,315 w #hickory s??t
Address1,426,315 w hickory st,3??15 %w hickory st
Address1,427,315 w hickory st,empty
Address1,431,315 w hickory st,empty
Address1,432,315 w hickory st,empty
Address1,435,2801 debarr road,280#1 de$barr road
Address1,436,2801 debarr road,empty
Address1,438,2801 debarr road,empty
Address1,440,2801 debarr road,empty
Address1,444,2801 debarr road,#2801 debarr road
Address1,448,2801 debarr road,empty
Address1,453,1300 south montgomery avenue,empty
Address1,456,1300 south montgomery avenue,@@1300 south montgomery a%venue
Address1,458,1300 south montgomery avenue,1300 south montgomery #avenue%
Address1,459,1300 south montgomery avenue,1300 south mon$tgomery a$venue
Address1,460,1300 south montgomery avenue,empty
Address1,461,1300 south montgomery avenue,1300 south mont??g%omery avenue
Address1,462,1300 south montgomery avenue,1300 s@@outh mon%tgomery avenue
Address1,464,1300 south montgomery avenue,empty
Address1,466,1300 south montgomery avenue,1300 south montgomery aven$ue
Address1,472,126 hospital ave,126 hospital a%ve
Address1,473,126 hospital ave,empty
Address1,481,126 hospital ave,126# hos$pital ave
Address1,482,126 hospital ave,empty
Address1,483,126 hospital ave,empty
Address1,484,126 hospital ave,empty
Address1,486,126 hospital ave,empty
Address1,493,400 northwood dr,400 north??wood dr
Address1,496,400 northwood dr,400 no#rt$hwood dr
Address1,497,400 northwood dr,empty
Address1,523,2105 east south boulevard,empty
Address1,527,2105 east south boulevard,empty
Address1,529,2105 east south boulevard,empty
Address1,531,2105 east south boulevard,2105 east south boulevar#d
Address1,533,2105 east south boulevard,21$05 east south boulevard
Address1,536,2105 east south boulevard,2105 east #south ??boulevard
Address1,544,1725 pine street,1725 pine st@@??reet
Address1,545,1725 pine street,empty
Address1,552,1725 pine street,1725 p%ine street
Address1,554,1725 pine street,empty
Address1,559,1725 pine street,1725# pine str$eet
Address1,561,1725 pine street,empty
Address1,564,1725 pine street,1725 pine st??reet@@
Address1,574,4800 48th st,empty
Address1,577,4800 48th st,empty
Address1,581,4800 48th st,4800 4@@8th %st
Address1,587,4800 48th st,empty
Address1,588,4800 48th st,4800 48?$?th st
Address1,598,987 drayton street,empty
Address1,599,987 drayton street,987 d#rayton s@@treet
Address1,601,987 drayton street,empty
Address1,602,987 drayton street,empty
Address1,603,987 drayton street,empty
Address1,609,987 drayton street,%987 drayton street
Address1,614,987 drayton street,987 drayt%on str??eet
Address1,616,987 drayton street,empty
Address1,617,2000 pepperell parkway,2%000 pepperell parkway
Address1,619,2000 pepperell parkway,2000 pepperell park??wa$y
Address1,621,2000 pepperell parkway,2@@000 pepperell park#way
Address1,624,2000 pepperell parkway,2000$ peppe%rell parkway
Address1,626,2000 pepperell parkway,2000 pepperell p$arkway@@
Address1,629,2000 pepperell parkway,@@2000 pepperell?? parkway
Address1,632,2000 pepperell parkway,empty
Address1,634,2000 pepperell parkway,2000 pepperell parkw%ay
Address1,639,2000 pepperell parkway,empty
Address1,645,209 north main street,209 north ma@@in #street
Address1,647,209 north main street,2@@09 $north main street
Address1,663,209 north main street,empty
Address1,666,209 north main street,empty
Address1,671,619 south 19th street,empty
Address1,681,619 south 19th street,empty
Address1,682,619 south 19th street,619 south 19th stree%t
Address1,684,619 south 19th street,619 south 19t$h $street
Address1,685,619 south 19th street,619 south 19th s#treet
Address1,687,619 south 19th street,6@@19 south 19th street
Address1,688,619 south 19th street,61$9 south 19th street
Address1,689,619 south 19th street,619 south 19th$ str@@eet
Address1,706,805 friendship road,empty
Address1,708,805 friendship road,empty
Address1,714,805 friendship road,8@@05 friendship road
Address1,715,805 friendship road,805 f??riendship road
Address1,722,1912 alabama highway 157,empty
Address1,723,1912 alabama highway 157,1912 alabama highway 1%57
Address1,727,1912 alabama highway 157,empty
Address1,728,1912 alabama highway 157,%1912 alabama highway 157
Address1,729,1912 alabama highway 157,empty
Address1,732,1912 alabama highway 157,1912# alabama highway 157
Address1,745,849 south three notch street,empty
Address1,746,849 south three notch street,empty
Address1,749,849 south three notch street,849 south% three notch str$eet
Address1,755,849 south three notch street,849 south ??three notch s??treet
Address1,756,849 south three notch street,empty
Address1,758,849 south three notch street,empty
Address1,770,301 east 18th st,301 east 18#th st
Address1,771,301 east 18th st,301 ??east 18th st%
Address1,772,301 east 18th st,empty
Address1,775,101 sivley rd,101 sivley @@rd
Address1,777,101 sivley rd,101 sivley r#d
Address1,778,101 sivley rd,empty
Address1,779,101 sivley rd,empty
Address1,782,101 sivley rd,101 sivley rd%
Address1,785,101 sivley rd,1%01 sivley r%d
Address1,786,101 sivley rd,empty
Address1,787,101 sivley rd,empty
Address1,791,101 sivley rd,101 s@@ivley rd
Address1,794,101 sivley rd,empty
Address1,806,1007 goodyear avenue,empty
Address1,807,1007 goodyear avenue,%1007 go%odyear avenue
Address1,817,1007 goodyear avenue,1007 goodyear# avenue
Address1,819,1007 goodyear avenue,empty
Address1,823,1007 goodyear avenue,1007 goodyea%r avenue
Address1,827,1007 goodyear avenue,1007 goodyear ave#nue#
Address1,829,1010 lay dam road,1010 lay dam r%oad
Address1,831,1010 lay dam road,empty
Address1,833,1010 lay dam road,1010 lay dam ro@@ad
Address1,837,1010 lay dam road,10$10 lay dam road
Address1,845,1010 lay dam road,1010 la$y dam road
Address1,846,1010 lay dam road,empty
Address1,852,1010 lay dam road,1010?? lay dam r??oad
Address1,854,1256 military street south,1256 mili@@tary street south
Address1,857,1256 military street south,1$256$ military street south
Address1,863,1256 military street south,125$6 military street south
Address1,864,1256 military street south,empty
Address1,867,1256 military street south,125%6 military street south
Address1,873,1256 military street south,empty
Address1,875,1256 military street south,1256 military street south%
Address1,879,1653 temple avenue north,165$3 temple avenue north
Address1,881,1653 temple avenue north,empty
Address1,885,1653 temple avenue north,1653 temple avenue nort??h
Address1,886,1653 temple avenue north,16%53 #temple avenue north
Address1,903,600 south third street,600 south thir??d street
Address1,906,600 south third street,600 south third?? street@@
Address1,907,600 south third street,empty
Address1,908,600 south third street,600 south ??third $street
Address1,909,600 south third street,600 south t??hi%rd street
Address1,913,600 south third street,empty
Address1,919,600 south third street,empty
Address1,920,600 south third street,empty
Address1,923,600 south third street,600 south third st%reet$
Address1,924,600 south third street,empty
Address1,926,600 south third street,empty
Address1,927,600 south third street,600 south @@third stre#et
Address1,932,515 miranda st,515 m??iranda st
Address1,934,515 miranda st,5#15 miranda st#
Address1,938,515 miranda st,515 mira#nda st
Address1,940,515 miranda st,empty
Address1,946,515 miranda st,empty
Address1,948,515 miranda st,empty
Address1,950,515 miranda st,empty
Address1,952,515 miranda st,empty
Address1,958,400 n edwards street,400 n$ edwards street??
Address1,973,400 n edwards street,empty
Address1,979,400 n edwards street,400 n edward@@s street
Address1,986,150 gilbreath drive,1@@50 gilbreath drive
Address1,994,150 gilbreath drive,150 gil@@bre??ath drive
Address1,996,150 gilbreath drive,150 gil#b$reath drive
Address1,997,150 gilbreath drive,150 gilb$reat#h drive
Address2,4,empty,e%mpty%
Address2,10,empty,empt%y
Address2,12,empty,em#pty
Address2,13,empty,emp@@ty
Address2,14,empty,em$pty
Address2,20,empty,empty%
Address2,23,empty,empty##
Address2,27,empty,%empty
Address2,33,empty,emp#ty
Address2,37,empty,em@@pty$
Address2,42,empty,empty@@
Address2,44,empty,empt%y
Address2,58,empty,empty%
Address2,59,empty,em@@pt#y
Address2,82,empty,empt#y
Address2,88,empty,emp#ty
Address2,110,empty,e%m??pty
Address2,123,empty,em@@pt$y
Address2,131,empty,??empty
Address2,132,empty,??empty
Address2,140,empty,e@@mpty
Address2,141,empty,??e#mpty
Address2,147,empty,emp$#ty
Address2,149,empty,emp$t%y
Address2,161,empty,#empty
Address2,163,empty,empty@@
Address2,176,empty,emp#ty
Address2,178,empty,empt??y
Address2,190,empty,emp@@ty
Address2,203,empty,e@@mpty
Address2,210,empty,emp#ty
Address2,217,empty,empty%$
Address2,221,empty,??empty
Address2,227,empty,e##mpty
Address2,236,empty,em@@pty
Address2,242,empty,e@@mpt??y
Address2,244,empty,em??pty
Address2,249,empty,empty$
Address2,251,empty,em$pty
Address2,258,empty,em@@pty#
Address2,265,empty,e%mpty%
Address2,267,empty,e??mpty
Address2,270,empty,$emp%ty
Address2,298,empty,empt@@y
Address2,309,empty,empty@@??
Address2,310,empty,%empty
Address2,313,empty,em@@??pty
Address2,318,empty,e@@mpty??
Address2,320,empty,%empty
Address2,322,empty,$empty
Address2,324,empty,empty??
Address2,331,empty,empt$??y
Address2,336,empty,em$@@pty
Address2,343,empty,e@@m@@pty
Address2,353,empty,%empty$
Address2,365,empty,emp%ty
Address2,370,empty,empt$y
Address2,371,empty,empt@@@@y
Address2,393,empty,$empty
Address2,404,empty,e??mpty%
Address2,418,empty,empt%#y
Address2,431,empty,emp%ty
Address2,434,empty,em@@pty
Address2,438,empty,e@@@@mpty
Address2,442,empty,empt@@y$
Address2,443,empty,%empt$y
Address2,452,empty,#empty#
Address2,456,empty,??empty
Address2,463,empty,??empty
Address2,468,empty,em#pty
Address2,471,empty,$em@@pty
Address2,472,empty,@@empty
Address2,487,empty,empt#y
Address2,489,empty,??empty#
Address2,491,empty,em??pty
Address2,502,empty,emp@@ty
Address2,513,empty,@@e??mpty
Address2,517,empty,e?$?mpty
Address2,522,empty,e$mp@@ty
Address2,525,empty,%empty
Address2,529,empty,e#mp%ty
Address2,540,empty,em#pty
Address2,547,empty,e??%mpty
Address2,553,empty,e#m#pty
Address2,559,empty,empt$y@@
Address2,560,empty,emp%ty
Address2,561,empty,empty%
Address2,563,empty,em#pty%
Address2,568,empty,emp%t??y
Address2,585,empty,em??pty
Address2,589,empty,??empty$
Address2,590,empty,#em#pty
Address2,594,empty,emp??t$y
Address2,595,empty,emp#@@ty
Address2,596,empty,e%mpty
Address2,598,empty,emp$ty
Address2,600,empty,e#mpty
Address2,605,empty,e$mpt$y
Address2,606,empty,$empty??
Address2,607,empty,em@#@pty
Address2,610,empty,empty$
Address2,618,empty,emp@@ty
Address2,623,empty,em$pty
Address2,628,empty,em#pt$y
Address2,634,empty,e@@m@@pty
Address2,637,empty,empty$
Address2,640,empty,$em@@pty
Address2,641,empty,empt$y
Address2,660,empty,em@@p%ty
Address2,666,empty,em%pty
Address2,670,empty,e@@mpty@@
Address2,674,empty,e#mpty
Address2,676,empty,$emp#ty
Address2,679,empty,emp#t#y
Address2,691,empty,empt@@y??
Address2,702,empty,em%p@@ty
Address2,704,empty,empt%y
Address2,708,empty,$empty
Address2,709,empty,e@@m#pty
Address2,710,empty,e??m??pty
Address2,714,empty,em$pty@@
Address2,718,empty,emp$t@@y
Address2,726,empty,empt$y
Address2,738,empty,empt#y
Address2,739,empty,#empty%
Address2,744,empty,em??p#ty
Address2,753,empty,emp#??ty
Address2,758,empty,em@@pty%
Address2,760,empty,@@empty
Address2,764,empty,$empty
Address2,766,empty,??e#mpty
Address2,771,empty,??em#pty
Address2,778,empty,em@@#pty
Address2,779,empty,emp??ty
Address2,788,empty,e@@??mpty
Address2,793,empty,empty@@%
Address2,801,empty,em@@pty%
Address2,802,empty,emp$ty%
Address2,811,empty,e#mpt#y
Address2,817,empty,em@@pty
Address2,826,empty,empt#y
Address2,829,empty,em#pty
Address2,832,empty,empt%y
Address2,833,empty,em@@pty
Address2,834,empty,empt@@y
Address2,838,empty,e#m$pty
Address2,839,empty,#em??pty
Address2,841,empty,e##mpty
Address2,844,empty,e#mpty
Address2,853,empty,empt@@y
Address2,854,empty,emp@#@ty
Address2,868,empty,e%mpty
Address2,881,empty,#empty
Address2,891,empty,e%m%pty
Address2,896,empty,em%pty
Address2,904,empty,em#pty
Address2,917,empty,e$mpty
Address2,918,empty,em??p%ty
Address2,922,empty,e??mpty
Address2,934,empty,empty??
Address2,942,empty,#empty
Address2,944,empty,$empty
Address2,960,empty,@@em%pty
Address2,968,empty,%e#mpty
Address2,988,empty,@@emp$ty
Address3,2,empty,empt@@y
Address3,13,empty,$@@empty
Address3,17,empty,emp??t??y
Address3,22,empty,emp??@@ty
Address3,24,empty,em@@pty
Address3,31,empty,#empty
Address3,32,empty,empty$
Address3,33,empty,emp$ty
Address3,40,empty,e%mpty@@
Address3,42,empty,e#mpty$
Address3,46,empty,empt%y
Address3,48,empty,em??pty
Address3,72,empty,emp@@ty
Address3,75,empty,e%mpty??
Address3,76,empty,empty????
Address3,84,empty,e@@@@mpty
Address3,86,empty,$emp#ty
Address3,93,empty,em%p$ty
Address3,104,empty,emp??t%y
Address3,113,empty,emp%ty%
Address3,115,empty,#empty
Address3,127,empty,empt#y
Address3,131,empty,empty$$
Address3,133,empty,@$@empty
Address3,140,empty,em@@p%ty
Address3,148,empty,e@@mpty#
Address3,154,empty,@@empt??y
Address3,157,empty,e??m@@pty
Address3,159,empty,#empty
Address3,160,empty,empty@@
Address3,166,empty,empty$
Address3,184,empty,empt%y%
Address3,188,empty,empty$
Address3,212,empty,empt%@@y
Address3,213,empty,??empt#y
Address3,221,empty,emp??ty
Address3,225,empty,#empty$
Address3,228,empty,e@@mpty
Address3,231,empty,empty??
Address3,233,empty,e$mpty$
Address3,242,empty,%empty
Address3,248,empty,$e@@mpty
Address3,253,empty,empt??y??
Address3,264,empty,e??mpty
Address3,271,empty,emp??ty
Address3,282,empty,em$pty
Address3,283,empty,em#@@pty
Address3,285,empty,e$mpt%y
Address3,289,empty,empt%y
Address3,298,empty,e??mpt@@y
Address3,302,empty,empty@@
Address3,310,empty,emp%ty
Address3,314,empty,emp#??ty
Address3,319,empty,em$pty
Address3,339,empty,empt#y
Address3,342,empty,#emp??ty
Address3,358,empty,em??pty%
Address3,359,empty,em@@pty#
Address3,364,empty,empt#%y
Address3,367,empty,%empty
Address3,371,empty,@@e@@mpty
Address3,375,empty,em??pty
Address3,385,empty,e??mpty
Address3,389,empty,empt??y
Address3,390,empty,empt@@y%
Address3,395,empty,empty$
Address3,398,empty,emp@@??ty
Address3,415,empty,emp@@ty%
Address3,419,empty,e$mpty
Address3,425,empty,e#m%pty
Address3,434,empty,empty??
Address3,442,empty,em#pty
Address3,444,empty,empty@@
Address3,454,empty,e%mpty
Address3,458,empty,##empty
Address3,464,empty,e#mpty
Address3,465,empty,@@empty
Address3,469,empty,%empty
Address3,475,empty,empt$y
Address3,503,empty,$empty
Address3,512,empty,empty@@
Address3,539,empty,??empty
Address3,548,empty,em@@pty
Address3,560,empty,emp%ty
Address3,575,empty,em%pt%y
Address3,577,empty,#e??mpty
Address3,581,empty,$e$mpty
Address3,588,empty,em$pty
Address3,590,empty,empty@@
Address3,606,empty,empty??
Address3,610,empty,$empt%y
Address3,617,empty,e@@mpty
Address3,639,empty,emp@@ty
Address3,644,empty,empty??
Address3,647,empty,empt#y@@
Address3,654,empty,empt%y#
Address3,655,empty,empt#y
Address3,657,empty,??empt??y
Address3,658,empty,empt%y
Address3,659,empty,emp??t@@y
Address3,688,empty,e%mpty#
Address3,691,empty,empty$
Address3,694,empty,%empty
Address3,699,empty,emp$ty
Address3,708,empty,em#pt@@y
Address3,709,empty,#emp??ty
Address3,712,empty,%empty
Address3,719,empty,em#pty
Address3,720,empty,empty$??
Address3,722,empty,??empty
Address3,723,empty,??empty??
Address3,735,empty,%e@@mpty
Address3,743,empty,empty%$
Address3,767,empty,empt%y
Address3,773,empty,empt??y
Address3,774,empty,em@@%pty
Address3,779,empty,em$@@pty
Address3,783,empty,em@@$pty
Address3,785,empty,emp#%ty
Address3,786,empty,em$pty
Address3,814,empty,em??pt#y
Address3,847,empty,??empty
Address3,848,empty,e@@mpty
Address3,858,empty,em@@pty
Address3,860,empty,@@empty
Address3,865,empty,%empty#
Address3,870,empty,empty#
Address3,871,empty,em@??@pty
Address3,875,empty,$e@@mpty
Address3,881,empty,empt%y
Address3,886,empty,@@empty
Address3,893,empty,em%pty@@
Address3,895,empty,e#mpty
Address3,902,empty,??empty
Address3,911,empty,??empty
Address3,917,empty,empty#
Address3,918,empty,$em$pty
Address3,925,empty,empt#y
Address3,928,empty,e%mp??ty
Address3,935,empty,??empt%y
Address3,938,empty,emp$$ty
Address3,947,empty,e%mp$ty
Address3,960,empty,??empty
Address3,961,empty,emp$ty
Address3,963,empty,empty$
Address3,967,empty,em%p#ty
Address3,974,empty,??empty
Address3,979,empty,empt%$y
Address3,983,empty,e%mpt??y
Address3,988,empty,em$pty
Address3,991,empty,em%pty
Address3,993,empty,$#empty
Address3,995,empty,empty@@
City,2,birmingham,birmi??ngham$
City,5,birmingham,empty
City,20,dothan,d$oth#an
City,23,dothan,doth#a#n
City,24,dothan,do%%than
City,27,dothan,doth#an%
City,28,dothan,dotha%n#
City,31,dothan,do%than
City,36,dothan,d%oth#an
City,38,dothan,empty
City,43,dothan,do@@tha#n
City,44,dothan,empty
City,55,boaz,boaz%
City,57,boaz,empty
City,60,boaz,boa??z
City,67,boaz,boa$z
City,71,florence,empty
City,74,florence,empty
City,85,florence,empty
City,87,florence,empty
City,91,florence,empty
City,93,florence,fl#??orence
City,101,opp,opp$
City,109,opp,o@@pp@@
City,122,luverne,empty
City,123,luverne,empty
City,124,luverne,l#uverne
City,133,luverne,luvern@@@@e
City,134,luverne,l@@uver??ne
City,136,luverne,l#uvern%e
City,153,hartselle,$hartselle
City,158,hartselle,hartsel@@l??e
City,159,hartselle,hartsel%le%
City,162,hartselle,empty
City,163,hartselle,har@@tselle
City,167,hartselle,harts#e%lle
City,168,hartselle,hartsel$$le
City,170,guntersville,empty
City,173,guntersville,empty
City,174,guntersville,gunter????sville
City,175,guntersville,??guntersvil%le
City,180,guntersville,empty
City,185,guntersville,empty
City,187,guntersville,gunters$vill#e
City,196,birmingham,bi@@rmin@@gham
City,197,birmingham,birmi@@ngham
City,199,birmingham,empty
City,204,birmingham,empty
City,206,birmingham,bir%mingham
City,208,birmingham,b#irmingham
City,214,birmingham,empty
City,218,birmingham,empty
City,221,fort payne,fort payn@@e
City,229,fort payne,fort p??ayne
City,231,fort payne,fort p%%ayne
City,236,fort payne,@@fort payne@@
City,237,fort payne,empty
City,239,fort payne,fo?%?rt payne
City,240,fort payne,empty
City,248,thomasville,??thomasville@@
City,249,thomasville,empty
City,263,thomasville,empty
City,264,thomasville,thom#as??ville
City,265,thomasville,thoma@@sville
City,267,thomasville,thomasv$ille
City,270,alabaster,empty
City,272,alabaster,empty
City,275,alabaster,@@al??abaster
City,277,alabaster,al@@abas@@ter
City,278,alabaster,empty
City,281,alabaster,empty
City,285,alabaster,alabaster#
City,286,alabaster,alabas$te@@r
City,287,alabaster,empty
City,295,birmingham,birmingh$am
City,299,birmingham,birming%ham
City,301,birmingham,empty
City,302,birmingham,empty
City,310,birmingham,b$irmingham
City,311,birmingham,birmin??gham
City,312,anniston,an#n??iston
City,319,anniston,annist#on
City,321,anniston,empty
City,323,anniston,empty
City,330,anniston,a$nniston%
City,332,dothan,empty
City,341,dothan,dotha%n
City,350,birmingham,birming@@ham
City,356,winfield,winf@@ield
City,366,winfield,win?%?field
City,369,winfield,w#infield
City,370,winfield,empty
City,382,mobile,$mobile
City,391,mobile,@@mobile
City,396,prattville,??prattville
City,399,prattville,prattvi@@#lle
City,404,prattville,empty
City,405,prattville,pr%attville
City,406,prattville,empty
City,407,prattville,pra%ttville
City,408,prattville,empty
City,417,sylacauga,empty
City,418,sylacauga,sylacaug%a
City,421,sylacauga,$sylacauga@@
City,435,anchorage,@@anch#orage
City,440,anchorage,empty
City,441,anchorage,empty
City,449,anchorage,empty
City,450,anchorage,anch??orage
City,452,bethel,bet??hel
City,453,sheffield,empty
City,457,sheffield,empty
City,459,sheffield,empty
City,461,sheffield,%sh%effield
City,462,sheffield,sheffiel??d
City,470,ozark,ozark%$
City,471,ozark,oz$%ark
City,475,ozark,%oza??rk
City,476,ozark,oza%rk
City,478,ozark,empty
City,482,ozark,ozark@@
City,484,ozark,empty
City,487,ozark,#ozark
City,492,centre,centre%
City,493,centre,empty
City,496,centre,#c@@entre
City,501,centre,cent??r%e
City,503,centre,centre@@
City,505,centre,$centre
City,506,centre,empty
City,507,centre,empty
City,510,centre,empty
City,516,centre,ce??ntre$
City,525,montgomery,montgom%ery%
City,527,montgomery,montgome??ry
City,530,montgomery,empty
City,535,montgomery,$mont#gomery
City,539,montgomery,montgome??ry
City,540,montgomery,mo#n#tgomery
City,542,montgomery,empty
City,547,montgomery,m??ontgom??ery
City,551,montgomery,mont??gomery
City,553,montgomery,$montgomery$
City,554,montgomery,mont??gomery
City,557,montgomery,m%ontgo??mery
City,559,montgomery,empty
City,562,montgomery,empty
City,564,montgomery,empty
City,565,montgomery,empty
City,569,valley,valley@@
City,576,valley,empty
City,579,valley,val$le$y
City,581,valley,va#lley
City,589,valley,%va??lley
City,610,elba,empty
City,612,elba,empty
City,620,opelika,empty
City,622,opelika,op$el#ika
City,627,opelika,o#pelika
City,629,opelika,empty
City,634,opelika,@@%opelika
City,636,opelika,empty
City,649,wedowee,w%edowee
City,651,wedowee,#wedowee
City,653,wedowee,$wed#owee
City,654,wedowee,empty
City,655,wedowee,empty
City,657,wedowee,wedo$wee
City,659,wedowee,we#dowee%
City,665,wedowee,empty
City,666,wedowee,we%dowee
City,673,birmingham,??birmingham
City,681,birmingham,empty
City,682,birmingham,bir@@@@mingham
City,683,birmingham,bi??%rmingham
City,686,birmingham,empty
City,689,birmingham,empty
City,694,tallassee,t$al$lassee
City,695,tallassee,tallass@@#ee
City,698,tallassee,t$a@@llassee
City,709,tallassee,ta$llas%see
City,717,cullman,#cullman
City,719,cullman,empty
City,720,cullman,empty
City,723,cullman,c%ullman
City,725,cullman,cull%ma$n
City,726,cullman,@@cullma%n
City,730,cullman,cul#lman
City,740,cullman,empty
City,743,andalusia,empty
City,747,andalusia,and%alusia
City,750,andalusia,empty
City,753,andalusia,??andalusia
City,754,andalusia,andal%usi??a
City,755,andalusia,an#dalusia
City,766,andalusia,andalusi%@@a
City,770,anniston,@@anniston
City,775,huntsville,h%unts$ville
City,788,huntsville,empty
City,790,huntsville,empty
City,792,huntsville,empty
City,795,huntsville,h#untsvil??le
City,804,gadsden,@@gadsden
City,805,gadsden,empty
City,806,gadsden,gadsde#n
City,810,gadsden,empty
City,818,gadsden,empty
City,822,gadsden,empty
City,823,gadsden,gad%sden@@
City,825,gadsden,empty
City,827,gadsden,empty
City,828,clanton,c#lant$on
City,830,clanton,empty
City,834,clanton,empty
City,836,clanton,$c#lanton
City,838,clanton,cl????anton
City,840,clanton,clanton#%
City,843,clanton,clant#on
City,846,clanton,cla%nto#n
City,847,clanton,empty
City,848,clanton,%clanton??
City,849,clanton,c??lanton
City,852,clanton,empty
City,853,hamilton,@@hamilton
City,870,hamilton,ham#ilton
City,871,hamilton,h??am??ilton
City,872,hamilton,empty
City,873,hamilton,hamilt??o%n
City,877,hamilton,empty
City,878,fayette,??fayette
City,883,fayette,fayett$e
City,888,fayette,$fayette
City,893,fayette,empty
City,897,fayette,#fayette
City,909,gadsden,ga??dsden
City,910,gadsden,empty
City,919,gadsden,empty
City,923,gadsden,gads%den$
City,933,georgiana,empty
City,934,georgiana,ge@@orgiana
City,935,georgiana,ge%orgiana
City,938,georgiana,georg#i#ana
City,942,georgiana,empty
City,948,georgiana,empty
City,950,georgiana,empty
City,960,enterprise,enterpris@??@e
City,961,enterprise,en#terprise
City,964,enterprise,ent%erprise
City,967,enterprise,enter$prise
City,970,enterprise,enterpris$e
City,971,enterprise,#$enterprise
City,985,oneonta,oneont#a
City,989,oneonta,one%onta??
City,993,oneonta,oneo#nta
City,995,oneonta,o%#neonta
State,8,al,empty
State,11,al,empty
State,16,al,empty
State,18,al,#%al
State,19,al,#al%
State,28,al,#al
State,33,al,?%?al
State,35,al,??al??
State,36,al,??#al
State,38,al,a$l$
State,43,al,@@%al
State,44,al,al%
State,47,al,al#
State,49,al,#al
State,59,al,empty
State,60,al,empty
State,61,al,empty
State,64,al,empty
State,65,al,empty
State,66,al,a%l
State,71,al,%#al
State,76,al,al%
State,80,al,empty
State,83,al,al#
State,84,al,empty
State,94,al,empty
State,104,al,a%$l
State,105,al,$$al
State,106,al,@@a@@l
State,111,al,empty
State,121,al,a#l??
State,122,al,#al
State,128,al,a????l
State,129,al,empty
State,132,al,%a??l
State,146,al,empty
State,152,al,al#
State,154,al,al$
State,155,al,empty
State,159,al,#@@al
State,162,al,#al
State,165,al,al#
State,166,al,empty
State,168,al,#al
State,173,al,empty
State,191,al,empty
State,193,al,empty
State,199,al,empty
State,203,al,empty
State,204,al,empty
State,207,al,#a%l
State,211,al,empty
State,214,al,a#l@@
State,218,al,@@al#
State,219,al,empty
State,223,al,empty
State,227,al,$al#
State,233,al,empty
State,240,al,#a$l
State,248,al,$al
State,252,al,@@al
State,254,al,empty
State,258,al,al??
State,261,al,empty
State,273,al,empty
State,275,al,a??l??
State,276,al,a$l
State,277,al,a@@l$
State,278,al,al$
State,289,al,empty
State,295,al,#al%
State,297,al,al%
State,304,al,al@@
State,306,al,empty
State,313,al,#al@@
State,317,al,al$
State,320,al,#al
State,322,al,$a$l
State,327,al,$#al
State,333,al,empty
State,334,al,empty
State,338,al,a$l
State,340,al,empty
State,351,al,empty
State,352,al,a??l
State,355,al,#a%l
State,356,al,#al??
State,358,al,a@@l
State,362,al,al$$
State,363,al,empty
State,364,al,empty
State,366,al,a#l
State,376,al,empty
State,377,al,empty
State,379,al,empty
State,385,al,a#%l
State,396,al,@@a%l
State,399,al,empty
State,404,al,a$l@@
State,411,al,a@@#l
State,413,al,empty
State,416,al,a@@l$
State,417,al,empty
State,421,al,empty
State,423,al,empty
State,425,al,empty
State,426,al,al????
State,430,al,empty
State,432,al,a$@@l
State,433,ak,@@ak
State,440,ak,empty
State,441,ak,ak$@@
State,445,ak,empty
State,452,ak,empty
State,463,al,al%
State,464,al,empty
State,465,al,??a%l
State,467,al,al??
State,470,al,empty
State,471,al,a%l
State,474,al,al##
State,478,al,empty
State,479,al,empty
State,483,al,empty
State,485,al,empty
State,488,al,empty
State,495,al,%a??l
State,496,al,al##
State,498,al,al##
State,501,al,a@@l
State,514,al,@@al
State,515,al,al@@
State,516,al,a??l
State,520,al,al%??
State,521,al,empty
State,532,al,#al
State,533,al,empty
State,537,al,al??
State,539,al,empty
State,540,al,a@@l%
State,543,al,#$al
State,545,al,??al
State,551,al,empty
State,554,al,empty
State,562,al,empty
State,563,al,empty
State,567,al,@@al
State,572,al,a#l@@
State,576,al,a??l
State,580,al,$#al
State,581,al,empty
State,582,al,empty
State,585,al,al@@%
State,588,al,empty
State,594,al,empty
State,597,al,empty
State,601,al,empty
State,605,al,??@@al
State,608,al,empty
State,609,al,a$l
State,610,al,%a#l
State,613,al,empty
State,620,al,empty
State,624,al,empty
State,631,al,empty
State,640,al,empty
State,651,al,empty
State,655,al,empty
State,660,al,empty
State,665,al,$%al
State,669,al,??al??
State,678,al,@@a#l
State,679,al,al$#
State,680,al,empty
State,682,al,empty
State,686,al,a#%l
State,688,al,empty
State,695,al,empty
State,704,al,al%#
State,706,al,empty
State,708,al,a%l
State,711,al,a#%l
State,715,al,al@@
State,719,al,$al
State,721,al,empty
State,727,al,@@al
State,728,al,a@@l
State,734,al,empty
State,735,al,@@al
State,736,al,$a%l
State,737,al,empty
State,739,al,empty
State,740,al,empty
State,742,al,empty
State,746,al,a%l
State,748,al,empty
State,753,al,al??
State,755,al,al@%@
State,767,al,empty
State,774,al,@@al
State,778,al,a#l??
State,781,al,a%l??
State,787,al,al%
State,790,al,#al
State,791,al,empty
State,792,al,empty
State,796,al,empty
State,798,al,$al
State,804,al,empty
State,806,al,empty
State,827,al,a#%l
State,831,al,$al
State,833,al,a$l
State,834,al,a#l
State,838,al,empty
State,842,al,empty
State,844,al,a#l
State,852,al,a??l#
State,854,al,empty
State,857,al,$al
State,858,al,empty
State,860,al,empty
State,861,al,@@$al
State,866,al,empty
State,875,al,empty
State,878,al,empty
State,882,al,%#al
State,892,al,a$l
State,894,al,al$
State,895,al,@@a#l
State,900,al,empty
State,904,al,empty
State,905,al,#al
State,907,al,empty
State,908,al,#a??l
State,912,al,%al$
State,913,al,$al$
State,918,al,a??l
State,922,al,empty
State,925,al,empty
State,929,al,empty
State,930,al,empty
State,942,al,empty
State,945,al,empty
State,963,al,empty
State,973,al,empty
State,976,al,empty
State,977,al,al$??
State,981,al,empty
State,984,al,al#
State,985,al,empty
State,998,al,empty
ZipCode,3,35233,empty
ZipCode,7,35233,196072.73461469664
ZipCode,10,35660,empty
ZipCode,14,35660,127937.97908969052
ZipCode,20,36302,123366.16987950377
ZipCode,22,36302,136131.09697504932
ZipCode,27,36302,213880.32567920955
ZipCode,31,36302,empty
ZipCode,35,36302,empty
ZipCode,36,36302,empty
ZipCode,42,36302,113295.66570776528
ZipCode,44,36302,127399.52403061368
ZipCode,45,35957,empty
ZipCode,46,35957,162104.66445584653
ZipCode,48,35957,131924.4350952837
ZipCode,49,35957,empty
ZipCode,50,35957,empty
ZipCode,53,35957,empty
ZipCode,59,35957,empty
ZipCode,62,35957,118714.33692724204
ZipCode,67,35957,empty
ZipCode,69,35957,empty
ZipCode,70,35631,empty
ZipCode,72,35631,empty
ZipCode,73,35631,empty
ZipCode,77,35631,212999.37156768492
ZipCode,83,35631,173881.6711740305
ZipCode,89,35631,empty
ZipCode,90,35631,203608.8481378181
ZipCode,95,36467,empty
ZipCode,96,36467,empty
ZipCode,98,36467,142427.24368632294
ZipCode,99,36467,empty
ZipCode,101,36467,empty
ZipCode,107,36467,empty
ZipCode,109,36467,empty
ZipCode,110,36467,empty
ZipCode,112,36467,128983.39145118516
ZipCode,113,36467,empty
ZipCode,116,36467,empty
ZipCode,118,36467,184984.00270124397
ZipCode,122,36049,197997.04218453923
ZipCode,127,36049,empty
ZipCode,137,36049,128419.12334939148
ZipCode,138,36049,empty
ZipCode,139,36049,134672.96832588912
ZipCode,146,35640,127826.397631695
ZipCode,148,35640,empty
ZipCode,150,35640,empty
ZipCode,154,35640,empty
ZipCode,164,35640,empty
ZipCode,166,35640,empty
ZipCode,168,35640,160864.09948889236
ZipCode,170,35976,162261.71685176488
ZipCode,171,35976,empty
ZipCode,176,35976,empty
ZipCode,184,35976,119361.30829974814
ZipCode,187,35976,120185.74968315924
ZipCode,200,35235,empty
ZipCode,203,35235,empty
ZipCode,212,35235,162015.49750798417
ZipCode,214,35235,183369.63491788943
ZipCode,221,35968,empty
ZipCode,222,35968,empty
ZipCode,226,35968,159927.08716742063
ZipCode,242,35968,198521.8315870972
ZipCode,256,36784,empty
ZipCode,257,36784,140808.88954872926
ZipCode,264,36784,empty
ZipCode,266,36784,196840.72158548815
ZipCode,278,35007,160702.64799979268
ZipCode,280,35007,186440.1938869464
ZipCode,283,35007,empty
ZipCode,289,35007,empty
ZipCode,290,35007,109601.9861758306
ZipCode,291,35007,110994.76642554183
ZipCode,294,35007,121524.38453262876
ZipCode,297,35233,empty
ZipCode,298,35233,152290.8039655759
ZipCode,299,35233,164481.2123719392
ZipCode,314,36201,empty
ZipCode,316,36201,136518.49766885067
ZipCode,317,36201,empty
ZipCode,322,36201,empty
ZipCode,323,36201,empty
ZipCode,324,36201,empty
ZipCode,331,36201,117545.39336867094
ZipCode,336,36305,203644.30151115943
ZipCode,337,36305,205220.6606629567
ZipCode,343,36305,empty
ZipCode,348,36305,208534.58262684217
ZipCode,364,35594,empty
ZipCode,367,35594,127278.13468674882
ZipCode,369,35594,empty
ZipCode,370,35594,141616.7299323976
ZipCode,372,35594,empty
ZipCode,373,35594,111706.95350379858
ZipCode,374,35594,172402.2631061882
ZipCode,376,35594,empty
ZipCode,378,35594,empty
ZipCode,380,36617,empty
ZipCode,381,36617,152999.15128702254
ZipCode,385,36617,empty
ZipCode,386,36617,168664.16798887277
ZipCode,391,36617,empty
ZipCode,395,36067,172514.55257417812
ZipCode,414,35653,empty
ZipCode,429,35150,209294.6199172843
ZipCode,430,35150,empty
ZipCode,437,99508,empty
ZipCode,441,99508,empty
ZipCode,442,99508,empty
ZipCode,448,99508,empty
ZipCode,450,99508,empty
ZipCode,459,35660,192399.3100843926
ZipCode,466,35660,153000.37337498556
ZipCode,469,36360,200307.1183348104
ZipCode,472,36360,128748.34846449236
ZipCode,473,36360,124925.99315992468
ZipCode,478,36360,158962.80277693027
ZipCode,479,36360,211493.61391259497
ZipCode,482,36360,empty
ZipCode,484,36360,133136.58202714223
ZipCode,485,36360,177208.1245904032
ZipCode,488,36360,169286.17755443676
ZipCode,492,35960,131090.4937591668
ZipCode,495,35960,empty
ZipCode,496,35960,108221.01297054668
ZipCode,501,35960,190709.6079584495
ZipCode,504,35960,empty
ZipCode,510,35960,123854.27408308514
ZipCode,511,35960,empty
ZipCode,516,35960,165089.071378401
ZipCode,521,36116,empty
ZipCode,522,36116,178592.71262545726
ZipCode,524,36116,149126.95996238085
ZipCode,530,36116,131296.05455848647
ZipCode,532,36116,113580.91654441383
ZipCode,534,36116,empty
ZipCode,537,36116,191530.88206189047
ZipCode,539,36116,160207.39298180531
ZipCode,545,36106,147098.53887287434
ZipCode,550,36106,empty
ZipCode,554,36106,empty
ZipCode,556,36106,171787.34746956022
ZipCode,557,36106,163560.75589674813
ZipCode,560,36106,130868.14281470396
ZipCode,564,36106,138176.38879691876
ZipCode,574,36854,191113.00963873675
ZipCode,579,36854,195281.92544633237
ZipCode,581,36854,151118.50877820828
ZipCode,585,36854,152796.1289722427
ZipCode,586,36854,130352.13144484292
ZipCode,593,36323,148397.98663379165
ZipCode,598,36323,171171.7832955527
ZipCode,601,36323,116029.48845371626
ZipCode,606,36323,190072.7519219089
ZipCode,608,36323,183443.46591280273
ZipCode,609,36323,196943.40125591456
ZipCode,610,36323,171583.88773369472
ZipCode,612,36323,136112.2318140241
ZipCode,622,36801,126196.20486445952
ZipCode,625,36801,empty
ZipCode,632,36801,empty
ZipCode,635,36801,empty
ZipCode,636,36801,166095.8097748085
ZipCode,640,36801,179370.14621503546
ZipCode,649,36278,117161.52653224206
ZipCode,658,36278,140982.22872333907
ZipCode,662,36278,179816.5952080903
ZipCode,664,36278,empty
ZipCode,666,36278,187775.5136493926
ZipCode,669,35233,129132.68516409614
ZipCode,671,35233,empty
ZipCode,673,35233,192623.88623530223
ZipCode,674,35233,142023.26605472527
ZipCode,677,35233,128291.48865356886
ZipCode,684,35233,empty
ZipCode,695,36078,161407.2855409942
ZipCode,703,36078,112435.0827045768
ZipCode,705,36078,140365.09054034154
ZipCode,706,36078,empty
ZipCode,710,36078,171489.0775308047
ZipCode,712,36078,empty
ZipCode,714,36078,204977.27015749156
ZipCode,718,35058,184405.0548271147
ZipCode,721,35058,170198.8769897445
ZipCode,725,35058,170144.2692942068
ZipCode,726,35058,empty
ZipCode,729,35058,161356.46645608023
ZipCode,731,35058,empty
ZipCode,734,35058,113787.19696449308
ZipCode,738,35058,156324.82887983037
ZipCode,745,36420,empty
ZipCode,756,36420,135374.75845695508
ZipCode,758,36420,154235.93997123945
ZipCode,762,36420,161457.23792349832
ZipCode,771,36201,empty
ZipCode,779,35801,empty
ZipCode,780,35801,128728.36136140444
ZipCode,782,35801,184422.70023629785
ZipCode,783,35801,empty
ZipCode,792,35801,138241.42067992833
ZipCode,793,35801,171013.15045068017
ZipCode,795,35801,empty
ZipCode,796,35801,138169.619917723
ZipCode,797,35801,empty
ZipCode,805,35903,131092.73758128937
ZipCode,806,35903,188387.29712050097
ZipCode,833,35045,167443.41520006311
ZipCode,843,35045,107984.85289651116
ZipCode,844,35045,empty
ZipCode,847,35045,empty
ZipCode,848,35045,111490.93031538892
ZipCode,849,35045,177083.06093742282
ZipCode,851,35045,201317.4646273393
ZipCode,852,35045,131333.45130861326
ZipCode,856,35570,empty
ZipCode,860,35570,empty
ZipCode,861,35570,empty
ZipCode,864,35570,176127.6016793548
ZipCode,866,35570,171518.25069494947
ZipCode,870,35570,empty
ZipCode,874,35570,empty
ZipCode,878,35555,109218.90263681386
ZipCode,884,35555,185261.26697856784
ZipCode,885,35555,130613.34091836264
ZipCode,888,35555,210986.8690625737
ZipCode,889,35555,empty
ZipCode,891,35555,empty
ZipCode,895,35555,empty
ZipCode,904,35901,empty
ZipCode,905,35901,168233.08315344175
ZipCode,908,35901,114848.99095500124
ZipCode,910,35901,empty
ZipCode,912,35901,162106.90462672713
ZipCode,921,35901,129554.06977135997
ZipCode,922,35901,empty
ZipCode,932,36033,122636.44684675011
ZipCode,943,36033,133516.41042139038
ZipCode,947,36033,187986.48053655785
ZipCode,948,36033,111909.49673314774
ZipCode,955,36033,126326.68126201587
ZipCode,956,36330,111201.96986883716
ZipCode,958,36330,133925.95888733046
ZipCode,963,36330,109210.04978147463
ZipCode,964,36330,empty
ZipCode,965,36330,125483.3692506375
ZipCode,968,36330,empty
ZipCode,975,36330,empty
ZipCode,978,36330,130761.80865044556
ZipCode,981,35121,193129.75428604623
ZipCode,984,35121,123718.9061391967
ZipCode,986,35121,157630.34693600083
ZipCode,991,35121,159340.94641520377
ZipCode,992,35121,empty
ZipCode,995,35121,150081.86943734428
CountyName,3,jefferson,jeffers#on
CountyName,10,jefferson,%jeff%erson
CountyName,11,jefferson,empty
CountyName,12,jefferson,%jeffer??son
CountyName,13,jefferson,jeffe@@rson
CountyName,17,jefferson,empty
CountyName,24,houston,%houston
CountyName,27,houston,ho??us%ton
CountyName,32,houston,empty
CountyName,42,houston,empty
CountyName,46,marshall,??ma@@rshall
CountyName,59,marshall,empty
CountyName,61,marshall,#marshall
CountyName,62,marshall,marshal$#l
CountyName,63,marshall,marsh@@%all
CountyName,70,lauderdale,empty
CountyName,80,lauderdale,@??@lauderdale
CountyName,84,lauderdale,empty
CountyName,85,lauderdale,laud@@erdale
CountyName,86,lauderdale,lau%der??dale
CountyName,98,covington,co#ving??ton
CountyName,101,covington,covin@@gton
CountyName,102,covington,covingto@@n
CountyName,103,covington,coving%to#n
CountyName,106,covington,c#ovington
CountyName,110,covington,empty
CountyName,115,covington,empty
CountyName,121,crenshaw,empty
CountyName,123,crenshaw,cren%shaw
CountyName,129,crenshaw,crens%haw
CountyName,135,crenshaw,c#ren@@shaw
CountyName,136,crenshaw,crensha$w
CountyName,139,crenshaw,empty
CountyName,140,crenshaw,c%renshaw
CountyName,143,crenshaw,crens$haw
CountyName,145,morgan,empty
CountyName,149,morgan,empty
CountyName,155,morgan,empty
CountyName,162,morgan,%morg@@an
CountyName,167,morgan,empty
CountyName,171,marshall,m#arsha#ll
CountyName,175,marshall,marshall$
CountyName,179,marshall,marsha%ll
CountyName,189,marshall,empty
CountyName,192,marshall,%marshall@@
CountyName,205,jefferson,$jefferson
CountyName,206,jefferson,empty
CountyName,214,jefferson,jefferson%
CountyName,215,jefferson,jeffer@@$son
CountyName,220,de kalb,de k%alb
CountyName,228,de kalb,empty
CountyName,229,de kalb,de ka$lb
CountyName,232,de kalb,empty
CountyName,247,clarke,cl%arke#
CountyName,249,clarke,clarke$
CountyName,250,clarke,empty
CountyName,258,clarke,cla??rk??e
CountyName,259,clarke,c%larke
CountyName,260,clarke,empty
CountyName,265,clarke,clark%e
CountyName,266,clarke,cl#??arke
CountyName,269,clarke,empty
CountyName,283,shelby,empty
CountyName,287,shelby,shel#by$
CountyName,288,shelby,shel#by
CountyName,295,jefferson,#jefferson
CountyName,299,jefferson,empty
CountyName,302,jefferson,empty
CountyName,307,jefferson,j%efferson
CountyName,312,calhoun,$calhoun
CountyName,313,calhoun,calhoun#
CountyName,320,calhoun,empty
CountyName,326,calhoun,empty
CountyName,327,calhoun,cal??hou$n
CountyName,329,calhoun,??c@@alhoun
CountyName,330,calhoun,@@calho??un
CountyName,337,houston,empty
CountyName,341,houston,houst$on
CountyName,345,houston,empty
CountyName,349,jefferson,empty
CountyName,356,marion,marion$
CountyName,358,marion,m@@ar??ion
CountyName,365,marion,empty
CountyName,367,marion,empty
CountyName,369,marion,@@marion
CountyName,371,marion,empty
CountyName,389,mobile,empty
CountyName,392,mobile,mobil$$e
CountyName,396,autauga,a??utauga
CountyName,400,autauga,autau#ga
CountyName,402,autauga,empty
CountyName,406,autauga,empty
CountyName,409,autauga,au??tau@@ga
CountyName,413,franklin,empty
CountyName,414,franklin,empty
CountyName,418,talladega,%talladega
CountyName,420,talladega,empty
CountyName,421,talladega,empty
CountyName,422,talladega,ta#lladega
CountyName,427,talladega,tall%@@adega
CountyName,431,talladega,talladega@@
CountyName,432,talladega,tal@@ladega
CountyName,433,anchorage,empty
CountyName,449,anchorage,#anchorage
CountyName,453,jefferson,empty
CountyName,456,jefferson,empty
CountyName,457,jefferson,empty
CountyName,459,jefferson,jefferso$n
CountyName,460,jefferson,jef%ferson
CountyName,466,jefferson,empty
CountyName,469,dale,empty
CountyName,471,dale,d@@ale
CountyName,475,dale,dale??
CountyName,476,dale,dale@@
CountyName,490,dale,dal#e
CountyName,497,cherokee,cherok#@@ee
CountyName,499,cherokee,che%ro$kee
CountyName,503,cherokee,c??herok#ee
CountyName,507,cherokee,empty
CountyName,508,cherokee,che#rok@@ee
CountyName,510,cherokee,cherokee@@$
CountyName,512,cherokee,empty
CountyName,515,cherokee,$c$herokee
CountyName,517,montgomery,empty
CountyName,518,montgomery,montgo%mery$
CountyName,521,montgomery,mont#go@@mery
CountyName,526,montgomery,empty
CountyName,527,montgomery,mo%ntgomer%y
CountyName,528,montgomery,empty
CountyName,532,montgomery,empty
CountyName,542,montgomery,m%ontgomer??y
CountyName,544,montgomery,empty
CountyName,545,montgomery,empty
CountyName,547,montgomery,montgom$e??ry
CountyName,552,montgomery,montgomery%
CountyName,556,montgomery,mo@@#ntgomery
CountyName,562,montgomery,montgo@@m$ery
CountyName,565,montgomery,mo#ntgomery
CountyName,578,chambers,chambe$rs
CountyName,579,chambers,empty
CountyName,590,chambers,empty
CountyName,591,chambers,empty
CountyName,593,coffee,??@@coffee
CountyName,597,coffee,c??offee
CountyName,601,coffee,empty
CountyName,603,coffee,empty
CountyName,608,coffee,co$%ffee
CountyName,615,coffee,c@@offee
CountyName,616,coffee,coffe#e
CountyName,618,lee,empty
CountyName,619,lee,empty
CountyName,620,lee,le@@e
CountyName,631,lee,@@lee%
CountyName,636,lee,le#e
CountyName,643,randolph,empty
CountyName,648,randolph,randolp%h
CountyName,649,randolph,randolp#h
CountyName,654,randolph,r??and#olph
CountyName,656,randolph,empty
CountyName,657,randolph,empty
CountyName,665,randolph,empty
CountyName,669,jefferson,@@jefferson
CountyName,671,jefferson,empty
CountyName,678,jefferson,empty
CountyName,688,jefferson,empty
CountyName,691,jefferson,j$efferson
CountyName,692,elmore,$elm#ore
CountyName,706,elmore,elmor@@$e
CountyName,707,elmore,#elmo$re
CountyName,712,elmore,el??more
CountyName,714,elmore,e??lmore
CountyName,715,elmore,elmor??e
CountyName,725,cullman,empty
CountyName,729,cullman,cullman@@
CountyName,730,cullman,cullman%
CountyName,733,cullman,cullman$
CountyName,735,cullman,%cull$man
CountyName,738,cullman,empty
CountyName,740,cullman,c??ullman
CountyName,741,cullman,empty
CountyName,742,covington,$covington
CountyName,744,covington,co%vington
CountyName,749,covington,coving#t$on
CountyName,754,covington,@%@covington
CountyName,755,covington,co$vington
CountyName,759,covington,empty
CountyName,763,covington,empty
CountyName,770,calhoun,ca??lhoun
CountyName,774,calhoun,empty
CountyName,782,madison,empty
CountyName,785,madison,m$adison
CountyName,789,madison,empty
CountyName,791,madison,madis??on
CountyName,799,madison,ma$dison
CountyName,805,etowah,empty
CountyName,806,etowah,etowah$#
CountyName,812,etowah,empty
CountyName,818,etowah,empty
CountyName,820,etowah,etow??ah
CountyName,822,etowah,e#towah
CountyName,829,chilton,ch??ilton
CountyName,833,chilton,c??$hilton
CountyName,838,chilton,empty
CountyName,841,chilton,empty
CountyName,848,chilton,%??chilton
CountyName,855,marion,empty
CountyName,858,marion,empty
CountyName,859,marion,ma@@@@rion
CountyName,863,marion,m??arion
CountyName,866,marion,mario??n
CountyName,867,marion,ma%r@@ion
CountyName,868,marion,mari#o@@n
CountyName,873,marion,empty
CountyName,874,marion,mar@@ion
CountyName,876,marion,empty
CountyName,884,fayette,f@@aye$tte
CountyName,887,fayette,fayett%e??
CountyName,890,fayette,empty
CountyName,897,fayette,faye@@tte
CountyName,899,fayette,fa%y%ette
CountyName,900,fayette,empty
CountyName,905,etowah,empty
CountyName,906,etowah,e@@to#wah
CountyName,912,etowah,et$owah
CountyName,920,etowah,@@etowah
CountyName,940,butler,butle##r
CountyName,945,butler,#but$ler
CountyName,949,butler,empty
CountyName,953,butler,b@@utler
CountyName,960,coffee,empty
CountyName,962,coffee,co%ffee@@
CountyName,963,coffee,co@??@ffee
CountyName,973,coffee,@@coffee
CountyName,981,blount,empty
CountyName,982,blount,empty
CountyName,984,blount,empty
CountyName,986,blount,bloun??t
CountyName,987,blount,??blount
CountyName,990,blount,blou$nt
CountyName,993,blount,bl#o$unt
CountyName,994,blount,blou%nt
CountyName,995,blount,empty
CountyName,999,blount,empty
PhoneNumber,4,2053258100,11758335431.649143
PhoneNumber,5,2053258100,empty
PhoneNumber,7,2053258100,9550872701.648838
PhoneNumber,12,2563864556,8105999119.2687235
PhoneNumber,15,2563864556,12532355344.890656
PhoneNumber,17,2563864556,empty
PhoneNumber,21,3347938701,15345394300.528288
PhoneNumber,27,3347938701,empty
PhoneNumber,33,3347938701,17688614541.521297
PhoneNumber,38,3347938701,14746695447.731497
PhoneNumber,39,3347938701,empty
PhoneNumber,47,2565938310,10614158730.323986
PhoneNumber,54,2565938310,empty
PhoneNumber,55,2565938310,8645726762.432434
PhoneNumber,56,2565938310,9920579407.04099
PhoneNumber,60,2565938310,empty
PhoneNumber,63,2565938310,8359486572.880608
PhoneNumber,65,2565938310,empty
PhoneNumber,70,2567688400,empty
PhoneNumber,74,2567688400,empty
PhoneNumber,75,2567688400,empty
PhoneNumber,83,2567688400,empty
PhoneNumber,86,2567688400,10364374071.390728
PhoneNumber,88,2567688400,empty
PhoneNumber,89,2567688400,12559313724.456991
PhoneNumber,91,2567688400,14731534705.339052
PhoneNumber,93,2567688400,10312807574.038347
PhoneNumber,94,2567688400,empty
PhoneNumber,105,3344933541,16634316487.622255
PhoneNumber,106,3344933541,10305618547.237017
PhoneNumber,108,3344933541,19267484946.376217
PhoneNumber,110,3344933541,12862425875.777946
PhoneNumber,111,3344933541,12209856007.076324
PhoneNumber,117,3344933541,16484325244.471922
PhoneNumber,120,3343353374,empty
PhoneNumber,132,3343353374,empty
PhoneNumber,134,3343353374,empty
PhoneNumber,139,3343353374,17534250775.506588
PhoneNumber,143,3343353374,11717944151.50174
PhoneNumber,149,2567736511,empty
PhoneNumber,152,2567736511,15058250566.78987
PhoneNumber,153,2567736511,empty
PhoneNumber,159,2567736511,9138476042.473274
PhoneNumber,165,2567736511,empty
PhoneNumber,166,2567736511,9909835761.604544
PhoneNumber,180,2565718000,11753430671.33966
PhoneNumber,183,2565718000,empty
PhoneNumber,186,2565718000,11324145035.766806
PhoneNumber,192,2565718000,13654603629.800806
PhoneNumber,198,2058383122,empty
PhoneNumber,199,2058383122,11868912348.337715
PhoneNumber,201,2058383122,empty
PhoneNumber,205,2058383122,10596539387.359142
PhoneNumber,206,2058383122,7258066747.670571
PhoneNumber,209,2058383122,empty
PhoneNumber,216,2058383122,6659795957.097593
PhoneNumber,220,2568453150,15150072134.316202
PhoneNumber,221,2568453150,13047923115.161156
PhoneNumber,224,2568453150,empty
PhoneNumber,228,2568453150,15003862568.417547
PhoneNumber,231,2568453150,empty
PhoneNumber,234,2568453150,empty
PhoneNumber,239,2568453150,empty
PhoneNumber,241,2568453150,empty
PhoneNumber,249,3346366221,empty
PhoneNumber,253,3346366221,14034256900.022566
PhoneNumber,254,3346366221,empty
PhoneNumber,257,3346366221,14048329042.278334
PhoneNumber,258,3346366221,10582981679.504965
PhoneNumber,259,3346366221,10348578192.985826
PhoneNumber,261,3346366221,empty
PhoneNumber,271,2056208100,11739490214.481413
PhoneNumber,273,2056208100,empty
PhoneNumber,281,2056208100,empty
PhoneNumber,282,2056208100,empty
PhoneNumber,283,2056208100,9783166232.727722
PhoneNumber,284,2056208100,10179226746.62309
PhoneNumber,292,2056208100,8830313614.117918
PhoneNumber,294,2056208100,empty
PhoneNumber,295,2053258100,empty
PhoneNumber,297,2053258100,empty
PhoneNumber,299,2053258100,8999378174.254885
PhoneNumber,309,2053258100,8556739619.968987
PhoneNumber,312,2562358900,15018385486.595133
PhoneNumber,314,2562358900,9851429494.62802
PhoneNumber,315,2562358900,9244810605.289177
PhoneNumber,316,2562358900,empty
PhoneNumber,321,2562358900,empty
PhoneNumber,322,2562358900,12881621883.653109
PhoneNumber,324,2562358900,empty
PhoneNumber,326,2562358900,empty
PhoneNumber,329,2562358900,9548546324.142284
PhoneNumber,334,3347935000,empty
PhoneNumber,339,3347935000,empty
PhoneNumber,343,3347935000,17684337176.61453
PhoneNumber,346,3347935000,18740498942.44116
PhoneNumber,357,2054877736,10703647241.051449
PhoneNumber,360,2054877736,empty
PhoneNumber,374,2054877736,9257036149.278334
PhoneNumber,375,2054877736,10652000235.476492
PhoneNumber,379,2054877736,6300394414.066801
PhoneNumber,382,2514717110,11448268904.462955
PhoneNumber,388,2514717110,10661139974.275492
PhoneNumber,392,2514717110,11578347510.821512
PhoneNumber,393,3343614267,empty
PhoneNumber,399,3343614267,empty
PhoneNumber,403,3343614267,17478844199.883606
PhoneNumber,405,3343614267,13390584632.784344
PhoneNumber,409,3343614267,18470827103.29502
PhoneNumber,410,3343614267,19763493375.85996
PhoneNumber,411,3343614267,18229151220.058018
PhoneNumber,412,3343614267,empty
PhoneNumber,415,2562495000,empty
PhoneNumber,418,2562495000,empty
PhoneNumber,421,2562495000,14629387140.176563
PhoneNumber,422,2562495000,empty
PhoneNumber,427,2562495000,13691973385.338709
PhoneNumber,428,2562495000,10328776173.511765
PhoneNumber,440,9072761131,43013732292.47191
PhoneNumber,441,9072761131,empty
PhoneNumber,445,9072761131,50166436355.92781
PhoneNumber,448,9072761131,empty
PhoneNumber,451,9075436300,33179261079.77047
PhoneNumber,456,2563864556,13651587660.83224
PhoneNumber,457,2563864556,empty
PhoneNumber,461,2563864556,empty
PhoneNumber,462,2563864556,empty
PhoneNumber,470,3347742601,16995815565.116323
PhoneNumber,472,3347742601,empty
PhoneNumber,476,3347742601,10265549105.330622
PhoneNumber,484,3347742601,12813883353.01914
PhoneNumber,490,3347742601,empty
PhoneNumber,491,3347742601,empty
PhoneNumber,495,2569275531,9549780046.671623
PhoneNumber,497,2569275531,13625175584.76396
PhoneNumber,499,2569275531,10772522760.194084
PhoneNumber,502,2569275531,10381826186.609615
PhoneNumber,505,2569275531,13258525131.825556
PhoneNumber,506,2569275531,9874539413.522673
PhoneNumber,510,2569275531,13354686596.239552
PhoneNumber,513,2569275531,9142243648.060804
PhoneNumber,516,2569275531,empty
PhoneNumber,518,3342882100,10795979477.106136
PhoneNumber,519,3342882100,empty
PhoneNumber,526,3342882100,16534126573.695225
PhoneNumber,527,3342882100,empty
PhoneNumber,529,3342882100,empty
PhoneNumber,531,3342882100,17669485053.047287
PhoneNumber,536,3342882100,17827406509.597862
PhoneNumber,539,3342882100,empty
PhoneNumber,540,3342882100,17005737804.935291
PhoneNumber,552,3342938000,empty
PhoneNumber,554,3342938000,16935015659.272877
PhoneNumber,559,3342938000,empty
PhoneNumber,563,3342938000,10966460286.565737
PhoneNumber,566,3342938000,16448035113.923887
PhoneNumber,569,3347561400,empty
PhoneNumber,570,3347561400,empty
PhoneNumber,577,3347561400,17257718002.964348
PhoneNumber,582,3347561400,10416519914.249311
PhoneNumber,595,3348972257,13825107107.877066
PhoneNumber,606,3348972257,16508303852.81553
PhoneNumber,608,3348972257,empty
PhoneNumber,609,3348972257,empty
PhoneNumber,619,3347493411,empty
PhoneNumber,622,3347493411,empty
PhoneNumber,623,3347493411,19161925051.73068
PhoneNumber,624,3347493411,15511813473.297808
PhoneNumber,625,3347493411,17253197378.121704
PhoneNumber,633,3347493411,empty
PhoneNumber,645,2563572111,empty
PhoneNumber,646,2563572111,empty
PhoneNumber,650,2563572111,12586048334.070072
PhoneNumber,651,2563572111,9958955209.170725
PhoneNumber,661,2563572111,9766498476.55882
PhoneNumber,671,2059344011,9178830458.797709
PhoneNumber,674,2059344011,9109077646.64546
PhoneNumber,677,2059344011,7567434074.206102
PhoneNumber,681,2059344011,empty
PhoneNumber,686,2059344011,12023929660.230038
PhoneNumber,692,3342836541,empty
PhoneNumber,695,3342836541,19003567414.952335
PhoneNumber,698,3342836541,15152183651.661222
PhoneNumber,699,3342836541,17566979279.778175
PhoneNumber,700,3342836541,10433392018.541971
PhoneNumber,702,3342836541,17532093153.52986
PhoneNumber,703,3342836541,18175591951.373444
PhoneNumber,707,3342836541,empty
PhoneNumber,716,3342836541,11795781303.68492
PhoneNumber,718,2567372000,empty
PhoneNumber,728,2567372000,empty
PhoneNumber,740,2567372000,12869092030.275743
PhoneNumber,747,3342228466,empty
PhoneNumber,748,3342228466,empty
PhoneNumber,749,3342228466,10300393034.932625
PhoneNumber,754,3342228466,empty
PhoneNumber,761,3342228466,empty
PhoneNumber,766,3342228466,empty
PhoneNumber,767,2562358900,11441513910.25582
PhoneNumber,772,2562358900,empty
PhoneNumber,777,2562651000,10355555259.947756
PhoneNumber,782,2562651000,empty
PhoneNumber,784,2562651000,empty
PhoneNumber,787,2562651000,empty
PhoneNumber,789,2562651000,empty
PhoneNumber,791,2562651000,empty
PhoneNumber,795,2562651000,15238937095.364662
PhoneNumber,796,2562651000,empty
PhoneNumber,798,2562651000,empty
PhoneNumber,799,2562651000,11020473597.366108
PhoneNumber,801,2562651000,10588447190.211142
PhoneNumber,803,2564944000,14369952894.64034
PhoneNumber,808,2564944000,empty
PhoneNumber,809,2564944000,12822658097.050768
PhoneNumber,814,2564944000,11800406820.643587
PhoneNumber,815,2564944000,8349020292.74142
PhoneNumber,816,2564944000,12200040768.142937
PhoneNumber,819,2564944000,12473637554.75426
PhoneNumber,821,2564944000,15141772049.27118
PhoneNumber,826,2564944000,10267084932.209791
PhoneNumber,831,2057552500,6669376205.22287
PhoneNumber,833,2057552500,empty
PhoneNumber,834,2057552500,8113451393.402838
PhoneNumber,843,2057552500,empty
PhoneNumber,847,2057552500,11419664401.361042
PhoneNumber,850,2057552500,7119590895.441777
PhoneNumber,854,2059216200,empty
PhoneNumber,857,2059216200,8340273896.566772
PhoneNumber,861,2059216200,8848025728.006435
PhoneNumber,863,2059216200,11614486842.094378
PhoneNumber,871,2059216200,8395863167.958061
PhoneNumber,881,2059325966,empty
PhoneNumber,885,2059325966,10706945308.11922
PhoneNumber,887,2059325966,11230500114.359694
PhoneNumber,889,2059325966,empty
PhoneNumber,890,2059325966,empty
PhoneNumber,891,2059325966,empty
PhoneNumber,898,2059325966,7082408801.590827
PhoneNumber,902,2059325966,empty
PhoneNumber,905,2565435200,empty
PhoneNumber,911,2565435200,empty
PhoneNumber,916,2565435200,14628933955.468857
PhoneNumber,920,2565435200,11042416608.637333
PhoneNumber,928,2565435200,empty
PhoneNumber,930,2565435200,9630456053.456465
PhoneNumber,935,3343762205,empty
PhoneNumber,937,3343762205,13317499439.110302
PhoneNumber,938,3343762205,10437713733.276367
PhoneNumber,942,3343762205,empty
PhoneNumber,944,3343762205,empty
PhoneNumber,947,3343762205,17430898068.87481
PhoneNumber,948,3343762205,18058530434.737934
PhoneNumber,950,3343762205,10284249732.52329
PhoneNumber,953,3343762205,19295110908.523415
PhoneNumber,955,3343762205,empty
PhoneNumber,961,3343470584,13234615098.734997
PhoneNumber,962,3343470584,15988797164.421
PhoneNumber,965,3343470584,15552577178.501177
PhoneNumber,968,3343470584,17466651024.9046
PhoneNumber,972,3343470584,empty
PhoneNumber,981,2052743000,6339243268.132057
PhoneNumber,983,2052743000,empty
PhoneNumber,984,2052743000,empty
PhoneNumber,991,2052743000,empty
PhoneNumber,996,2052743000,empty
HospitalType,11,acute care hospitals,a%cute care hospitals
HospitalType,15,acute care hospitals,empty
HospitalType,19,acute care hospitals,empty
HospitalType,25,acute care hospitals,acute #care hosp%itals
HospitalType,27,acute care hospitals,empty
HospitalType,40,acute care hospitals,@@acute $care hospitals
HospitalType,45,acute care hospitals,acute care ho@@spitals
HospitalType,55,acute care hospitals,empty
HospitalType,59,acute care hospitals,acu@@te @@care hospitals
HospitalType,65,acute care hospitals,acute care hosp%itals
HospitalType,68,acute care hospitals,acute care hospi@%@tals
HospitalType,70,acute care hospitals,empty
HospitalType,73,acute care hospitals,acute care h??osp#itals
HospitalType,74,acute care hospitals,$acute care hospitals
HospitalType,76,acute care hospitals,@@acut$e care hospitals
HospitalType,77,acute care hospitals,empty
HospitalType,78,acute care hospitals,acute care hospita#ls
HospitalType,79,acute care hospitals,empty
HospitalType,85,acute care hospitals,empty
HospitalType,92,acute care hospitals,acute care# hospital#s
HospitalType,93,acute care hospitals,empty
HospitalType,99,acute care hospitals,acute care hos#pita??ls
HospitalType,104,acute care hospitals,empty
HospitalType,105,acute care hospitals,empty
HospitalType,106,acute care hospitals,empty
HospitalType,112,acute care hospitals,empty
HospitalType,113,acute care hospitals,acute ??care$ hospitals
HospitalType,114,acute care hospitals,empty
HospitalType,118,acute care hospitals,empty
HospitalType,124,acute care hospitals,empty
HospitalType,128,acute care hospitals,acut#e car#e hospitals
HospitalType,130,acute care hospitals,%acute care hospitals
HospitalType,131,acute care hospitals,empty
HospitalType,133,acute care hospitals,acut@@e care hospitals
HospitalType,137,acute care hospitals,a$cute c@@are hospitals
HospitalType,138,acute care hospitals,empty
HospitalType,142,acute care hospitals,acute care ho%$spitals
HospitalType,147,acute care hospitals,acu%te care ho$spitals
HospitalType,152,acute care hospitals,ac%ute care hospitals
HospitalType,160,acute care hospitals,acute care hospita@@$ls
HospitalType,172,acute care hospitals,acute ca??re hospita$ls
HospitalType,185,acute care hospitals,empty
HospitalType,186,acute care hospitals,acu??te care hospita#ls
HospitalType,191,acute care hospitals,acu#te care hospi@@tals
HospitalType,198,acute care hospitals,empty
HospitalType,204,acute care hospitals,acute care?? hospitals
HospitalType,206,acute care hospitals,empty
HospitalType,215,acute care hospitals,acut%e care hospital$s
HospitalType,217,acute care hospitals,acute care ho@@spitals
HospitalType,220,acute care hospitals,@@acute c$are hospitals
HospitalType,221,acute care hospitals,empty
HospitalType,223,acute care hospitals,@@@@acute care hospitals
HospitalType,227,acute care hospitals,empty
HospitalType,230,acute care hospitals,acute ca@@re hospi#tals
HospitalType,237,acute care hospitals,empty
HospitalType,240,acute care hospitals,empty
HospitalType,243,acute care hospitals,empty
HospitalType,248,acute care hospitals,a#cu@@te care hospitals
HospitalType,249,acute care hospitals,acute care hospital@@s$
HospitalType,250,acute care hospitals,acute c$are ??hospitals
HospitalType,254,acute care hospitals,empty
HospitalType,256,acute care hospitals,acute care h$ospitals
HospitalType,265,acute care hospitals,acute car%e hospitals
HospitalType,266,acute care hospitals,acute care hosp%itals
HospitalType,268,acute care hospitals,acute car$e hospit@@als
HospitalType,271,acute care hospitals,empty
HospitalType,273,acute care hospitals,acu%te care hospitals
HospitalType,276,acute care hospitals,empty
HospitalType,289,acute care hospitals,ac??ute care h@@ospitals
HospitalType,291,acute care hospitals,acute c#are hospitals
HospitalType,292,acute care hospitals,acute% care$ hospitals
HospitalType,295,acute care hospitals,acute care?? hospitals
HospitalType,296,acute care hospitals,acut@@e care hospitals
HospitalType,297,acute care hospitals,empty
HospitalType,303,acute care hospitals,ac??ute care hospitals
HospitalType,308,acute care hospitals,acute care?? hospitals
HospitalType,310,acute care hospitals,empty
HospitalType,311,acute care hospitals,#acute care hospitals
HospitalType,312,acute care hospitals,empty
HospitalType,316,acute care hospitals,empty
HospitalType,320,acute care hospitals,empty
HospitalType,328,acute care hospitals,acute care hospi$tals
HospitalType,331,acute care hospitals,empty
HospitalType,335,acute care hospitals,a#cute# care hospitals
HospitalType,342,acute care hospitals,#acute# care hospitals
HospitalType,345,acute care hospitals,empty
HospitalType,348,acute care hospitals,a#cute care hospitals
HospitalType,351,acute care hospitals,a%cute care@@ hospitals
HospitalType,352,acute care hospitals,empty
HospitalType,361,acute care hospitals,a$cute care hospitals
HospitalType,372,acute care hospitals,empty
HospitalType,375,acute care hospitals,acute care hosp#i$tals
HospitalType,377,acute care hospitals,acute@@# care hospitals
HospitalType,381,acute care hospitals,acute ca@@re ho@@spitals
HospitalType,385,acute care hospitals,empty
HospitalType,392,acute care hospitals,empty
HospitalType,394,acute care hospitals,acute care @@hospitals
HospitalType,395,acute care hospitals,acute@@ care hospitals
HospitalType,399,acute care hospitals,empty
HospitalType,406,acute care hospitals,acute care hospita@@l@@s
HospitalType,409,acute care hospitals,%acute care hospitals
HospitalType,412,acute care hospitals,empty
HospitalType,424,acute care hospitals,acute care h$ospitals
HospitalType,429,acute care hospitals,empty
HospitalType,430,acute care hospitals,acute care ##hospitals
HospitalType,438,acute care hospitals,empty
HospitalType,439,acute care hospitals,acute care ho??spitals
HospitalType,441,acute care hospitals,empty
HospitalType,444,acute care hospitals,@@acute care hospitals
HospitalType,445,acute care hospitals,empty
HospitalType,446,acute care hospitals,acute car@@e hospit%als
HospitalType,450,acute care hospitals,acute care hos$pital??s
HospitalType,451,acute care hospitals,acute care ho$s??pitals
HospitalType,452,acute care hospitals,acute care hosp#itals
HospitalType,457,acute care hospitals,empty
HospitalType,461,acute care hospitals,acute ??care hospitals
HospitalType,463,acute care hospitals,acute %care hospital@@s
HospitalType,465,acute care hospitals,acute care hospitals#
HospitalType,473,acute care hospitals,acute care ho??spi%tals
HospitalType,474,acute care hospitals,acute care h#ospitals
HospitalType,475,acute care hospitals,empty
HospitalType,478,acute care hospitals,acute care hospi$ta@@ls
HospitalType,483,acute care hospitals,ac$ute care h%ospitals
HospitalType,484,acute care hospitals,empty
HospitalType,488,acute care hospitals,#ac$ute care hospitals
HospitalType,491,acute care hospitals,empty
HospitalType,493,acute care hospitals,acute care h#o#spitals
HospitalType,495,acute care hospitals,empty
HospitalType,497,acute care hospitals,acute care ho#spitals@@
HospitalType,498,acute care hospitals,acute car@@e% hospitals
HospitalType,503,acute care hospitals,acut%e care hospitals
HospitalType,504,acute care hospitals,a#cute care hospitals
HospitalType,505,acute care hospitals,acute care hos$pitals
HospitalType,511,acute care hospitals,??acute care@@ hospitals
HospitalType,512,acute care hospitals,empty
HospitalType,515,acute care hospitals,empty
HospitalType,516,acute care hospitals,acute care# hospitals
HospitalType,520,acute care hospitals,empty
HospitalType,529,acute care hospitals,acut@@??e care hospitals
HospitalType,533,acute care hospitals,empty
HospitalType,534,acute care hospitals,empty
HospitalType,537,acute care hospitals,acut%e ca%re hospitals
HospitalType,540,acute care hospitals,acute ??care% hospitals
HospitalType,541,acute care hospitals,acute care# hospitals
HospitalType,552,acute care hospitals,acute $care hospitals
HospitalType,556,acute care hospitals,empty
HospitalType,557,acute care hospitals,acute care hosp@@itals
HospitalType,563,acute care hospitals,empty
HospitalType,566,acute care hospitals,empty
HospitalType,574,acute care hospitals,empty
HospitalType,578,acute care hospitals,acute care hos@@pitals
HospitalType,581,acute care hospitals,empty
HospitalType,584,acute care hospitals,empty
HospitalType,588,acute care hospitals,empty
HospitalType,592,acute care hospitals,empty
HospitalType,595,acute care hospitals,acute c@@are hospitals
HospitalType,619,acute care hospitals,ac#$ute care hospitals
HospitalType,624,acute care hospitals,acut%e care hospitals%
HospitalType,628,acute care hospitals,acute care hosp$itals
HospitalType,630,acute care hospitals,acute care #hospitals
HospitalType,635,acute care hospitals,acute care hos??pitals
HospitalType,637,acute care hospitals,acute %care #hospitals
HospitalType,639,acute care hospitals,a#cute c#are hospitals
HospitalType,641,acute care hospitals,acute ca$re hospi??tals
HospitalType,643,acute care hospitals,a#cute care hospitals
HospitalType,644,acute care hospitals,acute care hosp??itals
HospitalType,667,acute care hospitals,%acute care @@hospitals
HospitalType,669,acute care hospitals,empty
HospitalType,670,acute care hospitals,empty
HospitalType,672,acute care hospitals,empty
HospitalType,674,acute care hospitals,empty
HospitalType,675,acute care hospitals,acute car$e hospitals
HospitalType,685,acute care hospitals,acute care hos#pitals
HospitalType,689,acute care hospitals,acute care $hospitals%
HospitalType,691,acute care hospitals,acute care hospita#ls
HospitalType,695,acute care hospitals,ac$ute care hospitals
HospitalType,696,acute care hospitals,acu@@te @@care hospitals
HospitalType,707,acute care hospitals,acut%e care hospital%s
HospitalType,712,acute care hospitals,acute c%are# hospitals
HospitalType,714,acute care hospitals,empty
HospitalType,721,acute care hospitals,acute care h@@ospita#ls
HospitalType,722,acute care hospitals,empty
HospitalType,726,acute care hospitals,empty
HospitalType,734,acute care hospitals,empty
HospitalType,741,acute care hospitals,a$cute care hospitals
HospitalType,745,acute care hospitals,acute care #hosp??itals
HospitalType,746,acute care hospitals,a%cut#e care hospitals
HospitalType,749,acute care hospitals,empty
HospitalType,750,acute care hospitals,empty
HospitalType,754,acute care hospitals,acute care hos@@pitals
HospitalType,755,acute care hospitals,%acute care hospitals
HospitalType,760,acute care hospitals,empty
HospitalType,762,acute care hospitals,acute car%e hospitals
HospitalType,765,acute care hospitals,empty
HospitalType,771,acute care hospitals,empty
HospitalType,772,acute care hospitals,a#cute care hospitals
HospitalType,774,acute care hospitals,empty
HospitalType,776,acute care hospitals,acute care hosp??itals
HospitalType,779,acute care hospitals,empty
HospitalType,781,acute care hospitals,acute @@care% hospitals
HospitalType,783,acute care hospitals,empty
HospitalType,786,acute care hospitals,acute ca%re hospitals
HospitalType,793,acute care hospitals,empty
HospitalType,794,acute care hospitals,acute car??e hospitals
HospitalType,797,acute care hospitals,empty
HospitalType,798,acute care hospitals,acute care ??hospitals
HospitalType,799,acute care hospitals,empty
HospitalType,803,acute care hospitals,empty
HospitalType,808,acute care hospitals,ac@@ute care hospitals
HospitalType,809,acute care hospitals,acute $care h@@ospitals
HospitalType,811,acute care hospitals,empty
HospitalType,816,acute care hospitals,empty
HospitalType,821,acute care hospitals,acute care hosp$itals
HospitalType,823,acute care hospitals,empty
HospitalType,824,acute care hospitals,acute care hos$pi@@tals
HospitalType,825,acute care hospitals,empty
HospitalType,829,acute care hospitals,a@@cute ca#re hospitals
HospitalType,832,acute care hospitals,empty
HospitalType,834,acute care hospitals,acute care hosp$itals
HospitalType,837,acute care hospitals,empty
HospitalType,838,acute care hospitals,acute car%e hospitals
HospitalType,841,acute care hospitals,acute care# hospitals
HospitalType,843,acute care hospitals,empty
HospitalType,850,acute care hospitals,acute care$ hospitals
HospitalType,854,acute care hospitals,empty
HospitalType,857,acute care hospitals,empty
HospitalType,859,acute care hospitals,empty
HospitalType,863,acute care hospitals,acute care h?$?ospitals
HospitalType,869,acute care hospitals,acute c%are hospitals
HospitalType,871,acute care hospitals,empty
HospitalType,873,acute care hospitals,acute care ho??spitals#
HospitalType,879,acute care hospitals,empty
HospitalType,885,acute care hospitals,acute ca@@re hospit$als
HospitalType,902,acute care hospitals,empty
HospitalType,905,acute care hospitals,empty
HospitalType,916,acute care hospitals,acut@@e care hospitals
HospitalType,922,acute care hospitals,acute car%e hospitals
HospitalType,923,acute care hospitals,acute% care hospita%ls
HospitalType,926,acute care hospitals,empty
HospitalType,928,acute care hospitals,acute care ##hospitals
HospitalType,935,acute care hospitals,acute care ho#spitals
HospitalType,937,acute care hospitals,empty
HospitalType,941,acute care hospitals,empty
HospitalType,949,acute care hospitals,acute care hospital##s
HospitalType,952,acute care hospitals,acute?? care hospi%tals
HospitalType,954,acute care hospitals,acut#e ca%re hospitals
HospitalType,958,acute care hospitals,empty
HospitalType,963,acute care hospitals,empty
HospitalType,968,acute care hospitals,acute care h??ospitals
HospitalType,971,acute care hospitals,acute c@@are hospit%als
HospitalType,974,acute care hospitals,empty
HospitalType,977,acute care hospitals,empty
HospitalType,978,acute care hospitals,acute care @@hospitals
HospitalType,979,acute care hospitals,empty
HospitalType,995,acute care hospitals,acute c??are hospitals
HospitalOwner,2,voluntary non-profit - private,v$oluntary non-profit - private
HospitalOwner,5,voluntary non-profit - private,voluntary no@@n-profit $- private
HospitalOwner,8,voluntary non-profit - private,@@voluntary non-profit - private
HospitalOwner,10,government - hospital district or authority,government - hosp#ital district or authority
HospitalOwner,11,government - hospital district or authority,empty
HospitalOwner,12,government - hospital district or authority,government - hosp%it$al district or authority
HospitalOwner,14,government - hospital district or authority,government - hospital dis#trict or a#uthority
HospitalOwner,19,government - hospital district or authority,government - hos??pital district or authority
HospitalOwner,24,government - hospital district or authority,empty
HospitalOwner,28,government - hospital district or authority,go#vernment - hospital district or authority
HospitalOwner,30,government - hospital district or authority,govern$ment - hospital district or au??thority
HospitalOwner,33,government - hospital district or authority,%government - hospital district or authority
HospitalOwner,40,government - hospital district or authority,government - hospi#tal dis@@trict or authority
HospitalOwner,46,government - hospital district or authority,government - hospital district or a@@@@uthority
HospitalOwner,50,government - hospital district or authority,government - hospita$l district or authority
HospitalOwner,59,government - hospital district or authority,government - hospital@@ district or authority
HospitalOwner,62,government - hospital district or authority,governme$nt - hospital district or authority
HospitalOwner,65,government - hospital district or authority,government - hospital distric@@t or authority
HospitalOwner,73,voluntary non-profit - other,voluntary non-p??r#ofit - other
HospitalOwner,79,voluntary non-profit - other,voluntary non-profit %- $other
HospitalOwner,82,voluntary non-profit - other,empty
HospitalOwner,85,voluntary non-profit - other,voluntary %non-profit - other
HospitalOwner,89,voluntary non-profit - other,voluntary no??n-profit - other
HospitalOwner,90,voluntary non-profit - other,empty
HospitalOwner,91,voluntary non-profit - other,empty
HospitalOwner,94,voluntary non-profit - other,voluntary no@@n-profit - other
HospitalOwner,98,voluntary non-profit - private,voluntar??y non-profit# - private
HospitalOwner,101,voluntary non-profit - private,empty
HospitalOwner,104,voluntary non-profit - private,empty
HospitalOwner,108,voluntary non-profit - private,voluntary non-profit - priva$te
HospitalOwner,114,voluntary non-profit - private,empty
HospitalOwner,115,voluntary non-profit - private,empty
HospitalOwner,117,voluntary non-profit - private,empty
HospitalOwner,119,voluntary non-profit - private,empty
HospitalOwner,130,government - federal,governm%ent - federal
HospitalOwner,134,government - federal,empty
HospitalOwner,135,government - federal,gove$rnment - federal
HospitalOwner,136,government - federal,empty
HospitalOwner,141,government - federal,empty
HospitalOwner,143,government - federal,empty
HospitalOwner,145,proprietary,empty
HospitalOwner,147,proprietary,empty
HospitalOwner,149,proprietary,pr#oprieta@@ry
HospitalOwner,154,proprietary,propr%ietary
HospitalOwner,157,proprietary,empty
HospitalOwner,159,proprietary,empty
HospitalOwner,160,proprietary,proprietar$y
HospitalOwner,164,proprietary,empty
HospitalOwner,165,proprietary,propri%etary
HospitalOwner,168,proprietary,propriet@@ary
HospitalOwner,170,government - hospital district or authority,empty
HospitalOwner,173,government - hospital district or authority,government - hospital #district or authority
HospitalOwner,174,government - hospital district or authority,empty
HospitalOwner,176,government - hospital district or authority,government @@- hospital district or authority
HospitalOwner,184,government - hospital district or authority,government - hospital district or a$uthority
HospitalOwner,186,government - hospital district or authority,empty
HospitalOwner,187,government - hospital district or authority,government - hospital distri$ct or authority
HospitalOwner,191,government - hospital district or authority,government - hospi%tal district or authority
HospitalOwner,192,government - hospital district or authority,government - ho%spital distric@@t or authority
HospitalOwner,197,voluntary non-profit - private,empty
HospitalOwner,203,voluntary non-profit - private,voluntary non-pro$fit - ??private
HospitalOwner,205,voluntary non-profit - private,volun#tary non-profit - private
HospitalOwner,208,voluntary non-profit - private,v??oluntary non-profit - %private
HospitalOwner,209,voluntary non-profit - private,voluntary non-p$rofit - priv$ate
HospitalOwner,217,voluntary non-profit - private,empty
HospitalOwner,236,voluntary non-profit - church,volunt%ary non-profit - church
HospitalOwner,239,voluntary non-profit - church,voluntary no%n-profit $- church
HospitalOwner,240,voluntary non-profit - church,vo@@lunta@@ry non-profit - church
HospitalOwner,244,voluntary non-profit - church,empty
HospitalOwner,250,government - federal,govern@@ment -% federal
HospitalOwner,251,government - federal,empty
HospitalOwner,256,government - federal,g%over%nment - federal
HospitalOwner,271,voluntary non-profit - church,empty
HospitalOwner,277,voluntary non-profit - church,voluntary% non-??profit - church
HospitalOwner,280,voluntary non-profit - church,voluntary #n@@on-profit - church
HospitalOwner,283,voluntary non-profit - church,voluntary no??n-profit - church
HospitalOwner,287,voluntary non-profit - church,volun??tary non-profit - church$
HospitalOwner,288,voluntary non-profit - church,empty
HospitalOwner,289,voluntary non-profit - church,empty
HospitalOwner,296,voluntary non-profit - private,voluntary non-pr@@ofit - private
HospitalOwner,297,voluntary non-profit - private,empty
HospitalOwner,300,voluntary non-profit - private,volunt%ary non-profit - private
HospitalOwner,303,voluntary non-profit - private,empty
HospitalOwner,311,voluntary non-profit - private,empty
HospitalOwner,315,proprietary,proprie@@tary
HospitalOwner,319,proprietary,proprieta%ry
HospitalOwner,326,proprietary,empty
HospitalOwner,332,proprietary,empty
HospitalOwner,333,proprietary,proprietar@@y
HospitalOwner,346,proprietary,empty
HospitalOwner,348,proprietary,pro??prietary
HospitalOwner,349,voluntary non-profit - other,voluntar#y non-profit - other
HospitalOwner,350,voluntary non-profit - other,empty
HospitalOwner,351,voluntary non-profit - other,voluntary %non-profit - other
HospitalOwner,359,proprietary,proprietary??
HospitalOwner,362,proprietary,empty
HospitalOwner,363,proprietary,empty
HospitalOwner,364,proprietary,proprieta%ry
HospitalOwner,371,proprietary,empty
HospitalOwner,372,proprietary,propr??ietary
HospitalOwner,373,proprietary,proprieta??%ry
HospitalOwner,375,proprietary,$p@@roprietary
HospitalOwner,389,government - state,empty
HospitalOwner,399,voluntary non-profit - private,voluntar$y non-profit - private
HospitalOwner,404,voluntary non-profit - private,empty
HospitalOwner,405,voluntary non-profit - private,empty
HospitalOwner,415,voluntary non-profit - other,voluntary non-prof$it - other
HospitalOwner,416,voluntary non-profit - other,empty
HospitalOwner,418,voluntary non-profit - other,voluntary non-prof$it - other
HospitalOwner,424,voluntary non-profit - other,volun??#tary non-profit - other
HospitalOwner,429,voluntary non-profit - other,empty
HospitalOwner,439,proprietary,empty
HospitalOwner,440,proprietary,$proprietary
HospitalOwner,449,proprietary,propr#ietary
HospitalOwner,453,government - hospital district or authority,government - hospital district or autho#rity
HospitalOwner,456,government - hospital district or authority,government - hospi%tal dist@@rict or authority
HospitalOwner,459,government - hospital district or authority,government - hospita??l district or %authority
HospitalOwner,464,government - hospital district or authority,government - hospi??tal district or authority
HospitalOwner,473,government - hospital district or authority,empty
HospitalOwner,476,government - hospital district or authority,government - hospital di$strict or authority
HospitalOwner,481,government - hospital district or authority,government - hospital district or# autho#rity
HospitalOwner,485,government - hospital district or authority,government - h$ospital district or authority
HospitalOwner,486,government - hospital district or authority,governm#ent - hospital district or authority
HospitalOwner,497,voluntary non-profit - private,vol??untary non??-profit - private
HospitalOwner,500,voluntary non-profit - private,voluntar??y non-profit - priva??te
HospitalOwner,503,voluntary non-profit - private,voluntary ??non-profit - private
HospitalOwner,505,voluntary non-profit - private,empty
HospitalOwner,506,voluntary non-profit - private,volu@@ntary non-profit - priva@@te
HospitalOwner,507,voluntary non-profit - private,empty
HospitalOwner,510,voluntary non-profit - private,empty
HospitalOwner,515,voluntary non-profit - private,voluntary non-profit @@- private
HospitalOwner,518,voluntary non-profit - church,voluntary non-profit - churc@@h
HospitalOwner,521,voluntary non-profit - church,voluntary n%on-profit - %church
HospitalOwner,522,voluntary non-profit - church,empty
HospitalOwner,525,voluntary non-profit - church,empty
HospitalOwner,527,voluntary non-profit - church,voluntary# $non-profit - church
HospitalOwner,532,voluntary non-profit - church,voluntary non-prof??it - church
HospitalOwner,534,voluntary non-profit - church,voluntary non-profit - %%church
HospitalOwner,541,voluntary non-profit - church,voluntary non-profit -$ church
HospitalOwner,551,voluntary non-profit - private,voluntary non-profit $- private
HospitalOwner,554,voluntary non-profit - private,empty
HospitalOwner,561,voluntary non-profit - private,voluntary non-profit - priva#te
HospitalOwner,565,voluntary non-profit - private,voluntary non-profit - privat#e
HospitalOwner,572,voluntary non-profit - other,empty
HospitalOwner,573,voluntary non-profit - other,voluntary non??-profit - other
HospitalOwner,579,voluntary non-profit - other,empty
HospitalOwner,584,voluntary non-profit - other,empty
HospitalOwner,588,voluntary non-profit - other,voluntary non-pr#ofit - other
HospitalOwner,594,voluntary non-profit - other,voluntary non-profit - othe%r
HospitalOwner,596,voluntary non-profit - other,v@@oluntary non-profit - other
HospitalOwner,597,voluntary non-profit - other,voluntary non-profit -$ other
HospitalOwner,608,voluntary non-profit - other,voluntary non-profit -@@ ot#her
HospitalOwner,609,voluntary non-profit - other,voluntary non-profit - oth$er
HospitalOwner,611,voluntary non-profit - other,empty
HospitalOwner,630,government - hospital district or authority,government #- h??ospital district or authority
HospitalOwner,632,government - hospital district or authority,government - hospital di??strict or authority
HospitalOwner,635,government - hospital district or authority,governmen$t - hospital# district or authority
HospitalOwner,636,government - hospital district or authority,government - ho@@spital district or authority
HospitalOwner,641,government - hospital district or authority,go??vernment - hospital district or authority
HospitalOwner,642,government - local,go$ve$rnment - local
HospitalOwner,648,government - local,government - l@@ocal
HospitalOwner,650,government - local,government - l$ocal
HospitalOwner,657,government - local,empty
HospitalOwner,664,government - local,gove??rnment - local
HospitalOwner,670,government - state,%government - state
HospitalOwner,672,government - state,go#vernment - state
HospitalOwner,679,government - state,gov??ernment - state
HospitalOwner,684,government - state,government - st#ate
HospitalOwner,685,government - state,government - stat$e
HospitalOwner,688,government - state,gov$e@@rnment - state
HospitalOwner,693,voluntary non-profit - private,voluntary non-profit - privat@@e
HospitalOwner,695,voluntary non-profit - private,voluntary non-pro#fit %- private
HospitalOwner,697,voluntary non-profit - private,empty
HospitalOwner,698,voluntary non-profit - private,empty
HospitalOwner,699,voluntary non-profit - private,empty
HospitalOwner,700,voluntary non-profit - private,v??oluntary non-profit - private
HospitalOwner,701,voluntary non-profit - private,voluntary non@@-profit -?? private
HospitalOwner,705,voluntary non-profit - private,volu#ntary non#-profit - private
HospitalOwner,708,voluntary non-profit - private,empty
HospitalOwner,709,voluntary non-profit - private,voluntary non-pro$fit - private
HospitalOwner,710,voluntary non-profit - private,%voluntary ??non-profit - private
HospitalOwner,717,government - hospital district or authority,gove#rnment - hospital distric??t or authority
HospitalOwner,720,government - hospital district or authority,empty
HospitalOwner,721,government - hospital district or authority,government - hospital district or au%thority
HospitalOwner,722,government - hospital district or authority,empty
HospitalOwner,724,government - hospital district or authority,gove$rnment - hospital district or authority
HospitalOwner,728,government - hospital district or authority,government - h$ospital district or autho??rity
HospitalOwner,734,government - hospital district or authority,empty
HospitalOwner,739,government - hospital district or authority,empty
HospitalOwner,741,government - hospital district or authority,government - hospital?? district or authority
HospitalOwner,742,proprietary,p$roprietary
HospitalOwner,743,proprietary,proprietar#y
HospitalOwner,754,proprietary,empty
HospitalOwner,755,proprietary,empty
HospitalOwner,761,proprietary,empty
HospitalOwner,765,proprietary,pr$oprieta$ry
HospitalOwner,768,proprietary,proprietar$y
HospitalOwner,769,proprietary,$propriet$ary
HospitalOwner,774,proprietary,proprietar$y
HospitalOwner,775,government - hospital district or authority,government - hospital %district or authority
HospitalOwner,781,government - hospital district or authority,empty
HospitalOwner,782,government - hospital district or authority,empty
HospitalOwner,787,government - hospital district or authority,government - hospital% district or authority
HospitalOwner,790,government - hospital district or authority,empty
HospitalOwner,794,government - hospital district or authority,governm@@ent - hospital district or authority
HospitalOwner,795,government - hospital district or authority,empty
HospitalOwner,801,government - hospital district or authority,govern@@ment - hospital district or authority
HospitalOwner,804,proprietary,empty
HospitalOwner,817,proprietary,empty
HospitalOwner,825,proprietary,empty
HospitalOwner,827,proprietary,empty
HospitalOwner,829,voluntary non-profit - private,voluntary non-profit -?? private
HospitalOwner,833,voluntary non-profit - private,volunta@@ry non??-profit - private
HospitalOwner,837,voluntary non-profit - private,voluntary non-profit - pri%vate
HospitalOwner,852,voluntary non-profit - private,empty
HospitalOwner,858,voluntary non-profit - private,empty
HospitalOwner,871,voluntary non-profit - private,voluntary non-profit - private@@
HospitalOwner,873,voluntary non-profit - private,empty
HospitalOwner,881,voluntary non-profit - other,empty
HospitalOwner,884,voluntary non-profit - other,empty
HospitalOwner,890,voluntary non-profit - other,empty
HospitalOwner,893,voluntary non-profit - other,empty
HospitalOwner,894,voluntary non-profit - other,empty
HospitalOwner,900,voluntary non-profit - other,empty
HospitalOwner,903,proprietary,empty
HospitalOwner,905,proprietary,empty
HospitalOwner,906,proprietary,propri??etar??y
HospitalOwner,907,proprietary,empty
HospitalOwner,910,proprietary,pro@@prie%tary
HospitalOwner,912,proprietary,empty
HospitalOwner,918,proprietary,empty
HospitalOwner,924,proprietary,empty
HospitalOwner,928,proprietary,empty
HospitalOwner,930,proprietary,prop@@riet%ary
HospitalOwner,949,voluntary non-profit - private,volunt@@ary non-#profit - private
HospitalOwner,953,voluntary non-profit - private,vo$luntary non-profit - priv@@ate
HospitalOwner,958,proprietary,prop??rietary
HospitalOwner,960,proprietary,proprieta%ry
HospitalOwner,961,proprietary,propri%etary
HospitalOwner,966,proprietary,p@@r??oprietary
HospitalOwner,969,proprietary,empty
HospitalOwner,976,proprietary,proprietar?#?y
HospitalOwner,977,proprietary,empty
HospitalOwner,978,proprietary,empty
HospitalOwner,982,voluntary non-profit - private,vol%untary no@@n-profit - private
HospitalOwner,989,voluntary non-profit - private,volu??ntary non-profit - @@private
HospitalOwner,992,voluntary non-profit - private,empty
HospitalOwner,999,voluntary non-profit - private,empty
EmergencyService,4,yes,%yes
EmergencyService,9,yes,empty
EmergencyService,12,yes,#y@@es
EmergencyService,18,yes,y%es
EmergencyService,22,yes,empty
EmergencyService,25,yes,empty
EmergencyService,27,yes,empty
EmergencyService,29,yes,#yes@@
EmergencyService,37,yes,$yes
EmergencyService,42,yes,y@@#es
EmergencyService,43,yes,y??es
EmergencyService,46,yes,y??es??
EmergencyService,47,yes,%yes
EmergencyService,54,yes,yes##
EmergencyService,58,yes,y#es
EmergencyService,60,yes,y@@%es
EmergencyService,64,yes,empty
EmergencyService,66,yes,y$#es
EmergencyService,71,yes,empty
EmergencyService,72,yes,y%es
EmergencyService,76,yes,yes$??
EmergencyService,79,yes,%yes
EmergencyService,80,yes,empty
EmergencyService,84,yes,empty
EmergencyService,90,yes,y%e$s
EmergencyService,94,yes,empty
EmergencyService,101,no,n?%?o
EmergencyService,105,no,n@@o
EmergencyService,106,no,%n@@o
EmergencyService,107,no,empty
EmergencyService,108,no,empty
EmergencyService,112,no,empty
EmergencyService,114,no,empty
EmergencyService,115,no,no##
EmergencyService,117,no,n$o
EmergencyService,131,yes,%yes??
EmergencyService,132,yes,empty
EmergencyService,133,yes,y%$es
EmergencyService,134,yes,yes%#
EmergencyService,135,yes,empty
EmergencyService,137,yes,$yes
EmergencyService,139,yes,$yes
EmergencyService,150,yes,ye%s
EmergencyService,151,yes,??yes
EmergencyService,152,yes,$ye%s
EmergencyService,153,yes,@@yes
EmergencyService,158,yes,empty
EmergencyService,165,yes,empty
EmergencyService,167,yes,y@@??es
EmergencyService,168,yes,@@yes??
EmergencyService,171,yes,@@yes
EmergencyService,174,yes,empty
EmergencyService,181,yes,%??yes
EmergencyService,183,yes,yes#$
EmergencyService,185,yes,y%es
EmergencyService,186,yes,y??%es
EmergencyService,195,yes,yes#
EmergencyService,198,yes,yes#
EmergencyService,199,yes,@@yes%
EmergencyService,209,yes,ye%s??
EmergencyService,215,yes,??yes
EmergencyService,216,yes,empty
EmergencyService,217,yes,#yes
EmergencyService,242,yes,empty
EmergencyService,244,yes,ye$#s
EmergencyService,246,yes,ye@@s??
EmergencyService,247,yes,??ye$s
EmergencyService,248,yes,ye$$s
EmergencyService,249,yes,empty
EmergencyService,251,yes,@@yes
EmergencyService,254,yes,#$yes
EmergencyService,260,yes,y#es%
EmergencyService,262,yes,empty
EmergencyService,272,yes,empty
EmergencyService,276,yes,#y#es
EmergencyService,285,yes,empty
EmergencyService,286,yes,empty
EmergencyService,288,yes,ye??s
EmergencyService,289,yes,y$es
EmergencyService,294,yes,y@@es
EmergencyService,296,yes,y@@e$s
EmergencyService,308,yes,$yes
EmergencyService,310,yes,empty
EmergencyService,312,yes,empty
EmergencyService,314,yes,empty
EmergencyService,317,yes,%yes
EmergencyService,323,yes,yes??
EmergencyService,326,yes,empty
EmergencyService,332,yes,empty
EmergencyService,334,yes,empty
EmergencyService,344,yes,empty
EmergencyService,351,yes,empty
EmergencyService,364,yes,y%es??
EmergencyService,367,yes,y%$es
EmergencyService,368,yes,yes@@$
EmergencyService,370,yes,@@ye#s
EmergencyService,373,yes,y@@es#
EmergencyService,374,yes,empty
EmergencyService,382,yes,y#@@es
EmergencyService,384,yes,ye@@s
EmergencyService,386,yes,empty
EmergencyService,389,yes,y??es
EmergencyService,397,yes,empty
EmergencyService,398,yes,empty
EmergencyService,401,yes,empty
EmergencyService,406,yes,empty
EmergencyService,407,yes,empty
EmergencyService,408,yes,??yes$
EmergencyService,414,yes,empty
EmergencyService,417,no,empty
EmergencyService,419,no,empty
EmergencyService,420,no,empty
EmergencyService,421,no,$no
EmergencyService,423,no,empty
EmergencyService,424,no,no%@@
EmergencyService,428,no,empty
EmergencyService,442,yes,empty
EmergencyService,445,yes,ye%s
EmergencyService,448,yes,empty
EmergencyService,449,yes,empty
EmergencyService,453,yes,empty
EmergencyService,455,yes,empty
EmergencyService,464,yes,ye@@s@@
EmergencyService,467,yes,empty
EmergencyService,468,yes,empty
EmergencyService,471,yes,ye??s
EmergencyService,483,yes,empty
EmergencyService,484,yes,@@ye%s
EmergencyService,485,yes,empty
EmergencyService,491,yes,y$es
EmergencyService,495,yes,empty
EmergencyService,497,yes,yes%
EmergencyService,498,yes,@@yes
EmergencyService,500,yes,y%es
EmergencyService,504,yes,empty
EmergencyService,512,yes,yes@@
EmergencyService,515,yes,$yes%
EmergencyService,523,yes,ye#s
EmergencyService,525,yes,yes%
EmergencyService,529,yes,empty
EmergencyService,530,yes,yes??
EmergencyService,535,yes,yes??
EmergencyService,536,yes,empty
EmergencyService,538,yes,yes????
EmergencyService,545,yes,%ye#s
EmergencyService,556,yes,empty
EmergencyService,557,yes,ye%??s
EmergencyService,559,yes,empty
EmergencyService,560,yes,ye%s
EmergencyService,561,yes,yes@@
EmergencyService,574,yes,y#es
EmergencyService,587,yes,y#es
EmergencyService,592,yes,empty
EmergencyService,599,yes,empty
EmergencyService,600,yes,ye??s%
EmergencyService,603,yes,%y$es
EmergencyService,605,yes,yes%
EmergencyService,613,yes,y@@es
EmergencyService,617,yes,empty
EmergencyService,618,yes,??yes
EmergencyService,620,yes,%ye#s
EmergencyService,621,yes,yes%
EmergencyService,623,yes,empty
EmergencyService,632,yes,empty
EmergencyService,635,yes,ye#s
EmergencyService,636,yes,y%%es
EmergencyService,638,yes,ye$#s
EmergencyService,639,yes,y##es
EmergencyService,648,no,no%??
EmergencyService,649,no,empty
EmergencyService,654,no,empty
EmergencyService,664,no,n$o
EmergencyService,667,yes,empty
EmergencyService,668,yes,$yes
EmergencyService,671,yes,empty
EmergencyService,675,yes,empty
EmergencyService,683,yes,empty
EmergencyService,689,yes,$%yes
EmergencyService,696,no,$n#o
EmergencyService,697,no,no$
EmergencyService,698,no,@@n$o
EmergencyService,700,no,@@??no
EmergencyService,707,no,empty
EmergencyService,713,no,@@no??
EmergencyService,714,no,empty
EmergencyService,715,no,%n%o
EmergencyService,719,yes,empty
EmergencyService,721,yes,empty
EmergencyService,723,yes,empty
EmergencyService,726,yes,empty
EmergencyService,728,yes,empty
EmergencyService,731,yes,%ye#s
EmergencyService,733,yes,$yes??
EmergencyService,736,yes,y??es
EmergencyService,740,yes,y%e??s
EmergencyService,741,yes,%yes#
EmergencyService,753,no,empty
EmergencyService,756,no,n%o
EmergencyService,760,no,empty
EmergencyService,761,no,n@@o
EmergencyService,762,no,%no
EmergencyService,768,yes,empty
EmergencyService,773,yes,empty
EmergencyService,777,yes,empty
EmergencyService,778,yes,empty
EmergencyService,779,yes,empty
EmergencyService,780,yes,@@yes
EmergencyService,781,yes,empty
EmergencyService,789,yes,ye?@@?s
EmergencyService,792,yes,empty
EmergencyService,793,yes,yes$
EmergencyService,804,yes,empty
EmergencyService,814,yes,@@#yes
EmergencyService,817,yes,y??%es
EmergencyService,818,yes,empty
EmergencyService,820,yes,yes#%
EmergencyService,823,yes,ye@@s%
EmergencyService,827,yes,yes#
EmergencyService,831,yes,yes@@@@
EmergencyService,832,yes,empty
EmergencyService,833,yes,empty
EmergencyService,835,yes,??#yes
EmergencyService,840,yes,empty
EmergencyService,843,yes,empty
EmergencyService,855,yes,empty
EmergencyService,856,yes,empty
EmergencyService,858,yes,y#es$
EmergencyService,860,yes,empty
EmergencyService,874,yes,y@@es??
EmergencyService,876,yes,yes@@
EmergencyService,877,yes,ye#s
EmergencyService,878,yes,empty
EmergencyService,882,yes,empty
EmergencyService,883,yes,??yes
EmergencyService,886,yes,empty
EmergencyService,888,yes,yes????
EmergencyService,889,yes,empty
EmergencyService,899,yes,??yes@@
EmergencyService,900,yes,@@yes$
EmergencyService,901,yes,yes%%
EmergencyService,905,yes,empty
EmergencyService,909,yes,empty
EmergencyService,910,yes,empty
EmergencyService,912,yes,y$es
EmergencyService,919,yes,#y??es
EmergencyService,922,yes,ye#s
EmergencyService,924,yes,empty
EmergencyService,925,yes,empty
EmergencyService,931,no,empty
EmergencyService,941,no,??no
EmergencyService,942,no,@@no
EmergencyService,945,no,#no
EmergencyService,946,no,empty
EmergencyService,948,no,empty
EmergencyService,951,no,no#
EmergencyService,959,yes,yes#
EmergencyService,962,yes,empty
EmergencyService,963,yes,empty
EmergencyService,973,yes,#yes
EmergencyService,974,yes,y#%es
EmergencyService,977,yes,empty
EmergencyService,979,yes,y??es
EmergencyService,987,yes,@@ye#s
EmergencyService,989,yes,empty
EmergencyService,994,yes,empty
Condition,4,surgical infection prevention,empty
Condition,6,surgical infection prevention,empty
Condition,15,heart attack,heart a#ttac??k
Condition,17,heart failure,heart ??failu@@re
Condition,19,heart failure,heart fail??ure
Condition,20,heart attack,he@@art attack
Condition,23,heart attack,empty
Condition,24,heart attack,h#eart attack
Condition,27,heart failure,empty
Condition,32,pneumonia,empty
Condition,33,pneumonia,empty
Condition,45,heart attack,empty
Condition,48,heart attack,??heart @@attack
Condition,49,heart attack,heart% attack
Condition,54,heart failure,hear$t failu%re
Condition,59,pneumonia,empty
Condition,60,pneumonia,empty
Condition,61,pneumonia,pneumoni%a
Condition,62,surgical infection prevention,surgical infection prev%ention
Condition,66,surgical infection prevention,surgical in%fection ??prevention
Condition,70,heart attack,empty
Condition,71,heart attack,empty
Condition,72,heart attack,empty
Condition,75,heart attack,he??art attac@@k
Condition,79,heart failure,heart$ failure
Condition,82,pneumonia,empty
Condition,90,surgical infection prevention,surgical infection #prevention
Condition,91,surgical infection prevention,empty
Condition,96,heart attack,hear#t at%tack
Condition,98,heart attack,hea%rt a%ttack
Condition,106,pneumonia,%pne%umonia
Condition,108,pneumonia,pneu#moni$a
Condition,109,pneumonia,empty
Condition,115,surgical infection prevention,surgical infection pre??vention
Condition,118,surgical infection prevention,surgical $infection prevention
Condition,120,heart attack,heart%@@ attack
Condition,125,heart attack,h@@#eart attack
Condition,126,heart attack,empty
Condition,129,heart failure,empty
Condition,131,pneumonia,pneum@@on@@ia
Condition,132,pneumonia,pneumoni%a
Condition,134,pneumonia,empty
Condition,135,pneumonia,%pneumonia
Condition,146,heart attack,empty
Condition,159,pneumonia,empty
Condition,160,pneumonia,empty
Condition,164,surgical infection prevention,empty
Condition,165,surgical infection prevention,surgical infe??ction preven$tion
Condition,171,heart attack,empty
Condition,172,heart attack,empty
Condition,174,heart attack,heart a$ttac#k
Condition,176,heart attack,hear#t at??tack
Condition,184,pneumonia,empty
Condition,198,heart attack,empty
Condition,204,heart failure,he@@art failure
Condition,214,surgical infection prevention,empty
Condition,222,heart attack,empty
Condition,230,heart failure,h$eart failure
Condition,233,pneumonia,empty
Condition,234,pneumonia,pneumon??ia
Condition,240,surgical infection prevention,surgica$l infec@@tion prevention
Condition,242,surgical infection prevention,surgical infection preventi$on??
Condition,243,surgical infection prevention,empty
Condition,244,surgical infection prevention,surgical infect??ion prevent%ion
Condition,246,heart attack,empty
Condition,247,heart attack,empty
Condition,254,heart failure,#heart %failure
Condition,259,pneumonia,pneu$monia
Condition,260,pneumonia,@@pne??umonia
Condition,262,surgical infection prevention,surgic$al infection prevention
Condition,263,surgical infection prevention,surgical infection preventio$n
Condition,267,surgical infection prevention,empty
Condition,269,surgical infection prevention,surgical #infectio@@n prevention
Condition,275,heart attack,@@heart attack
Condition,285,pneumonia,pneumo%nia
Condition,293,surgical infection prevention,empty
Condition,294,surgical infection prevention,empty
Condition,297,heart attack,empty
Condition,303,heart failure,he@@art failure
Condition,308,pneumonia,empty
Condition,309,pneumonia,@@pneumonia
Condition,315,heart attack,empty
Condition,316,heart attack,heart %attack
Condition,333,heart failure,heart fail#u@@re
Condition,342,surgical infection prevention,surgi@@cal infection preve$ntion
Condition,355,heart attack,he%art %attack
Condition,360,heart attack,heart $$attack
Condition,361,heart attack,heart attac#k
Condition,365,heart failure,heart fail#ure
Condition,366,pneumonia,empty
Condition,371,pneumonia,empty
Condition,372,surgical infection prevention,s%urgical infection prev??ention
Condition,374,surgical infection prevention,su#rgical infection prevention
Condition,375,surgical infection prevention,empty
Condition,389,heart failure,empty
Condition,391,pneumonia,p#neumonia
Condition,392,pneumonia,p??neumonia
Condition,394,heart attack,empty
Condition,401,heart failure,empty
Condition,418,heart attack,hea#rt attack
Condition,426,pneumonia,empty
Condition,431,pneumonia,pneum??onia
Condition,446,surgical infection prevention,s%urgical infection prevention
Condition,463,surgical infection prevention,empty
Condition,466,surgical infection prevention,empty
Condition,472,heart attack,hear@@t attack??
Condition,474,heart failure,heart fai@@@@lure
Condition,475,heart failure,empty
Condition,483,pneumonia,empty
Condition,494,heart attack,heart@@ at@@tack
Condition,496,heart attack,heart @@attack
Condition,498,heart attack,heart a@@tt??ack
Condition,500,heart failure,heart #failure
Condition,503,pneumonia,empty
Condition,504,pneumonia,p#neumonia
Condition,510,surgical infection prevention,surgical infect%ion prevention
Condition,512,surgical infection prevention,empty
Condition,517,heart attack,empty
Condition,520,heart attack,empty
Condition,521,heart attack,heart at$tack
Condition,522,heart attack,h$eart attack
Condition,527,heart failure,heart failur$@@e
Condition,535,surgical infection prevention,surgical infec%tion prevention
Condition,536,surgical infection prevention,surgical infection p$revent??ion
Condition,538,surgical infection prevention,s%urgical infection prevention
Condition,539,surgical infection prevention,surgical infection preven$tion
Condition,542,heart attack,empty
Condition,550,heart failure,empty
Condition,557,pneumonia,empty
Condition,563,surgical infection prevention,empty
Condition,564,surgical infection prevention,empty
Condition,566,surgical infection prevention,surgi$cal inf#ection prevention
Condition,569,heart attack,heart att??ack
Condition,580,pneumonia,empty
Condition,587,surgical infection prevention,surgical infection preve%ntion
Condition,590,surgical infection prevention,empty
Condition,592,heart attack,empty
Condition,596,heart attack,heart at@@tack
Condition,610,surgical infection prevention,empty
Condition,613,surgical infection prevention,empty
Condition,616,surgical infection prevention,su??rgical infectio@@n prevention
Condition,619,heart attack,he%ar%t attack
Condition,624,heart failure,empty
Condition,625,heart failure,h%eart failure$
Condition,635,surgical infection prevention,surgi$cal infection prevention
Condition,637,surgical infection prevention,empty
Condition,638,surgical infection prevention,empty
Condition,639,surgical infection prevention,empty
Condition,649,heart failure,@@heart failure
Condition,652,heart failure,heart $@@failure
Condition,656,pneumonia,pn@@eumonia
Condition,663,surgical infection prevention,empty
Condition,665,surgical infection prevention,empty
Condition,666,surgical infection prevention,empty
Condition,674,heart failure,hea??rt failu%re
Condition,696,heart attack,empty
Condition,704,pneumonia,pne????umonia
Condition,706,pneumonia,pneumonia??
Condition,707,pneumonia,#pneumonia
Condition,711,surgical infection prevention,surgic??al in$fection prevention
Condition,713,surgical infection prevention,surgical infection p$re#vention
Condition,716,surgical infection prevention,surgic@@al infection prevent#ion
Condition,718,heart attack,%heart attack
Condition,722,heart attack,hear#t attack
Condition,724,heart failure,heart f??ailur%e
Condition,727,heart failure,@@heart failure
Condition,728,pneumonia,p#neu#monia
Condition,733,pneumonia,empty
Condition,735,surgical infection prevention,surgical in%fection prevention
Condition,740,surgical infection prevention,empty
Condition,750,heart failure,heart f$ailure
Condition,752,heart failure,heart #failure
Condition,755,pneumonia,pne%umonia
Condition,759,surgical infection prevention,surgical i$nfection prevention
Condition,761,surgical infection prevention,surgic$al i@@nfection prevention
Condition,769,surgical infection prevention,surgical infection $prevention
Condition,772,surgical infection prevention,surgical infe?@@?ction prevention
Condition,777,children s asthma care,children s% ??asthma care
Condition,778,heart attack,heart a%tta$ck
Condition,781,heart attack,%heart atta@@ck
Condition,785,heart failure,empty
Condition,786,heart failure,hear%t %failure
Condition,793,pneumonia,#p@@neumonia
Condition,802,surgical infection prevention,s??urgical infection prevention
Condition,811,heart failure,heart fa@@ilure
Condition,812,heart failure,heart fa@@ilu#re
Condition,813,heart failure,empty
Condition,814,pneumonia,empty
Condition,820,surgical infection prevention,surgical infe$ction preventi@@on
Condition,823,surgical infection prevention,empty
Condition,826,surgical infection prevention,empty
Condition,829,heart attack,empty
Condition,835,heart failure,#heart failure
Condition,836,heart failure,empty
Condition,840,pneumonia,p%neumoni#a
Condition,847,surgical infection prevention,surgical infection prevention$
Condition,848,surgical infection prevention,empty
Condition,849,surgical infection prevention,surgi@@cal infection pr%evention
Condition,850,surgical infection prevention,empty
Condition,856,heart attack,hea%@@rt attack
Condition,858,heart attack,empty
Condition,863,heart failure,empty
Condition,870,surgical infection prevention,empty
Condition,873,surgical infection prevention,surgic??al i#nfection prevention
Condition,882,heart attack,he@@art attack
Condition,884,heart attack,$he@@art attack
Condition,888,heart failure,he#a??rt failure
Condition,902,surgical infection prevention,surgical infe@@ction prevention
Condition,904,children s asthma care,child#ren s asthma ca%re
Condition,908,heart attack,empty
Condition,916,heart failure,hea@@rt failure
Condition,919,pneumonia,empty
Condition,923,surgical infection prevention,empty
Condition,927,surgical infection prevention,surgical #infection preven#tion
Condition,934,heart attack,empty
Condition,935,heart attack,empty
Condition,938,heart failure,heart$ failure
Condition,939,heart failure,heart fai%lure
Condition,944,pneumonia,pne??umoni??a
Condition,945,pneumonia,empty
Condition,948,surgical infection prevention,surgica@@l infection preventi#on
Condition,950,surgical infection prevention,surgical $infection pre%vention
Condition,954,surgical infection prevention,surgi#cal infection prevention
Condition,967,pneumonia,empty
Condition,970,pneumonia,pneum#on%ia
Condition,972,pneumonia,empty
Condition,976,surgical infection prevention,empty
Condition,984,heart attack,empty
Condition,985,heart attack,h%eart @@attack
Condition,987,heart attack,hea??rt ??attack
Condition,995,pneumonia,empty
Condition,998,surgical infection prevention,surgical infection p#re$vention
Condition,1000,surgical infection prevention,surgical %infection p??revention
MeasureCode,5,scip-inf-4,empty
MeasureCode,9,ami-1,#am@@i-1
MeasureCode,10,ami-2,%am#i-2
MeasureCode,11,ami-3,empty
MeasureCode,14,ami-7a,am?@@?i-7a
MeasureCode,17,hf-2,hf-2%
MeasureCode,19,hf-4,hf-4%
MeasureCode,24,ami-5,ami-5??
MeasureCode,26,ami-8a,empty
MeasureCode,29,hf-3,hf-3????
MeasureCode,31,pn-2,pn-$#2
MeasureCode,40,scip-inf-3,scip-inf$-3
MeasureCode,43,scip-vte-1,scip-#vte-1
MeasureCode,44,scip-vte-2,#s#cip-vte-2
MeasureCode,56,pn-2,p@@n-2
MeasureCode,57,pn-3b,p@@$n-3b
MeasureCode,58,pn-4,pn-??4??
MeasureCode,59,pn-5c,$pn-5c
MeasureCode,60,pn-6,pn%@@-6
MeasureCode,68,scip-vte-1,empty
MeasureCode,71,ami-2,empty
MeasureCode,77,hf-1,h#f??-1
MeasureCode,78,hf-2,hf-2@@%
MeasureCode,80,hf-4,hf@@-@@4
MeasureCode,86,pn-7,p@@#n-7
MeasureCode,93,scip-vte-1,empty
MeasureCode,97,ami-3,empty
MeasureCode,98,ami-4,empty
MeasureCode,100,ami-7a,empty
MeasureCode,107,pn-3b,empty
MeasureCode,108,pn-4,empty
MeasureCode,110,pn-6,pn-%6
MeasureCode,113,scip-inf-1,scip-i%nf-1
MeasureCode,115,scip-inf-3,s$cip-inf-3
MeasureCode,117,scip-inf-6,s??cip-inf-6
MeasureCode,126,ami-8a,ami-%8a
MeasureCode,135,pn-6,empty
MeasureCode,137,scip-card-2,scip@@-??card-2
MeasureCode,139,scip-inf-2,sc%i@@p-inf-2
MeasureCode,140,scip-inf-3,empty
MeasureCode,141,scip-inf-4,scip-@@i%nf-4
MeasureCode,149,ami-5,ami-??5
MeasureCode,150,ami-7a,ami-7a$
MeasureCode,151,ami-8a,a??mi-8a
MeasureCode,152,hf-1,hf#-1
MeasureCode,154,hf-3,empty
MeasureCode,155,hf-4,hf??-4
MeasureCode,156,pn-2,empty
MeasureCode,157,pn-3b,$pn-3$b
MeasureCode,160,pn-6,pn@@-6
MeasureCode,161,pn-7,pn-#7
MeasureCode,164,scip-inf-2,scip#-inf-2#
MeasureCode,168,scip-vte-1,scip-vt#e-1
MeasureCode,173,ami-4,empty
MeasureCode,184,pn-5c,??pn-5c
MeasureCode,187,scip-card-2,scip-c%ar%d-2
MeasureCode,189,scip-inf-2,scip-inf-%2
MeasureCode,193,scip-vte-1,sc$ip-vte-1
MeasureCode,200,ami-7a,a$mi-7a@@
MeasureCode,206,pn-2,pn-2$@@
MeasureCode,210,pn-6,empty
MeasureCode,213,scip-inf-1,empty
MeasureCode,215,scip-inf-3,empty
MeasureCode,217,scip-inf-6,empty
MeasureCode,221,ami-2,a@@mi%-2
MeasureCode,225,ami-7a,empty
MeasureCode,227,hf-1,h#f-1
MeasureCode,233,pn-4,pn-4%
MeasureCode,238,scip-inf-1,empty
MeasureCode,246,ami-2,empty
MeasureCode,247,ami-3,a$mi-3
MeasureCode,250,ami-7a,ami$-7@@a
MeasureCode,253,hf-2,empty
MeasureCode,263,scip-inf-1,scip-i??%nf-1
MeasureCode,274,ami-5,am%??i-5
MeasureCode,280,hf-4,@??@hf-4
MeasureCode,281,pn-2,empty
MeasureCode,284,pn-5c,empty
MeasureCode,286,pn-7,empty
MeasureCode,297,ami-3,??a??mi-3
MeasureCode,302,hf-1,hf-??#1
MeasureCode,305,hf-4,hf$-4
MeasureCode,312,cac-2,ca@@$c-2
MeasureCode,313,cac-3,%c%ac-3
MeasureCode,326,pn-3b,%@@pn-3b
MeasureCode,330,pn-7,%pn-7#
MeasureCode,331,scip-card-2,empty
MeasureCode,333,hf-3,hf-??3
MeasureCode,336,pn-3b,$p%n-3b
MeasureCode,340,pn-7,p$n-7
MeasureCode,346,scip-inf-6,%scip-inf-6
MeasureCode,353,ami-5,am$i-$5
MeasureCode,356,ami-2,am$i-2
MeasureCode,357,ami-3,empty
MeasureCode,362,hf-1,empty
MeasureCode,363,hf-2,hf-2%
MeasureCode,369,pn-5c,pn-5c$
MeasureCode,371,pn-7,empty
MeasureCode,376,scip-inf-4,sc#ip-inf-4
MeasureCode,378,scip-vte-1,??scip-vte-1??
MeasureCode,379,scip-vte-2,scip-@@vte-2
MeasureCode,383,ami-4,ami$-4@@
MeasureCode,386,ami-8a,ami-8##a
MeasureCode,388,hf-2,hf%-2%
MeasureCode,392,pn-3b,%pn-3b
MeasureCode,403,pn-2,%pn-2
MeasureCode,404,pn-3b,empty
MeasureCode,405,pn-4,pn#-4
MeasureCode,407,pn-6,empty
MeasureCode,409,scip-card-2,empty
MeasureCode,410,scip-inf-1,empty
MeasureCode,436,hf-4,hf-%??4
MeasureCode,444,scip-inf-1,sci$p-inf-1
MeasureCode,447,scip-inf-4,empty
MeasureCode,449,scip-vte-1,scip-vte-1$
MeasureCode,457,pn-6,pn-@@??6
MeasureCode,459,scip-card-2,scip-card-%2
MeasureCode,460,scip-inf-1,sci$p-in#f-1
MeasureCode,464,scip-inf-6,$sc??ip-inf-6
MeasureCode,465,scip-vte-1,scip-vt#e@@-1
MeasureCode,472,ami-7a,ami-7a@@
MeasureCode,474,hf-1,empty
MeasureCode,479,pn-3b,p$n-3b$
MeasureCode,481,pn-5c,pn$-5$c
MeasureCode,487,scip-inf-3,empty
MeasureCode,490,scip-vte-1,empty
MeasureCode,496,ami-5,ami%-5
MeasureCode,498,ami-8a,empty
MeasureCode,500,hf-2,empty
MeasureCode,501,hf-3,empty
MeasureCode,510,scip-inf-1,scip-inf-??1
MeasureCode,512,scip-inf-3,empty
MeasureCode,517,ami-1,ami-#??1
MeasureCode,518,ami-2,empty
MeasureCode,522,ami-7a,empty
MeasureCode,524,hf-1,hf-@@1
MeasureCode,534,scip-card-2,empty
MeasureCode,538,scip-inf-4,empty
MeasureCode,539,scip-inf-6,empty
MeasureCode,541,scip-vte-2,%scip-vte-2
MeasureCode,543,ami-2,empty
MeasureCode,545,ami-4,empty
MeasureCode,550,hf-2,%hf-%2
MeasureCode,555,pn-4,empty
MeasureCode,559,scip-card-2,sc#ip-c@@ard-2
MeasureCode,560,scip-inf-1,sci#p-i#nf-1
MeasureCode,565,scip-vte-1,?$?scip-vte-1
MeasureCode,568,ami-2,am$i-#2
MeasureCode,570,ami-4,a@@mi-4%
MeasureCode,574,hf-1,empty
MeasureCode,580,pn-4,empty
MeasureCode,587,scip-inf-3,scip-i$@@nf-3
MeasureCode,590,scip-vte-1,scip-%%vte-1
MeasureCode,592,ami-1,am$#i-1
MeasureCode,594,ami-3,empty
MeasureCode,597,ami-7a,am#i-7a
MeasureCode,610,scip-inf-1,empty
MeasureCode,612,scip-inf-3,sc%#ip-inf-3
MeasureCode,621,ami-5,a#m@@i-5
MeasureCode,624,hf-1,hf-1??
MeasureCode,627,hf-4,empty
MeasureCode,632,pn-6,pn#-6%
MeasureCode,633,pn-7,p$n-7
MeasureCode,635,scip-inf-1,empty
MeasureCode,636,scip-inf-2,scip-in%f-??2
MeasureCode,641,scip-vte-2,s%cip-vt@@e-2
MeasureCode,642,ami-1,@@ami-1
MeasureCode,644,ami-3,empty
MeasureCode,647,ami-7a,empty
MeasureCode,648,ami-8a,empty
MeasureCode,658,pn-7,p%n#-7
MeasureCode,662,scip-inf-3,scip-in#%f-3
MeasureCode,671,ami-5,empty
MeasureCode,672,ami-7a,empty
MeasureCode,676,hf-3,hf-#%3
MeasureCode,677,hf-4,#h@@f-4
MeasureCode,683,pn-7,pn-@@7
MeasureCode,686,scip-inf-2,empty
MeasureCode,690,scip-vte-1,empty
MeasureCode,691,scip-vte-2,empty
MeasureCode,698,ami-8a,empty
MeasureCode,701,hf-3,empty
MeasureCode,703,pn-2,empty
MeasureCode,714,scip-inf-6,sci%p-inf-6
MeasureCode,716,scip-vte-2,empty
MeasureCode,717,ami-1,@@am%i-1
MeasureCode,723,ami-8a,ami-%8$a
MeasureCode,727,hf-4,hf@@-??4
MeasureCode,741,scip-vte-2,#sci$p-vte-2
MeasureCode,742,ami-1,@@%ami-1
MeasureCode,744,ami-3,a@@mi$-3
MeasureCode,746,ami-5,ami-5@@
MeasureCode,749,hf-1,h%f-1??
MeasureCode,752,hf-4,hf-4$??
MeasureCode,755,pn-4,pn-$4
MeasureCode,761,scip-inf-2,sc#ip-inf-2#
MeasureCode,763,scip-inf-4,s??cip-#inf-4
MeasureCode,767,cac-1,empty
MeasureCode,772,scip-inf-6,empty
MeasureCode,774,scip-vte-2,s#c@@ip-vte-2
MeasureCode,775,cac-1,ca??c-1
MeasureCode,778,ami-1,empty
MeasureCode,780,ami-3,empty
MeasureCode,783,ami-7a,empty
MeasureCode,784,ami-8a,am??i$-8a
MeasureCode,786,hf-2,empty
MeasureCode,789,pn-2,empty
MeasureCode,793,pn-6,p??n-%6
MeasureCode,794,pn-7,empty
MeasureCode,795,scip-card-2,scip#-car#d-2
MeasureCode,798,scip-inf-3,sc@@$ip-inf-3
MeasureCode,802,scip-vte-2,scip-%vte-2
MeasureCode,804,ami-2,a#m%i-2
MeasureCode,806,ami-4,ami$$-4
MeasureCode,807,ami-5,empty
MeasureCode,810,hf-1,empty
MeasureCode,811,hf-2,empty
MeasureCode,814,pn-2,empty
MeasureCode,819,pn-7,$pn-7
MeasureCode,830,ami-3,am??i-3
MeasureCode,831,ami-4,%ami-4
MeasureCode,834,ami-8a,ami$-8a
MeasureCode,840,pn-3b,empty
MeasureCode,845,scip-card-2,scip-car#%d-2
MeasureCode,848,scip-inf-3,sc??i??p-inf-3
MeasureCode,862,hf-3,h$@@f-3
MeasureCode,863,hf-4,empty
MeasureCode,864,pn-2,empty
MeasureCode,866,pn-4,pn-%$4
MeasureCode,867,pn-5c,pn-%%5c
MeasureCode,868,pn-6,empty
MeasureCode,869,pn-7,empty
MeasureCode,870,scip-card-2,empty
MeasureCode,874,scip-inf-4,empty
MeasureCode,877,scip-vte-2,scip-vte-2%
MeasureCode,889,pn-2,empty
MeasureCode,894,pn-7,pn-#7$
MeasureCode,897,scip-inf-2,#$scip-inf-2
MeasureCode,907,ami-2,empty
MeasureCode,909,ami-4,empty
MeasureCode,912,ami-8a,empty
MeasureCode,916,hf-4,#hf-4$
MeasureCode,918,pn-3b,pn@@-3b
MeasureCode,920,pn-5c,empty
MeasureCode,929,scip-vte-1,empty
MeasureCode,930,scip-vte-2,%@@scip-vte-2
MeasureCode,932,ami-2,ami-2@@@@
MeasureCode,935,ami-5,empty
MeasureCode,944,pn-4,@@$pn-4
MeasureCode,953,scip-inf-6,empty
MeasureCode,955,scip-vte-2,s@@$cip-vte-2
MeasureCode,960,ami-5,empty
MeasureCode,962,ami-8a,empty
MeasureCode,965,hf-3,h@@%f-3
MeasureCode,966,hf-4,empty
MeasureCode,973,scip-card-2,$scip-card-2
MeasureCode,980,scip-vte-2,empty
MeasureCode,981,ami-1,empty
MeasureCode,983,ami-3,empty
MeasureCode,985,ami-5,ami-5%
MeasureCode,986,ami-7a,@@ami#-7a
MeasureCode,989,hf-2,empty
MeasureCode,990,hf-3,empty
MeasureCode,994,pn-4,%pn-4
MeasureName,4,surgery patients whose preventive antibiotics were stopped at the right time (within 24 hours after surgery),surgery p%atients whose preventive antibiotics were stopped at the right time (within 24 hours after surgery)
MeasureName,10,heart attack patients given aspirin at discharge,empty
MeasureName,11,heart attack patients given ace inhibitor or arb for left ventricular systolic dysfunction (lvsd),empty
MeasureName,12,heart attack patients given smoking cessation advice/counseling,empty
MeasureName,20,heart attack patients given aspirin at arrival,empty
MeasureName,22,heart attack patients given ace inhibitor or arb for left ventricular systolic dysfunction (lvsd),heart attack patients given ace inhibitor or arb fo#r left #ventricular systolic dysfunction (lvsd)
MeasureName,26,heart attack patients given pci within 90 minutes of arrival,empty
MeasureName,29,heart failure patients given ace inhibitor or arb for left ventricular systolic dysfunction (lvsd),empty
MeasureName,35,pneumonia patients given the most appropriate initial antibiotic(s),pneumonia patients given the most appropriate @@initial antibiotic(s)
MeasureName,40,surgery patients whose preventive antibiotics were stopped at the right time (within 24 hours after surgery),surgery patients whose preventive antibiotics were stopped at the r%ight %time (within 24 hours after surgery)
MeasureName,41,all heart surgery patients whose blood sugar (blood glucose) is kept under good control in the days right after surgery,empty
MeasureName,52,heart failure patients given discharge instructions,heart failure pati%ent#s given discharge instructions
MeasureName,60,pneumonia patients given the most appropriate initial antibiotic(s),pneumonia patients given the most appropriat??e initial antibiotic(s)
MeasureName,61,pneumonia patients assessed and given influenza vaccination,pneumonia patients assessed and given influe??nza vaccination@@
MeasureName,63,surgery patients who were given an antibiotic at the right time (within one hour before surgery) to help prevent infection,surgery patients who were given?? an antibiotic at the right time (within one hour before surgery) to %help prevent infection
MeasureName,65,surgery patients whose preventive antibiotics were stopped at the right time (within 24 hours after surgery),surgery patients whose preventive antibiotics were stopped at the right time (within 24 h??ours after surgery)
MeasureName,66,all heart surgery patients whose blood sugar (blood glucose) is kept under good control in the days right after surgery,all heart $surgery?? patients whose blood sugar (blood glucose) is kept under good control in the days right after surgery
MeasureName,74,heart attack patients given beta blocker at discharge,he@@art attack patients given beta blocke@@r at discharge
MeasureName,85,pneumonia patients given the most appropriate initial antibiotic(s),pneumonia% patients given the most appropriate init#ial antibiotic(s)
MeasureName,86,pneumonia patients assessed and given influenza vaccination,pneumonia patient%s assessed and given infl%uenza vaccination
MeasureName,90,surgery patients whose preventive antibiotics were stopped at the right time (within 24 hours after surgery),empty
MeasureName,92,surgery patients needing hair removed from the surgical area before surgery who had hair removed using a safer method (electric clippers or hair removal cream c not a razor),surgery patients needing hair removed from the surgical area before surgery who had hair remove#d using a safer method (electric clippers or hair removal cream c not #a razor)
MeasureName,95,heart attack patients given aspirin at arrival,heart attack patients given aspirin at arri$val
MeasureName,96,heart attack patients given aspirin at discharge,heart attack pat??ients given aspirin at discharge
MeasureName,105,heart failure patients given smoking cessation advice/counseling,empty
MeasureName,108,pneumonia patients given smoking cessation advice/counseling,pneumonia patients given smokin$g cessation a%dvice/counseling
MeasureName,110,pneumonia patients given the most appropriate initial antibiotic(s),pneumonia patients given the mos@@t appropriate initial antibiotic(s)
MeasureName,111,pneumonia patients assessed and given influenza vaccination,pneumonia patients assess$ed and given influenza vaccination
MeasureName,112,surgery patients who were taking heart drugs called beta blockers before coming to the hospital who were kept on the beta blockers during the period just before and after their surgery,surgery patients who were taking heart dru%gs called beta block$ers before coming to the hospital who were kept on the beta blockers during the period just before and after their surgery
MeasureName,115,surgery patients whose preventive antibiotics were stopped at the right time (within 24 hours after surgery),surgery patients whose preventiv??e antibiotics were# stopped at the right time (within 24 hours after surgery)
MeasureName,121,heart attack patients given aspirin at discharge,hea??rt attack patients given aspirin at discharge
MeasureName,122,heart attack patients given ace inhibitor or arb for left ventricular systolic dysfunction (lvsd),heart attack patients given ace inhibitor?? or arb for left ventricular systolic dysfunction (lvsd)
MeasureName,133,pneumonia patients given smoking cessation advice/counseling,pneumonia patients given smoking cessation advice/couns%eling
MeasureName,136,pneumonia patients assessed and given influenza vaccination,empty
MeasureName,138,surgery patients who were given an antibiotic at the right time (within one hour before surgery) to help prevent infection,empty
MeasureName,142,surgery patients needing hair removed from the surgical area before surgery who had hair removed using a safer method (electric clippers or hair removal cream c not a razor),su??rgery patients needing hair removed from the surgical area before surgery who had hair removed using a safer method (electric clippers or hair removal cream c not a razor)
MeasureName,143,surgery patients whose doctors ordered treatments to prevent blood clots after certain types of surgeries,surgery patients whose doctors ordered treatments to prevent blood clots after ce#rtain types of surge%ries
MeasureName,145,heart attack patients given aspirin at arrival,empty
MeasureName,151,heart attack patients given pci within 90 minutes of arrival,heart attack p??atients given pci within 90 minutes of arrival
MeasureName,154,heart failure patients given ace inhibitor or arb for left ventricular systolic dysfunction (lvsd),heart failure patients given ace inhibitor or arb for left ventricular systolic dysfu$nction (lvsd)
MeasureName,155,heart failure patients given smoking cessation advice/counseling,heart failure patients given smoking cessation #advice/counseling
MeasureName,159,pneumonia patients given initial antibiotic(s) within 6 hours after arrival,empty
MeasureName,160,pneumonia patients given the most appropriate initial antibiotic(s),pneumonia patients given ??the most appropriate@@ initial antibiotic(s)
MeasureName,170,heart attack patients given aspirin at arrival,heart attack patients given aspirin at@@ arrival
MeasureName,174,heart attack patients given beta blocker at discharge,heart attack p@@atients given bet@@a blocker at discharge
MeasureName,175,heart attack patients given fibrinolytic medication within 30 minutes of arrival,empty
MeasureName,176,heart attack patients given pci within 90 minutes of arrival,he#art attack patients given pci within 90 minutes of arrival$
MeasureName,179,heart failure patients given ace inhibitor or arb for left ventricular systolic dysfunction (lvsd),$heart failure patients given ace inhibitor or arb for left ve%ntricular systolic dysfunction (lvsd)
MeasureName,181,pneumonia patients assessed and given pneumococcal vaccination,empty
MeasureName,185,pneumonia patients given the most appropriate initial antibiotic(s),pneumonia patients give??n the most appropriate initial antibiotic(s)
MeasureName,192,surgery patients needing hair removed from the surgical area before surgery who had hair removed using a safer method (electric clippers or hair removal cream c not a razor),empty
MeasureName,195,heart attack patients given aspirin at arrival,empty
MeasureName,208,pneumonia patients given smoking cessation advice/counseling,pneumonia patients given smoking c%essation advice/counsel%ing
MeasureName,215,surgery patients whose preventive antibiotics were stopped at the right time (within 24 hours after surgery),empty
MeasureName,221,heart attack patients given aspirin at discharge,empty
MeasureName,224,heart attack patients given beta blocker at discharge,hear$t attack patients given beta blocker at discharge
MeasureName,226,heart attack patients given pci within 90 minutes of arrival,empty
MeasureName,237,surgery patients who were taking heart drugs called beta blockers before coming to the hospital who were kept on the beta blockers during the period just before and after their surgery,surgery patients who were taking heart drugs called beta blockers b#efore coming to the hospital who were kept on the beta blockers during the period just before and after their surgery
MeasureName,244,patients who got treatment  at the right time (within 24 hours before or after their surgery) to help prevent blood clots after certain types of surgery,empty
MeasureName,252,heart failure patients given discharge instructions,empty
MeasureName,257,pneumonia patients whose initial emergency room blood culture was performed prior to the administration of the first hospital dose of antibiotics,pneumonia patients whose initial em??ergency room blood cult$ure was performed prior to the administration of the first hospital dose of antibiotics
MeasureName,267,surgery patients needing hair removed from the surgical area before surgery who had hair removed using a safer method (electric clippers or hair removal cream c not a razor),empty
MeasureName,268,surgery patients whose doctors ordered treatments to prevent blood clots after certain types of surgeries,surgery patients whose doctors o@@rdered treatments to prevent blood clots after certain types of surgeries
MeasureName,273,heart attack patients given smoking cessation advice/counseling,heart attack patients given smoking cess@@ation advice/co%unseling
MeasureName,283,pneumonia patients given smoking cessation advice/counseling,pneumonia patients@@ given smoking cessa@@tion advice/counseling
MeasureName,299,heart attack patients given beta blocker at discharge,empty
MeasureName,305,heart failure patients given smoking cessation advice/counseling,empty
MeasureName,311,pneumonia patients assessed and given influenza vaccination,pneumonia patients assessed and given influenza vaccinatio??n
MeasureName,317,heart attack patients given smoking cessation advice/counseling,empty
MeasureName,321,heart failure patients given discharge instructions,empty
MeasureName,332,heart failure patients given an evaluation of left ventricular systolic (lvs) function,heart failure pati@@ents given an evaluation of left ventricular systolic (lvs) function
MeasureName,333,heart failure patients given ace inhibitor or arb for left ventricular systolic dysfunction (lvsd),heart failure patients given ace inhibitor or arb @@for left ventricular systolic dysfunction (lvsd)
MeasureName,338,pneumonia patients given initial antibiotic(s) within 6 hours after arrival,empty
MeasureName,339,pneumonia patients given the most appropriate initial antibiotic(s),pneumonia patients% given the most appropriate@@ initial antibiotic(s)
MeasureName,343,surgery patients who were given the  right kind  of antibiotic to help prevent infection,surgery patients who were given the @@ right kind  of ant@@ibiotic to help prevent infection
MeasureName,345,all heart surgery patients whose blood sugar (blood glucose) is kept under good control in the days right after surgery,empty
MeasureName,346,surgery patients needing hair removed from the surgical area before surgery who had hair removed using a safer method (electric clippers or hair removal cream c not a razor),empty
MeasureName,347,surgery patients whose doctors ordered treatments to prevent blood clots after certain types of surgeries,empty
MeasureName,349,heart attack patients given aspirin at arrival,heart attac%k patients given aspirin at arrival
MeasureName,358,heart attack patients given smoking cessation advice/counseling,h%eart atta@@ck patients given smoking cessation advice/counseling
MeasureName,360,heart attack patients given fibrinolytic medication within 30 minutes of arrival,heart attack patients$ given fibrino@@lytic medication within 30 minutes of arrival
MeasureName,364,heart failure patients given ace inhibitor or arb for left ventricular systolic dysfunction (lvsd),heart failure patients given ace inhibitor or arb for left ventricular sy%stolic dysfunction (lvsd)
MeasureName,369,pneumonia patients given initial antibiotic(s) within 6 hours after arrival,pneumonia patients given initial antibiotic(s)% within 6 hours after arrival
MeasureName,374,surgery patients who were given the  right kind  of antibiotic to help prevent infection,surgery patients who were given the  right kind  of antibiotic to help $prevent infection
MeasureName,378,surgery patients whose doctors ordered treatments to prevent blood clots after certain types of surgeries,surgery patien$ts w??hose doctors ordered treatments to prevent blood clots after certain types of surgeries
MeasureName,379,patients who got treatment  at the right time (within 24 hours before or after their surgery) to help prevent blood clots after certain types of surgery,empty
MeasureName,384,heart attack patients given beta blocker at discharge,empty
MeasureName,386,heart attack patients given pci within 90 minutes of arrival,heart attack patients@@ given pci within 90 minutes of# arrival
MeasureName,393,heart attack patients given aspirin at discharge,heart at@@tack pati??ents given aspirin at discharge
MeasureName,404,pneumonia patients whose initial emergency room blood culture was performed prior to the administration of the first hospital dose of antibiotics,empty
MeasureName,408,pneumonia patients assessed and given influenza vaccination,pneumonia# patients assessed and given influenz$a vaccination
MeasureName,409,surgery patients who were taking heart drugs called beta blockers before coming to the hospital who were kept on the beta blockers during the period just before and after their surgery,empty
MeasureName,414,patients who got treatment  at the right time (within 24 hours before or after their surgery) to help prevent blood clots after certain types of surgery,empty
MeasureName,415,heart attack patients given aspirin at arrival,empty
MeasureName,421,heart attack patients given pci within 90 minutes of arrival,empty
MeasureName,432,surgery patients who were taking heart drugs called beta blockers before coming to the hospital who were kept on the beta blockers during the period just before and after their surgery,surgery patients who were taking heart drugs called beta blockers before coming to the hospital w$ho were kept on the beta blockers during the perio%d just before and after their surgery
MeasureName,441,pneumonia patients given the most appropriate initial antibiotic(s),$pneumonia patients given the mos#t appropriate initial antibiotic(s)
MeasureName,446,surgery patients whose preventive antibiotics were stopped at the right time (within 24 hours after surgery),empty
MeasureName,449,surgery patients whose doctors ordered treatments to prevent blood clots after certain types of surgeries,surgery patients whose doctors ordered treatments to prevent blood clo??ts after certain types of surgeries
MeasureName,454,pneumonia patients whose initial emergency room blood culture was performed prior to the administration of the first hospital dose of antibiotics,pneumonia patients whose initial emergency room blood culture was performed prior to$ the administration of the first hospital dose of antibiotics
MeasureName,460,surgery patients who were given an antibiotic at the right time (within one hour before surgery) to help prevent infection,surgery patients who were given an antibiotic at the @@right time (within one hour before surgery) to help prevent infection
MeasureName,465,surgery patients whose doctors ordered treatments to prevent blood clots after certain types of surgeries,empty
MeasureName,469,heart attack patients given ace inhibitor or arb for left ventricular systolic dysfunction (lvsd),empty
MeasureName,470,heart attack patients given smoking cessation advice/counseling,empty
MeasureName,474,heart failure patients given discharge instructions,heart fa??ilure patients given discharge instructions@@
MeasureName,476,heart failure patients given ace inhibitor or arb for left ventricular systolic dysfunction (lvsd),empty
MeasureName,477,heart failure patients given smoking cessation advice/counseling,heart failure patients give%n smoking cessation advice/c#ounseling
MeasureName,480,pneumonia patients given smoking cessation advice/counseling,empty
MeasureName,482,pneumonia patients given the most appropriate initial antibiotic(s),pneumonia patients given the most appropriate init#ial antibiotic(s)
MeasureName,484,surgery patients who were taking heart drugs called beta blockers before coming to the hospital who were kept on the beta blockers during the period just before and after their surgery,surgery patients who were taking heart drugs called beta blockers before coming to the hospital who were kept on the b??eta blockers during the period just before and after their surgery
MeasureName,486,surgery patients who were given the  right kind  of antibiotic to help prevent infection,surgery patients who were given the  right kind  of antibiotic to help prevent inf$ection
MeasureName,494,heart attack patients given ace inhibitor or arb for left ventricular systolic dysfunction (lvsd),heart attack patients given ace inhibitor or arb for left ventricular sy??stolic dysfunction (lvsd)
MeasureName,500,heart failure patients given an evaluation of left ventricular systolic (lvs) function,heart failure patients given an evaluation of left ventricular systol@@ic (lvs) function
MeasureName,502,heart failure patients given smoking cessation advice/counseling,heart failure pati??ents% given smoking cessation advice/counseling
MeasureName,503,pneumonia patients assessed and given pneumococcal vaccination,pneumonia patients assessed an@@d given# pneumococcal vaccination
MeasureName,505,pneumonia patients given smoking cessation advice/counseling,pneumonia patients give??n smo$king cessation advice/counseling
MeasureName,506,pneumonia patients given initial antibiotic(s) within 6 hours after arrival,empty
MeasureName,510,surgery patients who were given an antibiotic at the right time (within one hour before surgery) to help prevent infection,empty
MeasureName,513,all heart surgery patients whose blood sugar (blood glucose) is kept under good control in the days right after surgery,all heart surgery patients% whose blood sugar (blood glucose) is kept under good control in the @@days right after surgery
MeasureName,515,surgery patients whose doctors ordered treatments to prevent blood clots after certain types of surgeries,empty
MeasureName,517,heart attack patients given aspirin at arrival,heart at@@tack patients given aspirin at arrival
MeasureName,525,heart failure patients given an evaluation of left ventricular systolic (lvs) function,h@@eart failure patients give@@n an evaluation of left ventricular systolic (lvs) function
MeasureName,528,pneumonia patients assessed and given pneumococcal vaccination,empty
MeasureName,530,pneumonia patients given smoking cessation advice/counseling,pne@@umonia patients given smoking cessation advice/counseling
MeasureName,534,surgery patients who were taking heart drugs called beta blockers before coming to the hospital who were kept on the beta blockers during the period just before and after their surgery,empty
MeasureName,538,all heart surgery patients whose blood sugar (blood glucose) is kept under good control in the days right after surgery,all heart surgery pat$ients w@@hose blood sugar (blood glucose) is kept under good control in the days right after surgery
MeasureName,547,heart attack patients given fibrinolytic medication within 30 minutes of arrival,h$eart attack patients given fibrinolytic medicati#on within 30 minutes of arrival
MeasureName,549,heart failure patients given discharge instructions,heart$ failure p%atients given discharge instructions
MeasureName,556,pneumonia patients given initial antibiotic(s) within 6 hours after arrival,pneumonia patients @@given init@@ial antibiotic(s) within 6 hours after arrival
MeasureName,559,surgery patients who were taking heart drugs called beta blockers before coming to the hospital who were kept on the beta blockers during the period just before and after their surgery,surgery patients who were taking heart drugs called beta blockers before coming to the hospital who $were kept on the beta blockers during the per@@iod just before and after their surgery
MeasureName,563,all heart surgery patients whose blood sugar (blood glucose) is kept under good control in the days right after surgery,all heart@@ surgery patients w@@hose blood sugar (blood glucose) is kept under good control in the days right after surgery
MeasureName,566,patients who got treatment  at the right time (within 24 hours before or after their surgery) to help prevent blood clots after certain types of surgery,patients who got treatment  at the right time (within 2#4 hours before or after their surgery) to help prevent blood clots after$ certain types of surgery
MeasureName,574,heart failure patients given discharge instructions,heart failure patients g??iven discharge instructions
MeasureName,575,heart failure patients given an evaluation of left ventricular systolic (lvs) function,heart failure patients given an evaluation of left ventricu$lar systolic (lvs) function
MeasureName,585,surgery patients who were given an antibiotic at the right time (within one hour before surgery) to help prevent infection,surgery pat??ients who were given an antibiotic at the right time (within one hour before surgery) to help prevent infection
MeasureName,588,all heart surgery patients whose blood sugar (blood glucose) is kept under good control in the days right after surgery,all heart surgery patients whose blood sugar (bl#oo??d glucose) is kept under good control in the days right after surgery
MeasureName,589,surgery patients needing hair removed from the surgical area before surgery who had hair removed using a safer method (electric clippers or hair removal cream c not a razor),surgery patien??ts needing hair removed from the surgical area before surgery who had hair removed using a safer method (electric clippers or hair removal cream c not a razor)
MeasureName,591,patients who got treatment  at the right time (within 24 hours before or after their surgery) to help prevent blood clots after certain types of surgery,empty
MeasureName,592,heart attack patients given aspirin at arrival,heart attack patients given aspirin at ar@@rival
MeasureName,597,heart attack patients given fibrinolytic medication within 30 minutes of arrival,empty
MeasureName,601,heart failure patients given ace inhibitor or arb for left ventricular systolic dysfunction (lvsd),empty
MeasureName,603,pneumonia patients assessed and given pneumococcal vaccination,pneumonia patients assesse%d and given pneumococ%cal vaccination
MeasureName,607,pneumonia patients given the most appropriate initial antibiotic(s),pneum#onia patients given the most appr%opriate initial antibiotic(s)
MeasureName,612,surgery patients whose preventive antibiotics were stopped at the right time (within 24 hours after surgery),surgery patients whose preventi$ve antibiotics were stopped at the right time (within 24 hours after surgery)
MeasureName,617,heart attack patients given aspirin at arrival,empty
MeasureName,624,heart failure patients given discharge instructions,empty
MeasureName,626,heart failure patients given ace inhibitor or arb for left ventricular systolic dysfunction (lvsd),heart failure patien??ts given ??ace inhibitor or arb for left ventricular systolic dysfunction (lvsd)
MeasureName,627,heart failure patients given smoking cessation advice/counseling,empty
MeasureName,628,pneumonia patients assessed and given pneumococcal vaccination,empty
MeasureName,631,pneumonia patients given initial antibiotic(s) within 6 hours after arrival,empty
MeasureName,639,surgery patients needing hair removed from the surgical area before surgery who had hair removed using a safer method (electric clippers or hair removal cream c not a razor),surgery patients needing hair removed from the surgical area before surgery who had hair removed using a safer method (electric cl??ippers or hair removal cream c not a razor)
MeasureName,644,heart attack patients given ace inhibitor or arb for left ventricular systolic dysfunction (lvsd),empty
MeasureName,647,heart attack patients given fibrinolytic medication within 30 minutes of arrival,heart attack patients given fibrinolytic medication within 30 minutes of arriva@@l
MeasureName,654,pneumonia patients whose initial emergency room blood culture was performed prior to the administration of the first hospital dose of antibiotics,empty
MeasureName,664,surgery patients needing hair removed from the surgical area before surgery who had hair removed using a safer method (electric clippers or hair removal cream c not a razor),surgery patients needing hair removed from the surgical area before surgery who had hair removed using a safer method (electric clip#pers or hair removal cream c not a razor)
MeasureName,665,surgery patients whose doctors ordered treatments to prevent blood clots after certain types of surgeries,surgery patients whose doctors ordered treatments to prevent blood clots afte#r certain types of surgeries
MeasureName,666,patients who got treatment  at the right time (within 24 hours before or after their surgery) to help prevent blood clots after certain types of surgery,patients who got treatment  at the right time (within 24 hours before or after their$ surgery) to help prevent blood clots after certain types of surgery
MeasureName,667,heart attack patients given aspirin at arrival,heart% attack patients given?? aspirin at arrival
MeasureName,672,heart attack patients given fibrinolytic medication within 30 minutes of arrival,he@@art attack patients given fibrin@@olytic medication within 30 minutes of arrival
MeasureName,674,heart failure patients given discharge instructions,heart@@ failure patients given# discharge instructions
MeasureName,676,heart failure patients given ace inhibitor or arb for left ventricular systolic dysfunction (lvsd),heart failure patients given ace inhibitor or arb for left v??entricular systolic dysfunction (lvsd)
MeasureName,677,heart failure patients given smoking cessation advice/counseling,empty
MeasureName,681,pneumonia patients given initial antibiotic(s) within 6 hours after arrival,empty
MeasureName,685,surgery patients who were given an antibiotic at the right time (within one hour before surgery) to help prevent infection,surgery patients who were given an antibiotic at the @@right time (within one hour before surgery) to help prevent infection
MeasureName,688,all heart surgery patients whose blood sugar (blood glucose) is kept under good control in the days right after surgery,all heart surgery patients whose blood su%gar (blood glucose) is kept under good control in the days right after surgery
MeasureName,689,surgery patients needing hair removed from the surgical area before surgery who had hair removed using a safer method (electric clippers or hair removal cream c not a razor),s@@urgery patients needing hair removed from the surgi@@cal area before surgery who had hair removed using a safer method (electric clippers or hair removal cream c not a razor)
MeasureName,690,surgery patients whose doctors ordered treatments to prevent blood clots after certain types of surgeries,surgery patients whose doctors@@ ordered tre@@atments to prevent blood clots after certain types of surgeries
MeasureName,695,heart attack patients given smoking cessation advice/counseling,empty
MeasureName,699,heart failure patients given discharge instructions,empty
MeasureName,701,heart failure patients given ace inhibitor or arb for left ventricular systolic dysfunction (lvsd),heart failu@@re patients given ace inhibitor or arb for $left ventricular systolic dysfunction (lvsd)
MeasureName,703,pneumonia patients assessed and given pneumococcal vaccination,p%neumo#nia patients assessed and given pneumococcal vaccination
MeasureName,726,heart failure patients given ace inhibitor or arb for left ventricular systolic dysfunction (lvsd),empty
MeasureName,729,pneumonia patients whose initial emergency room blood culture was performed prior to the administration of the first hospital dose of antibiotics,empty
MeasureName,730,pneumonia patients given smoking cessation advice/counseling,empty
MeasureName,731,pneumonia patients given initial antibiotic(s) within 6 hours after arrival,pneumonia patients given in%i$tial antibiotic(s) within 6 hours after arrival
MeasureName,735,surgery patients who were given an antibiotic at the right time (within one hour before surgery) to help prevent infection,empty
MeasureName,737,surgery patients whose preventive antibiotics were stopped at the right time (within 24 hours after surgery),surgery patients whose preventive antibiotics were stopped at the right time (withi??n 24 hours aft%er surgery)
MeasureName,743,heart attack patients given aspirin at discharge,heart attack patients given asp??irin at discharge
MeasureName,752,heart failure patients given smoking cessation advice/counseling,heart failure patients given smoking cessation advice/counsel%ing
MeasureName,753,pneumonia patients assessed and given pneumococcal vaccination,pneumonia patients assessed an#d given pneumo#coccal vaccination
MeasureName,755,pneumonia patients given smoking cessation advice/counseling,empty
MeasureName,761,surgery patients who were given the  right kind  of antibiotic to help prevent infection,surgery @@patients who were given the  right kind  of antibiotic to help prevent inf#ection
MeasureName,771,all heart surgery patients whose blood sugar (blood glucose) is kept under good control in the days right after surgery,all heart surgery patients whose blood sugar (blood glucose) is kept u%nder good control in the days rig#ht after surgery
MeasureName,775,children who received reliever medication while hospitalized for asthma,children who received reliever medication while hospitalized for asth%ma
MeasureName,779,heart attack patients given aspirin at discharge,heart attack patients g??iven as@@pirin at discharge
MeasureName,781,heart attack patients given smoking cessation advice/counseling,heart attack patients given smoking cessation advice/counseling@@
MeasureName,783,heart attack patients given fibrinolytic medication within 30 minutes of arrival,empty
MeasureName,788,heart failure patients given smoking cessation advice/counseling,empty
MeasureName,790,pneumonia patients whose initial emergency room blood culture was performed prior to the administration of the first hospital dose of antibiotics,pneumonia patients whos$e initial emergency room blood culture was performed prior to the administration of the first hospital dose of antibiotics
MeasureName,794,pneumonia patients assessed and given influenza vaccination,pneumonia patients assessed and given influenz??a vaccination
MeasureName,797,surgery patients who were given the  right kind  of antibiotic to help prevent infection,surgery patients who were given the  right kin#d  of antibiotic to help prevent infection
MeasureName,799,all heart surgery patients whose blood sugar (blood glucose) is kept under good control in the days right after surgery,empty
MeasureName,800,surgery patients needing hair removed from the surgical area before surgery who had hair removed using a safer method (electric clippers or hair removal cream c not a razor),surgery patients needing hair removed from the surgical area before surgery who had hair removed using a safer method (electric clippers or hair removal cream @@c not a razor)
MeasureName,808,heart attack patients given fibrinolytic medication within 30 minutes of arrival,empty
MeasureName,811,heart failure patients given an evaluation of left ventricular systolic (lvs) function,empty
MeasureName,813,heart failure patients given smoking cessation advice/counseling,heart failure patients given smoking cessation advice/counsel@@ing
MeasureName,820,surgery patients who were taking heart drugs called beta blockers before coming to the hospital who were kept on the beta blockers during the period just before and after their surgery,empty
MeasureName,821,surgery patients who were given an antibiotic at the right time (within one hour before surgery) to help prevent infection,surgery patients who were given an antibiotic at the right time (within one hour befo??re surgery) to help prevent infection
MeasureName,822,surgery patients who were given the  right kind  of antibiotic to help prevent infection,sur@@gery patients who were given the  right kind ?? of antibiotic to help prevent infection
MeasureName,825,surgery patients needing hair removed from the surgical area before surgery who had hair removed using a safer method (electric clippers or hair removal cream c not a razor),surgery patients needing hair removed from the surgical @@area before surgery who had hair removed using a safer method (electric clippers or hair removal cream c not a razor)
MeasureName,826,surgery patients whose doctors ordered treatments to prevent blood clots after certain types of surgeries,surgery pat#ients whose doctors #ordered treatments to prevent blood clots after certain types of surgeries
MeasureName,829,heart attack patients given aspirin at discharge,heart attack patients@@ given aspirin at discharge
MeasureName,830,heart attack patients given ace inhibitor or arb for left ventricular systolic dysfunction (lvsd),heart attack patients given ace inhibitor or arb for left ventricular systoli@@c dysfunction (lvsd)
MeasureName,835,heart failure patients given discharge instructions,heart failure?? patients given discharge ins$tructions
MeasureName,840,pneumonia patients whose initial emergency room blood culture was performed prior to the administration of the first hospital dose of antibiotics,pneum??onia patients whose initial emergency room blood culture was performed prior to the administration of the first #hospital dose of antibiotics
MeasureName,843,pneumonia patients given the most appropriate initial antibiotic(s),pneumo$nia pati%ents given the most appropriate initial antibiotic(s)
MeasureName,859,heart attack patients given pci within 90 minutes of arrival,heart attack?? patients given pci within 90 minutes of arrival
MeasureName,861,heart failure patients given an evaluation of left ventricular systolic (lvs) function,heart failure patients given an evaluation of left ven@@tricular systolic (lvs#) function
MeasureName,863,heart failure patients given smoking cessation advice/counseling,empty
MeasureName,871,surgery patients who were given an antibiotic at the right time (within one hour before surgery) to help prevent infection,empty
MeasureName,880,heart attack patients given ace inhibitor or arb for left ventricular systolic dysfunction (lvsd),heart attack patients given ace inhibitor or arb for left %vent#ricular systolic dysfunction (lvsd)
MeasureName,881,heart attack patients given smoking cessation advice/counseling,heart attac$k patients given #smoking cessation advice/counseling
MeasureName,886,heart failure patients given an evaluation of left ventricular systolic (lvs) function,empty
MeasureName,893,pneumonia patients given the most appropriate initial antibiotic(s),pneumonia patient@@s given the most appropriate in??itial antibiotic(s)
MeasureName,902,patients who got treatment  at the right time (within 24 hours before or after their surgery) to help prevent blood clots after certain types of surgery,patients who got treatment  at the right time (within 24 hours before or after their surge?@@?ry) to help prevent blood clots after certain types of surgery
MeasureName,910,heart attack patients given beta blocker at discharge,heart attack patients given b@@eta blocker at discharge
MeasureName,913,heart failure patients given discharge instructions,heart failure patients given discharge instru$ctions
MeasureName,917,pneumonia patients assessed and given pneumococcal vaccination,pneumonia patients assessed a%nd given pneumococcal va$ccination
MeasureName,928,surgery patients needing hair removed from the surgical area before surgery who had hair removed using a safer method (electric clippers or hair removal cream c not a razor),surge#ry patients needing hair removed from the surgical area before surgery who# had hair removed using a safer method (electric clippers or hair removal cream c not a razor)
MeasureName,931,heart attack patients given aspirin at arrival,empty
MeasureName,934,heart attack patients given smoking cessation advice/counseling,heart atta??ck patients given smo@@king cessation advice/counseling
MeasureName,946,pneumonia patients given the most appropriate initial antibiotic(s),empty
MeasureName,957,heart attack patients given aspirin at discharge,empty
MeasureName,961,heart attack patients given fibrinolytic medication within 30 minutes of arrival,empty
MeasureName,962,heart attack patients given pci within 90 minutes of arrival,hear%t attack patients given pci within 90 minutes of arrival
MeasureName,966,heart failure patients given smoking cessation advice/counseling,empty
MeasureName,967,pneumonia patients assessed and given pneumococcal vaccination,empty
MeasureName,971,pneumonia patients given the most appropriate initial antibiotic(s),pneumonia?? patients given the mo??st appropriate initial antibiotic(s)
MeasureName,974,surgery patients who were given an antibiotic at the right time (within one hour before surgery) to help prevent infection,surgery patients who were given an antibiotic at the right time (within one hour@@ before surgery) to help prevent infection
MeasureName,976,surgery patients whose preventive antibiotics were stopped at the right time (within 24 hours after surgery),surgery patients whose preventive $antibiotics wer??e stopped at the right time (within 24 hours after surgery)
MeasureName,978,surgery patients needing hair removed from the surgical area before surgery who had hair removed using a safer method (electric clippers or hair removal cream c not a razor),empty
MeasureName,986,heart attack patients given fibrinolytic medication within 30 minutes of arrival,heart attack patients given fibrinolytic medication@@ within 30 minute#s of arrival
MeasureName,990,heart failure patients given ace inhibitor or arb for left ventricular systolic dysfunction (lvsd),empty
MeasureName,994,pneumonia patients given smoking cessation advice/counseling,pneumonia patients @@given smoking cessation a??dvice/counseling
MeasureName,997,pneumonia patients assessed and given influenza vaccination,empty
MeasureName,999,surgery patients who were given an antibiotic at the right time (within one hour before surgery) to help prevent infection,surgery patients who were given an antibiotic at the right time (within one hou#r before surgery) to help prevent infection
MeasureName,1000,surgery patients who were given the  right kind  of antibiotic to help prevent infection,surgery patients who were given the  right kind  of antibiotic to help prevent @@infecti??on
Score,4,empty,$empty
Score,10,92%,9#2$%
Score,11,75%,@@75??%
Score,13,86%,8$??6%
Score,16,80%,empty
Score,18,92%,92%@@
Score,21,99%,#99%??
Score,26,72%,$72%
Score,38,94%,9#4$%
Score,39,98%,empty
Score,41,96%,96??%$
Score,49,100%,empty
Score,58,97%,97%%
Score,60,92%,??9#2%
Score,61,81%,empty
Score,65,95%,empty
Score,67,100%,?#?100%
Score,69,74%,#74$%
Score,71,96%,9??6??%
Score,72,93%,93%#
Score,80,100%,100%%
Score,89,99%,%99$%
Score,92,100%,empty
Score,93,95%,95%%
Score,96,50%,@@50%$
Score,100,empty,#e#mpty
Score,108,100%,$100%
Score,113,88%,??88%@@
Score,121,100%,empty
Score,127,4%,%4%
Score,131,25%,2$5%
Score,134,95%,95%$
Score,141,empty,em??pty
Score,144,100%,empty
Score,145,100%,100%??
Score,152,97%,@@97@@%
Score,163,100%,100%%#
Score,168,78%,empty
Score,170,100%,10@@@@0%
Score,175,empty,e%mpty
Score,177,93%,93#??%
Score,184,97%,empty
Score,190,100%,empty
Score,195,99%,$99%%
Score,204,98%,empty
Score,208,100%,empty
Score,211,85%,empty
Score,214,98%,9%8%??
Score,215,81%,empty
Score,217,100%,100@@%
Score,219,83%,empty
Score,226,40%,empty
Score,232,93%,empty
Score,236,98%,empty
Score,237,100%,1$00%
Score,242,100%,empty
Score,247,empty,emp$%ty
Score,252,100%,??10%0%
Score,254,88%,empty
Score,256,92%,#92%
Score,257,96%,empty
Score,262,empty,emp#%ty
Score,263,86%,%86%@@
Score,265,86%,$86%%
Score,270,99%,empty
Score,271,97%,9%@@7%
Score,280,100%,empty
Score,283,100%,??100%%
Score,286,92%,empty
Score,291,93%,93#%
Score,299,empty,@@#empty
Score,307,empty,empty@@
Score,316,93%,9??3%
Score,318,93%,empty
Score,320,87%,@#@87%
Score,329,92%,$92%??
Score,331,83%,??83%??
Score,332,100%,empty
Score,334,100%,10$0%
Score,337,100%,10??0%
Score,339,99%,empty
Score,340,99%,99%%#
Score,342,100%,%10%0%
Score,352,100%,1$00$%
Score,354,87%,87%??
Score,355,100%,%100%
Score,358,100%,$100%??
Score,360,0%,0%%
Score,366,91%,91%$
Score,370,100%,$100%
Score,375,94%,empty
Score,379,95%,95%%
Score,384,96%,@@96%%
Score,387,83%,8%??3%
Score,392,89%,89%%??
Score,404,95%,95%#
Score,408,99%,9%%9%
Score,414,98%,98%%
Score,416,100%,empty
Score,417,100%,empty
Score,418,empty,em??pty
Score,437,97%,9$7%
Score,441,95%,empty
Score,442,90%,empty
Score,444,96%,empty
Score,447,94%,94@@%$
Score,456,98%,98#%
Score,465,85%,8#5??%
Score,466,79%,79@@%
Score,467,100%,empty
Score,468,100%,??@@100%
Score,473,empty,em#pty
Score,474,66%,empty
Score,478,85%,#85%
Score,489,100%,100??%??
Score,491,68%,empty
Score,493,100%,1@@00%
Score,505,100%,empty
Score,507,93%,empty
Score,508,81%,81%%
Score,517,100%,100%%
Score,538,95%,9%5%
Score,540,98%,@@98%
Score,541,94%,9$#4%
Score,542,95%,??95%
Score,546,95%,95@@%$
Score,551,85%,empty
Score,553,85%,empty
Score,555,91%,??91%??
Score,560,78%,??78%%
Score,569,100%,empty
Score,579,95%,@@95%
Score,580,91%,empty
Score,584,32%,empty
Score,586,93%,9#??3%
Score,597,empty,e$mpty
Score,603,100%,empty
Score,613,empty,emp$t??y
Score,621,98%,empty
Score,634,98%,%98%
Score,636,99%,empty
Score,644,empty,e#m??pty
Score,645,empty,emp#t#y
Score,646,67%,empty
Score,647,empty,empty$??
Score,658,12%,12@@%
Score,667,98%,empty
Score,673,98%,9#8%$
Score,676,94%,empty
Score,679,92%,$92%
Score,680,100%,100%%
Score,685,88%,empty
Score,686,95%,empty
Score,687,87%,8%7%
Score,690,79%,empty
Score,704,95%,empty
Score,706,97%,97%@@
Score,708,93%,93@@%
Score,710,100%,100@@%
Score,718,100%,100#%
Score,722,empty,empty%
Score,724,99%,99%$??
Score,728,100%,100%??
Score,732,98%,98%#
Score,734,99%,9@@9%%
Score,736,98%,98#%
Score,749,100%,empty
Score,753,100%,%10$0%
Score,756,97%,empty
Score,758,92%,empty
Score,768,99%,#99%
Score,780,97%,empty
Score,781,100%,1$0%0%
Score,782,100%,100#$%
Score,784,82%,empty
Score,786,95%,??95%
Score,788,100%,1??00%
Score,800,99%,$99@@%
Score,805,89%,$89%
Score,807,95%,95%%??
Score,810,47%,47%??
Score,819,96%,96#%
Score,831,empty,??empty
Score,835,84%,empty
Score,836,89%,8??9$%
Score,841,94%,empty
Score,844,81%,empty
Score,849,empty,e$m%pty
Score,850,100%,empty
Score,853,67%,empty
Score,856,empty,empt#y
Score,860,74%,74$%??
Score,864,96%,empty
Score,873,87%,8#7%$
Score,879,100%,empty
Score,881,100%,1%00%
Score,884,empty,empt%y
Score,901,100%,1??00#%
Score,904,100%,1$00%%
Score,906,100%,100%$
Score,907,100%,1$00%#
Score,909,100%,100#%#
Score,918,97%,97%#
Score,929,91%,empty
Score,933,100%,empty
Score,937,empty,e@@mpty#
Score,938,53%,53????%
Score,940,67%,6@@7$%
Score,944,80%,80%%
Score,949,empty,@@em%pty
Score,953,empty,empt#y
Score,958,empty,em%pty
Score,959,empty,??empty
Score,960,100%,100%%
Score,972,100%,1#00%
Score,974,99%,empty
Score,975,100%,100%@@??
Score,976,100%,100%@@
Score,978,100%,empty
Score,980,100%,empty
Score,982,100%,#1@@00%
Score,989,85%,8#5%
Score,992,74%,#74%
Score,996,77%,empty
Score,1000,88%,#88%
Sample,17,149 patients,empty
Sample,18,37 patients,37 @@patien#ts
Sample,22,71 patients,71 pati%ents
Sample,28,514 patients,514 pat??ients
Sample,33,107 patients,empty
Sample,36,160 patients,16#0 ??patients
Sample,45,20 patients,empty
Sample,49,5 patients,5 patients@@
Sample,52,110 patients,empty
Sample,53,160 patients,160 patie%n#ts
Sample,61,118 patients,empty
Sample,67,237 patients,23%7@@ patients
Sample,76,61 patients,61 p#atien$ts
Sample,82,137 patients,137 pa@@tie@@nts
Sample,83,65 patients,65 patients#
Sample,84,200 patients,20??0 pa#tients
Sample,85,138 patients,empty
Sample,86,85 patients,8??5 ??patients
Sample,87,107 patients,107 patients@@
Sample,88,457 patients,457 patient$s
Sample,90,439 patients,4@@39 patients
Sample,91,130 patients,130 $patients
Sample,96,2 patients,2 pa%tients
Sample,97,0 patients,empty
Sample,107,64 patients,empty
Sample,110,57 patients,5#7 patients
Sample,119,76 patients,empty
Sample,125,0 patients,0 p%atients%
Sample,127,26 patients,26?? pat$ients
Sample,128,39 patients,empty
Sample,129,8 patients,empty
Sample,130,5 patients,empty
Sample,131,16 patients,@@16 patie#nts
Sample,133,9 patients,9 @@pati??ents
Sample,134,21 patients,empty
Sample,141,0 patients,empty
Sample,142,4 patients,@@4 patients
Sample,143,4 patients,4?? patien@@ts
Sample,147,1 patients,empty
Sample,148,2 patients,2 p??atients
Sample,150,0 patients,0 %patients
Sample,151,0 patients,0 pa%$tients
Sample,157,30 patients,30 ??patients
Sample,158,25 patients,25 patient#s
Sample,165,5 patients,5 p??atients
Sample,166,0 patients,@@0 patients$
Sample,169,9 patients,9 pat#ients#
Sample,170,8 patients,8 %patients
Sample,172,2 patients,empty
Sample,176,0 patients,empty
Sample,177,55 patients,55 pa%tients
Sample,194,56 patients,empty
Sample,196,295 patients,empty
Sample,200,0 patients,0 p$atients
Sample,201,48 patients,empty
Sample,209,135 patients,13%5 patients
Sample,215,442 patients,empty
Sample,216,127 patients,127 @@pat??ients
Sample,218,229 patients,empty
Sample,222,11 patients,1@@1 patients
Sample,224,41 patients,41 pa$tie@@nts
Sample,231,69 patients,empty
Sample,236,56 patients,56 pat%i@@ents
Sample,237,16 patients,empty
Sample,241,0 patients,empty
Sample,242,179 patients,empty
Sample,243,90 patients,90 pat$ients
Sample,245,0 patients,0 pa??tients
Sample,247,0 patients,empty
Sample,248,0 patients,0 patien@@ts
Sample,250,0 patients,0 pat@@ie@@nts
Sample,253,91 patients,$91 patients
Sample,255,17 patients,1$7 patie$nts
Sample,261,24 patients,empty
Sample,262,empty,e%??mpty
Sample,264,14 patients,14 p%a%tients
Sample,265,14 patients,@@14 pat??ients
Sample,267,15 patients,15 pa@@tien$ts
Sample,268,10 patients,empty
Sample,269,10 patients,1@@@@0 patients
Sample,270,179 patients,179% patients
Sample,274,169 patients,empty
Sample,275,0 patients,0 patien@@ts
Sample,294,225 patients,225 pa@@t??ients
Sample,299,empty,empt$y#
Sample,308,empty,em@@pty
Sample,319,1 patients,empty
Sample,322,157 patients,empty
Sample,323,49 patients,49 p@@a??tients
Sample,324,41 patients,41 patie$nts
Sample,338,146 patients,#146 patients
Sample,339,112 patients,1$12 pat@@ients
Sample,342,950 patients,950 pa$tients
Sample,343,957 patients,957$ pati%ents
Sample,345,165 patients,165 patie#nts
Sample,354,205 patients,@@205 patients
Sample,360,1 patients,empty
Sample,364,13 patients,empty
Sample,369,85 patients,??85 pa@@tients
Sample,371,45 patients,empty
Sample,378,58 patients,58@@ patien%ts
Sample,379,58 patients,5??8 patients
Sample,380,86 patients,@@86 @@patients
Sample,382,22 patients,empty
Sample,383,58 patients,??58 @@patients
Sample,390,45 patients,45 pa@@tients
Sample,392,35 patients,35 pa??ti@@ents
Sample,409,1 patients,empty
Sample,412,10 patients,1@@0 patients
Sample,421,0 patients,0 pat??ients
Sample,422,78 patients,78 patie%nts
Sample,424,46 patients,46 %patients%
Sample,426,69 patients,empty
Sample,436,13 patients,13 p%atients
Sample,437,37 patients,empty
Sample,438,47 patients,4#7 %patients
Sample,439,26 patients,empty
Sample,441,22 patients,22$ patients
Sample,442,29 patients,29 patients$
Sample,443,106 patients,106 pat#ie%nts
Sample,446,499 patients,empty
Sample,454,149 patients,149 #patients
Sample,455,79 patients,79 pat#ients
Sample,460,253 patients,2#53 patien%ts
Sample,463,0 patients,0@@ patients
Sample,465,144 patients,144 p%atients$
Sample,474,79 patients,79 patien@@%ts
Sample,480,39 patients,39 patient#s
Sample,481,74 patients,74 %patie??nts
Sample,483,62 patients,empty
Sample,484,12 patients,empty
Sample,487,48 patients,4%8 patients
Sample,488,0 patients,0 $%patients
Sample,491,50 patients,empty
Sample,498,0 patients,0 ?$?patients
Sample,509,empty,emp@@ty
Sample,516,5 patients,5 p$atients
Sample,521,254 patients,empty
Sample,525,292 patients,empty
Sample,532,71 patients,empty
Sample,533,87 patients,87 patie#nts
Sample,534,89 patients,#89 patients??
Sample,538,125 patients,1#25 patients
Sample,541,179 patients,empty
Sample,547,0 patients,0 patie@@nts%
Sample,550,518 patients,518 patie%n%ts
Sample,552,93 patients,93 $patients
Sample,563,270 patients,empty
Sample,564,1062 patients,empty
Sample,566,259 patients,empty
Sample,569,1 patients,1 ??patients%
Sample,570,4 patients,4 pat#ients
Sample,577,38 patients,empty
Sample,580,34 patients,34 pa$tients
Sample,586,118 patients,118 patie@@n??ts
Sample,590,85 patients,empty
Sample,593,empty,??empty
Sample,601,0 patients,0 pati@@en$ts
Sample,612,empty,#emp@@ty
Sample,615,empty,em$pty
Sample,628,114 patients,114 p??atient#s
Sample,632,115 patients,empty
Sample,638,241 patients,empty
Sample,643,3 patients,3 pa%@@tients
Sample,648,0 patients,0 p$a$tients
Sample,651,4 patients,4 patie??nts
Sample,652,2 patients,2 p%at#ients
Sample,661,empty,empty$%
Sample,667,229 patients,empty
Sample,673,47 patients,empty
Sample,678,247 patients,empty
Sample,679,378 patients,empty
Sample,682,155 patients,1$55@@ patients
Sample,687,317 patients,317 pati$ents
Sample,693,4 patients,empty
Sample,697,0 patients,empty
Sample,699,65 patients,65 patien#ts
Sample,700,87 patients,8@@7 patie#nts
Sample,703,70 patients,empty
Sample,705,41 patients,41@@ patients
Sample,709,3 patients,empty
Sample,716,24 patients,empty
Sample,724,158 patients,empty
Sample,729,138 patients,138$ patients
Sample,731,160 patients,16@@0 #patients
Sample,733,125 patients,#125 patie#nts
Sample,739,598 patients,598 pa@@t#ients
Sample,741,298 patients,empty
Sample,744,3 patients,3 patie#nts
Sample,751,21 patients,21 pat?@@?ients
Sample,752,32 patients,empty
Sample,759,19 patients,empty
Sample,760,139 patients,13??9 patie$nts
Sample,770,95 patients,9#5 patien@@ts
Sample,771,0 patients,empty
Sample,773,117 patients,empty
Sample,775,193 patients,empty
Sample,778,155 patients,155 pati$en%ts
Sample,780,77 patients,empty
Sample,783,0 patients,0 patient??s%
Sample,784,44 patients,44 #patients
Sample,786,303 patients,303 patient??s
Sample,789,509 patients,509 patien@@ts
Sample,790,496 patients,empty
Sample,792,511 patients,511 pat$i$ents
Sample,798,561 patients,561 #patie#nts
Sample,800,852 patients,empty
Sample,804,134 patients,empty
Sample,811,259 patients,empty
Sample,818,153 patients,empty
Sample,820,109 patients,empty
Sample,822,564 patients,empty
Sample,823,520 patients,520 p@@atients
Sample,828,1 patients,empty
Sample,831,0 patients,0 patien%ts
Sample,832,1 patients,@@1 pat@@ients
Sample,834,0 patients,empty
Sample,842,44 patients,44 pa??tients
Sample,843,38 patients,3$8 patients
Sample,846,4 patients,4 pat%ients
Sample,847,4 patients,4 pa#ti??ents
Sample,849,0 patients,0 pat%ients
Sample,858,0 patients,empty
Sample,859,0 patients,empty
Sample,860,38 patients,empty
Sample,862,18 patients,empty
Sample,874,0 patients,0 pat??ients
Sample,878,18 patients,18 pati$ents
Sample,879,12 patients,empty
Sample,881,1 patients,empty
Sample,882,11 patients,11 pa$tients
Sample,897,0 patients,0 $p@@atients
Sample,898,0 patients,empty
Sample,906,126 patients,empty
Sample,907,145 patients,empty
Sample,920,261 patients,empty
Sample,922,178 patients,empty
Sample,923,107 patients,empty
Sample,931,19 patients,19 patient$s
Sample,934,6 patients,empty
Sample,943,2 patients,empty
Sample,948,empty,%empty
Sample,952,empty,empty$
Sample,959,0 patients,empty
Sample,966,15 patients,15 p#atients
Sample,967,72 patients,empty
Sample,980,196 patients,empty
Sample,987,0 patients,empty
Sample,993,103 patients,103 %patients
Sample,994,29 patients,empty
Sample,997,55 patients,55# patients
Sample,999,28 patients,empty
Sample,1000,25 patients,25?? patients
Stateavg,4,al_scip-inf-3,a$l_scip-inf-3
Stateavg,6,al_scip-inf-6,al_scip-i??$nf-6
Stateavg,13,al_ami-5,empty
Stateavg,20,al_ami-1,a%l_ami@@-1
Stateavg,23,al_ami-4,al_$ami-4
Stateavg,25,al_ami-7a,empty
Stateavg,36,al_pn-7,empty
Stateavg,41,al_scip-inf-4,empty
Stateavg,45,al_ami-1,@@al_a@@mi-1
Stateavg,48,al_ami-4,empty
Stateavg,49,al_ami-5,al#_ami-5
Stateavg,50,al_ami-7a,al_a$mi-7%a
Stateavg,54,al_hf-3,empty
Stateavg,55,al_hf-4,al_h$f-4%
Stateavg,56,al_pn-2,al_pn%-2
Stateavg,63,al_scip-inf-1,al_sc@@ip-inf-1
Stateavg,64,al_scip-inf-2,empty
Stateavg,76,al_ami-8a,a#l_ami-8a
Stateavg,77,al_hf-1,empty
Stateavg,81,al_pn-2,@@al_pn#-2
Stateavg,87,al_scip-card-2,al_s$cip-card-2
Stateavg,89,al_scip-inf-2,al_scip-%inf-2#
Stateavg,94,al_scip-vte-2,al_s@@cip-vte-2
Stateavg,105,al_hf-4,al_h#f-4
Stateavg,108,al_pn-4,empty
Stateavg,118,al_scip-vte-1,empty
Stateavg,124,al_ami-5,empty
Stateavg,128,al_hf-2,al_hf-2@@
Stateavg,129,al_hf-3,al_hf-@@3
Stateavg,130,al_hf-4,@@al_hf-4$
Stateavg,133,al_pn-4,al_pn%-4
Stateavg,136,al_pn-7,empty
Stateavg,137,al_scip-card-2,empty
Stateavg,142,al_scip-inf-6,empty
Stateavg,143,al_scip-vte-1,a$l_scip$-vte-1
Stateavg,145,al_ami-1,a#l#_ami-1
Stateavg,146,al_ami-2,al_ami-@@2
Stateavg,152,al_hf-1,al_hf??-1
Stateavg,158,al_pn-4,empty
Stateavg,164,al_scip-inf-2,al_scip-in??f-2
Stateavg,165,al_scip-inf-3,empty
Stateavg,166,al_scip-inf-4,empty
Stateavg,167,al_scip-inf-6,empty
Stateavg,169,al_scip-vte-2,??al_sci%p-vte-2
Stateavg,187,al_scip-card-2,al_#scip-car??d-2
Stateavg,188,al_scip-inf-1,empty
Stateavg,190,al_scip-inf-3,empty
Stateavg,192,al_scip-inf-6,al_scip-%inf-6
Stateavg,197,al_ami-3,empty
Stateavg,199,al_ami-5,empty
Stateavg,201,al_ami-8a,al_%ami-8a
Stateavg,203,al_hf-2,a#l_hf??-2
Stateavg,207,al_pn-3b,empty
Stateavg,211,al_pn-7,a%l_pn-7
Stateavg,216,al_scip-inf-4,empty
Stateavg,217,al_scip-inf-6,empty
Stateavg,220,al_ami-1,al_ami#-1
Stateavg,223,al_ami-4,empty
Stateavg,231,al_pn-2,al_pn-2$
Stateavg,239,al_scip-inf-2,empty
Stateavg,245,al_ami-1,%al_ami-1
Stateavg,255,al_hf-4,al@@@@_hf-4
Stateavg,258,al_pn-4,a@@l_pn-$4
Stateavg,259,al_pn-5c,empty
Stateavg,269,al_scip-vte-2,empty
Stateavg,273,al_ami-4,al_a$mi-4
Stateavg,282,al_pn-3b,a@@l_pn-3b
Stateavg,287,al_scip-card-2,al_s??ci@@p-card-2
Stateavg,291,al_scip-inf-4,empty
Stateavg,294,al_scip-vte-2,al_??$scip-vte-2
Stateavg,295,al_ami-1,al_a%mi-1
Stateavg,302,al_hf-1,al_@@#hf-1
Stateavg,303,al_hf-2,empty
Stateavg,304,al_hf-3,$al_hf-3
Stateavg,309,al_pn-5c,al_p@??@n-5c
Stateavg,314,al_ami-1,al_ami-$1
Stateavg,320,al_ami-8a,al_ami-8a#
Stateavg,322,al_hf-2,empty
Stateavg,323,al_hf-3,al_hf-@@3
Stateavg,324,al_hf-4,al_@$@hf-4
Stateavg,329,al_pn-6,al_??p#n-6
Stateavg,341,al_scip-card-2,al#_scip-card-2
Stateavg,344,al_scip-inf-3,empty
Stateavg,346,al_scip-inf-6,al_sci??p-inf-6
Stateavg,352,al_ami-4,al_ami-4@%@
Stateavg,358,al_ami-4,al_#ami-4@@
Stateavg,362,al_hf-1,empty
Stateavg,363,al_hf-2,al_%hf-2
Stateavg,373,al_scip-inf-1,al_scip-inf-#1
Stateavg,389,al_hf-3,empty
Stateavg,393,al_ami-2,empty
Stateavg,398,al_ami-8a,al_a#mi-8a
Stateavg,399,al_hf-1,empty
Stateavg,401,al_hf-3,empty
Stateavg,403,al_pn-2,empty
Stateavg,404,al_pn-3b,al_pn-3@@b
Stateavg,406,al_pn-5c,al_pn-#5%c
Stateavg,407,al_pn-6,a#l_pn-6
Stateavg,415,al_ami-1,al_am%i@@-1
Stateavg,417,al_ami-3,al_%am%i-3
Stateavg,419,al_ami-5,empty
Stateavg,423,al_hf-2,al_h%f-2
Stateavg,425,al_hf-4,a@@l_h??f-4
Stateavg,426,al_pn-2,al_pn%-2
Stateavg,430,al_pn-6,empty
Stateavg,435,ak_hf-3,ak_hf-3$
Stateavg,436,ak_hf-4,ak_hf-??4
Stateavg,439,ak_pn-4,ak_pn-$4
Stateavg,446,ak_scip-inf-3,ak_scip-inf$-3
Stateavg,447,ak_scip-inf-4,empty
Stateavg,449,ak_scip-vte-1,ak_scip#-vt#e-1
Stateavg,452,ak_ami-2,empty
Stateavg,456,al_pn-5c,al_p%%n-5c
Stateavg,460,al_scip-inf-1,al@@_sc??ip-inf-1
Stateavg,461,al_scip-inf-2,al_scip-inf??-2#
Stateavg,472,al_ami-7a,empty
Stateavg,480,al_pn-4,al_??pn-4
Stateavg,485,al_scip-inf-1,empty
Stateavg,488,al_scip-inf-4,empty
Stateavg,496,al_ami-5,empty
Stateavg,501,al_hf-3,al_??hf-3@@
Stateavg,505,al_pn-4,$al_pn-4
Stateavg,511,al_scip-inf-2,al_scip#-inf-2
Stateavg,512,al_scip-inf-3,al#_scip-inf@@-3
Stateavg,518,al_ami-2,al_am??i$-2
Stateavg,521,al_ami-5,empty
Stateavg,523,al_ami-8a,empty
Stateavg,526,al_hf-3,a%l_hf-3
Stateavg,527,al_hf-4,al@@_hf??-4
Stateavg,529,al_pn-3b,al_%pn-3#b
Stateavg,533,al_pn-7,al$_pn-@@7
Stateavg,535,al_scip-inf-1,empty
Stateavg,539,al_scip-inf-6,al_scip-%??inf-6
Stateavg,540,al_scip-vte-1,al_scip-vte%-1
Stateavg,546,al_ami-5,empty
Stateavg,548,al_ami-8a,empty
Stateavg,549,al_hf-1,al_h#f-$1
Stateavg,551,al_hf-3,empty
Stateavg,556,al_pn-5c,a%l_pn-5c
Stateavg,557,al_pn-6,%a$l_pn-6
Stateavg,562,al_scip-inf-3,a??l_scip-inf-3
Stateavg,565,al_scip-vte-1,empty
Stateavg,566,al_scip-vte-2,empty
Stateavg,583,al_pn-7,empty
Stateavg,596,al_ami-5,al_ami-@@5
Stateavg,598,al_ami-8a,al_am#i-8a??
Stateavg,599,al_hf-1,al_%hf-1
Stateavg,601,al_hf-3,empty
Stateavg,602,al_hf-4,empty
Stateavg,610,al_scip-inf-1,a@@l_$scip-inf-1
Stateavg,619,al_ami-3,al_a%mi-3
Stateavg,620,al_ami-4,empty
Stateavg,644,al_ami-3,al_am%i-#3
Stateavg,648,al_ami-8a,empty
Stateavg,657,al_pn-6,al_p@@@@n-6
Stateavg,658,al_pn-7,empty
Stateavg,659,al_scip-card-2,empty
Stateavg,665,al_scip-vte-1,al??_s@@cip-vte-1
Stateavg,668,al_ami-2,$a@@l_ami-2
Stateavg,673,al_ami-8a,empty
Stateavg,689,al_scip-inf-6,al_sc%ip-inf-6
Stateavg,690,al_scip-vte-1,al_s#cip-vte#-1
Stateavg,691,al_scip-vte-2,al_scip??-vte-2
Stateavg,692,al_ami-1,empty
Stateavg,693,al_ami-2,al_ami-#2
Stateavg,695,al_ami-4,empty
Stateavg,706,al_pn-5c,empty
Stateavg,707,al_pn-6,al%#_pn-6
Stateavg,708,al_pn-7,al_p??n-7
Stateavg,719,al_ami-3,al_#ami-3
Stateavg,721,al_ami-5,empty
Stateavg,725,al_hf-2,empty
Stateavg,735,al_scip-inf-1,empty
Stateavg,740,al_scip-vte-1,al_sci??p-@@vte-1
Stateavg,741,al_scip-vte-2,al_scip-vt$e-2
Stateavg,747,al_ami-7a,al_a$mi-7??a
Stateavg,751,al_hf-3,empty
Stateavg,754,al_pn-3b,empty
Stateavg,757,al_pn-6,empty
Stateavg,760,al_scip-inf-1,al_scip-in%@@f-1
Stateavg,762,al_scip-inf-3,a#l_scip-inf-@@3
Stateavg,768,al_scip-inf-1,a@@l_scip-inf-1@@
Stateavg,769,al_scip-inf-2,al_s@@cip-inf-2
Stateavg,770,al_scip-inf-3,empty
Stateavg,778,al_ami-1,empty
Stateavg,779,al_ami-2,al_am$i-2
Stateavg,780,al_ami-3,empty
Stateavg,781,al_ami-4,$al_am$i-4
Stateavg,783,al_ami-7a,empty
Stateavg,785,al_hf-1,al_hf-1@@
Stateavg,789,al_pn-2,al%_pn-2
Stateavg,796,al_scip-inf-1,empty
Stateavg,801,al_scip-vte-1,al_scip-vte%-1
Stateavg,811,al_hf-2,al_%hf-??2
Stateavg,816,al_pn-4,empty
Stateavg,817,al_pn-5c,al_pn$@@-5c
Stateavg,818,al_pn-6,empty
Stateavg,841,al_pn-4,empty
Stateavg,851,al_scip-vte-1,al_sci??p#-vte-1
Stateavg,853,al_ami-1,al_#ami-1#
Stateavg,864,al_pn-2,empty
Stateavg,866,al_pn-4,empty
Stateavg,871,al_scip-inf-1,empty
Stateavg,872,al_scip-inf-2,$al_scip#-inf-2
Stateavg,880,al_ami-3,al%_ami-%3
Stateavg,881,al_ami-4,empty
Stateavg,883,al_ami-7a,al_ami-@@7a
Stateavg,887,al_hf-3,al@@_h#f-3
Stateavg,891,al_pn-4,empty
Stateavg,893,al_pn-6,al_pn??-6
Stateavg,894,al_pn-7,#al_pn#-7
Stateavg,899,al_scip-inf-4,empty
Stateavg,901,al_scip-vte-1,al_sci#p-vte-1
Stateavg,902,al_scip-vte-2,empty
Stateavg,909,al_ami-4,al_ami-4??
Stateavg,910,al_ami-5,al$_ami-5
Stateavg,924,al_scip-inf-1,al_s#cip-inf-1
Stateavg,928,al_scip-inf-6,empty
Stateavg,936,al_ami-7a,al_$ami-7a
Stateavg,942,al_pn-2,al#_pn-2
Stateavg,948,al_scip-card-2,al_sci??p-card-2%
Stateavg,950,al_scip-inf-2,empty
Stateavg,951,al_scip-inf-3,empty
Stateavg,956,al_ami-1,empty
Stateavg,960,al_ami-5,al_ami%-5
Stateavg,961,al_ami-7a,a%l$_ami-7a
Stateavg,962,al_ami-8a,empty
Stateavg,963,al_hf-1,al%_h#f-1
Stateavg,965,al_hf-3,a%l_hf$-3
Stateavg,975,al_scip-inf-2,empty
Stateavg,977,al_scip-inf-4,#a%l_scip-inf-4
Stateavg,982,al_ami-2,al_am??%i-2
Stateavg,989,al_hf-2,al_$hf-2%
Stateavg,994,al_pn-4,empty
Stateavg,999,al_scip-inf-1,al_sci??p-i@@nf-1
