ID,ProviderNumber,HospitalName,Address1,Address2,Address3,City,State,ZipCode,CountyName,PhoneNumber,HospitalType,HospitalOwner,EmergencyService,Condition,MeasureCode,MeasureName,Score,Sample,Stateavg
1,10018,callahan eye foundation hospital,1720 university blvd,empty,empty,birmingham,al,35233,jefferson,2053258100,acute care hospitals,voluntary non-profit - private,yes,surgical infection prevention,scip-card-2,surgery patients who were taking heart drugs called beta blockers before coming to the hospital who were kept on the beta blockers during the period just before and after their surgery,empty,empty,al_scip-card-2
2,,callahan eye foundation hospital,1720 university blvd,empty,empt@@y,birmingham,al,35233,jefferson,2053258100,acute care hospitals,voluntary non-profit - private,yes,surgical infection prevention,scip-inf-1,surgery patients who were given an antibiotic at the right time (within one hour before surgery) to help prevent infection,empty,empty,al_scip-inf-1
3,10018,callahan eye foundation hospital,1720 university blvd,empty,empty,birmingham,al,35233,jefferson,2053258100,acute care hospitals,voluntary non-profit - private,yes,surgical infection prevention,scip-inf-2,surgery patients who were given the  right kind  of antibiotic to help prevent infection,empty,empty,al_scip-inf-2
4,10018,callahan eye foundation hospital,1720 university blvd,e%mpty%,empty,birmingham,al,35233,jefferson,2053258100,acute care hospitals,voluntary non-profit - private,yes,surgical infection prevention,scip-inf-3,surgery patients whose preventive antibiotics were stopped at the right time (within 24 hours after surgery),$empty,empty,al_scip-inf-3
5,10018,callahan eye foundation hospital,1720 university blvd,empty,empty,birmingham,al,35233,jefferson,2053258100,acute care hospitals,voluntary non-profit - private,yes,surgical infection prevention,,all heart surgery patients whose blood sugar (blood glucose) is kept under good control in the days right after surgery,empty,empty,al_scip-inf-4
6,10018,callahan eye foundation hospital,1720 university blvd,empty,empty,birmingham,al,35233,jefferson,2053258100,acute care hospitals,voluntary non-profit - private,yes,surgical infection prevention,scip-inf-6,surgery patients needing hair removed from the surgical area before surgery who had hair removed using a safer method (electric clippers or hair removal cream c not a razor),empty,empty,al_scip-inf-6
7,10018,callahan eye foundation hospital,1720 university blvd,empty,empty,birmingham,al,35233,jefferson,2053258100,acute care hospitals,voluntary non-profit - private,yes,surgical infection prevention,scip-vte-1,surgery patients whose doctors ordered treatments to prevent blood clots after certain types of surgeries,empty,empty,al_scip-vte-1
8,10018,callahan eye foundation hospital,1720 university blvd,empty,empty,birmingham,al,35233,jefferson,2053258100,acute care hospitals,voluntary non-profit - private,yes,surgical infection prevention,scip-vte-2,patients who got treatment  at the right time (within 24 hours before or after their surgery) to help prevent blood clots after certain types of surgery,empty,empty,al_scip-vte-2
9,10019,helen keller memorial hospital,1300 south montgomery avenue,empty,empty,sheffield,al,35660,jefferson,2563864556,acute care hospitals,government - hospital district or authority,yes,heart attack,#am@@i-1,heart attack patients given aspirin at arrival,97%,33 patients,al_ami-1
10,10019,helen keller memorial hospital,1300 south montgomery avenue,empt%y,empty,sheffield,al,35660,jefferson,2563864556,acute care hospitals,government - hospital district or authority,yes,heart attack,%am#i-2,,9#2$%,13 patients,al_ami-2
11,10019,helen keller memorial hospital,1300 south montgomery avenue,empty,empty,sheffield,al,35660,jefferson,2563864556,acute care hospitals,government - hospital district or authority,yes,heart attack,,,@@75??%,4 patients,al_ami-3
12,10019,helen keller memorial hospital,1300 south montgomery avenue,em#pty,empty,sheffield,al,35660,jefferson,2563864556,acute care hospitals,government - hospital district or authority,yes,heart attack,ami-4,heart attack patients given smoking cessation advice/counseling,100%,4 patients,al_ami-4
13,59518.30597846041,helen keller memorial hospital,1300 south montgomery avenue,emp@@ty,$@@empty,sheffield,al,35660,jefferson,2563864556,acute care hospitals,government - hospital district or authority,yes,heart attack,ami-5,heart attack patients given beta blocker at discharge,8$??6%,14 patients,al_ami-5
14,,helen keller memorial hospital,1300 south montgomery avenue,em$pty,empty,sheffield,al,35660,jefferson,2563864556,acute care hospitals,government - hospital district or authority,yes,heart attack,am?@@?i-7a,heart attack patients given fibrinolytic medication within 30 minutes of arrival,empty,0 patients,al_ami-7a
15,10019,helen keller memorial hospital,1300 south montgomery avenue,empty,empty,sheffield,al,35660,jefferson,2563864556,acute care hospitals,government - hospital district or authority,yes,heart attack,ami-8a,heart attack patients given pci within 90 minutes of arrival,empty,0 patients,al_ami-8a
16,46913.14265978133,helen keller memorial hospital,1300 south montgomery avenue,empty,empty,sheffield,al,35660,jefferson,2563864556,acute care hospitals,government - hospital district or authority,yes,heart failure,hf-1,heart failure patients given discharge instructions,empty,114 patients,al_hf-1
17,10019,helen keller memorial hospital,1300 south montgomery avenue,empty,emp??t??y,sheffield,al,35660,jefferson,2563864556,acute care hospitals,government - hospital district or authority,yes,heart failure,hf-2%,heart failure patients given an evaluation of left ventricular systolic (lvs) function,99%,empty,al_hf-2
18,10019,helen keller memorial hospital,1300 south montgomery avenue,empty,empty,sheffield,al,35660,jefferson,2563864556,acute care hospitals,government - hospital district or authority,yes,heart failure,hf-3,heart failure patients given ace inhibitor or arb for left ventricular systolic dysfunction (lvsd),92%@@,37 @@patien#ts,al_hf-3
19,10019,helen keller memorial hospital,1300 south montgomery avenue,empty,empty,sheffield,al,35660,jefferson,2563864556,,government - hospital district or authority,yes,heart fail??ure,hf-4%,heart failure patients given smoking cessation advice/counseling,100%,41 patients,al_hf-4
20,10001,southeast alabama medical center,1108 ross clark circle,empty%,empty,dothan,al,36302,houston,3347938701,acute care hospitals,government - hospital district or authority,yes,heart attack,ami-1,heart attack patients given aspirin at arrival,98%,270 patients,al_ami-1
21,38800.16214156215,,1108 ross clark #circle,empty,empty,dothan,al,36302,houston,15345394300.528288,acute care hospitals,government - hospital district or authority,yes,heart attack,ami-2,heart attack patients given aspirin at discharge,#99%??,516 patients,al_ami-2
22,53376.54214217515,southeast alabama medical center,1108 ross clark circle,empty,emp??@@ty,dothan,al,36302,houston,3347938701,acute care hospitals,government - hospital district or authority,yes,heart attack,ami-3,heart attack patients given ace inhibitor or arb for left ventricular systolic dysfunction (lvsd),96%,71 pati%ents,al_ami-3
23,10001,southeast alabama medical center,1108 ross clark circle,empty##,empty,dothan,al,36302,houston,3347938701,acute care hospitals,government - hospital district or authority,yes,heart attack,ami-4,heart attack patients given smoking cessation advice/counseling,100%,244 patients,al_ami-4
24,,southeast alabama medical center,1108 ross clark circle,empty,em@@pty,dothan,al,36302,houston,3347938701,acute care hospitals,government - hospital district or authority,yes,h#eart attack,ami-5??,heart attack patients given beta blocker at discharge,99%,441 patients,al_ami-5
25,10001,southeast alabama medical center,1108 ross clark circle,empty,empty,dothan,al,36302,houston,3347938701,acute care hospitals,government - hospital district or authority,yes,heart attack,ami-7a,heart attack patients given fibrinolytic medication within 30 minutes of arrival,empty,0 patients,al_ami-7a
26,59079.29729310592,southeast @@alabama medical cen%ter,1108 ross clark circle,empty,empty,dothan,al,36302,houston,3347938701,acute care hospitals,government - hospital district or authority,yes,heart attack,,,$72%,40 patients,al_ami-8a
27,,southeast alabama medical center,1108 ross clark circle,%empty,empty,dothan,al,36302,houston,3347938701,acute care hospitals,government - hospital district or authority,yes,heart failure,hf-1,heart failure patients given discharge instructions,78%,455 patients,al_hf-1
28,10001,southeast alabama medical center,1108 ross clark circle,empty,empty,dothan,al,36302,houston,3347938701,acute care hospitals,government - hospital district or authority,yes,heart failure,hf-2,heart failure patients given an evaluation of left ventricular systolic (lvs) function,99%,514 pat??ients,al_hf-2
29,10001,southeast alabama medical center,1108 ross clark circle,empty,empty,dothan,al,36302,houston,3347938701,acute care hospitals,government - hospital district or authority,yes,heart failure,hf-3????,,91%,165 patients,al_hf-3
30,10001,southeast alabama medical center,1108 ross clark circle,empty,empty,dothan,al,36302,houston,3347938701,acute care hospitals,government - hospital district or authority,yes,heart failure,hf-4,heart failure patients given smoking cessation advice/counseling,100%,110 patients,al_hf-4
31,10001,southeast alabama medical center,1108 ross clark circle,empty,#empty,dothan,al,36302,houston,3347938701,acute care hospitals,government - hospital district or authority,yes,pneumonia,pn-$#2,pneumonia patients assessed and given pneumococcal vaccination,93%,191 patients,al_pn-2
32,37924.6330455334,southeast alabama medical center,1108 ross clark circle,empty,empty$,dothan,al,36302,houston,3347938701,acute care hospitals,government - hospital district or authority,yes,pneumonia,pn-3b,pneumonia patients whose initial emergency room blood culture was performed prior to the administration of the first hospital dose of antibiotics,89%,125 patients,al_pn-3b
33,10001,southeast alabama medical center,1108 ross clark circle,emp#ty,emp$ty,dothan,al,36302,houston,3347938701,acute care hospitals,government - hospital district or authority,yes,pneumonia,pn-4,pneumonia patients given smoking cessation advice/counseling,99%,empty,al_pn-4
34,10001,southeast alabama medical center,1108 ross clark circle,empty,empty,dothan,al,36302,houston,3347938701,acute care hospitals,government - hospital district or authority,yes,pneumonia,pn-5c,pneumonia patients given initial antibiotic(s) within 6 hours after arrival,92%,196 patients,al_pn-5c
35,10001,southeast alabama medical center,1108 ross clark circle,empty,empty,dothan,al,36302,houston,3347938701,acute care hospitals,government - hospital district or authority,yes,pneumonia,pn-6,pneumonia patients given the most appropriate initial antibiotic(s),80%,147 patients,al_pn-6
36,10001,southeast alabama medical center,1108 ross clark circle,empty,empty,dothan,al,36302,houston,3347938701,acute care hospitals,government - hospital district or authority,yes,pneumonia,pn-7,pneumonia patients assessed and given influenza vaccination,84%,16#0 ??patients,al_pn-7
37,10001,southeast alabama medical center,1108 ross clark circle,em@@pty$,empty,dothan,al,36302,houston,3347938701,acute care hospitals,government - hospital district or authority,yes,surgical infection prevention,scip-card-2,surgery patients who were taking heart drugs called beta blockers before coming to the hospital who were kept on the beta blockers during the period just before and after their surgery,72%,79 patients,al_scip-card-2
38,35742.02782314088,southeast alabama medical center,1108 ross clark circle,empty,empty,dothan,al,36302,houston,3347938701,acute care hospitals,government - hospital district or authority,yes,surgical infection prevention,scip-inf-1,surgery patients who were given an antibiotic at the right time (within one hour before surgery) to help prevent infection,9#4$%,399 patients,al_scip-inf-1
39,10001,southeast alabama medical center,1108 ross clark circle,empty,empty,dothan,al,36302,houston,3347938701,acute care hospitals,government - hospital district or authority,yes,surgical infection prevention,scip-inf-2,surgery patients who were given the  right kind  of antibiotic to help prevent infection,empty,405 patients,al_scip-inf-2
40,,southeast alabama medical center,1108 ross clark circle,empty,e%mpty@@,dothan,al,36302,houston,3347938701,@@acute $care hospitals,government - hospital district or authority,yes,surgical infection prevention,scip-inf$-3,surgery patients whose preventive antibiotics were stopped at the r%ight %time (within 24 hours after surgery),88%,385 patients,al_scip-inf-3
41,,southeast alabama med??ical cen$ter,1108 ross clark circle,empty,empty,dothan,al,36302,houston,3347938701,acute care hospitals,government - hospital district or authority,yes,surgical infection prevention,scip-inf-4,all heart surgery patients whose blood sugar (blood glucose) is kept under good control in the days right after surgery,96??%$,136 patients,al_scip-inf-4
42,10001,southeast alabama medical center,1108 ross clark circle,empty@@,e#mpty$,dothan,al,36302,houston,3347938701,acute care hospitals,government - hospital district or authority,yes,surgical infection prevention,scip-inf-6,surgery patients needing hair removed from the surgical area before surgery who had hair removed using a safer method (electric clippers or hair removal cream c not a razor),90%,537 patients,al_scip-inf-6
43,10001,southeast alabama medical center,1108 ross clark circle,empty,empty,dothan,al,36302,houston,3347938701,acute care hospitals,government - hospital district or authority,yes,surgical infection prevention,scip-#vte-1,surgery patients whose doctors ordered treatments to prevent blood clots after certain types of surgeries,86%,185 patients,al_scip-vte-1
44,10001,southeast alabama medical center,1108 ross clark circle,empt%y,empty,dothan,al,36302,houston,3347938701,acute care hospitals,government - hospital district or authority,yes,surgical infection prevention,#s#cip-vte-2,patients who got treatment  at the right time (within 24 hours before or after their surgery) to help prevent blood clots after certain types of surgery,83%,184 patients,al_scip-vte-2
45,10005,marshall medical center south,2505 u s highway 431 north,empty,empty,boaz,al,35957,marshall,2565938310,acute care hospitals,government - hospital district or authority,yes,heart attack,ami-1,heart attack patients given aspirin at arrival,80%,empty,al_ami-1
46,10005,marshall medical center south,2505 u s highway 431 north,empty,empt%y,boaz,al,35957,marshall,2565938310,acute care hospitals,government - hospital district or authority,yes,heart attack,ami-2,heart attack patients given aspirin at discharge,60%,5 patients,al_ami-2
47,43025.68573421665,marshall medical center south,2505 u s highway 431 north,empty,empty,boaz,al,35957,marshall,2565938310,acute care hospitals,government - hospital district or authority,yes,heart attack,ami-3,heart attack patients given ace inhibitor or arb for left ventricular systolic dysfunction (lvsd),100%,2 patients,al_ami-3
48,10005,marshall medical center south,2505 u s highway 431 north,empty,em??pty,boaz,al,35957,marshall,2565938310,acute care hospitals,government - hospital district or authority,yes,heart attack,ami-4,heart attack patients given smoking cessation advice/counseling,empty,0 patients,al_ami-4
49,,ma%rshall med#ical center south,2505 u s highway 431 north,empty,empty,boaz,#al,,marshall,2565938310,acute care hospitals,government - hospital district or authority,yes,heart attack,ami-5,heart attack patients given beta blocker at discharge,empty,5 patients@@,al_ami-5
50,10005,marshall medical center south,2505 u s highway 431 north,empty,empty,boaz,al,35957,marshall,2565938310,acute care hospitals,government - hospital district or authority,yes,heart attack,ami-7a,heart attack patients given fibrinolytic medication within 30 minutes of arrival,empty,0 patients,al_ami-7a
51,10005,marshall medical center south,2505 u s highway 431 north,empty,empty,boaz,al,35957,marshall,2565938310,acute care hospitals,government - hospital district or authority,yes,heart attack,ami-8a,heart attack patients given pci within 90 minutes of arrival,empty,0 patients,al_ami-8a
52,10005,marshall medical center south,2505 u s highway 431 north,empty,empty,boaz,al,35957,marshall,2565938310,acute care hospitals,government - hospital district or authority,yes,heart failure,hf-1,heart failure patients given discharge instructions,78%,empty,al_hf-1
53,34895.62513491809,marshall medical center south,2505 u s highway 431 north,empty,empty,boaz,al,35957,marshall,2565938310,acute care hospitals,government - hospital district or authority,yes,heart failure,hf-2,heart failure patients given an evaluation of left ventricular systolic (lvs) function,99%,160 patie%n#ts,al_hf-2
54,58707.106430607135,marshall medical center south,2505 u s highway 431 north,empty,empty,boaz,al,35957,marshall,2565938310,acute care hospitals,government - hospital district or authority,yes,heart failure,hf-3,heart failure patients given ace inhibitor or arb for left ventricular systolic dysfunction (lvsd),90%,69 patients,al_hf-3
55,10005,marshall medical center south,2505 u s highway 431 north,empty,empty,boaz,al,35957,marshall,2565938310,acute care hospitals,government - hospital district or authority,yes,heart failure,hf-4,heart failure patients given smoking cessation advice/counseling,94%,34 patients,al_hf-4
56,10005,marshall medical center south,2505 u s highway 431 north,empty,empty,boaz,al,35957,marshall,2565938310,acute care hospitals,government - hospital district or authority,yes,pneumonia,p@@n-2,pneumonia patients assessed and given pneumococcal vaccination,97%,172 patients,al_pn%-2
57,10005,marshall medical center south,2505 u s highway 431 north,empty,empty,boaz,al,35957,marshall,2565938310,acute care hospitals,government - hospital district or authority,yes,pneumonia,p@@$n-3b,pneumonia patients whose initial emergency room blood culture was performed prior to the administration of the first hospital dose of antibiotics,97%,120 patients,al_pn-3b
58,10005,marshall medical center south,2505 u s highway 431 north,empty%,empty,boaz,al,35957,marshall,2565938310,acute care hospitals,government - hospital district or authority,yes,pneumonia,pn-??4??,pneumonia patients given smoking cessation advice/counseling,97%%,98 patients,al_pn-4
59,10005,marshall medical center south,2505 u s highway 431 north,em@@pt#y,empty,boaz,al,35957,marshall,2565938310,acute care hospitals,government - hospital district or authority,yes,,$pn-5c,pneumonia patients given initial antibiotic(s) within 6 hours after arrival,96%,211 patients,al_pn-5c
60,10005,marshall medical center south,2505 u s highway 431 north,empty,empty,boaz,al,35957,marshall,2565938310,acute care hospitals,government - hospital district or authority,yes,,pn%@@-6,pneumonia patients given the most appropriat??e initial antibiotic(s),??9#2%,175 patients,al_pn-6
61,10005,marshall medical center south,2505 u s highway 431 north,empty,empty,boaz,al,35957,marshall,2565938310,acute care hospitals,government - hospital district or authority,yes,pneumonia,pn-7,pneumonia patients assessed and given influenza vaccination,empty,empty,al_pn-7
62,10005,marshall medical center south,2505 u s highway 431 north,empty,empty,boaz,al,35957,marshall,2565938310,acute care hospitals,government - hospital district or authority,yes,surgical infection prevention,scip-card-2,surgery patients who were taking heart drugs called beta blockers before coming to the hospital who were kept on the beta blockers during the period just before and after their surgery,36%,14 patients,al_scip-card-2
63,10005,marshall medical center south,2505 u s highway 431 north,empty,empty,boaz,al,35957,marshall,2565938310,acute care hospitals,government - hospital district or authority,yes,surgical infection prevention,scip-inf-1,surgery patients who were given an antibiotic at the right time (within one hour before surgery) to help prevent infection,96%,168 patients,al_scip-inf-1
64,10005,marshall medical center south,2505 u s highway 431 north,empty,empty,boaz,al,35957,marshall,2565938310,acute care hospitals,government - hospital district or authority,yes,surgical infection prevention,scip-inf-2,surgery patients who were given the  right kind  of antibiotic to help prevent infection,93%,167 patients,al_scip-inf-2
65,10005,marshall medical center south,2505 u s highway 431 north,empty,empty,boaz,al,35957,marshall,2565938310,acute care hospitals,government - hospital district or authority,yes,surgical infection prevention,scip-inf-3,surgery patients whose preventive antibiotics were stopped at the right time (within 24 hours after surgery),empty,158 patients,al_scip-inf-3
66,10005,marshall medical center south,2505 u s highway 431 north,empty,empty,boaz,al,35957,marshall,2565938310,acute care hospitals,government - hospital district or authority,yes,surgical infection prevention,scip-inf-4,all heart surgery patients whose blood sugar (blood glucose) is kept under good control in the days right after surgery,empty,0 patients,al_scip-inf-4
67,10005,marshall medical center south,2505 u s highway 431 north,empty,empty,boaz,al,35957,marshall,2565938310,acute care hospitals,government - hospital district or authority,yes,surgical infection prevention,scip-inf-6,surgery patients needing hair removed from the surgical area before surgery who had hair removed using a safer method (electric clippers or hair removal cream c not a razor),?#?100%,23%7@@ patients,al_scip-inf-6
68,10005,marshall medical center south,2505 u s highway 431 north,empty,empty,boaz,al,35957,marshall,2565938310,acute care hospitals,government - hospital district or authority,yes,surgical infection prevention,,surgery patients whose doctors ordered treatments to prevent blood clots after certain types of surgeries,78%,76 patients,al_scip-vte-1
69,10005,marshall medical center south,2505 u s highway 431 north,empty,empty,boaz,al,35957,marshall,2565938310,acute care hospitals,government - hospital district or authority,yes,surgical infection prevention,scip-vte-2,patients who got treatment  at the right time (within 24 hours before or after their surgery) to help prevent blood clots after certain types of surgery,#74$%,76 patients,al_scip-vte-2
70,10006,eliza coffee memorial hospital,205 marengo street,empty,empty,florence,al,35631,lauderdale,2567688400,acute care hospitals,voluntary non-profit - other,yes,heart attack,ami-1,heart attack patients given aspirin at arrival,97%,159 patients,al_ami-1
71,10006,eliza coffee memorial hospital,205 marengo street,empty,empty,florence,al,35631,lauderdale,2567688400,acute care hospitals,voluntary non-profit - other,yes,,,heart attack patients given aspirin at discharge,9??6??%,247 patients,al_ami-2
72,10006,eliza coffee memorial hospital,205 marengo street,empty,emp@@ty,florence,al,35631,lauderdale,2567688400,acute care hospitals,voluntary non-profit - other,yes,heart attack,ami-3,heart attack patients given ace inhibitor or arb for left ventricular systolic dysfunction (lvsd),93%#,43 patients,al_ami-3
73,10006,eliza coffee memorial hospital,205 marengo street,empty,empty,florence,al,35631,lauderdale,2567688400,acute care hospitals,voluntary non-profit - other,yes,heart attack,ami-4,heart attack patients given smoking cessation advice/counseling,100%,103 patients,al_ami-4
74,10006,eliza coffee memorial hospital,205 marengo street,empty,empty,florence,al,35631,lauderdale,2567688400,acute care hospitals,voluntary non-profit - other,yes,heart attack,ami-5,heart attack patients given beta blocker at discharge,96%,227 patients,al_ami-5
75,10006,eliza coffee memorial hospital,205 marengo street,empty,e%mpty??,florence,al,35631,lauderdale,2567688400,acute care hospitals,voluntary non-profit - other,yes,heart attack,ami-7a,heart attack patients given fibrinolytic medication within 30 minutes of arrival,empty,0 patients,al_ami-7a
76,10006,eliza coffee memorial hospital,205 marengo street,empty,empty????,florence,al,35631,lauderdale,2567688400,acute care hospitals,voluntary non-profit - other,yes,heart attack,ami-8a,heart attack patients given pci within 90 minutes of arrival,98%,61 p#atien$ts,al_ami-8a
77,,eliza coffee memorial hospital,205 marengo street,empty,empty,florence,al,35631,lauderdale,2567688400,acute care hospitals,voluntary non-profit - other,yes,heart failure,h#f??-1,heart failure patients given discharge instructions,79%,217 patients,
78,10006,eliza coffee memorial hospital,205 marengo street,empty,empty,florence,al,35631,lauderdale,2567688400,acute care hospitals,voluntary non-profit - other,yes,heart failure,hf-2@@%,heart failure patients given an evaluation of left ventricular systolic (lvs) function,97%,259 patients,al_hf-2
79,10006,eliza coffee memorial hospital,205 marengo street,empty,empty,florence,al,35631,lauderdale,2567688400,acute care hospitals,voluntary non-profit - other,yes,heart failure,hf-3,heart failure patients given ace inhibitor or arb for left ventricular systolic dysfunction (lvsd),82%,84 patients,al_hf-3
80,,,205 marengo street,empty,empty,florence,,35631,lauderdale,2567688400,acute care hospitals,voluntary non-profit - other,yes,heart failure,hf@@-@@4,heart failure patients given smoking cessation advice/counseling,100%%,53 patients,al_hf-4
81,44606.676723986646,eliza coffee memorial hospital,205 marengo street,empty,empty,florence,al,35631,lauderdale,2567688400,acute care hospitals,voluntary non-profit - other,yes,pneumonia,pn-2,pneumonia patients assessed and given pneumococcal vaccination,90%,174 patients,al_pn-2
82,10006,eliza coffee memorial hospital,205 marengo street,empt#y,empty,florence,al,35631,lauderdale,2567688400,acute care hospitals,voluntary non-profit - other,yes,pneumonia,pn-3b,pneumonia patients whose initial emergency room blood culture was performed prior to the administration of the first hospital dose of antibiotics,95%,137 pa@@tie@@nts,al_pn-3b
83,10006,eliza coffee memorial hospital,205 marengo street,empty,empty,florence,al,35631,lauderdale,2567688400,acute care hospitals,voluntary non-profit - other,yes,pneumonia,pn-4,pneumonia patients given smoking cessation advice/counseling,100%,65 patients#,al_pn-4
84,10006,eliza coffee memorial hospital,205 marengo street,empty,e@@@@mpty,florence,al,35631,lauderdale,2567688400,acute care hospitals,voluntary non-profit - other,yes,pneumonia,pn-5c,pneumonia patients given initial antibiotic(s) within 6 hours after arrival,96%,20??0 pa#tients,al_pn-5c
85,39360.95545482694,eliza coffee memorial hospital,205 marengo street,empty,empty,florence,al,35631,lauderdale,2567688400,acute care hospitals,voluntary non-profit - other,yes,pneumonia,pn-6,pneumonia patients given the most appropriate initial antibiotic(s),91%,empty,al_pn-6
86,10006,eliza coffee memorial hospital,205 marengo street,empty,$emp#ty,florence,al,35631,lauderdale,2567688400,acute care hospitals,voluntary non-profit - other,yes,pneumonia,p@@#n-7,pneumonia patient%s assessed and given infl%uenza vaccination,88%,8??5 ??patients,al_pn-7
87,10006,eliza coffee memorial hospital,205 marengo street,empty,empty,florence,al,35631,lauderdale,2567688400,acute care hospitals,voluntary non-profit - other,yes,surgical infection prevention,scip-card-2,surgery patients who were taking heart drugs called beta blockers before coming to the hospital who were kept on the beta blockers during the period just before and after their surgery,96%,107 patients@@,al_scip-card-2
88,10006,eliza coffee memorial hospital,205 marengo street,emp#ty,empty,florence,al,35631,lauderdale,2567688400,acute care hospitals,voluntary non-profit - other,yes,surgical infection prevention,scip-inf-1,surgery patients who were given an antibiotic at the right time (within one hour before surgery) to help prevent infection,99%,457 patient$s,al_scip-inf-1
89,33552.01260343424,eliza coffee memorial hospital,205 marengo street,empty,empty,florence,al,35631,lauderdale,2567688400,acute care hospitals,voluntary non-profit - other,yes,surgical infection prevention,scip-inf-2,surgery patients who were given the  right kind  of antibiotic to help prevent infection,%99$%,462 patients,al_scip-inf-2
90,10006,eliza coffee memorial hospital,205 marengo street,empty,empty,florence,al,35631,lauderdale,2567688400,acute care hospitals,voluntary non-profit - other,yes,surgical infection prevention,scip-inf-3,surgery patients whose preventive antibiotics were stopped at the right time (within 24 hours after surgery),94%,4@@39 patients,al_scip-inf-3
91,49239.87618662673,eliza coffee memorial hospital,205 marengo street,empty,empty,florence,al,35631,lauderdale,2567688400,acute care hospitals,voluntary non-profit - other,yes,surgical infection prevention,scip-inf-4,all heart surgery patients whose blood sugar (blood glucose) is kept under good control in the days right after surgery,89%,130 $patients,al_scip-inf-4
92,10006,eliza coffee memorial hospital,205 marengo street,empty,empty,florence,al,35631,lauderdale,2567688400,acute care hospitals,voluntary non-profit - other,yes,surgical infection prevention,scip-inf-6,surgery patients needing hair removed from the surgical area before surgery who had hair removed using a safer method (electric clippers or hair removal cream c not a razor),empty,619 patients,al_scip-inf-6
93,10006,eliza coffee memorial hospital,205 marengo street,empty,em%p$ty,florence,al,35631,lauderdale,2567688400,acute care hospitals,voluntary non-profit - other,yes,surgical infection prevention,,surgery patients whose doctors ordered treatments to prevent blood clots after certain types of surgeries,95%%,242 patients,al_scip-vte-1
94,10006,eliza coffee memorial hospital,205 marengo street,empty,empty,florence,al,35631,lauderdale,2567688400,acute care hospitals,voluntary non-profit - other,yes,surgical infection prevention,scip-vte-2,patients who got treatment  at the right time (within 24 hours before or after their surgery) to help prevent blood clots after certain types of surgery,92%,242 patients,al_scip-vte-2
95,10007,mizell memorial hospital,702 n main st,empty,empty,opp,al,36467,covington,3344933541,acute care hospitals,voluntary non-profit - private,no,heart attack,ami-1,heart attack patients given aspirin at arrival,60%,5 patients,al_ami-1
96,10007,mizell memorial hospital,702 n main st,empty,empty,opp,al,36467,covington,3344933541,acute care hospitals,voluntary non-profit - private,no,heart attack,ami-2,heart attack patients given aspirin at discharge,@@50%$,2 pa%tients,al_ami-2
97,10007,mizell memorial hospital,702 n main st,empty,empty,opp,al,36467,covington,3344933541,acute care hospitals,voluntary non-profit - private,no,heart attack,,heart attack patients given ace inhibitor or arb for left ventricular systolic dysfunction (lvsd),empty,empty,al_ami-3
98,10007,mizell memorial hospital,702 n main st,empty,empty,opp,al,36467,covington,3344933541,acute care hospitals,voluntary non-profit - private,no,hea%rt a%ttack,,heart attack patients given smoking cessation advice/counseling,empty,0 patients,al_ami-4
99,10007,mizell memorial hospital,702 n main st,empty,empty,opp,al,36467,covington,3344933541,acute care hospitals,voluntary non-profit - private,no,heart attack,ami-5,heart attack patients given beta blocker at discharge,100%,2 patients,al_ami-5
100,58634.378154931015,mizell memor#%ial hospital,702 n main st,empty,empty,opp,al,36467,covington,3344933541,acute care hospitals,voluntary non-profit - private,no,heart attack,,heart attack patients given fibrinolytic medication within 30 minutes of arrival,#e#mpty,0 patients,al_ami-7a
101,10007,mizell memorial hospital,702 n main st,empty,empty,opp,al,36467,covington,3344933541,acute care hospitals,voluntary non-profit - private,no,heart attack,ami-8a,heart attack patients given pci within 90 minutes of arrival,empty,0 patients,al_ami-8a
102,10007,mizell memorial hospital,702 n main st,empty,empty,opp,al,36467,covington,3344933541,acute care hospitals,voluntary non-profit - private,no,heart failure,hf-1,heart failure patients given discharge instructions,98%,59 patients,al_hf-1
103,52405.43308155241,mizell memorial hospital,702 n main st,empty,empty,opp,al,36467,covington,3344933541,acute care hospitals,voluntary non-profit - private,no,heart failure,hf-2,heart failure patients given an evaluation of left ventricular systolic (lvs) function,87%,76 patients,al_hf-2
104,10007,mizell memorial hospital,702 n main st,empty,emp??t%y,opp,al,36467,covington,3344933541,acute care hospitals,voluntary non-profit - private,no,heart failure,hf-3,heart failure patients given ace inhibitor or arb for left ventricular systolic dysfunction (lvsd),64%,14 patients,al_hf-3
105,10007,mizell memorial hospital,702 n main st,empty,empty,opp,al,36467,covington,3344933541,acute care hospitals,voluntary non-profit - private,no,heart failure,hf-4,heart failure patients given smoking cessation advice/counseling,100%,8 patients,al_hf-4
106,10007,mizell memorial hospital,702 n main st,empty,empty,opp,al,36467,covington,3344933541,acute care hospitals,voluntary non-profit - private,no,pneumonia,pn-2,pneumonia patients assessed and given pneumococcal vaccination,87%,85 patients,al_pn-2
107,10007,mizell memorial hospital,702 n main st,empty,empty,opp,al,36467,covington,3344933541,acute care hospitals,voluntary non-profit - private,no,pneumonia,,pneumonia patients whose initial emergency room blood culture was performed prior to the administration of the first hospital dose of antibiotics,78%,empty,al_pn-3b
108,10007,mizell memorial hospital,702 n main st,empty,empty,opp,al,36467,covington,3344933541,acute care hospitals,voluntary non-profit - private,no,pneu#moni$a,,pneumonia patients given smokin$g cessation a%dvice/counseling,$100%,28 patients,
109,32477.97377910649,mizell memorial hospital,702 n main st,empty,empty,opp,al,36467,covington,3344933541,acute care hospitals,voluntary non-profit - private,no,pneumonia,pn-5c,pneumonia patients given initial antibiotic(s) within 6 hours after arrival,95%,87 patients,al_pn-5c
110,45373.24084088247,mizell memorial hospital,702 n main st,e%m??pty,empty,opp,al,36467,covington,3344933541,acute care hospitals,voluntary non-profit - private,no,pneumonia,pn-%6,pneumonia patients given the mos@@t appropriate initial antibiotic(s),88%,5#7 patients,al_pn-6
111,47339.499368468794,,702 n main s@@t,empty,empty,opp,,36467,covington,12209856007.076324,acute care hospitals,voluntary non-profit - private,no,pneumonia,pn-7,pneumonia patients assessed and given influenza vaccination,90%,63 patients,al_pn-7
112,39420.591634186356,mizell memorial hospital,702 n main st,empty,empty,opp,al,36467,covington,3344933541,acute care hospitals,voluntary non-profit - private,no,surgical infection prevention,scip-card-2,surgery patients who were taking heart drugs called beta blockers before coming to the hospital who were kept on the beta blockers during the period just before and after their surgery,91%,11 patients,al_scip-card-2
113,10007,mizell memorial hospital,702 n main st,empty,emp%ty%,opp,al,36467,covington,3344933541,acute care hospitals,voluntary non-profit - private,no,surgical infection prevention,scip-i%nf-1,surgery patients who were given an antibiotic at the right time (within one hour before surgery) to help prevent infection,??88%@@,101 patients,al_scip-inf-1
114,10007,mizell memorial hospital,702 n main st,empty,empty,opp,al,36467,covington,3344933541,acute care hospitals,voluntary non-profit - private,no,surgical infection prevention,scip-inf-2,surgery patients who were given the  right kind  of antibiotic to help prevent infection,91%,101 patients,al_scip-inf-2
115,10007,mizell memorial hospital,702 n main st,empty,#empty,opp,al,36467,covington,3344933541,acute care hospitals,voluntary non-profit - private,no,surgical infection pre??vention,s$cip-inf-3,surgery patients whose preventiv??e antibiotics were# stopped at the right time (within 24 hours after surgery),93%,100 patients,al_scip-inf-3
116,10007,mizell memorial hospital,702 n main st,empty,empty,opp,al,36467,covington,3344933541,acute care hospitals,voluntary non-profit - private,no,surgical infection prevention,scip-inf-4,all heart surgery patients whose blood sugar (blood glucose) is kept under good control in the days right after surgery,empty,0 patients,al_scip-inf-4
117,10007,mizell memorial hospital,702 n main st,empty,empty,opp,al,36467,covington,3344933541,acute care hospitals,voluntary non-profit - private,no,surgical infection prevention,s??cip-inf-6,surgery patients needing hair removed from the surgical area before surgery who had hair removed using a safer method (electric clippers or hair removal cream c not a razor),100%,123 patients,al_scip-inf-6
118,10007,mizell memorial hospital,702 n main st,empty,empty,opp,al,36467,covington,3344933541,acute care hospitals,voluntary non-profit - private,no,surgical infection prevention,scip-vte-1,surgery patients whose doctors ordered treatments to prevent blood clots after certain types of surgeries,87%,77 patients,al_scip-vte-1
119,10007,mizell memorial hospital,702 n main st,empty,empty,opp,al,36467,covington,3344933541,acute care hospitals,voluntary non-profit - private,no,surgical infection prevention,scip-vte-2,patients who got treatment  at the right time (within 24 hours before or after their surgery) to help prevent blood clots after certain types of surgery,88%,empty,al_scip-vte-2
120,10008,crenshaw community hospital,101 hospital circle,empty,empty,luverne,al,36049,crenshaw,3343353374,acute care hospitals,government - federal,yes,heart attack,ami-1,heart attack patients given aspirin at arrival,0%,1 patients,al_ami-1
121,10008,crenshaw community hospital,101 hospital circle,empty,empty,luverne,al,36049,crenshaw,3343353374,acute care hospitals,government - federal,yes,heart attack,ami-2,heart attack patients given aspirin at discharge,empty,1 patients,al_ami-2
122,47110.02608024528,crenshaw community hospital,101 hospital circle,empty,empty,luverne,al,36049,crenshaw,3343353374,acute care hospitals,government - federal,yes,heart attack,ami-3,heart attack patients given ace inhibitor or arb for left ventricular systolic dysfunction (lvsd),empty,0 patients,al_ami-3
123,55593.803207043034,crenshaw community hospital,101 hospital circle,em@@pt$y,empty,luverne,al,36049,crenshaw,3343353374,acute care hospitals,government - federal,yes,heart attack,ami-4,heart attack patients given smoking cessation advice/counseling,empty,0 patients,al_ami-4
124,10008,crenshaw community hospital,101 hospital circle,empty,empty,luverne,al,36049,crenshaw,3343353374,acute care hospitals,government - federal,yes,heart attack,ami-5,heart attack patients given beta blocker at discharge,0%,1 patients,al_ami-5
125,35561.09575290584,crenshaw community hospital,101 hospital circle,empty,empty,luverne,al,36049,crenshaw,3343353374,acute care hospitals,government - federal,yes,heart attack,ami-7a,heart attack patients given fibrinolytic medication within 30 minutes of arrival,empty,0 p%atients%,al_ami-7a
126,32970.923583582364,crenshaw community hospital,101 hospital circle,empty,empty,luverne,al,36049,crenshaw,3343353374,acute care hospitals,government - federal,yes,,ami-%8a,heart attack patients given pci within 90 minutes of arrival,empty,0 patients,al_ami-8a
127,10008,crenshaw community hospital,101 hospital circle,empty,empt#y,luverne,al,36049,crenshaw,3343353374,acute care hospitals,government - federal,yes,heart failure,hf-1,heart failure patients given discharge instructions,%4%,26?? pat$ients,al_hf-1
128,10008,crenshaw community hospital,101 hospital circle,empty,empty,luverne,al,36049,crenshaw,3343353374,acute care hospitals,government - federal,yes,heart failure,hf-2,heart failure patients given an evaluation of left ventricular systolic (lvs) function,72%,empty,al_hf-2
129,10008,crenshaw community hospital,101 hospital circle,empty,empty,luverne,al,36049,crenshaw,3343353374,acute care hospitals,government - federal,yes,heart failure,hf-3,heart failure patients given ace inhibitor or arb for left ventricular systolic dysfunction (lvsd),75%,empty,al_hf-3
130,10008,crenshaw community hospital,101 hospital circle,empty,empty,luverne,al,36049,crenshaw,3343353374,acute care hospitals,government - federal,yes,heart failure,hf-4,heart failure patients given smoking cessation advice/counseling,0%,empty,al_hf-4
131,10008,crenshaw community hospital,101 hospital circle,??empty,empty$$,luverne,al,36049,crenshaw,3343353374,acute care hospitals,government - federal,yes,pneumonia,pn-2,pneumonia patients assessed and given pneumococcal vaccination,2$5%,@@16 patie#nts,al_pn-2
132,10008,crenshaw community hospital,101 hospital circle,??empty,empty,luverne,al,36049,crenshaw,3343353374,acute care hospitals,government - federal,yes,pneumonia,pn-3b,pneumonia patients whose initial emergency room blood culture was performed prior to the administration of the first hospital dose of antibiotics,93%,15 patients,al_pn-3b
133,10008,crenshaw community hospital,101 hospital circle,empty,@$@empty,luverne,al,36049,crenshaw,3343353374,acute care hospitals,government - federal,yes,pneumonia,pn-4,pneumonia patients given smoking cessation advice/counseling,33%,9 @@pati??ents,al_pn-4
134,59306.39964790771,crenshaw community hospital,101 hospital circle,empty,empty,luverne,al,36049,crenshaw,3343353374,acute care hospitals,government - federal,yes,pneumonia,pn-5c,pneumonia patients given initial antibiotic(s) within 6 hours after arrival,95%$,empty,al_pn-5c
135,10008,crenshaw community hospital,101 hospital circle,empty,empty,luverne,al,36049,crenshaw,3343353374,acute care hospitals,government - federal,yes,%pneumonia,,pneumonia patients given the most appropriate initial antibiotic(s),62%,21 patients,al_pn-6
136,10008,crenshaw community hospital,101 hospital circle,empty,empty,luverne,al,36049,crenshaw,3343353374,acute care hospitals,government - federal,yes,pneumonia,pn-7,pneumonia patients assessed and given influenza vaccination,47%,15 patients,al_pn-7
137,10008,crenshaw community hospital,101 hospital circle,empty,empty,luverne,al,36049,crenshaw,3343353374,acute care hospitals,government - federal,yes,surgical infection prevention,scip@@-??card-2,surgery patients who were taking heart drugs called beta blockers before coming to the hospital who were kept on the beta blockers during the period just before and after their surgery,100%,1 patients,
138,52334.301340060505,crenshaw community hospital,101 hospital circle,empty,empty,luverne,al,36049,crenshaw,3343353374,acute care hospitals,government - federal,yes,surgical infection prevention,scip-inf-1,surgery patients who were given an antibiotic at the right time (within one hour before surgery) to help prevent infection,100%,2 patients,al_scip-inf-1
139,10008,crenshaw community hospital,101 hospital circle,empty,empty,luverne,al,36049,crenshaw,3343353374,acute care hospitals,government - federal,yes,surgical infection prevention,sc%i@@p-inf-2,surgery patients who were given the  right kind  of antibiotic to help prevent infection,100%,2 patients,al_scip-inf-2
140,10008,crenshaw community hospital,101 hospital circle,e@@mpty,em@@p%ty,luverne,al,36049,crenshaw,3343353374,acute care hospitals,government - federal,yes,surgical infection prevention,,surgery patients whose preventive antibiotics were stopped at the right time (within 24 hours after surgery),100%,2 patients,al_scip-inf-3
141,10008,crenshaw community hospital,101 hospital circle,??e#mpty,empty,luverne,al,36049,crenshaw,3343353374,acute care hospitals,government - federal,yes,surgical infection prevention,scip-@@i%nf-4,all heart surgery patients whose blood sugar (blood glucose) is kept under good control in the days right after surgery,em??pty,empty,al_scip-inf-4
142,10008,crenshaw community hospital,101 hospital circle,empty,empty,luverne,al,36049,crenshaw,3343353374,acute care hospitals,government - federal,yes,surgical infection prevention,scip-inf-6,surgery patients needing hair removed from the surgical area before surgery who had hair removed using a safer method (electric clippers or hair removal cream c not a razor),100%,@@4 patients,al_scip-inf-6
143,10008,crenshaw community hospital,101 hospital circle,empty,empty,luverne,al,36049,crenshaw,3343353374,acute care hospitals,government - federal,yes,surgical infection prevention,scip-vte-1,surgery patients whose doctors ordered treatments to prevent blood clots after certain types of surgeries,100%,4?? patien@@ts,al_scip-vte-1
144,10008,crenshaw community hospital,101 hospital circle,empty,empty,luverne,al,36049,crenshaw,3343353374,acute care hospitals,government - federal,yes,surgical infection prevention,scip-vte-2,patients who got treatment  at the right time (within 24 hours before or after their surgery) to help prevent blood clots after certain types of surgery,empty,4 patients,al_scip-vte-2
145,10009,hartselle medical center,201 pine street northwest,empty,empty,hartselle,al,35640,morgan,2567736511,acute care hospitals,proprietary,yes,heart attack,ami-1,heart attack patients given aspirin at arrival,100%??,6 patients,al_ami-1
146,10009,hartselle medical center,201 pine street northwest,empty,empty,hartselle,al,35640,morgan,2567736511,acute care hospitals,proprietary,yes,heart attack,ami-2,heart attack patients given aspirin at discharge,100%,1 patients,al_ami-2
147,10009,hartselle medical center,201 pine street northwest,emp$#ty,empty,hartselle,al,35640,morgan,2567736511,acute care hospitals,proprietary,yes,heart attack,ami-3,heart attack patients given ace inhibitor or arb for left ventricular systolic dysfunction (lvsd),100%,empty,al_ami-3
148,10009,hartselle medical center,201 pine street northwest,empty,e@@mpty#,hartselle,al,35640,morgan,2567736511,acute care hospitals,proprietary,yes,heart attack,ami-4,heart attack patients given smoking cessation advice/counseling,100%,2 p??atients,al_ami-4
149,31948.1957101491,hartselle medical center,201 pine street northwest,emp$t%y,empty,hartselle,al,35640,morgan,2567736511,acute care hospitals,proprietary,yes,heart attack,ami-??5,heart attack patients given beta blocker at discharge,100%,3 patients,al_ami-5
150,10009,hartselle medical center,201 pine street northwest,empty,empty,hartselle,al,35640,morgan,2567736511,acute care hospitals,proprietary,yes,heart attack,ami-7a$,heart attack patients given fibrinolytic medication within 30 minutes of arrival,empty,0 %patients,al_ami-7a
151,43490.42348964039,hartselle medical center,201 pine street northwest,empty,empty,hartselle,al,35640,morgan,2567736511,acute care hospitals,proprietary,yes,heart attack,a??mi-8a,heart attack p??atients given pci within 90 minutes of arrival,empty,0 pa%$tients,al_ami-8a
152,10009,hartselle medical center,201 pine street northwest,empty,empty,hartselle,al,35640,morgan,2567736511,acute care hospitals,proprietary,yes,heart failure,hf#-1,heart failure patients given discharge instructions,@@97@@%,35 patients,al_hf??-1
153,10009,hartselle medical center,201 pine street northwest,empty,empty,hartselle,al,35640,morgan,2567736511,acute care hospitals,proprietary,yes,heart failure,hf-2,heart failure patients given an evaluation of left ventricular systolic (lvs) function,98%,42 patients,al_hf-2
154,55911.215922342155,hartselle medical center,201 pine street northwest,empty,@@empt??y,hartselle,al,35640,morgan,2567736511,acute care hospitals,proprietary,yes,heart failure,,heart failure patients given ace inhibitor or arb for left ventricular systolic dysfu$nction (lvsd),100%,10 patients,al_hf-3
155,44061.20096509203,hartselle medical center,201 pine street northwest,empty,empty,hartselle,al,35640,morgan,2567736511,acute care hospitals,proprietary,yes,heart failure,hf??-4,heart failure patients given smoking cessation #advice/counseling,100%,12 patients,al_hf-4
156,10009,hartselle medical center,201 pine street northwest,empty,empty,hartselle,al,35640,morgan,2567736511,acute care hospitals,proprietary,yes,pneumonia,,pneumonia patients assessed and given pneumococcal vaccination,98%,44 patients,al_pn-2
157,10009,hartselle medical center,201 pine street northwest,empty,e??m@@pty,hartselle,al,35640,morgan,2567736511,acute care hospitals,proprietary,yes,pneumonia,$pn-3$b,pneumonia patients whose initial emergency room blood culture was performed prior to the administration of the first hospital dose of antibiotics,100%,30 ??patients,al_pn-3b
158,10009,hartselle medical center,201 pine street northwest,empty,empty,hartselle,al,35640,morgan,2567736511,acute care hospitals,proprietary,yes,pneumonia,pn-4,pneumonia patients given smoking cessation advice/counseling,100%,25 patient#s,al_pn-4
159,10009,hartselle medical center,201 pine street northwest,empty,#empty,hartselle,al,35640,morgan,2567736511,acute care hospitals,proprietary,yes,pneumonia,pn-5c,pneumonia patients given initial antibiotic(s) within 6 hours after arrival,98%,51 patients,al_pn-5c
160,10009,hartselle medical center,201 pine street northwest,empty,empty@@,hartselle,al,35640,morgan,2567736511,acute care hospita@@$ls,proprietary,yes,,pn@@-6,pneumonia patients given ??the most appropriate@@ initial antibiotic(s),100%,45 patients,al_pn-6
161,,hartselle medical center,201 pine street northwest,#empty,empty,hartselle,al,35640,morgan,2567736511,acute care hospitals,proprietary,yes,pneumonia,pn-#7,pneumonia patients assessed and given influenza vaccination,97%,30 patients,al_pn-7
162,10009,hartselle medical center,201 pine street northwest,empty,empty,hartselle,al,35640,morgan,2567736511,acute care hospitals,proprietary,yes,surgical infection prevention,scip-card-2,surgery patients who were taking heart drugs called beta blockers before coming to the hospital who were kept on the beta blockers during the period just before and after their surgery,67%,3 patients,al_scip-card-2
163,10009,hartselle medical center,201 pine street northwest,empty@@,empty,hartselle,al,35640,morgan,2567736511,acute care hospitals,proprietary,yes,surgical infection prevention,scip-inf-1,surgery patients who were given an antibiotic at the right time (within one hour before surgery) to help prevent infection,100%%#,6 patients,al_scip-inf-1
164,52645.86387546794,hartselle me@@dical center,,empty,empty,hartselle,al,,morgan,2567736511,acute care hospitals,,yes,,scip#-inf-2#,surgery patients who were given the  right kind  of antibiotic to help prevent infection,57%,7 patients,al_scip-in??f-2
165,10009,hartselle medical center,201 pine street northwest,empty,empty,hartselle,al,35640,morgan,2567736511,acute care hospitals,proprietary,yes,surgical infection prevention,scip-inf-3,surgery patients whose preventive antibiotics were stopped at the right time (within 24 hours after surgery),80%,5 p??atients,al_scip-inf-3
166,10009,hartselle medical center,201 pine street northwest,empty,empty$,hartselle,al,35640,morgan,2567736511,acute care hospitals,proprietary,yes,surgical infection prevention,scip-inf-4,all heart surgery patients whose blood sugar (blood glucose) is kept under good control in the days right after surgery,empty,@@0 patients$,al_scip-inf-4
167,10009,hartselle medical center,201 pine street northwest,empty,empty,hartselle,al,35640,morgan,2567736511,acute care hospitals,proprietary,yes,surgical infection prevention,scip-inf-6,surgery patients needing hair removed from the surgical area before surgery who had hair removed using a safer method (electric clippers or hair removal cream c not a razor),100%,11 patients,al_scip-inf-6
168,10009,hartselle medical center,201 pine street northwest,empty,empty,hartselle,al,35640,morgan,2567736511,acute care hospitals,proprietary,yes,surgical infection prevention,scip-vt#e-1,surgery patients whose doctors ordered treatments to prevent blood clots after certain types of surgeries,empty,9 patients,al_scip-vte-1
169,10009,hartselle medical center,201 pine street northwest,empty,empty,hartselle,al,35640,morgan,2567736511,acute care hospitals,proprietary,yes,surgical infection prevention,scip-vte-2,patients who got treatment  at the right time (within 24 hours before or after their surgery) to help prevent blood clots after certain types of surgery,78%,9 pat#ients#,al_scip-vte-2
170,10010,marshall medical center north,8000 alabama highway 69,empty,empty,guntersville,al,35976,marshall,2565718000,acute care hospitals,government - hospital district or authority,yes,heart attack,ami-1,heart attack patients given aspirin at arrival,10@@@@0%,8 %patients,al_ami-1
171,10010,marshall medical center north,8000 alabama highway 69,empty,empty,guntersville,al,35976,marshall,2565718000,acute care hospitals,government - hospital district or authority,yes,heart attack,ami-2,heart attack patients given aspirin at discharge,100%,6 patients,al_ami-2
172,10010,marshall medical center north,8000 alabama highway 69,empty,empty,guntersville,al,35976,marshall,2565718000,acute care hospitals,government - hospital district or authority,yes,heart attack,ami-3,heart attack patients given ace inhibitor or arb for left ventricular systolic dysfunction (lvsd),50%,empty,al_ami-3
173,42023.17941179369,marsha@@ll medical center %north,@@8000 alabama highway 69,empty,empty,,,35976,marshall,2565718000,acute care hospitals,government - hospital #district or authority,yes,heart attack,,heart attack patients given smoking cessation advice/counseling,100%,2 patients,al_ami-4
174,38577.36082122538,marshall medi%#cal center north,8000 alabama highway 69,empty,empty,gunter????sville,al,35976,marshall,2565718000,acute care hospitals,,yes,heart attack,ami-5,heart attack patients given beta blocker at discharge,83%,6 patients,al_ami-5
175,,marshall medical center north,8000 alabama highway 69,empty,empty,guntersville,al,35976,marshall,2565718000,acute care hospitals,government - hospital district or authority,yes,heart attack,ami-7a,heart attack patients given fibrinolytic medication within 30 minutes of arrival,e%mpty,0 patients,al_ami-7a
176,10010,marshall medical center north,8000 alabama highway 69,emp#ty,empty,guntersville,al,35976,marshall,2565718000,acute care hospitals,government - hospital district or authority,yes,heart attack,ami-8a,heart attack patients given pci within 90 minutes of arrival,empty,empty,al_ami-8a
177,57313.774811887284,marshall medical center north,8000 alabama highway 69,empty,empty,guntersville,al,35976,marshall,2565718000,acute care hospitals,government - hospital district or authority,yes,heart failure,hf-1,heart failure patients given discharge instructions,93#??%,55 pa%tients,al_hf-1
178,,mars$hall medical center north,8000 alab%ama highway 6#9,empt??y,empty,guntersville,al,35976,marshall,2565718000,acute care hospitals,government - hospital district or authority,yes,heart failure,hf-2,heart failure patients given an evaluation of left ventricular systolic (lvs) function,84%,80 patients,al_hf-2
179,10010,marshall medical center north,8000 alabama highway 69,empty,empty,guntersville,al,35976,marshall,2565718000,acute care hospitals,government - hospital district or authority,yes,heart failure,hf-3,heart failure patients given ace inhibitor or arb for left ventricular systolic dysfunction (lvsd),78%,27 patients,al_hf-3
180,10010,marshall medical center north,8000 alabama highway 69,empty,empty,guntersville,al,35976,marshall,2565718000,acute care hospitals,government - hospital district or authority,yes,heart failure,hf-4,heart failure patients given smoking cessation advice/counseling,100%,10 patients,al_hf-4
181,10010,marshall medical center north,8000 alabama highway 69,empty,empty,guntersville,al,35976,marshall,2565718000,acute care hospitals,government - hospital district or authority,yes,pneumonia,pn-2,pneumonia patients assessed and given pneumococcal vaccination,87%,128 patients,al_pn-2
182,10010,marshall medical center north,8000 alabama highway 69,empty,empty,guntersville,al,35976,marshall,2565718000,acute care hospitals,government - hospital district or authority,yes,pneumonia,pn-3b,pneumonia patients whose initial emergency room blood culture was performed prior to the administration of the first hospital dose of antibiotics,94%,115 patients,al_pn-3b
183,10010,marshall medical center north,8000 alabama highway 69,empty,empty,guntersville,al,35976,marshall,2565718000,acute care hospitals,government - hospital district or authority,yes,pneumonia,pn-4,pneumonia patients given smoking cessation advice/counseling,94%,65 patients,al_pn-4
184,10010,marshall medical center north,8000 alabama highway 69,empty,empt%y%,guntersville,al,35976,marshall,2565718000,acute care hospitals,government - hospital district or authority,yes,,??pn-5c,pneumonia patients given initial antibiotic(s) within 6 hours after arrival,empty,158 patients,al_pn-5c
185,10010,marshall medical center north,8000 alabama highway 69,empty,empty,guntersville,al,35976,marshall,2565718000,acute care hospitals,government - hospital district or authority,yes,pneumonia,pn-6,pneumonia patients given the most appropriate initial antibiotic(s),93%,133 patients,al_pn-6
186,10010,marshall medical center north,8000 alabama highway 69,empty,empty,guntersville,al,35976,marshall,2565718000,acute care hospitals,government - hospital district or authority,yes,pneumonia,pn-7,pneumonia patients assessed and given influenza vaccination,90%,101 patients,al_pn-7
187,10010,marshall medical center north,8000 alabama highway 69,empty,empty,guntersville,al,35976,marshall,2565718000,acute care hospitals,government - hospital district or authority,yes,surgical infection prevention,scip-c%ar%d-2,surgery patients who were taking heart drugs called beta blockers before coming to the hospital who were kept on the beta blockers during the period just before and after their surgery,86%,14 patients,al_#scip-car??d-2
188,10010,marshall medical center north,8000 alabama highway 69,empty,empty$,guntersville,al,35976,marshall,2565718000,acute care hospitals,government - hospital district or authority,yes,surgical infection prevention,scip-inf-1,surgery patients who were given an antibiotic at the right time (within one hour before surgery) to help prevent infection,95%,66 patients,al_scip-inf-1
189,10010,marshall medical center north,8000 alabama highway 69,empty,empty,guntersville,al,35976,marshall,2565718000,acute care hospitals,government - hospital district or authority,yes,surgical infection prevention,scip-inf-%2,surgery patients who were given the  right kind  of antibiotic to help prevent infection,91%,64 patients,al_scip-inf-2
190,10010,marshall medical center north,8000 alabama highway 69,emp@@ty,empty,guntersville,al,35976,marshall,2565718000,acute care hospitals,government - hospital district or authority,yes,surgical infection prevention,scip-inf-3,surgery patients whose preventive antibiotics were stopped at the right time (within 24 hours after surgery),empty,63 patients,al_scip-inf-3
191,10010,marshall medical center north,8000 alabama highway 69,empty,empty,guntersville,al,35976,marshall,2565718000,acute care hospitals,government - hospital district or authority,yes,surgical infection prevention,scip-inf-4,all heart surgery patients whose blood sugar (blood glucose) is kept under good control in the days right after surgery,empty,0 patients,al_scip-inf-4
192,10010,marshall medical center north,8000 alabama highway 69,empty,empty,guntersville,al,35976,marshall,2565718000,acute care hospitals,government - hospital district or authority,yes,surgical infection prevention,scip-inf-6,surgery patients needing hair removed from the surgical area before surgery who had hair removed using a safer method (electric clippers or hair removal cream c not a razor),100%,155 patients,al_scip-inf-6
193,,marshall medical center north,8000 alabama highway 69,empty,empty,guntersville,al,35976,marshall,2565718000,acute care hospitals,government - hospital district or authority,yes,surgical infection prevention,sc$ip-vte-1,surgery patients whose doctors ordered treatments to prevent blood clots after certain types of surgeries,86%,56 patients,al_scip-vte-1
194,10010,marshall medical center north,8000 alabama highway 69,empty,empty,guntersville,al,35976,marshall,2565718000,acute care hospitals,government - hospital district or authority,yes,surgical infection prevention,scip-vte-2,patients who got treatment  at the right time (within 24 hours before or after their surgery) to help prevent blood clots after certain types of surgery,84%,empty,al_scip-vte-2
195,38426.69925916354,st vincents east,50 medical park east drive,empty,empty,birmingham,al,35235,jefferson,2058383122,acute care hospitals,voluntary non-profit - private,yes,heart attack,ami-1,heart attack patients given aspirin at arrival,$99%%,240 patients,al_ami-1
196,10011,st vincents east,50 medical park east drive,empty,empty,birmingham,al,35235,jefferson,2058383122,acute care hospitals,voluntary non-profit - private,yes,heart attack,ami-2,heart attack patients given aspirin at discharge,96%,empty,al_ami-2
197,10011,st vincents east,50 medical park east drive,empty,empty,birmingham,al,35235,jefferson,2058383122,acute care hospitals,voluntary non-profit - private,yes,heart attack,ami-3,heart attack patients given ace inhibitor or arb for left ventricular systolic dysfunction (lvsd),91%,70 patients,al_ami-3
198,10011,st vincents east,50 medical park east drive,empty,empty,birmingham,al,35235,jefferson,2058383122,acute care hospitals,voluntary non-profit - private,yes,heart attack,ami-4,heart attack patients given smoking cessation advice/counseling,100%,131 patients,al_ami-4
199,10011,st vincents east,50 medical park east drive,empty,empty,birmingham,al,35235,jefferson,2058383122,acute care hospitals,voluntary non-profit - private,yes,heart attack,ami-5,heart attack patients given beta blocker at discharge,99%,288 patients,al_ami-5
200,10011,st vincents east,50 medical park east drive,empty,empty,birmingham,al,35235,jefferson,2058383122,acute care hospitals,voluntary non-profit - private,yes,heart attack,a$mi-7a@@,heart attack patients given fibrinolytic medication within 30 minutes of arrival,empty,0 p$atients,al_ami-7a
201,10011,st vincents east,50 medical park east drive,empty,empty,birmingham,al,35235,jefferson,2058383122,acute care hospitals,voluntary non-profit - private,yes,heart attack,ami-8a,heart attack patients given pci within 90 minutes of arrival,85%,empty,al_ami-8a
202,10011,st vincents east,50 medical park east drive,empty,empty,birmingham,al,35235,jefferson,2058383122,acute care hospitals,voluntary non-profit - private,yes,heart failure,hf-1,heart failure patients given discharge instructions,94%,316 patients,al_hf-1
203,10011,st vincents east,50 medical park east drive,e@@mpty,empty,birmingham,al,35235,jefferson,2058383122,acute care hospitals,voluntary non-profit - private,yes,heart failure,hf-2,heart failure patients given an evaluation of left ventricular systolic (lvs) function,98%,372 patients,al_hf-2
204,10011,st vincents east,50 medical park east drive,empty,empty,birmingham,al,35235,jefferson,2058383122,acute care hospitals,voluntary non-profit - private,yes,heart failure,hf-3,heart failure patients given ace inhibitor or arb for left ventricular systolic dysfunction (lvsd),empty,130 patients,al_hf-3
205,10011,st vincents east,50 medical park east drive,empty,empty,birmingham,al,35235,jefferson,2058383122,acute care hospitals,voluntary non-profit - private,yes,heart failure,hf-4,heart failure patients given smoking cessation advice/counseling,100%,69 patients,al_hf-4
206,10011,st vincents east,50 medical park east drive,empty,empty,birmingham,al,35235,jefferson,2058383122,acute care hospitals,voluntary non-profit - private,yes,pneumonia,pn-2$@@,pneumonia patients assessed and given pneumococcal vaccination,87%,125 patients,al_pn-2
207,10011,st vincents east,50 medical park east drive,empty,empty,birmingham,al,35235,jefferson,2058383122,acute care hospitals,voluntary non-profit - private,yes,pneumonia,pn-3b,pneumonia patients whose initial emergency room blood culture was performed prior to the administration of the first hospital dose of antibiotics,96%,131 patients,al_pn-3b
208,,st vincents east,50 medical park east drive,empty,empty,birmingham,al,35235,jefferson,2058383122,acute care hospitals,voluntary non-profit - private,yes,pneumonia,pn-4,pneumonia patients given smoking cessation advice/counseling,empty,69 patients,al_pn-4
209,10011,st vincents east,50 medical park east drive,empty,empty,birmingham,al,35235,jefferson,2058383122,acute care hospitals,voluntary non-profit - private,yes,pneumonia,pn-5c,pneumonia patients given initial antibiotic(s) within 6 hours after arrival,95%,13%5 patients,al_pn-5c
210,10011,st vincents east,50 medical park east drive,emp#ty,empty,birmingham,al,35235,jefferson,2058383122,acute care hospitals,voluntary non-profit - private,yes,pneumonia,,pneumonia patients given the most appropriate initial antibiotic(s),91%,112 patients,al_pn-6
211,10011,st vincents east,50 medical park east drive,empty,empty,birmingham,al,35235,jefferson,2058383122,acute care hospitals,voluntary non-profit - private,yes,pneumonia,pn-7,pneumonia patients assessed and given influenza vaccination,empty,89 patients,al_pn-7
212,39098.6402245584,st vincents east,50 medical park east drive,empty,empt%@@y,birmingham,al,35235,jefferson,2058383122,acute care hospitals,voluntary non-profit - private,yes,surgical infection prevention,scip-card-2,surgery patients who were taking heart drugs called beta blockers before coming to the hospital who were kept on the beta blockers during the period just before and after their surgery,83%,125 patients,al_scip-card-2
213,10011,st vincents east,50 medical park east drive,empty,??empt#y,birmingham,al,35235,jefferson,2058383122,acute care hospitals,voluntary non-profit - private,yes,surgical infection prevention,,surgery patients who were given an antibiotic at the right time (within one hour before surgery) to help prevent infection,97%,461 patients,al_scip-inf-1
214,54060.69496591015,st vincents east,50 medical park east drive,empty,empty,birmingham,al,35235,jefferson,2058383122,acute care hospitals,voluntary non-profit - private,yes,surgical infection prevention,scip-inf-2,surgery patients who were given the  right kind  of antibiotic to help prevent infection,9%8%??,473 patients,al_scip-inf-2
215,10011,st vincents east,50 medical park east drive,empty,empty,birmingham,al,35235,jefferson,2058383122,acute care hospitals,voluntary non-profit - private,yes,surgical infection prevention,,,empty,empty,al_scip-inf-3
216,10011,st vincents east,50 medical park east drive,empty,empty,birmingham,al,35235,jefferson,2058383122,acute care hospitals,voluntary non-profit - private,yes,surgical infection prevention,scip-inf-4,all heart surgery patients whose blood sugar (blood glucose) is kept under good control in the days right after surgery,60%,127 @@pat??ients,al_scip-inf-4
217,10011,st vincents east,50 medical park east drive,empty%$,empty,birmingham,al,35235,jefferson,2058383122,acute care hospitals,voluntary non-profit - private,yes,surgical infection prevention,,surgery patients needing hair removed from the surgical area before surgery who had hair removed using a safer method (electric clippers or hair removal cream c not a razor),100@@%,601 patients,
218,10011,st vincents east,50 medical park east drive,empty,empty,birmingham,al,35235,jefferson,2058383122,acute care hospitals,voluntary non-profit - private,yes,surgical infection prevention,scip-vte-1,surgery patients whose doctors ordered treatments to prevent blood clots after certain types of surgeries,89%,empty,al_scip-vte-1
219,57574.2366029089,st vincents east,50 medical park east drive,empty,empty,birmingham,al,35235,jefferson,2058383122,acute care hospitals,voluntary non-profit - private,yes,surgical infection prevention,scip-vte-2,patients who got treatment  at the right time (within 24 hours before or after their surgery) to help prevent blood clots after certain types of surgery,empty,224 patients,al_scip-vte-2
220,10012,dekalb regional medical center,200 med center drive,empty,empty,fort payne,al,35968,de kalb,2568453150,acute care hospitals,voluntary non-profit - church,yes,heart attack,ami-1,heart attack patients given aspirin at arrival,100%,46 patients,al_ami-1
221,10012,dekalb regional medical center,200 med center drive,??empty,emp??ty,fort payne,al,35968,de kalb,2568453150,acute care hospitals,voluntary non-profit - church,yes,heart attack,a@@mi%-2,,95%,39 patients,al_ami-2
222,10012,dekalb regional medical center,200 med center drive,empty,empty,fort payne,al,35968,de kalb,2568453150,acute care hospitals,voluntary non-profit - church,yes,heart attack,ami-3,heart attack patients given ace inhibitor or arb for left ventricular systolic dysfunction (lvsd),91%,1@@1 patients,al_ami-3
223,10012,dekalb regional medical center,200 med center drive,empty,empty,fort payne,al,35968,de kalb,2568453150,acute care hospitals,voluntary non-profit - church,yes,heart attack,ami-4,heart attack patients given smoking cessation advice/counseling,100%,14 patients,al_ami-4
224,10012,dekalb regional medical center,200 med center drive,empty,empty,fort payne,al,35968,de kalb,2568453150,acute care hospitals,voluntary non-profit - church,yes,heart attack,ami-5,heart attack patients given beta blocker at discharge,95%,41 pa$tie@@nts,al_ami-5
225,10012,dekalb regional medical center,200 med center drive,empty,#empty$,fort payne,al,35968,de kalb,2568453150,acute care hospitals,voluntary non-profit - church,yes,heart attack,,heart attack patients given fibrinolytic medication within 30 minutes of arrival,100%,1 patients,al_ami-7a
226,10012,dekalb regional medical center,200 med center drive,empty,empty,fort payne,al,35968,de kalb,2568453150,acute care hospitals,voluntary non-profit - church,yes,heart attack,ami-8a,heart attack patients given pci within 90 minutes of arrival,empty,5 patients,al_ami-8a
227,44034.842858593394,dekalb regional medical center,200 med center drive,e##mpty,empty,fort payne,al,35968,de kalb,2568453150,acute care hospitals,voluntary non-profit - church,yes,heart failure,h#f-1,heart failure patients given discharge instructions,89%,76 patients,al_hf-1
228,10012,dekalb regional medical center,200 med center drive,empty,e@@mpty,fort payne,al,35968,de kalb,2568453150,acute care hospitals,voluntary non-profit - church,yes,heart failure,hf-2,heart failure patients given an evaluation of left ventricular systolic (lvs) function,100%,94 patients,al_hf-2
229,10012,dekalb regional medical center,200 med center drive,empty,empty,fort payne,al,35968,de kalb,2568453150,acute care hospitals,voluntary non-profit - church,yes,heart failure,hf-3,heart failure patients given ace inhibitor or arb for left ventricular systolic dysfunction (lvsd),94%,36 patients,al_hf-3
230,10012,dekalb regional medical center,200 med center drive,empty,empty,fort payne,al,35968,de kalb,2568453150,acute care hospitals,voluntary non-profit - church,yes,heart failure,hf-4,heart failure patients given smoking cessation advice/counseling,100%,15 patients,al_hf-4
231,,dekalb regional medical center,200 med center drive,empty,empty??,fort payne,al,35968,de kalb,2568453150,acute care hospitals,voluntary non-profit - church,yes,pneumonia,pn-2,pneumonia patients assessed and given pneumococcal vaccination,97%,empty,al_pn-2
232,57358.390993107525,dekalb regional medical center,200 med center drive,empty,empty,fort payne,al,35968,de kalb,2568453150,acute care hospitals,voluntary non-profit - church,yes,pneumonia,pn-3b,pneumonia patients whose initial emergency room blood culture was performed prior to the administration of the first hospital dose of antibiotics,empty,91 patients,al_pn-3b
233,10012,dekalb regional medical center,200 med center drive,empty,e$mpty$,fort payne,al,35968,de kalb,2568453150,acute care hospitals,voluntary non-profit - church,yes,,pn-4%,pneumonia patients given smoking cessation advice/counseling,100%,37 patients,al_pn-4
234,10012,dekalb regional medical center,200 med center drive,empty,empty,fort payne,al,35968,de kalb,2568453150,acute care hospitals,voluntary non-profit - church,yes,pneumonia,pn-5c,pneumonia patients given initial antibiotic(s) within 6 hours after arrival,99%,88 patients,al_pn-5c
235,10012,dekalb regional medical center,200 med center drive,empty,empty,fort payne,al,35968,de kalb,2568453150,acute care hospitals,voluntary non-profit - church,yes,pneumonia,pn-6,pneumonia patients given the most appropriate initial antibiotic(s),88%,82 patients,al_pn-6
236,,dekalb regional medical center,200 med center drive,em@@pty,empty,fort payne,al,35968,de kalb,2568453150,acute care hospitals,voluntary non-profit - church,yes,pneumonia,pn-7,pneumonia patients assessed and given influenza vaccination,empty,56 pat%i@@ents,al_pn-7
237,10012,dekalb regional medical center,200 med center drive,empty,empty,fort payne,al,35968,de kalb,2568453150,acute care hospitals,voluntary non-profit - church,yes,surgical infection prevention,scip-card-2,surgery patients who were taking heart drugs called beta blockers before coming to the hospital who were kept on the beta blockers during the period just before and after their surgery,1$00%,empty,al_scip-card-2
238,10012,dekalb regional medical center,200 med center drive,empty,empty,fort payne,al,35968,de kalb,2568453150,acute care hospitals,voluntary non-profit - church,yes,surgical infection prevention,,surgery patients who were given an antibiotic at the right time (within one hour before surgery) to help prevent infection,97%,139 patients,al_scip-inf-1
239,10012,dekalb regional medical center,200 med center drive,empty,empty,fort payne,al,35968,de kalb,2568453150,acute care hospitals,voluntary non-profit - church,yes,surgical infection prevention,scip-inf-2,surgery patients who were given the  right kind  of antibiotic to help prevent infection,99%,147 patients,al_scip-inf-2
240,,dekalb regional medical center,200 med center drive,empty,empty,fort payne,al,35968,de kalb,2568453150,acute care hospitals,voluntary non-profit - church,yes,surgical infection prevention,scip-inf-3,surgery patients whose preventive antibiotics were stopped at the right time (within 24 hours after surgery),98%,136 patients,al_scip-inf-3
241,10012,dekalb regional medical center,200 med center drive,empty,empty,fort payne,al,35968,de kalb,2568453150,acute care hospitals,voluntary non-profit - church,yes,surgical infection prevention,scip-inf-4,all heart surgery patients whose blood sugar (blood glucose) is kept under good control in the days right after surgery,empty,empty,al_scip-inf-4
242,,dekalb regional medical center,200 med center drive,e@@mpt??y,%empty,fort payne,al,35968,de kalb,2568453150,acute care hospitals,voluntary non-profit - church,yes,surgical infection prevention,scip-inf-6,surgery patients needing hair removed from the surgical area before surgery who had hair removed using a safer method (electric clippers or hair removal cream c not a razor),empty,empty,al_scip-inf-6
243,10012,dekalb regional medical center,200 med center drive,empty,empty,fort payne,al,35968,de kalb,2568453150,acute care hospitals,voluntary non-profit - church,yes,surgical infection prevention,scip-vte-1,surgery patients whose doctors ordered treatments to prevent blood clots after certain types of surgeries,97%,90 pat$ients,al_scip-vte-1
244,10012,dekalb regional medical center,200 med center drive,em??pty,empty,fort payne,al,35968,de kalb,2568453150,acute care hospitals,voluntary non-profit - church,yes,surgical infection prevention,scip-vte-2,patients who got treatment  at the right time (within 24 hours before or after their surgery) to help prevent blood clots after certain types of surgery,97%,90 patients,al_scip-vte-2
245,,southwest alabama medical center,33700 highway 43,empty,empty,thomasville,al,36784,clarke,3346366221,acute care hospitals,government - federal,yes,heart attack,ami-1,heart attack patients given aspirin at arrival,empty,0 pa??tients,al_ami-1
246,10015,southwest alabama medical center,33700 highway 43,empty,empty,thomasville,al,36784,clarke,3346366221,acute care hospitals,government - federal,yes,,,heart attack patients given aspirin at discharge,empty,0 patients,al_ami-2
247,10015,southwest alabama medical center,33700 highway 43,empty,empty,thomasville,al,36784,clarke,3346366221,acute care hospitals,government - federal,yes,,a$mi-3,heart attack patients given ace inhibitor or arb for left ventricular systolic dysfunction (lvsd),emp$%ty,empty,al_ami-3
248,10015,southwest alabama medical center,33700 highway 43,empty,$e@@mpty,thomasville,al,36784,clarke,3346366221,acute care hospitals,government - federal,yes,heart attack,ami-4,heart attack patients given smoking cessation advice/counseling,empty,0 patien@@ts,al_ami-4
249,,southwest alabama medical center,33700 highway 43,empty$,empty,thomasville,al,36784,clarke,3346366221,acute care hospitals,government - federal,yes,heart attack,ami-5,heart attack patients given beta blocker at discharge,empty,0 patients,al_ami-5
250,10015,southwest alabama medical center,33700 highway 43,empty,empty,thomasville,al,36784,clarke,3346366221,acute care hospitals,government - federal,yes,heart attack,ami$-7@@a,heart attack patients given fibrinolytic medication within 30 minutes of arrival,empty,0 pat@@ie@@nts,al_ami-7a
251,43426.26631045693,southwest alabama medical center,33700 highway 43,em$pty,empty,thomasville,al,36784,clarke,3346366221,acute care hospitals,government - federal,yes,heart attack,ami-8a,heart attack patients given pci within 90 minutes of arrival,empty,0 patients,al_ami-8a
252,10015,southwest alabama medical center,33700 highway 43,empty,empty,thomasville,al,36784,clarke,3346366221,acute care hospitals,government - federal,yes,heart failure,hf-1,heart failure patients given discharge instructions,??10%0%,79 patients,al_hf-1
253,10015,southwest alabama medical center,33700 highway 43,empty,empt??y??,thomasville,al,36784,clarke,3346366221,acute care hospitals,government - federal,yes,heart failure,,heart failure patients given an evaluation of left ventricular systolic (lvs) function,89%,$91 patients,al_hf-2
254,10015,southwest alabama medical center,33700 highway 43,empty,empty,thomasville,al,36784,clarke,3346366221,acute care hospitals,government - federal,yes,heart failure,hf-3,heart failure patients given ace inhibitor or arb for left ventricular systolic dysfunction (lvsd),empty,25 patients,al_hf-3
255,10015,southwest alabama medical center,33700 highway 43,empty,empty,thomasville,al,36784,clarke,3346366221,acute care hospitals,government - federal,yes,heart failure,hf-4,heart failure patients given smoking cessation advice/counseling,88%,1$7 patie$nts,al_hf-4
256,10015,southwest alabama medical center,33700 highway 43,empty,empty,thomasville,al,36784,clarke,3346366221,acute care hospitals,government - federal,yes,pneumonia,pn-2,pneumonia patients assessed and given pneumococcal vaccination,#92%,25 patients,al_pn-2
257,10015,southwest alabama medical center,33700 highway 43,empty,empty,thomasville,al,36784,clarke,3346366221,acute care hospitals,government - federal,yes,pneumonia,pn-3b,pneumonia patients whose initial emergency room blood culture was performed prior to the administration of the first hospital dose of antibiotics,empty,24 patients,al_pn-3b
258,,southwest alabama medical center,33700 highway 43,em@@pty#,empty,thomasville,al,36784,clarke,3346366221,acute care hospitals,government - federal,yes,pneumonia,pn-4,pneumonia patients given smoking cessation advice/counseling,100%,6 patients,al_pn-4
259,10015,southwest alabama medical center,33700 highway 43,empty,empty,thomasville,al,36784,clarke,3346366221,acute care hospitals,government - federal,yes,pneumonia,pn-5c,pneumonia patients given initial antibiotic(s) within 6 hours after arrival,96%,24 patients,al_pn-5c
260,10015,southwest alabama medical center,33700 highway 43,empty,empty,thomasville,al,36784,clarke,3346366221,acute care hospitals,government - federal,yes,pneumonia,pn-6,pneumonia patients given the most appropriate initial antibiotic(s),100%,26 patients,al_pn-6
261,41411.89848186763,southwest alabama medical center,33700 highway 43,empty,empty,thomasville,al,36784,clarke,3346366221,acute care hospitals,government - federal,yes,pneumonia,pn-7,pneumonia patients assessed and given influenza vaccination,92%,empty,al_pn-7
262,10015,southwest alabama medical center,33700 highway 43,empty,empty,thomasville,al,36784,clarke,3346366221,acute care hospitals,government - federal,yes,surgical infection prevention,scip-card-2,surgery patients who were taking heart drugs called beta blockers before coming to the hospital who were kept on the beta blockers during the period just before and after their surgery,emp#%ty,e%??mpty,al_scip-card-2
263,10015,southwest alabama medical center,33700 highway 43,empty,empty,thomasville,al,36784,clarke,3346366221,acute care hospitals,government - federal,yes,surgical infection preventio$n,scip-i??%nf-1,surgery patients who were given an antibiotic at the right time (within one hour before surgery) to help prevent infection,%86%@@,14 patients,al_scip-inf-1
264,10015,southwest alabama medical center,33700 highway 43,empty,e??mpty,thomasville,al,36784,clarke,3346366221,acute care hospitals,government - federal,yes,surgical infection prevention,scip-inf-2,surgery patients who were given the  right kind  of antibiotic to help prevent infection,93%,14 p%a%tients,al_scip-inf-2
265,10015,southwest alabama medical center,33700 highway 43,e%mpty%,empty,thomasville,al,36784,clarke,3346366221,acute care hospitals,government - federal,yes,surgical infection prevention,scip-inf-3,surgery patients whose preventive antibiotics were stopped at the right time (within 24 hours after surgery),$86%%,@@14 pat??ients,al_scip-inf-3
266,10015,southwest alabama medical center,33700 highway 43,empty,empty,thomasville,al,36784,clarke,3346366221,acute care hospitals,government - federal,yes,surgical infection prevention,scip-inf-4,all heart surgery patients whose blood sugar (blood glucose) is kept under good control in the days right after surgery,empty,0 patients,al_scip-inf-4
267,10015,southwest alabama medical center,33700 highway 43,e??mpty,empty,thomasville,al,36784,clarke,3346366221,acute care hospitals,government - federal,yes,surgical infection prevention,scip-inf-6,surgery patients needing hair removed from the surgical area before surgery who had hair removed using a safer method (electric clippers or hair removal cream c not a razor),100%,15 pa@@tien$ts,al_scip-inf-6
268,42924.49638553043,southwest alabama medical center,33700 highway 43,empty,empty,thomasville,al,36784,clarke,3346366221,acute care hospitals,government - federal,yes,surgical infection prevention,scip-vte-1,surgery patients whose doctors ordered treatments to prevent blood clots after certain types of surgeries,90%,empty,al_scip-vte-1
269,41413.30462315295,southwest alabama medical center,33700 highway 43,empty,empty,thomasville,al,36784,clarke,3346366221,acute care hospitals,government - federal,yes,surgical infection prevention,scip-vte-2,patients who got treatment  at the right time (within 24 hours before or after their surgery) to help prevent blood clots after certain types of surgery,90%,1@@@@0 patients,al_scip-vte-2
270,10016,shelby baptist medical center,1000 first street north,$emp%ty,empty,alabaster,al,35007,shelby,2056208100,acute care hospitals,voluntary non-profit - church,yes,heart attack,ami-1,heart attack patients given aspirin at arrival,empty,179% patients,al_ami-1
271,,shelby baptist medical center,1000 first street north,empty,emp??ty,alabaster,al,35007,shelby,2056208100,acute care hospitals,voluntary non-profit - church,yes,heart attack,ami-2,heart attack patients given aspirin at discharge,9%@@7%,208 patients,al_ami-2
272,10016,shelby baptist medical center,1000 first street north,empty,empty,alabaster,al,35007,shelby,2056208100,acute care hospitals,voluntary non-profit - church,yes,heart attack,ami-3,heart attack patients given ace inhibitor or arb for left ventricular systolic dysfunction (lvsd),100%,30 patients,al_ami-3
273,10016,shelby baptist medical center,1000 first street north,empty,empty,alabaster,al,35007,shelby,2056208100,acute care hospitals,voluntary non-profit - church,yes,heart attack,ami-4,heart attack patients given smoking cessation advice/counseling,100%,98 patients,al_ami-4
274,10016,shelby baptist medical center,1000 first street north,empty,empty,alabaster,al,35007,shelby,2056208100,acute care hospitals,voluntary non-profit - church,yes,heart attack,am%??i-5,heart attack patients given beta blocker at discharge,97%,empty,al_ami-5
275,34508.59856247504,,1000 first street north,empty,empty,@@al??abaster,a??l??,35007,shelby,2056208100,acute care hospitals,voluntary non-profit - church,yes,heart attack,ami-7a,heart attack patients given fibrinolytic medication within 30 minutes of arrival,empty,0 patien@@ts,al_ami-7a
276,35782.89504954314,shelby baptist medical center,1000 first street north,empty,empty,alabaster,al,35007,shelby,2056208100,acute care hospitals,voluntary non-profit - church,yes,heart attack,ami-8a,heart attack patients given pci within 90 minutes of arrival,83%,36 patients,al_ami-8a
277,10016,shelby baptist medical center,1000 first street north,empty,empty,alabaster,al,35007,shelby,2056208100,acute care hospitals,voluntary non-profit - church,yes,heart failure,hf-1,heart failure patients given discharge instructions,86%,210 patients,al_hf-1
278,10016,shelby baptist medical center,1000 first street north,empty,empty,alabaster,al,35007,shelby,2056208100,acute care hospitals,voluntary non-profit - church,yes,heart failure,hf-2,heart failure patients given an evaluation of left ventricular systolic (lvs) function,100%,246 patients,al_hf-2
279,10016,shelby baptist medical center,1000 first street north,empty,empty,alabaster,al,35007,shelby,2056208100,acute care hospitals,voluntary non-profit - church,yes,heart failure,hf-3,heart failure patients given ace inhibitor or arb for left ventricular systolic dysfunction (lvsd),97%,71 patients,al_hf-3
280,10016,shelby baptist medical center,1000 first street north,empty,empty,alabaster,al,35007,shelby,2056208100,acute care hospitals,voluntary non-profit - church,yes,heart failure,@??@hf-4,heart failure patients given smoking cessation advice/counseling,empty,48 patients,al_hf-4
281,10016,shelby baptist medical center,1000 first street north,empty,empty,alabaster,al,35007,shelby,2056208100,acute care hospitals,voluntary non-profit - church,yes,pneumonia,,pneumonia patients assessed and given pneumococcal vaccination,97%,235 patients,al_pn-2
282,10016,shelby baptist medical center,1000 first street north,empty,em$pty,alabaster,al,35007,shelby,2056208100,acute care hospitals,voluntary non-profit - church,yes,pneumonia,pn-3b,pneumonia patients whose initial emergency room blood culture was performed prior to the administration of the first hospital dose of antibiotics,100%,110 patients,al_pn-3b
283,10016,shelby baptist medical center,1000 first street north,empty,em#@@pty,alabaster,al,35007,shelby,2056208100,acute care hospitals,voluntary non-profit - church,yes,pneumonia,pn-4,pneumonia patients given smoking cessation advice/counseling,??100%%,131 patients,al_pn-4
284,,shelby baptist medical center,1000 first street north,empty,empty,alabaster,al,35007,shelby,2056208100,acute care hospitals,voluntary non-profit - church,yes,pneumonia,,pneumonia patients given initial antibiotic(s) within 6 hours after arrival,96%,239 patients,al_pn-5c
285,10016,shelby baptist medical center,1000 first street north,empty,e$mpt%y,alabaster,al,35007,shelby,2056208100,acute care hospitals,voluntary non-profit - church,yes,pneumonia,pn-6,pneumonia patients given the most appropriate initial antibiotic(s),93%,116 patients,al_pn-6
286,55355.81467333563,shelby baptist medical center,1000 first street north,empty,empty,alabaster,al,35007,shelby,2056208100,acute care hospitals,voluntary non-profit - church,yes,pneumonia,,pneumonia patients assessed and given influenza vaccination,empty,199 patients,al_pn-7
287,30686.12418580857,shelby baptist medical center,1000 first street north,empty,empty,alabaster,al,35007,shelby,2056208100,acute care hospitals,voluntary non-profit - church,yes,surgical infection prevention,scip-card-2,surgery patients who were taking heart drugs called beta blockers before coming to the hospital who were kept on the beta blockers during the period just before and after their surgery,89%,96 patients,al_scip-card-2
288,10016,shelby baptist medical center,1000 first street north,empty,empty,alabaster,al,35007,shelby,2056208100,acute care hospitals,voluntary non-profit - church,yes,surgical infection prevention,scip-inf-1,surgery patients who were given an antibiotic at the right time (within one hour before surgery) to help prevent infection,98%,368 patients,al_scip-inf-1
289,10016,shelby baptist medical center,1000 first street north,empty,empt%y,alabaster,al,35007,shelby,2056208100,acute care hospitals,voluntary non-profit - church,yes,surgical infection prevention,scip-inf-2,surgery patients who were given the  right kind  of antibiotic to help prevent infection,99%,370 patients,al_scip-inf-2
290,10016,shelby baptist medical center,1000 first street north,empty,empty,alabaster,al,35007,shelby,2056208100,acute care hospitals,voluntary non-profit - church,yes,surgical infection prevention,scip-inf-3,surgery patients whose preventive antibiotics were stopped at the right time (within 24 hours after surgery),91%,331 patients,al_scip-inf-3
291,10016,shelby baptist medical center,1000 first street north,empty,empty,alabaster,al,35007,shelby,2056208100,acute care hospitals,voluntary non-profit - church,yes,surgical infection prevention,scip-inf-4,all heart surgery patients whose blood sugar (blood glucose) is kept under good control in the days right after surgery,93#%,116 patients,al_scip-inf-4
292,10016,shelby baptist medical center,1000 first street north,empty,empty,alabaster,al,35007,shelby,2056208100,acute care hospitals,voluntary non-profit - church,yes,surgical infection prevention,scip-inf-6,surgery patients needing hair removed from the surgical area before surgery who had hair removed using a safer method (electric clippers or hair removal cream c not a razor),100%,588 patients,al_scip-inf-6
293,10016,shelby baptist medical center,1000 first street north,empty,empty,alabaster,al,35007,shelby,2056208100,acute care hospitals,voluntary non-profit - church,yes,surgical infection prevention,scip-vte-1,surgery patients whose doctors ordered treatments to prevent blood clots after certain types of surgeries,97%,226 patients,al_scip-vte-1
294,,,1000 first street north,empty,empty,alabaster,al,121524.38453262877,shelby,,acute care hospitals,voluntary non-profit - church,y@@es,surgical infection prevention,scip-vte-2,patients who got treatment  at the right time (within 24 hours before or after their surgery) to help prevent blood clots after certain types of surgery,94%,225 pa@@t??ients,al_scip-vte-2
295,10018,callahan eye foundation hospital,1720 university blvd,empty,empty,birmingham,al,35233,jefferson,2053258100,acute care hospitals,voluntary non-profit - private,yes,heart attack,ami-1,heart attack patients given aspirin at arrival,empty,empty,al_ami-1
296,39519.51986939952,callahan eye foundation hospital,1720 university blvd,empty,empty,birmingham,al,35233,jefferson,2053258100,acute care hospitals,voluntary non-profit - private,yes,heart attack,ami-2,heart attack patients given aspirin at discharge,empty,empty,al_ami-2
297,10018,callahan eye foundation hospital,1720 university blvd,empty,empty,birmingham,al,35233,jefferson,2053258100,acute care hospitals,voluntary non-profit - private,yes,,??a??mi-3,heart attack patients given ace inhibitor or arb for left ventricular systolic dysfunction (lvsd),empty,empty,al_ami-3
298,10018,callahan eye foundation hospital,1720 university blvd,empt@@y,e??mpt@@y,birmingham,al,35233,jefferson,2053258100,acute care hospitals,voluntary non-profit - private,yes,heart attack,ami-4,heart attack patients given smoking cessation advice/counseling,empty,empty,al_ami-4
299,10018,callahan eye foundation hospital,1720 university blvd,empty,empty,birmingham,al,35233,jefferson,2053258100,acute care hospitals,voluntary non-profit - private,yes,heart attack,ami-5,heart attack patients given beta blocker at discharge,@@#empty,empt$y#,al_ami-5
300,10018,callahan eye foundation hospital,1720 university blvd,empty,empty,birmingham,al,35233,jefferson,2053258100,acute care hospitals,voluntary non-profit - private,yes,heart attack,ami-7a,heart attack patients given fibrinolytic medication within 30 minutes of arrival,empty,empty,al_ami-7a
301,10018,callahan eye foundation hospital,1720 university blvd,empty,empty,birmingham,al,35233,jefferson,2053258100,acute care hospitals,voluntary non-profit - private,yes,heart attack,ami-8a,heart attack patients given pci within 90 minutes of arrival,empty,empty,al_ami-8a
302,10018,callahan eye foundation hospital,1720 university blvd,empty,empty@@,birmingham,al,35233,jefferson,2053258100,acute care hospitals,voluntary non-profit - private,yes,heart failure,hf-??#1,heart failure patients given discharge instructions,empty,empty,al_@@#hf-1
303,34924.22323117596,call$ahan eye founda#tion hospital,1720 university blvd,empty,empty,birmingham,al,35233,jefferson,2053258100,acute care hospitals,,yes,heart failure,hf-2,heart failure patients given an evaluation of left ventricular systolic (lvs) function,empty,empty,al_hf-2
304,30767.894504834116,callahan eye foundation hospital,1720 university blvd,empty,empty,birmingham,al,35233,jefferson,2053258100,acute care hospitals,voluntary non-profit - private,yes,heart failure,hf-3,heart failure patients given ace inhibitor or arb for left ventricular systolic dysfunction (lvsd),empty,empty,al_hf-3
305,39374.733578625506,callahan eye foundation hospital,1720 university blvd,empty,empty,birmingham,al,35233,jefferson,2053258100,acute care hospitals,voluntary non-profit - private,yes,heart failure,hf$-4,,empty,empty,al_hf-4
306,10018,callahan eye foundation hospital,1720 university blvd,empty,empty,birmingham,al,35233,jefferson,2053258100,acute care hospitals,voluntary non-profit - private,yes,pneumonia,pn-2,pneumonia patients assessed and given pneumococcal vaccination,empty,empty,al_pn-2
307,10018,callahan eye foundation hospital,1720 university blvd,empty,empty,birmingham,al,35233,jefferson,2053258100,acute care hospitals,voluntary non-profit - private,yes,pneumonia,pn-3b,pneumonia patients whose initial emergency room blood culture was performed prior to the administration of the first hospital dose of antibiotics,empty@@,empty,al_pn-3b
308,42583.543099399525,,1720 university blvd,empty,empty,birmingham,al,35233,jefferson,2053258100,acute care hospitals,voluntary non-profit - private,yes,pneumonia,pn-4,pneumonia patients given smoking cessation advice/counseling,empty,em@@pty,al_pn-4
309,,callahan eye foundation hospital,1720 university blvd,empty@@??,empty,birmingham,al,35233,jefferson,2053258100,acute care hospitals,voluntary non-profit - private,yes,pneumonia,pn-5c,pneumonia patients given initial antibiotic(s) within 6 hours after arrival,empty,empty,al_pn-5c
310,10018,callahan eye foundation hospital,1720 university blvd,%empty,emp%ty,birmingham,al,35233,jefferson,2053258100,acute care hospitals,voluntary non-profit - private,yes,pneumonia,pn-6,pneumonia patients given the most appropriate initial antibiotic(s),empty,empty,al_pn-6
311,35269.86855176103,callahan eye foundation hospital,1720 university blvd,empty,empty,birmingham,al,35233,jefferson,2053258100,acute care hospitals,voluntary non-profit - private,yes,pneumonia,pn-7,pneumonia patients assessed and given influenza vaccination,empty,empty,al_pn-7
312,10038,stringfellow memorial hospital,301 east 18th st,empty,empty,anniston,al,36201,calhoun,2562358900,,proprietary,yes,children s asthma care,ca@@$c-2,children who received systemic corticosteroid medication (oral and iv medication that reduces inflammation and controls symptoms) while hospitalized for asthma,100%,9 patients,al_cac-2
313,43661.64532342207,stringfellow memorial hospital,301 east 18th st,em@@??pty,empty,anniston,al,36201,calhoun,2562358900,acute care hospitals,proprietary,yes,children s asthma care,%c%ac-3,children and their caregivers who received a home management plan of care document while hospitalized for asthma,33%,9 patients,al_cac-3
314,10038,stringfellow memorial hospital,301 east 18th st,empty,emp#??ty,anniston,al,36201,calhoun,2562358900,acute care hospitals,proprietary,yes,heart attack,ami-1,heart attack patients given aspirin at arrival,98%,81 patients,al_ami-1
315,10038,stringfellow memorial hospital,301 east 18th st,empty,empty,anniston,al,36201,calhoun,2562358900,acute care hospitals,proprietary,yes,heart attack,ami-2,heart attack patients given aspirin at discharge,96%,73 patients,al_ami-2
316,10038,stringfellow memorial hospital,301 east 18th st,empty,empty,anniston,al,36201,calhoun,2562358900,acute care hospitals,proprietary,yes,heart attack,ami-3,heart attack patients given ace inhibitor or arb for left ventricular systolic dysfunction (lvsd),9??3%,14 patients,al_ami-3
317,10038,stringfellow memorial hospital,301 east 18th st,empty,empty,anniston,al,36201,calhoun,2562358900,acute care hospitals,proprietary,yes,heart attack,ami-4,heart attack patients given smoking cessation advice/counseling,100%,29 patients,al_ami-4
318,10038,stringfellow memorial hospital,301 east 18th st,e@@mpty??,empty,anniston,al,36201,calhoun,2562358900,acute care hospitals,proprietary,yes,heart attack,ami-5,heart attack patients given beta blocker at discharge,empty,67 patients,al_ami-5
319,10038,stringfellow memorial hospital,301 east 18th st,empty,em$pty,anniston,al,36201,calhoun,2562358900,acute care hospitals,proprietary,yes,heart attack,ami-7a,heart attack patients given fibrinolytic medication within 30 minutes of arrival,0%,empty,al_ami-7a
320,10038,stringfellow memorial hospital,301 east 18th st,%empty,empty,anniston,al,36201,calhoun,2562358900,acute care hospitals,proprietary,yes,heart attack,ami-8a,heart attack patients given pci within 90 minutes of arrival,@#@87%,15 patients,al_ami-8a
321,10038,stringfellow memorial hospital,301 east 18th st,empty,empty,anniston,al,36201,calhoun,2562358900,acute care hospitals,proprietary,yes,heart failure,hf-1,heart failure patients given discharge instructions,87%,142 patients,al_hf-1
322,10038,stringfellow memorial hospital,301 east 18th st,$empty,empty,anniston,al,36201,calhoun,2562358900,acute care hospitals,proprietary,yes,heart failure,hf-2,heart failure patients given an evaluation of left ventricular systolic (lvs) function,100%,empty,al_hf-2
323,10038,stringfellow memorial hospital,301 east 18th st,empty,empty,anniston,al,36201,calhoun,2562358900,acute care hospitals,proprietary,yes,heart failure,hf-3,heart failure patients given ace inhibitor or arb for left ventricular systolic dysfunction (lvsd),90%,49 p@@a??tients,al_hf-3
324,10038,stringfellow memorial hospital,301 east 18th st,empty??,empty,anniston,al,36201,calhoun,2562358900,acute care hospitals,proprietary,yes,heart failure,hf-4,heart failure patients given smoking cessation advice/counseling,100%,41 patie$nts,al_hf-4
325,10038,stringfellow memorial hospital,301 east 18th st,empty,empty,anniston,al,36201,calhoun,2562358900,acute care hospitals,proprietary,yes,pneumonia,pn-2,pneumonia patients assessed and given pneumococcal vaccination,97%,110 patients,al_pn-2
326,10038,stringfellow memorial hospital,301 east 18th st,empty,empty,anniston,al,36201,calhoun,2562358900,acute care hospitals,proprietary,yes,pneumonia,%@@pn-3b,pneumonia patients whose initial emergency room blood culture was performed prior to the administration of the first hospital dose of antibiotics,100%,102 patients,al_pn-3b
327,10038,stringfellow memorial hospital,301 east 18th st,empty,empty,anniston,al,36201,calhoun,2562358900,acute care hospitals,proprietary,yes,pneumonia,pn-4,pneumonia patients given smoking cessation advice/counseling,100%,83 patients,al_pn-4
328,59030.97003381685,stringfellow memorial hospital,301 east 18th st,empty,empty,anniston,al,36201,calhoun,2562358900,acute care hospitals,proprietary,yes,pneumonia,pn-5c,pneumonia patients given initial antibiotic(s) within 6 hours after arrival,97%,145 patients,al_pn-5c
329,10038,stringfellow memorial hospital,301 east 18th st,empty,empty,anniston,al,36201,calhoun,2562358900,acute care hospitals,proprietary,yes,pneumonia,pn-6,pneumonia patients given the most appropriate initial antibiotic(s),$92%??,99 patients,al_pn-6
330,10038,stringfellow memorial hospital,301 east 18th st,empty,empty,anniston,al,36201,calhoun,2562358900,acute care hospitals,proprietary,yes,pneumonia,%pn-7#,pneumonia patients assessed and given influenza vaccination,91%,87 patients,al_pn-7
331,41621.405599530684,stringfellow memorial hospital,301 east 18th st,empt$??y,empty,anniston,al,36201,calhoun,2562358900,acute care hospitals,proprietary,yes,surgical infection prevention,,surgery patients who were taking heart drugs called beta blockers before coming to the hospital who were kept on the beta blockers during the period just before and after their surgery,??83%??,23 patients,al_scip-card-2
332,10055,flowers hospital,4370 west main street,empty,empty,dothan,al,36305,houston,3347935000,acute care hospitals,proprietary,yes,heart failure,hf-2,heart failure patients given an evaluation of left ventricular systolic (lvs) function,empty,342 patients,al_hf-2
333,10055,flowers hospital,4370 west main street,empty,empty,dothan,al,36305,houston,3347935000,acute care hospitals,proprietary,yes,heart fail#u@@re,hf-??3,heart failure patients given ace inhibitor or arb @@for left ventricular systolic dysfunction (lvsd),100%,94 patients,al_hf-3
334,10055,flowers hospital,4370 west main street,empty,empty,dothan,al,36305,houston,3347935000,acute care hospitals,proprietary,yes,heart failure,hf-4,heart failure patients given smoking cessation advice/counseling,10$0%,62 patients,al_hf-4
335,10055,flowers hospital,4370 west main street,empty,empty,dothan,al,36305,houston,3347935000,acute care hospitals,proprietary,yes,pneumonia,pn-2,pneumonia patients assessed and given pneumococcal vaccination,100%,166 patients,al_pn-2
336,10055,flowers hospital,4370 west main street,em$@@pty,empty,dothan,al,36305,houston,3347935000,acute care hospitals,proprietary,yes,pneumonia,$p%n-3b,pneumonia patients whose initial emergency room blood culture was performed prior to the administration of the first hospital dose of antibiotics,100%,152 patients,al_pn-3b
337,10055,flowers hospital,4370 west main street,empty,empty,dothan,al,36305,houston,3347935000,acute care hospitals,proprietary,yes,pneumonia,pn-4,pneumonia patients given smoking cessation advice/counseling,10??0%,77 patients,al_pn-4
338,41193.30015725838,flowers hospital,4370 west main street,empty,empty,dothan,al,36305,houston,3347935000,acute care hospitals,proprietary,yes,pneumonia,pn-5c,pneumonia patients given initial antibiotic(s) within 6 hours after arrival,99%,#146 patients,al_pn-5c
339,10055,flowers hospital,4370 west main street,empty,empt#y,dothan,al,36305,houston,3347935000,acute care hospitals,proprietary,yes,pneumonia,pn-6,pneumonia patients given the most appropriate initial antibiotic(s),empty,1$12 pat@@ients,al_pn-6
340,56279.876219041165,flowers hospital,4370 west main street,empty,empty,dothan,al,36305,houston,3347935000,acute care hospitals,proprietary,yes,pneumonia,p$n-7,pneumonia patients assessed and given influenza vaccination,99%%#,128 patients,al_pn-7
341,10055,flowers hospital,4370 west main street,empty,empty,dothan,al,36305,houston,3347935000,acute care hospitals,proprietary,yes,surgical infection prevention,scip-card-2,surgery patients who were taking heart drugs called beta blockers before coming to the hospital who were kept on the beta blockers during the period just before and after their surgery,100%,147 patients,al_scip-card-2
342,10055,flowers hospital,4370 west main street,empty,#emp??ty,dothan,al,36305,houston,3347935000,acute care hospitals,proprietary,yes,surgical infection prevention,scip-inf-1,surgery patients who were given an antibiotic at the right time (within one hour before surgery) to help prevent infection,%10%0%,950 pa$tients,al_scip-inf-1
343,10055,flowers hospital,4370 west main street,e@@m@@pty,empty,dothan,al,36305,houston,3347935000,acute care hospitals,proprietary,yes,surgical infection prevention,scip-inf-2,surgery patients who were given the  right kind  of antibiotic to help prevent infection,100%,957$ pati%ents,al_scip-inf-2
344,43791.49093122271,,4370 west main street,empty,empty,dothan,al,36305,houston,3347935000,acute care hospitals,proprietary,yes,surgical infection prevention,scip-inf-3,surgery patients whose preventive antibiotics were stopped at the right time (within 24 hours after surgery),99%,882 patients,al_scip-inf-3
345,,flowers hospital,4370 west main street,empty,empty,dothan,al,36305,houston,3347935000,acute care hospitals,proprietary,yes,surgical infection prevention,scip-inf-4,all heart surgery patients whose blood sugar (blood glucose) is kept under good control in the days right after surgery,98%,165 patie#nts,al_scip-inf-4
346,10055,flowers hospital,4370 west main street,empty,empty,dothan,al,36305,houston,3347935000,acute care hospitals,proprietary,yes,surgical infection prevention,%scip-inf-6,,100%,1295 patients,al_sci??p-inf-6
347,10055,flowers hospital,4370 west main street,empty,empty,dothan,al,36305,houston,3347935000,acute care hospitals,proprietary,yes,surgical infection prevention,scip-vte-1,surgery patients whose doctors ordered treatments to prevent blood clots after certain types of surgeries,100%,497 patients,al_scip-vte-1
348,10055,flowers hospital,4370 west main street,empty,empty,dothan,al,36305,houston,3347935000,acute care hospitals,proprietary,yes,surgical infection prevention,scip-vte-2,patients who got treatment  at the right time (within 24 hours before or after their surgery) to help prevent blood clots after certain types of surgery,100%,497 patients,al_scip-vte-2
349,10056,st vincents hospital,810 st vincents drive,empty,empty,birmingham,al,35205,jefferson,2059397000,acute care hospitals,voluntary non-profit - other,yes,heart attack,ami-1,heart attack patients given aspirin at arrival,97%,239 patients,al_ami-1
350,10056,st vincents hospital,810 st vincents drive,empty,empty,birmingham,al,35205,jefferson,2059397000,acute care hospitals,voluntary non-profit - other,yes,heart attack,ami-2,heart attack patients given aspirin at discharge,98%,260 patients,al_ami-2
351,10056,st vincents hospital,810 st vincents drive,empty,empty,birmingham,al,35205,jefferson,2059397000,acute care hospitals,voluntary non-profit - other,yes,heart attack,ami-3,heart attack patients given ace inhibitor or arb for left ventricular systolic dysfunction (lvsd),85%,41 patients,al_ami-3
352,10056,st vincents hospital,810 st vincents drive,empty,empty,birmingham,al,35205,jefferson,2059397000,acute care hospitals,voluntary non-profit - other,yes,heart attack,ami-4,heart attack patients given smoking cessation advice/counseling,1$00$%,63 patients,al_ami-4
353,10056,st vincents hospital,810 st vincents drive,%empty$,empty,birmingham,al,35205,jefferson,2059397000,acute care hospitals,voluntary non-profit - other,yes,heart attack,am$i-$5,heart attack patients given beta blocker at discharge,96%,242 patients,al_ami-5
354,10085,decatur general hospital,,empty,empty,decatur,al,35609,morgan,2563412000,acute care hospitals,government - hospital district or authority,yes,surgical infection prevention,scip-vte-2,patients who got treatment  at the right time (within 24 hours before or after their surgery) to help prevent blood clots after certain types of surgery,87%??,@@205 patients,al_scip-vte-2
355,10086,northwest medical center,1530 u s highway 43,empty,empty,winfield,al,35594,marion,2054877736,acute care hospitals,proprietary,yes,heart attack,ami-1,heart attack patients given aspirin at arrival,%100%,10 patients,al_ami-1
356,10086,northwest medical center,1530 u s highway 43,empty,empty,winfield,al,35594,marion,2054877736,acute care hospitals,proprietary,yes,heart attack,am$i-2,heart attack patients given aspirin at discharge,100%,7 patients,al_ami-2
357,10086,northwest medical center,1530 u s highway 43,empty,empty,winfield,al,35594,marion,2054877736,acute care hospitals,proprietary,yes,heart attack,,heart attack patients given ace inhibitor or arb for left ventricular systolic dysfunction (lvsd),100%,2 patients,al_ami-3
358,,,1530 u s highway 43,empty,em??pty%,winfield,al,35594,marion,2054877736,acute care hospitals,proprietary,yes,heart attack,ami-4,heart attack patients given smoking cessation advice/counseling,$100%??,1 patients,al_ami-4
359,10086,northwest medical center,1530 u s highway 43,empty,em@@pty#,winfield,al,35594,marion,2054877736,acute care hospitals,proprietary,yes,heart attack,ami-5,heart attack patients given beta blocker at discharge,100%,8 patients,al_ami-5
360,55653.59965095571,,1530?? u s highwa??y 43,empty,empty,winfield,al,35594,marion,,acute care hospitals,proprietary,yes,heart attack,ami-7a,heart attack patients given fibrinolytic medication within 30 minutes of arrival,0%%,empty,al_ami-7a
361,10086,northwest medical center,1530 u s highway 43,empty,empty,winfield,al,35594,marion,2054877736,acute care hospitals,proprietary,yes,heart attack,ami-8a,heart attack patients given pci within 90 minutes of arrival,empty,0 patients,al_ami-8a
362,10086,northwest medical center,1530 u s highway 43,empty,empty,winfield,al,35594,marion,2054877736,acute care hospitals,proprietary,yes,heart failure,,heart failure patients given discharge instructions,90%,48 patients,
363,10086,northwest medical center,1530 u s highway 43,empty,empty,winfield,al,35594,marion,2054877736,acute care hospitals,proprietary,yes,heart failure,hf-2%,heart failure patients given an evaluation of left ventricular systolic (lvs) function,100%,59 patients,al_hf-2
364,10086,northwest medical center,1530 u s highway 43,empty,empt#%y,winfield,al,35594,marion,2054877736,acute care hospitals,proprietary,yes,heart failure,hf-3,heart failure patients given ace inhibitor or arb for left ventricular systolic dysfunction (lvsd),85%,empty,al_hf-3
365,43054.75309078474,,1530 u s highway 43,emp%ty,empty,winfield,al,35594,marion,2054877736,acute care hospitals,proprietary,yes,heart failure,hf-4,heart failure patients given smoking cessation advice/counseling,100%,14 patients,al_hf-4
366,10086,northwest medical center,1530 u s highway 43,empty,empty,winfield,al,35594,marion,2054877736,acute care hospitals,proprietary,yes,pneumonia,pn-2,pneumonia patients assessed and given pneumococcal vaccination,91%$,66 patients,al_pn-2
367,10086,northwest medical center,1530 u s highway 43,empty,%empty,winfield,al,35594,marion,2054877736,acute care hospitals,proprietary,yes,pneumonia,pn-3b,pneumonia patients whose initial emergency room blood culture was performed prior to the administration of the first hospital dose of antibiotics,98%,59 patients,al_pn-3b
368,10086,northwest medical center,1530 u s highway 43,empty,empty,winfield,al,35594,marion,2054877736,acute care hospitals,proprietary,yes,pneumonia,pn-4,pneumonia patients given smoking cessation advice/counseling,98%,40 patients,al_pn-4
369,10086,northwest medical center,1530 u s highway 43,empty,empty,winfield,al,35594,marion,2054877736,acute care hospitals,proprietary,yes,pneumonia,pn-5c$,pneumonia patients given initial antibiotic(s)% within 6 hours after arrival,100%,??85 pa@@tients,al_pn-5c
370,10086,northwest medical center,1530 u s highway 43,empt$y,empty,winfield,al,35594,marion,2054877736,acute care hospitals,proprietary,yes,pneumonia,pn-6,pneumonia patients given the most appropriate initial antibiotic(s),$100%,62 patients,al_pn-6
371,39044.74802514453,nort??%hwest medical center,1530 u s highway 43,empt@@@@y,@@e@@mpty,winfield,al,35594,marion,2054877736,acute care hospitals,,yes,,,pneumonia patients assessed and given influenza vaccination,82%,empty,al_pn-7
372,10086,northwest medical center,1530 u s highway 43,empty,empty,winfield,al,35594,marion,2054877736,acute care hospitals,proprietary,yes,surgical infection prevention,scip-card-2,surgery patients who were taking heart drugs called beta blockers before coming to the hospital who were kept on the beta blockers during the period just before and after their surgery,89%,19 patients,al_scip-card-2
373,10086,northwest medical center,1530 u s highway 43,empty,empty,winfield,al,35594,marion,2054877736,acute care hospitals,proprietary,yes,surgical infection prevention,scip-inf-1,surgery patients who were given an antibiotic at the right time (within one hour before surgery) to help prevent infection,98%,102 patients,al_scip-inf-1
374,31376.89986954909,northwest @@medical cen$ter,,empty,empty,winfield,al,172402.2631061882,marion,9257036149.278334,acute care hospitals,proprietary,,surgical infection prevention,scip-inf-2,surgery patients who were given the  right kind  of antibiotic to help prevent infection,99%,103 patients,al_scip-inf-2
375,10086,northwest medical center,1530 u s highway 43,empty,em??pty,winfield,al,35594,marion,2054877736,acute care hospitals,proprietary,yes,surgical infection prevention,scip-inf-3,surgery patients whose preventive antibiotics were stopped at the right time (within 24 hours after surgery),empty,98 patients,al_scip-inf-3
376,10086,northwest medical center,1530 u s highway 43,empty,empty,winfield,al,35594,marion,2054877736,acute care hospitals,proprietary,yes,surgical infection prevention,sc#ip-inf-4,all heart surgery patients whose blood sugar (blood glucose) is kept under good control in the days right after surgery,empty,0 patients,al_scip-inf-4
377,10086,northwest medical center,1530 u s highway 43,empty,empty,winfield,al,35594,marion,2054877736,acute care hospitals,proprietary,yes,surgical infection prevention,scip-inf-6,surgery patients needing hair removed from the surgical area before surgery who had hair removed using a safer method (electric clippers or hair removal cream c not a razor),100%,146 patients,al_scip-inf-6
378,10086,northwest medical center,1530 u s highway 43,empty,empty,winfield,al,35594,marion,2054877736,acute care hospitals,proprietary,yes,surgical infection prevention,??scip-vte-1??,surgery patien$ts w??hose doctors ordered treatments to prevent blood clots after certain types of surgeries,95%,58@@ patien%ts,al_scip-vte-1
379,10086,northwest medical center,1530 u s highway 43,empty,empty,winfield,al,35594,marion,2054877736,acute care hospitals,proprietary,yes,surgical infection prevention,scip-@@vte-2,,95%%,5??8 patients,al_scip-vte-2
380,10087,univ of south alabama medical center,2451 fillingim street,empty,empty,mobile,al,36617,mobile,2514717110,acute care hospitals,government - state,yes,heart attack,ami-1,heart attack patients given aspirin at arrival,99%,@@86 @@patients,al_ami-1
381,10087,univ of south alabama medical center,2451 fillingim street,empty,empty,mobile,al,36617,mobile,2514717110,acute care hospitals,government - state,yes,heart attack,ami-2,heart attack patients given aspirin at discharge,97%,91 patients,al_ami-2
382,10087,univ of south alabama medical center,2451 fillingim street,empty,empty,mobile,al,36617,mobile,2514717110,acute care hospitals,government - state,yes,heart attack,ami-3,heart attack patients given ace inhibitor or arb for left ventricular systolic dysfunction (lvsd),100%,empty,al_ami-3
383,33287.62533392824,univ of south alabama medical center,2451 fillingim street,empty,empty,mobile,al,36617,mobile,2514717110,acute care hospitals,government - state,yes,heart attack,ami$-4@@,heart attack patients given smoking cessation advice/counseling,100%,??58 @@patients,al_ami-4
384,10087,univ of south alabama medical center,2451 fillingim street,empty,empty,mobile,al,36617,mobile,2514717110,acute care hospitals,government - state,yes,heart attack,ami-5,heart attack patients given beta blocker at discharge,@@96%%,96 patients,al_ami-5
385,10087,univ of south alabama medical center,2451 fillingim street,empty,e??mpty,mobile,al,36617,mobile,2514717110,acute care hospitals,government - state,yes,heart attack,ami-7a,heart attack patients given fibrinolytic medication within 30 minutes of arrival,empty,0 patients,al_ami-7a
386,10087,univ of south alabama medical center,2451 fillingim street,empty,empty,mobile,al,36617,mobile,2514717110,acute care hospitals,government - state,yes,heart attack,ami-8##a,heart attack patients@@ given pci within 90 minutes of# arrival,50%,16 patients,al_ami-8a
387,10087,univ of south alabama medical center,2451 fillingim street,empty,empty,mobile,al,36617,mobile,2514717110,acute care hospitals,government - state,yes,heart failure,hf-1,heart failure patients given discharge instructions,8%??3%,146 patients,al_hf-1
388,10087,univ of south alabama medical center,2451 fillingim street,empty,empty,mobile,al,36617,mobile,2514717110,acute care hospitals,government - state,yes,heart failure,hf%-2%,heart failure patients given an evaluation of left ventricular systolic (lvs) function,98%,150 patients,al_hf-2
389,10087,univ of south alabama medical center,2451 fillingim street,empty,empt??y,mobile,al,36617,mobile,2514717110,acute care hospitals,government - state,yes,heart failure,hf-3,heart failure patients given ace inhibitor or arb for left ventricular systolic dysfunction (lvsd),96%,84 patients,al_hf-3
390,10087,univ of south alabama medical center,2451 fillingim street,empty,empt@@y%,mobile,al,36617,mobile,2514717110,acute care hospitals,government - state,yes,heart failure,hf-4,heart failure patients given smoking cessation advice/counseling,100%,45 pa@@tients,al_hf-4
391,10087,univ of south alabama medical center,2451 fillingim street,empty,empty,mobile,al,36617,mobile,2514717110,acute care hospitals,government - state,yes,pneumonia,pn-2,pneumonia patients assessed and given pneumococcal vaccination,71%,7 patients,al_pn-2
392,10087,univ of south alabama medical center,2451 fillingim street,empty,empty,mobile,al,36617,mobile,2514717110,,government - state,yes,p??neumonia,%pn-3b,pneumonia patients whose initial emergency room blood culture was performed prior to the administration of the first hospital dose of antibiotics,89%%??,35 pa??ti@@ents,al_pn-3b
393,10108,prattville baptist hospital,124 s memorial dr,$empty,empty,prattville,al,36067,autauga,3343614267,acute care hospitals,voluntary non-profit - private,yes,heart attack,ami-2,heart attack patients given aspirin at discharge,100%,4 patients,al_ami-2
394,52368.12057671937,prattville baptist hospital,124 s memorial dr,empty,empty,prattville,al,36067,autauga,3343614267,acute care hospitals,voluntary non-profit - private,yes,heart attack,ami-3,heart attack patients given ace inhibitor or arb for left ventricular systolic dysfunction (lvsd),67%,3 patients,al_ami-3
395,10108,prattville baptist hospital,124 s memorial dr,empty,empty$,prattville,al,36067,autauga,3343614267,acute care hospitals,voluntary non-profit - private,yes,heart attack,ami-4,heart attack patients given smoking cessation advice/counseling,empty,0 patients,al_ami-4
396,31155.73845576485,prattville baptist hospital,124 s memorial dr,empty,empty,prattville,al,36067,autauga,3343614267,acute care hospitals,voluntary non-profit - private,yes,heart attack,ami-5,heart attack patients given beta blocker at discharge,100%,5 patients,al_ami-5
397,10108,prattville baptist hospital,124 s memorial dr,empty,empty,prattville,al,36067,autauga,3343614267,acute care hospitals,voluntary non-profit - private,yes,heart attack,ami-7a,heart attack patients given fibrinolytic medication within 30 minutes of arrival,empty,0 patients,al_ami-7a
398,10108,prattville baptist hospital,124 s memorial dr,empty,emp@@??ty,prattville,al,36067,autauga,3343614267,acute care hospitals,voluntary non-profit - private,yes,heart attack,ami-8a,heart attack patients given pci within 90 minutes of arrival,empty,0 patients,al_ami-8a
399,10108,prattville baptist hospital,124 s memorial dr,empty,empty,prattville,al,36067,autauga,3343614267,acute care hospitals,voluntary non-profit - private,yes,heart failure,hf-1,heart failure patients given discharge instructions,96%,75 patients,al_hf-1
400,10108,prattville baptist hospital,124 s memorial dr,empty,empty,prattville,al,36067,autauga,3343614267,acute care hospitals,voluntary non-profit - private,yes,heart failure,hf-2,heart failure patients given an evaluation of left ventricular systolic (lvs) function,94%,93 patients,al_hf-2
401,10108,prattville baptist hospital,124 s memorial dr,empty,empty,prattville,al,36067,autauga,3343614267,acute care hospitals,voluntary non-profit - private,yes,heart failure,hf-3,heart failure patients given ace inhibitor or arb for left ventricular systolic dysfunction (lvsd),94%,18 patients,al_hf-3
402,10108,prattville baptist hospital,124 s memorial dr,empty,empty,prattville,al,36067,autauga,3343614267,acute care hospitals,voluntary non-profit - private,yes,heart failure,hf-4,heart failure patients given smoking cessation advice/counseling,96%,27 patients,al_hf-4
403,10108,prattville baptist hospital,124 s memorial dr,empty,empty,prattville,al,36067,autauga,3343614267,acute care hospitals,voluntary non-profit - private,yes,pneumonia,%pn-2,pneumonia patients assessed and given pneumococcal vaccination,94%,116 patients,
404,10108,prattville baptist hospital,124 s memorial dr,e??mpty%,empty,prattville,al,36067,autauga,3343614267,acute care hospitals,voluntary non-profit - private,yes,pneumonia,,,95%#,138 patients,al_pn-3@@b
405,31440.061910090633,prattville baptist hospital,124 s memorial dr,empty,empty,prattville,al,36067,autauga,3343614267,acute care hospitals,voluntary non-profit - private,yes,pneumonia,pn#-4,pneumonia patients given smoking cessation advice/counseling,100%,67 patients,al_pn-4
406,10108,prattville baptist hospital,124 s memorial dr,empty,empty,prattville,al,36067,autauga,3343614267,acute care hospitals,voluntary non-profit - private,yes,pneumonia,pn-5c,pneumonia patients given initial antibiotic(s) within 6 hours after arrival,94%,131 patients,al_pn-5c
407,10108,prattville baptist hospital,124 s memorial dr,empty,empty,prattville,al,36067,autauga,3343614267,acute care hospitals,voluntary non-profit - private,yes,pneumonia,,pneumonia patients given the most appropriate initial antibiotic(s),92%,93 patients,a#l_pn-6
408,,prattville baptist hospital,124 s memorial dr,empty,empty,prattville,al,36067,autauga,3343614267,acute care hospitals,voluntary non-profit - private,yes,pneumonia,pn-7,pneumonia patients assessed and given influenza vaccination,9%%9%,89 patients,al_pn-7
409,44743.63295606911,prattville baptist hospital,124 s memorial dr,empty,empty,prattville,al,36067,autauga,3343614267,acute care hospitals,voluntary non-profit - private,yes,surgical infection prevention,,,100%,empty,al_scip-card-2
410,10108,prattville baptist hospital,124 s memorial dr,empty,empty,prattville,al,36067,autauga,3343614267,acute care hospitals,voluntary non-profit - private,yes,surgical infection prevention,,surgery patients who were given an antibiotic at the right time (within one hour before surgery) to help prevent infection,90%,10 patients,al_scip-inf-1
411,10108,prattville baptist hospital,124 s memorial dr,empty,empty,prattville,al,36067,autauga,3343614267,acute care hospitals,voluntary non-profit - private,yes,surgical infection prevention,scip-inf-2,surgery patients who were given the  right kind  of antibiotic to help prevent infection,90%,10 patients,al_scip-inf-2
412,55121.49228429784,prattville bapti??st hospital,124 s memorial dr,empty,empty,prattville,al,36067,autauga,,acute care hospitals,voluntary non-profit - private,yes,surgical infection prevention,scip-inf-3,surgery patients whose preventive antibiotics were stopped at the right time (within 24 hours after surgery),100%,1@@0 patients,al_scip-inf-3
413,52031.24650722605,russellville hospital,15155 highway 43,empty,empty,russellville,al,35653,,2563321611,acute care hospitals,proprietary,yes,surgical infection prevention,scip-vte-1,surgery patients whose doctors ordered treatments to prevent blood clots after certain types of surgeries,100%,125 patients,al_scip-vte-1
414,10158,russellville hospital,15155 highway 43,empty,empty,russellville,al,35653,,2563321611,acute care hospitals,proprietary,yes,surgical infection prevention,scip-vte-2,patients who got treatment  at the right time (within 24 hours before or after their surgery) to help prevent blood clots after certain types of surgery,98%%,125 patients,al_scip-vte-2
415,10164,coosa valley medical center,315 w hickory st,empty,emp@@ty%,sylacauga,al,35150,talladega,2562495000,acute care hospitals,voluntary non-profit - other,no,heart attack,ami-1,heart attack patients given aspirin at arrival,90%,10 patients,al_ami-1
416,10164,coosa valley medical center,315 w hickory st,empty,empty,sylacauga,al,35150,talladega,2562495000,acute care hospitals,voluntary non-profit - other,no,heart attack,ami-2,heart attack patients given aspirin at discharge,empty,3 patients,al_ami-2
417,10164,coosa valley medical center,315 w hickory st,empty,empty,sylacauga,al,35150,talladega,2562495000,acute care hospitals,voluntary non-profit - other,no,heart attack,ami-3,heart attack patients given ace inhibitor or arb for left ventricular systolic dysfunction (lvsd),empty,1 patients,al_ami-3
418,10164,coosa valley medical center,315 w hickory st,empt%#y,empty,sylacauga,al,35150,talladega,2562495000,acute care hospitals,voluntary non-profit - other,no,heart attack,ami-4,heart attack patients given smoking cessation advice/counseling,em??pty,0 patients,al_ami-4
419,10164,coosa valley medical center,315 w hickory st,empty,e$mpty,sylacauga,al,35150,talladega,2562495000,acute care hospitals,voluntary non-profit - other,no,heart attack,ami-5,heart attack patients given beta blocker at discharge,100%,4 patients,al_ami-5
420,30693.401115305696,coosa valley medical center,315 w hickory st,empty,empty,sylacauga,al,35150,talladega,2562495000,acute care hospitals,voluntary non-profit - other,no,heart attack,ami-7a,heart attack patients given fibrinolytic medication within 30 minutes of arrival,empty,0 patients,al_ami-7a
421,10164,coosa valley medical center,315 w hickory st,empty,empty,sylacauga,al,35150,talladega,2562495000,acute care hospitals,voluntary non-profit - other,no,heart attack,ami-8a,heart attack patients given pci within 90 minutes of arrival,empty,0 pat??ients,al_ami-8a
422,10164,coosa valley medical center,315 w hickory st,empty,empty,sylacauga,al,35150,talladega,2562495000,acute care hospitals,voluntary non-profit - other,no,heart failure,hf-1,heart failure patients given discharge instructions,77%,78 patie%nts,al_hf-1
423,10164,coosa valley medical center,315 w hickory st,empty,empty,sylacauga,al,35150,talladega,2562495000,acute care hospitals,voluntary non-profit - other,no,heart failure,hf-2,heart failure patients given an evaluation of left ventricular systolic (lvs) function,99%,105 patients,al_hf-2
424,40910.7159970701,coosa valley medical center,315 w hickory st,empty,empty,sylacauga,al,35150,talladega,2562495000,acute care hospitals,voluntary non-profit - other,no,heart failure,hf-3,heart failure patients given ace inhibitor or arb for left ventricular systolic dysfunction (lvsd),85%,46 %patients%,al_hf-3
425,10164,coosa valley medical center,315 w hickory st,empty,e#m%pty,sylacauga,al,35150,talladega,2562495000,acute care hospitals,voluntary non-profit - other,no,heart failure,hf-4,heart failure patients given smoking cessation advice/counseling,100%,12 patients,al_hf-4
426,10164,coosa valley medical center,315 w hickory st,empty,empty,sylacauga,al,35150,talladega,2562495000,acute care hospitals,voluntary non-profit - other,no,pneumonia,pn-2,pneumonia patients assessed and given pneumococcal vaccination,93%,empty,al_pn-2
427,10164,coosa valley medical center,315 w hickory st,empty,empty,sylacauga,al,35150,talladega,2562495000,acute care hospitals,voluntary non-profit - other,no,pneumonia,pn-3b,pneumonia patients whose initial emergency room blood culture was performed prior to the administration of the first hospital dose of antibiotics,97%,95 patients,al_pn-3b
428,,coosa valley medical center,315 w hickory st,empty,empty,sylacauga,al,35150,talladega,2562495000,acute care hospitals,voluntary non-profit - other,no,pneumonia,pn-4,pneumonia patients given smoking cessation advice/counseling,100%,47 patients,al_pn-4
429,10164,coosa valley medical center,315 w hickory st,empty,empty,sylacauga,al,35150,talladega,2562495000,acute care hospitals,voluntary non-profit - other,no,pneumonia,pn-5c,pneumonia patients given initial antibiotic(s) within 6 hours after arrival,97%,101 patients,al_pn-5c
430,10164,coosa valley medical center,315 w hickory st,empty,empty,sylacauga,al,35150,talladega,2562495000,acute care hospitals,voluntary non-profit - other,no,pneumonia,pn-6,pneumonia patients given the most appropriate initial antibiotic(s),96%,57 patients,al_pn-6
431,52972.058740717664,coosa valley medical center,315 w hickory st,emp%ty,empty,sylacauga,al,35150,talladega,2562495000,acute care hospitals,voluntary non-profit - other,no,pneumonia,pn-7,pneumonia patients assessed and given influenza vaccination,88%,51 patients,al_pn-7
432,,coosa valley medical center,315 w hickory st,empty,empty,sylacauga,al,35150,talladega,2562495000,acute care hospitals,voluntary non-profit - other,no,surgical infection prevention,scip-card-2,surgery patients who were taking heart drugs called beta blockers before coming to the hospital who were kept on the beta blockers during the period just before and after their surgery,82%,22 patients,al_scip-card-2
433,20017,alaska regional hospital,2801 debarr road,empty,empty,anchorage,ak,99508,anchorage,9072761131,acute care hospitals,proprietary,yes,heart failure,hf-1,heart failure patients given discharge instructions,91%,57 patients,al_hf-1
434,20017,alaska regional hospital,2801 debarr road,em@@pty,empty??,anchorage,ak,99508,anchorage,9072761131,acute care hospitals,proprietary,yes,heart failure,hf-2,heart failure patients given an evaluation of left ventricular systolic (lvs) function,98%,61 patients,al_hf-2
435,20017,alaska regional hospital,2801 debarr road,empty,empty,anchorage,ak,99508,anchorage,9072761131,acute care hospitals,proprietary,yes,heart failure,hf-3,heart failure patients given ace inhibitor or arb for left ventricular systolic dysfunction (lvsd),100%,33 patients,al_hf-3
436,20017,alaska regional hospital,2801 debarr road,empty,empty,anchorage,ak,99508,anchorage,9072761131,acute care hospitals,proprietary,yes,heart failure,hf-%??4,heart failure patients given smoking cessation advice/counseling,100%,13 p%atients,ak_hf-??4
437,20017,alaska regional hospital,2801 debarr road,empty,empty,anchorage,ak,99508,anchorage,9072761131,acute care hospitals,proprietary,yes,pneumonia,pn-2,pneumonia patients assessed and given pneumococcal vaccination,9$7%,empty,al_pn-2
438,20017,alaska regional hospital,2801 debarr road,e@@@@mpty,empty,anchorage,ak,99508,anchorage,9072761131,acute care hospitals,proprietary,yes,pneumonia,pn-3b,pneumonia patients whose initial emergency room blood culture was performed prior to the administration of the first hospital dose of antibiotics,100%,4#7 %patients,al_pn-3b
439,20017,alaska regional hospital,2801 debarr road,empty,empty,anchorage,ak,99508,anchorage,9072761131,acute care hospitals,proprietary,yes,pneumonia,pn-4,pneumonia patients given smoking cessation advice/counseling,96%,empty,al_pn-4
440,71260.35920372682,alaska regional hospital,2801 debarr road,empty,empty,anchorage,ak,99508,anchorage,9072761131,acute care hospitals,proprietary,yes,pneumonia,pn-5c,pneumonia patients given initial antibiotic(s) within 6 hours after arrival,97%,39 patients,al_pn-5c
441,20017,alaska regional hospital,2801 debarr road,empty,empty,anchorage,ak,99508,anchorage,9072761131,acute care hospitals,proprietary,yes,pneumonia,pn-6,pneumonia patients given the most appropriate initial antibiotic(s),empty,22$ patients,al_pn-6
442,20017,alaska regional hospital,2801 debarr road,empt@@y$,em#pty,anchorage,ak,99508,anchorage,9072761131,acute care hospitals,proprietary,yes,pneumonia,pn-7,pneumonia patients assessed and given influenza vaccination,empty,29 patients$,al_pn-7
443,20017,alaska regional hospital,2801 debarr road,%empt$y,empty,anchorage,ak,99508,anchorage,9072761131,acute care hospitals,proprietary,yes,surgical infection prevention,scip-card-2,surgery patients who were taking heart drugs called beta blockers before coming to the hospital who were kept on the beta blockers during the period just before and after their surgery,87%,106 pat#ie%nts,al_scip-card-2
444,,alaska regional hospital,2801 debarr road,empty,empty@@,anchorage,ak,99508,anchorage,9072761131,acute care hospitals,proprietary,yes,surgical infection prevention,sci$p-inf-1,surgery patients who were given an antibiotic at the right time (within one hour before surgery) to help prevent infection,empty,513 patients,ak_scip-inf-1
445,97297.41059326373,alaska regional hospital,2801 debarr road,empty,empty,anchorage,ak,99508,anchorage,9072761131,acute care hospitals,proprietary,yes,surgical infection prevention,scip-inf-2,surgery patients who were given the  right kind  of antibiotic to help prevent infection,98%,521 patients,al_scip-inf-2
446,,alaska regional hospital,2801 debarr road,empty,empty,anchorage,ak,99508,anchorage,9072761131,acute care hospitals,proprietary,yes,surgical infection prevention,scip-inf-3,surgery patients whose preventive antibiotics were stopped at the right time (within 24 hours after surgery),88%,empty,al_scip-inf-3
447,110866.3230582514,alaska regional hospital,2801 debarr road,empty,empty,anchorage,ak,99508,anchorage,9072761131,acute care hospitals,proprietary,yes,surgical infection prevention,,all heart surgery patients whose blood sugar (blood glucose) is kept under good control in the days right after surgery,94@@%$,146 patients,
448,20017,alaska regional hospital,2801 debarr road,empty,empty,anchorage,ak,99508,anchorage,9072761131,acute care hospitals,proprietary,yes,surgical infection prevention,scip-inf-6,surgery patients needing hair removed from the surgical area before surgery who had hair removed using a safer method (electric clippers or hair removal cream c not a razor),100%,690 patients,al_scip-inf-6
449,20017,alaska regional hospital,2801 debarr road,empty,empty,anchorage,ak,99508,anchorage,9072761131,acute care hospitals,proprietary,yes,surgical infection prevention,scip-vte-1$,surgery patients whose doctors ordered treatments to prevent blood clo??ts after certain types of surgeries,94%,226 patients,ak_scip#-vt#e-1
450,20017,alaska regional hospital,2801 debarr road,empty,empty,anchorage,ak,99508,anchorage,9072761131,acute care hospitals,proprietary,yes,surgical infection prevention,scip-vte-2,patients who got treatment  at the right time (within 24 hours before or after their surgery) to help prevent blood clots after certain types of surgery,94%,223 patients,al_scip-vte-2
451,110584.67530586508,yukon kuskokwim delta reg hospital,po box 287,empty,empty,bet??hel,ak,99559,bethel,9075436300,acute care hospitals,government - federal,no,heart attack,ami-1,heart attack patients given aspirin at arrival,empty,empty,al_ami-1
452,,yukon kuskokwim delta reg hospital,po box 287,#empty#,empty,bet??hel,ak,99559,bethel,9075436300,acute care hospitals,government - federal,no,heart attack,ami-2,heart attack patients given aspirin at discharge,empty,empty,al_ami-2
453,10019,helen keller memorial hospital,1300 south montgomery avenue,empty,empty,sheffield,al,35660,jefferson,2563864556,acute care hospitals,government - hospital district or authority,yes,pneumonia,pn-2,pneumonia patients assessed and given pneumococcal vaccination,89%,150 patients,al_pn-2
454,10019,helen keller memorial hospital,1300 south montgomery avenue,empty,e%mpty,sheffield,al,35660,jefferson,2563864556,acute care hospitals,government - hospital district or authority,yes,pneumonia,pn-3b,pneumonia patients whose initial emergency room blood culture was performed prior to the administration of the first hospital dose of antibiotics,99%,149 #patients,al_pn-3b
455,10019,helen keller memorial hospital,1300 south montgomery avenue,empty,empty,sheffield,al,35660,jefferson,2563864556,acute care hospitals,government - hospital district or authority,yes,pneumonia,pn-4,pneumonia patients given smoking cessation advice/counseling,97%,79 pat#ients,al_pn-4
456,,helen keller memorial hospital,1300 south montgomery avenue,??empty,empty,sheffield,al,35660,jefferson,2563864556,acute care hospitals,government - hospital district or authority,yes,pneumonia,pn-5c,pneumonia patients given initial antibiotic(s) within 6 hours after arrival,98#%,192 patients,al_pn-5c
457,10019,helen keller memorial hospital,1300 south montgomery avenue,empty,empty,sheffield,al,35660,jefferson,2563864556,acute care hospitals,government - hospital district or authority,yes,pneumonia,pn-@@??6,pneumonia patients given the most appropriate initial antibiotic(s),86%,139 patients,al_pn-6
458,10019,helen keller memorial hospital,1300 south montgomery avenue,empty,##empty,sheffield,al,35660,jefferson,2563864556,acute care hospitals,government - hospital district or authority,yes,pneumonia,pn-7,pneumonia patients assessed and given influenza vaccination,82%,119 patients,al_pn-7
459,,helen keller memoria%l hos$pital,1300 south mon$tgomery a$venue,empty,empty,,al,192399.3100843926,jefferso$n,2563864556,acute care hospitals,government - hospita??l district or %authority,yes,surgical infection prevention,scip-card-%2,surgery patients who were taking heart drugs called beta blockers before coming to the hospital who were kept on the beta blockers during the period just before and after their surgery,81%,54 patients,al_scip-card-2
460,10019,helen keller memorial hospital,1300 south montgomery avenue,empty,empty,sheffield,al,35660,jefferson,2563864556,acute care hospitals,government - hospital district or authority,yes,surgical infection prevention,sci$p-in#f-1,surgery patients who were given an antibiotic at the @@right time (within one hour before surgery) to help prevent infection,92%,2#53 patien%ts,al@@_sc??ip-inf-1
461,10019,helen keller memorial hospital,1300 south montgomery avenue,empty,empty,sheffield,al,35660,jefferson,2563864556,acute care hospitals,government - hospital district or authority,yes,surgical infection prevention,scip-inf-2,surgery patients who were given the  right kind  of antibiotic to help prevent infection,91%,255 patients,al_scip-inf-2
462,10019,helen keller memorial hospital,1300 south montgomery avenue,empty,empty,sheffield,al,35660,jefferson,2563864556,acute care hospitals,government - hospital district or authority,yes,surgical infection prevention,scip-inf-3,surgery patients whose preventive antibiotics were stopped at the right time (within 24 hours after surgery),84%,245 patients,al_scip-inf-3
463,10019,helen keller memorial hospital,1300 south montgomery avenue,??empty,empty,sheffield,al,35660,jefferson,2563864556,acute care hospitals,government - hospital district or authority,yes,surgical infection prevention,scip-inf-4,all heart surgery patients whose blood sugar (blood glucose) is kept under good control in the days right after surgery,empty,0@@ patients,al_scip-inf-4
464,10019,helen keller memorial hospital,1300 south montgomery avenue,empty,e#mpty,sheffield,al,35660,jefferson,2563864556,acute care hospitals,government - hospital district or authority,yes,surgical infection prevention,$sc??ip-inf-6,surgery patients needing hair removed from the surgical area before surgery who had hair removed using a safer method (electric clippers or hair removal cream c not a razor),97%,369 patients,al_scip-inf-6
465,10019,helen keller memorial hospital,1300 south montgomery avenue,empty,@@empty,sheffield,al,35660,jefferson,2563864556,acute care hospitals,government - hospital district or authority,yes,surgical infection prevention,scip-vt#e@@-1,,8#5??%,144 p%atients$,al_scip-vte-1
466,,helen keller memorial h??os%pital,1300 south montgomery aven$ue,empty,empty,sheffield,al,153000.37337498556,jefferson,2563864556,acute care hospitals,government - hospital district or authority,yes,surgical infection prevention,scip-vte-2,patients who got treatment  at the right time (within 24 hours before or after their surgery) to help prevent blood clots after certain types of surgery,79@@%,142 patients,al_scip-vte-2
467,54410.35447830266,dale medical center,126 hospital ave,empty,empty,ozark,al,36360,dale,3347742601,acute care hospitals,government - hospital district or authority,yes,heart attack,ami-1,heart attack patients given aspirin at arrival,empty,11 patients,al_ami-1
468,,dale medical center,126 hospital ave,em#pty,empty,ozark,al,36360,dale,3347742601,acute care hospitals,government - hospital district or authority,yes,heart attack,ami-2,heart attack patients given aspirin at discharge,??@@100%,5 patients,al_ami-2
469,46372.609012346824,dale medical center@@,126 hospital ave,empty,%empty,ozark,al,200307.1183348104,dale,3347742601,acute care hospitals,government - hospital district or authority,yes,heart attack,ami-3,heart attack patients given ace inhibitor or arb for left ventricular systolic dysfunction (lvsd),empty,0 patients,al_ami-3
470,,dale medical center,126 hospital ave,empty,empty,ozark,al,36360,dale,3347742601,acute care hospitals,government - hospital district or authority,yes,heart attack,ami-4,heart attack patients given smoking cessation advice/counseling,100%,3 patients,al_ami-4
471,10021,dale medical center,126 hospital ave,$em@@pty,empty,ozark,al,36360,dale,3347742601,acute care hospitals,government - hospital district or authority,yes,heart attack,ami-5,heart attack patients given beta blocker at discharge,83%,6 patients,al_ami-5
472,10021,dale medical center,126 hospital ave,@@empty,empty,ozark,al,36360,dale,3347742601,acute care hospitals,government - hospital district or authority,yes,hear@@t attack??,ami-7a@@,heart attack patients given fibrinolytic medication within 30 minutes of arrival,0%,2 patients,
473,10021,dale medical center,126 hospital ave,empty,empty,ozark,al,36360,dale,3347742601,acute care hospitals,government - hospital district or authority,yes,heart attack,ami-8a,heart attack patients given pci within 90 minutes of arrival,em#pty,0 patients,al_ami-8a
474,10021,dale medical center,126 hospital ave,empty,empty,ozark,al,36360,dale,3347742601,acute care h#ospitals,government - hospital district or authority,yes,heart fai@@@@lure,,heart fa??ilure patients given discharge instructions@@,empty,79 patien@@%ts,al_hf-1
475,36985.204622416684,dale medical center,126 hospital ave,empty,empt$y,ozark,al,36360,dale,3347742601,acute care hospitals,government - hospital district or authority,yes,heart failure,hf-2,heart failure patients given an evaluation of left ventricular systolic (lvs) function,96%,94 patients,al_hf-2
476,10021,dale medical center,126 hospital ave,empty,empty,ozark,al,36360,dale,3347742601,acute care hospitals,government - hospital district or authority,yes,heart failure,hf-3,heart failure patients given ace inhibitor or arb for left ventricular systolic dysfunction (lvsd),94%,18 patients,al_hf-3
477,41631.63275982963,dale medical @@center,126 hospital ave,empty,empty,ozark,al,36360,dale,3347742601,acute care hospitals,government - hospital district or authority,yes,heart failure,hf-4,heart failure patients given smoking cessation advice/counseling,94%,32 patients,al_hf-4
478,10021,dale medical center,126 hospital ave,empty,empty,ozark,al,36360,dale,3347742601,acute care hospitals,government - hospital district or authority,yes,pneumonia,pn-2,pneumonia patients assessed and given pneumococcal vaccination,#85%,80 patients,al_pn-2
479,43899.58057577611,,126 hospital ave,empty,empty,ozark,,211493.61391259494,dale,3347742601,acute care hospitals,government - hospital district or authority,yes,pneumonia,p$n-3b$,pneumonia patients whose initial emergency room blood culture was performed prior to the administration of the first hospital dose of antibiotics,94%,67 patients,al_pn-3b
480,10021,dale medical center,126 hospital ave,empty,empty,ozark,al,36360,dale,3347742601,acute care hospitals,government - hospital district or authority,yes,pneumonia,pn-4,pneumonia patients given smoking cessation advice/counseling,87%,39 patient#s,al_pn-4
481,10021,dale medical center,126 hospital ave,empty,empty,ozark,al,36360,dale,3347742601,acute care hospitals,government - hospital district or authority,yes,pneumonia,pn$-5$c,pneumonia patients given initial antibiotic(s) within 6 hours after arrival,95%,74 %patie??nts,al_pn-5c
482,10021,dale medical center,126 hospital ave,empty,empty,ozark,al,36360,dale,3347742601,acute care hospitals,government - hospital district or authority,yes,pneumonia,pn-6,pneumonia patients given the most appropriate initial antibiotic(s),64%,59 patients,al_pn-6
483,10021,dale medical center,126 hospital ave,empty,empty,ozark,al,36360,dale,3347742601,acute care hospitals,government - hospital district or authority,yes,pneumonia,pn-7,pneumonia patients assessed and given influenza vaccination,90%,empty,al_pn-7
484,10021,dale medical center,126 hospital ave,empty,empty,ozark,al,36360,dale,3347742601,acute care hospitals,government - hospital district or authority,yes,surgical infection prevention,scip-card-2,surgery patients who were taking heart drugs called beta blockers before coming to the hospital who were kept on the beta blockers during the period just before and after their surgery,100%,empty,al_scip-card-2
485,42185.50299556081,dale medical center,126 hospital ave,empty,empty,ozark,al,36360,dale,3347742601,acute care hospitals,government - hospital district or authority,yes,surgical infection prevention,scip-inf-1,surgery patients who were given an antibiotic at the right time (within one hour before surgery) to help prevent infection,94%,52 patients,al_scip-inf-1
486,10021,dale medical center,126 hospital ave,empty,empty,ozark,al,36360,dale,3347742601,acute care hospitals,government - hospital district or authority,yes,surgical infection prevention,scip-inf-2,surgery patients who were given the  right kind  of antibiotic to help prevent infection,96%,52 patients,al_scip-inf-2
487,10021,dale medical center,126 hospital ave,empt#y,empty,ozark,al,36360,dale,3347742601,acute care hospitals,government - hospital district or authority,yes,surgical infection prevention,,surgery patients whose preventive antibiotics were stopped at the right time (within 24 hours after surgery),85%,4%8 patients,al_scip-inf-3
488,10021,dale medical center,126 hospital ave,empty,empty,ozark,al,36360,dale,3347742601,acute care hospitals,government - hospital district or authority,yes,surgical infection prevention,scip-inf-4,all heart surgery patients whose blood sugar (blood glucose) is kept under good control in the days right after surgery,empty,0 $%patients,al_scip-inf-4
489,10021,dale medical center,126 hospital ave,??empty#,empty,ozark,al,36360,dale,3347742601,acute care hospitals,government - hospital district or authority,yes,surgical infection prevention,scip-inf-6,surgery patients needing hair removed from the surgical area before surgery who had hair removed using a safer method (electric clippers or hair removal cream c not a razor),100??%??,94 patients,al_scip-inf-6
490,10021,dale medical center,126 hospital ave,empty,empty,ozark,al,36360,dale,3347742601,acute care hospitals,government - hospital district or authority,yes,surgical infection prevention,,surgery patients whose doctors ordered treatments to prevent blood clots after certain types of surgeries,88%,50 patients,al_scip-vte-1
491,10021,dale medical center,126 hospital ave,em??pty,empty,ozark,al,36360,dale,3347742601,acute care hospitals,government - hospital district or authority,yes,surgical infection prevention,scip-vte-2,patients who got treatment  at the right time (within 24 hours before or after their surgery) to help prevent blood clots after certain types of surgery,empty,empty,al_scip-vte-2
492,,,400 northwood dr,empty,empty,centre%,al,131090.4937591668,cherokee,2569275531,acute care hospitals,voluntary non-profit - private,yes,heart attack,ami-1,heart attack patients given aspirin at arrival,empty,0 patients,al_ami-1
493,37322.61029670427,,400 north??wood dr,empty,empty,,al,35960,cherokee,2569275531,acute care hospitals,voluntary non-profit - private,yes,heart attack,ami-2,heart attack patients given aspirin at discharge,1@@00%,1 patients,al_ami-2
494,47063.91356598961,cherokee medical center,400 northwood dr,empty,empty,centre,al,35960,cherokee,2569275531,acute care hospitals,voluntary non-profit - private,yes,heart attack,ami-3,heart attack patients given ace inhibitor or arb for left ventricular systolic dysfunction (lvsd),empty,0 patients,al_ami-3
495,55593.99337344158,cherokee medical center,400 northwood dr,empty,empty,centre,al,35960,cherokee,2569275531,acute care hospitals,voluntary non-profit - private,yes,heart attack,ami-4,heart attack patients given smoking cessation advice/counseling,empty,0 patients,al_ami-4
496,10022,cherokee medical center,400 northwood dr,empty,empty,centre,al,35960,cherokee,2569275531,acute care hospitals,voluntary non-profit - private,yes,heart @@attack,ami%-5,heart attack patients given beta blocker at discharge,empty,0 patients,
497,,cherokee medical center,400 northwood dr,empty,empty,centre,al,35960,cherokee,2569275531,acute care hospitals,voluntary non-profit - private,yes,heart attack,ami-7a,heart attack patients given fibrinolytic medication within 30 minutes of arrival,empty,0 patients,al_ami-7a
498,10022,cherokee medical center,400 northwood dr,empty,empty,centre,al,35960,cherokee,2569275531,acute car@@e% hospitals,voluntary non-profit - private,yes,heart a@@tt??ack,,heart attack patients given pci within 90 minutes of arrival,empty,0 ?$?patients,al_ami-8a
499,,cherokee$@@ medical center,400 northwood dr,empty,empty,centre,al,35960,cherokee,10772522760.194084,acute care hospitals,voluntary non-profit - private,yes,heart failure,hf-1,heart failure patients given discharge instructions,83%,35 patients,al_hf-1
500,10022,cherokee medical center,400 northwood dr,empty,empty,centre,al,35960,cherokee,2569275531,acute care hospitals,voluntary non-profit - private,yes,heart #failure,,heart failure patients given an evaluation of left ventricular systol@@ic (lvs) function,94%,48 patients,al_hf-2
501,10022,cherokee medical center,400 northwood dr,empty,empty,centre,al,35960,cherokee,2569275531,acute care hospitals,voluntary non-profit - private,yes,heart failure,,heart failure patients given ace inhibitor or arb for left ventricular systolic dysfunction (lvsd),90%,10 patients,al_??hf-3@@
502,,cherokee medical center,400 northwood dr,emp@@ty,empty,centre,al,35960,cherokee,2569275531,acute care hospitals,voluntary non-profit - private,yes,heart failure,hf-4,heart failure patients given smoking cessation advice/counseling,100%,15 patients,al_hf-4
503,10022,cherokee medical center,400 northwood dr,empty,$empty,centre,al,35960,cherokee,2569275531,acute care hospitals,voluntary non-profit - private,yes,pneumonia,pn-2,pneumonia patients assessed and given pneumococcal vaccination,93%,44 patients,al_pn-2
504,10022,cherokee medical center,400 northwood dr,empty,empty,centre,al,35960,cherokee,2569275531,acute care hospitals,voluntary non-profit - private,yes,pneumonia,pn-3b,pneumonia patients whose initial emergency room blood culture was performed prior to the administration of the first hospital dose of antibiotics,97%,33 patients,al_pn-3b
505,10022,cherokee medical center,400 northwood dr,empty,empty,centre,al,35960,cherokee,2569275531,acute care hospitals,voluntary non-profit - private,yes,pneumonia,pn-4,pneumonia patients given smoking cessation advice/counseling,empty,20 patients,al_pn-4
506,33603.0724105133,c$herokee medical center,400 northwood dr,empty,empty,,al,35960,cherokee,9874539413.522673,acute care hospitals,volu@@ntary non-profit - priva@@te,yes,pneumonia,pn-5c,pneumonia patients given initial antibiotic(s) within 6 hours after arrival,89%,56 patients,al_pn-5c
507,10022,cherokee medical center,400 northwood dr,empty,empty,centre,al,35960,cherokee,2569275531,acute care hospitals,voluntary non-profit - private,yes,pneumonia,pn-6,pneumonia patients given the most appropriate initial antibiotic(s),empty,44 patients,al_pn-6
508,10022,cherokee medical center,400 northwood dr,empty,empty,centre,al,35960,cherokee,2569275531,acute care hospitals,voluntary non-profit - private,yes,pneumonia,pn-7,pneumonia patients assessed and given influenza vaccination,81%%,31 patients,al_pn-7
509,10022,cherokee medical center,400 northwood dr,empty,empty,centre,al,35960,cherokee,2569275531,acute care hospitals,voluntary non-profit - private,yes,surgical infection prevention,scip-card-2,surgery patients who were taking heart drugs called beta blockers before coming to the hospital who were kept on the beta blockers during the period just before and after their surgery,empty,emp@@ty,al_scip-card-2
510,10022,cherokee medical center,400 northwood dr,empty,empty,centre,al,35960,cherokee,2569275531,acute care hospitals,voluntary non-profit - private,yes,surgical infect%ion prevention,scip-inf-??1,,0%,2 patients,al_scip-inf-1
511,10022,cherokee medical center,400 northwood dr,empty,empty,centre,al,35960,cherokee,2569275531,acute care hospitals,voluntary non-profit - private,yes,surgical infection prevention,scip-inf-2,surgery patients who were given the  right kind  of antibiotic to help prevent infection,100%,2 patients,al_scip-inf-2
512,47779.371765704505,cherokee medical center,400 northwood dr,empty,empty@@,centre,al,35960,cherokee,2569275531,acute care hospitals,voluntary non-profit - private,yes,,,surgery patients whose preventive antibiotics were stopped at the right time (within 24 hours after surgery),0%,1 patients,al#_scip-inf@@-3
513,,cherokee medic%al center,400 northwood dr,@@e??mpty,empty,centre,al,35960,cherokee,9142243648.060804,acute care hospitals,voluntary non-profit - private,yes,surgical infection prevention,scip-inf-4,all heart surgery patients whose blood sugar (blood glucose) is kept under good control in the days right after surgery,empty,0 patients,al_scip-inf-4
514,10022,cherokee medical center,400 northwood dr,empty,empty,centre,al,35960,cherokee,2569275531,acute care hospitals,voluntary non-profit - private,yes,surgical infection prevention,scip-inf-6,surgery patients needing hair removed from the surgical area before surgery who had hair removed using a safer method (electric clippers or hair removal cream c not a razor),100%,6 patients,al_scip-inf-6
515,10022,cherokee medical center,400 northwood dr,empty,empty,centre,al,35960,cherokee,2569275531,acute care hospitals,voluntary non-profit - private,yes,surgical infection prevention,scip-vte-1,surgery patients whose doctors ordered treatments to prevent blood clots after certain types of surgeries,100%,5 patients,al_scip-vte-1
516,10022,cherokee medical center,400 northwood dr,empty,empty,centre,al,35960,cherokee,2569275531,acute care hospitals,voluntary non-profit - private,yes,surgical infection prevention,scip-vte-2,patients who got treatment  at the right time (within 24 hours before or after their surgery) to help prevent blood clots after certain types of surgery,100%,5 p$atients,al_scip-vte-2
517,10023,baptist medical center south,2105 east south boulevard,e?$?mpty,empty,montgomery,al,36116,montgomery,3342882100,acute care hospitals,voluntary non-profit - church,yes,,ami-#??1,heart at@@tack patients given aspirin at arrival,100%%,134 patients,al_ami-1
518,10023,baptist medical center south,2105 east south boulevard,empty,empty,montgomery,al,36116,montgomery,3342882100,acute care hospitals,voluntary non-profit - church,yes,heart attack,,heart attack patients given aspirin at discharge,100%,282 patients,al_am??i$-2
519,10023,baptist medical center south,2105 east south boulevard,empty,empty,montgomery,al,36116,montgomery,3342882100,acute care hospitals,voluntary non-profit - church,yes,heart attack,ami-3,heart attack patients given ace inhibitor or arb for left ventricular systolic dysfunction (lvsd),100%,53 patients,al_ami-3
520,56035.00407224017,baptist medical center south,2105 east south boulevard,empty,empty,montgomery,al,36116,montgomery,3342882100,acute care hospitals,voluntary non-profit - church,yes,heart attack,ami-4,heart attack patients given smoking cessation advice/counseling,100%,119 patients,al_ami-4
521,10023,baptist medical center south,2105 east south boulevard,empty,empty,montgomery,al,36116,montgomery,3342882100,acute care hospitals,voluntary non-profit - church,yes,heart attack,ami-5,heart attack patients given beta blocker at discharge,100%,empty,al_ami-5
522,10023,baptist medical center south,2105 east south boulevard,e$mp@@ty,empty,montgomery,al,36116,montgomery,3342882100,acute care hospitals,voluntary non-profit - church,yes,h$eart attack,,heart attack patients given fibrinolytic medication within 30 minutes of arrival,empty,0 patients,al_ami-7a
523,10023,baptist medical center south,2105 east south boulevard,empty,empty,montgomery,al,36116,montgomery,3342882100,acute care hospitals,voluntary non-profit - church,yes,heart attack,ami-8a,heart attack patients given pci within 90 minutes of arrival,96%,27 patients,al_ami-8a
524,10023,baptist medical center south,2105 east south boulevard,empty,empty,montgomery,al,36116,montgomery,3342882100,acute care hospitals,voluntary non-profit - church,yes,heart failure,hf-@@1,heart failure patients given discharge instructions,100%,257 patients,al_hf-1
525,10023,baptist medical center south,2105 east south boulevard,%empty,empty,montgomery,al,36116,montgomery,3342882100,acute care hospitals,voluntary non-profit - church,yes,heart failure,hf-2,heart failure patients given an evaluation of left ventricular systolic (lvs) function,100%,empty,al_hf-2
526,56471.80695906024,baptist medical center south,2105 east south boulevard,empty,empty,montgomery,al,36116,montgomery,3342882100,acute care hospitals,voluntary non-profit - church,yes,heart failure,hf-3,heart failure patients given ace inhibitor or arb for left ventricular systolic dysfunction (lvsd),100%,98 patients,al_hf-3
527,,baptist medical center south,2105 east south boulevard,empty,empty,montgomery,al,36116,montgomery,3342882100,acute care hospitals,voluntary non-profit - church,yes,heart failure,hf-4,heart failure patients given smoking cessation advice/counseling,100%,77 patients,al_hf-4
528,10023,baptist medical center south,2105 east south boulevard,empty,empty,montgomery,al,36116,montgomery,3342882100,acute care hospitals,voluntary non-profit - church,yes,pneumonia,pn-2,pneumonia patients assessed and given pneumococcal vaccination,94%,99 patients,al_pn-2
529,10023,baptist medical center south,2105 east south boulevard,e#mp%ty,empty,montgomery,al,36116,montgomery,3342882100,acute care hospitals,voluntary non-profit - church,yes,pneumonia,pn-3b,pneumonia patients whose initial emergency room blood culture was performed prior to the administration of the first hospital dose of antibiotics,96%,103 patients,al_pn-3b
530,10023,baptist medical center south,2105 east south boulevard,empty,empty,montgomery,al,36116,montgomery,3342882100,acute care hospitals,voluntary non-profit - church,yes,pneumonia,pn-4,pneumonia patients given smoking cessation advice/counseling,94%,80 patients,al_pn-4
531,10023,baptist medical center south,2105 east south boulevard,empty,empty,montgomery,al,36116,montgomery,3342882100,acute care hospitals,voluntary non-profit - church,yes,pneumonia,pn-5c,pneumonia patients given initial antibiotic(s) within 6 hours after arrival,95%,101 patients,al_pn-5c
532,10023,baptist medical center south,2105 east south boulevard,empty,empty,montgomery,al,36116,montgomery,3342882100,acute care hospitals,voluntary non-profit - church,yes,pneumonia,pn-6,pneumonia patients given the most appropriate initial antibiotic(s),90%,empty,al_pn-6
533,10023,baptist medical center south,2105 east south boulevard,empty,empty,montgomery,al,36116,montgomery,3342882100,acute care hospitals,voluntary non-profit - church,yes,pneumonia,pn-7,pneumonia patients assessed and given influenza vaccination,92%,87 patie#nts,al_pn-7
534,,baptist medical center south,2105 east south boulevard,empty,empty,montgomery,al,36116,montgomery,3342882100,acute care hospitals,voluntary non-profit - church,yes,surgical infection prevention,,,97%,#89 patients??,al_scip-card-2
535,10023,baptist medical center south,2105 east south boulevard,empty,empty,montgomery,al,36116,montgomery,3342882100,acute care hospitals,voluntary non-profit - church,yes,surgical infection prevention,scip-inf-1,surgery patients who were given an antibiotic at the right time (within one hour before surgery) to help prevent infection,97%,412 patients,al_scip-inf-1
536,10023,baptist medical center south,2105 east south boulevard,empty,empty,montgomery,al,36116,montgomery,3342882100,acute care hospitals,voluntary non-profit - church,yes,surgical infection prevention,scip-inf-2,surgery patients who were given the  right kind  of antibiotic to help prevent infection,97%,423 patients,al_scip-inf-2
537,10023,baptist medical center south,2105 east south boulevard,empty,empty,montgomery,al,36116,montgomery,3342882100,acute care hospitals,voluntary non-profit - church,yes,surgical infection prevention,scip-inf-3,surgery patients whose preventive antibiotics were stopped at the right time (within 24 hours after surgery),94%,392 patients,al_scip-inf-3
538,37514.91298837848,baptist medical center south,2105 east south boulevard,empty,empty,montgomery,al,36116,montgomery,3342882100,acute care hospitals,voluntary non-profit - church,yes,s%urgical infection prevention,,all heart surgery pat$ients w@@hose blood sugar (blood glucose) is kept under good control in the days right after surgery,9%5%,1#25 patients,al_scip-inf-4
539,10023,baptist medical center south,2105 east south boulevard,empty,??empty,montgomery,al,36116,montgomery,3342882100,acute care hospitals,voluntary non-profit - church,yes,surgical infection preven$tion,,surgery patients needing hair removed from the surgical area before surgery who had hair removed using a safer method (electric clippers or hair removal cream c not a razor),100%,575 patients,al_scip-%??inf-6
540,10023,baptist medical center south,2105 east south boulevard,em#pty,empty,montgomery,al,36116,montgomery,3342882100,acute care hospitals,voluntary non-profit - church,yes,surgical infection prevention,scip-vte-1,surgery patients whose doctors ordered treatments to prevent blood clots after certain types of surgeries,@@98%,179 patients,al_scip-vte-1
541,10023,baptist medical center south,2105 east south boulevard,empty,empty,montgomery,al,36116,montgomery,3342882100,acute care hospitals,voluntary non-profit - church,yes,surgical infection prevention,%scip-vte-2,patients who got treatment  at the right time (within 24 hours before or after their surgery) to help prevent blood clots after certain types of surgery,9$#4%,empty,al_scip-vte-2
542,43848.754497826034,jackson hospital & clinic inc,1725 pine street,empty,empty,montgomery,al,36106,montgomery,3342938000,acute care hospitals,voluntary non-profit - private,yes,heart attack,ami-1,heart attack patients given aspirin at arrival,??95%,111 patients,al_ami-1
543,40218.802577614086,,1725 pine street,empty,empty,montgomery,#$al,36106,montgomery,3342938000,acute care hospitals,voluntary non-profit - private,yes,heart attack,,heart attack patients given aspirin at discharge,92%,165 patients,al_ami-2
544,10024,jackson hospital & clinic inc,1725 pine street,empty,empty,montgomery,al,36106,montgomery,3342938000,acute care hospitals,voluntary non-profit - private,yes,heart attack,ami-3,heart attack patients given ace inhibitor or arb for left ventricular systolic dysfunction (lvsd),79%,24 patients,al_ami-3
545,10024,jackson hospital & clinic inc,1725 pine street,empty,empty,montgomery,al,36106,montgomery,3342938000,acute care hospitals,voluntary non-profit - private,yes,heart attack,,heart attack patients given smoking cessation advice/counseling,97%,65 patients,al_ami-4
546,10024,jackson hospital & clinic inc,1725 pine street,empty,empty,montgomery,al,36106,montgomery,3342938000,acute care hospitals,voluntary non-profit - private,yes,heart attack,ami-5,heart attack patients given beta blocker at discharge,95@@%$,173 patients,al_ami-5
547,10024,jackson hospital & clinic inc,1725 pine street,e??%mpty,empty,montgomery,al,36106,montgomery,3342938000,acute care hospitals,voluntary non-profit - private,yes,heart attack,ami-7a,heart attack patients given fibrinolytic medication within 30 minutes of arrival,empty,0 patie@@nts%,al_ami-7a
548,10024,jackson hospital & clinic inc,1725 pine street,empty,em@@pty,montgomery,al,36106,montgomery,3342938000,acute care hospitals,voluntary non-profit - private,yes,heart attack,ami-8a,heart attack patients given pci within 90 minutes of arrival,40%,15 patients,al_ami-8a
549,10024,jackson hospital & clinic inc,1725 pine street,empty,empty,montgomery,al,36106,montgomery,3342938000,acute care hospitals,voluntary non-profit - private,yes,heart failure,hf-1,heart failure patients given discharge instructions,45%,430 patients,al_hf-1
550,10024,jackson hospital & clinic inc,1725 pine street,empty,empty,montgomery,al,36106,montgomery,3342938000,acute care hospitals,voluntary non-profit - private,yes,,%hf-%2,heart failure patients given an evaluation of left ventricular systolic (lvs) function,90%,518 patie%n%ts,al_hf-2
551,10024,jackson hospital & clinic inc,1725 pine street,empty,empty,montgomery,al,36106,montgomery,3342938000,acute care hospitals,voluntary non-profit - private,yes,heart failure,hf-3,heart failure patients given ace inhibitor or arb for left ventricular systolic dysfunction (lvsd),empty,146 patients,al_hf-3
552,10024,jackson hospital & clinic inc,1725 pine street,empty,empty,montgomery,al,36106,montgomery,3342938000,acute care hospitals,voluntary non-profit - private,yes,heart failure,hf-4,heart failure patients given smoking cessation advice/counseling,99%,93 $patients,al_hf-4
553,10024,jackson hospital & clinic inc,1725 pine street,e#m#pty,empty,montgomery,al,36106,montgomery,3342938000,acute care hospitals,voluntary non-profit - private,yes,pneumonia,pn-2,pneumonia patients assessed and given pneumococcal vaccination,empty,243 patients,al_pn-2
554,10024,jackson hospital & clinic inc,1725 pine street,empty,empty,montgomery,al,36106,montgomery,3342938000,acute care hospitals,voluntary non-profit - private,yes,pneumonia,pn-3b,pneumonia patients whose initial emergency room blood culture was performed prior to the administration of the first hospital dose of antibiotics,95%,230 patients,al_pn-3b
555,10024,jackson hospital & clinic inc,1725 pine street,empty,empty,montgomery,al,36106,montgomery,3342938000,acute care hospitals,voluntary non-profit - private,yes,pneumonia,,pneumonia patients given smoking cessation advice/counseling,??91%??,74 patients,al_pn-4
556,10024,jackson hospital & clinic inc,1725 pine street,empty,empty,montgomery,al,36106,montgomery,3342938000,acute care hospitals,voluntary non-profit - private,yes,pneumonia,pn-5c,pneumonia patients given initial antibiotic(s) within 6 hours after arrival,88%,233 patients,al_pn-5c
557,10024,jackson hospital & clinic inc,1725 pine street,empty,empty,montgomery,al,36106,montgomery,3342938000,acute care hospitals,voluntary non-profit - private,yes,pneumonia,pn-6,pneumonia patients given the most appropriate initial antibiotic(s),82%,97 patients,al_pn-6
558,10024,jackson hospital & clinic inc,1725 pine street,empty,empty,montgomery,al,36106,montgomery,3342938000,acute care hospitals,voluntary non-profit - private,yes,pneumonia,pn-7,pneumonia patients assessed and given influenza vaccination,82%,184 patients,al_pn-7
559,10024,jackson hospital & clinic inc,1725 pine street,empt$y@@,empty,montgomery,al,36106,montgomery,3342938000,acute care hospitals,voluntary non-profit - private,yes,surgical infection prevention,sc#ip-c@@ard-2,surgery patients who were taking heart drugs called beta blockers before coming to the hospital who $were kept on the beta blockers during the per@@iod just before and after their surgery,67%,180 patients,al_scip-card-2
560,10024,jackson hospital & clinic inc,1725 pine street,emp%ty,emp%ty,montgomery,al,36106,montgomery,3342938000,acute care hospitals,voluntary non-profit - private,yes,surgical infection prevention,sci#p-i#nf-1,surgery patients who were given an antibiotic at the right time (within one hour before surgery) to help prevent infection,??78%%,844 patients,al_scip-inf-1
561,10024,jackson hospital & clinic inc,1725 pine street,empty%,empty,montgomery,al,36106,montgomery,3342938000,acute care hospitals,voluntary non-profit - private,yes,surgical infection prevention,scip-inf-2,surgery patients who were given the  right kind  of antibiotic to help prevent infection,98%,827 patients,al_scip-inf-2
562,10024,jackson hospital & clinic inc,1725 pine street,empty,empty,montgomery,al,36106,montgomery,3342938000,acute care hospitals,voluntary non-profit - private,yes,surgical infection prevention,scip-inf-3,surgery patients whose preventive antibiotics were stopped at the right time (within 24 hours after surgery),83%,817 patients,al_scip-inf-3
563,10024,jackson hospital & clinic inc,1725 pine street,em#pty%,empty,montgomery,al,36106,montgomery,3342938000,acute care hospitals,voluntary non-profit - private,yes,surgical infection prevention,scip-inf-4,all heart surgery patients whose blood sugar (blood glucose) is kept under good control in the days right after surgery,72%,empty,al_scip-inf-4
564,41404.6087846399,,1725 pine st??reet@@,empty,empty,,#$al,138176.38879691876,montgomery,3342938000,acute care hospitals,voluntary non-profit - private,yes,surgical infection prevention,scip-inf-6,surgery patients needing hair removed from the surgical area before surgery who had hair removed using a safer method (electric clippers or hair removal cream c not a razor),97%,empty,al_scip-inf-6
565,10024,jackson hospital & clinic inc,1725 pine street,empty,empty,montgomery,al,36106,montgomery,3342938000,acute care hospitals,voluntary non-profit - private,yes,surgical infection prevention,?$?scip-vte-1,surgery patients whose doctors ordered treatments to prevent blood clots after certain types of surgeries,92%,263 patients,
566,33873.386809527416,jackson hospital & clinic inc,1725 pine street,empty,empty,montgomery,al,36106,montgomery,3342938000,acute care hospitals,voluntary non-profit - private,yes,surgical infection prevention,scip-vte-2,patients who got treatment  at the right time (within 24 hours before or after their surgery) to help prevent blood clots after certain types of surgery,87%,empty,al_scip-vte-2
567,43055.39263400893,g h lanier memorial hospital,4800 48th st,empty,empty,valley,al,36854,chambers,3347561400,acute care hospitals,voluntary non-profit - other,yes,heart attack,ami-1,heart attack patients given aspirin at arrival,92%,24 patients,al_ami-1
568,10025,g h lanier memorial hospital,4800 48th st,emp%t??y,empty,valley,al,36854,chambers,3347561400,acute care hospitals,voluntary non-profit - other,yes,heart attack,am$i-#2,heart attack patients given aspirin at discharge,90%,10 patients,al_ami-2
569,10025,g h lanier memorial hospital,4800 48th st,empty,empty,valley,al,36854,chambers,3347561400,acute care hospitals,voluntary non-profit - other,yes,heart attack,ami-3,heart attack patients given ace inhibitor or arb for left ventricular systolic dysfunction (lvsd),empty,1 ??patients%,al_ami-3
570,,g h lanier memorial hospital,4800 48th st,empty,empty,valley,al,36854,chambers,3347561400,acute care hospitals,voluntary non-profit - other,yes,heart attack,a@@mi-4%,heart attack patients given smoking cessation advice/counseling,50%,4 pat#ients,al_ami-4
571,10025,g h lanier memorial hospital,4800 48th st,empty,empty,valley,al,36854,chambers,3347561400,acute care hospitals,voluntary non-profit - other,yes,heart attack,ami-5,heart attack patients given beta blocker at discharge,92%,13 patients,al_ami-5
572,10025,g h lanier memorial hospital,4800 48th st,empty,empty,valley,al,36854,chambers,3347561400,acute care hospitals,voluntary non-profit - other,yes,heart attack,ami-7a,heart attack patients given fibrinolytic medication within 30 minutes of arrival,0%,2 patients,al_ami-7a
573,10025,g h lanier memorial hospital,4800 48th st,empty,empty,valley,al,36854,chambers,3347561400,acute care hospitals,voluntary non-profit - other,yes,heart attack,ami-8a,heart attack patients given pci within 90 minutes of arrival,empty,0 patients,al_ami-8a
574,46179.96347014782,g h lanier memorial hospital,4800 48th st,empty,empty,valley,al,36854,chambers,3347561400,,voluntary non-profit - other,yes,heart failure,,heart failure patients g??iven discharge instructions,54%,137 patients,al_hf-1
575,10025,g h lanier memorial hospital,4800 48th st,empty,em%pt%y,valley,al,36854,chambers,3347561400,acute care hospitals,voluntary non-profit - other,yes,heart failure,hf-2,heart failure patients given an evaluation of left ventricular systolic (lvs) function,99%,164 patients,al_hf-2
576,10025,g h lanier memorial hospital,4800 48th st,empty,empty,valley,al,36854,chambers,3347561400,acute care hospitals,voluntary non-profit - other,yes,heart failure,hf-3,heart failure patients given ace inhibitor or arb for left ventricular systolic dysfunction (lvsd),96%,75 patients,al_hf-3
577,34675.1597996036,g h lanier memorial hospital,4800 48th st,empty,#e??mpty,valley,al,36854,chambers,3347561400,acute care hospitals,voluntary non-profit - other,yes,heart failure,hf-4,heart failure patients given smoking cessation advice/counseling,97%,empty,al_hf-4
578,10025,g h lanier memorial hospital,4800 48th st,empty,empty,valley,al,36854,chambers,3347561400,acute care hospitals,voluntary non-profit - other,yes,pneumonia,pn-2,pneumonia patients assessed and given pneumococcal vaccination,80%,55 patients,al_pn-2
579,10025,g h lanier memorial hospital,4800 48th st,empty,empty,valley,al,36854,chambers,3347561400,acute care hospitals,voluntary non-profit - other,yes,pneumonia,pn-3b,pneumonia patients whose initial emergency room blood culture was performed prior to the administration of the first hospital dose of antibiotics,@@95%,43 patients,al_pn-3b
580,10025,g h lanier memorial hospital,4800 48th st,empty,empty,valley,al,36854,chambers,3347561400,acute care hospitals,voluntary non-profit - other,yes,,,pneumonia patients given smoking cessation advice/counseling,empty,34 pa$tients,al_pn-4
581,50377.312039832934,g h lanier memorial hospital,4800 48th st,empty,$e$mpty,valley,al,36854,chambers,3347561400,acute care hospitals,voluntary non-profit - other,yes,pneumonia,pn-5c,pneumonia patients given initial antibiotic(s) within 6 hours after arrival,82%,50 patients,al_pn-5c
582,,g h lanier memorial hospital,4800 48th st,empty,empty,valley,al,36854,chambers,3347561400,acute care hospitals,voluntary non-profit - other,yes,pneumonia,pn-6,pneumonia patients given the most appropriate initial antibiotic(s),85%,52 patients,al_pn-6
583,49335.862038601124,,4800 48th st,empty,empty,valley,al,36854,chambers,3347561400,acute care hospitals,voluntary non-profit - other,yes,pneumonia,pn-7,pneumonia patients assessed and given influenza vaccination,75%,60 patients,al_pn-7
584,10025,g h lanier memorial hospital,4800 48th st,empty,empty,valley,al,36854,chambers,3347561400,acute care hospitals,voluntary non-profit - other,yes,surgical infection prevention,scip-card-2,surgery patients who were taking heart drugs called beta blockers before coming to the hospital who were kept on the beta blockers during the period just before and after their surgery,empty,19 patients,al_scip-card-2
585,10025,g h lanier memorial hospital,4800 48th st,em??pty,empty,valley,al,36854,chambers,3347561400,acute care hospitals,voluntary non-profit - other,yes,surgical infection prevention,scip-inf-1,surgery patients who were given an antibiotic at the right time (within one hour before surgery) to help prevent infection,100%,117 patients,al_scip-inf-1
586,10025,g h lanier memorial hospital,4800 48th st,empty,empty,valley,al,36854,chambers,3347561400,acute care hospitals,voluntary non-profit - other,yes,surgical infection prevention,scip-inf-2,surgery patients who were given the  right kind  of antibiotic to help prevent infection,9#??3%,118 patie@@n??ts,al_scip-inf-2
587,58167.10388143531,g h lanier memorial hospital,4800 48th st,empty,empty,valley,al,36854,chambers,3347561400,acute care hospitals,voluntary non-profit - other,yes,surgical infection preve%ntion,scip-i$@@nf-3,surgery patients whose preventive antibiotics were stopped at the right time (within 24 hours after surgery),79%,116 patients,al_scip-inf-3
588,38266.13379286627,g h lanier memorial hospital,4800 48th st,empty,em$pty,valley,al,36854,chambers,3347561400,acute care hospitals,voluntary non-profit - other,yes,surgical infection prevention,scip-inf-4,all heart surgery patients whose blood sugar (blood glucose) is kept under good control in the days right after surgery,empty,0 patients,al_scip-inf-4
589,10025,g h lanier memorial hospital,4800 48th st,??empty$,empty,valley,al,36854,chambers,3347561400,acute care hospitals,voluntary non-profit - other,yes,surgical infection prevention,scip-inf-6,surgery patients needing hair removed from the surgical area before surgery who had hair removed using a safer method (electric clippers or hair removal cream c not a razor),96%,172 patients,al_scip-inf-6
590,,g h lanier memorial hospital,4800 48th st,#em#pty,empty@@,valley,al,36854,chambers,3347561400,acute care hospitals,voluntary non-profit - other,yes,,scip-%%vte-1,surgery patients whose doctors ordered treatments to prevent blood clots after certain types of surgeries,88%,empty,al_scip-vte-1
591,10025,g h lanier memorial hospital,4800 48th st,empty,empty,valley,al,36854,chambers,3347561400,acute care hospitals,voluntary non-profit - other,yes,surgical infection prevention,scip-vte-2,patients who got treatment  at the right time (within 24 hours before or after their surgery) to help prevent blood clots after certain types of surgery,82%,84 patients,al_scip-vte-2
592,10027,elba general hospital,987 drayton street,empty,empty,elba,al,36323,coffee,3348972257,,voluntary non-profit - other,yes,,am$#i-1,heart attack patients given aspirin at ar@@rival,empty,empty,al_ami-1
593,10027,elba general hospital,987 drayton street,empty,empty,elba,al,36323,coffee,3348972257,acute care hospitals,voluntary non-profit - other,yes,heart attack,ami-2,heart attack patients given aspirin at discharge,empty,??empty,al_ami-2
594,10027,elba general hospital,987 drayton street,emp??t$y,empty,elba,al,36323,coffee,3348972257,acute care hospitals,voluntary non-profit - other,yes,heart attack,,heart attack patients given ace inhibitor or arb for left ventricular systolic dysfunction (lvsd),empty,empty,al_ami-3
595,10027,elba general hospital,987 drayton street,emp#@@ty,empty,elba,al,36323,coffee,3348972257,acute care hospitals,voluntary non-profit - other,yes,heart attack,ami-4,heart attack patients given smoking cessation advice/counseling,empty,empty,al_ami-4
596,10027,elba general hospital,987 drayton street,e%mpty,empty,elba,al,36323,coffee,3348972257,acute care hospitals,voluntary non-profit - other,yes,heart attack,ami-5,heart attack patients given beta blocker at discharge,empty,empty,al_ami-5
597,40037.22492197691,elba general hospital,987 drayton street,empty,empty,elba,al,36323,coffee,3348972257,acute care hospitals,voluntary non-profit - other,yes,heart attack,am#i-7a,,e$mpty,empty,al_ami-7a
598,10027,elba general hospital,987 drayton street,emp$ty,empty,elba,al,36323,coffee,3348972257,acute care hospitals,voluntary non-profit - other,yes,heart attack,ami-8a,heart attack patients given pci within 90 minutes of arrival,empty,empty,al_ami-8a
599,10027,elba general hospital,987 drayton street,empty,empty,elba,al,36323,coffee,3348972257,acute care hospitals,voluntary non-profit - other,yes,heart failure,hf-1,heart failure patients given discharge instructions,100%,2 patients,al_hf-1
600,10027,elba general hospital,987 drayton street,e#mpty,empty,elba,al,36323,coffee,3348972257,acute care hospitals,voluntary non-profit - other,yes,heart failure,hf-2,heart failure patients given an evaluation of left ventricular systolic (lvs) function,100%,3 patients,al_hf-2
601,10027,elba general hospital,987 drayton street,empty,empty,elba,al,36323,coffee,3348972257,acute care hospitals,voluntary non-profit - other,yes,heart failure,hf-3,heart failure patients given ace inhibitor or arb for left ventricular systolic dysfunction (lvsd),empty,0 pati@@en$ts,al_hf-3
602,10027,elba general hospital,987 drayton street,empty,empty,elba,al,36323,coffee,3348972257,acute care hospitals,voluntary non-profit - other,yes,heart failure,hf-4,heart failure patients given smoking cessation advice/counseling,empty,0 patients,al_hf-4
603,10027,elba general hospital,987 drayton street,empty,empty,elba,al,36323,coffee,3348972257,acute care hospitals,voluntary non-profit - other,yes,pneumonia,pn-2,pneumonia patients assessed and given pneumococcal vaccination,empty,31 patients,al_pn-2
604,10027,elba general hospital,987 drayton street,empty,empty,elba,al,36323,coffee,3348972257,acute care hospitals,voluntary non-profit - other,yes,pneumonia,pn-3b,pneumonia patients whose initial emergency room blood culture was performed prior to the administration of the first hospital dose of antibiotics,100%,19 patients,al_pn-3b
605,10027,elba general hospital,987 drayton street,e$mpt$y,empty,elba,al,36323,coffee,3348972257,acute care hospitals,voluntary non-profit - other,yes,pneumonia,pn-4,pneumonia patients given smoking cessation advice/counseling,100%,12 patients,al_pn-4
606,10027,elba general hospital,987 drayton street,$empty??,empty??,elba,al,36323,coffee,3348972257,acute care hospitals,voluntary non-profit - other,yes,pneumonia,pn-5c,pneumonia patients given initial antibiotic(s) within 6 hours after arrival,100%,40 patients,al_pn-5c
607,10027,elba general hospital,987 drayton street,em@#@pty,empty,elba,al,36323,coffee,3348972257,acute care hospitals,voluntary non-profit - other,yes,pneumonia,pn-6,pneumonia patients given the most appropriate initial antibiotic(s),93%,30 patients,al_pn-6
608,10027,elba general hospital,987 drayton street,empty,empty,elba,al,36323,coffee,3348972257,acute care hospitals,voluntary non-profit - other,yes,pneumonia,pn-7,pneumonia patients assessed and given influenza vaccination,100%,23 patients,al_pn-7
609,45285.77395482213,,%987 drayton street,empty,empty,elba,a$l,196943.40125591456,coffee,,acute care hospitals,voluntary non-profit - oth$er,yes,surgical infection prevention,scip-card-2,surgery patients who were taking heart drugs called beta blockers before coming to the hospital who were kept on the beta blockers during the period just before and after their surgery,empty,empty,al_scip-card-2
610,10027,elba general hospital,987 drayton street,empty$,$empt%y,elba,al,36323,coffee,3348972257,acute care hospitals,voluntary non-profit - other,yes,,,surgery patients who were given an antibiotic at the right time (within one hour before surgery) to help prevent infection,empty,empty,a@@l_$scip-inf-1
611,10027,elba general hospital,987 drayton street,empty,empty,elba,al,36323,coffee,3348972257,acute care hospitals,voluntary non-profit - other,yes,surgical infection prevention,scip-inf-2,surgery patients who were given the  right kind  of antibiotic to help prevent infection,empty,empty,al_scip-inf-2
612,10027,elba general hospital,987 drayton street,empty,empty,elba,al,36323,coffee,3348972257,acute care hospitals,voluntary non-profit - other,yes,surgical infection prevention,sc%#ip-inf-3,surgery patients whose preventi$ve antibiotics were stopped at the right time (within 24 hours after surgery),empty,#emp@@ty,al_scip-inf-3
613,56098.1919116581,,987 drayton street,empty,empty,elba,,36323,coffee,3348972257,acute care hospitals,voluntary non-profit - other,yes,surgical infection prevention,scip-inf-4,all heart surgery patients whose blood sugar (blood glucose) is kept under good control in the days right after surgery,emp$t??y,empty,al_scip-inf-4
614,10027,elba general hospital,987 drayton street,empty,empty,elba,al,36323,coffee,3348972257,acute care hospitals,voluntary non-profit - other,yes,surgical infection prevention,scip-inf-6,surgery patients needing hair removed from the surgical area before surgery who had hair removed using a safer method (electric clippers or hair removal cream c not a razor),empty,empty,al_scip-inf-6
615,10027,elba general hospital,987 drayton street,empty,empty,elba,al,36323,coffee,3348972257,acute care hospitals,voluntary non-profit - other,yes,surgical infection prevention,scip-vte-1,surgery patients whose doctors ordered treatments to prevent blood clots after certain types of surgeries,empty,em$pty,al_scip-vte-1
616,38785.21029540854,elba general hospital,987 drayton street,empty,empty,elba,al,36323,coffee,3348972257,acute care hospitals,voluntary non-profit - other,yes,surgical infection prevention,scip-vte-2,patients who got treatment  at the right time (within 24 hours before or after their surgery) to help prevent blood clots after certain types of surgery,empty,empty,al_scip-vte-2
617,10029,east alabama medical center and snf,2000 pepperell parkway,empty,e@@mpty,opelika,al,36801,lee,3347493411,acute care hospitals,government - hospital district or authority,yes,heart attack,ami-1,heart attack patients given aspirin at arrival,98%,185 patients,al_ami-1
618,10029,east alabama medical center and snf,2000 pepperell parkway,emp@@ty,empty,opelika,al,36801,lee,3347493411,acute care hospitals,government - hospital district or authority,yes,heart attack,ami-2,heart attack patients given aspirin at discharge,97%,290 patients,al_ami-2
619,42141.3480905962,east alabama medical center and snf,2000 pepperell parkway,empty,empty,opelika,al,36801,lee,3347493411,acute care hospitals,government - hospital district or authority,yes,heart attack,ami-3,heart attack patients given ace inhibitor or arb for left ventricular systolic dysfunction (lvsd),93%,72 patients,al_ami-3
620,10029,east alabama medical center and snf,2000 pepperell parkway,empty,empty,opelika,al,36801,lee,3347493411,acute care hospitals,government - hospital district or authority,yes,heart attack,ami-4,heart attack patients given smoking cessation advice/counseling,100%,122 patients,al_ami-4
621,10029,east alabama medical center and snf,2000 pepperell parkway,empty,empty,opelika,al,36801,lee,3347493411,acute care hospitals,government - hospital district or authority,yes,heart attack,a#m@@i-5,heart attack patients given beta blocker at discharge,empty,281 patients,al_ami-5
622,10029,east alabama medical center and snf,2000 pepperell parkway,empty,empty,opelika,al,36801,lee,3347493411,acute care hospitals,government - hospital district or authority,yes,heart attack,ami-7a,heart attack patients given fibrinolytic medication within 30 minutes of arrival,empty,0 patients,al_ami-7a
623,10029,east alabama medical center and snf,2000 pepperell parkway,em$pty,empty,opelika,al,36801,lee,3347493411,acute care hospitals,government - hospital district or authority,yes,heart attack,ami-8a,heart attack patients given pci within 90 minutes of arrival,85%,26 patients,al_ami-8a
624,,east alabama medical center and snf,2000 pepperell parkway,empty,empty,opelika,al,36801,lee,3347493411,acut%e care hospitals%,government - hospital district or authority,yes,,hf-1??,,82%,527 patients,al_hf-1
625,10029,east alabama medical center and snf,2000 pepperell parkway,empty,empty,opelika,al,36801,lee,3347493411,acute care hospitals,government - hospital district or authority,yes,heart failure,hf-2,heart failure patients given an evaluation of left ventricular systolic (lvs) function,100%,570 patients,al_hf-2
626,49088.142357452234,east alabama medical center and snf,2000 pepperell parkway,empty,empty,opelika,al,36801,lee,3347493411,acute care hospitals,government - hospital district or authority,yes,heart failure,hf-3,heart failure patients given ace inhibitor or arb for left ventricular systolic dysfunction (lvsd),92%,272 patients,al_hf-3
627,10029,east alabama medical center and snf,2000 pepperell parkway,empty,empty,opelika,al,36801,lee,3347493411,acute care hospitals,government - hospital district or authority,yes,heart failure,,,100%,101 patients,al_hf-4
628,10029,east alabama medical center and snf,2000 pepperell parkway,em#pt$y,empty,opelika,al,36801,lee,3347493411,acute care hospitals,government - hospital district or authority,yes,pneumonia,pn-2,pneumonia patients assessed and given pneumococcal vaccination,92%,114 p??atient#s,al_pn-2
629,,east alabama medical center and snf,2000 pepperell parkway,empty,empty,opelika,al,36801,lee,3347493411,acute care hospitals,government - hospital district or authority,yes,pneumonia,pn-3b,pneumonia patients whose initial emergency room blood culture was performed prior to the administration of the first hospital dose of antibiotics,91%,129 patients,al_pn-3b
630,,east alabama medical center and snf,2000 pepperell parkway,empty,empty,opelika,al,36801,lee,3347493411,acute care hospitals,government - hospital district or authority,yes,pneumonia,pn-4,pneumonia patients given smoking cessation advice/counseling,100%,59 patients,al_pn-4
631,,east alabama medical center and snf,2000 pepperell parkway,empty,empty,opelika,al,36801,lee,3347493411,acute care hospitals,government - hospital district or authority,yes,pneumonia,pn-5c,pneumonia patients given initial antibiotic(s) within 6 hours after arrival,96%,153 patients,al_pn-5c
632,,east alabama medical center and snf,2000 pepperell parkway,empty,empty,opelika,al,36801,lee,3347493411,acute care hospitals,government - hospital district or authority,yes,pneumonia,pn#-6%,pneumonia patients given the most appropriate initial antibiotic(s),97%,empty,al_pn-6
633,10029,east alabama medical center and snf,2000 pepperell parkway,empty,empty,opelika,al,36801,lee,3347493411,acute care hospitals,government - hospital district or authority,yes,pneumonia,p$n-7,pneumonia patients assessed and given influenza vaccination,88%,89 patients,al_pn-7
634,47488.06383413237,east alabama medical center and snf,2000 pepperell parkway,e@@m@@pty,empty,opelika,al,36801,lee,3347493411,acute care hospitals,government - hospital district or authority,yes,surgical infection prevention,scip-card-2,surgery patients who were taking heart drugs called beta blockers before coming to the hospital who were kept on the beta blockers during the period just before and after their surgery,%98%,208 patients,al_scip-card-2
635,10029,east alabama medical center and snf,2000 pepperell parkway,empty,empty,opelika,al,36801,lee,3347493411,acute care hos??pitals,government - hospital district or authority,yes,surgi$cal infection prevention,,surgery patients who were given an antibiotic at the right time (within one hour before surgery) to help prevent infection,99%,1001 patients,al_scip-inf-1
636,10029,east alabama medical center and snf,2000 pepperell parkway,empty,empty,opelika,al,36801,lee,3347493411,acute care hospitals,government - hospital district or authority,yes,surgical infection prevention,scip-in%f-??2,surgery patients who were given the  right kind  of antibiotic to help prevent infection,empty,1016 patients,al_scip-inf-2
637,,,2000 pepperell parkway,empty$,empty,opelika,al,36801,lee,3347493411,acute care hospitals,government - hospital district or authority,yes,surgical infection prevention,scip-inf-3,surgery patients whose preventive antibiotics were stopped at the right time (within 24 hours after surgery),97%,962 patients,al_scip-inf-3
638,55084.67145418828,east alabama medical center and snf,2000 pepperell parkway,empty,empty,opelika,al,36801,lee,3347493411,acute care hospitals,government - hospital district or authority,yes,surgical infection prevention,scip-inf-4,all heart surgery patients whose blood sugar (blood glucose) is kept under good control in the days right after surgery,98%,empty,al_scip-inf-4
639,49273.811354748694,east alabama medical center and snf,2000 pepperell parkway,empty,emp@@ty,opelika,al,36801,lee,3347493411,acute care hospitals,government - hospital district or authority,yes,surgical infection prevention,scip-inf-6,surgery patients needing hair removed from the surgical area before surgery who had hair removed using a safer method (electric clippers or hair removal cream c not a razor),100%,1421 patients,al_scip-inf-6
640,,east alabama medical center and snf,2000 pepperell parkway,$em@@pty,empty,opelika,al,36801,lee,3347493411,acute care hospitals,government - hospital district or authority,yes,surgical infection prevention,scip-vte-1,surgery patients whose doctors ordered treatments to prevent blood clots after certain types of surgeries,92%,473 patients,al_scip-vte-1
641,10029,east alabama medical center and snf,2000 pepperell parkway,empt$y,empty,opelika,al,36801,lee,3347493411,acute care hospitals,government - hospital district or authority,yes,surgical infection prevention,s%cip-vt@@e-2,patients who got treatment  at the right time (within 24 hours before or after their surgery) to help prevent blood clots after certain types of surgery,90%,473 patients,al_scip-vte-2
642,10032,wedowee hospital,209 north main street,empty,empty,wedowee,al,36278,randolph,2563572111,acute care hospitals,government - local,no,heart attack,@@ami-1,heart attack patients given aspirin at arrival,50%,4 patients,al_ami-1
643,10032,wedowee hospital,209 north main street,empty,empty,wedowee,al,36278,randolph,2563572111,acute care hospitals,government - local,no,heart attack,ami-2,heart attack patients given aspirin at discharge,67%,3 pa%@@tients,al_ami-2
644,,wedowee hospital,209 north main street,empty,empty??,wedowee,al,36278,randolph,2563572111,acute care hospitals,government - local,no,heart attack,,,e#m??pty,0 patients,al_am%i-#3
645,10032,wedowee hospital,209 north main street,empty,empty,wedowee,al,36278,randolph,2563572111,acute care hospitals,government - local,no,heart attack,ami-4,heart attack patients given smoking cessation advice/counseling,emp#t#y,0 patients,al_ami-4
646,,wedowee hospital,209 north main street,empty,empty,wedowee,al,36278,randolph,2563572111,acute care hospitals,government - local,no,heart attack,ami-5,heart attack patients given beta blocker at discharge,empty,3 patients,al_ami-5
647,10032,wedowee hospital,209 north main street,empty,empt#y@@,wedowee,al,36278,randolph,2563572111,acute care hospitals,government - local,no,heart attack,,heart attack patients given fibrinolytic medication within 30 minutes of arriva@@l,empty$??,0 patients,al_ami-7a
648,10032,wedowee hospital,209 north main street,empty,empty,wedowee,al,36278,randolph,2563572111,acute care hospitals,government - local,no,heart attack,,heart attack patients given pci within 90 minutes of arrival,empty,0 p$a$tients,
649,59925.39192123656,wedowee hospital,209 north main street,empty,empty,wedowee,al,36278,randolph,2563572111,acute care hospitals,government - local,no,heart failure,hf-1,heart failure patients given discharge instructions,0%,34 patients,al_hf-1
650,10032,wedowee hospital,209 north main street,empty,empty,wedowee,al,36278,randolph,2563572111,acute care hospitals,government - local,no,heart failure,hf-2,heart failure patients given an evaluation of left ventricular systolic (lvs) function,38%,39 patients,al_hf-2
651,51119.62919149613,wedowee hospital,209 north main street,empty,empty,wedowee,al,36278,randolph,2563572111,acute care hospitals,government - local,no,heart failure,hf-3,heart failure patients given ace inhibitor or arb for left ventricular systolic dysfunction (lvsd),25%,4 patie??nts,al_hf-3
652,10032,wedowee hospital,209 north main street,empty,empty,wedowee,al,36278,randolph,2563572111,acute care hospitals,government - local,no,heart failure,hf-4,heart failure patients given smoking cessation advice/counseling,100%,2 p%at#ients,al_hf-4
653,10032,wedowee hospital,209 north main street,empty,empty,wedowee,al,36278,randolph,2563572111,acute care hospitals,government - local,no,pneumonia,pn-2,pneumonia patients assessed and given pneumococcal vaccination,25%,28 patients,al_pn-2
654,10032,wedowee hospital,209 north main street,empty,empt%y#,wedowee,al,36278,randolph,2563572111,acute care hospitals,government - local,no,pneumonia,pn-3b,pneumonia patients whose initial emergency room blood culture was performed prior to the administration of the first hospital dose of antibiotics,100%,14 patients,al_pn-3b
655,10032,wedowee hospital,209 north main street,empty,empt#y,wedowee,al,36278,randolph,2563572111,acute care hospitals,government - local,no,pneumonia,pn-4,pneumonia patients given smoking cessation advice/counseling,67%,6 patients,al_pn-4
656,,wedowee hospital,209 north main street,empty,empty,wedowee,al,36278,randolph,2563572111,acute care hospitals,government - local,no,pneumonia,pn-5c,pneumonia patients given initial antibiotic(s) within 6 hours after arrival,90%,30 patients,al_pn-5c
657,10032,wedowee hospital,209 north main street,empty,??empt??y,wedowee,al,36278,randolph,2563572111,acute care hospitals,government - local,no,pneumonia,pn-6,pneumonia patients given the most appropriate initial antibiotic(s),96%,23 patients,al_pn-6
658,10032,wedowee hospital,209 north main street,empty,empt%y,wedowee,al,36278,randolph,2563572111,acute care hospitals,government - local,no,pneumonia,p%n#-7,pneumonia patients assessed and given influenza vaccination,12@@%,16 patients,
659,10032,wedowee hospital,209 north main street,empty,emp??t@@y,wedowee,al,36278,randolph,2563572111,acute care hospitals,government - local,no,surgical infection prevention,scip-card-2,surgery patients who were taking heart drugs called beta blockers before coming to the hospital who were kept on the beta blockers during the period just before and after their surgery,empty,empty,al_scip-card-2
660,42745.00866723167,wedowee hospital,209 north main street,em@@p%ty,empty,wedowee,al,36278,randolph,2563572111,acute care hospitals,government - local,no,surgical infection prevention,scip-inf-1,surgery patients who were given an antibiotic at the right time (within one hour before surgery) to help prevent infection,empty,empty,al_scip-inf-1
661,56678.231707867264,wedowee hospital,209 north main street,empty,empty,wedowee,al,36278,randolph,2563572111,acute care hospitals,government - local,no,surgical infection prevention,scip-inf-2,surgery patients who were given the  right kind  of antibiotic to help prevent infection,empty,empty$%,al_scip-inf-2
662,10032,wedowee hospital,209 north main street,empty,empty,wedowee,al,36278,randolph,2563572111,acute care hospitals,government - local,no,surgical infection prevention,scip-in#%f-3,surgery patients whose preventive antibiotics were stopped at the right time (within 24 hours after surgery),empty,empty,al_scip-inf-3
663,,wedowee hospital,209 north main street,empty,empty,wedowee,al,36278,randolph,2563572111,acute care hospitals,government - local,no,surgical infection prevention,scip-inf-4,all heart surgery patients whose blood sugar (blood glucose) is kept under good control in the days right after surgery,empty,empty,al_scip-inf-4
664,,,209 north main street,empty,empty,wedowee,al,,randolph,2563572111,acute care hospitals,gove??rnment - local,n$o,surgical infection prevention,scip-inf-6,surgery patients needing hair removed from the surgical area before surgery who had hair removed using a safer method (electric clippers or hair removal cream c not a razor),empty,empty,al_scip-inf-6
665,40485.5294577883,wedowee hospital,209 north main street,empty,empty,wedowee,al,36278,randolph,2563572111,acute care hospitals,government - local,no,surgical infection prevention,scip-vte-1,surgery patients whose doctors ordered treatments to prevent blood clots after certain types of surgeries,empty,empty,al_scip-vte-1
666,10032,wedowee hospital,209 north main street,em%pty,empty,wedowee,al,36278,randolph,2563572111,acute care hospitals,government - local,no,surgical infection prevention,scip-vte-2,patients who got treatment  at the right time (within 24 hours before or after their surgery) to help prevent blood clots after certain types of surgery,empty,empty,al_scip-vte-2
667,10033,university of alabama hospital,619 south 19th street,empty,empty,birmingham,al,35233,jefferson,2059344011,acute care hospitals,government - state,yes,heart attack,ami-1,heart attack patients given aspirin at arrival,empty,empty,al_ami-1
668,10033,university of alabama hospital,619 south 19th street,empty,empty,birmingham,al,35233,jefferson,2059344011,acute care hospitals,government - state,yes,heart attack,ami-2,heart attack patients given aspirin at discharge,98%,316 patients,al_ami-2
669,50550.74446500354,university of alabama hospital,619 south 19th street,empty,empty,birmingham,al,35233,jefferson,2059344011,acute care hospitals,government - state,yes,heart attack,ami-3,heart attack patients given ace inhibitor or arb for left ventricular systolic dysfunction (lvsd),91%,87 patients,al_ami-3
670,10033,university of alabama hospital,619 south 19th street,e@@mpty@@,empty,birmingham,al,35233,jefferson,2059344011,acute care hospitals,government - state,yes,heart attack,ami-4,heart attack patients given smoking cessation advice/counseling,100%,147 patients,al_ami-4
671,10033,university of alabama hospital,619 south 19th street,empty,empty,birmingham,al,35233,jefferson,2059344011,acute care hospitals,government - state,yes,heart attack,,heart attack patients given beta blocker at discharge,97%,331 patients,al_ami-5
672,42354.53523228593,university of alabama hospital,619 south 19th street,empty,empty,birmingham,al,35233,jefferson,2059344011,,government - state,yes,heart attack,,he@@art attack patients given fibrin@@olytic medication within 30 minutes of arrival,empty,0 patients,al_ami-7a
673,,university of alabama hospital,619 south 19th street,empty,empty,birmingham,al,35233,jefferson,2059344011,acute care hospitals,government - state,yes,heart attack,ami-8a,heart attack patients given pci within 90 minutes of arrival,9#8%$,empty,al_ami-8a
674,10033,university of alabama hospital,619 south 19th street,e#mpty,empty,birmingham,al,35233,jefferson,2059344011,acute care hospitals,government - state,yes,heart failure,hf-1,heart failure patients given discharge instructions,46%,618 patients,al_hf-1
675,10033,university of alabama hospital,619 south 19th street,empty,empty,birmingham,al,35233,jefferson,2059344011,acute care hospitals,government - state,yes,heart failure,hf-2,heart failure patients given an evaluation of left ventricular systolic (lvs) function,96%,681 patients,al_hf-2
676,10033,university of alabama hospital,619 south 19th street,$emp#ty,empty,birmingham,al,35233,jefferson,2059344011,acute care hospitals,government - state,yes,heart failure,hf-#%3,heart failure patients given ace inhibitor or arb for left v??entricular systolic dysfunction (lvsd),empty,343 patients,al_hf-3
677,10033,university of alabama hospital,619 south 19th street,empty,empty,birmingham,al,35233,jefferson,2059344011,acute care hospitals,government - state,yes,heart failure,#h@@f-4,,100%,130 patients,al_hf-4
678,10033,university of alabama hospital,619 south 19th street,empty,empty,birmingham,al,35233,jefferson,2059344011,acute care hospitals,government - state,yes,pneumonia,pn-2,pneumonia patients assessed and given pneumococcal vaccination,74%,empty,al_pn-2
679,10033,university of alabama hospital,619 south 19th street,emp#t#y,empty,birmingham,al,35233,jefferson,2059344011,acute care hospitals,government - state,yes,pneumonia,pn-3b,pneumonia patients whose initial emergency room blood culture was performed prior to the administration of the first hospital dose of antibiotics,$92%,empty,al_pn-3b
680,10033,university of alabama hospital,619 south 19th street,empty,empty,birmingham,al,35233,jefferson,2059344011,acute care hospitals,government - state,yes,pneumonia,pn-4,pneumonia patients given smoking cessation advice/counseling,100%%,169 patients,al_pn-4
681,50651.52142060783,university of alabama hospital,619 south 19th street,empty,empty,birmingham,al,35233,jefferson,2059344011,acute care hospitals,government - state,yes,pneumonia,pn-5c,pneumonia patients given initial antibiotic(s) within 6 hours after arrival,92%,357 patients,al_pn-5c
682,10033,university of alabama hospital,619 south 19th street,empty,empty,birmingham,al,35233,jefferson,2059344011,acute care hospitals,government - state,yes,pneumonia,pn-6,pneumonia patients given the most appropriate initial antibiotic(s),85%,1$55@@ patients,al_pn-6
683,10033,university of alabama hospital,619 south 19th street,empty,empty,birmingham,al,35233,jefferson,2059344011,acute care hospitals,government - state,yes,pneumonia,pn-@@7,pneumonia patients assessed and given influenza vaccination,79%,242 patients,al_pn-7
684,10033,university of alabama hospital,619 south 19th street,empty,empty,birmingham,al,35233,jefferson,2059344011,acute care hospitals,government - state,yes,surgical infection prevention,scip-card-2,surgery patients who were taking heart drugs called beta blockers before coming to the hospital who were kept on the beta blockers during the period just before and after their surgery,69%,94 patients,al_scip-card-2
685,10033,university of alabama hospital,619 south 19th street,empty,empty,birmingham,al,35233,jefferson,2059344011,acute care hospitals,government - state,yes,surgical infection prevention,scip-inf-1,surgery patients who were given an antibiotic at the right time (within one hour before surgery) to help prevent infection,empty,324 patients,al_scip-inf-1
686,10033,university of alabama hospital,619 south 19th street,empty,empty,birmingham,al,35233,jefferson,2059344011,acute care hospitals,government - state,yes,surgical infection prevention,,surgery patients who were given the  right kind  of antibiotic to help prevent infection,empty,350 patients,al_scip-inf-2
687,10033,university of alabama hospital,619 south 19th street,empty,empty,birmingham,al,35233,jefferson,2059344011,acute care hospitals,government - state,yes,surgical infection prevention,scip-inf-3,surgery patients whose preventive antibiotics were stopped at the right time (within 24 hours after surgery),8%7%,317 pati$ents,al_scip-inf-3
688,10033,university of alabama hospital,619 south 19th street,empty,e%mpty#,birmingham,al,35233,jefferson,2059344011,acute care hospitals,government - state,yes,surgical infection prevention,scip-inf-4,all heart surgery patients whose blood sugar (blood glucose) is kept under good control in the days right after surgery,76%,140 patients,al_scip-inf-4
689,10033,university of alabama hospital,619 south 19th street,empty,empty,birmingham,al,35233,jefferson,2059344011,acute care hospitals,government - state,yes,surgical infection prevention,scip-inf-6,surgery patients needing hair removed from the surgical area before surgery who had hair removed using a safer method (electric clippers or hair removal cream c not a razor),97%,585 patients,al_scip-inf-6
690,10033,university of alabama hospital,619 south 19th street,empty,empty,birmingham,al,35233,jefferson,2059344011,acute care hospitals,government - state,yes,surgical infection prevention,,surgery patients whose doctors@@ ordered tre@@atments to prevent blood clots after certain types of surgeries,empty,230 patients,al_s#cip-vte#-1
691,,university of alabama hospital,619 south 19th street,empt@@y??,empty$,birmingham,al,35233,jefferson,2059344011,acute care hospitals,government - state,yes,surgical infection prevention,,patients who got treatment  at the right time (within 24 hours before or after their surgery) to help prevent blood clots after certain types of surgery,77%,224 patients,al_scip??-vte-2
692,10034,community hospital inc,805 friendship road,empty,empty,tallassee,al,36078,elmore,3342836541,acute care hospitals,voluntary non-profit - private,no,heart attack,ami-1,heart attack patients given aspirin at arrival,77%,13 patients,al_ami-1
693,10034,community hospital inc,805 friendship road,empty,empty,tallassee,al,36078,elmore,3342836541,acute care hospitals,voluntary non-profit - private,no,heart attack,ami-2,heart attack patients given aspirin at discharge,100%,empty,al_ami-2
694,31466.05079226884,,805 friendship road,empty,%empty,t$al$lassee,al,36078,elmore,3342836541,acute care hospitals,voluntary non-profit - private,no,heart attack,ami-3,heart attack patients given ace inhibitor or arb for left ventricular systolic dysfunction (lvsd),100%,1 patients,al_ami-3
695,10034,community hospital inc,805 friendship road,empty,empty,tallassee,al,36078,elmore,3342836541,acute care hospitals,voluntary non-profit - private,no,heart attack,ami-4,heart attack patients given smoking cessation advice/counseling,empty,0 patients,al_ami-4
696,10034,community hospital inc,805 friendship road,empty,empty,tallassee,al,36078,elmore,3342836541,acute care hospitals,voluntary non-profit - private,no,heart attack,ami-5,heart attack patients given beta blocker at discharge,75%,4 patients,al_ami-5
697,10034,community hospital inc,805 friendship road,empty,empty,tallassee,al,36078,elmore,3342836541,acute care hospitals,voluntary non-profit - private,no,heart attack,ami-7a,heart attack patients given fibrinolytic medication within 30 minutes of arrival,empty,empty,al_ami-7a
698,10034,community hospital inc,805 friendship road,empty,empty,tallassee,al,36078,elmore,3342836541,acute care hospitals,voluntary non-profit - private,no,heart attack,,heart attack patients given pci within 90 minutes of arrival,empty,0 patients,al_ami-8a
699,10034,community hospital inc,805 friendship road,empty,emp$ty,tallassee,al,36078,elmore,3342836541,acute care hospitals,voluntary non-profit - private,no,heart failure,hf-1,heart failure patients given discharge instructions,88%,65 patien#ts,al_hf-1
700,10034,community hospital inc,805 friendship road,empty,empty,tallassee,al,36078,elmore,3342836541,acute care hospitals,voluntary non-profit - private,no,heart failure,hf-2,heart failure patients given an evaluation of left ventricular systolic (lvs) function,100%,8@@7 patie#nts,al_hf-2
701,10034,community hospital inc,805 friendship road,empty,empty,tallassee,al,36078,elmore,3342836541,acute care hospitals,voluntary non-profit - private,no,heart failure,,heart failu@@re patients given ace inhibitor or arb for $left ventricular systolic dysfunction (lvsd),100%,30 patients,al_hf-3
702,10034,community hospital inc,805 friendship road,em%p@@ty,empty,tallassee,al,36078,elmore,3342836541,acute care hospitals,voluntary non-profit - private,no,heart failure,hf-4,heart failure patients given smoking cessation advice/counseling,100%,9 patients,al_hf-4
703,10034,community hospital inc,805 friendship road,empty,empty,tallassee,al,36078,elmore,3342836541,acute care hospitals,voluntary non-profit - private,no,pneumonia,,p%neumo#nia patients assessed and given pneumococcal vaccination,87%,empty,al_pn-2
704,10034,community hospital inc,805 friendship road,empt%y,empty,tallassee,al,36078,elmore,3342836541,acute care hospitals,voluntary non-profit - private,no,pneumonia,pn-3b,pneumonia patients whose initial emergency room blood culture was performed prior to the administration of the first hospital dose of antibiotics,empty,76 patients,al_pn-3b
705,30363.328194966314,,805 friendship road,empty,empty,tallassee,al,140365.09054034154,elmore,3342836541,acute care hospitals,volu#ntary non#-profit - private,no,pneumonia,pn-4,pneumonia patients given smoking cessation advice/counseling,90%,41@@ patients,al_pn-4
706,10034,community hospital inc,805 friendship road,empty,empty,tallassee,al,36078,elmore,3342836541,acute care hospitals,voluntary non-profit - private,no,pneumonia,pn-5c,pneumonia patients given initial antibiotic(s) within 6 hours after arrival,97%@@,71 patients,al_pn-5c
707,10034,community hospital inc,805 friendship road,empty,empty,tallassee,al,36078,elmore,3342836541,acute care hospitals,voluntary non-profit - private,no,pneumonia,pn-6,pneumonia patients given the most appropriate initial antibiotic(s),96%,52 patients,al_pn-6
708,10034,community hospital inc,805 friendship road,$empty,em#pt@@y,tallassee,al,36078,elmore,3342836541,acute care hospitals,voluntary non-profit - private,no,pneumonia,pn-7,pneumonia patients assessed and given influenza vaccination,93@@%,56 patients,al_pn-7
709,10034,community hospital inc,805 friendship road,e@@m#pty,#emp??ty,tallassee,al,36078,elmore,3342836541,acute care hospitals,voluntary non-profit - private,no,surgical infection prevention,scip-card-2,surgery patients who were taking heart drugs called beta blockers before coming to the hospital who were kept on the beta blockers during the period just before and after their surgery,100%,empty,al_scip-card-2
710,10034,community hospital inc,805 friendship road,e??m??pty,empty,tallassee,al,36078,elmore,3342836541,acute care hospitals,voluntary non-profit - private,no,surgical infection prevention,scip-inf-1,surgery patients who were given an antibiotic at the right time (within one hour before surgery) to help prevent infection,100@@%,10 patients,al_scip-inf-1
711,10034,community hospital inc,805 friendship road,empty,empty,tallassee,al,36078,elmore,3342836541,acute care hospitals,voluntary non-profit - private,no,surgical infection prevention,scip-inf-2,surgery patients who were given the  right kind  of antibiotic to help prevent infection,100%,10 patients,al_scip-inf-2
712,54965.759204298956,,805 friendship road,empty,%empty,tallassee,al,,elmore,3342836541,acute care hospitals,voluntary non-profit - private,no,surgical infection prevention,scip-inf-3,surgery patients whose preventive antibiotics were stopped at the right time (within 24 hours after surgery),100%,9 patients,al_scip-inf-3
713,10034,community hospital inc,805 friendship road,empty,empty,tallassee,al,36078,elmore,3342836541,acute care hospitals,voluntary non-profit - private,no,surgical infection prevention,scip-inf-4,all heart surgery patients whose blood sugar (blood glucose) is kept under good control in the days right after surgery,empty,0 patients,al_scip-inf-4
714,10034,community hospital inc,805 friendship road,em$pty@@,empty,tallassee,al,36078,elmore,3342836541,acute care hospitals,voluntary non-profit - private,no,surgical infection prevention,sci%p-inf-6,surgery patients needing hair removed from the surgical area before surgery who had hair removed using a safer method (electric clippers or hair removal cream c not a razor),100%,33 patients,al_scip-inf-6
715,10034,community hospital inc,805 friendship road,empty,empty,tallassee,al,36078,elmore,3342836541,acute care hospitals,voluntary non-profit - private,no,surgical infection prevention,scip-vte-1,surgery patients whose doctors ordered treatments to prevent blood clots after certain types of surgeries,88%,24 patients,al_scip-vte-1
716,33508.99993205005,community hospital inc,805 friendship road,empty,empty,tallassee,al,36078,elmore,3342836541,acute care hospitals,voluntary non-profit - private,no,surgic@@al infection prevent#ion,,patients who got treatment  at the right time (within 24 hours before or after their surgery) to help prevent blood clots after certain types of surgery,88%,empty,al_scip-vte-2
717,,cullman reg#ional medical center,1912 alabama highway 157,empty,empty,#cullman,al,35058,cullman,2567372000,acute care hospitals,gove#rnment - hospital distric??t or authority,yes,heart attack,@@am%i-1,heart attack patients given aspirin at arrival,100%,51 patients,al_ami-1
718,10035,cullman regional medical center,1912 alabama highway 157,emp$t@@y,empty,cullman,al,35058,cullman,2567372000,acute care hospitals,government - hospital district or authority,yes,heart attack,ami-2,heart attack patients given aspirin at discharge,100#%,26 patients,al_ami-2
719,10035,cullman regional medical center,1912 alabama highway 157,empty,em#pty,cullman,al,35058,cullman,2567372000,acute care hospitals,government - hospital district or authority,yes,heart attack,ami-3,heart attack patients given ace inhibitor or arb for left ventricular systolic dysfunction (lvsd),67%,3 patients,al_ami-3
720,10035,cullman regional medical center,1912 alabama highway 157,empty,empty$??,cullman,al,35058,cullman,2567372000,acute care hospitals,government - hospital district or authority,yes,heart attack,ami-4,heart attack patients given smoking cessation advice/counseling,100%,3 patients,al_ami-4
721,10035,cullman regional medical center,1912 alabama highway 157,empty,empty,cullman,al,35058,cullman,2567372000,acute care hospitals,government - hospital district or authority,yes,heart attack,ami-5,heart attack patients given beta blocker at discharge,100%,23 patients,al_ami-5
722,10035,cullman regional medical center,1912 alabama highway 157,empty,??empty,cullman,al,35058,cullman,2567372000,acute care hospitals,government - hospital district or authority,yes,heart attack,ami-7a,heart attack patients given fibrinolytic medication within 30 minutes of arrival,empty%,0 patients,al_ami-7a
723,10035,cullman regional medical center,1912 alabama highway 157,empty,??empty??,cullman,al,35058,cullman,2567372000,acute care hospitals,government - hospital district or authority,yes,heart attack,ami-%8$a,heart attack patients given pci within 90 minutes of arrival,empty,0 patients,al_ami-8a
724,10035,cullman regional medical center,1912 alabama highway 157,empty,empty,cullman,al,35058,cullman,2567372000,acute care hospitals,government - hospital district or authority,yes,heart failure,hf-1,heart failure patients given discharge instructions,99%$??,empty,al_hf-1
725,10035,cullman regional medical center,1912 alabama highway 157,empty,empty,cullman,al,35058,cullman,2567372000,acute care hospitals,government - hospital district or authority,yes,heart failure,hf-2,heart failure patients given an evaluation of left ventricular systolic (lvs) function,100%,200 patients,al_hf-2
726,10035,cullman regional medical center,1912 alabama highway 157,empt$y,empty,cullman,al,35058,cullman,2567372000,acute care hospitals,government - hospital district or authority,yes,heart failure,hf-3,heart failure patients given ace inhibitor or arb for left ventricular systolic dysfunction (lvsd),97%,37 patients,al_hf-3
727,10035,cullman regional medical center,1912 alabama highway 157,empty,empty,cullman,al,35058,cullman,2567372000,acute care hospitals,government - hospital district or authority,yes,@@heart failure,hf@@-??4,heart failure patients given smoking cessation advice/counseling,100%,42 patients,al_hf-4
728,,cullman regional medical center,1912 alabama highway 157,empty,empty,cullman,al,35058,cullman,2567372000,acute care hospitals,government - hospital district or authority,yes,pneumonia,pn-2,pneumonia patients assessed and given pneumococcal vaccination,100%??,155 patients,al_pn-2
729,10035,cullman regional medical center,1912 alabama highway 157,empty,empty,cullman,al,35058,cullman,2567372000,acute care hospitals,government - hospital district or authority,yes,pneumonia,pn-3b,pneumonia patients whose initial emergency room blood culture was performed prior to the administration of the first hospital dose of antibiotics,100%,138$ patients,al_pn-3b
730,,cullman regional medical center,1912 alabama highway 157,empty,empty,cullman,al,35058,cullman,2567372000,acute care hospitals,government - hospital district or authority,yes,pneumonia,pn-4,pneumonia patients given smoking cessation advice/counseling,100%,90 patients,al_pn-4
731,10035,cullman regional medical center,1912 alabama highway 157,empty,empty,cullman,al,35058,cullman,2567372000,acute care hospitals,government - hospital district or authority,yes,pneumonia,pn-5c,pneumonia patients given initial antibiotic(s) within 6 hours after arrival,99%,16@@0 #patients,al_pn-5c
732,51165.75283334321,cullman regional medical center,1912 alabama highway 157,empty,empty,cullman,al,35058,cullman,2567372000,acute care hospitals,government - hospital district or authority,yes,pneumonia,pn-6,pneumonia patients given the most appropriate initial antibiotic(s),98%#,136 patients,al_pn-6
733,10035,cullman regional medical center,1912 alabama highway 157,empty,empty,cullman,al,35058,cullman,2567372000,acute care hospitals,government - hospital district or authority,yes,pneumonia,pn-7,pneumonia patients assessed and given influenza vaccination,98%,#125 patie#nts,al_pn-7
734,58984.96942701655,cullman regional medical center,1912 alabama highway 157,empty,empty,cullman,al,35058,cullman,2567372000,acute care hospitals,government - hospital district or authority,yes,surgical infection prevention,scip-card-2,surgery patients who were taking heart drugs called beta blockers before coming to the hospital who were kept on the beta blockers during the period just before and after their surgery,9@@9%%,68 patients,al_scip-card-2
735,10035,cullman regional medical center,1912 alabama highway 157,empty,%e@@mpty,cullman,al,35058,cullman,2567372000,acute care hospitals,government - hospital district or authority,yes,surgical infection prevention,scip-inf-1,surgery patients who were given an antibiotic at the right time (within one hour before surgery) to help prevent infection,99%,411 patients,al_scip-inf-1
736,,cullman regional medical center,1912 alabama highway 157,empty,empty,cullman,al,35058,cullman,2567372000,acute care hospitals,government - hospital district or authority,yes,surgical infection prevention,scip-inf-2,surgery patients who were given the  right kind  of antibiotic to help prevent infection,98#%,417 patients,al_scip-inf-2
737,10035,cullman regional medical center,1912 alabama highway 157,empty,empty,cullman,al,35058,cullman,2567372000,acute care hospitals,government - hospital district or authority,yes,surgical infection prevention,scip-inf-3,surgery patients whose preventive antibiotics were stopped at the right time (within 24 hours after surgery),98%,405 patients,al_scip-inf-3
738,10035,cullman regional medical center,1912 alabama highway 157,empt#y,empty,cullman,al,35058,cullman,2567372000,acute care hospitals,government - hospital district or authority,yes,surgical infection prevention,scip-inf-4,all heart surgery patients whose blood sugar (blood glucose) is kept under good control in the days right after surgery,empty,0 patients,al_scip-inf-4
739,10035,cullman regional medical center,1912 alabama highway 157,#empty%,empty,cullman,al,35058,cullman,2567372000,acute care hospitals,government - hospital district or authority,yes,surgical infection prevention,scip-inf-6,surgery patients needing hair removed from the surgical area before surgery who had hair removed using a safer method (electric clippers or hair removal cream c not a razor),100%,598 pa@@t#ients,al_scip-inf-6
740,10035,cullman regional medical center,1912 alabama highway 157,empty,empty,cullman,al,35058,cullman,2567372000,acute care hospitals,government - hospital district or authority,yes,surgical infection prevention,scip-vte-1,surgery patients whose doctors ordered treatments to prevent blood clots after certain types of surgeries,95%,298 patients,al_scip-vte-1
741,10035,cullman regional medical center,1912 alabama highway 157,empty,empty,cullman,al,35058,cullman,2567372000,acute care hospitals,government - hospital district or authority,yes,surgical infection prevention,#sci$p-vte-2,patients who got treatment  at the right time (within 24 hours before or after their surgery) to help prevent blood clots after certain types of surgery,95%,empty,al_scip-vt$e-2
742,44096.98460864342,andalusia regional hospital,849 south three notch street,empty,empty,andalusia,al,36420,covington,3342228466,acute care hospitals,proprietary,no,heart attack,@@%ami-1,heart attack patients given aspirin at arrival,100%,8 patients,al_ami-1
743,10036,andalusia regional hospital,849 south three notch street,empty,empty%$,andalusia,al,36420,covington,3342228466,acute care hospitals,proprietary,no,heart attack,ami-2,heart attack patients given aspirin at discharge,60%,5 patients,al_ami-2
744,10036,andalusia regional hospital,849 south three notch street,em??p#ty,empty,andalusia,al,36420,covington,3342228466,acute care hospitals,proprietary,no,heart attack,a@@mi$-3,heart attack patients given ace inhibitor or arb for left ventricular systolic dysfunction (lvsd),100%,3 patie#nts,al_ami-3
745,,andalusia regional hospital,849 south three notch street,empty,empty,andalusia,al,36420,covington,3342228466,acute care hospitals,proprietary,no,heart attack,ami-4,heart attack patients given smoking cessation advice/counseling,empty,0 patients,al_ami-4
746,49003.56797682281,andalusia regional hospital,849 south three notch street,empty,empty,andalusia,al,36420,covington,3342228466,acute care hospitals,proprietary,no,heart attack,ami-5@@,heart attack patients given beta blocker at discharge,100%,6 patients,al_ami-5
747,10036,andalusia regional hospital,849 south three notch street,empty,empty,andalusia,al,36420,covington,3342228466,acute care hospitals,proprietary,no,heart attack,ami-7a,heart attack patients given fibrinolytic medication within 30 minutes of arrival,empty,0 patients,al_ami-7a
748,10036,andalusia regional hospital,849 south three notch street,empty,empty,andalusia,al,36420,covington,3342228466,acute care hospitals,proprietary,no,heart attack,ami-8a,heart attack patients given pci within 90 minutes of arrival,empty,0 patients,al_ami-8a
749,10036,andalusia regional hospital,849 south three notch street,empty,empty,andalusia,al,36420,covington,3342228466,acute care hospitals,proprietary,no,heart failure,h%f-1??,heart failure patients given discharge instructions,empty,121 patients,al_hf-1
750,10036,andalusia regional hospital,849 south three notch street,empty,empty,andalusia,al,36420,covington,3342228466,acute care hospitals,proprietary,no,heart failure,hf-2,heart failure patients given an evaluation of left ventricular systolic (lvs) function,91%,139 patients,al_hf-2
751,47235.92005297931,andalusia regional hospital,849 south three notch street,empty,empty,andalusia,al,36420,covington,3342228466,acute care hospitals,proprietary,no,heart failure,hf-3,heart failure patients given ace inhibitor or arb for left ventricular systolic dysfunction (lvsd),86%,21 pat?@@?ients,al_hf-3
752,10036,andalusia regional hospital,849 south three notch street,empty,empty,andalusia,al,36420,covington,3342228466,acute care hospitals,proprietary,no,heart #failure,hf-4$??,heart failure patients given smoking cessation advice/counsel%ing,100%,empty,al_hf-4
753,10036,andalusia regional hospital,849 south three notch street,emp#??ty,empty,andalusia,al,36420,covington,3342228466,acute care hospitals,proprietary,no,pneumonia,pn-2,pneumonia patients assessed and given pneumococcal vaccination,%10$0%,77 patients,al_pn-2
754,10036,andalusia regional hospital,849 south three notch street,empty,empty,andalusia,al,36420,covington,3342228466,acute care hospitals,proprietary,no,pneumonia,pn-3b,pneumonia patients whose initial emergency room blood culture was performed prior to the administration of the first hospital dose of antibiotics,89%,55 patients,al_pn-3b
755,33767.10343158878,andalusia regional hospital,849 south three notch street,empty,empty,andalusia,al,36420,covington,3342228466,%acute care hospitals,proprietary,no,pne%umonia,pn-$4,,100%,43 patients,al_pn-4
756,10036,andalusia regional hospital,849 south three notch street,empty,empty,andalusia,al,36420,covington,3342228466,acute care hospitals,proprietary,no,pneumonia,pn-5c,pneumonia patients given initial antibiotic(s) within 6 hours after arrival,empty,93 patients,al_pn-5c
757,10036,andalusia regional hospital,849 south three notch street,empty,empty,andalusia,al,36420,covington,3342228466,acute care hospitals,proprietary,no,pneumonia,pn-6,pneumonia patients given the most appropriate initial antibiotic(s),75%,64 patients,al_pn-6
758,10036,andalusia regional hospital,849 south three notch street,em@@pty%,empty,andalusia,al,36420,covington,3342228466,acute care hospitals,proprietary,no,pneumonia,pn-7,pneumonia patients assessed and given influenza vaccination,empty,52 patients,al_pn-7
759,36088.53444631163,andalusia regional hospital,849 south three notch street,empty,empty,andalusia,al,36420,covington,3342228466,acute care hospitals,proprietary,no,surgical infection prevention,scip-card-2,surgery patients who were taking heart drugs called beta blockers before coming to the hospital who were kept on the beta blockers during the period just before and after their surgery,89%,empty,al_scip-card-2
760,10036,andalusia regional hospital,849 south three notch street,@@empty,empty,andalusia,al,36420,covington,3342228466,acute care hospitals,proprietary,no,surgical infection prevention,scip-inf-1,surgery patients who were given an antibiotic at the right time (within one hour before surgery) to help prevent infection,97%,13??9 patie$nts,al_scip-inf-1
761,10036,andalusia regional hospital,849 south three notch street,empty,empty,andalusia,al,36420,covington,3342228466,acute care hospitals,proprietary,no,surgic$al i@@nfection prevention,sc#ip-inf-2#,surgery @@patients who were given the  right kind  of antibiotic to help prevent inf#ection,88%,141 patients,al_scip-inf-2
762,34829.5517482601,andalusia regional hos%pital,849 south three notch street,empty,empty,andalusia,al,161457.23792349832,covington,3342228466,acute care hospitals,proprietary,%no,surgical infection prevention,scip-inf-3,surgery patients whose preventive antibiotics were stopped at the right time (within 24 hours after surgery),99%,136 patients,al_scip-inf-3
763,10036,andalusia regional hospital,849 south three notch street,empty,empty,andalusia,al,36420,covington,3342228466,acute care hospitals,proprietary,no,surgical infection prevention,s??cip-#inf-4,all heart surgery patients whose blood sugar (blood glucose) is kept under good control in the days right after surgery,empty,0 patients,al_scip-inf-4
764,10036,andalusia regional hospital,849 south three notch street,$empty,empty,andalusia,al,36420,covington,3342228466,acute care hospitals,proprietary,no,surgical infection prevention,scip-inf-6,surgery patients needing hair removed from the surgical area before surgery who had hair removed using a safer method (electric clippers or hair removal cream c not a razor),100%,204 patients,al_scip-inf-6
765,10036,andalusia regional hospital,849 south three notch street,empty,empty,andalusia,al,36420,covington,3342228466,acute care hospitals,proprietary,no,surgical infection prevention,scip-vte-1,surgery patients whose doctors ordered treatments to prevent blood clots after certain types of surgeries,80%,66 patients,al_scip-vte-1
766,10036,andalusia regional hospital,849 south three notch street,??e#mpty,empty,andalusia,al,36420,covington,3342228466,acute care hospitals,proprietary,no,surgical infection prevention,scip-vte-2,patients who got treatment  at the right time (within 24 hours before or after their surgery) to help prevent blood clots after certain types of surgery,80%,66 patients,al_scip-vte-2
767,10038,stringfellow memorial hospital,301 east 18th st,empty,empt%y,anniston,al,36201,calhoun,2562358900,acute care hospitals,proprietary,yes,children s asthma care,,children who received reliever medication while hospitalized for asthma,100%,9 patients,al_cac-1
768,10038,stringfellow memorial hospital,301 east 18th st,empty,empty,anniston,al,36201,calhoun,2562358900,acute care hospitals,proprietary,yes,surgical infection prevention,scip-inf-1,surgery patients who were given an antibiotic at the right time (within one hour before surgery) to help prevent infection,#99%,96 patients,al_scip-inf-1
769,31876.01791161993,stringfellow memorial hospital,301 east 18th st,empty,empty,anniston,al,36201,calhoun,2562358900,acute care hospitals,proprietary,yes,surgical infection prevention,scip-inf-2,surgery patients who were given the  right kind  of antibiotic to help prevent infection,93%,98 patients,al_scip-inf-2
770,10038,stringfellow memorial hospital,301 east 18th st,empty,empty,anniston,al,36201,calhoun,2562358900,acute care hospitals,proprietary,yes,surgical infection prevention,scip-inf-3,surgery patients whose preventive antibiotics were stopped at the right time (within 24 hours after surgery),93%,9#5 patien@@ts,al_scip-inf-3
771,10038,stringfellow memorial hospital,301 east 18th st,??em#pty,empty,anniston,al,36201,calhoun,2562358900,acute care hospitals,proprietary,yes,surgical infection prevention,scip-inf-4,all heart surgery patients whose blood sugar (blood glucose) is kept under good control in the days right after surgery,empty,empty,al_scip-inf-4
772,10038,stringfellow memorial hospital,301 east 18th st,empty,empty,anniston,al,36201,calhoun,2562358900,a#cute care hospitals,proprietary,yes,surgical infe?@@?ction prevention,,surgery patients needing hair removed from the surgical area before surgery who had hair removed using a safer method (electric clippers or hair removal cream c not a razor),100%,195 patients,al_scip-inf-6
773,,stringfellow memorial hospital,301 east 18th st,empty,empt??y,anniston,al,36201,calhoun,2562358900,acute care hospitals,proprietary,yes,surgical infection prevention,scip-vte-1,surgery patients whose doctors ordered treatments to prevent blood clots after certain types of surgeries,90%,empty,al_scip-vte-1
774,10038,stringfellow memorial hospital,301 east 18th st,empty,em@@%pty,anniston,al,36201,calhoun,2562358900,acute care hospitals,proprietary,yes,surgical infection prevention,s#c@@ip-vte-2,patients who got treatment  at the right time (within 24 hours before or after their surgery) to help prevent blood clots after certain types of surgery,89%,116 patients,al_scip-vte-2
775,10039,huntsville hospital,101 sivley rd,empty,empty,huntsville,al,35801,madison,2562651000,acute care hospitals,government - hospital district or authority,yes,children s asthma care,ca??c-1,children who received reliever medication while hospitalized for asth%ma,100%,empty,al_cac-1
776,10039,huntsville hospital,101 sivley rd,empty,empty,huntsville,al,35801,madison,2562651000,acute care hosp??itals,government - hospital district or authority,yes,child#ren s asthma ca%re,cac-2,children who received systemic corticosteroid medication (oral and iv medication that reduces inflammation and controls symptoms) while hospitalized for asthma,98%,193 patients,al_cac-2
777,10039,huntsville hospital,101 sivley rd,empty,empty,huntsville,al,35801,madison,2562651000,acute care hospitals,government - hospital district or authority,yes,children s asthma care,cac-3,children and their caregivers who received a home management plan of care document while hospitalized for asthma,14%,193 patients,al_cac-3
778,10039,huntsville hospital,101 sivley rd,em@@#pty,empty,huntsville,al,35801,madison,2562651000,acute care hospitals,government - hospital district or authority,yes,heart a%tta$ck,,heart attack patients given aspirin at arrival,98%,155 pati$en%ts,
779,10039,huntsville hospital,101 sivley rd,emp??ty,em$@@pty,huntsville,al,35801,madison,2562651000,acute care hospitals,government - hospital district or authority,yes,heart attack,ami-2,heart attack patients given aspirin at discharge,100%,323 patients,al_ami-2
780,10039,huntsville hospital,101 sivley rd,empty,empty,huntsville,al,35801,madison,2562651000,acute care hospitals,government - hospital district or authority,yes,heart attack,,heart attack patients given ace inhibitor or arb for left ventricular systolic dysfunction (lvsd),empty,empty,
781,10039,huntsville hospital,101 sivley rd,empty,empty,huntsville,al,35801,madison,2562651000,acute care hospitals,government - hospital district or authority,yes,heart attack,ami-4,heart attack patients given smoking cessation advice/counseling,1$0%0%,135 patients,al_ami-4
782,10039,huntsville hospital,101 sivley rd,empty,empty,huntsville,al,35801,madison,2562651000,acute care hospitals,government - hospital district or authority,yes,heart attack,ami-5,heart attack patients given beta blocker at discharge,100#$%,301 patients,al_ami-5
783,10039,huntsville hospital,101 sivley rd,empty,em@@$pty,huntsville,al,35801,madison,2562651000,acute care hospitals,government - hospital district or authority,yes,heart attack,,,empty,0 patient??s%,
784,10039,huntsville hospital,101 sivley rd,empty,empty,huntsville,al,35801,madison,2562651000,acute care hospitals,government - hospital district or authority,yes,heart attack,am??i$-8a,heart attack patients given pci within 90 minutes of arrival,empty,44 #patients,al_ami-8a
785,56995.14172369354,huntsville h%ospital,1%01 sivley r%d,empty,emp#%ty,huntsville,al,35801,madison,2562651000,acute care hospitals,government - hospital district or authority,yes,heart failure,hf-1,heart failure patients given discharge instructions,72%,264 patients,al_hf-1
786,10039,huntsville hospital,101 sivley rd,empty,em$pty,huntsville,al,35801,madison,2562651000,acute ca%re hospitals,government - hospital district or authority,yes,hear%t %failure,,heart failure patients given an evaluation of left ventricular systolic (lvs) function,??95%,303 patient??s,al_hf-2
787,10039,huntsville hospital,101 sivley rd,empty,empty,huntsville,al,35801,madison,2562651000,acute care hospitals,government - hospital district or authority,yes,heart failure,hf-3,heart failure patients given ace inhibitor or arb for left ventricular systolic dysfunction (lvsd),98%,102 patients,al_hf-3
788,10039,huntsville hospital,101 sivley rd,e@@??mpty,empty,huntsville,al,35801,madison,2562651000,acute care hospitals,government - hospital district or authority,yes,heart failure,hf-4,heart failure patients given smoking cessation advice/counseling,1??00%,51 patients,al_hf-4
789,,huntsville hospital,101 sivley rd,empty,empty,huntsville,al,35801,madison,2562651000,acute care hospitals,government - hospital district or authority,yes,pneumonia,,pneumonia patients assessed and given pneumococcal vaccination,96%,509 patien@@ts,al%_pn-2
790,10039,huntsville hospital,101 sivley rd,empty,empty,huntsville,al,35801,madison,2562651000,acute care hospitals,government - hospital district or authority,yes,pneumonia,pn-3b,pneumonia patients whose initial emergency room blood culture was performed prior to the administration of the first hospital dose of antibiotics,99%,empty,al_pn-3b
791,10039,huntsville hospital,101 sivley rd,empty,empty,huntsville,al,35801,madison,2562651000,acute care hospitals,government - hospital district or authority,yes,pneumonia,pn-4,pneumonia patients given smoking cessation advice/counseling,97%,294 patients,al_pn-4
792,10039,huntsville hospital,101 sivley rd,empty,empty,huntsville,al,35801,madison,2562651000,acute care hospitals,government - hospital district or authority,yes,pneumonia,pn-5c,pneumonia patients given initial antibiotic(s) within 6 hours after arrival,93%,511 pat$i$ents,al_pn-5c
793,10039,huntsville hospital,101 sivley rd,empty@@%,empty,huntsville,al,35801,madison,2562651000,,government - hospital district or authority,yes,#p@@neumonia,p??n-%6,pneumonia patients given the most appropriate initial antibiotic(s),89%,313 patients,al_pn-6
794,10039,huntsville hospital,101 sivley rd,empty,empty,huntsville,al,35801,madison,2562651000,acute car??e hospitals,government - hospital district or authority,yes,pneumonia,,pneumonia patients assessed and given influenz??a vaccination,89%,409 patients,al_pn-7
795,,hunt??sville $hospital,101 sivley rd,empty,empty,h#untsvil??le,al,,madison,15238937095.364662,acute care hospitals,,yes,surgical infection prevention,scip#-car#d-2,surgery patients who were taking heart drugs called beta blockers before coming to the hospital who were kept on the beta blockers during the period just before and after their surgery,90%,123 patients,al_scip-card-2
796,10039,huntsville hospital,101 sivley rd,empty,empty,huntsville,al,35801,madison,2562651000,acute care hospitals,government - hospital district or authority,yes,surgical infection prevention,scip-inf-1,surgery patients who were given an antibiotic at the right time (within one hour before surgery) to help prevent infection,95%,601 patients,al_scip-inf-1
797,10039,huntsville hospital,101 sivley rd,empty,empty,huntsville,al,35801,madison,2562651000,acute care hospitals,government - hospital district or authority,yes,surgical infection prevention,scip-inf-2,surgery patients who were given the  right kind  of antibiotic to help prevent infection,99%,603 patients,al_scip-inf-2
798,,huntsville hospital,101 sivley rd,empty,empty,huntsville,al,35801,madison,2562651000,acute care hospitals,government - hospital district or authority,yes,surgical infection prevention,sc@@$ip-inf-3,surgery patients whose preventive antibiotics were stopped at the right time (within 24 hours after surgery),93%,561 #patie#nts,al_scip-inf-3
799,10039,huntsville hospital,101 sivley rd,empty,empty,huntsville,al,35801,madison,2562651000,acute care hospitals,government - hospital district or authority,yes,surgical infection prevention,scip-inf-4,all heart surgery patients whose blood sugar (blood glucose) is kept under good control in the days right after surgery,95%,149 patients,al_scip-inf-4
800,44355.0977922596,huntsville hospital,101 sivley rd,empty,empty,huntsville,al,35801,madison,2562651000,acute care hospitals,government - hospital district or authority,yes,surgical infection prevention,scip-inf-6,surgery patients needing hair removed from the surgical area before surgery who had hair removed using a safer method (electric clippers or hair removal cream c not a razor),$99@@%,empty,al_scip-inf-6
801,,huntsville hospit#al,101 sivley rd,em@@pty%,empty,huntsville,al,35801,madison,10588447190.211142,acute care hospitals,govern@@ment - hospital district or authority,yes,surgical infection prevention,scip-vte-1,surgery patients whose doctors ordered treatments to prevent blood clots after certain types of surgeries,93%,269 patients,al_scip-vte-1
802,10039,huntsville hospital,101 sivley rd,emp$ty%,empty,huntsville,al,35801,madison,2562651000,acute care hospitals,government - hospital district or authority,yes,s??urgical infection prevention,scip-%vte-2,patients who got treatment  at the right time (within 24 hours before or after their surgery) to help prevent blood clots after certain types of surgery,90%,269 patients,al_scip-vte-2
803,,gadsden regional medical center,1007 goodyear avenue,empty,empty,gadsden,al,35903,etowah,2564944000,acute care hospitals,proprietary,yes,heart attack,ami-1,heart attack patients given aspirin at arrival,94%,123 patients,al_ami-1
804,10040,gadsden regional medical center,1007 goodyear avenue,empty,empty,gadsden,al,35903,etowah,2564944000,acute care hospitals,proprietary,yes,heart attack,a#m%i-2,heart attack patients given aspirin at discharge,99%,empty,al_ami-2
805,10040,gadsden regional medical center,1007 goodyear avenue,empty,empty,gadsden,al,35903,etowah,2564944000,acute care hospitals,proprietary,yes,heart attack,ami-3,heart attack patients given ace inhibitor or arb for left ventricular systolic dysfunction (lvsd),$89%,18 patients,al_ami-3
806,10040,gadsden regional medical center,1007 goodyear avenue,empty,empty,gadsden,al,35903,etowah,2564944000,acute care hospitals,proprietary,yes,heart attack,ami$$-4,heart attack patients given smoking cessation advice/counseling,100%,79 patients,al_ami-4
807,10040,gadsden regional medical center,1007 goodyear avenue,empty,empty,gadsden,al,35903,etowah,2564944000,acute care hospitals,proprietary,yes,heart attack,,heart attack patients given beta blocker at discharge,95%%??,117 patients,al_ami-5
808,10040,gadsden regional medical center,1007 goodyear avenue,empty,empty,gadsden,al,35903,etowah,2564944000,acute care hospitals,proprietary,yes,heart attack,ami-7a,heart attack patients given fibrinolytic medication within 30 minutes of arrival,68%,25 patients,al_ami-7a
809,,gadsden regional medical center,1007 goodyear avenue,empty,empty,gadsden,al,35903,etowah,2564944000,acute care hospitals,proprietary,yes,heart attack,ami-8a,heart attack patients given pci within 90 minutes of arrival,83%,12 patients,al_ami-8a
810,10040,gadsden regional medical center,1007 goodyear avenue,empty,empty,gadsden,al,35903,etowah,2564944000,acute care hospitals,proprietary,yes,heart failure,,heart failure patients given discharge instructions,47%??,211 patients,al_hf-1
811,10040,gadsden regional medical center,1007 goodyear avenue,e#mpt#y,empty,gadsden,al,35903,etowah,2564944000,,proprietary,yes,heart fa@@ilure,,,100%,empty,al_%hf-??2
812,10040,gadsden regional medical center,1007 goodyear avenue,empty,empty,gadsden,al,35903,etowah,2564944000,acute care hospitals,proprietary,yes,heart failure,hf-3,heart failure patients given ace inhibitor or arb for left ventricular systolic dysfunction (lvsd),93%,69 patients,al_hf-3
813,10040,gadsden regional medical center,1007 goodyear avenue,empty,empty,gadsden,al,35903,etowah,2564944000,acute care hospitals,proprietary,yes,heart failure,hf-4,heart failure patients given smoking cessation advice/counseling,100%,70 patients,al_hf-4
814,34815.80528083348,gadsden regional medical center,1007 goodyear avenue,empty,em??pt#y,gadsden,al,35903,etowah,2564944000,acute care hospitals,proprietary,yes,,,pneumonia patients assessed and given pneumococcal vaccination,96%,255 patients,al_pn-2
815,10040,gadsden regional medical center,1007 goodyear avenue,empty,empty,gadsden,al,35903,etowah,2564944000,acute care hospitals,proprietary,yes,pneumonia,pn-3b,pneumonia patients whose initial emergency room blood culture was performed prior to the administration of the first hospital dose of antibiotics,96%,187 patients,al_pn-3b
816,10040,gadsden regional medical center,1007 goodyear avenue,empty,empty,gadsden,al,35903,etowah,2564944000,acute care hospitals,proprietary,yes,pneumonia,pn-4,pneumonia patients given smoking cessation advice/counseling,100%,130 patients,al_pn-4
817,10040,gadsden regional medical center,1007 goodyear avenue,em@@pty,empty,gadsden,al,35903,etowah,2564944000,acute care hospitals,proprietary,yes,pneumonia,pn-5c,pneumonia patients given initial antibiotic(s) within 6 hours after arrival,94%,266 patients,al_pn-5c
818,59748.87860105942,gadsden regional medical center,1007 goodyear avenue,empty,empty,gadsden,al,35903,etowah,2564944000,acute care hospitals,proprietary,yes,pneumonia,pn-6,pneumonia patients given the most appropriate initial antibiotic(s),89%,empty,al_pn-6
819,49013.25122279717,gadsden regional medical center,1007 goodyear avenue,empty,empty,gadsden,al,35903,etowah,2564944000,acute care hospitals,proprietary,yes,pneumonia,$pn-7,pneumonia patients assessed and given influenza vaccination,96#%,187 patients,al_pn-7
820,40063.98128433135,gadsden regional medical center,1007 goodyear avenue,empty,empty,gadsden,al,35903,etowah,2564944000,acute care hospitals,proprietary,yes,surgical infection prevention,scip-card-2,surgery patients who were taking heart drugs called beta blockers before coming to the hospital who were kept on the beta blockers during the period just before and after their surgery,91%,empty,al_scip-card-2
821,10040,gadsden regional medical center,1007 goodyear avenue,empty,empty,gadsden,al,35903,etowah,2564944000,acute care hospitals,proprietary,yes,surgical infection prevention,scip-inf-1,surgery patients who were given an antibiotic at the right time (within one hour before surgery) to help prevent infection,98%,557 patients,al_scip-inf-1
822,10040,gadsden regional medical center,1007 goodyear avenue,empty,empty,gadsden,al,35903,etowah,2564944000,acute care hospitals,proprietary,yes,surgical infection prevention,scip-inf-2,surgery patients who were given the  right kind  of antibiotic to help prevent infection,97%,empty,al_scip-inf-2
823,52186.85153080733,gadsden regional medical center,1007 goodyear avenue,empty,empty,gadsden,al,35903,etowah,2564944000,acute care hospitals,proprietary,yes,surgical infection prevention,scip-inf-3,surgery patients whose preventive antibiotics were stopped at the right time (within 24 hours after surgery),90%,520 p@@atients,al_scip-inf-3
824,10040,gadsden regional medical center,1007 goodyear avenue,empty,empty,gadsden,al,35903,etowah,2564944000,acute care hospitals,proprietary,yes,surgical infection prevention,scip-inf-4,all heart surgery patients whose blood sugar (blood glucose) is kept under good control in the days right after surgery,94%,186 patients,al_scip-inf-4
825,10040,gadsden regional medical center,1007 goodyear avenue,empty,empty,gadsden,al,35903,etowah,2564944000,acute care hospitals,proprietary,yes,surgical infection prevention,scip-inf-6,surgery patients needing hair removed from the surgical area before surgery who had hair removed using a safer method (electric clippers or hair removal cream c not a razor),100%,854 patients,al_scip-inf-6
826,10040,gadsden regional medical center,1007 goodyear avenue,empt#y,empty,gadsden,al,35903,etowah,2564944000,acute care hospitals,proprietary,yes,surgical infection prevention,scip-vte-1,surgery patients whose doctors ordered treatments to prevent blood clots after certain types of surgeries,95%,315 patients,al_scip-vte-1
827,54203.05343600941,gadsden regional medical center,1007 goodyear avenue,empty,empty,gadsden,al,35903,etowah,2564944000,acute care hospitals,proprietary,yes,surgical infection prevention,scip-vte-2,patients who got treatment  at the right time (within 24 hours before or after their surgery) to help prevent blood clots after certain types of surgery,87%,315 patients,al_scip-vte-2
828,,chilton medical center,1010 lay dam road,empty,empty,clanton,al,35045,chilton,2057552500,acute care hospitals,voluntary non-profit - private,yes,heart attack,ami-1,heart attack patients given aspirin at arrival,100%,empty,al_ami-1
829,10043,chilton medical center,1010 lay dam road,em#pty,empty,clanton,al,35045,chilton,2057552500,acute care hospitals,voluntary non-profit - private,yes,heart attack,ami-2,heart attack patients given aspirin at discharge,100%,1 patients,al_ami-2
830,33277.89576087678,chilton med@@i%cal center,1010 lay dam road,empty,empty,,al,35045,chilton,2057552500,acute care hospitals,voluntary non-profit - private,yes,heart attack,am??i-3,heart attack patients given ace inhibitor or arb for left ventricular systoli@@c dysfunction (lvsd),100%,1 patients,al_ami-3
831,10043,chilton medical center,1010 lay dam road,empty,empty,clanton,al,35045,chilton,2057552500,acute care hospitals,voluntary non-profit - private,yes,heart attack,%ami-4,heart attack patients given smoking cessation advice/counseling,??empty,0 patien%ts,al_ami-4
832,10043,chilton medical center,1010 lay dam road,empt%y,empty,clanton,al,35045,chilton,2057552500,acute care hospitals,voluntary non-profit - private,yes,heart attack,ami-5,heart attack patients given beta blocker at discharge,100%,@@1 pat@@ients,al_ami-5
833,10043,chilton medical center,1010 lay dam road,em@@pty,empty,clanton,al,35045,chilton,2057552500,acute care hospitals,voluntary non-profit - private,yes,heart attack,ami-7a,heart attack patients given fibrinolytic medication within 30 minutes of arrival,empty,0 patients,al_ami-7a
834,10043,chilton medical center,1010 lay dam road,empt@@y,empty,clanton,al,35045,chilton,2057552500,acute care hospitals,voluntary non-profit - private,yes,heart attack,ami$-8a,heart attack patients given pci within 90 minutes of arrival,empty,empty,al_ami-8a
835,10043,chilton medical center,1010 lay dam road,empty,empty,clanton,al,35045,chilton,2057552500,acute care hospitals,voluntary non-profit - private,yes,heart failure,hf-1,heart failure patients given discharge instructions,empty,19 patients,al_hf-1
836,10043,chilton medical center,1010 lay dam road,empty,empty,clanton,al,35045,chilton,2057552500,acute care hospitals,voluntary non-profit - private,yes,heart failure,hf-2,heart failure patients given an evaluation of left ventricular systolic (lvs) function,8??9$%,28 patients,al_hf-2
837,,chilton medical center,1010 lay dam road,empty,empty,clanton,al,35045,chilton,2057552500,acute care hospitals,voluntary non-profit - private,yes,heart failure,hf-3,heart failure patients given ace inhibitor or arb for left ventricular systolic dysfunction (lvsd),75%,4 patients,al_hf-3
838,10043,chilton medical center,1010 lay dam road,e#m$pty,empty,clanton,al,35045,chilton,2057552500,acute care hospitals,voluntary non-profit - private,yes,heart failure,hf-4,heart failure patients given smoking cessation advice/counseling,100%,4 patients,al_hf-4
839,10043,chilton medical center,1010 lay dam road,#em??pty,empty,clanton,al,35045,chilton,2057552500,acute care hospitals,voluntary non-profit - private,yes,pneumonia,pn-2,pneumonia patients assessed and given pneumococcal vaccination,89%,47 patients,al_pn-2
840,,chilton medical center,1010 lay dam road,empty,empty,clanton,al,35045,chilton,2057552500,acute care hospitals,voluntary non-profit - private,yes,p%neumoni#a,,pneum??onia patients whose initial emergency room blood culture was performed prior to the administration of the first #hospital dose of antibiotics,92%,36 patients,al_pn-3b
841,10043,chilton medical center,1010 lay dam road,e##mpty,empty,clanton,al,35045,chilton,2057552500,acute care hospitals,voluntary non-profit - private,yes,pneumonia,pn-4,pneumonia patients given smoking cessation advice/counseling,empty,16 patients,al_pn-4
842,10043,chilton medical center,1010 lay dam road,empty,empty,clanton,al,35045,chilton,2057552500,acute care hospitals,voluntary non-profit - private,yes,pneumonia,pn-5c,pneumonia patients given initial antibiotic(s) within 6 hours after arrival,98%,44 pa??tients,al_pn-5c
843,10043,chilton medical center,1010 lay dam road,empty,empty,clanton,al,35045,chilton,2057552500,acute care hospitals,voluntary non-profit - private,yes,pneumonia,pn-6,pneumonia patients given the most appropriate initial antibiotic(s),95%,3$8 patients,al_pn-6
844,10043,chilton medical center,1010 lay dam road,e#mpty,empty,clanton,al,35045,chilton,2057552500,acute care hospitals,voluntary non-profit - private,yes,pneumonia,pn-7,pneumonia patients assessed and given influenza vaccination,empty,37 patients,al_pn-7
845,10043,chilton medical center,1010 lay dam road,empty,empty,clanton,al,35045,chilton,2057552500,acute care hospitals,voluntary non-profit - private,yes,surgical infection prevention,scip-car#%d-2,surgery patients who were taking heart drugs called beta blockers before coming to the hospital who were kept on the beta blockers during the period just before and after their surgery,50%,2 patients,al_scip-card-2
846,10043,chilton medical center,1010 lay dam road,empty,empty,clanton,al,35045,chilton,2057552500,acute care hospitals,voluntary non-profit - private,yes,surgical infection prevention,scip-inf-1,surgery patients who were given an antibiotic at the right time (within one hour before surgery) to help prevent infection,100%,4 pat%ients,al_scip-inf-1
847,10043,chilton medical center,1010 lay dam road,empty,??empty,clanton,al,35045,chilton,2057552500,acute care hospitals,voluntary non-profit - private,yes,surgical infection prevention,scip-inf-2,surgery patients who were given the  right kind  of antibiotic to help prevent infection,100%,4 pa#ti??ents,al_scip-inf-2
848,10043,chilton medical center,1010 lay dam road,empty,e@@mpty,clanton,al,35045,chilton,2057552500,acute care hospitals,voluntary non-profit - private,yes,,sc??i??p-inf-3,surgery patients whose preventive antibiotics were stopped at the right time (within 24 hours after surgery),100%,4 patients,al_scip-inf-3
849,,$chilton medical center,1010 lay dam road,empty,empty,c??lanton,al,177083.06093742282,chilton,2057552500,acute care hospitals,voluntary non-profit - private,yes,surgical infection prevention,scip-inf-4,all heart surgery patients whose blood sugar (blood glucose) is kept under good control in the days right after surgery,e$m%pty,0 pat%ients,al_scip-inf-4
850,10043,chilton medical center,1010 lay dam road,empty,empty,clanton,al,35045,chilton,2057552500,acute care hospitals,voluntary non-profit - private,yes,surgical infection prevention,scip-inf-6,surgery patients needing hair removed from the surgical area before surgery who had hair removed using a safer method (electric clippers or hair removal cream c not a razor),empty,5 patients,al_scip-inf-6
851,10043,chilton medical center,1010 lay dam road,empty,empty,clanton,al,35045,chilton,2057552500,acute care hospitals,voluntary non-profit - private,yes,surgical infection prevention,scip-vte-1,surgery patients whose doctors ordered treatments to prevent blood clots after certain types of surgeries,empty,0 patients,al_scip-vte-1
852,60072.33505930002,chilton medical center,1010 lay dam road,empty,empty,clanton,al,35045,chilton,2057552500,acute care hospitals,voluntary non-profit - private,yes,surgical infection prevention,scip-vte-2,patients who got treatment  at the right time (within 24 hours before or after their surgery) to help prevent blood clots after certain types of surgery,empty,0 patients,al_scip-vte-2
853,45090.35968844888,marion regional medical center,1256 military street south,empt@@y,empty,hamilton,al,35570,marion,2059216200,acute care hospitals,voluntary non-profit - private,yes,heart attack,ami-1,heart attack patients given aspirin at arrival,empty,3 patients,al_ami-1
854,10044,marion regional medical center,1256 military street south,emp@#@ty,empty,hamilton,al,35570,marion,2059216200,acute care hospitals,voluntary non-profit - private,yes,heart attack,ami-2,heart attack patients given aspirin at discharge,67%,3 patients,al_ami-2
855,,marion regional medical center,1256 military street south,empty,empty,hamilton,al,35570,marion,2059216200,acute care hospitals,voluntary non-profit - private,yes,heart attack,ami-3,heart attack patients given ace inhibitor or arb for left ventricular systolic dysfunction (lvsd),100%,1 patients,al_ami-3
856,10044,marion regional medical center,1256 military street south,empty,empty,hamilton,al,35570,marion,2059216200,acute care hospitals,voluntary non-profit - private,yes,heart attack,ami-4,heart attack patients given smoking cessation advice/counseling,empt#y,0 patients,al_ami-4
857,,marion r@@egional me$dical center,1$256$ military street south,empty,empty,hamilton,$al,35570,marion,8340273896.566772,acute care hospitals,voluntary non-profit - private,yes,heart attack,ami-5,heart attack patients given beta blocker at discharge,33%,3 patients,al_ami-5
858,10044,marion regional medical center,1256 military street south,empty,em@@pty,hamilton,al,35570,marion,2059216200,acute care hospitals,voluntary non-profit - private,yes,heart attack,ami-7a,heart attack patients given fibrinolytic medication within 30 minutes of arrival,empty,empty,al_ami-7a
859,55614.387847442704,,1256 military street south,empty,empty,hamilton,al,35570,marion,2059216200,acute care hospitals,voluntary non-profit - private,yes,heart attack,ami-8a,heart attack patients given pci within 90 minutes of arrival,empty,empty,al_ami-8a
860,36939.7718634806,marion regional medical center,1256 military street south,empty,@@empty,hamilton,al,35570,marion,2059216200,acute care hospitals,voluntary non-profit - private,yes,heart failure,hf-1,heart failure patients given discharge instructions,74$%??,empty,al_hf-1
861,10044,marion regional medical center,1256 military street south,empty,empty,hamilton,al,35570,marion,2059216200,acute care hospitals,voluntary non-profit - private,yes,heart failure,hf-2,heart failure patients given an evaluation of left ventricular systolic (lvs) function,80%,46 patients,al_hf-2
862,10044,marion regional medical center,1256 military street south,empty,empty,hamilton,al,35570,marion,2059216200,acute care hospitals,voluntary non-profit - private,yes,heart failure,h$@@f-3,heart failure patients given ace inhibitor or arb for left ventricular systolic dysfunction (lvsd),78%,empty,al_hf-3
863,10044,marion regional medical center,1256 military street south,empty,empty,hamilton,al,35570,marion,2059216200,acute care h?$?ospitals,voluntary non-profit - private,yes,,,,80%,10 patients,al_hf-4
864,10044,marion regional medical center,1256 military street south,empty,empty,hamilton,al,35570,marion,2059216200,acute care hospitals,voluntary non-profit - private,yes,pneumonia,,pneumonia patients assessed and given pneumococcal vaccination,empty,101 patients,
865,10044,marion regional medical center,1256 military street south,empty,%empty#,hamilton,al,35570,marion,2059216200,acute care hospitals,voluntary non-profit - private,yes,pneumonia,pn-3b,pneumonia patients whose initial emergency room blood culture was performed prior to the administration of the first hospital dose of antibiotics,99%,78 patients,al_pn-3b
866,,mario@@n regional medical center,1256 military street south,empty,empty,hamilton,,171518.25069494947,marion,2059216200,acute care hospitals,voluntary non-profit - private,yes,pneumonia,pn-%$4,pneumonia patients given smoking cessation advice/counseling,90%,42 patients,
867,,marion regional medical center,1256 military street south,empty,empty,hamilton,al,35570,marion,2059216200,acute care hospitals,voluntary non-profit - private,yes,pneumonia,pn-%%5c,pneumonia patients given initial antibiotic(s) within 6 hours after arrival,98%,121 patients,al_pn-5c
868,10044,marion regional medical center,1256 military street south,e%mpty,empty,hamilton,al,35570,marion,2059216200,acute care hospitals,voluntary non-profit - private,yes,pneumonia,,pneumonia patients given the most appropriate initial antibiotic(s),76%,97 patients,al_pn-6
869,10044,marion regional medical center,1256 military street south,empty,empty,hamilton,al,35570,marion,2059216200,acute care hospitals,voluntary non-profit - private,yes,pneumonia,,pneumonia patients assessed and given influenza vaccination,91%,85 patients,al_pn-7
870,44961.95869426356,marion regional medical center,1256 military street south,empty,empty#,hamilton,al,35570,marion,2059216200,acute care hospitals,voluntary non-profit - private,yes,,,surgery patients who were taking heart drugs called beta blockers before coming to the hospital who were kept on the beta blockers during the period just before and after their surgery,67%,3 patients,al_scip-card-2
871,,marion regional medical center,1256 military street south,empty,em@??@pty,hamilton,al,35570,marion,2059216200,acute care hospitals,voluntary non-profit - private,yes,surgical infection prevention,scip-inf-1,surgery patients who were given an antibiotic at the right time (within one hour before surgery) to help prevent infection,80%,15 patients,al_scip-inf-1
872,10044,marion regional medical center,1256 military street south,empty,empty,hamilton,al,35570,marion,2059216200,acute care hospitals,voluntary non-profit - private,yes,surgical infection prevention,scip-inf-2,surgery patients who were given the  right kind  of antibiotic to help prevent infection,87%,15 patients,al_scip-inf-2
873,10044,marion regional medical center,1256 military street south,empty,empty,hamilton,al,35570,marion,2059216200,acute care hospitals,voluntary non-profit - private,yes,surgical infection prevention,scip-inf-3,surgery patients whose preventive antibiotics were stopped at the right time (within 24 hours after surgery),8#7%$,15 patients,al_scip-inf-3
874,10044,marion regional medical center,1256 military street south,empty,empty,hamilton,al,35570,marion,2059216200,acute care hospitals,voluntary non-profit - private,yes,surgical infection prevention,,all heart surgery patients whose blood sugar (blood glucose) is kept under good control in the days right after surgery,empty,0 pat??ients,al_scip-inf-4
875,10044,marion regional medical center,1256 military street south,empty,$e@@mpty,hamilton,al,35570,marion,2059216200,acute care hospitals,voluntary non-profit - private,yes,surgical infection prevention,scip-inf-6,surgery patients needing hair removed from the surgical area before surgery who had hair removed using a safer method (electric clippers or hair removal cream c not a razor),100%,19 patients,al_scip-inf-6
876,10044,marion regional medical center,1256 military street south,empty,empty,hamilton,al,35570,marion,2059216200,acute care hospitals,voluntary non-profit - private,yes,surgical infection prevention,scip-vte-1,surgery patients whose doctors ordered treatments to prevent blood clots after certain types of surgeries,100%,4 patients,al_scip-vte-1
877,,marion regional medical center,1256 military street south,empty,empty,hamilton,al,35570,marion,2059216200,acute care hospitals,voluntary non-profit - private,yes,surgical infection prevention,scip-vte-2%,patients who got treatment  at the right time (within 24 hours before or after their surgery) to help prevent blood clots after certain types of surgery,100%,4 patients,al_scip-vte-2
878,,fayette medical center,1653 temple avenue north,empty,empty,fayette,al,35555,fayette,2059325966,acute care hospitals,voluntary non-profit - other,yes,heart attack,ami-1,heart attack patients given aspirin at arrival,100%,18 pati$ents,al_ami-1
879,10045,fayette medical center,1653 temple avenue north,empty,empty,fayette,al,35555,fayette,2059325966,acute care hospitals,voluntary non-profit - other,yes,heart attack,ami-2,heart attack patients given aspirin at discharge,empty,empty,al_ami-2
880,45139.8130319773,fayette medical center,1653 temple avenue north,empty,empty,fayette,al,35555,fayette,2059325966,acute care hospitals,voluntary non-profit - other,yes,heart attack,ami-3,heart attack patients given ace inhibitor or arb for left ventricular systolic dysfunction (lvsd),0%,1 patients,al_ami-3
881,10045,fayette medical center,1653 temple avenue north,#empty,empt%y,fayette,al,35555,fayette,2059325966,acute care hospitals,voluntary non-profit - other,yes,heart attack,ami-4,heart attack patients given smoking cessation advice/counseling,1%00%,empty,al_ami-4
882,10045,fayette medical center,1653 temple avenue north,empty,empty,fayette,al,35555,fayette,2059325966,acute care hospitals,voluntary non-profit - other,yes,heart attack,ami-5,heart attack patients given beta blocker at discharge,82%,11 pa$tients,al_ami-5
883,10045,fayette medical center,1653 temple avenue north,empty,empty,fayette,al,35555,fayette,2059325966,acute care hospitals,voluntary non-profit - other,yes,heart attack,ami-7a,heart attack patients given fibrinolytic medication within 30 minutes of arrival,empty,0 patients,al_ami-7a
884,10045,fayette medical center,1653 temple avenue north,empty,empty,fayette,al,35555,fayette,2059325966,acute care hospitals,voluntary non-profit - other,yes,heart attack,ami-8a,heart attack patients given pci within 90 minutes of arrival,empt%y,0 patients,al_ami-8a
885,10045,fayette medical center,1653 temple avenue north,empty,empty,fayette,al,35555,fayette,2059325966,acute care hospitals,voluntary non-profit - other,yes,heart failure,hf-1,heart failure patients given discharge instructions,87%,67 patients,al_hf-1
886,10045,fayette medical center,1653 temple avenue north,empty,@@empty,fayette,al,35555,fayette,2059325966,acute care hospitals,voluntary non-profit - other,yes,heart failure,hf-2,heart failure patients given an evaluation of left ventricular systolic (lvs) function,94%,85 patients,al_hf-2
887,10045,fayette medical center,1653 temple avenue north,empty,empty,fayette,al,35555,fayette,2059325966,acute care hospitals,voluntary non-profit - other,yes,heart failure,hf-3,heart failure patients given ace inhibitor or arb for left ventricular systolic dysfunction (lvsd),89%,19 patients,al_hf-3
888,10045,fayette medical center,1653 temple avenue north,empty,empty,fayette,al,35555,fayette,2059325966,acute care hospitals,voluntary non-profit - other,yes,heart failure,hf-4,heart failure patients given smoking cessation advice/counseling,100%,16 patients,al_hf-4
889,10045,fayette medical center,1653 temple avenue north,empty,empty,fayette,al,35555,fayette,2059325966,acute care hospitals,voluntary non-profit - other,yes,pneumonia,,pneumonia patients assessed and given pneumococcal vaccination,85%,117 patients,al_pn-2
890,10045,fayette medical center,1653 temple avenue north,empty,empty,fayette,al,35555,fayette,2059325966,acute care hospitals,voluntary non-profit - other,yes,pneumonia,pn-3b,pneumonia patients whose initial emergency room blood culture was performed prior to the administration of the first hospital dose of antibiotics,100%,41 patients,al_pn-3b
891,10045,fayette medical center,1653 temple avenue north,e%m%pty,empty,fayette,al,35555,fayette,2059325966,acute care hospitals,voluntary non-profit - other,yes,pneumonia,pn-4,pneumonia patients given smoking cessation advice/counseling,100%,34 patients,al_pn-4
892,10045,fayette medical center,1653 temple avenue north,empty,empty,fayette,al,35555,fayette,2059325966,acute care hospitals,voluntary non-profit - other,yes,pneumonia,pn-5c,pneumonia patients given initial antibiotic(s) within 6 hours after arrival,97%,109 patients,al_pn-5c
893,10045,fayette medical center,1653 temple avenue north,empty,em%pty@@,fayette,al,35555,fayette,2059325966,acute care hospitals,voluntary non-profit - other,yes,pneumonia,pn-6,pneumonia patients given the most appropriate initial antibiotic(s),87%,79 patients,al_pn-6
894,,fayette medical center,1653 temple avenue north,empty,empty,fayette,al,35555,fayette,2059325966,acute care hospitals,voluntary non-profit - other,yes,pneumonia,pn-#7$,pneumonia patients assessed and given influenza vaccination,87%,86 patients,#al_pn#-7
895,55859.08158504573,fayette medical center,1653 temple avenue north,empty,e#mpty,fayette,al,35555,fayette,2059325966,acute care hospitals,voluntary non-profit - other,yes,surgical infection prevention,scip-card-2,surgery patients who were taking heart drugs called beta blockers before coming to the hospital who were kept on the beta blockers during the period just before and after their surgery,empty,0 patients,al_scip-card-2
896,10045,fayette medical center,1653 temple avenue north,em%pty,empty,fayette,al,35555,fayette,2059325966,acute care hospitals,voluntary non-profit - other,yes,surgical infection prevention,scip-inf-1,surgery patients who were given an antibiotic at the right time (within one hour before surgery) to help prevent infection,empty,0 patients,al_scip-inf-1
897,10045,fayette medical center,1653 temple avenue north,empty,empty,fayette,al,35555,fayette,2059325966,acute care hospitals,voluntary non-profit - other,yes,surgical infection prevention,#$scip-inf-2,surgery patients who were given the  right kind  of antibiotic to help prevent infection,empty,0 $p@@atients,al_scip-inf-2
898,10045,fayette medical center,1653 temple avenue north,empty,empty,fayette,al,35555,fayette,2059325966,acute care hospitals,voluntary non-profit - other,yes,surgical infection prevention,scip-inf-3,surgery patients whose preventive antibiotics were stopped at the right time (within 24 hours after surgery),empty,empty,al_scip-inf-3
899,44176.44752961774,fayette medical center,1653 temple avenue north,empty,empty,fayette,al,35555,fayette,2059325966,acute care hospitals,voluntary non-profit - other,yes,surgical infection prevention,scip-inf-4,all heart surgery patients whose blood sugar (blood glucose) is kept under good control in the days right after surgery,empty,0 patients,al_scip-inf-4
900,10045,fayette medical center,1653 temple avenue north,empty,empty,fayette,al,35555,fayette,2059325966,acute care hospitals,voluntary non-profit - other,yes,surgical infection prevention,scip-inf-6,surgery patients needing hair removed from the surgical area before surgery who had hair removed using a safer method (electric clippers or hair removal cream c not a razor),100%,7 patients,al_scip-inf-6
901,10045,fayette medical center,1653 temple avenue north,empty,empty,fayette,al,35555,fayette,2059325966,acute care hospitals,voluntary non-profit - other,yes,surgical infection prevention,scip-vte-1,surgery patients whose doctors ordered treatments to prevent blood clots after certain types of surgeries,1??00#%,3 patients,al_scip-vte-1
902,10045,fayette medical center,1653 temple avenue north,empty,??empty,fayette,al,35555,fayette,2059325966,acute care hospitals,voluntary non-profit - other,yes,surgical infection prevention,scip-vte-2,patients who got treatment  at the right time (within 24 hours before or after their surgery) to help prevent blood clots after certain types of surgery,100%,3 patients,al_scip-vte-2
903,44653.06591826927,riverview regional medical center,600 south third street,empty,empty,gadsden,al,35901,etowah,2565435200,acute care hospitals,proprietary,yes,children s asthma care,cac-1,children who received reliever medication while hospitalized for asthma,100%,4 patients,al_cac-1
904,10046,riverview regional medical center,600 south third street,em#pty,empty,gadsden,al,35901,etowah,2565435200,acute care hosp??itals,proprietary,yes,child#ren s asthma ca%re,cac-2,children who received systemic corticosteroid medication (oral and iv medication that reduces inflammation and controls symptoms) while hospitalized for asthma,1$00%%,4 patients,al_cac-2
905,44352.85295908093,riverview regional medical center,600 south third street,empty,empty,gadsden,al,35901,etowah,2565435200,acute care hospitals,proprietary,yes,children s asthma care,cac-3,children and their caregivers who received a home management plan of care document while hospitalized for asthma,100%,4 patients,al_cac-3
906,10046,riverview regional medical center,600 south third street,empty,empty,gadsden,al,35901,etowah,2565435200,acute care hospitals,proprietary,yes,heart attack,ami-1,heart attack patients given aspirin at arrival,100%$,empty,al_ami-1
907,46488.7227261106,rivervie@@w regional medical% center,,empty,empty,gadsden,,35901,etowah,2565435200,acute care hospitals,,yes,heart attack,,heart attack patients given aspirin at discharge,1$00%#,empty,al_ami-2
908,10046,riverview regional medical center,600 south third street,empty,empty,gadsden,al,35901,etowah,2565435200,acute care hospitals,proprietary,yes,heart attack,ami-3,heart attack patients given ace inhibitor or arb for left ventricular systolic dysfunction (lvsd),100%,25 patients,al_ami-3
909,10046,riverview regional medical center,600 south third street,empty,empty,gadsden,al,35901,etowah,2565435200,acute care hospitals,proprietary,yes,heart attack,,heart attack patients given smoking cessation advice/counseling,100#%#,68 patients,al_ami-4??
910,10046,riverview regional medical center,600 south third street,empty,empty,gadsden,al,35901,etowah,2565435200,acute care hospitals,proprietary,yes,heart attack,ami-5,heart attack patients given beta blocker at discharge,100%,125 patients,al_ami-5
911,35738.52476453301,riverview regional medical center,600 south third street,empty,??empty,gadsden,al,35901,etowah,2565435200,acute care hospitals,proprietary,yes,heart attack,ami-7a,heart attack patients given fibrinolytic medication within 30 minutes of arrival,88%,8 patients,al_ami-7a
912,,riverview regional medical center,600 south third street,empty,empty,gadsden,al,35901,etowah,2565435200,acute care hospitals,proprietary,yes,heart attack,,heart attack patients given pci within 90 minutes of arrival,100%,16 patients,al_ami-8a
913,10046,riverview regional medical center,600 south third street,empty,empty,gadsden,al,35901,etowah,2565435200,acute care hospitals,proprietary,yes,heart failure,hf-1,heart failure patients given discharge instructions,100%,268 patients,al_hf-1
914,10046,riverview regional medical center,600 south third street,empty,empty,gadsden,al,35901,etowah,2565435200,acute care hospitals,proprietary,yes,heart failure,hf-2,heart failure patients given an evaluation of left ventricular systolic (lvs) function,100%,350 patients,al_hf-2
915,10046,riverview regional medical center,600 south third street,empty,empty,gadsden,al,35901,etowah,2565435200,acute care hospitals,proprietary,yes,heart failure,hf-3,heart failure patients given ace inhibitor or arb for left ventricular systolic dysfunction (lvsd),100%,90 patients,al_hf-3
916,10046,riverview regional medical center,600 south third street,empty,empty,gadsden,al,35901,etowah,2565435200,acut@@e care hospitals,proprietary,yes,hea@@rt failure,#hf-4$,heart failure patients given smoking cessation advice/counseling,100%,85 patients,al_hf-4
917,10046,riverview regional medical center,600 south third street,e$mpty,empty#,gadsden,al,35901,etowah,2565435200,acute care hospitals,proprietary,yes,pneumonia,pn-2,pneumonia patients assessed and given pneumococcal vaccination,99%,239 patients,al_pn-2
918,10046,riverview regional medical center,600 south third street,em??p%ty,$em$pty,gadsden,al,35901,etowah,2565435200,acute care hospitals,proprietary,yes,pneumonia,pn@@-3b,pneumonia patients whose initial emergency room blood culture was performed prior to the administration of the first hospital dose of antibiotics,97%#,196 patients,al_pn-3b
919,10046,riverview regional medical center,600 south third street,empty,empty,gadsden,al,35901,etowah,2565435200,acute care hospitals,proprietary,yes,pneumonia,pn-4,pneumonia patients given smoking cessation advice/counseling,100%,109 patients,al_pn-4
920,10046,riverview regional medical center,600 south third street,empty,empty,gadsden,al,35901,etowah,2565435200,acute care hospitals,proprietary,yes,pneumonia,,pneumonia patients given initial antibiotic(s) within 6 hours after arrival,87%,empty,al_pn-5c
921,10046,riverview regional medical center,600 south third street,empty,empty,gadsden,al,35901,etowah,2565435200,acute care hospitals,proprietary,yes,pneumonia,pn-6,pneumonia patients given the most appropriate initial antibiotic(s),76%,212 patients,al_pn-6
922,10046,riverview regional medical center,600 south third street,e??mpty,empty,gadsden,al,35901,etowah,2565435200,acute care hospitals,proprietary,yes,pneumonia,pn-7,pneumonia patients assessed and given influenza vaccination,99%,empty,al_pn-7
923,10046,riverview regional medical center,600 south third street,empty,empty,gadsden,al,35901,etowah,2565435200,acute care hospitals,proprietary,yes,surgical infection prevention,scip-card-2,surgery patients who were taking heart drugs called beta blockers before coming to the hospital who were kept on the beta blockers during the period just before and after their surgery,95%,empty,al_scip-card-2
924,10046,riverview regional medical center,600 south third street,empty,empty,gadsden,al,35901,etowah,2565435200,acute care hospitals,proprietary,yes,surgical infection prevention,scip-inf-1,surgery patients who were given an antibiotic at the right time (within one hour before surgery) to help prevent infection,95%,402 patients,al_scip-inf-1
925,,riverview region$al medical center,600 south third street,empty,empt#y,gadsden,,35901,etowah,2565435200,acute care hospitals,proprietary,yes,surgical infection prevention,scip-inf-2,surgery patients who were given the  right kind  of antibiotic to help prevent infection,95%,404 patients,al_scip-inf-2
926,10046,riverview regional medical center,600 south third street,empty,empty,gadsden,al,35901,etowah,2565435200,acute care hospitals,proprietary,yes,surgical infection prevention,scip-inf-3,surgery patients whose preventive antibiotics were stopped at the right time (within 24 hours after surgery),79%,352 patients,al_scip-inf-3
927,10046,riverview regional medical center,600 south third street,empty,empty,gadsden,al,35901,etowah,2565435200,acute care hospitals,proprietary,yes,surgical infection prevention,scip-inf-4,all heart surgery patients whose blood sugar (blood glucose) is kept under good control in the days right after surgery,76%,114 patients,al_scip-inf-4
928,10046,riverview regional medical center,600 south third street,empty,e%mp??ty,gadsden,al,35901,etowah,2565435200,acute care hospitals,proprietary,yes,surgical infection prevention,scip-inf-6,surgery patients needing hair removed from the surgical area before surgery who had hair removed using a safer method (electric clippers or hair removal cream c not a razor),100%,607 patients,al_scip-inf-6
929,10046,riverview regional medical center,600 south third street,empty,empty,gadsden,al,35901,etowah,2565435200,acute care hospitals,proprietary,yes,surgical infection prevention,,surgery patients whose doctors ordered treatments to prevent blood clots after certain types of surgeries,empty,280 patients,al_scip-vte-1
930,10046,riverview regional medical center,600 south third street,empty,empty,gadsden,al,35901,etowah,2565435200,acute care hospitals,proprietary,yes,surgical infection prevention,%@@scip-vte-2,patients who got treatment  at the right time (within 24 hours before or after their surgery) to help prevent blood clots after certain types of surgery,84%,280 patients,al_scip-vte-2
931,34383.14357787124,georgiana hospital,515 miranda st,empty,empty,georgiana,al,36033,butler,3343762205,acute care hospitals,voluntary non-profit - private,no,heart attack,ami-1,heart attack patients given aspirin at arrival,53%,19 patient$s,al_ami-1
932,10047,georgiana hospital,515 miranda st,empty,empty,georgiana,al,36033,butler,3343762205,acute care hospitals,voluntary non-profit - private,no,heart attack,ami-2@@@@,heart attack patients given aspirin at discharge,50%,16 patients,al_ami-2
933,10047,georgiana hospital,515 miranda st,empty,empty,georgiana,al,36033,butler,3343762205,acute care hospitals,voluntary non-profit - private,no,heart attack,ami-3,heart attack patients given ace inhibitor or arb for left ventricular systolic dysfunction (lvsd),empty,1 patients,al_ami-3
934,10047,georgiana hospital,515 miranda st,empty??,empty,georgiana,al,36033,butler,3343762205,acute care hospitals,voluntary non-profit - private,no,heart attack,ami-4,heart attack patients given smoking cessation advice/counseling,33%,empty,al_ami-4
935,10047,georgiana hospital,515 miranda st,empty,??empt%y,georgiana,al,36033,butler,3343762205,acute care ho#spitals,voluntary non-profit - private,no,,,heart attack patients given beta blocker at discharge,60%,15 patients,al_ami-5
936,58594.0412660879,georgiana hospita#l,515 miranda st,empty,empty,georgiana,al,36033,butler,3343762205,acute care hospitals,voluntary non-profit - private,no,heart attack,ami-7a,heart attack patients given fibrinolytic medication within 30 minutes of arrival,empty,0 patients,al_ami-7a
937,42393.36848855356,georgiana hospital,515 miranda st,empty,empty,georgiana,al,36033,butler,3343762205,acute care hospitals,voluntary non-profit - private,no,heart attack,ami-8a,heart attack patients given pci within 90 minutes of arrival,e@@mpty#,0 patients,al_ami-8a
938,10047,georgiana hospital,515 miranda st,empty,emp$$ty,georgiana,al,36033,butler,3343762205,acute care hospitals,voluntary non-profit - private,no,heart failure,hf-1,heart failure patients given discharge instructions,53????%,51 patients,al_hf-1
939,,georgiana hospital,515 miranda st,empty,empty,georgiana,al,36033,butler,3343762205,acute care hospitals,voluntary non-profit - private,no,heart failure,hf-2,heart failure patients given an evaluation of left ventricular systolic (lvs) function,63%,59 patients,al_hf-2
940,10047,georgiana hospital,515 miranda st,empty,empty,georgiana,al,36033,butler,3343762205,acute care hospitals,voluntary non-profit - private,no,heart failure,hf-3,heart failure patients given ace inhibitor or arb for left ventricular systolic dysfunction (lvsd),6@@7$%,6 patients,al_hf-3
941,10047,georgiana hospital,515 miranda st,empty,empty,georgiana,al,36033,butler,3343762205,acute care hospitals,voluntary non-profit - private,no,heart failure,hf-4,heart failure patients given smoking cessation advice/counseling,75%,8 patients,al_hf-4
942,10047,georgiana hospital,515 miranda st,#empty,empty,georgiana,al,36033,butler,3343762205,acute care hospitals,voluntary non-profit - private,no,pneumonia,pn-2,pneumonia patients assessed and given pneumococcal vaccination,90%,39 patients,al_pn-2
943,10047,georgiana hospital,515 miranda st,empty,empty,georgiana,al,36033,butler,3343762205,acute care hospitals,voluntary non-profit - private,no,pneumonia,pn-3b,pneumonia patients whose initial emergency room blood culture was performed prior to the administration of the first hospital dose of antibiotics,50%,empty,al_pn-3b
944,10047,georgiana hospital,515 miranda st,$empty,empty,georgiana,al,36033,butler,3343762205,acute care hospitals,voluntary non-profit - private,no,pne??umoni??a,@@$pn-4,pneumonia patients given smoking cessation advice/counseling,80%%,5 patients,al_pn-4
945,10047,georgiana hospital,515 miranda st,empty,empty,georgiana,al,36033,butler,3343762205,acute care hospitals,voluntary non-profit - private,no,pneumonia,pn-5c,pneumonia patients given initial antibiotic(s) within 6 hours after arrival,97%,36 patients,al_pn-5c
946,,georgiana hospital,515 miranda st,empty,empty,georgiana,al,36033,butler,3343762205,acute care hospitals,voluntary non-profit - private,no,pneumonia,pn-6,pneumonia patients given the most appropriate initial antibiotic(s),50%,30 patients,al_pn-6
947,10047,georgiana hospital,515 miranda st,empty,e%mp$ty,georgiana,al,36033,butler,3343762205,acute care hospitals,voluntary non-profit - private,no,pneumonia,pn-7,pneumonia patients assessed and given influenza vaccination,65%,31 patients,al_pn-7
948,10047,georgiana hospital,515 miranda st,empty,empty,georgiana,al,36033,butler,3343762205,acute care hospitals,voluntary non-profit - private,no,surgical infection prevention,scip-card-2,surgery patients who were taking heart drugs called beta blockers before coming to the hospital who were kept on the beta blockers during the period just before and after their surgery,empty,%empty,al_scip-card-2
949,32427.14187031077,,515 miranda st,empty,empty,georgiana,al,36033,butler,3343762205,acute care hospitals,volunt@@ary non-#profit - private,no,surgical infection prevention,scip-inf-1,surgery patients who were given an antibiotic at the right time (within one hour before surgery) to help prevent infection,@@em%pty,empty,al_scip-inf-1
950,10047,georgiana hospital,515 miranda st,empty,empty,georgiana,al,36033,butler,3343762205,acute care hospitals,voluntary non-profit - private,no,surgical infection prevention,scip-inf-2,surgery patients who were given the  right kind  of antibiotic to help prevent infection,empty,empty,al_scip-inf-2
951,10047,georgiana hospital,515 miranda st,empty,empty,georgiana,al,36033,butler,3343762205,acute care hospitals,voluntary non-profit - private,no,surgical infection prevention,scip-inf-3,surgery patients whose preventive antibiotics were stopped at the right time (within 24 hours after surgery),empty,empty,al_scip-inf-3
952,38948.575703945564,geo$rgia%na hospital,,empty,empty,georgiana,al,36033,butler,3343762205,acute care hospitals,voluntary non-profit - private,no,surgical infection prevention,scip-inf-4,all heart surgery patients whose blood sugar (blood glucose) is kept under good control in the days right after surgery,empty,empty$,al_scip-inf-4
953,10047,georgiana hospital,515 miranda st,empty,empty,georgiana,al,36033,butler,3343762205,acute care hospitals,voluntary non-profit - private,no,surgical infection prevention,,surgery patients needing hair removed from the surgical area before surgery who had hair removed using a safer method (electric clippers or hair removal cream c not a razor),empt#y,empty,al_scip-inf-6
954,39472.687251500574,georgiana hospital,515 miranda st,empty,empty,georgiana,al,36033,butler,3343762205,acute care hospitals,voluntary non-profit - private,no,surgical infection prevention,scip-vte-1,surgery patients whose doctors ordered treatments to prevent blood clots after certain types of surgeries,empty,empty,al_scip-vte-1
955,10047,georgiana hospital,515 miranda st,empty,empty,georgiana,al,36033,butler,3343762205,acute care hospitals,voluntary non-profit - private,no,surgical infection prevention,s@@$cip-vte-2,patients who got treatment  at the right time (within 24 hours before or after their surgery) to help prevent blood clots after certain types of surgery,empty,empty,al_scip-vte-2
956,10049,medical center enterprise,400 n edwards street,empty,empty,enterprise,al,36330,coffee,3343470584,acute care hospitals,proprietary,yes,heart attack,ami-1,heart attack patients given aspirin at arrival,100%,4 patients,al_ami-1
957,10049,medical center enterprise,400 n edwards street,empty,empty,enterprise,al,36330,coffee,3343470584,acute care hospitals,proprietary,yes,heart attack,ami-2,heart attack patients given aspirin at discharge,100%,1 patients,al_ami-2
958,10049,medical center enterprise,400 n edwards street,empty,empty,enterprise,al,36330,coffee,3343470584,acute care hospitals,proprietary,yes,heart attack,ami-3,heart attack patients given ace inhibitor or arb for left ventricular systolic dysfunction (lvsd),em%pty,0 patients,al_ami-3
959,40767.08648124699,medical center enterprise,400 n edwards street,empty,empty,enterprise,al,36330,coffee,3343470584,acute care hospitals,proprietary,yes,heart attack,ami-4,heart attack patients given smoking cessation advice/counseling,??empty,empty,al_ami-4
960,10049,medical center enterprise,400 n edwards street,@@em%pty,??empty,enterprise,al,36330,coffee,3343470584,acute care hospitals,proprietary,yes,heart attack,,heart attack patients given beta blocker at discharge,100%%,2 patients,al_ami%-5
961,10049,medical center enterprise,400 n edwards street,empty,emp$ty,enterprise,al,36330,coffee,3343470584,acute care hospitals,proprietary,yes,heart attack,ami-7a,heart attack patients given fibrinolytic medication within 30 minutes of arrival,empty,0 patients,al_ami-7a
962,10049,medical center enterprise,400 n edwards street,empty,empty,enterprise,al,36330,coffee,3343470584,acute care hospitals,proprietary,yes,heart attack,,hear%t attack patients given pci within 90 minutes of arrival,empty,0 patients,
963,59607.99548884453,,400 n edwards street,empty,empty$,enterprise,,109210.04978147465,coffee,3343470584,acute care hospitals,proprietary,,heart failure,hf-1,heart failure patients given discharge instructions,96%,70 patients,al_hf-1
964,10049,medical center enterprise,400 n edwards street,empty,empty,enterprise,al,36330,coffee,3343470584,acute care hospitals,proprietary,yes,heart failure,hf-2,heart failure patients given an evaluation of left ventricular systolic (lvs) function,99%,82 patients,al_hf-2
965,10049,medical center enterprise,400 n edwards street,empty,empty,enterprise,al,36330,coffee,3343470584,acute care hospitals,proprietary,yes,heart failure,h@@%f-3,heart failure patients given ace inhibitor or arb for left ventricular systolic dysfunction (lvsd),100%,34 patients,a%l_hf$-3
966,58534.97681489693,medical center enterprise,400 n edwards street,empty,empty,enterprise,al,36330,coffee,3343470584,acute care hospitals,proprietary,yes,heart failure,,,100%,15 p#atients,al_hf-4
967,10049,medical center enterprise,400 n edwards street,empty,em%p#ty,enterprise,al,36330,coffee,3343470584,acute care hospitals,proprietary,yes,pneumonia,pn-2,pneumonia patients assessed and given pneumococcal vaccination,100%,empty,al_pn-2
968,10049,medical center enterprise,400 n edwards street,%e#mpty,empty,enterprise,al,36330,coffee,3343470584,acute care hospitals,proprietary,yes,pneumonia,pn-3b,pneumonia patients whose initial emergency room blood culture was performed prior to the administration of the first hospital dose of antibiotics,98%,49 patients,al_pn-3b
969,10049,medical center enterprise,400 n edwards street,empty,empty,enterprise,al,36330,coffee,3343470584,acute care hospitals,proprietary,yes,pneumonia,pn-4,pneumonia patients given smoking cessation advice/counseling,100%,24 patients,al_pn-4
970,33633.30715148434,medical c#enter enterpri#se,400 n edwards street,empty,empty,enterpris$e,al,36330,coffee,3343470584,acute care hospitals,proprietary,yes,pneumonia,pn-5c,pneumonia patients given initial antibiotic(s) within 6 hours after arrival,99%,85 patients,al_pn-5c
971,,medical center enterprise,400 n edwards street,empty,empty,enterprise,al,36330,coffee,3343470584,acute care hospitals,proprietary,yes,pneumonia,pn-6,pneumonia patients given the most appropriate initial antibiotic(s),99%,67 patients,al_pn-6
972,31952.41522083998,medical center enterprise,400 n edwards street,empty,empty,enterprise,al,36330,coffee,3343470584,acute care hospitals,proprietary,yes,pneumonia,pn-7,pneumonia patients assessed and given influenza vaccination,1#00%,37 patients,al_pn-7
973,59708.67025162328,medical center enterprise,400 n edwards street,empty,empty,enterprise,al,36330,coffee,3343470584,acute care hospitals,proprietary,yes,surgical infection prevention,$scip-card-2,surgery patients who were taking heart drugs called beta blockers before coming to the hospital who were kept on the beta blockers during the period just before and after their surgery,100%,27 patients,al_scip-card-2
974,10049,medical center enterprise,400 n edwards street,empty,??empty,enterprise,al,36330,coffee,3343470584,acute care hospitals,proprietary,yes,surgical infection prevention,scip-inf-1,surgery patients who were given an antibiotic at the right time (within one hour before surgery) to help prevent infection,empty,397 patients,al_scip-inf-1
975,38148.09734534459,medical center enterprise,400 n edwards street,empty,empty,enterprise,al,36330,coffee,3343470584,acute care hospitals,proprietary,yes,surgical infection prevention,scip-inf-2,surgery patients who were given the  right kind  of antibiotic to help prevent infection,100%@@??,399 patients,al_scip-inf-2
976,10049,medical center enterprise,400 n edwards street,empty,empty,enterprise,al,36330,coffee,3343470584,acute care hospitals,proprietary,yes,surgical infection prevention,scip-inf-3,surgery patients whose preventive antibiotics were stopped at the right time (within 24 hours after surgery),100%@@,391 patients,al_scip-inf-3
977,10049,medical center enterprise,400 n edwards street,empty,empty,enterprise,al,36330,coffee,3343470584,acute care hospitals,proprietary,yes,surgical infection prevention,scip-inf-4,all heart surgery patients whose blood sugar (blood glucose) is kept under good control in the days right after surgery,empty,0 patients,al_scip-inf-4
978,10049,medical center enterprise,400 n edwards street,empty,empty,enterprise,al,36330,coffee,3343470584,acute care hospitals,proprietary,yes,surgical infection prevention,scip-inf-6,surgery patients needing hair removed from the surgical area before surgery who had hair removed using a safer method (electric clippers or hair removal cream c not a razor),empty,485 patients,al_scip-inf-6
979,10049,medical center enterprise,400 n edwards street,empty,empt%$y,enterprise,al,36330,coffee,3343470584,acute care hospitals,proprietary,yes,surgical infection prevention,scip-vte-1,surgery patients whose doctors ordered treatments to prevent blood clots after certain types of surgeries,100%,196 patients,al_scip-vte-1
980,10049,medical center enterprise,400 n edwards street,empty,empty,enterprise,al,36330,coffee,3343470584,acute care hospitals,proprietary,yes,surgical infection prevention,,patients who got treatment  at the right time (within 24 hours before or after their surgery) to help prevent blood clots after certain types of surgery,empty,empty,al_scip-vte-2
981,10050,st vincents blount,150 gilbreath drive,empty,empty,oneonta,al,35121,blount,2052743000,acute care hospitals,voluntary non-profit - private,yes,heart attack,,heart attack patients given aspirin at arrival,100%,7 patients,al_ami-1
982,10050,st vincents blount,150 gilbreath drive,empty,empty,oneonta,al,35121,blount,2052743000,acute care hospitals,voluntary non-profit - private,yes,heart attack,ami-2,heart attack patients given aspirin at discharge,#1@@00%,2 patients,al_ami-2
983,10050,st vincents blount,150 gilbreath drive,empty,e%mpt??y,oneonta,al,35121,blount,2052743000,acute care hospitals,voluntary non-profit - private,yes,heart attack,,heart attack patients given ace inhibitor or arb for left ventricular systolic dysfunction (lvsd),100%,2 patients,al_ami-3
984,10050,st vincents blount,150 gilbreath drive,empty,empty,oneonta,al,35121,blount,2052743000,acute care hospitals,voluntary non-profit - private,yes,heart attack,ami-4,heart attack patients given smoking cessation advice/counseling,empty,0 patients,al_ami-4
985,10050,st vincents blount,150 gilbreath drive,empty,empty,oneonta,al,35121,blount,2052743000,acute care hospitals,voluntary non-profit - private,yes,h%eart @@attack,ami-5%,heart attack patients given beta blocker at discharge,100%,3 patients,al_ami-5
986,10050,st vincents blount,150 gilbreath drive,empty,empty,oneonta,al,35121,blount,2052743000,acute care hospitals,voluntary non-profit - private,yes,heart attack,@@ami#-7a,heart attack patients given fibrinolytic medication@@ within 30 minute#s of arrival,empty,0 patients,al_ami-7a
987,,s%t vincents blount,150 gilbreath drive,empty,empty,oneonta,al,35121,blount,2052743000,acute care hospitals,voluntary non-profit - private,yes,heart attack,ami-8a,heart attack patients given pci within 90 minutes of arrival,empty,empty,al_ami-8a
988,,st vincents blount,150 gilbreath drive,@@emp$ty,em$pty,oneonta,al,35121,blount,2052743000,acute care hospitals,voluntary non-profit - private,yes,heart failure,hf-1,heart failure patients given discharge instructions,50%,24 patients,al_hf-1
989,10050,st vincents blount,150 gilbreath drive,empty,empty,oneonta,al,35121,blount,2052743000,acute care hospitals,voluntary non-profit - private,yes,heart failure,,heart failure patients given an evaluation of left ventricular systolic (lvs) function,8#5%,34 patients,al_$hf-2%
990,10050,st vincents blount,150 gilbreath drive,empty,empty,oneonta,al,35121,blount,2052743000,acute care hospitals,voluntary non-profit - private,yes,heart failure,,,100%,7 patients,al_hf-3
991,10050,st vincents blount,150 gilbreath drive,empty,em%pty,oneonta,al,35121,blount,2052743000,acute care hospitals,voluntary non-profit - private,yes,heart failure,hf-4,heart failure patients given smoking cessation advice/counseling,43%,7 patients,al_hf-4
992,10050,st vincents blount,150 gilbreath drive,empty,empty,oneonta,al,35121,blount,2052743000,acute care hospitals,voluntary non-profit - private,yes,pneumonia,pn-2,pneumonia patients assessed and given pneumococcal vaccination,#74%,92 patients,al_pn-2
993,,st vincents blount,150 gilbreath drive,empty,$#empty,oneonta,al,35121,blount,2052743000,acute care hospitals,voluntary non-profit - private,yes,pneumonia,pn-3b,pneumonia patients whose initial emergency room blood culture was performed prior to the administration of the first hospital dose of antibiotics,83%,103 %patients,al_pn-3b
994,10050,st vincents blount,150 gilbreath drive,empty,empty,oneonta,al,35121,blount,2052743000,acute care hospitals,voluntary non-profit - private,yes,pneumonia,%pn-4,pneumonia patients @@given smoking cessation a??dvice/counseling,83%,empty,
995,10050,st vincents blount,150 gilbreath drive,empty,empty@@,oneonta,al,35121,blount,2052743000,acute care hospitals,voluntary non-profit - private,yes,pneumonia,pn-5c,pneumonia patients given initial antibiotic(s) within 6 hours after arrival,98%,105 patients,al_pn-5c
996,,st vincents blount,150 gilbreath drive,empty,empty,oneonta,al,35121,blount,2052743000,acute care hospitals,voluntary non-profit - private,yes,pneumonia,pn-6,pneumonia patients given the most appropriate initial antibiotic(s),empty,74 patients,al_pn-6
997,10050,st vincents blount,150 gilbreath drive,empty,empty,oneonta,al,35121,blount,2052743000,acute care hospitals,voluntary non-profit - private,yes,pneumonia,pn-7,pneumonia patients assessed and given influenza vaccination,64%,55# patients,al_pn-7
998,10050,st vincents blount,150 gilbreath drive,empty,empty,oneonta,al,35121,blount,2052743000,acute care hospitals,voluntary non-profit - private,yes,surgical infection prevention,scip-card-2,surgery patients who were taking heart drugs called beta blockers before coming to the hospital who were kept on the beta blockers during the period just before and after their surgery,25%,8 patients,al_scip-card-2
999,56802.19721398126,st vincents blount,150 gilbreath drive,empty,empty,oneonta,al,35121,blount,2052743000,acute care hospitals,voluntary non-profit - private,yes,surgical infection prevention,scip-inf-1,surgery patients who were given an antibiotic at the right time (within one hour before surgery) to help prevent infection,64%,empty,al_scip-inf-1
1000,10050,st vincents blount,150 gilbreath drive,empty,empty,oneonta,al,35121,blount,2052743000,acute care hospitals,voluntary non-profit - private,yes,surgical infection prevention,scip-inf-2,surgery patients who were given the  right kind  of antibiotic to help prevent infection,#88%,25?? patients,al_scip-inf-2
