26/04/29 17:04:29 WARN Utils: Your hostname, qianzekaideMacBook-Air.local resolves to a loopback address: 127.0.0.1; using 192.168.3.1 instead (on interface bridge0)
26/04/29 17:04:29 WARN Utils: Set SPARK_LOCAL_IP if you need to bind to another address
26/04/29 17:04:30 WARN NativeCodeLoader: Unable to load native-hadoop library for your platform... using builtin-java classes where applicable
Using Spark's default log4j profile: org/apache/spark/log4j-defaults.properties
Setting default log level to "WARN".
To adjust logging level use sc.setLogLevel(newLevel). For SparkR, use setLogLevel(newLevel).
[Stage 0:>                                                          (0 + 1) / 1]                                                                                日志文件: CleanLogs/20260429-170426_T50D1AH095.log
Logs saved in CleanLogs/20260429-170426_T50D1AH095.log
初始化清洗器和分析依赖关系...
处理单属性清洗算子：
执行层级和目标模型分类...
执行层级 (并行组): [[{'ProviderNumber'}, {'MeasureCode'}], [{'HospitalName'}, {'MeasureName'}, {'Stateavg'}, {'Condition'}], [{'ZipCode'}, {'PhoneNumber'}, {'Address1'}, {'HospitalOwner'}, {'City'}, {'HospitalType'}], [{'EmergencyService'}, {'State'}, {'CountyName'}]]
目标模型分类: {'HospitalType': [<SampleScrubber.cleaner.multiple.AttrRelation object at 0x100974af0>], 'State': [<SampleScrubber.cleaner.multiple.AttrRelation object at 0x1009746d0>], 'ZipCode': [<SampleScrubber.cleaner.multiple.AttrRelation object at 0x100974850>], 'PhoneNumber': [<SampleScrubber.cleaner.multiple.AttrRelation object at 0x100a4b9d0>], 'MeasureName': [<SampleScrubber.cleaner.multiple.AttrRelation object at 0x100a4ba00>], 'Stateavg': [<SampleScrubber.cleaner.multiple.AttrRelation object at 0x158695dc0>], 'HospitalName': [<SampleScrubber.cleaner.multiple.AttrRelation object at 0x158695df0>], 'Condition': [<SampleScrubber.cleaner.multiple.AttrRelation object at 0x158695e20>], 'Address1': [<SampleScrubber.cleaner.multiple.AttrRelation object at 0x158695e50>], 'HospitalOwner': [<SampleScrubber.cleaner.multiple.AttrRelation object at 0x158695e80>], 'CountyName': [<SampleScrubber.cleaner.multiple.AttrRelation object at 0x158695eb0>], 'EmergencyService': [<SampleScrubber.cleaner.multiple.AttrRelation object at 0x158695ee0>], 'City': [<SampleScrubber.cleaner.multiple.AttrRelation object at 0x158695f10>]}

处理第 1 层级, 包含节点: ['ProviderNumber', 'MeasureCode']
  当前节点: ProviderNumber 无可用清洗信号
  当前节点: ProviderNumber 无清洗操作
  当前节点: MeasureCode 无可用清洗信号
  当前节点: MeasureCode 无清洗操作
['ProviderNumber', 'MeasureCode']的清洗完成

本层累积的编辑规则数: 0
本层没有可以进行的清洗操作，进行下一层

处理第 2 层级, 包含节点: ['HospitalName', 'MeasureName', 'Stateavg', 'Condition']
  当前节点: HospitalName 存在可用清洗信号
数据块大小: 1000
分块属性:
[['ProviderNumber']]
Starting initial block mapping...
Initial number of blocks: 213
Final number of blocks after further splitting: 212
Computing Block 2 out of 212
Processing Block size=19
begin cleaner[FunctionalDependency:(s: {'ProviderNumber'}, t: {'HospitalName'})]*1.0
列 'p' 不存在，对列 HospitalName 不过滤，直接选择所有非无效值。
clean_bool length:3
newest best op: Uniop(df,'HospitalName','dek??alb ??regional medical center',(['ProviderNumber'], {('10012.0',)}),{left: ("[FunctionalDependency:(s: {ProviderNumber}, t: {HospitalName})]", 0.0), operator: *, right: (1.0, 1.0), result: 0.0})
now error: 0.0
newest best op: Uniop(df,'HospitalName','dekalb regional medical center',(['ProviderNumber'], {('10012.0',)}),{left: ("[FunctionalDependency:(s: {ProviderNumber}, t: {HospitalName})]", 0.0), operator: *, right: (1.0, 1.0), result: 0.0})
now error: 0.0
Block processing time: 0.106961 seconds
Computing Block 4 out of 212
Processing Block size=20
begin cleaner{left: ("[FunctionalDependency:(s: {ProviderNumber}, t: {HospitalName})]", 0.0), operator: *, right: (1.0, 1.0), result: 0.0}
列 'p' 不存在，对列 HospitalName 不过滤，直接选择所有非无效值。
clean_bool length:6
newest best op: Uniop(df,'HospitalName','university of alaba$ma hospital',(['ProviderNumber'], {('10033.0',)}),{left: ("[FunctionalDependency:(s: {ProviderNumber}, t: {HospitalName})]", 0.0), operator: *, right: (1.0, 1.0), result: 0.0})
now error: 0.0
newest best op: Uniop(df,'HospitalName','university of alabama hospital',(['ProviderNumber'], {('10033.0',)}),{left: ("[FunctionalDependency:(s: {ProviderNumber}, t: {HospitalName})]", 0.0), operator: *, right: (1.0, 1.0), result: 0.0})
now error: 0.0
Block processing time: 0.186067 seconds
Computing Block 5 out of 212
Processing Block size=19
begin cleaner{left: ("[FunctionalDependency:(s: {ProviderNumber}, t: {HospitalName})]", 0.0), operator: *, right: (1.0, 1.0), result: 0.0}
列 'p' 不存在，对列 HospitalName 不过滤，直接选择所有非无效值。
clean_bool length:5
newest best op: Uniop(df,'HospitalName','mars#hal$l medical center north',(['ProviderNumber'], {('10010.0',)}),{left: ("[FunctionalDependency:(s: {ProviderNumber}, t: {HospitalName})]", 0.0), operator: *, right: (1.0, 1.0), result: 0.0})
now error: 0.0
newest best op: Uniop(df,'HospitalName','marshall medical center north',(['ProviderNumber'], {('10010.0',)}),{left: ("[FunctionalDependency:(s: {ProviderNumber}, t: {HospitalName})]", 0.0), operator: *, right: (1.0, 1.0), result: 0.0})
now error: 0.0
Block processing time: 0.130484 seconds
Computing Block 12 out of 212
Processing Block size=17
begin cleaner{left: ("[FunctionalDependency:(s: {ProviderNumber}, t: {HospitalName})]", 0.0), operator: *, right: (1.0, 1.0), result: 0.0}
列 'p' 不存在，对列 HospitalName 不过滤，直接选择所有非无效值。
clean_bool length:6
newest best op: Uniop(df,'HospitalName','gadsden r??egional medical cent@@er',(['ProviderNumber'], {('10040.0',)}),{left: ("[FunctionalDependency:(s: {ProviderNumber}, t: {HospitalName})]", 0.0), operator: *, right: (1.0, 1.0), result: 0.0})
now error: 0.0
newest best op: Uniop(df,'HospitalName','gadsden regional medical center',(['ProviderNumber'], {('10040.0',)}),{left: ("[FunctionalDependency:(s: {ProviderNumber}, t: {HospitalName})]", 0.0), operator: *, right: (1.0, 1.0), result: 0.0})
now error: 0.0
Block processing time: 0.135874 seconds
Computing Block 29 out of 212
Processing Block size=20
begin cleaner{left: ("[FunctionalDependency:(s: {ProviderNumber}, t: {HospitalName})]", 0.0), operator: *, right: (1.0, 1.0), result: 0.0}
列 'p' 不存在，对列 HospitalName 不过滤，直接选择所有非无效值。
clean_bool length:5
newest best op: Uniop(df,'HospitalName','baptist medical cent%er south',(['ProviderNumber'], {('10023.0',)}),{left: ("[FunctionalDependency:(s: {ProviderNumber}, t: {HospitalName})]", 0.0), operator: *, right: (1.0, 1.0), result: 0.0})
now error: 0.0
newest best op: Uniop(df,'HospitalName','baptist medical center south',(['ProviderNumber'], {('10023.0',)}),{left: ("[FunctionalDependency:(s: {ProviderNumber}, t: {HospitalName})]", 0.0), operator: *, right: (1.0, 1.0), result: 0.0})
now error: 0.0
Block processing time: 0.126268 seconds
Computing Block 38 out of 212
Processing Block size=13
begin cleaner{left: ("[FunctionalDependency:(s: {ProviderNumber}, t: {HospitalName})]", 0.0), operator: *, right: (1.0, 1.0), result: 0.0}
列 'p' 不存在，对列 HospitalName 不过滤，直接选择所有非无效值。
clean_bool length:3
newest best op: Uniop(df,'HospitalName','east alabama medical ce%nter and snf',(['ProviderNumber'], {('10029.0',)}),{left: ("[FunctionalDependency:(s: {ProviderNumber}, t: {HospitalName})]", 0.0), operator: *, right: (1.0, 1.0), result: 0.0})
now error: 0.0
newest best op: Uniop(df,'HospitalName','east alabama medical center and snf',(['ProviderNumber'], {('10029.0',)}),{left: ("[FunctionalDependency:(s: {ProviderNumber}, t: {HospitalName})]", 0.0), operator: *, right: (1.0, 1.0), result: 0.0})
now error: 0.0
Block processing time: 0.049717 seconds
Computing Block 39 out of 212
Processing Block size=12
begin cleaner{left: ("[FunctionalDependency:(s: {ProviderNumber}, t: {HospitalName})]", 0.0), operator: *, right: (1.0, 1.0), result: 0.0}
列 'p' 不存在，对列 HospitalName 不过滤，直接选择所有非无效值。
clean_bool length:7
newest best op: Uniop(df,'HospitalName','univ of south alabama medical cen??ter',(['ProviderNumber'], {('10087.0',)}),{left: ("[FunctionalDependency:(s: {ProviderNumber}, t: {HospitalName})]", 0.0), operator: *, right: (1.0, 1.0), result: 0.0})
now error: 0.0
newest best op: Uniop(df,'HospitalName','univ of south alabama medical center',(['ProviderNumber'], {('10087.0',)}),{left: ("[FunctionalDependency:(s: {ProviderNumber}, t: {HospitalName})]", 0.0), operator: *, right: (1.0, 1.0), result: 0.0})
now error: 0.0
Block processing time: 0.118681 seconds
Computing Block 41 out of 212
Processing Block size=19
begin cleaner{left: ("[FunctionalDependency:(s: {ProviderNumber}, t: {HospitalName})]", 0.0), operator: *, right: (1.0, 1.0), result: 0.0}
列 'p' 不存在，对列 HospitalName 不过滤，直接选择所有非无效值。
clean_bool length:3
newest best op: Uniop(df,'HospitalName','crenshaw community hospital',(['ProviderNumber'], {('10008.0',)}),{left: ("[FunctionalDependency:(s: {ProviderNumber}, t: {HospitalName})]", 0.0), operator: *, right: (1.0, 1.0), result: 0.0})
now error: 0.0
Block processing time: 0.068002 seconds
Computing Block 42 out of 212
Processing Block size=19
begin cleaner{left: ("[FunctionalDependency:(s: {ProviderNumber}, t: {HospitalName})]", 0.0), operator: *, right: (1.0, 1.0), result: 0.0}
列 'p' 不存在，对列 HospitalName 不过滤，直接选择所有非无效值。
clean_bool length:2
newest best op: Uniop(df,'HospitalName','cullman regional medical center',(['ProviderNumber'], {('10035.0',)}),{left: ("[FunctionalDependency:(s: {ProviderNumber}, t: {HospitalName})]", 0.0), operator: *, right: (1.0, 1.0), result: 0.0})
now error: 0.0
Block processing time: 0.043054 seconds
Computing Block 60 out of 212
Processing Block size=18
begin cleaner{left: ("[FunctionalDependency:(s: {ProviderNumber}, t: {HospitalName})]", 0.0), operator: *, right: (1.0, 1.0), result: 0.0}
列 'p' 不存在，对列 HospitalName 不过滤，直接选择所有非无效值。
clean_bool length:4
newest best op: Uniop(df,'HospitalName','southwest ala??bama medical ??center',(['ProviderNumber'], {('10015.0',)}),{left: ("[FunctionalDependency:(s: {ProviderNumber}, t: {HospitalName})]", 0.0), operator: *, right: (1.0, 1.0), result: 0.0})
now error: 0.0
newest best op: Uniop(df,'HospitalName','south%west alabama medical center',(['ProviderNumber'], {('10015.0',)}),{left: ("[FunctionalDependency:(s: {ProviderNumber}, t: {HospitalName})]", 0.0), operator: *, right: (1.0, 1.0), result: 0.0})
now error: 0.0
newest best op: Uniop(df,'HospitalName','southwest alabama medical center',(['ProviderNumber'], {('10015.0',)}),{left: ("[FunctionalDependency:(s: {ProviderNumber}, t: {HospitalName})]", 0.0), operator: *, right: (1.0, 1.0), result: 0.0})
now error: 0.0
Block processing time: 0.092329 seconds
Computing Block 65 out of 212
Processing Block size=13
begin cleaner{left: ("[FunctionalDependency:(s: {ProviderNumber}, t: {HospitalName})]", 0.0), operator: *, right: (1.0, 1.0), result: 0.0}
列 'p' 不存在，对列 HospitalName 不过滤，直接选择所有非无效值。
clean_bool length:3
newest best op: Uniop(df,'HospitalName','alaska regional hospital',(['ProviderNumber'], {('20017.0',)}),{left: ("[FunctionalDependency:(s: {ProviderNumber}, t: {HospitalName})]", 0.0), operator: *, right: (1.0, 1.0), result: 0.0})
now error: 0.0
Block processing time: 0.047088 seconds
Computing Block 67 out of 212
Processing Block size=15
begin cleaner{left: ("[FunctionalDependency:(s: {ProviderNumber}, t: {HospitalName})]", 0.0), operator: *, right: (1.0, 1.0), result: 0.0}
列 'p' 不存在，对列 HospitalName 不过滤，直接选择所有非无效值。
clean_bool length:3
newest best op: Uniop(df,'HospitalName','marion regiona??l m@@edical center',(['ProviderNumber'], {('10044.0',)}),{left: ("[FunctionalDependency:(s: {ProviderNumber}, t: {HospitalName})]", 0.0), operator: *, right: (1.0, 1.0), result: 0.0})
now error: 0.0
newest best op: Uniop(df,'HospitalName','marion regional medical center',(['ProviderNumber'], {('10044.0',)}),{left: ("[FunctionalDependency:(s: {ProviderNumber}, t: {HospitalName})]", 0.0), operator: *, right: (1.0, 1.0), result: 0.0})
now error: 0.0
Block processing time: 0.055616 seconds
Computing Block 69 out of 212
Processing Block size=19
begin cleaner{left: ("[FunctionalDependency:(s: {ProviderNumber}, t: {HospitalName})]", 0.0), operator: *, right: (1.0, 1.0), result: 0.0}
列 'p' 不存在，对列 HospitalName 不过滤，直接选择所有非无效值。
clean_bool length:4
newest best op: Uniop(df,'HospitalName','eliza coffee memorial hospital',(['ProviderNumber'], {('10006.0',)}),{left: ("[FunctionalDependency:(s: {ProviderNumber}, t: {HospitalName})]", 0.0), operator: *, right: (1.0, 1.0), result: 0.0})
now error: 0.0
Block processing time: 0.097183 seconds
Computing Block 75 out of 212
Processing Block size=22
begin cleaner{left: ("[FunctionalDependency:(s: {ProviderNumber}, t: {HospitalName})]", 0.0), operator: *, right: (1.0, 1.0), result: 0.0}
列 'p' 不存在，对列 HospitalName 不过滤，直接选择所有非无效值。
clean_bool length:7
newest best op: Uniop(df,'HospitalName','r%iverview regional $medical center',(['ProviderNumber'], {('10046.0',)}),{left: ("[FunctionalDependency:(s: {ProviderNumber}, t: {HospitalName})]", 0.0), operator: *, right: (1.0, 1.0), result: 0.0})
now error: 0.0
newest best op: Uniop(df,'HospitalName','riverview regional medical center',(['ProviderNumber'], {('10046.0',)}),{left: ("[FunctionalDependency:(s: {ProviderNumber}, t: {HospitalName})]", 0.0), operator: *, right: (1.0, 1.0), result: 0.0})
now error: 0.0
Block processing time: 0.213657 seconds
Computing Block 82 out of 212
Processing Block size=19
begin cleaner{left: ("[FunctionalDependency:(s: {ProviderNumber}, t: {HospitalName})]", 0.0), operator: *, right: (1.0, 1.0), result: 0.0}
列 'p' 不存在，对列 HospitalName 不过滤，直接选择所有非无效值。
clean_bool length:4
newest best op: Uniop(df,'HospitalName','helen keller memori@@al hospital',(['ProviderNumber'], {('10019.0',)}),{left: ("[FunctionalDependency:(s: {ProviderNumber}, t: {HospitalName})]", 0.0), operator: *, right: (1.0, 1.0), result: 0.0})
now error: 0.0
newest best op: Uniop(df,'HospitalName','helen keller memorial hospital',(['ProviderNumber'], {('10019.0',)}),{left: ("[FunctionalDependency:(s: {ProviderNumber}, t: {HospitalName})]", 0.0), operator: *, right: (1.0, 1.0), result: 0.0})
now error: 0.0
Block processing time: 0.096207 seconds
Computing Block 84 out of 212
Processing Block size=15
begin cleaner{left: ("[FunctionalDependency:(s: {ProviderNumber}, t: {HospitalName})]", 0.0), operator: *, right: (1.0, 1.0), result: 0.0}
列 'p' 不存在，对列 HospitalName 不过滤，直接选择所有非无效值。
clean_bool length:3
newest best op: Uniop(df,'HospitalName','g h lanier memorial hospital',(['ProviderNumber'], {('10025.0',)}),{left: ("[FunctionalDependency:(s: {ProviderNumber}, t: {HospitalName})]", 0.0), operator: *, right: (1.0, 1.0), result: 0.0})
now error: 0.0
Block processing time: 0.054321 seconds
Computing Block 97 out of 212
Processing Block size=14
begin cleaner{left: ("[FunctionalDependency:(s: {ProviderNumber}, t: {HospitalName})]", 0.0), operator: *, right: (1.0, 1.0), result: 0.0}
列 'p' 不存在，对列 HospitalName 不过滤，直接选择所有非无效值。
clean_bool length:4
newest best op: Uniop(df,'HospitalName','prattville baptist hospital',(['ProviderNumber'], {('10108.0',)}),{left: ("[FunctionalDependency:(s: {ProviderNumber}, t: {HospitalName})]", 0.0), operator: *, right: (1.0, 1.0), result: 0.0})
now error: 0.0
Block processing time: 0.069874 seconds
Computing Block 106 out of 212
Processing Block size=13
begin cleaner{left: ("[FunctionalDependency:(s: {ProviderNumber}, t: {HospitalName})]", 0.0), operator: *, right: (1.0, 1.0), result: 0.0}
列 'p' 不存在，对列 HospitalName 不过滤，直接选择所有非无效值。
clean_bool length:4
newest best op: Uniop(df,'HospitalName','coosa valley medical #center',(['ProviderNumber'], {('10164.0',)}),{left: ("[FunctionalDependency:(s: {ProviderNumber}, t: {HospitalName})]", 0.0), operator: *, right: (1.0, 1.0), result: 0.0})
now error: 0.0
newest best op: Uniop(df,'HospitalName','coosa valley medical center',(['ProviderNumber'], {('10164.0',)}),{left: ("[FunctionalDependency:(s: {ProviderNumber}, t: {HospitalName})]", 0.0), operator: *, right: (1.0, 1.0), result: 0.0})
now error: 0.0
Block processing time: 0.065492 seconds
Computing Block 108 out of 212
Processing Block size=20
begin cleaner{left: ("[FunctionalDependency:(s: {ProviderNumber}, t: {HospitalName})]", 0.0), operator: *, right: (1.0, 1.0), result: 0.0}
列 'p' 不存在，对列 HospitalName 不过滤，直接选择所有非无效值。
clean_bool length:4
newest best op: Uniop(df,'HospitalName','st vincents ea@@st',(['ProviderNumber'], {('10011.0',)}),{left: ("[FunctionalDependency:(s: {ProviderNumber}, t: {HospitalName})]", 0.0), operator: *, right: (1.0, 1.0), result: 0.0})
now error: 0.0
newest best op: Uniop(df,'HospitalName','st vincents east',(['ProviderNumber'], {('10011.0',)}),{left: ("[FunctionalDependency:(s: {ProviderNumber}, t: {HospitalName})]", 0.0), operator: *, right: (1.0, 1.0), result: 0.0})
now error: 0.0
Block processing time: 0.092484 seconds
Computing Block 112 out of 212
Processing Block size=13
begin cleaner{left: ("[FunctionalDependency:(s: {ProviderNumber}, t: {HospitalName})]", 0.0), operator: *, right: (1.0, 1.0), result: 0.0}
列 'p' 不存在，对列 HospitalName 不过滤，直接选择所有非无效值。
clean_bool length:4
newest best op: Uniop(df,'HospitalName','flowers hos%pital',(['ProviderNumber'], {('10055.0',)}),{left: ("[FunctionalDependency:(s: {ProviderNumber}, t: {HospitalName})]", 0.0), operator: *, right: (1.0, 1.0), result: 0.0})
now error: 0.0
newest best op: Uniop(df,'HospitalName','flowers hospital',(['ProviderNumber'], {('10055.0',)}),{left: ("[FunctionalDependency:(s: {ProviderNumber}, t: {HospitalName})]", 0.0), operator: *, right: (1.0, 1.0), result: 0.0})
now error: 0.0
Block processing time: 0.060652 seconds
Computing Block 113 out of 212
Processing Block size=15
begin cleaner{left: ("[FunctionalDependency:(s: {ProviderNumber}, t: {HospitalName})]", 0.0), operator: *, right: (1.0, 1.0), result: 0.0}
列 'p' 不存在，对列 HospitalName 不过滤，直接选择所有非无效值。
clean_bool length:6
newest best op: Uniop(df,'HospitalName','s$t vi#ncents blount',(['ProviderNumber'], {('10050.0',)}),{left: ("[FunctionalDependency:(s: {ProviderNumber}, t: {HospitalName})]", 0.0), operator: *, right: (1.0, 1.0), result: 0.0})
now error: 0.0
newest best op: Uniop(df,'HospitalName','st vincents $blount',(['ProviderNumber'], {('10050.0',)}),{left: ("[FunctionalDependency:(s: {ProviderNumber}, t: {HospitalName})]", 0.0), operator: *, right: (1.0, 1.0), result: 0.0})
now error: 0.0
newest best op: Uniop(df,'HospitalName','st vincents blount',(['ProviderNumber'], {('10050.0',)}),{left: ("[FunctionalDependency:(s: {ProviderNumber}, t: {HospitalName})]", 0.0), operator: *, right: (1.0, 1.0), result: 0.0})
now error: 0.0
Block processing time: 0.106464 seconds
Computing Block 114 out of 212
Processing Block size=18
begin cleaner{left: ("[FunctionalDependency:(s: {ProviderNumber}, t: {HospitalName})]", 0.0), operator: *, right: (1.0, 1.0), result: 0.0}
列 'p' 不存在，对列 HospitalName 不过滤，直接选择所有非无效值。
clean_bool length:2
newest best op: Uniop(df,'HospitalName','andalusia regional hospital',(['ProviderNumber'], {('10036.0',)}),{left: ("[FunctionalDependency:(s: {ProviderNumber}, t: {HospitalName})]", 0.0), operator: *, right: (1.0, 1.0), result: 0.0})
now error: 0.0
Block processing time: 0.04094 seconds
Computing Block 115 out of 212
Processing Block size=21
begin cleaner{left: ("[FunctionalDependency:(s: {ProviderNumber}, t: {HospitalName})]", 0.0), operator: *, right: (1.0, 1.0), result: 0.0}
列 'p' 不存在，对列 HospitalName 不过滤，直接选择所有非无效值。
clean_bool length:5
newest best op: Uniop(df,'HospitalName','community$ hospital@@ inc',(['ProviderNumber'], {('10034.0',)}),{left: ("[FunctionalDependency:(s: {ProviderNumber}, t: {HospitalName})]", 0.0), operator: *, right: (1.0, 1.0), result: 0.0})
now error: 0.0
newest best op: Uniop(df,'HospitalName','community hosp#ital inc',(['ProviderNumber'], {('10034.0',)}),{left: ("[FunctionalDependency:(s: {ProviderNumber}, t: {HospitalName})]", 0.0), operator: *, right: (1.0, 1.0), result: 0.0})
now error: 0.0
newest best op: Uniop(df,'HospitalName','community hospital inc',(['ProviderNumber'], {('10034.0',)}),{left: ("[FunctionalDependency:(s: {ProviderNumber}, t: {HospitalName})]", 0.0), operator: *, right: (1.0, 1.0), result: 0.0})
now error: 0.0
Block processing time: 0.1262 seconds
Computing Block 117 out of 212
Processing Block size=19
begin cleaner{left: ("[FunctionalDependency:(s: {ProviderNumber}, t: {HospitalName})]", 0.0), operator: *, right: (1.0, 1.0), result: 0.0}
列 'p' 不存在，对列 HospitalName 不过滤，直接选择所有非无效值。
clean_bool length:5
newest best op: Uniop(df,'HospitalName','mizell memo#rial hospital',(['ProviderNumber'], {('10007.0',)}),{left: ("[FunctionalDependency:(s: {ProviderNumber}, t: {HospitalName})]", 0.0), operator: *, right: (1.0, 1.0), result: 0.0})
now error: 0.0
newest best op: Uniop(df,'HospitalName','mizell memorial hospital',(['ProviderNumber'], {('10007.0',)}),{left: ("[FunctionalDependency:(s: {ProviderNumber}, t: {HospitalName})]", 0.0), operator: *, right: (1.0, 1.0), result: 0.0})
now error: 0.0
Block processing time: 0.117299 seconds
Computing Block 118 out of 212
Processing Block size=21
begin cleaner{left: ("[FunctionalDependency:(s: {ProviderNumber}, t: {HospitalName})]", 0.0), operator: *, right: (1.0, 1.0), result: 0.0}
列 'p' 不存在，对列 HospitalName 不过滤，直接选择所有非无效值。
clean_bool length:5
newest best op: Uniop(df,'HospitalName','elba gen%eral?? hospital',(['ProviderNumber'], {('10027.0',)}),{left: ("[FunctionalDependency:(s: {ProviderNumber}, t: {HospitalName})]", 0.0), operator: *, right: (1.0, 1.0), result: 0.0})
now error: 0.0
newest best op: Uniop(df,'HospitalName','elba %general hospital',(['ProviderNumber'], {('10027.0',)}),{left: ("[FunctionalDependency:(s: {ProviderNumber}, t: {HospitalName})]", 0.0), operator: *, right: (1.0, 1.0), result: 0.0})
now error: 0.0
newest best op: Uniop(df,'HospitalName','elba general hospital',(['ProviderNumber'], {('10027.0',)}),{left: ("[FunctionalDependency:(s: {ProviderNumber}, t: {HospitalName})]", 0.0), operator: *, right: (1.0, 1.0), result: 0.0})
now error: 0.0
Block processing time: 0.125668 seconds
Computing Block 123 out of 212
Processing Block size=22
begin cleaner{left: ("[FunctionalDependency:(s: {ProviderNumber}, t: {HospitalName})]", 0.0), operator: *, right: (1.0, 1.0), result: 0.0}
列 'p' 不存在，对列 HospitalName 不过滤，直接选择所有非无效值。
clean_bool length:6
newest best op: Uniop(df,'HospitalName','huntsv@@ille hospital',(['ProviderNumber'], {('10039.0',)}),{left: ("[FunctionalDependency:(s: {ProviderNumber}, t: {HospitalName})]", 0.0), operator: *, right: (1.0, 1.0), result: 0.0})
now error: 0.0
newest best op: Uniop(df,'HospitalName','huntsv%ille hospital',(['ProviderNumber'], {('10039.0',)}),{left: ("[FunctionalDependency:(s: {ProviderNumber}, t: {HospitalName})]", 0.0), operator: *, right: (1.0, 1.0), result: 0.0})
now error: 0.0
newest best op: Uniop(df,'HospitalName','huntsville hospital',(['ProviderNumber'], {('10039.0',)}),{left: ("[FunctionalDependency:(s: {ProviderNumber}, t: {HospitalName})]", 0.0), operator: *, right: (1.0, 1.0), result: 0.0})
now error: 0.0
Block processing time: 0.155892 seconds
Computing Block 130 out of 212
Processing Block size=17
begin cleaner{left: ("[FunctionalDependency:(s: {ProviderNumber}, t: {HospitalName})]", 0.0), operator: *, right: (1.0, 1.0), result: 0.0}
列 'p' 不存在，对列 HospitalName 不过滤，直接选择所有非无效值。
clean_bool length:3
newest best op: Uniop(df,'HospitalName','dale medical center',(['ProviderNumber'], {('10021.0',)}),{left: ("[FunctionalDependency:(s: {ProviderNumber}, t: {HospitalName})]", 0.0), operator: *, right: (1.0, 1.0), result: 0.0})
now error: 0.0
Block processing time: 0.060483 seconds
Computing Block 131 out of 212
Processing Block size=20
begin cleaner{left: ("[FunctionalDependency:(s: {ProviderNumber}, t: {HospitalName})]", 0.0), operator: *, right: (1.0, 1.0), result: 0.0}
列 'p' 不存在，对列 HospitalName 不过滤，直接选择所有非无效值。
clean_bool length:6
newest best op: Uniop(df,'HospitalName','f??ayette #medical center',(['ProviderNumber'], {('10045.0',)}),{left: ("[FunctionalDependency:(s: {ProviderNumber}, t: {HospitalName})]", 0.0), operator: *, right: (1.0, 1.0), result: 0.0})
now error: 0.0
newest best op: Uniop(df,'HospitalName','fayette me@@dical center',(['ProviderNumber'], {('10045.0',)}),{left: ("[FunctionalDependency:(s: {ProviderNumber}, t: {HospitalName})]", 0.0), operator: *, right: (1.0, 1.0), result: 0.0})
now error: 0.0
newest best op: Uniop(df,'HospitalName','fay%ette medical center',(['ProviderNumber'], {('10045.0',)}),{left: ("[FunctionalDependency:(s: {ProviderNumber}, t: {HospitalName})]", 0.0), operator: *, right: (1.0, 1.0), result: 0.0})
now error: 0.0
newest best op: Uniop(df,'HospitalName','fayette me#dical center',(['ProviderNumber'], {('10045.0',)}),{left: ("[FunctionalDependency:(s: {ProviderNumber}, t: {HospitalName})]", 0.0), operator: *, right: (1.0, 1.0), result: 0.0})
now error: 0.0
newest best op: Uniop(df,'HospitalName','fayette medical center',(['ProviderNumber'], {('10045.0',)}),{left: ("[FunctionalDependency:(s: {ProviderNumber}, t: {HospitalName})]", 0.0), operator: *, right: (1.0, 1.0), result: 0.0})
now error: 0.0
Block processing time: 0.190318 seconds
Computing Block 139 out of 212
Processing Block size=20
begin cleaner{left: ("[FunctionalDependency:(s: {ProviderNumber}, t: {HospitalName})]", 0.0), operator: *, right: (1.0, 1.0), result: 0.0}
列 'p' 不存在，对列 HospitalName 不过滤，直接选择所有非无效值。
clean_bool length:2
newest best op: Uniop(df,'HospitalName','northwest medical center',(['ProviderNumber'], {('10086.0',)}),{left: ("[FunctionalDependency:(s: {ProviderNumber}, t: {HospitalName})]", 0.0), operator: *, right: (1.0, 1.0), result: 0.0})
now error: 0.0
Block processing time: 0.045254 seconds
Computing Block 140 out of 212
Processing Block size=15
begin cleaner{left: ("[FunctionalDependency:(s: {ProviderNumber}, t: {HospitalName})]", 0.0), operator: *, right: (1.0, 1.0), result: 0.0}
列 'p' 不存在，对列 HospitalName 不过滤，直接选择所有非无效值。
clean_bool length:5
newest best op: Uniop(df,'HospitalName','che@@rok$ee medical center',(['ProviderNumber'], {('10022.0',)}),{left: ("[FunctionalDependency:(s: {ProviderNumber}, t: {HospitalName})]", 0.0), operator: *, right: (1.0, 1.0), result: 0.0})
now error: 0.0
newest best op: Uniop(df,'HospitalName','cherokee medical center',(['ProviderNumber'], {('10022.0',)}),{left: ("[FunctionalDependency:(s: {ProviderNumber}, t: {HospitalName})]", 0.0), operator: *, right: (1.0, 1.0), result: 0.0})
now error: 0.0
Block processing time: 0.091587 seconds
Computing Block 141 out of 212
Processing Block size=18
begin cleaner{left: ("[FunctionalDependency:(s: {ProviderNumber}, t: {HospitalName})]", 0.0), operator: *, right: (1.0, 1.0), result: 0.0}
列 'p' 不存在，对列 HospitalName 不过滤，直接选择所有非无效值。
clean_bool length:4
newest best op: Uniop(df,'HospitalName','shelby baptist medical center',(['ProviderNumber'], {('10016.0',)}),{left: ("[FunctionalDependency:(s: {ProviderNumber}, t: {HospitalName})]", 0.0), operator: *, right: (1.0, 1.0), result: 0.0})
now error: 0.0
Block processing time: 0.089696 seconds
Computing Block 144 out of 212
Processing Block size=16
begin cleaner{left: ("[FunctionalDependency:(s: {ProviderNumber}, t: {HospitalName})]", 0.0), operator: *, right: (1.0, 1.0), result: 0.0}
列 'p' 不存在，对列 HospitalName 不过滤，直接选择所有非无效值。
clean_bool length:3
newest best op: Uniop(df,'HospitalName','southeast alabama medical center',(['ProviderNumber'], {('10001.0',)}),{left: ("[FunctionalDependency:(s: {ProviderNumber}, t: {HospitalName})]", 0.0), operator: *, right: (1.0, 1.0), result: 0.0})
now error: 0.0
Block processing time: 0.058374 seconds
Computing Block 152 out of 212
Processing Block size=5
begin cleaner{left: ("[FunctionalDependency:(s: {ProviderNumber}, t: {HospitalName})]", 0.0), operator: *, right: (1.0, 1.0), result: 0.0}
列 'p' 不存在，对列 HospitalName 不过滤，直接选择所有非无效值。
Block processing time: 0.006067 seconds
Computing Block 156 out of 212
Processing Block size=19
begin cleaner{left: ("[FunctionalDependency:(s: {ProviderNumber}, t: {HospitalName})]", 0.0), operator: *, right: (1.0, 1.0), result: 0.0}
列 'p' 不存在，对列 HospitalName 不过滤，直接选择所有非无效值。
clean_bool length:7
newest best op: Uniop(df,'HospitalName','harts%elle medical cent??er',(['ProviderNumber'], {('10009.0',)}),{left: ("[FunctionalDependency:(s: {ProviderNumber}, t: {HospitalName})]", 0.0), operator: *, right: (1.0, 1.0), result: 0.0})
now error: 0.0
newest best op: Uniop(df,'HospitalName','hartselle medical center',(['ProviderNumber'], {('10009.0',)}),{left: ("[FunctionalDependency:(s: {ProviderNumber}, t: {HospitalName})]", 0.0), operator: *, right: (1.0, 1.0), result: 0.0})
now error: 0.0
Block processing time: 0.163205 seconds
Computing Block 159 out of 212
Processing Block size=23
begin cleaner{left: ("[FunctionalDependency:(s: {ProviderNumber}, t: {HospitalName})]", 0.0), operator: *, right: (1.0, 1.0), result: 0.0}
列 'p' 不存在，对列 HospitalName 不过滤，直接选择所有非无效值。
clean_bool length:6
newest best op: Uniop(df,'HospitalName','stringfellow memor??ial hospital',(['ProviderNumber'], {('10038.0',)}),{left: ("[FunctionalDependency:(s: {ProviderNumber}, t: {HospitalName})]", 0.0), operator: *, right: (1.0, 1.0), result: 0.0})
now error: 0.0
newest best op: Uniop(df,'HospitalName','stringfellow memorial hospital',(['ProviderNumber'], {('10038.0',)}),{left: ("[FunctionalDependency:(s: {ProviderNumber}, t: {HospitalName})]", 0.0), operator: *, right: (1.0, 1.0), result: 0.0})
now error: 0.0
Block processing time: 0.180483 seconds
Computing Block 162 out of 212
Processing Block size=17
begin cleaner{left: ("[FunctionalDependency:(s: {ProviderNumber}, t: {HospitalName})]", 0.0), operator: *, right: (1.0, 1.0), result: 0.0}
列 'p' 不存在，对列 HospitalName 不过滤，直接选择所有非无效值。
clean_bool length:2
newest best op: Uniop(df,'HospitalName','medical center enterprise',(['ProviderNumber'], {('10049.0',)}),{left: ("[FunctionalDependency:(s: {ProviderNumber}, t: {HospitalName})]", 0.0), operator: *, right: (1.0, 1.0), result: 0.0})
now error: 0.0
Block processing time: 0.038874 seconds
Computing Block 173 out of 212
Processing Block size=17
begin cleaner{left: ("[FunctionalDependency:(s: {ProviderNumber}, t: {HospitalName})]", 0.0), operator: *, right: (1.0, 1.0), result: 0.0}
列 'p' 不存在，对列 HospitalName 不过滤，直接选择所有非无效值。
clean_bool length:3
newest best op: Uniop(df,'HospitalName','georgiana hospital',(['ProviderNumber'], {('10047.0',)}),{left: ("[FunctionalDependency:(s: {ProviderNumber}, t: {HospitalName})]", 0.0), operator: *, right: (1.0, 1.0), result: 0.0})
now error: 0.0
Block processing time: 0.059343 seconds
Computing Block 174 out of 212
Processing Block size=17
begin cleaner{left: ("[FunctionalDependency:(s: {ProviderNumber}, t: {HospitalName})]", 0.0), operator: *, right: (1.0, 1.0), result: 0.0}
列 'p' 不存在，对列 HospitalName 不过滤，直接选择所有非无效值。
clean_bool length:5
newest best op: Uniop(df,'HospitalName','callahan eye foundat%ion hospital',(['ProviderNumber'], {('10018.0',)}),{left: ("[FunctionalDependency:(s: {ProviderNumber}, t: {HospitalName})]", 0.0), operator: *, right: (1.0, 1.0), result: 0.0})
now error: 0.0
newest best op: Uniop(df,'HospitalName','callahan eye foundation hospital',(['ProviderNumber'], {('10018.0',)}),{left: ("[FunctionalDependency:(s: {ProviderNumber}, t: {HospitalName})]", 0.0), operator: *, right: (1.0, 1.0), result: 0.0})
now error: 0.0
Block processing time: 0.110094 seconds
Computing Block 183 out of 212
Processing Block size=19
begin cleaner{left: ("[FunctionalDependency:(s: {ProviderNumber}, t: {HospitalName})]", 0.0), operator: *, right: (1.0, 1.0), result: 0.0}
列 'p' 不存在，对列 HospitalName 不过滤，直接选择所有非无效值。
clean_bool length:7
newest best op: Uniop(df,'HospitalName','chilto#n medical center',(['ProviderNumber'], {('10043.0',)}),{left: ("[FunctionalDependency:(s: {ProviderNumber}, t: {HospitalName})]", 0.0), operator: *, right: (1.0, 1.0), result: 0.0})
now error: 0.0
newest best op: Uniop(df,'HospitalName','chilton medical $center',(['ProviderNumber'], {('10043.0',)}),{left: ("[FunctionalDependency:(s: {ProviderNumber}, t: {HospitalName})]", 0.0), operator: *, right: (1.0, 1.0), result: 0.0})
now error: 0.0
newest best op: Uniop(df,'HospitalName','chilton medical center',(['ProviderNumber'], {('10043.0',)}),{left: ("[FunctionalDependency:(s: {ProviderNumber}, t: {HospitalName})]", 0.0), operator: *, right: (1.0, 1.0), result: 0.0})
now error: 0.0
Block processing time: 0.162552 seconds
Computing Block 208 out of 212
Processing Block size=21
begin cleaner{left: ("[FunctionalDependency:(s: {ProviderNumber}, t: {HospitalName})]", 0.0), operator: *, right: (1.0, 1.0), result: 0.0}
列 'p' 不存在，对列 HospitalName 不过滤，直接选择所有非无效值。
clean_bool length:4
newest best op: Uniop(df,'HospitalName','jackson hospital & clin??ic inc',(['ProviderNumber'], {('10024.0',)}),{left: ("[FunctionalDependency:(s: {ProviderNumber}, t: {HospitalName})]", 0.0), operator: *, right: (1.0, 1.0), result: 0.0})
now error: 0.0
newest best op: Uniop(df,'HospitalName','jackson hospital & clinic inc',(['ProviderNumber'], {('10024.0',)}),{left: ("[FunctionalDependency:(s: {ProviderNumber}, t: {HospitalName})]", 0.0), operator: *, right: (1.0, 1.0), result: 0.0})
now error: 0.0
Block processing time: 0.104799 seconds
Computing Block 209 out of 212
Processing Block size=21
begin cleaner{left: ("[FunctionalDependency:(s: {ProviderNumber}, t: {HospitalName})]", 0.0), operator: *, right: (1.0, 1.0), result: 0.0}
列 'p' 不存在，对列 HospitalName 不过滤，直接选择所有非无效值。
clean_bool length:4
newest best op: Uniop(df,'HospitalName','marshall medical center south',(['ProviderNumber'], {('10005.0',)}),{left: ("[FunctionalDependency:(s: {ProviderNumber}, t: {HospitalName})]", 0.0), operator: *, right: (1.0, 1.0), result: 0.0})
now error: 0.0
Block processing time: 0.103836 seconds
Computing Block 211 out of 212
Processing Block size=15
begin cleaner{left: ("[FunctionalDependency:(s: {ProviderNumber}, t: {HospitalName})]", 0.0), operator: *, right: (1.0, 1.0), result: 0.0}
列 'p' 不存在，对列 HospitalName 不过滤，直接选择所有非无效值。
clean_bool length:5
newest best op: Uniop(df,'HospitalName','@@wedowee hospital',(['ProviderNumber'], {('10032.0',)}),{left: ("[FunctionalDependency:(s: {ProviderNumber}, t: {HospitalName})]", 0.0), operator: *, right: (1.0, 1.0), result: 0.0})
now error: 0.0
newest best op: Uniop(df,'HospitalName','wedo$wee hospital',(['ProviderNumber'], {('10032.0',)}),{left: ("[FunctionalDependency:(s: {ProviderNumber}, t: {HospitalName})]", 0.0), operator: *, right: (1.0, 1.0), result: 0.0})
now error: 0.0
newest best op: Uniop(df,'HospitalName','wedowee hospital',(['ProviderNumber'], {('10032.0',)}),{left: ("[FunctionalDependency:(s: {ProviderNumber}, t: {HospitalName})]", 0.0), operator: *, right: (1.0, 1.0), result: 0.0})
now error: 0.0
Block processing time: 0.087075 seconds
  当前节点: HospitalName 有 41 个清洗操作
  当前节点: MeasureName 存在可用清洗信号
数据块大小: 1000
分块属性:
[['MeasureCode']]
Starting initial block mapping...
Initial number of blocks: 187
Final number of blocks after further splitting: 186
Computing Block 1 out of 186
Processing Block size=31
begin cleaner[FunctionalDependency:(s: {'MeasureCode'}, t: {'MeasureName'})]*1.0
列 'p' 不存在，对列 MeasureName 不过滤，直接选择所有非无效值。
clean_bool length:5
newest best op: Uniop(df,'MeasureName','pneumonia patients whos$e initial emergency room blood culture was performed prior to the administration of the first hospital dose of antibiotics',(['MeasureCode'], {('pn-3b',)}),{left: ("[FunctionalDependency:(s: {MeasureCode}, t: {MeasureName})]", 0.0), operator: *, right: (1.0, 1.0), result: 0.0})
now error: 0.0
newest best op: Uniop(df,'MeasureName','pneumonia patients whose initial emergency room blood culture was performed prior to the administration of the first hospital dose of antibiotics',(['MeasureCode'], {('pn-3b',)}),{left: ("[FunctionalDependency:(s: {MeasureCode}, t: {MeasureName})]", 0.0), operator: *, right: (1.0, 1.0), result: 0.0})
now error: 0.0
Block processing time: 0.747357 seconds
Computing Block 2 out of 186
Processing Block size=30
begin cleaner{left: ("[FunctionalDependency:(s: {MeasureCode}, t: {MeasureName})]", 0.0), operator: *, right: (1.0, 1.0), result: 0.0}
列 'p' 不存在，对列 MeasureName 不过滤，直接选择所有非无效值。
clean_bool length:7
newest best op: Uniop(df,'MeasureName','pneumonia patients give??n smo$king cessation advice/counseling',(['MeasureCode'], {('pn-4',)}),{left: ("[FunctionalDependency:(s: {MeasureCode}, t: {MeasureName})]", 0.0), operator: *, right: (1.0, 1.0), result: 0.0})
now error: 0.0
newest best op: Uniop(df,'MeasureName','pneumonia patients given smoking c%essation advice/counsel%ing',(['MeasureCode'], {('pn-4',)}),{left: ("[FunctionalDependency:(s: {MeasureCode}, t: {MeasureName})]", 0.0), operator: *, right: (1.0, 1.0), result: 0.0})
now error: 0.0
newest best op: Uniop(df,'MeasureName','pneumonia patients given smoking cessation advice/couns%eling',(['MeasureCode'], {('pn-4',)}),{left: ("[FunctionalDependency:(s: {MeasureCode}, t: {MeasureName})]", 0.0), operator: *, right: (1.0, 1.0), result: 0.0})
now error: 0.0
newest best op: Uniop(df,'MeasureName','pneumonia patients given smoking cessation advice/counseling',(['MeasureCode'], {('pn-4',)}),{left: ("[FunctionalDependency:(s: {MeasureCode}, t: {MeasureName})]", 0.0), operator: *, right: (1.0, 1.0), result: 0.0})
now error: 0.0
Block processing time: 0.409185 seconds
Computing Block 8 out of 186
Processing Block size=29
begin cleaner{left: ("[FunctionalDependency:(s: {MeasureCode}, t: {MeasureName})]", 0.0), operator: *, right: (1.0, 1.0), result: 0.0}
列 'p' 不存在，对列 MeasureName 不过滤，直接选择所有非无效值。
clean_bool length:6
newest best op: Uniop(df,'MeasureName','heart attack patients given ace inhibitor or arb for left %vent#ricular systolic dysfunction (lvsd)',(['MeasureCode'], {('ami-3',)}),{left: ("[FunctionalDependency:(s: {MeasureCode}, t: {MeasureName})]", 0.0), operator: *, right: (1.0, 1.0), result: 0.0})
now error: 0.0
newest best op: Uniop(df,'MeasureName','heart attack patients given ace inhibitor or arb for left ventricular systolic dysfunction (lvsd)',(['MeasureCode'], {('ami-3',)}),{left: ("[FunctionalDependency:(s: {MeasureCode}, t: {MeasureName})]", 0.0), operator: *, right: (1.0, 1.0), result: 0.0})
now error: 0.0
Block processing time: 0.530544 seconds
Computing Block 17 out of 186
Processing Block size=25
begin cleaner{left: ("[FunctionalDependency:(s: {MeasureCode}, t: {MeasureName})]", 0.0), operator: *, right: (1.0, 1.0), result: 0.0}
列 'p' 不存在，对列 MeasureName 不过滤，直接选择所有非无效值。
clean_bool length:6
newest best op: Uniop(df,'MeasureName','surgery patients whose doctors ordered treatments to prevent blood clots afte#r certain types of surgeries',(['MeasureCode'], {('scip-vte-1',)}),{left: ("[FunctionalDependency:(s: {MeasureCode}, t: {MeasureName})]", 0.0), operator: *, right: (1.0, 1.0), result: 0.0})
now error: 0.0
newest best op: Uniop(df,'MeasureName','surgery patients whose doctors ordered treatments to prevent blood clots after certain types of surgeries',(['MeasureCode'], {('scip-vte-1',)}),{left: ("[FunctionalDependency:(s: {MeasureCode}, t: {MeasureName})]", 0.0), operator: *, right: (1.0, 1.0), result: 0.0})
now error: 0.0
Block processing time: 0.491572 seconds
Computing Block 20 out of 186
Processing Block size=2
begin cleaner{left: ("[FunctionalDependency:(s: {MeasureCode}, t: {MeasureName})]", 0.0), operator: *, right: (1.0, 1.0), result: 0.0}
列 'p' 不存在，对列 MeasureName 不过滤，直接选择所有非无效值。
Block processing time: 0.002714 seconds
Computing Block 24 out of 186
Processing Block size=30
begin cleaner{left: ("[FunctionalDependency:(s: {MeasureCode}, t: {MeasureName})]", 0.0), operator: *, right: (1.0, 1.0), result: 0.0}
列 'p' 不存在，对列 MeasureName 不过滤，直接选择所有非无效值。
clean_bool length:8
newest best op: Uniop(df,'MeasureName','heart attack patients g??iven as@@pirin at discharge',(['MeasureCode'], {('ami-2',)}),{left: ("[FunctionalDependency:(s: {MeasureCode}, t: {MeasureName})]", 0.0), operator: *, right: (1.0, 1.0), result: 0.0})
now error: 0.0
newest best op: Uniop(df,'MeasureName','heart at@@tack pati??ents given aspirin at discharge',(['MeasureCode'], {('ami-2',)}),{left: ("[FunctionalDependency:(s: {MeasureCode}, t: {MeasureName})]", 0.0), operator: *, right: (1.0, 1.0), result: 0.0})
now error: 0.0
newest best op: Uniop(df,'MeasureName','hea??rt attack patients given aspirin at discharge',(['MeasureCode'], {('ami-2',)}),{left: ("[FunctionalDependency:(s: {MeasureCode}, t: {MeasureName})]", 0.0), operator: *, right: (1.0, 1.0), result: 0.0})
now error: 0.0
newest best op: Uniop(df,'MeasureName','heart attack patients given aspirin at discharge',(['MeasureCode'], {('ami-2',)}),{left: ("[FunctionalDependency:(s: {MeasureCode}, t: {MeasureName})]", 0.0), operator: *, right: (1.0, 1.0), result: 0.0})
now error: 0.0
Block processing time: 0.400133 seconds
Computing Block 29 out of 186
Processing Block size=27
begin cleaner{left: ("[FunctionalDependency:(s: {MeasureCode}, t: {MeasureName})]", 0.0), operator: *, right: (1.0, 1.0), result: 0.0}
列 'p' 不存在，对列 MeasureName 不过滤，直接选择所有非无效值。
clean_bool length:6
newest best op: Uniop(df,'MeasureName','surgery patients whose preventive antibiotics were stopped at the right time (within 24 h??ours after surgery)',(['MeasureCode'], {('scip-inf-3',)}),{left: ("[FunctionalDependency:(s: {MeasureCode}, t: {MeasureName})]", 0.0), operator: *, right: (1.0, 1.0), result: 0.0})
now error: 0.0
newest best op: Uniop(df,'MeasureName','surgery patients whose preventive antibiotics were stopped at the right time (within 24 hours after surgery)',(['MeasureCode'], {('scip-inf-3',)}),{left: ("[FunctionalDependency:(s: {MeasureCode}, t: {MeasureName})]", 0.0), operator: *, right: (1.0, 1.0), result: 0.0})
now error: 0.0
Block processing time: 0.554148 seconds
Computing Block 36 out of 186
Processing Block size=32
begin cleaner{left: ("[FunctionalDependency:(s: {MeasureCode}, t: {MeasureName})]", 0.0), operator: *, right: (1.0, 1.0), result: 0.0}
列 'p' 不存在，对列 MeasureName 不过滤，直接选择所有非无效值。
clean_bool length:7
newest best op: Uniop(df,'MeasureName','heart attack patients given smoking cessation advice/counseling@@',(['MeasureCode'], {('ami-4',)}),{left: ("[FunctionalDependency:(s: {MeasureCode}, t: {MeasureName})]", 0.0), operator: *, right: (1.0, 1.0), result: 0.0})
now error: 0.0
newest best op: Uniop(df,'MeasureName','heart attack patients given smoking cessation advice/counseling',(['MeasureCode'], {('ami-4',)}),{left: ("[FunctionalDependency:(s: {MeasureCode}, t: {MeasureName})]", 0.0), operator: *, right: (1.0, 1.0), result: 0.0})
now error: 0.0
Block processing time: 0.433037 seconds
Computing Block 39 out of 186
Processing Block size=33
begin cleaner{left: ("[FunctionalDependency:(s: {MeasureCode}, t: {MeasureName})]", 0.0), operator: *, right: (1.0, 1.0), result: 0.0}
列 'p' 不存在，对列 MeasureName 不过滤，直接选择所有非无效值。
clean_bool length:4
newest best op: Uniop(df,'MeasureName','pneumonia patients given initial antibiotic(s) within 6 hours after arrival',(['MeasureCode'], {('pn-5c',)}),{left: ("[FunctionalDependency:(s: {MeasureCode}, t: {MeasureName})]", 0.0), operator: *, right: (1.0, 1.0), result: 0.0})
now error: 0.0
Block processing time: 0.252401 seconds
Computing Block 41 out of 186
Processing Block size=32
begin cleaner{left: ("[FunctionalDependency:(s: {MeasureCode}, t: {MeasureName})]", 0.0), operator: *, right: (1.0, 1.0), result: 0.0}
列 'p' 不存在，对列 MeasureName 不过滤，直接选择所有非无效值。
clean_bool length:6
newest best op: Uniop(df,'MeasureName','heart attack patients given aspirin at arri$val',(['MeasureCode'], {('ami-1',)}),{left: ("[FunctionalDependency:(s: {MeasureCode}, t: {MeasureName})]", 0.0), operator: *, right: (1.0, 1.0), result: 0.0})
now error: 0.0
newest best op: Uniop(df,'MeasureName','heart attack patients given aspirin at arrival',(['MeasureCode'], {('ami-1',)}),{left: ("[FunctionalDependency:(s: {MeasureCode}, t: {MeasureName})]", 0.0), operator: *, right: (1.0, 1.0), result: 0.0})
now error: 0.0
Block processing time: 0.285824 seconds
Computing Block 51 out of 186
Processing Block size=32
begin cleaner{left: ("[FunctionalDependency:(s: {MeasureCode}, t: {MeasureName})]", 0.0), operator: *, right: (1.0, 1.0), result: 0.0}
列 'p' 不存在，对列 MeasureName 不过滤，直接选择所有非无效值。
clean_bool length:5
newest best op: Uniop(df,'MeasureName','heart failure patients given ace inhibitor or arb for left ventricular systolic dysfunction (lvsd)',(['MeasureCode'], {('hf-3',)}),{left: ("[FunctionalDependency:(s: {MeasureCode}, t: {MeasureName})]", 0.0), operator: *, right: (1.0, 1.0), result: 0.0})
now error: 0.0
Block processing time: 0.445702 seconds
Computing Block 61 out of 186
Processing Block size=2
begin cleaner{left: ("[FunctionalDependency:(s: {MeasureCode}, t: {MeasureName})]", 0.0), operator: *, right: (1.0, 1.0), result: 0.0}
列 'p' 不存在，对列 MeasureName 不过滤，直接选择所有非无效值。
Block processing time: 0.002727 seconds
Computing Block 69 out of 186
Processing Block size=30
begin cleaner{left: ("[FunctionalDependency:(s: {MeasureCode}, t: {MeasureName})]", 0.0), operator: *, right: (1.0, 1.0), result: 0.0}
列 'p' 不存在，对列 MeasureName 不过滤，直接选择所有非无效值。
clean_bool length:6
newest best op: Uniop(df,'MeasureName','pneumonia patients assessed a%nd given pneumococcal va$ccination',(['MeasureCode'], {('pn-2',)}),{left: ("[FunctionalDependency:(s: {MeasureCode}, t: {MeasureName})]", 0.0), operator: *, right: (1.0, 1.0), result: 0.0})
now error: 0.0
newest best op: Uniop(df,'MeasureName','pneumonia patients assessed and given pneumococcal vaccination',(['MeasureCode'], {('pn-2',)}),{left: ("[FunctionalDependency:(s: {MeasureCode}, t: {MeasureName})]", 0.0), operator: *, right: (1.0, 1.0), result: 0.0})
now error: 0.0
Block processing time: 0.331171 seconds
Computing Block 77 out of 186
Processing Block size=30
begin cleaner{left: ("[FunctionalDependency:(s: {MeasureCode}, t: {MeasureName})]", 0.0), operator: *, right: (1.0, 1.0), result: 0.0}
列 'p' 不存在，对列 MeasureName 不过滤，直接选择所有非无效值。
clean_bool length:8
newest best op: Uniop(df,'MeasureName','all heart surgery patients whose blood sugar (blood glucose) is kept under good control in the days right after surgery',(['MeasureCode'], {('scip-inf-4',)}),{left: ("[FunctionalDependency:(s: {MeasureCode}, t: {MeasureName})]", 0.0), operator: *, right: (1.0, 1.0), result: 0.0})
now error: 0.0
Block processing time: 1.006268 seconds
Computing Block 85 out of 186
Processing Block size=29
begin cleaner{left: ("[FunctionalDependency:(s: {MeasureCode}, t: {MeasureName})]", 0.0), operator: *, right: (1.0, 1.0), result: 0.0}
列 'p' 不存在，对列 MeasureName 不过滤，直接选择所有非无效值。
clean_bool length:11
newest best op: Uniop(df,'MeasureName','surgery patients needing hair removed from the surgical area before surgery who had hair removed using a safer method (electric clippers or hair removal cream c not a razor)',(['MeasureCode'], {('scip-inf-6',)}),{left: ("[FunctionalDependency:(s: {MeasureCode}, t: {MeasureName})]", 0.0), operator: *, right: (1.0, 1.0), result: 0.0})
now error: 0.0
Block processing time: 2.570785 seconds
Computing Block 96 out of 186
Processing Block size=26
begin cleaner{left: ("[FunctionalDependency:(s: {MeasureCode}, t: {MeasureName})]", 0.0), operator: *, right: (1.0, 1.0), result: 0.0}
列 'p' 不存在，对列 MeasureName 不过滤，直接选择所有非无效值。
clean_bool length:4
newest best op: Uniop(df,'MeasureName','heart attack patients$ given fibrino@@lytic medication within 30 minutes of arrival',(['MeasureCode'], {('ami-7a',)}),{left: ("[FunctionalDependency:(s: {MeasureCode}, t: {MeasureName})]", 0.0), operator: *, right: (1.0, 1.0), result: 0.0})
now error: 0.0
newest best op: Uniop(df,'MeasureName','h$eart attack patients given fibrinolytic medicati#on within 30 minutes of arrival',(['MeasureCode'], {('ami-7a',)}),{left: ("[FunctionalDependency:(s: {MeasureCode}, t: {MeasureName})]", 0.0), operator: *, right: (1.0, 1.0), result: 0.0})
now error: 0.0
newest best op: Uniop(df,'MeasureName','heart attack patients given fibrinolytic medication within 30 minutes of arrival',(['MeasureCode'], {('ami-7a',)}),{left: ("[FunctionalDependency:(s: {MeasureCode}, t: {MeasureName})]", 0.0), operator: *, right: (1.0, 1.0), result: 0.0})
now error: 0.0
Block processing time: 0.211884 seconds
Computing Block 111 out of 186
Processing Block size=28
begin cleaner{left: ("[FunctionalDependency:(s: {MeasureCode}, t: {MeasureName})]", 0.0), operator: *, right: (1.0, 1.0), result: 0.0}
列 'p' 不存在，对列 MeasureName 不过滤，直接选择所有非无效值。
clean_bool length:6
newest best op: Uniop(df,'MeasureName','heart attack p@@atients given bet@@a blocker at discharge',(['MeasureCode'], {('ami-5',)}),{left: ("[FunctionalDependency:(s: {MeasureCode}, t: {MeasureName})]", 0.0), operator: *, right: (1.0, 1.0), result: 0.0})
now error: 0.0
newest best op: Uniop(df,'MeasureName','hear$t attack patients given beta blocker at discharge',(['MeasureCode'], {('ami-5',)}),{left: ("[FunctionalDependency:(s: {MeasureCode}, t: {MeasureName})]", 0.0), operator: *, right: (1.0, 1.0), result: 0.0})
now error: 0.0
newest best op: Uniop(df,'MeasureName','heart attack patients given beta blocker at discharge',(['MeasureCode'], {('ami-5',)}),{left: ("[FunctionalDependency:(s: {MeasureCode}, t: {MeasureName})]", 0.0), operator: *, right: (1.0, 1.0), result: 0.0})
now error: 0.0
Block processing time: 0.284861 seconds
Computing Block 115 out of 186
Processing Block size=27
begin cleaner{left: ("[FunctionalDependency:(s: {MeasureCode}, t: {MeasureName})]", 0.0), operator: *, right: (1.0, 1.0), result: 0.0}
列 'p' 不存在，对列 MeasureName 不过滤，直接选择所有非无效值。
clean_bool length:4
newest best op: Uniop(df,'MeasureName','heart attack patients given pci within 90 minutes of arrival',(['MeasureCode'], {('ami-8a',)}),{left: ("[FunctionalDependency:(s: {MeasureCode}, t: {MeasureName})]", 0.0), operator: *, right: (1.0, 1.0), result: 0.0})
now error: 0.0
Block processing time: 0.179536 seconds
Computing Block 117 out of 186
Processing Block size=32
begin cleaner{left: ("[FunctionalDependency:(s: {MeasureCode}, t: {MeasureName})]", 0.0), operator: *, right: (1.0, 1.0), result: 0.0}
列 'p' 不存在，对列 MeasureName 不过滤，直接选择所有非无效值。
clean_bool length:8
newest best op: Uniop(df,'MeasureName','surgery patients who were given the @@ right kind  of ant@@ibiotic to help prevent infection',(['MeasureCode'], {('scip-inf-2',)}),{left: ("[FunctionalDependency:(s: {MeasureCode}, t: {MeasureName})]", 0.0), operator: *, right: (1.0, 1.0), result: 0.0})
now error: 0.0
newest best op: Uniop(df,'MeasureName','surgery patients who were given the  right kind  of antibiotic to help prevent infection',(['MeasureCode'], {('scip-inf-2',)}),{left: ("[FunctionalDependency:(s: {MeasureCode}, t: {MeasureName})]", 0.0), operator: *, right: (1.0, 1.0), result: 0.0})
now error: 0.0
Block processing time: 0.763903 seconds
Computing Block 122 out of 186
Processing Block size=29
begin cleaner{left: ("[FunctionalDependency:(s: {MeasureCode}, t: {MeasureName})]", 0.0), operator: *, right: (1.0, 1.0), result: 0.0}
列 'p' 不存在，对列 MeasureName 不过滤，直接选择所有非无效值。
clean_bool length:6
newest best op: Uniop(df,'MeasureName','surgery patients who were taking heart drugs called beta blockers before coming to the hospital w$ho were kept on the beta blockers during the perio%d just before and after their surgery',(['MeasureCode'], {('scip-card-2',)}),{left: ("[FunctionalDependency:(s: {MeasureCode}, t: {MeasureName})]", 0.0), operator: *, right: (1.0, 1.0), result: 0.0})
now error: 0.0
newest best op: Uniop(df,'MeasureName','surgery patients who were taking heart drugs called beta blockers before coming to the hospital who were kept on the beta blockers during the period just before and after their surgery',(['MeasureCode'], {('scip-card-2',)}),{left: ("[FunctionalDependency:(s: {MeasureCode}, t: {MeasureName})]", 0.0), operator: *, right: (1.0, 1.0), result: 0.0})
now error: 0.0
Block processing time: 1.380226 seconds
Computing Block 128 out of 186
Processing Block size=30
begin cleaner{left: ("[FunctionalDependency:(s: {MeasureCode}, t: {MeasureName})]", 0.0), operator: *, right: (1.0, 1.0), result: 0.0}
列 'p' 不存在，对列 MeasureName 不过滤，直接选择所有非无效值。
clean_bool length:12
newest best op: Uniop(df,'MeasureName','pneumonia patient@@s given the most appropriate in??itial antibiotic(s)',(['MeasureCode'], {('pn-6',)}),{left: ("[FunctionalDependency:(s: {MeasureCode}, t: {MeasureName})]", 0.0), operator: *, right: (1.0, 1.0), result: 0.0})
now error: 0.0
newest best op: Uniop(df,'MeasureName','pneumonia?? patients given the mo??st appropriate initial antibiotic(s)',(['MeasureCode'], {('pn-6',)}),{left: ("[FunctionalDependency:(s: {MeasureCode}, t: {MeasureName})]", 0.0), operator: *, right: (1.0, 1.0), result: 0.0})
now error: 0.0
newest best op: Uniop(df,'MeasureName','pneumonia patients given the most appropriate init#ial antibiotic(s)',(['MeasureCode'], {('pn-6',)}),{left: ("[FunctionalDependency:(s: {MeasureCode}, t: {MeasureName})]", 0.0), operator: *, right: (1.0, 1.0), result: 0.0})
now error: 0.0
newest best op: Uniop(df,'MeasureName','pneumonia patients given the most appropriate initial antibiotic(s)',(['MeasureCode'], {('pn-6',)}),{left: ("[FunctionalDependency:(s: {MeasureCode}, t: {MeasureName})]", 0.0), operator: *, right: (1.0, 1.0), result: 0.0})
now error: 0.0
Block processing time: 0.828292 seconds
Computing Block 130 out of 186
Processing Block size=31
begin cleaner{left: ("[FunctionalDependency:(s: {MeasureCode}, t: {MeasureName})]", 0.0), operator: *, right: (1.0, 1.0), result: 0.0}
列 'p' 不存在，对列 MeasureName 不过滤，直接选择所有非无效值。
clean_bool length:6
newest best op: Uniop(df,'MeasureName','h@@eart failure patients give@@n an evaluation of left ventricular systolic (lvs) function',(['MeasureCode'], {('hf-2',)}),{left: ("[FunctionalDependency:(s: {MeasureCode}, t: {MeasureName})]", 0.0), operator: *, right: (1.0, 1.0), result: 0.0})
now error: 0.0
newest best op: Uniop(df,'MeasureName','heart failure patients given an evaluation of left ventricular systolic (lvs) function',(['MeasureCode'], {('hf-2',)}),{left: ("[FunctionalDependency:(s: {MeasureCode}, t: {MeasureName})]", 0.0), operator: *, right: (1.0, 1.0), result: 0.0})
now error: 0.0
Block processing time: 0.492208 seconds
Computing Block 147 out of 186
Processing Block size=28
begin cleaner{left: ("[FunctionalDependency:(s: {MeasureCode}, t: {MeasureName})]", 0.0), operator: *, right: (1.0, 1.0), result: 0.0}
列 'p' 不存在，对列 MeasureName 不过滤，直接选择所有非无效值。
clean_bool length:8
newest best op: Uniop(df,'MeasureName','surgery patients who were given an antibiotic at the @@right time (within one hour before surgery) to help prevent infection',(['MeasureCode'], {('scip-inf-1',)}),{left: ("[FunctionalDependency:(s: {MeasureCode}, t: {MeasureName})]", 0.0), operator: *, right: (1.0, 1.0), result: 0.0})
now error: 0.0
newest best op: Uniop(df,'MeasureName','surgery patients who were given an antibiotic at the right time (within one hou#r before surgery) to help prevent infection',(['MeasureCode'], {('scip-inf-1',)}),{left: ("[FunctionalDependency:(s: {MeasureCode}, t: {MeasureName})]", 0.0), operator: *, right: (1.0, 1.0), result: 0.0})
now error: 0.0
newest best op: Uniop(df,'MeasureName','surgery patients who were given an antibiotic at the right time (within one hour before surgery) to help prevent infection',(['MeasureCode'], {('scip-inf-1',)}),{left: ("[FunctionalDependency:(s: {MeasureCode}, t: {MeasureName})]", 0.0), operator: *, right: (1.0, 1.0), result: 0.0})
now error: 0.0
Block processing time: 0.963208 seconds
Computing Block 151 out of 186
Processing Block size=26
begin cleaner{left: ("[FunctionalDependency:(s: {MeasureCode}, t: {MeasureName})]", 0.0), operator: *, right: (1.0, 1.0), result: 0.0}
列 'p' 不存在，对列 MeasureName 不过滤，直接选择所有非无效值。
clean_bool length:5
newest best op: Uniop(df,'MeasureName','patients who got treatment  at the right time (within 24 hours before or after their surge?@@?ry) to help prevent blood clots after certain types of surgery',(['MeasureCode'], {('scip-vte-2',)}),{left: ("[FunctionalDependency:(s: {MeasureCode}, t: {MeasureName})]", 0.0), operator: *, right: (1.0, 1.0), result: 0.0})
now error: 0.0
newest best op: Uniop(df,'MeasureName','patients who got treatment  at the right time (within 2#4 hours before or after their surgery) to help prevent blood clots after$ certain types of surgery',(['MeasureCode'], {('scip-vte-2',)}),{left: ("[FunctionalDependency:(s: {MeasureCode}, t: {MeasureName})]", 0.0), operator: *, right: (1.0, 1.0), result: 0.0})
now error: 0.0
newest best op: Uniop(df,'MeasureName','patients who got treatment  at the right time (within 24 hours before or after their surgery) to help prevent blood clots after certain types of surgery',(['MeasureCode'], {('scip-vte-2',)}),{left: ("[FunctionalDependency:(s: {MeasureCode}, t: {MeasureName})]", 0.0), operator: *, right: (1.0, 1.0), result: 0.0})
now error: 0.0
Block processing time: 0.650393 seconds
Computing Block 155 out of 186
Processing Block size=2
begin cleaner{left: ("[FunctionalDependency:(s: {MeasureCode}, t: {MeasureName})]", 0.0), operator: *, right: (1.0, 1.0), result: 0.0}
列 'p' 不存在，对列 MeasureName 不过滤，直接选择所有非无效值。
Block processing time: 0.002718 seconds
Computing Block 159 out of 186
Processing Block size=29
begin cleaner{left: ("[FunctionalDependency:(s: {MeasureCode}, t: {MeasureName})]", 0.0), operator: *, right: (1.0, 1.0), result: 0.0}
列 'p' 不存在，对列 MeasureName 不过滤，直接选择所有非无效值。
clean_bool length:7
newest best op: Uniop(df,'MeasureName','heart failure patients given discharge instru$ctions',(['MeasureCode'], {('hf-1',)}),{left: ("[FunctionalDependency:(s: {MeasureCode}, t: {MeasureName})]", 0.0), operator: *, right: (1.0, 1.0), result: 0.0})
now error: 0.0
newest best op: Uniop(df,'MeasureName','heart failure patients given discharge instructions',(['MeasureCode'], {('hf-1',)}),{left: ("[FunctionalDependency:(s: {MeasureCode}, t: {MeasureName})]", 0.0), operator: *, right: (1.0, 1.0), result: 0.0})
now error: 0.0
Block processing time: 0.337281 seconds
Computing Block 167 out of 186
Processing Block size=2
begin cleaner{left: ("[FunctionalDependency:(s: {MeasureCode}, t: {MeasureName})]", 0.0), operator: *, right: (1.0, 1.0), result: 0.0}
列 'p' 不存在，对列 MeasureName 不过滤，直接选择所有非无效值。
Block processing time: 0.002648 seconds
Computing Block 171 out of 186
Processing Block size=27
begin cleaner{left: ("[FunctionalDependency:(s: {MeasureCode}, t: {MeasureName})]", 0.0), operator: *, right: (1.0, 1.0), result: 0.0}
列 'p' 不存在，对列 MeasureName 不过滤，直接选择所有非无效值。
clean_bool length:6
newest best op: Uniop(df,'MeasureName','pneumonia patients assessed and given influenza vaccination',(['MeasureCode'], {('pn-7',)}),{left: ("[FunctionalDependency:(s: {MeasureCode}, t: {MeasureName})]", 0.0), operator: *, right: (1.0, 1.0), result: 0.0})
now error: 0.0
Block processing time: 0.292232 seconds
Computing Block 177 out of 186
Processing Block size=28
begin cleaner{left: ("[FunctionalDependency:(s: {MeasureCode}, t: {MeasureName})]", 0.0), operator: *, right: (1.0, 1.0), result: 0.0}
列 'p' 不存在，对列 MeasureName 不过滤，直接选择所有非无效值。
clean_bool length:5
newest best op: Uniop(df,'MeasureName','heart failure patients given smoking cessation advice/counseling',(['MeasureCode'], {('hf-4',)}),{left: ("[FunctionalDependency:(s: {MeasureCode}, t: {MeasureName})]", 0.0), operator: *, right: (1.0, 1.0), result: 0.0})
now error: 0.0
Block processing time: 0.258147 seconds
  当前节点: MeasureName 有 25 个清洗操作
  当前节点: Stateavg 存在可用清洗信号
数据块大小: 1000
分块属性:
[['MeasureCode']]
Starting initial block mapping...
Initial number of blocks: 187
Final number of blocks after further splitting: 186
Computing Block 1 out of 186
Processing Block size=31
begin cleaner[FunctionalDependency:(s: {'MeasureCode'}, t: {'Stateavg'})]*1.0
列 'p' 不存在，对列 Stateavg 不过滤，直接选择所有非无效值。
clean_bool length:5
newest best op: Uniop(df,'Stateavg','al_%pn-3#b',(['MeasureCode'], {('pn-3b',)}),{left: ("[FunctionalDependency:(s: {MeasureCode}, t: {Stateavg})]", 0.0), operator: *, right: (1.0, 1.0), result: 0.0})
now error: 0.0
newest best op: Uniop(df,'Stateavg','al_pn-3b',(['MeasureCode'], {('pn-3b',)}),{left: ("[FunctionalDependency:(s: {MeasureCode}, t: {Stateavg})]", 0.0), operator: *, right: (1.0, 1.0), result: 0.0})
now error: 0.0
Block processing time: 0.173015 seconds
Computing Block 2 out of 186
Processing Block size=30
begin cleaner{left: ("[FunctionalDependency:(s: {MeasureCode}, t: {Stateavg})]", 0.0), operator: *, right: (1.0, 1.0), result: 0.0}
列 'p' 不存在，对列 Stateavg 不过滤，直接选择所有非无效值。
clean_bool length:7
newest best op: Uniop(df,'Stateavg','al_pn-4',(['MeasureCode'], {('pn-4',)}),{left: ("[FunctionalDependency:(s: {MeasureCode}, t: {Stateavg})]", 0.0), operator: *, right: (1.0, 1.0), result: 0.0})
now error: 0.0
Block processing time: 0.235184 seconds
Computing Block 8 out of 186
Processing Block size=29
begin cleaner{left: ("[FunctionalDependency:(s: {MeasureCode}, t: {Stateavg})]", 0.0), operator: *, right: (1.0, 1.0), result: 0.0}
列 'p' 不存在，对列 Stateavg 不过滤，直接选择所有非无效值。
clean_bool length:6
newest best op: Uniop(df,'Stateavg','al_a%mi-3',(['MeasureCode'], {('ami-3',)}),{left: ("[FunctionalDependency:(s: {MeasureCode}, t: {Stateavg})]", 0.0), operator: *, right: (1.0, 1.0), result: 0.0})
now error: 0.0
newest best op: Uniop(df,'Stateavg','al_#ami-3',(['MeasureCode'], {('ami-3',)}),{left: ("[FunctionalDependency:(s: {MeasureCode}, t: {Stateavg})]", 0.0), operator: *, right: (1.0, 1.0), result: 0.0})
now error: 0.0
newest best op: Uniop(df,'Stateavg','al_ami-3',(['MeasureCode'], {('ami-3',)}),{left: ("[FunctionalDependency:(s: {MeasureCode}, t: {Stateavg})]", 0.0), operator: *, right: (1.0, 1.0), result: 0.0})
now error: 0.0
Block processing time: 0.195328 seconds
Computing Block 17 out of 186
Processing Block size=25
begin cleaner{left: ("[FunctionalDependency:(s: {MeasureCode}, t: {Stateavg})]", 0.0), operator: *, right: (1.0, 1.0), result: 0.0}
列 'p' 不存在，对列 Stateavg 不过滤，直接选择所有非无效值。
clean_bool length:8
newest best op: Uniop(df,'Stateavg','al_scip-vte%-1',(['MeasureCode'], {('scip-vte-1',)}),{left: ("[FunctionalDependency:(s: {MeasureCode}, t: {Stateavg})]", 0.0), operator: *, right: (1.0, 1.0), result: 0.0})
now error: 0.0
newest best op: Uniop(df,'Stateavg','al_scip-vte-1',(['MeasureCode'], {('scip-vte-1',)}),{left: ("[FunctionalDependency:(s: {MeasureCode}, t: {Stateavg})]", 0.0), operator: *, right: (1.0, 1.0), result: 0.0})
now error: 0.0
Block processing time: 0.23069 seconds
Computing Block 20 out of 186
Processing Block size=2
begin cleaner{left: ("[FunctionalDependency:(s: {MeasureCode}, t: {Stateavg})]", 0.0), operator: *, right: (1.0, 1.0), result: 0.0}
列 'p' 不存在，对列 Stateavg 不过滤，直接选择所有非无效值。
Block processing time: 0.002666 seconds
Computing Block 24 out of 186
Processing Block size=30
begin cleaner{left: ("[FunctionalDependency:(s: {MeasureCode}, t: {Stateavg})]", 0.0), operator: *, right: (1.0, 1.0), result: 0.0}
列 'p' 不存在，对列 Stateavg 不过滤，直接选择所有非无效值。
clean_bool length:7
newest best op: Uniop(df,'Stateavg','al_ami-#2',(['MeasureCode'], {('ami-2',)}),{left: ("[FunctionalDependency:(s: {MeasureCode}, t: {Stateavg})]", 0.0), operator: *, right: (1.0, 1.0), result: 0.0})
now error: 0.0
newest best op: Uniop(df,'Stateavg','al_ami-2',(['MeasureCode'], {('ami-2',)}),{left: ("[FunctionalDependency:(s: {MeasureCode}, t: {Stateavg})]", 0.0), operator: *, right: (1.0, 1.0), result: 0.0})
now error: 0.0
Block processing time: 0.236038 seconds
Computing Block 29 out of 186
Processing Block size=27
begin cleaner{left: ("[FunctionalDependency:(s: {MeasureCode}, t: {Stateavg})]", 0.0), operator: *, right: (1.0, 1.0), result: 0.0}
列 'p' 不存在，对列 Stateavg 不过滤，直接选择所有非无效值。
clean_bool length:6
newest best op: Uniop(df,'Stateavg','a#l_scip-inf-@@3',(['MeasureCode'], {('scip-inf-3',)}),{left: ("[FunctionalDependency:(s: {MeasureCode}, t: {Stateavg})]", 0.0), operator: *, right: (1.0, 1.0), result: 0.0})
now error: 0.0
newest best op: Uniop(df,'Stateavg','ak_scip-inf$-3',(['MeasureCode'], {('scip-inf-3',)}),{left: ("[FunctionalDependency:(s: {MeasureCode}, t: {Stateavg})]", 0.0), operator: *, right: (1.0, 1.0), result: 0.0})
now error: 0.0
newest best op: Uniop(df,'Stateavg','al_scip-inf-3',(['MeasureCode'], {('scip-inf-3',)}),{left: ("[FunctionalDependency:(s: {MeasureCode}, t: {Stateavg})]", 0.0), operator: *, right: (1.0, 1.0), result: 0.0})
now error: 0.0
Block processing time: 0.184306 seconds
Computing Block 36 out of 186
Processing Block size=32
begin cleaner{left: ("[FunctionalDependency:(s: {MeasureCode}, t: {Stateavg})]", 0.0), operator: *, right: (1.0, 1.0), result: 0.0}
列 'p' 不存在，对列 Stateavg 不过滤，直接选择所有非无效值。
clean_bool length:7
newest best op: Uniop(df,'Stateavg','al_ami-4',(['MeasureCode'], {('ami-4',)}),{left: ("[FunctionalDependency:(s: {MeasureCode}, t: {Stateavg})]", 0.0), operator: *, right: (1.0, 1.0), result: 0.0})
now error: 0.0
Block processing time: 0.248626 seconds
Computing Block 39 out of 186
Processing Block size=33
begin cleaner{left: ("[FunctionalDependency:(s: {MeasureCode}, t: {Stateavg})]", 0.0), operator: *, right: (1.0, 1.0), result: 0.0}
列 'p' 不存在，对列 Stateavg 不过滤，直接选择所有非无效值。
clean_bool length:8
newest best op: Uniop(df,'Stateavg','a%l_pn-5c',(['MeasureCode'], {('pn-5c',)}),{left: ("[FunctionalDependency:(s: {MeasureCode}, t: {Stateavg})]", 0.0), operator: *, right: (1.0, 1.0), result: 0.0})
now error: 0.0
newest best op: Uniop(df,'Stateavg','al_pn-5c',(['MeasureCode'], {('pn-5c',)}),{left: ("[FunctionalDependency:(s: {MeasureCode}, t: {Stateavg})]", 0.0), operator: *, right: (1.0, 1.0), result: 0.0})
now error: 0.0
Block processing time: 0.294514 seconds
Computing Block 41 out of 186
Processing Block size=32
begin cleaner{left: ("[FunctionalDependency:(s: {MeasureCode}, t: {Stateavg})]", 0.0), operator: *, right: (1.0, 1.0), result: 0.0}
列 'p' 不存在，对列 Stateavg 不过滤，直接选择所有非无效值。
clean_bool length:12
newest best op: Uniop(df,'Stateavg','al_a%mi-1',(['MeasureCode'], {('ami-1',)}),{left: ("[FunctionalDependency:(s: {MeasureCode}, t: {Stateavg})]", 0.0), operator: *, right: (1.0, 1.0), result: 0.0})
now error: 0.0
newest best op: Uniop(df,'Stateavg','al_ami-1',(['MeasureCode'], {('ami-1',)}),{left: ("[FunctionalDependency:(s: {MeasureCode}, t: {Stateavg})]", 0.0), operator: *, right: (1.0, 1.0), result: 0.0})
now error: 0.0
Block processing time: 0.425305 seconds
Computing Block 51 out of 186
Processing Block size=32
begin cleaner{left: ("[FunctionalDependency:(s: {MeasureCode}, t: {Stateavg})]", 0.0), operator: *, right: (1.0, 1.0), result: 0.0}
列 'p' 不存在，对列 Stateavg 不过滤，直接选择所有非无效值。
clean_bool length:7
newest best op: Uniop(df,'Stateavg','$al_hf-3',(['MeasureCode'], {('hf-3',)}),{left: ("[FunctionalDependency:(s: {MeasureCode}, t: {Stateavg})]", 0.0), operator: *, right: (1.0, 1.0), result: 0.0})
now error: 0.0
newest best op: Uniop(df,'Stateavg','al_hf-3',(['MeasureCode'], {('hf-3',)}),{left: ("[FunctionalDependency:(s: {MeasureCode}, t: {Stateavg})]", 0.0), operator: *, right: (1.0, 1.0), result: 0.0})
now error: 0.0
Block processing time: 0.250064 seconds
Computing Block 61 out of 186
Processing Block size=2
begin cleaner{left: ("[FunctionalDependency:(s: {MeasureCode}, t: {Stateavg})]", 0.0), operator: *, right: (1.0, 1.0), result: 0.0}
列 'p' 不存在，对列 Stateavg 不过滤，直接选择所有非无效值。
Block processing time: 0.002655 seconds
Computing Block 69 out of 186
Processing Block size=30
begin cleaner{left: ("[FunctionalDependency:(s: {MeasureCode}, t: {Stateavg})]", 0.0), operator: *, right: (1.0, 1.0), result: 0.0}
列 'p' 不存在，对列 Stateavg 不过滤，直接选择所有非无效值。
clean_bool length:7
newest best op: Uniop(df,'Stateavg','al_pn-2',(['MeasureCode'], {('pn-2',)}),{left: ("[FunctionalDependency:(s: {MeasureCode}, t: {Stateavg})]", 0.0), operator: *, right: (1.0, 1.0), result: 0.0})
now error: 0.0
Block processing time: 0.23206 seconds
Computing Block 77 out of 186
Processing Block size=30
begin cleaner{left: ("[FunctionalDependency:(s: {MeasureCode}, t: {Stateavg})]", 0.0), operator: *, right: (1.0, 1.0), result: 0.0}
列 'p' 不存在，对列 Stateavg 不过滤，直接选择所有非无效值。
clean_bool length:3
newest best op: Uniop(df,'Stateavg','al_scip-inf-4',(['MeasureCode'], {('scip-inf-4',)}),{left: ("[FunctionalDependency:(s: {MeasureCode}, t: {Stateavg})]", 0.0), operator: *, right: (1.0, 1.0), result: 0.0})
now error: 0.0
Block processing time: 0.101436 seconds
Computing Block 85 out of 186
Processing Block size=29
begin cleaner{left: ("[FunctionalDependency:(s: {MeasureCode}, t: {Stateavg})]", 0.0), operator: *, right: (1.0, 1.0), result: 0.0}
列 'p' 不存在，对列 Stateavg 不过滤，直接选择所有非无效值。
clean_bool length:6
newest best op: Uniop(df,'Stateavg','al_scip-inf-6',(['MeasureCode'], {('scip-inf-6',)}),{left: ("[FunctionalDependency:(s: {MeasureCode}, t: {Stateavg})]", 0.0), operator: *, right: (1.0, 1.0), result: 0.0})
now error: 0.0
Block processing time: 0.196964 seconds
Computing Block 96 out of 186
Processing Block size=26
begin cleaner{left: ("[FunctionalDependency:(s: {MeasureCode}, t: {Stateavg})]", 0.0), operator: *, right: (1.0, 1.0), result: 0.0}
列 'p' 不存在，对列 Stateavg 不过滤，直接选择所有非无效值。
clean_bool length:7
newest best op: Uniop(df,'Stateavg','a%l$_ami-7a',(['MeasureCode'], {('ami-7a',)}),{left: ("[FunctionalDependency:(s: {MeasureCode}, t: {Stateavg})]", 0.0), operator: *, right: (1.0, 1.0), result: 0.0})
now error: 0.0
newest best op: Uniop(df,'Stateavg','al_$ami-7a',(['MeasureCode'], {('ami-7a',)}),{left: ("[FunctionalDependency:(s: {MeasureCode}, t: {Stateavg})]", 0.0), operator: *, right: (1.0, 1.0), result: 0.0})
now error: 0.0
newest best op: Uniop(df,'Stateavg','al_ami-7a',(['MeasureCode'], {('ami-7a',)}),{left: ("[FunctionalDependency:(s: {MeasureCode}, t: {Stateavg})]", 0.0), operator: *, right: (1.0, 1.0), result: 0.0})
now error: 0.0
Block processing time: 0.20468 seconds
Computing Block 111 out of 186
Processing Block size=28
begin cleaner{left: ("[FunctionalDependency:(s: {MeasureCode}, t: {Stateavg})]", 0.0), operator: *, right: (1.0, 1.0), result: 0.0}
列 'p' 不存在，对列 Stateavg 不过滤，直接选择所有非无效值。
clean_bool length:5
newest best op: Uniop(df,'Stateavg','al_ami-5',(['MeasureCode'], {('ami-5',)}),{left: ("[FunctionalDependency:(s: {MeasureCode}, t: {Stateavg})]", 0.0), operator: *, right: (1.0, 1.0), result: 0.0})
now error: 0.0
Block processing time: 0.156273 seconds
Computing Block 115 out of 186
Processing Block size=27
begin cleaner{left: ("[FunctionalDependency:(s: {MeasureCode}, t: {Stateavg})]", 0.0), operator: *, right: (1.0, 1.0), result: 0.0}
列 'p' 不存在，对列 Stateavg 不过滤，直接选择所有非无效值。
clean_bool length:7
newest best op: Uniop(df,'Stateavg','al_ami-8a',(['MeasureCode'], {('ami-8a',)}),{left: ("[FunctionalDependency:(s: {MeasureCode}, t: {Stateavg})]", 0.0), operator: *, right: (1.0, 1.0), result: 0.0})
now error: 0.0
Block processing time: 0.211447 seconds
Computing Block 117 out of 186
Processing Block size=32
begin cleaner{left: ("[FunctionalDependency:(s: {MeasureCode}, t: {Stateavg})]", 0.0), operator: *, right: (1.0, 1.0), result: 0.0}
列 'p' 不存在，对列 Stateavg 不过滤，直接选择所有非无效值。
clean_bool length:8
newest best op: Uniop(df,'Stateavg','al_scip-inf-2',(['MeasureCode'], {('scip-inf-2',)}),{left: ("[FunctionalDependency:(s: {MeasureCode}, t: {Stateavg})]", 0.0), operator: *, right: (1.0, 1.0), result: 0.0})
now error: 0.0
Block processing time: 0.290447 seconds
Computing Block 122 out of 186
Processing Block size=29
begin cleaner{left: ("[FunctionalDependency:(s: {MeasureCode}, t: {Stateavg})]", 0.0), operator: *, right: (1.0, 1.0), result: 0.0}
列 'p' 不存在，对列 Stateavg 不过滤，直接选择所有非无效值。
clean_bool length:7
newest best op: Uniop(df,'Stateavg','al_s$cip-card-2',(['MeasureCode'], {('scip-card-2',)}),{left: ("[FunctionalDependency:(s: {MeasureCode}, t: {Stateavg})]", 0.0), operator: *, right: (1.0, 1.0), result: 0.0})
now error: 0.0
newest best op: Uniop(df,'Stateavg','al_scip-card-2',(['MeasureCode'], {('scip-card-2',)}),{left: ("[FunctionalDependency:(s: {MeasureCode}, t: {Stateavg})]", 0.0), operator: *, right: (1.0, 1.0), result: 0.0})
now error: 0.0
Block processing time: 0.232364 seconds
Computing Block 128 out of 186
Processing Block size=30
begin cleaner{left: ("[FunctionalDependency:(s: {MeasureCode}, t: {Stateavg})]", 0.0), operator: *, right: (1.0, 1.0), result: 0.0}
列 'p' 不存在，对列 Stateavg 不过滤，直接选择所有非无效值。
clean_bool length:8
newest best op: Uniop(df,'Stateavg','al_??p#n-6',(['MeasureCode'], {('pn-6',)}),{left: ("[FunctionalDependency:(s: {MeasureCode}, t: {Stateavg})]", 0.0), operator: *, right: (1.0, 1.0), result: 0.0})
now error: 0.0
newest best op: Uniop(df,'Stateavg','ak_pn-6',(['MeasureCode'], {('pn-6',)}),{left: ("[FunctionalDependency:(s: {MeasureCode}, t: {Stateavg})]", 0.0), operator: *, right: (1.0, 1.0), result: 0.0})
now error: 0.0
newest best op: Uniop(df,'Stateavg','al_pn-6',(['MeasureCode'], {('pn-6',)}),{left: ("[FunctionalDependency:(s: {MeasureCode}, t: {Stateavg})]", 0.0), operator: *, right: (1.0, 1.0), result: 0.0})
now error: 0.0
Block processing time: 0.265972 seconds
Computing Block 130 out of 186
Processing Block size=31
begin cleaner{left: ("[FunctionalDependency:(s: {MeasureCode}, t: {Stateavg})]", 0.0), operator: *, right: (1.0, 1.0), result: 0.0}
列 'p' 不存在，对列 Stateavg 不过滤，直接选择所有非无效值。
clean_bool length:6
newest best op: Uniop(df,'Stateavg','al_hf-2@@',(['MeasureCode'], {('hf-2',)}),{left: ("[FunctionalDependency:(s: {MeasureCode}, t: {Stateavg})]", 0.0), operator: *, right: (1.0, 1.0), result: 0.0})
now error: 0.0
newest best op: Uniop(df,'Stateavg','al_hf-2',(['MeasureCode'], {('hf-2',)}),{left: ("[FunctionalDependency:(s: {MeasureCode}, t: {Stateavg})]", 0.0), operator: *, right: (1.0, 1.0), result: 0.0})
now error: 0.0
Block processing time: 0.206141 seconds
Computing Block 147 out of 186
Processing Block size=28
begin cleaner{left: ("[FunctionalDependency:(s: {MeasureCode}, t: {Stateavg})]", 0.0), operator: *, right: (1.0, 1.0), result: 0.0}
列 'p' 不存在，对列 Stateavg 不过滤，直接选择所有非无效值。
clean_bool length:8
newest best op: Uniop(df,'Stateavg','al_sci??p-i@@nf-1',(['MeasureCode'], {('scip-inf-1',)}),{left: ("[FunctionalDependency:(s: {MeasureCode}, t: {Stateavg})]", 0.0), operator: *, right: (1.0, 1.0), result: 0.0})
now error: 0.0
newest best op: Uniop(df,'Stateavg','al_sc@@ip-inf-1',(['MeasureCode'], {('scip-inf-1',)}),{left: ("[FunctionalDependency:(s: {MeasureCode}, t: {Stateavg})]", 0.0), operator: *, right: (1.0, 1.0), result: 0.0})
now error: 0.0
newest best op: Uniop(df,'Stateavg','al_scip-inf-1',(['MeasureCode'], {('scip-inf-1',)}),{left: ("[FunctionalDependency:(s: {MeasureCode}, t: {Stateavg})]", 0.0), operator: *, right: (1.0, 1.0), result: 0.0})
now error: 0.0
Block processing time: 0.258591 seconds
Computing Block 151 out of 186
Processing Block size=26
begin cleaner{left: ("[FunctionalDependency:(s: {MeasureCode}, t: {Stateavg})]", 0.0), operator: *, right: (1.0, 1.0), result: 0.0}
列 'p' 不存在，对列 Stateavg 不过滤，直接选择所有非无效值。
clean_bool length:6
newest best op: Uniop(df,'Stateavg','al_scip-vte-2',(['MeasureCode'], {('scip-vte-2',)}),{left: ("[FunctionalDependency:(s: {MeasureCode}, t: {Stateavg})]", 0.0), operator: *, right: (1.0, 1.0), result: 0.0})
now error: 0.0
Block processing time: 0.178976 seconds
Computing Block 155 out of 186
Processing Block size=2
begin cleaner{left: ("[FunctionalDependency:(s: {MeasureCode}, t: {Stateavg})]", 0.0), operator: *, right: (1.0, 1.0), result: 0.0}
列 'p' 不存在，对列 Stateavg 不过滤，直接选择所有非无效值。
Block processing time: 0.002632 seconds
Computing Block 159 out of 186
Processing Block size=29
begin cleaner{left: ("[FunctionalDependency:(s: {MeasureCode}, t: {Stateavg})]", 0.0), operator: *, right: (1.0, 1.0), result: 0.0}
列 'p' 不存在，对列 Stateavg 不过滤，直接选择所有非无效值。
clean_bool length:7
newest best op: Uniop(df,'Stateavg','al_hf-1',(['MeasureCode'], {('hf-1',)}),{left: ("[FunctionalDependency:(s: {MeasureCode}, t: {Stateavg})]", 0.0), operator: *, right: (1.0, 1.0), result: 0.0})
now error: 0.0
Block processing time: 0.225791 seconds
Computing Block 167 out of 186
Processing Block size=2
begin cleaner{left: ("[FunctionalDependency:(s: {MeasureCode}, t: {Stateavg})]", 0.0), operator: *, right: (1.0, 1.0), result: 0.0}
列 'p' 不存在，对列 Stateavg 不过滤，直接选择所有非无效值。
clean_bool length:3
newest best op: Uniop(df,'Stateavg','al_hf-2',(['MeasureCode'], {('hf-2%',)}),{left: ("[FunctionalDependency:(s: {MeasureCode}, t: {Stateavg})]", 0.0), operator: *, right: (1.0, 1.0), result: 0.0})
now error: 0.0
Block processing time: 0.008341 seconds
Computing Block 171 out of 186
Processing Block size=27
begin cleaner{left: ("[FunctionalDependency:(s: {MeasureCode}, t: {Stateavg})]", 0.0), operator: *, right: (1.0, 1.0), result: 0.0}
列 'p' 不存在，对列 Stateavg 不过滤，直接选择所有非无效值。
clean_bool length:6
newest best op: Uniop(df,'Stateavg','al_p??n-7',(['MeasureCode'], {('pn-7',)}),{left: ("[FunctionalDependency:(s: {MeasureCode}, t: {Stateavg})]", 0.0), operator: *, right: (1.0, 1.0), result: 0.0})
now error: 0.0
newest best op: Uniop(df,'Stateavg','al_pn-7',(['MeasureCode'], {('pn-7',)}),{left: ("[FunctionalDependency:(s: {MeasureCode}, t: {Stateavg})]", 0.0), operator: *, right: (1.0, 1.0), result: 0.0})
now error: 0.0
Block processing time: 0.180741 seconds
Computing Block 177 out of 186
Processing Block size=28
begin cleaner{left: ("[FunctionalDependency:(s: {MeasureCode}, t: {Stateavg})]", 0.0), operator: *, right: (1.0, 1.0), result: 0.0}
列 'p' 不存在，对列 Stateavg 不过滤，直接选择所有非无效值。
clean_bool length:9
newest best op: Uniop(df,'Stateavg','a@@l_h??f-4',(['MeasureCode'], {('hf-4',)}),{left: ("[FunctionalDependency:(s: {MeasureCode}, t: {Stateavg})]", 0.0), operator: *, right: (1.0, 1.0), result: 0.0})
now error: 0.0
newest best op: Uniop(df,'Stateavg','al_@$@hf-4',(['MeasureCode'], {('hf-4',)}),{left: ("[FunctionalDependency:(s: {MeasureCode}, t: {Stateavg})]", 0.0), operator: *, right: (1.0, 1.0), result: 0.0})
now error: 0.0
newest best op: Uniop(df,'Stateavg','al_h$f-4%',(['MeasureCode'], {('hf-4',)}),{left: ("[FunctionalDependency:(s: {MeasureCode}, t: {Stateavg})]", 0.0), operator: *, right: (1.0, 1.0), result: 0.0})
now error: 0.0
newest best op: Uniop(df,'Stateavg','al_hf-4',(['MeasureCode'], {('hf-4',)}),{left: ("[FunctionalDependency:(s: {MeasureCode}, t: {Stateavg})]", 0.0), operator: *, right: (1.0, 1.0), result: 0.0})
now error: 0.0
Block processing time: 0.280265 seconds
  当前节点: Stateavg 有 26 个清洗操作
  当前节点: Condition 存在可用清洗信号
数据块大小: 1000
分块属性:
[['MeasureCode']]
Starting initial block mapping...
Initial number of blocks: 187
Final number of blocks after further splitting: 186
Computing Block 1 out of 186
Processing Block size=31
begin cleaner[FunctionalDependency:(s: {'MeasureCode'}, t: {'Condition'})]*1.0
列 'p' 不存在，对列 Condition 不过滤，直接选择所有非无效值。
clean_bool length:5
newest best op: Uniop(df,'Condition','pneumoni%a',(['MeasureCode'], {('pn-3b',)}),{left: ("[FunctionalDependency:(s: {MeasureCode}, t: {Condition})]", 0.0), operator: *, right: (1.0, 1.0), result: 0.0})
now error: 0.0
newest best op: Uniop(df,'Condition','pneumonia',(['MeasureCode'], {('pn-3b',)}),{left: ("[FunctionalDependency:(s: {MeasureCode}, t: {Condition})]", 0.0), operator: *, right: (1.0, 1.0), result: 0.0})
now error: 0.0
Block processing time: 0.175708 seconds
Computing Block 2 out of 186
Processing Block size=30
begin cleaner{left: ("[FunctionalDependency:(s: {MeasureCode}, t: {Condition})]", 0.0), operator: *, right: (1.0, 1.0), result: 0.0}
列 'p' 不存在，对列 Condition 不过滤，直接选择所有非无效值。
clean_bool length:2
newest best op: Uniop(df,'Condition','pneumonia',(['MeasureCode'], {('pn-4',)}),{left: ("[FunctionalDependency:(s: {MeasureCode}, t: {Condition})]", 0.0), operator: *, right: (1.0, 1.0), result: 0.0})
now error: 0.0
Block processing time: 0.067336 seconds
Computing Block 8 out of 186
Processing Block size=29
begin cleaner{left: ("[FunctionalDependency:(s: {MeasureCode}, t: {Condition})]", 0.0), operator: *, right: (1.0, 1.0), result: 0.0}
列 'p' 不存在，对列 Condition 不过滤，直接选择所有非无效值。
clean_bool length:6
newest best op: Uniop(df,'Condition','he%ar%t attack',(['MeasureCode'], {('ami-3',)}),{left: ("[FunctionalDependency:(s: {MeasureCode}, t: {Condition})]", 0.0), operator: *, right: (1.0, 1.0), result: 0.0})
now error: 0.0
newest best op: Uniop(df,'Condition','heart attack',(['MeasureCode'], {('ami-3',)}),{left: ("[FunctionalDependency:(s: {MeasureCode}, t: {Condition})]", 0.0), operator: *, right: (1.0, 1.0), result: 0.0})
now error: 0.0
Block processing time: 0.198798 seconds
Computing Block 17 out of 186
Processing Block size=25
begin cleaner{left: ("[FunctionalDependency:(s: {MeasureCode}, t: {Condition})]", 0.0), operator: *, right: (1.0, 1.0), result: 0.0}
列 'p' 不存在，对列 Condition 不过滤，直接选择所有非无效值。
clean_bool length:4
newest best op: Uniop(df,'Condition','surgical $infection prevention',(['MeasureCode'], {('scip-vte-1',)}),{left: ("[FunctionalDependency:(s: {MeasureCode}, t: {Condition})]", 0.0), operator: *, right: (1.0, 1.0), result: 0.0})
now error: 0.0
newest best op: Uniop(df,'Condition','surgical infection prevention',(['MeasureCode'], {('scip-vte-1',)}),{left: ("[FunctionalDependency:(s: {MeasureCode}, t: {Condition})]", 0.0), operator: *, right: (1.0, 1.0), result: 0.0})
now error: 0.0
Block processing time: 0.122917 seconds
Computing Block 20 out of 186
Processing Block size=2
begin cleaner{left: ("[FunctionalDependency:(s: {MeasureCode}, t: {Condition})]", 0.0), operator: *, right: (1.0, 1.0), result: 0.0}
列 'p' 不存在，对列 Condition 不过滤，直接选择所有非无效值。
Block processing time: 0.002599 seconds
Computing Block 24 out of 186
Processing Block size=30
begin cleaner{left: ("[FunctionalDependency:(s: {MeasureCode}, t: {Condition})]", 0.0), operator: *, right: (1.0, 1.0), result: 0.0}
列 'p' 不存在，对列 Condition 不过滤，直接选择所有非无效值。
clean_bool length:4
newest best op: Uniop(df,'Condition','%heart attack',(['MeasureCode'], {('ami-2',)}),{left: ("[FunctionalDependency:(s: {MeasureCode}, t: {Condition})]", 0.0), operator: *, right: (1.0, 1.0), result: 0.0})
now error: 0.0
newest best op: Uniop(df,'Condition','heart attack',(['MeasureCode'], {('ami-2',)}),{left: ("[FunctionalDependency:(s: {MeasureCode}, t: {Condition})]", 0.0), operator: *, right: (1.0, 1.0), result: 0.0})
now error: 0.0
Block processing time: 0.135934 seconds
Computing Block 29 out of 186
Processing Block size=27
begin cleaner{left: ("[FunctionalDependency:(s: {MeasureCode}, t: {Condition})]", 0.0), operator: *, right: (1.0, 1.0), result: 0.0}
列 'p' 不存在，对列 Condition 不过滤，直接选择所有非无效值。
clean_bool length:7
newest best op: Uniop(df,'Condition','s%urgical infection prevention',(['MeasureCode'], {('scip-inf-3',)}),{left: ("[FunctionalDependency:(s: {MeasureCode}, t: {Condition})]", 0.0), operator: *, right: (1.0, 1.0), result: 0.0})
now error: 0.0
newest best op: Uniop(df,'Condition','surgical infection prevention',(['MeasureCode'], {('scip-inf-3',)}),{left: ("[FunctionalDependency:(s: {MeasureCode}, t: {Condition})]", 0.0), operator: *, right: (1.0, 1.0), result: 0.0})
now error: 0.0
Block processing time: 0.241661 seconds
Computing Block 36 out of 186
Processing Block size=32
begin cleaner{left: ("[FunctionalDependency:(s: {MeasureCode}, t: {Condition})]", 0.0), operator: *, right: (1.0, 1.0), result: 0.0}
列 'p' 不存在，对列 Condition 不过滤，直接选择所有非无效值。
clean_bool length:6
newest best op: Uniop(df,'Condition','heart attack',(['MeasureCode'], {('ami-4',)}),{left: ("[FunctionalDependency:(s: {MeasureCode}, t: {Condition})]", 0.0), operator: *, right: (1.0, 1.0), result: 0.0})
now error: 0.0
Block processing time: 0.217111 seconds
Computing Block 39 out of 186
Processing Block size=33
begin cleaner{left: ("[FunctionalDependency:(s: {MeasureCode}, t: {Condition})]", 0.0), operator: *, right: (1.0, 1.0), result: 0.0}
列 'p' 不存在，对列 Condition 不过滤，直接选择所有非无效值。
clean_bool length:8
newest best op: Uniop(df,'Condition','pneumonia??',(['MeasureCode'], {('pn-5c',)}),{left: ("[FunctionalDependency:(s: {MeasureCode}, t: {Condition})]", 0.0), operator: *, right: (1.0, 1.0), result: 0.0})
now error: 0.0
newest best op: Uniop(df,'Condition','pneu$monia',(['MeasureCode'], {('pn-5c',)}),{left: ("[FunctionalDependency:(s: {MeasureCode}, t: {Condition})]", 0.0), operator: *, right: (1.0, 1.0), result: 0.0})
now error: 0.0
newest best op: Uniop(df,'Condition','pneumonia',(['MeasureCode'], {('pn-5c',)}),{left: ("[FunctionalDependency:(s: {MeasureCode}, t: {Condition})]", 0.0), operator: *, right: (1.0, 1.0), result: 0.0})
now error: 0.0
Block processing time: 0.297374 seconds
Computing Block 41 out of 186
Processing Block size=32
begin cleaner{left: ("[FunctionalDependency:(s: {MeasureCode}, t: {Condition})]", 0.0), operator: *, right: (1.0, 1.0), result: 0.0}
列 'p' 不存在，对列 Condition 不过滤，直接选择所有非无效值。
clean_bool length:5
newest best op: Uniop(df,'Condition','heart attack',(['MeasureCode'], {('ami-1',)}),{left: ("[FunctionalDependency:(s: {MeasureCode}, t: {Condition})]", 0.0), operator: *, right: (1.0, 1.0), result: 0.0})
now error: 0.0
Block processing time: 0.181835 seconds
Computing Block 51 out of 186
Processing Block size=32
begin cleaner{left: ("[FunctionalDependency:(s: {MeasureCode}, t: {Condition})]", 0.0), operator: *, right: (1.0, 1.0), result: 0.0}
列 'p' 不存在，对列 Condition 不过滤，直接选择所有非无效值。
clean_bool length:7
newest best op: Uniop(df,'Condition','heart fa@@ilu#re',(['MeasureCode'], {('hf-3',)}),{left: ("[FunctionalDependency:(s: {MeasureCode}, t: {Condition})]", 0.0), operator: *, right: (1.0, 1.0), result: 0.0})
now error: 0.0
newest best op: Uniop(df,'Condition','he@@art failure',(['MeasureCode'], {('hf-3',)}),{left: ("[FunctionalDependency:(s: {MeasureCode}, t: {Condition})]", 0.0), operator: *, right: (1.0, 1.0), result: 0.0})
now error: 0.0
newest best op: Uniop(df,'Condition','heart failure',(['MeasureCode'], {('hf-3',)}),{left: ("[FunctionalDependency:(s: {MeasureCode}, t: {Condition})]", 0.0), operator: *, right: (1.0, 1.0), result: 0.0})
now error: 0.0
Block processing time: 0.256662 seconds
Computing Block 61 out of 186
Processing Block size=2
begin cleaner{left: ("[FunctionalDependency:(s: {MeasureCode}, t: {Condition})]", 0.0), operator: *, right: (1.0, 1.0), result: 0.0}
列 'p' 不存在，对列 Condition 不过滤，直接选择所有非无效值。
clean_bool length:3
newest best op: Uniop(df,'Condition','children s asthma care',(['MeasureCode'], {('cac-3',)}),{left: ("[FunctionalDependency:(s: {MeasureCode}, t: {Condition})]", 0.0), operator: *, right: (1.0, 1.0), result: 0.0})
now error: 0.0
Block processing time: 0.008802 seconds
Computing Block 69 out of 186
Processing Block size=30
begin cleaner{left: ("[FunctionalDependency:(s: {MeasureCode}, t: {Condition})]", 0.0), operator: *, right: (1.0, 1.0), result: 0.0}
列 'p' 不存在，对列 Condition 不过滤，直接选择所有非无效值。
clean_bool length:6
newest best op: Uniop(df,'Condition','%pne%umonia',(['MeasureCode'], {('pn-2',)}),{left: ("[FunctionalDependency:(s: {MeasureCode}, t: {Condition})]", 0.0), operator: *, right: (1.0, 1.0), result: 0.0})
now error: 0.0
newest best op: Uniop(df,'Condition','p#neu#monia',(['MeasureCode'], {('pn-2',)}),{left: ("[FunctionalDependency:(s: {MeasureCode}, t: {Condition})]", 0.0), operator: *, right: (1.0, 1.0), result: 0.0})
now error: 0.0
newest best op: Uniop(df,'Condition','pneumonia',(['MeasureCode'], {('pn-2',)}),{left: ("[FunctionalDependency:(s: {MeasureCode}, t: {Condition})]", 0.0), operator: *, right: (1.0, 1.0), result: 0.0})
now error: 0.0
Block processing time: 0.200814 seconds
Computing Block 77 out of 186
Processing Block size=30
begin cleaner{left: ("[FunctionalDependency:(s: {MeasureCode}, t: {Condition})]", 0.0), operator: *, right: (1.0, 1.0), result: 0.0}
列 'p' 不存在，对列 Condition 不过滤，直接选择所有非无效值。
clean_bool length:6
newest best op: Uniop(df,'Condition','surgical infection p$re#vention',(['MeasureCode'], {('scip-inf-4',)}),{left: ("[FunctionalDependency:(s: {MeasureCode}, t: {Condition})]", 0.0), operator: *, right: (1.0, 1.0), result: 0.0})
now error: 0.0
newest best op: Uniop(df,'Condition','surgical infection prevention',(['MeasureCode'], {('scip-inf-4',)}),{left: ("[FunctionalDependency:(s: {MeasureCode}, t: {Condition})]", 0.0), operator: *, right: (1.0, 1.0), result: 0.0})
now error: 0.0
Block processing time: 0.228155 seconds
Computing Block 85 out of 186
Processing Block size=29
begin cleaner{left: ("[FunctionalDependency:(s: {MeasureCode}, t: {Condition})]", 0.0), operator: *, right: (1.0, 1.0), result: 0.0}
列 'p' 不存在，对列 Condition 不过滤，直接选择所有非无效值。
clean_bool length:3
newest best op: Uniop(df,'Condition','surgical infection preventi$on??',(['MeasureCode'], {('scip-inf-6',)}),{left: ("[FunctionalDependency:(s: {MeasureCode}, t: {Condition})]", 0.0), operator: *, right: (1.0, 1.0), result: 0.0})
now error: 0.0
newest best op: Uniop(df,'Condition','surgical infection prevention',(['MeasureCode'], {('scip-inf-6',)}),{left: ("[FunctionalDependency:(s: {MeasureCode}, t: {Condition})]", 0.0), operator: *, right: (1.0, 1.0), result: 0.0})
now error: 0.0
Block processing time: 0.104974 seconds
Computing Block 96 out of 186
Processing Block size=26
begin cleaner{left: ("[FunctionalDependency:(s: {MeasureCode}, t: {Condition})]", 0.0), operator: *, right: (1.0, 1.0), result: 0.0}
列 'p' 不存在，对列 Condition 不过滤，直接选择所有非无效值。
clean_bool length:7
newest best op: Uniop(df,'Condition','he??art attac@@k',(['MeasureCode'], {('ami-7a',)}),{left: ("[FunctionalDependency:(s: {MeasureCode}, t: {Condition})]", 0.0), operator: *, right: (1.0, 1.0), result: 0.0})
now error: 0.0
newest best op: Uniop(df,'Condition','heart attack',(['MeasureCode'], {('ami-7a',)}),{left: ("[FunctionalDependency:(s: {MeasureCode}, t: {Condition})]", 0.0), operator: *, right: (1.0, 1.0), result: 0.0})
now error: 0.0
Block processing time: 0.206335 seconds
Computing Block 111 out of 186
Processing Block size=28
begin cleaner{left: ("[FunctionalDependency:(s: {MeasureCode}, t: {Condition})]", 0.0), operator: *, right: (1.0, 1.0), result: 0.0}
列 'p' 不存在，对列 Condition 不过滤，直接选择所有非无效值。
clean_bool length:7
newest best op: Uniop(df,'Condition','heart at@@tack',(['MeasureCode'], {('ami-5',)}),{left: ("[FunctionalDependency:(s: {MeasureCode}, t: {Condition})]", 0.0), operator: *, right: (1.0, 1.0), result: 0.0})
now error: 0.0
newest best op: Uniop(df,'Condition','heart attack',(['MeasureCode'], {('ami-5',)}),{left: ("[FunctionalDependency:(s: {MeasureCode}, t: {Condition})]", 0.0), operator: *, right: (1.0, 1.0), result: 0.0})
now error: 0.0
Block processing time: 0.222238 seconds
Computing Block 115 out of 186
Processing Block size=27
begin cleaner{left: ("[FunctionalDependency:(s: {MeasureCode}, t: {Condition})]", 0.0), operator: *, right: (1.0, 1.0), result: 0.0}
列 'p' 不存在，对列 Condition 不过滤，直接选择所有非无效值。
clean_bool length:7
newest best op: Uniop(df,'Condition','heart attack',(['MeasureCode'], {('ami-8a',)}),{left: ("[FunctionalDependency:(s: {MeasureCode}, t: {Condition})]", 0.0), operator: *, right: (1.0, 1.0), result: 0.0})
now error: 0.0
Block processing time: 0.21771 seconds
Computing Block 117 out of 186
Processing Block size=32
begin cleaner{left: ("[FunctionalDependency:(s: {MeasureCode}, t: {Condition})]", 0.0), operator: *, right: (1.0, 1.0), result: 0.0}
列 'p' 不存在，对列 Condition 不过滤，直接选择所有非无效值。
clean_bool length:9
newest best op: Uniop(df,'Condition','surgical infection p$revent??ion',(['MeasureCode'], {('scip-inf-2',)}),{left: ("[FunctionalDependency:(s: {MeasureCode}, t: {Condition})]", 0.0), operator: *, right: (1.0, 1.0), result: 0.0})
now error: 0.0
newest best op: Uniop(df,'Condition','surgical infection $prevention',(['MeasureCode'], {('scip-inf-2',)}),{left: ("[FunctionalDependency:(s: {MeasureCode}, t: {Condition})]", 0.0), operator: *, right: (1.0, 1.0), result: 0.0})
now error: 0.0
newest best op: Uniop(df,'Condition','surgical infection prevention',(['MeasureCode'], {('scip-inf-2',)}),{left: ("[FunctionalDependency:(s: {MeasureCode}, t: {Condition})]", 0.0), operator: *, right: (1.0, 1.0), result: 0.0})
now error: 0.0
Block processing time: 0.377866 seconds
Computing Block 122 out of 186
Processing Block size=29
begin cleaner{left: ("[FunctionalDependency:(s: {MeasureCode}, t: {Condition})]", 0.0), operator: *, right: (1.0, 1.0), result: 0.0}
列 'p' 不存在，对列 Condition 不过滤，直接选择所有非无效值。
clean_bool length:9
newest best op: Uniop(df,'Condition','s%urgical infection prev??ention',(['MeasureCode'], {('scip-card-2',)}),{left: ("[FunctionalDependency:(s: {MeasureCode}, t: {Condition})]", 0.0), operator: *, right: (1.0, 1.0), result: 0.0})
now error: 0.0
newest best op: Uniop(df,'Condition','surgic$al infection prevention',(['MeasureCode'], {('scip-card-2',)}),{left: ("[FunctionalDependency:(s: {MeasureCode}, t: {Condition})]", 0.0), operator: *, right: (1.0, 1.0), result: 0.0})
now error: 0.0
newest best op: Uniop(df,'Condition','surgical infection prevention',(['MeasureCode'], {('scip-card-2',)}),{left: ("[FunctionalDependency:(s: {MeasureCode}, t: {Condition})]", 0.0), operator: *, right: (1.0, 1.0), result: 0.0})
now error: 0.0
Block processing time: 0.343262 seconds
Computing Block 128 out of 186
Processing Block size=30
begin cleaner{left: ("[FunctionalDependency:(s: {MeasureCode}, t: {Condition})]", 0.0), operator: *, right: (1.0, 1.0), result: 0.0}
列 'p' 不存在，对列 Condition 不过滤，直接选择所有非无效值。
clean_bool length:5
newest best op: Uniop(df,'Condition','@@pne??umonia',(['MeasureCode'], {('pn-6',)}),{left: ("[FunctionalDependency:(s: {MeasureCode}, t: {Condition})]", 0.0), operator: *, right: (1.0, 1.0), result: 0.0})
now error: 0.0
newest best op: Uniop(df,'Condition','#pneumonia',(['MeasureCode'], {('pn-6',)}),{left: ("[FunctionalDependency:(s: {MeasureCode}, t: {Condition})]", 0.0), operator: *, right: (1.0, 1.0), result: 0.0})
now error: 0.0
newest best op: Uniop(df,'Condition','pneumonia',(['MeasureCode'], {('pn-6',)}),{left: ("[FunctionalDependency:(s: {MeasureCode}, t: {Condition})]", 0.0), operator: *, right: (1.0, 1.0), result: 0.0})
now error: 0.0
Block processing time: 0.167807 seconds
Computing Block 130 out of 186
Processing Block size=31
begin cleaner{left: ("[FunctionalDependency:(s: {MeasureCode}, t: {Condition})]", 0.0), operator: *, right: (1.0, 1.0), result: 0.0}
列 'p' 不存在，对列 Condition 不过滤，直接选择所有非无效值。
clean_bool length:6
newest best op: Uniop(df,'Condition','heart fai%lure',(['MeasureCode'], {('hf-2',)}),{left: ("[FunctionalDependency:(s: {MeasureCode}, t: {Condition})]", 0.0), operator: *, right: (1.0, 1.0), result: 0.0})
now error: 0.0
newest best op: Uniop(df,'Condition','heart failure',(['MeasureCode'], {('hf-2',)}),{left: ("[FunctionalDependency:(s: {MeasureCode}, t: {Condition})]", 0.0), operator: *, right: (1.0, 1.0), result: 0.0})
now error: 0.0
Block processing time: 0.211674 seconds
Computing Block 147 out of 186
Processing Block size=28
begin cleaner{left: ("[FunctionalDependency:(s: {MeasureCode}, t: {Condition})]", 0.0), operator: *, right: (1.0, 1.0), result: 0.0}
列 'p' 不存在，对列 Condition 不过滤，直接选择所有非无效值。
clean_bool length:5
newest best op: Uniop(df,'Condition','surgical in%fection prevention',(['MeasureCode'], {('scip-inf-1',)}),{left: ("[FunctionalDependency:(s: {MeasureCode}, t: {Condition})]", 0.0), operator: *, right: (1.0, 1.0), result: 0.0})
now error: 0.0
newest best op: Uniop(df,'Condition','surgical infection prevention',(['MeasureCode'], {('scip-inf-1',)}),{left: ("[FunctionalDependency:(s: {MeasureCode}, t: {Condition})]", 0.0), operator: *, right: (1.0, 1.0), result: 0.0})
now error: 0.0
Block processing time: 0.177953 seconds
Computing Block 151 out of 186
Processing Block size=26
begin cleaner{left: ("[FunctionalDependency:(s: {MeasureCode}, t: {Condition})]", 0.0), operator: *, right: (1.0, 1.0), result: 0.0}
列 'p' 不存在，对列 Condition 不过滤，直接选择所有非无效值。
clean_bool length:7
newest best op: Uniop(df,'Condition','surgical #infectio@@n prevention',(['MeasureCode'], {('scip-vte-2',)}),{left: ("[FunctionalDependency:(s: {MeasureCode}, t: {Condition})]", 0.0), operator: *, right: (1.0, 1.0), result: 0.0})
now error: 0.0
newest best op: Uniop(df,'Condition','surgi$cal inf#ection prevention',(['MeasureCode'], {('scip-vte-2',)}),{left: ("[FunctionalDependency:(s: {MeasureCode}, t: {Condition})]", 0.0), operator: *, right: (1.0, 1.0), result: 0.0})
now error: 0.0
newest best op: Uniop(df,'Condition','surgical infection prevention',(['MeasureCode'], {('scip-vte-2',)}),{left: ("[FunctionalDependency:(s: {MeasureCode}, t: {Condition})]", 0.0), operator: *, right: (1.0, 1.0), result: 0.0})
now error: 0.0
Block processing time: 0.235103 seconds
Computing Block 155 out of 186
Processing Block size=2
begin cleaner{left: ("[FunctionalDependency:(s: {MeasureCode}, t: {Condition})]", 0.0), operator: *, right: (1.0, 1.0), result: 0.0}
列 'p' 不存在，对列 Condition 不过滤，直接选择所有非无效值。
clean_bool length:3
newest best op: Uniop(df,'Condition','child#ren s asthma ca%re',(['MeasureCode'], {('cac-2',)}),{left: ("[FunctionalDependency:(s: {MeasureCode}, t: {Condition})]", 0.0), operator: *, right: (1.0, 1.0), result: 0.0})
now error: 0.0
Block processing time: 0.008537 seconds
Computing Block 159 out of 186
Processing Block size=29
begin cleaner{left: ("[FunctionalDependency:(s: {MeasureCode}, t: {Condition})]", 0.0), operator: *, right: (1.0, 1.0), result: 0.0}
列 'p' 不存在，对列 Condition 不过滤，直接选择所有非无效值。
clean_bool length:7
newest best op: Uniop(df,'Condition','heart f??ailur%e',(['MeasureCode'], {('hf-1',)}),{left: ("[FunctionalDependency:(s: {MeasureCode}, t: {Condition})]", 0.0), operator: *, right: (1.0, 1.0), result: 0.0})
now error: 0.0
newest best op: Uniop(df,'Condition','@@heart failure',(['MeasureCode'], {('hf-1',)}),{left: ("[FunctionalDependency:(s: {MeasureCode}, t: {Condition})]", 0.0), operator: *, right: (1.0, 1.0), result: 0.0})
now error: 0.0
newest best op: Uniop(df,'Condition','#heart failure',(['MeasureCode'], {('hf-1',)}),{left: ("[FunctionalDependency:(s: {MeasureCode}, t: {Condition})]", 0.0), operator: *, right: (1.0, 1.0), result: 0.0})
now error: 0.0
newest best op: Uniop(df,'Condition','heart failure',(['MeasureCode'], {('hf-1',)}),{left: ("[FunctionalDependency:(s: {MeasureCode}, t: {Condition})]", 0.0), operator: *, right: (1.0, 1.0), result: 0.0})
now error: 0.0
Block processing time: 0.23258 seconds
Computing Block 167 out of 186
Processing Block size=2
begin cleaner{left: ("[FunctionalDependency:(s: {MeasureCode}, t: {Condition})]", 0.0), operator: *, right: (1.0, 1.0), result: 0.0}
列 'p' 不存在，对列 Condition 不过滤，直接选择所有非无效值。
clean_bool length:3
newest best op: Uniop(df,'Condition','heart failure',(['MeasureCode'], {('hf-2%',)}),{left: ("[FunctionalDependency:(s: {MeasureCode}, t: {Condition})]", 0.0), operator: *, right: (1.0, 1.0), result: 0.0})
now error: 0.0
Block processing time: 0.008704 seconds
Computing Block 171 out of 186
Processing Block size=27
begin cleaner{left: ("[FunctionalDependency:(s: {MeasureCode}, t: {Condition})]", 0.0), operator: *, right: (1.0, 1.0), result: 0.0}
列 'p' 不存在，对列 Condition 不过滤，直接选择所有非无效值。
clean_bool length:4
newest best op: Uniop(df,'Condition','pneum??onia',(['MeasureCode'], {('pn-7',)}),{left: ("[FunctionalDependency:(s: {MeasureCode}, t: {Condition})]", 0.0), operator: *, right: (1.0, 1.0), result: 0.0})
now error: 0.0
newest best op: Uniop(df,'Condition','pneumonia',(['MeasureCode'], {('pn-7',)}),{left: ("[FunctionalDependency:(s: {MeasureCode}, t: {Condition})]", 0.0), operator: *, right: (1.0, 1.0), result: 0.0})
now error: 0.0
Block processing time: 0.121592 seconds
Computing Block 177 out of 186
Processing Block size=28
begin cleaner{left: ("[FunctionalDependency:(s: {MeasureCode}, t: {Condition})]", 0.0), operator: *, right: (1.0, 1.0), result: 0.0}
列 'p' 不存在，对列 Condition 不过滤，直接选择所有非无效值。
clean_bool length:7
newest best op: Uniop(df,'Condition','h$eart failure',(['MeasureCode'], {('hf-4',)}),{left: ("[FunctionalDependency:(s: {MeasureCode}, t: {Condition})]", 0.0), operator: *, right: (1.0, 1.0), result: 0.0})
now error: 0.0
newest best op: Uniop(df,'Condition','heart failure',(['MeasureCode'], {('hf-4',)}),{left: ("[FunctionalDependency:(s: {MeasureCode}, t: {Condition})]", 0.0), operator: *, right: (1.0, 1.0), result: 0.0})
now error: 0.0
Block processing time: 0.224413 seconds
  当前节点: Condition 有 28 个清洗操作
['HospitalName', 'MeasureName', 'Stateavg', 'Condition']的清洗完成

本层累积的编辑规则数: 120
读入数据大小：1000
处理了 120 条规则，更新数据...
所有编辑规则已更新完成

处理第 1 层级, 包含节点: ['ProviderNumber', 'MeasureCode']
  跳过已清洗结束的节点: ProviderNumber
  跳过已清洗结束的节点: MeasureCode
['ProviderNumber', 'MeasureCode']的清洗完成

本层累积的编辑规则数: 0
本层没有可以进行的清洗操作，进行下一层

处理第 2 层级, 包含节点: ['HospitalName', 'MeasureName', 'Stateavg', 'Condition']
  当前节点: HospitalName 存在可用清洗信号
数据块大小: 1000
分块属性:
[['ProviderNumber']]
Starting initial block mapping...
Initial number of blocks: 213
Final number of blocks after further splitting: 212
Computing Block 2 out of 212
Processing Block size=19
begin cleaner[FunctionalDependency:(s: {'ProviderNumber'}, t: {'HospitalName'})]*1.0
列 'p' 不存在，对列 HospitalName 不过滤，直接选择所有非无效值。
Block processing time: 0.022786 seconds
Computing Block 4 out of 212
Processing Block size=20
begin cleaner{left: ("[FunctionalDependency:(s: {ProviderNumber}, t: {HospitalName})]", 0.0), operator: *, right: (1.0, 1.0), result: 0.0}
列 'p' 不存在，对列 HospitalName 不过滤，直接选择所有非无效值。
Block processing time: 0.023849 seconds
Computing Block 5 out of 212
Processing Block size=19
begin cleaner{left: ("[FunctionalDependency:(s: {ProviderNumber}, t: {HospitalName})]", 0.0), operator: *, right: (1.0, 1.0), result: 0.0}
列 'p' 不存在，对列 HospitalName 不过滤，直接选择所有非无效值。
Block processing time: 0.022432 seconds
Computing Block 12 out of 212
Processing Block size=17
begin cleaner{left: ("[FunctionalDependency:(s: {ProviderNumber}, t: {HospitalName})]", 0.0), operator: *, right: (1.0, 1.0), result: 0.0}
列 'p' 不存在，对列 HospitalName 不过滤，直接选择所有非无效值。
Block processing time: 0.020125 seconds
Computing Block 29 out of 212
Processing Block size=20
begin cleaner{left: ("[FunctionalDependency:(s: {ProviderNumber}, t: {HospitalName})]", 0.0), operator: *, right: (1.0, 1.0), result: 0.0}
列 'p' 不存在，对列 HospitalName 不过滤，直接选择所有非无效值。
Block processing time: 0.024512 seconds
Computing Block 38 out of 212
Processing Block size=13
begin cleaner{left: ("[FunctionalDependency:(s: {ProviderNumber}, t: {HospitalName})]", 0.0), operator: *, right: (1.0, 1.0), result: 0.0}
列 'p' 不存在，对列 HospitalName 不过滤，直接选择所有非无效值。
Block processing time: 0.015581 seconds
Computing Block 39 out of 212
Processing Block size=12
begin cleaner{left: ("[FunctionalDependency:(s: {ProviderNumber}, t: {HospitalName})]", 0.0), operator: *, right: (1.0, 1.0), result: 0.0}
列 'p' 不存在，对列 HospitalName 不过滤，直接选择所有非无效值。
Block processing time: 0.014284 seconds
Computing Block 41 out of 212
Processing Block size=19
begin cleaner{left: ("[FunctionalDependency:(s: {ProviderNumber}, t: {HospitalName})]", 0.0), operator: *, right: (1.0, 1.0), result: 0.0}
列 'p' 不存在，对列 HospitalName 不过滤，直接选择所有非无效值。
Block processing time: 0.022477 seconds
Computing Block 42 out of 212
Processing Block size=19
begin cleaner{left: ("[FunctionalDependency:(s: {ProviderNumber}, t: {HospitalName})]", 0.0), operator: *, right: (1.0, 1.0), result: 0.0}
列 'p' 不存在，对列 HospitalName 不过滤，直接选择所有非无效值。
Block processing time: 0.022589 seconds
Computing Block 60 out of 212
Processing Block size=18
begin cleaner{left: ("[FunctionalDependency:(s: {ProviderNumber}, t: {HospitalName})]", 0.0), operator: *, right: (1.0, 1.0), result: 0.0}
列 'p' 不存在，对列 HospitalName 不过滤，直接选择所有非无效值。
Block processing time: 0.021573 seconds
Computing Block 65 out of 212
Processing Block size=13
begin cleaner{left: ("[FunctionalDependency:(s: {ProviderNumber}, t: {HospitalName})]", 0.0), operator: *, right: (1.0, 1.0), result: 0.0}
列 'p' 不存在，对列 HospitalName 不过滤，直接选择所有非无效值。
Block processing time: 0.015563 seconds
Computing Block 67 out of 212
Processing Block size=15
begin cleaner{left: ("[FunctionalDependency:(s: {ProviderNumber}, t: {HospitalName})]", 0.0), operator: *, right: (1.0, 1.0), result: 0.0}
列 'p' 不存在，对列 HospitalName 不过滤，直接选择所有非无效值。
Block processing time: 0.017819 seconds
Computing Block 69 out of 212
Processing Block size=19
begin cleaner{left: ("[FunctionalDependency:(s: {ProviderNumber}, t: {HospitalName})]", 0.0), operator: *, right: (1.0, 1.0), result: 0.0}
列 'p' 不存在，对列 HospitalName 不过滤，直接选择所有非无效值。
Block processing time: 0.022671 seconds
Computing Block 75 out of 212
Processing Block size=22
begin cleaner{left: ("[FunctionalDependency:(s: {ProviderNumber}, t: {HospitalName})]", 0.0), operator: *, right: (1.0, 1.0), result: 0.0}
列 'p' 不存在，对列 HospitalName 不过滤，直接选择所有非无效值。
Block processing time: 0.026096 seconds
Computing Block 82 out of 212
Processing Block size=19
begin cleaner{left: ("[FunctionalDependency:(s: {ProviderNumber}, t: {HospitalName})]", 0.0), operator: *, right: (1.0, 1.0), result: 0.0}
列 'p' 不存在，对列 HospitalName 不过滤，直接选择所有非无效值。
Block processing time: 0.022769 seconds
Computing Block 84 out of 212
Processing Block size=15
begin cleaner{left: ("[FunctionalDependency:(s: {ProviderNumber}, t: {HospitalName})]", 0.0), operator: *, right: (1.0, 1.0), result: 0.0}
列 'p' 不存在，对列 HospitalName 不过滤，直接选择所有非无效值。
Block processing time: 0.01787 seconds
Computing Block 97 out of 212
Processing Block size=14
begin cleaner{left: ("[FunctionalDependency:(s: {ProviderNumber}, t: {HospitalName})]", 0.0), operator: *, right: (1.0, 1.0), result: 0.0}
列 'p' 不存在，对列 HospitalName 不过滤，直接选择所有非无效值。
Block processing time: 0.016575 seconds
Computing Block 106 out of 212
Processing Block size=13
begin cleaner{left: ("[FunctionalDependency:(s: {ProviderNumber}, t: {HospitalName})]", 0.0), operator: *, right: (1.0, 1.0), result: 0.0}
列 'p' 不存在，对列 HospitalName 不过滤，直接选择所有非无效值。
Block processing time: 0.015398 seconds
Computing Block 108 out of 212
Processing Block size=20
begin cleaner{left: ("[FunctionalDependency:(s: {ProviderNumber}, t: {HospitalName})]", 0.0), operator: *, right: (1.0, 1.0), result: 0.0}
列 'p' 不存在，对列 HospitalName 不过滤，直接选择所有非无效值。
Block processing time: 0.024007 seconds
Computing Block 112 out of 212
Processing Block size=13
begin cleaner{left: ("[FunctionalDependency:(s: {ProviderNumber}, t: {HospitalName})]", 0.0), operator: *, right: (1.0, 1.0), result: 0.0}
列 'p' 不存在，对列 HospitalName 不过滤，直接选择所有非无效值。
Block processing time: 0.015633 seconds
Computing Block 113 out of 212
Processing Block size=15
begin cleaner{left: ("[FunctionalDependency:(s: {ProviderNumber}, t: {HospitalName})]", 0.0), operator: *, right: (1.0, 1.0), result: 0.0}
列 'p' 不存在，对列 HospitalName 不过滤，直接选择所有非无效值。
Block processing time: 0.018232 seconds
Computing Block 114 out of 212
Processing Block size=18
begin cleaner{left: ("[FunctionalDependency:(s: {ProviderNumber}, t: {HospitalName})]", 0.0), operator: *, right: (1.0, 1.0), result: 0.0}
列 'p' 不存在，对列 HospitalName 不过滤，直接选择所有非无效值。
Block processing time: 0.021481 seconds
Computing Block 115 out of 212
Processing Block size=21
begin cleaner{left: ("[FunctionalDependency:(s: {ProviderNumber}, t: {HospitalName})]", 0.0), operator: *, right: (1.0, 1.0), result: 0.0}
列 'p' 不存在，对列 HospitalName 不过滤，直接选择所有非无效值。
Block processing time: 0.024978 seconds
Computing Block 117 out of 212
Processing Block size=19
begin cleaner{left: ("[FunctionalDependency:(s: {ProviderNumber}, t: {HospitalName})]", 0.0), operator: *, right: (1.0, 1.0), result: 0.0}
列 'p' 不存在，对列 HospitalName 不过滤，直接选择所有非无效值。
Block processing time: 0.022514 seconds
Computing Block 118 out of 212
Processing Block size=21
begin cleaner{left: ("[FunctionalDependency:(s: {ProviderNumber}, t: {HospitalName})]", 0.0), operator: *, right: (1.0, 1.0), result: 0.0}
列 'p' 不存在，对列 HospitalName 不过滤，直接选择所有非无效值。
Block processing time: 0.027391 seconds
Computing Block 123 out of 212
Processing Block size=22
begin cleaner{left: ("[FunctionalDependency:(s: {ProviderNumber}, t: {HospitalName})]", 0.0), operator: *, right: (1.0, 1.0), result: 0.0}
列 'p' 不存在，对列 HospitalName 不过滤，直接选择所有非无效值。
Block processing time: 0.026244 seconds
Computing Block 130 out of 212
Processing Block size=17
begin cleaner{left: ("[FunctionalDependency:(s: {ProviderNumber}, t: {HospitalName})]", 0.0), operator: *, right: (1.0, 1.0), result: 0.0}
列 'p' 不存在，对列 HospitalName 不过滤，直接选择所有非无效值。
Block processing time: 0.020159 seconds
Computing Block 131 out of 212
Processing Block size=20
begin cleaner{left: ("[FunctionalDependency:(s: {ProviderNumber}, t: {HospitalName})]", 0.0), operator: *, right: (1.0, 1.0), result: 0.0}
列 'p' 不存在，对列 HospitalName 不过滤，直接选择所有非无效值。
Block processing time: 0.023666 seconds
Computing Block 139 out of 212
Processing Block size=20
begin cleaner{left: ("[FunctionalDependency:(s: {ProviderNumber}, t: {HospitalName})]", 0.0), operator: *, right: (1.0, 1.0), result: 0.0}
列 'p' 不存在，对列 HospitalName 不过滤，直接选择所有非无效值。
Block processing time: 0.023688 seconds
Computing Block 140 out of 212
Processing Block size=15
begin cleaner{left: ("[FunctionalDependency:(s: {ProviderNumber}, t: {HospitalName})]", 0.0), operator: *, right: (1.0, 1.0), result: 0.0}
列 'p' 不存在，对列 HospitalName 不过滤，直接选择所有非无效值。
Block processing time: 0.017866 seconds
Computing Block 141 out of 212
Processing Block size=18
begin cleaner{left: ("[FunctionalDependency:(s: {ProviderNumber}, t: {HospitalName})]", 0.0), operator: *, right: (1.0, 1.0), result: 0.0}
列 'p' 不存在，对列 HospitalName 不过滤，直接选择所有非无效值。
Block processing time: 0.021215 seconds
Computing Block 144 out of 212
Processing Block size=16
begin cleaner{left: ("[FunctionalDependency:(s: {ProviderNumber}, t: {HospitalName})]", 0.0), operator: *, right: (1.0, 1.0), result: 0.0}
列 'p' 不存在，对列 HospitalName 不过滤，直接选择所有非无效值。
Block processing time: 0.018921 seconds
Computing Block 152 out of 212
Processing Block size=5
begin cleaner{left: ("[FunctionalDependency:(s: {ProviderNumber}, t: {HospitalName})]", 0.0), operator: *, right: (1.0, 1.0), result: 0.0}
列 'p' 不存在，对列 HospitalName 不过滤，直接选择所有非无效值。
Block processing time: 0.006073 seconds
Computing Block 156 out of 212
Processing Block size=19
begin cleaner{left: ("[FunctionalDependency:(s: {ProviderNumber}, t: {HospitalName})]", 0.0), operator: *, right: (1.0, 1.0), result: 0.0}
列 'p' 不存在，对列 HospitalName 不过滤，直接选择所有非无效值。
Block processing time: 0.022379 seconds
Computing Block 159 out of 212
Processing Block size=23
begin cleaner{left: ("[FunctionalDependency:(s: {ProviderNumber}, t: {HospitalName})]", 0.0), operator: *, right: (1.0, 1.0), result: 0.0}
列 'p' 不存在，对列 HospitalName 不过滤，直接选择所有非无效值。
Block processing time: 0.027052 seconds
Computing Block 162 out of 212
Processing Block size=17
begin cleaner{left: ("[FunctionalDependency:(s: {ProviderNumber}, t: {HospitalName})]", 0.0), operator: *, right: (1.0, 1.0), result: 0.0}
列 'p' 不存在，对列 HospitalName 不过滤，直接选择所有非无效值。
Block processing time: 0.020034 seconds
Computing Block 173 out of 212
Processing Block size=17
begin cleaner{left: ("[FunctionalDependency:(s: {ProviderNumber}, t: {HospitalName})]", 0.0), operator: *, right: (1.0, 1.0), result: 0.0}
列 'p' 不存在，对列 HospitalName 不过滤，直接选择所有非无效值。
Block processing time: 0.020012 seconds
Computing Block 174 out of 212
Processing Block size=17
begin cleaner{left: ("[FunctionalDependency:(s: {ProviderNumber}, t: {HospitalName})]", 0.0), operator: *, right: (1.0, 1.0), result: 0.0}
列 'p' 不存在，对列 HospitalName 不过滤，直接选择所有非无效值。
Block processing time: 0.020318 seconds
Computing Block 183 out of 212
Processing Block size=19
begin cleaner{left: ("[FunctionalDependency:(s: {ProviderNumber}, t: {HospitalName})]", 0.0), operator: *, right: (1.0, 1.0), result: 0.0}
列 'p' 不存在，对列 HospitalName 不过滤，直接选择所有非无效值。
Block processing time: 0.022648 seconds
Computing Block 208 out of 212
Processing Block size=21
begin cleaner{left: ("[FunctionalDependency:(s: {ProviderNumber}, t: {HospitalName})]", 0.0), operator: *, right: (1.0, 1.0), result: 0.0}
列 'p' 不存在，对列 HospitalName 不过滤，直接选择所有非无效值。
Block processing time: 0.024747 seconds
Computing Block 209 out of 212
Processing Block size=21
begin cleaner{left: ("[FunctionalDependency:(s: {ProviderNumber}, t: {HospitalName})]", 0.0), operator: *, right: (1.0, 1.0), result: 0.0}
列 'p' 不存在，对列 HospitalName 不过滤，直接选择所有非无效值。
Block processing time: 0.024836 seconds
Computing Block 211 out of 212
Processing Block size=15
begin cleaner{left: ("[FunctionalDependency:(s: {ProviderNumber}, t: {HospitalName})]", 0.0), operator: *, right: (1.0, 1.0), result: 0.0}
列 'p' 不存在，对列 HospitalName 不过滤，直接选择所有非无效值。
Block processing time: 0.017703 seconds
  当前节点: HospitalName 无清洗操作
  当前节点: MeasureName 存在可用清洗信号
数据块大小: 1000
分块属性:
[['MeasureCode']]
Starting initial block mapping...
Initial number of blocks: 187
Final number of blocks after further splitting: 186
Computing Block 1 out of 186
Processing Block size=31
begin cleaner[FunctionalDependency:(s: {'MeasureCode'}, t: {'MeasureName'})]*1.0
列 'p' 不存在，对列 MeasureName 不过滤，直接选择所有非无效值。
Block processing time: 0.037088 seconds
Computing Block 2 out of 186
Processing Block size=30
begin cleaner{left: ("[FunctionalDependency:(s: {MeasureCode}, t: {MeasureName})]", 0.0), operator: *, right: (1.0, 1.0), result: 0.0}
列 'p' 不存在，对列 MeasureName 不过滤，直接选择所有非无效值。
Block processing time: 0.035434 seconds
Computing Block 8 out of 186
Processing Block size=29
begin cleaner{left: ("[FunctionalDependency:(s: {MeasureCode}, t: {MeasureName})]", 0.0), operator: *, right: (1.0, 1.0), result: 0.0}
列 'p' 不存在，对列 MeasureName 不过滤，直接选择所有非无效值。
Block processing time: 0.034113 seconds
Computing Block 17 out of 186
Processing Block size=25
begin cleaner{left: ("[FunctionalDependency:(s: {MeasureCode}, t: {MeasureName})]", 0.0), operator: *, right: (1.0, 1.0), result: 0.0}
列 'p' 不存在，对列 MeasureName 不过滤，直接选择所有非无效值。
Block processing time: 0.029721 seconds
Computing Block 20 out of 186
Processing Block size=2
begin cleaner{left: ("[FunctionalDependency:(s: {MeasureCode}, t: {MeasureName})]", 0.0), operator: *, right: (1.0, 1.0), result: 0.0}
列 'p' 不存在，对列 MeasureName 不过滤，直接选择所有非无效值。
Block processing time: 0.002652 seconds
Computing Block 24 out of 186
Processing Block size=30
begin cleaner{left: ("[FunctionalDependency:(s: {MeasureCode}, t: {MeasureName})]", 0.0), operator: *, right: (1.0, 1.0), result: 0.0}
列 'p' 不存在，对列 MeasureName 不过滤，直接选择所有非无效值。
Block processing time: 0.03578 seconds
Computing Block 29 out of 186
Processing Block size=27
begin cleaner{left: ("[FunctionalDependency:(s: {MeasureCode}, t: {MeasureName})]", 0.0), operator: *, right: (1.0, 1.0), result: 0.0}
列 'p' 不存在，对列 MeasureName 不过滤，直接选择所有非无效值。
Block processing time: 0.032416 seconds
Computing Block 36 out of 186
Processing Block size=32
begin cleaner{left: ("[FunctionalDependency:(s: {MeasureCode}, t: {MeasureName})]", 0.0), operator: *, right: (1.0, 1.0), result: 0.0}
列 'p' 不存在，对列 MeasureName 不过滤，直接选择所有非无效值。
Block processing time: 0.038041 seconds
Computing Block 39 out of 186
Processing Block size=33
begin cleaner{left: ("[FunctionalDependency:(s: {MeasureCode}, t: {MeasureName})]", 0.0), operator: *, right: (1.0, 1.0), result: 0.0}
列 'p' 不存在，对列 MeasureName 不过滤，直接选择所有非无效值。
Block processing time: 0.039741 seconds
Computing Block 41 out of 186
Processing Block size=32
begin cleaner{left: ("[FunctionalDependency:(s: {MeasureCode}, t: {MeasureName})]", 0.0), operator: *, right: (1.0, 1.0), result: 0.0}
列 'p' 不存在，对列 MeasureName 不过滤，直接选择所有非无效值。
Block processing time: 0.037854 seconds
Computing Block 51 out of 186
Processing Block size=32
begin cleaner{left: ("[FunctionalDependency:(s: {MeasureCode}, t: {MeasureName})]", 0.0), operator: *, right: (1.0, 1.0), result: 0.0}
列 'p' 不存在，对列 MeasureName 不过滤，直接选择所有非无效值。
Block processing time: 0.039345 seconds
Computing Block 61 out of 186
Processing Block size=2
begin cleaner{left: ("[FunctionalDependency:(s: {MeasureCode}, t: {MeasureName})]", 0.0), operator: *, right: (1.0, 1.0), result: 0.0}
列 'p' 不存在，对列 MeasureName 不过滤，直接选择所有非无效值。
Block processing time: 0.002677 seconds
Computing Block 69 out of 186
Processing Block size=30
begin cleaner{left: ("[FunctionalDependency:(s: {MeasureCode}, t: {MeasureName})]", 0.0), operator: *, right: (1.0, 1.0), result: 0.0}
列 'p' 不存在，对列 MeasureName 不过滤，直接选择所有非无效值。
Block processing time: 0.036354 seconds
Computing Block 77 out of 186
Processing Block size=30
begin cleaner{left: ("[FunctionalDependency:(s: {MeasureCode}, t: {MeasureName})]", 0.0), operator: *, right: (1.0, 1.0), result: 0.0}
列 'p' 不存在，对列 MeasureName 不过滤，直接选择所有非无效值。
Block processing time: 0.036289 seconds
Computing Block 85 out of 186
Processing Block size=29
begin cleaner{left: ("[FunctionalDependency:(s: {MeasureCode}, t: {MeasureName})]", 0.0), operator: *, right: (1.0, 1.0), result: 0.0}
列 'p' 不存在，对列 MeasureName 不过滤，直接选择所有非无效值。
Block processing time: 0.03511 seconds
Computing Block 96 out of 186
Processing Block size=26
begin cleaner{left: ("[FunctionalDependency:(s: {MeasureCode}, t: {MeasureName})]", 0.0), operator: *, right: (1.0, 1.0), result: 0.0}
列 'p' 不存在，对列 MeasureName 不过滤，直接选择所有非无效值。
Block processing time: 0.031234 seconds
Computing Block 111 out of 186
Processing Block size=28
begin cleaner{left: ("[FunctionalDependency:(s: {MeasureCode}, t: {MeasureName})]", 0.0), operator: *, right: (1.0, 1.0), result: 0.0}
列 'p' 不存在，对列 MeasureName 不过滤，直接选择所有非无效值。
Block processing time: 0.033266 seconds
Computing Block 115 out of 186
Processing Block size=27
begin cleaner{left: ("[FunctionalDependency:(s: {MeasureCode}, t: {MeasureName})]", 0.0), operator: *, right: (1.0, 1.0), result: 0.0}
列 'p' 不存在，对列 MeasureName 不过滤，直接选择所有非无效值。
Block processing time: 0.032986 seconds
Computing Block 117 out of 186
Processing Block size=32
begin cleaner{left: ("[FunctionalDependency:(s: {MeasureCode}, t: {MeasureName})]", 0.0), operator: *, right: (1.0, 1.0), result: 0.0}
列 'p' 不存在，对列 MeasureName 不过滤，直接选择所有非无效值。
Block processing time: 0.038469 seconds
Computing Block 122 out of 186
Processing Block size=29
begin cleaner{left: ("[FunctionalDependency:(s: {MeasureCode}, t: {MeasureName})]", 0.0), operator: *, right: (1.0, 1.0), result: 0.0}
列 'p' 不存在，对列 MeasureName 不过滤，直接选择所有非无效值。
Block processing time: 0.03463 seconds
Computing Block 128 out of 186
Processing Block size=30
begin cleaner{left: ("[FunctionalDependency:(s: {MeasureCode}, t: {MeasureName})]", 0.0), operator: *, right: (1.0, 1.0), result: 0.0}
列 'p' 不存在，对列 MeasureName 不过滤，直接选择所有非无效值。
Block processing time: 0.035662 seconds
Computing Block 130 out of 186
Processing Block size=31
begin cleaner{left: ("[FunctionalDependency:(s: {MeasureCode}, t: {MeasureName})]", 0.0), operator: *, right: (1.0, 1.0), result: 0.0}
列 'p' 不存在，对列 MeasureName 不过滤，直接选择所有非无效值。
Block processing time: 0.036957 seconds
Computing Block 147 out of 186
Processing Block size=28
begin cleaner{left: ("[FunctionalDependency:(s: {MeasureCode}, t: {MeasureName})]", 0.0), operator: *, right: (1.0, 1.0), result: 0.0}
列 'p' 不存在，对列 MeasureName 不过滤，直接选择所有非无效值。
Block processing time: 0.033371 seconds
Computing Block 151 out of 186
Processing Block size=26
begin cleaner{left: ("[FunctionalDependency:(s: {MeasureCode}, t: {MeasureName})]", 0.0), operator: *, right: (1.0, 1.0), result: 0.0}
列 'p' 不存在，对列 MeasureName 不过滤，直接选择所有非无效值。
Block processing time: 0.031254 seconds
Computing Block 155 out of 186
Processing Block size=2
begin cleaner{left: ("[FunctionalDependency:(s: {MeasureCode}, t: {MeasureName})]", 0.0), operator: *, right: (1.0, 1.0), result: 0.0}
列 'p' 不存在，对列 MeasureName 不过滤，直接选择所有非无效值。
Block processing time: 0.002614 seconds
Computing Block 159 out of 186
Processing Block size=29
begin cleaner{left: ("[FunctionalDependency:(s: {MeasureCode}, t: {MeasureName})]", 0.0), operator: *, right: (1.0, 1.0), result: 0.0}
列 'p' 不存在，对列 MeasureName 不过滤，直接选择所有非无效值。
Block processing time: 0.034589 seconds
Computing Block 167 out of 186
Processing Block size=2
begin cleaner{left: ("[FunctionalDependency:(s: {MeasureCode}, t: {MeasureName})]", 0.0), operator: *, right: (1.0, 1.0), result: 0.0}
列 'p' 不存在，对列 MeasureName 不过滤，直接选择所有非无效值。
Block processing time: 0.002617 seconds
Computing Block 171 out of 186
Processing Block size=27
begin cleaner{left: ("[FunctionalDependency:(s: {MeasureCode}, t: {MeasureName})]", 0.0), operator: *, right: (1.0, 1.0), result: 0.0}
列 'p' 不存在，对列 MeasureName 不过滤，直接选择所有非无效值。
Block processing time: 0.032107 seconds
Computing Block 177 out of 186
Processing Block size=28
begin cleaner{left: ("[FunctionalDependency:(s: {MeasureCode}, t: {MeasureName})]", 0.0), operator: *, right: (1.0, 1.0), result: 0.0}
列 'p' 不存在，对列 MeasureName 不过滤，直接选择所有非无效值。
Block processing time: 0.033208 seconds
  当前节点: MeasureName 无清洗操作
  当前节点: Stateavg 存在可用清洗信号
数据块大小: 1000
分块属性:
[['MeasureCode']]
Starting initial block mapping...
Initial number of blocks: 187
Final number of blocks after further splitting: 186
Computing Block 1 out of 186
Processing Block size=31
begin cleaner[FunctionalDependency:(s: {'MeasureCode'}, t: {'Stateavg'})]*1.0
列 'p' 不存在，对列 Stateavg 不过滤，直接选择所有非无效值。
Block processing time: 0.037551 seconds
Computing Block 2 out of 186
Processing Block size=30
begin cleaner{left: ("[FunctionalDependency:(s: {MeasureCode}, t: {Stateavg})]", 0.0), operator: *, right: (1.0, 1.0), result: 0.0}
列 'p' 不存在，对列 Stateavg 不过滤，直接选择所有非无效值。
Block processing time: 0.035828 seconds
Computing Block 8 out of 186
Processing Block size=29
begin cleaner{left: ("[FunctionalDependency:(s: {MeasureCode}, t: {Stateavg})]", 0.0), operator: *, right: (1.0, 1.0), result: 0.0}
列 'p' 不存在，对列 Stateavg 不过滤，直接选择所有非无效值。
Block processing time: 0.034374 seconds
Computing Block 17 out of 186
Processing Block size=25
begin cleaner{left: ("[FunctionalDependency:(s: {MeasureCode}, t: {Stateavg})]", 0.0), operator: *, right: (1.0, 1.0), result: 0.0}
列 'p' 不存在，对列 Stateavg 不过滤，直接选择所有非无效值。
Block processing time: 0.029641 seconds
Computing Block 20 out of 186
Processing Block size=2
begin cleaner{left: ("[FunctionalDependency:(s: {MeasureCode}, t: {Stateavg})]", 0.0), operator: *, right: (1.0, 1.0), result: 0.0}
列 'p' 不存在，对列 Stateavg 不过滤，直接选择所有非无效值。
Block processing time: 0.003238 seconds
Computing Block 24 out of 186
Processing Block size=30
begin cleaner{left: ("[FunctionalDependency:(s: {MeasureCode}, t: {Stateavg})]", 0.0), operator: *, right: (1.0, 1.0), result: 0.0}
列 'p' 不存在，对列 Stateavg 不过滤，直接选择所有非无效值。
Block processing time: 0.035495 seconds
Computing Block 29 out of 186
Processing Block size=27
begin cleaner{left: ("[FunctionalDependency:(s: {MeasureCode}, t: {Stateavg})]", 0.0), operator: *, right: (1.0, 1.0), result: 0.0}
列 'p' 不存在，对列 Stateavg 不过滤，直接选择所有非无效值。
Block processing time: 0.031993 seconds
Computing Block 36 out of 186
Processing Block size=32
begin cleaner{left: ("[FunctionalDependency:(s: {MeasureCode}, t: {Stateavg})]", 0.0), operator: *, right: (1.0, 1.0), result: 0.0}
列 'p' 不存在，对列 Stateavg 不过滤，直接选择所有非无效值。
Block processing time: 0.03776 seconds
Computing Block 39 out of 186
Processing Block size=33
begin cleaner{left: ("[FunctionalDependency:(s: {MeasureCode}, t: {Stateavg})]", 0.0), operator: *, right: (1.0, 1.0), result: 0.0}
列 'p' 不存在，对列 Stateavg 不过滤，直接选择所有非无效值。
Block processing time: 0.038961 seconds
Computing Block 41 out of 186
Processing Block size=32
begin cleaner{left: ("[FunctionalDependency:(s: {MeasureCode}, t: {Stateavg})]", 0.0), operator: *, right: (1.0, 1.0), result: 0.0}
列 'p' 不存在，对列 Stateavg 不过滤，直接选择所有非无效值。
Block processing time: 0.037679 seconds
Computing Block 51 out of 186
Processing Block size=32
begin cleaner{left: ("[FunctionalDependency:(s: {MeasureCode}, t: {Stateavg})]", 0.0), operator: *, right: (1.0, 1.0), result: 0.0}
列 'p' 不存在，对列 Stateavg 不过滤，直接选择所有非无效值。
Block processing time: 0.037753 seconds
Computing Block 61 out of 186
Processing Block size=2
begin cleaner{left: ("[FunctionalDependency:(s: {MeasureCode}, t: {Stateavg})]", 0.0), operator: *, right: (1.0, 1.0), result: 0.0}
列 'p' 不存在，对列 Stateavg 不过滤，直接选择所有非无效值。
Block processing time: 0.002571 seconds
Computing Block 69 out of 186
Processing Block size=30
begin cleaner{left: ("[FunctionalDependency:(s: {MeasureCode}, t: {Stateavg})]", 0.0), operator: *, right: (1.0, 1.0), result: 0.0}
列 'p' 不存在，对列 Stateavg 不过滤，直接选择所有非无效值。
Block processing time: 0.03519 seconds
Computing Block 77 out of 186
Processing Block size=30
begin cleaner{left: ("[FunctionalDependency:(s: {MeasureCode}, t: {Stateavg})]", 0.0), operator: *, right: (1.0, 1.0), result: 0.0}
列 'p' 不存在，对列 Stateavg 不过滤，直接选择所有非无效值。
Block processing time: 0.035385 seconds
Computing Block 85 out of 186
Processing Block size=29
begin cleaner{left: ("[FunctionalDependency:(s: {MeasureCode}, t: {Stateavg})]", 0.0), operator: *, right: (1.0, 1.0), result: 0.0}
列 'p' 不存在，对列 Stateavg 不过滤，直接选择所有非无效值。
Block processing time: 0.034234 seconds
Computing Block 96 out of 186
Processing Block size=26
begin cleaner{left: ("[FunctionalDependency:(s: {MeasureCode}, t: {Stateavg})]", 0.0), operator: *, right: (1.0, 1.0), result: 0.0}
列 'p' 不存在，对列 Stateavg 不过滤，直接选择所有非无效值。
Block processing time: 0.030534 seconds
Computing Block 111 out of 186
Processing Block size=28
begin cleaner{left: ("[FunctionalDependency:(s: {MeasureCode}, t: {Stateavg})]", 0.0), operator: *, right: (1.0, 1.0), result: 0.0}
列 'p' 不存在，对列 Stateavg 不过滤，直接选择所有非无效值。
Block processing time: 0.033107 seconds
Computing Block 115 out of 186
Processing Block size=27
begin cleaner{left: ("[FunctionalDependency:(s: {MeasureCode}, t: {Stateavg})]", 0.0), operator: *, right: (1.0, 1.0), result: 0.0}
列 'p' 不存在，对列 Stateavg 不过滤，直接选择所有非无效值。
Block processing time: 0.031593 seconds
Computing Block 117 out of 186
Processing Block size=32
begin cleaner{left: ("[FunctionalDependency:(s: {MeasureCode}, t: {Stateavg})]", 0.0), operator: *, right: (1.0, 1.0), result: 0.0}
列 'p' 不存在，对列 Stateavg 不过滤，直接选择所有非无效值。
Block processing time: 0.037426 seconds
Computing Block 122 out of 186
Processing Block size=29
begin cleaner{left: ("[FunctionalDependency:(s: {MeasureCode}, t: {Stateavg})]", 0.0), operator: *, right: (1.0, 1.0), result: 0.0}
列 'p' 不存在，对列 Stateavg 不过滤，直接选择所有非无效值。
Block processing time: 0.034233 seconds
Computing Block 128 out of 186
Processing Block size=30
begin cleaner{left: ("[FunctionalDependency:(s: {MeasureCode}, t: {Stateavg})]", 0.0), operator: *, right: (1.0, 1.0), result: 0.0}
列 'p' 不存在，对列 Stateavg 不过滤，直接选择所有非无效值。
Block processing time: 0.035338 seconds
Computing Block 130 out of 186
Processing Block size=31
begin cleaner{left: ("[FunctionalDependency:(s: {MeasureCode}, t: {Stateavg})]", 0.0), operator: *, right: (1.0, 1.0), result: 0.0}
列 'p' 不存在，对列 Stateavg 不过滤，直接选择所有非无效值。
Block processing time: 0.036598 seconds
Computing Block 147 out of 186
Processing Block size=28
begin cleaner{left: ("[FunctionalDependency:(s: {MeasureCode}, t: {Stateavg})]", 0.0), operator: *, right: (1.0, 1.0), result: 0.0}
列 'p' 不存在，对列 Stateavg 不过滤，直接选择所有非无效值。
Block processing time: 0.033098 seconds
Computing Block 151 out of 186
Processing Block size=26
begin cleaner{left: ("[FunctionalDependency:(s: {MeasureCode}, t: {Stateavg})]", 0.0), operator: *, right: (1.0, 1.0), result: 0.0}
列 'p' 不存在，对列 Stateavg 不过滤，直接选择所有非无效值。
Block processing time: 0.030536 seconds
Computing Block 155 out of 186
Processing Block size=2
begin cleaner{left: ("[FunctionalDependency:(s: {MeasureCode}, t: {Stateavg})]", 0.0), operator: *, right: (1.0, 1.0), result: 0.0}
列 'p' 不存在，对列 Stateavg 不过滤，直接选择所有非无效值。
Block processing time: 0.002554 seconds
Computing Block 159 out of 186
Processing Block size=29
begin cleaner{left: ("[FunctionalDependency:(s: {MeasureCode}, t: {Stateavg})]", 0.0), operator: *, right: (1.0, 1.0), result: 0.0}
列 'p' 不存在，对列 Stateavg 不过滤，直接选择所有非无效值。
Block processing time: 0.034053 seconds
Computing Block 167 out of 186
Processing Block size=2
begin cleaner{left: ("[FunctionalDependency:(s: {MeasureCode}, t: {Stateavg})]", 0.0), operator: *, right: (1.0, 1.0), result: 0.0}
列 'p' 不存在，对列 Stateavg 不过滤，直接选择所有非无效值。
Block processing time: 0.002584 seconds
Computing Block 171 out of 186
Processing Block size=27
begin cleaner{left: ("[FunctionalDependency:(s: {MeasureCode}, t: {Stateavg})]", 0.0), operator: *, right: (1.0, 1.0), result: 0.0}
列 'p' 不存在，对列 Stateavg 不过滤，直接选择所有非无效值。
Block processing time: 0.031815 seconds
Computing Block 177 out of 186
Processing Block size=28
begin cleaner{left: ("[FunctionalDependency:(s: {MeasureCode}, t: {Stateavg})]", 0.0), operator: *, right: (1.0, 1.0), result: 0.0}
列 'p' 不存在，对列 Stateavg 不过滤，直接选择所有非无效值。
Block processing time: 0.032933 seconds
  当前节点: Stateavg 无清洗操作
  当前节点: Condition 存在可用清洗信号
数据块大小: 1000
分块属性:
[['MeasureCode']]
Starting initial block mapping...
Initial number of blocks: 187
Final number of blocks after further splitting: 186
Computing Block 1 out of 186
Processing Block size=31
begin cleaner[FunctionalDependency:(s: {'MeasureCode'}, t: {'Condition'})]*1.0
列 'p' 不存在，对列 Condition 不过滤，直接选择所有非无效值。
Block processing time: 0.036827 seconds
Computing Block 2 out of 186
Processing Block size=30
begin cleaner{left: ("[FunctionalDependency:(s: {MeasureCode}, t: {Condition})]", 0.0), operator: *, right: (1.0, 1.0), result: 0.0}
列 'p' 不存在，对列 Condition 不过滤，直接选择所有非无效值。
Block processing time: 0.035414 seconds
Computing Block 8 out of 186
Processing Block size=29
begin cleaner{left: ("[FunctionalDependency:(s: {MeasureCode}, t: {Condition})]", 0.0), operator: *, right: (1.0, 1.0), result: 0.0}
列 'p' 不存在，对列 Condition 不过滤，直接选择所有非无效值。
Block processing time: 0.034331 seconds
Computing Block 17 out of 186
Processing Block size=25
begin cleaner{left: ("[FunctionalDependency:(s: {MeasureCode}, t: {Condition})]", 0.0), operator: *, right: (1.0, 1.0), result: 0.0}
列 'p' 不存在，对列 Condition 不过滤，直接选择所有非无效值。
Block processing time: 0.029484 seconds
Computing Block 20 out of 186
Processing Block size=2
begin cleaner{left: ("[FunctionalDependency:(s: {MeasureCode}, t: {Condition})]", 0.0), operator: *, right: (1.0, 1.0), result: 0.0}
列 'p' 不存在，对列 Condition 不过滤，直接选择所有非无效值。
Block processing time: 0.002573 seconds
Computing Block 24 out of 186
Processing Block size=30
begin cleaner{left: ("[FunctionalDependency:(s: {MeasureCode}, t: {Condition})]", 0.0), operator: *, right: (1.0, 1.0), result: 0.0}
列 'p' 不存在，对列 Condition 不过滤，直接选择所有非无效值。
Block processing time: 0.035444 seconds
Computing Block 29 out of 186
Processing Block size=27
begin cleaner{left: ("[FunctionalDependency:(s: {MeasureCode}, t: {Condition})]", 0.0), operator: *, right: (1.0, 1.0), result: 0.0}
列 'p' 不存在，对列 Condition 不过滤，直接选择所有非无效值。
Block processing time: 0.031874 seconds
Computing Block 36 out of 186
Processing Block size=32
begin cleaner{left: ("[FunctionalDependency:(s: {MeasureCode}, t: {Condition})]", 0.0), operator: *, right: (1.0, 1.0), result: 0.0}
列 'p' 不存在，对列 Condition 不过滤，直接选择所有非无效值。
Block processing time: 0.037679 seconds
Computing Block 39 out of 186
Processing Block size=33
begin cleaner{left: ("[FunctionalDependency:(s: {MeasureCode}, t: {Condition})]", 0.0), operator: *, right: (1.0, 1.0), result: 0.0}
列 'p' 不存在，对列 Condition 不过滤，直接选择所有非无效值。
Block processing time: 0.038828 seconds
Computing Block 41 out of 186
Processing Block size=32
begin cleaner{left: ("[FunctionalDependency:(s: {MeasureCode}, t: {Condition})]", 0.0), operator: *, right: (1.0, 1.0), result: 0.0}
列 'p' 不存在，对列 Condition 不过滤，直接选择所有非无效值。
Block processing time: 0.037785 seconds
Computing Block 51 out of 186
Processing Block size=32
begin cleaner{left: ("[FunctionalDependency:(s: {MeasureCode}, t: {Condition})]", 0.0), operator: *, right: (1.0, 1.0), result: 0.0}
列 'p' 不存在，对列 Condition 不过滤，直接选择所有非无效值。
Block processing time: 0.037549 seconds
Computing Block 61 out of 186
Processing Block size=2
begin cleaner{left: ("[FunctionalDependency:(s: {MeasureCode}, t: {Condition})]", 0.0), operator: *, right: (1.0, 1.0), result: 0.0}
列 'p' 不存在，对列 Condition 不过滤，直接选择所有非无效值。
Block processing time: 0.002591 seconds
Computing Block 69 out of 186
Processing Block size=30
begin cleaner{left: ("[FunctionalDependency:(s: {MeasureCode}, t: {Condition})]", 0.0), operator: *, right: (1.0, 1.0), result: 0.0}
列 'p' 不存在，对列 Condition 不过滤，直接选择所有非无效值。
Block processing time: 0.035229 seconds
Computing Block 77 out of 186
Processing Block size=30
begin cleaner{left: ("[FunctionalDependency:(s: {MeasureCode}, t: {Condition})]", 0.0), operator: *, right: (1.0, 1.0), result: 0.0}
列 'p' 不存在，对列 Condition 不过滤，直接选择所有非无效值。
Block processing time: 0.035228 seconds
Computing Block 85 out of 186
Processing Block size=29
begin cleaner{left: ("[FunctionalDependency:(s: {MeasureCode}, t: {Condition})]", 0.0), operator: *, right: (1.0, 1.0), result: 0.0}
列 'p' 不存在，对列 Condition 不过滤，直接选择所有非无效值。
Block processing time: 0.034123 seconds
Computing Block 96 out of 186
Processing Block size=26
begin cleaner{left: ("[FunctionalDependency:(s: {MeasureCode}, t: {Condition})]", 0.0), operator: *, right: (1.0, 1.0), result: 0.0}
列 'p' 不存在，对列 Condition 不过滤，直接选择所有非无效值。
Block processing time: 0.030686 seconds
Computing Block 111 out of 186
Processing Block size=28
begin cleaner{left: ("[FunctionalDependency:(s: {MeasureCode}, t: {Condition})]", 0.0), operator: *, right: (1.0, 1.0), result: 0.0}
列 'p' 不存在，对列 Condition 不过滤，直接选择所有非无效值。
Block processing time: 0.032817 seconds
Computing Block 115 out of 186
Processing Block size=27
begin cleaner{left: ("[FunctionalDependency:(s: {MeasureCode}, t: {Condition})]", 0.0), operator: *, right: (1.0, 1.0), result: 0.0}
列 'p' 不存在，对列 Condition 不过滤，直接选择所有非无效值。
Block processing time: 0.0319 seconds
Computing Block 117 out of 186
Processing Block size=32
begin cleaner{left: ("[FunctionalDependency:(s: {MeasureCode}, t: {Condition})]", 0.0), operator: *, right: (1.0, 1.0), result: 0.0}
列 'p' 不存在，对列 Condition 不过滤，直接选择所有非无效值。
Block processing time: 0.037652 seconds
Computing Block 122 out of 186
Processing Block size=29
begin cleaner{left: ("[FunctionalDependency:(s: {MeasureCode}, t: {Condition})]", 0.0), operator: *, right: (1.0, 1.0), result: 0.0}
列 'p' 不存在，对列 Condition 不过滤，直接选择所有非无效值。
Block processing time: 0.03422 seconds
Computing Block 128 out of 186
Processing Block size=30
begin cleaner{left: ("[FunctionalDependency:(s: {MeasureCode}, t: {Condition})]", 0.0), operator: *, right: (1.0, 1.0), result: 0.0}
列 'p' 不存在，对列 Condition 不过滤，直接选择所有非无效值。
Block processing time: 0.035346 seconds
Computing Block 130 out of 186
Processing Block size=31
begin cleaner{left: ("[FunctionalDependency:(s: {MeasureCode}, t: {Condition})]", 0.0), operator: *, right: (1.0, 1.0), result: 0.0}
列 'p' 不存在，对列 Condition 不过滤，直接选择所有非无效值。
Block processing time: 0.03743 seconds
Computing Block 147 out of 186
Processing Block size=28
begin cleaner{left: ("[FunctionalDependency:(s: {MeasureCode}, t: {Condition})]", 0.0), operator: *, right: (1.0, 1.0), result: 0.0}
列 'p' 不存在，对列 Condition 不过滤，直接选择所有非无效值。
Block processing time: 0.033121 seconds
Computing Block 151 out of 186
Processing Block size=26
begin cleaner{left: ("[FunctionalDependency:(s: {MeasureCode}, t: {Condition})]", 0.0), operator: *, right: (1.0, 1.0), result: 0.0}
列 'p' 不存在，对列 Condition 不过滤，直接选择所有非无效值。
Block processing time: 0.030854 seconds
Computing Block 155 out of 186
Processing Block size=2
begin cleaner{left: ("[FunctionalDependency:(s: {MeasureCode}, t: {Condition})]", 0.0), operator: *, right: (1.0, 1.0), result: 0.0}
列 'p' 不存在，对列 Condition 不过滤，直接选择所有非无效值。
Block processing time: 0.002581 seconds
Computing Block 159 out of 186
Processing Block size=29
begin cleaner{left: ("[FunctionalDependency:(s: {MeasureCode}, t: {Condition})]", 0.0), operator: *, right: (1.0, 1.0), result: 0.0}
列 'p' 不存在，对列 Condition 不过滤，直接选择所有非无效值。
Block processing time: 0.034108 seconds
Computing Block 167 out of 186
Processing Block size=2
begin cleaner{left: ("[FunctionalDependency:(s: {MeasureCode}, t: {Condition})]", 0.0), operator: *, right: (1.0, 1.0), result: 0.0}
列 'p' 不存在，对列 Condition 不过滤，直接选择所有非无效值。
Block processing time: 0.002562 seconds
Computing Block 171 out of 186
Processing Block size=27
begin cleaner{left: ("[FunctionalDependency:(s: {MeasureCode}, t: {Condition})]", 0.0), operator: *, right: (1.0, 1.0), result: 0.0}
列 'p' 不存在，对列 Condition 不过滤，直接选择所有非无效值。
Block processing time: 0.031934 seconds
Computing Block 177 out of 186
Processing Block size=28
begin cleaner{left: ("[FunctionalDependency:(s: {MeasureCode}, t: {Condition})]", 0.0), operator: *, right: (1.0, 1.0), result: 0.0}
列 'p' 不存在，对列 Condition 不过滤，直接选择所有非无效值。
Block processing time: 0.032992 seconds
  当前节点: Condition 无清洗操作
['HospitalName', 'MeasureName', 'Stateavg', 'Condition']的清洗完成

本层累积的编辑规则数: 0
本层没有可以进行的清洗操作，进行下一层

处理第 3 层级, 包含节点: ['ZipCode', 'PhoneNumber', 'Address1', 'HospitalOwner', 'City', 'HospitalType']
  当前节点: ZipCode 存在可用清洗信号
数据块大小: 1000
分块属性:
[['HospitalName']]
Starting initial block mapping...
Initial number of blocks: 80
Final number of blocks after further splitting: 79
Computing Block 1 out of 79
Processing Block size=23
begin cleaner[FunctionalDependency:(s: {'HospitalName'}, t: {'ZipCode'})]*1.0
列 'p' 不存在，对列 ZipCode 不过滤，直接选择所有非无效值。
clean_bool length:6
newest best op: Uniop(df,'ZipCode','163560.75589674813',(['HospitalName'], {('jackson hospital & clinic inc',)}),{left: ("[FunctionalDependency:(s: {HospitalName}, t: {ZipCode})]", 0.0), operator: *, right: (1.0, 1.0), result: 0.0})
now error: 0.0
newest best op: Uniop(df,'ZipCode','130868.14281470396',(['HospitalName'], {('jackson hospital & clinic inc',)}),{left: ("[FunctionalDependency:(s: {HospitalName}, t: {ZipCode})]", 0.0), operator: *, right: (1.0, 1.0), result: 0.0})
now error: 0.0
newest best op: Uniop(df,'ZipCode','36106.0',(['HospitalName'], {('jackson hospital & clinic inc',)}),{left: ("[FunctionalDependency:(s: {HospitalName}, t: {ZipCode})]", 0.0), operator: *, right: (1.0, 1.0), result: 0.0})
now error: 0.0
Block processing time: 0.15988 seconds
Computing Block 5 out of 79
Processing Block size=26
begin cleaner{left: ("[FunctionalDependency:(s: {HospitalName}, t: {ZipCode})]", 0.0), operator: *, right: (1.0, 1.0), result: 0.0}
列 'p' 不存在，对列 ZipCode 不过滤，直接选择所有非无效值。
clean_bool length:6
newest best op: Uniop(df,'ZipCode','35901.0',(['HospitalName'], {('riverview regional medical center',)}),{left: ("[FunctionalDependency:(s: {HospitalName}, t: {ZipCode})]", 0.0), operator: *, right: (1.0, 1.0), result: 0.0})
now error: 0.0
Block processing time: 0.17631 seconds
Computing Block 6 out of 79
Processing Block size=25
begin cleaner{left: ("[FunctionalDependency:(s: {HospitalName}, t: {ZipCode})]", 0.0), operator: *, right: (1.0, 1.0), result: 0.0}
列 'p' 不存在，对列 ZipCode 不过滤，直接选择所有非无效值。
clean_bool length:6
newest best op: Uniop(df,'ZipCode','210986.8690625737',(['HospitalName'], {('fayette medical center',)}),{left: ("[FunctionalDependency:(s: {HospitalName}, t: {ZipCode})]", 0.0), operator: *, right: (1.0, 1.0), result: 0.0})
now error: 0.0
newest best op: Uniop(df,'ZipCode','35555.0',(['HospitalName'], {('fayette medical center',)}),{left: ("[FunctionalDependency:(s: {HospitalName}, t: {ZipCode})]", 0.0), operator: *, right: (1.0, 1.0), result: 0.0})
now error: 0.0
Block processing time: 0.169537 seconds
Computing Block 7 out of 79
Processing Block size=22
begin cleaner{left: ("[FunctionalDependency:(s: {HospitalName}, t: {ZipCode})]", 0.0), operator: *, right: (1.0, 1.0), result: 0.0}
列 'p' 不存在，对列 ZipCode 不过滤，直接选择所有非无效值。
clean_bool length:7
newest best op: Uniop(df,'ZipCode','136131.09697504932',(['HospitalName'], {('southeast alabama medical center',)}),{left: ("[FunctionalDependency:(s: {HospitalName}, t: {ZipCode})]", 0.0), operator: *, right: (1.0, 1.0), result: 0.0})
now error: 0.0
newest best op: Uniop(df,'ZipCode','36302.0',(['HospitalName'], {('southeast alabama medical center',)}),{left: ("[FunctionalDependency:(s: {HospitalName}, t: {ZipCode})]", 0.0), operator: *, right: (1.0, 1.0), result: 0.0})
now error: 0.0
Block processing time: 0.17542 seconds
Computing Block 10 out of 79
Processing Block size=24
begin cleaner{left: ("[FunctionalDependency:(s: {HospitalName}, t: {ZipCode})]", 0.0), operator: *, right: (1.0, 1.0), result: 0.0}
列 'p' 不存在，对列 ZipCode 不过滤，直接选择所有非无效值。
clean_bool length:6
newest best op: Uniop(df,'ZipCode','140982.22872333907',(['HospitalName'], {('wedowee hospital',)}),{left: ("[FunctionalDependency:(s: {HospitalName}, t: {ZipCode})]", 0.0), operator: *, right: (1.0, 1.0), result: 0.0})
now error: 0.0
newest best op: Uniop(df,'ZipCode','117161.52653224206',(['HospitalName'], {('wedowee hospital',)}),{left: ("[FunctionalDependency:(s: {HospitalName}, t: {ZipCode})]", 0.0), operator: *, right: (1.0, 1.0), result: 0.0})
now error: 0.0
newest best op: Uniop(df,'ZipCode','179816.5952080903',(['HospitalName'], {('wedowee hospital',)}),{left: ("[FunctionalDependency:(s: {HospitalName}, t: {ZipCode})]", 0.0), operator: *, right: (1.0, 1.0), result: 0.0})
now error: 0.0
newest best op: Uniop(df,'ZipCode','36278.0',(['HospitalName'], {('wedowee hospital',)}),{left: ("[FunctionalDependency:(s: {HospitalName}, t: {ZipCode})]", 0.0), operator: *, right: (1.0, 1.0), result: 0.0})
now error: 0.0
Block processing time: 0.165566 seconds
Computing Block 11 out of 79
Processing Block size=22
begin cleaner{left: ("[FunctionalDependency:(s: {HospitalName}, t: {ZipCode})]", 0.0), operator: *, right: (1.0, 1.0), result: 0.0}
列 'p' 不存在，对列 ZipCode 不过滤，直接选择所有非无效值。
clean_bool length:5
newest best op: Uniop(df,'ZipCode','120185.74968315923',(['HospitalName'], {('marshall medical center north',)}),{left: ("[FunctionalDependency:(s: {HospitalName}, t: {ZipCode})]", 0.0), operator: *, right: (1.0, 1.0), result: 0.0})
now error: 0.0
newest best op: Uniop(df,'ZipCode','162261.71685176488',(['HospitalName'], {('marshall medical center north',)}),{left: ("[FunctionalDependency:(s: {HospitalName}, t: {ZipCode})]", 0.0), operator: *, right: (1.0, 1.0), result: 0.0})
now error: 0.0
newest best op: Uniop(df,'ZipCode','35976.0',(['HospitalName'], {('marshall medical center north',)}),{left: ("[FunctionalDependency:(s: {HospitalName}, t: {ZipCode})]", 0.0), operator: *, right: (1.0, 1.0), result: 0.0})
now error: 0.0
Block processing time: 0.13117 seconds
Computing Block 12 out of 79
Processing Block size=23
begin cleaner{left: ("[FunctionalDependency:(s: {HospitalName}, t: {ZipCode})]", 0.0), operator: *, right: (1.0, 1.0), result: 0.0}
列 'p' 不存在，对列 ZipCode 不过滤，直接选择所有非无效值。
clean_bool length:7
newest best op: Uniop(df,'ZipCode','107984.85289651116',(['HospitalName'], {('chilton medical center',)}),{left: ("[FunctionalDependency:(s: {HospitalName}, t: {ZipCode})]", 0.0), operator: *, right: (1.0, 1.0), result: 0.0})
now error: 0.0
newest best op: Uniop(df,'ZipCode','201317.4646273393',(['HospitalName'], {('chilton medical center',)}),{left: ("[FunctionalDependency:(s: {HospitalName}, t: {ZipCode})]", 0.0), operator: *, right: (1.0, 1.0), result: 0.0})
now error: 0.0
newest best op: Uniop(df,'ZipCode','131333.45130861326',(['HospitalName'], {('chilton medical center',)}),{left: ("[FunctionalDependency:(s: {HospitalName}, t: {ZipCode})]", 0.0), operator: *, right: (1.0, 1.0), result: 0.0})
now error: 0.0
newest best op: Uniop(df,'ZipCode','35045.0',(['HospitalName'], {('chilton medical center',)}),{left: ("[FunctionalDependency:(s: {HospitalName}, t: {ZipCode})]", 0.0), operator: *, right: (1.0, 1.0), result: 0.0})
now error: 0.0
Block processing time: 0.188218 seconds
Computing Block 13 out of 79
Processing Block size=24
begin cleaner{left: ("[FunctionalDependency:(s: {HospitalName}, t: {ZipCode})]", 0.0), operator: *, right: (1.0, 1.0), result: 0.0}
列 'p' 不存在，对列 ZipCode 不过滤，直接选择所有非无效值。
clean_bool length:5
newest best op: Uniop(df,'ZipCode','131924.4350952837',(['HospitalName'], {('marshall medical center south',)}),{left: ("[FunctionalDependency:(s: {HospitalName}, t: {ZipCode})]", 0.0), operator: *, right: (1.0, 1.0), result: 0.0})
now error: 0.0
newest best op: Uniop(df,'ZipCode','35957.0',(['HospitalName'], {('marshall medical center south',)}),{left: ("[FunctionalDependency:(s: {HospitalName}, t: {ZipCode})]", 0.0), operator: *, right: (1.0, 1.0), result: 0.0})
now error: 0.0
Block processing time: 0.136746 seconds
Computing Block 14 out of 79
Processing Block size=25
begin cleaner{left: ("[FunctionalDependency:(s: {HospitalName}, t: {ZipCode})]", 0.0), operator: *, right: (1.0, 1.0), result: 0.0}
列 'p' 不存在，对列 ZipCode 不过滤，直接选择所有非无效值。
clean_bool length:4
newest best op: Uniop(df,'ZipCode','35968.0',(['HospitalName'], {('dekalb regional medical center',)}),{left: ("[FunctionalDependency:(s: {HospitalName}, t: {ZipCode})]", 0.0), operator: *, right: (1.0, 1.0), result: 0.0})
now error: 0.0
Block processing time: 0.113194 seconds
Computing Block 17 out of 79
Processing Block size=25
begin cleaner{left: ("[FunctionalDependency:(s: {HospitalName}, t: {ZipCode})]", 0.0), operator: *, right: (1.0, 1.0), result: 0.0}
列 'p' 不存在，对列 ZipCode 不过滤，直接选择所有非无效值。
clean_bool length:4
newest best op: Uniop(df,'ZipCode','140808.88954872926',(['HospitalName'], {('southwest alabama medical center',)}),{left: ("[FunctionalDependency:(s: {HospitalName}, t: {ZipCode})]", 0.0), operator: *, right: (1.0, 1.0), result: 0.0})
now error: 0.0
newest best op: Uniop(df,'ZipCode','196840.72158548815',(['HospitalName'], {('southwest alabama medical center',)}),{left: ("[FunctionalDependency:(s: {HospitalName}, t: {ZipCode})]", 0.0), operator: *, right: (1.0, 1.0), result: 0.0})
now error: 0.0
newest best op: Uniop(df,'ZipCode','36784.0',(['HospitalName'], {('southwest alabama medical center',)}),{left: ("[FunctionalDependency:(s: {HospitalName}, t: {ZipCode})]", 0.0), operator: *, right: (1.0, 1.0), result: 0.0})
now error: 0.0
Block processing time: 0.150468 seconds
Computing Block 19 out of 79
Processing Block size=23
begin cleaner{left: ("[FunctionalDependency:(s: {HospitalName}, t: {ZipCode})]", 0.0), operator: *, right: (1.0, 1.0), result: 0.0}
列 'p' 不存在，对列 ZipCode 不过滤，直接选择所有非无效值。
clean_bool length:5
newest best op: Uniop(df,'ZipCode','152290.80396557593',(['HospitalName'], {('callahan eye foundation hospital',)}),{left: ("[FunctionalDependency:(s: {HospitalName}, t: {ZipCode})]", 0.0), operator: *, right: (1.0, 1.0), result: 0.0})
now error: 0.0
newest best op: Uniop(df,'ZipCode','35233.0',(['HospitalName'], {('callahan eye foundation hospital',)}),{left: ("[FunctionalDependency:(s: {HospitalName}, t: {ZipCode})]", 0.0), operator: *, right: (1.0, 1.0), result: 0.0})
now error: 0.0
Block processing time: 0.131395 seconds
Computing Block 21 out of 79
Processing Block size=24
begin cleaner{left: ("[FunctionalDependency:(s: {HospitalName}, t: {ZipCode})]", 0.0), operator: *, right: (1.0, 1.0), result: 0.0}
列 'p' 不存在，对列 ZipCode 不过滤，直接选择所有非无效值。
clean_bool length:5
newest best op: Uniop(df,'ZipCode','166095.8097748085',(['HospitalName'], {('east alabama medical center and snf',)}),{left: ("[FunctionalDependency:(s: {HospitalName}, t: {ZipCode})]", 0.0), operator: *, right: (1.0, 1.0), result: 0.0})
now error: 0.0
newest best op: Uniop(df,'ZipCode','36801.0',(['HospitalName'], {('east alabama medical center and snf',)}),{left: ("[FunctionalDependency:(s: {HospitalName}, t: {ZipCode})]", 0.0), operator: *, right: (1.0, 1.0), result: 0.0})
now error: 0.0
Block processing time: 0.140632 seconds
Computing Block 22 out of 79
Processing Block size=2
begin cleaner{left: ("[FunctionalDependency:(s: {HospitalName}, t: {ZipCode})]", 0.0), operator: *, right: (1.0, 1.0), result: 0.0}
列 'p' 不存在，对列 ZipCode 不过滤，直接选择所有非无效值。
clean_bool length:2
newest best op: Uniop(df,'ZipCode','35653.0',(['HospitalName'], {('russellville hospital',)}),{left: ("[FunctionalDependency:(s: {HospitalName}, t: {ZipCode})]", 0.0), operator: *, right: (1.0, 1.0), result: 0.0})
now error: 0.0
Block processing time: 0.005816 seconds
Computing Block 23 out of 79
Processing Block size=28
begin cleaner{left: ("[FunctionalDependency:(s: {HospitalName}, t: {ZipCode})]", 0.0), operator: *, right: (1.0, 1.0), result: 0.0}
列 'p' 不存在，对列 ZipCode 不过滤，直接选择所有非无效值。
clean_bool length:4
newest best op: Uniop(df,'ZipCode','36201.0',(['HospitalName'], {('stringfellow memorial hospital',)}),{left: ("[FunctionalDependency:(s: {HospitalName}, t: {ZipCode})]", 0.0), operator: *, right: (1.0, 1.0), result: 0.0})
now error: 0.0
Block processing time: 0.126038 seconds
Computing Block 24 out of 79
Processing Block size=25
begin cleaner{left: ("[FunctionalDependency:(s: {HospitalName}, t: {ZipCode})]", 0.0), operator: *, right: (1.0, 1.0), result: 0.0}
列 'p' 不存在，对列 ZipCode 不过滤，直接选择所有非无效值。
clean_bool length:8
newest best op: Uniop(df,'ZipCode','113580.91654441383',(['HospitalName'], {('baptist medical center south',)}),{left: ("[FunctionalDependency:(s: {HospitalName}, t: {ZipCode})]", 0.0), operator: *, right: (1.0, 1.0), result: 0.0})
now error: 0.0
newest best op: Uniop(df,'ZipCode','191530.88206189047',(['HospitalName'], {('baptist medical center south',)}),{left: ("[FunctionalDependency:(s: {HospitalName}, t: {ZipCode})]", 0.0), operator: *, right: (1.0, 1.0), result: 0.0})
now error: 0.0
newest best op: Uniop(df,'ZipCode','149126.95996238085',(['HospitalName'], {('baptist medical center south',)}),{left: ("[FunctionalDependency:(s: {HospitalName}, t: {ZipCode})]", 0.0), operator: *, right: (1.0, 1.0), result: 0.0})
now error: 0.0
newest best op: Uniop(df,'ZipCode','36116.0',(['HospitalName'], {('baptist medical center south',)}),{left: ("[FunctionalDependency:(s: {HospitalName}, t: {ZipCode})]", 0.0), operator: *, right: (1.0, 1.0), result: 0.0})
now error: 0.0
Block processing time: 0.227176 seconds
Computing Block 26 out of 79
Processing Block size=24
begin cleaner{left: ("[FunctionalDependency:(s: {HospitalName}, t: {ZipCode})]", 0.0), operator: *, right: (1.0, 1.0), result: 0.0}
列 'p' 不存在，对列 ZipCode 不过滤，直接选择所有非无效值。
clean_bool length:5
newest best op: Uniop(df,'ZipCode','35631.0',(['HospitalName'], {('eliza coffee memorial hospital',)}),{left: ("[FunctionalDependency:(s: {HospitalName}, t: {ZipCode})]", 0.0), operator: *, right: (1.0, 1.0), result: 0.0})
now error: 0.0
Block processing time: 0.156864 seconds
Computing Block 31 out of 79
Processing Block size=2
begin cleaner{left: ("[FunctionalDependency:(s: {HospitalName}, t: {ZipCode})]", 0.0), operator: *, right: (1.0, 1.0), result: 0.0}
列 'p' 不存在，对列 ZipCode 不过滤，直接选择所有非无效值。
Block processing time: 0.002873 seconds
Computing Block 34 out of 79
Processing Block size=19
begin cleaner{left: ("[FunctionalDependency:(s: {HospitalName}, t: {ZipCode})]", 0.0), operator: *, right: (1.0, 1.0), result: 0.0}
列 'p' 不存在，对列 ZipCode 不过滤，直接选择所有非无效值。
clean_bool length:7
newest best op: Uniop(df,'ZipCode','193129.75428604626',(['HospitalName'], {('st vincents blount',)}),{left: ("[FunctionalDependency:(s: {HospitalName}, t: {ZipCode})]", 0.0), operator: *, right: (1.0, 1.0), result: 0.0})
now error: 0.0
newest best op: Uniop(df,'ZipCode','35121.0',(['HospitalName'], {('st vincents blount',)}),{left: ("[FunctionalDependency:(s: {HospitalName}, t: {ZipCode})]", 0.0), operator: *, right: (1.0, 1.0), result: 0.0})
now error: 0.0
Block processing time: 0.162131 seconds
Computing Block 36 out of 79
Processing Block size=24
begin cleaner{left: ("[FunctionalDependency:(s: {HospitalName}, t: {ZipCode})]", 0.0), operator: *, right: (1.0, 1.0), result: 0.0}
列 'p' 不存在，对列 ZipCode 不过滤，直接选择所有非无效值。
clean_bool length:4
newest best op: Uniop(df,'ZipCode','160864.09948889236',(['HospitalName'], {('hartselle medical center',)}),{left: ("[FunctionalDependency:(s: {HospitalName}, t: {ZipCode})]", 0.0), operator: *, right: (1.0, 1.0), result: 0.0})
now error: 0.0
newest best op: Uniop(df,'ZipCode','35640.0',(['HospitalName'], {('hartselle medical center',)}),{left: ("[FunctionalDependency:(s: {HospitalName}, t: {ZipCode})]", 0.0), operator: *, right: (1.0, 1.0), result: 0.0})
now error: 0.0
Block processing time: 0.108379 seconds
Computing Block 37 out of 79
Processing Block size=16
begin cleaner{left: ("[FunctionalDependency:(s: {HospitalName}, t: {ZipCode})]", 0.0), operator: *, right: (1.0, 1.0), result: 0.0}
列 'p' 不存在，对列 ZipCode 不过滤，直接选择所有非无效值。
clean_bool length:5
newest best op: Uniop(df,'ZipCode','205220.66066295674',(['HospitalName'], {('flowers hospital',)}),{left: ("[FunctionalDependency:(s: {HospitalName}, t: {ZipCode})]", 0.0), operator: *, right: (1.0, 1.0), result: 0.0})
now error: 0.0
newest best op: Uniop(df,'ZipCode','36305.0',(['HospitalName'], {('flowers hospital',)}),{left: ("[FunctionalDependency:(s: {HospitalName}, t: {ZipCode})]", 0.0), operator: *, right: (1.0, 1.0), result: 0.0})
now error: 0.0
Block processing time: 0.091316 seconds
Computing Block 39 out of 79
Processing Block size=18
begin cleaner{left: ("[FunctionalDependency:(s: {HospitalName}, t: {ZipCode})]", 0.0), operator: *, right: (1.0, 1.0), result: 0.0}
列 'p' 不存在，对列 ZipCode 不过滤，直接选择所有非无效值。
clean_bool length:2
newest best op: Uniop(df,'ZipCode','99508.0',(['HospitalName'], {('alaska regional hospital',)}),{left: ("[FunctionalDependency:(s: {HospitalName}, t: {ZipCode})]", 0.0), operator: *, right: (1.0, 1.0), result: 0.0})
now error: 0.0
Block processing time: 0.040826 seconds
Computing Block 40 out of 79
Processing Block size=20
begin cleaner{left: ("[FunctionalDependency:(s: {HospitalName}, t: {ZipCode})]", 0.0), operator: *, right: (1.0, 1.0), result: 0.0}
列 'p' 不存在，对列 ZipCode 不过滤，直接选择所有非无效值。
clean_bool length:5
newest best op: Uniop(df,'ZipCode','141616.7299323976',(['HospitalName'], {('northwest medical center',)}),{left: ("[FunctionalDependency:(s: {HospitalName}, t: {ZipCode})]", 0.0), operator: *, right: (1.0, 1.0), result: 0.0})
now error: 0.0
newest best op: Uniop(df,'ZipCode','111706.95350379858',(['HospitalName'], {('northwest medical center',)}),{left: ("[FunctionalDependency:(s: {HospitalName}, t: {ZipCode})]", 0.0), operator: *, right: (1.0, 1.0), result: 0.0})
now error: 0.0
newest best op: Uniop(df,'ZipCode','35594.0',(['HospitalName'], {('northwest medical center',)}),{left: ("[FunctionalDependency:(s: {HospitalName}, t: {ZipCode})]", 0.0), operator: *, right: (1.0, 1.0), result: 0.0})
now error: 0.0
Block processing time: 0.115157 seconds
Computing Block 41 out of 79
Processing Block size=24
begin cleaner{left: ("[FunctionalDependency:(s: {HospitalName}, t: {ZipCode})]", 0.0), operator: *, right: (1.0, 1.0), result: 0.0}
列 'p' 不存在，对列 ZipCode 不过滤，直接选择所有非无效值。
clean_bool length:7
newest best op: Uniop(df,'ZipCode','36854.0',(['HospitalName'], {('g h lanier memorial hospital',)}),{left: ("[FunctionalDependency:(s: {HospitalName}, t: {ZipCode})]", 0.0), operator: *, right: (1.0, 1.0), result: 0.0})
now error: 0.0
Block processing time: 0.196576 seconds
Computing Block 44 out of 79
Processing Block size=24
begin cleaner{left: ("[FunctionalDependency:(s: {HospitalName}, t: {ZipCode})]", 0.0), operator: *, right: (1.0, 1.0), result: 0.0}
列 'p' 不存在，对列 ZipCode 不过滤，直接选择所有非无效值。
clean_bool length:4
newest best op: Uniop(df,'ZipCode','36420.0',(['HospitalName'], {('andalusia regional hospital',)}),{left: ("[FunctionalDependency:(s: {HospitalName}, t: {ZipCode})]", 0.0), operator: *, right: (1.0, 1.0), result: 0.0})
now error: 0.0
Block processing time: 0.118158 seconds
Computing Block 46 out of 79
Processing Block size=5
begin cleaner{left: ("[FunctionalDependency:(s: {HospitalName}, t: {ZipCode})]", 0.0), operator: *, right: (1.0, 1.0), result: 0.0}
列 'p' 不存在，对列 ZipCode 不过滤，直接选择所有非无效值。
Block processing time: 0.008173 seconds
Computing Block 47 out of 79
Processing Block size=25
begin cleaner{left: ("[FunctionalDependency:(s: {HospitalName}, t: {ZipCode})]", 0.0), operator: *, right: (1.0, 1.0), result: 0.0}
列 'p' 不存在，对列 ZipCode 不过滤，直接选择所有非无效值。
clean_bool length:5
newest best op: Uniop(df,'ZipCode','36049.0',(['HospitalName'], {('crenshaw community hospital',)}),{left: ("[FunctionalDependency:(s: {HospitalName}, t: {ZipCode})]", 0.0), operator: *, right: (1.0, 1.0), result: 0.0})
now error: 0.0
Block processing time: 0.148171 seconds
Computing Block 49 out of 79
Processing Block size=22
begin cleaner{left: ("[FunctionalDependency:(s: {HospitalName}, t: {ZipCode})]", 0.0), operator: *, right: (1.0, 1.0), result: 0.0}
列 'p' 不存在，对列 ZipCode 不过滤，直接选择所有非无效值。
clean_bool length:6
newest best op: Uniop(df,'ZipCode','171489.0775308047',(['HospitalName'], {('community hospital inc',)}),{left: ("[FunctionalDependency:(s: {HospitalName}, t: {ZipCode})]", 0.0), operator: *, right: (1.0, 1.0), result: 0.0})
now error: 0.0
newest best op: Uniop(df,'ZipCode','36078.0',(['HospitalName'], {('community hospital inc',)}),{left: ("[FunctionalDependency:(s: {HospitalName}, t: {ZipCode})]", 0.0), operator: *, right: (1.0, 1.0), result: 0.0})
now error: 0.0
Block processing time: 0.151983 seconds
Computing Block 50 out of 79
Processing Block size=22
begin cleaner{left: ("[FunctionalDependency:(s: {HospitalName}, t: {ZipCode})]", 0.0), operator: *, right: (1.0, 1.0), result: 0.0}
列 'p' 不存在，对列 ZipCode 不过滤，直接选择所有非无效值。
clean_bool length:8
newest best op: Uniop(df,'ZipCode','36360.0',(['HospitalName'], {('dale medical center',)}),{left: ("[FunctionalDependency:(s: {HospitalName}, t: {ZipCode})]", 0.0), operator: *, right: (1.0, 1.0), result: 0.0})
now error: 0.0
Block processing time: 0.200798 seconds
Computing Block 51 out of 79
Processing Block size=20
begin cleaner{left: ("[FunctionalDependency:(s: {HospitalName}, t: {ZipCode})]", 0.0), operator: *, right: (1.0, 1.0), result: 0.0}
列 'p' 不存在，对列 ZipCode 不过滤，直接选择所有非无效值。
clean_bool length:6
newest best op: Uniop(df,'ZipCode','108221.01297054668',(['HospitalName'], {('cherokee medical center',)}),{left: ("[FunctionalDependency:(s: {HospitalName}, t: {ZipCode})]", 0.0), operator: *, right: (1.0, 1.0), result: 0.0})
now error: 0.0
newest best op: Uniop(df,'ZipCode','123854.27408308514',(['HospitalName'], {('cherokee medical center',)}),{left: ("[FunctionalDependency:(s: {HospitalName}, t: {ZipCode})]", 0.0), operator: *, right: (1.0, 1.0), result: 0.0})
now error: 0.0
newest best op: Uniop(df,'ZipCode','35960.0',(['HospitalName'], {('cherokee medical center',)}),{left: ("[FunctionalDependency:(s: {HospitalName}, t: {ZipCode})]", 0.0), operator: *, right: (1.0, 1.0), result: 0.0})
now error: 0.0
Block processing time: 0.136982 seconds
Computing Block 52 out of 79
Processing Block size=23
begin cleaner{left: ("[FunctionalDependency:(s: {HospitalName}, t: {ZipCode})]", 0.0), operator: *, right: (1.0, 1.0), result: 0.0}
列 'p' 不存在，对列 ZipCode 不过滤，直接选择所有非无效值。
clean_bool length:6
newest best op: Uniop(df,'ZipCode','35007.0',(['HospitalName'], {('shelby baptist medical center',)}),{left: ("[FunctionalDependency:(s: {HospitalName}, t: {ZipCode})]", 0.0), operator: *, right: (1.0, 1.0), result: 0.0})
now error: 0.0
Block processing time: 0.157575 seconds
Computing Block 54 out of 79
Processing Block size=23
begin cleaner{left: ("[FunctionalDependency:(s: {HospitalName}, t: {ZipCode})]", 0.0), operator: *, right: (1.0, 1.0), result: 0.0}
列 'p' 不存在，对列 ZipCode 不过滤，直接选择所有非无效值。
clean_bool length:5
newest best op: Uniop(df,'ZipCode','36467.0',(['HospitalName'], {('mizell memorial hospital',)}),{left: ("[FunctionalDependency:(s: {HospitalName}, t: {ZipCode})]", 0.0), operator: *, right: (1.0, 1.0), result: 0.0})
now error: 0.0
Block processing time: 0.131812 seconds
Computing Block 55 out of 79
Processing Block size=18
begin cleaner{left: ("[FunctionalDependency:(s: {HospitalName}, t: {ZipCode})]", 0.0), operator: *, right: (1.0, 1.0), result: 0.0}
列 'p' 不存在，对列 ZipCode 不过滤，直接选择所有非无效值。
clean_bool length:3
newest best op: Uniop(df,'ZipCode','209294.6199172843',(['HospitalName'], {('coosa valley medical center',)}),{left: ("[FunctionalDependency:(s: {HospitalName}, t: {ZipCode})]", 0.0), operator: *, right: (1.0, 1.0), result: 0.0})
now error: 0.0
newest best op: Uniop(df,'ZipCode','35150.0',(['HospitalName'], {('coosa valley medical center',)}),{left: ("[FunctionalDependency:(s: {HospitalName}, t: {ZipCode})]", 0.0), operator: *, right: (1.0, 1.0), result: 0.0})
now error: 0.0
Block processing time: 0.0614 seconds
Computing Block 56 out of 79
Processing Block size=25
begin cleaner{left: ("[FunctionalDependency:(s: {HospitalName}, t: {ZipCode})]", 0.0), operator: *, right: (1.0, 1.0), result: 0.0}
列 'p' 不存在，对列 ZipCode 不过滤，直接选择所有非无效值。
clean_bool length:6
newest best op: Uniop(df,'ZipCode','128291.48865356886',(['HospitalName'], {('university of alabama hospital',)}),{left: ("[FunctionalDependency:(s: {HospitalName}, t: {ZipCode})]", 0.0), operator: *, right: (1.0, 1.0), result: 0.0})
now error: 0.0
newest best op: Uniop(df,'ZipCode','129132.68516409614',(['HospitalName'], {('university of alabama hospital',)}),{left: ("[FunctionalDependency:(s: {HospitalName}, t: {ZipCode})]", 0.0), operator: *, right: (1.0, 1.0), result: 0.0})
now error: 0.0
newest best op: Uniop(df,'ZipCode','142023.26605472527',(['HospitalName'], {('university of alabama hospital',)}),{left: ("[FunctionalDependency:(s: {HospitalName}, t: {ZipCode})]", 0.0), operator: *, right: (1.0, 1.0), result: 0.0})
now error: 0.0
newest best op: Uniop(df,'ZipCode','192623.88623530223',(['HospitalName'], {('university of alabama hospital',)}),{left: ("[FunctionalDependency:(s: {HospitalName}, t: {ZipCode})]", 0.0), operator: *, right: (1.0, 1.0), result: 0.0})
now error: 0.0
newest best op: Uniop(df,'ZipCode','35233.0',(['HospitalName'], {('university of alabama hospital',)}),{left: ("[FunctionalDependency:(s: {HospitalName}, t: {ZipCode})]", 0.0), operator: *, right: (1.0, 1.0), result: 0.0})
now error: 0.0
Block processing time: 0.169159 seconds
Computing Block 58 out of 79
Processing Block size=23
begin cleaner{left: ("[FunctionalDependency:(s: {HospitalName}, t: {ZipCode})]", 0.0), operator: *, right: (1.0, 1.0), result: 0.0}
列 'p' 不存在，对列 ZipCode 不过滤，直接选择所有非无效值。
clean_bool length:3
newest best op: Uniop(df,'ZipCode','35660.0',(['HospitalName'], {('helen keller memorial hospital',)}),{left: ("[FunctionalDependency:(s: {HospitalName}, t: {ZipCode})]", 0.0), operator: *, right: (1.0, 1.0), result: 0.0})
now error: 0.0
Block processing time: 0.07785 seconds
Computing Block 61 out of 79
Processing Block size=13
begin cleaner{left: ("[FunctionalDependency:(s: {HospitalName}, t: {ZipCode})]", 0.0), operator: *, right: (1.0, 1.0), result: 0.0}
列 'p' 不存在，对列 ZipCode 不过滤，直接选择所有非无效值。
clean_bool length:4
newest best op: Uniop(df,'ZipCode','152999.15128702254',(['HospitalName'], {('univ of south alabama medical center',)}),{left: ("[FunctionalDependency:(s: {HospitalName}, t: {ZipCode})]", 0.0), operator: *, right: (1.0, 1.0), result: 0.0})
now error: 0.0
newest best op: Uniop(df,'ZipCode','36617.0',(['HospitalName'], {('univ of south alabama medical center',)}),{left: ("[FunctionalDependency:(s: {HospitalName}, t: {ZipCode})]", 0.0), operator: *, right: (1.0, 1.0), result: 0.0})
now error: 0.0
Block processing time: 0.059428 seconds
Computing Block 62 out of 79
Processing Block size=25
begin cleaner{left: ("[FunctionalDependency:(s: {HospitalName}, t: {ZipCode})]", 0.0), operator: *, right: (1.0, 1.0), result: 0.0}
列 'p' 不存在，对列 ZipCode 不过滤，直接选择所有非无效值。
clean_bool length:4
newest best op: Uniop(df,'ZipCode','131092.73758128937',(['HospitalName'], {('gadsden regional medical center',)}),{left: ("[FunctionalDependency:(s: {HospitalName}, t: {ZipCode})]", 0.0), operator: *, right: (1.0, 1.0), result: 0.0})
now error: 0.0
newest best op: Uniop(df,'ZipCode','35903.0',(['HospitalName'], {('gadsden regional medical center',)}),{left: ("[FunctionalDependency:(s: {HospitalName}, t: {ZipCode})]", 0.0), operator: *, right: (1.0, 1.0), result: 0.0})
now error: 0.0
Block processing time: 0.113381 seconds
Computing Block 64 out of 79
Processing Block size=24
begin cleaner{left: ("[FunctionalDependency:(s: {HospitalName}, t: {ZipCode})]", 0.0), operator: *, right: (1.0, 1.0), result: 0.0}
列 'p' 不存在，对列 ZipCode 不过滤，直接选择所有非无效值。
clean_bool length:8
newest best op: Uniop(df,'ZipCode','184405.0548271147',(['HospitalName'], {('cullman regional medical center',)}),{left: ("[FunctionalDependency:(s: {HospitalName}, t: {ZipCode})]", 0.0), operator: *, right: (1.0, 1.0), result: 0.0})
now error: 0.0
newest best op: Uniop(df,'ZipCode','35058.0',(['HospitalName'], {('cullman regional medical center',)}),{left: ("[FunctionalDependency:(s: {HospitalName}, t: {ZipCode})]", 0.0), operator: *, right: (1.0, 1.0), result: 0.0})
now error: 0.0
Block processing time: 0.217083 seconds
Computing Block 67 out of 79
Processing Block size=23
begin cleaner{left: ("[FunctionalDependency:(s: {HospitalName}, t: {ZipCode})]", 0.0), operator: *, right: (1.0, 1.0), result: 0.0}
列 'p' 不存在，对列 ZipCode 不过滤，直接选择所有非无效值。
clean_bool length:6
newest best op: Uniop(df,'ZipCode','125483.3692506375',(['HospitalName'], {('medical center enterprise',)}),{left: ("[FunctionalDependency:(s: {HospitalName}, t: {ZipCode})]", 0.0), operator: *, right: (1.0, 1.0), result: 0.0})
now error: 0.0
newest best op: Uniop(df,'ZipCode','36330.0',(['HospitalName'], {('medical center enterprise',)}),{left: ("[FunctionalDependency:(s: {HospitalName}, t: {ZipCode})]", 0.0), operator: *, right: (1.0, 1.0), result: 0.0})
now error: 0.0
Block processing time: 0.15568 seconds
Computing Block 69 out of 79
Processing Block size=25
begin cleaner{left: ("[FunctionalDependency:(s: {HospitalName}, t: {ZipCode})]", 0.0), operator: *, right: (1.0, 1.0), result: 0.0}
列 'p' 不存在，对列 ZipCode 不过滤，直接选择所有非无效值。
clean_bool length:4
newest best op: Uniop(df,'ZipCode','35235.0',(['HospitalName'], {('st vincents east',)}),{left: ("[FunctionalDependency:(s: {HospitalName}, t: {ZipCode})]", 0.0), operator: *, right: (1.0, 1.0), result: 0.0})
now error: 0.0
Block processing time: 0.112105 seconds
Computing Block 70 out of 79
Processing Block size=25
begin cleaner{left: ("[FunctionalDependency:(s: {HospitalName}, t: {ZipCode})]", 0.0), operator: *, right: (1.0, 1.0), result: 0.0}
列 'p' 不存在，对列 ZipCode 不过滤，直接选择所有非无效值。
clean_bool length:7
newest best op: Uniop(df,'ZipCode','35801.0',(['HospitalName'], {('huntsville hospital',)}),{left: ("[FunctionalDependency:(s: {HospitalName}, t: {ZipCode})]", 0.0), operator: *, right: (1.0, 1.0), result: 0.0})
now error: 0.0
Block processing time: 0.199233 seconds
Computing Block 72 out of 79
Processing Block size=22
begin cleaner{left: ("[FunctionalDependency:(s: {HospitalName}, t: {ZipCode})]", 0.0), operator: *, right: (1.0, 1.0), result: 0.0}
列 'p' 不存在，对列 ZipCode 不过滤，直接选择所有非无效值。
clean_bool length:3
newest best op: Uniop(df,'ZipCode','176127.6016793548',(['HospitalName'], {('marion regional medical center',)}),{left: ("[FunctionalDependency:(s: {HospitalName}, t: {ZipCode})]", 0.0), operator: *, right: (1.0, 1.0), result: 0.0})
now error: 0.0
newest best op: Uniop(df,'ZipCode','35570.0',(['HospitalName'], {('marion regional medical center',)}),{left: ("[FunctionalDependency:(s: {HospitalName}, t: {ZipCode})]", 0.0), operator: *, right: (1.0, 1.0), result: 0.0})
now error: 0.0
Block processing time: 0.074463 seconds
Computing Block 76 out of 79
Processing Block size=23
begin cleaner{left: ("[FunctionalDependency:(s: {HospitalName}, t: {ZipCode})]", 0.0), operator: *, right: (1.0, 1.0), result: 0.0}
列 'p' 不存在，对列 ZipCode 不过滤，直接选择所有非无效值。
clean_bool length:9
newest best op: Uniop(df,'ZipCode','136112.2318140241',(['HospitalName'], {('elba general hospital',)}),{left: ("[FunctionalDependency:(s: {HospitalName}, t: {ZipCode})]", 0.0), operator: *, right: (1.0, 1.0), result: 0.0})
now error: 0.0
newest best op: Uniop(df,'ZipCode','36323.0',(['HospitalName'], {('elba general hospital',)}),{left: ("[FunctionalDependency:(s: {HospitalName}, t: {ZipCode})]", 0.0), operator: *, right: (1.0, 1.0), result: 0.0})
now error: 0.0
Block processing time: 0.234478 seconds
Computing Block 77 out of 79
Processing Block size=19
begin cleaner{left: ("[FunctionalDependency:(s: {HospitalName}, t: {ZipCode})]", 0.0), operator: *, right: (1.0, 1.0), result: 0.0}
列 'p' 不存在，对列 ZipCode 不过滤，直接选择所有非无效值。
clean_bool length:3
newest best op: Uniop(df,'ZipCode','36067.0',(['HospitalName'], {('prattville baptist hospital',)}),{left: ("[FunctionalDependency:(s: {HospitalName}, t: {ZipCode})]", 0.0), operator: *, right: (1.0, 1.0), result: 0.0})
now error: 0.0
Block processing time: 0.0641 seconds
Computing Block 79 out of 79
Processing Block size=22
begin cleaner{left: ("[FunctionalDependency:(s: {HospitalName}, t: {ZipCode})]", 0.0), operator: *, right: (1.0, 1.0), result: 0.0}
列 'p' 不存在，对列 ZipCode 不过滤，直接选择所有非无效值。
clean_bool length:7
newest best op: Uniop(df,'ZipCode','187986.48053655782',(['HospitalName'], {('georgiana hospital',)}),{left: ("[FunctionalDependency:(s: {HospitalName}, t: {ZipCode})]", 0.0), operator: *, right: (1.0, 1.0), result: 0.0})
now error: 0.0
newest best op: Uniop(df,'ZipCode','36033.0',(['HospitalName'], {('georgiana hospital',)}),{left: ("[FunctionalDependency:(s: {HospitalName}, t: {ZipCode})]", 0.0), operator: *, right: (1.0, 1.0), result: 0.0})
now error: 0.0
Block processing time: 0.174494 seconds
  当前节点: ZipCode 有 42 个清洗操作
  当前节点: PhoneNumber 存在可用清洗信号
数据块大小: 1000
分块属性:
[['HospitalName']]
Starting initial block mapping...
Initial number of blocks: 80
Final number of blocks after further splitting: 79
Computing Block 1 out of 79
Processing Block size=23
begin cleaner[FunctionalDependency:(s: {'HospitalName'}, t: {'PhoneNumber'})]*1.0
列 'p' 不存在，对列 PhoneNumber 不过滤，直接选择所有非无效值。
clean_bool length:5
newest best op: Uniop(df,'PhoneNumber','16935015659.272877',(['HospitalName'], {('jackson hospital & clinic inc',)}),{left: ("[FunctionalDependency:(s: {HospitalName}, t: {PhoneNumber})]", 0.0), operator: *, right: (1.0, 1.0), result: 0.0})
now error: 0.0
newest best op: Uniop(df,'PhoneNumber','16448035113.923887',(['HospitalName'], {('jackson hospital & clinic inc',)}),{left: ("[FunctionalDependency:(s: {HospitalName}, t: {PhoneNumber})]", 0.0), operator: *, right: (1.0, 1.0), result: 0.0})
now error: 0.0
newest best op: Uniop(df,'PhoneNumber','3342938000.0',(['HospitalName'], {('jackson hospital & clinic inc',)}),{left: ("[FunctionalDependency:(s: {HospitalName}, t: {PhoneNumber})]", 0.0), operator: *, right: (1.0, 1.0), result: 0.0})
now error: 0.0
Block processing time: 0.132129 seconds
Computing Block 5 out of 79
Processing Block size=26
begin cleaner{left: ("[FunctionalDependency:(s: {HospitalName}, t: {PhoneNumber})]", 0.0), operator: *, right: (1.0, 1.0), result: 0.0}
列 'p' 不存在，对列 PhoneNumber 不过滤，直接选择所有非无效值。
clean_bool length:5
newest best op: Uniop(df,'PhoneNumber','11042416608.637331',(['HospitalName'], {('riverview regional medical center',)}),{left: ("[FunctionalDependency:(s: {HospitalName}, t: {PhoneNumber})]", 0.0), operator: *, right: (1.0, 1.0), result: 0.0})
now error: 0.0
newest best op: Uniop(df,'PhoneNumber','14628933955.468855',(['HospitalName'], {('riverview regional medical center',)}),{left: ("[FunctionalDependency:(s: {HospitalName}, t: {PhoneNumber})]", 0.0), operator: *, right: (1.0, 1.0), result: 0.0})
now error: 0.0
newest best op: Uniop(df,'PhoneNumber','9630456053.456463',(['HospitalName'], {('riverview regional medical center',)}),{left: ("[FunctionalDependency:(s: {HospitalName}, t: {PhoneNumber})]", 0.0), operator: *, right: (1.0, 1.0), result: 0.0})
now error: 0.0
newest best op: Uniop(df,'PhoneNumber','2565435200.0',(['HospitalName'], {('riverview regional medical center',)}),{left: ("[FunctionalDependency:(s: {HospitalName}, t: {PhoneNumber})]", 0.0), operator: *, right: (1.0, 1.0), result: 0.0})
now error: 0.0
Block processing time: 0.147783 seconds
Computing Block 6 out of 79
Processing Block size=25
begin cleaner{left: ("[FunctionalDependency:(s: {HospitalName}, t: {PhoneNumber})]", 0.0), operator: *, right: (1.0, 1.0), result: 0.0}
列 'p' 不存在，对列 PhoneNumber 不过滤，直接选择所有非无效值。
clean_bool length:5
newest best op: Uniop(df,'PhoneNumber','2059325966.0',(['HospitalName'], {('fayette medical center',)}),{left: ("[FunctionalDependency:(s: {HospitalName}, t: {PhoneNumber})]", 0.0), operator: *, right: (1.0, 1.0), result: 0.0})
now error: 0.0
Block processing time: 0.141575 seconds
Computing Block 7 out of 79
Processing Block size=22
begin cleaner{left: ("[FunctionalDependency:(s: {HospitalName}, t: {PhoneNumber})]", 0.0), operator: *, right: (1.0, 1.0), result: 0.0}
列 'p' 不存在，对列 PhoneNumber 不过滤，直接选择所有非无效值。
clean_bool length:4
newest best op: Uniop(df,'PhoneNumber','3347938701.0',(['HospitalName'], {('southeast alabama medical center',)}),{left: ("[FunctionalDependency:(s: {HospitalName}, t: {PhoneNumber})]", 0.0), operator: *, right: (1.0, 1.0), result: 0.0})
now error: 0.0
Block processing time: 0.10103 seconds
Computing Block 10 out of 79
Processing Block size=24
begin cleaner{left: ("[FunctionalDependency:(s: {HospitalName}, t: {PhoneNumber})]", 0.0), operator: *, right: (1.0, 1.0), result: 0.0}
列 'p' 不存在，对列 PhoneNumber 不过滤，直接选择所有非无效值。
clean_bool length:5
newest best op: Uniop(df,'PhoneNumber','12586048334.070072',(['HospitalName'], {('wedowee hospital',)}),{left: ("[FunctionalDependency:(s: {HospitalName}, t: {PhoneNumber})]", 0.0), operator: *, right: (1.0, 1.0), result: 0.0})
now error: 0.0
newest best op: Uniop(df,'PhoneNumber','2563572111.0',(['HospitalName'], {('wedowee hospital',)}),{left: ("[FunctionalDependency:(s: {HospitalName}, t: {PhoneNumber})]", 0.0), operator: *, right: (1.0, 1.0), result: 0.0})
now error: 0.0
Block processing time: 0.136444 seconds
Computing Block 11 out of 79
Processing Block size=22
begin cleaner{left: ("[FunctionalDependency:(s: {HospitalName}, t: {PhoneNumber})]", 0.0), operator: *, right: (1.0, 1.0), result: 0.0}
列 'p' 不存在，对列 PhoneNumber 不过滤，直接选择所有非无效值。
clean_bool length:5
newest best op: Uniop(df,'PhoneNumber','13654603629.800806',(['HospitalName'], {('marshall medical center north',)}),{left: ("[FunctionalDependency:(s: {HospitalName}, t: {PhoneNumber})]", 0.0), operator: *, right: (1.0, 1.0), result: 0.0})
now error: 0.0
newest best op: Uniop(df,'PhoneNumber','2565718000.0',(['HospitalName'], {('marshall medical center north',)}),{left: ("[FunctionalDependency:(s: {HospitalName}, t: {PhoneNumber})]", 0.0), operator: *, right: (1.0, 1.0), result: 0.0})
now error: 0.0
Block processing time: 0.12565 seconds
Computing Block 12 out of 79
Processing Block size=23
begin cleaner{left: ("[FunctionalDependency:(s: {HospitalName}, t: {PhoneNumber})]", 0.0), operator: *, right: (1.0, 1.0), result: 0.0}
列 'p' 不存在，对列 PhoneNumber 不过滤，直接选择所有非无效值。
clean_bool length:6
newest best op: Uniop(df,'PhoneNumber','2057552500.0',(['HospitalName'], {('chilton medical center',)}),{left: ("[FunctionalDependency:(s: {HospitalName}, t: {PhoneNumber})]", 0.0), operator: *, right: (1.0, 1.0), result: 0.0})
now error: 0.0
Block processing time: 0.157412 seconds
Computing Block 13 out of 79
Processing Block size=24
begin cleaner{left: ("[FunctionalDependency:(s: {HospitalName}, t: {PhoneNumber})]", 0.0), operator: *, right: (1.0, 1.0), result: 0.0}
列 'p' 不存在，对列 PhoneNumber 不过滤，直接选择所有非无效值。
clean_bool length:6
newest best op: Uniop(df,'PhoneNumber','10614158730.323986',(['HospitalName'], {('marshall medical center south',)}),{left: ("[FunctionalDependency:(s: {HospitalName}, t: {PhoneNumber})]", 0.0), operator: *, right: (1.0, 1.0), result: 0.0})
now error: 0.0
newest best op: Uniop(df,'PhoneNumber','9920579407.04099',(['HospitalName'], {('marshall medical center south',)}),{left: ("[FunctionalDependency:(s: {HospitalName}, t: {PhoneNumber})]", 0.0), operator: *, right: (1.0, 1.0), result: 0.0})
now error: 0.0
newest best op: Uniop(df,'PhoneNumber','2565938310.0',(['HospitalName'], {('marshall medical center south',)}),{left: ("[FunctionalDependency:(s: {HospitalName}, t: {PhoneNumber})]", 0.0), operator: *, right: (1.0, 1.0), result: 0.0})
now error: 0.0
Block processing time: 0.165205 seconds
Computing Block 14 out of 79
Processing Block size=25
begin cleaner{left: ("[FunctionalDependency:(s: {HospitalName}, t: {PhoneNumber})]", 0.0), operator: *, right: (1.0, 1.0), result: 0.0}
列 'p' 不存在，对列 PhoneNumber 不过滤，直接选择所有非无效值。
clean_bool length:5
newest best op: Uniop(df,'PhoneNumber','2568453150.0',(['HospitalName'], {('dekalb regional medical center',)}),{left: ("[FunctionalDependency:(s: {HospitalName}, t: {PhoneNumber})]", 0.0), operator: *, right: (1.0, 1.0), result: 0.0})
now error: 0.0
Block processing time: 0.142952 seconds
Computing Block 17 out of 79
Processing Block size=25
begin cleaner{left: ("[FunctionalDependency:(s: {HospitalName}, t: {PhoneNumber})]", 0.0), operator: *, right: (1.0, 1.0), result: 0.0}
列 'p' 不存在，对列 PhoneNumber 不过滤，直接选择所有非无效值。
clean_bool length:6
newest best op: Uniop(df,'PhoneNumber','3346366221.0',(['HospitalName'], {('southwest alabama medical center',)}),{left: ("[FunctionalDependency:(s: {HospitalName}, t: {PhoneNumber})]", 0.0), operator: *, right: (1.0, 1.0), result: 0.0})
now error: 0.0
Block processing time: 0.171325 seconds
Computing Block 19 out of 79
Processing Block size=23
begin cleaner{left: ("[FunctionalDependency:(s: {HospitalName}, t: {PhoneNumber})]", 0.0), operator: *, right: (1.0, 1.0), result: 0.0}
列 'p' 不存在，对列 PhoneNumber 不过滤，直接选择所有非无效值。
clean_bool length:6
newest best op: Uniop(df,'PhoneNumber','2053258100.0',(['HospitalName'], {('callahan eye foundation hospital',)}),{left: ("[FunctionalDependency:(s: {HospitalName}, t: {PhoneNumber})]", 0.0), operator: *, right: (1.0, 1.0), result: 0.0})
now error: 0.0
Block processing time: 0.158185 seconds
Computing Block 21 out of 79
Processing Block size=24
begin cleaner{left: ("[FunctionalDependency:(s: {HospitalName}, t: {PhoneNumber})]", 0.0), operator: *, right: (1.0, 1.0), result: 0.0}
列 'p' 不存在，对列 PhoneNumber 不过滤，直接选择所有非无效值。
clean_bool length:5
newest best op: Uniop(df,'PhoneNumber','3347493411.0',(['HospitalName'], {('east alabama medical center and snf',)}),{left: ("[FunctionalDependency:(s: {HospitalName}, t: {PhoneNumber})]", 0.0), operator: *, right: (1.0, 1.0), result: 0.0})
now error: 0.0
Block processing time: 0.138157 seconds
Computing Block 22 out of 79
Processing Block size=2
begin cleaner{left: ("[FunctionalDependency:(s: {HospitalName}, t: {PhoneNumber})]", 0.0), operator: *, right: (1.0, 1.0), result: 0.0}
列 'p' 不存在，对列 PhoneNumber 不过滤，直接选择所有非无效值。
Block processing time: 0.002592 seconds
Computing Block 23 out of 79
Processing Block size=28
begin cleaner{left: ("[FunctionalDependency:(s: {HospitalName}, t: {PhoneNumber})]", 0.0), operator: *, right: (1.0, 1.0), result: 0.0}
列 'p' 不存在，对列 PhoneNumber 不过滤，直接选择所有非无效值。
clean_bool length:8
newest best op: Uniop(df,'PhoneNumber','9244810605.289175',(['HospitalName'], {('stringfellow memorial hospital',)}),{left: ("[FunctionalDependency:(s: {HospitalName}, t: {PhoneNumber})]", 0.0), operator: *, right: (1.0, 1.0), result: 0.0})
now error: 0.0
newest best op: Uniop(df,'PhoneNumber','12881621883.653107',(['HospitalName'], {('stringfellow memorial hospital',)}),{left: ("[FunctionalDependency:(s: {HospitalName}, t: {PhoneNumber})]", 0.0), operator: *, right: (1.0, 1.0), result: 0.0})
now error: 0.0
newest best op: Uniop(df,'PhoneNumber','2562358900.0',(['HospitalName'], {('stringfellow memorial hospital',)}),{left: ("[FunctionalDependency:(s: {HospitalName}, t: {PhoneNumber})]", 0.0), operator: *, right: (1.0, 1.0), result: 0.0})
now error: 0.0
Block processing time: 0.254916 seconds
Computing Block 24 out of 79
Processing Block size=25
begin cleaner{left: ("[FunctionalDependency:(s: {HospitalName}, t: {PhoneNumber})]", 0.0), operator: *, right: (1.0, 1.0), result: 0.0}
列 'p' 不存在，对列 PhoneNumber 不过滤，直接选择所有非无效值。
clean_bool length:7
newest best op: Uniop(df,'PhoneNumber','17827406509.597862',(['HospitalName'], {('baptist medical center south',)}),{left: ("[FunctionalDependency:(s: {HospitalName}, t: {PhoneNumber})]", 0.0), operator: *, right: (1.0, 1.0), result: 0.0})
now error: 0.0
newest best op: Uniop(df,'PhoneNumber','17669485053.047287',(['HospitalName'], {('baptist medical center south',)}),{left: ("[FunctionalDependency:(s: {HospitalName}, t: {PhoneNumber})]", 0.0), operator: *, right: (1.0, 1.0), result: 0.0})
now error: 0.0
newest best op: Uniop(df,'PhoneNumber','3342882100.0',(['HospitalName'], {('baptist medical center south',)}),{left: ("[FunctionalDependency:(s: {HospitalName}, t: {PhoneNumber})]", 0.0), operator: *, right: (1.0, 1.0), result: 0.0})
now error: 0.0
Block processing time: 0.201318 seconds
Computing Block 26 out of 79
Processing Block size=24
begin cleaner{left: ("[FunctionalDependency:(s: {HospitalName}, t: {PhoneNumber})]", 0.0), operator: *, right: (1.0, 1.0), result: 0.0}
列 'p' 不存在，对列 PhoneNumber 不过滤，直接选择所有非无效值。
clean_bool length:6
newest best op: Uniop(df,'PhoneNumber','12559313724.456991',(['HospitalName'], {('eliza coffee memorial hospital',)}),{left: ("[FunctionalDependency:(s: {HospitalName}, t: {PhoneNumber})]", 0.0), operator: *, right: (1.0, 1.0), result: 0.0})
now error: 0.0
newest best op: Uniop(df,'PhoneNumber','2567688400.0',(['HospitalName'], {('eliza coffee memorial hospital',)}),{left: ("[FunctionalDependency:(s: {HospitalName}, t: {PhoneNumber})]", 0.0), operator: *, right: (1.0, 1.0), result: 0.0})
now error: 0.0
Block processing time: 0.165823 seconds
Computing Block 31 out of 79
Processing Block size=2
begin cleaner{left: ("[FunctionalDependency:(s: {HospitalName}, t: {PhoneNumber})]", 0.0), operator: *, right: (1.0, 1.0), result: 0.0}
列 'p' 不存在，对列 PhoneNumber 不过滤，直接选择所有非无效值。
clean_bool length:3
newest best op: Uniop(df,'PhoneNumber','9075436300.0',(['HospitalName'], {('yukon kuskokwim delta reg hospital',)}),{left: ("[FunctionalDependency:(s: {HospitalName}, t: {PhoneNumber})]", 0.0), operator: *, right: (1.0, 1.0), result: 0.0})
now error: 0.0
Block processing time: 0.008429 seconds
Computing Block 34 out of 79
Processing Block size=19
begin cleaner{left: ("[FunctionalDependency:(s: {HospitalName}, t: {PhoneNumber})]", 0.0), operator: *, right: (1.0, 1.0), result: 0.0}
列 'p' 不存在，对列 PhoneNumber 不过滤，直接选择所有非无效值。
clean_bool length:3
newest best op: Uniop(df,'PhoneNumber','6339243268.132057',(['HospitalName'], {('st vincents blount',)}),{left: ("[FunctionalDependency:(s: {HospitalName}, t: {PhoneNumber})]", 0.0), operator: *, right: (1.0, 1.0), result: 0.0})
now error: 0.0
newest best op: Uniop(df,'PhoneNumber','2052743000.0',(['HospitalName'], {('st vincents blount',)}),{left: ("[FunctionalDependency:(s: {HospitalName}, t: {PhoneNumber})]", 0.0), operator: *, right: (1.0, 1.0), result: 0.0})
now error: 0.0
Block processing time: 0.065291 seconds
Computing Block 36 out of 79
Processing Block size=24
begin cleaner{left: ("[FunctionalDependency:(s: {HospitalName}, t: {PhoneNumber})]", 0.0), operator: *, right: (1.0, 1.0), result: 0.0}
列 'p' 不存在，对列 PhoneNumber 不过滤，直接选择所有非无效值。
clean_bool length:5
newest best op: Uniop(df,'PhoneNumber','9909835761.604544',(['HospitalName'], {('hartselle medical center',)}),{left: ("[FunctionalDependency:(s: {HospitalName}, t: {PhoneNumber})]", 0.0), operator: *, right: (1.0, 1.0), result: 0.0})
now error: 0.0
newest best op: Uniop(df,'PhoneNumber','2567736511.0',(['HospitalName'], {('hartselle medical center',)}),{left: ("[FunctionalDependency:(s: {HospitalName}, t: {PhoneNumber})]", 0.0), operator: *, right: (1.0, 1.0), result: 0.0})
now error: 0.0
Block processing time: 0.137154 seconds
Computing Block 37 out of 79
Processing Block size=16
begin cleaner{left: ("[FunctionalDependency:(s: {HospitalName}, t: {PhoneNumber})]", 0.0), operator: *, right: (1.0, 1.0), result: 0.0}
列 'p' 不存在，对列 PhoneNumber 不过滤，直接选择所有非无效值。
clean_bool length:4
newest best op: Uniop(df,'PhoneNumber','3347935000.0',(['HospitalName'], {('flowers hospital',)}),{left: ("[FunctionalDependency:(s: {HospitalName}, t: {PhoneNumber})]", 0.0), operator: *, right: (1.0, 1.0), result: 0.0})
now error: 0.0
Block processing time: 0.073763 seconds
Computing Block 39 out of 79
Processing Block size=18
begin cleaner{left: ("[FunctionalDependency:(s: {HospitalName}, t: {PhoneNumber})]", 0.0), operator: *, right: (1.0, 1.0), result: 0.0}
列 'p' 不存在，对列 PhoneNumber 不过滤，直接选择所有非无效值。
clean_bool length:4
newest best op: Uniop(df,'PhoneNumber','43013732292.47191',(['HospitalName'], {('alaska regional hospital',)}),{left: ("[FunctionalDependency:(s: {HospitalName}, t: {PhoneNumber})]", 0.0), operator: *, right: (1.0, 1.0), result: 0.0})
now error: 0.0
newest best op: Uniop(df,'PhoneNumber','9072761131.0',(['HospitalName'], {('alaska regional hospital',)}),{left: ("[FunctionalDependency:(s: {HospitalName}, t: {PhoneNumber})]", 0.0), operator: *, right: (1.0, 1.0), result: 0.0})
now error: 0.0
Block processing time: 0.082488 seconds
Computing Block 40 out of 79
Processing Block size=20
begin cleaner{left: ("[FunctionalDependency:(s: {HospitalName}, t: {PhoneNumber})]", 0.0), operator: *, right: (1.0, 1.0), result: 0.0}
列 'p' 不存在，对列 PhoneNumber 不过滤，直接选择所有非无效值。
clean_bool length:5
newest best op: Uniop(df,'PhoneNumber','10652000235.476492',(['HospitalName'], {('northwest medical center',)}),{left: ("[FunctionalDependency:(s: {HospitalName}, t: {PhoneNumber})]", 0.0), operator: *, right: (1.0, 1.0), result: 0.0})
now error: 0.0
newest best op: Uniop(df,'PhoneNumber','10703647241.051447',(['HospitalName'], {('northwest medical center',)}),{left: ("[FunctionalDependency:(s: {HospitalName}, t: {PhoneNumber})]", 0.0), operator: *, right: (1.0, 1.0), result: 0.0})
now error: 0.0
newest best op: Uniop(df,'PhoneNumber','2054877736.0',(['HospitalName'], {('northwest medical center',)}),{left: ("[FunctionalDependency:(s: {HospitalName}, t: {PhoneNumber})]", 0.0), operator: *, right: (1.0, 1.0), result: 0.0})
now error: 0.0
Block processing time: 0.115593 seconds
Computing Block 41 out of 79
Processing Block size=24
begin cleaner{left: ("[FunctionalDependency:(s: {HospitalName}, t: {PhoneNumber})]", 0.0), operator: *, right: (1.0, 1.0), result: 0.0}
列 'p' 不存在，对列 PhoneNumber 不过滤，直接选择所有非无效值。
clean_bool length:4
newest best op: Uniop(df,'PhoneNumber','10416519914.249311',(['HospitalName'], {('g h lanier memorial hospital',)}),{left: ("[FunctionalDependency:(s: {HospitalName}, t: {PhoneNumber})]", 0.0), operator: *, right: (1.0, 1.0), result: 0.0})
now error: 0.0
newest best op: Uniop(df,'PhoneNumber','3347561400.0',(['HospitalName'], {('g h lanier memorial hospital',)}),{left: ("[FunctionalDependency:(s: {HospitalName}, t: {PhoneNumber})]", 0.0), operator: *, right: (1.0, 1.0), result: 0.0})
now error: 0.0
Block processing time: 0.109262 seconds
Computing Block 44 out of 79
Processing Block size=24
begin cleaner{left: ("[FunctionalDependency:(s: {HospitalName}, t: {PhoneNumber})]", 0.0), operator: *, right: (1.0, 1.0), result: 0.0}
列 'p' 不存在，对列 PhoneNumber 不过滤，直接选择所有非无效值。
clean_bool length:3
newest best op: Uniop(df,'PhoneNumber','3342228466.0',(['HospitalName'], {('andalusia regional hospital',)}),{left: ("[FunctionalDependency:(s: {HospitalName}, t: {PhoneNumber})]", 0.0), operator: *, right: (1.0, 1.0), result: 0.0})
now error: 0.0
Block processing time: 0.081496 seconds
Computing Block 46 out of 79
Processing Block size=5
begin cleaner{left: ("[FunctionalDependency:(s: {HospitalName}, t: {PhoneNumber})]", 0.0), operator: *, right: (1.0, 1.0), result: 0.0}
列 'p' 不存在，对列 PhoneNumber 不过滤，直接选择所有非无效值。
Block processing time: 0.006092 seconds
Computing Block 47 out of 79
Processing Block size=25
begin cleaner{left: ("[FunctionalDependency:(s: {HospitalName}, t: {PhoneNumber})]", 0.0), operator: *, right: (1.0, 1.0), result: 0.0}
列 'p' 不存在，对列 PhoneNumber 不过滤，直接选择所有非无效值。
clean_bool length:4
newest best op: Uniop(df,'PhoneNumber','11717944151.50174',(['HospitalName'], {('crenshaw community hospital',)}),{left: ("[FunctionalDependency:(s: {HospitalName}, t: {PhoneNumber})]", 0.0), operator: *, right: (1.0, 1.0), result: 0.0})
now error: 0.0
newest best op: Uniop(df,'PhoneNumber','17534250775.506588',(['HospitalName'], {('crenshaw community hospital',)}),{left: ("[FunctionalDependency:(s: {HospitalName}, t: {PhoneNumber})]", 0.0), operator: *, right: (1.0, 1.0), result: 0.0})
now error: 0.0
newest best op: Uniop(df,'PhoneNumber','3343353374.0',(['HospitalName'], {('crenshaw community hospital',)}),{left: ("[FunctionalDependency:(s: {HospitalName}, t: {PhoneNumber})]", 0.0), operator: *, right: (1.0, 1.0), result: 0.0})
now error: 0.0
Block processing time: 0.11365 seconds
Computing Block 49 out of 79
Processing Block size=22
begin cleaner{left: ("[FunctionalDependency:(s: {HospitalName}, t: {PhoneNumber})]", 0.0), operator: *, right: (1.0, 1.0), result: 0.0}
列 'p' 不存在，对列 PhoneNumber 不过滤，直接选择所有非无效值。
clean_bool length:9
newest best op: Uniop(df,'PhoneNumber','11795781303.684921',(['HospitalName'], {('community hospital inc',)}),{left: ("[FunctionalDependency:(s: {HospitalName}, t: {PhoneNumber})]", 0.0), operator: *, right: (1.0, 1.0), result: 0.0})
now error: 0.0
newest best op: Uniop(df,'PhoneNumber','3342836541.0',(['HospitalName'], {('community hospital inc',)}),{left: ("[FunctionalDependency:(s: {HospitalName}, t: {PhoneNumber})]", 0.0), operator: *, right: (1.0, 1.0), result: 0.0})
now error: 0.0
Block processing time: 0.228027 seconds
Computing Block 50 out of 79
Processing Block size=22
begin cleaner{left: ("[FunctionalDependency:(s: {HospitalName}, t: {PhoneNumber})]", 0.0), operator: *, right: (1.0, 1.0), result: 0.0}
列 'p' 不存在，对列 PhoneNumber 不过滤，直接选择所有非无效值。
clean_bool length:5
newest best op: Uniop(df,'PhoneNumber','12813883353.01914',(['HospitalName'], {('dale medical center',)}),{left: ("[FunctionalDependency:(s: {HospitalName}, t: {PhoneNumber})]", 0.0), operator: *, right: (1.0, 1.0), result: 0.0})
now error: 0.0
newest best op: Uniop(df,'PhoneNumber','3347742601.0',(['HospitalName'], {('dale medical center',)}),{left: ("[FunctionalDependency:(s: {HospitalName}, t: {PhoneNumber})]", 0.0), operator: *, right: (1.0, 1.0), result: 0.0})
now error: 0.0
Block processing time: 0.125443 seconds
Computing Block 51 out of 79
Processing Block size=20
begin cleaner{left: ("[FunctionalDependency:(s: {HospitalName}, t: {PhoneNumber})]", 0.0), operator: *, right: (1.0, 1.0), result: 0.0}
列 'p' 不存在，对列 PhoneNumber 不过滤，直接选择所有非无效值。
clean_bool length:7
newest best op: Uniop(df,'PhoneNumber','13258525131.825556',(['HospitalName'], {('cherokee medical center',)}),{left: ("[FunctionalDependency:(s: {HospitalName}, t: {PhoneNumber})]", 0.0), operator: *, right: (1.0, 1.0), result: 0.0})
now error: 0.0
newest best op: Uniop(df,'PhoneNumber','2569275531.0',(['HospitalName'], {('cherokee medical center',)}),{left: ("[FunctionalDependency:(s: {HospitalName}, t: {PhoneNumber})]", 0.0), operator: *, right: (1.0, 1.0), result: 0.0})
now error: 0.0
Block processing time: 0.162021 seconds
Computing Block 52 out of 79
Processing Block size=23
begin cleaner{left: ("[FunctionalDependency:(s: {HospitalName}, t: {PhoneNumber})]", 0.0), operator: *, right: (1.0, 1.0), result: 0.0}
列 'p' 不存在，对列 PhoneNumber 不过滤，直接选择所有非无效值。
clean_bool length:6
newest best op: Uniop(df,'PhoneNumber','9783166232.727722',(['HospitalName'], {('shelby baptist medical center',)}),{left: ("[FunctionalDependency:(s: {HospitalName}, t: {PhoneNumber})]", 0.0), operator: *, right: (1.0, 1.0), result: 0.0})
now error: 0.0
newest best op: Uniop(df,'PhoneNumber','8830313614.117918',(['HospitalName'], {('shelby baptist medical center',)}),{left: ("[FunctionalDependency:(s: {HospitalName}, t: {PhoneNumber})]", 0.0), operator: *, right: (1.0, 1.0), result: 0.0})
now error: 0.0
newest best op: Uniop(df,'PhoneNumber','2056208100.0',(['HospitalName'], {('shelby baptist medical center',)}),{left: ("[FunctionalDependency:(s: {HospitalName}, t: {PhoneNumber})]", 0.0), operator: *, right: (1.0, 1.0), result: 0.0})
now error: 0.0
Block processing time: 0.157497 seconds
Computing Block 54 out of 79
Processing Block size=23
begin cleaner{left: ("[FunctionalDependency:(s: {HospitalName}, t: {PhoneNumber})]", 0.0), operator: *, right: (1.0, 1.0), result: 0.0}
列 'p' 不存在，对列 PhoneNumber 不过滤，直接选择所有非无效值。
clean_bool length:7
newest best op: Uniop(df,'PhoneNumber','10305618547.237017',(['HospitalName'], {('mizell memorial hospital',)}),{left: ("[FunctionalDependency:(s: {HospitalName}, t: {PhoneNumber})]", 0.0), operator: *, right: (1.0, 1.0), result: 0.0})
now error: 0.0
newest best op: Uniop(df,'PhoneNumber','3344933541.0',(['HospitalName'], {('mizell memorial hospital',)}),{left: ("[FunctionalDependency:(s: {HospitalName}, t: {PhoneNumber})]", 0.0), operator: *, right: (1.0, 1.0), result: 0.0})
now error: 0.0
Block processing time: 0.186324 seconds
Computing Block 55 out of 79
Processing Block size=18
begin cleaner{left: ("[FunctionalDependency:(s: {HospitalName}, t: {PhoneNumber})]", 0.0), operator: *, right: (1.0, 1.0), result: 0.0}
列 'p' 不存在，对列 PhoneNumber 不过滤，直接选择所有非无效值。
clean_bool length:5
newest best op: Uniop(df,'PhoneNumber','13691973385.338709',(['HospitalName'], {('coosa valley medical center',)}),{left: ("[FunctionalDependency:(s: {HospitalName}, t: {PhoneNumber})]", 0.0), operator: *, right: (1.0, 1.0), result: 0.0})
now error: 0.0
newest best op: Uniop(df,'PhoneNumber','14629387140.176563',(['HospitalName'], {('coosa valley medical center',)}),{left: ("[FunctionalDependency:(s: {HospitalName}, t: {PhoneNumber})]", 0.0), operator: *, right: (1.0, 1.0), result: 0.0})
now error: 0.0
newest best op: Uniop(df,'PhoneNumber','2562495000.0',(['HospitalName'], {('coosa valley medical center',)}),{left: ("[FunctionalDependency:(s: {HospitalName}, t: {PhoneNumber})]", 0.0), operator: *, right: (1.0, 1.0), result: 0.0})
now error: 0.0
Block processing time: 0.102994 seconds
Computing Block 56 out of 79
Processing Block size=25
begin cleaner{left: ("[FunctionalDependency:(s: {HospitalName}, t: {PhoneNumber})]", 0.0), operator: *, right: (1.0, 1.0), result: 0.0}
列 'p' 不存在，对列 PhoneNumber 不过滤，直接选择所有非无效值。
clean_bool length:6
newest best op: Uniop(df,'PhoneNumber','9109077646.64546',(['HospitalName'], {('university of alabama hospital',)}),{left: ("[FunctionalDependency:(s: {HospitalName}, t: {PhoneNumber})]", 0.0), operator: *, right: (1.0, 1.0), result: 0.0})
now error: 0.0
newest best op: Uniop(df,'PhoneNumber','12023929660.230038',(['HospitalName'], {('university of alabama hospital',)}),{left: ("[FunctionalDependency:(s: {HospitalName}, t: {PhoneNumber})]", 0.0), operator: *, right: (1.0, 1.0), result: 0.0})
now error: 0.0
newest best op: Uniop(df,'PhoneNumber','7567434074.206102',(['HospitalName'], {('university of alabama hospital',)}),{left: ("[FunctionalDependency:(s: {HospitalName}, t: {PhoneNumber})]", 0.0), operator: *, right: (1.0, 1.0), result: 0.0})
now error: 0.0
newest best op: Uniop(df,'PhoneNumber','2059344011.0',(['HospitalName'], {('university of alabama hospital',)}),{left: ("[FunctionalDependency:(s: {HospitalName}, t: {PhoneNumber})]", 0.0), operator: *, right: (1.0, 1.0), result: 0.0})
now error: 0.0
Block processing time: 0.170677 seconds
Computing Block 58 out of 79
Processing Block size=23
begin cleaner{left: ("[FunctionalDependency:(s: {HospitalName}, t: {PhoneNumber})]", 0.0), operator: *, right: (1.0, 1.0), result: 0.0}
列 'p' 不存在，对列 PhoneNumber 不过滤，直接选择所有非无效值。
clean_bool length:5
newest best op: Uniop(df,'PhoneNumber','12532355344.890657',(['HospitalName'], {('helen keller memorial hospital',)}),{left: ("[FunctionalDependency:(s: {HospitalName}, t: {PhoneNumber})]", 0.0), operator: *, right: (1.0, 1.0), result: 0.0})
now error: 0.0
newest best op: Uniop(df,'PhoneNumber','2563864556.0',(['HospitalName'], {('helen keller memorial hospital',)}),{left: ("[FunctionalDependency:(s: {HospitalName}, t: {PhoneNumber})]", 0.0), operator: *, right: (1.0, 1.0), result: 0.0})
now error: 0.0
Block processing time: 0.131789 seconds
Computing Block 61 out of 79
Processing Block size=13
begin cleaner{left: ("[FunctionalDependency:(s: {HospitalName}, t: {PhoneNumber})]", 0.0), operator: *, right: (1.0, 1.0), result: 0.0}
列 'p' 不存在，对列 PhoneNumber 不过滤，直接选择所有非无效值。
clean_bool length:5
newest best op: Uniop(df,'PhoneNumber','11578347510.821512',(['HospitalName'], {('univ of south alabama medical center',)}),{left: ("[FunctionalDependency:(s: {HospitalName}, t: {PhoneNumber})]", 0.0), operator: *, right: (1.0, 1.0), result: 0.0})
now error: 0.0
newest best op: Uniop(df,'PhoneNumber','2514717110.0',(['HospitalName'], {('univ of south alabama medical center',)}),{left: ("[FunctionalDependency:(s: {HospitalName}, t: {PhoneNumber})]", 0.0), operator: *, right: (1.0, 1.0), result: 0.0})
now error: 0.0
Block processing time: 0.075763 seconds
Computing Block 62 out of 79
Processing Block size=25
begin cleaner{left: ("[FunctionalDependency:(s: {HospitalName}, t: {PhoneNumber})]", 0.0), operator: *, right: (1.0, 1.0), result: 0.0}
列 'p' 不存在，对列 PhoneNumber 不过滤，直接选择所有非无效值。
clean_bool length:10
newest best op: Uniop(df,'PhoneNumber','11800406820.643587',(['HospitalName'], {('gadsden regional medical center',)}),{left: ("[FunctionalDependency:(s: {HospitalName}, t: {PhoneNumber})]", 0.0), operator: *, right: (1.0, 1.0), result: 0.0})
now error: 0.0
newest best op: Uniop(df,'PhoneNumber','10267084932.209793',(['HospitalName'], {('gadsden regional medical center',)}),{left: ("[FunctionalDependency:(s: {HospitalName}, t: {PhoneNumber})]", 0.0), operator: *, right: (1.0, 1.0), result: 0.0})
now error: 0.0
newest best op: Uniop(df,'PhoneNumber','15141772049.271181',(['HospitalName'], {('gadsden regional medical center',)}),{left: ("[FunctionalDependency:(s: {HospitalName}, t: {PhoneNumber})]", 0.0), operator: *, right: (1.0, 1.0), result: 0.0})
now error: 0.0
newest best op: Uniop(df,'PhoneNumber','2564944000.0',(['HospitalName'], {('gadsden regional medical center',)}),{left: ("[FunctionalDependency:(s: {HospitalName}, t: {PhoneNumber})]", 0.0), operator: *, right: (1.0, 1.0), result: 0.0})
now error: 0.0
Block processing time: 0.291606 seconds
Computing Block 64 out of 79
Processing Block size=24
begin cleaner{left: ("[FunctionalDependency:(s: {HospitalName}, t: {PhoneNumber})]", 0.0), operator: *, right: (1.0, 1.0), result: 0.0}
列 'p' 不存在，对列 PhoneNumber 不过滤，直接选择所有非无效值。
clean_bool length:3
newest best op: Uniop(df,'PhoneNumber','2567372000.0',(['HospitalName'], {('cullman regional medical center',)}),{left: ("[FunctionalDependency:(s: {HospitalName}, t: {PhoneNumber})]", 0.0), operator: *, right: (1.0, 1.0), result: 0.0})
now error: 0.0
Block processing time: 0.082348 seconds
Computing Block 67 out of 79
Processing Block size=23
begin cleaner{left: ("[FunctionalDependency:(s: {HospitalName}, t: {PhoneNumber})]", 0.0), operator: *, right: (1.0, 1.0), result: 0.0}
列 'p' 不存在，对列 PhoneNumber 不过滤，直接选择所有非无效值。
clean_bool length:6
newest best op: Uniop(df,'PhoneNumber','17466651024.9046',(['HospitalName'], {('medical center enterprise',)}),{left: ("[FunctionalDependency:(s: {HospitalName}, t: {PhoneNumber})]", 0.0), operator: *, right: (1.0, 1.0), result: 0.0})
now error: 0.0
newest best op: Uniop(df,'PhoneNumber','3343470584.0',(['HospitalName'], {('medical center enterprise',)}),{left: ("[FunctionalDependency:(s: {HospitalName}, t: {PhoneNumber})]", 0.0), operator: *, right: (1.0, 1.0), result: 0.0})
now error: 0.0
Block processing time: 0.158177 seconds
Computing Block 69 out of 79
Processing Block size=25
begin cleaner{left: ("[FunctionalDependency:(s: {HospitalName}, t: {PhoneNumber})]", 0.0), operator: *, right: (1.0, 1.0), result: 0.0}
列 'p' 不存在，对列 PhoneNumber 不过滤，直接选择所有非无效值。
clean_bool length:6
newest best op: Uniop(df,'PhoneNumber','7258066747.670571',(['HospitalName'], {('st vincents east',)}),{left: ("[FunctionalDependency:(s: {HospitalName}, t: {PhoneNumber})]", 0.0), operator: *, right: (1.0, 1.0), result: 0.0})
now error: 0.0
newest best op: Uniop(df,'PhoneNumber','10596539387.359142',(['HospitalName'], {('st vincents east',)}),{left: ("[FunctionalDependency:(s: {HospitalName}, t: {PhoneNumber})]", 0.0), operator: *, right: (1.0, 1.0), result: 0.0})
now error: 0.0
newest best op: Uniop(df,'PhoneNumber','2058383122.0',(['HospitalName'], {('st vincents east',)}),{left: ("[FunctionalDependency:(s: {HospitalName}, t: {PhoneNumber})]", 0.0), operator: *, right: (1.0, 1.0), result: 0.0})
now error: 0.0
Block processing time: 0.172549 seconds
Computing Block 70 out of 79
Processing Block size=25
begin cleaner{left: ("[FunctionalDependency:(s: {HospitalName}, t: {PhoneNumber})]", 0.0), operator: *, right: (1.0, 1.0), result: 0.0}
列 'p' 不存在，对列 PhoneNumber 不过滤，直接选择所有非无效值。
clean_bool length:4
newest best op: Uniop(df,'PhoneNumber','2562651000.0',(['HospitalName'], {('huntsville hospital',)}),{left: ("[FunctionalDependency:(s: {HospitalName}, t: {PhoneNumber})]", 0.0), operator: *, right: (1.0, 1.0), result: 0.0})
now error: 0.0
Block processing time: 0.113771 seconds
Computing Block 72 out of 79
Processing Block size=22
begin cleaner{left: ("[FunctionalDependency:(s: {HospitalName}, t: {PhoneNumber})]", 0.0), operator: *, right: (1.0, 1.0), result: 0.0}
列 'p' 不存在，对列 PhoneNumber 不过滤，直接选择所有非无效值。
clean_bool length:5
newest best op: Uniop(df,'PhoneNumber','2059216200.0',(['HospitalName'], {('marion regional medical center',)}),{left: ("[FunctionalDependency:(s: {HospitalName}, t: {PhoneNumber})]", 0.0), operator: *, right: (1.0, 1.0), result: 0.0})
now error: 0.0
Block processing time: 0.125649 seconds
Computing Block 76 out of 79
Processing Block size=23
begin cleaner{left: ("[FunctionalDependency:(s: {HospitalName}, t: {PhoneNumber})]", 0.0), operator: *, right: (1.0, 1.0), result: 0.0}
列 'p' 不存在，对列 PhoneNumber 不过滤，直接选择所有非无效值。
clean_bool length:4
newest best op: Uniop(df,'PhoneNumber','3348972257.0',(['HospitalName'], {('elba general hospital',)}),{left: ("[FunctionalDependency:(s: {HospitalName}, t: {PhoneNumber})]", 0.0), operator: *, right: (1.0, 1.0), result: 0.0})
now error: 0.0
Block processing time: 0.104685 seconds
Computing Block 77 out of 79
Processing Block size=19
begin cleaner{left: ("[FunctionalDependency:(s: {HospitalName}, t: {PhoneNumber})]", 0.0), operator: *, right: (1.0, 1.0), result: 0.0}
列 'p' 不存在，对列 PhoneNumber 不过滤，直接选择所有非无效值。
clean_bool length:7
newest best op: Uniop(df,'PhoneNumber','18470827103.29502',(['HospitalName'], {('prattville baptist hospital',)}),{left: ("[FunctionalDependency:(s: {HospitalName}, t: {PhoneNumber})]", 0.0), operator: *, right: (1.0, 1.0), result: 0.0})
now error: 0.0
newest best op: Uniop(df,'PhoneNumber','18229151220.058018',(['HospitalName'], {('prattville baptist hospital',)}),{left: ("[FunctionalDependency:(s: {HospitalName}, t: {PhoneNumber})]", 0.0), operator: *, right: (1.0, 1.0), result: 0.0})
now error: 0.0
newest best op: Uniop(df,'PhoneNumber','13390584632.784344',(['HospitalName'], {('prattville baptist hospital',)}),{left: ("[FunctionalDependency:(s: {HospitalName}, t: {PhoneNumber})]", 0.0), operator: *, right: (1.0, 1.0), result: 0.0})
now error: 0.0
newest best op: Uniop(df,'PhoneNumber','3343614267.0',(['HospitalName'], {('prattville baptist hospital',)}),{left: ("[FunctionalDependency:(s: {HospitalName}, t: {PhoneNumber})]", 0.0), operator: *, right: (1.0, 1.0), result: 0.0})
now error: 0.0
Block processing time: 0.153266 seconds
Computing Block 79 out of 79
Processing Block size=22
begin cleaner{left: ("[FunctionalDependency:(s: {HospitalName}, t: {PhoneNumber})]", 0.0), operator: *, right: (1.0, 1.0), result: 0.0}
列 'p' 不存在，对列 PhoneNumber 不过滤，直接选择所有非无效值。
clean_bool length:8
newest best op: Uniop(df,'PhoneNumber','17430898068.87481',(['HospitalName'], {('georgiana hospital',)}),{left: ("[FunctionalDependency:(s: {HospitalName}, t: {PhoneNumber})]", 0.0), operator: *, right: (1.0, 1.0), result: 0.0})
now error: 0.0
newest best op: Uniop(df,'PhoneNumber','10437713733.276367',(['HospitalName'], {('georgiana hospital',)}),{left: ("[FunctionalDependency:(s: {HospitalName}, t: {PhoneNumber})]", 0.0), operator: *, right: (1.0, 1.0), result: 0.0})
now error: 0.0
newest best op: Uniop(df,'PhoneNumber','3343762205.0',(['HospitalName'], {('georgiana hospital',)}),{left: ("[FunctionalDependency:(s: {HospitalName}, t: {PhoneNumber})]", 0.0), operator: *, right: (1.0, 1.0), result: 0.0})
now error: 0.0
Block processing time: 0.205204 seconds
  当前节点: PhoneNumber 有 42 个清洗操作
  当前节点: Address1 存在可用清洗信号
数据块大小: 1000
分块属性:
[['HospitalName']]
Starting initial block mapping...
Initial number of blocks: 80
Final number of blocks after further splitting: 79
Computing Block 1 out of 79
Processing Block size=23
begin cleaner[FunctionalDependency:(s: {'HospitalName'}, t: {'Address1'})]*1.0
列 'p' 不存在，对列 Address1 不过滤，直接选择所有非无效值。
clean_bool length:5
newest best op: Uniop(df,'Address1','1725 pine street',(['HospitalName'], {('jackson hospital & clinic inc',)}),{left: ("[FunctionalDependency:(s: {HospitalName}, t: {Address1})]", 0.0), operator: *, right: (1.0, 1.0), result: 0.0})
now error: 0.0
Block processing time: 0.13298 seconds
Computing Block 5 out of 79
Processing Block size=26
begin cleaner{left: ("[FunctionalDependency:(s: {HospitalName}, t: {Address1})]", 0.0), operator: *, right: (1.0, 1.0), result: 0.0}
列 'p' 不存在，对列 Address1 不过滤，直接选择所有非无效值。
clean_bool length:8
newest best op: Uniop(df,'Address1','600 south @@third stre#et',(['HospitalName'], {('riverview regional medical center',)}),{left: ("[FunctionalDependency:(s: {HospitalName}, t: {Address1})]", 0.0), operator: *, right: (1.0, 1.0), result: 0.0})
now error: 0.0
newest best op: Uniop(df,'Address1','600 south ??third $street',(['HospitalName'], {('riverview regional medical center',)}),{left: ("[FunctionalDependency:(s: {HospitalName}, t: {Address1})]", 0.0), operator: *, right: (1.0, 1.0), result: 0.0})
now error: 0.0
newest best op: Uniop(df,'Address1','600 south thir??d street',(['HospitalName'], {('riverview regional medical center',)}),{left: ("[FunctionalDependency:(s: {HospitalName}, t: {Address1})]", 0.0), operator: *, right: (1.0, 1.0), result: 0.0})
now error: 0.0
newest best op: Uniop(df,'Address1','600 south third street',(['HospitalName'], {('riverview regional medical center',)}),{left: ("[FunctionalDependency:(s: {HospitalName}, t: {Address1})]", 0.0), operator: *, right: (1.0, 1.0), result: 0.0})
now error: 0.0
Block processing time: 0.251996 seconds
Computing Block 6 out of 79
Processing Block size=25
begin cleaner{left: ("[FunctionalDependency:(s: {HospitalName}, t: {Address1})]", 0.0), operator: *, right: (1.0, 1.0), result: 0.0}
列 'p' 不存在，对列 Address1 不过滤，直接选择所有非无效值。
clean_bool length:5
newest best op: Uniop(df,'Address1','165$3 temple avenue north',(['HospitalName'], {('fayette medical center',)}),{left: ("[FunctionalDependency:(s: {HospitalName}, t: {Address1})]", 0.0), operator: *, right: (1.0, 1.0), result: 0.0})
now error: 0.0
newest best op: Uniop(df,'Address1','1653 temple avenue north',(['HospitalName'], {('fayette medical center',)}),{left: ("[FunctionalDependency:(s: {HospitalName}, t: {Address1})]", 0.0), operator: *, right: (1.0, 1.0), result: 0.0})
now error: 0.0
Block processing time: 0.153042 seconds
Computing Block 7 out of 79
Processing Block size=22
begin cleaner{left: ("[FunctionalDependency:(s: {HospitalName}, t: {Address1})]", 0.0), operator: *, right: (1.0, 1.0), result: 0.0}
列 'p' 不存在，对列 Address1 不过滤，直接选择所有非无效值。
clean_bool length:8
newest best op: Uniop(df,'Address1','1108 ross clark circle',(['HospitalName'], {('southeast alabama medical center',)}),{left: ("[FunctionalDependency:(s: {HospitalName}, t: {Address1})]", 0.0), operator: *, right: (1.0, 1.0), result: 0.0})
now error: 0.0
Block processing time: 0.214197 seconds
Computing Block 10 out of 79
Processing Block size=24
begin cleaner{left: ("[FunctionalDependency:(s: {HospitalName}, t: {Address1})]", 0.0), operator: *, right: (1.0, 1.0), result: 0.0}
列 'p' 不存在，对列 Address1 不过滤，直接选择所有非无效值。
clean_bool length:4
newest best op: Uniop(df,'Address1','209 north main street',(['HospitalName'], {('wedowee hospital',)}),{left: ("[FunctionalDependency:(s: {HospitalName}, t: {Address1})]", 0.0), operator: *, right: (1.0, 1.0), result: 0.0})
now error: 0.0
Block processing time: 0.113931 seconds
Computing Block 11 out of 79
Processing Block size=22
begin cleaner{left: ("[FunctionalDependency:(s: {HospitalName}, t: {Address1})]", 0.0), operator: *, right: (1.0, 1.0), result: 0.0}
列 'p' 不存在，对列 Address1 不过滤，直接选择所有非无效值。
clean_bool length:4
newest best op: Uniop(df,'Address1','8000 alabama highway 69',(['HospitalName'], {('marshall medical center north',)}),{left: ("[FunctionalDependency:(s: {HospitalName}, t: {Address1})]", 0.0), operator: *, right: (1.0, 1.0), result: 0.0})
now error: 0.0
Block processing time: 0.104423 seconds
Computing Block 12 out of 79
Processing Block size=23
begin cleaner{left: ("[FunctionalDependency:(s: {HospitalName}, t: {Address1})]", 0.0), operator: *, right: (1.0, 1.0), result: 0.0}
列 'p' 不存在，对列 Address1 不过滤，直接选择所有非无效值。
clean_bool length:7
newest best op: Uniop(df,'Address1','1010 lay dam road',(['HospitalName'], {('chilton medical center',)}),{left: ("[FunctionalDependency:(s: {HospitalName}, t: {Address1})]", 0.0), operator: *, right: (1.0, 1.0), result: 0.0})
now error: 0.0
Block processing time: 0.188256 seconds
Computing Block 13 out of 79
Processing Block size=24
begin cleaner{left: ("[FunctionalDependency:(s: {HospitalName}, t: {Address1})]", 0.0), operator: *, right: (1.0, 1.0), result: 0.0}
列 'p' 不存在，对列 Address1 不过滤，直接选择所有非无效值。
clean_bool length:5
newest best op: Uniop(df,'Address1','2505 u s highway 4$31 north$',(['HospitalName'], {('marshall medical center south',)}),{left: ("[FunctionalDependency:(s: {HospitalName}, t: {Address1})]", 0.0), operator: *, right: (1.0, 1.0), result: 0.0})
now error: 0.0
newest best op: Uniop(df,'Address1','2505 u s highway 431 north',(['HospitalName'], {('marshall medical center south',)}),{left: ("[FunctionalDependency:(s: {HospitalName}, t: {Address1})]", 0.0), operator: *, right: (1.0, 1.0), result: 0.0})
now error: 0.0
Block processing time: 0.148379 seconds
Computing Block 14 out of 79
Processing Block size=25
begin cleaner{left: ("[FunctionalDependency:(s: {HospitalName}, t: {Address1})]", 0.0), operator: *, right: (1.0, 1.0), result: 0.0}
列 'p' 不存在，对列 Address1 不过滤，直接选择所有非无效值。
clean_bool length:3
newest best op: Uniop(df,'Address1','200 med center drive',(['HospitalName'], {('dekalb regional medical center',)}),{left: ("[FunctionalDependency:(s: {HospitalName}, t: {Address1})]", 0.0), operator: *, right: (1.0, 1.0), result: 0.0})
now error: 0.0
Block processing time: 0.086764 seconds
Computing Block 17 out of 79
Processing Block size=25
begin cleaner{left: ("[FunctionalDependency:(s: {HospitalName}, t: {Address1})]", 0.0), operator: *, right: (1.0, 1.0), result: 0.0}
列 'p' 不存在，对列 Address1 不过滤，直接选择所有非无效值。
clean_bool length:4
newest best op: Uniop(df,'Address1','33700 high#way 43',(['HospitalName'], {('southwest alabama medical center',)}),{left: ("[FunctionalDependency:(s: {HospitalName}, t: {Address1})]", 0.0), operator: *, right: (1.0, 1.0), result: 0.0})
now error: 0.0
newest best op: Uniop(df,'Address1','33700 highway 43',(['HospitalName'], {('southwest alabama medical center',)}),{left: ("[FunctionalDependency:(s: {HospitalName}, t: {Address1})]", 0.0), operator: *, right: (1.0, 1.0), result: 0.0})
now error: 0.0
Block processing time: 0.114255 seconds
Computing Block 19 out of 79
Processing Block size=23
begin cleaner{left: ("[FunctionalDependency:(s: {HospitalName}, t: {Address1})]", 0.0), operator: *, right: (1.0, 1.0), result: 0.0}
列 'p' 不存在，对列 Address1 不过滤，直接选择所有非无效值。
clean_bool length:5
newest best op: Uniop(df,'Address1','1720 univ#e%rsity blvd',(['HospitalName'], {('callahan eye foundation hospital',)}),{left: ("[FunctionalDependency:(s: {HospitalName}, t: {Address1})]", 0.0), operator: *, right: (1.0, 1.0), result: 0.0})
now error: 0.0
newest best op: Uniop(df,'Address1','1720 university blvd',(['HospitalName'], {('callahan eye foundation hospital',)}),{left: ("[FunctionalDependency:(s: {HospitalName}, t: {Address1})]", 0.0), operator: *, right: (1.0, 1.0), result: 0.0})
now error: 0.0
Block processing time: 0.136189 seconds
Computing Block 21 out of 79
Processing Block size=24
begin cleaner{left: ("[FunctionalDependency:(s: {HospitalName}, t: {Address1})]", 0.0), operator: *, right: (1.0, 1.0), result: 0.0}
列 'p' 不存在，对列 Address1 不过滤，直接选择所有非无效值。
clean_bool length:9
newest best op: Uniop(df,'Address1','2%000 pepperell parkway',(['HospitalName'], {('east alabama medical center and snf',)}),{left: ("[FunctionalDependency:(s: {HospitalName}, t: {Address1})]", 0.0), operator: *, right: (1.0, 1.0), result: 0.0})
now error: 0.0
newest best op: Uniop(df,'Address1','2000 pepperell parkway',(['HospitalName'], {('east alabama medical center and snf',)}),{left: ("[FunctionalDependency:(s: {HospitalName}, t: {Address1})]", 0.0), operator: *, right: (1.0, 1.0), result: 0.0})
now error: 0.0
Block processing time: 0.265513 seconds
Computing Block 22 out of 79
Processing Block size=2
begin cleaner{left: ("[FunctionalDependency:(s: {HospitalName}, t: {Address1})]", 0.0), operator: *, right: (1.0, 1.0), result: 0.0}
列 'p' 不存在，对列 Address1 不过滤，直接选择所有非无效值。
Block processing time: 0.002605 seconds
Computing Block 23 out of 79
Processing Block size=28
begin cleaner{left: ("[FunctionalDependency:(s: {HospitalName}, t: {Address1})]", 0.0), operator: *, right: (1.0, 1.0), result: 0.0}
列 'p' 不存在，对列 Address1 不过滤，直接选择所有非无效值。
clean_bool length:10
newest best op: Uniop(df,'Address1','301 e$ast 18th st',(['HospitalName'], {('stringfellow memorial hospital',)}),{left: ("[FunctionalDependency:(s: {HospitalName}, t: {Address1})]", 0.0), operator: *, right: (1.0, 1.0), result: 0.0})
now error: 0.0
newest best op: Uniop(df,'Address1','301 east 18th st',(['HospitalName'], {('stringfellow memorial hospital',)}),{left: ("[FunctionalDependency:(s: {HospitalName}, t: {Address1})]", 0.0), operator: *, right: (1.0, 1.0), result: 0.0})
now error: 0.0
Block processing time: 0.325201 seconds
Computing Block 24 out of 79
Processing Block size=25
begin cleaner{left: ("[FunctionalDependency:(s: {HospitalName}, t: {Address1})]", 0.0), operator: *, right: (1.0, 1.0), result: 0.0}
列 'p' 不存在，对列 Address1 不过滤，直接选择所有非无效值。
clean_bool length:5
newest best op: Uniop(df,'Address1','2105 east south boulevar#d',(['HospitalName'], {('baptist medical center south',)}),{left: ("[FunctionalDependency:(s: {HospitalName}, t: {Address1})]", 0.0), operator: *, right: (1.0, 1.0), result: 0.0})
now error: 0.0
newest best op: Uniop(df,'Address1','2105 east south boulevard',(['HospitalName'], {('baptist medical center south',)}),{left: ("[FunctionalDependency:(s: {HospitalName}, t: {Address1})]", 0.0), operator: *, right: (1.0, 1.0), result: 0.0})
now error: 0.0
Block processing time: 0.152128 seconds
Computing Block 26 out of 79
Processing Block size=24
begin cleaner{left: ("[FunctionalDependency:(s: {HospitalName}, t: {Address1})]", 0.0), operator: *, right: (1.0, 1.0), result: 0.0}
列 'p' 不存在，对列 Address1 不过滤，直接选择所有非无效值。
clean_bool length:4
newest best op: Uniop(df,'Address1','205 marengo@@ street',(['HospitalName'], {('eliza coffee memorial hospital',)}),{left: ("[FunctionalDependency:(s: {HospitalName}, t: {Address1})]", 0.0), operator: *, right: (1.0, 1.0), result: 0.0})
now error: 0.0
newest best op: Uniop(df,'Address1','205 marengo street',(['HospitalName'], {('eliza coffee memorial hospital',)}),{left: ("[FunctionalDependency:(s: {HospitalName}, t: {Address1})]", 0.0), operator: *, right: (1.0, 1.0), result: 0.0})
now error: 0.0
Block processing time: 0.111936 seconds
Computing Block 31 out of 79
Processing Block size=2
begin cleaner{left: ("[FunctionalDependency:(s: {HospitalName}, t: {Address1})]", 0.0), operator: *, right: (1.0, 1.0), result: 0.0}
列 'p' 不存在，对列 Address1 不过滤，直接选择所有非无效值。
Block processing time: 0.002596 seconds
Computing Block 34 out of 79
Processing Block size=19
begin cleaner{left: ("[FunctionalDependency:(s: {HospitalName}, t: {Address1})]", 0.0), operator: *, right: (1.0, 1.0), result: 0.0}
列 'p' 不存在，对列 Address1 不过滤，直接选择所有非无效值。
clean_bool length:6
newest best op: Uniop(df,'Address1','150 gil#b$reath drive',(['HospitalName'], {('st vincents blount',)}),{left: ("[FunctionalDependency:(s: {HospitalName}, t: {Address1})]", 0.0), operator: *, right: (1.0, 1.0), result: 0.0})
now error: 0.0
newest best op: Uniop(df,'Address1','150 gilbreath drive',(['HospitalName'], {('st vincents blount',)}),{left: ("[FunctionalDependency:(s: {HospitalName}, t: {Address1})]", 0.0), operator: *, right: (1.0, 1.0), result: 0.0})
now error: 0.0
Block processing time: 0.135291 seconds
Computing Block 36 out of 79
Processing Block size=24
begin cleaner{left: ("[FunctionalDependency:(s: {HospitalName}, t: {Address1})]", 0.0), operator: *, right: (1.0, 1.0), result: 0.0}
列 'p' 不存在，对列 Address1 不过滤，直接选择所有非无效值。
clean_bool length:7
newest best op: Uniop(df,'Address1','201 pine s@@treet northwest',(['HospitalName'], {('hartselle medical center',)}),{left: ("[FunctionalDependency:(s: {HospitalName}, t: {Address1})]", 0.0), operator: *, right: (1.0, 1.0), result: 0.0})
now error: 0.0
newest best op: Uniop(df,'Address1','201 pine ??street northwest',(['HospitalName'], {('hartselle medical center',)}),{left: ("[FunctionalDependency:(s: {HospitalName}, t: {Address1})]", 0.0), operator: *, right: (1.0, 1.0), result: 0.0})
now error: 0.0
newest best op: Uniop(df,'Address1','201 pine street northwest',(['HospitalName'], {('hartselle medical center',)}),{left: ("[FunctionalDependency:(s: {HospitalName}, t: {Address1})]", 0.0), operator: *, right: (1.0, 1.0), result: 0.0})
now error: 0.0
Block processing time: 0.209425 seconds
Computing Block 37 out of 79
Processing Block size=16
begin cleaner{left: ("[FunctionalDependency:(s: {HospitalName}, t: {Address1})]", 0.0), operator: *, right: (1.0, 1.0), result: 0.0}
列 'p' 不存在，对列 Address1 不过滤，直接选择所有非无效值。
clean_bool length:4
newest best op: Uniop(df,'Address1','4370 west main street',(['HospitalName'], {('flowers hospital',)}),{left: ("[FunctionalDependency:(s: {HospitalName}, t: {Address1})]", 0.0), operator: *, right: (1.0, 1.0), result: 0.0})
now error: 0.0
Block processing time: 0.07684 seconds
Computing Block 39 out of 79
Processing Block size=18
begin cleaner{left: ("[FunctionalDependency:(s: {HospitalName}, t: {Address1})]", 0.0), operator: *, right: (1.0, 1.0), result: 0.0}
列 'p' 不存在，对列 Address1 不过滤，直接选择所有非无效值。
clean_bool length:4
newest best op: Uniop(df,'Address1','#2801 debarr road',(['HospitalName'], {('alaska regional hospital',)}),{left: ("[FunctionalDependency:(s: {HospitalName}, t: {Address1})]", 0.0), operator: *, right: (1.0, 1.0), result: 0.0})
now error: 0.0
newest best op: Uniop(df,'Address1','2801 debarr road',(['HospitalName'], {('alaska regional hospital',)}),{left: ("[FunctionalDependency:(s: {HospitalName}, t: {Address1})]", 0.0), operator: *, right: (1.0, 1.0), result: 0.0})
now error: 0.0
Block processing time: 0.083213 seconds
Computing Block 40 out of 79
Processing Block size=20
begin cleaner{left: ("[FunctionalDependency:(s: {HospitalName}, t: {Address1})]", 0.0), operator: *, right: (1.0, 1.0), result: 0.0}
列 'p' 不存在，对列 Address1 不过滤，直接选择所有非无效值。
clean_bool length:4
newest best op: Uniop(df,'Address1','%@@1530 u s highway 43',(['HospitalName'], {('northwest medical center',)}),{left: ("[FunctionalDependency:(s: {HospitalName}, t: {Address1})]", 0.0), operator: *, right: (1.0, 1.0), result: 0.0})
now error: 0.0
newest best op: Uniop(df,'Address1','1530 u s highway 43',(['HospitalName'], {('northwest medical center',)}),{left: ("[FunctionalDependency:(s: {HospitalName}, t: {Address1})]", 0.0), operator: *, right: (1.0, 1.0), result: 0.0})
now error: 0.0
Block processing time: 0.093618 seconds
Computing Block 41 out of 79
Processing Block size=24
begin cleaner{left: ("[FunctionalDependency:(s: {HospitalName}, t: {Address1})]", 0.0), operator: *, right: (1.0, 1.0), result: 0.0}
列 'p' 不存在，对列 Address1 不过滤，直接选择所有非无效值。
clean_bool length:4
newest best op: Uniop(df,'Address1','4800 4@@8th %st',(['HospitalName'], {('g h lanier memorial hospital',)}),{left: ("[FunctionalDependency:(s: {HospitalName}, t: {Address1})]", 0.0), operator: *, right: (1.0, 1.0), result: 0.0})
now error: 0.0
newest best op: Uniop(df,'Address1','4800 48th st',(['HospitalName'], {('g h lanier memorial hospital',)}),{left: ("[FunctionalDependency:(s: {HospitalName}, t: {Address1})]", 0.0), operator: *, right: (1.0, 1.0), result: 0.0})
now error: 0.0
Block processing time: 0.109289 seconds
Computing Block 44 out of 79
Processing Block size=24
begin cleaner{left: ("[FunctionalDependency:(s: {HospitalName}, t: {Address1})]", 0.0), operator: *, right: (1.0, 1.0), result: 0.0}
列 'p' 不存在，对列 Address1 不过滤，直接选择所有非无效值。
clean_bool length:4
newest best op: Uniop(df,'Address1','849 south% three notch str$eet',(['HospitalName'], {('andalusia regional hospital',)}),{left: ("[FunctionalDependency:(s: {HospitalName}, t: {Address1})]", 0.0), operator: *, right: (1.0, 1.0), result: 0.0})
now error: 0.0
newest best op: Uniop(df,'Address1','849 south three notch street',(['HospitalName'], {('andalusia regional hospital',)}),{left: ("[FunctionalDependency:(s: {HospitalName}, t: {Address1})]", 0.0), operator: *, right: (1.0, 1.0), result: 0.0})
now error: 0.0
Block processing time: 0.123533 seconds
Computing Block 46 out of 79
Processing Block size=5
begin cleaner{left: ("[FunctionalDependency:(s: {HospitalName}, t: {Address1})]", 0.0), operator: *, right: (1.0, 1.0), result: 0.0}
列 'p' 不存在，对列 Address1 不过滤，直接选择所有非无效值。
Block processing time: 0.006271 seconds
Computing Block 47 out of 79
Processing Block size=25
begin cleaner{left: ("[FunctionalDependency:(s: {HospitalName}, t: {Address1})]", 0.0), operator: *, right: (1.0, 1.0), result: 0.0}
列 'p' 不存在，对列 Address1 不过滤，直接选择所有非无效值。
clean_bool length:7
newest best op: Uniop(df,'Address1','101 hos%pital %circle',(['HospitalName'], {('crenshaw community hospital',)}),{left: ("[FunctionalDependency:(s: {HospitalName}, t: {Address1})]", 0.0), operator: *, right: (1.0, 1.0), result: 0.0})
now error: 0.0
newest best op: Uniop(df,'Address1','10%1 hospital circle$',(['HospitalName'], {('crenshaw community hospital',)}),{left: ("[FunctionalDependency:(s: {HospitalName}, t: {Address1})]", 0.0), operator: *, right: (1.0, 1.0), result: 0.0})
now error: 0.0
newest best op: Uniop(df,'Address1','101 hospital circle',(['HospitalName'], {('crenshaw community hospital',)}),{left: ("[FunctionalDependency:(s: {HospitalName}, t: {Address1})]", 0.0), operator: *, right: (1.0, 1.0), result: 0.0})
now error: 0.0
Block processing time: 0.209632 seconds
Computing Block 49 out of 79
Processing Block size=22
begin cleaner{left: ("[FunctionalDependency:(s: {HospitalName}, t: {Address1})]", 0.0), operator: *, right: (1.0, 1.0), result: 0.0}
列 'p' 不存在，对列 Address1 不过滤，直接选择所有非无效值。
clean_bool length:4
newest best op: Uniop(df,'Address1','805 friendship road',(['HospitalName'], {('community hospital inc',)}),{left: ("[FunctionalDependency:(s: {HospitalName}, t: {Address1})]", 0.0), operator: *, right: (1.0, 1.0), result: 0.0})
now error: 0.0
Block processing time: 0.103617 seconds
Computing Block 50 out of 79
Processing Block size=22
begin cleaner{left: ("[FunctionalDependency:(s: {HospitalName}, t: {Address1})]", 0.0), operator: *, right: (1.0, 1.0), result: 0.0}
列 'p' 不存在，对列 Address1 不过滤，直接选择所有非无效值。
clean_bool length:4
newest best op: Uniop(df,'Address1','126 hospital a%ve',(['HospitalName'], {('dale medical center',)}),{left: ("[FunctionalDependency:(s: {HospitalName}, t: {Address1})]", 0.0), operator: *, right: (1.0, 1.0), result: 0.0})
now error: 0.0
newest best op: Uniop(df,'Address1','126 hospital ave',(['HospitalName'], {('dale medical center',)}),{left: ("[FunctionalDependency:(s: {HospitalName}, t: {Address1})]", 0.0), operator: *, right: (1.0, 1.0), result: 0.0})
now error: 0.0
Block processing time: 0.101462 seconds
Computing Block 51 out of 79
Processing Block size=20
begin cleaner{left: ("[FunctionalDependency:(s: {HospitalName}, t: {Address1})]", 0.0), operator: *, right: (1.0, 1.0), result: 0.0}
列 'p' 不存在，对列 Address1 不过滤，直接选择所有非无效值。
clean_bool length:3
newest best op: Uniop(df,'Address1','400 no#rt$hwood dr',(['HospitalName'], {('cherokee medical center',)}),{left: ("[FunctionalDependency:(s: {HospitalName}, t: {Address1})]", 0.0), operator: *, right: (1.0, 1.0), result: 0.0})
now error: 0.0
newest best op: Uniop(df,'Address1','400 northwood dr',(['HospitalName'], {('cherokee medical center',)}),{left: ("[FunctionalDependency:(s: {HospitalName}, t: {Address1})]", 0.0), operator: *, right: (1.0, 1.0), result: 0.0})
now error: 0.0
Block processing time: 0.069241 seconds
Computing Block 52 out of 79
Processing Block size=23
begin cleaner{left: ("[FunctionalDependency:(s: {HospitalName}, t: {Address1})]", 0.0), operator: *, right: (1.0, 1.0), result: 0.0}
列 'p' 不存在，对列 Address1 不过滤，直接选择所有非无效值。
clean_bool length:4
newest best op: Uniop(df,'Address1','1000 first street@@ north',(['HospitalName'], {('shelby baptist medical center',)}),{left: ("[FunctionalDependency:(s: {HospitalName}, t: {Address1})]", 0.0), operator: *, right: (1.0, 1.0), result: 0.0})
now error: 0.0
newest best op: Uniop(df,'Address1','1000 first street north',(['HospitalName'], {('shelby baptist medical center',)}),{left: ("[FunctionalDependency:(s: {HospitalName}, t: {Address1})]", 0.0), operator: *, right: (1.0, 1.0), result: 0.0})
now error: 0.0
Block processing time: 0.111116 seconds
Computing Block 54 out of 79
Processing Block size=23
begin cleaner{left: ("[FunctionalDependency:(s: {HospitalName}, t: {Address1})]", 0.0), operator: *, right: (1.0, 1.0), result: 0.0}
列 'p' 不存在，对列 Address1 不过滤，直接选择所有非无效值。
clean_bool length:6
newest best op: Uniop(df,'Address1','702# n ma%in st',(['HospitalName'], {('mizell memorial hospital',)}),{left: ("[FunctionalDependency:(s: {HospitalName}, t: {Address1})]", 0.0), operator: *, right: (1.0, 1.0), result: 0.0})
now error: 0.0
newest best op: Uniop(df,'Address1','702 n main st',(['HospitalName'], {('mizell memorial hospital',)}),{left: ("[FunctionalDependency:(s: {HospitalName}, t: {Address1})]", 0.0), operator: *, right: (1.0, 1.0), result: 0.0})
now error: 0.0
Block processing time: 0.184025 seconds
Computing Block 55 out of 79
Processing Block size=18
begin cleaner{left: ("[FunctionalDependency:(s: {HospitalName}, t: {Address1})]", 0.0), operator: *, right: (1.0, 1.0), result: 0.0}
列 'p' 不存在，对列 Address1 不过滤，直接选择所有非无效值。
clean_bool length:4
newest best op: Uniop(df,'Address1','315 w hickory st',(['HospitalName'], {('coosa valley medical center',)}),{left: ("[FunctionalDependency:(s: {HospitalName}, t: {Address1})]", 0.0), operator: *, right: (1.0, 1.0), result: 0.0})
now error: 0.0
Block processing time: 0.101245 seconds
Computing Block 56 out of 79
Processing Block size=25
begin cleaner{left: ("[FunctionalDependency:(s: {HospitalName}, t: {Address1})]", 0.0), operator: *, right: (1.0, 1.0), result: 0.0}
列 'p' 不存在，对列 Address1 不过滤，直接选择所有非无效值。
clean_bool length:8
newest best op: Uniop(df,'Address1','619 south 19th stree%t',(['HospitalName'], {('university of alabama hospital',)}),{left: ("[FunctionalDependency:(s: {HospitalName}, t: {Address1})]", 0.0), operator: *, right: (1.0, 1.0), result: 0.0})
now error: 0.0
newest best op: Uniop(df,'Address1','619 south 19th street',(['HospitalName'], {('university of alabama hospital',)}),{left: ("[FunctionalDependency:(s: {HospitalName}, t: {Address1})]", 0.0), operator: *, right: (1.0, 1.0), result: 0.0})
now error: 0.0
Block processing time: 0.2426 seconds
Computing Block 58 out of 79
Processing Block size=23
begin cleaner{left: ("[FunctionalDependency:(s: {HospitalName}, t: {Address1})]", 0.0), operator: *, right: (1.0, 1.0), result: 0.0}
列 'p' 不存在，对列 Address1 不过滤，直接选择所有非无效值。
clean_bool length:7
newest best op: Uniop(df,'Address1','@@1300 south montgomery a%venue',(['HospitalName'], {('helen keller memorial hospital',)}),{left: ("[FunctionalDependency:(s: {HospitalName}, t: {Address1})]", 0.0), operator: *, right: (1.0, 1.0), result: 0.0})
now error: 0.0
newest best op: Uniop(df,'Address1','1300 south montgo%mery avenue',(['HospitalName'], {('helen keller memorial hospital',)}),{left: ("[FunctionalDependency:(s: {HospitalName}, t: {Address1})]", 0.0), operator: *, right: (1.0, 1.0), result: 0.0})
now error: 0.0
newest best op: Uniop(df,'Address1','1300 south montgomery avenue',(['HospitalName'], {('helen keller memorial hospital',)}),{left: ("[FunctionalDependency:(s: {HospitalName}, t: {Address1})]", 0.0), operator: *, right: (1.0, 1.0), result: 0.0})
now error: 0.0
Block processing time: 0.205125 seconds
Computing Block 61 out of 79
Processing Block size=13
begin cleaner{left: ("[FunctionalDependency:(s: {HospitalName}, t: {Address1})]", 0.0), operator: *, right: (1.0, 1.0), result: 0.0}
列 'p' 不存在，对列 Address1 不过滤，直接选择所有非无效值。
clean_bool length:4
newest best op: Uniop(df,'Address1','2451 fill??ingim stree@@t',(['HospitalName'], {('univ of south alabama medical center',)}),{left: ("[FunctionalDependency:(s: {HospitalName}, t: {Address1})]", 0.0), operator: *, right: (1.0, 1.0), result: 0.0})
now error: 0.0
newest best op: Uniop(df,'Address1','2451 filli%ngim st@@reet',(['HospitalName'], {('univ of south alabama medical center',)}),{left: ("[FunctionalDependency:(s: {HospitalName}, t: {Address1})]", 0.0), operator: *, right: (1.0, 1.0), result: 0.0})
now error: 0.0
newest best op: Uniop(df,'Address1','2451 fillingim street',(['HospitalName'], {('univ of south alabama medical center',)}),{left: ("[FunctionalDependency:(s: {HospitalName}, t: {Address1})]", 0.0), operator: *, right: (1.0, 1.0), result: 0.0})
now error: 0.0
Block processing time: 0.062968 seconds
Computing Block 62 out of 79
Processing Block size=25
begin cleaner{left: ("[FunctionalDependency:(s: {HospitalName}, t: {Address1})]", 0.0), operator: *, right: (1.0, 1.0), result: 0.0}
列 'p' 不存在，对列 Address1 不过滤，直接选择所有非无效值。
clean_bool length:6
newest best op: Uniop(df,'Address1','1007 goodyear ave#nue#',(['HospitalName'], {('gadsden regional medical center',)}),{left: ("[FunctionalDependency:(s: {HospitalName}, t: {Address1})]", 0.0), operator: *, right: (1.0, 1.0), result: 0.0})
now error: 0.0
newest best op: Uniop(df,'Address1','1007 goodyear avenue',(['HospitalName'], {('gadsden regional medical center',)}),{left: ("[FunctionalDependency:(s: {HospitalName}, t: {Address1})]", 0.0), operator: *, right: (1.0, 1.0), result: 0.0})
now error: 0.0
Block processing time: 0.177788 seconds
Computing Block 64 out of 79
Processing Block size=24
begin cleaner{left: ("[FunctionalDependency:(s: {HospitalName}, t: {Address1})]", 0.0), operator: *, right: (1.0, 1.0), result: 0.0}
列 'p' 不存在，对列 Address1 不过滤，直接选择所有非无效值。
clean_bool length:5
newest best op: Uniop(df,'Address1','1912 alabama highway 1%57',(['HospitalName'], {('cullman regional medical center',)}),{left: ("[FunctionalDependency:(s: {HospitalName}, t: {Address1})]", 0.0), operator: *, right: (1.0, 1.0), result: 0.0})
now error: 0.0
newest best op: Uniop(df,'Address1','1912 alabama highway 157',(['HospitalName'], {('cullman regional medical center',)}),{left: ("[FunctionalDependency:(s: {HospitalName}, t: {Address1})]", 0.0), operator: *, right: (1.0, 1.0), result: 0.0})
now error: 0.0
Block processing time: 0.144763 seconds
Computing Block 67 out of 79
Processing Block size=23
begin cleaner{left: ("[FunctionalDependency:(s: {HospitalName}, t: {Address1})]", 0.0), operator: *, right: (1.0, 1.0), result: 0.0}
列 'p' 不存在，对列 Address1 不过滤，直接选择所有非无效值。
clean_bool length:4
newest best op: Uniop(df,'Address1','400 n edwards street',(['HospitalName'], {('medical center enterprise',)}),{left: ("[FunctionalDependency:(s: {HospitalName}, t: {Address1})]", 0.0), operator: *, right: (1.0, 1.0), result: 0.0})
now error: 0.0
Block processing time: 0.109557 seconds
Computing Block 69 out of 79
Processing Block size=25
begin cleaner{left: ("[FunctionalDependency:(s: {HospitalName}, t: {Address1})]", 0.0), operator: *, right: (1.0, 1.0), result: 0.0}
列 'p' 不存在，对列 Address1 不过滤，直接选择所有非无效值。
clean_bool length:6
newest best op: Uniop(df,'Address1','50 m??edical park east drive',(['HospitalName'], {('st vincents east',)}),{left: ("[FunctionalDependency:(s: {HospitalName}, t: {Address1})]", 0.0), operator: *, right: (1.0, 1.0), result: 0.0})
now error: 0.0
newest best op: Uniop(df,'Address1','50 medi%cal park east drive',(['HospitalName'], {('st vincents east',)}),{left: ("[FunctionalDependency:(s: {HospitalName}, t: {Address1})]", 0.0), operator: *, right: (1.0, 1.0), result: 0.0})
now error: 0.0
newest best op: Uniop(df,'Address1','50 medical park east drive',(['HospitalName'], {('st vincents east',)}),{left: ("[FunctionalDependency:(s: {HospitalName}, t: {Address1})]", 0.0), operator: *, right: (1.0, 1.0), result: 0.0})
now error: 0.0
Block processing time: 0.186411 seconds
Computing Block 70 out of 79
Processing Block size=25
begin cleaner{left: ("[FunctionalDependency:(s: {HospitalName}, t: {Address1})]", 0.0), operator: *, right: (1.0, 1.0), result: 0.0}
列 'p' 不存在，对列 Address1 不过滤，直接选择所有非无效值。
clean_bool length:6
newest best op: Uniop(df,'Address1','101 sivley @@rd',(['HospitalName'], {('huntsville hospital',)}),{left: ("[FunctionalDependency:(s: {HospitalName}, t: {Address1})]", 0.0), operator: *, right: (1.0, 1.0), result: 0.0})
now error: 0.0
newest best op: Uniop(df,'Address1','101 sivley rd%',(['HospitalName'], {('huntsville hospital',)}),{left: ("[FunctionalDependency:(s: {HospitalName}, t: {Address1})]", 0.0), operator: *, right: (1.0, 1.0), result: 0.0})
now error: 0.0
newest best op: Uniop(df,'Address1','101 sivley rd',(['HospitalName'], {('huntsville hospital',)}),{left: ("[FunctionalDependency:(s: {HospitalName}, t: {Address1})]", 0.0), operator: *, right: (1.0, 1.0), result: 0.0})
now error: 0.0
Block processing time: 0.171586 seconds
Computing Block 72 out of 79
Processing Block size=22
begin cleaner{left: ("[FunctionalDependency:(s: {HospitalName}, t: {Address1})]", 0.0), operator: *, right: (1.0, 1.0), result: 0.0}
列 'p' 不存在，对列 Address1 不过滤，直接选择所有非无效值。
clean_bool length:6
newest best op: Uniop(df,'Address1','125$6 military street south',(['HospitalName'], {('marion regional medical center',)}),{left: ("[FunctionalDependency:(s: {HospitalName}, t: {Address1})]", 0.0), operator: *, right: (1.0, 1.0), result: 0.0})
now error: 0.0
newest best op: Uniop(df,'Address1','1256 military street south',(['HospitalName'], {('marion regional medical center',)}),{left: ("[FunctionalDependency:(s: {HospitalName}, t: {Address1})]", 0.0), operator: *, right: (1.0, 1.0), result: 0.0})
now error: 0.0
Block processing time: 0.171637 seconds
Computing Block 76 out of 79
Processing Block size=23
begin cleaner{left: ("[FunctionalDependency:(s: {HospitalName}, t: {Address1})]", 0.0), operator: *, right: (1.0, 1.0), result: 0.0}
列 'p' 不存在，对列 Address1 不过滤，直接选择所有非无效值。
clean_bool length:4
newest best op: Uniop(df,'Address1','987 drayton street',(['HospitalName'], {('elba general hospital',)}),{left: ("[FunctionalDependency:(s: {HospitalName}, t: {Address1})]", 0.0), operator: *, right: (1.0, 1.0), result: 0.0})
now error: 0.0
Block processing time: 0.122741 seconds
Computing Block 77 out of 79
Processing Block size=19
begin cleaner{left: ("[FunctionalDependency:(s: {HospitalName}, t: {Address1})]", 0.0), operator: *, right: (1.0, 1.0), result: 0.0}
列 'p' 不存在，对列 Address1 不过滤，直接选择所有非无效值。
clean_bool length:4
newest best op: Uniop(df,'Address1','12%4 s memor#ial dr',(['HospitalName'], {('prattville baptist hospital',)}),{left: ("[FunctionalDependency:(s: {HospitalName}, t: {Address1})]", 0.0), operator: *, right: (1.0, 1.0), result: 0.0})
now error: 0.0
newest best op: Uniop(df,'Address1','124 s memorial dr',(['HospitalName'], {('prattville baptist hospital',)}),{left: ("[FunctionalDependency:(s: {HospitalName}, t: {Address1})]", 0.0), operator: *, right: (1.0, 1.0), result: 0.0})
now error: 0.0
Block processing time: 0.091248 seconds
Computing Block 79 out of 79
Processing Block size=22
begin cleaner{left: ("[FunctionalDependency:(s: {HospitalName}, t: {Address1})]", 0.0), operator: *, right: (1.0, 1.0), result: 0.0}
列 'p' 不存在，对列 Address1 不过滤，直接选择所有非无效值。
clean_bool length:5
newest best op: Uniop(df,'Address1','515 miranda st',(['HospitalName'], {('georgiana hospital',)}),{left: ("[FunctionalDependency:(s: {HospitalName}, t: {Address1})]", 0.0), operator: *, right: (1.0, 1.0), result: 0.0})
now error: 0.0
Block processing time: 0.129536 seconds
  当前节点: Address1 有 41 个清洗操作
  当前节点: HospitalOwner 存在可用清洗信号
数据块大小: 1000
分块属性:
[['HospitalName']]
Starting initial block mapping...
Initial number of blocks: 80
Final number of blocks after further splitting: 79
Computing Block 1 out of 79
Processing Block size=23
begin cleaner[FunctionalDependency:(s: {'HospitalName'}, t: {'HospitalOwner'})]*1.0
列 'p' 不存在，对列 HospitalOwner 不过滤，直接选择所有非无效值。
clean_bool length:5
newest best op: Uniop(df,'HospitalOwner','voluntary non-profit - private',(['HospitalName'], {('jackson hospital & clinic inc',)}),{left: ("[FunctionalDependency:(s: {HospitalName}, t: {HospitalOwner})]", 0.0), operator: *, right: (1.0, 1.0), result: 0.0})
now error: 0.0
Block processing time: 0.197808 seconds
Computing Block 5 out of 79
Processing Block size=26
begin cleaner{left: ("[FunctionalDependency:(s: {HospitalName}, t: {HospitalOwner})]", 0.0), operator: *, right: (1.0, 1.0), result: 0.0}
列 'p' 不存在，对列 HospitalOwner 不过滤，直接选择所有非无效值。
clean_bool length:5
newest best op: Uniop(df,'HospitalOwner','proprietary',(['HospitalName'], {('riverview regional medical center',)}),{left: ("[FunctionalDependency:(s: {HospitalName}, t: {HospitalOwner})]", 0.0), operator: *, right: (1.0, 1.0), result: 0.0})
now error: 0.0
Block processing time: 0.150806 seconds
Computing Block 6 out of 79
Processing Block size=25
begin cleaner{left: ("[FunctionalDependency:(s: {HospitalName}, t: {HospitalOwner})]", 0.0), operator: *, right: (1.0, 1.0), result: 0.0}
列 'p' 不存在，对列 HospitalOwner 不过滤，直接选择所有非无效值。
clean_bool length:2
newest best op: Uniop(df,'HospitalOwner','voluntary non-profit - other',(['HospitalName'], {('fayette medical center',)}),{left: ("[FunctionalDependency:(s: {HospitalName}, t: {HospitalOwner})]", 0.0), operator: *, right: (1.0, 1.0), result: 0.0})
now error: 0.0
Block processing time: 0.056956 seconds
Computing Block 7 out of 79
Processing Block size=22
begin cleaner{left: ("[FunctionalDependency:(s: {HospitalName}, t: {HospitalOwner})]", 0.0), operator: *, right: (1.0, 1.0), result: 0.0}
列 'p' 不存在，对列 HospitalOwner 不过滤，直接选择所有非无效值。
clean_bool length:6
newest best op: Uniop(df,'HospitalOwner','govern$ment - hospital district or au??thority',(['HospitalName'], {('southeast alabama medical center',)}),{left: ("[FunctionalDependency:(s: {HospitalName}, t: {HospitalOwner})]", 0.0), operator: *, right: (1.0, 1.0), result: 0.0})
now error: 0.0
newest best op: Uniop(df,'HospitalOwner','%government - hospital district or authority',(['HospitalName'], {('southeast alabama medical center',)}),{left: ("[FunctionalDependency:(s: {HospitalName}, t: {HospitalOwner})]", 0.0), operator: *, right: (1.0, 1.0), result: 0.0})
now error: 0.0
newest best op: Uniop(df,'HospitalOwner','government - hospital district or authority',(['HospitalName'], {('southeast alabama medical center',)}),{left: ("[FunctionalDependency:(s: {HospitalName}, t: {HospitalOwner})]", 0.0), operator: *, right: (1.0, 1.0), result: 0.0})
now error: 0.0
Block processing time: 0.198758 seconds
Computing Block 10 out of 79
Processing Block size=24
begin cleaner{left: ("[FunctionalDependency:(s: {HospitalName}, t: {HospitalOwner})]", 0.0), operator: *, right: (1.0, 1.0), result: 0.0}
列 'p' 不存在，对列 HospitalOwner 不过滤，直接选择所有非无效值。
clean_bool length:5
newest best op: Uniop(df,'HospitalOwner','government - l@@ocal',(['HospitalName'], {('wedowee hospital',)}),{left: ("[FunctionalDependency:(s: {HospitalName}, t: {HospitalOwner})]", 0.0), operator: *, right: (1.0, 1.0), result: 0.0})
now error: 0.0
newest best op: Uniop(df,'HospitalOwner','government - l$ocal',(['HospitalName'], {('wedowee hospital',)}),{left: ("[FunctionalDependency:(s: {HospitalName}, t: {HospitalOwner})]", 0.0), operator: *, right: (1.0, 1.0), result: 0.0})
now error: 0.0
newest best op: Uniop(df,'HospitalOwner','government - local',(['HospitalName'], {('wedowee hospital',)}),{left: ("[FunctionalDependency:(s: {HospitalName}, t: {HospitalOwner})]", 0.0), operator: *, right: (1.0, 1.0), result: 0.0})
now error: 0.0
Block processing time: 0.141877 seconds
Computing Block 11 out of 79
Processing Block size=22
begin cleaner{left: ("[FunctionalDependency:(s: {HospitalName}, t: {HospitalOwner})]", 0.0), operator: *, right: (1.0, 1.0), result: 0.0}
列 'p' 不存在，对列 HospitalOwner 不过滤，直接选择所有非无效值。
clean_bool length:7
newest best op: Uniop(df,'HospitalOwner','government - ho%spital distric@@t or authority',(['HospitalName'], {('marshall medical center north',)}),{left: ("[FunctionalDependency:(s: {HospitalName}, t: {HospitalOwner})]", 0.0), operator: *, right: (1.0, 1.0), result: 0.0})
now error: 0.0
newest best op: Uniop(df,'HospitalOwner','government - hospi%tal district or authority',(['HospitalName'], {('marshall medical center north',)}),{left: ("[FunctionalDependency:(s: {HospitalName}, t: {HospitalOwner})]", 0.0), operator: *, right: (1.0, 1.0), result: 0.0})
now error: 0.0
newest best op: Uniop(df,'HospitalOwner','government - hospital district or authority',(['HospitalName'], {('marshall medical center north',)}),{left: ("[FunctionalDependency:(s: {HospitalName}, t: {HospitalOwner})]", 0.0), operator: *, right: (1.0, 1.0), result: 0.0})
now error: 0.0
Block processing time: 0.232621 seconds
Computing Block 12 out of 79
Processing Block size=23
begin cleaner{left: ("[FunctionalDependency:(s: {HospitalName}, t: {HospitalOwner})]", 0.0), operator: *, right: (1.0, 1.0), result: 0.0}
列 'p' 不存在，对列 HospitalOwner 不过滤，直接选择所有非无效值。
clean_bool length:5
newest best op: Uniop(df,'HospitalOwner','voluntary non-profit -?? private',(['HospitalName'], {('chilton medical center',)}),{left: ("[FunctionalDependency:(s: {HospitalName}, t: {HospitalOwner})]", 0.0), operator: *, right: (1.0, 1.0), result: 0.0})
now error: 0.0
newest best op: Uniop(df,'HospitalOwner','voluntary non-profit - pri%vate',(['HospitalName'], {('chilton medical center',)}),{left: ("[FunctionalDependency:(s: {HospitalName}, t: {HospitalOwner})]", 0.0), operator: *, right: (1.0, 1.0), result: 0.0})
now error: 0.0
newest best op: Uniop(df,'HospitalOwner','voluntary non-profit - private',(['HospitalName'], {('chilton medical center',)}),{left: ("[FunctionalDependency:(s: {HospitalName}, t: {HospitalOwner})]", 0.0), operator: *, right: (1.0, 1.0), result: 0.0})
now error: 0.0
Block processing time: 0.148613 seconds
Computing Block 13 out of 79
Processing Block size=24
begin cleaner{left: ("[FunctionalDependency:(s: {HospitalName}, t: {HospitalOwner})]", 0.0), operator: *, right: (1.0, 1.0), result: 0.0}
列 'p' 不存在，对列 HospitalOwner 不过滤，直接选择所有非无效值。
clean_bool length:7
newest best op: Uniop(df,'HospitalOwner','government - hospital@@ district or authority',(['HospitalName'], {('marshall medical center south',)}),{left: ("[FunctionalDependency:(s: {HospitalName}, t: {HospitalOwner})]", 0.0), operator: *, right: (1.0, 1.0), result: 0.0})
now error: 0.0
newest best op: Uniop(df,'HospitalOwner','government - hospita$l district or authority',(['HospitalName'], {('marshall medical center south',)}),{left: ("[FunctionalDependency:(s: {HospitalName}, t: {HospitalOwner})]", 0.0), operator: *, right: (1.0, 1.0), result: 0.0})
now error: 0.0
newest best op: Uniop(df,'HospitalOwner','government - hospital district or authority',(['HospitalName'], {('marshall medical center south',)}),{left: ("[FunctionalDependency:(s: {HospitalName}, t: {HospitalOwner})]", 0.0), operator: *, right: (1.0, 1.0), result: 0.0})
now error: 0.0
Block processing time: 0.260235 seconds
Computing Block 14 out of 79
Processing Block size=25
begin cleaner{left: ("[FunctionalDependency:(s: {HospitalName}, t: {HospitalOwner})]", 0.0), operator: *, right: (1.0, 1.0), result: 0.0}
列 'p' 不存在，对列 HospitalOwner 不过滤，直接选择所有非无效值。
clean_bool length:5
newest best op: Uniop(df,'HospitalOwner','volunt%ary non-profit - church',(['HospitalName'], {('dekalb regional medical center',)}),{left: ("[FunctionalDependency:(s: {HospitalName}, t: {HospitalOwner})]", 0.0), operator: *, right: (1.0, 1.0), result: 0.0})
now error: 0.0
newest best op: Uniop(df,'HospitalOwner','voluntary non-profit - church',(['HospitalName'], {('dekalb regional medical center',)}),{left: ("[FunctionalDependency:(s: {HospitalName}, t: {HospitalOwner})]", 0.0), operator: *, right: (1.0, 1.0), result: 0.0})
now error: 0.0
Block processing time: 0.158875 seconds
Computing Block 17 out of 79
Processing Block size=25
begin cleaner{left: ("[FunctionalDependency:(s: {HospitalName}, t: {HospitalOwner})]", 0.0), operator: *, right: (1.0, 1.0), result: 0.0}
列 'p' 不存在，对列 HospitalOwner 不过滤，直接选择所有非无效值。
clean_bool length:4
newest best op: Uniop(df,'HospitalOwner','govern@@ment -% federal',(['HospitalName'], {('southwest alabama medical center',)}),{left: ("[FunctionalDependency:(s: {HospitalName}, t: {HospitalOwner})]", 0.0), operator: *, right: (1.0, 1.0), result: 0.0})
now error: 0.0
newest best op: Uniop(df,'HospitalOwner','g%over%nment - federal',(['HospitalName'], {('southwest alabama medical center',)}),{left: ("[FunctionalDependency:(s: {HospitalName}, t: {HospitalOwner})]", 0.0), operator: *, right: (1.0, 1.0), result: 0.0})
now error: 0.0
newest best op: Uniop(df,'HospitalOwner','government - federal',(['HospitalName'], {('southwest alabama medical center',)}),{left: ("[FunctionalDependency:(s: {HospitalName}, t: {HospitalOwner})]", 0.0), operator: *, right: (1.0, 1.0), result: 0.0})
now error: 0.0
Block processing time: 0.11758 seconds
Computing Block 19 out of 79
Processing Block size=23
begin cleaner{left: ("[FunctionalDependency:(s: {HospitalName}, t: {HospitalOwner})]", 0.0), operator: *, right: (1.0, 1.0), result: 0.0}
列 'p' 不存在，对列 HospitalOwner 不过滤，直接选择所有非无效值。
clean_bool length:7
newest best op: Uniop(df,'HospitalOwner','voluntary no@@n-profit $- private',(['HospitalName'], {('callahan eye foundation hospital',)}),{left: ("[FunctionalDependency:(s: {HospitalName}, t: {HospitalOwner})]", 0.0), operator: *, right: (1.0, 1.0), result: 0.0})
now error: 0.0
newest best op: Uniop(df,'HospitalOwner','voluntary non-profit - private',(['HospitalName'], {('callahan eye foundation hospital',)}),{left: ("[FunctionalDependency:(s: {HospitalName}, t: {HospitalOwner})]", 0.0), operator: *, right: (1.0, 1.0), result: 0.0})
now error: 0.0
Block processing time: 0.210655 seconds
Computing Block 21 out of 79
Processing Block size=24
begin cleaner{left: ("[FunctionalDependency:(s: {HospitalName}, t: {HospitalOwner})]", 0.0), operator: *, right: (1.0, 1.0), result: 0.0}
列 'p' 不存在，对列 HospitalOwner 不过滤，直接选择所有非无效值。
clean_bool length:7
newest best op: Uniop(df,'HospitalOwner','governmen$t - hospital# district or authority',(['HospitalName'], {('east alabama medical center and snf',)}),{left: ("[FunctionalDependency:(s: {HospitalName}, t: {HospitalOwner})]", 0.0), operator: *, right: (1.0, 1.0), result: 0.0})
now error: 0.0
newest best op: Uniop(df,'HospitalOwner','government - ho@@spital district or authority',(['HospitalName'], {('east alabama medical center and snf',)}),{left: ("[FunctionalDependency:(s: {HospitalName}, t: {HospitalOwner})]", 0.0), operator: *, right: (1.0, 1.0), result: 0.0})
now error: 0.0
newest best op: Uniop(df,'HospitalOwner','government - hospital district or authority',(['HospitalName'], {('east alabama medical center and snf',)}),{left: ("[FunctionalDependency:(s: {HospitalName}, t: {HospitalOwner})]", 0.0), operator: *, right: (1.0, 1.0), result: 0.0})
now error: 0.0
Block processing time: 0.259931 seconds
Computing Block 22 out of 79
Processing Block size=2
begin cleaner{left: ("[FunctionalDependency:(s: {HospitalName}, t: {HospitalOwner})]", 0.0), operator: *, right: (1.0, 1.0), result: 0.0}
列 'p' 不存在，对列 HospitalOwner 不过滤，直接选择所有非无效值。
Block processing time: 0.002628 seconds
Computing Block 23 out of 79
Processing Block size=28
begin cleaner{left: ("[FunctionalDependency:(s: {HospitalName}, t: {HospitalOwner})]", 0.0), operator: *, right: (1.0, 1.0), result: 0.0}
列 'p' 不存在，对列 HospitalOwner 不过滤，直接选择所有非无效值。
clean_bool length:6
newest best op: Uniop(df,'HospitalOwner','proprietary',(['HospitalName'], {('stringfellow memorial hospital',)}),{left: ("[FunctionalDependency:(s: {HospitalName}, t: {HospitalOwner})]", 0.0), operator: *, right: (1.0, 1.0), result: 0.0})
now error: 0.0
Block processing time: 0.189496 seconds
Computing Block 24 out of 79
Processing Block size=25
begin cleaner{left: ("[FunctionalDependency:(s: {HospitalName}, t: {HospitalOwner})]", 0.0), operator: *, right: (1.0, 1.0), result: 0.0}
列 'p' 不存在，对列 HospitalOwner 不过滤，直接选择所有非无效值。
clean_bool length:8
newest best op: Uniop(df,'HospitalOwner','voluntary# $non-profit - church',(['HospitalName'], {('baptist medical center south',)}),{left: ("[FunctionalDependency:(s: {HospitalName}, t: {HospitalOwner})]", 0.0), operator: *, right: (1.0, 1.0), result: 0.0})
now error: 0.0
newest best op: Uniop(df,'HospitalOwner','voluntary non-profit - church',(['HospitalName'], {('baptist medical center south',)}),{left: ("[FunctionalDependency:(s: {HospitalName}, t: {HospitalOwner})]", 0.0), operator: *, right: (1.0, 1.0), result: 0.0})
now error: 0.0
Block processing time: 0.259941 seconds
Computing Block 26 out of 79
Processing Block size=24
begin cleaner{left: ("[FunctionalDependency:(s: {HospitalName}, t: {HospitalOwner})]", 0.0), operator: *, right: (1.0, 1.0), result: 0.0}
列 'p' 不存在，对列 HospitalOwner 不过滤，直接选择所有非无效值。
clean_bool length:7
newest best op: Uniop(df,'HospitalOwner','voluntary non-profit %- $other',(['HospitalName'], {('eliza coffee memorial hospital',)}),{left: ("[FunctionalDependency:(s: {HospitalName}, t: {HospitalOwner})]", 0.0), operator: *, right: (1.0, 1.0), result: 0.0})
now error: 0.0
newest best op: Uniop(df,'HospitalOwner','voluntary no@@n-profit - other',(['HospitalName'], {('eliza coffee memorial hospital',)}),{left: ("[FunctionalDependency:(s: {HospitalName}, t: {HospitalOwner})]", 0.0), operator: *, right: (1.0, 1.0), result: 0.0})
now error: 0.0
newest best op: Uniop(df,'HospitalOwner','voluntary non-profit - other',(['HospitalName'], {('eliza coffee memorial hospital',)}),{left: ("[FunctionalDependency:(s: {HospitalName}, t: {HospitalOwner})]", 0.0), operator: *, right: (1.0, 1.0), result: 0.0})
now error: 0.0
Block processing time: 0.214421 seconds
Computing Block 31 out of 79
Processing Block size=2
begin cleaner{left: ("[FunctionalDependency:(s: {HospitalName}, t: {HospitalOwner})]", 0.0), operator: *, right: (1.0, 1.0), result: 0.0}
列 'p' 不存在，对列 HospitalOwner 不过滤，直接选择所有非无效值。
Block processing time: 0.002658 seconds
Computing Block 34 out of 79
Processing Block size=19
begin cleaner{left: ("[FunctionalDependency:(s: {HospitalName}, t: {HospitalOwner})]", 0.0), operator: *, right: (1.0, 1.0), result: 0.0}
列 'p' 不存在，对列 HospitalOwner 不过滤，直接选择所有非无效值。
clean_bool length:4
newest best op: Uniop(df,'HospitalOwner','voluntary non-profit - private',(['HospitalName'], {('st vincents blount',)}),{left: ("[FunctionalDependency:(s: {HospitalName}, t: {HospitalOwner})]", 0.0), operator: *, right: (1.0, 1.0), result: 0.0})
now error: 0.0
Block processing time: 0.097157 seconds
Computing Block 36 out of 79
Processing Block size=24
begin cleaner{left: ("[FunctionalDependency:(s: {HospitalName}, t: {HospitalOwner})]", 0.0), operator: *, right: (1.0, 1.0), result: 0.0}
列 'p' 不存在，对列 HospitalOwner 不过滤，直接选择所有非无效值。
clean_bool length:7
newest best op: Uniop(df,'HospitalOwner','proprietary',(['HospitalName'], {('hartselle medical center',)}),{left: ("[FunctionalDependency:(s: {HospitalName}, t: {HospitalOwner})]", 0.0), operator: *, right: (1.0, 1.0), result: 0.0})
now error: 0.0
Block processing time: 0.191104 seconds
Computing Block 37 out of 79
Processing Block size=16
begin cleaner{left: ("[FunctionalDependency:(s: {HospitalName}, t: {HospitalOwner})]", 0.0), operator: *, right: (1.0, 1.0), result: 0.0}
列 'p' 不存在，对列 HospitalOwner 不过滤，直接选择所有非无效值。
clean_bool length:4
newest best op: Uniop(df,'HospitalOwner','proprietary',(['HospitalName'], {('flowers hospital',)}),{left: ("[FunctionalDependency:(s: {HospitalName}, t: {HospitalOwner})]", 0.0), operator: *, right: (1.0, 1.0), result: 0.0})
now error: 0.0
Block processing time: 0.073105 seconds
Computing Block 39 out of 79
Processing Block size=18
begin cleaner{left: ("[FunctionalDependency:(s: {HospitalName}, t: {HospitalOwner})]", 0.0), operator: *, right: (1.0, 1.0), result: 0.0}
列 'p' 不存在，对列 HospitalOwner 不过滤，直接选择所有非无效值。
clean_bool length:4
newest best op: Uniop(df,'HospitalOwner','propr#ietary',(['HospitalName'], {('alaska regional hospital',)}),{left: ("[FunctionalDependency:(s: {HospitalName}, t: {HospitalOwner})]", 0.0), operator: *, right: (1.0, 1.0), result: 0.0})
now error: 0.0
newest best op: Uniop(df,'HospitalOwner','proprietary',(['HospitalName'], {('alaska regional hospital',)}),{left: ("[FunctionalDependency:(s: {HospitalName}, t: {HospitalOwner})]", 0.0), operator: *, right: (1.0, 1.0), result: 0.0})
now error: 0.0
Block processing time: 0.081324 seconds
Computing Block 40 out of 79
Processing Block size=20
begin cleaner{left: ("[FunctionalDependency:(s: {HospitalName}, t: {HospitalOwner})]", 0.0), operator: *, right: (1.0, 1.0), result: 0.0}
列 'p' 不存在，对列 HospitalOwner 不过滤，直接选择所有非无效值。
clean_bool length:7
newest best op: Uniop(df,'HospitalOwner','proprietary',(['HospitalName'], {('northwest medical center',)}),{left: ("[FunctionalDependency:(s: {HospitalName}, t: {HospitalOwner})]", 0.0), operator: *, right: (1.0, 1.0), result: 0.0})
now error: 0.0
Block processing time: 0.158846 seconds
Computing Block 41 out of 79
Processing Block size=24
begin cleaner{left: ("[FunctionalDependency:(s: {HospitalName}, t: {HospitalOwner})]", 0.0), operator: *, right: (1.0, 1.0), result: 0.0}
列 'p' 不存在，对列 HospitalOwner 不过滤，直接选择所有非无效值。
clean_bool length:4
newest best op: Uniop(df,'HospitalOwner','voluntary non-pr#ofit - other',(['HospitalName'], {('g h lanier memorial hospital',)}),{left: ("[FunctionalDependency:(s: {HospitalName}, t: {HospitalOwner})]", 0.0), operator: *, right: (1.0, 1.0), result: 0.0})
now error: 0.0
newest best op: Uniop(df,'HospitalOwner','voluntary non-profit - other',(['HospitalName'], {('g h lanier memorial hospital',)}),{left: ("[FunctionalDependency:(s: {HospitalName}, t: {HospitalOwner})]", 0.0), operator: *, right: (1.0, 1.0), result: 0.0})
now error: 0.0
Block processing time: 0.117386 seconds
Computing Block 44 out of 79
Processing Block size=24
begin cleaner{left: ("[FunctionalDependency:(s: {HospitalName}, t: {HospitalOwner})]", 0.0), operator: *, right: (1.0, 1.0), result: 0.0}
列 'p' 不存在，对列 HospitalOwner 不过滤，直接选择所有非无效值。
clean_bool length:5
newest best op: Uniop(df,'HospitalOwner','proprietary',(['HospitalName'], {('andalusia regional hospital',)}),{left: ("[FunctionalDependency:(s: {HospitalName}, t: {HospitalOwner})]", 0.0), operator: *, right: (1.0, 1.0), result: 0.0})
now error: 0.0
Block processing time: 0.135331 seconds
Computing Block 46 out of 79
Processing Block size=5
begin cleaner{left: ("[FunctionalDependency:(s: {HospitalName}, t: {HospitalOwner})]", 0.0), operator: *, right: (1.0, 1.0), result: 0.0}
列 'p' 不存在，对列 HospitalOwner 不过滤，直接选择所有非无效值。
clean_bool length:4
newest best op: Uniop(df,'HospitalOwner','voluntary %non-profit - other',(['HospitalName'], {('st vincents hospital',)}),{left: ("[FunctionalDependency:(s: {HospitalName}, t: {HospitalOwner})]", 0.0), operator: *, right: (1.0, 1.0), result: 0.0})
now error: 0.0
newest best op: Uniop(df,'HospitalOwner','voluntary non-profit - other',(['HospitalName'], {('st vincents hospital',)}),{left: ("[FunctionalDependency:(s: {HospitalName}, t: {HospitalOwner})]", 0.0), operator: *, right: (1.0, 1.0), result: 0.0})
now error: 0.0
Block processing time: 0.025867 seconds
Computing Block 47 out of 79
Processing Block size=25
begin cleaner{left: ("[FunctionalDependency:(s: {HospitalName}, t: {HospitalOwner})]", 0.0), operator: *, right: (1.0, 1.0), result: 0.0}
列 'p' 不存在，对列 HospitalOwner 不过滤，直接选择所有非无效值。
clean_bool length:4
newest best op: Uniop(df,'HospitalOwner','governm%ent - federal',(['HospitalName'], {('crenshaw community hospital',)}),{left: ("[FunctionalDependency:(s: {HospitalName}, t: {HospitalOwner})]", 0.0), operator: *, right: (1.0, 1.0), result: 0.0})
now error: 0.0
newest best op: Uniop(df,'HospitalOwner','government - federal',(['HospitalName'], {('crenshaw community hospital',)}),{left: ("[FunctionalDependency:(s: {HospitalName}, t: {HospitalOwner})]", 0.0), operator: *, right: (1.0, 1.0), result: 0.0})
now error: 0.0
Block processing time: 0.116064 seconds
Computing Block 49 out of 79
Processing Block size=22
begin cleaner{left: ("[FunctionalDependency:(s: {HospitalName}, t: {HospitalOwner})]", 0.0), operator: *, right: (1.0, 1.0), result: 0.0}
列 'p' 不存在，对列 HospitalOwner 不过滤，直接选择所有非无效值。
clean_bool length:8
newest best op: Uniop(df,'HospitalOwner','voluntary non-pro$fit - private',(['HospitalName'], {('community hospital inc',)}),{left: ("[FunctionalDependency:(s: {HospitalName}, t: {HospitalOwner})]", 0.0), operator: *, right: (1.0, 1.0), result: 0.0})
now error: 0.0
newest best op: Uniop(df,'HospitalOwner','voluntary non-profit - private',(['HospitalName'], {('community hospital inc',)}),{left: ("[FunctionalDependency:(s: {HospitalName}, t: {HospitalOwner})]", 0.0), operator: *, right: (1.0, 1.0), result: 0.0})
now error: 0.0
Block processing time: 0.228374 seconds
Computing Block 50 out of 79
Processing Block size=22
begin cleaner{left: ("[FunctionalDependency:(s: {HospitalName}, t: {HospitalOwner})]", 0.0), operator: *, right: (1.0, 1.0), result: 0.0}
列 'p' 不存在，对列 HospitalOwner 不过滤，直接选择所有非无效值。
clean_bool length:6
newest best op: Uniop(df,'HospitalOwner','government - hospital district or# autho#rity',(['HospitalName'], {('dale medical center',)}),{left: ("[FunctionalDependency:(s: {HospitalName}, t: {HospitalOwner})]", 0.0), operator: *, right: (1.0, 1.0), result: 0.0})
now error: 0.0
newest best op: Uniop(df,'HospitalOwner','government - hospital di$strict or authority',(['HospitalName'], {('dale medical center',)}),{left: ("[FunctionalDependency:(s: {HospitalName}, t: {HospitalOwner})]", 0.0), operator: *, right: (1.0, 1.0), result: 0.0})
now error: 0.0
newest best op: Uniop(df,'HospitalOwner','government - hospital district or authority',(['HospitalName'], {('dale medical center',)}),{left: ("[FunctionalDependency:(s: {HospitalName}, t: {HospitalOwner})]", 0.0), operator: *, right: (1.0, 1.0), result: 0.0})
now error: 0.0
Block processing time: 0.195993 seconds
Computing Block 51 out of 79
Processing Block size=20
begin cleaner{left: ("[FunctionalDependency:(s: {HospitalName}, t: {HospitalOwner})]", 0.0), operator: *, right: (1.0, 1.0), result: 0.0}
列 'p' 不存在，对列 HospitalOwner 不过滤，直接选择所有非无效值。
clean_bool length:6
newest best op: Uniop(df,'HospitalOwner','vol??untary non??-profit - private',(['HospitalName'], {('cherokee medical center',)}),{left: ("[FunctionalDependency:(s: {HospitalName}, t: {HospitalOwner})]", 0.0), operator: *, right: (1.0, 1.0), result: 0.0})
now error: 0.0
newest best op: Uniop(df,'HospitalOwner','voluntary non-profit @@- private',(['HospitalName'], {('cherokee medical center',)}),{left: ("[FunctionalDependency:(s: {HospitalName}, t: {HospitalOwner})]", 0.0), operator: *, right: (1.0, 1.0), result: 0.0})
now error: 0.0
newest best op: Uniop(df,'HospitalOwner','voluntary non-profit - private',(['HospitalName'], {('cherokee medical center',)}),{left: ("[FunctionalDependency:(s: {HospitalName}, t: {HospitalOwner})]", 0.0), operator: *, right: (1.0, 1.0), result: 0.0})
now error: 0.0
Block processing time: 0.154638 seconds
Computing Block 52 out of 79
Processing Block size=23
begin cleaner{left: ("[FunctionalDependency:(s: {HospitalName}, t: {HospitalOwner})]", 0.0), operator: *, right: (1.0, 1.0), result: 0.0}
列 'p' 不存在，对列 HospitalOwner 不过滤，直接选择所有非无效值。
clean_bool length:6
newest best op: Uniop(df,'HospitalOwner','voluntary non-profit - church',(['HospitalName'], {('shelby baptist medical center',)}),{left: ("[FunctionalDependency:(s: {HospitalName}, t: {HospitalOwner})]", 0.0), operator: *, right: (1.0, 1.0), result: 0.0})
now error: 0.0
Block processing time: 0.178162 seconds
Computing Block 54 out of 79
Processing Block size=23
begin cleaner{left: ("[FunctionalDependency:(s: {HospitalName}, t: {HospitalOwner})]", 0.0), operator: *, right: (1.0, 1.0), result: 0.0}
列 'p' 不存在，对列 HospitalOwner 不过滤，直接选择所有非无效值。
clean_bool length:4
newest best op: Uniop(df,'HospitalOwner','voluntary non-profit - private',(['HospitalName'], {('mizell memorial hospital',)}),{left: ("[FunctionalDependency:(s: {HospitalName}, t: {HospitalOwner})]", 0.0), operator: *, right: (1.0, 1.0), result: 0.0})
now error: 0.0
Block processing time: 0.113261 seconds
Computing Block 55 out of 79
Processing Block size=18
begin cleaner{left: ("[FunctionalDependency:(s: {HospitalName}, t: {HospitalOwner})]", 0.0), operator: *, right: (1.0, 1.0), result: 0.0}
列 'p' 不存在，对列 HospitalOwner 不过滤，直接选择所有非无效值。
clean_bool length:4
newest best op: Uniop(df,'HospitalOwner','voluntary non-prof$it - other',(['HospitalName'], {('coosa valley medical center',)}),{left: ("[FunctionalDependency:(s: {HospitalName}, t: {HospitalOwner})]", 0.0), operator: *, right: (1.0, 1.0), result: 0.0})
now error: 0.0
newest best op: Uniop(df,'HospitalOwner','voluntary non-profit - other',(['HospitalName'], {('coosa valley medical center',)}),{left: ("[FunctionalDependency:(s: {HospitalName}, t: {HospitalOwner})]", 0.0), operator: *, right: (1.0, 1.0), result: 0.0})
now error: 0.0
Block processing time: 0.088763 seconds
Computing Block 56 out of 79
Processing Block size=25
begin cleaner{left: ("[FunctionalDependency:(s: {HospitalName}, t: {HospitalOwner})]", 0.0), operator: *, right: (1.0, 1.0), result: 0.0}
列 'p' 不存在，对列 HospitalOwner 不过滤，直接选择所有非无效值。
clean_bool length:8
newest best op: Uniop(df,'HospitalOwner','gov??ernment - state',(['HospitalName'], {('university of alabama hospital',)}),{left: ("[FunctionalDependency:(s: {HospitalName}, t: {HospitalOwner})]", 0.0), operator: *, right: (1.0, 1.0), result: 0.0})
now error: 0.0
newest best op: Uniop(df,'HospitalOwner','go#vernment - state',(['HospitalName'], {('university of alabama hospital',)}),{left: ("[FunctionalDependency:(s: {HospitalName}, t: {HospitalOwner})]", 0.0), operator: *, right: (1.0, 1.0), result: 0.0})
now error: 0.0
newest best op: Uniop(df,'HospitalOwner','government - state',(['HospitalName'], {('university of alabama hospital',)}),{left: ("[FunctionalDependency:(s: {HospitalName}, t: {HospitalOwner})]", 0.0), operator: *, right: (1.0, 1.0), result: 0.0})
now error: 0.0
Block processing time: 0.234963 seconds
Computing Block 58 out of 79
Processing Block size=23
begin cleaner{left: ("[FunctionalDependency:(s: {HospitalName}, t: {HospitalOwner})]", 0.0), operator: *, right: (1.0, 1.0), result: 0.0}
列 'p' 不存在，对列 HospitalOwner 不过滤，直接选择所有非无效值。
clean_bool length:9
newest best op: Uniop(df,'HospitalOwner','government - hospi??tal district or authority',(['HospitalName'], {('helen keller memorial hospital',)}),{left: ("[FunctionalDependency:(s: {HospitalName}, t: {HospitalOwner})]", 0.0), operator: *, right: (1.0, 1.0), result: 0.0})
now error: 0.0
newest best op: Uniop(df,'HospitalOwner','government - hosp#ital district or authority',(['HospitalName'], {('helen keller memorial hospital',)}),{left: ("[FunctionalDependency:(s: {HospitalName}, t: {HospitalOwner})]", 0.0), operator: *, right: (1.0, 1.0), result: 0.0})
now error: 0.0
newest best op: Uniop(df,'HospitalOwner','government - hospital district or authority',(['HospitalName'], {('helen keller memorial hospital',)}),{left: ("[FunctionalDependency:(s: {HospitalName}, t: {HospitalOwner})]", 0.0), operator: *, right: (1.0, 1.0), result: 0.0})
now error: 0.0
Block processing time: 0.322059 seconds
Computing Block 61 out of 79
Processing Block size=13
begin cleaner{left: ("[FunctionalDependency:(s: {HospitalName}, t: {HospitalOwner})]", 0.0), operator: *, right: (1.0, 1.0), result: 0.0}
列 'p' 不存在，对列 HospitalOwner 不过滤，直接选择所有非无效值。
clean_bool length:2
newest best op: Uniop(df,'HospitalOwner','government - state',(['HospitalName'], {('univ of south alabama medical center',)}),{left: ("[FunctionalDependency:(s: {HospitalName}, t: {HospitalOwner})]", 0.0), operator: *, right: (1.0, 1.0), result: 0.0})
now error: 0.0
Block processing time: 0.029658 seconds
Computing Block 62 out of 79
Processing Block size=25
begin cleaner{left: ("[FunctionalDependency:(s: {HospitalName}, t: {HospitalOwner})]", 0.0), operator: *, right: (1.0, 1.0), result: 0.0}
列 'p' 不存在，对列 HospitalOwner 不过滤，直接选择所有非无效值。
clean_bool length:2
newest best op: Uniop(df,'HospitalOwner','proprietary',(['HospitalName'], {('gadsden regional medical center',)}),{left: ("[FunctionalDependency:(s: {HospitalName}, t: {HospitalOwner})]", 0.0), operator: *, right: (1.0, 1.0), result: 0.0})
now error: 0.0
Block processing time: 0.056164 seconds
Computing Block 64 out of 79
Processing Block size=24
begin cleaner{left: ("[FunctionalDependency:(s: {HospitalName}, t: {HospitalOwner})]", 0.0), operator: *, right: (1.0, 1.0), result: 0.0}
列 'p' 不存在，对列 HospitalOwner 不过滤，直接选择所有非无效值。
clean_bool length:6
newest best op: Uniop(df,'HospitalOwner','government - h$ospital district or autho??rity',(['HospitalName'], {('cullman regional medical center',)}),{left: ("[FunctionalDependency:(s: {HospitalName}, t: {HospitalOwner})]", 0.0), operator: *, right: (1.0, 1.0), result: 0.0})
now error: 0.0
newest best op: Uniop(df,'HospitalOwner','government - hospital district or au%thority',(['HospitalName'], {('cullman regional medical center',)}),{left: ("[FunctionalDependency:(s: {HospitalName}, t: {HospitalOwner})]", 0.0), operator: *, right: (1.0, 1.0), result: 0.0})
now error: 0.0
newest best op: Uniop(df,'HospitalOwner','government - hospital district or authority',(['HospitalName'], {('cullman regional medical center',)}),{left: ("[FunctionalDependency:(s: {HospitalName}, t: {HospitalOwner})]", 0.0), operator: *, right: (1.0, 1.0), result: 0.0})
now error: 0.0
Block processing time: 0.209284 seconds
Computing Block 67 out of 79
Processing Block size=23
begin cleaner{left: ("[FunctionalDependency:(s: {HospitalName}, t: {HospitalOwner})]", 0.0), operator: *, right: (1.0, 1.0), result: 0.0}
列 'p' 不存在，对列 HospitalOwner 不过滤，直接选择所有非无效值。
clean_bool length:7
newest best op: Uniop(df,'HospitalOwner','proprietary',(['HospitalName'], {('medical center enterprise',)}),{left: ("[FunctionalDependency:(s: {HospitalName}, t: {HospitalOwner})]", 0.0), operator: *, right: (1.0, 1.0), result: 0.0})
now error: 0.0
Block processing time: 0.180749 seconds
Computing Block 69 out of 79
Processing Block size=25
begin cleaner{left: ("[FunctionalDependency:(s: {HospitalName}, t: {HospitalOwner})]", 0.0), operator: *, right: (1.0, 1.0), result: 0.0}
列 'p' 不存在，对列 HospitalOwner 不过滤，直接选择所有非无效值。
clean_bool length:6
newest best op: Uniop(df,'HospitalOwner','v??oluntary non-profit - %private',(['HospitalName'], {('st vincents east',)}),{left: ("[FunctionalDependency:(s: {HospitalName}, t: {HospitalOwner})]", 0.0), operator: *, right: (1.0, 1.0), result: 0.0})
now error: 0.0
newest best op: Uniop(df,'HospitalOwner','voluntary non-profit - private',(['HospitalName'], {('st vincents east',)}),{left: ("[FunctionalDependency:(s: {HospitalName}, t: {HospitalOwner})]", 0.0), operator: *, right: (1.0, 1.0), result: 0.0})
now error: 0.0
Block processing time: 0.193244 seconds
Computing Block 70 out of 79
Processing Block size=25
begin cleaner{left: ("[FunctionalDependency:(s: {HospitalName}, t: {HospitalOwner})]", 0.0), operator: *, right: (1.0, 1.0), result: 0.0}
列 'p' 不存在，对列 HospitalOwner 不过滤，直接选择所有非无效值。
clean_bool length:5
newest best op: Uniop(df,'HospitalOwner','government - hospital %district or authority',(['HospitalName'], {('huntsville hospital',)}),{left: ("[FunctionalDependency:(s: {HospitalName}, t: {HospitalOwner})]", 0.0), operator: *, right: (1.0, 1.0), result: 0.0})
now error: 0.0
newest best op: Uniop(df,'HospitalOwner','government - hospital district or authority',(['HospitalName'], {('huntsville hospital',)}),{left: ("[FunctionalDependency:(s: {HospitalName}, t: {HospitalOwner})]", 0.0), operator: *, right: (1.0, 1.0), result: 0.0})
now error: 0.0
Block processing time: 0.179468 seconds
Computing Block 72 out of 79
Processing Block size=22
begin cleaner{left: ("[FunctionalDependency:(s: {HospitalName}, t: {HospitalOwner})]", 0.0), operator: *, right: (1.0, 1.0), result: 0.0}
列 'p' 不存在，对列 HospitalOwner 不过滤，直接选择所有非无效值。
clean_bool length:3
newest best op: Uniop(df,'HospitalOwner','voluntary non-profit - private',(['HospitalName'], {('marion regional medical center',)}),{left: ("[FunctionalDependency:(s: {HospitalName}, t: {HospitalOwner})]", 0.0), operator: *, right: (1.0, 1.0), result: 0.0})
now error: 0.0
Block processing time: 0.079693 seconds
Computing Block 76 out of 79
Processing Block size=23
begin cleaner{left: ("[FunctionalDependency:(s: {HospitalName}, t: {HospitalOwner})]", 0.0), operator: *, right: (1.0, 1.0), result: 0.0}
列 'p' 不存在，对列 HospitalOwner 不过滤，直接选择所有非无效值。
clean_bool length:6
newest best op: Uniop(df,'HospitalOwner','v@@oluntary non-profit - other',(['HospitalName'], {('elba general hospital',)}),{left: ("[FunctionalDependency:(s: {HospitalName}, t: {HospitalOwner})]", 0.0), operator: *, right: (1.0, 1.0), result: 0.0})
now error: 0.0
newest best op: Uniop(df,'HospitalOwner','voluntary non-profit - othe%r',(['HospitalName'], {('elba general hospital',)}),{left: ("[FunctionalDependency:(s: {HospitalName}, t: {HospitalOwner})]", 0.0), operator: *, right: (1.0, 1.0), result: 0.0})
now error: 0.0
newest best op: Uniop(df,'HospitalOwner','voluntary non-profit - other',(['HospitalName'], {('elba general hospital',)}),{left: ("[FunctionalDependency:(s: {HospitalName}, t: {HospitalOwner})]", 0.0), operator: *, right: (1.0, 1.0), result: 0.0})
now error: 0.0
Block processing time: 0.175322 seconds
Computing Block 77 out of 79
Processing Block size=19
begin cleaner{left: ("[FunctionalDependency:(s: {HospitalName}, t: {HospitalOwner})]", 0.0), operator: *, right: (1.0, 1.0), result: 0.0}
列 'p' 不存在，对列 HospitalOwner 不过滤，直接选择所有非无效值。
clean_bool length:3
newest best op: Uniop(df,'HospitalOwner','voluntary non-profit - private',(['HospitalName'], {('prattville baptist hospital',)}),{left: ("[FunctionalDependency:(s: {HospitalName}, t: {HospitalOwner})]", 0.0), operator: *, right: (1.0, 1.0), result: 0.0})
now error: 0.0
Block processing time: 0.068578 seconds
Computing Block 79 out of 79
Processing Block size=22
begin cleaner{left: ("[FunctionalDependency:(s: {HospitalName}, t: {HospitalOwner})]", 0.0), operator: *, right: (1.0, 1.0), result: 0.0}
列 'p' 不存在，对列 HospitalOwner 不过滤，直接选择所有非无效值。
clean_bool length:3
newest best op: Uniop(df,'HospitalOwner','voluntary non-profit - private',(['HospitalName'], {('georgiana hospital',)}),{left: ("[FunctionalDependency:(s: {HospitalName}, t: {HospitalOwner})]", 0.0), operator: *, right: (1.0, 1.0), result: 0.0})
now error: 0.0
Block processing time: 0.083048 seconds
  当前节点: HospitalOwner 有 42 个清洗操作
  当前节点: City 存在可用清洗信号
数据块大小: 1000
分块属性:
[['HospitalName']]
Starting initial block mapping...
Initial number of blocks: 80
Final number of blocks after further splitting: 79
Computing Block 1 out of 79
Processing Block size=23
begin cleaner[FunctionalDependency:(s: {'HospitalName'}, t: {'City'})]*1.0
列 'p' 不存在，对列 City 不过滤，直接选择所有非无效值。
clean_bool length:6
newest best op: Uniop(df,'City','$montgomery$',(['HospitalName'], {('jackson hospital & clinic inc',)}),{left: ("[FunctionalDependency:(s: {HospitalName}, t: {City})]", 0.0), operator: *, right: (1.0, 1.0), result: 0.0})
now error: 0.0
newest best op: Uniop(df,'City','montgomery',(['HospitalName'], {('jackson hospital & clinic inc',)}),{left: ("[FunctionalDependency:(s: {HospitalName}, t: {City})]", 0.0), operator: *, right: (1.0, 1.0), result: 0.0})
now error: 0.0
Block processing time: 0.156337 seconds
Computing Block 5 out of 79
Processing Block size=26
begin cleaner{left: ("[FunctionalDependency:(s: {HospitalName}, t: {City})]", 0.0), operator: *, right: (1.0, 1.0), result: 0.0}
列 'p' 不存在，对列 City 不过滤，直接选择所有非无效值。
clean_bool length:4
newest best op: Uniop(df,'City','gads%den$',(['HospitalName'], {('riverview regional medical center',)}),{left: ("[FunctionalDependency:(s: {HospitalName}, t: {City})]", 0.0), operator: *, right: (1.0, 1.0), result: 0.0})
now error: 0.0
newest best op: Uniop(df,'City','gadsden',(['HospitalName'], {('riverview regional medical center',)}),{left: ("[FunctionalDependency:(s: {HospitalName}, t: {City})]", 0.0), operator: *, right: (1.0, 1.0), result: 0.0})
now error: 0.0
Block processing time: 0.115934 seconds
Computing Block 6 out of 79
Processing Block size=25
begin cleaner{left: ("[FunctionalDependency:(s: {HospitalName}, t: {City})]", 0.0), operator: *, right: (1.0, 1.0), result: 0.0}
列 'p' 不存在，对列 City 不过滤，直接选择所有非无效值。
clean_bool length:6
newest best op: Uniop(df,'City','??fayette',(['HospitalName'], {('fayette medical center',)}),{left: ("[FunctionalDependency:(s: {HospitalName}, t: {City})]", 0.0), operator: *, right: (1.0, 1.0), result: 0.0})
now error: 0.0
newest best op: Uniop(df,'City','$fayette',(['HospitalName'], {('fayette medical center',)}),{left: ("[FunctionalDependency:(s: {HospitalName}, t: {City})]", 0.0), operator: *, right: (1.0, 1.0), result: 0.0})
now error: 0.0
newest best op: Uniop(df,'City','fayette',(['HospitalName'], {('fayette medical center',)}),{left: ("[FunctionalDependency:(s: {HospitalName}, t: {City})]", 0.0), operator: *, right: (1.0, 1.0), result: 0.0})
now error: 0.0
Block processing time: 0.166573 seconds
Computing Block 7 out of 79
Processing Block size=22
begin cleaner{left: ("[FunctionalDependency:(s: {HospitalName}, t: {City})]", 0.0), operator: *, right: (1.0, 1.0), result: 0.0}
列 'p' 不存在，对列 City 不过滤，直接选择所有非无效值。
clean_bool length:10
newest best op: Uniop(df,'City','do%than',(['HospitalName'], {('southeast alabama medical center',)}),{left: ("[FunctionalDependency:(s: {HospitalName}, t: {City})]", 0.0), operator: *, right: (1.0, 1.0), result: 0.0})
now error: 0.0
newest best op: Uniop(df,'City','dothan',(['HospitalName'], {('southeast alabama medical center',)}),{left: ("[FunctionalDependency:(s: {HospitalName}, t: {City})]", 0.0), operator: *, right: (1.0, 1.0), result: 0.0})
now error: 0.0
Block processing time: 0.243325 seconds
Computing Block 10 out of 79
Processing Block size=24
begin cleaner{left: ("[FunctionalDependency:(s: {HospitalName}, t: {City})]", 0.0), operator: *, right: (1.0, 1.0), result: 0.0}
列 'p' 不存在，对列 City 不过滤，直接选择所有非无效值。
clean_bool length:8
newest best op: Uniop(df,'City','$wed#owee',(['HospitalName'], {('wedowee hospital',)}),{left: ("[FunctionalDependency:(s: {HospitalName}, t: {City})]", 0.0), operator: *, right: (1.0, 1.0), result: 0.0})
now error: 0.0
newest best op: Uniop(df,'City','w%edowee',(['HospitalName'], {('wedowee hospital',)}),{left: ("[FunctionalDependency:(s: {HospitalName}, t: {City})]", 0.0), operator: *, right: (1.0, 1.0), result: 0.0})
now error: 0.0
newest best op: Uniop(df,'City','we%dowee',(['HospitalName'], {('wedowee hospital',)}),{left: ("[FunctionalDependency:(s: {HospitalName}, t: {City})]", 0.0), operator: *, right: (1.0, 1.0), result: 0.0})
now error: 0.0
newest best op: Uniop(df,'City','wedowee',(['HospitalName'], {('wedowee hospital',)}),{left: ("[FunctionalDependency:(s: {HospitalName}, t: {City})]", 0.0), operator: *, right: (1.0, 1.0), result: 0.0})
now error: 0.0
Block processing time: 0.217078 seconds
Computing Block 11 out of 79
Processing Block size=22
begin cleaner{left: ("[FunctionalDependency:(s: {HospitalName}, t: {City})]", 0.0), operator: *, right: (1.0, 1.0), result: 0.0}
列 'p' 不存在，对列 City 不过滤，直接选择所有非无效值。
clean_bool length:4
newest best op: Uniop(df,'City','gunters$vill#e',(['HospitalName'], {('marshall medical center north',)}),{left: ("[FunctionalDependency:(s: {HospitalName}, t: {City})]", 0.0), operator: *, right: (1.0, 1.0), result: 0.0})
now error: 0.0
newest best op: Uniop(df,'City','guntersville',(['HospitalName'], {('marshall medical center north',)}),{left: ("[FunctionalDependency:(s: {HospitalName}, t: {City})]", 0.0), operator: *, right: (1.0, 1.0), result: 0.0})
now error: 0.0
Block processing time: 0.103882 seconds
Computing Block 12 out of 79
Processing Block size=23
begin cleaner{left: ("[FunctionalDependency:(s: {HospitalName}, t: {City})]", 0.0), operator: *, right: (1.0, 1.0), result: 0.0}
列 'p' 不存在，对列 City 不过滤，直接选择所有非无效值。
clean_bool length:9
newest best op: Uniop(df,'City','cl????anton',(['HospitalName'], {('chilton medical center',)}),{left: ("[FunctionalDependency:(s: {HospitalName}, t: {City})]", 0.0), operator: *, right: (1.0, 1.0), result: 0.0})
now error: 0.0
newest best op: Uniop(df,'City','cla%nto#n',(['HospitalName'], {('chilton medical center',)}),{left: ("[FunctionalDependency:(s: {HospitalName}, t: {City})]", 0.0), operator: *, right: (1.0, 1.0), result: 0.0})
now error: 0.0
newest best op: Uniop(df,'City','clanton',(['HospitalName'], {('chilton medical center',)}),{left: ("[FunctionalDependency:(s: {HospitalName}, t: {City})]", 0.0), operator: *, right: (1.0, 1.0), result: 0.0})
now error: 0.0
Block processing time: 0.233537 seconds
Computing Block 13 out of 79
Processing Block size=24
begin cleaner{left: ("[FunctionalDependency:(s: {HospitalName}, t: {City})]", 0.0), operator: *, right: (1.0, 1.0), result: 0.0}
列 'p' 不存在，对列 City 不过滤，直接选择所有非无效值。
clean_bool length:5
newest best op: Uniop(df,'City','boaz%',(['HospitalName'], {('marshall medical center south',)}),{left: ("[FunctionalDependency:(s: {HospitalName}, t: {City})]", 0.0), operator: *, right: (1.0, 1.0), result: 0.0})
now error: 0.0
newest best op: Uniop(df,'City','boaz',(['HospitalName'], {('marshall medical center south',)}),{left: ("[FunctionalDependency:(s: {HospitalName}, t: {City})]", 0.0), operator: *, right: (1.0, 1.0), result: 0.0})
now error: 0.0
Block processing time: 0.133239 seconds
Computing Block 14 out of 79
Processing Block size=25
begin cleaner{left: ("[FunctionalDependency:(s: {HospitalName}, t: {City})]", 0.0), operator: *, right: (1.0, 1.0), result: 0.0}
列 'p' 不存在，对列 City 不过滤，直接选择所有非无效值。
clean_bool length:7
newest best op: Uniop(df,'City','fo?%?rt payne',(['HospitalName'], {('dekalb regional medical center',)}),{left: ("[FunctionalDependency:(s: {HospitalName}, t: {City})]", 0.0), operator: *, right: (1.0, 1.0), result: 0.0})
now error: 0.0
newest best op: Uniop(df,'City','fort p??ayne',(['HospitalName'], {('dekalb regional medical center',)}),{left: ("[FunctionalDependency:(s: {HospitalName}, t: {City})]", 0.0), operator: *, right: (1.0, 1.0), result: 0.0})
now error: 0.0
newest best op: Uniop(df,'City','fort payne',(['HospitalName'], {('dekalb regional medical center',)}),{left: ("[FunctionalDependency:(s: {HospitalName}, t: {City})]", 0.0), operator: *, right: (1.0, 1.0), result: 0.0})
now error: 0.0
Block processing time: 0.198556 seconds
Computing Block 17 out of 79
Processing Block size=25
begin cleaner{left: ("[FunctionalDependency:(s: {HospitalName}, t: {City})]", 0.0), operator: *, right: (1.0, 1.0), result: 0.0}
列 'p' 不存在，对列 City 不过滤，直接选择所有非无效值。
clean_bool length:6
newest best op: Uniop(df,'City','thomasville',(['HospitalName'], {('southwest alabama medical center',)}),{left: ("[FunctionalDependency:(s: {HospitalName}, t: {City})]", 0.0), operator: *, right: (1.0, 1.0), result: 0.0})
now error: 0.0
Block processing time: 0.170886 seconds
Computing Block 19 out of 79
Processing Block size=23
begin cleaner{left: ("[FunctionalDependency:(s: {HospitalName}, t: {City})]", 0.0), operator: *, right: (1.0, 1.0), result: 0.0}
列 'p' 不存在，对列 City 不过滤，直接选择所有非无效值。
clean_bool length:7
newest best op: Uniop(df,'City','birming%ham',(['HospitalName'], {('callahan eye foundation hospital',)}),{left: ("[FunctionalDependency:(s: {HospitalName}, t: {City})]", 0.0), operator: *, right: (1.0, 1.0), result: 0.0})
now error: 0.0
newest best op: Uniop(df,'City','birmingham',(['HospitalName'], {('callahan eye foundation hospital',)}),{left: ("[FunctionalDependency:(s: {HospitalName}, t: {City})]", 0.0), operator: *, right: (1.0, 1.0), result: 0.0})
now error: 0.0
Block processing time: 0.181935 seconds
Computing Block 21 out of 79
Processing Block size=24
begin cleaner{left: ("[FunctionalDependency:(s: {HospitalName}, t: {City})]", 0.0), operator: *, right: (1.0, 1.0), result: 0.0}
列 'p' 不存在，对列 City 不过滤，直接选择所有非无效值。
clean_bool length:5
newest best op: Uniop(df,'City','opelika',(['HospitalName'], {('east alabama medical center and snf',)}),{left: ("[FunctionalDependency:(s: {HospitalName}, t: {City})]", 0.0), operator: *, right: (1.0, 1.0), result: 0.0})
now error: 0.0
Block processing time: 0.134337 seconds
Computing Block 22 out of 79
Processing Block size=2
begin cleaner{left: ("[FunctionalDependency:(s: {HospitalName}, t: {City})]", 0.0), operator: *, right: (1.0, 1.0), result: 0.0}
列 'p' 不存在，对列 City 不过滤，直接选择所有非无效值。
Block processing time: 0.00265 seconds
Computing Block 23 out of 79
Processing Block size=28
begin cleaner{left: ("[FunctionalDependency:(s: {HospitalName}, t: {City})]", 0.0), operator: *, right: (1.0, 1.0), result: 0.0}
列 'p' 不存在，对列 City 不过滤，直接选择所有非无效值。
clean_bool length:6
newest best op: Uniop(df,'City','an#n??iston',(['HospitalName'], {('stringfellow memorial hospital',)}),{left: ("[FunctionalDependency:(s: {HospitalName}, t: {City})]", 0.0), operator: *, right: (1.0, 1.0), result: 0.0})
now error: 0.0
newest best op: Uniop(df,'City','anniston',(['HospitalName'], {('stringfellow memorial hospital',)}),{left: ("[FunctionalDependency:(s: {HospitalName}, t: {City})]", 0.0), operator: *, right: (1.0, 1.0), result: 0.0})
now error: 0.0
Block processing time: 0.190266 seconds
Computing Block 24 out of 79
Processing Block size=25
begin cleaner{left: ("[FunctionalDependency:(s: {HospitalName}, t: {City})]", 0.0), operator: *, right: (1.0, 1.0), result: 0.0}
列 'p' 不存在，对列 City 不过滤，直接选择所有非无效值。
clean_bool length:6
newest best op: Uniop(df,'City','montgom%ery%',(['HospitalName'], {('baptist medical center south',)}),{left: ("[FunctionalDependency:(s: {HospitalName}, t: {City})]", 0.0), operator: *, right: (1.0, 1.0), result: 0.0})
now error: 0.0
newest best op: Uniop(df,'City','$mont#gomery',(['HospitalName'], {('baptist medical center south',)}),{left: ("[FunctionalDependency:(s: {HospitalName}, t: {City})]", 0.0), operator: *, right: (1.0, 1.0), result: 0.0})
now error: 0.0
newest best op: Uniop(df,'City','montgome??ry',(['HospitalName'], {('baptist medical center south',)}),{left: ("[FunctionalDependency:(s: {HospitalName}, t: {City})]", 0.0), operator: *, right: (1.0, 1.0), result: 0.0})
now error: 0.0
newest best op: Uniop(df,'City','montgomery',(['HospitalName'], {('baptist medical center south',)}),{left: ("[FunctionalDependency:(s: {HospitalName}, t: {City})]", 0.0), operator: *, right: (1.0, 1.0), result: 0.0})
now error: 0.0
Block processing time: 0.169675 seconds
Computing Block 26 out of 79
Processing Block size=24
begin cleaner{left: ("[FunctionalDependency:(s: {HospitalName}, t: {City})]", 0.0), operator: *, right: (1.0, 1.0), result: 0.0}
列 'p' 不存在，对列 City 不过滤，直接选择所有非无效值。
clean_bool length:3
newest best op: Uniop(df,'City','florence',(['HospitalName'], {('eliza coffee memorial hospital',)}),{left: ("[FunctionalDependency:(s: {HospitalName}, t: {City})]", 0.0), operator: *, right: (1.0, 1.0), result: 0.0})
now error: 0.0
Block processing time: 0.081328 seconds
Computing Block 31 out of 79
Processing Block size=2
begin cleaner{left: ("[FunctionalDependency:(s: {HospitalName}, t: {City})]", 0.0), operator: *, right: (1.0, 1.0), result: 0.0}
列 'p' 不存在，对列 City 不过滤，直接选择所有非无效值。
clean_bool length:3
newest best op: Uniop(df,'City','bet??hel',(['HospitalName'], {('yukon kuskokwim delta reg hospital',)}),{left: ("[FunctionalDependency:(s: {HospitalName}, t: {City})]", 0.0), operator: *, right: (1.0, 1.0), result: 0.0})
now error: 0.0
Block processing time: 0.008346 seconds
Computing Block 34 out of 79
Processing Block size=19
begin cleaner{left: ("[FunctionalDependency:(s: {HospitalName}, t: {City})]", 0.0), operator: *, right: (1.0, 1.0), result: 0.0}
列 'p' 不存在，对列 City 不过滤，直接选择所有非无效值。
clean_bool length:6
newest best op: Uniop(df,'City','oneonta',(['HospitalName'], {('st vincents blount',)}),{left: ("[FunctionalDependency:(s: {HospitalName}, t: {City})]", 0.0), operator: *, right: (1.0, 1.0), result: 0.0})
now error: 0.0
Block processing time: 0.127839 seconds
Computing Block 36 out of 79
Processing Block size=24
begin cleaner{left: ("[FunctionalDependency:(s: {HospitalName}, t: {City})]", 0.0), operator: *, right: (1.0, 1.0), result: 0.0}
列 'p' 不存在，对列 City 不过滤，直接选择所有非无效值。
clean_bool length:8
newest best op: Uniop(df,'City','hartsel@@l??e',(['HospitalName'], {('hartselle medical center',)}),{left: ("[FunctionalDependency:(s: {HospitalName}, t: {City})]", 0.0), operator: *, right: (1.0, 1.0), result: 0.0})
now error: 0.0
newest best op: Uniop(df,'City','hartsel$$le',(['HospitalName'], {('hartselle medical center',)}),{left: ("[FunctionalDependency:(s: {HospitalName}, t: {City})]", 0.0), operator: *, right: (1.0, 1.0), result: 0.0})
now error: 0.0
newest best op: Uniop(df,'City','$hartselle',(['HospitalName'], {('hartselle medical center',)}),{left: ("[FunctionalDependency:(s: {HospitalName}, t: {City})]", 0.0), operator: *, right: (1.0, 1.0), result: 0.0})
now error: 0.0
newest best op: Uniop(df,'City','hartselle',(['HospitalName'], {('hartselle medical center',)}),{left: ("[FunctionalDependency:(s: {HospitalName}, t: {City})]", 0.0), operator: *, right: (1.0, 1.0), result: 0.0})
now error: 0.0
Block processing time: 0.21743 seconds
Computing Block 37 out of 79
Processing Block size=16
begin cleaner{left: ("[FunctionalDependency:(s: {HospitalName}, t: {City})]", 0.0), operator: *, right: (1.0, 1.0), result: 0.0}
列 'p' 不存在，对列 City 不过滤，直接选择所有非无效值。
clean_bool length:3
newest best op: Uniop(df,'City','dotha%n',(['HospitalName'], {('flowers hospital',)}),{left: ("[FunctionalDependency:(s: {HospitalName}, t: {City})]", 0.0), operator: *, right: (1.0, 1.0), result: 0.0})
now error: 0.0
newest best op: Uniop(df,'City','dothan',(['HospitalName'], {('flowers hospital',)}),{left: ("[FunctionalDependency:(s: {HospitalName}, t: {City})]", 0.0), operator: *, right: (1.0, 1.0), result: 0.0})
now error: 0.0
Block processing time: 0.054464 seconds
Computing Block 39 out of 79
Processing Block size=18
begin cleaner{left: ("[FunctionalDependency:(s: {HospitalName}, t: {City})]", 0.0), operator: *, right: (1.0, 1.0), result: 0.0}
列 'p' 不存在，对列 City 不过滤，直接选择所有非无效值。
clean_bool length:4
newest best op: Uniop(df,'City','anch??orage',(['HospitalName'], {('alaska regional hospital',)}),{left: ("[FunctionalDependency:(s: {HospitalName}, t: {City})]", 0.0), operator: *, right: (1.0, 1.0), result: 0.0})
now error: 0.0
newest best op: Uniop(df,'City','anchorage',(['HospitalName'], {('alaska regional hospital',)}),{left: ("[FunctionalDependency:(s: {HospitalName}, t: {City})]", 0.0), operator: *, right: (1.0, 1.0), result: 0.0})
now error: 0.0
Block processing time: 0.081662 seconds
Computing Block 40 out of 79
Processing Block size=20
begin cleaner{left: ("[FunctionalDependency:(s: {HospitalName}, t: {City})]", 0.0), operator: *, right: (1.0, 1.0), result: 0.0}
列 'p' 不存在，对列 City 不过滤，直接选择所有非无效值。
clean_bool length:5
newest best op: Uniop(df,'City','winf@@ield',(['HospitalName'], {('northwest medical center',)}),{left: ("[FunctionalDependency:(s: {HospitalName}, t: {City})]", 0.0), operator: *, right: (1.0, 1.0), result: 0.0})
now error: 0.0
newest best op: Uniop(df,'City','w#infield',(['HospitalName'], {('northwest medical center',)}),{left: ("[FunctionalDependency:(s: {HospitalName}, t: {City})]", 0.0), operator: *, right: (1.0, 1.0), result: 0.0})
now error: 0.0
newest best op: Uniop(df,'City','winfield',(['HospitalName'], {('northwest medical center',)}),{left: ("[FunctionalDependency:(s: {HospitalName}, t: {City})]", 0.0), operator: *, right: (1.0, 1.0), result: 0.0})
now error: 0.0
Block processing time: 0.112155 seconds
Computing Block 41 out of 79
Processing Block size=24
begin cleaner{left: ("[FunctionalDependency:(s: {HospitalName}, t: {City})]", 0.0), operator: *, right: (1.0, 1.0), result: 0.0}
列 'p' 不存在，对列 City 不过滤，直接选择所有非无效值。
clean_bool length:6
newest best op: Uniop(df,'City','val$le$y',(['HospitalName'], {('g h lanier memorial hospital',)}),{left: ("[FunctionalDependency:(s: {HospitalName}, t: {City})]", 0.0), operator: *, right: (1.0, 1.0), result: 0.0})
now error: 0.0
newest best op: Uniop(df,'City','valley',(['HospitalName'], {('g h lanier memorial hospital',)}),{left: ("[FunctionalDependency:(s: {HospitalName}, t: {City})]", 0.0), operator: *, right: (1.0, 1.0), result: 0.0})
now error: 0.0
Block processing time: 0.16096 seconds
Computing Block 44 out of 79
Processing Block size=24
begin cleaner{left: ("[FunctionalDependency:(s: {HospitalName}, t: {City})]", 0.0), operator: *, right: (1.0, 1.0), result: 0.0}
列 'p' 不存在，对列 City 不过滤，直接选择所有非无效值。
clean_bool length:7
newest best op: Uniop(df,'City','andalusia',(['HospitalName'], {('andalusia regional hospital',)}),{left: ("[FunctionalDependency:(s: {HospitalName}, t: {City})]", 0.0), operator: *, right: (1.0, 1.0), result: 0.0})
now error: 0.0
Block processing time: 0.189693 seconds
Computing Block 46 out of 79
Processing Block size=5
begin cleaner{left: ("[FunctionalDependency:(s: {HospitalName}, t: {City})]", 0.0), operator: *, right: (1.0, 1.0), result: 0.0}
列 'p' 不存在，对列 City 不过滤，直接选择所有非无效值。
clean_bool length:3
newest best op: Uniop(df,'City','birmingham',(['HospitalName'], {('st vincents hospital',)}),{left: ("[FunctionalDependency:(s: {HospitalName}, t: {City})]", 0.0), operator: *, right: (1.0, 1.0), result: 0.0})
now error: 0.0
Block processing time: 0.018187 seconds
Computing Block 47 out of 79
Processing Block size=25
begin cleaner{left: ("[FunctionalDependency:(s: {HospitalName}, t: {City})]", 0.0), operator: *, right: (1.0, 1.0), result: 0.0}
列 'p' 不存在，对列 City 不过滤，直接选择所有非无效值。
clean_bool length:6
newest best op: Uniop(df,'City','l@@uver??ne',(['HospitalName'], {('crenshaw community hospital',)}),{left: ("[FunctionalDependency:(s: {HospitalName}, t: {City})]", 0.0), operator: *, right: (1.0, 1.0), result: 0.0})
now error: 0.0
newest best op: Uniop(df,'City','l#uverne',(['HospitalName'], {('crenshaw community hospital',)}),{left: ("[FunctionalDependency:(s: {HospitalName}, t: {City})]", 0.0), operator: *, right: (1.0, 1.0), result: 0.0})
now error: 0.0
newest best op: Uniop(df,'City','luverne',(['HospitalName'], {('crenshaw community hospital',)}),{left: ("[FunctionalDependency:(s: {HospitalName}, t: {City})]", 0.0), operator: *, right: (1.0, 1.0), result: 0.0})
now error: 0.0
Block processing time: 0.167377 seconds
Computing Block 49 out of 79
Processing Block size=22
begin cleaner{left: ("[FunctionalDependency:(s: {HospitalName}, t: {City})]", 0.0), operator: *, right: (1.0, 1.0), result: 0.0}
列 'p' 不存在，对列 City 不过滤，直接选择所有非无效值。
clean_bool length:5
newest best op: Uniop(df,'City','ta$llas%see',(['HospitalName'], {('community hospital inc',)}),{left: ("[FunctionalDependency:(s: {HospitalName}, t: {City})]", 0.0), operator: *, right: (1.0, 1.0), result: 0.0})
now error: 0.0
newest best op: Uniop(df,'City','tallassee',(['HospitalName'], {('community hospital inc',)}),{left: ("[FunctionalDependency:(s: {HospitalName}, t: {City})]", 0.0), operator: *, right: (1.0, 1.0), result: 0.0})
now error: 0.0
Block processing time: 0.123671 seconds
Computing Block 50 out of 79
Processing Block size=22
begin cleaner{left: ("[FunctionalDependency:(s: {HospitalName}, t: {City})]", 0.0), operator: *, right: (1.0, 1.0), result: 0.0}
列 'p' 不存在，对列 City 不过滤，直接选择所有非无效值。
clean_bool length:8
newest best op: Uniop(df,'City','oz$%ark',(['HospitalName'], {('dale medical center',)}),{left: ("[FunctionalDependency:(s: {HospitalName}, t: {City})]", 0.0), operator: *, right: (1.0, 1.0), result: 0.0})
now error: 0.0
newest best op: Uniop(df,'City','ozark@@',(['HospitalName'], {('dale medical center',)}),{left: ("[FunctionalDependency:(s: {HospitalName}, t: {City})]", 0.0), operator: *, right: (1.0, 1.0), result: 0.0})
now error: 0.0
newest best op: Uniop(df,'City','#ozark',(['HospitalName'], {('dale medical center',)}),{left: ("[FunctionalDependency:(s: {HospitalName}, t: {City})]", 0.0), operator: *, right: (1.0, 1.0), result: 0.0})
now error: 0.0
newest best op: Uniop(df,'City','ozark',(['HospitalName'], {('dale medical center',)}),{left: ("[FunctionalDependency:(s: {HospitalName}, t: {City})]", 0.0), operator: *, right: (1.0, 1.0), result: 0.0})
now error: 0.0
Block processing time: 0.194781 seconds
Computing Block 51 out of 79
Processing Block size=20
begin cleaner{left: ("[FunctionalDependency:(s: {HospitalName}, t: {City})]", 0.0), operator: *, right: (1.0, 1.0), result: 0.0}
列 'p' 不存在，对列 City 不过滤，直接选择所有非无效值。
clean_bool length:7
newest best op: Uniop(df,'City','$centre',(['HospitalName'], {('cherokee medical center',)}),{left: ("[FunctionalDependency:(s: {HospitalName}, t: {City})]", 0.0), operator: *, right: (1.0, 1.0), result: 0.0})
now error: 0.0
newest best op: Uniop(df,'City','centre',(['HospitalName'], {('cherokee medical center',)}),{left: ("[FunctionalDependency:(s: {HospitalName}, t: {City})]", 0.0), operator: *, right: (1.0, 1.0), result: 0.0})
now error: 0.0
Block processing time: 0.15646 seconds
Computing Block 52 out of 79
Processing Block size=23
begin cleaner{left: ("[FunctionalDependency:(s: {HospitalName}, t: {City})]", 0.0), operator: *, right: (1.0, 1.0), result: 0.0}
列 'p' 不存在，对列 City 不过滤，直接选择所有非无效值。
clean_bool length:5
newest best op: Uniop(df,'City','alabaster#',(['HospitalName'], {('shelby baptist medical center',)}),{left: ("[FunctionalDependency:(s: {HospitalName}, t: {City})]", 0.0), operator: *, right: (1.0, 1.0), result: 0.0})
now error: 0.0
newest best op: Uniop(df,'City','alabaster',(['HospitalName'], {('shelby baptist medical center',)}),{left: ("[FunctionalDependency:(s: {HospitalName}, t: {City})]", 0.0), operator: *, right: (1.0, 1.0), result: 0.0})
now error: 0.0
Block processing time: 0.129162 seconds
Computing Block 54 out of 79
Processing Block size=23
begin cleaner{left: ("[FunctionalDependency:(s: {HospitalName}, t: {City})]", 0.0), operator: *, right: (1.0, 1.0), result: 0.0}
列 'p' 不存在，对列 City 不过滤，直接选择所有非无效值。
clean_bool length:4
newest best op: Uniop(df,'City','opp',(['HospitalName'], {('mizell memorial hospital',)}),{left: ("[FunctionalDependency:(s: {HospitalName}, t: {City})]", 0.0), operator: *, right: (1.0, 1.0), result: 0.0})
now error: 0.0
Block processing time: 0.101501 seconds
Computing Block 55 out of 79
Processing Block size=18
begin cleaner{left: ("[FunctionalDependency:(s: {HospitalName}, t: {City})]", 0.0), operator: *, right: (1.0, 1.0), result: 0.0}
列 'p' 不存在，对列 City 不过滤，直接选择所有非无效值。
clean_bool length:4
newest best op: Uniop(df,'City','sylacaug%a',(['HospitalName'], {('coosa valley medical center',)}),{left: ("[FunctionalDependency:(s: {HospitalName}, t: {City})]", 0.0), operator: *, right: (1.0, 1.0), result: 0.0})
now error: 0.0
newest best op: Uniop(df,'City','sylacauga',(['HospitalName'], {('coosa valley medical center',)}),{left: ("[FunctionalDependency:(s: {HospitalName}, t: {City})]", 0.0), operator: *, right: (1.0, 1.0), result: 0.0})
now error: 0.0
Block processing time: 0.080935 seconds
Computing Block 56 out of 79
Processing Block size=25
begin cleaner{left: ("[FunctionalDependency:(s: {HospitalName}, t: {City})]", 0.0), operator: *, right: (1.0, 1.0), result: 0.0}
列 'p' 不存在，对列 City 不过滤，直接选择所有非无效值。
clean_bool length:5
newest best op: Uniop(df,'City','bir@@@@mingham',(['HospitalName'], {('university of alabama hospital',)}),{left: ("[FunctionalDependency:(s: {HospitalName}, t: {City})]", 0.0), operator: *, right: (1.0, 1.0), result: 0.0})
now error: 0.0
newest best op: Uniop(df,'City','??birmingham',(['HospitalName'], {('university of alabama hospital',)}),{left: ("[FunctionalDependency:(s: {HospitalName}, t: {City})]", 0.0), operator: *, right: (1.0, 1.0), result: 0.0})
now error: 0.0
newest best op: Uniop(df,'City','birmingham',(['HospitalName'], {('university of alabama hospital',)}),{left: ("[FunctionalDependency:(s: {HospitalName}, t: {City})]", 0.0), operator: *, right: (1.0, 1.0), result: 0.0})
now error: 0.0
Block processing time: 0.141597 seconds
Computing Block 58 out of 79
Processing Block size=23
begin cleaner{left: ("[FunctionalDependency:(s: {HospitalName}, t: {City})]", 0.0), operator: *, right: (1.0, 1.0), result: 0.0}
列 'p' 不存在，对列 City 不过滤，直接选择所有非无效值。
clean_bool length:4
newest best op: Uniop(df,'City','%sh%effield',(['HospitalName'], {('helen keller memorial hospital',)}),{left: ("[FunctionalDependency:(s: {HospitalName}, t: {City})]", 0.0), operator: *, right: (1.0, 1.0), result: 0.0})
now error: 0.0
newest best op: Uniop(df,'City','sheffield',(['HospitalName'], {('helen keller memorial hospital',)}),{left: ("[FunctionalDependency:(s: {HospitalName}, t: {City})]", 0.0), operator: *, right: (1.0, 1.0), result: 0.0})
now error: 0.0
Block processing time: 0.103275 seconds
Computing Block 61 out of 79
Processing Block size=13
begin cleaner{left: ("[FunctionalDependency:(s: {HospitalName}, t: {City})]", 0.0), operator: *, right: (1.0, 1.0), result: 0.0}
列 'p' 不存在，对列 City 不过滤，直接选择所有非无效值。
clean_bool length:4
newest best op: Uniop(df,'City','$mobile',(['HospitalName'], {('univ of south alabama medical center',)}),{left: ("[FunctionalDependency:(s: {HospitalName}, t: {City})]", 0.0), operator: *, right: (1.0, 1.0), result: 0.0})
now error: 0.0
newest best op: Uniop(df,'City','mobile',(['HospitalName'], {('univ of south alabama medical center',)}),{left: ("[FunctionalDependency:(s: {HospitalName}, t: {City})]", 0.0), operator: *, right: (1.0, 1.0), result: 0.0})
now error: 0.0
Block processing time: 0.058582 seconds
Computing Block 62 out of 79
Processing Block size=25
begin cleaner{left: ("[FunctionalDependency:(s: {HospitalName}, t: {City})]", 0.0), operator: *, right: (1.0, 1.0), result: 0.0}
列 'p' 不存在，对列 City 不过滤，直接选择所有非无效值。
clean_bool length:5
newest best op: Uniop(df,'City','gadsde#n',(['HospitalName'], {('gadsden regional medical center',)}),{left: ("[FunctionalDependency:(s: {HospitalName}, t: {City})]", 0.0), operator: *, right: (1.0, 1.0), result: 0.0})
now error: 0.0
newest best op: Uniop(df,'City','gadsden',(['HospitalName'], {('gadsden regional medical center',)}),{left: ("[FunctionalDependency:(s: {HospitalName}, t: {City})]", 0.0), operator: *, right: (1.0, 1.0), result: 0.0})
now error: 0.0
Block processing time: 0.138835 seconds
Computing Block 64 out of 79
Processing Block size=24
begin cleaner{left: ("[FunctionalDependency:(s: {HospitalName}, t: {City})]", 0.0), operator: *, right: (1.0, 1.0), result: 0.0}
列 'p' 不存在，对列 City 不过滤，直接选择所有非无效值。
clean_bool length:6
newest best op: Uniop(df,'City','cull%ma$n',(['HospitalName'], {('cullman regional medical center',)}),{left: ("[FunctionalDependency:(s: {HospitalName}, t: {City})]", 0.0), operator: *, right: (1.0, 1.0), result: 0.0})
now error: 0.0
newest best op: Uniop(df,'City','c%ullman',(['HospitalName'], {('cullman regional medical center',)}),{left: ("[FunctionalDependency:(s: {HospitalName}, t: {City})]", 0.0), operator: *, right: (1.0, 1.0), result: 0.0})
now error: 0.0
newest best op: Uniop(df,'City','cullman',(['HospitalName'], {('cullman regional medical center',)}),{left: ("[FunctionalDependency:(s: {HospitalName}, t: {City})]", 0.0), operator: *, right: (1.0, 1.0), result: 0.0})
now error: 0.0
Block processing time: 0.159845 seconds
Computing Block 67 out of 79
Processing Block size=23
begin cleaner{left: ("[FunctionalDependency:(s: {HospitalName}, t: {City})]", 0.0), operator: *, right: (1.0, 1.0), result: 0.0}
列 'p' 不存在，对列 City 不过滤，直接选择所有非无效值。
clean_bool length:7
newest best op: Uniop(df,'City','enterpris@??@e',(['HospitalName'], {('medical center enterprise',)}),{left: ("[FunctionalDependency:(s: {HospitalName}, t: {City})]", 0.0), operator: *, right: (1.0, 1.0), result: 0.0})
now error: 0.0
newest best op: Uniop(df,'City','enter$prise',(['HospitalName'], {('medical center enterprise',)}),{left: ("[FunctionalDependency:(s: {HospitalName}, t: {City})]", 0.0), operator: *, right: (1.0, 1.0), result: 0.0})
now error: 0.0
newest best op: Uniop(df,'City','en#terprise',(['HospitalName'], {('medical center enterprise',)}),{left: ("[FunctionalDependency:(s: {HospitalName}, t: {City})]", 0.0), operator: *, right: (1.0, 1.0), result: 0.0})
now error: 0.0
newest best op: Uniop(df,'City','enterprise',(['HospitalName'], {('medical center enterprise',)}),{left: ("[FunctionalDependency:(s: {HospitalName}, t: {City})]", 0.0), operator: *, right: (1.0, 1.0), result: 0.0})
now error: 0.0
Block processing time: 0.180506 seconds
Computing Block 69 out of 79
Processing Block size=25
begin cleaner{left: ("[FunctionalDependency:(s: {HospitalName}, t: {City})]", 0.0), operator: *, right: (1.0, 1.0), result: 0.0}
列 'p' 不存在，对列 City 不过滤，直接选择所有非无效值。
clean_bool length:6
newest best op: Uniop(df,'City','bi@@rmin@@gham',(['HospitalName'], {('st vincents east',)}),{left: ("[FunctionalDependency:(s: {HospitalName}, t: {City})]", 0.0), operator: *, right: (1.0, 1.0), result: 0.0})
now error: 0.0
newest best op: Uniop(df,'City','bir%mingham',(['HospitalName'], {('st vincents east',)}),{left: ("[FunctionalDependency:(s: {HospitalName}, t: {City})]", 0.0), operator: *, right: (1.0, 1.0), result: 0.0})
now error: 0.0
newest best op: Uniop(df,'City','birmingham',(['HospitalName'], {('st vincents east',)}),{left: ("[FunctionalDependency:(s: {HospitalName}, t: {City})]", 0.0), operator: *, right: (1.0, 1.0), result: 0.0})
now error: 0.0
Block processing time: 0.168706 seconds
Computing Block 70 out of 79
Processing Block size=25
begin cleaner{left: ("[FunctionalDependency:(s: {HospitalName}, t: {City})]", 0.0), operator: *, right: (1.0, 1.0), result: 0.0}
列 'p' 不存在，对列 City 不过滤，直接选择所有非无效值。
clean_bool length:3
newest best op: Uniop(df,'City','huntsville',(['HospitalName'], {('huntsville hospital',)}),{left: ("[FunctionalDependency:(s: {HospitalName}, t: {City})]", 0.0), operator: *, right: (1.0, 1.0), result: 0.0})
now error: 0.0
Block processing time: 0.08424 seconds
Computing Block 72 out of 79
Processing Block size=22
begin cleaner{left: ("[FunctionalDependency:(s: {HospitalName}, t: {City})]", 0.0), operator: *, right: (1.0, 1.0), result: 0.0}
列 'p' 不存在，对列 City 不过滤，直接选择所有非无效值。
clean_bool length:6
newest best op: Uniop(df,'City','hamilton',(['HospitalName'], {('marion regional medical center',)}),{left: ("[FunctionalDependency:(s: {HospitalName}, t: {City})]", 0.0), operator: *, right: (1.0, 1.0), result: 0.0})
now error: 0.0
Block processing time: 0.147946 seconds
Computing Block 76 out of 79
Processing Block size=23
begin cleaner{left: ("[FunctionalDependency:(s: {HospitalName}, t: {City})]", 0.0), operator: *, right: (1.0, 1.0), result: 0.0}
列 'p' 不存在，对列 City 不过滤，直接选择所有非无效值。
clean_bool length:2
newest best op: Uniop(df,'City','elba',(['HospitalName'], {('elba general hospital',)}),{left: ("[FunctionalDependency:(s: {HospitalName}, t: {City})]", 0.0), operator: *, right: (1.0, 1.0), result: 0.0})
now error: 0.0
Block processing time: 0.051631 seconds
Computing Block 77 out of 79
Processing Block size=19
begin cleaner{left: ("[FunctionalDependency:(s: {HospitalName}, t: {City})]", 0.0), operator: *, right: (1.0, 1.0), result: 0.0}
列 'p' 不存在，对列 City 不过滤，直接选择所有非无效值。
clean_bool length:6
newest best op: Uniop(df,'City','prattville',(['HospitalName'], {('prattville baptist hospital',)}),{left: ("[FunctionalDependency:(s: {HospitalName}, t: {City})]", 0.0), operator: *, right: (1.0, 1.0), result: 0.0})
now error: 0.0
Block processing time: 0.127944 seconds
Computing Block 79 out of 79
Processing Block size=22
begin cleaner{left: ("[FunctionalDependency:(s: {HospitalName}, t: {City})]", 0.0), operator: *, right: (1.0, 1.0), result: 0.0}
列 'p' 不存在，对列 City 不过滤，直接选择所有非无效值。
clean_bool length:5
newest best op: Uniop(df,'City','ge%orgiana',(['HospitalName'], {('georgiana hospital',)}),{left: ("[FunctionalDependency:(s: {HospitalName}, t: {City})]", 0.0), operator: *, right: (1.0, 1.0), result: 0.0})
now error: 0.0
newest best op: Uniop(df,'City','georgiana',(['HospitalName'], {('georgiana hospital',)}),{left: ("[FunctionalDependency:(s: {HospitalName}, t: {City})]", 0.0), operator: *, right: (1.0, 1.0), result: 0.0})
now error: 0.0
Block processing time: 0.123351 seconds
  当前节点: City 有 43 个清洗操作
  当前节点: HospitalType 存在可用清洗信号
数据块大小: 1000
分块属性:
[['MeasureName', 'Condition']]
Starting initial block mapping...
Initial number of blocks: 113
Final number of blocks after further splitting: 112
Computing Block 2 out of 112
Processing Block size=35
begin cleaner[FunctionalDependency:(s: {'MeasureName', 'Condition'}, t: {'HospitalType'})]*1.0
列 'p' 不存在，对列 HospitalType 不过滤，直接选择所有非无效值。
clean_bool length:7
newest best op: Uniop(df,'HospitalType','a%cute care@@ hospitals',(['MeasureName', 'Condition'], {('heart attack patients given ace inhibitor or arb for left ventricular systolic dysfunction (lvsd)', 'heart attack')}),{left: ("[FunctionalDependency:(s: {MeasureName, Condition}, t: {HospitalType})]", 0.0), operator: *, right: (1.0, 1.0), result: 0.0})
now error: 0.0
newest best op: Uniop(df,'HospitalType','acute care hospitals',(['MeasureName', 'Condition'], {('heart attack patients given ace inhibitor or arb for left ventricular systolic dysfunction (lvsd)', 'heart attack')}),{left: ("[FunctionalDependency:(s: {MeasureName, Condition}, t: {HospitalType})]", 0.0), operator: *, right: (1.0, 1.0), result: 0.0})
now error: 0.0
Block processing time: 0.305732 seconds
Computing Block 9 out of 112
Processing Block size=31
begin cleaner{left: ("[FunctionalDependency:(s: {MeasureName, Condition}, t: {HospitalType})]", 0.0), operator: *, right: (1.0, 1.0), result: 0.0}
列 'p' 不存在，对列 HospitalType 不过滤，直接选择所有非无效值。
clean_bool length:11
newest best op: Uniop(df,'HospitalType','acute car%e hospitals',(['MeasureName', 'Condition'], {('surgery patients whose preventive antibiotics were stopped at the right time (within 24 hours after surgery)', 'surgical infection prevention')}),{left: ("[FunctionalDependency:(s: {MeasureName, Condition}, t: {HospitalType})]", 0.0), operator: *, right: (1.0, 1.0), result: 0.0})
now error: 0.0
newest best op: Uniop(df,'HospitalType','acute care hospitals',(['MeasureName', 'Condition'], {('surgery patients whose preventive antibiotics were stopped at the right time (within 24 hours after surgery)', 'surgical infection prevention')}),{left: ("[FunctionalDependency:(s: {MeasureName, Condition}, t: {HospitalType})]", 0.0), operator: *, right: (1.0, 1.0), result: 0.0})
now error: 0.0
Block processing time: 0.428478 seconds
Computing Block 11 out of 112
Processing Block size=36
begin cleaner{left: ("[FunctionalDependency:(s: {MeasureName, Condition}, t: {HospitalType})]", 0.0), operator: *, right: (1.0, 1.0), result: 0.0}
列 'p' 不存在，对列 HospitalType 不过滤，直接选择所有非无效值。
clean_bool length:4
newest best op: Uniop(df,'HospitalType','acute% care hospita%ls',(['MeasureName', 'Condition'], {('surgery patients who were taking heart drugs called beta blockers before coming to the hospital who were kept on the beta blockers during the period just before and after their surgery', 'surgical infection prevention')}),{left: ("[FunctionalDependency:(s: {MeasureName, Condition}, t: {HospitalType})]", 0.0), operator: *, right: (1.0, 1.0), result: 0.0})
now error: 0.0
newest best op: Uniop(df,'HospitalType','acute care hospitals',(['MeasureName', 'Condition'], {('surgery patients who were taking heart drugs called beta blockers before coming to the hospital who were kept on the beta blockers during the period just before and after their surgery', 'surgical infection prevention')}),{left: ("[FunctionalDependency:(s: {MeasureName, Condition}, t: {HospitalType})]", 0.0), operator: *, right: (1.0, 1.0), result: 0.0})
now error: 0.0
Block processing time: 0.174536 seconds
Computing Block 18 out of 112
Processing Block size=33
begin cleaner{left: ("[FunctionalDependency:(s: {MeasureName, Condition}, t: {HospitalType})]", 0.0), operator: *, right: (1.0, 1.0), result: 0.0}
列 'p' 不存在，对列 HospitalType 不过滤，直接选择所有非无效值。
clean_bool length:6
newest best op: Uniop(df,'HospitalType','acute care hospi@%@tals',(['MeasureName', 'Condition'], {('surgery patients whose doctors ordered treatments to prevent blood clots after certain types of surgeries', 'surgical infection prevention')}),{left: ("[FunctionalDependency:(s: {MeasureName, Condition}, t: {HospitalType})]", 0.0), operator: *, right: (1.0, 1.0), result: 0.0})
now error: 0.0
newest best op: Uniop(df,'HospitalType','acute car$e hospit@@als',(['MeasureName', 'Condition'], {('surgery patients whose doctors ordered treatments to prevent blood clots after certain types of surgeries', 'surgical infection prevention')}),{left: ("[FunctionalDependency:(s: {MeasureName, Condition}, t: {HospitalType})]", 0.0), operator: *, right: (1.0, 1.0), result: 0.0})
now error: 0.0
newest best op: Uniop(df,'HospitalType','acute care hospitals',(['MeasureName', 'Condition'], {('surgery patients whose doctors ordered treatments to prevent blood clots after certain types of surgeries', 'surgical infection prevention')}),{left: ("[FunctionalDependency:(s: {MeasureName, Condition}, t: {HospitalType})]", 0.0), operator: *, right: (1.0, 1.0), result: 0.0})
now error: 0.0
Block processing time: 0.243228 seconds
Computing Block 21 out of 112
Processing Block size=36
begin cleaner{left: ("[FunctionalDependency:(s: {MeasureName, Condition}, t: {HospitalType})]", 0.0), operator: *, right: (1.0, 1.0), result: 0.0}
列 'p' 不存在，对列 HospitalType 不过滤，直接选择所有非无效值。
clean_bool length:8
newest best op: Uniop(df,'HospitalType','acute care hospita#ls',(['MeasureName', 'Condition'], {('patients who got treatment  at the right time (within 24 hours before or after their surgery) to help prevent blood clots after certain types of surgery', 'surgical infection prevention')}),{left: ("[FunctionalDependency:(s: {MeasureName, Condition}, t: {HospitalType})]", 0.0), operator: *, right: (1.0, 1.0), result: 0.0})
now error: 0.0
newest best op: Uniop(df,'HospitalType','a$cute care hospitals',(['MeasureName', 'Condition'], {('patients who got treatment  at the right time (within 24 hours before or after their surgery) to help prevent blood clots after certain types of surgery', 'surgical infection prevention')}),{left: ("[FunctionalDependency:(s: {MeasureName, Condition}, t: {HospitalType})]", 0.0), operator: *, right: (1.0, 1.0), result: 0.0})
now error: 0.0
newest best op: Uniop(df,'HospitalType','acute care hospitals',(['MeasureName', 'Condition'], {('patients who got treatment  at the right time (within 24 hours before or after their surgery) to help prevent blood clots after certain types of surgery', 'surgical infection prevention')}),{left: ("[FunctionalDependency:(s: {MeasureName, Condition}, t: {HospitalType})]", 0.0), operator: *, right: (1.0, 1.0), result: 0.0})
now error: 0.0
Block processing time: 0.356407 seconds
Computing Block 26 out of 112
Processing Block size=6
begin cleaner{left: ("[FunctionalDependency:(s: {MeasureName, Condition}, t: {HospitalType})]", 0.0), operator: *, right: (1.0, 1.0), result: 0.0}
列 'p' 不存在，对列 HospitalType 不过滤，直接选择所有非无效值。
Block processing time: 0.007389 seconds
Computing Block 28 out of 112
Processing Block size=2
begin cleaner{left: ("[FunctionalDependency:(s: {MeasureName, Condition}, t: {HospitalType})]", 0.0), operator: *, right: (1.0, 1.0), result: 0.0}
列 'p' 不存在，对列 HospitalType 不过滤，直接选择所有非无效值。
clean_bool length:3
newest best op: Uniop(df,'HospitalType','acute care hospitals',(['MeasureName', 'Condition'], {('pneumonia patients given initial antibiotic(s) within 6 hours after arrival', 'empty')}),{left: ("[FunctionalDependency:(s: {MeasureName, Condition}, t: {HospitalType})]", 0.0), operator: *, right: (1.0, 1.0), result: 0.0})
now error: 0.0
Block processing time: 0.008858 seconds
Computing Block 30 out of 112
Processing Block size=3
begin cleaner{left: ("[FunctionalDependency:(s: {MeasureName, Condition}, t: {HospitalType})]", 0.0), operator: *, right: (1.0, 1.0), result: 0.0}
列 'p' 不存在，对列 HospitalType 不过滤，直接选择所有非无效值。
clean_bool length:2
newest best op: Uniop(df,'HospitalType','acute care hospitals',(['MeasureName', 'Condition'], {('children and their caregivers who received a home management plan of care document while hospitalized for asthma', 'children s asthma care')}),{left: ("[FunctionalDependency:(s: {MeasureName, Condition}, t: {HospitalType})]", 0.0), operator: *, right: (1.0, 1.0), result: 0.0})
now error: 0.0
Block processing time: 0.008055 seconds
Computing Block 35 out of 112
Processing Block size=37
begin cleaner{left: ("[FunctionalDependency:(s: {MeasureName, Condition}, t: {HospitalType})]", 0.0), operator: *, right: (1.0, 1.0), result: 0.0}
列 'p' 不存在，对列 HospitalType 不过滤，直接选择所有非无效值。
clean_bool length:8
newest best op: Uniop(df,'HospitalType','acute care hosp#itals',(['MeasureName', 'Condition'], {('heart attack patients given aspirin at discharge', 'heart attack')}),{left: ("[FunctionalDependency:(s: {MeasureName, Condition}, t: {HospitalType})]", 0.0), operator: *, right: (1.0, 1.0), result: 0.0})
now error: 0.0
newest best op: Uniop(df,'HospitalType','acute care hospitals',(['MeasureName', 'Condition'], {('heart attack patients given aspirin at discharge', 'heart attack')}),{left: ("[FunctionalDependency:(s: {MeasureName, Condition}, t: {HospitalType})]", 0.0), operator: *, right: (1.0, 1.0), result: 0.0})
now error: 0.0
Block processing time: 0.369178 seconds
Computing Block 36 out of 112
Processing Block size=37
begin cleaner{left: ("[FunctionalDependency:(s: {MeasureName, Condition}, t: {HospitalType})]", 0.0), operator: *, right: (1.0, 1.0), result: 0.0}
列 'p' 不存在，对列 HospitalType 不过滤，直接选择所有非无效值。
clean_bool length:5
newest best op: Uniop(df,'HospitalType','acute care hospitals',(['MeasureName', 'Condition'], {('pneumonia patients given initial antibiotic(s) within 6 hours after arrival', 'pneumonia')}),{left: ("[FunctionalDependency:(s: {MeasureName, Condition}, t: {HospitalType})]", 0.0), operator: *, right: (1.0, 1.0), result: 0.0})
now error: 0.0
Block processing time: 0.226314 seconds
Computing Block 38 out of 112
Processing Block size=2
begin cleaner{left: ("[FunctionalDependency:(s: {MeasureName, Condition}, t: {HospitalType})]", 0.0), operator: *, right: (1.0, 1.0), result: 0.0}
列 'p' 不存在，对列 HospitalType 不过滤，直接选择所有非无效值。
clean_bool length:2
newest best op: Uniop(df,'HospitalType','acute care hospitals',(['MeasureName', 'Condition'], {('heart attack patients given ace inhibitor or arb for left ventricular systolic dysfunction (lvsd)', 'empty')}),{left: ("[FunctionalDependency:(s: {MeasureName, Condition}, t: {HospitalType})]", 0.0), operator: *, right: (1.0, 1.0), result: 0.0})
now error: 0.0
Block processing time: 0.005968 seconds
Computing Block 39 out of 112
Processing Block size=32
begin cleaner{left: ("[FunctionalDependency:(s: {MeasureName, Condition}, t: {HospitalType})]", 0.0), operator: *, right: (1.0, 1.0), result: 0.0}
列 'p' 不存在，对列 HospitalType 不过滤，直接选择所有非无效值。
clean_bool length:6
newest best op: Uniop(df,'HospitalType','acute care hospitals',(['MeasureName', 'Condition'], {('heart attack patients given fibrinolytic medication within 30 minutes of arrival', 'heart attack')}),{left: ("[FunctionalDependency:(s: {MeasureName, Condition}, t: {HospitalType})]", 0.0), operator: *, right: (1.0, 1.0), result: 0.0})
now error: 0.0
Block processing time: 0.239497 seconds
Computing Block 41 out of 112
Processing Block size=31
begin cleaner{left: ("[FunctionalDependency:(s: {MeasureName, Condition}, t: {HospitalType})]", 0.0), operator: *, right: (1.0, 1.0), result: 0.0}
列 'p' 不存在，对列 HospitalType 不过滤，直接选择所有非无效值。
clean_bool length:6
newest best op: Uniop(df,'HospitalType','acute car%e hospitals',(['MeasureName', 'Condition'], {('heart failure patients given smoking cessation advice/counseling', 'heart failure')}),{left: ("[FunctionalDependency:(s: {MeasureName, Condition}, t: {HospitalType})]", 0.0), operator: *, right: (1.0, 1.0), result: 0.0})
now error: 0.0
newest best op: Uniop(df,'HospitalType','acute care hospitals',(['MeasureName', 'Condition'], {('heart failure patients given smoking cessation advice/counseling', 'heart failure')}),{left: ("[FunctionalDependency:(s: {MeasureName, Condition}, t: {HospitalType})]", 0.0), operator: *, right: (1.0, 1.0), result: 0.0})
now error: 0.0
Block processing time: 0.229745 seconds
Computing Block 42 out of 112
Processing Block size=34
begin cleaner{left: ("[FunctionalDependency:(s: {MeasureName, Condition}, t: {HospitalType})]", 0.0), operator: *, right: (1.0, 1.0), result: 0.0}
列 'p' 不存在，对列 HospitalType 不过滤，直接选择所有非无效值。
clean_bool length:8
newest best op: Uniop(df,'HospitalType','acute care hospitals',(['MeasureName', 'Condition'], {('surgery patients who were given an antibiotic at the right time (within one hour before surgery) to help prevent infection', 'surgical infection prevention')}),{left: ("[FunctionalDependency:(s: {MeasureName, Condition}, t: {HospitalType})]", 0.0), operator: *, right: (1.0, 1.0), result: 0.0})
now error: 0.0
Block processing time: 0.341557 seconds
Computing Block 46 out of 112
Processing Block size=38
begin cleaner{left: ("[FunctionalDependency:(s: {MeasureName, Condition}, t: {HospitalType})]", 0.0), operator: *, right: (1.0, 1.0), result: 0.0}
列 'p' 不存在，对列 HospitalType 不过滤，直接选择所有非无效值。
clean_bool length:6
newest best op: Uniop(df,'HospitalType','acut@@??e care hospitals',(['MeasureName', 'Condition'], {('pneumonia patients whose initial emergency room blood culture was performed prior to the administration of the first hospital dose of antibiotics', 'pneumonia')}),{left: ("[FunctionalDependency:(s: {MeasureName, Condition}, t: {HospitalType})]", 0.0), operator: *, right: (1.0, 1.0), result: 0.0})
now error: 0.0
newest best op: Uniop(df,'HospitalType','acute care hospitals',(['MeasureName', 'Condition'], {('pneumonia patients whose initial emergency room blood culture was performed prior to the administration of the first hospital dose of antibiotics', 'pneumonia')}),{left: ("[FunctionalDependency:(s: {MeasureName, Condition}, t: {HospitalType})]", 0.0), operator: *, right: (1.0, 1.0), result: 0.0})
now error: 0.0
Block processing time: 0.283531 seconds
Computing Block 47 out of 112
Processing Block size=37
begin cleaner{left: ("[FunctionalDependency:(s: {MeasureName, Condition}, t: {HospitalType})]", 0.0), operator: *, right: (1.0, 1.0), result: 0.0}
列 'p' 不存在，对列 HospitalType 不过滤，直接选择所有非无效值。
clean_bool length:6
newest best op: Uniop(df,'HospitalType','acute care hospita#ls',(['MeasureName', 'Condition'], {('heart failure patients given an evaluation of left ventricular systolic (lvs) function', 'heart failure')}),{left: ("[FunctionalDependency:(s: {MeasureName, Condition}, t: {HospitalType})]", 0.0), operator: *, right: (1.0, 1.0), result: 0.0})
now error: 0.0
newest best op: Uniop(df,'HospitalType','acute car$e hospitals',(['MeasureName', 'Condition'], {('heart failure patients given an evaluation of left ventricular systolic (lvs) function', 'heart failure')}),{left: ("[FunctionalDependency:(s: {MeasureName, Condition}, t: {HospitalType})]", 0.0), operator: *, right: (1.0, 1.0), result: 0.0})
now error: 0.0
newest best op: Uniop(df,'HospitalType','acute care hospitals',(['MeasureName', 'Condition'], {('heart failure patients given an evaluation of left ventricular systolic (lvs) function', 'heart failure')}),{left: ("[FunctionalDependency:(s: {MeasureName, Condition}, t: {HospitalType})]", 0.0), operator: *, right: (1.0, 1.0), result: 0.0})
now error: 0.0
Block processing time: 0.277665 seconds
Computing Block 49 out of 112
Processing Block size=33
begin cleaner{left: ("[FunctionalDependency:(s: {MeasureName, Condition}, t: {HospitalType})]", 0.0), operator: *, right: (1.0, 1.0), result: 0.0}
列 'p' 不存在，对列 HospitalType 不过滤，直接选择所有非无效值。
clean_bool length:7
newest best op: Uniop(df,'HospitalType','a$cute care hospitals',(['MeasureName', 'Condition'], {('heart attack patients given pci within 90 minutes of arrival', 'heart attack')}),{left: ("[FunctionalDependency:(s: {MeasureName, Condition}, t: {HospitalType})]", 0.0), operator: *, right: (1.0, 1.0), result: 0.0})
now error: 0.0
newest best op: Uniop(df,'HospitalType','acute care hospitals',(['MeasureName', 'Condition'], {('heart attack patients given pci within 90 minutes of arrival', 'heart attack')}),{left: ("[FunctionalDependency:(s: {MeasureName, Condition}, t: {HospitalType})]", 0.0), operator: *, right: (1.0, 1.0), result: 0.0})
now error: 0.0
Block processing time: 0.287442 seconds
Computing Block 51 out of 112
Processing Block size=7
begin cleaner{left: ("[FunctionalDependency:(s: {MeasureName, Condition}, t: {HospitalType})]", 0.0), operator: *, right: (1.0, 1.0), result: 0.0}
列 'p' 不存在，对列 HospitalType 不过滤，直接选择所有非无效值。
clean_bool length:4
newest best op: Uniop(df,'HospitalType','acute care hosp??itals',(['MeasureName', 'Condition'], {('empty', 'heart attack')}),{left: ("[FunctionalDependency:(s: {MeasureName, Condition}, t: {HospitalType})]", 0.0), operator: *, right: (1.0, 1.0), result: 0.0})
now error: 0.0
newest best op: Uniop(df,'HospitalType','acute care hospitals',(['MeasureName', 'Condition'], {('empty', 'heart attack')}),{left: ("[FunctionalDependency:(s: {MeasureName, Condition}, t: {HospitalType})]", 0.0), operator: *, right: (1.0, 1.0), result: 0.0})
now error: 0.0
Block processing time: 0.03597 seconds
Computing Block 52 out of 112
Processing Block size=37
begin cleaner{left: ("[FunctionalDependency:(s: {MeasureName, Condition}, t: {HospitalType})]", 0.0), operator: *, right: (1.0, 1.0), result: 0.0}
列 'p' 不存在，对列 HospitalType 不过滤，直接选择所有非无效值。
clean_bool length:4
newest best op: Uniop(df,'HospitalType','acute ca@@re hospit$als',(['MeasureName', 'Condition'], {('heart failure patients given discharge instructions', 'heart failure')}),{left: ("[FunctionalDependency:(s: {MeasureName, Condition}, t: {HospitalType})]", 0.0), operator: *, right: (1.0, 1.0), result: 0.0})
now error: 0.0
newest best op: Uniop(df,'HospitalType','acute care hospitals',(['MeasureName', 'Condition'], {('heart failure patients given discharge instructions', 'heart failure')}),{left: ("[FunctionalDependency:(s: {MeasureName, Condition}, t: {HospitalType})]", 0.0), operator: *, right: (1.0, 1.0), result: 0.0})
now error: 0.0
Block processing time: 0.180318 seconds
Computing Block 58 out of 112
Processing Block size=36
begin cleaner{left: ("[FunctionalDependency:(s: {MeasureName, Condition}, t: {HospitalType})]", 0.0), operator: *, right: (1.0, 1.0), result: 0.0}
列 'p' 不存在，对列 HospitalType 不过滤，直接选择所有非无效值。
clean_bool length:8
newest best op: Uniop(df,'HospitalType','acute care hospital@@s$',(['MeasureName', 'Condition'], {('heart attack patients given beta blocker at discharge', 'heart attack')}),{left: ("[FunctionalDependency:(s: {MeasureName, Condition}, t: {HospitalType})]", 0.0), operator: *, right: (1.0, 1.0), result: 0.0})
now error: 0.0
newest best op: Uniop(df,'HospitalType','acute care hospitals',(['MeasureName', 'Condition'], {('heart attack patients given beta blocker at discharge', 'heart attack')}),{left: ("[FunctionalDependency:(s: {MeasureName, Condition}, t: {HospitalType})]", 0.0), operator: *, right: (1.0, 1.0), result: 0.0})
now error: 0.0
Block processing time: 0.362131 seconds
Computing Block 60 out of 112
Processing Block size=2
begin cleaner{left: ("[FunctionalDependency:(s: {MeasureName, Condition}, t: {HospitalType})]", 0.0), operator: *, right: (1.0, 1.0), result: 0.0}
列 'p' 不存在，对列 HospitalType 不过滤，直接选择所有非无效值。
Block processing time: 0.002704 seconds
Computing Block 64 out of 112
Processing Block size=34
begin cleaner{left: ("[FunctionalDependency:(s: {MeasureName, Condition}, t: {HospitalType})]", 0.0), operator: *, right: (1.0, 1.0), result: 0.0}
列 'p' 不存在，对列 HospitalType 不过滤，直接选择所有非无效值。
clean_bool length:12
newest best op: Uniop(df,'HospitalType','acute care ho@@spitals',(['MeasureName', 'Condition'], {('surgery patients needing hair removed from the surgical area before surgery who had hair removed using a safer method (electric clippers or hair removal cream c not a razor)', 'surgical infection prevention')}),{left: ("[FunctionalDependency:(s: {MeasureName, Condition}, t: {HospitalType})]", 0.0), operator: *, right: (1.0, 1.0), result: 0.0})
now error: 0.0
newest best op: Uniop(df,'HospitalType','acute care $hospitals%',(['MeasureName', 'Condition'], {('surgery patients needing hair removed from the surgical area before surgery who had hair removed using a safer method (electric clippers or hair removal cream c not a razor)', 'surgical infection prevention')}),{left: ("[FunctionalDependency:(s: {MeasureName, Condition}, t: {HospitalType})]", 0.0), operator: *, right: (1.0, 1.0), result: 0.0})
now error: 0.0
newest best op: Uniop(df,'HospitalType','acute care hospitals',(['MeasureName', 'Condition'], {('surgery patients needing hair removed from the surgical area before surgery who had hair removed using a safer method (electric clippers or hair removal cream c not a razor)', 'surgical infection prevention')}),{left: ("[FunctionalDependency:(s: {MeasureName, Condition}, t: {HospitalType})]", 0.0), operator: *, right: (1.0, 1.0), result: 0.0})
now error: 0.0
Block processing time: 0.51536 seconds
Computing Block 66 out of 112
Processing Block size=35
begin cleaner{left: ("[FunctionalDependency:(s: {MeasureName, Condition}, t: {HospitalType})]", 0.0), operator: *, right: (1.0, 1.0), result: 0.0}
列 'p' 不存在，对列 HospitalType 不过滤，直接选择所有非无效值。
clean_bool length:4
newest best op: Uniop(df,'HospitalType','acute care h$ospitals',(['MeasureName', 'Condition'], {('heart failure patients given ace inhibitor or arb for left ventricular systolic dysfunction (lvsd)', 'heart failure')}),{left: ("[FunctionalDependency:(s: {MeasureName, Condition}, t: {HospitalType})]", 0.0), operator: *, right: (1.0, 1.0), result: 0.0})
now error: 0.0
newest best op: Uniop(df,'HospitalType','acute care hospitals',(['MeasureName', 'Condition'], {('heart failure patients given ace inhibitor or arb for left ventricular systolic dysfunction (lvsd)', 'heart failure')}),{left: ("[FunctionalDependency:(s: {MeasureName, Condition}, t: {HospitalType})]", 0.0), operator: *, right: (1.0, 1.0), result: 0.0})
now error: 0.0
Block processing time: 0.17155 seconds
Computing Block 71 out of 112
Processing Block size=2
begin cleaner{left: ("[FunctionalDependency:(s: {MeasureName, Condition}, t: {HospitalType})]", 0.0), operator: *, right: (1.0, 1.0), result: 0.0}
列 'p' 不存在，对列 HospitalType 不过滤，直接选择所有非无效值。
Block processing time: 0.002699 seconds
Computing Block 77 out of 112
Processing Block size=2
begin cleaner{left: ("[FunctionalDependency:(s: {MeasureName, Condition}, t: {HospitalType})]", 0.0), operator: *, right: (1.0, 1.0), result: 0.0}
列 'p' 不存在，对列 HospitalType 不过滤，直接选择所有非无效值。
Block processing time: 0.002661 seconds
Computing Block 82 out of 112
Processing Block size=39
begin cleaner{left: ("[FunctionalDependency:(s: {MeasureName, Condition}, t: {HospitalType})]", 0.0), operator: *, right: (1.0, 1.0), result: 0.0}
列 'p' 不存在，对列 HospitalType 不过滤，直接选择所有非无效值。
clean_bool length:11
newest best op: Uniop(df,'HospitalType','ac$ute care hospitals',(['MeasureName', 'Condition'], {('heart attack patients given smoking cessation advice/counseling', 'heart attack')}),{left: ("[FunctionalDependency:(s: {MeasureName, Condition}, t: {HospitalType})]", 0.0), operator: *, right: (1.0, 1.0), result: 0.0})
now error: 0.0
newest best op: Uniop(df,'HospitalType','acu%te care hospitals',(['MeasureName', 'Condition'], {('heart attack patients given smoking cessation advice/counseling', 'heart attack')}),{left: ("[FunctionalDependency:(s: {MeasureName, Condition}, t: {HospitalType})]", 0.0), operator: *, right: (1.0, 1.0), result: 0.0})
now error: 0.0
newest best op: Uniop(df,'HospitalType','acute care hospitals',(['MeasureName', 'Condition'], {('heart attack patients given smoking cessation advice/counseling', 'heart attack')}),{left: ("[FunctionalDependency:(s: {MeasureName, Condition}, t: {HospitalType})]", 0.0), operator: *, right: (1.0, 1.0), result: 0.0})
now error: 0.0
Block processing time: 0.547541 seconds
Computing Block 88 out of 112
Processing Block size=2
begin cleaner{left: ("[FunctionalDependency:(s: {MeasureName, Condition}, t: {HospitalType})]", 0.0), operator: *, right: (1.0, 1.0), result: 0.0}
列 'p' 不存在，对列 HospitalType 不过滤，直接选择所有非无效值。
clean_bool length:3
newest best op: Uniop(df,'HospitalType','acute care hosp??itals',(['MeasureName', 'Condition'], {('children who received systemic corticosteroid medication (oral and iv medication that reduces inflammation and controls symptoms) while hospitalized for asthma', 'child#ren s asthma ca%re')}),{left: ("[FunctionalDependency:(s: {MeasureName, Condition}, t: {HospitalType})]", 0.0), operator: *, right: (1.0, 1.0), result: 0.0})
now error: 0.0
Block processing time: 0.009394 seconds
Computing Block 90 out of 112
Processing Block size=39
begin cleaner{left: ("[FunctionalDependency:(s: {MeasureName, Condition}, t: {HospitalType})]", 0.0), operator: *, right: (1.0, 1.0), result: 0.0}
列 'p' 不存在，对列 HospitalType 不过滤，直接选择所有非无效值。
clean_bool length:8
newest best op: Uniop(df,'HospitalType','acute care hospi$ta@@ls',(['MeasureName', 'Condition'], {('pneumonia patients assessed and given pneumococcal vaccination', 'pneumonia')}),{left: ("[FunctionalDependency:(s: {MeasureName, Condition}, t: {HospitalType})]", 0.0), operator: *, right: (1.0, 1.0), result: 0.0})
now error: 0.0
newest best op: Uniop(df,'HospitalType','acute care h$ospitals',(['MeasureName', 'Condition'], {('pneumonia patients assessed and given pneumococcal vaccination', 'pneumonia')}),{left: ("[FunctionalDependency:(s: {MeasureName, Condition}, t: {HospitalType})]", 0.0), operator: *, right: (1.0, 1.0), result: 0.0})
now error: 0.0
newest best op: Uniop(df,'HospitalType','acute care hospitals',(['MeasureName', 'Condition'], {('pneumonia patients assessed and given pneumococcal vaccination', 'pneumonia')}),{left: ("[FunctionalDependency:(s: {MeasureName, Condition}, t: {HospitalType})]", 0.0), operator: *, right: (1.0, 1.0), result: 0.0})
now error: 0.0
Block processing time: 0.392799 seconds
Computing Block 92 out of 112
Processing Block size=35
begin cleaner{left: ("[FunctionalDependency:(s: {MeasureName, Condition}, t: {HospitalType})]", 0.0), operator: *, right: (1.0, 1.0), result: 0.0}
列 'p' 不存在，对列 HospitalType 不过滤，直接选择所有非无效值。
clean_bool length:6
newest best op: Uniop(df,'HospitalType','acute care hospitals',(['MeasureName', 'Condition'], {('pneumonia patients given the most appropriate initial antibiotic(s)', 'pneumonia')}),{left: ("[FunctionalDependency:(s: {MeasureName, Condition}, t: {HospitalType})]", 0.0), operator: *, right: (1.0, 1.0), result: 0.0})
now error: 0.0
Block processing time: 0.258724 seconds
Computing Block 93 out of 112
Processing Block size=2
begin cleaner{left: ("[FunctionalDependency:(s: {MeasureName, Condition}, t: {HospitalType})]", 0.0), operator: *, right: (1.0, 1.0), result: 0.0}
列 'p' 不存在，对列 HospitalType 不过滤，直接选择所有非无效值。
clean_bool length:2
newest best op: Uniop(df,'HospitalType','acute care hospitals',(['MeasureName', 'Condition'], {('surgery patients whose preventive antibiotics were stopped at the right time (within 24 hours after surgery)', 'empty')}),{left: ("[FunctionalDependency:(s: {MeasureName, Condition}, t: {HospitalType})]", 0.0), operator: *, right: (1.0, 1.0), result: 0.0})
now error: 0.0
Block processing time: 0.005908 seconds
Computing Block 95 out of 112
Processing Block size=6
begin cleaner{left: ("[FunctionalDependency:(s: {MeasureName, Condition}, t: {HospitalType})]", 0.0), operator: *, right: (1.0, 1.0), result: 0.0}
列 'p' 不存在，对列 HospitalType 不过滤，直接选择所有非无效值。
clean_bool length:5
newest best op: Uniop(df,'HospitalType','acute care hospitals#',(['MeasureName', 'Condition'], {('empty', 'surgical infection prevention')}),{left: ("[FunctionalDependency:(s: {MeasureName, Condition}, t: {HospitalType})]", 0.0), operator: *, right: (1.0, 1.0), result: 0.0})
now error: 0.0
newest best op: Uniop(df,'HospitalType','acute care hospitals',(['MeasureName', 'Condition'], {('empty', 'surgical infection prevention')}),{left: ("[FunctionalDependency:(s: {MeasureName, Condition}, t: {HospitalType})]", 0.0), operator: *, right: (1.0, 1.0), result: 0.0})
now error: 0.0
Block processing time: 0.038898 seconds
Computing Block 100 out of 112
Processing Block size=37
begin cleaner{left: ("[FunctionalDependency:(s: {MeasureName, Condition}, t: {HospitalType})]", 0.0), operator: *, right: (1.0, 1.0), result: 0.0}
列 'p' 不存在，对列 HospitalType 不过滤，直接选择所有非无效值。
clean_bool length:7
newest best op: Uniop(df,'HospitalType','acute care?? hospitals',(['MeasureName', 'Condition'], {('heart attack patients given aspirin at arrival', 'heart attack')}),{left: ("[FunctionalDependency:(s: {MeasureName, Condition}, t: {HospitalType})]", 0.0), operator: *, right: (1.0, 1.0), result: 0.0})
now error: 0.0
newest best op: Uniop(df,'HospitalType','acute care hospitals',(['MeasureName', 'Condition'], {('heart attack patients given aspirin at arrival', 'heart attack')}),{left: ("[FunctionalDependency:(s: {MeasureName, Condition}, t: {HospitalType})]", 0.0), operator: *, right: (1.0, 1.0), result: 0.0})
now error: 0.0
Block processing time: 0.324206 seconds
Computing Block 103 out of 112
Processing Block size=36
begin cleaner{left: ("[FunctionalDependency:(s: {MeasureName, Condition}, t: {HospitalType})]", 0.0), operator: *, right: (1.0, 1.0), result: 0.0}
列 'p' 不存在，对列 HospitalType 不过滤，直接选择所有非无效值。
clean_bool length:9
newest best op: Uniop(df,'HospitalType','#ac$ute care hospitals',(['MeasureName', 'Condition'], {('all heart surgery patients whose blood sugar (blood glucose) is kept under good control in the days right after surgery', 'surgical infection prevention')}),{left: ("[FunctionalDependency:(s: {MeasureName, Condition}, t: {HospitalType})]", 0.0), operator: *, right: (1.0, 1.0), result: 0.0})
now error: 0.0
newest best op: Uniop(df,'HospitalType','acute care hospitals',(['MeasureName', 'Condition'], {('all heart surgery patients whose blood sugar (blood glucose) is kept under good control in the days right after surgery', 'surgical infection prevention')}),{left: ("[FunctionalDependency:(s: {MeasureName, Condition}, t: {HospitalType})]", 0.0), operator: *, right: (1.0, 1.0), result: 0.0})
now error: 0.0
Block processing time: 0.404325 seconds
Computing Block 105 out of 112
Processing Block size=34
begin cleaner{left: ("[FunctionalDependency:(s: {MeasureName, Condition}, t: {HospitalType})]", 0.0), operator: *, right: (1.0, 1.0), result: 0.0}
列 'p' 不存在，对列 HospitalType 不过滤，直接选择所有非无效值。
clean_bool length:8
newest best op: Uniop(df,'HospitalType','acute care?? hospitals',(['MeasureName', 'Condition'], {('pneumonia patients given smoking cessation advice/counseling', 'pneumonia')}),{left: ("[FunctionalDependency:(s: {MeasureName, Condition}, t: {HospitalType})]", 0.0), operator: *, right: (1.0, 1.0), result: 0.0})
now error: 0.0
newest best op: Uniop(df,'HospitalType','acute care #hospitals',(['MeasureName', 'Condition'], {('pneumonia patients given smoking cessation advice/counseling', 'pneumonia')}),{left: ("[FunctionalDependency:(s: {MeasureName, Condition}, t: {HospitalType})]", 0.0), operator: *, right: (1.0, 1.0), result: 0.0})
now error: 0.0
newest best op: Uniop(df,'HospitalType','acute care hospitals',(['MeasureName', 'Condition'], {('pneumonia patients given smoking cessation advice/counseling', 'pneumonia')}),{left: ("[FunctionalDependency:(s: {MeasureName, Condition}, t: {HospitalType})]", 0.0), operator: *, right: (1.0, 1.0), result: 0.0})
now error: 0.0
Block processing time: 0.339912 seconds
Computing Block 108 out of 112
Processing Block size=37
begin cleaner{left: ("[FunctionalDependency:(s: {MeasureName, Condition}, t: {HospitalType})]", 0.0), operator: *, right: (1.0, 1.0), result: 0.0}
列 'p' 不存在，对列 HospitalType 不过滤，直接选择所有非无效值。
clean_bool length:5
newest best op: Uniop(df,'HospitalType','??acute care@@ hospitals',(['MeasureName', 'Condition'], {('surgery patients who were given the  right kind  of antibiotic to help prevent infection', 'surgical infection prevention')}),{left: ("[FunctionalDependency:(s: {MeasureName, Condition}, t: {HospitalType})]", 0.0), operator: *, right: (1.0, 1.0), result: 0.0})
now error: 0.0
newest best op: Uniop(df,'HospitalType','acute care hospitals',(['MeasureName', 'Condition'], {('surgery patients who were given the  right kind  of antibiotic to help prevent infection', 'surgical infection prevention')}),{left: ("[FunctionalDependency:(s: {MeasureName, Condition}, t: {HospitalType})]", 0.0), operator: *, right: (1.0, 1.0), result: 0.0})
now error: 0.0
Block processing time: 0.229014 seconds
Computing Block 110 out of 112
Processing Block size=37
begin cleaner{left: ("[FunctionalDependency:(s: {MeasureName, Condition}, t: {HospitalType})]", 0.0), operator: *, right: (1.0, 1.0), result: 0.0}
列 'p' 不存在，对列 HospitalType 不过滤，直接选择所有非无效值。
clean_bool length:7
newest best op: Uniop(df,'HospitalType','acute car%e hospitals',(['MeasureName', 'Condition'], {('pneumonia patients assessed and given influenza vaccination', 'pneumonia')}),{left: ("[FunctionalDependency:(s: {MeasureName, Condition}, t: {HospitalType})]", 0.0), operator: *, right: (1.0, 1.0), result: 0.0})
now error: 0.0
newest best op: Uniop(df,'HospitalType','acute care hospitals',(['MeasureName', 'Condition'], {('pneumonia patients assessed and given influenza vaccination', 'pneumonia')}),{left: ("[FunctionalDependency:(s: {MeasureName, Condition}, t: {HospitalType})]", 0.0), operator: *, right: (1.0, 1.0), result: 0.0})
now error: 0.0
Block processing time: 0.321315 seconds
  当前节点: HospitalType 有 32 个清洗操作
['ZipCode', 'PhoneNumber', 'Address1', 'HospitalOwner', 'City', 'HospitalType']的清洗完成

本层累积的编辑规则数: 242
读入数据大小：1000
处理了 242 条规则，更新数据...
所有编辑规则已更新完成

处理第 1 层级, 包含节点: ['ProviderNumber', 'MeasureCode']
  跳过已清洗结束的节点: ProviderNumber
  跳过已清洗结束的节点: MeasureCode
['ProviderNumber', 'MeasureCode']的清洗完成

本层累积的编辑规则数: 0
本层没有可以进行的清洗操作，进行下一层

处理第 2 层级, 包含节点: ['HospitalName', 'MeasureName', 'Stateavg', 'Condition']
  跳过已清洗结束的节点: HospitalName
  跳过已清洗结束的节点: MeasureName
  跳过已清洗结束的节点: Stateavg
  跳过已清洗结束的节点: Condition
['HospitalName', 'MeasureName', 'Stateavg', 'Condition']的清洗完成

本层累积的编辑规则数: 0
本层没有可以进行的清洗操作，进行下一层

处理第 3 层级, 包含节点: ['ZipCode', 'PhoneNumber', 'Address1', 'HospitalOwner', 'City', 'HospitalType']
  当前节点: ZipCode 存在可用清洗信号
数据块大小: 1000
分块属性:
[['HospitalName']]
Starting initial block mapping...
Initial number of blocks: 80
Final number of blocks after further splitting: 79
Computing Block 1 out of 79
Processing Block size=23
begin cleaner[FunctionalDependency:(s: {'HospitalName'}, t: {'ZipCode'})]*1.0
列 'p' 不存在，对列 ZipCode 不过滤，直接选择所有非无效值。
Block processing time: 0.027942 seconds
Computing Block 5 out of 79
Processing Block size=26
begin cleaner{left: ("[FunctionalDependency:(s: {HospitalName}, t: {ZipCode})]", 0.0), operator: *, right: (1.0, 1.0), result: 0.0}
列 'p' 不存在，对列 ZipCode 不过滤，直接选择所有非无效值。
Block processing time: 0.031234 seconds
Computing Block 6 out of 79
Processing Block size=25
begin cleaner{left: ("[FunctionalDependency:(s: {HospitalName}, t: {ZipCode})]", 0.0), operator: *, right: (1.0, 1.0), result: 0.0}
列 'p' 不存在，对列 ZipCode 不过滤，直接选择所有非无效值。
Block processing time: 0.029806 seconds
Computing Block 7 out of 79
Processing Block size=22
begin cleaner{left: ("[FunctionalDependency:(s: {HospitalName}, t: {ZipCode})]", 0.0), operator: *, right: (1.0, 1.0), result: 0.0}
列 'p' 不存在，对列 ZipCode 不过滤，直接选择所有非无效值。
Block processing time: 0.026109 seconds
Computing Block 10 out of 79
Processing Block size=24
begin cleaner{left: ("[FunctionalDependency:(s: {HospitalName}, t: {ZipCode})]", 0.0), operator: *, right: (1.0, 1.0), result: 0.0}
列 'p' 不存在，对列 ZipCode 不过滤，直接选择所有非无效值。
Block processing time: 0.028692 seconds
Computing Block 11 out of 79
Processing Block size=22
begin cleaner{left: ("[FunctionalDependency:(s: {HospitalName}, t: {ZipCode})]", 0.0), operator: *, right: (1.0, 1.0), result: 0.0}
列 'p' 不存在，对列 ZipCode 不过滤，直接选择所有非无效值。
Block processing time: 0.026325 seconds
Computing Block 12 out of 79
Processing Block size=23
begin cleaner{left: ("[FunctionalDependency:(s: {HospitalName}, t: {ZipCode})]", 0.0), operator: *, right: (1.0, 1.0), result: 0.0}
列 'p' 不存在，对列 ZipCode 不过滤，直接选择所有非无效值。
Block processing time: 0.027247 seconds
Computing Block 13 out of 79
Processing Block size=24
begin cleaner{left: ("[FunctionalDependency:(s: {HospitalName}, t: {ZipCode})]", 0.0), operator: *, right: (1.0, 1.0), result: 0.0}
列 'p' 不存在，对列 ZipCode 不过滤，直接选择所有非无效值。
Block processing time: 0.028433 seconds
Computing Block 14 out of 79
Processing Block size=25
begin cleaner{left: ("[FunctionalDependency:(s: {HospitalName}, t: {ZipCode})]", 0.0), operator: *, right: (1.0, 1.0), result: 0.0}
列 'p' 不存在，对列 ZipCode 不过滤，直接选择所有非无效值。
Block processing time: 0.029615 seconds
Computing Block 17 out of 79
Processing Block size=25
begin cleaner{left: ("[FunctionalDependency:(s: {HospitalName}, t: {ZipCode})]", 0.0), operator: *, right: (1.0, 1.0), result: 0.0}
列 'p' 不存在，对列 ZipCode 不过滤，直接选择所有非无效值。
Block processing time: 0.029827 seconds
Computing Block 19 out of 79
Processing Block size=23
begin cleaner{left: ("[FunctionalDependency:(s: {HospitalName}, t: {ZipCode})]", 0.0), operator: *, right: (1.0, 1.0), result: 0.0}
列 'p' 不存在，对列 ZipCode 不过滤，直接选择所有非无效值。
Block processing time: 0.027061 seconds
Computing Block 21 out of 79
Processing Block size=24
begin cleaner{left: ("[FunctionalDependency:(s: {HospitalName}, t: {ZipCode})]", 0.0), operator: *, right: (1.0, 1.0), result: 0.0}
列 'p' 不存在，对列 ZipCode 不过滤，直接选择所有非无效值。
Block processing time: 0.02862 seconds
Computing Block 22 out of 79
Processing Block size=2
begin cleaner{left: ("[FunctionalDependency:(s: {HospitalName}, t: {ZipCode})]", 0.0), operator: *, right: (1.0, 1.0), result: 0.0}
列 'p' 不存在，对列 ZipCode 不过滤，直接选择所有非无效值。
Block processing time: 0.002594 seconds
Computing Block 23 out of 79
Processing Block size=28
begin cleaner{left: ("[FunctionalDependency:(s: {HospitalName}, t: {ZipCode})]", 0.0), operator: *, right: (1.0, 1.0), result: 0.0}
列 'p' 不存在，对列 ZipCode 不过滤，直接选择所有非无效值。
Block processing time: 0.033167 seconds
Computing Block 24 out of 79
Processing Block size=25
begin cleaner{left: ("[FunctionalDependency:(s: {HospitalName}, t: {ZipCode})]", 0.0), operator: *, right: (1.0, 1.0), result: 0.0}
列 'p' 不存在，对列 ZipCode 不过滤，直接选择所有非无效值。
Block processing time: 0.029718 seconds
Computing Block 26 out of 79
Processing Block size=24
begin cleaner{left: ("[FunctionalDependency:(s: {HospitalName}, t: {ZipCode})]", 0.0), operator: *, right: (1.0, 1.0), result: 0.0}
列 'p' 不存在，对列 ZipCode 不过滤，直接选择所有非无效值。
Block processing time: 0.028374 seconds
Computing Block 31 out of 79
Processing Block size=2
begin cleaner{left: ("[FunctionalDependency:(s: {HospitalName}, t: {ZipCode})]", 0.0), operator: *, right: (1.0, 1.0), result: 0.0}
列 'p' 不存在，对列 ZipCode 不过滤，直接选择所有非无效值。
Block processing time: 0.002566 seconds
Computing Block 34 out of 79
Processing Block size=19
begin cleaner{left: ("[FunctionalDependency:(s: {HospitalName}, t: {ZipCode})]", 0.0), operator: *, right: (1.0, 1.0), result: 0.0}
列 'p' 不存在，对列 ZipCode 不过滤，直接选择所有非无效值。
Block processing time: 0.022416 seconds
Computing Block 36 out of 79
Processing Block size=24
begin cleaner{left: ("[FunctionalDependency:(s: {HospitalName}, t: {ZipCode})]", 0.0), operator: *, right: (1.0, 1.0), result: 0.0}
列 'p' 不存在，对列 ZipCode 不过滤，直接选择所有非无效值。
Block processing time: 0.02823 seconds
Computing Block 37 out of 79
Processing Block size=16
begin cleaner{left: ("[FunctionalDependency:(s: {HospitalName}, t: {ZipCode})]", 0.0), operator: *, right: (1.0, 1.0), result: 0.0}
列 'p' 不存在，对列 ZipCode 不过滤，直接选择所有非无效值。
Block processing time: 0.01887 seconds
Computing Block 39 out of 79
Processing Block size=18
begin cleaner{left: ("[FunctionalDependency:(s: {HospitalName}, t: {ZipCode})]", 0.0), operator: *, right: (1.0, 1.0), result: 0.0}
列 'p' 不存在，对列 ZipCode 不过滤，直接选择所有非无效值。
Block processing time: 0.021343 seconds
Computing Block 40 out of 79
Processing Block size=20
begin cleaner{left: ("[FunctionalDependency:(s: {HospitalName}, t: {ZipCode})]", 0.0), operator: *, right: (1.0, 1.0), result: 0.0}
列 'p' 不存在，对列 ZipCode 不过滤，直接选择所有非无效值。
Block processing time: 0.023774 seconds
Computing Block 41 out of 79
Processing Block size=24
begin cleaner{left: ("[FunctionalDependency:(s: {HospitalName}, t: {ZipCode})]", 0.0), operator: *, right: (1.0, 1.0), result: 0.0}
列 'p' 不存在，对列 ZipCode 不过滤，直接选择所有非无效值。
Block processing time: 0.028413 seconds
Computing Block 44 out of 79
Processing Block size=24
begin cleaner{left: ("[FunctionalDependency:(s: {HospitalName}, t: {ZipCode})]", 0.0), operator: *, right: (1.0, 1.0), result: 0.0}
列 'p' 不存在，对列 ZipCode 不过滤，直接选择所有非无效值。
Block processing time: 0.028286 seconds
Computing Block 46 out of 79
Processing Block size=5
begin cleaner{left: ("[FunctionalDependency:(s: {HospitalName}, t: {ZipCode})]", 0.0), operator: *, right: (1.0, 1.0), result: 0.0}
列 'p' 不存在，对列 ZipCode 不过滤，直接选择所有非无效值。
Block processing time: 0.006115 seconds
Computing Block 47 out of 79
Processing Block size=25
begin cleaner{left: ("[FunctionalDependency:(s: {HospitalName}, t: {ZipCode})]", 0.0), operator: *, right: (1.0, 1.0), result: 0.0}
列 'p' 不存在，对列 ZipCode 不过滤，直接选择所有非无效值。
Block processing time: 0.029492 seconds
Computing Block 49 out of 79
Processing Block size=22
begin cleaner{left: ("[FunctionalDependency:(s: {HospitalName}, t: {ZipCode})]", 0.0), operator: *, right: (1.0, 1.0), result: 0.0}
列 'p' 不存在，对列 ZipCode 不过滤，直接选择所有非无效值。
Block processing time: 0.026168 seconds
Computing Block 50 out of 79
Processing Block size=22
begin cleaner{left: ("[FunctionalDependency:(s: {HospitalName}, t: {ZipCode})]", 0.0), operator: *, right: (1.0, 1.0), result: 0.0}
列 'p' 不存在，对列 ZipCode 不过滤，直接选择所有非无效值。
Block processing time: 0.026046 seconds
Computing Block 51 out of 79
Processing Block size=20
begin cleaner{left: ("[FunctionalDependency:(s: {HospitalName}, t: {ZipCode})]", 0.0), operator: *, right: (1.0, 1.0), result: 0.0}
列 'p' 不存在，对列 ZipCode 不过滤，直接选择所有非无效值。
Block processing time: 0.023631 seconds
Computing Block 52 out of 79
Processing Block size=23
begin cleaner{left: ("[FunctionalDependency:(s: {HospitalName}, t: {ZipCode})]", 0.0), operator: *, right: (1.0, 1.0), result: 0.0}
列 'p' 不存在，对列 ZipCode 不过滤，直接选择所有非无效值。
Block processing time: 0.027256 seconds
Computing Block 54 out of 79
Processing Block size=23
begin cleaner{left: ("[FunctionalDependency:(s: {HospitalName}, t: {ZipCode})]", 0.0), operator: *, right: (1.0, 1.0), result: 0.0}
列 'p' 不存在，对列 ZipCode 不过滤，直接选择所有非无效值。
Block processing time: 0.027627 seconds
Computing Block 55 out of 79
Processing Block size=18
begin cleaner{left: ("[FunctionalDependency:(s: {HospitalName}, t: {ZipCode})]", 0.0), operator: *, right: (1.0, 1.0), result: 0.0}
列 'p' 不存在，对列 ZipCode 不过滤，直接选择所有非无效值。
Block processing time: 0.021273 seconds
Computing Block 56 out of 79
Processing Block size=25
begin cleaner{left: ("[FunctionalDependency:(s: {HospitalName}, t: {ZipCode})]", 0.0), operator: *, right: (1.0, 1.0), result: 0.0}
列 'p' 不存在，对列 ZipCode 不过滤，直接选择所有非无效值。
Block processing time: 0.02953 seconds
Computing Block 58 out of 79
Processing Block size=23
begin cleaner{left: ("[FunctionalDependency:(s: {HospitalName}, t: {ZipCode})]", 0.0), operator: *, right: (1.0, 1.0), result: 0.0}
列 'p' 不存在，对列 ZipCode 不过滤，直接选择所有非无效值。
Block processing time: 0.027196 seconds
Computing Block 61 out of 79
Processing Block size=13
begin cleaner{left: ("[FunctionalDependency:(s: {HospitalName}, t: {ZipCode})]", 0.0), operator: *, right: (1.0, 1.0), result: 0.0}
列 'p' 不存在，对列 ZipCode 不过滤，直接选择所有非无效值。
Block processing time: 0.015514 seconds
Computing Block 62 out of 79
Processing Block size=25
begin cleaner{left: ("[FunctionalDependency:(s: {HospitalName}, t: {ZipCode})]", 0.0), operator: *, right: (1.0, 1.0), result: 0.0}
列 'p' 不存在，对列 ZipCode 不过滤，直接选择所有非无效值。
Block processing time: 0.029436 seconds
Computing Block 64 out of 79
Processing Block size=24
begin cleaner{left: ("[FunctionalDependency:(s: {HospitalName}, t: {ZipCode})]", 0.0), operator: *, right: (1.0, 1.0), result: 0.0}
列 'p' 不存在，对列 ZipCode 不过滤，直接选择所有非无效值。
Block processing time: 0.028338 seconds
Computing Block 67 out of 79
Processing Block size=23
begin cleaner{left: ("[FunctionalDependency:(s: {HospitalName}, t: {ZipCode})]", 0.0), operator: *, right: (1.0, 1.0), result: 0.0}
列 'p' 不存在，对列 ZipCode 不过滤，直接选择所有非无效值。
Block processing time: 0.027301 seconds
Computing Block 69 out of 79
Processing Block size=25
begin cleaner{left: ("[FunctionalDependency:(s: {HospitalName}, t: {ZipCode})]", 0.0), operator: *, right: (1.0, 1.0), result: 0.0}
列 'p' 不存在，对列 ZipCode 不过滤，直接选择所有非无效值。
Block processing time: 0.029465 seconds
Computing Block 70 out of 79
Processing Block size=25
begin cleaner{left: ("[FunctionalDependency:(s: {HospitalName}, t: {ZipCode})]", 0.0), operator: *, right: (1.0, 1.0), result: 0.0}
列 'p' 不存在，对列 ZipCode 不过滤，直接选择所有非无效值。
Block processing time: 0.029448 seconds
Computing Block 72 out of 79
Processing Block size=22
begin cleaner{left: ("[FunctionalDependency:(s: {HospitalName}, t: {ZipCode})]", 0.0), operator: *, right: (1.0, 1.0), result: 0.0}
列 'p' 不存在，对列 ZipCode 不过滤，直接选择所有非无效值。
Block processing time: 0.026102 seconds
Computing Block 76 out of 79
Processing Block size=23
begin cleaner{left: ("[FunctionalDependency:(s: {HospitalName}, t: {ZipCode})]", 0.0), operator: *, right: (1.0, 1.0), result: 0.0}
列 'p' 不存在，对列 ZipCode 不过滤，直接选择所有非无效值。
Block processing time: 0.027097 seconds
Computing Block 77 out of 79
Processing Block size=19
begin cleaner{left: ("[FunctionalDependency:(s: {HospitalName}, t: {ZipCode})]", 0.0), operator: *, right: (1.0, 1.0), result: 0.0}
列 'p' 不存在，对列 ZipCode 不过滤，直接选择所有非无效值。
Block processing time: 0.022473 seconds
Computing Block 79 out of 79
Processing Block size=22
begin cleaner{left: ("[FunctionalDependency:(s: {HospitalName}, t: {ZipCode})]", 0.0), operator: *, right: (1.0, 1.0), result: 0.0}
列 'p' 不存在，对列 ZipCode 不过滤，直接选择所有非无效值。
Block processing time: 0.026154 seconds
  当前节点: ZipCode 无清洗操作
  当前节点: PhoneNumber 存在可用清洗信号
数据块大小: 1000
分块属性:
[['HospitalName']]
Starting initial block mapping...
Initial number of blocks: 80
Final number of blocks after further splitting: 79
Computing Block 1 out of 79
Processing Block size=23
begin cleaner[FunctionalDependency:(s: {'HospitalName'}, t: {'PhoneNumber'})]*1.0
列 'p' 不存在，对列 PhoneNumber 不过滤，直接选择所有非无效值。
Block processing time: 0.027462 seconds
Computing Block 5 out of 79
Processing Block size=26
begin cleaner{left: ("[FunctionalDependency:(s: {HospitalName}, t: {PhoneNumber})]", 0.0), operator: *, right: (1.0, 1.0), result: 0.0}
列 'p' 不存在，对列 PhoneNumber 不过滤，直接选择所有非无效值。
Block processing time: 0.030778 seconds
Computing Block 6 out of 79
Processing Block size=25
begin cleaner{left: ("[FunctionalDependency:(s: {HospitalName}, t: {PhoneNumber})]", 0.0), operator: *, right: (1.0, 1.0), result: 0.0}
列 'p' 不存在，对列 PhoneNumber 不过滤，直接选择所有非无效值。
Block processing time: 0.029766 seconds
Computing Block 7 out of 79
Processing Block size=22
begin cleaner{left: ("[FunctionalDependency:(s: {HospitalName}, t: {PhoneNumber})]", 0.0), operator: *, right: (1.0, 1.0), result: 0.0}
列 'p' 不存在，对列 PhoneNumber 不过滤，直接选择所有非无效值。
Block processing time: 0.026001 seconds
Computing Block 10 out of 79
Processing Block size=24
begin cleaner{left: ("[FunctionalDependency:(s: {HospitalName}, t: {PhoneNumber})]", 0.0), operator: *, right: (1.0, 1.0), result: 0.0}
列 'p' 不存在，对列 PhoneNumber 不过滤，直接选择所有非无效值。
Block processing time: 0.028249 seconds
Computing Block 11 out of 79
Processing Block size=22
begin cleaner{left: ("[FunctionalDependency:(s: {HospitalName}, t: {PhoneNumber})]", 0.0), operator: *, right: (1.0, 1.0), result: 0.0}
列 'p' 不存在，对列 PhoneNumber 不过滤，直接选择所有非无效值。
Block processing time: 0.025863 seconds
Computing Block 12 out of 79
Processing Block size=23
begin cleaner{left: ("[FunctionalDependency:(s: {HospitalName}, t: {PhoneNumber})]", 0.0), operator: *, right: (1.0, 1.0), result: 0.0}
列 'p' 不存在，对列 PhoneNumber 不过滤，直接选择所有非无效值。
Block processing time: 0.027128 seconds
Computing Block 13 out of 79
Processing Block size=24
begin cleaner{left: ("[FunctionalDependency:(s: {HospitalName}, t: {PhoneNumber})]", 0.0), operator: *, right: (1.0, 1.0), result: 0.0}
列 'p' 不存在，对列 PhoneNumber 不过滤，直接选择所有非无效值。
Block processing time: 0.028321 seconds
Computing Block 14 out of 79
Processing Block size=25
begin cleaner{left: ("[FunctionalDependency:(s: {HospitalName}, t: {PhoneNumber})]", 0.0), operator: *, right: (1.0, 1.0), result: 0.0}
列 'p' 不存在，对列 PhoneNumber 不过滤，直接选择所有非无效值。
Block processing time: 0.029495 seconds
Computing Block 17 out of 79
Processing Block size=25
begin cleaner{left: ("[FunctionalDependency:(s: {HospitalName}, t: {PhoneNumber})]", 0.0), operator: *, right: (1.0, 1.0), result: 0.0}
列 'p' 不存在，对列 PhoneNumber 不过滤，直接选择所有非无效值。
Block processing time: 0.029463 seconds
Computing Block 19 out of 79
Processing Block size=23
begin cleaner{left: ("[FunctionalDependency:(s: {HospitalName}, t: {PhoneNumber})]", 0.0), operator: *, right: (1.0, 1.0), result: 0.0}
列 'p' 不存在，对列 PhoneNumber 不过滤，直接选择所有非无效值。
Block processing time: 0.027082 seconds
Computing Block 21 out of 79
Processing Block size=24
begin cleaner{left: ("[FunctionalDependency:(s: {HospitalName}, t: {PhoneNumber})]", 0.0), operator: *, right: (1.0, 1.0), result: 0.0}
列 'p' 不存在，对列 PhoneNumber 不过滤，直接选择所有非无效值。
Block processing time: 0.028376 seconds
Computing Block 22 out of 79
Processing Block size=2
begin cleaner{left: ("[FunctionalDependency:(s: {HospitalName}, t: {PhoneNumber})]", 0.0), operator: *, right: (1.0, 1.0), result: 0.0}
列 'p' 不存在，对列 PhoneNumber 不过滤，直接选择所有非无效值。
Block processing time: 0.002558 seconds
Computing Block 23 out of 79
Processing Block size=28
begin cleaner{left: ("[FunctionalDependency:(s: {HospitalName}, t: {PhoneNumber})]", 0.0), operator: *, right: (1.0, 1.0), result: 0.0}
列 'p' 不存在，对列 PhoneNumber 不过滤，直接选择所有非无效值。
Block processing time: 0.032927 seconds
Computing Block 24 out of 79
Processing Block size=25
begin cleaner{left: ("[FunctionalDependency:(s: {HospitalName}, t: {PhoneNumber})]", 0.0), operator: *, right: (1.0, 1.0), result: 0.0}
列 'p' 不存在，对列 PhoneNumber 不过滤，直接选择所有非无效值。
Block processing time: 0.029695 seconds
Computing Block 26 out of 79
Processing Block size=24
begin cleaner{left: ("[FunctionalDependency:(s: {HospitalName}, t: {PhoneNumber})]", 0.0), operator: *, right: (1.0, 1.0), result: 0.0}
列 'p' 不存在，对列 PhoneNumber 不过滤，直接选择所有非无效值。
Block processing time: 0.028373 seconds
Computing Block 31 out of 79
Processing Block size=2
begin cleaner{left: ("[FunctionalDependency:(s: {HospitalName}, t: {PhoneNumber})]", 0.0), operator: *, right: (1.0, 1.0), result: 0.0}
列 'p' 不存在，对列 PhoneNumber 不过滤，直接选择所有非无效值。
Block processing time: 0.002563 seconds
Computing Block 34 out of 79
Processing Block size=19
begin cleaner{left: ("[FunctionalDependency:(s: {HospitalName}, t: {PhoneNumber})]", 0.0), operator: *, right: (1.0, 1.0), result: 0.0}
列 'p' 不存在，对列 PhoneNumber 不过滤，直接选择所有非无效值。
Block processing time: 0.022555 seconds
Computing Block 36 out of 79
Processing Block size=24
begin cleaner{left: ("[FunctionalDependency:(s: {HospitalName}, t: {PhoneNumber})]", 0.0), operator: *, right: (1.0, 1.0), result: 0.0}
列 'p' 不存在，对列 PhoneNumber 不过滤，直接选择所有非无效值。
Block processing time: 0.028281 seconds
Computing Block 37 out of 79
Processing Block size=16
begin cleaner{left: ("[FunctionalDependency:(s: {HospitalName}, t: {PhoneNumber})]", 0.0), operator: *, right: (1.0, 1.0), result: 0.0}
列 'p' 不存在，对列 PhoneNumber 不过滤，直接选择所有非无效值。
Block processing time: 0.018861 seconds
Computing Block 39 out of 79
Processing Block size=18
begin cleaner{left: ("[FunctionalDependency:(s: {HospitalName}, t: {PhoneNumber})]", 0.0), operator: *, right: (1.0, 1.0), result: 0.0}
列 'p' 不存在，对列 PhoneNumber 不过滤，直接选择所有非无效值。
Block processing time: 0.021267 seconds
Computing Block 40 out of 79
Processing Block size=20
begin cleaner{left: ("[FunctionalDependency:(s: {HospitalName}, t: {PhoneNumber})]", 0.0), operator: *, right: (1.0, 1.0), result: 0.0}
列 'p' 不存在，对列 PhoneNumber 不过滤，直接选择所有非无效值。
Block processing time: 0.023756 seconds
Computing Block 41 out of 79
Processing Block size=24
begin cleaner{left: ("[FunctionalDependency:(s: {HospitalName}, t: {PhoneNumber})]", 0.0), operator: *, right: (1.0, 1.0), result: 0.0}
列 'p' 不存在，对列 PhoneNumber 不过滤，直接选择所有非无效值。
Block processing time: 0.028696 seconds
Computing Block 44 out of 79
Processing Block size=24
begin cleaner{left: ("[FunctionalDependency:(s: {HospitalName}, t: {PhoneNumber})]", 0.0), operator: *, right: (1.0, 1.0), result: 0.0}
列 'p' 不存在，对列 PhoneNumber 不过滤，直接选择所有非无效值。
Block processing time: 0.028242 seconds
Computing Block 46 out of 79
Processing Block size=5
begin cleaner{left: ("[FunctionalDependency:(s: {HospitalName}, t: {PhoneNumber})]", 0.0), operator: *, right: (1.0, 1.0), result: 0.0}
列 'p' 不存在，对列 PhoneNumber 不过滤，直接选择所有非无效值。
Block processing time: 0.006047 seconds
Computing Block 47 out of 79
Processing Block size=25
begin cleaner{left: ("[FunctionalDependency:(s: {HospitalName}, t: {PhoneNumber})]", 0.0), operator: *, right: (1.0, 1.0), result: 0.0}
列 'p' 不存在，对列 PhoneNumber 不过滤，直接选择所有非无效值。
Block processing time: 0.029609 seconds
Computing Block 49 out of 79
Processing Block size=22
begin cleaner{left: ("[FunctionalDependency:(s: {HospitalName}, t: {PhoneNumber})]", 0.0), operator: *, right: (1.0, 1.0), result: 0.0}
列 'p' 不存在，对列 PhoneNumber 不过滤，直接选择所有非无效值。
Block processing time: 0.025943 seconds
Computing Block 50 out of 79
Processing Block size=22
begin cleaner{left: ("[FunctionalDependency:(s: {HospitalName}, t: {PhoneNumber})]", 0.0), operator: *, right: (1.0, 1.0), result: 0.0}
列 'p' 不存在，对列 PhoneNumber 不过滤，直接选择所有非无效值。
Block processing time: 0.026698 seconds
Computing Block 51 out of 79
Processing Block size=20
begin cleaner{left: ("[FunctionalDependency:(s: {HospitalName}, t: {PhoneNumber})]", 0.0), operator: *, right: (1.0, 1.0), result: 0.0}
列 'p' 不存在，对列 PhoneNumber 不过滤，直接选择所有非无效值。
Block processing time: 0.023976 seconds
Computing Block 52 out of 79
Processing Block size=23
begin cleaner{left: ("[FunctionalDependency:(s: {HospitalName}, t: {PhoneNumber})]", 0.0), operator: *, right: (1.0, 1.0), result: 0.0}
列 'p' 不存在，对列 PhoneNumber 不过滤，直接选择所有非无效值。
Block processing time: 0.027209 seconds
Computing Block 54 out of 79
Processing Block size=23
begin cleaner{left: ("[FunctionalDependency:(s: {HospitalName}, t: {PhoneNumber})]", 0.0), operator: *, right: (1.0, 1.0), result: 0.0}
列 'p' 不存在，对列 PhoneNumber 不过滤，直接选择所有非无效值。
Block processing time: 0.027215 seconds
Computing Block 55 out of 79
Processing Block size=18
begin cleaner{left: ("[FunctionalDependency:(s: {HospitalName}, t: {PhoneNumber})]", 0.0), operator: *, right: (1.0, 1.0), result: 0.0}
列 'p' 不存在，对列 PhoneNumber 不过滤，直接选择所有非无效值。
Block processing time: 0.021129 seconds
Computing Block 56 out of 79
Processing Block size=25
begin cleaner{left: ("[FunctionalDependency:(s: {HospitalName}, t: {PhoneNumber})]", 0.0), operator: *, right: (1.0, 1.0), result: 0.0}
列 'p' 不存在，对列 PhoneNumber 不过滤，直接选择所有非无效值。
Block processing time: 0.029515 seconds
Computing Block 58 out of 79
Processing Block size=23
begin cleaner{left: ("[FunctionalDependency:(s: {HospitalName}, t: {PhoneNumber})]", 0.0), operator: *, right: (1.0, 1.0), result: 0.0}
列 'p' 不存在，对列 PhoneNumber 不过滤，直接选择所有非无效值。
Block processing time: 0.027263 seconds
Computing Block 61 out of 79
Processing Block size=13
begin cleaner{left: ("[FunctionalDependency:(s: {HospitalName}, t: {PhoneNumber})]", 0.0), operator: *, right: (1.0, 1.0), result: 0.0}
列 'p' 不存在，对列 PhoneNumber 不过滤，直接选择所有非无效值。
Block processing time: 0.015515 seconds
Computing Block 62 out of 79
Processing Block size=25
begin cleaner{left: ("[FunctionalDependency:(s: {HospitalName}, t: {PhoneNumber})]", 0.0), operator: *, right: (1.0, 1.0), result: 0.0}
列 'p' 不存在，对列 PhoneNumber 不过滤，直接选择所有非无效值。
Block processing time: 0.02972 seconds
Computing Block 64 out of 79
Processing Block size=24
begin cleaner{left: ("[FunctionalDependency:(s: {HospitalName}, t: {PhoneNumber})]", 0.0), operator: *, right: (1.0, 1.0), result: 0.0}
列 'p' 不存在，对列 PhoneNumber 不过滤，直接选择所有非无效值。
Block processing time: 0.028398 seconds
Computing Block 67 out of 79
Processing Block size=23
begin cleaner{left: ("[FunctionalDependency:(s: {HospitalName}, t: {PhoneNumber})]", 0.0), operator: *, right: (1.0, 1.0), result: 0.0}
列 'p' 不存在，对列 PhoneNumber 不过滤，直接选择所有非无效值。
Block processing time: 0.027021 seconds
Computing Block 69 out of 79
Processing Block size=25
begin cleaner{left: ("[FunctionalDependency:(s: {HospitalName}, t: {PhoneNumber})]", 0.0), operator: *, right: (1.0, 1.0), result: 0.0}
列 'p' 不存在，对列 PhoneNumber 不过滤，直接选择所有非无效值。
Block processing time: 0.029388 seconds
Computing Block 70 out of 79
Processing Block size=25
begin cleaner{left: ("[FunctionalDependency:(s: {HospitalName}, t: {PhoneNumber})]", 0.0), operator: *, right: (1.0, 1.0), result: 0.0}
列 'p' 不存在，对列 PhoneNumber 不过滤，直接选择所有非无效值。
Block processing time: 0.029531 seconds
Computing Block 72 out of 79
Processing Block size=22
begin cleaner{left: ("[FunctionalDependency:(s: {HospitalName}, t: {PhoneNumber})]", 0.0), operator: *, right: (1.0, 1.0), result: 0.0}
列 'p' 不存在，对列 PhoneNumber 不过滤，直接选择所有非无效值。
Block processing time: 0.026022 seconds
Computing Block 76 out of 79
Processing Block size=23
begin cleaner{left: ("[FunctionalDependency:(s: {HospitalName}, t: {PhoneNumber})]", 0.0), operator: *, right: (1.0, 1.0), result: 0.0}
列 'p' 不存在，对列 PhoneNumber 不过滤，直接选择所有非无效值。
Block processing time: 0.028293 seconds
Computing Block 77 out of 79
Processing Block size=19
begin cleaner{left: ("[FunctionalDependency:(s: {HospitalName}, t: {PhoneNumber})]", 0.0), operator: *, right: (1.0, 1.0), result: 0.0}
列 'p' 不存在，对列 PhoneNumber 不过滤，直接选择所有非无效值。
Block processing time: 0.023237 seconds
Computing Block 79 out of 79
Processing Block size=22
begin cleaner{left: ("[FunctionalDependency:(s: {HospitalName}, t: {PhoneNumber})]", 0.0), operator: *, right: (1.0, 1.0), result: 0.0}
列 'p' 不存在，对列 PhoneNumber 不过滤，直接选择所有非无效值。
Block processing time: 0.02621 seconds
  当前节点: PhoneNumber 无清洗操作
  当前节点: Address1 存在可用清洗信号
数据块大小: 1000
分块属性:
[['HospitalName']]
Starting initial block mapping...
Initial number of blocks: 80
Final number of blocks after further splitting: 79
Computing Block 1 out of 79
Processing Block size=23
begin cleaner[FunctionalDependency:(s: {'HospitalName'}, t: {'Address1'})]*1.0
列 'p' 不存在，对列 Address1 不过滤，直接选择所有非无效值。
Block processing time: 0.027935 seconds
Computing Block 5 out of 79
Processing Block size=26
begin cleaner{left: ("[FunctionalDependency:(s: {HospitalName}, t: {Address1})]", 0.0), operator: *, right: (1.0, 1.0), result: 0.0}
列 'p' 不存在，对列 Address1 不过滤，直接选择所有非无效值。
Block processing time: 0.031075 seconds
Computing Block 6 out of 79
Processing Block size=25
begin cleaner{left: ("[FunctionalDependency:(s: {HospitalName}, t: {Address1})]", 0.0), operator: *, right: (1.0, 1.0), result: 0.0}
列 'p' 不存在，对列 Address1 不过滤，直接选择所有非无效值。
Block processing time: 0.029693 seconds
Computing Block 7 out of 79
Processing Block size=22
begin cleaner{left: ("[FunctionalDependency:(s: {HospitalName}, t: {Address1})]", 0.0), operator: *, right: (1.0, 1.0), result: 0.0}
列 'p' 不存在，对列 Address1 不过滤，直接选择所有非无效值。
Block processing time: 0.026078 seconds
Computing Block 10 out of 79
Processing Block size=24
begin cleaner{left: ("[FunctionalDependency:(s: {HospitalName}, t: {Address1})]", 0.0), operator: *, right: (1.0, 1.0), result: 0.0}
列 'p' 不存在，对列 Address1 不过滤，直接选择所有非无效值。
Block processing time: 0.028347 seconds
Computing Block 11 out of 79
Processing Block size=22
begin cleaner{left: ("[FunctionalDependency:(s: {HospitalName}, t: {Address1})]", 0.0), operator: *, right: (1.0, 1.0), result: 0.0}
列 'p' 不存在，对列 Address1 不过滤，直接选择所有非无效值。
Block processing time: 0.025993 seconds
Computing Block 12 out of 79
Processing Block size=23
begin cleaner{left: ("[FunctionalDependency:(s: {HospitalName}, t: {Address1})]", 0.0), operator: *, right: (1.0, 1.0), result: 0.0}
列 'p' 不存在，对列 Address1 不过滤，直接选择所有非无效值。
Block processing time: 0.027155 seconds
Computing Block 13 out of 79
Processing Block size=24
begin cleaner{left: ("[FunctionalDependency:(s: {HospitalName}, t: {Address1})]", 0.0), operator: *, right: (1.0, 1.0), result: 0.0}
列 'p' 不存在，对列 Address1 不过滤，直接选择所有非无效值。
Block processing time: 0.028414 seconds
Computing Block 14 out of 79
Processing Block size=25
begin cleaner{left: ("[FunctionalDependency:(s: {HospitalName}, t: {Address1})]", 0.0), operator: *, right: (1.0, 1.0), result: 0.0}
列 'p' 不存在，对列 Address1 不过滤，直接选择所有非无效值。
Block processing time: 0.029536 seconds
Computing Block 17 out of 79
Processing Block size=25
begin cleaner{left: ("[FunctionalDependency:(s: {HospitalName}, t: {Address1})]", 0.0), operator: *, right: (1.0, 1.0), result: 0.0}
列 'p' 不存在，对列 Address1 不过滤，直接选择所有非无效值。
Block processing time: 0.029557 seconds
Computing Block 19 out of 79
Processing Block size=23
begin cleaner{left: ("[FunctionalDependency:(s: {HospitalName}, t: {Address1})]", 0.0), operator: *, right: (1.0, 1.0), result: 0.0}
列 'p' 不存在，对列 Address1 不过滤，直接选择所有非无效值。
Block processing time: 0.027292 seconds
Computing Block 21 out of 79
Processing Block size=24
begin cleaner{left: ("[FunctionalDependency:(s: {HospitalName}, t: {Address1})]", 0.0), operator: *, right: (1.0, 1.0), result: 0.0}
列 'p' 不存在，对列 Address1 不过滤，直接选择所有非无效值。
Block processing time: 0.028348 seconds
Computing Block 22 out of 79
Processing Block size=2
begin cleaner{left: ("[FunctionalDependency:(s: {HospitalName}, t: {Address1})]", 0.0), operator: *, right: (1.0, 1.0), result: 0.0}
列 'p' 不存在，对列 Address1 不过滤，直接选择所有非无效值。
Block processing time: 0.002597 seconds
Computing Block 23 out of 79
Processing Block size=28
begin cleaner{left: ("[FunctionalDependency:(s: {HospitalName}, t: {Address1})]", 0.0), operator: *, right: (1.0, 1.0), result: 0.0}
列 'p' 不存在，对列 Address1 不过滤，直接选择所有非无效值。
Block processing time: 0.033036 seconds
Computing Block 24 out of 79
Processing Block size=25
begin cleaner{left: ("[FunctionalDependency:(s: {HospitalName}, t: {Address1})]", 0.0), operator: *, right: (1.0, 1.0), result: 0.0}
列 'p' 不存在，对列 Address1 不过滤，直接选择所有非无效值。
Block processing time: 0.029399 seconds
Computing Block 26 out of 79
Processing Block size=24
begin cleaner{left: ("[FunctionalDependency:(s: {HospitalName}, t: {Address1})]", 0.0), operator: *, right: (1.0, 1.0), result: 0.0}
列 'p' 不存在，对列 Address1 不过滤，直接选择所有非无效值。
Block processing time: 0.028638 seconds
Computing Block 31 out of 79
Processing Block size=2
begin cleaner{left: ("[FunctionalDependency:(s: {HospitalName}, t: {Address1})]", 0.0), operator: *, right: (1.0, 1.0), result: 0.0}
列 'p' 不存在，对列 Address1 不过滤，直接选择所有非无效值。
Block processing time: 0.002741 seconds
Computing Block 34 out of 79
Processing Block size=19
begin cleaner{left: ("[FunctionalDependency:(s: {HospitalName}, t: {Address1})]", 0.0), operator: *, right: (1.0, 1.0), result: 0.0}
列 'p' 不存在，对列 Address1 不过滤，直接选择所有非无效值。
Block processing time: 0.022527 seconds
Computing Block 36 out of 79
Processing Block size=24
begin cleaner{left: ("[FunctionalDependency:(s: {HospitalName}, t: {Address1})]", 0.0), operator: *, right: (1.0, 1.0), result: 0.0}
列 'p' 不存在，对列 Address1 不过滤，直接选择所有非无效值。
Block processing time: 0.028193 seconds
Computing Block 37 out of 79
Processing Block size=16
begin cleaner{left: ("[FunctionalDependency:(s: {HospitalName}, t: {Address1})]", 0.0), operator: *, right: (1.0, 1.0), result: 0.0}
列 'p' 不存在，对列 Address1 不过滤，直接选择所有非无效值。
Block processing time: 0.018845 seconds
Computing Block 39 out of 79
Processing Block size=18
begin cleaner{left: ("[FunctionalDependency:(s: {HospitalName}, t: {Address1})]", 0.0), operator: *, right: (1.0, 1.0), result: 0.0}
列 'p' 不存在，对列 Address1 不过滤，直接选择所有非无效值。
Block processing time: 0.021125 seconds
Computing Block 40 out of 79
Processing Block size=20
begin cleaner{left: ("[FunctionalDependency:(s: {HospitalName}, t: {Address1})]", 0.0), operator: *, right: (1.0, 1.0), result: 0.0}
列 'p' 不存在，对列 Address1 不过滤，直接选择所有非无效值。
Block processing time: 0.023621 seconds
Computing Block 41 out of 79
Processing Block size=24
begin cleaner{left: ("[FunctionalDependency:(s: {HospitalName}, t: {Address1})]", 0.0), operator: *, right: (1.0, 1.0), result: 0.0}
列 'p' 不存在，对列 Address1 不过滤，直接选择所有非无效值。
Block processing time: 0.028232 seconds
Computing Block 44 out of 79
Processing Block size=24
begin cleaner{left: ("[FunctionalDependency:(s: {HospitalName}, t: {Address1})]", 0.0), operator: *, right: (1.0, 1.0), result: 0.0}
列 'p' 不存在，对列 Address1 不过滤，直接选择所有非无效值。
Block processing time: 0.028105 seconds
Computing Block 46 out of 79
Processing Block size=5
begin cleaner{left: ("[FunctionalDependency:(s: {HospitalName}, t: {Address1})]", 0.0), operator: *, right: (1.0, 1.0), result: 0.0}
列 'p' 不存在，对列 Address1 不过滤，直接选择所有非无效值。
Block processing time: 0.006144 seconds
Computing Block 47 out of 79
Processing Block size=25
begin cleaner{left: ("[FunctionalDependency:(s: {HospitalName}, t: {Address1})]", 0.0), operator: *, right: (1.0, 1.0), result: 0.0}
列 'p' 不存在，对列 Address1 不过滤，直接选择所有非无效值。
Block processing time: 0.029391 seconds
Computing Block 49 out of 79
Processing Block size=22
begin cleaner{left: ("[FunctionalDependency:(s: {HospitalName}, t: {Address1})]", 0.0), operator: *, right: (1.0, 1.0), result: 0.0}
列 'p' 不存在，对列 Address1 不过滤，直接选择所有非无效值。
Block processing time: 0.025996 seconds
Computing Block 50 out of 79
Processing Block size=22
begin cleaner{left: ("[FunctionalDependency:(s: {HospitalName}, t: {Address1})]", 0.0), operator: *, right: (1.0, 1.0), result: 0.0}
列 'p' 不存在，对列 Address1 不过滤，直接选择所有非无效值。
Block processing time: 0.025942 seconds
Computing Block 51 out of 79
Processing Block size=20
begin cleaner{left: ("[FunctionalDependency:(s: {HospitalName}, t: {Address1})]", 0.0), operator: *, right: (1.0, 1.0), result: 0.0}
列 'p' 不存在，对列 Address1 不过滤，直接选择所有非无效值。
Block processing time: 0.023673 seconds
Computing Block 52 out of 79
Processing Block size=23
begin cleaner{left: ("[FunctionalDependency:(s: {HospitalName}, t: {Address1})]", 0.0), operator: *, right: (1.0, 1.0), result: 0.0}
列 'p' 不存在，对列 Address1 不过滤，直接选择所有非无效值。
Block processing time: 0.027038 seconds
Computing Block 54 out of 79
Processing Block size=23
begin cleaner{left: ("[FunctionalDependency:(s: {HospitalName}, t: {Address1})]", 0.0), operator: *, right: (1.0, 1.0), result: 0.0}
列 'p' 不存在，对列 Address1 不过滤，直接选择所有非无效值。
Block processing time: 0.02706 seconds
Computing Block 55 out of 79
Processing Block size=18
begin cleaner{left: ("[FunctionalDependency:(s: {HospitalName}, t: {Address1})]", 0.0), operator: *, right: (1.0, 1.0), result: 0.0}
列 'p' 不存在，对列 Address1 不过滤，直接选择所有非无效值。
Block processing time: 0.021504 seconds
Computing Block 56 out of 79
Processing Block size=25
begin cleaner{left: ("[FunctionalDependency:(s: {HospitalName}, t: {Address1})]", 0.0), operator: *, right: (1.0, 1.0), result: 0.0}
列 'p' 不存在，对列 Address1 不过滤，直接选择所有非无效值。
Block processing time: 0.029393 seconds
Computing Block 58 out of 79
Processing Block size=23
begin cleaner{left: ("[FunctionalDependency:(s: {HospitalName}, t: {Address1})]", 0.0), operator: *, right: (1.0, 1.0), result: 0.0}
列 'p' 不存在，对列 Address1 不过滤，直接选择所有非无效值。
Block processing time: 0.027053 seconds
Computing Block 61 out of 79
Processing Block size=13
begin cleaner{left: ("[FunctionalDependency:(s: {HospitalName}, t: {Address1})]", 0.0), operator: *, right: (1.0, 1.0), result: 0.0}
列 'p' 不存在，对列 Address1 不过滤，直接选择所有非无效值。
Block processing time: 0.015417 seconds
Computing Block 62 out of 79
Processing Block size=25
begin cleaner{left: ("[FunctionalDependency:(s: {HospitalName}, t: {Address1})]", 0.0), operator: *, right: (1.0, 1.0), result: 0.0}
列 'p' 不存在，对列 Address1 不过滤，直接选择所有非无效值。
Block processing time: 0.029442 seconds
Computing Block 64 out of 79
Processing Block size=24
begin cleaner{left: ("[FunctionalDependency:(s: {HospitalName}, t: {Address1})]", 0.0), operator: *, right: (1.0, 1.0), result: 0.0}
列 'p' 不存在，对列 Address1 不过滤，直接选择所有非无效值。
Block processing time: 0.028123 seconds
Computing Block 67 out of 79
Processing Block size=23
begin cleaner{left: ("[FunctionalDependency:(s: {HospitalName}, t: {Address1})]", 0.0), operator: *, right: (1.0, 1.0), result: 0.0}
列 'p' 不存在，对列 Address1 不过滤，直接选择所有非无效值。
Block processing time: 0.02801 seconds
Computing Block 69 out of 79
Processing Block size=25
begin cleaner{left: ("[FunctionalDependency:(s: {HospitalName}, t: {Address1})]", 0.0), operator: *, right: (1.0, 1.0), result: 0.0}
列 'p' 不存在，对列 Address1 不过滤，直接选择所有非无效值。
Block processing time: 0.029434 seconds
Computing Block 70 out of 79
Processing Block size=25
begin cleaner{left: ("[FunctionalDependency:(s: {HospitalName}, t: {Address1})]", 0.0), operator: *, right: (1.0, 1.0), result: 0.0}
列 'p' 不存在，对列 Address1 不过滤，直接选择所有非无效值。
Block processing time: 0.029467 seconds
Computing Block 72 out of 79
Processing Block size=22
begin cleaner{left: ("[FunctionalDependency:(s: {HospitalName}, t: {Address1})]", 0.0), operator: *, right: (1.0, 1.0), result: 0.0}
列 'p' 不存在，对列 Address1 不过滤，直接选择所有非无效值。
Block processing time: 0.02589 seconds
Computing Block 76 out of 79
Processing Block size=23
begin cleaner{left: ("[FunctionalDependency:(s: {HospitalName}, t: {Address1})]", 0.0), operator: *, right: (1.0, 1.0), result: 0.0}
列 'p' 不存在，对列 Address1 不过滤，直接选择所有非无效值。
Block processing time: 0.027254 seconds
Computing Block 77 out of 79
Processing Block size=19
begin cleaner{left: ("[FunctionalDependency:(s: {HospitalName}, t: {Address1})]", 0.0), operator: *, right: (1.0, 1.0), result: 0.0}
列 'p' 不存在，对列 Address1 不过滤，直接选择所有非无效值。
Block processing time: 0.022425 seconds
Computing Block 79 out of 79
Processing Block size=22
begin cleaner{left: ("[FunctionalDependency:(s: {HospitalName}, t: {Address1})]", 0.0), operator: *, right: (1.0, 1.0), result: 0.0}
列 'p' 不存在，对列 Address1 不过滤，直接选择所有非无效值。
Block processing time: 0.026011 seconds
  当前节点: Address1 无清洗操作
  当前节点: HospitalOwner 存在可用清洗信号
数据块大小: 1000
分块属性:
[['HospitalName']]
Starting initial block mapping...
Initial number of blocks: 80
Final number of blocks after further splitting: 79
Computing Block 1 out of 79
Processing Block size=23
begin cleaner[FunctionalDependency:(s: {'HospitalName'}, t: {'HospitalOwner'})]*1.0
列 'p' 不存在，对列 HospitalOwner 不过滤，直接选择所有非无效值。
Block processing time: 0.027474 seconds
Computing Block 5 out of 79
Processing Block size=26
begin cleaner{left: ("[FunctionalDependency:(s: {HospitalName}, t: {HospitalOwner})]", 0.0), operator: *, right: (1.0, 1.0), result: 0.0}
列 'p' 不存在，对列 HospitalOwner 不过滤，直接选择所有非无效值。
Block processing time: 0.030687 seconds
Computing Block 6 out of 79
Processing Block size=25
begin cleaner{left: ("[FunctionalDependency:(s: {HospitalName}, t: {HospitalOwner})]", 0.0), operator: *, right: (1.0, 1.0), result: 0.0}
列 'p' 不存在，对列 HospitalOwner 不过滤，直接选择所有非无效值。
Block processing time: 0.029561 seconds
Computing Block 7 out of 79
Processing Block size=22
begin cleaner{left: ("[FunctionalDependency:(s: {HospitalName}, t: {HospitalOwner})]", 0.0), operator: *, right: (1.0, 1.0), result: 0.0}
列 'p' 不存在，对列 HospitalOwner 不过滤，直接选择所有非无效值。
Block processing time: 0.025903 seconds
Computing Block 10 out of 79
Processing Block size=24
begin cleaner{left: ("[FunctionalDependency:(s: {HospitalName}, t: {HospitalOwner})]", 0.0), operator: *, right: (1.0, 1.0), result: 0.0}
列 'p' 不存在，对列 HospitalOwner 不过滤，直接选择所有非无效值。
Block processing time: 0.02854 seconds
Computing Block 11 out of 79
Processing Block size=22
begin cleaner{left: ("[FunctionalDependency:(s: {HospitalName}, t: {HospitalOwner})]", 0.0), operator: *, right: (1.0, 1.0), result: 0.0}
列 'p' 不存在，对列 HospitalOwner 不过滤，直接选择所有非无效值。
Block processing time: 0.026218 seconds
Computing Block 12 out of 79
Processing Block size=23
begin cleaner{left: ("[FunctionalDependency:(s: {HospitalName}, t: {HospitalOwner})]", 0.0), operator: *, right: (1.0, 1.0), result: 0.0}
列 'p' 不存在，对列 HospitalOwner 不过滤，直接选择所有非无效值。
Block processing time: 0.027207 seconds
Computing Block 13 out of 79
Processing Block size=24
begin cleaner{left: ("[FunctionalDependency:(s: {HospitalName}, t: {HospitalOwner})]", 0.0), operator: *, right: (1.0, 1.0), result: 0.0}
列 'p' 不存在，对列 HospitalOwner 不过滤，直接选择所有非无效值。
Block processing time: 0.02823 seconds
Computing Block 14 out of 79
Processing Block size=25
begin cleaner{left: ("[FunctionalDependency:(s: {HospitalName}, t: {HospitalOwner})]", 0.0), operator: *, right: (1.0, 1.0), result: 0.0}
列 'p' 不存在，对列 HospitalOwner 不过滤，直接选择所有非无效值。
Block processing time: 0.029521 seconds
Computing Block 17 out of 79
Processing Block size=25
begin cleaner{left: ("[FunctionalDependency:(s: {HospitalName}, t: {HospitalOwner})]", 0.0), operator: *, right: (1.0, 1.0), result: 0.0}
列 'p' 不存在，对列 HospitalOwner 不过滤，直接选择所有非无效值。
Block processing time: 0.029816 seconds
Computing Block 19 out of 79
Processing Block size=23
begin cleaner{left: ("[FunctionalDependency:(s: {HospitalName}, t: {HospitalOwner})]", 0.0), operator: *, right: (1.0, 1.0), result: 0.0}
列 'p' 不存在，对列 HospitalOwner 不过滤，直接选择所有非无效值。
Block processing time: 0.027593 seconds
Computing Block 21 out of 79
Processing Block size=24
begin cleaner{left: ("[FunctionalDependency:(s: {HospitalName}, t: {HospitalOwner})]", 0.0), operator: *, right: (1.0, 1.0), result: 0.0}
列 'p' 不存在，对列 HospitalOwner 不过滤，直接选择所有非无效值。
Block processing time: 0.028731 seconds
Computing Block 22 out of 79
Processing Block size=2
begin cleaner{left: ("[FunctionalDependency:(s: {HospitalName}, t: {HospitalOwner})]", 0.0), operator: *, right: (1.0, 1.0), result: 0.0}
列 'p' 不存在，对列 HospitalOwner 不过滤，直接选择所有非无效值。
Block processing time: 0.002645 seconds
Computing Block 23 out of 79
Processing Block size=28
begin cleaner{left: ("[FunctionalDependency:(s: {HospitalName}, t: {HospitalOwner})]", 0.0), operator: *, right: (1.0, 1.0), result: 0.0}
列 'p' 不存在，对列 HospitalOwner 不过滤，直接选择所有非无效值。
Block processing time: 0.032983 seconds
Computing Block 24 out of 79
Processing Block size=25
begin cleaner{left: ("[FunctionalDependency:(s: {HospitalName}, t: {HospitalOwner})]", 0.0), operator: *, right: (1.0, 1.0), result: 0.0}
列 'p' 不存在，对列 HospitalOwner 不过滤，直接选择所有非无效值。
Block processing time: 0.029731 seconds
Computing Block 26 out of 79
Processing Block size=24
begin cleaner{left: ("[FunctionalDependency:(s: {HospitalName}, t: {HospitalOwner})]", 0.0), operator: *, right: (1.0, 1.0), result: 0.0}
列 'p' 不存在，对列 HospitalOwner 不过滤，直接选择所有非无效值。
Block processing time: 0.028325 seconds
Computing Block 31 out of 79
Processing Block size=2
begin cleaner{left: ("[FunctionalDependency:(s: {HospitalName}, t: {HospitalOwner})]", 0.0), operator: *, right: (1.0, 1.0), result: 0.0}
列 'p' 不存在，对列 HospitalOwner 不过滤，直接选择所有非无效值。
Block processing time: 0.002583 seconds
Computing Block 34 out of 79
Processing Block size=19
begin cleaner{left: ("[FunctionalDependency:(s: {HospitalName}, t: {HospitalOwner})]", 0.0), operator: *, right: (1.0, 1.0), result: 0.0}
列 'p' 不存在，对列 HospitalOwner 不过滤，直接选择所有非无效值。
Block processing time: 0.022567 seconds
Computing Block 36 out of 79
Processing Block size=24
begin cleaner{left: ("[FunctionalDependency:(s: {HospitalName}, t: {HospitalOwner})]", 0.0), operator: *, right: (1.0, 1.0), result: 0.0}
列 'p' 不存在，对列 HospitalOwner 不过滤，直接选择所有非无效值。
Block processing time: 0.028291 seconds
Computing Block 37 out of 79
Processing Block size=16
begin cleaner{left: ("[FunctionalDependency:(s: {HospitalName}, t: {HospitalOwner})]", 0.0), operator: *, right: (1.0, 1.0), result: 0.0}
列 'p' 不存在，对列 HospitalOwner 不过滤，直接选择所有非无效值。
Block processing time: 0.018883 seconds
Computing Block 39 out of 79
Processing Block size=18
begin cleaner{left: ("[FunctionalDependency:(s: {HospitalName}, t: {HospitalOwner})]", 0.0), operator: *, right: (1.0, 1.0), result: 0.0}
列 'p' 不存在，对列 HospitalOwner 不过滤，直接选择所有非无效值。
Block processing time: 0.021209 seconds
Computing Block 40 out of 79
Processing Block size=20
begin cleaner{left: ("[FunctionalDependency:(s: {HospitalName}, t: {HospitalOwner})]", 0.0), operator: *, right: (1.0, 1.0), result: 0.0}
列 'p' 不存在，对列 HospitalOwner 不过滤，直接选择所有非无效值。
Block processing time: 0.023757 seconds
Computing Block 41 out of 79
Processing Block size=24
begin cleaner{left: ("[FunctionalDependency:(s: {HospitalName}, t: {HospitalOwner})]", 0.0), operator: *, right: (1.0, 1.0), result: 0.0}
列 'p' 不存在，对列 HospitalOwner 不过滤，直接选择所有非无效值。
Block processing time: 0.028147 seconds
Computing Block 44 out of 79
Processing Block size=24
begin cleaner{left: ("[FunctionalDependency:(s: {HospitalName}, t: {HospitalOwner})]", 0.0), operator: *, right: (1.0, 1.0), result: 0.0}
列 'p' 不存在，对列 HospitalOwner 不过滤，直接选择所有非无效值。
Block processing time: 0.028312 seconds
Computing Block 46 out of 79
Processing Block size=5
begin cleaner{left: ("[FunctionalDependency:(s: {HospitalName}, t: {HospitalOwner})]", 0.0), operator: *, right: (1.0, 1.0), result: 0.0}
列 'p' 不存在，对列 HospitalOwner 不过滤，直接选择所有非无效值。
Block processing time: 0.006029 seconds
Computing Block 47 out of 79
Processing Block size=25
begin cleaner{left: ("[FunctionalDependency:(s: {HospitalName}, t: {HospitalOwner})]", 0.0), operator: *, right: (1.0, 1.0), result: 0.0}
列 'p' 不存在，对列 HospitalOwner 不过滤，直接选择所有非无效值。
Block processing time: 0.029405 seconds
Computing Block 49 out of 79
Processing Block size=22
begin cleaner{left: ("[FunctionalDependency:(s: {HospitalName}, t: {HospitalOwner})]", 0.0), operator: *, right: (1.0, 1.0), result: 0.0}
列 'p' 不存在，对列 HospitalOwner 不过滤，直接选择所有非无效值。
Block processing time: 0.025944 seconds
Computing Block 50 out of 79
Processing Block size=22
begin cleaner{left: ("[FunctionalDependency:(s: {HospitalName}, t: {HospitalOwner})]", 0.0), operator: *, right: (1.0, 1.0), result: 0.0}
列 'p' 不存在，对列 HospitalOwner 不过滤，直接选择所有非无效值。
Block processing time: 0.025959 seconds
Computing Block 51 out of 79
Processing Block size=20
begin cleaner{left: ("[FunctionalDependency:(s: {HospitalName}, t: {HospitalOwner})]", 0.0), operator: *, right: (1.0, 1.0), result: 0.0}
列 'p' 不存在，对列 HospitalOwner 不过滤，直接选择所有非无效值。
Block processing time: 0.023497 seconds
Computing Block 52 out of 79
Processing Block size=23
begin cleaner{left: ("[FunctionalDependency:(s: {HospitalName}, t: {HospitalOwner})]", 0.0), operator: *, right: (1.0, 1.0), result: 0.0}
列 'p' 不存在，对列 HospitalOwner 不过滤，直接选择所有非无效值。
Block processing time: 0.027001 seconds
Computing Block 54 out of 79
Processing Block size=23
begin cleaner{left: ("[FunctionalDependency:(s: {HospitalName}, t: {HospitalOwner})]", 0.0), operator: *, right: (1.0, 1.0), result: 0.0}
列 'p' 不存在，对列 HospitalOwner 不过滤，直接选择所有非无效值。
Block processing time: 0.027082 seconds
Computing Block 55 out of 79
Processing Block size=18
begin cleaner{left: ("[FunctionalDependency:(s: {HospitalName}, t: {HospitalOwner})]", 0.0), operator: *, right: (1.0, 1.0), result: 0.0}
列 'p' 不存在，对列 HospitalOwner 不过滤，直接选择所有非无效值。
Block processing time: 0.021467 seconds
Computing Block 56 out of 79
Processing Block size=25
begin cleaner{left: ("[FunctionalDependency:(s: {HospitalName}, t: {HospitalOwner})]", 0.0), operator: *, right: (1.0, 1.0), result: 0.0}
列 'p' 不存在，对列 HospitalOwner 不过滤，直接选择所有非无效值。
Block processing time: 0.029802 seconds
Computing Block 58 out of 79
Processing Block size=23
begin cleaner{left: ("[FunctionalDependency:(s: {HospitalName}, t: {HospitalOwner})]", 0.0), operator: *, right: (1.0, 1.0), result: 0.0}
列 'p' 不存在，对列 HospitalOwner 不过滤，直接选择所有非无效值。
Block processing time: 0.027482 seconds
Computing Block 61 out of 79
Processing Block size=13
begin cleaner{left: ("[FunctionalDependency:(s: {HospitalName}, t: {HospitalOwner})]", 0.0), operator: *, right: (1.0, 1.0), result: 0.0}
列 'p' 不存在，对列 HospitalOwner 不过滤，直接选择所有非无效值。
Block processing time: 0.015399 seconds
Computing Block 62 out of 79
Processing Block size=25
begin cleaner{left: ("[FunctionalDependency:(s: {HospitalName}, t: {HospitalOwner})]", 0.0), operator: *, right: (1.0, 1.0), result: 0.0}
列 'p' 不存在，对列 HospitalOwner 不过滤，直接选择所有非无效值。
Block processing time: 0.029548 seconds
Computing Block 64 out of 79
Processing Block size=24
begin cleaner{left: ("[FunctionalDependency:(s: {HospitalName}, t: {HospitalOwner})]", 0.0), operator: *, right: (1.0, 1.0), result: 0.0}
列 'p' 不存在，对列 HospitalOwner 不过滤，直接选择所有非无效值。
Block processing time: 0.028599 seconds
Computing Block 67 out of 79
Processing Block size=23
begin cleaner{left: ("[FunctionalDependency:(s: {HospitalName}, t: {HospitalOwner})]", 0.0), operator: *, right: (1.0, 1.0), result: 0.0}
列 'p' 不存在，对列 HospitalOwner 不过滤，直接选择所有非无效值。
Block processing time: 0.027254 seconds
Computing Block 69 out of 79
Processing Block size=25
begin cleaner{left: ("[FunctionalDependency:(s: {HospitalName}, t: {HospitalOwner})]", 0.0), operator: *, right: (1.0, 1.0), result: 0.0}
列 'p' 不存在，对列 HospitalOwner 不过滤，直接选择所有非无效值。
Block processing time: 0.029429 seconds
Computing Block 70 out of 79
Processing Block size=25
begin cleaner{left: ("[FunctionalDependency:(s: {HospitalName}, t: {HospitalOwner})]", 0.0), operator: *, right: (1.0, 1.0), result: 0.0}
列 'p' 不存在，对列 HospitalOwner 不过滤，直接选择所有非无效值。
Block processing time: 0.029339 seconds
Computing Block 72 out of 79
Processing Block size=22
begin cleaner{left: ("[FunctionalDependency:(s: {HospitalName}, t: {HospitalOwner})]", 0.0), operator: *, right: (1.0, 1.0), result: 0.0}
列 'p' 不存在，对列 HospitalOwner 不过滤，直接选择所有非无效值。
Block processing time: 0.025936 seconds
Computing Block 76 out of 79
Processing Block size=23
begin cleaner{left: ("[FunctionalDependency:(s: {HospitalName}, t: {HospitalOwner})]", 0.0), operator: *, right: (1.0, 1.0), result: 0.0}
列 'p' 不存在，对列 HospitalOwner 不过滤，直接选择所有非无效值。
Block processing time: 0.027149 seconds
Computing Block 77 out of 79
Processing Block size=19
begin cleaner{left: ("[FunctionalDependency:(s: {HospitalName}, t: {HospitalOwner})]", 0.0), operator: *, right: (1.0, 1.0), result: 0.0}
列 'p' 不存在，对列 HospitalOwner 不过滤，直接选择所有非无效值。
Block processing time: 0.022333 seconds
Computing Block 79 out of 79
Processing Block size=22
begin cleaner{left: ("[FunctionalDependency:(s: {HospitalName}, t: {HospitalOwner})]", 0.0), operator: *, right: (1.0, 1.0), result: 0.0}
列 'p' 不存在，对列 HospitalOwner 不过滤，直接选择所有非无效值。
Block processing time: 0.025826 seconds
  当前节点: HospitalOwner 无清洗操作
  当前节点: City 存在可用清洗信号
数据块大小: 1000
分块属性:
[['HospitalName']]
Starting initial block mapping...
Initial number of blocks: 80
Final number of blocks after further splitting: 79
Computing Block 1 out of 79
Processing Block size=23
begin cleaner[FunctionalDependency:(s: {'HospitalName'}, t: {'City'})]*1.0
列 'p' 不存在，对列 City 不过滤，直接选择所有非无效值。
Block processing time: 0.027561 seconds
Computing Block 5 out of 79
Processing Block size=26
begin cleaner{left: ("[FunctionalDependency:(s: {HospitalName}, t: {City})]", 0.0), operator: *, right: (1.0, 1.0), result: 0.0}
列 'p' 不存在，对列 City 不过滤，直接选择所有非无效值。
Block processing time: 0.030628 seconds
Computing Block 6 out of 79
Processing Block size=25
begin cleaner{left: ("[FunctionalDependency:(s: {HospitalName}, t: {City})]", 0.0), operator: *, right: (1.0, 1.0), result: 0.0}
列 'p' 不存在，对列 City 不过滤，直接选择所有非无效值。
Block processing time: 0.029526 seconds
Computing Block 7 out of 79
Processing Block size=22
begin cleaner{left: ("[FunctionalDependency:(s: {HospitalName}, t: {City})]", 0.0), operator: *, right: (1.0, 1.0), result: 0.0}
列 'p' 不存在，对列 City 不过滤，直接选择所有非无效值。
Block processing time: 0.025854 seconds
Computing Block 10 out of 79
Processing Block size=24
begin cleaner{left: ("[FunctionalDependency:(s: {HospitalName}, t: {City})]", 0.0), operator: *, right: (1.0, 1.0), result: 0.0}
列 'p' 不存在，对列 City 不过滤，直接选择所有非无效值。
Block processing time: 0.02822 seconds
Computing Block 11 out of 79
Processing Block size=22
begin cleaner{left: ("[FunctionalDependency:(s: {HospitalName}, t: {City})]", 0.0), operator: *, right: (1.0, 1.0), result: 0.0}
列 'p' 不存在，对列 City 不过滤，直接选择所有非无效值。
Block processing time: 0.02611 seconds
Computing Block 12 out of 79
Processing Block size=23
begin cleaner{left: ("[FunctionalDependency:(s: {HospitalName}, t: {City})]", 0.0), operator: *, right: (1.0, 1.0), result: 0.0}
列 'p' 不存在，对列 City 不过滤，直接选择所有非无效值。
Block processing time: 0.027439 seconds
Computing Block 13 out of 79
Processing Block size=24
begin cleaner{left: ("[FunctionalDependency:(s: {HospitalName}, t: {City})]", 0.0), operator: *, right: (1.0, 1.0), result: 0.0}
列 'p' 不存在，对列 City 不过滤，直接选择所有非无效值。
Block processing time: 0.028729 seconds
Computing Block 14 out of 79
Processing Block size=25
begin cleaner{left: ("[FunctionalDependency:(s: {HospitalName}, t: {City})]", 0.0), operator: *, right: (1.0, 1.0), result: 0.0}
列 'p' 不存在，对列 City 不过滤，直接选择所有非无效值。
Block processing time: 0.029792 seconds
Computing Block 17 out of 79
Processing Block size=25
begin cleaner{left: ("[FunctionalDependency:(s: {HospitalName}, t: {City})]", 0.0), operator: *, right: (1.0, 1.0), result: 0.0}
列 'p' 不存在，对列 City 不过滤，直接选择所有非无效值。
Block processing time: 0.029854 seconds
Computing Block 19 out of 79
Processing Block size=23
begin cleaner{left: ("[FunctionalDependency:(s: {HospitalName}, t: {City})]", 0.0), operator: *, right: (1.0, 1.0), result: 0.0}
列 'p' 不存在，对列 City 不过滤，直接选择所有非无效值。
Block processing time: 0.027365 seconds
Computing Block 21 out of 79
Processing Block size=24
begin cleaner{left: ("[FunctionalDependency:(s: {HospitalName}, t: {City})]", 0.0), operator: *, right: (1.0, 1.0), result: 0.0}
列 'p' 不存在，对列 City 不过滤，直接选择所有非无效值。
Block processing time: 0.028429 seconds
Computing Block 22 out of 79
Processing Block size=2
begin cleaner{left: ("[FunctionalDependency:(s: {HospitalName}, t: {City})]", 0.0), operator: *, right: (1.0, 1.0), result: 0.0}
列 'p' 不存在，对列 City 不过滤，直接选择所有非无效值。
Block processing time: 0.002577 seconds
Computing Block 23 out of 79
Processing Block size=28
begin cleaner{left: ("[FunctionalDependency:(s: {HospitalName}, t: {City})]", 0.0), operator: *, right: (1.0, 1.0), result: 0.0}
列 'p' 不存在，对列 City 不过滤，直接选择所有非无效值。
Block processing time: 0.033103 seconds
Computing Block 24 out of 79
Processing Block size=25
begin cleaner{left: ("[FunctionalDependency:(s: {HospitalName}, t: {City})]", 0.0), operator: *, right: (1.0, 1.0), result: 0.0}
列 'p' 不存在，对列 City 不过滤，直接选择所有非无效值。
Block processing time: 0.029524 seconds
Computing Block 26 out of 79
Processing Block size=24
begin cleaner{left: ("[FunctionalDependency:(s: {HospitalName}, t: {City})]", 0.0), operator: *, right: (1.0, 1.0), result: 0.0}
列 'p' 不存在，对列 City 不过滤，直接选择所有非无效值。
Block processing time: 0.028565 seconds
Computing Block 31 out of 79
Processing Block size=2
begin cleaner{left: ("[FunctionalDependency:(s: {HospitalName}, t: {City})]", 0.0), operator: *, right: (1.0, 1.0), result: 0.0}
列 'p' 不存在，对列 City 不过滤，直接选择所有非无效值。
Block processing time: 0.002565 seconds
Computing Block 34 out of 79
Processing Block size=19
begin cleaner{left: ("[FunctionalDependency:(s: {HospitalName}, t: {City})]", 0.0), operator: *, right: (1.0, 1.0), result: 0.0}
列 'p' 不存在，对列 City 不过滤，直接选择所有非无效值。
Block processing time: 0.022653 seconds
Computing Block 36 out of 79
Processing Block size=24
begin cleaner{left: ("[FunctionalDependency:(s: {HospitalName}, t: {City})]", 0.0), operator: *, right: (1.0, 1.0), result: 0.0}
列 'p' 不存在，对列 City 不过滤，直接选择所有非无效值。
Block processing time: 0.028361 seconds
Computing Block 37 out of 79
Processing Block size=16
begin cleaner{left: ("[FunctionalDependency:(s: {HospitalName}, t: {City})]", 0.0), operator: *, right: (1.0, 1.0), result: 0.0}
列 'p' 不存在，对列 City 不过滤，直接选择所有非无效值。
Block processing time: 0.018973 seconds
Computing Block 39 out of 79
Processing Block size=18
begin cleaner{left: ("[FunctionalDependency:(s: {HospitalName}, t: {City})]", 0.0), operator: *, right: (1.0, 1.0), result: 0.0}
列 'p' 不存在，对列 City 不过滤，直接选择所有非无效值。
Block processing time: 0.021306 seconds
Computing Block 40 out of 79
Processing Block size=20
begin cleaner{left: ("[FunctionalDependency:(s: {HospitalName}, t: {City})]", 0.0), operator: *, right: (1.0, 1.0), result: 0.0}
列 'p' 不存在，对列 City 不过滤，直接选择所有非无效值。
Block processing time: 0.024058 seconds
Computing Block 41 out of 79
Processing Block size=24
begin cleaner{left: ("[FunctionalDependency:(s: {HospitalName}, t: {City})]", 0.0), operator: *, right: (1.0, 1.0), result: 0.0}
列 'p' 不存在，对列 City 不过滤，直接选择所有非无效值。
Block processing time: 0.028412 seconds
Computing Block 44 out of 79
Processing Block size=24
begin cleaner{left: ("[FunctionalDependency:(s: {HospitalName}, t: {City})]", 0.0), operator: *, right: (1.0, 1.0), result: 0.0}
列 'p' 不存在，对列 City 不过滤，直接选择所有非无效值。
Block processing time: 0.028427 seconds
Computing Block 46 out of 79
Processing Block size=5
begin cleaner{left: ("[FunctionalDependency:(s: {HospitalName}, t: {City})]", 0.0), operator: *, right: (1.0, 1.0), result: 0.0}
列 'p' 不存在，对列 City 不过滤，直接选择所有非无效值。
Block processing time: 0.006148 seconds
Computing Block 47 out of 79
Processing Block size=25
begin cleaner{left: ("[FunctionalDependency:(s: {HospitalName}, t: {City})]", 0.0), operator: *, right: (1.0, 1.0), result: 0.0}
列 'p' 不存在，对列 City 不过滤，直接选择所有非无效值。
Block processing time: 0.029638 seconds
Computing Block 49 out of 79
Processing Block size=22
begin cleaner{left: ("[FunctionalDependency:(s: {HospitalName}, t: {City})]", 0.0), operator: *, right: (1.0, 1.0), result: 0.0}
列 'p' 不存在，对列 City 不过滤，直接选择所有非无效值。
Block processing time: 0.025965 seconds
Computing Block 50 out of 79
Processing Block size=22
begin cleaner{left: ("[FunctionalDependency:(s: {HospitalName}, t: {City})]", 0.0), operator: *, right: (1.0, 1.0), result: 0.0}
列 'p' 不存在，对列 City 不过滤，直接选择所有非无效值。
Block processing time: 0.026057 seconds
Computing Block 51 out of 79
Processing Block size=20
begin cleaner{left: ("[FunctionalDependency:(s: {HospitalName}, t: {City})]", 0.0), operator: *, right: (1.0, 1.0), result: 0.0}
列 'p' 不存在，对列 City 不过滤，直接选择所有非无效值。
Block processing time: 0.02389 seconds
Computing Block 52 out of 79
Processing Block size=23
begin cleaner{left: ("[FunctionalDependency:(s: {HospitalName}, t: {City})]", 0.0), operator: *, right: (1.0, 1.0), result: 0.0}
列 'p' 不存在，对列 City 不过滤，直接选择所有非无效值。
Block processing time: 0.027594 seconds
Computing Block 54 out of 79
Processing Block size=23
begin cleaner{left: ("[FunctionalDependency:(s: {HospitalName}, t: {City})]", 0.0), operator: *, right: (1.0, 1.0), result: 0.0}
列 'p' 不存在，对列 City 不过滤，直接选择所有非无效值。
Block processing time: 0.027234 seconds
Computing Block 55 out of 79
Processing Block size=18
begin cleaner{left: ("[FunctionalDependency:(s: {HospitalName}, t: {City})]", 0.0), operator: *, right: (1.0, 1.0), result: 0.0}
列 'p' 不存在，对列 City 不过滤，直接选择所有非无效值。
Block processing time: 0.021232 seconds
Computing Block 56 out of 79
Processing Block size=25
begin cleaner{left: ("[FunctionalDependency:(s: {HospitalName}, t: {City})]", 0.0), operator: *, right: (1.0, 1.0), result: 0.0}
列 'p' 不存在，对列 City 不过滤，直接选择所有非无效值。
Block processing time: 0.02955 seconds
Computing Block 58 out of 79
Processing Block size=23
begin cleaner{left: ("[FunctionalDependency:(s: {HospitalName}, t: {City})]", 0.0), operator: *, right: (1.0, 1.0), result: 0.0}
列 'p' 不存在，对列 City 不过滤，直接选择所有非无效值。
Block processing time: 0.027025 seconds
Computing Block 61 out of 79
Processing Block size=13
begin cleaner{left: ("[FunctionalDependency:(s: {HospitalName}, t: {City})]", 0.0), operator: *, right: (1.0, 1.0), result: 0.0}
列 'p' 不存在，对列 City 不过滤，直接选择所有非无效值。
Block processing time: 0.015341 seconds
Computing Block 62 out of 79
Processing Block size=25
begin cleaner{left: ("[FunctionalDependency:(s: {HospitalName}, t: {City})]", 0.0), operator: *, right: (1.0, 1.0), result: 0.0}
列 'p' 不存在，对列 City 不过滤，直接选择所有非无效值。
Block processing time: 0.029692 seconds
Computing Block 64 out of 79
Processing Block size=24
begin cleaner{left: ("[FunctionalDependency:(s: {HospitalName}, t: {City})]", 0.0), operator: *, right: (1.0, 1.0), result: 0.0}
列 'p' 不存在，对列 City 不过滤，直接选择所有非无效值。
Block processing time: 0.028551 seconds
Computing Block 67 out of 79
Processing Block size=23
begin cleaner{left: ("[FunctionalDependency:(s: {HospitalName}, t: {City})]", 0.0), operator: *, right: (1.0, 1.0), result: 0.0}
列 'p' 不存在，对列 City 不过滤，直接选择所有非无效值。
Block processing time: 0.027125 seconds
Computing Block 69 out of 79
Processing Block size=25
begin cleaner{left: ("[FunctionalDependency:(s: {HospitalName}, t: {City})]", 0.0), operator: *, right: (1.0, 1.0), result: 0.0}
列 'p' 不存在，对列 City 不过滤，直接选择所有非无效值。
Block processing time: 0.029502 seconds
Computing Block 70 out of 79
Processing Block size=25
begin cleaner{left: ("[FunctionalDependency:(s: {HospitalName}, t: {City})]", 0.0), operator: *, right: (1.0, 1.0), result: 0.0}
列 'p' 不存在，对列 City 不过滤，直接选择所有非无效值。
Block processing time: 0.029414 seconds
Computing Block 72 out of 79
Processing Block size=22
begin cleaner{left: ("[FunctionalDependency:(s: {HospitalName}, t: {City})]", 0.0), operator: *, right: (1.0, 1.0), result: 0.0}
列 'p' 不存在，对列 City 不过滤，直接选择所有非无效值。
Block processing time: 0.026191 seconds
Computing Block 76 out of 79
Processing Block size=23
begin cleaner{left: ("[FunctionalDependency:(s: {HospitalName}, t: {City})]", 0.0), operator: *, right: (1.0, 1.0), result: 0.0}
列 'p' 不存在，对列 City 不过滤，直接选择所有非无效值。
Block processing time: 0.027145 seconds
Computing Block 77 out of 79
Processing Block size=19
begin cleaner{left: ("[FunctionalDependency:(s: {HospitalName}, t: {City})]", 0.0), operator: *, right: (1.0, 1.0), result: 0.0}
列 'p' 不存在，对列 City 不过滤，直接选择所有非无效值。
Block processing time: 0.022523 seconds
Computing Block 79 out of 79
Processing Block size=22
begin cleaner{left: ("[FunctionalDependency:(s: {HospitalName}, t: {City})]", 0.0), operator: *, right: (1.0, 1.0), result: 0.0}
列 'p' 不存在，对列 City 不过滤，直接选择所有非无效值。
Block processing time: 0.026112 seconds
  当前节点: City 无清洗操作
  当前节点: HospitalType 存在可用清洗信号
数据块大小: 1000
分块属性:
[['MeasureName', 'Condition']]
Starting initial block mapping...
Initial number of blocks: 113
Final number of blocks after further splitting: 112
Computing Block 2 out of 112
Processing Block size=35
begin cleaner[FunctionalDependency:(s: {'MeasureName', 'Condition'}, t: {'HospitalType'})]*1.0
列 'p' 不存在，对列 HospitalType 不过滤，直接选择所有非无效值。
Block processing time: 0.044058 seconds
Computing Block 9 out of 112
Processing Block size=31
begin cleaner{left: ("[FunctionalDependency:(s: {MeasureName, Condition}, t: {HospitalType})]", 0.0), operator: *, right: (1.0, 1.0), result: 0.0}
列 'p' 不存在，对列 HospitalType 不过滤，直接选择所有非无效值。
Block processing time: 0.045396 seconds
Computing Block 11 out of 112
Processing Block size=36
begin cleaner{left: ("[FunctionalDependency:(s: {MeasureName, Condition}, t: {HospitalType})]", 0.0), operator: *, right: (1.0, 1.0), result: 0.0}
列 'p' 不存在，对列 HospitalType 不过滤，直接选择所有非无效值。
Block processing time: 0.045767 seconds
Computing Block 18 out of 112
Processing Block size=33
begin cleaner{left: ("[FunctionalDependency:(s: {MeasureName, Condition}, t: {HospitalType})]", 0.0), operator: *, right: (1.0, 1.0), result: 0.0}
列 'p' 不存在，对列 HospitalType 不过滤，直接选择所有非无效值。
Block processing time: 0.040717 seconds
Computing Block 21 out of 112
Processing Block size=36
begin cleaner{left: ("[FunctionalDependency:(s: {MeasureName, Condition}, t: {HospitalType})]", 0.0), operator: *, right: (1.0, 1.0), result: 0.0}
列 'p' 不存在，对列 HospitalType 不过滤，直接选择所有非无效值。
Block processing time: 0.043314 seconds
Computing Block 26 out of 112
Processing Block size=6
begin cleaner{left: ("[FunctionalDependency:(s: {MeasureName, Condition}, t: {HospitalType})]", 0.0), operator: *, right: (1.0, 1.0), result: 0.0}
列 'p' 不存在，对列 HospitalType 不过滤，直接选择所有非无效值。
Block processing time: 0.007459 seconds
Computing Block 28 out of 112
Processing Block size=2
begin cleaner{left: ("[FunctionalDependency:(s: {MeasureName, Condition}, t: {HospitalType})]", 0.0), operator: *, right: (1.0, 1.0), result: 0.0}
列 'p' 不存在，对列 HospitalType 不过滤，直接选择所有非无效值。
Block processing time: 0.002623 seconds
Computing Block 30 out of 112
Processing Block size=3
begin cleaner{left: ("[FunctionalDependency:(s: {MeasureName, Condition}, t: {HospitalType})]", 0.0), operator: *, right: (1.0, 1.0), result: 0.0}
列 'p' 不存在，对列 HospitalType 不过滤，直接选择所有非无效值。
Block processing time: 0.003817 seconds
Computing Block 35 out of 112
Processing Block size=37
begin cleaner{left: ("[FunctionalDependency:(s: {MeasureName, Condition}, t: {HospitalType})]", 0.0), operator: *, right: (1.0, 1.0), result: 0.0}
列 'p' 不存在，对列 HospitalType 不过滤，直接选择所有非无效值。
Block processing time: 0.04514 seconds
Computing Block 36 out of 112
Processing Block size=37
begin cleaner{left: ("[FunctionalDependency:(s: {MeasureName, Condition}, t: {HospitalType})]", 0.0), operator: *, right: (1.0, 1.0), result: 0.0}
列 'p' 不存在，对列 HospitalType 不过滤，直接选择所有非无效值。
Block processing time: 0.04482 seconds
Computing Block 38 out of 112
Processing Block size=2
begin cleaner{left: ("[FunctionalDependency:(s: {MeasureName, Condition}, t: {HospitalType})]", 0.0), operator: *, right: (1.0, 1.0), result: 0.0}
列 'p' 不存在，对列 HospitalType 不过滤，直接选择所有非无效值。
Block processing time: 0.002663 seconds
Computing Block 39 out of 112
Processing Block size=32
begin cleaner{left: ("[FunctionalDependency:(s: {MeasureName, Condition}, t: {HospitalType})]", 0.0), operator: *, right: (1.0, 1.0), result: 0.0}
列 'p' 不存在，对列 HospitalType 不过滤，直接选择所有非无效值。
Block processing time: 0.038475 seconds
Computing Block 41 out of 112
Processing Block size=31
begin cleaner{left: ("[FunctionalDependency:(s: {MeasureName, Condition}, t: {HospitalType})]", 0.0), operator: *, right: (1.0, 1.0), result: 0.0}
列 'p' 不存在，对列 HospitalType 不过滤，直接选择所有非无效值。
Block processing time: 0.037158 seconds
Computing Block 42 out of 112
Processing Block size=34
begin cleaner{left: ("[FunctionalDependency:(s: {MeasureName, Condition}, t: {HospitalType})]", 0.0), operator: *, right: (1.0, 1.0), result: 0.0}
列 'p' 不存在，对列 HospitalType 不过滤，直接选择所有非无效值。
Block processing time: 0.04078 seconds
Computing Block 46 out of 112
Processing Block size=38
begin cleaner{left: ("[FunctionalDependency:(s: {MeasureName, Condition}, t: {HospitalType})]", 0.0), operator: *, right: (1.0, 1.0), result: 0.0}
列 'p' 不存在，对列 HospitalType 不过滤，直接选择所有非无效值。
Block processing time: 0.045709 seconds
Computing Block 47 out of 112
Processing Block size=37
begin cleaner{left: ("[FunctionalDependency:(s: {MeasureName, Condition}, t: {HospitalType})]", 0.0), operator: *, right: (1.0, 1.0), result: 0.0}
列 'p' 不存在，对列 HospitalType 不过滤，直接选择所有非无效值。
Block processing time: 0.044233 seconds
Computing Block 49 out of 112
Processing Block size=33
begin cleaner{left: ("[FunctionalDependency:(s: {MeasureName, Condition}, t: {HospitalType})]", 0.0), operator: *, right: (1.0, 1.0), result: 0.0}
列 'p' 不存在，对列 HospitalType 不过滤，直接选择所有非无效值。
Block processing time: 0.039977 seconds
Computing Block 51 out of 112
Processing Block size=7
begin cleaner{left: ("[FunctionalDependency:(s: {MeasureName, Condition}, t: {HospitalType})]", 0.0), operator: *, right: (1.0, 1.0), result: 0.0}
列 'p' 不存在，对列 HospitalType 不过滤，直接选择所有非无效值。
Block processing time: 0.008614 seconds
Computing Block 52 out of 112
Processing Block size=37
begin cleaner{left: ("[FunctionalDependency:(s: {MeasureName, Condition}, t: {HospitalType})]", 0.0), operator: *, right: (1.0, 1.0), result: 0.0}
列 'p' 不存在，对列 HospitalType 不过滤，直接选择所有非无效值。
Block processing time: 0.044268 seconds
Computing Block 58 out of 112
Processing Block size=36
begin cleaner{left: ("[FunctionalDependency:(s: {MeasureName, Condition}, t: {HospitalType})]", 0.0), operator: *, right: (1.0, 1.0), result: 0.0}
列 'p' 不存在，对列 HospitalType 不过滤，直接选择所有非无效值。
Block processing time: 0.043333 seconds
Computing Block 60 out of 112
Processing Block size=2
begin cleaner{left: ("[FunctionalDependency:(s: {MeasureName, Condition}, t: {HospitalType})]", 0.0), operator: *, right: (1.0, 1.0), result: 0.0}
列 'p' 不存在，对列 HospitalType 不过滤，直接选择所有非无效值。
Block processing time: 0.002748 seconds
Computing Block 64 out of 112
Processing Block size=34
begin cleaner{left: ("[FunctionalDependency:(s: {MeasureName, Condition}, t: {HospitalType})]", 0.0), operator: *, right: (1.0, 1.0), result: 0.0}
列 'p' 不存在，对列 HospitalType 不过滤，直接选择所有非无效值。
Block processing time: 0.041093 seconds
Computing Block 66 out of 112
Processing Block size=35
begin cleaner{left: ("[FunctionalDependency:(s: {MeasureName, Condition}, t: {HospitalType})]", 0.0), operator: *, right: (1.0, 1.0), result: 0.0}
列 'p' 不存在，对列 HospitalType 不过滤，直接选择所有非无效值。
Block processing time: 0.041977 seconds
Computing Block 71 out of 112
Processing Block size=2
begin cleaner{left: ("[FunctionalDependency:(s: {MeasureName, Condition}, t: {HospitalType})]", 0.0), operator: *, right: (1.0, 1.0), result: 0.0}
列 'p' 不存在，对列 HospitalType 不过滤，直接选择所有非无效值。
Block processing time: 0.002616 seconds
Computing Block 77 out of 112
Processing Block size=2
begin cleaner{left: ("[FunctionalDependency:(s: {MeasureName, Condition}, t: {HospitalType})]", 0.0), operator: *, right: (1.0, 1.0), result: 0.0}
列 'p' 不存在，对列 HospitalType 不过滤，直接选择所有非无效值。
Block processing time: 0.002589 seconds
Computing Block 82 out of 112
Processing Block size=39
begin cleaner{left: ("[FunctionalDependency:(s: {MeasureName, Condition}, t: {HospitalType})]", 0.0), operator: *, right: (1.0, 1.0), result: 0.0}
列 'p' 不存在，对列 HospitalType 不过滤，直接选择所有非无效值。
Block processing time: 0.046666 seconds
Computing Block 88 out of 112
Processing Block size=2
begin cleaner{left: ("[FunctionalDependency:(s: {MeasureName, Condition}, t: {HospitalType})]", 0.0), operator: *, right: (1.0, 1.0), result: 0.0}
列 'p' 不存在，对列 HospitalType 不过滤，直接选择所有非无效值。
Block processing time: 0.002703 seconds
Computing Block 90 out of 112
Processing Block size=39
begin cleaner{left: ("[FunctionalDependency:(s: {MeasureName, Condition}, t: {HospitalType})]", 0.0), operator: *, right: (1.0, 1.0), result: 0.0}
列 'p' 不存在，对列 HospitalType 不过滤，直接选择所有非无效值。
Block processing time: 0.047007 seconds
Computing Block 92 out of 112
Processing Block size=35
begin cleaner{left: ("[FunctionalDependency:(s: {MeasureName, Condition}, t: {HospitalType})]", 0.0), operator: *, right: (1.0, 1.0), result: 0.0}
列 'p' 不存在，对列 HospitalType 不过滤，直接选择所有非无效值。
Block processing time: 0.042433 seconds
Computing Block 93 out of 112
Processing Block size=2
begin cleaner{left: ("[FunctionalDependency:(s: {MeasureName, Condition}, t: {HospitalType})]", 0.0), operator: *, right: (1.0, 1.0), result: 0.0}
列 'p' 不存在，对列 HospitalType 不过滤，直接选择所有非无效值。
Block processing time: 0.002618 seconds
Computing Block 95 out of 112
Processing Block size=6
begin cleaner{left: ("[FunctionalDependency:(s: {MeasureName, Condition}, t: {HospitalType})]", 0.0), operator: *, right: (1.0, 1.0), result: 0.0}
列 'p' 不存在，对列 HospitalType 不过滤，直接选择所有非无效值。
Block processing time: 0.007371 seconds
Computing Block 100 out of 112
Processing Block size=37
begin cleaner{left: ("[FunctionalDependency:(s: {MeasureName, Condition}, t: {HospitalType})]", 0.0), operator: *, right: (1.0, 1.0), result: 0.0}
列 'p' 不存在，对列 HospitalType 不过滤，直接选择所有非无效值。
Block processing time: 0.04438 seconds
Computing Block 103 out of 112
Processing Block size=36
begin cleaner{left: ("[FunctionalDependency:(s: {MeasureName, Condition}, t: {HospitalType})]", 0.0), operator: *, right: (1.0, 1.0), result: 0.0}
列 'p' 不存在，对列 HospitalType 不过滤，直接选择所有非无效值。
Block processing time: 0.042896 seconds
Computing Block 105 out of 112
Processing Block size=34
begin cleaner{left: ("[FunctionalDependency:(s: {MeasureName, Condition}, t: {HospitalType})]", 0.0), operator: *, right: (1.0, 1.0), result: 0.0}
列 'p' 不存在，对列 HospitalType 不过滤，直接选择所有非无效值。
Block processing time: 0.040975 seconds
Computing Block 108 out of 112
Processing Block size=37
begin cleaner{left: ("[FunctionalDependency:(s: {MeasureName, Condition}, t: {HospitalType})]", 0.0), operator: *, right: (1.0, 1.0), result: 0.0}
列 'p' 不存在，对列 HospitalType 不过滤，直接选择所有非无效值。
Block processing time: 0.044693 seconds
Computing Block 110 out of 112
Processing Block size=37
begin cleaner{left: ("[FunctionalDependency:(s: {MeasureName, Condition}, t: {HospitalType})]", 0.0), operator: *, right: (1.0, 1.0), result: 0.0}
列 'p' 不存在，对列 HospitalType 不过滤，直接选择所有非无效值。
Block processing time: 0.044358 seconds
  当前节点: HospitalType 无清洗操作
['ZipCode', 'PhoneNumber', 'Address1', 'HospitalOwner', 'City', 'HospitalType']的清洗完成

本层累积的编辑规则数: 0
本层没有可以进行的清洗操作，进行下一层

处理第 4 层级, 包含节点: ['EmergencyService', 'State', 'CountyName']
  当前节点: EmergencyService 存在可用清洗信号
数据块大小: 1000
分块属性:
[['ZipCode']]
Starting initial block mapping...
Initial number of blocks: 59
Final number of blocks after further splitting: 58
Computing Block 1 out of 58
Processing Block size=24
begin cleaner[FunctionalDependency:(s: {'ZipCode'}, t: {'EmergencyService'})]*1.0
列 'p' 不存在，对列 EmergencyService 不过滤，直接选择所有非无效值。
clean_bool length:7
newest best op: Uniop(df,'EmergencyService','yes',(['ZipCode'], {('35594.0',)}),{left: ("[FunctionalDependency:(s: {ZipCode}, t: {EmergencyService})]", 0.0), operator: *, right: (1.0, 1.0), result: 0.0})
now error: 0.0
Block processing time: 0.184867 seconds
Computing Block 2 out of 58
Processing Block size=25
begin cleaner{left: ("[FunctionalDependency:(s: {ZipCode}, t: {EmergencyService})]", 0.0), operator: *, right: (1.0, 1.0), result: 0.0}
列 'p' 不存在，对列 EmergencyService 不过滤，直接选择所有非无效值。
clean_bool length:7
newest best op: Uniop(df,'EmergencyService','yes',(['ZipCode'], {('35058.0',)}),{left: ("[FunctionalDependency:(s: {ZipCode}, t: {EmergencyService})]", 0.0), operator: *, right: (1.0, 1.0), result: 0.0})
now error: 0.0
Block processing time: 0.19269 seconds
Computing Block 3 out of 58
Processing Block size=25
begin cleaner{left: ("[FunctionalDependency:(s: {ZipCode}, t: {EmergencyService})]", 0.0), operator: *, right: (1.0, 1.0), result: 0.0}
列 'p' 不存在，对列 EmergencyService 不过滤，直接选择所有非无效值。
clean_bool length:6
newest best op: Uniop(df,'EmergencyService','$yes',(['ZipCode'], {('36302.0',)}),{left: ("[FunctionalDependency:(s: {ZipCode}, t: {EmergencyService})]", 0.0), operator: *, right: (1.0, 1.0), result: 0.0})
now error: 0.0
newest best op: Uniop(df,'EmergencyService','yes',(['ZipCode'], {('36302.0',)}),{left: ("[FunctionalDependency:(s: {ZipCode}, t: {EmergencyService})]", 0.0), operator: *, right: (1.0, 1.0), result: 0.0})
now error: 0.0
Block processing time: 0.164462 seconds
Computing Block 4 out of 58
Processing Block size=25
begin cleaner{left: ("[FunctionalDependency:(s: {ZipCode}, t: {EmergencyService})]", 0.0), operator: *, right: (1.0, 1.0), result: 0.0}
列 'p' 不存在，对列 EmergencyService 不过滤，直接选择所有非无效值。
clean_bool length:7
newest best op: Uniop(df,'EmergencyService','n@@o',(['ZipCode'], {('36467.0',)}),{left: ("[FunctionalDependency:(s: {ZipCode}, t: {EmergencyService})]", 0.0), operator: *, right: (1.0, 1.0), result: 0.0})
now error: 0.0
newest best op: Uniop(df,'EmergencyService','n$o',(['ZipCode'], {('36467.0',)}),{left: ("[FunctionalDependency:(s: {ZipCode}, t: {EmergencyService})]", 0.0), operator: *, right: (1.0, 1.0), result: 0.0})
now error: 0.0
newest best op: Uniop(df,'EmergencyService','no',(['ZipCode'], {('36467.0',)}),{left: ("[FunctionalDependency:(s: {ZipCode}, t: {EmergencyService})]", 0.0), operator: *, right: (1.0, 1.0), result: 0.0})
now error: 0.0
Block processing time: 0.191896 seconds
Computing Block 5 out of 58
Processing Block size=17
begin cleaner{left: ("[FunctionalDependency:(s: {ZipCode}, t: {EmergencyService})]", 0.0), operator: *, right: (1.0, 1.0), result: 0.0}
列 'p' 不存在，对列 EmergencyService 不过滤，直接选择所有非无效值。
clean_bool length:2
newest best op: Uniop(df,'EmergencyService','yes',(['ZipCode'], {('36305.0',)}),{left: ("[FunctionalDependency:(s: {ZipCode}, t: {EmergencyService})]", 0.0), operator: *, right: (1.0, 1.0), result: 0.0})
now error: 0.0
Block processing time: 0.039379 seconds
Computing Block 6 out of 58
Processing Block size=2
begin cleaner{left: ("[FunctionalDependency:(s: {ZipCode}, t: {EmergencyService})]", 0.0), operator: *, right: (1.0, 1.0), result: 0.0}
列 'p' 不存在，对列 EmergencyService 不过滤，直接选择所有非无效值。
Block processing time: 0.002574 seconds
Computing Block 7 out of 58
Processing Block size=13
begin cleaner{left: ("[FunctionalDependency:(s: {ZipCode}, t: {EmergencyService})]", 0.0), operator: *, right: (1.0, 1.0), result: 0.0}
列 'p' 不存在，对列 EmergencyService 不过滤，直接选择所有非无效值。
clean_bool length:5
newest best op: Uniop(df,'EmergencyService','yes',(['ZipCode'], {('36617.0',)}),{left: ("[FunctionalDependency:(s: {ZipCode}, t: {EmergencyService})]", 0.0), operator: *, right: (1.0, 1.0), result: 0.0})
now error: 0.0
Block processing time: 0.072752 seconds
Computing Block 8 out of 58
Processing Block size=20
begin cleaner{left: ("[FunctionalDependency:(s: {ZipCode}, t: {EmergencyService})]", 0.0), operator: *, right: (1.0, 1.0), result: 0.0}
列 'p' 不存在，对列 EmergencyService 不过滤，直接选择所有非无效值。
clean_bool length:3
newest best op: Uniop(df,'EmergencyService','??yes$',(['ZipCode'], {('36067.0',)}),{left: ("[FunctionalDependency:(s: {ZipCode}, t: {EmergencyService})]", 0.0), operator: *, right: (1.0, 1.0), result: 0.0})
now error: 0.0
newest best op: Uniop(df,'EmergencyService','yes',(['ZipCode'], {('36067.0',)}),{left: ("[FunctionalDependency:(s: {ZipCode}, t: {EmergencyService})]", 0.0), operator: *, right: (1.0, 1.0), result: 0.0})
now error: 0.0
Block processing time: 0.067414 seconds
Computing Block 9 out of 58
Processing Block size=24
begin cleaner{left: ("[FunctionalDependency:(s: {ZipCode}, t: {EmergencyService})]", 0.0), operator: *, right: (1.0, 1.0), result: 0.0}
列 'p' 不存在，对列 EmergencyService 不过滤，直接选择所有非无效值。
clean_bool length:6
newest best op: Uniop(df,'EmergencyService','yes',(['ZipCode'], {('35570.0',)}),{left: ("[FunctionalDependency:(s: {ZipCode}, t: {EmergencyService})]", 0.0), operator: *, right: (1.0, 1.0), result: 0.0})
now error: 0.0
Block processing time: 0.158101 seconds
Computing Block 10 out of 58
Processing Block size=25
begin cleaner{left: ("[FunctionalDependency:(s: {ZipCode}, t: {EmergencyService})]", 0.0), operator: *, right: (1.0, 1.0), result: 0.0}
列 'p' 不存在，对列 EmergencyService 不过滤，直接选择所有非无效值。
clean_bool length:8
newest best op: Uniop(df,'EmergencyService','yes',(['ZipCode'], {('36784.0',)}),{left: ("[FunctionalDependency:(s: {ZipCode}, t: {EmergencyService})]", 0.0), operator: *, right: (1.0, 1.0), result: 0.0})
now error: 0.0
Block processing time: 0.218886 seconds
Computing Block 12 out of 58
Processing Block size=25
begin cleaner{left: ("[FunctionalDependency:(s: {ZipCode}, t: {EmergencyService})]", 0.0), operator: *, right: (1.0, 1.0), result: 0.0}
列 'p' 不存在，对列 EmergencyService 不过滤，直接选择所有非无效值。
clean_bool length:7
newest best op: Uniop(df,'EmergencyService','yes#%',(['ZipCode'], {('35903.0',)}),{left: ("[FunctionalDependency:(s: {ZipCode}, t: {EmergencyService})]", 0.0), operator: *, right: (1.0, 1.0), result: 0.0})
now error: 0.0
newest best op: Uniop(df,'EmergencyService','yes',(['ZipCode'], {('35903.0',)}),{left: ("[FunctionalDependency:(s: {ZipCode}, t: {EmergencyService})]", 0.0), operator: *, right: (1.0, 1.0), result: 0.0})
now error: 0.0
Block processing time: 0.192701 seconds
Computing Block 15 out of 58
Processing Block size=24
begin cleaner{left: ("[FunctionalDependency:(s: {ZipCode}, t: {EmergencyService})]", 0.0), operator: *, right: (1.0, 1.0), result: 0.0}
列 'p' 不存在，对列 EmergencyService 不过滤，直接选择所有非无效值。
clean_bool length:8
newest best op: Uniop(df,'EmergencyService','yes',(['ZipCode'], {('35640.0',)}),{left: ("[FunctionalDependency:(s: {ZipCode}, t: {EmergencyService})]", 0.0), operator: *, right: (1.0, 1.0), result: 0.0})
now error: 0.0
Block processing time: 0.210966 seconds
Computing Block 17 out of 58
Processing Block size=24
begin cleaner{left: ("[FunctionalDependency:(s: {ZipCode}, t: {EmergencyService})]", 0.0), operator: *, right: (1.0, 1.0), result: 0.0}
列 'p' 不存在，对列 EmergencyService 不过滤，直接选择所有非无效值。
clean_bool length:7
newest best op: Uniop(df,'EmergencyService','yes',(['ZipCode'], {('35960.0',)}),{left: ("[FunctionalDependency:(s: {ZipCode}, t: {EmergencyService})]", 0.0), operator: *, right: (1.0, 1.0), result: 0.0})
now error: 0.0
Block processing time: 0.185488 seconds
Computing Block 18 out of 58
Processing Block size=18
begin cleaner{left: ("[FunctionalDependency:(s: {ZipCode}, t: {EmergencyService})]", 0.0), operator: *, right: (1.0, 1.0), result: 0.0}
列 'p' 不存在，对列 EmergencyService 不过滤，直接选择所有非无效值。
clean_bool length:3
newest best op: Uniop(df,'EmergencyService','yes',(['ZipCode'], {('99508.0',)}),{left: ("[FunctionalDependency:(s: {ZipCode}, t: {EmergencyService})]", 0.0), operator: *, right: (1.0, 1.0), result: 0.0})
now error: 0.0
Block processing time: 0.060615 seconds
Computing Block 19 out of 58
Processing Block size=50
begin cleaner{left: ("[FunctionalDependency:(s: {ZipCode}, t: {EmergencyService})]", 0.0), operator: *, right: (1.0, 1.0), result: 0.0}
列 'p' 不存在，对列 EmergencyService 不过滤，直接选择所有非无效值。
clean_bool length:6
newest best op: Uniop(df,'EmergencyService','$yes',(['ZipCode'], {('35233.0',)}),{left: ("[FunctionalDependency:(s: {ZipCode}, t: {EmergencyService})]", 0.0), operator: *, right: (1.0, 1.0), result: 0.0})
now error: 0.0
newest best op: Uniop(df,'EmergencyService','yes',(['ZipCode'], {('35233.0',)}),{left: ("[FunctionalDependency:(s: {ZipCode}, t: {EmergencyService})]", 0.0), operator: *, right: (1.0, 1.0), result: 0.0})
now error: 0.0
Block processing time: 0.328355 seconds
Computing Block 20 out of 58
Processing Block size=23
begin cleaner{left: ("[FunctionalDependency:(s: {ZipCode}, t: {EmergencyService})]", 0.0), operator: *, right: (1.0, 1.0), result: 0.0}
列 'p' 不存在，对列 EmergencyService 不过滤，直接选择所有非无效值。
clean_bool length:8
newest best op: Uniop(df,'EmergencyService','@@no??',(['ZipCode'], {('36078.0',)}),{left: ("[FunctionalDependency:(s: {ZipCode}, t: {EmergencyService})]", 0.0), operator: *, right: (1.0, 1.0), result: 0.0})
now error: 0.0
newest best op: Uniop(df,'EmergencyService','%n%o',(['ZipCode'], {('36078.0',)}),{left: ("[FunctionalDependency:(s: {ZipCode}, t: {EmergencyService})]", 0.0), operator: *, right: (1.0, 1.0), result: 0.0})
now error: 0.0
newest best op: Uniop(df,'EmergencyService','no$',(['ZipCode'], {('36078.0',)}),{left: ("[FunctionalDependency:(s: {ZipCode}, t: {EmergencyService})]", 0.0), operator: *, right: (1.0, 1.0), result: 0.0})
now error: 0.0
newest best op: Uniop(df,'EmergencyService','no',(['ZipCode'], {('36078.0',)}),{left: ("[FunctionalDependency:(s: {ZipCode}, t: {EmergencyService})]", 0.0), operator: *, right: (1.0, 1.0), result: 0.0})
now error: 0.0
Block processing time: 0.201453 seconds
Computing Block 22 out of 58
Processing Block size=25
begin cleaner{left: ("[FunctionalDependency:(s: {ZipCode}, t: {EmergencyService})]", 0.0), operator: *, right: (1.0, 1.0), result: 0.0}
列 'p' 不存在，对列 EmergencyService 不过滤，直接选择所有非无效值。
clean_bool length:7
newest best op: Uniop(df,'EmergencyService','yes',(['ZipCode'], {('35555.0',)}),{left: ("[FunctionalDependency:(s: {ZipCode}, t: {EmergencyService})]", 0.0), operator: *, right: (1.0, 1.0), result: 0.0})
now error: 0.0
Block processing time: 0.192843 seconds
Computing Block 23 out of 58
Processing Block size=23
begin cleaner{left: ("[FunctionalDependency:(s: {ZipCode}, t: {EmergencyService})]", 0.0), operator: *, right: (1.0, 1.0), result: 0.0}
列 'p' 不存在，对列 EmergencyService 不过滤，直接选择所有非无效值。
clean_bool length:5
newest best op: Uniop(df,'EmergencyService','@@ye%s',(['ZipCode'], {('36360.0',)}),{left: ("[FunctionalDependency:(s: {ZipCode}, t: {EmergencyService})]", 0.0), operator: *, right: (1.0, 1.0), result: 0.0})
now error: 0.0
newest best op: Uniop(df,'EmergencyService','yes',(['ZipCode'], {('36360.0',)}),{left: ("[FunctionalDependency:(s: {ZipCode}, t: {EmergencyService})]", 0.0), operator: *, right: (1.0, 1.0), result: 0.0})
now error: 0.0
Block processing time: 0.127279 seconds
Computing Block 24 out of 58
Processing Block size=24
begin cleaner{left: ("[FunctionalDependency:(s: {ZipCode}, t: {EmergencyService})]", 0.0), operator: *, right: (1.0, 1.0), result: 0.0}
列 'p' 不存在，对列 EmergencyService 不过滤，直接选择所有非无效值。
clean_bool length:4
newest best op: Uniop(df,'EmergencyService','yes@@@@',(['ZipCode'], {('35045.0',)}),{left: ("[FunctionalDependency:(s: {ZipCode}, t: {EmergencyService})]", 0.0), operator: *, right: (1.0, 1.0), result: 0.0})
now error: 0.0
newest best op: Uniop(df,'EmergencyService','??#yes',(['ZipCode'], {('35045.0',)}),{left: ("[FunctionalDependency:(s: {ZipCode}, t: {EmergencyService})]", 0.0), operator: *, right: (1.0, 1.0), result: 0.0})
now error: 0.0
newest best op: Uniop(df,'EmergencyService','yes',(['ZipCode'], {('35045.0',)}),{left: ("[FunctionalDependency:(s: {ZipCode}, t: {EmergencyService})]", 0.0), operator: *, right: (1.0, 1.0), result: 0.0})
now error: 0.0
Block processing time: 0.106351 seconds
Computing Block 25 out of 58
Processing Block size=2
begin cleaner{left: ("[FunctionalDependency:(s: {ZipCode}, t: {EmergencyService})]", 0.0), operator: *, right: (1.0, 1.0), result: 0.0}
列 'p' 不存在，对列 EmergencyService 不过滤，直接选择所有非无效值。
clean_bool length:2
newest best op: Uniop(df,'EmergencyService','yes',(['ZipCode'], {('35653.0',)}),{left: ("[FunctionalDependency:(s: {ZipCode}, t: {EmergencyService})]", 0.0), operator: *, right: (1.0, 1.0), result: 0.0})
now error: 0.0
Block processing time: 0.005614 seconds
Computing Block 26 out of 58
Processing Block size=25
begin cleaner{left: ("[FunctionalDependency:(s: {ZipCode}, t: {EmergencyService})]", 0.0), operator: *, right: (1.0, 1.0), result: 0.0}
列 'p' 不存在，对列 EmergencyService 不过滤，直接选择所有非无效值。
clean_bool length:7
newest best op: Uniop(df,'EmergencyService','yes',(['ZipCode'], {('35235.0',)}),{left: ("[FunctionalDependency:(s: {ZipCode}, t: {EmergencyService})]", 0.0), operator: *, right: (1.0, 1.0), result: 0.0})
now error: 0.0
Block processing time: 0.193438 seconds
Computing Block 27 out of 58
Processing Block size=28
begin cleaner{left: ("[FunctionalDependency:(s: {ZipCode}, t: {EmergencyService})]", 0.0), operator: *, right: (1.0, 1.0), result: 0.0}
列 'p' 不存在，对列 EmergencyService 不过滤，直接选择所有非无效值。
clean_bool length:4
newest best op: Uniop(df,'EmergencyService','%yes',(['ZipCode'], {('36201.0',)}),{left: ("[FunctionalDependency:(s: {ZipCode}, t: {EmergencyService})]", 0.0), operator: *, right: (1.0, 1.0), result: 0.0})
now error: 0.0
newest best op: Uniop(df,'EmergencyService','yes',(['ZipCode'], {('36201.0',)}),{left: ("[FunctionalDependency:(s: {ZipCode}, t: {EmergencyService})]", 0.0), operator: *, right: (1.0, 1.0), result: 0.0})
now error: 0.0
Block processing time: 0.124164 seconds
Computing Block 28 out of 58
Processing Block size=25
begin cleaner{left: ("[FunctionalDependency:(s: {ZipCode}, t: {EmergencyService})]", 0.0), operator: *, right: (1.0, 1.0), result: 0.0}
列 'p' 不存在，对列 EmergencyService 不过滤，直接选择所有非无效值。
clean_bool length:6
newest best op: Uniop(df,'EmergencyService','yes',(['ZipCode'], {('36116.0',)}),{left: ("[FunctionalDependency:(s: {ZipCode}, t: {EmergencyService})]", 0.0), operator: *, right: (1.0, 1.0), result: 0.0})
now error: 0.0
Block processing time: 0.164431 seconds
Computing Block 29 out of 58
Processing Block size=24
begin cleaner{left: ("[FunctionalDependency:(s: {ZipCode}, t: {EmergencyService})]", 0.0), operator: *, right: (1.0, 1.0), result: 0.0}
列 'p' 不存在，对列 EmergencyService 不过滤，直接选择所有非无效值。
clean_bool length:4
newest best op: Uniop(df,'EmergencyService','n%o',(['ZipCode'], {('36420.0',)}),{left: ("[FunctionalDependency:(s: {ZipCode}, t: {EmergencyService})]", 0.0), operator: *, right: (1.0, 1.0), result: 0.0})
now error: 0.0
newest best op: Uniop(df,'EmergencyService','no',(['ZipCode'], {('36420.0',)}),{left: ("[FunctionalDependency:(s: {ZipCode}, t: {EmergencyService})]", 0.0), operator: *, right: (1.0, 1.0), result: 0.0})
now error: 0.0
Block processing time: 0.106106 seconds
Computing Block 30 out of 58
Processing Block size=24
begin cleaner{left: ("[FunctionalDependency:(s: {ZipCode}, t: {EmergencyService})]", 0.0), operator: *, right: (1.0, 1.0), result: 0.0}
列 'p' 不存在，对列 EmergencyService 不过滤，直接选择所有非无效值。
clean_bool length:5
newest best op: Uniop(df,'EmergencyService','yes',(['ZipCode'], {('35007.0',)}),{left: ("[FunctionalDependency:(s: {ZipCode}, t: {EmergencyService})]", 0.0), operator: *, right: (1.0, 1.0), result: 0.0})
now error: 0.0
Block processing time: 0.131764 seconds
Computing Block 32 out of 58
Processing Block size=5
begin cleaner{left: ("[FunctionalDependency:(s: {ZipCode}, t: {EmergencyService})]", 0.0), operator: *, right: (1.0, 1.0), result: 0.0}
列 'p' 不存在，对列 EmergencyService 不过滤，直接选择所有非无效值。
clean_bool length:2
newest best op: Uniop(df,'EmergencyService','yes',(['ZipCode'], {('35205.0',)}),{left: ("[FunctionalDependency:(s: {ZipCode}, t: {EmergencyService})]", 0.0), operator: *, right: (1.0, 1.0), result: 0.0})
now error: 0.0
Block processing time: 0.012203 seconds
Computing Block 34 out of 58
Processing Block size=25
begin cleaner{left: ("[FunctionalDependency:(s: {ZipCode}, t: {EmergencyService})]", 0.0), operator: *, right: (1.0, 1.0), result: 0.0}
列 'p' 不存在，对列 EmergencyService 不过滤，直接选择所有非无效值。
clean_bool length:6
newest best op: Uniop(df,'EmergencyService','$yes',(['ZipCode'], {('36049.0',)}),{left: ("[FunctionalDependency:(s: {ZipCode}, t: {EmergencyService})]", 0.0), operator: *, right: (1.0, 1.0), result: 0.0})
now error: 0.0
newest best op: Uniop(df,'EmergencyService','yes',(['ZipCode'], {('36049.0',)}),{left: ("[FunctionalDependency:(s: {ZipCode}, t: {EmergencyService})]", 0.0), operator: *, right: (1.0, 1.0), result: 0.0})
now error: 0.0
Block processing time: 0.165106 seconds
Computing Block 36 out of 58
Processing Block size=25
begin cleaner{left: ("[FunctionalDependency:(s: {ZipCode}, t: {EmergencyService})]", 0.0), operator: *, right: (1.0, 1.0), result: 0.0}
列 'p' 不存在，对列 EmergencyService 不过滤，直接选择所有非无效值。
clean_bool length:7
newest best op: Uniop(df,'EmergencyService','yes',(['ZipCode'], {('35976.0',)}),{left: ("[FunctionalDependency:(s: {ZipCode}, t: {EmergencyService})]", 0.0), operator: *, right: (1.0, 1.0), result: 0.0})
now error: 0.0
Block processing time: 0.191694 seconds
Computing Block 37 out of 58
Processing Block size=25
begin cleaner{left: ("[FunctionalDependency:(s: {ZipCode}, t: {EmergencyService})]", 0.0), operator: *, right: (1.0, 1.0), result: 0.0}
列 'p' 不存在，对列 EmergencyService 不过滤，直接选择所有非无效值。
clean_bool length:3
newest best op: Uniop(df,'EmergencyService','y#es',(['ZipCode'], {('36854.0',)}),{left: ("[FunctionalDependency:(s: {ZipCode}, t: {EmergencyService})]", 0.0), operator: *, right: (1.0, 1.0), result: 0.0})
now error: 0.0
newest best op: Uniop(df,'EmergencyService','yes',(['ZipCode'], {('36854.0',)}),{left: ("[FunctionalDependency:(s: {ZipCode}, t: {EmergencyService})]", 0.0), operator: *, right: (1.0, 1.0), result: 0.0})
now error: 0.0
Block processing time: 0.083129 seconds
Computing Block 39 out of 58
Processing Block size=24
begin cleaner{left: ("[FunctionalDependency:(s: {ZipCode}, t: {EmergencyService})]", 0.0), operator: *, right: (1.0, 1.0), result: 0.0}
列 'p' 不存在，对列 EmergencyService 不过滤，直接选择所有非无效值。
clean_bool length:6
newest best op: Uniop(df,'EmergencyService','#yes',(['ZipCode'], {('36330.0',)}),{left: ("[FunctionalDependency:(s: {ZipCode}, t: {EmergencyService})]", 0.0), operator: *, right: (1.0, 1.0), result: 0.0})
now error: 0.0
newest best op: Uniop(df,'EmergencyService','yes',(['ZipCode'], {('36330.0',)}),{left: ("[FunctionalDependency:(s: {ZipCode}, t: {EmergencyService})]", 0.0), operator: *, right: (1.0, 1.0), result: 0.0})
now error: 0.0
Block processing time: 0.158163 seconds
Computing Block 40 out of 58
Processing Block size=25
begin cleaner{left: ("[FunctionalDependency:(s: {ZipCode}, t: {EmergencyService})]", 0.0), operator: *, right: (1.0, 1.0), result: 0.0}
列 'p' 不存在，对列 EmergencyService 不过滤，直接选择所有非无效值。
clean_bool length:6
newest best op: Uniop(df,'EmergencyService','@@no',(['ZipCode'], {('36033.0',)}),{left: ("[FunctionalDependency:(s: {ZipCode}, t: {EmergencyService})]", 0.0), operator: *, right: (1.0, 1.0), result: 0.0})
now error: 0.0
newest best op: Uniop(df,'EmergencyService','#no',(['ZipCode'], {('36033.0',)}),{left: ("[FunctionalDependency:(s: {ZipCode}, t: {EmergencyService})]", 0.0), operator: *, right: (1.0, 1.0), result: 0.0})
now error: 0.0
newest best op: Uniop(df,'EmergencyService','no',(['ZipCode'], {('36033.0',)}),{left: ("[FunctionalDependency:(s: {ZipCode}, t: {EmergencyService})]", 0.0), operator: *, right: (1.0, 1.0), result: 0.0})
now error: 0.0
Block processing time: 0.165511 seconds
Computing Block 41 out of 58
Processing Block size=24
begin cleaner{left: ("[FunctionalDependency:(s: {ZipCode}, t: {EmergencyService})]", 0.0), operator: *, right: (1.0, 1.0), result: 0.0}
列 'p' 不存在，对列 EmergencyService 不过滤，直接选择所有非无效值。
clean_bool length:6
newest best op: Uniop(df,'EmergencyService','yes',(['ZipCode'], {('36323.0',)}),{left: ("[FunctionalDependency:(s: {ZipCode}, t: {EmergencyService})]", 0.0), operator: *, right: (1.0, 1.0), result: 0.0})
now error: 0.0
Block processing time: 0.157913 seconds
Computing Block 42 out of 58
Processing Block size=25
begin cleaner{left: ("[FunctionalDependency:(s: {ZipCode}, t: {EmergencyService})]", 0.0), operator: *, right: (1.0, 1.0), result: 0.0}
列 'p' 不存在，对列 EmergencyService 不过滤，直接选择所有非无效值。
clean_bool length:9
newest best op: Uniop(df,'EmergencyService','yes',(['ZipCode'], {('36801.0',)}),{left: ("[FunctionalDependency:(s: {ZipCode}, t: {EmergencyService})]", 0.0), operator: *, right: (1.0, 1.0), result: 0.0})
now error: 0.0
Block processing time: 0.245774 seconds
Computing Block 44 out of 58
Processing Block size=24
begin cleaner{left: ("[FunctionalDependency:(s: {ZipCode}, t: {EmergencyService})]", 0.0), operator: *, right: (1.0, 1.0), result: 0.0}
列 'p' 不存在，对列 EmergencyService 不过滤，直接选择所有非无效值。
clean_bool length:3
newest best op: Uniop(df,'EmergencyService','no',(['ZipCode'], {('36278.0',)}),{left: ("[FunctionalDependency:(s: {ZipCode}, t: {EmergencyService})]", 0.0), operator: *, right: (1.0, 1.0), result: 0.0})
now error: 0.0
Block processing time: 0.079757 seconds
Computing Block 45 out of 58
Processing Block size=28
begin cleaner{left: ("[FunctionalDependency:(s: {ZipCode}, t: {EmergencyService})]", 0.0), operator: *, right: (1.0, 1.0), result: 0.0}
列 'p' 不存在，对列 EmergencyService 不过滤，直接选择所有非无效值。
clean_bool length:5
newest best op: Uniop(df,'EmergencyService','yes',(['ZipCode'], {('35901.0',)}),{left: ("[FunctionalDependency:(s: {ZipCode}, t: {EmergencyService})]", 0.0), operator: *, right: (1.0, 1.0), result: 0.0})
now error: 0.0
Block processing time: 0.154726 seconds
Computing Block 47 out of 58
Processing Block size=25
begin cleaner{left: ("[FunctionalDependency:(s: {ZipCode}, t: {EmergencyService})]", 0.0), operator: *, right: (1.0, 1.0), result: 0.0}
列 'p' 不存在，对列 EmergencyService 不过滤，直接选择所有非无效值。
clean_bool length:6
newest best op: Uniop(df,'EmergencyService','%yes',(['ZipCode'], {('35631.0',)}),{left: ("[FunctionalDependency:(s: {ZipCode}, t: {EmergencyService})]", 0.0), operator: *, right: (1.0, 1.0), result: 0.0})
now error: 0.0
newest best op: Uniop(df,'EmergencyService','yes',(['ZipCode'], {('35631.0',)}),{left: ("[FunctionalDependency:(s: {ZipCode}, t: {EmergencyService})]", 0.0), operator: *, right: (1.0, 1.0), result: 0.0})
now error: 0.0
Block processing time: 0.164413 seconds
Computing Block 48 out of 58
Processing Block size=27
begin cleaner{left: ("[FunctionalDependency:(s: {ZipCode}, t: {EmergencyService})]", 0.0), operator: *, right: (1.0, 1.0), result: 0.0}
列 'p' 不存在，对列 EmergencyService 不过滤，直接选择所有非无效值。
clean_bool length:5
newest best op: Uniop(df,'EmergencyService','yes',(['ZipCode'], {('35801.0',)}),{left: ("[FunctionalDependency:(s: {ZipCode}, t: {EmergencyService})]", 0.0), operator: *, right: (1.0, 1.0), result: 0.0})
now error: 0.0
Block processing time: 0.147771 seconds
Computing Block 49 out of 58
Processing Block size=24
begin cleaner{left: ("[FunctionalDependency:(s: {ZipCode}, t: {EmergencyService})]", 0.0), operator: *, right: (1.0, 1.0), result: 0.0}
列 'p' 不存在，对列 EmergencyService 不过滤，直接选择所有非无效值。
clean_bool length:8
newest best op: Uniop(df,'EmergencyService','%yes',(['ZipCode'], {('35957.0',)}),{left: ("[FunctionalDependency:(s: {ZipCode}, t: {EmergencyService})]", 0.0), operator: *, right: (1.0, 1.0), result: 0.0})
now error: 0.0
newest best op: Uniop(df,'EmergencyService','yes',(['ZipCode'], {('35957.0',)}),{left: ("[FunctionalDependency:(s: {ZipCode}, t: {EmergencyService})]", 0.0), operator: *, right: (1.0, 1.0), result: 0.0})
now error: 0.0
Block processing time: 0.209849 seconds
Computing Block 50 out of 58
Processing Block size=20
begin cleaner{left: ("[FunctionalDependency:(s: {ZipCode}, t: {EmergencyService})]", 0.0), operator: *, right: (1.0, 1.0), result: 0.0}
列 'p' 不存在，对列 EmergencyService 不过滤，直接选择所有非无效值。
clean_bool length:3
newest best op: Uniop(df,'EmergencyService','@@ye#s',(['ZipCode'], {('35121.0',)}),{left: ("[FunctionalDependency:(s: {ZipCode}, t: {EmergencyService})]", 0.0), operator: *, right: (1.0, 1.0), result: 0.0})
now error: 0.0
newest best op: Uniop(df,'EmergencyService','yes',(['ZipCode'], {('35121.0',)}),{left: ("[FunctionalDependency:(s: {ZipCode}, t: {EmergencyService})]", 0.0), operator: *, right: (1.0, 1.0), result: 0.0})
now error: 0.0
Block processing time: 0.066904 seconds
Computing Block 51 out of 58
Processing Block size=18
begin cleaner{left: ("[FunctionalDependency:(s: {ZipCode}, t: {EmergencyService})]", 0.0), operator: *, right: (1.0, 1.0), result: 0.0}
列 'p' 不存在，对列 EmergencyService 不过滤，直接选择所有非无效值。
clean_bool length:4
newest best op: Uniop(df,'EmergencyService','$no',(['ZipCode'], {('35150.0',)}),{left: ("[FunctionalDependency:(s: {ZipCode}, t: {EmergencyService})]", 0.0), operator: *, right: (1.0, 1.0), result: 0.0})
now error: 0.0
newest best op: Uniop(df,'EmergencyService','no',(['ZipCode'], {('35150.0',)}),{left: ("[FunctionalDependency:(s: {ZipCode}, t: {EmergencyService})]", 0.0), operator: *, right: (1.0, 1.0), result: 0.0})
now error: 0.0
Block processing time: 0.080003 seconds
Computing Block 54 out of 58
Processing Block size=24
begin cleaner{left: ("[FunctionalDependency:(s: {ZipCode}, t: {EmergencyService})]", 0.0), operator: *, right: (1.0, 1.0), result: 0.0}
列 'p' 不存在，对列 EmergencyService 不过滤，直接选择所有非无效值。
clean_bool length:6
newest best op: Uniop(df,'EmergencyService','yes',(['ZipCode'], {('36106.0',)}),{left: ("[FunctionalDependency:(s: {ZipCode}, t: {EmergencyService})]", 0.0), operator: *, right: (1.0, 1.0), result: 0.0})
now error: 0.0
Block processing time: 0.15805 seconds
Computing Block 56 out of 58
Processing Block size=25
begin cleaner{left: ("[FunctionalDependency:(s: {ZipCode}, t: {EmergencyService})]", 0.0), operator: *, right: (1.0, 1.0), result: 0.0}
列 'p' 不存在，对列 EmergencyService 不过滤，直接选择所有非无效值。
clean_bool length:3
newest best op: Uniop(df,'EmergencyService','yes',(['ZipCode'], {('35968.0',)}),{left: ("[FunctionalDependency:(s: {ZipCode}, t: {EmergencyService})]", 0.0), operator: *, right: (1.0, 1.0), result: 0.0})
now error: 0.0
Block processing time: 0.083271 seconds
Computing Block 57 out of 58
Processing Block size=23
begin cleaner{left: ("[FunctionalDependency:(s: {ZipCode}, t: {EmergencyService})]", 0.0), operator: *, right: (1.0, 1.0), result: 0.0}
列 'p' 不存在，对列 EmergencyService 不过滤，直接选择所有非无效值。
clean_bool length:5
newest best op: Uniop(df,'EmergencyService','yes',(['ZipCode'], {('35660.0',)}),{left: ("[FunctionalDependency:(s: {ZipCode}, t: {EmergencyService})]", 0.0), operator: *, right: (1.0, 1.0), result: 0.0})
now error: 0.0
Block processing time: 0.127393 seconds
  当前节点: EmergencyService 有 42 个清洗操作
  当前节点: State 存在可用清洗信号
数据块大小: 1000
分块属性:
[['HospitalOwner', 'PhoneNumber', 'HospitalName']]
Starting initial block mapping...
Initial number of blocks: 101
Final number of blocks after further splitting: 101
Computing Block 2 out of 101
Processing Block size=23
begin cleaner[FunctionalDependency:(s: {'HospitalOwner', 'PhoneNumber', 'HospitalName'}, t: {'State'})]*1.0
列 'p' 不存在，对列 State 不过滤，直接选择所有非无效值。
clean_bool length:3
newest best op: Uniop(df,'State','al',(['HospitalOwner', 'PhoneNumber', 'HospitalName'], {('voluntary non-profit - private', '3342938000.0', 'jackson hospital & clinic inc')}),{left: ("[FunctionalDependency:(s: {HospitalOwner, PhoneNumber, HospitalName}, t: {State})]", 0.0), operator: *, right: (1.0, 1.0), result: 0.0})
now error: 0.0
Block processing time: 0.083523 seconds
Computing Block 6 out of 101
Processing Block size=26
begin cleaner{left: ("[FunctionalDependency:(s: {HospitalOwner, PhoneNumber, HospitalName}, t: {State})]", 0.0), operator: *, right: (1.0, 1.0), result: 0.0}
列 'p' 不存在，对列 State 不过滤，直接选择所有非无效值。
clean_bool length:7
newest best op: Uniop(df,'State','%al$',(['HospitalOwner', 'PhoneNumber', 'HospitalName'], {('proprietary', '2565435200.0', 'riverview regional medical center')}),{left: ("[FunctionalDependency:(s: {HospitalOwner, PhoneNumber, HospitalName}, t: {State})]", 0.0), operator: *, right: (1.0, 1.0), result: 0.0})
now error: 0.0
newest best op: Uniop(df,'State','al',(['HospitalOwner', 'PhoneNumber', 'HospitalName'], {('proprietary', '2565435200.0', 'riverview regional medical center')}),{left: ("[FunctionalDependency:(s: {HospitalOwner, PhoneNumber, HospitalName}, t: {State})]", 0.0), operator: *, right: (1.0, 1.0), result: 0.0})
now error: 0.0
Block processing time: 0.218134 seconds
Computing Block 8 out of 101
Processing Block size=25
begin cleaner{left: ("[FunctionalDependency:(s: {HospitalOwner, PhoneNumber, HospitalName}, t: {State})]", 0.0), operator: *, right: (1.0, 1.0), result: 0.0}
列 'p' 不存在，对列 State 不过滤，直接选择所有非无效值。
clean_bool length:6
newest best op: Uniop(df,'State','%#al',(['HospitalOwner', 'PhoneNumber', 'HospitalName'], {('voluntary non-profit - other', '2059325966.0', 'fayette medical center')}),{left: ("[FunctionalDependency:(s: {HospitalOwner, PhoneNumber, HospitalName}, t: {State})]", 0.0), operator: *, right: (1.0, 1.0), result: 0.0})
now error: 0.0
newest best op: Uniop(df,'State','al',(['HospitalOwner', 'PhoneNumber', 'HospitalName'], {('voluntary non-profit - other', '2059325966.0', 'fayette medical center')}),{left: ("[FunctionalDependency:(s: {HospitalOwner, PhoneNumber, HospitalName}, t: {State})]", 0.0), operator: *, right: (1.0, 1.0), result: 0.0})
now error: 0.0
Block processing time: 0.180807 seconds
Computing Block 9 out of 101
Processing Block size=22
begin cleaner{left: ("[FunctionalDependency:(s: {HospitalOwner, PhoneNumber, HospitalName}, t: {State})]", 0.0), operator: *, right: (1.0, 1.0), result: 0.0}
列 'p' 不存在，对列 State 不过滤，直接选择所有非无效值。
clean_bool length:9
newest best op: Uniop(df,'State','??al??',(['HospitalOwner', 'PhoneNumber', 'HospitalName'], {('government - hospital district or authority', '3347938701.0', 'southeast alabama medical center')}),{left: ("[FunctionalDependency:(s: {HospitalOwner, PhoneNumber, HospitalName}, t: {State})]", 0.0), operator: *, right: (1.0, 1.0), result: 0.0})
now error: 0.0
newest best op: Uniop(df,'State','??#al',(['HospitalOwner', 'PhoneNumber', 'HospitalName'], {('government - hospital district or authority', '3347938701.0', 'southeast alabama medical center')}),{left: ("[FunctionalDependency:(s: {HospitalOwner, PhoneNumber, HospitalName}, t: {State})]", 0.0), operator: *, right: (1.0, 1.0), result: 0.0})
now error: 0.0
newest best op: Uniop(df,'State','al',(['HospitalOwner', 'PhoneNumber', 'HospitalName'], {('government - hospital district or authority', '3347938701.0', 'southeast alabama medical center')}),{left: ("[FunctionalDependency:(s: {HospitalOwner, PhoneNumber, HospitalName}, t: {State})]", 0.0), operator: *, right: (1.0, 1.0), result: 0.0})
now error: 0.0
Block processing time: 0.237942 seconds
Computing Block 13 out of 101
Processing Block size=24
begin cleaner{left: ("[FunctionalDependency:(s: {HospitalOwner, PhoneNumber, HospitalName}, t: {State})]", 0.0), operator: *, right: (1.0, 1.0), result: 0.0}
列 'p' 不存在，对列 State 不过滤，直接选择所有非无效值。
clean_bool length:3
newest best op: Uniop(df,'State','$%al',(['HospitalOwner', 'PhoneNumber', 'HospitalName'], {('government - local', '2563572111.0', 'wedowee hospital')}),{left: ("[FunctionalDependency:(s: {HospitalOwner, PhoneNumber, HospitalName}, t: {State})]", 0.0), operator: *, right: (1.0, 1.0), result: 0.0})
now error: 0.0
newest best op: Uniop(df,'State','al',(['HospitalOwner', 'PhoneNumber', 'HospitalName'], {('government - local', '2563572111.0', 'wedowee hospital')}),{left: ("[FunctionalDependency:(s: {HospitalOwner, PhoneNumber, HospitalName}, t: {State})]", 0.0), operator: *, right: (1.0, 1.0), result: 0.0})
now error: 0.0
Block processing time: 0.08652 seconds
Computing Block 14 out of 101
Processing Block size=22
begin cleaner{left: ("[FunctionalDependency:(s: {HospitalOwner, PhoneNumber, HospitalName}, t: {State})]", 0.0), operator: *, right: (1.0, 1.0), result: 0.0}
列 'p' 不存在，对列 State 不过滤，直接选择所有非无效值。
clean_bool length:2
newest best op: Uniop(df,'State','al',(['HospitalOwner', 'PhoneNumber', 'HospitalName'], {('government - hospital district or authority', '2565718000.0', 'marshall medical center north')}),{left: ("[FunctionalDependency:(s: {HospitalOwner, PhoneNumber, HospitalName}, t: {State})]", 0.0), operator: *, right: (1.0, 1.0), result: 0.0})
now error: 0.0
Block processing time: 0.053237 seconds
Computing Block 15 out of 101
Processing Block size=23
begin cleaner{left: ("[FunctionalDependency:(s: {HospitalOwner, PhoneNumber, HospitalName}, t: {State})]", 0.0), operator: *, right: (1.0, 1.0), result: 0.0}
列 'p' 不存在，对列 State 不过滤，直接选择所有非无效值。
clean_bool length:6
newest best op: Uniop(df,'State','a#l',(['HospitalOwner', 'PhoneNumber', 'HospitalName'], {('voluntary non-profit - private', '2057552500.0', 'chilton medical center')}),{left: ("[FunctionalDependency:(s: {HospitalOwner, PhoneNumber, HospitalName}, t: {State})]", 0.0), operator: *, right: (1.0, 1.0), result: 0.0})
now error: 0.0
newest best op: Uniop(df,'State','al',(['HospitalOwner', 'PhoneNumber', 'HospitalName'], {('voluntary non-profit - private', '2057552500.0', 'chilton medical center')}),{left: ("[FunctionalDependency:(s: {HospitalOwner, PhoneNumber, HospitalName}, t: {State})]", 0.0), operator: *, right: (1.0, 1.0), result: 0.0})
now error: 0.0
Block processing time: 0.166832 seconds
Computing Block 16 out of 101
Processing Block size=24
begin cleaner{left: ("[FunctionalDependency:(s: {HospitalOwner, PhoneNumber, HospitalName}, t: {State})]", 0.0), operator: *, right: (1.0, 1.0), result: 0.0}
列 'p' 不存在，对列 State 不过滤，直接选择所有非无效值。
clean_bool length:4
newest best op: Uniop(df,'State','al#',(['HospitalOwner', 'PhoneNumber', 'HospitalName'], {('government - hospital district or authority', '2565938310.0', 'marshall medical center south')}),{left: ("[FunctionalDependency:(s: {HospitalOwner, PhoneNumber, HospitalName}, t: {State})]", 0.0), operator: *, right: (1.0, 1.0), result: 0.0})
now error: 0.0
newest best op: Uniop(df,'State','al',(['HospitalOwner', 'PhoneNumber', 'HospitalName'], {('government - hospital district or authority', '2565938310.0', 'marshall medical center south')}),{left: ("[FunctionalDependency:(s: {HospitalOwner, PhoneNumber, HospitalName}, t: {State})]", 0.0), operator: *, right: (1.0, 1.0), result: 0.0})
now error: 0.0
Block processing time: 0.115019 seconds
Computing Block 19 out of 101
Processing Block size=25
begin cleaner{left: ("[FunctionalDependency:(s: {HospitalOwner, PhoneNumber, HospitalName}, t: {State})]", 0.0), operator: *, right: (1.0, 1.0), result: 0.0}
列 'p' 不存在，对列 State 不过滤，直接选择所有非无效值。
clean_bool length:4
newest best op: Uniop(df,'State','$al#',(['HospitalOwner', 'PhoneNumber', 'HospitalName'], {('voluntary non-profit - church', '2568453150.0', 'dekalb regional medical center')}),{left: ("[FunctionalDependency:(s: {HospitalOwner, PhoneNumber, HospitalName}, t: {State})]", 0.0), operator: *, right: (1.0, 1.0), result: 0.0})
now error: 0.0
newest best op: Uniop(df,'State','al',(['HospitalOwner', 'PhoneNumber', 'HospitalName'], {('voluntary non-profit - church', '2568453150.0', 'dekalb regional medical center')}),{left: ("[FunctionalDependency:(s: {HospitalOwner, PhoneNumber, HospitalName}, t: {State})]", 0.0), operator: *, right: (1.0, 1.0), result: 0.0})
now error: 0.0
Block processing time: 0.119623 seconds
Computing Block 22 out of 101
Processing Block size=25
begin cleaner{left: ("[FunctionalDependency:(s: {HospitalOwner, PhoneNumber, HospitalName}, t: {State})]", 0.0), operator: *, right: (1.0, 1.0), result: 0.0}
列 'p' 不存在，对列 State 不过滤，直接选择所有非无效值。
clean_bool length:5
newest best op: Uniop(df,'State','al',(['HospitalOwner', 'PhoneNumber', 'HospitalName'], {('government - federal', '3346366221.0', 'southwest alabama medical center')}),{left: ("[FunctionalDependency:(s: {HospitalOwner, PhoneNumber, HospitalName}, t: {State})]", 0.0), operator: *, right: (1.0, 1.0), result: 0.0})
now error: 0.0
Block processing time: 0.149512 seconds
Computing Block 24 out of 101
Processing Block size=23
begin cleaner{left: ("[FunctionalDependency:(s: {HospitalOwner, PhoneNumber, HospitalName}, t: {State})]", 0.0), operator: *, right: (1.0, 1.0), result: 0.0}
列 'p' 不存在，对列 State 不过滤，直接选择所有非无效值。
clean_bool length:5
newest best op: Uniop(df,'State','#al%',(['HospitalOwner', 'PhoneNumber', 'HospitalName'], {('voluntary non-profit - private', '2053258100.0', 'callahan eye foundation hospital')}),{left: ("[FunctionalDependency:(s: {HospitalOwner, PhoneNumber, HospitalName}, t: {State})]", 0.0), operator: *, right: (1.0, 1.0), result: 0.0})
now error: 0.0
newest best op: Uniop(df,'State','al',(['HospitalOwner', 'PhoneNumber', 'HospitalName'], {('voluntary non-profit - private', '2053258100.0', 'callahan eye foundation hospital')}),{left: ("[FunctionalDependency:(s: {HospitalOwner, PhoneNumber, HospitalName}, t: {State})]", 0.0), operator: *, right: (1.0, 1.0), result: 0.0})
now error: 0.0
Block processing time: 0.137909 seconds
Computing Block 26 out of 101
Processing Block size=24
begin cleaner{left: ("[FunctionalDependency:(s: {HospitalOwner, PhoneNumber, HospitalName}, t: {State})]", 0.0), operator: *, right: (1.0, 1.0), result: 0.0}
列 'p' 不存在，对列 State 不过滤，直接选择所有非无效值。
clean_bool length:2
newest best op: Uniop(df,'State','al',(['HospitalOwner', 'PhoneNumber', 'HospitalName'], {('government - hospital district or authority', '3347493411.0', 'east alabama medical center and snf')}),{left: ("[FunctionalDependency:(s: {HospitalOwner, PhoneNumber, HospitalName}, t: {State})]", 0.0), operator: *, right: (1.0, 1.0), result: 0.0})
now error: 0.0
Block processing time: 0.057838 seconds
Computing Block 27 out of 101
Processing Block size=28
begin cleaner{left: ("[FunctionalDependency:(s: {HospitalOwner, PhoneNumber, HospitalName}, t: {State})]", 0.0), operator: *, right: (1.0, 1.0), result: 0.0}
列 'p' 不存在，对列 State 不过滤，直接选择所有非无效值。
clean_bool length:8
newest best op: Uniop(df,'State','$#al',(['HospitalOwner', 'PhoneNumber', 'HospitalName'], {('proprietary', '2562358900.0', 'stringfellow memorial hospital')}),{left: ("[FunctionalDependency:(s: {HospitalOwner, PhoneNumber, HospitalName}, t: {State})]", 0.0), operator: *, right: (1.0, 1.0), result: 0.0})
now error: 0.0
newest best op: Uniop(df,'State','al',(['HospitalOwner', 'PhoneNumber', 'HospitalName'], {('proprietary', '2562358900.0', 'stringfellow memorial hospital')}),{left: ("[FunctionalDependency:(s: {HospitalOwner, PhoneNumber, HospitalName}, t: {State})]", 0.0), operator: *, right: (1.0, 1.0), result: 0.0})
now error: 0.0
Block processing time: 0.268008 seconds
Computing Block 28 out of 101
Processing Block size=2
begin cleaner{left: ("[FunctionalDependency:(s: {HospitalOwner, PhoneNumber, HospitalName}, t: {State})]", 0.0), operator: *, right: (1.0, 1.0), result: 0.0}
列 'p' 不存在，对列 State 不过滤，直接选择所有非无效值。
clean_bool length:2
newest best op: Uniop(df,'State','al',(['HospitalOwner', 'PhoneNumber', 'HospitalName'], {('proprietary', '2563321611.0', 'russellville hospital')}),{left: ("[FunctionalDependency:(s: {HospitalOwner, PhoneNumber, HospitalName}, t: {State})]", 0.0), operator: *, right: (1.0, 1.0), result: 0.0})
now error: 0.0
Block processing time: 0.006025 seconds
Computing Block 29 out of 101
Processing Block size=25
begin cleaner{left: ("[FunctionalDependency:(s: {HospitalOwner, PhoneNumber, HospitalName}, t: {State})]", 0.0), operator: *, right: (1.0, 1.0), result: 0.0}
列 'p' 不存在，对列 State 不过滤，直接选择所有非无效值。
clean_bool length:6
newest best op: Uniop(df,'State','al',(['HospitalOwner', 'PhoneNumber', 'HospitalName'], {('voluntary non-profit - church', '3342882100.0', 'baptist medical center south')}),{left: ("[FunctionalDependency:(s: {HospitalOwner, PhoneNumber, HospitalName}, t: {State})]", 0.0), operator: *, right: (1.0, 1.0), result: 0.0})
now error: 0.0
Block processing time: 0.180016 seconds
Computing Block 31 out of 101
Processing Block size=24
begin cleaner{left: ("[FunctionalDependency:(s: {HospitalOwner, PhoneNumber, HospitalName}, t: {State})]", 0.0), operator: *, right: (1.0, 1.0), result: 0.0}
列 'p' 不存在，对列 State 不过滤，直接选择所有非无效值。
clean_bool length:5
newest best op: Uniop(df,'State','%#al',(['HospitalOwner', 'PhoneNumber', 'HospitalName'], {('voluntary non-profit - other', '2567688400.0', 'eliza coffee memorial hospital')}),{left: ("[FunctionalDependency:(s: {HospitalOwner, PhoneNumber, HospitalName}, t: {State})]", 0.0), operator: *, right: (1.0, 1.0), result: 0.0})
now error: 0.0
newest best op: Uniop(df,'State','al',(['HospitalOwner', 'PhoneNumber', 'HospitalName'], {('voluntary non-profit - other', '2567688400.0', 'eliza coffee memorial hospital')}),{left: ("[FunctionalDependency:(s: {HospitalOwner, PhoneNumber, HospitalName}, t: {State})]", 0.0), operator: *, right: (1.0, 1.0), result: 0.0})
now error: 0.0
Block processing time: 0.145315 seconds
Computing Block 40 out of 101
Processing Block size=2
begin cleaner{left: ("[FunctionalDependency:(s: {HospitalOwner, PhoneNumber, HospitalName}, t: {State})]", 0.0), operator: *, right: (1.0, 1.0), result: 0.0}
列 'p' 不存在，对列 State 不过滤，直接选择所有非无效值。
clean_bool length:2
newest best op: Uniop(df,'State','ak',(['HospitalOwner', 'PhoneNumber', 'HospitalName'], {('government - federal', '9075436300.0', 'yukon kuskokwim delta reg hospital')}),{left: ("[FunctionalDependency:(s: {HospitalOwner, PhoneNumber, HospitalName}, t: {State})]", 0.0), operator: *, right: (1.0, 1.0), result: 0.0})
now error: 0.0
Block processing time: 0.006144 seconds
Computing Block 44 out of 101
Processing Block size=2
begin cleaner{left: ("[FunctionalDependency:(s: {HospitalOwner, PhoneNumber, HospitalName}, t: {State})]", 0.0), operator: *, right: (1.0, 1.0), result: 0.0}
列 'p' 不存在，对列 State 不过滤，直接选择所有非无效值。
Block processing time: 0.002671 seconds
Computing Block 45 out of 101
Processing Block size=19
begin cleaner{left: ("[FunctionalDependency:(s: {HospitalOwner, PhoneNumber, HospitalName}, t: {State})]", 0.0), operator: *, right: (1.0, 1.0), result: 0.0}
列 'p' 不存在，对列 State 不过滤，直接选择所有非无效值。
clean_bool length:3
newest best op: Uniop(df,'State','al#',(['HospitalOwner', 'PhoneNumber', 'HospitalName'], {('voluntary non-profit - private', '2052743000.0', 'st vincents blount')}),{left: ("[FunctionalDependency:(s: {HospitalOwner, PhoneNumber, HospitalName}, t: {State})]", 0.0), operator: *, right: (1.0, 1.0), result: 0.0})
now error: 0.0
newest best op: Uniop(df,'State','al',(['HospitalOwner', 'PhoneNumber', 'HospitalName'], {('voluntary non-profit - private', '2052743000.0', 'st vincents blount')}),{left: ("[FunctionalDependency:(s: {HospitalOwner, PhoneNumber, HospitalName}, t: {State})]", 0.0), operator: *, right: (1.0, 1.0), result: 0.0})
now error: 0.0
Block processing time: 0.069594 seconds
Computing Block 47 out of 101
Processing Block size=24
begin cleaner{left: ("[FunctionalDependency:(s: {HospitalOwner, PhoneNumber, HospitalName}, t: {State})]", 0.0), operator: *, right: (1.0, 1.0), result: 0.0}
列 'p' 不存在，对列 State 不过滤，直接选择所有非无效值。
clean_bool length:6
newest best op: Uniop(df,'State','al',(['HospitalOwner', 'PhoneNumber', 'HospitalName'], {('proprietary', '2567736511.0', 'hartselle medical center')}),{left: ("[FunctionalDependency:(s: {HospitalOwner, PhoneNumber, HospitalName}, t: {State})]", 0.0), operator: *, right: (1.0, 1.0), result: 0.0})
now error: 0.0
Block processing time: 0.172645 seconds
Computing Block 49 out of 101
Processing Block size=16
begin cleaner{left: ("[FunctionalDependency:(s: {HospitalOwner, PhoneNumber, HospitalName}, t: {State})]", 0.0), operator: *, right: (1.0, 1.0), result: 0.0}
列 'p' 不存在，对列 State 不过滤，直接选择所有非无效值。
clean_bool length:3
newest best op: Uniop(df,'State','al',(['HospitalOwner', 'PhoneNumber', 'HospitalName'], {('proprietary', '3347935000.0', 'flowers hospital')}),{left: ("[FunctionalDependency:(s: {HospitalOwner, PhoneNumber, HospitalName}, t: {State})]", 0.0), operator: *, right: (1.0, 1.0), result: 0.0})
now error: 0.0
Block processing time: 0.058607 seconds
Computing Block 50 out of 101
Processing Block size=18
begin cleaner{left: ("[FunctionalDependency:(s: {HospitalOwner, PhoneNumber, HospitalName}, t: {State})]", 0.0), operator: *, right: (1.0, 1.0), result: 0.0}
列 'p' 不存在，对列 State 不过滤，直接选择所有非无效值。
clean_bool length:4
newest best op: Uniop(df,'State','ak$@@',(['HospitalOwner', 'PhoneNumber', 'HospitalName'], {('proprietary', '9072761131.0', 'alaska regional hospital')}),{left: ("[FunctionalDependency:(s: {HospitalOwner, PhoneNumber, HospitalName}, t: {State})]", 0.0), operator: *, right: (1.0, 1.0), result: 0.0})
now error: 0.0
newest best op: Uniop(df,'State','ak',(['HospitalOwner', 'PhoneNumber', 'HospitalName'], {('proprietary', '9072761131.0', 'alaska regional hospital')}),{left: ("[FunctionalDependency:(s: {HospitalOwner, PhoneNumber, HospitalName}, t: {State})]", 0.0), operator: *, right: (1.0, 1.0), result: 0.0})
now error: 0.0
Block processing time: 0.088302 seconds
Computing Block 51 out of 101
Processing Block size=20
begin cleaner{left: ("[FunctionalDependency:(s: {HospitalOwner, PhoneNumber, HospitalName}, t: {State})]", 0.0), operator: *, right: (1.0, 1.0), result: 0.0}
列 'p' 不存在，对列 State 不过滤，直接选择所有非无效值。
clean_bool length:6
newest best op: Uniop(df,'State','a#l',(['HospitalOwner', 'PhoneNumber', 'HospitalName'], {('proprietary', '2054877736.0', 'northwest medical center')}),{left: ("[FunctionalDependency:(s: {HospitalOwner, PhoneNumber, HospitalName}, t: {State})]", 0.0), operator: *, right: (1.0, 1.0), result: 0.0})
now error: 0.0
newest best op: Uniop(df,'State','al',(['HospitalOwner', 'PhoneNumber', 'HospitalName'], {('proprietary', '2054877736.0', 'northwest medical center')}),{left: ("[FunctionalDependency:(s: {HospitalOwner, PhoneNumber, HospitalName}, t: {State})]", 0.0), operator: *, right: (1.0, 1.0), result: 0.0})
now error: 0.0
Block processing time: 0.14498 seconds
Computing Block 52 out of 101
Processing Block size=24
begin cleaner{left: ("[FunctionalDependency:(s: {HospitalOwner, PhoneNumber, HospitalName}, t: {State})]", 0.0), operator: *, right: (1.0, 1.0), result: 0.0}
列 'p' 不存在，对列 State 不过滤，直接选择所有非无效值。
clean_bool length:7
newest best op: Uniop(df,'State','$#al',(['HospitalOwner', 'PhoneNumber', 'HospitalName'], {('voluntary non-profit - other', '3347561400.0', 'g h lanier memorial hospital')}),{left: ("[FunctionalDependency:(s: {HospitalOwner, PhoneNumber, HospitalName}, t: {State})]", 0.0), operator: *, right: (1.0, 1.0), result: 0.0})
now error: 0.0
newest best op: Uniop(df,'State','al',(['HospitalOwner', 'PhoneNumber', 'HospitalName'], {('voluntary non-profit - other', '3347561400.0', 'g h lanier memorial hospital')}),{left: ("[FunctionalDependency:(s: {HospitalOwner, PhoneNumber, HospitalName}, t: {State})]", 0.0), operator: *, right: (1.0, 1.0), result: 0.0})
now error: 0.0
Block processing time: 0.202036 seconds
Computing Block 55 out of 101
Processing Block size=24
begin cleaner{left: ("[FunctionalDependency:(s: {HospitalOwner, PhoneNumber, HospitalName}, t: {State})]", 0.0), operator: *, right: (1.0, 1.0), result: 0.0}
列 'p' 不存在，对列 State 不过滤，直接选择所有非无效值。
clean_bool length:5
newest best op: Uniop(df,'State','al',(['HospitalOwner', 'PhoneNumber', 'HospitalName'], {('proprietary', '3342228466.0', 'andalusia regional hospital')}),{left: ("[FunctionalDependency:(s: {HospitalOwner, PhoneNumber, HospitalName}, t: {State})]", 0.0), operator: *, right: (1.0, 1.0), result: 0.0})
now error: 0.0
Block processing time: 0.144622 seconds
Computing Block 57 out of 101
Processing Block size=5
begin cleaner{left: ("[FunctionalDependency:(s: {HospitalOwner, PhoneNumber, HospitalName}, t: {State})]", 0.0), operator: *, right: (1.0, 1.0), result: 0.0}
列 'p' 不存在，对列 State 不过滤，直接选择所有非无效值。
clean_bool length:3
newest best op: Uniop(df,'State','a??l',(['HospitalOwner', 'PhoneNumber', 'HospitalName'], {('voluntary non-profit - other', '2059397000.0', 'st vincents hospital')}),{left: ("[FunctionalDependency:(s: {HospitalOwner, PhoneNumber, HospitalName}, t: {State})]", 0.0), operator: *, right: (1.0, 1.0), result: 0.0})
now error: 0.0
newest best op: Uniop(df,'State','al',(['HospitalOwner', 'PhoneNumber', 'HospitalName'], {('voluntary non-profit - other', '2059397000.0', 'st vincents hospital')}),{left: ("[FunctionalDependency:(s: {HospitalOwner, PhoneNumber, HospitalName}, t: {State})]", 0.0), operator: *, right: (1.0, 1.0), result: 0.0})
now error: 0.0
Block processing time: 0.019596 seconds
Computing Block 58 out of 101
Processing Block size=25
begin cleaner{left: ("[FunctionalDependency:(s: {HospitalOwner, PhoneNumber, HospitalName}, t: {State})]", 0.0), operator: *, right: (1.0, 1.0), result: 0.0}
列 'p' 不存在，对列 State 不过滤，直接选择所有非无效值。
clean_bool length:6
newest best op: Uniop(df,'State','a????l',(['HospitalOwner', 'PhoneNumber', 'HospitalName'], {('government - federal', '3343353374.0', 'crenshaw community hospital')}),{left: ("[FunctionalDependency:(s: {HospitalOwner, PhoneNumber, HospitalName}, t: {State})]", 0.0), operator: *, right: (1.0, 1.0), result: 0.0})
now error: 0.0
newest best op: Uniop(df,'State','%a??l',(['HospitalOwner', 'PhoneNumber', 'HospitalName'], {('government - federal', '3343353374.0', 'crenshaw community hospital')}),{left: ("[FunctionalDependency:(s: {HospitalOwner, PhoneNumber, HospitalName}, t: {State})]", 0.0), operator: *, right: (1.0, 1.0), result: 0.0})
now error: 0.0
newest best op: Uniop(df,'State','al',(['HospitalOwner', 'PhoneNumber', 'HospitalName'], {('government - federal', '3343353374.0', 'crenshaw community hospital')}),{left: ("[FunctionalDependency:(s: {HospitalOwner, PhoneNumber, HospitalName}, t: {State})]", 0.0), operator: *, right: (1.0, 1.0), result: 0.0})
now error: 0.0
Block processing time: 0.205108 seconds
Computing Block 60 out of 101
Processing Block size=22
begin cleaner{left: ("[FunctionalDependency:(s: {HospitalOwner, PhoneNumber, HospitalName}, t: {State})]", 0.0), operator: *, right: (1.0, 1.0), result: 0.0}
列 'p' 不存在，对列 State 不过滤，直接选择所有非无效值。
clean_bool length:6
newest best op: Uniop(df,'State','al%#',(['HospitalOwner', 'PhoneNumber', 'HospitalName'], {('voluntary non-profit - private', '3342836541.0', 'community hospital inc')}),{left: ("[FunctionalDependency:(s: {HospitalOwner, PhoneNumber, HospitalName}, t: {State})]", 0.0), operator: *, right: (1.0, 1.0), result: 0.0})
now error: 0.0
newest best op: Uniop(df,'State','al',(['HospitalOwner', 'PhoneNumber', 'HospitalName'], {('voluntary non-profit - private', '3342836541.0', 'community hospital inc')}),{left: ("[FunctionalDependency:(s: {HospitalOwner, PhoneNumber, HospitalName}, t: {State})]", 0.0), operator: *, right: (1.0, 1.0), result: 0.0})
now error: 0.0
Block processing time: 0.163974 seconds
Computing Block 62 out of 101
Processing Block size=22
begin cleaner{left: ("[FunctionalDependency:(s: {HospitalOwner, PhoneNumber, HospitalName}, t: {State})]", 0.0), operator: *, right: (1.0, 1.0), result: 0.0}
列 'p' 不存在，对列 State 不过滤，直接选择所有非无效值。
clean_bool length:5
newest best op: Uniop(df,'State','al??',(['HospitalOwner', 'PhoneNumber', 'HospitalName'], {('government - hospital district or authority', '3347742601.0', 'dale medical center')}),{left: ("[FunctionalDependency:(s: {HospitalOwner, PhoneNumber, HospitalName}, t: {State})]", 0.0), operator: *, right: (1.0, 1.0), result: 0.0})
now error: 0.0
newest best op: Uniop(df,'State','al',(['HospitalOwner', 'PhoneNumber', 'HospitalName'], {('government - hospital district or authority', '3347742601.0', 'dale medical center')}),{left: ("[FunctionalDependency:(s: {HospitalOwner, PhoneNumber, HospitalName}, t: {State})]", 0.0), operator: *, right: (1.0, 1.0), result: 0.0})
now error: 0.0
Block processing time: 0.1323 seconds
Computing Block 63 out of 101
Processing Block size=20
begin cleaner{left: ("[FunctionalDependency:(s: {HospitalOwner, PhoneNumber, HospitalName}, t: {State})]", 0.0), operator: *, right: (1.0, 1.0), result: 0.0}
列 'p' 不存在，对列 State 不过滤，直接选择所有非无效值。
clean_bool length:8
newest best op: Uniop(df,'State','al@@',(['HospitalOwner', 'PhoneNumber', 'HospitalName'], {('voluntary non-profit - private', '2569275531.0', 'cherokee medical center')}),{left: ("[FunctionalDependency:(s: {HospitalOwner, PhoneNumber, HospitalName}, t: {State})]", 0.0), operator: *, right: (1.0, 1.0), result: 0.0})
now error: 0.0
newest best op: Uniop(df,'State','al',(['HospitalOwner', 'PhoneNumber', 'HospitalName'], {('voluntary non-profit - private', '2569275531.0', 'cherokee medical center')}),{left: ("[FunctionalDependency:(s: {HospitalOwner, PhoneNumber, HospitalName}, t: {State})]", 0.0), operator: *, right: (1.0, 1.0), result: 0.0})
now error: 0.0
Block processing time: 0.192231 seconds
Computing Block 64 out of 101
Processing Block size=23
begin cleaner{left: ("[FunctionalDependency:(s: {HospitalOwner, PhoneNumber, HospitalName}, t: {State})]", 0.0), operator: *, right: (1.0, 1.0), result: 0.0}
列 'p' 不存在，对列 State 不过滤，直接选择所有非无效值。
clean_bool length:5
newest best op: Uniop(df,'State','a@@l$',(['HospitalOwner', 'PhoneNumber', 'HospitalName'], {('voluntary non-profit - church', '2056208100.0', 'shelby baptist medical center')}),{left: ("[FunctionalDependency:(s: {HospitalOwner, PhoneNumber, HospitalName}, t: {State})]", 0.0), operator: *, right: (1.0, 1.0), result: 0.0})
now error: 0.0
newest best op: Uniop(df,'State','al',(['HospitalOwner', 'PhoneNumber', 'HospitalName'], {('voluntary non-profit - church', '2056208100.0', 'shelby baptist medical center')}),{left: ("[FunctionalDependency:(s: {HospitalOwner, PhoneNumber, HospitalName}, t: {State})]", 0.0), operator: *, right: (1.0, 1.0), result: 0.0})
now error: 0.0
Block processing time: 0.138264 seconds
Computing Block 66 out of 101
Processing Block size=23
begin cleaner{left: ("[FunctionalDependency:(s: {HospitalOwner, PhoneNumber, HospitalName}, t: {State})]", 0.0), operator: *, right: (1.0, 1.0), result: 0.0}
列 'p' 不存在，对列 State 不过滤，直接选择所有非无效值。
clean_bool length:5
newest best op: Uniop(df,'State','@@a@@l',(['HospitalOwner', 'PhoneNumber', 'HospitalName'], {('voluntary non-profit - private', '3344933541.0', 'mizell memorial hospital')}),{left: ("[FunctionalDependency:(s: {HospitalOwner, PhoneNumber, HospitalName}, t: {State})]", 0.0), operator: *, right: (1.0, 1.0), result: 0.0})
now error: 0.0
newest best op: Uniop(df,'State','a%$l',(['HospitalOwner', 'PhoneNumber', 'HospitalName'], {('voluntary non-profit - private', '3344933541.0', 'mizell memorial hospital')}),{left: ("[FunctionalDependency:(s: {HospitalOwner, PhoneNumber, HospitalName}, t: {State})]", 0.0), operator: *, right: (1.0, 1.0), result: 0.0})
now error: 0.0
newest best op: Uniop(df,'State','al',(['HospitalOwner', 'PhoneNumber', 'HospitalName'], {('voluntary non-profit - private', '3344933541.0', 'mizell memorial hospital')}),{left: ("[FunctionalDependency:(s: {HospitalOwner, PhoneNumber, HospitalName}, t: {State})]", 0.0), operator: *, right: (1.0, 1.0), result: 0.0})
now error: 0.0
Block processing time: 0.13778 seconds
Computing Block 67 out of 101
Processing Block size=18
begin cleaner{left: ("[FunctionalDependency:(s: {HospitalOwner, PhoneNumber, HospitalName}, t: {State})]", 0.0), operator: *, right: (1.0, 1.0), result: 0.0}
列 'p' 不存在，对列 State 不过滤，直接选择所有非无效值。
clean_bool length:5
newest best op: Uniop(df,'State','a@@l$',(['HospitalOwner', 'PhoneNumber', 'HospitalName'], {('voluntary non-profit - other', '2562495000.0', 'coosa valley medical center')}),{left: ("[FunctionalDependency:(s: {HospitalOwner, PhoneNumber, HospitalName}, t: {State})]", 0.0), operator: *, right: (1.0, 1.0), result: 0.0})
now error: 0.0
newest best op: Uniop(df,'State','al',(['HospitalOwner', 'PhoneNumber', 'HospitalName'], {('voluntary non-profit - other', '2562495000.0', 'coosa valley medical center')}),{left: ("[FunctionalDependency:(s: {HospitalOwner, PhoneNumber, HospitalName}, t: {State})]", 0.0), operator: *, right: (1.0, 1.0), result: 0.0})
now error: 0.0
Block processing time: 0.110099 seconds
Computing Block 68 out of 101
Processing Block size=2
begin cleaner{left: ("[FunctionalDependency:(s: {HospitalOwner, PhoneNumber, HospitalName}, t: {State})]", 0.0), operator: *, right: (1.0, 1.0), result: 0.0}
列 'p' 不存在，对列 State 不过滤，直接选择所有非无效值。
clean_bool length:3
newest best op: Uniop(df,'State','#$al',(['HospitalOwner', 'PhoneNumber', 'HospitalName'], {('voluntary non-profit - private', '3342938000.0', 'empty')}),{left: ("[FunctionalDependency:(s: {HospitalOwner, PhoneNumber, HospitalName}, t: {State})]", 0.0), operator: *, right: (1.0, 1.0), result: 0.0})
now error: 0.0
Block processing time: 0.008937 seconds
Computing Block 69 out of 101
Processing Block size=25
begin cleaner{left: ("[FunctionalDependency:(s: {HospitalOwner, PhoneNumber, HospitalName}, t: {State})]", 0.0), operator: *, right: (1.0, 1.0), result: 0.0}
列 'p' 不存在，对列 State 不过滤，直接选择所有非无效值。
clean_bool length:6
newest best op: Uniop(df,'State','al',(['HospitalOwner', 'PhoneNumber', 'HospitalName'], {('government - state', '2059344011.0', 'university of alabama hospital')}),{left: ("[FunctionalDependency:(s: {HospitalOwner, PhoneNumber, HospitalName}, t: {State})]", 0.0), operator: *, right: (1.0, 1.0), result: 0.0})
now error: 0.0
Block processing time: 0.180456 seconds
Computing Block 74 out of 101
Processing Block size=23
begin cleaner{left: ("[FunctionalDependency:(s: {HospitalOwner, PhoneNumber, HospitalName}, t: {State})]", 0.0), operator: *, right: (1.0, 1.0), result: 0.0}
列 'p' 不存在，对列 State 不过滤，直接选择所有非无效值。
clean_bool length:6
newest best op: Uniop(df,'State','??a%l',(['HospitalOwner', 'PhoneNumber', 'HospitalName'], {('government - hospital district or authority', '2563864556.0', 'helen keller memorial hospital')}),{left: ("[FunctionalDependency:(s: {HospitalOwner, PhoneNumber, HospitalName}, t: {State})]", 0.0), operator: *, right: (1.0, 1.0), result: 0.0})
now error: 0.0
newest best op: Uniop(df,'State','#al%',(['HospitalOwner', 'PhoneNumber', 'HospitalName'], {('government - hospital district or authority', '2563864556.0', 'helen keller memorial hospital')}),{left: ("[FunctionalDependency:(s: {HospitalOwner, PhoneNumber, HospitalName}, t: {State})]", 0.0), operator: *, right: (1.0, 1.0), result: 0.0})
now error: 0.0
newest best op: Uniop(df,'State','al',(['HospitalOwner', 'PhoneNumber', 'HospitalName'], {('government - hospital district or authority', '2563864556.0', 'helen keller memorial hospital')}),{left: ("[FunctionalDependency:(s: {HospitalOwner, PhoneNumber, HospitalName}, t: {State})]", 0.0), operator: *, right: (1.0, 1.0), result: 0.0})
now error: 0.0
Block processing time: 0.168899 seconds
Computing Block 77 out of 101
Processing Block size=13
begin cleaner{left: ("[FunctionalDependency:(s: {HospitalOwner, PhoneNumber, HospitalName}, t: {State})]", 0.0), operator: *, right: (1.0, 1.0), result: 0.0}
列 'p' 不存在，对列 State 不过滤，直接选择所有非无效值。
clean_bool length:3
newest best op: Uniop(df,'State','al',(['HospitalOwner', 'PhoneNumber', 'HospitalName'], {('government - state', '2514717110.0', 'univ of south alabama medical center')}),{left: ("[FunctionalDependency:(s: {HospitalOwner, PhoneNumber, HospitalName}, t: {State})]", 0.0), operator: *, right: (1.0, 1.0), result: 0.0})
now error: 0.0
Block processing time: 0.047761 seconds
Computing Block 79 out of 101
Processing Block size=25
begin cleaner{left: ("[FunctionalDependency:(s: {HospitalOwner, PhoneNumber, HospitalName}, t: {State})]", 0.0), operator: *, right: (1.0, 1.0), result: 0.0}
列 'p' 不存在，对列 State 不过滤，直接选择所有非无效值。
clean_bool length:3
newest best op: Uniop(df,'State','al',(['HospitalOwner', 'PhoneNumber', 'HospitalName'], {('proprietary', '2564944000.0', 'gadsden regional medical center')}),{left: ("[FunctionalDependency:(s: {HospitalOwner, PhoneNumber, HospitalName}, t: {State})]", 0.0), operator: *, right: (1.0, 1.0), result: 0.0})
now error: 0.0
Block processing time: 0.090911 seconds
Computing Block 82 out of 101
Processing Block size=24
begin cleaner{left: ("[FunctionalDependency:(s: {HospitalOwner, PhoneNumber, HospitalName}, t: {State})]", 0.0), operator: *, right: (1.0, 1.0), result: 0.0}
列 'p' 不存在，对列 State 不过滤，直接选择所有非无效值。
clean_bool length:6
newest best op: Uniop(df,'State','al',(['HospitalOwner', 'PhoneNumber', 'HospitalName'], {('government - hospital district or authority', '2567372000.0', 'cullman regional medical center')}),{left: ("[FunctionalDependency:(s: {HospitalOwner, PhoneNumber, HospitalName}, t: {State})]", 0.0), operator: *, right: (1.0, 1.0), result: 0.0})
now error: 0.0
Block processing time: 0.17446 seconds
Computing Block 85 out of 101
Processing Block size=23
begin cleaner{left: ("[FunctionalDependency:(s: {HospitalOwner, PhoneNumber, HospitalName}, t: {State})]", 0.0), operator: *, right: (1.0, 1.0), result: 0.0}
列 'p' 不存在，对列 State 不过滤，直接选择所有非无效值。
clean_bool length:3
newest best op: Uniop(df,'State','al',(['HospitalOwner', 'PhoneNumber', 'HospitalName'], {('proprietary', '3343470584.0', 'medical center enterprise')}),{left: ("[FunctionalDependency:(s: {HospitalOwner, PhoneNumber, HospitalName}, t: {State})]", 0.0), operator: *, right: (1.0, 1.0), result: 0.0})
now error: 0.0
Block processing time: 0.082637 seconds
Computing Block 86 out of 101
Processing Block size=2
begin cleaner{left: ("[FunctionalDependency:(s: {HospitalOwner, PhoneNumber, HospitalName}, t: {State})]", 0.0), operator: *, right: (1.0, 1.0), result: 0.0}
列 'p' 不存在，对列 State 不过滤，直接选择所有非无效值。
Block processing time: 0.002664 seconds
Computing Block 88 out of 101
Processing Block size=25
begin cleaner{left: ("[FunctionalDependency:(s: {HospitalOwner, PhoneNumber, HospitalName}, t: {State})]", 0.0), operator: *, right: (1.0, 1.0), result: 0.0}
列 'p' 不存在，对列 State 不过滤，直接选择所有非无效值。
clean_bool length:5
newest best op: Uniop(df,'State','#a%l',(['HospitalOwner', 'PhoneNumber', 'HospitalName'], {('voluntary non-profit - private', '2058383122.0', 'st vincents east')}),{left: ("[FunctionalDependency:(s: {HospitalOwner, PhoneNumber, HospitalName}, t: {State})]", 0.0), operator: *, right: (1.0, 1.0), result: 0.0})
now error: 0.0
newest best op: Uniop(df,'State','al',(['HospitalOwner', 'PhoneNumber', 'HospitalName'], {('voluntary non-profit - private', '2058383122.0', 'st vincents east')}),{left: ("[FunctionalDependency:(s: {HospitalOwner, PhoneNumber, HospitalName}, t: {State})]", 0.0), operator: *, right: (1.0, 1.0), result: 0.0})
now error: 0.0
Block processing time: 0.149697 seconds
Computing Block 89 out of 101
Processing Block size=25
begin cleaner{left: ("[FunctionalDependency:(s: {HospitalOwner, PhoneNumber, HospitalName}, t: {State})]", 0.0), operator: *, right: (1.0, 1.0), result: 0.0}
列 'p' 不存在，对列 State 不过滤，直接选择所有非无效值。
clean_bool length:7
newest best op: Uniop(df,'State','al',(['HospitalOwner', 'PhoneNumber', 'HospitalName'], {('government - hospital district or authority', '2562651000.0', 'huntsville hospital')}),{left: ("[FunctionalDependency:(s: {HospitalOwner, PhoneNumber, HospitalName}, t: {State})]", 0.0), operator: *, right: (1.0, 1.0), result: 0.0})
now error: 0.0
Block processing time: 0.209691 seconds
Computing Block 92 out of 101
Processing Block size=22
begin cleaner{left: ("[FunctionalDependency:(s: {HospitalOwner, PhoneNumber, HospitalName}, t: {State})]", 0.0), operator: *, right: (1.0, 1.0), result: 0.0}
列 'p' 不存在，对列 State 不过滤，直接选择所有非无效值。
clean_bool length:3
newest best op: Uniop(df,'State','@@$al',(['HospitalOwner', 'PhoneNumber', 'HospitalName'], {('voluntary non-profit - private', '2059216200.0', 'marion regional medical center')}),{left: ("[FunctionalDependency:(s: {HospitalOwner, PhoneNumber, HospitalName}, t: {State})]", 0.0), operator: *, right: (1.0, 1.0), result: 0.0})
now error: 0.0
newest best op: Uniop(df,'State','al',(['HospitalOwner', 'PhoneNumber', 'HospitalName'], {('voluntary non-profit - private', '2059216200.0', 'marion regional medical center')}),{left: ("[FunctionalDependency:(s: {HospitalOwner, PhoneNumber, HospitalName}, t: {State})]", 0.0), operator: *, right: (1.0, 1.0), result: 0.0})
now error: 0.0
Block processing time: 0.07963 seconds
Computing Block 97 out of 101
Processing Block size=23
begin cleaner{left: ("[FunctionalDependency:(s: {HospitalOwner, PhoneNumber, HospitalName}, t: {State})]", 0.0), operator: *, right: (1.0, 1.0), result: 0.0}
列 'p' 不存在，对列 State 不过滤，直接选择所有非无效值。
clean_bool length:4
newest best op: Uniop(df,'State','??@@al',(['HospitalOwner', 'PhoneNumber', 'HospitalName'], {('voluntary non-profit - other', '3348972257.0', 'elba general hospital')}),{left: ("[FunctionalDependency:(s: {HospitalOwner, PhoneNumber, HospitalName}, t: {State})]", 0.0), operator: *, right: (1.0, 1.0), result: 0.0})
now error: 0.0
newest best op: Uniop(df,'State','al',(['HospitalOwner', 'PhoneNumber', 'HospitalName'], {('voluntary non-profit - other', '3348972257.0', 'elba general hospital')}),{left: ("[FunctionalDependency:(s: {HospitalOwner, PhoneNumber, HospitalName}, t: {State})]", 0.0), operator: *, right: (1.0, 1.0), result: 0.0})
now error: 0.0
Block processing time: 0.11425 seconds
Computing Block 98 out of 101
Processing Block size=19
begin cleaner{left: ("[FunctionalDependency:(s: {HospitalOwner, PhoneNumber, HospitalName}, t: {State})]", 0.0), operator: *, right: (1.0, 1.0), result: 0.0}
列 'p' 不存在，对列 State 不过滤，直接选择所有非无效值。
clean_bool length:5
newest best op: Uniop(df,'State','al',(['HospitalOwner', 'PhoneNumber', 'HospitalName'], {('voluntary non-profit - private', '3343614267.0', 'prattville baptist hospital')}),{left: ("[FunctionalDependency:(s: {HospitalOwner, PhoneNumber, HospitalName}, t: {State})]", 0.0), operator: *, right: (1.0, 1.0), result: 0.0})
now error: 0.0
Block processing time: 0.121371 seconds
Computing Block 100 out of 101
Processing Block size=22
begin cleaner{left: ("[FunctionalDependency:(s: {HospitalOwner, PhoneNumber, HospitalName}, t: {State})]", 0.0), operator: *, right: (1.0, 1.0), result: 0.0}
列 'p' 不存在，对列 State 不过滤，直接选择所有非无效值。
clean_bool length:2
newest best op: Uniop(df,'State','al',(['HospitalOwner', 'PhoneNumber', 'HospitalName'], {('voluntary non-profit - private', '3343762205.0', 'georgiana hospital')}),{left: ("[FunctionalDependency:(s: {HospitalOwner, PhoneNumber, HospitalName}, t: {State})]", 0.0), operator: *, right: (1.0, 1.0), result: 0.0})
now error: 0.0
Block processing time: 0.056684 seconds
Computing Block 101 out of 101
Processing Block size=2
begin cleaner{left: ("[FunctionalDependency:(s: {HospitalOwner, PhoneNumber, HospitalName}, t: {State})]", 0.0), operator: *, right: (1.0, 1.0), result: 0.0}
列 'p' 不存在，对列 State 不过滤，直接选择所有非无效值。
clean_bool length:3
newest best op: Uniop(df,'State','al',(['HospitalOwner', 'PhoneNumber', 'HospitalName'], {('proprietary', '2054877736.0', 'empty')}),{left: ("[FunctionalDependency:(s: {HospitalOwner, PhoneNumber, HospitalName}, t: {State})]", 0.0), operator: *, right: (1.0, 1.0), result: 0.0})
now error: 0.0
Block processing time: 0.010658 seconds
  当前节点: State 有 46 个清洗操作
  当前节点: CountyName 存在可用清洗信号
数据块大小: 1000
分块属性:
[['City']]
Starting initial block mapping...
Initial number of blocks: 48
Final number of blocks after further splitting: 47
Computing Block 1 out of 47
Processing Block size=2
begin cleaner[FunctionalDependency:(s: {'City'}, t: {'CountyName'})]*1.0
列 'p' 不存在，对列 CountyName 不过滤，直接选择所有非无效值。
Block processing time: 0.003359 seconds
Computing Block 2 out of 47
Processing Block size=25
begin cleaner{left: ("[FunctionalDependency:(s: {City}, t: {CountyName})]", 0.0), operator: *, right: (1.0, 1.0), result: 0.0}
列 'p' 不存在，对列 CountyName 不过滤，直接选择所有非无效值。
clean_bool length:7
newest best op: Uniop(df,'CountyName','covin@@gton',(['City'], {('opp',)}),{left: ("[FunctionalDependency:(s: {City}, t: {CountyName})]", 0.0), operator: *, right: (1.0, 1.0), result: 0.0})
now error: 0.0
newest best op: Uniop(df,'CountyName','c#ovington',(['City'], {('opp',)}),{left: ("[FunctionalDependency:(s: {City}, t: {CountyName})]", 0.0), operator: *, right: (1.0, 1.0), result: 0.0})
now error: 0.0
newest best op: Uniop(df,'CountyName','covington',(['City'], {('opp',)}),{left: ("[FunctionalDependency:(s: {City}, t: {CountyName})]", 0.0), operator: *, right: (1.0, 1.0), result: 0.0})
now error: 0.0
Block processing time: 0.207331 seconds
Computing Block 4 out of 47
Processing Block size=13
begin cleaner{left: ("[FunctionalDependency:(s: {City}, t: {CountyName})]", 0.0), operator: *, right: (1.0, 1.0), result: 0.0}
列 'p' 不存在，对列 CountyName 不过滤，直接选择所有非无效值。
clean_bool length:3
newest best op: Uniop(df,'CountyName','mobile',(['City'], {('mobile',)}),{left: ("[FunctionalDependency:(s: {City}, t: {CountyName})]", 0.0), operator: *, right: (1.0, 1.0), result: 0.0})
now error: 0.0
Block processing time: 0.04504 seconds
Computing Block 5 out of 47
Processing Block size=20
begin cleaner{left: ("[FunctionalDependency:(s: {City}, t: {CountyName})]", 0.0), operator: *, right: (1.0, 1.0), result: 0.0}
列 'p' 不存在，对列 CountyName 不过滤，直接选择所有非无效值。
clean_bool length:5
newest best op: Uniop(df,'CountyName','a??utauga',(['City'], {('prattville',)}),{left: ("[FunctionalDependency:(s: {City}, t: {CountyName})]", 0.0), operator: *, right: (1.0, 1.0), result: 0.0})
now error: 0.0
newest best op: Uniop(df,'CountyName','autau#ga',(['City'], {('prattville',)}),{left: ("[FunctionalDependency:(s: {City}, t: {CountyName})]", 0.0), operator: *, right: (1.0, 1.0), result: 0.0})
now error: 0.0
newest best op: Uniop(df,'CountyName','autauga',(['City'], {('prattville',)}),{left: ("[FunctionalDependency:(s: {City}, t: {CountyName})]", 0.0), operator: *, right: (1.0, 1.0), result: 0.0})
now error: 0.0
Block processing time: 0.140253 seconds
Computing Block 6 out of 47
Processing Block size=25
begin cleaner{left: ("[FunctionalDependency:(s: {City}, t: {CountyName})]", 0.0), operator: *, right: (1.0, 1.0), result: 0.0}
列 'p' 不存在，对列 CountyName 不过滤，直接选择所有非无效值。
clean_bool length:8
newest best op: Uniop(df,'CountyName','c%larke',(['City'], {('thomasville',)}),{left: ("[FunctionalDependency:(s: {City}, t: {CountyName})]", 0.0), operator: *, right: (1.0, 1.0), result: 0.0})
now error: 0.0
newest best op: Uniop(df,'CountyName','clarke$',(['City'], {('thomasville',)}),{left: ("[FunctionalDependency:(s: {City}, t: {CountyName})]", 0.0), operator: *, right: (1.0, 1.0), result: 0.0})
now error: 0.0
newest best op: Uniop(df,'CountyName','clarke',(['City'], {('thomasville',)}),{left: ("[FunctionalDependency:(s: {City}, t: {CountyName})]", 0.0), operator: *, right: (1.0, 1.0), result: 0.0})
now error: 0.0
Block processing time: 0.226156 seconds
Computing Block 7 out of 47
Processing Block size=25
begin cleaner{left: ("[FunctionalDependency:(s: {City}, t: {CountyName})]", 0.0), operator: *, right: (1.0, 1.0), result: 0.0}
列 'p' 不存在，对列 CountyName 不过滤，直接选择所有非无效值。
clean_bool length:7
newest best op: Uniop(df,'CountyName','$covington',(['City'], {('andalusia',)}),{left: ("[FunctionalDependency:(s: {City}, t: {CountyName})]", 0.0), operator: *, right: (1.0, 1.0), result: 0.0})
now error: 0.0
newest best op: Uniop(df,'CountyName','co$vington',(['City'], {('andalusia',)}),{left: ("[FunctionalDependency:(s: {City}, t: {CountyName})]", 0.0), operator: *, right: (1.0, 1.0), result: 0.0})
now error: 0.0
newest best op: Uniop(df,'CountyName','covington',(['City'], {('andalusia',)}),{left: ("[FunctionalDependency:(s: {City}, t: {CountyName})]", 0.0), operator: *, right: (1.0, 1.0), result: 0.0})
now error: 0.0
Block processing time: 0.198863 seconds
Computing Block 8 out of 47
Processing Block size=24
begin cleaner{left: ("[FunctionalDependency:(s: {City}, t: {CountyName})]", 0.0), operator: *, right: (1.0, 1.0), result: 0.0}
列 'p' 不存在，对列 CountyName 不过滤，直接选择所有非无效值。
clean_bool length:4
newest best op: Uniop(df,'CountyName','shelby',(['City'], {('alabaster',)}),{left: ("[FunctionalDependency:(s: {City}, t: {CountyName})]", 0.0), operator: *, right: (1.0, 1.0), result: 0.0})
now error: 0.0
Block processing time: 0.107759 seconds
Computing Block 10 out of 47
Processing Block size=24
begin cleaner{left: ("[FunctionalDependency:(s: {City}, t: {CountyName})]", 0.0), operator: *, right: (1.0, 1.0), result: 0.0}
列 'p' 不存在，对列 CountyName 不过滤，直接选择所有非无效值。
clean_bool length:7
newest best op: Uniop(df,'CountyName','cullman@@',(['City'], {('cullman',)}),{left: ("[FunctionalDependency:(s: {City}, t: {CountyName})]", 0.0), operator: *, right: (1.0, 1.0), result: 0.0})
now error: 0.0
newest best op: Uniop(df,'CountyName','cullman%',(['City'], {('cullman',)}),{left: ("[FunctionalDependency:(s: {City}, t: {CountyName})]", 0.0), operator: *, right: (1.0, 1.0), result: 0.0})
now error: 0.0
newest best op: Uniop(df,'CountyName','cullman',(['City'], {('cullman',)}),{left: ("[FunctionalDependency:(s: {City}, t: {CountyName})]", 0.0), operator: *, right: (1.0, 1.0), result: 0.0})
now error: 0.0
Block processing time: 0.203848 seconds
Computing Block 11 out of 47
Processing Block size=24
begin cleaner{left: ("[FunctionalDependency:(s: {City}, t: {CountyName})]", 0.0), operator: *, right: (1.0, 1.0), result: 0.0}
列 'p' 不存在，对列 CountyName 不过滤，直接选择所有非无效值。
clean_bool length:5
newest best op: Uniop(df,'CountyName','co@??@ffee',(['City'], {('enterprise',)}),{left: ("[FunctionalDependency:(s: {City}, t: {CountyName})]", 0.0), operator: *, right: (1.0, 1.0), result: 0.0})
now error: 0.0
newest best op: Uniop(df,'CountyName','coffee',(['City'], {('enterprise',)}),{left: ("[FunctionalDependency:(s: {City}, t: {CountyName})]", 0.0), operator: *, right: (1.0, 1.0), result: 0.0})
now error: 0.0
Block processing time: 0.162667 seconds
Computing Block 12 out of 47
Processing Block size=25
begin cleaner{left: ("[FunctionalDependency:(s: {City}, t: {CountyName})]", 0.0), operator: *, right: (1.0, 1.0), result: 0.0}
列 'p' 不存在，对列 CountyName 不过滤，直接选择所有非无效值。
clean_bool length:5
newest best op: Uniop(df,'CountyName','randolp#h',(['City'], {('wedowee',)}),{left: ("[FunctionalDependency:(s: {City}, t: {CountyName})]", 0.0), operator: *, right: (1.0, 1.0), result: 0.0})
now error: 0.0
newest best op: Uniop(df,'CountyName','randolph',(['City'], {('wedowee',)}),{left: ("[FunctionalDependency:(s: {City}, t: {CountyName})]", 0.0), operator: *, right: (1.0, 1.0), result: 0.0})
now error: 0.0
Block processing time: 0.142406 seconds
Computing Block 14 out of 47
Processing Block size=18
begin cleaner{left: ("[FunctionalDependency:(s: {City}, t: {CountyName})]", 0.0), operator: *, right: (1.0, 1.0), result: 0.0}
列 'p' 不存在，对列 CountyName 不过滤，直接选择所有非无效值。
clean_bool length:3
newest best op: Uniop(df,'CountyName','#anchorage',(['City'], {('anchorage',)}),{left: ("[FunctionalDependency:(s: {City}, t: {CountyName})]", 0.0), operator: *, right: (1.0, 1.0), result: 0.0})
now error: 0.0
newest best op: Uniop(df,'CountyName','anchorage',(['City'], {('anchorage',)}),{left: ("[FunctionalDependency:(s: {City}, t: {CountyName})]", 0.0), operator: *, right: (1.0, 1.0), result: 0.0})
now error: 0.0
Block processing time: 0.061614 seconds
Computing Block 15 out of 47
Processing Block size=25
begin cleaner{left: ("[FunctionalDependency:(s: {City}, t: {CountyName})]", 0.0), operator: *, right: (1.0, 1.0), result: 0.0}
列 'p' 不存在，对列 CountyName 不过滤，直接选择所有非无效值。
clean_bool length:5
newest best op: Uniop(df,'CountyName','@@marion',(['City'], {('winfield',)}),{left: ("[FunctionalDependency:(s: {City}, t: {CountyName})]", 0.0), operator: *, right: (1.0, 1.0), result: 0.0})
now error: 0.0
newest best op: Uniop(df,'CountyName','marion',(['City'], {('winfield',)}),{left: ("[FunctionalDependency:(s: {City}, t: {CountyName})]", 0.0), operator: *, right: (1.0, 1.0), result: 0.0})
now error: 0.0
Block processing time: 0.139626 seconds
Computing Block 17 out of 47
Processing Block size=24
begin cleaner{left: ("[FunctionalDependency:(s: {City}, t: {CountyName})]", 0.0), operator: *, right: (1.0, 1.0), result: 0.0}
列 'p' 不存在，对列 CountyName 不过滤，直接选择所有非无效值。
clean_bool length:8
newest best op: Uniop(df,'CountyName','el??more',(['City'], {('tallassee',)}),{left: ("[FunctionalDependency:(s: {City}, t: {CountyName})]", 0.0), operator: *, right: (1.0, 1.0), result: 0.0})
now error: 0.0
newest best op: Uniop(df,'CountyName','elmore',(['City'], {('tallassee',)}),{left: ("[FunctionalDependency:(s: {City}, t: {CountyName})]", 0.0), operator: *, right: (1.0, 1.0), result: 0.0})
now error: 0.0
Block processing time: 0.214073 seconds
Computing Block 18 out of 47
Processing Block size=25
begin cleaner{left: ("[FunctionalDependency:(s: {City}, t: {CountyName})]", 0.0), operator: *, right: (1.0, 1.0), result: 0.0}
列 'p' 不存在，对列 CountyName 不过滤，直接选择所有非无效值。
clean_bool length:6
newest best op: Uniop(df,'CountyName','faye@@tte',(['City'], {('fayette',)}),{left: ("[FunctionalDependency:(s: {City}, t: {CountyName})]", 0.0), operator: *, right: (1.0, 1.0), result: 0.0})
now error: 0.0
newest best op: Uniop(df,'CountyName','fayette',(['City'], {('fayette',)}),{left: ("[FunctionalDependency:(s: {City}, t: {CountyName})]", 0.0), operator: *, right: (1.0, 1.0), result: 0.0})
now error: 0.0
Block processing time: 0.167956 seconds
Computing Block 19 out of 47
Processing Block size=49
begin cleaner{left: ("[FunctionalDependency:(s: {City}, t: {CountyName})]", 0.0), operator: *, right: (1.0, 1.0), result: 0.0}
列 'p' 不存在，对列 CountyName 不过滤，直接选择所有非无效值。
clean_bool length:11
newest best op: Uniop(df,'CountyName','montgomery%',(['City'], {('montgomery',)}),{left: ("[FunctionalDependency:(s: {City}, t: {CountyName})]", 0.0), operator: *, right: (1.0, 1.0), result: 0.0})
now error: 0.0
newest best op: Uniop(df,'CountyName','mo#ntgomery',(['City'], {('montgomery',)}),{left: ("[FunctionalDependency:(s: {City}, t: {CountyName})]", 0.0), operator: *, right: (1.0, 1.0), result: 0.0})
now error: 0.0
newest best op: Uniop(df,'CountyName','montgomery',(['City'], {('montgomery',)}),{left: ("[FunctionalDependency:(s: {City}, t: {CountyName})]", 0.0), operator: *, right: (1.0, 1.0), result: 0.0})
now error: 0.0
Block processing time: 0.605511 seconds
Computing Block 20 out of 47
Processing Block size=28
begin cleaner{left: ("[FunctionalDependency:(s: {City}, t: {CountyName})]", 0.0), operator: *, right: (1.0, 1.0), result: 0.0}
列 'p' 不存在，对列 CountyName 不过滤，直接选择所有非无效值。
clean_bool length:8
newest best op: Uniop(df,'CountyName','$calhoun',(['City'], {('anniston',)}),{left: ("[FunctionalDependency:(s: {City}, t: {CountyName})]", 0.0), operator: *, right: (1.0, 1.0), result: 0.0})
now error: 0.0
newest best op: Uniop(df,'CountyName','calhoun',(['City'], {('anniston',)}),{left: ("[FunctionalDependency:(s: {City}, t: {CountyName})]", 0.0), operator: *, right: (1.0, 1.0), result: 0.0})
now error: 0.0
Block processing time: 0.250407 seconds
Computing Block 21 out of 47
Processing Block size=2
begin cleaner{left: ("[FunctionalDependency:(s: {City}, t: {CountyName})]", 0.0), operator: *, right: (1.0, 1.0), result: 0.0}
列 'p' 不存在，对列 CountyName 不过滤，直接选择所有非无效值。
Block processing time: 0.002643 seconds
Computing Block 22 out of 47
Processing Block size=25
begin cleaner{left: ("[FunctionalDependency:(s: {City}, t: {CountyName})]", 0.0), operator: *, right: (1.0, 1.0), result: 0.0}
列 'p' 不存在，对列 CountyName 不过滤，直接选择所有非无效值。
clean_bool length:7
newest best op: Uniop(df,'CountyName','coffee',(['City'], {('elba',)}),{left: ("[FunctionalDependency:(s: {City}, t: {CountyName})]", 0.0), operator: *, right: (1.0, 1.0), result: 0.0})
now error: 0.0
Block processing time: 0.197537 seconds
Computing Block 23 out of 47
Processing Block size=53
begin cleaner{left: ("[FunctionalDependency:(s: {City}, t: {CountyName})]", 0.0), operator: *, right: (1.0, 1.0), result: 0.0}
列 'p' 不存在，对列 CountyName 不过滤，直接选择所有非无效值。
clean_bool length:8
newest best op: Uniop(df,'CountyName','et$owah',(['City'], {('gadsden',)}),{left: ("[FunctionalDependency:(s: {City}, t: {CountyName})]", 0.0), operator: *, right: (1.0, 1.0), result: 0.0})
now error: 0.0
newest best op: Uniop(df,'CountyName','etowah',(['City'], {('gadsden',)}),{left: ("[FunctionalDependency:(s: {City}, t: {CountyName})]", 0.0), operator: *, right: (1.0, 1.0), result: 0.0})
now error: 0.0
Block processing time: 0.469577 seconds
Computing Block 24 out of 47
Processing Block size=25
begin cleaner{left: ("[FunctionalDependency:(s: {City}, t: {CountyName})]", 0.0), operator: *, right: (1.0, 1.0), result: 0.0}
列 'p' 不存在，对列 CountyName 不过滤，直接选择所有非无效值。
clean_bool length:6
newest best op: Uniop(df,'CountyName','#marshall',(['City'], {('boaz',)}),{left: ("[FunctionalDependency:(s: {City}, t: {CountyName})]", 0.0), operator: *, right: (1.0, 1.0), result: 0.0})
now error: 0.0
newest best op: Uniop(df,'CountyName','marshall',(['City'], {('boaz',)}),{left: ("[FunctionalDependency:(s: {City}, t: {CountyName})]", 0.0), operator: *, right: (1.0, 1.0), result: 0.0})
now error: 0.0
Block processing time: 0.170953 seconds
Computing Block 26 out of 47
Processing Block size=42
begin cleaner{left: ("[FunctionalDependency:(s: {City}, t: {CountyName})]", 0.0), operator: *, right: (1.0, 1.0), result: 0.0}
列 'p' 不存在，对列 CountyName 不过滤，直接选择所有非无效值。
clean_bool length:5
newest best op: Uniop(df,'CountyName','%houston',(['City'], {('dothan',)}),{left: ("[FunctionalDependency:(s: {City}, t: {CountyName})]", 0.0), operator: *, right: (1.0, 1.0), result: 0.0})
now error: 0.0
newest best op: Uniop(df,'CountyName','houst$on',(['City'], {('dothan',)}),{left: ("[FunctionalDependency:(s: {City}, t: {CountyName})]", 0.0), operator: *, right: (1.0, 1.0), result: 0.0})
now error: 0.0
newest best op: Uniop(df,'CountyName','houston',(['City'], {('dothan',)}),{left: ("[FunctionalDependency:(s: {City}, t: {CountyName})]", 0.0), operator: *, right: (1.0, 1.0), result: 0.0})
now error: 0.0
Block processing time: 0.234359 seconds
Computing Block 28 out of 47
Processing Block size=25
begin cleaner{left: ("[FunctionalDependency:(s: {City}, t: {CountyName})]", 0.0), operator: *, right: (1.0, 1.0), result: 0.0}
列 'p' 不存在，对列 CountyName 不过滤，直接选择所有非无效值。
clean_bool length:8
newest best op: Uniop(df,'CountyName','c#ren@@shaw',(['City'], {('luverne',)}),{left: ("[FunctionalDependency:(s: {City}, t: {CountyName})]", 0.0), operator: *, right: (1.0, 1.0), result: 0.0})
now error: 0.0
newest best op: Uniop(df,'CountyName','crens%haw',(['City'], {('luverne',)}),{left: ("[FunctionalDependency:(s: {City}, t: {CountyName})]", 0.0), operator: *, right: (1.0, 1.0), result: 0.0})
now error: 0.0
newest best op: Uniop(df,'CountyName','crenshaw',(['City'], {('luverne',)}),{left: ("[FunctionalDependency:(s: {City}, t: {CountyName})]", 0.0), operator: *, right: (1.0, 1.0), result: 0.0})
now error: 0.0
Block processing time: 0.223159 seconds
Computing Block 29 out of 47
Processing Block size=25
begin cleaner{left: ("[FunctionalDependency:(s: {City}, t: {CountyName})]", 0.0), operator: *, right: (1.0, 1.0), result: 0.0}
列 'p' 不存在，对列 CountyName 不过滤，直接选择所有非无效值。
clean_bool length:3
newest best op: Uniop(df,'CountyName','morgan',(['City'], {('hartselle',)}),{left: ("[FunctionalDependency:(s: {City}, t: {CountyName})]", 0.0), operator: *, right: (1.0, 1.0), result: 0.0})
now error: 0.0
Block processing time: 0.084859 seconds
Computing Block 30 out of 47
Processing Block size=24
begin cleaner{left: ("[FunctionalDependency:(s: {City}, t: {CountyName})]", 0.0), operator: *, right: (1.0, 1.0), result: 0.0}
列 'p' 不存在，对列 CountyName 不过滤，直接选择所有非无效值。
clean_bool length:6
newest best op: Uniop(df,'CountyName','jefferson',(['City'], {('sheffield',)}),{left: ("[FunctionalDependency:(s: {City}, t: {CountyName})]", 0.0), operator: *, right: (1.0, 1.0), result: 0.0})
now error: 0.0
Block processing time: 0.160398 seconds
Computing Block 31 out of 47
Processing Block size=25
begin cleaner{left: ("[FunctionalDependency:(s: {City}, t: {CountyName})]", 0.0), operator: *, right: (1.0, 1.0), result: 0.0}
列 'p' 不存在，对列 CountyName 不过滤，直接选择所有非无效值。
clean_bool length:3
newest best op: Uniop(df,'CountyName','chambers',(['City'], {('valley',)}),{left: ("[FunctionalDependency:(s: {City}, t: {CountyName})]", 0.0), operator: *, right: (1.0, 1.0), result: 0.0})
now error: 0.0
Block processing time: 0.084511 seconds
Computing Block 32 out of 47
Processing Block size=25
begin cleaner{left: ("[FunctionalDependency:(s: {City}, t: {CountyName})]", 0.0), operator: *, right: (1.0, 1.0), result: 0.0}
列 'p' 不存在，对列 CountyName 不过滤，直接选择所有非无效值。
clean_bool length:5
newest best op: Uniop(df,'CountyName','b@@utler',(['City'], {('georgiana',)}),{left: ("[FunctionalDependency:(s: {City}, t: {CountyName})]", 0.0), operator: *, right: (1.0, 1.0), result: 0.0})
now error: 0.0
newest best op: Uniop(df,'CountyName','butler',(['City'], {('georgiana',)}),{left: ("[FunctionalDependency:(s: {City}, t: {CountyName})]", 0.0), operator: *, right: (1.0, 1.0), result: 0.0})
now error: 0.0
Block processing time: 0.139095 seconds
Computing Block 33 out of 47
Processing Block size=25
begin cleaner{left: ("[FunctionalDependency:(s: {City}, t: {CountyName})]", 0.0), operator: *, right: (1.0, 1.0), result: 0.0}
列 'p' 不存在，对列 CountyName 不过滤，直接选择所有非无效值。
clean_bool length:8
newest best op: Uniop(df,'CountyName','mario??n',(['City'], {('hamilton',)}),{left: ("[FunctionalDependency:(s: {City}, t: {CountyName})]", 0.0), operator: *, right: (1.0, 1.0), result: 0.0})
now error: 0.0
newest best op: Uniop(df,'CountyName','marion',(['City'], {('hamilton',)}),{left: ("[FunctionalDependency:(s: {City}, t: {CountyName})]", 0.0), operator: *, right: (1.0, 1.0), result: 0.0})
now error: 0.0
Block processing time: 0.222835 seconds
Computing Block 34 out of 47
Processing Block size=25
begin cleaner{left: ("[FunctionalDependency:(s: {City}, t: {CountyName})]", 0.0), operator: *, right: (1.0, 1.0), result: 0.0}
列 'p' 不存在，对列 CountyName 不过滤，直接选择所有非无效值。
clean_bool length:5
newest best op: Uniop(df,'CountyName','@@lee%',(['City'], {('opelika',)}),{left: ("[FunctionalDependency:(s: {City}, t: {CountyName})]", 0.0), operator: *, right: (1.0, 1.0), result: 0.0})
now error: 0.0
newest best op: Uniop(df,'CountyName','le@@e',(['City'], {('opelika',)}),{left: ("[FunctionalDependency:(s: {City}, t: {CountyName})]", 0.0), operator: *, right: (1.0, 1.0), result: 0.0})
now error: 0.0
newest best op: Uniop(df,'CountyName','lee',(['City'], {('opelika',)}),{left: ("[FunctionalDependency:(s: {City}, t: {CountyName})]", 0.0), operator: *, right: (1.0, 1.0), result: 0.0})
now error: 0.0
Block processing time: 0.139894 seconds
Computing Block 36 out of 47
Processing Block size=23
begin cleaner{left: ("[FunctionalDependency:(s: {City}, t: {CountyName})]", 0.0), operator: *, right: (1.0, 1.0), result: 0.0}
列 'p' 不存在，对列 CountyName 不过滤，直接选择所有非无效值。
clean_bool length:5
newest best op: Uniop(df,'CountyName','ch??ilton',(['City'], {('clanton',)}),{left: ("[FunctionalDependency:(s: {City}, t: {CountyName})]", 0.0), operator: *, right: (1.0, 1.0), result: 0.0})
now error: 0.0
newest best op: Uniop(df,'CountyName','chilton',(['City'], {('clanton',)}),{left: ("[FunctionalDependency:(s: {City}, t: {CountyName})]", 0.0), operator: *, right: (1.0, 1.0), result: 0.0})
now error: 0.0
Block processing time: 0.129122 seconds
Computing Block 38 out of 47
Processing Block size=25
begin cleaner{left: ("[FunctionalDependency:(s: {City}, t: {CountyName})]", 0.0), operator: *, right: (1.0, 1.0), result: 0.0}
列 'p' 不存在，对列 CountyName 不过滤，直接选择所有非无效值。
clean_bool length:5
newest best op: Uniop(df,'CountyName','@??@lauderdale',(['City'], {('florence',)}),{left: ("[FunctionalDependency:(s: {City}, t: {CountyName})]", 0.0), operator: *, right: (1.0, 1.0), result: 0.0})
now error: 0.0
newest best op: Uniop(df,'CountyName','lau%der??dale',(['City'], {('florence',)}),{left: ("[FunctionalDependency:(s: {City}, t: {CountyName})]", 0.0), operator: *, right: (1.0, 1.0), result: 0.0})
now error: 0.0
newest best op: Uniop(df,'CountyName','lauderdale',(['City'], {('florence',)}),{left: ("[FunctionalDependency:(s: {City}, t: {CountyName})]", 0.0), operator: *, right: (1.0, 1.0), result: 0.0})
now error: 0.0
Block processing time: 0.140754 seconds
Computing Block 39 out of 47
Processing Block size=22
begin cleaner{left: ("[FunctionalDependency:(s: {City}, t: {CountyName})]", 0.0), operator: *, right: (1.0, 1.0), result: 0.0}
列 'p' 不存在，对列 CountyName 不过滤，直接选择所有非无效值。
clean_bool length:8
newest best op: Uniop(df,'CountyName','che%ro$kee',(['City'], {('centre',)}),{left: ("[FunctionalDependency:(s: {City}, t: {CountyName})]", 0.0), operator: *, right: (1.0, 1.0), result: 0.0})
now error: 0.0
newest best op: Uniop(df,'CountyName','cherokee',(['City'], {('centre',)}),{left: ("[FunctionalDependency:(s: {City}, t: {CountyName})]", 0.0), operator: *, right: (1.0, 1.0), result: 0.0})
now error: 0.0
Block processing time: 0.198272 seconds
Computing Block 40 out of 47
Processing Block size=20
begin cleaner{left: ("[FunctionalDependency:(s: {City}, t: {CountyName})]", 0.0), operator: *, right: (1.0, 1.0), result: 0.0}
列 'p' 不存在，对列 CountyName 不过滤，直接选择所有非无效值。
clean_bool length:7
newest best op: Uniop(df,'CountyName','bloun??t',(['City'], {('oneonta',)}),{left: ("[FunctionalDependency:(s: {City}, t: {CountyName})]", 0.0), operator: *, right: (1.0, 1.0), result: 0.0})
now error: 0.0
newest best op: Uniop(df,'CountyName','blount',(['City'], {('oneonta',)}),{left: ("[FunctionalDependency:(s: {City}, t: {CountyName})]", 0.0), operator: *, right: (1.0, 1.0), result: 0.0})
now error: 0.0
Block processing time: 0.156019 seconds
Computing Block 41 out of 47
Processing Block size=18
begin cleaner{left: ("[FunctionalDependency:(s: {City}, t: {CountyName})]", 0.0), operator: *, right: (1.0, 1.0), result: 0.0}
列 'p' 不存在，对列 CountyName 不过滤，直接选择所有非无效值。
clean_bool length:7
newest best op: Uniop(df,'CountyName','tall%@@adega',(['City'], {('sylacauga',)}),{left: ("[FunctionalDependency:(s: {City}, t: {CountyName})]", 0.0), operator: *, right: (1.0, 1.0), result: 0.0})
now error: 0.0
newest best op: Uniop(df,'CountyName','talladega@@',(['City'], {('sylacauga',)}),{left: ("[FunctionalDependency:(s: {City}, t: {CountyName})]", 0.0), operator: *, right: (1.0, 1.0), result: 0.0})
now error: 0.0
newest best op: Uniop(df,'CountyName','%talladega',(['City'], {('sylacauga',)}),{left: ("[FunctionalDependency:(s: {City}, t: {CountyName})]", 0.0), operator: *, right: (1.0, 1.0), result: 0.0})
now error: 0.0
newest best op: Uniop(df,'CountyName','talladega',(['City'], {('sylacauga',)}),{left: ("[FunctionalDependency:(s: {City}, t: {CountyName})]", 0.0), operator: *, right: (1.0, 1.0), result: 0.0})
now error: 0.0
Block processing time: 0.141572 seconds
Computing Block 42 out of 47
Processing Block size=80
begin cleaner{left: ("[FunctionalDependency:(s: {City}, t: {CountyName})]", 0.0), operator: *, right: (1.0, 1.0), result: 0.0}
列 'p' 不存在，对列 CountyName 不过滤，直接选择所有非无效值。
clean_bool length:10
newest best op: Uniop(df,'CountyName','#jefferson',(['City'], {('birmingham',)}),{left: ("[FunctionalDependency:(s: {City}, t: {CountyName})]", 0.0), operator: *, right: (1.0, 1.0), result: 0.0})
now error: 0.0
newest best op: Uniop(df,'CountyName','jefferson',(['City'], {('birmingham',)}),{left: ("[FunctionalDependency:(s: {City}, t: {CountyName})]", 0.0), operator: *, right: (1.0, 1.0), result: 0.0})
now error: 0.0
Block processing time: 0.890518 seconds
Computing Block 43 out of 47
Processing Block size=25
begin cleaner{left: ("[FunctionalDependency:(s: {City}, t: {CountyName})]", 0.0), operator: *, right: (1.0, 1.0), result: 0.0}
列 'p' 不存在，对列 CountyName 不过滤，直接选择所有非无效值。
clean_bool length:6
newest best op: Uniop(df,'CountyName','d@@ale',(['City'], {('ozark',)}),{left: ("[FunctionalDependency:(s: {City}, t: {CountyName})]", 0.0), operator: *, right: (1.0, 1.0), result: 0.0})
now error: 0.0
newest best op: Uniop(df,'CountyName','dale@@',(['City'], {('ozark',)}),{left: ("[FunctionalDependency:(s: {City}, t: {CountyName})]", 0.0), operator: *, right: (1.0, 1.0), result: 0.0})
now error: 0.0
newest best op: Uniop(df,'CountyName','dal#e',(['City'], {('ozark',)}),{left: ("[FunctionalDependency:(s: {City}, t: {CountyName})]", 0.0), operator: *, right: (1.0, 1.0), result: 0.0})
now error: 0.0
newest best op: Uniop(df,'CountyName','dale',(['City'], {('ozark',)}),{left: ("[FunctionalDependency:(s: {City}, t: {CountyName})]", 0.0), operator: *, right: (1.0, 1.0), result: 0.0})
now error: 0.0
Block processing time: 0.166341 seconds
Computing Block 44 out of 47
Processing Block size=23
begin cleaner{left: ("[FunctionalDependency:(s: {City}, t: {CountyName})]", 0.0), operator: *, right: (1.0, 1.0), result: 0.0}
列 'p' 不存在，对列 CountyName 不过滤，直接选择所有非无效值。
clean_bool length:6
newest best op: Uniop(df,'CountyName','marshall$',(['City'], {('guntersville',)}),{left: ("[FunctionalDependency:(s: {City}, t: {CountyName})]", 0.0), operator: *, right: (1.0, 1.0), result: 0.0})
now error: 0.0
newest best op: Uniop(df,'CountyName','marsha%ll',(['City'], {('guntersville',)}),{left: ("[FunctionalDependency:(s: {City}, t: {CountyName})]", 0.0), operator: *, right: (1.0, 1.0), result: 0.0})
now error: 0.0
newest best op: Uniop(df,'CountyName','marshall',(['City'], {('guntersville',)}),{left: ("[FunctionalDependency:(s: {City}, t: {CountyName})]", 0.0), operator: *, right: (1.0, 1.0), result: 0.0})
now error: 0.0
Block processing time: 0.154415 seconds
Computing Block 45 out of 47
Processing Block size=25
begin cleaner{left: ("[FunctionalDependency:(s: {City}, t: {CountyName})]", 0.0), operator: *, right: (1.0, 1.0), result: 0.0}
列 'p' 不存在，对列 CountyName 不过滤，直接选择所有非无效值。
clean_bool length:4
newest best op: Uniop(df,'CountyName','de k%alb',(['City'], {('fort payne',)}),{left: ("[FunctionalDependency:(s: {City}, t: {CountyName})]", 0.0), operator: *, right: (1.0, 1.0), result: 0.0})
now error: 0.0
newest best op: Uniop(df,'CountyName','de kalb',(['City'], {('fort payne',)}),{left: ("[FunctionalDependency:(s: {City}, t: {CountyName})]", 0.0), operator: *, right: (1.0, 1.0), result: 0.0})
now error: 0.0
Block processing time: 0.112276 seconds
Computing Block 47 out of 47
Processing Block size=27
begin cleaner{left: ("[FunctionalDependency:(s: {City}, t: {CountyName})]", 0.0), operator: *, right: (1.0, 1.0), result: 0.0}
列 'p' 不存在，对列 CountyName 不过滤，直接选择所有非无效值。
clean_bool length:5
newest best op: Uniop(df,'CountyName','madis??on',(['City'], {('huntsville',)}),{left: ("[FunctionalDependency:(s: {City}, t: {CountyName})]", 0.0), operator: *, right: (1.0, 1.0), result: 0.0})
now error: 0.0
newest best op: Uniop(df,'CountyName','ma$dison',(['City'], {('huntsville',)}),{left: ("[FunctionalDependency:(s: {City}, t: {CountyName})]", 0.0), operator: *, right: (1.0, 1.0), result: 0.0})
now error: 0.0
newest best op: Uniop(df,'CountyName','madison',(['City'], {('huntsville',)}),{left: ("[FunctionalDependency:(s: {City}, t: {CountyName})]", 0.0), operator: *, right: (1.0, 1.0), result: 0.0})
now error: 0.0
Block processing time: 0.15018 seconds
  当前节点: CountyName 有 36 个清洗操作
['EmergencyService', 'State', 'CountyName']的清洗完成

本层累积的编辑规则数: 124
读入数据大小：1000
处理了 124 条规则，更新数据...
所有编辑规则已更新完成

处理第 1 层级, 包含节点: ['ProviderNumber', 'MeasureCode']
  跳过已清洗结束的节点: ProviderNumber
  跳过已清洗结束的节点: MeasureCode
['ProviderNumber', 'MeasureCode']的清洗完成

本层累积的编辑规则数: 0
本层没有可以进行的清洗操作，进行下一层

处理第 2 层级, 包含节点: ['HospitalName', 'MeasureName', 'Stateavg', 'Condition']
  跳过已清洗结束的节点: HospitalName
  跳过已清洗结束的节点: MeasureName
  跳过已清洗结束的节点: Stateavg
  跳过已清洗结束的节点: Condition
['HospitalName', 'MeasureName', 'Stateavg', 'Condition']的清洗完成

本层累积的编辑规则数: 0
本层没有可以进行的清洗操作，进行下一层

处理第 3 层级, 包含节点: ['ZipCode', 'PhoneNumber', 'Address1', 'HospitalOwner', 'City', 'HospitalType']
  跳过已清洗结束的节点: ZipCode
  跳过已清洗结束的节点: PhoneNumber
  跳过已清洗结束的节点: Address1
  跳过已清洗结束的节点: HospitalOwner
  跳过已清洗结束的节点: City
  跳过已清洗结束的节点: HospitalType
['ZipCode', 'PhoneNumber', 'Address1', 'HospitalOwner', 'City', 'HospitalType']的清洗完成

本层累积的编辑规则数: 0
本层没有可以进行的清洗操作，进行下一层

处理第 4 层级, 包含节点: ['EmergencyService', 'State', 'CountyName']
  当前节点: EmergencyService 存在可用清洗信号
数据块大小: 1000
分块属性:
[['ZipCode']]
Starting initial block mapping...
Initial number of blocks: 59
Final number of blocks after further splitting: 58
Computing Block 1 out of 58
Processing Block size=24
begin cleaner[FunctionalDependency:(s: {'ZipCode'}, t: {'EmergencyService'})]*1.0
列 'p' 不存在，对列 EmergencyService 不过滤，直接选择所有非无效值。
Block processing time: 0.028914 seconds
Computing Block 2 out of 58
Processing Block size=25
begin cleaner{left: ("[FunctionalDependency:(s: {ZipCode}, t: {EmergencyService})]", 0.0), operator: *, right: (1.0, 1.0), result: 0.0}
列 'p' 不存在，对列 EmergencyService 不过滤，直接选择所有非无效值。
Block processing time: 0.031276 seconds
Computing Block 3 out of 58
Processing Block size=25
begin cleaner{left: ("[FunctionalDependency:(s: {ZipCode}, t: {EmergencyService})]", 0.0), operator: *, right: (1.0, 1.0), result: 0.0}
列 'p' 不存在，对列 EmergencyService 不过滤，直接选择所有非无效值。
Block processing time: 0.029686 seconds
Computing Block 4 out of 58
Processing Block size=25
begin cleaner{left: ("[FunctionalDependency:(s: {ZipCode}, t: {EmergencyService})]", 0.0), operator: *, right: (1.0, 1.0), result: 0.0}
列 'p' 不存在，对列 EmergencyService 不过滤，直接选择所有非无效值。
Block processing time: 0.029756 seconds
Computing Block 5 out of 58
Processing Block size=17
begin cleaner{left: ("[FunctionalDependency:(s: {ZipCode}, t: {EmergencyService})]", 0.0), operator: *, right: (1.0, 1.0), result: 0.0}
列 'p' 不存在，对列 EmergencyService 不过滤，直接选择所有非无效值。
Block processing time: 0.020209 seconds
Computing Block 6 out of 58
Processing Block size=2
begin cleaner{left: ("[FunctionalDependency:(s: {ZipCode}, t: {EmergencyService})]", 0.0), operator: *, right: (1.0, 1.0), result: 0.0}
列 'p' 不存在，对列 EmergencyService 不过滤，直接选择所有非无效值。
Block processing time: 0.002576 seconds
Computing Block 7 out of 58
Processing Block size=13
begin cleaner{left: ("[FunctionalDependency:(s: {ZipCode}, t: {EmergencyService})]", 0.0), operator: *, right: (1.0, 1.0), result: 0.0}
列 'p' 不存在，对列 EmergencyService 不过滤，直接选择所有非无效值。
Block processing time: 0.015495 seconds
Computing Block 8 out of 58
Processing Block size=20
begin cleaner{left: ("[FunctionalDependency:(s: {ZipCode}, t: {EmergencyService})]", 0.0), operator: *, right: (1.0, 1.0), result: 0.0}
列 'p' 不存在，对列 EmergencyService 不过滤，直接选择所有非无效值。
Block processing time: 0.023658 seconds
Computing Block 9 out of 58
Processing Block size=24
begin cleaner{left: ("[FunctionalDependency:(s: {ZipCode}, t: {EmergencyService})]", 0.0), operator: *, right: (1.0, 1.0), result: 0.0}
列 'p' 不存在，对列 EmergencyService 不过滤，直接选择所有非无效值。
Block processing time: 0.028407 seconds
Computing Block 10 out of 58
Processing Block size=25
begin cleaner{left: ("[FunctionalDependency:(s: {ZipCode}, t: {EmergencyService})]", 0.0), operator: *, right: (1.0, 1.0), result: 0.0}
列 'p' 不存在，对列 EmergencyService 不过滤，直接选择所有非无效值。
Block processing time: 0.029997 seconds
Computing Block 12 out of 58
Processing Block size=25
begin cleaner{left: ("[FunctionalDependency:(s: {ZipCode}, t: {EmergencyService})]", 0.0), operator: *, right: (1.0, 1.0), result: 0.0}
列 'p' 不存在，对列 EmergencyService 不过滤，直接选择所有非无效值。
Block processing time: 0.029795 seconds
Computing Block 15 out of 58
Processing Block size=24
begin cleaner{left: ("[FunctionalDependency:(s: {ZipCode}, t: {EmergencyService})]", 0.0), operator: *, right: (1.0, 1.0), result: 0.0}
列 'p' 不存在，对列 EmergencyService 不过滤，直接选择所有非无效值。
Block processing time: 0.028515 seconds
Computing Block 17 out of 58
Processing Block size=24
begin cleaner{left: ("[FunctionalDependency:(s: {ZipCode}, t: {EmergencyService})]", 0.0), operator: *, right: (1.0, 1.0), result: 0.0}
列 'p' 不存在，对列 EmergencyService 不过滤，直接选择所有非无效值。
Block processing time: 0.028691 seconds
Computing Block 18 out of 58
Processing Block size=18
begin cleaner{left: ("[FunctionalDependency:(s: {ZipCode}, t: {EmergencyService})]", 0.0), operator: *, right: (1.0, 1.0), result: 0.0}
列 'p' 不存在，对列 EmergencyService 不过滤，直接选择所有非无效值。
Block processing time: 0.021458 seconds
Computing Block 19 out of 58
Processing Block size=50
begin cleaner{left: ("[FunctionalDependency:(s: {ZipCode}, t: {EmergencyService})]", 0.0), operator: *, right: (1.0, 1.0), result: 0.0}
列 'p' 不存在，对列 EmergencyService 不过滤，直接选择所有非无效值。
Block processing time: 0.059129 seconds
Computing Block 20 out of 58
Processing Block size=23
begin cleaner{left: ("[FunctionalDependency:(s: {ZipCode}, t: {EmergencyService})]", 0.0), operator: *, right: (1.0, 1.0), result: 0.0}
列 'p' 不存在，对列 EmergencyService 不过滤，直接选择所有非无效值。
Block processing time: 0.027191 seconds
Computing Block 22 out of 58
Processing Block size=25
begin cleaner{left: ("[FunctionalDependency:(s: {ZipCode}, t: {EmergencyService})]", 0.0), operator: *, right: (1.0, 1.0), result: 0.0}
列 'p' 不存在，对列 EmergencyService 不过滤，直接选择所有非无效值。
Block processing time: 0.029516 seconds
Computing Block 23 out of 58
Processing Block size=23
begin cleaner{left: ("[FunctionalDependency:(s: {ZipCode}, t: {EmergencyService})]", 0.0), operator: *, right: (1.0, 1.0), result: 0.0}
列 'p' 不存在，对列 EmergencyService 不过滤，直接选择所有非无效值。
Block processing time: 0.027195 seconds
Computing Block 24 out of 58
Processing Block size=24
begin cleaner{left: ("[FunctionalDependency:(s: {ZipCode}, t: {EmergencyService})]", 0.0), operator: *, right: (1.0, 1.0), result: 0.0}
列 'p' 不存在，对列 EmergencyService 不过滤，直接选择所有非无效值。
Block processing time: 0.028364 seconds
Computing Block 25 out of 58
Processing Block size=2
begin cleaner{left: ("[FunctionalDependency:(s: {ZipCode}, t: {EmergencyService})]", 0.0), operator: *, right: (1.0, 1.0), result: 0.0}
列 'p' 不存在，对列 EmergencyService 不过滤，直接选择所有非无效值。
Block processing time: 0.002628 seconds
Computing Block 26 out of 58
Processing Block size=25
begin cleaner{left: ("[FunctionalDependency:(s: {ZipCode}, t: {EmergencyService})]", 0.0), operator: *, right: (1.0, 1.0), result: 0.0}
列 'p' 不存在，对列 EmergencyService 不过滤，直接选择所有非无效值。
Block processing time: 0.030157 seconds
Computing Block 27 out of 58
Processing Block size=28
begin cleaner{left: ("[FunctionalDependency:(s: {ZipCode}, t: {EmergencyService})]", 0.0), operator: *, right: (1.0, 1.0), result: 0.0}
列 'p' 不存在，对列 EmergencyService 不过滤，直接选择所有非无效值。
Block processing time: 0.033288 seconds
Computing Block 28 out of 58
Processing Block size=25
begin cleaner{left: ("[FunctionalDependency:(s: {ZipCode}, t: {EmergencyService})]", 0.0), operator: *, right: (1.0, 1.0), result: 0.0}
列 'p' 不存在，对列 EmergencyService 不过滤，直接选择所有非无效值。
Block processing time: 0.029372 seconds
Computing Block 29 out of 58
Processing Block size=24
begin cleaner{left: ("[FunctionalDependency:(s: {ZipCode}, t: {EmergencyService})]", 0.0), operator: *, right: (1.0, 1.0), result: 0.0}
列 'p' 不存在，对列 EmergencyService 不过滤，直接选择所有非无效值。
Block processing time: 0.028367 seconds
Computing Block 30 out of 58
Processing Block size=24
begin cleaner{left: ("[FunctionalDependency:(s: {ZipCode}, t: {EmergencyService})]", 0.0), operator: *, right: (1.0, 1.0), result: 0.0}
列 'p' 不存在，对列 EmergencyService 不过滤，直接选择所有非无效值。
Block processing time: 0.028286 seconds
Computing Block 32 out of 58
Processing Block size=5
begin cleaner{left: ("[FunctionalDependency:(s: {ZipCode}, t: {EmergencyService})]", 0.0), operator: *, right: (1.0, 1.0), result: 0.0}
列 'p' 不存在，对列 EmergencyService 不过滤，直接选择所有非无效值。
Block processing time: 0.006089 seconds
Computing Block 34 out of 58
Processing Block size=25
begin cleaner{left: ("[FunctionalDependency:(s: {ZipCode}, t: {EmergencyService})]", 0.0), operator: *, right: (1.0, 1.0), result: 0.0}
列 'p' 不存在，对列 EmergencyService 不过滤，直接选择所有非无效值。
Block processing time: 0.029529 seconds
Computing Block 36 out of 58
Processing Block size=25
begin cleaner{left: ("[FunctionalDependency:(s: {ZipCode}, t: {EmergencyService})]", 0.0), operator: *, right: (1.0, 1.0), result: 0.0}
列 'p' 不存在，对列 EmergencyService 不过滤，直接选择所有非无效值。
Block processing time: 0.029507 seconds
Computing Block 37 out of 58
Processing Block size=25
begin cleaner{left: ("[FunctionalDependency:(s: {ZipCode}, t: {EmergencyService})]", 0.0), operator: *, right: (1.0, 1.0), result: 0.0}
列 'p' 不存在，对列 EmergencyService 不过滤，直接选择所有非无效值。
Block processing time: 0.029492 seconds
Computing Block 39 out of 58
Processing Block size=24
begin cleaner{left: ("[FunctionalDependency:(s: {ZipCode}, t: {EmergencyService})]", 0.0), operator: *, right: (1.0, 1.0), result: 0.0}
列 'p' 不存在，对列 EmergencyService 不过滤，直接选择所有非无效值。
Block processing time: 0.028299 seconds
Computing Block 40 out of 58
Processing Block size=25
begin cleaner{left: ("[FunctionalDependency:(s: {ZipCode}, t: {EmergencyService})]", 0.0), operator: *, right: (1.0, 1.0), result: 0.0}
列 'p' 不存在，对列 EmergencyService 不过滤，直接选择所有非无效值。
Block processing time: 0.029975 seconds
Computing Block 41 out of 58
Processing Block size=24
begin cleaner{left: ("[FunctionalDependency:(s: {ZipCode}, t: {EmergencyService})]", 0.0), operator: *, right: (1.0, 1.0), result: 0.0}
列 'p' 不存在，对列 EmergencyService 不过滤，直接选择所有非无效值。
Block processing time: 0.028535 seconds
Computing Block 42 out of 58
Processing Block size=25
begin cleaner{left: ("[FunctionalDependency:(s: {ZipCode}, t: {EmergencyService})]", 0.0), operator: *, right: (1.0, 1.0), result: 0.0}
列 'p' 不存在，对列 EmergencyService 不过滤，直接选择所有非无效值。
Block processing time: 0.029707 seconds
Computing Block 44 out of 58
Processing Block size=24
begin cleaner{left: ("[FunctionalDependency:(s: {ZipCode}, t: {EmergencyService})]", 0.0), operator: *, right: (1.0, 1.0), result: 0.0}
列 'p' 不存在，对列 EmergencyService 不过滤，直接选择所有非无效值。
Block processing time: 0.028445 seconds
Computing Block 45 out of 58
Processing Block size=28
begin cleaner{left: ("[FunctionalDependency:(s: {ZipCode}, t: {EmergencyService})]", 0.0), operator: *, right: (1.0, 1.0), result: 0.0}
列 'p' 不存在，对列 EmergencyService 不过滤，直接选择所有非无效值。
Block processing time: 0.03332 seconds
Computing Block 47 out of 58
Processing Block size=25
begin cleaner{left: ("[FunctionalDependency:(s: {ZipCode}, t: {EmergencyService})]", 0.0), operator: *, right: (1.0, 1.0), result: 0.0}
列 'p' 不存在，对列 EmergencyService 不过滤，直接选择所有非无效值。
Block processing time: 0.029873 seconds
Computing Block 48 out of 58
Processing Block size=27
begin cleaner{left: ("[FunctionalDependency:(s: {ZipCode}, t: {EmergencyService})]", 0.0), operator: *, right: (1.0, 1.0), result: 0.0}
列 'p' 不存在，对列 EmergencyService 不过滤，直接选择所有非无效值。
Block processing time: 0.03226 seconds
Computing Block 49 out of 58
Processing Block size=24
begin cleaner{left: ("[FunctionalDependency:(s: {ZipCode}, t: {EmergencyService})]", 0.0), operator: *, right: (1.0, 1.0), result: 0.0}
列 'p' 不存在，对列 EmergencyService 不过滤，直接选择所有非无效值。
Block processing time: 0.028486 seconds
Computing Block 50 out of 58
Processing Block size=20
begin cleaner{left: ("[FunctionalDependency:(s: {ZipCode}, t: {EmergencyService})]", 0.0), operator: *, right: (1.0, 1.0), result: 0.0}
列 'p' 不存在，对列 EmergencyService 不过滤，直接选择所有非无效值。
Block processing time: 0.023756 seconds
Computing Block 51 out of 58
Processing Block size=18
begin cleaner{left: ("[FunctionalDependency:(s: {ZipCode}, t: {EmergencyService})]", 0.0), operator: *, right: (1.0, 1.0), result: 0.0}
列 'p' 不存在，对列 EmergencyService 不过滤，直接选择所有非无效值。
Block processing time: 0.021736 seconds
Computing Block 54 out of 58
Processing Block size=24
begin cleaner{left: ("[FunctionalDependency:(s: {ZipCode}, t: {EmergencyService})]", 0.0), operator: *, right: (1.0, 1.0), result: 0.0}
列 'p' 不存在，对列 EmergencyService 不过滤，直接选择所有非无效值。
Block processing time: 0.028403 seconds
Computing Block 56 out of 58
Processing Block size=25
begin cleaner{left: ("[FunctionalDependency:(s: {ZipCode}, t: {EmergencyService})]", 0.0), operator: *, right: (1.0, 1.0), result: 0.0}
列 'p' 不存在，对列 EmergencyService 不过滤，直接选择所有非无效值。
Block processing time: 0.029552 seconds
Computing Block 57 out of 58
Processing Block size=23
begin cleaner{left: ("[FunctionalDependency:(s: {ZipCode}, t: {EmergencyService})]", 0.0), operator: *, right: (1.0, 1.0), result: 0.0}
列 'p' 不存在，对列 EmergencyService 不过滤，直接选择所有非无效值。
Block processing time: 0.027663 seconds
  当前节点: EmergencyService 无清洗操作
  当前节点: State 存在可用清洗信号
数据块大小: 1000
分块属性:
[['HospitalOwner', 'PhoneNumber', 'HospitalName']]
Starting initial block mapping...
Initial number of blocks: 101
Final number of blocks after further splitting: 101
Computing Block 2 out of 101
Processing Block size=23
begin cleaner[FunctionalDependency:(s: {'HospitalOwner', 'PhoneNumber', 'HospitalName'}, t: {'State'})]*1.0
列 'p' 不存在，对列 State 不过滤，直接选择所有非无效值。
Block processing time: 0.028717 seconds
Computing Block 6 out of 101
Processing Block size=26
begin cleaner{left: ("[FunctionalDependency:(s: {HospitalOwner, PhoneNumber, HospitalName}, t: {State})]", 0.0), operator: *, right: (1.0, 1.0), result: 0.0}
列 'p' 不存在，对列 State 不过滤，直接选择所有非无效值。
Block processing time: 0.032252 seconds
Computing Block 8 out of 101
Processing Block size=25
begin cleaner{left: ("[FunctionalDependency:(s: {HospitalOwner, PhoneNumber, HospitalName}, t: {State})]", 0.0), operator: *, right: (1.0, 1.0), result: 0.0}
列 'p' 不存在，对列 State 不过滤，直接选择所有非无效值。
Block processing time: 0.030687 seconds
Computing Block 9 out of 101
Processing Block size=22
begin cleaner{left: ("[FunctionalDependency:(s: {HospitalOwner, PhoneNumber, HospitalName}, t: {State})]", 0.0), operator: *, right: (1.0, 1.0), result: 0.0}
列 'p' 不存在，对列 State 不过滤，直接选择所有非无效值。
Block processing time: 0.026983 seconds
Computing Block 13 out of 101
Processing Block size=24
begin cleaner{left: ("[FunctionalDependency:(s: {HospitalOwner, PhoneNumber, HospitalName}, t: {State})]", 0.0), operator: *, right: (1.0, 1.0), result: 0.0}
列 'p' 不存在，对列 State 不过滤，直接选择所有非无效值。
Block processing time: 0.029919 seconds
Computing Block 14 out of 101
Processing Block size=22
begin cleaner{left: ("[FunctionalDependency:(s: {HospitalOwner, PhoneNumber, HospitalName}, t: {State})]", 0.0), operator: *, right: (1.0, 1.0), result: 0.0}
列 'p' 不存在，对列 State 不过滤，直接选择所有非无效值。
Block processing time: 0.027198 seconds
Computing Block 15 out of 101
Processing Block size=23
begin cleaner{left: ("[FunctionalDependency:(s: {HospitalOwner, PhoneNumber, HospitalName}, t: {State})]", 0.0), operator: *, right: (1.0, 1.0), result: 0.0}
列 'p' 不存在，对列 State 不过滤，直接选择所有非无效值。
Block processing time: 0.028216 seconds
Computing Block 16 out of 101
Processing Block size=24
begin cleaner{left: ("[FunctionalDependency:(s: {HospitalOwner, PhoneNumber, HospitalName}, t: {State})]", 0.0), operator: *, right: (1.0, 1.0), result: 0.0}
列 'p' 不存在，对列 State 不过滤，直接选择所有非无效值。
Block processing time: 0.02947 seconds
Computing Block 19 out of 101
Processing Block size=25
begin cleaner{left: ("[FunctionalDependency:(s: {HospitalOwner, PhoneNumber, HospitalName}, t: {State})]", 0.0), operator: *, right: (1.0, 1.0), result: 0.0}
列 'p' 不存在，对列 State 不过滤，直接选择所有非无效值。
Block processing time: 0.030561 seconds
Computing Block 22 out of 101
Processing Block size=25
begin cleaner{left: ("[FunctionalDependency:(s: {HospitalOwner, PhoneNumber, HospitalName}, t: {State})]", 0.0), operator: *, right: (1.0, 1.0), result: 0.0}
列 'p' 不存在，对列 State 不过滤，直接选择所有非无效值。
Block processing time: 0.030486 seconds
Computing Block 24 out of 101
Processing Block size=23
begin cleaner{left: ("[FunctionalDependency:(s: {HospitalOwner, PhoneNumber, HospitalName}, t: {State})]", 0.0), operator: *, right: (1.0, 1.0), result: 0.0}
列 'p' 不存在，对列 State 不过滤，直接选择所有非无效值。
Block processing time: 0.028145 seconds
Computing Block 26 out of 101
Processing Block size=24
begin cleaner{left: ("[FunctionalDependency:(s: {HospitalOwner, PhoneNumber, HospitalName}, t: {State})]", 0.0), operator: *, right: (1.0, 1.0), result: 0.0}
列 'p' 不存在，对列 State 不过滤，直接选择所有非无效值。
Block processing time: 0.029377 seconds
Computing Block 27 out of 101
Processing Block size=28
begin cleaner{left: ("[FunctionalDependency:(s: {HospitalOwner, PhoneNumber, HospitalName}, t: {State})]", 0.0), operator: *, right: (1.0, 1.0), result: 0.0}
列 'p' 不存在，对列 State 不过滤，直接选择所有非无效值。
Block processing time: 0.03421 seconds
Computing Block 28 out of 101
Processing Block size=2
begin cleaner{left: ("[FunctionalDependency:(s: {HospitalOwner, PhoneNumber, HospitalName}, t: {State})]", 0.0), operator: *, right: (1.0, 1.0), result: 0.0}
列 'p' 不存在，对列 State 不过滤，直接选择所有非无效值。
Block processing time: 0.002655 seconds
Computing Block 29 out of 101
Processing Block size=25
begin cleaner{left: ("[FunctionalDependency:(s: {HospitalOwner, PhoneNumber, HospitalName}, t: {State})]", 0.0), operator: *, right: (1.0, 1.0), result: 0.0}
列 'p' 不存在，对列 State 不过滤，直接选择所有非无效值。
Block processing time: 0.030521 seconds
Computing Block 31 out of 101
Processing Block size=24
begin cleaner{left: ("[FunctionalDependency:(s: {HospitalOwner, PhoneNumber, HospitalName}, t: {State})]", 0.0), operator: *, right: (1.0, 1.0), result: 0.0}
列 'p' 不存在，对列 State 不过滤，直接选择所有非无效值。
Block processing time: 0.029469 seconds
Computing Block 40 out of 101
Processing Block size=2
begin cleaner{left: ("[FunctionalDependency:(s: {HospitalOwner, PhoneNumber, HospitalName}, t: {State})]", 0.0), operator: *, right: (1.0, 1.0), result: 0.0}
列 'p' 不存在，对列 State 不过滤，直接选择所有非无效值。
Block processing time: 0.002643 seconds
Computing Block 44 out of 101
Processing Block size=2
begin cleaner{left: ("[FunctionalDependency:(s: {HospitalOwner, PhoneNumber, HospitalName}, t: {State})]", 0.0), operator: *, right: (1.0, 1.0), result: 0.0}
列 'p' 不存在，对列 State 不过滤，直接选择所有非无效值。
Block processing time: 0.002636 seconds
Computing Block 45 out of 101
Processing Block size=19
begin cleaner{left: ("[FunctionalDependency:(s: {HospitalOwner, PhoneNumber, HospitalName}, t: {State})]", 0.0), operator: *, right: (1.0, 1.0), result: 0.0}
列 'p' 不存在，对列 State 不过滤，直接选择所有非无效值。
Block processing time: 0.023222 seconds
Computing Block 47 out of 101
Processing Block size=24
begin cleaner{left: ("[FunctionalDependency:(s: {HospitalOwner, PhoneNumber, HospitalName}, t: {State})]", 0.0), operator: *, right: (1.0, 1.0), result: 0.0}
列 'p' 不存在，对列 State 不过滤，直接选择所有非无效值。
Block processing time: 0.029283 seconds
Computing Block 49 out of 101
Processing Block size=16
begin cleaner{left: ("[FunctionalDependency:(s: {HospitalOwner, PhoneNumber, HospitalName}, t: {State})]", 0.0), operator: *, right: (1.0, 1.0), result: 0.0}
列 'p' 不存在，对列 State 不过滤，直接选择所有非无效值。
Block processing time: 0.019893 seconds
Computing Block 50 out of 101
Processing Block size=18
begin cleaner{left: ("[FunctionalDependency:(s: {HospitalOwner, PhoneNumber, HospitalName}, t: {State})]", 0.0), operator: *, right: (1.0, 1.0), result: 0.0}
列 'p' 不存在，对列 State 不过滤，直接选择所有非无效值。
Block processing time: 0.021989 seconds
Computing Block 51 out of 101
Processing Block size=20
begin cleaner{left: ("[FunctionalDependency:(s: {HospitalOwner, PhoneNumber, HospitalName}, t: {State})]", 0.0), operator: *, right: (1.0, 1.0), result: 0.0}
列 'p' 不存在，对列 State 不过滤，直接选择所有非无效值。
Block processing time: 0.02471 seconds
Computing Block 52 out of 101
Processing Block size=24
begin cleaner{left: ("[FunctionalDependency:(s: {HospitalOwner, PhoneNumber, HospitalName}, t: {State})]", 0.0), operator: *, right: (1.0, 1.0), result: 0.0}
列 'p' 不存在，对列 State 不过滤，直接选择所有非无效值。
Block processing time: 0.029544 seconds
Computing Block 55 out of 101
Processing Block size=24
begin cleaner{left: ("[FunctionalDependency:(s: {HospitalOwner, PhoneNumber, HospitalName}, t: {State})]", 0.0), operator: *, right: (1.0, 1.0), result: 0.0}
列 'p' 不存在，对列 State 不过滤，直接选择所有非无效值。
Block processing time: 0.029413 seconds
Computing Block 57 out of 101
Processing Block size=5
begin cleaner{left: ("[FunctionalDependency:(s: {HospitalOwner, PhoneNumber, HospitalName}, t: {State})]", 0.0), operator: *, right: (1.0, 1.0), result: 0.0}
列 'p' 不存在，对列 State 不过滤，直接选择所有非无效值。
Block processing time: 0.006328 seconds
Computing Block 58 out of 101
Processing Block size=25
begin cleaner{left: ("[FunctionalDependency:(s: {HospitalOwner, PhoneNumber, HospitalName}, t: {State})]", 0.0), operator: *, right: (1.0, 1.0), result: 0.0}
列 'p' 不存在，对列 State 不过滤，直接选择所有非无效值。
Block processing time: 0.030701 seconds
Computing Block 60 out of 101
Processing Block size=22
begin cleaner{left: ("[FunctionalDependency:(s: {HospitalOwner, PhoneNumber, HospitalName}, t: {State})]", 0.0), operator: *, right: (1.0, 1.0), result: 0.0}
列 'p' 不存在，对列 State 不过滤，直接选择所有非无效值。
Block processing time: 0.026812 seconds
Computing Block 62 out of 101
Processing Block size=22
begin cleaner{left: ("[FunctionalDependency:(s: {HospitalOwner, PhoneNumber, HospitalName}, t: {State})]", 0.0), operator: *, right: (1.0, 1.0), result: 0.0}
列 'p' 不存在，对列 State 不过滤，直接选择所有非无效值。
Block processing time: 0.026843 seconds
Computing Block 63 out of 101
Processing Block size=20
begin cleaner{left: ("[FunctionalDependency:(s: {HospitalOwner, PhoneNumber, HospitalName}, t: {State})]", 0.0), operator: *, right: (1.0, 1.0), result: 0.0}
列 'p' 不存在，对列 State 不过滤，直接选择所有非无效值。
Block processing time: 0.024605 seconds
Computing Block 64 out of 101
Processing Block size=23
begin cleaner{left: ("[FunctionalDependency:(s: {HospitalOwner, PhoneNumber, HospitalName}, t: {State})]", 0.0), operator: *, right: (1.0, 1.0), result: 0.0}
列 'p' 不存在，对列 State 不过滤，直接选择所有非无效值。
Block processing time: 0.028479 seconds
Computing Block 66 out of 101
Processing Block size=23
begin cleaner{left: ("[FunctionalDependency:(s: {HospitalOwner, PhoneNumber, HospitalName}, t: {State})]", 0.0), operator: *, right: (1.0, 1.0), result: 0.0}
列 'p' 不存在，对列 State 不过滤，直接选择所有非无效值。
Block processing time: 0.028183 seconds
Computing Block 67 out of 101
Processing Block size=18
begin cleaner{left: ("[FunctionalDependency:(s: {HospitalOwner, PhoneNumber, HospitalName}, t: {State})]", 0.0), operator: *, right: (1.0, 1.0), result: 0.0}
列 'p' 不存在，对列 State 不过滤，直接选择所有非无效值。
Block processing time: 0.02212 seconds
Computing Block 68 out of 101
Processing Block size=2
begin cleaner{left: ("[FunctionalDependency:(s: {HospitalOwner, PhoneNumber, HospitalName}, t: {State})]", 0.0), operator: *, right: (1.0, 1.0), result: 0.0}
列 'p' 不存在，对列 State 不过滤，直接选择所有非无效值。
Block processing time: 0.002684 seconds
Computing Block 69 out of 101
Processing Block size=25
begin cleaner{left: ("[FunctionalDependency:(s: {HospitalOwner, PhoneNumber, HospitalName}, t: {State})]", 0.0), operator: *, right: (1.0, 1.0), result: 0.0}
列 'p' 不存在，对列 State 不过滤，直接选择所有非无效值。
Block processing time: 0.030757 seconds
Computing Block 74 out of 101
Processing Block size=23
begin cleaner{left: ("[FunctionalDependency:(s: {HospitalOwner, PhoneNumber, HospitalName}, t: {State})]", 0.0), operator: *, right: (1.0, 1.0), result: 0.0}
列 'p' 不存在，对列 State 不过滤，直接选择所有非无效值。
Block processing time: 0.028376 seconds
Computing Block 77 out of 101
Processing Block size=13
begin cleaner{left: ("[FunctionalDependency:(s: {HospitalOwner, PhoneNumber, HospitalName}, t: {State})]", 0.0), operator: *, right: (1.0, 1.0), result: 0.0}
列 'p' 不存在，对列 State 不过滤，直接选择所有非无效值。
Block processing time: 0.016324 seconds
Computing Block 79 out of 101
Processing Block size=25
begin cleaner{left: ("[FunctionalDependency:(s: {HospitalOwner, PhoneNumber, HospitalName}, t: {State})]", 0.0), operator: *, right: (1.0, 1.0), result: 0.0}
列 'p' 不存在，对列 State 不过滤，直接选择所有非无效值。
Block processing time: 0.030762 seconds
Computing Block 82 out of 101
Processing Block size=24
begin cleaner{left: ("[FunctionalDependency:(s: {HospitalOwner, PhoneNumber, HospitalName}, t: {State})]", 0.0), operator: *, right: (1.0, 1.0), result: 0.0}
列 'p' 不存在，对列 State 不过滤，直接选择所有非无效值。
Block processing time: 0.029466 seconds
Computing Block 85 out of 101
Processing Block size=23
begin cleaner{left: ("[FunctionalDependency:(s: {HospitalOwner, PhoneNumber, HospitalName}, t: {State})]", 0.0), operator: *, right: (1.0, 1.0), result: 0.0}
列 'p' 不存在，对列 State 不过滤，直接选择所有非无效值。
Block processing time: 0.028262 seconds
Computing Block 86 out of 101
Processing Block size=2
begin cleaner{left: ("[FunctionalDependency:(s: {HospitalOwner, PhoneNumber, HospitalName}, t: {State})]", 0.0), operator: *, right: (1.0, 1.0), result: 0.0}
列 'p' 不存在，对列 State 不过滤，直接选择所有非无效值。
Block processing time: 0.002672 seconds
Computing Block 88 out of 101
Processing Block size=25
begin cleaner{left: ("[FunctionalDependency:(s: {HospitalOwner, PhoneNumber, HospitalName}, t: {State})]", 0.0), operator: *, right: (1.0, 1.0), result: 0.0}
列 'p' 不存在，对列 State 不过滤，直接选择所有非无效值。
Block processing time: 0.031326 seconds
Computing Block 89 out of 101
Processing Block size=25
begin cleaner{left: ("[FunctionalDependency:(s: {HospitalOwner, PhoneNumber, HospitalName}, t: {State})]", 0.0), operator: *, right: (1.0, 1.0), result: 0.0}
列 'p' 不存在，对列 State 不过滤，直接选择所有非无效值。
Block processing time: 0.03083 seconds
Computing Block 92 out of 101
Processing Block size=22
begin cleaner{left: ("[FunctionalDependency:(s: {HospitalOwner, PhoneNumber, HospitalName}, t: {State})]", 0.0), operator: *, right: (1.0, 1.0), result: 0.0}
列 'p' 不存在，对列 State 不过滤，直接选择所有非无效值。
Block processing time: 0.027862 seconds
Computing Block 97 out of 101
Processing Block size=23
begin cleaner{left: ("[FunctionalDependency:(s: {HospitalOwner, PhoneNumber, HospitalName}, t: {State})]", 0.0), operator: *, right: (1.0, 1.0), result: 0.0}
列 'p' 不存在，对列 State 不过滤，直接选择所有非无效值。
Block processing time: 0.028477 seconds
Computing Block 98 out of 101
Processing Block size=19
begin cleaner{left: ("[FunctionalDependency:(s: {HospitalOwner, PhoneNumber, HospitalName}, t: {State})]", 0.0), operator: *, right: (1.0, 1.0), result: 0.0}
列 'p' 不存在，对列 State 不过滤，直接选择所有非无效值。
Block processing time: 0.023904 seconds
Computing Block 100 out of 101
Processing Block size=22
begin cleaner{left: ("[FunctionalDependency:(s: {HospitalOwner, PhoneNumber, HospitalName}, t: {State})]", 0.0), operator: *, right: (1.0, 1.0), result: 0.0}
列 'p' 不存在，对列 State 不过滤，直接选择所有非无效值。
Block processing time: 0.027264 seconds
Computing Block 101 out of 101
Processing Block size=2
begin cleaner{left: ("[FunctionalDependency:(s: {HospitalOwner, PhoneNumber, HospitalName}, t: {State})]", 0.0), operator: *, right: (1.0, 1.0), result: 0.0}
列 'p' 不存在，对列 State 不过滤，直接选择所有非无效值。
Block processing time: 0.002677 seconds
  当前节点: State 无清洗操作
  当前节点: CountyName 存在可用清洗信号
数据块大小: 1000
分块属性:
[['City']]
Starting initial block mapping...
Initial number of blocks: 48
Final number of blocks after further splitting: 47
Computing Block 1 out of 47
Processing Block size=2
begin cleaner[FunctionalDependency:(s: {'City'}, t: {'CountyName'})]*1.0
列 'p' 不存在，对列 CountyName 不过滤，直接选择所有非无效值。
Block processing time: 0.00276 seconds
Computing Block 2 out of 47
Processing Block size=25
begin cleaner{left: ("[FunctionalDependency:(s: {City}, t: {CountyName})]", 0.0), operator: *, right: (1.0, 1.0), result: 0.0}
列 'p' 不存在，对列 CountyName 不过滤，直接选择所有非无效值。
Block processing time: 0.029646 seconds
Computing Block 4 out of 47
Processing Block size=13
begin cleaner{left: ("[FunctionalDependency:(s: {City}, t: {CountyName})]", 0.0), operator: *, right: (1.0, 1.0), result: 0.0}
列 'p' 不存在，对列 CountyName 不过滤，直接选择所有非无效值。
Block processing time: 0.015464 seconds
Computing Block 5 out of 47
Processing Block size=20
begin cleaner{left: ("[FunctionalDependency:(s: {City}, t: {CountyName})]", 0.0), operator: *, right: (1.0, 1.0), result: 0.0}
列 'p' 不存在，对列 CountyName 不过滤，直接选择所有非无效值。
Block processing time: 0.023603 seconds
Computing Block 6 out of 47
Processing Block size=25
begin cleaner{left: ("[FunctionalDependency:(s: {City}, t: {CountyName})]", 0.0), operator: *, right: (1.0, 1.0), result: 0.0}
列 'p' 不存在，对列 CountyName 不过滤，直接选择所有非无效值。
Block processing time: 0.029528 seconds
Computing Block 7 out of 47
Processing Block size=25
begin cleaner{left: ("[FunctionalDependency:(s: {City}, t: {CountyName})]", 0.0), operator: *, right: (1.0, 1.0), result: 0.0}
列 'p' 不存在，对列 CountyName 不过滤，直接选择所有非无效值。
Block processing time: 0.030063 seconds
Computing Block 8 out of 47
Processing Block size=24
begin cleaner{left: ("[FunctionalDependency:(s: {City}, t: {CountyName})]", 0.0), operator: *, right: (1.0, 1.0), result: 0.0}
列 'p' 不存在，对列 CountyName 不过滤，直接选择所有非无效值。
Block processing time: 0.028812 seconds
Computing Block 10 out of 47
Processing Block size=24
begin cleaner{left: ("[FunctionalDependency:(s: {City}, t: {CountyName})]", 0.0), operator: *, right: (1.0, 1.0), result: 0.0}
列 'p' 不存在，对列 CountyName 不过滤，直接选择所有非无效值。
Block processing time: 0.028867 seconds
Computing Block 11 out of 47
Processing Block size=24
begin cleaner{left: ("[FunctionalDependency:(s: {City}, t: {CountyName})]", 0.0), operator: *, right: (1.0, 1.0), result: 0.0}
列 'p' 不存在，对列 CountyName 不过滤，直接选择所有非无效值。
Block processing time: 0.028648 seconds
Computing Block 12 out of 47
Processing Block size=25
begin cleaner{left: ("[FunctionalDependency:(s: {City}, t: {CountyName})]", 0.0), operator: *, right: (1.0, 1.0), result: 0.0}
列 'p' 不存在，对列 CountyName 不过滤，直接选择所有非无效值。
Block processing time: 0.030037 seconds
Computing Block 14 out of 47
Processing Block size=18
begin cleaner{left: ("[FunctionalDependency:(s: {City}, t: {CountyName})]", 0.0), operator: *, right: (1.0, 1.0), result: 0.0}
列 'p' 不存在，对列 CountyName 不过滤，直接选择所有非无效值。
Block processing time: 0.021741 seconds
Computing Block 15 out of 47
Processing Block size=25
begin cleaner{left: ("[FunctionalDependency:(s: {City}, t: {CountyName})]", 0.0), operator: *, right: (1.0, 1.0), result: 0.0}
列 'p' 不存在，对列 CountyName 不过滤，直接选择所有非无效值。
Block processing time: 0.029996 seconds
Computing Block 17 out of 47
Processing Block size=24
begin cleaner{left: ("[FunctionalDependency:(s: {City}, t: {CountyName})]", 0.0), operator: *, right: (1.0, 1.0), result: 0.0}
列 'p' 不存在，对列 CountyName 不过滤，直接选择所有非无效值。
Block processing time: 0.028761 seconds
Computing Block 18 out of 47
Processing Block size=25
begin cleaner{left: ("[FunctionalDependency:(s: {City}, t: {CountyName})]", 0.0), operator: *, right: (1.0, 1.0), result: 0.0}
列 'p' 不存在，对列 CountyName 不过滤，直接选择所有非无效值。
Block processing time: 0.029737 seconds
Computing Block 19 out of 47
Processing Block size=49
begin cleaner{left: ("[FunctionalDependency:(s: {City}, t: {CountyName})]", 0.0), operator: *, right: (1.0, 1.0), result: 0.0}
列 'p' 不存在，对列 CountyName 不过滤，直接选择所有非无效值。
Block processing time: 0.057634 seconds
Computing Block 20 out of 47
Processing Block size=28
begin cleaner{left: ("[FunctionalDependency:(s: {City}, t: {CountyName})]", 0.0), operator: *, right: (1.0, 1.0), result: 0.0}
列 'p' 不存在，对列 CountyName 不过滤，直接选择所有非无效值。
Block processing time: 0.03311 seconds
Computing Block 21 out of 47
Processing Block size=2
begin cleaner{left: ("[FunctionalDependency:(s: {City}, t: {CountyName})]", 0.0), operator: *, right: (1.0, 1.0), result: 0.0}
列 'p' 不存在，对列 CountyName 不过滤，直接选择所有非无效值。
Block processing time: 0.002597 seconds
Computing Block 22 out of 47
Processing Block size=25
begin cleaner{left: ("[FunctionalDependency:(s: {City}, t: {CountyName})]", 0.0), operator: *, right: (1.0, 1.0), result: 0.0}
列 'p' 不存在，对列 CountyName 不过滤，直接选择所有非无效值。
Block processing time: 0.029638 seconds
Computing Block 23 out of 47
Processing Block size=53
begin cleaner{left: ("[FunctionalDependency:(s: {City}, t: {CountyName})]", 0.0), operator: *, right: (1.0, 1.0), result: 0.0}
列 'p' 不存在，对列 CountyName 不过滤，直接选择所有非无效值。
Block processing time: 0.062273 seconds
Computing Block 24 out of 47
Processing Block size=25
begin cleaner{left: ("[FunctionalDependency:(s: {City}, t: {CountyName})]", 0.0), operator: *, right: (1.0, 1.0), result: 0.0}
列 'p' 不存在，对列 CountyName 不过滤，直接选择所有非无效值。
Block processing time: 0.029516 seconds
Computing Block 26 out of 47
Processing Block size=42
begin cleaner{left: ("[FunctionalDependency:(s: {City}, t: {CountyName})]", 0.0), operator: *, right: (1.0, 1.0), result: 0.0}
列 'p' 不存在，对列 CountyName 不过滤，直接选择所有非无效值。
Block processing time: 0.049559 seconds
Computing Block 28 out of 47
Processing Block size=25
begin cleaner{left: ("[FunctionalDependency:(s: {City}, t: {CountyName})]", 0.0), operator: *, right: (1.0, 1.0), result: 0.0}
列 'p' 不存在，对列 CountyName 不过滤，直接选择所有非无效值。
Block processing time: 0.029517 seconds
Computing Block 29 out of 47
Processing Block size=25
begin cleaner{left: ("[FunctionalDependency:(s: {City}, t: {CountyName})]", 0.0), operator: *, right: (1.0, 1.0), result: 0.0}
列 'p' 不存在，对列 CountyName 不过滤，直接选择所有非无效值。
Block processing time: 0.029897 seconds
Computing Block 30 out of 47
Processing Block size=24
begin cleaner{left: ("[FunctionalDependency:(s: {City}, t: {CountyName})]", 0.0), operator: *, right: (1.0, 1.0), result: 0.0}
列 'p' 不存在，对列 CountyName 不过滤，直接选择所有非无效值。
Block processing time: 0.028432 seconds
Computing Block 31 out of 47
Processing Block size=25
begin cleaner{left: ("[FunctionalDependency:(s: {City}, t: {CountyName})]", 0.0), operator: *, right: (1.0, 1.0), result: 0.0}
列 'p' 不存在，对列 CountyName 不过滤，直接选择所有非无效值。
Block processing time: 0.03051 seconds
Computing Block 32 out of 47
Processing Block size=25
begin cleaner{left: ("[FunctionalDependency:(s: {City}, t: {CountyName})]", 0.0), operator: *, right: (1.0, 1.0), result: 0.0}
列 'p' 不存在，对列 CountyName 不过滤，直接选择所有非无效值。
Block processing time: 0.02987 seconds
Computing Block 33 out of 47
Processing Block size=25
begin cleaner{left: ("[FunctionalDependency:(s: {City}, t: {CountyName})]", 0.0), operator: *, right: (1.0, 1.0), result: 0.0}
列 'p' 不存在，对列 CountyName 不过滤，直接选择所有非无效值。
Block processing time: 0.029643 seconds
Computing Block 34 out of 47
Processing Block size=25
begin cleaner{left: ("[FunctionalDependency:(s: {City}, t: {CountyName})]", 0.0), operator: *, right: (1.0, 1.0), result: 0.0}
列 'p' 不存在，对列 CountyName 不过滤，直接选择所有非无效值。
Block processing time: 0.029409 seconds
Computing Block 36 out of 47
Processing Block size=23
begin cleaner{left: ("[FunctionalDependency:(s: {City}, t: {CountyName})]", 0.0), operator: *, right: (1.0, 1.0), result: 0.0}
列 'p' 不存在，对列 CountyName 不过滤，直接选择所有非无效值。
Block processing time: 0.027104 seconds
Computing Block 38 out of 47
Processing Block size=25
begin cleaner{left: ("[FunctionalDependency:(s: {City}, t: {CountyName})]", 0.0), operator: *, right: (1.0, 1.0), result: 0.0}
列 'p' 不存在，对列 CountyName 不过滤，直接选择所有非无效值。
Block processing time: 0.029909 seconds
Computing Block 39 out of 47
Processing Block size=22
begin cleaner{left: ("[FunctionalDependency:(s: {City}, t: {CountyName})]", 0.0), operator: *, right: (1.0, 1.0), result: 0.0}
列 'p' 不存在，对列 CountyName 不过滤，直接选择所有非无效值。
Block processing time: 0.026038 seconds
Computing Block 40 out of 47
Processing Block size=20
begin cleaner{left: ("[FunctionalDependency:(s: {City}, t: {CountyName})]", 0.0), operator: *, right: (1.0, 1.0), result: 0.0}
列 'p' 不存在，对列 CountyName 不过滤，直接选择所有非无效值。
Block processing time: 0.023683 seconds
Computing Block 41 out of 47
Processing Block size=18
begin cleaner{left: ("[FunctionalDependency:(s: {City}, t: {CountyName})]", 0.0), operator: *, right: (1.0, 1.0), result: 0.0}
列 'p' 不存在，对列 CountyName 不过滤，直接选择所有非无效值。
Block processing time: 0.021212 seconds
Computing Block 42 out of 47
Processing Block size=80
begin cleaner{left: ("[FunctionalDependency:(s: {City}, t: {CountyName})]", 0.0), operator: *, right: (1.0, 1.0), result: 0.0}
列 'p' 不存在，对列 CountyName 不过滤，直接选择所有非无效值。
Block processing time: 0.094638 seconds
Computing Block 43 out of 47
Processing Block size=25
begin cleaner{left: ("[FunctionalDependency:(s: {City}, t: {CountyName})]", 0.0), operator: *, right: (1.0, 1.0), result: 0.0}
列 'p' 不存在，对列 CountyName 不过滤，直接选择所有非无效值。
Block processing time: 0.029405 seconds
Computing Block 44 out of 47
Processing Block size=23
begin cleaner{left: ("[FunctionalDependency:(s: {City}, t: {CountyName})]", 0.0), operator: *, right: (1.0, 1.0), result: 0.0}
列 'p' 不存在，对列 CountyName 不过滤，直接选择所有非无效值。
Block processing time: 0.027169 seconds
Computing Block 45 out of 47
Processing Block size=25
begin cleaner{left: ("[FunctionalDependency:(s: {City}, t: {CountyName})]", 0.0), operator: *, right: (1.0, 1.0), result: 0.0}
列 'p' 不存在，对列 CountyName 不过滤，直接选择所有非无效值。
Block processing time: 0.029451 seconds
Computing Block 47 out of 47
Processing Block size=27
begin cleaner{left: ("[FunctionalDependency:(s: {City}, t: {CountyName})]", 0.0), operator: *, right: (1.0, 1.0), result: 0.0}
列 'p' 不存在，对列 CountyName 不过滤，直接选择所有非无效值。
Block processing time: 0.03174 seconds
  当前节点: CountyName 无清洗操作
['EmergencyService', 'State', 'CountyName']的清洗完成

本层累积的编辑规则数: 0
本层没有可以进行的清洗操作，进行下一层

清洗规则溯源分析:

处理第 1 层级, 包含节点: ['ProviderNumber', 'MeasureCode']

处理第 2 层级, 包含节点: ['HospitalName', 'MeasureName', 'Stateavg', 'Condition']

处理第 3 层级, 包含节点: ['ZipCode', 'PhoneNumber', 'Address1', 'HospitalOwner', 'City', 'HospitalType']

处理第 4 层级, 包含节点: ['EmergencyService', 'State', 'CountyName']

清洗流程展示:
关联图存储到: TestDataset/result/train/hospital/hospital_14/acplt.png
当前清洗总执行时间: 108.8050 秒
清洗结果已保存到: TestDataset/result/train/hospital/hospital_14/hospital_14Cleaned.csv
测评性能开始：
没有指定错误比例，仅进行原数据集的空值替换，不添加错误
已将注入错误的文件保存到: TestDataset/result/train/hospital/hospital_14/hospital_14Cleaned.csv
差异文件已保存到:
TestDataset/result/train/hospital/hospital_14/hospital_14_clean_vs_dirty.csv
TestDataset/result/train/hospital/hospital_14/hospital_14_dirty_vs_cleaned.csv
TestDataset/result/train/hospital/hospital_14/hospital_14_clean_vs_cleaned.csv
修复错误数据文件已保存到: TestDataset/result/train/hospital/hospital_14/hospital_14_repair_errors.csv
未修复但是应该修复数据文件已保存到: TestDataset/result/train/hospital/hospital_14/hospital_14_unrepaired.csv
修复准确率: 0.9930795847750865, 修复召回率: 0.6306306306306306, F1值: 0.7714016932732816
========================================
EDR 结果已保存到: TestDataset/result/train/hospital/hospital_14/hospital_14_edr_evaluation.txt
错误减少率 (EDR): 0.6271149197978466
========================================
混合距离结果已保存到: TestDataset/result/train/hospital/hospital_14/hospital_14_hybrid_distance_evaluation.txt
混合距离 (Hybrid Distance): 0.26818638248055
========================================
R-EDR 结果已保存到: TestDataset/result/train/hospital/hospital_14/hospital_14_record_based_edr_evaluation.txt
基于条目的错误减少率 (R-EDR): 0.20887991927346114
========================================
测试结果:
Accuracy: 0.9930795847750865
Recall: 0.6306306306306306
F1 Score: 0.7714016932732816
EDR: 0.6271149197978466
Hybrid Distance: 0.26818638248055
R-EDR: 0.20887991927346114
time(s): 108.804996916
speed: 10.8804996916 seconds/100num
测评结束，详细测评日志见：TestDataset/result/train/hospital/hospital_14
