ID,ProviderNumber,HospitalName,Address1,Address2,Address3,City,State,ZipCode,CountyName,PhoneNumber,HospitalType,HospitalOwner,EmergencyService,Condition,MeasureCode,MeasureName,Score,Sample,Stateavg
1,10018,callahan eye foundation hospital,1720 university blvd,empty,empty,birmingham,al,35233,jefferson,2053258100,acute care hospitals,voluntary non-profit - private,yes,surgical infection prevention,scip-card-2,surgery patients who were taking heart drugs called beta blockers before coming to the hospital who were kept on the beta blockers during the period just before and after their surgery,empty,em%$pty,al_scip-card-2
2,10018,callahan eye foundation hospital,1720 university blvd,empty,empty,birmingham,al,35233,jefferson,2053258100,acute care hospitals,voluntary non-profit - private,yes,surgical infection prevention,sci$p-inf-1,surgery patients who were given an antibiotic at the right time (within one hour before surgery) to help prevent infection,empty,empty,al_scip-inf-1
3,10018,callahan eye foundation hospital,1720 university blvd,empty,empty,birmingham,al,35233,jefferson,2053258100,,voluntary non-profit - private,yes,surgical infection prevention,scip-@@inf-2,surgery patients who were given the  right kind  of antibi#otic to help prevent infection,empty,empty,al_scip-inf-2
4,35845.70673949425,callahan eye foundation hospital,1720 university blvd,empty,emp??ty,birmingham,al,35233,jefferson,2053258100,acute care hospitals,voluntary non-profit - private,yes,surgic$??al infection prevention,,surgery patients whose preventive antibiotics were stopped at the right time (within 24 hours after surgery),empty,empty,al_scip-inf-3
5,10018,callahan eye foundation hospital,1720 university blvd,empty,e??#mpty,birmingham,al,35233,jefferson,2053258100,acute care hospitals,voluntary non-profit - private,yes,surgical infection prevention,scip-inf-4,all heart surgery patients whose blood sugar (blood glucose) is kept under good control in the days right after surgery,empty,empty,al_scip-inf-4
6,10018,callahan eye foundation hospital,1720 university blvd,empty,empty,birmingham,al,35233,jefferson,2053258100,acute care hospitals,voluntary non-profit - private,yes,surgical infection prevention,scip-inf-6,surgery patients needing hair removed from the surgical area before surgery who had hair removed using a safer method (electric clippers or hair removal cream c not a razor),empty,e%mpty??,al_scip-inf-6
7,10018,callahan eye foundation hospital,1720 university blvd,empty,empty,birmingham,al,35233,jefferson,2053258100,acute care hospitals,voluntary non-profit - private,yes,surgical infection prevention,scip-vte-1,surgery patients whose doctors ordered treatments to prevent blood clots after certain types of surgeries,empty,@@empty,al_scip-vte-1
8,10018,callahan eye foundation hospital,1720 university blvd,empty,empty,birmingham,al,35233,jefferson,2053258100,acute care hospitals,voluntary non-profit - private,yes,surgical infection prevention,sc$ip$-vte-2,,empty,empty,al_scip-vte-2
9,10019,helen keller memorial hospital,1300 south montgomery avenue,empty,emp@@ty%,sheffield,al,35660,jefferson,2563864556,acute care hospitals,government - hospital district or authority,yes,heart attack,ami-1,heart attack patients given aspirin at arrival,empty,33 patients,al_ami-1
10,10019,helen keller memorial hospital,1300 south montgomery avenue,empty,empty,sheffield,al,35660,jefferson,2563864556,acute care hospitals,government - hospital district or authority,yes,heart attack,ami-2,heart attack patients given aspirin at discharge,92%,empty,al_ami-2
11,10019,helen keller memorial hospital,1300 south montgomery avenue,empty,empty,sheffield,al,35660,jefferson,2563864556,acute care hospitals,government - hospital district or authority,yes,heart attack,ami-3,heart attack patients given ace inhibitor or arb for left ventricular systolic dysfunction (lvsd),7#5%,4 patients,al_ami-3
12,10019,helen keller memorial hospital,1300 south montgomery avenue,empty,empty,sheffield,al,35660,jefferson,2563864556,acute care hospitals,government - hospital district or authority,yes,heart attack,ami-4,heart attack patients given smoking cessation advice/counseling,100%,4 patients,al_ami-4
13,10019,helen keller memorial hospital,1300 south montgomery avenue,empty,empty,sheffield,al,35660,jefferson,2563864556,acute care hospitals,government - hospital district or authority,yes,heart attack,ami-5,heart attack patients given beta blocker at discharge,86%,14 patients,al_ami-5
14,10019,helen keller memorial hospital,1300 south montgomery avenue,e%m#pty,empty,sheffield,al,35660,jefferson,2563864556,acute care hospitals,government - hospital district or authority,yes,heart attack,ami-7a,heart attack patients given fibrinolytic medication within 30 minutes of arrival,empty,0 pati$en??ts,al_ami-7a
15,10019,helen keller memorial hospital,1300 south montgomery avenue,empty,empty,sheffield,al,35660,jefferson,2563864556,acute care hospitals,government - hospital district or authority,yes,heart attack,ami-8a,heart attack patients given pci within 90 minutes of arrival,empty,0 patients,al_ami-8a
16,,helen keller memorial hospital,1300 south montgomery avenue,empty,empty,sheffield,al,35660,jefferson,2563864556,acute care hospitals,government - hospital district or authority,yes,heart failure,hf-1,heart failure patients given discharge instructions,80%,empty,al_hf-1
17,,helen keller memorial hospital,1300 south montgomery avenue,empty,empty,sheffield,al,35660,jefferson,2563864556,acute care hospitals,government - hospital district or authority,yes,heart failure,hf-2,heart failure patients given an evaluation of left ventricular systolic (lvs) function,99????%,149 patients,al_hf-2
18,,,1300 south montgomery avenue,empty,empty,sheffield,al,35660,jefferson,10886063984.938448,acute care hospitals,,yes,heart failure,hf-3??@@,heart failure patients given ace inhibitor or arb for left ventricular systolic dysfunction (lvsd),92%,37 patients,al_hf-3
19,10019,helen keller memorial hospital,1300 south montgomery avenue,empty,empty,sheffield,al,35660,jefferson,2563864556,acute care hospitals,government - hospital district or authority,yes,heart failure,hf-4,heart failure patients given smoking cessation advice/counseling,100%,41 patients,al_hf-4
20,10001,southeast alabama medical center,1108 ross clark circle,empty,empty,dothan,al,36302,houston,3347938701,acute care hospitals,government - hospital district or authority,yes,heart attack,ami-1,heart attack patients given aspirin at arrival,98%,270 patients,al_ami-1
21,10001,southeast alabama medical center,1108 ross clark circle,empty,e#mpty,dothan,al,36302,houston,3347938701,acute care hospitals,government - hospital district or authority,yes,heart attack,ami-2,heart attack patients given aspirin at discharge,99%,516 patients,al_ami-2
22,10001,southeast alabama medical center,1108 ross clark circle,empty,empty,dothan,al,36302,houston,3347938701,acute care hospitals,government - hospital district or authority,yes,heart attack,,heart attack patients given ace inhibitor or arb for left v@@entric@@ular systolic dysfunction (lvsd),96%,empty,
23,10001,southeast alabama medical center,1108 ross clark circle,empty,empty,dothan,al,36302,houston,3347938701,acute care hospitals#,government - hospital district or authority,yes,heart attack,ami-4@$@,$heart attack patients give@@n smoking cessation advice/counseling,100%,244 patients,
24,10001,southeast alabama medical center,1108 ross clark circle,empty,empty,dothan,al,36302,houston,3347938701,acute care hospitals,government - hospital district or authority,yes,heart attack,#ami-5,heart attack patients given beta blocker at discharge,9%9%,441 patients,al_ami-5
25,10001,southeast alabama medical center,1108 ross clark circle,empty,empty,dothan,al,36302,houston,3347938701,acute care hospitals,government - hospital district or authority,yes,,,heart attack patients given fibrinolytic medication within 30 minutes of arrival,empty,0 patients,al_ami-7a
26,,southeast alab$ama me@@dical center,1108 ross #clark circle,e%mp%ty,empty,do%tha$n,al,124005.40547106165,houston,,acute care hospitals,gove$rnment ??- hospital district or authority,yes,heart attack,ami-8a,heart attack patients given pci within 90 minutes of arrival,72%,empty,al_ami-8a
27,,southeast alabama m??edical center,1108 ross clark circle,empty,empty,dothan,al,36302,houston,3347938701,acute care hospitals,government - hospital district or authority,yes,heart failure,,,78%,455 patients,
28,,southeast alabama medical center,1108 ross clark circle,empty,empty,dothan,al,36302,houston,3347938701,acute care hospitals,government - hospital district or authority,yes,heart failure,hf-2,heart failure patients given an evaluation of left ventricular systolic (lvs) function,99%$,514 patients,al_hf-2
29,10001,southeast alabama medical center,1108 ross clark circle,empty,empty,dothan,al,36302,houston,3347938701,acute care hospitals,government - hospital district or authority,yes,heart failure,hf-3,heart failure patients given ace inhibitor or arb for left ventricular systolic dysfunction (lvsd),91%,165 patients,al_hf-3
30,10001,southeast alabama medical center,1108 ross clark circle,empty,empty,dothan,al,36302,houston,3347938701,acute care hospitals,government - hospital district or authority,yes,heart failure,hf-4,heart failure patients given smoking cessation advice/counseling,100%,110 patients,al_hf-4
31,51864.079250809635,southeast alabama medical center,1108 ross clark circle,empty,empty,dothan,al,36302,houston,3347938701,acute care hospitals,government - hospital district or authority,yes,pneumonia,pn-2,pneumonia patients assessed and given pneumococcal vaccination,93%,191 patients,al_pn-2
32,10001,southeast alabama medical center,1108 ross clark circle,empty,empty,dothan,al,36302,houston,3347938701,acute care hospitals,government - hospital district or authority,yes,pneumonia,pn-??3b,,89%,125 patients,
33,10001,southeast alabama medical center,1108 ross clark circle,empty,empty,dothan,al,36302,houston,3347938701,acute care hospitals,government - hospital district or authority,yes,pneumonia,pn-4,pneumonia patients given smoking cessation advice/counseling,9@@9%,107@@ p$atients,al_pn-4
34,10001,southeast alabama medical center,1108 ross clark circle,emp#t%y,empty,dothan,al,36302,houston,3347938701,acute care hospitals,government - hospital district or authority,yes,pneumonia,pn-5c,pneumonia patients given initial antibiotic(s) within 6 hours after arrival,92%,196 patients,al_pn-5c
35,10001,southeast alabama medical center,1108 ross clark circle,empty,empty,dothan,al,36302,houston,3347938701,acute care hospitals,government - hospital district or authority,yes,,,pneumonia patients given the most appropriate initial antibiotic(s),80%,147 patients,al_pn-6
36,10001,southeast alabama medical center,1108 ross clark circle,empty,empt#y#,dothan,al,36302,houston,3347938701,acute care hospitals,government - hospital district or authority,yes,pneumonia,pn-7,pneumonia patients assessed and given influenza vaccination,8$%4%,empty,al_pn-7
37,,southeast alabama medical center,1108 ross clark circle,em%pty,empty,dothan,al,36302,houston,3347938701,acute care hospitals,government - hospital district or authority,yes,surgical infection prevention,scip-card-2,surgery patients who were taking heart drugs called beta blockers before coming to the hospital who were kept on the beta blockers during the period just before and after their surgery,72??%??,79 patients,al_scip-card-2
38,10001,southeast alabama medical center,1108 ross clark circle,empty,empty,dothan,al,36302,houston,3347938701,acute care hospitals,government - hospital district or authority,yes,surgical infection prevention,scip-inf-1,surgery patients who were given an antibiotic at the right time (within one hour before surgery) to help prevent infection,94%,399 patients,al_scip-inf-1
39,10001,southeast alabama medical center,1108 ross clark circle,empty,empty,dothan,al,36302,houston,3347938701,acute care hospitals,government - hospital district or authority,yes,surgical infection prevention,scip-inf-2,surgery patients who were given the  right kind  of antibiotic to help prevent infection,98%,empty,al_scip-inf-2
40,51546.20667791386,,,em@@pty,empt%y,dothan,al,36302,houston,3347938701,acute care hospitals,government - hospital district or authority,yes,surgical infection prevention,scip-inf-3,surgery patients whose preventive antibiotics were stopped at the right time (within 24 hours after surgery),88%,385 patients,al_scip-inf-3
41,10001,southeast alabama medical center,1108 ross clark circle,empty,empty,dothan,al,36302,houston,3347938701,acute care hospitals,government - hospital district or authority,yes,surgical infection prevention,s@@cip-??inf-4,all heart surgery patients whose blood sugar (blood glucose) is kept under good control in the days right after surgery,96%,empty,al_scip-inf-4
42,56567.65764295816,southeast alabama medical center,1108 ross clark circle,empty,empty,dothan,al,36302,houston,3347938701,acute care hospitals,government - hospital district or authority,yes,surgical infection prevention,scip-i@@nf-??6,surgery patients needing hair removed from the surgical area before surgery who had hair removed using a safer method (electric clippers or hair removal cream c not a razor),90%,empty,al_scip-inf-6
43,10001,southeast alabama medical center,1108 ross clark circle,empty,em%pt@@y,dothan,al,36302,houston,3347938701,acute care hospitals,government - hospital district or authority,yes,,,surgery patients whose doctors ordered treatments to prevent blood clots after certain types of surgeries,??86%,185 patients,al_scip-vte-1
44,,southeast alabama medical center,1108 ross clark circle,empty,empty,dothan,al,36302,houston,3347938701,acute care hospitals,government - hospital district or authority,yes,surgical infection prevention,,patients who got treatment  at the right time (within 24 hours before or after their surgery) to help prevent blood clots after certain types of surgery,83%,184 patients,al_scip-vte-2
45,10005,marshall medical center south,2505 u s highway 431 north,empty,empt$y#,boaz,al,35957,marshall,2565938310,acute care hospitals,government - hospital district or authority,yes,heart attack,ami-1,heart attack patients given aspirin at arrival,??8#0%,20 patients,al_ami-1
46,10005,marshall medical center south,2505 u s highway 431 north,empty,empty,boaz,al,35957,marshall,2565938310,acute care hospitals,government - hospital district or authority,yes,heart attack,ami-2$,heart attack patients given aspirin at discharge,60%,5 patients,al_ami-2
47,58120.91541011068,marshall medical center south,2505 u s highway 431 north,@@empty,empty,boaz,al,35957,marshall,2565938310,acute care hospitals,government - hospital district or authority,yes,,,heart attack patients given ace inhibitor or arb for left ventricular systolic dysfunction (lvsd),empty,2 patients,al_ami-3
48,48203.970859195164,marshall medical center south,2505 u s highway 431 north,empty,empty,boaz,al,35957,marshall,2565938310,acute care hospitals,government - hospital district or authority,yes,heart attack,ami-4,heart attack patients given smoking cessation advice/counseling,empty,0 patients,al_ami-4
49,56612.27961515421,marshall medical c#enter south,2505 u s highway 43??1 north,empty,empty,boaz,al,35957,marshall,2565938310,acute care hospitals,government - hospital district or authority,yes,heart %attack%,$ami-5,heart att??ack patients given beta bloc??ker at discharge,100%,empty,al_ami-5
50,10005,marshall medical center south,2505 u s highway 431 north,empty@@,empty,boaz,al,35957,marshall,2565938310,acute care hospitals,government - hospital district or authority,yes,heart attack,$ami-7a,heart attack patients given fibrinolytic medication within 30 minutes of arrival,empty,0 patients,
51,10005,marshall medical center south,2505 u s highway 431 north,empty,empty,boaz,al,35957,marshall,2565938310,acute care hospitals,government - hospital district or authority,yes,heart attack,ami-8a,heart attack patients given pci within 90 minutes of arrival,em%pt%y,0 patients,al_ami-8a
52,10005,marshall medical center south,2505 u s highway 431 north,empty,empty,boaz,al,35957,marshall,2565938310,acute care hospitals,government - hospital district or authority,yes,heart failure,hf-1,heart failure patients given discharge instructions,7$#8%,110 patients,al_hf-1
53,,marshall medical center south,2505 u s highway 431 north,empty,empty,boaz,al,35957,marshall,2565938310,acute care hospitals,government - hospital district or authority,yes,heart failure,hf-2,heart failure patients given an evaluation of left ventricular systolic (lvs) function,99%,160 patients,al_hf-2
54,10005,marshall medical center south,2505 u s highway 431 north,empty,empty,boaz,al,35957,marshall,2565938310,acute care hospitals,government - hospital district or authority,yes,heart failure??%,hf%-3,heart failure patients given ace inhibitor or arb for left ventricular systolic dysfunction (lvsd),90%,empty,al_hf-3
55,10005,marshall medical center south,2505 u s highway 431 north,empty,empty,boaz,al,35957,marshall,2565938310,acute care hospitals,government - hospital district or authority,yes,heart failure,hf-4,heart failure patients given smoking cessation advice/counseling,94%,empty,al_hf-4
56,31598.34271747706,,2505 u s highway 431 north,empty,empty,boaz,al,35957,marshall,2565938310,acute care hospitals,,yes,pneumonia,pn-2,pneumonia patients assessed and given pneumococcal vaccination,97%,172 patients,al_pn-2
57,10005,marshall medical center south,2505 u s highway 431 north,empty,empty,boaz,al,35957,marshall,2565938310,acute care hospitals,government - hospital district or authority,yes,pneumonia,pn-3b,pneumonia patients whose initial emergency room blood culture was performed prior to the administration of the first hospital dose of antibiotics,97%,120 patients,al_pn-3b
58,,marshall medi??cal center south,2505 u s highway 431 north@@,empty,empty,,al,35957,marshall,,acute care hospitals,,yes,pneumonia,pn-4,pneumonia patients given smoking cessation advice/counseling,97%,empty,al_pn-4
59,47342.89611458796,marshall medical center south,2505 u s highway 431 north,empty,empty,boaz,al,35957,marshall,2565938310,acute care hospitals,government - hospital district or authority,yes,pneumonia,pn-5c,pneumonia patients given initial antibiotic(s) within 6 hours after arrival,96%,211 patients,al_pn-5c
60,10005,marshall medical center south,2505 u s highway 431 north,empty,empty#,boaz,al,35957,marshall,2565938310,acute care hospitals,government - hospital district or authority,yes,pneumonia,pn-6,pneumonia patients given the most appropriate initial antibiotic(s),92%,175 patients,al_pn-6
61,48492.29279965595,marshall medical center south,2505 u s highway 431 north,empty,empty,boaz,al,35957,marshall,2565938310,acute care hospitals,government - hospital district or authority,yes,pneumonia,pn-7,pneumonia patients assessed and given influenza vaccination,81%,118 patients,al_pn-7
62,10005,marshall medical center south,2505 u s highway 431 north,empty,@@e@@mpty,boaz,al,35957,marshall,2565938310,acute care hospitals,government - hospital district or authority,yes,surgical infection prevention,scip-%card-2,surgery patients who were taking heart drugs called beta blockers before coming to the hospital who were kept on the beta blockers during the period just before and after their surgery,36%,empty,al_scip-card-2
63,10005,marshall medical center south,2505 u s highway 431 north,empty,emp%ty,boaz,al,35957,marshall,2565938310,acute care hospitals,government - hospital district or authority,yes,surgical infection prevention,scip-inf-1,surgery patients who were given an antibiotic at the right time (within one hour before surgery) to help prevent infection,96%,168 patients,al_scip-inf-1
64,10005,marshall medical center south,2505 u s highway 431 north,empty,empty,boaz,al,35957,marshall,2565938310,acute care hospitals,government - hospital district or authority,yes,surgical infection prevention,scip-inf-2,surgery patients who were given the  right kind  of antibiotic to help prevent infection,empty,167 patients,al_scip-inf-2
65,10005,marshall medical center south,2505 u s highway 431 north,empty,emp$@@ty,boaz,al,35957,marshall,2565938310,acute care hospitals,government - hospital district or authority,yes,surgical infection prevention,scip-inf-3,surgery patients whose preventive antibiotics were stopped at the right time (within 24 hours after surgery),95%,158 patients,al_scip-inf-3
66,,marshall %medical center south,2505 u s highwa??y 431 north,empty,empty,,a??l,35957,,2565938310,acute care hosp%itals,government - hospital district or authority,yes,su$rgical infection prev@@ention,,all heart surgery patients whose blood sugar (blood glucose) is kept under good control in the days right after surgery,empty,@??@0 patients,
67,10005,marshall medical center south,2505 u s highway 431 north,empty,empty,boaz,al,35957,marshall,2565938310,acute care hospitals,government - hospital district or authority,yes,surgical infection prevention,scip-inf-6,surgery patients needing hair removed from the surgical area before surgery who had hair removed using a safer method (electric clippers or hair removal cream c not a razor),??100%$,empty,al_scip-inf-6
68,48082.742045240695,mars%hall medical cen@@ter south,,empty,empty,boaz,al,35957,marshall,2565938310,acute care hospitals,,yes,,,surgery patients whose doctors ordered treatments to prevent blood clots after certain typ#es of surgeries,78%%,76 patients,al_scip-vte-1
69,10005,marshall medical center south,2505 u s highway 431 north,empty,e%mp??ty,boaz,al,35957,marshall,2565938310,acute care hospitals,government - hospital district or authority,yes,surgical infection prevention,scip-vte-2,patients who got treatment  at the right time (within 24 hours before or after their surgery) to help prevent blood clots after certain types of surgery,74%,76 patients,al_scip-vte-2
70,,eliza coffee memorial hospital,205 marengo street,empty,empt%y,florence,al,35631,lauderdale,2567688400,acute care hospitals,voluntary non-profit - other,yes,heart attack,ami-1,heart attack patients given aspirin at arrival,97%,159 patients,al_ami-1
71,10006,eliza coffee memorial hospital,205 marengo street,em%pty??,empty,florence,al,35631,lauderdale,2567688400,acute care hospitals,voluntary non-profit - other,yes,heart attack,ami-2,heart attack patients given aspirin at discharge,@@9@@6%,247 patients,al_ami-2
72,10006,eliza coffee memorial hospital,205 marengo street,empty,empty,florence,al,35631,lauderdale,2567688400,acute care hospitals,voluntary non-profit - other,yes,heart attack,ami-3,heart attack patients given ace inhibitor or arb for left ventricular systolic dysfunction (lvsd),93%,43 patients,al_ami-3
73,10006,eliza coffee memorial hospital,205 marengo street,??em??pty,empty,florence,al,35631,lauderdale,2567688400,,voluntary non-profit - other,yes,heart?? atta@@ck,ami-4##,heart attack patients given smoking cessation advice/counseling,100%,103 patients,al_ami-4
74,50607.56904033804,eliza coffee memorial hospital,205 marengo street,empty,empty,florence,al,35631,lauderdale,2567688400,acute care hospitals,voluntary non-profit - other,yes,h??ear%t attack,ami-5$@@,heart attack patients given beta blocker at discharge,96%,227 patients,al_ami-5
75,10006,eliza coffee memorial hospital,205 marengo street,empty,empty,florence,al,35631,lauderdale,2567688400,acute care hospitals,voluntary non-profit - other,yes,heart attack,ami-7a,heart attack patients given fibrinolytic medication within 30 minutes of arrival,empty,0 patients,al_ami-7a
76,10006,eliza coffee memorial hospital,205 marengo street,empty,empty,florence,al,35631,lauderdale,2567688400,acute care hospitals,voluntary non-profit - other,yes,heart attack,ami-8a,heart attack patients given pci within 90 minutes of arrival,98%$,61 patients@@,al_ami-8a
77,,eliza coffee memorial hospital,205 marengo street,empty,empty,florence,al,35631,lauderdale,2567688400,acute care hospitals,voluntary non-profit - other,yes,heart failure,hf-1,heart failure patients given discharge instructions,79%,217 patients,al_hf-1
78,10006,eliza coffee memorial hospital,205 marengo street,empty,empty,florence,al,35631,lauderdale,2567688400,acute care hospitals,voluntary non-profit - other,yes,heart failure,hf-@@#2,heart failure patients given an evaluation of left ventricular systolic (lvs) function,97??%@@,259 patients,al_hf-2
79,10006,eliza coffee memorial hospital,205 marengo street,empty,e%??mpty,florence,al,35631,lauderdale,2567688400,acute care hospitals,voluntary non-profit - other,yes,heart failure,hf-3,heart failure patients given ace inhibitor or arb for left ventricular systolic dysfunction (lvsd),??82%,84 patients,al_hf-3
80,38055.89860139285,eli??za coffee memorial @@hospital,205 marengo street,empty,empty,,al,134237.73631733173,lauderdale,8484165706.729119,acute care hospitals,,yes,heart failure,hf-4,heart failure patients given smoking cessation advice/counseling,100%,53 patients,al_hf-4
81,10006,eliza coffee memorial hospital,205 marengo street,empty,empty,florence,al,35631,lauderdale,2567688400,acute care hospitals,voluntary non-profit - other,yes,pneumonia,@@pn-2,pneumonia patients assessed and given pneumococcal vaccination,90%,1@@74 pa#tients,al_pn-2
82,10006,eliza coffee memorial hospital,205 marengo street,empty,??empty,florence,al,35631,lauderdale,2567688400,acute care hospitals,voluntary non-profit - other,yes,pneumonia,pn-3b,pneumonia patients whose initial emergency room blood culture was performed prior to the administration of the first hospital dose of antibiotics,95$%,137 patients,al_pn-3b
83,43895.87138516001,eliza coffee memorial hospital,205 marengo street,empty,empty,florence,al,35631,lauderdale,2567688400,acute care hospitals,voluntary non-profit - other,yes,pneumonia,pn-4,pneumonia patients given smoking cessation advice/counseling,100%,65 patients,al_pn-4
84,10006,eliza coffee memorial hospital,205 marengo street,em$$pty,empty,florence,al,35631,lauderdale,2567688400,acute care hospitals,voluntary non-profit - other,yes,pneumonia,,pneumonia patients given initial antibiotic(s) within 6 hours after arrival,96%,200 patients,al_pn-5c
85,10006,eliza coffee memorial hospital,205 marengo street,empty,empty,florence,al,35631,lauderdale,2567688400,acute care hospitals,voluntary non-profit - other,yes,pneumonia,pn-6,pneumonia patients given the most appropriate initial antibiotic(s),91%,138 patients,al_pn-6
86,10006,eliza coffee memorial hospital,205 marengo street,empty,empty,florence,al,35631,lauderdale,2567688400,acute care hospitals,voluntary non-profit - other,yes,pneumonia,pn-7,pneumonia patients assessed and given influenza vaccination,88%,85 patients,al_pn-7
87,10006,eliza coffee memorial hospital,205 marengo street,empty,empty,florence,al,35631,lauderdale,2567688400,acute care hospitals,voluntary non-profit - other,yes,surgical infection prevention,scip-card-2,surgery patients who were taking heart drugs called beta blockers before coming to the hospital who were kept on the beta blockers during the period just before and after their surgery,empty,107 patients,al_scip-card-2
88,,eliza coffee memorial hospital,205 marengo street,emp$$ty,#empty,florence,al,35631,lauderdale,2567688400,acute care hospitals,voluntary non-profit - other,yes,surgical infection prevention,scip-inf-1,surgery patients who were given an antibiotic at the right time (within one hour before surgery) to help prevent infection,99%,457 pa$tients,al_scip-inf-1
89,10006,eliza coffee memorial hospital,205 marengo street,empty,empty,florence,al,35631,lauderdale,2567688400,acute care hospitals,voluntary non-profit - other,yes,surgical infection prevention,scip-inf-2,surgery patients who were given the  right kind  of antibiotic to help prevent infection,empty,462 patients,al_scip-inf-2
90,,eliza coffee memorial hospital,205 marengo street,empty,empty,florence,al,35631,lauderdale,2567688400,acute care hospitals,voluntary non-profit - other,yes,surgical infection prevention,,surgery patients whose preventive antibiotics were stopped at the right time (within 24 hours after surgery),empty,439 patients,al_scip-inf-3
91,10006,eliza coffee memorial hospital,205 marengo street,empty,empty,florence,al,35631,lauderdale,2567688400,acute care hospitals,voluntary non-profit - other,yes,surgical infection prevention,scip-inf-4,all heart surgery patients whose blood sugar (blood glucose) is kept under good control in the days right after surgery,89%??,130 patients,al_scip-inf-4
92,10006,eliza coffee memorial hospital,205 marengo street,empty,empty,florence,al,35631,lauderdale,2567688400,acute care hospitals,voluntary non-profit - other,yes,surgical infection prevention,,,100%,619 patients,al_scip-inf-6
93,10006,eliza coffee memorial hospital,205 marengo street,empty,empty,florence,al,35631,lauderdale,2567688400,acute care hospitals,voluntary non-profit - other,yes,surgical infection prevention,scip-vte-1,surgery patients whose doctors ordered treatments to prevent blood clots after certain types of surgeries,empty,242 patients,al_scip-vte-1
94,10006,eliza coffee memorial hospital,205 marengo street,empty,empty,florence,al,35631,lauderdale,2567688400,acute care hospitals,voluntary non-profit - other,yes,surgical infection prevention,scip-v??t@@e-2,patients who got treatment  at the right time (within 24 hours before or after their surgery) to help prevent blood clots after certain types of surgery,92%,242 patients,
95,10007,mizell memorial hospital,702 n main st,empty,empty,opp,al,36467,covington,3344933541,acute care hospitals,voluntary non-profit - private,no,heart attack,ami-1,heart attack patients given aspirin at arrival,60%,5 pat@@i#ents,al_ami-1
96,10007,mizell memorial hospital,702 n main st,empty,empty,opp,al,36467,covington,3344933541,acute care hospitals,voluntary non-profit - private,no,heart attack,ami-2,heart attack patients given aspirin at discharge,50%$,2 patients,al_ami-2
97,50297.02344458881,mizell memorial hospital,702 n main st,empty,empty,opp,al,36467,covington,3344933541,acute care hospitals,voluntary non-profit - private,no,heart attack,ami-??3,heart attack patients given# ace inhibitor or arb for left ventricular systolic dysfunction (lvsd),empty,0 patients,
98,10007,mizell memorial hospital,702 n main st,em$pt%y,empty,opp,al,36467,covington,3344933541,acute care hospitals,voluntary non-profit - private,no,,ami#-4,,empty,0 patients,
99,10007,mizell memorial hospital,702 n main st,empty,empty,opp,al,36467,covington,3344933541,acute care hospitals,voluntary non-profit - private,no,heart attack,ami-5,heart attack patients given beta blocker at discharge,100%,2 patients,al_ami-5
100,10007,mizell memorial hospital,702 n main st,empty,empty,opp,al,36467,covington,3344933541,acute care hospitals,voluntary non-profit - private,no,hear#t attack,am#i-7a,,empty,0 patients,al_ami-7a
101,10007,mizell memorial hospital,702 n main st,e%mpty,empty,opp,al,36467,covington,3344933541,acute care hospitals,voluntary non-profit - private,no,heart attack,ami-8a,heart attack patients given pci within 90 minutes of arrival,empty,0 patients,al_ami-8a
102,10007,mizell memorial hospital,702 n main st,empty,empty,opp,al,36467,covington,3344933541,acute care hospitals,voluntary non-profit - private,no,heart failure,h%f#-1,,98%,59 patients,
103,10007,mizell memorial hospital,702 n main st,empty,empty,opp,al,36467,covington,3344933541,acute care hospitals,voluntary non-profit - private,no,heart failure,hf-2,heart failure patients given an evaluation of left ventricular systolic (lvs) function,empty,76 patients,al_hf-2
104,10007,mizell memorial hospital,702 n main st,empty,empty,opp,al,36467,covington,3344933541,acute care hospitals,voluntary non-profit - private,no,heart failure,hf-3,heart failure patients given ace inhibitor or arb for left ventricular systolic dysfunction (lvsd),64%,14 patients,al_hf-3
105,10007,mizell memorial hospital,702 n main st,empty,empty,opp,al,36467,covington,3344933541,acute care hospitals,voluntary non-profit - private,no,heart failure,hf-4,heart failure patients given smoking cessation advice/counseling,100%,8 patients,al_hf-4
106,10007,mizell memorial hospital,702 n main st,empty,empty,opp,al,36467,covington,3344933541,acute care hospitals,voluntary non-profit - private,no,pneumonia,,pneumonia patients assessed and given pneumococcal vaccination,87%,85 patients,al_pn-2
107,10007,mizell memorial hospital,702 n main st,empty,empty,opp,al,36467,covington,3344933541,acute care hospitals,voluntary non-profit - private,no,pneumonia,pn-3b,pneumonia patients whose initial emergency room blood culture was performed prior to the administration of the first hospital dose of antibiotics,empty,64 patients,al_pn-3b
108,10007,mizell memorial hospital,702 n main st,empty,empty%,opp,al,36467,covington,3344933541,acute care hospitals,voluntary non-profit - private,no,pneumonia,@@pn-4,pneumonia patients given smoking cessation advice/counseling,100%,28 patients,al_pn-4
109,53141.26737356733,mizell memorial hospital,702 n main st,empty,$#empty,opp,al,36467,covington,3344933541,acute care hospitals,voluntary non-profit - private,no,pneumonia,pn-5c,pneumonia patients given initial antibiotic(s) within 6 hours after arrival,95%,87 patients,al_pn-5c
110,,mizell memorial hospital,702 n main st,empty,empty,opp,al,36467,covington,3344933541,acute care hospitals,voluntary non-profit - private,no,pneumonia,pn-6,pneumonia patients given the most appropriate initial antibiotic(s),88%,57 patients,al_pn-6
111,10007,mizell memorial hospital,702 n main st,empty,empty,opp,al,36467,covington,3344933541,acute care hospitals,voluntary non-profit - private,no,pneumonia,pn-7,pneumonia patients assessed and given influenza vaccination,90%,63 patients,al_pn-7
112,,mizell memorial hospital,702 n main st,empty,empty,opp,al,36467,covington,3344933541,acute care hospitals,voluntary non-profit - private,no,surgical infection prevention,scip-card-2,surgery patients who were taking heart drugs called beta blockers before coming to the hospital who were kept on the beta blockers during the period just before and after their surgery,9@@1%??,11 patie$nts,al_scip-card-2
113,10007,mizell memorial hospital,702 n main st,empty,empty,opp,al,36467,covington,3344933541,acute care hospitals,voluntary non-profit - private,no,surgical infection prevention,scip-inf-1,surgery patients who were given an antibiotic at the right time (within one hour before surgery) to help prevent infection,88%,101 patients,al_scip-inf-1
114,,mizell memorial hospital,702 n main st,empty,empty,opp,al,36467,covington,3344933541,acute care hospitals,voluntary non-profit - private,no,surgical infection prevention,scip-inf-2,surgery patients who were given the  right kind  of antibiotic to help prevent infection,91%,101 patients,al_scip-inf-2
115,10007,mizell memorial hospital,702 n main st,empty,em#pty,opp,al,36467,covington,3344933541,acute care hospitals,voluntary non-profit - private,no,surgical infection prevention,scip-inf-3,surgery patients whose preventive antibiotics were stopped at the right time (within 24 hours after surgery),93%,empty,al_scip-inf-3
116,10007,mizell memorial hospital,702 n main st,empty,empty,opp,al,36467,covington,3344933541,acute care hospitals,voluntary non-profit - private,no,surgical infection prevention,scip-inf-4,all heart surgery patients whose blood sugar (blood glucose) is kept under good control in the days right after surgery,empty,0 patients,al_scip-inf-4
117,10007,mizell memorial hospital,702 n main st,empty,empty,opp,al,36467,covington,3344933541,acute care hospitals,voluntary non-profit - private,no,surgical infection prevention,scip-inf-6,surgery patients needing hair removed from the surgical area before surgery who had hair removed using a safer method (electric clippers or hair removal cream c not a razor),100%,123 patients,al_scip-inf-6
118,10007,mizell memorial hospital,702 n main st,empty@@,empty,opp,al,36467,covington,3344933541,acute care hospitals,voluntary non-profit - private,no,surgical infection prevention,scip-vte-1,surgery patients whose doctors ordered treatments to prevent blood clots after certain types of surgeries,87%,77 patients,al_scip-vte-1
119,10007,mizell memorial hospital,702 n main st,empty,empty,opp,al,36467,covington,3344933541,acute care hospitals,voluntary non-profit - private,no,surgical infection prevention,scip-vte-2,patients who got treatment  at the right time (within 24 hours before or after their surgery) to help prevent blood clots after certain types of surgery,88%,76 patients,al_scip-vte-2
120,10008,crenshaw community hospital,101 hospital circle,empty,??empty,luverne,al,36049,crenshaw,3343353374,acute ca#r$e hospitals,government - federal,yes,??heart# attack,,heart attack patients given aspirin at arrival,0%,1 patients,
121,,crensha$w community hospital,101 hospital circle,empty,empty,luverne,al,36049,crenshaw,3343353374,acute care hospitals,gover@@nment - federal,yes,heart attack,ami-2,heart attack patients given aspirin at discharge,100%,1 patients,al_ami-2
122,10008,crenshaw community hospital,101 hospital circle,empty,empty,luverne,al,36049,crenshaw,3343353374,acute care hospitals,government - federal,yes,heart attack,ami%-#3,heart attack patients given ace inhibitor or arb for left ventricular systolic dysfunction (lvsd),empty,0 patients,
123,10008,crenshaw community hospital,101 hospital circle,empty,empty,luverne,al,36049,crenshaw,3343353374,acute care hospitals,government - federal,yes,heart attack,ami-4,heart attack patients given smoking cessation advice/counseling,empty,0 patients,al_ami-4
124,10008,crenshaw community hospital,101 hospital circle,empty,empty,luverne,al,36049,crenshaw,3343353374,acute care hospitals,government - federal,yes,heart attack,ami-5,heart attack patients given beta blocker at discharge,0%,1 patients,al_ami-5
125,10008,crenshaw community hospital,101 hospital circle,e%mpty,emp#ty@@,luverne,al,36049,crenshaw,3343353374,acute care hospitals,government - federal,yes,heart attack,ami-7a,heart attack patients given fibrinolytic medication within 30 minutes of arrival,empty,0 patients,al_ami-7a
126,10008,crenshaw community hospital,101 hospital circle,empty,empty,luverne,al,36049,crenshaw,3343353374,acute care hospitals,government - federal,yes,heart attack,ami-8a,heart attack patients given pci within 90 minutes of arrival,empty,0 patients,al_ami-8a
127,48175.04155277255,crenshaw community hospital,101 hospital circle,empty,empty,luverne,al,36049,crenshaw,3343353374,acute care$ hospitals,government - federal,yes,$heart# failure,,hear#t failure patients given disc$harge instructions,4%,26 patients,al_hf-1
128,10008,crenshaw community hospital,101 hospital circle,empty,empty%,luverne,al,36049,crenshaw,3343353374,acute care hospitals,government - federal,yes,heart failure,hf-2,heart failure patients given an evaluation of left ventricular systolic (lvs) function,$#72%,39 patients,al_hf-2
129,10008,crenshaw community hospital,101 hospital circle,em%pty,empty,luverne,al,36049,crenshaw,3343353374,acute care hospitals,government - federal,yes,heart failure,hf-3,heart failure patients given ace inhibitor or arb for left ventricular systolic dysfunction (lvsd),empty,8 patients,al_hf-3
130,10008,crenshaw community hospital,101 hospital circle,??empty#,empty,luverne,al,36049,crenshaw,3343353374,acute care hospitals,government - federal,yes,heart failure,hf-4,heart failure patients given smoking cessation advice/counseling,0%,empty,al_hf-4
131,10008,crenshaw community hospital,101 hospital circle,empty,empty,luverne,al,36049,crenshaw,3343353374,acute care hospitals,government - federal,yes,pneumonia,pn-2,pneumonia patients assessed and given pneumococcal vaccination,25%,16 patients,al_pn-2
132,10008,crenshaw community hospital,101 hospital circle,empty,empty,luverne,al,36049,crenshaw,3343353374,acute care hospitals,government - federal,yes,pneumonia,pn-3b,pneumonia patients whose initial emergency room blood culture was performed prior to the administration of the first hospital dose of antibiotics,93%,15 patients,al_pn-3b
133,10008,crenshaw community hospital,101 hospital circle,emp??ty,empty,luverne,al,36049,crenshaw,3343353374,acute care hospitals,government - federal,yes,pneumonia,pn-4,pneumonia patients given smoking cessation advice/counseling,33%,empty,al_pn-4
134,10008,crenshaw community hospital,101 hospital circle,empty@@,empty,luverne,al,36049,crenshaw,3343353374,acute care hospitals,government - federal,yes,p@@neumonia,,pneumonia patients given initial antibiotic(s) within 6 hour??s# after arrival,95%,empty,
135,,crenshaw community hospital,101 hospital circle,empty,empty,luverne,al,36049,crenshaw,3343353374,acute care hospitals,government - federal,yes,pneumonia,pn-6,pneumonia patients given the most appropriate initial antibiotic(s),62%#,21 patients,al_pn-6
136,10008,crenshaw community hospital,101 hospital circle,empty,empty,luverne,al,36049,crenshaw,3343353374,acute care hospitals,government - federal,yes,pneumonia,pn-7,pneumonia patients assessed and given influenza vaccination,47%,15 patien@@$ts,al_pn-7
137,10008,crenshaw community hospital,101 hospital circle,%%empty,emp%ty,luverne,al,36049,crenshaw,3343353374,acute care hospitals,government - federal,yes,surgical infection prevention,scip-card-2,surgery patients who were taking heart drugs called beta blockers before coming to the hospital who were kept on the beta blockers during the period just before and after their surgery,100%,1 patients,al_scip-card-2
138,10008,crenshaw community hospital,101 hospital circle,empty,empty,luverne,al,36049,crenshaw,3343353374,acute care hospitals,government - federal,yes,surgical infection prevention,scip-inf-1,surgery patients who were given an antibiotic at the right time (within one hour before surgery) to help prevent infection,100%,2 patients,al_scip-inf-1
139,10008,crenshaw community hospital,101 hospital circle,empty,empty,luverne,al,36049,crenshaw,3343353374,acute care hospitals,government - federal,yes,surgical infection prevention,scip-inf-2,surgery patients who were given the  right kind  of antibiotic to help prevent infection,100%,2 patients,al_scip-inf-2
140,10008,crenshaw community hospital,101 hospital circle,empty,empty,luverne,al,36049,crenshaw,3343353374,acute care hospitals,government - federal,yes,surgical infection prevention,scip-inf-3,surgery patients whose preventive antibiotics were stopped at the right time (within 24 hours after surgery),100%,2 patients,al_scip-inf-3
141,32300.224620838293,crenshaw community hospital,101 hospital circle,empty,empty,luverne,al,36049,crenshaw,3343353374,acute care hospitals,government - federal,yes,surgical infection prevention,,all heart surgery patients whose blood sugar (blood glucose) is kept under good control in the days right after surgery,empty,0 patients,al_scip-inf-@@4
142,33006.64713380062,crenshaw community hospital,101 hospital circle,empty,em$pty,luverne,al,36049,crenshaw,3343353374,acute care hospitals,government - federal,yes,surgical infection prevention,scip-inf-6,surgery patients needing hair removed from the surgical area before surgery who had hair removed using a safer method (electric clippers or hair removal cream c not a razor),100%,4 patients,al_scip-inf-6
143,,,101 hospital circle,empty,empty,luverne,al,36049,crenshaw,3343353374,acute care hospitals,government - federal,yes,surgical infection prevention,scip-vte-1,surgery patients whose doctors ordered treatments to prevent blood clots after certain types of surgeries,100%,4 patients,al_scip-vte-1
144,33767.23966862511,crenshaw community hospital,101 hospital circle,empty,empty,luverne,al,36049,crenshaw,3343353374,acute care hospitals,government - federal,yes,surgical infection prevention,scip-vte-2,patients who got treatment  at the right time (within 24 hours before or after their surgery) to help prevent blood clots after certain types of surgery,#100%,4 patients,al_scip-vte-2
145,44750.963866769576,,,empty,empty,hartselle,al,35640,morgan,,acute care hospitals,proprietary,yes,heart a@@ttack,,he%art attack patients gi$ven aspirin at arrival,100%,6 patients,al_ami-1
146,,hartse@@lle medical center,201 pine street northwest,empty,empty,hartselle,$al$,35640,morgan,2567736511,acute care hospitals,proprietary,yes,heart attack,ami-#2,heart attack patients given aspirin at discharge,100%,empty,al_ami-$@@2
147,10009,hartselle medical center,201 pine street northwest,empty,empty,hartselle,al,35640,morgan,2567736511,acute care hospitals,proprietary,yes,heart attack,ami-3,heart attack patients given ace inhibitor or arb for left ventricular systolic dysfunction (lvsd),100%,1 patients,al_ami-3
148,10009,hartselle medical center,201 pine street northwest,empt%y,empty,hartselle,al,35640,morgan,2567736511,acute care hospitals,proprietary,yes,heart attack,ami-4,heart attack patients given smoking cessation advice/counseling,1$00%,??2 patient$s,al_ami-4
149,10009,hartselle medical center,201 pine street northwest,emp$%ty,empty,hartselle,al,35640,morgan,2567736511,acute care hospitals,proprietary,yes,heart attack,$ami$-5,,100%,3 patients,$al_am#i-5
150,10009,hartselle medical center,201 pine street northwest,empty,empty,hartselle,al,35640,morgan,2567736511,acute care hospitals,proprietary,yes,heart attack,ami-#??7a,heart attack patients given fibrinolytic medication within 30 minutes of arrival,empty,0 patients,al_ami-7a
151,10009,hartselle medical center,201 pine street northwest,empty,empty,hartselle,al,35640,morgan,2567736511,acute care hospitals,proprietary,yes,heart attack,,,empty,0 patients,al_ami-8a
152,48374.84466466178,hartselle medical center,201 pine street northwest,empty,empty,hartselle,al,35640,morgan,2567736511,acute care hospitals,proprietary,yes,heart failure,hf-1,heart failure patients given discharge instructions,97%,35 patients,al_hf-1
153,10009,hartselle medical center,201 pine street northwest,empty,empty,hartselle,al,35640,morgan,2567736511,acute care hospitals,proprietary,yes,heart failure,,heart failure patients given an evaluation of left ventricular systolic (lvs) function,@@98%,42 patients,al_hf-2
154,10009,hartselle medical center,201 pine street northwest,e$mpty,%empt??y,hartselle,al,35640,morgan,2567736511,acute care hospitals,proprietary,yes,heart failure,hf-3,heart failure patients given ace inhibitor or arb for left ventricular systolic dysfunction (lvsd),1#0%0%,empty,al_hf-3
155,40897.21017920688,hartselle medical center,201 pine street northwest,empty,empty,hartselle,al,35640,morgan,2567736511,acute care hospitals,proprietary,yes,heart failure,hf-4,heart failure patients given smoking cessation advice/counseling,100%,empty,al_hf-4
156,10009,hartselle medical center,201 pine street northwest,empty,empty,hartselle,al,35640,morgan,2567736511,acute care hospitals,proprietary,yes,pneumonia,pn-2,pneumonia patients assessed and given pneumococcal vaccination,98%,44 patients,al_pn-2
157,10009,hartselle medical center,201 pine street northwest,empty,empty,hartselle,al,35640,morgan,2567736511,acute care hospitals,proprietary,yes,pneumonia,pn-3b,pneumonia patients whose initial emergency room blood culture was performed prior to the administration of the first hospital dose of antibiotics,100%,30 patient$s,al_pn-3b
158,43101.781796746516,hartselle medical center,201 pine street northwest,empt?$?y,empty,hartselle,al,35640,morgan,2567736511,acute care hospitals,proprietary,yes,pneumonia,pn-4,pneumonia patients given smoking cessation advice/counseling,100%,25 patie#nts,al_pn-4
159,10009,hartselle medical center,201 pine street northwest,empty,empty,hartselle,al,35640,morgan,2567736511,acute care hospitals,proprietary,yes,pneumonia,pn-5c,pneumonia patients given initial antibiotic(s) within 6 hours after arrival,98%,51 patients,al_pn-5c
160,10009,hartselle medical center,201 pine street northwest,empty,empty,hartselle,al,35640,morgan,2567736511,acute care hospitals,proprietary,yes,pneumonia,pn-6,pneumonia patients given the most appropriate initial antibiotic(s),empty,45 patients,al_pn-6
161,10009,hartselle medical center,201 pine street northwest,e#mpt@@y,em@@pty,hartselle,al,35640,morgan,2567736511,acute care hospitals,proprietary,yes,pneumonia,pn-7,pneumonia patients assessed and given influenza vaccination,$97%,30 patients,al_pn-7
162,10009,hartselle medical center,201 pine street northwest,empty,empty,hartselle,al,35640,morgan,2567736511,acute care hospitals,proprietary,yes,surgical infection prevention,scip-card-2,surgery patients who were taking heart drugs called beta blockers before coming to the hospital who were kept on the beta blockers during the period just before and after their surgery,67%,3 patients,al_scip-card-2
163,10009,hartselle medical center,201 pine street northwest,emp%ty,empty,hartselle,al,35640,morgan,2567736511,acute care hospitals,proprietary,yes,surgical infection prevention,scip-inf-1,surgery patients who were given an antibiotic at the right time (within one hour before surgery) to help prevent infection,100%,6 patients,al_scip-inf-1
164,10009,hartselle medical center,201 pine street northwest,empty,empty,hartselle,al,35640,morgan,2567736511,acute care hospitals,proprietary,yes,surgical infection prevention,scip-inf-2,surgery patients who were given the  right kind  of antibiotic to help prevent infection,empty,empty,al_scip-inf-2
165,10009,hartselle medical center,201 pine street northwest,empty,empty,hartselle,al,35640,morgan,2567736511,acute care hospitals,proprietary,yes,surgical infection prevention,scip-inf-3,surgery patients whose preventive antibiotics were stopped at the right time (within 24 hours after surgery),8@@0%%,5 patients,al_scip-inf-3
166,10009,hartselle medical center,201 pine street northwest,empty,empty,hartselle,al,35640,morgan,2567736511,acute care hospitals,proprietary,yes,surgical infection prevention,scip-inf-4,all heart surgery patients whose blood sugar (blood glucose) is kept under good control in the days right after surgery,empty,0 patients,al_scip-inf-4
167,10009,hartselle medical center,201 pine street northwest,empty,empty,hartselle,al,35640,morgan,2567736511,acute care hospitals,proprietary,yes,surgical infection prevention,scip-inf-6,surgery patients needing hair removed from the surgical area before surgery who had hair removed using a safer method (electric clippers or hair removal cream c not a razor),100%,empty,al_scip-inf-6
168,10009,hartselle medical center,201 pine street northwest,e#mpty%,empty,hartselle,al,35640,morgan,2567736511,acute care hospitals,proprietary,yes,surgical infection prev$ention,,surgery patients whose doctors ordered treatments to prevent blood clots after certain types of surgeries,78%,9 patients,
169,,hartselle medical center,201 pine street northwest,empty,empty,hartselle,al,35640,morgan,2567736511,acute care hospitals,proprietary,yes,surgical infection prevention,scip-vte-2,patients who got treatment  at the right time (within 24 hours before or after their surgery) to help prevent blood clots after certain types of surgery,78%,9 patients,al_scip-vte-2
170,10010,marshall medical center north,8000 alabama highway 69,empty,empty,guntersville,al,35976,marshall,2565718000,acute care hospitals,government - hospital district or authority,yes,heart attack,ami-1,heart attack patients given aspirin at arrival,100%,8 patients,al_ami-1
171,10010,marshall medical center north,8000 alabama highway 69,empty,empty,guntersville,al,35976,marshall,2565718000,acute care hospitals,government - hospital district or authority,yes,heart attack,ami-2,heart attack patients given aspirin at discharge,100%,6% pati$ents,al_ami-2
172,10010,marshall medical center north,8000 alabama highway 69,empty,empty,guntersville,al,35976,marshall,2565718000,acute care hospitals,government - hospital district or authority,yes,heart attack,@@ami-3,heart attack patients given ace inhibitor or arb for left ventricular systolic dysfunction (lvsd),50%,2 pa#ti$ents,al_ami-3
173,10010,marshall medical center north,8000 alabama highway 69,empty,empty,guntersville,al,35976,marshall,2565718000,acute care hospitals,government - hospital district or authority,yes,heart attack,ami-#4,heart attack patients given smoking cessation advice/counseling,100%,2 patients,al_ami-4
174,10010,marshall medical center north,8000 alabama highway 69,empty,empty,guntersville,al,35976,marshall,2565718000,acute care hospitals,government - hospital district or authority,yes,,,heart attack patients given beta blocker at discharge,83%,6 patients,al_ami-5
175,,marshall medical center north,8000 alabama highway 69,empty,emp@@ty,guntersville,al,35976,marshall,2565718000,acute care hospitals,government - hospital district or authority,yes,heart attack,ami-7a,heart attack patients given fibrinolytic medication within 30 minutes of arrival,empty,0 patients,al_ami-7a
176,10010,marshall medical center north,8000 alabama highway 69,empty,empty,guntersville,al,35976,marshall,2565718000,acute care hospitals,government - hospital district or authority,yes,heart attack,@@$ami-8a,heart attack patients given pci within 90 minutes of arrival,empty,0 patients,al_ami-8a
177,10010,marshall medical center north,8000 alabama highway 69,empty,empty,guntersville,al,35976,marshall,2565718000,acute care hospitals,government - hospital district or authority,yes,heart failure,hf-1,heart failure patients given discharge instructions,empty,55 patients,al_hf-1
178,10010,marshall medical center north,8000 alabama highway 69,empty,em??pty,guntersville,al,35976,marshall,2565718000,acute care hospitals,government - hospital district or authority,yes,heart failure,hf-2,heart failure patients given an evaluation of left ventricular systolic (lvs) function,84%,80 patients,al_hf-2
179,10010,marshall medical center north,8000 alabama highway 69,empty,empty,guntersville,al,35976,marshall,2565718000,acute care hospitals,government - hospital district or authority,yes,heart failure,hf-3,heart failure patients given ace inhibitor or arb for left ventricular systolic dysfunction (lvsd),78%,27 patients,al_hf-3
180,10010,marshall medical center north,8000 alabama highway 69,empty,empty,guntersville,al,35976,marshall,2565718000,acute care hospitals,government - hospital district or authority,yes,heart failure,,heart failure patients given smoking cessation advice/counseling,100%,10 patients,al_hf-4
181,39284.84053868532,marshall medical ??center north,8000 alabama highway 69,empty,empty,g%untersville,al,156101.4408292157,m$arshall,,acute care hospitals,government - hospital district or authority,yes,pneumonia,,,empty,128 patients,
182,10010,marshall medical center north,8000 alabama highway 69,empty,empty,guntersville,al,35976,marshall,2565718000,acute care hospitals,government - hospital district or authority,yes,pneumonia,pn-3b,pneumonia patients whose initial emergency room blood culture was performed prior to the administration of the first hospital dose of antibiotics,9%4%#,115 patients,al_pn-3b
183,10010,marshall medical center north,8000 alabama highway 69,empty,empty,guntersville,al,35976,marshall,2565718000,acute care hospitals,government - hospital district or authority,yes,pneumonia,pn-4,pneumonia patients given smoking cessation advice/counseling,94%,65 patients,al_pn-4
184,10010,marshall medical center north,8000 alabama highway 69,@@empty,em$pty#,guntersville,al,35976,marshall,2565718000,acute care hospitals,government - hospital district or authority,yes,pneumonia,,,empty,158 patients,al_pn-5c
185,10010,marshall medical center north,8000 alabama highway 69,empty,empty,guntersville,al,35976,marshall,2565718000,acute care hospitals,government - hospital district or authority,yes,pneumonia,pn-6,pneumonia patients given the most appropriate initial antibiotic(s),93%,133 patients,al_pn-6
186,,marshall medical center north,8000 alabama highway 69,empty,empty,guntersville,al,35976,marshall,2565718000,acute care hospitals,government - hospital district or authority,yes,pneumonia,,pneumonia patients assessed and given influenza vaccination,90%,empty,al_pn-7
187,10010,marshall medical center north,8000 alabama highway 69,empty,empty,guntersville,al,35976,marshall,2565718000,acute care hospitals,government - hospital district or authority,yes,surgical infection prevention,scip-card-2,surgery patients who were taking heart drugs called beta blockers before coming to the hospital who were kept on the beta blockers during the period just before and after their surgery,86%,14 patients,al_scip-card-2
188,,marshall medical center north,8000 alabama highway 69,empty,empty,guntersville,al,35976,marshall,2565718000,acute care hospitals,government - hospital district or authority,yes,surgical infection prevention,scip-inf-1,surgery patients who were given an antibiotic at the right time (within one hour before surgery) to help prevent infection,95%,66 patients,al_scip-inf-1
189,10010,marshall medical center north,8000 alabama highway 69,empty,empty,guntersville,al,35976,marshall,2565718000,acute care hospitals,government - hospital district or authority,yes,surgical infection prevention,scip-inf-2,surgery patients who were given the  right kind  of antibiotic to help prevent infection,91%,64 patients,al_scip-inf-2
190,10010,marshall medical center north,8000 alabama highway 69,empty,empty,guntersville,al,35976,marshall,2565718000,acute care hospitals,government - hospital district or authority,yes,surgical infection prevention,scip-inf-3,surgery patients whose preventive antibiotics were stopped at the right time (within 24 hours after surgery),empty,63# ??patients,al_scip-inf-3
191,10010,marshall medical center north,8000 alabama highway 69,empty,empty,guntersville,al,35976,marshall,2565718000,acute care hospitals,government - hospital district or authority,yes,surgical infection prevention,scip-inf-4,all heart surgery patients whose blood sugar (blood glucose) is kept under good control in the days right after surgery,empty,0 patients,al_scip-inf-4
192,10010,marshall medical center north,8000 alabama highway 69,empty,empty,guntersville,al,35976,marshall,2565718000,acute care hospitals,government - hospital district or authority,yes,,,surgery patients needing hair removed from the surgical area before surgery who had hair removed using a safer method (electric clippers or hair removal cream c not a razor),100%,155 patients,al_sc@@ip-#inf-6
193,10010,marshall medical center north,8000 alabama highway 69,empty,empty,guntersville,al,35976,marshall,2565718000,acute care hospitals,government - hospital district or authority,yes,,,surgery patients whose?? doctors ordered treatments to prevent blood clots after certain types of surgeries,8@@6%$,56 patients,al_scip-vte-1
194,10010,marshall medical center north,8000 alabama highway 69,em#pty,empty,guntersville,al,35976,marshall,2565718000,acute care hospitals,government - hospital district or authority,yes,surgical infection prevention,scip-vte-$2@@,,84%,56 patients,al_scip-vte-@@2
195,10011,st vincents east,50 medical park east drive,empty,empty,birmingham,al,35235,jefferson,2058383122,acute care hospitals,voluntary non-profit - private,yes,,am%i-1,heart attack patients given aspirin at arrival,99%,240 patients,al_ami-1
196,,st vincent$s east,50 medical park east drive,empty,empty$,,al,35235,jefferson,2058383122,acute care hospitals,voluntary non-profit - private,yes,heart attack,ami-2,heart attack patients given aspirin at discharge,96%,295 patients,al_ami-2
197,10011,st vincents east,50 medical park east drive,empty#,empty,birmingham,al,35235,jefferson,2058383122,acute care hospitals,voluntary non-profit - private,yes,h%eart %attack,ami-3@@,,91%,70 patients,al_ami-3
198,10011,st vincents east,50 medical park east drive,%em%pty,empty,birmingham,al,35235,jefferson,2058383122,acute care hospitals,voluntary non-profit - private,yes,heart attack,,heart attack patients given smoking cessation advice/counseling,100%,empty,al_ami-4
199,,,50 medical park east drive,empty,empty,birmingham,,35235,jefferson,7781401742.146086,acute care hospitals,voluntary non-profit - private,yes,heart attack,,heart attack patients given beta blocker at discharge,99%,288 patients,al@@_am%i-5
200,10011,st vincents east,50 medical park east drive,e%m??pty,empty,birmingham,al,35235,jefferson,2058383122,acute care hospitals,voluntary non-profit - private,yes,heart attack,ami-7a,heart attack patients given fibrinolytic medication within 30 minutes of arrival,empty,0 patients,al_ami-7a
201,10011,st vincents east,50 medical park east drive,empty,empty,birmingham,al,35235,jefferson,2058383122,acute care hospitals,voluntary non-profit - private,yes,heart attack,ami-8@$@a,heart attack patients given pci within 90 minutes of arrival,85%,48 patients,al_ami-8a
202,10011,st vincents east,50 medical park east drive,empty,empty,birmingham,al,35235,jefferson,2058383122,,voluntary non-profit - private,yes,heart failure,,heart failure p??atients given di#scharge instructions,94%,316 patients,al??_hf??-1
203,38389.55377772815,%st vincents east$,50 medical park east drive,em@@pt%y,empty,bir#mingham,al,189716.70925239712,jeffers%o%n,2058383122,acute care hospitals,voluntary non-profit - private,,heart failure,hf-2,heart failure patients given an evaluation of left ventricular systolic (lvs) function,98%,37$2 patien%ts,al_hf-2
204,10011,st vincents east,50 medical park east drive,#empty,empty,birmingham,al,35235,jefferson,2058383122,acute care hospitals,voluntary non-profit - private,yes,heart failure,hf-3,heart failure patients given ace inhibitor or arb for left ventricular systolic dysfunction (lvsd),98%,130 pat$ient#s,al_hf-3
205,10011,st vincents east,50 medical park east drive,empty,empty,birmingham,al,35235,jefferson,2058383122,acute care hospitals,voluntary non-profit - private,yes,heart failure,hf-4,heart failure patients given smoking cessation advice/counseling,100%,69 patients,al_hf-4
206,10011,st vincents east,50 medical park east drive,%e$mpty,empty,birmingham,al,35235,jefferson,2058383122,acute care hospitals,voluntary non-profit - private,yes,pneumonia,pn-2,pneumonia patients assessed and given pneumococcal vaccination,87%,125 patients,al_pn-2
207,10011,st vincents east,50 medical park east drive,empty,empty,birmingham,al,35235,jefferson,2058383122,acute care hospitals,voluntary non-profit - private,yes,pneumonia,pn-3b,pneumonia patients whose initial emergency room blood culture was performed prior to the administration of the first hospital dose of antibiotics,96%,131 patients,al_pn-3b
208,,,50 medical park east drive,#empty,empty,birmingham,al,107281.5057500286,jefferson,2058383122,acute care hospitals,voluntary non-profit - private,ye$s,pneumonia,pn-4,pneumonia patients given smoking cessation advice/counseling,100%%,69 patients,al_pn-4
209,10011,st vincents east,50 medical park east drive,empty,empty,birmingham,al,35235,jefferson,2058383122,acute care hospitals,voluntary non-profit - private,yes,pneumonia,pn-5c#,pneumonia patients given initial antibiotic(s) within 6 hours after arrival,empty,135 patients,al_pn-5c
210,10011,st vincents east,50 medical park east drive,empty,empty,birmingham,al,35235,jefferson,2058383122,acute care hospitals,voluntary non-profit - private,yes,p$neumon??ia,p%n-%6,,91%,112 patients,al_pn-6
211,51378.36062982778,st vincents east,50 medical park east drive,empty,empty,birmingham,al,35235,jefferson,2058383122,acute care hospitals,voluntary non-profit - private,yes,pneumonia,pn-7,pneumonia patients assessed and given influenza vaccination,85%,89 patients,al_pn-7
212,10011,st vincents east,50 medical park east drive,empty,empty,birmingham,al,35235,jefferson,2058383122,acute care hospitals,voluntary non-profit - private,yes,surgical infection prevention,,,empty,125 patients,al_scip-card-2
213,,st vincents #e#ast,50 medical park east drive,empty,empty,birmingham,al,,jefferson,,acute care hospitals,voluntary non-profit - private,y??es,,,surgery patients who were given an antibiotic at the right time (within one hour before surgery) to help prevent infection,97%,empty,al_scip-inf-1
214,10011,st vincents east,50 medical park east drive,empty,empty,birmingham,al,35235,jefferson,2058383122,acute care hospitals,voluntary non-profit - private,yes,surgical infection prevention,,surgery patients who were given the  right kind  of antibiotic to help prevent infection,98%#,473 patients,al_scip-inf-2
215,10011,st vincents east,50 medical park east drive,empty,empty,birmingham,al,35235,jefferson,2058383122,acute care hospitals,voluntary non-profit - private,yes,surgical infection prevention,sci#p-inf-3,surgery patients whose preventive antibiotics were stopped at the right time (within 24 hours after surgery),empty,442 patients,al_scip-inf-3
216,10011,st vincents east,50 medical park east drive,em$pty,empty,birmingham,al,35235,jefferson,2058383122,acute care hospitals,voluntary non-profit - private,yes,surgical infection prevention,scip-inf-4,all heart surgery patients whose blood sugar (blood glucose) is kept under good control in the days right after surgery,60%,127 patients,al_scip-inf-4
217,39842.540706292966,st vincen??ts east,50 medical park east drive,empty,??empty@@,birmingham,,35235,jefferson,2058383122,acute care hospitals,voluntary non-profit - private,yes,surgical infection prevention,scip-inf-6,surgery patients needing hair removed from the surgical area before surgery who had hair removed using a safer method (electric clippers or hair removal cream c not a razor),empty,601 patients,al_scip-inf-6
218,10011,st vincents east,50 medical park east drive,empty,empty,birmingham,al,35235,jefferson,2058383122,acute care hospitals,voluntary non-profit - private,yes,,scip@@-??vte-1,surgery patients whose doctors ordered treatments to prevent blood clots after certain types of surgeries,89%,#229 patients,al_scip-vte-1
219,10011,st vincents east,50 medical park east drive,empty,empty,birmingham,al,35235,jefferson,2058383122,acute care hospitals,voluntary non-profit - private,yes,,sc$ip-vte-2@@,patients who got treatment  at the right time (within 24 hours before or after their surgery) to help prevent blood clots after certain types of surgery,empty,224 patients,al_scip-vte-2
220,,dekalb regional medical center,200 med center drive,empty,empty,fort payne,al,35968,de kalb,2568453150,acute care hospitals,voluntary non-profit - church,yes,heart attack,,heart attack patients given aspirin at arrival,100%,46 patients,al_ami-1
221,53721.014144455236,dekalb regional medical center,200 med center drive,e@@mpty,empty,fort payne,al,35968,de kalb,2568453150,acute care hospitals,voluntary non-profit - church,yes,heart attack,,heart attack patients given aspirin at discharge,95%,3$9 patients,al_ami-2
222,10012,dekalb regional medical center,200 med center drive,e??mpty,empty,fort payne,al,35968,de kalb,2568453150,acute care hospitals,voluntary non-profit - church,yes,heart attack,ami-3,heart attack patients given ace inhibitor or arb for left ventricular systolic dysfunction (lvsd),empty,empty,al_ami-3
223,,dekalb regional medical center,200 med center drive,empty,empty,fort payne,al,35968,de kalb,2568453150,acute care hospitals,voluntary non-profit - church,yes,heart attack,ami#@@-4,heart attack patients given smoking cessation advice/counseling,100%,14 patients,al_ami-4
224,10012,dekalb regional medical center,200 med center drive,empty,empty,fort payne,al,35968,de kalb,2568453150,acute care hospitals,voluntary non-profit - church,yes,heart attack,ami-$5,heart attack patients given beta blocker at discharge,9#5%,??41 patien??ts,al_ami-5
225,10012,dekalb regional medical center,200 med center drive,empty,empty,fort payne,al,35968,de kalb,2568453150,acute care hospitals,voluntary non-profit - church,yes,heart attack,ami-7a,heart attack patients given fibrinolytic medication within 30 minutes of arrival,100%,1 patients,al_ami-7a
226,10012,dekalb regional medical center,200 med center drive,empty,empty,fort payne,al,35968,de kalb,2568453150,acute care hospitals,voluntary non-profit - church,yes,heart attack,ami-8a,heart attack patients given pci within 90 minutes of arrival,40%,5 patients$,al_ami-8a
227,10012,dekalb regional medical center,200 med center drive,empty,empty,fort payne,al,35968,de kalb,2568453150,acute care hospitals,voluntary non-profit - church,yes,heart failure,hf-??1,heart failure patients given discharge instructions,empty,76 patients,al_hf-1
228,10012,dekalb regional medical center,200 med center drive,empty,empty,fort payne,al,35968,de kalb,2568453150,acute care hospitals,voluntary non-profit - church,yes,heart failure,,heart failure patients given an evaluation of left ventricular systolic (lvs) function,#1@@00%,94 pa$t$ients,al_hf%-2
229,10012,dekalb regional medical center,200 med center drive,e#mpt$y,empty,fort payne,al,35968,de kalb,2568453150,acute care hospitals,voluntary non-profit - church,yes,heart failure,hf-3,heart failure patients given ace inhibitor or arb for left ventricular systolic dysfunction (lvsd),94%,36 p%atien$ts,al_hf-3
230,10012,dekalb regional medical center,200 med center drive,empty,empty,fort payne,al,35968,de kalb,2568453150,acute care hospitals,voluntary non-profit - church,yes,heart @@failure,hf-$??4,heart failure patients given smoking cessation advice/counseling,100%,empty,al_hf-4
231,10012,dekalb regional medical center,200 med center drive,empty,empty,fort payne,al,35968,de kalb,2568453150,acute care hospitals,voluntary non-profit - church,yes,pneumonia,pn-2,pneumonia patients assessed and given pneumococcal vaccination,@@97%,69 patients,al_pn-2
232,,dekalb$ regional medical center,200 med center drive,empty,empty,fort p#ayne,al,35968,,2568453150,acute care hospitals,voluntary non-profit - church,yes,pneumonia,,pneumonia patients whose initial emergency room blood culture was performed prior to the administration of the first hospital dose of antibiotics,93%,91 patients,al_pn-3b
233,10012,dekalb regional medical center,200 med center drive,empty,empty,fort payne,al,35968,de kalb,2568453150,acute care hospitals,voluntary non-profit - church,yes,pneumonia,pn-@@4,pneumonia patients given smoking cessation advice/counseling,100%,37 patients,al_pn-4
234,10012,dekalb regional medical center,200 med center drive,empty,@@empty,fort payne,al,35968,de kalb,2568453150,acute care hospitals,voluntary non-profit - church,yes,pneumonia,pn-5%c,pneumonia patients given initial antibiotic(s) within 6 hours after arrival,empty,88 patients,al_pn-5c
235,10012,dekalb regional medical center,200 med center drive,empty,empty,fort payne,al,35968,de kalb,2568453150,acute care hospitals,voluntary non-profit - church,yes,pneumonia,pn-6,pneumonia patients given the most appropriate initial antibiotic(s),88%,82 patients,al_pn-6
236,,dekalb regional medical center,200 med center drive,empty,empty,fort payne,al,35968,de kalb,2568453150,acute care hospitals,voluntary non-profit - church,yes,pneumonia,,pneumonia patients assessed and given influenza vaccination,98%,56 patients,al_pn-7
237,10012,dekalb regional medical center,200 med center drive,empty,empty,fort payne,al,35968,de kalb,2568453150,acute care hospitals,voluntary non-profit - church,yes,surgical infection prevention,scip#-card-2,surgery patients who were taking heart drugs called beta blockers before coming to the hospital who were kept on the beta blockers during the period just before and after their surgery,empty,16 patients,al_scip-ca$rd??-2
238,10012,dekalb regional medical center,200 med center drive,empty,empty,fort payne,al,35968,de kalb,2568453150,acute care hospitals,voluntary non-profit - church,yes,surgical infection prevention,scip-inf-1,surgery patients who were given an antibiotic at the right time (within one hour before surgery) to help prevent infection,empty,139 patients,al_scip-inf-1
239,,dekalb regional medical center,200 med center drive,??empt%y,empty,fort payne,al,35968,de kalb,2568453150,acute care hospitals,voluntary non-profit - church,yes,surgical infection prevention,scip-inf-2,surgery patients who were given the  right kind  of antibiotic to help prevent infection,99%,147 p@@atients,al_scip-inf-2
240,10012,dekalb regional medical center,200 med center drive,empty,empty,fort payne,al,35968,de kalb,2568453150,acute care hospitals,voluntary non-profit - church,yes,surgical infection prevention,scip-inf-3,surgery patients whose preventive antibiotics were stopped at the right time (within 24 hours after surgery),98%,136 patients,al_scip-inf-3
241,10012,dekalb regional medical center,200 med center drive,e@@mpty@@,empty,fort payne,al,35968,de kalb,2568453150,acute ??care hospital@@s,voluntary non-profit - church,yes,,scip-in??f-4,all heart surgery patients whose blood sugar (blood glucose) is kept under good control in the days right after surgery,empty,0 patients,al%_scip-i??nf-4
242,10012,dekalb regional medical center,200 med center drive,empty,empty,fort payne,al,35968,de kalb,2568453150,acute care hospitals,voluntary non-profit - church,yes,surgical infection prevention,??scip-inf-6,surgery patients needing hair removed from the surgical area before surgery who had hair removed using a safer method (electric clippers or hair removal cream c not a razor),1%00%@@,17$9 patie%nts,al_scip-inf-6
243,40901.4084358997,dekalb regional medical %center,200 med center drive,empty,empty,,al,35968,d#e kalb$,2568453150,acute care hospitals,voluntary non-profit - church,yes,surgical infection prevention,,surgery patients whose doctors ordered treatments to prevent blood clots after certain types of surgeries,empty,90 patients,al_scip-vte-1
244,10012,dekalb regional medical center,200 med center drive,empty,empty,fort payne,al,35968,de kalb,2568453150,acute care hospitals,voluntary non-profit - church,yes,surgical infection prevention,,patients who got treatment  at the right time (within 24 hours before or after their surgery) to help prevent blood clots after certain types of surgery,97%,90 patients,al_scip-vte-2
245,10015,southwest alabama medical center,33700 highway 43,empty,$emp%ty,thomasville,al,36784,clarke,3346366221,acute care hospitals,government - federal,yes,heart attack,ami-1,heart attack patients given aspirin at arrival,empty,0 patients,al_ami-1
246,50227.80419358675,southwest alabama medical center,33700 highway 43,empty,empty,thomasville,al,36784,clarke,3346366221,$acute care% hospitals,government - federal,yes,heart attac@@k,,hear??t attac??k patients given aspirin at discharge,empty,??@@0 patients,al_ami-2
247,,southwest alabama medical ce@@nter,33700 highway 43,empty,empty,thomasville,al,36784,clarke,3346366221,acute care hospitals,government - federal,yes,heart attack,ami-3,heart attack patients given ace inhibitor or arb for left ventricular systolic dysfunction (lvsd),empty,empty,al_ami-3
248,10015,southwest alabama medical center,33700 highway 43,empty,empty,thomasville,al,36784,clarke,3346366221,acute care hospitals,government - federal,yes,heart attack,ami-4,heart attack patients given smoking cessation advice/counseling,empty,0# patient??s,al_ami-4
249,10015,southwest alabama medical center,33700 highway 43,empty,empty,thomasville,al,36784,clarke,3346366221,acute care hospitals,government - federal,yes,heart attack,ami-5,heart attack patients given beta blocker at discharge,e#mpty,0 patients,al_ami-5
250,10015,southwest alabama medical center,33700 highway 43,empty,empty,thomasville,al,36784,clarke,3346366221,acute care hospitals,government - federal,yes,heart attack,ami-7a,heart attack patients given fibrinolytic medication within 30 minutes of arrival,empty,empty,al_ami-7a
251,,southwest alabama medical center,33700 highway 43,empty,empty,thomasville,al,36784,clarke,3346366221,acute care hospitals,government - federal,yes,heart attack,ami-??8a,heart attack patients given pci within 90 minutes of arrival,empty,0 patients,al_ami$-8a
252,,southwest alabama medical center,33700 highway 43,empty,empty,thomasville,al,36784,clarke,3346366221,acute care hospitals,government - federal,yes,heart failure,hf-1,heart failure patients given discharge instructions,100%,79 pa%tients#,al_hf-1
253,10015,southwest alabama medical center,33700 highway 43,e??mpty@@,empty,thomasville,al,36784,clarke,3346366221,acute care #hospitals,government - federal,yes,heart failu%re,,heart failure patients# given an eval#uation of left ventricular systolic (lvs) function,89%,91 patients,al_hf-2
254,10015,southwest alabama medical center,33700 highway 43,empty??@@,empty,thomasville,al,36784,clarke,3346366221,acute care hospitals,government - federal,yes,heart failure,hf-3,heart failure patients given ace inhibitor or arb for left ventricular systolic dysfunction (lvsd),empty,25 patients,al_hf-3
255,10015,southwest alabama medical center,33700 highway 43,emp#t@@y,empty#,thomasville,al,36784,clarke,3346366221,acute care hospitals,government - federal,yes,heart failure,hf-4,heart failure patients given smoking cessation advice/counseling,88%,17 patients,al_hf-4
256,51876.82919637613,,33700 highway 43,empty,empty,th#oma??sville,al,36784,clarke,3346366221,acute care hospitals,,yes,pneumonia,pn-2,pneumonia patients assessed and given pneumococcal vaccination,92%,25 patients,al_pn-2
257,,southwest alabama medical center,33700 highway 43,empty,empty,thomasville,al,36784,clarke,3346366221,acute care hospitals,government - federal,yes,pneumonia,pn-3b,pneumonia patients whose initial emergency room blood culture was performed prior to the administration of the first hospital dose of antibiotics,96%,24 patients,al_pn-3b
258,10015,southwest alabama medical center,33700 highway 43,empty,empty,thomasville,al,36784,clarke,3346366221,acute care hospitals,government - federal,yes,pneumonia,pn-4,pneumonia patients given smoking cessation advice/counseling,100%,6 pa%tients,al_pn-4
259,10015,southwest alabama medical center,33700 highway 43,empty,empty,thomasville,al,36784,clarke,3346366221,acute care hospitals,government - federal,yes,pneumonia,pn-5c,pneumonia patients given initial antibiotic(s) within 6 hours after arrival,96%,empty,al_pn-5c
260,10015,southwest alabama medical center,33700 highway 43,empty,empty,thomasville,al,36784,clarke,3346366221,acute care hospitals,government - federal,yes,pneumonia,pn-6,pneumonia patients given the most appropriate initial antibiotic(s),100%,26 patients,al_pn-6
261,40339.27020485342,southwest alabama medical center,33700 highway 43,emp$ty,empty,thomasville,al,36784,clarke,3346366221,acute care hospitals,government - federal,yes,pneumonia,,,92%,empty,al_pn-7
262,10015,southwest alabama medical center,33700 highway 43,empty,empty,thomasville,al,36784,clarke,3346366221,,government - federal,yes,surgical infection prevention,scip-car%d%-2,surgery patients who were taking heart drugs called beta blockers before coming to the hospital who were kept on the beta blockers during the period just before and after their surger#y,empty,empty%,al_scip-card-2
263,10015,southwest alabama medical center,33700 highway 43,empty,empty,thomasville,al,36784,clarke,3346366221,acute care hospitals,government - federal,yes,surgical infection prevention,scip-inf-1,surgery patients who were given an antibiotic at the right time (within one hour before surgery) to help prevent infection,86%,empty,al_scip-inf-1
264,10015,southwest alabama medical center,33700 highway 43,empty,empty,thomasville,al,36784,clarke,3346366221,acute care hospitals,government - federal,yes,surgical infection prevention,scip-inf-2,surgery patients who were given the  right kind  of antibiotic to help prevent infection,93%,14 p??ati@@ents,al_scip-inf-2
265,10015,southwest alabama medical center,33700 highway 43,empty,empty,thomasville,al,36784,clarke,3346366221,acute care hospitals,government - federal,yes,surgical infection prevention,,surgery patients whose preventive antibiotics were stopped at the right time (within 24 hours after surgery),86%,14 patients,al_scip-inf-3
266,10015,southwest alabama medical center,33700 highway 43,emp@??@ty,empty,thomasville,al,36784,clarke,3346366221,acute care hospitals,government - federal,yes,surgical infection prevention,scip-inf-4,all heart surgery patients whose blood sugar (blood glucose) is kept under good control in the days right after surgery,empty,0 patients,al_scip-inf-4
267,10015,southwest alabama medical center,33700 highway 43,e#m@@pty,empty,thomasville,al,36784,clarke,3346366221,acute care hospitals,government - federal,yes,surgical infection prevention,,surgery patients needing hair removed from the surgical area before surgery who had hair removed using a safer method (electric clippers or hair removal cream c not a razor),100%,empty,
268,10015,southwest alabama medical center,33700 highway 43,empty#,e@@mpt$y,thomasville,al,36784,clarke,3346366221,acute care hospitals,government - federal,yes,surgical infection prevention,scip-vte-1,surgery patients whose doctors ordered treatments to prevent blood clots after certain types of surgeries,empty,10 patients,al_scip-vte-1
269,10015,southwest alabama medical center,33700 highway 43,empty,$em%pty,thomasville,al,36784,clarke,3346366221,acute care hospitals,government - federal,yes,surgical infection prevention,,patients who got treatment  at the right time (within 24 hours before or after their surgery) to help prevent% blood clots after certain types of surgery,90%,10 p%atients,al_scip-vte-2
270,,shelby baptist medical center,1000 first street north,empty,empty,alabaster,al,35007,shelby,2056208100,acute care hospitals,voluntary non-profit - church,yes,heart attack,ami-1,heart attack patients given aspirin at arrival,empty,179 patients,al_ami-1
271,10016,shelby baptist medical center,1000 first street north,empty,empty,alabaster,al,35007,shelby,2056208100,acute care hospitals,voluntary non-profit - church,yes,heart attack,ami-2,heart attack patients given aspirin at discharge,97%,208 patients,al_ami-2
272,10016,shelby baptist medical center,1000 first street north,empty,empty,alabaster,al,35007,shelby,2056208100,acute care hospitals,voluntary non-profit - church,yes,heart attack,ami-3,heart attack patients given ace inhibitor or arb for left ventricular systolic dysfunction (lvsd),#100%,30 patients,al_ami-3
273,,,1000 first street north,empty,empty,alabas#%ter,al,35007,shelby,2056208100,acute care hospitals,voluntary non-profit - church,yes,heart attack,ami-4,heart attack patients given smoking cessation advice/counseling,empty,98 patients,al_ami-4
274,10016,shelby baptist medical center,1000 first street north,emp@@$ty,empt%y%,alabaster,al,35007,shelby,2056208100,acute care hospitals,voluntary non-profit - church,yes,heart attack,ami-5,heart attack patients given beta blocker at discharge,97@@%,169 patients,al_ami-5
275,55365.4938217887,shelby baptist medical center,1000 first street north,em#??pty,empty,alabaster,al,35007,shelby,2056208100,acute care hospitals,voluntary non-profit - church,yes,heart attack,ami-7$a,heart attack patients given fibrinolytic medication within 30 minutes of arrival,empty,0 patien@@ts,al_ami-7a
276,10016,shelby baptist medical center,1000 first street north,empty#,??empt@@y,alabaster,al,35007,shelby,2056208100,acute care hospitals,voluntary non-profit - church,yes,heart attack,ami-8a,heart attack patients given pci within 90 minutes of arrival,empty,36 patients,al_ami-8a
277,49772.80054365827,shelby baptist medical center,1000 first street north,empty,emp#ty,alabaster,al,35007,shelby,2056208100,acute care hospitals,voluntary non-profit - church,yes,heart failure,hf-1??,heart fail$ure patients given dischar#ge instructions,empty,empty,al_hf-1
278,53363.645770245195,shelby baptist medical center,1000 first street north,emp??ty%,em@@pty@@,alabaster,al,35007,shelby,2056208100,acute care hospitals,voluntary non-profit - church,yes,heart failure,hf-2,heart failure patients given an evaluation of left ventricular systolic (lvs) function,@??@100%,246 patients,al_hf-2
279,10016,shelby baptist medical center,1000 first street north,empty,empty,alabaster,al,35007,shelby,2056208100,acute care hospitals,voluntary non-profit - church,yes,heart failure,hf-3,heart failure patients given ace inhibitor or arb for left ventricular systolic dysfunction (lvsd),empty,7??1?? patients,al_hf-3
280,10016,shelby baptist medical center,1000 first street north,e$mpty,empt#y$,alabaster,al,35007,shelby,2056208100,acute care hospitals,voluntary non-profit - church,yes,heart failure,hf-4,heart failure patients given smoking cessation advice/counseling,100%,48 patients,al_hf-4
281,10016,shelby baptist medical center,1000 first street north,empty,empty,alabaster,al,35007,shelby,2056208100,acute care hospitals,voluntary non-profit - church,yes,pneumonia,pn-2,pneumonia patients assessed and given pneumococcal vaccination,97@@%,235 patients,al_pn-2
282,10016,shelby baptist medical center,1000 first street north,empty,empty,alabaster,al,35007,shelby,2056208100,acute care hospitals,voluntary non-profit - church,yes,pneumonia,pn-3b,pneumonia patients whose initial emergency room blood culture was performed prior to the administration of the first hospital dose of antibiotics,100%,110 patients,al_pn-3b
283,44807.894088363806,shelby baptist medical center,1000 first street north,empty,emp#t%y,alabaster,al,35007,shelby,2056208100,acute care hospitals,voluntary non-profit - church,yes,pneumonia,,pneumonia patients given smoking cessation advice/counseling,100%,131 patients,al_pn-4
284,10016,shelby baptist medical center,1000 first street north,empty,empty,alabaster,al,35007,shelby,2056208100,acute care hospitals,voluntary non-profit - church,yes,pneumonia,pn-5c,pneumonia patients given initial antibiotic(s) within 6 hours after arrival,96%,239 patients,al_pn-5c
285,,shelby baptist medical center,1000 first street north,empty,empty,alabaster,al,35007,shelby,2056208100,acute care hospitals,voluntary non-profit - church,yes,pneumonia,pn-6,pneumonia patients given the most appropriate initial antibiotic(s),93%,116 patients,al_pn-6
286,10016,shelby baptist medical center,1000 first street north,empty,empty,alabaster,al,35007,shelby,2056208100,acute care hospitals,voluntary non-profit - church,yes,pneumonia,p@@n-7,pneumonia patients assessed and given influenza vaccination,92%,empty,al_pn-7
287,10016,shelby baptist medical center,1000 first street north,empty,empty,alabaster,al,35007,shelby,2056208100,acute care hospitals,voluntary non-profit - church,yes,surgical infection prevention,scip-card%@@-2,,89@@%??,96 patients??,al_scip-card-2
288,,shelby baptist medical center,1000 first street north,empty,empty,alabaster,al,35007,shelby,2056208100,acute care hospitals,voluntary non-profit - church,yes,surgical infection prevention,scip-inf-1,surgery patients who were given an antibiotic at the right time (within one hour before surgery) to help prevent infection,98%,368 patients,al_scip-inf-1
289,10016,shelby baptist medical center,1000 first street north,empty,e??mpty,alabaster,al,35007,shelby,2056208100,acute care hospitals,voluntary non-profit - church,yes,surgical infection prevention,scip-inf-2,surgery patients who were given the  right kind  of antibiotic to help prevent infection,99%,empty,al_scip-inf-2
290,10016,shelby baptist medical center,1000 first street north,empty,empty,alabaster,al,35007,shelby,2056208100,acute care hospitals,voluntary non-profit - church,yes,surgical infection prevention,,,91%,empty,al_scip-inf-3
291,10016,shelby baptist medical center,1000 first street north,empty,empty,alabaster,al,35007,shelby,2056208100,acute care hospitals,voluntary non-profit - church,yes,surgical infection prevention,scip-inf-4,all heart surgery patients whose blood sugar (blood glucose) is kept under good control in the days right after surgery,93%,empty,al_scip-inf-4
292,10016,shelby baptist medical center,1000 first street north,empty,empty,alabaster,al,35007,shelby,2056208100,acute care hospitals,voluntary non-profit - church,yes,surgical infection prevention,scip-inf-6,surgery patients needing hair removed from the surgical area before surgery who had hair removed using a safer method (electric clippers or hair removal cream c not a razor),empty,588 patients,al_scip-inf-6
293,10016,shelby baptist medical center,1000 first street north,empty,empty,alabaster,al,35007,shelby,2056208100,acute care hospitals,voluntary non-profit - church,yes,surgical infection prevention,scip-v@@te-1,surgery patients whose doctors ordered treatments to prevent blood clots after certain types of surgeries,97%,??226 patien@@ts,
294,53353.536923468666,,1000 fi%rst stre%et north,em#pty#,empty,alabaster,al,35007,shelby,,acute care hospitals,voluntary non-profit - church,yes,surgical infection prevention,scip-vte-2,patients who got treatment  at the right time (within 24 hours before or after their surgery) to help prevent blood clots after certain types of surgery,94%,225 patients,al_scip-vte-2
295,10018,callahan eye foundation hospital,1720 university blvd,emp@@t%y,empty,birmingham,al,35233,jefferson,2053258100,acute care hospitals,voluntary non-profit - private,yes,heart attack,ami-1,heart attack patients given aspirin at arrival,empty,empty,al_ami-1
296,58743.613196940445,callahan eye foundation hospital,1720 university blvd,empty,empty,birmingham,al,35233,jefferson,2053258100,acute care hospitals,voluntary non-profit - private,yes,heart attack,ami-2,heart attack patients given aspirin at discharge,empty,empty,al_ami-2
297,,call??ahan eye foundation hosp??ital,1720 university blvd,empty,$e??mpty,birmingham,al,,jefferson,2053258100,acute care hospitals,voluntary non-profit - private,yes,heart attack,ami-3,heart attack patients given ace inhibitor or arb for left ventricular systolic dysfunction (lvsd),empty,#empty,al_ami-3
298,10018,callahan eye foundation hospital,1720 university blvd,empty,empty,birmingham,al,35233,jefferson,2053258100,acute care hospitals,voluntary non-profit - private,yes,heart attack,ami-4,heart attack patients given smoking cessation advice/counseling,empty,empty,al_ami-4
299,,callahan eye foundation hospital,1720 university blvd,empty,e#m#pty,birmingham,al,35233,jefferson,2053258100,acute care hospitals,voluntary non-profit - private,yes,heart attack,ami-5,heart attack patients given beta blocker at discharge,empty,empty,al_ami-5
300,10018,callahan eye foundation hospital,1720 university blvd,empty,empty,birmingham,al,35233,jefferson,2053258100,acute care hospitals,voluntary non-profit - private,yes,heart attack,ami-7a,heart attack patients given fibrinolytic medication within 30 minutes of arrival,empty,empty,al_ami-7a
301,10018,callahan eye foundation hospital,1720 university blvd,empty,empty,birmingham,al,35233,jefferson,2053258100,acute care hospitals,voluntary non-profit - private,yes,heart attack,ami-8$a,heart attack patients given pci within 90 minutes of arrival,empty,empty,al_ami-8a
302,10018,callahan eye foundation hospital,1720 university blvd,empty,empty,birmingham,al,35233,jefferson,2053258100,acute care hospitals,voluntary non-profit - private,yes,heart failure,hf-1,heart failure patients given discharge instructions,empty,empty,al_hf-1
303,10018,callahan eye foundation hospital,1720 university blvd,empty,empty,birmingham,al,35233,jefferson,2053258100,acute care hospitals,voluntary non-profit - private,yes,heart failure,hf-2,heart failure patients given an evaluation of left ventricular systolic (lvs) function,empty,empty,al_hf-2
304,10018,callahan eye foundation hospital,1720 university blvd,%%empty,empty,birmingham,al,35233,jefferson,2053258100,acute care hospitals,voluntary non-profit - private,yes,heart failure,hf-3,heart failure patients given ace inhibitor or arb for left ventricular systolic dysfunction (lvsd),empty,empty,al_hf-3
305,10018,callahan eye foundation hospital,1720 university blvd,empty,empty,birmingham,al,35233,jefferson,2053258100,acute care hospitals,voluntary non-profit - private,yes,heart failure,hf-4,heart failure patients given smoking cessation advice/counseling,em$p??ty,e%m$pty,al_hf-4
306,53944.4741897072,callahan eye foundation hospital,1720 university blvd,empty,empty,birmingham,al,35233,jefferson,2053258100,acute care hospitals,voluntary non-profit - private,yes,pneumonia,pn-2,pneumonia patients assessed and given pneumococcal vaccination,empty,empty,al_pn-2
307,10018,callahan eye foundation hospital,1720 university blvd,empty,empty,birmingham,al,35233,jefferson,2053258100,acute care hospitals,voluntary non-profit - private,yes,pneumonia,pn-3b,pneumonia patients whose initial emergency room blood culture was performed prior to the administration of the first hospital dose of antibiotics,empty,empty,al_pn-3b
308,10018,callahan eye foundation hospital,1720 university blvd,empty,empty,birmingham,al,35233,jefferson,2053258100,acute care hospitals,voluntary non-profit - private,yes,pneumonia,,pneu??monia patients given smoking cessation advice/counseling,empty,empty,al_pn-4
309,50473.504261539085,,1720 university blvd,empty,empty,birmingh#am,al,35233,jefferson,10568699169.450293,acute care hospitals,voluntary non-profit - private,yes,pneumonia,pn-5c,pneumonia patients given initial antibiotic(s) within 6 hours after arrival,empty,empty,al_pn-5c
310,10018,callahan eye foundation hospital,1720 university blvd,empty,empty,birmingham,al,35233,jefferson,2053258100,acute care hospitals,voluntary non-profit - private,yes,pneumonia,,pneumonia patients given the most appropriate initial antibiotic(s),empty,e#mpt%y,al_pn-6
311,10018,callahan eye foundation hospital,1720 university blvd,empty,empty,birmingham,al,35233,jefferson,2053258100,acute care hospitals,voluntary non-profit - private,yes,pneumonia,pn-7,pneumonia patients assessed and given influenza vaccination,empty,empty,al_pn-7
312,10038,stringfellow memorial hospital,301 east 18th st,empty,empt??y,anniston,al,36201,calhoun,2562358900,acute care hospitals,proprietary,yes,children s asthma care,cac-2,children who received systemic corticosteroid medication (oral and iv medication that reduces inflammation and controls symptoms) while hospitalized for asthma,100%,9 patients,
313,10038,stringfellow memorial hospital,301 east 18th st,empty,empt$%y,anniston,al,36201,calhoun,2562358900,acute care hospitals,proprietary,yes,children s asthma care,cac-3,children and their caregivers who received a home management plan of care document while hospitalized for asthma,33%,empty,al_cac-3
314,45782.49678881365,stringfellow memorial hospital,301 east 18th st,e@@mpty,empty,anniston,al,36201,calhoun,2562358900,acute care hospitals,proprietary,yes,heart attack,ami-1,heart attack patients given aspirin at arrival,98%,81 patients,al_ami-1
315,10038,stringfellow memorial hospital,301 east 18th st,empty,empty,anniston,al,36201,calhoun,2562358900,acute care hospitals,proprietary,yes,heart attack,ami-2,heart attack patients given aspirin at discharge,96%,73 patients,al_ami-2
316,10038,stringfellow memorial hospital,301 east 18th st,empt@@y,empty,anniston,al,36201,calhoun,2562358900,acute care hospitals,proprietary,yes,heart attack,ami-3,heart attack patients given ace inhibitor or arb for left ventricular systolic dysfunction (lvsd),93%,14 patients,al_ami-3
317,34423.92644083707,st%ringfellow memorial% hospital,301 east 18th st,emp??ty??,empt##y,anniston,al,143488.14517934484,calhoun,13469203781.345774,acute care hospitals,,yes,heart attack,ami-4$,heart attack patients given smoking cessation advice/counseling,empty,29 pat??ients,al_ami-4
318,10038,stringfellow memorial hospital,301 east 18th st,empty,#emp$ty,anniston,al,36201,calhoun,2562358900,acute care hospitals,proprietary,yes,heart attack,ami-5,heart attack patients given beta blocker at discharge,93%,67 patients,al_ami-5
319,32013.867766121428,stringfellow memorial hospital,301 east 18th st,empty,empty,anniston,al,36201,calhoun,2562358900,acute care hospitals,proprietary,yes,heart attack,??#ami-7a,heart attack patients given fibrinolytic medication within 30 minutes of arrival,0%,1 patients,al_ami-7a
320,10038,stringfellow memorial hospital,301 east 18th st,empty,empty$$,anniston,al,36201,calhoun,2562358900,acute care hospitals,proprietary,yes,heart attack,ami-8a,heart attack patients given pci within 90 minutes of arrival,87%,15 patients,al_ami-8a
321,10038,stringfellow memorial hospital,301 east 18th st,empty,empty,anniston,al,36201,calhoun,2562358900,acute care hospitals,proprietary,yes,heart failure,hf-1,heart failure patients given discharge instructions,empty,empty,al_hf-1
322,10038,stringfellow memorial hospital,301 east 18th st,e#mpty$,empty,anniston,al,36201,calhoun,2562358900,acute care hospitals,proprietary,yes,heart failure,hf-2,heart failure patients given an evaluation of left ventricular systolic (lvs) function,100%,empty,al_hf-2
323,10038,stringfellow memorial hospital,301 east 18th st,empty,empty,anniston,al,36201,calhoun,2562358900,acute care hospitals,proprietary,yes,heart failure,hf@@-3,heart failure patients given ace inhibitor or arb for left ventricular systolic dysfunction (lvsd),90%,empty,al_hf-3
324,10038,stringfellow memorial hospital,301 east 18th st,empty,empty,anniston,al,36201,calhoun,2562358900,acute care hospitals,proprietary,yes,heart failure,,heart failure patients given smoking cessation advice/counseling,empty,41 patients,al_hf-4
325,57147.03123942669,stringfellow memorial hospital,301 east 18th st,empty,empty,anniston,al,36201,calhoun,2562358900,acute care hospitals,proprietary,yes,pneumonia,pn-2,pneumonia patients assessed and given pneumococcal vaccination,97%,110 patients@@,al_pn-2
326,52579.63081324989,stringfellow memorial hospital,301 east 18th st,empty,empty,anniston,al,36201,calhoun,2562358900,acute care hospitals,proprietary,yes,pneumonia,pn-3b,pneumonia patients whose initial emergency room blood culture was performed prior to the administration of the first hospital dose of antibiotics,100%,102 patients,al_pn-3b
327,51564.39149208771,,301 east 18th st,empty$,%empty%,anniston,al,36201,calhoun,2562358900,acute care hospitals,proprietary,yes,pneumonia,,pn@@eumonia patients given smoking cessation advice/cou#nseling,#100%,83 patients,al_pn-4
328,,,301 ??east 18th st,empty,empty,anniston,al,214538.26700437552,calhoun,,acute care hospitals,,yes,pneumonia,pn-5c,pneumonia patients given initial antibiotic(s) within 6 hours after arrival,97%,empty,al_pn-5c
329,10038,stringfellow memorial hospital,301 east 18th st,empty,empty,anniston,al,36201,calhoun,2562358900,acute care hospitals,proprietary,yes,pneumonia,@@pn-6,pneumonia patients given the most appropriate initial antibiotic(s),92%,99 patients,a#l#_pn-6
330,10038,stringfellow memorial hospital,301 east 18th st,empty,empty,anniston,al,36201,calhoun,2562358900,,proprietary,yes,p??neumonia,,pneumonia patients assessed and given influenza vaccination,91%,87 patients,
331,10038,stringfellow memorial hospital,301 east 18th st,empty,empty,anniston,al,36201,calhoun,2562358900,acute care hospitals,proprietary,yes,surgical infection prevention,scip-card-2,surgery patients who were taking heart drugs called beta blockers before coming to the hospital who were kept on the beta blockers during the period just before and after their surgery,83%,23 patients,al_scip-card-2
332,10055,flowers hospital,4370 west main street,empty,empty,dothan,al,36305,houston,3347935000,acute care hospitals,proprietary,yes,heart failure,h@@f-#2,,100%,342 patients,al_hf-2
333,10055,flowers hospital,4370 west main street,empty,empty,dothan,al,36305,houston,3347935000,acute care hospitals,proprietary,yes,heart failure,,h%eart failure patients given ace inhibitor or arb for left ventricular #systolic dysfunction (lvsd),100%,94 patients,al_hf@@-3
334,54447.70266484365,flo@@we#rs hospital,4370 west main s#treet,empty,empty,dot#han$,al,36305,hou$ston??,12581009528.225534,acute care hospitals,proprietary,yes,heart failure,hf-4,heart failure patients given smoking cessation advice/counseling,100%,62 patients,al_hf-4
335,10055,flowers hospital,4370 west main street,empty,empty,dothan,al,36305,houston,3347935000,acute care hospitals,proprietary,yes,pneumonia,pn-2,pneumonia patients assessed and given pneumococcal vaccination,empty,166 patients,al_pn-2
336,,flowers hospital,4370 west main street,empty,empty,dothan,al,36305,houston,3347935000,acute care hospitals,proprietary,yes,pneumonia,pn-3b,pneumonia patients whose initial emergency room blood culture was performed prior to the administration of the first hospital dose of antibiotics,100%,152 patients,al_pn-3b
337,10055,flowers hospital,4370 west main street,empty,empty,dothan,al,36305,houston,3347935000,acute care hospitals,proprietary,yes,pneumonia,pn-4,pneumonia patients given smoking cessation advice/counseling,100%,77 patients,al_pn-4
338,10055,flowers hospital,4370 west main street,empty,empty,dothan,al,36305,houston,3347935000,acute care hospitals,proprietary,yes,pneumonia,pn-5c,pneumonia patients given initial antibiotic(s) within 6 hours after arrival,99%,146 patients,al_pn-5c
339,10055,flowers hospital,4370 west main street,empty,e$mpty,dothan,al,36305,houston,3347935000,acute care hospitals,proprietary,yes,pneumonia,pn-6??,pneumonia patients given the most appropriate initial antibiotic(s),99%,empty,a??l_pn-6
340,10055,flowers hospital,4370 west main street,empty,empty,dothan,al,36305,houston,3347935000,acute care hospitals,proprietary,yes,pneumonia,pn-7,pneumonia patients assessed and given influenza vaccination,99%,128 patients,al_pn-7
341,10055,flowers hospital,4370 west main street,$empty,empty,dothan,al,36305,houston,3347935000,acute care hospitals,proprietary,yes,surgical infection prevention,scip-card-2,surgery patients who were taking heart drugs called beta blockers before coming to the hospital who were kept on the beta blockers during the period just before and after their surgery,empty,147 patients,al_scip-card-2
342,10055,flowers hospital,4370 west main street,e#mp%ty,empty,dothan,al,36305,houston,3347935000,acute care hospitals,proprietary,yes,surgical infection prevention,,surgery patients who were given an antibiotic at the right time (within one hour before surgery) to help prevent infection,100%,950 patients,al_scip-inf-1
343,10055,flowers hospital,4370 west main street,empty,empty,dothan,al,36305,houston,3347935000,acute care hospitals,proprietary,yes,,%scip-inf-2,surgery patients who were given the  right kind  of antibiotic to help prevent infection,empty,957 patients,
344,34562.6689467412,flowers hospital,4370 west main street,emp@@$ty,%empty,dothan,al,36305,houston,3347935000,acute care hospitals,proprietary,yes,surgical infection prevention,scip-inf-3,surgery patients whose preventive antibiotics were stopped at the right time (within 24 hours after surgery),99%,empty,al_scip-inf-3
345,10055,flowers hospital,4370 west main street,empty,empty,dothan,al,36305,houston,3347935000,acute care hospitals,proprietary,yes,surgical infection prevention,scip-inf#-@@4,all heart surgery patients whose blood sugar (blood glucose) is kept under good control in the days right after surgery,98%,165 patients,al_scip-inf-4
346,10055,flowers hospital,4370 west main street,empty,empty,dothan,al,36305,houston,3347935000,acute care hospitals,proprietary,yes,surgical infection prevention,,,empty,1295 patients,al_scip-inf-6
347,10055,flowers hospital,4370 west main street,empty,@@empty,dothan,al,36305,houston,3347935000,acute care hospitals,proprietary,yes,surgical infection prevention,scip-$vte-1,surgery patients whose doctors ordered treatments to prevent blood clots after certain types of surgeries,100%,empty,a@@l_scip-vte-1
348,10055,flowers hospital,4370 west main street,empty,$emp??ty,dothan,al,36305,houston,3347935000,acute care hospitals,proprietary,yes,surgical infection pr$evention,@@scip-vte-2,patients who got treatment  at the right time (within 24 hours before or after their surgery) to help prevent blood clots aft%er certain types of$ surgery,empty,497 patients,al_scip-vte-2
349,10056,st vincents hospital,810 st vincents drive,em$pty,empty,birmingham,al,35205,jefferson,2059397000,acute care hospitals,voluntary non-profit - other,yes,h#eart a#ttack,a%mi-1,heart attack patients g#iven a$spirin at arrival,97%,239 patients,
350,10056,st vincents hospital,810 st vincents drive,empty,em%pty,birmingham,al,35205,jefferson,2059397000,acute care hospitals,voluntary non-profit - other,yes,heart attack,ami-2,heart attack patients given aspirin at discharge,98%,empty,al_ami-2
351,10056,st vincents hospital,810 st vincents drive,empty#,empty,birmingham,al,35205,jefferson,2059397000,acute care hospitals,voluntary non-profit - other,yes,heart attack,,heart attack patients given ace inhibitor or arb for left ventricular systolic dysfunction (lvsd),85%,empty,al_ami-3
352,,st vincents hospital,810 st vincents drive,empty,#empty,birmingham,al,35205,jefferson,2059397000,acute care hospitals,voluntary non-profit - other,yes,heart attack,ami-4,heart attack patients given smoking cessation advice/counseling,100%,empty,al_ami-4
353,10056,st vincents hospital,810 st vincents drive,em%pty,empty,birmingham,al,35205,jefferson,2059397000,acute care hospitals,voluntary non-profit - other,yes,heart attack,ami-5,heart attack patients given beta blocker at discharge,96@@%%,242 patients,al_ami-5
354,10085,,1201 7th street se,empty,empty,,al,159754.62416582185,morgan,,acute care hospitals,government - hospital district or authority,yes,surgical infection prevention,scip-vte-2,patients who got treatment  at the right time (within 24 hours before or after their surgery) to help prevent blood clots after certain types of surgery,87%,205 patients,al_scip-vte-2
355,,northwest medical center,1530 u s highway 43,empty,empty,winfield,al,35594,marion,2054877736,acute care hospitals,proprietary,yes,heart attack,,$heart attack patients given asp$irin at arrival,100%,empty,al_ami-1
356,10086,northwest medical center,1530 u s highway 43,empty,empty,winfield,al,35594,marion,2054877736,acute care hospitals,proprietary,yes,heart attack,,heart attack patients given aspirin at discharge,10$0%,empty,al_ami-@@2
357,10086,northwest medical center,1530 u s highway 43,empty,empty,winfield,al,35594,marion,2054877736,acute care hospitals,proprietary,yes,heart attack,ami-3,heart attack patients given ace inhibitor or arb for left ventricular systolic dysfunction (lvsd),100%,2 patients,al_ami-3
358,10086,northwest medical center,1530 u s highway 43,empty,empty,winfield,al,35594,marion,2054877736,acute care hospitals,proprietary,yes,heart attack,ami#-4%,heart attack patients given smoking cessation advice/counseling,10#0%@@,1 patients,
359,30927.885994816785,#northwest medical center,1530 u s highway 43,empty,empty,winfie%ld,al,162768.1708868065,marion,2054877736,acute care hospitals,p$roprietary,yes,heart attack,ami-5,heart attack patients given beta blocker at discharge,100%,8 patients,al_ami-5
360,10086,northwest medical center,1530 u s highway 43,empty,empty,winfield,al,35594,marion,2054877736,acute care hospitals,proprietary,yes,heart attack,ami-7a,heart attack patients given fibrinolytic medication within 30 minutes of arrival,0%,1 patients,al_ami-7a
361,,northwest medic@@al center,1530 u s highway 43,empty,empty,winfield,$al,212859.63220175047,marion,2054877736,acute care hospitals,proprietary,yes,heart attack,??%ami-8a,,empty,0 patients,al_ami-8a
362,10086,northwest medical center,1530 u s highway 43,empty,empty,winfield,al,35594,marion,2054877736,acute care hospitals,proprietary,yes,heart failure,hf-1,heart failure patients given discharge instructions,90%,48 patients,al_hf-1
363,10086,northwest medical center,1530 u s highway 43,%empty,empty,winfield,al,35594,marion,2054877736,acute care hospitals,proprietary,yes,heart failure,hf-@@#2,heart failure patients given an evaluation of left ventricular systolic (lvs) function,empty,59 patients,al_hf-2
364,37247.94081968145,northwest medical center,1530 u s highway 43,empty,empty,winfield,al,35594,marion,2054877736,acute care hospitals,proprietary,yes,heart failure,hf-3,heart failure patients given ace inhibitor or arb for left ventricular systolic dysfunction (lvsd),85%,13 patients,al_hf-3
365,10086,northwest medical center,1530 u s highway 43,empty,empty,winfield,al,35594,marion,2054877736,acute care hospitals,proprietary,yes,heart failure,hf-4,heart failure patients given smoking cessation advice/counseling,100%,14 patients,al_hf-4
366,10086,northwest medical center,1530 u s highway 43,empty,empty,winfield,al,35594,marion,2054877736,acute care hospitals,proprietary,yes,pneumonia,pn-2,pneumonia patients assessed and given pneumococcal vaccination,91%,66 patients,al_pn-2
367,10086,northwest medical center,1530 u s highway 43,empty,empty,winfield,al,35594,marion,2054877736,acute care hospitals,proprietary,yes,pneumonia,,pneumonia patients whose initial emergency room blood culture was performed prior to the administration of the first hospital dose of antibiotics,98%,59 patients,al_pn-3b
368,,,1530 u s highway 43,empty,empty,winfield,a??%l,35594,marion,2054877736,acute care hospitals,proprietary,yes,pneumonia,pn-4,pneumonia patients given smoking cessation advice/counseling,98%??@@,40 patients,al_pn-4
369,53442.692605966266,northwest med??ical #center,1530 u s highway 43,empty,empt?@@?y,winfield,,35594,marion,2054877736,acute care hospitals,#proprietary,yes,pneumonia,pn-5c,pneumonia patients given initial antibiotic(s) within 6 hours after arrival,100%,85 patie?#?nts,al_pn-5c
370,10086,northwest medical center,1530 u s highway 43,empty,empty,winfield,al,35594,marion,2054877736,acute care hospitals,proprietary,yes,pneumonia,pn-6,pneumonia patients given the most appropriate initial antibiotic(s),100%,62 patients,al_pn-6
371,10086,northwest medical center,1530 u s highway 43,empty,empty,winfield,al,35594,marion,2054877736,acute care hospitals,proprietary,yes,pneumonia,pn-7,pneumonia patients assessed and given influenza vaccination,82%,45 patients,al_pn-7
372,10086,northwest medical center,1530 u s highway 43,empty,empty,winfield,al,35594,marion,2054877736,acute care hospitals,proprietary,yes,surgical infection prevention,scip-card-2,surgery patients who were taking heart drugs called beta blockers before coming to the hospital who were kept on the beta blockers during the period just before and after their surgery,89%,19 patients,al_scip-card-2
373,32530.176633413153,northwest medica??l center,1530 u s highway 43,empty,emp#ty??,winfield,al,201508.079776065,marion,2054877736,acute care hospitals,proprietary,yes,surgical infection prevention,scip-inf-1,surgery patients who were given an antibiotic at the right time (within one hour before surgery) to help prevent infection,empty,102 patients,al_scip-inf-1
374,50807.456301271945,northwest medical center,1530 u s highway 43,empty,empty,winfield,al,35594,marion,2054877736,acute care hospitals,proprietary,yes,surgical infection prevention,scip-inf-2,surgery patients who were given the  right kind  of antibiotic to help prevent infection,99%,10$3% patients,al_scip-inf-2
375,10086,northwest medical center,1530 u s highway 43,empty,empty,winfield,al,35594,marion,2054877736,acute care hospitals,proprietary,yes,surgical infection prevention,scip-inf-3,surgery patients whose preventive antibiotics were stopped at the right time (within 24 hours after surgery),94%,empty,al_scip-inf-3
376,10086,northwest medical center,1530 u s highway 43,empty,empty,winfield,al,35594,marion,2054877736,acute care hospitals,proprietary,yes,surgical infection prevention,scip-inf-4,all heart surgery patients whose blood sugar (blood glucose) is kept under good control in the days right after surgery,empty,#0 patient$s,al_scip-inf-4
377,57860.59388298478,,1530 u s highway 43,empty,empty,winfield,al,35594,marion,,acute care hospitals,proprietary,yes,surgical infection prevention,,surgery patients needing hair removed from the surgical area before surgery who had hair removed using a safer method (electric clippers or hair removal cream c not a razor),empty,146 patients,al_scip-inf-6
378,10086,northwest medical center,1530 u s highway 43,empty,empty,winfield,al,35594,marion,2054877736,acute care hospitals,proprietary,yes,surgical infection prevention,scip-vt%e-1,surgery patients whose doctors ordered treatments to prevent blood clots after certain types of surgeries,95%,58 patients,
379,10086,northwest medical center,1530 u s highway 43,empty,empty,winfield,al,35594,marion,2054877736,acute care hospitals,proprietary,yes,surgical infection prevention,scip-vte-2,patients who got treatment  at the right time (within 24 hours before or after their surgery) to help prevent blood clots after certain types of surgery,9$@@5%,58 patients,al_scip-vte-2
380,46464.96556003809,univ of south alabama medical center,2451 fillingim street,empty,empty,mobile,al,36617,mobile,2514717110,acute care hospitals,government - state,yes,heart attack,ami-1,heart attack patients given aspirin at arrival,empty,86 patients,al_ami-1
381,10087,univ of south alabama medical center,2451 fillingim street,empty,empty,mobile,al,36617,mobile,2514717110,acute care hospitals,government - state,yes,heart attack,ami-2,heart attack patients given aspirin at discharge,97%,91 patients,al_ami-2
382,,univ of south alabama medical center,2451 fillingim street,empty,empty,mobile,al,36617,mobile,2514717110,acute care hospitals,government - state,yes,heart attack,ami-3,heart attack patients given ace inhibitor or arb for left ventricular systolic dysfunction (lvsd),100%,22 patien%ts,al_ami-3
383,10087,univ of south alabama medical center,2451 fillingim street,empt@@y,empty,mobile,al,36617,mobile,2514717110,acute care hospitals,government - state,yes,heart attack,ami-4,heart attack patients given smoking cessation advice/counseling,100%,58 patients,al_ami-4
384,10087,univ of south alabama medical center,2451 fillingim street,empty,empty,mobile,al,36617,mobile,2514717110,acute care hospitals,government - state,yes,heart attack,ami@@-5,,96%,96 patients,al_ami-5
385,10087,univ of south alabama medical center,2451 fillingim street,empty,empty,mobile,al,36617,mobile,2514717110,acute care hospitals,government - state,yes,heart attack,ami-7a,heart attack patients given fibrinolytic medication within 30 minutes of arrival,empty,0 patients,al_ami-7a
386,10087,univ of south alabama medical center,2451 fillingim street,empty,empty,mobile,al,36617,mobile,2514717110,acute care hospitals,government - state,yes,heart attack,ami-8#a,heart attack patients given pci within 90 minutes of arrival,50%,16 patients,al_ami-8a
387,10087,univ of south alabama medical center,2451 fillingim street,empty,e??mpty,mobile,al,36617,mobile,2514717110,acute care hospitals,government - state,yes,heart failure,,,empty,146 @@patients,al_hf-1
388,10087,univ of south alabama medical center,2451 fillingim street,empty,empty%@@,mobile,al,36617,mobile,2514717110,acute care hospitals,government - state,yes,heart failure,hf-2,heart failure patients given an evaluation of left ventricular systolic (lvs) function,$9#8%,150 patients,al_hf-2
389,10087,univ of south alabama medical center,2451 fillingim street,empty,emp??ty,mobile,al,36617,mobile,2514717110,acute care hospitals,government - state,yes,heart failure,hf-%3,,96%,84 patients,al_hf-3
390,10087,univ of south alabama medical center,2451 fillingim street,empty,em@@p#ty,mobile,al,36617,mobile,2514717110,acute care hospitals,government - state,yes,heart failure,hf-4,heart failure patients given smoking cessation advice/counseling,$100%,45 patients,al_hf-4
391,,univ of south alabama medical center,2451 fillingim street,empty,empty,mobile,al,36617,mobile,2514717110,acute care hospitals,government - state,yes,pneumonia,,pneumonia patients assessed and given pneumococcal vaccination,71%,empty,al_pn-2
392,48722.28537396806,univ of south alabama medical center,2451 fillingim street,empty,empty,mobile,al,36617,mobile,2514717110,acute care hospitals,government - state,yes,pneumonia,pn-3b,pneumonia patients whose initial emergency room blood culture was performed prior to the administration of the first hospital dose of antibiotics,89%,35 pati@@#ents,al_pn-3b
393,10108,prattville baptist hospital,124 s memorial dr,empty,e@@$mpty,prattville,al,36067,autauga,3343614267,acute care hospitals,voluntary non-profit - private,yes,heart attack,ami-2,heart attack patients given aspirin at discharge,%100%,4 patients,al_ami-2
394,10108,prattville baptist hospital,124 s memorial dr,empty,empty,prattville,al,36067,autauga,3343614267,acute care hospitals,voluntary non-profit - private,yes,heart attack,ami-#3,heart attack patients given ace inhibitor or arb for left ventricular systolic dysfunction (lvsd),67%,3 patients,
395,10108,prattville baptist hospital,124 s memorial dr,empty,empty,prattville,al,36067,autauga,3343614267,acute care hospitals,voluntary non-profit - private,yes,heart attack,ami-4,heart attack patients given smoking cessation advice/counseling,empty,0 patients,al_ami-4
396,10108,prattville baptist hospital,124 s memorial dr,empty,empty,prattville,al,36067,autauga,3343614267,acute care hospitals,voluntary non-profit - private,yes,heart attack,ami-5,heart attack patients given beta blocker at discharge,100%,5 patients,al_ami-5
397,10108,prattville baptist hospital,124 s memorial dr,empty,empty,prattville,al,36067,autauga,3343614267,acute care hospitals,voluntary non-profit - private,yes,heart attack,ami-7a,heart attack patients given fibrinolytic medication within 30 minutes of arrival,empty,0 patients,al_ami-7a
398,10108,prattville baptist hospital,124 s memorial dr,empty,empty,prattville,al,36067,autauga,3343614267,acute care hospitals,voluntary non-profit - private,yes,heart attack,ami-8a,heart attack patients given pci within 90 minutes of arrival,empty,0 patients,al_ami-8a
399,10108,prattville baptist hospital,124 s memorial dr,empt??y,empty,prattville,al,36067,autauga,3343614267,acute care hospitals,voluntary non-profit - private,yes,heart failure,,heart failure patients given discharge instr$uctions,96%,75 patients,al_hf-1??
400,10108,prattville baptist hospital,124 s memorial dr,empty,empty,prattville,al,36067,autauga,3343614267,acute care hospitals,voluntary non-profit - private,yes,heart failure,,heart failure patients given an evaluation of left ventricular systolic (lvs) function,94%,93 patients,al_hf-2
401,,prattville baptist hospital,124 s memorial dr,empty,empty,prattville,al,36067,autauga,3343614267,acute care hospitals,voluntary non-profit - private,yes,heart failure,hf-3,heart failure patients given ace inhibitor or arb for left ventricular systolic dysfunction (lvsd),94%,empty,al_hf-3
402,10108,prattville baptist hospital,124 s memorial dr,empty,e%mpty,prattville,al,36067,autauga,3343614267,acute care hospitals,voluntary non-profit - private,yes,heart failure,hf-4,heart failure patients given smoking cessation advice/counseling,96%,27 patients,al_hf-4
403,10108,prattville baptist hospital,124 s memorial dr,empty,empty,prattville,al,36067,autauga,3343614267,acute care hospitals,voluntary non-profit - private,yes,pneumonia,pn-2,pneumonia patients assessed and given pneumococcal vaccination,94%,116 patients,al_pn-2
404,31815.74543104743,prattville baptist hospital,124 s memorial dr,empty,empty,prattville,al,36067,autauga,3343614267,acute care hospitals,voluntary non-profit - private,yes,pneumonia,pn-3b,pneumonia patients whose initial emergency room blood culture was performed prior to the administration of the first hospital dose of antibiotics,95%,138 ??patients,al_pn-3b
405,55584.89012394639,prattville baptist hospital,124 s memorial dr,empty,empty,prattville,al,36067,autauga,3343614267,acute care hospitals,voluntary non-profit - private,yes,pneumonia,pn-4,pneumonia patients given smoking cessation advice/counseling,100%,empty,al_pn-4
406,10108,prattville baptist hospital,124 s memorial dr,empty,empty,prattville,al,36067,autauga,3343614267,acute care hospitals,voluntary non-profit - private,yes,pneumonia,pn-5c,pneumonia patients given initial antibiotic(s) within 6 hours after arrival,94%,131 pa%tient#s,al_pn-5c
407,10108,prattville baptist hospital,124 s memorial dr,empty,empty,prattville,al,36067,autauga,3343614267,acute care hospitals,voluntary non-profit - private,yes,pneumonia??,pn#-6,pneumonia patients given the most appropriate initial antibiotic(s),9%2%,93 patients,al_pn-6
408,48655.211051899074,prattville baptist hospital,124 s memorial dr,empty,empty,prattville,al,36067,autauga,3343614267,acute care hospitals,voluntary non-profit - private,yes,pneumonia,pn-7,pneumonia patients assessed and given influenza vaccination,99%,??89?? patients,al_pn-7
409,10108,prattville baptist hospital,124 s memorial dr,empty,empty,prattville,al,36067,autauga,3343614267,acute care hospitals,voluntary non-profit - private,yes,surgical infection prevention,scip-card-2,surgery patients who were taking heart drugs called beta blockers before coming to the hospital who were kept on the beta blockers during the period just before and after their surgery,100%,1 patients,al_scip-card-2
410,,prattville baptist h%ospital,124 s memor@@ial% dr,empty,e#mpty,,al,,autauga,,acute care hospitals,voluntary non-profit - private,yes,surgical infection prevention,scip-inf-1,surgery patients who were given an antibiotic at the right time (within one hour before surgery) to help prevent infection,90%,10 patients,al_scip-inf-1
411,10108,prattville baptist hospital,124 s memorial dr,empt#y,empty,prattville,al,36067,autauga,3343614267,acute care hospitals,voluntary non-profit - private,yes,surgical infection prevention,scip-inf-2,surgery patients who were given the  right kind  of antibiotic to help prevent infection,90%,empty,al_scip-inf-2
412,10108,prattville baptist hospital,124 s memorial dr,emp????ty,empty,prattville,al,36067,autauga,3343614267,acute care hospitals,voluntary non-profit - private,yes,surgical infection prevention,scip-inf-3,surgery patients whose preventive antibiotics were stopped at the right time (within 24 hours after surgery),100%,10 patients,al_scip-inf-3
413,,russellville hospital,15155 highway 43,empty,e????mpty,russellville,al,173592.48818205242,franklin,12229765952.187096,acute care hospitals,proprietary,yes,surgical infection prevention,scip-vte-1,surgery patients whose doctors ordered treatments to prevent blood clots after certain types of surgeries,100%,125 patients,al_scip-vte-1
414,10158,russellville hospital,15155 highway 43,??emp@@ty,empty,russellville,al,173592.48818205242,franklin,12229765952.187096,acute care hospitals,proprietary,yes,surgical infection prevention,scip-vte-2,patients who got treatment  at the right time (within 24 hours before or after their surgery) to help prevent blood clots after certain types of surgery,9??8%$,125$ patients,al_scip-vte-2
415,10164,coosa valley medical center,315 w hickory st,empty,empt#y,sylacauga,al,35150,talladega,2562495000,acute care hospitals,voluntary non-profit - other,no,heart attack,am%i-@@1,heart attack patients given aspirin at arrival,90$%,10% patients%,al_ami-1
416,10164,coosa valley medical center,315 w hickory st,empty,empty,sylacauga,al,35150,talladega,2562495000,acute care hospitals,voluntary non-profit - other,no,heart attack,ami-2,heart attack patients given aspirin at discharge,100%,3 patie#n@@ts,al_ami-2
417,10164,coosa valley medical center,315 w hickory st,empty,empty,sylacauga,al,35150,talladega,2562495000,acute care hospitals,voluntary non-profit - other,no,heart attack,ami-3,heart attack patients given ace inhibitor or arb for left ventricular systolic dysfunction (lvsd),100%,1 patients,al_ami-3
418,,,,empty,empty,sylacauga,,35150,talladega,2562495000,acute care hospitals,voluntary non-profit - other,no,heart attack,ami-4,heart attack patients given smoking cessation advice/counseling,empty,0 patients,al_ami-4
419,10164,coosa valley medical center,315 w hickory st,empty,emp??ty,sylacauga,al,35150,talladega,2562495000,acute care hospitals,voluntary non-profit - other,no,heart attack,ami-5,heart attack patients given beta blocker at discharge,100%,4 patients,al_ami-5
420,50106.68151989139,coosa val@@ley medical center,315 w hickory st,empty,empty,sylacauga,al,,talladega,2562495000,acute care hospitals,voluntary non-profit - other,no,heart attack,ami-7a,heart attack patients given fibrinolytic medication within 30 minutes of arrival,empty,empty,al_ami-7a
421,,,315 w hickory st,empty,empty@@,,al,35150,tallad@@#ega,2562495000,acute care hospitals,,no,heart attack,ami-8a,heart attack patients given pci within 90 minutes of arrival,em#pty,0 patients,al_ami-8a
422,10164,coosa valley medical center,315 w hickory st,empty,empty,sylacauga,al,35150,talladega,2562495000,acute care hospitals,voluntary non-profit - other,no,heart failure,hf-1,heart failure patients given discharge instructions,empty,78 patients,al_hf-1
423,10164,coosa valley medical center,315 w hickory st,empty,empty,sylacauga,al,35150,talladega,2562495000,acute care hospitals,voluntary non-profit - other,no,heart failure,hf-2,heart failure patients given an evaluation of left ventricular systolic (lvs) function,99%,105 patients,al_hf-2
424,,coosa valley medical center,315 w hickory st,empt@@#y,empty,sylacauga,al,35150,talladega,2562495000,acute care hospitals,voluntary non-profit - other,no,heart failure,hf-3,heart failure patients given ace inhibitor or arb for left ventricular systolic dysfunction (lvsd),85@@%,empty,al_hf-3
425,10164,coosa valley medical center,315 w hickory st,e@@mpt#y,empty,sylacauga,al,35150,talladega,2562495000,acute care hospitals,voluntary non-profit - other,no,heart failure,hf-4,heart failure patients given smoking cessation advice/counseling,100%,12 patients,al_hf-4
426,10164,coosa valley medical center,315 w hickory st,em#pty,empty,sylacauga,al,35150,talladega,2562495000,acute care hospitals,voluntary non-profit - other,no,pneumonia,pn-2,pneumonia patients assessed and given pneumococcal vaccination,93%,69 patients,al_pn-2
427,10164,coosa valley medical center,315 w hickory st,empty,empty%%,sylacauga,al,35150,talladega,2562495000,acute care hospitals,voluntary non-profit - other,no,pneumonia,pn-3b,pneumonia patients whose initial emergency room blood culture was performed prior to the administration of the first hospital dose of antibiotics,empty,95 patients,al_pn-3b
428,,coos??a valley medical center,315 w hickory st,empty,empty,sylacauga,al,35150,talladega,2562495000,acute care hospitals,voluntary non-profit - other,no,pneumonia,pn-4,pneumonia patients given smoking cessation advice/counseling,100%,#47 patient%s,al_pn-4
429,10164,coosa valley medical center,315 w hickory st,empty,empty,sylacauga,al,35150,talladega,2562495000,acute care hospitals,voluntary non-profit - other,no,pneumonia,pn-5c,pneumonia patients given initial antibiotic(s) within 6 hours after arrival,97%,101 patients,al_pn-5c
430,10164,coosa valley medical center,315 w hickory st,empty,empty,sylacauga,al,35150,talladega,2562495000,acute care hospitals,voluntary non-profit - other,no,pneumonia,pn-6,pneumonia patients given the most appropriate initial antibiotic(s),96%,57 patients,al_pn-6
431,10164,coosa valley medical center,315 w hickory st,empty,em%pty,sylacauga,al,35150,talladega,2562495000,acute care hospitals,voluntary non-profit - other,no,pneumonia,pn-7,pneumonia patients assessed and given influenza vaccination,empty,empty,al_pn-7
432,10164,coosa valley medical center,315 w hickory st,empt@@y,empty,sylacauga,al,35150,talladega,2562495000,acute care hospitals,voluntary non-profit - other,no,surgical infection prevention,scip-card-2,surgery patients who were taking heart drugs called beta blockers before coming to the hospital who were kept on the beta blockers during the period just before and after their surgery,82%,empty,al_scip-card-2
433,69595.40395457318,alaska regional hospital,2801 debarr road,empty,%empty,anchorage,ak,99508,anchorage,9072761131,acute care hospitals,proprietary,yes,heart failure,hf-1,heart failure patients given discharge instructions,91%,empty,al_hf-1
434,,alaska regional hospital,2801 debarr road,emp#ty,empty,anchorage,ak,99508,anchorage,9072761131,acute care hospitals,proprietary,yes,heart failure,hf-2,heart failure patients given an evaluation of left ventricular systolic (lvs) function,98%,61 patients,al_hf-2
435,20017,alaska regional hospital,2801 debarr road,empty,e#m@@pty,anchorage,ak,99508,anchorage,9072761131,acute care hospitals,proprietary,yes,heart failure,,heart failure patients given ace inhibitor or arb for left ventricular systolic dysfunction (lvsd),empty,33 patients,ak_hf-3
436,20017,alaska regional hospital,2801 debarr road,empty,e%mpty,anchorage,ak,99508,anchorage,9072761131,acute care hospitals,proprietary,yes,heart failure,hf-4,heart failure patients given smoking cessation advice/counseling,100%,13 patients,al_hf-4
437,60888.62514154888,alaska regional hospital,2801 debarr road,empty,empty,anchorage,ak,99508,anchorage,9072761131,acute care hospitals,proprietary,yes,pneumonia,pn-2,pneumonia patients assessed and given pneumococcal vaccination,empty,empty,al_pn-2
438,,alaska regional hospital,2801 debarr road,empty,empty,anchorage,ak,99508,anchorage,9072761131,acute care hospitals,proprietary,yes,pneumonia,pn-3b,pneumonia patients whose initial emergency room blood culture was performed prior to the administration of the first hospital dose of antibiotics,100%,47 patients,al_pn-3b
439,119886.96600382321,alaska regional hospital,2801 debarr road,empty,empty,anchorage,ak,99508,anchorage,9072761131,acute care hospitals,proprietary,yes,pneumonia,pn-4,pneumonia patients given smoking cessation advice/counseling,96%,26 patients,al_pn-4
440,20017,alaska regional hospital,2801 debarr road,empty,empty,anchorage,ak,99508,anchorage,9072761131,acute care hospitals,proprietary,yes,pneumonia,pn-5c,pneumonia patients given initial antibiotic(s) within 6 hours after arrival,97%,empty,al_pn-5c
441,117995.11039716723,alask@@a regional hospital,,empty,$empt??y,anchorage,,99508,anchorage,9072761131,acute care hospitals,proprietary,yes,pneumonia,pn-6,pneumonia patients given the most appropriate initial antibiotic(s),95%,empty,al_pn-6
442,89651.75706119493,alaska regional hospital,2801 debarr road,%empty??,empty,anchorage,ak,99508,anchorage,9072761131,acute care hospitals,proprietary,yes,pneumonia,pn-7,pneumonia patients assessed and given influenza vaccination,90%,empty,al_pn-7
443,20017,alaska regional hospital,2801 debarr road,emp#ty,empty,anchorage,ak,99508,anchorage,9072761131,acute care hospitals,proprietary,yes,surgical infection prevention,scip-card-2,surgery patients who were taking heart drugs called beta blockers before coming to the hospital who were kept on the beta blockers during the period just before and after their surgery,8??7%,106 patients,al_scip-card-2
444,20017,alaska regional hospital,2801 debarr road,empty,empty,anchorage,ak,99508,anchorage,9072761131,acute care hospitals,proprietary,yes,surgical infection prevention,scip-inf-1,surgery patients who were given an antibiotic at the right time (within one hour before surgery) to help prevent infection,96%,513 patients,al_scip-inf-1
445,20017,alaska regional hospital,2801 debarr road,empty,??empty,anchorage,ak,99508,anchorage,9072761131,acute care hospitals,proprietary,yes,surgical infection prevention,scip-inf-2,surgery patients who were given the  right kind  of antibiotic to help prevent infection,98%,521 patients,al_scip-inf-2
446,20017,alaska regional hospital,2801 debarr road,empty,empty,anchorage,ak,99508,anchorage,9072761131,acute care hospitals,proprietary,yes,surgical infection prevention,,surgery patients whose preventiv%e antibiotics were stopped at the right time (within 24 hours after surgery),88%,4??99 pati??ents,ak_scip-inf-3
447,85737.45305699349,alaska regional hospital,2801 debarr road,empty,empty,anchorage,ak,99508,anchorage,9072761131,acute care hospitals,proprietary,yes,surgical infection prevention,scip-inf-4,all heart surgery patients whose blood sugar (blood glucose) is kept under good control in the days right after surgery,94%,146 patients,al_scip-inf-4
448,20017,alaska regional hospital,2801 debarr road,emp#t#y,empty,anchorage,ak,99508,anchorage,9072761131,acute care hospitals,proprietary,yes,surgical infection prevention,scip-i%$nf-6,,empty,empty,ak_scip-inf-6
449,20017,alaska regional hospital,2801 debarr road,empty,empty,anchorage,ak,99508,anchorage,9072761131,,proprietary,yes,s??urgical infec??tion prevention,,surgery pati@@ents whose doctors ordered treatments to prevent blood clots after certain types of surgeries,94%,226 patients,
450,20017,alaska regional hospital,2801 debarr road,empty,empty,anchorage,ak,99508,anchorage,9072761131,acute care hospitals,proprietary,yes,surgical infection prevention,scip-vte-2,patients who got treatment  at the right time (within 24 hours before or after their surgery) to help prevent blood clots after certain types of surgery,94%,223 patients,al_scip-vte-2
451,20018,,p#o box 287,empty,empty,bethel,ak,99559,,30216260301.41296,acute care hospitals,governm#ent $- federal,no,heart attack,ami-1,heart attack patients given aspirin at arrival,emp#ty,empty#,al_ami-1
452,20018,,,e#m#pty,empty,bethel,ak,99559,,9075436300,acute care hospitals,,no,heart attack,ami-2,heart attack patients given aspirin at discharge,empty,empty,al_ami-2
453,10019,helen keller memorial hospital,1300 south montgomery avenue,empty,empty,sheffield,al,35660,jefferson,2563864556,acute care hospitals,government - hospital district or authority,yes,pneumonia,,,89%,150 patients,al_p##n-2
454,10019,helen keller memorial hospital,1300 south montgomery avenue,empty,empty,sheffield,al,35660,jefferson,2563864556,acute care hospitals,government - hospital district or authority,yes,pneumonia,pn-3b,pneumonia patients whose initial emergency room blood culture was performed prior to the administration of the first hospital dose of antibiotics,99%,149 patients,al_pn-3b
455,10019,helen keller memorial hospital,1300 south montgomery avenue,empty,empty,sheffield,al,35660,jefferson,2563864556,acute care hospitals,government - hospital district or authority,yes,pneumonia,pn-4,pneumonia patients given smoking cessation advice/counseling,empty,79 patients,al_pn-4
456,,helen keller memorial hospital,1300 south montgomery avenue,empty,em??pty,sheffield,al,35660,jefferson,2563864556,acute care hospitals,government - hospital district or authority,yes,pneumonia,pn-5c,pneumonia patients given initial antibiotic(s) within 6 hours after arrival,98%,192 patients,al_pn-5c
457,10019,helen keller memorial hospital,1300 south montgomery avenue,empty,empty,sheffield,al,35660,jefferson,2563864556,acute care hospitals,government - hospital district or authority,yes,pneumonia,pn-6,pneumonia patients given the most appropriate initial antibiotic(s),86%,139 patients,al_pn-6
458,10019,helen keller memorial hospital,1300 south montgomery avenue,e#mpty,empty,sheffield,al,35660,jefferson,2563864556,acute care hospitals,government - hospital district or authority,yes,pneumonia,pn-7,pneumonia patients assessed and given influenza vaccination,82%,119 patients,al_pn-7
459,10019,helen keller memorial hospital,1300 south montgomery avenue,empty,empty,sheffield,al,35660,jefferson,2563864556,acute care hospitals,government - hospital district or authority,yes,surgical infection prevention,,surgery patients who were taking heart drugs called beta blockers before coming to the hospital who were kept on the beta blockers during the period just before and after their surgery,81$%,empty,al_scip-card-2
460,10019,helen keller memorial hospital,1300 south montgomery avenue,empty,empty,sheffield,al,35660,jefferson,2563864556,acute care hospitals,government - hospital district or authority,yes,surgical infection prevention,,surgery patients who were given an antibiotic at the right time (within one hour before surgery) to help prevent infection,92%,empty,al_scip-inf-1
461,57538.48626860419,helen keller memorial hospital,1300 south montgomery avenue,empty,empty,sheffield,al,35660,jefferson,2563864556,acute care hospitals,government - hospital district or authority,yes,surgical infection prevention,scip-i@@nf-2,surgery patients who were given the  right kind  of antibiotic to help prevent infection,91%,255 patient%s,
462,10019,helen keller memorial hospital,1300 south montgomery avenue,empty,%empty,sheffield,al,35660,jefferson,2563864556,acute care hospitals,government - hospital district or authority,yes,surgical infection prevention,scip-inf-3,surgery patients whose preventive antibiotics were stopped at the right time (within 24 hours after surgery),84%,empty,al_scip-inf-3
463,10019,helen keller memorial hospital,1300 south montgomery avenue,empty,empty,sheffield,al,35660,jefferson,2563864556,acute care hospitals,government - hospital district or authority,yes,surgical infection prevention,scip-inf-4,all heart surgery patients whose blood sugar (blood glucose) is kept under good control in the days right after surgery,empt@@y,0 patients,al_scip-inf-4
464,10019,helen keller memorial hospital,1300 south montgomery avenue,empty,empty,sheffield,al,35660,jefferson,2563864556,acute care hospitals,government - hospital district or authority,yes,surgical infection prevention,scip-inf-6,surgery patients needing hair removed from the surgical area before surgery who had hair removed using a safer method (electric clippers or hair removal cream c not a razor),97%,369 pa@@tients,al_scip-inf-6
465,10019,helen keller memorial hospital,1300 south montgomery avenue,empty%,empty,sheffield,al,35660,jefferson,2563864556,acute care hospitals,government - hospital district or authority,yes,surgical infection prevention,,surgery patients whose doctors ordered treatments to prevent blood clots after certain types of surgeries,empty,empty,
466,10019,helen keller memorial hospital,1300 south montgomery avenue,e@@mpty,empty,sheffield,al,35660,jefferson,2563864556,acute care hospitals,government - hospital district or authority,yes,surgical infection prevention,scip-vte-2,patients who got treatment  at the right time (within 24 hours before or after their surgery) to help prevent blood clots after certain types of surgery,79%,142 patients,al_scip-vte-2
467,10021,dale medical center,126 hospital ave,empty,empty,ozark,al,36360,dale,3347742601,acute care hospitals,government - hospital district or authority,yes,heart attack,ami-1,heart attack patients given aspirin at arrival,100%,11 patients,al_ami-1
468,10021,dale medical center,126 hospital ave,empty,empty,ozark,al,36360,dale,3347742601,acute care hospitals,government - hospital district or authority,yes,heart attack,ami-2,heart attack patients given aspirin at discharge,100%,5 patients,al_ami-2
469,54863.432205409255,dale medical center,126 hospital ave,empty,empty,ozark,al,36360,dale,3347742601,acute care hospitals,government - hospital district or authority,yes,heart attack,ami-$3,,empty,0 patients#,al_ami-3
470,43336.49796686315,dale# ??medical center,126 hospital ave,empty,empty,ozark,al,36360,dale,,acute care hospitals,government - hospital district o#r authority,yes,heart attack,ami-4,heart attack patients given smoking cessation advice/counseling,@@10??0%,3 pati@@ents??,al_ami-4
471,10021,dale medical center,126 hospital ave,empty,empty,ozark,al,36360,dale,3347742601,acute care hospitals,government - hospital district or authority,yes,heart attack,ami-5,heart attack patients given beta blocker at discharge,empty,empty,al_ami-5
472,10021,dale medical center,126 hospital ave,empty,emp%ty@@,ozark,al,36360,dale,3347742601,acute care hospitals,government - hospital district or authority,yes,heart attack,ami-7a,heart attack patients given fibrinolytic medication within 30 minutes of arrival,????0%,2 patients,al_ami-7a
473,,dale medical center,126 hospital ave,empty,empty,ozark,al,36360,dale,3347742601,acute care hospitals,government - hospital district or authority,yes,heart attack,ami-8a,heart attack patients given pci within 90 minutes of arrival,%empty,0 patients,al_ami-8a
474,10021,dale medical center,126 hospital ave,empty,empty,ozark,al,36360,dale,3347742601,acute care hospitals,government - hospital district or authority,yes,heart failure,hf-1,heart failure patients given discharge instructions,66%,79 patients,al_hf-1
475,,dale medical center,126 hospital ave,empty,empty,ozark,al,36360,dale,3347742601,acute care hospitals,government - hospital district or authority,yes,,hf-$2,heart failure patients given an evaluation of left ventricular systolic (lvs) function,96%,94 patien#ts??,al_hf-2
476,10021,dale medical center,126 hospital ave,e%mp@@ty,empty,ozark,al,36360,dale,3347742601,acute care hospitals,government - hospital district or authority,yes,heart failure,hf-3,heart failure patients given ace inhibitor or arb for left ventricular systolic dysfunction (lvsd),94%,empty,al_hf-3
477,48719.51679396188,dale medical center,126 hospital ave,empty,empty,ozark,al,36360,dale,3347742601,acute care hospitals,government - hospital district or authority,yes,heart failure,hf-4,heart failure patients given smoking cessation advice/counseling,empty,32 patients,al_hf-4
478,10021,dale medical center,126 hospital ave,empty,emp@@t%y,ozark,al,36360,dale,3347742601,acute care hospitals,government - hospital district or authority,yes,pneumonia,pn-2,pneumonia patients assessed and given pneumococcal vaccination,85%,80 patients,al_pn-2
479,,dale medical center,126 hospital ave,empty,empty,ozark,al,36360,dale,3347742601,acute care hospitals,government - hospital district or authority,yes,pneumonia,,pneumonia patients whose initial emergency room blood culture was performed prior to the administration of the first hospital dose of antibiotics,94%,empty,al_pn-3b
480,10021,dale medical center,126 hospital ave,empty,empty,ozark,al,36360,dale,3347742601,acute care hospitals,government - hospital district or authority,yes,pneumonia,p@@%n-4,pneumonia patients given smoking cessation advice/counseling,87%,39 patients,#al#_pn-4
481,10021,dale medical center,126 hospital ave,empt??y%,empty,ozark,al,36360,dale,3347742601,acute care hospitals,government - hospital district or authority,yes,pneumonia,pn-5c,pneumonia patients given initial antibiotic(s) within 6 hours after arrival,empty,74 #patients,al_pn-5c
482,51982.13077438062,dale med??ical center,126 hospital ave,empty,e%m%pty,$oz$ark,al,36360,dale,3347742601,acute care hospitals,government - hospital district or authority,yes,pneumonia,%pn??-6,,empty,59 patients,al_pn-6
483,10021,dale medical center,126 hospital ave,empty,empty,ozark,al,36360,dale,3347742601,acute care hospitals,government - hospital district or authority,yes,pneumonia,p#n-7,pneumonia patients assessed a$nd given influenza vaccination,90%,62 patients,al_pn-7
484,10021,dale medical center,126 hospital ave,empty,empty,ozark,al,36360,dale,3347742601,acute care hospitals,government - hospital district or authority,yes,surgical infection prevention,scip-card-2,surgery patients who were taking heart drugs called beta blockers before coming to the hospital who were kept on the beta blockers during the period just before and after their surgery,100%,12 patients,al_scip-card-2
485,50878.7975500006,dale medical center,126 hospital ave,empty,empty,ozark,al,36360,dale,3347742601,acute care hospitals,government - hospital district or authority,yes,surgical infection prev$ention,scip-i@@nf-1,surgery patients who were given an antibiotic at the right time (within one hour before surger#y) to help prevent infection,94%,52 patients,al_scip-inf-1
486,44149.85139294265,dale medical center,126 hospital ave,empty,empty,ozark,al,36360,dale,3347742601,acute care hospitals,government - hospital district or authority,yes,surgical infection prevention,scip-inf-2,surgery patients who were given the  right kind  of antibiotic to help prevent infection,96%$,52 patients,al_scip-inf-2
487,58071.79508861697,dale medical center,126 hospital ave,empty,empty,ozark,al,36360,dale,3347742601,acute care hospitals,government - hospital district or authority,yes,surgical infection prevention,scip-inf-3,surgery patients whose preventive antibiotics were stopped at the right time (within 24 hours after surgery),85%,48 patients,al_scip-inf-3
488,,,126 hospital# ave,empty,empty,ozark,al,36360,dale,3347742601,acute care hospitals,government - hospital district or authority,yes,surgical infection prevention,scip-inf-4,all heart surgery patients whose blood sugar (blood glucose) is kept under good control in the days right after surgery,empty,0 patients,al_scip-inf-4
489,10021,dale medical center,126 hospital ave,empty,%@@empty,ozark,al,36360,dale,3347742601,acute care hospitals,government - hospital district or authority,yes,,,surgery patients needing hair removed from the surgical area before surgery who had hair removed using a safer method (electric clippers or hair removal cream c not a razor),10$0%$,94 patients,
490,10021,dale medical center,126 hospital ave,empty,empty,ozark,al,36360,dale,3347742601,acute care hospitals,government - hospital district or authority,yes,surgical infection prevention,scip-vte-1,surgery patients whose doctors ordered treatments to prevent blood clots after certain types of surgeries,88%,50 pat$ients,al_scip-vte-1
491,49241.83690528114,dale medical center,126 hospital ave,empty,empty,ozark,al,36360,dale,3347742601,acute care hospitals,government - hospital district or authority,yes,surgical infection prevention,scip-vt@@e-2,patients who got treatment  at the right time (within 24 hours before or after their surgery) to help prevent blood clots after certain types of surgery,68%,50 patients,
492,10022,cherokee medical center,400 northwood dr,empty,empty@@,centre,al,35960,cherokee,2569275531,acute care hospitals,voluntary non-profit - private,yes,heart attack,ami-1,heart attack patients given aspirin at arrival,empty,empty,al_ami-1
493,41930.83175201886,cherokee medical center,400 northwood dr,emp%ty#,e#mpty#,centre,al,35960,cherokee,2569275531,acute care hospitals,voluntary non-profit - private,yes,heart attack,ami-#2,heart attack patients given aspirin at discharge,empty,1 patients,al_ami-$@@2
494,10022,cherokee medical center,400 northwood dr,empty,empty,centre,al,35960,cherokee,2569275531,acute care hospitals,voluntary non-profit - private,yes,heart attack,ami@@-3,heart attack patients given ace inhibitor or arb for left ventricular systolic dysfunction (lvsd),empty,0 patients,al_ami-3
495,10022,cherokee medical center,400 northwood dr,empt##y,empty,centre,al,35960,cherokee,2569275531,acute care hospitals,voluntary non-profit - private,yes,,$ami-4%,heart attack patients given smoking cessation advice/counseling,empty,0 patients,al_ami-4
496,10022,cherokee medical center,400 northwood dr,em#p#ty,empty,centre,al,35960,cherokee,2569275531,acute care hospitals,voluntary non-profit - private,yes,heart attack,ami-5,heart attack patients given beta blocker at discharge,empty,0 patients,al_ami-5
497,10022,cherokee medical center,400 northwood dr,empty,empty,centre,al,35960,cherokee,2569275531,acute care hospitals,voluntary non-profit - private,yes,heart attack,ami-7a,heart attack patients given fibrinolytic medication within 30 minutes of arrival,empty,0 patients,al_ami-7a
498,10022,cherokee medical center,400 northwood dr,empty,empty,centre,al,35960,cherokee,2569275531,acute care hospitals,voluntary non-profit - private,yes,heart attack,ami-8a,heart attack patients given pci within 90 minutes of arrival,empty,empty,al_ami-8a
499,10022,cherokee medical center,400 northwood dr,em@@pty#,@@em??pty,centre,al,35960,cherokee,2569275531,acute care hospitals,voluntary non-profit - private,yes,heart failure,hf-1??,heart fail$ure patients given dischar#ge instructions,83%,35 patients,al_hf-1
500,10022,cherokee medical center,400 northwood dr,empty,empty$,centre,al,35960,cherokee,2569275531,acute care hospitals,voluntary non-profit - private,yes,heart failure,hf-2,heart failure patients given an evaluation of left ventricular systolic (lvs) function,94%,48 patients,al_hf-2
501,10022,cherokee medical center,400 northwood dr,empty,empty,centre,al,35960,cherokee,2569275531,acute care hospitals,voluntary non-profit - private,yes,heart failure,hf-3,heart failure patients given ace inhibitor or arb for left ventricular systolic dysfunction (lvsd),empty,10 patients,al_hf-3
502,31195.035615420984,cherokee medical center,400 northwood dr,empty,empty,centre,al,35960,cherokee,2569275531,acute care hospitals,voluntary non-profit - private,yes,heart failure,hf-4,heart failure patients given smoking cessation advice/counseling,100%,1%5# patients,al_hf-4
503,38960.19648342858,cherokee medical center,400 northwood dr,empty,empty,centre,al,35960,cherokee,2569275531,acute care hospitals,voluntary non-profit - private,yes,pneumonia,pn-2,pneumonia patients assessed and given pneumococcal vaccination,empty,44 patients,al_pn-2
504,10022,cherokee medical center,400 northwood dr,empty,empty,centre,al,35960,cherokee,2569275531,acute care hospitals,voluntary non-profit - private,yes,pneumonia,pn-3b,pneumonia patients whose initial emergency room blood culture was performed prior to the administration of the first hospital dose of antibiotics,97%,33 patients,al_pn-3b
505,10022,cherokee medical center,400 northwood dr,empty,empt@@y,centre,al,35960,cherokee,2569275531,acute care hospitals,voluntary non-profit - private,yes,pneumonia,pn-4,pneumonia patients given smoking cessation advice/counseling,100%,empty,al_pn-4
506,38275.797878095625,,400 northwood dr,empty,empty,centre,al,,cherokee,2569275531,acute care hospitals,voluntary non-profit - priv@@ate,yes,pneumonia,pn-5c,pneumonia patients given initial antibiotic(s) within 6 hours after arrival,89%,empty,al_pn-5c
507,10022,cherokee medical center,400 northwood dr,empty,empty,centre,al,35960,cherokee,2569275531,acute care hospitals,voluntary non-profit - private,yes,pneumonia,pn-6,pneumonia patients given the most appropriate initial antibiotic(s),9$3#%,44 patients,al_pn-6
508,,,400 northwood dr,empty,empty,centre,al,35960,cherokee,2569275531,acute care hospitals,voluntary non-profit - private,yes,pneu$mo%nia,pn-7%,pneumonia patients assessed and given influenza vaccination,81%,31 patients,al_pn-7
509,10022,cherokee medical center,400 northwood dr,empt?@@?y,empty,centre,al,35960,cherokee,2569275531,acute care hospitals,voluntary non-profit - private,yes,surgical infection prevention,scip-card-2,surgery patients who were taking heart drugs called beta blockers before coming to the hospital who were kept on the beta blockers during the period just before and after their surgery,empty,empty,al_scip-card-2
510,10022,cherokee medical center,400 northwood dr,empty,empty,centre,al,35960,cherokee,2569275531,acute care hospitals,voluntary non-profit - private,yes,surgical infection prevention,scip-inf-1,surgery patients who were given an antibiotic at the right time (within one hour before surgery) to help prevent infection,0%,2 patients,al_scip-inf-1
511,10022,cherokee medical center,400 northwood dr,empty,empty,centre,al,35960,cherokee,2569275531,acute care hospitals,voluntary non-profit - private,yes,surgical infection prevention,scip-inf-2,surgery patients who were given the  right kind  of antibiotic to help prevent infection,empty,2 patients,al_scip-inf-2
512,10022,cherokee medical center,400 northwood dr,empty,empty,centre,al,35960,cherokee,2569275531,acute care hospitals,voluntary non-profit - private,yes,surgical infection prevention,scip-inf-3,surgery patients whose preventive antibiotics were stopped at the right time (within 24 hours after surgery),0%,empty,al_scip-inf-3
513,10022,cherokee medical center,400 northwood dr,empty,empty,centre,al,35960,cherokee,2569275531,acute care hospitals,voluntary non-profit - private,yes,surgical infection prevention,scip-inf-4,all heart surgery patients whose blood sugar (blood glucose) is kept under good control in the days right after surgery,empty,0 pat$%ients,al_scip-inf-4
514,10022,cherokee medical center,400 northwood dr,empty,$empty,centre,al,35960,cherokee,2569275531,acute care hospitals,voluntary non-profit - private,yes,surgical infection prevention,,surgery patients needing hair removed from the surgical area before surgery who had hair removed using a safer method (electric clippers or hair removal cream c not a razor),100%,6 patients,al_scip-i@@nf-6
515,10022,cherokee medical center,400 northwood dr,empty,empty,centre,al,35960,cherokee,2569275531,acute care hospitals,voluntary non-profit - private,yes,surgical infection prevention,scip-vte-1,surgery patients whose doctors ordered treatments to prevent blood clots after certain types of surgeries,100%,empty,al_scip-vte-1
516,10022,cherokee medical center,400 northwood dr,empty,empty,centre,al,35960,cherokee,2569275531,acute care hospitals,voluntary non-profit - private,yes,surgical infection prevention,scip-vte-2,patients who got treatment  at the right time (within 24 hours before or after their surgery) to help prevent blood clots after certain types of surgery,100%,5 patients,al_scip-vte-2
517,10023,baptist medical center south,2105 east south boulevard,empty,emp#ty,montgomery,al,36116,montgomery,3342882100,acute care hospitals,voluntary non-profit - church,yes,h$eart attack,ami-1#,heart attack patients given aspirin at arrival,100%,134 patients,al_ami-1
518,10023,baptist medical center south,2105 east south boulevard,empty,empty,montgomery,al,36116,montgomery,3342882100,acute care hospitals,voluntary non-profit - church,yes,heart attack,ami-2,heart attack patients given aspirin at discharge,empty,2??82 pat@@ients,al_ami-2
519,,baptist medical center south,2105 east south boulevard,empty,empty,montgomery,al,36116,montgomery,3342882100,acute care hospitals,voluntary non-profit - church,yes,heart attack,ami-3,heart attack patients given ace inhibitor or arb for left ventricular systolic dysfunction (lvsd),1#%00%,53 patients,al_ami-3
520,10023,baptist medical center south,2105 east south boulevard,empty,#emp$ty,montgomery,al,36116,montgomery,3342882100,acute care hospitals,voluntary non-profit - church,yes,heart attack,am#i-4,heart attack patients given smoking cessation advice/counseling,10#0%,119 patients,al_ami-4
521,10023,baptist medical center south,2105 east south boulevard,emp%t$y,empty,montgomery,al,36116,montgomery,3342882100,acute care hospitals,voluntary non-profit - church,yes,heart attack,ami-5,heart attack patients given beta blocker at discharge,100%,254 patients,al_ami-5
522,47560.88100350243,baptist medical center south,2105 east south boulevard,empty,empty,montgomery,al,36116,montgomery,3342882100,acute care hospitals,voluntary non-profit - church,yes,heart attack,ami-7a,heart attack patients given fibrinolytic medication within 30 minutes of arrival,empty,0 patients,al_ami-7a
523,10023,baptist medical center south,2105 east south boulevard,empty,empty,montgomery,al,36116,montgomery,3342882100,acute care hospitals,voluntary non-profit - church,yes,heart attack,ami-#%8a,heart attack patients given pci within 90 minutes of arrival,96%,27 patients,al_ami-8a
524,10023,baptist medical center south,2105 east south boulevard,empty,emp$ty,montgomery,al,36116,montgomery,3342882100,acute care hospitals,voluntary non-profit - church,yes,heart failure,hf-1,heart failure patients given discharge instructions,100$%,257 patients,al_hf-1
525,10023,baptist medical center south,2105 east south boulevard,empty,empty,montgomery,al,36116,montgomery,3342882100,a??cute care hosp%itals,voluntary non-profit - church,yes,he$art failure,??hf-%2,heart failure patients given an evaluation of left ventricular systolic (lvs) function,100%,empty,al_hf-2
526,10023,baptist medical center south,2105 east south boulevard,empty,empty,montgomery,al,36116,montgomery,3342882100,acute care hospitals,voluntary non-profit - church,yes,heart failure,hf-3,heart failure patients given ace inhibitor or arb for left ventricular systolic dysfunction (lvsd),100%,98?? p$atients,al_hf-3
527,10023,baptist medical center south,2105 east south boulevard,@@emp$ty,empty,montgomery,al,36116,montgomery,3342882100,acute care hospitals,voluntary non-profit - church,yes,heart failure,hf-4,heart failure patients given smoking cessation advice/counseling,100@??@%,empty,al_hf-4
528,10023,baptist medical center south,2105 east south boulevard,emp@@ty,empty,montgomery,al,36116,montgomery,3342882100,acute care hospitals,voluntary non-profit - church,yes,,????pn-2,pneumonia patients assessed and given pneumococcal vaccination,94%,99 patients,al_pn-2
529,10023,baptist medical center south,2105 east south boulevard,empty,empty,montgomery,al,36116,montgomery,3342882100,acute care hospitals,voluntary non-profit - church,yes,pneumonia,pn-$3b,pneumonia patients whose initial emergency room blood culture was performed prior to the administration of the first hospital dose of antibiotics,96%,10%3$ patients,al_pn-3b
530,10023,baptist medical center south,2105 east south boulevard,empty,empty,montgomery,al,36116,montgomery,3342882100,acute care hospitals,voluntary non-profit - church,yes,pneumonia,,pneumonia patients given smoking cessation advice/counseling,94%%#,80 patients,al_pn-4
531,,baptist medical center south,2105 east south boulevard,e#m%pty,em@@pt%y,montgomery,al,36116,montgomery,3342882100,acute care hospitals,voluntary non-profit - church,yes,pneu%mo$nia,,,95%,101 patients,al_pn-5c
532,10023,baptist medical center south,2105 east south boulevard,empty,empty,montgomery,al,36116,montgomery,3342882100,acute care hospitals,voluntary non-profit - church,yes,pneumonia,pn-6,pneumonia patients given the most appropriate initial antibiotic(s),empty,71 patients,al_pn-6
533,,baptist medical center south,2105 east south boulevard,empty,empty,montgomery,al,36116,montgomery,3342882100,acute care hospitals,voluntary non-profit - church,yes,pneumonia,,pneumo#nia pati$ents assessed and given influenza vaccination,92%,87 patients,al_pn-7
534,10023,baptist medical center south,2105 east south boulevard,emp%#ty,empty,montgomery,al,36116,montgomery,3342882100,acute care hospitals,voluntary non-profit - church,yes,surgical infection prevention,scip-card-2,surgery patients who were taking heart drugs called beta blockers before coming to the hospital who were kept on the beta blockers during the period just before and after their surgery,97%,89 patients,al_scip-card-2
535,10023,baptist medical center south,2105 east south boulevard,empty,empty,montgomery,al,36116,montgomery,3342882100,acute care hospitals,voluntary non-profit - church,yes,surgical infection prevention,scip-inf-1,surgery patients who were given an antibiotic at the right time (within one hour before surgery) to help prevent infection,9#??7%,4??12 patie??nts,al_scip-inf-1
536,,baptist medical center south,2105 east south boulevard,empty,empty,montgomery,al,36116,montgomery,3342882100,acute care hospitals,voluntary non-profit - church,yes,surgical infection prevention,scip-inf-2,surgery patients who were given the  right kind  of antibiotic to help prevent infection,empty,423 patients,al_scip-inf-2
537,10023,baptist medical center south,2105 east south boulevard,em%pty,empty,montgomery,al,36116,montgomery,3342882100,acute care hospitals,voluntary non-profit - church,yes,surgical infection prevention,scip-inf-3,surgery patients whose preventive antibiotics were stopped at the right time (within 24 hours after surgery),94%,392 patients,al_scip-inf-3
538,49747.77495064484,baptist medical center south,2105 east south boulevard,empty,em#pty,montgomery,al,36116,montgomery,3342882100,acute care hospitals,voluntary non-profit - church,yes,surgical infection prevention,scip-inf-4,all heart surgery patients whose blood sugar (blood glucose) is kept under good control in the days right after surgery,95%,125 patients,al_scip-inf-4
539,10023,baptist medical center south,2105 east south boulevard,empty,empty,montgomery,al,36116,montgomery,3342882100,acute care hospitals,voluntary non-profit - church,yes,surgical infection prevention,scip-inf-6,surgery patients needing hair removed from the surgical area before surgery who had hair removed using a safer method (electric clippers or hair removal cream c not a razor),100%,5$7@@5 patients,al_scip-inf-6
540,37364.46737792611,baptist medical center south,2105 east south boulevard,empty,emp%ty,montgomery,al,36116,montgomery,3342882100,acute care hospitals,voluntary non-profit - church,yes,surgical infection prevention,scip-vte-1,surgery patients whose doctors ordered treatments to prevent blood clots after certain types of surgeries,empty,179 patients,al_scip-vte-1
541,10023,baptist medical center south,2105 east south boulevard,empty,empty,montgomery,al,36116,montgomery,3342882100,acute care hospitals,voluntary non-profit - church,yes,surgical infect#ion pr@@evention,$scip-vt%e-2,patients who got treatment  at the right time (within 24 hours before or after their surgery) to help prevent blood clots after certain types of surgery,94%,179 patients,al_scip-vte-2
542,,jackson hospital & clinic inc,1725 pine street,empty,@@emp%ty,montgomery,al,36106,montgomery,3342938000,acute care hospitals,voluntary non-profit - private,yes,heart attack,ami-$1,heart a$ttack $patients given aspirin at arrival,95#%#,empty,al_ami-1
543,10024,jackson hospital & clinic inc,1725 pine street,empty,empty,montgomery,al,36106,montgomery,3342938000,acute care hospitals,voluntary non-profit - private,yes,heart attack,ami$-??2,heart attack patients given aspirin at di%scharge,92%,165% pa#tients,
544,10024,jackson hospital & clinic inc,1725 pine street,emp%ty,empty,montgomery,al,36106,montgomery,3342938000,acute care hospitals,voluntary non-profit - private,yes,heart attack,ami@@-3,heart attack patients given ace inhibitor or arb for left ventricular systolic dysfunction (lvsd),79%,empty,al_ami-3
545,10024,jackson hospital & clinic inc,1725 pine street,empty,$e@@mpty,montgomery,al,36106,montgomery,3342938000,acute care hospitals,voluntary non-profit - private,yes,heart attack,ami-@@4,heart attack patients given smoking cessation advice/counseling,97%,65 patients,al_ami-4
546,10024,jackson hospital & clinic inc,1725 pine street,empty,empty,montgomery,al,36106,montgomery,3342938000,acute care hospitals,voluntary non-profit - private,yes,heart attack,am??i-5@@,heart attack patients given beta blocker at discharge,95%,173 patients,al_ami-5
547,10024,jackson hospital & clinic inc,1725 pine street,empty,empty,montgomery,al,36106,montgomery,3342938000,acute care hospitals,voluntary non-profit - private,yes,heart attack,ami-7a,heart attack patients given fibrinolytic medication within 30 minutes of arrival,empty,0 %patients,al_ami-7a
548,10024,jackson hospital & clinic inc,1725 pine street,empty,emp@@ty,montgomery,al,36106,montgomery,3342938000,a$cute care h@@ospitals,voluntary non-profit - private,yes,,,heart attack patients given pci within 90 minutes of arrival,empty,15 patients,al_ami-8a
549,49530.1270141442,jackson hospital & clinic inc,1725 pine street,empty,empty,montgomery,al,36106,montgomery,3342938000,acute care hospitals,voluntary non-profit - private,yes,heart failure,hf-1,heart failure patients given discharge instructions,45%,430 patients,al_hf-1
550,36385.44294963624,jackson hospital & clinic inc,1725 pine street,empty,empty,montgomery,al,36106,montgomery,3342938000,acute care hospitals,voluntary non-profit - private,yes,heart failure,hf-2,heart failure patients given an evaluation of left ventricular systolic (lvs) function,empty,518 patients$,al_hf-2
551,10024,jackson hospital & clinic inc,1725 pine street,empty,empty,montgomery,al,36106,montgomery,3342938000,acute care hospitals,voluntary non-profit - private,yes,heart failure,%hf-3,heart failure patients given ace inhibitor or arb for left ventricular systolic dysfunction (lvsd),85%,146 patients,al_hf-3
552,10024,jackson hospital & clinic inc,1725 pine street,empty,empty,montgomery,al,36106,montgomery,3342938000,acute care hospitals,voluntary non-profit - private,yes,heart failure,,heart failure patients given smoking cessation advice/counseling,99%,93 patients,al_hf-4
553,10024,jackson hospital & clinic inc,1725 pine street,empty,empty,montgomery,al,36106,montgomery,3342938000,acute care hospitals,voluntary non-profit - private,yes,pneumonia,pn-2,pneumonia patients assessed and given pneumococcal vaccination,85%,243 patients,al_pn-2
554,10024,jackson hospital & clinic inc,1725 pine street,$e%mpty,empty,montgomery,al,36106,montgomery,3342938000,acute care hospitals,voluntary non-profit - private,yes,pneumonia,pn-3b,pneumonia patients whose initial emergency room blood culture was performed prior to the administration of the first hospital dose of antibiotics,95%,230 patients,al_pn-3b
555,10024,jackson hospital & clinic inc,1725 pine street,empty,empty,montgomery,al,36106,montgomery,3342938000,$a$cute care hospitals,voluntary non-profit - private,yes,pneumonia,,pneumoni$a patients given smoking cessation advice/counse$ling,91%,74 patients,
556,42452.330359713305,jackson hospit#al & clinic inc,1725 pine street,empty,empty,montgomery,al,,montgomery,3342938000,acute care hospitals,voluntary non#-profit - @@private,ye@@s,pneumonia,pn-5c,pneumonia patients given initial antibiotic(s) within 6 hours after arrival,empty,233 patients,al_pn-5c
557,10024,jackson hospital & clinic inc,1725 pine street,empty,em@@pty,montgomery,al,36106,montgomery,3342938000,acute care hospitals,voluntary non-profit - private,yes,pneumonia,,pneumonia patients given the most appropriate initial antibiotic(s),82%,97 patients,al_pn-6
558,,jackson hospital & clinic inc,1725 pine street,empty,empty,montgomery,al,36106,montgomery,3342938000,acute care hospitals,voluntary non-profit - private,yes,pneumonia,pn-7,pneumonia patients assessed and given influenza vaccination,82%,184 patients,al_pn-7
559,10024,jackson hospital & clinic inc,1725 pine street,#emp%ty,empty,montgomery,al,36106,montgomery,3342938000,acute care hospitals,voluntary non-profit - private,yes,surgical infection prevention,scip-card-2,surgery patients who were taking heart drugs called beta blockers before coming to the hospital who were kept on the beta blockers during the period just before and after their surgery,empty,180 patients,al_scip-card-2
560,43327.16254638999,jackson hospital & clinic inc,1725 pine street,empty,empty,montgomery,al,36106,montgomery,3342938000,acute care hospitals,voluntary non-profit - private,yes,surgical infection prevention,scip-inf-1,surgery patients who were given an antibiotic at the right time (within one hour before surgery) to help prevent infection,78%,844 patients,al_scip-inf-1
561,38358.54754632433,jackson hospital & clinic @@inc,1$725 pine street,empty,empty,montgomery,al,112672.72178603197,montgomery,3342938000,acute care hospitals,voluntary non-profit - private,yes,surgical infection prevention,scip-inf-2,surgery patients who were given the  right kind  of antibiotic to help prevent infection,98%,82@@7 %patients,al_scip-inf-2
562,56299.579773502875,jackson hospital & clinic inc,1725 pine street,empty,empty,montgomery,al,36106,montgomery,3342938000,acute care hospitals,voluntary non-profit - private,yes,surgical infection prevention,scip-inf-3,surgery patients whose preventive antibiotics were stopped at the right time (within 24 hours after surgery),83%,817 patients,al_scip-inf-3
563,10024,jackson hospital & clinic inc,1725 pine street,??empty,empty,montgomery,al,36106,montgomery,3342938000,acute care hospitals,voluntary non-profit - private,yes,surgical infection prevention,scip-inf-4,all heart surgery patients whose blood sugar (blood glucose) is kept under good control in the days right after surgery,7#2#%,270 patien#ts,al_scip-inf-4
564,10024,jackson hospital & clinic inc,1725 pine street,$??empty,empty,montgomery,al,36106,montgomery,3342938000,acute care hospitals,voluntary non-profit - private,yes,surgical infection prevention,scip-inf-6,surgery patients needing hair removed from the surgical area before surgery who had hair removed using a safer method (electric clippers or hair removal cream c not a razor),97??%,1062 patients,al_scip-inf-6
565,,jackson hospital & clinic inc,1725 pine street,empty,empt@@y,montgomery,al,36106,montgomery,3342938000,acute care hospitals,voluntary non-profit - private,yes,surgical infection prevention,scip-vte-1,surgery patients whose doctors ordered treatments to prevent blood clots after certain types of surgeries,92%,263 patients,al_scip-vte-1
566,10024,jackson hospital & clinic inc,1725 pine street,empty,emp$ty#,montgomery,al,36106,montgomery,3342938000,acute care hospitals,voluntary non-profit - private,yes,surgical infection prevention,scip-v@@te-@@2,patients who got treatment  at the right time (within 24 hours before or after their surgery) to help prevent blood clots after certain types of surgery,87%,259 patients,al_scip-vte-2
567,10025,g h lanier memorial hospital,4800 48th st,empty,empty,valley,al,36854,chambers,3347561400,acute care hospitals,voluntary non-profit - other,yes,heart attack,ami-1,heart attack patients given aspirin at arrival,92%,24 patients,al_ami-1
568,10025,g h lanier memorial hospital,4800 48th st,empty,empty,valley,al,36854,chambers,3347561400,acute care hospitals,voluntary non-profit - other,yes,heart attack,ami-2,heart attack patients given aspirin at discharge,90%,10 patients,al_ami-2
569,48573.28787372901,g h lanier memorial hospital,4800 48th st,empty,empty,valley,al,36854,chambers,3347561400,acute care hospitals,voluntary non-profit - other,yes,heart attack,,heart attack patients given ace inhibitor or arb for left ventricular systolic dysfunction (lvsd),empty,1 pati#@@ents,al_ami-3$
570,,g h la??nier memorial hosp$ital,4800 48th st,??empty,empty,valley,al,,chambers,3347561400,acute care hospitals,voluntary non-p#rofit - other,,heart attack,am%i-4#,heart attack patients given smoking cessation advice/counseling,50%,4 patients,al_ami-4
571,10025,g h lanier memorial hospital,4800 48th st,empty,empty,valley,al,36854,chambers,3347561400,acute care hospitals,voluntary non-profit - other,yes,heart attack,ami-5,heart attack patients given beta blocker at discharge,92%,13 patients,al_ami-5
572,45113.688997278994,g h lanier memorial hospital,4800 48th st,empty,empty,valley,al,36854,chambers,3347561400,acute care hospitals,voluntary non-profit - other,yes,heart attack,ami-7a,heart attack patients given fibrinolytic medication within 30 minutes of arrival,0#%,empty,al_ami-7a
573,10025,g h lanier memorial hospital,4800 48th st,empty??,empty,valley,al,36854,chambers,3347561400,acute care hospitals,voluntary non-profit - other,yes,heart attack,ami??-8a,heart attack patients given pci within 90 minutes of arrival,empty,0 patients,al_ami-8a
574,10025,g h lanier memorial hospital,4800 48th st,empty,empty,valley,al,36854,chambers,3347561400,acute care hospitals,voluntary non-profit - other,yes,heart failure,hf-1,heart failure patients given discharge instructions,54%,137 patients,al_hf-1
575,10025,g h lanier memorial hospital,4800 48th st,empty,@@empty,valley,al,36854,chambers,3347561400,acute care hospitals,voluntary non-profit - other,yes,heart failure,hf-2,heart failure patients given an evaluation of left ventricular systolic (lvs) function,99%,164 patients,al_hf-2
576,,,4800 $48t??h st,empty,empty,valley,al,36854,chambers,3347561400,acute care hospitals,voluntary non-profit - other,yes,heart failure,hf-3,heart failure patients given ace inhibitor or arb for left ventricular systolic dysfunction (lvsd),96%,empty,al_hf-3
577,10025,g h lanier memorial hospital,4800 48th st,empty,empty,valley,al,36854,chambers,3347561400,acute care hospitals,voluntary non-profit - other,yes,heart failu@@re,,,97%,38 patients,al_#hf-4??
578,39732.96085508645,g h lanier memorial hospital,4800 48th st,empty,empty,valley,al,36854,chambers,3347561400,acute care hospitals,voluntary non-profit - other,yes,pneumonia,pn-2,pneumonia patients assessed and given pneumococcal vaccination,empty,55 patients,al_pn-2
579,10025,g h lanier memorial hospital,4800 48th st,empty,empty,valley,al,36854,chambers,3347561400,acute care hospitals,voluntary non-profit - other,yes,pneumonia,,pneumonia patients whose initial emergency room blood culture was performed prior to the administration of the first hospital dose of antibiotics,95%,43 ??patients,al_pn-3b
580,,g h lanier memorial hospital,4800 48th st,empty,empty,valley,al,36854,chambers,3347561400,acute care hospitals,voluntary non-profit - other,yes,pneumonia,pn??-4@@,pneumonia patients given smoking cessation advice/counseling,91%,34 patients,al_pn-4
581,10025,g h lanier memorial hospital,4800 48th st,empty,%empt??y,valley,al,36854,chambers,3347561400,acute care hospitals,voluntary non-profit - other,yes,,,pneumonia patients given initial antibiotic(s) within 6 hours after arrival,82%,50 patients,al_pn-5c
582,,g h lanier memorial hospital,4800 48th st,empty,empt@@$y,valley,al,36854,chambers,3347561400,acute care hospitals,voluntary non-profit - other,yes,,,pneumonia patients given the most appropriate initial antibiotic(s),85%,52 patients$,
583,10025,g h lanier memorial hospital,4800 48th st,empty,empty,valley,al,36854,chambers,3347561400,acute care hospitals,voluntary non-profit - other,yes,pneumonia,pn-7,pneumonia patients assessed and given influenza vaccination,empty,empty,al_pn-7
584,10025,g h lanier memorial hospital,4800 48th st,empty,empty,valley,al,36854,chambers,3347561400,acute care hospitals,voluntary non-profit - other,yes,surgical infection prevention,scip-card-2,surgery patients who were taking heart drugs called beta blockers before coming to the hospital who were kept on the beta blockers during the period just before and after their surgery,32%,19 patients,al_scip-card-2
585,10025,g h lanier memorial hospital,4800 48th st,empty,empty,valley,al,36854,chambers,3347561400,acute care hospitals,voluntary non-profit - other,yes,surgical infection prevention,scip-inf-1,surgery patients who were given an antibiotic at the right time (within one hour before surgery) to help prevent infection,100%,117 patients,al_scip-inf-1
586,,g h lanier memorial hospital,4800 48th st,empty,empty,valley,al,36854,chambers,3347561400,acute care hospitals,voluntary non-profit - other,yes,surgical infection prevention,scip-inf-2,surgery patients who were given the  right kind  of antibiotic to help prevent infection,empty,118 patients,al_scip-inf-2
587,37550.69363553174,g h lanier memorial hospital,4800 48th st,??empty,empty@@,valley,al,36854,chambers,3347561400,acute care hospitals,voluntary non-profit - other,yes,surgical infection prevention,scip-inf-3,surgery patients whose preventive antibiotics were stopped at the right time (within 24 hours after surgery),79%,1??16 patients,al_scip-inf-3
588,48457.832491758156,g h #lanier memorial hospital,4800 48th st,empty,empty,,,36854,chambers,3347561400,acute care hospitals,voluntary non-profit - other,yes,surgical infection prevention,scip-inf-4,all heart surgery patients whose blood sugar (blood glucose) is kept under good control in the days right after surgery,empty,0 patients,al_scip-inf-4
589,10025,g h lanier memorial hospital,4800 48th st,empty,empty,valley,al,36854,chambers,3347561400,acute care hospitals,voluntary non-profit - other,yes,surgical infection prevention,scip-inf-6,surgery patients needing hair removed from the surgical area before surgery who had hair removed using a safer method (electric clippers or hair removal cream c not a razor),96%,172 patients,al_scip-inf-6
590,10025,g h lanier memorial hospital,4800 48th st,@@em??pty,empty,valley,al,36854,chambers,3347561400,acute care hospitals,voluntary non-profit - other,yes,surgical infection prevention,scip-vte-1,surgery patients whose doctors ordered treatments to prevent blood clots after certain types of surgeries,88$%,85 patients,al_scip-vte-1
591,10025,g h lanier memorial hospital,4800 48th st,empty,empty,valley,al,36854,chambers,3347561400,acute care hospitals,voluntary non-profit - other,yes,surgical infection prevention,scip-vte-2,patients who got treatment  at the right time (within 24 hours before or after their surgery) to help prevent blood clots after certain types of surgery,82%,84 pati$ents,al_scip-vte-2
592,,elba general hospital,987 drayton street,empty,empty,elba,al,36323,coffee,3348972257,acute care hospitals,voluntary non-profit - other,yes,heart attack,ami-1,heart attack patients given aspirin at arrival,empty,empty,al_ami-1
593,10027,elba general hospital,987 drayton street,@@em#pty,empty,elba,al,36323,coffee,3348972257,acute care hospitals,voluntary non-profit - other,yes,heart attack,ami-2,heart attack patients given aspirin at discharge,empty,empty,al_ami-2
594,,,987 drayton street,empty,empty,elb@@a,al,36323,coffee,11896779393.861845,acute care hospitals,vol#untary non-profit - other,yes,heart attack,,heart attack patients given ace inhibitor or arb for left ventricular systolic dysfunction (lvsd),empty,em#pty,al_ami-3
595,,elba ge??neral hospital,987 drayton street,e??mpty%,empty,el$ba,al,205279.84889311486,,3348972257,acute care hospitals,,yes,heart attack,ami-4,heart attack patients given smoking cessation advice/counseling,empty,empty,al_ami-4
596,,elba general hospital,987 drayton street,empty,empty,elba,al,36323,coffee,3348972257,acute care hospitals,voluntary non-profit - other,yes,heart attack,ami-5,heart attack patients given beta blocker at discharge,empt??y,empty,al_ami-5
597,10027,elba general hospital,987 drayton street,empty,empty,elba,al,36323,coffee,3348972257,acute care hospitals,voluntary non-profit - other,yes,heart attack,ami-7a,heart attack patients given fibrinolytic medication within 30 minutes of arrival,em??pt#y,empty,al_ami-7a
598,47730.59937979224,elba general hospital,987 drayton street,empty,empty,elba,al,36323,coffee,3348972257,acute care hospitals,voluntary non-profit - other,yes,heart attack,ami-8a,heart attack patients given pci within 90 minutes of arrival,empty,empty,al_ami-8a
599,10027,elba general hospital,987 drayton street,empty,%empty%,elba,al,36323,coffee,3348972257,acute care hospitals,voluntary non-profit - other,yes,heart failure,hf-1,heart failure patients given discharge instructions,100%,2 patients,al_hf-1
600,43789.20875096065,elba general hospital,987 drayton street,empty,empty,elba,al,36323,coffee,3348972257,acute care hospitals,voluntary non-profit - other,yes,heart failure,hf-2,heart failure patients given an evaluation of left ventricular systolic (lvs) function,1#00%%,3 patients,al_hf-2
601,10027,elba general hospital,987 drayton street,empty,empty,elba,al,36323,coffee,3348972257,acute care hospitals,voluntary non-profit - other,yes,heart failure,,,empty,0 patients,al_h#f-3#
602,10027,elba general hospital,987 drayton street,#empty,empty,elba,al,36323,coffee,3348972257,acute care hospitals,voluntary non-profit - other,yes,heart failure,hf-4,heart failure patients given smoking cessation advice/counseling,empty,0 patients,al_hf-4
603,43549.093440185796,%elba general hospital,,empty,empty,el??@@ba,al,36323,@@??coffee,,acute care hospitals,v%oluntary non-profit - other,yes,pneumonia,pn-2,pneumonia patients assessed and given pneumococcal vaccination,100%,31 patients,al_pn-2
604,10027,elba general hospital,987 drayton street,empty,empty,elba,al,36323,coffee,3348972257,acute care hospitals,voluntary non-profit - other,yes,pneumonia,pn-3b,pneumonia patients whose initial emergency room blood culture was performed prior to the administration of the first hospital dose of antibiotics,100%,19 patie$nts,al_pn-3b
605,,elba general hospital,987 drayton street,empty,empty,elba,al,36323,coffee,3348972257,acute care hospitals,voluntary non-profit - other,yes,pneumonia,pn-4,pneumonia patients given smoking cessation advice/counseling,100%,12 patients??,al_pn-4
606,10027,elba general hospital,987 drayton street,??empty,empty,elba,al,36323,coffee,3348972257,acute care hospitals,voluntary non-profit - other,yes,pneumonia,pn-5c,pneumonia patients given initial antibiotic(s) within 6 hours after arrival,100%,40 patients,al_pn-5c
607,10027,elba general hospital,987 drayton street,em@%@pty,empty,elba,al,36323,coffee,3348972257,acute care hospitals,voluntary non-profit - other,yes,pneumonia,pn-6,pneumonia patients given the most appropriate initial antibiotic(s),93%,30 pati@@ents,al_pn-6
608,,elba general hospital#,987 drayton street,empty,empty,@@el??ba,al,,,3348972257,acute care hospitals,voluntary non-profit - other,yes,pneumonia,pn-7,pneumonia patients assessed and given influenza vaccination,empty,23 patients,al_pn-7
609,10027,elba general hospital,987 drayton street,empty,empty,elba,al,36323,coffee,3348972257,acute care hospitals,voluntary non-profit - other,yes,surgical infection prevention,scip-card-2,surgery patients who were taking heart drugs called beta blockers before coming to the hospital who were kept on the beta blockers during the period just before and after their surgery,empty,empt@$@y,al_scip-card-2
610,10027,elba general hospital,987 drayton street,empty,empty,elba,al,36323,coffee,3348972257,acute care hospitals,voluntary non-profit - other,yes,surgical infection prevention,scip-i#nf-1,surgery patients who were given an antibiotic at the right time (within one hour before surgery) to help prevent infection,empty,empty,
611,10027,elba general hospital,987 drayton street,emp$ty,empty,elba,al,36323,coffee,3348972257,acute care hospitals,voluntary non-profit - other,yes,surgical infection prevention,scip-inf-2,surgery patients who were given the  right kind  of antibiotic to help prevent infection,empty,empty,al_scip-inf-2
612,10027,elba general hospital,987 drayton street,empty,empty,elba,al,36323,coffee,3348972257,acute care hospitals,voluntary non-profit - other,yes,surgical infection prevention,scip-inf-3,surgery patients whose preventive antibiotics were stopped at the right time (within 24 hours after surgery),empty,empty,al_scip-inf-3
613,10027,elba general hospital,987 drayton street,empty,empty,elba,al,36323,coffee,3348972257,acute care hospitals,voluntary non-profit - other,yes,surgical infection prevention,scip-inf-4,all heart surgery patients whose blood sugar (blood glucose) is kept under good control in the days right after surgery,empty??,em@@pt@@y,al_scip-inf-4
614,,elba general hospital,987 drayton street,emp#ty,empty,elba,al,36323,coffee,3348972257,acute care hospitals,voluntary non-profit - other,yes,surgical infection prevention,scip-inf-6,surgery patients needing hair removed from the surgical area before surgery who had hair removed using a safer method (electric clippers or hair removal cream c not a razor),empty,emp#ty,al_scip-inf-6
615,10027,elba general hospital,987 drayton street,empty,empty,elba,al,36323,coffee,3348972257,acute care hospitals,voluntary non-profit - other,yes,surgical infection prevention,scip-vte-1,surgery patients whose doctors ordered treatments to prevent blood clots after certain types of surgeries,empty,empty,al_scip-vte-1
616,35321.43644808562,elba general hospital,987 drayton street,empty,empty,elba,al,36323,coffee,3348972257,acute care hospitals,voluntary non-profit - other,yes,surgical infection prevention,,patients who got treatment  at the right time (within 24 hours before or after their surgery) to help prevent blood clots after certain types of surgery,empty,e@@mpty%,al_scip-vte-2
617,,east alabama medical center and snf,2000 pepperell parkway,empty,empty,opelika,al,36801,lee,3347493411,acute care hospital%s,government - hospital district or authority,yes,heart% attack??,a#$mi-1,,98%,185 patients,al_ami-1
618,,east alabama medical center and snf,2000 pepperell parkway,empty,em%pt#y,opelika,al,36801,lee,3347493411,acute care hospitals,government - hospital district or authority,yes,heart attack,ami-2,heart attack patients given aspirin at discharge,empty,290 patients,al_ami-2
619,10029,east alabama medical center and snf,2000 pepperell parkway,empty,em$%pty,opelika,al,36801,lee,3347493411,acute care hospitals,government - hospital district or authority,yes,heart attack,ami-3,heart attack patients given ace inhibitor or arb for left ventricular systolic dysfunction (lvsd),93#%,72 patients,al_ami-3
620,10029,east alabama medical center and snf,2000 pepperell parkway,empty,empty%??,opelika,al,36801,lee,3347493411,acute care hospitals,government - hospital district or authority,yes,heart attack,ami-4,heart attack patients given smoking cessation advice/counseling,100%,122 pa??tients,al_ami-4
621,10029,east alabama medical center and snf,2000 pepperell parkway,empty,empty,opelika,al,36801,lee,3347493411,acute care hospitals,government - hospital district or authority,yes,heart attack,ami-5,heart attack patients given beta blocker at discharge,@@98%%,281 $patien??ts,al_ami-5
622,10029,east alabama medical center and snf,2000 pepperell parkway,empty,empty,opelika,al,36801,lee,3347493411,acute care hospitals,government - hospital district or authority,yes,,,heart attack patients given fibrinolytic medication within 30 minutes of arrival,empty,0 patients,
623,10029,east alabama medical center and snf,2000 pepperell parkway,empty,empty,opelika,al,36801,lee,3347493411,a$cute care h@@ospitals,government - hospital district or authority,yes,,am$i??-8a,heart attack patients given pci within 90 minutes of arrival,85@@%,26 patients,al_ami-8a
624,10029,east alabama medical center and snf,2000 pepperell parkway,empty,empt@@y,opelika,al,36801,lee,3347493411,acute care hospitals,government - hospital district or authority,yes,heart failure,,,empty,empty,
625,10029,east alabama medical center and snf,2000 pepperell parkway,empty,empty,opelika,al,36801,lee,3347493411,acute care hospitals,government - hospital district or authority,yes,heart failure,hf-2,heart failure patients given an evaluation of left ventricular systolic (lvs) function,100%,570 patien$ts,al_hf-2
626,10029,east alabama medical center and snf,2000 pepperell parkway,empty,empty,opelika,al,36801,lee,3347493411,acute care hospitals,government - hospital district or authority,yes,heart failure,hf-3,heart failure patients given ace inhibitor or arb for left ventricular systolic dysfunction (lvsd),92#%,272 pat$ients,al_hf-3
627,10029,east alabama medical center and snf,2000 pepperell parkway,empty,em??pty%,opelika,al,36801,lee,3347493411,acute care hospitals,government - hospital district or authority,yes,heart failure,hf-4,heart failure patients given smoking cessation advice/counseling,100%,empty,al_hf-4
628,,east alabama medical center and snf,2000 pepperell parkway,empty,empty,opelika,al,36801,lee,3347493411,acute care #hospitals,government - hospital district or authority,yes,pneumonia,??pn-2#,pneumonia pat@@ients assessed and given pneum@@ococcal vaccination,92%,114 patients,al_pn-2
629,10029,east alabama medical center and snf,2000 pepperell parkway,empty,empty,opelika,al,36801,lee,3347493411,acute care hospitals,government - hospital district or authority,yes,pneumonia,,,9@@1%,129 patients,al_pn-3b
630,52005.218510873296,east alabama medical center and snf,2000 pepperell parkway,empty,empty,opelika,al,36801,lee,3347493411,acute care hospitals,government - hospital district or authority,yes,pneumonia,pn-4,pneumonia patients given smoking cessation advice/counseling,empty,59 patients,al_pn-4
631,10029,east alabama medical center and snf,2000 pepperell parkway,empty,empty,opelika,al,36801,lee,3347493411,acute care hospitals,government - hospital district or authority,yes,pneumonia,pn-5c,pneumonia patients given initial antibiotic(s) within 6 hours after arrival,96%,153 patients,al_pn-5c
632,10029,east alabama medical center and snf,2000 pepperell parkway,empty,em%pt$y,opelika,al,36801,lee,3347493411,acute care hospitals,government - hospital district or authority,yes,pneumonia,pn-6,pneumonia patients given the most appropriate initial antibiotic(s),@@9#7%,115 patients,al_pn-6
633,10029,east alabama medical center and snf,2000 pepperell parkway,empty,empty,opelika,al,36801,lee,3347493411,acute care hospitals,government - hospital district or authority,yes,pneumonia,pn-7,pneumonia patients assessed and given influenza vaccination,88%,89 patients,al_pn-7
634,10029,east alabama medical center and snf,2000 pepperell parkway,empty,empty,opelika,al,36801,lee,3347493411,acute care hospitals,government - hospital district or authority,yes,surgical infection prevention,scip-card-2,surgery patients who were taking heart drugs called beta blockers before coming to the hospital who were kept on the beta blockers during the period just before and after their surgery,98%,empty,al_scip-card-2
635,10029,east alabama medical center and snf,2000 pepperell parkway,empt%y,empty,opelika,al,36801,lee,3347493411,acute care hospitals,government - hospital district or authority,yes,surgical infection prevention,scip-inf-1,surgery patients who were given an antibiotic at the right time (within one hour before surgery) to help prevent infection,99%,1001 patients,al_scip-inf-1
636,10029,east alabama medical center and snf,2000 pepperell parkway,empty,empty,opelika,al,36801,lee,3347493411,acute care hospitals,government - hospital district or authority,yes,surgical infection prevention,scip-inf-2,surgery patients who were given the  right kind  of antibiotic to help prevent infection,9@@9%@@,1016 patients,al_scip-inf-2
637,10029,east alabama medical center and snf,2000 pepperell parkway,empty,em%pty,opelika,al,36801,lee,3347493411,acute care hospitals,government - hospital district or authority,yes,surgi%cal infection preven@@tion,,surgery patients whose preventive$ antibiotics were stopped at the right time (within 24 hours after surgery),97%#$,962 pat$$ients,al_scip-inf-3
638,10029,east alabama medical center and snf,2000 pepperell parkway,empty,empty,opelika,al,36801,lee,3347493411,acute care hospitals,government - hospital district or authority,yes,surgical infection prevention,,all heart surgery patients whose blood sugar (blood glucose) is kept under good control in the days right after surgery,98%,241 patients,al_@??@scip-inf-4
639,10029,east alabama medical center and snf,2000 pepperell parkway,empty,empty,opelika,al,36801,lee,3347493411,acute care hospitals,government - hospital district or authority,yes,surgical infection prevention,,surgery patients needing hair removed from the surgical area before surgery who had hair removed using a safer method (electric clippers or hair removal cream c not a razor),100%,1421 patients,al_scip-i@@nf$-6
640,10029,east alabama medical center and snf,2000 pepperell parkway,empty,em??pt#y,opelika,al,36801,lee,3347493411,acute care hospitals,government - hospital district or authority,yes,surgical infection prevention,scip-vte-1,surgery patients whose doctors ordered treatments to prevent blood clots after certain types of surgeries,9%2%,473 patients,al_scip-vte-1
641,56318.07884156929,east alabama medical center and snf,2000 pepperell parkway,empty,empty,opelika,al,36801,lee,3347493411,acute care hospitals,government - hospital district or authority,yes,surgical infection prevention,scip-vte-2,patients who got treatment  at the right time (within 24 hours before or after their surgery) to help prevent blood clots after certain types of surgery,90%,473 patients,al_scip-vte-2
642,10032,wedowee hospital,209 north main street,empty,emp$t$y,wedowee,al,36278,randolph,2563572111,acute care hospitals,government - local,no,heart attack,ami-1,heart attack patients given aspirin at arrival,50%,4 patients,al_ami-1
643,49663.0634485228,wed$owee hospital,209 north main street,empty,emp%ty,wedowee,,137731.64728126867,randolph,2563572111,acute care hospitals,government - local,no,heart attack,a%mi-2??,heart attack patients given asp@@irin a@@t discharge,empty,empty,al_ami-2
644,,wedowee hospital,209 north main street,empty,e@@mpty$,wedowee,al,36278,randolph,2563572111,acute care hospitals,government - local,no,heart attack,ami-3,heart attack patients given ace inhibitor or arb for left ventricular systolic dysfunction (lvsd),em$pty%,0 patie@@nts#,al_ami-3
645,10032,wedowee hospital,209 north main street,empty,empty,wedowee,al,36278,randolph,2563572111,acute care hospitals,government - local,no,heart attack,ami-4,heart attack patients given smoking cessation advice/counseling,empty,0 patients,al_ami-4
646,10032,wedowee hospital,209 north main street,empty,empty,wedowee,al,36278,randolph,2563572111,acute care hospitals,government - local,no,heart attack,ami-5,heart attack patients given beta blocker at discharge,67%,3 patients,al_ami-5
647,10032,wedowee hospital,209 north main street,empty,empty,wedowee,al,36278,randolph,2563572111,acute care hospita$ls,government - local,no,heart atta@@c#k,,heart attack p%atients give#n fibrinolytic medication within 30 minutes of arrival,empty,0 patien??t@@s,al_@@ami-$7a
648,10032,wedowee hospital,209 north main street,empty,#empt%y,wedowee,al,36278,randolph,2563572111,acute care hospitals,government - local,no,heart attack,ami-8a,heart attack patients given pci within 90 minutes of arrival,empty,empty,al_ami-8a
649,10032,wedowee hospital,209 north main street,empty,empty@@,wedowee,al,36278,randolph,2563572111,acute care hospitals,government - local,no,heart failure,hf-1,heart failure patients given discharge instructions,empty,34 $patients,al_hf-1
650,10032,wedowee hospital,209 north main street,@@em$pty,empty,wedowee,al,36278,randolph,2563572111,acute care hospitals,government - local,no,heart failure,hf-2,heart failure patients given an evaluation of left ventricular systolic (lvs) function,38%??,39 patients,al_hf-2
651,10032,wedowee hospital,209 north main street,empty,empty,wedowee,al,36278,randolph,2563572111,acute care hospitals,government - local,no,heart failure,hf-3,heart failure patients given ace inhibitor or arb for left ventricular systolic dysfunction (lvsd),25%,empty,al_hf-3
652,10032,wedowee hospital,209 north main street,empty,empty,wedowee,al,36278,randolph,2563572111,acute care hospitals,government - local,no,heart failure,hf-4,heart failure patients given smoking cessation advice/counseling,empty,2 patients,al_hf-4
653,10032,wedowee hospital,209 north main street,empty,empty,wedowee,al,36278,randolph,2563572111,acute care hospitals@@,government - local,no,pneumonia,pn#-2,pneumonia patients assessed and given pneumococcal vaccin#ation,25%,empty,al_pn-2
654,10032,wedowee hospital,209 north main street,empty,empty,wedowee,al,36278,randolph,2563572111,acute care hospitals,government - local,no,$pneumon??ia,pn-3%b#,,100%,empty,
655,10032,wedowee hospital,209 north main street,empty,??empty,wedowee,al,36278,randolph,2563572111,acute care hospitals,government - local,no,pneumonia,p#n-#4,,67%,6@@ patients,a@@l_pn-4
656,10032,wedowee hospital,209 north main street,empty,empty,wedowee,al,36278,randolph,2563572111,acute care hospitals,government - local,no,pneumonia,pn-5c,pneumonia patients given initial antibiotic(s) within 6 hours after arrival,90%,30 patients,al_pn-5c
657,10032,wedowee hospital,209 north main street,empty,empty,wedowee,al,36278,randolph,2563572111,acute care hospitals,government - local,no,pneumonia,pn-6,pneumonia patients given the most appropriate initial antibiotic(s),96%,23 patients,al_pn-6
658,10032,wedowee hospital,209 north main street,empty,empty,wedowee,al,36278,randolph,2563572111,acute care hospitals,government - local,no,pneumonia,pn-7,pneumonia patients assessed and given influenza vaccination,12%,empty,al_pn-7
659,10032,wedowee hospital,209 north main street,empty,??e??mpty,wedowee,al,36278,randolph,2563572111,acute care hospitals,government - local,no,surgical infection prevention,scip-card-2,surgery patients who were taking heart drugs called beta blockers before coming to the hospital who were kept on the beta blockers during the period just before and after their surgery,empty,em$pty%,al_scip-card-2
660,10032,wedowee hospital,209 north main street,empty,empty,wedowee,al,36278,randolph,2563572111,acute care hospitals,government - local,no,surgical infection prevention,s??cip-inf-$1,surgery patients who were given an antibiotic at the right time (within one hour before surgery) to help prevent infection,empty,empt#$y,
661,52797.55626773725,wedowee hospital,209 north main street,@%@empty,empty,wedowee,al,36278,randolph,2563572111,acute care hospitals,government - local,no,surgical infection prevention,,,empty,empty,al_scip-inf-2
662,10032,wedowee hospital,209 north main street,empty,empty,wedowee,al,36278,randolph,2563572111,acute care hospitals,government - local,no,surgical infection prevention,scip-inf-3,surgery patients whose preventive antibiotics were stopped at the right time (within 24 hours after surgery),empty,e%mpt$y,al_scip-inf-3
663,10032,wedowee hospital,209 north main street,empty,empty,wedowee,al,36278,randolph,2563572111,acute care hospitals,government - local,no,surgical infection prevention,scip-inf-4,all heart surgery patients whose blood sugar (blood glucose) is kept under good control in the days right after surgery,empty,e%mpty,al_scip-inf-4
664,10032,wedowee hospital,209 north main street,empty,empty,wedowee,al,36278,randolph,2563572111,acute care hospitals,government - local,no,surgical infection prevention,scip-inf-6,surgery patients needing hair removed from the surgical area before surgery who had hair removed using a safer method (electric clippers or hair removal cream c not a razor),empty,e??m%pty,al_scip-inf-6
665,10032,wedowee hospital,209 north main street,empty,empty,wedowee,al,36278,randolph,2563572111,acute care hospitals,government - local,no,surgical infection prevention,scip-vte-1,surgery patients whose doctors ordered treatments to prevent blood clots after certain types of surgeries,empty,empty,al_scip-vte-1
666,52898.1344301125,wedowee hospital,209 north main street,em#p$ty,empty,wedowee,al,36278,randolph,2563572111,acute care hospitals,government - local,no,s??urgical infection prevention,scip@@-vte-2??,patients who got treatment  at the right time (within 24 hours before or after their surgery) to help prevent blood clots after certain types of surgery,empty,empty,al_scip-vte-2
667,10033,university of alabama hospital,619 south 19th street,empty,empty,birmingham,al,35233,jefferson,2059344011,acute care hospitals,government - state,yes,heart attack,ami-1,heart attack patients given aspirin at arrival,empty,229 patients,al_ami-1
668,10033,university of alabama hospital,619 south 19th street,empty,empty,birmingham,al,35233,jefferson,2059344011,acute care hospitals,government - state,yes,heart attack,ami-2,heart attack patients given aspirin at discharge,98%,316 patients,al_ami-2
669,10033,university of alabama hospital,619 south 19th street,empty,empty,birmingham,al,35233,jefferson,2059344011,acute care hospitals,government - state,yes,heart attack,ami-3,heart attack patients given ace inhibitor or arb for left ventricular systolic dysfunction (lvsd),91%,empty,al_ami-3
670,10033,university of alabama hospital,619 south 19th street,empty,empty,birmingham,al,35233,jefferson,2059344011,acute care hospitals??%,government - state,yes,heart attack,,h??eart attack patients given smoking cessation advice/counseling,100%,1%47 patients,al_ami-4
671,10033,university of alabama hospital,619 south 19th street,empty,empty,birmingham,al,35233,jefferson,2059344011,acute care hospitals,government - state,yes,heart attack,ami-5,heart attack patients given beta blocker at discharge,empty,331 patients#,al_ami-5
672,10033,university of alabama hospital,619 south 19th street,empty,empty,birmingham,al,35233,jefferson,2059344011,acute care hospitals,government - state,yes,heart attack,ami-7a,heart attack patients given fibrinolytic medication within 30 minutes of arrival,empty,empty,al_ami-7a
673,10033,university of alabama hospital,619 south 19th street,empty,empty,birmingham,al,35233,jefferson,2059344011,acute care hospitals,government - state,yes,heart attack,ami-8a,heart attack patients given pci within 90 minutes of arrival,9#8%,47 patients,al_ami-8a
674,10033,university of alabama hospital,619 south 19th street,empty,empty,birmingham,al,35233,jefferson,2059344011,acute care hospitals,government - state,yes,heart failure,hf-1,heart failure patients given discharge instructions,46%,618 ??p??atients,al_hf-1
675,10033,university of alabama hospital,619 south 19th street,empty,empty,birmingham,al,35233,jefferson,2059344011,acute care hospitals,government - state,yes,heart failure,hf-2,heart failure patients given an evaluation of left ventricular systolic (lvs) function,96%,681 patients,al_hf-2
676,10033,university of alabama hospital,619 south 19th street,empty,empty$,birmingham,al,35233,jefferson,2059344011,acute care hospitals,government - state,yes,,,heart failure patients given ace inhibitor or arb for left ventricular systolic dysfunctio??n (lvsd),$94$%,343 patients,al_hf-3
677,,university of alabama hospital,619 south 19th street,empty,empty,birmingham,al,35233,jefferson,2059344011,acute care hospitals,government - state,yes,heart failure,,heart failure patients given smoking cessation advice/counseling,100%,130 patients,al_h#%f-4
678,10033,university of alabama hospital,619 south 19th street,empty,empty,birmingham,al,35233,jefferson,2059344011,acute care hospitals,government - state,yes,,,pneumonia patients assessed and given pneumococcal vaccination,74%,??2@@47 patients,al_pn-2
679,,university of alabama hospital,619 south 19th street,empty,empty,birmingham,al,35233,jefferson,2059344011,acute care hospitals,government - state,yes,pneumonia,pn-3b,pneumonia patients whose initial emergency room blood culture was performed prior to the administration of the first hospital dose of antibiotics,92%,378 pati#ents,al_pn-3b
680,10033,university of alabama hospital,619 south 19th street,empty,empty,birmingham,al,35233,jefferson,2059344011,acute care hospitals,government - state,yes,pneumonia,pn-4,pneumonia patients given smoking cessation advice/counseling,100%,169$ patients,al_pn-4
681,,,619 south 19th stre$et,empty,empty,birmingham,al,179573.71938076714,jefferson,2059344011,acute care hospitals,government - state,yes,pneumonia,pn-5c,pneumonia patients given initial antibiotic(s) within 6 hours after arrival,92%,357 patients,al_pn-5c
682,47019.47141922292,university of a@@labama hospital,619 south 19th street,empty,empty,birmingham,,35233,jefferson,,acute care hospitals,government - state,yes,,,pneumonia patients given the most appropriate initial antibiotic(s),85%,155 patients,al_p@@n-%6
683,10033,university of alabama hospital,619 south 19th street,empty,empty,birmingham,al,35233,jefferson,2059344011,acute care hospitals,government - state,yes,pneumonia,pn-7,pneumonia patients assessed and given influenza vaccination,79%,empty,al_pn-7
684,10033,university of alabama hospital,619 south 19th street,empty,empty,birmingham,al,35233,jefferson,2059344011,acute care hospitals,government - state,yes,surgical infection prevention,scip-card-2,surgery patients who were taking heart drugs called beta blockers before coming to the hospital who were kept on the beta blockers during the period just before and after their surgery,69%,94 patients,al_scip-card-2
685,,,,empty,empty,,al,148895.17472543367,jefferson,2059344011,acute care hospitals,government - state,yes,surgical infection prevention,scip-inf-1,surgery patients who were given an antibiotic at the right time (within one hour before surgery) to help prevent infection,88%,324 patients,al_scip-inf-1
686,10033,university of alabama hospital,619 south 19th street,empty,emp??ty,birmingham,al,35233,jefferson,2059344011,acute care hospitals,government - state,yes,surgical infection prevention,scip-inf-2,surgery patients who were given the  right kind  of antibiotic to help prevent infection,empty,empty,al_scip-inf-2
687,10033,university of alabama hospital,619 south 19th street,empty,empty,birmingham,al,35233,jefferson,2059344011,acute care hospitals,government - state,yes,surgical infection prevention,scip-inf-3,surgery patients whose preventive antibiotics were stopped at the right time (within 24 hours after surgery),8@@7%,317 patients%,al_scip-inf-3
688,10033,university of alabama hospital,619 south 19th street,empty,empty,birmingham,al,35233,jefferson,2059344011,acute care hospitals,government - state,yes,surgical infection prevention,scip-inf-4,all heart surgery patients whose blood sugar (blood glucose) is kept under good control in the days right after surgery,7%6%%,empty,al_scip-inf-4
689,10033,university of alabama hospital,619 south 19th street,empty,empty,birmingham,al,35233,jefferson,2059344011,acute care hospitals,government - state,yes,,,surgery patients needing hair removed from the surgical area before surgery who had hair removed using a safer method (electric clippers or hair removal cream c not a razor),empty,585 patients,al_scip-inf-6
690,35481.94768291094,,619 south 19th@@ street,empty,empty,birmingham,al,35233,jefferson,2059344011,acute care hospitals,government - state,yes,surgical infection prevention,scip-vte-1,surgery patients whose doctors ordered treatments to prevent blood clots after certain types of surgeries,79%,empty,al_scip-vte-1
691,10033,university of alabama hospital,619 south 19th street,empty,empty,birmingham,al,35233,jefferson,2059344011,acute care hospitals,government - state,yes,surgical infection prevention,scip-vte-2,patients who got treatment  at the right time (within 24 hours before or after their surgery) to help prevent blood clots after certain types of surgery,77%,224 patients,al_scip-vte-2
692,,,805 friendship road,empty,empty,tallassee,al,186294.75176193117,elmore,15695248850.35259,acute care hospitals,voluntary non-profit - private,no,heart attack,ami-1,heart attack patients given aspirin at arrival,77%,13 pat@@ie#nts,al_ami-1
693,10034,community hospital inc,805 friendship road,empty,empty,tallassee,al,36078,elmore,3342836541,acute care hospitals,voluntary non-profit - private,no,heart attack,ami-2,heart attack patients given aspirin at discharge,100%,4 patients,al_ami-2
694,10034,community hospital inc,805 friendship road,empt@@y%,empty,tallassee,al,36078,elmore,3342836541,acute care hospitals,voluntary non-profit - private,no,heart attack,ami-3,heart attack patients given ace inhibitor or arb for left ventricular systolic dysfunction (lvsd),1%$00%,1 patients,al_ami-3
695,10034,community hospital inc,805 friendship road,empty,e#mpt%y,tallassee,al,36078,elmore,3342836541,acute care hospitals,voluntary non-profit - private,no,heart attack,,heart attack patients given smoking cessation advice/counseling,empty,0 patients,al_ami-4
696,10034,community hospital inc,805 friendship road,empty,empty,tallassee,al,36078,elmore,3342836541,acute care hospitals,voluntary non-profit - private,no,heart attack,,heart attack patients given beta blocker at discharge,75%,4 patients,al_a$mi-5@@
697,10034,community hospital inc,805 friendship road,empty,empt%@@y,tallassee,al,36078,elmore,3342836541,acute care hospitals,voluntary non-profit - private,no,heart attack,ami-7a,heart attack patients given fibrinolytic medication within 30 minutes of arrival,empty,0 @@patients,al_ami-7a
698,10034,community hospital inc,805 friendship road,empty,empty,tallassee,al,36078,elmore,3342836541,acute care hospitals,voluntary non-profit - private,no,heart attack,ami-8a,heart attack patients given pci within 90 minutes of arrival,empty,0 patients,al_ami-8a
699,10034,community hospital inc,805 friendship road,empty,empty,tallassee,al,36078,elmore,3342836541,acute care hospitals,voluntary non-profit - private,no,heart failure,hf-1,heart failure patients given discharge instructions,empty,65 patients,al_hf-1
700,,community hospital inc,805 friendship road,empty,empty,tallassee,al,36078,elmore,3342836541,acute care hospitals,voluntary non-profit - private,no,heart failure,hf-2,heart failure patients given an evaluation of left ventricular systolic (lvs) function,100%,87 patients,al_hf-2
701,53959.4067274841,communi#ty hospita@@l inc,805 friendship road,%empty,empty,tallassee,al,36078,elmore,3342836541,acute care hospitals,voluntary non-profit - private,no,heart failure,hf-3,heart failure patients given ace inhibitor or arb for left ventricular systolic dysfunction (lvsd),100%,30 patients,al_hf-3
702,10034,community hospital inc,805 friendship road,empty,empty,tallassee,al,36078,elmore,3342836541,acute care hospitals,voluntary non-profit - private,no,heart failure,hf-4,heart failure patients given smoking cessation advice/counseling,100%,9 patients,al_hf-4
703,44098.34015271027,,805 friendship road,empty,em$p%ty,tallassee,a?#?l,36078,elmore,3342836541,acute care hospitals,voluntary non-profit - private,no,pneumonia,pn-2,pneumonia patients assessed and given pneumococcal vaccination,87%,70 patients,al_pn-2
704,10034,community hospital inc,805 friendship road,empty,empty,tallassee,al,36078,elmore,3342836541,acute care hospitals,voluntary non-profit - private,no,pneumonia,pn-3b,pneumonia patients whose initial emergency room blood culture was performed prior to the administration of the first hospital dose of antibiotics,95%,76 patients,al_pn-3b
705,,community hospital inc,805 friendship road,empty,empty,tallassee,al,36078,elmore,3342836541,,voluntary non-profit - private,no,pneum??onia@@,,pneumonia patients %given smoking cessation advice/counseling,90%,41 patients,al_pn-4
706,10034,community hospital inc,805 friendship road,empty,em??pt??y,tallassee,al,36078,elmore,3342836541,acute care hospitals,voluntary non-profit - private,no,pneumonia,pn-5c,pneumonia patients given initial antibiotic(s) within 6 hours after arrival,empty,empty,al_pn-5c
707,44546.08024000934,community hospital inc,805 friendship road,empty,empty,tallassee,al,36078,elmore,3342836541,acute care hospitals,voluntary non-profit - private,no,pneumonia,pn-6,pneumonia patients given the most appropriate initial antibiotic(s),96%,52 patients,al_pn-6
708,10034,community hospital inc,805 friendship road,empty,??empty$,tallassee,al,36078,elmore,3342836541,acute care hospitals,voluntary non-profit - private,no,pneumonia,pn-7$$,,#93%,56 patients,al_pn-7
709,58175.509182912305,community hospital inc,805 friendship road,empty,empty,tallassee,al,36078,elmore,3342836541,acute care hospitals,voluntary non-profit - private,no,surgical infection prevention,,surgery patients who were taking heart drugs called beta blockers before coming to the hospital who were kept on the beta blockers during the period just before and after their surgery,@@100%,empty,al_scip-card-2
710,10034,community hospital inc,805 friendship road,empty,empt%y%,tallassee,al,36078,elmore,3342836541,acute care hospitals,voluntary non-profit - private,no,surgical infection prevention,sc$ip-??inf-1,surgery patients who were given an antibiotic at the right time (within one hour before surgery) to help prevent infection,100%,10 patients,al_scip-inf-1
711,10034,community hospital inc,805 friendship road,empty,empty,tallassee,al,36078,elmore,3342836541,acute care hospitals,voluntary non-profit - private,no,surgical infection prevention,scip-inf-2,surgery patients who were given the  right kind  of antibiotic to help prevent infection,1$00$%,empty,al_scip-inf-2
712,10034,community hospital inc,805 friendship road,empty,empty,tallassee,al,36078,elmore,3342836541,acute care hospitals,voluntary non-profit - private,no,surgical infection prevention,scip-inf-3,surgery patients whose preventive antibiotics were stopped at the right time (within 24 hours after surgery),100%,9 patie%nts,al_scip-inf-3
713,58092.4471855727,community hospital inc,805 friendship road,empty,empty,tallassee,al,36078,elmore,3342836541,acute care hospitals,voluntary non-profit - private,no,surgical infection prevention,scip-inf-4,all heart surgery patients whose blood sugar (blood glucose) is kept under good control in the days right after surgery,empty,0 patients,al_scip-inf-4
714,,community hospital inc,805 friendship road,empty,empty,tallassee,al,36078,elmore,3342836541,acute care hospitals,voluntary non-profit - private,no,,s%??cip-inf-6,surgery patients needing hair removed from the surgical area before surgery who had hair removed using a safer method (electric clippers or hair removal cream c not a razor),1$00%,33 patients,al_scip-inf-6
715,10034,community hospital inc,805 friendship road,empty,empty,tallassee,al,36078,elmore,3342836541,acute care hospitals,voluntary non-profit - private,no,,sc#ip-@@vte-1,surgery patients whose doctors ordered treatments to prevent blood clots after certain types of surgeries,88%,24 patients,al_scip-??vte-1
716,10034,community hospital inc,805 friendship road,@@empty%,empty,tallassee,al,36078,elmore,3342836541,acute care hospitals,voluntary non-profit - private,no,surgical infection prevention,scip-vte-2,patients who got treatment  at the right time (within 24 hours before or after their surgery) to help prevent blood clots after certain types of surgery,88%,24 patients,al_scip-vte-2
717,10035,cullman regional medical center,1912 alabama highway 157,empty,empty,cullman,al,35058,cullman,2567372000,acute care hosp$i$tals,government - hospital district or authority,yes,,,,100%,51 patients,al_ami-1
718,10035,cullman regional medical center,1912 alabama highway 157,emp????ty,empty,cullman,al,35058,cullman,2567372000,acute care hospitals,government - hospital district or authority,yes,heart attack,ami-2,heart attack patients given aspirin at discharge,$100%,26 patients,al_ami-2
719,33012.97175297174,cullman regional medical center,1912 alabama highway 157,empty,empty,cullman,al,35058,cullman,2567372000,acute care hospitals,government - hospital district or authority,yes,heart attack,ami-3,heart attack patients given ace inhibitor or arb for left ventricular systolic dysfunction (lvsd),67%,3% $patients,al_ami-3
720,10035,cullman regional medical center,1912 alabama highway 157,empty,empty,cullman,al,35058,cullman,2567372000,acute care hospitals,government - hospital district or authority,yes,h%ea??rt attack,,heart attack patients given smoking cessation advice/counseling,100%,3 patients,
721,45126.705781252596,,1912 alabama highway 157,empty,empty,,@@al,35058,c#%ullman,2567372000,acute care hospitals,government - hospital district or authority,yes,heart attack,ami-$5,heart attack patients given beta blocker at discharge,100%,23 patients,al_ami-5
722,,cullman r@@egional medical cent??er,1912 alabama highway 157,empty,#empty,cullman,al,35058,cullman,2567372000,acute care hospitals,government - hospital district or authority,yes,heart attack,ami-7a,heart attack patients given fibrinolytic medication within 30 minutes of arrival,empty,0 patients,al_ami-7a
723,,cullman regional medical center,1912 alabama highway 157,empty,empty,cullman,al,35058,cullman,2567372000,acute care hospitals,government - hospital district or authority,yes,heart attack,ami-8a,heart attack patients given pci within 90 minutes of arrival,empty,empty,al_ami-8a
724,10035,cullman regional medical center,1912 alabama highway 157,empty,empty,cullman,al,35058,cullman,2567372000,acute care hospitals,government - hospital district or authority,yes,heart failure,hf-1,heart failure patients given discharge instructions,empty,158 patients,al_hf-1
725,10035,cullman regional medical center,1912 alabama highway 157,empty,empty,cullman,al,35058,cullman,2567372000,acute care hospitals,government - hospital district or authority,yes,heart failure,hf-2,heart failure patients given an evaluation of left ventricular systolic (lvs) function,100%,empty,al_hf-2
726,10035,cullman regional medical center,1912 alabama highway 157,empty,empty,cullman,al,35058,cullman,2567372000,acute care hospitals,government - hospital district or authority,yes,heart failure,hf-3,heart failure patients given ace inhibitor or arb for left ventricular systolic dysfunction (lvsd),97@@$%,37 patients,al_hf-3
727,10035,cullman regional medical center,1912 alabama highway 157,empty,empty,cullman,al,35058,cullman,2567372000,acute care hospitals,government - hospital district or authority,yes,heart failure,,heart failure patients given smoking cessation advice/counseling,100%,42 patients,al_hf-4
728,10035,cullman regional medical center,1912 alabama highway 157,empty,empty,cullman,al,35058,cullman,2567372000,acute care hospitals,government - hospital district or authority,yes,pneumonia,pn-2,pneumonia patients assessed and given pneumococcal vaccination,100%,155 patients,al_pn-2
729,10035,cullman regional medical center,1912 alabama highway 157,empty,empty,cullman,al,35058,cullman,2567372000,acute care hospitals,government - hospital district or authority,yes,pneumonia,pn#-3b,pneumonia patients whose initial emergency room blood culture was performed prior to the administration of the first hospital dose of antibiotics,empty,138 patients,al_pn-3b
730,10035,cullman regional medical center,1912 alabama highway 157,empty,empty,cullman,al,35058,cullman,2567372000,acute care hospitals,government - hospital district or authority,yes,pneumonia,pn-4,pneumonia patients given smoking cessation advice/counseling,empty,90 patients,al_pn-4
731,10035,cullman regional medical center,1912 alabama highway 157,empty,empty,cullman,al,35058,cullman,2567372000,acute care hospitals,government - hospital district or authority,yes,pneumonia,pn-5c,pneumonia patients given initial antibiotic(s) within 6 hours after arrival,99%,160 patients,al_pn-5c
732,10035,cullman regional medical center,1912 alabama highway 157,empty,empty,cullman,al,35058,cullman,2567372000,acute care hospitals,government - hospital district or authority,yes,pneumonia,pn-6,pneumonia patients given the most appropriate initial antibiotic(s),98%,136 patients,al_pn-6
733,42802.15516477507,cullman regional medical center,1912 alabama highway 157,empty,empty,cullman,al,35058,cullman,2567372000,acute care hospitals,government - hospital district or authority,yes,pneumonia,pn-7,pneumonia patients assessed and given influenza vaccination,98%,12#5 patie$nts,al_pn-7
734,10035,cullman regional medical center,1912 alabama highway 157,empty,empty,cullman,al,35058,cullman,2567372000,acute care hospitals,government - hospital district or authority,yes,surgical infection prevention,scip-card-2,surgery patients who were taking heart drugs called beta blockers before coming to the hospital who were kept on the beta blockers during the period just before and after their surgery,99%,68 patient@$@s,al_scip-card-2
735,10035,cullman regional medical center,1912 alabama highway 157,empty,empty,cullman,al,35058,cullman,2567372000,acute care hospitals,government - hospital district or authority,yes,surgical infection prevention,scip-inf-1,surgery patients who were given an antibiotic at the right time (within one hour before surgery) to help prevent infection,99%,empty,al_scip-inf-1
736,51546.273948853384,cullman regional medical center,1912 alabama highway 157,empty,empty,cullman,al,35058,cullman,2567372000,acute care hospitals,government - hospital district or authority,yes,surgical infection prevention,scip-inf-2,surgery patients who were given the  right kind  of antibiotic to help prevent infection,98%,417 patients,al_scip-inf-2
737,42031.56081728863,cullman regional medical center,1912 alabama highway 157,empty,empty,cullman,al,35058,cullman,2567372000,acute care hospitals,government - hospital district or authority,yes,surgical infection prevention,scip-inf-3,surgery patients whose preventive antibiotics were stopped at the right time (within 24 hours after surgery),98%,405 patients,al_scip-inf-3
738,10035,cullman regional medical center,1912 alabama highway 157,empty,empty,cullman,al,35058,cullman,2567372000,acute care hospitals,government - hospital district or authority,yes,surgical infection prevention,scip-inf-4,all heart surgery patients whose blood sugar (blood glucose) is kept under good control in the days right after surgery,empty,0 patients,al_scip-inf-4
739,10035,cullman regional medical center,1912 alabama highway 157,em%$pty,empty,cullman,al,35058,cullman,2567372000,acute care hospitals,government - hospital district or authority,yes,surgical infection prevention,scip-inf-6,surgery patients needing hair removed from the surgical area before surgery who had hair removed using a safer method (electric clippers or hair removal cream c not a razor),100%,598 patients,al_scip-inf-6
740,10035,cullman regional medical center,1912 alabama highway 157,empty,empty,cullman,al,35058,cullman,2567372000,acute care hospitals,government - hospital district or authority,yes,surgical infection prevention,scip-vte-1,surgery patients whose doctors ordered treatments to prevent blood clots after certain types of surgeries,95%,298 patients,al_scip-vte-1
741,42804.19492716146,cullman regional medical center,1912 alabama highway 157,empty,em#pty,cullman,al,35058,cullman,2567372000,acute care hospitals,government - hospital district or authority,yes,surgical infection prevention,sc%ip-vte-2,patients who got treatment  at the right time (within 24 hours before or after their surgery) to help prevent blood clots after certain types of surgery,95%,298 patients,al_scip-vte-2
742,10036,andalusia regional hospital,849 south three notch street,empty,empty,andalusia,al,36420,covington,3342228466,acute care hospitals,proprietary,no,heart attack,a$mi-??1,,100%,8 patients,al_ami-1
743,10036,andalusia regional hospital,849 south three notch street,empty,empty,andalusia,al,36420,covington,3342228466,acute care hospitals,proprietary,no,heart attack,ami-2,heart attack patients given aspirin at discharge,60%,5 patients,al_ami-2
744,10036,andalusia regional hospital,849 south three notch street,empty,empty,andalusia,al,36420,covington,3342228466,acute care hospitals,proprietary,no,heart attack,,heart attack patients given ace inhibitor or arb for left ventricular systolic dysfunction (lvsd),100%,3 patients,al_ami-3
745,58033.45394404092,andalusia regional hospital,849 south three notch street,empty,emp??$ty,andalusia,al,36420,covington,3342228466,acute care hospitals,proprietary,no,heart attack,,heart attack pat$ients given smoking cessation advice/counseling,emp@@ty%,0 patients,al_ami-4
746,10036,andalusia regional hospital,849 south three notch street,empty,empty,andalusia,al,36420,covington,3342228466,acute care hospitals,proprietary,no,heart attack,ami-5,heart attack patients given beta blocker at discharge,100%,6 patients,al_ami-5
747,39319.261586940585,,849 south three no$tch str??eet,empty,empty,andalusia,al,202023.0261173948,covington,15958048483.406183,acute care hospitals,proprietary,no,heart attack,ami-7a,heart attack patients given fibrinolytic medication within 30 minutes of arrival,empty,0 patients,al_ami-7a
748,,andal%u$sia regional hospital,849 south three notch street,empty,empty,andalusia,al,36420,covington,3342228466,acute care hospitals,,no,heart attack,ami-8a,heart attack patients given pci within 90 minutes of arrival,empty,0 patients,al_ami-8a
749,10036,andalusia regional hospital,849 south three notch street,empty,empty,andalusia,al,36420,covington,3342228466,acute care hospitals,proprietary,no,heart failure,hf-1,heart failure patients given discharge instructions,100%,121 patients,al_hf-1
750,10036,andalusia regional hospital,849 south three notch street,empty,empty,andalusia,al,36420,covington,3342228466,acute care hospitals,proprietary,no,heart failure,hf-2,heart failure patients given an evaluation of left ventricular systolic (lvs) function,91%,139 patients,al_hf-2
751,10036,andalusia regional hospital,849 south three notch street,empty,empty,andalusia,al,36420,covington,3342228466,acute care hospitals,proprietary,no,heart failure,hf-3,heart failure patients given ace inhibitor or arb for left ventricular systolic dysfunction (lvsd),86%,21 patients,al_hf-3
752,10036,andalusia regional hospital,849 south three notch street,empty,empty,andalusia,al,36420,covington,3342228466,acute care hospitals,proprietary,no,heart failure,hf-4,heart failure patients given smoking cessation advice/counseling,100%,empty,al_hf-4
753,10036,andalusia regional hospital,849 south three notch street,empty,empty,andalusia,al,36420,covington,3342228466,acute care hospitals,proprietary,no,pneumonia,pn-2#,pneumonia patients assessed and given pneumococcal vaccination,100%,77 patients,al_pn-2
754,10036,andalusia regional hospital,849 south three notch street,empty,empty,andalusia,al,36420,covington,3342228466,acute care hospitals,proprietary,no,pneumonia,pn-3b,pneumonia patients whose initial emergency room blood culture was performed prior to the administration of the first hospital dose of antibiotics,89%,55 patients,al_pn-3b
755,43189.985398111094,andalusia regional hospital,849 south three notch street,empty,e%m%pty,andalusia,al,36420,covington,3342228466,acute care hospitals,proprietary,no,pneumonia,p#n-4,,100%,43 patients,al_pn-4
756,10036,andalusia regional hospital,849 south three notch street,empty,emp%ty,andalusia,al,36420,covington,3342228466,acute care hospitals,proprietary,no,pneumonia,,,empty,93 patients,al_pn-??5c
757,10036,andalusia regional hospital,849 south three notch street,empty,empty,andalusia,al,36420,covington,3342228466,acute care hospitals,proprietary,no,pn@@eumonia%,p#n-$6,pneumonia patients given the most appropriate initial antibiotic(s),75%,empty,al_pn-6
758,,andalusia regional hospital,849 south three notch street,empty,empty,andalusia,al,36420,covington,3342228466,acute care hospitals,proprietary,no,%pneumoni#a,??%pn-7,pneumonia patients assessed and given influenza vaccination,92%,52 patients,al_pn-7
759,10036,andalusia regional hospital,849 south three notch street,empty,empty,andalusia,al,36420,covington,3342228466,acute care hospitals,proprietary,no,surgical infection prevention,scip-card-2,surgery patients who were taking heart drugs called beta blockers before coming to the hospital who were kept on the beta blockers during the period just before and after their surgery,empty,19 patients,al_scip-card-2
760,10036,andalusia regional hospital,849 south three notch street,empty,empty,andalusia,al,36420,covington,3342228466,acute care hospitals,proprietary,no,surgical infection prevention,scip-inf-1,surgery patients who were given an antibiotic at the right time (within one hour before surgery) to help prevent infection,97%,139 pati??ents,al_scip-inf-1
761,10036,andalusia regional hospital,849 south three notch street,empty,empty,andalusia,al,36420,covington,3342228466,acute care hospitals,proprietary,no,surgical infection prevention,,surgery patients who were given the  right kind  of antibiotic to help prevent infection,??%88%,empty,al_scip-inf-2$
762,,,849 south three notch street,empty,empt????y,andalusia,al,36420,covington,3342228466,acute care hospitals,propr%ietary,no,surgical infection prevention,,surgery patients whose preventive antibiotics were stopped at the right time (within 24 hours after surgery),@@99#%,136 patients,a#l_scip-%inf-3
763,10036,andalusia regional hospital,849 south three notch street,empty,empty,andalusia,al,36420,covington,3342228466,acute care hospitals,proprietary,no,surgical infection prevention,scip-inf-4,all heart surgery patients whose blood sugar (blood glucose) is kept under good control in the days right after surgery,empty,0 #patients,al_scip-inf-4
764,10036,andalusia regional hospital,849 south three notch street,empt????y,empty,andalusia,al,36420,covington,3342228466,acute care hospitals,proprietary,no,surgical infection prevention,,surgery patients needing hair removed from the surgical area before surgery who had hair removed using a safer method (electric clippers or hair removal cream c not a razor),100%,204 patients,al_scip-inf-6
765,10036,andalusia regional hospital,849 south three notch street,empty,empty,andalusia,al,36420,covington,3342228466,acute care hospitals,proprietary,no,surgical infection prevention,scip-v@@te-1%,,80%,empty,al_scip-vte-1
766,10036,andalusia regional hospital,849 south three notch street,empty,empty,andalusia,al,36420,covington,3342228466,acute care hospitals,proprietary,no,surgical infection prevention,scip-vte-2,patients who got treatment  at the right time (within 24 hours before or after their surgery) to help prevent blood clots after certain types of surgery,empty,66 patients,al_scip-vte-2
767,,stringfellow memorial hospital,301 east 18th st,empty,empty,anniston,al,36201,calhoun,2562358900,acute care hospitals,proprietary,yes,children s asthma care,cac-1,children who received reliever medication while hospitalized for asthma,100%,9 patients,al_cac-1
768,10038,stringfellow memorial hospital,301 east 18th st,e%mpty#,empty,anniston,al,36201,calhoun,2562358900,acute care hospitals,proprietary,yes,surgical infection prevention,scip-inf-1,surgery patients who were given an antibiotic at the right time (within one hour before surgery) to help prevent infection,99%,96 patients,al_scip-inf-1
769,10038,stringfellow memorial hospital,301 east 18th st,empty,empty@@$,anniston,al,36201,calhoun,2562358900,acute care hospitals,proprietary,yes,surgical infection prevention,scip-inf-2,surgery patients who were given the  right kind  of antibiotic to help prevent infection,93%,98 patients,al_scip-inf-2
770,10038,stringfellow memorial hospital,301 east 18th st,empty,emp#ty,anniston,al,36201,calhoun,2562358900,acute care hospitals,proprietary,yes,surgical infection prevention,scip-inf-3,surgery patients whose preventive antibiotics were stopped at the right time (within 24 hours after surgery),93%,95 patients,al_scip-inf-3
771,10038,stringfellow memorial hospital,301 east 18th st,empty,empty,anniston,al,36201,calhoun,2562358900,acute care hospitals,proprietary,yes,surgical infection prevention,scip-inf-4,all heart surgery patients whose blood sugar (blood glucose) is kept under good control in the days right after surgery,empty,0 patients,al_scip-inf-4
772,10038,stringfellow memorial hospital,301 east 18th st,empty,empty,anniston,al,36201,calhoun,2562358900,acute care hospitals,proprietary,yes,surgi%cal inf#ection prevention,,surgery patients needing hair remove#d from the surgical area before surgery who had hair removed using a safer method (electric clippers or hair removal cream c not a razor),empty,195 patients,al_scip-inf-6
773,,stringfellow memorial hospital,301 east 18th st,empty,empty,anniston,al,36201,calhoun,2562358900,acute care hospitals,proprietary,yes,surgical infection prevention,scip-vte-1,surgery patients whose doctors ordered treatments to prevent blood clots after certain types of surgeries,90%#,empty,al_scip-vte-1
774,10038,stringfellow memorial hospital,301 east 18th st,emp@@??ty,empty,anniston,al,36201,calhoun,2562358900,acute care hospitals,proprietary,yes,surgical infection prevention,scip-vte@@-2,patients who got treatment  at the right time (within 24 hours before or after their surgery) to help prevent blood clots after certain types of surgery,89%,116@@ patients,al_scip-vte-2
775,10039,huntsville hospital,101 sivley rd,empty,empty,huntsville,al,35801,madison,2562651000,acute care hospitals,government - hospital district or authority,yes,children s asthma care,cac-1,children who received reliever medication while hospitalized for asthma,100%,193 p@@??atients,al_cac-1
776,10039,huntsville hospital,101 sivley rd,e@@mpty%,empty,huntsville,al,35801,madison,2562651000,acute care hospitals,government - hospital district or authority,yes,children s asthma care,cac-%2,children who received systemic corticosteroid medication (oral and iv medication that reduces inflammation and controls symptoms) while hospitalized for asthma,empty,193$ patients,al_cac-2
777,10039,huntsville hospital,101 sivley rd,empty,e#$mpty,huntsville,al,35801,madison,2562651000,acute care hospitals,government - hospital district or authority,yes,children s asthma care,cac-3,children and their caregivers who received a home management plan of care document while hospitalized for asthma,14??%,193 patients,al_cac-3
778,10039,huntsville hospital,101 sivley rd,empty,empty,huntsville,al,35801,madison,2562651000,acute care hospitals,government - hospital district or authority,yes,heart attack,ami-1,heart attack patients given aspirin at arrival,empty,155 patients,al_ami-1
779,10039,huntsville hospital,101 sivley rd,empty,empty,huntsville,al,35801,madison,2562651000,acute care hospitals,government - hospital district or authority,yes,heart attack,ami-2,heart attack patients given aspirin at discharge,empty,323 patients,al_ami-2
780,10039,huntsville hospital,101 sivley rd,empty,empty,huntsville,al,35801,madison,2562651000,acute care hospitals,government - hospital district or authority,yes,heart attack,ami-3,heart attack patients given ace inhibitor or arb for left ventricular systolic dysfunction (lvsd),empty,77 pa@@tients,al_ami-3
781,10039,huntsville hospital,101 sivley rd,empty,empty,huntsville,al,35801,madison,2562651000,acute care hospitals,government - hospital district or authority,yes,heart attack,ami-4,heart attack patients given smoking cessation advice/counseling,10??0%,135 patients,al_ami-4
782,10039,huntsville hospital,101 sivley rd,empt#y,empty,huntsville,al,35801,madison,2562651000,acute care hospitals,government - hospital district or authority,yes,heart attack,,heart attack patients given beta blocker at discharge,100%,$301 %patients,al_ami-5
783,32425.441302150255,huntsville hospital,101 sivley rd,empty,empty,huntsville,al,35801,madison,2562651000,acute care hospitals,government - hospital district or authority,yes,heart attack,,heart attack patients given fibrinolytic medication within 30 minutes of arrival,empty,0 patients,al_ami-7a
784,10039,huntsville hospital,101 sivley rd,empty,empty,huntsville,al,35801,madison,2562651000,acute care hospitals,government - hospital district or authority,yes,heart attack,ami-8a,heart attack patients given pci within 90 minutes of arrival,82%,44 patients,al_ami-8a
785,10039,huntsville hospital,101 sivley rd,empty,empty,huntsville,al,35801,madison,2562651000,acute care hospitals,government - hospital district or authority,yes,heart failure,hf$$-1,heart failure patients given discharge instructions,72%,264# patients,al_hf-1
786,10039,huntsville hospital,101 sivley rd,empty,empty,huntsville,al,35801,madison,2562651000,acute care hospitals,government - hospital district or authority,yes,heart failure,hf-2,heart failure patients given an evaluation of left ventricular systolic (lvs) function,95%,303 patients,al_hf-2
787,10039,huntsville hospital,101 sivley rd,empty,empty,huntsville,al,35801,madison,2562651000,acute care hospitals,government - hospital district or authority,yes,heart failure,hf-3,heart failure patients given ace inhibitor or arb for left ventricular systolic dysfunction (lvsd),#98%,102 patients,al_hf-3
788,10039,huntsville hospital,101 sivley rd,empty,empty,huntsville,al,35801,madison,2562651000,acute care hospitals,government - hospital district or authority,yes,heart failure,,heart failure patients given smoking cessation advice/counseling,100%,51 patients,a??l_hf-$4
789,10039,huntsville hospital,101 sivley rd,empty,empty,huntsville,al,35801,madison,2562651000,acute care hospitals,government - hospital district or authority,yes,pneumonia,pn-2,pneumonia patients assessed and given pneumococcal vaccination,96%,509 patients,al_pn-2
790,52729.400975882425,huntsville hospital,101 sivley rd,empty,empty,huntsville,al,35801,madison,2562651000,acute care hospitals,government - hospital district or authority,yes,,$pn-3b,,empty,496 patients,al_pn-3b
791,10039,huntsville hospital,101 sivley rd,empty,empty,huntsville,al,35801,madison,2562651000,acute care hospitals,government - hospital district or authority,yes,pneumonia,pn-4,pneumonia patients given smoking cessation advice/counseling,9$7%#,294 patients,al_pn-4
792,39936.343523187374,huntsville hospital,101 sivley rd,empty,empty,huntsville,al,35801,madison,2562651000,acute care hospitals,government - hospital district or authority,yes,pneumonia,pn-5c,pneumonia patients given initial antibiotic(s) within 6 hours after arrival,93%,511 patients,al_pn-5c
793,10039,huntsville hospital,101 sivley rd,empty,empty,huntsville,al,35801,madison,2562651000,acute care hospitals,government - hospital district or authority,yes,pn#eumonia#,,pneumonia patients given the most appropriate initial antibiotic(s),89@@%,@@313 patients,al_pn-6
794,10039,huntsville hospital,101 sivley rd,empty,empty,huntsville,al,35801,madison,2562651000,acute care hospitals,government - hospital district or authority,yes,pneumonia,pn-7,pneumonia patients assessed and given influenza vaccination,89@@%??,empty,al_pn-7
795,,huntsville hospital,101 sivley rd,empty,empty,huntsville,al,35801,madison,2562651000,acute care hospitals,government - hospital district or authority,yes,surgical infection prevention,,surgery patients who were taking heart drugs called beta blockers before coming to the hospital who were kept on the beta blockers during the period just before and after their surgery,90%,123 patients??,al_scip-card-2
796,10039,huntsville hospital,101 sivley rd,empty,empty,huntsville,al,35801,madison,2562651000,acute care hospitals,government - hospital district or authority,yes,surgical infection prevention,scip-inf-1,surgery patients who were given an antibiotic at the right time (within one hour before surgery) to help prevent infection,95@@%,601 patients,al_scip-inf-1
797,10039,huntsville hospital,101 sivley rd,empty,empty,huntsville,al,35801,madison,2562651000,acute care hospitals,government - hospital district or authority,yes,surgical infection prevention,scip-inf-2,surgery patients who were given the  right kind  of antibiotic to help prevent infection,99%,603 patients,al_scip-inf-2
798,10039,huntsville hospital,101 sivley rd,empty,empty,huntsville,al,35801,madison,2562651000,acute care hospitals,government - hospital district or authority,yes,surgical infection prevention,,surgery patients whose preventive antibiotics were stopped at the right time (within 24 hours after surgery),93%,561 patients,
799,,huntsville hospital,101 sivley rd,empty,em%pty@@,huntsville,al,35801,madison,2562651000,acute care hospitals,government - hospital district or authority,yes,surgical infection prevention,scip-inf-4,all heart surgery patients whose blood sugar (blood glucose) is kept under good control in the days right after surgery,95%,empty,al_scip-inf-4
800,10039,huntsville hospital,101 sivley rd,empty,empty,huntsville,al,35801,madison,2562651000,acute care hospitals,government - hospital district or authority,yes,surgical infection prevention,scip-inf-6,surgery patients needing hair removed from the surgical area before surgery who had hair removed using a safer method (electric clippers or hair removal cream c not a razor),99%,852 patients,al_scip-inf-6
801,10039,huntsville hospital,101 sivley rd,empty,empty,huntsville,al,35801,madison,2562651000,acute care hospitals,government - hospital district or authority,yes,surgical infection prevention,,surgery patients whose doctors ordered treatments to prevent blood clots after certain types of surgeries,93%??,269 patients,
802,,huntsville hospital,101 sivley rd,empty,empty,huntsville,al,35801,madison,2562651000,acute care hospitals,government - hospital district or authority,yes,surgical infection prevention,scip-vte-2,patients who got treatment  at the right time (within 24 hours before or after their surgery) to help prevent blood clots after certain types of surgery,empty,269 patients,al_scip-vte-2
803,38442.203746705345,,1007 goodyear avenue,empty,empty,gadsden,al,35903,etowah,2564944000,acute care hospitals,proprietary,yes,heart attack,,,94%,123 patients,a%l_$ami-1
804,10040,gadsden regional medical center,1007 goodyear avenue,empty,empty,gadsden,al,35903,etowah,2564944000,acute care hospitals,proprietary,yes,heart attack,ami-2,heart attack patients given aspirin at discharge,99%,empty,al_ami-2
805,10040,gadsden regional medical center,1007 goodyear avenue,empty,empty,gadsden,al,35903,etowah,2564944000,acute care hospitals,proprietary,yes,heart attack,??ami-3,heart attack patients given ace inhibitor or arb for left ventricular systolic dysfunction (lvsd),89$#%,18 patients,al_ami-3
806,10040,gadsden regional medical center,1007 goodyear avenue,emp$ty,empty,gadsden,al,35903,etowah,2564944000,acute care hospitals,proprietary,yes,heart attack,ami-4,heart attack patients given smoking cessation advice/counseling,100%,79 patients,al_ami-4
807,,gadsden regional medical center,1007 goodyear avenue,empty,empty,gadsden,al,35903,etowah,2564944000,acute care hospitals,proprietary,yes,heart attack,a%mi-5,heart attack patients given beta blocker at discharge,95%,117 patients,al_ami-5
808,10040,gadsden regional medical center,1007 goodyear avenue,$empt??y,empty,gadsden,al,35903,etowah,2564944000,acute care hospitals,proprietary,yes,heart attack,ami-7a,heart attack patients given fibrinolytic medication within 30 minutes of arrival,$68%,25 patients,al_ami-7a
809,10040,gadsden regional medical center,1007 goodyear avenue,emp#??ty,empty??$,gadsden,al,35903,etowah,2564944000,acute care hospitals,proprietary,yes,heart attack,ami-8a,heart attack patients given pci within 90 minutes of arrival,83%,12 patients,al_ami-8a
810,37755.27326524771,gadsden regional medical cen@@ter,1007 goodyear avenue,empty,empty,,al,35903,etowah,2564944000,,proprietary,yes,h??eart?? failure,hf%-1,heart failure patients given discharge instructions,47%,211 patients,al_hf-1
811,10040,gadsden regional medical center,1007 goodyear avenue,empty,empty,gadsden,al,35903,etowah,2564944000,acute care hospitals,proprietary,yes,heart failure,hf-2,heart failure patients given an evaluation of left ventricular systolic (lvs) function,$100%,empty,al_hf-2
812,,,,empty,empty,gadsden,al,35903,etowah,2564944000,acute care hospitals,proprietary,yes,heart failure,hf-3,heart failure patients given ace inhibitor or arb for left ventricular systolic dysfunction (lvsd),93%,69 patients,al_hf-3
813,10040,gadsden regional medical center,1007 goodyear avenue,e@@mpt#y,empty,gadsden,al,35903,etowah,2564944000,acute care hospitals,proprietary,yes,heart failure,hf-4,heart failure patients given smoking cessation advice/counseling,empty,70 patients,al_hf-4
814,10040,gadsden regional medical center,1007 goodyear avenue,emp??ty,empty,gadsden,al,35903,etowah,2564944000,acute care hospitals,proprietary,yes,pneumonia,pn-2,pneumonia patients assessed and given pneumococcal vaccination,96%,255 patients,al_pn-2
815,10040,gadsden regional medical center,1007 goodyear avenue,empty,empty,gadsden,al,35903,etowah,2564944000,acute care hospitals,proprietary,yes,pneumonia,??pn-3b,pneumonia patients whose initial emergency room blood culture was performed prior to the administration of the first hospital dose of antibiotics,empty,187 patients,al_pn-3b
816,10040,gadsden regional medical center,1007 goodyear avenue,empty,em#pty,gadsden,al,35903,etowah,2564944000,acute care hospitals,proprietary,yes,pneumonia,pn-4,pneumonia patients given smoking cessation advice/counseling,100%,130 patients,al_pn-4
817,43170.18873607371,gadsden regional medical center,1007 goodyear avenue,empty,empty,gadsden,al,35903,etowah,2564944000,acute care hospitals,proprietary,yes,pneumonia,pn-5%c,pneumonia patients given initial antibiotic(s) within 6 hours after arrival,94%,266 patients,al_pn-5c
818,43277.95631084966,g??adsden r@@egional medical center,1007 goodyear avenue,??@@empty,empty,gadsden,al,35903,etowah,2564944000,acute care hospitals,proprietary,yes,pneumonia,,pneumonia patients given the most appropriate initial antibiotic(s),89%,153 patients,al_pn-6
819,10040,gadsden regional medical center,1007 goodyear avenue,empty%,empty,gadsden,al,35903,etowah,2564944000,acute care hospitals,proprietary,yes,pneumonia,p$n-7,,96%,18$7% patients,al_pn-7$
820,10040,gadsden regional medical center,1007 goodyear avenue,empty,empty$,gadsden,al,35903,etowah,2564944000,acute care hospitals,proprietary,yes,surgical infection prevention,scip-card-2,surgery patients who were taking heart drugs called beta blockers before coming to the hospital who were kept on the beta blockers during the period just before and after their surgery,91%,109 %p@@atients,al_scip-card-2
821,10040,gadsden regional medical center,1007 goodyear avenue,empty,@@empty,gadsden,al,35903,etowah,2564944000,acute care hospitals,proprietary,yes,surgical infection prevention,scip@@-inf$-1,surgery patients who were given an ant??ibiotic at the right time (within one hour be%fore surgery) to help prevent infection,98%,557 patients,al_scip-inf-1
822,53976.99680571096,gadsden regional medical center,1007 goodyear avenue,empty,empty,gadsden,al,35903,etowah,2564944000,acute care hospitals,proprietary,yes,surgical infection prevention,,surgery patients who were given the  right kind  of antibiotic to help prevent infection,97%,564 patients,al_scip-inf-2
823,10040,gadsden regional medical center,1007 goodyear avenue,empty,empty,gadsden,al,35903,etowah,2564944000,acute care hospitals,proprietary,yes,surgical infection prevention,scip-inf-3,surgery patients whose preventive antibiotics were stopped at the right time (within 24 hours after surgery),90%,520 patien??ts,al_scip-inf-3
824,48121.77473944852,gadsden regional medical center,1007 goodyear avenue,empty,empty,gadsden,al,35903,etowah,2564944000,acute care hospitals,proprietary,yes,surgical infection prevention,scip-inf-4,all heart surgery patients whose blood sugar (blood glucose) is kept under good control in the days right after surgery,94%,186 patients,al_scip-inf-4
825,10040,gadsden regional medical center,1007 goodyear avenue,empty,@@$empty,gadsden,al,35903,etowah,2564944000,acute care hospitals,proprietary,yes,surgical infection prevention,scip-inf-6,surgery patients needing hair removed from the surgical area before surgery who had hair removed using a safer method (electric clippers or hair removal cream c not a razor),100%,854 patients,al_scip-inf-6
826,10040,gadsden regional medical center,1007 goodyear avenue,empty,empty,gadsden,al,35903,etowah,2564944000,acute care hospitals,proprietary,yes,surgical infection prevention,scip-vte-1,surgery patients whose doctors ordered treatments to prevent blood clots after certain types of surgeries,empty,315 patients,al_scip-vte-1
827,10040,gadsden regional medical center,1007 goodyear avenue,empty??,empty,gadsden,al,35903,etowah,2564944000,acute care hospitals,proprietary,yes,surgical infection prevention,,patients who got treatment  at the right time (within 24 hours before or after their surgery) to help prevent blood clots after certain types of surgery,8??7%,315 patients,al_scip-vt#e-2#
828,10043,chilton medical center,1010 lay dam road,empty,%e$mpty,clanton,al,35045,chilton,2057552500,acute care hospitals,voluntary non-profit - private,yes,heart attack,,heart attack patients given aspirin at arrival,100%,1 patients,al_ami-1
829,10043,chilton medical center,1010 lay dam road,empty,empty,clanton,al,35045,chilton,2057552500,acute care hospitals,voluntary non-profit - private,yes,heart attack,ami-2,heart attack patients given aspirin at discharge,100%,empty,al_ami-2
830,,chilton medical center,1010 lay dam road,empty,empty,clanton,al,35045,chilton,2057552500,acute care hospitals,voluntary non-profit - private,yes,heart att@@ack,,heart attack patients given ace inhibitor or arb for left ventricular systolic dysfunction (lvsd),100%,$1 $patients,al_ami-3
831,10043,chilton medical center,1010 lay dam road,empty,empty,clanton,al,35045,chilton,2057552500,acute care hospitals,voluntary non-profit - private,yes,heart attack,,heart attack patients given smoking cessation advice/counsel??ing,empty,0 patients,al_ami-4
832,10043,chilton medical center,1010 lay dam road,empty,empty,clanton,al,35045,chilton,2057552500,acute care hospitals,voluntary non-profit - private,yes,heart attack,ami-5,heart attack patients given beta blocker at discharge,100%%$,1 patien#t%s,al_ami-5
833,10043,chilton medical center,1010 lay dam road,empty,empty,clanton,al,35045,chilton,2057552500,acute care hospitals,voluntary non-profit - private,yes,,ami-%7a??,heart attack patients given fibrinolytic medication within 30 minutes of arrival,empty,0 patients,al_ami-7a
834,10043,chilton medical center,1010 lay dam road,empty,empty,clanton,al,35045,chilton,2057552500,acute care hospitals,voluntary non-profit - private,yes,heart attack,,hea@@rt attack patients given ??pci within 90 minutes of arrival,empty,0 patients,
835,10043,chilton medical center,1010 lay dam road,empty,empty,clanton,al,35045,chilton,2057552500,acute care hospitals,voluntary non-profit - private,yes,heart failure,,heart failure patients given discharge instructions,84%,19 patients,al_hf-1
836,,chilton medical center,1010 lay dam road,em@@%pty,empty,clanton,al,35045,chilton,2057552500,acute care hospitals,voluntary non-profit - private,yes,heart failure,hf-2,heart failure patients given an evaluation of left ventricular systolic (lvs) function,89%,28 patients,al_hf-2
837,10043,chilton medical center,1010 lay dam road,empty,empty,clanton,al,35045,chilton,2057552500,acute care hospitals,voluntary non-profit - private,yes,heart@@ failure%,,heart failure patients given ace inhibitor or arb for left ventricular systolic dysfunction (lvsd),75%,4 patients,al_hf-3
838,,chilton medical center,1010 lay dam road,empty,empty,clanton,al,35045,chilton,2057552500,acute care hospitals,voluntary non-profit - private,yes,heart failure,hf-4,heart failure patients given smoking cessation advice/counseling,100%,4 patients,al_hf-4
839,10043,chilton medical center,1010 lay dam road,$empty,empty,clanton,al,35045,chilton,2057552500,acute care hospitals,voluntary non-profit - private,yes,pneumonia,pn-2,pneumonia patients assessed and given pneumococcal vaccination,89%,empty,al_pn-2
840,10043,chilton medical center,1010 lay dam road,empty,empty,clanton,al,35045,chilton,2057552500,acute care hospitals,voluntary non-profit - private,yes,pneumonia,pn-3b,pneumonia patients whose initial emergency room blood culture was performed prior to the administration of the first hospital dose of antibiotics,92%,36 patients,al_pn-3b
841,10043,chilton medical center,1010 lay dam road,empty,empty,clanton,al,35045,chilton,2057552500,acute care hospitals,voluntary non-profit - private,yes,pneumonia,pn-4,pneumonia patients given smoking cessation advice/counseling,94%,16 patients,al_pn-4
842,,chilton medical center,1010 lay dam road,empty,empty,clanton,al,35045,chilton,2057552500,acute care hospitals,voluntary non-profit - private,yes,pneumonia,pn-5c,pneumonia patients given initial antibiotic(s) within 6 hours after arrival,empty,empty,al_pn-5c
843,10043,chilton medical center,1010 lay dam road,empty,empty,clanton,al,35045,chilton,2057552500,acute care hospitals,voluntary non-profit - private,yes,pneumonia,pn-6,pneumonia patients given the most appropriate initial antibiotic(s),empty,38 patients,al_pn-6
844,,chilton medical center,1010 lay dam road,empty,empty,clanton,al,35045,chilton,2057552500,acute care hospitals,voluntary non-profit - private,yes,pneumonia,pn-7,pneumonia patients assessed and given influenza vaccination,81%,37 patients,al_pn-7
845,10043,chilton medical center,1010 lay dam road,empty,empty,clanton,al,35045,chilton,2057552500,acute care hospitals,voluntary non-profit - private,yes,surgical infection prevention,scip-card-2,surgery patients who were taking heart drugs called beta blockers before coming to the hospital who were kept on the beta blockers during the period just before and after their surgery,50%,2 patients,al_scip-card-2
846,10043,chilton medical center,1010 lay dam road,empty,empty,clanton,al,35045,chilton,2057552500,acute care hospitals,voluntary non-profit - private,yes,surgical infection prevention,scip-inf-1,surgery patients who were given an antibiotic at the right time (within one hour before surgery) to help prevent infection,100%,4 patients,al_scip-inf-1
847,,chilton medical center,1010 lay dam road,empty,empty,clanton,al,35045,chilton,2057552500,acute care hospitals,voluntary non-profit - private,yes,surgical infection prevention,scip-inf-2,surgery patients who were given the  right kind  of antibiotic to help prevent infection,100%,4 patients,al_scip-inf-2
848,,chilton medical center,1010 lay dam road,emp@@t@@y,empty,clanton,al,35045,chilton,2057552500,acute care hospitals,voluntary non-profit - private,yes,surgical i$nfection prevention,scip-inf-3@@,surgery patients whose preventive antibiotics were stopped at the right time (within 24 hours after surgery),100%,4 patients,
849,10043,chilton medical center,1010 lay dam road,empty,empty,clanton,al,35045,chilton,2057552500,acute care hospitals,voluntary non-profit - private,yes,surgical infection prevention,scip-inf-4,all heart surgery patients whose blood sugar (blood glucose) is kept under good control in the days right after surgery,empty,0 patients,al_scip-inf-4
850,,,1010 lay ??dam road,empty,empty,clanton,,35045,chilton,2057552500,acute care hospitals,volunt#ary non-profit - private,yes,surgical infection prevention,scip-inf-6,surgery patients needing hair removed from the surgical area before surgery who had hair removed using a safer method (electric clippers or hair removal cream c not a razor),empty,5 patients,al_scip-inf-6
851,10043,chilton medical center,1010 lay dam road,empty,empty,clanton,al,35045,chilton,2057552500,acute care hospitals,voluntary non-profit - private,yes,surgical infection prevention,scip-vte-1,surgery patients whose doctors ordered treatments to prevent blood clots after certain types of surgeries,empty??,0 patients,al_scip-vte-1
852,10043,chilton medical center,1010 lay dam road,em@@pty??,empty,clanton,al,35045,chilton,2057552500,acute care hospitals,voluntary non-profit - private,yes,surgical infection prevention,scip-vte-2,patients who got treatment  at the right time (within 24 hours before or after their surgery) to help prevent blood clots after certain types of surgery,empty,empty,al_scip-vte-2
853,10044,marion regional medical center,1256 military street south,empty,empty,hamilton,al,35570,marion,2059216200,acute care hospitals,voluntary non-profit - private,yes,heart attack,ami-1,heart attack patients given aspirin at arrival,67%,3 patients,al_ami-1
854,10044,marion regional medical center,1256 military street south,empty,empty,hamilton,al,35570,marion,2059216200,acute care hospitals,voluntary non-profit - private,yes,heart attack,ami-2,heart attack patients given aspirin at discharge,67%,3 pati%ents,al_ami-2
855,10044,marion regional medical center,1256 military street south,empty,empty,hamilton,al,35570,marion,2059216200,acute care hospitals,voluntary non-profit - private,yes,heart attack,ami-3,heart attack patients given ace inhibitor or arb for left ventricular systolic dysfunction (lvsd),empty,1 patients,al_ami-3
856,10044,marion regional medical center,1256 military street south,empty,e@@mp@@ty,hamilton,al,35570,marion,2059216200,acute care hospitals,voluntary non-profit - private,yes,heart attack,ami-4,heart attack patients given smoking cessation advice/counseling,e%mpty??,empty,al_ami-4
857,10044,marion regional medical center,1256 military street south,empty,empty,hamilton,al,35570,marion,2059216200,acute care hospitals,voluntary non-profit - private,yes,heart attack,,heart attack patients given beta blocker at disch#arge,33%,3 patients,al_ami-5
858,51521.033479802194,marion?? regional medical center,1256 military street south,empt@@y,empty,hamilton,al,35570,marion,11585850100.554491,acute care hospitals,voluntary non-profit - private,yes,heart attack,ami-7a,heart attack patients given fibrinolytic medication within 30 minutes of arrival,empty,0 patients,al_ami-7a
859,10044,marion regional medical center,1256 military street south,empty,@@empty,hamilton,al,35570,marion,2059216200,acute care hospitals,voluntary non-profit - private,yes,heart attack,ami-8a,heart attack patients given pci within 90 minutes of arrival,empty,0 patients,al_ami-8a
860,10044,marion regional medical center,1256 military street south,empty,empty,hamilton,al,35570,marion,2059216200,acute care hospitals,voluntary non-profit - private,yes,heart failure,hf-$1,heart failure patients given discharge instructions,empty,38 patients,al_@@hf-1
861,10044,marion regional medical center,1256 military street south,empty,empty,hamilton,al,35570,marion,2059216200,acute care hospitals,voluntary non-profit - private,yes,heart failure,hf@@-2,heart failure patients given an evaluation of left ventricular systolic (lvs) function,80%%,46 %@@patients,al_hf-2
862,10044,marion regional medical center,1256 military street south,empty,empty,hamilton,al,35570,marion,2059216200,acute care hospitals,voluntary non-profit - private,yes,heart failure,hf-3,heart failure patients given ace inhibitor or arb for left ventricular systolic dysfunction (lvsd),78%,empty,al_hf-3
863,10044,marion regional medical center,1256 military street south,empty,empty,hamilton,al,35570,marion,2059216200,acute care hospitals,voluntary non-profit - private,yes,heart failure,hf-4,heart failure patients given smoking cessation advice/counseling,80%,10 patients,al_hf-4
864,10044,marion regional medical center,1256 military street south,empty,empty,hamilton,al,35570,marion,2059216200,acute care hospitals,voluntary non-profit - private,yes,pneumonia,pn-2,pneumonia patients assessed and given pneumococcal vaccination,empty,101 patients,al_pn-2
865,10044,marion regional medical center,1256 military street south,empty,empty,hamilton,al,35570,marion,2059216200,acute care hospitals,voluntary non-profit - private,yes,pneumonia,pn-3b,pneumonia patients whose initial emergency room blood culture was performed prior to the administration of the first hospital dose of antibiotics,99%,78 patients,al_pn-3b
866,37760.009463404895,marion regional medical center,1256 military street south,empt%y,empty,hamilton,al,35570,marion,2059216200,acute care hospitals,voluntary non-profit - private,yes,pneumonia,,,90%,42 patients,al_pn-4
867,46720.49494782274,,1256 military street s@@outh,empty,empty,hamilton,al,35570,marion,9638721948.066896,acute care hospitals,voluntary non-profit - private,yes,pneumonia,pn-5c,pneumonia patients given initial antibiotic(s) within 6 hours after arrival,9#??8%,121 patients,al_pn-5c
868,10044,marion regional medical center,1256 military street south,empty,empty,hamilton,al,35570,marion,2059216200,acute care hospitals,voluntary non-profit - private,yes,pneumonia,pn-6,pneumonia patients given the most appropriate initial antibiotic(s),76$%,97 patients,al_pn-6
869,10044,marion regional medical center,1256 military street south,empty,empty,hamilton,al,35570,marion,2059216200,acute care hospitals,voluntary non-profit - private,yes,pneumonia,pn-7,pneumonia patients assessed and given influenza vaccination,empty,85 patients,al_pn-7
870,10044,marion regional medical center,1256 military street south,em#@@pty,empty,hamilton,al,35570,marion,2059216200,acute care hospitals,voluntary non-profit - private,yes,surgical infection prevention,,surgery patients who were taking heart drugs called beta blockers before coming to the hospital who were kept on the beta blockers during the period just before and after their surgery,6??7%,3 patients,al_scip-card-2
871,46318.38666368856,%marion regional medical center,1256 military street south,empty,emp#ty,hamilton,al,,marion,2059216200,,voluntary non-profit - private,yes,,,,80%,15 patients,al_scip-inf-1
872,,marion regional medical center,1256 military street south,empty,empty,hamilton,al,35570,marion,2059216200,acute care hospitals,voluntary non-profit - private,yes,surgical infection prevention,scip-inf-2,surgery patients who were given the  right kind  of antibiotic to help prevent infection,87%,15 patients,al_scip-inf-2
873,57045.60010905774,marion regional medical center,1256 military street south,empty,empty,hamilton,al,35570,marion,2059216200,acute care hospitals,voluntary non-profit - private,yes,surgical infection prevention,scip-inf-3,surgery patients whose preventive antibiotics were stopped at the right time (within 24 hours after surgery),87%,15 patients,al_scip-inf-3
874,10044,marion regional medical center,1256 military street south,empty,empty,hamilton,al,35570,marion,2059216200,acute care hospitals,voluntary non-profit - private,yes,surgical infection prevention,scip-inf-4,all heart surgery patients whose blood sugar (blood glucose) is kept under good control in the days right after surgery,empty,0 patients,al_scip-inf-4
875,10044,marion regional medical center,1256 military street south,empty,empty,hamilton,al,35570,marion,2059216200,acute care hospitals,voluntary non-profit - private,yes,surgical infection prevention,scip-inf-6,surgery patients needing hair removed from the surgical area before surgery who had hair removed using a safer method (electric clippers or hair removal cream c not a razor),100%,19 patients,al_scip-inf-6
876,10044,marion regional medical center,1256 military street south,empty,empty,hamilton,al,35570,marion,2059216200,acute care hospitals,voluntary non-profit - private,yes,surgical infection prevention,scip-vte-1,surgery patients whose doctors ordered treatments to prevent blood clots after certain types of surgeries,100%,4 patients,al_scip-vte-1
877,10044,marion regional medical center,1256 military street south,empty,empty,hamilton,al,35570,marion,2059216200,acute care hospitals,voluntary non-profit - private,yes,surgical infection prevention,scip-vte-2,patients who got treatment  at the right time (within 24 hours before or after their surgery) to help prevent blood clots after certain types of surgery,10@@0%??,4 patients,al_scip-vte-2
878,10045,fayette medical center,1653 temple avenue north,empty,empty,fayette,al,35555,fayette,2059325966,acute care hospitals,voluntary non-profit - other,yes,heart attack,ami-1,heart attack patients given aspirin at arrival,@@100%,18 patients,al_ami-1
879,,fayette medical center,1653 temple avenue north,empty,empty,fayette,al,35555,fayette,2059325966,acute care hospitals,voluntary non-profit - other,yes,heart attack,ami-2,heart attack patients given aspirin at discharge,100%,12 patients,al_ami-2
880,10045,fayette medical center,1653 temple avenue north,empty,empty,fayette,al,35555,fayette,2059325966,acute care hospitals,voluntary non-profit - other,yes,heart attack,ami-3,heart attack patients given ace inhibitor or arb for left ventricular systolic dysfunction (lvsd),0%,1 patients,al_ami-3
881,58537.81888593295,fayette medical center,1653 temple avenue north,empty,empty,fayette,al,35555,fayette,2059325966,acute care hospitals,voluntary non-profit - other,yes,heart attack,,heart attack patients given smoking cessation advice/$counseling,100%,1 patients,al_ami-4
882,10045,fayette medical center,1653 temple avenue north,empty,empty,fayette,al,35555,fayette,2059325966,acute care hospitals,voluntary non-profit - other,yes,heart attack,ami-5,heart attack patients given beta blocker at discharge,empty,11 patients,al_ami-5
883,,fayette medical center,1653 temple avenue north,empty,empty,fayette,al,35555,fayette,2059325966,acute care hospitals,voluntary non-profit - other,yes,heart attack,ami-7a,heart attack patients given fibrinolytic medication within 30 minutes of arrival,empty,0 patients,al_ami-7a
884,10045,fayette medical center,1653 temple avenue north,empty,empty,fayette,al,35555,fayette,2059325966,acute care hospitals,voluntary non-profit - other,yes,heart attack,ami-8a,heart attack patients given pci within 90 minutes of arrival,emp%ty,empty,al_ami-8a
885,,fayette medical center,1653 temple avenue north,empty,empty,fayette,al,35555,fayette,2059325966,acute care hospitals,voluntary non-profit - other,yes,heart failure,hf-1,heart failure patients given discharge instructions,87%,67 patients,al_hf-1
886,10045,fayette medical center,1653 temple avenue north,empty,empty,fayette,al,35555,fayette,2059325966,acute care hospitals,voluntary non-profit - other,yes,heart failure,,heart failure patients given an evaluation of left ventricular systolic (lvs) function,94%,85 patients,al_hf-2
887,10045,fayette medical center,1653 temple avenue north,empty,??$empty,fayette,al,35555,fayette,2059325966,acute care hospitals,voluntary non-profit - other,yes,heart failure,%hf-3,heart failure patients given ace inhibitor or arb for left ventricular systolic dysfunction (lvsd),89%,19 patients,al_hf-3
888,10045,fayette medical center,1653 temple avenue north,empty,empty,fayette,al,35555,fayette,2059325966,acute care hospitals,voluntary non-profit - other,yes,heart failure,hf-4,heart failure patients given smoking cessation advice/counseling,100%,16 patients,al_hf-4
889,10045,fayette medical center,1653 temple avenue north,empty,empty,fayette,al,35555,fayette,2059325966,acute care hospitals,voluntary non-profit - other,yes,pneumonia,pn-2,pneumonia patients assessed and given pneumococcal vaccination,85%,117 patients,al_pn-2
890,10045,fayette medical center,1653 temple avenue north,empty,empty,fayette,al,35555,fayette,2059325966,acute care hospitals,voluntary non-profit - other,yes,pneumonia,,pneumonia patients whose initial emergency room blood culture was performed prior to the administration of the first hospital dose of antibiotics,100%,empty,al_pn-3b
891,44425.29702843325,,1653 temple avenue north,empt#@@y,em$pty,fayette,,,fayette,2059325966,acute care hospitals,$voluntar$y non-profit - other,yes,,,pneumonia patients given smoking cessation advice/counseling,100%,34 patients,al_pn-4
892,10045,fayette medical center,1653 temple avenue north,empty,empty,fayette,al,35555,fayette,2059325966,acute care hospitals,voluntary non-profit - other,yes,pneumonia,pn-5c,pneumonia patients given initial antibiotic(s) within 6 hours after arrival,97%,109 patients,al_pn-5c
893,54144.970432774004,fayette medical center,1653 temple avenue north,empty??,empty,fayette,al,35555,fayette,2059325966,acute care hospitals,voluntary non-profit - other,yes,pneumonia,pn-6$,pneumonia patients given the most appropriate initial antibiotic(s),87%,79 p@@atients,al_p??n-@@6
894,52098.04445424132,#fayette medical c@@enter,1653 temple avenue north,emp@@t@@y,empty,f$ayette,al,35555,fayette,2059325966,acute care hospitals,voluntary non-profit - other,yes,pneumonia,pn-7,pneumonia patients assessed and given influenza vaccination,87%,86 patients,al_pn-7
895,10045,fayette medical center,1653 temple avenue north,empty,empty,fayette,al,35555,fayette,2059325966,acute care hospitals,voluntary non-profit - other,yes,surgical infection prevention,scip-card-2,surgery patients who were taking heart drugs called beta blockers before coming to the hospital who were kept on the beta blockers during the period just before and after their surgery,empty,0 patients,al_scip-card-2
896,10045,fayette medical center,1653 temple avenue north,empty,empty,fayette,al,35555,fayette,2059325966,acute care hospitals,voluntary non-profit - other,yes,surgical infection prevention,scip-inf-1,surgery patients who were given an antibiotic at the right time (within one hour before surgery) to help prevent infection,empty,empty,al_scip-inf-1
897,10045,fayette medical center,1653 temple avenue north,empty,empty,fayette,al,35555,fayette,2059325966,acute care hospitals,voluntary non-profit - other,yes,surgical infection prevention,scip-inf-2,surgery patients who were given the  right kind  of antibiotic to help prevent infection,empty,empty,al_scip-inf-2
898,10045,fayette medical center,1653 temple avenue north,??empty,empty,fayette,al,35555,fayette,2059325966,acute care hospitals,voluntary non-profit - other,yes,surgical infection prevention,,,em%pt%y,0 patients,al_scip-inf-3
899,,,1653 temple avenue north,empty,empty,fayette,al,35555,fayette,,acute care hospitals,voluntary non-profit - other,yes,surgical infection prevention,scip-inf-4,all heart surgery patients whose blood sugar (blood glucose) is kept under good control in the days right after surgery,emp%ty,empty,al_scip-inf-4
900,10045,fayette medical center,1653 temple avenue north,empty,empty,fayette,al,35555,fayette,2059325966,acute care hospitals,voluntary non-profit - other,yes,surgical infection prevention,,surgery patients needing hair removed from the surgical area before surgery who had hair removed using a safer method (electric clippers or hair removal cream c not a razor),100#%,7 patients,al_scip-inf-6
901,49974.92380794583,fayette medical center,1653 temple avenue north,e@@mpty,empty,fayette,al,35555,fayette,2059325966,acute care hospitals,voluntary non-profit - other,yes,surgical infection prevention,scip-vte-1,surgery patients whose doctors ordered treatments to prevent blood clots after certain types of surgeries,100%,3 patients,al_scip-vte-1
902,49141.847887951335,fayette medical center,1653 temple avenue north,empty,empty,fayette,al,35555,fayette,2059325966,acute care hospitals,voluntary non-profit - other,yes,surgical infection prevention,,patients who got treatment  at the right time (within 24 hours before or after their surgery) to help prevent blood clots after certain types of surgery,100%,3 patients,al_scip-vte-2
903,10046,riverview regional medical center,600 south third street,empty,empty,gadsden,al,35901,etowah,2565435200,acute care hospitals,proprietary,yes,children s asthma care,,children who received reliever medication while hospitalized for asthma,100%,4 patients,al_cac-1
904,10046,riverview regional medical center,600 south third street,empty,empty,gadsden,al,35901,etowah,2565435200,acute care hospitals,proprietary,yes,children s asthma care,cac-??2,children who received systemic corticosteroid medication (oral and iv medication that reduces inflammation and controls symptoms) while hospitalized for asthma,empty,4 patients,
905,10046,riverview regional medical center,600 south third street,empty,empty,gadsden,al,35901,etowah,2565435200,acute care hospitals,proprietary,yes,children s asthma care,cac-%3??,children and their caregivers who received a home management plan of care document while hospitalized for asthma,100%,4 patients,al_cac-3
906,44920.93613007629,riverview regional me@@dical center,600 south third street,empty,empty,gadsden,al,35901,etowah,2565435200,acute care hospitals,proprietary,yes,heart attack,ami-1,heart attack patients given aspirin at arrival,100%,126 patients,al_ami-1
907,10046,riverview regional medical center,600 south third street,empty,empty,gadsden,al,35901,etowah,2565435200,acute care hospitals,proprietary,yes,heart attack,ami-2,heart attack patients given aspirin at discharge,100$%,145 patients,al_ami-2
908,10046,riverview regional medical center,600 south third street,empty,empty,gadsden,al,35901,etowah,2565435200,acute care hospitals,proprietary,yes,heart attack,ami-3,heart attack patients given ace inhibitor or arb for left ventricular systolic dysfunction (lvsd),100%,25 patients,al_ami-3
909,10046,riverview regional medical center,600 south third street,empty,empty,gadsden,al,35901,etowah,2565435200,acute care hospitals,proprietary,yes,,ami-4#$,heart attack patients given smoking cessation advice/counseling,100%,empty,al_ami-4
910,10046,riverview regional medical center,600 south third street,empty,empty,gadsden,al,35901,etowah,2565435200,acute care hospitals,proprietary,yes,heart attack,ami-5,heart attack patients given beta blocker at discharge,100%,125 patients,al_ami-5
911,10046,riverview regional medical center,600 south third street,empty,empty,gadsden,al,35901,etowah,2565435200,acute care hospitals,proprietary,yes,heart attack,ami-7a,heart attack patients given fibrinolytic medication within 30 minutes of arrival,empty,8 patients,al_ami-7a
912,31008.08712353759,riverview regional medical center,600 south third street,emp%ty,empty,gadsden,al,35901,etowah,2565435200,acute care hospitals,proprietary,yes,heart attack,ami-8a,heart attack patients given pci within 90 minutes of arrival,#100@@%,16 patients,al_ami-8a
913,10046,riverview regional medical center,600 south third street,empty,emp$ty$,gadsden,al,35901,etowah,2565435200,acute care hospitals,proprietary,yes,heart failure,hf-1,heart failure patients given discharge instructions,100%,268 patients,al_hf-1
914,,riverview regional medical center,600 south third street,empty,empty,gadsden,al,35901,etowah,2565435200,acute care hospitals,proprietary,yes,heart failure,h@@f-$2,heart failure patients given an evaluation of left ventricular systolic (lvs) $function,100%,350 patients,al_hf-2
915,,riverview regional medical center,600 south third street,empty,empty,gadsden,al,35901,etowah,2565435200,acute care hospitals,proprietary,yes,heart failure,,heart failure patients given ace inhibitor or arb for left ventricular systolic dysfunction (lvsd),100%??,??90 ??patients,
916,10046,riverview regional medical center,600 south third street,empty,empty,gadsden,al,35901,etowah,2565435200,acute care hospitals,proprietary,yes,heart failure,hf-#4$,heart failure patients given smoking cessation advice/counseling,100%,85 patients,al_hf-4
917,10046,riverview regional medical center,600 south third street,empty,empty,gadsden,al,35901,etowah,2565435200,,proprietary,yes,pneumonia,pn-2%,pneumonia patients assessed and %gi%ven pneumococcal vaccination,empty,239 patients,al_pn-2
918,10046,riverview regional medical center,600 south third street,empty,empty,gadsden,al,35901,etowah,2565435200,acute care hospitals,proprietary,yes,,%@@pn-3b,pneumonia patients whose initial emergency room blood culture was performed prior to the administration of the first hospital dose of antibiotics,97%,196 patients,al_pn-3b
919,10046,riverview regional medical center,600 south third street,empty,empty,gadsden,al,35901,etowah,2565435200,acute care hospitals,proprietary,yes,pneumonia,pn-4,pneumonia patients given smoking cessation advice/counseling,#100%%,109 patients,al_pn-4
920,10046,riverview regional medical center,600 south third street,??e%mpty,empty,gadsden,al,35901,etowah,2565435200,acute care hospitals,proprietary,yes,pneumonia,,,87%,261 patients,al_pn-5c
921,10046,riverview regional medical center,600 south third street,empty,empty,gadsden,al,35901,etowah,2565435200,acute care hospitals,proprietary,yes,pneumonia,pn-6,pneumonia patients given the most appropriate initial antibiotic(s),76%,212 patients,al_pn-6
922,10046,riverview regional medical center,600 south third street,empty,empty,gadsden,al,35901,etowah,2565435200,acute care hospitals,proprietary,yes,pneumonia,pn-7,pneumonia patients assessed and given influenza vaccination,99%,178 patients,al_pn-7
923,37173.08342039259,,600 south third street,empty,empty,gadsden,al,,etowah,2565435200,acute care hospitals,proprietary,yes,surgical infection prevention,scip-card-2,surgery patients who were taking heart drugs called beta blockers before coming to the hospital who were kept on the beta blockers during the period just before and after their surgery,empty,107 patients,al_scip-card-2
924,42921.52234005512,riverview regional medical center,600 south third street,empty,empty,gadsden,al,35901,etowah,2565435200,acute care hospitals,proprietary,yes,surgical infection prevention,$sc??ip-inf-1,surgery patients who were given an antibiotic at the right time (within one hour before surgery) to help prevent infection,95%,402 patients,al_scip-inf-1
925,10046,riverview regional medical center,600 south third street,empty,empty$,gadsden,al,35901,etowah,2565435200,acute care hospitals,proprietary,yes,surgical infection prevention,scip-inf-2,surgery patients who were given the  right kind  of antibiotic to help prevent infection,95%,404 patients,al_scip-inf-2
926,10046,riverview regional medical center,600 south third street,empty,empty,gadsden,al,35901,etowah,2565435200,acute care hospitals,proprietary,yes,,,,79%,352 patients,al_scip-inf-3
927,10046,riverview regional medical center,600 south third street,empty,empty,gadsden,al,35901,etowah,2565435200,acute care hospitals,proprietary,yes,surgical infection prevention,scip-inf-4,all heart surgery patients whose blood sugar (blood glucose) is kept under good control in the days right after surgery,76%,114 patients,al_scip-inf-4
928,55984.947191620595,riverview regional medical center,600 south third street,empty,em#pty,gadsden,al,35901,etowah,2565435200,acute care hospitals,proprietary,yes,,scip$-inf-6,surgery patients needing hair removed from the surgical area before surgery who had hair removed using a safer method (electric clippers or hair removal cream c not a razor),empty,607 patients,al_scip-inf-6
929,59589.26810334395,riverview regional medical center,600 south third street,empty,em??pty,gadsden,al,35901,etowah,2565435200,acute care hospitals,proprietary,yes,surgical infection prevention,s#cip#-vte-1,surgery patients whose doctors ordered treatments to prevent blood clots after certain types of surgeries,#91%,280 patients,al_scip-vte-1
930,,riverview regional medical center,600 south third street,empt$y,empty,gadsden,al,35901,etowah,2565435200,acute care hospitals,proprietary,yes,surgical infection prevention,scip-vte-2,patients who got treatment  at the right time (within 24 hours before or after their surgery) to help prevent blood clots after certain types of surgery,84%,280 patients,al_scip-vte-2
931,10047,georgiana hospital,515 miranda st,empty,empty,georgiana,al,36033,butler,3343762205,acute care hospitals,voluntary non-profit - private,no,heart attack,ami-1,heart attack patients given aspirin at arrival,53%,19 patient#s,al_ami-1
932,,georgiana hosp$ital$,515 miranda st,%empty,empty,georgiana,a%l,139225.19325450205,butler,3343762205,acute care hospitals,voluntary non-profit - private,no,heart attack,ami-2,heart attack patients given aspirin at discharge,50%,16 @@patients$,al_ami-2
933,,georgiana hospital,515 miranda st,empty,empty,georgiana,al,36033,butler,3343762205,acute care hospitals,voluntary non-profit - private,no,heart attack,ami-3,heart attack patients given ace inhibitor or arb for left ventricular systolic dysfunction (lvsd),10??0$%,1 patien%#ts,al_ami-3
934,10047,georgiana hospital,515 miranda st,empty,e??mpty,georgiana,al,36033,butler,3343762205,acute care hospitals,voluntary non-profit - private,no,heart attack,ami-4,heart attack patients given smoking cessation advice/counseling,33%,6 patie@@nts,al_ami-4
935,10047,georgiana hospital,515 miranda st,empty,empty,georgiana,al,36033,butler,3343762205,acute care hospitals,voluntary non-profit - private,no,heart attack,ami-5,heart attack patients given beta blocker at discharge,60%,15 patients,al_ami-5
936,,georgiana hospital,515 miranda st,%empty,empty,georgiana,al,36033,butler,3343762205,acu%te care hospi??tals,voluntary non-profit - private,no,heart attack,,heart attack patients given fibrinolytic medication within 30 minutes of ??arrival,empty,0 patients,al_ami-7a
937,10047,georgiana hospital,515 miranda st,e%mpty%,empty,georgiana,al,36033,butler,3343762205,acute care hospitals,voluntary non-profit - private,no,heart attack,ami-8a,heart attack patients given pci within 90 minutes of arrival,empty,0 patients,al_ami-8a
938,,georgiana hospital,515 miranda st,empty,empty,georgiana,al,36033,butler,3343762205,acute care hospitals,voluntary non-profit - private,no,heart failure,hf-1,heart failure patients given discharge instructions,53%,51 patients,al_hf-1
939,,georgiana hospital,515 miranda st,empty,empty,georgiana,al,36033,butler,3343762205,acute care hospitals,voluntary non-profit - private,no,heart failure,hf-2,heart failure patients given an evaluation of left ventricular systolic (lvs) function,63%,59 patients,al_hf-2
940,10047,georgiana hospital,515 miranda st,empty,empty,georgiana,al,36033,butler,3343762205,acute care hospitals,voluntary non-profit - private,no,heart failure,hf-3,heart failure patients given ace inhibitor or arb for left ventricular systolic dysfunction (lvsd),67%,6 patients,al_hf-3
941,10047,georgiana hospital,515 miranda st,empty,empty,georgiana,al,36033,butler,3343762205,acute care hospitals,voluntary non-profit - private,no,heart failure,hf-4,heart failure patients given smoking cessation advice/counseling,75%,8 patients,al_hf-4
942,10047,georgiana hospital,515 miranda st,empty,empty,georgiana,al,36033,butler,3343762205,acute care hospitals,voluntary non-profit - private,no,pneumonia,pn-2,pneumonia patients assessed and given pneumococcal vaccination,90%,39 p#at#ients,al_pn-2
943,10047,georgiana hospital,515 miranda st,empty,empty,georgiana,al,36033,butler,3343762205,acute care hospitals,voluntary non-profit - private,no,pneumonia,pn-3b,pneumonia patients whose initial emergency room blood culture was performed prior to the administration of the first hospital dose of antibiotics,empty,2% patients,al_pn-3b
944,10047,georgiana hospital,515 miranda st,@@e%mpty,empty,georgiana,al,36033,butler,3343762205,acute care hospitals,voluntary non-profit - private,no,pneumonia,pn-4,pneumonia patients given smoking cessation advice/counseling,80%??,5 patients,al_pn-4
945,10047,georgiana hospital,515 miranda st,empty,empty,georgiana,al,36033,butler,3343762205,acute care hospitals,voluntary non-profit - private,no,pneumonia,$pn??-5c,pneumonia patients given initial antibiotic(s) within 6 hours after arrival,empty,36 patients,al_pn-5c
946,10047,georgiana hospital,515 miranda st,empty,empty,georgiana,al,36033,butler,3343762205,acute care hospitals,voluntary non-profit - private,no,pneumonia,pn-6,pneumonia patients given the most appropriate initial antibiotic(s),50%,30 patients,al_pn-6
947,10047,georgiana hospital,515 miranda st,empty,empty,georgiana,al,36033,butler,3343762205,acute care hospitals,voluntary non-profit - private,no,pneumonia,pn-7,pneumonia patients assessed and given influenza vaccination,65%,31 patients,al_pn-7
948,,,51$5 miranda st,e%@@mpty,empty,georgiana,al,36033,butler,3343762205,acute care hospitals,voluntary non-profit - private,no,surgical infection prevention,scip-card-2,surgery patients who were taking heart drugs called beta blockers before coming to the hospital who were kept on the beta blockers during the period just before and after their surgery,empty,empty,al_scip-card-2
949,,georgiana hospital,515 miranda st,empty,empty,georgiana,al,36033,butler,3343762205,acute care hospitals,voluntary non-profit - private,no,surgical infection prevention,scip-inf-1,surgery patients who were given an antibiotic at the right time (within one hour before surgery) to help prevent infection,empty,empty,al_scip-inf-1
950,,%georgiana hospital,,empty,empty,,al,211243.53843063393,butler,3343762205,,voluntary non-profit - private,n??%o,surgical infection preventi%on,scip-inf-2%,surgery patients who were given the  right kind  of antibiotic to help prevent infection,empty,empty,al_scip-inf-2
951,10047,georgiana hospital,515 miranda st,empty,empt#y,georgiana,al,36033,butler,3343762205,acute care hospitals,voluntary non-profit - private,no,,s??cip-inf-3,surgery patients?? whose preventive antibiotics were stopped at the right time (within 24 hours after surgery),empty,empty,al_scip-inf-3
952,10047,georgiana hospital,515 miranda st,empty,empty,georgiana,al,36033,butler,3343762205,acute care hospitals,voluntary non-profit - private,no,surgical infection prevention,scip-inf-4,all heart surgery patients whose blood sugar (blood glucose) is kept under good control in the days right after surgery,empty,empty,al_scip-inf-4
953,53229.24228690932,georgiana$ hos??pital,515 miranda st,empty,empty,georgiana,al,36033,butler,3343762205,acute care hospitals,,no,surgical infection prevention,scip-inf-6,surgery patients needing hair removed from the surgical area before surgery who had hair removed using a safer method (electric clippers or hair removal cream c not a razor),empty,empty,al_scip-inf-6
954,10047,georgiana hospital,515 miranda st,empty,empty,georgiana,al,36033,butler,3343762205,acute care hospitals,voluntary non-profit - private,no,surgical infection prevention,scip-vte-1,surgery patients whose doctors ordered treatments to prevent blood clots after certain types of surgeries,empty,empty,al_scip-vte-1
955,,,515 miranda st,empty,empty,georgian??a,al,36033,,3343762205,acute care hospitals,voluntary non-profit - private,no,surgical infection prevention,scip-vte-2,patients who got treatment  at the right time (within 24 hours before or after their surgery) to help prevent blood clots after certain types of surgery,empty,empty,al_scip-vte-2
956,10049,medical center enterprise,400 n edwards street,empty,em#??pty,enterprise,al,36330,coffee,3343470584,acute care hospitals,proprietary,yes,heart attack,ami-1,heart attack patients given aspirin at arrival,empty,4 patients,al_ami-1
957,10049,medical center enterprise,400 n edwards street,empty,%#empty,enterprise,al,36330,coffee,3343470584,acute care hospi$tals,proprietary,yes,,a$mi-2,heart at??tack patients given aspirin at dis??charge,100%,%1 p$atients,al$_am$i-2
958,10049,medical center enterprise,400 n edwards street,empty,empty,enterprise,al,36330,coffee,3343470584,acute care hospitals,proprietary,yes,heart attack,ami-3,heart attack patients given ace inhibitor or arb for left ventricular systolic dysfunction (lvsd),empty,0 patients,al_ami-3
959,10049,medical center enterprise,400 n edwards street,empty,empty,enterprise,al,36330,coffee,3343470584,acute care hospitals,proprietary,yes,heart attack,ami-4,heart attack patients given smoking cessation advice/counseling,empty,0 patients,al_ami-4
960,10049,medical center enterprise,400 n edwards street,empty,empty,enterprise,al,36330,coffee,3343470584,acute care hospitals,proprietary,yes,heart attack,ami-5,heart attack patients given beta blocker at discharge,empty,2 patient$#s,al_ami-5
961,10049,medical center enterprise,400 n edwards street,empty,empty,enterprise,al,36330,coffee,3343470584,,proprietary,yes,heart a@@ttac#k,a@@mi-7a%,heart attack patients given fibrinolytic medication within 30 minutes of arrival,empty,0 patients,al_ami-7a
962,10049,medical center enterprise,400 n edwards street,empty,e??mpty,enterprise,al,36330,coffee,3343470584,acute care hospitals,proprietary,yes,heart attack,ami-8a,heart attack patients given pci within 90 minutes of arrival,e@@mpty,0 patients,al_ami-8a
963,10049,medical center enterprise,400 n edwards street,empty,empty,enterprise,al,36330,coffee,3343470584,acute care hospitals,proprietary,yes,heart failure,hf-1,heart failure patients given discharge instructions,96%,70 patients,al_hf-1
964,10049,medical center enterprise,400 n edwards street,empty,empty,enterprise,al,36330,coffee,3343470584,acute care hospitals,proprietary,yes,heart failure,,heart failure patients given an evaluation of left ventricular systolic (lvs) function,empty,82 patients,al_hf-2
965,59313.4165860403,,400 n edwards street,%empty,empty,,al,,,3343470584,acute care hospitals,proprietary,,,h@@f-3@@,heart failure patients given ace inhibitor or arb for left ventricular systolic dysfunction (lvsd),100%,34 $patients,al_hf-3
966,40334.37661385552,medical center enterprise,400 n edwards street,empty,empty,enterprise,al,36330,coffee,3343470584,acute care hospitals,proprietary,yes,heart failure,hf-4,heart failure patients given smoking cessation advice/counseling,empty,15 patients,al_hf-4
967,10049,medical center enterprise,400 n edwards street,empty,empty,enterprise,al,36330,coffee,3343470584,acute care hospitals,proprietary,yes,p$neu??monia,,pneumonia patients assessed and given pneumococcal vaccination,100%,72 patients,al_pn-2
968,10049,medical center enterprise,400 n edwards street,@@empty,empty,enterprise,al,36330,coffee,3343470584,acute care hospitals,proprietary,yes,pneumonia,pn-3b,pneumonia patients whose initial emergency room blood culture was performed prior to the administration of the first hospital dose of antibiotics,98%,49 patients,al_pn-3b
969,10049,medical center enterprise,400 n edwards street,empty,empty,enterprise,al,36330,coffee,3343470584,acute care hospitals,proprietary,yes,pneumonia,,pneumonia patients given smoking cessation advice/counseling,100%,24 patients,al_pn-4
970,10049,medical center enterprise,400 n edwards street,empty,empty,enterprise,al,36330,coffee,3343470584,acute care hospitals,proprietary,yes,pneumonia,pn-5c,pneumonia patients given initial antibiotic(s) within 6 hours after arrival,99%,85 patients,al_pn-5c
971,10049,medical center enterprise,400 n edwards street,empty,empty,enterprise,al,36330,coffee,3343470584,acute care hospitals,proprietary,yes,pneumonia,pn-6,pneumonia patients given the most appropriate initial antibiotic(s),99%,67 patients,al_pn-6
972,10049,medical center enterprise,400 n edwards street,empty,empty,enterprise,al,36330,coffee,3343470584,acute care hospitals,proprietary,yes,pneumonia,pn-7,pneumonia patients assessed and given influenza vaccination,100%,37 patients,al_pn-7
973,54202.85172184218,medical center enterprise,400 n edwards street,empty,empty,enterprise,al,36330,coffee,3343470584,,proprietary,yes,surgical infection prevention,,surgery patients who were taking heart drugs called beta blockers %before coming to the hospital who were #kept on the beta blockers during the period just before and after their surgery,empty,27 patients,al_scip-card-2
974,10049,medical center enterprise,400 n edwards street,empty,empty,enterprise,al,36330,coffee,3343470584,acute care hospitals,proprietary,yes,surgical infection prevention,scip-inf-1,surgery patients who were given an antibiotic at the right time (within one hour before surgery) to help prevent infection,99%,397 patients,al_scip-inf-1
975,10049,medical center enterprise,400 n edwards street,empty,empty,enterprise,al,36330,coffee,3343470584,acute care hospitals,proprietary,yes,surgical infection prevention,scip-inf-2,surgery patients who were given the  right kind  of antibiotic to help prevent infection,empty,399 patients,al_scip-inf-2
976,48146.84847426483,medical center enterprise,400 n edwards street,empty,empty,enterprise,al,36330,coffee,3343470584,acute care hospitals,proprietary,yes,surgical infection prevention,scip-inf-3,surgery patients whose preventive antibiotics were stopped at the right time (within 24 hours after surgery),100%,391 patients,al_scip-inf-3
977,,medical center enterprise,400 n edwards street,empty,empty,enterprise,al,36330,coffee,3343470584,acute care hospitals,proprietary,yes,surgical infection prevention,scip-inf-4,all heart surgery patients whose blood sugar (blood glucose) is kept under good control in the days right after surgery,empty,0 patients,al_scip-inf-4
978,10049,medical center enterprise,400 n edwards street,empty,empty,enterprise,al,36330,coffee,3343470584,acute care hospitals,proprietary,yes,surgical infection prevention,scip-inf-6,surgery patients needing hair removed from the surgical area before surgery who had hair removed using a safer method (electric clippers or hair removal cream c not a razor),100%,485 patients,al_scip-inf-6
979,10049,medical center enterprise,400 n edwards street,empty,empty,enterprise,al,36330,coffee,3343470584,acute care hospitals,proprietary,yes,surgical infection prevention,scip-vte-1,surgery patients whose doctors ordered treatments to prevent blood clots after certain types of surgeries,100%,196 patients,al_scip-vte-1
980,10049,medical center enterprise,400 n edwards street,empty,empty,enterprise,al,36330,coffee,3343470584,acute care hospitals,proprietary,yes,surgical infection prevention,scip-vte-2,patients who got treatment  at the right time (within 24 hours before or after their surgery) to help prevent blood clots after certain types of surgery,100%,196 patients,al_scip-vte-2
981,10050,st vincents blount,150 gilbreath drive,empty$@@,empty,oneonta,al,35121,blount,2052743000,acute care hospitals,voluntary non-profit - private,yes,heart attack,ami-1,heart attack patients given aspirin at arrival,100%,7 patients,al_ami-1
982,10050,st vincents blount,150 gilbreath drive,empty,empty,oneonta,al,35121,blount,2052743000,acute care hospitals,voluntary non-profit - private,yes,heart attack,ami-2,heart attack patients given aspirin at discharge,empty,empty,al_ami-2
983,10050,st vincents blount,150 gilbreath drive,empty,empty,oneonta,al,35121,blount,2052743000,acute care hospitals,voluntary non-profit - private,yes,heart attack,ami-3,heart attack patients given ace inhibitor or arb for left ventricular systolic dysfunction (lvsd),100%,2 patients,al_ami-3
984,50262.39680527215,,150 gilbreath drive,@@empty#,empty,oneonta,al@@,35121,blount,2052743000,acute care hospitals,,yes,heart attack,ami-4,heart attack patients given smoking cessation advice/counseling,empty,0 patients,al_ami-4
985,10050,st vincents blount,150 gilbreath drive,empty,empty,oneonta,al,35121,blount,2052743000,acute care hospitals,voluntary non-profit - private,yes,heart attack,ami-5,heart attack patients given beta blocker at discharge,??100%??,3 patients,al_ami-5
986,10050,st vincents blount,150 gilbreath drive,empty,empty,oneonta,al,35121,blount,2052743000,acute care hospitals,voluntary non-profit - private,yes,heart attack,,heart attack patients given fibrinolytic medication within 30 minutes of arrival,empty,0 patients,al_ami-7a
987,10050,st vincents blount,150 gilbreath drive,empty,empty,oneonta,al,35121,blount,2052743000,acute care hospitals,voluntary non-profit - private,yes,heart attack,ami-8a,heart attack patients given pci within 90 minutes of arrival,$empty,0 patients,al_ami-8a
988,10050,st vincents blount,150 gilbreath drive,empty,empty,oneonta,al,35121,blount,2052743000,acute care hospitals,voluntary non-profit - private,yes,heart failure,hf-1,heart failure patients given discharge instructions,50%,24 patients,al_hf-1
989,10050,st vincents blount,150 gilbreath drive,empty,empty,oneonta,al,35121,blount,2052743000,acute care hospitals,voluntary non-profit - private,yes,heart failure,hf-2,heart failure patients given an evaluation of left ventricular systolic (lvs) function,85%,34 patients,al_hf-2
990,10050,st vincents blount,150 gilbreath drive,empty,empty#,oneonta,al,35121,blount,2052743000,acute care hospitals,voluntary non-profit - private,yes,heart failure,hf-3,heart failure patients given ace inhibitor or arb for left ventricular systolic dysfunction (lvsd),100%,7 patients,al_hf-3
991,,st vincents blount,150 gilbreath drive,empty,empty,oneonta,al,35121,blount,2052743000,acute care hospitals,voluntary non-profit - private,yes,heart failure,,heart failure patients given smoking cessation advice/counseling,empty,7 patients,al_hf-4
992,,st vincents blount,150 gilbreath drive,empty,empty,oneonta,al,35121,blount,2052743000,acute care hospitals,voluntary non-profit - private,yes,,,pneumonia patients assessed and given pneumococcal vaccination,74%,92 pa@@tients,al_pn-2
993,56821.58404019894,,150 gilbreath drive,empty,empty,oneonta,a@@@@l,35121,blount,,acute care hospitals,vol%untary non-pro$fit - private,yes,pneumonia,pn-3b,pneumonia patients whose initial emergency room blood culture was performed prior to the administration of the first hospital dose of antibiotics,83%,103 patients,al_pn-3b
994,10050,st vincents blount,150 gilbreath drive,empty,empty,oneonta,al,35121,blount,2052743000,acute care hospitals,voluntary non-profit - private,yes,pneumonia,??pn-4,pneumonia patients given smoking cessation advice/counseling,83%,2#9 #patients,al_%pn-4
995,10050,st vincents blount,150 gilbreath drive,empty,empty,oneonta,al,35121,blount,2052743000,acute care hospitals,voluntary non-profit - private,yes,pneumonia,pn-5c,pneumonia patients given initial antibiotic(s) within 6 hours after arrival,98%,empty,al_pn-5c
996,10050,st vincents blount,150 gilbreath drive,empty,empty,oneonta,al,35121,blount,2052743000,acute care hospitals,voluntary non-profit - private,yes,pneumonia,pn-6,pneumonia patients given the most appropriate initial antibiotic(s),77%,7%4 patients,al_pn-6
997,36384.7680585747,st vincents blount,150 gilbreath drive,empty,emp$ty@@,oneonta,al,35121,blount,2052743000,acute care hospitals,voluntary non-profit - private,yes,pneumonia,,pne@@umonia patients assess$ed and given influenza vaccination,empty,55 patients,al@@#_pn-7
998,10050,st vincents blount,150 gilbreath drive,empty,emp%ty%,oneonta,al,35121,blount,2052743000,acute care hospitals,voluntary non-profit - private,yes,surgical infection prevention,scip-card-2,surgery patients who were taking heart drugs called beta blockers before coming to the hospital who were kept on the beta blockers during the period just before and after their surgery,25%,8 patients,al_scip-card-2
999,10050,st vincents blount,150 gilbreath drive,empty,empty,oneonta,al,35121,blount,2052743000,acute care hospitals,voluntary non-profit - private,yes,surgical infection prevention,scip-inf-1,surgery patients who were given an antibiotic at the right time (within one hour before surgery) to help prevent infection,64%,28 patients,al_scip-inf-1
1000,,st vincents blount,150 gilbreath drive,empty,empty,oneonta,al,35121,blount,2052743000,acute care hospitals,voluntary non-profit - private,yes,surgical infection prevention,scip-inf-2,surgery patients who were given the  right kind  of antibiotic to help prevent infection,8%8%,25 patients,al_scip-inf-2
