ID,id,beer_name,style,ounces,abv,ibu,brewery_id,brewery_name,city,state
1,1436,Pub Beer,nan,12,0.05,nan,408,,,nan
2,2265,Devil's Cup,American Pale Ale (APA),nan,0.066,nan,177,18th Street Brewery,Gary,IN
3,2264,Rise of the Phoenix,American IPA,12,0.071,nan,177,18th Street Brewery,Gary,IN
4,2263,Sinister,American Double / Imperial IPA,12,0.09,nan,177,18th Street Brewery,Gary,IN
5,2262,Sex and Candy,American IPA,12,0.075,nan,177,18th Street Brewery,Gary,IN
6,2261,Black Exodus,Oatmeal Stout,12,0.077,nan,,,Gary,IN
7,2260,Lake Street Express,American Pale Ale (APA),12,0.045,nan,177,18th Street Brewery,Gary,IN
8,,Foreman,American Porter,12,nan,nan,177,18th Street Brewery,Gary,IN
9,2258,Jade,American Pale Ale (APA),12,nan,nan,177,18th Street Brewery,Gary,IN
10,2131,Cone Crusher,nan,12,0.086,nan,177,18th Street Brewery,Gary,IN
11,,Sophomoric Saison,nan,12,0.072,nan,177,18th Street Brewery,Gary,IN
12,,Regional Ring Of Fire,Saison / Farmhouse Ale,12,0.073,nan,177,18th Street Brewery,Gary,IN
13,2097,Garce Selé,Saison / Farmhouse Ale,12,0.069,nan,177,18th Street Brewery,Gary,IN
14,1980,Troll Destroyer,Belgian IPA,12,0.085,nan,177,18th Street Brewery,Gary,IN
15,1979,,American Pale Ale (APA),12,nan,60,177,18th Street Brewery,Gary,IN
16,2318,Ginja Ninja,Cider,12,0.06,nan,154,2 Towns Ciderhouse,Corvallis,OR
17,2170,Cherried Away,Cider,12,0.06,nan,154,2 Towns Ciderhouse,Corvallis,OR
18,2169,Rhubarbarian,nan,12,0.06,nan,154,2 Towns Ciderhouse,Corvallis,OR
19,1502,BrightCider,nan,12,0.06,nan,154,2 Towns Ciderhouse,Corvallis,OR
20,1593,He Said Baltic-Style Porter,Baltic Porter,12,0.082,nan,368,21st Amendment Brewery,San Francisco,CA
21,1592,He Said Belgian-Style Tripel,Tripel,12,0.082,nan,368,21st Amendment Brewery,San Francisco,CA
22,1036,Lower De Boom,American Barleywine,8.4,0.099,92,368,21st Amendment Brewery,San Francisco,CA
23,1024,,nan,12,0.079,45,368,21st Amendment Brewery,San Francisco,CA
24,976,,American Stout,12,0.079,nan,368,21st Amendment Brewery,San Francisco,CA
25,876,,American Pale Ale (APA),12,0.044,42,368,21st Amendment Brewery,San Francisco,CA
26,802,Hell or High Watermelon Wheat (2009),Fruit / Vegetable Beer,12,0.049,17,368,21st Amendment Brewery,San Francisco,CA
27,801,Hell or High Watermelon Wheat (2009),Fruit / Vegetable Beer,12,0.049,17,368,21st Amendment Brewery,San Francisco,CA
28,800,,Fruit / Vegetable Beer,12,nan,17,368,21st Amendment Brewery,San Francisco,CA
29,799,21st Amendment IPA (2006),American IPA,12,0.07,70,368,21st Amendment Brewery,San Francisco,CA
30,797,Brew Free! or Die IPA (2008),American IPA,12,0.07,70,368,21st Amendment Brewery,San Francisco,CA
31,796,Brew Free! or Die IPA (2009),nan,12,0.07,70,368,21st Amendment Brewery,San Francisco,CA
32,531,Special Edition: Allies Win The War!,English Strong Ale,12,0.085,52,,21st Amendment Brewery,San Francisco,CA
33,432,Hop Crisis,nan,nan,0.097,94,,21st Amendment Brewery,San Francisco,CA
34,353,Bitter American (2011),nan,12,0.044,nan,368,21st Amendment Brewery,San Francisco,CA
35,321,Fireside Chat (2010),Winter Warmer,12,0.079,45,368,21st Amendment Brewery,San Francisco,CA
36,173,,American Black Ale,12,0.068,65,368,21st Amendment Brewery,San Francisco,CA
37,,Monk's Blood,Belgian Dark Ale,12,0.083,nan,368,21st Amendment Brewery,San Francisco,CA
38,10,,American IPA,12,0.07,65,368,21st Amendment Brewery,San Francisco,CA
39,9,Hell or High Watermelon Wheat,Fruit / Vegetable Beer,12,0.049,17,368,21st Amendment Brewery,San Francisco,CA
40,2519,Bimini Twist,American IPA,12,0.07,82,67,3 Daughters Brewing,St Petersburg,FL
41,2518,,American Blonde Ale,nan,0.05,nan,67,3 Daughters Brewing,St Petersburg,FL
42,2517,Rod Bender Red,American Amber / Red Ale,nan,0.059,nan,67,3 Daughters Brewing,St Petersburg,FL
43,2545,Passion Fruit Prussia,Berliner Weissbier,12,0.035,11,60,4 Hands Brewing Company,Saint Louis,MO
44,2544,Send Help,American Blonde Ale,12,nan,nan,60,4 Hands Brewing Company,Saint Louis,MO
45,2324,,American Brown Ale,12,0.055,nan,60,4 Hands Brewing Company,Saint Louis,MO
46,2288,Reprise Centennial Red,American Amber / Red Ale,12,0.06,nan,60,4 Hands Brewing Company,Saint Louis,MO
47,2287,Alter Ego,American Black Ale,12,0.055,nan,60,4 Hands Brewing Company,Saint Louis,MO
48,2286,Divided Sky,American IPA,12,nan,nan,60,4 Hands Brewing Company,Saint Louis,MO
49,2285,Resurrected,American IPA,12,0.065,nan,,4 Hands Brewing Company,Saint Louis,MO
50,1870,Contact High,American Pale Wheat Ale,12,nan,28,60,4 Hands Brewing Company,Saint Louis,MO
51,2603,Galaxyfest,American IPA,16,0.065,nan,27,450 North Brewing Company,Columbus,IN
52,2602,Citrafest,nan,16,0.05,45,,450 North Brewing Company,Columbus,IN
53,,Barn Yeti,Belgian Strong Dark Ale,16,nan,nan,27,450 North Brewing Company,Columbus,IN
54,,Scarecrow,American IPA,16,0.069,65,27,450 North Brewing Company,Columbus,IN
55,2218,Ironman,English Strong Ale,16,0.09,50,27,450 North Brewing Company,Columbus,IN
56,2217,Honey Kolsch,Kölsch,16,0.046,15,,450 North Brewing Company,,IN
57,2216,Copperhead Amber,Belgian Dark Ale,16,0.052,18,27,450 North Brewing Company,Columbus,IN
58,972,Rude Parrot IPA,American IPA,nan,0.059,75,481,7 Seas Brewing Company,Gig Harbor,WA
59,866,,English Pale Ale,nan,0.054,30,481,7 Seas Brewing Company,Gig Harbor,WA
60,48,British Pale Ale,English Pale Ale,16,0.054,30,481,7 Seas Brewing Company,Gig Harbor,WA
61,47,Ballz Deep Double IPA,American Double / Imperial IPA,16,0.084,82,481,7 Seas Brewing Company,Gig Harbor,WA
62,,Wolfman's Berliner,Berliner Weissbier,12,0.038,nan,373,7venth Sun,Dunedin,FL
63,1165,,American Amber / Red Lager,nan,0.055,26,462,AC Golden Brewing Company,Golden,CO
64,431,Colorado Native (2011),nan,12,0.055,26,462,AC Golden Brewing Company,Golden,CO
65,516,Jockamo IPA,nan,nan,0.065,52,533,Abita Brewing Company,Abita Springs,LA
66,515,Purple Haze,nan,nan,0.042,13,533,Abita Brewing Company,Abita Springs,LA
67,514,Abita Amber,American Amber / Red Lager,12,0.045,17,,Abita Brewing Company,Abita Springs,LA
68,,Citra Ass Down,American IPA,16,0.082,nan,62,Against The Grain Brewery,Louisville,KY
69,2539,The Brown Note,American Brown Ale,16,nan,nan,62,Against The Grain Brewery,Louisville,KY
70,2686,Citra Ass Down,American Double / Imperial IPA,16,0.08,68,1,Against the Grain Brewery,Louisville,KY
71,2685,London Balling,English Barleywine,16,0.125,80,1,Against the Grain Brewery,Louisville,KY
72,,35 K,nan,16,0.077,25,1,Against the Grain Brewery,Louisville,KY
73,2683,A Beer,American Pale Ale (APA),16,0.042,42,1,Against the Grain Brewery,Louisville,KY
74,2682,Rules are Rules,German Pilsener,16,0.05,25,,Against the Grain Brewery,Louisville,KY
75,2681,Flesh Gourd'n,Pumpkin Ale,16,0.066,21,1,Against the Grain Brewery,Louisville,KY
76,2680,Sho'nuff,Belgian Pale Ale,16,0.04,13,1,Against the Grain Brewery,Louisville,KY
77,2679,Bloody Show,American Pilsner,16,0.055,nan,1,Against the Grain Brewery,Louisville,KY
78,2678,Rico Sauvin,American Double / Imperial IPA,16,0.076,68,1,Against the Grain Brewery,Louisville,KY
79,2677,Coq de la Marche,Saison / Farmhouse Ale,16,0.051,nan,1,Against the Grain Brewery,Louisville,KY
80,2676,Kamen Knuddeln,American Wild Ale,16,0.065,nan,1,Against the Grain Brewery,Louisville,KY
81,2675,Pile of Face,American IPA,16,0.06,nan,1,Against the Grain Brewery,Louisville,KY
82,2674,The Brown Note,English Brown Ale,16,0.05,20,1,Against the Grain Brewery,Louisville,KY
83,1594,,American Stout,nan,0.053,nan,367,Airways Brewing Company,Kent,WA
84,1162,Oatmeal PSA,American Pale Ale (APA),16,nan,35,,Airways Brewing Company,Kent,nan
85,1137,Pre Flight Pilsner,nan,nan,nan,33,367,Airways Brewing Company,Kent,WA
86,2403,,American Pilsner,12,0.04,20,117,Alameda Brewing,Portland,OR
87,2402,Klickitat Pale Ale,American Pale Ale (APA),12,0.053,36,117,Alameda Brewing,Portland,OR
88,2401,Yellow Wolf Imperial IPA,American Double / Imperial IPA,12,nan,103,,Alameda Brewing,Portland,OR
89,1921,Freeride APA,American Pale Ale (APA),nan,0.053,40,270,Alaskan Brewing Company,Juneau,AK
90,1920,Alaskan Amber,Altbier,12,0.053,18,270,Alaskan Brewing Company,Juneau,AK
91,2501,,American Pale Ale (APA),12,0.057,nan,73,Ale Asylum,,WI
92,1535,Kentucky Kölsch,Kölsch,16,0.043,nan,388,Alltech's Lexington Brewing Company,Lexington,KY
93,1149,Kentucky IPA,American IPA,16,0.065,nan,388,Alltech's Lexington Brewing Company,Lexington,KY
94,1474,Dusty Trail Pale Ale,American Pale Ale (APA),16,nan,nan,401,Amnesia Brewing Company,Washougal,WA
95,1473,Damnesia,American IPA,16,0.062,nan,401,Amnesia Brewing Company,Washougal,WA
96,837,Desolation IPA,American IPA,16,0.062,43,,Amnesia Brewing Company,Washougal,nan
97,2592,Liberty Ale,American IPA,12,0.059,nan,35,Anchor Brewing Company,San Francisco,CA
98,2578,IPA,American IPA,12,nan,nan,35,Anchor Brewing Company,San Francisco,CA
99,2577,Summer Wheat,American Pale Wheat Ale,12,0.045,nan,35,Anchor Brewing Company,San Francisco,CA
100,2103,,American Amber / Red Lager,12,0.049,nan,35,Anchor Brewing Company,San Francisco,CA
101,2102,Brotherhood Steam,California Common / Steam Beer,12,0.056,nan,35,Anchor Brewing Company,San Francisco,CA
102,2291,Blood Orange Gose,Gose,12,0.042,nan,171,Anderson Valley Brewing Company,Boonville,CA
103,,Keebarlin' Pale Ale,American Pale Ale (APA),12,0.042,nan,171,Anderson Valley Brewing Company,Boonville,CA
104,1738,the Kimmie the Yink and the Holy Gose,Gose,12,0.048,nan,171,Anderson Valley Brewing Company,Boonville,CA
105,1563,Fall Hornin',Pumpkin Ale,12,0.06,nan,,Anderson Valley Brewing Company,Boonville,CA
106,1520,,Oatmeal Stout,12,nan,13,171,Anderson Valley Brewing Company,Boonville,CA
107,1350,Summer Solstice,Cream Ale,nan,0.056,4,171,Anderson Valley Brewing Company,Boonville,CA
108,1327,Hop Ottin' IPA,nan,nan,nan,nan,171,Anderson Valley Brewing Company,Boonville,CA
109,1326,Boont Amber Ale,American Amber / Red Ale,12,0.058,15,171,Anderson Valley Brewing Company,Boonville,CA
110,1221,Barney Flats Oatmeal Stout,Oatmeal Stout,nan,0.057,13,171,Anderson Valley Brewing Company,Boonville,CA
111,1217,El Steinber Dark Lager,Vienna Lager,16,0.055,25,171,Anderson Valley Brewing Company,Boonville,CA
112,811,Boont Amber Ale (2010),American Amber / Red Ale,12,0.058,15,171,Anderson Valley Brewing Company,Boonville,CA
113,753,Summer Solstice Cerveza Crema (2009),nan,12,0.056,4,171,Anderson Valley Brewing Company,Boonville,CA
114,572,,Oatmeal Stout,12,0.057,13,171,Anderson Valley Brewing Company,Boonville,CA
115,523,,Winter Warmer,12,0.069,6,171,Anderson Valley Brewing Company,Boonville,CA
116,367,Hop Ottin' IPA (2011),American IPA,12,0.07,80,171,Anderson Valley Brewing Company,Boonville,CA
117,,Boont Amber Ale (2011),American Amber / Red Ale,12,0.058,15,171,Anderson Valley Brewing Company,Boonville,CA
118,77,Summer Solstice (2011),Cream Ale,12,0.056,4,171,Anderson Valley Brewing Company,Boonville,CA
119,76,,American Pale Ale (APA),nan,0.055,28,,,Boonville,nan
120,2337,Charlie's Rye IPA,American IPA,16,0.06,nan,146,Angry Minnow,Hayward,nan
121,410,River Pig Pale Ale,nan,16,0.054,nan,542,Angry Minnow Brewing Company,Hayward,WI
122,409,Oaky's Oatmeal Stout,Oatmeal Stout,16,nan,nan,542,Angry Minnow Brewing Company,Hayward,WI
123,1294,,Cider,16,0.05,nan,434,Angry Orchard Cider Company,Cincinnati,OH
124,1293,Angry Orchard Crisp Apple,Cider,16,0.05,nan,434,Angry Orchard Cider Company,Cincinnati,OH
125,1292,Angry Orchard Crisp Apple,Cider,12,0.05,nan,434,Angry Orchard Cider Company,Cincinnati,OH
126,2207,Golden One,nan,12,nan,nan,193,Anthem Brewing Company,Oklahoma City,OK
127,2040,Arjuna,Witbier,12,0.06,nan,193,Anthem Brewing Company,Oklahoma City,OK
128,2039,Uroboros,American Stout,12,0.085,nan,193,Anthem Brewing Company,Oklahoma City,OK
129,2511,Long Leaf,American IPA,16,0.071,75,69,Appalachian Mountain Brewery,Boone,NC
130,2510,Honey Badger Blonde,American Blonde Ale,16,0.047,19,69,Appalachian Mountain Brewery,Boone,NC
131,2509,Porter (a/k/a Black Gold Porter),nan,16,0.06,23,,Appalachian Mountain Brewery,,NC
132,413,Sky High Rye,nan,12,0.06,55,541,Arcadia Brewing Company,Battle Creek,MI
133,390,,American Pale Wheat Ale,12,0.062,17,541,Arcadia Brewing Company,Battle Creek,MI
134,735,On-On Ale (2008),American Pale Ale (APA),nan,0.052,nan,513,,Colorado Springs,CO
135,1333,Quakertown Stout,nan,12,0.092,50,426,Armadillo Ale Works,Denton,TX
136,1332,Greenbelt Farmhouse Ale,Saison / Farmhouse Ale,12,0.051,20,426,Armadillo Ale Works,Denton,TX
137,1172,Mo's Gose,Gose,16,nan,10,461,Armstrong Brewing Company,South San Francisco,CA
138,,,American IPA,16,0.07,45,429,Asher Brewing Company,Boulder,CO
139,550,Rocket Girl,Kölsch,12,0.032,27,528,Asheville Brewing Company,Asheville,NC
140,429,Ninja Porter,American Porter,12,0.053,26,528,Asheville Brewing Company,Asheville,NC
141,428,Shiva IPA,American IPA,12,0.06,69,528,Asheville Brewing Company,Asheville,NC
142,,Aslan Kölsch,Kölsch,16,nan,nan,353,Aslan Brewing Company,Bellingham,WA
143,1639,Aslan IPA,American IPA,nan,0.077,nan,353,Aslan Brewing Company,Bellingham,WA
144,,Aslan Amber,American Amber / Red Ale,16,0.077,nan,353,Aslan Brewing Company,Bellingham,WA
145,597,This Season's Blonde,American Blonde Ale,12,0.056,27,523,Aspen Brewing Company,Aspen,CO
146,596,Independence Pass Ale,American IPA,12,0.07,nan,523,Aspen Brewing Company,Aspen,CO
147,,Trolley Stop Stout,American Stout,12,0.057,40,374,Astoria Brewing Company,Astoria,OR
148,980,Bitter Bitch Imperial IPA,American Double / Imperial IPA,12,0.082,138,374,Astoria Brewing Company,Astoria,OR
149,979,Poop Deck Porter,American Porter,12,0.062,35,374,Astoria Brewing Company,Astoria,OR
150,,Old Red Beard Amber Ale,American Amber / Red Ale,12,0.06,35,374,Astoria Brewing Company,Astoria,OR
151,2503,Hop A-Peel,nan,16,0.075,115,,Atwater Brewery,Detroit,MI
152,2502,Vanilla Java Porter,American Porter,16,0.055,nan,72,Atwater Brewery,Detroit,MI
153,2495,Michelada,Fruit / Vegetable Beer,16,0.052,nan,72,Atwater Brewery,Detroit,MI
154,534,Dirty Blonde Ale,American Blonde Ale,12,0.045,8,72,Atwater Brewery,Detroit,MI
155,528,,American IPA,12,0.05,62,72,Atwater Brewery,Detroit,MI
156,527,,Munich Helles Lager,12,0.05,12,,Atwater Brewery,Detroit,MI
157,1409,Heavy Machinery IPA Series #1: Heavy Fist,American Black Ale,16,0.07,nan,413,Austin Beerworks,Austin,TX
158,,Fire Eagle IPA,American IPA,12,0.062,nan,413,Austin Beerworks,Austin,TX
159,,Peacemaker,American Pale Ale (APA),12,0.051,nan,413,Austin Beerworks,Austin,TX
160,341,,German Pilsener,12,0.053,nan,413,Austin Beerworks,Austin,TX
161,,,Schwarzbier,12,0.052,nan,413,Austin Beerworks,Austin,TX
162,2589,Raja,American Double / Imperial IPA,12,0.08,nan,37,Avery Brewing Company,Boulder,CO
163,,Perzik Saison,nan,12,0.064,nan,37,Avery Brewing Company,Boulder,CO
164,146,Avery Joe’s Premium American Pilsner,German Pilsener,nan,0.047,42,37,Avery Brewing Company,Boulder,CO
165,108,,Witbier,12,0.056,10,37,Avery Brewing Company,Boulder,CO
166,107,Avery India Pale Ale,American IPA,12,0.063,69,,Avery Brewing Company,,CO
167,106,Ellie’s Brown Ale,American Brown Ale,12,nan,17,37,Avery Brewing Company,Boulder,CO
168,1620,,Pumpkin Ale,12,0.062,17,360,Aviator Brewing Company,Fuquay-Varina,NC
169,1579,OktoberBeast,Märzen / Oktoberfest,12,0.072,22,360,Aviator Brewing Company,Fuquay-Varina,NC
170,1228,Mad Beach,American Pale Wheat Ale,12,0.048,23,360,Aviator Brewing Company,Fuquay-Varina,NC
171,705,Hog Wild India Pale Ale,American IPA,nan,0.067,nan,360,Aviator Brewing Company,Fuquay-Varina,NC
172,,Devils Tramping Ground Tripel,Tripel,12,0.092,5,360,Aviator Brewing Company,Fuquay-Varina,NC
173,702,Hot Rod Red,American Amber / Red Ale,nan,nan,41,360,Aviator Brewing Company,Fuquay-Varina,NC
174,2058,,nan,12,0.086,nan,235,Back East Brewing Company,Bloomfield,CT
175,1483,Back East Porter,nan,12,0.06,nan,,Back East Brewing Company,Bloomfield,CT
176,1426,Back East Golden Ale,American Blonde Ale,12,0.049,nan,235,Back East Brewing Company,Bloomfield,CT
177,1132,Misty Mountain IPA,American IPA,12,0.07,nan,235,Back East Brewing Company,Bloomfield,CT
178,1131,Back East Ale,American Amber / Red Ale,12,0.05,nan,235,Back East Brewing Company,Bloomfield,CT
179,1876,Truck Stop Honey Brown Ale,English Brown Ale,nan,0.06,nan,286,Back Forty Beer Company,Gadsden,AL
180,1875,Naked Pig Pale Ale,American Pale Ale (APA),12,0.06,43,286,Back Forty Beer Company,Gadsden,AL
181,966,Topcutter India Pale Ale,American IPA,12,0.068,70,483,Bale Breaker Brewing Company,Yakima,nan
182,965,Field 41 Pale Ale,American Pale Ale (APA),12,0.044,38,483,Bale Breaker Brewing Company,Yakima,nan
183,2593,Grapefruit Sculpin,American IPA,12,0.07,nan,34,Ballast Point Brewing Company,San Diego,CA
184,2105,Even Keel,American IPA,12,0.038,40,34,Ballast Point Brewing Company,San Diego,CA
185,1401,Ballast Point Pale Ale,Kölsch,nan,0.052,23,,Ballast Point Brewing Company,San Diego,CA
186,1400,Big Eye India Pale Ale,American IPA,12,nan,75,34,Ballast Point Brewing Company,San Diego,CA
187,1019,Longfin Lager,Munich Helles Lager,12,nan,nan,,Ballast Point Brewing Company,,CA
188,1018,Sculpin IPA,American IPA,12,0.07,70,34,Ballast Point Brewing Company,San Diego,CA
189,1776,All Nighter Ale,Extra Special / Strong Bitter (ESB),12,0.045,nan,,Banner Beer Company,Williamsburg,nan
190,,,nan,12,0.045,20,318,Banner Beer Company,Williamsburg,MA
191,1643,Banner American Ale,American Amber / Red Ale,12,nan,45,318,Banner Beer Company,Williamsburg,MA
192,2618,Thai.p.a,American IPA,16,0.07,46,20,Bare Hands Brewery,Granger,IN
193,2005,Barrio Blanco,nan,12,0.06,60,251,Barrio Brewing Company,Tucson,AZ
194,1343,Barrio Tucson Blonde,American Blonde Ale,nan,0.045,nan,251,Barrio Brewing Company,Tucson,AZ
195,2404,Hop in the ‘Pool Helles,nan,12,0.049,22,116,Base Camp Brewing Co.,Portland,OR
196,2323,Ultra Gnar Gnar IPA,American IPA,12,0.067,60,116,Base Camp Brewing Co.,Portland,OR
197,2189,In-Tents India Pale Lager,nan,12,nan,62,116,Base Camp Brewing Co.,Portland,OR
198,2188,Lost Meridian Wit,Witbier,12,nan,20,,Base Camp Brewing Co.,Portland,OR
199,2187,,Euro Dark Lager,12,0.051,45,116,Base Camp Brewing Co.,Portland,OR
200,1966,Wagon Party,California Common / Steam Beer,nan,0.054,55,258,Bauhaus Brew Labs,Minneapolis,MN
201,1965,Sky-Five,American IPA,12,0.067,70,258,Bauhaus Brew Labs,Minneapolis,MN
202,1964,,Schwarzbier,12,nan,28,258,Bauhaus Brew Labs,Minneapolis,MN
203,1963,Wonderstuff,German Pilsener,nan,0.054,48,258,Bauhaus Brew Labs,Minneapolis,MN
204,1855,Tarnation California-Style Lager,nan,12,0.053,nan,292,Baxter Brewing Company,Lewiston,ME
205,1778,On the Count of 3 (2015),Hefeweizen,16,0.07,42,292,Baxter Brewing Company,Lewiston,ME
206,,Summer Swelter,nan,nan,0.047,nan,292,Baxter Brewing Company,Lewiston,ME
207,954,Phantom Punch Winter Stout,Foreign / Export Stout,12,0.068,nan,292,Baxter Brewing Company,Lewiston,ME
208,910,Hayride Autumn Ale,Rye Beer,12,0.066,nan,292,Baxter Brewing Company,Lewiston,ME
209,707,,American Pale Wheat Ale,nan,0.047,nan,292,Baxter Brewing Company,Lewiston,ME
210,,Amber Road,American Amber / Red Ale,12,nan,35,,Baxter Brewing Company,Lewiston,nan
211,183,Pamola Xtra Pale Ale,American Pale Ale (APA),12,nan,28,292,Baxter Brewing Company,Lewiston,ME
212,182,,American IPA,12,0.069,69,292,Baxter Brewing Company,Lewiston,ME
213,1806,Hoptopus Double IPA,American Double / Imperial IPA,16,0.088,108,306,Beach Brewing Company,Virginia Beach,VA
214,2435,Watermelon Ale,Fruit / Vegetable Beer,12,0.05,10,103,Beer Works Brewery,Lowell,MA
215,2423,Fenway American Pale Ale,American Pale Ale (APA),12,0.058,45,103,Beer Works Brewery,Lowell,MA
216,2420,Back Bay IPA,American IPA,12,0.068,85,,Beer Works Brewery,,MA
217,,Bunker Hill Blueberry Ale,Other,12,0.048,16,103,Beer Works Brewery,Lowell,MA
218,2494,Oberon,American Pale Wheat Ale,12,nan,nan,76,Bell's Brewery,Kalamazoo,MI
219,2325,Smitten,Rye Beer,16,0.06,nan,76,Bell's Brewery,Kalamazoo,MI
220,2022,Winter White,Witbier,16,0.05,nan,,Bell's Brewery,Kalamazoo,MI
221,1989,Oberon,American Pale Wheat Ale,16,0.058,nan,76,Bell's Brewery,Kalamazoo,MI
222,1988,Two Hearted,American IPA,nan,0.07,nan,,,Kalamazoo,MI
223,1955,Best Brown,nan,16,0.058,nan,76,Bell's Brewery,Kalamazoo,MI
224,2558,Moar,English India Pale Ale (IPA),12,0.044,44,53,Bent Brewstillery,Roseville,MN
225,2557,,American Double / Imperial IPA,16,0.083,nan,53,Bent Brewstillery,Roseville,MN
226,,,American Blonde Ale,12,0.057,27,53,Bent Brewstillery,Roseville,MN
227,,Cold Press,American Black Ale,nan,0.06,nan,75,Bent Paddle Brewing Company,Duluth,MN
228,2410,Harness the Winter,American IPA,12,0.072,87,75,Bent Paddle Brewing Company,Duluth,MN
229,1902,,Extra Special / Strong Bitter (ESB),12,0.056,32,,Bent Paddle Brewing Company,Duluth,MN
230,1901,,American IPA,12,nan,68,75,Bent Paddle Brewing Company,Duluth,MN
231,,Bent Paddle Black Ale,American Black Ale,12,0.06,nan,75,Bent Paddle Brewing Company,Duluth,MN
232,1253,Venture Pils,nan,12,0.05,38,75,Bent Paddle Brewing Company,Duluth,MN
233,1900,Lost Sailor IPA,English India Pale Ale (IPA),12,0.055,40,278,Berkshire Brewing Company,South Deerfield,MA
234,1317,Steel Rail Extra Pale Ale,American Pale Ale (APA),nan,0.053,20,278,Berkshire Brewing Company,South Deerfield,MA
235,1158,La Frontera Premium IPA,American IPA,12,0.078,nan,,Big Bend Brewing Company,Alpine,TX
236,1157,Tejas Lager,nan,12,0.047,nan,463,Big Bend Brewing Company,Alpine,TX
237,,Number 22 Porter,nan,12,nan,nan,463,Big Bend Brewing Company,Alpine,TX
238,1155,,Hefeweizen,12,0.056,nan,463,Big Bend Brewing Company,Alpine,TX
239,1154,Terlingua Gold,American Blonde Ale,12,0.06,nan,,,,nan
240,2104,Aprè Shred,American Strong Ale,16,0.081,17,220,Big Choice Brewing,Broomfield,CO
241,1762,Hemlock Double IPA,American Double / Imperial IPA,12,0.095,104,220,Big Choice Brewing,Broomfield,CO
242,1422,West Portal Colorado Common Summer Ale,California Common / Steam Beer,16,0.041,nan,220,Big Choice Brewing,Broomfield,CO
243,1067,,American Amber / Red Ale,16,0.067,85,220,Big Choice Brewing,Broomfield,CO
244,1003,Big Elm IPA,American IPA,12,0.07,nan,477,Big Elm Brewing,Sheffield,MA
245,1002,,American Stout,nan,0.065,nan,477,Big Elm Brewing,Sheffield,MA
246,1001,413 Farmhouse Ale,Saison / Farmhouse Ale,12,0.06,nan,477,Big Elm Brewing,Sheffield,MA
247,2639,,American Stout,16,nan,54,8,Big Lake Brewing,Holland,MI
248,2469,Ryecoe,American IPA,16,0.062,nan,8,Big Lake Brewing,Holland,MI
249,2586,Blueberry Blonde,Fruit / Vegetable Beer,12,0.06,nan,40,Big Muddy Brewing,Murphysboro,IL
250,2585,,American IPA,16,0.075,nan,40,Big Muddy Brewing,Murphysboro,IL
251,643,Big River Pilsner,Czech Pilsener,12,0.05,32,519,Big River Brewing Company,Chattanooga,TN
252,632,House Brand IPA,American IPA,12,nan,55,,Big River Brewing Company,Chattanooga,TN
253,1714,,American IPA,12,0.062,65,336,Big Sky Brewing Company,Missoula,MT
254,1713,Scape Goat Pale Ale,English Pale Ale,nan,0.05,40,336,Big Sky Brewing Company,Missoula,MT
255,1712,Montana Trout Slayer Ale,American Pale Wheat Ale,nan,nan,nan,336,Big Sky Brewing Company,Missoula,MT
256,,,American Brown Ale,12,0.051,26,336,Big Sky Brewing Company,Missoula,MT
257,1456,Powder Hound Winter Ale,English Strong Ale,nan,0.072,60,,Big Sky Brewing Company,Missoula,MT
258,767,Moose Drool Brown Ale (2011),American Brown Ale,12,0.051,26,336,Big Sky Brewing Company,Missoula,MT
259,766,Montana Trout Slayer Ale (2012),American Pale Wheat Ale,12,nan,35,336,Big Sky Brewing Company,Missoula,MT
260,,Big Sky IPA (2012),American IPA,12,0.062,65,336,Big Sky Brewing Company,Missoula,MT
261,168,Summer Honey,American Blonde Ale,12,nan,nan,336,Big Sky Brewing Company,Missoula,MT
262,159,Scape Goat Pale Ale (2010),English Pale Ale,12,nan,40,,,Missoula,MT
263,35,Montana Trout Slayer Ale (2009),American Pale Wheat Ale,12,0.05,35,336,Big Sky Brewing Company,Missoula,MT
264,34,Moose Drool Brown Ale (2009),American Brown Ale,12,0.051,26,336,Big Sky Brewing Company,Missoula,MT
265,2096,Arcus IPA,American IPA,12,nan,81,221,Big Storm Brewing Company,Odessa,FL
266,2095,Wavemaker,American Amber / Red Ale,12,nan,38,221,Big Storm Brewing Company,Odessa,FL
267,1257,Jack Pine Savage,American Pale Ale (APA),16,nan,43,444,Big Wood Brewery,Vadnais Heights,MN
268,1256,Forest Fire Imperial Smoked Rye,Rye Beer,16,0.099,85,444,Big Wood Brewery,Vadnais Heights,MN
269,1255,Bad Axe Imperial IPA,American Double / Imperial IPA,16,0.098,76,444,Big Wood Brewery,Vadnais Heights,MN
270,986,Morning Wood,Oatmeal Stout,16,0.055,35,444,Big Wood Brewery,Vadnais Heights,MN
271,,Bark Bite IPA,American IPA,nan,nan,50,444,Big Wood Brewery,Vadnais Heights,MN
272,,Jalapeno Pale Ale,American Pale Ale (APA),16,0.055,45,,,Charlotte,NC
273,1441,Blown Out Brown,nan,12,0.052,nan,407,Bitter Root Brewing,Hamilton,MT
274,1413,Single Hop Ale,American Pale Ale (APA),12,0.063,nan,407,Bitter Root Brewing,Hamilton,MT
275,1411,Sawtooth Ale,American Blonde Ale,12,0.054,nan,,Bitter Root Brewing,Hamilton,MT
276,2620,Saucy Intruder,Rye Beer,16,0.072,75,,Black Acre Brewing Co.,Indianapolis,nan
277,2412,Deception,American Blonde Ale,12,nan,16,112,Black Market Brewing Company,Temecula,CA
278,,Blackmarket Rye IPA,American IPA,12,0.075,35,112,Black Market Brewing Company,Temecula,CA
279,1897,Black Market Hefeweizen,nan,12,0.05,8,112,Black Market Brewing Company,Temecula,CA
280,,Aftermath Pale Ale,American Pale Ale (APA),12,0.058,44,112,Black Market Brewing Company,Temecula,CA
281,1850,American India Red Ale,American Strong Ale,12,0.071,83,294,Black Shirt Brewing Company,Denver,CO
282,1849,American Red Porter,American Porter,nan,0.071,45,294,Black Shirt Brewing Company,Denver,CO
283,1848,American Red Saison,Saison / Farmhouse Ale,12,0.078,34,294,Black Shirt Brewing Company,Denver,CO
284,1847,Colorado Red Ale,American Amber / Red Ale,nan,nan,44,294,Black Shirt Brewing Company,Denver,CO
285,2485,Saddle Bronc Brown Ale,American Brown Ale,12,0.048,16,79,Black Tooth Brewing Company,Sheridan,WY
286,2484,,American Amber / Red Ale,12,0.046,20,79,Black Tooth Brewing Company,Sheridan,WY
287,,Flying Sailor,Rye Beer,12,0.073,nan,95,Blackrocks Brewery,Marquette,MA
288,2634,,nan,12,0.048,47,12,Blackrocks Brewery,Marquette,MI
289,2153,North Third Stout,Foreign / Export Stout,nan,0.06,30,12,Blackrocks Brewery,Marquette,MI
290,1953,Honey Lav,American Pale Wheat Ale,12,0.052,nan,12,Blackrocks Brewery,Marquette,MI
291,1496,,American Brown Ale,12,0.068,nan,12,Blackrocks Brewery,Marquette,MI
292,1481,51K IPA,American IPA,12,0.07,51,12,Blackrocks Brewery,Marquette,MI
293,1480,Grand Rabbits,Cream Ale,12,0.055,nan,,,Marquette,MI
294,1564,1800 Big Log Wheat (2012),nan,12,0.05,nan,380,Blue Blood Brewing Company,Lincoln,NE
295,1541,Double Play Pilsner,American Pilsner,12,nan,nan,380,Blue Blood Brewing Company,Lincoln,NE
296,1321,Brewerhood Brown Ale,nan,12,0.055,nan,380,Blue Blood Brewing Company,Lincoln,NE
297,1320,Last Call Imperial Amber Ale,nan,12,0.08,nan,380,Blue Blood Brewing Company,Lincoln,NE
298,1319,Pernicious Double IPA,American Double / Imperial IPA,12,0.096,nan,,,,NE
299,1303,6-4-3 Double Play Pilsner,German Pilsener,12,0.052,nan,380,Blue Blood Brewing Company,Lincoln,NE
300,1025,N Street Drive-In 50th Anniversary IPA,American Double / Imperial IPA,12,nan,nan,380,Blue Blood Brewing Company,Lincoln,NE
301,1012,467 Ethan's Stout,American Stout,12,0.05,nan,,Blue Blood Brewing Company,Lincoln,NE
302,942,1335 Wicked Snout,Saison / Farmhouse Ale,12,0.064,nan,380,Blue Blood Brewing Company,Lincoln,NE
303,937,543 Skull Creek Fresh Hopped Pale Ale,American Pale Ale (APA),12,0.045,nan,380,Blue Blood Brewing Company,Lincoln,NE
304,888,1327 Pod's ESB,Extra Special / Strong Bitter (ESB),12,nan,37,380,Blue Blood Brewing Company,Lincoln,NE
305,886,1327 Pod's ESB,Extra Special / Strong Bitter (ESB),12,0.056,nan,380,Blue Blood Brewing Company,Lincoln,NE
306,612,1327 Pod's ESB,Extra Special / Strong Bitter (ESB),12,0.056,37,,Blue Blood Brewing Company,Lincoln,nan
307,611,,nan,12,0.046,35,380,Blue Blood Brewing Company,Lincoln,NE
308,1372,,Mead,12,0.059,nan,422,Blue Dog Mead,Eugene,OR
309,1371,Green Collar,nan,12,nan,nan,422,Blue Dog Mead,Eugene,OR
310,,Quarter Mile Double IPA,American Double / Imperial IPA,12,nan,80,304,Blue Hills Brewery,Canton,MA
311,1547,Full Nelson Pale Ale,American Pale Ale (APA),12,0.059,60,382,Blue Mountain Brewery,Afton,VA
312,1546,Steel Wheels ESB,Extra Special / Strong Bitter (ESB),12,0.065,30,382,Blue Mountain Brewery,Afton,VA
313,1545,,nan,12,0.053,22,382,Blue Mountain Brewery,Afton,VA
314,119,,American Pale Ale (APA),12,0.059,60,382,Blue Mountain Brewery,Afton,VA
315,,Kölsch 151,Kölsch,12,nan,16,414,,,VA
316,,Professor Black,American Stout,12,nan,nan,77,Blue Owl Brewing,Austin,TX
317,2489,Little Boss,American Pale Wheat Ale,nan,nan,nan,77,Blue Owl Brewing,Austin,TX
318,2488,Van Dayum!,American Amber / Red Ale,12,nan,nan,77,Blue Owl Brewing,Austin,TX
319,2487,Spirit Animal,American Pale Ale (APA),12,nan,nan,77,Blue Owl Brewing,Austin,TX
320,939,Toxic Sludge,American Black Ale,16,0.07,nan,,Blue Point Brewing Company,Patchogue,NY
321,692,Blue Point White IPA,American White IPA,12,0.06,40,489,,Patchogue,nan
322,667,Blue Point Summer Ale,nan,12,0.044,16,,Blue Point Brewing Company,,NY
323,665,Toasted Lager,Vienna Lager,nan,0.055,28,,Blue Point Brewing Company,Patchogue,NY
324,1607,,Dortmunder / Export Lager,12,0.06,nan,,Bohemian Brewery,Midvale,UT
325,,,Altbier,12,0.053,nan,364,Bohemian Brewery,Midvale,UT
326,344,Cherny Bock,Schwarzbier,12,0.04,nan,364,Bohemian Brewery,Midvale,UT
327,89,Czech Pilsner,Czech Pilsener,12,0.05,nan,364,Bohemian Brewery,Midvale,UT
328,,Viennese Lager,Vienna Lager,nan,0.05,nan,,Bohemian Brewery,Midvale,UT
329,1569,Mad Manatee IPA,American IPA,12,0.065,nan,378,Bold City Brewery,Jacksonville,FL
330,1568,Killer Whale Cream Ale,nan,12,nan,nan,378,Bold City Brewery,Jacksonville,FL
331,1188,Duke's Cold Nose Brown Ale,nan,12,0.06,nan,378,Bold City Brewery,Jacksonville,FL
332,1891,Longhop IPA,American IPA,16,nan,30,281,,Ridgefield Park,NJ
333,1890,Lucky Buck,Irish Dry Stout,16,0.04,34,,Bolero Snort Brewery,Ridgefield Park,NJ
334,577,Bomb Lager (New Recipe),nan,12,0.051,nan,,Bomb Beer Company,New York,NY
335,,Bomb Lager (Old Recipe),Munich Helles Lager,12,0.045,27,525,Bomb Beer Company,New York,NY
336,2422,Firestarter India Pale Ale,American IPA,12,0.066,72,107,Bonfire Brewing Company,Eagle,CO
337,1727,Kilt Dropper Scotch Ale,Scotch Ale / Wee Heavy,16,0.075,22,,Bonfire Brewing Company,,CO
338,1614,Wood Splitter Pilsner,Czech Pilsener,nan,0.048,30,107,Bonfire Brewing Company,Eagle,CO
339,,Gyptoberfest,nan,12,0.056,26,107,Bonfire Brewing Company,Eagle,CO
340,,Farmer Wirtz India Pale Ale,English India Pale Ale (IPA),16,0.07,94,107,Bonfire Brewing Company,Eagle,CO
341,1548,,American Blonde Ale,nan,0.047,nan,,Bonfire Brewing Company,Eagle,CO
342,1517,,American IPA,16,0.068,nan,107,Bonfire Brewing Company,Eagle,CO
343,1500,Moe's Original Bar B Que 'Bama Brew Golden Ale,American Blonde Ale,nan,0.047,nan,107,Bonfire Brewing Company,Eagle,CO
344,1421,Live Local Golden Ale,American Blonde Ale,12,nan,nan,107,Bonfire Brewing Company,Eagle,CO
345,1360,Screaming Eagle Special Ale ESB,Extra Special / Strong Bitter (ESB),12,0.048,nan,107,Bonfire Brewing Company,Eagle,CO
346,1184,Dirtbag Dunkel,Munich Dunkel Lager,16,0.049,nan,107,Bonfire Brewing Company,Eagle,CO
347,1183,Kindler Pale Ale,American Pale Ale (APA),12,0.053,45,107,Bonfire Brewing Company,Eagle,CO
348,1023,Mistress Winter Wheat,Winter Warmer,nan,0.064,nan,107,Bonfire Brewing Company,Eagle,CO
349,998,Tent Pole Vanilla Porter,American Porter,16,0.061,nan,,Bonfire Brewing Company,Eagle,CO
350,997,Awry Rye Pale Ale,American Pale Ale (APA),12,0.058,nan,107,Bonfire Brewing Company,Eagle,CO
351,996,Demshitz Brown Ale,American Brown Ale,12,0.058,nan,107,Bonfire Brewing Company,Eagle,CO
352,931,Wood Splitter Pilsner (2012),nan,12,0.048,nan,107,Bonfire Brewing Company,Eagle,CO
353,798,Brush Creek Blonde,American Blonde Ale,16,0.048,nan,107,Bonfire Brewing Company,Eagle,CO
354,633,Firestarter India Pale Ale,American IPA,16,0.066,72,,Bonfire Brewing Company,Eagle,nan
355,2062,Noche Dulce,American Porter,16,0.071,16,231,Borderlands Brewing Company,Tucson,AZ
356,,Porch Rocker,Radler,12,0.045,8,300,Boston Beer Company,Boston,MA
357,,Rebel IPA,American IPA,nan,0.065,45,300,Boston Beer Company,Boston,MA
358,,Cold Snap,nan,12,0.055,nan,,Boston Beer Company,Boston,MA
359,1427,Samuel Adams Winter Lager,nan,12,nan,nan,300,Boston Beer Company,Boston,MA
360,1349,Boston Lager,Vienna Lager,16,0.049,30,300,Boston Beer Company,Boston,MA
361,1310,Boston Lager,Vienna Lager,12,0.049,30,300,Boston Beer Company,Boston,MA
362,1281,Samuel Adams Octoberfest,Märzen / Oktoberfest,12,nan,15,300,Boston Beer Company,Boston,MA
363,1144,Samuel Adams Summer Ale,American Pale Wheat Ale,12,nan,7,300,Boston Beer Company,Boston,MA
364,1143,Boston Lager,Vienna Lager,nan,0.049,30,300,Boston Beer Company,Boston,MA
365,1395,Hazed & Infused,American Pale Ale (APA),12,0.049,35,417,Boulder Beer Company,Boulder,CO
366,808,Hoopla Pale Ale,American Pale Ale (APA),12,0.057,35,417,Boulder Beer Company,Boulder,CO
367,81,,American Pale Ale (APA),12,0.049,35,417,Boulder Beer Company,Boulder,CO
368,2596,Heavy Lifting,American IPA,nan,0.062,80,31,Boulevard Brewing Company,Kansas City,nan
369,2300,1492,American Pale Ale (APA),12,0.065,nan,167,Boxcar Brewing Company,West Chester,PA
370,2299,Mango Ginger,American IPA,nan,nan,nan,167,Boxcar Brewing Company,West Chester,PA
371,2298,Passenger,English Dark Mild Ale,12,0.047,nan,167,Boxcar Brewing Company,West Chester,PA
372,2107,Plum St. Porter,American Porter,12,0.06,52,,Bozeman Brewing Company,Bozeman,MT
373,1573,Plum St. Porter,American Porter,12,0.057,52,219,Bozeman Brewing Company,Bozeman,MT
374,1289,Bozone HopZone IPA,American IPA,12,0.07,80,,Bozeman Brewing Company,Bozeman,MT
375,1288,Bozone Hefe Weizen,Hefeweizen,12,0.06,nan,219,Bozeman Brewing Company,Bozeman,MT
376,470,Bozone Select Amber Ale,American Amber / Red Ale,12,nan,nan,219,Bozeman Brewing Company,Bozeman,MT
377,2167,Evil Owl,American Amber / Red Ale,12,0.052,40,207,Branchline Brewing Company,,TX
378,2204,Post Time Kölsch,Kölsch,16,0.05,nan,195,Breakside Brewery,Portland,OR
379,1522,,American Pale Wheat Ale,12,0.042,nan,391,Breckenridge Brewery,Denver,CO
380,,SummerBright Ale,American Pale Wheat Ale,12,0.045,nan,391,Breckenridge Brewery,Denver,CO
381,193,Lucky U IPA,American IPA,12,0.062,68,391,Breckenridge Brewery,Denver,CO
382,,Avalanche Ale,nan,12,0.054,19,391,Breckenridge Brewery,Denver,CO
383,,You're My Boy Blue,Fruit / Vegetable Beer,12,0.05,nan,308,Brew Bus Brewing,Tampa,FL
384,1801,,American IPA,12,0.072,nan,308,Brew Bus Brewing,Tampa,FL
385,1800,Rollin Dirty Red Ale,Irish Red Ale,12,0.05,21,308,Brew Bus Brewing,Tampa,FL
386,1799,Are Wheat There Yet?,American Pale Wheat Ale,12,0.055,28,,Brew Bus Brewing,,FL
387,2619,Insert Hop Reference,American Pale Ale (APA),16,0.058,nan,19,Brew Link Brewing,Plainfield,IN
388,2468,Manitou Amber,American Amber / Red Ale,16,0.053,nan,85,Brewery Terra Firma,Traverse City,MI
389,2637,Belfort,Saison / Farmhouse Ale,nan,0.067,nan,10,Brewery Vivant,Grand Rapids,MI
390,,Star Runner,Belgian Pale Ale,16,0.06,nan,10,Brewery Vivant,Grand Rapids,MI
391,2598,Tart Side of the Barrel,nan,16,0.098,nan,10,Brewery Vivant,Grand Rapids,MI
392,2597,Linnaeus Mango IPA,American IPA,16,nan,nan,,Brewery Vivant,Grand Rapids,nan
393,2548,,Rauchbier,16,0.07,nan,,Brewery Vivant,Grand Rapids,MI
394,2542,Verdun,nan,16,0.077,nan,10,Brewery Vivant,Grand Rapids,MI
395,2541,Barrel Aged Triomphe,Belgian IPA,16,0.065,nan,10,Brewery Vivant,Grand Rapids,MI
396,,Cherry Doppelbock,Doppelbock,16,0.065,nan,10,Brewery Vivant,Grand Rapids,MI
397,2500,Tropical Saison,Saison / Farmhouse Ale,16,nan,nan,10,Brewery Vivant,Grand Rapids,MI
398,2499,Beach Patrol,Witbier,16,nan,nan,10,Brewery Vivant,Grand Rapids,MI
399,2498,Nuit Serpent,nan,16,0.05,nan,10,Brewery Vivant,Grand Rapids,MI
400,2481,,Saison / Farmhouse Ale,16,0.09,nan,10,Brewery Vivant,Grand Rapids,MI
401,2476,,Belgian IPA,16,0.055,nan,10,Brewery Vivant,Grand Rapids,MI
402,2467,Acidulated Trip,Saison / Farmhouse Ale,16,0.059,nan,,Brewery Vivant,Grand Rapids,MI
403,2466,Root Stock,Rye Beer,16,0.066,nan,10,Brewery Vivant,Grand Rapids,MI
404,2465,Mind Games,Dunkelweizen,16,0.041,nan,10,Brewery Vivant,Grand Rapids,MI
405,2433,Sous Chef,Belgian Strong Pale Ale,16,0.082,nan,10,Brewery Vivant,Grand Rapids,MI
406,2418,Dubbelicious,Dubbel,nan,0.065,nan,10,Brewery Vivant,Grand Rapids,MI
407,2416,,Belgian Dark Ale,16,0.062,nan,10,Brewery Vivant,Grand Rapids,MI
408,2382,,Belgian Dark Ale,nan,nan,nan,10,Brewery Vivant,Grand Rapids,MI
409,2381,,Belgian Pale Ale,16,nan,nan,10,Brewery Vivant,Grand Rapids,MI
410,2290,Ski Patrol,Witbier,16,nan,nan,,Brewery Vivant,,MI
411,2241,Viking Ice Hole,Oatmeal Stout,nan,0.063,nan,10,Brewery Vivant,Grand Rapids,MI
412,,Rye Porter,American Porter,16,0.056,nan,10,Brewery Vivant,Grand Rapids,MI
413,2137,,Quadrupel (Quad),16,0.099,nan,10,Brewery Vivant,Grand Rapids,MI
414,2101,Smoky Wheat,Rauchbier,16,nan,nan,,Brewery Vivant,,MI
415,2092,BRIPA,nan,16,nan,nan,,Brewery Vivant,Grand Rapids,nan
416,2091,Mela,Belgian Dark Ale,16,0.062,nan,10,Brewery Vivant,Grand Rapids,MI
417,2086,W.I.P.A Snappa,Belgian IPA,nan,0.053,nan,10,Brewery Vivant,Grand Rapids,MI
418,2023,Pepper in the Rye,Rye Beer,16,nan,nan,10,Brewery Vivant,Grand Rapids,MI
419,2006,Moe Lasses',American Stout,16,0.064,nan,10,Brewery Vivant,Grand Rapids,MI
420,1997,Pumpkin Tart,Fruit / Vegetable Beer,16,0.07,nan,10,Brewery Vivant,Grand Rapids,MI
421,,Undertaker,Belgian Dark Ale,nan,0.067,nan,10,Brewery Vivant,Grand Rapids,MI
422,1976,Undertaker (2014),Belgian Dark Ale,16,0.067,nan,10,Brewery Vivant,Grand Rapids,MI
423,1974,Coq D'Or,Belgian Pale Ale,16,0.05,nan,10,Brewery Vivant,Grand Rapids,MI
424,1973,North French,Bière de Garde,nan,nan,nan,10,Brewery Vivant,Grand Rapids,MI
425,1959,Agent a Deux,Belgian Dark Ale,16,0.065,nan,10,Brewery Vivant,Grand Rapids,MI
426,1958,,Witbier,16,nan,nan,,,Grand Rapids,nan
427,1949,Pothole Stout,American Stout,16,0.063,nan,10,Brewery Vivant,Grand Rapids,MI
428,1947,Tree Bucket,nan,16,0.093,nan,10,Brewery Vivant,Grand Rapids,MI
429,1785,Le Flaneur Ale,American Wild Ale,16,0.073,nan,10,Brewery Vivant,Grand Rapids,MI
430,,Maize & Blueberry,nan,16,0.056,nan,10,Brewery Vivant,Grand Rapids,MI
431,1443,Trebuchet Double IPA,American Double / Imperial IPA,16,0.093,nan,10,Brewery Vivant,Grand Rapids,MI
432,1352,Contemplation,Bière de Garde,16,nan,nan,10,Brewery Vivant,Grand Rapids,MI
433,1267,Black Rabbit,American Black Ale,16,0.05,nan,10,Brewery Vivant,Grand Rapids,MI
434,1266,Zaison,Saison / Farmhouse Ale,16,0.09,nan,10,Brewery Vivant,Grand Rapids,MI
435,1178,Vivant Tripel,Tripel,nan,0.082,nan,10,Brewery Vivant,Grand Rapids,MI
436,1136,Tart Side of the Moon,nan,16,0.098,nan,10,Brewery Vivant,Grand Rapids,MI
437,1044,Big Red Coq,American Amber / Red Ale,16,nan,nan,10,Brewery Vivant,Grand Rapids,MI
438,,,Quadrupel (Quad),16,nan,nan,10,Brewery Vivant,Grand Rapids,MI
439,1031,,nan,16,0.095,nan,10,Brewery Vivant,Grand Rapids,MI
440,909,Escoffier Bretta Ale,American Wild Ale,16,0.092,nan,,Brewery Vivant,Grand Rapids,MI
441,873,Contemplation (2012),Bière de Garde,16,0.065,nan,10,Brewery Vivant,Grand Rapids,MI
442,860,Vivant Belgian Style Imperial Stout (2012),Russian Imperial Stout,16,0.099,nan,10,Brewery Vivant,Grand Rapids,MI
443,677,Big Red Coq (2012),American Amber / Red Ale,16,0.062,nan,10,Brewery Vivant,Grand Rapids,MI
444,,Zaison (2012),Saison / Farmhouse Ale,nan,0.09,nan,10,Brewery Vivant,Grand Rapids,MI
445,670,Vivant Tripel (2012),Tripel,16,0.092,nan,10,Brewery Vivant,Grand Rapids,MI
446,669,,nan,nan,0.097,nan,10,Brewery Vivant,Grand Rapids,MI
447,627,Kludde,Belgian Strong Dark Ale,16,0.085,nan,10,Brewery Vivant,Grand Rapids,MI
448,387,Farm Hand,Saison / Farmhouse Ale,16,0.055,nan,,Brewery Vivant,Grand Rapids,MI
449,385,Solitude,nan,nan,0.06,nan,10,Brewery Vivant,Grand Rapids,MI
450,384,Triomphe,Belgian IPA,16,0.065,nan,,Brewery Vivant,Grand Rapids,MI
451,,Tampa Pale Ale,American Pale Ale (APA),12,nan,nan,467,Brindle Dog Brewing Company,Tampa Bay,FL
452,1095,Orange Grove Wheat Ale,nan,12,nan,nan,467,Brindle Dog Brewing Company,Tampa Bay,FL
453,,Broad Brook Ale,American Amber / Red Ale,16,0.061,nan,89,Broad Brook Brewing LLC,East Windsor,CT
454,921,Northern Lights Amber Ale,nan,12,0.05,15,493,Broken Tooth Brewing Company,Anchorage,AK
455,920,Polar Pale Ale,American Pale Ale (APA),12,0.052,nan,493,Broken Tooth Brewing Company,Anchorage,AK
456,919,Chugach Session Ale,Cream Ale,nan,nan,nan,493,Broken Tooth Brewing Company,Anchorage,AK
457,648,Fairweather IPA,American IPA,nan,0.061,64,493,Broken Tooth Brewing Company,Anchorage,AK
458,1279,East India Pale Ale,English India Pale Ale (IPA),nan,0.068,47,,Brooklyn Brewery,Brooklyn,nan
459,,,English Pale Mild Ale,12,0.045,nan,437,Brooklyn Brewery,Brooklyn,NY
460,,East India Pale Ale,English India Pale Ale (IPA),12,nan,47,437,Brooklyn Brewery,Brooklyn,NY
461,328,Brooklyn Summer Ale (2011),English Pale Mild Ale,12,0.045,nan,,Brooklyn Brewery,Brooklyn,NY
462,66,Brooklyn Lager (16 oz.),American Amber / Red Lager,16,0.052,nan,437,Brooklyn Brewery,Brooklyn,NY
463,65,,American Amber / Red Lager,nan,nan,nan,437,Brooklyn Brewery,Brooklyn,NY
464,538,Tour de Nez Belgian IPA (Current),Belgian IPA,16,0.08,nan,530,Buckbean Brewing Company,Reno,NV
465,504,Roler Bock (Current),nan,nan,nan,nan,530,Buckbean Brewing Company,Reno,NV
466,383,Black Adder IBA (Current),American Black Ale,16,0.073,85,530,Buckbean Brewing Company,Reno,NV
467,29,Very Noddy Lager (Current),Schwarzbier,16,0.099,nan,530,Buckbean Brewing Company,Reno,NV
468,28,Tule Duck Red Ale (Current),American Amber / Red Ale,16,0.062,42,530,Buckbean Brewing Company,Reno,NV
469,27,Original Orange Blossom Ale (Current),Herbed / Spiced Beer,nan,nan,35,530,Buckbean Brewing Company,Reno,NV
470,26,Black Noddy Lager (Current),Schwarzbier,16,0.052,nan,530,Buckbean Brewing Company,Reno,NV
471,1627,Cleveland Beer Week 2013,Munich Helles Lager,nan,0.053,nan,357,Buckeye Brewing,Cleveland,OH
472,2552,Painted Turtle,American Pale Ale (APA),12,0.045,nan,56,,Lyons,IL
473,2125,1836,American Blonde Ale,12,0.06,40,214,Buffalo Bayou Brewing Company,Houston,TX
474,2124,Summer's Wit,Witbier,12,0.06,nan,214,Buffalo Bayou Brewing Company,Houston,TX
475,2123,More Cowbell,American Double / Imperial IPA,16,nan,118,,Buffalo Bayou Brewing Company,Houston,TX
476,2608,,American Brown Ale,16,0.065,nan,24,Burn 'Em Brewing,Michigan City,IN
477,2607,Black Beer'd,American Black Ale,16,0.068,nan,,,,nan
478,2606,Mr. Tea,Fruit / Vegetable Beer,24,0.078,nan,24,Burn 'Em Brewing,Michigan City,IN
479,2478,Pale Alement,American Pale Ale (APA),nan,nan,40,24,Burn 'Em Brewing,Michigan City,IN
480,2471,Hopkick Dropkick,American Double / Imperial IPA,12,0.099,nan,24,Burn 'Em Brewing,Michigan City,IN
481,2470,Kreamed Corn,Cream Ale,12,nan,nan,24,Burn 'Em Brewing,Michigan City,IN
482,2464,,American Pale Wheat Ale,16,0.065,nan,24,Burn 'Em Brewing,Michigan City,IN
483,2160,Joey Wheat,American Pale Wheat Ale,16,0.068,16,24,Burn 'Em Brewing,Michigan City,IN
484,2158,3:33 Black IPA,American IPA,16,0.072,86,24,Burn 'Em Brewing,Michigan City,IN
485,2072,MCA,American IPA,16,0.068,nan,,Burn 'Em Brewing,Michigan City,IN
486,2054,Pale Alement,American Pale Ale (APA),nan,0.055,40,,,Michigan City,IN
487,2196,Couch Select Lager,American Pale Lager,nan,0.05,14,197,Burnside Brewing Co.,Portland,OR
488,668,Mucho Aloha Hawaiian Pale Ale,nan,12,0.056,nan,517,Butcher's Brewing,Carlsbad,CA
489,52,Heinnieweisse Weissebier,Hefeweizen,12,0.049,nan,556,Butternuts Beer and Ale,Garrattsville,NY
490,51,Snapperhead IPA,American IPA,12,0.068,nan,556,Butternuts Beer and Ale,Garrattsville,NY
491,50,Moo Thunder Stout,Milk / Sweet Stout,12,0.049,nan,556,Butternuts Beer and Ale,Garrattsville,NY
492,49,Porkslap Pale Ale,nan,12,0.043,nan,556,Butternuts Beer and Ale,Garrattsville,NY
493,2657,Blackbeard,American Double / Imperial Stout,12,0.093,nan,,COAST Brewing Company,Charleston,SC
494,2656,Rye Knot,American Brown Ale,12,0.062,nan,5,COAST Brewing Company,Charleston,SC
495,2655,,American Pale Ale (APA),nan,0.06,nan,5,COAST Brewing Company,Charleston,SC
496,2654,32°/50° Kölsch,Kölsch,16,0.048,nan,5,COAST Brewing Company,Charleston,SC
497,2653,HopArt,American IPA,16,0.077,nan,5,COAST Brewing Company,Charleston,SC
498,2652,Boy King,nan,16,0.097,nan,5,COAST Brewing Company,Charleston,SC
499,2252,Gran Sport,American Porter,16,0.052,nan,182,COOP Ale Works,Oklahoma City,OK
500,2214,,American Blonde Ale,nan,0.053,25,,COOP Ale Works,Oklahoma City,OK
501,2213,Native Amber,American Amber / Red Ale,16,0.063,nan,182,COOP Ale Works,Oklahoma City,OK
502,1442,F5 IPA,nan,16,nan,100,182,COOP Ale Works,Oklahoma City,OK
503,170,Native Amber (2013),American Amber / Red Ale,16,0.063,nan,182,COOP Ale Works,Oklahoma City,OK
504,169,,American Blonde Ale,16,0.053,25,,COOP Ale Works,Oklahoma City,OK
505,2315,Hopportunity Knocks IPA,American IPA,12,0.068,nan,,Caldera Brewing Company,Ashland,OR
506,1808,Pilot Rock Porter,American Porter,12,nan,nan,155,Caldera Brewing Company,Ashland,OR
507,1419,Caldera Pale Ale,American Pale Ale (APA),12,0.056,55,,Caldera Brewing Company,,OR
508,878,Lawnmower Lager,nan,12,0.039,16,155,Caldera Brewing Company,Ashland,OR
509,794,Ashland Amber Ale (2009),American Amber / Red Ale,12,0.054,24,155,Caldera Brewing Company,Ashland,OR
510,793,Caldera IPA (2009),American IPA,12,0.061,94,155,Caldera Brewing Company,Ashland,OR
511,792,Caldera IPA (2007),nan,nan,0.061,94,155,Caldera Brewing Company,Ashland,OR
512,791,Caldera Pale Ale (2010),nan,nan,0.056,nan,155,Caldera Brewing Company,Ashland,OR
513,790,,American Pale Ale (APA),12,0.056,55,155,Caldera Brewing Company,Ashland,OR
514,789,Caldera Pale Ale (2005),American Pale Ale (APA),nan,0.056,55,155,Caldera Brewing Company,Ashland,OR
515,788,Caldera Pale Ale (2007),American Pale Ale (APA),nan,0.056,55,155,Caldera Brewing Company,Ashland,OR
516,38,Caldera Pale Ale (2011),American Pale Ale (APA),12,0.056,55,155,Caldera Brewing Company,Ashland,OR
517,37,Ashland Amber Ale,American Amber / Red Ale,12,nan,24,155,Caldera Brewing Company,Ashland,OR
518,36,Caldera IPA,American IPA,12,0.061,94,155,Caldera Brewing Company,Ashland,OR
519,2257,Remain in Light,American Pilsner,12,0.05,nan,178,Cambridge Brewing Company,Cambridge,MA
520,2256,Flower Child (2014),American IPA,12,0.065,nan,178,Cambridge Brewing Company,Cambridge,MA
521,870,THP White (2006),nan,12,nan,nan,,Cans Bar and Canteen,Charlotte,NC
522,869,THP Amber (2006),American Amber / Red Ale,12,nan,nan,497,Cans Bar and Canteen,Charlotte,NC
523,868,THP Light (2006),nan,nan,nan,nan,497,Cans Bar and Canteen,Charlotte,NC
524,867,THP Dark (2006),English Dark Mild Ale,12,nan,nan,497,Cans Bar and Canteen,Charlotte,NC
525,2068,Imperial Pumpkin Stout,nan,16,nan,43,230,Cape Ann Brewing Company,Gloucester,MA
526,2067,Dead-Eye DIPA,American Double / Imperial IPA,16,0.09,130,230,Cape Ann Brewing Company,Gloucester,MA
527,2066,Fisherman's IPA,American IPA,nan,0.055,nan,230,Cape Ann Brewing Company,Gloucester,MA
528,,Fisherman's Pils,German Pilsener,nan,0.054,35,230,Cape Ann Brewing Company,Gloucester,MA
529,2064,,nan,nan,0.055,30,230,Cape Ann Brewing Company,Gloucester,MA
530,1928,Cape Cod Red,American Amber / Red Ale,16,0.055,35,267,Cape Cod Beer,Hyannis,MA
531,1927,Beach Blonde,American Blonde Ale,16,0.049,10,267,Cape Cod Beer,Hyannis,MA
532,2227,Dark Voyage Black IPA (2013),American Black Ale,12,0.065,80,192,Capital Brewery,Middleton,WI
533,2226,,Vienna Lager,12,0.052,28,192,Capital Brewery,Middleton,WI
534,2225,Lake House,Munich Helles Lager,12,0.046,18,,Capital Brewery,,nan
535,1954,Ghost Ship White IPA,American IPA,12,0.056,55,192,Capital Brewery,Middleton,WI
536,1910,Lake House,Munich Helles Lager,16,0.046,18,192,Capital Brewery,Middleton,WI
537,1177,Mutiny IPA,American IPA,12,0.062,70,192,Capital Brewery,Middleton,WI
538,840,Wisconsin Amber (1998),Vienna Lager,12,0.052,nan,192,Capital Brewery,Middleton,WI
539,180,Island Wheat,American Pale Wheat Ale,12,0.042,nan,,,Middleton,WI
540,63,,nan,12,0.052,nan,192,Capital Brewery,Middleton,WI
541,62,U.S. Pale Ale,American Pale Ale (APA),12,0.05,nan,192,Capital Brewery,Middleton,WI
542,61,,American Pale Lager,12,nan,nan,192,Capital Brewery,Middleton,WI
543,,Carolina Lighthouse (2007),American Blonde Ale,12,nan,nan,,Carolina Beer & Beverage,Mooresville,NC
544,,Carolina Blonde (2006),American Blonde Ale,12,0.05,nan,504,Carolina Beer & Beverage,,NC
545,782,Carolina Blonde Light (2005),American Blonde Ale,nan,0.035,nan,504,Carolina Beer & Beverage,,NC
546,2255,,Winter Warmer,16,nan,22,179,Carolina Brewery,Pittsboro,NC
547,530,Flagship IPA,English India Pale Ale (IPA),12,0.057,nan,179,Carolina Brewery,Pittsboro,NC
548,427,Sky Blue Golden Ale,Kölsch,nan,0.051,nan,179,Carolina Brewery,Pittsboro,NC
549,2094,Epitome,American Black Ale,16,0.099,100,222,Carton Brewing Company,Atlantic Highlands,NJ
550,1941,Monkey Chased the Weasel,Berliner Weissbier,nan,nan,9,222,Carton Brewing Company,Atlantic Highlands,NJ
551,1940,077XX,American Double / Imperial IPA,nan,0.078,80,222,Carton Brewing Company,Atlantic Highlands,NJ
552,1439,Boat Beer,American IPA,12,0.042,nan,222,Carton Brewing Company,Atlantic Highlands,NJ
553,1465,,Cider,16,0.069,nan,404,Cascadia Ciderworks United,Portland,OR
554,,Dry Hard Apple Cider,Cider,16,0.069,nan,404,Cascadia Ciderworks United,Portland,OR
555,1744,Farmer Ted's Cream Ale,Cream Ale,12,0.056,nan,331,Catawba Brewing Company,Morganton,NC
556,1743,Firewater India Pale Ale,American IPA,12,0.052,nan,331,Catawba Brewing Company,Morganton,NC
557,1742,White Zombie Ale,Witbier,nan,0.047,nan,331,Catawba Brewing Company,Morganton,NC
558,1719,King Winterbolt Winter Ale,Winter Warmer,12,0.07,nan,331,Catawba Brewing Company,Morganton,NC
559,638,White Zombie Ale,Witbier,12,0.047,nan,331,Catawba Brewing Company,Morganton,NC
560,507,Firewater India Pale Ale,nan,12,0.052,nan,331,Catawba Brewing Company,Morganton,NC
561,480,Farmer Ted's Farmhouse Cream Ale,Cream Ale,nan,nan,nan,,Catawba Brewing Company,Morganton,NC
562,1882,Whitecap Wit,Witbier,nan,0.048,16,285,Catawba Island Brewing,Port Clinton,OH
563,,Seiche Scottish Ale,Scottish Ale,16,0.078,16,285,Catawba Island Brewing,Port Clinton,OH
564,2446,,American Brown Ale,12,0.058,nan,96,Catawba Valley Brewing Company,Morganton,NC
565,2106,King Coconut,nan,12,0.054,nan,96,Catawba Valley Brewing Company,Morganton,NC
566,2600,Gone A-Rye,American Double / Imperial IPA,16,0.085,90,29,Cedar Creek Brewery,Seven Points,TX
567,2210,Special Release,nan,16,nan,nan,29,Cedar Creek Brewery,Seven Points,TX
568,2052,,American IPA,nan,0.068,70,29,Cedar Creek Brewery,Seven Points,TX
569,,Scruffy's Smoked Alt,Smoked Beer,16,0.051,35,29,Cedar Creek Brewery,Seven Points,TX
570,1182,Elliott's Phoned Home Pale Ale,American Pale Ale (APA),16,0.051,36,,Cedar Creek Brewery,Seven Points,TX
571,1050,,Cream Ale,16,0.05,18,29,Cedar Creek Brewery,Seven Points,TX
572,1219,All American Blonde Ale,American Blonde Ale,12,0.05,nan,452,Centennial Beer Company,Edwards,CO
573,,All American Red Ale,American Amber / Red Ale,12,0.05,nan,452,Centennial Beer Company,Edwards,CO
574,2377,,Altbier,12,0.05,nan,122,Center of the Universe Brewing C...,Ashland,VA
575,1839,Chin Music Amber Lager,American Amber / Red Lager,12,0.045,24,122,Center of the Universe Brewing C...,Ashland,VA
576,1248,Main St. Virginia Ale,nan,12,0.05,40,122,Center of the Universe Brewing C...,Ashland,VA
577,1247,Ray Ray’s Pale Ale,American Pale Ale (APA),12,0.052,42,122,Center of the Universe Brewing C...,Ashland,VA
578,,Chai Ale,Herbed / Spiced Beer,nan,0.051,nan,350,Central Coast Brewing Company,San Luis Obispo,CA
579,1648,Lucky Day IPA,American IPA,16,0.072,85,350,Central Coast Brewing Company,San Luis Obispo,CA
580,1647,Terrace Hill Double IPA,American Double / Imperial IPA,16,0.095,99,,Central Coast Brewing Company,San Luis Obispo,CA
581,1646,Catch 23,American Black Ale,16,0.075,77,350,Central Coast Brewing Company,San Luis Obispo,CA
582,2057,Stickin' In My Rye,Rye Beer,24,0.07,nan,236,Champion Brewing Company,Charlottesville,VA
583,,Black Me Stout,American Stout,12,0.06,45,,Champion Brewing Company,Charlottesville,VA
584,2055,Killer Kolsch,Kölsch,nan,0.05,22,236,Champion Brewing Company,Charlottesville,VA
585,1933,,nan,12,nan,65,236,Champion Brewing Company,Charlottesville,VA
586,2019,Enlighten,Kölsch,nan,0.045,nan,250,Chapman's Brewing,Angola,IN
587,2018,Ale Cider,Fruit / Vegetable Beer,16,0.065,8,250,Chapman's Brewing,Angola,IN
588,,Pail Ale,American Pale Ale (APA),16,nan,30,250,Chapman's Brewing,Angola,IN
589,2016,Englishman,English Brown Ale,16,0.045,nan,250,Chapman's Brewing,Angola,IN
590,2080,,American Strong Ale,16,0.08,69,226,Chatham Brewing,Chatham,NY
591,2079,Oktoberfest,nan,nan,0.055,40,226,Chatham Brewing,Chatham,NY
592,2380,IPA #11,American IPA,16,0.057,58,121,Cheboygan Brewing Company,Cheboygan,MI
593,2379,Blood Orange Honey,Fruit / Vegetable Beer,16,0.057,10,121,Cheboygan Brewing Company,Cheboygan,MI
594,2354,Lighthouse Amber,Altbier,16,0.052,nan,121,Cheboygan Brewing Company,Cheboygan,MI
595,2440,Bay of Bengal Double IPA (2014),American Double / Imperial IPA,12,nan,126,,,Cincinnati,OH
596,567,Churchkey Pilsner Style Beer,nan,12,0.049,29,526,,Seattle,nan
597,1342,First Press,Cider,12,0.05,nan,425,Ciderboys,Stevens Point,WI
598,1341,,Cider,12,0.05,nan,425,Ciderboys,Stevens Point,WI
599,2349,,Bock,12,nan,25,141,Cigar City Brewing Company,Tampa,FL
600,2014,Operation Homefront,American IPA,12,0.062,65,141,Cigar City Brewing Company,Tampa,FL
601,2013,,American Black Ale,nan,0.082,65,141,Cigar City Brewing Company,Tampa,FL
602,2012,Sugar Plum,American Brown Ale,12,0.055,nan,141,Cigar City Brewing Company,Tampa,FL
603,2011,Oktoberfest,Märzen / Oktoberfest,nan,nan,nan,141,Cigar City Brewing Company,Tampa,FL
604,2010,Puppy's Breath Porter,American Porter,12,0.06,nan,141,Cigar City Brewing Company,Tampa,FL
605,2009,Happening Now,American IPA,12,0.045,nan,,Cigar City Brewing Company,Tampa,FL
606,1726,Hopped on the High Seas (Hop #529),American IPA,12,0.07,60,141,Cigar City Brewing Company,Tampa,FL
607,1725,Hopped on the High Seas (Calypso),American IPA,12,0.07,60,,Cigar City Brewing Company,Tampa,FL
608,,Wiregrass Post-Prohibition Ale,American Pale Ale (APA),12,nan,nan,141,Cigar City Brewing Company,Tampa,FL
609,1694,Dry-Hopped On The High Seas Caribbean-Style IPA,American IPA,nan,0.07,60,141,Cigar City Brewing Company,Tampa,FL
610,1693,Hopped on the High Seas (Citra),American IPA,12,0.07,60,141,Cigar City Brewing Company,Tampa,FL
611,1692,Hopped on the High Seas (Ahtanum),American IPA,12,nan,60,141,Cigar City Brewing Company,Tampa,FL
612,1369,Gwar Beer,American Pale Ale (APA),12,0.055,nan,,Cigar City Brewing Company,Tampa,FL
613,1243,Tropical Heatwave,nan,16,0.052,nan,141,Cigar City Brewing Company,Tampa,FL
614,,Humidor Series India Pale Ale,American IPA,12,0.075,70,141,Cigar City Brewing Company,Tampa,FL
615,1141,Jai Alai IPA Aged on White Oak,nan,12,nan,70,141,Cigar City Brewing Company,Tampa,FL
616,1140,José Martí American Porter,American Porter,12,0.08,65,141,Cigar City Brewing Company,Tampa,FL
617,1139,Invasion Pale Ale,American Pale Ale (APA),12,0.05,nan,141,Cigar City Brewing Company,Tampa,FL
618,1138,Maduro Brown Ale,English Brown Ale,12,0.055,25,141,Cigar City Brewing Company,Tampa,FL
619,571,Maduro Brown Ale,American Brown Ale,nan,0.055,25,,Cigar City Brewing Company,Tampa,FL
620,570,Hotter Than Helles Lager,Munich Helles Lager,12,0.05,nan,141,Cigar City Brewing Company,Tampa,FL
621,569,Tocobaga Red Ale,American Amber / Red Ale,12,0.072,75,141,Cigar City Brewing Company,Tampa,FL
622,546,Jai Alai IPA,American IPA,12,0.075,70,,Cigar City Brewing Company,Tampa,FL
623,545,Florida Cracker Belgian Wit,nan,12,0.05,18,141,Cigar City Brewing Company,Tampa,FL
624,2338,Shark Tracker Light lager,nan,12,0.048,nan,145,Cisco Brewers,Nantucket,MA
625,,,Pumpkin Ale,12,nan,nan,145,Cisco Brewers,Nantucket,MA
626,1094,Grey Lady,Witbier,12,0.045,nan,145,Cisco Brewers,Nantucket,MA
627,657,Summer of Lager,Munich Helles Lager,12,0.062,nan,145,Cisco Brewers,Nantucket,MA
628,656,Indie Pale Ale,nan,12,nan,nan,145,Cisco Brewers,Nantucket,MA
629,359,Sankaty Light Lager,Light Lager,nan,0.038,nan,145,Cisco Brewers,Nantucket,MA
630,56,Whale's Tale Pale Ale,nan,12,0.056,nan,,,,MA
631,1772,Jacaranada Rye IPA,nan,16,0.067,nan,320,Claremont Craft Ales,,CA
632,1393,Cascadian Dark Ale,American Black Ale,12,0.06,nan,418,Coalition Brewing Company,Portland,OR
633,893,Wheat the People,American Pale Wheat Ale,16,nan,13,418,Coalition Brewing Company,Portland,OR
634,1407,Tybee Island Blonde,American Blonde Ale,12,0.047,17,415,Coastal Empire Beer Company,Savannah,GA
635,1406,Savannah Brown Ale,American Brown Ale,12,0.062,55,415,Coastal Empire Beer Company,Savannah,GA
636,2438,Rhode Island Blueberry,Kölsch,12,0.046,11,101,Coastal Extreme Brewing Company,Newport,RI
637,2437,Newport Storm IPA,American IPA,12,0.065,75,101,Coastal Extreme Brewing Company,Newport,RI
638,751,Hurricane Amber Ale (2004),American Amber / Red Ale,12,0.052,nan,101,Coastal Extreme Brewing Company,Newport,RI
639,,Hurricane Amber Ale,American Amber / Red Ale,12,nan,24,101,Coastal Extreme Brewing Company,Newport,RI
640,2061,Big Blue Van,Fruit / Vegetable Beer,16,0.058,nan,232,College Street Brewhouse and Pub,Lake Havasu City,AZ
641,970,Des Moines IPA,nan,16,0.068,75,482,Confluence Brewing Company,Des Moines,IA
642,969,Capital Gold Golden Lager,nan,16,0.048,22,482,Confluence Brewing Company,Des Moines,IA
643,968,Farmer John's Multi-Grain Ale,American Blonde Ale,16,0.056,nan,482,Confluence Brewing Company,Des Moines,IA
644,2351,Behemoth,American Pilsner,12,0.05,nan,,Core Brewing & Distilling Company,Springdale,AR
645,1650,Arkansas Red,nan,12,nan,nan,139,Core Brewing & Distilling Company,Springdale,AR
646,,Core Oatmeal Stout,Oatmeal Stout,12,0.057,nan,139,Core Brewing & Distilling Company,Springdale,AR
647,,Core ESB,Extra Special / Strong Bitter (ESB),12,0.061,nan,139,Core Brewing & Distilling Company,Springdale,AR
648,737,Chester's Beer (2005),American Pale Lager,12,nan,nan,512,Cottrell Brewing,Pawcatuck,nan
649,129,Heiner Brau Kölsch,Kölsch,12,0.05,nan,553,Covington Brewhouse,,nan
650,716,Trigger Blonde Ale,American Blonde Ale,16,0.048,nan,515,Crabtree Brewing Company,Greeley,CO
651,659,Crabtree Oatmeal Stout,Oatmeal Stout,16,0.075,29,515,Crabtree Brewing Company,Greeley,CO
652,556,Eclipse Black IPA,American Black Ale,nan,0.077,71,515,Crabtree Brewing Company,Greeley,CO
653,,,American Pale Ale (APA),12,0.06,46,,,Edwards,CO
654,2355,Old Soul,Belgian Strong Pale Ale,12,0.075,25,63,Crazy Mountain Brewing Company,Edwards,CO
655,1689,Snowcat Coffee Stout,American Stout,12,0.059,nan,63,Crazy Mountain Brewing Company,Edwards,CO
656,1163,WinterWonderGrass Festival Ale,American Amber / Red Ale,12,nan,nan,63,Crazy Mountain Brewing Company,Edwards,CO
657,940,Boohai Red Ale,American Amber / Red Ale,12,nan,nan,63,Crazy Mountain Brewing Company,Edwards,CO
658,685,Lava Lake Wit,Witbier,12,0.052,15,63,Crazy Mountain Brewing Company,Edwards,CO
659,613,,American Pale Ale (APA),12,0.06,nan,63,Crazy Mountain Brewing Company,Edwards,CO
660,356,Crazy Mountain Amber Ale,American Amber / Red Ale,12,0.052,25,63,Crazy Mountain Brewing Company,Edwards,CO
661,2029,Tropicalia,American IPA,12,nan,65,,Creature Comforts,Athens,nan
662,2028,,Berliner Weissbier,12,0.045,nan,247,Creature Comforts,Athens,nan
663,,Aviator Raspberry Blonde,American Blonde Ale,12,nan,25,169,Crooked Fence Brewing Company,Garden City,ID
664,1105,3 Picket Porter,American Porter,12,0.055,nan,169,Crooked Fence Brewing Company,Garden City,ID
665,1104,Rusty Nail Pale Ale,American Pale Ale (APA),12,0.056,nan,169,Crooked Fence Brewing Company,Garden City,ID
666,2145,Red Water Irish Style Red,American Amber / Red Ale,12,0.065,nan,212,Crow Peak Brewing Company,Spearfish,SD
667,1804,,Herbed / Spiced Beer,nan,0.066,nan,212,Crow Peak Brewing Company,Spearfish,SD
668,,Bear Butte Nut Brown Ale,American Brown Ale,12,0.055,nan,212,Crow Peak Brewing Company,Spearfish,SD
669,1301,Easy Livin' Summer Ale,American Blonde Ale,12,0.045,nan,212,Crow Peak Brewing Company,Spearfish,SD
670,542,,nan,12,nan,nan,212,Crow Peak Brewing Company,Spearfish,SD
671,272,Pile O'Dirt Porter,American Porter,12,nan,nan,212,Crow Peak Brewing Company,Spearfish,SD
672,271,,nan,12,0.06,nan,,,Spearfish,SD
673,1057,South Ridge Amber Ale,nan,16,0.06,31,472,Crystal Springs Brewing Company,Boulder,CO
674,681,Summertime Ale,Kölsch,16,nan,23,472,Crystal Springs Brewing Company,Boulder,CO
675,1789,Lost River Blonde Ale,American Blonde Ale,nan,0.049,nan,315,Cutters Brewing Company,Avon,IN
676,1788,Monon Wheat,nan,16,nan,nan,315,Cutters Brewing Company,Avon,IN
677,,Floyd's Folly,Scottish Ale,16,0.08,nan,315,Cutters Brewing Company,Avon,IN
678,1786,Half Court IPA,American IPA,nan,0.063,nan,315,Cutters Brewing Company,Avon,IN
679,1763,Geary's Pale Ale,nan,nan,0.045,nan,,D.L. Geary Brewing Company,Portland,ME
680,1311,Geary's Summer Ale,Kölsch,12,0.06,nan,,D.L. Geary Brewing Company,Portland,ME
681,2078,Stone of Arbroath,Scotch Ale / Wee Heavy,12,0.08,nan,227,DC Brau Brewing Company,Washington,DC
682,1809,The Tradition,American Blonde Ale,12,0.05,15,227,DC Brau Brewing Company,Washington,DC
683,,El Hefe Speaks,nan,12,0.053,11,227,DC Brau Brewing Company,Washington,DC
684,1092,Penn Quarter Porter,American Porter,12,0.055,nan,227,DC Brau Brewing Company,Washington,DC
685,851,On the Wings of Armageddon,American Double / Imperial IPA,12,0.092,115,227,DC Brau Brewing Company,Washington,DC
686,186,The Corruption,American IPA,12,0.065,80,,DC Brau Brewing Company,Washington,nan
687,185,,Belgian Pale Ale,12,0.07,nan,227,DC Brau Brewing Company,Washington,DC
688,184,The Public,American Pale Ale (APA),12,0.06,nan,227,DC Brau Brewing Company,Washington,DC
689,1224,,American IPA,nan,0.065,nan,451,Dad & Dude's Breweria,Aurora,CO
690,,Dank IPA (2012),American IPA,16,0.065,nan,451,Dad & Dude's Breweria,Aurora,CO
691,1623,Lift Off IPA,nan,16,0.072,nan,358,Daredevil Brewing Company,Shelbyville,IN
692,110,BrewFarm Select Golden Lager,American Pale Lager,12,nan,nan,554,Dave's Brewfarm,Wilson,WI
693,,Sprocket Blonde Ale (2006),American Blonde Ale,12,0.05,nan,333,David's Ale Works,Diamond Springs,CA
694,1734,,American Pale Ale (APA),12,0.05,nan,333,David's Ale Works,Diamond Springs,CA
695,1746,Dead Armadillo Amber Ale,American Amber / Red Ale,12,0.063,37,330,Dead Armadillo Craft Brewing,,OK
696,,Neato Bandito,Euro Pale Lager,12,0.06,nan,127,Deep Ellum Brewing Company,Dallas,TX
697,2251,Oak Cliff Coffee Ale,American Brown Ale,12,0.075,33,,Deep Ellum Brewing Company,Dallas,TX
698,2166,Dream Crusher Double IPA,American Double / Imperial IPA,12,0.085,100,127,Deep Ellum Brewing Company,Dallas,TX
699,,Deep Ellum Pale Ale,American Pale Ale (APA),nan,nan,nan,127,Deep Ellum Brewing Company,Dallas,TX
700,,Double Brown Stout,Baltic Porter,12,nan,nan,127,Deep Ellum Brewing Company,Dallas,TX
701,1202,,Saison / Farmhouse Ale,16,0.048,25,127,Deep Ellum Brewing Company,Dallas,TX
702,1161,Rye Pils Session Lager,German Pilsener,12,0.046,nan,127,Deep Ellum Brewing Company,Dallas,TX
703,,Dallas Blonde,American Blonde Ale,12,0.052,23,127,Deep Ellum Brewing Company,Dallas,TX
704,943,Deep Ellum IPA,American IPA,12,0.07,nan,127,Deep Ellum Brewing Company,Dallas,TX
705,,Thrasher Session India Pale Ale,American IPA,nan,0.045,44,283,Defiance Brewing Company,Hays,KS
706,1885,Gutch English Style Mild Ale,English Pale Mild Ale,12,0.05,16,283,Defiance Brewing Company,Hays,KS
707,,Chuli Stout,Irish Dry Stout,12,0.059,55,,Denali Brewing Company,Talkeetna,AK
708,1159,Mother Ale,American Blonde Ale,12,0.056,46,453,Denali Brewing Company,Talkeetna,AK
709,947,Twister Creek India Pale Ale,American IPA,12,0.065,71,453,Denali Brewing Company,Talkeetna,AK
710,929,Single Engine Red,Irish Red Ale,12,0.058,nan,453,Denali Brewing Company,Talkeetna,AK
711,,Incredible Pedal IPA,American IPA,12,0.07,nan,263,Denver Beer Company,Denver,CO
712,1943,Graham Cracker Porter,American Porter,12,nan,nan,263,Denver Beer Company,Denver,CO
713,1210,Mirror Pond Pale Ale,American Pale Ale (APA),12,0.05,40,454,Deschutes Brewery,Bend,OR
714,2550,Weissenheimer,Hefeweizen,12,nan,16,57,Destihl Brewery,Bloomington,IL
715,2505,Abbey's Single (2015- ),Abbey Single Ale,12,0.049,22,57,Destihl Brewery,Bloomington,IL
716,2025,Vertex IPA,American IPA,12,0.063,nan,57,Destihl Brewery,Bloomington,IL
717,2021,Here Gose Nothin',Gose,nan,0.05,12,57,Destihl Brewery,Bloomington,IL
718,2015,,Fruit / Vegetable Beer,12,0.05,nan,57,Destihl Brewery,Bloomington,IL
719,1888,Hoperation Overload,American Double / Imperial IPA,nan,0.096,85,57,Destihl Brewery,Bloomington,IL
720,1887,,Abbey Single Ale,12,0.049,22,,Destihl Brewery,Bloomington,nan
721,2051,Bravo Four Point,American Pale Ale (APA),12,0.044,45,237,Devil's Backbone Brewing Company,Lexington,VA
722,1201,Striped Bass Pale Ale,American Pale Ale (APA),12,0.052,26,237,Devil's Backbone Brewing Company,Lexington,VA
723,924,Deadicated Amber,American Amber / Red Ale,16,0.054,27,491,Devil's Canyon Brewery,Belmont,CA
724,731,Kaleidoscope Collaboration 2012,American Black Ale,16,nan,nan,491,Devil's Canyon Brewery,Belmont,CA
725,730,California Sunshine Rye IPA,American IPA,16,nan,85,491,Devil's Canyon Brewery,Belmont,CA
726,647,,Scotch Ale / Wee Heavy,16,0.074,12,491,Devil's Canyon Brewery,Belmont,CA
727,1773,12 Man Pale Ale,American Pale Ale (APA),12,0.045,nan,319,Dick's Brewing Company,Centralia,nan
728,,Filthy Hoppin' IPA,American IPA,nan,0.065,72,,Dirty Bucket Brewing Company,Woodinville,WA
729,944,,American Amber / Red Ale,12,nan,nan,488,Dock Street Brewery,Philadelphia,nan
730,524,Dolores River Hefeweizen,Hefeweizen,16,nan,nan,531,Dolores River Brewery,Dolores,CO
731,450,Dolores River ESB,Extra Special / Strong Bitter (ESB),nan,nan,nan,531,Dolores River Brewery,Dolores,CO
732,449,Snaggletooth Double Pale Ale,nan,16,nan,nan,531,Dolores River Brewery,Dolores,CO
733,448,,American Pale Ale (APA),16,nan,nan,531,Dolores River Brewery,Dolores,CO
734,447,Dolores River Dry Stout,Irish Dry Stout,nan,nan,nan,531,Dolores River Brewery,Dolores,CO
735,,Dolores River Mild,English Dark Mild Ale,16,nan,nan,531,Dolores River Brewery,Dolores,CO
736,1246,Cranberry Blend,Cider,12,0.049,nan,446,Downeast Cider House,Leominster,MA
737,977,Orignal Blend,Cider,nan,0.051,nan,446,Downeast Cider House,Leominster,MA
738,,Hop Abomination,American IPA,12,0.066,100,496,Dry Dock Brewing Company,Aurora,CO
739,880,Apricot Blonde,Fruit / Vegetable Beer,12,0.051,nan,,Dry Dock Brewing Company,Aurora,CO
740,872,Dry Dock Hefeweizen,Hefeweizen,12,0.043,12,496,Dry Dock Brewing Company,Aurora,CO
741,871,Dry Dock Amber Ale,American Amber / Red Ale,12,0.058,49,496,Dry Dock Brewing Company,Aurora,CO
742,1685,,American IPA,12,0.061,64,340,Due South Brewing Company,Boynton Beach,FL
743,457,Dundee Summer Wheat Beer,American Pale Wheat Ale,12,0.045,18,538,Dundee Brewing Company,Rochester,NY
744,1590,Pumpkin Patch Ale,nan,16,0.05,nan,369,Eddyline Brewery & Restaurant,Buena Vista,CO
745,1382,Crank Yanker IPA,American IPA,16,0.078,74,369,Eddyline Brewery & Restaurant,Buena Vista,CO
746,,River Runners Pale Ale,nan,nan,0.06,nan,369,Eddyline Brewery & Restaurant,Buena Vista,CO
747,1014,Pumpkin Patch Ale (2012),Pumpkin Ale,16,0.05,nan,,Eddyline Brewery & Restaurant,Buena Vista,CO
748,911,Mountain Fairy Raspberry Wheat,nan,16,0.055,nan,369,Eddyline Brewery & Restaurant,Buena Vista,CO
749,,,German Pilsener,16,0.045,nan,369,Eddyline Brewery & Restaurant,Buena Vista,CO
750,395,Crank Yanker IPA (2011),American IPA,16,0.078,74,369,Eddyline Brewery & Restaurant,Buena Vista,CO
751,,Bleeding Buckeye Red Ale,Extra Special / Strong Bitter (ESB),16,0.057,nan,352,Elevator Brewing Company,Columbus,OH
752,,Dottie Seattle Lager,American Amber / Red Lager,nan,0.049,nan,516,Emerald City Beer Company,Seattle,nan
753,,,American Brown Ale,12,0.07,nan,465,Engine 15 Brewing,Jacksonville Beach,nan
754,,Underachiever,American Adjunct Lager,16,0.05,nan,,Engine House 9,Tacoma,WA
755,2477,Lil' Brainless Raspberries,Fruit / Vegetable Beer,12,0.052,nan,81,Epic Brewing,Denver,CO
756,,Element 29,American Pale Ale (APA),12,0.052,nan,81,Epic Brewing,Denver,CO
757,2004,Hop Syndrome,American Pale Lager,nan,0.05,nan,,,Denver,nan
758,,Escape to Colorado,American IPA,nan,0.062,nan,81,Epic Brewing,Denver,CO
759,2292,Little Sister India Style Session Ale,American IPA,12,0.043,60,170,Everybody's Brewing,White Salmon,WA
760,1504,Country Boy IPA,American IPA,12,0.062,80,170,Everybody's Brewing,White Salmon,WA
761,2604,Blonde Czich,American Blonde Ale,16,0.049,23,26,Evil Czech Brewery,Mishawaka,IN
762,2432,White Reaper,nan,16,0.07,61,,Evil Czech Brewery,,IN
763,,Bobblehead,American Pale Wheat Ale,nan,0.051,nan,26,Evil Czech Brewery,Mishawaka,IN
764,2430,Lucky Dog,American Pale Ale (APA),16,0.052,nan,26,Evil Czech Brewery,Mishawaka,IN
765,2429,Voodoo,American Porter,16,0.048,nan,,Evil Czech Brewery,Mishawaka,IN
766,1967,General George Patton Pilsner,Czech Pilsener,16,0.054,48,,,Mishawaka,IN
767,2283,Nomader Weiss,Berliner Weissbier,12,0.04,nan,173,Evil Twin Brewing,Brooklyn,NY
768,,Molotov Lite,American Double / Imperial IPA,16,0.085,nan,173,Evil Twin Brewing,Brooklyn,NY
769,1287,Hipster Ale (Two Roads Brewing),American Pale Ale (APA),12,0.055,nan,173,Evil Twin Brewing,Brooklyn,NY
770,1286,Bikini Beer,American IPA,nan,0.027,nan,173,Evil Twin Brewing,Brooklyn,NY
771,640,Hipster Ale (Westbrook Brewing),American Pale Ale (APA),nan,0.055,nan,173,Evil Twin Brewing,Brooklyn,NY
772,1722,Iron Horse Pale Ale,nan,12,0.05,32,335,Fargo Brewing Company,Fargo,ND
773,1435,Stone's Throw IPA,nan,12,0.045,19,335,Fargo Brewing Company,Fargo,ND
774,1434,,American IPA,12,nan,70,335,Fargo Brewing Company,Fargo,ND
775,,Trail Head,nan,12,0.063,55,,Fat Head's Brewery,Middleburg Heights,OH
776,2088,Hop Stalker Fresh Hop IPA,American IPA,16,0.07,80,224,Fat Head's Brewery,,OH
777,1455,Sudice American Stout,American Stout,nan,0.07,nan,405,Fate Brewing Company,Boulder,CO
778,1454,Parcae Belgian Style Pale Ale,Belgian Pale Ale,16,0.05,20,405,Fate Brewing Company,Boulder,CO
779,1453,Norns Roggenbier,Roggenbier,16,0.05,20,405,Fate Brewing Company,Boulder,CO
780,1452,Laimas Kölsch Style Ale,Kölsch,16,0.05,20,405,Fate Brewing Company,Boulder,CO
781,1451,,American IPA,16,0.07,70,405,Fate Brewing Company,Boulder,CO
782,2191,Loki Red Ale,American Amber / Red Ale,16,0.075,53,201,Fearless Brewing Company,Estacada,OR
783,1731,Peaches & Cream,nan,16,0.046,nan,,Fearless Brewing Company,Estacada,OR
784,1022,Quaff India Style Session Ale,American IPA,16,0.051,nan,201,Fearless Brewing Company,Estacada,OR
785,895,Loki Red Ale (2013),American Amber / Red Ale,16,0.075,53,201,Fearless Brewing Company,Estacada,OR
786,682,Mjolnir Imperial IPA,American Double / Imperial IPA,16,0.069,nan,201,Fearless Brewing Company,Estacada,OR
787,112,Fearless Scottish Ale,Scottish Ale,nan,0.05,nan,201,Fearless Brewing Company,Estacada,OR
788,2289,Mastermind,American Double / Imperial IPA,12,0.081,nan,172,Fiddlehead Brewing Company,Shelburne,VT
789,2027,Hyzer Flip,American Double / Imperial IPA,nan,0.082,nan,172,Fiddlehead Brewing Company,Shelburne,VT
790,1929,Second Fiddle,American Double / Imperial IPA,16,0.082,80,172,Fiddlehead Brewing Company,Shelburne,VT
791,1858,,American Porter,16,nan,30,172,Fiddlehead Brewing Company,Shelburne,VT
792,2591,Weiss Weiss Baby,Kristalweizen,12,nan,nan,36,Figueroa Mountain Brewing Company,Buellton,CA
793,2590,Czech Yo Self,Czech Pilsener,12,0.055,45,36,Figueroa Mountain Brewing Company,Buellton,CA
794,,FMB 101,Kölsch,nan,nan,20,36,Figueroa Mountain Brewing Company,Buellton,CA
795,1981,,American Double / Imperial IPA,16,0.09,nan,,Finch's Beer Company,Chicago,IL
796,1664,Sobek & Set,American Black Ale,16,nan,80,256,Finch's Beer Company,Chicago,IL
797,1663,Nuclear Winter,Belgian Strong Dark Ale,16,0.086,nan,,Finch's Beer Company,Chicago,IL
798,1662,Wet Hot American Wheat Ale,American Pale Wheat Ale,16,nan,22,256,Finch's Beer Company,Chicago,IL
799,941,,American Stout,16,nan,nan,256,Finch's Beer Company,Chicago,IL
800,935,Fascist Pig Ale,American Amber / Red Ale,16,0.08,72,,Finch's Beer Company,Chicago,nan
801,809,Cut Throat Pale Ale,American Pale Ale (APA),16,0.055,nan,256,Finch's Beer Company,Chicago,IL
802,,Threadless IPA,American IPA,16,0.075,nan,256,Finch's Beer Company,Chicago,IL
803,,Cut Throat Pale Ale (2011),American Pale Ale (APA),16,0.055,nan,256,Finch's Beer Company,Chicago,IL
804,350,Golden Wing Blonde Ale,American Blonde Ale,16,nan,nan,256,Finch's Beer Company,Chicago,IL
805,2569,,American IPA,12,nan,47,48,Firestone Walker Brewing Company,Paso Robles,CA
806,2463,Union Jack,American IPA,12,0.075,75,48,Firestone Walker Brewing Company,Paso Robles,CA
807,2462,Pivo Pils,nan,12,0.053,nan,,,Paso Robles,nan
808,,805 Blonde Ale,American Blonde Ale,12,0.047,nan,48,Firestone Walker Brewing Company,Paso Robles,CA
809,1733,805,American Blonde Ale,12,0.047,20,48,Firestone Walker Brewing Company,Paso Robles,CA
810,2624,Deflator,Doppelbock,16,0.065,nan,16,Flat 12 Bierwerks,Indianapolis,IN
811,2284,,American Blonde Ale,nan,nan,27,16,Flat 12 Bierwerks,Indianapolis,IN
812,1610,Half Cycle IPA,American IPA,16,0.06,104,16,Flat 12 Bierwerks,Indianapolis,IN
813,520,Inclined Plane Ale,American IPA,nan,nan,nan,532,Flat Rock Brewing Company,Smithton,nan
814,,Moped Traveler,nan,nan,0.055,nan,,Flesk Brewing Company,Lombard,IL
815,608,Snake Dog IPA,American IPA,12,0.071,nan,521,Flying Dog Brewery,Frederick,MD
816,,,American Pale Lager,12,0.047,28,521,Flying Dog Brewery,Frederick,MD
817,,Flying Mouse 8,American Porter,12,0.04,nan,50,Flying Mouse Brewery,Troutville,VA
818,,Flying Mouse 4,American IPA,12,0.07,70,50,Flying Mouse Brewery,Troutville,VA
819,1899,La Ferme Urbaine Farmhouse Ale,Saison / Farmhouse Ale,12,0.078,nan,279,Foolproof Brewing Company,Pawtucket,RI
820,983,Backyahd IPA,American IPA,12,0.06,nan,279,Foolproof Brewing Company,Pawtucket,RI
821,982,Raincloud Robust Porter,American Porter,12,nan,nan,279,Foolproof Brewing Company,Pawtucket,RI
822,981,,American Blonde Ale,12,0.045,nan,,Foolproof Brewing Company,Pawtucket,nan
823,2111,What the Butler Saw,Witbier,12,0.05,18,,Forgotten Boardwalk,Cherry Hill,NJ
824,2110,1916 Shore Shiver,American IPA,12,0.069,65,217,Forgotten Boardwalk,,NJ
825,2172,Quick WIT,Belgian Pale Ale,12,0.052,nan,,Fort George Brewery,Astoria,OR
826,2171,,nan,12,nan,nan,206,Fort George Brewery,Astoria,OR
827,1911,Suicide Squeeze IPA,American IPA,16,0.045,nan,206,Fort George Brewery,Astoria,OR
828,1803,Java the Hop,American IPA,16,0.065,nan,206,Fort George Brewery,Astoria,OR
829,1566,Next Adventure Black IPA,nan,16,nan,nan,206,Fort George Brewery,Astoria,OR
830,1515,3-Way IPA (2013),American IPA,16,0.067,nan,,Fort George Brewery,Astoria,OR
831,1214,Tender Loving Empire NWPA,American Pale Ale (APA),16,0.058,nan,206,Fort George Brewery,Astoria,OR
832,674,,Witbier,16,nan,nan,206,Fort George Brewery,Astoria,OR
833,562,Sunrise Oatmeal Pale Ale,American Pale Ale (APA),16,0.055,nan,206,Fort George Brewery,Astoria,OR
834,552,,nan,nan,0.088,nan,206,Fort George Brewery,Astoria,OR
835,319,1811 Lager,nan,16,0.051,nan,206,Fort George Brewery,Astoria,OR
836,318,Vortex IPA,American IPA,nan,0.074,97,206,Fort George Brewery,Astoria,OR
837,2322,Fort Pitt Ale,American Amber / Red Ale,12,nan,nan,151,Fort Pitt Brewing Company,Latrobe,PA
838,2661,,nan,12,0.047,nan,4,Fort Point Beer Company,San Francisco,CA
839,2660,Westfalia,nan,nan,0.056,nan,4,Fort Point Beer Company,San Francisco,CA
840,2659,,nan,12,0.046,17,4,Fort Point Beer Company,San Francisco,CA
841,2658,Villager,American IPA,12,0.063,nan,4,Fort Point Beer Company,San Francisco,CA
842,2625,,Scotch Ale / Wee Heavy,12,nan,50,15,Founders Brewing Company,Grand Rapids,MI
843,1565,,American IPA,12,nan,65,15,Founders Brewing Company,Grand Rapids,MI
844,1223,All Day IPA,American IPA,12,0.047,42,15,Founders Brewing Company,Grand Rapids,MI
845,1874,El Chingon IPA,American IPA,12,0.076,nan,287,Four Corners Brewing Company,Dallas,TX
846,1873,Block Party Robust Porter,American Porter,12,0.057,40,287,Four Corners Brewing Company,Dallas,TX
847,1872,,American Blonde Ale,12,0.052,20,287,Four Corners Brewing Company,Dallas,TX
848,2613,Feel Like Maplin' Love,nan,nan,0.055,nan,,,Valparaiso,nan
849,2612,Father's Beer,Belgian Pale Ale,16,0.05,nan,22,Four Fathers Brewing,Valparaiso,IN
850,2611,The 26th,American IPA,16,0.06,nan,,Four Fathers Brewing,Valparaiso,IN
851,2610,The Gadget,American IPA,16,0.064,90,22,Four Fathers Brewing,Valparaiso,IN
852,1657,Leprechaun Lager,American Pale Lager,12,0.04,nan,348,,South Bend,IN
853,2309,Sunbru Kölsch,nan,12,0.052,nan,160,Four Peaks Brewing Company,Tempe,AZ
854,1635,Kilt Lifter Scottish-Style Ale,nan,12,nan,21,160,Four Peaks Brewing Company,Tempe,AZ
855,1616,Pumpkin Porter,American Porter,nan,0.051,nan,160,Four Peaks Brewing Company,Tempe,AZ
856,1585,Four Peaks Peach Ale,nan,12,0.042,nan,160,Four Peaks Brewing Company,Tempe,AZ
857,,Hop Knot IPA,American IPA,12,0.067,47,160,Four Peaks Brewing Company,Tempe,AZ
858,179,Kilt Lifter Scottish-Style Ale (2009),Scottish Ale,12,0.06,21,160,Four Peaks Brewing Company,Tempe,AZ
859,178,Sunbru Kölsch,Kölsch,12,nan,nan,160,Four Peaks Brewing Company,Tempe,AZ
860,2428,Four String Vanilla Porter,American Porter,12,0.06,nan,105,Four String Brewing Company,Columbus,OH
861,2427,Suncaster Summer Wheat,American Pale Wheat Ale,12,nan,28,105,Four String Brewing Company,Columbus,OH
862,2425,Brass Knuckle Pale Ale,American Pale Ale (APA),12,0.057,36,105,Four String Brewing Company,Columbus,OH
863,2424,Big Star White IPA,American White IPA,12,0.07,70,105,Four String Brewing Company,Columbus,OH
864,,Old Detroit,American Amber / Red Ale,12,0.056,nan,,Frankenmuth Brewery,Frankenmuth,MI
865,1556,Batch 69 IPA,nan,nan,0.069,69,253,Frankenmuth Brewery,Frankenmuth,MI
866,1208,Twisted Helles Summer Lager,Munich Helles Lager,12,0.055,18,,,Frankenmuth,MI
867,2527,OktoberFiesta,nan,12,0.053,27,66,Freetail Brewing Company,San Antonio,TX
868,2526,Texicali,American Brown Ale,12,0.065,nan,,,San Antonio,TX
869,,Pinata Protest,Witbier,12,0.06,nan,66,Freetail Brewing Company,San Antonio,TX
870,2524,Bat Outta Helles,Munich Helles Lager,12,0.042,20,,Freetail Brewing Company,San Antonio,TX
871,,,nan,12,0.068,nan,,,,nan
872,,Rye Wit,Witbier,12,0.042,10,,Freetail Brewing Company,San Antonio,TX
873,2521,Soul Doubt,American IPA,12,0.059,70,,,San Antonio,TX
874,2520,Yo Soy Un Berliner,Berliner Weissbier,12,0.044,5,66,Freetail Brewing Company,San Antonio,TX
875,1174,77 Fremont Select Spring Session IPA,American IPA,12,0.04,nan,460,Fremont Brewing Company,Seattle,WA
876,,Fremont Organic Pale Ale,nan,12,0.045,nan,460,Fremont Brewing Company,Seattle,WA
877,994,,English Strong Ale,12,0.08,nan,460,Fremont Brewing Company,Seattle,WA
878,901,Harvest Ale,Saison / Farmhouse Ale,12,nan,35,460,Fremont Brewing Company,Seattle,WA
879,875,Fremont Summer Ale,American Pale Ale (APA),12,0.065,45,460,Fremont Brewing Company,Seattle,WA
880,858,Universale Pale Ale,American Pale Ale (APA),12,nan,30,460,Fremont Brewing Company,Seattle,WA
881,857,Interurban IPA,American IPA,nan,0.065,80,,Fremont Brewing Company,Seattle,nan
882,1300,Gateway Kolsch Style Ale,nan,12,0.053,32,433,French Broad Brewery,Asheville,NC
883,1260,Wee-Heavy-Er Scotch Ale,Scotch Ale / Wee Heavy,12,0.07,24,433,French Broad Brewery,Asheville,NC
884,,13 Rebels ESB,Extra Special / Strong Bitter (ESB),12,0.052,42,433,French Broad Brewery,Asheville,NC
885,2254,Salamander Slam,American IPA,16,0.07,nan,180,Frog Level Brewing Company,Waynesville,NC
886,1658,,nan,12,0.05,nan,347,,,NC
887,2077,,nan,12,0.072,50,228,Geneva Lake Brewing Company,Lake Geneva,WI
888,2076,Boathouse Blonde,American Blonde Ale,12,nan,15,228,Geneva Lake Brewing Company,Lake Geneva,WI
889,2075,Cedar Point,nan,12,0.05,26,228,Geneva Lake Brewing Company,Lake Geneva,WI
890,2426,Clean Shave IPA,American IPA,12,0.067,70,106,Glabrous Brewing Company,,ME
891,2045,,American Pale Lager,16,0.072,75,240,Golden Road Brewing,Los Angeles,CA
892,,Saison Pamplemousse,Saison / Farmhouse Ale,12,nan,35,240,Golden Road Brewing,Los Angeles,CA
893,1777,2020 IPA,American IPA,16,0.074,74,240,Golden Road Brewing,Los Angeles,CA
894,1698,,American IPA,nan,0.08,70,240,Golden Road Brewing,Los Angeles,CA
895,1641,Better Weather IPA,American IPA,16,0.094,92,240,Golden Road Brewing,Los Angeles,CA
896,1490,Point the Way IPA,American IPA,16,0.059,60,240,Golden Road Brewing,Los Angeles,CA
897,1489,,Hefeweizen,16,0.046,nan,240,Golden Road Brewing,Los Angeles,CA
898,1399,Heal the Bay IPA,nan,16,nan,65,,Golden Road Brewing,Los Angeles,CA
899,1296,Point the Way IPA,American IPA,12,0.059,60,240,Golden Road Brewing,Los Angeles,CA
900,1034,Cabrillo Kölsch,Kölsch,16,0.05,nan,,,Los Angeles,CA
901,991,Get Up Offa That Brown,American Brown Ale,16,0.055,20,240,Golden Road Brewing,Los Angeles,CA
902,750,Burning Bush Smoked IPA,American IPA,16,0.08,70,240,Golden Road Brewing,Los Angeles,CA
903,749,Wolf Among Weeds IPA (2012),American IPA,16,0.08,70,,Golden Road Brewing,Los Angeles,CA
904,,Point the Way IPA (2012),nan,16,0.059,60,,,Los Angeles,CA
905,548,Golden Road Hefeweizen (2012),Hefeweizen,16,0.046,15,240,Golden Road Brewing,Los Angeles,CA
906,2587,Vanilla Porter,nan,16,0.07,11,39,Gonzo's BiggDogg Brewing,,MI
907,1109,Descender IPA,American IPA,12,0.07,70,464,Good Life Brewing Company,Bend,OR
908,1108,Sweet As Pacific Ale,American Pale Wheat Ale,nan,0.06,18,464,Good Life Brewing Company,Bend,OR
909,1000,Good People Pale Ale,American Pale Ale (APA),12,0.056,36,478,Good People Brewing Company,Birmingham,AL
910,312,Snake Handler Double IPA,American Double / Imperial IPA,nan,0.093,103,,Good People Brewing Company,Birmingham,AL
911,,Coffee Oatmeal Stout,Oatmeal Stout,12,0.06,nan,478,Good People Brewing Company,Birmingham,AL
912,309,Good People IPA,nan,12,0.06,64,478,Good People Brewing Company,Birmingham,AL
913,308,Good People American Brown Ale,American Brown Ale,12,0.058,36,,Good People Brewing Company,Birmingham,AL
914,2205,Mountain Rescue Pale Ale,American Pale Ale (APA),12,0.055,40,194,Goodlife Brewing Co.,,OR
915,2198,Goose Island India Pale Ale,American IPA,nan,0.059,nan,196,Goose Island Brewery Company,Chicago,IL
916,2457,312 Urban Pale Ale,nan,16,0.054,30,88,Goose Island Brewing Company,Chicago,IL
917,2202,,American Pale Ale (APA),nan,0.054,30,88,Goose Island Brewing Company,Chicago,IL
918,2201,312 Urban Wheat Ale,American Pale Wheat Ale,16,0.042,18,,Goose Island Brewing Company,Chicago,IL
919,1829,312 Urban Wheat Ale,American Pale Wheat Ale,12,0.042,18,88,Goose Island Brewing Company,Chicago,IL
920,581,312 Urban Wheat Ale (2012),American Pale Wheat Ale,12,nan,nan,88,Goose Island Brewing Company,Chicago,IL
921,1383,,nan,12,nan,19,420,Gore Range Brewery,Edwards,CO
922,477,White Water Wheat,American Pale Wheat Ale,12,0.05,nan,536,Grand Canyon Brewing Company,Williams,AZ
923,476,,American Pilsner,12,0.052,nan,536,Grand Canyon Brewing Company,Williams,AZ
924,143,Grand Canyon Sunset Amber Ale,American Amber / Red Ale,12,nan,nan,536,Grand Canyon Brewing Company,Williams,AZ
925,,Black Iron India Pale Ale,nan,12,nan,nan,536,Grand Canyon Brewing Company,Williams,AZ
926,2129,,American Pale Wheat Ale,nan,0.043,21,213,Grapevine Craft Brewery,Farmers Branch,TX
927,,Sir William's English Brown Ale,nan,12,0.049,21,213,Grapevine Craft Brewery,Farmers Branch,TX
928,2126,Lakefire Rye Pale Ale,American Pale Ale (APA),12,0.055,35,213,Grapevine Craft Brewery,Farmers Branch,TX
929,2303,Beer Agent Re-Ignition,American Blonde Ale,16,0.053,nan,165,Great Crescent Brewery,Aurora,IN
930,1990,Cherry Ale,nan,16,0.057,nan,165,Great Crescent Brewery,Aurora,IN
931,,Bourbon Barrel Aged Coconut Porter,American Porter,16,nan,33,,,Aurora,IN
932,1701,,American IPA,16,0.062,60,165,Great Crescent Brewery,Aurora,IN
933,1700,Aurora Lager,Dortmunder / Export Lager,16,0.057,nan,165,Great Crescent Brewery,Aurora,IN
934,1699,Great Crescent Blonde Ale,nan,16,0.053,22,165,Great Crescent Brewery,Aurora,IN
935,1269,Great Crescent Coconut Porter,American Porter,16,0.056,33,165,Great Crescent Brewery,Aurora,IN
936,,,Märzen / Oktoberfest,16,0.057,25,165,Great Crescent Brewery,Aurora,IN
937,649,Great Crescent Brown Ale,American Brown Ale,16,0.045,36,,Great Crescent Brewery,,IN
938,639,Cherry Ale (1),Fruit / Vegetable Beer,nan,0.057,18,165,Great Crescent Brewery,Aurora,IN
939,626,Aurora Lager (2011),Dortmunder / Export Lager,16,0.057,27,,Great Crescent Brewery,Aurora,IN
940,615,Frosted Fields Winter Wheat,American Dark Wheat Ale,16,0.06,25,165,Great Crescent Brewery,Aurora,IN
941,,Great Crescent Belgian Style Wit,Witbier,16,0.051,13,165,Great Crescent Brewery,Aurora,IN
942,455,Bourbon's Barrel Stout,American Stout,nan,0.075,65,165,Great Crescent Brewery,Aurora,IN
943,442,Great Crescent Stout,English Stout,16,0.08,66,165,Great Crescent Brewery,Aurora,IN
944,441,Great Crescent Coconut Porter (2012),American Porter,16,0.056,33,165,Great Crescent Brewery,Aurora,IN
945,440,Great Crescent Dark Lager,Euro Dark Lager,nan,0.057,23,165,Great Crescent Brewery,Aurora,IN
946,439,Great Crescent Mild Ale,English Dark Mild Ale,16,0.042,26,165,Great Crescent Brewery,Aurora,IN
947,436,Great Crescent IPA (2011),nan,16,0.062,60,165,Great Crescent Brewery,Aurora,IN
948,,Great Crescent Blonde Ale (2011),American Blonde Ale,16,0.053,22,165,Great Crescent Brewery,Aurora,IN
949,,Denver Pale Ale (Artist Series No. 1),American Pale Ale (APA),12,0.05,nan,6,Great Divide Brewing Company,Denver,CO
950,2649,Hibernation Ale,Old Ale,12,0.087,nan,6,Great Divide Brewing Company,Denver,CO
951,,Whitewater,American Pale Wheat Ale,12,0.061,nan,6,Great Divide Brewing Company,Denver,CO
952,2647,Rumble,nan,12,0.071,nan,,Great Divide Brewing Company,Denver,CO
953,,Orabelle,Tripel,12,0.083,nan,6,Great Divide Brewing Company,Denver,CO
954,2645,Lasso,American IPA,12,0.05,nan,,Great Divide Brewing Company,Denver,CO
955,2644,Yeti  Imperial Stout,nan,nan,0.095,75,6,Great Divide Brewing Company,Denver,CO
956,2643,Colette,Saison / Farmhouse Ale,nan,0.073,nan,6,Great Divide Brewing Company,Denver,CO
957,2642,,American IPA,12,0.071,nan,6,Great Divide Brewing Company,Denver,CO
958,404,Black Star Double Hopped Golden Lager (24 oz.),American Pale Lager,24,0.045,15,543,Great Northern Brewing Company,Whitefish,MT
959,164,Black Star Double Hopped Golden Lager (12 oz.),American Pale Lager,12,0.045,15,543,Great Northern Brewing Company,Whitefish,MT
960,1923,Commotion APA,American Pale Ale (APA),12,nan,49,269,Great Raft Brewing Company,Shreveport,LA
961,1922,Southern Drawl Pale Lager,American Pale Lager,12,0.052,nan,269,Great Raft Brewing Company,Shreveport,LA
962,1604,,nan,12,0.05,5,,Great River Brewery,Davenport,IA
963,1574,Barrel Aged Farmer,American Brown Ale,16,0.07,nan,365,Great River Brewery,Davenport,IA
964,1446,Great River Golden Ale,American Blonde Ale,12,nan,nan,365,Great River Brewery,Davenport,IA
965,1275,Dirty Blonde Chocolate Ale,American Blonde Ale,12,0.048,nan,365,Great River Brewery,Davenport,IA
966,1244,Dos Pistolas,Vienna Lager,12,0.048,20,365,Great River Brewery,Davenport,IA
967,,Owney Irish Style Red Ale,nan,nan,0.05,30,365,Great River Brewery,Davenport,IA
968,1028,Aaah Bock Lager,Vienna Lager,nan,0.06,nan,365,Great River Brewery,Davenport,IA
969,865,Widespread Wit,Witbier,16,0.055,nan,,Great River Brewery,Davenport,IA
970,864,Roller Dam Red Ale,Irish Red Ale,nan,nan,30,365,Great River Brewery,Davenport,IA
971,863,483 Pale Ale,American Pale Ale (APA),16,0.053,48,365,Great River Brewery,Davenport,IA
972,672,Hop A Potamus Double Dark Rye Pale Ale,Rye Beer,16,0.09,99,365,Great River Brewery,Davenport,IA
973,655,Farmer Brown Ale,American Brown Ale,16,0.07,22,365,Great River Brewery,Davenport,IA
974,540,Big Cock IPA,American IPA,nan,0.07,70,365,Great River Brewery,Davenport,IA
975,539,Oktoberfest,Märzen / Oktoberfest,16,0.059,nan,365,Great River Brewery,Davenport,IA
976,517,,American Amber / Red Ale,16,nan,25,365,Great River Brewery,Davenport,IA
977,371,Redband Stout,American Stout,16,0.06,36,,Great River Brewery,Davenport,nan
978,190,483 Pale Ale (2010),American Pale Ale (APA),16,0.053,48,365,Great River Brewery,Davenport,IA
979,189,Roller Dam Red Ale (2010),Irish Red Ale,16,0.054,30,365,Great River Brewery,Davenport,IA
980,1106,Pablo Beach Pale Ale,American Pale Ale (APA),12,0.05,30,466,Green Room Brewing,Jacksonville,FL
981,2314,Wild Trail Pale Ale,American Pale Ale (APA),12,0.057,44,156,Greenbrier Valley Brewing Company,Lewisburg,WV
982,2313,Mothman Black IPA,American Black Ale,12,nan,71,156,Greenbrier Valley Brewing Company,Lewisburg,WV
983,2461,,nan,16,0.058,nan,86,Grey Sail Brewing Company,Westerly,RI
984,,Captain's Daughter,American Double / Imperial IPA,12,0.085,69,86,Grey Sail Brewing Company,Westerly,RI
985,1567,Autumn Winds,Märzen / Oktoberfest,nan,0.058,nan,379,Grey Sail Brewing of Rhode Island,Westerly,RI
986,1505,Flying Jenny Extra Pale Ale,American Pale Ale (APA),12,0.06,54,379,Grey Sail Brewing of Rhode Island,Westerly,RI
987,1186,Hazy Day Belgian-Style Wit,Witbier,16,0.04,20,379,Grey Sail Brewing of Rhode Island,Westerly,RI
988,1185,Bring Back the Beach Blonde Ale,nan,16,0.055,nan,379,Grey Sail Brewing of Rhode Island,Westerly,RI
989,984,Leaning Chimney Smoked Porter,American Porter,16,0.06,34,379,Grey Sail Brewing of Rhode Island,Westerly,RI
990,693,Flying Jenny Extra Pale Ale (2012),American Pale Ale (APA),12,nan,nan,379,Grey Sail Brewing of Rhode Island,Westerly,RI
991,631,Flagship Ale,Cream Ale,12,0.049,22,379,Grey Sail Brewing of Rhode Island,Westerly,RI
992,2375,Mr. Blue Sky,American Pale Wheat Ale,16,0.045,6,124,Griffin Claw Brewing Company,Birmingham,MI
993,2143,3 Scrooges,Winter Warmer,16,nan,nan,124,Griffin Claw Brewing Company,Birmingham,MI
994,2142,Screamin�?Pumpkin,Pumpkin Ale,16,0.05,25,124,Griffin Claw Brewing Company,Birmingham,MI
995,2141,,Czech Pilsener,16,0.05,nan,124,Griffin Claw Brewing Company,Birmingham,MI
996,,El Rojo,nan,16,0.065,25,124,Griffin Claw Brewing Company,Birmingham,MI
997,2139,Norm's Raggedy Ass IPA,American IPA,16,0.075,nan,124,Griffin Claw Brewing Company,Birmingham,MI
998,2138,Grind Line,American Pale Ale (APA),16,0.05,nan,124,Griffin Claw Brewing Company,Birmingham,MI
999,2007,,American IPA,12,0.04,55,124,Griffin Claw Brewing Company,Birmingham,MI
1000,1570,Lemon Shandy Tripel,Tripel,16,0.09,nan,124,Griffin Claw Brewing Company,Birmingham,MI
1001,2339,Little Red Cap,nan,12,0.063,43,144,Grimm Brothers Brewhouse,Loveland,CO
1002,1857,Supergoose IPA,American IPA,12,0.069,67,,Hale's Ales,Seattle,WA
1003,1440,Hale's Pale American Ale,American Pale Ale (APA),12,0.047,nan,,Hale's Ales,,WA
1004,1753,Heyoka IPA,American IPA,16,0.07,nan,327,Half Acre Beer Company,Chicago,IL
1005,1448,,American Double / Imperial Pilsner,16,0.08,nan,327,Half Acre Beer Company,Chicago,IL
1006,,,German Pilsener,16,nan,nan,327,Half Acre Beer Company,Chicago,IL
1007,1066,Akari Shogun American Wheat Ale,nan,16,0.055,nan,,Half Acre Beer Company,Chicago,IL
1008,,Meat Wave,English India Pale Ale (IPA),nan,0.06,nan,327,Half Acre Beer Company,Chicago,IL
1009,352,Over Ale,American Brown Ale,nan,0.06,nan,,Half Acre Beer Company,Chicago,IL
1010,149,Gossamer Golden Ale,American Blonde Ale,nan,0.042,nan,327,Half Acre Beer Company,Chicago,IL
1011,148,Daisy Cutter Pale Ale,American Pale Ale (APA),16,0.052,nan,327,Half Acre Beer Company,Chicago,IL
1012,2026,,American IPA,12,0.07,40,248,Half Full Brewery,Stamford,nan
1013,1361,Half Full Bright Ale,American Blonde Ale,12,0.052,18,,Half Full Brewery,,CT
1014,1016,Orange Wheat,Fruit / Vegetable Beer,nan,0.046,17,476,Hangar 24 Craft Brewery,Redlands,CA
1015,1015,Hangar 24 Helles Lager,Munich Helles Lager,nan,0.043,14,476,Hangar 24 Craft Brewery,Redlands,CA
1016,1677,The Great Return,American IPA,16,0.075,70,,Hardywood Park Craft Brewery,Richmond,VA
1017,1331,Hardywood Cream Ale,Cream Ale,12,0.044,18,,Hardywood Park Craft Brewery,Richmond,VA
1018,1270,Capital Trail Pale Ale,American Pale Ale (APA),12,nan,55,,Hardywood Park Craft Brewery,,nan
1019,,UFO Gingerland,Herbed / Spiced Beer,12,nan,15,234,Harpoon Brewery,Boston,MA
1020,1653,,nan,12,nan,45,234,Harpoon Brewery,Boston,MA
1021,,Honey Cider,Cider,12,0.048,nan,234,Harpoon Brewery,Boston,MA
1022,1380,Harpoon Summer Beer,Kölsch,12,nan,28,234,Harpoon Brewery,Boston,MA
1023,1379,,American IPA,12,nan,42,234,Harpoon Brewery,Boston,MA
1024,1340,UFO Pumpkin,nan,12,0.059,20,234,Harpoon Brewery,Boston,MA
1025,1313,Harpoon Octoberfest,Märzen / Oktoberfest,12,0.055,30,234,Harpoon Brewery,Boston,MA
1026,770,Harpoon IPA (2012),American IPA,12,0.059,nan,234,Harpoon Brewery,Boston,MA
1027,769,Harpoon Summer Beer (2012),Kölsch,12,0.05,28,234,Harpoon Brewery,Boston,MA
1028,,UFO White,American Pale Wheat Ale,12,nan,nan,234,Harpoon Brewery,Boston,MA
1029,192,Harpoon Summer Beer (2010),nan,12,0.05,nan,,Harpoon Brewery,Boston,nan
1030,126,Harpoon IPA (2010),American IPA,12,0.059,42,234,Harpoon Brewery,Boston,MA
1031,506,Great Falls Select Pale Ale,American Blonde Ale,12,nan,nan,535,Harvest Moon Brewing Company,Belt,MT
1032,181,Beltian White,Witbier,12,0.048,nan,535,Harvest Moon Brewing Company,Belt,MT
1033,2183,Kaua'i Golden Ale,American Blonde Ale,12,0.049,nan,204,Hawai'i Nui Brewing Co.,Hilo,HI
1034,,Sunset Amber,American Pale Ale (APA),12,0.054,nan,204,Hawai'i Nui Brewing Co.,Hilo,HI
1035,2181,Hapa Brown Ale,American Brown Ale,19.2,0.064,nan,204,Hawai'i Nui Brewing Co.,Hilo,HI
1036,2180,,American Brown Ale,12,0.064,nan,204,Hawai'i Nui Brewing Co.,Hilo,HI
1037,,Southern Cross,Flanders Red Ale,19.2,0.083,nan,204,Hawai'i Nui Brewing Co.,Hilo,HI
1038,1895,Groupe G,Belgian IPA,16,0.076,65,280,Headlands Brewing Company,Mill Valley,CA
1039,1894,Pt. Bonita Rustic Lager,American Pale Lager,16,0.062,40,,Headlands Brewing Company,Mill Valley,CA
1040,1893,Hill 88 Double IPA,American Double / Imperial IPA,16,0.088,77,280,Headlands Brewing Company,Mill Valley,CA
1041,,Loose Cannon,American IPA,12,nan,45,479,Heavy Seas Beer,Halethorpe,MD
1042,,AARGHtoberfest!,Märzen / Oktoberfest,12,0.06,30,479,Heavy Seas Beer,Halethorpe,MD
1043,988,Davy Jones Lager,nan,nan,0.06,nan,479,Heavy Seas Beer,Halethorpe,MD
1044,1351,,Cream Ale,16,0.063,nan,423,Hess Brewing Company,San Diego,CA
1045,1346,Habitus IPA,American IPA,16,0.08,86,423,Hess Brewing Company,San Diego,CA
1046,904,Ex Umbris Rye Imperial Stout,American Double / Imperial Stout,16,0.099,85,423,Hess Brewing Company,San Diego,CA
1047,,The Golden One,American Pilsner,12,0.063,nan,168,High Hops Brewery,Windsor,CO
1048,2294,The Power of Zeus,American Pale Ale (APA),12,0.07,68,,High Hops Brewery,Windsor,nan
1049,824,Tonganoxie Honey Wheat,American Pale Wheat Ale,12,0.044,22,500,High Noon Saloon And Brewery,Leavenworth,KS
1050,616,Oregon Trail Unfiltered Raspberry Wheat,nan,12,0.045,nan,500,High Noon Saloon And Brewery,Leavenworth,KS
1051,96,Annie's Amber Ale,American Amber / Red Ale,12,0.055,nan,500,High Noon Saloon And Brewery,Leavenworth,KS
1052,,The 12th Can�?American Pale Ale (APA),16,0.045,32,362,Hilliard's Beer,Seattle,WA,nan
1053,,Hilliard's Pils,nan,16,0.055,34,362,Hilliard's Beer,Seattle,WA
1054,724,Hilliard's Blonde,American Blonde Ale,nan,0.049,20,362,Hilliard's Beer,Seattle,WA
1055,497,Hilliard's Amber Ale,American Amber / Red Ale,16,0.055,60,362,Hilliard's Beer,Seattle,WA
1056,496,Hilliard's Saison,nan,nan,0.066,30,362,Hilliard's Beer,Seattle,WA
1057,1652,White Cap White IPA,American White IPA,16,0.042,nan,349,Hinterland Brewery,Green Bay,WI
1058,,Provision,Saison / Farmhouse Ale,12,0.042,25,,Hop Farm Brewing Company,Pittsburgh,PA
1059,1834,,nan,nan,0.047,28,,,Pittsburgh,PA
1060,1833,Hop Farm IPA,nan,12,0.058,45,,Hop Farm Brewing Company,Pittsburgh,PA
1061,2195,Double D Blonde,American Blonde Ale,12,0.049,20,198,Hop Valley Brewing Company,Springfield,OR
1062,1605,Festeroo Winter Ale,American Strong Ale,12,0.078,60,,Hop Valley Brewing Company,Springfield,OR
1063,1543,,American IPA,nan,0.063,70,198,Hop Valley Brewing Company,Springfield,OR
1064,1390,Double D Blonde (2013),American Blonde Ale,nan,0.049,20,198,Hop Valley Brewing Company,Springfield,OR
1065,1354,541 American Lager,American Pale Lager,12,0.048,13,,Hop Valley Brewing Company,Springfield,OR
1066,1353,Alphadelic IPA,American IPA,12,0.065,90,198,Hop Valley Brewing Company,Springfield,OR
1067,499,,American IPA,12,nan,nan,198,Hop Valley Brewing Company,Springfield,OR
1068,498,Double D Blonde (2011),American Blonde Ale,12,0.049,20,198,Hop Valley Brewing Company,Springfield,OR
1069,1501,Green House India Pale Ale,American IPA,12,0.07,nan,395,Hops & Grain Brewery,Austin,TX
1070,,The One They Call Zoe,American Pale Lager,12,0.051,nan,395,Hops & Grain Brewery,Austin,TX
1071,502,,Altbier,12,0.051,40,395,Hops & Grain Brewery,Austin,TX
1072,501,,nan,12,nan,50,395,Hops & Grain Brewery,Austin,TX
1073,2357,Porter Culture,American Porter,nan,nan,nan,136,Hops & Grains Brewing Company,Austin,TX
1074,2483,Hard Cider,nan,16,0.068,nan,80,Hopworks Urban Brewery,Portland,OR
1075,2482,,Radler,16,0.027,21,80,Hopworks Urban Brewery,Portland,OR
1076,2400,Nonstop Hef Hop,American Pale Wheat Ale,16,0.039,20,80,Hopworks Urban Brewery,Portland,OR
1077,,Nonstop Hef Hop,American Pale Wheat Ale,nan,0.039,20,80,Hopworks Urban Brewery,Portland,OR
1078,2398,Nonstop Hef Hop,American Pale Wheat Ale,16,0.039,20,80,Hopworks Urban Brewery,Portland,OR
1079,,Nonstop Hef Hop,American Pale Wheat Ale,16,nan,20,,Hopworks Urban Brewery,Portland,OR
1080,2396,,American Pale Wheat Ale,nan,0.039,nan,80,Hopworks Urban Brewery,Portland,OR
1081,2395,Nonstop Hef Hop,American Pale Wheat Ale,16,0.039,nan,80,Hopworks Urban Brewery,Portland,OR
1082,,Nonstop Hef Hop,nan,16,0.039,20,80,Hopworks Urban Brewery,Portland,OR
1083,2393,,American Pale Wheat Ale,16,0.039,nan,80,Hopworks Urban Brewery,Portland,OR
1084,2392,Nonstop Hef Hop,American Pale Wheat Ale,16,0.039,20,80,Hopworks Urban Brewery,Portland,OR
1085,2391,,nan,16,nan,20,80,Hopworks Urban Brewery,Portland,OR
1086,2390,Nonstop Hef Hop,American Pale Wheat Ale,nan,nan,20,80,Hopworks Urban Brewery,Portland,OR
1087,2389,Nonstop Hef Hop,American Pale Wheat Ale,16,0.039,20,80,Hopworks Urban Brewery,Portland,OR
1088,2388,Rise Up Red,American Amber / Red Ale,16,0.058,60,80,Hopworks Urban Brewery,Portland,OR
1089,2200,Survival Stout,American Stout,16,nan,nan,80,Hopworks Urban Brewery,Portland,OR
1090,2199,Hopworks IPA,nan,16,0.066,75,80,Hopworks Urban Brewery,Portland,OR
1091,2193,Abominable Winter Ale,American Strong Ale,16,nan,nan,80,Hopworks Urban Brewery,Portland,OR
1092,1398,Pigwar White India Pale Ale,American White IPA,16,0.06,60,80,Hopworks Urban Brewery,Portland,OR
1093,1085,Rise-Up Red (2014),American Amber / Red Ale,16,0.058,60,80,Hopworks Urban Brewery,Portland,OR
1094,916,Abominable Winter Ale (2012),American Strong Ale,16,0.073,70,80,Hopworks Urban Brewery,Portland,OR
1095,658,,Czech Pilsener,16,nan,32,80,Hopworks Urban Brewery,Portland,OR
1096,653,Hopworks IPA (2012),American IPA,16,0.066,75,80,Hopworks Urban Brewery,Portland,OR
1097,,Watermelon Wheat,American Pale Wheat Ale,12,0.056,nan,120,Horny Goat Brew Pub,Milwaukee,WI
1098,2384,Laka Laka Pineapple,Hefeweizen,12,0.051,17,120,Horny Goat Brew Pub,Milwaukee,WI
1099,2383,Oktoberfest,Märzen / Oktoberfest,16,0.06,nan,,Horny Goat Brew Pub,Milwaukee,WI
1100,1251,,American Pale Ale (APA),nan,nan,nan,445,Howard Brewing Company,Lenoir,NC
1101,1250,Action Man Lager,Vienna Lager,12,0.055,nan,445,Howard Brewing Company,Lenoir,NC
1102,1903,Let It Ride IPA,American IPA,12,0.068,90,,,Minneapolis,MN
1103,1691,Stir Crazy Winter Ale,Winter Warmer,12,nan,nan,277,Indeed Brewing Company,Minneapolis,MN
1104,1555,Sweet Yamma Jamma Ale,Fruit / Vegetable Beer,nan,0.05,10,277,Indeed Brewing Company,Minneapolis,MN
1105,1115,Shenanigans Summer Ale,American Pale Wheat Ale,nan,0.046,nan,277,Indeed Brewing Company,Minneapolis,MN
1106,729,Midnight Ryder,American Black Ale,12,0.065,80,277,Indeed Brewing Company,Minneapolis,MN
1107,728,Day Tripper Pale Ale,American Pale Ale (APA),12,0.054,45,,,Minneapolis,nan
1108,2350,Oklahoma Suks,American Amber / Red Ale,12,0.048,32,140,Independence Brewing Company,Austin,TX
1109,2301,Power & Light,American Pale Ale (APA),12,0.055,nan,140,Independence Brewing Company,Austin,TX
1110,1904,White Rabbit,Witbier,nan,nan,27,140,Independence Brewing Company,Austin,TX
1111,2609,Tribute,American Pale Ale (APA),12,0.058,58,,Indiana City Brewing,Indianapolis,IN
1112,,Infamous IPA,nan,12,nan,75,242,Infamous Brewing Company,Austin,TX
1113,1774,Hijack,nan,12,nan,20,242,Infamous Brewing Company,Austin,TX
1114,559,Jon Boat Coastal Ale,American Blonde Ale,12,0.045,20,527,Intuition Ale Works,Jacksonville,FL
1115,558,I-10 IPA,American IPA,nan,nan,nan,527,Intuition Ale Works,Jacksonville,FL
1116,553,People's Pale Ale,American Pale Ale (APA),12,0.053,28,527,Intuition Ale Works,Jacksonville,FL
1117,2376,Summer Ale,American Blonde Ale,nan,0.049,nan,123,Ipswich Ale Brewery,Ipswich,MA
1118,1784,Appreciation Ale,American IPA,16,nan,nan,316,Iron Hill Brewery & Restaurant,Wilmington,DE
1119,,House Lager,Keller Bier / Zwickel Bier,16,nan,18,2,Jack's Abby Craft Lagers,Framingham,MA
1120,2672,Leisure Time,American Pale Lager,12,nan,nan,2,Jack's Abby Craft Lagers,Framingham,MA
1121,2671,Excess IPL,American India Pale Lager,16,0.072,80,2,Jack's Abby Craft Lagers,Framingham,MA
1122,2670,Hoponius Union,American India Pale Lager,12,0.067,65,2,Jack's Abby Craft Lagers,Framingham,MA
1123,,Calyptra,American India Pale Lager,12,nan,45,,,Framingham,MA
1124,1405,Helen's Blend,Cider,nan,0.05,nan,416,Jack's Hard Cider (Hauser Estate...,Biglerville,PA
1125,,Jack's Hard Cider,Cider,12,0.051,nan,416,Jack's Hard Cider (Hauser Estate...,Biglerville,PA
1126,1793,Thunder Ann,American Pale Ale (APA),12,0.055,37,312,Jackalope Brewing Company,Nashville,TN
1127,2453,Razz Wheat,Fruit / Vegetable Beer,12,0.055,nan,92,Jackie O's Pub & Brewery,Athens,OH
1128,2363,Hop Ryot,nan,12,0.065,nan,92,Jackie O's Pub & Brewery,Athens,OH
1129,689,Mystic Mama IPA,American IPA,12,0.07,nan,92,Jackie O's Pub & Brewery,Athens,OH
1130,688,Firefly Amber Ale,American Amber / Red Ale,12,0.05,nan,92,Jackie O's Pub & Brewery,Athens,OH
1131,687,Chomolungma Honey Nut Brown Ale,English Brown Ale,12,0.067,nan,92,Jackie O's Pub & Brewery,Athens,OH
1132,2408,,American IPA,nan,nan,nan,114,Jailbreak Brewing Company,Laurel,nan
1133,2595,Bastian,American Strong Ale,nan,nan,nan,32,James Page Brewing Company,Stevens Point,WI
1134,2480,Healani,nan,12,0.045,nan,32,James Page Brewing Company,Stevens Point,WI
1135,1525,Yabba Dhaba Chai Tea Porter,American Porter,12,0.055,nan,32,James Page Brewing Company,Stevens Point,WI
1136,1524,A Capella Gluten Free Pale Ale,American Pale Ale (APA),12,nan,nan,32,James Page Brewing Company,Stevens Point,WI
1137,1523,,nan,12,0.06,nan,32,James Page Brewing Company,Stevens Point,WI
1138,1254,JP's Ould Sod Irish Red IPA,American IPA,12,0.06,nan,32,James Page Brewing Company,Stevens Point,WI
1139,2060,Weize Guy,nan,12,nan,15,233,Joseph James Brewing Company,Henderson,NV
1140,469,Fox Tail Gluten Free Ale,American Pale Ale (APA),12,nan,nan,233,Joseph James Brewing Company,Henderson,NV
1141,468,Hop Box Imperial IPA,American Double / Imperial IPA,12,0.093,90,233,Joseph James Brewing Company,Henderson,NV
1142,467,,American Adjunct Lager,12,nan,15,233,Joseph James Brewing Company,Henderson,NV
1143,2163,,American IPA,12,0.071,nan,208,Kalona Brewing Company,Kalona,IA
1144,2162,Lewbricator Wheat Dopplebock,Doppelbock,12,0.075,24,208,Kalona Brewing Company,Kalona,IA
1145,2374,Weisse Versa (2012),Hefeweizen,12,0.052,16,125,Karbach Brewing Company,Houston,TX
1146,1560,Mother in Lager,Munich Dunkel Lager,nan,0.058,nan,125,Karbach Brewing Company,Houston,TX
1147,1557,Weekend Warrior Pale Ale,American Pale Ale (APA),12,0.055,nan,125,Karbach Brewing Company,Houston,TX
1148,1458,,Märzen / Oktoberfest,12,0.055,25,125,Karbach Brewing Company,Houston,TX
1149,1235,Love Street Summer Seasonal (2014),Kölsch,12,0.047,20,,Karbach Brewing Company,Houston,TX
1150,1068,Barn Burner Saison,Saison / Farmhouse Ale,12,0.066,20,125,Karbach Brewing Company,Houston,TX
1151,666,Rodeo Clown Double IPA,American Double / Imperial IPA,nan,0.095,85,125,Karbach Brewing Company,Houston,TX
1152,,,American Amber / Red Lager,12,0.049,45,125,Karbach Brewing Company,Houston,TX
1153,464,Weisse Versa,Hefeweizen,nan,0.052,15,125,Karbach Brewing Company,Houston,TX
1154,463,Hopadillo India Pale Ale,nan,12,0.066,70,125,Karbach Brewing Company,Houston,TX
1155,,KelSo Nut Brown Lager,Euro Dark Lager,12,0.057,19,,KelSo Beer Company,Brooklyn,NY
1156,1572,KelSo India Pale Ale,American IPA,12,0.06,64,342,KelSo Beer Company,Brooklyn,NY
1157,1348,KelSo Pilsner,Czech Pilsener,12,0.055,nan,342,KelSo Beer Company,Brooklyn,NY
1158,1193,Skilak Scottish Ale,Scottish Ale,12,0.058,nan,458,Kenai River Brewing Company,Soldotna,AK
1159,,Peninsula Brewers Reserve (PBR),nan,12,0.05,15,458,Kenai River Brewing Company,Soldotna,AK
1160,,Sunken Island IPA,American IPA,12,0.068,nan,,,Soldotna,AK
1161,,Skilak Scottish Ale (2011),Scottish Ale,12,0.058,nan,458,Kenai River Brewing Company,Soldotna,AK
1162,,Cold Smoke Scotch Ale (2007),Scotch Ale / Wee Heavy,16,0.065,nan,510,Kettle House Brewing Company,Missoula,MT
1163,759,Double Haul IPA (2009),American IPA,16,0.065,65,510,Kettle House Brewing Company,Missoula,MT
1164,,Double Haul IPA (2006),nan,16,0.065,65,510,Kettle House Brewing Company,Missoula,MT
1165,87,Eddy Out Pale Ale,American Pale Ale (APA),16,0.055,50,510,Kettle House Brewing Company,Missoula,MT
1166,86,Double Haul IPA,nan,nan,0.065,nan,510,Kettle House Brewing Company,Missoula,MT
1167,85,Cold Smoke Scotch Ale,Scotch Ale / Wee Heavy,16,0.065,nan,510,Kettle House Brewing Company,Missoula,MT
1168,2472,U. P. Witbier,Witbier,12,nan,nan,,Keweenaw Brewing Company,,MI
1169,779,November Gale Pale Ale,American Pale Ale (APA),12,nan,nan,84,Keweenaw Brewing Company,Houghton,MI
1170,364,Olde Ore Dock Scottish Ale,Scottish Ale,12,nan,nan,84,Keweenaw Brewing Company,Houghton,MI
1171,60,Widow Maker Black Ale,nan,nan,nan,nan,84,Keweenaw Brewing Company,Houghton,MI
1172,59,Lift Bridge Brown Ale,American Brown Ale,12,nan,nan,,,Houghton,MI
1173,58,Pick Axe Blonde Ale,American Blonde Ale,12,nan,nan,84,Keweenaw Brewing Company,Houghton,MI
1174,57,,American Amber / Red Ale,12,nan,nan,84,Keweenaw Brewing Company,Houghton,MI
1175,2436,,American Amber / Red Ale,12,0.051,nan,102,King Street Brewing Company,Anchorage,AK
1176,1706,King Street Pilsner,Czech Pilsener,12,0.055,nan,102,King Street Brewing Company,Anchorage,AK
1177,1667,,American IPA,12,0.06,70,102,King Street Brewing Company,Anchorage,AK
1178,1666,King Street Hefeweizen,Hefeweizen,12,0.057,10,102,King Street Brewing Company,Anchorage,AK
1179,1665,,nan,12,0.049,nan,102,King Street Brewing Company,Anchorage,AK
1180,,India Pale Ale,American IPA,16,0.063,65,87,Kirkwood Station Brewing Company,,MO
1181,2459,,American Pale Wheat Ale,16,0.048,11,87,Kirkwood Station Brewing Company,,MO
1182,1274,,American Amber / Red Lager,24,0.046,nan,,Kona Brewing Company,,HI
1183,,Longboard Island Lager,American Amber / Red Lager,16,0.046,18,439,Kona Brewing Company,Kona,HI
1184,1070,Longboard Island Lager,American Amber / Red Lager,12,0.046,nan,439,Kona Brewing Company,Kona,HI
1185,590,Longboard Island Lager,nan,12,0.046,nan,439,Kona Brewing Company,Kona,HI
1186,781,Choc Beer (2003),nan,nan,0.04,9,505,Krebs Brewing Company (Pete's Pl...,Krebs,OK
1187,1637,,nan,16,0.08,nan,354,Kulshan Brewery,Bellingham,WA
1188,1741,A Slice of Hefen,Hefeweizen,16,0.054,15,332,La Cumbre Brewing Company,,NM
1189,664,,American IPA,nan,0.072,100,332,La Cumbre Brewing Company,,NM
1190,392,Rumspringa Golden Bock,Maibock / Helles Bock,nan,0.066,30,545,Lancaster Brewing Company,Lancaster,PA
1191,,Lancaster German Style Kölsch,Kölsch,12,0.048,28,545,Lancaster Brewing Company,Lancaster,PA
1192,2547,Beach Cruiser,Hefeweizen,12,0.045,nan,59,Latitude 42 Brewing Company,Portage,MI
1193,,I.P. Eh!,American IPA,12,nan,nan,,Latitude 42 Brewing Company,Portage,nan
1194,2492,,nan,12,0.05,nan,59,Latitude 42 Brewing Company,Portage,MI
1195,2491,10 Degrees of Separation,English Brown Ale,12,nan,nan,59,Latitude 42 Brewing Company,Portage,MI
1196,2108,Laughing Dog Cream Ale,Cream Ale,12,0.05,12,,Laughing Dog Brewing Company,Ponderay,ID
1197,1397,,nan,12,0.048,9,218,Laughing Dog Brewing Company,Ponderay,ID
1198,1396,Laughing Dog IPA,American IPA,12,0.064,66,218,Laughing Dog Brewing Company,Ponderay,ID
1199,1675,Madra Allta,American IPA,12,0.064,95,345,Lavery Brewing Company,Erie,PA
1200,1249,,American IPA,12,0.056,70,345,Lavery Brewing Company,Erie,PA
1201,,Lazy Monk Bohemian Pilsner,Czech Pilsener,nan,nan,nan,406,Lazy Monk Brewing,Eau Claire,WI
1202,475,Yellowstone Golden Ale,nan,12,0.051,nan,537,Lewis and Clark Brewing Company,Helena,MT
1203,474,Tumbleweed IPA,nan,12,0.057,nan,537,Lewis and Clark Brewing Company,Helena,MT
1204,,Lewis & Clark Amber Ale,nan,12,0.05,nan,537,Lewis and Clark Brewing Company,Helena,MT
1205,472,,Hefeweizen,12,0.05,nan,537,Lewis and Clark Brewing Company,Helena,MT
1206,471,Back Country Scottish Ale,nan,12,0.057,nan,537,Lewis and Clark Brewing Company,Helena,MT
1207,2036,Getaway,German Pilsener,nan,0.052,30,244,Lift Bridge Brewing Company,Stillwater,MN
1208,,Farm Girl Saison,Saison / Farmhouse Ale,16,0.06,nan,244,Lift Bridge Brewing Company,Stillwater,MN
1209,1832,Adam's Stout,American Stout,12,0.058,40,298,Liquid Hero Brewery,York,PA
1210,1688,,nan,12,0.057,42,298,Liquid Hero Brewery,York,PA
1211,1687,Schweet Ale,Fruit / Vegetable Beer,12,0.052,20,298,Liquid Hero Brewery,York,PA
1212,1686,Irregardless IPA,nan,12,0.065,75,298,Liquid Hero Brewery,York,PA
1213,2434,Peach Pale Ale,American Pale Ale (APA),12,0.057,40,104,Lone Tree Brewing Company,Lone Tree,nan
1214,2332,Deadeye Jack,American Porter,nan,nan,nan,,Lonerider Brewing Company,Raleigh,nan
1215,2330,Pistols at Dawn,American Stout,16,nan,nan,149,Lonerider Brewing Company,Raleigh,NC
1216,2329,Peacemaker Pale Ale,American Pale Ale (APA),12,0.057,47,149,Lonerider Brewing Company,Raleigh,NC
1217,2327,Shotgun Betty,Hefeweizen,nan,0.058,11,149,Lonerider Brewing Company,Raleigh,NC
1218,,Sweet Josie,American Brown Ale,nan,nan,30,,Lonerider Brewing Company,Raleigh,NC
1219,1926,Long Trail IPA,English India Pale Ale (IPA),12,0.059,42,268,Long Trail Brewing Company,Bridgewater Corners,VT
1220,1924,Long Trail Ale,American Amber / Red Ale,12,0.046,30,268,Long Trail Brewing Company,Bridgewater Corners,VT
1221,,Double Bag,Altbier,16,0.072,33,268,Long Trail Brewing Company,Bridgewater Corners,VT
1222,574,Blackbeary Wheat,Fruit / Vegetable Beer,12,0.04,8,268,Long Trail Brewing Company,Bridgewater Corners,VT
1223,,Long Trail Ale (1),Altbier,12,0.046,30,268,Long Trail Brewing Company,Bridgewater Corners,VT
1224,,Gose,Gose,nan,0.046,8,41,Lost Nation Brewing,East Fairfield,VT
1225,2583,Vermont Pilsner,German Pilsener,nan,0.048,nan,41,Lost Nation Brewing,East Fairfield,VT
1226,2582,Mosaic Single Hop IPA,American IPA,16,0.055,nan,41,Lost Nation Brewing,East Fairfield,VT
1227,2581,Lost Galaxy,American IPA,nan,0.045,nan,41,Lost Nation Brewing,East Fairfield,VT
1228,,Face Plant IPA,American IPA,12,0.062,65,,Lost Rhino Brewing Company,,VA
1229,,,Czech Pilsener,12,0.056,nan,,Lost Rhino Brewing Company,Ashburn,VA
1230,1571,Slow Hand Stout,American Stout,16,0.052,29,377,Lucette Brewing Company,Menominee,WI
1231,1204,Hips Don't Lie,Hefeweizen,16,0.062,nan,456,Lucette Brewing Company,Menominie,WI
1232,1122,Ride Again Pale Ale,American Pale Ale (APA),16,0.052,nan,456,Lucette Brewing Company,Menominie,WI
1233,700,The Farmer's Daughter,American Blonde Ale,16,nan,nan,456,Lucette Brewing Company,Menominie,WI
1234,2033,Pub Ale,nan,12,0.038,18,245,Lucky Town Brewing Company,Jackson,MS
1235,2032,,Belgian Pale Ale,12,0.051,31,245,Lucky Town Brewing Company,Jackson,MS
1236,2311,Knotty Pine,American Pale Ale (APA),12,nan,nan,158,Lumberyard Brewing Company,Flagstaff,AZ
1237,,Lumberyard Pilsner,American Pilsner,12,0.053,nan,,Lumberyard Brewing Company,Flagstaff,AZ
1238,355,Lumberyard IPA,American IPA,12,0.061,nan,158,Lumberyard Brewing Company,Flagstaff,AZ
1239,,Lumberyard Red Ale,American Amber / Red Ale,12,0.058,nan,158,Lumberyard Brewing Company,Flagstaff,AZ
1240,962,Mac's Highlander Pale Ale (2000),nan,12,0.05,nan,,MacTarnahans Brewing Company,,OR
1241,961,Mac's Scottish Style Amber Ale (2000),American Amber / Red Ale,nan,0.051,32,485,MacTarnahans Brewing Company,Portland,OR
1242,1475,Macon Progress Ale,American Pale Ale (APA),12,0.05,nan,400,Macon Beer Company,Macon,GA
1243,1008,Macon History Ale,American Brown Ale,12,0.055,nan,400,Macon Beer Company,Macon,GA
1244,2454,Galaxy High,American Double / Imperial IPA,12,0.099,nan,,Madtree Brewing Company,,OH
1245,,Sol Drifter,American Blonde Ale,12,0.043,18,91,Madtree Brewing Company,Cincinnati,OH
1246,2133,Thunder Snow,Winter Warmer,12,0.085,nan,91,Madtree Brewing Company,Cincinnati,OH
1247,1994,The Great Pumpcan,Fruit / Vegetable Beer,16,0.079,18,91,Madtree Brewing Company,Cincinnati,OH
1248,1816,LIFT,nan,12,0.047,11,91,Madtree Brewing Company,Cincinnati,OH
1249,1815,SPRYE,American Pale Ale (APA),12,0.05,40,91,Madtree Brewing Company,Cincinnati,OH
1250,1126,Psychopathy,American IPA,nan,0.069,nan,91,Madtree Brewing Company,Cincinnati,OH
1251,1125,Gnarly Brown,nan,nan,0.07,32,91,Madtree Brewing Company,Cincinnati,OH
1252,1124,Happy Amber,American Amber / Red Ale,12,nan,30,91,Madtree Brewing Company,Cincinnati,OH
1253,1813,#9,Fruit / Vegetable Beer,16,0.051,20,,Magic Hat Brewing Company,South Burlington,VT
1254,,Elder Betty,nan,12,0.055,13,303,Magic Hat Brewing Company,South Burlington,VT
1255,,#9,nan,12,nan,20,303,Magic Hat Brewing Company,South Burlington,VT
1256,511,High Country Pilsner (Current),nan,12,0.042,nan,534,Mammoth Brewing Company,Mammoth Lakes,CA
1257,75,Epic IPA,American IPA,12,0.065,nan,534,Mammoth Brewing Company,Mammoth Lakes,CA
1258,,,German Pilsener,12,0.042,nan,,Mammoth Brewing Company,Mammoth Lakes,CA
1259,73,Real McCoy Amber Ale (Current),American Amber / Red Ale,12,0.045,nan,534,Mammoth Brewing Company,Mammoth Lakes,CA
1260,1628,Festivus (1),Winter Warmer,12,0.072,nan,356,Manayunk Brewing Company,Philadelphia,PA
1261,1626,Manayunk Oktoberfest,Märzen / Oktoberfest,12,0.067,nan,356,Manayunk Brewing Company,Philadelphia,PA
1262,1625,Belgian Style Session Ale,Belgian Pale Ale,12,nan,nan,356,Manayunk Brewing Company,Philadelphia,PA
1263,1624,Manayunk IPA,American IPA,12,nan,nan,356,Manayunk Brewing Company,Philadelphia,PA
1264,1600,Yunkin' Punkin',Pumpkin Ale,12,0.055,nan,356,Manayunk Brewing Company,Philadelphia,PA
1265,1484,Summer Paradise,American Pale Wheat Ale,12,0.05,nan,356,Manayunk Brewing Company,Philadelphia,PA
1266,1356,Monk from the 'Yunk,Tripel,12,0.09,30,356,Manayunk Brewing Company,Philadelphia,PA
1267,1355,Schuylkill Punch,Fruit / Vegetable Beer,12,0.06,14,356,Manayunk Brewing Company,Philadelphia,PA
1268,1334,Dreamin' Double IPA,American Double / Imperial IPA,nan,0.085,nan,356,Manayunk Brewing Company,Philadelphia,PA
1269,1674,Chaotic Double IPA,American Double / Imperial IPA,nan,nan,93,,Manzanita Brewing Company,Santee,nan
1270,1673,Manzanita IPA,nan,12,0.08,88,346,Manzanita Brewing Company,Santee,CA
1271,1672,Riverwalk Blonde Ale,American Blonde Ale,12,0.06,25,346,Manzanita Brewing Company,Santee,CA
1272,1671,,American Brown Ale,nan,0.095,49,,Manzanita Brewing Company,Santee,CA
1273,1670,Manzanita Pale Ale,nan,nan,0.066,44,346,Manzanita Brewing Company,Santee,CA
1274,1262,Marble Pilsner,German Pilsener,nan,0.047,nan,443,Marble Brewery,Albuquerque,NM
1275,845,Marble India Pale Ale,nan,12,nan,nan,443,Marble Brewery,Albuquerque,NM
1276,1783,Toughcats IPA,nan,16,0.072,nan,317,Marshall Wharf Brewing Company,Belfast,ME
1277,1717,Tug Pale Ale,American Pale Ale (APA),16,0.05,nan,317,Marshall Wharf Brewing Company,Belfast,ME
1278,,Sexy Chaos,Russian Imperial Stout,16,nan,nan,317,Marshall Wharf Brewing Company,Belfast,ME
1279,1516,Ace Hole American Pale Ale,American Pale Ale (APA),16,0.063,nan,317,Marshall Wharf Brewing Company,Belfast,ME
1280,725,Cant Dog Imperial Pale Ale,nan,16,0.097,nan,317,Marshall Wharf Brewing Company,Belfast,ME
1281,2308,River House,nan,16,0.05,20,161,Martin House Brewing Company,Fort Worth,TX
1282,2268,Pretzel Stout,nan,16,0.065,nan,,Martin House Brewing Company,Fort Worth,TX
1283,2197,,American Amber / Red Ale,nan,0.05,35,161,Martin House Brewing Company,Fort Worth,TX
1284,,The Imperial Texan,American Double / Imperial IPA,nan,0.08,nan,161,Martin House Brewing Company,Fort Worth,TX
1285,1234,The Imperial Texan,American Double / Imperial IPA,12,0.08,nan,161,Martin House Brewing Company,Fort Worth,TX
1286,1233,Day Break 4-Grain Breakfast Beer,Rye Beer,16,nan,nan,161,Martin House Brewing Company,Fort Worth,TX
1287,1232,River House Saison,Saison / Farmhouse Ale,nan,0.05,nan,161,Martin House Brewing Company,Fort Worth,TX
1288,1231,,American Stout,12,0.065,nan,161,Martin House Brewing Company,Fort Worth,TX
1289,1831,Our Legacy IPA,American IPA,12,0.065,nan,,Matt Brewing Company,Utica,NY
1290,1359,,Shandy,12,0.042,nan,299,Matt Brewing Company,Utica,NY
1291,1135,Our Legacy IPA,American IPA,16,0.065,60,299,Matt Brewing Company,Utica,NY
1292,960,Saranac Golden Pilsener (2003),German Pilsener,12,0.051,nan,299,Matt Brewing Company,Utica,NY
1293,959,Saranac Adirondack Light (2002),Light Lager,12,0.045,nan,,Matt Brewing Company,Utica,NY
1294,958,DAX Light (1998),Light Lager,12,0.045,nan,299,Matt Brewing Company,Utica,NY
1295,957,Saranac Traditional Lager (2000),American Pale Lager,nan,nan,nan,,Matt Brewing Company,Utica,NY
1296,956,Pomegranate Wheat (2008),Fruit / Vegetable Beer,12,0.047,nan,299,Matt Brewing Company,Utica,NY
1297,773,,American Blonde Ale,12,nan,12,299,Matt Brewing Company,Utica,NY
1298,686,Saranac White IPA,American IPA,12,nan,nan,,Matt Brewing Company,Utica,NY
1299,,Saranac Summer Ale (2011),American Pale Wheat Ale,12,0.047,nan,299,Matt Brewing Company,Utica,NY
1300,150,Saranac Pale Ale (12 oz.),English Pale Ale,12,nan,nan,299,Matt Brewing Company,Utica,NY
1301,,,English Pale Ale,16,0.055,nan,299,Matt Brewing Company,Utica,NY
1302,,Lahaina Town Brown,American Brown Ale,12,0.051,20,375,Maui Brewing Company,Lahaina,HI
1303,,,Czech Pilsener,12,0.055,nan,375,Maui Brewing Company,Lahaina,HI
1304,1271,Lemongrass Saison,Saison / Farmhouse Ale,12,0.05,nan,375,Maui Brewing Company,Lahaina,HI
1305,713,Aloha B’ak’tun,Belgian Strong Dark Ale,12,nan,nan,,Maui Brewing Company,Lahaina,HI
1306,712,,nan,12,nan,nan,375,Maui Brewing Company,Lahaina,HI
1307,690,,American Amber / Red Ale,12,0.06,24,375,Maui Brewing Company,Lahaina,HI
1308,547,La Perouse White,Witbier,12,0.05,12,375,Maui Brewing Company,Lahaina,HI
1309,,Flyin' HI.P.Hay,American IPA,12,0.068,68,,Maui Brewing Company,,nan
1310,313,Mana Wheat,American Pale Wheat Ale,12,nan,15,375,Maui Brewing Company,Lahaina,HI
1311,33,Bikini Blonde Lager,Munich Helles Lager,12,0.045,18,375,Maui Brewing Company,Lahaina,HI
1312,32,,nan,nan,0.057,30,375,Maui Brewing Company,Lahaina,HI
1313,31,Big Swell IPA,nan,12,0.062,65,375,Maui Brewing Company,Lahaina,HI
1314,1237,Pit Stop Chocolate Porter,American Porter,12,0.037,34,448,Mavericks Beer Company,Half Moon Bay,CA
1315,1236,Pace Setter Belgian Style Wit,Witbier,12,0.037,21,448,Mavericks Beer Company,Half Moon Bay,CA
1316,,Back in the Saddle Rye Pale Ale,American Pale Ale (APA),12,nan,53,448,Mavericks Beer Company,Half Moon Bay,CA
1317,1986,Bushwhacker Cider,Cider,16,0.069,nan,254,Meckley's Cidery,Somerset Center,MI
1318,1985,Weim-R-Iner,Cider,16,0.069,nan,254,Meckley's Cidery,Somerset Center,MI
1319,1984,,Cider,16,0.069,nan,254,Meckley's Cidery,Somerset Center,MI
1320,2186,Tsunami IPA,nan,19.2,0.072,nan,203,Mehana Brewing Co.,Hilo,HI
1321,,Tsunami IPA,American IPA,12,0.072,75,203,Mehana Brewing Co.,Hilo,HI
1322,2184,Humpback Blonde Ale,American Blonde Ale,12,0.042,22,203,Mehana Brewing Co.,Hilo,HI
1323,2178,,American Porter,12,0.052,27,203,Mehana Brewing Co.,Hilo,HI
1324,2177,Volcano Red Ale,American Amber / Red Ale,12,0.052,23,203,Mehana Brewing Co.,Hilo,HI
1325,,Mauna Kea Pale Ale,American Pale Ale (APA),12,0.054,42,203,Mehana Brewing Co.,Hilo,HI
1326,1508,Shark Bait,Fruit / Vegetable Beer,12,0.053,11,393,Miami Brewing Company,Miami,FL
1327,,Gator Tail Brown Ale,American Brown Ale,12,0.053,30,,,Miami,FL
1328,1506,Miami Vice IPA,American IPA,nan,0.071,62,393,Miami Brewing Company,Miami,FL
1329,1325,Big Rod Coconut Ale,American Blonde Ale,12,nan,16,393,Miami Brewing Company,Miami,FL
1330,,,American Amber / Red Ale,12,0.056,nan,552,Mickey Finn's Brewery,Libertyville,IL
1331,2093,Pleasure Town,American IPA,12,nan,61,,Midnight Sun Brewing Company,Anchorage,AK
1332,1814,Pleasure Town IPA,American IPA,12,0.063,nan,223,Midnight Sun Brewing Company,Anchorage,AK
1333,587,Snowshoe White Ale,Witbier,12,0.048,12,223,Midnight Sun Brewing Company,Anchorage,AK
1334,586,Kodiak Brown Ale,American Brown Ale,12,0.05,24,223,Midnight Sun Brewing Company,Anchorage,AK
1335,434,Sockeye Red IPA,nan,nan,nan,70,223,Midnight Sun Brewing Company,Anchorage,AK
1336,2668,,American Double / Imperial IPA,16,0.08,100,3,Mike Hess Brewing Company,San Diego,CA
1337,2667,Solis,American IPA,16,0.075,85,3,Mike Hess Brewing Company,San Diego,CA
1338,2666,Jucundus,Wheat Ale,16,0.06,24,3,Mike Hess Brewing Company,San Diego,CA
1339,2664,Habitus,nan,16,0.08,100,3,Mike Hess Brewing Company,San Diego,CA
1340,2663,Grazias,Cream Ale,16,0.063,30,,Mike Hess Brewing Company,San Diego,CA
1341,2662,Claritas,Kölsch,16,nan,28,3,Mike Hess Brewing Company,San Diego,CA
1342,2535,Vinyl Frontier,American Double / Imperial IPA,24,0.083,nan,65,Mikerphone Brewing,Chicago,IL
1343,2534,Disco Superfly,American IPA,24,nan,nan,65,Mikerphone Brewing,Chicago,IL
1344,2533,Misty Mountain Hop,American IPA,24,0.075,nan,65,Mikerphone Brewing,Chicago,IL
1345,2532,One-Hit Wonderful,Belgian IPA,24,nan,nan,65,Mikerphone Brewing,Chicago,IL
1346,2531,En Parfaite Harmonie,Saison / Farmhouse Ale,24,0.065,nan,65,Mikerphone Brewing,Chicago,IL
1347,,Daft Funk,Berliner Weissbier,24,0.043,8,65,Mikerphone Brewing,Chicago,IL
1348,,Love In An Ellavator,American IPA,24,nan,nan,65,Mikerphone Brewing,Chicago,IL
1349,2528,Spin Doctor,American Pale Ale (APA),24,nan,nan,65,Mikerphone Brewing,Chicago,IL
1350,,Keeper (Current),American Pilsner,12,0.05,nan,363,Mikkeller,Pottstown,nan
1351,,Better Half,American IPA,12,0.068,nan,,Mikkeller,Pottstown,PA
1352,1273,SNO White Ale,nan,16,0.048,nan,440,MillKing It Productions,Royal Oak,MI
1353,,,Irish Red Ale,nan,0.048,nan,440,MillKing It Productions,Royal Oak,MI
1354,273,AXL Pale Ale,American Pale Ale (APA),16,nan,nan,440,MillKing It Productions,Royal Oak,MI
1355,1884,Hop Freak,nan,16,0.087,80,,Milwaukee Brewing Company,,WI
1356,1272,Louie's Demise Amber Ale,American Amber / Red Ale,16,0.051,24,284,Milwaukee Brewing Company,Milwaukee,WI
1357,1080,Hop Happy,American IPA,nan,nan,51,284,Milwaukee Brewing Company,Milwaukee,WI
1358,932,Booyah Farmhouse Ale,Saison / Farmhouse Ale,16,0.065,20,284,Milwaukee Brewing Company,Milwaukee,WI
1359,,O-Gii,Witbier,16,0.092,nan,284,Milwaukee Brewing Company,Milwaukee,WI
1360,172,Flaming Damsel Lager (2010),Vienna Lager,16,0.048,18,284,Milwaukee Brewing Company,Milwaukee,WI
1361,,Louie’s Demise Immort-Ale (2010),nan,16,0.051,24,284,Milwaukee Brewing Company,Milwaukee,WI
1362,2361,Axe Head Malt Liquor,nan,nan,0.099,nan,134,Minhas Craft Brewery,Monroe,WI
1363,2359,Huber Bock (2014),Bock,16,0.054,nan,,Minhas Craft Brewery,Monroe,WI
1364,2358,Minhas Light (2012),Light Lager,nan,0.04,nan,134,Minhas Craft Brewery,Monroe,WI
1365,2282,Huber,American Pale Lager,12,nan,nan,134,Minhas Craft Brewery,Monroe,WI
1366,2281,Clear Creek Ice,American Pale Lager,16,0.062,nan,134,Minhas Craft Brewery,Monroe,WI
1367,,Clear Creek Ice,American Pale Lager,12,0.062,nan,134,Minhas Craft Brewery,Monroe,WI
1368,2279,,American Pale Lager,16,0.055,nan,134,Minhas Craft Brewery,Monroe,WI
1369,2278,,nan,12,0.055,nan,134,Minhas Craft Brewery,Monroe,WI
1370,,,nan,12,0.055,nan,134,Minhas Craft Brewery,Monroe,WI
1371,2276,Boxer,American Adjunct Lager,24,0.05,nan,134,Minhas Craft Brewery,Monroe,WI
1372,2275,Boxer Light,Light Lager,12,0.042,nan,134,Minhas Craft Brewery,Monroe,WI
1373,2274,Boxer Ice,American Adjunct Lager,12,nan,nan,134,Minhas Craft Brewery,Monroe,WI
1374,,,American Adjunct Lager,12,0.05,nan,134,Minhas Craft Brewery,Monroe,WI
1375,2442,Cortez Gold,Belgian Pale Ale,32,0.05,nan,,Mission Brewery,San Diego,CA
1376,2441,Mission IPA,nan,32,0.068,66,98,Mission Brewery,San Diego,CA
1377,1460,El Conquistador Extra Pale Ale,American Pale Ale (APA),32,0.048,44,,Mission Brewery,San Diego,nan
1378,1459,,American Double / Imperial IPA,32,0.092,75,98,Mission Brewery,San Diego,CA
1379,1476,Squeaky Bike Nut Brown Ale,American Brown Ale,16,0.04,nan,399,Moab Brewery,Moab,UT
1380,,,American Pale Wheat Ale,16,0.04,nan,399,Moab Brewery,Moab,UT
1381,645,Rocket Bike American Lager,California Common / Steam Beer,16,0.04,nan,399,Moab Brewery,Moab,UT
1382,644,Johnny's American IPA,American IPA,16,0.04,nan,399,Moab Brewery,Moab,UT
1383,337,Boneshaker Brown Ale,English Brown Ale,24,0.055,nan,,Moat Mountain Smoke House & Brew...,North Conway,NH
1384,,Iron Mike Pale Ale,American Pale Ale (APA),nan,0.056,nan,547,Moat Mountain Smoke House & Brew...,North Conway,NH
1385,2236,Monkadelic,American Pale Ale (APA),nan,0.042,nan,189,Modern Monks Brewery,Lincoln,NE
1386,2159,City of the Sun,American IPA,16,nan,85,209,Modern Times Beer,San Diego,CA
1387,2157,Booming Rollers,American IPA,16,0.068,75,209,Modern Times Beer,San Diego,CA
1388,2156,Oneida,American Pale Ale (APA),16,nan,nan,209,Modern Times Beer,San Diego,CA
1389,,Aurora,American Amber / Red Ale,nan,0.067,75,209,Modern Times Beer,San Diego,CA
1390,1495,,Saison / Farmhouse Ale,16,0.055,30,209,Modern Times Beer,San Diego,CA
1391,1494,Fortunate Islands,American Pale Wheat Ale,16,nan,46,209,Modern Times Beer,San Diego,CA
1392,1493,Black House,American Stout,16,0.058,40,,Modern Times Beer,San Diego,nan
1393,1492,Blazing World,nan,16,0.065,115,209,Modern Times Beer,San Diego,CA
1394,327,Wapiti Amber Ale,American Amber / Red Ale,12,0.05,nan,549,Mogollon Brewing Company,Flagstaff,AZ
1395,719,,American Brown Ale,16,0.054,nan,514,Monkey Paw Pub & Brewery,San Diego,CA
1396,718,,nan,16,0.087,nan,514,Monkey Paw Pub & Brewery,San Diego,CA
1397,717,Monkey Paw Oatmeal Pale Ale,American Pale Ale (APA),16,nan,nan,514,Monkey Paw Pub & Brewery,San Diego,CA
1398,,Montauk Summer Ale,nan,nan,0.056,28,276,Montauk Brewing Company,Montauk,NY
1399,1906,Driftwood Ale,Extra Special / Strong Bitter (ESB),12,nan,nan,276,Montauk Brewing Company,Montauk,NY
1400,1756,When Helles Freezes Over,Munich Helles Lager,12,0.056,18,326,Morgan Street Brewery,Saint Louis,MO
1401,1617,Morgan Street Oktoberfest,Märzen / Oktoberfest,12,0.049,24,326,Morgan Street Brewery,Saint Louis,MO
1402,1052,Honey Wheat,American Pale Wheat Ale,12,nan,14,326,Morgan Street Brewery,Saint Louis,MO
1403,,Black Bear Dark Lager,Schwarzbier,12,0.046,24,326,Morgan Street Brewery,Saint Louis,MO
1404,1046,Golden Pilsner,German Pilsener,12,0.05,35,326,Morgan Street Brewery,Saint Louis,MO
1405,2413,Cali Creamin',Cream Ale,12,0.052,21,111,Mother Earth Brew Company,Vista,CA
1406,419,,American Pale Ale (APA),12,0.05,nan,540,Mother Earth Brewing Company,Kinston,NC
1407,408,Sunny Haze,nan,12,0.05,nan,540,Mother Earth Brewing Company,Kinston,NC
1408,2237,Towhead,American Blonde Ale,12,0.052,21,188,Mother's Brewing,Springfield,MO
1409,2208,,American IPA,12,0.07,70,188,Mother's Brewing,Springfield,MO
1410,1952,Train Wreck,nan,16,0.082,nan,260,,Mount Pleasant,MI
1411,768,Full Moon Belgian White Ale,nan,12,0.085,nan,507,Mudshark Brewing Company,Lake Havasu City,AZ
1412,,Desert Magic IPA,nan,12,0.072,nan,507,Mudshark Brewing Company,Lake Havasu City,AZ
1413,,Up River Light,Light Lager,12,0.042,nan,,Mudshark Brewing Company,Lake Havasu City,nan
1414,132,Full Moon Belgian White Ale (2007),Witbier,12,0.085,nan,507,Mudshark Brewing Company,Lake Havasu City,AZ
1415,131,Dry Heat Hefeweizen (2006),Hefeweizen,12,0.055,nan,,Mudshark Brewing Company,Lake Havasu City,AZ
1416,1598,Mustang Sixty-Six,American Amber / Red Lager,12,0.05,nan,366,Mustang Brewing Company,Mustang,OK
1417,862,Mustang '33,American Pale Lager,12,nan,nan,366,Mustang Brewing Company,Mustang,OK
1418,699,Session '33 (2011),American Pale Lager,12,0.04,nan,366,Mustang Brewing Company,Mustang,OK
1419,421,Mustang Golden Ale,American Blonde Ale,12,0.053,10,366,Mustang Brewing Company,Mustang,OK
1420,,Washita Wheat,American Pale Wheat Ale,nan,nan,nan,366,Mustang Brewing Company,Mustang,OK
1421,,Gansett Light,Light Lager,16,0.037,nan,143,Narragansett Brewing Company,Providence,RI
1422,2224,Bohemian Pils,American Pilsner,16,0.052,30,143,Narragansett Brewing Company,Providence,RI
1423,1775,Autocrat Coffee Milk Stout,Milk / Sweet Stout,16,nan,30,143,Narragansett Brewing Company,Providence,RI
1424,,Narragansett Bohemian Pilsner,nan,nan,nan,nan,143,Narragansett Brewing Company,Providence,RI
1425,1093,Narragansett Summer Ale,American Pale Wheat Ale,12,0.042,24,,Narragansett Brewing Company,,nan
1426,,Narragansett Cream Ale,Cream Ale,16,0.05,22,143,Narragansett Brewing Company,Providence,RI
1427,403,,American Pale Wheat Ale,16,nan,24,,Narragansett Brewing Company,Providence,RI
1428,316,Narragansett Porter,American Porter,16,0.07,22,143,Narragansett Brewing Company,Providence,RI
1429,315,,Bock,16,0.065,32,,Narragansett Brewing Company,Providence,RI
1430,314,Narragansett Fest Lager,Märzen / Oktoberfest,16,0.055,15,143,Narragansett Brewing Company,Providence,RI
1431,1537,Undun Blonde Ale,American Blonde Ale,16,nan,nan,387,Natian Brewery,Portland,OR
1432,,,American Black Ale,nan,0.074,nan,387,Natian Brewery,Portland,OR
1433,1265,Old Grogham Imperial India Pale Ale,nan,16,0.085,nan,387,Natian Brewery,Portland,OR
1434,747,Old Grogham Imperial India Pale Ale (2012),American Double / Imperial IPA,16,0.085,86,387,Natian Brewery,Portland,OR
1435,746,CuDa Cascadian Dark Ale (2012),American Black Ale,16,0.074,nan,387,Natian Brewery,Portland,OR
1436,654,Undun Blonde Ale (2012),American Blonde Ale,nan,0.053,nan,387,Natian Brewery,Portland,OR
1437,1705,,Pumpkin Ale,12,0.061,11,337,Nebraska Brewing Company,Papillion,NE
1438,1148,,nan,12,0.065,65,,Nebraska Brewing Company,Papillion,NE
1439,1147,EOS Hefeweizen,Hefeweizen,12,0.048,10,337,Nebraska Brewing Company,Papillion,NE
1440,1146,Brunette Nut Brown Ale,English Brown Ale,12,0.048,15,,,Papillion,NE
1441,1145,Cardinal Pale Ale,American Pale Ale (APA),12,nan,29,337,Nebraska Brewing Company,Papillion,NE
1442,1758,County Line IPA,American IPA,12,nan,nan,325,Neshaminy Creek Brewing Company,Croydon,PA
1443,1757,Trauger Pilsner,German Pilsener,nan,nan,nan,325,Neshaminy Creek Brewing Company,Croydon,PA
1444,2475,Slow Ride,American IPA,12,0.045,40,82,New Belgium Brewing Company,Fort Collins,CO
1445,2230,Ranger IPA,American IPA,12,0.065,70,,New Belgium Brewing Company,Fort Collins,CO
1446,1987,Shift,American Pale Lager,12,0.05,nan,82,New Belgium Brewing Company,Fort Collins,CO
1447,1978,,Euro Dark Lager,nan,0.056,21,82,New Belgium Brewing Company,Fort Collins,CO
1448,,,Czech Pilsener,12,nan,nan,82,New Belgium Brewing Company,Fort Collins,CO
1449,,California Route,American Amber / Red Lager,12,0.055,nan,82,New Belgium Brewing Company,Fort Collins,CO
1450,,Snapshot,American Pale Wheat Ale,nan,0.052,nan,,New Belgium Brewing Company,Fort Collins,CO
1451,1690,Sunshine Wheat Beer,American Pale Wheat Ale,12,0.048,nan,82,New Belgium Brewing Company,Fort Collins,CO
1452,1586,Fat Tire Amber Ale,nan,12,nan,18,,New Belgium Brewing Company,Fort Collins,CO
1453,952,Shift (1),American Pale Lager,nan,nan,29,82,New Belgium Brewing Company,Fort Collins,CO
1454,748,Fat Tire Amber Ale (2011),American Amber / Red Ale,12,0.052,18,82,New Belgium Brewing Company,Fort Collins,CO
1455,578,,American Pale Lager,16,0.05,nan,82,New Belgium Brewing Company,Fort Collins,CO
1456,564,Ranger IPA,nan,16,0.065,70,82,New Belgium Brewing Company,Fort Collins,CO
1457,,Fat Tire Amber Ale,American Amber / Red Ale,nan,0.052,18,82,New Belgium Brewing Company,Fort Collins,CO
1458,115,Ranger IPA (Current),American IPA,12,0.065,70,82,New Belgium Brewing Company,Fort Collins,CO
1459,72,Sunshine Wheat Beer (2009),American Pale Wheat Ale,12,0.048,nan,82,New Belgium Brewing Company,Fort Collins,CO
1460,71,Fat Tire Amber Ale (2008),American Amber / Red Ale,12,0.052,18,82,New Belgium Brewing Company,Fort Collins,CO
1461,1417,Weiss Trash Culture,Berliner Weissbier,12,0.034,6,410,New England Brewing Company,Woodbridge,CT
1462,885,Sea Hag IPA,American IPA,12,0.062,nan,410,New England Brewing Company,Woodbridge,CT
1463,884,Elm City Pilsner,American Pilsner,nan,0.05,nan,410,New England Brewing Company,Woodbridge,CT
1464,757,Atlantic Amber Ale (2004),American Amber / Red Ale,12,0.05,nan,410,New England Brewing Company,Woodbridge,CT
1465,568,668 Neighbor of the Beast12 oz.,Belgian Pale Ale,nan,nan,nan,410,New England Brewing Company,Woodbridge,CT
1466,320,,American Double / Imperial IPA,12,0.088,85,410,New England Brewing Company,Woodbridge,CT
1467,43,668 Neighbor of the Beast (16 oz.) (2010),Belgian Pale Ale,16,0.09,nan,410,New England Brewing Company,Woodbridge,CT
1468,42,Gandhi-Bot Double IPA (16 oz.) (2010),American Double / Imperial IPA,nan,0.088,85,410,New England Brewing Company,Woodbridge,CT
1469,41,Elm City Lager (2007),American Pilsner,12,0.05,nan,410,New England Brewing Company,Woodbridge,CT
1470,40,Atlantic Amber Ale (2007),American Amber / Red Ale,12,0.05,nan,410,New England Brewing Company,Woodbridge,CT
1471,39,Sea Hag IPA (Current),American IPA,12,0.062,nan,,New England Brewing Company,,CT
1472,2272,Rebirth Pale Ale,nan,12,0.05,nan,174,New Orleans Lager & Ale Brewing ...,New Orleans,LA
1473,1582,Irish Channel Stout,American Stout,16,0.068,nan,174,New Orleans Lager & Ale Brewing ...,New Orleans,LA
1474,1114,MechaHopzilla,American Double / Imperial IPA,16,0.088,nan,174,New Orleans Lager & Ale Brewing ...,New Orleans,LA
1475,486,Hopitoulas IPA,nan,16,0.065,nan,174,New Orleans Lager & Ale Brewing ...,New Orleans,LA
1476,485,NOLA Brown Ale,English Dark Mild Ale,12,0.039,nan,174,New Orleans Lager & Ale Brewing ...,New Orleans,LA
1477,484,NOLA Blonde Ale,American Blonde Ale,12,0.049,nan,174,New Orleans Lager & Ale Brewing ...,New Orleans,LA
1478,2043,,Dunkelweizen,12,0.056,20,241,,College Station,TX
1479,2042,Kadigan,American Blonde Ale,nan,0.056,30,241,,College Station,TX
1480,2041,Dammit Jim!,American Amber / Red Ale,12,0.052,50,,New Republic Brewing Company,College Station,TX
1481,646,Nut Brown Ale,English Brown Ale,12,nan,nan,518,New South Brewing Company,Myrtle Beach,SC
1482,165,White Ale,Witbier,12,0.046,nan,518,New South Brewing Company,Myrtle Beach,SC
1483,2050,Cream Ale,Cream Ale,12,0.042,35,238,Newburgh Brewing Company,Newburgh,NY
1484,915,Green Head IPA,nan,12,0.072,nan,495,Newburyport Brewing Company,Newburyport,MA
1485,914,Plum Island Belgian White,Witbier,12,0.054,nan,495,Newburyport Brewing Company,Newburyport,MA
1486,913,Newburyport Pale Ale,American Pale Ale (APA),nan,0.055,nan,495,Newburyport Brewing Company,Newburyport,MA
1487,1811,Marblehead,American Amber / Red Ale,16,0.055,nan,305,Night Shift Brewing,Everett,MA
1488,1622,Jam Session,American Pale Ale (APA),16,0.051,31,359,NoDa Brewing Company,Charlotte,NC
1489,1621,Hop Drop 'N Roll IPA,American IPA,16,nan,80,359,NoDa Brewing Company,Charlotte,NC
1490,1307,Paleo IPA,English India Pale Ale (IPA),nan,nan,nan,431,North Country Brewing Company,Slippery Rock,PA
1491,1306,Buck Snort Stout,American Stout,12,0.061,nan,431,North Country Brewing Company,Slippery Rock,PA
1492,,Station 33 Firehouse Red,Irish Red Ale,12,nan,nan,431,North Country Brewing Company,Slippery Rock,PA
1493,1304,Slimy Pebble Pils,nan,12,0.045,nan,431,North Country Brewing Company,Slippery Rock,PA
1494,2692,Get Together,American IPA,16,0.045,nan,,NorthGate Brewing,Minneapolis,MN
1495,2691,Maggie's Leap,Milk / Sweet Stout,16,nan,26,,,Minneapolis,MN
1496,2690,,English Brown Ale,16,0.048,19,0,NorthGate Brewing,Minneapolis,MN
1497,2689,Pumpion,Pumpkin Ale,16,0.06,38,,NorthGate Brewing,Minneapolis,MN
1498,2688,Stronghold,American Porter,16,0.06,25,0,NorthGate Brewing,Minneapolis,MN
1499,2687,,Extra Special / Strong Bitter (ESB),16,0.056,47,0,NorthGate Brewing,Minneapolis,MN
1500,1854,Blue Boots IPA,American IPA,16,0.069,nan,293,,Northamtpon,MA
1501,1227,Hoppy Bitch IPA,nan,16,0.063,nan,450,Northwest Brewing Company,Pacific,WA
1502,1226,Three Skulls Ale Pale Ale,American Pale Ale (APA),16,0.063,42,450,Northwest Brewing Company,Pacific,WA
1503,,Walter's Premium Pilsener Beer,nan,12,0.045,nan,529,Northwoods Brewpub,Eau Claire,WI
1504,109,Floppin' Crappie,nan,nan,0.045,nan,529,Northwoods Brewpub,Eau Claire,WI
1505,1917,Left of the Dial IPA,American IPA,12,0.043,nan,271,,,MA
1506,1190,Notch Session Pils,Czech Pilsener,12,0.04,nan,,Notch Brewing Company,,MA
1507,,O'Fallon Pumpkin Beer,Pumpkin Ale,12,0.055,nan,442,O'Fallon Brewery,O'Fallon,MO
1508,1258,,nan,12,0.061,66,442,O'Fallon Brewery,O'Fallon,MO
1509,128,O'Fallon Wheach,Fruit / Vegetable Beer,nan,0.051,7,442,O'Fallon Brewery,O'Fallon,MO
1510,2331,Watershed IPA,nan,12,0.067,70,150,Oakshire Brewing,Eugene,OR
1511,1669,Oakshire Amber Ale,American Amber / Red Ale,12,0.054,24,150,Oakshire Brewing,Eugene,OR
1512,1668,Overcast Espresso Stout,nan,12,0.058,27,150,Oakshire Brewing,Eugene,OR
1513,999,,American IPA,12,nan,70,150,Oakshire Brewing,Eugene,OR
1514,2247,Lake Monster,Baltic Porter,16,0.082,nan,184,Oasis Texas Brewing Company,Austin,TX
1515,2071,London Homesick Ale,English Bitter,12,0.049,27,184,Oasis Texas Brewing Company,Austin,TX
1516,,Luchesa Lager,Keller Bier / Zwickel Bier,12,0.048,35,184,Oasis Texas Brewing Company,Austin,TX
1517,2069,Slow Ride,nan,12,0.048,35,184,Oasis Texas Brewing Company,Austin,TX
1518,2192,Occidental Hefeweizen,nan,16,0.047,nan,200,Occidental Brewing Company,Portland,OR
1519,1130,,Dunkelweizen,16,0.051,nan,,Occidental Brewing Company,Portland,OR
1520,,,Altbier,16,0.05,nan,200,Occidental Brewing Company,Portland,OR
1521,1081,Occidental Kölsch,Kölsch,16,nan,nan,,Occidental Brewing Company,Portland,OR
1522,2335,Perpetual Darkness,Belgian Strong Dark Ale,12,0.092,72,148,Odyssey Beerwerks,Arvada,CO
1523,2334,Clan Warrior,Scotch Ale / Wee Heavy,12,0.087,29,148,Odyssey Beerwerks,Arvada,CO
1524,2333,Psycho Penguin Vanilla Porter,American Porter,12,0.054,36,148,Odyssey Beerwerks,Arvada,CO
1525,1721,,Hefeweizen,12,0.047,nan,148,Odyssey Beerwerks,Arvada,CO
1526,1720,Ghose Drifter Pale Ale,American Pale Ale (APA),12,0.051,nan,148,Odyssey Beerwerks,Arvada,CO
1527,1431,Ghost Rider Pale Ale (2013),American Pale Ale (APA),12,0.051,nan,148,Odyssey Beerwerks,Arvada,CO
1528,,Helios Hefeweizen (2013),Hefeweizen,12,0.047,nan,148,Odyssey Beerwerks,Arvada,CO
1529,1059,The Hole in Hadrian's Wall,Scottish Ale,16,0.095,19,471,Okoboji Brewing Company,Spirit Lake,IA
1530,1058,33 Select Brown Ale,American Brown Ale,16,0.065,26,,Okoboji Brewing Company,,IA
1531,603,Midwest Charm Farmhouse Ale,Saison / Farmhouse Ale,nan,0.06,29,471,Okoboji Brewing Company,Spirit Lake,IA
1532,602,Boji Blue Pale Ale,American Pale Ale (APA),16,0.05,45,471,Okoboji Brewing Company,Spirit Lake,IA
1533,601,Winter Games Select #32 Stout,American Stout,16,0.057,26,471,Okoboji Brewing Company,Spirit Lake,IA
1534,,Boji Beach Golden Rye Ale,Rye Beer,16,0.05,23,471,Okoboji Brewing Company,Spirit Lake,IA
1535,1828,,American Pale Lager,16,0.06,nan,301,Old Forge Brewing Company,Danville,PA
1536,,Falling Down Brown Ale,American Brown Ale,16,0.065,65,301,Old Forge Brewing Company,Danville,PA
1537,,Resolution Rye Stout,American Stout,16,0.068,nan,301,Old Forge Brewing Company,Danville,PA
1538,1485,,American Porter,16,0.055,nan,301,Old Forge Brewing Company,Danville,PA
1539,1394,Old Forge Pumpkin Ale,Pumpkin Ale,16,0.046,nan,,Old Forge Brewing Company,Danville,PA
1540,1381,Endless Sun Ale,American Pale Wheat Ale,nan,nan,nan,301,Old Forge Brewing Company,Danville,PA
1541,900,Celestial Blonde Ale,American Blonde Ale,nan,0.065,nan,301,Old Forge Brewing Company,Danville,PA
1542,891,Overbite IPA,American IPA,16,0.075,nan,301,Old Forge Brewing Company,Danville,PA
1543,509,T-Rail Pale Ale,nan,16,0.055,nan,301,Old Forge Brewing Company,Danville,PA
1544,,,American Pale Wheat Ale,16,nan,nan,301,Old Forge Brewing Company,Danville,PA
1545,1530,Clem's Gold,American Pale Lager,nan,0.053,nan,390,Orlison Brewing Company,Airway Heights,WA
1546,1529,Lizzy's Red,American Amber / Red Lager,16,0.055,nan,,Orlison Brewing Company,Airway Heights,nan
1547,1528,Orlison India Pale Lager,American Pale Lager,16,0.067,nan,390,Orlison Brewing Company,Airway Heights,WA
1548,1527,,Euro Dark Lager,16,0.042,nan,390,Orlison Brewing Company,Airway Heights,WA
1549,1526,Havanüther,Light Lager,nan,0.041,nan,390,Orlison Brewing Company,Airway Heights,WA
1550,2113,Lyric Ale,Saison / Farmhouse Ale,12,0.065,nan,,Orpheus Brewing,,GA
1551,2112,Atalanta,Saison / Farmhouse Ale,nan,0.053,nan,216,Orpheus Brewing,Atlanta,GA
1552,2302,Pinner Throwback IPA,American IPA,12,0.049,nan,166,Oskar Blues Brewery,Longmont,CO
1553,1883,Centennial State Pale Ale,nan,19.2,0.052,nan,166,Oskar Blues Brewery,Longmont,CO
1554,1859,Old Chub NITRO,Scotch Ale / Wee Heavy,16,nan,nan,166,Oskar Blues Brewery,Longmont,CO
1555,1796,The CROWLER�?,32,nan,nan,166,Oskar Blues Brewery,,CO,nan
1556,1790,CAN'D AID Foundation,nan,12,nan,nan,166,Oskar Blues Brewery,Longmont,CO
1557,,Icey.P.A.,American IPA,16,nan,nan,,Oskar Blues Brewery,,nan
1558,1751,One Nut Brown,nan,12,0.05,nan,166,Oskar Blues Brewery,Longmont,CO
1559,1750,,American IPA,12,nan,nan,166,Oskar Blues Brewery,Longmont,CO
1560,1444,Dale's Pale Ale,American Pale Ale (APA),12,nan,nan,,Oskar Blues Brewery,Longmont,CO
1561,1252,Dale's Pale Ale,nan,12,0.065,nan,166,Oskar Blues Brewery,Longmont,CO
1562,1167,,Czech Pilsener,nan,0.053,35,166,Oskar Blues Brewery,Longmont,CO
1563,993,oSKAr the G'Rauch,American IPA,19.2,0.085,nan,166,Oskar Blues Brewery,Longmont,CO
1564,,,nan,16,0.085,nan,166,Oskar Blues Brewery,Longmont,CO
1565,955,,American Pale Ale (APA),19.2,0.065,65,166,Oskar Blues Brewery,Longmont,CO
1566,933,The Deuce,American Brown Ale,16,0.07,nan,166,Oskar Blues Brewery,Longmont,CO
1567,892,Dale's Pale Ale (10 Year Anniversary),American Pale Ale (APA),12,0.065,65,,Oskar Blues Brewery,Longmont,CO
1568,828,Dale's Pale Ale (2012),American Pale Ale (APA),12,0.065,65,166,Oskar Blues Brewery,Longmont,CO
1569,806,Gordon Imperial Red (2010),American Double / Imperial IPA,12,0.087,85,166,Oskar Blues Brewery,Longmont,CO
1570,755,Dale's Pale Ale (2011),American Pale Ale (APA),12,0.065,65,,,Longmont,CO
1571,754,,American Pale Ale (APA),12,0.065,65,,Oskar Blues Brewery,Longmont,CO
1572,726,G'KNIGHT (16 oz.),American Double / Imperial IPA,16,0.087,85,,Oskar Blues Brewery,Longmont,CO
1573,720,15th Anniversary Abbey Ale (2012),Belgian Dark Ale,16,0.09,nan,,Oskar Blues Brewery,Longmont,CO
1574,661,Chaka,Belgian Strong Pale Ale,16,0.08,nan,,Oskar Blues Brewery,Longmont,CO
1575,,HGH (Home Grown Hops): Part Duh,American Strong Ale,12,0.08,70,,Oskar Blues Brewery,Longmont,CO
1576,,Deviant Dale's IPA,American Double / Imperial IPA,16,0.08,nan,166,Oskar Blues Brewery,Longmont,CO
1577,391,One Hit Wonder,American Double / Imperial IPA,12,0.09,60,166,Oskar Blues Brewery,Longmont,CO
1578,388,G'KNIGHT (12 oz.),nan,12,0.087,85,166,Oskar Blues Brewery,Longmont,CO
1579,8,Ten Fidy Imperial Stout,nan,12,0.099,98,166,Oskar Blues Brewery,Longmont,CO
1580,7,Mama's Little Yella Pils,nan,12,0.053,nan,,,Longmont,nan
1581,,GUBNA Imperial IPA,American Double / Imperial IPA,12,0.099,100,166,Oskar Blues Brewery,Longmont,CO
1582,5,Old Chub,Scottish Ale,12,0.08,35,,Oskar Blues Brewery,Longmont,CO
1583,4,Gordon Ale (2009),American Double / Imperial IPA,12,0.087,nan,,Oskar Blues Brewery,Longmont,CO
1584,1,,American Pale Ale (APA),nan,0.065,65,,,Longmont,CO
1585,805,,American Double / Imperial IPA,12,nan,nan,503,Oskar Blues Brewery,Lyons,CO
1586,804,Ten Fidy Imperial Stout (2008),Russian Imperial Stout,12,nan,98,503,Oskar Blues Brewery,Lyons,CO
1587,,Ten Fidy Imperial Stout (2007),nan,12,nan,98,503,Oskar Blues Brewery,Lyons,CO
1588,,,nan,12,0.08,35,503,Oskar Blues Brewery,Lyons,CO
1589,786,,Scottish Ale,12,0.08,35,503,Oskar Blues Brewery,Lyons,CO
1590,785,Old Chub (2003),Scottish Ale,12,0.08,35,503,Oskar Blues Brewery,Lyons,CO
1591,745,Dale's Pale Ale (2008),American Pale Ale (APA),12,0.065,65,503,Oskar Blues Brewery,Lyons,CO
1592,744,Dale's Pale Ale (2006),American Pale Ale (APA),12,0.065,65,503,Oskar Blues Brewery,Lyons,CO
1593,743,Dale's Pale Ale (2004),American Pale Ale (APA),12,0.065,nan,503,Oskar Blues Brewery,Lyons,CO
1594,742,Dale's Pale Ale (2003),nan,12,nan,65,503,Oskar Blues Brewery,Lyons,CO
1595,741,Dale's Pale Ale (2002),American Pale Ale (APA),12,0.065,65,503,Oskar Blues Brewery,Lyons,CO
1596,734,Leroy (2005),American Brown Ale,12,0.052,nan,503,Oskar Blues Brewery,Lyons,CO
1597,733,Gordon Beer (2006),American Double / Imperial IPA,12,0.087,60,503,Oskar Blues Brewery,Lyons,CO
1598,1533,G'KNIGHT,American Double / Imperial IPA,12,0.087,nan,389,Oskar Blues Brewery (North Carol...,Brevard,NC
1599,1532,Ten Fidy,Russian Imperial Stout,12,nan,98,389,Oskar Blues Brewery (North Carol...,Brevard,NC
1600,1328,,American Double / Imperial IPA,16,nan,85,389,Oskar Blues Brewery (North Carol...,Brevard,NC
1601,1175,Old Chub,Scottish Ale,12,0.08,nan,389,Oskar Blues Brewery (North Carol...,Brevard,NC
1602,,Dale's Pale Ale,American Pale Ale (APA),19.2,0.065,65,389,Oskar Blues Brewery (North Carol...,Brevard,NC
1603,1065,Dale's Pale Ale,nan,12,0.065,65,389,Oskar Blues Brewery (North Carol...,Brevard,NC
1604,1908,Fresh Slice White IPA,American White IPA,nan,0.055,45,275,Otter Creek Brewing,,VT
1605,1946,,nan,nan,0.055,55,261,Otter Creek Brewing,Waterbury,VT
1606,1961,Ozark American Pale Ale,American Pale Ale (APA),12,0.04,39,259,Ozark Beer Company,Rogers,AR
1607,1684,,nan,12,nan,nan,341,Palisade Brewing Company,Palisade,CO
1608,927,Dirty Hippie Dark Wheat,American Dark Wheat Ale,12,0.053,nan,341,Palisade Brewing Company,Palisade,CO
1609,1268,Rustic Red,Irish Red Ale,16,0.052,23,,Pateros Creek Brewing Company,Fort Collins,CO
1610,697,Stimulator Pale Ale,American Pale Ale (APA),16,0.053,nan,441,Pateros Creek Brewing Company,Fort Collins,CO
1611,696,Old Town Ale,Kölsch,16,0.045,22,441,Pateros Creek Brewing Company,Fort Collins,CO
1612,695,Car 21,nan,16,0.044,28,441,Pateros Creek Brewing Company,Fort Collins,CO
1613,694,Cache La Porter,American Porter,16,0.05,nan,441,Pateros Creek Brewing Company,Fort Collins,CO
1614,1805,,American Pale Ale (APA),12,0.042,35,307,Payette Brewing Company,Garden City,ID
1615,1048,Outlaw IPA,American IPA,nan,0.062,65,307,Payette Brewing Company,Garden City,ID
1616,,,American Pale Lager,12,0.044,nan,307,Payette Brewing Company,Garden City,ID
1617,890,Payette Pale Ale,American Pale Ale (APA),12,0.048,35,307,Payette Brewing Company,Garden City,ID
1618,,Mutton Buster,nan,12,0.055,25,307,Payette Brewing Company,Garden City,ID
1619,1087,Side Kick Kölsch,Kölsch,12,0.05,nan,468,Peace Tree Brewing Company,Knoxville,IA
1620,1931,Fresh Cut Pilsner,American Pilsner,12,nan,nan,266,Peak Organic Brewing Company,,nan
1621,,Summer Session Ale,American Pale Wheat Ale,12,0.05,61,,Peak Organic Brewing Company,Portland,ME
1622,2238,Lobo Lito,Light Lager,nan,0.04,12,187,Pedernales Brewing Company,Fredericksburg,TX
1623,2144,Robert Earl Keen Honey Pils,American Pilsner,12,0.05,17,187,Pedernales Brewing Company,Fredericksburg,TX
1624,2175,Mound Builder IPA,American IPA,12,0.065,77,205,People's Brewing Company,Lafayette,IN
1625,2168,,American IPA,12,0.062,62,205,People's Brewing Company,Lafayette,IN
1626,1956,Farmer's Daughter Wheat,American Pale Wheat Ale,12,0.042,nan,205,People's Brewing Company,Lafayette,IN
1627,1794,People's Pilsner,German Pilsener,nan,nan,nan,205,People's Brewing Company,Lafayette,IN
1628,,Hotbox Brown,American Brown Ale,12,0.055,10,13,Perrin Brewing Company,Comstock Park,MI
1629,2632,,American Blonde Ale,12,0.048,15,13,Perrin Brewing Company,Comstock Park,MI
1630,2631,Black,American Black Ale,12,0.058,nan,,Perrin Brewing Company,Comstock Park,MI
1631,2630,98 Problems (Cuz A Hop Ain't One),nan,12,0.065,65,13,Perrin Brewing Company,Comstock Park,MI
1632,2629,Veteran’s Pale Ale (VPA),American Pale Ale (APA),nan,0.05,40,13,Perrin Brewing Company,Comstock Park,MI
1633,2628,Grapefruit IPA,American IPA,nan,0.05,35,,Perrin Brewing Company,,MI
1634,1062,,nan,12,nan,nan,470,Pete's Brewing Company,San Antonio,TX
1635,1061,Pete's Wicked Summer Brew (1995),American Pale Wheat Ale,12,0.047,nan,,Pete's Brewing Company,San Antonio,TX
1636,1060,Pete's Wicked Bohemian Pilsner (1997),Czech Pilsener,12,0.049,nan,470,Pete's Brewing Company,San Antonio,TX
1637,1056,Pete's Wicked Pale Ale (1997),American Pale Ale (APA),12,nan,nan,,Pete's Brewing Company,San Antonio,TX
1638,1055,Pete's Wicked Summer Brew (2002),American Pale Wheat Ale,nan,0.047,nan,470,Pete's Brewing Company,San Antonio,TX
1639,1054,,nan,12,0.047,nan,,Pete's Brewing Company,San Antonio,TX
1640,1053,Pete's Wicked Summer Brew (1996),American Pale Wheat Ale,nan,nan,nan,470,Pete's Brewing Company,San Antonio,TX
1641,2635,Sparkle,American Pale Lager,16,0.041,12,11,Petoskey Brewing,Petoskey,MI
1642,,North 45 Amber Ale,American Amber / Red Ale,16,0.059,nan,11,Petoskey Brewing,Petoskey,MI
1643,1403,Horny Monk,nan,16,0.069,20,11,Petoskey Brewing,Petoskey,MI
1644,1402,Mind's Eye PA,American IPA,16,0.067,74,11,Petoskey Brewing,Petoskey,MI
1645,2312,Camelback,American IPA,12,nan,60,,Phoenix Ale Brewery,Phoenix,AZ
1646,,Local 5 Pale Ale,American Pale Ale (APA),16,0.056,nan,,,Monument,CO
1647,1518,,American Amber / Red Ale,16,0.073,nan,355,Pikes Peak Brewing Company,Monument,CO
1648,1384,Elephant Rock IPA,American IPA,12,0.07,75,355,Pikes Peak Brewing Company,Monument,CO
1649,1797,Black Bay Milk Stout,nan,12,0.05,nan,310,Pine Street Brewery,San Francisco,CA
1650,,Atom Splitter Pale Ale,American Pale Ale (APA),nan,0.05,nan,,,San Francisco,CA
1651,1791,Hot Date Ale,Chile Beer,16,0.06,nan,314,Piney River Brewing Company,Bucryus,MO
1652,1540,Masked Bandit IPA,American Black Ale,nan,0.07,nan,314,Piney River Brewing Company,Bucryus,MO
1653,1491,Sweet Potato Ale,nan,16,0.06,nan,314,Piney River Brewing Company,Bucryus,MO
1654,1335,Float Trip Ale,American Blonde Ale,nan,0.045,18,,Piney River Brewing Company,Bucryus,MO
1655,847,Old Tom Porter,American Porter,16,0.055,25,,Piney River Brewing Company,Bucryus,MO
1656,846,Black Walnut Wheat,American Dark Wheat Ale,16,0.045,nan,,,Bucryus,MO
1657,,McKinney Eddy Amber Ale,American Amber / Red Ale,16,0.055,nan,314,Piney River Brewing Company,Bucryus,MO
1658,479,Missouri Mule India Pale Ale,American IPA,nan,0.07,70,314,Piney River Brewing Company,Bucryus,MO
1659,2559,Blood of the Unicorn,American Amber / Red Ale,nan,0.065,nan,52,Pipeworks Brewing Company,Chicago,nan
1660,1760,GreyBeard�?IPA,American IPA,nan,0.069,nan,324,Pisgah Brewing Company,Black Mountain,NC
1661,,Pisgah Pale Ale,American Pale Ale (APA),12,0.057,31,324,Pisgah Brewing Company,Black Mountain,NC
1662,,PONTO S.I.P.A.,American IPA,16,0.045,nan,370,Pizza Port Brewing Company,Carlsbad,nan
1663,,Chronic Ale,American Amber / Red Ale,nan,0.049,nan,370,Pizza Port Brewing Company,Carlsbad,nan
1664,1191,Swami's India Pale Ale,American IPA,16,0.068,nan,370,Pizza Port Brewing Company,Carlsbad,nan
1665,2336,New Cleveland Palesner,American Pilsner,12,nan,nan,147,Platform Beer Company,Cleveland,OH
1666,2553,,American Pale Ale (APA),nan,0.054,45,55,,Lemont,IL
1667,1909,Big Chuck Barleywine,American Barleywine,12,nan,nan,274,Portside Brewery,,OH
1668,335,,American IPA,12,nan,nan,548,Prescott Brewing Company,Prescott,AZ
1669,64,,American Amber / Red Ale,12,nan,nan,548,Prescott Brewing Company,Prescott,AZ
1670,2360,Morning Wood Wheat (Current),American Pale Wheat Ale,12,0.059,14,,,Dillon,CO
1671,,Hideout Helles,Munich Helles Lager,12,0.069,17,135,Pug Ryan's Brewery,Dillon,CO
1672,1462,Dead Eye Dunkel,nan,12,0.06,15,135,Pug Ryan's Brewery,Dillon,CO
1673,1461,Peacemaker Pilsner,Czech Pilsener,12,0.058,21,,Pug Ryan's Brewery,,CO
1674,711,Over the Rail Pale Ale,American Pale Ale (APA),12,0.057,68,135,Pug Ryan's Brewery,Dillon,CO
1675,188,Pallavicini Pilsner (2009),Czech Pilsener,12,0.058,nan,135,Pug Ryan's Brewery,Dillon,CO
1676,130,Morning Wood Wheat (Current),American Pale Wheat Ale,12,0.059,14,135,Pug Ryan's Brewery,Dillon,CO
1677,399,Pyramid Hefeweizen (2011),nan,12,0.052,18,544,Pyramid Breweries,Seattle,WA
1678,82,Haywire Hefeweizen (2010),Hefeweizen,16,0.052,18,544,Pyramid Breweries,Seattle,WA
1679,2031,,Belgian Pale Ale,12,nan,35,246,Quest Brewing Company,Greenville,SC
1680,2030,Smoking Mirror,American Porter,12,0.055,nan,246,Quest Brewing Company,Greenville,SC
1681,2269,Rahr's Blonde,Munich Helles Lager,12,nan,nan,176,Rahr & Sons Brewing Company,Fort Worth,TX
1682,2229,Pride of Texas Pale Ale,American Pale Ale (APA),12,0.058,nan,,Rahr & Sons Brewing Company,Fort Worth,nan
1683,2370,18th Anniversary Gose,Gose,12,0.044,5,128,Real Ale Brewing Company,Blanco,TX
1684,2211,White (2015),Witbier,12,0.046,25,128,Real Ale Brewing Company,Blanco,TX
1685,1861,,American Black Ale,12,0.099,85,128,Real Ale Brewing Company,Blanco,TX
1686,1718,Firemans #4 Blonde Ale (2013),American Blonde Ale,12,0.051,21,128,Real Ale Brewing Company,Blanco,TX
1687,1290,The Sword Iron Swan Ale,English Pale Ale,nan,0.059,nan,128,Real Ale Brewing Company,Blanco,TX
1688,1091,,German Pilsener,12,0.053,52,128,Real Ale Brewing Company,Blanco,TX
1689,1086,Four Squared (2015),American Blonde Ale,12,0.06,50,,Real Ale Brewing Company,Blanco,TX
1690,830,Firemans #4 Blonde Ale (2015),American Blonde Ale,nan,0.051,21,128,Real Ale Brewing Company,Blanco,TX
1691,,Watership Brown Ale,American Brown Ale,nan,0.072,55,,Red Hare Brewing Company,Marietta,GA
1692,938,Gangway IPA,American IPA,12,0.062,55,475,Red Hare Brewing Company,Marietta,GA
1693,715,,Czech Pilsener,12,0.049,nan,475,Red Hare Brewing Company,Marietta,GA
1694,2516,,American Blonde Ale,16,0.051,17,,Red Shedman Farm Brewery and Hop...,Mt. Airy,MD
1695,2515,Pump House IPA,American IPA,16,0.055,45,68,Red Shedman Farm Brewery and Hop...,Mt. Airy,MD
1696,,Suicide Blonde IPA,Belgian IPA,16,0.07,nan,68,Red Shedman Farm Brewery and Hop...,Mt. Airy,MD
1697,,Vanilla Porter,American Porter,16,nan,25,68,Red Shedman Farm Brewery and Hop...,Mt. Airy,MD
1698,2512,Honey Rye,Rye Beer,16,0.058,18,68,Red Shedman Farm Brewery and Hop...,Mt. Airy,MD
1699,1467,Happy Cider,Cider,16,0.055,nan,403,Red Tank Cider Company,Bend,OR
1700,945,Long Hammer IPA,American IPA,16,nan,44,,Redhook Brewery,Woodinville,WA
1701,583,Long Hammer IPA,American IPA,nan,nan,44,487,Redhook Brewery,Woodinville,WA
1702,339,,American Amber / Red Ale,12,0.058,27,487,Redhook Brewery,Woodinville,WA
1703,1375,Nectar of the Hops,Mead,16,0.08,nan,421,Redstone Meadery,Boulder,CO
1704,,Sunshine Nectar,Mead,16,0.08,nan,421,Redstone Meadery,Boulder,CO
1705,,Black Raspberry Nectar,Mead,16,0.08,nan,421,Redstone Meadery,Boulder,CO
1706,2087,Blood Orange Wit,nan,16,0.05,16,225,Refuge Brewery,,CA
1707,2414,Consilium,American Pale Ale (APA),12,0.05,nan,110,Renegade Brewing Company,Denver,CO
1708,1581,Hammer & Sickle,Russian Imperial Stout,12,0.09,60,110,Renegade Brewing Company,Denver,CO
1709,,Redacted Rye IPA,nan,16,0.07,100,110,Renegade Brewing Company,Denver,CO
1710,,Elevation Triple India Pale Ale,American Double / Imperial IPA,12,0.099,100,110,Renegade Brewing Company,Denver,CO
1711,1005,,American Blonde Ale,16,0.05,25,110,Renegade Brewing Company,Denver,CO
1712,636,,American IPA,16,0.07,100,110,Renegade Brewing Company,Denver,CO
1713,1538,Stout Ol' Friend,American Stout,16,0.064,nan,386,Revolution Brewing,Paonia,CO
1714,1075,Stout Ol' Friend (2012),American Stout,16,0.064,nan,386,Revolution Brewing,Paonia,CO
1715,710,Rye Porter,American Porter,16,nan,nan,386,Revolution Brewing,Paonia,CO
1716,709,Miner's Gold,American Blonde Ale,16,nan,nan,386,Revolution Brewing,Paonia,CO
1717,708,Vienna Lager,Vienna Lager,16,0.046,nan,386,Revolution Brewing,Paonia,CO
1718,706,Jessie's Garage,American Pale Ale (APA),16,nan,nan,386,Revolution Brewing,Paonia,CO
1719,,Colorado Red Ale,American Amber / Red Ale,12,0.062,nan,,Revolution Brewing,Paonia,CO
1720,219,,American Blonde Ale,nan,nan,nan,386,Revolution Brewing,Paonia,CO
1721,2576,Fist City,American Pale Ale (APA),nan,nan,40,44,Revolution Brewing Company,Chicago,IL
1722,1133,A Little Crazy,Belgian Pale Ale,12,nan,nan,44,Revolution Brewing Company,Chicago,IL
1723,,Rosa Hibiscus Ale,Herbed / Spiced Beer,nan,0.058,15,44,Revolution Brewing Company,Chicago,IL
1724,,Fistmas Ale,Herbed / Spiced Beer,12,0.061,31,44,Revolution Brewing Company,Chicago,IL
1725,417,Oktoberfest Revolution,Märzen / Oktoberfest,nan,0.057,25,44,Revolution Brewing Company,Chicago,IL
1726,,Eugene Porter,American Porter,nan,0.068,28,44,Revolution Brewing Company,Chicago,IL
1727,415,Anti-Hero IPA,nan,12,0.065,70,44,Revolution Brewing Company,Chicago,IL
1728,414,Bottom Up Belgian Wit,Witbier,12,0.05,14,44,Revolution Brewing Company,Chicago,IL
1729,2452,Hustle,nan,12,0.057,42,93,Rhinegeist Brewery,Cincinnati,OH
1730,2451,Pure Fury,American Pale Ale (APA),12,0.055,42,93,Rhinegeist Brewery,Cincinnati,OH
1731,2132,Dad,American Amber / Red Ale,12,0.06,60,,Rhinegeist Brewery,Cincinnati,OH
1732,,Panther,American Porter,12,0.058,35,93,Rhinegeist Brewery,Cincinnati,OH
1733,1992,Franz,Märzen / Oktoberfest,12,0.052,21,93,Rhinegeist Brewery,Cincinnati,OH
1734,1935,,American Pale Ale (APA),12,0.043,45,93,Rhinegeist Brewery,Cincinnati,OH
1735,1852,Truth,American IPA,nan,0.072,75,,Rhinegeist Brewery,Cincinnati,OH
1736,1851,Cougar,American Blonde Ale,12,0.048,25,93,Rhinegeist Brewery,Cincinnati,OH
1737,2307,Smooth Operator,Cream Ale,nan,0.038,nan,162,Right Brain Brewery,Traverse City,MI
1738,,Gose,nan,16,0.035,nan,42,Rising Tide Brewing Company,Portland,nan
1739,1807,Maine Island Trail Ale,American Pale Ale (APA),16,0.043,nan,,Rising Tide Brewing Company,Portland,ME
1740,1180,River North White Ale,nan,16,0.05,nan,459,River North Brewery,Denver,CO
1741,1179,River North Ale,American Amber / Red Ale,16,0.05,nan,459,River North Brewery,Denver,CO
1742,1771,,American IPA,16,0.05,55,321,Rivertown Brewing Company,Lockland,OH
1743,1654,,American Pale Ale (APA),16,0.055,nan,,Rivertown Brewing Company,,nan
1744,2579,Jah Mon,nan,nan,0.05,100,43,Rivertowne Brewing Company,Export,PA
1745,2373,Oktoberfest,Märzen / Oktoberfest,12,0.062,nan,43,Rivertowne Brewing Company,Export,PA
1746,2049,Headless Wylie,Pumpkin Ale,12,0.08,nan,43,Rivertowne Brewing Company,Export,PA
1747,,Dayman IPA,American IPA,12,0.05,nan,43,Rivertowne Brewing Company,Export,PA
1748,1880,,Oatmeal Stout,12,nan,nan,43,Rivertowne Brewing Company,Export,PA
1749,1879,Hop Lace,American White IPA,12,0.062,nan,,Rivertowne Brewing Company,Export,PA
1750,1878,OH-PA Session Pale Ale,nan,12,0.048,nan,43,Rivertowne Brewing Company,Export,PA
1751,1877,Patrick's Poison,nan,12,0.08,nan,43,Rivertowne Brewing Company,Export,PA
1752,1764,Rudolph's Red,American Amber / Red Ale,12,0.081,nan,43,Rivertowne Brewing Company,Export,PA
1753,1103,Babbling Blonde,American Blonde Ale,nan,0.053,nan,43,Rivertowne Brewing Company,Export,PA
1754,1102,Maxwell's Scottish Ale,Scottish Ale,nan,nan,nan,43,Rivertowne Brewing Company,Export,PA
1755,1101,Grateful White,Witbier,12,nan,nan,43,Rivertowne Brewing Company,Export,PA
1756,1100,RT Lager,American Amber / Red Lager,12,0.055,nan,,,Export,PA
1757,,Old Wylie's IPA,American IPA,12,0.062,nan,,Rivertowne Brewing Company,Export,nan
1758,1098,Hala Kahiki Pineapple Beer,Fruit / Vegetable Beer,12,0.048,nan,43,Rivertowne Brewing Company,Export,PA
1759,1330,,American Amber / Red Lager,16,0.045,nan,427,Roanoke Railhouse Brewery,,VA
1760,2074,Pine Knob Pilsner,Czech Pilsener,16,0.053,nan,,Rochester Mills Brewing Company,Rochester,nan
1761,1724,Cal and Co. Black Cherry Porter,American Porter,16,nan,nan,229,Rochester Mills Brewing Company,Rochester,MI
1762,1280,,American Adjunct Lager,16,0.055,nan,229,Rochester Mills Brewing Company,Rochester,MI
1763,899,Rochester Red Ale,nan,16,0.059,nan,229,Rochester Mills Brewing Company,Rochester,MI
1764,363,Milkshake Stout,Milk / Sweet Stout,16,nan,nan,229,Rochester Mills Brewing Company,Rochester,MI
1765,158,,American IPA,nan,0.07,nan,229,Rochester Mills Brewing Company,Rochester,MI
1766,,Lazy Daze Lager,nan,12,0.055,nan,229,Rochester Mills Brewing Company,Rochester,MI
1767,1860,Rogue American Amber Ale,American Amber / Red Ale,16,0.051,nan,,Rogue Ales,Newport,OR
1768,1577,12th Round,American Strong Ale,nan,0.076,78,376,RoughTail Brewing Company,Midwest City,OK
1769,1576,RoughTail IPA,American IPA,16,0.07,80,376,RoughTail Brewing Company,Midwest City,OK
1770,1575,Polar Night Stout,American Stout,16,0.08,nan,376,RoughTail Brewing Company,Midwest City,OK
1771,2304,Sundown,Saison / Farmhouse Ale,12,0.071,nan,164,Round Guys Brewing,Lansdale,PA
1772,2249,Sanctified,Belgian Strong Pale Ale,12,0.099,nan,164,Round Guys Brewing,Lansdale,PA
1773,2053,,American Pale Ale (APA),12,0.051,nan,164,Round Guys Brewing,Lansdale,PA
1774,1842,Original Slacker Ale,nan,12,0.056,40,164,Round Guys Brewing,Lansdale,PA
1775,1841,Alpha Blackback,American Black Ale,nan,0.072,nan,164,Round Guys Brewing,Lansdale,PA
1776,1782,Kiss Off IPA,American IPA,12,nan,nan,164,Round Guys Brewing,Lansdale,PA
1777,,Dog Days Summer Ale,Kölsch,12,0.045,28,164,Round Guys Brewing,Lansdale,PA
1778,1479,1881 California Red,American Amber / Red Ale,12,nan,nan,397,Ruhstaller Beer Company,Sacramento,CA
1779,1478,CAPT Black IPA,American Black Ale,12,0.073,55,397,Ruhstaller Beer Company,Sacramento,CA
1780,1370,Ruhstaller's Gilt Edge Lager Beer,American Amber / Red Lager,12,0.048,42,397,Ruhstaller Beer Company,Sacramento,CA
1781,883,CAPT Black IPA,nan,16,0.073,55,,Ruhstaller Beer Company,Sacramento,CA
1782,882,1881 California Red Ale,American Amber / Red Ale,16,0.056,35,397,Ruhstaller Beer Company,Sacramento,CA
1783,1868,,Witbier,12,0.05,15,,Saint Archer Brewery,,CA
1784,1867,Saint Archer IPA,American IPA,12,0.068,66,288,Saint Archer Brewery,San Diego,CA
1785,1865,Saint Archer Pale Ale,American Pale Ale (APA),12,0.052,nan,288,Saint Archer Brewery,San Diego,CA
1786,1864,Saint Archer Blonde,nan,12,0.048,22,288,Saint Archer Brewery,San Diego,CA
1787,2599,,American Porter,nan,0.069,20,30,SanTan Brewing Company,Chandler,AZ
1788,2073,Winter Warmer (Vault Series),Winter Warmer,16,0.095,25,30,SanTan Brewing Company,Chandler,AZ
1789,,Count Hopula (Vault Series),American Double / Imperial IPA,16,nan,99,30,SanTan Brewing Company,Chandler,AZ
1790,1995,Oktoberfest,nan,12,nan,nan,30,SanTan Brewing Company,Chandler,AZ
1791,1934,SunSpot Golden Ale,American Blonde Ale,12,0.05,15,30,SanTan Brewing Company,Chandler,AZ
1792,1329,I.W.A. (2011),American Pale Wheat Ale,12,0.06,nan,,SanTan Brewing Company,,AZ
1793,1299,,Belgian IPA,12,0.065,nan,30,SanTan Brewing Company,Chandler,AZ
1794,1073,Epicenter Amber Ale,American Amber / Red Ale,12,0.055,nan,30,SanTan Brewing Company,Chandler,AZ
1795,1072,SanTan HefeWeizen,Hefeweizen,12,0.05,15,30,SanTan Brewing Company,Chandler,AZ
1796,1071,Hop Shock IPA,American IPA,12,0.07,85,,SanTan Brewing Company,Chandler,AZ
1797,852,Sex Panther (2014),nan,12,nan,20,,SanTan Brewing Company,Chandler,AZ
1798,850,Devil’s Ale,American Pale Ale (APA),12,0.055,45,30,SanTan Brewing Company,Chandler,AZ
1799,839,Rail Slide Imperial Spiced Ale,Herbed / Spiced Beer,12,0.081,nan,30,SanTan Brewing Company,Chandler,AZ
1800,777,Mr. Pineapple,nan,12,0.05,20,30,SanTan Brewing Company,Chandler,AZ
1801,764,,American Pale Ale (APA),12,0.055,45,30,SanTan Brewing Company,Chandler,AZ
1802,317,Hop Shock IPA (2010),American IPA,12,nan,85,30,SanTan Brewing Company,Chandler,AZ
1803,286,SanTan HefeWeizen (2010),Hefeweizen,12,0.05,15,30,SanTan Brewing Company,Chandler,AZ
1804,285,Devil’s Ale (2010),American Pale Ale (APA),12,nan,45,30,SanTan Brewing Company,Chandler,AZ
1805,124,Epicenter Amber Ale (2010),American Amber / Red Ale,nan,0.055,20,30,SanTan Brewing Company,Chandler,AZ
1806,1392,,Saison / Farmhouse Ale,12,0.058,20,419,Sanitas Brewing Company,Boulder,CO
1807,1391,,American Black Ale,12,0.068,65,,Sanitas Brewing Company,,CO
1808,,Giant DIPA,nan,16,0.089,nan,252,Santa Cruz Mountain Brewing,Santa Cruz,CA
1809,1683,Dread Brown Ale,American Brown Ale,12,0.054,nan,252,Santa Cruz Mountain Brewing,Santa Cruz,CA
1810,1362,Casinos IPA,English India Pale Ale (IPA),16,0.07,nan,252,Santa Cruz Mountain Brewing,Santa Cruz,CA
1811,1519,Saison 88,Saison / Farmhouse Ale,12,0.055,30,392,Santa Fe Brewing Company,Santa Fe,NM
1812,967,Black IPA,American Black Ale,12,0.071,95,392,Santa Fe Brewing Company,Santa Fe,NM
1813,599,Santa Fe Irish Red Ale,nan,12,0.045,nan,392,Santa Fe Brewing Company,Santa Fe,NM
1814,307,Santa Fe Oktoberfest,Märzen / Oktoberfest,12,nan,nan,392,Santa Fe Brewing Company,Santa Fe,NM
1815,305,Imperial Java Stout,Russian Imperial Stout,12,0.08,nan,392,Santa Fe Brewing Company,Santa Fe,NM
1816,304,Freestyle Pilsner,German Pilsener,12,nan,nan,392,Santa Fe Brewing Company,Santa Fe,NM
1817,217,Happy Camper IPA,American IPA,12,0.066,nan,392,Santa Fe Brewing Company,Santa Fe,NM
1818,1477,,nan,16,0.05,11,398,,,MI
1819,1503,Oak Aged Cider,Cider,12,0.065,nan,394,Schilling & Company,Seattle,WA
1820,1466,Ginger Cider,Cider,12,0.065,nan,394,Schilling & Company,Seattle,WA
1821,1245,,Cider,12,0.065,nan,394,Schilling & Company,Seattle,WA
1822,1324,,American Pale Wheat Ale,12,0.05,nan,,Schlafly Brewing Company,Saint Louis,MO
1823,1323,Schlafly Black Lager,Schwarzbier,12,nan,nan,428,Schlafly Brewing Company,Saint Louis,MO
1824,1078,Schlafly IPA,nan,12,0.045,30,428,Schlafly Brewing Company,Saint Louis,MO
1825,1077,,American Brown Ale,12,0.05,30,428,Schlafly Brewing Company,Saint Louis,MO
1826,588,Schlafly Hefeweizen,Hefeweizen,12,0.041,16,428,Schlafly Brewing Company,Saint Louis,MO
1827,,Schlafly Summer Lager,Munich Helles Lager,nan,nan,17,428,Schlafly Brewing Company,Saint Louis,MO
1828,815,Sea Dog Wild Blueberry Wheat Ale,Fruit / Vegetable Beer,12,0.047,nan,502,Sea Dog Brewing Company,Portland,ME
1829,1302,Blur India Pale Ale,American IPA,12,nan,nan,432,Seabright Brewery,,nan
1830,1416,Dry Cider,Cider,16,0.065,nan,411,Seattle Cider Company,Seattle,WA
1831,1415,Dry Hard Cider,Cider,16,0.065,nan,411,Seattle Cider Company,Seattle,WA
1832,918,,American IPA,nan,0.07,105,494,Seven Brides Brewery,Silverton,OR
1833,917,Becky's Black Cat Porter,American Porter,16,0.07,55,,Seven Brides Brewery,Silverton,nan
1834,2250,Seventh Son of a Seventh Son,nan,16,nan,40,183,Seventh Son Brewing Company,Columbus,OH
1835,1768,Stone Fort Brown Ale,English Brown Ale,16,0.053,20,,,Columbus,OH
1836,1767,Seventh Son Hopped Red Ale,American Amber / Red Ale,16,nan,40,183,Seventh Son Brewing Company,Columbus,OH
1837,1766,Humulus Nimbus Super Pale Ale,nan,16,0.06,53,183,Seventh Son Brewing Company,Columbus,OH
1838,1765,Golden Ratio IPA,American IPA,16,0.07,68,183,Seventh Son Brewing Company,Columbus,OH
1839,,Black Hop IPA,American Black Ale,12,0.068,nan,130,Shebeen Brewing Company,Wolcott,CT
1840,738,Archer's Ale (2004),English Pale Ale,12,0.05,nan,511,Sherwood Forest Brewers,Marlborough,MA
1841,1539,Monkey Fist IPA,American IPA,12,0.069,nan,385,Shipyard Brewing Company,Portland,ME
1842,975,Shipyard Summer Ale,nan,nan,0.051,nan,,Shipyard Brewing Company,Portland,ME
1843,814,Pumpkinhead Ale,Pumpkin Ale,nan,0.047,nan,385,Shipyard Brewing Company,Portland,ME
1844,727,Shipyard Export,American Blonde Ale,12,0.051,nan,385,Shipyard Brewing Company,Portland,ME
1845,2474,Nooner,German Pilsener,12,0.052,nan,83,Sierra Nevada Brewing Company,Chico,CA
1846,2239,Torpedo,American IPA,12,nan,65,83,Sierra Nevada Brewing Company,Chico,CA
1847,1919,Yonder Bock,Maibock / Helles Bock,12,0.06,nan,83,Sierra Nevada Brewing Company,Chico,CA
1848,1918,CANfusion Rye Bock,Rye Beer,12,0.06,nan,83,Sierra Nevada Brewing Company,Chico,CA
1849,,Sierra Nevada Pale Ale,American Pale Ale (APA),16,0.056,37,83,Sierra Nevada Brewing Company,Chico,CA
1850,1338,Old Chico Crystal Wheat,American Pale Wheat Ale,12,0.048,26,83,Sierra Nevada Brewing Company,Chico,CA
1851,,Summerfest,nan,12,0.05,28,83,Sierra Nevada Brewing Company,Chico,CA
1852,,,American IPA,16,0.072,65,83,Sierra Nevada Brewing Company,Chico,CA
1853,400,Sierra Nevada Pale Ale,American Pale Ale (APA),12,nan,37,83,Sierra Nevada Brewing Company,Chico,CA
1854,2353,Sietsema Red Label,nan,16,0.069,nan,137,Sietsema Orchards and Cider Mill,Ada,MI
1855,212,,American Brown Ale,12,0.042,nan,551,Silverton Brewery,Silverton,CO
1856,161,Red Mountain Ale,American Amber / Red Ale,12,0.06,nan,551,Silverton Brewery,Silverton,CO
1857,160,Ice Pick Ale,American IPA,12,0.068,nan,551,Silverton Brewery,Silverton,CO
1858,2574,4Beans,Baltic Porter,12,0.1,52,46,Sixpoint Craft Ales,Brooklyn,NY
1859,2479,Jammer,Gose,12,0.042,16,46,Sixpoint Craft Ales,Brooklyn,NY
1860,2443,Abigale,nan,12,0.08,nan,46,Sixpoint Craft Ales,Brooklyn,NY
1861,,Rad,Fruit / Vegetable Beer,16,0.032,7,46,Sixpoint Craft Ales,Brooklyn,NY
1862,2090,,nan,24,nan,nan,46,Sixpoint Craft Ales,Brooklyn,NY
1863,1962,Sensi Harvest,American Pale Ale (APA),12,nan,50,46,Sixpoint Craft Ales,Brooklyn,NY
1864,1696,,nan,nan,0.099,111,46,Sixpoint Craft Ales,Brooklyn,NY
1865,1608,Global Warmer,American Strong Ale,12,0.07,70,,Sixpoint Craft Ales,Brooklyn,NY
1866,1591,Autumnation (2013),nan,16,0.067,74,,Sixpoint Craft Ales,Brooklyn,NY
1867,1388,The Crisp,German Pilsener,16,0.054,42,46,Sixpoint Craft Ales,Brooklyn,NY
1868,1387,Sweet Action,Cream Ale,16,0.052,34,46,Sixpoint Craft Ales,Brooklyn,NY
1869,1386,Righteous Ale,Rye Beer,16,0.063,nan,46,Sixpoint Craft Ales,Brooklyn,NY
1870,1385,Bengali Tiger,American IPA,16,0.064,62,46,Sixpoint Craft Ales,Brooklyn,NY
1871,1020,,Baltic Porter,12,0.099,85,46,Sixpoint Craft Ales,Brooklyn,NY
1872,778,Brownstone,American Brown Ale,nan,0.059,47,46,Sixpoint Craft Ales,Brooklyn,NY
1873,630,Apollo,nan,16,0.052,11,46,Sixpoint Craft Ales,Brooklyn,NY
1874,629,Harbinger,Saison / Farmhouse Ale,16,0.049,35,46,Sixpoint Craft Ales,Brooklyn,NY
1875,628,Resin,American Double / Imperial IPA,12,0.091,103,46,Sixpoint Craft Ales,Brooklyn,NY
1876,525,Diesel,American Stout,16,nan,69,46,Sixpoint Craft Ales,Brooklyn,NY
1877,,Autumnation (2011-12) (2011),nan,16,0.06,48,46,Sixpoint Craft Ales,Brooklyn,NY
1878,,The Crisp (2011),German Pilsener,16,0.054,42,,Sixpoint Craft Ales,Brooklyn,NY
1879,424,Sweet Action (2011),Cream Ale,16,0.052,34,46,Sixpoint Craft Ales,Brooklyn,NY
1880,423,,Rye Beer,16,0.063,57,46,Sixpoint Craft Ales,Brooklyn,NY
1881,422,Bengali Tiger (2011),American IPA,16,0.064,62,46,Sixpoint Craft Ales,Brooklyn,NY
1882,,Rudie Session IPA,American IPA,12,0.045,nan,264,Ska Brewing Company,Durango,CO
1883,,Taster's Choice,nan,12,0.074,nan,,Ska Brewing Company,,CO
1884,1521,Modus Hoperandi,nan,nan,0.068,65,264,Ska Brewing Company,Durango,CO
1885,1297,,American Stout,12,nan,15,264,Ska Brewing Company,Durango,CO
1886,1192,Vernal Minthe Stout,American Stout,nan,0.058,nan,264,Ska Brewing Company,Durango,CO
1887,1013,Hibernal Vinifera Stout,Foreign / Export Stout,nan,0.08,nan,264,Ska Brewing Company,Durango,CO
1888,774,Autumnal Molé Stout,American Stout,12,nan,nan,264,Ska Brewing Company,Durango,CO
1889,386,Mexican Logger,American Pale Lager,12,0.042,18,264,Ska Brewing Company,Durango,CO
1890,70,True Blonde Ale,American Blonde Ale,12,0.053,nan,264,Ska Brewing Company,Durango,CO
1891,69,Euphoria Pale Ale,American Pale Ale (APA),12,0.061,nan,264,Ska Brewing Company,Durango,CO
1892,,ESB Special Ale,Extra Special / Strong Bitter (ESB),12,0.057,58,264,Ska Brewing Company,Durango,CO
1893,,Modus Hoperandi,American IPA,12,0.068,nan,264,Ska Brewing Company,Durango,CO
1894,1792,Iron Butt Red Ale,American Amber / Red Ale,12,nan,nan,313,Slanted Rock Brewing Company,Meridian,ID
1895,1609,Initial Point India Pale Ale,American IPA,12,0.071,nan,313,Slanted Rock Brewing Company,Meridian,ID
1896,2537,Monkey Dancing On A Razor Blade,Belgian IPA,24,0.085,nan,64,SlapShot Brewing Company,Chicago,IL
1897,2536,Tripel Deke,Tripel,24,0.082,nan,64,SlapShot Brewing Company,Chicago,IL
1898,30,,English Pale Ale,12,0.049,nan,557,Sleeping Lady Brewing Company,Anchorage,AK
1899,2305,Homefront IPA,American IPA,12,0.06,70,163,Sly Fox Brewing Company,,PA
1900,1588,Sly Fox Christmas Ale 2013,nan,12,0.055,16,,,Pottstown,nan
1901,1363,Grisette,Grisette,12,0.056,25,371,Sly Fox Brewing Company,Pottstown,PA
1902,1211,360° India Pale Ale,American IPA,12,0.062,nan,371,Sly Fox Brewing Company,Pottstown,PA
1903,1123,Helles Golden Lager,Munich Helles Lager,12,0.049,18,,Sly Fox Brewing Company,Pottstown,nan
1904,926,Sly Fox Christmas Ale 2012 (2012),nan,12,0.055,16,371,Sly Fox Brewing Company,Pottstown,PA
1905,,Odyssey Imperial IPA,American Double / Imperial IPA,12,0.084,90,371,Sly Fox Brewing Company,Pottstown,PA
1906,166,Oktoberfest Lager,Märzen / Oktoberfest,12,0.058,25,,Sly Fox Brewing Company,,nan
1907,24,113 IPA,American IPA,12,0.07,113,371,Sly Fox Brewing Company,Pottstown,PA
1908,23,Dunkel Lager,Munich Dunkel Lager,12,0.053,21,,Sly Fox Brewing Company,Pottstown,nan
1909,22,Royal Weisse Ale,nan,nan,0.056,11,371,Sly Fox Brewing Company,Pottstown,PA
1910,21,Pikeland Pils,German Pilsener,12,0.049,44,371,Sly Fox Brewing Company,Pottstown,PA
1911,20,Phoenix Pale Ale,American Pale Ale (APA),12,0.051,40,,Sly Fox Brewing Company,Pottstown,nan
1912,2407,Rule G IPA,American IPA,12,0.07,88,115,Smartmouth Brewing Company,Norfolk,VA
1913,2406,Murphy's Law,American Amber / Red Ale,12,0.058,35,,,Norfolk,VA
1914,2405,Alter Ego,Saison / Farmhouse Ale,12,0.062,nan,115,Smartmouth Brewing Company,Norfolk,VA
1915,2234,Monarch Pilsner,American Pilsner,12,0.05,nan,191,Snake River Brewing Company,Jackson,WY
1916,1606,,American Pale Ale (APA),12,0.06,55,,Snake River Brewing Company,Jackson,WY
1917,617,Zonker Stout,Foreign / Export Stout,12,0.054,nan,191,Snake River Brewing Company,Jackson,WY
1918,407,OB-1 Organic Ale,nan,12,nan,22,,Snake River Brewing Company,Jackson,WY
1919,406,Snake River Lager,Vienna Lager,12,0.05,18,191,Snake River Brewing Company,Jackson,WY
1920,,Snake River Pale Ale,American Pale Ale (APA),12,0.052,32,191,Snake River Brewing Company,Jackson,WY
1921,393,,American IPA,12,0.068,60,191,Snake River Brewing Company,Jackson,WY
1922,1798,,nan,12,0.05,nan,309,Sockeye Brewing Company,Boise,ID
1923,1655,Double Dagger Imperial IPA,American Double / Imperial IPA,12,0.092,nan,309,Sockeye Brewing Company,Boise,ID
1924,1596,Dagger Falls IPA,American IPA,12,0.063,100,309,Sockeye Brewing Company,Boise,ID
1925,1595,Dagger Falls IPA,American IPA,nan,0.063,100,309,Sockeye Brewing Company,Boise,ID
1926,1482,,Märzen / Oktoberfest,nan,nan,nan,309,Sockeye Brewing Company,Boise,ID
1927,1447,Hopnoxious Imperial IPA,American Double / Imperial IPA,12,0.079,nan,,,Boise,ID
1928,1425,Barrel Aged Seven Devils Imperial Stout,American Double / Imperial Stout,12,0.099,nan,309,Sockeye Brewing Company,Boise,ID
1929,1424,Boise Co-Op Two Score Ale,Saison / Farmhouse Ale,nan,0.055,nan,309,Sockeye Brewing Company,Boise,ID
1930,1298,Sockeye Belgian Style Summer Ale,Witbier,16,0.05,nan,309,Sockeye Brewing Company,Boise,ID
1931,1181,Sockeye Maibock,Maibock / Helles Bock,12,nan,nan,,Sockeye Brewing Company,Boise,ID
1932,1160,Old Devil's Tooth,American Barleywine,12,0.099,nan,309,Sockeye Brewing Company,Boise,ID
1933,,Galena Golden,American Blonde Ale,12,0.043,nan,309,Sockeye Brewing Company,Boise,ID
1934,1151,,American Pale Ale (APA),12,nan,32,309,Sockeye Brewing Company,Boise,ID
1935,1150,Woolybugger Wheat,nan,12,0.046,12,,Sockeye Brewing Company,Boise,nan
1936,1076,Power House Porter,American Porter,12,nan,nan,309,Sockeye Brewing Company,Boise,ID
1937,995,,American Strong Ale,16,0.084,90,,Sockeye Brewing Company,Boise,ID
1938,879,,American IPA,12,0.063,100,309,Sockeye Brewing Company,Boise,ID
1939,1972,LuckenBock,Bock,16,0.07,18,257,South Austin Brewery,South Austin,TX
1940,1971,Texas Pale Ale (TPA),nan,nan,0.055,40,257,South Austin Brewery,South Austin,TX
1941,1970,6 String Saison,nan,16,nan,nan,257,South Austin Brewery,South Austin,TX
1942,1969,Kol' Beer,Kölsch,16,0.05,22,257,South Austin Brewery,South Austin,TX
1943,2024,Montauk Light,Light Lager,12,0.035,nan,249,,,NY
1944,1283,Na Zdraví Pilsner,nan,16,0.048,32,436,Southern Oregon Brewing Company,Medford,OR
1945,1282,Nice Rack IPA,nan,16,0.055,65,436,Southern Oregon Brewing Company,Medford,OR
1946,2362,2014 IPA Cicada Series,American IPA,16,0.075,72,133,Southern Prohibition Brewing Com...,Hattiesburg,MS
1947,,Sinister Minister Black IPA,American IPA,16,0.077,65,133,Southern Prohibition Brewing Com...,Hattiesburg,MS
1948,2320,Jack the Sipper,Extra Special / Strong Bitter (ESB),12,nan,nan,133,Southern Prohibition Brewing Com...,Hattiesburg,MS
1949,2297,,American Pale Ale (APA),nan,0.058,nan,133,Southern Prohibition Brewing Com...,Hattiesburg,MS
1950,2296,Suzy B Dirty Blonde Ale,American Blonde Ale,12,0.05,nan,133,Southern Prohibition Brewing Com...,Hattiesburg,MS
1951,,Mississippi Fire Ant,American Amber / Red Ale,16,0.08,80,133,Southern Prohibition Brewing Com...,Hattiesburg,MS
1952,1120,Hipster Breakfast,Oatmeal Stout,nan,0.058,nan,133,Southern Prohibition Brewing Com...,Hattiesburg,MS
1953,1118,Suzy B Dirty Blonde Ale,American Blonde Ale,16,0.05,nan,,Southern Prohibition Brewing Com...,Hattiesburg,MS
1954,,Devil's Harvest Extra Pale Ale,American Pale Ale (APA),nan,0.058,60,,,Hattiesburg,MS
1955,2387,Pine Belt Pale Ale,American Pale Ale (APA),12,0.065,45,118,Southern Star Brewing Company,Conroe,TX
1956,2267,Walloon,Saison / Farmhouse Ale,12,0.055,nan,118,Southern Star Brewing Company,Conroe,TX
1957,,Le Mort Vivant,Bière de Garde,12,0.069,23,118,Southern Star Brewing Company,Conroe,TX
1958,1728,Red Cockaded Ale,American Double / Imperial IPA,nan,0.085,110,118,Southern Star Brewing Company,Conroe,TX
1959,1497,Valkyrie Double IPA,American Double / Imperial IPA,12,0.092,100,118,Southern Star Brewing Company,Conroe,TX
1960,1011,Red Cockaded Ale (2013),American Double / Imperial IPA,12,0.085,nan,118,Southern Star Brewing Company,Conroe,TX
1961,1010,,Old Ale,12,0.072,40,118,Southern Star Brewing Company,Conroe,TX
1962,856,Bombshell Blonde,American Blonde Ale,16,0.05,nan,118,Southern Star Brewing Company,Conroe,TX
1963,853,PRO-AM (2012) (2012),American Double / Imperial IPA,12,0.099,100,118,Southern Star Brewing Company,Conroe,TX
1964,691,Walloon (2014),Saison / Farmhouse Ale,12,0.055,nan,118,Southern Star Brewing Company,Conroe,TX
1965,555,,Bière de Garde,nan,0.069,23,118,Southern Star Brewing Company,Conroe,TX
1966,46,Buried Hatchet Stout,nan,12,0.083,nan,118,Southern Star Brewing Company,Conroe,TX
1967,45,Pine Belt Pale Ale,American Pale Ale (APA),16,0.065,45,118,Southern Star Brewing Company,Conroe,TX
1968,44,Bombshell Blonde,American Blonde Ale,12,nan,20,118,Southern Star Brewing Company,Conroe,TX
1969,2486,,American IPA,12,0.047,35,78,Speakasy Ales & Lagers,San Francisco,CA
1970,763,Hopluia (2004),English India Pale Ale (IPA),nan,nan,nan,508,,Cortland,NE
1971,2271,Ball & Chain (2014),American Pale Ale (APA),16,0.058,nan,175,Spiteful Brewing Company,Chicago,IL
1972,2206,Bitter Biker Double IPA,American Double / Imperial IPA,16,0.096,nan,175,Spiteful Brewing Company,Chicago,IL
1973,2136,God Damn Pigeon Porter,American Porter,16,0.082,nan,175,Spiteful Brewing Company,Chicago,IL
1974,2135,Working for the Weekend,American Double / Imperial IPA,16,0.079,nan,175,Spiteful Brewing Company,Chicago,IL
1975,2134,Angry Adam,American Amber / Red Ale,nan,0.06,nan,175,Spiteful Brewing Company,Chicago,IL
1976,2109,,American Stout,16,0.055,nan,175,Spiteful Brewing Company,Chicago,IL
1977,1821,Bitter Biker Double IPA,American Double / Imperial IPA,12,0.096,nan,175,Spiteful Brewing Company,Chicago,IL
1978,1820,Ghost Bike Pale Ale,American Pale Ale (APA),16,0.073,nan,175,Spiteful Brewing Company,Chicago,IL
1979,1819,Spiteful IPA,American IPA,nan,0.062,nan,175,Spiteful Brewing Company,Chicago,IL
1980,,Alley Time,American Pale Ale (APA),12,0.06,nan,175,Spiteful Brewing Company,Chicago,IL
1981,1633,Fat Badger,Irish Red Ale,12,nan,nan,175,Spiteful Brewing Company,Chicago,IL
1982,1632,In the Weeds,American Pale Wheat Ale,12,0.055,nan,175,Spiteful Brewing Company,Chicago,IL
1983,855,Special Amber,nan,12,0.05,nan,498,Sprecher Brewing Company,Glendale,WI
1984,445,Special Amber,Vienna Lager,12,0.05,22,498,Sprecher Brewing Company,Glendale,WI
1985,1587,Seven Gates Pale Ale,American Pale Ale (APA),12,0.056,nan,,Spring House Brewing Company,Conestoga,PA
1986,2242,Gunga Din,Cider,16,0.052,nan,186,St. Julian Winery,,MI
1987,1544,Starr Pils,German Pilsener,12,0.042,nan,383,Starr Hill Brewery,Crozet,VA
1988,1205,Northern Lights India Pale Ale,American IPA,16,0.065,52,383,Starr Hill Brewery,Crozet,VA
1989,,Festie,Märzen / Oktoberfest,12,0.048,12,383,Starr Hill Brewery,Crozet,VA
1990,368,Northern Lights India Pale Ale,American IPA,12,0.065,nan,383,Starr Hill Brewery,Crozet,VA
1991,2386,Third Eye Enlightened Pale Ale,American Pale Ale (APA),12,0.065,65,119,Steamworks Brewing Company,Durango,CO
1992,92,Colorado Kölsch,nan,12,0.049,17,,Steamworks Brewing Company,Durango,CO
1993,91,Steam Engine Lager,American Amber / Red Lager,12,0.057,25,119,Steamworks Brewing Company,Durango,CO
1994,90,Third Eye Pale Ale,American IPA,12,0.065,65,119,Steamworks Brewing Company,Durango,CO
1995,2366,Point Special (Current),American Adjunct Lager,12,0.047,9,,Stevens Point Brewery,Stevens Point,nan
1996,2365,Point Special,American Adjunct Lager,12,0.047,nan,131,Stevens Point Brewery,Stevens Point,WI
1997,2270,Point Cascade Pale Ale (2013),American Pale Ale (APA),nan,nan,33,,,Stevens Point,WI
1998,2228,Point Special,American Adjunct Lager,12,0.047,nan,131,Stevens Point Brewery,Stevens Point,WI
1999,2151,,American Black Ale,12,0.052,9,,Stevens Point Brewery,Stevens Point,WI
2000,2150,Beyond The Pale IPA,American IPA,12,0.063,64,131,Stevens Point Brewery,Stevens Point,WI
2001,,Point Special (2013),American Adjunct Lager,12,0.047,9,,Stevens Point Brewery,Stevens Point,WI
2002,2121,Point Special (2012),American Adjunct Lager,12,0.047,nan,131,Stevens Point Brewery,Stevens Point,WI
2003,2115,Point Special Lager,nan,16,0.047,9,131,Stevens Point Brewery,Stevens Point,WI
2004,1450,St. Benedict's Winter Ale,Winter Warmer,12,0.062,nan,131,Stevens Point Brewery,Stevens Point,WI
2005,1357,,Märzen / Oktoberfest,nan,0.057,15,131,Stevens Point Brewery,Stevens Point,WI
2006,1225,Point Nude Beach Summer Wheat,American Pale Wheat Ale,16,0.052,7,131,Stevens Point Brewery,Stevens Point,WI
2007,816,Point Nude Beach Summer Wheat,American Pale Wheat Ale,12,nan,7,131,Stevens Point Brewery,Stevens Point,WI
2008,772,Point Nude Beach Summer Wheat (2011),American Pale Wheat Ale,12,nan,7,131,Stevens Point Brewery,Stevens Point,WI
2009,684,Drop Dead Blonde,American Blonde Ale,12,0.035,nan,131,Stevens Point Brewery,Stevens Point,WI
2010,650,Three Kings Ale,Kölsch,12,nan,nan,131,Stevens Point Brewery,Stevens Point,WI
2011,456,Point Oktoberfest,nan,12,0.057,15,131,Stevens Point Brewery,Stevens Point,WI
2012,357,2012 Black Ale,American Brown Ale,12,0.054,32,131,Stevens Point Brewery,Stevens Point,WI
2013,141,Point Nude Beach Summer Wheat (2010),nan,12,0.05,7,,Stevens Point Brewery,Stevens Point,nan
2014,140,Point Cascade Pale Ale,American Pale Ale (APA),12,nan,33,,Stevens Point Brewery,Stevens Point,WI
2015,139,Point Amber Classic,American Amber / Red Lager,12,0.047,14,131,Stevens Point Brewery,Stevens Point,WI
2016,138,,American Adjunct Lager,12,0.047,9,131,Stevens Point Brewery,Stevens Point,WI
2017,953,Wisco Disco,American Amber / Red Ale,nan,0.051,31,486,,Green Bay,WI
2018,1983,Brontide,American Black Ale,12,0.05,nan,255,Stillwater Artisanal Ales,Baltimore,MD
2019,1631,,American Black Ale,12,0.05,nan,255,Stillwater Artisanal Ales,Baltimore,MD
2020,,Classique,nan,12,0.045,nan,,,Baltimore,nan
2021,922,Sunsplash Golden Ale (2004),American Blonde Ale,12,0.045,nan,492,Stone Coast Brewing Company,Portland,ME
2022,1410,Sand Island Lighthouse,Kölsch,12,0.051,25,412,Straight to Ale,Huntsville,AL
2023,925,Lily Flagg Milk Stout,Milk / Sweet Stout,nan,0.05,30,412,Straight to Ale,Huntsville,AL
2024,637,,American IPA,12,0.072,70,412,Straight to Ale,Huntsville,AL
2025,2369,Straub Beer (Current),American Adjunct Lager,12,0.05,nan,129,Straub Brewery,St Mary's,PA
2026,2233,American Lager,American Adjunct Lager,12,0.041,8,,Straub Brewery,St Mary's,PA
2027,2232,,American Amber / Red Lager,12,nan,8,129,Straub Brewery,St Mary's,PA
2028,2231,American Light,Light Lager,12,nan,13,,,St Mary's,PA
2029,2352,Extra Pale Ale,American Pale Ale (APA),12,0.053,49,138,Summit Brewing Company,St Paul,nan
2030,,Make It So,Extra Special / Strong Bitter (ESB),12,0.053,40,58,Summit Brewing Company,St. Paul,MN
2031,2473,Hopvale Organic Ale,American Pale Ale (APA),nan,0.047,55,58,Summit Brewing Company,St. Paul,MN
2032,,Unchained #18 Hop Silo,American Double / Imperial IPA,16,0.083,100,,Summit Brewing Company,St. Paul,MN
2033,2605,,Altbier,16,nan,nan,25,Sun King Brewing Company,Indianapolis,IN
2034,2215,Java Mac,Scottish Ale,16,0.054,nan,,Sun King Brewing Company,Indianapolis,IN
2035,2164,Cowbell,American Porter,16,0.054,23,25,Sun King Brewing Company,Indianapolis,IN
2036,,Hop Up Offa That Brett (2014),Belgian Pale Ale,16,0.058,20,25,Sun King Brewing Company,Indianapolis,IN
2037,,PV Muckle (2013),Scotch Ale / Wee Heavy,16,0.083,23,25,Sun King Brewing Company,Indianapolis,IN
2038,,Bourbon Barrel Batch 666: Sympathy for the Devil,Belgian Dark Ale,16,0.099,36,25,Sun King Brewing Company,Indianapolis,IN
2039,2082,Whip Fight,Scotch Ale / Wee Heavy,16,0.09,30,25,Sun King Brewing Company,Indianapolis,IN
2040,2081,Port Barrel Wee Mac,Scotch Ale / Wee Heavy,16,0.053,23,25,Sun King Brewing Company,Indianapolis,IN
2041,2001,Fistful Of Hops Red,American IPA,16,0.064,nan,25,Sun King Brewing Company,Indianapolis,IN
2042,2000,Fistful of Hops Orange,nan,16,0.063,75,25,Sun King Brewing Company,Indianapolis,IN
2043,1999,Fistful Of Hops Blue,nan,16,nan,75,25,Sun King Brewing Company,Indianapolis,IN
2044,,Fistful of Hops Green,nan,16,nan,75,25,Sun King Brewing Company,Indianapolis,IN
2045,1948,30 Min Coma,Belgian IPA,16,nan,nan,25,Sun King Brewing Company,Indianapolis,IN
2046,1656,,nan,16,nan,30,25,Sun King Brewing Company,Indianapolis,IN
2047,1599,Royal Brat,Extra Special / Strong Bitter (ESB),16,0.065,nan,25,Sun King Brewing Company,Indianapolis,IN
2048,1420,Grapefruit Jungle (GFJ),American IPA,16,0.075,77,,,Indianapolis,IN
2049,,Osiris Pale Ale,American Pale Ale (APA),16,0.056,50,,Sun King Brewing Company,Indianapolis,IN
2050,1367,Bourbon Barrel Aged Timmie,Russian Imperial Stout,nan,0.099,75,25,Sun King Brewing Company,Indianapolis,IN
2051,,,Flanders Oud Bruin,16,0.063,nan,25,Sun King Brewing Company,Indianapolis,IN
2052,1347,Bourbon Barrel Cowbell,American Porter,16,nan,nan,25,Sun King Brewing Company,Indianapolis,IN
2053,1314,Popcorn Pilsner,German Pilsener,16,nan,nan,25,Sun King Brewing Company,Indianapolis,IN
2054,1128,Ring of Dingle,Irish Dry Stout,nan,0.071,27,25,Sun King Brewing Company,Indianapolis,IN
2055,1127,Bourbon Barrel Wee Mac,Scottish Ale,16,0.054,nan,25,Sun King Brewing Company,Indianapolis,IN
2056,,Bourbon Barrel Johan,English Barleywine,16,0.099,60,25,Sun King Brewing Company,Indianapolis,IN
2057,934,,American Brown Ale,16,0.07,nan,,,Indianapolis,IN
2058,923,The Velvet Fog,Quadrupel (Quad),16,0.09,24,25,Sun King Brewing Company,Indianapolis,IN
2059,874,Sun King Oktoberfest,nan,16,0.055,23,25,Sun King Brewing Company,Indianapolis,IN
2060,739,Indianapolis Indians Lager,Dortmunder / Export Lager,16,0.052,24,25,Sun King Brewing Company,Indianapolis,IN
2061,698,Indians Victory Lager (2012),Dortmunder / Export Lager,16,0.052,24,25,Sun King Brewing Company,Indianapolis,IN
2062,660,Chaka,nan,16,0.08,nan,,Sun King Brewing Company,Indianapolis,nan
2063,651,Isis,nan,16,0.091,91,25,Sun King Brewing Company,Indianapolis,IN
2064,584,Wee Muckle (2011),Scotch Ale / Wee Heavy,16,0.09,30,25,Sun King Brewing Company,Indianapolis,IN
2065,532,Grapefruit Jungle (GFJ) (2011),nan,16,0.075,77,25,Sun King Brewing Company,Indianapolis,IN
2066,526,Sun King Oktoberfest (2011),Märzen / Oktoberfest,16,0.055,23,25,Sun King Brewing Company,Indianapolis,IN
2067,394,Johan the Barleywine,English Barleywine,16,nan,60,25,Sun King Brewing Company,Indianapolis,IN
2068,213,,Scottish Ale,16,0.054,23,25,Sun King Brewing Company,Indianapolis,IN
2069,55,Sunlight Cream Ale,nan,16,0.053,20,25,Sun King Brewing Company,Indianapolis,IN
2070,,,nan,nan,0.056,50,25,Sun King Brewing Company,Indianapolis,IN
2071,1207,Dam Lager,American Amber / Red Lager,12,0.045,nan,455,Sunken City Brewing Company,Hardy,VA
2072,1206,Red Clay IPA,nan,12,0.07,nan,,,,VA
2073,2543,Todd the Axe Man,nan,16,nan,nan,61,Surly Brewing Company,Brooklyn Center,MN
2074,2409,Doomtree,nan,16,nan,nan,61,Surly Brewing Company,Brooklyn Center,MN
2075,1739,BLAKKR,American Black Ale,16,0.099,85,61,Surly Brewing Company,Brooklyn Center,MN
2076,1112,Overrated! West Coast Style IPA,American IPA,16,0.073,69,61,Surly Brewing Company,Brooklyn Center,MN
2077,329,,American IPA,16,0.075,nan,61,Surly Brewing Company,Brooklyn Center,MN
2078,19,Bitter Brewer,English Bitter,16,0.04,37,61,Surly Brewing Company,Brooklyn Center,MN
2079,18,,Rye Beer,16,0.055,34,61,Surly Brewing Company,Brooklyn Center,MN
2080,17,Coffee Bender,nan,16,0.051,45,61,Surly Brewing Company,Brooklyn Center,MN
2081,16,,American Brown Ale,16,nan,45,61,Surly Brewing Company,Brooklyn Center,MN
2082,15,Abrasive Ale,American Double / Imperial IPA,nan,0.097,120,61,Surly Brewing Company,Brooklyn Center,MN
2083,14,Hell,nan,16,0.051,20,,Surly Brewing Company,Brooklyn Center,nan
2084,13,CynicAle,Saison / Farmhouse Ale,16,0.067,33,61,Surly Brewing Company,Brooklyn Center,MN
2085,12,Furious,American IPA,16,nan,99,,Surly Brewing Company,Brooklyn Center,nan
2086,1242,,American IPA,12,nan,nan,,Swamp Head Brewery,Gainesville,FL
2087,1241,Cotton Mouth,Witbier,nan,nan,10,447,Swamp Head Brewery,Gainesville,FL
2088,1240,Stump Knocker Pale Ale,American Pale Ale (APA),nan,0.056,nan,447,Swamp Head Brewery,Gainesville,FL
2089,1239,,Oatmeal Stout,12,0.05,38,447,Swamp Head Brewery,Gainesville,FL
2090,1238,Wild Night,Cream Ale,12,nan,18,,,Gainesville,FL
2091,1554,Bermuda Triangle Ginger Beer,Herbed / Spiced Beer,12,0.045,nan,381,Swashbuckler Brewing Company,Manheim,PA
2092,2568,Take Two Pils,German Pilsener,12,0.055,35,49,SweetWater Brewing Company,Atlanta,GA
2093,,Waterkeeper,Hefeweizen,12,0.057,nan,49,SweetWater Brewing Company,Atlanta,GA
2094,1710,SweetWater IPA,American IPA,12,0.064,nan,49,SweetWater Brewing Company,Atlanta,GA
2095,1709,420 Extra Pale Ale,nan,12,0.054,nan,49,SweetWater Brewing Company,Atlanta,GA
2096,1229,,American Double / Imperial IPA,12,0.08,95,449,TailGate Beer,San Diego,CA
2097,,TailGate Saison,Saison / Farmhouse Ale,12,0.05,nan,449,TailGate Beer,San Diego,CA
2098,663,TailGate IPA,American IPA,24,0.05,44,449,TailGate Beer,San Diego,CA
2099,662,TailGate IPA,American IPA,12,0.05,nan,449,TailGate Beer,San Diego,CA
2100,623,TailGate Hefeweizen,Hefeweizen,24,nan,28,449,TailGate Beer,San Diego,CA
2101,622,Blacktop Blonde,nan,nan,0.05,19,,,San Diego,CA
2102,362,Blacktop Blonde,American Blonde Ale,12,0.05,nan,449,TailGate Beer,San Diego,CA
2103,361,TailGate Hefeweizen,Hefeweizen,12,0.049,28,449,TailGate Beer,San Diego,CA
2104,2575,Wooden Rooster,Tripel,nan,0.085,34,45,Tallgrass Brewing Company,Manhattan,KS
2105,2555,Ginger Peach Saison,Saison / Farmhouse Ale,16,0.048,20,45,Tallgrass Brewing Company,Manhattan,KS
2106,1736,Zombie Monkie,American Porter,16,0.062,nan,45,Tallgrass Brewing Company,Manhattan,KS
2107,,Wild Plum Farmhouse Ale,Saison / Farmhouse Ale,16,0.056,20,,Tallgrass Brewing Company,Manhattan,KS
2108,1063,Vanilla Bean Buffalo Sweat,Oatmeal Stout,16,0.05,20,45,Tallgrass Brewing Company,Manhattan,KS
2109,1017,Ethos IPA,American IPA,16,0.068,110,45,Tallgrass Brewing Company,Manhattan,KS
2110,1009,Tallgrass Pub Ale,American Brown Ale,16,0.044,12,45,Tallgrass Brewing Company,Manhattan,KS
2111,912,Oasis,Extra Special / Strong Bitter (ESB),16,0.072,93,45,Tallgrass Brewing Company,Manhattan,KS
2112,765,Buffalo Sweat,Milk / Sweet Stout,16,0.05,20,45,Tallgrass Brewing Company,Manhattan,KS
2113,676,Halcyon Unfiltered Wheat,nan,nan,0.05,20,45,Tallgrass Brewing Company,Manhattan,KS
2114,595,8-Bit Pale Ale,American Pale Ale (APA),16,0.052,nan,,,Manhattan,KS
2115,537,Velvet Rooster,Tripel,16,0.085,nan,,Tallgrass Brewing Company,Manhattan,KS
2116,412,,American Pale Wheat Ale,12,0.05,20,45,Tallgrass Brewing Company,Manhattan,KS
2117,105,Köld Lager (2010),German Pilsener,16,0.05,16,45,Tallgrass Brewing Company,Manhattan,KS
2118,104,Oasis (2010),nan,16,0.072,93,45,Tallgrass Brewing Company,Manhattan,KS
2119,,Tallgrass Ale,American Brown Ale,16,0.044,22,45,Tallgrass Brewing Company,Manhattan,KS
2120,102,Buffalo Sweat (2010),Milk / Sweet Stout,16,0.05,20,,Tallgrass Brewing Company,Manhattan,nan
2121,101,Tallgrass IPA,American IPA,16,0.063,nan,45,Tallgrass Brewing Company,Manhattan,KS
2122,1433,Hat Trick Hop IPA,American IPA,16,0.068,nan,409,Tamarack Brewing Company,Lakeside,MT
2123,1432,Yard Sale Amber Ale,American Amber / Red Ale,16,0.056,nan,409,Tamarack Brewing Company,Lakeside,MT
2124,,Loafin Bräu,Altbier,16,nan,nan,,Tampa Bay Brewing Company,Tampa,FL
2125,544,Old Elephant Foot IPA,American IPA,nan,0.07,nan,490,,Tampa,FL
2126,,Peck's Porter,nan,16,0.065,35,7,Tapistry Brewing,Bridgman,MI
2127,2448,Reactor,American IPA,16,0.07,nan,7,Tapistry Brewing,Bridgman,MI
2128,2447,Mr. Orange,Witbier,nan,0.057,nan,7,Tapistry Brewing,Bridgman,MI
2129,2601,Deduction,Dubbel,12,0.08,22,,Taxman Brewing Company,Bargersville,nan
2130,973,Face Down Brown Ale,American Brown Ale,nan,0.057,nan,480,Telluride Brewing Company,Telluride,CO
2131,827,,American IPA,12,0.064,nan,480,Telluride Brewing Company,Telluride,CO
2132,,Bridal Veil Rye Pale Ale,American Pale Ale (APA),12,0.055,nan,480,Telluride Brewing Company,Telluride,CO
2133,2155,Smittytown,Extra Special / Strong Bitter (ESB),12,0.048,nan,210,Temperance Beer Company,Evanston,IL
2134,,Greenwood Beach,Fruit / Vegetable Beer,12,0.04,nan,210,Temperance Beer Company,Evanston,IL
2135,,Gatecrasher,English India Pale Ale (IPA),12,0.066,nan,210,Temperance Beer Company,Evanston,IL
2136,1082,RecreationAle,American Pale Ale (APA),12,0.047,42,469,Terrapin Brewing Company,Athens,GA
2137,,First Stand,Saison / Farmhouse Ale,12,0.055,35,215,Texian Brewing Co.,Richmond,TX
2138,2118,Battle LIne,nan,12,0.063,23,215,Texian Brewing Co.,Richmond,TX
2139,2117,Broken Bridge,Dunkelweizen,12,0.056,12,215,Texian Brewing Co.,Richmond,TX
2140,2116,Brutus,English India Pale Ale (IPA),12,0.071,69,,,Richmond,TX
2141,1916,,American Wild Ale,16,0.06,nan,272,The Alchemist,Waterbury,VT
2142,1915,,American Double / Imperial IPA,16,0.096,nan,272,The Alchemist,Waterbury,VT
2143,1914,Beelzebub,American Double / Imperial Stout,16,0.08,nan,272,The Alchemist,Waterbury,VT
2144,1810,Focal Banger,American IPA,16,nan,nan,272,The Alchemist,Waterbury,VT
2145,1111,Heady Topper,American Double / Imperial IPA,16,0.08,120,272,The Alchemist,Waterbury,VT
2146,,Heady Topper,American Double / Imperial IPA,16,nan,120,272,The Alchemist,Waterbury,VT
2147,1200,Bomber Mountain Amber Ale (2013),American Amber / Red Ale,12,0.046,nan,457,The Black Tooth Brewing Company,Sheridan,WY
2148,1199,Indian Paintbrush IPA,American IPA,12,0.07,75,457,The Black Tooth Brewing Company,Sheridan,WY
2149,,Saddle Bronc Brown Ale (2013),English Brown Ale,nan,0.048,16,457,The Black Tooth Brewing Company,Sheridan,WY
2150,1197,Wagon Box Wheat Beer,American Pale Wheat Ale,12,nan,15,,The Black Tooth Brewing Company,Sheridan,WY
2151,,,Belgian Pale Ale,12,0.05,nan,,The Brewer's Art,Baltimore,nan
2152,1079,Ozzy,Belgian Pale Ale,12,0.073,nan,262,The Brewer's Art,Baltimore,MD
2153,,Resurrection,Dubbel,12,0.07,nan,262,The Brewer's Art,Baltimore,MD
2154,,Bronx Summer Pale Ale,American Pale Ale (APA),nan,nan,16,329,The Bronx Brewery,Bronx,NY
2155,1747,Bronx Black Pale Ale,American Black Ale,16,0.057,46,329,The Bronx Brewery,Bronx,NY
2156,1037,Bronx Pale Ale,American Pale Ale (APA),16,0.063,50,329,The Bronx Brewery,Bronx,NY
2157,2594,,American Pale Ale (APA),nan,nan,nan,33,The Dudes' Brewing Company,Torrance,CA
2158,2035,Kolschtal Eddy,nan,16,0.055,nan,33,The Dudes' Brewing Company,Torrance,CA
2159,2034,,American IPA,16,0.05,nan,33,The Dudes' Brewing Company,Torrance,CA
2160,1562,,English Brown Ale,16,nan,34,33,The Dudes' Brewing Company,Torrance,CA
2161,1561,Double Trunk,American Double / Imperial IPA,16,nan,101,,The Dudes' Brewing Company,Torrance,CA
2162,,Just IPA,American IPA,12,0.046,nan,328,The Just Beer Project,Burlington,VT
2163,2455,Lionshead,American Pilsner,nan,0.045,nan,90,The Lion Brewery,,PA
2164,,Manhattan Gold Lager (1990),American Amber / Red Lager,nan,nan,nan,484,,New York,NY
2165,2638,G. B. Russo’s Italian Pistachio Pale Ale,American Pale Ale (APA),16,nan,nan,9,,Grand Rapids,MI
2166,1278,Northern Hawk Owl Amber,American Amber / Red Ale,12,nan,nan,,The Right Brain Brewery,Traverse City,MI
2167,1277,CEO Stout,American Stout,16,0.059,nan,438,The Right Brain Brewery,Traverse City,MI
2168,1276,Will Power Pale Ale,American Pale Ale (APA),16,0.047,nan,438,The Right Brain Brewery,Traverse City,MI
2169,,Curious Traveler Shandy,Shandy,12,0.044,nan,334,The Traveler Beer Company,Burlington,nan
2170,2347,Hunny Do Wheat,American Pale Wheat Ale,12,0.048,18,142,Third Street Brewhouse,Cold Spring,MN
2171,1781,Three Way Pale Ale,American Pale Ale (APA),12,0.052,nan,142,Third Street Brewhouse,Cold Spring,MN
2172,1780,Rise to the Top,Cream Ale,12,nan,nan,142,Third Street Brewhouse,Cold Spring,MN
2173,1779,Lost Trout Brown Ale,American Brown Ale,nan,0.049,nan,142,Third Street Brewhouse,Cold Spring,MN
2174,2421,Watermelon Ale,Fruit / Vegetable Beer,12,0.051,11,108,Thomas Hooker Brewing Company,Bloomfield,CT
2175,2319,Knotty Blonde Ale,American Blonde Ale,12,0.04,18,153,Three Creeks Brewing,Sisters,OR
2176,2317,Fivepine Chocolate Porter,nan,12,0.062,40,153,Three Creeks Brewing,Sisters,OR
2177,2316,Hoodoo Voodoo IPA,American IPA,12,0.062,82,153,Three Creeks Brewing,Sisters,OR
2178,1913,Hydraulion Red,Irish Red Ale,12,nan,22,273,Three Notch'd Brewing Company,Charlottesville,VA
2179,1912,40 Mile IPA,American IPA,12,0.06,nan,273,Three Notch'd Brewing Company,Charlottesville,VA
2180,2617,,American Pale Wheat Ale,16,0.055,64,,,Martinsville,IN
2181,2616,Pole Barn Stout,Oatmeal Stout,16,nan,31,21,Three Pints Brewing,Martinsville,IN
2182,2615,,American Pale Ale (APA),16,nan,37,21,Three Pints Brewing,Martinsville,IN
2183,2614,Yoshi's Nectar,nan,16,nan,27,,Three Pints Brewing,Martinsville,IN
2184,1889,Leatherhead Red,nan,12,0.052,nan,282,Thunderhead Brewing Company,Kearney,NE
2185,1222,Cropduster Mid-American IPA,American IPA,12,0.065,nan,282,Thunderhead Brewing Company,Kearney,NE
2186,122,Golden Frau Honey Wheat,nan,nan,0.075,nan,,,Kearney,NE
2187,121,Cornstalker Dark Wheat,American Dark Wheat Ale,12,nan,nan,282,Thunderhead Brewing Company,Kearney,NE
2188,2623,Cafe Leche,American Porter,16,0.058,20,17,Tin Man Brewing Company,Evansville,IN
2189,2622,Damascene Apricot Sour,Fruit / Vegetable Beer,16,0.052,12,17,Tin Man Brewing Company,Evansville,IN
2190,2621,,Russian Imperial Stout,16,0.12,90,17,Tin Man Brewing Company,Evansville,IN
2191,1817,Klingon Warnog Roggen Dunkel,nan,nan,0.055,nan,17,Tin Man Brewing Company,Evansville,IN
2192,1449,,American Double / Imperial IPA,16,0.085,115,17,Tin Man Brewing Company,Evansville,IN
2193,951,Alloy,American IPA,16,0.058,36,17,Tin Man Brewing Company,Evansville,IN
2194,950,Rivet Irish Red Ale,Irish Red Ale,16,0.051,nan,17,Tin Man Brewing Company,Evansville,IN
2195,949,3 Gear Robust Porter,American Porter,16,0.052,nan,17,Tin Man Brewing Company,Evansville,IN
2196,948,Circuit Bohemian Pilsner,Czech Pilsener,16,0.045,35,17,Tin Man Brewing Company,Evansville,IN
2197,2321,Turnrow Harvest Ale,American Blonde Ale,12,0.055,nan,,Tin Roof Brewing Company,Baton Rouge,nan
2198,1755,Juke Joint IPA,American IPA,12,0.07,60,152,Tin Roof Brewing Company,Baton Rouge,LA
2199,,Parade Ground Coffee Porter,nan,12,0.07,nan,,Tin Roof Brewing Company,Baton Rouge,LA
2200,1428,Tin Roof Watermelon Wheat,Fruit / Vegetable Beer,12,0.05,21,152,Tin Roof Brewing Company,Baton Rouge,LA
2201,529,,American Blonde Ale,12,0.045,18,152,Tin Roof Brewing Company,Baton Rouge,LA
2202,495,Voodoo Bengal Pale Ale,American Pale Ale (APA),nan,nan,37,,Tin Roof Brewing Company,Baton Rouge,LA
2203,,Perfect Tin Amber,American Amber / Red Ale,12,0.045,nan,152,Tin Roof Brewing Company,Baton Rouge,LA
2204,1856,IPA & a Half,American IPA,12,0.073,87,291,Tommyknocker Brewery,Idaho Springs,CO
2205,736,Ornery Amber Lager (2003),nan,nan,0.055,33,291,Tommyknocker Brewery,Idaho Springs,CO
2206,1027,Big Island Shandy,nan,nan,0.05,nan,474,,Minnetonka,MN
2207,1026,Preservation IPA,American IPA,nan,0.068,nan,,Tonka Beer Company,Minnetonka,MN
2208,1938,Almanac IPA,American IPA,nan,0.062,nan,265,Tractor Brewing Company,Albuquerque,NM
2209,1937,Milk Mustachio Stout,Milk / Sweet Stout,12,0.065,nan,265,Tractor Brewing Company,Albuquerque,NM
2210,1936,Farmer's Tan Red Ale,American Amber / Red Ale,nan,0.06,30,265,Tractor Brewing Company,Albuquerque,NM
2211,594,,American IPA,12,0.057,nan,524,Triangle Brewing Company,Durham,NC
2212,114,Triangle White Ale,Witbier,12,nan,nan,524,Triangle Brewing Company,Durham,NC
2213,113,Triangle Belgian Golden Ale,nan,12,nan,nan,,Triangle Brewing Company,Durham,NC
2214,2445,Troegenator,Doppelbock,16,0.082,nan,97,Tröegs Brewing Company,Hershey,PA
2215,2444,Nugget Nectar,American Amber / Red Ale,16,0.075,nan,97,Tröegs Brewing Company,Hershey,PA
2216,2203,Sunshine Pils,American Pilsner,nan,0.045,45,97,Tröegs Brewing Company,Hershey,PA
2217,1510,Troegenator Doublebock,Doppelbock,16,0.082,nan,97,Tröegs Brewing Company,Hershey,PA
2218,,,American IPA,12,0.075,85,97,Tröegs Brewing Company,Hershey,PA
2219,433,Greenville Pale Ale,American Pale Ale (APA),12,0.055,nan,539,Twin Lakes Brewing Company,Greenville,DE
2220,641,Hoppy Boy,American IPA,nan,0.062,nan,520,Twisted Pine Brewing Company,Boulder,CO
2221,2588,Cow Creek,American Amber / Red Lager,12,0.054,26,38,Twisted X Brewing Company,Dripping Springs,TX
2222,2458,Chupahopra,American IPA,12,0.075,63,,Twisted X Brewing Company,Dripping Springs,TX
2223,2212,Twisted X,American Adjunct Lager,12,0.051,19,38,Twisted X Brewing Company,Dripping Springs,TX
2224,,Day Hike Session,American IPA,12,0.041,41,190,Two Beers Brewing Company,Seattle,WA
2225,1661,Trailhead ISA,American IPA,12,0.048,48,190,Two Beers Brewing Company,Seattle,WA
2226,1660,Immersion Amber,American Amber / Red Ale,12,0.052,nan,190,Two Beers Brewing Company,Seattle,WA
2227,1659,Evo IPA,American IPA,12,nan,70,190,Two Beers Brewing Company,Seattle,WA
2228,1438,Presidential Pils,Czech Pilsener,12,0.048,nan,,Two Beers Brewing Company,Seattle,WA
2229,1173,Evolutionary IPA (2012),American IPA,12,nan,70,190,Two Beers Brewing Company,Seattle,WA
2230,560,Persnickety Pale,American Pale Ale (APA),nan,0.057,36,190,Two Beers Brewing Company,Seattle,WA
2231,519,SoDo Brown Ale,American Brown Ale,12,0.054,nan,190,Two Beers Brewing Company,Seattle,WA
2232,518,Immersion Amber Ale (2011),American Amber / Red Ale,12,0.052,27,190,Two Beers Brewing Company,Seattle,WA
2233,505,Evolutionary IPA (2011),American IPA,12,0.062,70,190,Two Beers Brewing Company,Seattle,WA
2234,482,Trailhead India Style Session Ale (2011),American IPA,12,0.048,48,190,Two Beers Brewing Company,Seattle,WA
2235,451,Panorama Wheat Ale,American Pale Wheat Ale,nan,0.046,nan,,Two Beers Brewing Company,,WA
2236,2497,Wobble,American IPA,nan,0.063,69,74,Two Brothers Brewing Company,Warrenville,IL
2237,2246,Night Cat,American Dark Wheat Ale,12,nan,43,74,Two Brothers Brewing Company,Warrenville,IL
2238,1630,Night Cat (2014),American Dark Wheat Ale,12,0.058,43,,Two Brothers Brewing Company,,nan
2239,1284,Dog Days Lager,Dortmunder / Export Lager,12,0.051,nan,74,Two Brothers Brewing Company,Warrenville,IL
2240,1121,Sidekick Extra Pale Ale,American Pale Ale (APA),12,0.051,36,,Two Brothers Brewing Company,Warrenville,IL
2241,1042,Atom Smasher,nan,nan,0.077,nan,74,Two Brothers Brewing Company,Warrenville,IL
2242,1041,Testudo,Bière de Garde,12,0.045,nan,74,Two Brothers Brewing Company,Warrenville,IL
2243,1040,Hobnob B & B Pale Ale,American Pale Ale (APA),12,0.065,nan,74,Two Brothers Brewing Company,Warrenville,IL
2244,861,,American Strong Ale,12,0.07,68,74,Two Brothers Brewing Company,Warrenville,IL
2245,,Outlaw IPA (2015),American IPA,12,nan,nan,74,Two Brothers Brewing Company,Warrenville,IL
2246,2037,The Gilded Age,Munich Helles Lager,nan,nan,nan,243,Two Henrys Brewing Company,Plant City,nan
2247,1285,,Hefeweizen,16,0.05,nan,435,Two Roads Brewing Company,Stratford,CT
2248,1189,Honeyspot Road White IPA,American White IPA,12,nan,nan,435,Two Roads Brewing Company,Stratford,CT
2249,1171,Road 2 Ruin Double IPA,nan,12,0.072,nan,435,Two Roads Brewing Company,Stratford,CT
2250,1170,Workers Comp Saison,Saison / Farmhouse Ale,12,nan,nan,435,Two Roads Brewing Company,Stratford,CT
2251,1169,Ol' Factory Pils,German Pilsener,12,0.05,nan,435,Two Roads Brewing Company,Stratford,CT
2252,2310,PUNK'N,Pumpkin Ale,nan,nan,10,,Uinta Brewing Company,,UT
2253,2100,Yard Sale Winter Lager,American Amber / Red Lager,12,0.04,22,159,Uinta Brewing Company,Salt Lake City,UT
2254,1925,Trader Session IPA,American IPA,12,0.04,42,159,Uinta Brewing Company,Salt Lake City,UT
2255,1723,,American IPA,12,0.073,83,,,Salt Lake City,nan
2256,1212,SUM'R,American Blonde Ale,12,0.04,17,159,Uinta Brewing Company,Salt Lake City,UT
2257,1097,Organic Baba Black Lager,Schwarzbier,12,0.04,32,159,Uinta Brewing Company,Salt Lake City,UT
2258,1089,Hop Notch IPA (2013),American IPA,12,0.073,82,159,Uinta Brewing Company,Salt Lake City,UT
2259,1088,Cutthroat Pale Ale,American Pale Ale (APA),12,0.04,34,159,Uinta Brewing Company,Salt Lake City,UT
2260,974,WYLD Extra Pale Ale,American Pale Ale (APA),12,0.04,29,159,Uinta Brewing Company,Salt Lake City,UT
2261,98,Pilsner Ukiah,nan,12,0.055,nan,,,Ukiah,CA
2262,,The Green Room,American IPA,16,0.06,75,126,Uncle Billy's Brewery and Smokeh...,Austin,TX
2263,2367,Humbucker Helles,nan,16,0.047,25,,,Austin,TX
2264,1704,Uncle John's Apple Cherry Cider,Cider,16,0.065,nan,338,Uncle John's Fruit House Winery,St. John's,MI
2265,1703,Uncle John's Apricot Apple Cider,Cider,16,0.065,nan,338,Uncle John's Fruit House Winery,St. John's,MI
2266,877,Draught Hard Apple Cider,Cider,16,0.065,nan,338,Uncle John's Fruit House Winery,St. John's,MI
2267,606,Scotty K NA,Low Alcohol Beer,16,0.001,nan,522,Uncommon Brewers,Santa Cruz,CA
2268,543,,American Brown Ale,16,0.068,nan,522,Uncommon Brewers,Santa Cruz,CA
2269,,Golden State Ale,Belgian Pale Ale,nan,0.064,nan,522,Uncommon Brewers,Santa Cruz,CA
2270,346,Baltic Porter,nan,16,0.078,nan,522,Uncommon Brewers,Santa Cruz,CA
2271,,Siamese twin,nan,nan,nan,nan,,Uncommon Brewers,Santa Cruz,CA
2272,2507,Double Duckpin,American Double / Imperial IPA,12,0.085,90,71,Union Craft Brewing,Baltimore,MD
2273,2506,Old Pro,Gose,12,0.042,10,,Union Craft Brewing,Baltimore,MD
2274,829,Duckpin Pale Ale,American Pale Ale (APA),nan,0.055,nan,71,Union Craft Brewing,Baltimore,MD
2275,,Balt Altbier,Altbier,nan,0.06,nan,71,Union Craft Brewing,Baltimore,MD
2276,2190,Campside Session IPA,American IPA,16,nan,nan,202,Upland Brewing Company,Bloomington,IN
2277,1951,Upland Wheat Ale,Witbier,16,0.045,15,202,Upland Brewing Company,Bloomington,IN
2278,1950,Dragonfly IPA,nan,16,0.06,nan,202,Upland Brewing Company,Bloomington,IN
2279,2565,Lee Hill Series Vol. 5 - Belgian Style Quadrupel Ale,Quadrupel (Quad),19.2,0.128,nan,51,Upslope Brewing Company,Boulder,CO
2280,2564,Lee Hill Series Vol. 4 - Manhattan Style Rye Ale,nan,19.2,0.104,nan,51,Upslope Brewing Company,Boulder,CO
2281,2563,,American Wild Ale,19.2,0.068,nan,51,Upslope Brewing Company,Boulder,CO
2282,2562,Lee Hill Series Vol. 3 - Barrel Aged Imperial Stout,American Double / Imperial Stout,19.2,0.099,51,,Upslope Brewing Company,Boulder,CO
2283,2561,Lee Hill Series Vol. 1 - Barrel Aged Brown Ale,nan,nan,0.076,nan,51,Upslope Brewing Company,Boulder,CO
2284,2560,Blood Orange Saison,Saison / Farmhouse Ale,12,0.06,nan,51,Upslope Brewing Company,Boulder,CO
2285,1932,Thai Style White IPA,American White IPA,nan,0.065,33,51,Upslope Brewing Company,Boulder,CO
2286,,Ferus Fluxus Wild Belgian Pale Ale,American Wild Ale,19.2,0.075,30,51,Upslope Brewing Company,Boulder,CO
2287,1315,Upslope Imperial India Pale Ale,American Double / Imperial IPA,19.2,nan,90,,Upslope Brewing Company,Boulder,CO
2288,907,Upslope Christmas Ale,Winter Warmer,16,0.082,nan,51,Upslope Brewing Company,Boulder,CO
2289,906,Upslope Pumpkin Ale,Pumpkin Ale,16,0.077,nan,51,Upslope Brewing Company,Boulder,CO
2290,683,Upslope Belgian Style Pale Ale,Belgian Pale Ale,12,0.075,30,51,Upslope Brewing Company,Boulder,CO
2291,614,,Foreign / Export Stout,12,0.069,nan,51,Upslope Brewing Company,Boulder,CO
2292,466,Top Rope Mexican-style Craft Lager,Vienna Lager,12,0.048,15,51,Upslope Brewing Company,Boulder,CO
2293,,,Vienna Lager,12,0.048,22,51,Upslope Brewing Company,Boulder,CO
2294,345,Upslope Brown Ale,English Brown Ale,12,0.067,nan,51,Upslope Brewing Company,Boulder,CO
2295,80,Upslope Pale Ale,American Pale Ale (APA),nan,0.058,nan,51,Upslope Brewing Company,Boulder,CO
2296,79,Upslope India Pale Ale,American IPA,12,0.072,nan,51,Upslope Brewing Company,Boulder,CO
2297,382,Common Sense Kentucky Common Ale,American Brown Ale,16,0.053,22,546,Upstate Brewing Company,Elmira,NY
2298,381,Upstate I.P.W.,American IPA,12,0.065,70,,,Elmira,NY
2299,1826,Squatters Full Suspension Pale Ale,American Pale Ale (APA),12,0.04,nan,,Utah Brewers Cooperative,Salt Lake City,UT
2300,,Squatters Hop Rising Double IPA,American Double / Imperial IPA,12,0.09,75,302,Utah Brewers Cooperative,Salt Lake City,UT
2301,1824,Devastator Double Bock,Doppelbock,12,0.08,nan,302,Utah Brewers Cooperative,Salt Lake City,UT
2302,1823,Wasatch Ghostrider White IPA,American White IPA,12,0.06,nan,302,Utah Brewers Cooperative,Salt Lake City,UT
2303,1682,Wasatch Ghostrider White IPA (2014),American White IPA,nan,0.06,nan,,,Salt Lake City,UT
2304,1681,Wasatch Apricot Hefeweizen,Fruit / Vegetable Beer,12,nan,nan,302,Utah Brewers Cooperative,Salt Lake City,UT
2305,1680,Squatters Hop Rising Double IPA (2014),American Double / Imperial IPA,12,0.09,75,,Utah Brewers Cooperative,Salt Lake City,UT
2306,1679,Squatters Full Suspension Pale Ale,American Pale Ale (APA),nan,0.04,nan,302,Utah Brewers Cooperative,Salt Lake City,UT
2307,2245,Nunica Pine,Cider,16,0.068,nan,185,Vander Mill Ciders,Spring Lake,MI
2308,2244,,nan,nan,0.069,nan,185,Vander Mill Ciders,Spring Lake,MI
2309,1378,Totally Roasted,Cider,16,0.068,nan,185,Vander Mill Ciders,Spring Lake,MI
2310,,Blue Gold,Cider,16,0.068,nan,185,Vander Mill Ciders,Spring Lake,MI
2311,,Hard Apple,nan,16,nan,nan,185,Vander Mill Ciders,Spring Lake,MI
2312,2411,Nitro Can Coffee Stout,American Stout,12,0.052,nan,113,Vault Brewing Company,Yardley,PA
2313,1770,Voodoo Love Child,Tripel,12,0.092,25,322,Voodoo Brewery,Meadville,PA
2314,1769,White Magick of the Sun,Witbier,12,0.079,nan,322,Voodoo Brewery,Meadville,PA
2315,,Wynona's Big Brown Ale,American Brown Ale,nan,nan,31,322,Voodoo Brewery,Meadville,PA
2316,1729,Gran Met,Belgian Strong Pale Ale,12,0.092,25,322,Voodoo Brewery,Meadville,PA
2317,,Good Vibes IPA,nan,12,0.073,85,,Voodoo Brewery,,PA
2318,1488,Pilzilla,American Double / Imperial Pilsner,12,0.075,85,322,Voodoo Brewery,Meadville,PA
2319,1846,Wachusett Light IPA,American IPA,12,0.04,37,295,Wachusett Brewing Company,Westminster,MA
2320,,,American IPA,nan,0.06,55,295,Wachusett Brewing Company,Westminster,MA
2321,1844,Wachusett IPA,American IPA,nan,0.056,50,295,Wachusett Brewing Company,Westminster,MA
2322,1843,Strawberry White,Witbier,12,0.047,nan,295,Wachusett Brewing Company,Westminster,MA
2323,1418,Larry Imperial IPA,American Double / Imperial IPA,12,0.085,nan,295,Wachusett Brewing Company,Westminster,MA
2324,,Wachusett Summer,American Pale Wheat Ale,12,0.047,nan,295,Wachusett Brewing Company,Westminster,MA
2325,1030,Country Pale Ale,English Pale Ale,12,0.051,17,295,Wachusett Brewing Company,Westminster,MA
2326,,Wachusett Light IPA (2013),American IPA,12,0.04,37,295,Wachusett Brewing Company,Westminster,MA
2327,,Pumpkan,Pumpkin Ale,12,0.052,20,295,Wachusett Brewing Company,Westminster,MA
2328,619,Wachusett Blueberry Ale,Fruit / Vegetable Beer,12,0.045,10,295,Wachusett Brewing Company,Westminster,MA
2329,618,Green Monsta IPA,nan,12,0.06,nan,295,Wachusett Brewing Company,Westminster,MA
2330,780,T-6 Red Ale (2004),American Amber / Red Ale,12,0.047,nan,506,Warbird Brewing Company,Fort Wayne,IN
2331,2450,Self Starter,American IPA,16,0.052,67,94,Warped Wing Brewing Company,Dayton,OH
2332,2223,Ermal's,Cream Ale,nan,nan,20,94,Warped Wing Brewing Company,Dayton,OH
2333,,10 Ton,Oatmeal Stout,16,0.07,nan,94,Warped Wing Brewing Company,Dayton,OH
2334,2221,Flyin' Rye,American IPA,16,0.07,nan,94,Warped Wing Brewing Company,Dayton,OH
2335,,Christmas Ale,Herbed / Spiced Beer,12,0.09,nan,100,West Sixth Brewing,Lexington,KY
2336,2356,Pay It Forward Cocoa Porter,American Porter,12,0.07,nan,100,West Sixth Brewing,Lexington,KY
2337,1069,West Sixth Amber Ale,American Amber / Red Ale,12,0.055,nan,100,West Sixth Brewing,Lexington,KY
2338,652,West Sixth IPA,American IPA,nan,nan,nan,100,West Sixth Brewing,Lexington,KY
2339,,One Claw,American Pale Ale (APA),12,0.055,nan,,Westbrook Brewing Company,Mt. Pleasant,SC
2340,,Westbrook Gose,Gose,12,nan,5,384,Westbrook Brewing Company,Mt. Pleasant,SC
2341,576,White Thai,Witbier,12,0.05,16,384,Westbrook Brewing Company,Mt. Pleasant,SC
2342,575,Westbrook IPA,American IPA,12,nan,65,384,Westbrook Brewing Company,Mt. Pleasant,SC
2343,1645,,Märzen / Oktoberfest,12,0.057,22,351,Westfield River Brewing Company,Westfield,MA
2344,1551,Pop's Old Fashioned Lager,American Amber / Red Lager,12,nan,nan,,Westfield River Brewing Company,Westfield,MA
2345,1550,Charlie in the Rye,American IPA,12,0.058,55,351,Westfield River Brewing Company,Westfield,MA
2346,2364,Royal Lager,American Pale Lager,16,nan,nan,,Weston Brewing Company,Weston,MO
2347,2348,Rip Van Winkle (Current),Bock,12,0.08,nan,,Weston Brewing Company,Weston,MO
2348,2344,,nan,12,nan,nan,,Weston Brewing Company,Weston,MO
2349,2343,O’Malley’s IPA,American IPA,12,nan,89,132,Weston Brewing Company,Weston,MO
2350,2342,O’Malley’s Irish Style Cream Ale,Cream Ale,12,nan,nan,132,Weston Brewing Company,Weston,MO
2351,,L'il Lucy's Hot Pepper Ale,Chile Beer,12,0.049,28,132,Weston Brewing Company,Weston,MO
2352,2340,Drop Kick Ale,American Amber / Red Ale,12,nan,nan,132,Weston Brewing Company,Weston,MO
2353,2573,Raspberry Berliner Weisse,Berliner Weissbier,12,nan,nan,47,White Birch Brewing,Hooksett,NH
2354,2572,Hop Session,American IPA,12,0.05,nan,47,White Birch Brewing,Hooksett,NH
2355,2571,,nan,12,0.055,nan,47,White Birch Brewing,Hooksett,NH
2356,2570,Berliner Weisse,Berliner Weissbier,12,0.055,nan,47,White Birch Brewing,Hooksett,NH
2357,1498,Super G IPA,nan,nan,0.06,nan,396,White Flame Brewing Company,Hudsonville,MI
2358,1838,Hefe Lemon,Radler,12,0.049,30,296,Widmer Brothers Brewing Company,Portland,OR
2359,,Hefe Black,Hefeweizen,nan,0.049,30,296,Widmer Brothers Brewing Company,Portland,OR
2360,1836,Widmer Brothers Hefeweizen,Hefeweizen,12,0.049,30,296,Widmer Brothers Brewing Company,Portland,OR
2361,1619,Hop Slayer Double IPA,nan,12,0.082,100,361,Wild Onion Brewing Company,Lake Barrington,IL
2362,1618,Pumpkin Ale,Pumpkin Ale,12,0.045,nan,361,Wild Onion Brewing Company,Lake Barrington,IL
2363,1364,Big Bowl Blonde Ale,American Brown Ale,nan,0.05,nan,361,Wild Onion Brewing Company,Lake Barrington,IL
2364,,Phat Chance,American Blonde Ale,12,0.052,nan,361,Wild Onion Brewing Company,Lake Barrington,IL
2365,740,Hop Slayer Double IPA (2011),American Double / Imperial IPA,12,0.082,100,361,Wild Onion Brewing Company,Lake Barrington,IL
2366,430,Hop Slayer Double IPA (2011),nan,nan,0.082,100,361,Wild Onion Brewing Company,Lake Barrington,IL
2367,398,Wild Onion Summer Wit,Witbier,nan,0.042,13,361,Wild Onion Brewing Company,Lake Barrington,IL
2368,366,,Oatmeal Stout,12,0.06,23,361,Wild Onion Brewing Company,Lake Barrington,IL
2369,334,Wild Onion Pumpkin Ale (2010),Pumpkin Ale,12,0.045,nan,,Wild Onion Brewing Company,Lake Barrington,IL
2370,162,Paddy Pale Ale,American Pale Ale (APA),12,0.056,41,361,Wild Onion Brewing Company,Lake Barrington,IL
2371,2253,Blonde Hunny,Belgian Pale Ale,12,0.068,21,181,Wild Wolf Brewing Company,Nellysford,VA
2372,1318,Wild Wolf Wee Heavy Scottish Style Ale,Scotch Ale / Wee Heavy,12,0.057,nan,181,Wild Wolf Brewing Company,Nellysford,VA
2373,1195,Wild Wolf American Pilsner,American Pilsner,12,0.045,25,181,Wild Wolf Brewing Company,Nellysford,VA
2374,1194,Alpha Ale,American Pale Ale (APA),12,0.051,45,181,Wild Wolf Brewing Company,Nellysford,VA
2375,826,Mystical Stout,nan,16,0.054,nan,,Wildwood Brewing Company,Stevensville,MT
2376,825,Bodacious Bock,Bock,16,0.075,nan,499,Wildwood Brewing Company,Stevensville,MT
2377,813,Ambitious Lager,nan,16,0.05,nan,499,Wildwood Brewing Company,Stevensville,MT
2378,324,,American Pale Ale (APA),nan,0.072,nan,550,Wind River Brewing Company,Pinedale,WY
2379,323,Wind River Blonde Ale,American Blonde Ale,16,0.05,nan,550,Wind River Brewing Company,Pinedale,WY
2380,762,,American IPA,16,nan,83,509,Wingman Brewers,Tacoma,WA
2381,761,P-51 Porter,American Porter,16,0.08,31,509,Wingman Brewers,Tacoma,WA
2382,2149,#001 Golden Amber Lager,American Amber / Red Lager,nan,0.055,nan,,Wisconsin Brewing Company,Verona,WI
2383,2148,#002 American I.P.A.,American IPA,12,0.071,60,211,Wisconsin Brewing Company,Verona,WI
2384,2147,,American Porter,12,0.052,nan,211,Wisconsin Brewing Company,Verona,WI
2385,2146,#004 Session I.P.A.,American IPA,12,0.048,38,,Wisconsin Brewing Company,Verona,WI
2386,,Tarasque,Saison / Farmhouse Ale,12,nan,nan,239,Wiseacre Brewing Company,Memphis,TN
2387,1470,Ananda India Pale Ale,American IPA,12,0.062,61,239,Wiseacre Brewing Company,Memphis,TN
2388,,,American Pilsner,12,nan,23,,Wiseacre Brewing Company,Memphis,TN
2389,2627,Train Hopper,American IPA,nan,0.058,72,14,Witch's Hat Brewing Company,South Lyon,MI
2390,2626,Edward’s Portly Brown,American Brown Ale,12,nan,nan,14,Witch's Hat Brewing Company,South Lyon,MI
2391,1676,,American IPA,12,nan,135,344,,Abingdon,VA
2392,,Wolverine Premium Lager,American Pale Lager,12,nan,15,402,Wolverine State Brewing Company,Ann Arbor,MI
2393,822,Woodchuck Amber Hard Cider,Cider,nan,0.05,nan,501,Woodchuck Hard Cider,Middlebury,VT
2394,,,nan,nan,0.065,82,109,Woodstock Inn Station & Brewery,North Woodstock,NH
2395,2306,Summer Brew,American Pilsner,12,0.028,15,109,Woodstock Inn Station & Brewery,North Woodstock,NH
2396,1697,Be Hoppy IPA,American IPA,16,0.065,69,339,Wormtown Brewery,Worcester,MA
2397,2194,Worthy IPA,American IPA,12,0.069,nan,199,Worthy Brewing Company,Bend,OR
2398,,Easy Day Kolsch,Kölsch,12,0.045,25,199,Worthy Brewing Company,Bend,OR
2399,1513,,American Double / Imperial IPA,12,0.077,30,199,Worthy Brewing Company,Bend,OR
2400,1512,Worthy IPA (2013),American IPA,12,0.069,nan,199,Worthy Brewing Company,Bend,OR
2401,1511,Worthy Pale,American Pale Ale (APA),12,0.06,50,199,Worthy Brewing Company,Bend,OR
2402,1345,Patty's Chile Beer,nan,12,0.042,nan,424,Wynkoop Brewing Company,Denver,CO
2403,1316,Colorojo Imperial Red Ale,American Strong Ale,12,0.082,nan,424,Wynkoop Brewing Company,Denver,CO
2404,1045,Wynkoop Pumpkin Ale,Pumpkin Ale,12,0.055,nan,424,Wynkoop Brewing Company,Denver,CO
2405,1035,Rocky Mountain Oyster Stout,American Stout,12,0.075,nan,424,Wynkoop Brewing Company,Denver,CO
2406,928,Belgorado,Belgian IPA,12,0.067,45,,Wynkoop Brewing Company,Denver,CO
2407,,,American Amber / Red Ale,12,0.052,nan,424,Wynkoop Brewing Company,Denver,CO
2408,620,B3K Black Lager,Schwarzbier,12,0.055,nan,424,Wynkoop Brewing Company,Denver,CO
2409,145,Silverback Pale Ale,American Pale Ale (APA),12,0.055,40,424,Wynkoop Brewing Company,Denver,CO
2410,84,Rail Yard Ale (2009),American Amber / Red Ale,12,0.052,nan,424,Wynkoop Brewing Company,Denver,CO
