Attribute,Index,Clean Value,Dirty Value
src,4,boston,boston??
src,10,flightview,empty
src,11,flylouisville,empty
src,14,gofox,@@#gofox
src,16,myrateplan,empty
src,19,panynj,pany??n@@j
src,20,quicktrip,quickt#ri??p
src,22,aa,#a??a
src,27,flightaware,flighta??ware
src,28,flightexplorer,flightex#plorer
src,32,flylouisville,flylo??%uisville
src,39,mytripandmore,my??tripandmor@@e
src,41,panynj,empty
src,47,aa,@@aa$
src,49,allegiantair,??a#llegiantair
src,52,flightarrival,flightar@@rival
src,53,flightaware,empty
src,61,gofox,empty
src,68,panynj,empty
src,72,weather,#weat$her
src,76,airtravelcenter,empty
src,87,flylouisville,empty
src,95,quicktrip,quicktri#p
src,96,travelocity,empty
src,98,world-flight-tracker,world-fli%ght-tracker
src,100,aa,aa#
src,115,helloflight,hel#loflight
src,116,ifly,i$fly
src,118,myrateplan,empty
src,119,orbitz,empty
src,120,panynj,empty
src,121,quicktrip,quic??ktrip
src,130,businesstravellogue,empty
src,137,foxbusiness,empty
src,138,gofox,empty
src,146,usatoday,%usat#oday
src,148,world-flight-tracker,world-f%ligh??t-tracker
src,149,aa,aa?$?
src,151,allegiantair,empty
src,155,flightexplorer,empty
src,161,gofox,empty
src,162,helloflight,empty
src,171,aa,empty
src,176,flightarrival,empty
src,188,mco,empty
src,189,myrateplan,my??rateplan
src,192,panynj,pa@@nynj
src,202,boston,empty
src,204,flightarrival,flig??htarrival
src,207,flights,%flights
src,216,mytripandmore,empty
src,224,wunderground,empty
src,231,flightexplorer,f%light%explorer
src,232,flights,flig??h$ts
src,242,mytripandmore,empty
src,244,ord,or??@@d
src,245,panynj,pa%n#ynj
src,252,aa,@@%aa
src,254,allegiantair,empty
src,261,flytecomm,f@@#lytecomm
src,263,gofox,gofo@@x
src,265,myrateplan,empty
src,273,allegiantair,empty
src,275,businesstravellogue,business??travellogue
src,281,flytecomm,empty
src,284,helloflight,empty
src,289,orbitz,orbitz%
src,297,airtravelcenter,empty
src,300,businesstravellogue,empty
src,301,flightaware,empty
src,314,orbitz,o??rbit@@z
src,315,panynj,@@panynj%
src,320,wunderground,wunde$r@@ground
src,327,flightaware,#flightaware
src,329,flights,fli#ghts??
src,330,flightstats,empty
src,331,flightview,empty
src,332,flylouisville,empty
src,334,foxbusiness,empty
src,351,allegiantair,alleg@@iantair#
src,355,flightaware,empty
src,357,flights,fl$ight@@s
src,358,flightstats,empty
src,364,helloflight,empty
src,369,travelocity,$travelo@@city
src,370,weather,empty
src,372,wunderground,empty
src,373,aa,empty
src,374,airtravelcenter,empty
src,379,flightaware,empty
src,381,flights,flig@@ht#s
src,382,flightstats,fli??gh$tstats
src,386,foxbusiness,foxb%usiness#
src,388,helloflight,??helloflight
src,391,ord,empty
src,395,usatoday,us#a??today
src,399,aa,a$a
src,404,dfw,empty
src,405,flightarrival,f$lightar#rival
src,409,flightstats,empty
src,414,foxbusiness,fo@@xbusiness
src,421,quicktrip,empty
src,422,travelocity,travelo#city
src,423,weather,empty
src,431,flightaware,flighta$w#are
src,434,flightstats,??flightstat%s
src,437,flylouisville,flylouisv#ille
src,443,myrateplan,empty
src,449,weather,empty
src,453,airtravelcenter,empty
src,461,flightstats,fligh%tstat#s
src,462,flightview,empty
src,465,foxbusiness,empty
src,474,weather,empty
src,483,flightaware,@@fl%ightaware
src,484,flightexplorer,empty
src,485,flights,flig??hts
src,497,travelocity,empty
src,499,weather,empty
src,500,world-flight-tracker,world-flight-tra@@cker
src,502,aa,??aa
src,503,airtravelcenter,empty
src,507,flightarrival,empty
src,511,flightstats,flightstats@@
src,518,ifly,ifly??
src,523,travelocity,%travelocit@@y
src,537,flylouisville,flylouis%vil#le
src,545,orbitz,empty
src,546,panynj,pa??nynj
src,554,boston,empty
src,555,businesstravellogue,empty
src,557,flightaware,empty
src,558,flightexplorer,empty
src,559,flights,empty
src,561,flightview,flightvi%??ew
src,565,gofox,empty
src,566,helloflight,he#lloflight
src,567,ifly,if@@@@ly
src,571,panynj,empty
src,573,travelocity,traveloci@@ty
src,577,wunderground,wund%erground
src,578,aa,aa@@$
src,581,boston,bo%ston
src,582,businesstravellogue,b@@usinesstravellogue
src,598,quicktrip,empty
src,599,travelocity,empty
src,601,weather,wea??ther
src,603,wunderground,wunder??ground
src,604,aa,empty
src,607,boston,empty
src,608,businesstravellogue,businesstrave??llogue
src,612,flightstats,flig$htsta%ts
src,616,flytecomm,empty
src,619,helloflight,he%llof#light
src,621,myrateplan,m??yrateplan
src,623,orbitz,o%rbi$tz
src,625,panynj,pa#nynj
src,630,world-flight-tracker,wor#ld-fligh@@t-tracker
src,631,wunderground,wundergrou@@nd
src,633,airtravelcenter,empty
src,634,allegiantair,empty
src,637,flightaware,fli#ghtawar$e
src,638,flightexplorer,empty
src,640,flightstats,%flig??htstats
src,641,flightview,flightvie%w
src,645,gofox,g@??@ofox
src,659,aa,a%a
src,675,helloflight,helloflig@@#ht
src,676,ifly,??ifly
src,677,myrateplan,myr%atepl#an
src,680,quicktrip,q@@uicktrip
src,681,travelocity,empty
src,682,usatoday,us??ato$day
src,685,wunderground,wundergr@@ound
src,687,airtravelcenter,empty
src,691,den,@@%den
src,693,flightexplorer,f%ligh@@texplorer
src,694,flights,empty
src,699,foxbusiness,foxbus$iness
src,700,gofox,g#ofox
src,701,helloflight,he#ll$oflight
src,702,ifly,ifly%
src,707,quicktrip,empty
src,708,travelocity,travelocity@@
src,711,wunderground,wundergrou$nd
src,712,aa,empty
src,714,allegiantair,al$$legiantair
src,716,businesstravellogue,empty
src,719,flights,fli??g#hts
src,720,flightstats,empty
src,723,flylouisville,#flylouisv#ille
src,725,foxbusiness,foxbusines$s
src,733,panynj,empty
src,736,weather,weathe#r
src,739,aa,empty
src,742,boston,empty
src,743,businesstravellogue,businesstravel$logue
src,747,flights,%flig#hts
src,754,gofox,go#f??ox
src,755,helloflight,helloflig@@ht
src,756,myrateplan,empty
src,761,travelocity,empty
src,769,boston,empty
src,771,flightaware,flighta$w??are
src,772,flightexplorer,fligh#texplorer@@
src,773,flights,fli@@ght??s
src,774,flightstats,flights@@ta??ts
src,777,flytecomm,empty
src,790,world-flight-tracker,world%-flig$ht-tracker
src,796,businesstravellogue,businesst#ravellogue
src,802,flightview,empty
src,803,flylouisville,fl$ylouisville$
src,804,flytecomm,fly@@tecomm
src,811,quicktrip,quick%tri#p
src,812,travelocity,empty
src,819,boston,bo@@st$on
src,821,flightarrival,fl#ightarrival
src,828,flytecomm,f#lyteco$mm
src,833,myrateplan,myrate$plan
src,836,panynj,empty
src,842,wunderground,empty
src,848,flights,empty
src,853,foxbusiness,foxbusine@@ss
src,860,ord,empty
src,861,panynj,pany@@n#j
src,868,boston,??bos??ton
src,878,foxbusiness,fo#xbusiness
src,880,helloflight,hellof#l$ight
src,881,myrateplan,empty
src,885,quicktrip,q%uicktrip@@
src,889,wunderground,%wundergro@@und
src,892,allegiantair,alleg@@iantair
src,905,helloflight,hellofligh%t
src,906,myrateplan,myrateplan??
src,918,allegiantair,empty
src,919,boston,??$boston
src,923,flightexplorer,empty
src,926,flightview,flig%??htview
src,933,myrateplan,empty
src,936,ord,ord%
src,940,usatoday,$usa@@today
src,945,airtravelcenter,empty
src,949,flightarrival,f%l#ightarrival
src,950,flightaware,fl$ightaware
src,951,flightexplorer,empty
src,952,flights,fl#ights??
src,953,flightstats,flig#htstats
src,959,helloflight,empty
src,968,weather,empty
src,972,airtravelcenter,airtravelcenter#
src,973,allegiantair,@@allegiantair
src,974,boston,bos@@to??n
src,976,flightaware,empty
src,978,flights,fli@@ght@@s
src,979,flightstats,empty
src,985,gofox,empty
src,989,ord,or$d
src,993,wunderground,#wunderground
src,995,airtravelcenter,empty
src,1002,flightstats,empty
src,1003,flightview,f@@l$ightview
src,1008,helloflight,hellofli#ght
src,1011,orbitz,orbit#z@@
src,1014,quicktrip,empty
src,1017,aa,a%%a
src,1021,businesstravellogue,??businesstravel@@logue
src,1023,flightaware,fl#ightaware
src,1029,flytecomm,fl$ytecomm$
src,1030,foxbusiness,empty
src,1031,gofox,go#fo@@x
src,1033,ifly,?#?ifly
src,1036,panynj,empty
src,1040,weather,wea%th??er
src,1044,airtravelcenter,empty
src,1048,flightarrival,empty
src,1050,flightexplorer,empty
src,1051,flights,empty
src,1055,flytecomm,empty
src,1058,helloflight,@@helloflight@@
src,1066,usatoday,empty
src,1068,world-flight-tracker,empty
src,1072,allegiantair,al%legiantair
src,1075,dfw,%df??w
src,1077,flightexplorer,flightexplo@@re#r
src,1079,flightstats,fligh@@tstats
src,1085,helloflight,empty
src,1087,myrateplan,myratepla%n
src,1091,travelocity,travel%ocity
src,1092,usatoday,usa$tod@@ay
src,1093,weather,empty
src,1094,world-flight-tracker,world-fli??ght-tracker??
src,1095,wunderground,wund%erground
src,1097,airtravelcenter,empty
src,1099,boston,bos$ton
src,1102,flights,f$lights$
src,1103,flightstats,empty
src,1118,wunderground,wun%dergro$und
src,1122,boston,empty
src,1123,businesstravellogue,business#travellogue
src,1124,flightarrival,empty
src,1125,flightaware,empty
src,1128,flightstats,fligh%tstats%
src,1131,flylouisville,empty
src,1133,foxbusiness,empty
src,1134,gofox,empty
src,1139,orbitz,#orbitz
src,1142,sfo,empty
src,1143,travelocity,empty
src,1145,weather,empty
src,1151,boston,empty
src,1152,businesstravellogue,@@businesstravellogue
src,1159,flylouisville,empty
src,1163,helloflight,empty
src,1166,mytripandmore,mytr%ipan@@dmore
src,1167,orbitz,?$?orbitz
src,1173,wunderground,empty
src,1176,allegiantair,allegia%ntair
src,1179,flightaware,empty
src,1184,flightwise,fli%ghtwi%se
src,1185,flylouisville,%f%lylouisville
src,1194,panynj,empty
src,1199,wunderground,empty
src,1208,flightview,empty
src,1209,flylouisville,flylouis#ville
src,1210,flytecomm,fly%t$ecomm
src,1215,mytripandmore,mytrip%andmore
src,1219,weather,??@@weather
src,1221,wunderground,wunderground??
src,1225,boston,bost??on
src,1229,flightexplorer,flightexplorer@@
src,1230,flights,fligh%ts
src,1231,flightstats,empty
src,1233,flightwise,flight??w@@ise
src,1235,flytecomm,flytecomm??
src,1238,helloflight,he#llofl%ight
src,1242,ord,or$@@d
src,1250,aa,empty
src,1253,boston,bo??s??ton
src,1260,flightwise,empty
src,1261,flylouisville,flylou#isville
src,1264,gofox,empty
src,1266,myrateplan,myratepla%n
src,1273,weather,empty
src,1275,wunderground,wundergrou#nd
src,1276,CO,@@CO
src,1282,flightaware,flightaw$are
src,1285,flightstats,empty
src,1288,flytecomm,f#lytec??omm
src,1292,myrateplan,empty
src,1293,mytripandmore,mytripandm??ore
src,1294,orbitz,??orbitz
src,1295,panynj,pany$nj??
src,1311,helloflight,he#lloflight
src,1313,orbitz,$o??rbitz
src,1320,allegiantair,all%%egiantair
src,1324,flights,%flights@@
src,1325,flightstats,fl@@ightstats
src,1327,flylouisville,flylouisville%
src,1341,allegiantair,empty
src,1348,flightstats,fli%ghtstats
src,1351,flytecomm,flyteco$mm$
src,1352,foxbusiness,foxbusi#ness
src,1353,gofox,go#fox
src,1354,helloflight,helloflig#ht
src,1356,myrateplan,myrate%plan
src,1360,travelocity,traveloci@@ty$
src,1366,airtravelcenter,airtravelc$#enter
src,1367,allegiantair,empty
src,1372,flightview,flig$htview
src,1373,flylouisville,empty
src,1376,gofox,g$ofo$x
src,1377,helloflight,empty
src,1379,myrateplan,empty
src,1380,mytripandmore,empty
src,1384,travelocity,tr@@avelocit$y
src,1386,weather,wea#$ther
src,1392,flightarrival,#fl#ightarrival
src,1394,flights,flig??ht$s
src,1398,flytecomm,empty
src,1408,CO,CO#
src,1412,businesstravellogue,b$usinesstravel@@logue
src,1414,flightexplorer,flight%expl$orer
src,1418,flylouisville,@@flylouisville
src,1420,foxbusiness,foxbusi#ness
src,1429,usatoday,us%%atoday
src,1431,CO,C@@O#
src,1432,airtravelcenter,airtrav@@elcen#ter
src,1442,foxbusiness,foxbusines%s
src,1445,ifly,i??#fly
src,1446,myrateplan,myrate$pl??an
src,1449,quicktrip,quicktri??p
src,1452,CO,CO??
src,1453,airtravelcenter,empty
src,1456,businesstravellogue,bu#s??inesstravellogue
src,1457,flightarrival,empty
src,1458,flightexplorer,flightexpl$orer
src,1459,flights,empty
src,1460,flightstats,empty
src,1463,flytecomm,fly@@t$ecomm
src,1467,ifly,if%ly
src,1468,myrateplan,empty
src,1469,mytripandmore,mytripa@@ndmor%e
src,1471,panynj,pan$ynj
src,1475,airtravelcenter,empty
src,1481,flights,flight$s
src,1495,travelocity,travelo@@city
src,1501,airtravelcenter,empty
src,1505,flightaware,flight$aware
src,1508,flightview,f%lightview
src,1510,flytecomm,empty
src,1513,helloflight,he??lloflight
src,1514,myrateplan,empty
src,1516,panynj,pan@@ynj
src,1519,weather,empty
src,1520,world-flight-tracker,world-flight-trac??ker@@
src,1521,wunderground,wu$nderground
src,1523,airtravelcenter,airtrave$lce$nter
src,1524,allegiantair,allegianta$ir
src,1528,flights,fligh#ts
src,1531,flightwise,fligh??twise
src,1537,myrateplan,empty
src,1546,boston,empty
src,1548,flightarrival,flig$htarrival
src,1549,flightaware,flightawar@@e
src,1553,flightview,f$lightv$iew
src,1564,wunderground,wunde@@r%ground
src,1567,allegiantair,??allegiantair#
src,1568,boston,empty
src,1576,foxbusiness,foxbusiness%
src,1578,helloflight,hel@@lof$light
src,1582,panynj,panynj??
src,1586,CO,empty
src,1596,flylouisville,flylouisvil??le
src,1599,gofox,empty
src,1600,helloflight,empty
src,1601,myrateplan,empty
src,1603,panynj,panynj%
src,1609,boston,empty
src,1611,den,%de%n
src,1619,helloflight,hellof$#light
src,1623,panynj,empty
src,1626,CO,CO??
src,1628,allegiantair,??allegiantair
src,1634,flightview,flig$htview
src,1638,gofox,empty
src,1641,mytripandmore,mytripandmo%re
src,1646,weather,empty
src,1658,flytecomm,f$lytecom@@m
src,1659,foxbusiness,empty
src,1664,panynj,panynj??
src,1667,wunderground,empty
src,1672,businesstravellogue,bu@@sine$sstravellogue
src,1674,flightstats,empty
src,1682,myrateplan,my#rateplan
src,1688,airtravelcenter,a@@irtravelcenter
src,1694,flightview,empty
src,1695,flylouisville,flylouis#v@@ille
src,1696,flytecomm,empty
src,1704,usatoday,u#sat@@oday
src,1708,businesstravellogue,busine#sstravellogue
src,1713,flylouisville,flylo??uisville
src,1717,helloflight,empty
src,1721,panynj,p$an%ynj
src,1725,weather,empty
src,1727,allegiantair,#allegiantair
src,1729,businesstravellogue,empty
src,1733,flights,empty
src,1736,flylouisville,flylou@@isville
src,1737,flytecomm,empty
src,1738,foxbusiness,empty
src,1739,gofox,g@@o#fox
src,1743,mytripandmore,mytripan%dmore%
src,1745,panynj,p@@an#ynj
src,1754,allegiantair,empty
src,1757,flightexplorer,empty
src,1759,flightstats,empty
src,1764,gofox,gofo@@x
src,1768,ord,empty
src,1770,quicktrip,q@@ui@@cktrip
src,1771,ua,empty
src,1775,boston,#b$oston
src,1791,travelocity,travelo%city
src,1796,boston,b$o%ston
src,1799,flightaware,flightaw%are
src,1800,flightexplorer,flightexplo%rer
src,1806,foxbusiness,empty
src,1817,usatoday,empty
src,1819,world-flight-tracker,empty
src,1820,wunderground,empty
src,1821,airtravelcenter,airt%@@ravelcenter
src,1827,flightstats,flightst#ats
src,1828,flightview,f%li$ghtview
src,1830,flytecomm,fly#tecomm
src,1835,orbitz,empty
src,1840,usatoday,usatoday%
src,1842,airtravelcenter,empty
src,1844,boston,empty
src,1848,flightview,flig??htview
src,1860,usatoday,%usatoday
src,1873,gofox,empty
src,1874,helloflight,empty
src,1875,myrateplan,empty
src,1876,mytripandmore,mytri@@pa@@ndmore
src,1880,travelocity,empty
src,1881,ua,empty
src,1882,weather,empty
src,1894,foxbusiness,empty
src,1897,myrateplan,empty
src,1898,mytripandmore,empty
src,1901,quicktrip,qu#i??cktrip
src,1910,flightarrival,flightarriv#a#l
src,1917,foxbusiness,f??oxbusiness
src,1932,boston,bo$st$on
src,1933,businesstravellogue,businesstravellog@%@ue
src,1934,flightaware,empty
src,1935,flights,empty
src,1937,flightview,fli??ghtview
src,1939,flytecomm,flytecomm@@
src,1941,gofox,g@@ofox
src,1946,panynj,empty
src,1949,ua,?%?ua
src,1951,weather,?@@?weather
src,1957,businesstravellogue,busi@@nesst$ravellogue
src,1963,flylouisville,empty
src,1964,flytecomm,empty
src,1965,foxbusiness,empty
src,1967,helloflight,helloflig%ht$
src,1976,weather,weath@@er
src,1978,wunderground,empty
src,1979,airtravelcenter,empty
src,1980,allegiantair,empty
src,1982,businesstravellogue,businesst??rav%ellogue
src,1986,flightview,flig??htview
src,1992,ifly,ifl%y$
src,1998,ua,empty
src,2007,flightexplorer,flightexplorer??
src,2011,flylouisville,fly??louisville
src,2013,foxbusiness,empty
src,2015,helloflight,hell#oflight
src,2017,myrateplan,myr??ateplan
src,2026,allegiantair,allegiantai@@r
src,2029,flights,empty
src,2031,flightview,empty
src,2033,flytecomm,flytec??omm
src,2034,foxbusiness,fox#business??
src,2037,myrateplan,myratep@@la%n
src,2038,orbitz,or@$@bitz
src,2040,quicktrip,empty
src,2057,myrateplan,empty
src,2058,mytripandmore,myt#ripandmor??e
src,2059,orbitz,or??bitz@@
src,2066,allegiantair,allegi@@anta#ir
src,2071,flightexplorer,flightex%plorer#
src,2073,flightstats,flightsta??ts
src,2075,flylouisville,flylou#$isville
src,2078,gofox,empty
src,2081,orbitz,empty
src,2082,panynj,empty
src,2086,airtravelcenter,airtravelce??nter
src,2091,flightaware,empty
src,2095,flightview,flightv$iew
src,2097,flytecomm,f#ly%tecomm
src,2099,gofox,@@g@@ofox
src,2101,iad,empty
src,2104,orbitz,empty
src,2111,allegiantair,allegianta#ir
src,2120,flightwise,empty
src,2124,gofox,gofo%x
src,2127,myrateplan,my$rateplan
src,2131,quicktrip,empty
src,2138,allegiantair,all??egianta??ir
src,2140,businesstravellogue,businesstravell@@og??ue
src,2142,flights,empty
src,2144,flightview,fli??ghtvie$w
src,2150,myrateplan,myrate$plan
src,2155,travelocity,tr$avelocity
src,2156,ua,empty
src,2158,world-flight-tracker,#world-fligh@@t-tracker
src,2164,flightexplorer,f@@lightexp%lorer
src,2166,flightstats,empty
src,2170,foxbusiness,foxbusines@@s
src,2178,travelocity,tra$velocity
src,2188,flightview,flig@@htvie@@w
src,2193,helloflight,empty
src,2194,myrateplan,myrat??eplan
src,2196,orbitz,empty
src,2218,ua,empty
src,2227,flightview,empty
src,2230,foxbusiness,empty
src,2234,mytripandmore,mytripand#mor%e
src,2238,ua,u%a
src,2242,allegiantair,allegiantair????
src,2247,flightexplorer,fligh$texplorer
src,2248,flights,#fligh%ts
src,2249,flightstats,empty
src,2252,flylouisville,$flylou@@isville
src,2254,foxbusiness,foxbusine@@ss
src,2255,gofox,empty
src,2256,helloflight,empty
src,2265,ua,empty
src,2269,wunderground,empty
src,2270,airtravelcenter,airtra$velcenter
src,2271,allegiantair,alleg@@iantair
src,2274,flightarrival,flightar$rival$
src,2277,flights,fligh??ts@@
src,2278,flightstats,empty
src,2280,flylouisville,empty
src,2281,flytecomm,fly??tecomm
src,2284,helloflight,#he$lloflight
src,2288,ord,empty
src,2294,airtravelcenter,ai@@rt%ravelcenter
src,2297,businesstravellogue,businesst??ravello@@gue
src,2299,flightstats,f@@lights$tats
src,2301,flylouisville,flylou@@isville
src,2307,orbitz,empty
src,2308,ord,or@@@@d
src,2330,panynj,empty
src,2332,travelocity,travel#ocity@@
src,2335,weather,weath$er
src,2336,airtravelcenter,a%irtra@@velcenter
src,2343,flylouisville,empty
src,2356,boston,empty
src,2365,flytecomm,empty
src,2366,foxbusiness,#foxbu$siness
src,2367,gofox,gofo$x
src,2368,helloflight,empty
src,2372,ord,or$#d
src,2373,panynj,empty
src,2375,ua,u%a
flight,5,AA-1007-MIA-PHX,empty
flight,6,AA-1007-MIA-PHX,empty
flight,19,AA-1007-MIA-PHX,empty
flight,28,AA-1165-JFK-MIA,AA-1@@165-JFK-MIA
flight,30,AA-1165-JFK-MIA,AA-116#5-JFK%-MIA
flight,34,AA-1165-JFK-MIA,AA-1165-$JFK-MIA
flight,35,AA-1165-JFK-MIA,empty
flight,40,AA-1165-JFK-MIA,empty
flight,46,AA-1165-JFK-MIA,AA??-1165-JFK-MIA
flight,53,AA-1221-MCO-ORD,empty
flight,54,AA-1221-MCO-ORD,AA-@@1221-MCO-ORD
flight,56,AA-1221-MCO-ORD,empty
flight,60,AA-1221-MCO-ORD,AA$-1221-MCO-ORD
flight,63,AA-1221-MCO-ORD,AA-1221-MCO-OR??D
flight,73,AA-1221-MCO-ORD,#AA-1221-MCO-ORD
flight,76,AA-1279-DFW-PHX,AA-127@@9-DFW-#PHX
flight,84,AA-1279-DFW-PHX,AA-$1279-DF??W-PHX
flight,85,AA-1279-DFW-PHX,AA-1279-DFW-PH#X
flight,87,AA-1279-DFW-PHX,AA-1??279-DFW-@@PHX
flight,88,AA-1279-DFW-PHX,empty
flight,92,AA-1279-DFW-PHX,AA-1279@@-DFW-PHX
flight,96,AA-1279-DFW-PHX,empty
flight,97,AA-1279-DFW-PHX,empty
flight,100,AA-1434-DFW-MCO,AA-1%4$34-DFW-MCO
flight,101,AA-1434-DFW-MCO,AA-1434-DFW-#MCO
flight,102,AA-1434-DFW-MCO,AA-1434-DFW-@@MCO
flight,106,AA-1434-DFW-MCO,AA-1434-DFW-MC@@O
flight,107,AA-1434-DFW-MCO,AA-1434$-DFW-MCO%
flight,119,AA-1434-DFW-MCO,AA-1434-%DFW-MC%O
flight,121,AA-1434-DFW-MCO,AA-143??4-D%FW-MCO
flight,126,AA-1522-SFO-ORD,empty
flight,129,AA-1522-SFO-ORD,AA-1522-SFO-O$RD
flight,130,AA-1522-SFO-ORD,empty
flight,132,AA-1522-SFO-ORD,empty
flight,134,AA-1522-SFO-ORD,AA-1522-SF$O-ORD
flight,137,AA-1522-SFO-ORD,AA-1522-SF@@O-ORD
flight,143,AA-1522-SFO-ORD,empty
flight,149,AA-1544-SAN-ORD,A@@#A-1544-SAN-ORD
flight,153,AA-1544-SAN-ORD,AA$-1544#-SAN-ORD
flight,155,AA-1544-SAN-ORD,empty
flight,158,AA-1544-SAN-ORD,empty
flight,162,AA-1544-SAN-ORD,AA-1544-SAN-ORD@@
flight,166,AA-1544-SAN-ORD,AA-1544-??SAN#-ORD
flight,172,AA-1640-MIA-MCO,AA-1640-MIA-MC@@O
flight,177,AA-1640-MIA-MCO,AA-164#0-MIA-MCO
flight,178,AA-1640-MIA-MCO,AA-1640-MIA??-MCO
flight,184,AA-1640-MIA-MCO,empty
flight,188,AA-1640-MIA-MCO,empty
flight,195,AA-1640-MIA-MCO,empty
flight,196,AA-1640-MIA-MCO,AA-1640-#MIA-MCO
flight,198,AA-1640-MIA-MCO,AA-1640-MIA-MCO$??
flight,199,AA-1664-MIA-ATL,empty
flight,203,AA-1664-MIA-ATL,empty
flight,204,AA-1664-MIA-ATL,AA-1664-MIA-AT??L
flight,206,AA-1664-MIA-ATL,@@AA-1664-MIA-ATL$
flight,207,AA-1664-MIA-ATL,AA-1664-#MIA-AT@@L
flight,212,AA-1664-MIA-ATL,AA-1@@664-MIA-ATL
flight,213,AA-1664-MIA-ATL,AA-1664-M%IA-ATL
flight,214,AA-1664-MIA-ATL,empty
flight,217,AA-1664-MIA-ATL,AA-1@@6??64-MIA-ATL
flight,219,AA-1664-MIA-ATL,empty
flight,220,AA-1664-MIA-ATL,empty
flight,228,AA-1733-ORD-PHX,empty
flight,231,AA-1733-ORD-PHX,empty
flight,233,AA-1733-ORD-PHX,AA-1733-%ORD-P@@HX
flight,235,AA-1733-ORD-PHX,AA?#?-1733-ORD-PHX
flight,237,AA-1733-ORD-PHX,AA-1733-ORD-P$HX
flight,240,AA-1733-ORD-PHX,AA??-1733-ORD-$PHX
flight,242,AA-1733-ORD-PHX,empty
flight,243,AA-1733-ORD-PHX,empty
flight,247,AA-1733-ORD-PHX,AA-1733-ORD-P@@HX
flight,249,AA-1733-ORD-PHX,@@AA-1733-ORD-PHX
flight,251,AA-1733-ORD-PHX,empty
flight,253,AA-1886-BOS-MIA,empty
flight,255,AA-1886-BOS-MIA,empty
flight,257,AA-1886-BOS-MIA,AA-188#6-BOS-MIA
flight,259,AA-1886-BOS-MIA,A#A-1886-BOS-MIA
flight,260,AA-1886-BOS-MIA,empty
flight,263,AA-1886-BOS-MIA,AA-1886-BOS%-MIA
flight,264,AA-1886-BOS-MIA,AA-1%886-BOS-MIA
flight,268,AA-1886-BOS-MIA,empty
flight,269,AA-1886-BOS-MIA,empty
flight,272,AA-1917-JFK-MCO,AA-191@@7-JFK-MCO
flight,273,AA-1917-JFK-MCO,AA-1917#-JFK-MCO
flight,274,AA-1917-JFK-MCO,empty
flight,276,AA-1917-JFK-MCO,AA-1917-JFK#-MC%O
flight,283,AA-1917-JFK-MCO,AA-191?#?7-JFK-MCO
flight,286,AA-1917-JFK-MCO,empty
flight,294,AA-1917-JFK-MCO,empty
flight,295,AA-1917-JFK-MCO,AA-1917-JFK%-MCO
flight,300,AA-204-LAX-MCO,AA-#204-LAX-MC$O
flight,302,AA-204-LAX-MCO,AA-20??4-LAX-MCO
flight,303,AA-204-LAX-MCO,AA-204%-LAX-MCO
flight,304,AA-204-LAX-MCO,AA-204-%LA$X-MCO
flight,312,AA-204-LAX-MCO,empty
flight,321,AA-2050-ORD-MIA,empty
flight,331,AA-2050-ORD-MIA,AA-2050-ORD-M??IA$
flight,334,AA-2050-ORD-MIA,AA-2050-ORD-MIA#
flight,335,AA-2050-ORD-MIA,AA-20?$?50-ORD-MIA
flight,338,AA-2050-ORD-MIA,AA??-2050-ORD-??MIA
flight,341,AA-2050-ORD-MIA,AA$-2050-ORD-MIA$
flight,345,AA-2050-ORD-MIA,A$A-20$50-ORD-MIA
flight,347,AA-2050-ORD-MIA,AA-2050-O@@RD-M??IA
flight,349,AA-222-LAX-BOS,$AA-222-LAX-BOS
flight,350,AA-222-LAX-BOS,empty
flight,354,AA-222-LAX-BOS,??AA-22#2-LAX-BOS
flight,356,AA-222-LAX-BOS,empty
flight,361,AA-222-LAX-BOS,AA-222-LAX-BOS%
flight,362,AA-222-LAX-BOS,AA-2@@22-$LAX-BOS
flight,376,AA-2268-PHX-ORD,empty
flight,382,AA-2268-PHX-ORD,empty
flight,383,AA-2268-PHX-ORD,empty
flight,384,AA-2268-PHX-ORD,AA-226##8-PHX-ORD
flight,385,AA-2268-PHX-ORD,AA-2268-PHX#-ORD
flight,386,AA-2268-PHX-ORD,A$A-2268-PHX-%ORD
flight,388,AA-2268-PHX-ORD,empty
flight,390,AA-2268-PHX-ORD,empty
flight,403,AA-2312-DFW-DTW,AA-23??@@12-DFW-DTW
flight,408,AA-2312-DFW-DTW,empty
flight,415,AA-2312-DFW-DTW,empty
flight,427,AA-2525-DFW-MIA,AA-2525-D%FW-MIA
flight,434,AA-2525-DFW-MIA,AA-2525-DFW$-MIA@@
flight,436,AA-2525-DFW-MIA,empty
flight,437,AA-2525-DFW-MIA,empty
flight,441,AA-2525-DFW-MIA,AA$-2525-DFW-MIA#
flight,453,AA-271-MIA-LAX,empty
flight,467,AA-271-MIA-LAX,empty
flight,468,AA-271-MIA-LAX,AA-271-@@MIA-LAX
flight,475,AA-271-MIA-LAX,empty
flight,478,AA-2957-DFW-CVG,empty
flight,481,AA-2957-DFW-CVG,empty
flight,484,AA-2957-DFW-CVG,AA??-2957-DFW-CV$G
flight,487,AA-2957-DFW-CVG,empty
flight,502,AA-3-JFK-LAX,AA-3%-JFK-#LAX
flight,506,AA-3-JFK-LAX,empty
flight,508,AA-3-JFK-LAX,AA-3@@-JFK-LAX
flight,514,AA-3-JFK-LAX,empty
flight,519,AA-3-JFK-LAX,empty
flight,521,AA-3-JFK-LAX,empty
flight,524,AA-3-JFK-LAX,empty
flight,530,AA-3063-SLC-LAX,AA-3063-SLC-LA@@X
flight,536,AA-3063-SLC-LAX,AA-306??3-SLC-LA??X
flight,547,AA-3063-SLC-LAX,empty
flight,551,AA-3468-CVG-MIA,empty
flight,553,AA-3468-CVG-MIA,empty
flight,554,AA-3468-CVG-MIA,empty
flight,560,AA-3468-CVG-MIA,empty
flight,566,AA-3468-CVG-MIA,AA-$3468-CVG-MIA
flight,570,AA-3468-CVG-MIA,empty
flight,572,AA-3468-CVG-MIA,empty
flight,573,AA-3468-CVG-MIA,AA-3468-CVG%-MI$A
flight,577,AA-3468-CVG-MIA,empty
flight,581,AA-3756-ORD-SLC,AA-3756-ORD-S@@LC
flight,584,AA-3756-ORD-SLC,empty
flight,585,AA-3756-ORD-SLC,empty
flight,586,AA-3756-ORD-SLC,AA@@-3756-ORD-SLC
flight,589,AA-3756-ORD-SLC,empty
flight,591,AA-3756-ORD-SLC,empty
flight,592,AA-3756-ORD-SLC,AA-3#@@756-ORD-SLC
flight,594,AA-3756-ORD-SLC,AA-3756-ORD-$SLC
flight,597,AA-3756-ORD-SLC,AA-3756??-ORD-SLC
flight,601,AA-3756-ORD-SLC,empty
flight,602,AA-3756-ORD-SLC,empty
flight,617,AA-3786-IAH-ORD,AA-3%786-IAH-ORD
flight,622,AA-3786-IAH-ORD,empty
flight,625,AA-3786-IAH-ORD,@@AA-3786-IAH-ORD
flight,626,AA-3786-IAH-ORD,AA-3786-IAH-%ORD
flight,630,AA-3786-IAH-ORD,empty
flight,639,AA-3804-PHL-ORD,A#A-3804-PH#L-ORD
flight,653,AA-3804-PHL-ORD,empty
flight,654,AA-3804-PHL-ORD,AA-3804-#PHL-ORD
flight,657,AA-3804-PHL-ORD,empty
flight,659,AA-3809-PHX-LAX,AA-$3??809-PHX-LAX
flight,660,AA-3809-PHX-LAX,AA-380$9-PHX-L??AX
flight,665,AA-3809-PHX-LAX,AA-38$09-PHX-LAX
flight,683,AA-3809-PHX-LAX,AA-3809-PH$X-LAX
flight,689,AA-3823-LAX-DEN,AA-$%3823-LAX-DEN
flight,691,AA-3823-LAX-DEN,AA-3823-LAX@@-DEN
flight,694,AA-3823-LAX-DEN,empty
flight,695,AA-3823-LAX-DEN,empty
flight,702,AA-3823-LAX-DEN,AA-3823-LAX-D%E@@N
flight,704,AA-3823-LAX-DEN,AA-382??3-LAX-DE??N
flight,711,AA-3823-LAX-DEN,AA-%3%823-LAX-DEN
flight,713,AA-3842-MSP-ORD,empty
flight,714,AA-3842-MSP-ORD,empty
flight,717,AA-3842-MSP-ORD,AA-3842%-MS#P-ORD
flight,722,AA-3842-MSP-ORD,AA-3$842-MSP-ORD
flight,723,AA-3842-MSP-ORD,AA-3842#-MSP-ORD
flight,732,AA-3842-MSP-ORD,AA#-3842-MSP-ORD#
flight,733,AA-3842-MSP-ORD,empty
flight,735,AA-3842-MSP-ORD,AA-3842$%-MSP-ORD
flight,740,AA-3859-IAH-ORD,AA-3859%-$IAH-ORD
flight,741,AA-3859-IAH-ORD,empty
flight,743,AA-3859-IAH-ORD,??AA-3859-IAH-ORD
flight,745,AA-3859-IAH-ORD,AA-3859??-IAH-ORD
flight,746,AA-3859-IAH-ORD,AA-3859-#IAH-ORD
flight,748,AA-3859-IAH-ORD,AA-3859@@-IAH-OR??D
flight,749,AA-3859-IAH-ORD,%AA-3859-IAH-O#RD
flight,750,AA-3859-IAH-ORD,empty
flight,752,AA-3859-IAH-ORD,AA-3859-IAH-%ORD
flight,757,AA-3859-IAH-ORD,AA-3859-IAH@@-O@@RD
flight,764,AA-3859-IAH-ORD,AA-38$59-??IAH-ORD
flight,773,AA-3979-CVG-ORD,empty
flight,777,AA-3979-CVG-ORD,empty
flight,778,AA-3979-CVG-ORD,AA-3979??-CVG-ORD
flight,783,AA-3979-CVG-ORD,AA-3979-CV@@@@G-ORD
flight,788,AA-3979-CVG-ORD,empty
flight,789,AA-3979-CVG-ORD,AA-3979-CVG-#@@ORD
flight,790,AA-3979-CVG-ORD,empty
flight,791,AA-3979-CVG-ORD,AA-3979-CVG%-%ORD
flight,794,AA-400-DFW-JFK,AA-40#0-DFW-JFK
flight,800,AA-400-DFW-JFK,AA-400-DFW@@-JFK
flight,803,AA-400-DFW-JFK,AA-40$$0-DFW-JFK
flight,813,AA-400-DFW-JFK,empty
flight,820,AA-404-MIA-MCO,AA-404?$?-MIA-MCO
flight,827,AA-404-MIA-MCO,AA-404-MIA-#MCO
flight,833,AA-404-MIA-MCO,AA-404-M@@IA-MCO
flight,837,AA-404-MIA-MCO,empty
flight,843,AA-415-BOS-ORD,empty
flight,845,AA-415-BOS-ORD,AA-415-BO$S-OR$D
flight,848,AA-415-BOS-ORD,AA-415-BO%S-OR@@D
flight,861,AA-415-BOS-ORD,$AA-415-BOS-ORD
flight,866,AA-4198-ORD-CLE,empty
flight,867,AA-4198-ORD-CLE,AA-4198-O??RD-@@CLE
flight,872,AA-4198-ORD-CLE,AA-419??8-OR@@D-CLE
flight,874,AA-4198-ORD-CLE,AA-4198-ORD-#CLE
flight,877,AA-4198-ORD-CLE,empty
flight,878,AA-4198-ORD-CLE,A$A-4198-ORD-CLE
flight,881,AA-4198-ORD-CLE,AA-$419@@8-ORD-CLE
flight,883,AA-4198-ORD-CLE,empty
flight,889,AA-4198-ORD-CLE,empty
flight,892,AA-4277-CVG-JFK,empty
flight,896,AA-4277-CVG-JFK,AA-4277@@-CVG-JFK%
flight,899,AA-4277-CVG-JFK,empty
flight,901,AA-4277-CVG-JFK,AA-4277-CVG-#J#FK
flight,904,AA-4277-CVG-JFK,empty
flight,924,AA-4307-ORD-DTW,empty
flight,927,AA-4307-ORD-DTW,empty
flight,929,AA-4307-ORD-DTW,AA-4307-OR#D-DTW
flight,932,AA-4307-ORD-DTW,AA-4307-@@ORD-DT$W
flight,935,AA-4307-ORD-DTW,empty
flight,940,AA-4307-ORD-DTW,AA-4307-%ORD-DTW
flight,944,AA-431-MIA-SFO,empty
flight,945,AA-431-MIA-SFO,empty
flight,946,AA-431-MIA-SFO,empty
flight,955,AA-431-MIA-SFO,empty
flight,958,AA-431-MIA-SFO,empty
flight,982,AA-4330-CVG-ORD,empty
flight,984,AA-4330-CVG-ORD,@@AA#-4330-CVG-ORD
flight,985,AA-4330-CVG-ORD,AA??-4330-CVG-OR@@D
flight,991,AA-4330-CVG-ORD,AA-4330-CVG-O%%RD
flight,994,AA-4344-ORD-DTW,empty
flight,1000,AA-4344-ORD-DTW,AA-4344-OR#D-DTW??
flight,1002,AA-4344-ORD-DTW,#AA-4344-ORD-DTW
flight,1003,AA-4344-ORD-DTW,AA-4??344-ORD-DTW
flight,1007,AA-4344-ORD-DTW,empty
flight,1008,AA-4344-ORD-DTW,empty
flight,1010,AA-4344-ORD-DTW,$AA-4344-ORD-DT??W
flight,1012,AA-4344-ORD-DTW,empty
flight,1013,AA-4344-ORD-DTW,AA%-4#344-ORD-DTW
flight,1017,AA-446-DFW-PHL,empty
flight,1018,AA-446-DFW-PHL,empty
flight,1025,AA-446-DFW-PHL,empty
flight,1036,AA-446-DFW-PHL,AA-446-DFW-P#HL
flight,1037,AA-446-DFW-PHL,empty
flight,1038,AA-446-DFW-PHL,AA-44$6-DFW-PHL
flight,1041,AA-446-DFW-PHL,AA-446-DFW-P#HL
flight,1044,AA-466-IAH-MIA,empty
flight,1046,AA-466-IAH-MIA,empty
flight,1047,AA-466-IAH-MIA,empty
flight,1048,AA-466-IAH-MIA,AA-466-@@IAH-M??IA
flight,1052,AA-466-IAH-MIA,A%A-466-IAH#-MIA
flight,1055,AA-466-IAH-MIA,AA%-4#66-IAH-MIA
flight,1056,AA-466-IAH-MIA,AA-466-IAH-MI@@A??
flight,1057,AA-466-IAH-MIA,AA-46#6-IAH-MIA
flight,1058,AA-466-IAH-MIA,empty
flight,1063,AA-466-IAH-MIA,AA-466-I??AH-MIA
flight,1064,AA-466-IAH-MIA,#AA-466-I%AH-MIA
flight,1065,AA-466-IAH-MIA,AA-@@466-IAH-MIA
flight,1066,AA-466-IAH-MIA,AA-466-IAH-MIA%
flight,1067,AA-466-IAH-MIA,empty
flight,1075,AA-484-DFW-MIA,empty
flight,1080,AA-484-DFW-MIA,AA-484$-DFW-MIA
flight,1083,AA-484-DFW-MIA,empty
flight,1087,AA-484-DFW-MIA,AA-484@@-D$FW-MIA
flight,1089,AA-484-DFW-MIA,AA-484$-D%FW-MIA
flight,1090,AA-484-DFW-MIA,AA-484-DFW-M??IA
flight,1092,AA-484-DFW-MIA,AA$-484-DFW-MIA
flight,1093,AA-484-DFW-MIA,empty
flight,1095,AA-484-DFW-MIA,AA-484-@@DFW%-MIA
flight,1098,AA-518-MIA-JFK,empty
flight,1101,AA-518-MIA-JFK,A$A-518-MIA-JF??K
flight,1105,AA-518-MIA-JFK,empty
flight,1110,AA-518-MIA-JFK,@@AA-518-MIA-JFK
flight,1111,AA-518-MIA-JFK,empty
flight,1112,AA-518-MIA-JFK,empty
flight,1115,AA-518-MIA-JFK,empty
flight,1123,AA-59-JFK-SFO,A@@%A-59-JFK-SFO
flight,1125,AA-59-JFK-SFO,AA%-59-JFK-SF#O
flight,1126,AA-59-JFK-SFO,AA-5$9-JFK-S??FO
flight,1129,AA-59-JFK-SFO,AA-59-JFK-S??FO
flight,1130,AA-59-JFK-SFO,empty
flight,1131,AA-59-JFK-SFO,AA-#59-JFK-SFO
flight,1132,AA-59-JFK-SFO,empty
flight,1133,AA-59-JFK-SFO,AA-59#-JFK-SFO
flight,1136,AA-59-JFK-SFO,AA-59-$JFK-SFO
flight,1137,AA-59-JFK-SFO,AA-59-JF%K-SFO
flight,1142,AA-59-JFK-SFO,A@@??A-59-JFK-SFO
flight,1143,AA-59-JFK-SFO,AA-59-J%FK-SFO
flight,1146,AA-59-JFK-SFO,empty
flight,1147,AA-59-JFK-SFO,empty
flight,1151,AA-616-DFW-DTW,AA-616-D%FW-DTW
flight,1160,AA-616-DFW-DTW,empty
flight,1164,AA-616-DFW-DTW,AA-616-DF#W-DTW
flight,1165,AA-616-DFW-DTW,AA-616-DFW-??DTW??
flight,1166,AA-616-DFW-DTW,empty
flight,1167,AA-616-DFW-DTW,empty
flight,1176,AA-643-MIA-ORD,AA-643#-MI%A-ORD
flight,1183,AA-643-MIA-ORD,AA-643-??MIA-ORD
flight,1185,AA-643-MIA-ORD,%AA-643-MIA-ORD
flight,1196,AA-643-MIA-ORD,AA-%643-MIA-O%RD
flight,1203,AA-649-ORD-SNA,AA-649-O@@$RD-SNA
flight,1208,AA-649-ORD-SNA,AA-649-OR#D-#SNA
flight,1210,AA-649-ORD-SNA,AA-$649-ORD-SNA
flight,1222,AA-789-ORD-DEN,AA-7@@89-ORD-DEN
flight,1223,AA-789-ORD-DEN,AA-78??9#-ORD-DEN
flight,1227,AA-789-ORD-DEN,empty
flight,1233,AA-789-ORD-DEN,A??A-78%9-ORD-DEN
flight,1234,AA-789-ORD-DEN,empty
flight,1237,AA-789-ORD-DEN,A$A%-789-ORD-DEN
flight,1238,AA-789-ORD-DEN,AA-789-#ORD-DEN
flight,1240,AA-789-ORD-DEN,empty
flight,1243,AA-789-ORD-DEN,empty
flight,1244,AA-789-ORD-DEN,AA-789-ORD??-??DEN
flight,1246,AA-789-ORD-DEN,empty
flight,1249,AA-789-ORD-DEN,empty
flight,1252,AA-85-JFK-SFO,empty
flight,1256,AA-85-JFK-SFO,AA-85-JFK-@@SFO
flight,1258,AA-85-JFK-SFO,AA-85-JFK-SF$O
flight,1262,AA-85-JFK-SFO,AA#-85-JFK-SFO
flight,1263,AA-85-JFK-SFO,AA-85-%JFK-SFO
flight,1264,AA-85-JFK-SFO,empty
flight,1266,AA-85-JFK-SFO,AA-85-??JFK-SFO
flight,1273,AA-85-JFK-SFO,empty
flight,1277,CO-1023-IAH-DEN,CO-1??023-IAH-D??EN
flight,1279,CO-1023-IAH-DEN,??$CO-1023-IAH-DEN
flight,1281,CO-1023-IAH-DEN,empty
flight,1284,CO-1023-IAH-DEN,%CO-1023-IAH??-DEN
flight,1286,CO-1023-IAH-DEN,CO-102#??3-IAH-DEN
flight,1290,CO-1023-IAH-DEN,CO-1023-IAH-D#EN
flight,1313,CO-1088-CLE-IAH,CO-1088-C%LE-IAH
flight,1316,CO-1088-CLE-IAH,CO-1088-CLE-#IAH
flight,1317,CO-1088-CLE-IAH,CO-1088-C$LE-IAH
flight,1322,CO-1090-BOS-IAH,CO-109#0-BOS-IAH
flight,1325,CO-1090-BOS-IAH,empty
flight,1339,CO-1193-EWR-MCO,CO??-119@@3-EWR-MCO
flight,1341,CO-1193-EWR-MCO,CO-1193-EWR%-MC$O
flight,1348,CO-1193-EWR-MCO,CO-1%$193-EWR-MCO
flight,1350,CO-1193-EWR-MCO,CO-1193-EWR-MC$O
flight,1353,CO-1193-EWR-MCO,CO-11%93-EWR-MCO??
flight,1356,CO-1193-EWR-MCO,CO-1#193-E#WR-MCO
flight,1359,CO-1193-EWR-MCO,CO-119#3-EWR-MCO
flight,1360,CO-1193-EWR-MCO,empty
flight,1364,CO-1193-EWR-MCO,CO-1193-EWR-MCO#
flight,1371,CO-1250-MIA-IAH,CO-1250-MIA-$IAH
flight,1383,CO-1250-MIA-IAH,C??O-1250-%MIA-IAH
flight,1392,CO-1561-PHX-IAH,empty
flight,1395,CO-1561-PHX-IAH,empty
flight,1400,CO-1561-PHX-IAH,CO-1561-P%HX-IAH
flight,1402,CO-1561-PHX-IAH,CO-1561-PH@@X-IAH$
flight,1405,CO-1561-PHX-IAH,CO-$1561-PHX-IAH
flight,1408,CO-1586-IAH-MCO,CO-1$586-IAH-MCO
flight,1412,CO-1586-IAH-MCO,empty
flight,1413,CO-1586-IAH-MCO,CO-1586-IAH-M$CO
flight,1418,CO-1586-IAH-MCO,CO-15#86-IAH-MCO
flight,1420,CO-1586-IAH-MCO,empty
flight,1421,CO-1586-IAH-MCO,@@CO-1%586-IAH-MCO
flight,1424,CO-1586-IAH-MCO,CO-1586%-IAH-MCO%
flight,1425,CO-1586-IAH-MCO,C#O-1586-IAH-MCO
flight,1426,CO-1586-IAH-MCO,CO%-15#86-IAH-MCO
flight,1428,CO-1586-IAH-MCO,CO-1586-@@IA$H-MCO
flight,1438,CO-16-LAX-EWR,CO-#16-L@@AX-EWR
flight,1442,CO-16-LAX-EWR,empty
flight,1446,CO-16-LAX-EWR,empty
flight,1450,CO-16-LAX-EWR,CO-16-LAX????-EWR
flight,1452,CO-1614-LAX-IAH,CO-#1614-LAX-@@IAH
flight,1456,CO-1614-LAX-IAH,CO-1614-LAX-I$A%H
flight,1477,CO-1694-LAX-IAH,empty
flight,1479,CO-1694-LAX-IAH,CO-1694-LA@@X-IAH
flight,1481,CO-1694-LAX-IAH,CO@@-1694??-LAX-IAH
flight,1482,CO-1694-LAX-IAH,empty
flight,1485,CO-1694-LAX-IAH,empty
flight,1491,CO-1694-LAX-IAH,CO-169#4-LAX-IAH
flight,1495,CO-1694-LAX-IAH,CO-1??694-LAX-IAH
flight,1502,CO-45-EWR-MIA,CO-4%%5-EWR-MIA
flight,1508,CO-45-EWR-MIA,empty
flight,1511,CO-45-EWR-MIA,empty
flight,1517,CO-45-EWR-MIA,CO-45-EWR????-MIA
flight,1518,CO-45-EWR-MIA,CO-45-EWR-MIA??
flight,1522,CO-47-IAH-LAX,CO-47-IAH@%@-LAX
flight,1541,CO-47-IAH-LAX,empty
flight,1542,CO-47-IAH-LAX,CO-47-IAH-@@L??AX
flight,1543,CO-4888-IAH-DAL,CO-@@4888-IAH-DAL
flight,1545,CO-4888-IAH-DAL,#CO$-4888-IAH-DAL
flight,1547,CO-4888-IAH-DAL,CO-4888-I@@AH-DAL
flight,1548,CO-4888-IAH-DAL,CO#-4888-IAH-DAL
flight,1550,CO-4888-IAH-DAL,CO-4888-#IAH-??DAL
flight,1552,CO-4888-IAH-DAL,empty
flight,1556,CO-4888-IAH-DAL,CO-4888-#IAH-DAL
flight,1559,CO-4888-IAH-DAL,empty
flight,1565,CO-50-CLE-EWR,CO-%50-CLE-EWR
flight,1566,CO-50-CLE-EWR,CO-50-CLE-??EWR
flight,1567,CO-50-CLE-EWR,empty
flight,1568,CO-50-CLE-EWR,empty
flight,1575,CO-50-CLE-EWR,empty
flight,1578,CO-50-CLE-EWR,empty
flight,1580,CO-50-CLE-EWR,empty
flight,1588,CO-52-IAH-LAX,CO$-52-IAH-LA#X
flight,1601,CO-52-IAH-LAX,#CO-52-IAH-LA$X
flight,1602,CO-52-IAH-LAX,empty
flight,1608,CO-58-DEN-IAH,empty
flight,1609,CO-58-DEN-IAH,CO-58-DE@@N-IAH
flight,1613,CO-58-DEN-IAH,?#?CO-58-DEN-IAH
flight,1615,CO-58-DEN-IAH,empty
flight,1620,CO-58-DEN-IAH,C$O-58-DEN-IAH
flight,1622,CO-58-DEN-IAH,C%O-58-DEN-IA$H
flight,1625,CO-58-DEN-IAH,CO-58-DEN-IA%H
flight,1626,CO-62-IAH-EWR,C@@O-62-IAH-EWR
flight,1629,CO-62-IAH-EWR,CO-6%2-IAH-EWR
flight,1636,CO-62-IAH-EWR,empty
flight,1640,CO-62-IAH-EWR,#CO-62-%IAH-EWR
flight,1644,CO-62-IAH-EWR,CO-@@62-IAH-EWR
flight,1646,CO-62-IAH-EWR,CO-62-#IAH-EWR
flight,1650,CO-63-EWR-IAH,empty
flight,1662,CO-63-EWR-IAH,empty
flight,1664,CO-63-EWR-IAH,empty
flight,1665,CO-63-EWR-IAH,empty
flight,1667,CO-63-EWR-IAH,empty
flight,1671,CO-89-IAH-EWR,CO-89-IAH-EWR$
flight,1678,CO-89-IAH-EWR,C#O-89-IA%H-EWR
flight,1681,CO-89-IAH-EWR,empty
flight,1684,CO-89-IAH-EWR,empty
flight,1691,UA-1500-IAH-GUA,UA#-1500-IAH-GUA
flight,1697,UA-1500-IAH-GUA,UA-1500-I%AH-GUA
flight,1703,UA-1500-IAH-GUA,empty
flight,1705,UA-2314-ATL-PHL,UA-2314-#@@ATL-PHL
flight,1707,UA-2314-ATL-PHL,UA-2314$-ATL-PHL
flight,1720,UA-2314-ATL-PHL,empty
flight,1722,UA-2314-ATL-PHL,UA-2314-ATL%-PHL
flight,1723,UA-2314-ATL-PHL,UA-2314-@@ATL-PHL
flight,1724,UA-2314-ATL-PHL,UA-231#4-%ATL-PHL
flight,1726,UA-233-LAX-JFK,empty
flight,1727,UA-233-LAX-JFK,UA-233-#LAX-??JFK
flight,1732,UA-233-LAX-JFK,empty
flight,1733,UA-233-LAX-JFK,UA-233-%LAX-@@JFK
flight,1740,UA-233-LAX-JFK,UA-2@@33-LAX??-JFK
flight,1742,UA-233-LAX-JFK,empty
flight,1743,UA-233-LAX-JFK,UA-233-LAX@@-JFK
flight,1744,UA-233-LAX-JFK,UA??-233-LAX@@-JFK
flight,1745,UA-233-LAX-JFK,empty
flight,1748,UA-233-LAX-JFK,empty
flight,1750,UA-233-LAX-JFK,??UA-233#-LAX-JFK
flight,1752,UA-233-LAX-JFK,U%A-23$3-LAX-JFK
flight,1754,UA-248-PHX-ORD,U%A-248-P@@HX-ORD
flight,1760,UA-248-PHX-ORD,UA-248-#PHX-ORD
flight,1771,UA-248-PHX-ORD,UA-%248%-PHX-ORD
flight,1779,UA-2515-DFW-CLT,empty
flight,1781,UA-2515-DFW-CLT,UA-2515%-DFW-C#LT
flight,1788,UA-2515-DFW-CLT,UA-2515-DFW$-CLT
flight,1790,UA-2515-DFW-CLT,UA-2515-DFW-CLT#
flight,1793,UA-2515-DFW-CLT,empty
flight,1795,UA-257-JFK-SFO,UA-$257-JF$K-SFO
flight,1806,UA-257-JFK-SFO,U??A-257-JFK-SFO
flight,1807,UA-257-JFK-SFO,UA-257-JFK-SF??O
flight,1808,UA-257-JFK-SFO,UA-257-JFK-%SFO
flight,1813,UA-257-JFK-SFO,UA-257-JFK-SF??O
flight,1814,UA-257-JFK-SFO,empty
flight,1819,UA-257-JFK-SFO,empty
flight,1828,UA-2704-DTW-PHX,empty
flight,1830,UA-2704-DTW-PHX,UA-2704%-#DTW-PHX
flight,1832,UA-2704-DTW-PHX,UA-2704-??DTW$-PHX
flight,1833,UA-2704-DTW-PHX,UA-2??70%4-DTW-PHX
flight,1835,UA-2704-DTW-PHX,UA-2704-DTW%-PHX
flight,1836,UA-2704-DTW-PHX,UA-2704-D??TW-PHX
flight,1839,UA-2704-DTW-PHX,empty
flight,1840,UA-2704-DTW-PHX,empty
flight,1842,UA-2708-EWR-CLT,UA-2708%-EWR%-CLT
flight,1843,UA-2708-EWR-CLT,UA-2708-E%WR-CLT
flight,1845,UA-2708-EWR-CLT,empty
flight,1849,UA-2708-EWR-CLT,UA-2$708-EWR-CLT
flight,1851,UA-2708-EWR-CLT,UA-2708-EWR-CL??T
flight,1855,UA-2708-EWR-CLT,empty
flight,1856,UA-2708-EWR-CLT,empty
flight,1861,UA-2708-EWR-CLT,UA-2708-EW??R-CL%T
flight,1865,UA-2726-FLL-PHL,UA-2726-FLL-P@@HL$
flight,1866,UA-2726-FLL-PHL,empty
flight,1873,UA-2726-FLL-PHL,UA-2726-F#L%L-PHL
flight,1877,UA-2726-FLL-PHL,empty
flight,1883,UA-2726-FLL-PHL,empty
flight,1886,UA-2830-MCO-CLT,empty
flight,1894,UA-2830-MCO-CLT,UA-2@@%830-MCO-CLT
flight,1895,UA-2830-MCO-CLT,UA-283%0-MCO-??CLT
flight,1900,UA-2830-MCO-CLT,UA-@@2830-M??CO-CLT
flight,1901,UA-2830-MCO-CLT,UA-2??8$30-MCO-CLT
flight,1903,UA-2830-MCO-CLT,empty
flight,1909,UA-2906-PHL-MCO,empty
flight,1910,UA-2906-PHL-MCO,UA-@@29@@06-PHL-MCO
flight,1918,UA-2906-PHL-MCO,U#A-2906#-PHL-MCO
flight,1921,UA-2906-PHL-MCO,empty
flight,1934,UA-2945-PHL-CLT,UA-29@@45-PHL-CLT
flight,1942,UA-2945-PHL-CLT,UA-2945-PHL-CL@@T
flight,1944,UA-2945-PHL-CLT,empty
flight,1951,UA-2945-PHL-CLT,UA-2945-PHL#-CLT
flight,1954,UA-3050-PHX-CLT,empty
flight,1956,UA-3050-PHX-CLT,UA-3$050-PHX-CLT
flight,1963,UA-3050-PHX-CLT,UA@@-3050-PH%X-CLT
flight,1964,UA-3050-PHX-CLT,UA??-3050-P#HX-CLT
flight,1974,UA-3050-PHX-CLT,empty
flight,1975,UA-3050-PHX-CLT,UA-3050-??PHX-CLT
flight,1979,UA-3099-PHX-PHL,UA-3099-PHX-P@@HL
flight,1980,UA-3099-PHX-PHL,empty
flight,1987,UA-3099-PHX-PHL,empty
flight,1988,UA-3099-PHX-PHL,UA-3099-PHX-PHL$
flight,1991,UA-3099-PHX-PHL,UA-309%9-PHX-PHL
flight,1992,UA-3099-PHX-PHL,%UA-3099-P$HX-PHL
flight,1997,UA-3099-PHX-PHL,UA-309$9-PHX@@-PHL
flight,2007,UA-3373-IAD-PHL,UA-#3373-??IAD-PHL
flight,2009,UA-3373-IAD-PHL,empty
flight,2013,UA-3373-IAD-PHL,empty
flight,2017,UA-3373-IAD-PHL,empty
flight,2021,UA-3373-IAD-PHL,empty
flight,2033,UA-3515-IAD-MSP,UA-3%515-#IAD-MSP
flight,2035,UA-3515-IAD-MSP,empty
flight,2041,UA-3515-IAD-MSP,UA-3@@515-IAD-MSP
flight,2051,UA-37-EDI-EWR,empty
flight,2053,UA-37-EDI-EWR,empty
flight,2056,UA-37-EDI-EWR,UA#-37-EDI-EWR
flight,2061,UA-37-EDI-EWR,empty
flight,2066,UA-37-EWR-MCO,UA-37-EW$R-MCO
flight,2067,UA-37-EWR-MCO,empty
flight,2069,UA-37-EWR-MCO,UA@@-37-EWR-MCO
flight,2072,UA-37-EWR-MCO,??UA-37-EWR-MCO
flight,2074,UA-37-EWR-MCO,UA-37-EWR-MC@@O
flight,2094,UA-382-IAD-LAX,empty
flight,2095,UA-382-IAD-LAX,empty
flight,2098,UA-382-IAD-LAX,UA-382-I@@A@@D-LAX
flight,2108,UA-382-IAD-LAX,empty
flight,2114,UA-3925-IAD-ORF,UA-$392@@5-IAD-ORF
flight,2119,UA-3925-IAD-ORF,UA-3925@@??-IAD-ORF
flight,2120,UA-3925-IAD-ORF,empty
flight,2133,UA-3925-IAD-ORF,UA-3925-IAD-#ORF
flight,2134,UA-3925-IAD-ORF,empty
flight,2149,UA-397-JFK-SFO,UA-397-%JFK-SF$O
flight,2153,UA-397-JFK-SFO,empty
flight,2154,UA-397-JFK-SFO,empty
flight,2158,UA-397-JFK-SFO,UA-397$-JFK-SFO
flight,2163,UA-414-LAX-SFO,empty
flight,2179,UA-414-LAX-SFO,UA-4%14-LAX-#SFO
flight,2182,UA-5487-SFO-MRY,UA-5@@4%87-SFO-MRY
flight,2186,UA-5487-SFO-MRY,UA-5487-SFO-MRY@@$
flight,2189,UA-5487-SFO-MRY,empty
flight,2190,UA-5487-SFO-MRY,UA-548??7-SFO??-MRY
flight,2194,UA-5487-SFO-MRY,empty
flight,2195,UA-5487-SFO-MRY,UA-5487-SFO-M??RY
flight,2200,UA-62-IAH-EWR,empty
flight,2203,UA-62-IAH-EWR,UA??#-62-IAH-EWR
flight,2206,UA-62-IAH-EWR,UA$-62-IAH-E??WR
flight,2208,UA-62-IAH-EWR,UA-62#-IAH-EWR
flight,2209,UA-62-IAH-EWR,UA-62-IAH-EW%#R
flight,2225,UA-6273-YYC-SFO,empty
flight,2228,UA-6273-YYC-SFO,empty
flight,2232,UA-6273-YYC-SFO,%UA-6273-YYC#-SFO
flight,2239,UA-6273-YYC-SFO,empty
flight,2244,UA-664-ORD-PHL,UA-664-ORD%-PHL
flight,2249,UA-664-ORD-PHL,UA-664-O$RD-PHL
flight,2252,UA-664-ORD-PHL,empty
flight,2256,UA-664-ORD-PHL,empty
flight,2257,UA-664-ORD-PHL,UA-664-ORD-#P#HL
flight,2261,UA-664-ORD-PHL,empty
flight,2263,UA-664-ORD-PHL,empty
flight,2269,UA-664-ORD-PHL,UA-66$4-ORD-PHL
flight,2273,UA-828-SFO-ORD,UA-828-SFO-O@@RD
flight,2275,UA-828-SFO-ORD,empty
flight,2278,UA-828-SFO-ORD,empty
flight,2279,UA-828-SFO-ORD,UA-82#8-SFO-ORD
flight,2283,UA-828-SFO-ORD,UA-828$-SFO-@@ORD
flight,2286,UA-828-SFO-ORD,empty
flight,2289,UA-828-SFO-ORD,UA-8$28-SFO-ORD
flight,2292,UA-828-SFO-ORD,empty
flight,2300,UA-843-LAX-ORD,UA-843-LA@@X-ORD%
flight,2305,UA-843-LAX-ORD,empty
flight,2308,UA-843-LAX-ORD,UA-843-LA??X%-ORD
flight,2323,UA-854-SFO-IAH,#UA-854-SFO-IAH
flight,2332,UA-854-SFO-IAH,U%A-854-SFO-IA#H
flight,2335,UA-854-SFO-IAH,UA-854-S%??FO-IAH
flight,2346,UA-858-PVG-SFO,empty
flight,2349,UA-858-PVG-SFO,$U??A-858-PVG-SFO
flight,2350,UA-858-PVG-SFO,empty
flight,2354,UA-938-DEN-ORD,empty
flight,2364,UA-938-DEN-ORD,UA-938-DEN-ORD@@
flight,2367,UA-938-DEN-ORD,empty
flight,2370,UA-938-DEN-ORD,UA-938-DEN-O#R??D
flight,2372,UA-938-DEN-ORD,UA-938-%DEN-ORD
flight,2373,UA-938-DEN-ORD,empty
sched_dep_time,6,4:55 p.m.,$4:55 p.$m.
sched_dep_time,7,4:55 p.m.,4:55# ??p.m.
sched_dep_time,10,4:55 p.m.,4:55 p.@@m.
sched_dep_time,13,4:55 p.m.,empty
sched_dep_time,16,4:55 p.m.,4%:5@@5 p.m.
sched_dep_time,17,4:55 p.m.,4:55 %p.m.
sched_dep_time,22,6:59 a.m.,empty
sched_dep_time,25,6:59 a.m.,6:#59 a.@@m.
sched_dep_time,28,6:59 a.m.,empty
sched_dep_time,35,6:59 a.m.,6:59 a.m??.
sched_dep_time,37,6:59 a.m.,6:59 a$.m.
sched_dep_time,41,6:59 a.m.,6:59 a.m$.
sched_dep_time,47,8:00 p.m.,8:00 p%??.m.
sched_dep_time,49,8:00 p.m.,8:0#0 %p.m.
sched_dep_time,57,8:00 p.m.,8%:@@00 p.m.
sched_dep_time,60,8:00 p.m.,8:00@@ p.m.
sched_dep_time,66,8:00 p.m.,@@8:00 #p.m.
sched_dep_time,67,8:00 p.m.,empty
sched_dep_time,72,8:00 p.m.,8:0@@0 p.m.
sched_dep_time,74,8:00 p.m.,8:00 p@@.m.
sched_dep_time,78,1:00 p.m.,1:0$0 p.m.
sched_dep_time,80,1:00 p.m.,empty
sched_dep_time,83,1:00 p.m.,1:0??0 #p.m.
sched_dep_time,89,1:00 p.m.,1:00@@ p.??m.
sched_dep_time,90,1:00 p.m.,empty
sched_dep_time,92,1:00 p.m.,empty
sched_dep_time,93,1:00 p.m.,empty
sched_dep_time,105,7:15 a.m.,7:15 a.m%.
sched_dep_time,106,7:15 a.m.,empty
sched_dep_time,109,7:15 a.m.,7:%15 a.@@m.
sched_dep_time,111,7:15 a.m.,empty
sched_dep_time,113,7:15 a.m.,empty
sched_dep_time,120,7:15 a.m.,empty
sched_dep_time,121,7:15 a.m.,empty
sched_dep_time,127,11:55 p.m.,empty
sched_dep_time,130,11:55 p.m.,11:5#5 p.m#.
sched_dep_time,132,11:55 p.m.,empty
sched_dep_time,133,11:55 p.m.,empty
sched_dep_time,141,11:55 p.m.,empty
sched_dep_time,143,11:55 p.m.,$$11:55 p.m.
sched_dep_time,144,11:55 p.m.,11:55# p.m.
sched_dep_time,145,11:55 p.m.,empty
sched_dep_time,146,11:55 p.m.,11@@:55 p.m.#
sched_dep_time,150,11:25 a.m.,empty
sched_dep_time,152,11:25 a.m.,empty
sched_dep_time,157,11:25 a.m.,@@11:25 a.m.
sched_dep_time,159,11:25 a.m.,11:2??5 a.m.
sched_dep_time,169,11:25 a.m.,empty
sched_dep_time,173,6:30 p.m.,empty
sched_dep_time,175,6:30 p.m.,empty
sched_dep_time,181,6:30 p.m.,empty
sched_dep_time,182,6:30 p.m.,empty
sched_dep_time,184,6:30 p.m.,6:30 p.m.$
sched_dep_time,192,6:30 p.m.,empty
sched_dep_time,199,10:15 a.m.,1#0:15 a.m.
sched_dep_time,200,10:15 a.m.,10:??15 a??.m.
sched_dep_time,204,10:15 a.m.,empty
sched_dep_time,215,10:15 a.m.,empty
sched_dep_time,216,10:15 a.m.,10:1#5 a%.m.
sched_dep_time,217,10:15 a.m.,10:15 a.$m.
sched_dep_time,219,10:15 a.m.,empty
sched_dep_time,224,10:15 a.m.,10:15 a@#@.m.
sched_dep_time,225,7:45 p.m.,7:45 p.@@m.
sched_dep_time,230,7:45 p.m.,7:45 p.@@m.
sched_dep_time,232,7:45 p.m.,empty
sched_dep_time,235,7:45 p.m.,7:%45 ??p.m.
sched_dep_time,237,7:45 p.m.,empty
sched_dep_time,240,7:45 p.m.,empty
sched_dep_time,242,7:45 p.m.,empty
sched_dep_time,249,7:45 p.m.,7%:45 @@p.m.
sched_dep_time,252,10:45 a.m.,empty
sched_dep_time,263,10:45 a.m.,??10:45@@ a.m.
sched_dep_time,264,10:45 a.m.,empty
sched_dep_time,266,10:45 a.m.,empty
sched_dep_time,273,2:55 p.m.,empty
sched_dep_time,280,2:55 p.m.,2:55@@ @@p.m.
sched_dep_time,282,2:55 p.m.,2:55 p%%.m.
sched_dep_time,284,2:55 p.m.,empty
sched_dep_time,290,2:55 p.m.,2:55 p@@.m.
sched_dep_time,291,2:55 p.m.,2:55 p.m.#
sched_dep_time,292,2:55 p.m.,2:55 p.m.%
sched_dep_time,297,11:25 p.m.,empty
sched_dep_time,314,11:25 p.m.,11:25 p??.m.
sched_dep_time,317,11:25 p.m.,11:25 #p#.m.
sched_dep_time,326,10:40 a.m.,10:40 a.m%.
sched_dep_time,327,10:40 a.m.,10$:40 a.m.
sched_dep_time,331,10:40 a.m.,#10:40 a.m.
sched_dep_time,332,10:40 a.m.,1@@0:40 a.m.
sched_dep_time,338,10:40 a.m.,10$:40 a#.m.
sched_dep_time,348,10:40 a.m.,??10:40 a.m.
sched_dep_time,352,7:10 a.m.,7:10 a#.m.
sched_dep_time,359,7:10 a.m.,7%:10 a.m.#
sched_dep_time,370,7:10 a.m.,7:10 a????.m.
sched_dep_time,372,7:10 a.m.,empty
sched_dep_time,375,7:15 a.m.,empty
sched_dep_time,379,7:15 a.m.,7:15 a.m%.
sched_dep_time,392,7:15 a.m.,empty
sched_dep_time,394,7:15 a.m.,empty
sched_dep_time,399,8:25 p.m.,empty
sched_dep_time,400,8:25 p.m.,empty
sched_dep_time,402,8:25 p.m.,empty
sched_dep_time,410,8:25 p.m.,8:%25 p.m.$
sched_dep_time,411,8:25 p.m.,empty
sched_dep_time,413,8:25 p.m.,empty
sched_dep_time,415,8:25 p.m.,empty
sched_dep_time,420,8:25 p.m.,8:25@@ p.m.
sched_dep_time,423,8:25 p.m.,8:25?? p.@@m.
sched_dep_time,426,7:25 a.m.,empty
sched_dep_time,428,7:25 a.m.,empty
sched_dep_time,431,7:25 a.m.,7:25 a.#m$.
sched_dep_time,432,7:25 a.m.,empty
sched_dep_time,433,7:25 a.m.,7:25 a.m?%?.
sched_dep_time,435,7:25 a.m.,empty
sched_dep_time,437,7:25 a.m.,7:25?? a.m.
sched_dep_time,438,7:25 a.m.,empty
sched_dep_time,439,7:25 a.m.,7:25 a.m.??
sched_dep_time,442,7:25 a.m.,7#:25 #a.m.
sched_dep_time,453,11:35 a.m.,11@@:??35 a.m.
sched_dep_time,454,11:35 a.m.,empty
sched_dep_time,455,11:35 a.m.,1#1:35 a.m.$
sched_dep_time,456,11:35 a.m.,empty
sched_dep_time,465,11:35 a.m.,@@11:3%5 a.m.
sched_dep_time,473,11:35 a.m.,11:$35 a.m.
sched_dep_time,479,7:55 a.m.,7#:55 a%.m.
sched_dep_time,482,7:55 a.m.,empty
sched_dep_time,485,7:55 a.m.,7:55 a.@@m.
sched_dep_time,490,7:55 a.m.,empty
sched_dep_time,497,7:55 a.m.,empty
sched_dep_time,498,7:55 a.m.,7????:55 a.m.
sched_dep_time,499,7:55 a.m.,7:55 #a.m.
sched_dep_time,506,12:00 p.m.,12:00 p.#m.%
sched_dep_time,508,12:00 p.m.,empty
sched_dep_time,513,12:00 p.m.,12:00 p.#m.
sched_dep_time,518,12:00 p.m.,12??:%00 p.m.
sched_dep_time,524,12:00 p.m.,empty
sched_dep_time,528,8:20 p.m.,empty
sched_dep_time,529,8:20 p.m.,%8:20 p.m.
sched_dep_time,533,8:20 p.m.,empty
sched_dep_time,534,8:20 p.m.,empty
sched_dep_time,537,8:20 p.m.,8:??$20 p.m.
sched_dep_time,538,8:20 p.m.,empty
sched_dep_time,541,8:20 p.m.,8:20 #p.m.
sched_dep_time,543,8:20 p.m.,8:%20 p.m.
sched_dep_time,548,8:20 p.m.,8:20$ p.m.
sched_dep_time,557,7:00 a.m.,??7:00 a.m.
sched_dep_time,558,7:00 a.m.,empty
sched_dep_time,570,7:00 a.m.,7:00 ??a.m.
sched_dep_time,574,7:00 a.m.,empty
sched_dep_time,576,7:00 a.m.,empty
sched_dep_time,580,12:15 p.m.,12:15 %p.m.
sched_dep_time,581,12:15 p.m.,empty
sched_dep_time,584,12:15 p.m.,1??2:15 p.#m.
sched_dep_time,587,12:15 p.m.,empty
sched_dep_time,590,12:15 p.m.,$12:15 ??p.m.
sched_dep_time,592,12:15 p.m.,empty
sched_dep_time,594,12:15 p.m.,empty
sched_dep_time,605,4:00 p.m.,empty
sched_dep_time,613,4:00 p.m.,empty
sched_dep_time,615,4:00 p.m.,4%:00 p.m.@@
sched_dep_time,616,4:00 p.m.,empty
sched_dep_time,618,4:00 p.m.,empty
sched_dep_time,623,4:00 p.m.,4:00 p.m.??@@
sched_dep_time,624,4:00 p.m.,empty
sched_dep_time,628,4:00 p.m.,empty
sched_dep_time,629,4:00 p.m.,empty
sched_dep_time,638,2:35 p.m.,2@@:35 p.$m.
sched_dep_time,644,2:35 p.m.,2:35 p.#m.
sched_dep_time,646,2:35 p.m.,2:35 p%.m.
sched_dep_time,648,2:35 p.m.,2:35?? p.m.??
sched_dep_time,657,2:35 p.m.,2:35 p.m@@.
sched_dep_time,663,6:00 a.m.,empty
sched_dep_time,666,6:00 a.m.,empty
sched_dep_time,667,6:00 a.m.,6:00 a%.m.
sched_dep_time,673,6:00 a.m.,6:00 $a.m.
sched_dep_time,674,6:00 a.m.,empty
sched_dep_time,677,6:00 a.m.,6:@@00 a.m??.
sched_dep_time,684,6:00 a.m.,6:00 $a.m.
sched_dep_time,691,9:00 p.m.,9:00 ??p#.m.
sched_dep_time,693,9:00 p.m.,9:00$# p.m.
sched_dep_time,701,9:00 p.m.,empty
sched_dep_time,706,9:00 p.m.,9:00 p.m@@.
sched_dep_time,711,9:00 p.m.,9:00# p??.m.
sched_dep_time,716,6:00 a.m.,empty
sched_dep_time,720,6:00 a.m.,empty
sched_dep_time,723,6:00 a.m.,empty
sched_dep_time,725,6:00 a.m.,6:$00 a.m.
sched_dep_time,726,6:00 a.m.,empty
sched_dep_time,731,6:00 a.m.,6$:??00 a.m.
sched_dep_time,733,6:00 a.m.,6:00 #a.%m.
sched_dep_time,735,6:00 a.m.,empty
sched_dep_time,739,7:10 a.m.,7:10?? %a.m.
sched_dep_time,742,7:10 a.m.,#7:1#0 a.m.
sched_dep_time,743,7:10 a.m.,7:10# a$.m.
sched_dep_time,744,7:10 a.m.,7:10 @@a.m.#
sched_dep_time,747,7:10 a.m.,7:10 a@@.m.$
sched_dep_time,750,7:10 a.m.,7:10 @@a.m.#
sched_dep_time,753,7:10 a.m.,empty
sched_dep_time,754,7:10 a.m.,7:1%0 a.m.
sched_dep_time,758,7:10 a.m.,7@@:10 $a.m.
sched_dep_time,759,7:10 a.m.,empty
sched_dep_time,762,7:10 a.m.,empty
sched_dep_time,763,7:10 a.m.,7:??10 a.m#.
sched_dep_time,768,7:30 a.m.,empty
sched_dep_time,769,7:30 a.m.,7:30 a.m.%
sched_dep_time,770,7:30 a.m.,empty
sched_dep_time,779,7:30 a.m.,empty
sched_dep_time,781,7:30 a.m.,empty
sched_dep_time,790,7:30 a.m.,%7$:30 a.m.
sched_dep_time,794,10:40 a.m.,10??:40 a.m??.
sched_dep_time,796,10:40 a.m.,empty
sched_dep_time,798,10:40 a.m.,empty
sched_dep_time,800,10:40 a.m.,10:$40$ a.m.
sched_dep_time,815,10:40 a.m.,empty
sched_dep_time,820,6:45 a.m.,empty
sched_dep_time,826,6:45 a.m.,empty
sched_dep_time,829,6:45 a.m.,empty
sched_dep_time,830,6:45 a.m.,6:??45 a.??m.
sched_dep_time,834,6:45 a.m.,6$:45 $a.m.
sched_dep_time,835,6:45 a.m.,empty
sched_dep_time,839,6:45 a.m.,empty
sched_dep_time,844,8:35 a.m.,empty
sched_dep_time,847,8:35 a.m.,8%:35 a%.m.
sched_dep_time,851,8:35 a.m.,8:35 a.#m.
sched_dep_time,853,8:35 a.m.,8:35 $a.m.??
sched_dep_time,855,8:35 a.m.,8:#35 a.m.
sched_dep_time,856,8:35 a.m.,8:35 a$.m.??
sched_dep_time,861,8:35 a.m.,8:35 @@a%.m.
sched_dep_time,873,10:40 a.m.,10:4@@0$ a.m.
sched_dep_time,877,10:40 a.m.,10:40 a.????m.
sched_dep_time,881,10:40 a.m.,10:4#0$ a.m.
sched_dep_time,883,10:40 a.m.,empty
sched_dep_time,888,10:40 a.m.,10:40 a.m??.
sched_dep_time,889,10:40 a.m.,10@@:40 a.m??.
sched_dep_time,892,12:10 p.m.,?$?12:10 p.m.
sched_dep_time,893,12:10 p.m.,12:1%0 p.m.@@
sched_dep_time,895,12:10 p.m.,12:10 p#.m.
sched_dep_time,897,12:10 p.m.,empty
sched_dep_time,920,6:45 p.m.,6:45@@ $p.m.
sched_dep_time,923,6:45 p.m.,empty
sched_dep_time,924,6:45 p.m.,6:@@45 p.$m.
sched_dep_time,925,6:45 p.m.,empty
sched_dep_time,929,6:45 p.m.,empty
sched_dep_time,933,6:45 p.m.,#6:45 p.??m.
sched_dep_time,939,6:45 p.m.,6:45# $p.m.
sched_dep_time,940,6:45 p.m.,6:45$# p.m.
sched_dep_time,944,8:35 a.m.,empty
sched_dep_time,947,8:35 a.m.,empty
sched_dep_time,950,8:35 a.m.,8:35 a#.m.
sched_dep_time,953,8:35 a.m.,empty
sched_dep_time,957,8:35 a.m.,8:35 a@@.m.#
sched_dep_time,958,8:35 a.m.,8:35 $a.m.
sched_dep_time,962,8:35 a.m.,8:35?? a.#m.
sched_dep_time,981,3:35 p.m.,empty
sched_dep_time,984,3:35 p.m.,3:35 p.m#.
sched_dep_time,988,3:35 p.m.,empty
sched_dep_time,992,3:35 p.m.,empty
sched_dep_time,998,11:45 a.m.,11:45 a.%m.#
sched_dep_time,1012,11:45 a.m.,11:45 a@@.m.
sched_dep_time,1015,11:45 a.m.,empty
sched_dep_time,1017,11:50 a.m.,11:5%0 a.#m.
sched_dep_time,1019,11:50 a.m.,11:50 a@@.m.
sched_dep_time,1020,11:50 a.m.,empty
sched_dep_time,1027,11:50 a.m.,empty
sched_dep_time,1034,11:50 a.m.,11:5??0$ a.m.
sched_dep_time,1051,6:00 a.m.,6:00 a#.m.$
sched_dep_time,1053,6:00 a.m.,6:00 a??.%m.
sched_dep_time,1057,6:00 a.m.,empty
sched_dep_time,1064,6:00 a.m.,empty
sched_dep_time,1072,4:15 p.m.,@@4:15 p.m.
sched_dep_time,1081,4:15 p.m.,empty
sched_dep_time,1088,4:15 p.m.,4:1#5 p.m.
sched_dep_time,1095,4:15 p.m.,4:15 p??.m.??
sched_dep_time,1099,6:40 a.m.,6:40 a.m??.
sched_dep_time,1102,6:40 a.m.,empty
sched_dep_time,1103,6:40 a.m.,??%6:40 a.m.
sched_dep_time,1106,6:40 a.m.,6:40 a.m.%
sched_dep_time,1108,6:40 a.m.,6:4%0 a.m%.
sched_dep_time,1112,6:40 a.m.,6%:40 a$.m.
sched_dep_time,1116,6:40 a.m.,6:40 a.$m.
sched_dep_time,1126,7:10 a.m.,7:10@@ a.m.%
sched_dep_time,1130,7:10 a.m.,7:10 a.$m.
sched_dep_time,1131,7:10 a.m.,7:#10 %a.m.
sched_dep_time,1134,7:10 a.m.,7:10 a$$.m.
sched_dep_time,1149,9:05 a.m.,empty
sched_dep_time,1150,9:05 a.m.,9:05 a.m@@.$
sched_dep_time,1151,9:05 a.m.,??9:05 a.m.
sched_dep_time,1157,9:05 a.m.,9:#05# a.m.
sched_dep_time,1160,9:05 a.m.,empty
sched_dep_time,1164,9:05 a.m.,empty
sched_dep_time,1169,9:05 a.m.,empty
sched_dep_time,1175,7:10 a.m.,empty
sched_dep_time,1182,7:10 a.m.,7:10@@ %a.m.
sched_dep_time,1184,7:10 a.m.,$7:10 a.m.
sched_dep_time,1191,7:10 a.m.,7:10 a#.%m.
sched_dep_time,1194,7:10 a.m.,7:10 a.m.$
sched_dep_time,1197,7:10 a.m.,@@7:10 a.m.
sched_dep_time,1198,7:10 a.m.,7:10 a.m#.
sched_dep_time,1204,1:30 p.m.,1:30?? p.m.
sched_dep_time,1213,1:30 p.m.,1:3@@0 p.m.
sched_dep_time,1216,1:30 p.m.,empty
sched_dep_time,1223,1:05 p.m.,empty
sched_dep_time,1225,1:05 p.m.,empty
sched_dep_time,1226,1:05 p.m.,1:05 p.m.??
sched_dep_time,1229,1:05 p.m.,empty
sched_dep_time,1232,1:05 p.m.,empty
sched_dep_time,1233,1:05 p.m.,1:05 p.$m.#
sched_dep_time,1234,1:05 p.m.,empty
sched_dep_time,1235,1:05 p.m.,1????:05 p.m.
sched_dep_time,1237,1:05 p.m.,1:??05 p.m.
sched_dep_time,1241,1:05 p.m.,1:05?? p.m.??
sched_dep_time,1245,1:05 p.m.,1:??05 p.m.
sched_dep_time,1258,3:05 p.m.,empty
sched_dep_time,1259,3:05 p.m.,empty
sched_dep_time,1268,3:05 p.m.,empty
sched_dep_time,1274,3:05 p.m.,empty
sched_dep_time,1277,11:40 a.m.,11:40?? a.m.
sched_dep_time,1283,11:40 a.m.,11:40 a.m.@@
sched_dep_time,1284,11:40 a.m.,11:#40 a.m.#
sched_dep_time,1288,11:40 a.m.,empty
sched_dep_time,1289,11:40 a.m.,11:%@@40 a.m.
sched_dep_time,1292,11:40 a.m.,11:40 ??a.m.
sched_dep_time,1293,11:40 a.m.,11:40 a%.%m.
sched_dep_time,1301,8:40 a.m.,8:40 %a.m.
sched_dep_time,1304,8:40 a.m.,8:40 $a.m.
sched_dep_time,1305,8:40 a.m.,8:40 a@@.m.
sched_dep_time,1308,8:40 a.m.,empty
sched_dep_time,1310,8:40 a.m.,8:%40 a.m.
sched_dep_time,1315,8:40 a.m.,8:40 %a.m.??
sched_dep_time,1319,9:45 a.m.,9:45 a.m%.
sched_dep_time,1322,9:45 a.m.,9:45 ??a.m.
sched_dep_time,1324,9:45 a.m.,9:45 a.m%??.
sched_dep_time,1326,9:45 a.m.,empty
sched_dep_time,1327,9:45 a.m.,empty
sched_dep_time,1328,9:45 a.m.,#9:45?? a.m.
sched_dep_time,1329,9:45 a.m.,9@@:45 a.m.
sched_dep_time,1330,9:45 a.m.,9:45 #a.#m.
sched_dep_time,1332,9:45 a.m.,9:45 a.m??.
sched_dep_time,1334,9:45 a.m.,9:45 a.%m%.
sched_dep_time,1337,9:45 a.m.,empty
sched_dep_time,1345,9:15 a.m.,%#9:15 a.m.
sched_dep_time,1351,9:15 a.m.,9:@@15 a@@.m.
sched_dep_time,1357,9:15 a.m.,empty
sched_dep_time,1364,9:15 a.m.,9:15@@ a.m.
sched_dep_time,1365,2:53 p.m.,empty
sched_dep_time,1366,2:53 p.m.,empty
sched_dep_time,1367,2:53 p.m.,empty
sched_dep_time,1369,2:53 p.m.,2%:53$ p.m.
sched_dep_time,1372,2:53 p.m.,empty
sched_dep_time,1381,2:53 p.m.,empty
sched_dep_time,1382,2:53 p.m.,2:53 p.m%.
sched_dep_time,1387,8:05 a.m.,empty
sched_dep_time,1390,8:05 a.m.,8:05 a.m.??@@
sched_dep_time,1392,8:05 a.m.,8:05 a@@#.m.
sched_dep_time,1395,8:05 a.m.,??8%:05 a.m.
sched_dep_time,1399,8:05 a.m.,8:0%5?? a.m.
sched_dep_time,1403,8:05 a.m.,8:05% a.m.
sched_dep_time,1404,8:05 a.m.,8:05 a.m.##
sched_dep_time,1409,7:00 p.m.,empty
sched_dep_time,1415,7:00 p.m.,empty
sched_dep_time,1423,7:00 p.m.,7:00 %p.m.
sched_dep_time,1426,7:00 p.m.,$7:00 p.m.
sched_dep_time,1427,7:00 p.m.,7:00 $#p.m.
sched_dep_time,1430,7:00 p.m.,7:00# p.m.#
sched_dep_time,1437,10:25 a.m.,1%0:25 a.m.%
sched_dep_time,1440,10:25 a.m.,10:25 a.m.%
sched_dep_time,1442,10:25 a.m.,10:25 %a.m.
sched_dep_time,1444,10:25 a.m.,10:25 a.m@@.
sched_dep_time,1452,12:30 a.m.,12:30 a.m.#
sched_dep_time,1456,12:30 a.m.,empty
sched_dep_time,1466,12:30 a.m.,empty
sched_dep_time,1468,12:30 a.m.,12:30 %??a.m.
sched_dep_time,1473,12:30 a.m.,12:3%0 a.m.
sched_dep_time,1481,7:15 p.m.,$7:15 p.$m.
sched_dep_time,1483,7:15 p.m.,@@7:15 p.m.
sched_dep_time,1487,7:15 p.m.,7:15 @@p.m.%
sched_dep_time,1490,7:15 p.m.,empty
sched_dep_time,1491,7:15 p.m.,7:15?? p.m??.
sched_dep_time,1493,7:15 p.m.,7:1%5 p.m.
sched_dep_time,1494,7:15 p.m.,7@@:15 p.m.
sched_dep_time,1504,4:00 p.m.,4:00 @@p%.m.
sched_dep_time,1516,4:00 p.m.,4:00 ??p.$m.
sched_dep_time,1518,4:00 p.m.,empty
sched_dep_time,1522,7:10 p.m.,7%:10 p.m.
sched_dep_time,1525,7:10 p.m.,empty
sched_dep_time,1529,7:10 p.m.,7:10?? p.m.$
sched_dep_time,1530,7:10 p.m.,empty
sched_dep_time,1543,5:30 p.m.,5:30$ p.m%.
sched_dep_time,1550,5:30 p.m.,5:30 p??.m.
sched_dep_time,1551,5:30 p.m.,5%:30 p@@.m.
sched_dep_time,1552,5:30 p.m.,empty
sched_dep_time,1556,5:30 p.m.,5@@:30 p.%m.
sched_dep_time,1560,5:30 p.m.,5%:30 p.m.??
sched_dep_time,1564,5:30 p.m.,5:@@30 p.m.
sched_dep_time,1568,2:55 p.m.,empty
sched_dep_time,1572,2:55 p.m.,empty
sched_dep_time,1573,2:55 p.m.,2:55 %p.m.
sched_dep_time,1577,2:55 p.m.,2:55?? p.m.
sched_dep_time,1579,2:55 p.m.,2:55 @@p.#m.
sched_dep_time,1583,2:55 p.m.,empty
sched_dep_time,1584,2:55 p.m.,2:55 #??p.m.
sched_dep_time,1587,7:35 a.m.,empty
sched_dep_time,1592,7:35 a.m.,7%:35 a#.m.
sched_dep_time,1593,7:35 a.m.,7:35 a.??m.
sched_dep_time,1599,7:35 a.m.,7%:35 a.m.
sched_dep_time,1602,7:35 a.m.,@@7:35 a.m.
sched_dep_time,1608,11:25 a.m.,11:$25 a.m.
sched_dep_time,1610,11:25 a.m.,#11:25 a.m.
sched_dep_time,1612,11:25 a.m.,1@@1:25 a%.m.
sched_dep_time,1617,11:25 a.m.,empty
sched_dep_time,1622,11:25 a.m.,11:%25 a.#m.
sched_dep_time,1623,11:25 a.m.,1$1:25 a.??m.
sched_dep_time,1625,11:25 a.m.,empty
sched_dep_time,1627,2:30 p.m.,2:30 p??.m.
sched_dep_time,1629,2:30 p.m.,empty
sched_dep_time,1648,5:25 p.m.,empty
sched_dep_time,1652,5:25 p.m.,empty
sched_dep_time,1654,5:25 p.m.,5:25$ p.m#.
sched_dep_time,1667,5:25 p.m.,empty
sched_dep_time,1669,6:00 a.m.,??6:00 a.m.
sched_dep_time,1670,6:00 a.m.,$6:00 a.m.
sched_dep_time,1672,6:00 a.m.,#6:00 a.m.
sched_dep_time,1673,6:00 a.m.,6:$00 a.m.
sched_dep_time,1686,6:00 a.m.,6??:00 a.m.
sched_dep_time,1690,8:55 a.m.,$8:55 a.m.
sched_dep_time,1696,8:55 a.m.,8:5??5 a$.m.
sched_dep_time,1703,8:55 a.m.,#8:55 a??.m.
sched_dep_time,1706,2:55 p.m.,empty
sched_dep_time,1714,2:55 p.m.,2%:55 p??.m.
sched_dep_time,1717,2:55 p.m.,$2:55 p.m.
sched_dep_time,1720,2:55 p.m.,empty
sched_dep_time,1721,2:55 p.m.,2:$55 @@p.m.
sched_dep_time,1722,2:55 p.m.,2:5@%@5 p.m.
sched_dep_time,1725,2:55 p.m.,2:55 p#.??m.
sched_dep_time,1727,4:25 p.m.,#4:25 p.m.
sched_dep_time,1732,4:25 p.m.,4:25 p.m.#
sched_dep_time,1738,4:25 p.m.,empty
sched_dep_time,1739,4:25 p.m.,%4:25 p.m.
sched_dep_time,1747,4:25 p.m.,4:2$5 p.#m.
sched_dep_time,1753,12:57 p.m.,empty
sched_dep_time,1754,12:57 p.m.,12:57 p.%%m.
sched_dep_time,1757,12:57 p.m.,@@12:57 p.m.
sched_dep_time,1758,12:57 p.m.,empty
sched_dep_time,1765,12:57 p.m.,12:5#7 p.m.
sched_dep_time,1767,12:57 p.m.,empty
sched_dep_time,1773,7:05 a.m.,7:0??5 a#.m.
sched_dep_time,1776,7:05 a.m.,7@@:05 a.m.#
sched_dep_time,1781,7:05 a.m.,7:0$5 a.m%.
sched_dep_time,1782,7:05 a.m.,empty
sched_dep_time,1783,7:05 a.m.,7:05 a$.m.
sched_dep_time,1786,7:05 a.m.,7:05 a.m.#
sched_dep_time,1793,7:05 a.m.,empty
sched_dep_time,1796,2:30 p.m.,empty
sched_dep_time,1801,2:30 p.m.,%2:30 p$.m.
sched_dep_time,1806,2:30 p.m.,empty
sched_dep_time,1807,2:30 p.m.,2:30 p.$m.
sched_dep_time,1816,2:30 p.m.,2:30 $p.m.
sched_dep_time,1817,2:30 p.m.,empty
sched_dep_time,1819,2:30 p.m.,2#:30 p.m.
sched_dep_time,1820,2:30 p.m.,empty
sched_dep_time,1822,11:15 a.m.,11:15 a.#m.
sched_dep_time,1827,11:15 a.m.,empty
sched_dep_time,1836,11:15 a.m.,1#1:15 a??.m.
sched_dep_time,1839,11:15 a.m.,1%1:15 a.m.
sched_dep_time,1842,2:55 p.m.,2:55% p.m.
sched_dep_time,1849,2:55 p.m.,2:55$# p.m.
sched_dep_time,1858,2:55 p.m.,2??:55 p.m$.
sched_dep_time,1860,2:55 p.m.,2:55 $p.m.
sched_dep_time,1862,4:00 p.m.,4$:00 p.m$.
sched_dep_time,1864,4:00 p.m.,empty
sched_dep_time,1866,4:00 p.m.,4:00 $p.m.
sched_dep_time,1877,4:00 p.m.,4:00 p.#m.
sched_dep_time,1884,4:00 p.m.,4:00 %%p.m.
sched_dep_time,1887,3:27 p.m.,3$:27 p.m.
sched_dep_time,1888,3:27 p.m.,3@@??:27 p.m.
sched_dep_time,1895,3:27 p.m.,3$:27 p.m.
sched_dep_time,1897,3:27 p.m.,3:2%7 #p.m.
sched_dep_time,1900,3:27 p.m.,3:27 p.m.??
sched_dep_time,1903,3:27 p.m.,3:27$?? p.m.
sched_dep_time,1909,3:50 p.m.,empty
sched_dep_time,1910,3:50 p.m.,3:50 p.$m.
sched_dep_time,1921,3:50 p.m.,empty
sched_dep_time,1933,12:00 a.m.,empty
sched_dep_time,1934,12:00 a.m.,1$2:00 a.m.
sched_dep_time,1939,12:00 a.m.,empty
sched_dep_time,1940,12:00 a.m.,empty
sched_dep_time,1943,12:00 a.m.,empty
sched_dep_time,1946,12:00 a.m.,empty
sched_dep_time,1951,12:00 a.m.,12$:00 a.m.
sched_dep_time,1953,12:00 a.m.,empty
sched_dep_time,1954,11:05 a.m.,11:05 a????.m.
sched_dep_time,1957,11:05 a.m.,11:05 a.m@@.
sched_dep_time,1958,11:05 a.m.,11:05?? ??a.m.
sched_dep_time,1961,11:05 a.m.,empty
sched_dep_time,1962,11:05 a.m.,11:@@05 a.m.
sched_dep_time,1963,11:05 a.m.,empty
sched_dep_time,1970,11:05 a.m.,1%1:05 a$.m.
sched_dep_time,1971,11:05 a.m.,empty
sched_dep_time,1972,11:05 a.m.,11:#05 a.m.
sched_dep_time,1978,11:05 a.m.,%11:05 %a.m.
sched_dep_time,1979,11:55 a.m.,empty
sched_dep_time,1982,11:55 a.m.,11:55 ??a.m.
sched_dep_time,1984,11:55 a.m.,11$:55 a.m.#
sched_dep_time,1985,11:55 a.m.,empty
sched_dep_time,1988,11:55 a.m.,11%:55 a.m@@.
sched_dep_time,1990,11:55 a.m.,11:55 a.m.??
sched_dep_time,1995,11:55 a.m.,empty
sched_dep_time,1999,11:55 a.m.,empty
sched_dep_time,2004,8:29 a.m.,empty
sched_dep_time,2009,8:29 a.m.,empty
sched_dep_time,2016,8:29 a.m.,empty
sched_dep_time,2021,8:29 a.m.,empty
sched_dep_time,2035,8:15 a.m.,8:15 a.m%%.
sched_dep_time,2036,8:15 a.m.,8:15 a.@@m.
sched_dep_time,2039,8:15 a.m.,empty
sched_dep_time,2046,9:05 a.m.,empty
sched_dep_time,2049,9:05 a.m.,empty
sched_dep_time,2052,9:05 a.m.,empty
sched_dep_time,2056,9:05 a.m.,$9$:05 a.m.
sched_dep_time,2057,9:05 a.m.,9:05 a.m??.@@
sched_dep_time,2058,9:05 a.m.,9:05 @#@a.m.
sched_dep_time,2061,9:05 a.m.,empty
sched_dep_time,2064,9:05 a.m.,9:05 a.m.#%
sched_dep_time,2066,1:29 p.m.,empty
sched_dep_time,2075,1:29 p.m.,empty
sched_dep_time,2083,1:29 p.m.,1:29 p.$#m.
sched_dep_time,2087,12:30 p.m.,empty
sched_dep_time,2092,12:30 p.m.,empty
sched_dep_time,2094,12:30 p.m.,empty
sched_dep_time,2095,12:30 p.m.,12:30 $p.m.
sched_dep_time,2099,12:30 p.m.,12:30$ p.m%.
sched_dep_time,2100,12:30 p.m.,12:30??$ p.m.
sched_dep_time,2107,12:30 p.m.,empty
sched_dep_time,2108,12:30 p.m.,12%%:30 p.m.
sched_dep_time,2111,8:41 a.m.,8:41 a.m@@#.
sched_dep_time,2112,8:41 a.m.,8??:4@@1 a.m.
sched_dep_time,2116,8:41 a.m.,empty
sched_dep_time,2117,8:41 a.m.,8:41 a.m$.
sched_dep_time,2122,8:41 a.m.,8:41 @@a.m.
sched_dep_time,2123,8:41 a.m.,8:41@@ a.m.
sched_dep_time,2125,8:41 a.m.,8:%41@@ a.m.
sched_dep_time,2128,8:41 a.m.,8:@@41 a.m.
sched_dep_time,2135,8:41 a.m.,8:41# a.m.
sched_dep_time,2140,8:00 a.m.,empty
sched_dep_time,2141,8:00 a.m.,8:@@00 a.m.
sched_dep_time,2142,8:00 a.m.,empty
sched_dep_time,2143,8:00 a.m.,empty
sched_dep_time,2146,8:00 a.m.,empty
sched_dep_time,2151,8:00 a.m.,8:00 a.#m.
sched_dep_time,2159,6:00 a.m.,empty
sched_dep_time,2160,6:00 a.m.,6:$0??0 a.m.
sched_dep_time,2174,6:00 a.m.,@@6:@@00 a.m.
sched_dep_time,2175,6:00 a.m.,6@@:00 a.m.
sched_dep_time,2178,6:00 a.m.,6:00 a@@.m#.
sched_dep_time,2180,6:00 a.m.,empty
sched_dep_time,2183,10:39 a.m.,#10:39 a.m.
sched_dep_time,2185,10:39 a.m.,10:39@@ a.m.%
sched_dep_time,2201,2:30 p.m.,2:%30 p.m.
sched_dep_time,2215,2:30 p.m.,2:3$0 p.m.
sched_dep_time,2217,2:30 p.m.,#2:#30 p.m.
sched_dep_time,2225,7:35 a.m.,7:35@@ a.m.
sched_dep_time,2228,7:35 a.m.,empty
sched_dep_time,2231,7:35 a.m.,empty
sched_dep_time,2234,7:35 a.m.,empty
sched_dep_time,2241,1:33 p.m.,1:??33 p.m.
sched_dep_time,2242,1:33 p.m.,empty
sched_dep_time,2243,1:33 p.m.,1:33 p.m#.
sched_dep_time,2251,1:33 p.m.,empty
sched_dep_time,2254,1:33 p.m.,empty
sched_dep_time,2257,1:33 p.m.,empty
sched_dep_time,2263,1:33 p.m.,1:33 #p.m.
sched_dep_time,2265,1:33 p.m.,1:33 #p.#m.
sched_dep_time,2267,1:33 p.m.,empty
sched_dep_time,2276,11:08 p.m.,11:08 p#.m.
sched_dep_time,2277,11:08 p.m.,1@@1:08 $p.m.
sched_dep_time,2280,11:08 p.m.,11:08 p.$m.
sched_dep_time,2289,11:08 p.m.,empty
sched_dep_time,2290,11:08 p.m.,empty
sched_dep_time,2300,1:55 p.m.,empty
sched_dep_time,2305,1:55 p.m.,1:55 @??@p.m.
sched_dep_time,2308,1:55 p.m.,empty
sched_dep_time,2311,1:55 p.m.,empty
sched_dep_time,2312,1:55 p.m.,empty
sched_dep_time,2313,1:55 p.m.,empty
sched_dep_time,2314,1:55 p.m.,empty
sched_dep_time,2317,7:53 a.m.,empty
sched_dep_time,2322,7:53 a.m.,7:53 a.$m$.
sched_dep_time,2332,7:53 a.m.,7#:53 a.m.
sched_dep_time,2340,1:45 p.m.,??@@1:45 p.m.
sched_dep_time,2341,1:45 p.m.,empty
sched_dep_time,2342,1:45 p.m.,empty
sched_dep_time,2344,1:45 p.m.,1:45 p.$m.$
sched_dep_time,2345,1:45 p.m.,empty
sched_dep_time,2356,4:16 p.m.,empty
sched_dep_time,2370,4:16 p.m.,4#:16 p.m.
act_dep_time,11,5:08 p.m.,empty
act_dep_time,14,5:08 p.m.,5:08 #p.m@@.
act_dep_time,19,5:08 p.m.,5:#08 p.m@@.
act_dep_time,20,5:08 p.m.,5:08 p.m.$
act_dep_time,21,5:08 p.m.,5:08 p.m#.
act_dep_time,22,7:22 a.m.,empty
act_dep_time,27,7:22 a.m.,7:22 a.m.@@%
act_dep_time,32,7:22 a.m.,7#:22 a.%m.
act_dep_time,36,7:22 a.m.,empty
act_dep_time,38,7:22 a.m.,empty
act_dep_time,46,7:22 a.m.,@@7:22 a.m.
act_dep_time,52,8:23 p.m.,8$:23 p.m.
act_dep_time,61,8:23 p.m.,empty
act_dep_time,67,8:23 p.m.,8:@@23 p.m.
act_dep_time,74,8:23 p.m.,empty
act_dep_time,77,2:04 p.m.,2:04% p.m$.
act_dep_time,80,2:04 p.m.,2:%04 p.m.
act_dep_time,84,2:04 p.m.,2:#04 p.m#.
act_dep_time,85,2:04 p.m.,??2:04 p.m.
act_dep_time,86,2:04 p.m.,2:04 p.m.@@
act_dep_time,99,2:04 p.m.,2:??04 #p.m.
act_dep_time,107,7:21 a.m.,7:21 a.m$%.
act_dep_time,109,7:21 a.m.,empty
act_dep_time,113,7:21 a.m.,empty
act_dep_time,141,11:55 p.m.,11:55?? p.%m.
act_dep_time,143,11:55 p.m.,11:55 p%#.m.
act_dep_time,144,11:55 p.m.,11:55 p.??m.@@
act_dep_time,145,11:55 p.m.,empty
act_dep_time,146,11:55 p.m.,11:5$5 p.m.
act_dep_time,151,11:40 a.m.,11$:40 a.m.
act_dep_time,152,11:40 a.m.,11#:40 a.m.
act_dep_time,158,11:40 a.m.,empty
act_dep_time,162,11:40 a.m.,11:??40 a.m.
act_dep_time,170,11:40 a.m.,11:4@@0$ a.m.
act_dep_time,179,6:30 p.m.,6:30@@ p.m#.
act_dep_time,185,6:30 p.m.,6:30 p$.%m.
act_dep_time,192,6:30 p.m.,6:30 p.$m.
act_dep_time,193,6:30 p.m.,6:30# p.#m.
act_dep_time,203,10:18 a.m.,empty
act_dep_time,212,10:18 a.m.,empty
act_dep_time,213,10:18 a.m.,10%:18 a$.m.
act_dep_time,217,10:18 a.m.,empty
act_dep_time,223,10:18 a.m.,%10:18 a.m.
act_dep_time,233,7:58 p.m.,7:58 p.m.%
act_dep_time,234,7:58 p.m.,empty
act_dep_time,242,7:58 p.m.,7:$58 p.m.
act_dep_time,244,7:58 p.m.,empty
act_dep_time,251,7:58 p.m.,7#:5$8 p.m.
act_dep_time,254,10:55 a.m.,empty
act_dep_time,259,10:55 a.m.,empty
act_dep_time,261,10:55 a.m.,empty
act_dep_time,274,3:27 p.m.,3:27% p.m.
act_dep_time,277,3:27 p.m.,empty
act_dep_time,281,3:27 p.m.,empty
act_dep_time,284,3:27 p.m.,empty
act_dep_time,286,3:27 p.m.,3:27 p.m$.
act_dep_time,300,11:25 p.m.,$11:2#5 p.m.
act_dep_time,311,11:25 p.m.,empty
act_dep_time,312,11:25 p.m.,empty
act_dep_time,314,11:25 p.m.,11:25@@ p.m.
act_dep_time,319,11:25 p.m.,empty
act_dep_time,320,11:25 p.m.,11:25 p.m#.
act_dep_time,322,11:05 a.m.,empty
act_dep_time,332,11:05 a.m.,11:05 a.m.#
act_dep_time,335,11:05 a.m.,empty
act_dep_time,337,11:05 a.m.,11:??05 a.m.
act_dep_time,338,11:05 a.m.,11:05 a.m#.
act_dep_time,343,11:05 a.m.,11:05 a.%m.??
act_dep_time,345,11:05 a.m.,11:05$ a.@@m.
act_dep_time,353,7:31 a.m.,empty
act_dep_time,356,7:31 a.m.,empty
act_dep_time,362,7:31 a.m.,empty
act_dep_time,365,7:31 a.m.,??7:31 @@a.m.
act_dep_time,372,7:31 a.m.,7:31# a.m.
act_dep_time,379,7:22 a.m.,7:22 a.m.@@
act_dep_time,385,7:22 a.m.,empty
act_dep_time,391,7:22 a.m.,empty
act_dep_time,396,7:22 a.m.,empty
act_dep_time,404,8:25 p.m.,empty
act_dep_time,408,8:25 p.m.,empty
act_dep_time,429,7:39 a.m.,empty
act_dep_time,432,7:39 a.m.,7:39 a.m@@.
act_dep_time,434,7:39 a.m.,7:$39 a.%m.
act_dep_time,435,7:39 a.m.,empty
act_dep_time,437,7:39 a.m.,7:#3%9 a.m.
act_dep_time,439,7:39 a.m.,7:39 a%.m.
act_dep_time,442,7:39 a.m.,7:39 a.$m.
act_dep_time,449,7:39 a.m.,empty
act_dep_time,462,11:52 a.m.,empty
act_dep_time,471,11:52 a.m.,11:52 a.m.$
act_dep_time,477,8:04 a.m.,8:04 a.m#.
act_dep_time,478,8:04 a.m.,empty
act_dep_time,480,8:04 a.m.,empty
act_dep_time,489,8:04 a.m.,8:04?? a@@.m.
act_dep_time,491,8:04 a.m.,8:0%4 a.m??.
act_dep_time,497,8:04 a.m.,8#:0$4 a.m.
act_dep_time,502,12:11 p.m.,1#2:1%1 p.m.
act_dep_time,504,12:11 p.m.,12:$11 p.m.
act_dep_time,507,12:11 p.m.,12:11 p??.m.
act_dep_time,509,12:11 p.m.,12:11@@ p.m.
act_dep_time,510,12:11 p.m.,@@12:11 p.m.
act_dep_time,511,12:11 p.m.,%12:11 p.m.
act_dep_time,515,12:11 p.m.,empty
act_dep_time,519,12:11 p.m.,??12:11 p.m.
act_dep_time,520,12:11 p.m.,empty
act_dep_time,521,12:11 p.m.,empty
act_dep_time,529,8:39 p.m.,8??:39 #p.m.
act_dep_time,530,8:39 p.m.,$#8:39 p.m.
act_dep_time,535,8:39 p.m.,8:39 p.@@m.$
act_dep_time,542,8:39 p.m.,empty
act_dep_time,554,7:25 a.m.,7:25 $a.m.
act_dep_time,556,7:25 a.m.,7:2%5?? a.m.
act_dep_time,572,7:25 a.m.,7:25 a.#m.
act_dep_time,582,12:41 p.m.,empty
act_dep_time,594,12:41 p.m.,12%:41$ p.m.
act_dep_time,596,12:41 p.m.,empty
act_dep_time,600,12:41 p.m.,12:41 p.m.@@
act_dep_time,605,4:12 p.m.,empty
act_dep_time,610,4:12 p.m.,empty
act_dep_time,615,4:12 p.m.,4:12 p.m$.
act_dep_time,618,4:12 p.m.,??4:12 $p.m.
act_dep_time,621,4:12 p.m.,4:12 @@p.m.
act_dep_time,626,4:12 p.m.,empty
act_dep_time,630,4:12 p.m.,empty
act_dep_time,631,4:12 p.m.,empty
act_dep_time,637,2:44 p.m.,empty
act_dep_time,638,2:44 p.m.,2:44 p#.m.
act_dep_time,648,2:44 p.m.,empty
act_dep_time,664,6:10 a.m.,6:1%0 a.m.$
act_dep_time,665,6:10 a.m.,empty
act_dep_time,666,6:10 a.m.,@@6:10 #a.m.
act_dep_time,668,6:10 a.m.,6:10 a.m.#$
act_dep_time,675,6:10 a.m.,6:10 a@@.m.
act_dep_time,682,6:10 a.m.,empty
act_dep_time,683,6:10 a.m.,empty
act_dep_time,687,9:00 p.m.,9:00% p.m.
act_dep_time,688,9:00 p.m.,9:00 %p.m$.
act_dep_time,689,9:00 p.m.,empty
act_dep_time,690,9:00 p.m.,9:00 p@@.$m.
act_dep_time,691,9:00 p.m.,9:00?? p.m.
act_dep_time,710,9:00 p.m.,%9:%00 p.m.
act_dep_time,711,9:00 p.m.,9:00 p%.m.
act_dep_time,712,6:56 a.m.,6:56% a.m.
act_dep_time,725,6:56 a.m.,empty
act_dep_time,726,6:56 a.m.,6:56 a.m$.@@
act_dep_time,729,6:56 a.m.,6:5??6 a.m.
act_dep_time,733,6:56 a.m.,empty
act_dep_time,734,6:56 a.m.,empty
act_dep_time,735,6:56 a.m.,empty
act_dep_time,742,7:16 a.m.,7:16 $??a.m.
act_dep_time,744,7:16 a.m.,7:16$ a.m.
act_dep_time,746,7:16 a.m.,??7:16 a.m??.
act_dep_time,750,7:16 a.m.,7:1%6 a@@.m.
act_dep_time,752,7:16 a.m.,$7:16 a.m.
act_dep_time,753,7:16 a.m.,7%:16 a.m.
act_dep_time,754,7:16 a.m.,7:16$ a.m.
act_dep_time,761,7:16 a.m.,empty
act_dep_time,764,7:16 a.m.,7:16 $a.m.
act_dep_time,771,8:04 a.m.,8:04 a.m??.
act_dep_time,779,8:04 a.m.,@@#8:04 a.m.
act_dep_time,783,8:04 a.m.,empty
act_dep_time,786,8:04 a.m.,8:04 a.m@@.
act_dep_time,790,8:04 a.m.,8:04 a.$m.
act_dep_time,791,8:04 a.m.,8:%04 a.m.
act_dep_time,795,11:01 a.m.,empty
act_dep_time,798,11:01 a.m.,11:??01 a.m.
act_dep_time,799,11:01 a.m.,empty
act_dep_time,803,11:01 a.m.,#11:01 a.m.
act_dep_time,808,11:01 a.m.,empty
act_dep_time,816,6:57 a.m.,??6:57 a.m.%
act_dep_time,818,6:57 a.m.,empty
act_dep_time,828,6:57 a.m.,6??:57 a.m.
act_dep_time,833,6:57 a.m.,6:57 a.?$?m.
act_dep_time,834,6:57 a.m.,6:@@57 a.@@m.
act_dep_time,837,6:57 a.m.,6:57?? a@@.m.
act_dep_time,838,6:57 a.m.,empty
act_dep_time,845,8:56 a.m.,empty
act_dep_time,849,8:56 a.m.,empty
act_dep_time,853,8:56 a.m.,8:5#6 a.m.
act_dep_time,856,8:56 a.m.,8:#56 a.m.
act_dep_time,868,10:54 a.m.,empty
act_dep_time,870,10:54 a.m.,10:5@@4 a$.m.
act_dep_time,879,10:54 a.m.,10@@:54 a.m.
act_dep_time,880,10:54 a.m.,10:5@@4 a.m.
act_dep_time,881,10:54 a.m.,10:54$ a.m.
act_dep_time,882,10:54 a.m.,empty
act_dep_time,888,10:54 a.m.,#10:54# a.m.
act_dep_time,894,12:10 p.m.,empty
act_dep_time,900,12:10 p.m.,empty
act_dep_time,908,12:10 p.m.,12$:10 p.m.$
act_dep_time,910,12:10 p.m.,12:10 p.m.@@
act_dep_time,913,12:10 p.m.,empty
act_dep_time,917,6:55 p.m.,6??:55 p.??m.
act_dep_time,924,6:55 p.m.,6:55 @@p.m@@.
act_dep_time,926,6:55 p.m.,6:5%5 p.m.
act_dep_time,927,6:55 p.m.,6:55 p@@.m.
act_dep_time,928,6:55 p.m.,empty
act_dep_time,930,6:55 p.m.,??6:55 p.m.
act_dep_time,941,6:55 p.m.,empty
act_dep_time,943,6:55 p.m.,6%:55 p.m.
act_dep_time,949,8:51 a.m.,8:5#1 a.??m.
act_dep_time,952,8:51 a.m.,8:51 a$.m.
act_dep_time,953,8:51 a.m.,8:??51 a.??m.
act_dep_time,956,8:51 a.m.,8:??51 a.#m.
act_dep_time,961,8:51 a.m.,8:@@??51 a.m.
act_dep_time,965,8:51 a.m.,empty
act_dep_time,981,3:36 p.m.,3:36 p.m?$?.
act_dep_time,985,3:36 p.m.,empty
act_dep_time,995,12:13 p.m.,12:13 $p.m.
act_dep_time,997,12:13 p.m.,empty
act_dep_time,1003,12:13 p.m.,empty
act_dep_time,1014,12:13 p.m.,12:13 p.#m.??
act_dep_time,1017,12:12 p.m.,empty
act_dep_time,1031,12:12 p.m.,12:1@@2 p.m.
act_dep_time,1038,12:12 p.m.,1%2:12 p.m.
act_dep_time,1045,6:08 a.m.,empty
act_dep_time,1047,6:08 a.m.,6:08 a.m#.
act_dep_time,1050,6:08 a.m.,6??:$08 a.m.
act_dep_time,1053,6:08 a.m.,empty
act_dep_time,1056,6:08 a.m.,6:$08 a.$m.
act_dep_time,1057,6:08 a.m.,6:08 a.m@@#.
act_dep_time,1059,6:08 a.m.,empty
act_dep_time,1061,6:08 a.m.,6:#08 a.m.
act_dep_time,1065,6:08 a.m.,6:08 a.m.%
act_dep_time,1068,6:08 a.m.,6:??0%8 a.m.
act_dep_time,1072,4:29 p.m.,4:29 #p.m.
act_dep_time,1079,4:29 p.m.,4:29 p.m.$
act_dep_time,1083,4:29 p.m.,4:29 p.#%m.
act_dep_time,1084,4:29 p.m.,4:29?? p.m.
act_dep_time,1089,4:29 p.m.,4$:29 p#.m.
act_dep_time,1092,4:29 p.m.,@@4:2%9 p.m.
act_dep_time,1094,4:29 p.m.,4:#29 p.m.
act_dep_time,1096,6:54 a.m.,6:5%4 a.m??.
act_dep_time,1102,6:54 a.m.,6:54 #a.m.
act_dep_time,1111,6:54 a.m.,6:5??4 a.m.??
act_dep_time,1115,6:54 a.m.,6:54 a.m@@#.
act_dep_time,1121,7:39 a.m.,7:39 $a.m.
act_dep_time,1122,7:39 a.m.,empty
act_dep_time,1126,7:39 a.m.,7:3%9 a.m.
act_dep_time,1129,7:39 a.m.,7:39 a.@@m.
act_dep_time,1134,7:39 a.m.,#@@7:39 a.m.
act_dep_time,1136,7:39 a.m.,7:3@@#9 a.m.
act_dep_time,1142,7:39 a.m.,7#:39 a.m.
act_dep_time,1146,7:39 a.m.,7:39 $a.m.
act_dep_time,1147,7:39 a.m.,empty
act_dep_time,1153,10:10 a.m.,10:10 a.#m.
act_dep_time,1154,10:10 a.m.,10:10 #a.m.
act_dep_time,1155,10:10 a.m.,1$0:10 a.m.
act_dep_time,1157,10:10 a.m.,10@@:10% a.m.
act_dep_time,1163,10:10 a.m.,empty
act_dep_time,1164,10:10 a.m.,empty
act_dep_time,1165,10:10 a.m.,empty
act_dep_time,1171,10:10 a.m.,1??0:10 a.m.
act_dep_time,1174,7:30 a.m.,7:30 a%%.m.
act_dep_time,1181,7:30 a.m.,7@@:3??0 a.m.
act_dep_time,1197,7:30 a.m.,empty
act_dep_time,1198,7:30 a.m.,??7:30 #a.m.
act_dep_time,1206,1:30 p.m.,$??1:30 p.m.
act_dep_time,1208,1:30 p.m.,1??:30 p#.m.
act_dep_time,1211,1:30 p.m.,empty
act_dep_time,1213,1:30 p.m.,empty
act_dep_time,1214,1:30 p.m.,empty
act_dep_time,1217,1:30 p.m.,1:??30@@ p.m.
act_dep_time,1221,1:30 p.m.,1:30 p.m.??
act_dep_time,1222,1:19 p.m.,1:19 p.m.??
act_dep_time,1225,1:19 p.m.,empty
act_dep_time,1231,1:19 p.m.,1:19 p.@@m.
act_dep_time,1234,1:19 p.m.,1:19 p.m.#
act_dep_time,1236,1:19 p.m.,1:19 p#.m.$
act_dep_time,1237,1:19 p.m.,%1:19 p.m%.
act_dep_time,1239,1:19 p.m.,1%:19 p.m.
act_dep_time,1241,1:19 p.m.,empty
act_dep_time,1242,1:19 p.m.,empty
act_dep_time,1243,1:19 p.m.,1@@:19 p.m.
act_dep_time,1245,1:19 p.m.,1??:19 p$.m.
act_dep_time,1248,1:19 p.m.,1@@:19 p.m.
act_dep_time,1251,3:36 p.m.,%3#:36 p.m.
act_dep_time,1257,3:36 p.m.,3:$36 p.m.
act_dep_time,1261,3:36 p.m.,3@@:??36 p.m.
act_dep_time,1267,3:36 p.m.,3:36 p.@@@@m.
act_dep_time,1268,3:36 p.m.,empty
act_dep_time,1269,3:36 p.m.,3:36 p.%m.??
act_dep_time,1270,3:36 p.m.,3:36 ??p.m.%
act_dep_time,1272,3:36 p.m.,3:36 p.#m.
act_dep_time,1282,11:56 a.m.,11@@:56 a.m.#
act_dep_time,1285,11:56 a.m.,empty
act_dep_time,1286,11:56 a.m.,empty
act_dep_time,1291,11:56 a.m.,empty
act_dep_time,1293,11:56 a.m.,empty
act_dep_time,1294,11:56 a.m.,1??1:56 a.m@@.
act_dep_time,1301,8:40 a.m.,empty
act_dep_time,1302,8:40 a.m.,8%:40 a.m.??
act_dep_time,1303,8:40 a.m.,8:40$ a.??m.
act_dep_time,1304,8:40 a.m.,??8:40 a.m.
act_dep_time,1306,8:40 a.m.,empty
act_dep_time,1307,8:40 a.m.,8:4??0 a.m.
act_dep_time,1310,8:40 a.m.,empty
act_dep_time,1314,8:40 a.m.,empty
act_dep_time,1317,8:40 a.m.,8:??40 a.m.
act_dep_time,1319,10:19 a.m.,empty
act_dep_time,1320,10:19 a.m.,empty
act_dep_time,1325,10:19 a.m.,empty
act_dep_time,1330,10:19 a.m.,empty
act_dep_time,1331,10:19 a.m.,empty
act_dep_time,1332,10:19 a.m.,1@@0:19@@ a.m.
act_dep_time,1335,10:19 a.m.,10:19 a??.m.@@
act_dep_time,1341,9:14 a.m.,empty
act_dep_time,1347,9:14 a.m.,empty
act_dep_time,1352,9:14 a.m.,9:14 a??.m.
act_dep_time,1355,9:14 a.m.,9:14 a.??m.
act_dep_time,1357,9:14 a.m.,empty
act_dep_time,1358,9:14 a.m.,9:%$14 a.m.
act_dep_time,1364,9:14 a.m.,empty
act_dep_time,1365,3:01 p.m.,3:01 p.m@@.
act_dep_time,1366,3:01 p.m.,3:0??1 p.m$.
act_dep_time,1372,3:01 p.m.,3:%@@01 p.m.
act_dep_time,1381,3:01 p.m.,$3:01 p.m%.
act_dep_time,1384,3:01 p.m.,3:01@@ p#.m.
act_dep_time,1391,8:00 a.m.,empty
act_dep_time,1399,8:00 a.m.,8$:00 a.$m.
act_dep_time,1403,8:00 a.m.,8:0#0 a.m.
act_dep_time,1407,8:00 a.m.,8:0%$0 a.m.
act_dep_time,1411,7:14 p.m.,7:14 p.m@@.??
act_dep_time,1413,7:14 p.m.,7%:14 p.m.
act_dep_time,1418,7:14 p.m.,empty
act_dep_time,1423,7:14 p.m.,empty
act_dep_time,1427,7:14 p.m.,empty
act_dep_time,1432,10:20 a.m.,10:2@@0 a.m.
act_dep_time,1435,10:20 a.m.,empty
act_dep_time,1437,10:20 a.m.,1??0:20 a.m.$
act_dep_time,1438,10:20 a.m.,10:2??0 a.m.
act_dep_time,1441,10:20 a.m.,empty
act_dep_time,1443,10:20 a.m.,%10:20 a.m.??
act_dep_time,1445,10:20 a.m.,empty
act_dep_time,1448,10:20 a.m.,empty
act_dep_time,1449,10:20 a.m.,10:@@20 a.m.
act_dep_time,1480,7:15 p.m.,empty
act_dep_time,1481,7:15 p.m.,empty
act_dep_time,1489,7:15 p.m.,7:15 ??p.m.
act_dep_time,1490,7:15 p.m.,empty
act_dep_time,1500,3:58 p.m.,empty
act_dep_time,1502,3:58 p.m.,3:58 ??@@p.m.
act_dep_time,1503,3:58 p.m.,empty
act_dep_time,1507,3:58 p.m.,empty
act_dep_time,1521,3:58 p.m.,3:%58 p.m.%
act_dep_time,1523,8:25 p.m.,8??:25 p.m%.
act_dep_time,1549,5:30 p.m.,5:30?? p.m.
act_dep_time,1550,5:30 p.m.,empty
act_dep_time,1552,5:30 p.m.,5@@:3??0 p.m.
act_dep_time,1560,5:30 p.m.,empty
act_dep_time,1563,5:30 p.m.,5:30 p.m%.
act_dep_time,1573,3:31 p.m.,3:3@@1 p??.m.
act_dep_time,1579,3:31 p.m.,3$:31 p.m.
act_dep_time,1581,3:31 p.m.,3:31$ p.m.
act_dep_time,1589,7:29 a.m.,7#:29 a.m??.
act_dep_time,1591,7:29 a.m.,7:29 a.??m.
act_dep_time,1593,7:29 a.m.,7:29 a.m.??
act_dep_time,1601,7:29 a.m.,#7:29 a$.m.
act_dep_time,1614,11:32 a.m.,11:%32 a.m.
act_dep_time,1620,11:32 a.m.,1??1:#32 a.m.
act_dep_time,1628,2:48 p.m.,2:@@48 p.m.
act_dep_time,1634,2:48 p.m.,2:48 $p#.m.
act_dep_time,1636,2:48 p.m.,empty
act_dep_time,1642,2:48 p.m.,2:48 @@p.m.
act_dep_time,1650,5:22 p.m.,5:@@#22 p.m.
act_dep_time,1661,5:22 p.m.,empty
act_dep_time,1670,6:02 a.m.,empty
act_dep_time,1673,6:02 a.m.,empty
act_dep_time,1680,6:02 a.m.,6:0@@2 a.m.
act_dep_time,1684,6:02 a.m.,empty
act_dep_time,1687,6:02 a.m.,6:02 a.m.$
act_dep_time,1688,9:16 a.m.,empty
act_dep_time,1702,9:16 a.m.,empty
act_dep_time,1704,9:16 a.m.,9:16 a.m#.
act_dep_time,1708,2:55 p.m.,2:55 p.m??.
act_dep_time,1710,2:55 p.m.,2:#55 p.m.
act_dep_time,1716,2:55 p.m.,empty
act_dep_time,1720,2:55 p.m.,2:55 $p.m.
act_dep_time,1722,2:55 p.m.,2:5%5 p.m.
act_dep_time,1736,4:25 p.m.,4:25 #p.m.
act_dep_time,1738,4:25 p.m.,4:25 p.#??m.
act_dep_time,1748,4:25 p.m.,4:2#5 #p.m.
act_dep_time,1764,1:32 p.m.,1:32 p.m.#
act_dep_time,1768,1:32 p.m.,1:32 #p.m.
act_dep_time,1773,7:05 a.m.,empty
act_dep_time,1783,7:05 a.m.,empty
act_dep_time,1791,7:05 a.m.,empty
act_dep_time,1792,7:05 a.m.,empty
act_dep_time,1793,7:05 a.m.,7@@:05 a.m.
act_dep_time,1796,2:26 p.m.,2:2#6 p.m.??
act_dep_time,1797,2:26 p.m.,2:??26 p.m.
act_dep_time,1809,2:26 p.m.,#2:26 p.m.
act_dep_time,1812,2:26 p.m.,2:26 p.m??.
act_dep_time,1816,2:26 p.m.,??2:26 @@p.m.
act_dep_time,1820,2:26 p.m.,2:26 p.#m.
act_dep_time,1822,11:15 a.m.,empty
act_dep_time,1824,11:15 a.m.,empty
act_dep_time,1826,11:15 a.m.,empty
act_dep_time,1827,11:15 a.m.,11%$:15 a.m.
act_dep_time,1829,11:15 a.m.,empty
act_dep_time,1836,11:15 a.m.,empty
act_dep_time,1837,11:15 a.m.,11#:15 a.m@@.
act_dep_time,1838,11:15 a.m.,empty
act_dep_time,1843,2:55 p.m.,2@@:55 #p.m.
act_dep_time,1846,2:55 p.m.,empty
act_dep_time,1848,2:55 p.m.,2:55@@ p.m.
act_dep_time,1849,2:55 p.m.,2:5$$5 p.m.
act_dep_time,1853,2:55 p.m.,2:@@55 p.m.
act_dep_time,1855,2:55 p.m.,2:#55 p.m.
act_dep_time,1857,2:55 p.m.,2:55 p.m??@@.
act_dep_time,1859,2:55 p.m.,2:55 %p.m.
act_dep_time,1866,4:00 p.m.,empty
act_dep_time,1867,4:00 p.m.,empty
act_dep_time,1868,4:00 p.m.,4:??00 p.m.
act_dep_time,1870,4:00 p.m.,4:00$ p.m@@.
act_dep_time,1876,4:00 p.m.,empty
act_dep_time,1878,4:00 p.m.,@%@4:00 p.m.
act_dep_time,1879,4:00 p.m.,4:$00 p.m$.
act_dep_time,1886,3:27 p.m.,3:27 p@@.m#.
act_dep_time,1891,3:27 p.m.,3:27 p.m????.
act_dep_time,1897,3:27 p.m.,3:27 p.m.%
act_dep_time,1900,3:27 p.m.,empty
act_dep_time,1903,3:27 p.m.,3@@:$27 p.m.
act_dep_time,1904,3:27 p.m.,empty
act_dep_time,1914,4:28 p.m.,4??:28 p#.m.
act_dep_time,1922,4:28 p.m.,empty
act_dep_time,1923,4:28 p.m.,4:28 p.#m.
act_dep_time,1924,4:28 p.m.,4:28 p.m.@@
act_dep_time,1928,4:28 p.m.,empty
act_dep_time,1932,3:11 a.m.,empty
act_dep_time,1938,3:11 a.m.,3:11 a@@.m.
act_dep_time,1939,3:11 a.m.,empty
act_dep_time,1945,3:11 a.m.,$3:11 a.m.$
act_dep_time,1950,3:11 a.m.,empty
act_dep_time,1952,3:11 a.m.,empty
act_dep_time,1955,11:30 a.m.,$11:30 a.m.
act_dep_time,1957,11:30 a.m.,11:3@@0 a.m%.
act_dep_time,1965,11:30 a.m.,11:30 a.m.$
act_dep_time,1967,11:30 a.m.,11:30 #a.m.
act_dep_time,1976,11:30 a.m.,empty
act_dep_time,1981,11:55 a.m.,$11:55 a.m.
act_dep_time,1983,11:55 a.m.,empty
act_dep_time,1989,11:55 a.m.,11:#55$ a.m.
act_dep_time,1993,11:55 a.m.,empty
act_dep_time,1996,11:55 a.m.,empty
act_dep_time,2000,11:55 a.m.,11:55 a@@.m.@@
act_dep_time,2001,11:55 a.m.,11:??55 a.m.
act_dep_time,2002,8:26 a.m.,empty
act_dep_time,2004,8:26 a.m.,8:26 a.m.$
act_dep_time,2013,8:26 a.m.,8:26 a.m@@.
act_dep_time,2016,8:26 a.m.,8:26 a.m.%
act_dep_time,2017,8:26 a.m.,8:@@26 a@@.m.
act_dep_time,2026,8:12 a.m.,8:12 a??.m@@.
act_dep_time,2031,8:12 a.m.,empty
act_dep_time,2042,8:12 a.m.,8#:12 a.m.
act_dep_time,2045,8:52 a.m.,empty
act_dep_time,2050,8:52 a.m.,empty
act_dep_time,2051,8:52 a.m.,empty
act_dep_time,2052,8:52 a.m.,8:52 a.m#.
act_dep_time,2057,8:52 a.m.,8:??52 a$.m.
act_dep_time,2058,8:52 a.m.,empty
act_dep_time,2059,8:52 a.m.,empty
act_dep_time,2064,8:52 a.m.,?@@?8:52 a.m.
act_dep_time,2067,1:48 p.m.,empty
act_dep_time,2068,1:48 p.m.,empty
act_dep_time,2069,1:48 p.m.,empty
act_dep_time,2070,1:48 p.m.,1:48 p.#m.
act_dep_time,2071,1:48 p.m.,empty
act_dep_time,2074,1:48 p.m.,1:48 p.m.%
act_dep_time,2079,1:48 p.m.,empty
act_dep_time,2086,12:35 p.m.,empty
act_dep_time,2087,12:35 p.m.,empty
act_dep_time,2088,12:35 p.m.,12:3??5 p.m.
act_dep_time,2090,12:35 p.m.,12:35 ??p.m.
act_dep_time,2096,12:35 p.m.,12:35 p#.??m.
act_dep_time,2098,12:35 p.m.,empty
act_dep_time,2101,12:35 p.m.,empty
act_dep_time,2102,12:35 p.m.,@@12#:35 p.m.
act_dep_time,2107,12:35 p.m.,empty
act_dep_time,2110,8:42 a.m.,%8:42 a.m.
act_dep_time,2115,8:42 a.m.,%8#:42 a.m.
act_dep_time,2119,8:42 a.m.,empty
act_dep_time,2121,8:42 a.m.,8:42 %a.m.
act_dep_time,2127,8:42 a.m.,8:42 a.m@@.
act_dep_time,2131,8:42 a.m.,8:42 a%.m.
act_dep_time,2134,8:42 a.m.,8:4$2 a.m.
act_dep_time,2138,8:29 a.m.,empty
act_dep_time,2148,8:29 a.m.,8%:29 a.m.@@
act_dep_time,2152,8:29 a.m.,8:29 a.@@m.
act_dep_time,2153,8:29 a.m.,empty
act_dep_time,2158,8:29 a.m.,empty
act_dep_time,2162,5:56 a.m.,empty
act_dep_time,2165,5:56 a.m.,empty
act_dep_time,2173,5:56 a.m.,empty
act_dep_time,2176,5:56 a.m.,5:56% a.m.
act_dep_time,2180,5:56 a.m.,%5:56 a.m.
act_dep_time,2186,10:33 a.m.,1??0:#33 a.m.
act_dep_time,2190,10:33 a.m.,empty
act_dep_time,2192,10:33 a.m.,10#:33 a.m.
act_dep_time,2200,2:48 p.m.,empty
act_dep_time,2201,2:48 p.m.,empty
act_dep_time,2206,2:48 p.m.,empty
act_dep_time,2210,2:48 p.m.,2:4%8$ p.m.
act_dep_time,2216,2:48 p.m.,2:@@48 p.m.
act_dep_time,2217,2:48 p.m.,empty
act_dep_time,2218,2:48 p.m.,2:4%8 p.m.
act_dep_time,2219,2:48 p.m.,2:$48 p.m.
act_dep_time,2224,7:27 a.m.,empty
act_dep_time,2233,7:27 a.m.,7:27 @@a.m.
act_dep_time,2234,7:27 a.m.,7$:27 a.m.
act_dep_time,2235,7:27 a.m.,7:27?? a.??m.
act_dep_time,2237,7:27 a.m.,7:27 @@a??.m.
act_dep_time,2239,7:27 a.m.,empty
act_dep_time,2244,1:31 p.m.,1:3$1 #p.m.
act_dep_time,2246,1:31 p.m.,1:31 p@@.m.
act_dep_time,2254,1:31 p.m.,1:31 p.@@m.
act_dep_time,2259,1:31 p.m.,empty
act_dep_time,2264,1:31 p.m.,1:31$ p.%m.
act_dep_time,2267,1:31 p.m.,1:3??1 p.m.
act_dep_time,2268,1:31 p.m.,1:31 p.m.#
act_dep_time,2270,11:08 p.m.,11:08 $p.m.
act_dep_time,2271,11:08 p.m.,1%1:08 #p.m.
act_dep_time,2275,11:08 p.m.,11:08 p.m.$
act_dep_time,2276,11:08 p.m.,11:08 p.m.$
act_dep_time,2281,11:08 p.m.,empty
act_dep_time,2282,11:08 p.m.,empty
act_dep_time,2286,11:08 p.m.,11:08 #p.m.
act_dep_time,2287,11:08 p.m.,11:08 p.#m.
act_dep_time,2288,11:08 p.m.,@@11:08 %p.m.
act_dep_time,2291,11:08 p.m.,empty
act_dep_time,2294,2:10 p.m.,2%:10 p.m.
act_dep_time,2300,2:10 p.m.,empty
act_dep_time,2306,2:10 p.m.,2:%10 p.m.
act_dep_time,2310,2:10 p.m.,2:1$0 p.m.
act_dep_time,2311,2:10 p.m.,2:10 p.m%.
act_dep_time,2312,2:10 p.m.,2:10 p$.m.
act_dep_time,2313,2:10 p.m.,2:%10# p.m.
act_dep_time,2315,7:49 a.m.,empty
act_dep_time,2320,7:49 a.m.,empty
act_dep_time,2323,7:49 a.m.,empty
act_dep_time,2325,7:49 a.m.,??7:49 a.m.#
act_dep_time,2330,7:49 a.m.,7:??4??9 a.m.
act_dep_time,2335,7:49 a.m.,empty
act_dep_time,2344,1:32 p.m.,1:32%@@ p.m.
act_dep_time,2348,1:32 p.m.,@@1:32 p@@.m.
act_dep_time,2349,1:32 p.m.,1@@:32 p.m#.
act_dep_time,2353,1:32 p.m.,empty
act_dep_time,2358,4:15 p.m.,empty
act_dep_time,2360,4:15 p.m.,4:15 %p.m.
act_dep_time,2362,4:15 p.m.,empty
act_dep_time,2367,4:15 p.m.,??4:15 p.m.
act_dep_time,2374,4:15 p.m.,empty
sched_arr_time,1,8:05 p.m.,8:0@@5 p#.m.
sched_arr_time,4,8:05 p.m.,empty
sched_arr_time,7,8:05 p.m.,8:05 p.m??.
sched_arr_time,13,8:05 p.m.,??8:05 p.m.
sched_arr_time,16,8:05 p.m.,8:05@@ ??p.m.
sched_arr_time,22,10:34 a.m.,empty
sched_arr_time,25,10:34 a.m.,10:3@@4 a.m.
sched_arr_time,34,10:34 a.m.,10:34 a.m@@.
sched_arr_time,35,10:34 a.m.,10:34@@ a.m.
sched_arr_time,57,9:45 p.m.,9:??45 p.m.
sched_arr_time,78,2:35 p.m.,2:3%5 p.m.
sched_arr_time,83,2:35 p.m.,empty
sched_arr_time,85,2:35 p.m.,empty
sched_arr_time,86,2:35 p.m.,2:35 p.m.@@
sched_arr_time,88,2:35 p.m.,2:35% %p.m.
sched_arr_time,104,10:35 a.m.,10@@:35 a.m.@@
sched_arr_time,105,10:35 a.m.,10:35 a%.m#.
sched_arr_time,106,10:35 a.m.,1#0:35 a.m.
sched_arr_time,107,10:35 a.m.,10:3@@5 a.m.
sched_arr_time,115,10:35 a.m.,empty
sched_arr_time,119,10:35 a.m.,empty
sched_arr_time,120,10:35 a.m.,empty
sched_arr_time,122,10:35 a.m.,empty
sched_arr_time,126,5:50 a.m.,%5:50 a.m.
sched_arr_time,127,5:50 a.m.,5:50# a.m.@@
sched_arr_time,129,5:50 a.m.,5$:50 a.m.
sched_arr_time,132,5:50 a.m.,empty
sched_arr_time,141,5:50 a.m.,empty
sched_arr_time,154,5:25 p.m.,5:25% p.%m.
sched_arr_time,159,5:25 p.m.,5$@@:25 p.m.
sched_arr_time,167,5:25 p.m.,empty
sched_arr_time,168,5:25 p.m.,empty
sched_arr_time,169,5:25 p.m.,empty
sched_arr_time,177,7:25 p.m.,7??:25 p.m.#
sched_arr_time,179,7:25 p.m.,empty
sched_arr_time,182,7:25 p.m.,empty
sched_arr_time,185,7:25 p.m.,7:2%5 p.m.
sched_arr_time,193,7:25 p.m.,7:25 p.m.#
sched_arr_time,194,7:25 p.m.,7??:@@25 p.m.
sched_arr_time,199,12:10 p.m.,empty
sched_arr_time,201,12:10 p.m.,empty
sched_arr_time,210,12:10 p.m.,12:10 p.m??.
sched_arr_time,215,12:10 p.m.,empty
sched_arr_time,216,12:10 p.m.,empty
sched_arr_time,219,12:10 p.m.,empty
sched_arr_time,221,12:10 p.m.,empty
sched_arr_time,232,10:30 p.m.,empty
sched_arr_time,235,10:30 p.m.,$1??0:30 p.m.
sched_arr_time,237,10:30 p.m.,empty
sched_arr_time,240,10:30 p.m.,1$0:30 p.@@m.
sched_arr_time,241,10:30 p.m.,10:30@@ %p.m.
sched_arr_time,242,10:30 p.m.,10:30 p.m??.
sched_arr_time,243,10:30 p.m.,empty
sched_arr_time,247,10:30 p.m.,10:30 #p.m.
sched_arr_time,250,10:30 p.m.,10:3??%0 p.m.
sched_arr_time,251,10:30 p.m.,10:??3@@0 p.m.
sched_arr_time,254,2:20 p.m.,2:20 $p.m.%
sched_arr_time,260,2:20 p.m.,2:??20 p.m.
sched_arr_time,263,2:20 p.m.,2:20 p.m.@@%
sched_arr_time,271,5:55 p.m.,$5:55 $p.m.
sched_arr_time,272,5:55 p.m.,5:55$ p.m.
sched_arr_time,273,5:55 p.m.,5:#55 p.m.
sched_arr_time,278,5:55 p.m.,5:55 $$p.m.
sched_arr_time,280,5:55 p.m.,5:55$ p??.m.
sched_arr_time,281,5:55 p.m.,5??:$55 p.m.
sched_arr_time,287,5:55 p.m.,5:55 ??p.m.
sched_arr_time,291,5:55 p.m.,empty
sched_arr_time,298,6:55 a.m.,??6:55 a.m.@@
sched_arr_time,301,6:55 a.m.,6:55 %a.m.
sched_arr_time,304,6:55 a.m.,6:5%#5 a.m.
sched_arr_time,305,6:55 a.m.,6:5@@5 #a.m.
sched_arr_time,307,6:55 a.m.,6:55 a#.m.
sched_arr_time,312,6:55 a.m.,6:55 a.m.@@
sched_arr_time,325,2:45 p.m.,2:4@@5 p.m.
sched_arr_time,326,2:45 p.m.,2:45 %@@p.m.
sched_arr_time,327,2:45 p.m.,empty
sched_arr_time,332,2:45 p.m.,empty
sched_arr_time,333,2:45 p.m.,2:45 p.m%.
sched_arr_time,334,2:45 p.m.,empty
sched_arr_time,335,2:45 p.m.,empty
sched_arr_time,337,2:45 p.m.,2:45 p.%m.
sched_arr_time,338,2:45 p.m.,??2:45 p.m.#
sched_arr_time,339,2:45 p.m.,2:$45 @@p.m.
sched_arr_time,340,2:45 p.m.,empty
sched_arr_time,343,2:45 p.m.,2#:45# p.m.
sched_arr_time,346,2:45 p.m.,2:45 p#.m.
sched_arr_time,349,3:30 p.m.,3:3??0 p.m.
sched_arr_time,356,3:30 p.m.,empty
sched_arr_time,365,3:30 p.m.,3:30 %p.m.
sched_arr_time,366,3:30 p.m.,3:@@30 p.m.
sched_arr_time,367,3:30 p.m.,#3:30 p@@.m.
sched_arr_time,369,3:30 p.m.,3:30 p?@@?.m.
sched_arr_time,371,3:30 p.m.,3:30 p.#m.
sched_arr_time,375,11:35 a.m.,#11:35 a.m.
sched_arr_time,379,11:35 a.m.,empty
sched_arr_time,381,11:35 a.m.,11:35 a.m#@@.
sched_arr_time,386,11:35 a.m.,11:35?? a.m.
sched_arr_time,391,11:35 a.m.,11:35 $a.m.
sched_arr_time,395,11:35 a.m.,11:35 a.m.@@
sched_arr_time,399,11:50 p.m.,%11:50 p.m.
sched_arr_time,405,11:50 p.m.,11:5??0 p.m.
sched_arr_time,407,11:50 p.m.,11:50$ p.m%.
sched_arr_time,408,11:50 p.m.,%11@@:50 p.m.
sched_arr_time,410,11:50 p.m.,11:50@@ p??.m.
sched_arr_time,414,11:50 p.m.,empty
sched_arr_time,417,11:50 p.m.,11%:50 p.m.
sched_arr_time,418,11:50 p.m.,#$11:50 p.m.
sched_arr_time,426,11:10 a.m.,empty
sched_arr_time,433,11:10 a.m.,11:#10 a.m.
sched_arr_time,438,11:10 a.m.,11:??10 a.m.
sched_arr_time,441,11:10 a.m.,empty
sched_arr_time,443,11:10 a.m.,11:1@@0 a.$m.
sched_arr_time,446,11:10 a.m.,empty
sched_arr_time,447,11:10 a.m.,empty
sched_arr_time,450,11:10 a.m.,empty
sched_arr_time,457,2:25 p.m.,2:2@@5 p.m.??
sched_arr_time,459,2:25 p.m.,2@@:2$5 p.m.
sched_arr_time,466,2:25 p.m.,2?$?:25 p.m.
sched_arr_time,472,2:25 p.m.,#2:25 p.m#.
sched_arr_time,479,11:05 a.m.,11:05# a.m.
sched_arr_time,482,11:05 a.m.,11:05 a.m%.
sched_arr_time,486,11:05 a.m.,11:05 a.m.%
sched_arr_time,489,11:05 a.m.,1@@??1:05 a.m.
sched_arr_time,493,11:05 a.m.,11:05 a??.#m.
sched_arr_time,494,11:05 a.m.,11:05 a.m%.
sched_arr_time,497,11:05 a.m.,empty
sched_arr_time,505,3:15 p.m.,3#:15 p.m.
sched_arr_time,510,3:15 p.m.,3:$15 p.m.
sched_arr_time,511,3:15 p.m.,empty
sched_arr_time,519,3:15 p.m.,??3:15 p.m.$
sched_arr_time,524,3:15 p.m.,3:15?? @@p.m.
sched_arr_time,525,3:15 p.m.,%3:15 p.%m.
sched_arr_time,526,3:15 p.m.,3:15 p%.m.@@
sched_arr_time,528,9:20 p.m.,9:20 p.??m.
sched_arr_time,532,9:20 p.m.,empty
sched_arr_time,533,9:20 p.m.,9:20 p.#m.
sched_arr_time,540,9:20 p.m.,9:20# p.m%.
sched_arr_time,543,9:20 p.m.,empty
sched_arr_time,547,9:20 p.m.,9:20# p.m.
sched_arr_time,550,9:20 p.m.,empty
sched_arr_time,553,9:55 a.m.,9#:55 a.m.
sched_arr_time,558,9:55 a.m.,%@@9:55 a.m.
sched_arr_time,562,9:55 a.m.,9??:55 a.$m.
sched_arr_time,570,9:55 a.m.,empty
sched_arr_time,574,9:55 a.m.,%9:@@55 a.m.
sched_arr_time,577,9:55 a.m.,9:55# a.@@m.
sched_arr_time,579,2:45 p.m.,empty
sched_arr_time,580,2:45 p.m.,empty
sched_arr_time,581,2:45 p.m.,2:45 @@p$.m.
sched_arr_time,591,2:45 p.m.,empty
sched_arr_time,597,2:45 p.m.,2:45 ??p.m.
sched_arr_time,599,2:45 p.m.,empty
sched_arr_time,602,2:45 p.m.,2:$45 p??.m.
sched_arr_time,605,6:40 p.m.,6:40 p.%m.
sched_arr_time,607,6:40 p.m.,empty
sched_arr_time,608,6:40 p.m.,6:@@40 p.m.
sched_arr_time,610,6:40 p.m.,empty
sched_arr_time,611,6:40 p.m.,6:40 p.??m.
sched_arr_time,612,6:40 p.m.,6:40 p$.m.
sched_arr_time,614,6:40 p.m.,6:40 p$.m.
sched_arr_time,636,4:05 p.m.,4:05?? p.%m.
sched_arr_time,637,4:05 p.m.,empty
sched_arr_time,640,4:05 p.m.,empty
sched_arr_time,650,4:05 p.m.,4:05 p.%m.
sched_arr_time,660,6:40 a.m.,6:40# a.m.
sched_arr_time,670,6:40 a.m.,empty
sched_arr_time,672,6:40 a.m.,6:40 a.m.$
sched_arr_time,673,6:40 a.m.,%6:40 a.m.
sched_arr_time,676,6:40 a.m.,6:@@40% a.m.
sched_arr_time,684,6:40 a.m.,empty
sched_arr_time,687,12:15 a.m.,@@@@12:15 a.m.
sched_arr_time,688,12:15 a.m.,12:15$ a.m$.
sched_arr_time,691,12:15 a.m.,1$2:15 a.#m.
sched_arr_time,692,12:15 a.m.,@@12:15 a.m.
sched_arr_time,693,12:15 a.m.,empty
sched_arr_time,705,12:15 a.m.,12:15 %a%.m.
sched_arr_time,708,12:15 a.m.,empty
sched_arr_time,710,12:15 a.m.,12:1#5 a.m.
sched_arr_time,717,7:30 a.m.,7:30 a.m@@.
sched_arr_time,720,7:30 a.m.,7??:30 a.m.
sched_arr_time,722,7:30 a.m.,empty
sched_arr_time,724,7:30 a.m.,empty
sched_arr_time,728,7:30 a.m.,7:30 a.%m.
sched_arr_time,731,7:30 a.m.,empty
sched_arr_time,741,9:40 a.m.,9:40# a.m.@@
sched_arr_time,742,9:40 a.m.,empty
sched_arr_time,743,9:40 a.m.,empty
sched_arr_time,744,9:40 a.m.,empty
sched_arr_time,745,9:40 a.m.,empty
sched_arr_time,747,9:40 a.m.,empty
sched_arr_time,751,9:40 a.m.,empty
sched_arr_time,754,9:40 a.m.,9:$40 a@@.m.
sched_arr_time,755,9:40 a.m.,9:40% a.m.
sched_arr_time,756,9:40 a.m.,empty
sched_arr_time,757,9:40 a.m.,9@@:40 a.m.
sched_arr_time,762,9:40 a.m.,empty
sched_arr_time,770,8:00 a.m.,empty
sched_arr_time,772,8:00 a.m.,8:00 %a.m.
sched_arr_time,784,8:00 a.m.,empty
sched_arr_time,786,8:00 a.m.,8:00 a$.m.??
sched_arr_time,790,8:00 a.m.,8:00 a.m.$
sched_arr_time,794,2:59 p.m.,empty
sched_arr_time,795,2:59 p.m.,2:%59 p.m.
sched_arr_time,796,2:59 p.m.,empty
sched_arr_time,797,2:59 p.m.,2%:59 p.m.
sched_arr_time,800,2:59 p.m.,2:5@@9 p%.m.
sched_arr_time,803,2:59 p.m.,empty
sched_arr_time,805,2:59 p.m.,2:59 p.??m.
sched_arr_time,808,2:59 p.m.,2@@:59 p@@.m.
sched_arr_time,810,2:59 p.m.,empty
sched_arr_time,812,2:59 p.m.,empty
sched_arr_time,815,2:59 p.m.,2:59 p$.m.
sched_arr_time,819,7:45 a.m.,empty
sched_arr_time,820,7:45 a.m.,empty
sched_arr_time,823,7:45 a.m.,empty
sched_arr_time,828,7:45 a.m.,empty
sched_arr_time,836,7:45 a.m.,empty
sched_arr_time,837,7:45 a.m.,7??:$45 a.m.
sched_arr_time,845,10:40 a.m.,empty
sched_arr_time,853,10:40 a.m.,empty
sched_arr_time,859,10:40 a.m.,empty
sched_arr_time,865,12:55 p.m.,empty
sched_arr_time,869,12:55 p.m.,12:55 p.m$.
sched_arr_time,872,12:55 p.m.,12:55 p.%m.??
sched_arr_time,876,12:55 p.m.,empty
sched_arr_time,878,12:55 p.m.,empty
sched_arr_time,881,12:55 p.m.,1$2:55$ p.m.
sched_arr_time,888,12:55 p.m.,empty
sched_arr_time,891,2:15 p.m.,2:%15 p??.m.
sched_arr_time,899,2:15 p.m.,2:15 p.m??.
sched_arr_time,900,2:15 p.m.,empty
sched_arr_time,903,2:15 p.m.,empty
sched_arr_time,906,2:15 p.m.,empty
sched_arr_time,917,9:10 p.m.,9:1$0 p.m.
sched_arr_time,927,9:10 p.m.,empty
sched_arr_time,936,9:10 p.m.,9:10 p.?$?m.
sched_arr_time,938,9:10 p.m.,empty
sched_arr_time,942,9:10 p.m.,empty
sched_arr_time,943,9:10 p.m.,9:10 p.m??.
sched_arr_time,945,11:50 a.m.,11:50 #a.#m.
sched_arr_time,947,11:50 a.m.,1#1:50 a.@@m.
sched_arr_time,949,11:50 a.m.,empty
sched_arr_time,956,11:50 a.m.,11:50 a@#@.m.
sched_arr_time,958,11:50 a.m.,11:50 a.$m#.
sched_arr_time,964,11:50 a.m.,11:50 #a.m.
sched_arr_time,967,11:50 a.m.,11:50 a.m@@.
sched_arr_time,973,4:00 p.m.,4:??00 p.m.
sched_arr_time,975,4:00 p.m.,empty
sched_arr_time,976,4:00 p.m.,empty
sched_arr_time,983,4:00 p.m.,empty
sched_arr_time,990,4:00 p.m.,empty
sched_arr_time,993,4:00 p.m.,empty
sched_arr_time,994,2:00 p.m.,empty
sched_arr_time,996,2:00 p.m.,2:%00 p.m.
sched_arr_time,998,2:00 p.m.,empty
sched_arr_time,999,2:00 p.m.,empty
sched_arr_time,1001,2:00 p.m.,2:0@@0 %p.m.
sched_arr_time,1005,2:00 p.m.,empty
sched_arr_time,1009,2:00 p.m.,2@@:00 p.m.
sched_arr_time,1018,3:50 p.m.,empty
sched_arr_time,1020,3:50 p.m.,3:50 p??#.m.
sched_arr_time,1025,3:50 p.m.,3:50 p.m$.
sched_arr_time,1039,3:50 p.m.,empty
sched_arr_time,1041,3:50 p.m.,empty
sched_arr_time,1043,9:20 a.m.,empty
sched_arr_time,1044,9:20 a.m.,9:%20 a.m.
sched_arr_time,1051,9:20 a.m.,9:2#0 a.%m.
sched_arr_time,1052,9:20 a.m.,9:2@@0 a.m.
sched_arr_time,1059,9:20 a.m.,empty
sched_arr_time,1064,9:20 a.m.,empty
sched_arr_time,1068,9:20 a.m.,empty
sched_arr_time,1070,7:55 p.m.,empty
sched_arr_time,1088,7:55 p.m.,empty
sched_arr_time,1100,9:25 a.m.,empty
sched_arr_time,1103,9:25 a.m.,empty
sched_arr_time,1106,9:25 a.m.,9:25 a#.m.
sched_arr_time,1120,10:45 a.m.,10:45% a.#m.
sched_arr_time,1130,10:45 a.m.,??@@10:45 a.m.
sched_arr_time,1142,10:45 a.m.,empty
sched_arr_time,1143,10:45 a.m.,empty
sched_arr_time,1144,10:45 a.m.,10:45 a.m.#??
sched_arr_time,1148,12:35 p.m.,12:35 p.%m.$
sched_arr_time,1163,12:35 p.m.,12:35 #p.m.%
sched_arr_time,1167,12:35 p.m.,12$:#35 p.m.
sched_arr_time,1174,9:35 a.m.,9:35 a##.m.
sched_arr_time,1177,9:35 a.m.,9:35 a.$m@@.
sched_arr_time,1189,9:35 a.m.,empty
sched_arr_time,1190,9:35 a.m.,empty
sched_arr_time,1205,3:50 p.m.,3:50$ @@p.m.
sched_arr_time,1206,3:50 p.m.,empty
sched_arr_time,1208,3:50 p.m.,3$:50 ??p.m.
sched_arr_time,1209,3:50 p.m.,empty
sched_arr_time,1210,3:50 p.m.,empty
sched_arr_time,1214,3:50 p.m.,empty
sched_arr_time,1217,3:50 p.m.,@@3:50$ p.m.
sched_arr_time,1231,2:35 p.m.,2:35% p.m.
sched_arr_time,1233,2:35 p.m.,empty
sched_arr_time,1239,2:35 p.m.,empty
sched_arr_time,1240,2:35 p.m.,2:35@@ p.m.
sched_arr_time,1241,2:35 p.m.,2:3@@5 p.m.
sched_arr_time,1243,2:35 p.m.,@@2%:35 p.m.
sched_arr_time,1245,2:35 p.m.,2:$35 p.m.
sched_arr_time,1250,6:30 p.m.,6:30 $p.m??.
sched_arr_time,1251,6:30 p.m.,6:30 p.#m.
sched_arr_time,1257,6:30 p.m.,6:30 p.m.??
sched_arr_time,1258,6:30 p.m.,6$:3%0 p.m.
sched_arr_time,1259,6:30 p.m.,empty
sched_arr_time,1264,6:30 p.m.,empty
sched_arr_time,1266,6:30 p.m.,empty
sched_arr_time,1270,6:30 p.m.,empty
sched_arr_time,1272,6:30 p.m.,empty
sched_arr_time,1273,6:30 p.m.,empty
sched_arr_time,1275,6:30 p.m.,empty
sched_arr_time,1276,1:17 p.m.,empty
sched_arr_time,1280,1:17 p.m.,empty
sched_arr_time,1282,1:17 p.m.,1:@@17 p.m.
sched_arr_time,1284,1:17 p.m.,1:17 p.??m.
sched_arr_time,1285,1:17 p.m.,##1:17 p.m.
sched_arr_time,1286,1:17 p.m.,1#:17 p.m.$
sched_arr_time,1287,1:17 p.m.,1:$17 p.m.
sched_arr_time,1289,1:17 p.m.,1:17 %p.m.
sched_arr_time,1291,1:17 p.m.,1:1%7 p.m.
sched_arr_time,1294,1:17 p.m.,empty
sched_arr_time,1301,10:54 a.m.,empty
sched_arr_time,1307,10:54 a.m.,empty
sched_arr_time,1310,10:54 a.m.,empty
sched_arr_time,1318,1:16 p.m.,empty
sched_arr_time,1322,1:16 p.m.,1:$16 p.m.
sched_arr_time,1329,1:16 p.m.,empty
sched_arr_time,1334,1:16 p.m.,1:1#6 p.m.
sched_arr_time,1336,1:16 p.m.,#%1:16 p.m.
sched_arr_time,1339,12:18 p.m.,empty
sched_arr_time,1340,12:18 p.m.,%12:18 p.m.
sched_arr_time,1343,12:18 p.m.,empty
sched_arr_time,1344,12:18 p.m.,empty
sched_arr_time,1352,12:18 p.m.,12:18 @@p.m.
sched_arr_time,1361,12:18 p.m.,12:$18 p.m.
sched_arr_time,1363,12:18 p.m.,empty
sched_arr_time,1380,4:48 p.m.,4:48 p#.m.
sched_arr_time,1386,4:48 p.m.,4#:48 p.#m.
sched_arr_time,1389,11:35 a.m.,empty
sched_arr_time,1395,11:35 a.m.,empty
sched_arr_time,1403,11:35 a.m.,1??1:35 a.m.
sched_arr_time,1404,11:35 a.m.,11:35 a.$m.@@
sched_arr_time,1407,11:35 a.m.,11:35 %a.m.
sched_arr_time,1410,10:15 p.m.,empty
sched_arr_time,1414,10:15 p.m.,10:15 #p#.m.
sched_arr_time,1417,10:15 p.m.,1??0:15 p.%m.
sched_arr_time,1418,10:15 p.m.,10@@:15 p.m.
sched_arr_time,1422,10:15 p.m.,10:1??5 #p.m.
sched_arr_time,1424,10:15 p.m.,10:15% p.m.
sched_arr_time,1425,10:15 p.m.,@@10:15@@ p.m.
sched_arr_time,1427,10:15 p.m.,10:1%5 p.m.??
sched_arr_time,1430,10:15 p.m.,empty
sched_arr_time,1433,6:44 p.m.,6#:4#4 p.m.
sched_arr_time,1435,6:44 p.m.,6:44 p.#%m.
sched_arr_time,1443,6:44 p.m.,empty
sched_arr_time,1449,6:44 p.m.,6:44 p.m@@.
sched_arr_time,1451,6:44 p.m.,empty
sched_arr_time,1457,5:35 a.m.,empty
sched_arr_time,1459,5:35 a.m.,5:35@@ a.m.
sched_arr_time,1465,5:35 a.m.,??5:35 a.m.
sched_arr_time,1466,5:35 a.m.,5:35 a.@@m.$
sched_arr_time,1467,5:35 a.m.,empty
sched_arr_time,1470,5:35 a.m.,empty
sched_arr_time,1474,12:21 a.m.,empty
sched_arr_time,1484,12:21 a.m.,12:21 a.m.$
sched_arr_time,1489,12:21 a.m.,12:21 a#.m.
sched_arr_time,1506,7:05 p.m.,empty
sched_arr_time,1510,7:05 p.m.,empty
sched_arr_time,1511,7:05 p.m.,7:$05 p.m.
sched_arr_time,1512,7:05 p.m.,@@7:05 p.m.
sched_arr_time,1526,8:56 p.m.,8:$@@56 p.m.
sched_arr_time,1528,8:56 p.m.,empty
sched_arr_time,1532,8:56 p.m.,8:56% p.m.
sched_arr_time,1533,8:56 p.m.,8:56 p.m@@$.
sched_arr_time,1534,8:56 p.m.,empty
sched_arr_time,1541,8:56 p.m.,8#:56 p.m.
sched_arr_time,1543,6:40 p.m.,6:4@@0 p.m.
sched_arr_time,1544,6:40 p.m.,6:@@@@40 p.m.
sched_arr_time,1546,6:40 p.m.,empty
sched_arr_time,1552,6:40 p.m.,6:40 p.#m.#
sched_arr_time,1565,4:49 p.m.,empty
sched_arr_time,1573,4:49 p.m.,4:#49 p.m.
sched_arr_time,1581,4:49 p.m.,4:49 @#@p.m.
sched_arr_time,1582,4:49 p.m.,4:49 p.$m$.
sched_arr_time,1585,4:49 p.m.,4:4#9 p.m.
sched_arr_time,1586,9:21 a.m.,9@@:21 a.%m.
sched_arr_time,1589,9:21 a.m.,9:21 a.%m.
sched_arr_time,1592,9:21 a.m.,@@9:21 a.%m.
sched_arr_time,1598,9:21 a.m.,empty
sched_arr_time,1603,9:21 a.m.,9:??21 a.m.??
sched_arr_time,1604,9:21 a.m.,9:2$1 a.m.
sched_arr_time,1607,2:50 p.m.,@@2:50 p.m#.
sched_arr_time,1609,2:50 p.m.,??2:50 p.m@@.
sched_arr_time,1615,2:50 p.m.,empty
sched_arr_time,1616,2:50 p.m.,2#:5??0 p.m.
sched_arr_time,1624,2:50 p.m.,2:50 p.%m.
sched_arr_time,1627,7:03 p.m.,empty
sched_arr_time,1630,7:03 p.m.,empty
sched_arr_time,1632,7:03 p.m.,7:03@@ p.m.
sched_arr_time,1633,7:03 p.m.,empty
sched_arr_time,1636,7:03 p.m.,empty
sched_arr_time,1637,7:03 p.m.,empty
sched_arr_time,1638,7:03 p.m.,%7:03 $p.m.
sched_arr_time,1640,7:03 p.m.,empty
sched_arr_time,1644,7:03 p.m.,7:@@03 %p.m.
sched_arr_time,1649,8:22 p.m.,8:22 $p.m.
sched_arr_time,1651,8:22 p.m.,empty
sched_arr_time,1658,8:22 p.m.,empty
sched_arr_time,1669,10:20 a.m.,empty
sched_arr_time,1671,10:20 a.m.,10:20@@ a.m.
sched_arr_time,1677,10:20 a.m.,@@10:20% a.m.
sched_arr_time,1681,10:20 a.m.,empty
sched_arr_time,1684,10:20 a.m.,10:20 a.m%.
sched_arr_time,1692,11:45 a.m.,empty
sched_arr_time,1693,11:45 a.m.,11:45 ??a.m.
sched_arr_time,1704,11:45 a.m.,empty
sched_arr_time,1707,5:00 p.m.,5:00@@ p.m.
sched_arr_time,1715,5:00 p.m.,5:00 p%%.m.
sched_arr_time,1717,5:00 p.m.,5#:00 p.m.
sched_arr_time,1722,5:00 p.m.,5:00 p.m??.
sched_arr_time,1725,5:00 p.m.,5:00 p.m.#
sched_arr_time,1728,12:29 a.m.,12:29 a.m$@@.
sched_arr_time,1732,12:29 a.m.,1@@2:29?? a.m.
sched_arr_time,1737,12:29 a.m.,empty
sched_arr_time,1738,12:29 a.m.,12??:29 a.m.
sched_arr_time,1741,12:29 a.m.,1#2:29 a.m.#
sched_arr_time,1745,12:29 a.m.,12:%29 %a.m.
sched_arr_time,1754,5:15 p.m.,5:15# p.#m.
sched_arr_time,1755,5:15 p.m.,empty
sched_arr_time,1762,5:15 p.m.,empty
sched_arr_time,1768,5:15 p.m.,5:1#5 p.m.
sched_arr_time,1769,5:15 p.m.,5:15 p?#?.m.
sched_arr_time,1770,5:15 p.m.,empty
sched_arr_time,1772,5:15 p.m.,empty
sched_arr_time,1774,10:31 a.m.,empty
sched_arr_time,1776,10:31 a.m.,@@10:31 @@a.m.
sched_arr_time,1781,10:31 a.m.,10:31 a??.m.
sched_arr_time,1783,10:31 a.m.,10:31 a.m.@@
sched_arr_time,1785,10:31 a.m.,??10:31 a.m??.
sched_arr_time,1788,10:31 a.m.,empty
sched_arr_time,1789,10:31 a.m.,empty
sched_arr_time,1790,10:31 a.m.,10:31 a@@.m.
sched_arr_time,1792,10:31 a.m.,10:$31 a.m.%
sched_arr_time,1796,6:15 p.m.,6:#15 #p.m.
sched_arr_time,1799,6:15 p.m.,empty
sched_arr_time,1800,6:15 p.m.,empty
sched_arr_time,1802,6:15 p.m.,6:15 p@@.m.
sched_arr_time,1808,6:15 p.m.,6:??15$ p.m.
sched_arr_time,1812,6:15 p.m.,empty
sched_arr_time,1813,6:15 p.m.,6#:1??5 p.m.
sched_arr_time,1814,6:15 p.m.,empty
sched_arr_time,1815,6:15 p.m.,6:15 p$.m.??
sched_arr_time,1817,6:15 p.m.,6:??15 p.m.$
sched_arr_time,1820,6:15 p.m.,$6:15 @@p.m.
sched_arr_time,1825,1:40 p.m.,empty
sched_arr_time,1826,1:40 p.m.,1:40 ??p.m.
sched_arr_time,1829,1:40 p.m.,1:40 $p.m.
sched_arr_time,1832,1:40 p.m.,1:40 p.m??.
sched_arr_time,1837,1:40 p.m.,empty
sched_arr_time,1842,4:53 p.m.,4:??53% p.m.
sched_arr_time,1844,4:53 p.m.,#4:53# p.m.
sched_arr_time,1849,4:53 p.m.,4:53 p.m?#?.
sched_arr_time,1850,4:53 p.m.,#4:53 p#.m.
sched_arr_time,1854,4:53 p.m.,empty
sched_arr_time,1859,4:53 p.m.,4:5??3 p.m.#
sched_arr_time,1863,6:46 p.m.,6:46 p.m@@.#
sched_arr_time,1868,6:46 p.m.,6:46 ??p#.m.
sched_arr_time,1869,6:46 p.m.,6:46 p.m#.
sched_arr_time,1870,6:46 p.m.,6$:46 @@p.m.
sched_arr_time,1876,6:46 p.m.,6:@@46 p.m.
sched_arr_time,1881,6:46 p.m.,6:46 p.m.$
sched_arr_time,1883,6:46 p.m.,empty
sched_arr_time,1894,5:05 p.m.,empty
sched_arr_time,1907,6:23 p.m.,6:23@@ p$.m.
sched_arr_time,1919,6:23 p.m.,??6:23 p#.m.
sched_arr_time,1920,6:23 p.m.,empty
sched_arr_time,1924,6:23 p.m.,%6:23 p@@.m.
sched_arr_time,1936,1:45 p.m.,??1:45 ??p.m.
sched_arr_time,1951,1:45 p.m.,1:4??5 p.m.
sched_arr_time,1953,1:45 p.m.,empty
sched_arr_time,1954,4:57 p.m.,4:5??7 p.m.
sched_arr_time,1969,4:57 p.m.,empty
sched_arr_time,1971,4:57 p.m.,empty
sched_arr_time,1981,6:17 p.m.,empty
sched_arr_time,1982,6:17 p.m.,empty
sched_arr_time,1983,6:17 p.m.,empty
sched_arr_time,1989,6:17 p.m.,empty
sched_arr_time,1992,6:17 p.m.,empty
sched_arr_time,2006,9:24 a.m.,empty
sched_arr_time,2012,9:24 a.m.,9:2$4 %a.m.
sched_arr_time,2017,9:24 a.m.,9:2@@4 a.m.
sched_arr_time,2019,9:24 a.m.,empty
sched_arr_time,2021,9:24 a.m.,9:2#4 a.m.
sched_arr_time,2022,9:24 a.m.,9:24% a.m.
sched_arr_time,2027,10:06 a.m.,empty
sched_arr_time,2031,10:06 a.m.,1??0:%06 a.m.
sched_arr_time,2043,10:06 a.m.,empty
sched_arr_time,2044,10:06 a.m.,10:06 a#.m.
sched_arr_time,2045,11:53 a.m.,11:5%3 a.m.
sched_arr_time,2047,11:53 a.m.,empty
sched_arr_time,2048,11:53 a.m.,empty
sched_arr_time,2050,11:53 a.m.,11:53# a.m.
sched_arr_time,2053,11:53 a.m.,$11:53 a.m.
sched_arr_time,2061,11:53 a.m.,11:53 a.m#.
sched_arr_time,2062,11:53 a.m.,11:53 a%.m.
sched_arr_time,2065,4:17 p.m.,empty
sched_arr_time,2066,4:17 p.m.,4:17 p.#m.
sched_arr_time,2071,4:17 p.m.,empty
sched_arr_time,2073,4:17 p.m.,empty
sched_arr_time,2074,4:17 p.m.,empty
sched_arr_time,2077,4:17 p.m.,empty
sched_arr_time,2079,4:17 p.m.,empty
sched_arr_time,2088,3:19 p.m.,empty
sched_arr_time,2089,3:19 p.m.,3:19 ??p.??m.
sched_arr_time,2095,3:19 p.m.,empty
sched_arr_time,2097,3:19 p.m.,3:19 p.$@@m.
sched_arr_time,2109,3:19 p.m.,3:19 p.m??.
sched_arr_time,2112,9:54 a.m.,empty
sched_arr_time,2114,9:54 a.m.,9:54% a.m#.
sched_arr_time,2116,9:54 a.m.,9:5#4 a.@@m.
sched_arr_time,2120,9:54 a.m.,$9:54 a.m.
sched_arr_time,2129,9:54 a.m.,9:$%54 a.m.
sched_arr_time,2130,9:54 a.m.,$9:54 a.m.
sched_arr_time,2131,9:54 a.m.,9:#54 a.m.
sched_arr_time,2132,9:54 a.m.,9:54 ??a.m.
sched_arr_time,2133,9:54 a.m.,9:%54 a.m.
sched_arr_time,2136,9:54 a.m.,9#:54 a.m.
sched_arr_time,2138,11:55 a.m.,11:55 a.m.%
sched_arr_time,2142,11:55 a.m.,11:$$55 a.m.
sched_arr_time,2145,11:55 a.m.,11:55 a.%m.
sched_arr_time,2149,11:55 a.m.,empty
sched_arr_time,2150,11:55 a.m.,empty
sched_arr_time,2151,11:55 a.m.,11:55 a.$m.
sched_arr_time,2155,11:55 a.m.,empty
sched_arr_time,2156,11:55 a.m.,empty
sched_arr_time,2160,7:23 a.m.,empty
sched_arr_time,2161,7:23 a.m.,empty
sched_arr_time,2163,7:23 a.m.,empty
sched_arr_time,2164,7:23 a.m.,7@@:23 a.m??.
sched_arr_time,2165,7:23 a.m.,7:23 a.m@@.
sched_arr_time,2170,7:23 a.m.,empty
sched_arr_time,2171,7:23 a.m.,7:2@@3 $a.m.
sched_arr_time,2173,7:23 a.m.,empty
sched_arr_time,2177,7:23 a.m.,empty
sched_arr_time,2180,7:23 a.m.,7:$23 @@a.m.
sched_arr_time,2183,11:19 a.m.,11$:19 a.m.
sched_arr_time,2186,11:19 a.m.,11:??19 a.m.??
sched_arr_time,2187,11:19 a.m.,empty
sched_arr_time,2189,11:19 a.m.,1##1:19 a.m.
sched_arr_time,2192,11:19 a.m.,11:19# a.m.
sched_arr_time,2197,11:19 a.m.,11:@@19 a.m.
sched_arr_time,2202,7:03 p.m.,empty
sched_arr_time,2203,7:03 p.m.,7:03 p.m#.
sched_arr_time,2206,7:03 p.m.,7:#03 p.m.
sched_arr_time,2207,7:03 p.m.,empty
sched_arr_time,2209,7:03 p.m.,7:@@03 p.%m.
sched_arr_time,2210,7:03 p.m.,empty
sched_arr_time,2215,7:03 p.m.,empty
sched_arr_time,2220,9:43 a.m.,empty
sched_arr_time,2221,9:43 a.m.,9:43?? a.m.
sched_arr_time,2226,9:43 a.m.,@$@9:43 a.m.
sched_arr_time,2229,9:43 a.m.,9:4@@3 a.m.
sched_arr_time,2231,9:43 a.m.,9:4$3 a??.m.
sched_arr_time,2232,9:43 a.m.,empty
sched_arr_time,2234,9:43 a.m.,empty
sched_arr_time,2239,9:43 a.m.,empty
sched_arr_time,2240,9:43 a.m.,9:43 a??.m.
sched_arr_time,2242,4:31 p.m.,??4:$31 p.m.
sched_arr_time,2243,4:31 p.m.,4:31 $p.m$.
sched_arr_time,2244,4:31 p.m.,empty
sched_arr_time,2252,4:31 p.m.,empty
sched_arr_time,2259,4:31 p.m.,4:31 p.m.??
sched_arr_time,2260,4:31 p.m.,4:$31 p.m.
sched_arr_time,2267,4:31 p.m.,4:3#1 p#.m.
sched_arr_time,2270,5:11 a.m.,empty
sched_arr_time,2277,5:11 a.m.,5:#11 a.m@@.
sched_arr_time,2281,5:11 a.m.,5:1%1 a.m.
sched_arr_time,2289,5:11 a.m.,5:1@@1 a.m.
sched_arr_time,2294,7:53 p.m.,7:53 p$.m@@.
sched_arr_time,2295,7:53 p.m.,7:??53 p.m.
sched_arr_time,2299,7:53 p.m.,7:$@@53 p.m.
sched_arr_time,2300,7:53 p.m.,$7:53 p.m.
sched_arr_time,2301,7:53 p.m.,empty
sched_arr_time,2307,7:53 p.m.,#7:5??3 p.m.
sched_arr_time,2312,7:53 p.m.,empty
sched_arr_time,2317,1:39 p.m.,1:39 p.??m.
sched_arr_time,2321,1:39 p.m.,1:39 p.m.#
sched_arr_time,2324,1:39 p.m.,empty
sched_arr_time,2328,1:39 p.m.,1:39 p@@.m.
sched_arr_time,2329,1:39 p.m.,1%:39$ p.m.
sched_arr_time,2334,1:39 p.m.,empty
sched_arr_time,2338,8:27 a.m.,empty
sched_arr_time,2339,8:27 a.m.,8:27 a.m??@@.
sched_arr_time,2356,7:35 p.m.,empty
sched_arr_time,2358,7:35 p.m.,7:35 p.$m.
sched_arr_time,2361,7:35 p.m.,empty
sched_arr_time,2363,7:35 p.m.,7:35 #p.m.
sched_arr_time,2367,7:35 p.m.,7??:35 p.m.@@
sched_arr_time,2369,7:35 p.m.,7:35 #p.m.
sched_arr_time,2371,7:35 p.m.,7:35 p.m.??
sched_arr_time,2374,7:35 p.m.,7:35 p.m??.
act_arr_time,1,7:55 p.m.,empty
act_arr_time,9,7:55 p.m.,empty
act_arr_time,11,7:55 p.m.,#7:5#5 p.m.
act_arr_time,12,7:55 p.m.,#7:55 p.m.@@
act_arr_time,14,7:55 p.m.,7$:@@55 p.m.
act_arr_time,15,7:55 p.m.,empty
act_arr_time,27,10:04 a.m.,empty
act_arr_time,33,10:04 a.m.,empty
act_arr_time,34,10:04 a.m.,10:0@@4 a.??m.
act_arr_time,37,10:04 a.m.,1#0:04 a.@@m.
act_arr_time,52,9:53 p.m.,empty
act_arr_time,54,9:53 p.m.,empty
act_arr_time,55,9:53 p.m.,9:53 p.@@m.
act_arr_time,60,9:53 p.m.,empty
act_arr_time,61,9:53 p.m.,9%:53 p.m.
act_arr_time,65,9:53 p.m.,9:53 p.%m.
act_arr_time,67,9:53 p.m.,##9:53 p.m.
act_arr_time,68,9:53 p.m.,empty
act_arr_time,71,9:53 p.m.,empty
act_arr_time,73,9:53 p.m.,empty
act_arr_time,75,3:30 p.m.,empty
act_arr_time,76,3:30 p.m.,empty
act_arr_time,79,3:30 p.m.,3:30 p%.m.
act_arr_time,82,3:30 p.m.,$3:30 p.m.%
act_arr_time,87,3:30 p.m.,3%:30 p.m.@@
act_arr_time,93,3:30 p.m.,empty
act_arr_time,101,10:36 a.m.,empty
act_arr_time,102,10:36 a.m.,10:36 a.%m.
act_arr_time,106,10:36 a.m.,10:36@@ a.m.
act_arr_time,108,10:36 a.m.,empty
act_arr_time,111,10:36 a.m.,1%0:36 #a.m.
act_arr_time,116,10:36 a.m.,empty
act_arr_time,120,10:36 a.m.,10:36 a.m.#
act_arr_time,122,10:36 a.m.,empty
act_arr_time,124,10:36 a.m.,empty
act_arr_time,125,10:36 a.m.,empty
act_arr_time,126,5:50 a.m.,5:50???? a.m.
act_arr_time,129,5:50 a.m.,5:50# a.m.#
act_arr_time,131,5:50 a.m.,empty
act_arr_time,137,5:50 a.m.,empty
act_arr_time,138,5:50 a.m.,5:5%0 a.m.
act_arr_time,140,5:50 a.m.,empty
act_arr_time,144,5:50 a.m.,empty
act_arr_time,150,4:56 p.m.,4:5??6 p.m.
act_arr_time,151,4:56 p.m.,empty
act_arr_time,152,4:56 p.m.,4:5@@6 p.m.
act_arr_time,167,4:56 p.m.,empty
act_arr_time,168,4:56 p.m.,@@4:56 p.m.%
act_arr_time,172,7:25 p.m.,empty
act_arr_time,175,7:25 p.m.,empty
act_arr_time,177,7:25 p.m.,7$:25 @@p.m.
act_arr_time,179,7:25 p.m.,empty
act_arr_time,185,7:25 p.m.,7:25 p.??m.
act_arr_time,192,7:25 p.m.,empty
act_arr_time,195,7:25 p.m.,empty
act_arr_time,198,7:25 p.m.,7$:25 p.m.
act_arr_time,216,11:56 a.m.,1@@1:56 a.m.
act_arr_time,221,11:56 a.m.,empty
act_arr_time,222,11:56 a.m.,11:56 a.m@@.
act_arr_time,227,10:30 p.m.,empty
act_arr_time,231,10:30 p.m.,empty
act_arr_time,233,10:30 p.m.,empty
act_arr_time,236,10:30 p.m.,empty
act_arr_time,237,10:30 p.m.,empty
act_arr_time,242,10:30 p.m.,empty
act_arr_time,246,10:30 p.m.,empty
act_arr_time,250,10:30 p.m.,10:3#0 p.m.
act_arr_time,256,1:40 p.m.,1#:40 p.m.
act_arr_time,258,1:40 p.m.,1%:40 p.m.
act_arr_time,270,1:40 p.m.,empty
act_arr_time,271,5:43 p.m.,5:4%%3 p.m.
act_arr_time,273,5:43 p.m.,empty
act_arr_time,280,5:43 p.m.,5??:??43 p.m.
act_arr_time,285,5:43 p.m.,5@@:43 p.m.
act_arr_time,290,5:43 p.m.,5:#43 p.m.
act_arr_time,301,6:55 a.m.,6$:55 a.m$.
act_arr_time,309,6:55 a.m.,6:#55 a.m.@@
act_arr_time,310,6:55 a.m.,empty
act_arr_time,314,6:55 a.m.,6:55 a.m@@.
act_arr_time,315,6:55 a.m.,6%:55 a.m.
act_arr_time,319,6:55 a.m.,empty
act_arr_time,324,2:46 p.m.,empty
act_arr_time,330,2:46 p.m.,2:46@@ p.m.
act_arr_time,336,2:46 p.m.,2:#46 p.#m.
act_arr_time,337,2:46 p.m.,2#:%46 p.m.
act_arr_time,349,3:14 p.m.,empty
act_arr_time,351,3:14 p.m.,empty
act_arr_time,373,11:06 a.m.,empty
act_arr_time,375,11:06 a.m.,11:06$ a.m.
act_arr_time,377,11:06 a.m.,11:06?? a.m.
act_arr_time,378,11:06 a.m.,1#1:06 a.m.
act_arr_time,385,11:06 a.m.,1??1:06 %a.m.
act_arr_time,387,11:06 a.m.,empty
act_arr_time,404,11:50 p.m.,11@@@@:50 p.m.
act_arr_time,405,11:50 p.m.,1#1:50 p.%m.
act_arr_time,417,11:50 p.m.,11%:50 p.m.
act_arr_time,418,11:50 p.m.,empty
act_arr_time,420,11:50 p.m.,11:5#0 p.m.@@
act_arr_time,424,11:50 p.m.,empty
act_arr_time,425,11:50 p.m.,11:5#0 p.m.
act_arr_time,426,11:06 a.m.,11:06 a??.m.
act_arr_time,429,11:06 a.m.,11#:??06 a.m.
act_arr_time,431,11:06 a.m.,11:06?? a.m.
act_arr_time,439,11:06 a.m.,11:06?? a.m.
act_arr_time,441,11:06 a.m.,1??1:06 a.#m.
act_arr_time,449,11:06 a.m.,11:06@@ ??a.m.
act_arr_time,450,11:06 a.m.,1@@1:06 a.m.
act_arr_time,452,2:27 p.m.,empty
act_arr_time,460,2:27 p.m.,2:%27 p.m.
act_arr_time,468,2:27 p.m.,empty
act_arr_time,474,2:27 p.m.,empty
act_arr_time,481,11:01 a.m.,11:01 a#.m.
act_arr_time,484,11:01 a.m.,11:01 @@a.m.
act_arr_time,485,11:01 a.m.,empty
act_arr_time,488,11:01 a.m.,11:01% a.m@@.
act_arr_time,490,11:01 a.m.,11:01 a.m%.
act_arr_time,494,11:01 a.m.,11:0@@1 a.m.
act_arr_time,497,11:01 a.m.,empty
act_arr_time,498,11:01 a.m.,#1$1:01 a.m.
act_arr_time,500,11:01 a.m.,empty
act_arr_time,517,3:16 p.m.,3??%:16 p.m.
act_arr_time,519,3:16 p.m.,empty
act_arr_time,522,3:16 p.m.,3:$16 p.m.
act_arr_time,528,9:20 p.m.,empty
act_arr_time,544,9:20 p.m.,empty
act_arr_time,545,9:20 p.m.,9:20 p.m$.#
act_arr_time,546,9:20 p.m.,9:20 p%.#m.
act_arr_time,547,9:20 p.m.,empty
act_arr_time,552,9:45 a.m.,9:45@@ a.m.
act_arr_time,558,9:45 a.m.,9:45 a$.m.
act_arr_time,562,9:45 a.m.,@@9:45 a.m.#
act_arr_time,566,9:45 a.m.,9:45 ??a.m.#
act_arr_time,572,9:45 a.m.,empty
act_arr_time,579,2:50 p.m.,??2:50 p.m.
act_arr_time,583,2:50 p.m.,empty
act_arr_time,592,2:50 p.m.,2:5$0 p.m.
act_arr_time,600,2:50 p.m.,2:50 p#.m.
act_arr_time,601,2:50 p.m.,2:50% %p.m.
act_arr_time,605,6:15 p.m.,6:15% p.m%.
act_arr_time,606,6:15 p.m.,6:15# p.m%.
act_arr_time,610,6:15 p.m.,6:15 p.??m.
act_arr_time,614,6:15 p.m.,6:1$5 p.m.
act_arr_time,615,6:15 p.m.,6:15 p.m@@.
act_arr_time,621,6:15 p.m.,6:15 p.#m.@@
act_arr_time,624,6:15 p.m.,empty
act_arr_time,626,6:15 p.m.,empty
act_arr_time,628,6:15 p.m.,6$:15 p.%m.
act_arr_time,629,6:15 p.m.,empty
act_arr_time,634,3:43 p.m.,3:#43 p.m.
act_arr_time,635,3:43 p.m.,3:43 p.m.$
act_arr_time,636,3:43 p.m.,empty
act_arr_time,643,3:43 p.m.,empty
act_arr_time,645,3:43 p.m.,3:43 p.m.#
act_arr_time,660,6:19 a.m.,6:19 a$.m.
act_arr_time,661,6:19 a.m.,empty
act_arr_time,664,6:19 a.m.,6:1??9 a.m.
act_arr_time,666,6:19 a.m.,empty
act_arr_time,672,6:19 a.m.,empty
act_arr_time,673,6:19 a.m.,6:19 a.@@m.
act_arr_time,676,6:19 a.m.,??6:19 a.m.
act_arr_time,677,6:19 a.m.,6:19??% a.m.
act_arr_time,678,6:19 a.m.,empty
act_arr_time,681,6:19 a.m.,6:19?? a.m.$
act_arr_time,685,6:19 a.m.,6:19 a.#m#.
act_arr_time,691,12:15 a.m.,$$12:15 a.m.
act_arr_time,695,12:15 a.m.,12:15 #a.m.
act_arr_time,701,12:15 a.m.,12:1#5 a.m.
act_arr_time,709,12:15 a.m.,empty
act_arr_time,713,7:51 a.m.,7:51 #a.m.
act_arr_time,716,7:51 a.m.,7:51 a.m$.#
act_arr_time,718,7:51 a.m.,empty
act_arr_time,729,7:51 a.m.,7:51 ??a%.m.
act_arr_time,734,7:51 a.m.,empty
act_arr_time,741,9:32 a.m.,empty
act_arr_time,750,9:32 a.m.,empty
act_arr_time,752,9:32 a.m.,empty
act_arr_time,754,9:32 a.m.,empty
act_arr_time,760,9:32 a.m.,empty
act_arr_time,762,9:32 a.m.,9:32 a$@@.m.
act_arr_time,765,9:32 a.m.,9@@:$32 a.m.
act_arr_time,769,8:06 a.m.,empty
act_arr_time,773,8:06 a.m.,empty
act_arr_time,787,8:06 a.m.,empty
act_arr_time,791,8:06 a.m.,8:06 a@@.m.??
act_arr_time,792,3:04 p.m.,3:0??4 p.m.
act_arr_time,794,3:04 p.m.,#3:04 p.??m.
act_arr_time,796,3:04 p.m.,@@3:04 p??.m.
act_arr_time,797,3:04 p.m.,3$:04 ??p.m.
act_arr_time,800,3:04 p.m.,3:%%04 p.m.
act_arr_time,802,3:04 p.m.,3:%0%4 p.m.
act_arr_time,804,3:04 p.m.,empty
act_arr_time,805,3:04 p.m.,??3:04 p.m.
act_arr_time,807,3:04 p.m.,3:0??4 p.%m.
act_arr_time,808,3:04 p.m.,empty
act_arr_time,811,3:04 p.m.,empty
act_arr_time,818,7:40 a.m.,7:40% a.m??.
act_arr_time,820,7:40 a.m.,7:40 a??.m.
act_arr_time,821,7:40 a.m.,7:40 a$.m.
act_arr_time,827,7:40 a.m.,7:40 #a.m.
act_arr_time,829,7:40 a.m.,empty
act_arr_time,831,7:40 a.m.,@@7:40 %a.m.
act_arr_time,837,7:40 a.m.,7:40 a.??m.
act_arr_time,848,10:16 a.m.,empty
act_arr_time,850,10:16 a.m.,empty
act_arr_time,854,10:16 a.m.,10:%16 a.m.
act_arr_time,855,10:16 a.m.,10:16%% a.m.
act_arr_time,858,10:16 a.m.,%10:16 @@a.m.
act_arr_time,865,12:50 p.m.,12:????50 p.m.
act_arr_time,869,12:50 p.m.,empty
act_arr_time,870,12:50 p.m.,12:50 ??p.??m.
act_arr_time,871,12:50 p.m.,??12:5@@0 p.m.
act_arr_time,874,12:50 p.m.,empty
act_arr_time,878,12:50 p.m.,12:??50# p.m.
act_arr_time,880,12:50 p.m.,12:5??0 p.m.
act_arr_time,887,12:50 p.m.,empty
act_arr_time,892,1:43 p.m.,empty
act_arr_time,894,1:43 p.m.,1:43 @@p.m.
act_arr_time,904,1:43 p.m.,1$:43 p.m.
act_arr_time,905,1:43 p.m.,empty
act_arr_time,909,1:43 p.m.,1:$43 p.m.
act_arr_time,918,8:53 p.m.,8:53 p.m.$??
act_arr_time,924,8:53 p.m.,8:53 p??.m.
act_arr_time,929,8:53 p.m.,empty
act_arr_time,941,8:53 p.m.,8:53 p.$m.
act_arr_time,954,11:44 a.m.,11:4%#4 a.m.
act_arr_time,956,11:44 a.m.,1??1:#44 a.m.
act_arr_time,965,11:44 a.m.,11:44 @@a.#m.
act_arr_time,967,11:44 a.m.,11:4$4# a.m.
act_arr_time,970,11:44 a.m.,11:44 a.%@@m.
act_arr_time,977,3:33 p.m.,3:33 p.m#.
act_arr_time,980,3:33 p.m.,empty
act_arr_time,982,3:33 p.m.,#3:33 p$.m.
act_arr_time,984,3:33 p.m.,empty
act_arr_time,985,3:33 p.m.,empty
act_arr_time,994,2:10 p.m.,empty
act_arr_time,998,2:10 p.m.,2:10 p??.@@m.
act_arr_time,1005,2:10 p.m.,empty
act_arr_time,1006,2:10 p.m.,2:10 p.m.%
act_arr_time,1011,2:10 p.m.,empty
act_arr_time,1013,2:10 p.m.,2:10 p.m.%
act_arr_time,1014,2:10 p.m.,2:10 p@@#.m.
act_arr_time,1015,2:10 p.m.,2:10@@ p.%m.
act_arr_time,1016,2:10 p.m.,empty
act_arr_time,1018,4:09 p.m.,4:09 p.m.$
act_arr_time,1022,4:09 p.m.,empty
act_arr_time,1024,4:09 p.m.,4??:09 p.m.
act_arr_time,1028,4:09 p.m.,empty
act_arr_time,1029,4:09 p.m.,4$:09 p.m.
act_arr_time,1030,4:09 p.m.,empty
act_arr_time,1032,4:09 p.m.,4:09 p.m.$
act_arr_time,1033,4:09 p.m.,empty
act_arr_time,1043,9:05 a.m.,empty
act_arr_time,1044,9:05 a.m.,empty
act_arr_time,1046,9:05 a.m.,9:05 $%a.m.
act_arr_time,1047,9:05 a.m.,9#:05@@ a.m.
act_arr_time,1050,9:05 a.m.,9:05@@ a.m.
act_arr_time,1051,9:05 a.m.,@@9:05 a.m.
act_arr_time,1052,9:05 a.m.,#9:05 a.m.
act_arr_time,1054,9:05 a.m.,empty
act_arr_time,1055,9:05 a.m.,9:05% a.m.
act_arr_time,1056,9:05 a.m.,9:0#5 a.m.
act_arr_time,1057,9:05 a.m.,9:05 a.m$.??
act_arr_time,1064,9:05 a.m.,empty
act_arr_time,1077,7:39 p.m.,empty
act_arr_time,1080,7:39 p.m.,7:39 p.m.%
act_arr_time,1082,7:39 p.m.,empty
act_arr_time,1083,7:39 p.m.,7:39?? p.m.
act_arr_time,1084,7:39 p.m.,7%:39 p%.m.
act_arr_time,1086,7:39 p.m.,empty
act_arr_time,1092,7:39 p.m.,7:3??9 p.m.
act_arr_time,1093,7:39 p.m.,$7:39 p.m.#
act_arr_time,1096,9:28 a.m.,empty
act_arr_time,1099,9:28 a.m.,empty
act_arr_time,1102,9:28 a.m.,empty
act_arr_time,1103,9:28 a.m.,empty
act_arr_time,1111,9:28 a.m.,9:%28 a.m.
act_arr_time,1113,9:28 a.m.,$9:28 a.m#.
act_arr_time,1114,9:28 a.m.,9:28$ a.m.
act_arr_time,1121,11:12 a.m.,empty
act_arr_time,1123,11:12 a.m.,11:1$2 a.m.
act_arr_time,1124,11:12 a.m.,11:@@12 a.m@@.
act_arr_time,1130,11:12 a.m.,11:1??2 a.??m.
act_arr_time,1131,11:12 a.m.,11%#:12 a.m.
act_arr_time,1133,11:12 a.m.,#1@@1:12 a.m.
act_arr_time,1136,11:12 a.m.,empty
act_arr_time,1139,11:12 a.m.,empty
act_arr_time,1145,11:12 a.m.,1#1:12 a.m.
act_arr_time,1150,1:27 p.m.,empty
act_arr_time,1152,1:27 p.m.,1:27 p@@.m.
act_arr_time,1158,1:27 p.m.,1:27 p.m@@.
act_arr_time,1162,1:27 p.m.,1:%27 p.m??.
act_arr_time,1166,1:27 p.m.,1:27@@ p#.m.
act_arr_time,1175,9:31 a.m.,empty
act_arr_time,1189,9:31 a.m.,9$:31 a.m.
act_arr_time,1192,9:31 a.m.,empty
act_arr_time,1197,9:31 a.m.,empty
act_arr_time,1203,3:50 p.m.,3$:50 p.m.
act_arr_time,1212,3:50 p.m.,3%:50 p.m.
act_arr_time,1213,3:50 p.m.,empty
act_arr_time,1222,3:13 p.m.,3%:13@@ p.m.
act_arr_time,1227,3:13 p.m.,3:13 p.m.$
act_arr_time,1240,3:13 p.m.,3:$13 p.m.
act_arr_time,1244,3:13 p.m.,3:13 p%.m.
act_arr_time,1247,3:13 p.m.,empty
act_arr_time,1250,6:43 p.m.,#6:4%3 p.m.
act_arr_time,1256,6:43 p.m.,6:4??3 p.m.@@
act_arr_time,1277,1:14 p.m.,empty
act_arr_time,1283,1:14 p.m.,1:14 p.m.??
act_arr_time,1285,1:14 p.m.,1:%14 $p.m.
act_arr_time,1287,1:14 p.m.,empty
act_arr_time,1290,1:14 p.m.,1:$14 p.m.
act_arr_time,1292,1:14 p.m.,empty
act_arr_time,1293,1:14 p.m.,empty
act_arr_time,1303,10:56 a.m.,empty
act_arr_time,1311,10:56 a.m.,10@@:56 a.m.
act_arr_time,1315,10:56 a.m.,#10:56 a.%m.
act_arr_time,1317,10:56 a.m.,empty
act_arr_time,1319,1:19 p.m.,%1:1#9 p.m.
act_arr_time,1320,1:19 p.m.,1:1??9 p.m@@.
act_arr_time,1321,1:19 p.m.,empty
act_arr_time,1325,1:19 p.m.,1:19 p.??m.
act_arr_time,1331,1:19 p.m.,1:19 p.@@m.
act_arr_time,1332,1:19 p.m.,empty
act_arr_time,1336,1:19 p.m.,empty
act_arr_time,1339,12:09 p.m.,12:%09 p.??m.
act_arr_time,1342,12:09 p.m.,12:09 @@p.m.#
act_arr_time,1352,12:09 p.m.,#@@12:09 p.m.
act_arr_time,1353,12:09 p.m.,empty
act_arr_time,1355,12:09 p.m.,1$$2:09 p.m.
act_arr_time,1357,12:09 p.m.,12:%09 p.m.#
act_arr_time,1359,12:09 p.m.,12:%09 p.m.
act_arr_time,1360,12:09 p.m.,empty
act_arr_time,1361,12:09 p.m.,empty
act_arr_time,1362,12:09 p.m.,12:0%9% p.m.
act_arr_time,1366,4:59 p.m.,4#:59 p.m.
act_arr_time,1370,4:59 p.m.,empty
act_arr_time,1373,4:59 p.m.,4@@:59 p.m.
act_arr_time,1375,4:59 p.m.,4:59 p.m.#
act_arr_time,1378,4:59 p.m.,empty
act_arr_time,1385,4:59 p.m.,4??:59 p.m.
act_arr_time,1393,11:32 a.m.,1$1:32 a.m.
act_arr_time,1398,11:32 a.m.,11:32 #a.m#.
act_arr_time,1406,11:32 a.m.,empty
act_arr_time,1409,10:29 p.m.,10#:29 p.m.
act_arr_time,1413,10:29 p.m.,10:2@@9 p.#m.
act_arr_time,1416,10:29 p.m.,empty
act_arr_time,1423,10:29 p.m.,10:29 p.$m.%
act_arr_time,1425,10:29 p.m.,empty
act_arr_time,1428,10:29 p.m.,empty
act_arr_time,1429,10:29 p.m.,10:29 p.m.%
act_arr_time,1435,6:34 p.m.,$6:34 p.??m.
act_arr_time,1436,6:34 p.m.,6:#34 %p.m.
act_arr_time,1439,6:34 p.m.,6:3?#?4 p.m.
act_arr_time,1441,6:34 p.m.,empty
act_arr_time,1447,6:34 p.m.,6:#34 p.m%.
act_arr_time,1452,5:26 a.m.,empty
act_arr_time,1454,5:26 a.m.,empty
act_arr_time,1457,5:26 a.m.,empty
act_arr_time,1462,5:26 a.m.,5:26 a.@@m$.
act_arr_time,1467,5:26 a.m.,5:26 a@@.m.
act_arr_time,1469,5:26 a.m.,5:26$ a%.m.
act_arr_time,1473,5:26 a.m.,5:2??6 a.m.
act_arr_time,1476,12:21 a.m.,empty
act_arr_time,1482,12:21 a.m.,empty
act_arr_time,1486,12:21 a.m.,12:21?? a.m.
act_arr_time,1491,12:21 a.m.,12%:21 a.m.
act_arr_time,1494,12:21 a.m.,empty
act_arr_time,1495,12:21 a.m.,12:@@21 a.m.
act_arr_time,1496,12:21 a.m.,12:21 a$.m.
act_arr_time,1501,6:36 p.m.,6:3%6 p.m$.
act_arr_time,1502,6:36 p.m.,empty
act_arr_time,1507,6:36 p.m.,6:36 p.m??.
act_arr_time,1513,6:36 p.m.,empty
act_arr_time,1514,6:36 p.m.,empty
act_arr_time,1516,6:36 p.m.,empty
act_arr_time,1518,6:36 p.m.,empty
act_arr_time,1522,9:52 p.m.,9:52 p.m$.
act_arr_time,1527,9:52 p.m.,9:52?? p.m.
act_arr_time,1530,9:52 p.m.,9:52 p.m.??
act_arr_time,1531,9:52 p.m.,9:52 $%p.m.
act_arr_time,1532,9:52 p.m.,empty
act_arr_time,1535,9:52 p.m.,9:$52 p.m.
act_arr_time,1536,9:52 p.m.,9:52 p$.??m.
act_arr_time,1548,6:40 p.m.,6:40 p@@.m.
act_arr_time,1550,6:40 p.m.,6:40 #p.@@m.
act_arr_time,1556,6:40 p.m.,6:40 p.????m.
act_arr_time,1561,6:40 p.m.,6:40 p.?#?m.
act_arr_time,1563,6:40 p.m.,6:40% p.m.
act_arr_time,1564,6:40 p.m.,empty
act_arr_time,1569,5:26 p.m.,5@@:26 p.$m.
act_arr_time,1570,5:26 p.m.,empty
act_arr_time,1573,5:26 p.m.,5:26 p%.m.
act_arr_time,1582,5:26 p.m.,5:26 p.$m.
act_arr_time,1585,5:26 p.m.,empty
act_arr_time,1590,9:14 a.m.,empty
act_arr_time,1593,9:14 a.m.,empty
act_arr_time,1594,9:14 a.m.,empty
act_arr_time,1597,9:14 a.m.,9:14 a.@@m.
act_arr_time,1598,9:14 a.m.,empty
act_arr_time,1599,9:14 a.m.,9%:14@@ a.m.
act_arr_time,1601,9:14 a.m.,9:14 @@a.m.
act_arr_time,1604,9:14 a.m.,empty
act_arr_time,1608,3:31 p.m.,3:31@@ p.m.
act_arr_time,1609,3:31 p.m.,empty
act_arr_time,1610,3:31 p.m.,3:31 p.@@m.
act_arr_time,1614,3:31 p.m.,empty
act_arr_time,1622,3:31 p.m.,empty
act_arr_time,1625,3:31 p.m.,3?#?:31 p.m.
act_arr_time,1632,7:10 p.m.,empty
act_arr_time,1634,7:10 p.m.,7%:10 p.m.
act_arr_time,1638,7:10 p.m.,7:10 p.m$.
act_arr_time,1640,7:10 p.m.,#7:10 p.m.
act_arr_time,1646,7:10 p.m.,$7:10 p.m.
act_arr_time,1649,8:03 p.m.,8??:03 p.??m.
act_arr_time,1650,8:03 p.m.,empty
act_arr_time,1651,8:03 p.m.,empty
act_arr_time,1653,8:03 p.m.,8:03 p.m.@@
act_arr_time,1658,8:03 p.m.,8:0@@@@3 p.m.
act_arr_time,1659,8:03 p.m.,#8:03 p.m.@@
act_arr_time,1660,8:03 p.m.,empty
act_arr_time,1661,8:03 p.m.,8:03 ??p??.m.
act_arr_time,1662,8:03 p.m.,empty
act_arr_time,1663,8:03 p.m.,empty
act_arr_time,1671,10:27 a.m.,#10:27$ a.m.
act_arr_time,1673,10:27 a.m.,empty
act_arr_time,1681,10:27 a.m.,empty
act_arr_time,1687,10:27 a.m.,10$:27% a.m.
act_arr_time,1690,11:56 a.m.,%11:56 a.m.
act_arr_time,1691,11:56 a.m.,11:56$ a.m.
act_arr_time,1693,11:56 a.m.,empty
act_arr_time,1700,11:56 a.m.,11:56 a.@@m$.
act_arr_time,1701,11:56 a.m.,11:5$6 a.m.@@
act_arr_time,1703,11:56 a.m.,11:5$6 a.@@m.
act_arr_time,1706,4:47 p.m.,4%:47@@ p.m.
act_arr_time,1708,4:47 p.m.,4:4??7 %p.m.
act_arr_time,1712,4:47 p.m.,4:47 p??.m.
act_arr_time,1722,4:47 p.m.,empty
act_arr_time,1732,12:29 a.m.,12:29% a.%m.
act_arr_time,1733,12:29 a.m.,empty
act_arr_time,1739,12:29 a.m.,empty
act_arr_time,1743,12:29 a.m.,12:@@29 a??.m.
act_arr_time,1757,5:34 p.m.,5:34 p.m.????
act_arr_time,1760,5:34 p.m.,5%:34 p.m.
act_arr_time,1763,5:34 p.m.,5:34 p.m%.
act_arr_time,1764,5:34 p.m.,empty
act_arr_time,1767,5:34 p.m.,empty
act_arr_time,1768,5:34 p.m.,5:34 p.m$.
act_arr_time,1769,5:34 p.m.,5:34 p#.m.
act_arr_time,1771,5:34 p.m.,5:34 p.m%.%
act_arr_time,1775,10:47 a.m.,1$0%:47 a.m.
act_arr_time,1776,10:47 a.m.,10:47 a.%m.
act_arr_time,1784,10:47 a.m.,empty
act_arr_time,1787,10:47 a.m.,10:47 a.@@m??.
act_arr_time,1795,5:42 p.m.,5??#:42 p.m.
act_arr_time,1796,5:42 p.m.,empty
act_arr_time,1807,5:42 p.m.,5??:4$2 p.m.
act_arr_time,1812,5:42 p.m.,5:@@42 p.m.
act_arr_time,1814,5:42 p.m.,empty
act_arr_time,1815,5:42 p.m.,5$:42 p.m$.
act_arr_time,1820,5:42 p.m.,5:42 p%.m.
act_arr_time,1822,2:00 p.m.,%2:00 p.??m.
act_arr_time,1830,2:00 p.m.,empty
act_arr_time,1836,2:00 p.m.,empty
act_arr_time,1843,4:44 p.m.,4??:44 p.m.
act_arr_time,1846,4:44 p.m.,empty
act_arr_time,1847,4:44 p.m.,empty
act_arr_time,1853,4:44 p.m.,4:@@44 p.??m.
act_arr_time,1865,6:28 p.m.,empty
act_arr_time,1872,6:28 p.m.,empty
act_arr_time,1883,6:28 p.m.,empty
act_arr_time,1887,5:17 p.m.,5:17?? p.m.@@
act_arr_time,1893,5:17 p.m.,empty
act_arr_time,1895,5:17 p.m.,$5:17 p@@.m.
act_arr_time,1896,5:17 p.m.,5:1%7 p.m.
act_arr_time,1898,5:17 p.m.,empty
act_arr_time,1904,5:17 p.m.,5:??17@@ p.m.
act_arr_time,1909,6:38 p.m.,6:38 p.#m.
act_arr_time,1912,6:38 p.m.,empty
act_arr_time,1918,6:38 p.m.,6#:38 p??.m.
act_arr_time,1921,6:38 p.m.,6:38 p.%m.
act_arr_time,1923,6:38 p.m.,6:38 p@@.m%.
act_arr_time,1924,6:38 p.m.,empty
act_arr_time,1926,6:38 p.m.,6:3#8 p%.m.
act_arr_time,1935,1:15 p.m.,1:#15 p.m.
act_arr_time,1939,1:15 p.m.,empty
act_arr_time,1941,1:15 p.m.,$1:15 p.m.
act_arr_time,1947,1:15 p.m.,empty
act_arr_time,1951,1:15 p.m.,1%:15 p.m.$
act_arr_time,1953,1:15 p.m.,$1:15 p.m%.
act_arr_time,1957,5:05 p.m.,5:0$5# p.m.
act_arr_time,1960,5:05 p.m.,empty
act_arr_time,1961,5:05 p.m.,5:05@@ p.m.
act_arr_time,1962,5:05 p.m.,empty
act_arr_time,1963,5:05 p.m.,??5:05 p.m.
act_arr_time,1966,5:05 p.m.,5:05 p.@@m.
act_arr_time,1972,5:05 p.m.,empty
act_arr_time,1973,5:05 p.m.,empty
act_arr_time,1975,5:05 p.m.,empty
act_arr_time,1984,5:38 p.m.,5$:3%8 p.m.
act_arr_time,1986,5:38 p.m.,5#:38 p.m.
act_arr_time,1997,5:38 p.m.,5:??38 p.m.
act_arr_time,2004,9:13 a.m.,empty
act_arr_time,2012,9:13 a.m.,9:13@@ a.m.
act_arr_time,2013,9:13 a.m.,9:13 a.m.$
act_arr_time,2014,9:13 a.m.,9:13 a.m%$.
act_arr_time,2023,9:13 a.m.,empty
act_arr_time,2026,9:56 a.m.,9:%56@@ a.m.
act_arr_time,2031,9:56 a.m.,%9:56 a.m.
act_arr_time,2036,9:56 a.m.,9:56 a.m??.
act_arr_time,2037,9:56 a.m.,empty
act_arr_time,2047,12:09 p.m.,12:09 p.m.$
act_arr_time,2058,12:09 p.m.,empty
act_arr_time,2059,12:09 p.m.,%12:09 @@p.m.
act_arr_time,2061,12:09 p.m.,12:09 p.m$@@.
act_arr_time,2063,12:09 p.m.,12:09 p##.m.
act_arr_time,2065,4:17 p.m.,4:17 ??@@p.m.
act_arr_time,2067,4:17 p.m.,4@@:17 p.m.
act_arr_time,2071,4:17 p.m.,4??:17 p.m.
act_arr_time,2073,4:17 p.m.,empty
act_arr_time,2075,4:17 p.m.,empty
act_arr_time,2083,4:17 p.m.,4:17 p.m.??%
act_arr_time,2085,4:17 p.m.,empty
act_arr_time,2087,3:21 p.m.,empty
act_arr_time,2088,3:21 p.m.,3:21 #p%.m.
act_arr_time,2089,3:21 p.m.,empty
act_arr_time,2095,3:21 p.m.,empty
act_arr_time,2102,3:21 p.m.,empty
act_arr_time,2106,3:21 p.m.,empty
act_arr_time,2111,9:43 a.m.,$9:43 @@a.m.
act_arr_time,2115,9:43 a.m.,9:%4%3 a.m.
act_arr_time,2117,9:43 a.m.,%9:43 a.m.
act_arr_time,2133,9:43 a.m.,9:4??3 a.m.%
act_arr_time,2136,9:43 a.m.,9:43% a.@@m.
act_arr_time,2144,11:58 a.m.,11:58 a.m%.
act_arr_time,2145,11:58 a.m.,empty
act_arr_time,2148,11:58 a.m.,empty
act_arr_time,2149,11:58 a.m.,%11$:58 a.m.
act_arr_time,2157,11:58 a.m.,11:58 a.@@m.
act_arr_time,2159,7:17 a.m.,7:17 a.m.#%
act_arr_time,2164,7:17 a.m.,empty
act_arr_time,2174,7:17 a.m.,empty
act_arr_time,2179,7:17 a.m.,empty
act_arr_time,2184,11:21 a.m.,empty
act_arr_time,2201,7:10 p.m.,7:10 p%.m.
act_arr_time,2203,7:10 p.m.,7:10% p.m$.
act_arr_time,2216,7:10 p.m.,7:%10 p%.m.
act_arr_time,2224,8:45 a.m.,@@8:45 a.$m.
act_arr_time,2226,8:45 a.m.,8:45 a.m.??
act_arr_time,2228,8:45 a.m.,empty
act_arr_time,2229,8:45 a.m.,empty
act_arr_time,2233,8:45 a.m.,empty
act_arr_time,2235,8:45 a.m.,empty
act_arr_time,2236,8:45 a.m.,8:??45 a.m.
act_arr_time,2238,8:45 a.m.,8:45# a.m.
act_arr_time,2242,4:23 p.m.,empty
act_arr_time,2249,4:23 p.m.,4:??23$ p.m.
act_arr_time,2254,4:23 p.m.,4:$2%3 p.m.
act_arr_time,2256,4:23 p.m.,empty
act_arr_time,2257,4:23 p.m.,4%:23 p.m.
act_arr_time,2259,4:23 p.m.,4%:2$3 p.m.
act_arr_time,2266,4:23 p.m.,4:23 p$.m.
act_arr_time,2267,4:23 p.m.,empty
act_arr_time,2274,5:11 a.m.,5:11# a.m.@@
act_arr_time,2286,5:11 a.m.,5%:11 a.m.
act_arr_time,2290,5:11 a.m.,empty
act_arr_time,2297,7:58 p.m.,7:58 p.#m.
act_arr_time,2301,7:58 p.m.,7#:58 p.m.
act_arr_time,2303,7:58 p.m.,empty
act_arr_time,2313,7:58 p.m.,%7:58 p.m.
act_arr_time,2315,1:30 p.m.,empty
act_arr_time,2326,1:30 p.m.,1%:30@@ p.m.
act_arr_time,2330,1:30 p.m.,1:30# p.m.??
act_arr_time,2341,8:02 a.m.,empty
act_arr_time,2347,8:02 a.m.,8??:02 a.%m.
act_arr_time,2348,8:02 a.m.,empty
act_arr_time,2350,8:02 a.m.,empty
act_arr_time,2351,8:02 a.m.,8??$:02 a.m.
act_arr_time,2355,7:36 p.m.,7:36 p.#m.
act_arr_time,2358,7:36 p.m.,empty
act_arr_time,2364,7:36 p.m.,7:36# p@@.m.
act_arr_time,2373,7:36 p.m.,7:3@@6 p.m.
act_arr_time,2375,7:36 p.m.,7:3%6 p.m.
