Attribute,Index,Clean Value,Dirty Value
ProviderNumber,2,10018,38936.3747151189
ProviderNumber,14,10019,empty
ProviderNumber,22,10001,51904.55254121532
ProviderNumber,24,10001,44133.946004738005
ProviderNumber,26,10001,42409.05929243875
ProviderNumber,35,10001,empty
ProviderNumber,48,10005,52330.6306104242
ProviderNumber,57,10005,55997.85064444467
ProviderNumber,60,10005,49644.0804638452
ProviderNumber,76,10006,33021.882213280995
ProviderNumber,78,10006,empty
ProviderNumber,81,10006,54497.116594454135
ProviderNumber,82,10006,empty
ProviderNumber,88,10006,empty
ProviderNumber,89,10006,33398.65751504597
ProviderNumber,103,10007,empty
ProviderNumber,107,10007,39302.65470123922
ProviderNumber,109,10007,50770.392464139986
ProviderNumber,116,10007,43532.12483746549
ProviderNumber,129,10008,54331.67869188053
ProviderNumber,140,10008,35823.07619608627
ProviderNumber,143,10008,empty
ProviderNumber,169,10009,55077.756817166184
ProviderNumber,172,10010,56901.89408107598
ProviderNumber,175,10010,37994.14590573773
ProviderNumber,183,10010,empty
ProviderNumber,201,10011,30368.926663112627
ProviderNumber,207,10011,32281.84070668317
ProviderNumber,220,10012,empty
ProviderNumber,221,10012,59141.095762673154
ProviderNumber,223,10012,empty
ProviderNumber,227,10012,41707.453379326544
ProviderNumber,251,10015,47234.36569774822
ProviderNumber,256,10015,35759.64924303235
ProviderNumber,262,10015,empty
ProviderNumber,264,10015,43537.76365408527
ProviderNumber,265,10015,45277.20119758435
ProviderNumber,275,10016,32918.8796478826
ProviderNumber,288,10016,empty
ProviderNumber,293,10016,41516.74597701409
ProviderNumber,299,10018,52257.84372737657
ProviderNumber,300,10018,34100.387059812616
ProviderNumber,310,10018,33025.3122526261
ProviderNumber,312,10038,44062.69125283498
ProviderNumber,316,10038,37715.18908122273
ProviderNumber,326,10038,43566.9839561265
ProviderNumber,330,10038,45568.034800106216
ProviderNumber,337,10055,55222.28213289227
ProviderNumber,339,10055,55926.78693963568
ProviderNumber,343,10055,empty
ProviderNumber,356,10086,49521.46322032331
ProviderNumber,358,10086,empty
ProviderNumber,362,10086,32669.482114210412
ProviderNumber,366,10086,empty
ProviderNumber,372,10086,empty
ProviderNumber,385,10087,empty
ProviderNumber,388,10087,empty
ProviderNumber,390,10087,53783.49429856134
ProviderNumber,400,10108,43607.83505714584
ProviderNumber,402,10108,59824.09095391952
ProviderNumber,406,10108,empty
ProviderNumber,412,10108,empty
ProviderNumber,415,10164,empty
ProviderNumber,420,10164,empty
ProviderNumber,428,10164,35653.73282980048
ProviderNumber,434,20017,110826.79427131735
ProviderNumber,437,20017,118768.73030346158
ProviderNumber,447,20017,76185.87973522952
ProviderNumber,452,20018,empty
ProviderNumber,453,10019,30868.167422044076
ProviderNumber,465,10019,60061.38014285595
ProviderNumber,469,10021,48896.64475848492
ProviderNumber,475,10021,41264.34337338595
ProviderNumber,479,10021,empty
ProviderNumber,481,10021,35414.76752529406
ProviderNumber,494,10022,empty
ProviderNumber,495,10022,41673.581750696176
ProviderNumber,499,10022,35780.30822107641
ProviderNumber,510,10022,51566.03854691912
ProviderNumber,511,10022,35564.539495766265
ProviderNumber,513,10022,45713.35231943152
ProviderNumber,517,10023,56615.39804410096
ProviderNumber,518,10023,44641.85816345521
ProviderNumber,519,10023,54899.80262022365
ProviderNumber,532,10023,57068.36683296654
ProviderNumber,544,10024,54211.13151699851
ProviderNumber,550,10024,empty
ProviderNumber,555,10024,empty
ProviderNumber,560,10024,34963.69753762024
ProviderNumber,565,10024,36821.16517848415
ProviderNumber,583,10025,empty
ProviderNumber,588,10025,empty
ProviderNumber,592,10027,32113.598970736533
ProviderNumber,594,10027,empty
ProviderNumber,599,10027,empty
ProviderNumber,602,10027,45821.67100154106
ProviderNumber,621,10029,45920.21198273497
ProviderNumber,627,10029,53720.31285521605
ProviderNumber,630,10029,57290.7722647209
ProviderNumber,646,10032,34034.99971607474
ProviderNumber,648,10032,37332.421557855094
ProviderNumber,649,10032,39363.45826589921
ProviderNumber,652,10032,empty
ProviderNumber,656,10032,empty
ProviderNumber,662,10032,31473.76257594262
ProviderNumber,663,10032,58975.83719476048
ProviderNumber,670,10033,35091.288269561424
ProviderNumber,672,10033,45442.29143532703
ProviderNumber,674,10033,empty
ProviderNumber,677,10033,51612.61443802654
ProviderNumber,683,10033,45670.951718806464
ProviderNumber,689,10033,59212.70852865965
ProviderNumber,696,10034,empty
ProviderNumber,702,10034,51653.868641752255
ProviderNumber,712,10034,empty
ProviderNumber,715,10034,empty
ProviderNumber,718,10035,47215.6833151197
ProviderNumber,719,10035,48001.927453729666
ProviderNumber,722,10035,33308.18589590776
ProviderNumber,754,10036,empty
ProviderNumber,762,10036,49980.85300119227
ProviderNumber,767,10038,empty
ProviderNumber,769,10038,52308.3526850873
ProviderNumber,778,10039,47876.9387310749
ProviderNumber,779,10039,46562.939356622024
ProviderNumber,781,10039,58417.84858042836
ProviderNumber,783,10039,57855.963417446124
ProviderNumber,793,10039,empty
ProviderNumber,810,10040,42611.84992790559
ProviderNumber,832,10043,36881.55305672072
ProviderNumber,834,10043,56120.49455835785
ProviderNumber,847,10043,30994.17603928606
ProviderNumber,855,10044,59012.92635966715
ProviderNumber,856,10044,33786.20339797814
ProviderNumber,863,10044,33533.960321788705
ProviderNumber,871,10044,empty
ProviderNumber,886,10045,53469.38449102703
ProviderNumber,895,10045,empty
ProviderNumber,908,10046,empty
ProviderNumber,909,10046,48998.89163392712
ProviderNumber,920,10046,39472.21663716658
ProviderNumber,927,10046,45773.26543479179
ProviderNumber,930,10046,46547.81247992238
ProviderNumber,934,10047,50084.14032108575
ProviderNumber,947,10047,37529.44314954424
ProviderNumber,950,10047,empty
ProviderNumber,956,10049,35932.63232502817
ProviderNumber,960,10049,38399.04531750592
ProviderNumber,964,10049,57165.43564630768
ProviderNumber,976,10049,empty
ProviderNumber,977,10049,39094.28178190927
ProviderNumber,998,10050,empty
ProviderNumber,1000,10050,empty
HospitalName,1,callahan eye foundation hospital,callahan$ eye foun??dation hospital
HospitalName,4,callahan eye foundation hospital,empty
HospitalName,8,callahan eye foundation hospital,callahan eye foundation hospi%tal%
HospitalName,11,helen keller memorial hospital,empty
HospitalName,13,helen keller memorial hospital,helen kell@@er memo$rial hospital
HospitalName,37,southeast alabama medical center,southeast alabama medical c$enter
HospitalName,38,southeast alabama medical center,empty
HospitalName,49,marshall medical center south,empty
HospitalName,52,marshall medical center south,marshall medical cent@@@@er south
HospitalName,56,marshall medical center south,marshall$ med@@ical center south
HospitalName,58,marshall medical center south,marshall medi??cal center south
HospitalName,75,eliza coffee memorial hospital,eliza coffee memorial hospita#l
HospitalName,96,mizell memorial hospital,mizell mem@@%orial hospital
HospitalName,103,mizell memorial hospital,empty
HospitalName,115,mizell memorial hospital,mi$zell?? memorial hospital
HospitalName,121,crenshaw community hospital,empty
HospitalName,127,crenshaw community hospital,crenshaw commun@@ity hospital
HospitalName,140,crenshaw community hospital,crenshaw% community hospital
HospitalName,144,crenshaw community hospital,crenshaw community ho$spital
HospitalName,147,hartselle medical center,hartselle %med$ical center
HospitalName,164,hartselle medical center,hartsell@@e medical center
HospitalName,181,marshall medical center north,marshall #medical center north
HospitalName,186,marshall medical center north,marshall medical center% n%orth
HospitalName,193,marshall medical center north,marshall medical center $%north
HospitalName,200,st vincents east,st vincent%s east
HospitalName,212,st vincents east,empty
HospitalName,220,dekalb regional medical center,empty
HospitalName,221,dekalb regional medical center,empty
HospitalName,223,dekalb regional medical center,dekalb regional medical cente#r
HospitalName,224,dekalb regional medical center,dekalb regional medical cente%r
HospitalName,230,dekalb regional medical center,empty
HospitalName,231,dekalb regional medical center,d??ekalb regional medical center
HospitalName,240,dekalb regional medical center,deka%lb regional medical ce??nter
HospitalName,243,dekalb regional medical center,empty
HospitalName,245,southwest alabama medical center,empty
HospitalName,261,southwest alabama medical center,southwest alabama medical cente??r
HospitalName,264,southwest alabama medical center,s@@outhwest alabama medical center
HospitalName,279,shelby baptist medical center,empty
HospitalName,280,shelby baptist medical center,shelby baptist med$ical center
HospitalName,281,shelby baptist medical center,shelby bap@@tist medical center
HospitalName,285,shelby baptist medical center,shelby ba??ptist medical cent$er
HospitalName,309,callahan eye foundation hospital,empty
HospitalName,313,stringfellow memorial hospital,empty
HospitalName,316,stringfellow memorial hospital,string@@fellow memorial hospi%tal
HospitalName,317,stringfellow memorial hospital,string??fellow me@@morial hospital
HospitalName,320,stringfellow memorial hospital,empty
HospitalName,335,flowers hospital,flowers h@@ospital
HospitalName,336,flowers hospital,f#lower@@s hospital
HospitalName,340,flowers hospital,empty
HospitalName,351,st vincents hospital,st vincents ??hospital
HospitalName,375,northwest medical center,northwe%st medical center
HospitalName,385,univ of south alabama medical center,empty
HospitalName,387,univ of south alabama medical center,univ of south alabama$ medical center
HospitalName,390,univ of south alabama medical center,u%niv of south alabama $medical center
HospitalName,401,prattville baptist hospital,prat%tville bapti$st hospital
HospitalName,402,prattville baptist hospital,empty
HospitalName,408,prattville baptist hospital,empty
HospitalName,415,coosa valley medical center,coos??a valley medical $center
HospitalName,424,coosa valley medical center,coosa valley medical #cente%r
HospitalName,431,coosa valley medical center,empty
HospitalName,435,alaska regional hospital,empty
HospitalName,446,alaska regional hospital,alaska regional $hosp??ital
HospitalName,464,helen keller memorial hospital,helen keller me??morial #hospital
HospitalName,469,dale medical center,empty
HospitalName,478,dale medical center,dale medic#al $center
HospitalName,480,dale medical center,empty
HospitalName,502,cherokee medical center,empty
HospitalName,503,cherokee medical center,empty
HospitalName,505,cherokee medical center,cherokee@@ medical ??center
HospitalName,511,cherokee medical center,cherokee medical c%enter#
HospitalName,516,cherokee medical center,chero#kee medical cen@@ter
HospitalName,521,baptist medical center south,empty
HospitalName,523,baptist medical center south,bapti@@st medical cent%er south
HospitalName,524,baptist medical center south,baptist medical center s$outh@@
HospitalName,533,baptist medical center south,baptist me$dical center south
HospitalName,535,baptist medical center south,empty
HospitalName,551,jackson hospital & clinic inc,empty
HospitalName,558,jackson hospital & clinic inc,jackson?? hospital &$ clinic inc
HospitalName,569,g h lanier memorial hospital,empty
HospitalName,575,g h lanier memorial hospital,empty
HospitalName,578,g h lanier memorial hospital,empty
HospitalName,589,g h lanier memorial hospital,g h lanier memorial h@@ospital
HospitalName,595,elba general hospital,elba general ho??spital
HospitalName,600,elba general hospital,elba general hospi@@ta??l
HospitalName,617,east alabama medical center and snf,empty
HospitalName,630,east alabama medical center and snf,empty
HospitalName,638,east alabama medical center and snf,east alabama medical c??enter and snf
HospitalName,644,wedowee hospital,empty
HospitalName,671,university of alabama hospital,university of alabama h%ospital
HospitalName,678,university of alabama hospital,university #of$ alabama hospital
HospitalName,680,university of alabama hospital,university of alab#ama hospital
HospitalName,701,community hospital inc,empty
HospitalName,714,community hospital inc,community hospit??al inc
HospitalName,716,community hospital inc,communit??y @@hospital inc
HospitalName,718,cullman regional medical center,cullman regional medical center??
HospitalName,721,cullman regional medical center,cullman regional m@@edical center
HospitalName,730,cullman regional medical center,empty
HospitalName,738,cullman regional medical center,cullman region#al medical center
HospitalName,749,andalusia regional hospital,andalusia region#al hospi#tal
HospitalName,769,stringfellow memorial hospital,empty
HospitalName,775,huntsville hospital,hu#nts#ville hospital
HospitalName,776,huntsville hospital,$huntsville% hospital
HospitalName,777,huntsville hospital,huntsvil@@le hospital
HospitalName,780,huntsville hospital,hunt$sville?? hospital
HospitalName,786,huntsville hospital,huntsvi??lle hospital
HospitalName,787,huntsville hospital,h@@untsville hospital
HospitalName,788,huntsville hospital,huntsvi??lle hospital
HospitalName,798,huntsville hospital,hun??tsville hospit#al
HospitalName,804,gadsden regional medical center,ga#dsden regional medi??cal center
HospitalName,805,gadsden regional medical center,empty
HospitalName,811,gadsden regional medical center,gadsden regional medical center#$
HospitalName,821,gadsden regional medical center,gadsden regional medi??cal center
HospitalName,823,gadsden regional medical center,empty
HospitalName,831,chilton medical center,%chilton medic$al center
HospitalName,845,chilton medical center,chilton medical center@@
HospitalName,857,marion regional medical center,mario$n regional medi@@cal center
HospitalName,861,marion regional medical center,marion re??gional?? medical center
HospitalName,862,marion regional medical center,marion regional ??medical center
HospitalName,875,marion regional medical center,empty
HospitalName,878,fayette medical center,fayet$te $medical center
HospitalName,882,fayette medical center,empty
HospitalName,892,fayette medical center,fayette me@@dical center#
HospitalName,893,fayette medical center,fayet%te medical center
HospitalName,904,riverview regional medical center,??riverview regional medical center
HospitalName,918,riverview regional medical center,river$view regi??onal medical center
HospitalName,921,riverview regional medical center,empty
HospitalName,922,riverview regional medical center,river#view #regional medical center
HospitalName,934,georgiana hospital,georgiana hospital#
HospitalName,938,georgiana hospital,georgiana% hospital
HospitalName,939,georgiana hospital,georg@@iana hospital
HospitalName,940,georgiana hospital,georgiana hospita$l
HospitalName,949,georgiana hospital,geo@%@rgiana hospital
HospitalName,950,georgiana hospital,georgiana %hospital
HospitalName,966,medical center enterprise,medical center ent??erprise
HospitalName,968,medical center enterprise,medical center en@@terprise
HospitalName,972,medical center enterprise,#medical center enterprise
HospitalName,978,medical center enterprise,m%edical center enterprise
HospitalName,985,st vincents blount,st vincen@@ts blo#unt
Address1,6,1720 university blvd,1720 university bl%v??d
Address1,7,1720 university blvd,1720 %universit$y blvd
Address1,13,1300 south montgomery avenue,1300 south montg??omery a@@venue
Address1,18,1300 south montgomery avenue,130??0 south montgomery avenue
Address1,19,1300 south montgomery avenue,empty
Address1,25,1108 ross clark circle,110$8 ross cl??ark circle
Address1,29,1108 ross clark circle,1108 ross clark circl#$e
Address1,30,1108 ross clark circle,empty
Address1,37,1108 ross clark circle,1108 %ross clark circ$le
Address1,40,1108 ross clark circle,1108% ross cla??rk circle
Address1,42,1108 ross clark circle,empty
Address1,55,2505 u s highway 431 north,2505 u s %highway #431 north
Address1,62,2505 u s highway 431 north,empty
Address1,74,205 marengo street,2$05 m%arengo street
Address1,79,205 marengo street,2??05 marengo street%
Address1,84,205 marengo street,20$5 ??marengo street
Address1,86,205 marengo street,205@@ marengo street
Address1,103,702 n main st,702 #n main %st
Address1,104,702 n main st,702 n# main %st
Address1,108,702 n main st,%702% n main st
Address1,110,702 n main st,$702 n m%ain st
Address1,116,702 n main st,7%02 n ??main st
Address1,119,702 n main st,702 n mai@@n st
Address1,132,101 hospital circle,empty
Address1,133,101 hospital circle,101 %hospital ci$rcle
Address1,141,101 hospital circle,101?? $hospital circle
Address1,145,201 pine street northwest,201% $pine street northwest
Address1,147,201 pine street northwest,empty
Address1,152,201 pine street northwest,201 pine?? stree#t northwest
Address1,153,201 pine street northwest,empty
Address1,174,8000 alabama highway 69,8$000 alabama highway 69
Address1,181,8000 alabama highway 69,empty
Address1,185,8000 alabama highway 69,empty
Address1,195,50 medical park east drive,empty
Address1,204,50 medical park east drive,empty
Address1,221,200 med center drive,200 med center dri$ve
Address1,230,200 med center drive,200 med center$ drive
Address1,237,200 med center drive,200 med cente$r drive
Address1,246,33700 highway 43,empty
Address1,253,33700 highway 43,empty
Address1,256,33700 highway 43,empty
Address1,257,33700 highway 43,@@33700 highway 43
Address1,263,33700 highway 43,33700 hig$hway 43
Address1,269,33700 highway 43,empty
Address1,273,1000 first street north,1??000 first street no$rth
Address1,275,1000 first street north,1000 f#irst street north%
Address1,282,1000 first street north,1000 first street #nor??th
Address1,287,1000 first street north,1$00#0 first street north
Address1,289,1000 first street north,1000 first street@@?? north
Address1,290,1000 first street north,1000 first str$eet north
Address1,292,1000 first street north,10??00 first street north
Address1,315,301 east 18th st,30#1 east 18th st??
Address1,317,301 east 18th st,301 e$ast 18th st
Address1,318,301 east 18th st,301@@ east 18th st
Address1,325,301 east 18th st,empty
Address1,327,301 east 18th st,301 east 18@@th s$t
Address1,339,4370 west main street,empty
Address1,343,4370 west main street,4370 west main ??street
Address1,352,810 st vincents drive,empty
Address1,353,810 st vincents drive,@@810 st vincents dri#ve
Address1,354,1201 7th street se,1201 7#th st%reet se
Address1,355,1530 u s highway 43,$1530 u s highway $43
Address1,358,1530 u s highway 43,empty
Address1,361,1530 u s highway 43,empty
Address1,372,1530 u s highway 43,1530 u %s highw??ay 43
Address1,377,1530 u s highway 43,empty
Address1,380,2451 fillingim street,2#451 fi%llingim street
Address1,399,124 s memorial dr,1$24 s memorial dr
Address1,410,124 s memorial dr,124 s memorial @@dr
Address1,413,15155 highway 43,15%155 highway% 43
Address1,414,15155 highway 43,15155 h@@ighw#ay 43
Address1,421,315 w hickory st,31%5 w hickory s%t
Address1,431,315 w hickory st,315 w hicko%r%y st
Address1,438,2801 debarr road,2%801 debarr road
Address1,445,2801 debarr road,2??801 debarr% road
Address1,448,2801 debarr road,2801 debarr roa#d
Address1,452,po box 287,po box ??287
Address1,454,1300 south montgomery avenue,1300 south montgomery a%venue
Address1,461,1300 south montgomery avenue,empty
Address1,467,126 hospital ave,12%6 hospital ave
Address1,469,126 hospital ave,126 hospital ave#
Address1,470,126 hospital ave,126 hosp#ital ave
Address1,473,126 hospital ave,126 hospital ??a??ve
Address1,474,126 hospital ave,126 hospital a#ve
Address1,479,126 hospital ave,126 hospital #ave
Address1,480,126 hospital ave,126 hospi$tal ave
Address1,488,126 hospital ave,empty
Address1,490,126 hospital ave,126 hospital# ave
Address1,498,400 northwood dr,400 northwood @@dr
Address1,502,400 northwood dr,empty
Address1,510,400 northwood dr,4%00 nort??hwood dr
Address1,511,400 northwood dr,400 n$orthwood dr
Address1,512,400 northwood dr,empty
Address1,513,400 northwood dr,400 n$orthwo%od dr
Address1,514,400 northwood dr,400 northwo????od dr
Address1,518,2105 east south boulevard,2105 east s??outh boulevard
Address1,532,2105 east south boulevard,empty
Address1,545,1725 pine street,172%5 pine street
Address1,549,1725 pine street,1725 p$ine stre%et
Address1,564,1725 pine street,1725 pine st#reet$
Address1,567,4800 48th st,empty
Address1,586,4800 48th st,%4800 48th st
Address1,601,987 drayton street,987 drayt$on street
Address1,614,987 drayton street,987 dr%ayton street
Address1,617,2000 pepperell parkway,2000 pepper#ell parkwa#y
Address1,618,2000 pepperell parkway,empty
Address1,624,2000 pepperell parkway,2000 peppere#ll parkway
Address1,626,2000 pepperell parkway,empty
Address1,631,2000 pepperell parkway,2000 pepperell p$arkw@@ay
Address1,649,209 north main street,209?? north main street
Address1,651,209 north main street,209 nort%h $main street
Address1,656,209 north main street,209 north main st%reet
Address1,672,619 south 19th street,619 south?? 19th$ street
Address1,674,619 south 19th street,619 south 19t#h street
Address1,680,619 south 19th street,619 sout#h 1%9th street
Address1,683,619 south 19th street,619 sou??th 19t%h street
Address1,685,619 south 19th street,619 so@@uth 19th street
Address1,690,619 south 19th street,619 south 19th stre@@et
Address1,691,619 south 19th street,empty
Address1,719,1912 alabama highway 157,1??912 al%abama highway 157
Address1,721,1912 alabama highway 157,empty
Address1,730,1912 alabama highway 157,1912 @@alabama highw@@ay 157
Address1,744,849 south three notch street,empty
Address1,746,849 south three notch street,849 south@@ thre#e notch street
Address1,772,301 east 18th st,301$ east ??18th st
Address1,786,101 sivley rd,101 siv@@ley rd
Address1,793,101 sivley rd,1@@01 sivley #rd
Address1,802,101 sivley rd,empty
Address1,805,1007 goodyear avenue,1007 goody#ear avenue
Address1,822,1007 goodyear avenue,1007$ go#odyear avenue
Address1,823,1007 goodyear avenue,empty
Address1,829,1010 lay dam road,1010 lay da$m?? road
Address1,837,1010 lay dam road,empty
Address1,843,1010 lay dam road,1010 l#ay dam road
Address1,852,1010 lay dam road,1010 l$ay dam road
Address1,857,1256 military street south,1256 military str#??eet south
Address1,860,1256 military street south,1256 %military street south
Address1,870,1256 military street south,empty
Address1,876,1256 military street south,1256 military street #@@south
Address1,879,1653 temple avenue north,empty
Address1,881,1653 temple avenue north,empty
Address1,885,1653 temple avenue north,1653 temple avenu@@e north
Address1,887,1653 temple avenue north,1653 temple avenue# north
Address1,898,1653 temple avenue north,16#53 temple avenue north
Address1,905,600 south third street,empty
Address1,908,600 south third street,600 south third s%treet
Address1,926,600 south third street,empty
Address1,928,600 south third street,600 south third s%treet
Address1,936,515 miranda st,515 mira%nda st
Address1,944,515 miranda st,515?? m#iranda st
Address1,947,515 miranda st,515 miranda st%
Address1,948,515 miranda st,515 mi#randa st
Address1,952,515 miranda st,empty
Address1,954,515 miranda st,5#15 mirand%a st
Address1,958,400 n edwards street,400 n edw??ards street
Address1,967,400 n edwards street,400 n edwards$ street
Address1,976,400 n edwards street,400$ n edwards st#reet
Address1,982,150 gilbreath drive,empty
Address1,988,150 gilbreath drive,150 gilbr$ea??th drive
Address1,993,150 gilbreath drive,#150 gilbreath drive
Address1,996,150 gilbreath drive,150 gilbr%eath drive
Address1,997,150 gilbreath drive,??15%0 gilbreath drive
Address2,15,empty,em#pty
Address2,17,empty,emp@@ty
Address2,43,empty,empt%y
Address2,52,empty,empty??
Address2,64,empty,??empt%y
Address2,102,empty,em??$pty
Address2,145,empty,emp@@ty$
Address2,150,empty,empty@@@@
Address2,180,empty,emp$ty
Address2,208,empty,empt$y
Address2,211,empty,empt#y
Address2,214,empty,e@@m$pty
Address2,234,empty,e$mpty
Address2,240,empty,emp#ty
Address2,247,empty,empty@@
Address2,248,empty,emp??ty#
Address2,255,empty,e#%mpty
Address2,257,empty,@@empty$
Address2,258,empty,emp@@ty
Address2,270,empty,empt#y
Address2,288,empty,empt$y
Address2,309,empty,#empty
Address2,312,empty,empty%
Address2,314,empty,em$pty
Address2,332,empty,em@@$pty
Address2,338,empty,@@empty
Address2,340,empty,emp??ty
Address2,348,empty,e%m%pty
Address2,378,empty,empty$
Address2,399,empty,em$pty
Address2,402,empty,empty#
Address2,415,empty,empt%@@y
Address2,461,empty,emp%ty
Address2,466,empty,e%mpty
Address2,471,empty,e$mp%ty
Address2,480,empty,empty%
Address2,487,empty,emp$#ty
Address2,519,empty,e@@m??pty
Address2,523,empty,emp%ty
Address2,532,empty,e#mpty
Address2,542,empty,#empty
Address2,549,empty,em$pt$y
Address2,552,empty,#empty
Address2,558,empty,@@%empty
Address2,578,empty,empt%y%
Address2,584,empty,em$pty
Address2,590,empty,emp??ty
Address2,591,empty,empt%y??
Address2,616,empty,empt#y$
Address2,628,empty,emp@@ty
Address2,635,empty,empty$
Address2,641,empty,$empty
Address2,663,empty,#empty
Address2,674,empty,@@empt$y
Address2,686,empty,emp??ty@@
Address2,710,empty,emp$ty
Address2,740,empty,empty#@@
Address2,754,empty,em$p%ty
Address2,765,empty,e??mpty
Address2,770,empty,empty#
Address2,801,empty,em??pt$y
Address2,811,empty,empt@@??y
Address2,834,empty,emp#ty%
Address2,836,empty,em%pty
Address2,851,empty,emp##ty
Address2,871,empty,emp#ty
Address2,879,empty,e#mpty
Address2,883,empty,%empty
Address2,892,empty,??empty
Address2,919,empty,e??mpty
Address2,930,empty,em$@@pty
Address2,937,empty,??empty
Address2,950,empty,em%pty
Address2,952,empty,e$mpty
Address2,976,empty,empty%@@
Address2,993,empty,em#pty$
Address3,14,empty,@$@empty
Address3,22,empty,empt#%y
Address3,37,empty,emp#ty
Address3,45,empty,%empty
Address3,53,empty,empt@@y
Address3,54,empty,em#pty
Address3,68,empty,#em$pty
Address3,78,empty,e$mp$ty
Address3,87,empty,em#pty
Address3,89,empty,emp%#ty
Address3,105,empty,e??m%pty
Address3,140,empty,%emp??ty
Address3,146,empty,em#pty
Address3,155,empty,emp%ty
Address3,158,empty,empt#y
Address3,164,empty,em%pt??y
Address3,178,empty,em@@pt??y
Address3,181,empty,e@@mp@@ty
Address3,188,empty,empty%
Address3,189,empty,empty#
Address3,193,empty,e??mp#ty
Address3,196,empty,emp$ty
Address3,198,empty,emp#ty??
Address3,200,empty,e#mpty
Address3,211,empty,empty%
Address3,215,empty,em#pty
Address3,219,empty,empt@@$y
Address3,231,empty,??empty
Address3,235,empty,emp??ty
Address3,237,empty,empty@@#
Address3,239,empty,#emp#ty
Address3,253,empty,empt%y
Address3,289,empty,empty@@
Address3,305,empty,#empty??
Address3,307,empty,em%pty@@
Address3,323,empty,empt#y
Address3,331,empty,empty@@
Address3,334,empty,empt#y$
Address3,339,empty,e$mp??ty
Address3,345,empty,emp??ty
Address3,346,empty,??empty
Address3,349,empty,@@empty#
Address3,353,empty,e%mpty@@
Address3,362,empty,empt??y
Address3,374,empty,emp??t$y
Address3,395,empty,em$p@@ty
Address3,409,empty,emp#$ty
Address3,410,empty,em#pt%y
Address3,415,empty,empt??y
Address3,435,empty,empt#y
Address3,447,empty,emp#ty
Address3,464,empty,em??p%ty
Address3,483,empty,emp%ty@@
Address3,492,empty,em@@pty
Address3,494,empty,empty$
Address3,505,empty,$e%mpty
Address3,518,empty,e%mp$ty
Address3,523,empty,em@@p@@ty
Address3,525,empty,em%$pty
Address3,527,empty,em@@p@@ty
Address3,528,empty,e#mpt??y
Address3,530,empty,e#mpty
Address3,534,empty,em$pty
Address3,548,empty,e??mp#ty
Address3,559,empty,emp@@%ty
Address3,567,empty,empty%
Address3,569,empty,%e#mpty
Address3,577,empty,#empty
Address3,629,empty,em@@pty#
Address3,640,empty,e$mpty
Address3,657,empty,e$mpty
Address3,662,empty,em%p#ty
Address3,694,empty,empty%
Address3,709,empty,em$pt%y
Address3,711,empty,#emp#ty
Address3,727,empty,empty@@
Address3,728,empty,emp#ty
Address3,729,empty,??em#pty
Address3,735,empty,e@%@mpty
Address3,738,empty,emp$ty
Address3,747,empty,em#p%ty
Address3,759,empty,em%pty
Address3,762,empty,e%mpty
Address3,770,empty,em%pty
Address3,776,empty,empty@@
Address3,782,empty,em#pty
Address3,792,empty,e@@mpty
Address3,796,empty,emp$ty
Address3,803,empty,em$pty
Address3,818,empty,empt#y??
Address3,842,empty,empty%
Address3,878,empty,e%mpty
Address3,890,empty,empty%
Address3,892,empty,em%pty$
Address3,909,empty,em$pty
Address3,936,empty,e#m#pty
Address3,942,empty,emp%ty
Address3,966,empty,emp$ty
Address3,970,empty,e$%mpty
Address3,979,empty,%empty??
City,8,birmingham,empty
City,25,dothan,#do$than
City,26,dothan,d%o$than
City,27,dothan,do#than@@
City,57,boaz,empty
City,59,boaz,empty
City,63,boaz,boaz#
City,72,florence,flo??r%ence
City,75,florence,@@flo$rence
City,77,florence,@@flor%ence
City,78,florence,fl??orence
City,80,florence,flor$ence
City,90,florence,florenc??e%
City,93,florence,empty
City,99,opp,empty
City,113,opp,o??pp
City,120,luverne,luve%r#ne
City,128,luverne,empty
City,130,luverne,luv%erne
City,146,hartselle,harts??elle
City,163,hartselle,empty
City,164,hartselle,ha@@@@rtselle
City,173,guntersville,gunte$rsville
City,176,guntersville,gun#t@@ersville
City,211,birmingham,birmin#@@gham
City,212,birmingham,empty
City,220,fort payne,fort pay$ne%
City,221,fort payne,f??ort payne
City,223,fort payne,fort p%ayne
City,234,fort payne,fo$rt payne
City,249,thomasville,$thomasvill%e
City,260,thomasville,@@thomasvil@@le
City,264,thomasville,thomasvi$lle
City,272,alabaster,empty
City,287,alabaster,alabaster#??
City,293,alabaster,empty
City,299,birmingham,birmingham@@
City,323,anniston,%annist@@on
City,328,anniston,@@anniston
City,330,anniston,??a@@nniston
City,345,dothan,doth#a$n
City,349,birmingham,birm%#ingham
City,361,winfield,empty
City,367,winfield,$winfield
City,374,winfield,winfield%
City,377,winfield,empty
City,389,mobile,mob@@i%le
City,390,mobile,#mobile
City,401,prattville,p??rattville
City,406,prattville,pra??tt@@ville
City,412,prattville,empty
City,418,sylacauga,sylacaug#a
City,430,sylacauga,sy@@lac#auga
City,435,anchorage,empty
City,437,anchorage,empty
City,440,anchorage,empty
City,451,bethel,b$ethel
City,452,bethel,empty
City,456,sheffield,she??ffield
City,462,sheffield,shef@@field
City,463,sheffield,s$heffield
City,467,ozark,oza??rk
City,469,ozark,empty
City,478,ozark,oza$rk
City,483,ozark,o??zark
City,500,centre,@@centre
City,518,montgomery,empty
City,529,montgomery,@@montgomery
City,532,montgomery,mont%gomery
City,533,montgomery,m??ontgom#ery
City,548,montgomery,montgomer@@y$
City,553,montgomery,empty
City,559,montgomery,montgomery@@
City,571,valley,va@@lley
City,573,valley,valley%
City,574,valley,valle$y
City,575,valley,vall#e@@y
City,581,valley,empty
City,584,valley,empty
City,599,elba,empty
City,602,elba,empty
City,604,elba,##elba
City,609,elba,el%ba
City,617,opelika,ope??lika%
City,624,opelika,opelik??a
City,626,opelika,empty
City,627,opelika,empty
City,631,opelika,empty
City,640,opelika,empty
City,659,wedowee,wedowee@@
City,663,wedowee,empty
City,664,wedowee,wedowee@@
City,666,wedowee,empty
City,667,birmingham,birmingha??m
City,669,birmingham,empty
City,681,birmingham,birmin#gham
City,684,birmingham,empty
City,685,birmingham,empty
City,690,birmingham,empty
City,691,birmingham,empty
City,693,tallassee,tallasse$e
City,694,tallassee,empty
City,702,tallassee,empty
City,705,tallassee,empty
City,708,tallassee,tallasse$e
City,714,tallassee,empty
City,734,cullman,cullma??%n
City,736,cullman,??cullman
City,743,andalusia,empty
City,747,andalusia,empty
City,755,andalusia,andalusi@@a
City,756,andalusia,empty
City,757,andalusia,andalu??sia
City,758,andalusia,anda#lusia
City,760,andalusia,an#??dalusia
City,761,andalusia,#andalusia
City,766,andalusia,a??nd%alusia
City,771,anniston,??annisto@@n
City,778,huntsville,empty
City,789,huntsville,hun??ts@@ville
City,790,huntsville,empty
City,792,huntsville,h%untsville
City,795,huntsville,empty
City,801,huntsville,??hu#ntsville
City,804,gadsden,empty
City,805,gadsden,empty
City,816,gadsden,gadsden##
City,831,clanton,clanton%
City,838,clanton,c#??lanton
City,848,clanton,empty
City,850,clanton,empty
City,852,clanton,c$lanto@@n
City,861,hamilton,hami@@lton
City,862,hamilton,empty
City,866,hamilton,hami??lton@@
City,867,hamilton,hami@@lton%
City,868,hamilton,ham%il#ton
City,871,hamilton,empty
City,874,hamilton,$hamilto%n
City,880,fayette,fayett@@#e
City,886,fayette,%fayette
City,890,fayette,empty
City,901,fayette,faye??tte
City,902,fayette,fayett#e
City,905,gadsden,gad@@sd#en
City,908,gadsden,gads#den
City,919,gadsden,gadsd??#en
City,933,georgiana,empty
City,936,georgiana,geo#rgiana
City,940,georgiana,empty
City,942,georgiana,??georgiana
City,946,georgiana,georgi%ana#
City,950,georgiana,empty
City,952,georgiana,g%eo@@rgiana
City,957,enterprise,ent$erprise
City,958,enterprise,empty
City,960,enterprise,en??ter%prise
City,961,enterprise,enterp#r#ise
City,968,enterprise,empty
City,975,enterprise,empty
City,991,oneonta,on#eonta@@
City,999,oneonta,empty
State,6,al,empty
State,8,al,empty
State,16,al,#%al
State,17,al,empty
State,24,al,empty
State,34,al,empty
State,36,al,$a$l
State,43,al,@@al#
State,48,al,al$
State,53,al,$$al
State,55,al,al@@%
State,69,al,a%l@@
State,71,al,a??l
State,72,al,a%%l
State,87,al,#al
State,96,al,%al
State,101,al,al@@
State,103,al,empty
State,111,al,empty
State,115,al,al@%@
State,138,al,a@@l#
State,152,al,empty
State,162,al,empty
State,164,al,@@al
State,168,al,??al??
State,169,al,a#l
State,173,al,empty
State,177,al,a%l
State,184,al,al%
State,197,al,#al%
State,198,al,empty
State,200,al,empty
State,203,al,al%
State,206,al,empty
State,210,al,al#
State,213,al,al%$
State,223,al,a??l
State,224,al,##al
State,248,al,empty
State,254,al,??@@al
State,258,al,empty
State,259,al,#al#
State,269,al,al$
State,274,al,al@%@
State,296,al,al@@
State,306,al,a@@l
State,314,al,empty
State,329,al,empty
State,336,al,?@@?al
State,338,al,$al
State,342,al,empty
State,345,al,empty
State,356,al,empty
State,358,al,@@al$
State,365,al,empty
State,368,al,a??l
State,369,al,empty
State,370,al,empty
State,374,al,al$@@
State,377,al,a@@l$
State,378,al,@@??al
State,387,al,empty
State,388,al,al%??
State,390,al,a??l
State,392,al,al#
State,394,al,#al#
State,395,al,%a#l
State,401,al,empty
State,404,al,empty
State,408,al,a$l
State,418,al,empty
State,423,al,empty
State,426,al,al%%
State,430,al,empty
State,436,ak,empty
State,439,ak,ak??
State,441,ak,empty
State,447,ak,empty
State,451,ak,empty
State,460,al,empty
State,461,al,@@??al
State,463,al,empty
State,470,al,a??l
State,472,al,empty
State,481,al,al@@??
State,485,al,a$l
State,492,al,#al
State,498,al,??al
State,504,al,%#al
State,514,al,@@al
State,522,al,??al
State,535,al,al??
State,536,al,a#l
State,544,al,$a??l
State,569,al,empty
State,574,al,al%
State,576,al,empty
State,586,al,a#$l
State,590,al,%a??l
State,592,al,a$l
State,596,al,a#%l
State,598,al,empty
State,599,al,a$%l
State,606,al,empty
State,612,al,al%
State,626,al,a%l
State,627,al,al@@
State,635,al,empty
State,644,al,al$@@
State,661,al,al@@$
State,664,al,empty
State,673,al,a??l
State,685,al,a%l
State,696,al,a%l
State,717,al,empty
State,725,al,al??
State,727,al,#$al
State,746,al,%al
State,766,al,a#l
State,768,al,a$l$
State,770,al,@@al
State,777,al,a@@l%
State,779,al,a$l
State,784,al,$al#
State,791,al,#a%l
State,799,al,empty
State,816,al,$#al
State,825,al,empty
State,828,al,al??
State,832,al,empty
State,834,al,a??l#
State,843,al,empty
State,846,al,%al
State,853,al,al@@%
State,854,al,empty
State,856,al,%$al
State,857,al,a$l
State,870,al,a#l%
State,877,al,#a$l
State,880,al,a??l
State,881,al,%al
State,882,al,#al$
State,883,al,a??l
State,884,al,@@a$l
State,886,al,al%@@
State,889,al,empty
State,890,al,a??l$
State,895,al,empty
State,898,al,??al??
State,915,al,a$@@l
State,921,al,#@@al
State,926,al,empty
State,931,al,empty
State,932,al,empty
State,942,al,%??al
State,945,al,empty
State,952,al,a????l
State,953,al,a$l
State,956,al,empty
State,973,al,$a@@l
State,984,al,a$l
State,993,al,empty
State,994,al,@@al@@
State,996,al,al??%
State,997,al,empty
ZipCode,11,35660,139578.9415023998
ZipCode,16,35660,146031.59424729875
ZipCode,19,35660,130902.44451715868
ZipCode,23,36302,171361.9767588002
ZipCode,43,36302,184711.53233107968
ZipCode,45,35957,212948.42935182084
ZipCode,47,35957,152857.940381523
ZipCode,54,35957,119315.64152349188
ZipCode,57,35957,108922.92552016834
ZipCode,61,35957,165926.75381291402
ZipCode,68,35957,151918.3896572712
ZipCode,71,35631,175776.99348863115
ZipCode,75,35631,115780.80284809046
ZipCode,78,35631,176387.49607752962
ZipCode,79,35631,empty
ZipCode,86,35631,204737.8067864717
ZipCode,89,35631,empty
ZipCode,98,36467,158898.71359340558
ZipCode,105,36467,205608.67363688207
ZipCode,106,36467,167305.7778311887
ZipCode,113,36467,160773.19460665822
ZipCode,118,36467,empty
ZipCode,128,36049,134654.28949962772
ZipCode,138,36049,143915.37485898007
ZipCode,142,36049,115235.03811925896
ZipCode,157,35640,211520.56986305048
ZipCode,167,35640,179086.46871013063
ZipCode,172,35976,160153.4626736387
ZipCode,175,35976,183660.38063781935
ZipCode,220,35968,205041.1169841817
ZipCode,224,35968,158135.49655785394
ZipCode,231,35968,188102.8129643713
ZipCode,236,35968,124562.79414850836
ZipCode,245,36784,empty
ZipCode,247,36784,181302.6162664768
ZipCode,248,36784,empty
ZipCode,261,36784,171213.98616336408
ZipCode,268,36784,empty
ZipCode,273,35007,189005.21377804183
ZipCode,274,35007,194244.26466773168
ZipCode,282,35007,179726.9417243472
ZipCode,290,35007,130628.7909140564
ZipCode,295,35233,172235.95872168586
ZipCode,301,35233,empty
ZipCode,304,35233,110967.17481364329
ZipCode,321,36201,206431.1271286552
ZipCode,324,36201,134399.34458084038
ZipCode,326,36201,empty
ZipCode,332,36305,empty
ZipCode,334,36305,139353.93078433047
ZipCode,335,36305,163639.43187433813
ZipCode,336,36305,203583.12164304277
ZipCode,337,36305,157555.54781577803
ZipCode,342,36305,162190.23831990146
ZipCode,347,36305,123695.32228144516
ZipCode,348,36305,empty
ZipCode,358,35594,137999.92210315942
ZipCode,360,35594,133791.56028804867
ZipCode,364,35594,162964.01866768725
ZipCode,368,35594,empty
ZipCode,384,36617,114763.31744644186
ZipCode,385,36617,128599.64660870771
ZipCode,386,36617,empty
ZipCode,409,36067,165627.52547916575
ZipCode,421,35150,129585.38563338896
ZipCode,424,35150,208559.4166027899
ZipCode,428,35150,empty
ZipCode,453,35660,131594.12995274388
ZipCode,454,35660,empty
ZipCode,455,35660,195517.2415729366
ZipCode,456,35660,empty
ZipCode,466,35660,194141.2896847518
ZipCode,468,36360,149702.59197176385
ZipCode,469,36360,166585.28108371398
ZipCode,474,36360,empty
ZipCode,476,36360,164575.85460568027
ZipCode,494,35960,135802.98388307486
ZipCode,496,35960,empty
ZipCode,499,35960,123171.91689885502
ZipCode,500,35960,137223.66342403984
ZipCode,506,35960,empty
ZipCode,517,36116,198956.73677921112
ZipCode,523,36116,111137.35765711138
ZipCode,538,36116,empty
ZipCode,541,36116,170933.75982322366
ZipCode,548,36106,empty
ZipCode,550,36106,174208.49196690417
ZipCode,557,36106,216091.51807128033
ZipCode,560,36106,empty
ZipCode,561,36106,115349.8318772147
ZipCode,563,36106,empty
ZipCode,570,36854,168898.83062112128
ZipCode,598,36323,190665.36843054648
ZipCode,599,36323,150535.31236380737
ZipCode,611,36323,169005.75025185946
ZipCode,623,36801,empty
ZipCode,624,36801,201053.4377728988
ZipCode,640,36801,140613.48219247395
ZipCode,642,36278,130717.0673208079
ZipCode,647,36278,empty
ZipCode,665,36278,128848.72873891729
ZipCode,666,36278,211012.1423476001
ZipCode,682,35233,114536.7404008366
ZipCode,683,35233,190884.3270502024
ZipCode,689,35233,160574.21362162827
ZipCode,697,36078,110642.65775852316
ZipCode,704,36078,109701.87571594075
ZipCode,714,36078,empty
ZipCode,729,35058,143370.74751333252
ZipCode,738,35058,empty
ZipCode,745,36420,131626.2020102417
ZipCode,751,36420,123568.48791649108
ZipCode,755,36420,182590.86975915803
ZipCode,761,36420,empty
ZipCode,763,36420,empty
ZipCode,764,36420,145735.3782021121
ZipCode,776,35801,181741.8159338105
ZipCode,779,35801,194315.60640477532
ZipCode,784,35801,191535.7390855351
ZipCode,785,35801,170257.67974494974
ZipCode,786,35801,128616.28160408112
ZipCode,787,35801,198453.20955612013
ZipCode,791,35801,141744.5310106849
ZipCode,796,35801,168297.3305812432
ZipCode,801,35801,empty
ZipCode,829,35045,empty
ZipCode,832,35045,empty
ZipCode,839,35045,174991.83469920311
ZipCode,840,35045,196786.59279250057
ZipCode,843,35045,138047.9121457853
ZipCode,853,35570,empty
ZipCode,855,35570,empty
ZipCode,857,35570,empty
ZipCode,869,35570,empty
ZipCode,870,35570,empty
ZipCode,875,35570,162311.99730170157
ZipCode,876,35570,empty
ZipCode,882,35555,empty
ZipCode,885,35555,185472.3616221916
ZipCode,889,35555,114494.19365181933
ZipCode,904,35901,113880.32368300224
ZipCode,919,35901,181535.75308012913
ZipCode,929,35901,111858.28146058672
ZipCode,938,36033,160859.78830011954
ZipCode,943,36033,empty
ZipCode,948,36033,186580.42294853143
ZipCode,949,36033,208835.73962313615
ZipCode,954,36033,empty
ZipCode,955,36033,empty
ZipCode,958,36330,123267.55795050344
ZipCode,975,36330,191576.7953006905
ZipCode,986,35121,167197.5916065829
ZipCode,989,35121,177409.07669448582
ZipCode,997,35121,180985.84835721957
CountyName,1,jefferson,empty
CountyName,4,jefferson,je%fferson%
CountyName,5,jefferson,jeff#ers#on
CountyName,12,jefferson,empty
CountyName,14,jefferson,empty
CountyName,17,jefferson,jeffe%#rson
CountyName,18,jefferson,je$f??ferson
CountyName,27,houston,h#ouston
CountyName,30,houston,hou??ston
CountyName,45,marshall,empty
CountyName,56,marshall,ma??rshall
CountyName,59,marshall,empty
CountyName,60,marshall,empty
CountyName,63,marshall,ma$rshall??
CountyName,65,marshall,mars@@hall
CountyName,76,lauderdale,empty
CountyName,95,covington,empty
CountyName,110,covington,empty
CountyName,117,covington,cov@@ington#
CountyName,118,covington,empty
CountyName,133,crenshaw,c%re#nshaw
CountyName,141,crenshaw,c$renshaw
CountyName,142,crenshaw,cr%enshaw%
CountyName,145,morgan,mo@@rg$an
CountyName,158,morgan,morg%an
CountyName,162,morgan,m#o$rgan
CountyName,164,morgan,morgan??
CountyName,183,marshall,empty
CountyName,193,marshall,empty
CountyName,195,jefferson,jeffe?$?rson
CountyName,196,jefferson,jefferso#n
CountyName,218,jefferson,jefferso$n
CountyName,227,de kalb,d%e kalb??
CountyName,228,de kalb,empty
CountyName,233,de kalb,#de kalb
CountyName,234,de kalb,de@@ kalb
CountyName,246,clarke,cl??ar%ke
CountyName,268,clarke,%clarke
CountyName,271,shelby,shelby??
CountyName,277,shelby,sh@@elby
CountyName,290,shelby,shelb$y
CountyName,291,shelby,empty
CountyName,302,jefferson,jeff#erson
CountyName,303,jefferson,jeffer??son
CountyName,304,jefferson,empty
CountyName,307,jefferson,%$jefferson
CountyName,313,calhoun,calho??un
CountyName,321,calhoun,empty
CountyName,324,calhoun,calh#oun
CountyName,326,calhoun,calh$oun
CountyName,338,houston,ho#usto#n
CountyName,343,houston,empty
CountyName,349,jefferson,empty
CountyName,365,marion,mari$on
CountyName,376,marion,mari@@on
CountyName,379,marion,empty
CountyName,380,mobile,mobi??le
CountyName,387,mobile,?$?mobile
CountyName,389,mobile,empty
CountyName,400,autauga,empty
CountyName,401,autauga,empty
CountyName,404,autauga,??%autauga
CountyName,412,autauga,aut$auga@@
CountyName,416,talladega,ta#llade#ga
CountyName,419,talladega,tall#$adega
CountyName,429,talladega,tall$a??dega
CountyName,430,talladega,tal??ladeg#a
CountyName,432,talladega,tal??ladeg%a
CountyName,436,anchorage,empty
CountyName,441,anchorage,empty
CountyName,451,bethel,@@#bethel
CountyName,452,bethel,be??%thel
CountyName,453,jefferson,empty
CountyName,454,jefferson,empty
CountyName,468,dale,empty
CountyName,478,dale,??d#ale
CountyName,482,dale,#da@@le
CountyName,483,dale,$dale??
CountyName,491,dale,da%le??
CountyName,492,cherokee,@@cherokee
CountyName,499,cherokee,$cherokee??
CountyName,500,cherokee,ch??erokee
CountyName,513,cherokee,empty
CountyName,519,montgomery,montgo%mery
CountyName,522,montgomery,montgo@@mer#y
CountyName,523,montgomery,montg??om@@ery
CountyName,554,montgomery,montgom#ery
CountyName,560,montgomery,montgomer@@@@y
CountyName,561,montgomery,empty
CountyName,565,montgomery,m%ontgomery
CountyName,578,chambers,chambe%rs
CountyName,583,chambers,ch%ambers
CountyName,602,coffee,cof%f$ee
CountyName,621,lee,l#ee
CountyName,627,lee,empty
CountyName,629,lee,empty
CountyName,632,lee,lee$
CountyName,636,lee,lee@@
CountyName,650,randolph,empty
CountyName,663,randolph,ra@@ndol??ph
CountyName,666,randolph,empty
CountyName,668,jefferson,jefferso#n
CountyName,676,jefferson,empty
CountyName,682,jefferson,jef??ferson@@
CountyName,683,jefferson,jef??fe@@rson
CountyName,684,jefferson,empty
CountyName,687,jefferson,jeffe$rson
CountyName,697,elmore,elmor????e
CountyName,705,elmore,empty
CountyName,712,elmore,elmore#
CountyName,714,elmore,empty
CountyName,715,elmore,elm%ore
CountyName,719,cullman,empty
CountyName,726,cullman,cul$lm$an
CountyName,732,cullman,empty
CountyName,740,cullman,c@@@@ullman
CountyName,748,covington,empty
CountyName,759,covington,co??vingt#on
CountyName,761,covington,covington$
CountyName,765,covington,c@@ovin#gton
CountyName,767,calhoun,empty
CountyName,769,calhoun,cal??houn
CountyName,772,calhoun,ca%lhoun
CountyName,773,calhoun,empty
CountyName,776,madison,m$adiso@@n
CountyName,785,madison,empty
CountyName,790,madison,m??a#dison
CountyName,796,madison,m$#adison
CountyName,797,madison,madiso#n
CountyName,801,madison,ma%dison%
CountyName,804,etowah,empty
CountyName,812,etowah,empty
CountyName,815,etowah,etow%ah
CountyName,816,etowah,empty
CountyName,823,etowah,empty
CountyName,824,etowah,empty
CountyName,825,etowah,empty
CountyName,832,chilton,ch%%ilton
CountyName,833,chilton,chi#lton
CountyName,847,chilton,empty
CountyName,848,chilton,chil#to#n
CountyName,850,chilton,??chilton
CountyName,851,chilton,#c??hilton
CountyName,856,marion,mari@@on
CountyName,892,fayette,fay??ette
CountyName,898,fayette,fayet@@te
CountyName,903,etowah,eto%wa%h
CountyName,910,etowah,empty
CountyName,913,etowah,empty
CountyName,922,etowah,empty
CountyName,925,etowah,$%etowah
CountyName,937,butler,empty
CountyName,950,butler,butle#r
CountyName,955,butler,empty
CountyName,958,coffee,c%offee
CountyName,966,coffee,empty
CountyName,967,coffee,empty
CountyName,973,coffee,c$@@offee
CountyName,982,blount,empty
CountyName,987,blount,blo%unt
CountyName,992,blount,blount%??
CountyName,993,blount,empty
CountyName,999,blount,empty
PhoneNumber,2,2053258100,7682392476.188261
PhoneNumber,22,3347938701,empty
PhoneNumber,29,3347938701,10246269050.962135
PhoneNumber,30,3347938701,empty
PhoneNumber,40,3347938701,empty
PhoneNumber,42,3347938701,empty
PhoneNumber,55,2565938310,8238154438.539401
PhoneNumber,61,2565938310,10894384364.977297
PhoneNumber,75,2567688400,12604435797.74936
PhoneNumber,76,2567688400,11545872508.009716
PhoneNumber,80,2567688400,8395325824.117642
PhoneNumber,88,2567688400,empty
PhoneNumber,106,3344933541,empty
PhoneNumber,107,3344933541,17279026585.52058
PhoneNumber,113,3344933541,empty
PhoneNumber,118,3344933541,empty
PhoneNumber,120,3343353374,15491236813.18208
PhoneNumber,126,3343353374,16491286734.885109
PhoneNumber,130,3343353374,empty
PhoneNumber,137,3343353374,16621729507.309572
PhoneNumber,141,3343353374,empty
PhoneNumber,144,3343353374,17123304825.370443
PhoneNumber,160,2567736511,8638934673.65955
PhoneNumber,164,2567736511,empty
PhoneNumber,167,2567736511,9543332366.379684
PhoneNumber,174,2565718000,12317521906.296331
PhoneNumber,179,2565718000,empty
PhoneNumber,217,2058383122,11344285030.775476
PhoneNumber,221,2568453150,empty
PhoneNumber,232,2568453150,empty
PhoneNumber,234,2568453150,10411091503.948942
PhoneNumber,240,2568453150,10458180355.773909
PhoneNumber,242,2568453150,12047334877.249832
PhoneNumber,244,2568453150,14116549527.023165
PhoneNumber,249,3346366221,empty
PhoneNumber,257,3346366221,empty
PhoneNumber,260,3346366221,15379824678.299334
PhoneNumber,268,3346366221,empty
PhoneNumber,269,3346366221,empty
PhoneNumber,287,2056208100,11325053944.837908
PhoneNumber,302,2053258100,empty
PhoneNumber,314,2562358900,9175183070.329807
PhoneNumber,331,2562358900,empty
PhoneNumber,332,3347935000,18009832303.04331
PhoneNumber,334,3347935000,empty
PhoneNumber,339,3347935000,empty
PhoneNumber,344,3347935000,19740004194.92724
PhoneNumber,353,2059397000,10863901075.687092
PhoneNumber,360,2054877736,10635604017.736048
PhoneNumber,361,2054877736,10303997846.7944
PhoneNumber,365,2054877736,11450191295.715334
PhoneNumber,366,2054877736,empty
PhoneNumber,380,2514717110,empty
PhoneNumber,388,2514717110,13296396646.559477
PhoneNumber,389,2514717110,14117051027.858671
PhoneNumber,393,3343614267,11770520567.001194
PhoneNumber,398,3343614267,14153354414.173077
PhoneNumber,407,3343614267,empty
PhoneNumber,410,3343614267,14438918459.51253
PhoneNumber,413,2563321611,10199598386.54722
PhoneNumber,441,9072761131,empty
PhoneNumber,445,9072761131,50592710021.395195
PhoneNumber,459,2563864556,12075303762.00477
PhoneNumber,463,2563864556,11998227332.035624
PhoneNumber,469,3347742601,19662642246.99748
PhoneNumber,474,3347742601,10995977876.417795
PhoneNumber,476,3347742601,18597990285.16282
PhoneNumber,484,3347742601,10561120823.483725
PhoneNumber,486,3347742601,15015277737.20961
PhoneNumber,487,3347742601,empty
PhoneNumber,492,2569275531,empty
PhoneNumber,494,2569275531,10119914352.771498
PhoneNumber,500,2569275531,empty
PhoneNumber,501,2569275531,12210535945.908476
PhoneNumber,508,2569275531,empty
PhoneNumber,530,3342882100,12299885477.411528
PhoneNumber,536,3342882100,empty
PhoneNumber,547,3342938000,14190176791.635897
PhoneNumber,552,3342938000,13285004222.6515
PhoneNumber,555,3342938000,empty
PhoneNumber,559,3342938000,11388963771.185198
PhoneNumber,585,3347561400,empty
PhoneNumber,601,3348972257,empty
PhoneNumber,610,3348972257,10225855419.853107
PhoneNumber,623,3347493411,empty
PhoneNumber,626,3347493411,empty
PhoneNumber,631,3347493411,14201298664.626492
PhoneNumber,639,3347493411,empty
PhoneNumber,642,2563572111,empty
PhoneNumber,644,2563572111,10310412577.015558
PhoneNumber,660,2563572111,8685085602.719517
PhoneNumber,664,2563572111,11181798468.028788
PhoneNumber,668,2059344011,6818162715.618563
PhoneNumber,671,2059344011,11803823578.236551
PhoneNumber,676,2059344011,10483841626.851442
PhoneNumber,677,2059344011,empty
PhoneNumber,679,2059344011,10916520282.274208
PhoneNumber,691,2059344011,8315712961.1743965
PhoneNumber,692,3342836541,empty
PhoneNumber,703,3342836541,empty
PhoneNumber,714,3342836541,empty
PhoneNumber,715,3342836541,13578830746.30022
PhoneNumber,719,2567372000,14796446682.132456
PhoneNumber,724,2567372000,11179776990.737053
PhoneNumber,732,2567372000,10254172244.449284
PhoneNumber,733,2567372000,empty
PhoneNumber,735,2567372000,empty
PhoneNumber,737,2567372000,11998429217.269554
PhoneNumber,742,3342228466,15640819026.273785
PhoneNumber,762,3342228466,19919641938.085327
PhoneNumber,769,2562358900,empty
PhoneNumber,770,2562358900,empty
PhoneNumber,777,2562651000,empty
PhoneNumber,781,2562651000,14042229230.23664
PhoneNumber,792,2562651000,14327293757.12246
PhoneNumber,795,2562651000,empty
PhoneNumber,796,2562651000,empty
PhoneNumber,813,2564944000,10332249632.35337
PhoneNumber,814,2564944000,9023161142.306444
PhoneNumber,815,2564944000,8606502507.431574
PhoneNumber,816,2564944000,9689149922.52966
PhoneNumber,817,2564944000,10854186068.566273
PhoneNumber,824,2564944000,14620153875.119951
PhoneNumber,826,2564944000,empty
PhoneNumber,833,2057552500,11479002411.464075
PhoneNumber,836,2057552500,empty
PhoneNumber,842,2057552500,11933532081.575949
PhoneNumber,850,2057552500,empty
PhoneNumber,853,2059216200,10391386930.445704
PhoneNumber,866,2059216200,12101009040.373688
PhoneNumber,870,2059216200,empty
PhoneNumber,878,2059325966,empty
PhoneNumber,890,2059325966,10171987498.940626
PhoneNumber,893,2059325966,11129226174.658298
PhoneNumber,905,2565435200,11635499693.92336
PhoneNumber,914,2565435200,12806236792.958187
PhoneNumber,916,2565435200,13118100351.397318
PhoneNumber,922,2565435200,9161033655.197266
PhoneNumber,932,3343762205,13572282001.725445
PhoneNumber,933,3343762205,empty
PhoneNumber,935,3343762205,14786135927.713036
PhoneNumber,937,3343762205,17883843969.31341
PhoneNumber,939,3343762205,empty
PhoneNumber,940,3343762205,18689576770.08518
PhoneNumber,941,3343762205,13448151400.163675
PhoneNumber,942,3343762205,15684574306.759567
PhoneNumber,944,3343762205,12872395802.63739
PhoneNumber,945,3343762205,empty
PhoneNumber,947,3343762205,empty
PhoneNumber,958,3343470584,19413689550.66865
PhoneNumber,962,3343470584,empty
PhoneNumber,981,2052743000,6568741736.822485
PhoneNumber,982,2052743000,empty
PhoneNumber,983,2052743000,empty
PhoneNumber,988,2052743000,10212472838.445229
PhoneNumber,995,2052743000,8482675297.97016
HospitalType,2,acute care hospitals,@@acute care hospitals
HospitalType,10,acute care hospitals,acute ca%re hospitals
HospitalType,12,acute care hospitals,acute c%are hospi$tals
HospitalType,21,acute care hospitals,acut$e ca%re hospitals
HospitalType,25,acute care hospitals,empty
HospitalType,34,acute care hospitals,acute care ho$spitals
HospitalType,35,acute care hospitals,empty
HospitalType,39,acute care hospitals,empty
HospitalType,48,acute care hospitals,empty
HospitalType,49,acute care hospitals,empty
HospitalType,53,acute care hospitals,empty
HospitalType,57,acute care hospitals,empty
HospitalType,70,acute care hospitals,acute care $hospitals
HospitalType,72,acute care hospitals,ac$ute care hospi#tals
HospitalType,74,acute care hospitals,acut??e care h@@ospitals
HospitalType,93,acute care hospitals,acut#e@@ care hospitals
HospitalType,98,acute care hospitals,acut%??e care hospitals
HospitalType,99,acute care hospitals,empty
HospitalType,102,acute care hospitals,empty
HospitalType,113,acute care hospitals,empty
HospitalType,128,acute care hospitals,acute ca%re $hospitals
HospitalType,131,acute care hospitals,acut%e care hospita#ls
HospitalType,133,acute care hospitals,empty
HospitalType,146,acute care hospitals,acute care hospita??ls
HospitalType,157,acute care hospitals,empty
HospitalType,158,acute care hospitals,acute care hospi%t$als
HospitalType,159,acute care hospitals,a#cute care hospitals
HospitalType,160,acute care hospitals,acute ca%re hospitals$
HospitalType,162,acute care hospitals,empty
HospitalType,163,acute care hospitals,acute care hospi??tals
HospitalType,170,acute care hospitals,acute care hos$pitals
HospitalType,174,acute care hospitals,a??c@@ute care hospitals
HospitalType,188,acute care hospitals,ac@@ute ca@@re hospitals
HospitalType,192,acute care hospitals,acut#e car@@e hospitals
HospitalType,194,acute care hospitals,acute %care hospitals
HospitalType,200,acute care hospitals,acute care hos#pitals
HospitalType,205,acute care hospitals,acute% care h%ospitals
HospitalType,207,acute care hospitals,acute care# hospitals
HospitalType,210,acute care hospitals,empty
HospitalType,211,acute care hospitals,empty
HospitalType,216,acute care hospitals,acute care ho#spitals
HospitalType,217,acute care hospitals,acu@@te care hospitals
HospitalType,222,acute care hospitals,empty
HospitalType,240,acute care hospitals,empty
HospitalType,266,acute care hospitals,acute care hospital#s
HospitalType,269,acute care hospitals,acu@@te care hospitals
HospitalType,273,acute care hospitals,acute c@@are hospi@@tals
HospitalType,286,acute care hospitals,acut??e care $hospitals
HospitalType,289,acute care hospitals,a$cute care hos$pitals
HospitalType,292,acute care hospitals,acute c@@are hospitals
HospitalType,293,acute care hospitals,empty
HospitalType,306,acute care hospitals,ac%ute care hospi@@tals
HospitalType,312,acute care hospitals,acute care h??ospitals%
HospitalType,323,acute care hospitals,acute care h#ospitals
HospitalType,328,acute care hospitals,empty
HospitalType,332,acute care hospitals,empty
HospitalType,333,acute care hospitals,empty
HospitalType,334,acute care hospitals,acute care$ hospitals
HospitalType,344,acute care hospitals,acute care ho%spitals
HospitalType,347,acute care hospitals,empty
HospitalType,354,acute care hospitals,acute care hospi????tals
HospitalType,356,acute care hospitals,acut@@e ca%re hospitals
HospitalType,361,acute care hospitals,acute care h$ospitals
HospitalType,372,acute care hospitals,acut$e care hospitals
HospitalType,385,acute care hospitals,acute care hos%$pitals
HospitalType,395,acute care hospitals,empty
HospitalType,399,acute care hospitals,acute care $hospitals
HospitalType,401,acute care hospitals,#acute care h%ospitals
HospitalType,403,acute care hospitals,empty
HospitalType,425,acute care hospitals,empty
HospitalType,428,acute care hospitals,acute care hospital??%s
HospitalType,431,acute care hospitals,acute c??are hosp??itals
HospitalType,432,acute care hospitals,acute care% hospita@@ls
HospitalType,436,acute care hospitals,acute care hospita??ls
HospitalType,437,acute care hospitals,acute care ho??spitals%
HospitalType,441,acute care hospitals,acute care h%ospi#tals
HospitalType,445,acute care hospitals,empty
HospitalType,449,acute care hospitals,empty
HospitalType,452,acute care hospitals,empty
HospitalType,453,acute care hospitals,empty
HospitalType,454,acute care hospitals,empty
HospitalType,456,acute care hospitals,a#cute c%are hospitals
HospitalType,460,acute care hospitals,ac@@ute care hos#pitals
HospitalType,476,acute care hospitals,empty
HospitalType,479,acute care hospitals,empty
HospitalType,482,acute care hospitals,empty
HospitalType,485,acute care hospitals,acute car%e hospit#als
HospitalType,488,acute care hospitals,acute ca??re hospitals
HospitalType,499,acute care hospitals,acute car#%e hospitals
HospitalType,512,acute care hospitals,%acute care hospitals
HospitalType,519,acute care hospitals,acute care hospit#als%
HospitalType,538,acute care hospitals,acute care ho??spitals
HospitalType,539,acute care hospitals,a@@cute care hospitals
HospitalType,551,acute care hospitals,a$cute care hospita#ls
HospitalType,565,acute care hospitals,acute c%are hospitals
HospitalType,572,acute care hospitals,a%cute care hosp$itals
HospitalType,574,acute care hospitals,acute ca%re h%ospitals
HospitalType,577,acute care hospitals,empty
HospitalType,588,acute care hospitals,acute care hosp$itals
HospitalType,599,acute care hospitals,acute care h%ospital#s
HospitalType,605,acute care hospitals,acute care hosp??itals
HospitalType,611,acute care hospitals,acute c??are hospitals
HospitalType,616,acute care hospitals,acute care hos??pitals
HospitalType,617,acute care hospitals,empty
HospitalType,618,acute care hospitals,acute $ca$re hospitals
HospitalType,626,acute care hospitals,acu??te care h??ospitals
HospitalType,632,acute care hospitals,acute care ho$spita??ls
HospitalType,638,acute care hospitals,empty
HospitalType,649,acute care hospitals,acute care hospital%s??
HospitalType,660,acute care hospitals,empty
HospitalType,671,acute care hospitals,acute?? care hospitals
HospitalType,676,acute care hospitals,acute% care hospitals
HospitalType,679,acute care hospitals,empty
HospitalType,684,acute care hospitals,a??cute ca??re hospitals
HospitalType,695,acute care hospitals,empty
HospitalType,696,acute care hospitals,a%cute care %hospitals
HospitalType,697,acute care hospitals,empty
HospitalType,712,acute care hospitals,ac$ute$ care hospitals
HospitalType,714,acute care hospitals,empty
HospitalType,718,acute care hospitals,empty
HospitalType,724,acute care hospitals,acute ca$re #hospitals
HospitalType,735,acute care hospitals,empty
HospitalType,742,acute care hospitals,empty
HospitalType,743,acute care hospitals,acute care hospi$tals
HospitalType,747,acute care hospitals,empty
HospitalType,750,acute care hospitals,acute care hospitals@@
HospitalType,757,acute care hospitals,ac$ute care hospitals
HospitalType,772,acute care hospitals,ac@@ute care hospitals
HospitalType,774,acute care hospitals,acut#e care hospitals
HospitalType,786,acute care hospitals,a@@cute care hospitals
HospitalType,794,acute care hospitals,empty
HospitalType,803,acute care hospitals,acute care hospita??ls#
HospitalType,825,acute care hospitals,acute @@care hospi#tals
HospitalType,835,acute care hospitals,acute@@ care hospitals#
HospitalType,837,acute care hospitals,empty
HospitalType,847,acute care hospitals,empty
HospitalType,853,acute care hospitals,empty
HospitalType,855,acute care hospitals,empty
HospitalType,856,acute care hospitals,empty
HospitalType,861,acute care hospitals,acute care hosp%itals??
HospitalType,867,acute care hospitals,empty
HospitalType,872,acute care hospitals,ac??ute car@@e hospitals
HospitalType,881,acute care hospitals,acute care h@@ospital$s
HospitalType,896,acute care hospitals,empty
HospitalType,904,acute care hospitals,empty
HospitalType,914,acute care hospitals,acute c#are hospitals
HospitalType,921,acute care hospitals,empty
HospitalType,931,acute care hospitals,acute care?? hospitals
HospitalType,932,acute care hospitals,acute care hosp%itals
HospitalType,933,acute care hospitals,empty
HospitalType,942,acute care hospitals,acute care hospit??a@@ls
HospitalType,949,acute care hospitals,a??cute care hospi$tals
HospitalType,950,acute care hospitals,empty
HospitalType,951,acute care hospitals,acute care hospitals#%
HospitalType,968,acute care hospitals,acu%te care hospita%ls
HospitalType,969,acute care hospitals,empty
HospitalType,980,acute care hospitals,acute care h#ospita%ls
HospitalType,983,acute care hospitals,acute??$ care hospitals
HospitalType,988,acute care hospitals,acut#e care% hospitals
HospitalType,995,acute care hospitals,empty
HospitalOwner,2,voluntary non-profit - private,volunta??#ry non-profit - private
HospitalOwner,6,voluntary non-profit - private,voluntar$y non-profit ??- private
HospitalOwner,8,voluntary non-profit - private,voluntary non-profit - priva@@te
HospitalOwner,17,government - hospital district or authority,empty
HospitalOwner,18,government - hospital district or authority,empty
HospitalOwner,22,government - hospital district or authority,empty
HospitalOwner,23,government - hospital district or authority,government - hospital distr%i$ct or authority
HospitalOwner,30,government - hospital district or authority,governmen??t - hospital district or authority
HospitalOwner,34,government - hospital district or authority,government - hospital district @@or authority
HospitalOwner,49,government - hospital district or authority,governme$nt - hos$pital district or authority
HospitalOwner,52,government - hospital district or authority,government - hospit#al district or authority
HospitalOwner,54,government - hospital district or authority,government - hospital %district or authority
HospitalOwner,57,government - hospital district or authority,empty
HospitalOwner,70,voluntary non-profit - other,empty
HospitalOwner,88,voluntary non-profit - other,empty
HospitalOwner,92,voluntary non-profit - other,voluntar@@y n??on-profit - other
HospitalOwner,94,voluntary non-profit - other,empty
HospitalOwner,98,voluntary non-profit - private,empty
HospitalOwner,100,voluntary non-profit - private,empty
HospitalOwner,112,voluntary non-profit - private,empty
HospitalOwner,113,voluntary non-profit - private,voluntary non-p$rofit @@- private
HospitalOwner,114,voluntary non-profit - private,empty
HospitalOwner,122,government - federal,government -# federal
HospitalOwner,130,government - federal,empty
HospitalOwner,133,government - federal,g@@overnment - federal
HospitalOwner,139,government - federal,????government - federal
HospitalOwner,176,government - hospital district or authority,g%overnment - hospital dis#trict or authority
HospitalOwner,178,government - hospital district or authority,government - hospit@@al $district or authority
HospitalOwner,189,government - hospital district or authority,empty
HospitalOwner,193,government - hospital district or authority,government - hosp%ital district or authority
HospitalOwner,194,government - hospital district or authority,government - $hos$pital district or authority
HospitalOwner,196,voluntary non-profit - private,empty
HospitalOwner,197,voluntary non-profit - private,voluntary non%-profit - private
HospitalOwner,198,voluntary non-profit - private,empty
HospitalOwner,203,voluntary non-profit - private,voluntary non-profit - p%rivate
HospitalOwner,216,voluntary non-profit - private,empty
HospitalOwner,218,voluntary non-profit - private,volun??tary no@@n-profit - private
HospitalOwner,228,voluntary non-profit - church,empty
HospitalOwner,233,voluntary non-profit - church,empty
HospitalOwner,234,voluntary non-profit - church,empty
HospitalOwner,242,voluntary non-profit - church,empty
HospitalOwner,244,voluntary non-profit - church,voluntary @@non-profit - ch@@urch
HospitalOwner,248,government - federal,government #- federal
HospitalOwner,250,government - federal,empty
HospitalOwner,262,government - federal,@@government - federal
HospitalOwner,265,government - federal,government - #federal
HospitalOwner,273,voluntary non-profit - church,volunt#ary?? non-profit - church
HospitalOwner,278,voluntary non-profit - church,%voluntary $non-profit - church
HospitalOwner,279,voluntary non-profit - church,voluntary no$n-profit - church
HospitalOwner,291,voluntary non-profit - church,voluntary non-profit - c$hurch
HospitalOwner,301,voluntary non-profit - private,empty
HospitalOwner,304,voluntary non-profit - private,voluntary non-profit - pr#@@ivate
HospitalOwner,311,voluntary non-profit - private,volu??ntary n%on-profit - private
HospitalOwner,314,proprietary,empty
HospitalOwner,320,proprietary,proprietar@@y
HospitalOwner,331,proprietary,propr??ieta$ry
HospitalOwner,338,proprietary,proprie??t$ary
HospitalOwner,345,proprietary,pro#prietar$y
HospitalOwner,347,proprietary,pr??oprieta#ry
HospitalOwner,366,proprietary,#proprietary%
HospitalOwner,369,proprietary,propr??ieta$ry
HospitalOwner,370,proprietary,pr#op$rietary
HospitalOwner,392,government - state,government - stat%e
HospitalOwner,393,voluntary non-profit - private,empty
HospitalOwner,394,voluntary non-profit - private,v@@oluntar??y non-profit - private
HospitalOwner,397,voluntary non-profit - private,voluntary n@@on-profit - private
HospitalOwner,405,voluntary non-profit - private,voluntary non-profit @@- private
HospitalOwner,420,voluntary non-profit - other,voluntary non-pr??ofit - $other
HospitalOwner,431,voluntary non-profit - other,voluntary non-profit - ot#her
HospitalOwner,438,proprietary,pr#oprietar$y
HospitalOwner,442,proprietary,empty
HospitalOwner,451,government - federal,government $- federal
HospitalOwner,463,government - hospital district or authority,g@@overnment - hospital district or authorit??y
HospitalOwner,468,government - hospital district or authority,government - ??hospital district or au$thority
HospitalOwner,475,government - hospital district or authority,government @@-# hospital district or authority
HospitalOwner,509,voluntary non-profit - private,voluntary non-profit?? %- private
HospitalOwner,514,voluntary non-profit - private,voluntary non-profit - $private
HospitalOwner,515,voluntary non-profit - private,empty
HospitalOwner,517,voluntary non-profit - church,volunt@@ary $non-profit - church
HospitalOwner,527,voluntary non-profit - church,voluntary non-profit - chu$rch
HospitalOwner,536,voluntary non-profit - church,voluntar@@y non-??profit - church
HospitalOwner,543,voluntary non-profit - private,??#voluntary non-profit - private
HospitalOwner,545,voluntary non-profit - private,empty
HospitalOwner,553,voluntary non-profit - private,volu#ntary non-profit - $private
HospitalOwner,558,voluntary non-profit - private,voluntary n@@on-profit - private
HospitalOwner,569,voluntary non-profit - other,empty
HospitalOwner,576,voluntary non-profit - other,voluntary no%n-profit - other
HospitalOwner,596,voluntary non-profit - other,empty
HospitalOwner,605,voluntary non-profit - other,voluntary non-#profit - other
HospitalOwner,631,government - hospital district or authority,go$vernment - hospital district or@@ authority
HospitalOwner,633,government - hospital district or authority,empty
HospitalOwner,647,government - local,empty
HospitalOwner,650,government - local,empty
HospitalOwner,659,government - local,government #- local
HospitalOwner,666,government - local,go@@v#ernment - local
HospitalOwner,690,government - state,empty
HospitalOwner,693,voluntary non-profit - private,empty
HospitalOwner,696,voluntary non-profit - private,voluntary non-profi@@t - private
HospitalOwner,700,voluntary non-profit - private,voluntary non-profit - private#
HospitalOwner,714,voluntary non-profit - private,voluntary non-pr??ofit - private
HospitalOwner,715,voluntary non-profit - private,empty
HospitalOwner,720,government - hospital district or authority,government - hos#pital district or authority
HospitalOwner,722,government - hospital district or authority,go%vernment - hospital district or authority
HospitalOwner,724,government - hospital district or authority,gover@@@@nment - hospital district or authority
HospitalOwner,733,government - hospital district or authority,government - h#ospital district or authority
HospitalOwner,738,government - hospital district or authority,government - hospital di??strict or authority
HospitalOwner,740,government - hospital district or authority,government - hospital district or aut%hority
HospitalOwner,750,proprietary,empty
HospitalOwner,759,proprietary,pr$#oprietary
HospitalOwner,783,government - hospital district or authority,empty
HospitalOwner,786,government - hospital district or authority,empty
HospitalOwner,788,government - hospital district or authority,government - hospital district or @@authority
HospitalOwner,789,government - hospital district or authority,gov@@ernment - hospital district or authority
HospitalOwner,799,government - hospital district or authority,government@@ - hospital district or authority
HospitalOwner,818,proprietary,empty
HospitalOwner,820,proprietary,empty
HospitalOwner,822,proprietary,proprieta%#ry
HospitalOwner,823,proprietary,$prop%rietary
HospitalOwner,824,proprietary,pro@@prietary
HospitalOwner,827,proprietary,empty
HospitalOwner,832,voluntary non-profit - private,voluntary $non-profit - private
HospitalOwner,833,voluntary non-profit - private,vo%luntary$ non-profit - private
HospitalOwner,837,voluntary non-profit - private,voluntary non@@-profit - private
HospitalOwner,842,voluntary non-profit - private,empty
HospitalOwner,850,voluntary non-profit - private,v??oluntary non-profit - private
HospitalOwner,852,voluntary non-profit - private,voluntar@@y non%-profit - private
HospitalOwner,866,voluntary non-profit - private,??voluntary non-profit - ??private
HospitalOwner,868,voluntary non-profit - private,volun@@tary non-profit - private
HospitalOwner,871,voluntary non-profit - private,empty
HospitalOwner,874,voluntary non-profit - private,empty
HospitalOwner,877,voluntary non-profit - private,volunt??ary non-pro#fit - private
HospitalOwner,881,voluntary non-profit - other,empty
HospitalOwner,886,voluntary non-profit - other,empty
HospitalOwner,892,voluntary non-profit - other,empty
HospitalOwner,894,voluntary non-profit - other,voluntary #non-profit - other
HospitalOwner,899,voluntary non-profit - other,empty
HospitalOwner,907,proprietary,empty
HospitalOwner,909,proprietary,propr#ietary$
HospitalOwner,916,proprietary,$proprietary
HospitalOwner,921,proprietary,pro%prietary
HospitalOwner,929,proprietary,propr#ietary
HospitalOwner,940,voluntary non-profit - private,empty
HospitalOwner,943,voluntary non-profit - private,volun??tary non-pr%ofit - private
HospitalOwner,953,voluntary non-profit - private,voluntary non-profit - privat%e
HospitalOwner,954,voluntary non-profit - private,empty
HospitalOwner,955,voluntary non-profit - private,volunta#ry non-profit - priv$ate
HospitalOwner,956,proprietary,propr#iet$ary
HospitalOwner,962,proprietary,proprieta#ry
HospitalOwner,973,proprietary,??proprietary
HospitalOwner,979,proprietary,propr#%ietary
HospitalOwner,987,voluntary non-profit - private,voluntary non-profit@@ - private
HospitalOwner,990,voluntary non-profit - private,volunt$ary non-profit - priv#ate
HospitalOwner,993,voluntary non-profit - private,vol#untary non@@-profit - private
HospitalOwner,999,voluntary non-profit - private,voluntary no%n-profit - private
EmergencyService,7,yes,empty
EmergencyService,8,yes,#??yes
EmergencyService,9,yes,y%es#
EmergencyService,18,yes,ye@@s
EmergencyService,19,yes,y$es
EmergencyService,37,yes,empty
EmergencyService,49,yes,y??e??s
EmergencyService,50,yes,empty
EmergencyService,58,yes,empty
EmergencyService,60,yes,ye@@$s
EmergencyService,66,yes,y@$@es
EmergencyService,67,yes,ye#s
EmergencyService,86,yes,empty
EmergencyService,91,yes,ye??s
EmergencyService,108,no,%no
EmergencyService,111,no,??n??o
EmergencyService,112,no,#no#
EmergencyService,119,no,empty
EmergencyService,140,yes,yes@@
EmergencyService,141,yes,empty
EmergencyService,153,yes,yes?@@?
EmergencyService,154,yes,$ye$s
EmergencyService,165,yes,$$yes
EmergencyService,172,yes,yes$
EmergencyService,175,yes,empty
EmergencyService,181,yes,ye@@s
EmergencyService,194,yes,y@@$es
EmergencyService,198,yes,empty
EmergencyService,199,yes,yes$??
EmergencyService,203,yes,empty
EmergencyService,204,yes,empty
EmergencyService,209,yes,empty
EmergencyService,211,yes,y??es
EmergencyService,215,yes,y%es#
EmergencyService,222,yes,empty
EmergencyService,241,yes,@@yes
EmergencyService,253,yes,empty
EmergencyService,265,yes,empty
EmergencyService,267,yes,yes$
EmergencyService,272,yes,yes$
EmergencyService,284,yes,ye#s
EmergencyService,291,yes,empty
EmergencyService,309,yes,ye#%s
EmergencyService,311,yes,empty
EmergencyService,312,yes,empty
EmergencyService,320,yes,ye@@s
EmergencyService,326,yes,ye#s
EmergencyService,332,yes,??yes
EmergencyService,336,yes,ye??s$
EmergencyService,340,yes,empty
EmergencyService,342,yes,ye??s%
EmergencyService,347,yes,y??e#s
EmergencyService,348,yes,ye%s
EmergencyService,378,yes,empty
EmergencyService,386,yes,yes@@
EmergencyService,393,yes,y%es
EmergencyService,394,yes,%#yes
EmergencyService,398,yes,empty
EmergencyService,400,yes,empty
EmergencyService,409,yes,empty
EmergencyService,418,no,no$
EmergencyService,423,no,empty
EmergencyService,424,no,@@no
EmergencyService,446,yes,y#@@es
EmergencyService,449,yes,empty
EmergencyService,452,no,no@@
EmergencyService,454,yes,y??e@@s
EmergencyService,463,yes,y@@es
EmergencyService,465,yes,%y#es
EmergencyService,472,yes,empty
EmergencyService,481,yes,$y$es
EmergencyService,483,yes,yes@@@@
EmergencyService,487,yes,y@@e#s
EmergencyService,491,yes,empty
EmergencyService,498,yes,y#e%s
EmergencyService,507,yes,ye#s
EmergencyService,510,yes,empty
EmergencyService,511,yes,y$e$s
EmergencyService,522,yes,ye%s
EmergencyService,538,yes,y#es
EmergencyService,540,yes,y%es
EmergencyService,545,yes,ye%??s
EmergencyService,548,yes,empty
EmergencyService,549,yes,empty
EmergencyService,550,yes,??ye%s
EmergencyService,563,yes,y%e#s
EmergencyService,566,yes,ye%s
EmergencyService,570,yes,empty
EmergencyService,579,yes,empty
EmergencyService,584,yes,empty
EmergencyService,585,yes,yes#@@
EmergencyService,587,yes,empty
EmergencyService,599,yes,y@@es
EmergencyService,608,yes,y@$@es
EmergencyService,616,yes,ye#s
EmergencyService,626,yes,empty
EmergencyService,635,yes,yes%%
EmergencyService,637,yes,y$es
EmergencyService,641,yes,empty
EmergencyService,645,no,no??#
EmergencyService,648,no,empty
EmergencyService,653,no,empty
EmergencyService,659,no,$n@@o
EmergencyService,660,no,no%??
EmergencyService,673,yes,@@y??es
EmergencyService,679,yes,empty
EmergencyService,685,yes,empty
EmergencyService,686,yes,y@@es
EmergencyService,697,no,n%o
EmergencyService,700,no,empty
EmergencyService,701,no,%n#o
EmergencyService,712,no,no@@
EmergencyService,715,no,@@$no
EmergencyService,718,yes,y????es
EmergencyService,726,yes,empty
EmergencyService,730,yes,empty
EmergencyService,738,yes,ye#s
EmergencyService,744,no,no%
EmergencyService,749,no,??no
EmergencyService,769,yes,empty
EmergencyService,772,yes,ye@@s
EmergencyService,783,yes,y%es
EmergencyService,795,yes,empty
EmergencyService,797,yes,yes@@
EmergencyService,813,yes,ye$s@@
EmergencyService,815,yes,ye@@s@@
EmergencyService,816,yes,ye#s
EmergencyService,825,yes,ye@@s@@
EmergencyService,831,yes,yes%??
EmergencyService,832,yes,y??es
EmergencyService,835,yes,empty
EmergencyService,845,yes,ye%s
EmergencyService,847,yes,y??e%s
EmergencyService,848,yes,empty
EmergencyService,850,yes,#y%es
EmergencyService,858,yes,yes%
EmergencyService,866,yes,empty
EmergencyService,886,yes,ye??#s
EmergencyService,887,yes,ye%s
EmergencyService,891,yes,??y%es
EmergencyService,892,yes,empty
EmergencyService,896,yes,??yes
EmergencyService,901,yes,empty
EmergencyService,903,yes,??@@yes
EmergencyService,906,yes,yes#
EmergencyService,912,yes,ye%s
EmergencyService,916,yes,y??es
EmergencyService,927,yes,@@yes
EmergencyService,931,no,empty
EmergencyService,940,no,??n@@o
EmergencyService,944,no,?@@?no
EmergencyService,964,yes,y#e@@s
EmergencyService,980,yes,empty
EmergencyService,999,yes,y??$es
Condition,30,heart failure,@@heart %failure
Condition,32,pneumonia,pn??eumonia
Condition,34,pneumonia,@@pneumonia
Condition,36,pneumonia,@@pneumonia
Condition,44,surgical infection prevention,empty
Condition,49,heart attack,@@heart attack
Condition,53,heart failure,empty
Condition,61,pneumonia,empty
Condition,67,surgical infection prevention,empty
Condition,68,surgical infection prevention,su@@rgical i$nfection prevention
Condition,83,pneumonia,pn$eumon%ia
Condition,84,pneumonia,pne#umonia
Condition,112,surgical infection prevention,empty
Condition,116,surgical infection prevention,surgical infe%cti@@on prevention
Condition,120,heart attack,he@@art #attack
Condition,121,heart attack,he%art atta??ck
Condition,123,heart attack,heart@@ attack
Condition,129,heart failure,he#art failure
Condition,131,pneumonia,empty
Condition,137,surgical infection prevention,surgical inf??ection prevention
Condition,148,heart attack,empty
Condition,149,heart attack,h%eart% attack
Condition,150,heart attack,empty
Condition,152,heart failure,empty
Condition,154,heart failure,heart fa#ilure%
Condition,176,heart attack,empty
Condition,189,surgical infection prevention,empty
Condition,190,surgical infection prevention,surgical infection prevent##ion
Condition,191,surgical infection prevention,surg??ical infection ??prevention
Condition,203,heart failure,heart fa@@ilure
Condition,211,pneumonia,pneumo$nia
Condition,215,surgical infection prevention,surgic%al infection% prevention
Condition,216,surgical infection prevention,surgical ??infection prevention
Condition,219,surgical infection prevention,empty
Condition,225,heart attack,heart% atta@@ck
Condition,231,pneumonia,p@@#neumonia
Condition,236,pneumonia,pneu%m$onia
Condition,243,surgical infection prevention,surgical infection prevent%ion
Condition,266,surgical infection prevention,surgic%al infection ??prevention
Condition,278,heart failure,empty
Condition,296,heart attack,hea%r@@t attack
Condition,300,heart attack,empty
Condition,313,children s asthma care,children% s ast$hma care
Condition,317,heart attack,$heart attack
Condition,323,heart failure,empty
Condition,333,heart failure,heart fai$lure
Condition,337,pneumonia,pneumo??nia
Condition,338,pneumonia,??pneumon#ia
Condition,339,pneumonia,pneum??onia
Condition,343,surgical infection prevention,surg%ical infection prevention
Condition,352,heart attack,he$art attack
Condition,354,surgical infection prevention,surgical infection p#rev#ention
Condition,359,heart attack,@@heart ??attack
Condition,385,heart attack,he??art attack
Condition,392,pneumonia,pneu??$monia
Condition,394,heart attack,empty
Condition,401,heart failure,empty
Condition,407,pneumonia,pneumo@@nia
Condition,417,heart attack,he@@art attack
Condition,420,heart attack,empty
Condition,426,pneumonia,pneum##onia
Condition,432,surgical infection prevention,empty
Condition,433,heart failure,$heart failur@@e
Condition,444,surgical infection prevention,empty
Condition,445,surgical infection prevention,s@@urgical infection prevention
Condition,446,surgical infection prevention,@@surgical infection prevention
Condition,448,surgical infection prevention,surgical infection prevention@@
Condition,455,pneumonia,pneumonia%
Condition,461,surgical infection prevention,empty
Condition,466,surgical infection prevention,surgical inf%ection prevention
Condition,470,heart attack,heart@@ attac@@k
Condition,471,heart attack,@@heart attack
Condition,486,surgical infection prevention,surgical infec??tion prevention
Condition,488,surgical infection prevention,surgical infection %prevention
Condition,489,surgical infection prevention,surgical infecti%on p%revention
Condition,493,heart attack,empty
Condition,496,heart attack,heart at%%tack
Condition,499,heart failure,he$art failure
Condition,500,heart failure,#h@@eart failure
Condition,503,pneumonia,pne#umonia
Condition,510,surgical infection prevention,surgical infection pre%v??ention
Condition,513,surgical infection prevention,surgical infect%ion pr$evention
Condition,514,surgical infection prevention,surgical infectio%n preventio%n
Condition,519,heart attack,heart$ att??ack
Condition,530,pneumonia,pneu#m#onia
Condition,540,surgical infection prevention,surgical# infection prevention
Condition,551,heart failure,empty
Condition,554,pneumonia,empty
Condition,556,pneumonia,empty
Condition,576,heart failure,heart failur@@e
Condition,580,pneumonia,empty
Condition,583,pneumonia,empty
Condition,591,surgical infection prevention,surgical inf#ecti%on prevention
Condition,592,heart attack,heart a@@ttack
Condition,601,heart failure,empty
Condition,602,heart failure,hear#t #failure
Condition,616,surgical infection prevention,empty
Condition,621,heart attack,empty
Condition,631,pneumonia,%@@pneumonia
Condition,633,pneumonia,empty
Condition,648,heart attack,%heart attack
Condition,655,pneumonia,pn#$eumonia
Condition,666,surgical infection prevention,empty
Condition,669,heart attack,heart attack#
Condition,675,heart failure,heart fail??ure
Condition,679,pneumonia,pneum?%?onia
Condition,681,pneumonia,??@@pneumonia
Condition,687,surgical infection prevention,surgical infecti$on pre@@vention
Condition,696,heart attack,empty
Condition,703,pneumonia,empty
Condition,708,pneumonia,pneumonia%
Condition,709,surgical infection prevention,empty
Condition,714,surgical infection prevention,surgical infection #prevention
Condition,725,heart failure,he$art failur@@e
Condition,737,surgical infection prevention,%surgical infection prevention
Condition,738,surgical infection prevention,surgical infection pre%venti@@on
Condition,739,surgical infection prevention,empty
Condition,746,heart attack,empty
Condition,747,heart attack,heart @@attack
Condition,749,heart failure,empty
Condition,755,pneumonia,pn%eumonia
Condition,757,pneumonia,pn$eumoni@@a
Condition,760,surgical infection prevention,empty
Condition,764,surgical infection prevention,empty
Condition,773,surgical infection prevention,surg@@ical infection $prevention
Condition,774,surgical infection prevention,empty
Condition,780,heart attack,he??art #attack
Condition,800,surgical infection prevention,surgi$cal infection preventio??n
Condition,825,surgical infection prevention,empty
Condition,829,heart attack,??he??art attack
Condition,837,heart failure,he%??art failure
Condition,839,pneumonia,p%neumo#nia
Condition,846,surgical infection prevention,surgical in$fection prevention
Condition,847,surgical infection prevention,surgical infec??tion p$revention
Condition,848,surgical infection prevention,surgical infection preventio$n
Condition,855,heart attack,hea??rt attack
Condition,862,heart failure,empty
Condition,873,surgical infection prevention,empty
Condition,875,surgical infection prevention,surgical infecti%on pre#vention
Condition,881,heart attack,empty
Condition,891,pneumonia,pneu$m@@onia
Condition,896,surgical infection prevention,surgi%cal infection prevention@@
Condition,900,surgical infection prevention,empty
Condition,907,heart attack,#heart attack
Condition,918,pneumonia,pne??umoni??a
Condition,924,surgical infection prevention,empty
Condition,925,surgical infection prevention,empty
Condition,930,surgical infection prevention,empty
Condition,931,heart attack,heart ??attack
Condition,933,heart attack,??h@@eart attack
Condition,943,pneumonia,pneum$o@@nia
Condition,947,pneumonia,pneumoni%a
Condition,950,surgical infection prevention,sur#gical infection p??revention
Condition,952,surgical infection prevention,surgical infection %prevention
Condition,953,surgical infection prevention,surgical?? infection prevention
Condition,956,heart attack,heart att$ack
Condition,963,heart failure,h??eart $failure
Condition,969,pneumonia,pne@@umon@@ia
Condition,976,surgical infection prevention,surgical infec%tio$n prevention
Condition,978,surgical infection prevention,surgi@@c%al infection prevention
Condition,983,heart attack,empty
MeasureCode,3,scip-inf-2,scip-inf-%2
MeasureCode,39,scip-inf-2,empty
MeasureCode,48,ami-4,empty
MeasureCode,49,ami-5,$ami-5
MeasureCode,52,hf-1,empty
MeasureCode,54,hf-3,empty
MeasureCode,55,hf-4,@@h$f-4
MeasureCode,56,pn-2,empty
MeasureCode,58,pn-4,p$n@@-4
MeasureCode,61,pn-7,pn%-7
MeasureCode,70,ami-1,empty
MeasureCode,106,pn-2,%pn-2
MeasureCode,119,scip-vte-2,empty
MeasureCode,126,ami-8a,am??i-8a
MeasureCode,135,pn-6,pn-?%?6
MeasureCode,136,pn-7,empty
MeasureCode,139,scip-inf-2,empty
MeasureCode,144,scip-vte-2,scip-vte%-$2
MeasureCode,148,ami-4,ami-@@4$
MeasureCode,166,scip-inf-4,empty
MeasureCode,167,scip-inf-6,empty
MeasureCode,172,ami-3,a@@mi-3
MeasureCode,185,pn-6,empty
MeasureCode,192,scip-inf-6,scip-@@inf??-6
MeasureCode,195,ami-1,a??mi$-1
MeasureCode,197,ami-3,ami-@@@@3
MeasureCode,199,ami-5,am%i%-5
MeasureCode,206,pn-2,pn-2??
MeasureCode,211,pn-7,pn-##7
MeasureCode,214,scip-inf-2,empty
MeasureCode,221,ami-2,am??i-2
MeasureCode,226,ami-8a,$am@@i-8a
MeasureCode,239,scip-inf-2,scip-inf??-2
MeasureCode,243,scip-vte-1,$scip-vte-1
MeasureCode,253,hf-2,hf-2?#?
MeasureCode,260,pn-6,empty
MeasureCode,274,ami-5,am$i-5$
MeasureCode,275,ami-7a,empty
MeasureCode,299,ami-5,empty
MeasureCode,300,ami-7a,empty
MeasureCode,305,hf-4,h@@f-??4
MeasureCode,321,hf-1,empty
MeasureCode,330,pn-7,@@pn??-7
MeasureCode,332,hf-2,hf#-#2
MeasureCode,333,hf-3,hf-3@@$
MeasureCode,334,hf-4,empty
MeasureCode,339,pn-6,pn@@-6
MeasureCode,349,ami-1,empty
MeasureCode,350,ami-2,$ami-2
MeasureCode,361,ami-8a,am??i-8a
MeasureCode,364,hf-3,empty
MeasureCode,375,scip-inf-3,#scip-i$nf-3
MeasureCode,381,ami-2,am$i-2
MeasureCode,385,ami-7a,empty
MeasureCode,395,ami-4,$ami-4
MeasureCode,396,ami-5,am@@i-%5
MeasureCode,409,scip-card-2,empty
MeasureCode,418,ami-4,ami-4%
MeasureCode,421,ami-8a,%ami-8a
MeasureCode,426,pn-2,@@pn-2
MeasureCode,430,pn-6,%pn-6
MeasureCode,434,hf-2,hf%??-2
MeasureCode,435,hf-3,h%f-3
MeasureCode,442,pn-7,empty
MeasureCode,444,scip-inf-1,sci%p-inf-1
MeasureCode,457,pn-6,pn@@-#6
MeasureCode,466,scip-vte-2,empty
MeasureCode,468,ami-2,ami-??%2
MeasureCode,486,scip-inf-2,empty
MeasureCode,500,hf-2,empty
MeasureCode,506,pn-5c,pn@@-5c
MeasureCode,512,scip-inf-3,#scip-inf-3
MeasureCode,526,hf-3,empty
MeasureCode,529,pn-3b,empty
MeasureCode,534,scip-card-2,empty
MeasureCode,537,scip-inf-3,s%cip-inf-3
MeasureCode,538,scip-inf-4,empty
MeasureCode,539,scip-inf-6,scip-inf-%6
MeasureCode,543,ami-2,am#i-2
MeasureCode,545,ami-4,ami-@@4
MeasureCode,553,pn-2,p@@n#-2
MeasureCode,562,scip-inf-3,sc??ip-inf-3
MeasureCode,564,scip-inf-6,empty
MeasureCode,573,ami-8a,a$m#i-8a
MeasureCode,580,pn-4,pn-4#
MeasureCode,583,pn-7,p@@n-%7
MeasureCode,598,ami-8a,am#@@i-8a
MeasureCode,604,pn-3b,pn??-@@3b
MeasureCode,611,scip-inf-2,scip-i??n%f-2
MeasureCode,614,scip-inf-6,empty
MeasureCode,628,pn-2,pn$$-2
MeasureCode,633,pn-7,$p@@n-7
MeasureCode,635,scip-inf-1,empty
MeasureCode,639,scip-inf-6,scip#-inf$-6
MeasureCode,645,ami-4,empty
MeasureCode,646,ami-5,ami%-5
MeasureCode,650,hf-2,??hf$-2
MeasureCode,656,pn-5c,pn@@-5c@@
MeasureCode,660,scip-inf-1,??scip-inf-1
MeasureCode,662,scip-inf-3,s??cip-inf-3
MeasureCode,671,ami-5,ami-5#
MeasureCode,685,scip-inf-1,empty
MeasureCode,686,scip-inf-2,empty
MeasureCode,696,ami-5,%ami-5
MeasureCode,700,hf-2,h#f-2
MeasureCode,703,pn-2,pn-$2@@
MeasureCode,708,pn-7,p@@??n-7
MeasureCode,720,ami-4,ami-??4@@
MeasureCode,724,hf-1,$hf-1
MeasureCode,728,pn-2,empty
MeasureCode,751,hf-3,hf-@@3
MeasureCode,756,pn-5c,??pn-5c
MeasureCode,768,scip-inf-1,empty
MeasureCode,777,cac-3,empty
MeasureCode,789,pn-2,empty
MeasureCode,793,pn-6,pn-6??
MeasureCode,798,scip-inf-3,sci$p-inf-??3
MeasureCode,799,scip-inf-4,scip-in#f@@-4
MeasureCode,807,ami-5,empty
MeasureCode,809,ami-8a,ami#%-8a
MeasureCode,810,hf-1,h??f-1
MeasureCode,815,pn-3b,empty
MeasureCode,827,scip-vte-2,sc??ip-vte-$2
MeasureCode,844,pn-7,p%n-7
MeasureCode,846,scip-inf-1,scip-inf-@@1
MeasureCode,857,ami-5,@@ami-5
MeasureCode,860,hf-1,hf-1%
MeasureCode,868,pn-6,empty
MeasureCode,870,scip-card-2,#s??cip-card-2
MeasureCode,875,scip-inf-6,??scip-??inf-6
MeasureCode,889,pn-2,empty
MeasureCode,890,pn-3b,p%n-3b
MeasureCode,899,scip-inf-4,scip-inf-??4
MeasureCode,911,ami-7a,%ami-7a
MeasureCode,918,pn-3b,empty
MeasureCode,919,pn-4,pn-@@4@@
MeasureCode,923,scip-card-2,@@scip-car??d-2
MeasureCode,925,scip-inf-2,empty
MeasureCode,927,scip-inf-4,empty
MeasureCode,935,ami-5,a%mi-5
MeasureCode,939,hf-2,@@$hf-2
MeasureCode,963,hf-1,hf@@-1#
MeasureCode,964,hf-2,hf-2????
MeasureCode,965,hf-3,empty
MeasureCode,978,scip-inf-6,scip-inf-#6
MeasureCode,992,pn-2,??pn-2$
MeasureCode,999,scip-inf-1,empty
MeasureCode,1000,scip-inf-2,scip-inf#-2
MeasureName,6,surgery patients needing hair removed from the surgical area before surgery who had hair removed using a safer method (electric clippers or hair removal cream c not a razor),empty
MeasureName,7,surgery patients whose doctors ordered treatments to prevent blood clots after certain types of surgeries,empty
MeasureName,39,surgery patients who were given the  right kind  of antibiotic to help prevent infection,surgery patients who were given the  ri$ght kind  of antibiotic to help prevent infection
MeasureName,47,heart attack patients given ace inhibitor or arb for left ventricular systolic dysfunction (lvsd),heart attack patients given ace inhibitor or arb f$or left ventricular systolic dysfunction (lvsd)
MeasureName,51,heart attack patients given pci within 90 minutes of arrival,heart attack patient??s given pci within 90 minutes of arrival
MeasureName,82,pneumonia patients whose initial emergency room blood culture was performed prior to the administration of the first hospital dose of antibiotics,pneumonia patients whose initial emergency room blo#od culture was performed prior to the administration of the first hospit$al dose of antibiotics
MeasureName,95,heart attack patients given aspirin at arrival,empty
MeasureName,96,heart attack patients given aspirin at discharge,heart attack $patients given aspirin at discharge
MeasureName,99,heart attack patients given beta blocker at discharge,empty
MeasureName,101,heart attack patients given pci within 90 minutes of arrival,hea??rt attack patients given pci within 90 minutes of arrival
MeasureName,107,pneumonia patients whose initial emergency room blood culture was performed prior to the administration of the first hospital dose of antibiotics,pneumonia patients whose initial emergency room blood cu@@lture was performed prior to the administration of the first hospital dose of antibiotics
MeasureName,113,surgery patients who were given an antibiotic at the right time (within one hour before surgery) to help prevent infection,surgery pa%tients who were given an antibiotic at the right time (within one hour before surger??y) to help prevent infection
MeasureName,115,surgery patients whose preventive antibiotics were stopped at the right time (within 24 hours after surgery),surgery patients whose preventive antibiotics were stopped at the right time (wit$hin 24 hours after surgery)
MeasureName,118,surgery patients whose doctors ordered treatments to prevent blood clots after certain types of surgeries,surgery patients whose doctors orde%red treatments to prev#ent blood clots after certain types of surgeries
MeasureName,120,heart attack patients given aspirin at arrival,heart attack patients given aspirin at a??rrival#
MeasureName,136,pneumonia patients assessed and given influenza vaccination,empty
MeasureName,138,surgery patients who were given an antibiotic at the right time (within one hour before surgery) to help prevent infection,surgery patients who were given an antibiotic at the right time (within ??one hour before sur$gery) to help prevent infection
MeasureName,145,heart attack patients given aspirin at arrival,heart attack patient#s given aspirin at arri%val
MeasureName,150,heart attack patients given fibrinolytic medication within 30 minutes of arrival,heart attack patients given fibrinolytic m$edication within 30 minutes of arrival
MeasureName,152,heart failure patients given discharge instructions,heart failure patients given discharg@@e instructions
MeasureName,156,pneumonia patients assessed and given pneumococcal vaccination,pneumonia patients assessed and given pn#eumococcal vaccinat#ion
MeasureName,170,heart attack patients given aspirin at arrival,empty
MeasureName,174,heart attack patients given beta blocker at discharge,heart at%t@@ack patients given beta blocker at discharge
MeasureName,177,heart failure patients given discharge instructions,heart failure p@@atients given discharge in@@structions
MeasureName,186,pneumonia patients assessed and given influenza vaccination,pneumonia patients assessed #and given influenza vaccination
MeasureName,200,heart attack patients given fibrinolytic medication within 30 minutes of arrival,heart attack patients gi??ven fibrinolytic medication within 30 minutes of arrival
MeasureName,207,pneumonia patients whose initial emergency room blood culture was performed prior to the administration of the first hospital dose of antibiotics,pneumonia patients whose$ initial emergency room blood culture was performed prior to the administration of the first hospital dose of antibiotics
MeasureName,210,pneumonia patients given the most appropriate initial antibiotic(s),empty
MeasureName,216,all heart surgery patients whose blood sugar (blood glucose) is kept under good control in the days right after surgery,empty
MeasureName,224,heart attack patients given beta blocker at discharge,heart attac??@@k patients given beta blocker at discharge
MeasureName,227,heart failure patients given discharge instructions,heart failure patients g@@iven discharge instructions
MeasureName,237,surgery patients who were taking heart drugs called beta blockers before coming to the hospital who were kept on the beta blockers during the period just before and after their surgery,surgery patients who were taking heart drugs called beta blockers before coming to the hospital$ who were kept on the beta blockers% during the period just before and after their surgery
MeasureName,241,all heart surgery patients whose blood sugar (blood glucose) is kept under good control in the days right after surgery,empty
MeasureName,242,surgery patients needing hair removed from the surgical area before surgery who had hair removed using a safer method (electric clippers or hair removal cream c not a razor),surgery patients needing hair removed from the surgical area before surgery who had hair removed using a safer method?? (electric clippers or hair removal cream c not a razor)
MeasureName,244,patients who got treatment  at the right time (within 24 hours before or after their surgery) to help prevent blood clots after certain types of surgery,empty
MeasureName,245,heart attack patients given aspirin at arrival,heart attack patients given aspir@@in at% arrival
MeasureName,250,heart attack patients given fibrinolytic medication within 30 minutes of arrival,heart at%tack ??patients given fibrinolytic medication within 30 minutes of arrival
MeasureName,256,pneumonia patients assessed and given pneumococcal vaccination,pneumonia patients asses??sed and given pneumococcal vaccination
MeasureName,263,surgery patients who were given an antibiotic at the right time (within one hour before surgery) to help prevent infection,surgery patients who were given@@ an antibiotic at the right t%ime (within one hour before surgery) to help prevent infection
MeasureName,275,heart attack patients given fibrinolytic medication within 30 minutes of arrival,empty
MeasureName,281,pneumonia patients assessed and given pneumococcal vaccination,empty
MeasureName,290,surgery patients whose preventive antibiotics were stopped at the right time (within 24 hours after surgery),surgery patients whose preventive antibiotics were stopped at the right time (within 24 hours aft$er surgery)
MeasureName,291,all heart surgery patients whose blood sugar (blood glucose) is kept under good control in the days right after surgery,all heart surgery #patients wh$ose blood sugar (blood glucose) is kept under good control in the days right after surgery
MeasureName,293,surgery patients whose doctors ordered treatments to prevent blood clots after certain types of surgeries,surgery patients whose doctors ordered treatments %to prevent blood clots after certain types of surgeries
MeasureName,298,heart attack patients given smoking cessation advice/counseling,empty
MeasureName,332,heart failure patients given an evaluation of left ventricular systolic (lvs) function,empty
MeasureName,339,pneumonia patients given the most appropriate initial antibiotic(s),pneumonia patients given the $most appropriate initial antibiotic(s)
MeasureName,358,heart attack patients given smoking cessation advice/counseling,heart attack ??patients given smoking cessation advice/counseling
MeasureName,369,pneumonia patients given initial antibiotic(s) within 6 hours after arrival,pneumonia patients given initial antibiotic(s) wit@@hin 6 hours after a$rrival
MeasureName,380,heart attack patients given aspirin at arrival,heart attack patients given aspirin at arr%i$val
MeasureName,393,heart attack patients given aspirin at discharge,empty
MeasureName,395,heart attack patients given smoking cessation advice/counseling,heart attack patie$nts given smoking cessation a%dvice/counseling
MeasureName,396,heart attack patients given beta blocker at discharge,empty
MeasureName,397,heart attack patients given fibrinolytic medication within 30 minutes of arrival,heart attack p#atients given fibrinolytic medication within 30 minu$tes of arrival
MeasureName,400,heart failure patients given an evaluation of left ventricular systolic (lvs) function,heart failure $patients given an evaluation of left ventricular systolic (lvs) function
MeasureName,415,heart attack patients given aspirin at arrival,heart att@@ack patients given aspirin at %arrival
MeasureName,430,pneumonia patients given the most appropriate initial antibiotic(s),pneumonia patients given the most appropriate initial antibio$tic(s)
MeasureName,452,heart attack patients given aspirin at discharge,h#eart att%ack patients given aspirin at discharge
MeasureName,453,pneumonia patients assessed and given pneumococcal vaccination,empty
MeasureName,457,pneumonia patients given the most appropriate initial antibiotic(s),pneumonia patients g@@iven the most appropriate init$ial antibiotic(s)
MeasureName,460,surgery patients who were given an antibiotic at the right time (within one hour before surgery) to help prevent infection,surgery patients who were given an antibiotic at the right time (within one hour before surgery)?? to help prevent infection
MeasureName,472,heart attack patients given fibrinolytic medication within 30 minutes of arrival,empty
MeasureName,478,pneumonia patients assessed and given pneumococcal vaccination,pneumonia patients assessed and# given pneumococcal vaccin??ation
MeasureName,483,pneumonia patients assessed and given influenza vaccination,pneumonia patients assessed and given?? infl@@uenza vaccination
MeasureName,495,heart attack patients given smoking cessation advice/counseling,empty
MeasureName,496,heart attack patients given beta blocker at discharge,heart?? attack patients given beta blocker at discharge
MeasureName,500,heart failure patients given an evaluation of left ventricular systolic (lvs) function,heart failure patients g$iven an evaluation of left ventricular systolic (lvs) function
MeasureName,501,heart failure patients given ace inhibitor or arb for left ventricular systolic dysfunction (lvsd),empty
MeasureName,510,surgery patients who were given an antibiotic at the right time (within one hour before surgery) to help prevent infection,surgery patients who were given an antibiotic a%t the right time (within one hour before surgery) to help prevent infection
MeasureName,511,surgery patients who were given the  right kind  of antibiotic to help prevent infection,empty
MeasureName,514,surgery patients needing hair removed from the surgical area before surgery who had hair removed using a safer method (electric clippers or hair removal cream c not a razor),empty
MeasureName,520,heart attack patients given smoking cessation advice/counseling,heart attack patien%ts given smoking cessation advice/counseling??
MeasureName,521,heart attack patients given beta blocker at discharge,he%art attack patients given beta blocker at% discharge
MeasureName,533,pneumonia patients assessed and given influenza vaccination,pneumonia patients assessed and give%n influenza vaccination#
MeasureName,547,heart attack patients given fibrinolytic medication within 30 minutes of arrival,heart attack p#atients given fibrinolytic medication withi#n 30 minutes of arrival
MeasureName,550,heart failure patients given an evaluation of left ventricular systolic (lvs) function,heart failure$ patients given an evaluation of left ventricular systolic$ (lvs) function
MeasureName,560,surgery patients who were given an antibiotic at the right time (within one hour before surgery) to help prevent infection,surgery patients who w$ere given an antibiotic at the# right time (within one hour before surgery) to help prevent infection
MeasureName,573,heart attack patients given pci within 90 minutes of arrival,heart attack patients gi@@ve??n pci within 90 minutes of arrival
MeasureName,579,pneumonia patients whose initial emergency room blood culture was performed prior to the administration of the first hospital dose of antibiotics,empty
MeasureName,595,heart attack patients given smoking cessation advice/counseling,heart a#ttack patients given smoking ce#ssation advice/counseling
MeasureName,604,pneumonia patients whose initial emergency room blood culture was performed prior to the administration of the first hospital dose of antibiotics,empty
MeasureName,610,surgery patients who were given an antibiotic at the right time (within one hour before surgery) to help prevent infection,surgery patients who were given an antibiotic at the #right time (within one hour before surgery) to help prevent infection
MeasureName,622,heart attack patients given fibrinolytic medication within 30 minutes of arrival,empty
MeasureName,630,pneumonia patients given smoking cessation advice/counseling,pneumonia pati$ents given smoking# cessation advice/counseling
MeasureName,633,pneumonia patients assessed and given influenza vaccination,pneumonia patients assessed and given influenza vaccin%at#ion
MeasureName,639,surgery patients needing hair removed from the surgical area before surgery who had hair removed using a safer method (electric clippers or hair removal cream c not a razor),empty
MeasureName,641,patients who got treatment  at the right time (within 24 hours before or after their surgery) to help prevent blood clots after certain types of surgery,patients who got treatment  at the right time (within 24 hours before or after their surgery) to help prevent blood clots after certain types of @@sur%gery
MeasureName,646,heart attack patients given beta blocker at discharge,empty
MeasureName,647,heart attack patients given fibrinolytic medication within 30 minutes of arrival,heart attack patients #given fibrinolytic medication wit@@hin 30 minutes of arrival
MeasureName,658,pneumonia patients assessed and given influenza vaccination,empty
MeasureName,662,surgery patients whose preventive antibiotics were stopped at the right time (within 24 hours after surgery),surgery patients whose preventive anti%biotics were stopped at the right time (within 24 h%ours after surgery)
MeasureName,679,pneumonia patients whose initial emergency room blood culture was performed prior to the administration of the first hospital dose of antibiotics,empty
MeasureName,689,surgery patients needing hair removed from the surgical area before surgery who had hair removed using a safer method (electric clippers or hair removal cream c not a razor),surgery patients needing hair removed from the surgical area before surgery who had hair removed using a safer method (electric clippers #or hair removal cream c not a razor)
MeasureName,696,heart attack patients given beta blocker at discharge,heart att%ack patient$s given beta blocker at discharge
MeasureName,697,heart attack patients given fibrinolytic medication within 30 minutes of arrival,empty
MeasureName,703,pneumonia patients assessed and given pneumococcal vaccination,empty
MeasureName,713,all heart surgery patients whose blood sugar (blood glucose) is kept under good control in the days right after surgery,empty
MeasureName,721,heart attack patients given beta blocker at discharge,he@@art attack patients given beta blocker at discharge
MeasureName,722,heart attack patients given fibrinolytic medication within 30 minutes of arrival,empty
MeasureName,733,pneumonia patients assessed and given influenza vaccination,pneumonia patien@@ts assessed and given$ influenza vaccination
MeasureName,739,surgery patients needing hair removed from the surgical area before surgery who had hair removed using a safer method (electric clippers or hair removal cream c not a razor),surgery patients needing hair removed from the surgical area before# surgery who had hair removed using a safer method (electric clippers or hair removal cream c not a razor)
MeasureName,744,heart attack patients given ace inhibitor or arb for left ventricular systolic dysfunction (lvsd),heart attack patients given ace inhibitor or arb for left ventricular systolic dys#function (lvsd)
MeasureName,762,surgery patients whose preventive antibiotics were stopped at the right time (within 24 hours after surgery),surgery pat#ients whose preventive antibiotics were stopped at t%he right time (within 24 hours after surgery)
MeasureName,768,surgery patients who were given an antibiotic at the right time (within one hour before surgery) to help prevent infection,surg??ery patients who were given an antibiotic at the right time (within one hour before surgery) to help prevent infection
MeasureName,770,surgery patients whose preventive antibiotics were stopped at the right time (within 24 hours after surgery),surgery patients whose preventive antibiotics were stopped at the right time (within 24 hours after surg??ery)
MeasureName,773,surgery patients whose doctors ordered treatments to prevent blood clots after certain types of surgeries,surgery patients whose doctors ordered treatments @@to prevent blood clots after certain types of surgeries
MeasureName,792,pneumonia patients given initial antibiotic(s) within 6 hours after arrival,pneum%onia patients given initial anti??biotic(s) within 6 hours after arrival
MeasureName,798,surgery patients whose preventive antibiotics were stopped at the right time (within 24 hours after surgery),su??%rgery patients whose preventive antibiotics were stopped at the right time (within 24 hours after surgery)
MeasureName,801,surgery patients whose doctors ordered treatments to prevent blood clots after certain types of surgeries,empty
MeasureName,802,patients who got treatment  at the right time (within 24 hours before or after their surgery) to help prevent blood clots after certain types of surgery,empty
MeasureName,813,heart failure patients given smoking cessation advice/counseling,heart failure patients given smoking cessation advic??e/counseling
MeasureName,829,heart attack patients given aspirin at discharge,heart atta$ck patients given aspirin at discharge
MeasureName,830,heart attack patients given ace inhibitor or arb for left ventricular systolic dysfunction (lvsd),heart attack patients given ace inhibitor ??or$ arb for left ventricular systolic dysfunction (lvsd)
MeasureName,831,heart attack patients given smoking cessation advice/counseling,empty
MeasureName,847,surgery patients who were given the  right kind  of antibiotic to help prevent infection,surgery patients who were given the  right #kind  of antibiotic to help prevent infection
MeasureName,850,surgery patients needing hair removed from the surgical area before surgery who had hair removed using a safer method (electric clippers or hair removal cream c not a razor),empty
MeasureName,874,all heart surgery patients whose blood sugar (blood glucose) is kept under good control in the days right after surgery,@@all heart surgery patients whose blood sugar (blood glucose) is kept under good control in the days right after surgery
MeasureName,877,patients who got treatment  at the right time (within 24 hours before or after their surgery) to help prevent blood clots after certain types of surgery,empty
MeasureName,890,pneumonia patients whose initial emergency room blood culture was performed prior to the administration of the first hospital dose of antibiotics,empty
MeasureName,891,pneumonia patients given smoking cessation advice/counseling,pneumonia patients given smoking cessation advice/counselin@@g
MeasureName,899,all heart surgery patients whose blood sugar (blood glucose) is kept under good control in the days right after surgery,empty
MeasureName,907,heart attack patients given aspirin at discharge,empty
MeasureName,908,heart attack patients given ace inhibitor or arb for left ventricular systolic dysfunction (lvsd),heart a$ttack patients given ace in#hibitor or arb for left ventricular systolic dysfunction (lvsd)
MeasureName,909,heart attack patients given smoking cessation advice/counseling,heart attack patients gi%ven smoking cessation advice/counse@@ling
MeasureName,914,heart failure patients given an evaluation of left ventricular systolic (lvs) function,heart$ failure patients given an evaluation of left ventricular systolic (lvs) fu$nction
MeasureName,917,pneumonia patients assessed and given pneumococcal vaccination,pneumonia patients ass%essed and given pneumoco??ccal vaccination
MeasureName,923,surgery patients who were taking heart drugs called beta blockers before coming to the hospital who were kept on the beta blockers during the period just before and after their surgery,surgery patients who were taking heart drugs called beta blockers before coming to the hospital who were kept on the beta block%ers dur#ing the period just before and after their surgery
MeasureName,925,surgery patients who were given the  right kind  of antibiotic to help prevent infection,surgery patients who were given the  right k#ind  of antibiotic to help prevent infection
MeasureName,926,surgery patients whose preventive antibiotics were stopped at the right time (within 24 hours after surgery),empty
MeasureName,927,all heart surgery patients whose blood sugar (blood glucose) is kept under good control in the days right after surgery,empty
MeasureName,941,heart failure patients given smoking cessation advice/counseling,heart failure patients giv@@en smoking cessation advice/counseling
MeasureName,944,pneumonia patients given smoking cessation advice/counseling,pneumonia pat??ients given smoking cessation advice/counseling
MeasureName,956,heart attack patients given aspirin at arrival,empty
MeasureName,960,heart attack patients given beta blocker at discharge,heart at@@tack $patients given beta blocker at discharge
MeasureName,974,surgery patients who were given an antibiotic at the right time (within one hour before surgery) to help prevent infection,surgery patients who were given an ant%ibiotic at the right time (within one hour before surgery) to help prevent infection
MeasureName,975,surgery patients who were given the  right kind  of antibiotic to help prevent infection,empty
MeasureName,992,pneumonia patients assessed and given pneumococcal vaccination,pneumonia patients assessed and %given pneumococcal vacc%ination
Score,5,empty,e$mpty??
Score,15,empty,empt#y
Score,23,100%,1??00@@%
Score,24,99%,99%#
Score,31,93%,empty
Score,32,89%,%89%@@
Score,39,98%,empty
Score,45,80%,$80%
Score,53,99%,??99%
Score,58,97%,97#%
Score,59,96%,9??6%%
Score,71,96%,empty
Score,77,79%,7@@9%
Score,92,100%,%100%@@
Score,94,92%,92%%
Score,120,0%,#0%
Score,122,empty,#empty
Score,136,47%,%4@@7%
Score,139,100%,100#%
Score,150,empty,e#mpt??y
Score,163,100%,empty
Score,169,78%,??78%$
Score,179,78%,empty
Score,189,91%,$91??%
Score,193,86%,$86%
Score,194,84%,8??4@@%
Score,209,95%,$9$5%
Score,228,100%,empty
Score,234,99%,empty
Score,237,100%,1@@00%
Score,252,100%,$100$%
Score,256,92%,empty
Score,270,99%,#99%#
Score,287,89%,empty
Score,292,100%,empty
Score,300,empty,#@@empty
Score,313,33%,$%33%
Score,339,99%,99%$
Score,348,100%,100%%
Score,352,100%,$100??%
Score,353,96%,$96%
Score,365,100%,10%0%
Score,383,100%,10#0$%
Score,393,100%,#100??%
Score,394,67%,empty
Score,397,empty,emp$ty
Score,401,94%,94%@@
Score,402,96%,96$??%
Score,405,100%,100%%
Score,410,90%,90??@@%
Score,418,empty,e#mpty
Score,425,100%,empty
Score,435,100%,empty
Score,446,88%,empty
Score,466,79%,7@@9%%
Score,467,100%,100%??
Score,469,empty,emp??ty%
Score,485,94%,94%$%
Score,491,68%,empty
Score,501,90%,90%@@
Score,504,97%,empty
Score,507,93%,empty
Score,513,empty,empt@@y
Score,516,100%,100%%@@
Score,517,100%,$100%
Score,530,94%,%94%
Score,531,95%,95%#
Score,532,90%,$90@@%
Score,534,97%,empty
Score,535,97%,97??%
Score,538,95%,empty
Score,542,95%,9$5??%
Score,546,95%,empty
Score,550,90%,empty
Score,568,90%,9@@0%@@
Score,605,100%,1%0??0%
Score,629,91%,empty
Score,630,100%,100$%
Score,632,97%,??97%
Score,655,67%,empty
Score,658,12%,12$%
Score,665,empty,e@@??mpty
Score,669,91%,empty
Score,678,74%,7#4%
Score,688,76%,7%6%
Score,708,93%,empty
Score,709,100%,#1#00%
Score,710,100%,empty
Score,716,88%,empty
Score,732,98%,#9#8%
Score,735,99%,#99@@%
Score,746,100%,100%#
Score,755,100%,10%0%$
Score,756,97%,9#7%
Score,759,89%,8%#9%
Score,762,99%,empty
Score,764,100%,10@@$0%
Score,767,100%,1?@@?00%
Score,769,93%,93%??
Score,774,89%,empty
Score,779,100%,1$00%
Score,780,97%,empty
Score,811,100%,@@100%#
Score,819,96%,empty
Score,866,90%,??90%
Score,869,91%,9??1%
Score,870,67%,67%??
Score,871,80%,empty
Score,877,100%,?%?100%
Score,879,100%,10#0%
Score,881,100%,%100%%
Score,882,82%,82??%
Score,887,89%,8@@9%
Score,891,100%,1#0#0%
Score,896,empty,@@??empty
Score,900,100%,#1$00%
Score,904,100%,100%@@
Score,917,99%,empty
Score,919,100%,1??00%
Score,921,76%,empty
Score,937,empty,empty#%
Score,940,67%,6@@7%$
Score,945,97%,@@@@97%
Score,947,65%,empty
Score,952,empty,e$m@@pty
Score,955,empty,empty%??
Score,964,99%,99%%
Score,966,100%,100??%
Score,984,empty,$em%pty
Score,996,77%,77%#
Sample,32,125 patients,1$25$ patients
Sample,33,107 patients,107 pat@@i$ents
Sample,41,136 patients,136 patien$t@@s
Sample,46,5 patients,5 pa$tients
Sample,48,0 patients,0# patients%
Sample,49,5 patients,$5 patients??
Sample,51,0 patients,0 patients??
Sample,60,175 patients,175 pati$ents
Sample,64,167 patients,167 patients@@
Sample,80,53 patients,empty
Sample,82,137 patients,137 #patients
Sample,88,457 patients,#457 patien??ts
Sample,99,2 patients,2 pati??ents
Sample,103,76 patients,7%6 patie#nts
Sample,104,14 patients,empty
Sample,105,8 patients,empty
Sample,106,85 patients,empty
Sample,123,0 patients,#0 patien%ts
Sample,124,1 patients,1% patients
Sample,125,0 patients,0 p??atients%
Sample,130,5 patients,empty
Sample,134,21 patients,21 pati??%ents
Sample,139,2 patients,empty
Sample,159,51 patients,empty
Sample,172,2 patients,empty
Sample,182,115 patients,11%5 patien#ts
Sample,198,131 patients,1@@31 p??atients
Sample,200,0 patients,empty
Sample,207,131 patients,131% patients
Sample,210,112 patients,empty
Sample,226,5 patients,#5 p$atients
Sample,231,69 patients,empty
Sample,247,0 patients,%0 patients
Sample,250,0 patients,0?? p$atients
Sample,252,79 patients,79 patient%s
Sample,260,26 patients,26 @@pat%ients
Sample,283,131 patients,1??31 patients
Sample,292,588 patients,588 pat@@i%ents
Sample,294,225 patients,empty
Sample,297,empty,em@@pty
Sample,301,empty,empt$$y
Sample,302,empty,e??m??pty
Sample,303,empty,em@@pty@@
Sample,318,67 patients,empty
Sample,323,49 patients,$49 patients
Sample,329,99 patients,99 patien??ts??
Sample,330,87 patients,8%7 patients
Sample,343,957 patients,9%57 pat#ients
Sample,347,497 patients,empty
Sample,368,40 patients,40 #patients
Sample,370,62 patients,@@62 patients
Sample,375,98 patients,98 pat#ie??nts
Sample,378,58 patients,58$ patients
Sample,389,84 patients,empty
Sample,396,5 patients,??5 patients
Sample,404,138 patients,138 pati#ents
Sample,413,125 patients,1#25 p@@atients
Sample,419,4 patients,4 patients??
Sample,425,12 patients,12 pati#ents
Sample,427,95 patients,95 %patients
Sample,431,51 patients,empty
Sample,439,26 patients,26 %patients
Sample,445,521 patients,empty
Sample,447,146 patients,146 p??at@@ients
Sample,449,226 patients,226?? @@patients
Sample,452,empty,e%m??pty
Sample,454,149 patients,149 pa$tients??
Sample,473,0 patients,0 patients#
Sample,476,18 patients,18 p$a#tients
Sample,479,67 patients,67 patien@@ts
Sample,486,52 patients,52 patient??s
Sample,488,0 patients,empty
Sample,491,50 patients,empty
Sample,492,0 patients,%0 patients
Sample,498,0 patients,$0 patient@@s
Sample,505,20 patients,20 p%at@@ients
Sample,512,1 patients,1?? patients
Sample,514,6 patients,6 @@patients
Sample,555,74 patients,empty
Sample,558,184 patients,1??84@@ patients
Sample,560,844 patients,empty
Sample,572,2 patients,empty
Sample,575,164 patients,empty
Sample,576,75 patients,75 p??atients%
Sample,578,55 patients,55 patients#
Sample,583,60 patients,empty
Sample,590,85 patients,85 #patie#nts
Sample,599,2 patients,2 pati%ents
Sample,602,0 patients,0 ??$patients
Sample,604,19 patients,19# pat??ients
Sample,611,empty,empty#??
Sample,618,290 patients,empty
Sample,627,101 patients,101% patients
Sample,628,114 patients,11#4 patients
Sample,631,153 patients,#153 patie$nts
Sample,637,962 patients,962 pati$ents
Sample,640,473 patients,%473 patients
Sample,651,4 patients,4 patients??
Sample,670,147 patients,147@@ patients
Sample,680,169 patients,169 patie#nts$
Sample,681,357 patients,357 pat$ients
Sample,697,0 patients,0 patient%s
Sample,703,70 patients,70 pa@@t#ients
Sample,706,71 patients,71 pat#ients
Sample,713,0 patients,empty
Sample,724,158 patients,empty
Sample,741,298 patients,empty
Sample,749,121 patients,$121 patients
Sample,753,77 patients,empty
Sample,756,93 patients,93 patients??#
Sample,758,52 patients,52 patien??ts
Sample,759,19 patients,19 pa#tients
Sample,778,155 patients,155 pat?@@?ients
Sample,782,301 patients,301 p@@atients
Sample,785,264 patients,264 pa??ti@@ents
Sample,797,603 patients,empty
Sample,819,187 patients,empty
Sample,823,520 patients,empty
Sample,828,1 patients,empty
Sample,833,0 patients,0 p??atients
Sample,841,16 patients,16 patie%nts
Sample,847,4 patients,empty
Sample,857,3 patients,empty
Sample,858,0 patients,empty
Sample,859,0 patients,empty
Sample,869,85 patients,85 pat??ie%nts
Sample,871,15 patients,15 pa%tients
Sample,886,85 patients,85 pat%ients
Sample,887,19 patients,1$9 @@patients
Sample,888,16 patients,16% patients
Sample,892,109 patients,empty
Sample,894,86 patients,86 patient#s
Sample,895,0 patients,0 pat@@@@ients
Sample,896,0 patients,0 pa@@tient@@s
Sample,901,3 patients,3 pat@@i#ents
Sample,902,3 patients,3 patients??
Sample,909,68 patients,68 pat@@ients%
Sample,912,16 patients,16 #patients
Sample,918,196 patients,empty
Sample,921,212 patients,empty
Sample,928,607 patients,empty
Sample,943,2 patients,empty
Sample,955,empty,e@@mpty
Sample,962,0 patients,0 pat#ients
Sample,968,49 patients,49# patie$nts
Sample,980,196 patients,196 @@patients
Sample,981,7 patients,empty
Sample,986,0 patients,%0 patien??ts
Sample,989,34 patients,empty
Sample,993,103 patients,empty
Stateavg,4,al_scip-inf-3,empty
Stateavg,9,al_ami-1,empty
Stateavg,13,al_ami-5,empty
Stateavg,17,al_hf-2,a$l_hf-%2
Stateavg,22,al_ami-3,$al_ami$-3
Stateavg,24,al_ami-5,empty
Stateavg,34,al_pn-5c,empty
Stateavg,45,al_ami-1,$al_ami%-1
Stateavg,50,al_ami-7a,empty
Stateavg,51,al_ami-8a,empty
Stateavg,52,al_hf-1,@@al_h??f-1
Stateavg,57,al_pn-3b,al_pn-3@@b
Stateavg,67,al_scip-inf-6,empty
Stateavg,70,al_ami-1,empty
Stateavg,73,al_ami-4,empty
Stateavg,76,al_ami-8a,al_ami-8a@@
Stateavg,82,al_pn-3b,empty
Stateavg,85,al_pn-6,empty
Stateavg,93,al_scip-vte-1,empty
Stateavg,96,al_ami-2,al_ami??-2
Stateavg,104,al_hf-3,al_%hf??-3
Stateavg,123,al_ami-4,empty
Stateavg,151,al_ami-8a,al??_ami-8a
Stateavg,170,al_ami-1,al_ami@@-1??
Stateavg,171,al_ami-2,al@@_ami-2
Stateavg,196,al_ami-2,empty
Stateavg,207,al_pn-3b,??al_p%n-3b
Stateavg,212,al_scip-card-2,empty
Stateavg,241,al_scip-inf-4,al_scip-$inf-$4
Stateavg,244,al_scip-vte-2,al_$s@@cip-vte-2
Stateavg,245,al_ami-1,empty
Stateavg,254,al_hf-3,a$l_hf-3
Stateavg,256,al_pn-2,empty
Stateavg,268,al_scip-vte-1,al_sc??ip-vte-1
Stateavg,277,al_hf-1,empty
Stateavg,280,al_hf-4,empty
Stateavg,284,al_pn-5c,a#l_pn-5c
Stateavg,294,al_scip-vte-2,empty
Stateavg,316,al_ami-3,empty
Stateavg,321,al_hf-1,a#l_hf-1#
Stateavg,325,al_pn-2,al??_pn-2
Stateavg,328,al_pn-5c,al_pn-@@5%c
Stateavg,334,al_hf-4,empty
Stateavg,335,al_pn-2,empty
Stateavg,341,al_scip-card-2,a#l_scip-card-$2
Stateavg,346,al_scip-inf-6,al_sci??p-inf-6
Stateavg,363,al_hf-2,empty
Stateavg,368,al_pn-4,????al_pn-4
Stateavg,380,al_ami-1,@@al_ami#-1
Stateavg,383,al_ami-4,al_??ami-4
Stateavg,384,al_ami-5,al_am$i-5
Stateavg,385,al_ami-7a,a@@l_ami-7a
Stateavg,386,al_ami-8a,al_a$mi%-8a
Stateavg,415,al_ami-1,empty
Stateavg,420,al_ami-7a,al??_ami-7a
Stateavg,427,al_pn-3b,al$_pn-3b
Stateavg,429,al_pn-5c,a@@l_pn-5c
Stateavg,447,ak_scip-inf-4,empty
Stateavg,448,ak_scip-inf-6,empty
Stateavg,457,al_pn-6,empty
Stateavg,459,al_scip-card-2,al_scip-car%d-2
Stateavg,463,al_scip-inf-4,empty
Stateavg,468,al_ami-2,empty
Stateavg,472,al_ami-7a,a#l_ami-7a
Stateavg,473,al_ami-8a,empty
Stateavg,475,al_hf-2,empty
Stateavg,478,al_pn-2,empty
Stateavg,494,al_ami-3,empty
Stateavg,518,al_ami-2,empty
Stateavg,528,al_pn-2,al_pn-2$
Stateavg,566,al_scip-vte-2,al_scip-??vte-2
Stateavg,567,al_ami-1,al_a??mi-1
Stateavg,569,al_ami-3,al_am%i-%3
Stateavg,570,al_ami-4,empty
Stateavg,571,al_ami-5,al_ami-??5
Stateavg,572,al_ami-7a,al_ami-%7a
Stateavg,592,al_ami-1,empty
Stateavg,607,al_pn-6,empty
Stateavg,622,al_ami-7a,al_ami@@-7a
Stateavg,623,al_ami-8a,empty
Stateavg,646,al_ami-5,empty
Stateavg,647,al_ami-7a,a$l_ami-7a
Stateavg,661,al_scip-inf-2,empty
Stateavg,667,al_ami-1,a@@l_ami-1
Stateavg,677,al_hf-4,al_hf-4%@@
Stateavg,682,al_pn-6,al_pn-??6
Stateavg,684,al_scip-card-2,al_s#ci@@p-card-2
Stateavg,694,al_ami-3,empty
Stateavg,704,al_pn-3b,a??%l_pn-3b
Stateavg,717,al_ami-1,al_a#$mi-1
Stateavg,720,al_ami-4,al_@@ami-4
Stateavg,721,al_ami-5,??al_ami-5
Stateavg,732,al_pn-6,a??l$_pn-6
Stateavg,742,al_ami-1,al#_$ami-1
Stateavg,746,al_ami-5,empty
Stateavg,749,al_hf-1,a%l@@_hf-1
Stateavg,757,al_pn-6,al_pn@@-6
Stateavg,763,al_scip-inf-4,%al$_scip-inf-4
Stateavg,772,al_scip-inf-6,al_sci%p-inf-6
Stateavg,773,al_scip-vte-1,al_scip#-vte-1
Stateavg,778,al_ami-1,empty
Stateavg,789,al_pn-2,al_pn-@@2
Stateavg,794,al_pn-7,empty
Stateavg,795,al_scip-card-2,al_scip??-card-2
Stateavg,805,al_ami-3,@@??al_ami-3
Stateavg,812,al_hf-3,empty
Stateavg,827,al_scip-vte-2,empty
Stateavg,832,al_ami-5,empty
Stateavg,833,al_ami-7a,al_ami-#7a
Stateavg,834,al_ami-8a,al_@@ami-8a
Stateavg,839,al_pn-2,al_pn-$2
Stateavg,843,al_pn-6,al_pn-@@6
Stateavg,854,al_ami-2,empty
Stateavg,857,al_ami-5,a@@l_ami%-5
Stateavg,878,al_ami-1,a#l%_ami-1
Stateavg,881,al_ami-4,empty
Stateavg,899,al_scip-inf-4,a$l_scip-i%nf-4
Stateavg,912,al_ami-8a,%al_ami-8a
Stateavg,917,al_pn-2,a??l#_pn-2
Stateavg,922,al_pn-7,empty
Stateavg,928,al_scip-inf-6,empty
Stateavg,935,al_ami-5,empty
Stateavg,938,al_hf-1,empty
Stateavg,942,al_pn-2,a#l$_pn-2
Stateavg,951,al_scip-inf-3,empty
Stateavg,952,al_scip-inf-4,empty
Stateavg,956,al_ami-1,al??_@@ami-1
Stateavg,975,al_scip-inf-2,empty
Stateavg,976,al_scip-inf-3,a#l_sci%p-inf-3
Stateavg,985,al_ami-5,al_ami??-5
Stateavg,994,al_pn-4,al_%pn-4
Stateavg,998,al_scip-card-2,al_sc??ip-card-2
