26/04/29 16:53:41 WARN Utils: Your hostname, qianzekaideMacBook-Air.local resolves to a loopback address: 127.0.0.1; using 192.168.3.1 instead (on interface bridge0)
26/04/29 16:53:41 WARN Utils: Set SPARK_LOCAL_IP if you need to bind to another address
26/04/29 16:53:41 WARN NativeCodeLoader: Unable to load native-hadoop library for your platform... using builtin-java classes where applicable
Using Spark's default log4j profile: org/apache/spark/log4j-defaults.properties
Setting default log level to "WARN".
To adjust logging level use sc.setLogLevel(newLevel). For SparkR, use setLogLevel(newLevel).
日志文件: CleanLogs/20260429-165339_SZOD6D3ZLP.log
Logs saved in CleanLogs/20260429-165339_SZOD6D3ZLP.log
初始化清洗器和分析依赖关系...
处理单属性清洗算子：
执行层级和目标模型分类...
执行层级 (并行组): [[{'ProviderNumber'}, {'MeasureCode'}], [{'HospitalName'}, {'MeasureName'}, {'Stateavg'}, {'Condition'}], [{'ZipCode'}, {'PhoneNumber'}, {'Address1'}, {'HospitalOwner'}, {'City'}, {'HospitalType'}], [{'EmergencyService'}, {'State'}, {'CountyName'}]]
目标模型分类: {'HospitalType': [<SampleScrubber.cleaner.multiple.AttrRelation object at 0x1026ecaf0>], 'State': [<SampleScrubber.cleaner.multiple.AttrRelation object at 0x1026ec6d0>], 'ZipCode': [<SampleScrubber.cleaner.multiple.AttrRelation object at 0x1026ec850>], 'PhoneNumber': [<SampleScrubber.cleaner.multiple.AttrRelation object at 0x1028579d0>], 'MeasureName': [<SampleScrubber.cleaner.multiple.AttrRelation object at 0x102857a00>], 'Stateavg': [<SampleScrubber.cleaner.multiple.AttrRelation object at 0x14e21ad30>], 'HospitalName': [<SampleScrubber.cleaner.multiple.AttrRelation object at 0x14e21ad60>], 'Condition': [<SampleScrubber.cleaner.multiple.AttrRelation object at 0x14e21ad90>], 'Address1': [<SampleScrubber.cleaner.multiple.AttrRelation object at 0x14e21adc0>], 'HospitalOwner': [<SampleScrubber.cleaner.multiple.AttrRelation object at 0x14e21adf0>], 'CountyName': [<SampleScrubber.cleaner.multiple.AttrRelation object at 0x14e21ae20>], 'EmergencyService': [<SampleScrubber.cleaner.multiple.AttrRelation object at 0x14e21ae50>], 'City': [<SampleScrubber.cleaner.multiple.AttrRelation object at 0x14e21ae80>]}

处理第 1 层级, 包含节点: ['ProviderNumber', 'MeasureCode']
  当前节点: ProviderNumber 无可用清洗信号
  当前节点: ProviderNumber 无清洗操作
  当前节点: MeasureCode 无可用清洗信号
  当前节点: MeasureCode 无清洗操作
['ProviderNumber', 'MeasureCode']的清洗完成

本层累积的编辑规则数: 0
本层没有可以进行的清洗操作，进行下一层

处理第 2 层级, 包含节点: ['HospitalName', 'MeasureName', 'Stateavg', 'Condition']
  当前节点: HospitalName 存在可用清洗信号
数据块大小: 1000
分块属性:
[['ProviderNumber']]
Starting initial block mapping...
Initial number of blocks: 151
Final number of blocks after further splitting: 151
Computing Block 9 out of 151
Processing Block size=19
begin cleaner[FunctionalDependency:(s: {'ProviderNumber'}, t: {'HospitalName'})]*1.0
列 'p' 不存在，对列 HospitalName 不过滤，直接选择所有非无效值。
clean_bool length:5
newest best op: Uniop(df,'HospitalName','university of alabama hospital',(['ProviderNumber'], {(10033.0,)}),{left: ("[FunctionalDependency:(s: {ProviderNumber}, t: {HospitalName})]", 0.0), operator: *, right: (1.0, 1.0), result: 0.0})
now error: 0.0
Block processing time: 0.083307 seconds
Computing Block 22 out of 151
Processing Block size=23
begin cleaner{left: ("[FunctionalDependency:(s: {ProviderNumber}, t: {HospitalName})]", 0.0), operator: *, right: (1.0, 1.0), result: 0.0}
列 'p' 不存在，对列 HospitalName 不过滤，直接选择所有非无效值。
clean_bool length:3
newest best op: Uniop(df,'HospitalName','g h lanier memorial hospital',(['ProviderNumber'], {(10025.0,)}),{left: ("[FunctionalDependency:(s: {ProviderNumber}, t: {HospitalName})]", 0.0), operator: *, right: (1.0, 1.0), result: 0.0})
now error: 0.0
Block processing time: 0.054407 seconds
Computing Block 25 out of 151
Processing Block size=10
begin cleaner{left: ("[FunctionalDependency:(s: {ProviderNumber}, t: {HospitalName})]", 0.0), operator: *, right: (1.0, 1.0), result: 0.0}
列 'p' 不存在，对列 HospitalName 不过滤，直接选择所有非无效值。
clean_bool length:3
newest best op: Uniop(df,'HospitalName','univ of south alabama medical center',(['ProviderNumber'], {(10087.0,)}),{left: ("[FunctionalDependency:(s: {ProviderNumber}, t: {HospitalName})]", 0.0), operator: *, right: (1.0, 1.0), result: 0.0})
now error: 0.0
Block processing time: 0.02647 seconds
Computing Block 28 out of 151
Processing Block size=21
begin cleaner{left: ("[FunctionalDependency:(s: {ProviderNumber}, t: {HospitalName})]", 0.0), operator: *, right: (1.0, 1.0), result: 0.0}
列 'p' 不存在，对列 HospitalName 不过滤，直接选择所有非无效值。
clean_bool length:5
newest best op: Uniop(df,'HospitalName','bapti@@st medical cent%er south',(['ProviderNumber'], {(10023.0,)}),{left: ("[FunctionalDependency:(s: {ProviderNumber}, t: {HospitalName})]", 0.0), operator: *, right: (1.0, 1.0), result: 0.0})
now error: 0.0
newest best op: Uniop(df,'HospitalName','baptist medical center south',(['ProviderNumber'], {(10023.0,)}),{left: ("[FunctionalDependency:(s: {ProviderNumber}, t: {HospitalName})]", 0.0), operator: *, right: (1.0, 1.0), result: 0.0})
now error: 0.0
Block processing time: 0.088095 seconds
Computing Block 39 out of 151
Processing Block size=23
begin cleaner{left: ("[FunctionalDependency:(s: {ProviderNumber}, t: {HospitalName})]", 0.0), operator: *, right: (1.0, 1.0), result: 0.0}
列 'p' 不存在，对列 HospitalName 不过滤，直接选择所有非无效值。
clean_bool length:9
newest best op: Uniop(df,'HospitalName','$huntsville% hospital',(['ProviderNumber'], {(10039.0,)}),{left: ("[FunctionalDependency:(s: {ProviderNumber}, t: {HospitalName})]", 0.0), operator: *, right: (1.0, 1.0), result: 0.0})
now error: 0.0
newest best op: Uniop(df,'HospitalName','huntsville hospital',(['ProviderNumber'], {(10039.0,)}),{left: ("[FunctionalDependency:(s: {ProviderNumber}, t: {HospitalName})]", 0.0), operator: *, right: (1.0, 1.0), result: 0.0})
now error: 0.0
Block processing time: 0.16608 seconds
Computing Block 45 out of 151
Processing Block size=22
begin cleaner{left: ("[FunctionalDependency:(s: {ProviderNumber}, t: {HospitalName})]", 0.0), operator: *, right: (1.0, 1.0), result: 0.0}
列 'p' 不存在，对列 HospitalName 不过滤，直接选择所有非无效值。
clean_bool length:5
newest best op: Uniop(df,'HospitalName','marshall medical center% n%orth',(['ProviderNumber'], {(10010.0,)}),{left: ("[FunctionalDependency:(s: {ProviderNumber}, t: {HospitalName})]", 0.0), operator: *, right: (1.0, 1.0), result: 0.0})
now error: 0.0
newest best op: Uniop(df,'HospitalName','marshall #medical center north',(['ProviderNumber'], {(10010.0,)}),{left: ("[FunctionalDependency:(s: {ProviderNumber}, t: {HospitalName})]", 0.0), operator: *, right: (1.0, 1.0), result: 0.0})
now error: 0.0
newest best op: Uniop(df,'HospitalName','marshall medical center north',(['ProviderNumber'], {(10010.0,)}),{left: ("[FunctionalDependency:(s: {ProviderNumber}, t: {HospitalName})]", 0.0), operator: *, right: (1.0, 1.0), result: 0.0})
now error: 0.0
Block processing time: 0.09998 seconds
Computing Block 50 out of 151
Processing Block size=19
begin cleaner{left: ("[FunctionalDependency:(s: {ProviderNumber}, t: {HospitalName})]", 0.0), operator: *, right: (1.0, 1.0), result: 0.0}
列 'p' 不存在，对列 HospitalName 不过滤，直接选择所有非无效值。
clean_bool length:3
newest best op: Uniop(df,'HospitalName','eliza coffee memorial hospita#l',(['ProviderNumber'], {(10006.0,)}),{left: ("[FunctionalDependency:(s: {ProviderNumber}, t: {HospitalName})]", 0.0), operator: *, right: (1.0, 1.0), result: 0.0})
now error: 0.0
newest best op: Uniop(df,'HospitalName','eliza coffee memorial hospital',(['ProviderNumber'], {(10006.0,)}),{left: ("[FunctionalDependency:(s: {ProviderNumber}, t: {HospitalName})]", 0.0), operator: *, right: (1.0, 1.0), result: 0.0})
now error: 0.0
Block processing time: 0.051351 seconds
Computing Block 53 out of 151
Processing Block size=22
begin cleaner{left: ("[FunctionalDependency:(s: {ProviderNumber}, t: {HospitalName})]", 0.0), operator: *, right: (1.0, 1.0), result: 0.0}
列 'p' 不存在，对列 HospitalName 不过滤，直接选择所有非无效值。
clean_bool length:4
newest best op: Uniop(df,'HospitalName','crenshaw commun@@ity hospital',(['ProviderNumber'], {(10008.0,)}),{left: ("[FunctionalDependency:(s: {ProviderNumber}, t: {HospitalName})]", 0.0), operator: *, right: (1.0, 1.0), result: 0.0})
now error: 0.0
newest best op: Uniop(df,'HospitalName','crenshaw community ho$spital',(['ProviderNumber'], {(10008.0,)}),{left: ("[FunctionalDependency:(s: {ProviderNumber}, t: {HospitalName})]", 0.0), operator: *, right: (1.0, 1.0), result: 0.0})
now error: 0.0
newest best op: Uniop(df,'HospitalName','crenshaw community hospital',(['ProviderNumber'], {(10008.0,)}),{left: ("[FunctionalDependency:(s: {ProviderNumber}, t: {HospitalName})]", 0.0), operator: *, right: (1.0, 1.0), result: 0.0})
now error: 0.0
Block processing time: 0.08088 seconds
Computing Block 54 out of 151
Processing Block size=21
begin cleaner{left: ("[FunctionalDependency:(s: {ProviderNumber}, t: {HospitalName})]", 0.0), operator: *, right: (1.0, 1.0), result: 0.0}
列 'p' 不存在，对列 HospitalName 不过滤，直接选择所有非无效值。
clean_bool length:3
newest best op: Uniop(df,'HospitalName','dale medical center',(['ProviderNumber'], {(10021.0,)}),{left: ("[FunctionalDependency:(s: {ProviderNumber}, t: {HospitalName})]", 0.0), operator: *, right: (1.0, 1.0), result: 0.0})
now error: 0.0
Block processing time: 0.050685 seconds
Computing Block 55 out of 151
Processing Block size=16
begin cleaner{left: ("[FunctionalDependency:(s: {ProviderNumber}, t: {HospitalName})]", 0.0), operator: *, right: (1.0, 1.0), result: 0.0}
列 'p' 不存在，对列 HospitalName 不过滤，直接选择所有非无效值。
clean_bool length:3
newest best op: Uniop(df,'HospitalName','prattville baptist hospital',(['ProviderNumber'], {(10108.0,)}),{left: ("[FunctionalDependency:(s: {ProviderNumber}, t: {HospitalName})]", 0.0), operator: *, right: (1.0, 1.0), result: 0.0})
now error: 0.0
Block processing time: 0.040157 seconds
Computing Block 56 out of 151
Processing Block size=22
begin cleaner{left: ("[FunctionalDependency:(s: {ProviderNumber}, t: {HospitalName})]", 0.0), operator: *, right: (1.0, 1.0), result: 0.0}
列 'p' 不存在，对列 HospitalName 不过滤，直接选择所有非无效值。
clean_bool length:3
newest best op: Uniop(df,'HospitalName','east alabama medical center and snf',(['ProviderNumber'], {(10029.0,)}),{left: ("[FunctionalDependency:(s: {ProviderNumber}, t: {HospitalName})]", 0.0), operator: *, right: (1.0, 1.0), result: 0.0})
now error: 0.0
Block processing time: 0.056869 seconds
Computing Block 58 out of 151
Processing Block size=2
begin cleaner{left: ("[FunctionalDependency:(s: {ProviderNumber}, t: {HospitalName})]", 0.0), operator: *, right: (1.0, 1.0), result: 0.0}
列 'p' 不存在，对列 HospitalName 不过滤，直接选择所有非无效值。
Block processing time: 0.001729 seconds
Computing Block 59 out of 151
Processing Block size=21
begin cleaner{left: ("[FunctionalDependency:(s: {ProviderNumber}, t: {HospitalName})]", 0.0), operator: *, right: (1.0, 1.0), result: 0.0}
列 'p' 不存在，对列 HospitalName 不过滤，直接选择所有非无效值。
clean_bool length:4
newest best op: Uniop(df,'HospitalName','callahan eye foundation hospital',(['ProviderNumber'], {(10018.0,)}),{left: ("[FunctionalDependency:(s: {ProviderNumber}, t: {HospitalName})]", 0.0), operator: *, right: (1.0, 1.0), result: 0.0})
now error: 0.0
Block processing time: 0.070012 seconds
Computing Block 63 out of 151
Processing Block size=22
begin cleaner{left: ("[FunctionalDependency:(s: {ProviderNumber}, t: {HospitalName})]", 0.0), operator: *, right: (1.0, 1.0), result: 0.0}
列 'p' 不存在，对列 HospitalName 不过滤，直接选择所有非无效值。
clean_bool length:4
newest best op: Uniop(df,'HospitalName','%chilton medic$al center',(['ProviderNumber'], {(10043.0,)}),{left: ("[FunctionalDependency:(s: {ProviderNumber}, t: {HospitalName})]", 0.0), operator: *, right: (1.0, 1.0), result: 0.0})
now error: 0.0
newest best op: Uniop(df,'HospitalName','chilton medical center',(['ProviderNumber'], {(10043.0,)}),{left: ("[FunctionalDependency:(s: {ProviderNumber}, t: {HospitalName})]", 0.0), operator: *, right: (1.0, 1.0), result: 0.0})
now error: 0.0
Block processing time: 0.071148 seconds
Computing Block 64 out of 151
Processing Block size=21
begin cleaner{left: ("[FunctionalDependency:(s: {ProviderNumber}, t: {HospitalName})]", 0.0), operator: *, right: (1.0, 1.0), result: 0.0}
列 'p' 不存在，对列 HospitalName 不过滤，直接选择所有非无效值。
clean_bool length:4
newest best op: Uniop(df,'HospitalName','mi$zell?? memorial hospital',(['ProviderNumber'], {(10007.0,)}),{left: ("[FunctionalDependency:(s: {ProviderNumber}, t: {HospitalName})]", 0.0), operator: *, right: (1.0, 1.0), result: 0.0})
now error: 0.0
newest best op: Uniop(df,'HospitalName','mizell memorial hospital',(['ProviderNumber'], {(10007.0,)}),{left: ("[FunctionalDependency:(s: {ProviderNumber}, t: {HospitalName})]", 0.0), operator: *, right: (1.0, 1.0), result: 0.0})
now error: 0.0
Block processing time: 0.072658 seconds
Computing Block 68 out of 151
Processing Block size=21
begin cleaner{left: ("[FunctionalDependency:(s: {ProviderNumber}, t: {HospitalName})]", 0.0), operator: *, right: (1.0, 1.0), result: 0.0}
列 'p' 不存在，对列 HospitalName 不过滤，直接选择所有非无效值。
clean_bool length:5
newest best op: Uniop(df,'HospitalName','d??ekalb regional medical center',(['ProviderNumber'], {(10012.0,)}),{left: ("[FunctionalDependency:(s: {ProviderNumber}, t: {HospitalName})]", 0.0), operator: *, right: (1.0, 1.0), result: 0.0})
now error: 0.0
newest best op: Uniop(df,'HospitalName','dekalb regional medical cente%r',(['ProviderNumber'], {(10012.0,)}),{left: ("[FunctionalDependency:(s: {ProviderNumber}, t: {HospitalName})]", 0.0), operator: *, right: (1.0, 1.0), result: 0.0})
now error: 0.0
newest best op: Uniop(df,'HospitalName','dekalb regional medical center',(['ProviderNumber'], {(10012.0,)}),{left: ("[FunctionalDependency:(s: {ProviderNumber}, t: {HospitalName})]", 0.0), operator: *, right: (1.0, 1.0), result: 0.0})
now error: 0.0
Block processing time: 0.096889 seconds
Computing Block 69 out of 151
Processing Block size=22
begin cleaner{left: ("[FunctionalDependency:(s: {ProviderNumber}, t: {HospitalName})]", 0.0), operator: *, right: (1.0, 1.0), result: 0.0}
列 'p' 不存在，对列 HospitalName 不过滤，直接选择所有非无效值。
clean_bool length:4
newest best op: Uniop(df,'HospitalName','helen keller me??morial #hospital',(['ProviderNumber'], {(10019.0,)}),{left: ("[FunctionalDependency:(s: {ProviderNumber}, t: {HospitalName})]", 0.0), operator: *, right: (1.0, 1.0), result: 0.0})
now error: 0.0
newest best op: Uniop(df,'HospitalName','helen keller memorial hospital',(['ProviderNumber'], {(10019.0,)}),{left: ("[FunctionalDependency:(s: {ProviderNumber}, t: {HospitalName})]", 0.0), operator: *, right: (1.0, 1.0), result: 0.0})
now error: 0.0
Block processing time: 0.08469 seconds
Computing Block 70 out of 151
Processing Block size=20
begin cleaner{left: ("[FunctionalDependency:(s: {ProviderNumber}, t: {HospitalName})]", 0.0), operator: *, right: (1.0, 1.0), result: 0.0}
列 'p' 不存在，对列 HospitalName 不过滤，直接选择所有非无效值。
clean_bool length:3
newest best op: Uniop(df,'HospitalName','jackson?? hospital &$ clinic inc',(['ProviderNumber'], {(10024.0,)}),{left: ("[FunctionalDependency:(s: {ProviderNumber}, t: {HospitalName})]", 0.0), operator: *, right: (1.0, 1.0), result: 0.0})
now error: 0.0
newest best op: Uniop(df,'HospitalName','jackson hospital & clinic inc',(['ProviderNumber'], {(10024.0,)}),{left: ("[FunctionalDependency:(s: {ProviderNumber}, t: {HospitalName})]", 0.0), operator: *, right: (1.0, 1.0), result: 0.0})
now error: 0.0
Block processing time: 0.053604 seconds
Computing Block 79 out of 151
Processing Block size=15
begin cleaner{left: ("[FunctionalDependency:(s: {ProviderNumber}, t: {HospitalName})]", 0.0), operator: *, right: (1.0, 1.0), result: 0.0}
列 'p' 不存在，对列 HospitalName 不过滤，直接选择所有非无效值。
clean_bool length:3
newest best op: Uniop(df,'HospitalName','coosa valley medical #cente%r',(['ProviderNumber'], {(10164.0,)}),{left: ("[FunctionalDependency:(s: {ProviderNumber}, t: {HospitalName})]", 0.0), operator: *, right: (1.0, 1.0), result: 0.0})
now error: 0.0
newest best op: Uniop(df,'HospitalName','coosa valley medical center',(['ProviderNumber'], {(10164.0,)}),{left: ("[FunctionalDependency:(s: {ProviderNumber}, t: {HospitalName})]", 0.0), operator: *, right: (1.0, 1.0), result: 0.0})
now error: 0.0
Block processing time: 0.037918 seconds
Computing Block 87 out of 151
Processing Block size=22
begin cleaner{left: ("[FunctionalDependency:(s: {ProviderNumber}, t: {HospitalName})]", 0.0), operator: *, right: (1.0, 1.0), result: 0.0}
列 'p' 不存在，对列 HospitalName 不过滤，直接选择所有非无效值。
clean_bool length:5
newest best op: Uniop(df,'HospitalName','marshall$ med@@ical center south',(['ProviderNumber'], {(10005.0,)}),{left: ("[FunctionalDependency:(s: {ProviderNumber}, t: {HospitalName})]", 0.0), operator: *, right: (1.0, 1.0), result: 0.0})
now error: 0.0
newest best op: Uniop(df,'HospitalName','marshall medi??cal center south',(['ProviderNumber'], {(10005.0,)}),{left: ("[FunctionalDependency:(s: {ProviderNumber}, t: {HospitalName})]", 0.0), operator: *, right: (1.0, 1.0), result: 0.0})
now error: 0.0
newest best op: Uniop(df,'HospitalName','marshall medical center south',(['ProviderNumber'], {(10005.0,)}),{left: ("[FunctionalDependency:(s: {ProviderNumber}, t: {HospitalName})]", 0.0), operator: *, right: (1.0, 1.0), result: 0.0})
now error: 0.0
Block processing time: 0.092754 seconds
Computing Block 88 out of 151
Processing Block size=21
begin cleaner{left: ("[FunctionalDependency:(s: {ProviderNumber}, t: {HospitalName})]", 0.0), operator: *, right: (1.0, 1.0), result: 0.0}
列 'p' 不存在，对列 HospitalName 不过滤，直接选择所有非无效值。
clean_bool length:3
newest best op: Uniop(df,'HospitalName','southeast alabama medical center',(['ProviderNumber'], {(10001.0,)}),{left: ("[FunctionalDependency:(s: {ProviderNumber}, t: {HospitalName})]", 0.0), operator: *, right: (1.0, 1.0), result: 0.0})
now error: 0.0
Block processing time: 0.050895 seconds
Computing Block 95 out of 151
Processing Block size=20
begin cleaner{left: ("[FunctionalDependency:(s: {ProviderNumber}, t: {HospitalName})]", 0.0), operator: *, right: (1.0, 1.0), result: 0.0}
列 'p' 不存在，对列 HospitalName 不过滤，直接选择所有非无效值。
clean_bool length:3
newest best op: Uniop(df,'HospitalName','northwest medical center',(['ProviderNumber'], {(10086.0,)}),{left: ("[FunctionalDependency:(s: {ProviderNumber}, t: {HospitalName})]", 0.0), operator: *, right: (1.0, 1.0), result: 0.0})
now error: 0.0
Block processing time: 0.045686 seconds
Computing Block 97 out of 151
Processing Block size=20
begin cleaner{left: ("[FunctionalDependency:(s: {ProviderNumber}, t: {HospitalName})]", 0.0), operator: *, right: (1.0, 1.0), result: 0.0}
列 'p' 不存在，对列 HospitalName 不过滤，直接选择所有非无效值。
clean_bool length:3
newest best op: Uniop(df,'HospitalName','southwest alabama medical center',(['ProviderNumber'], {(10015.0,)}),{left: ("[FunctionalDependency:(s: {ProviderNumber}, t: {HospitalName})]", 0.0), operator: *, right: (1.0, 1.0), result: 0.0})
now error: 0.0
Block processing time: 0.047131 seconds
Computing Block 99 out of 151
Processing Block size=24
begin cleaner{left: ("[FunctionalDependency:(s: {ProviderNumber}, t: {HospitalName})]", 0.0), operator: *, right: (1.0, 1.0), result: 0.0}
列 'p' 不存在，对列 HospitalName 不过滤，直接选择所有非无效值。
clean_bool length:5
newest best op: Uniop(df,'HospitalName','gadsden regional medical center#$',(['ProviderNumber'], {(10040.0,)}),{left: ("[FunctionalDependency:(s: {ProviderNumber}, t: {HospitalName})]", 0.0), operator: *, right: (1.0, 1.0), result: 0.0})
now error: 0.0
newest best op: Uniop(df,'HospitalName','gadsden regional medi??cal center',(['ProviderNumber'], {(10040.0,)}),{left: ("[FunctionalDependency:(s: {ProviderNumber}, t: {HospitalName})]", 0.0), operator: *, right: (1.0, 1.0), result: 0.0})
now error: 0.0
newest best op: Uniop(df,'HospitalName','gadsden regional medical center',(['ProviderNumber'], {(10040.0,)}),{left: ("[FunctionalDependency:(s: {ProviderNumber}, t: {HospitalName})]", 0.0), operator: *, right: (1.0, 1.0), result: 0.0})
now error: 0.0
Block processing time: 0.103206 seconds
Computing Block 100 out of 151
Processing Block size=15
begin cleaner{left: ("[FunctionalDependency:(s: {ProviderNumber}, t: {HospitalName})]", 0.0), operator: *, right: (1.0, 1.0), result: 0.0}
列 'p' 不存在，对列 HospitalName 不过滤，直接选择所有非无效值。
clean_bool length:3
newest best op: Uniop(df,'HospitalName','alaska regional hospital',(['ProviderNumber'], {(20017.0,)}),{left: ("[FunctionalDependency:(s: {ProviderNumber}, t: {HospitalName})]", 0.0), operator: *, right: (1.0, 1.0), result: 0.0})
now error: 0.0
Block processing time: 0.035707 seconds
Computing Block 102 out of 151
Processing Block size=5
begin cleaner{left: ("[FunctionalDependency:(s: {ProviderNumber}, t: {HospitalName})]", 0.0), operator: *, right: (1.0, 1.0), result: 0.0}
列 'p' 不存在，对列 HospitalName 不过滤，直接选择所有非无效值。
clean_bool length:3
newest best op: Uniop(df,'HospitalName','st vincents hospital',(['ProviderNumber'], {(10056.0,)}),{left: ("[FunctionalDependency:(s: {ProviderNumber}, t: {HospitalName})]", 0.0), operator: *, right: (1.0, 1.0), result: 0.0})
now error: 0.0
Block processing time: 0.012679 seconds
Computing Block 103 out of 151
Processing Block size=18
begin cleaner{left: ("[FunctionalDependency:(s: {ProviderNumber}, t: {HospitalName})]", 0.0), operator: *, right: (1.0, 1.0), result: 0.0}
列 'p' 不存在，对列 HospitalName 不过滤，直接选择所有非无效值。
clean_bool length:3
newest best op: Uniop(df,'HospitalName','st vincen@@ts blo#unt',(['ProviderNumber'], {(10050.0,)}),{left: ("[FunctionalDependency:(s: {ProviderNumber}, t: {HospitalName})]", 0.0), operator: *, right: (1.0, 1.0), result: 0.0})
now error: 0.0
newest best op: Uniop(df,'HospitalName','st vincents blount',(['ProviderNumber'], {(10050.0,)}),{left: ("[FunctionalDependency:(s: {ProviderNumber}, t: {HospitalName})]", 0.0), operator: *, right: (1.0, 1.0), result: 0.0})
now error: 0.0
Block processing time: 0.041916 seconds
Computing Block 106 out of 151
Processing Block size=21
begin cleaner{left: ("[FunctionalDependency:(s: {ProviderNumber}, t: {HospitalName})]", 0.0), operator: *, right: (1.0, 1.0), result: 0.0}
列 'p' 不存在，对列 HospitalName 不过滤，直接选择所有非无效值。
clean_bool length:4
newest best op: Uniop(df,'HospitalName','elba general hospital',(['ProviderNumber'], {(10027.0,)}),{left: ("[FunctionalDependency:(s: {ProviderNumber}, t: {HospitalName})]", 0.0), operator: *, right: (1.0, 1.0), result: 0.0})
now error: 0.0
Block processing time: 0.100607 seconds
Computing Block 111 out of 151
Processing Block size=18
begin cleaner{left: ("[FunctionalDependency:(s: {ProviderNumber}, t: {HospitalName})]", 0.0), operator: *, right: (1.0, 1.0), result: 0.0}
列 'p' 不存在，对列 HospitalName 不过滤，直接选择所有非无效值。
clean_bool length:2
newest best op: Uniop(df,'HospitalName','wedowee hospital',(['ProviderNumber'], {(10032.0,)}),{left: ("[FunctionalDependency:(s: {ProviderNumber}, t: {HospitalName})]", 0.0), operator: *, right: (1.0, 1.0), result: 0.0})
now error: 0.0
Block processing time: 0.025561 seconds
Computing Block 112 out of 151
Processing Block size=23
begin cleaner{left: ("[FunctionalDependency:(s: {ProviderNumber}, t: {HospitalName})]", 0.0), operator: *, right: (1.0, 1.0), result: 0.0}
列 'p' 不存在，对列 HospitalName 不过滤，直接选择所有非无效值。
clean_bool length:3
newest best op: Uniop(df,'HospitalName','st vincents east',(['ProviderNumber'], {(10011.0,)}),{left: ("[FunctionalDependency:(s: {ProviderNumber}, t: {HospitalName})]", 0.0), operator: *, right: (1.0, 1.0), result: 0.0})
now error: 0.0
Block processing time: 0.050522 seconds
Computing Block 113 out of 151
Processing Block size=22
begin cleaner{left: ("[FunctionalDependency:(s: {ProviderNumber}, t: {HospitalName})]", 0.0), operator: *, right: (1.0, 1.0), result: 0.0}
列 'p' 不存在，对列 HospitalName 不过滤，直接选择所有非无效值。
clean_bool length:6
newest best op: Uniop(df,'HospitalName','georgiana hospita$l',(['ProviderNumber'], {(10047.0,)}),{left: ("[FunctionalDependency:(s: {ProviderNumber}, t: {HospitalName})]", 0.0), operator: *, right: (1.0, 1.0), result: 0.0})
now error: 0.0
newest best op: Uniop(df,'HospitalName','georgiana hospital',(['ProviderNumber'], {(10047.0,)}),{left: ("[FunctionalDependency:(s: {ProviderNumber}, t: {HospitalName})]", 0.0), operator: *, right: (1.0, 1.0), result: 0.0})
now error: 0.0
Block processing time: 0.105103 seconds
Computing Block 115 out of 151
Processing Block size=21
begin cleaner{left: ("[FunctionalDependency:(s: {ProviderNumber}, t: {HospitalName})]", 0.0), operator: *, right: (1.0, 1.0), result: 0.0}
列 'p' 不存在，对列 HospitalName 不过滤，直接选择所有非无效值。
clean_bool length:4
newest best op: Uniop(df,'HospitalName','communit??y @@hospital inc',(['ProviderNumber'], {(10034.0,)}),{left: ("[FunctionalDependency:(s: {ProviderNumber}, t: {HospitalName})]", 0.0), operator: *, right: (1.0, 1.0), result: 0.0})
now error: 0.0
newest best op: Uniop(df,'HospitalName','community hospital inc',(['ProviderNumber'], {(10034.0,)}),{left: ("[FunctionalDependency:(s: {ProviderNumber}, t: {HospitalName})]", 0.0), operator: *, right: (1.0, 1.0), result: 0.0})
now error: 0.0
Block processing time: 0.070146 seconds
Computing Block 119 out of 151
Processing Block size=22
begin cleaner{left: ("[FunctionalDependency:(s: {ProviderNumber}, t: {HospitalName})]", 0.0), operator: *, right: (1.0, 1.0), result: 0.0}
列 'p' 不存在，对列 HospitalName 不过滤，直接选择所有非无效值。
clean_bool length:5
newest best op: Uniop(df,'HospitalName','shelby baptist med$ical center',(['ProviderNumber'], {(10016.0,)}),{left: ("[FunctionalDependency:(s: {ProviderNumber}, t: {HospitalName})]", 0.0), operator: *, right: (1.0, 1.0), result: 0.0})
now error: 0.0
newest best op: Uniop(df,'HospitalName','shelby baptist medical center',(['ProviderNumber'], {(10016.0,)}),{left: ("[FunctionalDependency:(s: {ProviderNumber}, t: {HospitalName})]", 0.0), operator: *, right: (1.0, 1.0), result: 0.0})
now error: 0.0
Block processing time: 0.094691 seconds
Computing Block 121 out of 151
Processing Block size=20
begin cleaner{left: ("[FunctionalDependency:(s: {ProviderNumber}, t: {HospitalName})]", 0.0), operator: *, right: (1.0, 1.0), result: 0.0}
列 'p' 不存在，对列 HospitalName 不过滤，直接选择所有非无效值。
clean_bool length:6
newest best op: Uniop(df,'HospitalName','#medical center enterprise',(['ProviderNumber'], {(10049.0,)}),{left: ("[FunctionalDependency:(s: {ProviderNumber}, t: {HospitalName})]", 0.0), operator: *, right: (1.0, 1.0), result: 0.0})
now error: 0.0
newest best op: Uniop(df,'HospitalName','medical center enterprise',(['ProviderNumber'], {(10049.0,)}),{left: ("[FunctionalDependency:(s: {ProviderNumber}, t: {HospitalName})]", 0.0), operator: *, right: (1.0, 1.0), result: 0.0})
now error: 0.0
Block processing time: 0.104939 seconds
Computing Block 129 out of 151
Processing Block size=22
begin cleaner{left: ("[FunctionalDependency:(s: {ProviderNumber}, t: {HospitalName})]", 0.0), operator: *, right: (1.0, 1.0), result: 0.0}
列 'p' 不存在，对列 HospitalName 不过滤，直接选择所有非无效值。
clean_bool length:3
newest best op: Uniop(df,'HospitalName','stringfellow memorial hospital',(['ProviderNumber'], {(10038.0,)}),{left: ("[FunctionalDependency:(s: {ProviderNumber}, t: {HospitalName})]", 0.0), operator: *, right: (1.0, 1.0), result: 0.0})
now error: 0.0
Block processing time: 0.054927 seconds
Computing Block 130 out of 151
Processing Block size=19
begin cleaner{left: ("[FunctionalDependency:(s: {ProviderNumber}, t: {HospitalName})]", 0.0), operator: *, right: (1.0, 1.0), result: 0.0}
列 'p' 不存在，对列 HospitalName 不过滤，直接选择所有非无效值。
clean_bool length:4
newest best op: Uniop(df,'HospitalName','cherokee@@ medical ??center',(['ProviderNumber'], {(10022.0,)}),{left: ("[FunctionalDependency:(s: {ProviderNumber}, t: {HospitalName})]", 0.0), operator: *, right: (1.0, 1.0), result: 0.0})
now error: 0.0
newest best op: Uniop(df,'HospitalName','chero#kee medical cen@@ter',(['ProviderNumber'], {(10022.0,)}),{left: ("[FunctionalDependency:(s: {ProviderNumber}, t: {HospitalName})]", 0.0), operator: *, right: (1.0, 1.0), result: 0.0})
now error: 0.0
newest best op: Uniop(df,'HospitalName','cherokee medical center',(['ProviderNumber'], {(10022.0,)}),{left: ("[FunctionalDependency:(s: {ProviderNumber}, t: {HospitalName})]", 0.0), operator: *, right: (1.0, 1.0), result: 0.0})
now error: 0.0
Block processing time: 0.061255 seconds
Computing Block 131 out of 151
Processing Block size=23
begin cleaner{left: ("[FunctionalDependency:(s: {ProviderNumber}, t: {HospitalName})]", 0.0), operator: *, right: (1.0, 1.0), result: 0.0}
列 'p' 不存在，对列 HospitalName 不过滤，直接选择所有非无效值。
clean_bool length:3
newest best op: Uniop(df,'HospitalName','andalusia region#al hospi#tal',(['ProviderNumber'], {(10036.0,)}),{left: ("[FunctionalDependency:(s: {ProviderNumber}, t: {HospitalName})]", 0.0), operator: *, right: (1.0, 1.0), result: 0.0})
now error: 0.0
newest best op: Uniop(df,'HospitalName','andalusia regional hospital',(['ProviderNumber'], {(10036.0,)}),{left: ("[FunctionalDependency:(s: {ProviderNumber}, t: {HospitalName})]", 0.0), operator: *, right: (1.0, 1.0), result: 0.0})
now error: 0.0
Block processing time: 0.054214 seconds
Computing Block 134 out of 151
Processing Block size=21
begin cleaner{left: ("[FunctionalDependency:(s: {ProviderNumber}, t: {HospitalName})]", 0.0), operator: *, right: (1.0, 1.0), result: 0.0}
列 'p' 不存在，对列 HospitalName 不过滤，直接选择所有非无效值。
clean_bool length:5
newest best op: Uniop(df,'HospitalName','marion regional ??medical center',(['ProviderNumber'], {(10044.0,)}),{left: ("[FunctionalDependency:(s: {ProviderNumber}, t: {HospitalName})]", 0.0), operator: *, right: (1.0, 1.0), result: 0.0})
now error: 0.0
newest best op: Uniop(df,'HospitalName','marion regional medical center',(['ProviderNumber'], {(10044.0,)}),{left: ("[FunctionalDependency:(s: {ProviderNumber}, t: {HospitalName})]", 0.0), operator: *, right: (1.0, 1.0), result: 0.0})
now error: 0.0
Block processing time: 0.089134 seconds
Computing Block 136 out of 151
Processing Block size=24
begin cleaner{left: ("[FunctionalDependency:(s: {ProviderNumber}, t: {HospitalName})]", 0.0), operator: *, right: (1.0, 1.0), result: 0.0}
列 'p' 不存在，对列 HospitalName 不过滤，直接选择所有非无效值。
clean_bool length:4
newest best op: Uniop(df,'HospitalName','hartsell@@e medical center',(['ProviderNumber'], {(10009.0,)}),{left: ("[FunctionalDependency:(s: {ProviderNumber}, t: {HospitalName})]", 0.0), operator: *, right: (1.0, 1.0), result: 0.0})
now error: 0.0
newest best op: Uniop(df,'HospitalName','hartselle medical center',(['ProviderNumber'], {(10009.0,)}),{left: ("[FunctionalDependency:(s: {ProviderNumber}, t: {HospitalName})]", 0.0), operator: *, right: (1.0, 1.0), result: 0.0})
now error: 0.0
Block processing time: 0.075049 seconds
Computing Block 140 out of 151
Processing Block size=14
begin cleaner{left: ("[FunctionalDependency:(s: {ProviderNumber}, t: {HospitalName})]", 0.0), operator: *, right: (1.0, 1.0), result: 0.0}
列 'p' 不存在，对列 HospitalName 不过滤，直接选择所有非无效值。
clean_bool length:4
newest best op: Uniop(df,'HospitalName','flowers hospital',(['ProviderNumber'], {(10055.0,)}),{left: ("[FunctionalDependency:(s: {ProviderNumber}, t: {HospitalName})]", 0.0), operator: *, right: (1.0, 1.0), result: 0.0})
now error: 0.0
Block processing time: 0.043479 seconds
Computing Block 146 out of 151
Processing Block size=23
begin cleaner{left: ("[FunctionalDependency:(s: {ProviderNumber}, t: {HospitalName})]", 0.0), operator: *, right: (1.0, 1.0), result: 0.0}
列 'p' 不存在，对列 HospitalName 不过滤，直接选择所有非无效值。
clean_bool length:5
newest best op: Uniop(df,'HospitalName','fayet%te medical center',(['ProviderNumber'], {(10045.0,)}),{left: ("[FunctionalDependency:(s: {ProviderNumber}, t: {HospitalName})]", 0.0), operator: *, right: (1.0, 1.0), result: 0.0})
now error: 0.0
newest best op: Uniop(df,'HospitalName','fayette medical center',(['ProviderNumber'], {(10045.0,)}),{left: ("[FunctionalDependency:(s: {ProviderNumber}, t: {HospitalName})]", 0.0), operator: *, right: (1.0, 1.0), result: 0.0})
now error: 0.0
Block processing time: 0.091341 seconds
Computing Block 147 out of 151
Processing Block size=22
begin cleaner{left: ("[FunctionalDependency:(s: {ProviderNumber}, t: {HospitalName})]", 0.0), operator: *, right: (1.0, 1.0), result: 0.0}
列 'p' 不存在，对列 HospitalName 不过滤，直接选择所有非无效值。
clean_bool length:4
newest best op: Uniop(df,'HospitalName','cullman regional m@@edical center',(['ProviderNumber'], {(10035.0,)}),{left: ("[FunctionalDependency:(s: {ProviderNumber}, t: {HospitalName})]", 0.0), operator: *, right: (1.0, 1.0), result: 0.0})
now error: 0.0
newest best op: Uniop(df,'HospitalName','cullman regional medical center',(['ProviderNumber'], {(10035.0,)}),{left: ("[FunctionalDependency:(s: {ProviderNumber}, t: {HospitalName})]", 0.0), operator: *, right: (1.0, 1.0), result: 0.0})
now error: 0.0
Block processing time: 0.071288 seconds
Computing Block 148 out of 151
Processing Block size=23
begin cleaner{left: ("[FunctionalDependency:(s: {ProviderNumber}, t: {HospitalName})]", 0.0), operator: *, right: (1.0, 1.0), result: 0.0}
列 'p' 不存在，对列 HospitalName 不过滤，直接选择所有非无效值。
clean_bool length:5
newest best op: Uniop(df,'HospitalName','river$view regi??onal medical center',(['ProviderNumber'], {(10046.0,)}),{left: ("[FunctionalDependency:(s: {ProviderNumber}, t: {HospitalName})]", 0.0), operator: *, right: (1.0, 1.0), result: 0.0})
now error: 0.0
newest best op: Uniop(df,'HospitalName','riverview regional medical center',(['ProviderNumber'], {(10046.0,)}),{left: ("[FunctionalDependency:(s: {ProviderNumber}, t: {HospitalName})]", 0.0), operator: *, right: (1.0, 1.0), result: 0.0})
now error: 0.0
Block processing time: 0.098348 seconds
  当前节点: HospitalName 有 42 个清洗操作
  当前节点: MeasureName 存在可用清洗信号
数据块大小: 1000
分块属性:
[['MeasureCode']]
Starting initial block mapping...
Initial number of blocks: 125
Final number of blocks after further splitting: 125
Computing Block 2 out of 125
Processing Block size=32
begin cleaner[FunctionalDependency:(s: {'MeasureCode'}, t: {'MeasureName'})]*1.0
列 'p' 不存在，对列 MeasureName 不过滤，直接选择所有非无效值。
clean_bool length:4
newest best op: Uniop(df,'MeasureName','heart attack patient??s given pci within 90 minutes of arrival',(['MeasureCode'], {('ami-8a',)}),{left: ("[FunctionalDependency:(s: {MeasureCode}, t: {MeasureName})]", 0.0), operator: *, right: (1.0, 1.0), result: 0.0})
now error: 0.0
newest best op: Uniop(df,'MeasureName','heart attack patients given pci within 90 minutes of arrival',(['MeasureCode'], {('ami-8a',)}),{left: ("[FunctionalDependency:(s: {MeasureCode}, t: {MeasureName})]", 0.0), operator: *, right: (1.0, 1.0), result: 0.0})
now error: 0.0
Block processing time: 0.140174 seconds
Computing Block 3 out of 125
Processing Block size=36
begin cleaner{left: ("[FunctionalDependency:(s: {MeasureCode}, t: {MeasureName})]", 0.0), operator: *, right: (1.0, 1.0), result: 0.0}
列 'p' 不存在，对列 MeasureName 不过滤，直接选择所有非无效值。
clean_bool length:5
newest best op: Uniop(df,'MeasureName','h#eart att%ack patients given aspirin at discharge',(['MeasureCode'], {('ami-2',)}),{left: ("[FunctionalDependency:(s: {MeasureCode}, t: {MeasureName})]", 0.0), operator: *, right: (1.0, 1.0), result: 0.0})
now error: 0.0
newest best op: Uniop(df,'MeasureName','heart attack patients given aspirin at discharge',(['MeasureCode'], {('ami-2',)}),{left: ("[FunctionalDependency:(s: {MeasureCode}, t: {MeasureName})]", 0.0), operator: *, right: (1.0, 1.0), result: 0.0})
now error: 0.0
Block processing time: 0.171324 seconds
Computing Block 7 out of 125
Processing Block size=33
begin cleaner{left: ("[FunctionalDependency:(s: {MeasureCode}, t: {MeasureName})]", 0.0), operator: *, right: (1.0, 1.0), result: 0.0}
列 'p' 不存在，对列 MeasureName 不过滤，直接选择所有非无效值。
clean_bool length:5
newest best op: Uniop(df,'MeasureName','heart failure patients given an evaluation of left ventricular systolic (lvs) function',(['MeasureCode'], {('hf-2',)}),{left: ("[FunctionalDependency:(s: {MeasureCode}, t: {MeasureName})]", 0.0), operator: *, right: (1.0, 1.0), result: 0.0})
now error: 0.0
Block processing time: 0.257753 seconds
Computing Block 10 out of 125
Processing Block size=38
begin cleaner{left: ("[FunctionalDependency:(s: {MeasureCode}, t: {MeasureName})]", 0.0), operator: *, right: (1.0, 1.0), result: 0.0}
列 'p' 不存在，对列 MeasureName 不过滤，直接选择所有非无效值。
clean_bool length:6
newest best op: Uniop(df,'MeasureName','heart attack patients given ace inhibitor ??or$ arb for left ventricular systolic dysfunction (lvsd)',(['MeasureCode'], {('ami-3',)}),{left: ("[FunctionalDependency:(s: {MeasureCode}, t: {MeasureName})]", 0.0), operator: *, right: (1.0, 1.0), result: 0.0})
now error: 0.0
newest best op: Uniop(df,'MeasureName','heart attack patients given ace inhibitor or arb for left ventricular systolic dys#function (lvsd)',(['MeasureCode'], {('ami-3',)}),{left: ("[FunctionalDependency:(s: {MeasureCode}, t: {MeasureName})]", 0.0), operator: *, right: (1.0, 1.0), result: 0.0})
now error: 0.0
newest best op: Uniop(df,'MeasureName','heart attack patients given ace inhibitor or arb for left ventricular systolic dysfunction (lvsd)',(['MeasureCode'], {('ami-3',)}),{left: ("[FunctionalDependency:(s: {MeasureCode}, t: {MeasureName})]", 0.0), operator: *, right: (1.0, 1.0), result: 0.0})
now error: 0.0
Block processing time: 0.430316 seconds
Computing Block 13 out of 125
Processing Block size=29
begin cleaner{left: ("[FunctionalDependency:(s: {MeasureCode}, t: {MeasureName})]", 0.0), operator: *, right: (1.0, 1.0), result: 0.0}
列 'p' 不存在，对列 MeasureName 不过滤，直接选择所有非无效值。
clean_bool length:8
newest best op: Uniop(df,'MeasureName','heart at@@tack $patients given beta blocker at discharge',(['MeasureCode'], {('ami-5',)}),{left: ("[FunctionalDependency:(s: {MeasureCode}, t: {MeasureName})]", 0.0), operator: *, right: (1.0, 1.0), result: 0.0})
now error: 0.0
newest best op: Uniop(df,'MeasureName','heart?? attack patients given beta blocker at discharge',(['MeasureCode'], {('ami-5',)}),{left: ("[FunctionalDependency:(s: {MeasureCode}, t: {MeasureName})]", 0.0), operator: *, right: (1.0, 1.0), result: 0.0})
now error: 0.0
newest best op: Uniop(df,'MeasureName','he@@art attack patients given beta blocker at discharge',(['MeasureCode'], {('ami-5',)}),{left: ("[FunctionalDependency:(s: {MeasureCode}, t: {MeasureName})]", 0.0), operator: *, right: (1.0, 1.0), result: 0.0})
now error: 0.0
newest best op: Uniop(df,'MeasureName','heart attack patients given beta blocker at discharge',(['MeasureCode'], {('ami-5',)}),{left: ("[FunctionalDependency:(s: {MeasureCode}, t: {MeasureName})]", 0.0), operator: *, right: (1.0, 1.0), result: 0.0})
now error: 0.0
Block processing time: 0.259974 seconds
Computing Block 16 out of 125
Processing Block size=30
begin cleaner{left: ("[FunctionalDependency:(s: {MeasureCode}, t: {MeasureName})]", 0.0), operator: *, right: (1.0, 1.0), result: 0.0}
列 'p' 不存在，对列 MeasureName 不过滤，直接选择所有非无效值。
clean_bool length:6
newest best op: Uniop(df,'MeasureName','pneumonia patients assessed and# given pneumococcal vaccin??ation',(['MeasureCode'], {('pn-2',)}),{left: ("[FunctionalDependency:(s: {MeasureCode}, t: {MeasureName})]", 0.0), operator: *, right: (1.0, 1.0), result: 0.0})
now error: 0.0
newest best op: Uniop(df,'MeasureName','pneumonia patients asses??sed and given pneumococcal vaccination',(['MeasureCode'], {('pn-2',)}),{left: ("[FunctionalDependency:(s: {MeasureCode}, t: {MeasureName})]", 0.0), operator: *, right: (1.0, 1.0), result: 0.0})
now error: 0.0
newest best op: Uniop(df,'MeasureName','pneumonia patients assessed and given pneumococcal vaccination',(['MeasureCode'], {('pn-2',)}),{left: ("[FunctionalDependency:(s: {MeasureCode}, t: {MeasureName})]", 0.0), operator: *, right: (1.0, 1.0), result: 0.0})
now error: 0.0
Block processing time: 0.219302 seconds
Computing Block 34 out of 125
Processing Block size=36
begin cleaner{left: ("[FunctionalDependency:(s: {MeasureCode}, t: {MeasureName})]", 0.0), operator: *, right: (1.0, 1.0), result: 0.0}
列 'p' 不存在，对列 MeasureName 不过滤，直接选择所有非无效值。
clean_bool length:3
newest best op: Uniop(df,'MeasureName','surgery patients who were taking heart drugs called beta blockers before coming to the hospital$ who were kept on the beta blockers% during the period just before and after their surgery',(['MeasureCode'], {('scip-card-2',)}),{left: ("[FunctionalDependency:(s: {MeasureCode}, t: {MeasureName})]", 0.0), operator: *, right: (1.0, 1.0), result: 0.0})
now error: 0.0
newest best op: Uniop(df,'MeasureName','surgery patients who were taking heart drugs called beta blockers before coming to the hospital who were kept on the beta blockers during the period just before and after their surgery',(['MeasureCode'], {('scip-card-2',)}),{left: ("[FunctionalDependency:(s: {MeasureCode}, t: {MeasureName})]", 0.0), operator: *, right: (1.0, 1.0), result: 0.0})
now error: 0.0
Block processing time: 0.30585 seconds
Computing Block 38 out of 125
Processing Block size=35
begin cleaner{left: ("[FunctionalDependency:(s: {MeasureCode}, t: {MeasureName})]", 0.0), operator: *, right: (1.0, 1.0), result: 0.0}
列 'p' 不存在，对列 MeasureName 不过滤，直接选择所有非无效值。
clean_bool length:3
newest best op: Uniop(df,'MeasureName','patients who got treatment  at the right time (within 24 hours before or after their surgery) to help prevent blood clots after certain types of surgery',(['MeasureCode'], {('scip-vte-2',)}),{left: ("[FunctionalDependency:(s: {MeasureCode}, t: {MeasureName})]", 0.0), operator: *, right: (1.0, 1.0), result: 0.0})
now error: 0.0
Block processing time: 0.212427 seconds
Computing Block 41 out of 125
Processing Block size=29
begin cleaner{left: ("[FunctionalDependency:(s: {MeasureCode}, t: {MeasureName})]", 0.0), operator: *, right: (1.0, 1.0), result: 0.0}
列 'p' 不存在，对列 MeasureName 不过滤，直接选择所有非无效值。
clean_bool length:3
newest best op: Uniop(df,'MeasureName','surgery patients who were given the  right #kind  of antibiotic to help prevent infection',(['MeasureCode'], {('scip-inf-2',)}),{left: ("[FunctionalDependency:(s: {MeasureCode}, t: {MeasureName})]", 0.0), operator: *, right: (1.0, 1.0), result: 0.0})
now error: 0.0
newest best op: Uniop(df,'MeasureName','surgery patients who were given the  right kind  of antibiotic to help prevent infection',(['MeasureCode'], {('scip-inf-2',)}),{left: ("[FunctionalDependency:(s: {MeasureCode}, t: {MeasureName})]", 0.0), operator: *, right: (1.0, 1.0), result: 0.0})
now error: 0.0
Block processing time: 0.100376 seconds
Computing Block 42 out of 125
Processing Block size=35
begin cleaner{left: ("[FunctionalDependency:(s: {MeasureCode}, t: {MeasureName})]", 0.0), operator: *, right: (1.0, 1.0), result: 0.0}
列 'p' 不存在，对列 MeasureName 不过滤，直接选择所有非无效值。
clean_bool length:8
newest best op: Uniop(df,'MeasureName','heart attack patients given fibrinolytic m$edication within 30 minutes of arrival',(['MeasureCode'], {('ami-7a',)}),{left: ("[FunctionalDependency:(s: {MeasureCode}, t: {MeasureName})]", 0.0), operator: *, right: (1.0, 1.0), result: 0.0})
now error: 0.0
newest best op: Uniop(df,'MeasureName','heart attack patients given fibrinolytic medication within 30 minutes of arrival',(['MeasureCode'], {('ami-7a',)}),{left: ("[FunctionalDependency:(s: {MeasureCode}, t: {MeasureName})]", 0.0), operator: *, right: (1.0, 1.0), result: 0.0})
now error: 0.0
Block processing time: 0.429755 seconds
Computing Block 48 out of 125
Processing Block size=37
begin cleaner{left: ("[FunctionalDependency:(s: {MeasureCode}, t: {MeasureName})]", 0.0), operator: *, right: (1.0, 1.0), result: 0.0}
列 'p' 不存在，对列 MeasureName 不过滤，直接选择所有非无效值。
clean_bool length:4
newest best op: Uniop(df,'MeasureName','pneumonia patients given initial antibiotic(s) within 6 hours after arrival',(['MeasureCode'], {('pn-5c',)}),{left: ("[FunctionalDependency:(s: {MeasureCode}, t: {MeasureName})]", 0.0), operator: *, right: (1.0, 1.0), result: 0.0})
now error: 0.0
Block processing time: 0.184606 seconds
Computing Block 50 out of 125
Processing Block size=32
begin cleaner{left: ("[FunctionalDependency:(s: {MeasureCode}, t: {MeasureName})]", 0.0), operator: *, right: (1.0, 1.0), result: 0.0}
列 'p' 不存在，对列 MeasureName 不过滤，直接选择所有非无效值。
clean_bool length:10
newest best op: Uniop(df,'MeasureName','surgery patients who were given an antibiotic a%t the right time (within one hour before surgery) to help prevent infection',(['MeasureCode'], {('scip-inf-1',)}),{left: ("[FunctionalDependency:(s: {MeasureCode}, t: {MeasureName})]", 0.0), operator: *, right: (1.0, 1.0), result: 0.0})
now error: 0.0
newest best op: Uniop(df,'MeasureName','surgery patients who were given an ant%ibiotic at the right time (within one hour before surgery) to help prevent infection',(['MeasureCode'], {('scip-inf-1',)}),{left: ("[FunctionalDependency:(s: {MeasureCode}, t: {MeasureName})]", 0.0), operator: *, right: (1.0, 1.0), result: 0.0})
now error: 0.0
newest best op: Uniop(df,'MeasureName','surgery patients who were given an antibiotic at the right time (within one hour before surgery) to help prevent infection',(['MeasureCode'], {('scip-inf-1',)}),{left: ("[FunctionalDependency:(s: {MeasureCode}, t: {MeasureName})]", 0.0), operator: *, right: (1.0, 1.0), result: 0.0})
now error: 0.0
Block processing time: 0.94622 seconds
Computing Block 52 out of 125
Processing Block size=2
begin cleaner{left: ("[FunctionalDependency:(s: {MeasureCode}, t: {MeasureName})]", 0.0), operator: *, right: (1.0, 1.0), result: 0.0}
列 'p' 不存在，对列 MeasureName 不过滤，直接选择所有非无效值。
Block processing time: 0.001621 seconds
Computing Block 53 out of 125
Processing Block size=2
begin cleaner{left: ("[FunctionalDependency:(s: {MeasureCode}, t: {MeasureName})]", 0.0), operator: *, right: (1.0, 1.0), result: 0.0}
列 'p' 不存在，对列 MeasureName 不过滤，直接选择所有非无效值。
Block processing time: 0.001555 seconds
Computing Block 54 out of 125
Processing Block size=38
begin cleaner{left: ("[FunctionalDependency:(s: {MeasureCode}, t: {MeasureName})]", 0.0), operator: *, right: (1.0, 1.0), result: 0.0}
列 'p' 不存在，对列 MeasureName 不过滤，直接选择所有非无效值。
clean_bool length:4
newest best op: Uniop(df,'MeasureName','heart failure patients given smoking cessation advic??e/counseling',(['MeasureCode'], {('hf-4',)}),{left: ("[FunctionalDependency:(s: {MeasureCode}, t: {MeasureName})]", 0.0), operator: *, right: (1.0, 1.0), result: 0.0})
now error: 0.0
newest best op: Uniop(df,'MeasureName','heart failure patients given smoking cessation advice/counseling',(['MeasureCode'], {('hf-4',)}),{left: ("[FunctionalDependency:(s: {MeasureCode}, t: {MeasureName})]", 0.0), operator: *, right: (1.0, 1.0), result: 0.0})
now error: 0.0
Block processing time: 0.178247 seconds
Computing Block 56 out of 125
Processing Block size=31
begin cleaner{left: ("[FunctionalDependency:(s: {MeasureCode}, t: {MeasureName})]", 0.0), operator: *, right: (1.0, 1.0), result: 0.0}
列 'p' 不存在，对列 MeasureName 不过滤，直接选择所有非无效值。
clean_bool length:6
newest best op: Uniop(df,'MeasureName','pneumonia patients assessed and given?? infl@@uenza vaccination',(['MeasureCode'], {('pn-7',)}),{left: ("[FunctionalDependency:(s: {MeasureCode}, t: {MeasureName})]", 0.0), operator: *, right: (1.0, 1.0), result: 0.0})
now error: 0.0
newest best op: Uniop(df,'MeasureName','pneumonia patients assessed and give%n influenza vaccination#',(['MeasureCode'], {('pn-7',)}),{left: ("[FunctionalDependency:(s: {MeasureCode}, t: {MeasureName})]", 0.0), operator: *, right: (1.0, 1.0), result: 0.0})
now error: 0.0
newest best op: Uniop(df,'MeasureName','pneumonia patients assessed and given influenza vaccination',(['MeasureCode'], {('pn-7',)}),{left: ("[FunctionalDependency:(s: {MeasureCode}, t: {MeasureName})]", 0.0), operator: *, right: (1.0, 1.0), result: 0.0})
now error: 0.0
Block processing time: 0.234274 seconds
Computing Block 62 out of 125
Processing Block size=3
begin cleaner{left: ("[FunctionalDependency:(s: {MeasureCode}, t: {MeasureName})]", 0.0), operator: *, right: (1.0, 1.0), result: 0.0}
列 'p' 不存在，对列 MeasureName 不过滤，直接选择所有非无效值。
Block processing time: 0.002367 seconds
Computing Block 63 out of 125
Processing Block size=37
begin cleaner{left: ("[FunctionalDependency:(s: {MeasureCode}, t: {MeasureName})]", 0.0), operator: *, right: (1.0, 1.0), result: 0.0}
列 'p' 不存在，对列 MeasureName 不过滤，直接选择所有非无效值。
clean_bool length:5
newest best op: Uniop(df,'MeasureName','surgery patients whose doctors ordered treatments @@to prevent blood clots after certain types of surgeries',(['MeasureCode'], {('scip-vte-1',)}),{left: ("[FunctionalDependency:(s: {MeasureCode}, t: {MeasureName})]", 0.0), operator: *, right: (1.0, 1.0), result: 0.0})
now error: 0.0
newest best op: Uniop(df,'MeasureName','surgery patients whose doctors ordered treatments %to prevent blood clots after certain types of surgeries',(['MeasureCode'], {('scip-vte-1',)}),{left: ("[FunctionalDependency:(s: {MeasureCode}, t: {MeasureName})]", 0.0), operator: *, right: (1.0, 1.0), result: 0.0})
now error: 0.0
newest best op: Uniop(df,'MeasureName','surgery patients whose doctors ordered treatments to prevent blood clots after certain types of surgeries',(['MeasureCode'], {('scip-vte-1',)}),{left: ("[FunctionalDependency:(s: {MeasureCode}, t: {MeasureName})]", 0.0), operator: *, right: (1.0, 1.0), result: 0.0})
now error: 0.0
Block processing time: 0.350579 seconds
Computing Block 72 out of 125
Processing Block size=32
begin cleaner{left: ("[FunctionalDependency:(s: {MeasureCode}, t: {MeasureName})]", 0.0), operator: *, right: (1.0, 1.0), result: 0.0}
列 'p' 不存在，对列 MeasureName 不过滤，直接选择所有非无效值。
clean_bool length:4
newest best op: Uniop(df,'MeasureName','all heart surgery #patients wh$ose blood sugar (blood glucose) is kept under good control in the days right after surgery',(['MeasureCode'], {('scip-inf-4',)}),{left: ("[FunctionalDependency:(s: {MeasureCode}, t: {MeasureName})]", 0.0), operator: *, right: (1.0, 1.0), result: 0.0})
now error: 0.0
newest best op: Uniop(df,'MeasureName','all heart surgery patients whose blood sugar (blood glucose) is kept under good control in the days right after surgery',(['MeasureCode'], {('scip-inf-4',)}),{left: ("[FunctionalDependency:(s: {MeasureCode}, t: {MeasureName})]", 0.0), operator: *, right: (1.0, 1.0), result: 0.0})
now error: 0.0
Block processing time: 0.249533 seconds
Computing Block 80 out of 125
Processing Block size=3
begin cleaner{left: ("[FunctionalDependency:(s: {MeasureCode}, t: {MeasureName})]", 0.0), operator: *, right: (1.0, 1.0), result: 0.0}
列 'p' 不存在，对列 MeasureName 不过滤，直接选择所有非无效值。
Block processing time: 0.002384 seconds
Computing Block 87 out of 125
Processing Block size=37
begin cleaner{left: ("[FunctionalDependency:(s: {MeasureCode}, t: {MeasureName})]", 0.0), operator: *, right: (1.0, 1.0), result: 0.0}
列 'p' 不存在，对列 MeasureName 不过滤，直接选择所有非无效值。
clean_bool length:7
newest best op: Uniop(df,'MeasureName','heart attack patients given aspirin at arrival',(['MeasureCode'], {('ami-1',)}),{left: ("[FunctionalDependency:(s: {MeasureCode}, t: {MeasureName})]", 0.0), operator: *, right: (1.0, 1.0), result: 0.0})
now error: 0.0
Block processing time: 0.264774 seconds
Computing Block 96 out of 125
Processing Block size=34
begin cleaner{left: ("[FunctionalDependency:(s: {MeasureCode}, t: {MeasureName})]", 0.0), operator: *, right: (1.0, 1.0), result: 0.0}
列 'p' 不存在，对列 MeasureName 不过滤，直接选择所有非无效值。
clean_bool length:2
newest best op: Uniop(df,'MeasureName','heart failure patients given ace inhibitor or arb for left ventricular systolic dysfunction (lvsd)',(['MeasureCode'], {('hf-3',)}),{left: ("[FunctionalDependency:(s: {MeasureCode}, t: {MeasureName})]", 0.0), operator: *, right: (1.0, 1.0), result: 0.0})
now error: 0.0
Block processing time: 0.049469 seconds
Computing Block 100 out of 125
Processing Block size=34
begin cleaner{left: ("[FunctionalDependency:(s: {MeasureCode}, t: {MeasureName})]", 0.0), operator: *, right: (1.0, 1.0), result: 0.0}
列 'p' 不存在，对列 MeasureName 不过滤，直接选择所有非无效值。
clean_bool length:5
newest best op: Uniop(df,'MeasureName','heart failure patients g@@iven discharge instructions',(['MeasureCode'], {('hf-1',)}),{left: ("[FunctionalDependency:(s: {MeasureCode}, t: {MeasureName})]", 0.0), operator: *, right: (1.0, 1.0), result: 0.0})
now error: 0.0
newest best op: Uniop(df,'MeasureName','heart failure patients given discharge instructions',(['MeasureCode'], {('hf-1',)}),{left: ("[FunctionalDependency:(s: {MeasureCode}, t: {MeasureName})]", 0.0), operator: *, right: (1.0, 1.0), result: 0.0})
now error: 0.0
Block processing time: 0.174713 seconds
Computing Block 103 out of 125
Processing Block size=29
begin cleaner{left: ("[FunctionalDependency:(s: {MeasureCode}, t: {MeasureName})]", 0.0), operator: *, right: (1.0, 1.0), result: 0.0}
列 'p' 不存在，对列 MeasureName 不过滤，直接选择所有非无效值。
clean_bool length:5
newest best op: Uniop(df,'MeasureName','surgery patients needing hair removed from the surgical area before# surgery who had hair removed using a safer method (electric clippers or hair removal cream c not a razor)',(['MeasureCode'], {('scip-inf-6',)}),{left: ("[FunctionalDependency:(s: {MeasureCode}, t: {MeasureName})]", 0.0), operator: *, right: (1.0, 1.0), result: 0.0})
now error: 0.0
newest best op: Uniop(df,'MeasureName','surgery patients needing hair removed from the surgical area before surgery who had hair removed using a safer method (electric clippers or hair removal cream c not a razor)',(['MeasureCode'], {('scip-inf-6',)}),{left: ("[FunctionalDependency:(s: {MeasureCode}, t: {MeasureName})]", 0.0), operator: *, right: (1.0, 1.0), result: 0.0})
now error: 0.0
Block processing time: 0.54268 seconds
Computing Block 107 out of 125
Processing Block size=36
begin cleaner{left: ("[FunctionalDependency:(s: {MeasureCode}, t: {MeasureName})]", 0.0), operator: *, right: (1.0, 1.0), result: 0.0}
列 'p' 不存在，对列 MeasureName 不过滤，直接选择所有非无效值。
clean_bool length:5
newest best op: Uniop(df,'MeasureName','pneumonia patients whose initial emergency room blo#od culture was performed prior to the administration of the first hospit$al dose of antibiotics',(['MeasureCode'], {('pn-3b',)}),{left: ("[FunctionalDependency:(s: {MeasureCode}, t: {MeasureName})]", 0.0), operator: *, right: (1.0, 1.0), result: 0.0})
now error: 0.0
newest best op: Uniop(df,'MeasureName','pneumonia patients whose$ initial emergency room blood culture was performed prior to the administration of the first hospital dose of antibiotics',(['MeasureCode'], {('pn-3b',)}),{left: ("[FunctionalDependency:(s: {MeasureCode}, t: {MeasureName})]", 0.0), operator: *, right: (1.0, 1.0), result: 0.0})
now error: 0.0
newest best op: Uniop(df,'MeasureName','pneumonia patients whose initial emergency room blood culture was performed prior to the administration of the first hospital dose of antibiotics',(['MeasureCode'], {('pn-3b',)}),{left: ("[FunctionalDependency:(s: {MeasureCode}, t: {MeasureName})]", 0.0), operator: *, right: (1.0, 1.0), result: 0.0})
now error: 0.0
Block processing time: 0.533573 seconds
Computing Block 110 out of 125
Processing Block size=32
begin cleaner{left: ("[FunctionalDependency:(s: {MeasureCode}, t: {MeasureName})]", 0.0), operator: *, right: (1.0, 1.0), result: 0.0}
列 'p' 不存在，对列 MeasureName 不过滤，直接选择所有非无效值。
clean_bool length:6
newest best op: Uniop(df,'MeasureName','surgery patients whose preventive antibiotics were stopped at the right time (within 24 hours aft$er surgery)',(['MeasureCode'], {('scip-inf-3',)}),{left: ("[FunctionalDependency:(s: {MeasureCode}, t: {MeasureName})]", 0.0), operator: *, right: (1.0, 1.0), result: 0.0})
now error: 0.0
newest best op: Uniop(df,'MeasureName','surgery patients whose preventive antibiotics were stopped at the right time (within 24 hours after surgery)',(['MeasureCode'], {('scip-inf-3',)}),{left: ("[FunctionalDependency:(s: {MeasureCode}, t: {MeasureName})]", 0.0), operator: *, right: (1.0, 1.0), result: 0.0})
now error: 0.0
Block processing time: 0.408694 seconds
Computing Block 112 out of 125
Processing Block size=32
begin cleaner{left: ("[FunctionalDependency:(s: {MeasureCode}, t: {MeasureName})]", 0.0), operator: *, right: (1.0, 1.0), result: 0.0}
列 'p' 不存在，对列 MeasureName 不过滤，直接选择所有非无效值。
clean_bool length:2
newest best op: Uniop(df,'MeasureName','pneumonia patients given the most appropriate initial antibiotic(s)',(['MeasureCode'], {('pn-6',)}),{left: ("[FunctionalDependency:(s: {MeasureCode}, t: {MeasureName})]", 0.0), operator: *, right: (1.0, 1.0), result: 0.0})
now error: 0.0
Block processing time: 0.045357 seconds
Computing Block 116 out of 125
Processing Block size=37
begin cleaner{left: ("[FunctionalDependency:(s: {MeasureCode}, t: {MeasureName})]", 0.0), operator: *, right: (1.0, 1.0), result: 0.0}
列 'p' 不存在，对列 MeasureName 不过滤，直接选择所有非无效值。
clean_bool length:5
newest best op: Uniop(df,'MeasureName','pneumonia pati$ents given smoking# cessation advice/counseling',(['MeasureCode'], {('pn-4',)}),{left: ("[FunctionalDependency:(s: {MeasureCode}, t: {MeasureName})]", 0.0), operator: *, right: (1.0, 1.0), result: 0.0})
now error: 0.0
newest best op: Uniop(df,'MeasureName','pneumonia patients given smoking cessation advice/counseling',(['MeasureCode'], {('pn-4',)}),{left: ("[FunctionalDependency:(s: {MeasureCode}, t: {MeasureName})]", 0.0), operator: *, right: (1.0, 1.0), result: 0.0})
now error: 0.0
Block processing time: 0.209992 seconds
Computing Block 125 out of 125
Processing Block size=33
begin cleaner{left: ("[FunctionalDependency:(s: {MeasureCode}, t: {MeasureName})]", 0.0), operator: *, right: (1.0, 1.0), result: 0.0}
列 'p' 不存在，对列 MeasureName 不过滤，直接选择所有非无效值。
clean_bool length:6
newest best op: Uniop(df,'MeasureName','heart a#ttack patients given smoking ce#ssation advice/counseling',(['MeasureCode'], {('ami-4',)}),{left: ("[FunctionalDependency:(s: {MeasureCode}, t: {MeasureName})]", 0.0), operator: *, right: (1.0, 1.0), result: 0.0})
now error: 0.0
newest best op: Uniop(df,'MeasureName','heart attack patients given smoking cessation advice/counseling',(['MeasureCode'], {('ami-4',)}),{left: ("[FunctionalDependency:(s: {MeasureCode}, t: {MeasureName})]", 0.0), operator: *, right: (1.0, 1.0), result: 0.0})
now error: 0.0
Block processing time: 0.236273 seconds
  当前节点: MeasureName 有 25 个清洗操作
  当前节点: Stateavg 存在可用清洗信号
数据块大小: 1000
分块属性:
[['MeasureCode']]
Starting initial block mapping...
Initial number of blocks: 125
Final number of blocks after further splitting: 125
Computing Block 2 out of 125
Processing Block size=32
begin cleaner[FunctionalDependency:(s: {'MeasureCode'}, t: {'Stateavg'})]*1.0
列 'p' 不存在，对列 Stateavg 不过滤，直接选择所有非无效值。
clean_bool length:7
newest best op: Uniop(df,'Stateavg','al_@@ami-8a',(['MeasureCode'], {('ami-8a',)}),{left: ("[FunctionalDependency:(s: {MeasureCode}, t: {Stateavg})]", 0.0), operator: *, right: (1.0, 1.0), result: 0.0})
now error: 0.0
newest best op: Uniop(df,'Stateavg','%al_ami-8a',(['MeasureCode'], {('ami-8a',)}),{left: ("[FunctionalDependency:(s: {MeasureCode}, t: {Stateavg})]", 0.0), operator: *, right: (1.0, 1.0), result: 0.0})
now error: 0.0
newest best op: Uniop(df,'Stateavg','al_ami-8a',(['MeasureCode'], {('ami-8a',)}),{left: ("[FunctionalDependency:(s: {MeasureCode}, t: {Stateavg})]", 0.0), operator: *, right: (1.0, 1.0), result: 0.0})
now error: 0.0
Block processing time: 0.168626 seconds
Computing Block 3 out of 125
Processing Block size=36
begin cleaner{left: ("[FunctionalDependency:(s: {MeasureCode}, t: {Stateavg})]", 0.0), operator: *, right: (1.0, 1.0), result: 0.0}
列 'p' 不存在，对列 Stateavg 不过滤，直接选择所有非无效值。
clean_bool length:5
newest best op: Uniop(df,'Stateavg','al_ami??-2',(['MeasureCode'], {('ami-2',)}),{left: ("[FunctionalDependency:(s: {MeasureCode}, t: {Stateavg})]", 0.0), operator: *, right: (1.0, 1.0), result: 0.0})
now error: 0.0
newest best op: Uniop(df,'Stateavg','al_ami-2',(['MeasureCode'], {('ami-2',)}),{left: ("[FunctionalDependency:(s: {MeasureCode}, t: {Stateavg})]", 0.0), operator: *, right: (1.0, 1.0), result: 0.0})
now error: 0.0
Block processing time: 0.128834 seconds
Computing Block 7 out of 125
Processing Block size=33
begin cleaner{left: ("[FunctionalDependency:(s: {MeasureCode}, t: {Stateavg})]", 0.0), operator: *, right: (1.0, 1.0), result: 0.0}
列 'p' 不存在，对列 Stateavg 不过滤，直接选择所有非无效值。
clean_bool length:3
newest best op: Uniop(df,'Stateavg','a$l_hf-%2',(['MeasureCode'], {('hf-2',)}),{left: ("[FunctionalDependency:(s: {MeasureCode}, t: {Stateavg})]", 0.0), operator: *, right: (1.0, 1.0), result: 0.0})
now error: 0.0
newest best op: Uniop(df,'Stateavg','al_hf-2',(['MeasureCode'], {('hf-2',)}),{left: ("[FunctionalDependency:(s: {MeasureCode}, t: {Stateavg})]", 0.0), operator: *, right: (1.0, 1.0), result: 0.0})
now error: 0.0
Block processing time: 0.072092 seconds
Computing Block 10 out of 125
Processing Block size=38
begin cleaner{left: ("[FunctionalDependency:(s: {MeasureCode}, t: {Stateavg})]", 0.0), operator: *, right: (1.0, 1.0), result: 0.0}
列 'p' 不存在，对列 Stateavg 不过滤，直接选择所有非无效值。
clean_bool length:5
newest best op: Uniop(df,'Stateavg','$al_ami$-3',(['MeasureCode'], {('ami-3',)}),{left: ("[FunctionalDependency:(s: {MeasureCode}, t: {Stateavg})]", 0.0), operator: *, right: (1.0, 1.0), result: 0.0})
now error: 0.0
newest best op: Uniop(df,'Stateavg','al_ami-3',(['MeasureCode'], {('ami-3',)}),{left: ("[FunctionalDependency:(s: {MeasureCode}, t: {Stateavg})]", 0.0), operator: *, right: (1.0, 1.0), result: 0.0})
now error: 0.0
Block processing time: 0.136128 seconds
Computing Block 13 out of 125
Processing Block size=29
begin cleaner{left: ("[FunctionalDependency:(s: {MeasureCode}, t: {Stateavg})]", 0.0), operator: *, right: (1.0, 1.0), result: 0.0}
列 'p' 不存在，对列 Stateavg 不过滤，直接选择所有非无效值。
clean_bool length:6
newest best op: Uniop(df,'Stateavg','al_ami-??5',(['MeasureCode'], {('ami-5',)}),{left: ("[FunctionalDependency:(s: {MeasureCode}, t: {Stateavg})]", 0.0), operator: *, right: (1.0, 1.0), result: 0.0})
now error: 0.0
newest best op: Uniop(df,'Stateavg','al_am$i-5',(['MeasureCode'], {('ami-5',)}),{left: ("[FunctionalDependency:(s: {MeasureCode}, t: {Stateavg})]", 0.0), operator: *, right: (1.0, 1.0), result: 0.0})
now error: 0.0
newest best op: Uniop(df,'Stateavg','al_ami-5',(['MeasureCode'], {('ami-5',)}),{left: ("[FunctionalDependency:(s: {MeasureCode}, t: {Stateavg})]", 0.0), operator: *, right: (1.0, 1.0), result: 0.0})
now error: 0.0
Block processing time: 0.125764 seconds
Computing Block 16 out of 125
Processing Block size=30
begin cleaner{left: ("[FunctionalDependency:(s: {MeasureCode}, t: {Stateavg})]", 0.0), operator: *, right: (1.0, 1.0), result: 0.0}
列 'p' 不存在，对列 Stateavg 不过滤，直接选择所有非无效值。
clean_bool length:8
newest best op: Uniop(df,'Stateavg','al??_pn-2',(['MeasureCode'], {('pn-2',)}),{left: ("[FunctionalDependency:(s: {MeasureCode}, t: {Stateavg})]", 0.0), operator: *, right: (1.0, 1.0), result: 0.0})
now error: 0.0
newest best op: Uniop(df,'Stateavg','al_pn-2',(['MeasureCode'], {('pn-2',)}),{left: ("[FunctionalDependency:(s: {MeasureCode}, t: {Stateavg})]", 0.0), operator: *, right: (1.0, 1.0), result: 0.0})
now error: 0.0
Block processing time: 0.17368 seconds
Computing Block 34 out of 125
Processing Block size=36
begin cleaner{left: ("[FunctionalDependency:(s: {MeasureCode}, t: {Stateavg})]", 0.0), operator: *, right: (1.0, 1.0), result: 0.0}
列 'p' 不存在，对列 Stateavg 不过滤，直接选择所有非无效值。
clean_bool length:8
newest best op: Uniop(df,'Stateavg','al_scip-car%d-2',(['MeasureCode'], {('scip-card-2',)}),{left: ("[FunctionalDependency:(s: {MeasureCode}, t: {Stateavg})]", 0.0), operator: *, right: (1.0, 1.0), result: 0.0})
now error: 0.0
newest best op: Uniop(df,'Stateavg','al_scip-card-2',(['MeasureCode'], {('scip-card-2',)}),{left: ("[FunctionalDependency:(s: {MeasureCode}, t: {Stateavg})]", 0.0), operator: *, right: (1.0, 1.0), result: 0.0})
now error: 0.0
Block processing time: 0.221702 seconds
Computing Block 38 out of 125
Processing Block size=35
begin cleaner{left: ("[FunctionalDependency:(s: {MeasureCode}, t: {Stateavg})]", 0.0), operator: *, right: (1.0, 1.0), result: 0.0}
列 'p' 不存在，对列 Stateavg 不过滤，直接选择所有非无效值。
clean_bool length:5
newest best op: Uniop(df,'Stateavg','ak_scip-vte-2',(['MeasureCode'], {('scip-vte-2',)}),{left: ("[FunctionalDependency:(s: {MeasureCode}, t: {Stateavg})]", 0.0), operator: *, right: (1.0, 1.0), result: 0.0})
now error: 0.0
newest best op: Uniop(df,'Stateavg','al_scip-vte-2',(['MeasureCode'], {('scip-vte-2',)}),{left: ("[FunctionalDependency:(s: {MeasureCode}, t: {Stateavg})]", 0.0), operator: *, right: (1.0, 1.0), result: 0.0})
now error: 0.0
Block processing time: 0.12846 seconds
Computing Block 41 out of 125
Processing Block size=29
begin cleaner{left: ("[FunctionalDependency:(s: {MeasureCode}, t: {Stateavg})]", 0.0), operator: *, right: (1.0, 1.0), result: 0.0}
列 'p' 不存在，对列 Stateavg 不过滤，直接选择所有非无效值。
clean_bool length:3
newest best op: Uniop(df,'Stateavg','al_scip-inf-2',(['MeasureCode'], {('scip-inf-2',)}),{left: ("[FunctionalDependency:(s: {MeasureCode}, t: {Stateavg})]", 0.0), operator: *, right: (1.0, 1.0), result: 0.0})
now error: 0.0
Block processing time: 0.063142 seconds
Computing Block 42 out of 125
Processing Block size=35
begin cleaner{left: ("[FunctionalDependency:(s: {MeasureCode}, t: {Stateavg})]", 0.0), operator: *, right: (1.0, 1.0), result: 0.0}
列 'p' 不存在，对列 Stateavg 不过滤，直接选择所有非无效值。
clean_bool length:8
newest best op: Uniop(df,'Stateavg','al_ami-%7a',(['MeasureCode'], {('ami-7a',)}),{left: ("[FunctionalDependency:(s: {MeasureCode}, t: {Stateavg})]", 0.0), operator: *, right: (1.0, 1.0), result: 0.0})
now error: 0.0
newest best op: Uniop(df,'Stateavg','al_ami-7a',(['MeasureCode'], {('ami-7a',)}),{left: ("[FunctionalDependency:(s: {MeasureCode}, t: {Stateavg})]", 0.0), operator: *, right: (1.0, 1.0), result: 0.0})
now error: 0.0
Block processing time: 0.203699 seconds
Computing Block 48 out of 125
Processing Block size=37
begin cleaner{left: ("[FunctionalDependency:(s: {MeasureCode}, t: {Stateavg})]", 0.0), operator: *, right: (1.0, 1.0), result: 0.0}
列 'p' 不存在，对列 Stateavg 不过滤，直接选择所有非无效值。
clean_bool length:6
newest best op: Uniop(df,'Stateavg','ak_pn-5c',(['MeasureCode'], {('pn-5c',)}),{left: ("[FunctionalDependency:(s: {MeasureCode}, t: {Stateavg})]", 0.0), operator: *, right: (1.0, 1.0), result: 0.0})
now error: 0.0
newest best op: Uniop(df,'Stateavg','al_pn-5c',(['MeasureCode'], {('pn-5c',)}),{left: ("[FunctionalDependency:(s: {MeasureCode}, t: {Stateavg})]", 0.0), operator: *, right: (1.0, 1.0), result: 0.0})
now error: 0.0
Block processing time: 0.159912 seconds
Computing Block 50 out of 125
Processing Block size=32
begin cleaner{left: ("[FunctionalDependency:(s: {MeasureCode}, t: {Stateavg})]", 0.0), operator: *, right: (1.0, 1.0), result: 0.0}
列 'p' 不存在，对列 Stateavg 不过滤，直接选择所有非无效值。
Block processing time: 0.022686 seconds
Computing Block 52 out of 125
Processing Block size=2
begin cleaner{left: ("[FunctionalDependency:(s: {MeasureCode}, t: {Stateavg})]", 0.0), operator: *, right: (1.0, 1.0), result: 0.0}
列 'p' 不存在，对列 Stateavg 不过滤，直接选择所有非无效值。
Block processing time: 0.001578 seconds
Computing Block 53 out of 125
Processing Block size=2
begin cleaner{left: ("[FunctionalDependency:(s: {MeasureCode}, t: {Stateavg})]", 0.0), operator: *, right: (1.0, 1.0), result: 0.0}
列 'p' 不存在，对列 Stateavg 不过滤，直接选择所有非无效值。
Block processing time: 0.001544 seconds
Computing Block 54 out of 125
Processing Block size=38
begin cleaner{left: ("[FunctionalDependency:(s: {MeasureCode}, t: {Stateavg})]", 0.0), operator: *, right: (1.0, 1.0), result: 0.0}
列 'p' 不存在，对列 Stateavg 不过滤，直接选择所有非无效值。
clean_bool length:4
newest best op: Uniop(df,'Stateavg','al_hf-4',(['MeasureCode'], {('hf-4',)}),{left: ("[FunctionalDependency:(s: {MeasureCode}, t: {Stateavg})]", 0.0), operator: *, right: (1.0, 1.0), result: 0.0})
now error: 0.0
Block processing time: 0.108309 seconds
Computing Block 56 out of 125
Processing Block size=31
begin cleaner{left: ("[FunctionalDependency:(s: {MeasureCode}, t: {Stateavg})]", 0.0), operator: *, right: (1.0, 1.0), result: 0.0}
列 'p' 不存在，对列 Stateavg 不过滤，直接选择所有非无效值。
clean_bool length:2
newest best op: Uniop(df,'Stateavg','al_pn-7',(['MeasureCode'], {('pn-7',)}),{left: ("[FunctionalDependency:(s: {MeasureCode}, t: {Stateavg})]", 0.0), operator: *, right: (1.0, 1.0), result: 0.0})
now error: 0.0
Block processing time: 0.043282 seconds
Computing Block 62 out of 125
Processing Block size=3
begin cleaner{left: ("[FunctionalDependency:(s: {MeasureCode}, t: {Stateavg})]", 0.0), operator: *, right: (1.0, 1.0), result: 0.0}
列 'p' 不存在，对列 Stateavg 不过滤，直接选择所有非无效值。
Block processing time: 0.002269 seconds
Computing Block 63 out of 125
Processing Block size=37
begin cleaner{left: ("[FunctionalDependency:(s: {MeasureCode}, t: {Stateavg})]", 0.0), operator: *, right: (1.0, 1.0), result: 0.0}
列 'p' 不存在，对列 Stateavg 不过滤，直接选择所有非无效值。
clean_bool length:5
newest best op: Uniop(df,'Stateavg','ak_scip-vte-1',(['MeasureCode'], {('scip-vte-1',)}),{left: ("[FunctionalDependency:(s: {MeasureCode}, t: {Stateavg})]", 0.0), operator: *, right: (1.0, 1.0), result: 0.0})
now error: 0.0
newest best op: Uniop(df,'Stateavg','al_scip#-vte-1',(['MeasureCode'], {('scip-vte-1',)}),{left: ("[FunctionalDependency:(s: {MeasureCode}, t: {Stateavg})]", 0.0), operator: *, right: (1.0, 1.0), result: 0.0})
now error: 0.0
newest best op: Uniop(df,'Stateavg','al_scip-vte-1',(['MeasureCode'], {('scip-vte-1',)}),{left: ("[FunctionalDependency:(s: {MeasureCode}, t: {Stateavg})]", 0.0), operator: *, right: (1.0, 1.0), result: 0.0})
now error: 0.0
Block processing time: 0.133808 seconds
Computing Block 72 out of 125
Processing Block size=32
begin cleaner{left: ("[FunctionalDependency:(s: {MeasureCode}, t: {Stateavg})]", 0.0), operator: *, right: (1.0, 1.0), result: 0.0}
列 'p' 不存在，对列 Stateavg 不过滤，直接选择所有非无效值。
clean_bool length:4
newest best op: Uniop(df,'Stateavg','%al$_scip-inf-4',(['MeasureCode'], {('scip-inf-4',)}),{left: ("[FunctionalDependency:(s: {MeasureCode}, t: {Stateavg})]", 0.0), operator: *, right: (1.0, 1.0), result: 0.0})
now error: 0.0
newest best op: Uniop(df,'Stateavg','al_scip-inf-4',(['MeasureCode'], {('scip-inf-4',)}),{left: ("[FunctionalDependency:(s: {MeasureCode}, t: {Stateavg})]", 0.0), operator: *, right: (1.0, 1.0), result: 0.0})
now error: 0.0
Block processing time: 0.092726 seconds
Computing Block 80 out of 125
Processing Block size=3
begin cleaner{left: ("[FunctionalDependency:(s: {MeasureCode}, t: {Stateavg})]", 0.0), operator: *, right: (1.0, 1.0), result: 0.0}
列 'p' 不存在，对列 Stateavg 不过滤，直接选择所有非无效值。
Block processing time: 0.002291 seconds
Computing Block 87 out of 125
Processing Block size=37
begin cleaner{left: ("[FunctionalDependency:(s: {MeasureCode}, t: {Stateavg})]", 0.0), operator: *, right: (1.0, 1.0), result: 0.0}
列 'p' 不存在，对列 Stateavg 不过滤，直接选择所有非无效值。
clean_bool length:12
newest best op: Uniop(df,'Stateavg','al_a#$mi-1',(['MeasureCode'], {('ami-1',)}),{left: ("[FunctionalDependency:(s: {MeasureCode}, t: {Stateavg})]", 0.0), operator: *, right: (1.0, 1.0), result: 0.0})
now error: 0.0
newest best op: Uniop(df,'Stateavg','al_ami-1',(['MeasureCode'], {('ami-1',)}),{left: ("[FunctionalDependency:(s: {MeasureCode}, t: {Stateavg})]", 0.0), operator: *, right: (1.0, 1.0), result: 0.0})
now error: 0.0
Block processing time: 0.319924 seconds
Computing Block 96 out of 125
Processing Block size=34
begin cleaner{left: ("[FunctionalDependency:(s: {MeasureCode}, t: {Stateavg})]", 0.0), operator: *, right: (1.0, 1.0), result: 0.0}
列 'p' 不存在，对列 Stateavg 不过滤，直接选择所有非无效值。
clean_bool length:4
newest best op: Uniop(df,'Stateavg','al_hf-3',(['MeasureCode'], {('hf-3',)}),{left: ("[FunctionalDependency:(s: {MeasureCode}, t: {Stateavg})]", 0.0), operator: *, right: (1.0, 1.0), result: 0.0})
now error: 0.0
Block processing time: 0.097562 seconds
Computing Block 100 out of 125
Processing Block size=34
begin cleaner{left: ("[FunctionalDependency:(s: {MeasureCode}, t: {Stateavg})]", 0.0), operator: *, right: (1.0, 1.0), result: 0.0}
列 'p' 不存在，对列 Stateavg 不过滤，直接选择所有非无效值。
clean_bool length:4
newest best op: Uniop(df,'Stateavg','ak_hf-1',(['MeasureCode'], {('hf-1',)}),{left: ("[FunctionalDependency:(s: {MeasureCode}, t: {Stateavg})]", 0.0), operator: *, right: (1.0, 1.0), result: 0.0})
now error: 0.0
newest best op: Uniop(df,'Stateavg','al_hf-1',(['MeasureCode'], {('hf-1',)}),{left: ("[FunctionalDependency:(s: {MeasureCode}, t: {Stateavg})]", 0.0), operator: *, right: (1.0, 1.0), result: 0.0})
now error: 0.0
Block processing time: 0.097841 seconds
Computing Block 103 out of 125
Processing Block size=29
begin cleaner{left: ("[FunctionalDependency:(s: {MeasureCode}, t: {Stateavg})]", 0.0), operator: *, right: (1.0, 1.0), result: 0.0}
列 'p' 不存在，对列 Stateavg 不过滤，直接选择所有非无效值。
clean_bool length:4
newest best op: Uniop(df,'Stateavg','al_sci??p-inf-6',(['MeasureCode'], {('scip-inf-6',)}),{left: ("[FunctionalDependency:(s: {MeasureCode}, t: {Stateavg})]", 0.0), operator: *, right: (1.0, 1.0), result: 0.0})
now error: 0.0
newest best op: Uniop(df,'Stateavg','al_sci%p-inf-6',(['MeasureCode'], {('scip-inf-6',)}),{left: ("[FunctionalDependency:(s: {MeasureCode}, t: {Stateavg})]", 0.0), operator: *, right: (1.0, 1.0), result: 0.0})
now error: 0.0
newest best op: Uniop(df,'Stateavg','al_scip-inf-6',(['MeasureCode'], {('scip-inf-6',)}),{left: ("[FunctionalDependency:(s: {MeasureCode}, t: {Stateavg})]", 0.0), operator: *, right: (1.0, 1.0), result: 0.0})
now error: 0.0
Block processing time: 0.084707 seconds
Computing Block 107 out of 125
Processing Block size=36
begin cleaner{left: ("[FunctionalDependency:(s: {MeasureCode}, t: {Stateavg})]", 0.0), operator: *, right: (1.0, 1.0), result: 0.0}
列 'p' 不存在，对列 Stateavg 不过滤，直接选择所有非无效值。
clean_bool length:7
newest best op: Uniop(df,'Stateavg','al_pn-3@@b',(['MeasureCode'], {('pn-3b',)}),{left: ("[FunctionalDependency:(s: {MeasureCode}, t: {Stateavg})]", 0.0), operator: *, right: (1.0, 1.0), result: 0.0})
now error: 0.0
newest best op: Uniop(df,'Stateavg','al_pn-3b',(['MeasureCode'], {('pn-3b',)}),{left: ("[FunctionalDependency:(s: {MeasureCode}, t: {Stateavg})]", 0.0), operator: *, right: (1.0, 1.0), result: 0.0})
now error: 0.0
Block processing time: 0.184773 seconds
Computing Block 110 out of 125
Processing Block size=32
begin cleaner{left: ("[FunctionalDependency:(s: {MeasureCode}, t: {Stateavg})]", 0.0), operator: *, right: (1.0, 1.0), result: 0.0}
列 'p' 不存在，对列 Stateavg 不过滤，直接选择所有非无效值。
clean_bool length:4
newest best op: Uniop(df,'Stateavg','al_scip-inf-3',(['MeasureCode'], {('scip-inf-3',)}),{left: ("[FunctionalDependency:(s: {MeasureCode}, t: {Stateavg})]", 0.0), operator: *, right: (1.0, 1.0), result: 0.0})
now error: 0.0
Block processing time: 0.093101 seconds
Computing Block 112 out of 125
Processing Block size=32
begin cleaner{left: ("[FunctionalDependency:(s: {MeasureCode}, t: {Stateavg})]", 0.0), operator: *, right: (1.0, 1.0), result: 0.0}
列 'p' 不存在，对列 Stateavg 不过滤，直接选择所有非无效值。
clean_bool length:7
newest best op: Uniop(df,'Stateavg','al_pn-6',(['MeasureCode'], {('pn-6',)}),{left: ("[FunctionalDependency:(s: {MeasureCode}, t: {Stateavg})]", 0.0), operator: *, right: (1.0, 1.0), result: 0.0})
now error: 0.0
Block processing time: 0.164138 seconds
Computing Block 116 out of 125
Processing Block size=37
begin cleaner{left: ("[FunctionalDependency:(s: {MeasureCode}, t: {Stateavg})]", 0.0), operator: *, right: (1.0, 1.0), result: 0.0}
列 'p' 不存在，对列 Stateavg 不过滤，直接选择所有非无效值。
clean_bool length:5
newest best op: Uniop(df,'Stateavg','ak_pn-4',(['MeasureCode'], {('pn-4',)}),{left: ("[FunctionalDependency:(s: {MeasureCode}, t: {Stateavg})]", 0.0), operator: *, right: (1.0, 1.0), result: 0.0})
now error: 0.0
newest best op: Uniop(df,'Stateavg','al_pn-4',(['MeasureCode'], {('pn-4',)}),{left: ("[FunctionalDependency:(s: {MeasureCode}, t: {Stateavg})]", 0.0), operator: *, right: (1.0, 1.0), result: 0.0})
now error: 0.0
Block processing time: 0.133788 seconds
Computing Block 125 out of 125
Processing Block size=33
begin cleaner{left: ("[FunctionalDependency:(s: {MeasureCode}, t: {Stateavg})]", 0.0), operator: *, right: (1.0, 1.0), result: 0.0}
列 'p' 不存在，对列 Stateavg 不过滤，直接选择所有非无效值。
clean_bool length:3
newest best op: Uniop(df,'Stateavg','al_??ami-4',(['MeasureCode'], {('ami-4',)}),{left: ("[FunctionalDependency:(s: {MeasureCode}, t: {Stateavg})]", 0.0), operator: *, right: (1.0, 1.0), result: 0.0})
now error: 0.0
newest best op: Uniop(df,'Stateavg','al_ami-4',(['MeasureCode'], {('ami-4',)}),{left: ("[FunctionalDependency:(s: {MeasureCode}, t: {Stateavg})]", 0.0), operator: *, right: (1.0, 1.0), result: 0.0})
now error: 0.0
Block processing time: 0.07101 seconds
  当前节点: Stateavg 有 24 个清洗操作
  当前节点: Condition 存在可用清洗信号
数据块大小: 1000
分块属性:
[['MeasureCode']]
Starting initial block mapping...
Initial number of blocks: 125
Final number of blocks after further splitting: 125
Computing Block 2 out of 125
Processing Block size=32
begin cleaner[FunctionalDependency:(s: {'MeasureCode'}, t: {'Condition'})]*1.0
列 'p' 不存在，对列 Condition 不过滤，直接选择所有非无效值。
clean_bool length:3
newest best op: Uniop(df,'Condition','heart attack',(['MeasureCode'], {('ami-8a',)}),{left: ("[FunctionalDependency:(s: {MeasureCode}, t: {Condition})]", 0.0), operator: *, right: (1.0, 1.0), result: 0.0})
now error: 0.0
Block processing time: 0.070876 seconds
Computing Block 3 out of 125
Processing Block size=36
begin cleaner{left: ("[FunctionalDependency:(s: {MeasureCode}, t: {Condition})]", 0.0), operator: *, right: (1.0, 1.0), result: 0.0}
列 'p' 不存在，对列 Condition 不过滤，直接选择所有非无效值。
clean_bool length:6
newest best op: Uniop(df,'Condition','he%art atta??ck',(['MeasureCode'], {('ami-2',)}),{left: ("[FunctionalDependency:(s: {MeasureCode}, t: {Condition})]", 0.0), operator: *, right: (1.0, 1.0), result: 0.0})
now error: 0.0
newest best op: Uniop(df,'Condition','heart attack',(['MeasureCode'], {('ami-2',)}),{left: ("[FunctionalDependency:(s: {MeasureCode}, t: {Condition})]", 0.0), operator: *, right: (1.0, 1.0), result: 0.0})
now error: 0.0
Block processing time: 0.161059 seconds
Computing Block 7 out of 125
Processing Block size=33
begin cleaner{left: ("[FunctionalDependency:(s: {MeasureCode}, t: {Condition})]", 0.0), operator: *, right: (1.0, 1.0), result: 0.0}
列 'p' 不存在，对列 Condition 不过滤，直接选择所有非无效值。
clean_bool length:5
newest best op: Uniop(df,'Condition','heart fail??ure',(['MeasureCode'], {('hf-2',)}),{left: ("[FunctionalDependency:(s: {MeasureCode}, t: {Condition})]", 0.0), operator: *, right: (1.0, 1.0), result: 0.0})
now error: 0.0
newest best op: Uniop(df,'Condition','heart failure',(['MeasureCode'], {('hf-2',)}),{left: ("[FunctionalDependency:(s: {MeasureCode}, t: {Condition})]", 0.0), operator: *, right: (1.0, 1.0), result: 0.0})
now error: 0.0
Block processing time: 0.119707 seconds
Computing Block 10 out of 125
Processing Block size=38
begin cleaner{left: ("[FunctionalDependency:(s: {MeasureCode}, t: {Condition})]", 0.0), operator: *, right: (1.0, 1.0), result: 0.0}
列 'p' 不存在，对列 Condition 不过滤，直接选择所有非无效值。
clean_bool length:8
newest best op: Uniop(df,'Condition','??h@@eart attack',(['MeasureCode'], {('ami-3',)}),{left: ("[FunctionalDependency:(s: {MeasureCode}, t: {Condition})]", 0.0), operator: *, right: (1.0, 1.0), result: 0.0})
now error: 0.0
newest best op: Uniop(df,'Condition','hea??rt attack',(['MeasureCode'], {('ami-3',)}),{left: ("[FunctionalDependency:(s: {MeasureCode}, t: {Condition})]", 0.0), operator: *, right: (1.0, 1.0), result: 0.0})
now error: 0.0
newest best op: Uniop(df,'Condition','heart attack#',(['MeasureCode'], {('ami-3',)}),{left: ("[FunctionalDependency:(s: {MeasureCode}, t: {Condition})]", 0.0), operator: *, right: (1.0, 1.0), result: 0.0})
now error: 0.0
newest best op: Uniop(df,'Condition','heart attack',(['MeasureCode'], {('ami-3',)}),{left: ("[FunctionalDependency:(s: {MeasureCode}, t: {Condition})]", 0.0), operator: *, right: (1.0, 1.0), result: 0.0})
now error: 0.0
Block processing time: 0.224258 seconds
Computing Block 13 out of 125
Processing Block size=29
begin cleaner{left: ("[FunctionalDependency:(s: {MeasureCode}, t: {Condition})]", 0.0), operator: *, right: (1.0, 1.0), result: 0.0}
列 'p' 不存在，对列 Condition 不过滤，直接选择所有非无效值。
clean_bool length:6
newest best op: Uniop(df,'Condition','heart at%%tack',(['MeasureCode'], {('ami-5',)}),{left: ("[FunctionalDependency:(s: {MeasureCode}, t: {Condition})]", 0.0), operator: *, right: (1.0, 1.0), result: 0.0})
now error: 0.0
newest best op: Uniop(df,'Condition','heart attack',(['MeasureCode'], {('ami-5',)}),{left: ("[FunctionalDependency:(s: {MeasureCode}, t: {Condition})]", 0.0), operator: *, right: (1.0, 1.0), result: 0.0})
now error: 0.0
Block processing time: 0.127899 seconds
Computing Block 16 out of 125
Processing Block size=30
begin cleaner{left: ("[FunctionalDependency:(s: {MeasureCode}, t: {Condition})]", 0.0), operator: *, right: (1.0, 1.0), result: 0.0}
列 'p' 不存在，对列 Condition 不过滤，直接选择所有非无效值。
clean_bool length:5
newest best op: Uniop(df,'Condition','pne#umonia',(['MeasureCode'], {('pn-2',)}),{left: ("[FunctionalDependency:(s: {MeasureCode}, t: {Condition})]", 0.0), operator: *, right: (1.0, 1.0), result: 0.0})
now error: 0.0
newest best op: Uniop(df,'Condition','pneumonia',(['MeasureCode'], {('pn-2',)}),{left: ("[FunctionalDependency:(s: {MeasureCode}, t: {Condition})]", 0.0), operator: *, right: (1.0, 1.0), result: 0.0})
now error: 0.0
Block processing time: 0.108173 seconds
Computing Block 34 out of 125
Processing Block size=36
begin cleaner{left: ("[FunctionalDependency:(s: {MeasureCode}, t: {Condition})]", 0.0), operator: *, right: (1.0, 1.0), result: 0.0}
列 'p' 不存在，对列 Condition 不过滤，直接选择所有非无效值。
clean_bool length:3
newest best op: Uniop(df,'Condition','surgical infection prevention',(['MeasureCode'], {('scip-card-2',)}),{left: ("[FunctionalDependency:(s: {MeasureCode}, t: {Condition})]", 0.0), operator: *, right: (1.0, 1.0), result: 0.0})
now error: 0.0
Block processing time: 0.081586 seconds
Computing Block 38 out of 125
Processing Block size=35
begin cleaner{left: ("[FunctionalDependency:(s: {MeasureCode}, t: {Condition})]", 0.0), operator: *, right: (1.0, 1.0), result: 0.0}
列 'p' 不存在，对列 Condition 不过滤，直接选择所有非无效值。
clean_bool length:4
newest best op: Uniop(df,'Condition','surgical infection prevention',(['MeasureCode'], {('scip-vte-2',)}),{left: ("[FunctionalDependency:(s: {MeasureCode}, t: {Condition})]", 0.0), operator: *, right: (1.0, 1.0), result: 0.0})
now error: 0.0
Block processing time: 0.109504 seconds
Computing Block 41 out of 125
Processing Block size=29
begin cleaner{left: ("[FunctionalDependency:(s: {MeasureCode}, t: {Condition})]", 0.0), operator: *, right: (1.0, 1.0), result: 0.0}
列 'p' 不存在，对列 Condition 不过滤，直接选择所有非无效值。
clean_bool length:6
newest best op: Uniop(df,'Condition','surg%ical infection prevention',(['MeasureCode'], {('scip-inf-2',)}),{left: ("[FunctionalDependency:(s: {MeasureCode}, t: {Condition})]", 0.0), operator: *, right: (1.0, 1.0), result: 0.0})
now error: 0.0
newest best op: Uniop(df,'Condition','surgical infection prevention',(['MeasureCode'], {('scip-inf-2',)}),{left: ("[FunctionalDependency:(s: {MeasureCode}, t: {Condition})]", 0.0), operator: *, right: (1.0, 1.0), result: 0.0})
now error: 0.0
Block processing time: 0.143821 seconds
Computing Block 42 out of 125
Processing Block size=35
begin cleaner{left: ("[FunctionalDependency:(s: {MeasureCode}, t: {Condition})]", 0.0), operator: *, right: (1.0, 1.0), result: 0.0}
列 'p' 不存在，对列 Condition 不过滤，直接选择所有非无效值。
clean_bool length:4
newest best op: Uniop(df,'Condition','heart attack',(['MeasureCode'], {('ami-7a',)}),{left: ("[FunctionalDependency:(s: {MeasureCode}, t: {Condition})]", 0.0), operator: *, right: (1.0, 1.0), result: 0.0})
now error: 0.0
Block processing time: 0.103038 seconds
Computing Block 48 out of 125
Processing Block size=37
begin cleaner{left: ("[FunctionalDependency:(s: {MeasureCode}, t: {Condition})]", 0.0), operator: *, right: (1.0, 1.0), result: 0.0}
列 'p' 不存在，对列 Condition 不过滤，直接选择所有非无效值。
clean_bool length:7
newest best op: Uniop(df,'Condition','??pneumon#ia',(['MeasureCode'], {('pn-5c',)}),{left: ("[FunctionalDependency:(s: {MeasureCode}, t: {Condition})]", 0.0), operator: *, right: (1.0, 1.0), result: 0.0})
now error: 0.0
newest best op: Uniop(df,'Condition','pne#umonia',(['MeasureCode'], {('pn-5c',)}),{left: ("[FunctionalDependency:(s: {MeasureCode}, t: {Condition})]", 0.0), operator: *, right: (1.0, 1.0), result: 0.0})
now error: 0.0
newest best op: Uniop(df,'Condition','pneumonia',(['MeasureCode'], {('pn-5c',)}),{left: ("[FunctionalDependency:(s: {MeasureCode}, t: {Condition})]", 0.0), operator: *, right: (1.0, 1.0), result: 0.0})
now error: 0.0
Block processing time: 0.187659 seconds
Computing Block 50 out of 125
Processing Block size=32
begin cleaner{left: ("[FunctionalDependency:(s: {MeasureCode}, t: {Condition})]", 0.0), operator: *, right: (1.0, 1.0), result: 0.0}
列 'p' 不存在，对列 Condition 不过滤，直接选择所有非无效值。
clean_bool length:4
newest best op: Uniop(df,'Condition','surgical infection prevention',(['MeasureCode'], {('scip-inf-1',)}),{left: ("[FunctionalDependency:(s: {MeasureCode}, t: {Condition})]", 0.0), operator: *, right: (1.0, 1.0), result: 0.0})
now error: 0.0
Block processing time: 0.102493 seconds
Computing Block 52 out of 125
Processing Block size=2
begin cleaner{left: ("[FunctionalDependency:(s: {MeasureCode}, t: {Condition})]", 0.0), operator: *, right: (1.0, 1.0), result: 0.0}
列 'p' 不存在，对列 Condition 不过滤，直接选择所有非无效值。
Block processing time: 0.001608 seconds
Computing Block 53 out of 125
Processing Block size=2
begin cleaner{left: ("[FunctionalDependency:(s: {MeasureCode}, t: {Condition})]", 0.0), operator: *, right: (1.0, 1.0), result: 0.0}
列 'p' 不存在，对列 Condition 不过滤，直接选择所有非无效值。
clean_bool length:3
newest best op: Uniop(df,'Condition','children s asthma care',(['MeasureCode'], {('cac-3',)}),{left: ("[FunctionalDependency:(s: {MeasureCode}, t: {Condition})]", 0.0), operator: *, right: (1.0, 1.0), result: 0.0})
now error: 0.0
Block processing time: 0.005601 seconds
Computing Block 54 out of 125
Processing Block size=38
begin cleaner{left: ("[FunctionalDependency:(s: {MeasureCode}, t: {Condition})]", 0.0), operator: *, right: (1.0, 1.0), result: 0.0}
列 'p' 不存在，对列 Condition 不过滤，直接选择所有非无效值。
clean_bool length:4
newest best op: Uniop(df,'Condition','@@heart %failure',(['MeasureCode'], {('hf-4',)}),{left: ("[FunctionalDependency:(s: {MeasureCode}, t: {Condition})]", 0.0), operator: *, right: (1.0, 1.0), result: 0.0})
now error: 0.0
newest best op: Uniop(df,'Condition','hear#t #failure',(['MeasureCode'], {('hf-4',)}),{left: ("[FunctionalDependency:(s: {MeasureCode}, t: {Condition})]", 0.0), operator: *, right: (1.0, 1.0), result: 0.0})
now error: 0.0
newest best op: Uniop(df,'Condition','heart failure',(['MeasureCode'], {('hf-4',)}),{left: ("[FunctionalDependency:(s: {MeasureCode}, t: {Condition})]", 0.0), operator: *, right: (1.0, 1.0), result: 0.0})
now error: 0.0
Block processing time: 0.110135 seconds
Computing Block 56 out of 125
Processing Block size=31
begin cleaner{left: ("[FunctionalDependency:(s: {MeasureCode}, t: {Condition})]", 0.0), operator: *, right: (1.0, 1.0), result: 0.0}
列 'p' 不存在，对列 Condition 不过滤，直接选择所有非无效值。
clean_bool length:5
newest best op: Uniop(df,'Condition','pneumoni%a',(['MeasureCode'], {('pn-7',)}),{left: ("[FunctionalDependency:(s: {MeasureCode}, t: {Condition})]", 0.0), operator: *, right: (1.0, 1.0), result: 0.0})
now error: 0.0
newest best op: Uniop(df,'Condition','pneumonia',(['MeasureCode'], {('pn-7',)}),{left: ("[FunctionalDependency:(s: {MeasureCode}, t: {Condition})]", 0.0), operator: *, right: (1.0, 1.0), result: 0.0})
now error: 0.0
Block processing time: 0.114577 seconds
Computing Block 62 out of 125
Processing Block size=3
begin cleaner{left: ("[FunctionalDependency:(s: {MeasureCode}, t: {Condition})]", 0.0), operator: *, right: (1.0, 1.0), result: 0.0}
列 'p' 不存在，对列 Condition 不过滤，直接选择所有非无效值。
Block processing time: 0.002355 seconds
Computing Block 63 out of 125
Processing Block size=37
begin cleaner{left: ("[FunctionalDependency:(s: {MeasureCode}, t: {Condition})]", 0.0), operator: *, right: (1.0, 1.0), result: 0.0}
列 'p' 不存在，对列 Condition 不过滤，直接选择所有非无效值。
clean_bool length:5
newest best op: Uniop(df,'Condition','su@@rgical i$nfection prevention',(['MeasureCode'], {('scip-vte-1',)}),{left: ("[FunctionalDependency:(s: {MeasureCode}, t: {Condition})]", 0.0), operator: *, right: (1.0, 1.0), result: 0.0})
now error: 0.0
newest best op: Uniop(df,'Condition','surgical infection prevention',(['MeasureCode'], {('scip-vte-1',)}),{left: ("[FunctionalDependency:(s: {MeasureCode}, t: {Condition})]", 0.0), operator: *, right: (1.0, 1.0), result: 0.0})
now error: 0.0
Block processing time: 0.15086 seconds
Computing Block 72 out of 125
Processing Block size=32
begin cleaner{left: ("[FunctionalDependency:(s: {MeasureCode}, t: {Condition})]", 0.0), operator: *, right: (1.0, 1.0), result: 0.0}
列 'p' 不存在，对列 Condition 不过滤，直接选择所有非无效值。
clean_bool length:9
newest best op: Uniop(df,'Condition','surgic%al infection ??prevention',(['MeasureCode'], {('scip-inf-4',)}),{left: ("[FunctionalDependency:(s: {MeasureCode}, t: {Condition})]", 0.0), operator: *, right: (1.0, 1.0), result: 0.0})
now error: 0.0
newest best op: Uniop(df,'Condition','surgical ??infection prevention',(['MeasureCode'], {('scip-inf-4',)}),{left: ("[FunctionalDependency:(s: {MeasureCode}, t: {Condition})]", 0.0), operator: *, right: (1.0, 1.0), result: 0.0})
now error: 0.0
newest best op: Uniop(df,'Condition','surgical infect%ion pr$evention',(['MeasureCode'], {('scip-inf-4',)}),{left: ("[FunctionalDependency:(s: {MeasureCode}, t: {Condition})]", 0.0), operator: *, right: (1.0, 1.0), result: 0.0})
now error: 0.0
newest best op: Uniop(df,'Condition','surgical infection %prevention',(['MeasureCode'], {('scip-inf-4',)}),{left: ("[FunctionalDependency:(s: {MeasureCode}, t: {Condition})]", 0.0), operator: *, right: (1.0, 1.0), result: 0.0})
now error: 0.0
newest best op: Uniop(df,'Condition','surgical infection prevention',(['MeasureCode'], {('scip-inf-4',)}),{left: ("[FunctionalDependency:(s: {MeasureCode}, t: {Condition})]", 0.0), operator: *, right: (1.0, 1.0), result: 0.0})
now error: 0.0
Block processing time: 0.246278 seconds
Computing Block 80 out of 125
Processing Block size=3
begin cleaner{left: ("[FunctionalDependency:(s: {MeasureCode}, t: {Condition})]", 0.0), operator: *, right: (1.0, 1.0), result: 0.0}
列 'p' 不存在，对列 Condition 不过滤，直接选择所有非无效值。
Block processing time: 0.002391 seconds
Computing Block 87 out of 125
Processing Block size=37
begin cleaner{left: ("[FunctionalDependency:(s: {MeasureCode}, t: {Condition})]", 0.0), operator: *, right: (1.0, 1.0), result: 0.0}
列 'p' 不存在，对列 Condition 不过滤，直接选择所有非无效值。
clean_bool length:6
newest best op: Uniop(df,'Condition','he@@art #attack',(['MeasureCode'], {('ami-1',)}),{left: ("[FunctionalDependency:(s: {MeasureCode}, t: {Condition})]", 0.0), operator: *, right: (1.0, 1.0), result: 0.0})
now error: 0.0
newest best op: Uniop(df,'Condition','heart att$ack',(['MeasureCode'], {('ami-1',)}),{left: ("[FunctionalDependency:(s: {MeasureCode}, t: {Condition})]", 0.0), operator: *, right: (1.0, 1.0), result: 0.0})
now error: 0.0
newest best op: Uniop(df,'Condition','heart attack',(['MeasureCode'], {('ami-1',)}),{left: ("[FunctionalDependency:(s: {MeasureCode}, t: {Condition})]", 0.0), operator: *, right: (1.0, 1.0), result: 0.0})
now error: 0.0
Block processing time: 0.164235 seconds
Computing Block 96 out of 125
Processing Block size=34
begin cleaner{left: ("[FunctionalDependency:(s: {MeasureCode}, t: {Condition})]", 0.0), operator: *, right: (1.0, 1.0), result: 0.0}
列 'p' 不存在，对列 Condition 不过滤，直接选择所有非无效值。
clean_bool length:6
newest best op: Uniop(df,'Condition','heart fa#ilure%',(['MeasureCode'], {('hf-3',)}),{left: ("[FunctionalDependency:(s: {MeasureCode}, t: {Condition})]", 0.0), operator: *, right: (1.0, 1.0), result: 0.0})
now error: 0.0
newest best op: Uniop(df,'Condition','he#art failure',(['MeasureCode'], {('hf-3',)}),{left: ("[FunctionalDependency:(s: {MeasureCode}, t: {Condition})]", 0.0), operator: *, right: (1.0, 1.0), result: 0.0})
now error: 0.0
newest best op: Uniop(df,'Condition','heart failure',(['MeasureCode'], {('hf-3',)}),{left: ("[FunctionalDependency:(s: {MeasureCode}, t: {Condition})]", 0.0), operator: *, right: (1.0, 1.0), result: 0.0})
now error: 0.0
Block processing time: 0.149202 seconds
Computing Block 100 out of 125
Processing Block size=34
begin cleaner{left: ("[FunctionalDependency:(s: {MeasureCode}, t: {Condition})]", 0.0), operator: *, right: (1.0, 1.0), result: 0.0}
列 'p' 不存在，对列 Condition 不过滤，直接选择所有非无效值。
clean_bool length:4
newest best op: Uniop(df,'Condition','he$art failure',(['MeasureCode'], {('hf-1',)}),{left: ("[FunctionalDependency:(s: {MeasureCode}, t: {Condition})]", 0.0), operator: *, right: (1.0, 1.0), result: 0.0})
now error: 0.0
newest best op: Uniop(df,'Condition','heart failure',(['MeasureCode'], {('hf-1',)}),{left: ("[FunctionalDependency:(s: {MeasureCode}, t: {Condition})]", 0.0), operator: *, right: (1.0, 1.0), result: 0.0})
now error: 0.0
Block processing time: 0.099254 seconds
Computing Block 103 out of 125
Processing Block size=29
begin cleaner{left: ("[FunctionalDependency:(s: {MeasureCode}, t: {Condition})]", 0.0), operator: *, right: (1.0, 1.0), result: 0.0}
列 'p' 不存在，对列 Condition 不过滤，直接选择所有非无效值。
clean_bool length:8
newest best op: Uniop(df,'Condition','surgical infecti%on p%revention',(['MeasureCode'], {('scip-inf-6',)}),{left: ("[FunctionalDependency:(s: {MeasureCode}, t: {Condition})]", 0.0), operator: *, right: (1.0, 1.0), result: 0.0})
now error: 0.0
newest best op: Uniop(df,'Condition','surgical infection prevention@@',(['MeasureCode'], {('scip-inf-6',)}),{left: ("[FunctionalDependency:(s: {MeasureCode}, t: {Condition})]", 0.0), operator: *, right: (1.0, 1.0), result: 0.0})
now error: 0.0
newest best op: Uniop(df,'Condition','surgical infection #prevention',(['MeasureCode'], {('scip-inf-6',)}),{left: ("[FunctionalDependency:(s: {MeasureCode}, t: {Condition})]", 0.0), operator: *, right: (1.0, 1.0), result: 0.0})
now error: 0.0
newest best op: Uniop(df,'Condition','surgical infection prevention',(['MeasureCode'], {('scip-inf-6',)}),{left: ("[FunctionalDependency:(s: {MeasureCode}, t: {Condition})]", 0.0), operator: *, right: (1.0, 1.0), result: 0.0})
now error: 0.0
Block processing time: 0.190954 seconds
Computing Block 107 out of 125
Processing Block size=36
begin cleaner{left: ("[FunctionalDependency:(s: {MeasureCode}, t: {Condition})]", 0.0), operator: *, right: (1.0, 1.0), result: 0.0}
列 'p' 不存在，对列 Condition 不过滤，直接选择所有非无效值。
clean_bool length:6
newest best op: Uniop(df,'Condition','pneum?%?onia',(['MeasureCode'], {('pn-3b',)}),{left: ("[FunctionalDependency:(s: {MeasureCode}, t: {Condition})]", 0.0), operator: *, right: (1.0, 1.0), result: 0.0})
now error: 0.0
newest best op: Uniop(df,'Condition','pn??eumonia',(['MeasureCode'], {('pn-3b',)}),{left: ("[FunctionalDependency:(s: {MeasureCode}, t: {Condition})]", 0.0), operator: *, right: (1.0, 1.0), result: 0.0})
now error: 0.0
newest best op: Uniop(df,'Condition','pneumonia',(['MeasureCode'], {('pn-3b',)}),{left: ("[FunctionalDependency:(s: {MeasureCode}, t: {Condition})]", 0.0), operator: *, right: (1.0, 1.0), result: 0.0})
now error: 0.0
Block processing time: 0.158274 seconds
Computing Block 110 out of 125
Processing Block size=32
begin cleaner{left: ("[FunctionalDependency:(s: {MeasureCode}, t: {Condition})]", 0.0), operator: *, right: (1.0, 1.0), result: 0.0}
列 'p' 不存在，对列 Condition 不过滤，直接选择所有非无效值。
clean_bool length:9
newest best op: Uniop(df,'Condition','surgical infection preventio$n',(['MeasureCode'], {('scip-inf-3',)}),{left: ("[FunctionalDependency:(s: {MeasureCode}, t: {Condition})]", 0.0), operator: *, right: (1.0, 1.0), result: 0.0})
now error: 0.0
newest best op: Uniop(df,'Condition','surgical infection prevention',(['MeasureCode'], {('scip-inf-3',)}),{left: ("[FunctionalDependency:(s: {MeasureCode}, t: {Condition})]", 0.0), operator: *, right: (1.0, 1.0), result: 0.0})
now error: 0.0
Block processing time: 0.245224 seconds
Computing Block 112 out of 125
Processing Block size=32
begin cleaner{left: ("[FunctionalDependency:(s: {MeasureCode}, t: {Condition})]", 0.0), operator: *, right: (1.0, 1.0), result: 0.0}
列 'p' 不存在，对列 Condition 不过滤，直接选择所有非无效值。
clean_bool length:4
newest best op: Uniop(df,'Condition','pn$eumoni@@a',(['MeasureCode'], {('pn-6',)}),{left: ("[FunctionalDependency:(s: {MeasureCode}, t: {Condition})]", 0.0), operator: *, right: (1.0, 1.0), result: 0.0})
now error: 0.0
newest best op: Uniop(df,'Condition','pneumo@@nia',(['MeasureCode'], {('pn-6',)}),{left: ("[FunctionalDependency:(s: {MeasureCode}, t: {Condition})]", 0.0), operator: *, right: (1.0, 1.0), result: 0.0})
now error: 0.0
newest best op: Uniop(df,'Condition','pneumonia',(['MeasureCode'], {('pn-6',)}),{left: ("[FunctionalDependency:(s: {MeasureCode}, t: {Condition})]", 0.0), operator: *, right: (1.0, 1.0), result: 0.0})
now error: 0.0
Block processing time: 0.092369 seconds
Computing Block 116 out of 125
Processing Block size=37
begin cleaner{left: ("[FunctionalDependency:(s: {MeasureCode}, t: {Condition})]", 0.0), operator: *, right: (1.0, 1.0), result: 0.0}
列 'p' 不存在，对列 Condition 不过滤，直接选择所有非无效值。
clean_bool length:10
newest best op: Uniop(df,'Condition','pneumo??nia',(['MeasureCode'], {('pn-4',)}),{left: ("[FunctionalDependency:(s: {MeasureCode}, t: {Condition})]", 0.0), operator: *, right: (1.0, 1.0), result: 0.0})
now error: 0.0
newest best op: Uniop(df,'Condition','pn%eumonia',(['MeasureCode'], {('pn-4',)}),{left: ("[FunctionalDependency:(s: {MeasureCode}, t: {Condition})]", 0.0), operator: *, right: (1.0, 1.0), result: 0.0})
now error: 0.0
newest best op: Uniop(df,'Condition','pneumonia',(['MeasureCode'], {('pn-4',)}),{left: ("[FunctionalDependency:(s: {MeasureCode}, t: {Condition})]", 0.0), operator: *, right: (1.0, 1.0), result: 0.0})
now error: 0.0
Block processing time: 0.276835 seconds
Computing Block 125 out of 125
Processing Block size=33
begin cleaner{left: ("[FunctionalDependency:(s: {MeasureCode}, t: {Condition})]", 0.0), operator: *, right: (1.0, 1.0), result: 0.0}
列 'p' 不存在，对列 Condition 不过滤，直接选择所有非无效值。
clean_bool length:6
newest best op: Uniop(df,'Condition','heart@@ attack',(['MeasureCode'], {('ami-4',)}),{left: ("[FunctionalDependency:(s: {MeasureCode}, t: {Condition})]", 0.0), operator: *, right: (1.0, 1.0), result: 0.0})
now error: 0.0
newest best op: Uniop(df,'Condition','heart attack',(['MeasureCode'], {('ami-4',)}),{left: ("[FunctionalDependency:(s: {MeasureCode}, t: {Condition})]", 0.0), operator: *, right: (1.0, 1.0), result: 0.0})
now error: 0.0
Block processing time: 0.145887 seconds
  当前节点: Condition 有 26 个清洗操作
['HospitalName', 'MeasureName', 'Stateavg', 'Condition']的清洗完成

本层累积的编辑规则数: 117
读入数据大小：1000
处理了 117 条规则，更新数据...
所有编辑规则已更新完成

处理第 1 层级, 包含节点: ['ProviderNumber', 'MeasureCode']
  跳过已清洗结束的节点: ProviderNumber
  跳过已清洗结束的节点: MeasureCode
['ProviderNumber', 'MeasureCode']的清洗完成

本层累积的编辑规则数: 0
本层没有可以进行的清洗操作，进行下一层

处理第 2 层级, 包含节点: ['HospitalName', 'MeasureName', 'Stateavg', 'Condition']
  当前节点: HospitalName 存在可用清洗信号
数据块大小: 1000
分块属性:
[['ProviderNumber']]
Starting initial block mapping...
Initial number of blocks: 151
Final number of blocks after further splitting: 151
Computing Block 9 out of 151
Processing Block size=19
begin cleaner[FunctionalDependency:(s: {'ProviderNumber'}, t: {'HospitalName'})]*1.0
列 'p' 不存在，对列 HospitalName 不过滤，直接选择所有非无效值。
Block processing time: 0.014323 seconds
Computing Block 22 out of 151
Processing Block size=23
begin cleaner{left: ("[FunctionalDependency:(s: {ProviderNumber}, t: {HospitalName})]", 0.0), operator: *, right: (1.0, 1.0), result: 0.0}
列 'p' 不存在，对列 HospitalName 不过滤，直接选择所有非无效值。
Block processing time: 0.01656 seconds
Computing Block 25 out of 151
Processing Block size=10
begin cleaner{left: ("[FunctionalDependency:(s: {ProviderNumber}, t: {HospitalName})]", 0.0), operator: *, right: (1.0, 1.0), result: 0.0}
列 'p' 不存在，对列 HospitalName 不过滤，直接选择所有非无效值。
Block processing time: 0.007459 seconds
Computing Block 28 out of 151
Processing Block size=21
begin cleaner{left: ("[FunctionalDependency:(s: {ProviderNumber}, t: {HospitalName})]", 0.0), operator: *, right: (1.0, 1.0), result: 0.0}
列 'p' 不存在，对列 HospitalName 不过滤，直接选择所有非无效值。
Block processing time: 0.015037 seconds
Computing Block 39 out of 151
Processing Block size=23
begin cleaner{left: ("[FunctionalDependency:(s: {ProviderNumber}, t: {HospitalName})]", 0.0), operator: *, right: (1.0, 1.0), result: 0.0}
列 'p' 不存在，对列 HospitalName 不过滤，直接选择所有非无效值。
Block processing time: 0.016677 seconds
Computing Block 45 out of 151
Processing Block size=22
begin cleaner{left: ("[FunctionalDependency:(s: {ProviderNumber}, t: {HospitalName})]", 0.0), operator: *, right: (1.0, 1.0), result: 0.0}
列 'p' 不存在，对列 HospitalName 不过滤，直接选择所有非无效值。
Block processing time: 0.01604 seconds
Computing Block 50 out of 151
Processing Block size=19
begin cleaner{left: ("[FunctionalDependency:(s: {ProviderNumber}, t: {HospitalName})]", 0.0), operator: *, right: (1.0, 1.0), result: 0.0}
列 'p' 不存在，对列 HospitalName 不过滤，直接选择所有非无效值。
Block processing time: 0.013704 seconds
Computing Block 53 out of 151
Processing Block size=22
begin cleaner{left: ("[FunctionalDependency:(s: {ProviderNumber}, t: {HospitalName})]", 0.0), operator: *, right: (1.0, 1.0), result: 0.0}
列 'p' 不存在，对列 HospitalName 不过滤，直接选择所有非无效值。
Block processing time: 0.015776 seconds
Computing Block 54 out of 151
Processing Block size=21
begin cleaner{left: ("[FunctionalDependency:(s: {ProviderNumber}, t: {HospitalName})]", 0.0), operator: *, right: (1.0, 1.0), result: 0.0}
列 'p' 不存在，对列 HospitalName 不过滤，直接选择所有非无效值。
Block processing time: 0.014907 seconds
Computing Block 55 out of 151
Processing Block size=16
begin cleaner{left: ("[FunctionalDependency:(s: {ProviderNumber}, t: {HospitalName})]", 0.0), operator: *, right: (1.0, 1.0), result: 0.0}
列 'p' 不存在，对列 HospitalName 不过滤，直接选择所有非无效值。
Block processing time: 0.011413 seconds
Computing Block 56 out of 151
Processing Block size=22
begin cleaner{left: ("[FunctionalDependency:(s: {ProviderNumber}, t: {HospitalName})]", 0.0), operator: *, right: (1.0, 1.0), result: 0.0}
列 'p' 不存在，对列 HospitalName 不过滤，直接选择所有非无效值。
Block processing time: 0.015645 seconds
Computing Block 58 out of 151
Processing Block size=2
begin cleaner{left: ("[FunctionalDependency:(s: {ProviderNumber}, t: {HospitalName})]", 0.0), operator: *, right: (1.0, 1.0), result: 0.0}
列 'p' 不存在，对列 HospitalName 不过滤，直接选择所有非无效值。
Block processing time: 0.00155 seconds
Computing Block 59 out of 151
Processing Block size=21
begin cleaner{left: ("[FunctionalDependency:(s: {ProviderNumber}, t: {HospitalName})]", 0.0), operator: *, right: (1.0, 1.0), result: 0.0}
列 'p' 不存在，对列 HospitalName 不过滤，直接选择所有非无效值。
Block processing time: 0.015167 seconds
Computing Block 63 out of 151
Processing Block size=22
begin cleaner{left: ("[FunctionalDependency:(s: {ProviderNumber}, t: {HospitalName})]", 0.0), operator: *, right: (1.0, 1.0), result: 0.0}
列 'p' 不存在，对列 HospitalName 不过滤，直接选择所有非无效值。
Block processing time: 0.016177 seconds
Computing Block 64 out of 151
Processing Block size=21
begin cleaner{left: ("[FunctionalDependency:(s: {ProviderNumber}, t: {HospitalName})]", 0.0), operator: *, right: (1.0, 1.0), result: 0.0}
列 'p' 不存在，对列 HospitalName 不过滤，直接选择所有非无效值。
Block processing time: 0.015169 seconds
Computing Block 68 out of 151
Processing Block size=21
begin cleaner{left: ("[FunctionalDependency:(s: {ProviderNumber}, t: {HospitalName})]", 0.0), operator: *, right: (1.0, 1.0), result: 0.0}
列 'p' 不存在，对列 HospitalName 不过滤，直接选择所有非无效值。
Block processing time: 0.014984 seconds
Computing Block 69 out of 151
Processing Block size=22
begin cleaner{left: ("[FunctionalDependency:(s: {ProviderNumber}, t: {HospitalName})]", 0.0), operator: *, right: (1.0, 1.0), result: 0.0}
列 'p' 不存在，对列 HospitalName 不过滤，直接选择所有非无效值。
Block processing time: 0.015703 seconds
Computing Block 70 out of 151
Processing Block size=20
begin cleaner{left: ("[FunctionalDependency:(s: {ProviderNumber}, t: {HospitalName})]", 0.0), operator: *, right: (1.0, 1.0), result: 0.0}
列 'p' 不存在，对列 HospitalName 不过滤，直接选择所有非无效值。
Block processing time: 0.014253 seconds
Computing Block 79 out of 151
Processing Block size=15
begin cleaner{left: ("[FunctionalDependency:(s: {ProviderNumber}, t: {HospitalName})]", 0.0), operator: *, right: (1.0, 1.0), result: 0.0}
列 'p' 不存在，对列 HospitalName 不过滤，直接选择所有非无效值。
Block processing time: 0.01097 seconds
Computing Block 87 out of 151
Processing Block size=22
begin cleaner{left: ("[FunctionalDependency:(s: {ProviderNumber}, t: {HospitalName})]", 0.0), operator: *, right: (1.0, 1.0), result: 0.0}
列 'p' 不存在，对列 HospitalName 不过滤，直接选择所有非无效值。
Block processing time: 0.016094 seconds
Computing Block 88 out of 151
Processing Block size=21
begin cleaner{left: ("[FunctionalDependency:(s: {ProviderNumber}, t: {HospitalName})]", 0.0), operator: *, right: (1.0, 1.0), result: 0.0}
列 'p' 不存在，对列 HospitalName 不过滤，直接选择所有非无效值。
Block processing time: 0.015336 seconds
Computing Block 95 out of 151
Processing Block size=20
begin cleaner{left: ("[FunctionalDependency:(s: {ProviderNumber}, t: {HospitalName})]", 0.0), operator: *, right: (1.0, 1.0), result: 0.0}
列 'p' 不存在，对列 HospitalName 不过滤，直接选择所有非无效值。
Block processing time: 0.014449 seconds
Computing Block 97 out of 151
Processing Block size=20
begin cleaner{left: ("[FunctionalDependency:(s: {ProviderNumber}, t: {HospitalName})]", 0.0), operator: *, right: (1.0, 1.0), result: 0.0}
列 'p' 不存在，对列 HospitalName 不过滤，直接选择所有非无效值。
Block processing time: 0.014131 seconds
Computing Block 99 out of 151
Processing Block size=24
begin cleaner{left: ("[FunctionalDependency:(s: {ProviderNumber}, t: {HospitalName})]", 0.0), operator: *, right: (1.0, 1.0), result: 0.0}
列 'p' 不存在，对列 HospitalName 不过滤，直接选择所有非无效值。
Block processing time: 0.017101 seconds
Computing Block 100 out of 151
Processing Block size=15
begin cleaner{left: ("[FunctionalDependency:(s: {ProviderNumber}, t: {HospitalName})]", 0.0), operator: *, right: (1.0, 1.0), result: 0.0}
列 'p' 不存在，对列 HospitalName 不过滤，直接选择所有非无效值。
Block processing time: 0.01082 seconds
Computing Block 102 out of 151
Processing Block size=5
begin cleaner{left: ("[FunctionalDependency:(s: {ProviderNumber}, t: {HospitalName})]", 0.0), operator: *, right: (1.0, 1.0), result: 0.0}
列 'p' 不存在，对列 HospitalName 不过滤，直接选择所有非无效值。
Block processing time: 0.003742 seconds
Computing Block 103 out of 151
Processing Block size=18
begin cleaner{left: ("[FunctionalDependency:(s: {ProviderNumber}, t: {HospitalName})]", 0.0), operator: *, right: (1.0, 1.0), result: 0.0}
列 'p' 不存在，对列 HospitalName 不过滤，直接选择所有非无效值。
Block processing time: 0.012899 seconds
Computing Block 106 out of 151
Processing Block size=21
begin cleaner{left: ("[FunctionalDependency:(s: {ProviderNumber}, t: {HospitalName})]", 0.0), operator: *, right: (1.0, 1.0), result: 0.0}
列 'p' 不存在，对列 HospitalName 不过滤，直接选择所有非无效值。
Block processing time: 0.016282 seconds
Computing Block 111 out of 151
Processing Block size=18
begin cleaner{left: ("[FunctionalDependency:(s: {ProviderNumber}, t: {HospitalName})]", 0.0), operator: *, right: (1.0, 1.0), result: 0.0}
列 'p' 不存在，对列 HospitalName 不过滤，直接选择所有非无效值。
Block processing time: 0.013968 seconds
Computing Block 112 out of 151
Processing Block size=23
begin cleaner{left: ("[FunctionalDependency:(s: {ProviderNumber}, t: {HospitalName})]", 0.0), operator: *, right: (1.0, 1.0), result: 0.0}
列 'p' 不存在，对列 HospitalName 不过滤，直接选择所有非无效值。
Block processing time: 0.016648 seconds
Computing Block 113 out of 151
Processing Block size=22
begin cleaner{left: ("[FunctionalDependency:(s: {ProviderNumber}, t: {HospitalName})]", 0.0), operator: *, right: (1.0, 1.0), result: 0.0}
列 'p' 不存在，对列 HospitalName 不过滤，直接选择所有非无效值。
Block processing time: 0.015872 seconds
Computing Block 115 out of 151
Processing Block size=21
begin cleaner{left: ("[FunctionalDependency:(s: {ProviderNumber}, t: {HospitalName})]", 0.0), operator: *, right: (1.0, 1.0), result: 0.0}
列 'p' 不存在，对列 HospitalName 不过滤，直接选择所有非无效值。
Block processing time: 0.015085 seconds
Computing Block 119 out of 151
Processing Block size=22
begin cleaner{left: ("[FunctionalDependency:(s: {ProviderNumber}, t: {HospitalName})]", 0.0), operator: *, right: (1.0, 1.0), result: 0.0}
列 'p' 不存在，对列 HospitalName 不过滤，直接选择所有非无效值。
Block processing time: 0.015791 seconds
Computing Block 121 out of 151
Processing Block size=20
begin cleaner{left: ("[FunctionalDependency:(s: {ProviderNumber}, t: {HospitalName})]", 0.0), operator: *, right: (1.0, 1.0), result: 0.0}
列 'p' 不存在，对列 HospitalName 不过滤，直接选择所有非无效值。
Block processing time: 0.014524 seconds
Computing Block 129 out of 151
Processing Block size=22
begin cleaner{left: ("[FunctionalDependency:(s: {ProviderNumber}, t: {HospitalName})]", 0.0), operator: *, right: (1.0, 1.0), result: 0.0}
列 'p' 不存在，对列 HospitalName 不过滤，直接选择所有非无效值。
Block processing time: 0.015982 seconds
Computing Block 130 out of 151
Processing Block size=19
begin cleaner{left: ("[FunctionalDependency:(s: {ProviderNumber}, t: {HospitalName})]", 0.0), operator: *, right: (1.0, 1.0), result: 0.0}
列 'p' 不存在，对列 HospitalName 不过滤，直接选择所有非无效值。
Block processing time: 0.013714 seconds
Computing Block 131 out of 151
Processing Block size=23
begin cleaner{left: ("[FunctionalDependency:(s: {ProviderNumber}, t: {HospitalName})]", 0.0), operator: *, right: (1.0, 1.0), result: 0.0}
列 'p' 不存在，对列 HospitalName 不过滤，直接选择所有非无效值。
Block processing time: 0.016933 seconds
Computing Block 134 out of 151
Processing Block size=21
begin cleaner{left: ("[FunctionalDependency:(s: {ProviderNumber}, t: {HospitalName})]", 0.0), operator: *, right: (1.0, 1.0), result: 0.0}
列 'p' 不存在，对列 HospitalName 不过滤，直接选择所有非无效值。
Block processing time: 0.015352 seconds
Computing Block 136 out of 151
Processing Block size=24
begin cleaner{left: ("[FunctionalDependency:(s: {ProviderNumber}, t: {HospitalName})]", 0.0), operator: *, right: (1.0, 1.0), result: 0.0}
列 'p' 不存在，对列 HospitalName 不过滤，直接选择所有非无效值。
Block processing time: 0.017156 seconds
Computing Block 140 out of 151
Processing Block size=14
begin cleaner{left: ("[FunctionalDependency:(s: {ProviderNumber}, t: {HospitalName})]", 0.0), operator: *, right: (1.0, 1.0), result: 0.0}
列 'p' 不存在，对列 HospitalName 不过滤，直接选择所有非无效值。
Block processing time: 0.010122 seconds
Computing Block 146 out of 151
Processing Block size=23
begin cleaner{left: ("[FunctionalDependency:(s: {ProviderNumber}, t: {HospitalName})]", 0.0), operator: *, right: (1.0, 1.0), result: 0.0}
列 'p' 不存在，对列 HospitalName 不过滤，直接选择所有非无效值。
Block processing time: 0.016521 seconds
Computing Block 147 out of 151
Processing Block size=22
begin cleaner{left: ("[FunctionalDependency:(s: {ProviderNumber}, t: {HospitalName})]", 0.0), operator: *, right: (1.0, 1.0), result: 0.0}
列 'p' 不存在，对列 HospitalName 不过滤，直接选择所有非无效值。
Block processing time: 0.015837 seconds
Computing Block 148 out of 151
Processing Block size=23
begin cleaner{left: ("[FunctionalDependency:(s: {ProviderNumber}, t: {HospitalName})]", 0.0), operator: *, right: (1.0, 1.0), result: 0.0}
列 'p' 不存在，对列 HospitalName 不过滤，直接选择所有非无效值。
Block processing time: 0.01638 seconds
  当前节点: HospitalName 无清洗操作
  当前节点: MeasureName 存在可用清洗信号
数据块大小: 1000
分块属性:
[['MeasureCode']]
Starting initial block mapping...
Initial number of blocks: 125
Final number of blocks after further splitting: 125
Computing Block 2 out of 125
Processing Block size=32
begin cleaner[FunctionalDependency:(s: {'MeasureCode'}, t: {'MeasureName'})]*1.0
列 'p' 不存在，对列 MeasureName 不过滤，直接选择所有非无效值。
Block processing time: 0.023785 seconds
Computing Block 3 out of 125
Processing Block size=36
begin cleaner{left: ("[FunctionalDependency:(s: {MeasureCode}, t: {MeasureName})]", 0.0), operator: *, right: (1.0, 1.0), result: 0.0}
列 'p' 不存在，对列 MeasureName 不过滤，直接选择所有非无效值。
Block processing time: 0.026179 seconds
Computing Block 7 out of 125
Processing Block size=33
begin cleaner{left: ("[FunctionalDependency:(s: {MeasureCode}, t: {MeasureName})]", 0.0), operator: *, right: (1.0, 1.0), result: 0.0}
列 'p' 不存在，对列 MeasureName 不过滤，直接选择所有非无效值。
Block processing time: 0.024416 seconds
Computing Block 10 out of 125
Processing Block size=38
begin cleaner{left: ("[FunctionalDependency:(s: {MeasureCode}, t: {MeasureName})]", 0.0), operator: *, right: (1.0, 1.0), result: 0.0}
列 'p' 不存在，对列 MeasureName 不过滤，直接选择所有非无效值。
Block processing time: 0.027394 seconds
Computing Block 13 out of 125
Processing Block size=29
begin cleaner{left: ("[FunctionalDependency:(s: {MeasureCode}, t: {MeasureName})]", 0.0), operator: *, right: (1.0, 1.0), result: 0.0}
列 'p' 不存在，对列 MeasureName 不过滤，直接选择所有非无效值。
Block processing time: 0.020506 seconds
Computing Block 16 out of 125
Processing Block size=30
begin cleaner{left: ("[FunctionalDependency:(s: {MeasureCode}, t: {MeasureName})]", 0.0), operator: *, right: (1.0, 1.0), result: 0.0}
列 'p' 不存在，对列 MeasureName 不过滤，直接选择所有非无效值。
Block processing time: 0.021074 seconds
Computing Block 34 out of 125
Processing Block size=36
begin cleaner{left: ("[FunctionalDependency:(s: {MeasureCode}, t: {MeasureName})]", 0.0), operator: *, right: (1.0, 1.0), result: 0.0}
列 'p' 不存在，对列 MeasureName 不过滤，直接选择所有非无效值。
Block processing time: 0.02531 seconds
Computing Block 38 out of 125
Processing Block size=35
begin cleaner{left: ("[FunctionalDependency:(s: {MeasureCode}, t: {MeasureName})]", 0.0), operator: *, right: (1.0, 1.0), result: 0.0}
列 'p' 不存在，对列 MeasureName 不过滤，直接选择所有非无效值。
Block processing time: 0.024422 seconds
Computing Block 41 out of 125
Processing Block size=29
begin cleaner{left: ("[FunctionalDependency:(s: {MeasureCode}, t: {MeasureName})]", 0.0), operator: *, right: (1.0, 1.0), result: 0.0}
列 'p' 不存在，对列 MeasureName 不过滤，直接选择所有非无效值。
Block processing time: 0.020372 seconds
Computing Block 42 out of 125
Processing Block size=35
begin cleaner{left: ("[FunctionalDependency:(s: {MeasureCode}, t: {MeasureName})]", 0.0), operator: *, right: (1.0, 1.0), result: 0.0}
列 'p' 不存在，对列 MeasureName 不过滤，直接选择所有非无效值。
Block processing time: 0.025513 seconds
Computing Block 48 out of 125
Processing Block size=37
begin cleaner{left: ("[FunctionalDependency:(s: {MeasureCode}, t: {MeasureName})]", 0.0), operator: *, right: (1.0, 1.0), result: 0.0}
列 'p' 不存在，对列 MeasureName 不过滤，直接选择所有非无效值。
Block processing time: 0.026595 seconds
Computing Block 50 out of 125
Processing Block size=32
begin cleaner{left: ("[FunctionalDependency:(s: {MeasureCode}, t: {MeasureName})]", 0.0), operator: *, right: (1.0, 1.0), result: 0.0}
列 'p' 不存在，对列 MeasureName 不过滤，直接选择所有非无效值。
Block processing time: 0.022857 seconds
Computing Block 52 out of 125
Processing Block size=2
begin cleaner{left: ("[FunctionalDependency:(s: {MeasureCode}, t: {MeasureName})]", 0.0), operator: *, right: (1.0, 1.0), result: 0.0}
列 'p' 不存在，对列 MeasureName 不过滤，直接选择所有非无效值。
Block processing time: 0.001681 seconds
Computing Block 53 out of 125
Processing Block size=2
begin cleaner{left: ("[FunctionalDependency:(s: {MeasureCode}, t: {MeasureName})]", 0.0), operator: *, right: (1.0, 1.0), result: 0.0}
列 'p' 不存在，对列 MeasureName 不过滤，直接选择所有非无效值。
Block processing time: 0.00163 seconds
Computing Block 54 out of 125
Processing Block size=38
begin cleaner{left: ("[FunctionalDependency:(s: {MeasureCode}, t: {MeasureName})]", 0.0), operator: *, right: (1.0, 1.0), result: 0.0}
列 'p' 不存在，对列 MeasureName 不过滤，直接选择所有非无效值。
Block processing time: 0.027209 seconds
Computing Block 56 out of 125
Processing Block size=31
begin cleaner{left: ("[FunctionalDependency:(s: {MeasureCode}, t: {MeasureName})]", 0.0), operator: *, right: (1.0, 1.0), result: 0.0}
列 'p' 不存在，对列 MeasureName 不过滤，直接选择所有非无效值。
Block processing time: 0.022963 seconds
Computing Block 62 out of 125
Processing Block size=3
begin cleaner{left: ("[FunctionalDependency:(s: {MeasureCode}, t: {MeasureName})]", 0.0), operator: *, right: (1.0, 1.0), result: 0.0}
列 'p' 不存在，对列 MeasureName 不过滤，直接选择所有非无效值。
Block processing time: 0.002361 seconds
Computing Block 63 out of 125
Processing Block size=37
begin cleaner{left: ("[FunctionalDependency:(s: {MeasureCode}, t: {MeasureName})]", 0.0), operator: *, right: (1.0, 1.0), result: 0.0}
列 'p' 不存在，对列 MeasureName 不过滤，直接选择所有非无效值。
Block processing time: 0.026621 seconds
Computing Block 72 out of 125
Processing Block size=32
begin cleaner{left: ("[FunctionalDependency:(s: {MeasureCode}, t: {MeasureName})]", 0.0), operator: *, right: (1.0, 1.0), result: 0.0}
列 'p' 不存在，对列 MeasureName 不过滤，直接选择所有非无效值。
Block processing time: 0.022867 seconds
Computing Block 80 out of 125
Processing Block size=3
begin cleaner{left: ("[FunctionalDependency:(s: {MeasureCode}, t: {MeasureName})]", 0.0), operator: *, right: (1.0, 1.0), result: 0.0}
列 'p' 不存在，对列 MeasureName 不过滤，直接选择所有非无效值。
Block processing time: 0.002258 seconds
Computing Block 87 out of 125
Processing Block size=37
begin cleaner{left: ("[FunctionalDependency:(s: {MeasureCode}, t: {MeasureName})]", 0.0), operator: *, right: (1.0, 1.0), result: 0.0}
列 'p' 不存在，对列 MeasureName 不过滤，直接选择所有非无效值。
Block processing time: 0.026243 seconds
Computing Block 96 out of 125
Processing Block size=34
begin cleaner{left: ("[FunctionalDependency:(s: {MeasureCode}, t: {MeasureName})]", 0.0), operator: *, right: (1.0, 1.0), result: 0.0}
列 'p' 不存在，对列 MeasureName 不过滤，直接选择所有非无效值。
Block processing time: 0.024346 seconds
Computing Block 100 out of 125
Processing Block size=34
begin cleaner{left: ("[FunctionalDependency:(s: {MeasureCode}, t: {MeasureName})]", 0.0), operator: *, right: (1.0, 1.0), result: 0.0}
列 'p' 不存在，对列 MeasureName 不过滤，直接选择所有非无效值。
Block processing time: 0.024074 seconds
Computing Block 103 out of 125
Processing Block size=29
begin cleaner{left: ("[FunctionalDependency:(s: {MeasureCode}, t: {MeasureName})]", 0.0), operator: *, right: (1.0, 1.0), result: 0.0}
列 'p' 不存在，对列 MeasureName 不过滤，直接选择所有非无效值。
Block processing time: 0.020397 seconds
Computing Block 107 out of 125
Processing Block size=36
begin cleaner{left: ("[FunctionalDependency:(s: {MeasureCode}, t: {MeasureName})]", 0.0), operator: *, right: (1.0, 1.0), result: 0.0}
列 'p' 不存在，对列 MeasureName 不过滤，直接选择所有非无效值。
Block processing time: 0.026058 seconds
Computing Block 110 out of 125
Processing Block size=32
begin cleaner{left: ("[FunctionalDependency:(s: {MeasureCode}, t: {MeasureName})]", 0.0), operator: *, right: (1.0, 1.0), result: 0.0}
列 'p' 不存在，对列 MeasureName 不过滤，直接选择所有非无效值。
Block processing time: 0.023585 seconds
Computing Block 112 out of 125
Processing Block size=32
begin cleaner{left: ("[FunctionalDependency:(s: {MeasureCode}, t: {MeasureName})]", 0.0), operator: *, right: (1.0, 1.0), result: 0.0}
列 'p' 不存在，对列 MeasureName 不过滤，直接选择所有非无效值。
Block processing time: 0.023067 seconds
Computing Block 116 out of 125
Processing Block size=37
begin cleaner{left: ("[FunctionalDependency:(s: {MeasureCode}, t: {MeasureName})]", 0.0), operator: *, right: (1.0, 1.0), result: 0.0}
列 'p' 不存在，对列 MeasureName 不过滤，直接选择所有非无效值。
Block processing time: 0.026252 seconds
Computing Block 125 out of 125
Processing Block size=33
begin cleaner{left: ("[FunctionalDependency:(s: {MeasureCode}, t: {MeasureName})]", 0.0), operator: *, right: (1.0, 1.0), result: 0.0}
列 'p' 不存在，对列 MeasureName 不过滤，直接选择所有非无效值。
Block processing time: 0.023242 seconds
  当前节点: MeasureName 无清洗操作
  当前节点: Stateavg 存在可用清洗信号
数据块大小: 1000
分块属性:
[['MeasureCode']]
Starting initial block mapping...
Initial number of blocks: 125
Final number of blocks after further splitting: 125
Computing Block 2 out of 125
Processing Block size=32
begin cleaner[FunctionalDependency:(s: {'MeasureCode'}, t: {'Stateavg'})]*1.0
列 'p' 不存在，对列 Stateavg 不过滤，直接选择所有非无效值。
Block processing time: 0.022617 seconds
Computing Block 3 out of 125
Processing Block size=36
begin cleaner{left: ("[FunctionalDependency:(s: {MeasureCode}, t: {Stateavg})]", 0.0), operator: *, right: (1.0, 1.0), result: 0.0}
列 'p' 不存在，对列 Stateavg 不过滤，直接选择所有非无效值。
Block processing time: 0.025266 seconds
Computing Block 7 out of 125
Processing Block size=33
begin cleaner{left: ("[FunctionalDependency:(s: {MeasureCode}, t: {Stateavg})]", 0.0), operator: *, right: (1.0, 1.0), result: 0.0}
列 'p' 不存在，对列 Stateavg 不过滤，直接选择所有非无效值。
Block processing time: 0.023644 seconds
Computing Block 10 out of 125
Processing Block size=38
begin cleaner{left: ("[FunctionalDependency:(s: {MeasureCode}, t: {Stateavg})]", 0.0), operator: *, right: (1.0, 1.0), result: 0.0}
列 'p' 不存在，对列 Stateavg 不过滤，直接选择所有非无效值。
Block processing time: 0.029328 seconds
Computing Block 13 out of 125
Processing Block size=29
begin cleaner{left: ("[FunctionalDependency:(s: {MeasureCode}, t: {Stateavg})]", 0.0), operator: *, right: (1.0, 1.0), result: 0.0}
列 'p' 不存在，对列 Stateavg 不过滤，直接选择所有非无效值。
Block processing time: 0.021871 seconds
Computing Block 16 out of 125
Processing Block size=30
begin cleaner{left: ("[FunctionalDependency:(s: {MeasureCode}, t: {Stateavg})]", 0.0), operator: *, right: (1.0, 1.0), result: 0.0}
列 'p' 不存在，对列 Stateavg 不过滤，直接选择所有非无效值。
Block processing time: 0.022525 seconds
Computing Block 34 out of 125
Processing Block size=36
begin cleaner{left: ("[FunctionalDependency:(s: {MeasureCode}, t: {Stateavg})]", 0.0), operator: *, right: (1.0, 1.0), result: 0.0}
列 'p' 不存在，对列 Stateavg 不过滤，直接选择所有非无效值。
Block processing time: 0.026745 seconds
Computing Block 38 out of 125
Processing Block size=35
begin cleaner{left: ("[FunctionalDependency:(s: {MeasureCode}, t: {Stateavg})]", 0.0), operator: *, right: (1.0, 1.0), result: 0.0}
列 'p' 不存在，对列 Stateavg 不过滤，直接选择所有非无效值。
Block processing time: 0.026159 seconds
Computing Block 41 out of 125
Processing Block size=29
begin cleaner{left: ("[FunctionalDependency:(s: {MeasureCode}, t: {Stateavg})]", 0.0), operator: *, right: (1.0, 1.0), result: 0.0}
列 'p' 不存在，对列 Stateavg 不过滤，直接选择所有非无效值。
Block processing time: 0.021671 seconds
Computing Block 42 out of 125
Processing Block size=35
begin cleaner{left: ("[FunctionalDependency:(s: {MeasureCode}, t: {Stateavg})]", 0.0), operator: *, right: (1.0, 1.0), result: 0.0}
列 'p' 不存在，对列 Stateavg 不过滤，直接选择所有非无效值。
Block processing time: 0.026002 seconds
Computing Block 48 out of 125
Processing Block size=37
begin cleaner{left: ("[FunctionalDependency:(s: {MeasureCode}, t: {Stateavg})]", 0.0), operator: *, right: (1.0, 1.0), result: 0.0}
列 'p' 不存在，对列 Stateavg 不过滤，直接选择所有非无效值。
Block processing time: 0.027429 seconds
Computing Block 50 out of 125
Processing Block size=32
begin cleaner{left: ("[FunctionalDependency:(s: {MeasureCode}, t: {Stateavg})]", 0.0), operator: *, right: (1.0, 1.0), result: 0.0}
列 'p' 不存在，对列 Stateavg 不过滤，直接选择所有非无效值。
Block processing time: 0.02286 seconds
Computing Block 52 out of 125
Processing Block size=2
begin cleaner{left: ("[FunctionalDependency:(s: {MeasureCode}, t: {Stateavg})]", 0.0), operator: *, right: (1.0, 1.0), result: 0.0}
列 'p' 不存在，对列 Stateavg 不过滤，直接选择所有非无效值。
Block processing time: 0.001547 seconds
Computing Block 53 out of 125
Processing Block size=2
begin cleaner{left: ("[FunctionalDependency:(s: {MeasureCode}, t: {Stateavg})]", 0.0), operator: *, right: (1.0, 1.0), result: 0.0}
列 'p' 不存在，对列 Stateavg 不过滤，直接选择所有非无效值。
Block processing time: 0.001535 seconds
Computing Block 54 out of 125
Processing Block size=38
begin cleaner{left: ("[FunctionalDependency:(s: {MeasureCode}, t: {Stateavg})]", 0.0), operator: *, right: (1.0, 1.0), result: 0.0}
列 'p' 不存在，对列 Stateavg 不过滤，直接选择所有非无效值。
Block processing time: 0.026888 seconds
Computing Block 56 out of 125
Processing Block size=31
begin cleaner{left: ("[FunctionalDependency:(s: {MeasureCode}, t: {Stateavg})]", 0.0), operator: *, right: (1.0, 1.0), result: 0.0}
列 'p' 不存在，对列 Stateavg 不过滤，直接选择所有非无效值。
Block processing time: 0.022456 seconds
Computing Block 62 out of 125
Processing Block size=3
begin cleaner{left: ("[FunctionalDependency:(s: {MeasureCode}, t: {Stateavg})]", 0.0), operator: *, right: (1.0, 1.0), result: 0.0}
列 'p' 不存在，对列 Stateavg 不过滤，直接选择所有非无效值。
Block processing time: 0.002283 seconds
Computing Block 63 out of 125
Processing Block size=37
begin cleaner{left: ("[FunctionalDependency:(s: {MeasureCode}, t: {Stateavg})]", 0.0), operator: *, right: (1.0, 1.0), result: 0.0}
列 'p' 不存在，对列 Stateavg 不过滤，直接选择所有非无效值。
Block processing time: 0.026401 seconds
Computing Block 72 out of 125
Processing Block size=32
begin cleaner{left: ("[FunctionalDependency:(s: {MeasureCode}, t: {Stateavg})]", 0.0), operator: *, right: (1.0, 1.0), result: 0.0}
列 'p' 不存在，对列 Stateavg 不过滤，直接选择所有非无效值。
Block processing time: 0.023059 seconds
Computing Block 80 out of 125
Processing Block size=3
begin cleaner{left: ("[FunctionalDependency:(s: {MeasureCode}, t: {Stateavg})]", 0.0), operator: *, right: (1.0, 1.0), result: 0.0}
列 'p' 不存在，对列 Stateavg 不过滤，直接选择所有非无效值。
Block processing time: 0.002264 seconds
Computing Block 87 out of 125
Processing Block size=37
begin cleaner{left: ("[FunctionalDependency:(s: {MeasureCode}, t: {Stateavg})]", 0.0), operator: *, right: (1.0, 1.0), result: 0.0}
列 'p' 不存在，对列 Stateavg 不过滤，直接选择所有非无效值。
Block processing time: 0.026497 seconds
Computing Block 96 out of 125
Processing Block size=34
begin cleaner{left: ("[FunctionalDependency:(s: {MeasureCode}, t: {Stateavg})]", 0.0), operator: *, right: (1.0, 1.0), result: 0.0}
列 'p' 不存在，对列 Stateavg 不过滤，直接选择所有非无效值。
Block processing time: 0.024286 seconds
Computing Block 100 out of 125
Processing Block size=34
begin cleaner{left: ("[FunctionalDependency:(s: {MeasureCode}, t: {Stateavg})]", 0.0), operator: *, right: (1.0, 1.0), result: 0.0}
列 'p' 不存在，对列 Stateavg 不过滤，直接选择所有非无效值。
Block processing time: 0.024781 seconds
Computing Block 103 out of 125
Processing Block size=29
begin cleaner{left: ("[FunctionalDependency:(s: {MeasureCode}, t: {Stateavg})]", 0.0), operator: *, right: (1.0, 1.0), result: 0.0}
列 'p' 不存在，对列 Stateavg 不过滤，直接选择所有非无效值。
Block processing time: 0.021083 seconds
Computing Block 107 out of 125
Processing Block size=36
begin cleaner{left: ("[FunctionalDependency:(s: {MeasureCode}, t: {Stateavg})]", 0.0), operator: *, right: (1.0, 1.0), result: 0.0}
列 'p' 不存在，对列 Stateavg 不过滤，直接选择所有非无效值。
Block processing time: 0.02564 seconds
Computing Block 110 out of 125
Processing Block size=32
begin cleaner{left: ("[FunctionalDependency:(s: {MeasureCode}, t: {Stateavg})]", 0.0), operator: *, right: (1.0, 1.0), result: 0.0}
列 'p' 不存在，对列 Stateavg 不过滤，直接选择所有非无效值。
Block processing time: 0.023495 seconds
Computing Block 112 out of 125
Processing Block size=32
begin cleaner{left: ("[FunctionalDependency:(s: {MeasureCode}, t: {Stateavg})]", 0.0), operator: *, right: (1.0, 1.0), result: 0.0}
列 'p' 不存在，对列 Stateavg 不过滤，直接选择所有非无效值。
Block processing time: 0.02298 seconds
Computing Block 116 out of 125
Processing Block size=37
begin cleaner{left: ("[FunctionalDependency:(s: {MeasureCode}, t: {Stateavg})]", 0.0), operator: *, right: (1.0, 1.0), result: 0.0}
列 'p' 不存在，对列 Stateavg 不过滤，直接选择所有非无效值。
Block processing time: 0.026921 seconds
Computing Block 125 out of 125
Processing Block size=33
begin cleaner{left: ("[FunctionalDependency:(s: {MeasureCode}, t: {Stateavg})]", 0.0), operator: *, right: (1.0, 1.0), result: 0.0}
列 'p' 不存在，对列 Stateavg 不过滤，直接选择所有非无效值。
Block processing time: 0.025387 seconds
  当前节点: Stateavg 无清洗操作
  当前节点: Condition 存在可用清洗信号
数据块大小: 1000
分块属性:
[['MeasureCode']]
Starting initial block mapping...
Initial number of blocks: 125
Final number of blocks after further splitting: 125
Computing Block 2 out of 125
Processing Block size=32
begin cleaner[FunctionalDependency:(s: {'MeasureCode'}, t: {'Condition'})]*1.0
列 'p' 不存在，对列 Condition 不过滤，直接选择所有非无效值。
Block processing time: 0.02372 seconds
Computing Block 3 out of 125
Processing Block size=36
begin cleaner{left: ("[FunctionalDependency:(s: {MeasureCode}, t: {Condition})]", 0.0), operator: *, right: (1.0, 1.0), result: 0.0}
列 'p' 不存在，对列 Condition 不过滤，直接选择所有非无效值。
Block processing time: 0.025294 seconds
Computing Block 7 out of 125
Processing Block size=33
begin cleaner{left: ("[FunctionalDependency:(s: {MeasureCode}, t: {Condition})]", 0.0), operator: *, right: (1.0, 1.0), result: 0.0}
列 'p' 不存在，对列 Condition 不过滤，直接选择所有非无效值。
Block processing time: 0.023647 seconds
Computing Block 10 out of 125
Processing Block size=38
begin cleaner{left: ("[FunctionalDependency:(s: {MeasureCode}, t: {Condition})]", 0.0), operator: *, right: (1.0, 1.0), result: 0.0}
列 'p' 不存在，对列 Condition 不过滤，直接选择所有非无效值。
Block processing time: 0.027257 seconds
Computing Block 13 out of 125
Processing Block size=29
begin cleaner{left: ("[FunctionalDependency:(s: {MeasureCode}, t: {Condition})]", 0.0), operator: *, right: (1.0, 1.0), result: 0.0}
列 'p' 不存在，对列 Condition 不过滤，直接选择所有非无效值。
Block processing time: 0.020503 seconds
Computing Block 16 out of 125
Processing Block size=30
begin cleaner{left: ("[FunctionalDependency:(s: {MeasureCode}, t: {Condition})]", 0.0), operator: *, right: (1.0, 1.0), result: 0.0}
列 'p' 不存在，对列 Condition 不过滤，直接选择所有非无效值。
Block processing time: 0.021287 seconds
Computing Block 34 out of 125
Processing Block size=36
begin cleaner{left: ("[FunctionalDependency:(s: {MeasureCode}, t: {Condition})]", 0.0), operator: *, right: (1.0, 1.0), result: 0.0}
列 'p' 不存在，对列 Condition 不过滤，直接选择所有非无效值。
Block processing time: 0.025396 seconds
Computing Block 38 out of 125
Processing Block size=35
begin cleaner{left: ("[FunctionalDependency:(s: {MeasureCode}, t: {Condition})]", 0.0), operator: *, right: (1.0, 1.0), result: 0.0}
列 'p' 不存在，对列 Condition 不过滤，直接选择所有非无效值。
Block processing time: 0.024673 seconds
Computing Block 41 out of 125
Processing Block size=29
begin cleaner{left: ("[FunctionalDependency:(s: {MeasureCode}, t: {Condition})]", 0.0), operator: *, right: (1.0, 1.0), result: 0.0}
列 'p' 不存在，对列 Condition 不过滤，直接选择所有非无效值。
Block processing time: 0.02038 seconds
Computing Block 42 out of 125
Processing Block size=35
begin cleaner{left: ("[FunctionalDependency:(s: {MeasureCode}, t: {Condition})]", 0.0), operator: *, right: (1.0, 1.0), result: 0.0}
列 'p' 不存在，对列 Condition 不过滤，直接选择所有非无效值。
Block processing time: 0.024765 seconds
Computing Block 48 out of 125
Processing Block size=37
begin cleaner{left: ("[FunctionalDependency:(s: {MeasureCode}, t: {Condition})]", 0.0), operator: *, right: (1.0, 1.0), result: 0.0}
列 'p' 不存在，对列 Condition 不过滤，直接选择所有非无效值。
Block processing time: 0.026093 seconds
Computing Block 50 out of 125
Processing Block size=32
begin cleaner{left: ("[FunctionalDependency:(s: {MeasureCode}, t: {Condition})]", 0.0), operator: *, right: (1.0, 1.0), result: 0.0}
列 'p' 不存在，对列 Condition 不过滤，直接选择所有非无效值。
Block processing time: 0.022564 seconds
Computing Block 52 out of 125
Processing Block size=2
begin cleaner{left: ("[FunctionalDependency:(s: {MeasureCode}, t: {Condition})]", 0.0), operator: *, right: (1.0, 1.0), result: 0.0}
列 'p' 不存在，对列 Condition 不过滤，直接选择所有非无效值。
Block processing time: 0.001579 seconds
Computing Block 53 out of 125
Processing Block size=2
begin cleaner{left: ("[FunctionalDependency:(s: {MeasureCode}, t: {Condition})]", 0.0), operator: *, right: (1.0, 1.0), result: 0.0}
列 'p' 不存在，对列 Condition 不过滤，直接选择所有非无效值。
Block processing time: 0.001564 seconds
Computing Block 54 out of 125
Processing Block size=38
begin cleaner{left: ("[FunctionalDependency:(s: {MeasureCode}, t: {Condition})]", 0.0), operator: *, right: (1.0, 1.0), result: 0.0}
列 'p' 不存在，对列 Condition 不过滤，直接选择所有非无效值。
Block processing time: 0.026683 seconds
Computing Block 56 out of 125
Processing Block size=31
begin cleaner{left: ("[FunctionalDependency:(s: {MeasureCode}, t: {Condition})]", 0.0), operator: *, right: (1.0, 1.0), result: 0.0}
列 'p' 不存在，对列 Condition 不过滤，直接选择所有非无效值。
Block processing time: 0.022298 seconds
Computing Block 62 out of 125
Processing Block size=3
begin cleaner{left: ("[FunctionalDependency:(s: {MeasureCode}, t: {Condition})]", 0.0), operator: *, right: (1.0, 1.0), result: 0.0}
列 'p' 不存在，对列 Condition 不过滤，直接选择所有非无效值。
Block processing time: 0.002358 seconds
Computing Block 63 out of 125
Processing Block size=37
begin cleaner{left: ("[FunctionalDependency:(s: {MeasureCode}, t: {Condition})]", 0.0), operator: *, right: (1.0, 1.0), result: 0.0}
列 'p' 不存在，对列 Condition 不过滤，直接选择所有非无效值。
Block processing time: 0.02639 seconds
Computing Block 72 out of 125
Processing Block size=32
begin cleaner{left: ("[FunctionalDependency:(s: {MeasureCode}, t: {Condition})]", 0.0), operator: *, right: (1.0, 1.0), result: 0.0}
列 'p' 不存在，对列 Condition 不过滤，直接选择所有非无效值。
Block processing time: 0.022606 seconds
Computing Block 80 out of 125
Processing Block size=3
begin cleaner{left: ("[FunctionalDependency:(s: {MeasureCode}, t: {Condition})]", 0.0), operator: *, right: (1.0, 1.0), result: 0.0}
列 'p' 不存在，对列 Condition 不过滤，直接选择所有非无效值。
Block processing time: 0.002272 seconds
Computing Block 87 out of 125
Processing Block size=37
begin cleaner{left: ("[FunctionalDependency:(s: {MeasureCode}, t: {Condition})]", 0.0), operator: *, right: (1.0, 1.0), result: 0.0}
列 'p' 不存在，对列 Condition 不过滤，直接选择所有非无效值。
Block processing time: 0.026157 seconds
Computing Block 96 out of 125
Processing Block size=34
begin cleaner{left: ("[FunctionalDependency:(s: {MeasureCode}, t: {Condition})]", 0.0), operator: *, right: (1.0, 1.0), result: 0.0}
列 'p' 不存在，对列 Condition 不过滤，直接选择所有非无效值。
Block processing time: 0.02417 seconds
Computing Block 100 out of 125
Processing Block size=34
begin cleaner{left: ("[FunctionalDependency:(s: {MeasureCode}, t: {Condition})]", 0.0), operator: *, right: (1.0, 1.0), result: 0.0}
列 'p' 不存在，对列 Condition 不过滤，直接选择所有非无效值。
Block processing time: 0.026057 seconds
Computing Block 103 out of 125
Processing Block size=29
begin cleaner{left: ("[FunctionalDependency:(s: {MeasureCode}, t: {Condition})]", 0.0), operator: *, right: (1.0, 1.0), result: 0.0}
列 'p' 不存在，对列 Condition 不过滤，直接选择所有非无效值。
Block processing time: 0.021098 seconds
Computing Block 107 out of 125
Processing Block size=36
begin cleaner{left: ("[FunctionalDependency:(s: {MeasureCode}, t: {Condition})]", 0.0), operator: *, right: (1.0, 1.0), result: 0.0}
列 'p' 不存在，对列 Condition 不过滤，直接选择所有非无效值。
Block processing time: 0.02568 seconds
Computing Block 110 out of 125
Processing Block size=32
begin cleaner{left: ("[FunctionalDependency:(s: {MeasureCode}, t: {Condition})]", 0.0), operator: *, right: (1.0, 1.0), result: 0.0}
列 'p' 不存在，对列 Condition 不过滤，直接选择所有非无效值。
Block processing time: 0.022822 seconds
Computing Block 112 out of 125
Processing Block size=32
begin cleaner{left: ("[FunctionalDependency:(s: {MeasureCode}, t: {Condition})]", 0.0), operator: *, right: (1.0, 1.0), result: 0.0}
列 'p' 不存在，对列 Condition 不过滤，直接选择所有非无效值。
Block processing time: 0.022908 seconds
Computing Block 116 out of 125
Processing Block size=37
begin cleaner{left: ("[FunctionalDependency:(s: {MeasureCode}, t: {Condition})]", 0.0), operator: *, right: (1.0, 1.0), result: 0.0}
列 'p' 不存在，对列 Condition 不过滤，直接选择所有非无效值。
Block processing time: 0.026255 seconds
Computing Block 125 out of 125
Processing Block size=33
begin cleaner{left: ("[FunctionalDependency:(s: {MeasureCode}, t: {Condition})]", 0.0), operator: *, right: (1.0, 1.0), result: 0.0}
列 'p' 不存在，对列 Condition 不过滤，直接选择所有非无效值。
Block processing time: 0.023441 seconds
  当前节点: Condition 无清洗操作
['HospitalName', 'MeasureName', 'Stateavg', 'Condition']的清洗完成

本层累积的编辑规则数: 0
本层没有可以进行的清洗操作，进行下一层

处理第 3 层级, 包含节点: ['ZipCode', 'PhoneNumber', 'Address1', 'HospitalOwner', 'City', 'HospitalType']
  当前节点: ZipCode 存在可用清洗信号
数据块大小: 1000
分块属性:
[['HospitalName']]
Starting initial block mapping...
Initial number of blocks: 55
Final number of blocks after further splitting: 55
Computing Block 1 out of 55
Processing Block size=24
begin cleaner[FunctionalDependency:(s: {'HospitalName'}, t: {'ZipCode'})]*1.0
列 'p' 不存在，对列 ZipCode 不过滤，直接选择所有非无效值。
clean_bool length:3
newest best op: Uniop(df,'ZipCode','35058.0',(['HospitalName'], {('cullman regional medical center',)}),{left: ("[FunctionalDependency:(s: {HospitalName}, t: {ZipCode})]", 0.0), operator: *, right: (1.0, 1.0), result: 0.0})
now error: 0.0
Block processing time: 0.053062 seconds
Computing Block 2 out of 55
Processing Block size=25
begin cleaner{left: ("[FunctionalDependency:(s: {HospitalName}, t: {ZipCode})]", 0.0), operator: *, right: (1.0, 1.0), result: 0.0}
列 'p' 不存在，对列 ZipCode 不过滤，直接选择所有非无效值。
clean_bool length:4
newest best op: Uniop(df,'ZipCode','171361.97675880019',(['HospitalName'], {('southeast alabama medical center',)}),{left: ("[FunctionalDependency:(s: {HospitalName}, t: {ZipCode})]", 0.0), operator: *, right: (1.0, 1.0), result: 0.0})
now error: 0.0
newest best op: Uniop(df,'ZipCode','36302.0',(['HospitalName'], {('southeast alabama medical center',)}),{left: ("[FunctionalDependency:(s: {HospitalName}, t: {ZipCode})]", 0.0), operator: *, right: (1.0, 1.0), result: 0.0})
now error: 0.0
Block processing time: 0.07324 seconds
Computing Block 3 out of 55
Processing Block size=2
begin cleaner{left: ("[FunctionalDependency:(s: {HospitalName}, t: {ZipCode})]", 0.0), operator: *, right: (1.0, 1.0), result: 0.0}
列 'p' 不存在，对列 ZipCode 不过滤，直接选择所有非无效值。
Block processing time: 0.001632 seconds
Computing Block 4 out of 55
Processing Block size=17
begin cleaner{left: ("[FunctionalDependency:(s: {HospitalName}, t: {ZipCode})]", 0.0), operator: *, right: (1.0, 1.0), result: 0.0}
列 'p' 不存在，对列 ZipCode 不过滤，直接选择所有非无效值。
clean_bool length:8
newest best op: Uniop(df,'ZipCode','162190.23831990146',(['HospitalName'], {('flowers hospital',)}),{left: ("[FunctionalDependency:(s: {HospitalName}, t: {ZipCode})]", 0.0), operator: *, right: (1.0, 1.0), result: 0.0})
now error: 0.0
newest best op: Uniop(df,'ZipCode','123695.32228144516',(['HospitalName'], {('flowers hospital',)}),{left: ("[FunctionalDependency:(s: {HospitalName}, t: {ZipCode})]", 0.0), operator: *, right: (1.0, 1.0), result: 0.0})
now error: 0.0
newest best op: Uniop(df,'ZipCode','36305.0',(['HospitalName'], {('flowers hospital',)}),{left: ("[FunctionalDependency:(s: {HospitalName}, t: {ZipCode})]", 0.0), operator: *, right: (1.0, 1.0), result: 0.0})
now error: 0.0
Block processing time: 0.10385 seconds
Computing Block 6 out of 55
Processing Block size=24
begin cleaner{left: ("[FunctionalDependency:(s: {HospitalName}, t: {ZipCode})]", 0.0), operator: *, right: (1.0, 1.0), result: 0.0}
列 'p' 不存在，对列 ZipCode 不过滤，直接选择所有非无效值。
clean_bool length:5
newest best op: Uniop(df,'ZipCode','123171.91689885502',(['HospitalName'], {('cherokee medical center',)}),{left: ("[FunctionalDependency:(s: {HospitalName}, t: {ZipCode})]", 0.0), operator: *, right: (1.0, 1.0), result: 0.0})
now error: 0.0
newest best op: Uniop(df,'ZipCode','35960.0',(['HospitalName'], {('cherokee medical center',)}),{left: ("[FunctionalDependency:(s: {HospitalName}, t: {ZipCode})]", 0.0), operator: *, right: (1.0, 1.0), result: 0.0})
now error: 0.0
Block processing time: 0.089556 seconds
Computing Block 7 out of 55
Processing Block size=25
begin cleaner{left: ("[FunctionalDependency:(s: {HospitalName}, t: {ZipCode})]", 0.0), operator: *, right: (1.0, 1.0), result: 0.0}
列 'p' 不存在，对列 ZipCode 不过滤，直接选择所有非无效值。
clean_bool length:6
newest best op: Uniop(df,'ZipCode','36420.0',(['HospitalName'], {('andalusia regional hospital',)}),{left: ("[FunctionalDependency:(s: {HospitalName}, t: {ZipCode})]", 0.0), operator: *, right: (1.0, 1.0), result: 0.0})
now error: 0.0
Block processing time: 0.112407 seconds
Computing Block 8 out of 55
Processing Block size=25
begin cleaner{left: ("[FunctionalDependency:(s: {HospitalName}, t: {ZipCode})]", 0.0), operator: *, right: (1.0, 1.0), result: 0.0}
列 'p' 不存在，对列 ZipCode 不过滤，直接选择所有非无效值。
clean_bool length:4
newest best op: Uniop(df,'ZipCode','35233.0',(['HospitalName'], {('callahan eye foundation hospital',)}),{left: ("[FunctionalDependency:(s: {HospitalName}, t: {ZipCode})]", 0.0), operator: *, right: (1.0, 1.0), result: 0.0})
now error: 0.0
Block processing time: 0.073732 seconds
Computing Block 10 out of 55
Processing Block size=25
begin cleaner{left: ("[FunctionalDependency:(s: {HospitalName}, t: {ZipCode})]", 0.0), operator: *, right: (1.0, 1.0), result: 0.0}
列 'p' 不存在，对列 ZipCode 不过滤，直接选择所有非无效值。
Block processing time: 0.017988 seconds
Computing Block 12 out of 55
Processing Block size=24
begin cleaner{left: ("[FunctionalDependency:(s: {HospitalName}, t: {ZipCode})]", 0.0), operator: *, right: (1.0, 1.0), result: 0.0}
列 'p' 不存在，对列 ZipCode 不过滤，直接选择所有非无效值。
clean_bool length:6
newest best op: Uniop(df,'ZipCode','160773.19460665822',(['HospitalName'], {('mizell memorial hospital',)}),{left: ("[FunctionalDependency:(s: {HospitalName}, t: {ZipCode})]", 0.0), operator: *, right: (1.0, 1.0), result: 0.0})
now error: 0.0
newest best op: Uniop(df,'ZipCode','205608.67363688207',(['HospitalName'], {('mizell memorial hospital',)}),{left: ("[FunctionalDependency:(s: {HospitalName}, t: {ZipCode})]", 0.0), operator: *, right: (1.0, 1.0), result: 0.0})
now error: 0.0
newest best op: Uniop(df,'ZipCode','36467.0',(['HospitalName'], {('mizell memorial hospital',)}),{left: ("[FunctionalDependency:(s: {HospitalName}, t: {ZipCode})]", 0.0), operator: *, right: (1.0, 1.0), result: 0.0})
now error: 0.0
Block processing time: 0.107732 seconds
Computing Block 14 out of 55
Processing Block size=26
begin cleaner{left: ("[FunctionalDependency:(s: {HospitalName}, t: {ZipCode})]", 0.0), operator: *, right: (1.0, 1.0), result: 0.0}
列 'p' 不存在，对列 ZipCode 不过滤，直接选择所有非无效值。
clean_bool length:4
newest best op: Uniop(df,'ZipCode','36201.0',(['HospitalName'], {('stringfellow memorial hospital',)}),{left: ("[FunctionalDependency:(s: {HospitalName}, t: {ZipCode})]", 0.0), operator: *, right: (1.0, 1.0), result: 0.0})
now error: 0.0
Block processing time: 0.07648 seconds
Computing Block 15 out of 55
Processing Block size=23
begin cleaner{left: ("[FunctionalDependency:(s: {HospitalName}, t: {ZipCode})]", 0.0), operator: *, right: (1.0, 1.0), result: 0.0}
列 'p' 不存在，对列 ZipCode 不过滤，直接选择所有非无效值。
clean_bool length:5
newest best op: Uniop(df,'ZipCode','36033.0',(['HospitalName'], {('georgiana hospital',)}),{left: ("[FunctionalDependency:(s: {HospitalName}, t: {ZipCode})]", 0.0), operator: *, right: (1.0, 1.0), result: 0.0})
now error: 0.0
Block processing time: 0.086335 seconds
Computing Block 16 out of 55
Processing Block size=11
begin cleaner{left: ("[FunctionalDependency:(s: {HospitalName}, t: {ZipCode})]", 0.0), operator: *, right: (1.0, 1.0), result: 0.0}
列 'p' 不存在，对列 ZipCode 不过滤，直接选择所有非无效值。
clean_bool length:3
newest best op: Uniop(df,'ZipCode','36617.0',(['HospitalName'], {('univ of south alabama medical center',)}),{left: ("[FunctionalDependency:(s: {HospitalName}, t: {ZipCode})]", 0.0), operator: *, right: (1.0, 1.0), result: 0.0})
now error: 0.0
Block processing time: 0.024823 seconds
Computing Block 18 out of 55
Processing Block size=18
begin cleaner{left: ("[FunctionalDependency:(s: {HospitalName}, t: {ZipCode})]", 0.0), operator: *, right: (1.0, 1.0), result: 0.0}
列 'p' 不存在，对列 ZipCode 不过滤，直接选择所有非无效值。
Block processing time: 0.013683 seconds
Computing Block 20 out of 55
Processing Block size=25
begin cleaner{left: ("[FunctionalDependency:(s: {HospitalName}, t: {ZipCode})]", 0.0), operator: *, right: (1.0, 1.0), result: 0.0}
列 'p' 不存在，对列 ZipCode 不过滤，直接选择所有非无效值。
clean_bool length:5
newest best op: Uniop(df,'ZipCode','211012.1423476001',(['HospitalName'], {('wedowee hospital',)}),{left: ("[FunctionalDependency:(s: {HospitalName}, t: {ZipCode})]", 0.0), operator: *, right: (1.0, 1.0), result: 0.0})
now error: 0.0
newest best op: Uniop(df,'ZipCode','36278.0',(['HospitalName'], {('wedowee hospital',)}),{left: ("[FunctionalDependency:(s: {HospitalName}, t: {ZipCode})]", 0.0), operator: *, right: (1.0, 1.0), result: 0.0})
now error: 0.0
Block processing time: 0.09161 seconds
Computing Block 21 out of 55
Processing Block size=25
begin cleaner{left: ("[FunctionalDependency:(s: {HospitalName}, t: {ZipCode})]", 0.0), operator: *, right: (1.0, 1.0), result: 0.0}
列 'p' 不存在，对列 ZipCode 不过滤，直接选择所有非无效值。
clean_bool length:5
newest best op: Uniop(df,'ZipCode','35594.0',(['HospitalName'], {('northwest medical center',)}),{left: ("[FunctionalDependency:(s: {HospitalName}, t: {ZipCode})]", 0.0), operator: *, right: (1.0, 1.0), result: 0.0})
now error: 0.0
Block processing time: 0.091561 seconds
Computing Block 22 out of 55
Processing Block size=28
begin cleaner{left: ("[FunctionalDependency:(s: {HospitalName}, t: {ZipCode})]", 0.0), operator: *, right: (1.0, 1.0), result: 0.0}
列 'p' 不存在，对列 ZipCode 不过滤，直接选择所有非无效值。
clean_bool length:10
newest best op: Uniop(df,'ZipCode','128616.28160408112',(['HospitalName'], {('huntsville hospital',)}),{left: ("[FunctionalDependency:(s: {HospitalName}, t: {ZipCode})]", 0.0), operator: *, right: (1.0, 1.0), result: 0.0})
now error: 0.0
newest best op: Uniop(df,'ZipCode','35801.0',(['HospitalName'], {('huntsville hospital',)}),{left: ("[FunctionalDependency:(s: {HospitalName}, t: {ZipCode})]", 0.0), operator: *, right: (1.0, 1.0), result: 0.0})
now error: 0.0
Block processing time: 0.209921 seconds
Computing Block 23 out of 55
Processing Block size=25
begin cleaner{left: ("[FunctionalDependency:(s: {HospitalName}, t: {ZipCode})]", 0.0), operator: *, right: (1.0, 1.0), result: 0.0}
列 'p' 不存在，对列 ZipCode 不过滤，直接选择所有非无效值。
clean_bool length:4
newest best op: Uniop(df,'ZipCode','35555.0',(['HospitalName'], {('fayette medical center',)}),{left: ("[FunctionalDependency:(s: {HospitalName}, t: {ZipCode})]", 0.0), operator: *, right: (1.0, 1.0), result: 0.0})
now error: 0.0
Block processing time: 0.072847 seconds
Computing Block 24 out of 55
Processing Block size=2
begin cleaner{left: ("[FunctionalDependency:(s: {HospitalName}, t: {ZipCode})]", 0.0), operator: *, right: (1.0, 1.0), result: 0.0}
列 'p' 不存在，对列 ZipCode 不过滤，直接选择所有非无效值。
Block processing time: 0.001631 seconds
Computing Block 25 out of 55
Processing Block size=25
begin cleaner{left: ("[FunctionalDependency:(s: {HospitalName}, t: {ZipCode})]", 0.0), operator: *, right: (1.0, 1.0), result: 0.0}
列 'p' 不存在，对列 ZipCode 不过滤，直接选择所有非无效值。
Block processing time: 0.017943 seconds
Computing Block 26 out of 55
Processing Block size=24
begin cleaner{left: ("[FunctionalDependency:(s: {HospitalName}, t: {ZipCode})]", 0.0), operator: *, right: (1.0, 1.0), result: 0.0}
列 'p' 不存在，对列 ZipCode 不过滤，直接选择所有非无效值。
clean_bool length:5
newest best op: Uniop(df,'ZipCode','36049.0',(['HospitalName'], {('crenshaw community hospital',)}),{left: ("[FunctionalDependency:(s: {HospitalName}, t: {ZipCode})]", 0.0), operator: *, right: (1.0, 1.0), result: 0.0})
now error: 0.0
Block processing time: 0.094835 seconds
Computing Block 27 out of 55
Processing Block size=25
begin cleaner{left: ("[FunctionalDependency:(s: {HospitalName}, t: {ZipCode})]", 0.0), operator: *, right: (1.0, 1.0), result: 0.0}
列 'p' 不存在，对列 ZipCode 不过滤，直接选择所有非无效值。
clean_bool length:5
newest best op: Uniop(df,'ZipCode','190665.36843054648',(['HospitalName'], {('elba general hospital',)}),{left: ("[FunctionalDependency:(s: {HospitalName}, t: {ZipCode})]", 0.0), operator: *, right: (1.0, 1.0), result: 0.0})
now error: 0.0
newest best op: Uniop(df,'ZipCode','36323.0',(['HospitalName'], {('elba general hospital',)}),{left: ("[FunctionalDependency:(s: {HospitalName}, t: {ZipCode})]", 0.0), operator: *, right: (1.0, 1.0), result: 0.0})
now error: 0.0
Block processing time: 0.091814 seconds
Computing Block 28 out of 55
Processing Block size=25
begin cleaner{left: ("[FunctionalDependency:(s: {HospitalName}, t: {ZipCode})]", 0.0), operator: *, right: (1.0, 1.0), result: 0.0}
列 'p' 不存在，对列 ZipCode 不过滤，直接选择所有非无效值。
clean_bool length:6
newest best op: Uniop(df,'ZipCode','130628.7909140564',(['HospitalName'], {('shelby baptist medical center',)}),{left: ("[FunctionalDependency:(s: {HospitalName}, t: {ZipCode})]", 0.0), operator: *, right: (1.0, 1.0), result: 0.0})
now error: 0.0
newest best op: Uniop(df,'ZipCode','189005.21377804183',(['HospitalName'], {('shelby baptist medical center',)}),{left: ("[FunctionalDependency:(s: {HospitalName}, t: {ZipCode})]", 0.0), operator: *, right: (1.0, 1.0), result: 0.0})
now error: 0.0
newest best op: Uniop(df,'ZipCode','35007.0',(['HospitalName'], {('shelby baptist medical center',)}),{left: ("[FunctionalDependency:(s: {HospitalName}, t: {ZipCode})]", 0.0), operator: *, right: (1.0, 1.0), result: 0.0})
now error: 0.0
Block processing time: 0.111461 seconds
Computing Block 29 out of 55
Processing Block size=25
begin cleaner{left: ("[FunctionalDependency:(s: {HospitalName}, t: {ZipCode})]", 0.0), operator: *, right: (1.0, 1.0), result: 0.0}
列 'p' 不存在，对列 ZipCode 不过滤，直接选择所有非无效值。
clean_bool length:5
newest best op: Uniop(df,'ZipCode','111137.35765711138',(['HospitalName'], {('baptist medical center south',)}),{left: ("[FunctionalDependency:(s: {HospitalName}, t: {ZipCode})]", 0.0), operator: *, right: (1.0, 1.0), result: 0.0})
now error: 0.0
newest best op: Uniop(df,'ZipCode','36116.0',(['HospitalName'], {('baptist medical center south',)}),{left: ("[FunctionalDependency:(s: {HospitalName}, t: {ZipCode})]", 0.0), operator: *, right: (1.0, 1.0), result: 0.0})
now error: 0.0
Block processing time: 0.093112 seconds
Computing Block 30 out of 55
Processing Block size=25
begin cleaner{left: ("[FunctionalDependency:(s: {HospitalName}, t: {ZipCode})]", 0.0), operator: *, right: (1.0, 1.0), result: 0.0}
列 'p' 不存在，对列 ZipCode 不过滤，直接选择所有非无效值。
clean_bool length:8
newest best op: Uniop(df,'ZipCode','194141.2896847518',(['HospitalName'], {('helen keller memorial hospital',)}),{left: ("[FunctionalDependency:(s: {HospitalName}, t: {ZipCode})]", 0.0), operator: *, right: (1.0, 1.0), result: 0.0})
now error: 0.0
newest best op: Uniop(df,'ZipCode','131594.12995274388',(['HospitalName'], {('helen keller memorial hospital',)}),{left: ("[FunctionalDependency:(s: {HospitalName}, t: {ZipCode})]", 0.0), operator: *, right: (1.0, 1.0), result: 0.0})
now error: 0.0
newest best op: Uniop(df,'ZipCode','35660.0',(['HospitalName'], {('helen keller memorial hospital',)}),{left: ("[FunctionalDependency:(s: {HospitalName}, t: {ZipCode})]", 0.0), operator: *, right: (1.0, 1.0), result: 0.0})
now error: 0.0
Block processing time: 0.151094 seconds
Computing Block 31 out of 55
Processing Block size=25
begin cleaner{left: ("[FunctionalDependency:(s: {HospitalName}, t: {ZipCode})]", 0.0), operator: *, right: (1.0, 1.0), result: 0.0}
列 'p' 不存在，对列 ZipCode 不过滤，直接选择所有非无效值。
clean_bool length:8
newest best op: Uniop(df,'ZipCode','165926.75381291402',(['HospitalName'], {('marshall medical center south',)}),{left: ("[FunctionalDependency:(s: {HospitalName}, t: {ZipCode})]", 0.0), operator: *, right: (1.0, 1.0), result: 0.0})
now error: 0.0
newest best op: Uniop(df,'ZipCode','151918.3896572712',(['HospitalName'], {('marshall medical center south',)}),{left: ("[FunctionalDependency:(s: {HospitalName}, t: {ZipCode})]", 0.0), operator: *, right: (1.0, 1.0), result: 0.0})
now error: 0.0
newest best op: Uniop(df,'ZipCode','35957.0',(['HospitalName'], {('marshall medical center south',)}),{left: ("[FunctionalDependency:(s: {HospitalName}, t: {ZipCode})]", 0.0), operator: *, right: (1.0, 1.0), result: 0.0})
now error: 0.0
Block processing time: 0.156224 seconds
Computing Block 32 out of 55
Processing Block size=5
begin cleaner{left: ("[FunctionalDependency:(s: {HospitalName}, t: {ZipCode})]", 0.0), operator: *, right: (1.0, 1.0), result: 0.0}
列 'p' 不存在，对列 ZipCode 不过滤，直接选择所有非无效值。
Block processing time: 0.003766 seconds
Computing Block 33 out of 55
Processing Block size=25
begin cleaner{left: ("[FunctionalDependency:(s: {HospitalName}, t: {ZipCode})]", 0.0), operator: *, right: (1.0, 1.0), result: 0.0}
列 'p' 不存在，对列 ZipCode 不过滤，直接选择所有非无效值。
clean_bool length:5
newest best op: Uniop(df,'ZipCode','174208.49196690417',(['HospitalName'], {('jackson hospital & clinic inc',)}),{left: ("[FunctionalDependency:(s: {HospitalName}, t: {ZipCode})]", 0.0), operator: *, right: (1.0, 1.0), result: 0.0})
now error: 0.0
newest best op: Uniop(df,'ZipCode','36106.0',(['HospitalName'], {('jackson hospital & clinic inc',)}),{left: ("[FunctionalDependency:(s: {HospitalName}, t: {ZipCode})]", 0.0), operator: *, right: (1.0, 1.0), result: 0.0})
now error: 0.0
Block processing time: 0.092625 seconds
Computing Block 34 out of 55
Processing Block size=25
begin cleaner{left: ("[FunctionalDependency:(s: {HospitalName}, t: {ZipCode})]", 0.0), operator: *, right: (1.0, 1.0), result: 0.0}
列 'p' 不存在，对列 ZipCode 不过滤，直接选择所有非无效值。
clean_bool length:5
newest best op: Uniop(df,'ZipCode','35045.0',(['HospitalName'], {('chilton medical center',)}),{left: ("[FunctionalDependency:(s: {HospitalName}, t: {ZipCode})]", 0.0), operator: *, right: (1.0, 1.0), result: 0.0})
now error: 0.0
Block processing time: 0.092616 seconds
Computing Block 35 out of 55
Processing Block size=25
begin cleaner{left: ("[FunctionalDependency:(s: {HospitalName}, t: {ZipCode})]", 0.0), operator: *, right: (1.0, 1.0), result: 0.0}
列 'p' 不存在，对列 ZipCode 不过滤，直接选择所有非无效值。
clean_bool length:4
newest best op: Uniop(df,'ZipCode','191576.79530069046',(['HospitalName'], {('medical center enterprise',)}),{left: ("[FunctionalDependency:(s: {HospitalName}, t: {ZipCode})]", 0.0), operator: *, right: (1.0, 1.0), result: 0.0})
now error: 0.0
newest best op: Uniop(df,'ZipCode','36330.0',(['HospitalName'], {('medical center enterprise',)}),{left: ("[FunctionalDependency:(s: {HospitalName}, t: {ZipCode})]", 0.0), operator: *, right: (1.0, 1.0), result: 0.0})
now error: 0.0
Block processing time: 0.073748 seconds
Computing Block 36 out of 55
Processing Block size=24
begin cleaner{left: ("[FunctionalDependency:(s: {HospitalName}, t: {ZipCode})]", 0.0), operator: *, right: (1.0, 1.0), result: 0.0}
列 'p' 不存在，对列 ZipCode 不过滤，直接选择所有非无效值。
clean_bool length:4
newest best op: Uniop(df,'ZipCode','171213.98616336408',(['HospitalName'], {('southwest alabama medical center',)}),{left: ("[FunctionalDependency:(s: {HospitalName}, t: {ZipCode})]", 0.0), operator: *, right: (1.0, 1.0), result: 0.0})
now error: 0.0
newest best op: Uniop(df,'ZipCode','36784.0',(['HospitalName'], {('southwest alabama medical center',)}),{left: ("[FunctionalDependency:(s: {HospitalName}, t: {ZipCode})]", 0.0), operator: *, right: (1.0, 1.0), result: 0.0})
now error: 0.0
Block processing time: 0.070686 seconds
Computing Block 37 out of 55
Processing Block size=25
begin cleaner{left: ("[FunctionalDependency:(s: {HospitalName}, t: {ZipCode})]", 0.0), operator: *, right: (1.0, 1.0), result: 0.0}
列 'p' 不存在，对列 ZipCode 不过滤，直接选择所有非无效值。
clean_bool length:4
newest best op: Uniop(df,'ZipCode','35640.0',(['HospitalName'], {('hartselle medical center',)}),{left: ("[FunctionalDependency:(s: {HospitalName}, t: {ZipCode})]", 0.0), operator: *, right: (1.0, 1.0), result: 0.0})
now error: 0.0
Block processing time: 0.073279 seconds
Computing Block 38 out of 55
Processing Block size=25
begin cleaner{left: ("[FunctionalDependency:(s: {HospitalName}, t: {ZipCode})]", 0.0), operator: *, right: (1.0, 1.0), result: 0.0}
列 'p' 不存在，对列 ZipCode 不过滤，直接选择所有非无效值。
clean_bool length:4
newest best op: Uniop(df,'ZipCode','110642.65775852317',(['HospitalName'], {('community hospital inc',)}),{left: ("[FunctionalDependency:(s: {HospitalName}, t: {ZipCode})]", 0.0), operator: *, right: (1.0, 1.0), result: 0.0})
now error: 0.0
newest best op: Uniop(df,'ZipCode','36078.0',(['HospitalName'], {('community hospital inc',)}),{left: ("[FunctionalDependency:(s: {HospitalName}, t: {ZipCode})]", 0.0), operator: *, right: (1.0, 1.0), result: 0.0})
now error: 0.0
Block processing time: 0.07256 seconds
Computing Block 39 out of 55
Processing Block size=25
begin cleaner{left: ("[FunctionalDependency:(s: {HospitalName}, t: {ZipCode})]", 0.0), operator: *, right: (1.0, 1.0), result: 0.0}
列 'p' 不存在，对列 ZipCode 不过滤，直接选择所有非无效值。
clean_bool length:3
newest best op: Uniop(df,'ZipCode','168898.83062112128',(['HospitalName'], {('g h lanier memorial hospital',)}),{left: ("[FunctionalDependency:(s: {HospitalName}, t: {ZipCode})]", 0.0), operator: *, right: (1.0, 1.0), result: 0.0})
now error: 0.0
newest best op: Uniop(df,'ZipCode','36854.0',(['HospitalName'], {('g h lanier memorial hospital',)}),{left: ("[FunctionalDependency:(s: {HospitalName}, t: {ZipCode})]", 0.0), operator: *, right: (1.0, 1.0), result: 0.0})
now error: 0.0
Block processing time: 0.056896 seconds
Computing Block 40 out of 55
Processing Block size=25
begin cleaner{left: ("[FunctionalDependency:(s: {HospitalName}, t: {ZipCode})]", 0.0), operator: *, right: (1.0, 1.0), result: 0.0}
列 'p' 不存在，对列 ZipCode 不过滤，直接选择所有非无效值。
clean_bool length:4
newest best op: Uniop(df,'ZipCode','35976.0',(['HospitalName'], {('marshall medical center north',)}),{left: ("[FunctionalDependency:(s: {HospitalName}, t: {ZipCode})]", 0.0), operator: *, right: (1.0, 1.0), result: 0.0})
now error: 0.0
Block processing time: 0.072638 seconds
Computing Block 41 out of 55
Processing Block size=25
begin cleaner{left: ("[FunctionalDependency:(s: {HospitalName}, t: {ZipCode})]", 0.0), operator: *, right: (1.0, 1.0), result: 0.0}
列 'p' 不存在，对列 ZipCode 不过滤，直接选择所有非无效值。
clean_bool length:3
newest best op: Uniop(df,'ZipCode','162311.99730170157',(['HospitalName'], {('marion regional medical center',)}),{left: ("[FunctionalDependency:(s: {HospitalName}, t: {ZipCode})]", 0.0), operator: *, right: (1.0, 1.0), result: 0.0})
now error: 0.0
newest best op: Uniop(df,'ZipCode','35570.0',(['HospitalName'], {('marion regional medical center',)}),{left: ("[FunctionalDependency:(s: {HospitalName}, t: {ZipCode})]", 0.0), operator: *, right: (1.0, 1.0), result: 0.0})
now error: 0.0
Block processing time: 0.054641 seconds
Computing Block 42 out of 55
Processing Block size=24
begin cleaner{left: ("[FunctionalDependency:(s: {HospitalName}, t: {ZipCode})]", 0.0), operator: *, right: (1.0, 1.0), result: 0.0}
列 'p' 不存在，对列 ZipCode 不过滤，直接选择所有非无效值。
clean_bool length:4
newest best op: Uniop(df,'ZipCode','36801.0',(['HospitalName'], {('east alabama medical center and snf',)}),{left: ("[FunctionalDependency:(s: {HospitalName}, t: {ZipCode})]", 0.0), operator: *, right: (1.0, 1.0), result: 0.0})
now error: 0.0
Block processing time: 0.071116 seconds
Computing Block 43 out of 55
Processing Block size=19
begin cleaner{left: ("[FunctionalDependency:(s: {HospitalName}, t: {ZipCode})]", 0.0), operator: *, right: (1.0, 1.0), result: 0.0}
列 'p' 不存在，对列 ZipCode 不过滤，直接选择所有非无效值。
clean_bool length:3
newest best op: Uniop(df,'ZipCode','36067.0',(['HospitalName'], {('prattville baptist hospital',)}),{left: ("[FunctionalDependency:(s: {HospitalName}, t: {ZipCode})]", 0.0), operator: *, right: (1.0, 1.0), result: 0.0})
now error: 0.0
Block processing time: 0.041334 seconds
Computing Block 44 out of 55
Processing Block size=28
begin cleaner{left: ("[FunctionalDependency:(s: {HospitalName}, t: {ZipCode})]", 0.0), operator: *, right: (1.0, 1.0), result: 0.0}
列 'p' 不存在，对列 ZipCode 不过滤，直接选择所有非无效值。
clean_bool length:5
newest best op: Uniop(df,'ZipCode','113880.32368300224',(['HospitalName'], {('riverview regional medical center',)}),{left: ("[FunctionalDependency:(s: {HospitalName}, t: {ZipCode})]", 0.0), operator: *, right: (1.0, 1.0), result: 0.0})
now error: 0.0
newest best op: Uniop(df,'ZipCode','35901.0',(['HospitalName'], {('riverview regional medical center',)}),{left: ("[FunctionalDependency:(s: {HospitalName}, t: {ZipCode})]", 0.0), operator: *, right: (1.0, 1.0), result: 0.0})
now error: 0.0
Block processing time: 0.103616 seconds
Computing Block 45 out of 55
Processing Block size=25
begin cleaner{left: ("[FunctionalDependency:(s: {HospitalName}, t: {ZipCode})]", 0.0), operator: *, right: (1.0, 1.0), result: 0.0}
列 'p' 不存在，对列 ZipCode 不过滤，直接选择所有非无效值。
clean_bool length:6
newest best op: Uniop(df,'ZipCode','175776.99348863115',(['HospitalName'], {('eliza coffee memorial hospital',)}),{left: ("[FunctionalDependency:(s: {HospitalName}, t: {ZipCode})]", 0.0), operator: *, right: (1.0, 1.0), result: 0.0})
now error: 0.0
newest best op: Uniop(df,'ZipCode','35631.0',(['HospitalName'], {('eliza coffee memorial hospital',)}),{left: ("[FunctionalDependency:(s: {HospitalName}, t: {ZipCode})]", 0.0), operator: *, right: (1.0, 1.0), result: 0.0})
now error: 0.0
Block processing time: 0.111744 seconds
Computing Block 47 out of 55
Processing Block size=20
begin cleaner{left: ("[FunctionalDependency:(s: {HospitalName}, t: {ZipCode})]", 0.0), operator: *, right: (1.0, 1.0), result: 0.0}
列 'p' 不存在，对列 ZipCode 不过滤，直接选择所有非无效值。
clean_bool length:5
newest best op: Uniop(df,'ZipCode','35121.0',(['HospitalName'], {('st vincents blount',)}),{left: ("[FunctionalDependency:(s: {HospitalName}, t: {ZipCode})]", 0.0), operator: *, right: (1.0, 1.0), result: 0.0})
now error: 0.0
Block processing time: 0.075525 seconds
Computing Block 48 out of 55
Processing Block size=17
begin cleaner{left: ("[FunctionalDependency:(s: {HospitalName}, t: {ZipCode})]", 0.0), operator: *, right: (1.0, 1.0), result: 0.0}
列 'p' 不存在，对列 ZipCode 不过滤，直接选择所有非无效值。
clean_bool length:4
newest best op: Uniop(df,'ZipCode','129585.38563338896',(['HospitalName'], {('coosa valley medical center',)}),{left: ("[FunctionalDependency:(s: {HospitalName}, t: {ZipCode})]", 0.0), operator: *, right: (1.0, 1.0), result: 0.0})
now error: 0.0
newest best op: Uniop(df,'ZipCode','35150.0',(['HospitalName'], {('coosa valley medical center',)}),{left: ("[FunctionalDependency:(s: {HospitalName}, t: {ZipCode})]", 0.0), operator: *, right: (1.0, 1.0), result: 0.0})
now error: 0.0
Block processing time: 0.049681 seconds
Computing Block 50 out of 55
Processing Block size=25
begin cleaner{left: ("[FunctionalDependency:(s: {HospitalName}, t: {ZipCode})]", 0.0), operator: *, right: (1.0, 1.0), result: 0.0}
列 'p' 不存在，对列 ZipCode 不过滤，直接选择所有非无效值。
clean_bool length:5
newest best op: Uniop(df,'ZipCode','114536.7404008366',(['HospitalName'], {('university of alabama hospital',)}),{left: ("[FunctionalDependency:(s: {HospitalName}, t: {ZipCode})]", 0.0), operator: *, right: (1.0, 1.0), result: 0.0})
now error: 0.0
newest best op: Uniop(df,'ZipCode','35233.0',(['HospitalName'], {('university of alabama hospital',)}),{left: ("[FunctionalDependency:(s: {HospitalName}, t: {ZipCode})]", 0.0), operator: *, right: (1.0, 1.0), result: 0.0})
now error: 0.0
Block processing time: 0.092759 seconds
Computing Block 52 out of 55
Processing Block size=22
begin cleaner{left: ("[FunctionalDependency:(s: {HospitalName}, t: {ZipCode})]", 0.0), operator: *, right: (1.0, 1.0), result: 0.0}
列 'p' 不存在，对列 ZipCode 不过滤，直接选择所有非无效值。
clean_bool length:5
newest best op: Uniop(df,'ZipCode','35968.0',(['HospitalName'], {('dekalb regional medical center',)}),{left: ("[FunctionalDependency:(s: {HospitalName}, t: {ZipCode})]", 0.0), operator: *, right: (1.0, 1.0), result: 0.0})
now error: 0.0
Block processing time: 0.081859 seconds
Computing Block 53 out of 55
Processing Block size=24
begin cleaner{left: ("[FunctionalDependency:(s: {HospitalName}, t: {ZipCode})]", 0.0), operator: *, right: (1.0, 1.0), result: 0.0}
列 'p' 不存在，对列 ZipCode 不过滤，直接选择所有非无效值。
clean_bool length:4
newest best op: Uniop(df,'ZipCode','36360.0',(['HospitalName'], {('dale medical center',)}),{left: ("[FunctionalDependency:(s: {HospitalName}, t: {ZipCode})]", 0.0), operator: *, right: (1.0, 1.0), result: 0.0})
now error: 0.0
Block processing time: 0.070726 seconds
  当前节点: ZipCode 有 38 个清洗操作
  当前节点: PhoneNumber 存在可用清洗信号
数据块大小: 1000
分块属性:
[['HospitalName']]
Starting initial block mapping...
Initial number of blocks: 55
Final number of blocks after further splitting: 55
Computing Block 1 out of 55
Processing Block size=24
begin cleaner[FunctionalDependency:(s: {'HospitalName'}, t: {'PhoneNumber'})]*1.0
列 'p' 不存在，对列 PhoneNumber 不过滤，直接选择所有非无效值。
clean_bool length:6
newest best op: Uniop(df,'PhoneNumber','2567372000.0',(['HospitalName'], {('cullman regional medical center',)}),{left: ("[FunctionalDependency:(s: {HospitalName}, t: {PhoneNumber})]", 0.0), operator: *, right: (1.0, 1.0), result: 0.0})
now error: 0.0
Block processing time: 0.109114 seconds
Computing Block 2 out of 55
Processing Block size=25
begin cleaner{left: ("[FunctionalDependency:(s: {HospitalName}, t: {PhoneNumber})]", 0.0), operator: *, right: (1.0, 1.0), result: 0.0}
列 'p' 不存在，对列 PhoneNumber 不过滤，直接选择所有非无效值。
clean_bool length:3
newest best op: Uniop(df,'PhoneNumber','3347938701.0',(['HospitalName'], {('southeast alabama medical center',)}),{left: ("[FunctionalDependency:(s: {HospitalName}, t: {PhoneNumber})]", 0.0), operator: *, right: (1.0, 1.0), result: 0.0})
now error: 0.0
Block processing time: 0.055557 seconds
Computing Block 3 out of 55
Processing Block size=2
begin cleaner{left: ("[FunctionalDependency:(s: {HospitalName}, t: {PhoneNumber})]", 0.0), operator: *, right: (1.0, 1.0), result: 0.0}
列 'p' 不存在，对列 PhoneNumber 不过滤，直接选择所有非无效值。
Block processing time: 0.001731 seconds
Computing Block 4 out of 55
Processing Block size=17
begin cleaner{left: ("[FunctionalDependency:(s: {HospitalName}, t: {PhoneNumber})]", 0.0), operator: *, right: (1.0, 1.0), result: 0.0}
列 'p' 不存在，对列 PhoneNumber 不过滤，直接选择所有非无效值。
clean_bool length:4
newest best op: Uniop(df,'PhoneNumber','19740004194.927242',(['HospitalName'], {('flowers hospital',)}),{left: ("[FunctionalDependency:(s: {HospitalName}, t: {PhoneNumber})]", 0.0), operator: *, right: (1.0, 1.0), result: 0.0})
now error: 0.0
newest best op: Uniop(df,'PhoneNumber','18009832303.04331',(['HospitalName'], {('flowers hospital',)}),{left: ("[FunctionalDependency:(s: {HospitalName}, t: {PhoneNumber})]", 0.0), operator: *, right: (1.0, 1.0), result: 0.0})
now error: 0.0
newest best op: Uniop(df,'PhoneNumber','3347935000.0',(['HospitalName'], {('flowers hospital',)}),{left: ("[FunctionalDependency:(s: {HospitalName}, t: {PhoneNumber})]", 0.0), operator: *, right: (1.0, 1.0), result: 0.0})
now error: 0.0
Block processing time: 0.051698 seconds
Computing Block 6 out of 55
Processing Block size=24
begin cleaner{left: ("[FunctionalDependency:(s: {HospitalName}, t: {PhoneNumber})]", 0.0), operator: *, right: (1.0, 1.0), result: 0.0}
列 'p' 不存在，对列 PhoneNumber 不过滤，直接选择所有非无效值。
clean_bool length:4
newest best op: Uniop(df,'PhoneNumber','12210535945.908476',(['HospitalName'], {('cherokee medical center',)}),{left: ("[FunctionalDependency:(s: {HospitalName}, t: {PhoneNumber})]", 0.0), operator: *, right: (1.0, 1.0), result: 0.0})
now error: 0.0
newest best op: Uniop(df,'PhoneNumber','2569275531.0',(['HospitalName'], {('cherokee medical center',)}),{left: ("[FunctionalDependency:(s: {HospitalName}, t: {PhoneNumber})]", 0.0), operator: *, right: (1.0, 1.0), result: 0.0})
now error: 0.0
Block processing time: 0.072106 seconds
Computing Block 7 out of 55
Processing Block size=25
begin cleaner{left: ("[FunctionalDependency:(s: {HospitalName}, t: {PhoneNumber})]", 0.0), operator: *, right: (1.0, 1.0), result: 0.0}
列 'p' 不存在，对列 PhoneNumber 不过滤，直接选择所有非无效值。
clean_bool length:4
newest best op: Uniop(df,'PhoneNumber','3342228466.0',(['HospitalName'], {('andalusia regional hospital',)}),{left: ("[FunctionalDependency:(s: {HospitalName}, t: {PhoneNumber})]", 0.0), operator: *, right: (1.0, 1.0), result: 0.0})
now error: 0.0
Block processing time: 0.075224 seconds
Computing Block 8 out of 55
Processing Block size=25
begin cleaner{left: ("[FunctionalDependency:(s: {HospitalName}, t: {PhoneNumber})]", 0.0), operator: *, right: (1.0, 1.0), result: 0.0}
列 'p' 不存在，对列 PhoneNumber 不过滤，直接选择所有非无效值。
clean_bool length:3
newest best op: Uniop(df,'PhoneNumber','7682392476.188261',(['HospitalName'], {('callahan eye foundation hospital',)}),{left: ("[FunctionalDependency:(s: {HospitalName}, t: {PhoneNumber})]", 0.0), operator: *, right: (1.0, 1.0), result: 0.0})
now error: 0.0
newest best op: Uniop(df,'PhoneNumber','2053258100.0',(['HospitalName'], {('callahan eye foundation hospital',)}),{left: ("[FunctionalDependency:(s: {HospitalName}, t: {PhoneNumber})]", 0.0), operator: *, right: (1.0, 1.0), result: 0.0})
now error: 0.0
Block processing time: 0.055444 seconds
Computing Block 10 out of 55
Processing Block size=25
begin cleaner{left: ("[FunctionalDependency:(s: {HospitalName}, t: {PhoneNumber})]", 0.0), operator: *, right: (1.0, 1.0), result: 0.0}
列 'p' 不存在，对列 PhoneNumber 不过滤，直接选择所有非无效值。
clean_bool length:8
newest best op: Uniop(df,'PhoneNumber','2564944000.0',(['HospitalName'], {('gadsden regional medical center',)}),{left: ("[FunctionalDependency:(s: {HospitalName}, t: {PhoneNumber})]", 0.0), operator: *, right: (1.0, 1.0), result: 0.0})
now error: 0.0
Block processing time: 0.152369 seconds
Computing Block 12 out of 55
Processing Block size=24
begin cleaner{left: ("[FunctionalDependency:(s: {HospitalName}, t: {PhoneNumber})]", 0.0), operator: *, right: (1.0, 1.0), result: 0.0}
列 'p' 不存在，对列 PhoneNumber 不过滤，直接选择所有非无效值。
clean_bool length:3
newest best op: Uniop(df,'PhoneNumber','3344933541.0',(['HospitalName'], {('mizell memorial hospital',)}),{left: ("[FunctionalDependency:(s: {HospitalName}, t: {PhoneNumber})]", 0.0), operator: *, right: (1.0, 1.0), result: 0.0})
now error: 0.0
Block processing time: 0.053349 seconds
Computing Block 14 out of 55
Processing Block size=26
begin cleaner{left: ("[FunctionalDependency:(s: {HospitalName}, t: {PhoneNumber})]", 0.0), operator: *, right: (1.0, 1.0), result: 0.0}
列 'p' 不存在，对列 PhoneNumber 不过滤，直接选择所有非无效值。
clean_bool length:3
newest best op: Uniop(df,'PhoneNumber','2562358900.0',(['HospitalName'], {('stringfellow memorial hospital',)}),{left: ("[FunctionalDependency:(s: {HospitalName}, t: {PhoneNumber})]", 0.0), operator: *, right: (1.0, 1.0), result: 0.0})
now error: 0.0
Block processing time: 0.057845 seconds
Computing Block 15 out of 55
Processing Block size=23
begin cleaner{left: ("[FunctionalDependency:(s: {HospitalName}, t: {PhoneNumber})]", 0.0), operator: *, right: (1.0, 1.0), result: 0.0}
列 'p' 不存在，对列 PhoneNumber 不过滤，直接选择所有非无效值。
clean_bool length:9
newest best op: Uniop(df,'PhoneNumber','17883843969.31341',(['HospitalName'], {('georgiana hospital',)}),{left: ("[FunctionalDependency:(s: {HospitalName}, t: {PhoneNumber})]", 0.0), operator: *, right: (1.0, 1.0), result: 0.0})
now error: 0.0
newest best op: Uniop(df,'PhoneNumber','18689576770.08518',(['HospitalName'], {('georgiana hospital',)}),{left: ("[FunctionalDependency:(s: {HospitalName}, t: {PhoneNumber})]", 0.0), operator: *, right: (1.0, 1.0), result: 0.0})
now error: 0.0
newest best op: Uniop(df,'PhoneNumber','15684574306.759567',(['HospitalName'], {('georgiana hospital',)}),{left: ("[FunctionalDependency:(s: {HospitalName}, t: {PhoneNumber})]", 0.0), operator: *, right: (1.0, 1.0), result: 0.0})
now error: 0.0
newest best op: Uniop(df,'PhoneNumber','13572282001.725443',(['HospitalName'], {('georgiana hospital',)}),{left: ("[FunctionalDependency:(s: {HospitalName}, t: {PhoneNumber})]", 0.0), operator: *, right: (1.0, 1.0), result: 0.0})
now error: 0.0
newest best op: Uniop(df,'PhoneNumber','3343762205.0',(['HospitalName'], {('georgiana hospital',)}),{left: ("[FunctionalDependency:(s: {HospitalName}, t: {PhoneNumber})]", 0.0), operator: *, right: (1.0, 1.0), result: 0.0})
now error: 0.0
Block processing time: 0.158403 seconds
Computing Block 16 out of 55
Processing Block size=11
begin cleaner{left: ("[FunctionalDependency:(s: {HospitalName}, t: {PhoneNumber})]", 0.0), operator: *, right: (1.0, 1.0), result: 0.0}
列 'p' 不存在，对列 PhoneNumber 不过滤，直接选择所有非无效值。
clean_bool length:4
newest best op: Uniop(df,'PhoneNumber','13296396646.559475',(['HospitalName'], {('univ of south alabama medical center',)}),{left: ("[FunctionalDependency:(s: {HospitalName}, t: {PhoneNumber})]", 0.0), operator: *, right: (1.0, 1.0), result: 0.0})
now error: 0.0
newest best op: Uniop(df,'PhoneNumber','14117051027.858673',(['HospitalName'], {('univ of south alabama medical center',)}),{left: ("[FunctionalDependency:(s: {HospitalName}, t: {PhoneNumber})]", 0.0), operator: *, right: (1.0, 1.0), result: 0.0})
now error: 0.0
newest best op: Uniop(df,'PhoneNumber','2514717110.0',(['HospitalName'], {('univ of south alabama medical center',)}),{left: ("[FunctionalDependency:(s: {HospitalName}, t: {PhoneNumber})]", 0.0), operator: *, right: (1.0, 1.0), result: 0.0})
now error: 0.0
Block processing time: 0.033501 seconds
Computing Block 18 out of 55
Processing Block size=18
begin cleaner{left: ("[FunctionalDependency:(s: {HospitalName}, t: {PhoneNumber})]", 0.0), operator: *, right: (1.0, 1.0), result: 0.0}
列 'p' 不存在，对列 PhoneNumber 不过滤，直接选择所有非无效值。
clean_bool length:3
newest best op: Uniop(df,'PhoneNumber','9072761131.0',(['HospitalName'], {('alaska regional hospital',)}),{left: ("[FunctionalDependency:(s: {HospitalName}, t: {PhoneNumber})]", 0.0), operator: *, right: (1.0, 1.0), result: 0.0})
now error: 0.0
Block processing time: 0.039589 seconds
Computing Block 20 out of 55
Processing Block size=25
begin cleaner{left: ("[FunctionalDependency:(s: {HospitalName}, t: {PhoneNumber})]", 0.0), operator: *, right: (1.0, 1.0), result: 0.0}
列 'p' 不存在，对列 PhoneNumber 不过滤，直接选择所有非无效值。
clean_bool length:5
newest best op: Uniop(df,'PhoneNumber','10310412577.015558',(['HospitalName'], {('wedowee hospital',)}),{left: ("[FunctionalDependency:(s: {HospitalName}, t: {PhoneNumber})]", 0.0), operator: *, right: (1.0, 1.0), result: 0.0})
now error: 0.0
newest best op: Uniop(df,'PhoneNumber','8685085602.719517',(['HospitalName'], {('wedowee hospital',)}),{left: ("[FunctionalDependency:(s: {HospitalName}, t: {PhoneNumber})]", 0.0), operator: *, right: (1.0, 1.0), result: 0.0})
now error: 0.0
newest best op: Uniop(df,'PhoneNumber','2563572111.0',(['HospitalName'], {('wedowee hospital',)}),{left: ("[FunctionalDependency:(s: {HospitalName}, t: {PhoneNumber})]", 0.0), operator: *, right: (1.0, 1.0), result: 0.0})
now error: 0.0
Block processing time: 0.093276 seconds
Computing Block 21 out of 55
Processing Block size=25
begin cleaner{left: ("[FunctionalDependency:(s: {HospitalName}, t: {PhoneNumber})]", 0.0), operator: *, right: (1.0, 1.0), result: 0.0}
列 'p' 不存在，对列 PhoneNumber 不过滤，直接选择所有非无效值。
clean_bool length:5
newest best op: Uniop(df,'PhoneNumber','2054877736.0',(['HospitalName'], {('northwest medical center',)}),{left: ("[FunctionalDependency:(s: {HospitalName}, t: {PhoneNumber})]", 0.0), operator: *, right: (1.0, 1.0), result: 0.0})
now error: 0.0
Block processing time: 0.093635 seconds
Computing Block 22 out of 55
Processing Block size=28
begin cleaner{left: ("[FunctionalDependency:(s: {HospitalName}, t: {PhoneNumber})]", 0.0), operator: *, right: (1.0, 1.0), result: 0.0}
列 'p' 不存在，对列 PhoneNumber 不过滤，直接选择所有非无效值。
clean_bool length:4
newest best op: Uniop(df,'PhoneNumber','14042229230.236639',(['HospitalName'], {('huntsville hospital',)}),{left: ("[FunctionalDependency:(s: {HospitalName}, t: {PhoneNumber})]", 0.0), operator: *, right: (1.0, 1.0), result: 0.0})
now error: 0.0
newest best op: Uniop(df,'PhoneNumber','2562651000.0',(['HospitalName'], {('huntsville hospital',)}),{left: ("[FunctionalDependency:(s: {HospitalName}, t: {PhoneNumber})]", 0.0), operator: *, right: (1.0, 1.0), result: 0.0})
now error: 0.0
Block processing time: 0.082216 seconds
Computing Block 23 out of 55
Processing Block size=25
begin cleaner{left: ("[FunctionalDependency:(s: {HospitalName}, t: {PhoneNumber})]", 0.0), operator: *, right: (1.0, 1.0), result: 0.0}
列 'p' 不存在，对列 PhoneNumber 不过滤，直接选择所有非无效值。
clean_bool length:4
newest best op: Uniop(df,'PhoneNumber','10171987498.940626',(['HospitalName'], {('fayette medical center',)}),{left: ("[FunctionalDependency:(s: {HospitalName}, t: {PhoneNumber})]", 0.0), operator: *, right: (1.0, 1.0), result: 0.0})
now error: 0.0
newest best op: Uniop(df,'PhoneNumber','2059325966.0',(['HospitalName'], {('fayette medical center',)}),{left: ("[FunctionalDependency:(s: {HospitalName}, t: {PhoneNumber})]", 0.0), operator: *, right: (1.0, 1.0), result: 0.0})
now error: 0.0
Block processing time: 0.075734 seconds
Computing Block 24 out of 55
Processing Block size=2
begin cleaner{left: ("[FunctionalDependency:(s: {HospitalName}, t: {PhoneNumber})]", 0.0), operator: *, right: (1.0, 1.0), result: 0.0}
列 'p' 不存在，对列 PhoneNumber 不过滤，直接选择所有非无效值。
clean_bool length:3
newest best op: Uniop(df,'PhoneNumber','10199598386.54722',(['HospitalName'], {('russellville hospital',)}),{left: ("[FunctionalDependency:(s: {HospitalName}, t: {PhoneNumber})]", 0.0), operator: *, right: (1.0, 1.0), result: 0.0})
now error: 0.0
Block processing time: 0.005464 seconds
Computing Block 25 out of 55
Processing Block size=25
begin cleaner{left: ("[FunctionalDependency:(s: {HospitalName}, t: {PhoneNumber})]", 0.0), operator: *, right: (1.0, 1.0), result: 0.0}
列 'p' 不存在，对列 PhoneNumber 不过滤，直接选择所有非无效值。
clean_bool length:3
newest best op: Uniop(df,'PhoneNumber','2058383122.0',(['HospitalName'], {('st vincents east',)}),{left: ("[FunctionalDependency:(s: {HospitalName}, t: {PhoneNumber})]", 0.0), operator: *, right: (1.0, 1.0), result: 0.0})
now error: 0.0
Block processing time: 0.054614 seconds
Computing Block 26 out of 55
Processing Block size=24
begin cleaner{left: ("[FunctionalDependency:(s: {HospitalName}, t: {PhoneNumber})]", 0.0), operator: *, right: (1.0, 1.0), result: 0.0}
列 'p' 不存在，对列 PhoneNumber 不过滤，直接选择所有非无效值。
clean_bool length:6
newest best op: Uniop(df,'PhoneNumber','16621729507.309572',(['HospitalName'], {('crenshaw community hospital',)}),{left: ("[FunctionalDependency:(s: {HospitalName}, t: {PhoneNumber})]", 0.0), operator: *, right: (1.0, 1.0), result: 0.0})
now error: 0.0
newest best op: Uniop(df,'PhoneNumber','15491236813.18208',(['HospitalName'], {('crenshaw community hospital',)}),{left: ("[FunctionalDependency:(s: {HospitalName}, t: {PhoneNumber})]", 0.0), operator: *, right: (1.0, 1.0), result: 0.0})
now error: 0.0
newest best op: Uniop(df,'PhoneNumber','16491286734.885109',(['HospitalName'], {('crenshaw community hospital',)}),{left: ("[FunctionalDependency:(s: {HospitalName}, t: {PhoneNumber})]", 0.0), operator: *, right: (1.0, 1.0), result: 0.0})
now error: 0.0
newest best op: Uniop(df,'PhoneNumber','17123304825.370443',(['HospitalName'], {('crenshaw community hospital',)}),{left: ("[FunctionalDependency:(s: {HospitalName}, t: {PhoneNumber})]", 0.0), operator: *, right: (1.0, 1.0), result: 0.0})
now error: 0.0
newest best op: Uniop(df,'PhoneNumber','3343353374.0',(['HospitalName'], {('crenshaw community hospital',)}),{left: ("[FunctionalDependency:(s: {HospitalName}, t: {PhoneNumber})]", 0.0), operator: *, right: (1.0, 1.0), result: 0.0})
now error: 0.0
Block processing time: 0.108744 seconds
Computing Block 27 out of 55
Processing Block size=25
begin cleaner{left: ("[FunctionalDependency:(s: {HospitalName}, t: {PhoneNumber})]", 0.0), operator: *, right: (1.0, 1.0), result: 0.0}
列 'p' 不存在，对列 PhoneNumber 不过滤，直接选择所有非无效值。
clean_bool length:3
newest best op: Uniop(df,'PhoneNumber','3348972257.0',(['HospitalName'], {('elba general hospital',)}),{left: ("[FunctionalDependency:(s: {HospitalName}, t: {PhoneNumber})]", 0.0), operator: *, right: (1.0, 1.0), result: 0.0})
now error: 0.0
Block processing time: 0.054998 seconds
Computing Block 28 out of 55
Processing Block size=25
begin cleaner{left: ("[FunctionalDependency:(s: {HospitalName}, t: {PhoneNumber})]", 0.0), operator: *, right: (1.0, 1.0), result: 0.0}
列 'p' 不存在，对列 PhoneNumber 不过滤，直接选择所有非无效值。
clean_bool length:3
newest best op: Uniop(df,'PhoneNumber','11325053944.837908',(['HospitalName'], {('shelby baptist medical center',)}),{left: ("[FunctionalDependency:(s: {HospitalName}, t: {PhoneNumber})]", 0.0), operator: *, right: (1.0, 1.0), result: 0.0})
now error: 0.0
newest best op: Uniop(df,'PhoneNumber','2056208100.0',(['HospitalName'], {('shelby baptist medical center',)}),{left: ("[FunctionalDependency:(s: {HospitalName}, t: {PhoneNumber})]", 0.0), operator: *, right: (1.0, 1.0), result: 0.0})
now error: 0.0
Block processing time: 0.05533 seconds
Computing Block 29 out of 55
Processing Block size=25
begin cleaner{left: ("[FunctionalDependency:(s: {HospitalName}, t: {PhoneNumber})]", 0.0), operator: *, right: (1.0, 1.0), result: 0.0}
列 'p' 不存在，对列 PhoneNumber 不过滤，直接选择所有非无效值。
clean_bool length:3
newest best op: Uniop(df,'PhoneNumber','3342882100.0',(['HospitalName'], {('baptist medical center south',)}),{left: ("[FunctionalDependency:(s: {HospitalName}, t: {PhoneNumber})]", 0.0), operator: *, right: (1.0, 1.0), result: 0.0})
now error: 0.0
Block processing time: 0.055219 seconds
Computing Block 30 out of 55
Processing Block size=25
begin cleaner{left: ("[FunctionalDependency:(s: {HospitalName}, t: {PhoneNumber})]", 0.0), operator: *, right: (1.0, 1.0), result: 0.0}
列 'p' 不存在，对列 PhoneNumber 不过滤，直接选择所有非无效值。
clean_bool length:4
newest best op: Uniop(df,'PhoneNumber','11998227332.035624',(['HospitalName'], {('helen keller memorial hospital',)}),{left: ("[FunctionalDependency:(s: {HospitalName}, t: {PhoneNumber})]", 0.0), operator: *, right: (1.0, 1.0), result: 0.0})
now error: 0.0
newest best op: Uniop(df,'PhoneNumber','12075303762.00477',(['HospitalName'], {('helen keller memorial hospital',)}),{left: ("[FunctionalDependency:(s: {HospitalName}, t: {PhoneNumber})]", 0.0), operator: *, right: (1.0, 1.0), result: 0.0})
now error: 0.0
newest best op: Uniop(df,'PhoneNumber','2563864556.0',(['HospitalName'], {('helen keller memorial hospital',)}),{left: ("[FunctionalDependency:(s: {HospitalName}, t: {PhoneNumber})]", 0.0), operator: *, right: (1.0, 1.0), result: 0.0})
now error: 0.0
Block processing time: 0.074652 seconds
Computing Block 31 out of 55
Processing Block size=25
begin cleaner{left: ("[FunctionalDependency:(s: {HospitalName}, t: {PhoneNumber})]", 0.0), operator: *, right: (1.0, 1.0), result: 0.0}
列 'p' 不存在，对列 PhoneNumber 不过滤，直接选择所有非无效值。
clean_bool length:4
newest best op: Uniop(df,'PhoneNumber','10894384364.977297',(['HospitalName'], {('marshall medical center south',)}),{left: ("[FunctionalDependency:(s: {HospitalName}, t: {PhoneNumber})]", 0.0), operator: *, right: (1.0, 1.0), result: 0.0})
now error: 0.0
newest best op: Uniop(df,'PhoneNumber','8238154438.539401',(['HospitalName'], {('marshall medical center south',)}),{left: ("[FunctionalDependency:(s: {HospitalName}, t: {PhoneNumber})]", 0.0), operator: *, right: (1.0, 1.0), result: 0.0})
now error: 0.0
newest best op: Uniop(df,'PhoneNumber','2565938310.0',(['HospitalName'], {('marshall medical center south',)}),{left: ("[FunctionalDependency:(s: {HospitalName}, t: {PhoneNumber})]", 0.0), operator: *, right: (1.0, 1.0), result: 0.0})
now error: 0.0
Block processing time: 0.075826 seconds
Computing Block 32 out of 55
Processing Block size=5
begin cleaner{left: ("[FunctionalDependency:(s: {HospitalName}, t: {PhoneNumber})]", 0.0), operator: *, right: (1.0, 1.0), result: 0.0}
列 'p' 不存在，对列 PhoneNumber 不过滤，直接选择所有非无效值。
clean_bool length:3
newest best op: Uniop(df,'PhoneNumber','2059397000.0',(['HospitalName'], {('st vincents hospital',)}),{left: ("[FunctionalDependency:(s: {HospitalName}, t: {PhoneNumber})]", 0.0), operator: *, right: (1.0, 1.0), result: 0.0})
now error: 0.0
Block processing time: 0.011928 seconds
Computing Block 33 out of 55
Processing Block size=25
begin cleaner{left: ("[FunctionalDependency:(s: {HospitalName}, t: {PhoneNumber})]", 0.0), operator: *, right: (1.0, 1.0), result: 0.0}
列 'p' 不存在，对列 PhoneNumber 不过滤，直接选择所有非无效值。
clean_bool length:5
newest best op: Uniop(df,'PhoneNumber','3342938000.0',(['HospitalName'], {('jackson hospital & clinic inc',)}),{left: ("[FunctionalDependency:(s: {HospitalName}, t: {PhoneNumber})]", 0.0), operator: *, right: (1.0, 1.0), result: 0.0})
now error: 0.0
Block processing time: 0.094771 seconds
Computing Block 34 out of 55
Processing Block size=25
begin cleaner{left: ("[FunctionalDependency:(s: {HospitalName}, t: {PhoneNumber})]", 0.0), operator: *, right: (1.0, 1.0), result: 0.0}
列 'p' 不存在，对列 PhoneNumber 不过滤，直接选择所有非无效值。
clean_bool length:4
newest best op: Uniop(df,'PhoneNumber','11479002411.464077',(['HospitalName'], {('chilton medical center',)}),{left: ("[FunctionalDependency:(s: {HospitalName}, t: {PhoneNumber})]", 0.0), operator: *, right: (1.0, 1.0), result: 0.0})
now error: 0.0
newest best op: Uniop(df,'PhoneNumber','2057552500.0',(['HospitalName'], {('chilton medical center',)}),{left: ("[FunctionalDependency:(s: {HospitalName}, t: {PhoneNumber})]", 0.0), operator: *, right: (1.0, 1.0), result: 0.0})
now error: 0.0
Block processing time: 0.073959 seconds
Computing Block 35 out of 55
Processing Block size=25
begin cleaner{left: ("[FunctionalDependency:(s: {HospitalName}, t: {PhoneNumber})]", 0.0), operator: *, right: (1.0, 1.0), result: 0.0}
列 'p' 不存在，对列 PhoneNumber 不过滤，直接选择所有非无效值。
clean_bool length:3
newest best op: Uniop(df,'PhoneNumber','3343470584.0',(['HospitalName'], {('medical center enterprise',)}),{left: ("[FunctionalDependency:(s: {HospitalName}, t: {PhoneNumber})]", 0.0), operator: *, right: (1.0, 1.0), result: 0.0})
now error: 0.0
Block processing time: 0.054786 seconds
Computing Block 36 out of 55
Processing Block size=24
begin cleaner{left: ("[FunctionalDependency:(s: {HospitalName}, t: {PhoneNumber})]", 0.0), operator: *, right: (1.0, 1.0), result: 0.0}
列 'p' 不存在，对列 PhoneNumber 不过滤，直接选择所有非无效值。
clean_bool length:3
newest best op: Uniop(df,'PhoneNumber','15379824678.299334',(['HospitalName'], {('southwest alabama medical center',)}),{left: ("[FunctionalDependency:(s: {HospitalName}, t: {PhoneNumber})]", 0.0), operator: *, right: (1.0, 1.0), result: 0.0})
now error: 0.0
newest best op: Uniop(df,'PhoneNumber','3346366221.0',(['HospitalName'], {('southwest alabama medical center',)}),{left: ("[FunctionalDependency:(s: {HospitalName}, t: {PhoneNumber})]", 0.0), operator: *, right: (1.0, 1.0), result: 0.0})
now error: 0.0
Block processing time: 0.052754 seconds
Computing Block 37 out of 55
Processing Block size=25
begin cleaner{left: ("[FunctionalDependency:(s: {HospitalName}, t: {PhoneNumber})]", 0.0), operator: *, right: (1.0, 1.0), result: 0.0}
列 'p' 不存在，对列 PhoneNumber 不过滤，直接选择所有非无效值。
clean_bool length:4
newest best op: Uniop(df,'PhoneNumber','8638934673.65955',(['HospitalName'], {('hartselle medical center',)}),{left: ("[FunctionalDependency:(s: {HospitalName}, t: {PhoneNumber})]", 0.0), operator: *, right: (1.0, 1.0), result: 0.0})
now error: 0.0
newest best op: Uniop(df,'PhoneNumber','2567736511.0',(['HospitalName'], {('hartselle medical center',)}),{left: ("[FunctionalDependency:(s: {HospitalName}, t: {PhoneNumber})]", 0.0), operator: *, right: (1.0, 1.0), result: 0.0})
now error: 0.0
Block processing time: 0.075054 seconds
Computing Block 38 out of 55
Processing Block size=25
begin cleaner{left: ("[FunctionalDependency:(s: {HospitalName}, t: {PhoneNumber})]", 0.0), operator: *, right: (1.0, 1.0), result: 0.0}
列 'p' 不存在，对列 PhoneNumber 不过滤，直接选择所有非无效值。
clean_bool length:3
newest best op: Uniop(df,'PhoneNumber','13578830746.30022',(['HospitalName'], {('community hospital inc',)}),{left: ("[FunctionalDependency:(s: {HospitalName}, t: {PhoneNumber})]", 0.0), operator: *, right: (1.0, 1.0), result: 0.0})
now error: 0.0
newest best op: Uniop(df,'PhoneNumber','3342836541.0',(['HospitalName'], {('community hospital inc',)}),{left: ("[FunctionalDependency:(s: {HospitalName}, t: {PhoneNumber})]", 0.0), operator: *, right: (1.0, 1.0), result: 0.0})
now error: 0.0
Block processing time: 0.054791 seconds
Computing Block 39 out of 55
Processing Block size=25
begin cleaner{left: ("[FunctionalDependency:(s: {HospitalName}, t: {PhoneNumber})]", 0.0), operator: *, right: (1.0, 1.0), result: 0.0}
列 'p' 不存在，对列 PhoneNumber 不过滤，直接选择所有非无效值。
clean_bool length:2
newest best op: Uniop(df,'PhoneNumber','3347561400.0',(['HospitalName'], {('g h lanier memorial hospital',)}),{left: ("[FunctionalDependency:(s: {HospitalName}, t: {PhoneNumber})]", 0.0), operator: *, right: (1.0, 1.0), result: 0.0})
now error: 0.0
Block processing time: 0.035777 seconds
Computing Block 40 out of 55
Processing Block size=25
begin cleaner{left: ("[FunctionalDependency:(s: {HospitalName}, t: {PhoneNumber})]", 0.0), operator: *, right: (1.0, 1.0), result: 0.0}
列 'p' 不存在，对列 PhoneNumber 不过滤，直接选择所有非无效值。
clean_bool length:3
newest best op: Uniop(df,'PhoneNumber','2565718000.0',(['HospitalName'], {('marshall medical center north',)}),{left: ("[FunctionalDependency:(s: {HospitalName}, t: {PhoneNumber})]", 0.0), operator: *, right: (1.0, 1.0), result: 0.0})
now error: 0.0
Block processing time: 0.057232 seconds
Computing Block 41 out of 55
Processing Block size=25
begin cleaner{left: ("[FunctionalDependency:(s: {HospitalName}, t: {PhoneNumber})]", 0.0), operator: *, right: (1.0, 1.0), result: 0.0}
列 'p' 不存在，对列 PhoneNumber 不过滤，直接选择所有非无效值。
clean_bool length:4
newest best op: Uniop(df,'PhoneNumber','2059216200.0',(['HospitalName'], {('marion regional medical center',)}),{left: ("[FunctionalDependency:(s: {HospitalName}, t: {PhoneNumber})]", 0.0), operator: *, right: (1.0, 1.0), result: 0.0})
now error: 0.0
Block processing time: 0.073848 seconds
Computing Block 42 out of 55
Processing Block size=24
begin cleaner{left: ("[FunctionalDependency:(s: {HospitalName}, t: {PhoneNumber})]", 0.0), operator: *, right: (1.0, 1.0), result: 0.0}
列 'p' 不存在，对列 PhoneNumber 不过滤，直接选择所有非无效值。
clean_bool length:3
newest best op: Uniop(df,'PhoneNumber','3347493411.0',(['HospitalName'], {('east alabama medical center and snf',)}),{left: ("[FunctionalDependency:(s: {HospitalName}, t: {PhoneNumber})]", 0.0), operator: *, right: (1.0, 1.0), result: 0.0})
now error: 0.0
Block processing time: 0.052655 seconds
Computing Block 43 out of 55
Processing Block size=19
begin cleaner{left: ("[FunctionalDependency:(s: {HospitalName}, t: {PhoneNumber})]", 0.0), operator: *, right: (1.0, 1.0), result: 0.0}
列 'p' 不存在，对列 PhoneNumber 不过滤，直接选择所有非无效值。
clean_bool length:5
newest best op: Uniop(df,'PhoneNumber','14153354414.173077',(['HospitalName'], {('prattville baptist hospital',)}),{left: ("[FunctionalDependency:(s: {HospitalName}, t: {PhoneNumber})]", 0.0), operator: *, right: (1.0, 1.0), result: 0.0})
now error: 0.0
newest best op: Uniop(df,'PhoneNumber','3343614267.0',(['HospitalName'], {('prattville baptist hospital',)}),{left: ("[FunctionalDependency:(s: {HospitalName}, t: {PhoneNumber})]", 0.0), operator: *, right: (1.0, 1.0), result: 0.0})
now error: 0.0
Block processing time: 0.07237 seconds
Computing Block 44 out of 55
Processing Block size=28
begin cleaner{left: ("[FunctionalDependency:(s: {HospitalName}, t: {PhoneNumber})]", 0.0), operator: *, right: (1.0, 1.0), result: 0.0}
列 'p' 不存在，对列 PhoneNumber 不过滤，直接选择所有非无效值。
clean_bool length:6
newest best op: Uniop(df,'PhoneNumber','2565435200.0',(['HospitalName'], {('riverview regional medical center',)}),{left: ("[FunctionalDependency:(s: {HospitalName}, t: {PhoneNumber})]", 0.0), operator: *, right: (1.0, 1.0), result: 0.0})
now error: 0.0
Block processing time: 0.125535 seconds
Computing Block 45 out of 55
Processing Block size=25
begin cleaner{left: ("[FunctionalDependency:(s: {HospitalName}, t: {PhoneNumber})]", 0.0), operator: *, right: (1.0, 1.0), result: 0.0}
列 'p' 不存在，对列 PhoneNumber 不过滤，直接选择所有非无效值。
clean_bool length:5
newest best op: Uniop(df,'PhoneNumber','8395325824.117642',(['HospitalName'], {('eliza coffee memorial hospital',)}),{left: ("[FunctionalDependency:(s: {HospitalName}, t: {PhoneNumber})]", 0.0), operator: *, right: (1.0, 1.0), result: 0.0})
now error: 0.0
newest best op: Uniop(df,'PhoneNumber','2567688400.0',(['HospitalName'], {('eliza coffee memorial hospital',)}),{left: ("[FunctionalDependency:(s: {HospitalName}, t: {PhoneNumber})]", 0.0), operator: *, right: (1.0, 1.0), result: 0.0})
now error: 0.0
Block processing time: 0.092869 seconds
Computing Block 47 out of 55
Processing Block size=20
begin cleaner{left: ("[FunctionalDependency:(s: {HospitalName}, t: {PhoneNumber})]", 0.0), operator: *, right: (1.0, 1.0), result: 0.0}
列 'p' 不存在，对列 PhoneNumber 不过滤，直接选择所有非无效值。
clean_bool length:5
newest best op: Uniop(df,'PhoneNumber','8482675297.9701605',(['HospitalName'], {('st vincents blount',)}),{left: ("[FunctionalDependency:(s: {HospitalName}, t: {PhoneNumber})]", 0.0), operator: *, right: (1.0, 1.0), result: 0.0})
now error: 0.0
newest best op: Uniop(df,'PhoneNumber','2052743000.0',(['HospitalName'], {('st vincents blount',)}),{left: ("[FunctionalDependency:(s: {HospitalName}, t: {PhoneNumber})]", 0.0), operator: *, right: (1.0, 1.0), result: 0.0})
now error: 0.0
Block processing time: 0.075444 seconds
Computing Block 48 out of 55
Processing Block size=17
begin cleaner{left: ("[FunctionalDependency:(s: {HospitalName}, t: {PhoneNumber})]", 0.0), operator: *, right: (1.0, 1.0), result: 0.0}
列 'p' 不存在，对列 PhoneNumber 不过滤，直接选择所有非无效值。
Block processing time: 0.012738 seconds
Computing Block 50 out of 55
Processing Block size=25
begin cleaner{left: ("[FunctionalDependency:(s: {HospitalName}, t: {PhoneNumber})]", 0.0), operator: *, right: (1.0, 1.0), result: 0.0}
列 'p' 不存在，对列 PhoneNumber 不过滤，直接选择所有非无效值。
clean_bool length:7
newest best op: Uniop(df,'PhoneNumber','8315712961.1743965',(['HospitalName'], {('university of alabama hospital',)}),{left: ("[FunctionalDependency:(s: {HospitalName}, t: {PhoneNumber})]", 0.0), operator: *, right: (1.0, 1.0), result: 0.0})
now error: 0.0
newest best op: Uniop(df,'PhoneNumber','2059344011.0',(['HospitalName'], {('university of alabama hospital',)}),{left: ("[FunctionalDependency:(s: {HospitalName}, t: {PhoneNumber})]", 0.0), operator: *, right: (1.0, 1.0), result: 0.0})
now error: 0.0
Block processing time: 0.131862 seconds
Computing Block 52 out of 55
Processing Block size=22
begin cleaner{left: ("[FunctionalDependency:(s: {HospitalName}, t: {PhoneNumber})]", 0.0), operator: *, right: (1.0, 1.0), result: 0.0}
列 'p' 不存在，对列 PhoneNumber 不过滤，直接选择所有非无效值。
clean_bool length:6
newest best op: Uniop(df,'PhoneNumber','10458180355.773909',(['HospitalName'], {('dekalb regional medical center',)}),{left: ("[FunctionalDependency:(s: {HospitalName}, t: {PhoneNumber})]", 0.0), operator: *, right: (1.0, 1.0), result: 0.0})
now error: 0.0
newest best op: Uniop(df,'PhoneNumber','10411091503.948942',(['HospitalName'], {('dekalb regional medical center',)}),{left: ("[FunctionalDependency:(s: {HospitalName}, t: {PhoneNumber})]", 0.0), operator: *, right: (1.0, 1.0), result: 0.0})
now error: 0.0
newest best op: Uniop(df,'PhoneNumber','2568453150.0',(['HospitalName'], {('dekalb regional medical center',)}),{left: ("[FunctionalDependency:(s: {HospitalName}, t: {PhoneNumber})]", 0.0), operator: *, right: (1.0, 1.0), result: 0.0})
now error: 0.0
Block processing time: 0.099139 seconds
Computing Block 53 out of 55
Processing Block size=24
begin cleaner{left: ("[FunctionalDependency:(s: {HospitalName}, t: {PhoneNumber})]", 0.0), operator: *, right: (1.0, 1.0), result: 0.0}
列 'p' 不存在，对列 PhoneNumber 不过滤，直接选择所有非无效值。
clean_bool length:6
newest best op: Uniop(df,'PhoneNumber','3347742601.0',(['HospitalName'], {('dale medical center',)}),{left: ("[FunctionalDependency:(s: {HospitalName}, t: {PhoneNumber})]", 0.0), operator: *, right: (1.0, 1.0), result: 0.0})
now error: 0.0
Block processing time: 0.109487 seconds
  当前节点: PhoneNumber 有 42 个清洗操作
  当前节点: Address1 存在可用清洗信号
数据块大小: 1000
分块属性:
[['HospitalName']]
Starting initial block mapping...
Initial number of blocks: 55
Final number of blocks after further splitting: 55
Computing Block 1 out of 55
Processing Block size=24
begin cleaner[FunctionalDependency:(s: {'HospitalName'}, t: {'Address1'})]*1.0
列 'p' 不存在，对列 Address1 不过滤，直接选择所有非无效值。
clean_bool length:4
newest best op: Uniop(df,'Address1','1912 @@alabama highw@@ay 157',(['HospitalName'], {('cullman regional medical center',)}),{left: ("[FunctionalDependency:(s: {HospitalName}, t: {Address1})]", 0.0), operator: *, right: (1.0, 1.0), result: 0.0})
now error: 0.0
newest best op: Uniop(df,'Address1','1??912 al%abama highway 157',(['HospitalName'], {('cullman regional medical center',)}),{left: ("[FunctionalDependency:(s: {HospitalName}, t: {Address1})]", 0.0), operator: *, right: (1.0, 1.0), result: 0.0})
now error: 0.0
newest best op: Uniop(df,'Address1','1912 alabama highway 157',(['HospitalName'], {('cullman regional medical center',)}),{left: ("[FunctionalDependency:(s: {HospitalName}, t: {Address1})]", 0.0), operator: *, right: (1.0, 1.0), result: 0.0})
now error: 0.0
Block processing time: 0.074072 seconds
Computing Block 2 out of 55
Processing Block size=25
begin cleaner{left: ("[FunctionalDependency:(s: {HospitalName}, t: {Address1})]", 0.0), operator: *, right: (1.0, 1.0), result: 0.0}
列 'p' 不存在，对列 Address1 不过滤，直接选择所有非无效值。
clean_bool length:6
newest best op: Uniop(df,'Address1','1108 ross clark circle',(['HospitalName'], {('southeast alabama medical center',)}),{left: ("[FunctionalDependency:(s: {HospitalName}, t: {Address1})]", 0.0), operator: *, right: (1.0, 1.0), result: 0.0})
now error: 0.0
Block processing time: 0.117116 seconds
Computing Block 3 out of 55
Processing Block size=2
begin cleaner{left: ("[FunctionalDependency:(s: {HospitalName}, t: {Address1})]", 0.0), operator: *, right: (1.0, 1.0), result: 0.0}
列 'p' 不存在，对列 Address1 不过滤，直接选择所有非无效值。
clean_bool length:3
newest best op: Uniop(df,'Address1','po box ??287',(['HospitalName'], {('yukon kuskokwim delta reg hospital',)}),{left: ("[FunctionalDependency:(s: {HospitalName}, t: {Address1})]", 0.0), operator: *, right: (1.0, 1.0), result: 0.0})
now error: 0.0
Block processing time: 0.005293 seconds
Computing Block 4 out of 55
Processing Block size=17
begin cleaner{left: ("[FunctionalDependency:(s: {HospitalName}, t: {Address1})]", 0.0), operator: *, right: (1.0, 1.0), result: 0.0}
列 'p' 不存在，对列 Address1 不过滤，直接选择所有非无效值。
clean_bool length:3
newest best op: Uniop(df,'Address1','4370 west main street',(['HospitalName'], {('flowers hospital',)}),{left: ("[FunctionalDependency:(s: {HospitalName}, t: {Address1})]", 0.0), operator: *, right: (1.0, 1.0), result: 0.0})
now error: 0.0
Block processing time: 0.037941 seconds
Computing Block 6 out of 55
Processing Block size=24
begin cleaner{left: ("[FunctionalDependency:(s: {HospitalName}, t: {Address1})]", 0.0), operator: *, right: (1.0, 1.0), result: 0.0}
列 'p' 不存在，对列 Address1 不过滤，直接选择所有非无效值。
clean_bool length:6
newest best op: Uniop(df,'Address1','400 northwood @@dr',(['HospitalName'], {('cherokee medical center',)}),{left: ("[FunctionalDependency:(s: {HospitalName}, t: {Address1})]", 0.0), operator: *, right: (1.0, 1.0), result: 0.0})
now error: 0.0
newest best op: Uniop(df,'Address1','400 northwood dr',(['HospitalName'], {('cherokee medical center',)}),{left: ("[FunctionalDependency:(s: {HospitalName}, t: {Address1})]", 0.0), operator: *, right: (1.0, 1.0), result: 0.0})
now error: 0.0
Block processing time: 0.109169 seconds
Computing Block 7 out of 55
Processing Block size=25
begin cleaner{left: ("[FunctionalDependency:(s: {HospitalName}, t: {Address1})]", 0.0), operator: *, right: (1.0, 1.0), result: 0.0}
列 'p' 不存在，对列 Address1 不过滤，直接选择所有非无效值。
clean_bool length:3
newest best op: Uniop(df,'Address1','849 south@@ thre#e notch street',(['HospitalName'], {('andalusia regional hospital',)}),{left: ("[FunctionalDependency:(s: {HospitalName}, t: {Address1})]", 0.0), operator: *, right: (1.0, 1.0), result: 0.0})
now error: 0.0
newest best op: Uniop(df,'Address1','849 south three notch street',(['HospitalName'], {('andalusia regional hospital',)}),{left: ("[FunctionalDependency:(s: {HospitalName}, t: {Address1})]", 0.0), operator: *, right: (1.0, 1.0), result: 0.0})
now error: 0.0
Block processing time: 0.057597 seconds
Computing Block 8 out of 55
Processing Block size=25
begin cleaner{left: ("[FunctionalDependency:(s: {HospitalName}, t: {Address1})]", 0.0), operator: *, right: (1.0, 1.0), result: 0.0}
列 'p' 不存在，对列 Address1 不过滤，直接选择所有非无效值。
clean_bool length:4
newest best op: Uniop(df,'Address1','1720 %universit$y blvd',(['HospitalName'], {('callahan eye foundation hospital',)}),{left: ("[FunctionalDependency:(s: {HospitalName}, t: {Address1})]", 0.0), operator: *, right: (1.0, 1.0), result: 0.0})
now error: 0.0
newest best op: Uniop(df,'Address1','1720 university blvd',(['HospitalName'], {('callahan eye foundation hospital',)}),{left: ("[FunctionalDependency:(s: {HospitalName}, t: {Address1})]", 0.0), operator: *, right: (1.0, 1.0), result: 0.0})
now error: 0.0
Block processing time: 0.075157 seconds
Computing Block 10 out of 55
Processing Block size=25
begin cleaner{left: ("[FunctionalDependency:(s: {HospitalName}, t: {Address1})]", 0.0), operator: *, right: (1.0, 1.0), result: 0.0}
列 'p' 不存在，对列 Address1 不过滤，直接选择所有非无效值。
clean_bool length:4
newest best op: Uniop(df,'Address1','1007$ go#odyear avenue',(['HospitalName'], {('gadsden regional medical center',)}),{left: ("[FunctionalDependency:(s: {HospitalName}, t: {Address1})]", 0.0), operator: *, right: (1.0, 1.0), result: 0.0})
now error: 0.0
newest best op: Uniop(df,'Address1','1007 goody#ear avenue',(['HospitalName'], {('gadsden regional medical center',)}),{left: ("[FunctionalDependency:(s: {HospitalName}, t: {Address1})]", 0.0), operator: *, right: (1.0, 1.0), result: 0.0})
now error: 0.0
newest best op: Uniop(df,'Address1','1007 goodyear avenue',(['HospitalName'], {('gadsden regional medical center',)}),{left: ("[FunctionalDependency:(s: {HospitalName}, t: {Address1})]", 0.0), operator: *, right: (1.0, 1.0), result: 0.0})
now error: 0.0
Block processing time: 0.075175 seconds
Computing Block 12 out of 55
Processing Block size=24
begin cleaner{left: ("[FunctionalDependency:(s: {HospitalName}, t: {Address1})]", 0.0), operator: *, right: (1.0, 1.0), result: 0.0}
列 'p' 不存在，对列 Address1 不过滤，直接选择所有非无效值。
clean_bool length:7
newest best op: Uniop(df,'Address1','702 n mai@@n st',(['HospitalName'], {('mizell memorial hospital',)}),{left: ("[FunctionalDependency:(s: {HospitalName}, t: {Address1})]", 0.0), operator: *, right: (1.0, 1.0), result: 0.0})
now error: 0.0
newest best op: Uniop(df,'Address1','%702% n main st',(['HospitalName'], {('mizell memorial hospital',)}),{left: ("[FunctionalDependency:(s: {HospitalName}, t: {Address1})]", 0.0), operator: *, right: (1.0, 1.0), result: 0.0})
now error: 0.0
newest best op: Uniop(df,'Address1','702 n main st',(['HospitalName'], {('mizell memorial hospital',)}),{left: ("[FunctionalDependency:(s: {HospitalName}, t: {Address1})]", 0.0), operator: *, right: (1.0, 1.0), result: 0.0})
now error: 0.0
Block processing time: 0.128416 seconds
Computing Block 14 out of 55
Processing Block size=26
begin cleaner{left: ("[FunctionalDependency:(s: {HospitalName}, t: {Address1})]", 0.0), operator: *, right: (1.0, 1.0), result: 0.0}
列 'p' 不存在，对列 Address1 不过滤，直接选择所有非无效值。
clean_bool length:7
newest best op: Uniop(df,'Address1','30#1 east 18th st??',(['HospitalName'], {('stringfellow memorial hospital',)}),{left: ("[FunctionalDependency:(s: {HospitalName}, t: {Address1})]", 0.0), operator: *, right: (1.0, 1.0), result: 0.0})
now error: 0.0
newest best op: Uniop(df,'Address1','301$ east ??18th st',(['HospitalName'], {('stringfellow memorial hospital',)}),{left: ("[FunctionalDependency:(s: {HospitalName}, t: {Address1})]", 0.0), operator: *, right: (1.0, 1.0), result: 0.0})
now error: 0.0
newest best op: Uniop(df,'Address1','301 east 18th st',(['HospitalName'], {('stringfellow memorial hospital',)}),{left: ("[FunctionalDependency:(s: {HospitalName}, t: {Address1})]", 0.0), operator: *, right: (1.0, 1.0), result: 0.0})
now error: 0.0
Block processing time: 0.137299 seconds
Computing Block 15 out of 55
Processing Block size=23
begin cleaner{left: ("[FunctionalDependency:(s: {HospitalName}, t: {Address1})]", 0.0), operator: *, right: (1.0, 1.0), result: 0.0}
列 'p' 不存在，对列 Address1 不过滤，直接选择所有非无效值。
clean_bool length:7
newest best op: Uniop(df,'Address1','515 mira%nda st',(['HospitalName'], {('georgiana hospital',)}),{left: ("[FunctionalDependency:(s: {HospitalName}, t: {Address1})]", 0.0), operator: *, right: (1.0, 1.0), result: 0.0})
now error: 0.0
newest best op: Uniop(df,'Address1','515 miranda st',(['HospitalName'], {('georgiana hospital',)}),{left: ("[FunctionalDependency:(s: {HospitalName}, t: {Address1})]", 0.0), operator: *, right: (1.0, 1.0), result: 0.0})
now error: 0.0
Block processing time: 0.119229 seconds
Computing Block 16 out of 55
Processing Block size=11
begin cleaner{left: ("[FunctionalDependency:(s: {HospitalName}, t: {Address1})]", 0.0), operator: *, right: (1.0, 1.0), result: 0.0}
列 'p' 不存在，对列 Address1 不过滤，直接选择所有非无效值。
clean_bool length:3
newest best op: Uniop(df,'Address1','2451 fillingim street',(['HospitalName'], {('univ of south alabama medical center',)}),{left: ("[FunctionalDependency:(s: {HospitalName}, t: {Address1})]", 0.0), operator: *, right: (1.0, 1.0), result: 0.0})
now error: 0.0
Block processing time: 0.025101 seconds
Computing Block 18 out of 55
Processing Block size=18
begin cleaner{left: ("[FunctionalDependency:(s: {HospitalName}, t: {Address1})]", 0.0), operator: *, right: (1.0, 1.0), result: 0.0}
列 'p' 不存在，对列 Address1 不过滤，直接选择所有非无效值。
clean_bool length:5
newest best op: Uniop(df,'Address1','2801 debarr road',(['HospitalName'], {('alaska regional hospital',)}),{left: ("[FunctionalDependency:(s: {HospitalName}, t: {Address1})]", 0.0), operator: *, right: (1.0, 1.0), result: 0.0})
now error: 0.0
Block processing time: 0.067659 seconds
Computing Block 20 out of 55
Processing Block size=25
begin cleaner{left: ("[FunctionalDependency:(s: {HospitalName}, t: {Address1})]", 0.0), operator: *, right: (1.0, 1.0), result: 0.0}
列 'p' 不存在，对列 Address1 不过滤，直接选择所有非无效值。
clean_bool length:5
newest best op: Uniop(df,'Address1','209 north main st%reet',(['HospitalName'], {('wedowee hospital',)}),{left: ("[FunctionalDependency:(s: {HospitalName}, t: {Address1})]", 0.0), operator: *, right: (1.0, 1.0), result: 0.0})
now error: 0.0
newest best op: Uniop(df,'Address1','209 north main street',(['HospitalName'], {('wedowee hospital',)}),{left: ("[FunctionalDependency:(s: {HospitalName}, t: {Address1})]", 0.0), operator: *, right: (1.0, 1.0), result: 0.0})
now error: 0.0
Block processing time: 0.095885 seconds
Computing Block 21 out of 55
Processing Block size=25
begin cleaner{left: ("[FunctionalDependency:(s: {HospitalName}, t: {Address1})]", 0.0), operator: *, right: (1.0, 1.0), result: 0.0}
列 'p' 不存在，对列 Address1 不过滤，直接选择所有非无效值。
clean_bool length:4
newest best op: Uniop(df,'Address1','1530 u %s highw??ay 43',(['HospitalName'], {('northwest medical center',)}),{left: ("[FunctionalDependency:(s: {HospitalName}, t: {Address1})]", 0.0), operator: *, right: (1.0, 1.0), result: 0.0})
now error: 0.0
newest best op: Uniop(df,'Address1','1530 u s highway 43',(['HospitalName'], {('northwest medical center',)}),{left: ("[FunctionalDependency:(s: {HospitalName}, t: {Address1})]", 0.0), operator: *, right: (1.0, 1.0), result: 0.0})
now error: 0.0
Block processing time: 0.077472 seconds
Computing Block 22 out of 55
Processing Block size=28
begin cleaner{left: ("[FunctionalDependency:(s: {HospitalName}, t: {Address1})]", 0.0), operator: *, right: (1.0, 1.0), result: 0.0}
列 'p' 不存在，对列 Address1 不过滤，直接选择所有非无效值。
clean_bool length:4
newest best op: Uniop(df,'Address1','101 siv@@ley rd',(['HospitalName'], {('huntsville hospital',)}),{left: ("[FunctionalDependency:(s: {HospitalName}, t: {Address1})]", 0.0), operator: *, right: (1.0, 1.0), result: 0.0})
now error: 0.0
newest best op: Uniop(df,'Address1','101 sivley rd',(['HospitalName'], {('huntsville hospital',)}),{left: ("[FunctionalDependency:(s: {HospitalName}, t: {Address1})]", 0.0), operator: *, right: (1.0, 1.0), result: 0.0})
now error: 0.0
Block processing time: 0.082673 seconds
Computing Block 23 out of 55
Processing Block size=25
begin cleaner{left: ("[FunctionalDependency:(s: {HospitalName}, t: {Address1})]", 0.0), operator: *, right: (1.0, 1.0), result: 0.0}
列 'p' 不存在，对列 Address1 不过滤，直接选择所有非无效值。
clean_bool length:5
newest best op: Uniop(df,'Address1','1653 temple avenue north',(['HospitalName'], {('fayette medical center',)}),{left: ("[FunctionalDependency:(s: {HospitalName}, t: {Address1})]", 0.0), operator: *, right: (1.0, 1.0), result: 0.0})
now error: 0.0
Block processing time: 0.096739 seconds
Computing Block 24 out of 55
Processing Block size=2
begin cleaner{left: ("[FunctionalDependency:(s: {HospitalName}, t: {Address1})]", 0.0), operator: *, right: (1.0, 1.0), result: 0.0}
列 'p' 不存在，对列 Address1 不过滤，直接选择所有非无效值。
clean_bool length:3
newest best op: Uniop(df,'Address1','15%155 highway% 43',(['HospitalName'], {('russellville hospital',)}),{left: ("[FunctionalDependency:(s: {HospitalName}, t: {Address1})]", 0.0), operator: *, right: (1.0, 1.0), result: 0.0})
now error: 0.0
Block processing time: 0.005386 seconds
Computing Block 25 out of 55
Processing Block size=25
begin cleaner{left: ("[FunctionalDependency:(s: {HospitalName}, t: {Address1})]", 0.0), operator: *, right: (1.0, 1.0), result: 0.0}
列 'p' 不存在，对列 Address1 不过滤，直接选择所有非无效值。
clean_bool length:2
newest best op: Uniop(df,'Address1','50 medical park east drive',(['HospitalName'], {('st vincents east',)}),{left: ("[FunctionalDependency:(s: {HospitalName}, t: {Address1})]", 0.0), operator: *, right: (1.0, 1.0), result: 0.0})
now error: 0.0
Block processing time: 0.034799 seconds
Computing Block 26 out of 55
Processing Block size=24
begin cleaner{left: ("[FunctionalDependency:(s: {HospitalName}, t: {Address1})]", 0.0), operator: *, right: (1.0, 1.0), result: 0.0}
列 'p' 不存在，对列 Address1 不过滤，直接选择所有非无效值。
clean_bool length:4
newest best op: Uniop(df,'Address1','101?? $hospital circle',(['HospitalName'], {('crenshaw community hospital',)}),{left: ("[FunctionalDependency:(s: {HospitalName}, t: {Address1})]", 0.0), operator: *, right: (1.0, 1.0), result: 0.0})
now error: 0.0
newest best op: Uniop(df,'Address1','101 hospital circle',(['HospitalName'], {('crenshaw community hospital',)}),{left: ("[FunctionalDependency:(s: {HospitalName}, t: {Address1})]", 0.0), operator: *, right: (1.0, 1.0), result: 0.0})
now error: 0.0
Block processing time: 0.071767 seconds
Computing Block 27 out of 55
Processing Block size=25
begin cleaner{left: ("[FunctionalDependency:(s: {HospitalName}, t: {Address1})]", 0.0), operator: *, right: (1.0, 1.0), result: 0.0}
列 'p' 不存在，对列 Address1 不过滤，直接选择所有非无效值。
clean_bool length:4
newest best op: Uniop(df,'Address1','987 dr%ayton street',(['HospitalName'], {('elba general hospital',)}),{left: ("[FunctionalDependency:(s: {HospitalName}, t: {Address1})]", 0.0), operator: *, right: (1.0, 1.0), result: 0.0})
now error: 0.0
newest best op: Uniop(df,'Address1','987 drayton street',(['HospitalName'], {('elba general hospital',)}),{left: ("[FunctionalDependency:(s: {HospitalName}, t: {Address1})]", 0.0), operator: *, right: (1.0, 1.0), result: 0.0})
now error: 0.0
Block processing time: 0.074519 seconds
Computing Block 28 out of 55
Processing Block size=25
begin cleaner{left: ("[FunctionalDependency:(s: {HospitalName}, t: {Address1})]", 0.0), operator: *, right: (1.0, 1.0), result: 0.0}
列 'p' 不存在，对列 Address1 不过滤，直接选择所有非无效值。
clean_bool length:9
newest best op: Uniop(df,'Address1','1000 first street north',(['HospitalName'], {('shelby baptist medical center',)}),{left: ("[FunctionalDependency:(s: {HospitalName}, t: {Address1})]", 0.0), operator: *, right: (1.0, 1.0), result: 0.0})
now error: 0.0
Block processing time: 0.183354 seconds
Computing Block 29 out of 55
Processing Block size=25
begin cleaner{left: ("[FunctionalDependency:(s: {HospitalName}, t: {Address1})]", 0.0), operator: *, right: (1.0, 1.0), result: 0.0}
列 'p' 不存在，对列 Address1 不过滤，直接选择所有非无效值。
clean_bool length:3
newest best op: Uniop(df,'Address1','2105 east s??outh boulevard',(['HospitalName'], {('baptist medical center south',)}),{left: ("[FunctionalDependency:(s: {HospitalName}, t: {Address1})]", 0.0), operator: *, right: (1.0, 1.0), result: 0.0})
now error: 0.0
newest best op: Uniop(df,'Address1','2105 east south boulevard',(['HospitalName'], {('baptist medical center south',)}),{left: ("[FunctionalDependency:(s: {HospitalName}, t: {Address1})]", 0.0), operator: *, right: (1.0, 1.0), result: 0.0})
now error: 0.0
Block processing time: 0.057118 seconds
Computing Block 30 out of 55
Processing Block size=25
begin cleaner{left: ("[FunctionalDependency:(s: {HospitalName}, t: {Address1})]", 0.0), operator: *, right: (1.0, 1.0), result: 0.0}
列 'p' 不存在，对列 Address1 不过滤，直接选择所有非无效值。
clean_bool length:5
newest best op: Uniop(df,'Address1','1300 south montg??omery a@@venue',(['HospitalName'], {('helen keller memorial hospital',)}),{left: ("[FunctionalDependency:(s: {HospitalName}, t: {Address1})]", 0.0), operator: *, right: (1.0, 1.0), result: 0.0})
now error: 0.0
newest best op: Uniop(df,'Address1','130??0 south montgomery avenue',(['HospitalName'], {('helen keller memorial hospital',)}),{left: ("[FunctionalDependency:(s: {HospitalName}, t: {Address1})]", 0.0), operator: *, right: (1.0, 1.0), result: 0.0})
now error: 0.0
newest best op: Uniop(df,'Address1','1300 south montgomery avenue',(['HospitalName'], {('helen keller memorial hospital',)}),{left: ("[FunctionalDependency:(s: {HospitalName}, t: {Address1})]", 0.0), operator: *, right: (1.0, 1.0), result: 0.0})
now error: 0.0
Block processing time: 0.100164 seconds
Computing Block 31 out of 55
Processing Block size=25
begin cleaner{left: ("[FunctionalDependency:(s: {HospitalName}, t: {Address1})]", 0.0), operator: *, right: (1.0, 1.0), result: 0.0}
列 'p' 不存在，对列 Address1 不过滤，直接选择所有非无效值。
clean_bool length:3
newest best op: Uniop(df,'Address1','2505 u s %highway #431 north',(['HospitalName'], {('marshall medical center south',)}),{left: ("[FunctionalDependency:(s: {HospitalName}, t: {Address1})]", 0.0), operator: *, right: (1.0, 1.0), result: 0.0})
now error: 0.0
newest best op: Uniop(df,'Address1','2505 u s highway 431 north',(['HospitalName'], {('marshall medical center south',)}),{left: ("[FunctionalDependency:(s: {HospitalName}, t: {Address1})]", 0.0), operator: *, right: (1.0, 1.0), result: 0.0})
now error: 0.0
Block processing time: 0.057029 seconds
Computing Block 32 out of 55
Processing Block size=5
begin cleaner{left: ("[FunctionalDependency:(s: {HospitalName}, t: {Address1})]", 0.0), operator: *, right: (1.0, 1.0), result: 0.0}
列 'p' 不存在，对列 Address1 不过滤，直接选择所有非无效值。
clean_bool length:3
newest best op: Uniop(df,'Address1','@@810 st vincents dri#ve',(['HospitalName'], {('st vincents hospital',)}),{left: ("[FunctionalDependency:(s: {HospitalName}, t: {Address1})]", 0.0), operator: *, right: (1.0, 1.0), result: 0.0})
now error: 0.0
newest best op: Uniop(df,'Address1','810 st vincents drive',(['HospitalName'], {('st vincents hospital',)}),{left: ("[FunctionalDependency:(s: {HospitalName}, t: {Address1})]", 0.0), operator: *, right: (1.0, 1.0), result: 0.0})
now error: 0.0
Block processing time: 0.011862 seconds
Computing Block 33 out of 55
Processing Block size=25
begin cleaner{left: ("[FunctionalDependency:(s: {HospitalName}, t: {Address1})]", 0.0), operator: *, right: (1.0, 1.0), result: 0.0}
列 'p' 不存在，对列 Address1 不过滤，直接选择所有非无效值。
clean_bool length:5
newest best op: Uniop(df,'Address1','172%5 pine street',(['HospitalName'], {('jackson hospital & clinic inc',)}),{left: ("[FunctionalDependency:(s: {HospitalName}, t: {Address1})]", 0.0), operator: *, right: (1.0, 1.0), result: 0.0})
now error: 0.0
newest best op: Uniop(df,'Address1','1725 pine street',(['HospitalName'], {('jackson hospital & clinic inc',)}),{left: ("[FunctionalDependency:(s: {HospitalName}, t: {Address1})]", 0.0), operator: *, right: (1.0, 1.0), result: 0.0})
now error: 0.0
Block processing time: 0.092704 seconds
Computing Block 34 out of 55
Processing Block size=25
begin cleaner{left: ("[FunctionalDependency:(s: {HospitalName}, t: {Address1})]", 0.0), operator: *, right: (1.0, 1.0), result: 0.0}
列 'p' 不存在，对列 Address1 不过滤，直接选择所有非无效值。
clean_bool length:5
newest best op: Uniop(df,'Address1','1010 l#ay dam road',(['HospitalName'], {('chilton medical center',)}),{left: ("[FunctionalDependency:(s: {HospitalName}, t: {Address1})]", 0.0), operator: *, right: (1.0, 1.0), result: 0.0})
now error: 0.0
newest best op: Uniop(df,'Address1','1010 lay dam road',(['HospitalName'], {('chilton medical center',)}),{left: ("[FunctionalDependency:(s: {HospitalName}, t: {Address1})]", 0.0), operator: *, right: (1.0, 1.0), result: 0.0})
now error: 0.0
Block processing time: 0.095365 seconds
Computing Block 35 out of 55
Processing Block size=25
begin cleaner{left: ("[FunctionalDependency:(s: {HospitalName}, t: {Address1})]", 0.0), operator: *, right: (1.0, 1.0), result: 0.0}
列 'p' 不存在，对列 Address1 不过滤，直接选择所有非无效值。
clean_bool length:5
newest best op: Uniop(df,'Address1','400 n edwards street',(['HospitalName'], {('medical center enterprise',)}),{left: ("[FunctionalDependency:(s: {HospitalName}, t: {Address1})]", 0.0), operator: *, right: (1.0, 1.0), result: 0.0})
now error: 0.0
Block processing time: 0.09694 seconds
Computing Block 36 out of 55
Processing Block size=24
begin cleaner{left: ("[FunctionalDependency:(s: {HospitalName}, t: {Address1})]", 0.0), operator: *, right: (1.0, 1.0), result: 0.0}
列 'p' 不存在，对列 Address1 不过滤，直接选择所有非无效值。
clean_bool length:4
newest best op: Uniop(df,'Address1','@@33700 highway 43',(['HospitalName'], {('southwest alabama medical center',)}),{left: ("[FunctionalDependency:(s: {HospitalName}, t: {Address1})]", 0.0), operator: *, right: (1.0, 1.0), result: 0.0})
now error: 0.0
newest best op: Uniop(df,'Address1','33700 hig$hway 43',(['HospitalName'], {('southwest alabama medical center',)}),{left: ("[FunctionalDependency:(s: {HospitalName}, t: {Address1})]", 0.0), operator: *, right: (1.0, 1.0), result: 0.0})
now error: 0.0
newest best op: Uniop(df,'Address1','33700 highway 43',(['HospitalName'], {('southwest alabama medical center',)}),{left: ("[FunctionalDependency:(s: {HospitalName}, t: {Address1})]", 0.0), operator: *, right: (1.0, 1.0), result: 0.0})
now error: 0.0
Block processing time: 0.073104 seconds
Computing Block 37 out of 55
Processing Block size=25
begin cleaner{left: ("[FunctionalDependency:(s: {HospitalName}, t: {Address1})]", 0.0), operator: *, right: (1.0, 1.0), result: 0.0}
列 'p' 不存在，对列 Address1 不过滤，直接选择所有非无效值。
clean_bool length:4
newest best op: Uniop(df,'Address1','201 pine?? stree#t northwest',(['HospitalName'], {('hartselle medical center',)}),{left: ("[FunctionalDependency:(s: {HospitalName}, t: {Address1})]", 0.0), operator: *, right: (1.0, 1.0), result: 0.0})
now error: 0.0
newest best op: Uniop(df,'Address1','201 pine street northwest',(['HospitalName'], {('hartselle medical center',)}),{left: ("[FunctionalDependency:(s: {HospitalName}, t: {Address1})]", 0.0), operator: *, right: (1.0, 1.0), result: 0.0})
now error: 0.0
Block processing time: 0.078009 seconds
Computing Block 38 out of 55
Processing Block size=25
begin cleaner{left: ("[FunctionalDependency:(s: {HospitalName}, t: {Address1})]", 0.0), operator: *, right: (1.0, 1.0), result: 0.0}
列 'p' 不存在，对列 Address1 不过滤，直接选择所有非无效值。
Block processing time: 0.017993 seconds
Computing Block 39 out of 55
Processing Block size=25
begin cleaner{left: ("[FunctionalDependency:(s: {HospitalName}, t: {Address1})]", 0.0), operator: *, right: (1.0, 1.0), result: 0.0}
列 'p' 不存在，对列 Address1 不过滤，直接选择所有非无效值。
clean_bool length:3
newest best op: Uniop(df,'Address1','%4800 48th st',(['HospitalName'], {('g h lanier memorial hospital',)}),{left: ("[FunctionalDependency:(s: {HospitalName}, t: {Address1})]", 0.0), operator: *, right: (1.0, 1.0), result: 0.0})
now error: 0.0
newest best op: Uniop(df,'Address1','4800 48th st',(['HospitalName'], {('g h lanier memorial hospital',)}),{left: ("[FunctionalDependency:(s: {HospitalName}, t: {Address1})]", 0.0), operator: *, right: (1.0, 1.0), result: 0.0})
now error: 0.0
Block processing time: 0.054206 seconds
Computing Block 40 out of 55
Processing Block size=25
begin cleaner{left: ("[FunctionalDependency:(s: {HospitalName}, t: {Address1})]", 0.0), operator: *, right: (1.0, 1.0), result: 0.0}
列 'p' 不存在，对列 Address1 不过滤，直接选择所有非无效值。
clean_bool length:3
newest best op: Uniop(df,'Address1','8000 alabama highway 69',(['HospitalName'], {('marshall medical center north',)}),{left: ("[FunctionalDependency:(s: {HospitalName}, t: {Address1})]", 0.0), operator: *, right: (1.0, 1.0), result: 0.0})
now error: 0.0
Block processing time: 0.055885 seconds
Computing Block 41 out of 55
Processing Block size=25
begin cleaner{left: ("[FunctionalDependency:(s: {HospitalName}, t: {Address1})]", 0.0), operator: *, right: (1.0, 1.0), result: 0.0}
列 'p' 不存在，对列 Address1 不过滤，直接选择所有非无效值。
clean_bool length:5
newest best op: Uniop(df,'Address1','1256 military str#??eet south',(['HospitalName'], {('marion regional medical center',)}),{left: ("[FunctionalDependency:(s: {HospitalName}, t: {Address1})]", 0.0), operator: *, right: (1.0, 1.0), result: 0.0})
now error: 0.0
newest best op: Uniop(df,'Address1','1256 %military street south',(['HospitalName'], {('marion regional medical center',)}),{left: ("[FunctionalDependency:(s: {HospitalName}, t: {Address1})]", 0.0), operator: *, right: (1.0, 1.0), result: 0.0})
now error: 0.0
newest best op: Uniop(df,'Address1','1256 military street south',(['HospitalName'], {('marion regional medical center',)}),{left: ("[FunctionalDependency:(s: {HospitalName}, t: {Address1})]", 0.0), operator: *, right: (1.0, 1.0), result: 0.0})
now error: 0.0
Block processing time: 0.102144 seconds
Computing Block 42 out of 55
Processing Block size=24
begin cleaner{left: ("[FunctionalDependency:(s: {HospitalName}, t: {Address1})]", 0.0), operator: *, right: (1.0, 1.0), result: 0.0}
列 'p' 不存在，对列 Address1 不过滤，直接选择所有非无效值。
clean_bool length:5
newest best op: Uniop(df,'Address1','2000 pepperell p$arkw@@ay',(['HospitalName'], {('east alabama medical center and snf',)}),{left: ("[FunctionalDependency:(s: {HospitalName}, t: {Address1})]", 0.0), operator: *, right: (1.0, 1.0), result: 0.0})
now error: 0.0
newest best op: Uniop(df,'Address1','2000 pepperell parkway',(['HospitalName'], {('east alabama medical center and snf',)}),{left: ("[FunctionalDependency:(s: {HospitalName}, t: {Address1})]", 0.0), operator: *, right: (1.0, 1.0), result: 0.0})
now error: 0.0
Block processing time: 0.094818 seconds
Computing Block 43 out of 55
Processing Block size=19
begin cleaner{left: ("[FunctionalDependency:(s: {HospitalName}, t: {Address1})]", 0.0), operator: *, right: (1.0, 1.0), result: 0.0}
列 'p' 不存在，对列 Address1 不过滤，直接选择所有非无效值。
clean_bool length:4
newest best op: Uniop(df,'Address1','124 s memorial dr',(['HospitalName'], {('prattville baptist hospital',)}),{left: ("[FunctionalDependency:(s: {HospitalName}, t: {Address1})]", 0.0), operator: *, right: (1.0, 1.0), result: 0.0})
now error: 0.0
Block processing time: 0.056942 seconds
Computing Block 44 out of 55
Processing Block size=28
begin cleaner{left: ("[FunctionalDependency:(s: {HospitalName}, t: {Address1})]", 0.0), operator: *, right: (1.0, 1.0), result: 0.0}
列 'p' 不存在，对列 Address1 不过滤，直接选择所有非无效值。
clean_bool length:3
newest best op: Uniop(df,'Address1','600 south third street',(['HospitalName'], {('riverview regional medical center',)}),{left: ("[FunctionalDependency:(s: {HospitalName}, t: {Address1})]", 0.0), operator: *, right: (1.0, 1.0), result: 0.0})
now error: 0.0
Block processing time: 0.062596 seconds
Computing Block 45 out of 55
Processing Block size=25
begin cleaner{left: ("[FunctionalDependency:(s: {HospitalName}, t: {Address1})]", 0.0), operator: *, right: (1.0, 1.0), result: 0.0}
列 'p' 不存在，对列 Address1 不过滤，直接选择所有非无效值。
clean_bool length:6
newest best op: Uniop(df,'Address1','205@@ marengo street',(['HospitalName'], {('eliza coffee memorial hospital',)}),{left: ("[FunctionalDependency:(s: {HospitalName}, t: {Address1})]", 0.0), operator: *, right: (1.0, 1.0), result: 0.0})
now error: 0.0
newest best op: Uniop(df,'Address1','205 marengo street',(['HospitalName'], {('eliza coffee memorial hospital',)}),{left: ("[FunctionalDependency:(s: {HospitalName}, t: {Address1})]", 0.0), operator: *, right: (1.0, 1.0), result: 0.0})
now error: 0.0
Block processing time: 0.114986 seconds
Computing Block 47 out of 55
Processing Block size=20
begin cleaner{left: ("[FunctionalDependency:(s: {HospitalName}, t: {Address1})]", 0.0), operator: *, right: (1.0, 1.0), result: 0.0}
列 'p' 不存在，对列 Address1 不过滤，直接选择所有非无效值。
clean_bool length:6
newest best op: Uniop(df,'Address1','#150 gilbreath drive',(['HospitalName'], {('st vincents blount',)}),{left: ("[FunctionalDependency:(s: {HospitalName}, t: {Address1})]", 0.0), operator: *, right: (1.0, 1.0), result: 0.0})
now error: 0.0
newest best op: Uniop(df,'Address1','150 gilbreath drive',(['HospitalName'], {('st vincents blount',)}),{left: ("[FunctionalDependency:(s: {HospitalName}, t: {Address1})]", 0.0), operator: *, right: (1.0, 1.0), result: 0.0})
now error: 0.0
Block processing time: 0.093402 seconds
Computing Block 48 out of 55
Processing Block size=17
begin cleaner{left: ("[FunctionalDependency:(s: {HospitalName}, t: {Address1})]", 0.0), operator: *, right: (1.0, 1.0), result: 0.0}
列 'p' 不存在，对列 Address1 不过滤，直接选择所有非无效值。
clean_bool length:4
newest best op: Uniop(df,'Address1','31%5 w hickory s%t',(['HospitalName'], {('coosa valley medical center',)}),{left: ("[FunctionalDependency:(s: {HospitalName}, t: {Address1})]", 0.0), operator: *, right: (1.0, 1.0), result: 0.0})
now error: 0.0
newest best op: Uniop(df,'Address1','315 w hickory st',(['HospitalName'], {('coosa valley medical center',)}),{left: ("[FunctionalDependency:(s: {HospitalName}, t: {Address1})]", 0.0), operator: *, right: (1.0, 1.0), result: 0.0})
now error: 0.0
Block processing time: 0.052579 seconds
Computing Block 50 out of 55
Processing Block size=25
begin cleaner{left: ("[FunctionalDependency:(s: {HospitalName}, t: {Address1})]", 0.0), operator: *, right: (1.0, 1.0), result: 0.0}
列 'p' 不存在，对列 Address1 不过滤，直接选择所有非无效值。
clean_bool length:8
newest best op: Uniop(df,'Address1','619 south?? 19th$ street',(['HospitalName'], {('university of alabama hospital',)}),{left: ("[FunctionalDependency:(s: {HospitalName}, t: {Address1})]", 0.0), operator: *, right: (1.0, 1.0), result: 0.0})
now error: 0.0
newest best op: Uniop(df,'Address1','619 so@@uth 19th street',(['HospitalName'], {('university of alabama hospital',)}),{left: ("[FunctionalDependency:(s: {HospitalName}, t: {Address1})]", 0.0), operator: *, right: (1.0, 1.0), result: 0.0})
now error: 0.0
newest best op: Uniop(df,'Address1','619 south 19th street',(['HospitalName'], {('university of alabama hospital',)}),{left: ("[FunctionalDependency:(s: {HospitalName}, t: {Address1})]", 0.0), operator: *, right: (1.0, 1.0), result: 0.0})
now error: 0.0
Block processing time: 0.158588 seconds
Computing Block 52 out of 55
Processing Block size=22
begin cleaner{left: ("[FunctionalDependency:(s: {HospitalName}, t: {Address1})]", 0.0), operator: *, right: (1.0, 1.0), result: 0.0}
列 'p' 不存在，对列 Address1 不过滤，直接选择所有非无效值。
clean_bool length:4
newest best op: Uniop(df,'Address1','200 med center$ drive',(['HospitalName'], {('dekalb regional medical center',)}),{left: ("[FunctionalDependency:(s: {HospitalName}, t: {Address1})]", 0.0), operator: *, right: (1.0, 1.0), result: 0.0})
now error: 0.0
newest best op: Uniop(df,'Address1','200 med center drive',(['HospitalName'], {('dekalb regional medical center',)}),{left: ("[FunctionalDependency:(s: {HospitalName}, t: {Address1})]", 0.0), operator: *, right: (1.0, 1.0), result: 0.0})
now error: 0.0
Block processing time: 0.066621 seconds
Computing Block 53 out of 55
Processing Block size=24
begin cleaner{left: ("[FunctionalDependency:(s: {HospitalName}, t: {Address1})]", 0.0), operator: *, right: (1.0, 1.0), result: 0.0}
列 'p' 不存在，对列 Address1 不过滤，直接选择所有非无效值。
clean_bool length:9
newest best op: Uniop(df,'Address1','126 hospital ??a??ve',(['HospitalName'], {('dale medical center',)}),{left: ("[FunctionalDependency:(s: {HospitalName}, t: {Address1})]", 0.0), operator: *, right: (1.0, 1.0), result: 0.0})
now error: 0.0
newest best op: Uniop(df,'Address1','126 hospital# ave',(['HospitalName'], {('dale medical center',)}),{left: ("[FunctionalDependency:(s: {HospitalName}, t: {Address1})]", 0.0), operator: *, right: (1.0, 1.0), result: 0.0})
now error: 0.0
newest best op: Uniop(df,'Address1','126 hospital ave',(['HospitalName'], {('dale medical center',)}),{left: ("[FunctionalDependency:(s: {HospitalName}, t: {Address1})]", 0.0), operator: *, right: (1.0, 1.0), result: 0.0})
now error: 0.0
Block processing time: 0.164951 seconds
  当前节点: Address1 有 43 个清洗操作
  当前节点: HospitalOwner 存在可用清洗信号
数据块大小: 1000
分块属性:
[['HospitalName']]
Starting initial block mapping...
Initial number of blocks: 55
Final number of blocks after further splitting: 55
Computing Block 1 out of 55
Processing Block size=24
begin cleaner[FunctionalDependency:(s: {'HospitalName'}, t: {'HospitalOwner'})]*1.0
列 'p' 不存在，对列 HospitalOwner 不过滤，直接选择所有非无效值。
clean_bool length:8
newest best op: Uniop(df,'HospitalOwner','government - h#ospital district or authority',(['HospitalName'], {('cullman regional medical center',)}),{left: ("[FunctionalDependency:(s: {HospitalName}, t: {HospitalOwner})]", 0.0), operator: *, right: (1.0, 1.0), result: 0.0})
now error: 0.0
newest best op: Uniop(df,'HospitalOwner','government - hospital district or authority',(['HospitalName'], {('cullman regional medical center',)}),{left: ("[FunctionalDependency:(s: {HospitalName}, t: {HospitalOwner})]", 0.0), operator: *, right: (1.0, 1.0), result: 0.0})
now error: 0.0
Block processing time: 0.192429 seconds
Computing Block 2 out of 55
Processing Block size=25
begin cleaner{left: ("[FunctionalDependency:(s: {HospitalName}, t: {HospitalOwner})]", 0.0), operator: *, right: (1.0, 1.0), result: 0.0}
列 'p' 不存在，对列 HospitalOwner 不过滤，直接选择所有非无效值。
clean_bool length:5
newest best op: Uniop(df,'HospitalOwner','governmen??t - hospital district or authority',(['HospitalName'], {('southeast alabama medical center',)}),{left: ("[FunctionalDependency:(s: {HospitalName}, t: {HospitalOwner})]", 0.0), operator: *, right: (1.0, 1.0), result: 0.0})
now error: 0.0
newest best op: Uniop(df,'HospitalOwner','government - hospital district or authority',(['HospitalName'], {('southeast alabama medical center',)}),{left: ("[FunctionalDependency:(s: {HospitalName}, t: {HospitalOwner})]", 0.0), operator: *, right: (1.0, 1.0), result: 0.0})
now error: 0.0
Block processing time: 0.119175 seconds
Computing Block 3 out of 55
Processing Block size=2
begin cleaner{left: ("[FunctionalDependency:(s: {HospitalName}, t: {HospitalOwner})]", 0.0), operator: *, right: (1.0, 1.0), result: 0.0}
列 'p' 不存在，对列 HospitalOwner 不过滤，直接选择所有非无效值。
clean_bool length:3
newest best op: Uniop(df,'HospitalOwner','government - federal',(['HospitalName'], {('yukon kuskokwim delta reg hospital',)}),{left: ("[FunctionalDependency:(s: {HospitalName}, t: {HospitalOwner})]", 0.0), operator: *, right: (1.0, 1.0), result: 0.0})
now error: 0.0
Block processing time: 0.005667 seconds
Computing Block 4 out of 55
Processing Block size=17
begin cleaner{left: ("[FunctionalDependency:(s: {HospitalName}, t: {HospitalOwner})]", 0.0), operator: *, right: (1.0, 1.0), result: 0.0}
列 'p' 不存在，对列 HospitalOwner 不过滤，直接选择所有非无效值。
clean_bool length:5
newest best op: Uniop(df,'HospitalOwner','proprie??t$ary',(['HospitalName'], {('flowers hospital',)}),{left: ("[FunctionalDependency:(s: {HospitalName}, t: {HospitalOwner})]", 0.0), operator: *, right: (1.0, 1.0), result: 0.0})
now error: 0.0
newest best op: Uniop(df,'HospitalOwner','pro#prietar$y',(['HospitalName'], {('flowers hospital',)}),{left: ("[FunctionalDependency:(s: {HospitalName}, t: {HospitalOwner})]", 0.0), operator: *, right: (1.0, 1.0), result: 0.0})
now error: 0.0
newest best op: Uniop(df,'HospitalOwner','proprietary',(['HospitalName'], {('flowers hospital',)}),{left: ("[FunctionalDependency:(s: {HospitalName}, t: {HospitalOwner})]", 0.0), operator: *, right: (1.0, 1.0), result: 0.0})
now error: 0.0
Block processing time: 0.062975 seconds
Computing Block 6 out of 55
Processing Block size=24
begin cleaner{left: ("[FunctionalDependency:(s: {HospitalName}, t: {HospitalOwner})]", 0.0), operator: *, right: (1.0, 1.0), result: 0.0}
列 'p' 不存在，对列 HospitalOwner 不过滤，直接选择所有非无效值。
clean_bool length:4
newest best op: Uniop(df,'HospitalOwner','voluntary non-profit - $private',(['HospitalName'], {('cherokee medical center',)}),{left: ("[FunctionalDependency:(s: {HospitalName}, t: {HospitalOwner})]", 0.0), operator: *, right: (1.0, 1.0), result: 0.0})
now error: 0.0
newest best op: Uniop(df,'HospitalOwner','voluntary non-profit - private',(['HospitalName'], {('cherokee medical center',)}),{left: ("[FunctionalDependency:(s: {HospitalName}, t: {HospitalOwner})]", 0.0), operator: *, right: (1.0, 1.0), result: 0.0})
now error: 0.0
Block processing time: 0.077695 seconds
Computing Block 7 out of 55
Processing Block size=25
begin cleaner{left: ("[FunctionalDependency:(s: {HospitalName}, t: {HospitalOwner})]", 0.0), operator: *, right: (1.0, 1.0), result: 0.0}
列 'p' 不存在，对列 HospitalOwner 不过滤，直接选择所有非无效值。
clean_bool length:3
newest best op: Uniop(df,'HospitalOwner','pr$#oprietary',(['HospitalName'], {('andalusia regional hospital',)}),{left: ("[FunctionalDependency:(s: {HospitalName}, t: {HospitalOwner})]", 0.0), operator: *, right: (1.0, 1.0), result: 0.0})
now error: 0.0
newest best op: Uniop(df,'HospitalOwner','proprietary',(['HospitalName'], {('andalusia regional hospital',)}),{left: ("[FunctionalDependency:(s: {HospitalName}, t: {HospitalOwner})]", 0.0), operator: *, right: (1.0, 1.0), result: 0.0})
now error: 0.0
Block processing time: 0.054226 seconds
Computing Block 8 out of 55
Processing Block size=25
begin cleaner{left: ("[FunctionalDependency:(s: {HospitalName}, t: {HospitalOwner})]", 0.0), operator: *, right: (1.0, 1.0), result: 0.0}
列 'p' 不存在，对列 HospitalOwner 不过滤，直接选择所有非无效值。
clean_bool length:7
newest best op: Uniop(df,'HospitalOwner','voluntary non-profit - pr#@@ivate',(['HospitalName'], {('callahan eye foundation hospital',)}),{left: ("[FunctionalDependency:(s: {HospitalName}, t: {HospitalOwner})]", 0.0), operator: *, right: (1.0, 1.0), result: 0.0})
now error: 0.0
newest best op: Uniop(df,'HospitalOwner','voluntar$y non-profit ??- private',(['HospitalName'], {('callahan eye foundation hospital',)}),{left: ("[FunctionalDependency:(s: {HospitalName}, t: {HospitalOwner})]", 0.0), operator: *, right: (1.0, 1.0), result: 0.0})
now error: 0.0
newest best op: Uniop(df,'HospitalOwner','voluntary non-profit - private',(['HospitalName'], {('callahan eye foundation hospital',)}),{left: ("[FunctionalDependency:(s: {HospitalName}, t: {HospitalOwner})]", 0.0), operator: *, right: (1.0, 1.0), result: 0.0})
now error: 0.0
Block processing time: 0.151798 seconds
Computing Block 10 out of 55
Processing Block size=25
begin cleaner{left: ("[FunctionalDependency:(s: {HospitalName}, t: {HospitalOwner})]", 0.0), operator: *, right: (1.0, 1.0), result: 0.0}
列 'p' 不存在，对列 HospitalOwner 不过滤，直接选择所有非无效值。
clean_bool length:5
newest best op: Uniop(df,'HospitalOwner','proprieta%#ry',(['HospitalName'], {('gadsden regional medical center',)}),{left: ("[FunctionalDependency:(s: {HospitalName}, t: {HospitalOwner})]", 0.0), operator: *, right: (1.0, 1.0), result: 0.0})
now error: 0.0
newest best op: Uniop(df,'HospitalOwner','proprietary',(['HospitalName'], {('gadsden regional medical center',)}),{left: ("[FunctionalDependency:(s: {HospitalName}, t: {HospitalOwner})]", 0.0), operator: *, right: (1.0, 1.0), result: 0.0})
now error: 0.0
Block processing time: 0.092681 seconds
Computing Block 12 out of 55
Processing Block size=24
begin cleaner{left: ("[FunctionalDependency:(s: {HospitalName}, t: {HospitalOwner})]", 0.0), operator: *, right: (1.0, 1.0), result: 0.0}
列 'p' 不存在，对列 HospitalOwner 不过滤，直接选择所有非无效值。
clean_bool length:3
newest best op: Uniop(df,'HospitalOwner','voluntary non-p$rofit @@- private',(['HospitalName'], {('mizell memorial hospital',)}),{left: ("[FunctionalDependency:(s: {HospitalName}, t: {HospitalOwner})]", 0.0), operator: *, right: (1.0, 1.0), result: 0.0})
now error: 0.0
newest best op: Uniop(df,'HospitalOwner','voluntary non-profit - private',(['HospitalName'], {('mizell memorial hospital',)}),{left: ("[FunctionalDependency:(s: {HospitalName}, t: {HospitalOwner})]", 0.0), operator: *, right: (1.0, 1.0), result: 0.0})
now error: 0.0
Block processing time: 0.055087 seconds
Computing Block 14 out of 55
Processing Block size=26
begin cleaner{left: ("[FunctionalDependency:(s: {HospitalName}, t: {HospitalOwner})]", 0.0), operator: *, right: (1.0, 1.0), result: 0.0}
列 'p' 不存在，对列 HospitalOwner 不过滤，直接选择所有非无效值。
clean_bool length:4
newest best op: Uniop(df,'HospitalOwner','proprietar@@y',(['HospitalName'], {('stringfellow memorial hospital',)}),{left: ("[FunctionalDependency:(s: {HospitalName}, t: {HospitalOwner})]", 0.0), operator: *, right: (1.0, 1.0), result: 0.0})
now error: 0.0
newest best op: Uniop(df,'HospitalOwner','proprietary',(['HospitalName'], {('stringfellow memorial hospital',)}),{left: ("[FunctionalDependency:(s: {HospitalName}, t: {HospitalOwner})]", 0.0), operator: *, right: (1.0, 1.0), result: 0.0})
now error: 0.0
Block processing time: 0.07466 seconds
Computing Block 15 out of 55
Processing Block size=23
begin cleaner{left: ("[FunctionalDependency:(s: {HospitalName}, t: {HospitalOwner})]", 0.0), operator: *, right: (1.0, 1.0), result: 0.0}
列 'p' 不存在，对列 HospitalOwner 不过滤，直接选择所有非无效值。
clean_bool length:5
newest best op: Uniop(df,'HospitalOwner','volun??tary non-pr%ofit - private',(['HospitalName'], {('georgiana hospital',)}),{left: ("[FunctionalDependency:(s: {HospitalName}, t: {HospitalOwner})]", 0.0), operator: *, right: (1.0, 1.0), result: 0.0})
now error: 0.0
newest best op: Uniop(df,'HospitalOwner','voluntary non-profit - privat%e',(['HospitalName'], {('georgiana hospital',)}),{left: ("[FunctionalDependency:(s: {HospitalName}, t: {HospitalOwner})]", 0.0), operator: *, right: (1.0, 1.0), result: 0.0})
now error: 0.0
newest best op: Uniop(df,'HospitalOwner','voluntary non-profit - private',(['HospitalName'], {('georgiana hospital',)}),{left: ("[FunctionalDependency:(s: {HospitalName}, t: {HospitalOwner})]", 0.0), operator: *, right: (1.0, 1.0), result: 0.0})
now error: 0.0
Block processing time: 0.092732 seconds
Computing Block 16 out of 55
Processing Block size=11
begin cleaner{left: ("[FunctionalDependency:(s: {HospitalName}, t: {HospitalOwner})]", 0.0), operator: *, right: (1.0, 1.0), result: 0.0}
列 'p' 不存在，对列 HospitalOwner 不过滤，直接选择所有非无效值。
clean_bool length:3
newest best op: Uniop(df,'HospitalOwner','government - state',(['HospitalName'], {('univ of south alabama medical center',)}),{left: ("[FunctionalDependency:(s: {HospitalName}, t: {HospitalOwner})]", 0.0), operator: *, right: (1.0, 1.0), result: 0.0})
now error: 0.0
Block processing time: 0.02479 seconds
Computing Block 18 out of 55
Processing Block size=18
begin cleaner{left: ("[FunctionalDependency:(s: {HospitalName}, t: {HospitalOwner})]", 0.0), operator: *, right: (1.0, 1.0), result: 0.0}
列 'p' 不存在，对列 HospitalOwner 不过滤，直接选择所有非无效值。
clean_bool length:3
newest best op: Uniop(df,'HospitalOwner','pr#oprietar$y',(['HospitalName'], {('alaska regional hospital',)}),{left: ("[FunctionalDependency:(s: {HospitalName}, t: {HospitalOwner})]", 0.0), operator: *, right: (1.0, 1.0), result: 0.0})
now error: 0.0
newest best op: Uniop(df,'HospitalOwner','proprietary',(['HospitalName'], {('alaska regional hospital',)}),{left: ("[FunctionalDependency:(s: {HospitalName}, t: {HospitalOwner})]", 0.0), operator: *, right: (1.0, 1.0), result: 0.0})
now error: 0.0
Block processing time: 0.039188 seconds
Computing Block 20 out of 55
Processing Block size=25
begin cleaner{left: ("[FunctionalDependency:(s: {HospitalName}, t: {HospitalOwner})]", 0.0), operator: *, right: (1.0, 1.0), result: 0.0}
列 'p' 不存在，对列 HospitalOwner 不过滤，直接选择所有非无效值。
clean_bool length:4
newest best op: Uniop(df,'HospitalOwner','go@@v#ernment - local',(['HospitalName'], {('wedowee hospital',)}),{left: ("[FunctionalDependency:(s: {HospitalName}, t: {HospitalOwner})]", 0.0), operator: *, right: (1.0, 1.0), result: 0.0})
now error: 0.0
newest best op: Uniop(df,'HospitalOwner','government - local',(['HospitalName'], {('wedowee hospital',)}),{left: ("[FunctionalDependency:(s: {HospitalName}, t: {HospitalOwner})]", 0.0), operator: *, right: (1.0, 1.0), result: 0.0})
now error: 0.0
Block processing time: 0.073487 seconds
Computing Block 21 out of 55
Processing Block size=25
begin cleaner{left: ("[FunctionalDependency:(s: {HospitalName}, t: {HospitalOwner})]", 0.0), operator: *, right: (1.0, 1.0), result: 0.0}
列 'p' 不存在，对列 HospitalOwner 不过滤，直接选择所有非无效值。
clean_bool length:5
newest best op: Uniop(df,'HospitalOwner','propr??ieta$ry',(['HospitalName'], {('northwest medical center',)}),{left: ("[FunctionalDependency:(s: {HospitalName}, t: {HospitalOwner})]", 0.0), operator: *, right: (1.0, 1.0), result: 0.0})
now error: 0.0
newest best op: Uniop(df,'HospitalOwner','#proprietary%',(['HospitalName'], {('northwest medical center',)}),{left: ("[FunctionalDependency:(s: {HospitalName}, t: {HospitalOwner})]", 0.0), operator: *, right: (1.0, 1.0), result: 0.0})
now error: 0.0
newest best op: Uniop(df,'HospitalOwner','proprietary',(['HospitalName'], {('northwest medical center',)}),{left: ("[FunctionalDependency:(s: {HospitalName}, t: {HospitalOwner})]", 0.0), operator: *, right: (1.0, 1.0), result: 0.0})
now error: 0.0
Block processing time: 0.091277 seconds
Computing Block 22 out of 55
Processing Block size=28
begin cleaner{left: ("[FunctionalDependency:(s: {HospitalName}, t: {HospitalOwner})]", 0.0), operator: *, right: (1.0, 1.0), result: 0.0}
列 'p' 不存在，对列 HospitalOwner 不过滤，直接选择所有非无效值。
clean_bool length:5
newest best op: Uniop(df,'HospitalOwner','gov@@ernment - hospital district or authority',(['HospitalName'], {('huntsville hospital',)}),{left: ("[FunctionalDependency:(s: {HospitalName}, t: {HospitalOwner})]", 0.0), operator: *, right: (1.0, 1.0), result: 0.0})
now error: 0.0
newest best op: Uniop(df,'HospitalOwner','government - hospital district or authority',(['HospitalName'], {('huntsville hospital',)}),{left: ("[FunctionalDependency:(s: {HospitalName}, t: {HospitalOwner})]", 0.0), operator: *, right: (1.0, 1.0), result: 0.0})
now error: 0.0
Block processing time: 0.129842 seconds
Computing Block 23 out of 55
Processing Block size=25
begin cleaner{left: ("[FunctionalDependency:(s: {HospitalName}, t: {HospitalOwner})]", 0.0), operator: *, right: (1.0, 1.0), result: 0.0}
列 'p' 不存在，对列 HospitalOwner 不过滤，直接选择所有非无效值。
clean_bool length:3
newest best op: Uniop(df,'HospitalOwner','voluntary #non-profit - other',(['HospitalName'], {('fayette medical center',)}),{left: ("[FunctionalDependency:(s: {HospitalName}, t: {HospitalOwner})]", 0.0), operator: *, right: (1.0, 1.0), result: 0.0})
now error: 0.0
newest best op: Uniop(df,'HospitalOwner','voluntary non-profit - other',(['HospitalName'], {('fayette medical center',)}),{left: ("[FunctionalDependency:(s: {HospitalName}, t: {HospitalOwner})]", 0.0), operator: *, right: (1.0, 1.0), result: 0.0})
now error: 0.0
Block processing time: 0.05604 seconds
Computing Block 24 out of 55
Processing Block size=2
begin cleaner{left: ("[FunctionalDependency:(s: {HospitalName}, t: {HospitalOwner})]", 0.0), operator: *, right: (1.0, 1.0), result: 0.0}
列 'p' 不存在，对列 HospitalOwner 不过滤，直接选择所有非无效值。
Block processing time: 0.001619 seconds
Computing Block 25 out of 55
Processing Block size=25
begin cleaner{left: ("[FunctionalDependency:(s: {HospitalName}, t: {HospitalOwner})]", 0.0), operator: *, right: (1.0, 1.0), result: 0.0}
列 'p' 不存在，对列 HospitalOwner 不过滤，直接选择所有非无效值。
clean_bool length:5
newest best op: Uniop(df,'HospitalOwner','voluntary non%-profit - private',(['HospitalName'], {('st vincents east',)}),{left: ("[FunctionalDependency:(s: {HospitalName}, t: {HospitalOwner})]", 0.0), operator: *, right: (1.0, 1.0), result: 0.0})
now error: 0.0
newest best op: Uniop(df,'HospitalOwner','voluntary non-profit - private',(['HospitalName'], {('st vincents east',)}),{left: ("[FunctionalDependency:(s: {HospitalName}, t: {HospitalOwner})]", 0.0), operator: *, right: (1.0, 1.0), result: 0.0})
now error: 0.0
Block processing time: 0.100769 seconds
Computing Block 26 out of 55
Processing Block size=24
begin cleaner{left: ("[FunctionalDependency:(s: {HospitalName}, t: {HospitalOwner})]", 0.0), operator: *, right: (1.0, 1.0), result: 0.0}
列 'p' 不存在，对列 HospitalOwner 不过滤，直接选择所有非无效值。
clean_bool length:5
newest best op: Uniop(df,'HospitalOwner','g@@overnment - federal',(['HospitalName'], {('crenshaw community hospital',)}),{left: ("[FunctionalDependency:(s: {HospitalName}, t: {HospitalOwner})]", 0.0), operator: *, right: (1.0, 1.0), result: 0.0})
now error: 0.0
newest best op: Uniop(df,'HospitalOwner','government -# federal',(['HospitalName'], {('crenshaw community hospital',)}),{left: ("[FunctionalDependency:(s: {HospitalName}, t: {HospitalOwner})]", 0.0), operator: *, right: (1.0, 1.0), result: 0.0})
now error: 0.0
newest best op: Uniop(df,'HospitalOwner','government - federal',(['HospitalName'], {('crenshaw community hospital',)}),{left: ("[FunctionalDependency:(s: {HospitalName}, t: {HospitalOwner})]", 0.0), operator: *, right: (1.0, 1.0), result: 0.0})
now error: 0.0
Block processing time: 0.091165 seconds
Computing Block 27 out of 55
Processing Block size=25
begin cleaner{left: ("[FunctionalDependency:(s: {HospitalName}, t: {HospitalOwner})]", 0.0), operator: *, right: (1.0, 1.0), result: 0.0}
列 'p' 不存在，对列 HospitalOwner 不过滤，直接选择所有非无效值。
clean_bool length:3
newest best op: Uniop(df,'HospitalOwner','voluntary non-profit - other',(['HospitalName'], {('elba general hospital',)}),{left: ("[FunctionalDependency:(s: {HospitalName}, t: {HospitalOwner})]", 0.0), operator: *, right: (1.0, 1.0), result: 0.0})
now error: 0.0
Block processing time: 0.05606 seconds
Computing Block 28 out of 55
Processing Block size=25
begin cleaner{left: ("[FunctionalDependency:(s: {HospitalName}, t: {HospitalOwner})]", 0.0), operator: *, right: (1.0, 1.0), result: 0.0}
列 'p' 不存在，对列 HospitalOwner 不过滤，直接选择所有非无效值。
clean_bool length:6
newest best op: Uniop(df,'HospitalOwner','%voluntary $non-profit - church',(['HospitalName'], {('shelby baptist medical center',)}),{left: ("[FunctionalDependency:(s: {HospitalName}, t: {HospitalOwner})]", 0.0), operator: *, right: (1.0, 1.0), result: 0.0})
now error: 0.0
newest best op: Uniop(df,'HospitalOwner','voluntary no$n-profit - church',(['HospitalName'], {('shelby baptist medical center',)}),{left: ("[FunctionalDependency:(s: {HospitalName}, t: {HospitalOwner})]", 0.0), operator: *, right: (1.0, 1.0), result: 0.0})
now error: 0.0
newest best op: Uniop(df,'HospitalOwner','voluntary non-profit - church',(['HospitalName'], {('shelby baptist medical center',)}),{left: ("[FunctionalDependency:(s: {HospitalName}, t: {HospitalOwner})]", 0.0), operator: *, right: (1.0, 1.0), result: 0.0})
now error: 0.0
Block processing time: 0.123489 seconds
Computing Block 29 out of 55
Processing Block size=25
begin cleaner{left: ("[FunctionalDependency:(s: {HospitalName}, t: {HospitalOwner})]", 0.0), operator: *, right: (1.0, 1.0), result: 0.0}
列 'p' 不存在，对列 HospitalOwner 不过滤，直接选择所有非无效值。
clean_bool length:5
newest best op: Uniop(df,'HospitalOwner','voluntary non-profit - chu$rch',(['HospitalName'], {('baptist medical center south',)}),{left: ("[FunctionalDependency:(s: {HospitalName}, t: {HospitalOwner})]", 0.0), operator: *, right: (1.0, 1.0), result: 0.0})
now error: 0.0
newest best op: Uniop(df,'HospitalOwner','voluntary non-profit - church',(['HospitalName'], {('baptist medical center south',)}),{left: ("[FunctionalDependency:(s: {HospitalName}, t: {HospitalOwner})]", 0.0), operator: *, right: (1.0, 1.0), result: 0.0})
now error: 0.0
Block processing time: 0.103851 seconds
Computing Block 30 out of 55
Processing Block size=25
begin cleaner{left: ("[FunctionalDependency:(s: {HospitalName}, t: {HospitalOwner})]", 0.0), operator: *, right: (1.0, 1.0), result: 0.0}
列 'p' 不存在，对列 HospitalOwner 不过滤，直接选择所有非无效值。
clean_bool length:3
newest best op: Uniop(df,'HospitalOwner','g@@overnment - hospital district or authorit??y',(['HospitalName'], {('helen keller memorial hospital',)}),{left: ("[FunctionalDependency:(s: {HospitalName}, t: {HospitalOwner})]", 0.0), operator: *, right: (1.0, 1.0), result: 0.0})
now error: 0.0
newest best op: Uniop(df,'HospitalOwner','government - hospital district or authority',(['HospitalName'], {('helen keller memorial hospital',)}),{left: ("[FunctionalDependency:(s: {HospitalName}, t: {HospitalOwner})]", 0.0), operator: *, right: (1.0, 1.0), result: 0.0})
now error: 0.0
Block processing time: 0.061917 seconds
Computing Block 31 out of 55
Processing Block size=25
begin cleaner{left: ("[FunctionalDependency:(s: {HospitalName}, t: {HospitalOwner})]", 0.0), operator: *, right: (1.0, 1.0), result: 0.0}
列 'p' 不存在，对列 HospitalOwner 不过滤，直接选择所有非无效值。
clean_bool length:5
newest best op: Uniop(df,'HospitalOwner','governme$nt - hos$pital district or authority',(['HospitalName'], {('marshall medical center south',)}),{left: ("[FunctionalDependency:(s: {HospitalName}, t: {HospitalOwner})]", 0.0), operator: *, right: (1.0, 1.0), result: 0.0})
now error: 0.0
newest best op: Uniop(df,'HospitalOwner','government - hospital %district or authority',(['HospitalName'], {('marshall medical center south',)}),{left: ("[FunctionalDependency:(s: {HospitalName}, t: {HospitalOwner})]", 0.0), operator: *, right: (1.0, 1.0), result: 0.0})
now error: 0.0
newest best op: Uniop(df,'HospitalOwner','government - hospital district or authority',(['HospitalName'], {('marshall medical center south',)}),{left: ("[FunctionalDependency:(s: {HospitalName}, t: {HospitalOwner})]", 0.0), operator: *, right: (1.0, 1.0), result: 0.0})
now error: 0.0
Block processing time: 0.115618 seconds
Computing Block 32 out of 55
Processing Block size=5
begin cleaner{left: ("[FunctionalDependency:(s: {HospitalName}, t: {HospitalOwner})]", 0.0), operator: *, right: (1.0, 1.0), result: 0.0}
列 'p' 不存在，对列 HospitalOwner 不过滤，直接选择所有非无效值。
Block processing time: 0.0038 seconds
Computing Block 33 out of 55
Processing Block size=25
begin cleaner{left: ("[FunctionalDependency:(s: {HospitalName}, t: {HospitalOwner})]", 0.0), operator: *, right: (1.0, 1.0), result: 0.0}
列 'p' 不存在，对列 HospitalOwner 不过滤，直接选择所有非无效值。
clean_bool length:5
newest best op: Uniop(df,'HospitalOwner','voluntary n@@on-profit - private',(['HospitalName'], {('jackson hospital & clinic inc',)}),{left: ("[FunctionalDependency:(s: {HospitalName}, t: {HospitalOwner})]", 0.0), operator: *, right: (1.0, 1.0), result: 0.0})
now error: 0.0
newest best op: Uniop(df,'HospitalOwner','voluntary non-profit - private',(['HospitalName'], {('jackson hospital & clinic inc',)}),{left: ("[FunctionalDependency:(s: {HospitalName}, t: {HospitalOwner})]", 0.0), operator: *, right: (1.0, 1.0), result: 0.0})
now error: 0.0
Block processing time: 0.103667 seconds
Computing Block 34 out of 55
Processing Block size=25
begin cleaner{left: ("[FunctionalDependency:(s: {HospitalName}, t: {HospitalOwner})]", 0.0), operator: *, right: (1.0, 1.0), result: 0.0}
列 'p' 不存在，对列 HospitalOwner 不过滤，直接选择所有非无效值。
clean_bool length:7
newest best op: Uniop(df,'HospitalOwner','voluntary non@@-profit - private',(['HospitalName'], {('chilton medical center',)}),{left: ("[FunctionalDependency:(s: {HospitalName}, t: {HospitalOwner})]", 0.0), operator: *, right: (1.0, 1.0), result: 0.0})
now error: 0.0
newest best op: Uniop(df,'HospitalOwner','voluntary $non-profit - private',(['HospitalName'], {('chilton medical center',)}),{left: ("[FunctionalDependency:(s: {HospitalName}, t: {HospitalOwner})]", 0.0), operator: *, right: (1.0, 1.0), result: 0.0})
now error: 0.0
newest best op: Uniop(df,'HospitalOwner','voluntary non-profit - private',(['HospitalName'], {('chilton medical center',)}),{left: ("[FunctionalDependency:(s: {HospitalName}, t: {HospitalOwner})]", 0.0), operator: *, right: (1.0, 1.0), result: 0.0})
now error: 0.0
Block processing time: 0.14734 seconds
Computing Block 35 out of 55
Processing Block size=25
begin cleaner{left: ("[FunctionalDependency:(s: {HospitalName}, t: {HospitalOwner})]", 0.0), operator: *, right: (1.0, 1.0), result: 0.0}
列 'p' 不存在，对列 HospitalOwner 不过滤，直接选择所有非无效值。
clean_bool length:6
newest best op: Uniop(df,'HospitalOwner','??proprietary',(['HospitalName'], {('medical center enterprise',)}),{left: ("[FunctionalDependency:(s: {HospitalName}, t: {HospitalOwner})]", 0.0), operator: *, right: (1.0, 1.0), result: 0.0})
now error: 0.0
newest best op: Uniop(df,'HospitalOwner','proprieta#ry',(['HospitalName'], {('medical center enterprise',)}),{left: ("[FunctionalDependency:(s: {HospitalName}, t: {HospitalOwner})]", 0.0), operator: *, right: (1.0, 1.0), result: 0.0})
now error: 0.0
newest best op: Uniop(df,'HospitalOwner','proprietary',(['HospitalName'], {('medical center enterprise',)}),{left: ("[FunctionalDependency:(s: {HospitalName}, t: {HospitalOwner})]", 0.0), operator: *, right: (1.0, 1.0), result: 0.0})
now error: 0.0
Block processing time: 0.116103 seconds
Computing Block 36 out of 55
Processing Block size=24
begin cleaner{left: ("[FunctionalDependency:(s: {HospitalName}, t: {HospitalOwner})]", 0.0), operator: *, right: (1.0, 1.0), result: 0.0}
列 'p' 不存在，对列 HospitalOwner 不过滤，直接选择所有非无效值。
clean_bool length:5
newest best op: Uniop(df,'HospitalOwner','government - federal',(['HospitalName'], {('southwest alabama medical center',)}),{left: ("[FunctionalDependency:(s: {HospitalName}, t: {HospitalOwner})]", 0.0), operator: *, right: (1.0, 1.0), result: 0.0})
now error: 0.0
Block processing time: 0.091878 seconds
Computing Block 37 out of 55
Processing Block size=25
begin cleaner{left: ("[FunctionalDependency:(s: {HospitalName}, t: {HospitalOwner})]", 0.0), operator: *, right: (1.0, 1.0), result: 0.0}
列 'p' 不存在，对列 HospitalOwner 不过滤，直接选择所有非无效值。
Block processing time: 0.017664 seconds
Computing Block 38 out of 55
Processing Block size=25
begin cleaner{left: ("[FunctionalDependency:(s: {HospitalName}, t: {HospitalOwner})]", 0.0), operator: *, right: (1.0, 1.0), result: 0.0}
列 'p' 不存在，对列 HospitalOwner 不过滤，直接选择所有非无效值。
clean_bool length:5
newest best op: Uniop(df,'HospitalOwner','voluntary non-pr??ofit - private',(['HospitalName'], {('community hospital inc',)}),{left: ("[FunctionalDependency:(s: {HospitalName}, t: {HospitalOwner})]", 0.0), operator: *, right: (1.0, 1.0), result: 0.0})
now error: 0.0
newest best op: Uniop(df,'HospitalOwner','voluntary non-profit - private#',(['HospitalName'], {('community hospital inc',)}),{left: ("[FunctionalDependency:(s: {HospitalName}, t: {HospitalOwner})]", 0.0), operator: *, right: (1.0, 1.0), result: 0.0})
now error: 0.0
newest best op: Uniop(df,'HospitalOwner','voluntary non-profit - private',(['HospitalName'], {('community hospital inc',)}),{left: ("[FunctionalDependency:(s: {HospitalName}, t: {HospitalOwner})]", 0.0), operator: *, right: (1.0, 1.0), result: 0.0})
now error: 0.0
Block processing time: 0.102132 seconds
Computing Block 39 out of 55
Processing Block size=25
begin cleaner{left: ("[FunctionalDependency:(s: {HospitalName}, t: {HospitalOwner})]", 0.0), operator: *, right: (1.0, 1.0), result: 0.0}
列 'p' 不存在，对列 HospitalOwner 不过滤，直接选择所有非无效值。
clean_bool length:3
newest best op: Uniop(df,'HospitalOwner','voluntary no%n-profit - other',(['HospitalName'], {('g h lanier memorial hospital',)}),{left: ("[FunctionalDependency:(s: {HospitalName}, t: {HospitalOwner})]", 0.0), operator: *, right: (1.0, 1.0), result: 0.0})
now error: 0.0
newest best op: Uniop(df,'HospitalOwner','voluntary non-profit - other',(['HospitalName'], {('g h lanier memorial hospital',)}),{left: ("[FunctionalDependency:(s: {HospitalName}, t: {HospitalOwner})]", 0.0), operator: *, right: (1.0, 1.0), result: 0.0})
now error: 0.0
Block processing time: 0.056567 seconds
Computing Block 40 out of 55
Processing Block size=25
begin cleaner{left: ("[FunctionalDependency:(s: {HospitalName}, t: {HospitalOwner})]", 0.0), operator: *, right: (1.0, 1.0), result: 0.0}
列 'p' 不存在，对列 HospitalOwner 不过滤，直接选择所有非无效值。
clean_bool length:6
newest best op: Uniop(df,'HospitalOwner','g%overnment - hospital dis#trict or authority',(['HospitalName'], {('marshall medical center north',)}),{left: ("[FunctionalDependency:(s: {HospitalName}, t: {HospitalOwner})]", 0.0), operator: *, right: (1.0, 1.0), result: 0.0})
now error: 0.0
newest best op: Uniop(df,'HospitalOwner','government - hosp%ital district or authority',(['HospitalName'], {('marshall medical center north',)}),{left: ("[FunctionalDependency:(s: {HospitalName}, t: {HospitalOwner})]", 0.0), operator: *, right: (1.0, 1.0), result: 0.0})
now error: 0.0
newest best op: Uniop(df,'HospitalOwner','government - hospital district or authority',(['HospitalName'], {('marshall medical center north',)}),{left: ("[FunctionalDependency:(s: {HospitalName}, t: {HospitalOwner})]", 0.0), operator: *, right: (1.0, 1.0), result: 0.0})
now error: 0.0
Block processing time: 0.142906 seconds
Computing Block 41 out of 55
Processing Block size=25
begin cleaner{left: ("[FunctionalDependency:(s: {HospitalName}, t: {HospitalOwner})]", 0.0), operator: *, right: (1.0, 1.0), result: 0.0}
列 'p' 不存在，对列 HospitalOwner 不过滤，直接选择所有非无效值。
clean_bool length:5
newest best op: Uniop(df,'HospitalOwner','volun@@tary non-profit - private',(['HospitalName'], {('marion regional medical center',)}),{left: ("[FunctionalDependency:(s: {HospitalName}, t: {HospitalOwner})]", 0.0), operator: *, right: (1.0, 1.0), result: 0.0})
now error: 0.0
newest best op: Uniop(df,'HospitalOwner','voluntary non-profit - private',(['HospitalName'], {('marion regional medical center',)}),{left: ("[FunctionalDependency:(s: {HospitalName}, t: {HospitalOwner})]", 0.0), operator: *, right: (1.0, 1.0), result: 0.0})
now error: 0.0
Block processing time: 0.103828 seconds
Computing Block 42 out of 55
Processing Block size=24
begin cleaner{left: ("[FunctionalDependency:(s: {HospitalName}, t: {HospitalOwner})]", 0.0), operator: *, right: (1.0, 1.0), result: 0.0}
列 'p' 不存在，对列 HospitalOwner 不过滤，直接选择所有非无效值。
clean_bool length:3
newest best op: Uniop(df,'HospitalOwner','government - hospital district or authority',(['HospitalName'], {('east alabama medical center and snf',)}),{left: ("[FunctionalDependency:(s: {HospitalName}, t: {HospitalOwner})]", 0.0), operator: *, right: (1.0, 1.0), result: 0.0})
now error: 0.0
Block processing time: 0.060349 seconds
Computing Block 43 out of 55
Processing Block size=19
begin cleaner{left: ("[FunctionalDependency:(s: {HospitalName}, t: {HospitalOwner})]", 0.0), operator: *, right: (1.0, 1.0), result: 0.0}
列 'p' 不存在，对列 HospitalOwner 不过滤，直接选择所有非无效值。
clean_bool length:5
newest best op: Uniop(df,'HospitalOwner','voluntary n@@on-profit - private',(['HospitalName'], {('prattville baptist hospital',)}),{left: ("[FunctionalDependency:(s: {HospitalName}, t: {HospitalOwner})]", 0.0), operator: *, right: (1.0, 1.0), result: 0.0})
now error: 0.0
newest best op: Uniop(df,'HospitalOwner','voluntary non-profit - private',(['HospitalName'], {('prattville baptist hospital',)}),{left: ("[FunctionalDependency:(s: {HospitalName}, t: {HospitalOwner})]", 0.0), operator: *, right: (1.0, 1.0), result: 0.0})
now error: 0.0
Block processing time: 0.080126 seconds
Computing Block 44 out of 55
Processing Block size=28
begin cleaner{left: ("[FunctionalDependency:(s: {HospitalName}, t: {HospitalOwner})]", 0.0), operator: *, right: (1.0, 1.0), result: 0.0}
列 'p' 不存在，对列 HospitalOwner 不过滤，直接选择所有非无效值。
clean_bool length:6
newest best op: Uniop(df,'HospitalOwner','pro%prietary',(['HospitalName'], {('riverview regional medical center',)}),{left: ("[FunctionalDependency:(s: {HospitalName}, t: {HospitalOwner})]", 0.0), operator: *, right: (1.0, 1.0), result: 0.0})
now error: 0.0
newest best op: Uniop(df,'HospitalOwner','propr#ietary',(['HospitalName'], {('riverview regional medical center',)}),{left: ("[FunctionalDependency:(s: {HospitalName}, t: {HospitalOwner})]", 0.0), operator: *, right: (1.0, 1.0), result: 0.0})
now error: 0.0
newest best op: Uniop(df,'HospitalOwner','proprietary',(['HospitalName'], {('riverview regional medical center',)}),{left: ("[FunctionalDependency:(s: {HospitalName}, t: {HospitalOwner})]", 0.0), operator: *, right: (1.0, 1.0), result: 0.0})
now error: 0.0
Block processing time: 0.123331 seconds
Computing Block 45 out of 55
Processing Block size=25
begin cleaner{left: ("[FunctionalDependency:(s: {HospitalName}, t: {HospitalOwner})]", 0.0), operator: *, right: (1.0, 1.0), result: 0.0}
列 'p' 不存在，对列 HospitalOwner 不过滤，直接选择所有非无效值。
clean_bool length:3
newest best op: Uniop(df,'HospitalOwner','voluntary non-profit - other',(['HospitalName'], {('eliza coffee memorial hospital',)}),{left: ("[FunctionalDependency:(s: {HospitalName}, t: {HospitalOwner})]", 0.0), operator: *, right: (1.0, 1.0), result: 0.0})
now error: 0.0
Block processing time: 0.059307 seconds
Computing Block 47 out of 55
Processing Block size=20
begin cleaner{left: ("[FunctionalDependency:(s: {HospitalName}, t: {HospitalOwner})]", 0.0), operator: *, right: (1.0, 1.0), result: 0.0}
列 'p' 不存在，对列 HospitalOwner 不过滤，直接选择所有非无效值。
clean_bool length:6
newest best op: Uniop(df,'HospitalOwner','voluntary non-profit@@ - private',(['HospitalName'], {('st vincents blount',)}),{left: ("[FunctionalDependency:(s: {HospitalName}, t: {HospitalOwner})]", 0.0), operator: *, right: (1.0, 1.0), result: 0.0})
now error: 0.0
newest best op: Uniop(df,'HospitalOwner','voluntary no%n-profit - private',(['HospitalName'], {('st vincents blount',)}),{left: ("[FunctionalDependency:(s: {HospitalName}, t: {HospitalOwner})]", 0.0), operator: *, right: (1.0, 1.0), result: 0.0})
now error: 0.0
newest best op: Uniop(df,'HospitalOwner','voluntary non-profit - private',(['HospitalName'], {('st vincents blount',)}),{left: ("[FunctionalDependency:(s: {HospitalName}, t: {HospitalOwner})]", 0.0), operator: *, right: (1.0, 1.0), result: 0.0})
now error: 0.0
Block processing time: 0.106295 seconds
Computing Block 48 out of 55
Processing Block size=17
begin cleaner{left: ("[FunctionalDependency:(s: {HospitalName}, t: {HospitalOwner})]", 0.0), operator: *, right: (1.0, 1.0), result: 0.0}
列 'p' 不存在，对列 HospitalOwner 不过滤，直接选择所有非无效值。
clean_bool length:4
newest best op: Uniop(df,'HospitalOwner','voluntary non-pr??ofit - $other',(['HospitalName'], {('coosa valley medical center',)}),{left: ("[FunctionalDependency:(s: {HospitalName}, t: {HospitalOwner})]", 0.0), operator: *, right: (1.0, 1.0), result: 0.0})
now error: 0.0
newest best op: Uniop(df,'HospitalOwner','voluntary non-profit - other',(['HospitalName'], {('coosa valley medical center',)}),{left: ("[FunctionalDependency:(s: {HospitalName}, t: {HospitalOwner})]", 0.0), operator: *, right: (1.0, 1.0), result: 0.0})
now error: 0.0
Block processing time: 0.057395 seconds
Computing Block 50 out of 55
Processing Block size=25
begin cleaner{left: ("[FunctionalDependency:(s: {HospitalName}, t: {HospitalOwner})]", 0.0), operator: *, right: (1.0, 1.0), result: 0.0}
列 'p' 不存在，对列 HospitalOwner 不过滤，直接选择所有非无效值。
clean_bool length:2
newest best op: Uniop(df,'HospitalOwner','government - state',(['HospitalName'], {('university of alabama hospital',)}),{left: ("[FunctionalDependency:(s: {HospitalName}, t: {HospitalOwner})]", 0.0), operator: *, right: (1.0, 1.0), result: 0.0})
now error: 0.0
Block processing time: 0.037126 seconds
Computing Block 52 out of 55
Processing Block size=22
begin cleaner{left: ("[FunctionalDependency:(s: {HospitalName}, t: {HospitalOwner})]", 0.0), operator: *, right: (1.0, 1.0), result: 0.0}
列 'p' 不存在，对列 HospitalOwner 不过滤，直接选择所有非无效值。
clean_bool length:3
newest best op: Uniop(df,'HospitalOwner','voluntary non-profit - church',(['HospitalName'], {('dekalb regional medical center',)}),{left: ("[FunctionalDependency:(s: {HospitalName}, t: {HospitalOwner})]", 0.0), operator: *, right: (1.0, 1.0), result: 0.0})
now error: 0.0
Block processing time: 0.053192 seconds
Computing Block 53 out of 55
Processing Block size=24
begin cleaner{left: ("[FunctionalDependency:(s: {HospitalName}, t: {HospitalOwner})]", 0.0), operator: *, right: (1.0, 1.0), result: 0.0}
列 'p' 不存在，对列 HospitalOwner 不过滤，直接选择所有非无效值。
clean_bool length:4
newest best op: Uniop(df,'HospitalOwner','government @@-# hospital district or authority',(['HospitalName'], {('dale medical center',)}),{left: ("[FunctionalDependency:(s: {HospitalName}, t: {HospitalOwner})]", 0.0), operator: *, right: (1.0, 1.0), result: 0.0})
now error: 0.0
newest best op: Uniop(df,'HospitalOwner','government - hospital district or authority',(['HospitalName'], {('dale medical center',)}),{left: ("[FunctionalDependency:(s: {HospitalName}, t: {HospitalOwner})]", 0.0), operator: *, right: (1.0, 1.0), result: 0.0})
now error: 0.0
Block processing time: 0.090514 seconds
  当前节点: HospitalOwner 有 41 个清洗操作
  当前节点: City 存在可用清洗信号
数据块大小: 1000
分块属性:
[['HospitalName']]
Starting initial block mapping...
Initial number of blocks: 55
Final number of blocks after further splitting: 55
Computing Block 1 out of 55
Processing Block size=24
begin cleaner[FunctionalDependency:(s: {'HospitalName'}, t: {'City'})]*1.0
列 'p' 不存在，对列 City 不过滤，直接选择所有非无效值。
clean_bool length:4
newest best op: Uniop(df,'City','cullma??%n',(['HospitalName'], {('cullman regional medical center',)}),{left: ("[FunctionalDependency:(s: {HospitalName}, t: {City})]", 0.0), operator: *, right: (1.0, 1.0), result: 0.0})
now error: 0.0
newest best op: Uniop(df,'City','cullman',(['HospitalName'], {('cullman regional medical center',)}),{left: ("[FunctionalDependency:(s: {HospitalName}, t: {City})]", 0.0), operator: *, right: (1.0, 1.0), result: 0.0})
now error: 0.0
Block processing time: 0.073013 seconds
Computing Block 2 out of 55
Processing Block size=25
begin cleaner{left: ("[FunctionalDependency:(s: {HospitalName}, t: {City})]", 0.0), operator: *, right: (1.0, 1.0), result: 0.0}
列 'p' 不存在，对列 City 不过滤，直接选择所有非无效值。
clean_bool length:5
newest best op: Uniop(df,'City','#do$than',(['HospitalName'], {('southeast alabama medical center',)}),{left: ("[FunctionalDependency:(s: {HospitalName}, t: {City})]", 0.0), operator: *, right: (1.0, 1.0), result: 0.0})
now error: 0.0
newest best op: Uniop(df,'City','dothan',(['HospitalName'], {('southeast alabama medical center',)}),{left: ("[FunctionalDependency:(s: {HospitalName}, t: {City})]", 0.0), operator: *, right: (1.0, 1.0), result: 0.0})
now error: 0.0
Block processing time: 0.092845 seconds
Computing Block 3 out of 55
Processing Block size=2
begin cleaner{left: ("[FunctionalDependency:(s: {HospitalName}, t: {City})]", 0.0), operator: *, right: (1.0, 1.0), result: 0.0}
列 'p' 不存在，对列 City 不过滤，直接选择所有非无效值。
clean_bool length:2
newest best op: Uniop(df,'City','b$ethel',(['HospitalName'], {('yukon kuskokwim delta reg hospital',)}),{left: ("[FunctionalDependency:(s: {HospitalName}, t: {City})]", 0.0), operator: *, right: (1.0, 1.0), result: 0.0})
now error: 0.0
Block processing time: 0.003729 seconds
Computing Block 4 out of 55
Processing Block size=17
begin cleaner{left: ("[FunctionalDependency:(s: {HospitalName}, t: {City})]", 0.0), operator: *, right: (1.0, 1.0), result: 0.0}
列 'p' 不存在，对列 City 不过滤，直接选择所有非无效值。
clean_bool length:3
newest best op: Uniop(df,'City','doth#a$n',(['HospitalName'], {('flowers hospital',)}),{left: ("[FunctionalDependency:(s: {HospitalName}, t: {City})]", 0.0), operator: *, right: (1.0, 1.0), result: 0.0})
now error: 0.0
newest best op: Uniop(df,'City','dothan',(['HospitalName'], {('flowers hospital',)}),{left: ("[FunctionalDependency:(s: {HospitalName}, t: {City})]", 0.0), operator: *, right: (1.0, 1.0), result: 0.0})
now error: 0.0
Block processing time: 0.036887 seconds
Computing Block 6 out of 55
Processing Block size=24
begin cleaner{left: ("[FunctionalDependency:(s: {HospitalName}, t: {City})]", 0.0), operator: *, right: (1.0, 1.0), result: 0.0}
列 'p' 不存在，对列 City 不过滤，直接选择所有非无效值。
clean_bool length:3
newest best op: Uniop(df,'City','@@centre',(['HospitalName'], {('cherokee medical center',)}),{left: ("[FunctionalDependency:(s: {HospitalName}, t: {City})]", 0.0), operator: *, right: (1.0, 1.0), result: 0.0})
now error: 0.0
newest best op: Uniop(df,'City','centre',(['HospitalName'], {('cherokee medical center',)}),{left: ("[FunctionalDependency:(s: {HospitalName}, t: {City})]", 0.0), operator: *, right: (1.0, 1.0), result: 0.0})
now error: 0.0
Block processing time: 0.051928 seconds
Computing Block 7 out of 55
Processing Block size=25
begin cleaner{left: ("[FunctionalDependency:(s: {HospitalName}, t: {City})]", 0.0), operator: *, right: (1.0, 1.0), result: 0.0}
列 'p' 不存在，对列 City 不过滤，直接选择所有非无效值。
clean_bool length:8
newest best op: Uniop(df,'City','anda#lusia',(['HospitalName'], {('andalusia regional hospital',)}),{left: ("[FunctionalDependency:(s: {HospitalName}, t: {City})]", 0.0), operator: *, right: (1.0, 1.0), result: 0.0})
now error: 0.0
newest best op: Uniop(df,'City','andalusia',(['HospitalName'], {('andalusia regional hospital',)}),{left: ("[FunctionalDependency:(s: {HospitalName}, t: {City})]", 0.0), operator: *, right: (1.0, 1.0), result: 0.0})
now error: 0.0
Block processing time: 0.149778 seconds
Computing Block 8 out of 55
Processing Block size=25
begin cleaner{left: ("[FunctionalDependency:(s: {HospitalName}, t: {City})]", 0.0), operator: *, right: (1.0, 1.0), result: 0.0}
列 'p' 不存在，对列 City 不过滤，直接选择所有非无效值。
clean_bool length:3
newest best op: Uniop(df,'City','birmingham@@',(['HospitalName'], {('callahan eye foundation hospital',)}),{left: ("[FunctionalDependency:(s: {HospitalName}, t: {City})]", 0.0), operator: *, right: (1.0, 1.0), result: 0.0})
now error: 0.0
newest best op: Uniop(df,'City','birmingham',(['HospitalName'], {('callahan eye foundation hospital',)}),{left: ("[FunctionalDependency:(s: {HospitalName}, t: {City})]", 0.0), operator: *, right: (1.0, 1.0), result: 0.0})
now error: 0.0
Block processing time: 0.054793 seconds
Computing Block 10 out of 55
Processing Block size=25
begin cleaner{left: ("[FunctionalDependency:(s: {HospitalName}, t: {City})]", 0.0), operator: *, right: (1.0, 1.0), result: 0.0}
列 'p' 不存在，对列 City 不过滤，直接选择所有非无效值。
clean_bool length:3
newest best op: Uniop(df,'City','gadsden##',(['HospitalName'], {('gadsden regional medical center',)}),{left: ("[FunctionalDependency:(s: {HospitalName}, t: {City})]", 0.0), operator: *, right: (1.0, 1.0), result: 0.0})
now error: 0.0
newest best op: Uniop(df,'City','gadsden',(['HospitalName'], {('gadsden regional medical center',)}),{left: ("[FunctionalDependency:(s: {HospitalName}, t: {City})]", 0.0), operator: *, right: (1.0, 1.0), result: 0.0})
now error: 0.0
Block processing time: 0.053013 seconds
Computing Block 12 out of 55
Processing Block size=24
begin cleaner{left: ("[FunctionalDependency:(s: {HospitalName}, t: {City})]", 0.0), operator: *, right: (1.0, 1.0), result: 0.0}
列 'p' 不存在，对列 City 不过滤，直接选择所有非无效值。
clean_bool length:3
newest best op: Uniop(df,'City','o??pp',(['HospitalName'], {('mizell memorial hospital',)}),{left: ("[FunctionalDependency:(s: {HospitalName}, t: {City})]", 0.0), operator: *, right: (1.0, 1.0), result: 0.0})
now error: 0.0
newest best op: Uniop(df,'City','opp',(['HospitalName'], {('mizell memorial hospital',)}),{left: ("[FunctionalDependency:(s: {HospitalName}, t: {City})]", 0.0), operator: *, right: (1.0, 1.0), result: 0.0})
now error: 0.0
Block processing time: 0.050676 seconds
Computing Block 14 out of 55
Processing Block size=26
begin cleaner{left: ("[FunctionalDependency:(s: {HospitalName}, t: {City})]", 0.0), operator: *, right: (1.0, 1.0), result: 0.0}
列 'p' 不存在，对列 City 不过滤，直接选择所有非无效值。
clean_bool length:6
newest best op: Uniop(df,'City','@@anniston',(['HospitalName'], {('stringfellow memorial hospital',)}),{left: ("[FunctionalDependency:(s: {HospitalName}, t: {City})]", 0.0), operator: *, right: (1.0, 1.0), result: 0.0})
now error: 0.0
newest best op: Uniop(df,'City','anniston',(['HospitalName'], {('stringfellow memorial hospital',)}),{left: ("[FunctionalDependency:(s: {HospitalName}, t: {City})]", 0.0), operator: *, right: (1.0, 1.0), result: 0.0})
now error: 0.0
Block processing time: 0.113827 seconds
Computing Block 15 out of 55
Processing Block size=23
begin cleaner{left: ("[FunctionalDependency:(s: {HospitalName}, t: {City})]", 0.0), operator: *, right: (1.0, 1.0), result: 0.0}
列 'p' 不存在，对列 City 不过滤，直接选择所有非无效值。
clean_bool length:6
newest best op: Uniop(df,'City','georgiana',(['HospitalName'], {('georgiana hospital',)}),{left: ("[FunctionalDependency:(s: {HospitalName}, t: {City})]", 0.0), operator: *, right: (1.0, 1.0), result: 0.0})
now error: 0.0
Block processing time: 0.100687 seconds
Computing Block 16 out of 55
Processing Block size=11
begin cleaner{left: ("[FunctionalDependency:(s: {HospitalName}, t: {City})]", 0.0), operator: *, right: (1.0, 1.0), result: 0.0}
列 'p' 不存在，对列 City 不过滤，直接选择所有非无效值。
clean_bool length:3
newest best op: Uniop(df,'City','mobile',(['HospitalName'], {('univ of south alabama medical center',)}),{left: ("[FunctionalDependency:(s: {HospitalName}, t: {City})]", 0.0), operator: *, right: (1.0, 1.0), result: 0.0})
now error: 0.0
Block processing time: 0.024371 seconds
Computing Block 18 out of 55
Processing Block size=18
begin cleaner{left: ("[FunctionalDependency:(s: {HospitalName}, t: {City})]", 0.0), operator: *, right: (1.0, 1.0), result: 0.0}
列 'p' 不存在，对列 City 不过滤，直接选择所有非无效值。
clean_bool length:2
newest best op: Uniop(df,'City','anchorage',(['HospitalName'], {('alaska regional hospital',)}),{left: ("[FunctionalDependency:(s: {HospitalName}, t: {City})]", 0.0), operator: *, right: (1.0, 1.0), result: 0.0})
now error: 0.0
Block processing time: 0.025756 seconds
Computing Block 20 out of 55
Processing Block size=25
begin cleaner{left: ("[FunctionalDependency:(s: {HospitalName}, t: {City})]", 0.0), operator: *, right: (1.0, 1.0), result: 0.0}
列 'p' 不存在，对列 City 不过滤，直接选择所有非无效值。
clean_bool length:3
newest best op: Uniop(df,'City','wedowee',(['HospitalName'], {('wedowee hospital',)}),{left: ("[FunctionalDependency:(s: {HospitalName}, t: {City})]", 0.0), operator: *, right: (1.0, 1.0), result: 0.0})
now error: 0.0
Block processing time: 0.054107 seconds
Computing Block 21 out of 55
Processing Block size=25
begin cleaner{left: ("[FunctionalDependency:(s: {HospitalName}, t: {City})]", 0.0), operator: *, right: (1.0, 1.0), result: 0.0}
列 'p' 不存在，对列 City 不过滤，直接选择所有非无效值。
clean_bool length:4
newest best op: Uniop(df,'City','$winfield',(['HospitalName'], {('northwest medical center',)}),{left: ("[FunctionalDependency:(s: {HospitalName}, t: {City})]", 0.0), operator: *, right: (1.0, 1.0), result: 0.0})
now error: 0.0
newest best op: Uniop(df,'City','winfield',(['HospitalName'], {('northwest medical center',)}),{left: ("[FunctionalDependency:(s: {HospitalName}, t: {City})]", 0.0), operator: *, right: (1.0, 1.0), result: 0.0})
now error: 0.0
Block processing time: 0.075889 seconds
Computing Block 22 out of 55
Processing Block size=28
begin cleaner{left: ("[FunctionalDependency:(s: {HospitalName}, t: {City})]", 0.0), operator: *, right: (1.0, 1.0), result: 0.0}
列 'p' 不存在，对列 City 不过滤，直接选择所有非无效值。
clean_bool length:5
newest best op: Uniop(df,'City','h%untsville',(['HospitalName'], {('huntsville hospital',)}),{left: ("[FunctionalDependency:(s: {HospitalName}, t: {City})]", 0.0), operator: *, right: (1.0, 1.0), result: 0.0})
now error: 0.0
newest best op: Uniop(df,'City','huntsville',(['HospitalName'], {('huntsville hospital',)}),{left: ("[FunctionalDependency:(s: {HospitalName}, t: {City})]", 0.0), operator: *, right: (1.0, 1.0), result: 0.0})
now error: 0.0
Block processing time: 0.101808 seconds
Computing Block 23 out of 55
Processing Block size=25
begin cleaner{left: ("[FunctionalDependency:(s: {HospitalName}, t: {City})]", 0.0), operator: *, right: (1.0, 1.0), result: 0.0}
列 'p' 不存在，对列 City 不过滤，直接选择所有非无效值。
clean_bool length:6
newest best op: Uniop(df,'City','fayett@@#e',(['HospitalName'], {('fayette medical center',)}),{left: ("[FunctionalDependency:(s: {HospitalName}, t: {City})]", 0.0), operator: *, right: (1.0, 1.0), result: 0.0})
now error: 0.0
newest best op: Uniop(df,'City','%fayette',(['HospitalName'], {('fayette medical center',)}),{left: ("[FunctionalDependency:(s: {HospitalName}, t: {City})]", 0.0), operator: *, right: (1.0, 1.0), result: 0.0})
now error: 0.0
newest best op: Uniop(df,'City','fayett#e',(['HospitalName'], {('fayette medical center',)}),{left: ("[FunctionalDependency:(s: {HospitalName}, t: {City})]", 0.0), operator: *, right: (1.0, 1.0), result: 0.0})
now error: 0.0
newest best op: Uniop(df,'City','fayette',(['HospitalName'], {('fayette medical center',)}),{left: ("[FunctionalDependency:(s: {HospitalName}, t: {City})]", 0.0), operator: *, right: (1.0, 1.0), result: 0.0})
now error: 0.0
Block processing time: 0.108793 seconds
Computing Block 24 out of 55
Processing Block size=2
begin cleaner{left: ("[FunctionalDependency:(s: {HospitalName}, t: {City})]", 0.0), operator: *, right: (1.0, 1.0), result: 0.0}
列 'p' 不存在，对列 City 不过滤，直接选择所有非无效值。
Block processing time: 0.001742 seconds
Computing Block 25 out of 55
Processing Block size=25
begin cleaner{left: ("[FunctionalDependency:(s: {HospitalName}, t: {City})]", 0.0), operator: *, right: (1.0, 1.0), result: 0.0}
列 'p' 不存在，对列 City 不过滤，直接选择所有非无效值。
clean_bool length:3
newest best op: Uniop(df,'City','birmingham',(['HospitalName'], {('st vincents east',)}),{left: ("[FunctionalDependency:(s: {HospitalName}, t: {City})]", 0.0), operator: *, right: (1.0, 1.0), result: 0.0})
now error: 0.0
Block processing time: 0.0541 seconds
Computing Block 26 out of 55
Processing Block size=24
begin cleaner{left: ("[FunctionalDependency:(s: {HospitalName}, t: {City})]", 0.0), operator: *, right: (1.0, 1.0), result: 0.0}
列 'p' 不存在，对列 City 不过滤，直接选择所有非无效值。
clean_bool length:4
newest best op: Uniop(df,'City','luve%r#ne',(['HospitalName'], {('crenshaw community hospital',)}),{left: ("[FunctionalDependency:(s: {HospitalName}, t: {City})]", 0.0), operator: *, right: (1.0, 1.0), result: 0.0})
now error: 0.0
newest best op: Uniop(df,'City','luv%erne',(['HospitalName'], {('crenshaw community hospital',)}),{left: ("[FunctionalDependency:(s: {HospitalName}, t: {City})]", 0.0), operator: *, right: (1.0, 1.0), result: 0.0})
now error: 0.0
newest best op: Uniop(df,'City','luverne',(['HospitalName'], {('crenshaw community hospital',)}),{left: ("[FunctionalDependency:(s: {HospitalName}, t: {City})]", 0.0), operator: *, right: (1.0, 1.0), result: 0.0})
now error: 0.0
Block processing time: 0.068751 seconds
Computing Block 27 out of 55
Processing Block size=25
begin cleaner{left: ("[FunctionalDependency:(s: {HospitalName}, t: {City})]", 0.0), operator: *, right: (1.0, 1.0), result: 0.0}
列 'p' 不存在，对列 City 不过滤，直接选择所有非无效值。
clean_bool length:4
newest best op: Uniop(df,'City','elba',(['HospitalName'], {('elba general hospital',)}),{left: ("[FunctionalDependency:(s: {HospitalName}, t: {City})]", 0.0), operator: *, right: (1.0, 1.0), result: 0.0})
now error: 0.0
Block processing time: 0.071016 seconds
Computing Block 28 out of 55
Processing Block size=25
begin cleaner{left: ("[FunctionalDependency:(s: {HospitalName}, t: {City})]", 0.0), operator: *, right: (1.0, 1.0), result: 0.0}
列 'p' 不存在，对列 City 不过滤，直接选择所有非无效值。
clean_bool length:3
newest best op: Uniop(df,'City','alabaster',(['HospitalName'], {('shelby baptist medical center',)}),{left: ("[FunctionalDependency:(s: {HospitalName}, t: {City})]", 0.0), operator: *, right: (1.0, 1.0), result: 0.0})
now error: 0.0
Block processing time: 0.053286 seconds
Computing Block 29 out of 55
Processing Block size=25
begin cleaner{left: ("[FunctionalDependency:(s: {HospitalName}, t: {City})]", 0.0), operator: *, right: (1.0, 1.0), result: 0.0}
列 'p' 不存在，对列 City 不过滤，直接选择所有非无效值。
clean_bool length:5
newest best op: Uniop(df,'City','m??ontgom#ery',(['HospitalName'], {('baptist medical center south',)}),{left: ("[FunctionalDependency:(s: {HospitalName}, t: {City})]", 0.0), operator: *, right: (1.0, 1.0), result: 0.0})
now error: 0.0
newest best op: Uniop(df,'City','montgomery',(['HospitalName'], {('baptist medical center south',)}),{left: ("[FunctionalDependency:(s: {HospitalName}, t: {City})]", 0.0), operator: *, right: (1.0, 1.0), result: 0.0})
now error: 0.0
Block processing time: 0.093602 seconds
Computing Block 30 out of 55
Processing Block size=25
begin cleaner{left: ("[FunctionalDependency:(s: {HospitalName}, t: {City})]", 0.0), operator: *, right: (1.0, 1.0), result: 0.0}
列 'p' 不存在，对列 City 不过滤，直接选择所有非无效值。
clean_bool length:5
newest best op: Uniop(df,'City','sheffield',(['HospitalName'], {('helen keller memorial hospital',)}),{left: ("[FunctionalDependency:(s: {HospitalName}, t: {City})]", 0.0), operator: *, right: (1.0, 1.0), result: 0.0})
now error: 0.0
Block processing time: 0.089871 seconds
Computing Block 31 out of 55
Processing Block size=25
begin cleaner{left: ("[FunctionalDependency:(s: {HospitalName}, t: {City})]", 0.0), operator: *, right: (1.0, 1.0), result: 0.0}
列 'p' 不存在，对列 City 不过滤，直接选择所有非无效值。
clean_bool length:3
newest best op: Uniop(df,'City','boaz',(['HospitalName'], {('marshall medical center south',)}),{left: ("[FunctionalDependency:(s: {HospitalName}, t: {City})]", 0.0), operator: *, right: (1.0, 1.0), result: 0.0})
now error: 0.0
Block processing time: 0.052593 seconds
Computing Block 32 out of 55
Processing Block size=5
begin cleaner{left: ("[FunctionalDependency:(s: {HospitalName}, t: {City})]", 0.0), operator: *, right: (1.0, 1.0), result: 0.0}
列 'p' 不存在，对列 City 不过滤，直接选择所有非无效值。
clean_bool length:3
newest best op: Uniop(df,'City','birm%#ingham',(['HospitalName'], {('st vincents hospital',)}),{left: ("[FunctionalDependency:(s: {HospitalName}, t: {City})]", 0.0), operator: *, right: (1.0, 1.0), result: 0.0})
now error: 0.0
newest best op: Uniop(df,'City','birmingham',(['HospitalName'], {('st vincents hospital',)}),{left: ("[FunctionalDependency:(s: {HospitalName}, t: {City})]", 0.0), operator: *, right: (1.0, 1.0), result: 0.0})
now error: 0.0
Block processing time: 0.011505 seconds
Computing Block 33 out of 55
Processing Block size=25
begin cleaner{left: ("[FunctionalDependency:(s: {HospitalName}, t: {City})]", 0.0), operator: *, right: (1.0, 1.0), result: 0.0}
列 'p' 不存在，对列 City 不过滤，直接选择所有非无效值。
clean_bool length:4
newest best op: Uniop(df,'City','montgomery',(['HospitalName'], {('jackson hospital & clinic inc',)}),{left: ("[FunctionalDependency:(s: {HospitalName}, t: {City})]", 0.0), operator: *, right: (1.0, 1.0), result: 0.0})
now error: 0.0
Block processing time: 0.071738 seconds
Computing Block 34 out of 55
Processing Block size=25
begin cleaner{left: ("[FunctionalDependency:(s: {HospitalName}, t: {City})]", 0.0), operator: *, right: (1.0, 1.0), result: 0.0}
列 'p' 不存在，对列 City 不过滤，直接选择所有非无效值。
clean_bool length:5
newest best op: Uniop(df,'City','clanton',(['HospitalName'], {('chilton medical center',)}),{left: ("[FunctionalDependency:(s: {HospitalName}, t: {City})]", 0.0), operator: *, right: (1.0, 1.0), result: 0.0})
now error: 0.0
Block processing time: 0.089267 seconds
Computing Block 35 out of 55
Processing Block size=25
begin cleaner{left: ("[FunctionalDependency:(s: {HospitalName}, t: {City})]", 0.0), operator: *, right: (1.0, 1.0), result: 0.0}
列 'p' 不存在，对列 City 不过滤，直接选择所有非无效值。
clean_bool length:5
newest best op: Uniop(df,'City','enterp#r#ise',(['HospitalName'], {('medical center enterprise',)}),{left: ("[FunctionalDependency:(s: {HospitalName}, t: {City})]", 0.0), operator: *, right: (1.0, 1.0), result: 0.0})
now error: 0.0
newest best op: Uniop(df,'City','ent$erprise',(['HospitalName'], {('medical center enterprise',)}),{left: ("[FunctionalDependency:(s: {HospitalName}, t: {City})]", 0.0), operator: *, right: (1.0, 1.0), result: 0.0})
now error: 0.0
newest best op: Uniop(df,'City','enterprise',(['HospitalName'], {('medical center enterprise',)}),{left: ("[FunctionalDependency:(s: {HospitalName}, t: {City})]", 0.0), operator: *, right: (1.0, 1.0), result: 0.0})
now error: 0.0
Block processing time: 0.090897 seconds
Computing Block 36 out of 55
Processing Block size=24
begin cleaner{left: ("[FunctionalDependency:(s: {HospitalName}, t: {City})]", 0.0), operator: *, right: (1.0, 1.0), result: 0.0}
列 'p' 不存在，对列 City 不过滤，直接选择所有非无效值。
clean_bool length:4
newest best op: Uniop(df,'City','thomasville',(['HospitalName'], {('southwest alabama medical center',)}),{left: ("[FunctionalDependency:(s: {HospitalName}, t: {City})]", 0.0), operator: *, right: (1.0, 1.0), result: 0.0})
now error: 0.0
Block processing time: 0.072454 seconds
Computing Block 37 out of 55
Processing Block size=25
begin cleaner{left: ("[FunctionalDependency:(s: {HospitalName}, t: {City})]", 0.0), operator: *, right: (1.0, 1.0), result: 0.0}
列 'p' 不存在，对列 City 不过滤，直接选择所有非无效值。
clean_bool length:4
newest best op: Uniop(df,'City','ha@@@@rtselle',(['HospitalName'], {('hartselle medical center',)}),{left: ("[FunctionalDependency:(s: {HospitalName}, t: {City})]", 0.0), operator: *, right: (1.0, 1.0), result: 0.0})
now error: 0.0
newest best op: Uniop(df,'City','hartselle',(['HospitalName'], {('hartselle medical center',)}),{left: ("[FunctionalDependency:(s: {HospitalName}, t: {City})]", 0.0), operator: *, right: (1.0, 1.0), result: 0.0})
now error: 0.0
Block processing time: 0.077244 seconds
Computing Block 38 out of 55
Processing Block size=25
begin cleaner{left: ("[FunctionalDependency:(s: {HospitalName}, t: {City})]", 0.0), operator: *, right: (1.0, 1.0), result: 0.0}
列 'p' 不存在，对列 City 不过滤，直接选择所有非无效值。
clean_bool length:3
newest best op: Uniop(df,'City','tallassee',(['HospitalName'], {('community hospital inc',)}),{left: ("[FunctionalDependency:(s: {HospitalName}, t: {City})]", 0.0), operator: *, right: (1.0, 1.0), result: 0.0})
now error: 0.0
Block processing time: 0.055735 seconds
Computing Block 39 out of 55
Processing Block size=25
begin cleaner{left: ("[FunctionalDependency:(s: {HospitalName}, t: {City})]", 0.0), operator: *, right: (1.0, 1.0), result: 0.0}
列 'p' 不存在，对列 City 不过滤，直接选择所有非无效值。
clean_bool length:6
newest best op: Uniop(df,'City','valle$y',(['HospitalName'], {('g h lanier memorial hospital',)}),{left: ("[FunctionalDependency:(s: {HospitalName}, t: {City})]", 0.0), operator: *, right: (1.0, 1.0), result: 0.0})
now error: 0.0
newest best op: Uniop(df,'City','valley',(['HospitalName'], {('g h lanier memorial hospital',)}),{left: ("[FunctionalDependency:(s: {HospitalName}, t: {City})]", 0.0), operator: *, right: (1.0, 1.0), result: 0.0})
now error: 0.0
Block processing time: 0.108641 seconds
Computing Block 40 out of 55
Processing Block size=25
begin cleaner{left: ("[FunctionalDependency:(s: {HospitalName}, t: {City})]", 0.0), operator: *, right: (1.0, 1.0), result: 0.0}
列 'p' 不存在，对列 City 不过滤，直接选择所有非无效值。
clean_bool length:4
newest best op: Uniop(df,'City','guntersville',(['HospitalName'], {('marshall medical center north',)}),{left: ("[FunctionalDependency:(s: {HospitalName}, t: {City})]", 0.0), operator: *, right: (1.0, 1.0), result: 0.0})
now error: 0.0
Block processing time: 0.073565 seconds
Computing Block 41 out of 55
Processing Block size=25
begin cleaner{left: ("[FunctionalDependency:(s: {HospitalName}, t: {City})]", 0.0), operator: *, right: (1.0, 1.0), result: 0.0}
列 'p' 不存在，对列 City 不过滤，直接选择所有非无效值。
clean_bool length:7
newest best op: Uniop(df,'City','hamilton',(['HospitalName'], {('marion regional medical center',)}),{left: ("[FunctionalDependency:(s: {HospitalName}, t: {City})]", 0.0), operator: *, right: (1.0, 1.0), result: 0.0})
now error: 0.0
Block processing time: 0.129173 seconds
Computing Block 42 out of 55
Processing Block size=24
begin cleaner{left: ("[FunctionalDependency:(s: {HospitalName}, t: {City})]", 0.0), operator: *, right: (1.0, 1.0), result: 0.0}
列 'p' 不存在，对列 City 不过滤，直接选择所有非无效值。
clean_bool length:4
newest best op: Uniop(df,'City','opelika',(['HospitalName'], {('east alabama medical center and snf',)}),{left: ("[FunctionalDependency:(s: {HospitalName}, t: {City})]", 0.0), operator: *, right: (1.0, 1.0), result: 0.0})
now error: 0.0
Block processing time: 0.069944 seconds
Computing Block 43 out of 55
Processing Block size=19
begin cleaner{left: ("[FunctionalDependency:(s: {HospitalName}, t: {City})]", 0.0), operator: *, right: (1.0, 1.0), result: 0.0}
列 'p' 不存在，对列 City 不过滤，直接选择所有非无效值。
clean_bool length:4
newest best op: Uniop(df,'City','p??rattville',(['HospitalName'], {('prattville baptist hospital',)}),{left: ("[FunctionalDependency:(s: {HospitalName}, t: {City})]", 0.0), operator: *, right: (1.0, 1.0), result: 0.0})
now error: 0.0
newest best op: Uniop(df,'City','prattville',(['HospitalName'], {('prattville baptist hospital',)}),{left: ("[FunctionalDependency:(s: {HospitalName}, t: {City})]", 0.0), operator: *, right: (1.0, 1.0), result: 0.0})
now error: 0.0
Block processing time: 0.064135 seconds
Computing Block 44 out of 55
Processing Block size=28
begin cleaner{left: ("[FunctionalDependency:(s: {HospitalName}, t: {City})]", 0.0), operator: *, right: (1.0, 1.0), result: 0.0}
列 'p' 不存在，对列 City 不过滤，直接选择所有非无效值。
clean_bool length:5
newest best op: Uniop(df,'City','gad@@sd#en',(['HospitalName'], {('riverview regional medical center',)}),{left: ("[FunctionalDependency:(s: {HospitalName}, t: {City})]", 0.0), operator: *, right: (1.0, 1.0), result: 0.0})
now error: 0.0
newest best op: Uniop(df,'City','gadsden',(['HospitalName'], {('riverview regional medical center',)}),{left: ("[FunctionalDependency:(s: {HospitalName}, t: {City})]", 0.0), operator: *, right: (1.0, 1.0), result: 0.0})
now error: 0.0
Block processing time: 0.101915 seconds
Computing Block 45 out of 55
Processing Block size=25
begin cleaner{left: ("[FunctionalDependency:(s: {HospitalName}, t: {City})]", 0.0), operator: *, right: (1.0, 1.0), result: 0.0}
列 'p' 不存在，对列 City 不过滤，直接选择所有非无效值。
clean_bool length:8
newest best op: Uniop(df,'City','florence',(['HospitalName'], {('eliza coffee memorial hospital',)}),{left: ("[FunctionalDependency:(s: {HospitalName}, t: {City})]", 0.0), operator: *, right: (1.0, 1.0), result: 0.0})
now error: 0.0
Block processing time: 0.1472 seconds
Computing Block 47 out of 55
Processing Block size=20
begin cleaner{left: ("[FunctionalDependency:(s: {HospitalName}, t: {City})]", 0.0), operator: *, right: (1.0, 1.0), result: 0.0}
列 'p' 不存在，对列 City 不过滤，直接选择所有非无效值。
clean_bool length:3
newest best op: Uniop(df,'City','oneonta',(['HospitalName'], {('st vincents blount',)}),{left: ("[FunctionalDependency:(s: {HospitalName}, t: {City})]", 0.0), operator: *, right: (1.0, 1.0), result: 0.0})
now error: 0.0
Block processing time: 0.043267 seconds
Computing Block 48 out of 55
Processing Block size=17
begin cleaner{left: ("[FunctionalDependency:(s: {HospitalName}, t: {City})]", 0.0), operator: *, right: (1.0, 1.0), result: 0.0}
列 'p' 不存在，对列 City 不过滤，直接选择所有非无效值。
clean_bool length:4
newest best op: Uniop(df,'City','sy@@lac#auga',(['HospitalName'], {('coosa valley medical center',)}),{left: ("[FunctionalDependency:(s: {HospitalName}, t: {City})]", 0.0), operator: *, right: (1.0, 1.0), result: 0.0})
now error: 0.0
newest best op: Uniop(df,'City','sylacauga',(['HospitalName'], {('coosa valley medical center',)}),{left: ("[FunctionalDependency:(s: {HospitalName}, t: {City})]", 0.0), operator: *, right: (1.0, 1.0), result: 0.0})
now error: 0.0
Block processing time: 0.049547 seconds
Computing Block 50 out of 55
Processing Block size=25
begin cleaner{left: ("[FunctionalDependency:(s: {HospitalName}, t: {City})]", 0.0), operator: *, right: (1.0, 1.0), result: 0.0}
列 'p' 不存在，对列 City 不过滤，直接选择所有非无效值。
clean_bool length:4
newest best op: Uniop(df,'City','birmingham',(['HospitalName'], {('university of alabama hospital',)}),{left: ("[FunctionalDependency:(s: {HospitalName}, t: {City})]", 0.0), operator: *, right: (1.0, 1.0), result: 0.0})
now error: 0.0
Block processing time: 0.072465 seconds
Computing Block 52 out of 55
Processing Block size=22
begin cleaner{left: ("[FunctionalDependency:(s: {HospitalName}, t: {City})]", 0.0), operator: *, right: (1.0, 1.0), result: 0.0}
列 'p' 不存在，对列 City 不过滤，直接选择所有非无效值。
clean_bool length:3
newest best op: Uniop(df,'City','fo$rt payne',(['HospitalName'], {('dekalb regional medical center',)}),{left: ("[FunctionalDependency:(s: {HospitalName}, t: {City})]", 0.0), operator: *, right: (1.0, 1.0), result: 0.0})
now error: 0.0
newest best op: Uniop(df,'City','fort payne',(['HospitalName'], {('dekalb regional medical center',)}),{left: ("[FunctionalDependency:(s: {HospitalName}, t: {City})]", 0.0), operator: *, right: (1.0, 1.0), result: 0.0})
now error: 0.0
Block processing time: 0.046974 seconds
Computing Block 53 out of 55
Processing Block size=24
begin cleaner{left: ("[FunctionalDependency:(s: {HospitalName}, t: {City})]", 0.0), operator: *, right: (1.0, 1.0), result: 0.0}
列 'p' 不存在，对列 City 不过滤，直接选择所有非无效值。
clean_bool length:5
newest best op: Uniop(df,'City','ozark',(['HospitalName'], {('dale medical center',)}),{left: ("[FunctionalDependency:(s: {HospitalName}, t: {City})]", 0.0), operator: *, right: (1.0, 1.0), result: 0.0})
now error: 0.0
Block processing time: 0.090094 seconds
  当前节点: City 有 43 个清洗操作
  当前节点: HospitalType 存在可用清洗信号
数据块大小: 1000
分块属性:
[['MeasureName', 'Condition']]
Starting initial block mapping...
Initial number of blocks: 67
Final number of blocks after further splitting: 66
Computing Block 3 out of 66
Processing Block size=38
begin cleaner[FunctionalDependency:(s: {'MeasureName', 'Condition'}, t: {'HospitalType'})]*1.0
列 'p' 不存在，对列 HospitalType 不过滤，直接选择所有非无效值。
clean_bool length:8
newest best op: Uniop(df,'HospitalType','acu@@te care hospitals',(['MeasureName', 'Condition'], {('patients who got treatment  at the right time (within 24 hours before or after their surgery) to help prevent blood clots after certain types of surgery', 'surgical infection prevention')}),{left: ("[FunctionalDependency:(s: {MeasureName, Condition}, t: {HospitalType})]", 0.0), operator: *, right: (1.0, 1.0), result: 0.0})
now error: 0.0
newest best op: Uniop(df,'HospitalType','acute %care hospitals',(['MeasureName', 'Condition'], {('patients who got treatment  at the right time (within 24 hours before or after their surgery) to help prevent blood clots after certain types of surgery', 'surgical infection prevention')}),{left: ("[FunctionalDependency:(s: {MeasureName, Condition}, t: {HospitalType})]", 0.0), operator: *, right: (1.0, 1.0), result: 0.0})
now error: 0.0
newest best op: Uniop(df,'HospitalType','acute care hospitals',(['MeasureName', 'Condition'], {('patients who got treatment  at the right time (within 24 hours before or after their surgery) to help prevent blood clots after certain types of surgery', 'surgical infection prevention')}),{left: ("[FunctionalDependency:(s: {MeasureName, Condition}, t: {HospitalType})]", 0.0), operator: *, right: (1.0, 1.0), result: 0.0})
now error: 0.0
Block processing time: 0.25395 seconds
Computing Block 4 out of 66
Processing Block size=36
begin cleaner{left: ("[FunctionalDependency:(s: {MeasureName, Condition}, t: {HospitalType})]", 0.0), operator: *, right: (1.0, 1.0), result: 0.0}
列 'p' 不存在，对列 HospitalType 不过滤，直接选择所有非无效值。
clean_bool length:5
newest best op: Uniop(df,'HospitalType','ac??ute car@@e hospitals',(['MeasureName', 'Condition'], {('surgery patients who were given the  right kind  of antibiotic to help prevent infection', 'surgical infection prevention')}),{left: ("[FunctionalDependency:(s: {MeasureName, Condition}, t: {HospitalType})]", 0.0), operator: *, right: (1.0, 1.0), result: 0.0})
now error: 0.0
newest best op: Uniop(df,'HospitalType','acute care hospitals',(['MeasureName', 'Condition'], {('surgery patients who were given the  right kind  of antibiotic to help prevent infection', 'surgical infection prevention')}),{left: ("[FunctionalDependency:(s: {MeasureName, Condition}, t: {HospitalType})]", 0.0), operator: *, right: (1.0, 1.0), result: 0.0})
now error: 0.0
Block processing time: 0.14601 seconds
Computing Block 6 out of 66
Processing Block size=40
begin cleaner{left: ("[FunctionalDependency:(s: {MeasureName, Condition}, t: {HospitalType})]", 0.0), operator: *, right: (1.0, 1.0), result: 0.0}
列 'p' 不存在，对列 HospitalType 不过滤，直接选择所有非无效值。
clean_bool length:5
newest best op: Uniop(df,'HospitalType','acute care ho$spitals',(['MeasureName', 'Condition'], {('pneumonia patients given initial antibiotic(s) within 6 hours after arrival', 'pneumonia')}),{left: ("[FunctionalDependency:(s: {MeasureName, Condition}, t: {HospitalType})]", 0.0), operator: *, right: (1.0, 1.0), result: 0.0})
now error: 0.0
newest best op: Uniop(df,'HospitalType','acute care hospitals',(['MeasureName', 'Condition'], {('pneumonia patients given initial antibiotic(s) within 6 hours after arrival', 'pneumonia')}),{left: ("[FunctionalDependency:(s: {MeasureName, Condition}, t: {HospitalType})]", 0.0), operator: *, right: (1.0, 1.0), result: 0.0})
now error: 0.0
Block processing time: 0.161922 seconds
Computing Block 9 out of 66
Processing Block size=3
begin cleaner{left: ("[FunctionalDependency:(s: {MeasureName, Condition}, t: {HospitalType})]", 0.0), operator: *, right: (1.0, 1.0), result: 0.0}
列 'p' 不存在，对列 HospitalType 不过滤，直接选择所有非无效值。
clean_bool length:3
newest best op: Uniop(df,'HospitalType','acute care hospitals',(['MeasureName', 'Condition'], {('children who received systemic corticosteroid medication (oral and iv medication that reduces inflammation and controls symptoms) while hospitalized for asthma', 'children s asthma care')}),{left: ("[FunctionalDependency:(s: {MeasureName, Condition}, t: {HospitalType})]", 0.0), operator: *, right: (1.0, 1.0), result: 0.0})
now error: 0.0
Block processing time: 0.007896 seconds
Computing Block 11 out of 66
Processing Block size=3
begin cleaner{left: ("[FunctionalDependency:(s: {MeasureName, Condition}, t: {HospitalType})]", 0.0), operator: *, right: (1.0, 1.0), result: 0.0}
列 'p' 不存在，对列 HospitalType 不过滤，直接选择所有非无效值。
Block processing time: 0.002349 seconds
Computing Block 13 out of 66
Processing Block size=41
begin cleaner{left: ("[FunctionalDependency:(s: {MeasureName, Condition}, t: {HospitalType})]", 1.0), operator: *, right: (1.0, 1.0), result: 1.0}
列 'p' 不存在，对列 HospitalType 不过滤，直接选择所有非无效值。
clean_bool length:5
newest best op: Uniop(df,'HospitalType','acute% care h%ospitals',(['MeasureName', 'Condition'], {('heart failure patients given smoking cessation advice/counseling', 'heart failure')}),{left: ("[FunctionalDependency:(s: {MeasureName, Condition}, t: {HospitalType})]", 0.0), operator: *, right: (1.0, 1.0), result: 0.0})
now error: 0.0
newest best op: Uniop(df,'HospitalType','acute care hospitals',(['MeasureName', 'Condition'], {('heart failure patients given smoking cessation advice/counseling', 'heart failure')}),{left: ("[FunctionalDependency:(s: {MeasureName, Condition}, t: {HospitalType})]", 0.0), operator: *, right: (1.0, 1.0), result: 0.0})
now error: 0.0
Block processing time: 0.167181 seconds
Computing Block 14 out of 66
Processing Block size=40
begin cleaner{left: ("[FunctionalDependency:(s: {MeasureName, Condition}, t: {HospitalType})]", 0.0), operator: *, right: (1.0, 1.0), result: 0.0}
列 'p' 不存在，对列 HospitalType 不过滤，直接选择所有非无效值。
clean_bool length:6
newest best op: Uniop(df,'HospitalType','acute care hos$pitals',(['MeasureName', 'Condition'], {('heart attack patients given aspirin at arrival', 'heart attack')}),{left: ("[FunctionalDependency:(s: {MeasureName, Condition}, t: {HospitalType})]", 0.0), operator: *, right: (1.0, 1.0), result: 0.0})
now error: 0.0
newest best op: Uniop(df,'HospitalType','acute care hospitals',(['MeasureName', 'Condition'], {('heart attack patients given aspirin at arrival', 'heart attack')}),{left: ("[FunctionalDependency:(s: {MeasureName, Condition}, t: {HospitalType})]", 0.0), operator: *, right: (1.0, 1.0), result: 0.0})
now error: 0.0
Block processing time: 0.197754 seconds
Computing Block 15 out of 66
Processing Block size=3
begin cleaner{left: ("[FunctionalDependency:(s: {MeasureName, Condition}, t: {HospitalType})]", 0.0), operator: *, right: (1.0, 1.0), result: 0.0}
列 'p' 不存在，对列 HospitalType 不过滤，直接选择所有非无效值。
Block processing time: 0.002461 seconds
Computing Block 18 out of 66
Processing Block size=39
begin cleaner{left: ("[FunctionalDependency:(s: {MeasureName, Condition}, t: {HospitalType})]", 0.0), operator: *, right: (1.0, 1.0), result: 0.0}
列 'p' 不存在，对列 HospitalType 不过滤，直接选择所有非无效值。
clean_bool length:7
newest best op: Uniop(df,'HospitalType','acute care hospitals',(['MeasureName', 'Condition'], {('heart failure patients given an evaluation of left ventricular systolic (lvs) function', 'heart failure')}),{left: ("[FunctionalDependency:(s: {MeasureName, Condition}, t: {HospitalType})]", 0.0), operator: *, right: (1.0, 1.0), result: 0.0})
now error: 0.0
Block processing time: 0.229884 seconds
Computing Block 21 out of 66
Processing Block size=39
begin cleaner{left: ("[FunctionalDependency:(s: {MeasureName, Condition}, t: {HospitalType})]", 0.0), operator: *, right: (1.0, 1.0), result: 0.0}
列 'p' 不存在，对列 HospitalType 不过滤，直接选择所有非无效值。
clean_bool length:5
newest best op: Uniop(df,'HospitalType','a??cute ca??re hospitals',(['MeasureName', 'Condition'], {('surgery patients who were taking heart drugs called beta blockers before coming to the hospital who were kept on the beta blockers during the period just before and after their surgery', 'surgical infection prevention')}),{left: ("[FunctionalDependency:(s: {MeasureName, Condition}, t: {HospitalType})]", 0.0), operator: *, right: (1.0, 1.0), result: 0.0})
now error: 0.0
newest best op: Uniop(df,'HospitalType','acute care hospitals',(['MeasureName', 'Condition'], {('surgery patients who were taking heart drugs called beta blockers before coming to the hospital who were kept on the beta blockers during the period just before and after their surgery', 'surgical infection prevention')}),{left: ("[FunctionalDependency:(s: {MeasureName, Condition}, t: {HospitalType})]", 0.0), operator: *, right: (1.0, 1.0), result: 0.0})
now error: 0.0
Block processing time: 0.159533 seconds
Computing Block 22 out of 66
Processing Block size=41
begin cleaner{left: ("[FunctionalDependency:(s: {MeasureName, Condition}, t: {HospitalType})]", 0.0), operator: *, right: (1.0, 1.0), result: 0.0}
列 'p' 不存在，对列 HospitalType 不过滤，直接选择所有非无效值。
clean_bool length:9
newest best op: Uniop(df,'HospitalType','acute ca%re hospitals',(['MeasureName', 'Condition'], {('heart attack patients given aspirin at discharge', 'heart attack')}),{left: ("[FunctionalDependency:(s: {MeasureName, Condition}, t: {HospitalType})]", 0.0), operator: *, right: (1.0, 1.0), result: 0.0})
now error: 0.0
newest best op: Uniop(df,'HospitalType','acute care hospitals',(['MeasureName', 'Condition'], {('heart attack patients given aspirin at discharge', 'heart attack')}),{left: ("[FunctionalDependency:(s: {MeasureName, Condition}, t: {HospitalType})]", 0.0), operator: *, right: (1.0, 1.0), result: 0.0})
now error: 0.0
Block processing time: 0.309082 seconds
Computing Block 26 out of 66
Processing Block size=38
begin cleaner{left: ("[FunctionalDependency:(s: {MeasureName, Condition}, t: {HospitalType})]", 0.0), operator: *, right: (1.0, 1.0), result: 0.0}
列 'p' 不存在，对列 HospitalType 不过滤，直接选择所有非无效值。
clean_bool length:6
newest best op: Uniop(df,'HospitalType','acute c@@are hospi@@tals',(['MeasureName', 'Condition'], {('heart attack patients given smoking cessation advice/counseling', 'heart attack')}),{left: ("[FunctionalDependency:(s: {MeasureName, Condition}, t: {HospitalType})]", 0.0), operator: *, right: (1.0, 1.0), result: 0.0})
now error: 0.0
newest best op: Uniop(df,'HospitalType','acut%??e care hospitals',(['MeasureName', 'Condition'], {('heart attack patients given smoking cessation advice/counseling', 'heart attack')}),{left: ("[FunctionalDependency:(s: {MeasureName, Condition}, t: {HospitalType})]", 0.0), operator: *, right: (1.0, 1.0), result: 0.0})
now error: 0.0
newest best op: Uniop(df,'HospitalType','acute care hospitals',(['MeasureName', 'Condition'], {('heart attack patients given smoking cessation advice/counseling', 'heart attack')}),{left: ("[FunctionalDependency:(s: {MeasureName, Condition}, t: {HospitalType})]", 0.0), operator: *, right: (1.0, 1.0), result: 0.0})
now error: 0.0
Block processing time: 0.187951 seconds
Computing Block 28 out of 66
Processing Block size=36
begin cleaner{left: ("[FunctionalDependency:(s: {MeasureName, Condition}, t: {HospitalType})]", 0.0), operator: *, right: (1.0, 1.0), result: 0.0}
列 'p' 不存在，对列 HospitalType 不过滤，直接选择所有非无效值。
clean_bool length:8
newest best op: Uniop(df,'HospitalType','ac@@ute care hos#pitals',(['MeasureName', 'Condition'], {('surgery patients who were given an antibiotic at the right time (within one hour before surgery) to help prevent infection', 'surgical infection prevention')}),{left: ("[FunctionalDependency:(s: {MeasureName, Condition}, t: {HospitalType})]", 0.0), operator: *, right: (1.0, 1.0), result: 0.0})
now error: 0.0
newest best op: Uniop(df,'HospitalType','acute care hospi??tals',(['MeasureName', 'Condition'], {('surgery patients who were given an antibiotic at the right time (within one hour before surgery) to help prevent infection', 'surgical infection prevention')}),{left: ("[FunctionalDependency:(s: {MeasureName, Condition}, t: {HospitalType})]", 0.0), operator: *, right: (1.0, 1.0), result: 0.0})
now error: 0.0
newest best op: Uniop(df,'HospitalType','acute care hospitals',(['MeasureName', 'Condition'], {('surgery patients who were given an antibiotic at the right time (within one hour before surgery) to help prevent infection', 'surgical infection prevention')}),{left: ("[FunctionalDependency:(s: {MeasureName, Condition}, t: {HospitalType})]", 0.0), operator: *, right: (1.0, 1.0), result: 0.0})
now error: 0.0
Block processing time: 0.237845 seconds
Computing Block 29 out of 66
Processing Block size=37
begin cleaner{left: ("[FunctionalDependency:(s: {MeasureName, Condition}, t: {HospitalType})]", 0.0), operator: *, right: (1.0, 1.0), result: 0.0}
列 'p' 不存在，对列 HospitalType 不过滤，直接选择所有非无效值。
clean_bool length:6
newest best op: Uniop(df,'HospitalType','acute care h%ospi#tals',(['MeasureName', 'Condition'], {('pneumonia patients given the most appropriate initial antibiotic(s)', 'pneumonia')}),{left: ("[FunctionalDependency:(s: {MeasureName, Condition}, t: {HospitalType})]", 0.0), operator: *, right: (1.0, 1.0), result: 0.0})
now error: 0.0
newest best op: Uniop(df,'HospitalType','acute care hospitals',(['MeasureName', 'Condition'], {('pneumonia patients given the most appropriate initial antibiotic(s)', 'pneumonia')}),{left: ("[FunctionalDependency:(s: {MeasureName, Condition}, t: {HospitalType})]", 0.0), operator: *, right: (1.0, 1.0), result: 0.0})
now error: 0.0
Block processing time: 0.181824 seconds
Computing Block 30 out of 66
Processing Block size=3
begin cleaner{left: ("[FunctionalDependency:(s: {MeasureName, Condition}, t: {HospitalType})]", 0.0), operator: *, right: (1.0, 1.0), result: 0.0}
列 'p' 不存在，对列 HospitalType 不过滤，直接选择所有非无效值。
Block processing time: 0.002502 seconds
Computing Block 31 out of 66
Processing Block size=38
begin cleaner{left: ("[FunctionalDependency:(s: {MeasureName, Condition}, t: {HospitalType})]", 1.0), operator: *, right: (1.0, 1.0), result: 1.0}
列 'p' 不存在，对列 HospitalType 不过滤，直接选择所有非无效值。
clean_bool length:3
newest best op: Uniop(df,'HospitalType','acute care hospitals',(['MeasureName', 'Condition'], {('heart attack patients given pci within 90 minutes of arrival', 'heart attack')}),{left: ("[FunctionalDependency:(s: {MeasureName, Condition}, t: {HospitalType})]", 0.0), operator: *, right: (1.0, 1.0), result: 0.0})
now error: 0.0
Block processing time: 0.089763 seconds
Computing Block 37 out of 66
Processing Block size=38
begin cleaner{left: ("[FunctionalDependency:(s: {MeasureName, Condition}, t: {HospitalType})]", 0.0), operator: *, right: (1.0, 1.0), result: 0.0}
列 'p' 不存在，对列 HospitalType 不过滤，直接选择所有非无效值。
clean_bool length:6
newest best op: Uniop(df,'HospitalType','acute care ho??spitals%',(['MeasureName', 'Condition'], {('pneumonia patients assessed and given pneumococcal vaccination', 'pneumonia')}),{left: ("[FunctionalDependency:(s: {MeasureName, Condition}, t: {HospitalType})]", 0.0), operator: *, right: (1.0, 1.0), result: 0.0})
now error: 0.0
newest best op: Uniop(df,'HospitalType','ac%ute care hospi@@tals',(['MeasureName', 'Condition'], {('pneumonia patients assessed and given pneumococcal vaccination', 'pneumonia')}),{left: ("[FunctionalDependency:(s: {MeasureName, Condition}, t: {HospitalType})]", 0.0), operator: *, right: (1.0, 1.0), result: 0.0})
now error: 0.0
newest best op: Uniop(df,'HospitalType','acut%e care hospita#ls',(['MeasureName', 'Condition'], {('pneumonia patients assessed and given pneumococcal vaccination', 'pneumonia')}),{left: ("[FunctionalDependency:(s: {MeasureName, Condition}, t: {HospitalType})]", 0.0), operator: *, right: (1.0, 1.0), result: 0.0})
now error: 0.0
newest best op: Uniop(df,'HospitalType','acute care hospitals',(['MeasureName', 'Condition'], {('pneumonia patients assessed and given pneumococcal vaccination', 'pneumonia')}),{left: ("[FunctionalDependency:(s: {MeasureName, Condition}, t: {HospitalType})]", 0.0), operator: *, right: (1.0, 1.0), result: 0.0})
now error: 0.0
Block processing time: 0.188279 seconds
Computing Block 42 out of 66
Processing Block size=34
begin cleaner{left: ("[FunctionalDependency:(s: {MeasureName, Condition}, t: {HospitalType})]", 0.0), operator: *, right: (1.0, 1.0), result: 0.0}
列 'p' 不存在，对列 HospitalType 不过滤，直接选择所有非无效值。
clean_bool length:8
newest best op: Uniop(df,'HospitalType','acut#e car@@e hospitals',(['MeasureName', 'Condition'], {('surgery patients needing hair removed from the surgical area before surgery who had hair removed using a safer method (electric clippers or hair removal cream c not a razor)', 'surgical infection prevention')}),{left: ("[FunctionalDependency:(s: {MeasureName, Condition}, t: {HospitalType})]", 0.0), operator: *, right: (1.0, 1.0), result: 0.0})
now error: 0.0
newest best op: Uniop(df,'HospitalType','acu@@te care hospitals',(['MeasureName', 'Condition'], {('surgery patients needing hair removed from the surgical area before surgery who had hair removed using a safer method (electric clippers or hair removal cream c not a razor)', 'surgical infection prevention')}),{left: ("[FunctionalDependency:(s: {MeasureName, Condition}, t: {HospitalType})]", 0.0), operator: *, right: (1.0, 1.0), result: 0.0})
now error: 0.0
newest best op: Uniop(df,'HospitalType','acute care hospitals',(['MeasureName', 'Condition'], {('surgery patients needing hair removed from the surgical area before surgery who had hair removed using a safer method (electric clippers or hair removal cream c not a razor)', 'surgical infection prevention')}),{left: ("[FunctionalDependency:(s: {MeasureName, Condition}, t: {HospitalType})]", 0.0), operator: *, right: (1.0, 1.0), result: 0.0})
now error: 0.0
Block processing time: 0.233238 seconds
Computing Block 43 out of 66
Processing Block size=2
begin cleaner{left: ("[FunctionalDependency:(s: {MeasureName, Condition}, t: {HospitalType})]", 0.0), operator: *, right: (1.0, 1.0), result: 0.0}
列 'p' 不存在，对列 HospitalType 不过滤，直接选择所有非无效值。
Block processing time: 0.001675 seconds
Computing Block 45 out of 66
Processing Block size=36
begin cleaner{left: ("[FunctionalDependency:(s: {MeasureName, Condition}, t: {HospitalType})]", 1.0), operator: *, right: (1.0, 1.0), result: 1.0}
列 'p' 不存在，对列 HospitalType 不过滤，直接选择所有非无效值。
clean_bool length:4
newest best op: Uniop(df,'HospitalType','acute care hospitals',(['MeasureName', 'Condition'], {('heart attack patients given fibrinolytic medication within 30 minutes of arrival', 'heart attack')}),{left: ("[FunctionalDependency:(s: {MeasureName, Condition}, t: {HospitalType})]", 0.0), operator: *, right: (1.0, 1.0), result: 0.0})
now error: 0.0
Block processing time: 0.116325 seconds
Computing Block 47 out of 66
Processing Block size=34
begin cleaner{left: ("[FunctionalDependency:(s: {MeasureName, Condition}, t: {HospitalType})]", 0.0), operator: *, right: (1.0, 1.0), result: 0.0}
列 'p' 不存在，对列 HospitalType 不过滤，直接选择所有非无效值。
clean_bool length:4
newest best op: Uniop(df,'HospitalType','acute care hospitals',(['MeasureName', 'Condition'], {('pneumonia patients assessed and given influenza vaccination', 'pneumonia')}),{left: ("[FunctionalDependency:(s: {MeasureName, Condition}, t: {HospitalType})]", 0.0), operator: *, right: (1.0, 1.0), result: 0.0})
now error: 0.0
Block processing time: 0.110056 seconds
Computing Block 49 out of 66
Processing Block size=40
begin cleaner{left: ("[FunctionalDependency:(s: {MeasureName, Condition}, t: {HospitalType})]", 0.0), operator: *, right: (1.0, 1.0), result: 0.0}
列 'p' 不存在，对列 HospitalType 不过滤，直接选择所有非无效值。
clean_bool length:7
newest best op: Uniop(df,'HospitalType','acute care hospitals',(['MeasureName', 'Condition'], {('heart failure patients given ace inhibitor or arb for left ventricular systolic dysfunction (lvsd)', 'heart failure')}),{left: ("[FunctionalDependency:(s: {MeasureName, Condition}, t: {HospitalType})]", 0.0), operator: *, right: (1.0, 1.0), result: 0.0})
now error: 0.0
Block processing time: 0.232291 seconds
Computing Block 50 out of 66
Processing Block size=39
begin cleaner{left: ("[FunctionalDependency:(s: {MeasureName, Condition}, t: {HospitalType})]", 0.0), operator: *, right: (1.0, 1.0), result: 0.0}
列 'p' 不存在，对列 HospitalType 不过滤，直接选择所有非无效值。
clean_bool length:5
newest best op: Uniop(df,'HospitalType','acute care hosp??itals',(['MeasureName', 'Condition'], {('pneumonia patients given smoking cessation advice/counseling', 'pneumonia')}),{left: ("[FunctionalDependency:(s: {MeasureName, Condition}, t: {HospitalType})]", 0.0), operator: *, right: (1.0, 1.0), result: 0.0})
now error: 0.0
newest best op: Uniop(df,'HospitalType','acute care hospitals',(['MeasureName', 'Condition'], {('pneumonia patients given smoking cessation advice/counseling', 'pneumonia')}),{left: ("[FunctionalDependency:(s: {MeasureName, Condition}, t: {HospitalType})]", 0.0), operator: *, right: (1.0, 1.0), result: 0.0})
now error: 0.0
Block processing time: 0.157629 seconds
Computing Block 55 out of 66
Processing Block size=3
begin cleaner{left: ("[FunctionalDependency:(s: {MeasureName, Condition}, t: {HospitalType})]", 0.0), operator: *, right: (1.0, 1.0), result: 0.0}
列 'p' 不存在，对列 HospitalType 不过滤，直接选择所有非无效值。
Block processing time: 0.002344 seconds
Computing Block 57 out of 66
Processing Block size=38
begin cleaner{left: ("[FunctionalDependency:(s: {MeasureName, Condition}, t: {HospitalType})]", 1.0), operator: *, right: (1.0, 1.0), result: 1.0}
列 'p' 不存在，对列 HospitalType 不过滤，直接选择所有非无效值。
clean_bool length:4
newest best op: Uniop(df,'HospitalType','acute care hospitals',(['MeasureName', 'Condition'], {('pneumonia patients whose initial emergency room blood culture was performed prior to the administration of the first hospital dose of antibiotics', 'pneumonia')}),{left: ("[FunctionalDependency:(s: {MeasureName, Condition}, t: {HospitalType})]", 0.0), operator: *, right: (1.0, 1.0), result: 0.0})
now error: 0.0
Block processing time: 0.123358 seconds
Computing Block 59 out of 66
Processing Block size=3
begin cleaner{left: ("[FunctionalDependency:(s: {MeasureName, Condition}, t: {HospitalType})]", 0.0), operator: *, right: (1.0, 1.0), result: 0.0}
列 'p' 不存在，对列 HospitalType 不过滤，直接选择所有非无效值。
Block processing time: 0.002432 seconds
Computing Block 60 out of 66
Processing Block size=40
begin cleaner{left: ("[FunctionalDependency:(s: {MeasureName, Condition}, t: {HospitalType})]", 0.0), operator: *, right: (1.0, 1.0), result: 0.0}
列 'p' 不存在，对列 HospitalType 不过滤，直接选择所有非无效值。
clean_bool length:5
newest best op: Uniop(df,'HospitalType','acute care hospit#als%',(['MeasureName', 'Condition'], {('heart attack patients given ace inhibitor or arb for left ventricular systolic dysfunction (lvsd)', 'heart attack')}),{left: ("[FunctionalDependency:(s: {MeasureName, Condition}, t: {HospitalType})]", 0.0), operator: *, right: (1.0, 1.0), result: 0.0})
now error: 0.0
newest best op: Uniop(df,'HospitalType','acute care hospitals',(['MeasureName', 'Condition'], {('heart attack patients given ace inhibitor or arb for left ventricular systolic dysfunction (lvsd)', 'heart attack')}),{left: ("[FunctionalDependency:(s: {MeasureName, Condition}, t: {HospitalType})]", 0.0), operator: *, right: (1.0, 1.0), result: 0.0})
now error: 0.0
Block processing time: 0.164435 seconds
Computing Block 61 out of 66
Processing Block size=36
begin cleaner{left: ("[FunctionalDependency:(s: {MeasureName, Condition}, t: {HospitalType})]", 0.0), operator: *, right: (1.0, 1.0), result: 0.0}
列 'p' 不存在，对列 HospitalType 不过滤，直接选择所有非无效值。
clean_bool length:5
newest best op: Uniop(df,'HospitalType','a??c@@ute care hospitals',(['MeasureName', 'Condition'], {('heart attack patients given beta blocker at discharge', 'heart attack')}),{left: ("[FunctionalDependency:(s: {MeasureName, Condition}, t: {HospitalType})]", 0.0), operator: *, right: (1.0, 1.0), result: 0.0})
now error: 0.0
newest best op: Uniop(df,'HospitalType','acute care hospitals',(['MeasureName', 'Condition'], {('heart attack patients given beta blocker at discharge', 'heart attack')}),{left: ("[FunctionalDependency:(s: {MeasureName, Condition}, t: {HospitalType})]", 0.0), operator: *, right: (1.0, 1.0), result: 0.0})
now error: 0.0
Block processing time: 0.146684 seconds
Computing Block 62 out of 66
Processing Block size=39
begin cleaner{left: ("[FunctionalDependency:(s: {MeasureName, Condition}, t: {HospitalType})]", 0.0), operator: *, right: (1.0, 1.0), result: 0.0}
列 'p' 不存在，对列 HospitalType 不过滤，直接选择所有非无效值。
clean_bool length:10
newest best op: Uniop(df,'HospitalType','acute car#%e hospitals',(['MeasureName', 'Condition'], {('heart failure patients given discharge instructions', 'heart failure')}),{left: ("[FunctionalDependency:(s: {MeasureName, Condition}, t: {HospitalType})]", 0.0), operator: *, right: (1.0, 1.0), result: 0.0})
now error: 0.0
newest best op: Uniop(df,'HospitalType','acute care hospitals',(['MeasureName', 'Condition'], {('heart failure patients given discharge instructions', 'heart failure')}),{left: ("[FunctionalDependency:(s: {MeasureName, Condition}, t: {HospitalType})]", 0.0), operator: *, right: (1.0, 1.0), result: 0.0})
now error: 0.0
Block processing time: 0.329636 seconds
Computing Block 63 out of 66
Processing Block size=37
begin cleaner{left: ("[FunctionalDependency:(s: {MeasureName, Condition}, t: {HospitalType})]", 0.0), operator: *, right: (1.0, 1.0), result: 0.0}
列 'p' 不存在，对列 HospitalType 不过滤，直接选择所有非无效值。
clean_bool length:4
newest best op: Uniop(df,'HospitalType','acute care hospitals',(['MeasureName', 'Condition'], {('surgery patients whose doctors ordered treatments to prevent blood clots after certain types of surgeries', 'surgical infection prevention')}),{left: ("[FunctionalDependency:(s: {MeasureName, Condition}, t: {HospitalType})]", 0.0), operator: *, right: (1.0, 1.0), result: 0.0})
now error: 0.0
Block processing time: 0.118243 seconds
Computing Block 64 out of 66
Processing Block size=35
begin cleaner{left: ("[FunctionalDependency:(s: {MeasureName, Condition}, t: {HospitalType})]", 0.0), operator: *, right: (1.0, 1.0), result: 0.0}
列 'p' 不存在，对列 HospitalType 不过滤，直接选择所有非无效值。
clean_bool length:7
newest best op: Uniop(df,'HospitalType','acute care hospitals',(['MeasureName', 'Condition'], {('all heart surgery patients whose blood sugar (blood glucose) is kept under good control in the days right after surgery', 'surgical infection prevention')}),{left: ("[FunctionalDependency:(s: {MeasureName, Condition}, t: {HospitalType})]", 0.0), operator: *, right: (1.0, 1.0), result: 0.0})
now error: 0.0
Block processing time: 0.203112 seconds
Computing Block 65 out of 66
Processing Block size=36
begin cleaner{left: ("[FunctionalDependency:(s: {MeasureName, Condition}, t: {HospitalType})]", 0.0), operator: *, right: (1.0, 1.0), result: 0.0}
列 'p' 不存在，对列 HospitalType 不过滤，直接选择所有非无效值。
clean_bool length:6
newest best op: Uniop(df,'HospitalType','acute care hospitals#%',(['MeasureName', 'Condition'], {('surgery patients whose preventive antibiotics were stopped at the right time (within 24 hours after surgery)', 'surgical infection prevention')}),{left: ("[FunctionalDependency:(s: {MeasureName, Condition}, t: {HospitalType})]", 0.0), operator: *, right: (1.0, 1.0), result: 0.0})
now error: 0.0
newest best op: Uniop(df,'HospitalType','acute care ho%spitals',(['MeasureName', 'Condition'], {('surgery patients whose preventive antibiotics were stopped at the right time (within 24 hours after surgery)', 'surgical infection prevention')}),{left: ("[FunctionalDependency:(s: {MeasureName, Condition}, t: {HospitalType})]", 0.0), operator: *, right: (1.0, 1.0), result: 0.0})
now error: 0.0
newest best op: Uniop(df,'HospitalType','acute care hospitals',(['MeasureName', 'Condition'], {('surgery patients whose preventive antibiotics were stopped at the right time (within 24 hours after surgery)', 'surgical infection prevention')}),{left: ("[FunctionalDependency:(s: {MeasureName, Condition}, t: {HospitalType})]", 0.0), operator: *, right: (1.0, 1.0), result: 0.0})
now error: 0.0
Block processing time: 0.17847 seconds
  当前节点: HospitalType 有 26 个清洗操作
['ZipCode', 'PhoneNumber', 'Address1', 'HospitalOwner', 'City', 'HospitalType']的清洗完成

本层累积的编辑规则数: 233
读入数据大小：1000
处理了 233 条规则，更新数据...
所有编辑规则已更新完成

处理第 1 层级, 包含节点: ['ProviderNumber', 'MeasureCode']
  跳过已清洗结束的节点: ProviderNumber
  跳过已清洗结束的节点: MeasureCode
['ProviderNumber', 'MeasureCode']的清洗完成

本层累积的编辑规则数: 0
本层没有可以进行的清洗操作，进行下一层

处理第 2 层级, 包含节点: ['HospitalName', 'MeasureName', 'Stateavg', 'Condition']
  跳过已清洗结束的节点: HospitalName
  跳过已清洗结束的节点: MeasureName
  跳过已清洗结束的节点: Stateavg
  跳过已清洗结束的节点: Condition
['HospitalName', 'MeasureName', 'Stateavg', 'Condition']的清洗完成

本层累积的编辑规则数: 0
本层没有可以进行的清洗操作，进行下一层

处理第 3 层级, 包含节点: ['ZipCode', 'PhoneNumber', 'Address1', 'HospitalOwner', 'City', 'HospitalType']
  当前节点: ZipCode 存在可用清洗信号
数据块大小: 1000
分块属性:
[['HospitalName']]
Starting initial block mapping...
Initial number of blocks: 55
Final number of blocks after further splitting: 55
Computing Block 1 out of 55
Processing Block size=24
begin cleaner[FunctionalDependency:(s: {'HospitalName'}, t: {'ZipCode'})]*1.0
列 'p' 不存在，对列 ZipCode 不过滤，直接选择所有非无效值。
Block processing time: 0.018531 seconds
Computing Block 2 out of 55
Processing Block size=25
begin cleaner{left: ("[FunctionalDependency:(s: {HospitalName}, t: {ZipCode})]", 0.0), operator: *, right: (1.0, 1.0), result: 0.0}
列 'p' 不存在，对列 ZipCode 不过滤，直接选择所有非无效值。
Block processing time: 0.019005 seconds
Computing Block 3 out of 55
Processing Block size=2
begin cleaner{left: ("[FunctionalDependency:(s: {HospitalName}, t: {ZipCode})]", 0.0), operator: *, right: (1.0, 1.0), result: 0.0}
列 'p' 不存在，对列 ZipCode 不过滤，直接选择所有非无效值。
Block processing time: 0.00172 seconds
Computing Block 4 out of 55
Processing Block size=17
begin cleaner{left: ("[FunctionalDependency:(s: {HospitalName}, t: {ZipCode})]", 0.0), operator: *, right: (1.0, 1.0), result: 0.0}
列 'p' 不存在，对列 ZipCode 不过滤，直接选择所有非无效值。
Block processing time: 0.012922 seconds
Computing Block 6 out of 55
Processing Block size=24
begin cleaner{left: ("[FunctionalDependency:(s: {HospitalName}, t: {ZipCode})]", 0.0), operator: *, right: (1.0, 1.0), result: 0.0}
列 'p' 不存在，对列 ZipCode 不过滤，直接选择所有非无效值。
Block processing time: 0.018122 seconds
Computing Block 7 out of 55
Processing Block size=25
begin cleaner{left: ("[FunctionalDependency:(s: {HospitalName}, t: {ZipCode})]", 0.0), operator: *, right: (1.0, 1.0), result: 0.0}
列 'p' 不存在，对列 ZipCode 不过滤，直接选择所有非无效值。
Block processing time: 0.018397 seconds
Computing Block 8 out of 55
Processing Block size=25
begin cleaner{left: ("[FunctionalDependency:(s: {HospitalName}, t: {ZipCode})]", 0.0), operator: *, right: (1.0, 1.0), result: 0.0}
列 'p' 不存在，对列 ZipCode 不过滤，直接选择所有非无效值。
Block processing time: 0.018272 seconds
Computing Block 10 out of 55
Processing Block size=25
begin cleaner{left: ("[FunctionalDependency:(s: {HospitalName}, t: {ZipCode})]", 0.0), operator: *, right: (1.0, 1.0), result: 0.0}
列 'p' 不存在，对列 ZipCode 不过滤，直接选择所有非无效值。
Block processing time: 0.018669 seconds
Computing Block 12 out of 55
Processing Block size=24
begin cleaner{left: ("[FunctionalDependency:(s: {HospitalName}, t: {ZipCode})]", 0.0), operator: *, right: (1.0, 1.0), result: 0.0}
列 'p' 不存在，对列 ZipCode 不过滤，直接选择所有非无效值。
Block processing time: 0.017603 seconds
Computing Block 14 out of 55
Processing Block size=26
begin cleaner{left: ("[FunctionalDependency:(s: {HospitalName}, t: {ZipCode})]", 0.0), operator: *, right: (1.0, 1.0), result: 0.0}
列 'p' 不存在，对列 ZipCode 不过滤，直接选择所有非无效值。
Block processing time: 0.018922 seconds
Computing Block 15 out of 55
Processing Block size=23
begin cleaner{left: ("[FunctionalDependency:(s: {HospitalName}, t: {ZipCode})]", 0.0), operator: *, right: (1.0, 1.0), result: 0.0}
列 'p' 不存在，对列 ZipCode 不过滤，直接选择所有非无效值。
Block processing time: 0.017229 seconds
Computing Block 16 out of 55
Processing Block size=11
begin cleaner{left: ("[FunctionalDependency:(s: {HospitalName}, t: {ZipCode})]", 0.0), operator: *, right: (1.0, 1.0), result: 0.0}
列 'p' 不存在，对列 ZipCode 不过滤，直接选择所有非无效值。
Block processing time: 0.008207 seconds
Computing Block 18 out of 55
Processing Block size=18
begin cleaner{left: ("[FunctionalDependency:(s: {HospitalName}, t: {ZipCode})]", 0.0), operator: *, right: (1.0, 1.0), result: 0.0}
列 'p' 不存在，对列 ZipCode 不过滤，直接选择所有非无效值。
Block processing time: 0.012948 seconds
Computing Block 20 out of 55
Processing Block size=25
begin cleaner{left: ("[FunctionalDependency:(s: {HospitalName}, t: {ZipCode})]", 0.0), operator: *, right: (1.0, 1.0), result: 0.0}
列 'p' 不存在，对列 ZipCode 不过滤，直接选择所有非无效值。
Block processing time: 0.018593 seconds
Computing Block 21 out of 55
Processing Block size=25
begin cleaner{left: ("[FunctionalDependency:(s: {HospitalName}, t: {ZipCode})]", 0.0), operator: *, right: (1.0, 1.0), result: 0.0}
列 'p' 不存在，对列 ZipCode 不过滤，直接选择所有非无效值。
Block processing time: 0.017884 seconds
Computing Block 22 out of 55
Processing Block size=28
begin cleaner{left: ("[FunctionalDependency:(s: {HospitalName}, t: {ZipCode})]", 0.0), operator: *, right: (1.0, 1.0), result: 0.0}
列 'p' 不存在，对列 ZipCode 不过滤，直接选择所有非无效值。
Block processing time: 0.020076 seconds
Computing Block 23 out of 55
Processing Block size=25
begin cleaner{left: ("[FunctionalDependency:(s: {HospitalName}, t: {ZipCode})]", 0.0), operator: *, right: (1.0, 1.0), result: 0.0}
列 'p' 不存在，对列 ZipCode 不过滤，直接选择所有非无效值。
Block processing time: 0.018002 seconds
Computing Block 24 out of 55
Processing Block size=2
begin cleaner{left: ("[FunctionalDependency:(s: {HospitalName}, t: {ZipCode})]", 0.0), operator: *, right: (1.0, 1.0), result: 0.0}
列 'p' 不存在，对列 ZipCode 不过滤，直接选择所有非无效值。
Block processing time: 0.001561 seconds
Computing Block 25 out of 55
Processing Block size=25
begin cleaner{left: ("[FunctionalDependency:(s: {HospitalName}, t: {ZipCode})]", 0.0), operator: *, right: (1.0, 1.0), result: 0.0}
列 'p' 不存在，对列 ZipCode 不过滤，直接选择所有非无效值。
Block processing time: 0.018031 seconds
Computing Block 26 out of 55
Processing Block size=24
begin cleaner{left: ("[FunctionalDependency:(s: {HospitalName}, t: {ZipCode})]", 0.0), operator: *, right: (1.0, 1.0), result: 0.0}
列 'p' 不存在，对列 ZipCode 不过滤，直接选择所有非无效值。
Block processing time: 0.017118 seconds
Computing Block 27 out of 55
Processing Block size=25
begin cleaner{left: ("[FunctionalDependency:(s: {HospitalName}, t: {ZipCode})]", 0.0), operator: *, right: (1.0, 1.0), result: 0.0}
列 'p' 不存在，对列 ZipCode 不过滤，直接选择所有非无效值。
Block processing time: 0.018526 seconds
Computing Block 28 out of 55
Processing Block size=25
begin cleaner{left: ("[FunctionalDependency:(s: {HospitalName}, t: {ZipCode})]", 0.0), operator: *, right: (1.0, 1.0), result: 0.0}
列 'p' 不存在，对列 ZipCode 不过滤，直接选择所有非无效值。
Block processing time: 0.018275 seconds
Computing Block 29 out of 55
Processing Block size=25
begin cleaner{left: ("[FunctionalDependency:(s: {HospitalName}, t: {ZipCode})]", 0.0), operator: *, right: (1.0, 1.0), result: 0.0}
列 'p' 不存在，对列 ZipCode 不过滤，直接选择所有非无效值。
Block processing time: 0.018085 seconds
Computing Block 30 out of 55
Processing Block size=25
begin cleaner{left: ("[FunctionalDependency:(s: {HospitalName}, t: {ZipCode})]", 0.0), operator: *, right: (1.0, 1.0), result: 0.0}
列 'p' 不存在，对列 ZipCode 不过滤，直接选择所有非无效值。
Block processing time: 0.018077 seconds
Computing Block 31 out of 55
Processing Block size=25
begin cleaner{left: ("[FunctionalDependency:(s: {HospitalName}, t: {ZipCode})]", 0.0), operator: *, right: (1.0, 1.0), result: 0.0}
列 'p' 不存在，对列 ZipCode 不过滤，直接选择所有非无效值。
Block processing time: 0.018121 seconds
Computing Block 32 out of 55
Processing Block size=5
begin cleaner{left: ("[FunctionalDependency:(s: {HospitalName}, t: {ZipCode})]", 0.0), operator: *, right: (1.0, 1.0), result: 0.0}
列 'p' 不存在，对列 ZipCode 不过滤，直接选择所有非无效值。
Block processing time: 0.00373 seconds
Computing Block 33 out of 55
Processing Block size=25
begin cleaner{left: ("[FunctionalDependency:(s: {HospitalName}, t: {ZipCode})]", 0.0), operator: *, right: (1.0, 1.0), result: 0.0}
列 'p' 不存在，对列 ZipCode 不过滤，直接选择所有非无效值。
Block processing time: 0.018387 seconds
Computing Block 34 out of 55
Processing Block size=25
begin cleaner{left: ("[FunctionalDependency:(s: {HospitalName}, t: {ZipCode})]", 0.0), operator: *, right: (1.0, 1.0), result: 0.0}
列 'p' 不存在，对列 ZipCode 不过滤，直接选择所有非无效值。
Block processing time: 0.01829 seconds
Computing Block 35 out of 55
Processing Block size=25
begin cleaner{left: ("[FunctionalDependency:(s: {HospitalName}, t: {ZipCode})]", 0.0), operator: *, right: (1.0, 1.0), result: 0.0}
列 'p' 不存在，对列 ZipCode 不过滤，直接选择所有非无效值。
Block processing time: 0.018165 seconds
Computing Block 36 out of 55
Processing Block size=24
begin cleaner{left: ("[FunctionalDependency:(s: {HospitalName}, t: {ZipCode})]", 0.0), operator: *, right: (1.0, 1.0), result: 0.0}
列 'p' 不存在，对列 ZipCode 不过滤，直接选择所有非无效值。
Block processing time: 0.017395 seconds
Computing Block 37 out of 55
Processing Block size=25
begin cleaner{left: ("[FunctionalDependency:(s: {HospitalName}, t: {ZipCode})]", 0.0), operator: *, right: (1.0, 1.0), result: 0.0}
列 'p' 不存在，对列 ZipCode 不过滤，直接选择所有非无效值。
Block processing time: 0.018216 seconds
Computing Block 38 out of 55
Processing Block size=25
begin cleaner{left: ("[FunctionalDependency:(s: {HospitalName}, t: {ZipCode})]", 0.0), operator: *, right: (1.0, 1.0), result: 0.0}
列 'p' 不存在，对列 ZipCode 不过滤，直接选择所有非无效值。
Block processing time: 0.01902 seconds
Computing Block 39 out of 55
Processing Block size=25
begin cleaner{left: ("[FunctionalDependency:(s: {HospitalName}, t: {ZipCode})]", 0.0), operator: *, right: (1.0, 1.0), result: 0.0}
列 'p' 不存在，对列 ZipCode 不过滤，直接选择所有非无效值。
Block processing time: 0.019041 seconds
Computing Block 40 out of 55
Processing Block size=25
begin cleaner{left: ("[FunctionalDependency:(s: {HospitalName}, t: {ZipCode})]", 0.0), operator: *, right: (1.0, 1.0), result: 0.0}
列 'p' 不存在，对列 ZipCode 不过滤，直接选择所有非无效值。
Block processing time: 0.018627 seconds
Computing Block 41 out of 55
Processing Block size=25
begin cleaner{left: ("[FunctionalDependency:(s: {HospitalName}, t: {ZipCode})]", 0.0), operator: *, right: (1.0, 1.0), result: 0.0}
列 'p' 不存在，对列 ZipCode 不过滤，直接选择所有非无效值。
Block processing time: 0.018442 seconds
Computing Block 42 out of 55
Processing Block size=24
begin cleaner{left: ("[FunctionalDependency:(s: {HospitalName}, t: {ZipCode})]", 0.0), operator: *, right: (1.0, 1.0), result: 0.0}
列 'p' 不存在，对列 ZipCode 不过滤，直接选择所有非无效值。
Block processing time: 0.01797 seconds
Computing Block 43 out of 55
Processing Block size=19
begin cleaner{left: ("[FunctionalDependency:(s: {HospitalName}, t: {ZipCode})]", 0.0), operator: *, right: (1.0, 1.0), result: 0.0}
列 'p' 不存在，对列 ZipCode 不过滤，直接选择所有非无效值。
Block processing time: 0.013819 seconds
Computing Block 44 out of 55
Processing Block size=28
begin cleaner{left: ("[FunctionalDependency:(s: {HospitalName}, t: {ZipCode})]", 0.0), operator: *, right: (1.0, 1.0), result: 0.0}
列 'p' 不存在，对列 ZipCode 不过滤，直接选择所有非无效值。
Block processing time: 0.020045 seconds
Computing Block 45 out of 55
Processing Block size=25
begin cleaner{left: ("[FunctionalDependency:(s: {HospitalName}, t: {ZipCode})]", 0.0), operator: *, right: (1.0, 1.0), result: 0.0}
列 'p' 不存在，对列 ZipCode 不过滤，直接选择所有非无效值。
Block processing time: 0.017798 seconds
Computing Block 47 out of 55
Processing Block size=20
begin cleaner{left: ("[FunctionalDependency:(s: {HospitalName}, t: {ZipCode})]", 0.0), operator: *, right: (1.0, 1.0), result: 0.0}
列 'p' 不存在，对列 ZipCode 不过滤，直接选择所有非无效值。
Block processing time: 0.025926 seconds
Computing Block 48 out of 55
Processing Block size=17
begin cleaner{left: ("[FunctionalDependency:(s: {HospitalName}, t: {ZipCode})]", 0.0), operator: *, right: (1.0, 1.0), result: 0.0}
列 'p' 不存在，对列 ZipCode 不过滤，直接选择所有非无效值。
Block processing time: 0.012872 seconds
Computing Block 50 out of 55
Processing Block size=25
begin cleaner{left: ("[FunctionalDependency:(s: {HospitalName}, t: {ZipCode})]", 0.0), operator: *, right: (1.0, 1.0), result: 0.0}
列 'p' 不存在，对列 ZipCode 不过滤，直接选择所有非无效值。
Block processing time: 0.017806 seconds
Computing Block 52 out of 55
Processing Block size=22
begin cleaner{left: ("[FunctionalDependency:(s: {HospitalName}, t: {ZipCode})]", 0.0), operator: *, right: (1.0, 1.0), result: 0.0}
列 'p' 不存在，对列 ZipCode 不过滤，直接选择所有非无效值。
Block processing time: 0.015576 seconds
Computing Block 53 out of 55
Processing Block size=24
begin cleaner{left: ("[FunctionalDependency:(s: {HospitalName}, t: {ZipCode})]", 0.0), operator: *, right: (1.0, 1.0), result: 0.0}
列 'p' 不存在，对列 ZipCode 不过滤，直接选择所有非无效值。
Block processing time: 0.017078 seconds
  当前节点: ZipCode 无清洗操作
  当前节点: PhoneNumber 存在可用清洗信号
数据块大小: 1000
分块属性:
[['HospitalName']]
Starting initial block mapping...
Initial number of blocks: 55
Final number of blocks after further splitting: 55
Computing Block 1 out of 55
Processing Block size=24
begin cleaner[FunctionalDependency:(s: {'HospitalName'}, t: {'PhoneNumber'})]*1.0
列 'p' 不存在，对列 PhoneNumber 不过滤，直接选择所有非无效值。
Block processing time: 0.018268 seconds
Computing Block 2 out of 55
Processing Block size=25
begin cleaner{left: ("[FunctionalDependency:(s: {HospitalName}, t: {PhoneNumber})]", 0.0), operator: *, right: (1.0, 1.0), result: 0.0}
列 'p' 不存在，对列 PhoneNumber 不过滤，直接选择所有非无效值。
Block processing time: 0.018108 seconds
Computing Block 3 out of 55
Processing Block size=2
begin cleaner{left: ("[FunctionalDependency:(s: {HospitalName}, t: {PhoneNumber})]", 0.0), operator: *, right: (1.0, 1.0), result: 0.0}
列 'p' 不存在，对列 PhoneNumber 不过滤，直接选择所有非无效值。
Block processing time: 0.001604 seconds
Computing Block 4 out of 55
Processing Block size=17
begin cleaner{left: ("[FunctionalDependency:(s: {HospitalName}, t: {PhoneNumber})]", 0.0), operator: *, right: (1.0, 1.0), result: 0.0}
列 'p' 不存在，对列 PhoneNumber 不过滤，直接选择所有非无效值。
Block processing time: 0.012432 seconds
Computing Block 6 out of 55
Processing Block size=24
begin cleaner{left: ("[FunctionalDependency:(s: {HospitalName}, t: {PhoneNumber})]", 0.0), operator: *, right: (1.0, 1.0), result: 0.0}
列 'p' 不存在，对列 PhoneNumber 不过滤，直接选择所有非无效值。
Block processing time: 0.017713 seconds
Computing Block 7 out of 55
Processing Block size=25
begin cleaner{left: ("[FunctionalDependency:(s: {HospitalName}, t: {PhoneNumber})]", 0.0), operator: *, right: (1.0, 1.0), result: 0.0}
列 'p' 不存在，对列 PhoneNumber 不过滤，直接选择所有非无效值。
Block processing time: 0.017967 seconds
Computing Block 8 out of 55
Processing Block size=25
begin cleaner{left: ("[FunctionalDependency:(s: {HospitalName}, t: {PhoneNumber})]", 0.0), operator: *, right: (1.0, 1.0), result: 0.0}
列 'p' 不存在，对列 PhoneNumber 不过滤，直接选择所有非无效值。
Block processing time: 0.017814 seconds
Computing Block 10 out of 55
Processing Block size=25
begin cleaner{left: ("[FunctionalDependency:(s: {HospitalName}, t: {PhoneNumber})]", 0.0), operator: *, right: (1.0, 1.0), result: 0.0}
列 'p' 不存在，对列 PhoneNumber 不过滤，直接选择所有非无效值。
Block processing time: 0.017852 seconds
Computing Block 12 out of 55
Processing Block size=24
begin cleaner{left: ("[FunctionalDependency:(s: {HospitalName}, t: {PhoneNumber})]", 0.0), operator: *, right: (1.0, 1.0), result: 0.0}
列 'p' 不存在，对列 PhoneNumber 不过滤，直接选择所有非无效值。
Block processing time: 0.017413 seconds
Computing Block 14 out of 55
Processing Block size=26
begin cleaner{left: ("[FunctionalDependency:(s: {HospitalName}, t: {PhoneNumber})]", 0.0), operator: *, right: (1.0, 1.0), result: 0.0}
列 'p' 不存在，对列 PhoneNumber 不过滤，直接选择所有非无效值。
Block processing time: 0.018702 seconds
Computing Block 15 out of 55
Processing Block size=23
begin cleaner{left: ("[FunctionalDependency:(s: {HospitalName}, t: {PhoneNumber})]", 0.0), operator: *, right: (1.0, 1.0), result: 0.0}
列 'p' 不存在，对列 PhoneNumber 不过滤，直接选择所有非无效值。
Block processing time: 0.016567 seconds
Computing Block 16 out of 55
Processing Block size=11
begin cleaner{left: ("[FunctionalDependency:(s: {HospitalName}, t: {PhoneNumber})]", 0.0), operator: *, right: (1.0, 1.0), result: 0.0}
列 'p' 不存在，对列 PhoneNumber 不过滤，直接选择所有非无效值。
Block processing time: 0.008017 seconds
Computing Block 18 out of 55
Processing Block size=18
begin cleaner{left: ("[FunctionalDependency:(s: {HospitalName}, t: {PhoneNumber})]", 0.0), operator: *, right: (1.0, 1.0), result: 0.0}
列 'p' 不存在，对列 PhoneNumber 不过滤，直接选择所有非无效值。
Block processing time: 0.012792 seconds
Computing Block 20 out of 55
Processing Block size=25
begin cleaner{left: ("[FunctionalDependency:(s: {HospitalName}, t: {PhoneNumber})]", 0.0), operator: *, right: (1.0, 1.0), result: 0.0}
列 'p' 不存在，对列 PhoneNumber 不过滤，直接选择所有非无效值。
Block processing time: 0.017789 seconds
Computing Block 21 out of 55
Processing Block size=25
begin cleaner{left: ("[FunctionalDependency:(s: {HospitalName}, t: {PhoneNumber})]", 0.0), operator: *, right: (1.0, 1.0), result: 0.0}
列 'p' 不存在，对列 PhoneNumber 不过滤，直接选择所有非无效值。
Block processing time: 0.017838 seconds
Computing Block 22 out of 55
Processing Block size=28
begin cleaner{left: ("[FunctionalDependency:(s: {HospitalName}, t: {PhoneNumber})]", 0.0), operator: *, right: (1.0, 1.0), result: 0.0}
列 'p' 不存在，对列 PhoneNumber 不过滤，直接选择所有非无效值。
Block processing time: 0.020122 seconds
Computing Block 23 out of 55
Processing Block size=25
begin cleaner{left: ("[FunctionalDependency:(s: {HospitalName}, t: {PhoneNumber})]", 0.0), operator: *, right: (1.0, 1.0), result: 0.0}
列 'p' 不存在，对列 PhoneNumber 不过滤，直接选择所有非无效值。
Block processing time: 0.017736 seconds
Computing Block 24 out of 55
Processing Block size=2
begin cleaner{left: ("[FunctionalDependency:(s: {HospitalName}, t: {PhoneNumber})]", 0.0), operator: *, right: (1.0, 1.0), result: 0.0}
列 'p' 不存在，对列 PhoneNumber 不过滤，直接选择所有非无效值。
Block processing time: 0.001599 seconds
Computing Block 25 out of 55
Processing Block size=25
begin cleaner{left: ("[FunctionalDependency:(s: {HospitalName}, t: {PhoneNumber})]", 0.0), operator: *, right: (1.0, 1.0), result: 0.0}
列 'p' 不存在，对列 PhoneNumber 不过滤，直接选择所有非无效值。
Block processing time: 0.01821 seconds
Computing Block 26 out of 55
Processing Block size=24
begin cleaner{left: ("[FunctionalDependency:(s: {HospitalName}, t: {PhoneNumber})]", 0.0), operator: *, right: (1.0, 1.0), result: 0.0}
列 'p' 不存在，对列 PhoneNumber 不过滤，直接选择所有非无效值。
Block processing time: 0.017097 seconds
Computing Block 27 out of 55
Processing Block size=25
begin cleaner{left: ("[FunctionalDependency:(s: {HospitalName}, t: {PhoneNumber})]", 0.0), operator: *, right: (1.0, 1.0), result: 0.0}
列 'p' 不存在，对列 PhoneNumber 不过滤，直接选择所有非无效值。
Block processing time: 0.017693 seconds
Computing Block 28 out of 55
Processing Block size=25
begin cleaner{left: ("[FunctionalDependency:(s: {HospitalName}, t: {PhoneNumber})]", 0.0), operator: *, right: (1.0, 1.0), result: 0.0}
列 'p' 不存在，对列 PhoneNumber 不过滤，直接选择所有非无效值。
Block processing time: 0.017757 seconds
Computing Block 29 out of 55
Processing Block size=25
begin cleaner{left: ("[FunctionalDependency:(s: {HospitalName}, t: {PhoneNumber})]", 0.0), operator: *, right: (1.0, 1.0), result: 0.0}
列 'p' 不存在，对列 PhoneNumber 不过滤，直接选择所有非无效值。
Block processing time: 0.018319 seconds
Computing Block 30 out of 55
Processing Block size=25
begin cleaner{left: ("[FunctionalDependency:(s: {HospitalName}, t: {PhoneNumber})]", 0.0), operator: *, right: (1.0, 1.0), result: 0.0}
列 'p' 不存在，对列 PhoneNumber 不过滤，直接选择所有非无效值。
Block processing time: 0.018298 seconds
Computing Block 31 out of 55
Processing Block size=25
begin cleaner{left: ("[FunctionalDependency:(s: {HospitalName}, t: {PhoneNumber})]", 0.0), operator: *, right: (1.0, 1.0), result: 0.0}
列 'p' 不存在，对列 PhoneNumber 不过滤，直接选择所有非无效值。
Block processing time: 0.017971 seconds
Computing Block 32 out of 55
Processing Block size=5
begin cleaner{left: ("[FunctionalDependency:(s: {HospitalName}, t: {PhoneNumber})]", 0.0), operator: *, right: (1.0, 1.0), result: 0.0}
列 'p' 不存在，对列 PhoneNumber 不过滤，直接选择所有非无效值。
Block processing time: 0.003734 seconds
Computing Block 33 out of 55
Processing Block size=25
begin cleaner{left: ("[FunctionalDependency:(s: {HospitalName}, t: {PhoneNumber})]", 0.0), operator: *, right: (1.0, 1.0), result: 0.0}
列 'p' 不存在，对列 PhoneNumber 不过滤，直接选择所有非无效值。
Block processing time: 0.019324 seconds
Computing Block 34 out of 55
Processing Block size=25
begin cleaner{left: ("[FunctionalDependency:(s: {HospitalName}, t: {PhoneNumber})]", 0.0), operator: *, right: (1.0, 1.0), result: 0.0}
列 'p' 不存在，对列 PhoneNumber 不过滤，直接选择所有非无效值。
Block processing time: 0.018047 seconds
Computing Block 35 out of 55
Processing Block size=25
begin cleaner{left: ("[FunctionalDependency:(s: {HospitalName}, t: {PhoneNumber})]", 0.0), operator: *, right: (1.0, 1.0), result: 0.0}
列 'p' 不存在，对列 PhoneNumber 不过滤，直接选择所有非无效值。
Block processing time: 0.017834 seconds
Computing Block 36 out of 55
Processing Block size=24
begin cleaner{left: ("[FunctionalDependency:(s: {HospitalName}, t: {PhoneNumber})]", 0.0), operator: *, right: (1.0, 1.0), result: 0.0}
列 'p' 不存在，对列 PhoneNumber 不过滤，直接选择所有非无效值。
Block processing time: 0.016977 seconds
Computing Block 37 out of 55
Processing Block size=25
begin cleaner{left: ("[FunctionalDependency:(s: {HospitalName}, t: {PhoneNumber})]", 0.0), operator: *, right: (1.0, 1.0), result: 0.0}
列 'p' 不存在，对列 PhoneNumber 不过滤，直接选择所有非无效值。
Block processing time: 0.017879 seconds
Computing Block 38 out of 55
Processing Block size=25
begin cleaner{left: ("[FunctionalDependency:(s: {HospitalName}, t: {PhoneNumber})]", 0.0), operator: *, right: (1.0, 1.0), result: 0.0}
列 'p' 不存在，对列 PhoneNumber 不过滤，直接选择所有非无效值。
Block processing time: 0.018315 seconds
Computing Block 39 out of 55
Processing Block size=25
begin cleaner{left: ("[FunctionalDependency:(s: {HospitalName}, t: {PhoneNumber})]", 0.0), operator: *, right: (1.0, 1.0), result: 0.0}
列 'p' 不存在，对列 PhoneNumber 不过滤，直接选择所有非无效值。
Block processing time: 0.017759 seconds
Computing Block 40 out of 55
Processing Block size=25
begin cleaner{left: ("[FunctionalDependency:(s: {HospitalName}, t: {PhoneNumber})]", 0.0), operator: *, right: (1.0, 1.0), result: 0.0}
列 'p' 不存在，对列 PhoneNumber 不过滤，直接选择所有非无效值。
Block processing time: 0.017858 seconds
Computing Block 41 out of 55
Processing Block size=25
begin cleaner{left: ("[FunctionalDependency:(s: {HospitalName}, t: {PhoneNumber})]", 0.0), operator: *, right: (1.0, 1.0), result: 0.0}
列 'p' 不存在，对列 PhoneNumber 不过滤，直接选择所有非无效值。
Block processing time: 0.01762 seconds
Computing Block 42 out of 55
Processing Block size=24
begin cleaner{left: ("[FunctionalDependency:(s: {HospitalName}, t: {PhoneNumber})]", 0.0), operator: *, right: (1.0, 1.0), result: 0.0}
列 'p' 不存在，对列 PhoneNumber 不过滤，直接选择所有非无效值。
Block processing time: 0.016921 seconds
Computing Block 43 out of 55
Processing Block size=19
begin cleaner{left: ("[FunctionalDependency:(s: {HospitalName}, t: {PhoneNumber})]", 0.0), operator: *, right: (1.0, 1.0), result: 0.0}
列 'p' 不存在，对列 PhoneNumber 不过滤，直接选择所有非无效值。
Block processing time: 0.013498 seconds
Computing Block 44 out of 55
Processing Block size=28
begin cleaner{left: ("[FunctionalDependency:(s: {HospitalName}, t: {PhoneNumber})]", 0.0), operator: *, right: (1.0, 1.0), result: 0.0}
列 'p' 不存在，对列 PhoneNumber 不过滤，直接选择所有非无效值。
Block processing time: 0.020129 seconds
Computing Block 45 out of 55
Processing Block size=25
begin cleaner{left: ("[FunctionalDependency:(s: {HospitalName}, t: {PhoneNumber})]", 0.0), operator: *, right: (1.0, 1.0), result: 0.0}
列 'p' 不存在，对列 PhoneNumber 不过滤，直接选择所有非无效值。
Block processing time: 0.018223 seconds
Computing Block 47 out of 55
Processing Block size=20
begin cleaner{left: ("[FunctionalDependency:(s: {HospitalName}, t: {PhoneNumber})]", 0.0), operator: *, right: (1.0, 1.0), result: 0.0}
列 'p' 不存在，对列 PhoneNumber 不过滤，直接选择所有非无效值。
Block processing time: 0.014442 seconds
Computing Block 48 out of 55
Processing Block size=17
begin cleaner{left: ("[FunctionalDependency:(s: {HospitalName}, t: {PhoneNumber})]", 0.0), operator: *, right: (1.0, 1.0), result: 0.0}
列 'p' 不存在，对列 PhoneNumber 不过滤，直接选择所有非无效值。
Block processing time: 0.012627 seconds
Computing Block 50 out of 55
Processing Block size=25
begin cleaner{left: ("[FunctionalDependency:(s: {HospitalName}, t: {PhoneNumber})]", 0.0), operator: *, right: (1.0, 1.0), result: 0.0}
列 'p' 不存在，对列 PhoneNumber 不过滤，直接选择所有非无效值。
Block processing time: 0.017803 seconds
Computing Block 52 out of 55
Processing Block size=22
begin cleaner{left: ("[FunctionalDependency:(s: {HospitalName}, t: {PhoneNumber})]", 0.0), operator: *, right: (1.0, 1.0), result: 0.0}
列 'p' 不存在，对列 PhoneNumber 不过滤，直接选择所有非无效值。
Block processing time: 0.015636 seconds
Computing Block 53 out of 55
Processing Block size=24
begin cleaner{left: ("[FunctionalDependency:(s: {HospitalName}, t: {PhoneNumber})]", 0.0), operator: *, right: (1.0, 1.0), result: 0.0}
列 'p' 不存在，对列 PhoneNumber 不过滤，直接选择所有非无效值。
Block processing time: 0.017016 seconds
  当前节点: PhoneNumber 无清洗操作
  当前节点: Address1 存在可用清洗信号
数据块大小: 1000
分块属性:
[['HospitalName']]
Starting initial block mapping...
Initial number of blocks: 55
Final number of blocks after further splitting: 55
Computing Block 1 out of 55
Processing Block size=24
begin cleaner[FunctionalDependency:(s: {'HospitalName'}, t: {'Address1'})]*1.0
列 'p' 不存在，对列 Address1 不过滤，直接选择所有非无效值。
Block processing time: 0.017109 seconds
Computing Block 2 out of 55
Processing Block size=25
begin cleaner{left: ("[FunctionalDependency:(s: {HospitalName}, t: {Address1})]", 0.0), operator: *, right: (1.0, 1.0), result: 0.0}
列 'p' 不存在，对列 Address1 不过滤，直接选择所有非无效值。
Block processing time: 0.017688 seconds
Computing Block 3 out of 55
Processing Block size=2
begin cleaner{left: ("[FunctionalDependency:(s: {HospitalName}, t: {Address1})]", 0.0), operator: *, right: (1.0, 1.0), result: 0.0}
列 'p' 不存在，对列 Address1 不过滤，直接选择所有非无效值。
Block processing time: 0.001599 seconds
Computing Block 4 out of 55
Processing Block size=17
begin cleaner{left: ("[FunctionalDependency:(s: {HospitalName}, t: {Address1})]", 0.0), operator: *, right: (1.0, 1.0), result: 0.0}
列 'p' 不存在，对列 Address1 不过滤，直接选择所有非无效值。
Block processing time: 0.011997 seconds
Computing Block 6 out of 55
Processing Block size=24
begin cleaner{left: ("[FunctionalDependency:(s: {HospitalName}, t: {Address1})]", 0.0), operator: *, right: (1.0, 1.0), result: 0.0}
列 'p' 不存在，对列 Address1 不过滤，直接选择所有非无效值。
Block processing time: 0.016898 seconds
Computing Block 7 out of 55
Processing Block size=25
begin cleaner{left: ("[FunctionalDependency:(s: {HospitalName}, t: {Address1})]", 0.0), operator: *, right: (1.0, 1.0), result: 0.0}
列 'p' 不存在，对列 Address1 不过滤，直接选择所有非无效值。
Block processing time: 0.017589 seconds
Computing Block 8 out of 55
Processing Block size=25
begin cleaner{left: ("[FunctionalDependency:(s: {HospitalName}, t: {Address1})]", 0.0), operator: *, right: (1.0, 1.0), result: 0.0}
列 'p' 不存在，对列 Address1 不过滤，直接选择所有非无效值。
Block processing time: 0.017555 seconds
Computing Block 10 out of 55
Processing Block size=25
begin cleaner{left: ("[FunctionalDependency:(s: {HospitalName}, t: {Address1})]", 0.0), operator: *, right: (1.0, 1.0), result: 0.0}
列 'p' 不存在，对列 Address1 不过滤，直接选择所有非无效值。
Block processing time: 0.017769 seconds
Computing Block 12 out of 55
Processing Block size=24
begin cleaner{left: ("[FunctionalDependency:(s: {HospitalName}, t: {Address1})]", 0.0), operator: *, right: (1.0, 1.0), result: 0.0}
列 'p' 不存在，对列 Address1 不过滤，直接选择所有非无效值。
Block processing time: 0.017021 seconds
Computing Block 14 out of 55
Processing Block size=26
begin cleaner{left: ("[FunctionalDependency:(s: {HospitalName}, t: {Address1})]", 0.0), operator: *, right: (1.0, 1.0), result: 0.0}
列 'p' 不存在，对列 Address1 不过滤，直接选择所有非无效值。
Block processing time: 0.018931 seconds
Computing Block 15 out of 55
Processing Block size=23
begin cleaner{left: ("[FunctionalDependency:(s: {HospitalName}, t: {Address1})]", 0.0), operator: *, right: (1.0, 1.0), result: 0.0}
列 'p' 不存在，对列 Address1 不过滤，直接选择所有非无效值。
Block processing time: 0.01658 seconds
Computing Block 16 out of 55
Processing Block size=11
begin cleaner{left: ("[FunctionalDependency:(s: {HospitalName}, t: {Address1})]", 0.0), operator: *, right: (1.0, 1.0), result: 0.0}
列 'p' 不存在，对列 Address1 不过滤，直接选择所有非无效值。
Block processing time: 0.007858 seconds
Computing Block 18 out of 55
Processing Block size=18
begin cleaner{left: ("[FunctionalDependency:(s: {HospitalName}, t: {Address1})]", 0.0), operator: *, right: (1.0, 1.0), result: 0.0}
列 'p' 不存在，对列 Address1 不过滤，直接选择所有非无效值。
Block processing time: 0.012758 seconds
Computing Block 20 out of 55
Processing Block size=25
begin cleaner{left: ("[FunctionalDependency:(s: {HospitalName}, t: {Address1})]", 0.0), operator: *, right: (1.0, 1.0), result: 0.0}
列 'p' 不存在，对列 Address1 不过滤，直接选择所有非无效值。
Block processing time: 0.017581 seconds
Computing Block 21 out of 55
Processing Block size=25
begin cleaner{left: ("[FunctionalDependency:(s: {HospitalName}, t: {Address1})]", 0.0), operator: *, right: (1.0, 1.0), result: 0.0}
列 'p' 不存在，对列 Address1 不过滤，直接选择所有非无效值。
Block processing time: 0.01817 seconds
Computing Block 22 out of 55
Processing Block size=28
begin cleaner{left: ("[FunctionalDependency:(s: {HospitalName}, t: {Address1})]", 0.0), operator: *, right: (1.0, 1.0), result: 0.0}
列 'p' 不存在，对列 Address1 不过滤，直接选择所有非无效值。
Block processing time: 0.020151 seconds
Computing Block 23 out of 55
Processing Block size=25
begin cleaner{left: ("[FunctionalDependency:(s: {HospitalName}, t: {Address1})]", 0.0), operator: *, right: (1.0, 1.0), result: 0.0}
列 'p' 不存在，对列 Address1 不过滤，直接选择所有非无效值。
Block processing time: 0.018066 seconds
Computing Block 24 out of 55
Processing Block size=2
begin cleaner{left: ("[FunctionalDependency:(s: {HospitalName}, t: {Address1})]", 0.0), operator: *, right: (1.0, 1.0), result: 0.0}
列 'p' 不存在，对列 Address1 不过滤，直接选择所有非无效值。
Block processing time: 0.001571 seconds
Computing Block 25 out of 55
Processing Block size=25
begin cleaner{left: ("[FunctionalDependency:(s: {HospitalName}, t: {Address1})]", 0.0), operator: *, right: (1.0, 1.0), result: 0.0}
列 'p' 不存在，对列 Address1 不过滤，直接选择所有非无效值。
Block processing time: 0.017866 seconds
Computing Block 26 out of 55
Processing Block size=24
begin cleaner{left: ("[FunctionalDependency:(s: {HospitalName}, t: {Address1})]", 0.0), operator: *, right: (1.0, 1.0), result: 0.0}
列 'p' 不存在，对列 Address1 不过滤，直接选择所有非无效值。
Block processing time: 0.017005 seconds
Computing Block 27 out of 55
Processing Block size=25
begin cleaner{left: ("[FunctionalDependency:(s: {HospitalName}, t: {Address1})]", 0.0), operator: *, right: (1.0, 1.0), result: 0.0}
列 'p' 不存在，对列 Address1 不过滤，直接选择所有非无效值。
Block processing time: 0.017716 seconds
Computing Block 28 out of 55
Processing Block size=25
begin cleaner{left: ("[FunctionalDependency:(s: {HospitalName}, t: {Address1})]", 0.0), operator: *, right: (1.0, 1.0), result: 0.0}
列 'p' 不存在，对列 Address1 不过滤，直接选择所有非无效值。
Block processing time: 0.017787 seconds
Computing Block 29 out of 55
Processing Block size=25
begin cleaner{left: ("[FunctionalDependency:(s: {HospitalName}, t: {Address1})]", 0.0), operator: *, right: (1.0, 1.0), result: 0.0}
列 'p' 不存在，对列 Address1 不过滤，直接选择所有非无效值。
Block processing time: 0.017898 seconds
Computing Block 30 out of 55
Processing Block size=25
begin cleaner{left: ("[FunctionalDependency:(s: {HospitalName}, t: {Address1})]", 0.0), operator: *, right: (1.0, 1.0), result: 0.0}
列 'p' 不存在，对列 Address1 不过滤，直接选择所有非无效值。
Block processing time: 0.017735 seconds
Computing Block 31 out of 55
Processing Block size=25
begin cleaner{left: ("[FunctionalDependency:(s: {HospitalName}, t: {Address1})]", 0.0), operator: *, right: (1.0, 1.0), result: 0.0}
列 'p' 不存在，对列 Address1 不过滤，直接选择所有非无效值。
Block processing time: 0.017789 seconds
Computing Block 32 out of 55
Processing Block size=5
begin cleaner{left: ("[FunctionalDependency:(s: {HospitalName}, t: {Address1})]", 0.0), operator: *, right: (1.0, 1.0), result: 0.0}
列 'p' 不存在，对列 Address1 不过滤，直接选择所有非无效值。
Block processing time: 0.003642 seconds
Computing Block 33 out of 55
Processing Block size=25
begin cleaner{left: ("[FunctionalDependency:(s: {HospitalName}, t: {Address1})]", 0.0), operator: *, right: (1.0, 1.0), result: 0.0}
列 'p' 不存在，对列 Address1 不过滤，直接选择所有非无效值。
Block processing time: 0.017602 seconds
Computing Block 34 out of 55
Processing Block size=25
begin cleaner{left: ("[FunctionalDependency:(s: {HospitalName}, t: {Address1})]", 0.0), operator: *, right: (1.0, 1.0), result: 0.0}
列 'p' 不存在，对列 Address1 不过滤，直接选择所有非无效值。
Block processing time: 0.017824 seconds
Computing Block 35 out of 55
Processing Block size=25
begin cleaner{left: ("[FunctionalDependency:(s: {HospitalName}, t: {Address1})]", 0.0), operator: *, right: (1.0, 1.0), result: 0.0}
列 'p' 不存在，对列 Address1 不过滤，直接选择所有非无效值。
Block processing time: 0.018006 seconds
Computing Block 36 out of 55
Processing Block size=24
begin cleaner{left: ("[FunctionalDependency:(s: {HospitalName}, t: {Address1})]", 0.0), operator: *, right: (1.0, 1.0), result: 0.0}
列 'p' 不存在，对列 Address1 不过滤，直接选择所有非无效值。
Block processing time: 0.017219 seconds
Computing Block 37 out of 55
Processing Block size=25
begin cleaner{left: ("[FunctionalDependency:(s: {HospitalName}, t: {Address1})]", 0.0), operator: *, right: (1.0, 1.0), result: 0.0}
列 'p' 不存在，对列 Address1 不过滤，直接选择所有非无效值。
Block processing time: 0.017649 seconds
Computing Block 38 out of 55
Processing Block size=25
begin cleaner{left: ("[FunctionalDependency:(s: {HospitalName}, t: {Address1})]", 0.0), operator: *, right: (1.0, 1.0), result: 0.0}
列 'p' 不存在，对列 Address1 不过滤，直接选择所有非无效值。
Block processing time: 0.017509 seconds
Computing Block 39 out of 55
Processing Block size=25
begin cleaner{left: ("[FunctionalDependency:(s: {HospitalName}, t: {Address1})]", 0.0), operator: *, right: (1.0, 1.0), result: 0.0}
列 'p' 不存在，对列 Address1 不过滤，直接选择所有非无效值。
Block processing time: 0.017411 seconds
Computing Block 40 out of 55
Processing Block size=25
begin cleaner{left: ("[FunctionalDependency:(s: {HospitalName}, t: {Address1})]", 0.0), operator: *, right: (1.0, 1.0), result: 0.0}
列 'p' 不存在，对列 Address1 不过滤，直接选择所有非无效值。
Block processing time: 0.017665 seconds
Computing Block 41 out of 55
Processing Block size=25
begin cleaner{left: ("[FunctionalDependency:(s: {HospitalName}, t: {Address1})]", 0.0), operator: *, right: (1.0, 1.0), result: 0.0}
列 'p' 不存在，对列 Address1 不过滤，直接选择所有非无效值。
Block processing time: 0.017588 seconds
Computing Block 42 out of 55
Processing Block size=24
begin cleaner{left: ("[FunctionalDependency:(s: {HospitalName}, t: {Address1})]", 0.0), operator: *, right: (1.0, 1.0), result: 0.0}
列 'p' 不存在，对列 Address1 不过滤，直接选择所有非无效值。
Block processing time: 0.01695 seconds
Computing Block 43 out of 55
Processing Block size=19
begin cleaner{left: ("[FunctionalDependency:(s: {HospitalName}, t: {Address1})]", 0.0), operator: *, right: (1.0, 1.0), result: 0.0}
列 'p' 不存在，对列 Address1 不过滤，直接选择所有非无效值。
Block processing time: 0.013439 seconds
Computing Block 44 out of 55
Processing Block size=28
begin cleaner{left: ("[FunctionalDependency:(s: {HospitalName}, t: {Address1})]", 0.0), operator: *, right: (1.0, 1.0), result: 0.0}
列 'p' 不存在，对列 Address1 不过滤，直接选择所有非无效值。
Block processing time: 0.020014 seconds
Computing Block 45 out of 55
Processing Block size=25
begin cleaner{left: ("[FunctionalDependency:(s: {HospitalName}, t: {Address1})]", 0.0), operator: *, right: (1.0, 1.0), result: 0.0}
列 'p' 不存在，对列 Address1 不过滤，直接选择所有非无效值。
Block processing time: 0.017804 seconds
Computing Block 47 out of 55
Processing Block size=20
begin cleaner{left: ("[FunctionalDependency:(s: {HospitalName}, t: {Address1})]", 0.0), operator: *, right: (1.0, 1.0), result: 0.0}
列 'p' 不存在，对列 Address1 不过滤，直接选择所有非无效值。
Block processing time: 0.014355 seconds
Computing Block 48 out of 55
Processing Block size=17
begin cleaner{left: ("[FunctionalDependency:(s: {HospitalName}, t: {Address1})]", 0.0), operator: *, right: (1.0, 1.0), result: 0.0}
列 'p' 不存在，对列 Address1 不过滤，直接选择所有非无效值。
Block processing time: 0.011979 seconds
Computing Block 50 out of 55
Processing Block size=25
begin cleaner{left: ("[FunctionalDependency:(s: {HospitalName}, t: {Address1})]", 0.0), operator: *, right: (1.0, 1.0), result: 0.0}
列 'p' 不存在，对列 Address1 不过滤，直接选择所有非无效值。
Block processing time: 0.017603 seconds
Computing Block 52 out of 55
Processing Block size=22
begin cleaner{left: ("[FunctionalDependency:(s: {HospitalName}, t: {Address1})]", 0.0), operator: *, right: (1.0, 1.0), result: 0.0}
列 'p' 不存在，对列 Address1 不过滤，直接选择所有非无效值。
Block processing time: 0.016836 seconds
Computing Block 53 out of 55
Processing Block size=24
begin cleaner{left: ("[FunctionalDependency:(s: {HospitalName}, t: {Address1})]", 0.0), operator: *, right: (1.0, 1.0), result: 0.0}
列 'p' 不存在，对列 Address1 不过滤，直接选择所有非无效值。
Block processing time: 0.017278 seconds
  当前节点: Address1 无清洗操作
  当前节点: HospitalOwner 存在可用清洗信号
数据块大小: 1000
分块属性:
[['HospitalName']]
Starting initial block mapping...
Initial number of blocks: 55
Final number of blocks after further splitting: 55
Computing Block 1 out of 55
Processing Block size=24
begin cleaner[FunctionalDependency:(s: {'HospitalName'}, t: {'HospitalOwner'})]*1.0
列 'p' 不存在，对列 HospitalOwner 不过滤，直接选择所有非无效值。
Block processing time: 0.017731 seconds
Computing Block 2 out of 55
Processing Block size=25
begin cleaner{left: ("[FunctionalDependency:(s: {HospitalName}, t: {HospitalOwner})]", 0.0), operator: *, right: (1.0, 1.0), result: 0.0}
列 'p' 不存在，对列 HospitalOwner 不过滤，直接选择所有非无效值。
Block processing time: 0.018021 seconds
Computing Block 3 out of 55
Processing Block size=2
begin cleaner{left: ("[FunctionalDependency:(s: {HospitalName}, t: {HospitalOwner})]", 0.0), operator: *, right: (1.0, 1.0), result: 0.0}
列 'p' 不存在，对列 HospitalOwner 不过滤，直接选择所有非无效值。
Block processing time: 0.001631 seconds
Computing Block 4 out of 55
Processing Block size=17
begin cleaner{left: ("[FunctionalDependency:(s: {HospitalName}, t: {HospitalOwner})]", 0.0), operator: *, right: (1.0, 1.0), result: 0.0}
列 'p' 不存在，对列 HospitalOwner 不过滤，直接选择所有非无效值。
Block processing time: 0.012029 seconds
Computing Block 6 out of 55
Processing Block size=24
begin cleaner{left: ("[FunctionalDependency:(s: {HospitalName}, t: {HospitalOwner})]", 0.0), operator: *, right: (1.0, 1.0), result: 0.0}
列 'p' 不存在，对列 HospitalOwner 不过滤，直接选择所有非无效值。
Block processing time: 0.017532 seconds
Computing Block 7 out of 55
Processing Block size=25
begin cleaner{left: ("[FunctionalDependency:(s: {HospitalName}, t: {HospitalOwner})]", 0.0), operator: *, right: (1.0, 1.0), result: 0.0}
列 'p' 不存在，对列 HospitalOwner 不过滤，直接选择所有非无效值。
Block processing time: 0.018296 seconds
Computing Block 8 out of 55
Processing Block size=25
begin cleaner{left: ("[FunctionalDependency:(s: {HospitalName}, t: {HospitalOwner})]", 0.0), operator: *, right: (1.0, 1.0), result: 0.0}
列 'p' 不存在，对列 HospitalOwner 不过滤，直接选择所有非无效值。
Block processing time: 0.018983 seconds
Computing Block 10 out of 55
Processing Block size=25
begin cleaner{left: ("[FunctionalDependency:(s: {HospitalName}, t: {HospitalOwner})]", 0.0), operator: *, right: (1.0, 1.0), result: 0.0}
列 'p' 不存在，对列 HospitalOwner 不过滤，直接选择所有非无效值。
Block processing time: 0.018767 seconds
Computing Block 12 out of 55
Processing Block size=24
begin cleaner{left: ("[FunctionalDependency:(s: {HospitalName}, t: {HospitalOwner})]", 0.0), operator: *, right: (1.0, 1.0), result: 0.0}
列 'p' 不存在，对列 HospitalOwner 不过滤，直接选择所有非无效值。
Block processing time: 0.017134 seconds
Computing Block 14 out of 55
Processing Block size=26
begin cleaner{left: ("[FunctionalDependency:(s: {HospitalName}, t: {HospitalOwner})]", 0.0), operator: *, right: (1.0, 1.0), result: 0.0}
列 'p' 不存在，对列 HospitalOwner 不过滤，直接选择所有非无效值。
Block processing time: 0.018491 seconds
Computing Block 15 out of 55
Processing Block size=23
begin cleaner{left: ("[FunctionalDependency:(s: {HospitalName}, t: {HospitalOwner})]", 0.0), operator: *, right: (1.0, 1.0), result: 0.0}
列 'p' 不存在，对列 HospitalOwner 不过滤，直接选择所有非无效值。
Block processing time: 0.01659 seconds
Computing Block 16 out of 55
Processing Block size=11
begin cleaner{left: ("[FunctionalDependency:(s: {HospitalName}, t: {HospitalOwner})]", 0.0), operator: *, right: (1.0, 1.0), result: 0.0}
列 'p' 不存在，对列 HospitalOwner 不过滤，直接选择所有非无效值。
Block processing time: 0.008458 seconds
Computing Block 18 out of 55
Processing Block size=18
begin cleaner{left: ("[FunctionalDependency:(s: {HospitalName}, t: {HospitalOwner})]", 0.0), operator: *, right: (1.0, 1.0), result: 0.0}
列 'p' 不存在，对列 HospitalOwner 不过滤，直接选择所有非无效值。
Block processing time: 0.012894 seconds
Computing Block 20 out of 55
Processing Block size=25
begin cleaner{left: ("[FunctionalDependency:(s: {HospitalName}, t: {HospitalOwner})]", 0.0), operator: *, right: (1.0, 1.0), result: 0.0}
列 'p' 不存在，对列 HospitalOwner 不过滤，直接选择所有非无效值。
Block processing time: 0.017955 seconds
Computing Block 21 out of 55
Processing Block size=25
begin cleaner{left: ("[FunctionalDependency:(s: {HospitalName}, t: {HospitalOwner})]", 0.0), operator: *, right: (1.0, 1.0), result: 0.0}
列 'p' 不存在，对列 HospitalOwner 不过滤，直接选择所有非无效值。
Block processing time: 0.01779 seconds
Computing Block 22 out of 55
Processing Block size=28
begin cleaner{left: ("[FunctionalDependency:(s: {HospitalName}, t: {HospitalOwner})]", 0.0), operator: *, right: (1.0, 1.0), result: 0.0}
列 'p' 不存在，对列 HospitalOwner 不过滤，直接选择所有非无效值。
Block processing time: 0.019812 seconds
Computing Block 23 out of 55
Processing Block size=25
begin cleaner{left: ("[FunctionalDependency:(s: {HospitalName}, t: {HospitalOwner})]", 0.0), operator: *, right: (1.0, 1.0), result: 0.0}
列 'p' 不存在，对列 HospitalOwner 不过滤，直接选择所有非无效值。
Block processing time: 0.017805 seconds
Computing Block 24 out of 55
Processing Block size=2
begin cleaner{left: ("[FunctionalDependency:(s: {HospitalName}, t: {HospitalOwner})]", 0.0), operator: *, right: (1.0, 1.0), result: 0.0}
列 'p' 不存在，对列 HospitalOwner 不过滤，直接选择所有非无效值。
Block processing time: 0.001549 seconds
Computing Block 25 out of 55
Processing Block size=25
begin cleaner{left: ("[FunctionalDependency:(s: {HospitalName}, t: {HospitalOwner})]", 0.0), operator: *, right: (1.0, 1.0), result: 0.0}
列 'p' 不存在，对列 HospitalOwner 不过滤，直接选择所有非无效值。
Block processing time: 0.017764 seconds
Computing Block 26 out of 55
Processing Block size=24
begin cleaner{left: ("[FunctionalDependency:(s: {HospitalName}, t: {HospitalOwner})]", 0.0), operator: *, right: (1.0, 1.0), result: 0.0}
列 'p' 不存在，对列 HospitalOwner 不过滤，直接选择所有非无效值。
Block processing time: 0.016979 seconds
Computing Block 27 out of 55
Processing Block size=25
begin cleaner{left: ("[FunctionalDependency:(s: {HospitalName}, t: {HospitalOwner})]", 0.0), operator: *, right: (1.0, 1.0), result: 0.0}
列 'p' 不存在，对列 HospitalOwner 不过滤，直接选择所有非无效值。
Block processing time: 0.017745 seconds
Computing Block 28 out of 55
Processing Block size=25
begin cleaner{left: ("[FunctionalDependency:(s: {HospitalName}, t: {HospitalOwner})]", 0.0), operator: *, right: (1.0, 1.0), result: 0.0}
列 'p' 不存在，对列 HospitalOwner 不过滤，直接选择所有非无效值。
Block processing time: 0.017887 seconds
Computing Block 29 out of 55
Processing Block size=25
begin cleaner{left: ("[FunctionalDependency:(s: {HospitalName}, t: {HospitalOwner})]", 0.0), operator: *, right: (1.0, 1.0), result: 0.0}
列 'p' 不存在，对列 HospitalOwner 不过滤，直接选择所有非无效值。
Block processing time: 0.017936 seconds
Computing Block 30 out of 55
Processing Block size=25
begin cleaner{left: ("[FunctionalDependency:(s: {HospitalName}, t: {HospitalOwner})]", 0.0), operator: *, right: (1.0, 1.0), result: 0.0}
列 'p' 不存在，对列 HospitalOwner 不过滤，直接选择所有非无效值。
Block processing time: 0.017765 seconds
Computing Block 31 out of 55
Processing Block size=25
begin cleaner{left: ("[FunctionalDependency:(s: {HospitalName}, t: {HospitalOwner})]", 0.0), operator: *, right: (1.0, 1.0), result: 0.0}
列 'p' 不存在，对列 HospitalOwner 不过滤，直接选择所有非无效值。
Block processing time: 0.017668 seconds
Computing Block 32 out of 55
Processing Block size=5
begin cleaner{left: ("[FunctionalDependency:(s: {HospitalName}, t: {HospitalOwner})]", 0.0), operator: *, right: (1.0, 1.0), result: 0.0}
列 'p' 不存在，对列 HospitalOwner 不过滤，直接选择所有非无效值。
Block processing time: 0.003815 seconds
Computing Block 33 out of 55
Processing Block size=25
begin cleaner{left: ("[FunctionalDependency:(s: {HospitalName}, t: {HospitalOwner})]", 0.0), operator: *, right: (1.0, 1.0), result: 0.0}
列 'p' 不存在，对列 HospitalOwner 不过滤，直接选择所有非无效值。
Block processing time: 0.01797 seconds
Computing Block 34 out of 55
Processing Block size=25
begin cleaner{left: ("[FunctionalDependency:(s: {HospitalName}, t: {HospitalOwner})]", 0.0), operator: *, right: (1.0, 1.0), result: 0.0}
列 'p' 不存在，对列 HospitalOwner 不过滤，直接选择所有非无效值。
Block processing time: 0.017833 seconds
Computing Block 35 out of 55
Processing Block size=25
begin cleaner{left: ("[FunctionalDependency:(s: {HospitalName}, t: {HospitalOwner})]", 0.0), operator: *, right: (1.0, 1.0), result: 0.0}
列 'p' 不存在，对列 HospitalOwner 不过滤，直接选择所有非无效值。
Block processing time: 0.018874 seconds
Computing Block 36 out of 55
Processing Block size=24
begin cleaner{left: ("[FunctionalDependency:(s: {HospitalName}, t: {HospitalOwner})]", 0.0), operator: *, right: (1.0, 1.0), result: 0.0}
列 'p' 不存在，对列 HospitalOwner 不过滤，直接选择所有非无效值。
Block processing time: 0.017237 seconds
Computing Block 37 out of 55
Processing Block size=25
begin cleaner{left: ("[FunctionalDependency:(s: {HospitalName}, t: {HospitalOwner})]", 0.0), operator: *, right: (1.0, 1.0), result: 0.0}
列 'p' 不存在，对列 HospitalOwner 不过滤，直接选择所有非无效值。
Block processing time: 0.017637 seconds
Computing Block 38 out of 55
Processing Block size=25
begin cleaner{left: ("[FunctionalDependency:(s: {HospitalName}, t: {HospitalOwner})]", 0.0), operator: *, right: (1.0, 1.0), result: 0.0}
列 'p' 不存在，对列 HospitalOwner 不过滤，直接选择所有非无效值。
Block processing time: 0.017713 seconds
Computing Block 39 out of 55
Processing Block size=25
begin cleaner{left: ("[FunctionalDependency:(s: {HospitalName}, t: {HospitalOwner})]", 0.0), operator: *, right: (1.0, 1.0), result: 0.0}
列 'p' 不存在，对列 HospitalOwner 不过滤，直接选择所有非无效值。
Block processing time: 0.017629 seconds
Computing Block 40 out of 55
Processing Block size=25
begin cleaner{left: ("[FunctionalDependency:(s: {HospitalName}, t: {HospitalOwner})]", 0.0), operator: *, right: (1.0, 1.0), result: 0.0}
列 'p' 不存在，对列 HospitalOwner 不过滤，直接选择所有非无效值。
Block processing time: 0.017722 seconds
Computing Block 41 out of 55
Processing Block size=25
begin cleaner{left: ("[FunctionalDependency:(s: {HospitalName}, t: {HospitalOwner})]", 0.0), operator: *, right: (1.0, 1.0), result: 0.0}
列 'p' 不存在，对列 HospitalOwner 不过滤，直接选择所有非无效值。
Block processing time: 0.017621 seconds
Computing Block 42 out of 55
Processing Block size=24
begin cleaner{left: ("[FunctionalDependency:(s: {HospitalName}, t: {HospitalOwner})]", 0.0), operator: *, right: (1.0, 1.0), result: 0.0}
列 'p' 不存在，对列 HospitalOwner 不过滤，直接选择所有非无效值。
Block processing time: 0.017446 seconds
Computing Block 43 out of 55
Processing Block size=19
begin cleaner{left: ("[FunctionalDependency:(s: {HospitalName}, t: {HospitalOwner})]", 0.0), operator: *, right: (1.0, 1.0), result: 0.0}
列 'p' 不存在，对列 HospitalOwner 不过滤，直接选择所有非无效值。
Block processing time: 0.013813 seconds
Computing Block 44 out of 55
Processing Block size=28
begin cleaner{left: ("[FunctionalDependency:(s: {HospitalName}, t: {HospitalOwner})]", 0.0), operator: *, right: (1.0, 1.0), result: 0.0}
列 'p' 不存在，对列 HospitalOwner 不过滤，直接选择所有非无效值。
Block processing time: 0.020022 seconds
Computing Block 45 out of 55
Processing Block size=25
begin cleaner{left: ("[FunctionalDependency:(s: {HospitalName}, t: {HospitalOwner})]", 0.0), operator: *, right: (1.0, 1.0), result: 0.0}
列 'p' 不存在，对列 HospitalOwner 不过滤，直接选择所有非无效值。
Block processing time: 0.017732 seconds
Computing Block 47 out of 55
Processing Block size=20
begin cleaner{left: ("[FunctionalDependency:(s: {HospitalName}, t: {HospitalOwner})]", 0.0), operator: *, right: (1.0, 1.0), result: 0.0}
列 'p' 不存在，对列 HospitalOwner 不过滤，直接选择所有非无效值。
Block processing time: 0.014291 seconds
Computing Block 48 out of 55
Processing Block size=17
begin cleaner{left: ("[FunctionalDependency:(s: {HospitalName}, t: {HospitalOwner})]", 0.0), operator: *, right: (1.0, 1.0), result: 0.0}
列 'p' 不存在，对列 HospitalOwner 不过滤，直接选择所有非无效值。
Block processing time: 0.012191 seconds
Computing Block 50 out of 55
Processing Block size=25
begin cleaner{left: ("[FunctionalDependency:(s: {HospitalName}, t: {HospitalOwner})]", 0.0), operator: *, right: (1.0, 1.0), result: 0.0}
列 'p' 不存在，对列 HospitalOwner 不过滤，直接选择所有非无效值。
Block processing time: 0.017687 seconds
Computing Block 52 out of 55
Processing Block size=22
begin cleaner{left: ("[FunctionalDependency:(s: {HospitalName}, t: {HospitalOwner})]", 0.0), operator: *, right: (1.0, 1.0), result: 0.0}
列 'p' 不存在，对列 HospitalOwner 不过滤，直接选择所有非无效值。
Block processing time: 0.015595 seconds
Computing Block 53 out of 55
Processing Block size=24
begin cleaner{left: ("[FunctionalDependency:(s: {HospitalName}, t: {HospitalOwner})]", 0.0), operator: *, right: (1.0, 1.0), result: 0.0}
列 'p' 不存在，对列 HospitalOwner 不过滤，直接选择所有非无效值。
Block processing time: 0.017041 seconds
  当前节点: HospitalOwner 无清洗操作
  当前节点: City 存在可用清洗信号
数据块大小: 1000
分块属性:
[['HospitalName']]
Starting initial block mapping...
Initial number of blocks: 55
Final number of blocks after further splitting: 55
Computing Block 1 out of 55
Processing Block size=24
begin cleaner[FunctionalDependency:(s: {'HospitalName'}, t: {'City'})]*1.0
列 'p' 不存在，对列 City 不过滤，直接选择所有非无效值。
Block processing time: 0.017106 seconds
Computing Block 2 out of 55
Processing Block size=25
begin cleaner{left: ("[FunctionalDependency:(s: {HospitalName}, t: {City})]", 0.0), operator: *, right: (1.0, 1.0), result: 0.0}
列 'p' 不存在，对列 City 不过滤，直接选择所有非无效值。
Block processing time: 0.01812 seconds
Computing Block 3 out of 55
Processing Block size=2
begin cleaner{left: ("[FunctionalDependency:(s: {HospitalName}, t: {City})]", 0.0), operator: *, right: (1.0, 1.0), result: 0.0}
列 'p' 不存在，对列 City 不过滤，直接选择所有非无效值。
Block processing time: 0.001567 seconds
Computing Block 4 out of 55
Processing Block size=17
begin cleaner{left: ("[FunctionalDependency:(s: {HospitalName}, t: {City})]", 0.0), operator: *, right: (1.0, 1.0), result: 0.0}
列 'p' 不存在，对列 City 不过滤，直接选择所有非无效值。
Block processing time: 0.012228 seconds
Computing Block 6 out of 55
Processing Block size=24
begin cleaner{left: ("[FunctionalDependency:(s: {HospitalName}, t: {City})]", 0.0), operator: *, right: (1.0, 1.0), result: 0.0}
列 'p' 不存在，对列 City 不过滤，直接选择所有非无效值。
Block processing time: 0.017042 seconds
Computing Block 7 out of 55
Processing Block size=25
begin cleaner{left: ("[FunctionalDependency:(s: {HospitalName}, t: {City})]", 0.0), operator: *, right: (1.0, 1.0), result: 0.0}
列 'p' 不存在，对列 City 不过滤，直接选择所有非无效值。
Block processing time: 0.017549 seconds
Computing Block 8 out of 55
Processing Block size=25
begin cleaner{left: ("[FunctionalDependency:(s: {HospitalName}, t: {City})]", 0.0), operator: *, right: (1.0, 1.0), result: 0.0}
列 'p' 不存在，对列 City 不过滤，直接选择所有非无效值。
Block processing time: 0.017637 seconds
Computing Block 10 out of 55
Processing Block size=25
begin cleaner{left: ("[FunctionalDependency:(s: {HospitalName}, t: {City})]", 0.0), operator: *, right: (1.0, 1.0), result: 0.0}
列 'p' 不存在，对列 City 不过滤，直接选择所有非无效值。
Block processing time: 0.017618 seconds
Computing Block 12 out of 55
Processing Block size=24
begin cleaner{left: ("[FunctionalDependency:(s: {HospitalName}, t: {City})]", 0.0), operator: *, right: (1.0, 1.0), result: 0.0}
列 'p' 不存在，对列 City 不过滤，直接选择所有非无效值。
Block processing time: 0.0168 seconds
Computing Block 14 out of 55
Processing Block size=26
begin cleaner{left: ("[FunctionalDependency:(s: {HospitalName}, t: {City})]", 0.0), operator: *, right: (1.0, 1.0), result: 0.0}
列 'p' 不存在，对列 City 不过滤，直接选择所有非无效值。
Block processing time: 0.018308 seconds
Computing Block 15 out of 55
Processing Block size=23
begin cleaner{left: ("[FunctionalDependency:(s: {HospitalName}, t: {City})]", 0.0), operator: *, right: (1.0, 1.0), result: 0.0}
列 'p' 不存在，对列 City 不过滤，直接选择所有非无效值。
Block processing time: 0.016535 seconds
Computing Block 16 out of 55
Processing Block size=11
begin cleaner{left: ("[FunctionalDependency:(s: {HospitalName}, t: {City})]", 0.0), operator: *, right: (1.0, 1.0), result: 0.0}
列 'p' 不存在，对列 City 不过滤，直接选择所有非无效值。
Block processing time: 0.00803 seconds
Computing Block 18 out of 55
Processing Block size=18
begin cleaner{left: ("[FunctionalDependency:(s: {HospitalName}, t: {City})]", 0.0), operator: *, right: (1.0, 1.0), result: 0.0}
列 'p' 不存在，对列 City 不过滤，直接选择所有非无效值。
Block processing time: 0.012969 seconds
Computing Block 20 out of 55
Processing Block size=25
begin cleaner{left: ("[FunctionalDependency:(s: {HospitalName}, t: {City})]", 0.0), operator: *, right: (1.0, 1.0), result: 0.0}
列 'p' 不存在，对列 City 不过滤，直接选择所有非无效值。
Block processing time: 0.019191 seconds
Computing Block 21 out of 55
Processing Block size=25
begin cleaner{left: ("[FunctionalDependency:(s: {HospitalName}, t: {City})]", 0.0), operator: *, right: (1.0, 1.0), result: 0.0}
列 'p' 不存在，对列 City 不过滤，直接选择所有非无效值。
Block processing time: 0.017796 seconds
Computing Block 22 out of 55
Processing Block size=28
begin cleaner{left: ("[FunctionalDependency:(s: {HospitalName}, t: {City})]", 0.0), operator: *, right: (1.0, 1.0), result: 0.0}
列 'p' 不存在，对列 City 不过滤，直接选择所有非无效值。
Block processing time: 0.019702 seconds
Computing Block 23 out of 55
Processing Block size=25
begin cleaner{left: ("[FunctionalDependency:(s: {HospitalName}, t: {City})]", 0.0), operator: *, right: (1.0, 1.0), result: 0.0}
列 'p' 不存在，对列 City 不过滤，直接选择所有非无效值。
Block processing time: 0.017684 seconds
Computing Block 24 out of 55
Processing Block size=2
begin cleaner{left: ("[FunctionalDependency:(s: {HospitalName}, t: {City})]", 0.0), operator: *, right: (1.0, 1.0), result: 0.0}
列 'p' 不存在，对列 City 不过滤，直接选择所有非无效值。
Block processing time: 0.001544 seconds
Computing Block 25 out of 55
Processing Block size=25
begin cleaner{left: ("[FunctionalDependency:(s: {HospitalName}, t: {City})]", 0.0), operator: *, right: (1.0, 1.0), result: 0.0}
列 'p' 不存在，对列 City 不过滤，直接选择所有非无效值。
Block processing time: 0.017958 seconds
Computing Block 26 out of 55
Processing Block size=24
begin cleaner{left: ("[FunctionalDependency:(s: {HospitalName}, t: {City})]", 0.0), operator: *, right: (1.0, 1.0), result: 0.0}
列 'p' 不存在，对列 City 不过滤，直接选择所有非无效值。
Block processing time: 0.017019 seconds
Computing Block 27 out of 55
Processing Block size=25
begin cleaner{left: ("[FunctionalDependency:(s: {HospitalName}, t: {City})]", 0.0), operator: *, right: (1.0, 1.0), result: 0.0}
列 'p' 不存在，对列 City 不过滤，直接选择所有非无效值。
Block processing time: 0.017818 seconds
Computing Block 28 out of 55
Processing Block size=25
begin cleaner{left: ("[FunctionalDependency:(s: {HospitalName}, t: {City})]", 0.0), operator: *, right: (1.0, 1.0), result: 0.0}
列 'p' 不存在，对列 City 不过滤，直接选择所有非无效值。
Block processing time: 0.018095 seconds
Computing Block 29 out of 55
Processing Block size=25
begin cleaner{left: ("[FunctionalDependency:(s: {HospitalName}, t: {City})]", 0.0), operator: *, right: (1.0, 1.0), result: 0.0}
列 'p' 不存在，对列 City 不过滤，直接选择所有非无效值。
Block processing time: 0.017654 seconds
Computing Block 30 out of 55
Processing Block size=25
begin cleaner{left: ("[FunctionalDependency:(s: {HospitalName}, t: {City})]", 0.0), operator: *, right: (1.0, 1.0), result: 0.0}
列 'p' 不存在，对列 City 不过滤，直接选择所有非无效值。
Block processing time: 0.017649 seconds
Computing Block 31 out of 55
Processing Block size=25
begin cleaner{left: ("[FunctionalDependency:(s: {HospitalName}, t: {City})]", 0.0), operator: *, right: (1.0, 1.0), result: 0.0}
列 'p' 不存在，对列 City 不过滤，直接选择所有非无效值。
Block processing time: 0.017862 seconds
Computing Block 32 out of 55
Processing Block size=5
begin cleaner{left: ("[FunctionalDependency:(s: {HospitalName}, t: {City})]", 0.0), operator: *, right: (1.0, 1.0), result: 0.0}
列 'p' 不存在，对列 City 不过滤，直接选择所有非无效值。
Block processing time: 0.003772 seconds
Computing Block 33 out of 55
Processing Block size=25
begin cleaner{left: ("[FunctionalDependency:(s: {HospitalName}, t: {City})]", 0.0), operator: *, right: (1.0, 1.0), result: 0.0}
列 'p' 不存在，对列 City 不过滤，直接选择所有非无效值。
Block processing time: 0.018065 seconds
Computing Block 34 out of 55
Processing Block size=25
begin cleaner{left: ("[FunctionalDependency:(s: {HospitalName}, t: {City})]", 0.0), operator: *, right: (1.0, 1.0), result: 0.0}
列 'p' 不存在，对列 City 不过滤，直接选择所有非无效值。
Block processing time: 0.017713 seconds
Computing Block 35 out of 55
Processing Block size=25
begin cleaner{left: ("[FunctionalDependency:(s: {HospitalName}, t: {City})]", 0.0), operator: *, right: (1.0, 1.0), result: 0.0}
列 'p' 不存在，对列 City 不过滤，直接选择所有非无效值。
Block processing time: 0.018224 seconds
Computing Block 36 out of 55
Processing Block size=24
begin cleaner{left: ("[FunctionalDependency:(s: {HospitalName}, t: {City})]", 0.0), operator: *, right: (1.0, 1.0), result: 0.0}
列 'p' 不存在，对列 City 不过滤，直接选择所有非无效值。
Block processing time: 0.016897 seconds
Computing Block 37 out of 55
Processing Block size=25
begin cleaner{left: ("[FunctionalDependency:(s: {HospitalName}, t: {City})]", 0.0), operator: *, right: (1.0, 1.0), result: 0.0}
列 'p' 不存在，对列 City 不过滤，直接选择所有非无效值。
Block processing time: 0.017897 seconds
Computing Block 38 out of 55
Processing Block size=25
begin cleaner{left: ("[FunctionalDependency:(s: {HospitalName}, t: {City})]", 0.0), operator: *, right: (1.0, 1.0), result: 0.0}
列 'p' 不存在，对列 City 不过滤，直接选择所有非无效值。
Block processing time: 0.017701 seconds
Computing Block 39 out of 55
Processing Block size=25
begin cleaner{left: ("[FunctionalDependency:(s: {HospitalName}, t: {City})]", 0.0), operator: *, right: (1.0, 1.0), result: 0.0}
列 'p' 不存在，对列 City 不过滤，直接选择所有非无效值。
Block processing time: 0.017824 seconds
Computing Block 40 out of 55
Processing Block size=25
begin cleaner{left: ("[FunctionalDependency:(s: {HospitalName}, t: {City})]", 0.0), operator: *, right: (1.0, 1.0), result: 0.0}
列 'p' 不存在，对列 City 不过滤，直接选择所有非无效值。
Block processing time: 0.017706 seconds
Computing Block 41 out of 55
Processing Block size=25
begin cleaner{left: ("[FunctionalDependency:(s: {HospitalName}, t: {City})]", 0.0), operator: *, right: (1.0, 1.0), result: 0.0}
列 'p' 不存在，对列 City 不过滤，直接选择所有非无效值。
Block processing time: 0.017641 seconds
Computing Block 42 out of 55
Processing Block size=24
begin cleaner{left: ("[FunctionalDependency:(s: {HospitalName}, t: {City})]", 0.0), operator: *, right: (1.0, 1.0), result: 0.0}
列 'p' 不存在，对列 City 不过滤，直接选择所有非无效值。
Block processing time: 0.016918 seconds
Computing Block 43 out of 55
Processing Block size=19
begin cleaner{left: ("[FunctionalDependency:(s: {HospitalName}, t: {City})]", 0.0), operator: *, right: (1.0, 1.0), result: 0.0}
列 'p' 不存在，对列 City 不过滤，直接选择所有非无效值。
Block processing time: 0.013298 seconds
Computing Block 44 out of 55
Processing Block size=28
begin cleaner{left: ("[FunctionalDependency:(s: {HospitalName}, t: {City})]", 0.0), operator: *, right: (1.0, 1.0), result: 0.0}
列 'p' 不存在，对列 City 不过滤，直接选择所有非无效值。
Block processing time: 0.019861 seconds
Computing Block 45 out of 55
Processing Block size=25
begin cleaner{left: ("[FunctionalDependency:(s: {HospitalName}, t: {City})]", 0.0), operator: *, right: (1.0, 1.0), result: 0.0}
列 'p' 不存在，对列 City 不过滤，直接选择所有非无效值。
Block processing time: 0.017851 seconds
Computing Block 47 out of 55
Processing Block size=20
begin cleaner{left: ("[FunctionalDependency:(s: {HospitalName}, t: {City})]", 0.0), operator: *, right: (1.0, 1.0), result: 0.0}
列 'p' 不存在，对列 City 不过滤，直接选择所有非无效值。
Block processing time: 0.014239 seconds
Computing Block 48 out of 55
Processing Block size=17
begin cleaner{left: ("[FunctionalDependency:(s: {HospitalName}, t: {City})]", 0.0), operator: *, right: (1.0, 1.0), result: 0.0}
列 'p' 不存在，对列 City 不过滤，直接选择所有非无效值。
Block processing time: 0.012012 seconds
Computing Block 50 out of 55
Processing Block size=25
begin cleaner{left: ("[FunctionalDependency:(s: {HospitalName}, t: {City})]", 0.0), operator: *, right: (1.0, 1.0), result: 0.0}
列 'p' 不存在，对列 City 不过滤，直接选择所有非无效值。
Block processing time: 0.017721 seconds
Computing Block 52 out of 55
Processing Block size=22
begin cleaner{left: ("[FunctionalDependency:(s: {HospitalName}, t: {City})]", 0.0), operator: *, right: (1.0, 1.0), result: 0.0}
列 'p' 不存在，对列 City 不过滤，直接选择所有非无效值。
Block processing time: 0.015627 seconds
Computing Block 53 out of 55
Processing Block size=24
begin cleaner{left: ("[FunctionalDependency:(s: {HospitalName}, t: {City})]", 0.0), operator: *, right: (1.0, 1.0), result: 0.0}
列 'p' 不存在，对列 City 不过滤，直接选择所有非无效值。
Block processing time: 0.016911 seconds
  当前节点: City 无清洗操作
  当前节点: HospitalType 存在可用清洗信号
数据块大小: 1000
分块属性:
[['MeasureName', 'Condition']]
Starting initial block mapping...
Initial number of blocks: 67
Final number of blocks after further splitting: 66
Computing Block 3 out of 66
Processing Block size=38
begin cleaner[FunctionalDependency:(s: {'MeasureName', 'Condition'}, t: {'HospitalType'})]*1.0
列 'p' 不存在，对列 HospitalType 不过滤，直接选择所有非无效值。
Block processing time: 0.028365 seconds
Computing Block 4 out of 66
Processing Block size=36
begin cleaner{left: ("[FunctionalDependency:(s: {MeasureName, Condition}, t: {HospitalType})]", 0.0), operator: *, right: (1.0, 1.0), result: 0.0}
列 'p' 不存在，对列 HospitalType 不过滤，直接选择所有非无效值。
Block processing time: 0.026631 seconds
Computing Block 6 out of 66
Processing Block size=40
begin cleaner{left: ("[FunctionalDependency:(s: {MeasureName, Condition}, t: {HospitalType})]", 0.0), operator: *, right: (1.0, 1.0), result: 0.0}
列 'p' 不存在，对列 HospitalType 不过滤，直接选择所有非无效值。
Block processing time: 0.029155 seconds
Computing Block 9 out of 66
Processing Block size=3
begin cleaner{left: ("[FunctionalDependency:(s: {MeasureName, Condition}, t: {HospitalType})]", 0.0), operator: *, right: (1.0, 1.0), result: 0.0}
列 'p' 不存在，对列 HospitalType 不过滤，直接选择所有非无效值。
Block processing time: 0.00234 seconds
Computing Block 11 out of 66
Processing Block size=3
begin cleaner{left: ("[FunctionalDependency:(s: {MeasureName, Condition}, t: {HospitalType})]", 0.0), operator: *, right: (1.0, 1.0), result: 0.0}
列 'p' 不存在，对列 HospitalType 不过滤，直接选择所有非无效值。
Block processing time: 0.002328 seconds
Computing Block 13 out of 66
Processing Block size=41
begin cleaner{left: ("[FunctionalDependency:(s: {MeasureName, Condition}, t: {HospitalType})]", 1.0), operator: *, right: (1.0, 1.0), result: 1.0}
列 'p' 不存在，对列 HospitalType 不过滤，直接选择所有非无效值。
Block processing time: 0.03007 seconds
Computing Block 14 out of 66
Processing Block size=40
begin cleaner{left: ("[FunctionalDependency:(s: {MeasureName, Condition}, t: {HospitalType})]", 0.0), operator: *, right: (1.0, 1.0), result: 0.0}
列 'p' 不存在，对列 HospitalType 不过滤，直接选择所有非无效值。
Block processing time: 0.029543 seconds
Computing Block 15 out of 66
Processing Block size=3
begin cleaner{left: ("[FunctionalDependency:(s: {MeasureName, Condition}, t: {HospitalType})]", 0.0), operator: *, right: (1.0, 1.0), result: 0.0}
列 'p' 不存在，对列 HospitalType 不过滤，直接选择所有非无效值。
Block processing time: 0.002351 seconds
Computing Block 18 out of 66
Processing Block size=39
begin cleaner{left: ("[FunctionalDependency:(s: {MeasureName, Condition}, t: {HospitalType})]", 0.0), operator: *, right: (1.0, 1.0), result: 0.0}
列 'p' 不存在，对列 HospitalType 不过滤，直接选择所有非无效值。
Block processing time: 0.029126 seconds
Computing Block 21 out of 66
Processing Block size=39
begin cleaner{left: ("[FunctionalDependency:(s: {MeasureName, Condition}, t: {HospitalType})]", 0.0), operator: *, right: (1.0, 1.0), result: 0.0}
列 'p' 不存在，对列 HospitalType 不过滤，直接选择所有非无效值。
Block processing time: 0.028461 seconds
Computing Block 22 out of 66
Processing Block size=41
begin cleaner{left: ("[FunctionalDependency:(s: {MeasureName, Condition}, t: {HospitalType})]", 0.0), operator: *, right: (1.0, 1.0), result: 0.0}
列 'p' 不存在，对列 HospitalType 不过滤，直接选择所有非无效值。
Block processing time: 0.030291 seconds
Computing Block 26 out of 66
Processing Block size=38
begin cleaner{left: ("[FunctionalDependency:(s: {MeasureName, Condition}, t: {HospitalType})]", 0.0), operator: *, right: (1.0, 1.0), result: 0.0}
列 'p' 不存在，对列 HospitalType 不过滤，直接选择所有非无效值。
Block processing time: 0.027707 seconds
Computing Block 28 out of 66
Processing Block size=36
begin cleaner{left: ("[FunctionalDependency:(s: {MeasureName, Condition}, t: {HospitalType})]", 0.0), operator: *, right: (1.0, 1.0), result: 0.0}
列 'p' 不存在，对列 HospitalType 不过滤，直接选择所有非无效值。
Block processing time: 0.026419 seconds
Computing Block 29 out of 66
Processing Block size=37
begin cleaner{left: ("[FunctionalDependency:(s: {MeasureName, Condition}, t: {HospitalType})]", 0.0), operator: *, right: (1.0, 1.0), result: 0.0}
列 'p' 不存在，对列 HospitalType 不过滤，直接选择所有非无效值。
Block processing time: 0.027019 seconds
Computing Block 30 out of 66
Processing Block size=3
begin cleaner{left: ("[FunctionalDependency:(s: {MeasureName, Condition}, t: {HospitalType})]", 0.0), operator: *, right: (1.0, 1.0), result: 0.0}
列 'p' 不存在，对列 HospitalType 不过滤，直接选择所有非无效值。
Block processing time: 0.002304 seconds
Computing Block 31 out of 66
Processing Block size=38
begin cleaner{left: ("[FunctionalDependency:(s: {MeasureName, Condition}, t: {HospitalType})]", 1.0), operator: *, right: (1.0, 1.0), result: 1.0}
列 'p' 不存在，对列 HospitalType 不过滤，直接选择所有非无效值。
Block processing time: 0.028226 seconds
Computing Block 37 out of 66
Processing Block size=38
begin cleaner{left: ("[FunctionalDependency:(s: {MeasureName, Condition}, t: {HospitalType})]", 0.0), operator: *, right: (1.0, 1.0), result: 0.0}
列 'p' 不存在，对列 HospitalType 不过滤，直接选择所有非无效值。
Block processing time: 0.027856 seconds
Computing Block 42 out of 66
Processing Block size=34
begin cleaner{left: ("[FunctionalDependency:(s: {MeasureName, Condition}, t: {HospitalType})]", 0.0), operator: *, right: (1.0, 1.0), result: 0.0}
列 'p' 不存在，对列 HospitalType 不过滤，直接选择所有非无效值。
Block processing time: 0.024885 seconds
Computing Block 43 out of 66
Processing Block size=2
begin cleaner{left: ("[FunctionalDependency:(s: {MeasureName, Condition}, t: {HospitalType})]", 0.0), operator: *, right: (1.0, 1.0), result: 0.0}
列 'p' 不存在，对列 HospitalType 不过滤，直接选择所有非无效值。
Block processing time: 0.001615 seconds
Computing Block 45 out of 66
Processing Block size=36
begin cleaner{left: ("[FunctionalDependency:(s: {MeasureName, Condition}, t: {HospitalType})]", 1.0), operator: *, right: (1.0, 1.0), result: 1.0}
列 'p' 不存在，对列 HospitalType 不过滤，直接选择所有非无效值。
Block processing time: 0.026829 seconds
Computing Block 47 out of 66
Processing Block size=34
begin cleaner{left: ("[FunctionalDependency:(s: {MeasureName, Condition}, t: {HospitalType})]", 0.0), operator: *, right: (1.0, 1.0), result: 0.0}
列 'p' 不存在，对列 HospitalType 不过滤，直接选择所有非无效值。
Block processing time: 0.025058 seconds
Computing Block 49 out of 66
Processing Block size=40
begin cleaner{left: ("[FunctionalDependency:(s: {MeasureName, Condition}, t: {HospitalType})]", 0.0), operator: *, right: (1.0, 1.0), result: 0.0}
列 'p' 不存在，对列 HospitalType 不过滤，直接选择所有非无效值。
Block processing time: 0.029409 seconds
Computing Block 50 out of 66
Processing Block size=39
begin cleaner{left: ("[FunctionalDependency:(s: {MeasureName, Condition}, t: {HospitalType})]", 0.0), operator: *, right: (1.0, 1.0), result: 0.0}
列 'p' 不存在，对列 HospitalType 不过滤，直接选择所有非无效值。
Block processing time: 0.028878 seconds
Computing Block 55 out of 66
Processing Block size=3
begin cleaner{left: ("[FunctionalDependency:(s: {MeasureName, Condition}, t: {HospitalType})]", 0.0), operator: *, right: (1.0, 1.0), result: 0.0}
列 'p' 不存在，对列 HospitalType 不过滤，直接选择所有非无效值。
Block processing time: 0.002331 seconds
Computing Block 57 out of 66
Processing Block size=38
begin cleaner{left: ("[FunctionalDependency:(s: {MeasureName, Condition}, t: {HospitalType})]", 1.0), operator: *, right: (1.0, 1.0), result: 1.0}
列 'p' 不存在，对列 HospitalType 不过滤，直接选择所有非无效值。
Block processing time: 0.027583 seconds
Computing Block 59 out of 66
Processing Block size=3
begin cleaner{left: ("[FunctionalDependency:(s: {MeasureName, Condition}, t: {HospitalType})]", 0.0), operator: *, right: (1.0, 1.0), result: 0.0}
列 'p' 不存在，对列 HospitalType 不过滤，直接选择所有非无效值。
Block processing time: 0.002358 seconds
Computing Block 60 out of 66
Processing Block size=40
begin cleaner{left: ("[FunctionalDependency:(s: {MeasureName, Condition}, t: {HospitalType})]", 0.0), operator: *, right: (1.0, 1.0), result: 0.0}
列 'p' 不存在，对列 HospitalType 不过滤，直接选择所有非无效值。
Block processing time: 0.028991 seconds
Computing Block 61 out of 66
Processing Block size=36
begin cleaner{left: ("[FunctionalDependency:(s: {MeasureName, Condition}, t: {HospitalType})]", 0.0), operator: *, right: (1.0, 1.0), result: 0.0}
列 'p' 不存在，对列 HospitalType 不过滤，直接选择所有非无效值。
Block processing time: 0.02628 seconds
Computing Block 62 out of 66
Processing Block size=39
begin cleaner{left: ("[FunctionalDependency:(s: {MeasureName, Condition}, t: {HospitalType})]", 0.0), operator: *, right: (1.0, 1.0), result: 0.0}
列 'p' 不存在，对列 HospitalType 不过滤，直接选择所有非无效值。
Block processing time: 0.028167 seconds
Computing Block 63 out of 66
Processing Block size=37
begin cleaner{left: ("[FunctionalDependency:(s: {MeasureName, Condition}, t: {HospitalType})]", 0.0), operator: *, right: (1.0, 1.0), result: 0.0}
列 'p' 不存在，对列 HospitalType 不过滤，直接选择所有非无效值。
Block processing time: 0.026855 seconds
Computing Block 64 out of 66
Processing Block size=35
begin cleaner{left: ("[FunctionalDependency:(s: {MeasureName, Condition}, t: {HospitalType})]", 0.0), operator: *, right: (1.0, 1.0), result: 0.0}
列 'p' 不存在，对列 HospitalType 不过滤，直接选择所有非无效值。
Block processing time: 0.025399 seconds
Computing Block 65 out of 66
Processing Block size=36
begin cleaner{left: ("[FunctionalDependency:(s: {MeasureName, Condition}, t: {HospitalType})]", 0.0), operator: *, right: (1.0, 1.0), result: 0.0}
列 'p' 不存在，对列 HospitalType 不过滤，直接选择所有非无效值。
Block processing time: 0.026827 seconds
  当前节点: HospitalType 无清洗操作
['ZipCode', 'PhoneNumber', 'Address1', 'HospitalOwner', 'City', 'HospitalType']的清洗完成

本层累积的编辑规则数: 0
本层没有可以进行的清洗操作，进行下一层

处理第 4 层级, 包含节点: ['EmergencyService', 'State', 'CountyName']
  当前节点: EmergencyService 存在可用清洗信号
数据块大小: 1000
分块属性:
[['ZipCode']]
Starting initial block mapping...
Initial number of blocks: 47
Final number of blocks after further splitting: 47
Computing Block 1 out of 47
Processing Block size=25
begin cleaner[FunctionalDependency:(s: {'ZipCode'}, t: {'EmergencyService'})]*1.0
列 'p' 不存在，对列 EmergencyService 不过滤，直接选择所有非无效值。
clean_bool length:4
newest best op: Uniop(df,'EmergencyService','yes',(['ZipCode'], {(35058.0,)}),{left: ("[FunctionalDependency:(s: {ZipCode}, t: {EmergencyService})]", 0.0), operator: *, right: (1.0, 1.0), result: 0.0})
now error: 0.0
Block processing time: 0.073119 seconds
Computing Block 2 out of 47
Processing Block size=25
begin cleaner{left: ("[FunctionalDependency:(s: {ZipCode}, t: {EmergencyService})]", 0.0), operator: *, right: (1.0, 1.0), result: 0.0}
列 'p' 不存在，对列 EmergencyService 不过滤，直接选择所有非无效值。
clean_bool length:2
newest best op: Uniop(df,'EmergencyService','yes',(['ZipCode'], {(36302.0,)}),{left: ("[FunctionalDependency:(s: {ZipCode}, t: {EmergencyService})]", 0.0), operator: *, right: (1.0, 1.0), result: 0.0})
now error: 0.0
Block processing time: 0.035218 seconds
Computing Block 3 out of 47
Processing Block size=25
begin cleaner{left: ("[FunctionalDependency:(s: {ZipCode}, t: {EmergencyService})]", 0.0), operator: *, right: (1.0, 1.0), result: 0.0}
列 'p' 不存在，对列 EmergencyService 不过滤，直接选择所有非无效值。
clean_bool length:5
newest best op: Uniop(df,'EmergencyService','%no',(['ZipCode'], {(36467.0,)}),{left: ("[FunctionalDependency:(s: {ZipCode}, t: {EmergencyService})]", 0.0), operator: *, right: (1.0, 1.0), result: 0.0})
now error: 0.0
newest best op: Uniop(df,'EmergencyService','no',(['ZipCode'], {(36467.0,)}),{left: ("[FunctionalDependency:(s: {ZipCode}, t: {EmergencyService})]", 0.0), operator: *, right: (1.0, 1.0), result: 0.0})
now error: 0.0
Block processing time: 0.090856 seconds
Computing Block 4 out of 47
Processing Block size=17
begin cleaner{left: ("[FunctionalDependency:(s: {ZipCode}, t: {EmergencyService})]", 0.0), operator: *, right: (1.0, 1.0), result: 0.0}
列 'p' 不存在，对列 EmergencyService 不过滤，直接选择所有非无效值。
clean_bool length:7
newest best op: Uniop(df,'EmergencyService','ye??s%',(['ZipCode'], {(36305.0,)}),{left: ("[FunctionalDependency:(s: {ZipCode}, t: {EmergencyService})]", 0.0), operator: *, right: (1.0, 1.0), result: 0.0})
now error: 0.0
newest best op: Uniop(df,'EmergencyService','??yes',(['ZipCode'], {(36305.0,)}),{left: ("[FunctionalDependency:(s: {ZipCode}, t: {EmergencyService})]", 0.0), operator: *, right: (1.0, 1.0), result: 0.0})
now error: 0.0
newest best op: Uniop(df,'EmergencyService','ye%s',(['ZipCode'], {(36305.0,)}),{left: ("[FunctionalDependency:(s: {ZipCode}, t: {EmergencyService})]", 0.0), operator: *, right: (1.0, 1.0), result: 0.0})
now error: 0.0
newest best op: Uniop(df,'EmergencyService','yes',(['ZipCode'], {(36305.0,)}),{left: ("[FunctionalDependency:(s: {ZipCode}, t: {EmergencyService})]", 0.0), operator: *, right: (1.0, 1.0), result: 0.0})
now error: 0.0
Block processing time: 0.092607 seconds
Computing Block 5 out of 47
Processing Block size=2
begin cleaner{left: ("[FunctionalDependency:(s: {ZipCode}, t: {EmergencyService})]", 0.0), operator: *, right: (1.0, 1.0), result: 0.0}
列 'p' 不存在，对列 EmergencyService 不过滤，直接选择所有非无效值。
clean_bool length:3
newest best op: Uniop(df,'EmergencyService','no',(['ZipCode'], {(99559.0,)}),{left: ("[FunctionalDependency:(s: {ZipCode}, t: {EmergencyService})]", 0.0), operator: *, right: (1.0, 1.0), result: 0.0})
now error: 0.0
Block processing time: 0.005202 seconds
Computing Block 6 out of 47
Processing Block size=20
begin cleaner{left: ("[FunctionalDependency:(s: {ZipCode}, t: {EmergencyService})]", 0.0), operator: *, right: (1.0, 1.0), result: 0.0}
列 'p' 不存在，对列 EmergencyService 不过滤，直接选择所有非无效值。
clean_bool length:4
newest best op: Uniop(df,'EmergencyService','%#yes',(['ZipCode'], {(36067.0,)}),{left: ("[FunctionalDependency:(s: {ZipCode}, t: {EmergencyService})]", 0.0), operator: *, right: (1.0, 1.0), result: 0.0})
now error: 0.0
newest best op: Uniop(df,'EmergencyService','yes',(['ZipCode'], {(36067.0,)}),{left: ("[FunctionalDependency:(s: {ZipCode}, t: {EmergencyService})]", 0.0), operator: *, right: (1.0, 1.0), result: 0.0})
now error: 0.0
Block processing time: 0.057544 seconds
Computing Block 8 out of 47
Processing Block size=25
begin cleaner{left: ("[FunctionalDependency:(s: {ZipCode}, t: {EmergencyService})]", 0.0), operator: *, right: (1.0, 1.0), result: 0.0}
列 'p' 不存在，对列 EmergencyService 不过滤，直接选择所有非无效值。
clean_bool length:3
newest best op: Uniop(df,'EmergencyService','yes',(['ZipCode'], {(36784.0,)}),{left: ("[FunctionalDependency:(s: {ZipCode}, t: {EmergencyService})]", 0.0), operator: *, right: (1.0, 1.0), result: 0.0})
now error: 0.0
Block processing time: 0.053639 seconds
Computing Block 9 out of 47
Processing Block size=25
begin cleaner{left: ("[FunctionalDependency:(s: {ZipCode}, t: {EmergencyService})]", 0.0), operator: *, right: (1.0, 1.0), result: 0.0}
列 'p' 不存在，对列 EmergencyService 不过滤，直接选择所有非无效值。
clean_bool length:4
newest best op: Uniop(df,'EmergencyService','no',(['ZipCode'], {(36420.0,)}),{left: ("[FunctionalDependency:(s: {ZipCode}, t: {EmergencyService})]", 0.0), operator: *, right: (1.0, 1.0), result: 0.0})
now error: 0.0
Block processing time: 0.072218 seconds
Computing Block 10 out of 47
Processing Block size=25
begin cleaner{left: ("[FunctionalDependency:(s: {ZipCode}, t: {EmergencyService})]", 0.0), operator: *, right: (1.0, 1.0), result: 0.0}
列 'p' 不存在，对列 EmergencyService 不过滤，直接选择所有非无效值。
clean_bool length:5
newest best op: Uniop(df,'EmergencyService','ye#s',(['ZipCode'], {(35903.0,)}),{left: ("[FunctionalDependency:(s: {ZipCode}, t: {EmergencyService})]", 0.0), operator: *, right: (1.0, 1.0), result: 0.0})
now error: 0.0
newest best op: Uniop(df,'EmergencyService','yes',(['ZipCode'], {(35903.0,)}),{left: ("[FunctionalDependency:(s: {ZipCode}, t: {EmergencyService})]", 0.0), operator: *, right: (1.0, 1.0), result: 0.0})
now error: 0.0
Block processing time: 0.090237 seconds
Computing Block 14 out of 47
Processing Block size=18
begin cleaner{left: ("[FunctionalDependency:(s: {ZipCode}, t: {EmergencyService})]", 0.0), operator: *, right: (1.0, 1.0), result: 0.0}
列 'p' 不存在，对列 EmergencyService 不过滤，直接选择所有非无效值。
clean_bool length:3
newest best op: Uniop(df,'EmergencyService','yes',(['ZipCode'], {(99508.0,)}),{left: ("[FunctionalDependency:(s: {ZipCode}, t: {EmergencyService})]", 0.0), operator: *, right: (1.0, 1.0), result: 0.0})
now error: 0.0
Block processing time: 0.039017 seconds
Computing Block 15 out of 47
Processing Block size=50
begin cleaner{left: ("[FunctionalDependency:(s: {ZipCode}, t: {EmergencyService})]", 0.0), operator: *, right: (1.0, 1.0), result: 0.0}
列 'p' 不存在，对列 EmergencyService 不过滤，直接选择所有非无效值。
clean_bool length:6
newest best op: Uniop(df,'EmergencyService','ye#%s',(['ZipCode'], {(35233.0,)}),{left: ("[FunctionalDependency:(s: {ZipCode}, t: {EmergencyService})]", 0.0), operator: *, right: (1.0, 1.0), result: 0.0})
now error: 0.0
newest best op: Uniop(df,'EmergencyService','y@@es',(['ZipCode'], {(35233.0,)}),{left: ("[FunctionalDependency:(s: {ZipCode}, t: {EmergencyService})]", 0.0), operator: *, right: (1.0, 1.0), result: 0.0})
now error: 0.0
newest best op: Uniop(df,'EmergencyService','yes',(['ZipCode'], {(35233.0,)}),{left: ("[FunctionalDependency:(s: {ZipCode}, t: {EmergencyService})]", 0.0), operator: *, right: (1.0, 1.0), result: 0.0})
now error: 0.0
Block processing time: 0.219288 seconds
Computing Block 16 out of 47
Processing Block size=25
begin cleaner{left: ("[FunctionalDependency:(s: {ZipCode}, t: {EmergencyService})]", 0.0), operator: *, right: (1.0, 1.0), result: 0.0}
列 'p' 不存在，对列 EmergencyService 不过滤，直接选择所有非无效值。
clean_bool length:2
newest best op: Uniop(df,'EmergencyService','yes',(['ZipCode'], {(35594.0,)}),{left: ("[FunctionalDependency:(s: {ZipCode}, t: {EmergencyService})]", 0.0), operator: *, right: (1.0, 1.0), result: 0.0})
now error: 0.0
Block processing time: 0.036723 seconds
Computing Block 17 out of 47
Processing Block size=28
begin cleaner{left: ("[FunctionalDependency:(s: {ZipCode}, t: {EmergencyService})]", 0.0), operator: *, right: (1.0, 1.0), result: 0.0}
列 'p' 不存在，对列 EmergencyService 不过滤，直接选择所有非无效值。
clean_bool length:4
newest best op: Uniop(df,'EmergencyService','yes@@',(['ZipCode'], {(35801.0,)}),{left: ("[FunctionalDependency:(s: {ZipCode}, t: {EmergencyService})]", 0.0), operator: *, right: (1.0, 1.0), result: 0.0})
now error: 0.0
newest best op: Uniop(df,'EmergencyService','yes',(['ZipCode'], {(35801.0,)}),{left: ("[FunctionalDependency:(s: {ZipCode}, t: {EmergencyService})]", 0.0), operator: *, right: (1.0, 1.0), result: 0.0})
now error: 0.0
Block processing time: 0.080698 seconds
Computing Block 18 out of 47
Processing Block size=25
begin cleaner{left: ("[FunctionalDependency:(s: {ZipCode}, t: {EmergencyService})]", 0.0), operator: *, right: (1.0, 1.0), result: 0.0}
列 'p' 不存在，对列 EmergencyService 不过滤，直接选择所有非无效值。
clean_bool length:6
newest best op: Uniop(df,'EmergencyService','ye??#s',(['ZipCode'], {(35555.0,)}),{left: ("[FunctionalDependency:(s: {ZipCode}, t: {EmergencyService})]", 0.0), operator: *, right: (1.0, 1.0), result: 0.0})
now error: 0.0
newest best op: Uniop(df,'EmergencyService','??yes',(['ZipCode'], {(35555.0,)}),{left: ("[FunctionalDependency:(s: {ZipCode}, t: {EmergencyService})]", 0.0), operator: *, right: (1.0, 1.0), result: 0.0})
now error: 0.0
newest best op: Uniop(df,'EmergencyService','ye%s',(['ZipCode'], {(35555.0,)}),{left: ("[FunctionalDependency:(s: {ZipCode}, t: {EmergencyService})]", 0.0), operator: *, right: (1.0, 1.0), result: 0.0})
now error: 0.0
newest best op: Uniop(df,'EmergencyService','yes',(['ZipCode'], {(35555.0,)}),{left: ("[FunctionalDependency:(s: {ZipCode}, t: {EmergencyService})]", 0.0), operator: *, right: (1.0, 1.0), result: 0.0})
now error: 0.0
Block processing time: 0.109276 seconds
Computing Block 19 out of 47
Processing Block size=12
begin cleaner{left: ("[FunctionalDependency:(s: {ZipCode}, t: {EmergencyService})]", 0.0), operator: *, right: (1.0, 1.0), result: 0.0}
列 'p' 不存在，对列 EmergencyService 不过滤，直接选择所有非无效值。
clean_bool length:3
newest best op: Uniop(df,'EmergencyService','yes',(['ZipCode'], {(36617.0,)}),{left: ("[FunctionalDependency:(s: {ZipCode}, t: {EmergencyService})]", 0.0), operator: *, right: (1.0, 1.0), result: 0.0})
now error: 0.0
Block processing time: 0.026231 seconds
Computing Block 20 out of 47
Processing Block size=2
begin cleaner{left: ("[FunctionalDependency:(s: {ZipCode}, t: {EmergencyService})]", 0.0), operator: *, right: (1.0, 1.0), result: 0.0}
列 'p' 不存在，对列 EmergencyService 不过滤，直接选择所有非无效值。
Block processing time: 0.001571 seconds
Computing Block 21 out of 47
Processing Block size=28
begin cleaner{left: ("[FunctionalDependency:(s: {ZipCode}, t: {EmergencyService})]", 0.0), operator: *, right: (1.0, 1.0), result: 0.0}
列 'p' 不存在，对列 EmergencyService 不过滤，直接选择所有非无效值。
clean_bool length:4
newest best op: Uniop(df,'EmergencyService','ye#s',(['ZipCode'], {(36201.0,)}),{left: ("[FunctionalDependency:(s: {ZipCode}, t: {EmergencyService})]", 0.0), operator: *, right: (1.0, 1.0), result: 0.0})
now error: 0.0
newest best op: Uniop(df,'EmergencyService','yes',(['ZipCode'], {(36201.0,)}),{left: ("[FunctionalDependency:(s: {ZipCode}, t: {EmergencyService})]", 0.0), operator: *, right: (1.0, 1.0), result: 0.0})
now error: 0.0
Block processing time: 0.081533 seconds
Computing Block 22 out of 47
Processing Block size=25
begin cleaner{left: ("[FunctionalDependency:(s: {ZipCode}, t: {EmergencyService})]", 0.0), operator: *, right: (1.0, 1.0), result: 0.0}
列 'p' 不存在，对列 EmergencyService 不过滤，直接选择所有非无效值。
clean_bool length:5
newest best op: Uniop(df,'EmergencyService','y%es#',(['ZipCode'], {(35235.0,)}),{left: ("[FunctionalDependency:(s: {ZipCode}, t: {EmergencyService})]", 0.0), operator: *, right: (1.0, 1.0), result: 0.0})
now error: 0.0
newest best op: Uniop(df,'EmergencyService','yes',(['ZipCode'], {(35235.0,)}),{left: ("[FunctionalDependency:(s: {ZipCode}, t: {EmergencyService})]", 0.0), operator: *, right: (1.0, 1.0), result: 0.0})
now error: 0.0
Block processing time: 0.091482 seconds
Computing Block 23 out of 47
Processing Block size=25
begin cleaner{left: ("[FunctionalDependency:(s: {ZipCode}, t: {EmergencyService})]", 0.0), operator: *, right: (1.0, 1.0), result: 0.0}
列 'p' 不存在，对列 EmergencyService 不过滤，直接选择所有非无效值。
clean_bool length:5
newest best op: Uniop(df,'EmergencyService','ye#s',(['ZipCode'], {(36323.0,)}),{left: ("[FunctionalDependency:(s: {ZipCode}, t: {EmergencyService})]", 0.0), operator: *, right: (1.0, 1.0), result: 0.0})
now error: 0.0
newest best op: Uniop(df,'EmergencyService','yes',(['ZipCode'], {(36323.0,)}),{left: ("[FunctionalDependency:(s: {ZipCode}, t: {EmergencyService})]", 0.0), operator: *, right: (1.0, 1.0), result: 0.0})
now error: 0.0
Block processing time: 0.091553 seconds
Computing Block 24 out of 47
Processing Block size=25
begin cleaner{left: ("[FunctionalDependency:(s: {ZipCode}, t: {EmergencyService})]", 0.0), operator: *, right: (1.0, 1.0), result: 0.0}
列 'p' 不存在，对列 EmergencyService 不过滤，直接选择所有非无效值。
clean_bool length:4
newest best op: Uniop(df,'EmergencyService','yes',(['ZipCode'], {(35007.0,)}),{left: ("[FunctionalDependency:(s: {ZipCode}, t: {EmergencyService})]", 0.0), operator: *, right: (1.0, 1.0), result: 0.0})
now error: 0.0
Block processing time: 0.072519 seconds
Computing Block 25 out of 47
Processing Block size=25
begin cleaner{left: ("[FunctionalDependency:(s: {ZipCode}, t: {EmergencyService})]", 0.0), operator: *, right: (1.0, 1.0), result: 0.0}
列 'p' 不存在，对列 EmergencyService 不过滤，直接选择所有非无效值。
clean_bool length:5
newest best op: Uniop(df,'EmergencyService','yes',(['ZipCode'], {(36116.0,)}),{left: ("[FunctionalDependency:(s: {ZipCode}, t: {EmergencyService})]", 0.0), operator: *, right: (1.0, 1.0), result: 0.0})
now error: 0.0
Block processing time: 0.089179 seconds
Computing Block 26 out of 47
Processing Block size=25
begin cleaner{left: ("[FunctionalDependency:(s: {ZipCode}, t: {EmergencyService})]", 0.0), operator: *, right: (1.0, 1.0), result: 0.0}
列 'p' 不存在，对列 EmergencyService 不过滤，直接选择所有非无效值。
clean_bool length:8
newest best op: Uniop(df,'EmergencyService','y%es#',(['ZipCode'], {(35660.0,)}),{left: ("[FunctionalDependency:(s: {ZipCode}, t: {EmergencyService})]", 0.0), operator: *, right: (1.0, 1.0), result: 0.0})
now error: 0.0
newest best op: Uniop(df,'EmergencyService','ye@@s',(['ZipCode'], {(35660.0,)}),{left: ("[FunctionalDependency:(s: {ZipCode}, t: {EmergencyService})]", 0.0), operator: *, right: (1.0, 1.0), result: 0.0})
now error: 0.0
newest best op: Uniop(df,'EmergencyService','y$es',(['ZipCode'], {(35660.0,)}),{left: ("[FunctionalDependency:(s: {ZipCode}, t: {EmergencyService})]", 0.0), operator: *, right: (1.0, 1.0), result: 0.0})
now error: 0.0
newest best op: Uniop(df,'EmergencyService','yes',(['ZipCode'], {(35660.0,)}),{left: ("[FunctionalDependency:(s: {ZipCode}, t: {EmergencyService})]", 0.0), operator: *, right: (1.0, 1.0), result: 0.0})
now error: 0.0
Block processing time: 0.153764 seconds
Computing Block 27 out of 47
Processing Block size=25
begin cleaner{left: ("[FunctionalDependency:(s: {ZipCode}, t: {EmergencyService})]", 0.0), operator: *, right: (1.0, 1.0), result: 0.0}
列 'p' 不存在，对列 EmergencyService 不过滤，直接选择所有非无效值。
clean_bool length:6
newest best op: Uniop(df,'EmergencyService','ye@@$s',(['ZipCode'], {(35957.0,)}),{left: ("[FunctionalDependency:(s: {ZipCode}, t: {EmergencyService})]", 0.0), operator: *, right: (1.0, 1.0), result: 0.0})
now error: 0.0
newest best op: Uniop(df,'EmergencyService','ye#s',(['ZipCode'], {(35957.0,)}),{left: ("[FunctionalDependency:(s: {ZipCode}, t: {EmergencyService})]", 0.0), operator: *, right: (1.0, 1.0), result: 0.0})
now error: 0.0
newest best op: Uniop(df,'EmergencyService','yes',(['ZipCode'], {(35957.0,)}),{left: ("[FunctionalDependency:(s: {ZipCode}, t: {EmergencyService})]", 0.0), operator: *, right: (1.0, 1.0), result: 0.0})
now error: 0.0
Block processing time: 0.108987 seconds
Computing Block 28 out of 47
Processing Block size=5
begin cleaner{left: ("[FunctionalDependency:(s: {ZipCode}, t: {EmergencyService})]", 0.0), operator: *, right: (1.0, 1.0), result: 0.0}
列 'p' 不存在，对列 EmergencyService 不过滤，直接选择所有非无效值。
Block processing time: 0.003752 seconds
Computing Block 29 out of 47
Processing Block size=25
begin cleaner{left: ("[FunctionalDependency:(s: {ZipCode}, t: {EmergencyService})]", 0.0), operator: *, right: (1.0, 1.0), result: 0.0}
列 'p' 不存在，对列 EmergencyService 不过滤，直接选择所有非无效值。
clean_bool length:5
newest best op: Uniop(df,'EmergencyService','y$e$s',(['ZipCode'], {(35960.0,)}),{left: ("[FunctionalDependency:(s: {ZipCode}, t: {EmergencyService})]", 0.0), operator: *, right: (1.0, 1.0), result: 0.0})
now error: 0.0
newest best op: Uniop(df,'EmergencyService','ye#s',(['ZipCode'], {(35960.0,)}),{left: ("[FunctionalDependency:(s: {ZipCode}, t: {EmergencyService})]", 0.0), operator: *, right: (1.0, 1.0), result: 0.0})
now error: 0.0
newest best op: Uniop(df,'EmergencyService','yes',(['ZipCode'], {(35960.0,)}),{left: ("[FunctionalDependency:(s: {ZipCode}, t: {EmergencyService})]", 0.0), operator: *, right: (1.0, 1.0), result: 0.0})
now error: 0.0
Block processing time: 0.092243 seconds
Computing Block 30 out of 47
Processing Block size=25
begin cleaner{left: ("[FunctionalDependency:(s: {ZipCode}, t: {EmergencyService})]", 0.0), operator: *, right: (1.0, 1.0), result: 0.0}
列 'p' 不存在，对列 EmergencyService 不过滤，直接选择所有非无效值。
clean_bool length:3
newest best op: Uniop(df,'EmergencyService','yes',(['ZipCode'], {(36049.0,)}),{left: ("[FunctionalDependency:(s: {ZipCode}, t: {EmergencyService})]", 0.0), operator: *, right: (1.0, 1.0), result: 0.0})
now error: 0.0
Block processing time: 0.053891 seconds
Computing Block 31 out of 47
Processing Block size=25
begin cleaner{left: ("[FunctionalDependency:(s: {ZipCode}, t: {EmergencyService})]", 0.0), operator: *, right: (1.0, 1.0), result: 0.0}
列 'p' 不存在，对列 EmergencyService 不过滤，直接选择所有非无效值。
clean_bool length:6
newest best op: Uniop(df,'EmergencyService','??ye%s',(['ZipCode'], {(36106.0,)}),{left: ("[FunctionalDependency:(s: {ZipCode}, t: {EmergencyService})]", 0.0), operator: *, right: (1.0, 1.0), result: 0.0})
now error: 0.0
newest best op: Uniop(df,'EmergencyService','ye%s',(['ZipCode'], {(36106.0,)}),{left: ("[FunctionalDependency:(s: {ZipCode}, t: {EmergencyService})]", 0.0), operator: *, right: (1.0, 1.0), result: 0.0})
now error: 0.0
newest best op: Uniop(df,'EmergencyService','yes',(['ZipCode'], {(36106.0,)}),{left: ("[FunctionalDependency:(s: {ZipCode}, t: {EmergencyService})]", 0.0), operator: *, right: (1.0, 1.0), result: 0.0})
now error: 0.0
Block processing time: 0.108915 seconds
Computing Block 32 out of 47
Processing Block size=25
begin cleaner{left: ("[FunctionalDependency:(s: {ZipCode}, t: {EmergencyService})]", 0.0), operator: *, right: (1.0, 1.0), result: 0.0}
列 'p' 不存在，对列 EmergencyService 不过滤，直接选择所有非无效值。
clean_bool length:7
newest best op: Uniop(df,'EmergencyService','#y%es',(['ZipCode'], {(35045.0,)}),{left: ("[FunctionalDependency:(s: {ZipCode}, t: {EmergencyService})]", 0.0), operator: *, right: (1.0, 1.0), result: 0.0})
now error: 0.0
newest best op: Uniop(df,'EmergencyService','ye%s',(['ZipCode'], {(35045.0,)}),{left: ("[FunctionalDependency:(s: {ZipCode}, t: {EmergencyService})]", 0.0), operator: *, right: (1.0, 1.0), result: 0.0})
now error: 0.0
newest best op: Uniop(df,'EmergencyService','yes',(['ZipCode'], {(35045.0,)}),{left: ("[FunctionalDependency:(s: {ZipCode}, t: {EmergencyService})]", 0.0), operator: *, right: (1.0, 1.0), result: 0.0})
now error: 0.0
Block processing time: 0.126535 seconds
Computing Block 33 out of 47
Processing Block size=25
begin cleaner{left: ("[FunctionalDependency:(s: {ZipCode}, t: {EmergencyService})]", 0.0), operator: *, right: (1.0, 1.0), result: 0.0}
列 'p' 不存在，对列 EmergencyService 不过滤，直接选择所有非无效值。
clean_bool length:3
newest best op: Uniop(df,'EmergencyService','y#e@@s',(['ZipCode'], {(36330.0,)}),{left: ("[FunctionalDependency:(s: {ZipCode}, t: {EmergencyService})]", 0.0), operator: *, right: (1.0, 1.0), result: 0.0})
now error: 0.0
newest best op: Uniop(df,'EmergencyService','yes',(['ZipCode'], {(36330.0,)}),{left: ("[FunctionalDependency:(s: {ZipCode}, t: {EmergencyService})]", 0.0), operator: *, right: (1.0, 1.0), result: 0.0})
now error: 0.0
Block processing time: 0.054247 seconds
Computing Block 34 out of 47
Processing Block size=25
begin cleaner{left: ("[FunctionalDependency:(s: {ZipCode}, t: {EmergencyService})]", 0.0), operator: *, right: (1.0, 1.0), result: 0.0}
列 'p' 不存在，对列 EmergencyService 不过滤，直接选择所有非无效值。
clean_bool length:5
newest best op: Uniop(df,'EmergencyService','$ye$s',(['ZipCode'], {(35640.0,)}),{left: ("[FunctionalDependency:(s: {ZipCode}, t: {EmergencyService})]", 0.0), operator: *, right: (1.0, 1.0), result: 0.0})
now error: 0.0
newest best op: Uniop(df,'EmergencyService','yes',(['ZipCode'], {(35640.0,)}),{left: ("[FunctionalDependency:(s: {ZipCode}, t: {EmergencyService})]", 0.0), operator: *, right: (1.0, 1.0), result: 0.0})
now error: 0.0
Block processing time: 0.091263 seconds
Computing Block 35 out of 47
Processing Block size=25
begin cleaner{left: ("[FunctionalDependency:(s: {ZipCode}, t: {EmergencyService})]", 0.0), operator: *, right: (1.0, 1.0), result: 0.0}
列 'p' 不存在，对列 EmergencyService 不过滤，直接选择所有非无效值。
clean_bool length:5
newest best op: Uniop(df,'EmergencyService','y@@$es',(['ZipCode'], {(35976.0,)}),{left: ("[FunctionalDependency:(s: {ZipCode}, t: {EmergencyService})]", 0.0), operator: *, right: (1.0, 1.0), result: 0.0})
now error: 0.0
newest best op: Uniop(df,'EmergencyService','ye@@s',(['ZipCode'], {(35976.0,)}),{left: ("[FunctionalDependency:(s: {ZipCode}, t: {EmergencyService})]", 0.0), operator: *, right: (1.0, 1.0), result: 0.0})
now error: 0.0
newest best op: Uniop(df,'EmergencyService','yes',(['ZipCode'], {(35976.0,)}),{left: ("[FunctionalDependency:(s: {ZipCode}, t: {EmergencyService})]", 0.0), operator: *, right: (1.0, 1.0), result: 0.0})
now error: 0.0
Block processing time: 0.091746 seconds
Computing Block 36 out of 47
Processing Block size=25
begin cleaner{left: ("[FunctionalDependency:(s: {ZipCode}, t: {EmergencyService})]", 0.0), operator: *, right: (1.0, 1.0), result: 0.0}
列 'p' 不存在，对列 EmergencyService 不过滤，直接选择所有非无效值。
clean_bool length:6
newest best op: Uniop(df,'EmergencyService','@@$no',(['ZipCode'], {(36078.0,)}),{left: ("[FunctionalDependency:(s: {ZipCode}, t: {EmergencyService})]", 0.0), operator: *, right: (1.0, 1.0), result: 0.0})
now error: 0.0
newest best op: Uniop(df,'EmergencyService','%n#o',(['ZipCode'], {(36078.0,)}),{left: ("[FunctionalDependency:(s: {ZipCode}, t: {EmergencyService})]", 0.0), operator: *, right: (1.0, 1.0), result: 0.0})
now error: 0.0
newest best op: Uniop(df,'EmergencyService','no',(['ZipCode'], {(36078.0,)}),{left: ("[FunctionalDependency:(s: {ZipCode}, t: {EmergencyService})]", 0.0), operator: *, right: (1.0, 1.0), result: 0.0})
now error: 0.0
Block processing time: 0.108873 seconds
Computing Block 37 out of 47
Processing Block size=25
begin cleaner{left: ("[FunctionalDependency:(s: {ZipCode}, t: {EmergencyService})]", 0.0), operator: *, right: (1.0, 1.0), result: 0.0}
列 'p' 不存在，对列 EmergencyService 不过滤，直接选择所有非无效值。
clean_bool length:3
newest best op: Uniop(df,'EmergencyService','yes',(['ZipCode'], {(36854.0,)}),{left: ("[FunctionalDependency:(s: {ZipCode}, t: {EmergencyService})]", 0.0), operator: *, right: (1.0, 1.0), result: 0.0})
now error: 0.0
Block processing time: 0.05396 seconds
Computing Block 38 out of 47
Processing Block size=25
begin cleaner{left: ("[FunctionalDependency:(s: {ZipCode}, t: {EmergencyService})]", 0.0), operator: *, right: (1.0, 1.0), result: 0.0}
列 'p' 不存在，对列 EmergencyService 不过滤，直接选择所有非无效值。
clean_bool length:3
newest best op: Uniop(df,'EmergencyService','yes',(['ZipCode'], {(35570.0,)}),{left: ("[FunctionalDependency:(s: {ZipCode}, t: {EmergencyService})]", 0.0), operator: *, right: (1.0, 1.0), result: 0.0})
now error: 0.0
Block processing time: 0.054637 seconds
Computing Block 39 out of 47
Processing Block size=25
begin cleaner{left: ("[FunctionalDependency:(s: {ZipCode}, t: {EmergencyService})]", 0.0), operator: *, right: (1.0, 1.0), result: 0.0}
列 'p' 不存在，对列 EmergencyService 不过滤，直接选择所有非无效值。
clean_bool length:4
newest best op: Uniop(df,'EmergencyService','no',(['ZipCode'], {(36033.0,)}),{left: ("[FunctionalDependency:(s: {ZipCode}, t: {EmergencyService})]", 0.0), operator: *, right: (1.0, 1.0), result: 0.0})
now error: 0.0
Block processing time: 0.072704 seconds
Computing Block 40 out of 47
Processing Block size=25
begin cleaner{left: ("[FunctionalDependency:(s: {ZipCode}, t: {EmergencyService})]", 0.0), operator: *, right: (1.0, 1.0), result: 0.0}
列 'p' 不存在，对列 EmergencyService 不过滤，直接选择所有非无效值。
clean_bool length:4
newest best op: Uniop(df,'EmergencyService','yes%%',(['ZipCode'], {(36801.0,)}),{left: ("[FunctionalDependency:(s: {ZipCode}, t: {EmergencyService})]", 0.0), operator: *, right: (1.0, 1.0), result: 0.0})
now error: 0.0
newest best op: Uniop(df,'EmergencyService','yes',(['ZipCode'], {(36801.0,)}),{left: ("[FunctionalDependency:(s: {ZipCode}, t: {EmergencyService})]", 0.0), operator: *, right: (1.0, 1.0), result: 0.0})
now error: 0.0
Block processing time: 0.07228 seconds
Computing Block 41 out of 47
Processing Block size=24
begin cleaner{left: ("[FunctionalDependency:(s: {ZipCode}, t: {EmergencyService})]", 0.0), operator: *, right: (1.0, 1.0), result: 0.0}
列 'p' 不存在，对列 EmergencyService 不过滤，直接选择所有非无效值。
clean_bool length:3
newest best op: Uniop(df,'EmergencyService','yes',(['ZipCode'], {(35968.0,)}),{left: ("[FunctionalDependency:(s: {ZipCode}, t: {EmergencyService})]", 0.0), operator: *, right: (1.0, 1.0), result: 0.0})
now error: 0.0
Block processing time: 0.052304 seconds
Computing Block 42 out of 47
Processing Block size=28
begin cleaner{left: ("[FunctionalDependency:(s: {ZipCode}, t: {EmergencyService})]", 0.0), operator: *, right: (1.0, 1.0), result: 0.0}
列 'p' 不存在，对列 EmergencyService 不过滤，直接选择所有非无效值。
clean_bool length:7
newest best op: Uniop(df,'EmergencyService','@@yes',(['ZipCode'], {(35901.0,)}),{left: ("[FunctionalDependency:(s: {ZipCode}, t: {EmergencyService})]", 0.0), operator: *, right: (1.0, 1.0), result: 0.0})
now error: 0.0
newest best op: Uniop(df,'EmergencyService','ye%s',(['ZipCode'], {(35901.0,)}),{left: ("[FunctionalDependency:(s: {ZipCode}, t: {EmergencyService})]", 0.0), operator: *, right: (1.0, 1.0), result: 0.0})
now error: 0.0
newest best op: Uniop(df,'EmergencyService','yes',(['ZipCode'], {(35901.0,)}),{left: ("[FunctionalDependency:(s: {ZipCode}, t: {EmergencyService})]", 0.0), operator: *, right: (1.0, 1.0), result: 0.0})
now error: 0.0
Block processing time: 0.143125 seconds
Computing Block 43 out of 47
Processing Block size=25
begin cleaner{left: ("[FunctionalDependency:(s: {ZipCode}, t: {EmergencyService})]", 0.0), operator: *, right: (1.0, 1.0), result: 0.0}
列 'p' 不存在，对列 EmergencyService 不过滤，直接选择所有非无效值。
clean_bool length:3
newest best op: Uniop(df,'EmergencyService','yes',(['ZipCode'], {(35631.0,)}),{left: ("[FunctionalDependency:(s: {ZipCode}, t: {EmergencyService})]", 0.0), operator: *, right: (1.0, 1.0), result: 0.0})
now error: 0.0
Block processing time: 0.054801 seconds
Computing Block 44 out of 47
Processing Block size=20
begin cleaner{left: ("[FunctionalDependency:(s: {ZipCode}, t: {EmergencyService})]", 0.0), operator: *, right: (1.0, 1.0), result: 0.0}
列 'p' 不存在，对列 EmergencyService 不过滤，直接选择所有非无效值。
clean_bool length:3
newest best op: Uniop(df,'EmergencyService','yes',(['ZipCode'], {(35121.0,)}),{left: ("[FunctionalDependency:(s: {ZipCode}, t: {EmergencyService})]", 0.0), operator: *, right: (1.0, 1.0), result: 0.0})
now error: 0.0
Block processing time: 0.042754 seconds
Computing Block 45 out of 47
Processing Block size=18
begin cleaner{left: ("[FunctionalDependency:(s: {ZipCode}, t: {EmergencyService})]", 0.0), operator: *, right: (1.0, 1.0), result: 0.0}
列 'p' 不存在，对列 EmergencyService 不过滤，直接选择所有非无效值。
clean_bool length:4
newest best op: Uniop(df,'EmergencyService','no',(['ZipCode'], {(35150.0,)}),{left: ("[FunctionalDependency:(s: {ZipCode}, t: {EmergencyService})]", 0.0), operator: *, right: (1.0, 1.0), result: 0.0})
now error: 0.0
Block processing time: 0.051998 seconds
Computing Block 46 out of 47
Processing Block size=24
begin cleaner{left: ("[FunctionalDependency:(s: {ZipCode}, t: {EmergencyService})]", 0.0), operator: *, right: (1.0, 1.0), result: 0.0}
列 'p' 不存在，对列 EmergencyService 不过滤，直接选择所有非无效值。
clean_bool length:5
newest best op: Uniop(df,'EmergencyService','$y$es',(['ZipCode'], {(36360.0,)}),{left: ("[FunctionalDependency:(s: {ZipCode}, t: {EmergencyService})]", 0.0), operator: *, right: (1.0, 1.0), result: 0.0})
now error: 0.0
newest best op: Uniop(df,'EmergencyService','yes',(['ZipCode'], {(36360.0,)}),{left: ("[FunctionalDependency:(s: {ZipCode}, t: {EmergencyService})]", 0.0), operator: *, right: (1.0, 1.0), result: 0.0})
now error: 0.0
Block processing time: 0.08672 seconds
Computing Block 47 out of 47
Processing Block size=25
begin cleaner{left: ("[FunctionalDependency:(s: {ZipCode}, t: {EmergencyService})]", 0.0), operator: *, right: (1.0, 1.0), result: 0.0}
列 'p' 不存在，对列 EmergencyService 不过滤，直接选择所有非无效值。
clean_bool length:5
newest best op: Uniop(df,'EmergencyService','no%??',(['ZipCode'], {(36278.0,)}),{left: ("[FunctionalDependency:(s: {ZipCode}, t: {EmergencyService})]", 0.0), operator: *, right: (1.0, 1.0), result: 0.0})
now error: 0.0
newest best op: Uniop(df,'EmergencyService','no',(['ZipCode'], {(36278.0,)}),{left: ("[FunctionalDependency:(s: {ZipCode}, t: {EmergencyService})]", 0.0), operator: *, right: (1.0, 1.0), result: 0.0})
now error: 0.0
Block processing time: 0.091153 seconds
  当前节点: EmergencyService 有 41 个清洗操作
  当前节点: State 存在可用清洗信号
数据块大小: 1000
分块属性:
[['HospitalOwner', 'PhoneNumber', 'HospitalName']]
Starting initial block mapping...
Initial number of blocks: 63
Final number of blocks after further splitting: 63
Computing Block 1 out of 63
Processing Block size=24
begin cleaner[FunctionalDependency:(s: {'HospitalOwner', 'PhoneNumber', 'HospitalName'}, t: {'State'})]*1.0
列 'p' 不存在，对列 State 不过滤，直接选择所有非无效值。
clean_bool length:4
newest best op: Uniop(df,'State','al',(['HospitalOwner', 'PhoneNumber', 'HospitalName'], {('government - hospital district or authority', 2567372000.0, 'cullman regional medical center')}),{left: ("[FunctionalDependency:(s: {HospitalOwner, PhoneNumber, HospitalName}, t: {State})]", 0.0), operator: *, right: (1.0, 1.0), result: 0.0})
now error: 0.0
Block processing time: 0.085447 seconds
Computing Block 2 out of 63
Processing Block size=2
begin cleaner{left: ("[FunctionalDependency:(s: {HospitalOwner, PhoneNumber, HospitalName}, t: {State})]", 0.0), operator: *, right: (1.0, 1.0), result: 0.0}
列 'p' 不存在，对列 State 不过滤，直接选择所有非无效值。
clean_bool length:2
newest best op: Uniop(df,'State','ak',(['HospitalOwner', 'PhoneNumber', 'HospitalName'], {('government - federal', 9075436300.0, 'yukon kuskokwim delta reg hospital')}),{left: ("[FunctionalDependency:(s: {HospitalOwner, PhoneNumber, HospitalName}, t: {State})]", 0.0), operator: *, right: (1.0, 1.0), result: 0.0})
now error: 0.0
Block processing time: 0.00422 seconds
Computing Block 3 out of 63
Processing Block size=25
begin cleaner{left: ("[FunctionalDependency:(s: {HospitalOwner, PhoneNumber, HospitalName}, t: {State})]", 0.0), operator: *, right: (1.0, 1.0), result: 0.0}
列 'p' 不存在，对列 State 不过滤，直接选择所有非无效值。
clean_bool length:4
newest best op: Uniop(df,'State','al',(['HospitalOwner', 'PhoneNumber', 'HospitalName'], {('government - hospital district or authority', 3347938701.0, 'southeast alabama medical center')}),{left: ("[FunctionalDependency:(s: {HospitalOwner, PhoneNumber, HospitalName}, t: {State})]", 0.0), operator: *, right: (1.0, 1.0), result: 0.0})
now error: 0.0
Block processing time: 0.087849 seconds
Computing Block 4 out of 63
Processing Block size=17
begin cleaner{left: ("[FunctionalDependency:(s: {HospitalOwner, PhoneNumber, HospitalName}, t: {State})]", 0.0), operator: *, right: (1.0, 1.0), result: 0.0}
列 'p' 不存在，对列 State 不过滤，直接选择所有非无效值。
clean_bool length:4
newest best op: Uniop(df,'State','al',(['HospitalOwner', 'PhoneNumber', 'HospitalName'], {('proprietary', 3347935000.0, 'flowers hospital')}),{left: ("[FunctionalDependency:(s: {HospitalOwner, PhoneNumber, HospitalName}, t: {State})]", 0.0), operator: *, right: (1.0, 1.0), result: 0.0})
now error: 0.0
Block processing time: 0.060443 seconds
Computing Block 7 out of 63
Processing Block size=24
begin cleaner{left: ("[FunctionalDependency:(s: {HospitalOwner, PhoneNumber, HospitalName}, t: {State})]", 0.0), operator: *, right: (1.0, 1.0), result: 0.0}
列 'p' 不存在，对列 State 不过滤，直接选择所有非无效值。
clean_bool length:6
newest best op: Uniop(df,'State','#al',(['HospitalOwner', 'PhoneNumber', 'HospitalName'], {('voluntary non-profit - private', 2569275531.0, 'cherokee medical center')}),{left: ("[FunctionalDependency:(s: {HospitalOwner, PhoneNumber, HospitalName}, t: {State})]", 0.0), operator: *, right: (1.0, 1.0), result: 0.0})
now error: 0.0
newest best op: Uniop(df,'State','al',(['HospitalOwner', 'PhoneNumber', 'HospitalName'], {('voluntary non-profit - private', 2569275531.0, 'cherokee medical center')}),{left: ("[FunctionalDependency:(s: {HospitalOwner, PhoneNumber, HospitalName}, t: {State})]", 0.0), operator: *, right: (1.0, 1.0), result: 0.0})
now error: 0.0
Block processing time: 0.131086 seconds
Computing Block 8 out of 63
Processing Block size=25
begin cleaner{left: ("[FunctionalDependency:(s: {HospitalOwner, PhoneNumber, HospitalName}, t: {State})]", 0.0), operator: *, right: (1.0, 1.0), result: 0.0}
列 'p' 不存在，对列 State 不过滤，直接选择所有非无效值。
clean_bool length:4
newest best op: Uniop(df,'State','al',(['HospitalOwner', 'PhoneNumber', 'HospitalName'], {('proprietary', 3342228466.0, 'andalusia regional hospital')}),{left: ("[FunctionalDependency:(s: {HospitalOwner, PhoneNumber, HospitalName}, t: {State})]", 0.0), operator: *, right: (1.0, 1.0), result: 0.0})
now error: 0.0
Block processing time: 0.08951 seconds
Computing Block 9 out of 63
Processing Block size=25
begin cleaner{left: ("[FunctionalDependency:(s: {HospitalOwner, PhoneNumber, HospitalName}, t: {State})]", 0.0), operator: *, right: (1.0, 1.0), result: 0.0}
列 'p' 不存在，对列 State 不过滤，直接选择所有非无效值。
clean_bool length:4
newest best op: Uniop(df,'State','al',(['HospitalOwner', 'PhoneNumber', 'HospitalName'], {('voluntary non-profit - private', 2053258100.0, 'callahan eye foundation hospital')}),{left: ("[FunctionalDependency:(s: {HospitalOwner, PhoneNumber, HospitalName}, t: {State})]", 0.0), operator: *, right: (1.0, 1.0), result: 0.0})
now error: 0.0
Block processing time: 0.089405 seconds
Computing Block 14 out of 63
Processing Block size=25
begin cleaner{left: ("[FunctionalDependency:(s: {HospitalOwner, PhoneNumber, HospitalName}, t: {State})]", 0.0), operator: *, right: (1.0, 1.0), result: 0.0}
列 'p' 不存在，对列 State 不过滤，直接选择所有非无效值。
clean_bool length:3
newest best op: Uniop(df,'State','al',(['HospitalOwner', 'PhoneNumber', 'HospitalName'], {('proprietary', 2564944000.0, 'gadsden regional medical center')}),{left: ("[FunctionalDependency:(s: {HospitalOwner, PhoneNumber, HospitalName}, t: {State})]", 0.0), operator: *, right: (1.0, 1.0), result: 0.0})
now error: 0.0
Block processing time: 0.066166 seconds
Computing Block 15 out of 63
Processing Block size=24
begin cleaner{left: ("[FunctionalDependency:(s: {HospitalOwner, PhoneNumber, HospitalName}, t: {State})]", 0.0), operator: *, right: (1.0, 1.0), result: 0.0}
列 'p' 不存在，对列 State 不过滤，直接选择所有非无效值。
clean_bool length:5
newest best op: Uniop(df,'State','%al',(['HospitalOwner', 'PhoneNumber', 'HospitalName'], {('voluntary non-profit - private', 3344933541.0, 'mizell memorial hospital')}),{left: ("[FunctionalDependency:(s: {HospitalOwner, PhoneNumber, HospitalName}, t: {State})]", 0.0), operator: *, right: (1.0, 1.0), result: 0.0})
now error: 0.0
newest best op: Uniop(df,'State','al',(['HospitalOwner', 'PhoneNumber', 'HospitalName'], {('voluntary non-profit - private', 3344933541.0, 'mizell memorial hospital')}),{left: ("[FunctionalDependency:(s: {HospitalOwner, PhoneNumber, HospitalName}, t: {State})]", 0.0), operator: *, right: (1.0, 1.0), result: 0.0})
now error: 0.0
Block processing time: 0.108518 seconds
Computing Block 17 out of 63
Processing Block size=11
begin cleaner{left: ("[FunctionalDependency:(s: {HospitalOwner, PhoneNumber, HospitalName}, t: {State})]", 0.0), operator: *, right: (1.0, 1.0), result: 0.0}
列 'p' 不存在，对列 State 不过滤，直接选择所有非无效值。
clean_bool length:4
newest best op: Uniop(df,'State','al',(['HospitalOwner', 'PhoneNumber', 'HospitalName'], {('government - state', 2514717110.0, 'univ of south alabama medical center')}),{left: ("[FunctionalDependency:(s: {HospitalOwner, PhoneNumber, HospitalName}, t: {State})]", 0.0), operator: *, right: (1.0, 1.0), result: 0.0})
now error: 0.0
Block processing time: 0.039752 seconds
Computing Block 20 out of 63
Processing Block size=26
begin cleaner{left: ("[FunctionalDependency:(s: {HospitalOwner, PhoneNumber, HospitalName}, t: {State})]", 0.0), operator: *, right: (1.0, 1.0), result: 0.0}
列 'p' 不存在，对列 State 不过滤，直接选择所有非无效值。
clean_bool length:4
newest best op: Uniop(df,'State','al',(['HospitalOwner', 'PhoneNumber', 'HospitalName'], {('proprietary', 2562358900.0, 'stringfellow memorial hospital')}),{left: ("[FunctionalDependency:(s: {HospitalOwner, PhoneNumber, HospitalName}, t: {State})]", 0.0), operator: *, right: (1.0, 1.0), result: 0.0})
now error: 0.0
Block processing time: 0.093568 seconds
Computing Block 22 out of 63
Processing Block size=18
begin cleaner{left: ("[FunctionalDependency:(s: {HospitalOwner, PhoneNumber, HospitalName}, t: {State})]", 0.0), operator: *, right: (1.0, 1.0), result: 0.0}
列 'p' 不存在，对列 State 不过滤，直接选择所有非无效值。
clean_bool length:3
newest best op: Uniop(df,'State','ak',(['HospitalOwner', 'PhoneNumber', 'HospitalName'], {('proprietary', 9072761131.0, 'alaska regional hospital')}),{left: ("[FunctionalDependency:(s: {HospitalOwner, PhoneNumber, HospitalName}, t: {State})]", 0.0), operator: *, right: (1.0, 1.0), result: 0.0})
now error: 0.0
Block processing time: 0.047674 seconds
Computing Block 24 out of 63
Processing Block size=23
begin cleaner{left: ("[FunctionalDependency:(s: {HospitalOwner, PhoneNumber, HospitalName}, t: {State})]", 0.0), operator: *, right: (1.0, 1.0), result: 0.0}
列 'p' 不存在，对列 State 不过滤，直接选择所有非无效值。
clean_bool length:5
newest best op: Uniop(df,'State','a$l',(['HospitalOwner', 'PhoneNumber', 'HospitalName'], {('voluntary non-profit - private', 3343762205.0, 'georgiana hospital')}),{left: ("[FunctionalDependency:(s: {HospitalOwner, PhoneNumber, HospitalName}, t: {State})]", 0.0), operator: *, right: (1.0, 1.0), result: 0.0})
now error: 0.0
newest best op: Uniop(df,'State','al',(['HospitalOwner', 'PhoneNumber', 'HospitalName'], {('voluntary non-profit - private', 3343762205.0, 'georgiana hospital')}),{left: ("[FunctionalDependency:(s: {HospitalOwner, PhoneNumber, HospitalName}, t: {State})]", 0.0), operator: *, right: (1.0, 1.0), result: 0.0})
now error: 0.0
Block processing time: 0.104148 seconds
Computing Block 25 out of 63
Processing Block size=25
begin cleaner{left: ("[FunctionalDependency:(s: {HospitalOwner, PhoneNumber, HospitalName}, t: {State})]", 0.0), operator: *, right: (1.0, 1.0), result: 0.0}
列 'p' 不存在，对列 State 不过滤，直接选择所有非无效值。
clean_bool length:7
newest best op: Uniop(df,'State','a@@l$',(['HospitalOwner', 'PhoneNumber', 'HospitalName'], {('proprietary', 2054877736.0, 'northwest medical center')}),{left: ("[FunctionalDependency:(s: {HospitalOwner, PhoneNumber, HospitalName}, t: {State})]", 0.0), operator: *, right: (1.0, 1.0), result: 0.0})
now error: 0.0
newest best op: Uniop(df,'State','a??l',(['HospitalOwner', 'PhoneNumber', 'HospitalName'], {('proprietary', 2054877736.0, 'northwest medical center')}),{left: ("[FunctionalDependency:(s: {HospitalOwner, PhoneNumber, HospitalName}, t: {State})]", 0.0), operator: *, right: (1.0, 1.0), result: 0.0})
now error: 0.0
newest best op: Uniop(df,'State','al',(['HospitalOwner', 'PhoneNumber', 'HospitalName'], {('proprietary', 2054877736.0, 'northwest medical center')}),{left: ("[FunctionalDependency:(s: {HospitalOwner, PhoneNumber, HospitalName}, t: {State})]", 0.0), operator: *, right: (1.0, 1.0), result: 0.0})
now error: 0.0
Block processing time: 0.15779 seconds
Computing Block 26 out of 63
Processing Block size=28
begin cleaner{left: ("[FunctionalDependency:(s: {HospitalOwner, PhoneNumber, HospitalName}, t: {State})]", 0.0), operator: *, right: (1.0, 1.0), result: 0.0}
列 'p' 不存在，对列 State 不过滤，直接选择所有非无效值。
clean_bool length:6
newest best op: Uniop(df,'State','a$l',(['HospitalOwner', 'PhoneNumber', 'HospitalName'], {('government - hospital district or authority', 2562651000.0, 'huntsville hospital')}),{left: ("[FunctionalDependency:(s: {HospitalOwner, PhoneNumber, HospitalName}, t: {State})]", 0.0), operator: *, right: (1.0, 1.0), result: 0.0})
now error: 0.0
newest best op: Uniop(df,'State','al',(['HospitalOwner', 'PhoneNumber', 'HospitalName'], {('government - hospital district or authority', 2562651000.0, 'huntsville hospital')}),{left: ("[FunctionalDependency:(s: {HospitalOwner, PhoneNumber, HospitalName}, t: {State})]", 0.0), operator: *, right: (1.0, 1.0), result: 0.0})
now error: 0.0
Block processing time: 0.150462 seconds
Computing Block 27 out of 63
Processing Block size=25
begin cleaner{left: ("[FunctionalDependency:(s: {HospitalOwner, PhoneNumber, HospitalName}, t: {State})]", 0.0), operator: *, right: (1.0, 1.0), result: 0.0}
列 'p' 不存在，对列 State 不过滤，直接选择所有非无效值。
clean_bool length:9
newest best op: Uniop(df,'State','%al',(['HospitalOwner', 'PhoneNumber', 'HospitalName'], {('voluntary non-profit - other', 2059325966.0, 'fayette medical center')}),{left: ("[FunctionalDependency:(s: {HospitalOwner, PhoneNumber, HospitalName}, t: {State})]", 0.0), operator: *, right: (1.0, 1.0), result: 0.0})
now error: 0.0
newest best op: Uniop(df,'State','al',(['HospitalOwner', 'PhoneNumber', 'HospitalName'], {('voluntary non-profit - other', 2059325966.0, 'fayette medical center')}),{left: ("[FunctionalDependency:(s: {HospitalOwner, PhoneNumber, HospitalName}, t: {State})]", 0.0), operator: *, right: (1.0, 1.0), result: 0.0})
now error: 0.0
Block processing time: 0.205643 seconds
Computing Block 28 out of 63
Processing Block size=2
begin cleaner{left: ("[FunctionalDependency:(s: {HospitalOwner, PhoneNumber, HospitalName}, t: {State})]", 0.0), operator: *, right: (1.0, 1.0), result: 0.0}
列 'p' 不存在，对列 State 不过滤，直接选择所有非无效值。
Block processing time: 0.001948 seconds
Computing Block 30 out of 63
Processing Block size=25
begin cleaner{left: ("[FunctionalDependency:(s: {HospitalOwner, PhoneNumber, HospitalName}, t: {State})]", 0.0), operator: *, right: (1.0, 1.0), result: 0.0}
列 'p' 不存在，对列 State 不过滤，直接选择所有非无效值。
clean_bool length:6
newest best op: Uniop(df,'State','al',(['HospitalOwner', 'PhoneNumber', 'HospitalName'], {('voluntary non-profit - private', 2058383122.0, 'st vincents east')}),{left: ("[FunctionalDependency:(s: {HospitalOwner, PhoneNumber, HospitalName}, t: {State})]", 0.0), operator: *, right: (1.0, 1.0), result: 0.0})
now error: 0.0
Block processing time: 0.136326 seconds
Computing Block 31 out of 63
Processing Block size=24
begin cleaner{left: ("[FunctionalDependency:(s: {HospitalOwner, PhoneNumber, HospitalName}, t: {State})]", 0.0), operator: *, right: (1.0, 1.0), result: 0.0}
列 'p' 不存在，对列 State 不过滤，直接选择所有非无效值。
clean_bool length:3
newest best op: Uniop(df,'State','al',(['HospitalOwner', 'PhoneNumber', 'HospitalName'], {('government - federal', 3343353374.0, 'crenshaw community hospital')}),{left: ("[FunctionalDependency:(s: {HospitalOwner, PhoneNumber, HospitalName}, t: {State})]", 0.0), operator: *, right: (1.0, 1.0), result: 0.0})
now error: 0.0
Block processing time: 0.0639 seconds
Computing Block 32 out of 63
Processing Block size=25
begin cleaner{left: ("[FunctionalDependency:(s: {HospitalOwner, PhoneNumber, HospitalName}, t: {State})]", 0.0), operator: *, right: (1.0, 1.0), result: 0.0}
列 'p' 不存在，对列 State 不过滤，直接选择所有非无效值。
clean_bool length:6
newest best op: Uniop(df,'State','a#%l',(['HospitalOwner', 'PhoneNumber', 'HospitalName'], {('voluntary non-profit - other', 3348972257.0, 'elba general hospital')}),{left: ("[FunctionalDependency:(s: {HospitalOwner, PhoneNumber, HospitalName}, t: {State})]", 0.0), operator: *, right: (1.0, 1.0), result: 0.0})
now error: 0.0
newest best op: Uniop(df,'State','a$l',(['HospitalOwner', 'PhoneNumber', 'HospitalName'], {('voluntary non-profit - other', 3348972257.0, 'elba general hospital')}),{left: ("[FunctionalDependency:(s: {HospitalOwner, PhoneNumber, HospitalName}, t: {State})]", 0.0), operator: *, right: (1.0, 1.0), result: 0.0})
now error: 0.0
newest best op: Uniop(df,'State','al',(['HospitalOwner', 'PhoneNumber', 'HospitalName'], {('voluntary non-profit - other', 3348972257.0, 'elba general hospital')}),{left: ("[FunctionalDependency:(s: {HospitalOwner, PhoneNumber, HospitalName}, t: {State})]", 0.0), operator: *, right: (1.0, 1.0), result: 0.0})
now error: 0.0
Block processing time: 0.135612 seconds
Computing Block 33 out of 63
Processing Block size=25
begin cleaner{left: ("[FunctionalDependency:(s: {HospitalOwner, PhoneNumber, HospitalName}, t: {State})]", 0.0), operator: *, right: (1.0, 1.0), result: 0.0}
列 'p' 不存在，对列 State 不过滤，直接选择所有非无效值。
clean_bool length:3
newest best op: Uniop(df,'State','al',(['HospitalOwner', 'PhoneNumber', 'HospitalName'], {('voluntary non-profit - church', 2056208100.0, 'shelby baptist medical center')}),{left: ("[FunctionalDependency:(s: {HospitalOwner, PhoneNumber, HospitalName}, t: {State})]", 0.0), operator: *, right: (1.0, 1.0), result: 0.0})
now error: 0.0
Block processing time: 0.067943 seconds
Computing Block 34 out of 63
Processing Block size=25
begin cleaner{left: ("[FunctionalDependency:(s: {HospitalOwner, PhoneNumber, HospitalName}, t: {State})]", 0.0), operator: *, right: (1.0, 1.0), result: 0.0}
列 'p' 不存在，对列 State 不过滤，直接选择所有非无效值。
clean_bool length:5
newest best op: Uniop(df,'State','al',(['HospitalOwner', 'PhoneNumber', 'HospitalName'], {('voluntary non-profit - church', 3342882100.0, 'baptist medical center south')}),{left: ("[FunctionalDependency:(s: {HospitalOwner, PhoneNumber, HospitalName}, t: {State})]", 0.0), operator: *, right: (1.0, 1.0), result: 0.0})
now error: 0.0
Block processing time: 0.11185 seconds
Computing Block 35 out of 63
Processing Block size=25
begin cleaner{left: ("[FunctionalDependency:(s: {HospitalOwner, PhoneNumber, HospitalName}, t: {State})]", 0.0), operator: *, right: (1.0, 1.0), result: 0.0}
列 'p' 不存在，对列 State 不过滤，直接选择所有非无效值。
clean_bool length:4
newest best op: Uniop(df,'State','#%al',(['HospitalOwner', 'PhoneNumber', 'HospitalName'], {('government - hospital district or authority', 2563864556.0, 'helen keller memorial hospital')}),{left: ("[FunctionalDependency:(s: {HospitalOwner, PhoneNumber, HospitalName}, t: {State})]", 0.0), operator: *, right: (1.0, 1.0), result: 0.0})
now error: 0.0
newest best op: Uniop(df,'State','al',(['HospitalOwner', 'PhoneNumber', 'HospitalName'], {('government - hospital district or authority', 2563864556.0, 'helen keller memorial hospital')}),{left: ("[FunctionalDependency:(s: {HospitalOwner, PhoneNumber, HospitalName}, t: {State})]", 0.0), operator: *, right: (1.0, 1.0), result: 0.0})
now error: 0.0
Block processing time: 0.089414 seconds
Computing Block 36 out of 63
Processing Block size=25
begin cleaner{left: ("[FunctionalDependency:(s: {HospitalOwner, PhoneNumber, HospitalName}, t: {State})]", 0.0), operator: *, right: (1.0, 1.0), result: 0.0}
列 'p' 不存在，对列 State 不过滤，直接选择所有非无效值。
clean_bool length:6
newest best op: Uniop(df,'State','a%l@@',(['HospitalOwner', 'PhoneNumber', 'HospitalName'], {('government - hospital district or authority', 2565938310.0, 'marshall medical center south')}),{left: ("[FunctionalDependency:(s: {HospitalOwner, PhoneNumber, HospitalName}, t: {State})]", 0.0), operator: *, right: (1.0, 1.0), result: 0.0})
now error: 0.0
newest best op: Uniop(df,'State','al',(['HospitalOwner', 'PhoneNumber', 'HospitalName'], {('government - hospital district or authority', 2565938310.0, 'marshall medical center south')}),{left: ("[FunctionalDependency:(s: {HospitalOwner, PhoneNumber, HospitalName}, t: {State})]", 0.0), operator: *, right: (1.0, 1.0), result: 0.0})
now error: 0.0
Block processing time: 0.135267 seconds
Computing Block 37 out of 63
Processing Block size=5
begin cleaner{left: ("[FunctionalDependency:(s: {HospitalOwner, PhoneNumber, HospitalName}, t: {State})]", 0.0), operator: *, right: (1.0, 1.0), result: 0.0}
列 'p' 不存在，对列 State 不过滤，直接选择所有非无效值。
Block processing time: 0.00425 seconds
Computing Block 38 out of 63
Processing Block size=25
begin cleaner{left: ("[FunctionalDependency:(s: {HospitalOwner, PhoneNumber, HospitalName}, t: {State})]", 0.0), operator: *, right: (1.0, 1.0), result: 0.0}
列 'p' 不存在，对列 State 不过滤，直接选择所有非无效值。
clean_bool length:3
newest best op: Uniop(df,'State','al',(['HospitalOwner', 'PhoneNumber', 'HospitalName'], {('voluntary non-profit - private', 3342938000.0, 'jackson hospital & clinic inc')}),{left: ("[FunctionalDependency:(s: {HospitalOwner, PhoneNumber, HospitalName}, t: {State})]", 0.0), operator: *, right: (1.0, 1.0), result: 0.0})
now error: 0.0
Block processing time: 0.065832 seconds
Computing Block 39 out of 63
Processing Block size=25
begin cleaner{left: ("[FunctionalDependency:(s: {HospitalOwner, PhoneNumber, HospitalName}, t: {State})]", 0.0), operator: *, right: (1.0, 1.0), result: 0.0}
列 'p' 不存在，对列 State 不过滤，直接选择所有非无效值。
clean_bool length:5
newest best op: Uniop(df,'State','%al',(['HospitalOwner', 'PhoneNumber', 'HospitalName'], {('voluntary non-profit - private', 2057552500.0, 'chilton medical center')}),{left: ("[FunctionalDependency:(s: {HospitalOwner, PhoneNumber, HospitalName}, t: {State})]", 0.0), operator: *, right: (1.0, 1.0), result: 0.0})
now error: 0.0
newest best op: Uniop(df,'State','al',(['HospitalOwner', 'PhoneNumber', 'HospitalName'], {('voluntary non-profit - private', 2057552500.0, 'chilton medical center')}),{left: ("[FunctionalDependency:(s: {HospitalOwner, PhoneNumber, HospitalName}, t: {State})]", 0.0), operator: *, right: (1.0, 1.0), result: 0.0})
now error: 0.0
Block processing time: 0.112386 seconds
Computing Block 40 out of 63
Processing Block size=25
begin cleaner{left: ("[FunctionalDependency:(s: {HospitalOwner, PhoneNumber, HospitalName}, t: {State})]", 0.0), operator: *, right: (1.0, 1.0), result: 0.0}
列 'p' 不存在，对列 State 不过滤，直接选择所有非无效值。
clean_bool length:3
newest best op: Uniop(df,'State','al',(['HospitalOwner', 'PhoneNumber', 'HospitalName'], {('proprietary', 3343470584.0, 'medical center enterprise')}),{left: ("[FunctionalDependency:(s: {HospitalOwner, PhoneNumber, HospitalName}, t: {State})]", 0.0), operator: *, right: (1.0, 1.0), result: 0.0})
now error: 0.0
Block processing time: 0.066288 seconds
Computing Block 41 out of 63
Processing Block size=24
begin cleaner{left: ("[FunctionalDependency:(s: {HospitalOwner, PhoneNumber, HospitalName}, t: {State})]", 0.0), operator: *, right: (1.0, 1.0), result: 0.0}
列 'p' 不存在，对列 State 不过滤，直接选择所有非无效值。
clean_bool length:5
newest best op: Uniop(df,'State','al',(['HospitalOwner', 'PhoneNumber', 'HospitalName'], {('government - federal', 3346366221.0, 'southwest alabama medical center')}),{left: ("[FunctionalDependency:(s: {HospitalOwner, PhoneNumber, HospitalName}, t: {State})]", 0.0), operator: *, right: (1.0, 1.0), result: 0.0})
now error: 0.0
Block processing time: 0.108226 seconds
Computing Block 42 out of 63
Processing Block size=25
begin cleaner{left: ("[FunctionalDependency:(s: {HospitalOwner, PhoneNumber, HospitalName}, t: {State})]", 0.0), operator: *, right: (1.0, 1.0), result: 0.0}
列 'p' 不存在，对列 State 不过滤，直接选择所有非无效值。
clean_bool length:4
newest best op: Uniop(df,'State','al',(['HospitalOwner', 'PhoneNumber', 'HospitalName'], {('government - hospital district or authority', 2565718000.0, 'marshall medical center north')}),{left: ("[FunctionalDependency:(s: {HospitalOwner, PhoneNumber, HospitalName}, t: {State})]", 0.0), operator: *, right: (1.0, 1.0), result: 0.0})
now error: 0.0
Block processing time: 0.092398 seconds
Computing Block 43 out of 63
Processing Block size=25
begin cleaner{left: ("[FunctionalDependency:(s: {HospitalOwner, PhoneNumber, HospitalName}, t: {State})]", 0.0), operator: *, right: (1.0, 1.0), result: 0.0}
列 'p' 不存在，对列 State 不过滤，直接选择所有非无效值。
clean_bool length:5
newest best op: Uniop(df,'State','??al??',(['HospitalOwner', 'PhoneNumber', 'HospitalName'], {('proprietary', 2567736511.0, 'hartselle medical center')}),{left: ("[FunctionalDependency:(s: {HospitalOwner, PhoneNumber, HospitalName}, t: {State})]", 0.0), operator: *, right: (1.0, 1.0), result: 0.0})
now error: 0.0
newest best op: Uniop(df,'State','al',(['HospitalOwner', 'PhoneNumber', 'HospitalName'], {('proprietary', 2567736511.0, 'hartselle medical center')}),{left: ("[FunctionalDependency:(s: {HospitalOwner, PhoneNumber, HospitalName}, t: {State})]", 0.0), operator: *, right: (1.0, 1.0), result: 0.0})
now error: 0.0
Block processing time: 0.113358 seconds
Computing Block 44 out of 63
Processing Block size=25
begin cleaner{left: ("[FunctionalDependency:(s: {HospitalOwner, PhoneNumber, HospitalName}, t: {State})]", 0.0), operator: *, right: (1.0, 1.0), result: 0.0}
列 'p' 不存在，对列 State 不过滤，直接选择所有非无效值。
clean_bool length:5
newest best op: Uniop(df,'State','a#$l',(['HospitalOwner', 'PhoneNumber', 'HospitalName'], {('voluntary non-profit - other', 3347561400.0, 'g h lanier memorial hospital')}),{left: ("[FunctionalDependency:(s: {HospitalOwner, PhoneNumber, HospitalName}, t: {State})]", 0.0), operator: *, right: (1.0, 1.0), result: 0.0})
now error: 0.0
newest best op: Uniop(df,'State','al',(['HospitalOwner', 'PhoneNumber', 'HospitalName'], {('voluntary non-profit - other', 3347561400.0, 'g h lanier memorial hospital')}),{left: ("[FunctionalDependency:(s: {HospitalOwner, PhoneNumber, HospitalName}, t: {State})]", 0.0), operator: *, right: (1.0, 1.0), result: 0.0})
now error: 0.0
Block processing time: 0.112422 seconds
Computing Block 45 out of 63
Processing Block size=25
begin cleaner{left: ("[FunctionalDependency:(s: {HospitalOwner, PhoneNumber, HospitalName}, t: {State})]", 0.0), operator: *, right: (1.0, 1.0), result: 0.0}
列 'p' 不存在，对列 State 不过滤，直接选择所有非无效值。
clean_bool length:3
newest best op: Uniop(df,'State','al',(['HospitalOwner', 'PhoneNumber', 'HospitalName'], {('voluntary non-profit - private', 3342836541.0, 'community hospital inc')}),{left: ("[FunctionalDependency:(s: {HospitalOwner, PhoneNumber, HospitalName}, t: {State})]", 0.0), operator: *, right: (1.0, 1.0), result: 0.0})
now error: 0.0
Block processing time: 0.065941 seconds
Computing Block 46 out of 63
Processing Block size=25
begin cleaner{left: ("[FunctionalDependency:(s: {HospitalOwner, PhoneNumber, HospitalName}, t: {State})]", 0.0), operator: *, right: (1.0, 1.0), result: 0.0}
列 'p' 不存在，对列 State 不过滤，直接选择所有非无效值。
clean_bool length:7
newest best op: Uniop(df,'State','a$l',(['HospitalOwner', 'PhoneNumber', 'HospitalName'], {('voluntary non-profit - private', 2059216200.0, 'marion regional medical center')}),{left: ("[FunctionalDependency:(s: {HospitalOwner, PhoneNumber, HospitalName}, t: {State})]", 0.0), operator: *, right: (1.0, 1.0), result: 0.0})
now error: 0.0
newest best op: Uniop(df,'State','al',(['HospitalOwner', 'PhoneNumber', 'HospitalName'], {('voluntary non-profit - private', 2059216200.0, 'marion regional medical center')}),{left: ("[FunctionalDependency:(s: {HospitalOwner, PhoneNumber, HospitalName}, t: {State})]", 0.0), operator: *, right: (1.0, 1.0), result: 0.0})
now error: 0.0
Block processing time: 0.157416 seconds
Computing Block 49 out of 63
Processing Block size=24
begin cleaner{left: ("[FunctionalDependency:(s: {HospitalOwner, PhoneNumber, HospitalName}, t: {State})]", 0.0), operator: *, right: (1.0, 1.0), result: 0.0}
列 'p' 不存在，对列 State 不过滤，直接选择所有非无效值。
clean_bool length:4
newest best op: Uniop(df,'State','al',(['HospitalOwner', 'PhoneNumber', 'HospitalName'], {('government - hospital district or authority', 3347493411.0, 'east alabama medical center and snf')}),{left: ("[FunctionalDependency:(s: {HospitalOwner, PhoneNumber, HospitalName}, t: {State})]", 0.0), operator: *, right: (1.0, 1.0), result: 0.0})
now error: 0.0
Block processing time: 0.088299 seconds
Computing Block 50 out of 63
Processing Block size=19
begin cleaner{left: ("[FunctionalDependency:(s: {HospitalOwner, PhoneNumber, HospitalName}, t: {State})]", 0.0), operator: *, right: (1.0, 1.0), result: 0.0}
列 'p' 不存在，对列 State 不过滤，直接选择所有非无效值。
clean_bool length:5
newest best op: Uniop(df,'State','a$l',(['HospitalOwner', 'PhoneNumber', 'HospitalName'], {('voluntary non-profit - private', 3343614267.0, 'prattville baptist hospital')}),{left: ("[FunctionalDependency:(s: {HospitalOwner, PhoneNumber, HospitalName}, t: {State})]", 0.0), operator: *, right: (1.0, 1.0), result: 0.0})
now error: 0.0
newest best op: Uniop(df,'State','al',(['HospitalOwner', 'PhoneNumber', 'HospitalName'], {('voluntary non-profit - private', 3343614267.0, 'prattville baptist hospital')}),{left: ("[FunctionalDependency:(s: {HospitalOwner, PhoneNumber, HospitalName}, t: {State})]", 0.0), operator: *, right: (1.0, 1.0), result: 0.0})
now error: 0.0
Block processing time: 0.085736 seconds
Computing Block 51 out of 63
Processing Block size=28
begin cleaner{left: ("[FunctionalDependency:(s: {HospitalOwner, PhoneNumber, HospitalName}, t: {State})]", 0.0), operator: *, right: (1.0, 1.0), result: 0.0}
列 'p' 不存在，对列 State 不过滤，直接选择所有非无效值。
clean_bool length:4
newest best op: Uniop(df,'State','#@@al',(['HospitalOwner', 'PhoneNumber', 'HospitalName'], {('proprietary', 2565435200.0, 'riverview regional medical center')}),{left: ("[FunctionalDependency:(s: {HospitalOwner, PhoneNumber, HospitalName}, t: {State})]", 0.0), operator: *, right: (1.0, 1.0), result: 0.0})
now error: 0.0
newest best op: Uniop(df,'State','al',(['HospitalOwner', 'PhoneNumber', 'HospitalName'], {('proprietary', 2565435200.0, 'riverview regional medical center')}),{left: ("[FunctionalDependency:(s: {HospitalOwner, PhoneNumber, HospitalName}, t: {State})]", 0.0), operator: *, right: (1.0, 1.0), result: 0.0})
now error: 0.0
Block processing time: 0.100696 seconds
Computing Block 52 out of 63
Processing Block size=25
begin cleaner{left: ("[FunctionalDependency:(s: {HospitalOwner, PhoneNumber, HospitalName}, t: {State})]", 0.0), operator: *, right: (1.0, 1.0), result: 0.0}
列 'p' 不存在，对列 State 不过滤，直接选择所有非无效值。
clean_bool length:5
newest best op: Uniop(df,'State','a%%l',(['HospitalOwner', 'PhoneNumber', 'HospitalName'], {('voluntary non-profit - other', 2567688400.0, 'eliza coffee memorial hospital')}),{left: ("[FunctionalDependency:(s: {HospitalOwner, PhoneNumber, HospitalName}, t: {State})]", 0.0), operator: *, right: (1.0, 1.0), result: 0.0})
now error: 0.0
newest best op: Uniop(df,'State','al',(['HospitalOwner', 'PhoneNumber', 'HospitalName'], {('voluntary non-profit - other', 2567688400.0, 'eliza coffee memorial hospital')}),{left: ("[FunctionalDependency:(s: {HospitalOwner, PhoneNumber, HospitalName}, t: {State})]", 0.0), operator: *, right: (1.0, 1.0), result: 0.0})
now error: 0.0
Block processing time: 0.111503 seconds
Computing Block 55 out of 63
Processing Block size=20
begin cleaner{left: ("[FunctionalDependency:(s: {HospitalOwner, PhoneNumber, HospitalName}, t: {State})]", 0.0), operator: *, right: (1.0, 1.0), result: 0.0}
列 'p' 不存在，对列 State 不过滤，直接选择所有非无效值。
clean_bool length:5
newest best op: Uniop(df,'State','al??%',(['HospitalOwner', 'PhoneNumber', 'HospitalName'], {('voluntary non-profit - private', 2052743000.0, 'st vincents blount')}),{left: ("[FunctionalDependency:(s: {HospitalOwner, PhoneNumber, HospitalName}, t: {State})]", 0.0), operator: *, right: (1.0, 1.0), result: 0.0})
now error: 0.0
newest best op: Uniop(df,'State','a$l',(['HospitalOwner', 'PhoneNumber', 'HospitalName'], {('voluntary non-profit - private', 2052743000.0, 'st vincents blount')}),{left: ("[FunctionalDependency:(s: {HospitalOwner, PhoneNumber, HospitalName}, t: {State})]", 0.0), operator: *, right: (1.0, 1.0), result: 0.0})
now error: 0.0
newest best op: Uniop(df,'State','al',(['HospitalOwner', 'PhoneNumber', 'HospitalName'], {('voluntary non-profit - private', 2052743000.0, 'st vincents blount')}),{left: ("[FunctionalDependency:(s: {HospitalOwner, PhoneNumber, HospitalName}, t: {State})]", 0.0), operator: *, right: (1.0, 1.0), result: 0.0})
now error: 0.0
Block processing time: 0.089901 seconds
Computing Block 56 out of 63
Processing Block size=25
begin cleaner{left: ("[FunctionalDependency:(s: {HospitalOwner, PhoneNumber, HospitalName}, t: {State})]", 0.0), operator: *, right: (1.0, 1.0), result: 0.0}
列 'p' 不存在，对列 State 不过滤，直接选择所有非无效值。
clean_bool length:4
newest best op: Uniop(df,'State','al',(['HospitalOwner', 'PhoneNumber', 'HospitalName'], {('government - state', 2059344011.0, 'university of alabama hospital')}),{left: ("[FunctionalDependency:(s: {HospitalOwner, PhoneNumber, HospitalName}, t: {State})]", 0.0), operator: *, right: (1.0, 1.0), result: 0.0})
now error: 0.0
Block processing time: 0.089906 seconds
Computing Block 57 out of 63
Processing Block size=17
begin cleaner{left: ("[FunctionalDependency:(s: {HospitalOwner, PhoneNumber, HospitalName}, t: {State})]", 0.0), operator: *, right: (1.0, 1.0), result: 0.0}
列 'p' 不存在，对列 State 不过滤，直接选择所有非无效值。
clean_bool length:3
newest best op: Uniop(df,'State','al%%',(['HospitalOwner', 'PhoneNumber', 'HospitalName'], {('voluntary non-profit - other', 2562495000.0, 'coosa valley medical center')}),{left: ("[FunctionalDependency:(s: {HospitalOwner, PhoneNumber, HospitalName}, t: {State})]", 0.0), operator: *, right: (1.0, 1.0), result: 0.0})
now error: 0.0
newest best op: Uniop(df,'State','al',(['HospitalOwner', 'PhoneNumber', 'HospitalName'], {('voluntary non-profit - other', 2562495000.0, 'coosa valley medical center')}),{left: ("[FunctionalDependency:(s: {HospitalOwner, PhoneNumber, HospitalName}, t: {State})]", 0.0), operator: *, right: (1.0, 1.0), result: 0.0})
now error: 0.0
Block processing time: 0.045884 seconds
Computing Block 60 out of 63
Processing Block size=22
begin cleaner{left: ("[FunctionalDependency:(s: {HospitalOwner, PhoneNumber, HospitalName}, t: {State})]", 0.0), operator: *, right: (1.0, 1.0), result: 0.0}
列 'p' 不存在，对列 State 不过滤，直接选择所有非无效值。
clean_bool length:3
newest best op: Uniop(df,'State','al',(['HospitalOwner', 'PhoneNumber', 'HospitalName'], {('voluntary non-profit - church', 2568453150.0, 'dekalb regional medical center')}),{left: ("[FunctionalDependency:(s: {HospitalOwner, PhoneNumber, HospitalName}, t: {State})]", 0.0), operator: *, right: (1.0, 1.0), result: 0.0})
now error: 0.0
Block processing time: 0.058387 seconds
Computing Block 61 out of 63
Processing Block size=24
begin cleaner{left: ("[FunctionalDependency:(s: {HospitalOwner, PhoneNumber, HospitalName}, t: {State})]", 0.0), operator: *, right: (1.0, 1.0), result: 0.0}
列 'p' 不存在，对列 State 不过滤，直接选择所有非无效值。
clean_bool length:5
newest best op: Uniop(df,'State','a$l',(['HospitalOwner', 'PhoneNumber', 'HospitalName'], {('government - hospital district or authority', 3347742601.0, 'dale medical center')}),{left: ("[FunctionalDependency:(s: {HospitalOwner, PhoneNumber, HospitalName}, t: {State})]", 0.0), operator: *, right: (1.0, 1.0), result: 0.0})
now error: 0.0
newest best op: Uniop(df,'State','al',(['HospitalOwner', 'PhoneNumber', 'HospitalName'], {('government - hospital district or authority', 3347742601.0, 'dale medical center')}),{left: ("[FunctionalDependency:(s: {HospitalOwner, PhoneNumber, HospitalName}, t: {State})]", 0.0), operator: *, right: (1.0, 1.0), result: 0.0})
now error: 0.0
Block processing time: 0.109047 seconds
Computing Block 63 out of 63
Processing Block size=25
begin cleaner{left: ("[FunctionalDependency:(s: {HospitalOwner, PhoneNumber, HospitalName}, t: {State})]", 0.0), operator: *, right: (1.0, 1.0), result: 0.0}
列 'p' 不存在，对列 State 不过滤，直接选择所有非无效值。
clean_bool length:4
newest best op: Uniop(df,'State','al',(['HospitalOwner', 'PhoneNumber', 'HospitalName'], {('government - local', 2563572111.0, 'wedowee hospital')}),{left: ("[FunctionalDependency:(s: {HospitalOwner, PhoneNumber, HospitalName}, t: {State})]", 0.0), operator: *, right: (1.0, 1.0), result: 0.0})
now error: 0.0
Block processing time: 0.089247 seconds
  当前节点: State 有 42 个清洗操作
  当前节点: CountyName 存在可用清洗信号
数据块大小: 1000
分块属性:
[['City']]
Starting initial block mapping...
Initial number of blocks: 44
Final number of blocks after further splitting: 44
Computing Block 1 out of 44
Processing Block size=2
begin cleaner[FunctionalDependency:(s: {'City'}, t: {'CountyName'})]*1.0
列 'p' 不存在，对列 CountyName 不过滤，直接选择所有非无效值。
clean_bool length:3
newest best op: Uniop(df,'CountyName','@@#bethel',(['City'], {('b$ethel',)}),{left: ("[FunctionalDependency:(s: {City}, t: {CountyName})]", 0.0), operator: *, right: (1.0, 1.0), result: 0.0})
now error: 0.0
Block processing time: 0.005556 seconds
Computing Block 2 out of 44
Processing Block size=25
begin cleaner{left: ("[FunctionalDependency:(s: {City}, t: {CountyName})]", 0.0), operator: *, right: (1.0, 1.0), result: 0.0}
列 'p' 不存在，对列 CountyName 不过滤，直接选择所有非无效值。
clean_bool length:4
newest best op: Uniop(df,'CountyName','cul$lm$an',(['City'], {('cullman',)}),{left: ("[FunctionalDependency:(s: {City}, t: {CountyName})]", 0.0), operator: *, right: (1.0, 1.0), result: 0.0})
now error: 0.0
newest best op: Uniop(df,'CountyName','cullman',(['City'], {('cullman',)}),{left: ("[FunctionalDependency:(s: {City}, t: {CountyName})]", 0.0), operator: *, right: (1.0, 1.0), result: 0.0})
now error: 0.0
Block processing time: 0.070451 seconds
Computing Block 3 out of 44
Processing Block size=25
begin cleaner{left: ("[FunctionalDependency:(s: {City}, t: {CountyName})]", 0.0), operator: *, right: (1.0, 1.0), result: 0.0}
列 'p' 不存在，对列 CountyName 不过滤，直接选择所有非无效值。
clean_bool length:3
newest best op: Uniop(df,'CountyName','covington',(['City'], {('opp',)}),{left: ("[FunctionalDependency:(s: {City}, t: {CountyName})]", 0.0), operator: *, right: (1.0, 1.0), result: 0.0})
now error: 0.0
Block processing time: 0.053491 seconds
Computing Block 5 out of 44
Processing Block size=20
begin cleaner{left: ("[FunctionalDependency:(s: {City}, t: {CountyName})]", 0.0), operator: *, right: (1.0, 1.0), result: 0.0}
列 'p' 不存在，对列 CountyName 不过滤，直接选择所有非无效值。
clean_bool length:4
newest best op: Uniop(df,'CountyName','??%autauga',(['City'], {('prattville',)}),{left: ("[FunctionalDependency:(s: {City}, t: {CountyName})]", 0.0), operator: *, right: (1.0, 1.0), result: 0.0})
now error: 0.0
newest best op: Uniop(df,'CountyName','autauga',(['City'], {('prattville',)}),{left: ("[FunctionalDependency:(s: {City}, t: {CountyName})]", 0.0), operator: *, right: (1.0, 1.0), result: 0.0})
now error: 0.0
Block processing time: 0.059427 seconds
Computing Block 7 out of 44
Processing Block size=25
begin cleaner{left: ("[FunctionalDependency:(s: {City}, t: {CountyName})]", 0.0), operator: *, right: (1.0, 1.0), result: 0.0}
列 'p' 不存在，对列 CountyName 不过滤，直接选择所有非无效值。
clean_bool length:5
newest best op: Uniop(df,'CountyName','co??vingt#on',(['City'], {('andalusia',)}),{left: ("[FunctionalDependency:(s: {City}, t: {CountyName})]", 0.0), operator: *, right: (1.0, 1.0), result: 0.0})
now error: 0.0
newest best op: Uniop(df,'CountyName','covington$',(['City'], {('andalusia',)}),{left: ("[FunctionalDependency:(s: {City}, t: {CountyName})]", 0.0), operator: *, right: (1.0, 1.0), result: 0.0})
now error: 0.0
newest best op: Uniop(df,'CountyName','covington',(['City'], {('andalusia',)}),{left: ("[FunctionalDependency:(s: {City}, t: {CountyName})]", 0.0), operator: *, right: (1.0, 1.0), result: 0.0})
now error: 0.0
Block processing time: 0.091159 seconds
Computing Block 11 out of 44
Processing Block size=18
begin cleaner{left: ("[FunctionalDependency:(s: {City}, t: {CountyName})]", 0.0), operator: *, right: (1.0, 1.0), result: 0.0}
列 'p' 不存在，对列 CountyName 不过滤，直接选择所有非无效值。
clean_bool length:2
newest best op: Uniop(df,'CountyName','anchorage',(['City'], {('anchorage',)}),{left: ("[FunctionalDependency:(s: {City}, t: {CountyName})]", 0.0), operator: *, right: (1.0, 1.0), result: 0.0})
now error: 0.0
Block processing time: 0.025815 seconds
Computing Block 12 out of 44
Processing Block size=25
begin cleaner{left: ("[FunctionalDependency:(s: {City}, t: {CountyName})]", 0.0), operator: *, right: (1.0, 1.0), result: 0.0}
列 'p' 不存在，对列 CountyName 不过滤，直接选择所有非无效值。
clean_bool length:4
newest best op: Uniop(df,'CountyName','mari@@on',(['City'], {('winfield',)}),{left: ("[FunctionalDependency:(s: {City}, t: {CountyName})]", 0.0), operator: *, right: (1.0, 1.0), result: 0.0})
now error: 0.0
newest best op: Uniop(df,'CountyName','marion',(['City'], {('winfield',)}),{left: ("[FunctionalDependency:(s: {City}, t: {CountyName})]", 0.0), operator: *, right: (1.0, 1.0), result: 0.0})
now error: 0.0
Block processing time: 0.071661 seconds
Computing Block 13 out of 44
Processing Block size=28
begin cleaner{left: ("[FunctionalDependency:(s: {City}, t: {CountyName})]", 0.0), operator: *, right: (1.0, 1.0), result: 0.0}
列 'p' 不存在，对列 CountyName 不过滤，直接选择所有非无效值。
clean_bool length:7
newest best op: Uniop(df,'CountyName','m??a#dison',(['City'], {('huntsville',)}),{left: ("[FunctionalDependency:(s: {City}, t: {CountyName})]", 0.0), operator: *, right: (1.0, 1.0), result: 0.0})
now error: 0.0
newest best op: Uniop(df,'CountyName','ma%dison%',(['City'], {('huntsville',)}),{left: ("[FunctionalDependency:(s: {City}, t: {CountyName})]", 0.0), operator: *, right: (1.0, 1.0), result: 0.0})
now error: 0.0
newest best op: Uniop(df,'CountyName','m$#adison',(['City'], {('huntsville',)}),{left: ("[FunctionalDependency:(s: {City}, t: {CountyName})]", 0.0), operator: *, right: (1.0, 1.0), result: 0.0})
now error: 0.0
newest best op: Uniop(df,'CountyName','madiso#n',(['City'], {('huntsville',)}),{left: ("[FunctionalDependency:(s: {City}, t: {CountyName})]", 0.0), operator: *, right: (1.0, 1.0), result: 0.0})
now error: 0.0
newest best op: Uniop(df,'CountyName','madison',(['City'], {('huntsville',)}),{left: ("[FunctionalDependency:(s: {City}, t: {CountyName})]", 0.0), operator: *, right: (1.0, 1.0), result: 0.0})
now error: 0.0
Block processing time: 0.141562 seconds
Computing Block 14 out of 44
Processing Block size=25
begin cleaner{left: ("[FunctionalDependency:(s: {City}, t: {CountyName})]", 0.0), operator: *, right: (1.0, 1.0), result: 0.0}
列 'p' 不存在，对列 CountyName 不过滤，直接选择所有非无效值。
clean_bool length:4
newest best op: Uniop(df,'CountyName','fayette',(['City'], {('fayette',)}),{left: ("[FunctionalDependency:(s: {City}, t: {CountyName})]", 0.0), operator: *, right: (1.0, 1.0), result: 0.0})
now error: 0.0
Block processing time: 0.072462 seconds
Computing Block 15 out of 44
Processing Block size=28
begin cleaner{left: ("[FunctionalDependency:(s: {City}, t: {CountyName})]", 0.0), operator: *, right: (1.0, 1.0), result: 0.0}
列 'p' 不存在，对列 CountyName 不过滤，直接选择所有非无效值。
clean_bool length:7
newest best op: Uniop(df,'CountyName','calho??un',(['City'], {('anniston',)}),{left: ("[FunctionalDependency:(s: {City}, t: {CountyName})]", 0.0), operator: *, right: (1.0, 1.0), result: 0.0})
now error: 0.0
newest best op: Uniop(df,'CountyName','calh$oun',(['City'], {('anniston',)}),{left: ("[FunctionalDependency:(s: {City}, t: {CountyName})]", 0.0), operator: *, right: (1.0, 1.0), result: 0.0})
now error: 0.0
newest best op: Uniop(df,'CountyName','calhoun',(['City'], {('anniston',)}),{left: ("[FunctionalDependency:(s: {City}, t: {CountyName})]", 0.0), operator: *, right: (1.0, 1.0), result: 0.0})
now error: 0.0
Block processing time: 0.146136 seconds
Computing Block 16 out of 44
Processing Block size=50
begin cleaner{left: ("[FunctionalDependency:(s: {City}, t: {CountyName})]", 0.0), operator: *, right: (1.0, 1.0), result: 0.0}
列 'p' 不存在，对列 CountyName 不过滤，直接选择所有非无效值。
clean_bool length:8
newest best op: Uniop(df,'CountyName','montgo@@mer#y',(['City'], {('montgomery',)}),{left: ("[FunctionalDependency:(s: {City}, t: {CountyName})]", 0.0), operator: *, right: (1.0, 1.0), result: 0.0})
now error: 0.0
newest best op: Uniop(df,'CountyName','montgom#ery',(['City'], {('montgomery',)}),{left: ("[FunctionalDependency:(s: {City}, t: {CountyName})]", 0.0), operator: *, right: (1.0, 1.0), result: 0.0})
now error: 0.0
newest best op: Uniop(df,'CountyName','montgomery',(['City'], {('montgomery',)}),{left: ("[FunctionalDependency:(s: {City}, t: {CountyName})]", 0.0), operator: *, right: (1.0, 1.0), result: 0.0})
now error: 0.0
Block processing time: 0.291178 seconds
Computing Block 17 out of 44
Processing Block size=2
begin cleaner{left: ("[FunctionalDependency:(s: {City}, t: {CountyName})]", 0.0), operator: *, right: (1.0, 1.0), result: 0.0}
列 'p' 不存在，对列 CountyName 不过滤，直接选择所有非无效值。
Block processing time: 0.001651 seconds
Computing Block 18 out of 44
Processing Block size=24
begin cleaner{left: ("[FunctionalDependency:(s: {City}, t: {CountyName})]", 0.0), operator: *, right: (1.0, 1.0), result: 0.0}
列 'p' 不存在，对列 CountyName 不过滤，直接选择所有非无效值。
clean_bool length:2
newest best op: Uniop(df,'CountyName','butler',(['City'], {('georgiana',)}),{left: ("[FunctionalDependency:(s: {City}, t: {CountyName})]", 0.0), operator: *, right: (1.0, 1.0), result: 0.0})
now error: 0.0
Block processing time: 0.033373 seconds
Computing Block 19 out of 44
Processing Block size=25
begin cleaner{left: ("[FunctionalDependency:(s: {City}, t: {CountyName})]", 0.0), operator: *, right: (1.0, 1.0), result: 0.0}
列 'p' 不存在，对列 CountyName 不过滤，直接选择所有非无效值。
clean_bool length:3
newest best op: Uniop(df,'CountyName','coffee',(['City'], {('elba',)}),{left: ("[FunctionalDependency:(s: {City}, t: {CountyName})]", 0.0), operator: *, right: (1.0, 1.0), result: 0.0})
now error: 0.0
Block processing time: 0.052941 seconds
Computing Block 20 out of 44
Processing Block size=25
begin cleaner{left: ("[FunctionalDependency:(s: {City}, t: {CountyName})]", 0.0), operator: *, right: (1.0, 1.0), result: 0.0}
列 'p' 不存在，对列 CountyName 不过滤，直接选择所有非无效值。
clean_bool length:5
newest best op: Uniop(df,'CountyName','sh@@elby',(['City'], {('alabaster',)}),{left: ("[FunctionalDependency:(s: {City}, t: {CountyName})]", 0.0), operator: *, right: (1.0, 1.0), result: 0.0})
now error: 0.0
newest best op: Uniop(df,'CountyName','shelb$y',(['City'], {('alabaster',)}),{left: ("[FunctionalDependency:(s: {City}, t: {CountyName})]", 0.0), operator: *, right: (1.0, 1.0), result: 0.0})
now error: 0.0
newest best op: Uniop(df,'CountyName','shelby',(['City'], {('alabaster',)}),{left: ("[FunctionalDependency:(s: {City}, t: {CountyName})]", 0.0), operator: *, right: (1.0, 1.0), result: 0.0})
now error: 0.0
Block processing time: 0.090372 seconds
Computing Block 21 out of 44
Processing Block size=53
begin cleaner{left: ("[FunctionalDependency:(s: {City}, t: {CountyName})]", 0.0), operator: *, right: (1.0, 1.0), result: 0.0}
列 'p' 不存在，对列 CountyName 不过滤，直接选择所有非无效值。
clean_bool length:5
newest best op: Uniop(df,'CountyName','etow%ah',(['City'], {('gadsden',)}),{left: ("[FunctionalDependency:(s: {City}, t: {CountyName})]", 0.0), operator: *, right: (1.0, 1.0), result: 0.0})
now error: 0.0
newest best op: Uniop(df,'CountyName','etowah',(['City'], {('gadsden',)}),{left: ("[FunctionalDependency:(s: {City}, t: {CountyName})]", 0.0), operator: *, right: (1.0, 1.0), result: 0.0})
now error: 0.0
Block processing time: 0.192269 seconds
Computing Block 22 out of 44
Processing Block size=25
begin cleaner{left: ("[FunctionalDependency:(s: {City}, t: {CountyName})]", 0.0), operator: *, right: (1.0, 1.0), result: 0.0}
列 'p' 不存在，对列 CountyName 不过滤，直接选择所有非无效值。
clean_bool length:4
newest best op: Uniop(df,'CountyName','jeffe%#rson',(['City'], {('sheffield',)}),{left: ("[FunctionalDependency:(s: {City}, t: {CountyName})]", 0.0), operator: *, right: (1.0, 1.0), result: 0.0})
now error: 0.0
newest best op: Uniop(df,'CountyName','jefferson',(['City'], {('sheffield',)}),{left: ("[FunctionalDependency:(s: {City}, t: {CountyName})]", 0.0), operator: *, right: (1.0, 1.0), result: 0.0})
now error: 0.0
Block processing time: 0.072575 seconds
Computing Block 23 out of 44
Processing Block size=25
begin cleaner{left: ("[FunctionalDependency:(s: {City}, t: {CountyName})]", 0.0), operator: *, right: (1.0, 1.0), result: 0.0}
列 'p' 不存在，对列 CountyName 不过滤，直接选择所有非无效值。
clean_bool length:5
newest best op: Uniop(df,'CountyName','ma$rshall??',(['City'], {('boaz',)}),{left: ("[FunctionalDependency:(s: {City}, t: {CountyName})]", 0.0), operator: *, right: (1.0, 1.0), result: 0.0})
now error: 0.0
newest best op: Uniop(df,'CountyName','marshall',(['City'], {('boaz',)}),{left: ("[FunctionalDependency:(s: {City}, t: {CountyName})]", 0.0), operator: *, right: (1.0, 1.0), result: 0.0})
now error: 0.0
Block processing time: 0.089603 seconds
Computing Block 24 out of 44
Processing Block size=25
begin cleaner{left: ("[FunctionalDependency:(s: {City}, t: {CountyName})]", 0.0), operator: *, right: (1.0, 1.0), result: 0.0}
列 'p' 不存在，对列 CountyName 不过滤，直接选择所有非无效值。
clean_bool length:5
newest best op: Uniop(df,'CountyName','ch??erokee',(['City'], {('centre',)}),{left: ("[FunctionalDependency:(s: {City}, t: {CountyName})]", 0.0), operator: *, right: (1.0, 1.0), result: 0.0})
now error: 0.0
newest best op: Uniop(df,'CountyName','cherokee',(['City'], {('centre',)}),{left: ("[FunctionalDependency:(s: {City}, t: {CountyName})]", 0.0), operator: *, right: (1.0, 1.0), result: 0.0})
now error: 0.0
Block processing time: 0.089682 seconds
Computing Block 25 out of 44
Processing Block size=42
begin cleaner{left: ("[FunctionalDependency:(s: {City}, t: {CountyName})]", 0.0), operator: *, right: (1.0, 1.0), result: 0.0}
列 'p' 不存在，对列 CountyName 不过滤，直接选择所有非无效值。
clean_bool length:5
newest best op: Uniop(df,'CountyName','h#ouston',(['City'], {('dothan',)}),{left: ("[FunctionalDependency:(s: {City}, t: {CountyName})]", 0.0), operator: *, right: (1.0, 1.0), result: 0.0})
now error: 0.0
newest best op: Uniop(df,'CountyName','houston',(['City'], {('dothan',)}),{left: ("[FunctionalDependency:(s: {City}, t: {CountyName})]", 0.0), operator: *, right: (1.0, 1.0), result: 0.0})
now error: 0.0
Block processing time: 0.153327 seconds
Computing Block 26 out of 44
Processing Block size=25
begin cleaner{left: ("[FunctionalDependency:(s: {City}, t: {CountyName})]", 0.0), operator: *, right: (1.0, 1.0), result: 0.0}
列 'p' 不存在，对列 CountyName 不过滤，直接选择所有非无效值。
clean_bool length:5
newest best op: Uniop(df,'CountyName','c%re#nshaw',(['City'], {('luverne',)}),{left: ("[FunctionalDependency:(s: {City}, t: {CountyName})]", 0.0), operator: *, right: (1.0, 1.0), result: 0.0})
now error: 0.0
newest best op: Uniop(df,'CountyName','c$renshaw',(['City'], {('luverne',)}),{left: ("[FunctionalDependency:(s: {City}, t: {CountyName})]", 0.0), operator: *, right: (1.0, 1.0), result: 0.0})
now error: 0.0
newest best op: Uniop(df,'CountyName','crenshaw',(['City'], {('luverne',)}),{left: ("[FunctionalDependency:(s: {City}, t: {CountyName})]", 0.0), operator: *, right: (1.0, 1.0), result: 0.0})
now error: 0.0
Block processing time: 0.089922 seconds
Computing Block 27 out of 44
Processing Block size=25
begin cleaner{left: ("[FunctionalDependency:(s: {City}, t: {CountyName})]", 0.0), operator: *, right: (1.0, 1.0), result: 0.0}
列 'p' 不存在，对列 CountyName 不过滤，直接选择所有非无效值。
clean_bool length:7
newest best op: Uniop(df,'CountyName','chilton',(['City'], {('clanton',)}),{left: ("[FunctionalDependency:(s: {City}, t: {CountyName})]", 0.0), operator: *, right: (1.0, 1.0), result: 0.0})
now error: 0.0
Block processing time: 0.126949 seconds
Computing Block 28 out of 44
Processing Block size=25
begin cleaner{left: ("[FunctionalDependency:(s: {City}, t: {CountyName})]", 0.0), operator: *, right: (1.0, 1.0), result: 0.0}
列 'p' 不存在，对列 CountyName 不过滤，直接选择所有非无效值。
clean_bool length:4
newest best op: Uniop(df,'CountyName','coffee',(['City'], {('enterprise',)}),{left: ("[FunctionalDependency:(s: {City}, t: {CountyName})]", 0.0), operator: *, right: (1.0, 1.0), result: 0.0})
now error: 0.0
Block processing time: 0.071063 seconds
Computing Block 29 out of 44
Processing Block size=24
begin cleaner{left: ("[FunctionalDependency:(s: {City}, t: {CountyName})]", 0.0), operator: *, right: (1.0, 1.0), result: 0.0}
列 'p' 不存在，对列 CountyName 不过滤，直接选择所有非无效值。
clean_bool length:4
newest best op: Uniop(df,'CountyName','clarke',(['City'], {('thomasville',)}),{left: ("[FunctionalDependency:(s: {City}, t: {CountyName})]", 0.0), operator: *, right: (1.0, 1.0), result: 0.0})
now error: 0.0
Block processing time: 0.068512 seconds
Computing Block 30 out of 44
Processing Block size=25
begin cleaner{left: ("[FunctionalDependency:(s: {City}, t: {CountyName})]", 0.0), operator: *, right: (1.0, 1.0), result: 0.0}
列 'p' 不存在，对列 CountyName 不过滤，直接选择所有非无效值。
clean_bool length:2
newest best op: Uniop(df,'CountyName','marshall',(['City'], {('guntersville',)}),{left: ("[FunctionalDependency:(s: {City}, t: {CountyName})]", 0.0), operator: *, right: (1.0, 1.0), result: 0.0})
now error: 0.0
Block processing time: 0.035258 seconds
Computing Block 31 out of 44
Processing Block size=25
begin cleaner{left: ("[FunctionalDependency:(s: {City}, t: {CountyName})]", 0.0), operator: *, right: (1.0, 1.0), result: 0.0}
列 'p' 不存在，对列 CountyName 不过滤，直接选择所有非无效值。
clean_bool length:6
newest best op: Uniop(df,'CountyName','mo@@rg$an',(['City'], {('hartselle',)}),{left: ("[FunctionalDependency:(s: {City}, t: {CountyName})]", 0.0), operator: *, right: (1.0, 1.0), result: 0.0})
now error: 0.0
newest best op: Uniop(df,'CountyName','m#o$rgan',(['City'], {('hartselle',)}),{left: ("[FunctionalDependency:(s: {City}, t: {CountyName})]", 0.0), operator: *, right: (1.0, 1.0), result: 0.0})
now error: 0.0
newest best op: Uniop(df,'CountyName','morgan',(['City'], {('hartselle',)}),{left: ("[FunctionalDependency:(s: {City}, t: {CountyName})]", 0.0), operator: *, right: (1.0, 1.0), result: 0.0})
now error: 0.0
Block processing time: 0.107621 seconds
Computing Block 32 out of 44
Processing Block size=25
begin cleaner{left: ("[FunctionalDependency:(s: {City}, t: {CountyName})]", 0.0), operator: *, right: (1.0, 1.0), result: 0.0}
列 'p' 不存在，对列 CountyName 不过滤，直接选择所有非无效值。
clean_bool length:5
newest best op: Uniop(df,'CountyName','elmor????e',(['City'], {('tallassee',)}),{left: ("[FunctionalDependency:(s: {City}, t: {CountyName})]", 0.0), operator: *, right: (1.0, 1.0), result: 0.0})
now error: 0.0
newest best op: Uniop(df,'CountyName','elmore#',(['City'], {('tallassee',)}),{left: ("[FunctionalDependency:(s: {City}, t: {CountyName})]", 0.0), operator: *, right: (1.0, 1.0), result: 0.0})
now error: 0.0
newest best op: Uniop(df,'CountyName','elmore',(['City'], {('tallassee',)}),{left: ("[FunctionalDependency:(s: {City}, t: {CountyName})]", 0.0), operator: *, right: (1.0, 1.0), result: 0.0})
now error: 0.0
Block processing time: 0.089882 seconds
Computing Block 33 out of 44
Processing Block size=25
begin cleaner{left: ("[FunctionalDependency:(s: {City}, t: {CountyName})]", 0.0), operator: *, right: (1.0, 1.0), result: 0.0}
列 'p' 不存在，对列 CountyName 不过滤，直接选择所有非无效值。
clean_bool length:4
newest best op: Uniop(df,'CountyName','chambe%rs',(['City'], {('valley',)}),{left: ("[FunctionalDependency:(s: {City}, t: {CountyName})]", 0.0), operator: *, right: (1.0, 1.0), result: 0.0})
now error: 0.0
newest best op: Uniop(df,'CountyName','chambers',(['City'], {('valley',)}),{left: ("[FunctionalDependency:(s: {City}, t: {CountyName})]", 0.0), operator: *, right: (1.0, 1.0), result: 0.0})
now error: 0.0
Block processing time: 0.072463 seconds
Computing Block 34 out of 44
Processing Block size=25
begin cleaner{left: ("[FunctionalDependency:(s: {City}, t: {CountyName})]", 0.0), operator: *, right: (1.0, 1.0), result: 0.0}
列 'p' 不存在，对列 CountyName 不过滤，直接选择所有非无效值。
clean_bool length:3
newest best op: Uniop(df,'CountyName','mari@@on',(['City'], {('hamilton',)}),{left: ("[FunctionalDependency:(s: {City}, t: {CountyName})]", 0.0), operator: *, right: (1.0, 1.0), result: 0.0})
now error: 0.0
newest best op: Uniop(df,'CountyName','marion',(['City'], {('hamilton',)}),{left: ("[FunctionalDependency:(s: {City}, t: {CountyName})]", 0.0), operator: *, right: (1.0, 1.0), result: 0.0})
now error: 0.0
Block processing time: 0.052956 seconds
Computing Block 35 out of 44
Processing Block size=25
begin cleaner{left: ("[FunctionalDependency:(s: {City}, t: {CountyName})]", 0.0), operator: *, right: (1.0, 1.0), result: 0.0}
列 'p' 不存在，对列 CountyName 不过滤，直接选择所有非无效值。
clean_bool length:5
newest best op: Uniop(df,'CountyName','l#ee',(['City'], {('opelika',)}),{left: ("[FunctionalDependency:(s: {City}, t: {CountyName})]", 0.0), operator: *, right: (1.0, 1.0), result: 0.0})
now error: 0.0
newest best op: Uniop(df,'CountyName','lee$',(['City'], {('opelika',)}),{left: ("[FunctionalDependency:(s: {City}, t: {CountyName})]", 0.0), operator: *, right: (1.0, 1.0), result: 0.0})
now error: 0.0
newest best op: Uniop(df,'CountyName','lee',(['City'], {('opelika',)}),{left: ("[FunctionalDependency:(s: {City}, t: {CountyName})]", 0.0), operator: *, right: (1.0, 1.0), result: 0.0})
now error: 0.0
Block processing time: 0.089717 seconds
Computing Block 36 out of 44
Processing Block size=25
begin cleaner{left: ("[FunctionalDependency:(s: {City}, t: {CountyName})]", 0.0), operator: *, right: (1.0, 1.0), result: 0.0}
列 'p' 不存在，对列 CountyName 不过滤，直接选择所有非无效值。
clean_bool length:2
newest best op: Uniop(df,'CountyName','lauderdale',(['City'], {('florence',)}),{left: ("[FunctionalDependency:(s: {City}, t: {CountyName})]", 0.0), operator: *, right: (1.0, 1.0), result: 0.0})
now error: 0.0
Block processing time: 0.035199 seconds
Computing Block 37 out of 44
Processing Block size=20
begin cleaner{left: ("[FunctionalDependency:(s: {City}, t: {CountyName})]", 0.0), operator: *, right: (1.0, 1.0), result: 0.0}
列 'p' 不存在，对列 CountyName 不过滤，直接选择所有非无效值。
clean_bool length:4
newest best op: Uniop(df,'CountyName','blo%unt',(['City'], {('oneonta',)}),{left: ("[FunctionalDependency:(s: {City}, t: {CountyName})]", 0.0), operator: *, right: (1.0, 1.0), result: 0.0})
now error: 0.0
newest best op: Uniop(df,'CountyName','blount',(['City'], {('oneonta',)}),{left: ("[FunctionalDependency:(s: {City}, t: {CountyName})]", 0.0), operator: *, right: (1.0, 1.0), result: 0.0})
now error: 0.0
Block processing time: 0.058433 seconds
Computing Block 38 out of 44
Processing Block size=18
begin cleaner{left: ("[FunctionalDependency:(s: {City}, t: {CountyName})]", 0.0), operator: *, right: (1.0, 1.0), result: 0.0}
列 'p' 不存在，对列 CountyName 不过滤，直接选择所有非无效值。
clean_bool length:7
newest best op: Uniop(df,'CountyName','talladega',(['City'], {('sylacauga',)}),{left: ("[FunctionalDependency:(s: {City}, t: {CountyName})]", 0.0), operator: *, right: (1.0, 1.0), result: 0.0})
now error: 0.0
Block processing time: 0.092855 seconds
Computing Block 39 out of 44
Processing Block size=80
begin cleaner{left: ("[FunctionalDependency:(s: {City}, t: {CountyName})]", 0.0), operator: *, right: (1.0, 1.0), result: 0.0}
列 'p' 不存在，对列 CountyName 不过滤，直接选择所有非无效值。
clean_bool length:13
newest best op: Uniop(df,'CountyName','jeffe$rson',(['City'], {('birmingham',)}),{left: ("[FunctionalDependency:(s: {City}, t: {CountyName})]", 0.0), operator: *, right: (1.0, 1.0), result: 0.0})
now error: 0.0
newest best op: Uniop(df,'CountyName','jefferson',(['City'], {('birmingham',)}),{left: ("[FunctionalDependency:(s: {City}, t: {CountyName})]", 0.0), operator: *, right: (1.0, 1.0), result: 0.0})
now error: 0.0
Block processing time: 0.762848 seconds
Computing Block 40 out of 44
Processing Block size=12
begin cleaner{left: ("[FunctionalDependency:(s: {City}, t: {CountyName})]", 0.0), operator: *, right: (1.0, 1.0), result: 0.0}
列 'p' 不存在，对列 CountyName 不过滤，直接选择所有非无效值。
clean_bool length:4
newest best op: Uniop(df,'CountyName','mobile',(['City'], {('mobile',)}),{left: ("[FunctionalDependency:(s: {City}, t: {CountyName})]", 0.0), operator: *, right: (1.0, 1.0), result: 0.0})
now error: 0.0
Block processing time: 0.03622 seconds
Computing Block 42 out of 44
Processing Block size=22
begin cleaner{left: ("[FunctionalDependency:(s: {City}, t: {CountyName})]", 0.0), operator: *, right: (1.0, 1.0), result: 0.0}
列 'p' 不存在，对列 CountyName 不过滤，直接选择所有非无效值。
clean_bool length:5
newest best op: Uniop(df,'CountyName','d%e kalb??',(['City'], {('fort payne',)}),{left: ("[FunctionalDependency:(s: {City}, t: {CountyName})]", 0.0), operator: *, right: (1.0, 1.0), result: 0.0})
now error: 0.0
newest best op: Uniop(df,'CountyName','#de kalb',(['City'], {('fort payne',)}),{left: ("[FunctionalDependency:(s: {City}, t: {CountyName})]", 0.0), operator: *, right: (1.0, 1.0), result: 0.0})
now error: 0.0
newest best op: Uniop(df,'CountyName','de kalb',(['City'], {('fort payne',)}),{left: ("[FunctionalDependency:(s: {City}, t: {CountyName})]", 0.0), operator: *, right: (1.0, 1.0), result: 0.0})
now error: 0.0
Block processing time: 0.082544 seconds
Computing Block 43 out of 44
Processing Block size=24
begin cleaner{left: ("[FunctionalDependency:(s: {City}, t: {CountyName})]", 0.0), operator: *, right: (1.0, 1.0), result: 0.0}
列 'p' 不存在，对列 CountyName 不过滤，直接选择所有非无效值。
clean_bool length:6
newest best op: Uniop(df,'CountyName','dale',(['City'], {('ozark',)}),{left: ("[FunctionalDependency:(s: {City}, t: {CountyName})]", 0.0), operator: *, right: (1.0, 1.0), result: 0.0})
now error: 0.0
Block processing time: 0.103652 seconds
Computing Block 44 out of 44
Processing Block size=25
begin cleaner{left: ("[FunctionalDependency:(s: {City}, t: {CountyName})]", 0.0), operator: *, right: (1.0, 1.0), result: 0.0}
列 'p' 不存在，对列 CountyName 不过滤，直接选择所有非无效值。
clean_bool length:3
newest best op: Uniop(df,'CountyName','randolph',(['City'], {('wedowee',)}),{left: ("[FunctionalDependency:(s: {City}, t: {CountyName})]", 0.0), operator: *, right: (1.0, 1.0), result: 0.0})
now error: 0.0
Block processing time: 0.054137 seconds
  当前节点: CountyName 有 37 个清洗操作
['EmergencyService', 'State', 'CountyName']的清洗完成

本层累积的编辑规则数: 120
读入数据大小：1000
处理了 120 条规则，更新数据...
所有编辑规则已更新完成

处理第 1 层级, 包含节点: ['ProviderNumber', 'MeasureCode']
  跳过已清洗结束的节点: ProviderNumber
  跳过已清洗结束的节点: MeasureCode
['ProviderNumber', 'MeasureCode']的清洗完成

本层累积的编辑规则数: 0
本层没有可以进行的清洗操作，进行下一层

处理第 2 层级, 包含节点: ['HospitalName', 'MeasureName', 'Stateavg', 'Condition']
  跳过已清洗结束的节点: HospitalName
  跳过已清洗结束的节点: MeasureName
  跳过已清洗结束的节点: Stateavg
  跳过已清洗结束的节点: Condition
['HospitalName', 'MeasureName', 'Stateavg', 'Condition']的清洗完成

本层累积的编辑规则数: 0
本层没有可以进行的清洗操作，进行下一层

处理第 3 层级, 包含节点: ['ZipCode', 'PhoneNumber', 'Address1', 'HospitalOwner', 'City', 'HospitalType']
  跳过已清洗结束的节点: ZipCode
  跳过已清洗结束的节点: PhoneNumber
  跳过已清洗结束的节点: Address1
  跳过已清洗结束的节点: HospitalOwner
  跳过已清洗结束的节点: City
  跳过已清洗结束的节点: HospitalType
['ZipCode', 'PhoneNumber', 'Address1', 'HospitalOwner', 'City', 'HospitalType']的清洗完成

本层累积的编辑规则数: 0
本层没有可以进行的清洗操作，进行下一层

处理第 4 层级, 包含节点: ['EmergencyService', 'State', 'CountyName']
  当前节点: EmergencyService 存在可用清洗信号
数据块大小: 1000
分块属性:
[['ZipCode']]
Starting initial block mapping...
Initial number of blocks: 47
Final number of blocks after further splitting: 47
Computing Block 1 out of 47
Processing Block size=25
begin cleaner[FunctionalDependency:(s: {'ZipCode'}, t: {'EmergencyService'})]*1.0
列 'p' 不存在，对列 EmergencyService 不过滤，直接选择所有非无效值。
Block processing time: 0.019229 seconds
Computing Block 2 out of 47
Processing Block size=25
begin cleaner{left: ("[FunctionalDependency:(s: {ZipCode}, t: {EmergencyService})]", 0.0), operator: *, right: (1.0, 1.0), result: 0.0}
列 'p' 不存在，对列 EmergencyService 不过滤，直接选择所有非无效值。
Block processing time: 0.01826 seconds
Computing Block 3 out of 47
Processing Block size=25
begin cleaner{left: ("[FunctionalDependency:(s: {ZipCode}, t: {EmergencyService})]", 0.0), operator: *, right: (1.0, 1.0), result: 0.0}
列 'p' 不存在，对列 EmergencyService 不过滤，直接选择所有非无效值。
Block processing time: 0.019546 seconds
Computing Block 4 out of 47
Processing Block size=17
begin cleaner{left: ("[FunctionalDependency:(s: {ZipCode}, t: {EmergencyService})]", 0.0), operator: *, right: (1.0, 1.0), result: 0.0}
列 'p' 不存在，对列 EmergencyService 不过滤，直接选择所有非无效值。
Block processing time: 0.012245 seconds
Computing Block 5 out of 47
Processing Block size=2
begin cleaner{left: ("[FunctionalDependency:(s: {ZipCode}, t: {EmergencyService})]", 0.0), operator: *, right: (1.0, 1.0), result: 0.0}
列 'p' 不存在，对列 EmergencyService 不过滤，直接选择所有非无效值。
Block processing time: 0.001548 seconds
Computing Block 6 out of 47
Processing Block size=20
begin cleaner{left: ("[FunctionalDependency:(s: {ZipCode}, t: {EmergencyService})]", 0.0), operator: *, right: (1.0, 1.0), result: 0.0}
列 'p' 不存在，对列 EmergencyService 不过滤，直接选择所有非无效值。
Block processing time: 0.015198 seconds
Computing Block 8 out of 47
Processing Block size=25
begin cleaner{left: ("[FunctionalDependency:(s: {ZipCode}, t: {EmergencyService})]", 0.0), operator: *, right: (1.0, 1.0), result: 0.0}
列 'p' 不存在，对列 EmergencyService 不过滤，直接选择所有非无效值。
Block processing time: 0.018218 seconds
Computing Block 9 out of 47
Processing Block size=25
begin cleaner{left: ("[FunctionalDependency:(s: {ZipCode}, t: {EmergencyService})]", 0.0), operator: *, right: (1.0, 1.0), result: 0.0}
列 'p' 不存在，对列 EmergencyService 不过滤，直接选择所有非无效值。
Block processing time: 0.01801 seconds
Computing Block 10 out of 47
Processing Block size=25
begin cleaner{left: ("[FunctionalDependency:(s: {ZipCode}, t: {EmergencyService})]", 0.0), operator: *, right: (1.0, 1.0), result: 0.0}
列 'p' 不存在，对列 EmergencyService 不过滤，直接选择所有非无效值。
Block processing time: 0.017899 seconds
Computing Block 14 out of 47
Processing Block size=18
begin cleaner{left: ("[FunctionalDependency:(s: {ZipCode}, t: {EmergencyService})]", 0.0), operator: *, right: (1.0, 1.0), result: 0.0}
列 'p' 不存在，对列 EmergencyService 不过滤，直接选择所有非无效值。
Block processing time: 0.012903 seconds
Computing Block 15 out of 47
Processing Block size=50
begin cleaner{left: ("[FunctionalDependency:(s: {ZipCode}, t: {EmergencyService})]", 0.0), operator: *, right: (1.0, 1.0), result: 0.0}
列 'p' 不存在，对列 EmergencyService 不过滤，直接选择所有非无效值。
Block processing time: 0.035968 seconds
Computing Block 16 out of 47
Processing Block size=25
begin cleaner{left: ("[FunctionalDependency:(s: {ZipCode}, t: {EmergencyService})]", 0.0), operator: *, right: (1.0, 1.0), result: 0.0}
列 'p' 不存在，对列 EmergencyService 不过滤，直接选择所有非无效值。
Block processing time: 0.018065 seconds
Computing Block 17 out of 47
Processing Block size=28
begin cleaner{left: ("[FunctionalDependency:(s: {ZipCode}, t: {EmergencyService})]", 0.0), operator: *, right: (1.0, 1.0), result: 0.0}
列 'p' 不存在，对列 EmergencyService 不过滤，直接选择所有非无效值。
Block processing time: 0.020013 seconds
Computing Block 18 out of 47
Processing Block size=25
begin cleaner{left: ("[FunctionalDependency:(s: {ZipCode}, t: {EmergencyService})]", 0.0), operator: *, right: (1.0, 1.0), result: 0.0}
列 'p' 不存在，对列 EmergencyService 不过滤，直接选择所有非无效值。
Block processing time: 0.017889 seconds
Computing Block 19 out of 47
Processing Block size=12
begin cleaner{left: ("[FunctionalDependency:(s: {ZipCode}, t: {EmergencyService})]", 0.0), operator: *, right: (1.0, 1.0), result: 0.0}
列 'p' 不存在，对列 EmergencyService 不过滤，直接选择所有非无效值。
Block processing time: 0.008683 seconds
Computing Block 20 out of 47
Processing Block size=2
begin cleaner{left: ("[FunctionalDependency:(s: {ZipCode}, t: {EmergencyService})]", 0.0), operator: *, right: (1.0, 1.0), result: 0.0}
列 'p' 不存在，对列 EmergencyService 不过滤，直接选择所有非无效值。
Block processing time: 0.00154 seconds
Computing Block 21 out of 47
Processing Block size=28
begin cleaner{left: ("[FunctionalDependency:(s: {ZipCode}, t: {EmergencyService})]", 0.0), operator: *, right: (1.0, 1.0), result: 0.0}
列 'p' 不存在，对列 EmergencyService 不过滤，直接选择所有非无效值。
Block processing time: 0.020476 seconds
Computing Block 22 out of 47
Processing Block size=25
begin cleaner{left: ("[FunctionalDependency:(s: {ZipCode}, t: {EmergencyService})]", 0.0), operator: *, right: (1.0, 1.0), result: 0.0}
列 'p' 不存在，对列 EmergencyService 不过滤，直接选择所有非无效值。
Block processing time: 0.017844 seconds
Computing Block 23 out of 47
Processing Block size=25
begin cleaner{left: ("[FunctionalDependency:(s: {ZipCode}, t: {EmergencyService})]", 0.0), operator: *, right: (1.0, 1.0), result: 0.0}
列 'p' 不存在，对列 EmergencyService 不过滤，直接选择所有非无效值。
Block processing time: 0.028443 seconds
Computing Block 24 out of 47
Processing Block size=25
begin cleaner{left: ("[FunctionalDependency:(s: {ZipCode}, t: {EmergencyService})]", 0.0), operator: *, right: (1.0, 1.0), result: 0.0}
列 'p' 不存在，对列 EmergencyService 不过滤，直接选择所有非无效值。
Block processing time: 0.018064 seconds
Computing Block 25 out of 47
Processing Block size=25
begin cleaner{left: ("[FunctionalDependency:(s: {ZipCode}, t: {EmergencyService})]", 0.0), operator: *, right: (1.0, 1.0), result: 0.0}
列 'p' 不存在，对列 EmergencyService 不过滤，直接选择所有非无效值。
Block processing time: 0.017813 seconds
Computing Block 26 out of 47
Processing Block size=25
begin cleaner{left: ("[FunctionalDependency:(s: {ZipCode}, t: {EmergencyService})]", 0.0), operator: *, right: (1.0, 1.0), result: 0.0}
列 'p' 不存在，对列 EmergencyService 不过滤，直接选择所有非无效值。
Block processing time: 0.01803 seconds
Computing Block 27 out of 47
Processing Block size=25
begin cleaner{left: ("[FunctionalDependency:(s: {ZipCode}, t: {EmergencyService})]", 0.0), operator: *, right: (1.0, 1.0), result: 0.0}
列 'p' 不存在，对列 EmergencyService 不过滤，直接选择所有非无效值。
Block processing time: 0.018064 seconds
Computing Block 28 out of 47
Processing Block size=5
begin cleaner{left: ("[FunctionalDependency:(s: {ZipCode}, t: {EmergencyService})]", 0.0), operator: *, right: (1.0, 1.0), result: 0.0}
列 'p' 不存在，对列 EmergencyService 不过滤，直接选择所有非无效值。
Block processing time: 0.00372 seconds
Computing Block 29 out of 47
Processing Block size=25
begin cleaner{left: ("[FunctionalDependency:(s: {ZipCode}, t: {EmergencyService})]", 0.0), operator: *, right: (1.0, 1.0), result: 0.0}
列 'p' 不存在，对列 EmergencyService 不过滤，直接选择所有非无效值。
Block processing time: 0.018015 seconds
Computing Block 30 out of 47
Processing Block size=25
begin cleaner{left: ("[FunctionalDependency:(s: {ZipCode}, t: {EmergencyService})]", 0.0), operator: *, right: (1.0, 1.0), result: 0.0}
列 'p' 不存在，对列 EmergencyService 不过滤，直接选择所有非无效值。
Block processing time: 0.018123 seconds
Computing Block 31 out of 47
Processing Block size=25
begin cleaner{left: ("[FunctionalDependency:(s: {ZipCode}, t: {EmergencyService})]", 0.0), operator: *, right: (1.0, 1.0), result: 0.0}
列 'p' 不存在，对列 EmergencyService 不过滤，直接选择所有非无效值。
Block processing time: 0.0181 seconds
Computing Block 32 out of 47
Processing Block size=25
begin cleaner{left: ("[FunctionalDependency:(s: {ZipCode}, t: {EmergencyService})]", 0.0), operator: *, right: (1.0, 1.0), result: 0.0}
列 'p' 不存在，对列 EmergencyService 不过滤，直接选择所有非无效值。
Block processing time: 0.018336 seconds
Computing Block 33 out of 47
Processing Block size=25
begin cleaner{left: ("[FunctionalDependency:(s: {ZipCode}, t: {EmergencyService})]", 0.0), operator: *, right: (1.0, 1.0), result: 0.0}
列 'p' 不存在，对列 EmergencyService 不过滤，直接选择所有非无效值。
Block processing time: 0.017893 seconds
Computing Block 34 out of 47
Processing Block size=25
begin cleaner{left: ("[FunctionalDependency:(s: {ZipCode}, t: {EmergencyService})]", 0.0), operator: *, right: (1.0, 1.0), result: 0.0}
列 'p' 不存在，对列 EmergencyService 不过滤，直接选择所有非无效值。
Block processing time: 0.017824 seconds
Computing Block 35 out of 47
Processing Block size=25
begin cleaner{left: ("[FunctionalDependency:(s: {ZipCode}, t: {EmergencyService})]", 0.0), operator: *, right: (1.0, 1.0), result: 0.0}
列 'p' 不存在，对列 EmergencyService 不过滤，直接选择所有非无效值。
Block processing time: 0.017681 seconds
Computing Block 36 out of 47
Processing Block size=25
begin cleaner{left: ("[FunctionalDependency:(s: {ZipCode}, t: {EmergencyService})]", 0.0), operator: *, right: (1.0, 1.0), result: 0.0}
列 'p' 不存在，对列 EmergencyService 不过滤，直接选择所有非无效值。
Block processing time: 0.017741 seconds
Computing Block 37 out of 47
Processing Block size=25
begin cleaner{left: ("[FunctionalDependency:(s: {ZipCode}, t: {EmergencyService})]", 0.0), operator: *, right: (1.0, 1.0), result: 0.0}
列 'p' 不存在，对列 EmergencyService 不过滤，直接选择所有非无效值。
Block processing time: 0.017917 seconds
Computing Block 38 out of 47
Processing Block size=25
begin cleaner{left: ("[FunctionalDependency:(s: {ZipCode}, t: {EmergencyService})]", 0.0), operator: *, right: (1.0, 1.0), result: 0.0}
列 'p' 不存在，对列 EmergencyService 不过滤，直接选择所有非无效值。
Block processing time: 0.01771 seconds
Computing Block 39 out of 47
Processing Block size=25
begin cleaner{left: ("[FunctionalDependency:(s: {ZipCode}, t: {EmergencyService})]", 0.0), operator: *, right: (1.0, 1.0), result: 0.0}
列 'p' 不存在，对列 EmergencyService 不过滤，直接选择所有非无效值。
Block processing time: 0.019157 seconds
Computing Block 40 out of 47
Processing Block size=25
begin cleaner{left: ("[FunctionalDependency:(s: {ZipCode}, t: {EmergencyService})]", 0.0), operator: *, right: (1.0, 1.0), result: 0.0}
列 'p' 不存在，对列 EmergencyService 不过滤，直接选择所有非无效值。
Block processing time: 0.017923 seconds
Computing Block 41 out of 47
Processing Block size=24
begin cleaner{left: ("[FunctionalDependency:(s: {ZipCode}, t: {EmergencyService})]", 0.0), operator: *, right: (1.0, 1.0), result: 0.0}
列 'p' 不存在，对列 EmergencyService 不过滤，直接选择所有非无效值。
Block processing time: 0.017143 seconds
Computing Block 42 out of 47
Processing Block size=28
begin cleaner{left: ("[FunctionalDependency:(s: {ZipCode}, t: {EmergencyService})]", 0.0), operator: *, right: (1.0, 1.0), result: 0.0}
列 'p' 不存在，对列 EmergencyService 不过滤，直接选择所有非无效值。
Block processing time: 0.019929 seconds
Computing Block 43 out of 47
Processing Block size=25
begin cleaner{left: ("[FunctionalDependency:(s: {ZipCode}, t: {EmergencyService})]", 0.0), operator: *, right: (1.0, 1.0), result: 0.0}
列 'p' 不存在，对列 EmergencyService 不过滤，直接选择所有非无效值。
Block processing time: 0.017874 seconds
Computing Block 44 out of 47
Processing Block size=20
begin cleaner{left: ("[FunctionalDependency:(s: {ZipCode}, t: {EmergencyService})]", 0.0), operator: *, right: (1.0, 1.0), result: 0.0}
列 'p' 不存在，对列 EmergencyService 不过滤，直接选择所有非无效值。
Block processing time: 0.014335 seconds
Computing Block 45 out of 47
Processing Block size=18
begin cleaner{left: ("[FunctionalDependency:(s: {ZipCode}, t: {EmergencyService})]", 0.0), operator: *, right: (1.0, 1.0), result: 0.0}
列 'p' 不存在，对列 EmergencyService 不过滤，直接选择所有非无效值。
Block processing time: 0.013044 seconds
Computing Block 46 out of 47
Processing Block size=24
begin cleaner{left: ("[FunctionalDependency:(s: {ZipCode}, t: {EmergencyService})]", 0.0), operator: *, right: (1.0, 1.0), result: 0.0}
列 'p' 不存在，对列 EmergencyService 不过滤，直接选择所有非无效值。
Block processing time: 0.017147 seconds
Computing Block 47 out of 47
Processing Block size=25
begin cleaner{left: ("[FunctionalDependency:(s: {ZipCode}, t: {EmergencyService})]", 0.0), operator: *, right: (1.0, 1.0), result: 0.0}
列 'p' 不存在，对列 EmergencyService 不过滤，直接选择所有非无效值。
Block processing time: 0.017705 seconds
  当前节点: EmergencyService 无清洗操作
  当前节点: State 存在可用清洗信号
数据块大小: 1000
分块属性:
[['HospitalOwner', 'PhoneNumber', 'HospitalName']]
Starting initial block mapping...
Initial number of blocks: 63
Final number of blocks after further splitting: 63
Computing Block 1 out of 63
Processing Block size=24
begin cleaner[FunctionalDependency:(s: {'HospitalOwner', 'PhoneNumber', 'HospitalName'}, t: {'State'})]*1.0
列 'p' 不存在，对列 State 不过滤，直接选择所有非无效值。
Block processing time: 0.020365 seconds
Computing Block 2 out of 63
Processing Block size=2
begin cleaner{left: ("[FunctionalDependency:(s: {HospitalOwner, PhoneNumber, HospitalName}, t: {State})]", 0.0), operator: *, right: (1.0, 1.0), result: 0.0}
列 'p' 不存在，对列 State 不过滤，直接选择所有非无效值。
Block processing time: 0.001804 seconds
Computing Block 3 out of 63
Processing Block size=25
begin cleaner{left: ("[FunctionalDependency:(s: {HospitalOwner, PhoneNumber, HospitalName}, t: {State})]", 0.0), operator: *, right: (1.0, 1.0), result: 0.0}
列 'p' 不存在，对列 State 不过滤，直接选择所有非无效值。
Block processing time: 0.020758 seconds
Computing Block 4 out of 63
Processing Block size=17
begin cleaner{left: ("[FunctionalDependency:(s: {HospitalOwner, PhoneNumber, HospitalName}, t: {State})]", 0.0), operator: *, right: (1.0, 1.0), result: 0.0}
列 'p' 不存在，对列 State 不过滤，直接选择所有非无效值。
Block processing time: 0.014121 seconds
Computing Block 7 out of 63
Processing Block size=24
begin cleaner{left: ("[FunctionalDependency:(s: {HospitalOwner, PhoneNumber, HospitalName}, t: {State})]", 0.0), operator: *, right: (1.0, 1.0), result: 0.0}
列 'p' 不存在，对列 State 不过滤，直接选择所有非无效值。
Block processing time: 0.019865 seconds
Computing Block 8 out of 63
Processing Block size=25
begin cleaner{left: ("[FunctionalDependency:(s: {HospitalOwner, PhoneNumber, HospitalName}, t: {State})]", 0.0), operator: *, right: (1.0, 1.0), result: 0.0}
列 'p' 不存在，对列 State 不过滤，直接选择所有非无效值。
Block processing time: 0.020555 seconds
Computing Block 9 out of 63
Processing Block size=25
begin cleaner{left: ("[FunctionalDependency:(s: {HospitalOwner, PhoneNumber, HospitalName}, t: {State})]", 0.0), operator: *, right: (1.0, 1.0), result: 0.0}
列 'p' 不存在，对列 State 不过滤，直接选择所有非无效值。
Block processing time: 0.020631 seconds
Computing Block 14 out of 63
Processing Block size=25
begin cleaner{left: ("[FunctionalDependency:(s: {HospitalOwner, PhoneNumber, HospitalName}, t: {State})]", 0.0), operator: *, right: (1.0, 1.0), result: 0.0}
列 'p' 不存在，对列 State 不过滤，直接选择所有非无效值。
Block processing time: 0.020707 seconds
Computing Block 15 out of 63
Processing Block size=24
begin cleaner{left: ("[FunctionalDependency:(s: {HospitalOwner, PhoneNumber, HospitalName}, t: {State})]", 0.0), operator: *, right: (1.0, 1.0), result: 0.0}
列 'p' 不存在，对列 State 不过滤，直接选择所有非无效值。
Block processing time: 0.019979 seconds
Computing Block 17 out of 63
Processing Block size=11
begin cleaner{left: ("[FunctionalDependency:(s: {HospitalOwner, PhoneNumber, HospitalName}, t: {State})]", 0.0), operator: *, right: (1.0, 1.0), result: 0.0}
列 'p' 不存在，对列 State 不过滤，直接选择所有非无效值。
Block processing time: 0.009106 seconds
Computing Block 20 out of 63
Processing Block size=26
begin cleaner{left: ("[FunctionalDependency:(s: {HospitalOwner, PhoneNumber, HospitalName}, t: {State})]", 0.0), operator: *, right: (1.0, 1.0), result: 0.0}
列 'p' 不存在，对列 State 不过滤，直接选择所有非无效值。
Block processing time: 0.021569 seconds
Computing Block 22 out of 63
Processing Block size=18
begin cleaner{left: ("[FunctionalDependency:(s: {HospitalOwner, PhoneNumber, HospitalName}, t: {State})]", 0.0), operator: *, right: (1.0, 1.0), result: 0.0}
列 'p' 不存在，对列 State 不过滤，直接选择所有非无效值。
Block processing time: 0.015062 seconds
Computing Block 24 out of 63
Processing Block size=23
begin cleaner{left: ("[FunctionalDependency:(s: {HospitalOwner, PhoneNumber, HospitalName}, t: {State})]", 0.0), operator: *, right: (1.0, 1.0), result: 0.0}
列 'p' 不存在，对列 State 不过滤，直接选择所有非无效值。
Block processing time: 0.019936 seconds
Computing Block 25 out of 63
Processing Block size=25
begin cleaner{left: ("[FunctionalDependency:(s: {HospitalOwner, PhoneNumber, HospitalName}, t: {State})]", 0.0), operator: *, right: (1.0, 1.0), result: 0.0}
列 'p' 不存在，对列 State 不过滤，直接选择所有非无效值。
Block processing time: 0.022356 seconds
Computing Block 26 out of 63
Processing Block size=28
begin cleaner{left: ("[FunctionalDependency:(s: {HospitalOwner, PhoneNumber, HospitalName}, t: {State})]", 0.0), operator: *, right: (1.0, 1.0), result: 0.0}
列 'p' 不存在，对列 State 不过滤，直接选择所有非无效值。
Block processing time: 0.023966 seconds
Computing Block 27 out of 63
Processing Block size=25
begin cleaner{left: ("[FunctionalDependency:(s: {HospitalOwner, PhoneNumber, HospitalName}, t: {State})]", 0.0), operator: *, right: (1.0, 1.0), result: 0.0}
列 'p' 不存在，对列 State 不过滤，直接选择所有非无效值。
Block processing time: 0.021367 seconds
Computing Block 28 out of 63
Processing Block size=2
begin cleaner{left: ("[FunctionalDependency:(s: {HospitalOwner, PhoneNumber, HospitalName}, t: {State})]", 0.0), operator: *, right: (1.0, 1.0), result: 0.0}
列 'p' 不存在，对列 State 不过滤，直接选择所有非无效值。
Block processing time: 0.00183 seconds
Computing Block 30 out of 63
Processing Block size=25
begin cleaner{left: ("[FunctionalDependency:(s: {HospitalOwner, PhoneNumber, HospitalName}, t: {State})]", 0.0), operator: *, right: (1.0, 1.0), result: 0.0}
列 'p' 不存在，对列 State 不过滤，直接选择所有非无效值。
Block processing time: 0.021067 seconds
Computing Block 31 out of 63
Processing Block size=24
begin cleaner{left: ("[FunctionalDependency:(s: {HospitalOwner, PhoneNumber, HospitalName}, t: {State})]", 0.0), operator: *, right: (1.0, 1.0), result: 0.0}
列 'p' 不存在，对列 State 不过滤，直接选择所有非无效值。
Block processing time: 0.021118 seconds
Computing Block 32 out of 63
Processing Block size=25
begin cleaner{left: ("[FunctionalDependency:(s: {HospitalOwner, PhoneNumber, HospitalName}, t: {State})]", 0.0), operator: *, right: (1.0, 1.0), result: 0.0}
列 'p' 不存在，对列 State 不过滤，直接选择所有非无效值。
Block processing time: 0.020628 seconds
Computing Block 33 out of 63
Processing Block size=25
begin cleaner{left: ("[FunctionalDependency:(s: {HospitalOwner, PhoneNumber, HospitalName}, t: {State})]", 0.0), operator: *, right: (1.0, 1.0), result: 0.0}
列 'p' 不存在，对列 State 不过滤，直接选择所有非无效值。
Block processing time: 0.020653 seconds
Computing Block 34 out of 63
Processing Block size=25
begin cleaner{left: ("[FunctionalDependency:(s: {HospitalOwner, PhoneNumber, HospitalName}, t: {State})]", 0.0), operator: *, right: (1.0, 1.0), result: 0.0}
列 'p' 不存在，对列 State 不过滤，直接选择所有非无效值。
Block processing time: 0.020877 seconds
Computing Block 35 out of 63
Processing Block size=25
begin cleaner{left: ("[FunctionalDependency:(s: {HospitalOwner, PhoneNumber, HospitalName}, t: {State})]", 0.0), operator: *, right: (1.0, 1.0), result: 0.0}
列 'p' 不存在，对列 State 不过滤，直接选择所有非无效值。
Block processing time: 0.02082 seconds
Computing Block 36 out of 63
Processing Block size=25
begin cleaner{left: ("[FunctionalDependency:(s: {HospitalOwner, PhoneNumber, HospitalName}, t: {State})]", 0.0), operator: *, right: (1.0, 1.0), result: 0.0}
列 'p' 不存在，对列 State 不过滤，直接选择所有非无效值。
Block processing time: 0.020564 seconds
Computing Block 37 out of 63
Processing Block size=5
begin cleaner{left: ("[FunctionalDependency:(s: {HospitalOwner, PhoneNumber, HospitalName}, t: {State})]", 0.0), operator: *, right: (1.0, 1.0), result: 0.0}
列 'p' 不存在，对列 State 不过滤，直接选择所有非无效值。
Block processing time: 0.004279 seconds
Computing Block 38 out of 63
Processing Block size=25
begin cleaner{left: ("[FunctionalDependency:(s: {HospitalOwner, PhoneNumber, HospitalName}, t: {State})]", 0.0), operator: *, right: (1.0, 1.0), result: 0.0}
列 'p' 不存在，对列 State 不过滤，直接选择所有非无效值。
Block processing time: 0.020455 seconds
Computing Block 39 out of 63
Processing Block size=25
begin cleaner{left: ("[FunctionalDependency:(s: {HospitalOwner, PhoneNumber, HospitalName}, t: {State})]", 0.0), operator: *, right: (1.0, 1.0), result: 0.0}
列 'p' 不存在，对列 State 不过滤，直接选择所有非无效值。
Block processing time: 0.020751 seconds
Computing Block 40 out of 63
Processing Block size=25
begin cleaner{left: ("[FunctionalDependency:(s: {HospitalOwner, PhoneNumber, HospitalName}, t: {State})]", 0.0), operator: *, right: (1.0, 1.0), result: 0.0}
列 'p' 不存在，对列 State 不过滤，直接选择所有非无效值。
Block processing time: 0.020857 seconds
Computing Block 41 out of 63
Processing Block size=24
begin cleaner{left: ("[FunctionalDependency:(s: {HospitalOwner, PhoneNumber, HospitalName}, t: {State})]", 0.0), operator: *, right: (1.0, 1.0), result: 0.0}
列 'p' 不存在，对列 State 不过滤，直接选择所有非无效值。
Block processing time: 0.019959 seconds
Computing Block 42 out of 63
Processing Block size=25
begin cleaner{left: ("[FunctionalDependency:(s: {HospitalOwner, PhoneNumber, HospitalName}, t: {State})]", 0.0), operator: *, right: (1.0, 1.0), result: 0.0}
列 'p' 不存在，对列 State 不过滤，直接选择所有非无效值。
Block processing time: 0.021252 seconds
Computing Block 43 out of 63
Processing Block size=25
begin cleaner{left: ("[FunctionalDependency:(s: {HospitalOwner, PhoneNumber, HospitalName}, t: {State})]", 0.0), operator: *, right: (1.0, 1.0), result: 0.0}
列 'p' 不存在，对列 State 不过滤，直接选择所有非无效值。
Block processing time: 0.021781 seconds
Computing Block 44 out of 63
Processing Block size=25
begin cleaner{left: ("[FunctionalDependency:(s: {HospitalOwner, PhoneNumber, HospitalName}, t: {State})]", 0.0), operator: *, right: (1.0, 1.0), result: 0.0}
列 'p' 不存在，对列 State 不过滤，直接选择所有非无效值。
Block processing time: 0.021534 seconds
Computing Block 45 out of 63
Processing Block size=25
begin cleaner{left: ("[FunctionalDependency:(s: {HospitalOwner, PhoneNumber, HospitalName}, t: {State})]", 0.0), operator: *, right: (1.0, 1.0), result: 0.0}
列 'p' 不存在，对列 State 不过滤，直接选择所有非无效值。
Block processing time: 0.021682 seconds
Computing Block 46 out of 63
Processing Block size=25
begin cleaner{left: ("[FunctionalDependency:(s: {HospitalOwner, PhoneNumber, HospitalName}, t: {State})]", 0.0), operator: *, right: (1.0, 1.0), result: 0.0}
列 'p' 不存在，对列 State 不过滤，直接选择所有非无效值。
Block processing time: 0.021971 seconds
Computing Block 49 out of 63
Processing Block size=24
begin cleaner{left: ("[FunctionalDependency:(s: {HospitalOwner, PhoneNumber, HospitalName}, t: {State})]", 0.0), operator: *, right: (1.0, 1.0), result: 0.0}
列 'p' 不存在，对列 State 不过滤，直接选择所有非无效值。
Block processing time: 0.020076 seconds
Computing Block 50 out of 63
Processing Block size=19
begin cleaner{left: ("[FunctionalDependency:(s: {HospitalOwner, PhoneNumber, HospitalName}, t: {State})]", 0.0), operator: *, right: (1.0, 1.0), result: 0.0}
列 'p' 不存在，对列 State 不过滤，直接选择所有非无效值。
Block processing time: 0.016242 seconds
Computing Block 51 out of 63
Processing Block size=28
begin cleaner{left: ("[FunctionalDependency:(s: {HospitalOwner, PhoneNumber, HospitalName}, t: {State})]", 0.0), operator: *, right: (1.0, 1.0), result: 0.0}
列 'p' 不存在，对列 State 不过滤，直接选择所有非无效值。
Block processing time: 0.023324 seconds
Computing Block 52 out of 63
Processing Block size=25
begin cleaner{left: ("[FunctionalDependency:(s: {HospitalOwner, PhoneNumber, HospitalName}, t: {State})]", 0.0), operator: *, right: (1.0, 1.0), result: 0.0}
列 'p' 不存在，对列 State 不过滤，直接选择所有非无效值。
Block processing time: 0.021856 seconds
Computing Block 55 out of 63
Processing Block size=20
begin cleaner{left: ("[FunctionalDependency:(s: {HospitalOwner, PhoneNumber, HospitalName}, t: {State})]", 0.0), operator: *, right: (1.0, 1.0), result: 0.0}
列 'p' 不存在，对列 State 不过滤，直接选择所有非无效值。
Block processing time: 0.01704 seconds
Computing Block 56 out of 63
Processing Block size=25
begin cleaner{left: ("[FunctionalDependency:(s: {HospitalOwner, PhoneNumber, HospitalName}, t: {State})]", 0.0), operator: *, right: (1.0, 1.0), result: 0.0}
列 'p' 不存在，对列 State 不过滤，直接选择所有非无效值。
Block processing time: 0.0206 seconds
Computing Block 57 out of 63
Processing Block size=17
begin cleaner{left: ("[FunctionalDependency:(s: {HospitalOwner, PhoneNumber, HospitalName}, t: {State})]", 0.0), operator: *, right: (1.0, 1.0), result: 0.0}
列 'p' 不存在，对列 State 不过滤，直接选择所有非无效值。
Block processing time: 0.013958 seconds
Computing Block 60 out of 63
Processing Block size=22
begin cleaner{left: ("[FunctionalDependency:(s: {HospitalOwner, PhoneNumber, HospitalName}, t: {State})]", 0.0), operator: *, right: (1.0, 1.0), result: 0.0}
列 'p' 不存在，对列 State 不过滤，直接选择所有非无效值。
Block processing time: 0.018084 seconds
Computing Block 61 out of 63
Processing Block size=24
begin cleaner{left: ("[FunctionalDependency:(s: {HospitalOwner, PhoneNumber, HospitalName}, t: {State})]", 0.0), operator: *, right: (1.0, 1.0), result: 0.0}
列 'p' 不存在，对列 State 不过滤，直接选择所有非无效值。
Block processing time: 0.020007 seconds
Computing Block 63 out of 63
Processing Block size=25
begin cleaner{left: ("[FunctionalDependency:(s: {HospitalOwner, PhoneNumber, HospitalName}, t: {State})]", 0.0), operator: *, right: (1.0, 1.0), result: 0.0}
列 'p' 不存在，对列 State 不过滤，直接选择所有非无效值。
Block processing time: 0.021169 seconds
  当前节点: State 无清洗操作
  当前节点: CountyName 存在可用清洗信号
数据块大小: 1000
分块属性:
[['City']]
Starting initial block mapping...
Initial number of blocks: 44
Final number of blocks after further splitting: 44
Computing Block 1 out of 44
Processing Block size=2
begin cleaner[FunctionalDependency:(s: {'City'}, t: {'CountyName'})]*1.0
列 'p' 不存在，对列 CountyName 不过滤，直接选择所有非无效值。
Block processing time: 0.001857 seconds
Computing Block 2 out of 44
Processing Block size=25
begin cleaner{left: ("[FunctionalDependency:(s: {City}, t: {CountyName})]", 0.0), operator: *, right: (1.0, 1.0), result: 0.0}
列 'p' 不存在，对列 CountyName 不过滤，直接选择所有非无效值。
Block processing time: 0.01813 seconds
Computing Block 3 out of 44
Processing Block size=25
begin cleaner{left: ("[FunctionalDependency:(s: {City}, t: {CountyName})]", 0.0), operator: *, right: (1.0, 1.0), result: 0.0}
列 'p' 不存在，对列 CountyName 不过滤，直接选择所有非无效值。
Block processing time: 0.017898 seconds
Computing Block 5 out of 44
Processing Block size=20
begin cleaner{left: ("[FunctionalDependency:(s: {City}, t: {CountyName})]", 0.0), operator: *, right: (1.0, 1.0), result: 0.0}
列 'p' 不存在，对列 CountyName 不过滤，直接选择所有非无效值。
Block processing time: 0.014337 seconds
Computing Block 7 out of 44
Processing Block size=25
begin cleaner{left: ("[FunctionalDependency:(s: {City}, t: {CountyName})]", 0.0), operator: *, right: (1.0, 1.0), result: 0.0}
列 'p' 不存在，对列 CountyName 不过滤，直接选择所有非无效值。
Block processing time: 0.017972 seconds
Computing Block 11 out of 44
Processing Block size=18
begin cleaner{left: ("[FunctionalDependency:(s: {City}, t: {CountyName})]", 0.0), operator: *, right: (1.0, 1.0), result: 0.0}
列 'p' 不存在，对列 CountyName 不过滤，直接选择所有非无效值。
Block processing time: 0.013 seconds
Computing Block 12 out of 44
Processing Block size=25
begin cleaner{left: ("[FunctionalDependency:(s: {City}, t: {CountyName})]", 0.0), operator: *, right: (1.0, 1.0), result: 0.0}
列 'p' 不存在，对列 CountyName 不过滤，直接选择所有非无效值。
Block processing time: 0.018185 seconds
Computing Block 13 out of 44
Processing Block size=28
begin cleaner{left: ("[FunctionalDependency:(s: {City}, t: {CountyName})]", 0.0), operator: *, right: (1.0, 1.0), result: 0.0}
列 'p' 不存在，对列 CountyName 不过滤，直接选择所有非无效值。
Block processing time: 0.020001 seconds
Computing Block 14 out of 44
Processing Block size=25
begin cleaner{left: ("[FunctionalDependency:(s: {City}, t: {CountyName})]", 0.0), operator: *, right: (1.0, 1.0), result: 0.0}
列 'p' 不存在，对列 CountyName 不过滤，直接选择所有非无效值。
Block processing time: 0.017871 seconds
Computing Block 15 out of 44
Processing Block size=28
begin cleaner{left: ("[FunctionalDependency:(s: {City}, t: {CountyName})]", 0.0), operator: *, right: (1.0, 1.0), result: 0.0}
列 'p' 不存在，对列 CountyName 不过滤，直接选择所有非无效值。
Block processing time: 0.020193 seconds
Computing Block 16 out of 44
Processing Block size=50
begin cleaner{left: ("[FunctionalDependency:(s: {City}, t: {CountyName})]", 0.0), operator: *, right: (1.0, 1.0), result: 0.0}
列 'p' 不存在，对列 CountyName 不过滤，直接选择所有非无效值。
Block processing time: 0.036269 seconds
Computing Block 17 out of 44
Processing Block size=2
begin cleaner{left: ("[FunctionalDependency:(s: {City}, t: {CountyName})]", 0.0), operator: *, right: (1.0, 1.0), result: 0.0}
列 'p' 不存在，对列 CountyName 不过滤，直接选择所有非无效值。
Block processing time: 0.001559 seconds
Computing Block 18 out of 44
Processing Block size=24
begin cleaner{left: ("[FunctionalDependency:(s: {City}, t: {CountyName})]", 0.0), operator: *, right: (1.0, 1.0), result: 0.0}
列 'p' 不存在，对列 CountyName 不过滤，直接选择所有非无效值。
Block processing time: 0.017501 seconds
Computing Block 19 out of 44
Processing Block size=25
begin cleaner{left: ("[FunctionalDependency:(s: {City}, t: {CountyName})]", 0.0), operator: *, right: (1.0, 1.0), result: 0.0}
列 'p' 不存在，对列 CountyName 不过滤，直接选择所有非无效值。
Block processing time: 0.018226 seconds
Computing Block 20 out of 44
Processing Block size=25
begin cleaner{left: ("[FunctionalDependency:(s: {City}, t: {CountyName})]", 0.0), operator: *, right: (1.0, 1.0), result: 0.0}
列 'p' 不存在，对列 CountyName 不过滤，直接选择所有非无效值。
Block processing time: 0.017797 seconds
Computing Block 21 out of 44
Processing Block size=53
begin cleaner{left: ("[FunctionalDependency:(s: {City}, t: {CountyName})]", 0.0), operator: *, right: (1.0, 1.0), result: 0.0}
列 'p' 不存在，对列 CountyName 不过滤，直接选择所有非无效值。
Block processing time: 0.037559 seconds
Computing Block 22 out of 44
Processing Block size=25
begin cleaner{left: ("[FunctionalDependency:(s: {City}, t: {CountyName})]", 0.0), operator: *, right: (1.0, 1.0), result: 0.0}
列 'p' 不存在，对列 CountyName 不过滤，直接选择所有非无效值。
Block processing time: 0.017785 seconds
Computing Block 23 out of 44
Processing Block size=25
begin cleaner{left: ("[FunctionalDependency:(s: {City}, t: {CountyName})]", 0.0), operator: *, right: (1.0, 1.0), result: 0.0}
列 'p' 不存在，对列 CountyName 不过滤，直接选择所有非无效值。
Block processing time: 0.017849 seconds
Computing Block 24 out of 44
Processing Block size=25
begin cleaner{left: ("[FunctionalDependency:(s: {City}, t: {CountyName})]", 0.0), operator: *, right: (1.0, 1.0), result: 0.0}
列 'p' 不存在，对列 CountyName 不过滤，直接选择所有非无效值。
Block processing time: 0.018012 seconds
Computing Block 25 out of 44
Processing Block size=42
begin cleaner{left: ("[FunctionalDependency:(s: {City}, t: {CountyName})]", 0.0), operator: *, right: (1.0, 1.0), result: 0.0}
列 'p' 不存在，对列 CountyName 不过滤，直接选择所有非无效值。
Block processing time: 0.02989 seconds
Computing Block 26 out of 44
Processing Block size=25
begin cleaner{left: ("[FunctionalDependency:(s: {City}, t: {CountyName})]", 0.0), operator: *, right: (1.0, 1.0), result: 0.0}
列 'p' 不存在，对列 CountyName 不过滤，直接选择所有非无效值。
Block processing time: 0.017966 seconds
Computing Block 27 out of 44
Processing Block size=25
begin cleaner{left: ("[FunctionalDependency:(s: {City}, t: {CountyName})]", 0.0), operator: *, right: (1.0, 1.0), result: 0.0}
列 'p' 不存在，对列 CountyName 不过滤，直接选择所有非无效值。
Block processing time: 0.017881 seconds
Computing Block 28 out of 44
Processing Block size=25
begin cleaner{left: ("[FunctionalDependency:(s: {City}, t: {CountyName})]", 0.0), operator: *, right: (1.0, 1.0), result: 0.0}
列 'p' 不存在，对列 CountyName 不过滤，直接选择所有非无效值。
Block processing time: 0.018054 seconds
Computing Block 29 out of 44
Processing Block size=24
begin cleaner{left: ("[FunctionalDependency:(s: {City}, t: {CountyName})]", 0.0), operator: *, right: (1.0, 1.0), result: 0.0}
列 'p' 不存在，对列 CountyName 不过滤，直接选择所有非无效值。
Block processing time: 0.017248 seconds
Computing Block 30 out of 44
Processing Block size=25
begin cleaner{left: ("[FunctionalDependency:(s: {City}, t: {CountyName})]", 0.0), operator: *, right: (1.0, 1.0), result: 0.0}
列 'p' 不存在，对列 CountyName 不过滤，直接选择所有非无效值。
Block processing time: 0.017757 seconds
Computing Block 31 out of 44
Processing Block size=25
begin cleaner{left: ("[FunctionalDependency:(s: {City}, t: {CountyName})]", 0.0), operator: *, right: (1.0, 1.0), result: 0.0}
列 'p' 不存在，对列 CountyName 不过滤，直接选择所有非无效值。
Block processing time: 0.019028 seconds
Computing Block 32 out of 44
Processing Block size=25
begin cleaner{left: ("[FunctionalDependency:(s: {City}, t: {CountyName})]", 0.0), operator: *, right: (1.0, 1.0), result: 0.0}
列 'p' 不存在，对列 CountyName 不过滤，直接选择所有非无效值。
Block processing time: 0.017619 seconds
Computing Block 33 out of 44
Processing Block size=25
begin cleaner{left: ("[FunctionalDependency:(s: {City}, t: {CountyName})]", 0.0), operator: *, right: (1.0, 1.0), result: 0.0}
列 'p' 不存在，对列 CountyName 不过滤，直接选择所有非无效值。
Block processing time: 0.017726 seconds
Computing Block 34 out of 44
Processing Block size=25
begin cleaner{left: ("[FunctionalDependency:(s: {City}, t: {CountyName})]", 0.0), operator: *, right: (1.0, 1.0), result: 0.0}
列 'p' 不存在，对列 CountyName 不过滤，直接选择所有非无效值。
Block processing time: 0.017981 seconds
Computing Block 35 out of 44
Processing Block size=25
begin cleaner{left: ("[FunctionalDependency:(s: {City}, t: {CountyName})]", 0.0), operator: *, right: (1.0, 1.0), result: 0.0}
列 'p' 不存在，对列 CountyName 不过滤，直接选择所有非无效值。
Block processing time: 0.017893 seconds
Computing Block 36 out of 44
Processing Block size=25
begin cleaner{left: ("[FunctionalDependency:(s: {City}, t: {CountyName})]", 0.0), operator: *, right: (1.0, 1.0), result: 0.0}
列 'p' 不存在，对列 CountyName 不过滤，直接选择所有非无效值。
Block processing time: 0.018339 seconds
Computing Block 37 out of 44
Processing Block size=20
begin cleaner{left: ("[FunctionalDependency:(s: {City}, t: {CountyName})]", 0.0), operator: *, right: (1.0, 1.0), result: 0.0}
列 'p' 不存在，对列 CountyName 不过滤，直接选择所有非无效值。
Block processing time: 0.014698 seconds
Computing Block 38 out of 44
Processing Block size=18
begin cleaner{left: ("[FunctionalDependency:(s: {City}, t: {CountyName})]", 0.0), operator: *, right: (1.0, 1.0), result: 0.0}
列 'p' 不存在，对列 CountyName 不过滤，直接选择所有非无效值。
Block processing time: 0.013196 seconds
Computing Block 39 out of 44
Processing Block size=80
begin cleaner{left: ("[FunctionalDependency:(s: {City}, t: {CountyName})]", 0.0), operator: *, right: (1.0, 1.0), result: 0.0}
列 'p' 不存在，对列 CountyName 不过滤，直接选择所有非无效值。
Block processing time: 0.056315 seconds
Computing Block 40 out of 44
Processing Block size=12
begin cleaner{left: ("[FunctionalDependency:(s: {City}, t: {CountyName})]", 0.0), operator: *, right: (1.0, 1.0), result: 0.0}
列 'p' 不存在，对列 CountyName 不过滤，直接选择所有非无效值。
Block processing time: 0.008627 seconds
Computing Block 42 out of 44
Processing Block size=22
begin cleaner{left: ("[FunctionalDependency:(s: {City}, t: {CountyName})]", 0.0), operator: *, right: (1.0, 1.0), result: 0.0}
列 'p' 不存在，对列 CountyName 不过滤，直接选择所有非无效值。
Block processing time: 0.01542 seconds
Computing Block 43 out of 44
Processing Block size=24
begin cleaner{left: ("[FunctionalDependency:(s: {City}, t: {CountyName})]", 0.0), operator: *, right: (1.0, 1.0), result: 0.0}
列 'p' 不存在，对列 CountyName 不过滤，直接选择所有非无效值。
Block processing time: 0.017133 seconds
Computing Block 44 out of 44
Processing Block size=25
begin cleaner{left: ("[FunctionalDependency:(s: {City}, t: {CountyName})]", 0.0), operator: *, right: (1.0, 1.0), result: 0.0}
列 'p' 不存在，对列 CountyName 不过滤，直接选择所有非无效值。
Block processing time: 0.017844 seconds
  当前节点: CountyName 无清洗操作
['EmergencyService', 'State', 'CountyName']的清洗完成

本层累积的编辑规则数: 0
本层没有可以进行的清洗操作，进行下一层

清洗规则溯源分析:

处理第 1 层级, 包含节点: ['ProviderNumber', 'MeasureCode']

处理第 2 层级, 包含节点: ['HospitalName', 'MeasureName', 'Stateavg', 'Condition']

处理第 3 层级, 包含节点: ['ZipCode', 'PhoneNumber', 'Address1', 'HospitalOwner', 'City', 'HospitalType']

处理第 4 层级, 包含节点: ['EmergencyService', 'State', 'CountyName']

清洗流程展示:
关联图存储到: TestDataset/result/train/hospital/hospital_9/acplt.png
当前清洗总执行时间: 70.1904 秒
清洗结果已保存到: TestDataset/result/train/hospital/hospital_9/hospital_9Cleaned.csv
测评性能开始：
没有指定错误比例，仅进行原数据集的空值替换，不添加错误
已将注入错误的文件保存到: TestDataset/result/train/hospital/hospital_9/hospital_9Cleaned.csv
差异文件已保存到:
TestDataset/result/train/hospital/hospital_9/hospital_9_clean_vs_dirty.csv
TestDataset/result/train/hospital/hospital_9/hospital_9_dirty_vs_cleaned.csv
TestDataset/result/train/hospital/hospital_9/hospital_9_clean_vs_cleaned.csv
修复错误数据文件已保存到: TestDataset/result/train/hospital/hospital_9/hospital_9_repair_errors.csv
未修复但是应该修复数据文件已保存到: TestDataset/result/train/hospital/hospital_9/hospital_9_unrepaired.csv
修复准确率: 0.9889182058047493, 修复召回率: 0.6802177858439201, F1值: 0.8060215053280544
========================================
EDR 结果已保存到: TestDataset/result/train/hospital/hospital_9/hospital_9_edr_evaluation.txt
错误减少率 (EDR): 0.674410163339383
========================================
混合距离结果已保存到: TestDataset/result/train/hospital/hospital_9/hospital_9_hybrid_distance_evaluation.txt
混合距离 (Hybrid Distance): 0.17020197879024312
========================================
R-EDR 结果已保存到: TestDataset/result/train/hospital/hospital_9/hospital_9_record_based_edr_evaluation.txt
基于条目的错误减少率 (R-EDR): 0.40210526315789474
========================================
测试结果:
Accuracy: 0.9889182058047493
Recall: 0.6802177858439201
F1 Score: 0.8060215053280544
EDR: 0.674410163339383
Hybrid Distance: 0.17020197879024312
R-EDR: 0.40210526315789474
time(s): 70.190372
speed: 7.0190372 seconds/100num
测评结束，详细测评日志见：TestDataset/result/train/hospital/hospital_9
