26/04/29 16:43:26 WARN Utils: Your hostname, qianzekaideMacBook-Air.local resolves to a loopback address: 127.0.0.1; using 192.168.3.1 instead (on interface bridge0)
26/04/29 16:43:26 WARN Utils: Set SPARK_LOCAL_IP if you need to bind to another address
26/04/29 16:43:26 WARN NativeCodeLoader: Unable to load native-hadoop library for your platform... using builtin-java classes where applicable
Using Spark's default log4j profile: org/apache/spark/log4j-defaults.properties
Setting default log level to "WARN".
To adjust logging level use sc.setLogLevel(newLevel). For SparkR, use setLogLevel(newLevel).
WARNING:root:No partitioning rule specified, processing might be slow
WARNING:root:No partitioning rule specified, processing might be slow
WARNING:root:No partitioning rule specified, processing might be slow
WARNING:root:No partitioning rule specified, processing might be slow
WARNING:root:No partitioning rule specified, processing might be slow
WARNING:root:No partitioning rule specified, processing might be slow
WARNING:root:No partitioning rule specified, processing might be slow
WARNING:root:No partitioning rule specified, processing might be slow
初始化清洗器和分析依赖关系...
处理单属性清洗算子：
处理单属性清洗算子：[Pattern:(domain= sched_dep_time, format = ^(0[1-9]|1[0-2]):[0-5][0-9]\s?(AM|PM)$)]
开始清洗属性 sched_dep_time 的数据
属性 sched_dep_time 的数据大小: 309
属性 sched_dep_time 没有可应用的清洗规则。
处理单属性清洗算子：[Pattern:(domain= act_dep_time, format = ^(0[1-9]|1[0-2]):[0-5][0-9]\s?(AM|PM)$)]
开始清洗属性 act_dep_time 的数据
属性 act_dep_time 的数据大小: 316
属性 act_dep_time 没有可应用的清洗规则。
处理单属性清洗算子：[Pattern:(domain= sched_arr_time, format = ^(0[1-9]|1[0-2]):[0-5][0-9]\s?(AM|PM)$)]
开始清洗属性 sched_arr_time 的数据
属性 sched_arr_time 的数据大小: 341
属性 sched_arr_time 没有可应用的清洗规则。
处理单属性清洗算子：[Date:(domain=sched_dep_time，format = %I:%M %p)]
开始清洗属性 sched_dep_time 的数据
属性 sched_dep_time 的数据大小: 309
应用 sched_dep_time 的清洗规则，编辑规则数量: 253
读入数据大小：2376
处理了 253 条规则，更新数据...
所有编辑规则已更新完成
处理单属性清洗算子：[Date:(domain=act_dep_time，format = %I:%M %p)]
开始清洗属性 act_dep_time 的数据
属性 act_dep_time 的数据大小: 316
应用 act_dep_time 的清洗规则，编辑规则数量: 265
读入数据大小：2376
处理了 265 条规则，更新数据...
所有编辑规则已更新完成
处理单属性清洗算子：[Date:(domain=sched_arr_time，format = %I:%M %p)]
开始清洗属性 sched_arr_time 的数据
属性 sched_arr_time 的数据大小: 341
应用 sched_arr_time 的清洗规则，编辑规则数量: 272
读入数据大小：2376
处理了 272 条规则，更新数据...
所有编辑规则已更新完成
处理单属性清洗算子：[Date:(domain=act_arr_time，format = %I:%M %p)]
开始清洗属性 act_arr_time 的数据
属性 act_arr_time 的数据大小: 344
应用 act_arr_time 的清洗规则，编辑规则数量: 280
读入数据大小：2376
处理了 280 条规则，更新数据...
所有编辑规则已更新完成
执行层级和目标模型分类...
执行层级 (并行组): [[{'flight'}], [{'sched_dep_time'}, {'act_dep_time'}, {'sched_arr_time'}, {'act_arr_time'}]]
目标模型分类: {'sched_dep_time': [<SampleScrubber.cleaner.multiple.AttrRelation object at 0x1564697f0>], 'act_dep_time': [<SampleScrubber.cleaner.multiple.AttrRelation object at 0x156469b50>], 'sched_arr_time': [<SampleScrubber.cleaner.multiple.AttrRelation object at 0x156469070>], 'act_arr_time': [<SampleScrubber.cleaner.multiple.AttrRelation object at 0x1564699a0>]}

处理第 1 层级, 包含节点: ['flight']
  当前节点: flight 无可用清洗信号
  当前节点: flight 无清洗操作
['flight']的清洗完成

本层累积的编辑规则数: 0
本层没有可以进行的清洗操作，进行下一层

处理第 2 层级, 包含节点: ['sched_dep_time', 'act_dep_time', 'sched_arr_time', 'act_arr_time']
  当前节点: sched_dep_time 存在可用清洗信号
数据块大小: 2376
分块属性:
[['flight']]
Starting initial block mapping...
Initial number of blocks: 341
Final number of blocks after further splitting: 341
Computing Block 1 out of 341
Processing Block size=11
begin cleaner[FunctionalDependency:(s: {'flight'}, t: {'sched_dep_time'})]*1.0
列 'p' 不存在，对列 sched_dep_time 不过滤，直接选择所有非无效值。
Block processing time: 0.012661 seconds
Computing Block 2 out of 341
Processing Block size=16
begin cleaner{left: ("[FunctionalDependency:(s: {flight}, t: {sched_dep_time})]", 0.0), operator: *, right: (1.0, 1.0), result: 0.0}
列 'p' 不存在，对列 sched_dep_time 不过滤，直接选择所有非无效值。
clean_bool length:2
newest best op: Uniop(df,'sched_dep_time','07:35 AM',(['flight'], {('CO-52-IAH-LAX',)}),{left: ("[FunctionalDependency:(s: {flight}, t: {sched_dep_time})]", 0.0), operator: *, right: (1.0, 1.0), result: 0.0})
now error: 0.0
Block processing time: 0.036601 seconds
Computing Block 9 out of 341
Processing Block size=18
begin cleaner{left: ("[FunctionalDependency:(s: {flight}, t: {sched_dep_time})]", 0.0), operator: *, right: (1.0, 1.0), result: 0.0}
列 'p' 不存在，对列 sched_dep_time 不过滤，直接选择所有非无效值。
clean_bool length:2
newest best op: Uniop(df,'sched_dep_time','02:55 PM',(['flight'], {('CO-50-CLE-EWR',)}),{left: ("[FunctionalDependency:(s: {flight}, t: {sched_dep_time})]", 0.0), operator: *, right: (1.0, 1.0), result: 0.0})
now error: 0.0
Block processing time: 0.037707 seconds
Computing Block 10 out of 341
Processing Block size=19
begin cleaner{left: ("[FunctionalDependency:(s: {flight}, t: {sched_dep_time})]", 0.0), operator: *, right: (1.0, 1.0), result: 0.0}
列 'p' 不存在，对列 sched_dep_time 不过滤，直接选择所有非无效值。
clean_bool length:2
newest best op: Uniop(df,'sched_dep_time','03:50 PM',(['flight'], {('UA-2906-PHL-MCO',)}),{left: ("[FunctionalDependency:(s: {flight}, t: {sched_dep_time})]", 0.0), operator: *, right: (1.0, 1.0), result: 0.0})
now error: 0.0
Block processing time: 0.03695 seconds
Computing Block 13 out of 341
Processing Block size=20
begin cleaner{left: ("[FunctionalDependency:(s: {flight}, t: {sched_dep_time})]", 0.0), operator: *, right: (1.0, 1.0), result: 0.0}
列 'p' 不存在，对列 sched_dep_time 不过滤，直接选择所有非无效值。
clean_bool length:2
newest best op: Uniop(df,'sched_dep_time','07:15 PM',(['flight'], {('CO-1694-LAX-IAH',)}),{left: ("[FunctionalDependency:(s: {flight}, t: {sched_dep_time})]", 0.0), operator: *, right: (1.0, 1.0), result: 0.0})
now error: 0.0
Block processing time: 0.038077 seconds
Computing Block 16 out of 341
Processing Block size=21
begin cleaner{left: ("[FunctionalDependency:(s: {flight}, t: {sched_dep_time})]", 0.0), operator: *, right: (1.0, 1.0), result: 0.0}
列 'p' 不存在，对列 sched_dep_time 不过滤，直接选择所有非无效值。
clean_bool length:2
newest best op: Uniop(df,'sched_dep_time','07:10 AM',(['flight'], {('AA-643-MIA-ORD',)}),{left: ("[FunctionalDependency:(s: {flight}, t: {sched_dep_time})]", 0.0), operator: *, right: (1.0, 1.0), result: 0.0})
now error: 0.0
Block processing time: 0.039701 seconds
Computing Block 17 out of 341
Processing Block size=18
begin cleaner{left: ("[FunctionalDependency:(s: {flight}, t: {sched_dep_time})]", 0.0), operator: *, right: (1.0, 1.0), result: 0.0}
列 'p' 不存在，对列 sched_dep_time 不过滤，直接选择所有非无效值。
clean_bool length:2
newest best op: Uniop(df,'sched_dep_time','04:00 PM',(['flight'], {('UA-2726-FLL-PHL',)}),{left: ("[FunctionalDependency:(s: {flight}, t: {sched_dep_time})]", 0.0), operator: *, right: (1.0, 1.0), result: 0.0})
now error: 0.0
Block processing time: 0.034753 seconds
Computing Block 20 out of 341
Processing Block size=19
begin cleaner{left: ("[FunctionalDependency:(s: {flight}, t: {sched_dep_time})]", 0.0), operator: *, right: (1.0, 1.0), result: 0.0}
列 'p' 不存在，对列 sched_dep_time 不过滤，直接选择所有非无效值。
clean_bool length:2
newest best op: Uniop(df,'sched_dep_time','11:05 AM',(['flight'], {('UA-3050-PHX-CLT',)}),{left: ("[FunctionalDependency:(s: {flight}, t: {sched_dep_time})]", 0.0), operator: *, right: (1.0, 1.0), result: 0.0})
now error: 0.0
Block processing time: 0.035211 seconds
Computing Block 30 out of 341
Processing Block size=20
begin cleaner{left: ("[FunctionalDependency:(s: {flight}, t: {sched_dep_time})]", 0.0), operator: *, right: (1.0, 1.0), result: 0.0}
列 'p' 不存在，对列 sched_dep_time 不过滤，直接选择所有非无效值。
clean_bool length:2
newest best op: Uniop(df,'sched_dep_time','04:16 PM',(['flight'], {('UA-938-DEN-ORD',)}),{left: ("[FunctionalDependency:(s: {flight}, t: {sched_dep_time})]", 0.0), operator: *, right: (1.0, 1.0), result: 0.0})
now error: 0.0
Block processing time: 0.034854 seconds
Computing Block 32 out of 341
Processing Block size=21
begin cleaner{left: ("[FunctionalDependency:(s: {flight}, t: {sched_dep_time})]", 0.0), operator: *, right: (1.0, 1.0), result: 0.0}
列 'p' 不存在，对列 sched_dep_time 不过滤，直接选择所有非无效值。
clean_bool length:2
newest best op: Uniop(df,'sched_dep_time','02:35 PM',(['flight'], {('AA-3804-PHL-ORD',)}),{left: ("[FunctionalDependency:(s: {flight}, t: {sched_dep_time})]", 0.0), operator: *, right: (1.0, 1.0), result: 0.0})
now error: 0.0
Block processing time: 0.036792 seconds
Computing Block 35 out of 341
Processing Block size=18
begin cleaner{left: ("[FunctionalDependency:(s: {flight}, t: {sched_dep_time})]", 0.0), operator: *, right: (1.0, 1.0), result: 0.0}
列 'p' 不存在，对列 sched_dep_time 不过滤，直接选择所有非无效值。
clean_bool length:2
newest best op: Uniop(df,'sched_dep_time','09:45 AM',(['flight'], {('CO-1090-BOS-IAH',)}),{left: ("[FunctionalDependency:(s: {flight}, t: {sched_dep_time})]", 0.0), operator: *, right: (1.0, 1.0), result: 0.0})
now error: 0.0
Block processing time: 0.031326 seconds
Computing Block 39 out of 341
Processing Block size=17
begin cleaner{left: ("[FunctionalDependency:(s: {flight}, t: {sched_dep_time})]", 0.0), operator: *, right: (1.0, 1.0), result: 0.0}
列 'p' 不存在，对列 sched_dep_time 不过滤，直接选择所有非无效值。
clean_bool length:2
newest best op: Uniop(df,'sched_dep_time','11:25 AM',(['flight'], {('CO-58-DEN-IAH',)}),{left: ("[FunctionalDependency:(s: {flight}, t: {sched_dep_time})]", 0.0), operator: *, right: (1.0, 1.0), result: 0.0})
now error: 0.0
Block processing time: 0.028876 seconds
Computing Block 45 out of 341
Processing Block size=22
begin cleaner{left: ("[FunctionalDependency:(s: {flight}, t: {sched_dep_time})]", 0.0), operator: *, right: (1.0, 1.0), result: 0.0}
列 'p' 不存在，对列 sched_dep_time 不过滤，直接选择所有非无效值。
Block processing time: 0.018754 seconds
Computing Block 46 out of 341
Processing Block size=19
begin cleaner{left: ("[FunctionalDependency:(s: {flight}, t: {sched_dep_time})]", 0.0), operator: *, right: (1.0, 1.0), result: 0.0}
列 'p' 不存在，对列 sched_dep_time 不过滤，直接选择所有非无效值。
clean_bool length:3
newest best op: Uniop(df,'sched_dep_time','01:45 AM',(['flight'], {('AA-4344-ORD-DTW',)}),{left: ("[FunctionalDependency:(s: {flight}, t: {sched_dep_time})]", 0.0), operator: *, right: (1.0, 1.0), result: 0.0})
now error: 0.0
newest best op: Uniop(df,'sched_dep_time','11:45 AM',(['flight'], {('AA-4344-ORD-DTW',)}),{left: ("[FunctionalDependency:(s: {flight}, t: {sched_dep_time})]", 0.0), operator: *, right: (1.0, 1.0), result: 0.0})
now error: 0.0
Block processing time: 0.048465 seconds
Computing Block 55 out of 341
Processing Block size=21
begin cleaner{left: ("[FunctionalDependency:(s: {flight}, t: {sched_dep_time})]", 0.0), operator: *, right: (1.0, 1.0), result: 0.0}
列 'p' 不存在，对列 sched_dep_time 不过滤，直接选择所有非无效值。
clean_bool length:2
newest best op: Uniop(df,'sched_dep_time','07:55 AM',(['flight'], {('AA-2957-DFW-CVG',)}),{left: ("[FunctionalDependency:(s: {flight}, t: {sched_dep_time})]", 0.0), operator: *, right: (1.0, 1.0), result: 0.0})
now error: 0.0
Block processing time: 0.034935 seconds
Computing Block 58 out of 341
Processing Block size=18
begin cleaner{left: ("[FunctionalDependency:(s: {flight}, t: {sched_dep_time})]", 0.0), operator: *, right: (1.0, 1.0), result: 0.0}
列 'p' 不存在，对列 sched_dep_time 不过滤，直接选择所有非无效值。
clean_bool length:2
newest best op: Uniop(df,'sched_dep_time','06:59 AM',(['flight'], {('AA-1165-JFK-MIA',)}),{left: ("[FunctionalDependency:(s: {flight}, t: {sched_dep_time})]", 0.0), operator: *, right: (1.0, 1.0), result: 0.0})
now error: 0.0
Block processing time: 0.029226 seconds
Computing Block 60 out of 341
Processing Block size=15
begin cleaner{left: ("[FunctionalDependency:(s: {flight}, t: {sched_dep_time})]", 0.0), operator: *, right: (1.0, 1.0), result: 0.0}
列 'p' 不存在，对列 sched_dep_time 不过滤，直接选择所有非无效值。
clean_bool length:2
newest best op: Uniop(df,'sched_dep_time','09:00 PM',(['flight'], {('AA-3823-LAX-DEN',)}),{left: ("[FunctionalDependency:(s: {flight}, t: {sched_dep_time})]", 0.0), operator: *, right: (1.0, 1.0), result: 0.0})
now error: 0.0
Block processing time: 0.024182 seconds
Computing Block 62 out of 341
Processing Block size=22
begin cleaner{left: ("[FunctionalDependency:(s: {flight}, t: {sched_dep_time})]", 0.0), operator: *, right: (1.0, 1.0), result: 0.0}
列 'p' 不存在，对列 sched_dep_time 不过滤，直接选择所有非无效值。
clean_bool length:2
newest best op: Uniop(df,'sched_dep_time','07:00 AM',(['flight'], {('AA-3468-CVG-MIA',)}),{left: ("[FunctionalDependency:(s: {flight}, t: {sched_dep_time})]", 0.0), operator: *, right: (1.0, 1.0), result: 0.0})
now error: 0.0
Block processing time: 0.035767 seconds
Computing Block 65 out of 341
Processing Block size=19
begin cleaner{left: ("[FunctionalDependency:(s: {flight}, t: {sched_dep_time})]", 0.0), operator: *, right: (1.0, 1.0), result: 0.0}
列 'p' 不存在，对列 sched_dep_time 不过滤，直接选择所有非无效值。
clean_bool length:2
newest best op: Uniop(df,'sched_dep_time','10:40 AM',(['flight'], {('AA-2050-ORD-MIA',)}),{left: ("[FunctionalDependency:(s: {flight}, t: {sched_dep_time})]", 0.0), operator: *, right: (1.0, 1.0), result: 0.0})
now error: 0.0
Block processing time: 0.032121 seconds
Computing Block 66 out of 341
Processing Block size=21
begin cleaner{left: ("[FunctionalDependency:(s: {flight}, t: {sched_dep_time})]", 0.0), operator: *, right: (1.0, 1.0), result: 0.0}
列 'p' 不存在，对列 sched_dep_time 不过滤，直接选择所有非无效值。
clean_bool length:2
newest best op: Uniop(df,'sched_dep_time','12:10 PM',(['flight'], {('AA-4277-CVG-JFK',)}),{left: ("[FunctionalDependency:(s: {flight}, t: {sched_dep_time})]", 0.0), operator: *, right: (1.0, 1.0), result: 0.0})
now error: 0.0
Block processing time: 0.033989 seconds
Computing Block 78 out of 341
Processing Block size=2
begin cleaner{left: ("[FunctionalDependency:(s: {flight}, t: {sched_dep_time})]", 0.0), operator: *, right: (1.0, 1.0), result: 0.0}
列 'p' 不存在，对列 sched_dep_time 不过滤，直接选择所有非无效值。
clean_bool length:2
newest best op: Uniop(df,'sched_dep_time','08:20 PM',(['flight'], {('AA-3063-@@SLC-LAX',)}),{left: ("[FunctionalDependency:(s: {flight}, t: {sched_dep_time})]", 0.0), operator: *, right: (1.0, 1.0), result: 0.0})
now error: 0.0
Block processing time: 0.004008 seconds
Computing Block 98 out of 341
Processing Block size=15
begin cleaner{left: ("[FunctionalDependency:(s: {flight}, t: {sched_dep_time})]", 0.0), operator: *, right: (1.0, 1.0), result: 0.0}
列 'p' 不存在，对列 sched_dep_time 不过滤，直接选择所有非无效值。
clean_bool length:2
newest best op: Uniop(df,'sched_dep_time','01:55 PM',(['flight'], {('UA-843-LAX-ORD',)}),{left: ("[FunctionalDependency:(s: {flight}, t: {sched_dep_time})]", 0.0), operator: *, right: (1.0, 1.0), result: 0.0})
now error: 0.0
Block processing time: 0.024201 seconds
Computing Block 100 out of 341
Processing Block size=20
begin cleaner{left: ("[FunctionalDependency:(s: {flight}, t: {sched_dep_time})]", 0.0), operator: *, right: (1.0, 1.0), result: 0.0}
列 'p' 不存在，对列 sched_dep_time 不过滤，直接选择所有非无效值。
clean_bool length:2
newest best op: Uniop(df,'sched_dep_time','11:55 AM',(['flight'], {('UA-3099-PHX-PHL',)}),{left: ("[FunctionalDependency:(s: {flight}, t: {sched_dep_time})]", 0.0), operator: *, right: (1.0, 1.0), result: 0.0})
now error: 0.0
Block processing time: 0.031481 seconds
Computing Block 101 out of 341
Processing Block size=23
begin cleaner{left: ("[FunctionalDependency:(s: {flight}, t: {sched_dep_time})]", 0.0), operator: *, right: (1.0, 1.0), result: 0.0}
列 'p' 不存在，对列 sched_dep_time 不过滤，直接选择所有非无效值。
clean_bool length:2
newest best op: Uniop(df,'sched_dep_time','06:00 AM',(['flight'], {('AA-466-IAH-MIA',)}),{left: ("[FunctionalDependency:(s: {flight}, t: {sched_dep_time})]", 0.0), operator: *, right: (1.0, 1.0), result: 0.0})
now error: 0.0
Block processing time: 0.03614 seconds
Computing Block 102 out of 341
Processing Block size=18
begin cleaner{left: ("[FunctionalDependency:(s: {flight}, t: {sched_dep_time})]", 0.0), operator: *, right: (1.0, 1.0), result: 0.0}
列 'p' 不存在，对列 sched_dep_time 不过滤，直接选择所有非无效值。
clean_bool length:2
newest best op: Uniop(df,'sched_dep_time','12:30 PM',(['flight'], {('UA-382-IAD-LAX',)}),{left: ("[FunctionalDependency:(s: {flight}, t: {sched_dep_time})]", 0.0), operator: *, right: (1.0, 1.0), result: 0.0})
now error: 0.0
Block processing time: 0.02802 seconds
Computing Block 104 out of 341
Processing Block size=17
begin cleaner{left: ("[FunctionalDependency:(s: {flight}, t: {sched_dep_time})]", 0.0), operator: *, right: (1.0, 1.0), result: 0.0}
列 'p' 不存在，对列 sched_dep_time 不过滤，直接选择所有非无效值。
clean_bool length:2
newest best op: Uniop(df,'sched_dep_time','10:39 AM',(['flight'], {('UA-5487-SFO-MRY',)}),{left: ("[FunctionalDependency:(s: {flight}, t: {sched_dep_time})]", 0.0), operator: *, right: (1.0, 1.0), result: 0.0})
now error: 0.0
Block processing time: 0.026037 seconds
Computing Block 107 out of 341
Processing Block size=15
begin cleaner{left: ("[FunctionalDependency:(s: {flight}, t: {sched_dep_time})]", 0.0), operator: *, right: (1.0, 1.0), result: 0.0}
列 'p' 不存在，对列 sched_dep_time 不过滤，直接选择所有非无效值。
clean_bool length:2
newest best op: Uniop(df,'sched_dep_time','08:15 AM',(['flight'], {('UA-3515-IAD-MSP',)}),{left: ("[FunctionalDependency:(s: {flight}, t: {sched_dep_time})]", 0.0), operator: *, right: (1.0, 1.0), result: 0.0})
now error: 0.0
Block processing time: 0.023407 seconds
Computing Block 112 out of 341
Processing Block size=18
begin cleaner{left: ("[FunctionalDependency:(s: {flight}, t: {sched_dep_time})]", 0.0), operator: *, right: (1.0, 1.0), result: 0.0}
列 'p' 不存在，对列 sched_dep_time 不过滤，直接选择所有非无效值。
clean_bool length:2
newest best op: Uniop(df,'sched_dep_time','01:30 PM',(['flight'], {('AA-649-ORD-SNA',)}),{left: ("[FunctionalDependency:(s: {flight}, t: {sched_dep_time})]", 0.0), operator: *, right: (1.0, 1.0), result: 0.0})
now error: 0.0
Block processing time: 0.027584 seconds
Computing Block 114 out of 341
Processing Block size=16
begin cleaner{left: ("[FunctionalDependency:(s: {flight}, t: {sched_dep_time})]", 0.0), operator: *, right: (1.0, 1.0), result: 0.0}
列 'p' 不存在，对列 sched_dep_time 不过滤，直接选择所有非无效值。
clean_bool length:2
newest best op: Uniop(df,'sched_dep_time','06:40 AM',(['flight'], {('AA-518-MIA-JFK',)}),{left: ("[FunctionalDependency:(s: {flight}, t: {sched_dep_time})]", 0.0), operator: *, right: (1.0, 1.0), result: 0.0})
now error: 0.0
Block processing time: 0.024499 seconds
Computing Block 115 out of 341
Processing Block size=18
begin cleaner{left: ("[FunctionalDependency:(s: {flight}, t: {sched_dep_time})]", 0.0), operator: *, right: (1.0, 1.0), result: 0.0}
列 'p' 不存在，对列 sched_dep_time 不过滤，直接选择所有非无效值。
clean_bool length:2
newest best op: Uniop(df,'sched_dep_time','07:10 AM',(['flight'], {('AA-222-LAX-BOS',)}),{left: ("[FunctionalDependency:(s: {flight}, t: {sched_dep_time})]", 0.0), operator: *, right: (1.0, 1.0), result: 0.0})
now error: 0.0
Block processing time: 0.027513 seconds
Computing Block 119 out of 341
Processing Block size=16
begin cleaner{left: ("[FunctionalDependency:(s: {flight}, t: {sched_dep_time})]", 0.0), operator: *, right: (1.0, 1.0), result: 0.0}
列 'p' 不存在，对列 sched_dep_time 不过滤，直接选择所有非无效值。
Block processing time: 0.012357 seconds
Computing Block 120 out of 341
Processing Block size=12
begin cleaner{left: ("[FunctionalDependency:(s: {flight}, t: {sched_dep_time})]", 0.0), operator: *, right: (1.0, 1.0), result: 0.0}
列 'p' 不存在，对列 sched_dep_time 不过滤，直接选择所有非无效值。
clean_bool length:2
newest best op: Uniop(df,'sched_dep_time','06:00 AM',(['flight'], {('UA-414-LAX-SFO',)}),{left: ("[FunctionalDependency:(s: {flight}, t: {sched_dep_time})]", 0.0), operator: *, right: (1.0, 1.0), result: 0.0})
now error: 0.0
Block processing time: 0.018595 seconds
Computing Block 123 out of 341
Processing Block size=15
begin cleaner{left: ("[FunctionalDependency:(s: {flight}, t: {sched_dep_time})]", 0.0), operator: *, right: (1.0, 1.0), result: 0.0}
列 'p' 不存在，对列 sched_dep_time 不过滤，直接选择所有非无效值。
clean_bool length:2
newest best op: Uniop(df,'sched_dep_time','12:57 PM',(['flight'], {('UA-248-PHX-ORD',)}),{left: ("[FunctionalDependency:(s: {flight}, t: {sched_dep_time})]", 0.0), operator: *, right: (1.0, 1.0), result: 0.0})
now error: 0.0
Block processing time: 0.022923 seconds
Computing Block 127 out of 341
Processing Block size=18
begin cleaner{left: ("[FunctionalDependency:(s: {flight}, t: {sched_dep_time})]", 0.0), operator: *, right: (1.0, 1.0), result: 0.0}
列 'p' 不存在，对列 sched_dep_time 不过滤，直接选择所有非无效值。
clean_bool length:2
newest best op: Uniop(df,'sched_dep_time','04:55 PM',(['flight'], {('AA-1007-MIA-PHX',)}),{left: ("[FunctionalDependency:(s: {flight}, t: {sched_dep_time})]", 0.0), operator: *, right: (1.0, 1.0), result: 0.0})
now error: 0.0
Block processing time: 0.027509 seconds
Computing Block 129 out of 341
Processing Block size=23
begin cleaner{left: ("[FunctionalDependency:(s: {flight}, t: {sched_dep_time})]", 0.0), operator: *, right: (1.0, 1.0), result: 0.0}
列 'p' 不存在，对列 sched_dep_time 不过滤，直接选择所有非无效值。
clean_bool length:2
newest best op: Uniop(df,'sched_dep_time','07:10 AM',(['flight'], {('AA-59-JFK-SFO',)}),{left: ("[FunctionalDependency:(s: {flight}, t: {sched_dep_time})]", 0.0), operator: *, right: (1.0, 1.0), result: 0.0})
now error: 0.0
Block processing time: 0.034897 seconds
Computing Block 130 out of 341
Processing Block size=20
begin cleaner{left: ("[FunctionalDependency:(s: {flight}, t: {sched_dep_time})]", 0.0), operator: *, right: (1.0, 1.0), result: 0.0}
列 'p' 不存在，对列 sched_dep_time 不过滤，直接选择所有非无效值。
clean_bool length:2
newest best op: Uniop(df,'sched_dep_time','06:30 PM',(['flight'], {('AA-1640-MIA-MCO',)}),{left: ("[FunctionalDependency:(s: {flight}, t: {sched_dep_time})]", 0.0), operator: *, right: (1.0, 1.0), result: 0.0})
now error: 0.0
Block processing time: 0.029589 seconds
Computing Block 131 out of 341
Processing Block size=18
begin cleaner{left: ("[FunctionalDependency:(s: {flight}, t: {sched_dep_time})]", 0.0), operator: *, right: (1.0, 1.0), result: 0.0}
列 'p' 不存在，对列 sched_dep_time 不过滤，直接选择所有非无效值。
clean_bool length:2
newest best op: Uniop(df,'sched_dep_time','08:41 AM',(['flight'], {('UA-3925-IAD-ORF',)}),{left: ("[FunctionalDependency:(s: {flight}, t: {sched_dep_time})]", 0.0), operator: *, right: (1.0, 1.0), result: 0.0})
now error: 0.0
Block processing time: 0.026428 seconds
Computing Block 137 out of 341
Processing Block size=19
begin cleaner{left: ("[FunctionalDependency:(s: {flight}, t: {sched_dep_time})]", 0.0), operator: *, right: (1.0, 1.0), result: 0.0}
列 'p' 不存在，对列 sched_dep_time 不过滤，直接选择所有非无效值。
clean_bool length:2
newest best op: Uniop(df,'sched_dep_time','08:25 PM',(['flight'], {('AA-2312-DFW-DTW',)}),{left: ("[FunctionalDependency:(s: {flight}, t: {sched_dep_time})]", 0.0), operator: *, right: (1.0, 1.0), result: 0.0})
now error: 0.0
Block processing time: 0.028613 seconds
Computing Block 142 out of 341
Processing Block size=18
begin cleaner{left: ("[FunctionalDependency:(s: {flight}, t: {sched_dep_time})]", 0.0), operator: *, right: (1.0, 1.0), result: 0.0}
列 'p' 不存在，对列 sched_dep_time 不过滤，直接选择所有非无效值。
clean_bool length:2
newest best op: Uniop(df,'sched_dep_time','08:35 AM',(['flight'], {('AA-431-MIA-SFO',)}),{left: ("[FunctionalDependency:(s: {flight}, t: {sched_dep_time})]", 0.0), operator: *, right: (1.0, 1.0), result: 0.0})
now error: 0.0
Block processing time: 0.026675 seconds
Computing Block 151 out of 341
Processing Block size=22
begin cleaner{left: ("[FunctionalDependency:(s: {flight}, t: {sched_dep_time})]", 0.0), operator: *, right: (1.0, 1.0), result: 0.0}
列 'p' 不存在，对列 sched_dep_time 不过滤，直接选择所有非无效值。
clean_bool length:2
newest best op: Uniop(df,'sched_dep_time','07:15 AM',(['flight'], {('AA-1434-DFW-MCO',)}),{left: ("[FunctionalDependency:(s: {flight}, t: {sched_dep_time})]", 0.0), operator: *, right: (1.0, 1.0), result: 0.0})
now error: 0.0
Block processing time: 0.03251 seconds
Computing Block 152 out of 341
Processing Block size=15
begin cleaner{left: ("[FunctionalDependency:(s: {flight}, t: {sched_dep_time})]", 0.0), operator: *, right: (1.0, 1.0), result: 0.0}
列 'p' 不存在，对列 sched_dep_time 不过滤，直接选择所有非无效值。
clean_bool length:2
newest best op: Uniop(df,'sched_dep_time','07:10 PM',(['flight'], {('CO-47-IAH-LAX',)}),{left: ("[FunctionalDependency:(s: {flight}, t: {sched_dep_time})]", 0.0), operator: *, right: (1.0, 1.0), result: 0.0})
now error: 0.0
Block processing time: 0.022603 seconds
Computing Block 155 out of 341
Processing Block size=17
begin cleaner{left: ("[FunctionalDependency:(s: {flight}, t: {sched_dep_time})]", 0.0), operator: *, right: (1.0, 1.0), result: 0.0}
列 'p' 不存在，对列 sched_dep_time 不过滤，直接选择所有非无效值。
clean_bool length:2
newest best op: Uniop(df,'sched_dep_time','09:05 AM',(['flight'], {('AA-616-DFW-DTW',)}),{left: ("[FunctionalDependency:(s: {flight}, t: {sched_dep_time})]", 0.0), operator: *, right: (1.0, 1.0), result: 0.0})
now error: 0.0
Block processing time: 0.025569 seconds
Computing Block 156 out of 341
Processing Block size=23
begin cleaner{left: ("[FunctionalDependency:(s: {flight}, t: {sched_dep_time})]", 0.0), operator: *, right: (1.0, 1.0), result: 0.0}
列 'p' 不存在，对列 sched_dep_time 不过滤，直接选择所有非无效值。
clean_bool length:2
newest best op: Uniop(df,'sched_dep_time','07:15 AM',(['flight'], {('AA-2268-PHX-ORD',)}),{left: ("[FunctionalDependency:(s: {flight}, t: {sched_dep_time})]", 0.0), operator: *, right: (1.0, 1.0), result: 0.0})
now error: 0.0
Block processing time: 0.034143 seconds
Computing Block 160 out of 341
Processing Block size=20
begin cleaner{left: ("[FunctionalDependency:(s: {flight}, t: {sched_dep_time})]", 0.0), operator: *, right: (1.0, 1.0), result: 0.0}
列 'p' 不存在，对列 sched_dep_time 不过滤，直接选择所有非无效值。
clean_bool length:2
newest best op: Uniop(df,'sched_dep_time','11:08 PM',(['flight'], {('UA-828-SFO-ORD',)}),{left: ("[FunctionalDependency:(s: {flight}, t: {sched_dep_time})]", 0.0), operator: *, right: (1.0, 1.0), result: 0.0})
now error: 0.0
Block processing time: 0.029706 seconds
Computing Block 162 out of 341
Processing Block size=20
begin cleaner{left: ("[FunctionalDependency:(s: {flight}, t: {sched_dep_time})]", 0.0), operator: *, right: (1.0, 1.0), result: 0.0}
列 'p' 不存在，对列 sched_dep_time 不过滤，直接选择所有非无效值。
clean_bool length:2
newest best op: Uniop(df,'sched_dep_time','11:35 AM',(['flight'], {('AA-271-MIA-LAX',)}),{left: ("[FunctionalDependency:(s: {flight}, t: {sched_dep_time})]", 0.0), operator: *, right: (1.0, 1.0), result: 0.0})
now error: 0.0
Block processing time: 0.030036 seconds
Computing Block 165 out of 341
Processing Block size=15
begin cleaner{left: ("[FunctionalDependency:(s: {flight}, t: {sched_dep_time})]", 0.0), operator: *, right: (1.0, 1.0), result: 0.0}
列 'p' 不存在，对列 sched_dep_time 不过滤，直接选择所有非无效值。
clean_bool length:2
newest best op: Uniop(df,'sched_dep_time','08:05 AM',(['flight'], {('CO-1561-PHX-IAH',)}),{left: ("[FunctionalDependency:(s: {flight}, t: {sched_dep_time})]", 0.0), operator: *, right: (1.0, 1.0), result: 0.0})
now error: 0.0
Block processing time: 0.022516 seconds
Computing Block 167 out of 341
Processing Block size=17
begin cleaner{left: ("[FunctionalDependency:(s: {flight}, t: {sched_dep_time})]", 0.0), operator: *, right: (1.0, 1.0), result: 0.0}
列 'p' 不存在，对列 sched_dep_time 不过滤，直接选择所有非无效值。
clean_bool length:2
newest best op: Uniop(df,'sched_dep_time','02:30 PM',(['flight'], {('CO-62-IAH-EWR',)}),{left: ("[FunctionalDependency:(s: {flight}, t: {sched_dep_time})]", 0.0), operator: *, right: (1.0, 1.0), result: 0.0})
now error: 0.0
Block processing time: 0.025427 seconds
Computing Block 168 out of 341
Processing Block size=21
begin cleaner{left: ("[FunctionalDependency:(s: {flight}, t: {sched_dep_time})]", 0.0), operator: *, right: (1.0, 1.0), result: 0.0}
列 'p' 不存在，对列 sched_dep_time 不过滤，直接选择所有非无效值。
clean_bool length:2
newest best op: Uniop(df,'sched_dep_time','03:05 PM',(['flight'], {('AA-85-JFK-SFO',)}),{left: ("[FunctionalDependency:(s: {flight}, t: {sched_dep_time})]", 0.0), operator: *, right: (1.0, 1.0), result: 0.0})
now error: 0.0
Block processing time: 0.031247 seconds
Computing Block 169 out of 341
Processing Block size=15
begin cleaner{left: ("[FunctionalDependency:(s: {flight}, t: {sched_dep_time})]", 0.0), operator: *, right: (1.0, 1.0), result: 0.0}
列 'p' 不存在，对列 sched_dep_time 不过滤，直接选择所有非无效值。
clean_bool length:2
newest best op: Uniop(df,'sched_dep_time','10:45 AM',(['flight'], {('AA-1886-BOS-MIA',)}),{left: ("[FunctionalDependency:(s: {flight}, t: {sched_dep_time})]", 0.0), operator: *, right: (1.0, 1.0), result: 0.0})
now error: 0.0
Block processing time: 0.022661 seconds
Computing Block 170 out of 341
Processing Block size=13
begin cleaner{left: ("[FunctionalDependency:(s: {flight}, t: {sched_dep_time})]", 0.0), operator: *, right: (1.0, 1.0), result: 0.0}
列 'p' 不存在，对列 sched_dep_time 不过滤，直接选择所有非无效值。
clean_bool length:2
newest best op: Uniop(df,'sched_dep_time','09:05 AM',(['flight'], {('UA-37-EDI-EWR',)}),{left: ("[FunctionalDependency:(s: {flight}, t: {sched_dep_time})]", 0.0), operator: *, right: (1.0, 1.0), result: 0.0})
now error: 0.0
Block processing time: 0.019555 seconds
Computing Block 174 out of 341
Processing Block size=19
begin cleaner{left: ("[FunctionalDependency:(s: {flight}, t: {sched_dep_time})]", 0.0), operator: *, right: (1.0, 1.0), result: 0.0}
列 'p' 不存在，对列 sched_dep_time 不过滤，直接选择所有非无效值。
clean_bool length:2
newest best op: Uniop(df,'sched_dep_time','04:15 PM',(['flight'], {('AA-484-DFW-MIA',)}),{left: ("[FunctionalDependency:(s: {flight}, t: {sched_dep_time})]", 0.0), operator: *, right: (1.0, 1.0), result: 0.0})
now error: 0.0
Block processing time: 0.028158 seconds
Computing Block 175 out of 341
Processing Block size=17
begin cleaner{left: ("[FunctionalDependency:(s: {flight}, t: {sched_dep_time})]", 0.0), operator: *, right: (1.0, 1.0), result: 0.0}
列 'p' 不存在，对列 sched_dep_time 不过滤，直接选择所有非无效值。
clean_bool length:3
newest best op: Uniop(df,'sched_dep_time','11:40 AM',(['flight'], {('CO-1023-IAH-DEN',)}),{left: ("[FunctionalDependency:(s: {flight}, t: {sched_dep_time})]", 0.0), operator: *, right: (1.0, 1.0), result: 0.0})
now error: 0.0
Block processing time: 0.038786 seconds
Computing Block 177 out of 341
Processing Block size=18
begin cleaner{left: ("[FunctionalDependency:(s: {flight}, t: {sched_dep_time})]", 0.0), operator: *, right: (1.0, 1.0), result: 0.0}
列 'p' 不存在，对列 sched_dep_time 不过滤，直接选择所有非无效值。
clean_bool length:2
newest best op: Uniop(df,'sched_dep_time','07:00 PM',(['flight'], {('CO-1586-IAH-MCO',)}),{left: ("[FunctionalDependency:(s: {flight}, t: {sched_dep_time})]", 0.0), operator: *, right: (1.0, 1.0), result: 0.0})
now error: 0.0
Block processing time: 0.026929 seconds
Computing Block 178 out of 341
Processing Block size=24
begin cleaner{left: ("[FunctionalDependency:(s: {flight}, t: {sched_dep_time})]", 0.0), operator: *, right: (1.0, 1.0), result: 0.0}
列 'p' 不存在，对列 sched_dep_time 不过滤，直接选择所有非无效值。
clean_bool length:2
newest best op: Uniop(df,'sched_dep_time','01:05 PM',(['flight'], {('AA-789-ORD-DEN',)}),{left: ("[FunctionalDependency:(s: {flight}, t: {sched_dep_time})]", 0.0), operator: *, right: (1.0, 1.0), result: 0.0})
now error: 0.0
Block processing time: 0.035273 seconds
Computing Block 179 out of 341
Processing Block size=20
begin cleaner{left: ("[FunctionalDependency:(s: {flight}, t: {sched_dep_time})]", 0.0), operator: *, right: (1.0, 1.0), result: 0.0}
列 'p' 不存在，对列 sched_dep_time 不过滤，直接选择所有非无效值。
clean_bool length:2
newest best op: Uniop(df,'sched_dep_time','12:00 PM',(['flight'], {('AA-3-JFK-LAX',)}),{left: ("[FunctionalDependency:(s: {flight}, t: {sched_dep_time})]", 0.0), operator: *, right: (1.0, 1.0), result: 0.0})
now error: 0.0
Block processing time: 0.029839 seconds
Computing Block 180 out of 341
Processing Block size=20
begin cleaner{left: ("[FunctionalDependency:(s: {flight}, t: {sched_dep_time})]", 0.0), operator: *, right: (1.0, 1.0), result: 0.0}
列 'p' 不存在，对列 sched_dep_time 不过滤，直接选择所有非无效值。
clean_bool length:2
newest best op: Uniop(df,'sched_dep_time','07:30 AM',(['flight'], {('AA-3979-CVG-ORD',)}),{left: ("[FunctionalDependency:(s: {flight}, t: {sched_dep_time})]", 0.0), operator: *, right: (1.0, 1.0), result: 0.0})
now error: 0.0
Block processing time: 0.029584 seconds
Computing Block 182 out of 341
Processing Block size=20
begin cleaner{left: ("[FunctionalDependency:(s: {flight}, t: {sched_dep_time})]", 0.0), operator: *, right: (1.0, 1.0), result: 0.0}
列 'p' 不存在，对列 sched_dep_time 不过滤，直接选择所有非无效值。
clean_bool length:2
newest best op: Uniop(df,'sched_dep_time','11:50 AM',(['flight'], {('AA-446-DFW-PHL',)}),{left: ("[FunctionalDependency:(s: {flight}, t: {sched_dep_time})]", 0.0), operator: *, right: (1.0, 1.0), result: 0.0})
now error: 0.0
Block processing time: 0.029571 seconds
Computing Block 184 out of 341
Processing Block size=15
begin cleaner{left: ("[FunctionalDependency:(s: {flight}, t: {sched_dep_time})]", 0.0), operator: *, right: (1.0, 1.0), result: 0.0}
列 'p' 不存在，对列 sched_dep_time 不过滤，直接选择所有非无效值。
clean_bool length:2
newest best op: Uniop(df,'sched_dep_time','02:55 PM',(['flight'], {('UA-2708-EWR-CLT',)}),{left: ("[FunctionalDependency:(s: {flight}, t: {sched_dep_time})]", 0.0), operator: *, right: (1.0, 1.0), result: 0.0})
now error: 0.0
Block processing time: 0.022268 seconds
Computing Block 185 out of 341
Processing Block size=20
begin cleaner{left: ("[FunctionalDependency:(s: {flight}, t: {sched_dep_time})]", 0.0), operator: *, right: (1.0, 1.0), result: 0.0}
列 'p' 不存在，对列 sched_dep_time 不过滤，直接选择所有非无效值。
clean_bool length:2
newest best op: Uniop(df,'sched_dep_time','04:25 PM',(['flight'], {('UA-233-LAX-JFK',)}),{left: ("[FunctionalDependency:(s: {flight}, t: {sched_dep_time})]", 0.0), operator: *, right: (1.0, 1.0), result: 0.0})
now error: 0.0
Block processing time: 0.029484 seconds
Computing Block 190 out of 341
Processing Block size=23
begin cleaner{left: ("[FunctionalDependency:(s: {flight}, t: {sched_dep_time})]", 0.0), operator: *, right: (1.0, 1.0), result: 0.0}
列 'p' 不存在，对列 sched_dep_time 不过滤，直接选择所有非无效值。
clean_bool length:2
newest best op: Uniop(df,'sched_dep_time','01:00 PM',(['flight'], {('AA-1279-DFW-PHX',)}),{left: ("[FunctionalDependency:(s: {flight}, t: {sched_dep_time})]", 0.0), operator: *, right: (1.0, 1.0), result: 0.0})
now error: 0.0
Block processing time: 0.033643 seconds
Computing Block 194 out of 341
Processing Block size=17
begin cleaner{left: ("[FunctionalDependency:(s: {flight}, t: {sched_dep_time})]", 0.0), operator: *, right: (1.0, 1.0), result: 0.0}
列 'p' 不存在，对列 sched_dep_time 不过滤，直接选择所有非无效值。
clean_bool length:3
newest best op: Uniop(df,'sched_dep_time','12:00 AM',(['flight'], {('UA-2945-PHL-CLT',)}),{left: ("[FunctionalDependency:(s: {flight}, t: {sched_dep_time})]", 0.0), operator: *, right: (1.0, 1.0), result: 0.0})
now error: 0.0
Block processing time: 0.03802 seconds
Computing Block 196 out of 341
Processing Block size=19
begin cleaner{left: ("[FunctionalDependency:(s: {flight}, t: {sched_dep_time})]", 0.0), operator: *, right: (1.0, 1.0), result: 0.0}
列 'p' 不存在，对列 sched_dep_time 不过滤，直接选择所有非无效值。
clean_bool length:2
newest best op: Uniop(df,'sched_dep_time','08:00 AM',(['flight'], {('UA-397-JFK-SFO',)}),{left: ("[FunctionalDependency:(s: {flight}, t: {sched_dep_time})]", 0.0), operator: *, right: (1.0, 1.0), result: 0.0})
now error: 0.0
Block processing time: 0.028002 seconds
Computing Block 198 out of 341
Processing Block size=19
begin cleaner{left: ("[FunctionalDependency:(s: {flight}, t: {sched_dep_time})]", 0.0), operator: *, right: (1.0, 1.0), result: 0.0}
列 'p' 不存在，对列 sched_dep_time 不过滤，直接选择所有非无效值。
clean_bool length:4
newest best op: Uniop(df,'sched_dep_time','12:30 AM',(['flight'], {('CO-1614-LAX-IAH',)}),{left: ("[FunctionalDependency:(s: {flight}, t: {sched_dep_time})]", 0.0), operator: *, right: (1.0, 1.0), result: 0.0})
now error: 0.0
Block processing time: 0.056981 seconds
Computing Block 205 out of 341
Processing Block size=10
begin cleaner{left: ("[FunctionalDependency:(s: {flight}, t: {sched_dep_time})]", 0.0), operator: *, right: (1.0, 1.0), result: 0.0}
列 'p' 不存在，对列 sched_dep_time 不过滤，直接选择所有非无效值。
clean_bool length:2
newest best op: Uniop(df,'sched_dep_time','08:55 AM',(['flight'], {('UA-1500-IAH-GUA',)}),{left: ("[FunctionalDependency:(s: {flight}, t: {sched_dep_time})]", 0.0), operator: *, right: (1.0, 1.0), result: 0.0})
now error: 0.0
Block processing time: 0.015055 seconds
Computing Block 206 out of 341
Processing Block size=24
begin cleaner{left: ("[FunctionalDependency:(s: {flight}, t: {sched_dep_time})]", 0.0), operator: *, right: (1.0, 1.0), result: 0.0}
列 'p' 不存在，对列 sched_dep_time 不过滤，直接选择所有非无效值。
clean_bool length:2
newest best op: Uniop(df,'sched_dep_time','08:00 PM',(['flight'], {('AA-1221-MCO-ORD',)}),{left: ("[FunctionalDependency:(s: {flight}, t: {sched_dep_time})]", 0.0), operator: *, right: (1.0, 1.0), result: 0.0})
now error: 0.0
Block processing time: 0.035298 seconds
Computing Block 211 out of 341
Processing Block size=22
begin cleaner{left: ("[FunctionalDependency:(s: {flight}, t: {sched_dep_time})]", 0.0), operator: *, right: (1.0, 1.0), result: 0.0}
列 'p' 不存在，对列 sched_dep_time 不过滤，直接选择所有非无效值。
clean_bool length:2
newest best op: Uniop(df,'sched_dep_time','02:30 PM',(['flight'], {('UA-257-JFK-SFO',)}),{left: ("[FunctionalDependency:(s: {flight}, t: {sched_dep_time})]", 0.0), operator: *, right: (1.0, 1.0), result: 0.0})
now error: 0.0
Block processing time: 0.032306 seconds
Computing Block 213 out of 341
Processing Block size=16
begin cleaner{left: ("[FunctionalDependency:(s: {flight}, t: {sched_dep_time})]", 0.0), operator: *, right: (1.0, 1.0), result: 0.0}
列 'p' 不存在，对列 sched_dep_time 不过滤，直接选择所有非无效值。
clean_bool length:2
newest best op: Uniop(df,'sched_dep_time','04:00 PM',(['flight'], {('CO-45-EWR-MIA',)}),{left: ("[FunctionalDependency:(s: {flight}, t: {sched_dep_time})]", 0.0), operator: *, right: (1.0, 1.0), result: 0.0})
now error: 0.0
Block processing time: 0.023673 seconds
Computing Block 214 out of 341
Processing Block size=22
begin cleaner{left: ("[FunctionalDependency:(s: {flight}, t: {sched_dep_time})]", 0.0), operator: *, right: (1.0, 1.0), result: 0.0}
列 'p' 不存在，对列 sched_dep_time 不过滤，直接选择所有非无效值。
clean_bool length:2
newest best op: Uniop(df,'sched_dep_time','10:40 AM',(['flight'], {('AA-4198-ORD-CLE',)}),{left: ("[FunctionalDependency:(s: {flight}, t: {sched_dep_time})]", 0.0), operator: *, right: (1.0, 1.0), result: 0.0})
now error: 0.0
Block processing time: 0.032274 seconds
Computing Block 218 out of 341
Processing Block size=20
begin cleaner{left: ("[FunctionalDependency:(s: {flight}, t: {sched_dep_time})]", 0.0), operator: *, right: (1.0, 1.0), result: 0.0}
列 'p' 不存在，对列 sched_dep_time 不过滤，直接选择所有非无效值。
clean_bool length:3
newest best op: Uniop(df,'sched_dep_time','01:55 PM',(['flight'], {('AA-1522-SFO-ORD',)}),{left: ("[FunctionalDependency:(s: {flight}, t: {sched_dep_time})]", 0.0), operator: *, right: (1.0, 1.0), result: 0.0})
now error: 0.0
newest best op: Uniop(df,'sched_dep_time','11:55 PM',(['flight'], {('AA-1522-SFO-ORD',)}),{left: ("[FunctionalDependency:(s: {flight}, t: {sched_dep_time})]", 0.0), operator: *, right: (1.0, 1.0), result: 0.0})
now error: 0.0
Block processing time: 0.043802 seconds
Computing Block 224 out of 341
Processing Block size=12
begin cleaner{left: ("[FunctionalDependency:(s: {flight}, t: {sched_dep_time})]", 0.0), operator: *, right: (1.0, 1.0), result: 0.0}
列 'p' 不存在，对列 sched_dep_time 不过滤，直接选择所有非无效值。
clean_bool length:2
newest best op: Uniop(df,'sched_dep_time','02:30 PM',(['flight'], {('UA-62-IAH-EWR',)}),{left: ("[FunctionalDependency:(s: {flight}, t: {sched_dep_time})]", 0.0), operator: *, right: (1.0, 1.0), result: 0.0})
now error: 0.0
Block processing time: 0.018457 seconds
Computing Block 229 out of 341
Processing Block size=22
begin cleaner{left: ("[FunctionalDependency:(s: {flight}, t: {sched_dep_time})]", 0.0), operator: *, right: (1.0, 1.0), result: 0.0}
列 'p' 不存在，对列 sched_dep_time 不过滤，直接选择所有非无效值。
clean_bool length:2
newest best op: Uniop(df,'sched_dep_time','07:10 AM',(['flight'], {('AA-3859-IAH-ORD',)}),{left: ("[FunctionalDependency:(s: {flight}, t: {sched_dep_time})]", 0.0), operator: *, right: (1.0, 1.0), result: 0.0})
now error: 0.0
Block processing time: 0.032241 seconds
Computing Block 233 out of 341
Processing Block size=17
begin cleaner{left: ("[FunctionalDependency:(s: {flight}, t: {sched_dep_time})]", 0.0), operator: *, right: (1.0, 1.0), result: 0.0}
列 'p' 不存在，对列 sched_dep_time 不过滤，直接选择所有非无效值。
clean_bool length:2
newest best op: Uniop(df,'sched_dep_time','12:15 PM',(['flight'], {('AA-3756-ORD-SLC',)}),{left: ("[FunctionalDependency:(s: {flight}, t: {sched_dep_time})]", 0.0), operator: *, right: (1.0, 1.0), result: 0.0})
now error: 0.0
Block processing time: 0.024331 seconds
Computing Block 235 out of 341
Processing Block size=16
begin cleaner{left: ("[FunctionalDependency:(s: {flight}, t: {sched_dep_time})]", 0.0), operator: *, right: (1.0, 1.0), result: 0.0}
列 'p' 不存在，对列 sched_dep_time 不过滤，直接选择所有非无效值。
clean_bool length:2
newest best op: Uniop(df,'sched_dep_time','08:20 PM',(['flight'], {('AA-3063-SLC-LAX',)}),{left: ("[FunctionalDependency:(s: {flight}, t: {sched_dep_time})]", 0.0), operator: *, right: (1.0, 1.0), result: 0.0})
now error: 0.0
Block processing time: 0.023059 seconds
Computing Block 236 out of 341
Processing Block size=17
begin cleaner{left: ("[FunctionalDependency:(s: {flight}, t: {sched_dep_time})]", 0.0), operator: *, right: (1.0, 1.0), result: 0.0}
列 'p' 不存在，对列 sched_dep_time 不过滤，直接选择所有非无效值。
clean_bool length:2
newest best op: Uniop(df,'sched_dep_time','01:33 PM',(['flight'], {('UA-664-ORD-PHL',)}),{left: ("[FunctionalDependency:(s: {flight}, t: {sched_dep_time})]", 0.0), operator: *, right: (1.0, 1.0), result: 0.0})
now error: 0.0
Block processing time: 0.024223 seconds
Computing Block 239 out of 341
Processing Block size=19
begin cleaner{left: ("[FunctionalDependency:(s: {flight}, t: {sched_dep_time})]", 0.0), operator: *, right: (1.0, 1.0), result: 0.0}
列 'p' 不存在，对列 sched_dep_time 不过滤，直接选择所有非无效值。
clean_bool length:2
newest best op: Uniop(df,'sched_dep_time','06:00 AM',(['flight'], {('AA-3809-PHX-LAX',)}),{left: ("[FunctionalDependency:(s: {flight}, t: {sched_dep_time})]", 0.0), operator: *, right: (1.0, 1.0), result: 0.0})
now error: 0.0
Block processing time: 0.027032 seconds
Computing Block 242 out of 341
Processing Block size=16
begin cleaner{left: ("[FunctionalDependency:(s: {flight}, t: {sched_dep_time})]", 0.0), operator: *, right: (1.0, 1.0), result: 0.0}
列 'p' 不存在，对列 sched_dep_time 不过滤，直接选择所有非无效值。
clean_bool length:2
newest best op: Uniop(df,'sched_dep_time','07:45 PM',(['flight'], {('AA-1733-ORD-PHX',)}),{left: ("[FunctionalDependency:(s: {flight}, t: {sched_dep_time})]", 0.0), operator: *, right: (1.0, 1.0), result: 0.0})
now error: 0.0
Block processing time: 0.023034 seconds
Computing Block 246 out of 341
Processing Block size=19
begin cleaner{left: ("[FunctionalDependency:(s: {flight}, t: {sched_dep_time})]", 0.0), operator: *, right: (1.0, 1.0), result: 0.0}
列 'p' 不存在，对列 sched_dep_time 不过滤，直接选择所有非无效值。
clean_bool length:2
newest best op: Uniop(df,'sched_dep_time','04:00 PM',(['flight'], {('AA-3786-IAH-ORD',)}),{left: ("[FunctionalDependency:(s: {flight}, t: {sched_dep_time})]", 0.0), operator: *, right: (1.0, 1.0), result: 0.0})
now error: 0.0
Block processing time: 0.027123 seconds
Computing Block 249 out of 341
Processing Block size=17
begin cleaner{left: ("[FunctionalDependency:(s: {flight}, t: {sched_dep_time})]", 0.0), operator: *, right: (1.0, 1.0), result: 0.0}
列 'p' 不存在，对列 sched_dep_time 不过滤，直接选择所有非无效值。
clean_bool length:2
newest best op: Uniop(df,'sched_dep_time','02:55 PM',(['flight'], {('UA-2314-ATL-PHL',)}),{left: ("[FunctionalDependency:(s: {flight}, t: {sched_dep_time})]", 0.0), operator: *, right: (1.0, 1.0), result: 0.0})
now error: 0.0
Block processing time: 0.02447 seconds
Computing Block 253 out of 341
Processing Block size=16
begin cleaner{left: ("[FunctionalDependency:(s: {flight}, t: {sched_dep_time})]", 0.0), operator: *, right: (1.0, 1.0), result: 0.0}
列 'p' 不存在，对列 sched_dep_time 不过滤，直接选择所有非无效值。
clean_bool length:2
newest best op: Uniop(df,'sched_dep_time','07:05 AM',(['flight'], {('UA-2515-DFW-CLT',)}),{left: ("[FunctionalDependency:(s: {flight}, t: {sched_dep_time})]", 0.0), operator: *, right: (1.0, 1.0), result: 0.0})
now error: 0.0
Block processing time: 0.022959 seconds
Computing Block 259 out of 341
Processing Block size=11
begin cleaner{left: ("[FunctionalDependency:(s: {flight}, t: {sched_dep_time})]", 0.0), operator: *, right: (1.0, 1.0), result: 0.0}
列 'p' 不存在，对列 sched_dep_time 不过滤，直接选择所有非无效值。
clean_bool length:2
newest best op: Uniop(df,'sched_dep_time','08:40 AM',(['flight'], {('CO-1088-CLE-IAH',)}),{left: ("[FunctionalDependency:(s: {flight}, t: {sched_dep_time})]", 0.0), operator: *, right: (1.0, 1.0), result: 0.0})
now error: 0.0
Block processing time: 0.016048 seconds
Computing Block 269 out of 341
Processing Block size=22
begin cleaner{left: ("[FunctionalDependency:(s: {flight}, t: {sched_dep_time})]", 0.0), operator: *, right: (1.0, 1.0), result: 0.0}
列 'p' 不存在，对列 sched_dep_time 不过滤，直接选择所有非无效值。
clean_bool length:2
newest best op: Uniop(df,'sched_dep_time','06:45 PM',(['flight'], {('AA-4307-ORD-DTW',)}),{left: ("[FunctionalDependency:(s: {flight}, t: {sched_dep_time})]", 0.0), operator: *, right: (1.0, 1.0), result: 0.0})
now error: 0.0
Block processing time: 0.031269 seconds
Computing Block 270 out of 341
Processing Block size=19
begin cleaner{left: ("[FunctionalDependency:(s: {flight}, t: {sched_dep_time})]", 0.0), operator: *, right: (1.0, 1.0), result: 0.0}
列 'p' 不存在，对列 sched_dep_time 不过滤，直接选择所有非无效值。
clean_bool length:2
newest best op: Uniop(df,'sched_dep_time','09:15 AM',(['flight'], {('CO-1193-EWR-MCO',)}),{left: ("[FunctionalDependency:(s: {flight}, t: {sched_dep_time})]", 0.0), operator: *, right: (1.0, 1.0), result: 0.0})
now error: 0.0
Block processing time: 0.027355 seconds
Computing Block 272 out of 341
Processing Block size=17
begin cleaner{left: ("[FunctionalDependency:(s: {flight}, t: {sched_dep_time})]", 0.0), operator: *, right: (1.0, 1.0), result: 0.0}
列 'p' 不存在，对列 sched_dep_time 不过滤，直接选择所有非无效值。
clean_bool length:2
newest best op: Uniop(df,'sched_dep_time','08:35 AM',(['flight'], {('AA-415-BOS-ORD',)}),{left: ("[FunctionalDependency:(s: {flight}, t: {sched_dep_time})]", 0.0), operator: *, right: (1.0, 1.0), result: 0.0})
now error: 0.0
Block processing time: 0.024357 seconds
Computing Block 277 out of 341
Processing Block size=12
begin cleaner{left: ("[FunctionalDependency:(s: {flight}, t: {sched_dep_time})]", 0.0), operator: *, right: (1.0, 1.0), result: 0.0}
列 'p' 不存在，对列 sched_dep_time 不过滤，直接选择所有非无效值。
clean_bool length:2
newest best op: Uniop(df,'sched_dep_time','07:53 AM',(['flight'], {('UA-854-SFO-IAH',)}),{left: ("[FunctionalDependency:(s: {flight}, t: {sched_dep_time})]", 0.0), operator: *, right: (1.0, 1.0), result: 0.0})
now error: 0.0
Block processing time: 0.017617 seconds
Computing Block 278 out of 341
Processing Block size=16
begin cleaner{left: ("[FunctionalDependency:(s: {flight}, t: {sched_dep_time})]", 0.0), operator: *, right: (1.0, 1.0), result: 0.0}
列 'p' 不存在，对列 sched_dep_time 不过滤，直接选择所有非无效值。
clean_bool length:2
newest best op: Uniop(df,'sched_dep_time','11:15 AM',(['flight'], {('UA-2704-DTW-PHX',)}),{left: ("[FunctionalDependency:(s: {flight}, t: {sched_dep_time})]", 0.0), operator: *, right: (1.0, 1.0), result: 0.0})
now error: 0.0
Block processing time: 0.022895 seconds
Computing Block 285 out of 341
Processing Block size=9
begin cleaner{left: ("[FunctionalDependency:(s: {flight}, t: {sched_dep_time})]", 0.0), operator: *, right: (1.0, 1.0), result: 0.0}
列 'p' 不存在，对列 sched_dep_time 不过滤，直接选择所有非无效值。
clean_bool length:2
newest best op: Uniop(df,'sched_dep_time','01:45 PM',(['flight'], {('UA-858-PVG-SFO',)}),{left: ("[FunctionalDependency:(s: {flight}, t: {sched_dep_time})]", 0.0), operator: *, right: (1.0, 1.0), result: 0.0})
now error: 0.0
Block processing time: 0.013373 seconds
Computing Block 286 out of 341
Processing Block size=16
begin cleaner{left: ("[FunctionalDependency:(s: {flight}, t: {sched_dep_time})]", 0.0), operator: *, right: (1.0, 1.0), result: 0.0}
列 'p' 不存在，对列 sched_dep_time 不过滤，直接选择所有非无效值。
clean_bool length:2
newest best op: Uniop(df,'sched_dep_time','05:30 PM',(['flight'], {('CO-4888-IAH-DAL',)}),{left: ("[FunctionalDependency:(s: {flight}, t: {sched_dep_time})]", 0.0), operator: *, right: (1.0, 1.0), result: 0.0})
now error: 0.0
Block processing time: 0.023011 seconds
Computing Block 287 out of 341
Processing Block size=11
begin cleaner{left: ("[FunctionalDependency:(s: {flight}, t: {sched_dep_time})]", 0.0), operator: *, right: (1.0, 1.0), result: 0.0}
列 'p' 不存在，对列 sched_dep_time 不过滤，直接选择所有非无效值。
clean_bool length:2
newest best op: Uniop(df,'sched_dep_time','10:25 AM',(['flight'], {('CO-16-LAX-EWR',)}),{left: ("[FunctionalDependency:(s: {flight}, t: {sched_dep_time})]", 0.0), operator: *, right: (1.0, 1.0), result: 0.0})
now error: 0.0
Block processing time: 0.016091 seconds
Computing Block 288 out of 341
Processing Block size=18
begin cleaner{left: ("[FunctionalDependency:(s: {flight}, t: {sched_dep_time})]", 0.0), operator: *, right: (1.0, 1.0), result: 0.0}
列 'p' 不存在，对列 sched_dep_time 不过滤，直接选择所有非无效值。
clean_bool length:2
newest best op: Uniop(df,'sched_dep_time','02:53 PM',(['flight'], {('CO-1250-MIA-IAH',)}),{left: ("[FunctionalDependency:(s: {flight}, t: {sched_dep_time})]", 0.0), operator: *, right: (1.0, 1.0), result: 0.0})
now error: 0.0
Block processing time: 0.025762 seconds
Computing Block 296 out of 341
Processing Block size=17
begin cleaner{left: ("[FunctionalDependency:(s: {flight}, t: {sched_dep_time})]", 0.0), operator: *, right: (1.0, 1.0), result: 0.0}
列 'p' 不存在，对列 sched_dep_time 不过滤，直接选择所有非无效值。
clean_bool length:3
newest best op: Uniop(df,'sched_dep_time','01:25 AM',(['flight'], {('AA-1544-SAN-ORD',)}),{left: ("[FunctionalDependency:(s: {flight}, t: {sched_dep_time})]", 0.0), operator: *, right: (1.0, 1.0), result: 0.0})
now error: 0.0
newest best op: Uniop(df,'sched_dep_time','11:25 AM',(['flight'], {('AA-1544-SAN-ORD',)}),{left: ("[FunctionalDependency:(s: {flight}, t: {sched_dep_time})]", 0.0), operator: *, right: (1.0, 1.0), result: 0.0})
now error: 0.0
Block processing time: 0.036982 seconds
Computing Block 297 out of 341
Processing Block size=18
begin cleaner{left: ("[FunctionalDependency:(s: {flight}, t: {sched_dep_time})]", 0.0), operator: *, right: (1.0, 1.0), result: 0.0}
列 'p' 不存在，对列 sched_dep_time 不过滤，直接选择所有非无效值。
clean_bool length:2
newest best op: Uniop(df,'sched_dep_time','11:25 PM',(['flight'], {('AA-204-LAX-MCO',)}),{left: ("[FunctionalDependency:(s: {flight}, t: {sched_dep_time})]", 0.0), operator: *, right: (1.0, 1.0), result: 0.0})
now error: 0.0
Block processing time: 0.02583 seconds
Computing Block 300 out of 341
Processing Block size=15
begin cleaner{left: ("[FunctionalDependency:(s: {flight}, t: {sched_dep_time})]", 0.0), operator: *, right: (1.0, 1.0), result: 0.0}
列 'p' 不存在，对列 sched_dep_time 不过滤，直接选择所有非无效值。
clean_bool length:2
newest best op: Uniop(df,'sched_dep_time','07:35 AM',(['flight'], {('UA-6273-YYC-SFO',)}),{left: ("[FunctionalDependency:(s: {flight}, t: {sched_dep_time})]", 0.0), operator: *, right: (1.0, 1.0), result: 0.0})
now error: 0.0
Block processing time: 0.021632 seconds
Computing Block 312 out of 341
Processing Block size=20
begin cleaner{left: ("[FunctionalDependency:(s: {flight}, t: {sched_dep_time})]", 0.0), operator: *, right: (1.0, 1.0), result: 0.0}
列 'p' 不存在，对列 sched_dep_time 不过滤，直接选择所有非无效值。
clean_bool length:2
newest best op: Uniop(df,'sched_dep_time','08:29 AM',(['flight'], {('UA-3373-IAD-PHL',)}),{left: ("[FunctionalDependency:(s: {flight}, t: {sched_dep_time})]", 0.0), operator: *, right: (1.0, 1.0), result: 0.0})
now error: 0.0
Block processing time: 0.028409 seconds
Computing Block 323 out of 341
Processing Block size=18
begin cleaner{left: ("[FunctionalDependency:(s: {flight}, t: {sched_dep_time})]", 0.0), operator: *, right: (1.0, 1.0), result: 0.0}
列 'p' 不存在，对列 sched_dep_time 不过滤，直接选择所有非无效值。
clean_bool length:2
newest best op: Uniop(df,'sched_dep_time','02:55 PM',(['flight'], {('AA-1917-JFK-MCO',)}),{left: ("[FunctionalDependency:(s: {flight}, t: {sched_dep_time})]", 0.0), operator: *, right: (1.0, 1.0), result: 0.0})
now error: 0.0
Block processing time: 0.026243 seconds
Computing Block 324 out of 341
Processing Block size=12
begin cleaner{left: ("[FunctionalDependency:(s: {flight}, t: {sched_dep_time})]", 0.0), operator: *, right: (1.0, 1.0), result: 0.0}
列 'p' 不存在，对列 sched_dep_time 不过滤，直接选择所有非无效值。
clean_bool length:2
newest best op: Uniop(df,'sched_dep_time','05:25 PM',(['flight'], {('CO-63-EWR-IAH',)}),{left: ("[FunctionalDependency:(s: {flight}, t: {sched_dep_time})]", 0.0), operator: *, right: (1.0, 1.0), result: 0.0})
now error: 0.0
Block processing time: 0.017601 seconds
Computing Block 328 out of 341
Processing Block size=15
begin cleaner{left: ("[FunctionalDependency:(s: {flight}, t: {sched_dep_time})]", 0.0), operator: *, right: (1.0, 1.0), result: 0.0}
列 'p' 不存在，对列 sched_dep_time 不过滤，直接选择所有非无效值。
clean_bool length:2
WARNING:root:No partitioning rule specified, processing might be slow
newest best op: Uniop(df,'sched_dep_time','10:40 AM',(['flight'], {('AA-400-DFW-JFK',)}),{left: ("[FunctionalDependency:(s: {flight}, t: {sched_dep_time})]", 0.0), operator: *, right: (1.0, 1.0), result: 0.0})
now error: 0.0
Block processing time: 0.02178 seconds
Computing Block 329 out of 341
Processing Block size=18
begin cleaner{left: ("[FunctionalDependency:(s: {flight}, t: {sched_dep_time})]", 0.0), operator: *, right: (1.0, 1.0), result: 0.0}
列 'p' 不存在，对列 sched_dep_time 不过滤，直接选择所有非无效值。
clean_bool length:2
newest best op: Uniop(df,'sched_dep_time','03:35 PM',(['flight'], {('AA-4330-CVG-ORD',)}),{left: ("[FunctionalDependency:(s: {flight}, t: {sched_dep_time})]", 0.0), operator: *, right: (1.0, 1.0), result: 0.0})
now error: 0.0
Block processing time: 0.025703 seconds
Computing Block 330 out of 341
Processing Block size=21
begin cleaner{left: ("[FunctionalDependency:(s: {flight}, t: {sched_dep_time})]", 0.0), operator: *, right: (1.0, 1.0), result: 0.0}
列 'p' 不存在，对列 sched_dep_time 不过滤，直接选择所有非无效值。
clean_bool length:3
newest best op: Uniop(df,'sched_dep_time','10:15 AM',(['flight'], {('AA-1664-MIA-ATL',)}),{left: ("[FunctionalDependency:(s: {flight}, t: {sched_dep_time})]", 0.0), operator: *, right: (1.0, 1.0), result: 0.0})
now error: 0.0
Block processing time: 0.045409 seconds
Computing Block 332 out of 341
Processing Block size=19
begin cleaner{left: ("[FunctionalDependency:(s: {flight}, t: {sched_dep_time})]", 0.0), operator: *, right: (1.0, 1.0), result: 0.0}
列 'p' 不存在，对列 sched_dep_time 不过滤，直接选择所有非无效值。
clean_bool length:2
newest best op: Uniop(df,'sched_dep_time','06:45 AM',(['flight'], {('AA-404-MIA-MCO',)}),{left: ("[FunctionalDependency:(s: {flight}, t: {sched_dep_time})]", 0.0), operator: *, right: (1.0, 1.0), result: 0.0})
now error: 0.0
Block processing time: 0.027087 seconds
Computing Block 333 out of 341
Processing Block size=18
begin cleaner{left: ("[FunctionalDependency:(s: {flight}, t: {sched_dep_time})]", 0.0), operator: *, right: (1.0, 1.0), result: 0.0}
列 'p' 不存在，对列 sched_dep_time 不过滤，直接选择所有非无效值。
clean_bool length:2
newest best op: Uniop(df,'sched_dep_time','07:25 AM',(['flight'], {('AA-2525-DFW-MIA',)}),{left: ("[FunctionalDependency:(s: {flight}, t: {sched_dep_time})]", 0.0), operator: *, right: (1.0, 1.0), result: 0.0})
now error: 0.0
Block processing time: 0.025656 seconds
Computing Block 336 out of 341
Processing Block size=14
begin cleaner{left: ("[FunctionalDependency:(s: {flight}, t: {sched_dep_time})]", 0.0), operator: *, right: (1.0, 1.0), result: 0.0}
列 'p' 不存在，对列 sched_dep_time 不过滤，直接选择所有非无效值。
clean_bool length:2
newest best op: Uniop(df,'sched_dep_time','01:29 PM',(['flight'], {('UA-37-EWR-MCO',)}),{left: ("[FunctionalDependency:(s: {flight}, t: {sched_dep_time})]", 0.0), operator: *, right: (1.0, 1.0), result: 0.0})
now error: 0.0
Block processing time: 0.020312 seconds
  当前节点: sched_dep_time 有 98 个清洗操作
  当前节点: act_dep_time 存在可用清洗信号
数据块大小: 2376
分块属性:
[['flight']]
Starting initial block mapping...
Initial number of blocks: 341
Final number of blocks after further splitting: 341
Computing Block 1 out of 341
Processing Block size=11
begin cleaner[FunctionalDependency:(s: {'flight'}, t: {'act_dep_time'})]*1.0
列 'p' 不存在，对列 act_dep_time 不过滤，直接选择所有非无效值。
clean_bool length:2
newest best op: Uniop(df,'act_dep_time','06:02 AM',(['flight'], {('CO-89-IAH-EWR',)}),{left: ("[FunctionalDependency:(s: {flight}, t: {act_dep_time})]", 0.0), operator: *, right: (1.0, 1.0), result: 0.0})
now error: 0.0
Block processing time: 0.01736 seconds
Computing Block 2 out of 341
Processing Block size=16
begin cleaner{left: ("[FunctionalDependency:(s: {flight}, t: {act_dep_time})]", 0.0), operator: *, right: (1.0, 1.0), result: 0.0}
列 'p' 不存在，对列 act_dep_time 不过滤，直接选择所有非无效值。
Block processing time: 0.012084 seconds
Computing Block 9 out of 341
Processing Block size=18
begin cleaner{left: ("[FunctionalDependency:(s: {flight}, t: {act_dep_time})]", 0.0), operator: *, right: (1.0, 1.0), result: 0.0}
列 'p' 不存在，对列 act_dep_time 不过滤，直接选择所有非无效值。
clean_bool length:2
newest best op: Uniop(df,'act_dep_time','03:31 PM',(['flight'], {('CO-50-CLE-EWR',)}),{left: ("[FunctionalDependency:(s: {flight}, t: {act_dep_time})]", 0.0), operator: *, right: (1.0, 1.0), result: 0.0})
now error: 0.0
Block processing time: 0.027291 seconds
Computing Block 10 out of 341
Processing Block size=19
begin cleaner{left: ("[FunctionalDependency:(s: {flight}, t: {act_dep_time})]", 0.0), operator: *, right: (1.0, 1.0), result: 0.0}
列 'p' 不存在，对列 act_dep_time 不过滤，直接选择所有非无效值。
clean_bool length:2
newest best op: Uniop(df,'act_dep_time','04:28 PM',(['flight'], {('UA-2906-PHL-MCO',)}),{left: ("[FunctionalDependency:(s: {flight}, t: {act_dep_time})]", 0.0), operator: *, right: (1.0, 1.0), result: 0.0})
now error: 0.0
Block processing time: 0.029165 seconds
Computing Block 13 out of 341
Processing Block size=20
begin cleaner{left: ("[FunctionalDependency:(s: {flight}, t: {act_dep_time})]", 0.0), operator: *, right: (1.0, 1.0), result: 0.0}
列 'p' 不存在，对列 act_dep_time 不过滤，直接选择所有非无效值。
clean_bool length:2
newest best op: Uniop(df,'act_dep_time','07:15 PM',(['flight'], {('CO-1694-LAX-IAH',)}),{left: ("[FunctionalDependency:(s: {flight}, t: {act_dep_time})]", 0.0), operator: *, right: (1.0, 1.0), result: 0.0})
now error: 0.0
Block processing time: 0.0305 seconds
Computing Block 16 out of 341
Processing Block size=21
begin cleaner{left: ("[FunctionalDependency:(s: {flight}, t: {act_dep_time})]", 0.0), operator: *, right: (1.0, 1.0), result: 0.0}
列 'p' 不存在，对列 act_dep_time 不过滤，直接选择所有非无效值。
clean_bool length:2
newest best op: Uniop(df,'act_dep_time','07:30 AM',(['flight'], {('AA-643-MIA-ORD',)}),{left: ("[FunctionalDependency:(s: {flight}, t: {act_dep_time})]", 0.0), operator: *, right: (1.0, 1.0), result: 0.0})
now error: 0.0
Block processing time: 0.031111 seconds
Computing Block 17 out of 341
Processing Block size=18
begin cleaner{left: ("[FunctionalDependency:(s: {flight}, t: {act_dep_time})]", 0.0), operator: *, right: (1.0, 1.0), result: 0.0}
列 'p' 不存在，对列 act_dep_time 不过滤，直接选择所有非无效值。
clean_bool length:2
newest best op: Uniop(df,'act_dep_time','04:00 PM',(['flight'], {('UA-2726-FLL-PHL',)}),{left: ("[FunctionalDependency:(s: {flight}, t: {act_dep_time})]", 0.0), operator: *, right: (1.0, 1.0), result: 0.0})
now error: 0.0
Block processing time: 0.026699 seconds
Computing Block 20 out of 341
Processing Block size=19
begin cleaner{left: ("[FunctionalDependency:(s: {flight}, t: {act_dep_time})]", 0.0), operator: *, right: (1.0, 1.0), result: 0.0}
列 'p' 不存在，对列 act_dep_time 不过滤，直接选择所有非无效值。
clean_bool length:2
newest best op: Uniop(df,'act_dep_time','11:30 AM',(['flight'], {('UA-3050-PHX-CLT',)}),{left: ("[FunctionalDependency:(s: {flight}, t: {act_dep_time})]", 0.0), operator: *, right: (1.0, 1.0), result: 0.0})
now error: 0.0
Block processing time: 0.028305 seconds
Computing Block 30 out of 341
Processing Block size=20
begin cleaner{left: ("[FunctionalDependency:(s: {flight}, t: {act_dep_time})]", 0.0), operator: *, right: (1.0, 1.0), result: 0.0}
列 'p' 不存在，对列 act_dep_time 不过滤，直接选择所有非无效值。
clean_bool length:2
newest best op: Uniop(df,'act_dep_time','04:15 PM',(['flight'], {('UA-938-DEN-ORD',)}),{left: ("[FunctionalDependency:(s: {flight}, t: {act_dep_time})]", 0.0), operator: *, right: (1.0, 1.0), result: 0.0})
now error: 0.0
Block processing time: 0.029613 seconds
Computing Block 32 out of 341
Processing Block size=21
begin cleaner{left: ("[FunctionalDependency:(s: {flight}, t: {act_dep_time})]", 0.0), operator: *, right: (1.0, 1.0), result: 0.0}
列 'p' 不存在，对列 act_dep_time 不过滤，直接选择所有非无效值。
clean_bool length:2
newest best op: Uniop(df,'act_dep_time','02:44 PM',(['flight'], {('AA-3804-PHL-ORD',)}),{left: ("[FunctionalDependency:(s: {flight}, t: {act_dep_time})]", 0.0), operator: *, right: (1.0, 1.0), result: 0.0})
now error: 0.0
Block processing time: 0.031492 seconds
Computing Block 35 out of 341
Processing Block size=18
begin cleaner{left: ("[FunctionalDependency:(s: {flight}, t: {act_dep_time})]", 0.0), operator: *, right: (1.0, 1.0), result: 0.0}
列 'p' 不存在，对列 act_dep_time 不过滤，直接选择所有非无效值。
clean_bool length:3
newest best op: Uniop(df,'act_dep_time','10:19 AM',(['flight'], {('CO-1090-BOS-IAH',)}),{left: ("[FunctionalDependency:(s: {flight}, t: {act_dep_time})]", 0.0), operator: *, right: (1.0, 1.0), result: 0.0})
now error: 0.0
Block processing time: 0.041018 seconds
Computing Block 39 out of 341
Processing Block size=17
begin cleaner{left: ("[FunctionalDependency:(s: {flight}, t: {act_dep_time})]", 0.0), operator: *, right: (1.0, 1.0), result: 0.0}
列 'p' 不存在，对列 act_dep_time 不过滤，直接选择所有非无效值。
clean_bool length:2
newest best op: Uniop(df,'act_dep_time','11:32 AM',(['flight'], {('CO-58-DEN-IAH',)}),{left: ("[FunctionalDependency:(s: {flight}, t: {act_dep_time})]", 0.0), operator: *, right: (1.0, 1.0), result: 0.0})
now error: 0.0
Block processing time: 0.025785 seconds
Computing Block 45 out of 341
Processing Block size=22
begin cleaner{left: ("[FunctionalDependency:(s: {flight}, t: {act_dep_time})]", 0.0), operator: *, right: (1.0, 1.0), result: 0.0}
列 'p' 不存在，对列 act_dep_time 不过滤，直接选择所有非无效值。
clean_bool length:2
newest best op: Uniop(df,'act_dep_time','06:56 AM',(['flight'], {('AA-3842-MSP-ORD',)}),{left: ("[FunctionalDependency:(s: {flight}, t: {act_dep_time})]", 0.0), operator: *, right: (1.0, 1.0), result: 0.0})
now error: 0.0
Block processing time: 0.032384 seconds
Computing Block 46 out of 341
Processing Block size=19
begin cleaner{left: ("[FunctionalDependency:(s: {flight}, t: {act_dep_time})]", 0.0), operator: *, right: (1.0, 1.0), result: 0.0}
列 'p' 不存在，对列 act_dep_time 不过滤，直接选择所有非无效值。
clean_bool length:2
newest best op: Uniop(df,'act_dep_time','12:13 PM',(['flight'], {('AA-4344-ORD-DTW',)}),{left: ("[FunctionalDependency:(s: {flight}, t: {act_dep_time})]", 0.0), operator: *, right: (1.0, 1.0), result: 0.0})
now error: 0.0
Block processing time: 0.028044 seconds
Computing Block 55 out of 341
Processing Block size=21
begin cleaner{left: ("[FunctionalDependency:(s: {flight}, t: {act_dep_time})]", 0.0), operator: *, right: (1.0, 1.0), result: 0.0}
列 'p' 不存在，对列 act_dep_time 不过滤，直接选择所有非无效值。
clean_bool length:2
newest best op: Uniop(df,'act_dep_time','08:04 AM',(['flight'], {('AA-2957-DFW-CVG',)}),{left: ("[FunctionalDependency:(s: {flight}, t: {act_dep_time})]", 0.0), operator: *, right: (1.0, 1.0), result: 0.0})
now error: 0.0
Block processing time: 0.030844 seconds
Computing Block 58 out of 341
Processing Block size=18
begin cleaner{left: ("[FunctionalDependency:(s: {flight}, t: {act_dep_time})]", 0.0), operator: *, right: (1.0, 1.0), result: 0.0}
列 'p' 不存在，对列 act_dep_time 不过滤，直接选择所有非无效值。
clean_bool length:2
newest best op: Uniop(df,'act_dep_time','07:22 AM',(['flight'], {('AA-1165-JFK-MIA',)}),{left: ("[FunctionalDependency:(s: {flight}, t: {act_dep_time})]", 0.0), operator: *, right: (1.0, 1.0), result: 0.0})
now error: 0.0
Block processing time: 0.026883 seconds
Computing Block 60 out of 341
Processing Block size=15
begin cleaner{left: ("[FunctionalDependency:(s: {flight}, t: {act_dep_time})]", 0.0), operator: *, right: (1.0, 1.0), result: 0.0}
列 'p' 不存在，对列 act_dep_time 不过滤，直接选择所有非无效值。
clean_bool length:2
newest best op: Uniop(df,'act_dep_time','09:00 PM',(['flight'], {('AA-3823-LAX-DEN',)}),{left: ("[FunctionalDependency:(s: {flight}, t: {act_dep_time})]", 0.0), operator: *, right: (1.0, 1.0), result: 0.0})
now error: 0.0
Block processing time: 0.022487 seconds
Computing Block 62 out of 341
Processing Block size=22
begin cleaner{left: ("[FunctionalDependency:(s: {flight}, t: {act_dep_time})]", 0.0), operator: *, right: (1.0, 1.0), result: 0.0}
列 'p' 不存在，对列 act_dep_time 不过滤，直接选择所有非无效值。
clean_bool length:2
newest best op: Uniop(df,'act_dep_time','07:25 AM',(['flight'], {('AA-3468-CVG-MIA',)}),{left: ("[FunctionalDependency:(s: {flight}, t: {act_dep_time})]", 0.0), operator: *, right: (1.0, 1.0), result: 0.0})
now error: 0.0
Block processing time: 0.032392 seconds
Computing Block 65 out of 341
Processing Block size=19
begin cleaner{left: ("[FunctionalDependency:(s: {flight}, t: {act_dep_time})]", 0.0), operator: *, right: (1.0, 1.0), result: 0.0}
列 'p' 不存在，对列 act_dep_time 不过滤，直接选择所有非无效值。
clean_bool length:3
newest best op: Uniop(df,'act_dep_time','11:05 AM',(['flight'], {('AA-2050-ORD-MIA',)}),{left: ("[FunctionalDependency:(s: {flight}, t: {act_dep_time})]", 0.0), operator: *, right: (1.0, 1.0), result: 0.0})
now error: 0.0
Block processing time: 0.042466 seconds
Computing Block 66 out of 341
Processing Block size=21
begin cleaner{left: ("[FunctionalDependency:(s: {flight}, t: {act_dep_time})]", 0.0), operator: *, right: (1.0, 1.0), result: 0.0}
列 'p' 不存在，对列 act_dep_time 不过滤，直接选择所有非无效值。
clean_bool length:3
newest best op: Uniop(df,'act_dep_time','12:10 PM',(['flight'], {('AA-4277-CVG-JFK',)}),{left: ("[FunctionalDependency:(s: {flight}, t: {act_dep_time})]", 0.0), operator: *, right: (1.0, 1.0), result: 0.0})
now error: 0.0
Block processing time: 0.046928 seconds
Computing Block 78 out of 341
Processing Block size=2
begin cleaner{left: ("[FunctionalDependency:(s: {flight}, t: {act_dep_time})]", 0.0), operator: *, right: (1.0, 1.0), result: 0.0}
列 'p' 不存在，对列 act_dep_time 不过滤，直接选择所有非无效值。
Block processing time: 0.001614 seconds
Computing Block 98 out of 341
Processing Block size=15
begin cleaner{left: ("[FunctionalDependency:(s: {flight}, t: {act_dep_time})]", 0.0), operator: *, right: (1.0, 1.0), result: 0.0}
列 'p' 不存在，对列 act_dep_time 不过滤，直接选择所有非无效值。
clean_bool length:2
newest best op: Uniop(df,'act_dep_time','02:10 PM',(['flight'], {('UA-843-LAX-ORD',)}),{left: ("[FunctionalDependency:(s: {flight}, t: {act_dep_time})]", 0.0), operator: *, right: (1.0, 1.0), result: 0.0})
now error: 0.0
Block processing time: 0.022356 seconds
Computing Block 100 out of 341
Processing Block size=20
begin cleaner{left: ("[FunctionalDependency:(s: {flight}, t: {act_dep_time})]", 0.0), operator: *, right: (1.0, 1.0), result: 0.0}
列 'p' 不存在，对列 act_dep_time 不过滤，直接选择所有非无效值。
clean_bool length:2
newest best op: Uniop(df,'act_dep_time','11:55 AM',(['flight'], {('UA-3099-PHX-PHL',)}),{left: ("[FunctionalDependency:(s: {flight}, t: {act_dep_time})]", 0.0), operator: *, right: (1.0, 1.0), result: 0.0})
now error: 0.0
Block processing time: 0.029344 seconds
Computing Block 101 out of 341
Processing Block size=23
begin cleaner{left: ("[FunctionalDependency:(s: {flight}, t: {act_dep_time})]", 0.0), operator: *, right: (1.0, 1.0), result: 0.0}
列 'p' 不存在，对列 act_dep_time 不过滤，直接选择所有非无效值。
clean_bool length:2
newest best op: Uniop(df,'act_dep_time','06:08 AM',(['flight'], {('AA-466-IAH-MIA',)}),{left: ("[FunctionalDependency:(s: {flight}, t: {act_dep_time})]", 0.0), operator: *, right: (1.0, 1.0), result: 0.0})
now error: 0.0
Block processing time: 0.034026 seconds
Computing Block 102 out of 341
Processing Block size=18
begin cleaner{left: ("[FunctionalDependency:(s: {flight}, t: {act_dep_time})]", 0.0), operator: *, right: (1.0, 1.0), result: 0.0}
列 'p' 不存在，对列 act_dep_time 不过滤，直接选择所有非无效值。
clean_bool length:2
newest best op: Uniop(df,'act_dep_time','12:35 PM',(['flight'], {('UA-382-IAD-LAX',)}),{left: ("[FunctionalDependency:(s: {flight}, t: {act_dep_time})]", 0.0), operator: *, right: (1.0, 1.0), result: 0.0})
now error: 0.0
Block processing time: 0.026958 seconds
Computing Block 104 out of 341
Processing Block size=17
begin cleaner{left: ("[FunctionalDependency:(s: {flight}, t: {act_dep_time})]", 0.0), operator: *, right: (1.0, 1.0), result: 0.0}
列 'p' 不存在，对列 act_dep_time 不过滤，直接选择所有非无效值。
clean_bool length:2
newest best op: Uniop(df,'act_dep_time','10:33 AM',(['flight'], {('UA-5487-SFO-MRY',)}),{left: ("[FunctionalDependency:(s: {flight}, t: {act_dep_time})]", 0.0), operator: *, right: (1.0, 1.0), result: 0.0})
now error: 0.0
Block processing time: 0.025824 seconds
Computing Block 107 out of 341
Processing Block size=15
begin cleaner{left: ("[FunctionalDependency:(s: {flight}, t: {act_dep_time})]", 0.0), operator: *, right: (1.0, 1.0), result: 0.0}
列 'p' 不存在，对列 act_dep_time 不过滤，直接选择所有非无效值。
clean_bool length:3
newest best op: Uniop(df,'act_dep_time','04:42 PM',(['flight'], {('UA-3515-IAD-MSP',)}),{left: ("[FunctionalDependency:(s: {flight}, t: {act_dep_time})]", 0.0), operator: *, right: (1.0, 1.0), result: 0.0})
now error: 0.0
newest best op: Uniop(df,'act_dep_time','08:12 AM',(['flight'], {('UA-3515-IAD-MSP',)}),{left: ("[FunctionalDependency:(s: {flight}, t: {act_dep_time})]", 0.0), operator: *, right: (1.0, 1.0), result: 0.0})
now error: 0.0
Block processing time: 0.03501 seconds
Computing Block 112 out of 341
Processing Block size=18
begin cleaner{left: ("[FunctionalDependency:(s: {flight}, t: {act_dep_time})]", 0.0), operator: *, right: (1.0, 1.0), result: 0.0}
列 'p' 不存在，对列 act_dep_time 不过滤，直接选择所有非无效值。
clean_bool length:2
newest best op: Uniop(df,'act_dep_time','01:30 PM',(['flight'], {('AA-649-ORD-SNA',)}),{left: ("[FunctionalDependency:(s: {flight}, t: {act_dep_time})]", 0.0), operator: *, right: (1.0, 1.0), result: 0.0})
now error: 0.0
Block processing time: 0.026961 seconds
Computing Block 114 out of 341
Processing Block size=16
begin cleaner{left: ("[FunctionalDependency:(s: {flight}, t: {act_dep_time})]", 0.0), operator: *, right: (1.0, 1.0), result: 0.0}
列 'p' 不存在，对列 act_dep_time 不过滤，直接选择所有非无效值。
clean_bool length:2
newest best op: Uniop(df,'act_dep_time','06:54 AM',(['flight'], {('AA-518-MIA-JFK',)}),{left: ("[FunctionalDependency:(s: {flight}, t: {act_dep_time})]", 0.0), operator: *, right: (1.0, 1.0), result: 0.0})
now error: 0.0
Block processing time: 0.023877 seconds
Computing Block 115 out of 341
Processing Block size=18
begin cleaner{left: ("[FunctionalDependency:(s: {flight}, t: {act_dep_time})]", 0.0), operator: *, right: (1.0, 1.0), result: 0.0}
列 'p' 不存在，对列 act_dep_time 不过滤，直接选择所有非无效值。
clean_bool length:2
newest best op: Uniop(df,'act_dep_time','07:31 AM',(['flight'], {('AA-222-LAX-BOS',)}),{left: ("[FunctionalDependency:(s: {flight}, t: {act_dep_time})]", 0.0), operator: *, right: (1.0, 1.0), result: 0.0})
now error: 0.0
Block processing time: 0.026984 seconds
Computing Block 119 out of 341
Processing Block size=16
begin cleaner{left: ("[FunctionalDependency:(s: {flight}, t: {act_dep_time})]", 0.0), operator: *, right: (1.0, 1.0), result: 0.0}
列 'p' 不存在，对列 act_dep_time 不过滤，直接选择所有非无效值。
clean_bool length:2
newest best op: Uniop(df,'act_dep_time','03:27 PM',(['flight'], {('UA-2830-MCO-CLT',)}),{left: ("[FunctionalDependency:(s: {flight}, t: {act_dep_time})]", 0.0), operator: *, right: (1.0, 1.0), result: 0.0})
now error: 0.0
Block processing time: 0.024501 seconds
Computing Block 120 out of 341
Processing Block size=12
begin cleaner{left: ("[FunctionalDependency:(s: {flight}, t: {act_dep_time})]", 0.0), operator: *, right: (1.0, 1.0), result: 0.0}
列 'p' 不存在，对列 act_dep_time 不过滤，直接选择所有非无效值。
clean_bool length:2
newest best op: Uniop(df,'act_dep_time','05:56 AM',(['flight'], {('UA-414-LAX-SFO',)}),{left: ("[FunctionalDependency:(s: {flight}, t: {act_dep_time})]", 0.0), operator: *, right: (1.0, 1.0), result: 0.0})
now error: 0.0
Block processing time: 0.018347 seconds
Computing Block 123 out of 341
Processing Block size=15
begin cleaner{left: ("[FunctionalDependency:(s: {flight}, t: {act_dep_time})]", 0.0), operator: *, right: (1.0, 1.0), result: 0.0}
列 'p' 不存在，对列 act_dep_time 不过滤，直接选择所有非无效值。
clean_bool length:2
newest best op: Uniop(df,'act_dep_time','01:32 PM',(['flight'], {('UA-248-PHX-ORD',)}),{left: ("[FunctionalDependency:(s: {flight}, t: {act_dep_time})]", 0.0), operator: *, right: (1.0, 1.0), result: 0.0})
now error: 0.0
Block processing time: 0.022627 seconds
Computing Block 127 out of 341
Processing Block size=18
begin cleaner{left: ("[FunctionalDependency:(s: {flight}, t: {act_dep_time})]", 0.0), operator: *, right: (1.0, 1.0), result: 0.0}
列 'p' 不存在，对列 act_dep_time 不过滤，直接选择所有非无效值。
clean_bool length:2
newest best op: Uniop(df,'act_dep_time','05:08 PM',(['flight'], {('AA-1007-MIA-PHX',)}),{left: ("[FunctionalDependency:(s: {flight}, t: {act_dep_time})]", 0.0), operator: *, right: (1.0, 1.0), result: 0.0})
now error: 0.0
Block processing time: 0.027348 seconds
Computing Block 129 out of 341
Processing Block size=23
begin cleaner{left: ("[FunctionalDependency:(s: {flight}, t: {act_dep_time})]", 0.0), operator: *, right: (1.0, 1.0), result: 0.0}
列 'p' 不存在，对列 act_dep_time 不过滤，直接选择所有非无效值。
clean_bool length:2
newest best op: Uniop(df,'act_dep_time','07:39 AM',(['flight'], {('AA-59-JFK-SFO',)}),{left: ("[FunctionalDependency:(s: {flight}, t: {act_dep_time})]", 0.0), operator: *, right: (1.0, 1.0), result: 0.0})
now error: 0.0
Block processing time: 0.035034 seconds
Computing Block 130 out of 341
Processing Block size=20
begin cleaner{left: ("[FunctionalDependency:(s: {flight}, t: {act_dep_time})]", 0.0), operator: *, right: (1.0, 1.0), result: 0.0}
列 'p' 不存在，对列 act_dep_time 不过滤，直接选择所有非无效值。
clean_bool length:2
newest best op: Uniop(df,'act_dep_time','06:30 PM',(['flight'], {('AA-1640-MIA-MCO',)}),{left: ("[FunctionalDependency:(s: {flight}, t: {act_dep_time})]", 0.0), operator: *, right: (1.0, 1.0), result: 0.0})
now error: 0.0
Block processing time: 0.030073 seconds
Computing Block 131 out of 341
Processing Block size=18
begin cleaner{left: ("[FunctionalDependency:(s: {flight}, t: {act_dep_time})]", 0.0), operator: *, right: (1.0, 1.0), result: 0.0}
列 'p' 不存在，对列 act_dep_time 不过滤，直接选择所有非无效值。
clean_bool length:2
newest best op: Uniop(df,'act_dep_time','08:42 AM',(['flight'], {('UA-3925-IAD-ORF',)}),{left: ("[FunctionalDependency:(s: {flight}, t: {act_dep_time})]", 0.0), operator: *, right: (1.0, 1.0), result: 0.0})
now error: 0.0
Block processing time: 0.027704 seconds
Computing Block 137 out of 341
Processing Block size=19
begin cleaner{left: ("[FunctionalDependency:(s: {flight}, t: {act_dep_time})]", 0.0), operator: *, right: (1.0, 1.0), result: 0.0}
列 'p' 不存在，对列 act_dep_time 不过滤，直接选择所有非无效值。
clean_bool length:2
newest best op: Uniop(df,'act_dep_time','08:25 PM',(['flight'], {('AA-2312-DFW-DTW',)}),{left: ("[FunctionalDependency:(s: {flight}, t: {act_dep_time})]", 0.0), operator: *, right: (1.0, 1.0), result: 0.0})
now error: 0.0
Block processing time: 0.029677 seconds
Computing Block 142 out of 341
Processing Block size=18
begin cleaner{left: ("[FunctionalDependency:(s: {flight}, t: {act_dep_time})]", 0.0), operator: *, right: (1.0, 1.0), result: 0.0}
列 'p' 不存在，对列 act_dep_time 不过滤，直接选择所有非无效值。
clean_bool length:2
newest best op: Uniop(df,'act_dep_time','08:51 AM',(['flight'], {('AA-431-MIA-SFO',)}),{left: ("[FunctionalDependency:(s: {flight}, t: {act_dep_time})]", 0.0), operator: *, right: (1.0, 1.0), result: 0.0})
now error: 0.0
Block processing time: 0.026779 seconds
Computing Block 151 out of 341
Processing Block size=22
begin cleaner{left: ("[FunctionalDependency:(s: {flight}, t: {act_dep_time})]", 0.0), operator: *, right: (1.0, 1.0), result: 0.0}
列 'p' 不存在，对列 act_dep_time 不过滤，直接选择所有非无效值。
clean_bool length:2
newest best op: Uniop(df,'act_dep_time','07:21 AM',(['flight'], {('AA-1434-DFW-MCO',)}),{left: ("[FunctionalDependency:(s: {flight}, t: {act_dep_time})]", 0.0), operator: *, right: (1.0, 1.0), result: 0.0})
now error: 0.0
Block processing time: 0.032925 seconds
Computing Block 152 out of 341
Processing Block size=15
begin cleaner{left: ("[FunctionalDependency:(s: {flight}, t: {act_dep_time})]", 0.0), operator: *, right: (1.0, 1.0), result: 0.0}
列 'p' 不存在，对列 act_dep_time 不过滤，直接选择所有非无效值。
clean_bool length:2
newest best op: Uniop(df,'act_dep_time','08:25 PM',(['flight'], {('CO-47-IAH-LAX',)}),{left: ("[FunctionalDependency:(s: {flight}, t: {act_dep_time})]", 0.0), operator: *, right: (1.0, 1.0), result: 0.0})
now error: 0.0
Block processing time: 0.022447 seconds
Computing Block 155 out of 341
Processing Block size=17
begin cleaner{left: ("[FunctionalDependency:(s: {flight}, t: {act_dep_time})]", 0.0), operator: *, right: (1.0, 1.0), result: 0.0}
列 'p' 不存在，对列 act_dep_time 不过滤，直接选择所有非无效值。
Block processing time: 0.012778 seconds
Computing Block 156 out of 341
Processing Block size=23
begin cleaner{left: ("[FunctionalDependency:(s: {flight}, t: {act_dep_time})]", 0.0), operator: *, right: (1.0, 1.0), result: 0.0}
列 'p' 不存在，对列 act_dep_time 不过滤，直接选择所有非无效值。
clean_bool length:2
newest best op: Uniop(df,'act_dep_time','07:22 AM',(['flight'], {('AA-2268-PHX-ORD',)}),{left: ("[FunctionalDependency:(s: {flight}, t: {act_dep_time})]", 0.0), operator: *, right: (1.0, 1.0), result: 0.0})
now error: 0.0
Block processing time: 0.034181 seconds
Computing Block 160 out of 341
Processing Block size=20
begin cleaner{left: ("[FunctionalDependency:(s: {flight}, t: {act_dep_time})]", 0.0), operator: *, right: (1.0, 1.0), result: 0.0}
列 'p' 不存在，对列 act_dep_time 不过滤，直接选择所有非无效值。
clean_bool length:2
newest best op: Uniop(df,'act_dep_time','11:08 PM',(['flight'], {('UA-828-SFO-ORD',)}),{left: ("[FunctionalDependency:(s: {flight}, t: {act_dep_time})]", 0.0), operator: *, right: (1.0, 1.0), result: 0.0})
now error: 0.0
Block processing time: 0.029387 seconds
Computing Block 162 out of 341
Processing Block size=20
begin cleaner{left: ("[FunctionalDependency:(s: {flight}, t: {act_dep_time})]", 0.0), operator: *, right: (1.0, 1.0), result: 0.0}
列 'p' 不存在，对列 act_dep_time 不过滤，直接选择所有非无效值。
clean_bool length:2
newest best op: Uniop(df,'act_dep_time','11:52 AM',(['flight'], {('AA-271-MIA-LAX',)}),{left: ("[FunctionalDependency:(s: {flight}, t: {act_dep_time})]", 0.0), operator: *, right: (1.0, 1.0), result: 0.0})
now error: 0.0
Block processing time: 0.029401 seconds
Computing Block 165 out of 341
Processing Block size=15
begin cleaner{left: ("[FunctionalDependency:(s: {flight}, t: {act_dep_time})]", 0.0), operator: *, right: (1.0, 1.0), result: 0.0}
列 'p' 不存在，对列 act_dep_time 不过滤，直接选择所有非无效值。
clean_bool length:2
newest best op: Uniop(df,'act_dep_time','08:00 AM',(['flight'], {('CO-1561-PHX-IAH',)}),{left: ("[FunctionalDependency:(s: {flight}, t: {act_dep_time})]", 0.0), operator: *, right: (1.0, 1.0), result: 0.0})
now error: 0.0
Block processing time: 0.022204 seconds
Computing Block 167 out of 341
Processing Block size=17
begin cleaner{left: ("[FunctionalDependency:(s: {flight}, t: {act_dep_time})]", 0.0), operator: *, right: (1.0, 1.0), result: 0.0}
列 'p' 不存在，对列 act_dep_time 不过滤，直接选择所有非无效值。
clean_bool length:2
newest best op: Uniop(df,'act_dep_time','02:48 PM',(['flight'], {('CO-62-IAH-EWR',)}),{left: ("[FunctionalDependency:(s: {flight}, t: {act_dep_time})]", 0.0), operator: *, right: (1.0, 1.0), result: 0.0})
now error: 0.0
Block processing time: 0.025145 seconds
Computing Block 168 out of 341
Processing Block size=21
begin cleaner{left: ("[FunctionalDependency:(s: {flight}, t: {act_dep_time})]", 0.0), operator: *, right: (1.0, 1.0), result: 0.0}
列 'p' 不存在，对列 act_dep_time 不过滤，直接选择所有非无效值。
clean_bool length:2
newest best op: Uniop(df,'act_dep_time','03:36 PM',(['flight'], {('AA-85-JFK-SFO',)}),{left: ("[FunctionalDependency:(s: {flight}, t: {act_dep_time})]", 0.0), operator: *, right: (1.0, 1.0), result: 0.0})
now error: 0.0
Block processing time: 0.030783 seconds
Computing Block 169 out of 341
Processing Block size=15
begin cleaner{left: ("[FunctionalDependency:(s: {flight}, t: {act_dep_time})]", 0.0), operator: *, right: (1.0, 1.0), result: 0.0}
列 'p' 不存在，对列 act_dep_time 不过滤，直接选择所有非无效值。
clean_bool length:2
newest best op: Uniop(df,'act_dep_time','10:55 AM',(['flight'], {('AA-1886-BOS-MIA',)}),{left: ("[FunctionalDependency:(s: {flight}, t: {act_dep_time})]", 0.0), operator: *, right: (1.0, 1.0), result: 0.0})
now error: 0.0
Block processing time: 0.022548 seconds
Computing Block 170 out of 341
Processing Block size=13
begin cleaner{left: ("[FunctionalDependency:(s: {flight}, t: {act_dep_time})]", 0.0), operator: *, right: (1.0, 1.0), result: 0.0}
列 'p' 不存在，对列 act_dep_time 不过滤，直接选择所有非无效值。
clean_bool length:2
newest best op: Uniop(df,'act_dep_time','08:52 AM',(['flight'], {('UA-37-EDI-EWR',)}),{left: ("[FunctionalDependency:(s: {flight}, t: {act_dep_time})]", 0.0), operator: *, right: (1.0, 1.0), result: 0.0})
now error: 0.0
Block processing time: 0.019806 seconds
Computing Block 174 out of 341
Processing Block size=19
begin cleaner{left: ("[FunctionalDependency:(s: {flight}, t: {act_dep_time})]", 0.0), operator: *, right: (1.0, 1.0), result: 0.0}
列 'p' 不存在，对列 act_dep_time 不过滤，直接选择所有非无效值。
clean_bool length:2
newest best op: Uniop(df,'act_dep_time','04:29 PM',(['flight'], {('AA-484-DFW-MIA',)}),{left: ("[FunctionalDependency:(s: {flight}, t: {act_dep_time})]", 0.0), operator: *, right: (1.0, 1.0), result: 0.0})
now error: 0.0
Block processing time: 0.027994 seconds
Computing Block 175 out of 341
Processing Block size=17
begin cleaner{left: ("[FunctionalDependency:(s: {flight}, t: {act_dep_time})]", 0.0), operator: *, right: (1.0, 1.0), result: 0.0}
列 'p' 不存在，对列 act_dep_time 不过滤，直接选择所有非无效值。
clean_bool length:3
newest best op: Uniop(df,'act_dep_time','11:56 AM',(['flight'], {('CO-1023-IAH-DEN',)}),{left: ("[FunctionalDependency:(s: {flight}, t: {act_dep_time})]", 0.0), operator: *, right: (1.0, 1.0), result: 0.0})
now error: 0.0
Block processing time: 0.037991 seconds
Computing Block 177 out of 341
Processing Block size=18
begin cleaner{left: ("[FunctionalDependency:(s: {flight}, t: {act_dep_time})]", 0.0), operator: *, right: (1.0, 1.0), result: 0.0}
列 'p' 不存在，对列 act_dep_time 不过滤，直接选择所有非无效值。
clean_bool length:2
newest best op: Uniop(df,'act_dep_time','07:14 PM',(['flight'], {('CO-1586-IAH-MCO',)}),{left: ("[FunctionalDependency:(s: {flight}, t: {act_dep_time})]", 0.0), operator: *, right: (1.0, 1.0), result: 0.0})
now error: 0.0
Block processing time: 0.026576 seconds
Computing Block 178 out of 341
Processing Block size=24
begin cleaner{left: ("[FunctionalDependency:(s: {flight}, t: {act_dep_time})]", 0.0), operator: *, right: (1.0, 1.0), result: 0.0}
列 'p' 不存在，对列 act_dep_time 不过滤，直接选择所有非无效值。
clean_bool length:2
newest best op: Uniop(df,'act_dep_time','01:19 PM',(['flight'], {('AA-789-ORD-DEN',)}),{left: ("[FunctionalDependency:(s: {flight}, t: {act_dep_time})]", 0.0), operator: *, right: (1.0, 1.0), result: 0.0})
now error: 0.0
Block processing time: 0.035048 seconds
Computing Block 179 out of 341
Processing Block size=20
begin cleaner{left: ("[FunctionalDependency:(s: {flight}, t: {act_dep_time})]", 0.0), operator: *, right: (1.0, 1.0), result: 0.0}
列 'p' 不存在，对列 act_dep_time 不过滤，直接选择所有非无效值。
clean_bool length:3
newest best op: Uniop(df,'act_dep_time','02:11 PM',(['flight'], {('AA-3-JFK-LAX',)}),{left: ("[FunctionalDependency:(s: {flight}, t: {act_dep_time})]", 0.0), operator: *, right: (1.0, 1.0), result: 0.0})
now error: 0.0
newest best op: Uniop(df,'act_dep_time','12:11 PM',(['flight'], {('AA-3-JFK-LAX',)}),{left: ("[FunctionalDependency:(s: {flight}, t: {act_dep_time})]", 0.0), operator: *, right: (1.0, 1.0), result: 0.0})
now error: 0.0
Block processing time: 0.044645 seconds
Computing Block 180 out of 341
Processing Block size=20
begin cleaner{left: ("[FunctionalDependency:(s: {flight}, t: {act_dep_time})]", 0.0), operator: *, right: (1.0, 1.0), result: 0.0}
列 'p' 不存在，对列 act_dep_time 不过滤，直接选择所有非无效值。
clean_bool length:2
newest best op: Uniop(df,'act_dep_time','08:04 AM',(['flight'], {('AA-3979-CVG-ORD',)}),{left: ("[FunctionalDependency:(s: {flight}, t: {act_dep_time})]", 0.0), operator: *, right: (1.0, 1.0), result: 0.0})
now error: 0.0
Block processing time: 0.029634 seconds
Computing Block 182 out of 341
Processing Block size=20
begin cleaner{left: ("[FunctionalDependency:(s: {flight}, t: {act_dep_time})]", 0.0), operator: *, right: (1.0, 1.0), result: 0.0}
列 'p' 不存在，对列 act_dep_time 不过滤，直接选择所有非无效值。
clean_bool length:2
newest best op: Uniop(df,'act_dep_time','12:12 PM',(['flight'], {('AA-446-DFW-PHL',)}),{left: ("[FunctionalDependency:(s: {flight}, t: {act_dep_time})]", 0.0), operator: *, right: (1.0, 1.0), result: 0.0})
now error: 0.0
Block processing time: 0.029901 seconds
Computing Block 184 out of 341
Processing Block size=15
begin cleaner{left: ("[FunctionalDependency:(s: {flight}, t: {act_dep_time})]", 0.0), operator: *, right: (1.0, 1.0), result: 0.0}
列 'p' 不存在，对列 act_dep_time 不过滤，直接选择所有非无效值。
clean_bool length:2
newest best op: Uniop(df,'act_dep_time','02:55 PM',(['flight'], {('UA-2708-EWR-CLT',)}),{left: ("[FunctionalDependency:(s: {flight}, t: {act_dep_time})]", 0.0), operator: *, right: (1.0, 1.0), result: 0.0})
now error: 0.0
Block processing time: 0.022543 seconds
Computing Block 185 out of 341
Processing Block size=20
begin cleaner{left: ("[FunctionalDependency:(s: {flight}, t: {act_dep_time})]", 0.0), operator: *, right: (1.0, 1.0), result: 0.0}
列 'p' 不存在，对列 act_dep_time 不过滤，直接选择所有非无效值。
clean_bool length:2
newest best op: Uniop(df,'act_dep_time','04:25 PM',(['flight'], {('UA-233-LAX-JFK',)}),{left: ("[FunctionalDependency:(s: {flight}, t: {act_dep_time})]", 0.0), operator: *, right: (1.0, 1.0), result: 0.0})
now error: 0.0
Block processing time: 0.02967 seconds
Computing Block 190 out of 341
Processing Block size=23
begin cleaner{left: ("[FunctionalDependency:(s: {flight}, t: {act_dep_time})]", 0.0), operator: *, right: (1.0, 1.0), result: 0.0}
列 'p' 不存在，对列 act_dep_time 不过滤，直接选择所有非无效值。
clean_bool length:2
newest best op: Uniop(df,'act_dep_time','02:04 PM',(['flight'], {('AA-1279-DFW-PHX',)}),{left: ("[FunctionalDependency:(s: {flight}, t: {act_dep_time})]", 0.0), operator: *, right: (1.0, 1.0), result: 0.0})
now error: 0.0
Block processing time: 0.033915 seconds
Computing Block 194 out of 341
Processing Block size=17
begin cleaner{left: ("[FunctionalDependency:(s: {flight}, t: {act_dep_time})]", 0.0), operator: *, right: (1.0, 1.0), result: 0.0}
列 'p' 不存在，对列 act_dep_time 不过滤，直接选择所有非无效值。
clean_bool length:2
newest best op: Uniop(df,'act_dep_time','03:11 AM',(['flight'], {('UA-2945-PHL-CLT',)}),{left: ("[FunctionalDependency:(s: {flight}, t: {act_dep_time})]", 0.0), operator: *, right: (1.0, 1.0), result: 0.0})
now error: 0.0
Block processing time: 0.025265 seconds
Computing Block 196 out of 341
Processing Block size=19
begin cleaner{left: ("[FunctionalDependency:(s: {flight}, t: {act_dep_time})]", 0.0), operator: *, right: (1.0, 1.0), result: 0.0}
列 'p' 不存在，对列 act_dep_time 不过滤，直接选择所有非无效值。
clean_bool length:2
newest best op: Uniop(df,'act_dep_time','08:29 AM',(['flight'], {('UA-397-JFK-SFO',)}),{left: ("[FunctionalDependency:(s: {flight}, t: {act_dep_time})]", 0.0), operator: *, right: (1.0, 1.0), result: 0.0})
now error: 0.0
Block processing time: 0.028546 seconds
Computing Block 198 out of 341
Processing Block size=19
begin cleaner{left: ("[FunctionalDependency:(s: {flight}, t: {act_dep_time})]", 0.0), operator: *, right: (1.0, 1.0), result: 0.0}
列 'p' 不存在，对列 act_dep_time 不过滤，直接选择所有非无效值。
clean_bool length:3
newest best op: Uniop(df,'act_dep_time','12:41 AM',(['flight'], {('CO-1614-LAX-IAH',)}),{left: ("[FunctionalDependency:(s: {flight}, t: {act_dep_time})]", 0.0), operator: *, right: (1.0, 1.0), result: 0.0})
now error: 0.0
Block processing time: 0.043084 seconds
Computing Block 205 out of 341
Processing Block size=10
begin cleaner{left: ("[FunctionalDependency:(s: {flight}, t: {act_dep_time})]", 0.0), operator: *, right: (1.0, 1.0), result: 0.0}
列 'p' 不存在，对列 act_dep_time 不过滤，直接选择所有非无效值。
clean_bool length:2
newest best op: Uniop(df,'act_dep_time','09:16 AM',(['flight'], {('UA-1500-IAH-GUA',)}),{left: ("[FunctionalDependency:(s: {flight}, t: {act_dep_time})]", 0.0), operator: *, right: (1.0, 1.0), result: 0.0})
now error: 0.0
Block processing time: 0.015243 seconds
Computing Block 206 out of 341
Processing Block size=24
begin cleaner{left: ("[FunctionalDependency:(s: {flight}, t: {act_dep_time})]", 0.0), operator: *, right: (1.0, 1.0), result: 0.0}
列 'p' 不存在，对列 act_dep_time 不过滤，直接选择所有非无效值。
clean_bool length:2
newest best op: Uniop(df,'act_dep_time','08:23 PM',(['flight'], {('AA-1221-MCO-ORD',)}),{left: ("[FunctionalDependency:(s: {flight}, t: {act_dep_time})]", 0.0), operator: *, right: (1.0, 1.0), result: 0.0})
now error: 0.0
Block processing time: 0.035917 seconds
Computing Block 211 out of 341
Processing Block size=22
begin cleaner{left: ("[FunctionalDependency:(s: {flight}, t: {act_dep_time})]", 0.0), operator: *, right: (1.0, 1.0), result: 0.0}
列 'p' 不存在，对列 act_dep_time 不过滤，直接选择所有非无效值。
clean_bool length:2
newest best op: Uniop(df,'act_dep_time','02:26 PM',(['flight'], {('UA-257-JFK-SFO',)}),{left: ("[FunctionalDependency:(s: {flight}, t: {act_dep_time})]", 0.0), operator: *, right: (1.0, 1.0), result: 0.0})
now error: 0.0
Block processing time: 0.032993 seconds
Computing Block 213 out of 341
Processing Block size=16
begin cleaner{left: ("[FunctionalDependency:(s: {flight}, t: {act_dep_time})]", 0.0), operator: *, right: (1.0, 1.0), result: 0.0}
列 'p' 不存在，对列 act_dep_time 不过滤，直接选择所有非无效值。
clean_bool length:2
newest best op: Uniop(df,'act_dep_time','03:58 PM',(['flight'], {('CO-45-EWR-MIA',)}),{left: ("[FunctionalDependency:(s: {flight}, t: {act_dep_time})]", 0.0), operator: *, right: (1.0, 1.0), result: 0.0})
now error: 0.0
Block processing time: 0.02397 seconds
Computing Block 214 out of 341
Processing Block size=22
begin cleaner{left: ("[FunctionalDependency:(s: {flight}, t: {act_dep_time})]", 0.0), operator: *, right: (1.0, 1.0), result: 0.0}
列 'p' 不存在，对列 act_dep_time 不过滤，直接选择所有非无效值。
clean_bool length:3
newest best op: Uniop(df,'act_dep_time','10:54 AM',(['flight'], {('AA-4198-ORD-CLE',)}),{left: ("[FunctionalDependency:(s: {flight}, t: {act_dep_time})]", 0.0), operator: *, right: (1.0, 1.0), result: 0.0})
now error: 0.0
Block processing time: 0.049447 seconds
Computing Block 218 out of 341
Processing Block size=20
begin cleaner{left: ("[FunctionalDependency:(s: {flight}, t: {act_dep_time})]", 0.0), operator: *, right: (1.0, 1.0), result: 0.0}
列 'p' 不存在，对列 act_dep_time 不过滤，直接选择所有非无效值。
clean_bool length:2
newest best op: Uniop(df,'act_dep_time','11:55 PM',(['flight'], {('AA-1522-SFO-ORD',)}),{left: ("[FunctionalDependency:(s: {flight}, t: {act_dep_time})]", 0.0), operator: *, right: (1.0, 1.0), result: 0.0})
now error: 0.0
Block processing time: 0.029612 seconds
Computing Block 224 out of 341
Processing Block size=12
begin cleaner{left: ("[FunctionalDependency:(s: {flight}, t: {act_dep_time})]", 0.0), operator: *, right: (1.0, 1.0), result: 0.0}
列 'p' 不存在，对列 act_dep_time 不过滤，直接选择所有非无效值。
clean_bool length:2
newest best op: Uniop(df,'act_dep_time','02:48 PM',(['flight'], {('UA-62-IAH-EWR',)}),{left: ("[FunctionalDependency:(s: {flight}, t: {act_dep_time})]", 0.0), operator: *, right: (1.0, 1.0), result: 0.0})
now error: 0.0
Block processing time: 0.017965 seconds
Computing Block 229 out of 341
Processing Block size=22
begin cleaner{left: ("[FunctionalDependency:(s: {flight}, t: {act_dep_time})]", 0.0), operator: *, right: (1.0, 1.0), result: 0.0}
列 'p' 不存在，对列 act_dep_time 不过滤，直接选择所有非无效值。
clean_bool length:2
newest best op: Uniop(df,'act_dep_time','07:16 AM',(['flight'], {('AA-3859-IAH-ORD',)}),{left: ("[FunctionalDependency:(s: {flight}, t: {act_dep_time})]", 0.0), operator: *, right: (1.0, 1.0), result: 0.0})
now error: 0.0
Block processing time: 0.032136 seconds
Computing Block 233 out of 341
Processing Block size=17
begin cleaner{left: ("[FunctionalDependency:(s: {flight}, t: {act_dep_time})]", 0.0), operator: *, right: (1.0, 1.0), result: 0.0}
列 'p' 不存在，对列 act_dep_time 不过滤，直接选择所有非无效值。
clean_bool length:2
newest best op: Uniop(df,'act_dep_time','12:41 PM',(['flight'], {('AA-3756-ORD-SLC',)}),{left: ("[FunctionalDependency:(s: {flight}, t: {act_dep_time})]", 0.0), operator: *, right: (1.0, 1.0), result: 0.0})
now error: 0.0
Block processing time: 0.025194 seconds
Computing Block 235 out of 341
Processing Block size=16
begin cleaner{left: ("[FunctionalDependency:(s: {flight}, t: {act_dep_time})]", 0.0), operator: *, right: (1.0, 1.0), result: 0.0}
列 'p' 不存在，对列 act_dep_time 不过滤，直接选择所有非无效值。
clean_bool length:2
newest best op: Uniop(df,'act_dep_time','08:39 PM',(['flight'], {('AA-3063-SLC-LAX',)}),{left: ("[FunctionalDependency:(s: {flight}, t: {act_dep_time})]", 0.0), operator: *, right: (1.0, 1.0), result: 0.0})
now error: 0.0
Block processing time: 0.023936 seconds
Computing Block 236 out of 341
Processing Block size=17
begin cleaner{left: ("[FunctionalDependency:(s: {flight}, t: {act_dep_time})]", 0.0), operator: *, right: (1.0, 1.0), result: 0.0}
列 'p' 不存在，对列 act_dep_time 不过滤，直接选择所有非无效值。
Block processing time: 0.012666 seconds
Computing Block 239 out of 341
Processing Block size=19
begin cleaner{left: ("[FunctionalDependency:(s: {flight}, t: {act_dep_time})]", 0.0), operator: *, right: (1.0, 1.0), result: 0.0}
列 'p' 不存在，对列 act_dep_time 不过滤，直接选择所有非无效值。
clean_bool length:2
newest best op: Uniop(df,'act_dep_time','06:10 AM',(['flight'], {('AA-3809-PHX-LAX',)}),{left: ("[FunctionalDependency:(s: {flight}, t: {act_dep_time})]", 0.0), operator: *, right: (1.0, 1.0), result: 0.0})
now error: 0.0
Block processing time: 0.028104 seconds
Computing Block 242 out of 341
Processing Block size=16
begin cleaner{left: ("[FunctionalDependency:(s: {flight}, t: {act_dep_time})]", 0.0), operator: *, right: (1.0, 1.0), result: 0.0}
列 'p' 不存在，对列 act_dep_time 不过滤，直接选择所有非无效值。
clean_bool length:2
newest best op: Uniop(df,'act_dep_time','07:58 PM',(['flight'], {('AA-1733-ORD-PHX',)}),{left: ("[FunctionalDependency:(s: {flight}, t: {act_dep_time})]", 0.0), operator: *, right: (1.0, 1.0), result: 0.0})
now error: 0.0
Block processing time: 0.02363 seconds
Computing Block 246 out of 341
Processing Block size=19
begin cleaner{left: ("[FunctionalDependency:(s: {flight}, t: {act_dep_time})]", 0.0), operator: *, right: (1.0, 1.0), result: 0.0}
列 'p' 不存在，对列 act_dep_time 不过滤，直接选择所有非无效值。
clean_bool length:2
newest best op: Uniop(df,'act_dep_time','04:12 PM',(['flight'], {('AA-3786-IAH-ORD',)}),{left: ("[FunctionalDependency:(s: {flight}, t: {act_dep_time})]", 0.0), operator: *, right: (1.0, 1.0), result: 0.0})
now error: 0.0
Block processing time: 0.028406 seconds
Computing Block 249 out of 341
Processing Block size=17
begin cleaner{left: ("[FunctionalDependency:(s: {flight}, t: {act_dep_time})]", 0.0), operator: *, right: (1.0, 1.0), result: 0.0}
列 'p' 不存在，对列 act_dep_time 不过滤，直接选择所有非无效值。
clean_bool length:2
newest best op: Uniop(df,'act_dep_time','02:55 PM',(['flight'], {('UA-2314-ATL-PHL',)}),{left: ("[FunctionalDependency:(s: {flight}, t: {act_dep_time})]", 0.0), operator: *, right: (1.0, 1.0), result: 0.0})
now error: 0.0
Block processing time: 0.028581 seconds
Computing Block 253 out of 341
Processing Block size=16
begin cleaner{left: ("[FunctionalDependency:(s: {flight}, t: {act_dep_time})]", 0.0), operator: *, right: (1.0, 1.0), result: 0.0}
列 'p' 不存在，对列 act_dep_time 不过滤，直接选择所有非无效值。
clean_bool length:3
newest best op: Uniop(df,'act_dep_time','07:05 AM',(['flight'], {('UA-2515-DFW-CLT',)}),{left: ("[FunctionalDependency:(s: {flight}, t: {act_dep_time})]", 0.0), operator: *, right: (1.0, 1.0), result: 0.0})
now error: 0.0
Block processing time: 0.038037 seconds
Computing Block 259 out of 341
Processing Block size=11
begin cleaner{left: ("[FunctionalDependency:(s: {flight}, t: {act_dep_time})]", 0.0), operator: *, right: (1.0, 1.0), result: 0.0}
列 'p' 不存在，对列 act_dep_time 不过滤，直接选择所有非无效值。
clean_bool length:2
newest best op: Uniop(df,'act_dep_time','08:40 AM',(['flight'], {('CO-1088-CLE-IAH',)}),{left: ("[FunctionalDependency:(s: {flight}, t: {act_dep_time})]", 0.0), operator: *, right: (1.0, 1.0), result: 0.0})
now error: 0.0
Block processing time: 0.017201 seconds
Computing Block 269 out of 341
Processing Block size=22
begin cleaner{left: ("[FunctionalDependency:(s: {flight}, t: {act_dep_time})]", 0.0), operator: *, right: (1.0, 1.0), result: 0.0}
列 'p' 不存在，对列 act_dep_time 不过滤，直接选择所有非无效值。
clean_bool length:2
newest best op: Uniop(df,'act_dep_time','06:55 PM',(['flight'], {('AA-4307-ORD-DTW',)}),{left: ("[FunctionalDependency:(s: {flight}, t: {act_dep_time})]", 0.0), operator: *, right: (1.0, 1.0), result: 0.0})
now error: 0.0
Block processing time: 0.033393 seconds
Computing Block 270 out of 341
Processing Block size=19
begin cleaner{left: ("[FunctionalDependency:(s: {flight}, t: {act_dep_time})]", 0.0), operator: *, right: (1.0, 1.0), result: 0.0}
列 'p' 不存在，对列 act_dep_time 不过滤，直接选择所有非无效值。
clean_bool length:2
newest best op: Uniop(df,'act_dep_time','09:14 AM',(['flight'], {('CO-1193-EWR-MCO',)}),{left: ("[FunctionalDependency:(s: {flight}, t: {act_dep_time})]", 0.0), operator: *, right: (1.0, 1.0), result: 0.0})
now error: 0.0
Block processing time: 0.028807 seconds
Computing Block 272 out of 341
Processing Block size=17
begin cleaner{left: ("[FunctionalDependency:(s: {flight}, t: {act_dep_time})]", 0.0), operator: *, right: (1.0, 1.0), result: 0.0}
列 'p' 不存在，对列 act_dep_time 不过滤，直接选择所有非无效值。
clean_bool length:2
newest best op: Uniop(df,'act_dep_time','08:56 AM',(['flight'], {('AA-415-BOS-ORD',)}),{left: ("[FunctionalDependency:(s: {flight}, t: {act_dep_time})]", 0.0), operator: *, right: (1.0, 1.0), result: 0.0})
now error: 0.0
Block processing time: 0.025982 seconds
Computing Block 277 out of 341
Processing Block size=12
begin cleaner{left: ("[FunctionalDependency:(s: {flight}, t: {act_dep_time})]", 0.0), operator: *, right: (1.0, 1.0), result: 0.0}
列 'p' 不存在，对列 act_dep_time 不过滤，直接选择所有非无效值。
clean_bool length:2
newest best op: Uniop(df,'act_dep_time','07:49 AM',(['flight'], {('UA-854-SFO-IAH',)}),{left: ("[FunctionalDependency:(s: {flight}, t: {act_dep_time})]", 0.0), operator: *, right: (1.0, 1.0), result: 0.0})
now error: 0.0
Block processing time: 0.018841 seconds
Computing Block 278 out of 341
Processing Block size=16
begin cleaner{left: ("[FunctionalDependency:(s: {flight}, t: {act_dep_time})]", 0.0), operator: *, right: (1.0, 1.0), result: 0.0}
列 'p' 不存在，对列 act_dep_time 不过滤，直接选择所有非无效值。
Block processing time: 0.012339 seconds
Computing Block 285 out of 341
Processing Block size=9
begin cleaner{left: ("[FunctionalDependency:(s: {flight}, t: {act_dep_time})]", 0.0), operator: *, right: (1.0, 1.0), result: 0.0}
列 'p' 不存在，对列 act_dep_time 不过滤，直接选择所有非无效值。
clean_bool length:2
newest best op: Uniop(df,'act_dep_time','01:32 PM',(['flight'], {('UA-858-PVG-SFO',)}),{left: ("[FunctionalDependency:(s: {flight}, t: {act_dep_time})]", 0.0), operator: *, right: (1.0, 1.0), result: 0.0})
now error: 0.0
Block processing time: 0.01423 seconds
Computing Block 286 out of 341
Processing Block size=16
begin cleaner{left: ("[FunctionalDependency:(s: {flight}, t: {act_dep_time})]", 0.0), operator: *, right: (1.0, 1.0), result: 0.0}
列 'p' 不存在，对列 act_dep_time 不过滤，直接选择所有非无效值。
clean_bool length:2
newest best op: Uniop(df,'act_dep_time','05:30 PM',(['flight'], {('CO-4888-IAH-DAL',)}),{left: ("[FunctionalDependency:(s: {flight}, t: {act_dep_time})]", 0.0), operator: *, right: (1.0, 1.0), result: 0.0})
now error: 0.0
Block processing time: 0.024648 seconds
Computing Block 287 out of 341
Processing Block size=11
begin cleaner{left: ("[FunctionalDependency:(s: {flight}, t: {act_dep_time})]", 0.0), operator: *, right: (1.0, 1.0), result: 0.0}
列 'p' 不存在，对列 act_dep_time 不过滤，直接选择所有非无效值。
clean_bool length:2
newest best op: Uniop(df,'act_dep_time','10:20 AM',(['flight'], {('CO-16-LAX-EWR',)}),{left: ("[FunctionalDependency:(s: {flight}, t: {act_dep_time})]", 0.0), operator: *, right: (1.0, 1.0), result: 0.0})
now error: 0.0
Block processing time: 0.017127 seconds
Computing Block 288 out of 341
Processing Block size=18
begin cleaner{left: ("[FunctionalDependency:(s: {flight}, t: {act_dep_time})]", 0.0), operator: *, right: (1.0, 1.0), result: 0.0}
列 'p' 不存在，对列 act_dep_time 不过滤，直接选择所有非无效值。
clean_bool length:2
newest best op: Uniop(df,'act_dep_time','03:01 PM',(['flight'], {('CO-1250-MIA-IAH',)}),{left: ("[FunctionalDependency:(s: {flight}, t: {act_dep_time})]", 0.0), operator: *, right: (1.0, 1.0), result: 0.0})
now error: 0.0
Block processing time: 0.027689 seconds
Computing Block 296 out of 341
Processing Block size=17
begin cleaner{left: ("[FunctionalDependency:(s: {flight}, t: {act_dep_time})]", 0.0), operator: *, right: (1.0, 1.0), result: 0.0}
列 'p' 不存在，对列 act_dep_time 不过滤，直接选择所有非无效值。
clean_bool length:3
newest best op: Uniop(df,'act_dep_time','11:40 AM',(['flight'], {('AA-1544-SAN-ORD',)}),{left: ("[FunctionalDependency:(s: {flight}, t: {act_dep_time})]", 0.0), operator: *, right: (1.0, 1.0), result: 0.0})
now error: 0.0
Block processing time: 0.040629 seconds
Computing Block 297 out of 341
Processing Block size=18
begin cleaner{left: ("[FunctionalDependency:(s: {flight}, t: {act_dep_time})]", 0.0), operator: *, right: (1.0, 1.0), result: 0.0}
列 'p' 不存在，对列 act_dep_time 不过滤，直接选择所有非无效值。
Block processing time: 0.014109 seconds
Computing Block 300 out of 341
Processing Block size=15
begin cleaner{left: ("[FunctionalDependency:(s: {flight}, t: {act_dep_time})]", 0.0), operator: *, right: (1.0, 1.0), result: 0.0}
列 'p' 不存在，对列 act_dep_time 不过滤，直接选择所有非无效值。
Block processing time: 0.011894 seconds
Computing Block 312 out of 341
Processing Block size=20
begin cleaner{left: ("[FunctionalDependency:(s: {flight}, t: {act_dep_time})]", 0.0), operator: *, right: (1.0, 1.0), result: 0.0}
列 'p' 不存在，对列 act_dep_time 不过滤，直接选择所有非无效值。
clean_bool length:2
newest best op: Uniop(df,'act_dep_time','08:26 AM',(['flight'], {('UA-3373-IAD-PHL',)}),{left: ("[FunctionalDependency:(s: {flight}, t: {act_dep_time})]", 0.0), operator: *, right: (1.0, 1.0), result: 0.0})
now error: 0.0
Block processing time: 0.030888 seconds
Computing Block 323 out of 341
Processing Block size=18
begin cleaner{left: ("[FunctionalDependency:(s: {flight}, t: {act_dep_time})]", 0.0), operator: *, right: (1.0, 1.0), result: 0.0}
列 'p' 不存在，对列 act_dep_time 不过滤，直接选择所有非无效值。
clean_bool length:2
newest best op: Uniop(df,'act_dep_time','03:27 PM',(['flight'], {('AA-1917-JFK-MCO',)}),{left: ("[FunctionalDependency:(s: {flight}, t: {act_dep_time})]", 0.0), operator: *, right: (1.0, 1.0), result: 0.0})
now error: 0.0
Block processing time: 0.026742 seconds
Computing Block 324 out of 341
Processing Block size=12
begin cleaner{left: ("[FunctionalDependency:(s: {flight}, t: {act_dep_time})]", 0.0), operator: *, right: (1.0, 1.0), result: 0.0}
列 'p' 不存在，对列 act_dep_time 不过滤，直接选择所有非无效值。
clean_bool length:2
newest best op: Uniop(df,'act_dep_time','05:22 PM',(['flight'], {('CO-63-EWR-IAH',)}),{left: ("[FunctionalDependency:(s: {flight}, t: {act_dep_time})]", 0.0), operator: *, right: (1.0, 1.0), result: 0.0})
now error: 0.0
Block processing time: 0.018054 seconds
Computing Block 328 out of 341
Processing Block size=15
begin cleaner{left: ("[FunctionalDependency:(s: {flight}, t: {act_dep_time})]", 0.0), operator: *, right: (1.0, 1.0), result: 0.0}
列 'p' 不存在，对列 act_dep_time 不过滤，直接选择所有非无效值。
clean_bool length:2
newest best op: Uniop(df,'act_dep_time','11:01 AM',(['flight'], {('AA-400-DFW-JFK',)}),{left: ("[FunctionalDependency:(s: {flight}, t: {act_dep_time})]", 0.0), operator: *, right: (1.0, 1.0), result: 0.0})
now error: 0.0
Block processing time: 0.022443 seconds
Computing Block 329 out of 341
Processing Block size=18
begin cleaner{left: ("[FunctionalDependency:(s: {flight}, t: {act_dep_time})]", 0.0), operator: *, right: (1.0, 1.0), result: 0.0}
列 'p' 不存在，对列 act_dep_time 不过滤，直接选择所有非无效值。
clean_bool length:2
newest best op: Uniop(df,'act_dep_time','03:36 PM',(['flight'], {('AA-4330-CVG-ORD',)}),{left: ("[FunctionalDependency:(s: {flight}, t: {act_dep_time})]", 0.0), operator: *, right: (1.0, 1.0), result: 0.0})
now error: 0.0
Block processing time: 0.026718 seconds
Computing Block 330 out of 341
Processing Block size=21
begin cleaner{left: ("[FunctionalDependency:(s: {flight}, t: {act_dep_time})]", 0.0), operator: *, right: (1.0, 1.0), result: 0.0}
列 'p' 不存在，对列 act_dep_time 不过滤，直接选择所有非无效值。
clean_bool length:2
newest best op: Uniop(df,'act_dep_time','10:18 AM',(['flight'], {('AA-1664-MIA-ATL',)}),{left: ("[FunctionalDependency:(s: {flight}, t: {act_dep_time})]", 0.0), operator: *, right: (1.0, 1.0), result: 0.0})
now error: 0.0
Block processing time: 0.030954 seconds
Computing Block 332 out of 341
Processing Block size=19
begin cleaner{left: ("[FunctionalDependency:(s: {flight}, t: {act_dep_time})]", 0.0), operator: *, right: (1.0, 1.0), result: 0.0}
列 'p' 不存在，对列 act_dep_time 不过滤，直接选择所有非无效值。
clean_bool length:2
newest best op: Uniop(df,'act_dep_time','06:57 AM',(['flight'], {('AA-404-MIA-MCO',)}),{left: ("[FunctionalDependency:(s: {flight}, t: {act_dep_time})]", 0.0), operator: *, right: (1.0, 1.0), result: 0.0})
now error: 0.0
Block processing time: 0.02807 seconds
Computing Block 333 out of 341
Processing Block size=18
WARNING:root:No partitioning rule specified, processing might be slow
begin cleaner{left: ("[FunctionalDependency:(s: {flight}, t: {act_dep_time})]", 0.0), operator: *, right: (1.0, 1.0), result: 0.0}
列 'p' 不存在，对列 act_dep_time 不过滤，直接选择所有非无效值。
clean_bool length:2
newest best op: Uniop(df,'act_dep_time','07:39 AM',(['flight'], {('AA-2525-DFW-MIA',)}),{left: ("[FunctionalDependency:(s: {flight}, t: {act_dep_time})]", 0.0), operator: *, right: (1.0, 1.0), result: 0.0})
now error: 0.0
Block processing time: 0.02686 seconds
Computing Block 336 out of 341
Processing Block size=14
begin cleaner{left: ("[FunctionalDependency:(s: {flight}, t: {act_dep_time})]", 0.0), operator: *, right: (1.0, 1.0), result: 0.0}
列 'p' 不存在，对列 act_dep_time 不过滤，直接选择所有非无效值。
clean_bool length:2
newest best op: Uniop(df,'act_dep_time','01:48 PM',(['flight'], {('UA-37-EWR-MCO',)}),{left: ("[FunctionalDependency:(s: {flight}, t: {act_dep_time})]", 0.0), operator: *, right: (1.0, 1.0), result: 0.0})
now error: 0.0
Block processing time: 0.021069 seconds
  当前节点: act_dep_time 有 94 个清洗操作
  当前节点: sched_arr_time 存在可用清洗信号
数据块大小: 2376
分块属性:
[['flight']]
Starting initial block mapping...
Initial number of blocks: 341
Final number of blocks after further splitting: 341
Computing Block 1 out of 341
Processing Block size=11
begin cleaner[FunctionalDependency:(s: {'flight'}, t: {'sched_arr_time'})]*1.0
列 'p' 不存在，对列 sched_arr_time 不过滤，直接选择所有非无效值。
clean_bool length:2
newest best op: Uniop(df,'sched_arr_time','10:20 AM',(['flight'], {('CO-89-IAH-EWR',)}),{left: ("[FunctionalDependency:(s: {flight}, t: {sched_arr_time})]", 0.0), operator: *, right: (1.0, 1.0), result: 0.0})
now error: 0.0
Block processing time: 0.017064 seconds
Computing Block 2 out of 341
Processing Block size=16
begin cleaner{left: ("[FunctionalDependency:(s: {flight}, t: {sched_arr_time})]", 0.0), operator: *, right: (1.0, 1.0), result: 0.0}
列 'p' 不存在，对列 sched_arr_time 不过滤，直接选择所有非无效值。
clean_bool length:2
newest best op: Uniop(df,'sched_arr_time','09:21 AM',(['flight'], {('CO-52-IAH-LAX',)}),{left: ("[FunctionalDependency:(s: {flight}, t: {sched_arr_time})]", 0.0), operator: *, right: (1.0, 1.0), result: 0.0})
now error: 0.0
Block processing time: 0.023756 seconds
Computing Block 9 out of 341
Processing Block size=18
begin cleaner{left: ("[FunctionalDependency:(s: {flight}, t: {sched_arr_time})]", 0.0), operator: *, right: (1.0, 1.0), result: 0.0}
列 'p' 不存在，对列 sched_arr_time 不过滤，直接选择所有非无效值。
clean_bool length:2
newest best op: Uniop(df,'sched_arr_time','04:49 PM',(['flight'], {('CO-50-CLE-EWR',)}),{left: ("[FunctionalDependency:(s: {flight}, t: {sched_arr_time})]", 0.0), operator: *, right: (1.0, 1.0), result: 0.0})
now error: 0.0
Block processing time: 0.026781 seconds
Computing Block 10 out of 341
Processing Block size=19
begin cleaner{left: ("[FunctionalDependency:(s: {flight}, t: {sched_arr_time})]", 0.0), operator: *, right: (1.0, 1.0), result: 0.0}
列 'p' 不存在，对列 sched_arr_time 不过滤，直接选择所有非无效值。
clean_bool length:2
newest best op: Uniop(df,'sched_arr_time','06:23 PM',(['flight'], {('UA-2906-PHL-MCO',)}),{left: ("[FunctionalDependency:(s: {flight}, t: {sched_arr_time})]", 0.0), operator: *, right: (1.0, 1.0), result: 0.0})
now error: 0.0
Block processing time: 0.028281 seconds
Computing Block 13 out of 341
Processing Block size=20
begin cleaner{left: ("[FunctionalDependency:(s: {flight}, t: {sched_arr_time})]", 0.0), operator: *, right: (1.0, 1.0), result: 0.0}
列 'p' 不存在，对列 sched_arr_time 不过滤，直接选择所有非无效值。
clean_bool length:2
newest best op: Uniop(df,'sched_arr_time','12:21 AM',(['flight'], {('CO-1694-LAX-IAH',)}),{left: ("[FunctionalDependency:(s: {flight}, t: {sched_arr_time})]", 0.0), operator: *, right: (1.0, 1.0), result: 0.0})
now error: 0.0
Block processing time: 0.029467 seconds
Computing Block 16 out of 341
Processing Block size=21
begin cleaner{left: ("[FunctionalDependency:(s: {flight}, t: {sched_arr_time})]", 0.0), operator: *, right: (1.0, 1.0), result: 0.0}
列 'p' 不存在，对列 sched_arr_time 不过滤，直接选择所有非无效值。
clean_bool length:2
newest best op: Uniop(df,'sched_arr_time','09:35 AM',(['flight'], {('AA-643-MIA-ORD',)}),{left: ("[FunctionalDependency:(s: {flight}, t: {sched_arr_time})]", 0.0), operator: *, right: (1.0, 1.0), result: 0.0})
now error: 0.0
Block processing time: 0.031066 seconds
Computing Block 17 out of 341
Processing Block size=18
begin cleaner{left: ("[FunctionalDependency:(s: {flight}, t: {sched_arr_time})]", 0.0), operator: *, right: (1.0, 1.0), result: 0.0}
列 'p' 不存在，对列 sched_arr_time 不过滤，直接选择所有非无效值。
clean_bool length:2
newest best op: Uniop(df,'sched_arr_time','06:46 PM',(['flight'], {('UA-2726-FLL-PHL',)}),{left: ("[FunctionalDependency:(s: {flight}, t: {sched_arr_time})]", 0.0), operator: *, right: (1.0, 1.0), result: 0.0})
now error: 0.0
Block processing time: 0.026714 seconds
Computing Block 20 out of 341
Processing Block size=19
begin cleaner{left: ("[FunctionalDependency:(s: {flight}, t: {sched_arr_time})]", 0.0), operator: *, right: (1.0, 1.0), result: 0.0}
列 'p' 不存在，对列 sched_arr_time 不过滤，直接选择所有非无效值。
clean_bool length:2
newest best op: Uniop(df,'sched_arr_time','04:57 PM',(['flight'], {('UA-3050-PHX-CLT',)}),{left: ("[FunctionalDependency:(s: {flight}, t: {sched_arr_time})]", 0.0), operator: *, right: (1.0, 1.0), result: 0.0})
now error: 0.0
Block processing time: 0.028174 seconds
Computing Block 30 out of 341
Processing Block size=20
begin cleaner{left: ("[FunctionalDependency:(s: {flight}, t: {sched_arr_time})]", 0.0), operator: *, right: (1.0, 1.0), result: 0.0}
列 'p' 不存在，对列 sched_arr_time 不过滤，直接选择所有非无效值。
clean_bool length:2
newest best op: Uniop(df,'sched_arr_time','07:35 PM',(['flight'], {('UA-938-DEN-ORD',)}),{left: ("[FunctionalDependency:(s: {flight}, t: {sched_arr_time})]", 0.0), operator: *, right: (1.0, 1.0), result: 0.0})
now error: 0.0
Block processing time: 0.029506 seconds
Computing Block 32 out of 341
Processing Block size=21
begin cleaner{left: ("[FunctionalDependency:(s: {flight}, t: {sched_arr_time})]", 0.0), operator: *, right: (1.0, 1.0), result: 0.0}
列 'p' 不存在，对列 sched_arr_time 不过滤，直接选择所有非无效值。
clean_bool length:2
newest best op: Uniop(df,'sched_arr_time','04:05 PM',(['flight'], {('AA-3804-PHL-ORD',)}),{left: ("[FunctionalDependency:(s: {flight}, t: {sched_arr_time})]", 0.0), operator: *, right: (1.0, 1.0), result: 0.0})
now error: 0.0
Block processing time: 0.030909 seconds
Computing Block 35 out of 341
Processing Block size=18
begin cleaner{left: ("[FunctionalDependency:(s: {flight}, t: {sched_arr_time})]", 0.0), operator: *, right: (1.0, 1.0), result: 0.0}
列 'p' 不存在，对列 sched_arr_time 不过滤，直接选择所有非无效值。
clean_bool length:2
newest best op: Uniop(df,'sched_arr_time','01:16 PM',(['flight'], {('CO-1090-BOS-IAH',)}),{left: ("[FunctionalDependency:(s: {flight}, t: {sched_arr_time})]", 0.0), operator: *, right: (1.0, 1.0), result: 0.0})
now error: 0.0
Block processing time: 0.026926 seconds
Computing Block 39 out of 341
Processing Block size=17
begin cleaner{left: ("[FunctionalDependency:(s: {flight}, t: {sched_arr_time})]", 0.0), operator: *, right: (1.0, 1.0), result: 0.0}
列 'p' 不存在，对列 sched_arr_time 不过滤，直接选择所有非无效值。
clean_bool length:2
newest best op: Uniop(df,'sched_arr_time','02:50 PM',(['flight'], {('CO-58-DEN-IAH',)}),{left: ("[FunctionalDependency:(s: {flight}, t: {sched_arr_time})]", 0.0), operator: *, right: (1.0, 1.0), result: 0.0})
now error: 0.0
Block processing time: 0.025793 seconds
Computing Block 45 out of 341
Processing Block size=22
begin cleaner{left: ("[FunctionalDependency:(s: {flight}, t: {sched_arr_time})]", 0.0), operator: *, right: (1.0, 1.0), result: 0.0}
列 'p' 不存在，对列 sched_arr_time 不过滤，直接选择所有非无效值。
clean_bool length:2
newest best op: Uniop(df,'sched_arr_time','07:30 AM',(['flight'], {('AA-3842-MSP-ORD',)}),{left: ("[FunctionalDependency:(s: {flight}, t: {sched_arr_time})]", 0.0), operator: *, right: (1.0, 1.0), result: 0.0})
now error: 0.0
Block processing time: 0.033281 seconds
Computing Block 46 out of 341
Processing Block size=19
begin cleaner{left: ("[FunctionalDependency:(s: {flight}, t: {sched_arr_time})]", 0.0), operator: *, right: (1.0, 1.0), result: 0.0}
列 'p' 不存在，对列 sched_arr_time 不过滤，直接选择所有非无效值。
clean_bool length:2
newest best op: Uniop(df,'sched_arr_time','02:00 PM',(['flight'], {('AA-4344-ORD-DTW',)}),{left: ("[FunctionalDependency:(s: {flight}, t: {sched_arr_time})]", 0.0), operator: *, right: (1.0, 1.0), result: 0.0})
now error: 0.0
Block processing time: 0.028073 seconds
Computing Block 55 out of 341
Processing Block size=21
begin cleaner{left: ("[FunctionalDependency:(s: {flight}, t: {sched_arr_time})]", 0.0), operator: *, right: (1.0, 1.0), result: 0.0}
列 'p' 不存在，对列 sched_arr_time 不过滤，直接选择所有非无效值。
clean_bool length:2
newest best op: Uniop(df,'sched_arr_time','11:05 AM',(['flight'], {('AA-2957-DFW-CVG',)}),{left: ("[FunctionalDependency:(s: {flight}, t: {sched_arr_time})]", 0.0), operator: *, right: (1.0, 1.0), result: 0.0})
now error: 0.0
Block processing time: 0.030935 seconds
Computing Block 58 out of 341
Processing Block size=18
begin cleaner{left: ("[FunctionalDependency:(s: {flight}, t: {sched_arr_time})]", 0.0), operator: *, right: (1.0, 1.0), result: 0.0}
列 'p' 不存在，对列 sched_arr_time 不过滤，直接选择所有非无效值。
clean_bool length:2
newest best op: Uniop(df,'sched_arr_time','10:34 AM',(['flight'], {('AA-1165-JFK-MIA',)}),{left: ("[FunctionalDependency:(s: {flight}, t: {sched_arr_time})]", 0.0), operator: *, right: (1.0, 1.0), result: 0.0})
now error: 0.0
Block processing time: 0.026688 seconds
Computing Block 60 out of 341
Processing Block size=15
begin cleaner{left: ("[FunctionalDependency:(s: {flight}, t: {sched_arr_time})]", 0.0), operator: *, right: (1.0, 1.0), result: 0.0}
列 'p' 不存在，对列 sched_arr_time 不过滤，直接选择所有非无效值。
clean_bool length:3
newest best op: Uniop(df,'sched_arr_time','12:15 PM',(['flight'], {('AA-3823-LAX-DEN',)}),{left: ("[FunctionalDependency:(s: {flight}, t: {sched_arr_time})]", 0.0), operator: *, right: (1.0, 1.0), result: 0.0})
now error: 0.0
newest best op: Uniop(df,'sched_arr_time','12:15 AM',(['flight'], {('AA-3823-LAX-DEN',)}),{left: ("[FunctionalDependency:(s: {flight}, t: {sched_arr_time})]", 0.0), operator: *, right: (1.0, 1.0), result: 0.0})
now error: 0.0
Block processing time: 0.033838 seconds
Computing Block 62 out of 341
Processing Block size=22
begin cleaner{left: ("[FunctionalDependency:(s: {flight}, t: {sched_arr_time})]", 0.0), operator: *, right: (1.0, 1.0), result: 0.0}
列 'p' 不存在，对列 sched_arr_time 不过滤，直接选择所有非无效值。
clean_bool length:2
newest best op: Uniop(df,'sched_arr_time','09:55 AM',(['flight'], {('AA-3468-CVG-MIA',)}),{left: ("[FunctionalDependency:(s: {flight}, t: {sched_arr_time})]", 0.0), operator: *, right: (1.0, 1.0), result: 0.0})
now error: 0.0
Block processing time: 0.032264 seconds
Computing Block 65 out of 341
Processing Block size=19
begin cleaner{left: ("[FunctionalDependency:(s: {flight}, t: {sched_arr_time})]", 0.0), operator: *, right: (1.0, 1.0), result: 0.0}
列 'p' 不存在，对列 sched_arr_time 不过滤，直接选择所有非无效值。
clean_bool length:2
newest best op: Uniop(df,'sched_arr_time','02:45 PM',(['flight'], {('AA-2050-ORD-MIA',)}),{left: ("[FunctionalDependency:(s: {flight}, t: {sched_arr_time})]", 0.0), operator: *, right: (1.0, 1.0), result: 0.0})
now error: 0.0
Block processing time: 0.027989 seconds
Computing Block 66 out of 341
Processing Block size=21
begin cleaner{left: ("[FunctionalDependency:(s: {flight}, t: {sched_arr_time})]", 0.0), operator: *, right: (1.0, 1.0), result: 0.0}
列 'p' 不存在，对列 sched_arr_time 不过滤，直接选择所有非无效值。
clean_bool length:2
newest best op: Uniop(df,'sched_arr_time','02:15 PM',(['flight'], {('AA-4277-CVG-JFK',)}),{left: ("[FunctionalDependency:(s: {flight}, t: {sched_arr_time})]", 0.0), operator: *, right: (1.0, 1.0), result: 0.0})
now error: 0.0
Block processing time: 0.030651 seconds
Computing Block 78 out of 341
Processing Block size=2
begin cleaner{left: ("[FunctionalDependency:(s: {flight}, t: {sched_arr_time})]", 0.0), operator: *, right: (1.0, 1.0), result: 0.0}
列 'p' 不存在，对列 sched_arr_time 不过滤，直接选择所有非无效值。
clean_bool length:2
newest best op: Uniop(df,'sched_arr_time','09:20 PM',(['flight'], {('AA-3063-@@SLC-LAX',)}),{left: ("[FunctionalDependency:(s: {flight}, t: {sched_arr_time})]", 0.0), operator: *, right: (1.0, 1.0), result: 0.0})
now error: 0.0
Block processing time: 0.003654 seconds
Computing Block 98 out of 341
Processing Block size=15
begin cleaner{left: ("[FunctionalDependency:(s: {flight}, t: {sched_arr_time})]", 0.0), operator: *, right: (1.0, 1.0), result: 0.0}
列 'p' 不存在，对列 sched_arr_time 不过滤，直接选择所有非无效值。
clean_bool length:2
newest best op: Uniop(df,'sched_arr_time','07:53 PM',(['flight'], {('UA-843-LAX-ORD',)}),{left: ("[FunctionalDependency:(s: {flight}, t: {sched_arr_time})]", 0.0), operator: *, right: (1.0, 1.0), result: 0.0})
now error: 0.0
Block processing time: 0.022288 seconds
Computing Block 100 out of 341
Processing Block size=20
begin cleaner{left: ("[FunctionalDependency:(s: {flight}, t: {sched_arr_time})]", 0.0), operator: *, right: (1.0, 1.0), result: 0.0}
列 'p' 不存在，对列 sched_arr_time 不过滤，直接选择所有非无效值。
clean_bool length:2
newest best op: Uniop(df,'sched_arr_time','06:17 PM',(['flight'], {('UA-3099-PHX-PHL',)}),{left: ("[FunctionalDependency:(s: {flight}, t: {sched_arr_time})]", 0.0), operator: *, right: (1.0, 1.0), result: 0.0})
now error: 0.0
Block processing time: 0.029366 seconds
Computing Block 101 out of 341
Processing Block size=23
begin cleaner{left: ("[FunctionalDependency:(s: {flight}, t: {sched_arr_time})]", 0.0), operator: *, right: (1.0, 1.0), result: 0.0}
列 'p' 不存在，对列 sched_arr_time 不过滤，直接选择所有非无效值。
clean_bool length:2
newest best op: Uniop(df,'sched_arr_time','09:20 AM',(['flight'], {('AA-466-IAH-MIA',)}),{left: ("[FunctionalDependency:(s: {flight}, t: {sched_arr_time})]", 0.0), operator: *, right: (1.0, 1.0), result: 0.0})
now error: 0.0
Block processing time: 0.033921 seconds
Computing Block 102 out of 341
Processing Block size=18
begin cleaner{left: ("[FunctionalDependency:(s: {flight}, t: {sched_arr_time})]", 0.0), operator: *, right: (1.0, 1.0), result: 0.0}
列 'p' 不存在，对列 sched_arr_time 不过滤，直接选择所有非无效值。
clean_bool length:2
newest best op: Uniop(df,'sched_arr_time','03:19 PM',(['flight'], {('UA-382-IAD-LAX',)}),{left: ("[FunctionalDependency:(s: {flight}, t: {sched_arr_time})]", 0.0), operator: *, right: (1.0, 1.0), result: 0.0})
now error: 0.0
Block processing time: 0.026635 seconds
Computing Block 104 out of 341
Processing Block size=17
begin cleaner{left: ("[FunctionalDependency:(s: {flight}, t: {sched_arr_time})]", 0.0), operator: *, right: (1.0, 1.0), result: 0.0}
列 'p' 不存在，对列 sched_arr_time 不过滤，直接选择所有非无效值。
clean_bool length:2
newest best op: Uniop(df,'sched_arr_time','11:19 AM',(['flight'], {('UA-5487-SFO-MRY',)}),{left: ("[FunctionalDependency:(s: {flight}, t: {sched_arr_time})]", 0.0), operator: *, right: (1.0, 1.0), result: 0.0})
now error: 0.0
Block processing time: 0.025339 seconds
Computing Block 107 out of 341
Processing Block size=15
begin cleaner{left: ("[FunctionalDependency:(s: {flight}, t: {sched_arr_time})]", 0.0), operator: *, right: (1.0, 1.0), result: 0.0}
列 'p' 不存在，对列 sched_arr_time 不过滤，直接选择所有非无效值。
clean_bool length:2
newest best op: Uniop(df,'sched_arr_time','10:06 AM',(['flight'], {('UA-3515-IAD-MSP',)}),{left: ("[FunctionalDependency:(s: {flight}, t: {sched_arr_time})]", 0.0), operator: *, right: (1.0, 1.0), result: 0.0})
now error: 0.0
Block processing time: 0.022405 seconds
Computing Block 112 out of 341
Processing Block size=18
begin cleaner{left: ("[FunctionalDependency:(s: {flight}, t: {sched_arr_time})]", 0.0), operator: *, right: (1.0, 1.0), result: 0.0}
列 'p' 不存在，对列 sched_arr_time 不过滤，直接选择所有非无效值。
clean_bool length:2
newest best op: Uniop(df,'sched_arr_time','03:50 PM',(['flight'], {('AA-649-ORD-SNA',)}),{left: ("[FunctionalDependency:(s: {flight}, t: {sched_arr_time})]", 0.0), operator: *, right: (1.0, 1.0), result: 0.0})
now error: 0.0
Block processing time: 0.026613 seconds
Computing Block 114 out of 341
Processing Block size=16
begin cleaner{left: ("[FunctionalDependency:(s: {flight}, t: {sched_arr_time})]", 0.0), operator: *, right: (1.0, 1.0), result: 0.0}
列 'p' 不存在，对列 sched_arr_time 不过滤，直接选择所有非无效值。
clean_bool length:2
newest best op: Uniop(df,'sched_arr_time','09:25 AM',(['flight'], {('AA-518-MIA-JFK',)}),{left: ("[FunctionalDependency:(s: {flight}, t: {sched_arr_time})]", 0.0), operator: *, right: (1.0, 1.0), result: 0.0})
now error: 0.0
Block processing time: 0.02377 seconds
Computing Block 115 out of 341
Processing Block size=18
begin cleaner{left: ("[FunctionalDependency:(s: {flight}, t: {sched_arr_time})]", 0.0), operator: *, right: (1.0, 1.0), result: 0.0}
列 'p' 不存在，对列 sched_arr_time 不过滤，直接选择所有非无效值。
clean_bool length:2
newest best op: Uniop(df,'sched_arr_time','03:30 PM',(['flight'], {('AA-222-LAX-BOS',)}),{left: ("[FunctionalDependency:(s: {flight}, t: {sched_arr_time})]", 0.0), operator: *, right: (1.0, 1.0), result: 0.0})
now error: 0.0
Block processing time: 0.025694 seconds
Computing Block 119 out of 341
Processing Block size=16
begin cleaner{left: ("[FunctionalDependency:(s: {flight}, t: {sched_arr_time})]", 0.0), operator: *, right: (1.0, 1.0), result: 0.0}
列 'p' 不存在，对列 sched_arr_time 不过滤，直接选择所有非无效值。
clean_bool length:2
newest best op: Uniop(df,'sched_arr_time','05:05 PM',(['flight'], {('UA-2830-MCO-CLT',)}),{left: ("[FunctionalDependency:(s: {flight}, t: {sched_arr_time})]", 0.0), operator: *, right: (1.0, 1.0), result: 0.0})
now error: 0.0
Block processing time: 0.023266 seconds
Computing Block 120 out of 341
Processing Block size=12
begin cleaner{left: ("[FunctionalDependency:(s: {flight}, t: {sched_arr_time})]", 0.0), operator: *, right: (1.0, 1.0), result: 0.0}
列 'p' 不存在，对列 sched_arr_time 不过滤，直接选择所有非无效值。
clean_bool length:2
newest best op: Uniop(df,'sched_arr_time','07:23 AM',(['flight'], {('UA-414-LAX-SFO',)}),{left: ("[FunctionalDependency:(s: {flight}, t: {sched_arr_time})]", 0.0), operator: *, right: (1.0, 1.0), result: 0.0})
now error: 0.0
Block processing time: 0.017881 seconds
Computing Block 123 out of 341
Processing Block size=15
begin cleaner{left: ("[FunctionalDependency:(s: {flight}, t: {sched_arr_time})]", 0.0), operator: *, right: (1.0, 1.0), result: 0.0}
列 'p' 不存在，对列 sched_arr_time 不过滤，直接选择所有非无效值。
clean_bool length:2
newest best op: Uniop(df,'sched_arr_time','05:15 PM',(['flight'], {('UA-248-PHX-ORD',)}),{left: ("[FunctionalDependency:(s: {flight}, t: {sched_arr_time})]", 0.0), operator: *, right: (1.0, 1.0), result: 0.0})
now error: 0.0
Block processing time: 0.02388 seconds
Computing Block 127 out of 341
Processing Block size=18
begin cleaner{left: ("[FunctionalDependency:(s: {flight}, t: {sched_arr_time})]", 0.0), operator: *, right: (1.0, 1.0), result: 0.0}
列 'p' 不存在，对列 sched_arr_time 不过滤，直接选择所有非无效值。
clean_bool length:2
newest best op: Uniop(df,'sched_arr_time','08:05 PM',(['flight'], {('AA-1007-MIA-PHX',)}),{left: ("[FunctionalDependency:(s: {flight}, t: {sched_arr_time})]", 0.0), operator: *, right: (1.0, 1.0), result: 0.0})
now error: 0.0
Block processing time: 0.026986 seconds
Computing Block 129 out of 341
Processing Block size=23
begin cleaner{left: ("[FunctionalDependency:(s: {flight}, t: {sched_arr_time})]", 0.0), operator: *, right: (1.0, 1.0), result: 0.0}
列 'p' 不存在，对列 sched_arr_time 不过滤，直接选择所有非无效值。
clean_bool length:3
newest best op: Uniop(df,'sched_arr_time','04:42 PM',(['flight'], {('AA-59-JFK-SFO',)}),{left: ("[FunctionalDependency:(s: {flight}, t: {sched_arr_time})]", 0.0), operator: *, right: (1.0, 1.0), result: 0.0})
now error: 0.0
newest best op: Uniop(df,'sched_arr_time','10:45 AM',(['flight'], {('AA-59-JFK-SFO',)}),{left: ("[FunctionalDependency:(s: {flight}, t: {sched_arr_time})]", 0.0), operator: *, right: (1.0, 1.0), result: 0.0})
now error: 0.0
Block processing time: 0.051679 seconds
Computing Block 130 out of 341
Processing Block size=20
begin cleaner{left: ("[FunctionalDependency:(s: {flight}, t: {sched_arr_time})]", 0.0), operator: *, right: (1.0, 1.0), result: 0.0}
列 'p' 不存在，对列 sched_arr_time 不过滤，直接选择所有非无效值。
clean_bool length:2
newest best op: Uniop(df,'sched_arr_time','07:25 PM',(['flight'], {('AA-1640-MIA-MCO',)}),{left: ("[FunctionalDependency:(s: {flight}, t: {sched_arr_time})]", 0.0), operator: *, right: (1.0, 1.0), result: 0.0})
now error: 0.0
Block processing time: 0.029656 seconds
Computing Block 131 out of 341
Processing Block size=18
begin cleaner{left: ("[FunctionalDependency:(s: {flight}, t: {sched_arr_time})]", 0.0), operator: *, right: (1.0, 1.0), result: 0.0}
列 'p' 不存在，对列 sched_arr_time 不过滤，直接选择所有非无效值。
clean_bool length:2
newest best op: Uniop(df,'sched_arr_time','09:54 AM',(['flight'], {('UA-3925-IAD-ORF',)}),{left: ("[FunctionalDependency:(s: {flight}, t: {sched_arr_time})]", 0.0), operator: *, right: (1.0, 1.0), result: 0.0})
now error: 0.0
Block processing time: 0.027017 seconds
Computing Block 137 out of 341
Processing Block size=19
begin cleaner{left: ("[FunctionalDependency:(s: {flight}, t: {sched_arr_time})]", 0.0), operator: *, right: (1.0, 1.0), result: 0.0}
列 'p' 不存在，对列 sched_arr_time 不过滤，直接选择所有非无效值。
clean_bool length:2
newest best op: Uniop(df,'sched_arr_time','11:50 PM',(['flight'], {('AA-2312-DFW-DTW',)}),{left: ("[FunctionalDependency:(s: {flight}, t: {sched_arr_time})]", 0.0), operator: *, right: (1.0, 1.0), result: 0.0})
now error: 0.0
Block processing time: 0.028401 seconds
Computing Block 142 out of 341
Processing Block size=18
begin cleaner{left: ("[FunctionalDependency:(s: {flight}, t: {sched_arr_time})]", 0.0), operator: *, right: (1.0, 1.0), result: 0.0}
列 'p' 不存在，对列 sched_arr_time 不过滤，直接选择所有非无效值。
clean_bool length:2
newest best op: Uniop(df,'sched_arr_time','11:50 AM',(['flight'], {('AA-431-MIA-SFO',)}),{left: ("[FunctionalDependency:(s: {flight}, t: {sched_arr_time})]", 0.0), operator: *, right: (1.0, 1.0), result: 0.0})
now error: 0.0
Block processing time: 0.026901 seconds
Computing Block 151 out of 341
Processing Block size=22
begin cleaner{left: ("[FunctionalDependency:(s: {flight}, t: {sched_arr_time})]", 0.0), operator: *, right: (1.0, 1.0), result: 0.0}
列 'p' 不存在，对列 sched_arr_time 不过滤，直接选择所有非无效值。
clean_bool length:3
newest best op: Uniop(df,'sched_arr_time','12:35 AM',(['flight'], {('AA-1434-DFW-MCO',)}),{left: ("[FunctionalDependency:(s: {flight}, t: {sched_arr_time})]", 0.0), operator: *, right: (1.0, 1.0), result: 0.0})
now error: 0.0
newest best op: Uniop(df,'sched_arr_time','10:35 AM',(['flight'], {('AA-1434-DFW-MCO',)}),{left: ("[FunctionalDependency:(s: {flight}, t: {sched_arr_time})]", 0.0), operator: *, right: (1.0, 1.0), result: 0.0})
now error: 0.0
Block processing time: 0.048701 seconds
Computing Block 152 out of 341
Processing Block size=15
begin cleaner{left: ("[FunctionalDependency:(s: {flight}, t: {sched_arr_time})]", 0.0), operator: *, right: (1.0, 1.0), result: 0.0}
列 'p' 不存在，对列 sched_arr_time 不过滤，直接选择所有非无效值。
clean_bool length:2
newest best op: Uniop(df,'sched_arr_time','08:56 PM',(['flight'], {('CO-47-IAH-LAX',)}),{left: ("[FunctionalDependency:(s: {flight}, t: {sched_arr_time})]", 0.0), operator: *, right: (1.0, 1.0), result: 0.0})
now error: 0.0
Block processing time: 0.021694 seconds
Computing Block 155 out of 341
Processing Block size=17
begin cleaner{left: ("[FunctionalDependency:(s: {flight}, t: {sched_arr_time})]", 0.0), operator: *, right: (1.0, 1.0), result: 0.0}
列 'p' 不存在，对列 sched_arr_time 不过滤，直接选择所有非无效值。
clean_bool length:2
newest best op: Uniop(df,'sched_arr_time','12:35 PM',(['flight'], {('AA-616-DFW-DTW',)}),{left: ("[FunctionalDependency:(s: {flight}, t: {sched_arr_time})]", 0.0), operator: *, right: (1.0, 1.0), result: 0.0})
now error: 0.0
Block processing time: 0.024359 seconds
Computing Block 156 out of 341
Processing Block size=23
begin cleaner{left: ("[FunctionalDependency:(s: {flight}, t: {sched_arr_time})]", 0.0), operator: *, right: (1.0, 1.0), result: 0.0}
列 'p' 不存在，对列 sched_arr_time 不过滤，直接选择所有非无效值。
clean_bool length:2
newest best op: Uniop(df,'sched_arr_time','11:35 AM',(['flight'], {('AA-2268-PHX-ORD',)}),{left: ("[FunctionalDependency:(s: {flight}, t: {sched_arr_time})]", 0.0), operator: *, right: (1.0, 1.0), result: 0.0})
now error: 0.0
Block processing time: 0.032807 seconds
Computing Block 160 out of 341
Processing Block size=20
begin cleaner{left: ("[FunctionalDependency:(s: {flight}, t: {sched_arr_time})]", 0.0), operator: *, right: (1.0, 1.0), result: 0.0}
列 'p' 不存在，对列 sched_arr_time 不过滤，直接选择所有非无效值。
clean_bool length:2
newest best op: Uniop(df,'sched_arr_time','05:11 AM',(['flight'], {('UA-828-SFO-ORD',)}),{left: ("[FunctionalDependency:(s: {flight}, t: {sched_arr_time})]", 0.0), operator: *, right: (1.0, 1.0), result: 0.0})
now error: 0.0
Block processing time: 0.028558 seconds
Computing Block 162 out of 341
Processing Block size=20
begin cleaner{left: ("[FunctionalDependency:(s: {flight}, t: {sched_arr_time})]", 0.0), operator: *, right: (1.0, 1.0), result: 0.0}
列 'p' 不存在，对列 sched_arr_time 不过滤，直接选择所有非无效值。
clean_bool length:2
newest best op: Uniop(df,'sched_arr_time','02:25 PM',(['flight'], {('AA-271-MIA-LAX',)}),{left: ("[FunctionalDependency:(s: {flight}, t: {sched_arr_time})]", 0.0), operator: *, right: (1.0, 1.0), result: 0.0})
now error: 0.0
Block processing time: 0.030533 seconds
Computing Block 165 out of 341
Processing Block size=15
begin cleaner{left: ("[FunctionalDependency:(s: {flight}, t: {sched_arr_time})]", 0.0), operator: *, right: (1.0, 1.0), result: 0.0}
列 'p' 不存在，对列 sched_arr_time 不过滤，直接选择所有非无效值。
clean_bool length:3
newest best op: Uniop(df,'sched_arr_time','01:35 AM',(['flight'], {('CO-1561-PHX-IAH',)}),{left: ("[FunctionalDependency:(s: {flight}, t: {sched_arr_time})]", 0.0), operator: *, right: (1.0, 1.0), result: 0.0})
now error: 0.0
newest best op: Uniop(df,'sched_arr_time','11:35 AM',(['flight'], {('CO-1561-PHX-IAH',)}),{left: ("[FunctionalDependency:(s: {flight}, t: {sched_arr_time})]", 0.0), operator: *, right: (1.0, 1.0), result: 0.0})
now error: 0.0
Block processing time: 0.034532 seconds
Computing Block 167 out of 341
Processing Block size=17
begin cleaner{left: ("[FunctionalDependency:(s: {flight}, t: {sched_arr_time})]", 0.0), operator: *, right: (1.0, 1.0), result: 0.0}
列 'p' 不存在，对列 sched_arr_time 不过滤，直接选择所有非无效值。
clean_bool length:2
newest best op: Uniop(df,'sched_arr_time','07:03 PM',(['flight'], {('CO-62-IAH-EWR',)}),{left: ("[FunctionalDependency:(s: {flight}, t: {sched_arr_time})]", 0.0), operator: *, right: (1.0, 1.0), result: 0.0})
now error: 0.0
Block processing time: 0.025294 seconds
Computing Block 168 out of 341
Processing Block size=21
begin cleaner{left: ("[FunctionalDependency:(s: {flight}, t: {sched_arr_time})]", 0.0), operator: *, right: (1.0, 1.0), result: 0.0}
列 'p' 不存在，对列 sched_arr_time 不过滤，直接选择所有非无效值。
clean_bool length:2
newest best op: Uniop(df,'sched_arr_time','06:30 PM',(['flight'], {('AA-85-JFK-SFO',)}),{left: ("[FunctionalDependency:(s: {flight}, t: {sched_arr_time})]", 0.0), operator: *, right: (1.0, 1.0), result: 0.0})
now error: 0.0
Block processing time: 0.031024 seconds
Computing Block 169 out of 341
Processing Block size=15
begin cleaner{left: ("[FunctionalDependency:(s: {flight}, t: {sched_arr_time})]", 0.0), operator: *, right: (1.0, 1.0), result: 0.0}
列 'p' 不存在，对列 sched_arr_time 不过滤，直接选择所有非无效值。
clean_bool length:2
newest best op: Uniop(df,'sched_arr_time','02:20 PM',(['flight'], {('AA-1886-BOS-MIA',)}),{left: ("[FunctionalDependency:(s: {flight}, t: {sched_arr_time})]", 0.0), operator: *, right: (1.0, 1.0), result: 0.0})
now error: 0.0
Block processing time: 0.022423 seconds
Computing Block 170 out of 341
Processing Block size=13
begin cleaner{left: ("[FunctionalDependency:(s: {flight}, t: {sched_arr_time})]", 0.0), operator: *, right: (1.0, 1.0), result: 0.0}
列 'p' 不存在，对列 sched_arr_time 不过滤，直接选择所有非无效值。
clean_bool length:2
newest best op: Uniop(df,'sched_arr_time','11:53 AM',(['flight'], {('UA-37-EDI-EWR',)}),{left: ("[FunctionalDependency:(s: {flight}, t: {sched_arr_time})]", 0.0), operator: *, right: (1.0, 1.0), result: 0.0})
now error: 0.0
Block processing time: 0.01941 seconds
Computing Block 174 out of 341
Processing Block size=19
begin cleaner{left: ("[FunctionalDependency:(s: {flight}, t: {sched_arr_time})]", 0.0), operator: *, right: (1.0, 1.0), result: 0.0}
列 'p' 不存在，对列 sched_arr_time 不过滤，直接选择所有非无效值。
clean_bool length:2
newest best op: Uniop(df,'sched_arr_time','07:55 PM',(['flight'], {('AA-484-DFW-MIA',)}),{left: ("[FunctionalDependency:(s: {flight}, t: {sched_arr_time})]", 0.0), operator: *, right: (1.0, 1.0), result: 0.0})
now error: 0.0
Block processing time: 0.027964 seconds
Computing Block 175 out of 341
Processing Block size=17
begin cleaner{left: ("[FunctionalDependency:(s: {flight}, t: {sched_arr_time})]", 0.0), operator: *, right: (1.0, 1.0), result: 0.0}
列 'p' 不存在，对列 sched_arr_time 不过滤，直接选择所有非无效值。
clean_bool length:2
newest best op: Uniop(df,'sched_arr_time','01:17 PM',(['flight'], {('CO-1023-IAH-DEN',)}),{left: ("[FunctionalDependency:(s: {flight}, t: {sched_arr_time})]", 0.0), operator: *, right: (1.0, 1.0), result: 0.0})
now error: 0.0
Block processing time: 0.025181 seconds
Computing Block 177 out of 341
Processing Block size=18
begin cleaner{left: ("[FunctionalDependency:(s: {flight}, t: {sched_arr_time})]", 0.0), operator: *, right: (1.0, 1.0), result: 0.0}
列 'p' 不存在，对列 sched_arr_time 不过滤，直接选择所有非无效值。
clean_bool length:3
newest best op: Uniop(df,'sched_arr_time','10:15 PM',(['flight'], {('CO-1586-IAH-MCO',)}),{left: ("[FunctionalDependency:(s: {flight}, t: {sched_arr_time})]", 0.0), operator: *, right: (1.0, 1.0), result: 0.0})
now error: 0.0
Block processing time: 0.040357 seconds
Computing Block 178 out of 341
Processing Block size=24
begin cleaner{left: ("[FunctionalDependency:(s: {flight}, t: {sched_arr_time})]", 0.0), operator: *, right: (1.0, 1.0), result: 0.0}
列 'p' 不存在，对列 sched_arr_time 不过滤，直接选择所有非无效值。
clean_bool length:2
newest best op: Uniop(df,'sched_arr_time','02:35 PM',(['flight'], {('AA-789-ORD-DEN',)}),{left: ("[FunctionalDependency:(s: {flight}, t: {sched_arr_time})]", 0.0), operator: *, right: (1.0, 1.0), result: 0.0})
now error: 0.0
Block processing time: 0.035245 seconds
Computing Block 179 out of 341
Processing Block size=20
begin cleaner{left: ("[FunctionalDependency:(s: {flight}, t: {sched_arr_time})]", 0.0), operator: *, right: (1.0, 1.0), result: 0.0}
列 'p' 不存在，对列 sched_arr_time 不过滤，直接选择所有非无效值。
clean_bool length:2
newest best op: Uniop(df,'sched_arr_time','03:15 PM',(['flight'], {('AA-3-JFK-LAX',)}),{left: ("[FunctionalDependency:(s: {flight}, t: {sched_arr_time})]", 0.0), operator: *, right: (1.0, 1.0), result: 0.0})
now error: 0.0
Block processing time: 0.029538 seconds
Computing Block 180 out of 341
Processing Block size=20
begin cleaner{left: ("[FunctionalDependency:(s: {flight}, t: {sched_arr_time})]", 0.0), operator: *, right: (1.0, 1.0), result: 0.0}
列 'p' 不存在，对列 sched_arr_time 不过滤，直接选择所有非无效值。
clean_bool length:2
newest best op: Uniop(df,'sched_arr_time','08:00 AM',(['flight'], {('AA-3979-CVG-ORD',)}),{left: ("[FunctionalDependency:(s: {flight}, t: {sched_arr_time})]", 0.0), operator: *, right: (1.0, 1.0), result: 0.0})
now error: 0.0
Block processing time: 0.029474 seconds
Computing Block 182 out of 341
Processing Block size=20
begin cleaner{left: ("[FunctionalDependency:(s: {flight}, t: {sched_arr_time})]", 0.0), operator: *, right: (1.0, 1.0), result: 0.0}
列 'p' 不存在，对列 sched_arr_time 不过滤，直接选择所有非无效值。
clean_bool length:2
newest best op: Uniop(df,'sched_arr_time','03:50 PM',(['flight'], {('AA-446-DFW-PHL',)}),{left: ("[FunctionalDependency:(s: {flight}, t: {sched_arr_time})]", 0.0), operator: *, right: (1.0, 1.0), result: 0.0})
now error: 0.0
Block processing time: 0.029713 seconds
Computing Block 184 out of 341
Processing Block size=15
begin cleaner{left: ("[FunctionalDependency:(s: {flight}, t: {sched_arr_time})]", 0.0), operator: *, right: (1.0, 1.0), result: 0.0}
列 'p' 不存在，对列 sched_arr_time 不过滤，直接选择所有非无效值。
clean_bool length:2
newest best op: Uniop(df,'sched_arr_time','04:53 PM',(['flight'], {('UA-2708-EWR-CLT',)}),{left: ("[FunctionalDependency:(s: {flight}, t: {sched_arr_time})]", 0.0), operator: *, right: (1.0, 1.0), result: 0.0})
now error: 0.0
Block processing time: 0.022449 seconds
Computing Block 185 out of 341
Processing Block size=20
begin cleaner{left: ("[FunctionalDependency:(s: {flight}, t: {sched_arr_time})]", 0.0), operator: *, right: (1.0, 1.0), result: 0.0}
列 'p' 不存在，对列 sched_arr_time 不过滤，直接选择所有非无效值。
clean_bool length:2
newest best op: Uniop(df,'sched_arr_time','12:29 AM',(['flight'], {('UA-233-LAX-JFK',)}),{left: ("[FunctionalDependency:(s: {flight}, t: {sched_arr_time})]", 0.0), operator: *, right: (1.0, 1.0), result: 0.0})
now error: 0.0
Block processing time: 0.03166 seconds
Computing Block 190 out of 341
Processing Block size=23
begin cleaner{left: ("[FunctionalDependency:(s: {flight}, t: {sched_arr_time})]", 0.0), operator: *, right: (1.0, 1.0), result: 0.0}
列 'p' 不存在，对列 sched_arr_time 不过滤，直接选择所有非无效值。
clean_bool length:2
newest best op: Uniop(df,'sched_arr_time','02:35 PM',(['flight'], {('AA-1279-DFW-PHX',)}),{left: ("[FunctionalDependency:(s: {flight}, t: {sched_arr_time})]", 0.0), operator: *, right: (1.0, 1.0), result: 0.0})
now error: 0.0
Block processing time: 0.034544 seconds
Computing Block 194 out of 341
Processing Block size=17
begin cleaner{left: ("[FunctionalDependency:(s: {flight}, t: {sched_arr_time})]", 0.0), operator: *, right: (1.0, 1.0), result: 0.0}
列 'p' 不存在，对列 sched_arr_time 不过滤，直接选择所有非无效值。
clean_bool length:2
newest best op: Uniop(df,'sched_arr_time','01:45 PM',(['flight'], {('UA-2945-PHL-CLT',)}),{left: ("[FunctionalDependency:(s: {flight}, t: {sched_arr_time})]", 0.0), operator: *, right: (1.0, 1.0), result: 0.0})
now error: 0.0
Block processing time: 0.025402 seconds
Computing Block 196 out of 341
Processing Block size=19
begin cleaner{left: ("[FunctionalDependency:(s: {flight}, t: {sched_arr_time})]", 0.0), operator: *, right: (1.0, 1.0), result: 0.0}
列 'p' 不存在，对列 sched_arr_time 不过滤，直接选择所有非无效值。
clean_bool length:2
newest best op: Uniop(df,'sched_arr_time','11:55 AM',(['flight'], {('UA-397-JFK-SFO',)}),{left: ("[FunctionalDependency:(s: {flight}, t: {sched_arr_time})]", 0.0), operator: *, right: (1.0, 1.0), result: 0.0})
now error: 0.0
Block processing time: 0.028367 seconds
Computing Block 198 out of 341
Processing Block size=19
begin cleaner{left: ("[FunctionalDependency:(s: {flight}, t: {sched_arr_time})]", 0.0), operator: *, right: (1.0, 1.0), result: 0.0}
列 'p' 不存在，对列 sched_arr_time 不过滤，直接选择所有非无效值。
clean_bool length:2
newest best op: Uniop(df,'sched_arr_time','05:35 AM',(['flight'], {('CO-1614-LAX-IAH',)}),{left: ("[FunctionalDependency:(s: {flight}, t: {sched_arr_time})]", 0.0), operator: *, right: (1.0, 1.0), result: 0.0})
now error: 0.0
Block processing time: 0.028232 seconds
Computing Block 205 out of 341
Processing Block size=10
begin cleaner{left: ("[FunctionalDependency:(s: {flight}, t: {sched_arr_time})]", 0.0), operator: *, right: (1.0, 1.0), result: 0.0}
列 'p' 不存在，对列 sched_arr_time 不过滤，直接选择所有非无效值。
clean_bool length:3
newest best op: Uniop(df,'sched_arr_time','11:45 AM',(['flight'], {('UA-1500-IAH-GUA',)}),{left: ("[FunctionalDependency:(s: {flight}, t: {sched_arr_time})]", 0.0), operator: *, right: (1.0, 1.0), result: 0.0})
now error: 0.0
Block processing time: 0.022947 seconds
Computing Block 206 out of 341
Processing Block size=24
begin cleaner{left: ("[FunctionalDependency:(s: {flight}, t: {sched_arr_time})]", 0.0), operator: *, right: (1.0, 1.0), result: 0.0}
列 'p' 不存在，对列 sched_arr_time 不过滤，直接选择所有非无效值。
clean_bool length:2
newest best op: Uniop(df,'sched_arr_time','09:45 PM',(['flight'], {('AA-1221-MCO-ORD',)}),{left: ("[FunctionalDependency:(s: {flight}, t: {sched_arr_time})]", 0.0), operator: *, right: (1.0, 1.0), result: 0.0})
now error: 0.0
Block processing time: 0.03517 seconds
Computing Block 211 out of 341
Processing Block size=22
begin cleaner{left: ("[FunctionalDependency:(s: {flight}, t: {sched_arr_time})]", 0.0), operator: *, right: (1.0, 1.0), result: 0.0}
列 'p' 不存在，对列 sched_arr_time 不过滤，直接选择所有非无效值。
clean_bool length:2
newest best op: Uniop(df,'sched_arr_time','06:15 PM',(['flight'], {('UA-257-JFK-SFO',)}),{left: ("[FunctionalDependency:(s: {flight}, t: {sched_arr_time})]", 0.0), operator: *, right: (1.0, 1.0), result: 0.0})
now error: 0.0
Block processing time: 0.032297 seconds
Computing Block 213 out of 341
Processing Block size=16
begin cleaner{left: ("[FunctionalDependency:(s: {flight}, t: {sched_arr_time})]", 0.0), operator: *, right: (1.0, 1.0), result: 0.0}
列 'p' 不存在，对列 sched_arr_time 不过滤，直接选择所有非无效值。
clean_bool length:2
newest best op: Uniop(df,'sched_arr_time','07:05 PM',(['flight'], {('CO-45-EWR-MIA',)}),{left: ("[FunctionalDependency:(s: {flight}, t: {sched_arr_time})]", 0.0), operator: *, right: (1.0, 1.0), result: 0.0})
now error: 0.0
Block processing time: 0.023848 seconds
Computing Block 214 out of 341
Processing Block size=22
begin cleaner{left: ("[FunctionalDependency:(s: {flight}, t: {sched_arr_time})]", 0.0), operator: *, right: (1.0, 1.0), result: 0.0}
列 'p' 不存在，对列 sched_arr_time 不过滤，直接选择所有非无效值。
clean_bool length:2
newest best op: Uniop(df,'sched_arr_time','12:55 PM',(['flight'], {('AA-4198-ORD-CLE',)}),{left: ("[FunctionalDependency:(s: {flight}, t: {sched_arr_time})]", 0.0), operator: *, right: (1.0, 1.0), result: 0.0})
now error: 0.0
Block processing time: 0.03231 seconds
Computing Block 218 out of 341
Processing Block size=20
begin cleaner{left: ("[FunctionalDependency:(s: {flight}, t: {sched_arr_time})]", 0.0), operator: *, right: (1.0, 1.0), result: 0.0}
列 'p' 不存在，对列 sched_arr_time 不过滤，直接选择所有非无效值。
clean_bool length:2
newest best op: Uniop(df,'sched_arr_time','05:50 AM',(['flight'], {('AA-1522-SFO-ORD',)}),{left: ("[FunctionalDependency:(s: {flight}, t: {sched_arr_time})]", 0.0), operator: *, right: (1.0, 1.0), result: 0.0})
now error: 0.0
Block processing time: 0.029794 seconds
Computing Block 224 out of 341
Processing Block size=12
begin cleaner{left: ("[FunctionalDependency:(s: {flight}, t: {sched_arr_time})]", 0.0), operator: *, right: (1.0, 1.0), result: 0.0}
列 'p' 不存在，对列 sched_arr_time 不过滤，直接选择所有非无效值。
clean_bool length:2
newest best op: Uniop(df,'sched_arr_time','07:03 PM',(['flight'], {('UA-62-IAH-EWR',)}),{left: ("[FunctionalDependency:(s: {flight}, t: {sched_arr_time})]", 0.0), operator: *, right: (1.0, 1.0), result: 0.0})
now error: 0.0
Block processing time: 0.018173 seconds
Computing Block 229 out of 341
Processing Block size=22
begin cleaner{left: ("[FunctionalDependency:(s: {flight}, t: {sched_arr_time})]", 0.0), operator: *, right: (1.0, 1.0), result: 0.0}
列 'p' 不存在，对列 sched_arr_time 不过滤，直接选择所有非无效值。
clean_bool length:2
newest best op: Uniop(df,'sched_arr_time','09:40 AM',(['flight'], {('AA-3859-IAH-ORD',)}),{left: ("[FunctionalDependency:(s: {flight}, t: {sched_arr_time})]", 0.0), operator: *, right: (1.0, 1.0), result: 0.0})
now error: 0.0
Block processing time: 0.032459 seconds
Computing Block 233 out of 341
Processing Block size=17
begin cleaner{left: ("[FunctionalDependency:(s: {flight}, t: {sched_arr_time})]", 0.0), operator: *, right: (1.0, 1.0), result: 0.0}
列 'p' 不存在，对列 sched_arr_time 不过滤，直接选择所有非无效值。
clean_bool length:2
newest best op: Uniop(df,'sched_arr_time','02:45 PM',(['flight'], {('AA-3756-ORD-SLC',)}),{left: ("[FunctionalDependency:(s: {flight}, t: {sched_arr_time})]", 0.0), operator: *, right: (1.0, 1.0), result: 0.0})
now error: 0.0
Block processing time: 0.025623 seconds
Computing Block 235 out of 341
Processing Block size=16
begin cleaner{left: ("[FunctionalDependency:(s: {flight}, t: {sched_arr_time})]", 0.0), operator: *, right: (1.0, 1.0), result: 0.0}
列 'p' 不存在，对列 sched_arr_time 不过滤，直接选择所有非无效值。
clean_bool length:2
newest best op: Uniop(df,'sched_arr_time','09:20 PM',(['flight'], {('AA-3063-SLC-LAX',)}),{left: ("[FunctionalDependency:(s: {flight}, t: {sched_arr_time})]", 0.0), operator: *, right: (1.0, 1.0), result: 0.0})
now error: 0.0
Block processing time: 0.023834 seconds
Computing Block 236 out of 341
Processing Block size=17
begin cleaner{left: ("[FunctionalDependency:(s: {flight}, t: {sched_arr_time})]", 0.0), operator: *, right: (1.0, 1.0), result: 0.0}
列 'p' 不存在，对列 sched_arr_time 不过滤，直接选择所有非无效值。
clean_bool length:2
newest best op: Uniop(df,'sched_arr_time','04:31 PM',(['flight'], {('UA-664-ORD-PHL',)}),{left: ("[FunctionalDependency:(s: {flight}, t: {sched_arr_time})]", 0.0), operator: *, right: (1.0, 1.0), result: 0.0})
now error: 0.0
Block processing time: 0.02534 seconds
Computing Block 239 out of 341
Processing Block size=19
begin cleaner{left: ("[FunctionalDependency:(s: {flight}, t: {sched_arr_time})]", 0.0), operator: *, right: (1.0, 1.0), result: 0.0}
列 'p' 不存在，对列 sched_arr_time 不过滤，直接选择所有非无效值。
clean_bool length:2
newest best op: Uniop(df,'sched_arr_time','06:40 AM',(['flight'], {('AA-3809-PHX-LAX',)}),{left: ("[FunctionalDependency:(s: {flight}, t: {sched_arr_time})]", 0.0), operator: *, right: (1.0, 1.0), result: 0.0})
now error: 0.0
Block processing time: 0.02823 seconds
Computing Block 242 out of 341
Processing Block size=16
begin cleaner{left: ("[FunctionalDependency:(s: {flight}, t: {sched_arr_time})]", 0.0), operator: *, right: (1.0, 1.0), result: 0.0}
列 'p' 不存在，对列 sched_arr_time 不过滤，直接选择所有非无效值。
clean_bool length:2
newest best op: Uniop(df,'sched_arr_time','10:30 PM',(['flight'], {('AA-1733-ORD-PHX',)}),{left: ("[FunctionalDependency:(s: {flight}, t: {sched_arr_time})]", 0.0), operator: *, right: (1.0, 1.0), result: 0.0})
now error: 0.0
Block processing time: 0.023808 seconds
Computing Block 246 out of 341
Processing Block size=19
begin cleaner{left: ("[FunctionalDependency:(s: {flight}, t: {sched_arr_time})]", 0.0), operator: *, right: (1.0, 1.0), result: 0.0}
列 'p' 不存在，对列 sched_arr_time 不过滤，直接选择所有非无效值。
clean_bool length:2
newest best op: Uniop(df,'sched_arr_time','06:40 PM',(['flight'], {('AA-3786-IAH-ORD',)}),{left: ("[FunctionalDependency:(s: {flight}, t: {sched_arr_time})]", 0.0), operator: *, right: (1.0, 1.0), result: 0.0})
now error: 0.0
Block processing time: 0.028342 seconds
Computing Block 249 out of 341
Processing Block size=17
begin cleaner{left: ("[FunctionalDependency:(s: {flight}, t: {sched_arr_time})]", 0.0), operator: *, right: (1.0, 1.0), result: 0.0}
列 'p' 不存在，对列 sched_arr_time 不过滤，直接选择所有非无效值。
clean_bool length:2
newest best op: Uniop(df,'sched_arr_time','05:00 PM',(['flight'], {('UA-2314-ATL-PHL',)}),{left: ("[FunctionalDependency:(s: {flight}, t: {sched_arr_time})]", 0.0), operator: *, right: (1.0, 1.0), result: 0.0})
now error: 0.0
Block processing time: 0.027195 seconds
Computing Block 253 out of 341
Processing Block size=16
begin cleaner{left: ("[FunctionalDependency:(s: {flight}, t: {sched_arr_time})]", 0.0), operator: *, right: (1.0, 1.0), result: 0.0}
列 'p' 不存在，对列 sched_arr_time 不过滤，直接选择所有非无效值。
clean_bool length:3
newest best op: Uniop(df,'sched_arr_time','10:31 AM',(['flight'], {('UA-2515-DFW-CLT',)}),{left: ("[FunctionalDependency:(s: {flight}, t: {sched_arr_time})]", 0.0), operator: *, right: (1.0, 1.0), result: 0.0})
now error: 0.0
Block processing time: 0.038452 seconds
Computing Block 259 out of 341
Processing Block size=11
begin cleaner{left: ("[FunctionalDependency:(s: {flight}, t: {sched_arr_time})]", 0.0), operator: *, right: (1.0, 1.0), result: 0.0}
列 'p' 不存在，对列 sched_arr_time 不过滤，直接选择所有非无效值。
clean_bool length:2
newest best op: Uniop(df,'sched_arr_time','10:54 AM',(['flight'], {('CO-1088-CLE-IAH',)}),{left: ("[FunctionalDependency:(s: {flight}, t: {sched_arr_time})]", 0.0), operator: *, right: (1.0, 1.0), result: 0.0})
now error: 0.0
Block processing time: 0.017512 seconds
Computing Block 269 out of 341
Processing Block size=22
begin cleaner{left: ("[FunctionalDependency:(s: {flight}, t: {sched_arr_time})]", 0.0), operator: *, right: (1.0, 1.0), result: 0.0}
列 'p' 不存在，对列 sched_arr_time 不过滤，直接选择所有非无效值。
clean_bool length:2
newest best op: Uniop(df,'sched_arr_time','09:10 PM',(['flight'], {('AA-4307-ORD-DTW',)}),{left: ("[FunctionalDependency:(s: {flight}, t: {sched_arr_time})]", 0.0), operator: *, right: (1.0, 1.0), result: 0.0})
now error: 0.0
Block processing time: 0.033644 seconds
Computing Block 270 out of 341
Processing Block size=19
begin cleaner{left: ("[FunctionalDependency:(s: {flight}, t: {sched_arr_time})]", 0.0), operator: *, right: (1.0, 1.0), result: 0.0}
列 'p' 不存在，对列 sched_arr_time 不过滤，直接选择所有非无效值。
clean_bool length:2
newest best op: Uniop(df,'sched_arr_time','12:18 PM',(['flight'], {('CO-1193-EWR-MCO',)}),{left: ("[FunctionalDependency:(s: {flight}, t: {sched_arr_time})]", 0.0), operator: *, right: (1.0, 1.0), result: 0.0})
now error: 0.0
Block processing time: 0.028658 seconds
Computing Block 272 out of 341
Processing Block size=17
begin cleaner{left: ("[FunctionalDependency:(s: {flight}, t: {sched_arr_time})]", 0.0), operator: *, right: (1.0, 1.0), result: 0.0}
列 'p' 不存在，对列 sched_arr_time 不过滤，直接选择所有非无效值。
clean_bool length:2
newest best op: Uniop(df,'sched_arr_time','10:40 AM',(['flight'], {('AA-415-BOS-ORD',)}),{left: ("[FunctionalDependency:(s: {flight}, t: {sched_arr_time})]", 0.0), operator: *, right: (1.0, 1.0), result: 0.0})
now error: 0.0
Block processing time: 0.025195 seconds
Computing Block 277 out of 341
Processing Block size=12
begin cleaner{left: ("[FunctionalDependency:(s: {flight}, t: {sched_arr_time})]", 0.0), operator: *, right: (1.0, 1.0), result: 0.0}
列 'p' 不存在，对列 sched_arr_time 不过滤，直接选择所有非无效值。
clean_bool length:2
newest best op: Uniop(df,'sched_arr_time','01:39 PM',(['flight'], {('UA-854-SFO-IAH',)}),{left: ("[FunctionalDependency:(s: {flight}, t: {sched_arr_time})]", 0.0), operator: *, right: (1.0, 1.0), result: 0.0})
now error: 0.0
Block processing time: 0.018176 seconds
Computing Block 278 out of 341
Processing Block size=16
begin cleaner{left: ("[FunctionalDependency:(s: {flight}, t: {sched_arr_time})]", 0.0), operator: *, right: (1.0, 1.0), result: 0.0}
列 'p' 不存在，对列 sched_arr_time 不过滤，直接选择所有非无效值。
clean_bool length:2
newest best op: Uniop(df,'sched_arr_time','01:40 PM',(['flight'], {('UA-2704-DTW-PHX',)}),{left: ("[FunctionalDependency:(s: {flight}, t: {sched_arr_time})]", 0.0), operator: *, right: (1.0, 1.0), result: 0.0})
now error: 0.0
Block processing time: 0.023677 seconds
Computing Block 285 out of 341
Processing Block size=9
begin cleaner{left: ("[FunctionalDependency:(s: {flight}, t: {sched_arr_time})]", 0.0), operator: *, right: (1.0, 1.0), result: 0.0}
列 'p' 不存在，对列 sched_arr_time 不过滤，直接选择所有非无效值。
clean_bool length:2
newest best op: Uniop(df,'sched_arr_time','08:27 AM',(['flight'], {('UA-858-PVG-SFO',)}),{left: ("[FunctionalDependency:(s: {flight}, t: {sched_arr_time})]", 0.0), operator: *, right: (1.0, 1.0), result: 0.0})
now error: 0.0
Block processing time: 0.01372 seconds
Computing Block 286 out of 341
Processing Block size=16
begin cleaner{left: ("[FunctionalDependency:(s: {flight}, t: {sched_arr_time})]", 0.0), operator: *, right: (1.0, 1.0), result: 0.0}
列 'p' 不存在，对列 sched_arr_time 不过滤，直接选择所有非无效值。
Block processing time: 0.012003 seconds
Computing Block 287 out of 341
Processing Block size=11
begin cleaner{left: ("[FunctionalDependency:(s: {flight}, t: {sched_arr_time})]", 0.0), operator: *, right: (1.0, 1.0), result: 0.0}
列 'p' 不存在，对列 sched_arr_time 不过滤，直接选择所有非无效值。
clean_bool length:2
newest best op: Uniop(df,'sched_arr_time','06:44 PM',(['flight'], {('CO-16-LAX-EWR',)}),{left: ("[FunctionalDependency:(s: {flight}, t: {sched_arr_time})]", 0.0), operator: *, right: (1.0, 1.0), result: 0.0})
now error: 0.0
Block processing time: 0.016551 seconds
Computing Block 288 out of 341
Processing Block size=18
begin cleaner{left: ("[FunctionalDependency:(s: {flight}, t: {sched_arr_time})]", 0.0), operator: *, right: (1.0, 1.0), result: 0.0}
列 'p' 不存在，对列 sched_arr_time 不过滤，直接选择所有非无效值。
clean_bool length:2
newest best op: Uniop(df,'sched_arr_time','04:48 PM',(['flight'], {('CO-1250-MIA-IAH',)}),{left: ("[FunctionalDependency:(s: {flight}, t: {sched_arr_time})]", 0.0), operator: *, right: (1.0, 1.0), result: 0.0})
now error: 0.0
Block processing time: 0.026896 seconds
Computing Block 296 out of 341
Processing Block size=17
begin cleaner{left: ("[FunctionalDependency:(s: {flight}, t: {sched_arr_time})]", 0.0), operator: *, right: (1.0, 1.0), result: 0.0}
列 'p' 不存在，对列 sched_arr_time 不过滤，直接选择所有非无效值。
clean_bool length:2
newest best op: Uniop(df,'sched_arr_time','05:25 PM',(['flight'], {('AA-1544-SAN-ORD',)}),{left: ("[FunctionalDependency:(s: {flight}, t: {sched_arr_time})]", 0.0), operator: *, right: (1.0, 1.0), result: 0.0})
now error: 0.0
Block processing time: 0.025664 seconds
Computing Block 297 out of 341
Processing Block size=18
begin cleaner{left: ("[FunctionalDependency:(s: {flight}, t: {sched_arr_time})]", 0.0), operator: *, right: (1.0, 1.0), result: 0.0}
列 'p' 不存在，对列 sched_arr_time 不过滤，直接选择所有非无效值。
clean_bool length:2
newest best op: Uniop(df,'sched_arr_time','06:55 AM',(['flight'], {('AA-204-LAX-MCO',)}),{left: ("[FunctionalDependency:(s: {flight}, t: {sched_arr_time})]", 0.0), operator: *, right: (1.0, 1.0), result: 0.0})
now error: 0.0
Block processing time: 0.026742 seconds
Computing Block 300 out of 341
Processing Block size=15
begin cleaner{left: ("[FunctionalDependency:(s: {flight}, t: {sched_arr_time})]", 0.0), operator: *, right: (1.0, 1.0), result: 0.0}
列 'p' 不存在，对列 sched_arr_time 不过滤，直接选择所有非无效值。
clean_bool length:2
newest best op: Uniop(df,'sched_arr_time','09:43 AM',(['flight'], {('UA-6273-YYC-SFO',)}),{left: ("[FunctionalDependency:(s: {flight}, t: {sched_arr_time})]", 0.0), operator: *, right: (1.0, 1.0), result: 0.0})
now error: 0.0
Block processing time: 0.022313 seconds
Computing Block 312 out of 341
Processing Block size=20
begin cleaner{left: ("[FunctionalDependency:(s: {flight}, t: {sched_arr_time})]", 0.0), operator: *, right: (1.0, 1.0), result: 0.0}
列 'p' 不存在，对列 sched_arr_time 不过滤，直接选择所有非无效值。
clean_bool length:2
newest best op: Uniop(df,'sched_arr_time','09:24 AM',(['flight'], {('UA-3373-IAD-PHL',)}),{left: ("[FunctionalDependency:(s: {flight}, t: {sched_arr_time})]", 0.0), operator: *, right: (1.0, 1.0), result: 0.0})
now error: 0.0
Block processing time: 0.029705 seconds
Computing Block 323 out of 341
Processing Block size=18
begin cleaner{left: ("[FunctionalDependency:(s: {flight}, t: {sched_arr_time})]", 0.0), operator: *, right: (1.0, 1.0), result: 0.0}
列 'p' 不存在，对列 sched_arr_time 不过滤，直接选择所有非无效值。
clean_bool length:2
newest best op: Uniop(df,'sched_arr_time','05:55 PM',(['flight'], {('AA-1917-JFK-MCO',)}),{left: ("[FunctionalDependency:(s: {flight}, t: {sched_arr_time})]", 0.0), operator: *, right: (1.0, 1.0), result: 0.0})
now error: 0.0
Block processing time: 0.026706 seconds
Computing Block 324 out of 341
Processing Block size=12
begin cleaner{left: ("[FunctionalDependency:(s: {flight}, t: {sched_arr_time})]", 0.0), operator: *, right: (1.0, 1.0), result: 0.0}
列 'p' 不存在，对列 sched_arr_time 不过滤，直接选择所有非无效值。
clean_bool length:2
newest best op: Uniop(df,'sched_arr_time','08:22 PM',(['flight'], {('CO-63-EWR-IAH',)}),{left: ("[FunctionalDependency:(s: {flight}, t: {sched_arr_time})]", 0.0), operator: *, right: (1.0, 1.0), result: 0.0})
now error: 0.0
Block processing time: 0.018214 seconds
Computing Block 328 out of 341
Processing Block size=15
begin cleaner{left: ("[FunctionalDependency:(s: {flight}, t: {sched_arr_time})]", 0.0), operator: *, right: (1.0, 1.0), result: 0.0}
列 'p' 不存在，对列 sched_arr_time 不过滤，直接选择所有非无效值。
clean_bool length:2
newest best op: Uniop(df,'sched_arr_time','02:59 PM',(['flight'], {('AA-400-DFW-JFK',)}),{left: ("[FunctionalDependency:(s: {flight}, t: {sched_arr_time})]", 0.0), operator: *, right: (1.0, 1.0), result: 0.0})
now error: 0.0
Block processing time: 0.022383 seconds
Computing Block 329 out of 341
Processing Block size=18
begin cleaner{left: ("[FunctionalDependency:(s: {flight}, t: {sched_arr_time})]", 0.0), operator: *, right: (1.0, 1.0), result: 0.0}
列 'p' 不存在，对列 sched_arr_time 不过滤，直接选择所有非无效值。
clean_bool length:2
newest best op: Uniop(df,'sched_arr_time','04:00 PM',(['flight'], {('AA-4330-CVG-ORD',)}),{left: ("[FunctionalDependency:(s: {flight}, t: {sched_arr_time})]", 0.0), operator: *, right: (1.0, 1.0), result: 0.0})
now error: 0.0
Block processing time: 0.026414 seconds
Computing Block 330 out of 341
Processing Block size=21
begin cleaner{left: ("[FunctionalDependency:(s: {flight}, t: {sched_arr_time})]", 0.0), operator: *, right: (1.0, 1.0), result: 0.0}
列 'p' 不存在，对列 sched_arr_time 不过滤，直接选择所有非无效值。
clean_bool length:2
newest best op: Uniop(df,'sched_arr_time','12:10 PM',(['flight'], {('AA-1664-MIA-ATL',)}),{left: ("[FunctionalDependency:(s: {flight}, t: {sched_arr_time})]", 0.0), operator: *, right: (1.0, 1.0), result: 0.0})
now error: 0.0
Block processing time: 0.030863 seconds
Computing Block 332 out of 341
WARNING:root:No partitioning rule specified, processing might be slow
Processing Block size=19
begin cleaner{left: ("[FunctionalDependency:(s: {flight}, t: {sched_arr_time})]", 0.0), operator: *, right: (1.0, 1.0), result: 0.0}
列 'p' 不存在，对列 sched_arr_time 不过滤，直接选择所有非无效值。
clean_bool length:2
newest best op: Uniop(df,'sched_arr_time','07:45 AM',(['flight'], {('AA-404-MIA-MCO',)}),{left: ("[FunctionalDependency:(s: {flight}, t: {sched_arr_time})]", 0.0), operator: *, right: (1.0, 1.0), result: 0.0})
now error: 0.0
Block processing time: 0.027979 seconds
Computing Block 333 out of 341
Processing Block size=18
begin cleaner{left: ("[FunctionalDependency:(s: {flight}, t: {sched_arr_time})]", 0.0), operator: *, right: (1.0, 1.0), result: 0.0}
列 'p' 不存在，对列 sched_arr_time 不过滤，直接选择所有非无效值。
Block processing time: 0.013397 seconds
Computing Block 336 out of 341
Processing Block size=14
begin cleaner{left: ("[FunctionalDependency:(s: {flight}, t: {sched_arr_time})]", 0.0), operator: *, right: (1.0, 1.0), result: 0.0}
列 'p' 不存在，对列 sched_arr_time 不过滤，直接选择所有非无效值。
clean_bool length:2
newest best op: Uniop(df,'sched_arr_time','04:17 PM',(['flight'], {('UA-37-EWR-MCO',)}),{left: ("[FunctionalDependency:(s: {flight}, t: {sched_arr_time})]", 0.0), operator: *, right: (1.0, 1.0), result: 0.0})
now error: 0.0
Block processing time: 0.021049 seconds
  当前节点: sched_arr_time 有 99 个清洗操作
  当前节点: act_arr_time 存在可用清洗信号
数据块大小: 2376
分块属性:
[['flight']]
Starting initial block mapping...
Initial number of blocks: 341
Final number of blocks after further splitting: 341
Computing Block 1 out of 341
Processing Block size=11
begin cleaner[FunctionalDependency:(s: {'flight'}, t: {'act_arr_time'})]*1.0
列 'p' 不存在，对列 act_arr_time 不过滤，直接选择所有非无效值。
clean_bool length:3
newest best op: Uniop(df,'act_arr_time','12:27 AM',(['flight'], {('CO-89-IAH-EWR',)}),{left: ("[FunctionalDependency:(s: {flight}, t: {act_arr_time})]", 0.0), operator: *, right: (1.0, 1.0), result: 0.0})
now error: 0.0
newest best op: Uniop(df,'act_arr_time','10:27 AM',(['flight'], {('CO-89-IAH-EWR',)}),{left: ("[FunctionalDependency:(s: {flight}, t: {act_arr_time})]", 0.0), operator: *, right: (1.0, 1.0), result: 0.0})
now error: 0.0
Block processing time: 0.025561 seconds
Computing Block 2 out of 341
Processing Block size=16
begin cleaner{left: ("[FunctionalDependency:(s: {flight}, t: {act_arr_time})]", 0.0), operator: *, right: (1.0, 1.0), result: 0.0}
列 'p' 不存在，对列 act_arr_time 不过滤，直接选择所有非无效值。
clean_bool length:2
newest best op: Uniop(df,'act_arr_time','09:14 AM',(['flight'], {('CO-52-IAH-LAX',)}),{left: ("[FunctionalDependency:(s: {flight}, t: {act_arr_time})]", 0.0), operator: *, right: (1.0, 1.0), result: 0.0})
now error: 0.0
Block processing time: 0.024206 seconds
Computing Block 9 out of 341
Processing Block size=18
begin cleaner{left: ("[FunctionalDependency:(s: {flight}, t: {act_arr_time})]", 0.0), operator: *, right: (1.0, 1.0), result: 0.0}
列 'p' 不存在，对列 act_arr_time 不过滤，直接选择所有非无效值。
clean_bool length:2
newest best op: Uniop(df,'act_arr_time','05:26 PM',(['flight'], {('CO-50-CLE-EWR',)}),{left: ("[FunctionalDependency:(s: {flight}, t: {act_arr_time})]", 0.0), operator: *, right: (1.0, 1.0), result: 0.0})
now error: 0.0
Block processing time: 0.026744 seconds
Computing Block 10 out of 341
Processing Block size=19
begin cleaner{left: ("[FunctionalDependency:(s: {flight}, t: {act_arr_time})]", 0.0), operator: *, right: (1.0, 1.0), result: 0.0}
列 'p' 不存在，对列 act_arr_time 不过滤，直接选择所有非无效值。
clean_bool length:2
newest best op: Uniop(df,'act_arr_time','06:38 PM',(['flight'], {('UA-2906-PHL-MCO',)}),{left: ("[FunctionalDependency:(s: {flight}, t: {act_arr_time})]", 0.0), operator: *, right: (1.0, 1.0), result: 0.0})
now error: 0.0
Block processing time: 0.028079 seconds
Computing Block 13 out of 341
Processing Block size=20
begin cleaner{left: ("[FunctionalDependency:(s: {flight}, t: {act_arr_time})]", 0.0), operator: *, right: (1.0, 1.0), result: 0.0}
列 'p' 不存在，对列 act_arr_time 不过滤，直接选择所有非无效值。
clean_bool length:3
newest best op: Uniop(df,'act_arr_time','12:21 PM',(['flight'], {('CO-1694-LAX-IAH',)}),{left: ("[FunctionalDependency:(s: {flight}, t: {act_arr_time})]", 0.0), operator: *, right: (1.0, 1.0), result: 0.0})
now error: 0.0
newest best op: Uniop(df,'act_arr_time','12:21 AM',(['flight'], {('CO-1694-LAX-IAH',)}),{left: ("[FunctionalDependency:(s: {flight}, t: {act_arr_time})]", 0.0), operator: *, right: (1.0, 1.0), result: 0.0})
now error: 0.0
Block processing time: 0.044698 seconds
Computing Block 16 out of 341
Processing Block size=21
begin cleaner{left: ("[FunctionalDependency:(s: {flight}, t: {act_arr_time})]", 0.0), operator: *, right: (1.0, 1.0), result: 0.0}
列 'p' 不存在，对列 act_arr_time 不过滤，直接选择所有非无效值。
clean_bool length:2
newest best op: Uniop(df,'act_arr_time','09:31 AM',(['flight'], {('AA-643-MIA-ORD',)}),{left: ("[FunctionalDependency:(s: {flight}, t: {act_arr_time})]", 0.0), operator: *, right: (1.0, 1.0), result: 0.0})
now error: 0.0
Block processing time: 0.030857 seconds
Computing Block 17 out of 341
Processing Block size=18
begin cleaner{left: ("[FunctionalDependency:(s: {flight}, t: {act_arr_time})]", 0.0), operator: *, right: (1.0, 1.0), result: 0.0}
列 'p' 不存在，对列 act_arr_time 不过滤，直接选择所有非无效值。
clean_bool length:2
newest best op: Uniop(df,'act_arr_time','06:28 PM',(['flight'], {('UA-2726-FLL-PHL',)}),{left: ("[FunctionalDependency:(s: {flight}, t: {act_arr_time})]", 0.0), operator: *, right: (1.0, 1.0), result: 0.0})
now error: 0.0
Block processing time: 0.026523 seconds
Computing Block 20 out of 341
Processing Block size=19
begin cleaner{left: ("[FunctionalDependency:(s: {flight}, t: {act_arr_time})]", 0.0), operator: *, right: (1.0, 1.0), result: 0.0}
列 'p' 不存在，对列 act_arr_time 不过滤，直接选择所有非无效值。
clean_bool length:2
newest best op: Uniop(df,'act_arr_time','05:05 PM',(['flight'], {('UA-3050-PHX-CLT',)}),{left: ("[FunctionalDependency:(s: {flight}, t: {act_arr_time})]", 0.0), operator: *, right: (1.0, 1.0), result: 0.0})
now error: 0.0
Block processing time: 0.027985 seconds
Computing Block 30 out of 341
Processing Block size=20
begin cleaner{left: ("[FunctionalDependency:(s: {flight}, t: {act_arr_time})]", 0.0), operator: *, right: (1.0, 1.0), result: 0.0}
列 'p' 不存在，对列 act_arr_time 不过滤，直接选择所有非无效值。
clean_bool length:2
newest best op: Uniop(df,'act_arr_time','07:36 PM',(['flight'], {('UA-938-DEN-ORD',)}),{left: ("[FunctionalDependency:(s: {flight}, t: {act_arr_time})]", 0.0), operator: *, right: (1.0, 1.0), result: 0.0})
now error: 0.0
Block processing time: 0.029515 seconds
Computing Block 32 out of 341
Processing Block size=21
begin cleaner{left: ("[FunctionalDependency:(s: {flight}, t: {act_arr_time})]", 0.0), operator: *, right: (1.0, 1.0), result: 0.0}
列 'p' 不存在，对列 act_arr_time 不过滤，直接选择所有非无效值。
clean_bool length:2
newest best op: Uniop(df,'act_arr_time','03:43 PM',(['flight'], {('AA-3804-PHL-ORD',)}),{left: ("[FunctionalDependency:(s: {flight}, t: {act_arr_time})]", 0.0), operator: *, right: (1.0, 1.0), result: 0.0})
now error: 0.0
Block processing time: 0.030851 seconds
Computing Block 35 out of 341
Processing Block size=18
begin cleaner{left: ("[FunctionalDependency:(s: {flight}, t: {act_arr_time})]", 0.0), operator: *, right: (1.0, 1.0), result: 0.0}
列 'p' 不存在，对列 act_arr_time 不过滤，直接选择所有非无效值。
clean_bool length:2
newest best op: Uniop(df,'act_arr_time','01:19 PM',(['flight'], {('CO-1090-BOS-IAH',)}),{left: ("[FunctionalDependency:(s: {flight}, t: {act_arr_time})]", 0.0), operator: *, right: (1.0, 1.0), result: 0.0})
now error: 0.0
Block processing time: 0.026404 seconds
Computing Block 39 out of 341
Processing Block size=17
begin cleaner{left: ("[FunctionalDependency:(s: {flight}, t: {act_arr_time})]", 0.0), operator: *, right: (1.0, 1.0), result: 0.0}
列 'p' 不存在，对列 act_arr_time 不过滤，直接选择所有非无效值。
clean_bool length:2
newest best op: Uniop(df,'act_arr_time','03:31 PM',(['flight'], {('CO-58-DEN-IAH',)}),{left: ("[FunctionalDependency:(s: {flight}, t: {act_arr_time})]", 0.0), operator: *, right: (1.0, 1.0), result: 0.0})
now error: 0.0
Block processing time: 0.025174 seconds
Computing Block 45 out of 341
Processing Block size=22
begin cleaner{left: ("[FunctionalDependency:(s: {flight}, t: {act_arr_time})]", 0.0), operator: *, right: (1.0, 1.0), result: 0.0}
列 'p' 不存在，对列 act_arr_time 不过滤，直接选择所有非无效值。
clean_bool length:2
newest best op: Uniop(df,'act_arr_time','07:51 AM',(['flight'], {('AA-3842-MSP-ORD',)}),{left: ("[FunctionalDependency:(s: {flight}, t: {act_arr_time})]", 0.0), operator: *, right: (1.0, 1.0), result: 0.0})
now error: 0.0
Block processing time: 0.03233 seconds
Computing Block 46 out of 341
Processing Block size=19
begin cleaner{left: ("[FunctionalDependency:(s: {flight}, t: {act_arr_time})]", 0.0), operator: *, right: (1.0, 1.0), result: 0.0}
列 'p' 不存在，对列 act_arr_time 不过滤，直接选择所有非无效值。
clean_bool length:2
newest best op: Uniop(df,'act_arr_time','02:10 PM',(['flight'], {('AA-4344-ORD-DTW',)}),{left: ("[FunctionalDependency:(s: {flight}, t: {act_arr_time})]", 0.0), operator: *, right: (1.0, 1.0), result: 0.0})
now error: 0.0
Block processing time: 0.028059 seconds
Computing Block 55 out of 341
Processing Block size=21
begin cleaner{left: ("[FunctionalDependency:(s: {flight}, t: {act_arr_time})]", 0.0), operator: *, right: (1.0, 1.0), result: 0.0}
列 'p' 不存在，对列 act_arr_time 不过滤，直接选择所有非无效值。
clean_bool length:2
newest best op: Uniop(df,'act_arr_time','11:01 AM',(['flight'], {('AA-2957-DFW-CVG',)}),{left: ("[FunctionalDependency:(s: {flight}, t: {act_arr_time})]", 0.0), operator: *, right: (1.0, 1.0), result: 0.0})
now error: 0.0
Block processing time: 0.031034 seconds
Computing Block 58 out of 341
Processing Block size=18
begin cleaner{left: ("[FunctionalDependency:(s: {flight}, t: {act_arr_time})]", 0.0), operator: *, right: (1.0, 1.0), result: 0.0}
列 'p' 不存在，对列 act_arr_time 不过滤，直接选择所有非无效值。
clean_bool length:2
newest best op: Uniop(df,'act_arr_time','10:04 AM',(['flight'], {('AA-1165-JFK-MIA',)}),{left: ("[FunctionalDependency:(s: {flight}, t: {act_arr_time})]", 0.0), operator: *, right: (1.0, 1.0), result: 0.0})
now error: 0.0
Block processing time: 0.025936 seconds
Computing Block 60 out of 341
Processing Block size=15
begin cleaner{left: ("[FunctionalDependency:(s: {flight}, t: {act_arr_time})]", 0.0), operator: *, right: (1.0, 1.0), result: 0.0}
列 'p' 不存在，对列 act_arr_time 不过滤，直接选择所有非无效值。
clean_bool length:2
newest best op: Uniop(df,'act_arr_time','12:15 AM',(['flight'], {('AA-3823-LAX-DEN',)}),{left: ("[FunctionalDependency:(s: {flight}, t: {act_arr_time})]", 0.0), operator: *, right: (1.0, 1.0), result: 0.0})
now error: 0.0
Block processing time: 0.021583 seconds
Computing Block 62 out of 341
Processing Block size=22
begin cleaner{left: ("[FunctionalDependency:(s: {flight}, t: {act_arr_time})]", 0.0), operator: *, right: (1.0, 1.0), result: 0.0}
列 'p' 不存在，对列 act_arr_time 不过滤，直接选择所有非无效值。
clean_bool length:2
newest best op: Uniop(df,'act_arr_time','09:45 AM',(['flight'], {('AA-3468-CVG-MIA',)}),{left: ("[FunctionalDependency:(s: {flight}, t: {act_arr_time})]", 0.0), operator: *, right: (1.0, 1.0), result: 0.0})
now error: 0.0
Block processing time: 0.031134 seconds
Computing Block 65 out of 341
Processing Block size=19
begin cleaner{left: ("[FunctionalDependency:(s: {flight}, t: {act_arr_time})]", 0.0), operator: *, right: (1.0, 1.0), result: 0.0}
列 'p' 不存在，对列 act_arr_time 不过滤，直接选择所有非无效值。
clean_bool length:2
newest best op: Uniop(df,'act_arr_time','02:46 PM',(['flight'], {('AA-2050-ORD-MIA',)}),{left: ("[FunctionalDependency:(s: {flight}, t: {act_arr_time})]", 0.0), operator: *, right: (1.0, 1.0), result: 0.0})
now error: 0.0
Block processing time: 0.027191 seconds
Computing Block 66 out of 341
Processing Block size=21
begin cleaner{left: ("[FunctionalDependency:(s: {flight}, t: {act_arr_time})]", 0.0), operator: *, right: (1.0, 1.0), result: 0.0}
列 'p' 不存在，对列 act_arr_time 不过滤，直接选择所有非无效值。
clean_bool length:2
newest best op: Uniop(df,'act_arr_time','01:43 PM',(['flight'], {('AA-4277-CVG-JFK',)}),{left: ("[FunctionalDependency:(s: {flight}, t: {act_arr_time})]", 0.0), operator: *, right: (1.0, 1.0), result: 0.0})
now error: 0.0
Block processing time: 0.030141 seconds
Computing Block 78 out of 341
Processing Block size=2
begin cleaner{left: ("[FunctionalDependency:(s: {flight}, t: {act_arr_time})]", 0.0), operator: *, right: (1.0, 1.0), result: 0.0}
列 'p' 不存在，对列 act_arr_time 不过滤，直接选择所有非无效值。
Block processing time: 0.001589 seconds
Computing Block 98 out of 341
Processing Block size=15
begin cleaner{left: ("[FunctionalDependency:(s: {flight}, t: {act_arr_time})]", 0.0), operator: *, right: (1.0, 1.0), result: 0.0}
列 'p' 不存在，对列 act_arr_time 不过滤，直接选择所有非无效值。
clean_bool length:2
newest best op: Uniop(df,'act_arr_time','07:58 PM',(['flight'], {('UA-843-LAX-ORD',)}),{left: ("[FunctionalDependency:(s: {flight}, t: {act_arr_time})]", 0.0), operator: *, right: (1.0, 1.0), result: 0.0})
now error: 0.0
Block processing time: 0.021526 seconds
Computing Block 100 out of 341
Processing Block size=20
begin cleaner{left: ("[FunctionalDependency:(s: {flight}, t: {act_arr_time})]", 0.0), operator: *, right: (1.0, 1.0), result: 0.0}
列 'p' 不存在，对列 act_arr_time 不过滤，直接选择所有非无效值。
clean_bool length:2
newest best op: Uniop(df,'act_arr_time','05:38 PM',(['flight'], {('UA-3099-PHX-PHL',)}),{left: ("[FunctionalDependency:(s: {flight}, t: {act_arr_time})]", 0.0), operator: *, right: (1.0, 1.0), result: 0.0})
now error: 0.0
Block processing time: 0.028391 seconds
Computing Block 101 out of 341
Processing Block size=23
begin cleaner{left: ("[FunctionalDependency:(s: {flight}, t: {act_arr_time})]", 0.0), operator: *, right: (1.0, 1.0), result: 0.0}
列 'p' 不存在，对列 act_arr_time 不过滤，直接选择所有非无效值。
clean_bool length:2
newest best op: Uniop(df,'act_arr_time','09:05 AM',(['flight'], {('AA-466-IAH-MIA',)}),{left: ("[FunctionalDependency:(s: {flight}, t: {act_arr_time})]", 0.0), operator: *, right: (1.0, 1.0), result: 0.0})
now error: 0.0
Block processing time: 0.032592 seconds
Computing Block 102 out of 341
Processing Block size=18
begin cleaner{left: ("[FunctionalDependency:(s: {flight}, t: {act_arr_time})]", 0.0), operator: *, right: (1.0, 1.0), result: 0.0}
列 'p' 不存在，对列 act_arr_time 不过滤，直接选择所有非无效值。
clean_bool length:2
newest best op: Uniop(df,'act_arr_time','03:21 PM',(['flight'], {('UA-382-IAD-LAX',)}),{left: ("[FunctionalDependency:(s: {flight}, t: {act_arr_time})]", 0.0), operator: *, right: (1.0, 1.0), result: 0.0})
now error: 0.0
Block processing time: 0.02575 seconds
Computing Block 104 out of 341
Processing Block size=17
begin cleaner{left: ("[FunctionalDependency:(s: {flight}, t: {act_arr_time})]", 0.0), operator: *, right: (1.0, 1.0), result: 0.0}
列 'p' 不存在，对列 act_arr_time 不过滤，直接选择所有非无效值。
clean_bool length:2
newest best op: Uniop(df,'act_arr_time','11:21 AM',(['flight'], {('UA-5487-SFO-MRY',)}),{left: ("[FunctionalDependency:(s: {flight}, t: {act_arr_time})]", 0.0), operator: *, right: (1.0, 1.0), result: 0.0})
now error: 0.0
Block processing time: 0.024203 seconds
Computing Block 107 out of 341
Processing Block size=15
begin cleaner{left: ("[FunctionalDependency:(s: {flight}, t: {act_arr_time})]", 0.0), operator: *, right: (1.0, 1.0), result: 0.0}
列 'p' 不存在，对列 act_arr_time 不过滤，直接选择所有非无效值。
clean_bool length:2
newest best op: Uniop(df,'act_arr_time','09:56 AM',(['flight'], {('UA-3515-IAD-MSP',)}),{left: ("[FunctionalDependency:(s: {flight}, t: {act_arr_time})]", 0.0), operator: *, right: (1.0, 1.0), result: 0.0})
now error: 0.0
Block processing time: 0.02152 seconds
Computing Block 112 out of 341
Processing Block size=18
begin cleaner{left: ("[FunctionalDependency:(s: {flight}, t: {act_arr_time})]", 0.0), operator: *, right: (1.0, 1.0), result: 0.0}
列 'p' 不存在，对列 act_arr_time 不过滤，直接选择所有非无效值。
clean_bool length:2
newest best op: Uniop(df,'act_arr_time','03:50 PM',(['flight'], {('AA-649-ORD-SNA',)}),{left: ("[FunctionalDependency:(s: {flight}, t: {act_arr_time})]", 0.0), operator: *, right: (1.0, 1.0), result: 0.0})
now error: 0.0
Block processing time: 0.025682 seconds
Computing Block 114 out of 341
Processing Block size=16
begin cleaner{left: ("[FunctionalDependency:(s: {flight}, t: {act_arr_time})]", 0.0), operator: *, right: (1.0, 1.0), result: 0.0}
列 'p' 不存在，对列 act_arr_time 不过滤，直接选择所有非无效值。
clean_bool length:2
newest best op: Uniop(df,'act_arr_time','09:28 AM',(['flight'], {('AA-518-MIA-JFK',)}),{left: ("[FunctionalDependency:(s: {flight}, t: {act_arr_time})]", 0.0), operator: *, right: (1.0, 1.0), result: 0.0})
now error: 0.0
Block processing time: 0.023217 seconds
Computing Block 115 out of 341
Processing Block size=18
begin cleaner{left: ("[FunctionalDependency:(s: {flight}, t: {act_arr_time})]", 0.0), operator: *, right: (1.0, 1.0), result: 0.0}
列 'p' 不存在，对列 act_arr_time 不过滤，直接选择所有非无效值。
clean_bool length:2
newest best op: Uniop(df,'act_arr_time','03:14 PM',(['flight'], {('AA-222-LAX-BOS',)}),{left: ("[FunctionalDependency:(s: {flight}, t: {act_arr_time})]", 0.0), operator: *, right: (1.0, 1.0), result: 0.0})
now error: 0.0
Block processing time: 0.025563 seconds
Computing Block 119 out of 341
Processing Block size=16
begin cleaner{left: ("[FunctionalDependency:(s: {flight}, t: {act_arr_time})]", 0.0), operator: *, right: (1.0, 1.0), result: 0.0}
列 'p' 不存在，对列 act_arr_time 不过滤，直接选择所有非无效值。
Block processing time: 0.01154 seconds
Computing Block 120 out of 341
Processing Block size=12
begin cleaner{left: ("[FunctionalDependency:(s: {flight}, t: {act_arr_time})]", 0.0), operator: *, right: (1.0, 1.0), result: 0.0}
列 'p' 不存在，对列 act_arr_time 不过滤，直接选择所有非无效值。
clean_bool length:2
newest best op: Uniop(df,'act_arr_time','07:17 AM',(['flight'], {('UA-414-LAX-SFO',)}),{left: ("[FunctionalDependency:(s: {flight}, t: {act_arr_time})]", 0.0), operator: *, right: (1.0, 1.0), result: 0.0})
now error: 0.0
Block processing time: 0.017305 seconds
Computing Block 123 out of 341
Processing Block size=15
begin cleaner{left: ("[FunctionalDependency:(s: {flight}, t: {act_arr_time})]", 0.0), operator: *, right: (1.0, 1.0), result: 0.0}
列 'p' 不存在，对列 act_arr_time 不过滤，直接选择所有非无效值。
Block processing time: 0.010856 seconds
Computing Block 127 out of 341
Processing Block size=18
begin cleaner{left: ("[FunctionalDependency:(s: {flight}, t: {act_arr_time})]", 0.0), operator: *, right: (1.0, 1.0), result: 0.0}
列 'p' 不存在，对列 act_arr_time 不过滤，直接选择所有非无效值。
clean_bool length:2
newest best op: Uniop(df,'act_arr_time','07:55 PM',(['flight'], {('AA-1007-MIA-PHX',)}),{left: ("[FunctionalDependency:(s: {flight}, t: {act_arr_time})]", 0.0), operator: *, right: (1.0, 1.0), result: 0.0})
now error: 0.0
Block processing time: 0.025645 seconds
Computing Block 129 out of 341
Processing Block size=23
begin cleaner{left: ("[FunctionalDependency:(s: {flight}, t: {act_arr_time})]", 0.0), operator: *, right: (1.0, 1.0), result: 0.0}
列 'p' 不存在，对列 act_arr_time 不过滤，直接选择所有非无效值。
clean_bool length:2
newest best op: Uniop(df,'act_arr_time','11:12 AM',(['flight'], {('AA-59-JFK-SFO',)}),{left: ("[FunctionalDependency:(s: {flight}, t: {act_arr_time})]", 0.0), operator: *, right: (1.0, 1.0), result: 0.0})
now error: 0.0
Block processing time: 0.033025 seconds
Computing Block 130 out of 341
Processing Block size=20
begin cleaner{left: ("[FunctionalDependency:(s: {flight}, t: {act_arr_time})]", 0.0), operator: *, right: (1.0, 1.0), result: 0.0}
列 'p' 不存在，对列 act_arr_time 不过滤，直接选择所有非无效值。
clean_bool length:2
newest best op: Uniop(df,'act_arr_time','07:25 PM',(['flight'], {('AA-1640-MIA-MCO',)}),{left: ("[FunctionalDependency:(s: {flight}, t: {act_arr_time})]", 0.0), operator: *, right: (1.0, 1.0), result: 0.0})
now error: 0.0
Block processing time: 0.028315 seconds
Computing Block 131 out of 341
Processing Block size=18
begin cleaner{left: ("[FunctionalDependency:(s: {flight}, t: {act_arr_time})]", 0.0), operator: *, right: (1.0, 1.0), result: 0.0}
列 'p' 不存在，对列 act_arr_time 不过滤，直接选择所有非无效值。
clean_bool length:2
newest best op: Uniop(df,'act_arr_time','09:43 AM',(['flight'], {('UA-3925-IAD-ORF',)}),{left: ("[FunctionalDependency:(s: {flight}, t: {act_arr_time})]", 0.0), operator: *, right: (1.0, 1.0), result: 0.0})
now error: 0.0
Block processing time: 0.025499 seconds
Computing Block 137 out of 341
Processing Block size=19
begin cleaner{left: ("[FunctionalDependency:(s: {flight}, t: {act_arr_time})]", 0.0), operator: *, right: (1.0, 1.0), result: 0.0}
列 'p' 不存在，对列 act_arr_time 不过滤，直接选择所有非无效值。
Block processing time: 0.013974 seconds
Computing Block 142 out of 341
Processing Block size=18
begin cleaner{left: ("[FunctionalDependency:(s: {flight}, t: {act_arr_time})]", 0.0), operator: *, right: (1.0, 1.0), result: 0.0}
列 'p' 不存在，对列 act_arr_time 不过滤，直接选择所有非无效值。
clean_bool length:3
newest best op: Uniop(df,'act_arr_time','11:44 AM',(['flight'], {('AA-431-MIA-SFO',)}),{left: ("[FunctionalDependency:(s: {flight}, t: {act_arr_time})]", 0.0), operator: *, right: (1.0, 1.0), result: 0.0})
now error: 0.0
Block processing time: 0.038906 seconds
Computing Block 151 out of 341
Processing Block size=22
begin cleaner{left: ("[FunctionalDependency:(s: {flight}, t: {act_arr_time})]", 0.0), operator: *, right: (1.0, 1.0), result: 0.0}
列 'p' 不存在，对列 act_arr_time 不过滤，直接选择所有非无效值。
clean_bool length:2
newest best op: Uniop(df,'act_arr_time','10:36 AM',(['flight'], {('AA-1434-DFW-MCO',)}),{left: ("[FunctionalDependency:(s: {flight}, t: {act_arr_time})]", 0.0), operator: *, right: (1.0, 1.0), result: 0.0})
now error: 0.0
Block processing time: 0.031156 seconds
Computing Block 152 out of 341
Processing Block size=15
begin cleaner{left: ("[FunctionalDependency:(s: {flight}, t: {act_arr_time})]", 0.0), operator: *, right: (1.0, 1.0), result: 0.0}
列 'p' 不存在，对列 act_arr_time 不过滤，直接选择所有非无效值。
clean_bool length:2
newest best op: Uniop(df,'act_arr_time','09:52 PM',(['flight'], {('CO-47-IAH-LAX',)}),{left: ("[FunctionalDependency:(s: {flight}, t: {act_arr_time})]", 0.0), operator: *, right: (1.0, 1.0), result: 0.0})
now error: 0.0
Block processing time: 0.021538 seconds
Computing Block 155 out of 341
Processing Block size=17
begin cleaner{left: ("[FunctionalDependency:(s: {flight}, t: {act_arr_time})]", 0.0), operator: *, right: (1.0, 1.0), result: 0.0}
列 'p' 不存在，对列 act_arr_time 不过滤，直接选择所有非无效值。
clean_bool length:2
newest best op: Uniop(df,'act_arr_time','01:27 PM',(['flight'], {('AA-616-DFW-DTW',)}),{left: ("[FunctionalDependency:(s: {flight}, t: {act_arr_time})]", 0.0), operator: *, right: (1.0, 1.0), result: 0.0})
now error: 0.0
Block processing time: 0.024658 seconds
Computing Block 156 out of 341
Processing Block size=23
begin cleaner{left: ("[FunctionalDependency:(s: {flight}, t: {act_arr_time})]", 0.0), operator: *, right: (1.0, 1.0), result: 0.0}
列 'p' 不存在，对列 act_arr_time 不过滤，直接选择所有非无效值。
clean_bool length:2
newest best op: Uniop(df,'act_arr_time','11:06 AM',(['flight'], {('AA-2268-PHX-ORD',)}),{left: ("[FunctionalDependency:(s: {flight}, t: {act_arr_time})]", 0.0), operator: *, right: (1.0, 1.0), result: 0.0})
now error: 0.0
Block processing time: 0.032753 seconds
Computing Block 160 out of 341
Processing Block size=20
begin cleaner{left: ("[FunctionalDependency:(s: {flight}, t: {act_arr_time})]", 0.0), operator: *, right: (1.0, 1.0), result: 0.0}
列 'p' 不存在，对列 act_arr_time 不过滤，直接选择所有非无效值。
clean_bool length:2
newest best op: Uniop(df,'act_arr_time','05:11 AM',(['flight'], {('UA-828-SFO-ORD',)}),{left: ("[FunctionalDependency:(s: {flight}, t: {act_arr_time})]", 0.0), operator: *, right: (1.0, 1.0), result: 0.0})
now error: 0.0
Block processing time: 0.028429 seconds
Computing Block 162 out of 341
Processing Block size=20
begin cleaner{left: ("[FunctionalDependency:(s: {flight}, t: {act_arr_time})]", 0.0), operator: *, right: (1.0, 1.0), result: 0.0}
列 'p' 不存在，对列 act_arr_time 不过滤，直接选择所有非无效值。
clean_bool length:2
newest best op: Uniop(df,'act_arr_time','02:27 PM',(['flight'], {('AA-271-MIA-LAX',)}),{left: ("[FunctionalDependency:(s: {flight}, t: {act_arr_time})]", 0.0), operator: *, right: (1.0, 1.0), result: 0.0})
now error: 0.0
Block processing time: 0.028674 seconds
Computing Block 165 out of 341
Processing Block size=15
begin cleaner{left: ("[FunctionalDependency:(s: {flight}, t: {act_arr_time})]", 0.0), operator: *, right: (1.0, 1.0), result: 0.0}
列 'p' 不存在，对列 act_arr_time 不过滤，直接选择所有非无效值。
clean_bool length:2
newest best op: Uniop(df,'act_arr_time','11:32 AM',(['flight'], {('CO-1561-PHX-IAH',)}),{left: ("[FunctionalDependency:(s: {flight}, t: {act_arr_time})]", 0.0), operator: *, right: (1.0, 1.0), result: 0.0})
now error: 0.0
Block processing time: 0.021475 seconds
Computing Block 167 out of 341
Processing Block size=17
begin cleaner{left: ("[FunctionalDependency:(s: {flight}, t: {act_arr_time})]", 0.0), operator: *, right: (1.0, 1.0), result: 0.0}
列 'p' 不存在，对列 act_arr_time 不过滤，直接选择所有非无效值。
clean_bool length:2
newest best op: Uniop(df,'act_arr_time','07:10 PM',(['flight'], {('CO-62-IAH-EWR',)}),{left: ("[FunctionalDependency:(s: {flight}, t: {act_arr_time})]", 0.0), operator: *, right: (1.0, 1.0), result: 0.0})
now error: 0.0
Block processing time: 0.024295 seconds
Computing Block 168 out of 341
Processing Block size=21
begin cleaner{left: ("[FunctionalDependency:(s: {flight}, t: {act_arr_time})]", 0.0), operator: *, right: (1.0, 1.0), result: 0.0}
列 'p' 不存在，对列 act_arr_time 不过滤，直接选择所有非无效值。
clean_bool length:2
newest best op: Uniop(df,'act_arr_time','06:43 PM',(['flight'], {('AA-85-JFK-SFO',)}),{left: ("[FunctionalDependency:(s: {flight}, t: {act_arr_time})]", 0.0), operator: *, right: (1.0, 1.0), result: 0.0})
now error: 0.0
Block processing time: 0.02993 seconds
Computing Block 169 out of 341
Processing Block size=15
begin cleaner{left: ("[FunctionalDependency:(s: {flight}, t: {act_arr_time})]", 0.0), operator: *, right: (1.0, 1.0), result: 0.0}
列 'p' 不存在，对列 act_arr_time 不过滤，直接选择所有非无效值。
clean_bool length:2
newest best op: Uniop(df,'act_arr_time','01:40 PM',(['flight'], {('AA-1886-BOS-MIA',)}),{left: ("[FunctionalDependency:(s: {flight}, t: {act_arr_time})]", 0.0), operator: *, right: (1.0, 1.0), result: 0.0})
now error: 0.0
Block processing time: 0.021631 seconds
Computing Block 170 out of 341
Processing Block size=13
begin cleaner{left: ("[FunctionalDependency:(s: {flight}, t: {act_arr_time})]", 0.0), operator: *, right: (1.0, 1.0), result: 0.0}
列 'p' 不存在，对列 act_arr_time 不过滤，直接选择所有非无效值。
clean_bool length:2
newest best op: Uniop(df,'act_arr_time','12:09 PM',(['flight'], {('UA-37-EDI-EWR',)}),{left: ("[FunctionalDependency:(s: {flight}, t: {act_arr_time})]", 0.0), operator: *, right: (1.0, 1.0), result: 0.0})
now error: 0.0
Block processing time: 0.018837 seconds
Computing Block 174 out of 341
Processing Block size=19
begin cleaner{left: ("[FunctionalDependency:(s: {flight}, t: {act_arr_time})]", 0.0), operator: *, right: (1.0, 1.0), result: 0.0}
列 'p' 不存在，对列 act_arr_time 不过滤，直接选择所有非无效值。
clean_bool length:2
newest best op: Uniop(df,'act_arr_time','07:39 PM',(['flight'], {('AA-484-DFW-MIA',)}),{left: ("[FunctionalDependency:(s: {flight}, t: {act_arr_time})]", 0.0), operator: *, right: (1.0, 1.0), result: 0.0})
now error: 0.0
Block processing time: 0.027441 seconds
Computing Block 175 out of 341
Processing Block size=17
begin cleaner{left: ("[FunctionalDependency:(s: {flight}, t: {act_arr_time})]", 0.0), operator: *, right: (1.0, 1.0), result: 0.0}
列 'p' 不存在，对列 act_arr_time 不过滤，直接选择所有非无效值。
clean_bool length:2
newest best op: Uniop(df,'act_arr_time','01:14 PM',(['flight'], {('CO-1023-IAH-DEN',)}),{left: ("[FunctionalDependency:(s: {flight}, t: {act_arr_time})]", 0.0), operator: *, right: (1.0, 1.0), result: 0.0})
now error: 0.0
Block processing time: 0.02444 seconds
Computing Block 177 out of 341
Processing Block size=18
begin cleaner{left: ("[FunctionalDependency:(s: {flight}, t: {act_arr_time})]", 0.0), operator: *, right: (1.0, 1.0), result: 0.0}
列 'p' 不存在，对列 act_arr_time 不过滤，直接选择所有非无效值。
clean_bool length:3
newest best op: Uniop(df,'act_arr_time','12:29 AM',(['flight'], {('CO-1586-IAH-MCO',)}),{left: ("[FunctionalDependency:(s: {flight}, t: {act_arr_time})]", 0.0), operator: *, right: (1.0, 1.0), result: 0.0})
now error: 0.0
newest best op: Uniop(df,'act_arr_time','10:29 PM',(['flight'], {('CO-1586-IAH-MCO',)}),{left: ("[FunctionalDependency:(s: {flight}, t: {act_arr_time})]", 0.0), operator: *, right: (1.0, 1.0), result: 0.0})
now error: 0.0
Block processing time: 0.038899 seconds
Computing Block 178 out of 341
Processing Block size=24
begin cleaner{left: ("[FunctionalDependency:(s: {flight}, t: {act_arr_time})]", 0.0), operator: *, right: (1.0, 1.0), result: 0.0}
列 'p' 不存在，对列 act_arr_time 不过滤，直接选择所有非无效值。
clean_bool length:2
newest best op: Uniop(df,'act_arr_time','03:13 PM',(['flight'], {('AA-789-ORD-DEN',)}),{left: ("[FunctionalDependency:(s: {flight}, t: {act_arr_time})]", 0.0), operator: *, right: (1.0, 1.0), result: 0.0})
now error: 0.0
Block processing time: 0.035191 seconds
Computing Block 179 out of 341
Processing Block size=20
begin cleaner{left: ("[FunctionalDependency:(s: {flight}, t: {act_arr_time})]", 0.0), operator: *, right: (1.0, 1.0), result: 0.0}
列 'p' 不存在，对列 act_arr_time 不过滤，直接选择所有非无效值。
clean_bool length:2
newest best op: Uniop(df,'act_arr_time','03:16 PM',(['flight'], {('AA-3-JFK-LAX',)}),{left: ("[FunctionalDependency:(s: {flight}, t: {act_arr_time})]", 0.0), operator: *, right: (1.0, 1.0), result: 0.0})
now error: 0.0
Block processing time: 0.030923 seconds
Computing Block 180 out of 341
Processing Block size=20
begin cleaner{left: ("[FunctionalDependency:(s: {flight}, t: {act_arr_time})]", 0.0), operator: *, right: (1.0, 1.0), result: 0.0}
列 'p' 不存在，对列 act_arr_time 不过滤，直接选择所有非无效值。
clean_bool length:2
newest best op: Uniop(df,'act_arr_time','08:06 AM',(['flight'], {('AA-3979-CVG-ORD',)}),{left: ("[FunctionalDependency:(s: {flight}, t: {act_arr_time})]", 0.0), operator: *, right: (1.0, 1.0), result: 0.0})
now error: 0.0
Block processing time: 0.029262 seconds
Computing Block 182 out of 341
Processing Block size=20
begin cleaner{left: ("[FunctionalDependency:(s: {flight}, t: {act_arr_time})]", 0.0), operator: *, right: (1.0, 1.0), result: 0.0}
列 'p' 不存在，对列 act_arr_time 不过滤，直接选择所有非无效值。
clean_bool length:2
newest best op: Uniop(df,'act_arr_time','04:09 PM',(['flight'], {('AA-446-DFW-PHL',)}),{left: ("[FunctionalDependency:(s: {flight}, t: {act_arr_time})]", 0.0), operator: *, right: (1.0, 1.0), result: 0.0})
now error: 0.0
Block processing time: 0.028744 seconds
Computing Block 184 out of 341
Processing Block size=15
begin cleaner{left: ("[FunctionalDependency:(s: {flight}, t: {act_arr_time})]", 0.0), operator: *, right: (1.0, 1.0), result: 0.0}
列 'p' 不存在，对列 act_arr_time 不过滤，直接选择所有非无效值。
clean_bool length:2
newest best op: Uniop(df,'act_arr_time','04:44 PM',(['flight'], {('UA-2708-EWR-CLT',)}),{left: ("[FunctionalDependency:(s: {flight}, t: {act_arr_time})]", 0.0), operator: *, right: (1.0, 1.0), result: 0.0})
now error: 0.0
Block processing time: 0.021766 seconds
Computing Block 185 out of 341
Processing Block size=20
begin cleaner{left: ("[FunctionalDependency:(s: {flight}, t: {act_arr_time})]", 0.0), operator: *, right: (1.0, 1.0), result: 0.0}
列 'p' 不存在，对列 act_arr_time 不过滤，直接选择所有非无效值。
clean_bool length:2
newest best op: Uniop(df,'act_arr_time','12:29 AM',(['flight'], {('UA-233-LAX-JFK',)}),{left: ("[FunctionalDependency:(s: {flight}, t: {act_arr_time})]", 0.0), operator: *, right: (1.0, 1.0), result: 0.0})
now error: 0.0
Block processing time: 0.028633 seconds
Computing Block 190 out of 341
Processing Block size=23
begin cleaner{left: ("[FunctionalDependency:(s: {flight}, t: {act_arr_time})]", 0.0), operator: *, right: (1.0, 1.0), result: 0.0}
列 'p' 不存在，对列 act_arr_time 不过滤，直接选择所有非无效值。
clean_bool length:2
newest best op: Uniop(df,'act_arr_time','03:30 PM',(['flight'], {('AA-1279-DFW-PHX',)}),{left: ("[FunctionalDependency:(s: {flight}, t: {act_arr_time})]", 0.0), operator: *, right: (1.0, 1.0), result: 0.0})
now error: 0.0
Block processing time: 0.03275 seconds
Computing Block 194 out of 341
Processing Block size=17
begin cleaner{left: ("[FunctionalDependency:(s: {flight}, t: {act_arr_time})]", 0.0), operator: *, right: (1.0, 1.0), result: 0.0}
列 'p' 不存在，对列 act_arr_time 不过滤，直接选择所有非无效值。
clean_bool length:2
newest best op: Uniop(df,'act_arr_time','01:15 PM',(['flight'], {('UA-2945-PHL-CLT',)}),{left: ("[FunctionalDependency:(s: {flight}, t: {act_arr_time})]", 0.0), operator: *, right: (1.0, 1.0), result: 0.0})
now error: 0.0
Block processing time: 0.024612 seconds
Computing Block 196 out of 341
Processing Block size=19
begin cleaner{left: ("[FunctionalDependency:(s: {flight}, t: {act_arr_time})]", 0.0), operator: *, right: (1.0, 1.0), result: 0.0}
列 'p' 不存在，对列 act_arr_time 不过滤，直接选择所有非无效值。
clean_bool length:3
newest best op: Uniop(df,'act_arr_time','01:58 AM',(['flight'], {('UA-397-JFK-SFO',)}),{left: ("[FunctionalDependency:(s: {flight}, t: {act_arr_time})]", 0.0), operator: *, right: (1.0, 1.0), result: 0.0})
now error: 0.0
newest best op: Uniop(df,'act_arr_time','11:58 AM',(['flight'], {('UA-397-JFK-SFO',)}),{left: ("[FunctionalDependency:(s: {flight}, t: {act_arr_time})]", 0.0), operator: *, right: (1.0, 1.0), result: 0.0})
now error: 0.0
Block processing time: 0.041987 seconds
Computing Block 198 out of 341
Processing Block size=19
begin cleaner{left: ("[FunctionalDependency:(s: {flight}, t: {act_arr_time})]", 0.0), operator: *, right: (1.0, 1.0), result: 0.0}
列 'p' 不存在，对列 act_arr_time 不过滤，直接选择所有非无效值。
clean_bool length:2
newest best op: Uniop(df,'act_arr_time','05:26 AM',(['flight'], {('CO-1614-LAX-IAH',)}),{left: ("[FunctionalDependency:(s: {flight}, t: {act_arr_time})]", 0.0), operator: *, right: (1.0, 1.0), result: 0.0})
now error: 0.0
Block processing time: 0.027416 seconds
Computing Block 205 out of 341
Processing Block size=10
begin cleaner{left: ("[FunctionalDependency:(s: {flight}, t: {act_arr_time})]", 0.0), operator: *, right: (1.0, 1.0), result: 0.0}
列 'p' 不存在，对列 act_arr_time 不过滤，直接选择所有非无效值。
clean_bool length:2
newest best op: Uniop(df,'act_arr_time','11:56 AM',(['flight'], {('UA-1500-IAH-GUA',)}),{left: ("[FunctionalDependency:(s: {flight}, t: {act_arr_time})]", 0.0), operator: *, right: (1.0, 1.0), result: 0.0})
now error: 0.0
Block processing time: 0.014869 seconds
Computing Block 206 out of 341
Processing Block size=24
begin cleaner{left: ("[FunctionalDependency:(s: {flight}, t: {act_arr_time})]", 0.0), operator: *, right: (1.0, 1.0), result: 0.0}
列 'p' 不存在，对列 act_arr_time 不过滤，直接选择所有非无效值。
clean_bool length:2
newest best op: Uniop(df,'act_arr_time','09:53 PM',(['flight'], {('AA-1221-MCO-ORD',)}),{left: ("[FunctionalDependency:(s: {flight}, t: {act_arr_time})]", 0.0), operator: *, right: (1.0, 1.0), result: 0.0})
now error: 0.0
Block processing time: 0.034359 seconds
Computing Block 211 out of 341
Processing Block size=22
begin cleaner{left: ("[FunctionalDependency:(s: {flight}, t: {act_arr_time})]", 0.0), operator: *, right: (1.0, 1.0), result: 0.0}
列 'p' 不存在，对列 act_arr_time 不过滤，直接选择所有非无效值。
clean_bool length:2
newest best op: Uniop(df,'act_arr_time','05:42 PM',(['flight'], {('UA-257-JFK-SFO',)}),{left: ("[FunctionalDependency:(s: {flight}, t: {act_arr_time})]", 0.0), operator: *, right: (1.0, 1.0), result: 0.0})
now error: 0.0
Block processing time: 0.031376 seconds
Computing Block 213 out of 341
Processing Block size=16
begin cleaner{left: ("[FunctionalDependency:(s: {flight}, t: {act_arr_time})]", 0.0), operator: *, right: (1.0, 1.0), result: 0.0}
列 'p' 不存在，对列 act_arr_time 不过滤，直接选择所有非无效值。
clean_bool length:2
newest best op: Uniop(df,'act_arr_time','06:36 PM',(['flight'], {('CO-45-EWR-MIA',)}),{left: ("[FunctionalDependency:(s: {flight}, t: {act_arr_time})]", 0.0), operator: *, right: (1.0, 1.0), result: 0.0})
now error: 0.0
Block processing time: 0.023231 seconds
Computing Block 214 out of 341
Processing Block size=22
begin cleaner{left: ("[FunctionalDependency:(s: {flight}, t: {act_arr_time})]", 0.0), operator: *, right: (1.0, 1.0), result: 0.0}
列 'p' 不存在，对列 act_arr_time 不过滤，直接选择所有非无效值。
clean_bool length:2
newest best op: Uniop(df,'act_arr_time','12:50 PM',(['flight'], {('AA-4198-ORD-CLE',)}),{left: ("[FunctionalDependency:(s: {flight}, t: {act_arr_time})]", 0.0), operator: *, right: (1.0, 1.0), result: 0.0})
now error: 0.0
Block processing time: 0.031198 seconds
Computing Block 218 out of 341
Processing Block size=20
begin cleaner{left: ("[FunctionalDependency:(s: {flight}, t: {act_arr_time})]", 0.0), operator: *, right: (1.0, 1.0), result: 0.0}
列 'p' 不存在，对列 act_arr_time 不过滤，直接选择所有非无效值。
clean_bool length:2
newest best op: Uniop(df,'act_arr_time','05:50 AM',(['flight'], {('AA-1522-SFO-ORD',)}),{left: ("[FunctionalDependency:(s: {flight}, t: {act_arr_time})]", 0.0), operator: *, right: (1.0, 1.0), result: 0.0})
now error: 0.0
Block processing time: 0.02845 seconds
Computing Block 224 out of 341
Processing Block size=12
begin cleaner{left: ("[FunctionalDependency:(s: {flight}, t: {act_arr_time})]", 0.0), operator: *, right: (1.0, 1.0), result: 0.0}
列 'p' 不存在，对列 act_arr_time 不过滤，直接选择所有非无效值。
clean_bool length:2
newest best op: Uniop(df,'act_arr_time','07:10 PM',(['flight'], {('UA-62-IAH-EWR',)}),{left: ("[FunctionalDependency:(s: {flight}, t: {act_arr_time})]", 0.0), operator: *, right: (1.0, 1.0), result: 0.0})
now error: 0.0
Block processing time: 0.017335 seconds
Computing Block 229 out of 341
Processing Block size=22
begin cleaner{left: ("[FunctionalDependency:(s: {flight}, t: {act_arr_time})]", 0.0), operator: *, right: (1.0, 1.0), result: 0.0}
列 'p' 不存在，对列 act_arr_time 不过滤，直接选择所有非无效值。
clean_bool length:2
newest best op: Uniop(df,'act_arr_time','09:32 AM',(['flight'], {('AA-3859-IAH-ORD',)}),{left: ("[FunctionalDependency:(s: {flight}, t: {act_arr_time})]", 0.0), operator: *, right: (1.0, 1.0), result: 0.0})
now error: 0.0
Block processing time: 0.03106 seconds
Computing Block 233 out of 341
Processing Block size=17
begin cleaner{left: ("[FunctionalDependency:(s: {flight}, t: {act_arr_time})]", 0.0), operator: *, right: (1.0, 1.0), result: 0.0}
列 'p' 不存在，对列 act_arr_time 不过滤，直接选择所有非无效值。
clean_bool length:2
newest best op: Uniop(df,'act_arr_time','02:50 PM',(['flight'], {('AA-3756-ORD-SLC',)}),{left: ("[FunctionalDependency:(s: {flight}, t: {act_arr_time})]", 0.0), operator: *, right: (1.0, 1.0), result: 0.0})
now error: 0.0
Block processing time: 0.024237 seconds
Computing Block 235 out of 341
Processing Block size=16
begin cleaner{left: ("[FunctionalDependency:(s: {flight}, t: {act_arr_time})]", 0.0), operator: *, right: (1.0, 1.0), result: 0.0}
列 'p' 不存在，对列 act_arr_time 不过滤，直接选择所有非无效值。
clean_bool length:2
newest best op: Uniop(df,'act_arr_time','09:20 PM',(['flight'], {('AA-3063-SLC-LAX',)}),{left: ("[FunctionalDependency:(s: {flight}, t: {act_arr_time})]", 0.0), operator: *, right: (1.0, 1.0), result: 0.0})
now error: 0.0
Block processing time: 0.023004 seconds
Computing Block 236 out of 341
Processing Block size=17
begin cleaner{left: ("[FunctionalDependency:(s: {flight}, t: {act_arr_time})]", 0.0), operator: *, right: (1.0, 1.0), result: 0.0}
列 'p' 不存在，对列 act_arr_time 不过滤，直接选择所有非无效值。
clean_bool length:2
newest best op: Uniop(df,'act_arr_time','04:23 PM',(['flight'], {('UA-664-ORD-PHL',)}),{left: ("[FunctionalDependency:(s: {flight}, t: {act_arr_time})]", 0.0), operator: *, right: (1.0, 1.0), result: 0.0})
now error: 0.0
Block processing time: 0.024315 seconds
Computing Block 239 out of 341
Processing Block size=19
begin cleaner{left: ("[FunctionalDependency:(s: {flight}, t: {act_arr_time})]", 0.0), operator: *, right: (1.0, 1.0), result: 0.0}
列 'p' 不存在，对列 act_arr_time 不过滤，直接选择所有非无效值。
clean_bool length:2
newest best op: Uniop(df,'act_arr_time','06:19 AM',(['flight'], {('AA-3809-PHX-LAX',)}),{left: ("[FunctionalDependency:(s: {flight}, t: {act_arr_time})]", 0.0), operator: *, right: (1.0, 1.0), result: 0.0})
now error: 0.0
Block processing time: 0.027024 seconds
Computing Block 242 out of 341
Processing Block size=16
begin cleaner{left: ("[FunctionalDependency:(s: {flight}, t: {act_arr_time})]", 0.0), operator: *, right: (1.0, 1.0), result: 0.0}
列 'p' 不存在，对列 act_arr_time 不过滤，直接选择所有非无效值。
clean_bool length:2
newest best op: Uniop(df,'act_arr_time','10:30 PM',(['flight'], {('AA-1733-ORD-PHX',)}),{left: ("[FunctionalDependency:(s: {flight}, t: {act_arr_time})]", 0.0), operator: *, right: (1.0, 1.0), result: 0.0})
now error: 0.0
Block processing time: 0.023315 seconds
Computing Block 246 out of 341
Processing Block size=19
begin cleaner{left: ("[FunctionalDependency:(s: {flight}, t: {act_arr_time})]", 0.0), operator: *, right: (1.0, 1.0), result: 0.0}
列 'p' 不存在，对列 act_arr_time 不过滤，直接选择所有非无效值。
clean_bool length:2
newest best op: Uniop(df,'act_arr_time','06:15 PM',(['flight'], {('AA-3786-IAH-ORD',)}),{left: ("[FunctionalDependency:(s: {flight}, t: {act_arr_time})]", 0.0), operator: *, right: (1.0, 1.0), result: 0.0})
now error: 0.0
Block processing time: 0.027253 seconds
Computing Block 249 out of 341
Processing Block size=17
begin cleaner{left: ("[FunctionalDependency:(s: {flight}, t: {act_arr_time})]", 0.0), operator: *, right: (1.0, 1.0), result: 0.0}
列 'p' 不存在，对列 act_arr_time 不过滤，直接选择所有非无效值。
clean_bool length:2
newest best op: Uniop(df,'act_arr_time','04:47 PM',(['flight'], {('UA-2314-ATL-PHL',)}),{left: ("[FunctionalDependency:(s: {flight}, t: {act_arr_time})]", 0.0), operator: *, right: (1.0, 1.0), result: 0.0})
now error: 0.0
Block processing time: 0.025118 seconds
Computing Block 253 out of 341
Processing Block size=16
begin cleaner{left: ("[FunctionalDependency:(s: {flight}, t: {act_arr_time})]", 0.0), operator: *, right: (1.0, 1.0), result: 0.0}
列 'p' 不存在，对列 act_arr_time 不过滤，直接选择所有非无效值。
clean_bool length:3
newest best op: Uniop(df,'act_arr_time','10:47 AM',(['flight'], {('UA-2515-DFW-CLT',)}),{left: ("[FunctionalDependency:(s: {flight}, t: {act_arr_time})]", 0.0), operator: *, right: (1.0, 1.0), result: 0.0})
now error: 0.0
Block processing time: 0.036064 seconds
Computing Block 259 out of 341
Processing Block size=11
begin cleaner{left: ("[FunctionalDependency:(s: {flight}, t: {act_arr_time})]", 0.0), operator: *, right: (1.0, 1.0), result: 0.0}
列 'p' 不存在，对列 act_arr_time 不过滤，直接选择所有非无效值。
clean_bool length:3
newest best op: Uniop(df,'act_arr_time','10:56 AM',(['flight'], {('CO-1088-CLE-IAH',)}),{left: ("[FunctionalDependency:(s: {flight}, t: {act_arr_time})]", 0.0), operator: *, right: (1.0, 1.0), result: 0.0})
now error: 0.0
Block processing time: 0.025224 seconds
Computing Block 269 out of 341
Processing Block size=22
begin cleaner{left: ("[FunctionalDependency:(s: {flight}, t: {act_arr_time})]", 0.0), operator: *, right: (1.0, 1.0), result: 0.0}
列 'p' 不存在，对列 act_arr_time 不过滤，直接选择所有非无效值。
clean_bool length:2
newest best op: Uniop(df,'act_arr_time','08:53 PM',(['flight'], {('AA-4307-ORD-DTW',)}),{left: ("[FunctionalDependency:(s: {flight}, t: {act_arr_time})]", 0.0), operator: *, right: (1.0, 1.0), result: 0.0})
now error: 0.0
Block processing time: 0.032467 seconds
Computing Block 270 out of 341
Processing Block size=19
begin cleaner{left: ("[FunctionalDependency:(s: {flight}, t: {act_arr_time})]", 0.0), operator: *, right: (1.0, 1.0), result: 0.0}
列 'p' 不存在，对列 act_arr_time 不过滤，直接选择所有非无效值。
clean_bool length:2
newest best op: Uniop(df,'act_arr_time','12:09 PM',(['flight'], {('CO-1193-EWR-MCO',)}),{left: ("[FunctionalDependency:(s: {flight}, t: {act_arr_time})]", 0.0), operator: *, right: (1.0, 1.0), result: 0.0})
now error: 0.0
Block processing time: 0.028266 seconds
Computing Block 272 out of 341
Processing Block size=17
begin cleaner{left: ("[FunctionalDependency:(s: {flight}, t: {act_arr_time})]", 0.0), operator: *, right: (1.0, 1.0), result: 0.0}
列 'p' 不存在，对列 act_arr_time 不过滤，直接选择所有非无效值。
Block processing time: 0.012664 seconds
Computing Block 277 out of 341
Processing Block size=12
begin cleaner{left: ("[FunctionalDependency:(s: {flight}, t: {act_arr_time})]", 0.0), operator: *, right: (1.0, 1.0), result: 0.0}
列 'p' 不存在，对列 act_arr_time 不过滤，直接选择所有非无效值。
Block processing time: 0.00909 seconds
Computing Block 278 out of 341
Processing Block size=16
begin cleaner{left: ("[FunctionalDependency:(s: {flight}, t: {act_arr_time})]", 0.0), operator: *, right: (1.0, 1.0), result: 0.0}
列 'p' 不存在，对列 act_arr_time 不过滤，直接选择所有非无效值。
clean_bool length:2
newest best op: Uniop(df,'act_arr_time','02:00 PM',(['flight'], {('UA-2704-DTW-PHX',)}),{left: ("[FunctionalDependency:(s: {flight}, t: {act_arr_time})]", 0.0), operator: *, right: (1.0, 1.0), result: 0.0})
now error: 0.0
Block processing time: 0.023873 seconds
Computing Block 285 out of 341
Processing Block size=9
begin cleaner{left: ("[FunctionalDependency:(s: {flight}, t: {act_arr_time})]", 0.0), operator: *, right: (1.0, 1.0), result: 0.0}
列 'p' 不存在，对列 act_arr_time 不过滤，直接选择所有非无效值。
clean_bool length:2
newest best op: Uniop(df,'act_arr_time','08:02 AM',(['flight'], {('UA-858-PVG-SFO',)}),{left: ("[FunctionalDependency:(s: {flight}, t: {act_arr_time})]", 0.0), operator: *, right: (1.0, 1.0), result: 0.0})
now error: 0.0
Block processing time: 0.014003 seconds
Computing Block 286 out of 341
Processing Block size=16
begin cleaner{left: ("[FunctionalDependency:(s: {flight}, t: {act_arr_time})]", 0.0), operator: *, right: (1.0, 1.0), result: 0.0}
列 'p' 不存在，对列 act_arr_time 不过滤，直接选择所有非无效值。
clean_bool length:2
newest best op: Uniop(df,'act_arr_time','06:40 PM',(['flight'], {('CO-4888-IAH-DAL',)}),{left: ("[FunctionalDependency:(s: {flight}, t: {act_arr_time})]", 0.0), operator: *, right: (1.0, 1.0), result: 0.0})
now error: 0.0
Block processing time: 0.024109 seconds
Computing Block 287 out of 341
Processing Block size=11
begin cleaner{left: ("[FunctionalDependency:(s: {flight}, t: {act_arr_time})]", 0.0), operator: *, right: (1.0, 1.0), result: 0.0}
列 'p' 不存在，对列 act_arr_time 不过滤，直接选择所有非无效值。
clean_bool length:2
newest best op: Uniop(df,'act_arr_time','06:34 PM',(['flight'], {('CO-16-LAX-EWR',)}),{left: ("[FunctionalDependency:(s: {flight}, t: {act_arr_time})]", 0.0), operator: *, right: (1.0, 1.0), result: 0.0})
now error: 0.0
Block processing time: 0.016721 seconds
Computing Block 288 out of 341
Processing Block size=18
begin cleaner{left: ("[FunctionalDependency:(s: {flight}, t: {act_arr_time})]", 0.0), operator: *, right: (1.0, 1.0), result: 0.0}
列 'p' 不存在，对列 act_arr_time 不过滤，直接选择所有非无效值。
clean_bool length:2
newest best op: Uniop(df,'act_arr_time','04:59 PM',(['flight'], {('CO-1250-MIA-IAH',)}),{left: ("[FunctionalDependency:(s: {flight}, t: {act_arr_time})]", 0.0), operator: *, right: (1.0, 1.0), result: 0.0})
now error: 0.0
Block processing time: 0.027079 seconds
Computing Block 296 out of 341
Processing Block size=17
begin cleaner{left: ("[FunctionalDependency:(s: {flight}, t: {act_arr_time})]", 0.0), operator: *, right: (1.0, 1.0), result: 0.0}
列 'p' 不存在，对列 act_arr_time 不过滤，直接选择所有非无效值。
clean_bool length:2
newest best op: Uniop(df,'act_arr_time','04:56 PM',(['flight'], {('AA-1544-SAN-ORD',)}),{left: ("[FunctionalDependency:(s: {flight}, t: {act_arr_time})]", 0.0), operator: *, right: (1.0, 1.0), result: 0.0})
now error: 0.0
Block processing time: 0.025331 seconds
Computing Block 297 out of 341
Processing Block size=18
begin cleaner{left: ("[FunctionalDependency:(s: {flight}, t: {act_arr_time})]", 0.0), operator: *, right: (1.0, 1.0), result: 0.0}
列 'p' 不存在，对列 act_arr_time 不过滤，直接选择所有非无效值。
clean_bool length:2
newest best op: Uniop(df,'act_arr_time','06:55 AM',(['flight'], {('AA-204-LAX-MCO',)}),{left: ("[FunctionalDependency:(s: {flight}, t: {act_arr_time})]", 0.0), operator: *, right: (1.0, 1.0), result: 0.0})
now error: 0.0
Block processing time: 0.026728 seconds
Computing Block 300 out of 341
Processing Block size=15
begin cleaner{left: ("[FunctionalDependency:(s: {flight}, t: {act_arr_time})]", 0.0), operator: *, right: (1.0, 1.0), result: 0.0}
列 'p' 不存在，对列 act_arr_time 不过滤，直接选择所有非无效值。
clean_bool length:2
newest best op: Uniop(df,'act_arr_time','08:45 AM',(['flight'], {('UA-6273-YYC-SFO',)}),{left: ("[FunctionalDependency:(s: {flight}, t: {act_arr_time})]", 0.0), operator: *, right: (1.0, 1.0), result: 0.0})
now error: 0.0
Block processing time: 0.02233 seconds
Computing Block 312 out of 341
Processing Block size=20
begin cleaner{left: ("[FunctionalDependency:(s: {flight}, t: {act_arr_time})]", 0.0), operator: *, right: (1.0, 1.0), result: 0.0}
列 'p' 不存在，对列 act_arr_time 不过滤，直接选择所有非无效值。
clean_bool length:2
newest best op: Uniop(df,'act_arr_time','09:13 AM',(['flight'], {('UA-3373-IAD-PHL',)}),{left: ("[FunctionalDependency:(s: {flight}, t: {act_arr_time})]", 0.0), operator: *, right: (1.0, 1.0), result: 0.0})
now error: 0.0
Block processing time: 0.028735 seconds
Computing Block 323 out of 341
Processing Block size=18
begin cleaner{left: ("[FunctionalDependency:(s: {flight}, t: {act_arr_time})]", 0.0), operator: *, right: (1.0, 1.0), result: 0.0}
列 'p' 不存在，对列 act_arr_time 不过滤，直接选择所有非无效值。
clean_bool length:2
newest best op: Uniop(df,'act_arr_time','05:43 PM',(['flight'], {('AA-1917-JFK-MCO',)}),{left: ("[FunctionalDependency:(s: {flight}, t: {act_arr_time})]", 0.0), operator: *, right: (1.0, 1.0), result: 0.0})
now error: 0.0
Block processing time: 0.026541 seconds
Computing Block 324 out of 341
Processing Block size=12
begin cleaner{left: ("[FunctionalDependency:(s: {flight}, t: {act_arr_time})]", 0.0), operator: *, right: (1.0, 1.0), result: 0.0}
列 'p' 不存在，对列 act_arr_time 不过滤，直接选择所有非无效值。
clean_bool length:2
newest best op: Uniop(df,'act_arr_time','08:03 PM',(['flight'], {('CO-63-EWR-IAH',)}),{left: ("[FunctionalDependency:(s: {flight}, t: {act_arr_time})]", 0.0), operator: *, right: (1.0, 1.0), result: 0.0})
now error: 0.0
Block processing time: 0.017596 seconds
Computing Block 328 out of 341
Processing Block size=15
begin cleaner{left: ("[FunctionalDependency:(s: {flight}, t: {act_arr_time})]", 0.0), operator: *, right: (1.0, 1.0), result: 0.0}
列 'p' 不存在，对列 act_arr_time 不过滤，直接选择所有非无效值。
clean_bool length:2
newest best op: Uniop(df,'act_arr_time','03:04 PM',(['flight'], {('AA-400-DFW-JFK',)}),{left: ("[FunctionalDependency:(s: {flight}, t: {act_arr_time})]", 0.0), operator: *, right: (1.0, 1.0), result: 0.0})
now error: 0.0
Block processing time: 0.021593 seconds
Computing Block 329 out of 341
Processing Block size=18
begin cleaner{left: ("[FunctionalDependency:(s: {flight}, t: {act_arr_time})]", 0.0), operator: *, right: (1.0, 1.0), result: 0.0}
列 'p' 不存在，对列 act_arr_time 不过滤，直接选择所有非无效值。
clean_bool length:2
newest best op: Uniop(df,'act_arr_time','03:33 PM',(['flight'], {('AA-4330-CVG-ORD',)}),{left: ("[FunctionalDependency:(s: {flight}, t: {act_arr_time})]", 0.0), operator: *, right: (1.0, 1.0), result: 0.0})
now error: 0.0
Block processing time: 0.025749 seconds
Computing Block 330 out of 341
Processing Block size=21
begin cleaner{left: ("[FunctionalDependency:(s: {flight}, t: {act_arr_time})]", 0.0), operator: *, right: (1.0, 1.0), result: 0.0}
列 'p' 不存在，对列 act_arr_time 不过滤，直接选择所有非无效值。
clean_bool length:2
newest best op: Uniop(df,'act_arr_time','11:56 AM',(['flight'], {('AA-1664-MIA-ATL',)}),{left: ("[FunctionalDependency:(s: {flight}, t: {act_arr_time})]", 0.0), operator: *, right: (1.0, 1.0), result: 0.0})
now error: 0.0
Block processing time: 0.029943 seconds
Computing Block 332 out of 341
Processing Block size=19
begin cleaner{left: ("[FunctionalDependency:(s: {flight}, t: {act_arr_time})]", 0.0), operator: *, right: (1.0, 1.0), result: 0.0}
列 'p' 不存在，对列 act_arr_time 不过滤，直接选择所有非无效值。
clean_bool length:2
newest best op: Uniop(df,'act_arr_time','07:40 AM',(['flight'], {('AA-404-MIA-MCO',)}),{left: ("[FunctionalDependency:(s: {flight}, t: {act_arr_time})]", 0.0), operator: *, right: (1.0, 1.0), result: 0.0})
now error: 0.0
Block processing time: 0.027291 seconds
Computing Block 333 out of 341
Processing Block size=18
begin cleaner{left: ("[FunctionalDependency:(s: {flight}, t: {act_arr_time})]", 0.0), operator: *, right: (1.0, 1.0), result: 0.0}
列 'p' 不存在，对列 act_arr_time 不过滤，直接选择所有非无效值。
clean_bool length:2
newest best op: Uniop(df,'act_arr_time','11:06 AM',(['flight'], {('AA-2525-DFW-MIA',)}),{left: ("[FunctionalDependency:(s: {flight}, t: {act_arr_time})]", 0.0), operator: *, right: (1.0, 1.0), result: 0.0})
now error: 0.0
Block processing time: 0.025803 seconds
Computing Block 336 out of 341
Processing Block size=14
begin cleaner{left: ("[FunctionalDependency:(s: {flight}, t: {act_arr_time})]", 0.0), operator: *, right: (1.0, 1.0), result: 0.0}
列 'p' 不存在，对列 act_arr_time 不过滤，直接选择所有非无效值。
clean_bool length:2
WARNING:root:No partitioning rule specified, processing might be slow
newest best op: Uniop(df,'act_arr_time','04:17 PM',(['flight'], {('UA-37-EWR-MCO',)}),{left: ("[FunctionalDependency:(s: {flight}, t: {act_arr_time})]", 0.0), operator: *, right: (1.0, 1.0), result: 0.0})
now error: 0.0
Block processing time: 0.020254 seconds
  当前节点: act_arr_time 有 95 个清洗操作
['sched_dep_time', 'act_dep_time', 'sched_arr_time', 'act_arr_time']的清洗完成

本层累积的编辑规则数: 386
读入数据大小：2376
处理了 386 条规则，更新数据...
所有编辑规则已更新完成

处理第 1 层级, 包含节点: ['flight']
  跳过已清洗结束的节点: flight
['flight']的清洗完成

本层累积的编辑规则数: 0
本层没有可以进行的清洗操作，进行下一层

处理第 2 层级, 包含节点: ['sched_dep_time', 'act_dep_time', 'sched_arr_time', 'act_arr_time']
  当前节点: sched_dep_time 存在可用清洗信号
数据块大小: 2376
分块属性:
[['flight']]
Starting initial block mapping...
Initial number of blocks: 341
Final number of blocks after further splitting: 341
Computing Block 1 out of 341
Processing Block size=11
begin cleaner[FunctionalDependency:(s: {'flight'}, t: {'sched_dep_time'})]*1.0
列 'p' 不存在，对列 sched_dep_time 不过滤，直接选择所有非无效值。
Block processing time: 0.008636 seconds
Computing Block 2 out of 341
Processing Block size=16
begin cleaner{left: ("[FunctionalDependency:(s: {flight}, t: {sched_dep_time})]", 0.0), operator: *, right: (1.0, 1.0), result: 0.0}
列 'p' 不存在，对列 sched_dep_time 不过滤，直接选择所有非无效值。
Block processing time: 0.011968 seconds
Computing Block 9 out of 341
Processing Block size=18
begin cleaner{left: ("[FunctionalDependency:(s: {flight}, t: {sched_dep_time})]", 0.0), operator: *, right: (1.0, 1.0), result: 0.0}
列 'p' 不存在，对列 sched_dep_time 不过滤，直接选择所有非无效值。
Block processing time: 0.013461 seconds
Computing Block 10 out of 341
Processing Block size=19
begin cleaner{left: ("[FunctionalDependency:(s: {flight}, t: {sched_dep_time})]", 0.0), operator: *, right: (1.0, 1.0), result: 0.0}
列 'p' 不存在，对列 sched_dep_time 不过滤，直接选择所有非无效值。
Block processing time: 0.014154 seconds
Computing Block 13 out of 341
Processing Block size=20
begin cleaner{left: ("[FunctionalDependency:(s: {flight}, t: {sched_dep_time})]", 0.0), operator: *, right: (1.0, 1.0), result: 0.0}
列 'p' 不存在，对列 sched_dep_time 不过滤，直接选择所有非无效值。
Block processing time: 0.01487 seconds
Computing Block 16 out of 341
Processing Block size=21
begin cleaner{left: ("[FunctionalDependency:(s: {flight}, t: {sched_dep_time})]", 0.0), operator: *, right: (1.0, 1.0), result: 0.0}
列 'p' 不存在，对列 sched_dep_time 不过滤，直接选择所有非无效值。
Block processing time: 0.01561 seconds
Computing Block 17 out of 341
Processing Block size=18
begin cleaner{left: ("[FunctionalDependency:(s: {flight}, t: {sched_dep_time})]", 0.0), operator: *, right: (1.0, 1.0), result: 0.0}
列 'p' 不存在，对列 sched_dep_time 不过滤，直接选择所有非无效值。
Block processing time: 0.013534 seconds
Computing Block 20 out of 341
Processing Block size=19
begin cleaner{left: ("[FunctionalDependency:(s: {flight}, t: {sched_dep_time})]", 0.0), operator: *, right: (1.0, 1.0), result: 0.0}
列 'p' 不存在，对列 sched_dep_time 不过滤，直接选择所有非无效值。
Block processing time: 0.014276 seconds
Computing Block 30 out of 341
Processing Block size=20
begin cleaner{left: ("[FunctionalDependency:(s: {flight}, t: {sched_dep_time})]", 0.0), operator: *, right: (1.0, 1.0), result: 0.0}
列 'p' 不存在，对列 sched_dep_time 不过滤，直接选择所有非无效值。
Block processing time: 0.014967 seconds
Computing Block 32 out of 341
Processing Block size=21
begin cleaner{left: ("[FunctionalDependency:(s: {flight}, t: {sched_dep_time})]", 0.0), operator: *, right: (1.0, 1.0), result: 0.0}
列 'p' 不存在，对列 sched_dep_time 不过滤，直接选择所有非无效值。
Block processing time: 0.016126 seconds
Computing Block 35 out of 341
Processing Block size=18
begin cleaner{left: ("[FunctionalDependency:(s: {flight}, t: {sched_dep_time})]", 0.0), operator: *, right: (1.0, 1.0), result: 0.0}
列 'p' 不存在，对列 sched_dep_time 不过滤，直接选择所有非无效值。
Block processing time: 0.013935 seconds
Computing Block 39 out of 341
Processing Block size=17
begin cleaner{left: ("[FunctionalDependency:(s: {flight}, t: {sched_dep_time})]", 0.0), operator: *, right: (1.0, 1.0), result: 0.0}
列 'p' 不存在，对列 sched_dep_time 不过滤，直接选择所有非无效值。
Block processing time: 0.012831 seconds
Computing Block 45 out of 341
Processing Block size=22
begin cleaner{left: ("[FunctionalDependency:(s: {flight}, t: {sched_dep_time})]", 0.0), operator: *, right: (1.0, 1.0), result: 0.0}
列 'p' 不存在，对列 sched_dep_time 不过滤，直接选择所有非无效值。
Block processing time: 0.016554 seconds
Computing Block 46 out of 341
Processing Block size=19
begin cleaner{left: ("[FunctionalDependency:(s: {flight}, t: {sched_dep_time})]", 0.0), operator: *, right: (1.0, 1.0), result: 0.0}
列 'p' 不存在，对列 sched_dep_time 不过滤，直接选择所有非无效值。
Block processing time: 0.014567 seconds
Computing Block 55 out of 341
Processing Block size=21
begin cleaner{left: ("[FunctionalDependency:(s: {flight}, t: {sched_dep_time})]", 0.0), operator: *, right: (1.0, 1.0), result: 0.0}
列 'p' 不存在，对列 sched_dep_time 不过滤，直接选择所有非无效值。
Block processing time: 0.015614 seconds
Computing Block 58 out of 341
Processing Block size=18
begin cleaner{left: ("[FunctionalDependency:(s: {flight}, t: {sched_dep_time})]", 0.0), operator: *, right: (1.0, 1.0), result: 0.0}
列 'p' 不存在，对列 sched_dep_time 不过滤，直接选择所有非无效值。
Block processing time: 0.013368 seconds
Computing Block 60 out of 341
Processing Block size=15
begin cleaner{left: ("[FunctionalDependency:(s: {flight}, t: {sched_dep_time})]", 0.0), operator: *, right: (1.0, 1.0), result: 0.0}
列 'p' 不存在，对列 sched_dep_time 不过滤，直接选择所有非无效值。
Block processing time: 0.011153 seconds
Computing Block 62 out of 341
Processing Block size=22
begin cleaner{left: ("[FunctionalDependency:(s: {flight}, t: {sched_dep_time})]", 0.0), operator: *, right: (1.0, 1.0), result: 0.0}
列 'p' 不存在，对列 sched_dep_time 不过滤，直接选择所有非无效值。
Block processing time: 0.016361 seconds
Computing Block 65 out of 341
Processing Block size=19
begin cleaner{left: ("[FunctionalDependency:(s: {flight}, t: {sched_dep_time})]", 0.0), operator: *, right: (1.0, 1.0), result: 0.0}
列 'p' 不存在，对列 sched_dep_time 不过滤，直接选择所有非无效值。
Block processing time: 0.014237 seconds
Computing Block 66 out of 341
Processing Block size=21
begin cleaner{left: ("[FunctionalDependency:(s: {flight}, t: {sched_dep_time})]", 0.0), operator: *, right: (1.0, 1.0), result: 0.0}
列 'p' 不存在，对列 sched_dep_time 不过滤，直接选择所有非无效值。
Block processing time: 0.015548 seconds
Computing Block 78 out of 341
Processing Block size=2
begin cleaner{left: ("[FunctionalDependency:(s: {flight}, t: {sched_dep_time})]", 0.0), operator: *, right: (1.0, 1.0), result: 0.0}
列 'p' 不存在，对列 sched_dep_time 不过滤，直接选择所有非无效值。
Block processing time: 0.001594 seconds
Computing Block 98 out of 341
Processing Block size=15
begin cleaner{left: ("[FunctionalDependency:(s: {flight}, t: {sched_dep_time})]", 0.0), operator: *, right: (1.0, 1.0), result: 0.0}
列 'p' 不存在，对列 sched_dep_time 不过滤，直接选择所有非无效值。
Block processing time: 0.011177 seconds
Computing Block 100 out of 341
Processing Block size=20
begin cleaner{left: ("[FunctionalDependency:(s: {flight}, t: {sched_dep_time})]", 0.0), operator: *, right: (1.0, 1.0), result: 0.0}
列 'p' 不存在，对列 sched_dep_time 不过滤，直接选择所有非无效值。
Block processing time: 0.014847 seconds
Computing Block 101 out of 341
Processing Block size=23
begin cleaner{left: ("[FunctionalDependency:(s: {flight}, t: {sched_dep_time})]", 0.0), operator: *, right: (1.0, 1.0), result: 0.0}
列 'p' 不存在，对列 sched_dep_time 不过滤，直接选择所有非无效值。
Block processing time: 0.017042 seconds
Computing Block 102 out of 341
Processing Block size=18
begin cleaner{left: ("[FunctionalDependency:(s: {flight}, t: {sched_dep_time})]", 0.0), operator: *, right: (1.0, 1.0), result: 0.0}
列 'p' 不存在，对列 sched_dep_time 不过滤，直接选择所有非无效值。
Block processing time: 0.013339 seconds
Computing Block 104 out of 341
Processing Block size=17
begin cleaner{left: ("[FunctionalDependency:(s: {flight}, t: {sched_dep_time})]", 0.0), operator: *, right: (1.0, 1.0), result: 0.0}
列 'p' 不存在，对列 sched_dep_time 不过滤，直接选择所有非无效值。
Block processing time: 0.012639 seconds
Computing Block 107 out of 341
Processing Block size=15
begin cleaner{left: ("[FunctionalDependency:(s: {flight}, t: {sched_dep_time})]", 0.0), operator: *, right: (1.0, 1.0), result: 0.0}
列 'p' 不存在，对列 sched_dep_time 不过滤，直接选择所有非无效值。
Block processing time: 0.011372 seconds
Computing Block 112 out of 341
Processing Block size=18
begin cleaner{left: ("[FunctionalDependency:(s: {flight}, t: {sched_dep_time})]", 0.0), operator: *, right: (1.0, 1.0), result: 0.0}
列 'p' 不存在，对列 sched_dep_time 不过滤，直接选择所有非无效值。
Block processing time: 0.013413 seconds
Computing Block 114 out of 341
Processing Block size=16
begin cleaner{left: ("[FunctionalDependency:(s: {flight}, t: {sched_dep_time})]", 0.0), operator: *, right: (1.0, 1.0), result: 0.0}
列 'p' 不存在，对列 sched_dep_time 不过滤，直接选择所有非无效值。
Block processing time: 0.011921 seconds
Computing Block 115 out of 341
Processing Block size=18
begin cleaner{left: ("[FunctionalDependency:(s: {flight}, t: {sched_dep_time})]", 0.0), operator: *, right: (1.0, 1.0), result: 0.0}
列 'p' 不存在，对列 sched_dep_time 不过滤，直接选择所有非无效值。
Block processing time: 0.013384 seconds
Computing Block 119 out of 341
Processing Block size=16
begin cleaner{left: ("[FunctionalDependency:(s: {flight}, t: {sched_dep_time})]", 0.0), operator: *, right: (1.0, 1.0), result: 0.0}
列 'p' 不存在，对列 sched_dep_time 不过滤，直接选择所有非无效值。
Block processing time: 0.011913 seconds
Computing Block 120 out of 341
Processing Block size=12
begin cleaner{left: ("[FunctionalDependency:(s: {flight}, t: {sched_dep_time})]", 0.0), operator: *, right: (1.0, 1.0), result: 0.0}
列 'p' 不存在，对列 sched_dep_time 不过滤，直接选择所有非无效值。
Block processing time: 0.008973 seconds
Computing Block 123 out of 341
Processing Block size=15
begin cleaner{left: ("[FunctionalDependency:(s: {flight}, t: {sched_dep_time})]", 0.0), operator: *, right: (1.0, 1.0), result: 0.0}
列 'p' 不存在，对列 sched_dep_time 不过滤，直接选择所有非无效值。
Block processing time: 0.011171 seconds
Computing Block 127 out of 341
Processing Block size=18
begin cleaner{left: ("[FunctionalDependency:(s: {flight}, t: {sched_dep_time})]", 0.0), operator: *, right: (1.0, 1.0), result: 0.0}
列 'p' 不存在，对列 sched_dep_time 不过滤，直接选择所有非无效值。
Block processing time: 0.013364 seconds
Computing Block 129 out of 341
Processing Block size=23
begin cleaner{left: ("[FunctionalDependency:(s: {flight}, t: {sched_dep_time})]", 0.0), operator: *, right: (1.0, 1.0), result: 0.0}
列 'p' 不存在，对列 sched_dep_time 不过滤，直接选择所有非无效值。
Block processing time: 0.017202 seconds
Computing Block 130 out of 341
Processing Block size=20
begin cleaner{left: ("[FunctionalDependency:(s: {flight}, t: {sched_dep_time})]", 0.0), operator: *, right: (1.0, 1.0), result: 0.0}
列 'p' 不存在，对列 sched_dep_time 不过滤，直接选择所有非无效值。
Block processing time: 0.014855 seconds
Computing Block 131 out of 341
Processing Block size=18
begin cleaner{left: ("[FunctionalDependency:(s: {flight}, t: {sched_dep_time})]", 0.0), operator: *, right: (1.0, 1.0), result: 0.0}
列 'p' 不存在，对列 sched_dep_time 不过滤，直接选择所有非无效值。
Block processing time: 0.01343 seconds
Computing Block 137 out of 341
Processing Block size=19
begin cleaner{left: ("[FunctionalDependency:(s: {flight}, t: {sched_dep_time})]", 0.0), operator: *, right: (1.0, 1.0), result: 0.0}
列 'p' 不存在，对列 sched_dep_time 不过滤，直接选择所有非无效值。
Block processing time: 0.014114 seconds
Computing Block 142 out of 341
Processing Block size=18
begin cleaner{left: ("[FunctionalDependency:(s: {flight}, t: {sched_dep_time})]", 0.0), operator: *, right: (1.0, 1.0), result: 0.0}
列 'p' 不存在，对列 sched_dep_time 不过滤，直接选择所有非无效值。
Block processing time: 0.013365 seconds
Computing Block 151 out of 341
Processing Block size=22
begin cleaner{left: ("[FunctionalDependency:(s: {flight}, t: {sched_dep_time})]", 0.0), operator: *, right: (1.0, 1.0), result: 0.0}
列 'p' 不存在，对列 sched_dep_time 不过滤，直接选择所有非无效值。
Block processing time: 0.01629 seconds
Computing Block 152 out of 341
Processing Block size=15
begin cleaner{left: ("[FunctionalDependency:(s: {flight}, t: {sched_dep_time})]", 0.0), operator: *, right: (1.0, 1.0), result: 0.0}
列 'p' 不存在，对列 sched_dep_time 不过滤，直接选择所有非无效值。
Block processing time: 0.011274 seconds
Computing Block 155 out of 341
Processing Block size=17
begin cleaner{left: ("[FunctionalDependency:(s: {flight}, t: {sched_dep_time})]", 0.0), operator: *, right: (1.0, 1.0), result: 0.0}
列 'p' 不存在，对列 sched_dep_time 不过滤，直接选择所有非无效值。
Block processing time: 0.01262 seconds
Computing Block 156 out of 341
Processing Block size=23
begin cleaner{left: ("[FunctionalDependency:(s: {flight}, t: {sched_dep_time})]", 0.0), operator: *, right: (1.0, 1.0), result: 0.0}
列 'p' 不存在，对列 sched_dep_time 不过滤，直接选择所有非无效值。
Block processing time: 0.017574 seconds
Computing Block 160 out of 341
Processing Block size=20
begin cleaner{left: ("[FunctionalDependency:(s: {flight}, t: {sched_dep_time})]", 0.0), operator: *, right: (1.0, 1.0), result: 0.0}
列 'p' 不存在，对列 sched_dep_time 不过滤，直接选择所有非无效值。
Block processing time: 0.014993 seconds
Computing Block 162 out of 341
Processing Block size=20
begin cleaner{left: ("[FunctionalDependency:(s: {flight}, t: {sched_dep_time})]", 0.0), operator: *, right: (1.0, 1.0), result: 0.0}
列 'p' 不存在，对列 sched_dep_time 不过滤，直接选择所有非无效值。
Block processing time: 0.015075 seconds
Computing Block 165 out of 341
Processing Block size=15
begin cleaner{left: ("[FunctionalDependency:(s: {flight}, t: {sched_dep_time})]", 0.0), operator: *, right: (1.0, 1.0), result: 0.0}
列 'p' 不存在，对列 sched_dep_time 不过滤，直接选择所有非无效值。
Block processing time: 0.011221 seconds
Computing Block 167 out of 341
Processing Block size=17
begin cleaner{left: ("[FunctionalDependency:(s: {flight}, t: {sched_dep_time})]", 0.0), operator: *, right: (1.0, 1.0), result: 0.0}
列 'p' 不存在，对列 sched_dep_time 不过滤，直接选择所有非无效值。
Block processing time: 0.012692 seconds
Computing Block 168 out of 341
Processing Block size=21
begin cleaner{left: ("[FunctionalDependency:(s: {flight}, t: {sched_dep_time})]", 0.0), operator: *, right: (1.0, 1.0), result: 0.0}
列 'p' 不存在，对列 sched_dep_time 不过滤，直接选择所有非无效值。
Block processing time: 0.015632 seconds
Computing Block 169 out of 341
Processing Block size=15
begin cleaner{left: ("[FunctionalDependency:(s: {flight}, t: {sched_dep_time})]", 0.0), operator: *, right: (1.0, 1.0), result: 0.0}
列 'p' 不存在，对列 sched_dep_time 不过滤，直接选择所有非无效值。
Block processing time: 0.011439 seconds
Computing Block 170 out of 341
Processing Block size=13
begin cleaner{left: ("[FunctionalDependency:(s: {flight}, t: {sched_dep_time})]", 0.0), operator: *, right: (1.0, 1.0), result: 0.0}
列 'p' 不存在，对列 sched_dep_time 不过滤，直接选择所有非无效值。
Block processing time: 0.009747 seconds
Computing Block 174 out of 341
Processing Block size=19
begin cleaner{left: ("[FunctionalDependency:(s: {flight}, t: {sched_dep_time})]", 0.0), operator: *, right: (1.0, 1.0), result: 0.0}
列 'p' 不存在，对列 sched_dep_time 不过滤，直接选择所有非无效值。
Block processing time: 0.014114 seconds
Computing Block 175 out of 341
Processing Block size=17
begin cleaner{left: ("[FunctionalDependency:(s: {flight}, t: {sched_dep_time})]", 0.0), operator: *, right: (1.0, 1.0), result: 0.0}
列 'p' 不存在，对列 sched_dep_time 不过滤，直接选择所有非无效值。
Block processing time: 0.012773 seconds
Computing Block 177 out of 341
Processing Block size=18
begin cleaner{left: ("[FunctionalDependency:(s: {flight}, t: {sched_dep_time})]", 0.0), operator: *, right: (1.0, 1.0), result: 0.0}
列 'p' 不存在，对列 sched_dep_time 不过滤，直接选择所有非无效值。
Block processing time: 0.013508 seconds
Computing Block 178 out of 341
Processing Block size=24
begin cleaner{left: ("[FunctionalDependency:(s: {flight}, t: {sched_dep_time})]", 0.0), operator: *, right: (1.0, 1.0), result: 0.0}
列 'p' 不存在，对列 sched_dep_time 不过滤，直接选择所有非无效值。
Block processing time: 0.017972 seconds
Computing Block 179 out of 341
Processing Block size=20
begin cleaner{left: ("[FunctionalDependency:(s: {flight}, t: {sched_dep_time})]", 0.0), operator: *, right: (1.0, 1.0), result: 0.0}
列 'p' 不存在，对列 sched_dep_time 不过滤，直接选择所有非无效值。
Block processing time: 0.014962 seconds
Computing Block 180 out of 341
Processing Block size=20
begin cleaner{left: ("[FunctionalDependency:(s: {flight}, t: {sched_dep_time})]", 0.0), operator: *, right: (1.0, 1.0), result: 0.0}
列 'p' 不存在，对列 sched_dep_time 不过滤，直接选择所有非无效值。
Block processing time: 0.01501 seconds
Computing Block 182 out of 341
Processing Block size=20
begin cleaner{left: ("[FunctionalDependency:(s: {flight}, t: {sched_dep_time})]", 0.0), operator: *, right: (1.0, 1.0), result: 0.0}
列 'p' 不存在，对列 sched_dep_time 不过滤，直接选择所有非无效值。
Block processing time: 0.015032 seconds
Computing Block 184 out of 341
Processing Block size=15
begin cleaner{left: ("[FunctionalDependency:(s: {flight}, t: {sched_dep_time})]", 0.0), operator: *, right: (1.0, 1.0), result: 0.0}
列 'p' 不存在，对列 sched_dep_time 不过滤，直接选择所有非无效值。
Block processing time: 0.011279 seconds
Computing Block 185 out of 341
Processing Block size=20
begin cleaner{left: ("[FunctionalDependency:(s: {flight}, t: {sched_dep_time})]", 0.0), operator: *, right: (1.0, 1.0), result: 0.0}
列 'p' 不存在，对列 sched_dep_time 不过滤，直接选择所有非无效值。
Block processing time: 0.014988 seconds
Computing Block 190 out of 341
Processing Block size=23
begin cleaner{left: ("[FunctionalDependency:(s: {flight}, t: {sched_dep_time})]", 0.0), operator: *, right: (1.0, 1.0), result: 0.0}
列 'p' 不存在，对列 sched_dep_time 不过滤，直接选择所有非无效值。
Block processing time: 0.017242 seconds
Computing Block 194 out of 341
Processing Block size=17
begin cleaner{left: ("[FunctionalDependency:(s: {flight}, t: {sched_dep_time})]", 0.0), operator: *, right: (1.0, 1.0), result: 0.0}
列 'p' 不存在，对列 sched_dep_time 不过滤，直接选择所有非无效值。
Block processing time: 0.012946 seconds
Computing Block 196 out of 341
Processing Block size=19
begin cleaner{left: ("[FunctionalDependency:(s: {flight}, t: {sched_dep_time})]", 0.0), operator: *, right: (1.0, 1.0), result: 0.0}
列 'p' 不存在，对列 sched_dep_time 不过滤，直接选择所有非无效值。
Block processing time: 0.014316 seconds
Computing Block 198 out of 341
Processing Block size=19
begin cleaner{left: ("[FunctionalDependency:(s: {flight}, t: {sched_dep_time})]", 0.0), operator: *, right: (1.0, 1.0), result: 0.0}
列 'p' 不存在，对列 sched_dep_time 不过滤，直接选择所有非无效值。
Block processing time: 0.014429 seconds
Computing Block 205 out of 341
Processing Block size=10
begin cleaner{left: ("[FunctionalDependency:(s: {flight}, t: {sched_dep_time})]", 0.0), operator: *, right: (1.0, 1.0), result: 0.0}
列 'p' 不存在，对列 sched_dep_time 不过滤，直接选择所有非无效值。
Block processing time: 0.007588 seconds
Computing Block 206 out of 341
Processing Block size=24
begin cleaner{left: ("[FunctionalDependency:(s: {flight}, t: {sched_dep_time})]", 0.0), operator: *, right: (1.0, 1.0), result: 0.0}
列 'p' 不存在，对列 sched_dep_time 不过滤，直接选择所有非无效值。
Block processing time: 0.017939 seconds
Computing Block 211 out of 341
Processing Block size=22
begin cleaner{left: ("[FunctionalDependency:(s: {flight}, t: {sched_dep_time})]", 0.0), operator: *, right: (1.0, 1.0), result: 0.0}
列 'p' 不存在，对列 sched_dep_time 不过滤，直接选择所有非无效值。
Block processing time: 0.016458 seconds
Computing Block 213 out of 341
Processing Block size=16
begin cleaner{left: ("[FunctionalDependency:(s: {flight}, t: {sched_dep_time})]", 0.0), operator: *, right: (1.0, 1.0), result: 0.0}
列 'p' 不存在，对列 sched_dep_time 不过滤，直接选择所有非无效值。
Block processing time: 0.01201 seconds
Computing Block 214 out of 341
Processing Block size=22
begin cleaner{left: ("[FunctionalDependency:(s: {flight}, t: {sched_dep_time})]", 0.0), operator: *, right: (1.0, 1.0), result: 0.0}
列 'p' 不存在，对列 sched_dep_time 不过滤，直接选择所有非无效值。
Block processing time: 0.016449 seconds
Computing Block 218 out of 341
Processing Block size=20
begin cleaner{left: ("[FunctionalDependency:(s: {flight}, t: {sched_dep_time})]", 0.0), operator: *, right: (1.0, 1.0), result: 0.0}
列 'p' 不存在，对列 sched_dep_time 不过滤，直接选择所有非无效值。
Block processing time: 0.014966 seconds
Computing Block 224 out of 341
Processing Block size=12
begin cleaner{left: ("[FunctionalDependency:(s: {flight}, t: {sched_dep_time})]", 0.0), operator: *, right: (1.0, 1.0), result: 0.0}
列 'p' 不存在，对列 sched_dep_time 不过滤，直接选择所有非无效值。
Block processing time: 0.009074 seconds
Computing Block 229 out of 341
Processing Block size=22
begin cleaner{left: ("[FunctionalDependency:(s: {flight}, t: {sched_dep_time})]", 0.0), operator: *, right: (1.0, 1.0), result: 0.0}
列 'p' 不存在，对列 sched_dep_time 不过滤，直接选择所有非无效值。
Block processing time: 0.016434 seconds
Computing Block 233 out of 341
Processing Block size=17
begin cleaner{left: ("[FunctionalDependency:(s: {flight}, t: {sched_dep_time})]", 0.0), operator: *, right: (1.0, 1.0), result: 0.0}
列 'p' 不存在，对列 sched_dep_time 不过滤，直接选择所有非无效值。
Block processing time: 0.012831 seconds
Computing Block 235 out of 341
Processing Block size=16
begin cleaner{left: ("[FunctionalDependency:(s: {flight}, t: {sched_dep_time})]", 0.0), operator: *, right: (1.0, 1.0), result: 0.0}
列 'p' 不存在，对列 sched_dep_time 不过滤，直接选择所有非无效值。
Block processing time: 0.012033 seconds
Computing Block 236 out of 341
Processing Block size=17
begin cleaner{left: ("[FunctionalDependency:(s: {flight}, t: {sched_dep_time})]", 0.0), operator: *, right: (1.0, 1.0), result: 0.0}
列 'p' 不存在，对列 sched_dep_time 不过滤，直接选择所有非无效值。
Block processing time: 0.012751 seconds
Computing Block 239 out of 341
Processing Block size=19
begin cleaner{left: ("[FunctionalDependency:(s: {flight}, t: {sched_dep_time})]", 0.0), operator: *, right: (1.0, 1.0), result: 0.0}
列 'p' 不存在，对列 sched_dep_time 不过滤，直接选择所有非无效值。
Block processing time: 0.014134 seconds
Computing Block 242 out of 341
Processing Block size=16
begin cleaner{left: ("[FunctionalDependency:(s: {flight}, t: {sched_dep_time})]", 0.0), operator: *, right: (1.0, 1.0), result: 0.0}
列 'p' 不存在，对列 sched_dep_time 不过滤，直接选择所有非无效值。
Block processing time: 0.011945 seconds
Computing Block 246 out of 341
Processing Block size=19
begin cleaner{left: ("[FunctionalDependency:(s: {flight}, t: {sched_dep_time})]", 0.0), operator: *, right: (1.0, 1.0), result: 0.0}
列 'p' 不存在，对列 sched_dep_time 不过滤，直接选择所有非无效值。
Block processing time: 0.014103 seconds
Computing Block 249 out of 341
Processing Block size=17
begin cleaner{left: ("[FunctionalDependency:(s: {flight}, t: {sched_dep_time})]", 0.0), operator: *, right: (1.0, 1.0), result: 0.0}
列 'p' 不存在，对列 sched_dep_time 不过滤，直接选择所有非无效值。
Block processing time: 0.012652 seconds
Computing Block 253 out of 341
Processing Block size=16
begin cleaner{left: ("[FunctionalDependency:(s: {flight}, t: {sched_dep_time})]", 0.0), operator: *, right: (1.0, 1.0), result: 0.0}
列 'p' 不存在，对列 sched_dep_time 不过滤，直接选择所有非无效值。
Block processing time: 0.011936 seconds
Computing Block 259 out of 341
Processing Block size=11
begin cleaner{left: ("[FunctionalDependency:(s: {flight}, t: {sched_dep_time})]", 0.0), operator: *, right: (1.0, 1.0), result: 0.0}
列 'p' 不存在，对列 sched_dep_time 不过滤，直接选择所有非无效值。
Block processing time: 0.008233 seconds
Computing Block 269 out of 341
Processing Block size=22
begin cleaner{left: ("[FunctionalDependency:(s: {flight}, t: {sched_dep_time})]", 0.0), operator: *, right: (1.0, 1.0), result: 0.0}
列 'p' 不存在，对列 sched_dep_time 不过滤，直接选择所有非无效值。
Block processing time: 0.016388 seconds
Computing Block 270 out of 341
Processing Block size=19
begin cleaner{left: ("[FunctionalDependency:(s: {flight}, t: {sched_dep_time})]", 0.0), operator: *, right: (1.0, 1.0), result: 0.0}
列 'p' 不存在，对列 sched_dep_time 不过滤，直接选择所有非无效值。
Block processing time: 0.014088 seconds
Computing Block 272 out of 341
Processing Block size=17
begin cleaner{left: ("[FunctionalDependency:(s: {flight}, t: {sched_dep_time})]", 0.0), operator: *, right: (1.0, 1.0), result: 0.0}
列 'p' 不存在，对列 sched_dep_time 不过滤，直接选择所有非无效值。
Block processing time: 0.012634 seconds
Computing Block 277 out of 341
Processing Block size=12
begin cleaner{left: ("[FunctionalDependency:(s: {flight}, t: {sched_dep_time})]", 0.0), operator: *, right: (1.0, 1.0), result: 0.0}
列 'p' 不存在，对列 sched_dep_time 不过滤，直接选择所有非无效值。
Block processing time: 0.008962 seconds
Computing Block 278 out of 341
Processing Block size=16
begin cleaner{left: ("[FunctionalDependency:(s: {flight}, t: {sched_dep_time})]", 0.0), operator: *, right: (1.0, 1.0), result: 0.0}
列 'p' 不存在，对列 sched_dep_time 不过滤，直接选择所有非无效值。
Block processing time: 0.011978 seconds
Computing Block 285 out of 341
Processing Block size=9
begin cleaner{left: ("[FunctionalDependency:(s: {flight}, t: {sched_dep_time})]", 0.0), operator: *, right: (1.0, 1.0), result: 0.0}
列 'p' 不存在，对列 sched_dep_time 不过滤，直接选择所有非无效值。
Block processing time: 0.006748 seconds
Computing Block 286 out of 341
Processing Block size=16
begin cleaner{left: ("[FunctionalDependency:(s: {flight}, t: {sched_dep_time})]", 0.0), operator: *, right: (1.0, 1.0), result: 0.0}
列 'p' 不存在，对列 sched_dep_time 不过滤，直接选择所有非无效值。
Block processing time: 0.011941 seconds
Computing Block 287 out of 341
Processing Block size=11
begin cleaner{left: ("[FunctionalDependency:(s: {flight}, t: {sched_dep_time})]", 0.0), operator: *, right: (1.0, 1.0), result: 0.0}
列 'p' 不存在，对列 sched_dep_time 不过滤，直接选择所有非无效值。
Block processing time: 0.008209 seconds
Computing Block 288 out of 341
Processing Block size=18
begin cleaner{left: ("[FunctionalDependency:(s: {flight}, t: {sched_dep_time})]", 0.0), operator: *, right: (1.0, 1.0), result: 0.0}
列 'p' 不存在，对列 sched_dep_time 不过滤，直接选择所有非无效值。
Block processing time: 0.013362 seconds
Computing Block 296 out of 341
Processing Block size=17
begin cleaner{left: ("[FunctionalDependency:(s: {flight}, t: {sched_dep_time})]", 0.0), operator: *, right: (1.0, 1.0), result: 0.0}
列 'p' 不存在，对列 sched_dep_time 不过滤，直接选择所有非无效值。
Block processing time: 0.012716 seconds
Computing Block 297 out of 341
Processing Block size=18
begin cleaner{left: ("[FunctionalDependency:(s: {flight}, t: {sched_dep_time})]", 0.0), operator: *, right: (1.0, 1.0), result: 0.0}
列 'p' 不存在，对列 sched_dep_time 不过滤，直接选择所有非无效值。
Block processing time: 0.013381 seconds
Computing Block 300 out of 341
Processing Block size=15
begin cleaner{left: ("[FunctionalDependency:(s: {flight}, t: {sched_dep_time})]", 0.0), operator: *, right: (1.0, 1.0), result: 0.0}
列 'p' 不存在，对列 sched_dep_time 不过滤，直接选择所有非无效值。
Block processing time: 0.011163 seconds
Computing Block 312 out of 341
Processing Block size=20
begin cleaner{left: ("[FunctionalDependency:(s: {flight}, t: {sched_dep_time})]", 0.0), operator: *, right: (1.0, 1.0), result: 0.0}
列 'p' 不存在，对列 sched_dep_time 不过滤，直接选择所有非无效值。
Block processing time: 0.014923 seconds
Computing Block 323 out of 341
Processing Block size=18
begin cleaner{left: ("[FunctionalDependency:(s: {flight}, t: {sched_dep_time})]", 0.0), operator: *, right: (1.0, 1.0), result: 0.0}
列 'p' 不存在，对列 sched_dep_time 不过滤，直接选择所有非无效值。
Block processing time: 0.013444 seconds
Computing Block 324 out of 341
Processing Block size=12
begin cleaner{left: ("[FunctionalDependency:(s: {flight}, t: {sched_dep_time})]", 0.0), operator: *, right: (1.0, 1.0), result: 0.0}
列 'p' 不存在，对列 sched_dep_time 不过滤，直接选择所有非无效值。
Block processing time: 0.009074 seconds
Computing Block 328 out of 341
Processing Block size=15
begin cleaner{left: ("[FunctionalDependency:(s: {flight}, t: {sched_dep_time})]", 0.0), operator: *, right: (1.0, 1.0), result: 0.0}
列 'p' 不存在，对列 sched_dep_time 不过滤，直接选择所有非无效值。
Block processing time: 0.011353 seconds
Computing Block 329 out of 341
Processing Block size=18
begin cleaner{left: ("[FunctionalDependency:(s: {flight}, t: {sched_dep_time})]", 0.0), operator: *, right: (1.0, 1.0), result: 0.0}
列 'p' 不存在，对列 sched_dep_time 不过滤，直接选择所有非无效值。
Block processing time: 0.013503 seconds
Computing Block 330 out of 341
Processing Block size=21
begin cleaner{left: ("[FunctionalDependency:(s: {flight}, t: {sched_dep_time})]", 0.0), operator: *, right: (1.0, 1.0), result: 0.0}
列 'p' 不存在，对列 sched_dep_time 不过滤，直接选择所有非无效值。
Block processing time: 0.015692 seconds
Computing Block 332 out of 341
Processing Block size=19
begin cleaner{left: ("[FunctionalDependency:(s: {flight}, t: {sched_dep_time})]", 0.0), operator: *, right: (1.0, 1.0), result: 0.0}
列 'p' 不存在，对列 sched_dep_time 不过滤，直接选择所有非无效值。
Block processing time: 0.014121 seconds
Computing Block 333 out of 341
Processing Block size=18
begin cleaner{left: ("[FunctionalDependency:(s: {flight}, t: {sched_dep_time})]", 0.0), operator: *, right: (1.0, 1.0), result: 0.0}
WARNING:root:No partitioning rule specified, processing might be slow
列 'p' 不存在，对列 sched_dep_time 不过滤，直接选择所有非无效值。
Block processing time: 0.013464 seconds
Computing Block 336 out of 341
Processing Block size=14
begin cleaner{left: ("[FunctionalDependency:(s: {flight}, t: {sched_dep_time})]", 0.0), operator: *, right: (1.0, 1.0), result: 0.0}
列 'p' 不存在，对列 sched_dep_time 不过滤，直接选择所有非无效值。
Block processing time: 0.010437 seconds
  当前节点: sched_dep_time 无清洗操作
  当前节点: act_dep_time 存在可用清洗信号
数据块大小: 2376
分块属性:
[['flight']]
Starting initial block mapping...
Initial number of blocks: 341
Final number of blocks after further splitting: 341
Computing Block 1 out of 341
Processing Block size=11
begin cleaner[FunctionalDependency:(s: {'flight'}, t: {'act_dep_time'})]*1.0
列 'p' 不存在，对列 act_dep_time 不过滤，直接选择所有非无效值。
Block processing time: 0.008558 seconds
Computing Block 2 out of 341
Processing Block size=16
begin cleaner{left: ("[FunctionalDependency:(s: {flight}, t: {act_dep_time})]", 0.0), operator: *, right: (1.0, 1.0), result: 0.0}
列 'p' 不存在，对列 act_dep_time 不过滤，直接选择所有非无效值。
Block processing time: 0.011961 seconds
Computing Block 9 out of 341
Processing Block size=18
begin cleaner{left: ("[FunctionalDependency:(s: {flight}, t: {act_dep_time})]", 0.0), operator: *, right: (1.0, 1.0), result: 0.0}
列 'p' 不存在，对列 act_dep_time 不过滤，直接选择所有非无效值。
Block processing time: 0.013432 seconds
Computing Block 10 out of 341
Processing Block size=19
begin cleaner{left: ("[FunctionalDependency:(s: {flight}, t: {act_dep_time})]", 0.0), operator: *, right: (1.0, 1.0), result: 0.0}
列 'p' 不存在，对列 act_dep_time 不过滤，直接选择所有非无效值。
Block processing time: 0.014209 seconds
Computing Block 13 out of 341
Processing Block size=20
begin cleaner{left: ("[FunctionalDependency:(s: {flight}, t: {act_dep_time})]", 0.0), operator: *, right: (1.0, 1.0), result: 0.0}
列 'p' 不存在，对列 act_dep_time 不过滤，直接选择所有非无效值。
Block processing time: 0.014865 seconds
Computing Block 16 out of 341
Processing Block size=21
begin cleaner{left: ("[FunctionalDependency:(s: {flight}, t: {act_dep_time})]", 0.0), operator: *, right: (1.0, 1.0), result: 0.0}
列 'p' 不存在，对列 act_dep_time 不过滤，直接选择所有非无效值。
Block processing time: 0.015741 seconds
Computing Block 17 out of 341
Processing Block size=18
begin cleaner{left: ("[FunctionalDependency:(s: {flight}, t: {act_dep_time})]", 0.0), operator: *, right: (1.0, 1.0), result: 0.0}
列 'p' 不存在，对列 act_dep_time 不过滤，直接选择所有非无效值。
Block processing time: 0.013565 seconds
Computing Block 20 out of 341
Processing Block size=19
begin cleaner{left: ("[FunctionalDependency:(s: {flight}, t: {act_dep_time})]", 0.0), operator: *, right: (1.0, 1.0), result: 0.0}
列 'p' 不存在，对列 act_dep_time 不过滤，直接选择所有非无效值。
Block processing time: 0.014222 seconds
Computing Block 30 out of 341
Processing Block size=20
begin cleaner{left: ("[FunctionalDependency:(s: {flight}, t: {act_dep_time})]", 0.0), operator: *, right: (1.0, 1.0), result: 0.0}
列 'p' 不存在，对列 act_dep_time 不过滤，直接选择所有非无效值。
Block processing time: 0.015 seconds
Computing Block 32 out of 341
Processing Block size=21
begin cleaner{left: ("[FunctionalDependency:(s: {flight}, t: {act_dep_time})]", 0.0), operator: *, right: (1.0, 1.0), result: 0.0}
列 'p' 不存在，对列 act_dep_time 不过滤，直接选择所有非无效值。
Block processing time: 0.0157 seconds
Computing Block 35 out of 341
Processing Block size=18
begin cleaner{left: ("[FunctionalDependency:(s: {flight}, t: {act_dep_time})]", 0.0), operator: *, right: (1.0, 1.0), result: 0.0}
列 'p' 不存在，对列 act_dep_time 不过滤，直接选择所有非无效值。
Block processing time: 0.013538 seconds
Computing Block 39 out of 341
Processing Block size=17
begin cleaner{left: ("[FunctionalDependency:(s: {flight}, t: {act_dep_time})]", 0.0), operator: *, right: (1.0, 1.0), result: 0.0}
列 'p' 不存在，对列 act_dep_time 不过滤，直接选择所有非无效值。
Block processing time: 0.012982 seconds
Computing Block 45 out of 341
Processing Block size=22
begin cleaner{left: ("[FunctionalDependency:(s: {flight}, t: {act_dep_time})]", 0.0), operator: *, right: (1.0, 1.0), result: 0.0}
列 'p' 不存在，对列 act_dep_time 不过滤，直接选择所有非无效值。
Block processing time: 0.016562 seconds
Computing Block 46 out of 341
Processing Block size=19
begin cleaner{left: ("[FunctionalDependency:(s: {flight}, t: {act_dep_time})]", 0.0), operator: *, right: (1.0, 1.0), result: 0.0}
列 'p' 不存在，对列 act_dep_time 不过滤，直接选择所有非无效值。
Block processing time: 0.014279 seconds
Computing Block 55 out of 341
Processing Block size=21
begin cleaner{left: ("[FunctionalDependency:(s: {flight}, t: {act_dep_time})]", 0.0), operator: *, right: (1.0, 1.0), result: 0.0}
列 'p' 不存在，对列 act_dep_time 不过滤，直接选择所有非无效值。
Block processing time: 0.015803 seconds
Computing Block 58 out of 341
Processing Block size=18
begin cleaner{left: ("[FunctionalDependency:(s: {flight}, t: {act_dep_time})]", 0.0), operator: *, right: (1.0, 1.0), result: 0.0}
列 'p' 不存在，对列 act_dep_time 不过滤，直接选择所有非无效值。
Block processing time: 0.013659 seconds
Computing Block 60 out of 341
Processing Block size=15
begin cleaner{left: ("[FunctionalDependency:(s: {flight}, t: {act_dep_time})]", 0.0), operator: *, right: (1.0, 1.0), result: 0.0}
列 'p' 不存在，对列 act_dep_time 不过滤，直接选择所有非无效值。
Block processing time: 0.011268 seconds
Computing Block 62 out of 341
Processing Block size=22
begin cleaner{left: ("[FunctionalDependency:(s: {flight}, t: {act_dep_time})]", 0.0), operator: *, right: (1.0, 1.0), result: 0.0}
列 'p' 不存在，对列 act_dep_time 不过滤，直接选择所有非无效值。
Block processing time: 0.016519 seconds
Computing Block 65 out of 341
Processing Block size=19
begin cleaner{left: ("[FunctionalDependency:(s: {flight}, t: {act_dep_time})]", 0.0), operator: *, right: (1.0, 1.0), result: 0.0}
列 'p' 不存在，对列 act_dep_time 不过滤，直接选择所有非无效值。
Block processing time: 0.014322 seconds
Computing Block 66 out of 341
Processing Block size=21
begin cleaner{left: ("[FunctionalDependency:(s: {flight}, t: {act_dep_time})]", 0.0), operator: *, right: (1.0, 1.0), result: 0.0}
列 'p' 不存在，对列 act_dep_time 不过滤，直接选择所有非无效值。
Block processing time: 0.015665 seconds
Computing Block 78 out of 341
Processing Block size=2
begin cleaner{left: ("[FunctionalDependency:(s: {flight}, t: {act_dep_time})]", 0.0), operator: *, right: (1.0, 1.0), result: 0.0}
列 'p' 不存在，对列 act_dep_time 不过滤，直接选择所有非无效值。
Block processing time: 0.001615 seconds
Computing Block 98 out of 341
Processing Block size=15
begin cleaner{left: ("[FunctionalDependency:(s: {flight}, t: {act_dep_time})]", 0.0), operator: *, right: (1.0, 1.0), result: 0.0}
列 'p' 不存在，对列 act_dep_time 不过滤，直接选择所有非无效值。
Block processing time: 0.011229 seconds
Computing Block 100 out of 341
Processing Block size=20
begin cleaner{left: ("[FunctionalDependency:(s: {flight}, t: {act_dep_time})]", 0.0), operator: *, right: (1.0, 1.0), result: 0.0}
列 'p' 不存在，对列 act_dep_time 不过滤，直接选择所有非无效值。
Block processing time: 0.014937 seconds
Computing Block 101 out of 341
Processing Block size=23
begin cleaner{left: ("[FunctionalDependency:(s: {flight}, t: {act_dep_time})]", 0.0), operator: *, right: (1.0, 1.0), result: 0.0}
列 'p' 不存在，对列 act_dep_time 不过滤，直接选择所有非无效值。
Block processing time: 0.017193 seconds
Computing Block 102 out of 341
Processing Block size=18
begin cleaner{left: ("[FunctionalDependency:(s: {flight}, t: {act_dep_time})]", 0.0), operator: *, right: (1.0, 1.0), result: 0.0}
列 'p' 不存在，对列 act_dep_time 不过滤，直接选择所有非无效值。
Block processing time: 0.013457 seconds
Computing Block 104 out of 341
Processing Block size=17
begin cleaner{left: ("[FunctionalDependency:(s: {flight}, t: {act_dep_time})]", 0.0), operator: *, right: (1.0, 1.0), result: 0.0}
列 'p' 不存在，对列 act_dep_time 不过滤，直接选择所有非无效值。
Block processing time: 0.01271 seconds
Computing Block 107 out of 341
Processing Block size=15
begin cleaner{left: ("[FunctionalDependency:(s: {flight}, t: {act_dep_time})]", 0.0), operator: *, right: (1.0, 1.0), result: 0.0}
列 'p' 不存在，对列 act_dep_time 不过滤，直接选择所有非无效值。
Block processing time: 0.01126 seconds
Computing Block 112 out of 341
Processing Block size=18
begin cleaner{left: ("[FunctionalDependency:(s: {flight}, t: {act_dep_time})]", 0.0), operator: *, right: (1.0, 1.0), result: 0.0}
列 'p' 不存在，对列 act_dep_time 不过滤，直接选择所有非无效值。
Block processing time: 0.01348 seconds
Computing Block 114 out of 341
Processing Block size=16
begin cleaner{left: ("[FunctionalDependency:(s: {flight}, t: {act_dep_time})]", 0.0), operator: *, right: (1.0, 1.0), result: 0.0}
列 'p' 不存在，对列 act_dep_time 不过滤，直接选择所有非无效值。
Block processing time: 0.011998 seconds
Computing Block 115 out of 341
Processing Block size=18
begin cleaner{left: ("[FunctionalDependency:(s: {flight}, t: {act_dep_time})]", 0.0), operator: *, right: (1.0, 1.0), result: 0.0}
列 'p' 不存在，对列 act_dep_time 不过滤，直接选择所有非无效值。
Block processing time: 0.013856 seconds
Computing Block 119 out of 341
Processing Block size=16
begin cleaner{left: ("[FunctionalDependency:(s: {flight}, t: {act_dep_time})]", 0.0), operator: *, right: (1.0, 1.0), result: 0.0}
列 'p' 不存在，对列 act_dep_time 不过滤，直接选择所有非无效值。
Block processing time: 0.012787 seconds
Computing Block 120 out of 341
Processing Block size=12
begin cleaner{left: ("[FunctionalDependency:(s: {flight}, t: {act_dep_time})]", 0.0), operator: *, right: (1.0, 1.0), result: 0.0}
列 'p' 不存在，对列 act_dep_time 不过滤，直接选择所有非无效值。
Block processing time: 0.010474 seconds
Computing Block 123 out of 341
Processing Block size=15
begin cleaner{left: ("[FunctionalDependency:(s: {flight}, t: {act_dep_time})]", 0.0), operator: *, right: (1.0, 1.0), result: 0.0}
列 'p' 不存在，对列 act_dep_time 不过滤，直接选择所有非无效值。
Block processing time: 0.01344 seconds
Computing Block 127 out of 341
Processing Block size=18
begin cleaner{left: ("[FunctionalDependency:(s: {flight}, t: {act_dep_time})]", 0.0), operator: *, right: (1.0, 1.0), result: 0.0}
列 'p' 不存在，对列 act_dep_time 不过滤，直接选择所有非无效值。
Block processing time: 0.014353 seconds
Computing Block 129 out of 341
Processing Block size=23
begin cleaner{left: ("[FunctionalDependency:(s: {flight}, t: {act_dep_time})]", 0.0), operator: *, right: (1.0, 1.0), result: 0.0}
列 'p' 不存在，对列 act_dep_time 不过滤，直接选择所有非无效值。
Block processing time: 0.018544 seconds
Computing Block 130 out of 341
Processing Block size=20
begin cleaner{left: ("[FunctionalDependency:(s: {flight}, t: {act_dep_time})]", 0.0), operator: *, right: (1.0, 1.0), result: 0.0}
列 'p' 不存在，对列 act_dep_time 不过滤，直接选择所有非无效值。
Block processing time: 0.016062 seconds
Computing Block 131 out of 341
Processing Block size=18
begin cleaner{left: ("[FunctionalDependency:(s: {flight}, t: {act_dep_time})]", 0.0), operator: *, right: (1.0, 1.0), result: 0.0}
列 'p' 不存在，对列 act_dep_time 不过滤，直接选择所有非无效值。
Block processing time: 0.014468 seconds
Computing Block 137 out of 341
Processing Block size=19
begin cleaner{left: ("[FunctionalDependency:(s: {flight}, t: {act_dep_time})]", 0.0), operator: *, right: (1.0, 1.0), result: 0.0}
列 'p' 不存在，对列 act_dep_time 不过滤，直接选择所有非无效值。
Block processing time: 0.015287 seconds
Computing Block 142 out of 341
Processing Block size=18
begin cleaner{left: ("[FunctionalDependency:(s: {flight}, t: {act_dep_time})]", 0.0), operator: *, right: (1.0, 1.0), result: 0.0}
列 'p' 不存在，对列 act_dep_time 不过滤，直接选择所有非无效值。
Block processing time: 0.014618 seconds
Computing Block 151 out of 341
Processing Block size=22
begin cleaner{left: ("[FunctionalDependency:(s: {flight}, t: {act_dep_time})]", 0.0), operator: *, right: (1.0, 1.0), result: 0.0}
列 'p' 不存在，对列 act_dep_time 不过滤，直接选择所有非无效值。
Block processing time: 0.017785 seconds
Computing Block 152 out of 341
Processing Block size=15
begin cleaner{left: ("[FunctionalDependency:(s: {flight}, t: {act_dep_time})]", 0.0), operator: *, right: (1.0, 1.0), result: 0.0}
列 'p' 不存在，对列 act_dep_time 不过滤，直接选择所有非无效值。
Block processing time: 0.012194 seconds
Computing Block 155 out of 341
Processing Block size=17
begin cleaner{left: ("[FunctionalDependency:(s: {flight}, t: {act_dep_time})]", 0.0), operator: *, right: (1.0, 1.0), result: 0.0}
列 'p' 不存在，对列 act_dep_time 不过滤，直接选择所有非无效值。
Block processing time: 0.01367 seconds
Computing Block 156 out of 341
Processing Block size=23
begin cleaner{left: ("[FunctionalDependency:(s: {flight}, t: {act_dep_time})]", 0.0), operator: *, right: (1.0, 1.0), result: 0.0}
列 'p' 不存在，对列 act_dep_time 不过滤，直接选择所有非无效值。
Block processing time: 0.018395 seconds
Computing Block 160 out of 341
Processing Block size=20
begin cleaner{left: ("[FunctionalDependency:(s: {flight}, t: {act_dep_time})]", 0.0), operator: *, right: (1.0, 1.0), result: 0.0}
列 'p' 不存在，对列 act_dep_time 不过滤，直接选择所有非无效值。
Block processing time: 0.0162 seconds
Computing Block 162 out of 341
Processing Block size=20
begin cleaner{left: ("[FunctionalDependency:(s: {flight}, t: {act_dep_time})]", 0.0), operator: *, right: (1.0, 1.0), result: 0.0}
列 'p' 不存在，对列 act_dep_time 不过滤，直接选择所有非无效值。
Block processing time: 0.016015 seconds
Computing Block 165 out of 341
Processing Block size=15
begin cleaner{left: ("[FunctionalDependency:(s: {flight}, t: {act_dep_time})]", 0.0), operator: *, right: (1.0, 1.0), result: 0.0}
列 'p' 不存在，对列 act_dep_time 不过滤，直接选择所有非无效值。
Block processing time: 0.012001 seconds
Computing Block 167 out of 341
Processing Block size=17
begin cleaner{left: ("[FunctionalDependency:(s: {flight}, t: {act_dep_time})]", 0.0), operator: *, right: (1.0, 1.0), result: 0.0}
列 'p' 不存在，对列 act_dep_time 不过滤，直接选择所有非无效值。
Block processing time: 0.013626 seconds
Computing Block 168 out of 341
Processing Block size=21
begin cleaner{left: ("[FunctionalDependency:(s: {flight}, t: {act_dep_time})]", 0.0), operator: *, right: (1.0, 1.0), result: 0.0}
列 'p' 不存在，对列 act_dep_time 不过滤，直接选择所有非无效值。
Block processing time: 0.016793 seconds
Computing Block 169 out of 341
Processing Block size=15
begin cleaner{left: ("[FunctionalDependency:(s: {flight}, t: {act_dep_time})]", 0.0), operator: *, right: (1.0, 1.0), result: 0.0}
列 'p' 不存在，对列 act_dep_time 不过滤，直接选择所有非无效值。
Block processing time: 0.012024 seconds
Computing Block 170 out of 341
Processing Block size=13
begin cleaner{left: ("[FunctionalDependency:(s: {flight}, t: {act_dep_time})]", 0.0), operator: *, right: (1.0, 1.0), result: 0.0}
列 'p' 不存在，对列 act_dep_time 不过滤，直接选择所有非无效值。
Block processing time: 0.010449 seconds
Computing Block 174 out of 341
Processing Block size=19
begin cleaner{left: ("[FunctionalDependency:(s: {flight}, t: {act_dep_time})]", 0.0), operator: *, right: (1.0, 1.0), result: 0.0}
列 'p' 不存在，对列 act_dep_time 不过滤，直接选择所有非无效值。
Block processing time: 0.015619 seconds
Computing Block 175 out of 341
Processing Block size=17
begin cleaner{left: ("[FunctionalDependency:(s: {flight}, t: {act_dep_time})]", 0.0), operator: *, right: (1.0, 1.0), result: 0.0}
列 'p' 不存在，对列 act_dep_time 不过滤，直接选择所有非无效值。
Block processing time: 0.013663 seconds
Computing Block 177 out of 341
Processing Block size=18
begin cleaner{left: ("[FunctionalDependency:(s: {flight}, t: {act_dep_time})]", 0.0), operator: *, right: (1.0, 1.0), result: 0.0}
列 'p' 不存在，对列 act_dep_time 不过滤，直接选择所有非无效值。
Block processing time: 0.014482 seconds
Computing Block 178 out of 341
Processing Block size=24
begin cleaner{left: ("[FunctionalDependency:(s: {flight}, t: {act_dep_time})]", 0.0), operator: *, right: (1.0, 1.0), result: 0.0}
列 'p' 不存在，对列 act_dep_time 不过滤，直接选择所有非无效值。
Block processing time: 0.019285 seconds
Computing Block 179 out of 341
Processing Block size=20
begin cleaner{left: ("[FunctionalDependency:(s: {flight}, t: {act_dep_time})]", 0.0), operator: *, right: (1.0, 1.0), result: 0.0}
列 'p' 不存在，对列 act_dep_time 不过滤，直接选择所有非无效值。
Block processing time: 0.016116 seconds
Computing Block 180 out of 341
Processing Block size=20
begin cleaner{left: ("[FunctionalDependency:(s: {flight}, t: {act_dep_time})]", 0.0), operator: *, right: (1.0, 1.0), result: 0.0}
列 'p' 不存在，对列 act_dep_time 不过滤，直接选择所有非无效值。
Block processing time: 0.01614 seconds
Computing Block 182 out of 341
Processing Block size=20
begin cleaner{left: ("[FunctionalDependency:(s: {flight}, t: {act_dep_time})]", 0.0), operator: *, right: (1.0, 1.0), result: 0.0}
列 'p' 不存在，对列 act_dep_time 不过滤，直接选择所有非无效值。
Block processing time: 0.016084 seconds
Computing Block 184 out of 341
Processing Block size=15
begin cleaner{left: ("[FunctionalDependency:(s: {flight}, t: {act_dep_time})]", 0.0), operator: *, right: (1.0, 1.0), result: 0.0}
列 'p' 不存在，对列 act_dep_time 不过滤，直接选择所有非无效值。
Block processing time: 0.011694 seconds
Computing Block 185 out of 341
Processing Block size=20
begin cleaner{left: ("[FunctionalDependency:(s: {flight}, t: {act_dep_time})]", 0.0), operator: *, right: (1.0, 1.0), result: 0.0}
列 'p' 不存在，对列 act_dep_time 不过滤，直接选择所有非无效值。
Block processing time: 0.015549 seconds
Computing Block 190 out of 341
Processing Block size=23
begin cleaner{left: ("[FunctionalDependency:(s: {flight}, t: {act_dep_time})]", 0.0), operator: *, right: (1.0, 1.0), result: 0.0}
列 'p' 不存在，对列 act_dep_time 不过滤，直接选择所有非无效值。
Block processing time: 0.017879 seconds
Computing Block 194 out of 341
Processing Block size=17
begin cleaner{left: ("[FunctionalDependency:(s: {flight}, t: {act_dep_time})]", 0.0), operator: *, right: (1.0, 1.0), result: 0.0}
列 'p' 不存在，对列 act_dep_time 不过滤，直接选择所有非无效值。
Block processing time: 0.01323 seconds
Computing Block 196 out of 341
Processing Block size=19
begin cleaner{left: ("[FunctionalDependency:(s: {flight}, t: {act_dep_time})]", 0.0), operator: *, right: (1.0, 1.0), result: 0.0}
列 'p' 不存在，对列 act_dep_time 不过滤，直接选择所有非无效值。
Block processing time: 0.0148 seconds
Computing Block 198 out of 341
Processing Block size=19
begin cleaner{left: ("[FunctionalDependency:(s: {flight}, t: {act_dep_time})]", 0.0), operator: *, right: (1.0, 1.0), result: 0.0}
列 'p' 不存在，对列 act_dep_time 不过滤，直接选择所有非无效值。
Block processing time: 0.015005 seconds
Computing Block 205 out of 341
Processing Block size=10
begin cleaner{left: ("[FunctionalDependency:(s: {flight}, t: {act_dep_time})]", 0.0), operator: *, right: (1.0, 1.0), result: 0.0}
列 'p' 不存在，对列 act_dep_time 不过滤，直接选择所有非无效值。
Block processing time: 0.007878 seconds
Computing Block 206 out of 341
Processing Block size=24
begin cleaner{left: ("[FunctionalDependency:(s: {flight}, t: {act_dep_time})]", 0.0), operator: *, right: (1.0, 1.0), result: 0.0}
列 'p' 不存在，对列 act_dep_time 不过滤，直接选择所有非无效值。
Block processing time: 0.018833 seconds
Computing Block 211 out of 341
Processing Block size=22
begin cleaner{left: ("[FunctionalDependency:(s: {flight}, t: {act_dep_time})]", 0.0), operator: *, right: (1.0, 1.0), result: 0.0}
列 'p' 不存在，对列 act_dep_time 不过滤，直接选择所有非无效值。
Block processing time: 0.017168 seconds
Computing Block 213 out of 341
Processing Block size=16
begin cleaner{left: ("[FunctionalDependency:(s: {flight}, t: {act_dep_time})]", 0.0), operator: *, right: (1.0, 1.0), result: 0.0}
列 'p' 不存在，对列 act_dep_time 不过滤，直接选择所有非无效值。
Block processing time: 0.012501 seconds
Computing Block 214 out of 341
Processing Block size=22
begin cleaner{left: ("[FunctionalDependency:(s: {flight}, t: {act_dep_time})]", 0.0), operator: *, right: (1.0, 1.0), result: 0.0}
列 'p' 不存在，对列 act_dep_time 不过滤，直接选择所有非无效值。
Block processing time: 0.017136 seconds
Computing Block 218 out of 341
Processing Block size=20
begin cleaner{left: ("[FunctionalDependency:(s: {flight}, t: {act_dep_time})]", 0.0), operator: *, right: (1.0, 1.0), result: 0.0}
列 'p' 不存在，对列 act_dep_time 不过滤，直接选择所有非无效值。
Block processing time: 0.01562 seconds
Computing Block 224 out of 341
Processing Block size=12
begin cleaner{left: ("[FunctionalDependency:(s: {flight}, t: {act_dep_time})]", 0.0), operator: *, right: (1.0, 1.0), result: 0.0}
列 'p' 不存在，对列 act_dep_time 不过滤，直接选择所有非无效值。
Block processing time: 0.00938 seconds
Computing Block 229 out of 341
Processing Block size=22
begin cleaner{left: ("[FunctionalDependency:(s: {flight}, t: {act_dep_time})]", 0.0), operator: *, right: (1.0, 1.0), result: 0.0}
列 'p' 不存在，对列 act_dep_time 不过滤，直接选择所有非无效值。
Block processing time: 0.017288 seconds
Computing Block 233 out of 341
Processing Block size=17
begin cleaner{left: ("[FunctionalDependency:(s: {flight}, t: {act_dep_time})]", 0.0), operator: *, right: (1.0, 1.0), result: 0.0}
列 'p' 不存在，对列 act_dep_time 不过滤，直接选择所有非无效值。
Block processing time: 0.013278 seconds
Computing Block 235 out of 341
Processing Block size=16
begin cleaner{left: ("[FunctionalDependency:(s: {flight}, t: {act_dep_time})]", 0.0), operator: *, right: (1.0, 1.0), result: 0.0}
列 'p' 不存在，对列 act_dep_time 不过滤，直接选择所有非无效值。
Block processing time: 0.012243 seconds
Computing Block 236 out of 341
Processing Block size=17
begin cleaner{left: ("[FunctionalDependency:(s: {flight}, t: {act_dep_time})]", 0.0), operator: *, right: (1.0, 1.0), result: 0.0}
列 'p' 不存在，对列 act_dep_time 不过滤，直接选择所有非无效值。
Block processing time: 0.012795 seconds
Computing Block 239 out of 341
Processing Block size=19
begin cleaner{left: ("[FunctionalDependency:(s: {flight}, t: {act_dep_time})]", 0.0), operator: *, right: (1.0, 1.0), result: 0.0}
列 'p' 不存在，对列 act_dep_time 不过滤，直接选择所有非无效值。
Block processing time: 0.014273 seconds
Computing Block 242 out of 341
Processing Block size=16
begin cleaner{left: ("[FunctionalDependency:(s: {flight}, t: {act_dep_time})]", 0.0), operator: *, right: (1.0, 1.0), result: 0.0}
列 'p' 不存在，对列 act_dep_time 不过滤，直接选择所有非无效值。
Block processing time: 0.012016 seconds
Computing Block 246 out of 341
Processing Block size=19
WARNING:root:No partitioning rule specified, processing might be slow
begin cleaner{left: ("[FunctionalDependency:(s: {flight}, t: {act_dep_time})]", 0.0), operator: *, right: (1.0, 1.0), result: 0.0}
列 'p' 不存在，对列 act_dep_time 不过滤，直接选择所有非无效值。
Block processing time: 0.014146 seconds
Computing Block 249 out of 341
Processing Block size=17
begin cleaner{left: ("[FunctionalDependency:(s: {flight}, t: {act_dep_time})]", 0.0), operator: *, right: (1.0, 1.0), result: 0.0}
列 'p' 不存在，对列 act_dep_time 不过滤，直接选择所有非无效值。
Block processing time: 0.01267 seconds
Computing Block 253 out of 341
Processing Block size=16
begin cleaner{left: ("[FunctionalDependency:(s: {flight}, t: {act_dep_time})]", 0.0), operator: *, right: (1.0, 1.0), result: 0.0}
列 'p' 不存在，对列 act_dep_time 不过滤，直接选择所有非无效值。
Block processing time: 0.011932 seconds
Computing Block 259 out of 341
Processing Block size=11
begin cleaner{left: ("[FunctionalDependency:(s: {flight}, t: {act_dep_time})]", 0.0), operator: *, right: (1.0, 1.0), result: 0.0}
列 'p' 不存在，对列 act_dep_time 不过滤，直接选择所有非无效值。
Block processing time: 0.008295 seconds
Computing Block 269 out of 341
Processing Block size=22
begin cleaner{left: ("[FunctionalDependency:(s: {flight}, t: {act_dep_time})]", 0.0), operator: *, right: (1.0, 1.0), result: 0.0}
列 'p' 不存在，对列 act_dep_time 不过滤，直接选择所有非无效值。
Block processing time: 0.016382 seconds
Computing Block 270 out of 341
Processing Block size=19
begin cleaner{left: ("[FunctionalDependency:(s: {flight}, t: {act_dep_time})]", 0.0), operator: *, right: (1.0, 1.0), result: 0.0}
列 'p' 不存在，对列 act_dep_time 不过滤，直接选择所有非无效值。
Block processing time: 0.014123 seconds
Computing Block 272 out of 341
Processing Block size=17
begin cleaner{left: ("[FunctionalDependency:(s: {flight}, t: {act_dep_time})]", 0.0), operator: *, right: (1.0, 1.0), result: 0.0}
列 'p' 不存在，对列 act_dep_time 不过滤，直接选择所有非无效值。
Block processing time: 0.012656 seconds
Computing Block 277 out of 341
Processing Block size=12
begin cleaner{left: ("[FunctionalDependency:(s: {flight}, t: {act_dep_time})]", 0.0), operator: *, right: (1.0, 1.0), result: 0.0}
列 'p' 不存在，对列 act_dep_time 不过滤，直接选择所有非无效值。
Block processing time: 0.008953 seconds
Computing Block 278 out of 341
Processing Block size=16
begin cleaner{left: ("[FunctionalDependency:(s: {flight}, t: {act_dep_time})]", 0.0), operator: *, right: (1.0, 1.0), result: 0.0}
列 'p' 不存在，对列 act_dep_time 不过滤，直接选择所有非无效值。
Block processing time: 0.011956 seconds
Computing Block 285 out of 341
Processing Block size=9
begin cleaner{left: ("[FunctionalDependency:(s: {flight}, t: {act_dep_time})]", 0.0), operator: *, right: (1.0, 1.0), result: 0.0}
列 'p' 不存在，对列 act_dep_time 不过滤，直接选择所有非无效值。
Block processing time: 0.006753 seconds
Computing Block 286 out of 341
Processing Block size=16
begin cleaner{left: ("[FunctionalDependency:(s: {flight}, t: {act_dep_time})]", 0.0), operator: *, right: (1.0, 1.0), result: 0.0}
列 'p' 不存在，对列 act_dep_time 不过滤，直接选择所有非无效值。
Block processing time: 0.011905 seconds
Computing Block 287 out of 341
Processing Block size=11
begin cleaner{left: ("[FunctionalDependency:(s: {flight}, t: {act_dep_time})]", 0.0), operator: *, right: (1.0, 1.0), result: 0.0}
列 'p' 不存在，对列 act_dep_time 不过滤，直接选择所有非无效值。
Block processing time: 0.008202 seconds
Computing Block 288 out of 341
Processing Block size=18
begin cleaner{left: ("[FunctionalDependency:(s: {flight}, t: {act_dep_time})]", 0.0), operator: *, right: (1.0, 1.0), result: 0.0}
列 'p' 不存在，对列 act_dep_time 不过滤，直接选择所有非无效值。
Block processing time: 0.013353 seconds
Computing Block 296 out of 341
Processing Block size=17
begin cleaner{left: ("[FunctionalDependency:(s: {flight}, t: {act_dep_time})]", 0.0), operator: *, right: (1.0, 1.0), result: 0.0}
列 'p' 不存在，对列 act_dep_time 不过滤，直接选择所有非无效值。
Block processing time: 0.01266 seconds
Computing Block 297 out of 341
Processing Block size=18
begin cleaner{left: ("[FunctionalDependency:(s: {flight}, t: {act_dep_time})]", 0.0), operator: *, right: (1.0, 1.0), result: 0.0}
列 'p' 不存在，对列 act_dep_time 不过滤，直接选择所有非无效值。
Block processing time: 0.013372 seconds
Computing Block 300 out of 341
Processing Block size=15
begin cleaner{left: ("[FunctionalDependency:(s: {flight}, t: {act_dep_time})]", 0.0), operator: *, right: (1.0, 1.0), result: 0.0}
列 'p' 不存在，对列 act_dep_time 不过滤，直接选择所有非无效值。
Block processing time: 0.011141 seconds
Computing Block 312 out of 341
Processing Block size=20
begin cleaner{left: ("[FunctionalDependency:(s: {flight}, t: {act_dep_time})]", 0.0), operator: *, right: (1.0, 1.0), result: 0.0}
列 'p' 不存在，对列 act_dep_time 不过滤，直接选择所有非无效值。
Block processing time: 0.01489 seconds
Computing Block 323 out of 341
Processing Block size=18
begin cleaner{left: ("[FunctionalDependency:(s: {flight}, t: {act_dep_time})]", 0.0), operator: *, right: (1.0, 1.0), result: 0.0}
列 'p' 不存在，对列 act_dep_time 不过滤，直接选择所有非无效值。
Block processing time: 0.01339 seconds
Computing Block 324 out of 341
Processing Block size=12
begin cleaner{left: ("[FunctionalDependency:(s: {flight}, t: {act_dep_time})]", 0.0), operator: *, right: (1.0, 1.0), result: 0.0}
列 'p' 不存在，对列 act_dep_time 不过滤，直接选择所有非无效值。
Block processing time: 0.009073 seconds
Computing Block 328 out of 341
Processing Block size=15
begin cleaner{left: ("[FunctionalDependency:(s: {flight}, t: {act_dep_time})]", 0.0), operator: *, right: (1.0, 1.0), result: 0.0}
列 'p' 不存在，对列 act_dep_time 不过滤，直接选择所有非无效值。
Block processing time: 0.011411 seconds
Computing Block 329 out of 341
Processing Block size=18
begin cleaner{left: ("[FunctionalDependency:(s: {flight}, t: {act_dep_time})]", 0.0), operator: *, right: (1.0, 1.0), result: 0.0}
列 'p' 不存在，对列 act_dep_time 不过滤，直接选择所有非无效值。
Block processing time: 0.013492 seconds
Computing Block 330 out of 341
Processing Block size=21
begin cleaner{left: ("[FunctionalDependency:(s: {flight}, t: {act_dep_time})]", 0.0), operator: *, right: (1.0, 1.0), result: 0.0}
列 'p' 不存在，对列 act_dep_time 不过滤，直接选择所有非无效值。
Block processing time: 0.015724 seconds
Computing Block 332 out of 341
Processing Block size=19
begin cleaner{left: ("[FunctionalDependency:(s: {flight}, t: {act_dep_time})]", 0.0), operator: *, right: (1.0, 1.0), result: 0.0}
列 'p' 不存在，对列 act_dep_time 不过滤，直接选择所有非无效值。
Block processing time: 0.014244 seconds
Computing Block 333 out of 341
Processing Block size=18
begin cleaner{left: ("[FunctionalDependency:(s: {flight}, t: {act_dep_time})]", 0.0), operator: *, right: (1.0, 1.0), result: 0.0}
列 'p' 不存在，对列 act_dep_time 不过滤，直接选择所有非无效值。
Block processing time: 0.013432 seconds
Computing Block 336 out of 341
Processing Block size=14
begin cleaner{left: ("[FunctionalDependency:(s: {flight}, t: {act_dep_time})]", 0.0), operator: *, right: (1.0, 1.0), result: 0.0}
列 'p' 不存在，对列 act_dep_time 不过滤，直接选择所有非无效值。
Block processing time: 0.010519 seconds
  当前节点: act_dep_time 无清洗操作
  当前节点: sched_arr_time 存在可用清洗信号
数据块大小: 2376
分块属性:
[['flight']]
Starting initial block mapping...
Initial number of blocks: 341
Final number of blocks after further splitting: 341
Computing Block 1 out of 341
Processing Block size=11
begin cleaner[FunctionalDependency:(s: {'flight'}, t: {'sched_arr_time'})]*1.0
列 'p' 不存在，对列 sched_arr_time 不过滤，直接选择所有非无效值。
Block processing time: 0.008882 seconds
Computing Block 2 out of 341
Processing Block size=16
begin cleaner{left: ("[FunctionalDependency:(s: {flight}, t: {sched_arr_time})]", 0.0), operator: *, right: (1.0, 1.0), result: 0.0}
列 'p' 不存在，对列 sched_arr_time 不过滤，直接选择所有非无效值。
Block processing time: 0.012532 seconds
Computing Block 9 out of 341
Processing Block size=18
begin cleaner{left: ("[FunctionalDependency:(s: {flight}, t: {sched_arr_time})]", 0.0), operator: *, right: (1.0, 1.0), result: 0.0}
列 'p' 不存在，对列 sched_arr_time 不过滤，直接选择所有非无效值。
Block processing time: 0.014014 seconds
Computing Block 10 out of 341
Processing Block size=19
begin cleaner{left: ("[FunctionalDependency:(s: {flight}, t: {sched_arr_time})]", 0.0), operator: *, right: (1.0, 1.0), result: 0.0}
列 'p' 不存在，对列 sched_arr_time 不过滤，直接选择所有非无效值。
Block processing time: 0.014881 seconds
Computing Block 13 out of 341
Processing Block size=20
begin cleaner{left: ("[FunctionalDependency:(s: {flight}, t: {sched_arr_time})]", 0.0), operator: *, right: (1.0, 1.0), result: 0.0}
列 'p' 不存在，对列 sched_arr_time 不过滤，直接选择所有非无效值。
Block processing time: 0.015772 seconds
Computing Block 16 out of 341
Processing Block size=21
begin cleaner{left: ("[FunctionalDependency:(s: {flight}, t: {sched_arr_time})]", 0.0), operator: *, right: (1.0, 1.0), result: 0.0}
列 'p' 不存在，对列 sched_arr_time 不过滤，直接选择所有非无效值。
Block processing time: 0.016508 seconds
Computing Block 17 out of 341
Processing Block size=18
begin cleaner{left: ("[FunctionalDependency:(s: {flight}, t: {sched_arr_time})]", 0.0), operator: *, right: (1.0, 1.0), result: 0.0}
列 'p' 不存在，对列 sched_arr_time 不过滤，直接选择所有非无效值。
Block processing time: 0.013829 seconds
Computing Block 20 out of 341
Processing Block size=19
begin cleaner{left: ("[FunctionalDependency:(s: {flight}, t: {sched_arr_time})]", 0.0), operator: *, right: (1.0, 1.0), result: 0.0}
列 'p' 不存在，对列 sched_arr_time 不过滤，直接选择所有非无效值。
Block processing time: 0.014483 seconds
Computing Block 30 out of 341
Processing Block size=20
begin cleaner{left: ("[FunctionalDependency:(s: {flight}, t: {sched_arr_time})]", 0.0), operator: *, right: (1.0, 1.0), result: 0.0}
列 'p' 不存在，对列 sched_arr_time 不过滤，直接选择所有非无效值。
Block processing time: 0.015419 seconds
Computing Block 32 out of 341
Processing Block size=21
begin cleaner{left: ("[FunctionalDependency:(s: {flight}, t: {sched_arr_time})]", 0.0), operator: *, right: (1.0, 1.0), result: 0.0}
列 'p' 不存在，对列 sched_arr_time 不过滤，直接选择所有非无效值。
Block processing time: 0.015867 seconds
Computing Block 35 out of 341
Processing Block size=18
begin cleaner{left: ("[FunctionalDependency:(s: {flight}, t: {sched_arr_time})]", 0.0), operator: *, right: (1.0, 1.0), result: 0.0}
列 'p' 不存在，对列 sched_arr_time 不过滤，直接选择所有非无效值。
Block processing time: 0.013685 seconds
Computing Block 39 out of 341
Processing Block size=17
begin cleaner{left: ("[FunctionalDependency:(s: {flight}, t: {sched_arr_time})]", 0.0), operator: *, right: (1.0, 1.0), result: 0.0}
列 'p' 不存在，对列 sched_arr_time 不过滤，直接选择所有非无效值。
Block processing time: 0.012956 seconds
Computing Block 45 out of 341
Processing Block size=22
begin cleaner{left: ("[FunctionalDependency:(s: {flight}, t: {sched_arr_time})]", 0.0), operator: *, right: (1.0, 1.0), result: 0.0}
列 'p' 不存在，对列 sched_arr_time 不过滤，直接选择所有非无效值。
Block processing time: 0.016805 seconds
Computing Block 46 out of 341
Processing Block size=19
begin cleaner{left: ("[FunctionalDependency:(s: {flight}, t: {sched_arr_time})]", 0.0), operator: *, right: (1.0, 1.0), result: 0.0}
列 'p' 不存在，对列 sched_arr_time 不过滤，直接选择所有非无效值。
Block processing time: 0.014503 seconds
Computing Block 55 out of 341
Processing Block size=21
begin cleaner{left: ("[FunctionalDependency:(s: {flight}, t: {sched_arr_time})]", 0.0), operator: *, right: (1.0, 1.0), result: 0.0}
列 'p' 不存在，对列 sched_arr_time 不过滤，直接选择所有非无效值。
Block processing time: 0.01585 seconds
Computing Block 58 out of 341
Processing Block size=18
begin cleaner{left: ("[FunctionalDependency:(s: {flight}, t: {sched_arr_time})]", 0.0), operator: *, right: (1.0, 1.0), result: 0.0}
列 'p' 不存在，对列 sched_arr_time 不过滤，直接选择所有非无效值。
Block processing time: 0.013486 seconds
Computing Block 60 out of 341
Processing Block size=15
begin cleaner{left: ("[FunctionalDependency:(s: {flight}, t: {sched_arr_time})]", 0.0), operator: *, right: (1.0, 1.0), result: 0.0}
列 'p' 不存在，对列 sched_arr_time 不过滤，直接选择所有非无效值。
Block processing time: 0.011232 seconds
Computing Block 62 out of 341
Processing Block size=22
begin cleaner{left: ("[FunctionalDependency:(s: {flight}, t: {sched_arr_time})]", 0.0), operator: *, right: (1.0, 1.0), result: 0.0}
列 'p' 不存在，对列 sched_arr_time 不过滤，直接选择所有非无效值。
Block processing time: 0.016479 seconds
Computing Block 65 out of 341
Processing Block size=19
begin cleaner{left: ("[FunctionalDependency:(s: {flight}, t: {sched_arr_time})]", 0.0), operator: *, right: (1.0, 1.0), result: 0.0}
列 'p' 不存在，对列 sched_arr_time 不过滤，直接选择所有非无效值。
Block processing time: 0.014314 seconds
Computing Block 66 out of 341
Processing Block size=21
begin cleaner{left: ("[FunctionalDependency:(s: {flight}, t: {sched_arr_time})]", 0.0), operator: *, right: (1.0, 1.0), result: 0.0}
列 'p' 不存在，对列 sched_arr_time 不过滤，直接选择所有非无效值。
Block processing time: 0.015739 seconds
Computing Block 78 out of 341
Processing Block size=2
begin cleaner{left: ("[FunctionalDependency:(s: {flight}, t: {sched_arr_time})]", 0.0), operator: *, right: (1.0, 1.0), result: 0.0}
列 'p' 不存在，对列 sched_arr_time 不过滤，直接选择所有非无效值。
Block processing time: 0.001651 seconds
Computing Block 98 out of 341
Processing Block size=15
begin cleaner{left: ("[FunctionalDependency:(s: {flight}, t: {sched_arr_time})]", 0.0), operator: *, right: (1.0, 1.0), result: 0.0}
列 'p' 不存在，对列 sched_arr_time 不过滤，直接选择所有非无效值。
Block processing time: 0.011313 seconds
Computing Block 100 out of 341
Processing Block size=20
begin cleaner{left: ("[FunctionalDependency:(s: {flight}, t: {sched_arr_time})]", 0.0), operator: *, right: (1.0, 1.0), result: 0.0}
列 'p' 不存在，对列 sched_arr_time 不过滤，直接选择所有非无效值。
Block processing time: 0.014976 seconds
Computing Block 101 out of 341
Processing Block size=23
begin cleaner{left: ("[FunctionalDependency:(s: {flight}, t: {sched_arr_time})]", 0.0), operator: *, right: (1.0, 1.0), result: 0.0}
列 'p' 不存在，对列 sched_arr_time 不过滤，直接选择所有非无效值。
Block processing time: 0.017127 seconds
Computing Block 102 out of 341
Processing Block size=18
begin cleaner{left: ("[FunctionalDependency:(s: {flight}, t: {sched_arr_time})]", 0.0), operator: *, right: (1.0, 1.0), result: 0.0}
列 'p' 不存在，对列 sched_arr_time 不过滤，直接选择所有非无效值。
Block processing time: 0.0135 seconds
Computing Block 104 out of 341
Processing Block size=17
begin cleaner{left: ("[FunctionalDependency:(s: {flight}, t: {sched_arr_time})]", 0.0), operator: *, right: (1.0, 1.0), result: 0.0}
列 'p' 不存在，对列 sched_arr_time 不过滤，直接选择所有非无效值。
Block processing time: 0.012739 seconds
Computing Block 107 out of 341
Processing Block size=15
begin cleaner{left: ("[FunctionalDependency:(s: {flight}, t: {sched_arr_time})]", 0.0), operator: *, right: (1.0, 1.0), result: 0.0}
列 'p' 不存在，对列 sched_arr_time 不过滤，直接选择所有非无效值。
Block processing time: 0.011277 seconds
Computing Block 112 out of 341
Processing Block size=18
begin cleaner{left: ("[FunctionalDependency:(s: {flight}, t: {sched_arr_time})]", 0.0), operator: *, right: (1.0, 1.0), result: 0.0}
列 'p' 不存在，对列 sched_arr_time 不过滤，直接选择所有非无效值。
Block processing time: 0.01344 seconds
Computing Block 114 out of 341
Processing Block size=16
begin cleaner{left: ("[FunctionalDependency:(s: {flight}, t: {sched_arr_time})]", 0.0), operator: *, right: (1.0, 1.0), result: 0.0}
列 'p' 不存在，对列 sched_arr_time 不过滤，直接选择所有非无效值。
Block processing time: 0.011998 seconds
Computing Block 115 out of 341
Processing Block size=18
begin cleaner{left: ("[FunctionalDependency:(s: {flight}, t: {sched_arr_time})]", 0.0), operator: *, right: (1.0, 1.0), result: 0.0}
列 'p' 不存在，对列 sched_arr_time 不过滤，直接选择所有非无效值。
Block processing time: 0.013428 seconds
Computing Block 119 out of 341
Processing Block size=16
begin cleaner{left: ("[FunctionalDependency:(s: {flight}, t: {sched_arr_time})]", 0.0), operator: *, right: (1.0, 1.0), result: 0.0}
列 'p' 不存在，对列 sched_arr_time 不过滤，直接选择所有非无效值。
Block processing time: 0.01193 seconds
Computing Block 120 out of 341
Processing Block size=12
begin cleaner{left: ("[FunctionalDependency:(s: {flight}, t: {sched_arr_time})]", 0.0), operator: *, right: (1.0, 1.0), result: 0.0}
列 'p' 不存在，对列 sched_arr_time 不过滤，直接选择所有非无效值。
Block processing time: 0.009068 seconds
Computing Block 123 out of 341
Processing Block size=15
begin cleaner{left: ("[FunctionalDependency:(s: {flight}, t: {sched_arr_time})]", 0.0), operator: *, right: (1.0, 1.0), result: 0.0}
列 'p' 不存在，对列 sched_arr_time 不过滤，直接选择所有非无效值。
Block processing time: 0.011303 seconds
Computing Block 127 out of 341
Processing Block size=18
begin cleaner{left: ("[FunctionalDependency:(s: {flight}, t: {sched_arr_time})]", 0.0), operator: *, right: (1.0, 1.0), result: 0.0}
列 'p' 不存在，对列 sched_arr_time 不过滤，直接选择所有非无效值。
Block processing time: 0.013543 seconds
Computing Block 129 out of 341
Processing Block size=23
begin cleaner{left: ("[FunctionalDependency:(s: {flight}, t: {sched_arr_time})]", 0.0), operator: *, right: (1.0, 1.0), result: 0.0}
列 'p' 不存在，对列 sched_arr_time 不过滤，直接选择所有非无效值。
Block processing time: 0.017157 seconds
Computing Block 130 out of 341
Processing Block size=20
begin cleaner{left: ("[FunctionalDependency:(s: {flight}, t: {sched_arr_time})]", 0.0), operator: *, right: (1.0, 1.0), result: 0.0}
列 'p' 不存在，对列 sched_arr_time 不过滤，直接选择所有非无效值。
Block processing time: 0.014941 seconds
Computing Block 131 out of 341
Processing Block size=18
begin cleaner{left: ("[FunctionalDependency:(s: {flight}, t: {sched_arr_time})]", 0.0), operator: *, right: (1.0, 1.0), result: 0.0}
列 'p' 不存在，对列 sched_arr_time 不过滤，直接选择所有非无效值。
Block processing time: 0.013443 seconds
Computing Block 137 out of 341
Processing Block size=19
begin cleaner{left: ("[FunctionalDependency:(s: {flight}, t: {sched_arr_time})]", 0.0), operator: *, right: (1.0, 1.0), result: 0.0}
列 'p' 不存在，对列 sched_arr_time 不过滤，直接选择所有非无效值。
Block processing time: 0.014201 seconds
Computing Block 142 out of 341
Processing Block size=18
begin cleaner{left: ("[FunctionalDependency:(s: {flight}, t: {sched_arr_time})]", 0.0), operator: *, right: (1.0, 1.0), result: 0.0}
列 'p' 不存在，对列 sched_arr_time 不过滤，直接选择所有非无效值。
Block processing time: 0.013609 seconds
Computing Block 151 out of 341
Processing Block size=22
begin cleaner{left: ("[FunctionalDependency:(s: {flight}, t: {sched_arr_time})]", 0.0), operator: *, right: (1.0, 1.0), result: 0.0}
列 'p' 不存在，对列 sched_arr_time 不过滤，直接选择所有非无效值。
Block processing time: 0.016498 seconds
Computing Block 152 out of 341
Processing Block size=15
begin cleaner{left: ("[FunctionalDependency:(s: {flight}, t: {sched_arr_time})]", 0.0), operator: *, right: (1.0, 1.0), result: 0.0}
列 'p' 不存在，对列 sched_arr_time 不过滤，直接选择所有非无效值。
Block processing time: 0.011259 seconds
Computing Block 155 out of 341
Processing Block size=17
begin cleaner{left: ("[FunctionalDependency:(s: {flight}, t: {sched_arr_time})]", 0.0), operator: *, right: (1.0, 1.0), result: 0.0}
列 'p' 不存在，对列 sched_arr_time 不过滤，直接选择所有非无效值。
Block processing time: 0.012659 seconds
Computing Block 156 out of 341
Processing Block size=23
begin cleaner{left: ("[FunctionalDependency:(s: {flight}, t: {sched_arr_time})]", 0.0), operator: *, right: (1.0, 1.0), result: 0.0}
列 'p' 不存在，对列 sched_arr_time 不过滤，直接选择所有非无效值。
Block processing time: 0.01716 seconds
Computing Block 160 out of 341
Processing Block size=20
begin cleaner{left: ("[FunctionalDependency:(s: {flight}, t: {sched_arr_time})]", 0.0), operator: *, right: (1.0, 1.0), result: 0.0}
列 'p' 不存在，对列 sched_arr_time 不过滤，直接选择所有非无效值。
Block processing time: 0.014897 seconds
Computing Block 162 out of 341
Processing Block size=20
begin cleaner{left: ("[FunctionalDependency:(s: {flight}, t: {sched_arr_time})]", 0.0), operator: *, right: (1.0, 1.0), result: 0.0}
列 'p' 不存在，对列 sched_arr_time 不过滤，直接选择所有非无效值。
Block processing time: 0.014886 seconds
Computing Block 165 out of 341
Processing Block size=15
begin cleaner{left: ("[FunctionalDependency:(s: {flight}, t: {sched_arr_time})]", 0.0), operator: *, right: (1.0, 1.0), result: 0.0}
列 'p' 不存在，对列 sched_arr_time 不过滤，直接选择所有非无效值。
Block processing time: 0.010867 seconds
Computing Block 167 out of 341
Processing Block size=17
begin cleaner{left: ("[FunctionalDependency:(s: {flight}, t: {sched_arr_time})]", 0.0), operator: *, right: (1.0, 1.0), result: 0.0}
列 'p' 不存在，对列 sched_arr_time 不过滤，直接选择所有非无效值。
Block processing time: 0.012318 seconds
Computing Block 168 out of 341
Processing Block size=21
begin cleaner{left: ("[FunctionalDependency:(s: {flight}, t: {sched_arr_time})]", 0.0), operator: *, right: (1.0, 1.0), result: 0.0}
列 'p' 不存在，对列 sched_arr_time 不过滤，直接选择所有非无效值。
Block processing time: 0.015304 seconds
Computing Block 169 out of 341
Processing Block size=15
begin cleaner{left: ("[FunctionalDependency:(s: {flight}, t: {sched_arr_time})]", 0.0), operator: *, right: (1.0, 1.0), result: 0.0}
列 'p' 不存在，对列 sched_arr_time 不过滤，直接选择所有非无效值。
Block processing time: 0.01082 seconds
Computing Block 170 out of 341
Processing Block size=13
begin cleaner{left: ("[FunctionalDependency:(s: {flight}, t: {sched_arr_time})]", 0.0), operator: *, right: (1.0, 1.0), result: 0.0}
列 'p' 不存在，对列 sched_arr_time 不过滤，直接选择所有非无效值。
Block processing time: 0.009393 seconds
Computing Block 174 out of 341
Processing Block size=19
begin cleaner{left: ("[FunctionalDependency:(s: {flight}, t: {sched_arr_time})]", 0.0), operator: *, right: (1.0, 1.0), result: 0.0}
列 'p' 不存在，对列 sched_arr_time 不过滤，直接选择所有非无效值。
Block processing time: 0.013606 seconds
Computing Block 175 out of 341
Processing Block size=17
begin cleaner{left: ("[FunctionalDependency:(s: {flight}, t: {sched_arr_time})]", 0.0), operator: *, right: (1.0, 1.0), result: 0.0}
列 'p' 不存在，对列 sched_arr_time 不过滤，直接选择所有非无效值。
Block processing time: 0.012369 seconds
Computing Block 177 out of 341
Processing Block size=18
begin cleaner{left: ("[FunctionalDependency:(s: {flight}, t: {sched_arr_time})]", 0.0), operator: *, right: (1.0, 1.0), result: 0.0}
列 'p' 不存在，对列 sched_arr_time 不过滤，直接选择所有非无效值。
Block processing time: 0.01293 seconds
Computing Block 178 out of 341
Processing Block size=24
begin cleaner{left: ("[FunctionalDependency:(s: {flight}, t: {sched_arr_time})]", 0.0), operator: *, right: (1.0, 1.0), result: 0.0}
列 'p' 不存在，对列 sched_arr_time 不过滤，直接选择所有非无效值。
Block processing time: 0.017314 seconds
Computing Block 179 out of 341
Processing Block size=20
begin cleaner{left: ("[FunctionalDependency:(s: {flight}, t: {sched_arr_time})]", 0.0), operator: *, right: (1.0, 1.0), result: 0.0}
列 'p' 不存在，对列 sched_arr_time 不过滤，直接选择所有非无效值。
Block processing time: 0.014331 seconds
Computing Block 180 out of 341
Processing Block size=20
begin cleaner{left: ("[FunctionalDependency:(s: {flight}, t: {sched_arr_time})]", 0.0), operator: *, right: (1.0, 1.0), result: 0.0}
列 'p' 不存在，对列 sched_arr_time 不过滤，直接选择所有非无效值。
Block processing time: 0.014418 seconds
Computing Block 182 out of 341
Processing Block size=20
begin cleaner{left: ("[FunctionalDependency:(s: {flight}, t: {sched_arr_time})]", 0.0), operator: *, right: (1.0, 1.0), result: 0.0}
列 'p' 不存在，对列 sched_arr_time 不过滤，直接选择所有非无效值。
Block processing time: 0.014442 seconds
Computing Block 184 out of 341
Processing Block size=15
begin cleaner{left: ("[FunctionalDependency:(s: {flight}, t: {sched_arr_time})]", 0.0), operator: *, right: (1.0, 1.0), result: 0.0}
列 'p' 不存在，对列 sched_arr_time 不过滤，直接选择所有非无效值。
Block processing time: 0.011174 seconds
Computing Block 185 out of 341
Processing Block size=20
begin cleaner{left: ("[FunctionalDependency:(s: {flight}, t: {sched_arr_time})]", 0.0), operator: *, right: (1.0, 1.0), result: 0.0}
列 'p' 不存在，对列 sched_arr_time 不过滤，直接选择所有非无效值。
Block processing time: 0.014452 seconds
Computing Block 190 out of 341
Processing Block size=23
begin cleaner{left: ("[FunctionalDependency:(s: {flight}, t: {sched_arr_time})]", 0.0), operator: *, right: (1.0, 1.0), result: 0.0}
列 'p' 不存在，对列 sched_arr_time 不过滤，直接选择所有非无效值。
Block processing time: 0.016606 seconds
Computing Block 194 out of 341
Processing Block size=17
begin cleaner{left: ("[FunctionalDependency:(s: {flight}, t: {sched_arr_time})]", 0.0), operator: *, right: (1.0, 1.0), result: 0.0}
列 'p' 不存在，对列 sched_arr_time 不过滤，直接选择所有非无效值。
Block processing time: 0.012349 seconds
Computing Block 196 out of 341
Processing Block size=19
begin cleaner{left: ("[FunctionalDependency:(s: {flight}, t: {sched_arr_time})]", 0.0), operator: *, right: (1.0, 1.0), result: 0.0}
列 'p' 不存在，对列 sched_arr_time 不过滤，直接选择所有非无效值。
Block processing time: 0.0137 seconds
Computing Block 198 out of 341
Processing Block size=19
begin cleaner{left: ("[FunctionalDependency:(s: {flight}, t: {sched_arr_time})]", 0.0), operator: *, right: (1.0, 1.0), result: 0.0}
列 'p' 不存在，对列 sched_arr_time 不过滤，直接选择所有非无效值。
Block processing time: 0.013909 seconds
Computing Block 205 out of 341
Processing Block size=10
begin cleaner{left: ("[FunctionalDependency:(s: {flight}, t: {sched_arr_time})]", 0.0), operator: *, right: (1.0, 1.0), result: 0.0}
列 'p' 不存在，对列 sched_arr_time 不过滤，直接选择所有非无效值。
Block processing time: 0.0073 seconds
Computing Block 206 out of 341
Processing Block size=24
begin cleaner{left: ("[FunctionalDependency:(s: {flight}, t: {sched_arr_time})]", 0.0), operator: *, right: (1.0, 1.0), result: 0.0}
列 'p' 不存在，对列 sched_arr_time 不过滤，直接选择所有非无效值。
Block processing time: 0.017376 seconds
Computing Block 211 out of 341
Processing Block size=22
begin cleaner{left: ("[FunctionalDependency:(s: {flight}, t: {sched_arr_time})]", 0.0), operator: *, right: (1.0, 1.0), result: 0.0}
列 'p' 不存在，对列 sched_arr_time 不过滤，直接选择所有非无效值。
Block processing time: 0.015779 seconds
Computing Block 213 out of 341
Processing Block size=16
begin cleaner{left: ("[FunctionalDependency:(s: {flight}, t: {sched_arr_time})]", 0.0), operator: *, right: (1.0, 1.0), result: 0.0}
列 'p' 不存在，对列 sched_arr_time 不过滤，直接选择所有非无效值。
Block processing time: 0.011531 seconds
Computing Block 214 out of 341
Processing Block size=22
begin cleaner{left: ("[FunctionalDependency:(s: {flight}, t: {sched_arr_time})]", 0.0), operator: *, right: (1.0, 1.0), result: 0.0}
列 'p' 不存在，对列 sched_arr_time 不过滤，直接选择所有非无效值。
Block processing time: 0.01588 seconds
Computing Block 218 out of 341
Processing Block size=20
begin cleaner{left: ("[FunctionalDependency:(s: {flight}, t: {sched_arr_time})]", 0.0), operator: *, right: (1.0, 1.0), result: 0.0}
列 'p' 不存在，对列 sched_arr_time 不过滤，直接选择所有非无效值。
Block processing time: 0.014453 seconds
Computing Block 224 out of 341
Processing Block size=12
begin cleaner{left: ("[FunctionalDependency:(s: {flight}, t: {sched_arr_time})]", 0.0), operator: *, right: (1.0, 1.0), result: 0.0}
列 'p' 不存在，对列 sched_arr_time 不过滤，直接选择所有非无效值。
Block processing time: 0.008637 seconds
Computing Block 229 out of 341
Processing Block size=22
begin cleaner{left: ("[FunctionalDependency:(s: {flight}, t: {sched_arr_time})]", 0.0), operator: *, right: (1.0, 1.0), result: 0.0}
列 'p' 不存在，对列 sched_arr_time 不过滤，直接选择所有非无效值。
Block processing time: 0.015766 seconds
Computing Block 233 out of 341
Processing Block size=17
begin cleaner{left: ("[FunctionalDependency:(s: {flight}, t: {sched_arr_time})]", 0.0), operator: *, right: (1.0, 1.0), result: 0.0}
列 'p' 不存在，对列 sched_arr_time 不过滤，直接选择所有非无效值。
Block processing time: 0.012148 seconds
Computing Block 235 out of 341
Processing Block size=16
begin cleaner{left: ("[FunctionalDependency:(s: {flight}, t: {sched_arr_time})]", 0.0), operator: *, right: (1.0, 1.0), result: 0.0}
列 'p' 不存在，对列 sched_arr_time 不过滤，直接选择所有非无效值。
Block processing time: 0.011991 seconds
Computing Block 236 out of 341
Processing Block size=17
begin cleaner{left: ("[FunctionalDependency:(s: {flight}, t: {sched_arr_time})]", 0.0), operator: *, right: (1.0, 1.0), result: 0.0}
列 'p' 不存在，对列 sched_arr_time 不过滤，直接选择所有非无效值。
Block processing time: 0.012238 seconds
Computing Block 239 out of 341
Processing Block size=19
begin cleaner{left: ("[FunctionalDependency:(s: {flight}, t: {sched_arr_time})]", 0.0), operator: *, right: (1.0, 1.0), result: 0.0}
列 'p' 不存在，对列 sched_arr_time 不过滤，直接选择所有非无效值。
Block processing time: 0.013624 seconds
Computing Block 242 out of 341
Processing Block size=16
begin cleaner{left: ("[FunctionalDependency:(s: {flight}, t: {sched_arr_time})]", 0.0), operator: *, right: (1.0, 1.0), result: 0.0}
列 'p' 不存在，对列 sched_arr_time 不过滤，直接选择所有非无效值。
Block processing time: 0.011526 seconds
Computing Block 246 out of 341
Processing Block size=19
begin cleaner{left: ("[FunctionalDependency:(s: {flight}, t: {sched_arr_time})]", 0.0), operator: *, right: (1.0, 1.0), result: 0.0}
列 'p' 不存在，对列 sched_arr_time 不过滤，直接选择所有非无效值。
Block processing time: 0.013554 seconds
Computing Block 249 out of 341
Processing Block size=17
begin cleaner{left: ("[FunctionalDependency:(s: {flight}, t: {sched_arr_time})]", 0.0), operator: *, right: (1.0, 1.0), result: 0.0}
WARNING:root:No partitioning rule specified, processing might be slow
列 'p' 不存在，对列 sched_arr_time 不过滤，直接选择所有非无效值。
Block processing time: 0.012278 seconds
Computing Block 253 out of 341
Processing Block size=16
begin cleaner{left: ("[FunctionalDependency:(s: {flight}, t: {sched_arr_time})]", 0.0), operator: *, right: (1.0, 1.0), result: 0.0}
列 'p' 不存在，对列 sched_arr_time 不过滤，直接选择所有非无效值。
Block processing time: 0.0115 seconds
Computing Block 259 out of 341
Processing Block size=11
begin cleaner{left: ("[FunctionalDependency:(s: {flight}, t: {sched_arr_time})]", 0.0), operator: *, right: (1.0, 1.0), result: 0.0}
列 'p' 不存在，对列 sched_arr_time 不过滤，直接选择所有非无效值。
Block processing time: 0.008147 seconds
Computing Block 269 out of 341
Processing Block size=22
begin cleaner{left: ("[FunctionalDependency:(s: {flight}, t: {sched_arr_time})]", 0.0), operator: *, right: (1.0, 1.0), result: 0.0}
列 'p' 不存在，对列 sched_arr_time 不过滤，直接选择所有非无效值。
Block processing time: 0.015798 seconds
Computing Block 270 out of 341
Processing Block size=19
begin cleaner{left: ("[FunctionalDependency:(s: {flight}, t: {sched_arr_time})]", 0.0), operator: *, right: (1.0, 1.0), result: 0.0}
列 'p' 不存在，对列 sched_arr_time 不过滤，直接选择所有非无效值。
Block processing time: 0.013626 seconds
Computing Block 272 out of 341
Processing Block size=17
begin cleaner{left: ("[FunctionalDependency:(s: {flight}, t: {sched_arr_time})]", 0.0), operator: *, right: (1.0, 1.0), result: 0.0}
列 'p' 不存在，对列 sched_arr_time 不过滤，直接选择所有非无效值。
Block processing time: 0.012207 seconds
Computing Block 277 out of 341
Processing Block size=12
begin cleaner{left: ("[FunctionalDependency:(s: {flight}, t: {sched_arr_time})]", 0.0), operator: *, right: (1.0, 1.0), result: 0.0}
列 'p' 不存在，对列 sched_arr_time 不过滤，直接选择所有非无效值。
Block processing time: 0.008652 seconds
Computing Block 278 out of 341
Processing Block size=16
begin cleaner{left: ("[FunctionalDependency:(s: {flight}, t: {sched_arr_time})]", 0.0), operator: *, right: (1.0, 1.0), result: 0.0}
列 'p' 不存在，对列 sched_arr_time 不过滤，直接选择所有非无效值。
Block processing time: 0.011639 seconds
Computing Block 285 out of 341
Processing Block size=9
begin cleaner{left: ("[FunctionalDependency:(s: {flight}, t: {sched_arr_time})]", 0.0), operator: *, right: (1.0, 1.0), result: 0.0}
列 'p' 不存在，对列 sched_arr_time 不过滤，直接选择所有非无效值。
Block processing time: 0.006507 seconds
Computing Block 286 out of 341
Processing Block size=16
begin cleaner{left: ("[FunctionalDependency:(s: {flight}, t: {sched_arr_time})]", 0.0), operator: *, right: (1.0, 1.0), result: 0.0}
列 'p' 不存在，对列 sched_arr_time 不过滤，直接选择所有非无效值。
Block processing time: 0.011474 seconds
Computing Block 287 out of 341
Processing Block size=11
begin cleaner{left: ("[FunctionalDependency:(s: {flight}, t: {sched_arr_time})]", 0.0), operator: *, right: (1.0, 1.0), result: 0.0}
列 'p' 不存在，对列 sched_arr_time 不过滤，直接选择所有非无效值。
Block processing time: 0.007993 seconds
Computing Block 288 out of 341
Processing Block size=18
begin cleaner{left: ("[FunctionalDependency:(s: {flight}, t: {sched_arr_time})]", 0.0), operator: *, right: (1.0, 1.0), result: 0.0}
列 'p' 不存在，对列 sched_arr_time 不过滤，直接选择所有非无效值。
Block processing time: 0.012964 seconds
Computing Block 296 out of 341
Processing Block size=17
begin cleaner{left: ("[FunctionalDependency:(s: {flight}, t: {sched_arr_time})]", 0.0), operator: *, right: (1.0, 1.0), result: 0.0}
列 'p' 不存在，对列 sched_arr_time 不过滤，直接选择所有非无效值。
Block processing time: 0.012252 seconds
Computing Block 297 out of 341
Processing Block size=18
begin cleaner{left: ("[FunctionalDependency:(s: {flight}, t: {sched_arr_time})]", 0.0), operator: *, right: (1.0, 1.0), result: 0.0}
列 'p' 不存在，对列 sched_arr_time 不过滤，直接选择所有非无效值。
Block processing time: 0.013034 seconds
Computing Block 300 out of 341
Processing Block size=15
begin cleaner{left: ("[FunctionalDependency:(s: {flight}, t: {sched_arr_time})]", 0.0), operator: *, right: (1.0, 1.0), result: 0.0}
列 'p' 不存在，对列 sched_arr_time 不过滤，直接选择所有非无效值。
Block processing time: 0.010865 seconds
Computing Block 312 out of 341
Processing Block size=20
begin cleaner{left: ("[FunctionalDependency:(s: {flight}, t: {sched_arr_time})]", 0.0), operator: *, right: (1.0, 1.0), result: 0.0}
列 'p' 不存在，对列 sched_arr_time 不过滤，直接选择所有非无效值。
Block processing time: 0.014651 seconds
Computing Block 323 out of 341
Processing Block size=18
begin cleaner{left: ("[FunctionalDependency:(s: {flight}, t: {sched_arr_time})]", 0.0), operator: *, right: (1.0, 1.0), result: 0.0}
列 'p' 不存在，对列 sched_arr_time 不过滤，直接选择所有非无效值。
Block processing time: 0.013047 seconds
Computing Block 324 out of 341
Processing Block size=12
begin cleaner{left: ("[FunctionalDependency:(s: {flight}, t: {sched_arr_time})]", 0.0), operator: *, right: (1.0, 1.0), result: 0.0}
列 'p' 不存在，对列 sched_arr_time 不过滤，直接选择所有非无效值。
Block processing time: 0.008736 seconds
Computing Block 328 out of 341
Processing Block size=15
begin cleaner{left: ("[FunctionalDependency:(s: {flight}, t: {sched_arr_time})]", 0.0), operator: *, right: (1.0, 1.0), result: 0.0}
列 'p' 不存在，对列 sched_arr_time 不过滤，直接选择所有非无效值。
Block processing time: 0.010939 seconds
Computing Block 329 out of 341
Processing Block size=18
begin cleaner{left: ("[FunctionalDependency:(s: {flight}, t: {sched_arr_time})]", 0.0), operator: *, right: (1.0, 1.0), result: 0.0}
列 'p' 不存在，对列 sched_arr_time 不过滤，直接选择所有非无效值。
Block processing time: 0.013188 seconds
Computing Block 330 out of 341
Processing Block size=21
begin cleaner{left: ("[FunctionalDependency:(s: {flight}, t: {sched_arr_time})]", 0.0), operator: *, right: (1.0, 1.0), result: 0.0}
列 'p' 不存在，对列 sched_arr_time 不过滤，直接选择所有非无效值。
Block processing time: 0.015217 seconds
Computing Block 332 out of 341
Processing Block size=19
begin cleaner{left: ("[FunctionalDependency:(s: {flight}, t: {sched_arr_time})]", 0.0), operator: *, right: (1.0, 1.0), result: 0.0}
列 'p' 不存在，对列 sched_arr_time 不过滤，直接选择所有非无效值。
Block processing time: 0.01379 seconds
Computing Block 333 out of 341
Processing Block size=18
begin cleaner{left: ("[FunctionalDependency:(s: {flight}, t: {sched_arr_time})]", 0.0), operator: *, right: (1.0, 1.0), result: 0.0}
列 'p' 不存在，对列 sched_arr_time 不过滤，直接选择所有非无效值。
Block processing time: 0.013037 seconds
Computing Block 336 out of 341
Processing Block size=14
begin cleaner{left: ("[FunctionalDependency:(s: {flight}, t: {sched_arr_time})]", 0.0), operator: *, right: (1.0, 1.0), result: 0.0}
列 'p' 不存在，对列 sched_arr_time 不过滤，直接选择所有非无效值。
Block processing time: 0.010169 seconds
  当前节点: sched_arr_time 无清洗操作
  当前节点: act_arr_time 存在可用清洗信号
数据块大小: 2376
分块属性:
[['flight']]
Starting initial block mapping...
Initial number of blocks: 341
Final number of blocks after further splitting: 341
Computing Block 1 out of 341
Processing Block size=11
begin cleaner[FunctionalDependency:(s: {'flight'}, t: {'act_arr_time'})]*1.0
列 'p' 不存在，对列 act_arr_time 不过滤，直接选择所有非无效值。
Block processing time: 0.008507 seconds
Computing Block 2 out of 341
Processing Block size=16
begin cleaner{left: ("[FunctionalDependency:(s: {flight}, t: {act_arr_time})]", 0.0), operator: *, right: (1.0, 1.0), result: 0.0}
列 'p' 不存在，对列 act_arr_time 不过滤，直接选择所有非无效值。
Block processing time: 0.012027 seconds
Computing Block 9 out of 341
Processing Block size=18
begin cleaner{left: ("[FunctionalDependency:(s: {flight}, t: {act_arr_time})]", 0.0), operator: *, right: (1.0, 1.0), result: 0.0}
列 'p' 不存在，对列 act_arr_time 不过滤，直接选择所有非无效值。
Block processing time: 0.013472 seconds
Computing Block 10 out of 341
Processing Block size=19
begin cleaner{left: ("[FunctionalDependency:(s: {flight}, t: {act_arr_time})]", 0.0), operator: *, right: (1.0, 1.0), result: 0.0}
列 'p' 不存在，对列 act_arr_time 不过滤，直接选择所有非无效值。
Block processing time: 0.014145 seconds
Computing Block 13 out of 341
Processing Block size=20
begin cleaner{left: ("[FunctionalDependency:(s: {flight}, t: {act_arr_time})]", 0.0), operator: *, right: (1.0, 1.0), result: 0.0}
列 'p' 不存在，对列 act_arr_time 不过滤，直接选择所有非无效值。
Block processing time: 0.014863 seconds
Computing Block 16 out of 341
Processing Block size=21
begin cleaner{left: ("[FunctionalDependency:(s: {flight}, t: {act_arr_time})]", 0.0), operator: *, right: (1.0, 1.0), result: 0.0}
列 'p' 不存在，对列 act_arr_time 不过滤，直接选择所有非无效值。
Block processing time: 0.015614 seconds
Computing Block 17 out of 341
Processing Block size=18
begin cleaner{left: ("[FunctionalDependency:(s: {flight}, t: {act_arr_time})]", 0.0), operator: *, right: (1.0, 1.0), result: 0.0}
列 'p' 不存在，对列 act_arr_time 不过滤，直接选择所有非无效值。
Block processing time: 0.013405 seconds
Computing Block 20 out of 341
Processing Block size=19
begin cleaner{left: ("[FunctionalDependency:(s: {flight}, t: {act_arr_time})]", 0.0), operator: *, right: (1.0, 1.0), result: 0.0}
列 'p' 不存在，对列 act_arr_time 不过滤，直接选择所有非无效值。
Block processing time: 0.014142 seconds
Computing Block 30 out of 341
Processing Block size=20
begin cleaner{left: ("[FunctionalDependency:(s: {flight}, t: {act_arr_time})]", 0.0), operator: *, right: (1.0, 1.0), result: 0.0}
列 'p' 不存在，对列 act_arr_time 不过滤，直接选择所有非无效值。
Block processing time: 0.014882 seconds
Computing Block 32 out of 341
Processing Block size=21
begin cleaner{left: ("[FunctionalDependency:(s: {flight}, t: {act_arr_time})]", 0.0), operator: *, right: (1.0, 1.0), result: 0.0}
列 'p' 不存在，对列 act_arr_time 不过滤，直接选择所有非无效值。
Block processing time: 0.015666 seconds
Computing Block 35 out of 341
Processing Block size=18
begin cleaner{left: ("[FunctionalDependency:(s: {flight}, t: {act_arr_time})]", 0.0), operator: *, right: (1.0, 1.0), result: 0.0}
列 'p' 不存在，对列 act_arr_time 不过滤，直接选择所有非无效值。
Block processing time: 0.013516 seconds
Computing Block 39 out of 341
Processing Block size=17
begin cleaner{left: ("[FunctionalDependency:(s: {flight}, t: {act_arr_time})]", 0.0), operator: *, right: (1.0, 1.0), result: 0.0}
列 'p' 不存在，对列 act_arr_time 不过滤，直接选择所有非无效值。
Block processing time: 0.012696 seconds
Computing Block 45 out of 341
Processing Block size=22
begin cleaner{left: ("[FunctionalDependency:(s: {flight}, t: {act_arr_time})]", 0.0), operator: *, right: (1.0, 1.0), result: 0.0}
列 'p' 不存在，对列 act_arr_time 不过滤，直接选择所有非无效值。
Block processing time: 0.016515 seconds
Computing Block 46 out of 341
Processing Block size=19
begin cleaner{left: ("[FunctionalDependency:(s: {flight}, t: {act_arr_time})]", 0.0), operator: *, right: (1.0, 1.0), result: 0.0}
列 'p' 不存在，对列 act_arr_time 不过滤，直接选择所有非无效值。
Block processing time: 0.014136 seconds
Computing Block 55 out of 341
Processing Block size=21
begin cleaner{left: ("[FunctionalDependency:(s: {flight}, t: {act_arr_time})]", 0.0), operator: *, right: (1.0, 1.0), result: 0.0}
列 'p' 不存在，对列 act_arr_time 不过滤，直接选择所有非无效值。
Block processing time: 0.015659 seconds
Computing Block 58 out of 341
Processing Block size=18
begin cleaner{left: ("[FunctionalDependency:(s: {flight}, t: {act_arr_time})]", 0.0), operator: *, right: (1.0, 1.0), result: 0.0}
列 'p' 不存在，对列 act_arr_time 不过滤，直接选择所有非无效值。
Block processing time: 0.013383 seconds
Computing Block 60 out of 341
Processing Block size=15
begin cleaner{left: ("[FunctionalDependency:(s: {flight}, t: {act_arr_time})]", 0.0), operator: *, right: (1.0, 1.0), result: 0.0}
列 'p' 不存在，对列 act_arr_time 不过滤，直接选择所有非无效值。
Block processing time: 0.011222 seconds
Computing Block 62 out of 341
Processing Block size=22
begin cleaner{left: ("[FunctionalDependency:(s: {flight}, t: {act_arr_time})]", 0.0), operator: *, right: (1.0, 1.0), result: 0.0}
列 'p' 不存在，对列 act_arr_time 不过滤，直接选择所有非无效值。
Block processing time: 0.016322 seconds
Computing Block 65 out of 341
Processing Block size=19
begin cleaner{left: ("[FunctionalDependency:(s: {flight}, t: {act_arr_time})]", 0.0), operator: *, right: (1.0, 1.0), result: 0.0}
列 'p' 不存在，对列 act_arr_time 不过滤，直接选择所有非无效值。
Block processing time: 0.014302 seconds
Computing Block 66 out of 341
Processing Block size=21
begin cleaner{left: ("[FunctionalDependency:(s: {flight}, t: {act_arr_time})]", 0.0), operator: *, right: (1.0, 1.0), result: 0.0}
列 'p' 不存在，对列 act_arr_time 不过滤，直接选择所有非无效值。
Block processing time: 0.015603 seconds
Computing Block 78 out of 341
Processing Block size=2
begin cleaner{left: ("[FunctionalDependency:(s: {flight}, t: {act_arr_time})]", 0.0), operator: *, right: (1.0, 1.0), result: 0.0}
列 'p' 不存在，对列 act_arr_time 不过滤，直接选择所有非无效值。
Block processing time: 0.001601 seconds
Computing Block 98 out of 341
Processing Block size=15
begin cleaner{left: ("[FunctionalDependency:(s: {flight}, t: {act_arr_time})]", 0.0), operator: *, right: (1.0, 1.0), result: 0.0}
列 'p' 不存在，对列 act_arr_time 不过滤，直接选择所有非无效值。
Block processing time: 0.011242 seconds
Computing Block 100 out of 341
Processing Block size=20
begin cleaner{left: ("[FunctionalDependency:(s: {flight}, t: {act_arr_time})]", 0.0), operator: *, right: (1.0, 1.0), result: 0.0}
列 'p' 不存在，对列 act_arr_time 不过滤，直接选择所有非无效值。
Block processing time: 0.01488 seconds
Computing Block 101 out of 341
Processing Block size=23
begin cleaner{left: ("[FunctionalDependency:(s: {flight}, t: {act_arr_time})]", 0.0), operator: *, right: (1.0, 1.0), result: 0.0}
列 'p' 不存在，对列 act_arr_time 不过滤，直接选择所有非无效值。
Block processing time: 0.017115 seconds
Computing Block 102 out of 341
Processing Block size=18
begin cleaner{left: ("[FunctionalDependency:(s: {flight}, t: {act_arr_time})]", 0.0), operator: *, right: (1.0, 1.0), result: 0.0}
列 'p' 不存在，对列 act_arr_time 不过滤，直接选择所有非无效值。
Block processing time: 0.013452 seconds
Computing Block 104 out of 341
Processing Block size=17
begin cleaner{left: ("[FunctionalDependency:(s: {flight}, t: {act_arr_time})]", 0.0), operator: *, right: (1.0, 1.0), result: 0.0}
列 'p' 不存在，对列 act_arr_time 不过滤，直接选择所有非无效值。
Block processing time: 0.012632 seconds
Computing Block 107 out of 341
Processing Block size=15
begin cleaner{left: ("[FunctionalDependency:(s: {flight}, t: {act_arr_time})]", 0.0), operator: *, right: (1.0, 1.0), result: 0.0}
列 'p' 不存在，对列 act_arr_time 不过滤，直接选择所有非无效值。
Block processing time: 0.01117 seconds
Computing Block 112 out of 341
Processing Block size=18
begin cleaner{left: ("[FunctionalDependency:(s: {flight}, t: {act_arr_time})]", 0.0), operator: *, right: (1.0, 1.0), result: 0.0}
列 'p' 不存在，对列 act_arr_time 不过滤，直接选择所有非无效值。
Block processing time: 0.013447 seconds
Computing Block 114 out of 341
Processing Block size=16
begin cleaner{left: ("[FunctionalDependency:(s: {flight}, t: {act_arr_time})]", 0.0), operator: *, right: (1.0, 1.0), result: 0.0}
列 'p' 不存在，对列 act_arr_time 不过滤，直接选择所有非无效值。
Block processing time: 0.011903 seconds
Computing Block 115 out of 341
Processing Block size=18
begin cleaner{left: ("[FunctionalDependency:(s: {flight}, t: {act_arr_time})]", 0.0), operator: *, right: (1.0, 1.0), result: 0.0}
列 'p' 不存在，对列 act_arr_time 不过滤，直接选择所有非无效值。
Block processing time: 0.013362 seconds
Computing Block 119 out of 341
Processing Block size=16
begin cleaner{left: ("[FunctionalDependency:(s: {flight}, t: {act_arr_time})]", 0.0), operator: *, right: (1.0, 1.0), result: 0.0}
列 'p' 不存在，对列 act_arr_time 不过滤，直接选择所有非无效值。
Block processing time: 0.011885 seconds
Computing Block 120 out of 341
Processing Block size=12
begin cleaner{left: ("[FunctionalDependency:(s: {flight}, t: {act_arr_time})]", 0.0), operator: *, right: (1.0, 1.0), result: 0.0}
列 'p' 不存在，对列 act_arr_time 不过滤，直接选择所有非无效值。
Block processing time: 0.008938 seconds
Computing Block 123 out of 341
Processing Block size=15
begin cleaner{left: ("[FunctionalDependency:(s: {flight}, t: {act_arr_time})]", 0.0), operator: *, right: (1.0, 1.0), result: 0.0}
列 'p' 不存在，对列 act_arr_time 不过滤，直接选择所有非无效值。
Block processing time: 0.011248 seconds
Computing Block 127 out of 341
Processing Block size=18
begin cleaner{left: ("[FunctionalDependency:(s: {flight}, t: {act_arr_time})]", 0.0), operator: *, right: (1.0, 1.0), result: 0.0}
列 'p' 不存在，对列 act_arr_time 不过滤，直接选择所有非无效值。
Block processing time: 0.013528 seconds
Computing Block 129 out of 341
Processing Block size=23
begin cleaner{left: ("[FunctionalDependency:(s: {flight}, t: {act_arr_time})]", 0.0), operator: *, right: (1.0, 1.0), result: 0.0}
列 'p' 不存在，对列 act_arr_time 不过滤，直接选择所有非无效值。
Block processing time: 0.01724 seconds
Computing Block 130 out of 341
Processing Block size=20
begin cleaner{left: ("[FunctionalDependency:(s: {flight}, t: {act_arr_time})]", 0.0), operator: *, right: (1.0, 1.0), result: 0.0}
列 'p' 不存在，对列 act_arr_time 不过滤，直接选择所有非无效值。
Block processing time: 0.015343 seconds
Computing Block 131 out of 341
Processing Block size=18
begin cleaner{left: ("[FunctionalDependency:(s: {flight}, t: {act_arr_time})]", 0.0), operator: *, right: (1.0, 1.0), result: 0.0}
列 'p' 不存在，对列 act_arr_time 不过滤，直接选择所有非无效值。
Block processing time: 0.013572 seconds
Computing Block 137 out of 341
Processing Block size=19
begin cleaner{left: ("[FunctionalDependency:(s: {flight}, t: {act_arr_time})]", 0.0), operator: *, right: (1.0, 1.0), result: 0.0}
列 'p' 不存在，对列 act_arr_time 不过滤，直接选择所有非无效值。
Block processing time: 0.01422 seconds
Computing Block 142 out of 341
Processing Block size=18
begin cleaner{left: ("[FunctionalDependency:(s: {flight}, t: {act_arr_time})]", 0.0), operator: *, right: (1.0, 1.0), result: 0.0}
列 'p' 不存在，对列 act_arr_time 不过滤，直接选择所有非无效值。
Block processing time: 0.013546 seconds
Computing Block 151 out of 341
Processing Block size=22
begin cleaner{left: ("[FunctionalDependency:(s: {flight}, t: {act_arr_time})]", 0.0), operator: *, right: (1.0, 1.0), result: 0.0}
列 'p' 不存在，对列 act_arr_time 不过滤，直接选择所有非无效值。
Block processing time: 0.016529 seconds
Computing Block 152 out of 341
Processing Block size=15
begin cleaner{left: ("[FunctionalDependency:(s: {flight}, t: {act_arr_time})]", 0.0), operator: *, right: (1.0, 1.0), result: 0.0}
列 'p' 不存在，对列 act_arr_time 不过滤，直接选择所有非无效值。
Block processing time: 0.011354 seconds
Computing Block 155 out of 341
Processing Block size=17
begin cleaner{left: ("[FunctionalDependency:(s: {flight}, t: {act_arr_time})]", 0.0), operator: *, right: (1.0, 1.0), result: 0.0}
列 'p' 不存在，对列 act_arr_time 不过滤，直接选择所有非无效值。
Block processing time: 0.012752 seconds
Computing Block 156 out of 341
Processing Block size=23
begin cleaner{left: ("[FunctionalDependency:(s: {flight}, t: {act_arr_time})]", 0.0), operator: *, right: (1.0, 1.0), result: 0.0}
列 'p' 不存在，对列 act_arr_time 不过滤，直接选择所有非无效值。
Block processing time: 0.01715 seconds
Computing Block 160 out of 341
Processing Block size=20
begin cleaner{left: ("[FunctionalDependency:(s: {flight}, t: {act_arr_time})]", 0.0), operator: *, right: (1.0, 1.0), result: 0.0}
列 'p' 不存在，对列 act_arr_time 不过滤，直接选择所有非无效值。
Block processing time: 0.014968 seconds
Computing Block 162 out of 341
Processing Block size=20
begin cleaner{left: ("[FunctionalDependency:(s: {flight}, t: {act_arr_time})]", 0.0), operator: *, right: (1.0, 1.0), result: 0.0}
列 'p' 不存在，对列 act_arr_time 不过滤，直接选择所有非无效值。
Block processing time: 0.015063 seconds
Computing Block 165 out of 341
Processing Block size=15
begin cleaner{left: ("[FunctionalDependency:(s: {flight}, t: {act_arr_time})]", 0.0), operator: *, right: (1.0, 1.0), result: 0.0}
列 'p' 不存在，对列 act_arr_time 不过滤，直接选择所有非无效值。
Block processing time: 0.011314 seconds
Computing Block 167 out of 341
Processing Block size=17
begin cleaner{left: ("[FunctionalDependency:(s: {flight}, t: {act_arr_time})]", 0.0), operator: *, right: (1.0, 1.0), result: 0.0}
列 'p' 不存在，对列 act_arr_time 不过滤，直接选择所有非无效值。
Block processing time: 0.012706 seconds
Computing Block 168 out of 341
Processing Block size=21
begin cleaner{left: ("[FunctionalDependency:(s: {flight}, t: {act_arr_time})]", 0.0), operator: *, right: (1.0, 1.0), result: 0.0}
列 'p' 不存在，对列 act_arr_time 不过滤，直接选择所有非无效值。
Block processing time: 0.01564 seconds
Computing Block 169 out of 341
Processing Block size=15
begin cleaner{left: ("[FunctionalDependency:(s: {flight}, t: {act_arr_time})]", 0.0), operator: *, right: (1.0, 1.0), result: 0.0}
列 'p' 不存在，对列 act_arr_time 不过滤，直接选择所有非无效值。
Block processing time: 0.011184 seconds
Computing Block 170 out of 341
Processing Block size=13
begin cleaner{left: ("[FunctionalDependency:(s: {flight}, t: {act_arr_time})]", 0.0), operator: *, right: (1.0, 1.0), result: 0.0}
列 'p' 不存在，对列 act_arr_time 不过滤，直接选择所有非无效值。
Block processing time: 0.009736 seconds
Computing Block 174 out of 341
Processing Block size=19
begin cleaner{left: ("[FunctionalDependency:(s: {flight}, t: {act_arr_time})]", 0.0), operator: *, right: (1.0, 1.0), result: 0.0}
列 'p' 不存在，对列 act_arr_time 不过滤，直接选择所有非无效值。
Block processing time: 0.014108 seconds
Computing Block 175 out of 341
Processing Block size=17
begin cleaner{left: ("[FunctionalDependency:(s: {flight}, t: {act_arr_time})]", 0.0), operator: *, right: (1.0, 1.0), result: 0.0}
列 'p' 不存在，对列 act_arr_time 不过滤，直接选择所有非无效值。
Block processing time: 0.012656 seconds
Computing Block 177 out of 341
Processing Block size=18
begin cleaner{left: ("[FunctionalDependency:(s: {flight}, t: {act_arr_time})]", 0.0), operator: *, right: (1.0, 1.0), result: 0.0}
列 'p' 不存在，对列 act_arr_time 不过滤，直接选择所有非无效值。
Block processing time: 0.013396 seconds
Computing Block 178 out of 341
Processing Block size=24
begin cleaner{left: ("[FunctionalDependency:(s: {flight}, t: {act_arr_time})]", 0.0), operator: *, right: (1.0, 1.0), result: 0.0}
列 'p' 不存在，对列 act_arr_time 不过滤，直接选择所有非无效值。
Block processing time: 0.018023 seconds
Computing Block 179 out of 341
Processing Block size=20
begin cleaner{left: ("[FunctionalDependency:(s: {flight}, t: {act_arr_time})]", 0.0), operator: *, right: (1.0, 1.0), result: 0.0}
列 'p' 不存在，对列 act_arr_time 不过滤，直接选择所有非无效值。
Block processing time: 0.01509 seconds
Computing Block 180 out of 341
Processing Block size=20
begin cleaner{left: ("[FunctionalDependency:(s: {flight}, t: {act_arr_time})]", 0.0), operator: *, right: (1.0, 1.0), result: 0.0}
列 'p' 不存在，对列 act_arr_time 不过滤，直接选择所有非无效值。
Block processing time: 0.015132 seconds
Computing Block 182 out of 341
Processing Block size=20
begin cleaner{left: ("[FunctionalDependency:(s: {flight}, t: {act_arr_time})]", 0.0), operator: *, right: (1.0, 1.0), result: 0.0}
列 'p' 不存在，对列 act_arr_time 不过滤，直接选择所有非无效值。
Block processing time: 0.015035 seconds
Computing Block 184 out of 341
Processing Block size=15
begin cleaner{left: ("[FunctionalDependency:(s: {flight}, t: {act_arr_time})]", 0.0), operator: *, right: (1.0, 1.0), result: 0.0}
列 'p' 不存在，对列 act_arr_time 不过滤，直接选择所有非无效值。
Block processing time: 0.011307 seconds
Computing Block 185 out of 341
Processing Block size=20
begin cleaner{left: ("[FunctionalDependency:(s: {flight}, t: {act_arr_time})]", 0.0), operator: *, right: (1.0, 1.0), result: 0.0}
列 'p' 不存在，对列 act_arr_time 不过滤，直接选择所有非无效值。
Block processing time: 0.014984 seconds
Computing Block 190 out of 341
Processing Block size=23
begin cleaner{left: ("[FunctionalDependency:(s: {flight}, t: {act_arr_time})]", 0.0), operator: *, right: (1.0, 1.0), result: 0.0}
列 'p' 不存在，对列 act_arr_time 不过滤，直接选择所有非无效值。
Block processing time: 0.016654 seconds
Computing Block 194 out of 341
Processing Block size=17
begin cleaner{left: ("[FunctionalDependency:(s: {flight}, t: {act_arr_time})]", 0.0), operator: *, right: (1.0, 1.0), result: 0.0}
列 'p' 不存在，对列 act_arr_time 不过滤，直接选择所有非无效值。
Block processing time: 0.012245 seconds
Computing Block 196 out of 341
Processing Block size=19
begin cleaner{left: ("[FunctionalDependency:(s: {flight}, t: {act_arr_time})]", 0.0), operator: *, right: (1.0, 1.0), result: 0.0}
列 'p' 不存在，对列 act_arr_time 不过滤，直接选择所有非无效值。
Block processing time: 0.013733 seconds
Computing Block 198 out of 341
Processing Block size=19
begin cleaner{left: ("[FunctionalDependency:(s: {flight}, t: {act_arr_time})]", 0.0), operator: *, right: (1.0, 1.0), result: 0.0}
列 'p' 不存在，对列 act_arr_time 不过滤，直接选择所有非无效值。
Block processing time: 0.013967 seconds
Computing Block 205 out of 341
Processing Block size=10
begin cleaner{left: ("[FunctionalDependency:(s: {flight}, t: {act_arr_time})]", 0.0), operator: *, right: (1.0, 1.0), result: 0.0}
列 'p' 不存在，对列 act_arr_time 不过滤，直接选择所有非无效值。
Block processing time: 0.007279 seconds
Computing Block 206 out of 341
Processing Block size=24
begin cleaner{left: ("[FunctionalDependency:(s: {flight}, t: {act_arr_time})]", 0.0), operator: *, right: (1.0, 1.0), result: 0.0}
列 'p' 不存在，对列 act_arr_time 不过滤，直接选择所有非无效值。
Block processing time: 0.017422 seconds
Computing Block 211 out of 341
Processing Block size=22
begin cleaner{left: ("[FunctionalDependency:(s: {flight}, t: {act_arr_time})]", 0.0), operator: *, right: (1.0, 1.0), result: 0.0}
列 'p' 不存在，对列 act_arr_time 不过滤，直接选择所有非无效值。
Block processing time: 0.015837 seconds
Computing Block 213 out of 341
Processing Block size=16
begin cleaner{left: ("[FunctionalDependency:(s: {flight}, t: {act_arr_time})]", 0.0), operator: *, right: (1.0, 1.0), result: 0.0}
列 'p' 不存在，对列 act_arr_time 不过滤，直接选择所有非无效值。
Block processing time: 0.011595 seconds
Computing Block 214 out of 341
Processing Block size=22
begin cleaner{left: ("[FunctionalDependency:(s: {flight}, t: {act_arr_time})]", 0.0), operator: *, right: (1.0, 1.0), result: 0.0}
列 'p' 不存在，对列 act_arr_time 不过滤，直接选择所有非无效值。
Block processing time: 0.015811 seconds
Computing Block 218 out of 341
Processing Block size=20
begin cleaner{left: ("[FunctionalDependency:(s: {flight}, t: {act_arr_time})]", 0.0), operator: *, right: (1.0, 1.0), result: 0.0}
列 'p' 不存在，对列 act_arr_time 不过滤，直接选择所有非无效值。
Block processing time: 0.014508 seconds
Computing Block 224 out of 341
Processing Block size=12
begin cleaner{left: ("[FunctionalDependency:(s: {flight}, t: {act_arr_time})]", 0.0), operator: *, right: (1.0, 1.0), result: 0.0}
列 'p' 不存在，对列 act_arr_time 不过滤，直接选择所有非无效值。
Block processing time: 0.008801 seconds
Computing Block 229 out of 341
Processing Block size=22
begin cleaner{left: ("[FunctionalDependency:(s: {flight}, t: {act_arr_time})]", 0.0), operator: *, right: (1.0, 1.0), result: 0.0}
列 'p' 不存在，对列 act_arr_time 不过滤，直接选择所有非无效值。
Block processing time: 0.015844 seconds
Computing Block 233 out of 341
Processing Block size=17
begin cleaner{left: ("[FunctionalDependency:(s: {flight}, t: {act_arr_time})]", 0.0), operator: *, right: (1.0, 1.0), result: 0.0}
列 'p' 不存在，对列 act_arr_time 不过滤，直接选择所有非无效值。
Block processing time: 0.012284 seconds
Computing Block 235 out of 341
Processing Block size=16
begin cleaner{left: ("[FunctionalDependency:(s: {flight}, t: {act_arr_time})]", 0.0), operator: *, right: (1.0, 1.0), result: 0.0}
列 'p' 不存在，对列 act_arr_time 不过滤，直接选择所有非无效值。
Block processing time: 0.011586 seconds
Computing Block 236 out of 341
Processing Block size=17
begin cleaner{left: ("[FunctionalDependency:(s: {flight}, t: {act_arr_time})]", 0.0), operator: *, right: (1.0, 1.0), result: 0.0}
列 'p' 不存在，对列 act_arr_time 不过滤，直接选择所有非无效值。
Block processing time: 0.012352 seconds
Computing Block 239 out of 341
Processing Block size=19
begin cleaner{left: ("[FunctionalDependency:(s: {flight}, t: {act_arr_time})]", 0.0), operator: *, right: (1.0, 1.0), result: 0.0}
列 'p' 不存在，对列 act_arr_time 不过滤，直接选择所有非无效值。
Block processing time: 0.013733 seconds
Computing Block 242 out of 341
Processing Block size=16
begin cleaner{left: ("[FunctionalDependency:(s: {flight}, t: {act_arr_time})]", 0.0), operator: *, right: (1.0, 1.0), result: 0.0}
列 'p' 不存在，对列 act_arr_time 不过滤，直接选择所有非无效值。
Block processing time: 0.011666 seconds
Computing Block 246 out of 341
Processing Block size=19
begin cleaner{left: ("[FunctionalDependency:(s: {flight}, t: {act_arr_time})]", 0.0), operator: *, right: (1.0, 1.0), result: 0.0}
列 'p' 不存在，对列 act_arr_time 不过滤，直接选择所有非无效值。
Block processing time: 0.013651 seconds
Computing Block 249 out of 341
Processing Block size=17
begin cleaner{left: ("[FunctionalDependency:(s: {flight}, t: {act_arr_time})]", 0.0), operator: *, right: (1.0, 1.0), result: 0.0}
列 'p' 不存在，对列 act_arr_time 不过滤，直接选择所有非无效值。
Block processing time: 0.012494 seconds
Computing Block 253 out of 341
Processing Block size=16
begin cleaner{left: ("[FunctionalDependency:(s: {flight}, t: {act_arr_time})]", 0.0), operator: *, right: (1.0, 1.0), result: 0.0}
列 'p' 不存在，对列 act_arr_time 不过滤，直接选择所有非无效值。
Block processing time: 0.011869 seconds
Computing Block 259 out of 341
Processing Block size=11
begin cleaner{left: ("[FunctionalDependency:(s: {flight}, t: {act_arr_time})]", 0.0), operator: *, right: (1.0, 1.0), result: 0.0}
列 'p' 不存在，对列 act_arr_time 不过滤，直接选择所有非无效值。
Block processing time: 0.008021 seconds
Computing Block 269 out of 341
Processing Block size=22
begin cleaner{left: ("[FunctionalDependency:(s: {flight}, t: {act_arr_time})]", 0.0), operator: *, right: (1.0, 1.0), result: 0.0}
列 'p' 不存在，对列 act_arr_time 不过滤，直接选择所有非无效值。
Block processing time: 0.015889 seconds
Computing Block 270 out of 341
Processing Block size=19
begin cleaner{left: ("[FunctionalDependency:(s: {flight}, t: {act_arr_time})]", 0.0), operator: *, right: (1.0, 1.0), result: 0.0}
列 'p' 不存在，对列 act_arr_time 不过滤，直接选择所有非无效值。
Block processing time: 0.013806 seconds
Computing Block 272 out of 341
Processing Block size=17
begin cleaner{left: ("[FunctionalDependency:(s: {flight}, t: {act_arr_time})]", 0.0), operator: *, right: (1.0, 1.0), result: 0.0}
列 'p' 不存在，对列 act_arr_time 不过滤，直接选择所有非无效值。
Block processing time: 0.012339 seconds
Computing Block 277 out of 341
Processing Block size=12
begin cleaner{left: ("[FunctionalDependency:(s: {flight}, t: {act_arr_time})]", 0.0), operator: *, right: (1.0, 1.0), result: 0.0}
列 'p' 不存在，对列 act_arr_time 不过滤，直接选择所有非无效值。
Block processing time: 0.008725 seconds
Computing Block 278 out of 341
Processing Block size=16
begin cleaner{left: ("[FunctionalDependency:(s: {flight}, t: {act_arr_time})]", 0.0), operator: *, right: (1.0, 1.0), result: 0.0}
列 'p' 不存在，对列 act_arr_time 不过滤，直接选择所有非无效值。
Block processing time: 0.011647 seconds
Computing Block 285 out of 341
Processing Block size=9
begin cleaner{left: ("[FunctionalDependency:(s: {flight}, t: {act_arr_time})]", 0.0), operator: *, right: (1.0, 1.0), result: 0.0}
列 'p' 不存在，对列 act_arr_time 不过滤，直接选择所有非无效值。
Block processing time: 0.006516 seconds
Computing Block 286 out of 341
Processing Block size=16
begin cleaner{left: ("[FunctionalDependency:(s: {flight}, t: {act_arr_time})]", 0.0), operator: *, right: (1.0, 1.0), result: 0.0}
列 'p' 不存在，对列 act_arr_time 不过滤，直接选择所有非无效值。
Block processing time: 0.011572 seconds
Computing Block 287 out of 341
Processing Block size=11
begin cleaner{left: ("[FunctionalDependency:(s: {flight}, t: {act_arr_time})]", 0.0), operator: *, right: (1.0, 1.0), result: 0.0}
列 'p' 不存在，对列 act_arr_time 不过滤，直接选择所有非无效值。
Block processing time: 0.008044 seconds
Computing Block 288 out of 341
Processing Block size=18
begin cleaner{left: ("[FunctionalDependency:(s: {flight}, t: {act_arr_time})]", 0.0), operator: *, right: (1.0, 1.0), result: 0.0}
列 'p' 不存在，对列 act_arr_time 不过滤，直接选择所有非无效值。
Block processing time: 0.013326 seconds
Computing Block 296 out of 341
Processing Block size=17
begin cleaner{left: ("[FunctionalDependency:(s: {flight}, t: {act_arr_time})]", 0.0), operator: *, right: (1.0, 1.0), result: 0.0}
列 'p' 不存在，对列 act_arr_time 不过滤，直接选择所有非无效值。
Block processing time: 0.01234 seconds
Computing Block 297 out of 341
Processing Block size=18
begin cleaner{left: ("[FunctionalDependency:(s: {flight}, t: {act_arr_time})]", 0.0), operator: *, right: (1.0, 1.0), result: 0.0}
列 'p' 不存在，对列 act_arr_time 不过滤，直接选择所有非无效值。
Block processing time: 0.013021 seconds
Computing Block 300 out of 341
Processing Block size=15
begin cleaner{left: ("[FunctionalDependency:(s: {flight}, t: {act_arr_time})]", 0.0), operator: *, right: (1.0, 1.0), result: 0.0}
列 'p' 不存在，对列 act_arr_time 不过滤，直接选择所有非无效值。
Block processing time: 0.010837 seconds
Computing Block 312 out of 341
Processing Block size=20
begin cleaner{left: ("[FunctionalDependency:(s: {flight}, t: {act_arr_time})]", 0.0), operator: *, right: (1.0, 1.0), result: 0.0}
列 'p' 不存在，对列 act_arr_time 不过滤，直接选择所有非无效值。
Block processing time: 0.014531 seconds
Computing Block 323 out of 341
Processing Block size=18
begin cleaner{left: ("[FunctionalDependency:(s: {flight}, t: {act_arr_time})]", 0.0), operator: *, right: (1.0, 1.0), result: 0.0}
列 'p' 不存在，对列 act_arr_time 不过滤，直接选择所有非无效值。
Block processing time: 0.012924 seconds
Computing Block 324 out of 341
Processing Block size=12
begin cleaner{left: ("[FunctionalDependency:(s: {flight}, t: {act_arr_time})]", 0.0), operator: *, right: (1.0, 1.0), result: 0.0}
列 'p' 不存在，对列 act_arr_time 不过滤，直接选择所有非无效值。
Block processing time: 0.00866 seconds
Computing Block 328 out of 341
Processing Block size=15
begin cleaner{left: ("[FunctionalDependency:(s: {flight}, t: {act_arr_time})]", 0.0), operator: *, right: (1.0, 1.0), result: 0.0}
列 'p' 不存在，对列 act_arr_time 不过滤，直接选择所有非无效值。
Block processing time: 0.010787 seconds
Computing Block 329 out of 341
Processing Block size=18
begin cleaner{left: ("[FunctionalDependency:(s: {flight}, t: {act_arr_time})]", 0.0), operator: *, right: (1.0, 1.0), result: 0.0}
列 'p' 不存在，对列 act_arr_time 不过滤，直接选择所有非无效值。
Block processing time: 0.012944 seconds
Computing Block 330 out of 341
Processing Block size=21
begin cleaner{left: ("[FunctionalDependency:(s: {flight}, t: {act_arr_time})]", 0.0), operator: *, right: (1.0, 1.0), result: 0.0}
列 'p' 不存在，对列 act_arr_time 不过滤，直接选择所有非无效值。
Block processing time: 0.015083 seconds
Computing Block 332 out of 341
Processing Block size=19
begin cleaner{left: ("[FunctionalDependency:(s: {flight}, t: {act_arr_time})]", 0.0), operator: *, right: (1.0, 1.0), result: 0.0}
列 'p' 不存在，对列 act_arr_time 不过滤，直接选择所有非无效值。
Block processing time: 0.013633 seconds
Computing Block 333 out of 341
Processing Block size=18
begin cleaner{left: ("[FunctionalDependency:(s: {flight}, t: {act_arr_time})]", 0.0), operator: *, right: (1.0, 1.0), result: 0.0}
列 'p' 不存在，对列 act_arr_time 不过滤，直接选择所有非无效值。
Block processing time: 0.012927 seconds
Computing Block 336 out of 341
Processing Block size=14
begin cleaner{left: ("[FunctionalDependency:(s: {flight}, t: {act_arr_time})]", 0.0), operator: *, right: (1.0, 1.0), result: 0.0}
列 'p' 不存在，对列 act_arr_time 不过滤，直接选择所有非无效值。
Block processing time: 0.010263 seconds
  当前节点: act_arr_time 无清洗操作
['sched_dep_time', 'act_dep_time', 'sched_arr_time', 'act_arr_time']的清洗完成

本层累积的编辑规则数: 0
本层没有可以进行的清洗操作，进行下一层

清洗规则溯源分析:

处理第 1 层级, 包含节点: ['flight']

处理第 2 层级, 包含节点: ['sched_dep_time', 'act_dep_time', 'sched_arr_time', 'act_arr_time']

清洗流程展示:
关联图存储到: TestDataset/result/train/flights/flights_11/acplt.png
清洗总执行时间: 33.8645 秒
清洗结果已保存到: TestDataset/result/train/flights/flights_11/flights_11Cleaned.csv
已将 4 个时间列格式化为 'h:mm a.m./p.m.'
测评性能开始：
没有指定错误比例，仅进行原数据集的空值替换，不添加错误
已将注入错误的文件保存到: TestDataset/result/train/flights/flights_11/flights_11Cleaned.csv
差异文件已保存到:
TestDataset/result/train/flights/flights_11/flights_11_clean_vs_dirty.csv
TestDataset/result/train/flights/flights_11/flights_11_dirty_vs_cleaned.csv
TestDataset/result/train/flights/flights_11/flights_11_clean_vs_cleaned.csv
修复错误数据文件已保存到: TestDataset/result/train/flights/flights_11/flights_11_repair_errors.csv
未修复但是应该修复数据文件已保存到: TestDataset/result/train/flights/flights_11/flights_11_unrepaired.csv
修复准确率: 0.992393509127789, 修复召回率: 0.5491021324354658, F1值: 0.7070086704743661
========================================
EDR 结果已保存到: TestDataset/result/train/flights/flights_11/flights_11_edr_evaluation.txt
错误减少率 (EDR): 0.5491021324354658
========================================
混合距离结果已保存到: TestDataset/result/train/flights/flights_11/flights_11_hybrid_distance_evaluation.txt
混合距离 (Hybrid Distance): 0.19280812151044904
========================================
R-EDR 结果已保存到: TestDataset/result/train/flights/flights_11/flights_11_record_based_edr_evaluation.txt
基于条目的错误减少率 (R-EDR): 0.4619315278487481
========================================
测试结果:
Accuracy: 0.992393509127789
Recall: 0.5491021324354658
F1 Score: 0.7070086704743661
EDR: 0.5491021324354658
Hybrid Distance: 0.19280812151044904
R-EDR: 0.4619315278487481
time(s): 33.864492833
speed: 1.4252732673821549 seconds/100num
测评结束，详细测评日志见：TestDataset/result/train/flights/flights_11
