26/04/29 16:30:45 WARN Utils: Your hostname, qianzekaideMacBook-Air.local resolves to a loopback address: 127.0.0.1; using 192.168.3.1 instead (on interface bridge0)
26/04/29 16:30:45 WARN Utils: Set SPARK_LOCAL_IP if you need to bind to another address
26/04/29 16:30:46 WARN NativeCodeLoader: Unable to load native-hadoop library for your platform... using builtin-java classes where applicable
Using Spark's default log4j profile: org/apache/spark/log4j-defaults.properties
Setting default log level to "WARN".
To adjust logging level use sc.setLogLevel(newLevel). For SparkR, use setLogLevel(newLevel).
WARNING:root:No partitioning rule specified, processing might be slow
WARNING:root:No partitioning rule specified, processing might be slow
WARNING:root:No partitioning rule specified, processing might be slow
初始化清洗器和分析依赖关系...
处理单属性清洗算子：
处理单属性清洗算子：[Number:(domain=ounces, format=[-inf, inf])]
开始清洗属性 ounces 的数据
属性 ounces 的数据大小: 134
应用 ounces 的清洗规则，编辑规则数量: 133
读入数据大小：2410
处理了 133 条规则，更新数据...
所有编辑规则已更新完成
处理单属性清洗算子：[Number:(domain=abv, format=[-inf, inf])]
开始清洗属性 abv 的数据
属性 abv 的数据大小: 204
应用 abv 的清洗规则，编辑规则数量: 203
读入数据大小：2410
处理了 203 条规则，更新数据...
所有编辑规则已更新完成
执行层级和目标模型分类...
执行层级 (并行组): [[{'brewery_id'}], [{'brewery_name'}, {'city'}, {'state'}]]
目标模型分类: {'brewery_name': [<SampleScrubber.cleaner.multiple.AttrRelation object at 0x145bc5b80>], 'city': [<SampleScrubber.cleaner.multiple.AttrRelation object at 0x145bc5100>], 'state': [<SampleScrubber.cleaner.multiple.AttrRelation object at 0x145bc5df0>]}

处理第 1 层级, 包含节点: ['brewery_id']
  当前节点: brewery_id 无可用清洗信号
  当前节点: brewery_id 无清洗操作
['brewery_id']的清洗完成

本层累积的编辑规则数: 0
本层没有可以进行的清洗操作，进行下一层

处理第 2 层级, 包含节点: ['brewery_name', 'city', 'state']
  当前节点: brewery_name 存在可用清洗信号
数据块大小: 2410
分块属性:
[['brewery_id']]
Starting initial block mapping...
Initial number of blocks: 663
Final number of blocks after further splitting: 663
Computing Block 1 out of 663
Processing Block size=8
begin cleaner[FunctionalDependency:(s: {'brewery_id'}, t: {'brewery_name'})]*1.0
列 'p' 不存在，对列 brewery_name 不过滤，直接选择所有非无效值。
clean_bool length:3
newest best op: Uniop(df,'brewery_name','Crazy Mountain @@Brewing Company',(['brewery_id'], {('63',)}),{left: ("[FunctionalDependency:(s: {brewery_id}, t: {brewery_name})]", 0.0), operator: *, right: (1.0, 1.0), result: 0.0})
now error: 0.0
newest best op: Uniop(df,'brewery_name','Crazy Mountain Brewing Company',(['brewery_id'], {('63',)}),{left: ("[FunctionalDependency:(s: {brewery_id}, t: {brewery_name})]", 0.0), operator: *, right: (1.0, 1.0), result: 0.0})
now error: 0.0
Block processing time: 0.021566 seconds
Computing Block 2 out of 663
Processing Block size=5
begin cleaner{left: ("[FunctionalDependency:(s: {brewery_id}, t: {brewery_name})]", 0.0), operator: *, right: (1.0, 1.0), result: 0.0}
列 'p' 不存在，对列 brewery_name 不过滤，直接选择所有非无效值。
Block processing time: 0.003977 seconds
Computing Block 3 out of 663
Processing Block size=4
begin cleaner{left: ("[FunctionalDependency:(s: {brewery_id}, t: {brewery_name})]", 0.0), operator: *, right: (1.0, 1.0), result: 0.0}
列 'p' 不存在，对列 brewery_name 不过滤，直接选择所有非无效值。
Block processing time: 0.003237 seconds
Computing Block 6 out of 663
Processing Block size=4
begin cleaner{left: ("[FunctionalDependency:(s: {brewery_id}, t: {brewery_name})]", 0.0), operator: *, right: (1.0, 1.0), result: 0.0}
列 'p' 不存在，对列 brewery_name 不过滤，直接选择所有非无效值。
Block processing time: 0.003151 seconds
Computing Block 7 out of 663
Processing Block size=4
begin cleaner{left: ("[FunctionalDependency:(s: {brewery_id}, t: {brewery_name})]", 0.0), operator: *, right: (1.0, 1.0), result: 0.0}
列 'p' 不存在，对列 brewery_name 不过滤，直接选择所有非无效值。
Block processing time: 0.003204 seconds
Computing Block 10 out of 663
Processing Block size=2
begin cleaner{left: ("[FunctionalDependency:(s: {brewery_id}, t: {brewery_name})]", 0.0), operator: *, right: (1.0, 1.0), result: 0.0}
列 'p' 不存在，对列 brewery_name 不过滤，直接选择所有非无效值。
Block processing time: 0.00162 seconds
Computing Block 11 out of 663
Processing Block size=4
begin cleaner{left: ("[FunctionalDependency:(s: {brewery_id}, t: {brewery_name})]", 0.0), operator: *, right: (1.0, 1.0), result: 0.0}
列 'p' 不存在，对列 brewery_name 不过滤，直接选择所有非无效值。
Block processing time: 0.003075 seconds
Computing Block 12 out of 663
Processing Block size=2
begin cleaner{left: ("[FunctionalDependency:(s: {brewery_id}, t: {brewery_name})]", 0.0), operator: *, right: (1.0, 1.0), result: 0.0}
列 'p' 不存在，对列 brewery_name 不过滤，直接选择所有非无效值。
clean_bool length:3
newest best op: Uniop(df,'brewery_name','Mother Earth Brewing Company',(['brewery_id'], {('540',)}),{left: ("[FunctionalDependency:(s: {brewery_id}, t: {brewery_name})]", 0.0), operator: *, right: (1.0, 1.0), result: 0.0})
now error: 0.0
Block processing time: 0.005843 seconds
Computing Block 14 out of 663
Processing Block size=3
begin cleaner{left: ("[FunctionalDependency:(s: {brewery_id}, t: {brewery_name})]", 0.0), operator: *, right: (1.0, 1.0), result: 0.0}
列 'p' 不存在，对列 brewery_name 不过滤，直接选择所有非无效值。
Block processing time: 0.002394 seconds
Computing Block 17 out of 663
Processing Block size=3
begin cleaner{left: ("[FunctionalDependency:(s: {brewery_id}, t: {brewery_name})]", 0.0), operator: *, right: (1.0, 1.0), result: 0.0}
列 'p' 不存在，对列 brewery_name 不过滤，直接选择所有非无效值。
Block processing time: 0.002338 seconds
Computing Block 19 out of 663
Processing Block size=8
begin cleaner{left: ("[FunctionalDependency:(s: {brewery_id}, t: {brewery_name})]", 0.0), operator: *, right: (1.0, 1.0), result: 0.0}
列 'p' 不存在，对列 brewery_name 不过滤，直接选择所有非无效值。
Block processing time: 0.006109 seconds
Computing Block 20 out of 663
Processing Block size=3
begin cleaner{left: ("[FunctionalDependency:(s: {brewery_id}, t: {brewery_name})]", 0.0), operator: *, right: (1.0, 1.0), result: 0.0}
列 'p' 不存在，对列 brewery_name 不过滤，直接选择所有非无效值。
clean_bool length:2
newest best op: Uniop(df,'brewery_name','Miami Brewing Company',(['brewery_id'], {('393',)}),{left: ("[FunctionalDependency:(s: {brewery_id}, t: {brewery_name})]", 0.0), operator: *, right: (1.0, 1.0), result: 0.0})
now error: 0.0
Block processing time: 0.005083 seconds
Computing Block 23 out of 663
Processing Block size=5
begin cleaner{left: ("[FunctionalDependency:(s: {brewery_id}, t: {brewery_name})]", 0.0), operator: *, right: (1.0, 1.0), result: 0.0}
列 'p' 不存在，对列 brewery_name 不过滤，直接选择所有非无效值。
Block processing time: 0.003791 seconds
Computing Block 25 out of 663
Processing Block size=2
begin cleaner{left: ("[FunctionalDependency:(s: {brewery_id}, t: {brewery_name})]", 0.0), operator: *, right: (1.0, 1.0), result: 0.0}
列 'p' 不存在，对列 brewery_name 不过滤，直接选择所有非无效值。
Block processing time: 0.001589 seconds
Computing Block 26 out of 663
Processing Block size=4
begin cleaner{left: ("[FunctionalDependency:(s: {brewery_id}, t: {brewery_name})]", 0.0), operator: *, right: (1.0, 1.0), result: 0.0}
列 'p' 不存在，对列 brewery_name 不过滤，直接选择所有非无效值。
Block processing time: 0.003039 seconds
Computing Block 28 out of 663
Processing Block size=3
begin cleaner{left: ("[FunctionalDependency:(s: {brewery_id}, t: {brewery_name})]", 0.0), operator: *, right: (1.0, 1.0), result: 0.0}
列 'p' 不存在，对列 brewery_name 不过滤，直接选择所有非无效值。
Block processing time: 0.002344 seconds
Computing Block 33 out of 663
Processing Block size=7
begin cleaner{left: ("[FunctionalDependency:(s: {brewery_id}, t: {brewery_name})]", 0.0), operator: *, right: (1.0, 1.0), result: 0.0}
列 'p' 不存在，对列 brewery_name 不过滤，直接选择所有非无效值。
Block processing time: 0.00523 seconds
Computing Block 34 out of 663
Processing Block size=5
begin cleaner{left: ("[FunctionalDependency:(s: {brewery_id}, t: {brewery_name})]", 0.0), operator: *, right: (1.0, 1.0), result: 0.0}
列 'p' 不存在，对列 brewery_name 不过滤，直接选择所有非无效值。
clean_bool length:2
newest best op: Uniop(df,'brewery_name','Long Trail Brewing Company',(['brewery_id'], {('268',)}),{left: ("[FunctionalDependency:(s: {brewery_id}, t: {brewery_name})]", 0.0), operator: *, right: (1.0, 1.0), result: 0.0})
now error: 0.0
Block processing time: 0.00794 seconds
Computing Block 35 out of 663
Processing Block size=5
begin cleaner{left: ("[FunctionalDependency:(s: {brewery_id}, t: {brewery_name})]", 0.0), operator: *, right: (1.0, 1.0), result: 0.0}
列 'p' 不存在，对列 brewery_name 不过滤，直接选择所有非无效值。
Block processing time: 0.003776 seconds
Computing Block 36 out of 663
Processing Block size=3
begin cleaner{left: ("[FunctionalDependency:(s: {brewery_id}, t: {brewery_name})]", 0.0), operator: *, right: (1.0, 1.0), result: 0.0}
列 'p' 不存在，对列 brewery_name 不过滤，直接选择所有非无效值。
Block processing time: 0.002322 seconds
Computing Block 37 out of 663
Processing Block size=8
begin cleaner{left: ("[FunctionalDependency:(s: {brewery_id}, t: {brewery_name})]", 0.0), operator: *, right: (1.0, 1.0), result: 0.0}
列 'p' 不存在，对列 brewery_name 不过滤，直接选择所有非无效值。
Block processing time: 0.005902 seconds
Computing Block 40 out of 663
Processing Block size=6
begin cleaner{left: ("[FunctionalDependency:(s: {brewery_id}, t: {brewery_name})]", 0.0), operator: *, right: (1.0, 1.0), result: 0.0}
列 'p' 不存在，对列 brewery_name 不过滤，直接选择所有非无效值。
Block processing time: 0.004447 seconds
Computing Block 41 out of 663
Processing Block size=6
begin cleaner{left: ("[FunctionalDependency:(s: {brewery_id}, t: {brewery_name})]", 0.0), operator: *, right: (1.0, 1.0), result: 0.0}
列 'p' 不存在，对列 brewery_name 不过滤，直接选择所有非无效值。
clean_bool length:3
newest best op: Uniop(df,'brewery_name','Schlafly Brewing Company',(['brewery_id'], {('428',)}),{left: ("[FunctionalDependency:(s: {brewery_id}, t: {brewery_name})]", 0.0), operator: *, right: (1.0, 1.0), result: 0.0})
now error: 0.0
Block processing time: 0.014641 seconds
Computing Block 42 out of 663
Processing Block size=3
begin cleaner{left: ("[FunctionalDependency:(s: {brewery_id}, t: {brewery_name})]", 0.0), operator: *, right: (1.0, 1.0), result: 0.0}
列 'p' 不存在，对列 brewery_name 不过滤，直接选择所有非无效值。
clean_bool length:3
newest best op: Uniop(df,'brewery_name','Grand Canyon Brewing Company',(['brewery_id'], {('536',)}),{left: ("[FunctionalDependency:(s: {brewery_id}, t: {brewery_name})]", 0.0), operator: *, right: (1.0, 1.0), result: 0.0})
now error: 0.0
Block processing time: 0.007753 seconds
Computing Block 44 out of 663
Processing Block size=3
begin cleaner{left: ("[FunctionalDependency:(s: {brewery_id}, t: {brewery_name})]", 0.0), operator: *, right: (1.0, 1.0), result: 0.0}
列 'p' 不存在，对列 brewery_name 不过滤，直接选择所有非无效值。
Block processing time: 0.002293 seconds
Computing Block 46 out of 663
Processing Block size=2
begin cleaner{left: ("[FunctionalDependency:(s: {brewery_id}, t: {brewery_name})]", 0.0), operator: *, right: (1.0, 1.0), result: 0.0}
列 'p' 不存在，对列 brewery_name 不过滤，直接选择所有非无效值。
Block processing time: 0.001564 seconds
Computing Block 48 out of 663
Processing Block size=8
begin cleaner{left: ("[FunctionalDependency:(s: {brewery_id}, t: {brewery_name})]", 0.0), operator: *, right: (1.0, 1.0), result: 0.0}
列 'p' 不存在，对列 brewery_name 不过滤，直接选择所有非无效值。
clean_bool length:3
newest best op: Uniop(df,'brewery_name','Uinta Brewing Company',(['brewery_id'], {('159',)}),{left: ("[FunctionalDependency:(s: {brewery_id}, t: {brewery_name})]", 0.0), operator: *, right: (1.0, 1.0), result: 0.0})
now error: 0.0
Block processing time: 0.018799 seconds
Computing Block 49 out of 663
Processing Block size=7
begin cleaner{left: ("[FunctionalDependency:(s: {brewery_id}, t: {brewery_name})]", 0.0), operator: *, right: (1.0, 1.0), result: 0.0}
列 'p' 不存在，对列 brewery_name 不过滤，直接选择所有非无效值。
Block processing time: 0.005292 seconds
Computing Block 50 out of 663
Processing Block size=3
begin cleaner{left: ("[FunctionalDependency:(s: {brewery_id}, t: {brewery_name})]", 0.0), operator: *, right: (1.0, 1.0), result: 0.0}
列 'p' 不存在，对列 brewery_name 不过滤，直接选择所有非无效值。
clean_bool length:3
newest best op: Uniop(df,'brewery_name','Twiste%d X Brewing Company',(['brewery_id'], {('38',)}),{left: ("[FunctionalDependency:(s: {brewery_id}, t: {brewery_name})]", 0.0), operator: *, right: (1.0, 1.0), result: 0.0})
now error: 0.0
Block processing time: 0.007683 seconds
Computing Block 52 out of 663
Processing Block size=3
begin cleaner{left: ("[FunctionalDependency:(s: {brewery_id}, t: {brewery_name})]", 0.0), operator: *, right: (1.0, 1.0), result: 0.0}
列 'p' 不存在，对列 brewery_name 不过滤，直接选择所有非无效值。
clean_bool length:2
newest best op: Uniop(df,'brewery_name','Horny Goat Brew Pub',(['brewery_id'], {('120',)}),{left: ("[FunctionalDependency:(s: {brewery_id}, t: {brewery_name})]", 0.0), operator: *, right: (1.0, 1.0), result: 0.0})
now error: 0.0
Block processing time: 0.005033 seconds
Computing Block 55 out of 663
Processing Block size=2
begin cleaner{left: ("[FunctionalDependency:(s: {brewery_id}, t: {brewery_name})]", 0.0), operator: *, right: (1.0, 1.0), result: 0.0}
列 'p' 不存在，对列 brewery_name 不过滤，直接选择所有非无效值。
clean_bool length:3
newest best op: Uniop(df,'brewery_name','Anthem Brewing Company',(['brewery_id'], {('193',)}),{left: ("[FunctionalDependency:(s: {brewery_id}, t: {brewery_name})]", 0.0), operator: *, right: (1.0, 1.0), result: 0.0})
now error: 0.0
Block processing time: 0.005461 seconds
Computing Block 60 out of 663
Processing Block size=12
begin cleaner{left: ("[FunctionalDependency:(s: {brewery_id}, t: {brewery_name})]", 0.0), operator: *, right: (1.0, 1.0), result: 0.0}
列 'p' 不存在，对列 brewery_name 不过滤，直接选择所有非无效值。
clean_bool length:2
newest best op: Uniop(df,'brewery_name','Golden Road Brewing',(['brewery_id'], {('240',)}),{left: ("[FunctionalDependency:(s: {brewery_id}, t: {brewery_name})]", 0.0), operator: *, right: (1.0, 1.0), result: 0.0})
now error: 0.0
Block processing time: 0.017436 seconds
Computing Block 63 out of 663
Processing Block size=3
begin cleaner{left: ("[FunctionalDependency:(s: {brewery_id}, t: {brewery_name})]", 0.0), operator: *, right: (1.0, 1.0), result: 0.0}
列 'p' 不存在，对列 brewery_name 不过滤，直接选择所有非无效值。
Block processing time: 0.002276 seconds
Computing Block 64 out of 663
Processing Block size=2
begin cleaner{left: ("[FunctionalDependency:(s: {brewery_id}, t: {brewery_name})]", 0.0), operator: *, right: (1.0, 1.0), result: 0.0}
列 'p' 不存在，对列 brewery_name 不过滤，直接选择所有非无效值。
Block processing time: 0.00155 seconds
Computing Block 67 out of 663
Processing Block size=14
begin cleaner{left: ("[FunctionalDependency:(s: {brewery_id}, t: {brewery_name})]", 0.0), operator: *, right: (1.0, 1.0), result: 0.0}
列 'p' 不存在，对列 brewery_name 不过滤，直接选择所有非无效值。
clean_bool length:4
newest best op: Uniop(df,'brewery_name','Tallgrass Brewin%g Comp??any',(['brewery_id'], {('45',)}),{left: ("[FunctionalDependency:(s: {brewery_id}, t: {brewery_name})]", 0.0), operator: *, right: (1.0, 1.0), result: 0.0})
now error: 0.0
newest best op: Uniop(df,'brewery_name','Tallgrass Brewing Company',(['brewery_id'], {('45',)}),{left: ("[FunctionalDependency:(s: {brewery_id}, t: {brewery_name})]", 0.0), operator: *, right: (1.0, 1.0), result: 0.0})
now error: 0.0
Block processing time: 0.044934 seconds
Computing Block 68 out of 663
Processing Block size=4
begin cleaner{left: ("[FunctionalDependency:(s: {brewery_id}, t: {brewery_name})]", 0.0), operator: *, right: (1.0, 1.0), result: 0.0}
列 'p' 不存在，对列 brewery_name 不过滤，直接选择所有非无效值。
Block processing time: 0.003022 seconds
Computing Block 71 out of 663
Processing Block size=3
begin cleaner{left: ("[FunctionalDependency:(s: {brewery_id}, t: {brewery_name})]", 0.0), operator: *, right: (1.0, 1.0), result: 0.0}
列 'p' 不存在，对列 brewery_name 不过滤，直接选择所有非无效值。
clean_bool length:2
newest best op: Uniop(df,'brewery_name','Three Creeks Brewing',(['brewery_id'], {('153',)}),{left: ("[FunctionalDependency:(s: {brewery_id}, t: {brewery_name})]", 0.0), operator: *, right: (1.0, 1.0), result: 0.0})
now error: 0.0
Block processing time: 0.004822 seconds
Computing Block 72 out of 663
Processing Block size=2
begin cleaner{left: ("[FunctionalDependency:(s: {brewery_id}, t: {brewery_name})]", 0.0), operator: *, right: (1.0, 1.0), result: 0.0}
列 'p' 不存在，对列 brewery_name 不过滤，直接选择所有非无效值。
Block processing time: 0.001615 seconds
Computing Block 74 out of 663
Processing Block size=11
begin cleaner{left: ("[FunctionalDependency:(s: {brewery_id}, t: {brewery_name})]", 0.0), operator: *, right: (1.0, 1.0), result: 0.0}
列 'p' 不存在，对列 brewery_name 不过滤，直接选择所有非无效值。
clean_bool length:3
newest best op: Uniop(df,'brewery_name','Bu%rn 'Em Brewing',(['brewery_id'], {('24',)}),{left: ("[FunctionalDependency:(s: {brewery_id}, t: {brewery_name})]", 0.0), operator: *, right: (1.0, 1.0), result: 0.0})
now error: 0.0
newest best op: Uniop(df,'brewery_name','Burn 'Em Brewing',(['brewery_id'], {('24',)}),{left: ("[FunctionalDependency:(s: {brewery_id}, t: {brewery_name})]", 0.0), operator: *, right: (1.0, 1.0), result: 0.0})
now error: 0.0
Block processing time: 0.024081 seconds
Computing Block 77 out of 663
Processing Block size=3
begin cleaner{left: ("[FunctionalDependency:(s: {brewery_id}, t: {brewery_name})]", 0.0), operator: *, right: (1.0, 1.0), result: 0.0}
列 'p' 不存在，对列 brewery_name 不过滤，直接选择所有非无效值。
clean_bool length:3
newest best op: Uniop(df,'brewery_name','Temperance Beer Company',(['brewery_id'], {('210',)}),{left: ("[FunctionalDependency:(s: {brewery_id}, t: {brewery_name})]", 0.0), operator: *, right: (1.0, 1.0), result: 0.0})
now error: 0.0
Block processing time: 0.007513 seconds
Computing Block 78 out of 663
Processing Block size=2
begin cleaner{left: ("[FunctionalDependency:(s: {brewery_id}, t: {brewery_name})]", 0.0), operator: *, right: (1.0, 1.0), result: 0.0}
列 'p' 不存在，对列 brewery_name 不过滤，直接选择所有非无效值。
Block processing time: 0.001514 seconds
Computing Block 80 out of 663
Processing Block size=10
begin cleaner{left: ("[FunctionalDependency:(s: {brewery_id}, t: {brewery_name})]", 0.0), operator: *, right: (1.0, 1.0), result: 0.0}
列 'p' 不存在，对列 brewery_name 不过滤，直接选择所有非无效值。
Block processing time: 0.007113 seconds
Computing Block 81 out of 663
Processing Block size=4
begin cleaner{left: ("[FunctionalDependency:(s: {brewery_id}, t: {brewery_name})]", 0.0), operator: *, right: (1.0, 1.0), result: 0.0}
列 'p' 不存在，对列 brewery_name 不过滤，直接选择所有非无效值。
Block processing time: 0.002883 seconds
Computing Block 82 out of 663
Processing Block size=21
begin cleaner{left: ("[FunctionalDependency:(s: {brewery_id}, t: {brewery_name})]", 0.0), operator: *, right: (1.0, 1.0), result: 0.0}
列 'p' 不存在，对列 brewery_name 不过滤，直接选择所有非无效值。
clean_bool length:2
newest best op: Uniop(df,'brewery_name','Cigar City Brewing Company',(['brewery_id'], {('141',)}),{left: ("[FunctionalDependency:(s: {brewery_id}, t: {brewery_name})]", 0.0), operator: *, right: (1.0, 1.0), result: 0.0})
now error: 0.0
Block processing time: 0.029296 seconds
Computing Block 83 out of 663
Processing Block size=3
begin cleaner{left: ("[FunctionalDependency:(s: {brewery_id}, t: {brewery_name})]", 0.0), operator: *, right: (1.0, 1.0), result: 0.0}
列 'p' 不存在，对列 brewery_name 不过滤，直接选择所有非无效值。
Block processing time: 0.002206 seconds
Computing Block 84 out of 663
Processing Block size=2
begin cleaner{left: ("[FunctionalDependency:(s: {brewery_id}, t: {brewery_name})]", 0.0), operator: *, right: (1.0, 1.0), result: 0.0}
列 'p' 不存在，对列 brewery_name 不过滤，直接选择所有非无效值。
Block processing time: 0.001503 seconds
Computing Block 85 out of 663
Processing Block size=6
begin cleaner{left: ("[FunctionalDependency:(s: {brewery_id}, t: {brewery_name})]", 0.0), operator: *, right: (1.0, 1.0), result: 0.0}
列 'p' 不存在，对列 brewery_name 不过滤，直接选择所有非无效值。
Block processing time: 0.004499 seconds
Computing Block 87 out of 663
Processing Block size=10
begin cleaner{left: ("[FunctionalDependency:(s: {brewery_id}, t: {brewery_name})]", 0.0), operator: *, right: (1.0, 1.0), result: 0.0}
列 'p' 不存在，对列 brewery_name 不过滤，直接选择所有非无效值。
clean_bool length:3
newest best op: Uniop(df,'brewery_name','Two Brothers Brewing Company',(['brewery_id'], {('74',)}),{left: ("[FunctionalDependency:(s: {brewery_id}, t: {brewery_name})]", 0.0), operator: *, right: (1.0, 1.0), result: 0.0})
now error: 0.0
Block processing time: 0.023227 seconds
Computing Block 88 out of 663
Processing Block size=2
begin cleaner{left: ("[FunctionalDependency:(s: {brewery_id}, t: {brewery_name})]", 0.0), operator: *, right: (1.0, 1.0), result: 0.0}
列 'p' 不存在，对列 brewery_name 不过滤，直接选择所有非无效值。
Block processing time: 0.001513 seconds
Computing Block 89 out of 663
Processing Block size=8
begin cleaner{left: ("[FunctionalDependency:(s: {brewery_id}, t: {brewery_name})]", 0.0), operator: *, right: (1.0, 1.0), result: 0.0}
列 'p' 不存在，对列 brewery_name 不过滤，直接选择所有非无效值。
Block processing time: 0.00568 seconds
Computing Block 92 out of 663
Processing Block size=2
begin cleaner{left: ("[FunctionalDependency:(s: {brewery_id}, t: {brewery_name})]", 0.0), operator: *, right: (1.0, 1.0), result: 0.0}
列 'p' 不存在，对列 brewery_name 不过滤，直接选择所有非无效值。
Block processing time: 0.001504 seconds
Computing Block 93 out of 663
Processing Block size=6
begin cleaner{left: ("[FunctionalDependency:(s: {brewery_id}, t: {brewery_name})]", 0.0), operator: *, right: (1.0, 1.0), result: 0.0}
列 'p' 不存在，对列 brewery_name 不过滤，直接选择所有非无效值。
Block processing time: 0.004361 seconds
Computing Block 94 out of 663
Processing Block size=2
begin cleaner{left: ("[FunctionalDependency:(s: {brewery_id}, t: {brewery_name})]", 0.0), operator: *, right: (1.0, 1.0), result: 0.0}
列 'p' 不存在，对列 brewery_name 不过滤，直接选择所有非无效值。
Block processing time: 0.001545 seconds
Computing Block 95 out of 663
Processing Block size=4
begin cleaner{left: ("[FunctionalDependency:(s: {brewery_id}, t: {brewery_name})]", 0.0), operator: *, right: (1.0, 1.0), result: 0.0}
列 'p' 不存在，对列 brewery_name 不过滤，直接选择所有非无效值。
clean_bool length:3
newest best op: Uniop(df,'brewery_name','Third Street Brewhouse',(['brewery_id'], {('142',)}),{left: ("[FunctionalDependency:(s: {brewery_id}, t: {brewery_name})]", 0.0), operator: *, right: (1.0, 1.0), result: 0.0})
now error: 0.0
Block processing time: 0.009598 seconds
Computing Block 97 out of 663
Processing Block size=7
begin cleaner{left: ("[FunctionalDependency:(s: {brewery_id}, t: {brewery_name})]", 0.0), operator: *, right: (1.0, 1.0), result: 0.0}
列 'p' 不存在，对列 brewery_name 不过滤，直接选择所有非无效值。
clean_bool length:4
newest best op: Uniop(df,'brewery_name','Eddyline Brewery & Restaurant',(['brewery_id'], {('369',)}),{left: ("[FunctionalDependency:(s: {brewery_id}, t: {brewery_name})]", 0.0), operator: *, right: (1.0, 1.0), result: 0.0})
now error: 0.0
Block processing time: 0.0231 seconds
Computing Block 99 out of 663
Processing Block size=2
begin cleaner{left: ("[FunctionalDependency:(s: {brewery_id}, t: {brewery_name})]", 0.0), operator: *, right: (1.0, 1.0), result: 0.0}
列 'p' 不存在，对列 brewery_name 不过滤，直接选择所有非无效值。
Block processing time: 0.001573 seconds
Computing Block 100 out of 663
Processing Block size=9
begin cleaner{left: ("[FunctionalDependency:(s: {brewery_id}, t: {brewery_name})]", 0.0), operator: *, right: (1.0, 1.0), result: 0.0}
列 'p' 不存在，对列 brewery_name 不过滤，直接选择所有非无效值。
Block processing time: 0.00635 seconds
Computing Block 101 out of 663
Processing Block size=6
begin cleaner{left: ("[FunctionalDependency:(s: {brewery_id}, t: {brewery_name})]", 0.0), operator: *, right: (1.0, 1.0), result: 0.0}
列 'p' 不存在，对列 brewery_name 不过滤，直接选择所有非无效值。
clean_bool length:3
newest best op: Uniop(df,'brewery_name','The Alc$hemist',(['brewery_id'], {('272',)}),{left: ("[FunctionalDependency:(s: {brewery_id}, t: {brewery_name})]", 0.0), operator: *, right: (1.0, 1.0), result: 0.0})
now error: 0.0
newest best op: Uniop(df,'brewery_name','The Alchemist',(['brewery_id'], {('272',)}),{left: ("[FunctionalDependency:(s: {brewery_id}, t: {brewery_name})]", 0.0), operator: *, right: (1.0, 1.0), result: 0.0})
now error: 0.0
Block processing time: 0.013434 seconds
Computing Block 102 out of 663
Processing Block size=3
begin cleaner{left: ("[FunctionalDependency:(s: {brewery_id}, t: {brewery_name})]", 0.0), operator: *, right: (1.0, 1.0), result: 0.0}
列 'p' 不存在，对列 brewery_name 不过滤，直接选择所有非无效值。
Block processing time: 0.002252 seconds
Computing Block 104 out of 663
Processing Block size=17
begin cleaner{left: ("[FunctionalDependency:(s: {brewery_id}, t: {brewery_name})]", 0.0), operator: *, right: (1.0, 1.0), result: 0.0}
列 'p' 不存在，对列 brewery_name 不过滤，直接选择所有非无效值。
clean_bool length:3
newest best op: Uniop(df,'brewery_name','Sockeye Brewing Company',(['brewery_id'], {('309',)}),{left: ("[FunctionalDependency:(s: {brewery_id}, t: {brewery_name})]", 0.0), operator: *, right: (1.0, 1.0), result: 0.0})
now error: 0.0
Block processing time: 0.039379 seconds
Computing Block 105 out of 663
Processing Block size=4
begin cleaner{left: ("[FunctionalDependency:(s: {brewery_id}, t: {brewery_name})]", 0.0), operator: *, right: (1.0, 1.0), result: 0.0}
列 'p' 不存在，对列 brewery_name 不过滤，直接选择所有非无效值。
Block processing time: 0.003191 seconds
Computing Block 106 out of 663
Processing Block size=2
begin cleaner{left: ("[FunctionalDependency:(s: {brewery_id}, t: {brewery_name})]", 0.0), operator: *, right: (1.0, 1.0), result: 0.0}
列 'p' 不存在，对列 brewery_name 不过滤，直接选择所有非无效值。
Block processing time: 0.001638 seconds
Computing Block 108 out of 663
Processing Block size=3
begin cleaner{left: ("[FunctionalDependency:(s: {brewery_id}, t: {brewery_name})]", 0.0), operator: *, right: (1.0, 1.0), result: 0.0}
列 'p' 不存在，对列 brewery_name 不过滤，直接选择所有非无效值。
Block processing time: 0.002435 seconds
Computing Block 110 out of 663
Processing Block size=3
begin cleaner{left: ("[FunctionalDependency:(s: {brewery_id}, t: {brewery_name})]", 0.0), operator: *, right: (1.0, 1.0), result: 0.0}
列 'p' 不存在，对列 brewery_name 不过滤，直接选择所有非无效值。
clean_bool length:2
newest best op: Uniop(df,'brewery_name','Mavericks Beer Company',(['brewery_id'], {('448',)}),{left: ("[FunctionalDependency:(s: {brewery_id}, t: {brewery_name})]", 0.0), operator: *, right: (1.0, 1.0), result: 0.0})
now error: 0.0
Block processing time: 0.005477 seconds
Computing Block 112 out of 663
Processing Block size=2
begin cleaner{left: ("[FunctionalDependency:(s: {brewery_id}, t: {brewery_name})]", 0.0), operator: *, right: (1.0, 1.0), result: 0.0}
列 'p' 不存在，对列 brewery_name 不过滤，直接选择所有非无效值。
Block processing time: 0.001696 seconds
Computing Block 113 out of 663
Processing Block size=4
begin cleaner{left: ("[FunctionalDependency:(s: {brewery_id}, t: {brewery_name})]", 0.0), operator: *, right: (1.0, 1.0), result: 0.0}
列 'p' 不存在，对列 brewery_name 不过滤，直接选择所有非无效值。
Block processing time: 0.00318 seconds
Computing Block 114 out of 663
Processing Block size=5
begin cleaner{left: ("[FunctionalDependency:(s: {brewery_id}, t: {brewery_name})]", 0.0), operator: *, right: (1.0, 1.0), result: 0.0}
列 'p' 不存在，对列 brewery_name 不过滤，直接选择所有非无效值。
clean_bool length:3
newest best op: Uniop(df,'brewery_name','Okoboji Brewing Compa@@ny',(['brewery_id'], {('471',)}),{left: ("[FunctionalDependency:(s: {brewery_id}, t: {brewery_name})]", 0.0), operator: *, right: (1.0, 1.0), result: 0.0})
now error: 0.0
newest best op: Uniop(df,'brewery_name','Okoboji Brewing Company',(['brewery_id'], {('471',)}),{left: ("[FunctionalDependency:(s: {brewery_id}, t: {brewery_name})]", 0.0), operator: *, right: (1.0, 1.0), result: 0.0})
now error: 0.0
Block processing time: 0.012884 seconds
Computing Block 115 out of 663
Processing Block size=2
begin cleaner{left: ("[FunctionalDependency:(s: {brewery_id}, t: {brewery_name})]", 0.0), operator: *, right: (1.0, 1.0), result: 0.0}
列 'p' 不存在，对列 brewery_name 不过滤，直接选择所有非无效值。
clean_bool length:2
newest best op: Uniop(df,'brewery_name','Tampa Bay Brewing Company',(['brewery_id'], {('490',)}),{left: ("[FunctionalDependency:(s: {brewery_id}, t: {brewery_name})]", 0.0), operator: *, right: (1.0, 1.0), result: 0.0})
now error: 0.0
Block processing time: 0.003747 seconds
Computing Block 116 out of 663
Processing Block size=4
begin cleaner{left: ("[FunctionalDependency:(s: {brewery_id}, t: {brewery_name})]", 0.0), operator: *, right: (1.0, 1.0), result: 0.0}
列 'p' 不存在，对列 brewery_name 不过滤，直接选择所有非无效值。
Block processing time: 0.003197 seconds
Computing Block 117 out of 663
Processing Block size=6
begin cleaner{left: ("[FunctionalDependency:(s: {brewery_id}, t: {brewery_name})]", 0.0), operator: *, right: (1.0, 1.0), result: 0.0}
列 'p' 不存在，对列 brewery_name 不过滤，直接选择所有非无效值。
Block processing time: 0.00461 seconds
Computing Block 118 out of 663
Processing Block size=4
begin cleaner{left: ("[FunctionalDependency:(s: {brewery_id}, t: {brewery_name})]", 0.0), operator: *, right: (1.0, 1.0), result: 0.0}
列 'p' 不存在，对列 brewery_name 不过滤，直接选择所有非无效值。
Block processing time: 0.003128 seconds
Computing Block 119 out of 663
Processing Block size=6
begin cleaner{left: ("[FunctionalDependency:(s: {brewery_id}, t: {brewery_name})]", 0.0), operator: *, right: (1.0, 1.0), result: 0.0}
列 'p' 不存在，对列 brewery_name 不过滤，直接选择所有非无效值。
clean_bool length:3
newest best op: Uniop(df,'brewery_name','Bent Padd%le Brewing Company',(['brewery_id'], {('75',)}),{left: ("[FunctionalDependency:(s: {brewery_id}, t: {brewery_name})]", 0.0), operator: *, right: (1.0, 1.0), result: 0.0})
now error: 0.0
newest best op: Uniop(df,'brewery_name','Bent Paddle Brewing Company',(['brewery_id'], {('75',)}),{left: ("[FunctionalDependency:(s: {brewery_id}, t: {brewery_name})]", 0.0), operator: *, right: (1.0, 1.0), result: 0.0})
now error: 0.0
Block processing time: 0.015393 seconds
Computing Block 120 out of 663
Processing Block size=2
begin cleaner{left: ("[FunctionalDependency:(s: {brewery_id}, t: {brewery_name})]", 0.0), operator: *, right: (1.0, 1.0), result: 0.0}
列 'p' 不存在，对列 brewery_name 不过滤，直接选择所有非无效值。
Block processing time: 0.00166 seconds
Computing Block 121 out of 663
Processing Block size=6
begin cleaner{left: ("[FunctionalDependency:(s: {brewery_id}, t: {brewery_name})]", 0.0), operator: *, right: (1.0, 1.0), result: 0.0}
列 'p' 不存在，对列 brewery_name 不过滤，直接选择所有非无效值。
clean_bool length:3
newest best op: Uniop(df,'brewery_name','??Voodoo B#rewery',(['brewery_id'], {('322',)}),{left: ("[FunctionalDependency:(s: {brewery_id}, t: {brewery_name})]", 0.0), operator: *, right: (1.0, 1.0), result: 0.0})
now error: 0.0
newest best op: Uniop(df,'brewery_name','Voodoo Brewery',(['brewery_id'], {('322',)}),{left: ("[FunctionalDependency:(s: {brewery_id}, t: {brewery_name})]", 0.0), operator: *, right: (1.0, 1.0), result: 0.0})
now error: 0.0
Block processing time: 0.014397 seconds
Computing Block 122 out of 663
Processing Block size=4
begin cleaner{left: ("[FunctionalDependency:(s: {brewery_id}, t: {brewery_name})]", 0.0), operator: *, right: (1.0, 1.0), result: 0.0}
列 'p' 不存在，对列 brewery_name 不过滤，直接选择所有非无效值。
clean_bool length:3
newest best op: Uniop(df,'brewery_name','D??enali B??rewing Company',(['brewery_id'], {('453',)}),{left: ("[FunctionalDependency:(s: {brewery_id}, t: {brewery_name})]", 0.0), operator: *, right: (1.0, 1.0), result: 0.0})
now error: 0.0
newest best op: Uniop(df,'brewery_name','Denali Brewing Company',(['brewery_id'], {('453',)}),{left: ("[FunctionalDependency:(s: {brewery_id}, t: {brewery_name})]", 0.0), operator: *, right: (1.0, 1.0), result: 0.0})
now error: 0.0
Block processing time: 0.00994 seconds
Computing Block 123 out of 663
Processing Block size=9
begin cleaner{left: ("[FunctionalDependency:(s: {brewery_id}, t: {brewery_name})]", 0.0), operator: *, right: (1.0, 1.0), result: 0.0}
列 'p' 不存在，对列 brewery_name 不过滤，直接选择所有非无效值。
Block processing time: 0.006383 seconds
Computing Block 124 out of 663
Processing Block size=3
begin cleaner{left: ("[FunctionalDependency:(s: {brewery_id}, t: {brewery_name})]", 0.0), operator: *, right: (1.0, 1.0), result: 0.0}
列 'p' 不存在，对列 brewery_name 不过滤，直接选择所有非无效值。
Block processing time: 0.002245 seconds
Computing Block 125 out of 663
Processing Block size=2
begin cleaner{left: ("[FunctionalDependency:(s: {brewery_id}, t: {brewery_name})]", 0.0), operator: *, right: (1.0, 1.0), result: 0.0}
列 'p' 不存在，对列 brewery_name 不过滤，直接选择所有非无效值。
clean_bool length:2
newest best op: Uniop(df,'brewery_name','Big Muddy Brewing',(['brewery_id'], {('40',)}),{left: ("[FunctionalDependency:(s: {brewery_id}, t: {brewery_name})]", 0.0), operator: *, right: (1.0, 1.0), result: 0.0})
now error: 0.0
Block processing time: 0.003444 seconds
Computing Block 126 out of 663
Processing Block size=3
begin cleaner{left: ("[FunctionalDependency:(s: {brewery_id}, t: {brewery_name})]", 0.0), operator: *, right: (1.0, 1.0), result: 0.0}
列 'p' 不存在，对列 brewery_name 不过滤，直接选择所有非无效值。
clean_bool length:2
newest best op: Uniop(df,'brewery_name','Hardywood Park Craft Brewery',(['brewery_id'], {('343',)}),{left: ("[FunctionalDependency:(s: {brewery_id}, t: {brewery_name})]", 0.0), operator: *, right: (1.0, 1.0), result: 0.0})
now error: 0.0
Block processing time: 0.004857 seconds
Computing Block 130 out of 663
Processing Block size=3
begin cleaner{left: ("[FunctionalDependency:(s: {brewery_id}, t: {brewery_name})]", 0.0), operator: *, right: (1.0, 1.0), result: 0.0}
列 'p' 不存在，对列 brewery_name 不过滤，直接选择所有非无效值。
Block processing time: 0.00228 seconds
Computing Block 131 out of 663
Processing Block size=5
begin cleaner{left: ("[FunctionalDependency:(s: {brewery_id}, t: {brewery_name})]", 0.0), operator: *, right: (1.0, 1.0), result: 0.0}
列 'p' 不存在，对列 brewery_name 不过滤，直接选择所有非无效值。
Block processing time: 0.003668 seconds
Computing Block 132 out of 663
Processing Block size=7
begin cleaner{left: ("[FunctionalDependency:(s: {brewery_id}, t: {brewery_name})]", 0.0), operator: *, right: (1.0, 1.0), result: 0.0}
列 'p' 不存在，对列 brewery_name 不过滤，直接选择所有非无效值。
clean_bool length:4
newest best op: Uniop(df,'brewery_name','Hop Valley Brewing Company',(['brewery_id'], {('198',)}),{left: ("[FunctionalDependency:(s: {brewery_id}, t: {brewery_name})]", 0.0), operator: *, right: (1.0, 1.0), result: 0.0})
now error: 0.0
Block processing time: 0.022287 seconds
Computing Block 133 out of 663
Processing Block size=6
begin cleaner{left: ("[FunctionalDependency:(s: {brewery_id}, t: {brewery_name})]", 0.0), operator: *, right: (1.0, 1.0), result: 0.0}
列 'p' 不存在，对列 brewery_name 不过滤，直接选择所有非无效值。
Block processing time: 0.004326 seconds
Computing Block 134 out of 663
Processing Block size=5
begin cleaner{left: ("[FunctionalDependency:(s: {brewery_id}, t: {brewery_name})]", 0.0), operator: *, right: (1.0, 1.0), result: 0.0}
列 'p' 不存在，对列 brewery_name 不过滤，直接选择所有非无效值。
Block processing time: 0.003717 seconds
Computing Block 135 out of 663
Processing Block size=2
begin cleaner{left: ("[FunctionalDependency:(s: {brewery_id}, t: {brewery_name})]", 0.0), operator: *, right: (1.0, 1.0), result: 0.0}
列 'p' 不存在，对列 brewery_name 不过滤，直接选择所有非无效值。
Block processing time: 0.00155 seconds
Computing Block 136 out of 663
Processing Block size=4
begin cleaner{left: ("[FunctionalDependency:(s: {brewery_id}, t: {brewery_name})]", 0.0), operator: *, right: (1.0, 1.0), result: 0.0}
列 'p' 不存在，对列 brewery_name 不过滤，直接选择所有非无效值。
Block processing time: 0.002906 seconds
Computing Block 137 out of 663
Processing Block size=11
begin cleaner{left: ("[FunctionalDependency:(s: {brewery_id}, t: {brewery_name})]", 0.0), operator: *, right: (1.0, 1.0), result: 0.0}
列 'p' 不存在，对列 brewery_name 不过滤，直接选择所有非无效值。
clean_bool length:3
newest best op: Uniop(df,'brewery_name','Two Beers Brewing Company',(['brewery_id'], {('190',)}),{left: ("[FunctionalDependency:(s: {brewery_id}, t: {brewery_name})]", 0.0), operator: *, right: (1.0, 1.0), result: 0.0})
now error: 0.0
Block processing time: 0.057763 seconds
Computing Block 139 out of 663
Processing Block size=6
begin cleaner{left: ("[FunctionalDependency:(s: {brewery_id}, t: {brewery_name})]", 0.0), operator: *, right: (1.0, 1.0), result: 0.0}
列 'p' 不存在，对列 brewery_name 不过滤，直接选择所有非无效值。
Block processing time: 0.004468 seconds
Computing Block 140 out of 663
Processing Block size=2
begin cleaner{left: ("[FunctionalDependency:(s: {brewery_id}, t: {brewery_name})]", 0.0), operator: *, right: (1.0, 1.0), result: 0.0}
列 'p' 不存在，对列 brewery_name 不过滤，直接选择所有非无效值。
Block processing time: 0.001532 seconds
Computing Block 141 out of 663
Processing Block size=2
begin cleaner{left: ("[FunctionalDependency:(s: {brewery_id}, t: {brewery_name})]", 0.0), operator: *, right: (1.0, 1.0), result: 0.0}
列 'p' 不存在，对列 brewery_name 不过滤，直接选择所有非无效值。
Block processing time: 0.001509 seconds
Computing Block 143 out of 663
Processing Block size=2
begin cleaner{left: ("[FunctionalDependency:(s: {brewery_id}, t: {brewery_name})]", 0.0), operator: *, right: (1.0, 1.0), result: 0.0}
列 'p' 不存在，对列 brewery_name 不过滤，直接选择所有非无效值。
Block processing time: 0.001572 seconds
Computing Block 146 out of 663
Processing Block size=5
begin cleaner{left: ("[FunctionalDependency:(s: {brewery_id}, t: {brewery_name})]", 0.0), operator: *, right: (1.0, 1.0), result: 0.0}
列 'p' 不存在，对列 brewery_name 不过滤，直接选择所有非无效值。
Block processing time: 0.003608 seconds
Computing Block 149 out of 663
Processing Block size=6
begin cleaner{left: ("[FunctionalDependency:(s: {brewery_id}, t: {brewery_name})]", 0.0), operator: *, right: (1.0, 1.0), result: 0.0}
列 'p' 不存在，对列 brewery_name 不过滤，直接选择所有非无效值。
Block processing time: 0.004324 seconds
Computing Block 150 out of 663
Processing Block size=3
begin cleaner{left: ("[FunctionalDependency:(s: {brewery_id}, t: {brewery_name})]", 0.0), operator: *, right: (1.0, 1.0), result: 0.0}
列 'p' 不存在，对列 brewery_name 不过滤，直接选择所有非无效值。
clean_bool length:3
newest best op: Uniop(df,'brewery_name','Hess Brewing Company',(['brewery_id'], {('423',)}),{left: ("[FunctionalDependency:(s: {brewery_id}, t: {brewery_name})]", 0.0), operator: *, right: (1.0, 1.0), result: 0.0})
now error: 0.0
Block processing time: 0.007543 seconds
Computing Block 151 out of 663
Processing Block size=6
begin cleaner{left: ("[FunctionalDependency:(s: {brewery_id}, t: {brewery_name})]", 0.0), operator: *, right: (1.0, 1.0), result: 0.0}
列 'p' 不存在，对列 brewery_name 不过滤，直接选择所有非无效值。
clean_bool length:2
newest best op: Uniop(df,'brewery_name','Mike Hess Brewing Company',(['brewery_id'], {('3',)}),{left: ("[FunctionalDependency:(s: {brewery_id}, t: {brewery_name})]", 0.0), operator: *, right: (1.0, 1.0), result: 0.0})
now error: 0.0
Block processing time: 0.008903 seconds
Computing Block 152 out of 663
Processing Block size=8
begin cleaner{left: ("[FunctionalDependency:(s: {brewery_id}, t: {brewery_name})]", 0.0), operator: *, right: (1.0, 1.0), result: 0.0}
列 'p' 不存在，对列 brewery_name 不过滤，直接选择所有非无效值。
Block processing time: 0.005841 seconds
Computing Block 154 out of 663
Processing Block size=4
begin cleaner{left: ("[FunctionalDependency:(s: {brewery_id}, t: {brewery_name})]", 0.0), operator: *, right: (1.0, 1.0), result: 0.0}
列 'p' 不存在，对列 brewery_name 不过滤，直接选择所有非无效值。
clean_bool length:3
newest best op: Uniop(df,'brewery_name','Hilliard#'s Beer',(['brewery_id'], {('362',)}),{left: ("[FunctionalDependency:(s: {brewery_id}, t: {brewery_name})]", 0.0), operator: *, right: (1.0, 1.0), result: 0.0})
now error: 0.0
newest best op: Uniop(df,'brewery_name','Hilliard's Beer',(['brewery_id'], {('362',)}),{left: ("[FunctionalDependency:(s: {brewery_id}, t: {brewery_name})]", 0.0), operator: *, right: (1.0, 1.0), result: 0.0})
now error: 0.0
Block processing time: 0.009388 seconds
Computing Block 155 out of 663
Processing Block size=5
begin cleaner{left: ("[FunctionalDependency:(s: {brewery_id}, t: {brewery_name})]", 0.0), operator: *, right: (1.0, 1.0), result: 0.0}
列 'p' 不存在，对列 brewery_name 不过滤，直接选择所有非无效值。
Block processing time: 0.003594 seconds
Computing Block 156 out of 663
Processing Block size=2
begin cleaner{left: ("[FunctionalDependency:(s: {brewery_id}, t: {brewery_name})]", 0.0), operator: *, right: (1.0, 1.0), result: 0.0}
列 'p' 不存在，对列 brewery_name 不过滤，直接选择所有非无效值。
clean_bool length:2
newest best op: Uniop(df,'brewery_name','French Broad Brewery',(['brewery_id'], {('433',)}),{left: ("[FunctionalDependency:(s: {brewery_id}, t: {brewery_name})]", 0.0), operator: *, right: (1.0, 1.0), result: 0.0})
now error: 0.0
Block processing time: 0.003448 seconds
Computing Block 157 out of 663
Processing Block size=3
begin cleaner{left: ("[FunctionalDependency:(s: {brewery_id}, t: {brewery_name})]", 0.0), operator: *, right: (1.0, 1.0), result: 0.0}
列 'p' 不存在，对列 brewery_name 不过滤，直接选择所有非无效值。
Block processing time: 0.002262 seconds
Computing Block 159 out of 663
Processing Block size=2
begin cleaner{left: ("[FunctionalDependency:(s: {brewery_id}, t: {brewery_name})]", 0.0), operator: *, right: (1.0, 1.0), result: 0.0}
列 'p' 不存在，对列 brewery_name 不过滤，直接选择所有非无效值。
Block processing time: 0.001516 seconds
Computing Block 162 out of 663
Processing Block size=7
begin cleaner{left: ("[FunctionalDependency:(s: {brewery_id}, t: {brewery_name})]", 0.0), operator: *, right: (1.0, 1.0), result: 0.0}
列 'p' 不存在，对列 brewery_name 不过滤，直接选择所有非无效值。
Block processing time: 0.005017 seconds
Computing Block 163 out of 663
Processing Block size=11
begin cleaner{left: ("[FunctionalDependency:(s: {brewery_id}, t: {brewery_name})]", 0.0), operator: *, right: (1.0, 1.0), result: 0.0}
列 'p' 不存在，对列 brewery_name 不过滤，直接选择所有非无效值。
Block processing time: 0.007815 seconds
Computing Block 164 out of 663
Processing Block size=8
begin cleaner{left: ("[FunctionalDependency:(s: {brewery_id}, t: {brewery_name})]", 0.0), operator: *, right: (1.0, 1.0), result: 0.0}
列 'p' 不存在，对列 brewery_name 不过滤，直接选择所有非无效值。
Block processing time: 0.005749 seconds
Computing Block 167 out of 663
Processing Block size=5
begin cleaner{left: ("[FunctionalDependency:(s: {brewery_id}, t: {brewery_name})]", 0.0), operator: *, right: (1.0, 1.0), result: 0.0}
列 'p' 不存在，对列 brewery_name 不过滤，直接选择所有非无效值。
Block processing time: 0.003647 seconds
Computing Block 168 out of 663
Processing Block size=4
begin cleaner{left: ("[FunctionalDependency:(s: {brewery_id}, t: {brewery_name})]", 0.0), operator: *, right: (1.0, 1.0), result: 0.0}
列 'p' 不存在，对列 brewery_name 不过滤，直接选择所有非无效值。
Block processing time: 0.002917 seconds
Computing Block 169 out of 663
Processing Block size=12
begin cleaner{left: ("[FunctionalDependency:(s: {brewery_id}, t: {brewery_name})]", 0.0), operator: *, right: (1.0, 1.0), result: 0.0}
列 'p' 不存在，对列 brewery_name 不过滤，直接选择所有非无效值。
Block processing time: 0.008492 seconds
Computing Block 170 out of 663
Processing Block size=3
begin cleaner{left: ("[FunctionalDependency:(s: {brewery_id}, t: {brewery_name})]", 0.0), operator: *, right: (1.0, 1.0), result: 0.0}
列 'p' 不存在，对列 brewery_name 不过滤，直接选择所有非无效值。
clean_bool length:3
newest best op: Uniop(df,'brewery_name','High Noon Saloon And Brewery',(['brewery_id'], {('500',)}),{left: ("[FunctionalDependency:(s: {brewery_id}, t: {brewery_name})]", 0.0), operator: *, right: (1.0, 1.0), result: 0.0})
now error: 0.0
Block processing time: 0.007719 seconds
Computing Block 171 out of 663
Processing Block size=3
begin cleaner{left: ("[FunctionalDependency:(s: {brewery_id}, t: {brewery_name})]", 0.0), operator: *, right: (1.0, 1.0), result: 0.0}
列 'p' 不存在，对列 brewery_name 不过滤，直接选择所有非无效值。
Block processing time: 0.002214 seconds
Computing Block 172 out of 663
Processing Block size=2
begin cleaner{left: ("[FunctionalDependency:(s: {brewery_id}, t: {brewery_name})]", 0.0), operator: *, right: (1.0, 1.0), result: 0.0}
列 'p' 不存在，对列 brewery_name 不过滤，直接选择所有非无效值。
clean_bool length:3
newest best op: Uniop(df,'brewery_name','Lavery Brewing Company',(['brewery_id'], {('345',)}),{left: ("[FunctionalDependency:(s: {brewery_id}, t: {brewery_name})]", 0.0), operator: *, right: (1.0, 1.0), result: 0.0})
now error: 0.0
Block processing time: 0.005443 seconds
Computing Block 174 out of 663
Processing Block size=2
begin cleaner{left: ("[FunctionalDependency:(s: {brewery_id}, t: {brewery_name})]", 0.0), operator: *, right: (1.0, 1.0), result: 0.0}
列 'p' 不存在，对列 brewery_name 不过滤，直接选择所有非无效值。
Block processing time: 0.001517 seconds
Computing Block 175 out of 663
Processing Block size=5
begin cleaner{left: ("[FunctionalDependency:(s: {brewery_id}, t: {brewery_name})]", 0.0), operator: *, right: (1.0, 1.0), result: 0.0}
列 'p' 不存在，对列 brewery_name 不过滤，直接选择所有非无效值。
Block processing time: 0.003582 seconds
Computing Block 176 out of 663
Processing Block size=2
begin cleaner{left: ("[FunctionalDependency:(s: {brewery_id}, t: {brewery_name})]", 0.0), operator: *, right: (1.0, 1.0), result: 0.0}
列 'p' 不存在，对列 brewery_name 不过滤，直接选择所有非无效值。
Block processing time: 0.001542 seconds
Computing Block 182 out of 663
Processing Block size=5
begin cleaner{left: ("[FunctionalDependency:(s: {brewery_id}, t: {brewery_name})]", 0.0), operator: *, right: (1.0, 1.0), result: 0.0}
列 'p' 不存在，对列 brewery_name 不过滤，直接选择所有非无效值。
clean_bool length:2
newest best op: Uniop(df,'brewery_name','Seventh Son Brewing Company',(['brewery_id'], {('183',)}),{left: ("[FunctionalDependency:(s: {brewery_id}, t: {brewery_name})]", 0.0), operator: *, right: (1.0, 1.0), result: 0.0})
now error: 0.0
Block processing time: 0.007488 seconds
Computing Block 186 out of 663
Processing Block size=4
begin cleaner{left: ("[FunctionalDependency:(s: {brewery_id}, t: {brewery_name})]", 0.0), operator: *, right: (1.0, 1.0), result: 0.0}
列 'p' 不存在，对列 brewery_name 不过滤，直接选择所有非无效值。
Block processing time: 0.002909 seconds
Computing Block 187 out of 663
Processing Block size=2
begin cleaner{left: ("[FunctionalDependency:(s: {brewery_id}, t: {brewery_name})]", 0.0), operator: *, right: (1.0, 1.0), result: 0.0}
列 'p' 不存在，对列 brewery_name 不过滤，直接选择所有非无效值。
clean_bool length:2
newest best op: Uniop(df,'brewery_name','Ca??rton Brewing Company',(['brewery_id'], {('222',)}),{left: ("[FunctionalDependency:(s: {brewery_id}, t: {brewery_name})]", 0.0), operator: *, right: (1.0, 1.0), result: 0.0})
now error: 0.0
Block processing time: 0.003423 seconds
Computing Block 188 out of 663
Processing Block size=6
begin cleaner{left: ("[FunctionalDependency:(s: {brewery_id}, t: {brewery_name})]", 0.0), operator: *, right: (1.0, 1.0), result: 0.0}
列 'p' 不存在，对列 brewery_name 不过滤，直接选择所有非无效值。
Block processing time: 0.004352 seconds
Computing Block 189 out of 663
Processing Block size=3
begin cleaner{left: ("[FunctionalDependency:(s: {brewery_id}, t: {brewery_name})]", 0.0), operator: *, right: (1.0, 1.0), result: 0.0}
列 'p' 不存在，对列 brewery_name 不过滤，直接选择所有非无效值。
Block processing time: 0.002222 seconds
Computing Block 190 out of 663
Processing Block size=6
begin cleaner{left: ("[FunctionalDependency:(s: {brewery_id}, t: {brewery_name})]", 0.0), operator: *, right: (1.0, 1.0), result: 0.0}
列 'p' 不存在，对列 brewery_name 不过滤，直接选择所有非无效值。
clean_bool length:2
newest best op: Uniop(df,'brewery_name','Real Ale Brewing Company',(['brewery_id'], {('128',)}),{left: ("[FunctionalDependency:(s: {brewery_id}, t: {brewery_name})]", 0.0), operator: *, right: (1.0, 1.0), result: 0.0})
now error: 0.0
Block processing time: 0.008856 seconds
Computing Block 192 out of 663
Processing Block size=7
begin cleaner{left: ("[FunctionalDependency:(s: {brewery_id}, t: {brewery_name})]", 0.0), operator: *, right: (1.0, 1.0), result: 0.0}
列 'p' 不存在，对列 brewery_name 不过滤，直接选择所有非无效值。
Block processing time: 0.004978 seconds
Computing Block 193 out of 663
Processing Block size=2
begin cleaner{left: ("[FunctionalDependency:(s: {brewery_id}, t: {brewery_name})]", 0.0), operator: *, right: (1.0, 1.0), result: 0.0}
列 'p' 不存在，对列 brewery_name 不过滤，直接选择所有非无效值。
Block processing time: 0.001576 seconds
Computing Block 194 out of 663
Processing Block size=7
begin cleaner{left: ("[FunctionalDependency:(s: {brewery_id}, t: {brewery_name})]", 0.0), operator: *, right: (1.0, 1.0), result: 0.0}
列 'p' 不存在，对列 brewery_name 不过滤，直接选择所有非无效值。
Block processing time: 0.004972 seconds
Computing Block 195 out of 663
Processing Block size=17
begin cleaner{left: ("[FunctionalDependency:(s: {brewery_id}, t: {brewery_name})]", 0.0), operator: *, right: (1.0, 1.0), result: 0.0}
列 'p' 不存在，对列 brewery_name 不过滤，直接选择所有非无效值。
clean_bool length:3
newest best op: Uniop(df,'brewery_name','Great Crescent Bre@@wery',(['brewery_id'], {('165',)}),{left: ("[FunctionalDependency:(s: {brewery_id}, t: {brewery_name})]", 0.0), operator: *, right: (1.0, 1.0), result: 0.0})
now error: 0.0
newest best op: Uniop(df,'brewery_name','Great Crescent Brewery',(['brewery_id'], {('165',)}),{left: ("[FunctionalDependency:(s: {brewery_id}, t: {brewery_name})]", 0.0), operator: *, right: (1.0, 1.0), result: 0.0})
now error: 0.0
Block processing time: 0.03758 seconds
Computing Block 196 out of 663
Processing Block size=2
begin cleaner{left: ("[FunctionalDependency:(s: {brewery_id}, t: {brewery_name})]", 0.0), operator: *, right: (1.0, 1.0), result: 0.0}
列 'p' 不存在，对列 brewery_name 不过滤，直接选择所有非无效值。
Block processing time: 0.001519 seconds
Computing Block 197 out of 663
Processing Block size=6
begin cleaner{left: ("[FunctionalDependency:(s: {brewery_id}, t: {brewery_name})]", 0.0), operator: *, right: (1.0, 1.0), result: 0.0}
列 'p' 不存在，对列 brewery_name 不过滤，直接选择所有非无效值。
Block processing time: 0.004321 seconds
Computing Block 200 out of 663
Processing Block size=4
begin cleaner{left: ("[FunctionalDependency:(s: {brewery_id}, t: {brewery_name})]", 0.0), operator: *, right: (1.0, 1.0), result: 0.0}
列 'p' 不存在，对列 brewery_name 不过滤，直接选择所有非无效值。
clean_bool length:2
newest best op: Uniop(df,'brewery_name','Fort Point Beer Company',(['brewery_id'], {('4',)}),{left: ("[FunctionalDependency:(s: {brewery_id}, t: {brewery_name})]", 0.0), operator: *, right: (1.0, 1.0), result: 0.0})
now error: 0.0
Block processing time: 0.006147 seconds
Computing Block 201 out of 663
Processing Block size=3
begin cleaner{left: ("[FunctionalDependency:(s: {brewery_id}, t: {brewery_name})]", 0.0), operator: *, right: (1.0, 1.0), result: 0.0}
列 'p' 不存在，对列 brewery_name 不过滤，直接选择所有非无效值。
Block processing time: 0.002199 seconds
Computing Block 202 out of 663
Processing Block size=2
begin cleaner{left: ("[FunctionalDependency:(s: {brewery_id}, t: {brewery_name})]", 0.0), operator: *, right: (1.0, 1.0), result: 0.0}
列 'p' 不存在，对列 brewery_name 不过滤，直接选择所有非无效值。
Block processing time: 0.001538 seconds
Computing Block 203 out of 663
Processing Block size=3
begin cleaner{left: ("[FunctionalDependency:(s: {brewery_id}, t: {brewery_name})]", 0.0), operator: *, right: (1.0, 1.0), result: 0.0}
列 'p' 不存在，对列 brewery_name 不过滤，直接选择所有非无效值。
Block processing time: 0.002213 seconds
Computing Block 204 out of 663
Processing Block size=3
begin cleaner{left: ("[FunctionalDependency:(s: {brewery_id}, t: {brewery_name})]", 0.0), operator: *, right: (1.0, 1.0), result: 0.0}
列 'p' 不存在，对列 brewery_name 不过滤，直接选择所有非无效值。
Block processing time: 0.002195 seconds
Computing Block 207 out of 663
Processing Block size=12
begin cleaner{left: ("[FunctionalDependency:(s: {brewery_id}, t: {brewery_name})]", 0.0), operator: *, right: (1.0, 1.0), result: 0.0}
列 'p' 不存在，对列 brewery_name 不过滤，直接选择所有非无效值。
clean_bool length:2
newest best op: Uniop(df,'brewery_name','Matt Brewing Company',(['brewery_id'], {('299',)}),{left: ("[FunctionalDependency:(s: {brewery_id}, t: {brewery_name})]", 0.0), operator: *, right: (1.0, 1.0), result: 0.0})
now error: 0.0
Block processing time: 0.017121 seconds
Computing Block 208 out of 663
Processing Block size=10
begin cleaner{left: ("[FunctionalDependency:(s: {brewery_id}, t: {brewery_name})]", 0.0), operator: *, right: (1.0, 1.0), result: 0.0}
列 'p' 不存在，对列 brewery_name 不过滤，直接选择所有非无效值。
clean_bool length:3
newest best op: Uniop(df,'brewery_name','Oskar Blues Brewery',(['brewery_id'], {('503',)}),{left: ("[FunctionalDependency:(s: {brewery_id}, t: {brewery_name})]", 0.0), operator: *, right: (1.0, 1.0), result: 0.0})
now error: 0.0
Block processing time: 0.022388 seconds
Computing Block 213 out of 663
Processing Block size=3
begin cleaner{left: ("[FunctionalDependency:(s: {brewery_id}, t: {brewery_name})]", 0.0), operator: *, right: (1.0, 1.0), result: 0.0}
列 'p' 不存在，对列 brewery_name 不过滤，直接选择所有非无效值。
Block processing time: 0.002248 seconds
Computing Block 214 out of 663
Processing Block size=6
begin cleaner{left: ("[FunctionalDependency:(s: {brewery_id}, t: {brewery_name})]", 0.0), operator: *, right: (1.0, 1.0), result: 0.0}
列 'p' 不存在，对列 brewery_name 不过滤，直接选择所有非无效值。
clean_bool length:4
newest best op: Uniop(df,'brewery_name','New Orleans Lager & Ale Br%ewing ...',(['brewery_id'], {('174',)}),{left: ("[FunctionalDependency:(s: {brewery_id}, t: {brewery_name})]", 0.0), operator: *, right: (1.0, 1.0), result: 0.0})
now error: 0.0
newest best op: Uniop(df,'brewery_name','New Orleans Lager & Ale Brewing ...',(['brewery_id'], {('174',)}),{left: ("[FunctionalDependency:(s: {brewery_id}, t: {brewery_name})]", 0.0), operator: *, right: (1.0, 1.0), result: 0.0})
now error: 0.0
Block processing time: 0.020667 seconds
Computing Block 220 out of 663
Processing Block size=5
begin cleaner{left: ("[FunctionalDependency:(s: {brewery_id}, t: {brewery_name})]", 0.0), operator: *, right: (1.0, 1.0), result: 0.0}
列 'p' 不存在，对列 brewery_name 不过滤，直接选择所有非无效值。
clean_bool length:3
newest best op: Uniop(df,'brewery_name','Blackrocks Brewery',(['brewery_id'], {('12',)}),{left: ("[FunctionalDependency:(s: {brewery_id}, t: {brewery_name})]", 0.0), operator: *, right: (1.0, 1.0), result: 0.0})
now error: 0.0
Block processing time: 0.011678 seconds
Computing Block 221 out of 663
Processing Block size=2
begin cleaner{left: ("[FunctionalDependency:(s: {brewery_id}, t: {brewery_name})]", 0.0), operator: *, right: (1.0, 1.0), result: 0.0}
列 'p' 不存在，对列 brewery_name 不过滤，直接选择所有非无效值。
Block processing time: 0.001522 seconds
Computing Block 222 out of 663
Processing Block size=22
begin cleaner{left: ("[FunctionalDependency:(s: {brewery_id}, t: {brewery_name})]", 0.0), operator: *, right: (1.0, 1.0), result: 0.0}
列 'p' 不存在，对列 brewery_name 不过滤，直接选择所有非无效值。
clean_bool length:2
newest best op: Uniop(df,'brewery_name','Hopworks Urban Brewery',(['brewery_id'], {('80',)}),{left: ("[FunctionalDependency:(s: {brewery_id}, t: {brewery_name})]", 0.0), operator: *, right: (1.0, 1.0), result: 0.0})
now error: 0.0
Block processing time: 0.03049 seconds
Computing Block 225 out of 663
Processing Block size=13
begin cleaner{left: ("[FunctionalDependency:(s: {brewery_id}, t: {brewery_name})]", 0.0), operator: *, right: (1.0, 1.0), result: 0.0}
列 'p' 不存在，对列 brewery_name 不过滤，直接选择所有非无效值。
clean_bool length:2
newest best op: Uniop(df,'brewery_name','Southern Star Brewing Company',(['brewery_id'], {('118',)}),{left: ("[FunctionalDependency:(s: {brewery_id}, t: {brewery_name})]", 0.0), operator: *, right: (1.0, 1.0), result: 0.0})
now error: 0.0
Block processing time: 0.018282 seconds
Computing Block 226 out of 663
Processing Block size=2
begin cleaner{left: ("[FunctionalDependency:(s: {brewery_id}, t: {brewery_name})]", 0.0), operator: *, right: (1.0, 1.0), result: 0.0}
列 'p' 不存在，对列 brewery_name 不过滤，直接选择所有非无效值。
Block processing time: 0.001555 seconds
Computing Block 227 out of 663
Processing Block size=5
begin cleaner{left: ("[FunctionalDependency:(s: {brewery_id}, t: {brewery_name})]", 0.0), operator: *, right: (1.0, 1.0), result: 0.0}
列 'p' 不存在，对列 brewery_name 不过滤，直接选择所有非无效值。
Block processing time: 0.00363 seconds
Computing Block 228 out of 663
Processing Block size=5
begin cleaner{left: ("[FunctionalDependency:(s: {brewery_id}, t: {brewery_name})]", 0.0), operator: *, right: (1.0, 1.0), result: 0.0}
列 'p' 不存在，对列 brewery_name 不过滤，直接选择所有非无效值。
Block processing time: 0.003696 seconds
Computing Block 232 out of 663
Processing Block size=2
begin cleaner{left: ("[FunctionalDependency:(s: {brewery_id}, t: {brewery_name})]", 0.0), operator: *, right: (1.0, 1.0), result: 0.0}
列 'p' 不存在，对列 brewery_name 不过滤，直接选择所有非无效值。
Block processing time: 0.001522 seconds
Computing Block 234 out of 663
Processing Block size=5
begin cleaner{left: ("[FunctionalDependency:(s: {brewery_id}, t: {brewery_name})]", 0.0), operator: *, right: (1.0, 1.0), result: 0.0}
列 'p' 不存在，对列 brewery_name 不过滤，直接选择所有非无效值。
clean_bool length:2
newest best op: Uniop(df,'brewery_name','Good People Brewing Company',(['brewery_id'], {('478',)}),{left: ("[FunctionalDependency:(s: {brewery_id}, t: {brewery_name})]", 0.0), operator: *, right: (1.0, 1.0), result: 0.0})
now error: 0.0
Block processing time: 0.007611 seconds
Computing Block 236 out of 663
Processing Block size=11
begin cleaner{left: ("[FunctionalDependency:(s: {brewery_id}, t: {brewery_name})]", 0.0), operator: *, right: (1.0, 1.0), result: 0.0}
列 'p' 不存在，对列 brewery_name 不过滤，直接选择所有非无效值。
Block processing time: 0.008808 seconds
Computing Block 238 out of 663
Processing Block size=5
begin cleaner{left: ("[FunctionalDependency:(s: {brewery_id}, t: {brewery_name})]", 0.0), operator: *, right: (1.0, 1.0), result: 0.0}
列 'p' 不存在，对列 brewery_name 不过滤，直接选择所有非无效值。
Block processing time: 0.00401 seconds
Computing Block 240 out of 663
Processing Block size=3
begin cleaner{left: ("[FunctionalDependency:(s: {brewery_id}, t: {brewery_name})]", 0.0), operator: *, right: (1.0, 1.0), result: 0.0}
列 'p' 不存在，对列 brewery_name 不过滤，直接选择所有非无效值。
clean_bool length:2
newest best op: Uniop(df,'brewery_name','Starr Hill Brewery',(['brewery_id'], {('383',)}),{left: ("[FunctionalDependency:(s: {brewery_id}, t: {brewery_name})]", 0.0), operator: *, right: (1.0, 1.0), result: 0.0})
now error: 0.0
Block processing time: 0.005665 seconds
Computing Block 241 out of 663
Processing Block size=3
begin cleaner{left: ("[FunctionalDependency:(s: {brewery_id}, t: {brewery_name})]", 0.0), operator: *, right: (1.0, 1.0), result: 0.0}
列 'p' 不存在，对列 brewery_name 不过滤，直接选择所有非无效值。
Block processing time: 0.002501 seconds
Computing Block 242 out of 663
Processing Block size=6
begin cleaner{left: ("[FunctionalDependency:(s: {brewery_id}, t: {brewery_name})]", 0.0), operator: *, right: (1.0, 1.0), result: 0.0}
列 'p' 不存在，对列 brewery_name 不过滤，直接选择所有非无效值。
Block processing time: 0.005948 seconds
Computing Block 244 out of 663
Processing Block size=4
begin cleaner{left: ("[FunctionalDependency:(s: {brewery_id}, t: {brewery_name})]", 0.0), operator: *, right: (1.0, 1.0), result: 0.0}
列 'p' 不存在，对列 brewery_name 不过滤，直接选择所有非无效值。
clean_bool length:2
newest best op: Uniop(df,'brewery_name','Dry Dock Brewing Company',(['brewery_id'], {('496',)}),{left: ("[FunctionalDependency:(s: {brewery_id}, t: {brewery_name})]", 0.0), operator: *, right: (1.0, 1.0), result: 0.0})
now error: 0.0
Block processing time: 0.007718 seconds
Computing Block 249 out of 663
Processing Block size=2
begin cleaner{left: ("[FunctionalDependency:(s: {brewery_id}, t: {brewery_name})]", 0.0), operator: *, right: (1.0, 1.0), result: 0.0}
列 'p' 不存在，对列 brewery_name 不过滤，直接选择所有非无效值。
Block processing time: 0.00207 seconds
Computing Block 250 out of 663
Processing Block size=3
begin cleaner{left: ("[FunctionalDependency:(s: {brewery_id}, t: {brewery_name})]", 0.0), operator: *, right: (1.0, 1.0), result: 0.0}
列 'p' 不存在，对列 brewery_name 不过滤，直接选择所有非无效值。
Block processing time: 0.002779 seconds
Computing Block 254 out of 663
Processing Block size=3
begin cleaner{left: ("[FunctionalDependency:(s: {brewery_id}, t: {brewery_name})]", 0.0), operator: *, right: (1.0, 1.0), result: 0.0}
列 'p' 不存在，对列 brewery_name 不过滤，直接选择所有非无效值。
Block processing time: 0.003228 seconds
Computing Block 255 out of 663
Processing Block size=3
begin cleaner{left: ("[FunctionalDependency:(s: {brewery_id}, t: {brewery_name})]", 0.0), operator: *, right: (1.0, 1.0), result: 0.0}
列 'p' 不存在，对列 brewery_name 不过滤，直接选择所有非无效值。
Block processing time: 0.002709 seconds
Computing Block 257 out of 663
Processing Block size=9
begin cleaner{left: ("[FunctionalDependency:(s: {brewery_id}, t: {brewery_name})]", 0.0), operator: *, right: (1.0, 1.0), result: 0.0}
列 'p' 不存在，对列 brewery_name 不过滤，直接选择所有非无效值。
Block processing time: 0.007255 seconds
Computing Block 259 out of 663
Processing Block size=6
begin cleaner{left: ("[FunctionalDependency:(s: {brewery_id}, t: {brewery_name})]", 0.0), operator: *, right: (1.0, 1.0), result: 0.0}
列 'p' 不存在，对列 brewery_name 不过滤，直接选择所有非无效值。
Block processing time: 0.00465 seconds
Computing Block 261 out of 663
Processing Block size=2
begin cleaner{left: ("[FunctionalDependency:(s: {brewery_id}, t: {brewery_name})]", 0.0), operator: *, right: (1.0, 1.0), result: 0.0}
列 'p' 不存在，对列 brewery_name 不过滤，直接选择所有非无效值。
Block processing time: 0.001684 seconds
Computing Block 264 out of 663
Processing Block size=4
begin cleaner{left: ("[FunctionalDependency:(s: {brewery_id}, t: {brewery_name})]", 0.0), operator: *, right: (1.0, 1.0), result: 0.0}
列 'p' 不存在，对列 brewery_name 不过滤，直接选择所有非无效值。
clean_bool length:3
newest best op: Uniop(df,'brewery_name','Saint Archer Brewer$y',(['brewery_id'], {('288',)}),{left: ("[FunctionalDependency:(s: {brewery_id}, t: {brewery_name})]", 0.0), operator: *, right: (1.0, 1.0), result: 0.0})
now error: 0.0
newest best op: Uniop(df,'brewery_name','Saint Archer Brewery',(['brewery_id'], {('288',)}),{left: ("[FunctionalDependency:(s: {brewery_id}, t: {brewery_name})]", 0.0), operator: *, right: (1.0, 1.0), result: 0.0})
now error: 0.0
Block processing time: 0.010641 seconds
Computing Block 265 out of 663
Processing Block size=7
begin cleaner{left: ("[FunctionalDependency:(s: {brewery_id}, t: {brewery_name})]", 0.0), operator: *, right: (1.0, 1.0), result: 0.0}
列 'p' 不存在，对列 brewery_name 不过滤，直接选择所有非无效值。
clean_bool length:3
newest best op: Uniop(df,'brewery_name','TailGate Beer',(['brewery_id'], {('449',)}),{left: ("[FunctionalDependency:(s: {brewery_id}, t: {brewery_name})]", 0.0), operator: *, right: (1.0, 1.0), result: 0.0})
now error: 0.0
Block processing time: 0.015913 seconds
Computing Block 266 out of 663
Processing Block size=9
begin cleaner{left: ("[FunctionalDependency:(s: {brewery_id}, t: {brewery_name})]", 0.0), operator: *, right: (1.0, 1.0), result: 0.0}
列 'p' 不存在，对列 brewery_name 不过滤，直接选择所有非无效值。
clean_bool length:4
newest best op: Uniop(df,'brewery_name','Deep Ellum @@%Brewing Company',(['brewery_id'], {('127',)}),{left: ("[FunctionalDependency:(s: {brewery_id}, t: {brewery_name})]", 0.0), operator: *, right: (1.0, 1.0), result: 0.0})
now error: 0.0
newest best op: Uniop(df,'brewery_name','Deep Ellum Brewing Company',(['brewery_id'], {('127',)}),{left: ("[FunctionalDependency:(s: {brewery_id}, t: {brewery_name})]", 0.0), operator: *, right: (1.0, 1.0), result: 0.0})
now error: 0.0
Block processing time: 0.028712 seconds
Computing Block 268 out of 663
Processing Block size=2
begin cleaner{left: ("[FunctionalDependency:(s: {brewery_id}, t: {brewery_name})]", 0.0), operator: *, right: (1.0, 1.0), result: 0.0}
列 'p' 不存在，对列 brewery_name 不过滤，直接选择所有非无效值。
Block processing time: 0.001542 seconds
Computing Block 270 out of 663
Processing Block size=2
begin cleaner{left: ("[FunctionalDependency:(s: {brewery_id}, t: {brewery_name})]", 0.0), operator: *, right: (1.0, 1.0), result: 0.0}
列 'p' 不存在，对列 brewery_name 不过滤，直接选择所有非无效值。
Block processing time: 0.001534 seconds
Computing Block 271 out of 663
Processing Block size=11
begin cleaner{left: ("[FunctionalDependency:(s: {brewery_id}, t: {brewery_name})]", 0.0), operator: *, right: (1.0, 1.0), result: 0.0}
列 'p' 不存在，对列 brewery_name 不过滤，直接选择所有非无效值。
Block processing time: 0.00783 seconds
Computing Block 272 out of 663
Processing Block size=3
begin cleaner{left: ("[FunctionalDependency:(s: {brewery_id}, t: {brewery_name})]", 0.0), operator: *, right: (1.0, 1.0), result: 0.0}
列 'p' 不存在，对列 brewery_name 不过滤，直接选择所有非无效值。
Block processing time: 0.00226 seconds
Computing Block 274 out of 663
Processing Block size=13
begin cleaner{left: ("[FunctionalDependency:(s: {brewery_id}, t: {brewery_name})]", 0.0), operator: *, right: (1.0, 1.0), result: 0.0}
列 'p' 不存在，对列 brewery_name 不过滤，直接选择所有非无效值。
clean_bool length:3
newest best op: Uniop(df,'brewery_name','Minhas Craft$ Brewery',(['brewery_id'], {('134',)}),{left: ("[FunctionalDependency:(s: {brewery_id}, t: {brewery_name})]", 0.0), operator: *, right: (1.0, 1.0), result: 0.0})
now error: 0.0
newest best op: Uniop(df,'brewery_name','Minhas Craft Brewery',(['brewery_id'], {('134',)}),{left: ("[FunctionalDependency:(s: {brewery_id}, t: {brewery_name})]", 0.0), operator: *, right: (1.0, 1.0), result: 0.0})
now error: 0.0
Block processing time: 0.0287 seconds
Computing Block 275 out of 663
Processing Block size=4
begin cleaner{left: ("[FunctionalDependency:(s: {brewery_id}, t: {brewery_name})]", 0.0), operator: *, right: (1.0, 1.0), result: 0.0}
列 'p' 不存在，对列 brewery_name 不过滤，直接选择所有非无效值。
Block processing time: 0.002946 seconds
Computing Block 277 out of 663
Processing Block size=2
begin cleaner{left: ("[FunctionalDependency:(s: {brewery_id}, t: {brewery_name})]", 0.0), operator: *, right: (1.0, 1.0), result: 0.0}
列 'p' 不存在，对列 brewery_name 不过滤，直接选择所有非无效值。
clean_bool length:2
newest best op: Uniop(df,'brewery_name','Fat Head's Brewery',(['brewery_id'], {('224',)}),{left: ("[FunctionalDependency:(s: {brewery_id}, t: {brewery_name})]", 0.0), operator: *, right: (1.0, 1.0), result: 0.0})
now error: 0.0
Block processing time: 0.003437 seconds
Computing Block 278 out of 663
Processing Block size=6
begin cleaner{left: ("[FunctionalDependency:(s: {brewery_id}, t: {brewery_name})]", 0.0), operator: *, right: (1.0, 1.0), result: 0.0}
列 'p' 不存在，对列 brewery_name 不过滤，直接选择所有非无效值。
Block processing time: 0.004356 seconds
Computing Block 281 out of 663
Processing Block size=2
begin cleaner{left: ("[FunctionalDependency:(s: {brewery_id}, t: {brewery_name})]", 0.0), operator: *, right: (1.0, 1.0), result: 0.0}
列 'p' 不存在，对列 brewery_name 不过滤，直接选择所有非无效值。
Block processing time: 0.00153 seconds
Computing Block 282 out of 663
Processing Block size=2
begin cleaner{left: ("[FunctionalDependency:(s: {brewery_id}, t: {brewery_name})]", 0.0), operator: *, right: (1.0, 1.0), result: 0.0}
列 'p' 不存在，对列 brewery_name 不过滤，直接选择所有非无效值。
clean_bool length:2
newest best op: Uniop(df,'brewery_name','@@Howard Br%ewing Company',(['brewery_id'], {('445',)}),{left: ("[FunctionalDependency:(s: {brewery_id}, t: {brewery_name})]", 0.0), operator: *, right: (1.0, 1.0), result: 0.0})
now error: 0.0
Block processing time: 0.003469 seconds
Computing Block 283 out of 663
Processing Block size=10
begin cleaner{left: ("[FunctionalDependency:(s: {brewery_id}, t: {brewery_name})]", 0.0), operator: *, right: (1.0, 1.0), result: 0.0}
列 'p' 不存在，对列 brewery_name 不过滤，直接选择所有非无效值。
clean_bool length:3
newest best op: Uniop(df,'brewery_name','Sly Fox Br@@ewing C#ompany',(['brewery_id'], {('371',)}),{left: ("[FunctionalDependency:(s: {brewery_id}, t: {brewery_name})]", 0.0), operator: *, right: (1.0, 1.0), result: 0.0})
now error: 0.0
newest best op: Uniop(df,'brewery_name','Sly Fox Brewing Company',(['brewery_id'], {('371',)}),{left: ("[FunctionalDependency:(s: {brewery_id}, t: {brewery_name})]", 0.0), operator: *, right: (1.0, 1.0), result: 0.0})
now error: 0.0
Block processing time: 0.023011 seconds
Computing Block 285 out of 663
Processing Block size=9
begin cleaner{left: ("[FunctionalDependency:(s: {brewery_id}, t: {brewery_name})]", 0.0), operator: *, right: (1.0, 1.0), result: 0.0}
列 'p' 不存在，对列 brewery_name 不过滤，直接选择所有非无效值。
Block processing time: 0.006417 seconds
Computing Block 286 out of 663
Processing Block size=3
begin cleaner{left: ("[FunctionalDependency:(s: {brewery_id}, t: {brewery_name})]", 0.0), operator: *, right: (1.0, 1.0), result: 0.0}
列 'p' 不存在，对列 brewery_name 不过滤，直接选择所有非无效值。
clean_bool length:2
newest best op: Uniop(df,'brewery_name','Oakshire Brewing',(['brewery_id'], {('150',)}),{left: ("[FunctionalDependency:(s: {brewery_id}, t: {brewery_name})]", 0.0), operator: *, right: (1.0, 1.0), result: 0.0})
now error: 0.0
Block processing time: 0.004864 seconds
Computing Block 287 out of 663
Processing Block size=3
begin cleaner{left: ("[FunctionalDependency:(s: {brewery_id}, t: {brewery_name})]", 0.0), operator: *, right: (1.0, 1.0), result: 0.0}
列 'p' 不存在，对列 brewery_name 不过滤，直接选择所有非无效值。
Block processing time: 0.002253 seconds
Computing Block 288 out of 663
Processing Block size=2
begin cleaner{left: ("[FunctionalDependency:(s: {brewery_id}, t: {brewery_name})]", 0.0), operator: *, right: (1.0, 1.0), result: 0.0}
列 'p' 不存在，对列 brewery_name 不过滤，直接选择所有非无效值。
clean_bool length:2
newest best op: Uniop(df,'brewery_name','Cheboygan Brewing Company',(['brewery_id'], {('121',)}),{left: ("[FunctionalDependency:(s: {brewery_id}, t: {brewery_name})]", 0.0), operator: *, right: (1.0, 1.0), result: 0.0})
now error: 0.0
Block processing time: 0.00341 seconds
Computing Block 289 out of 663
Processing Block size=11
begin cleaner{left: ("[FunctionalDependency:(s: {brewery_id}, t: {brewery_name})]", 0.0), operator: *, right: (1.0, 1.0), result: 0.0}
列 'p' 不存在，对列 brewery_name 不过滤，直接选择所有非无效值。
Block processing time: 0.007851 seconds
Computing Block 290 out of 663
Processing Block size=2
begin cleaner{left: ("[FunctionalDependency:(s: {brewery_id}, t: {brewery_name})]", 0.0), operator: *, right: (1.0, 1.0), result: 0.0}
列 'p' 不存在，对列 brewery_name 不过滤，直接选择所有非无效值。
clean_bool length:2
newest best op: Uniop(df,'brewery_name','Everybody's Brewing',(['brewery_id'], {('170',)}),{left: ("[FunctionalDependency:(s: {brewery_id}, t: {brewery_name})]", 0.0), operator: *, right: (1.0, 1.0), result: 0.0})
now error: 0.0
Block processing time: 0.003425 seconds
Computing Block 293 out of 663
Processing Block size=2
begin cleaner{left: ("[FunctionalDependency:(s: {brewery_id}, t: {brewery_name})]", 0.0), operator: *, right: (1.0, 1.0), result: 0.0}
列 'p' 不存在，对列 brewery_name 不过滤，直接选择所有非无效值。
clean_bool length:2
newest best op: Uniop(df,'brewery_name','Pine Street Brewery',(['brewery_id'], {('310',)}),{left: ("[FunctionalDependency:(s: {brewery_id}, t: {brewery_name})]", 0.0), operator: *, right: (1.0, 1.0), result: 0.0})
now error: 0.0
Block processing time: 0.003498 seconds
Computing Block 294 out of 663
Processing Block size=2
begin cleaner{left: ("[FunctionalDependency:(s: {brewery_id}, t: {brewery_name})]", 0.0), operator: *, right: (1.0, 1.0), result: 0.0}
列 'p' 不存在，对列 brewery_name 不过滤，直接选择所有非无效值。
Block processing time: 0.001533 seconds
Computing Block 295 out of 663
Processing Block size=4
begin cleaner{left: ("[FunctionalDependency:(s: {brewery_id}, t: {brewery_name})]", 0.0), operator: *, right: (1.0, 1.0), result: 0.0}
列 'p' 不存在，对列 brewery_name 不过滤，直接选择所有非无效值。
Block processing time: 0.002921 seconds
Computing Block 296 out of 663
Processing Block size=2
begin cleaner{left: ("[FunctionalDependency:(s: {brewery_id}, t: {brewery_name})]", 0.0), operator: *, right: (1.0, 1.0), result: 0.0}
列 'p' 不存在，对列 brewery_name 不过滤，直接选择所有非无效值。
clean_bool length:3
newest best op: Uniop(df,'brewery_name','Angry Minnow Brewing Company',(['brewery_id'], {('542',)}),{left: ("[FunctionalDependency:(s: {brewery_id}, t: {brewery_name})]", 0.0), operator: *, right: (1.0, 1.0), result: 0.0})
now error: 0.0
Block processing time: 0.00547 seconds
Computing Block 297 out of 663
Processing Block size=8
begin cleaner{left: ("[FunctionalDependency:(s: {brewery_id}, t: {brewery_name})]", 0.0), operator: *, right: (1.0, 1.0), result: 0.0}
列 'p' 不存在，对列 brewery_name 不过滤，直接选择所有非无效值。
Block processing time: 0.005711 seconds
Computing Block 298 out of 663
Processing Block size=3
begin cleaner{left: ("[FunctionalDependency:(s: {brewery_id}, t: {brewery_name})]", 0.0), operator: *, right: (1.0, 1.0), result: 0.0}
列 'p' 不存在，对列 brewery_name 不过滤，直接选择所有非无效值。
Block processing time: 0.002265 seconds
Computing Block 299 out of 663
Processing Block size=5
begin cleaner{left: ("[FunctionalDependency:(s: {brewery_id}, t: {brewery_name})]", 0.0), operator: *, right: (1.0, 1.0), result: 0.0}
列 'p' 不存在，对列 brewery_name 不过滤，直接选择所有非无效值。
Block processing time: 0.003638 seconds
Computing Block 300 out of 663
Processing Block size=3
begin cleaner{left: ("[FunctionalDependency:(s: {brewery_id}, t: {brewery_name})]", 0.0), operator: *, right: (1.0, 1.0), result: 0.0}
列 'p' 不存在，对列 brewery_name 不过滤，直接选择所有非无效值。
Block processing time: 0.002262 seconds
Computing Block 304 out of 663
Processing Block size=4
begin cleaner{left: ("[FunctionalDependency:(s: {brewery_id}, t: {brewery_name})]", 0.0), operator: *, right: (1.0, 1.0), result: 0.0}
列 'p' 不存在，对列 brewery_name 不过滤，直接选择所有非无效值。
Block processing time: 0.002917 seconds
Computing Block 306 out of 663
Processing Block size=3
begin cleaner{left: ("[FunctionalDependency:(s: {brewery_id}, t: {brewery_name})]", 0.0), operator: *, right: (1.0, 1.0), result: 0.0}
列 'p' 不存在，对列 brewery_name 不过滤，直接选择所有非无效值。
Block processing time: 0.002228 seconds
Computing Block 307 out of 663
Processing Block size=7
begin cleaner{left: ("[FunctionalDependency:(s: {brewery_id}, t: {brewery_name})]", 0.0), operator: *, right: (1.0, 1.0), result: 0.0}
列 'p' 不存在，对列 brewery_name 不过滤，直接选择所有非无效值。
Block processing time: 0.004999 seconds
Computing Block 308 out of 663
Processing Block size=4
begin cleaner{left: ("[FunctionalDependency:(s: {brewery_id}, t: {brewery_name})]", 0.0), operator: *, right: (1.0, 1.0), result: 0.0}
列 'p' 不存在，对列 brewery_name 不过滤，直接选择所有非无效值。
Block processing time: 0.002926 seconds
Computing Block 311 out of 663
Processing Block size=5
begin cleaner{left: ("[FunctionalDependency:(s: {brewery_id}, t: {brewery_name})]", 0.0), operator: *, right: (1.0, 1.0), result: 0.0}
列 'p' 不存在，对列 brewery_name 不过滤，直接选择所有非无效值。
Block processing time: 0.00362 seconds
Computing Block 313 out of 663
Processing Block size=4
begin cleaner{left: ("[FunctionalDependency:(s: {brewery_id}, t: {brewery_name})]", 0.0), operator: *, right: (1.0, 1.0), result: 0.0}
列 'p' 不存在，对列 brewery_name 不过滤，直接选择所有非无效值。
clean_bool length:3
newest best op: Uniop(df,'brewery_name','2 Towns Ciderhouse',(['brewery_id'], {('154',)}),{left: ("[FunctionalDependency:(s: {brewery_id}, t: {brewery_name})]", 0.0), operator: *, right: (1.0, 1.0), result: 0.0})
now error: 0.0
Block processing time: 0.009526 seconds
Computing Block 314 out of 663
Processing Block size=2
begin cleaner{left: ("[FunctionalDependency:(s: {brewery_id}, t: {brewery_name})]", 0.0), operator: *, right: (1.0, 1.0), result: 0.0}
列 'p' 不存在，对列 brewery_name 不过滤，直接选择所有非无效值。
Block processing time: 0.001567 seconds
Computing Block 315 out of 663
Processing Block size=2
begin cleaner{left: ("[FunctionalDependency:(s: {brewery_id}, t: {brewery_name})]", 0.0), operator: *, right: (1.0, 1.0), result: 0.0}
列 'p' 不存在，对列 brewery_name 不过滤，直接选择所有非无效值。
Block processing time: 0.00151 seconds
Computing Block 316 out of 663
Processing Block size=9
begin cleaner{left: ("[FunctionalDependency:(s: {brewery_id}, t: {brewery_name})]", 0.0), operator: *, right: (1.0, 1.0), result: 0.0}
列 'p' 不存在，对列 brewery_name 不过滤，直接选择所有非无效值。
clean_bool length:3
newest best op: Uniop(df,'brewery_name','Tin Man Brewing Company',(['brewery_id'], {('17',)}),{left: ("[FunctionalDependency:(s: {brewery_id}, t: {brewery_name})]", 0.0), operator: *, right: (1.0, 1.0), result: 0.0})
now error: 0.0
Block processing time: 0.021457 seconds
Computing Block 317 out of 663
Processing Block size=2
begin cleaner{left: ("[FunctionalDependency:(s: {brewery_id}, t: {brewery_name})]", 0.0), operator: *, right: (1.0, 1.0), result: 0.0}
列 'p' 不存在，对列 brewery_name 不过滤，直接选择所有非无效值。
Block processing time: 0.001519 seconds
Computing Block 319 out of 663
Processing Block size=7
begin cleaner{left: ("[FunctionalDependency:(s: {brewery_id}, t: {brewery_name})]", 0.0), operator: *, right: (1.0, 1.0), result: 0.0}
列 'p' 不存在，对列 brewery_name 不过滤，直接选择所有非无效值。
Block processing time: 0.005047 seconds
Computing Block 320 out of 663
Processing Block size=10
begin cleaner{left: ("[FunctionalDependency:(s: {brewery_id}, t: {brewery_name})]", 0.0), operator: *, right: (1.0, 1.0), result: 0.0}
列 'p' 不存在，对列 brewery_name 不过滤，直接选择所有非无效值。
clean_bool length:3
newest best op: Uniop(df,'brewery_name','New England Brewing Company',(['brewery_id'], {('410',)}),{left: ("[FunctionalDependency:(s: {brewery_id}, t: {brewery_name})]", 0.0), operator: *, right: (1.0, 1.0), result: 0.0})
now error: 0.0
Block processing time: 0.023161 seconds
Computing Block 322 out of 663
Processing Block size=2
begin cleaner{left: ("[FunctionalDependency:(s: {brewery_id}, t: {brewery_name})]", 0.0), operator: *, right: (1.0, 1.0), result: 0.0}
列 'p' 不存在，对列 brewery_name 不过滤，直接选择所有非无效值。
Block processing time: 0.001518 seconds
Computing Block 323 out of 663
Processing Block size=9
begin cleaner{left: ("[FunctionalDependency:(s: {brewery_id}, t: {brewery_name})]", 0.0), operator: *, right: (1.0, 1.0), result: 0.0}
列 'p' 不存在，对列 brewery_name 不过滤，直接选择所有非无效值。
clean_bool length:3
newest best op: Uniop(df,'brewery_name','Narragansett Brewing Company',(['brewery_id'], {('143',)}),{left: ("[FunctionalDependency:(s: {brewery_id}, t: {brewery_name})]", 0.0), operator: *, right: (1.0, 1.0), result: 0.0})
now error: 0.0
Block processing time: 0.021064 seconds
Computing Block 325 out of 663
Processing Block size=2
begin cleaner{left: ("[FunctionalDependency:(s: {brewery_id}, t: {brewery_name})]", 0.0), operator: *, right: (1.0, 1.0), result: 0.0}
列 'p' 不存在，对列 brewery_name 不过滤，直接选择所有非无效值。
Block processing time: 0.001534 seconds
Computing Block 328 out of 663
Processing Block size=7
begin cleaner{left: ("[FunctionalDependency:(s: {brewery_id}, t: {brewery_name})]", 0.0), operator: *, right: (1.0, 1.0), result: 0.0}
列 'p' 不存在，对列 brewery_name 不过滤，直接选择所有非无效值。
clean_bool length:3
newest best op: Uniop(df,'brewery_name','Cisco Brewers',(['brewery_id'], {('145',)}),{left: ("[FunctionalDependency:(s: {brewery_id}, t: {brewery_name})]", 0.0), operator: *, right: (1.0, 1.0), result: 0.0})
now error: 0.0
Block processing time: 0.015643 seconds
Computing Block 330 out of 663
Processing Block size=7
begin cleaner{left: ("[FunctionalDependency:(s: {brewery_id}, t: {brewery_name})]", 0.0), operator: *, right: (1.0, 1.0), result: 0.0}
列 'p' 不存在，对列 brewery_name 不过滤，直接选择所有非无效值。
clean_bool length:2
newest best op: Uniop(df,'brewery_name','Four Peaks Brewing Company',(['brewery_id'], {('160',)}),{left: ("[FunctionalDependency:(s: {brewery_id}, t: {brewery_name})]", 0.0), operator: *, right: (1.0, 1.0), result: 0.0})
now error: 0.0
Block processing time: 0.010329 seconds
Computing Block 331 out of 663
Processing Block size=6
begin cleaner{left: ("[FunctionalDependency:(s: {brewery_id}, t: {brewery_name})]", 0.0), operator: *, right: (1.0, 1.0), result: 0.0}
列 'p' 不存在，对列 brewery_name 不过滤，直接选择所有非无效值。
clean_bool length:2
newest best op: Uniop(df,'brewery_name','Snake River Brewing Company',(['brewery_id'], {('191',)}),{left: ("[FunctionalDependency:(s: {brewery_id}, t: {brewery_name})]", 0.0), operator: *, right: (1.0, 1.0), result: 0.0})
now error: 0.0
Block processing time: 0.008933 seconds
Computing Block 334 out of 663
Processing Block size=23
begin cleaner{left: ("[FunctionalDependency:(s: {brewery_id}, t: {brewery_name})]", 0.0), operator: *, right: (1.0, 1.0), result: 0.0}
列 'p' 不存在，对列 brewery_name 不过滤，直接选择所有非无效值。
clean_bool length:3
newest best op: Uniop(df,'brewery_name','Sixpoint Craft Ales',(['brewery_id'], {('46',)}),{left: ("[FunctionalDependency:(s: {brewery_id}, t: {brewery_name})]", 0.0), operator: *, right: (1.0, 1.0), result: 0.0})
now error: 0.0
Block processing time: 0.049865 seconds
Computing Block 336 out of 663
Processing Block size=17
begin cleaner{left: ("[FunctionalDependency:(s: {brewery_id}, t: {brewery_name})]", 0.0), operator: *, right: (1.0, 1.0), result: 0.0}
列 'p' 不存在，对列 brewery_name 不过滤，直接选择所有非无效值。
clean_bool length:3
newest best op: Uniop(df,'brewery_name','21st Amendment Brewery',(['brewery_id'], {('368',)}),{left: ("[FunctionalDependency:(s: {brewery_id}, t: {brewery_name})]", 0.0), operator: *, right: (1.0, 1.0), result: 0.0})
now error: 0.0
Block processing time: 0.037653 seconds
Computing Block 337 out of 663
Processing Block size=3
begin cleaner{left: ("[FunctionalDependency:(s: {brewery_id}, t: {brewery_name})]", 0.0), operator: *, right: (1.0, 1.0), result: 0.0}
列 'p' 不存在，对列 brewery_name 不过滤，直接选择所有非无效值。
Block processing time: 0.002309 seconds
Computing Block 340 out of 663
Processing Block size=3
begin cleaner{left: ("[FunctionalDependency:(s: {brewery_id}, t: {brewery_name})]", 0.0), operator: *, right: (1.0, 1.0), result: 0.0}
列 'p' 不存在，对列 brewery_name 不过滤，直接选择所有非无效值。
Block processing time: 0.002499 seconds
Computing Block 342 out of 663
Processing Block size=4
begin cleaner{left: ("[FunctionalDependency:(s: {brewery_id}, t: {brewery_name})]", 0.0), operator: *, right: (1.0, 1.0), result: 0.0}
列 'p' 不存在，对列 brewery_name 不过滤，直接选择所有非无效值。
Block processing time: 0.002936 seconds
Computing Block 344 out of 663
Processing Block size=2
begin cleaner{left: ("[FunctionalDependency:(s: {brewery_id}, t: {brewery_name})]", 0.0), operator: *, right: (1.0, 1.0), result: 0.0}
列 'p' 不存在，对列 brewery_name 不过滤，直接选择所有非无效值。
Block processing time: 0.001609 seconds
Computing Block 345 out of 663
Processing Block size=2
begin cleaner{left: ("[FunctionalDependency:(s: {brewery_id}, t: {brewery_name})]", 0.0), operator: *, right: (1.0, 1.0), result: 0.0}
列 'p' 不存在，对列 brewery_name 不过滤，直接选择所有非无效值。
Block processing time: 0.001779 seconds
Computing Block 347 out of 663
Processing Block size=16
begin cleaner{left: ("[FunctionalDependency:(s: {brewery_id}, t: {brewery_name})]", 0.0), operator: *, right: (1.0, 1.0), result: 0.0}
列 'p' 不存在，对列 brewery_name 不过滤，直接选择所有非无效值。
clean_bool length:3
newest best op: Uniop(df,'brewery_name','New B??elgi%um Brewing Company',(['brewery_id'], {('82',)}),{left: ("[FunctionalDependency:(s: {brewery_id}, t: {brewery_name})]", 0.0), operator: *, right: (1.0, 1.0), result: 0.0})
now error: 0.0
newest best op: Uniop(df,'brewery_name','New Belgium Brewing Company',(['brewery_id'], {('82',)}),{left: ("[FunctionalDependency:(s: {brewery_id}, t: {brewery_name})]", 0.0), operator: *, right: (1.0, 1.0), result: 0.0})
now error: 0.0
Block processing time: 0.036319 seconds
Computing Block 348 out of 663
Processing Block size=16
begin cleaner{left: ("[FunctionalDependency:(s: {brewery_id}, t: {brewery_name})]", 0.0), operator: *, right: (1.0, 1.0), result: 0.0}
列 'p' 不存在，对列 brewery_name 不过滤，直接选择所有非无效值。
clean_bool length:3
newest best op: Uniop(df,'brewery_name','Bonfire Brewing Company',(['brewery_id'], {('107',)}),{left: ("[FunctionalDependency:(s: {brewery_id}, t: {brewery_name})]", 0.0), operator: *, right: (1.0, 1.0), result: 0.0})
now error: 0.0
Block processing time: 0.037935 seconds
Computing Block 349 out of 663
Processing Block size=2
begin cleaner{left: ("[FunctionalDependency:(s: {brewery_id}, t: {brewery_name})]", 0.0), operator: *, right: (1.0, 1.0), result: 0.0}
列 'p' 不存在，对列 brewery_name 不过滤，直接选择所有非无效值。
Block processing time: 0.00167 seconds
Computing Block 350 out of 663
Processing Block size=2
begin cleaner{left: ("[FunctionalDependency:(s: {brewery_id}, t: {brewery_name})]", 0.0), operator: *, right: (1.0, 1.0), result: 0.0}
列 'p' 不存在，对列 brewery_name 不过滤，直接选择所有非无效值。
Block processing time: 0.001667 seconds
Computing Block 355 out of 663
Processing Block size=2
begin cleaner{left: ("[FunctionalDependency:(s: {brewery_id}, t: {brewery_name})]", 0.0), operator: *, right: (1.0, 1.0), result: 0.0}
列 'p' 不存在，对列 brewery_name 不过滤，直接选择所有非无效值。
Block processing time: 0.001523 seconds
Computing Block 356 out of 663
Processing Block size=4
begin cleaner{left: ("[FunctionalDependency:(s: {brewery_id}, t: {brewery_name})]", 0.0), operator: *, right: (1.0, 1.0), result: 0.0}
列 'p' 不存在，对列 brewery_name 不过滤，直接选择所有非无效值。
Block processing time: 0.002987 seconds
Computing Block 357 out of 663
Processing Block size=4
begin cleaner{left: ("[FunctionalDependency:(s: {brewery_id}, t: {brewery_name})]", 0.0), operator: *, right: (1.0, 1.0), result: 0.0}
列 'p' 不存在，对列 brewery_name 不过滤，直接选择所有非无效值。
Block processing time: 0.00294 seconds
Computing Block 358 out of 663
Processing Block size=2
begin cleaner{left: ("[FunctionalDependency:(s: {brewery_id}, t: {brewery_name})]", 0.0), operator: *, right: (1.0, 1.0), result: 0.0}
列 'p' 不存在，对列 brewery_name 不过滤，直接选择所有非无效值。
clean_bool length:3
newest best op: Uniop(df,'brewery_name','Westbrook Brewing Company',(['brewery_id'], {('384',)}),{left: ("[FunctionalDependency:(s: {brewery_id}, t: {brewery_name})]", 0.0), operator: *, right: (1.0, 1.0), result: 0.0})
now error: 0.0
Block processing time: 0.005424 seconds
Computing Block 360 out of 663
Processing Block size=3
begin cleaner{left: ("[FunctionalDependency:(s: {brewery_id}, t: {brewery_name})]", 0.0), operator: *, right: (1.0, 1.0), result: 0.0}
列 'p' 不存在，对列 brewery_name 不过滤，直接选择所有非无效值。
Block processing time: 0.00229 seconds
Computing Block 361 out of 663
Processing Block size=3
begin cleaner{left: ("[FunctionalDependency:(s: {brewery_id}, t: {brewery_name})]", 0.0), operator: *, right: (1.0, 1.0), result: 0.0}
列 'p' 不存在，对列 brewery_name 不过滤，直接选择所有非无效值。
Block processing time: 0.00221 seconds
Computing Block 362 out of 663
Processing Block size=12
begin cleaner{left: ("[FunctionalDependency:(s: {brewery_id}, t: {brewery_name})]", 0.0), operator: *, right: (1.0, 1.0), result: 0.0}
列 'p' 不存在，对列 brewery_name 不过滤，直接选择所有非无效值。
Block processing time: 0.008466 seconds
Computing Block 363 out of 663
Processing Block size=4
begin cleaner{left: ("[FunctionalDependency:(s: {brewery_id}, t: {brewery_name})]", 0.0), operator: *, right: (1.0, 1.0), result: 0.0}
列 'p' 不存在，对列 brewery_name 不过滤，直接选择所有非无效值。
clean_bool length:2
newest best op: Uniop(df,'brewery_name','Swamp Head Brewery',(['brewery_id'], {('447',)}),{left: ("[FunctionalDependency:(s: {brewery_id}, t: {brewery_name})]", 0.0), operator: *, right: (1.0, 1.0), result: 0.0})
now error: 0.0
Block processing time: 0.006259 seconds
Computing Block 367 out of 663
Processing Block size=2
begin cleaner{left: ("[FunctionalDependency:(s: {brewery_id}, t: {brewery_name})]", 0.0), operator: *, right: (1.0, 1.0), result: 0.0}
列 'p' 不存在，对列 brewery_name 不过滤，直接选择所有非无效值。
Block processing time: 0.001549 seconds
Computing Block 369 out of 663
Processing Block size=4
begin cleaner{left: ("[FunctionalDependency:(s: {brewery_id}, t: {brewery_name})]", 0.0), operator: *, right: (1.0, 1.0), result: 0.0}
列 'p' 不存在，对列 brewery_name 不过滤，直接选择所有非无效值。
clean_bool length:2
newest best op: Uniop(df,'brewery_name','Petoskey Brewing',(['brewery_id'], {('11',)}),{left: ("[FunctionalDependency:(s: {brewery_id}, t: {brewery_name})]", 0.0), operator: *, right: (1.0, 1.0), result: 0.0})
now error: 0.0
Block processing time: 0.006209 seconds
Computing Block 371 out of 663
Processing Block size=2
begin cleaner{left: ("[FunctionalDependency:(s: {brewery_id}, t: {brewery_name})]", 0.0), operator: *, right: (1.0, 1.0), result: 0.0}
列 'p' 不存在，对列 brewery_name 不过滤，直接选择所有非无效值。
Block processing time: 0.001525 seconds
Computing Block 372 out of 663
Processing Block size=10
begin cleaner{left: ("[FunctionalDependency:(s: {brewery_id}, t: {brewery_name})]", 0.0), operator: *, right: (1.0, 1.0), result: 0.0}
列 'p' 不存在，对列 brewery_name 不过滤，直接选择所有非无效值。
clean_bool length:2
newest best op: Uniop(df,'brewery_name','Maui Brewing Company',(['brewery_id'], {('375',)}),{left: ("[FunctionalDependency:(s: {brewery_id}, t: {brewery_name})]", 0.0), operator: *, right: (1.0, 1.0), result: 0.0})
now error: 0.0
Block processing time: 0.014413 seconds
Computing Block 373 out of 663
Processing Block size=2
begin cleaner{left: ("[FunctionalDependency:(s: {brewery_id}, t: {brewery_name})]", 0.0), operator: *, right: (1.0, 1.0), result: 0.0}
列 'p' 不存在，对列 brewery_name 不过滤，直接选择所有非无效值。
clean_bool length:2
newest best op: Uniop(df,'brewery_name','Schilling & Company',(['brewery_id'], {('394',)}),{left: ("[FunctionalDependency:(s: {brewery_id}, t: {brewery_name})]", 0.0), operator: *, right: (1.0, 1.0), result: 0.0})
now error: 0.0
Block processing time: 0.003411 seconds
Computing Block 375 out of 663
Processing Block size=4
begin cleaner{left: ("[FunctionalDependency:(s: {brewery_id}, t: {brewery_name})]", 0.0), operator: *, right: (1.0, 1.0), result: 0.0}
列 'p' 不存在，对列 brewery_name 不过滤，直接选择所有非无效值。
clean_bool length:3
newest best op: Uniop(df,'brewery_name','Lo??s??t Nation Brewing',(['brewery_id'], {('41',)}),{left: ("[FunctionalDependency:(s: {brewery_id}, t: {brewery_name})]", 0.0), operator: *, right: (1.0, 1.0), result: 0.0})
now error: 0.0
newest best op: Uniop(df,'brewery_name','Lost Nation Brewing',(['brewery_id'], {('41',)}),{left: ("[FunctionalDependency:(s: {brewery_id}, t: {brewery_name})]", 0.0), operator: *, right: (1.0, 1.0), result: 0.0})
now error: 0.0
Block processing time: 0.009523 seconds
Computing Block 376 out of 663
Processing Block size=3
begin cleaner{left: ("[FunctionalDependency:(s: {brewery_id}, t: {brewery_name})]", 0.0), operator: *, right: (1.0, 1.0), result: 0.0}
列 'p' 不存在，对列 brewery_name 不过滤，直接选择所有非无效值。
Block processing time: 0.002257 seconds
Computing Block 378 out of 663
Processing Block size=9
begin cleaner{left: ("[FunctionalDependency:(s: {brewery_id}, t: {brewery_name})]", 0.0), operator: *, right: (1.0, 1.0), result: 0.0}
列 'p' 不存在，对列 brewery_name 不过滤，直接选择所有非无效值。
clean_bool length:2
newest best op: Uniop(df,'brewery_name','Southern Prohibition Brewing Com...',(['brewery_id'], {('133',)}),{left: ("[FunctionalDependency:(s: {brewery_id}, t: {brewery_name})]", 0.0), operator: *, right: (1.0, 1.0), result: 0.0})
now error: 0.0
Block processing time: 0.012933 seconds
Computing Block 380 out of 663
Processing Block size=5
begin cleaner{left: ("[FunctionalDependency:(s: {brewery_id}, t: {brewery_name})]", 0.0), operator: *, right: (1.0, 1.0), result: 0.0}
列 'p' 不存在，对列 brewery_name 不过滤，直接选择所有非无效值。
clean_bool length:5
newest best op: Uniop(df,'brewery_name','Ruhstaller Beer Com??pany',(['brewery_id'], {('397',)}),{left: ("[FunctionalDependency:(s: {brewery_id}, t: {brewery_name})]", 0.0), operator: *, right: (1.0, 1.0), result: 0.0})
now error: 0.0
newest best op: Uniop(df,'brewery_name','Ruhstaller Beer Company',(['brewery_id'], {('397',)}),{left: ("[FunctionalDependency:(s: {brewery_id}, t: {brewery_name})]", 0.0), operator: *, right: (1.0, 1.0), result: 0.0})
now error: 0.0
Block processing time: 0.020515 seconds
Computing Block 382 out of 663
Processing Block size=5
begin cleaner{left: ("[FunctionalDependency:(s: {brewery_id}, t: {brewery_name})]", 0.0), operator: *, right: (1.0, 1.0), result: 0.0}
列 'p' 不存在，对列 brewery_name 不过滤，直接选择所有非无效值。
clean_bool length:3
newest best op: Uniop(df,'brewery_name','$Evil Twin Brewi??ng',(['brewery_id'], {('173',)}),{left: ("[FunctionalDependency:(s: {brewery_id}, t: {brewery_name})]", 0.0), operator: *, right: (1.0, 1.0), result: 0.0})
now error: 0.0
newest best op: Uniop(df,'brewery_name','Evil Twin Brewing',(['brewery_id'], {('173',)}),{left: ("[FunctionalDependency:(s: {brewery_id}, t: {brewery_name})]", 0.0), operator: *, right: (1.0, 1.0), result: 0.0})
now error: 0.0
Block processing time: 0.011631 seconds
Computing Block 385 out of 663
Processing Block size=3
begin cleaner{left: ("[FunctionalDependency:(s: {brewery_id}, t: {brewery_name})]", 0.0), operator: *, right: (1.0, 1.0), result: 0.0}
列 'p' 不存在，对列 brewery_name 不过滤，直接选择所有非无效值。
Block processing time: 0.002259 seconds
Computing Block 386 out of 663
Processing Block size=37
begin cleaner{left: ("[FunctionalDependency:(s: {brewery_id}, t: {brewery_name})]", 0.0), operator: *, right: (1.0, 1.0), result: 0.0}
列 'p' 不存在，对列 brewery_name 不过滤，直接选择所有非无效值。
clean_bool length:6
newest best op: Uniop(df,'brewery_name','$%Sun King Brewing Company',(['brewery_id'], {('25',)}),{left: ("[FunctionalDependency:(s: {brewery_id}, t: {brewery_name})]", 0.0), operator: *, right: (1.0, 1.0), result: 0.0})
now error: 0.0
newest best op: Uniop(df,'brewery_name','Sun King Brewing Company',(['brewery_id'], {('25',)}),{left: ("[FunctionalDependency:(s: {brewery_id}, t: {brewery_name})]", 0.0), operator: *, right: (1.0, 1.0), result: 0.0})
now error: 0.0
Block processing time: 0.173454 seconds
Computing Block 388 out of 663
Processing Block size=3
begin cleaner{left: ("[FunctionalDependency:(s: {brewery_id}, t: {brewery_name})]", 0.0), operator: *, right: (1.0, 1.0), result: 0.0}
列 'p' 不存在，对列 brewery_name 不过滤，直接选择所有非无效值。
Block processing time: 0.002217 seconds
Computing Block 389 out of 663
Processing Block size=16
begin cleaner{left: ("[FunctionalDependency:(s: {brewery_id}, t: {brewery_name})]", 0.0), operator: *, right: (1.0, 1.0), result: 0.0}
列 'p' 不存在，对列 brewery_name 不过滤，直接选择所有非无效值。
clean_bool length:3
newest best op: Uniop(df,'brewery_name','Anderson Vall#ey Brewing C#ompany',(['brewery_id'], {('171',)}),{left: ("[FunctionalDependency:(s: {brewery_id}, t: {brewery_name})]", 0.0), operator: *, right: (1.0, 1.0), result: 0.0})
now error: 0.0
newest best op: Uniop(df,'brewery_name','Anderson Valley Brewing Company',(['brewery_id'], {('171',)}),{left: ("[FunctionalDependency:(s: {brewery_id}, t: {brewery_name})]", 0.0), operator: *, right: (1.0, 1.0), result: 0.0})
now error: 0.0
Block processing time: 0.037027 seconds
Computing Block 390 out of 663
Processing Block size=2
begin cleaner{left: ("[FunctionalDependency:(s: {brewery_id}, t: {brewery_name})]", 0.0), operator: *, right: (1.0, 1.0), result: 0.0}
列 'p' 不存在，对列 brewery_name 不过滤，直接选择所有非无效值。
Block processing time: 0.001582 seconds
Computing Block 394 out of 663
Processing Block size=2
begin cleaner{left: ("[FunctionalDependency:(s: {brewery_id}, t: {brewery_name})]", 0.0), operator: *, right: (1.0, 1.0), result: 0.0}
列 'p' 不存在，对列 brewery_name 不过滤，直接选择所有非无效值。
clean_bool length:2
newest best op: Uniop(df,'brewery_name','Hops & Grain Brewery',(['brewery_id'], {('395',)}),{left: ("[FunctionalDependency:(s: {brewery_id}, t: {brewery_name})]", 0.0), operator: *, right: (1.0, 1.0), result: 0.0})
now error: 0.0
Block processing time: 0.003482 seconds
Computing Block 396 out of 663
Processing Block size=3
begin cleaner{left: ("[FunctionalDependency:(s: {brewery_id}, t: {brewery_name})]", 0.0), operator: *, right: (1.0, 1.0), result: 0.0}
列 'p' 不存在，对列 brewery_name 不过滤，直接选择所有非无效值。
Block processing time: 0.002223 seconds
Computing Block 397 out of 663
Processing Block size=4
begin cleaner{left: ("[FunctionalDependency:(s: {brewery_id}, t: {brewery_name})]", 0.0), operator: *, right: (1.0, 1.0), result: 0.0}
列 'p' 不存在，对列 brewery_name 不过滤，直接选择所有非无效值。
Block processing time: 0.002926 seconds
Computing Block 399 out of 663
Processing Block size=3
begin cleaner{left: ("[FunctionalDependency:(s: {brewery_id}, t: {brewery_name})]", 0.0), operator: *, right: (1.0, 1.0), result: 0.0}
列 'p' 不存在，对列 brewery_name 不过滤，直接选择所有非无效值。
Block processing time: 0.002204 seconds
Computing Block 400 out of 663
Processing Block size=4
begin cleaner{left: ("[FunctionalDependency:(s: {brewery_id}, t: {brewery_name})]", 0.0), operator: *, right: (1.0, 1.0), result: 0.0}
列 'p' 不存在，对列 brewery_name 不过滤，直接选择所有非无效值。
Block processing time: 0.00298 seconds
Computing Block 402 out of 663
Processing Block size=4
begin cleaner{left: ("[FunctionalDependency:(s: {brewery_id}, t: {brewery_name})]", 0.0), operator: *, right: (1.0, 1.0), result: 0.0}
列 'p' 不存在，对列 brewery_name 不过滤，直接选择所有非无效值。
Block processing time: 0.002922 seconds
Computing Block 404 out of 663
Processing Block size=4
begin cleaner{left: ("[FunctionalDependency:(s: {brewery_id}, t: {brewery_name})]", 0.0), operator: *, right: (1.0, 1.0), result: 0.0}
列 'p' 不存在，对列 brewery_name 不过滤，直接选择所有非无效值。
Block processing time: 0.002924 seconds
Computing Block 405 out of 663
Processing Block size=3
begin cleaner{left: ("[FunctionalDependency:(s: {brewery_id}, t: {brewery_name})]", 0.0), operator: *, right: (1.0, 1.0), result: 0.0}
列 'p' 不存在，对列 brewery_name 不过滤，直接选择所有非无效值。
Block processing time: 0.002213 seconds
Computing Block 406 out of 663
Processing Block size=4
begin cleaner{left: ("[FunctionalDependency:(s: {brewery_id}, t: {brewery_name})]", 0.0), operator: *, right: (1.0, 1.0), result: 0.0}
列 'p' 不存在，对列 brewery_name 不过滤，直接选择所有非无效值。
clean_bool length:2
newest best op: Uniop(df,'brewery_name','People's Brewing Company',(['brewery_id'], {('205',)}),{left: ("[FunctionalDependency:(s: {brewery_id}, t: {brewery_name})]", 0.0), operator: *, right: (1.0, 1.0), result: 0.0})
now error: 0.0
Block processing time: 0.00618 seconds
Computing Block 407 out of 663
Processing Block size=2
begin cleaner{left: ("[FunctionalDependency:(s: {brewery_id}, t: {brewery_name})]", 0.0), operator: *, right: (1.0, 1.0), result: 0.0}
列 'p' 不存在，对列 brewery_name 不过滤，直接选择所有非无效值。
Block processing time: 0.001564 seconds
Computing Block 409 out of 663
Processing Block size=3
begin cleaner{left: ("[FunctionalDependency:(s: {brewery_id}, t: {brewery_name})]", 0.0), operator: *, right: (1.0, 1.0), result: 0.0}
列 'p' 不存在，对列 brewery_name 不过滤，直接选择所有非无效值。
Block processing time: 0.002278 seconds
Computing Block 412 out of 663
Processing Block size=5
begin cleaner{left: ("[FunctionalDependency:(s: {brewery_id}, t: {brewery_name})]", 0.0), operator: *, right: (1.0, 1.0), result: 0.0}
列 'p' 不存在，对列 brewery_name 不过滤，直接选择所有非无效值。
Block processing time: 0.003597 seconds
Computing Block 413 out of 663
Processing Block size=2
begin cleaner{left: ("[FunctionalDependency:(s: {brewery_id}, t: {brewery_name})]", 0.0), operator: *, right: (1.0, 1.0), result: 0.0}
列 'p' 不存在，对列 brewery_name 不过滤，直接选择所有非无效值。
Block processing time: 0.001529 seconds
Computing Block 414 out of 663
Processing Block size=2
begin cleaner{left: ("[FunctionalDependency:(s: {brewery_id}, t: {brewery_name})]", 0.0), operator: *, right: (1.0, 1.0), result: 0.0}
列 'p' 不存在，对列 brewery_name 不过滤，直接选择所有非无效值。
Block processing time: 0.0015 seconds
Computing Block 417 out of 663
Processing Block size=2
begin cleaner{left: ("[FunctionalDependency:(s: {brewery_id}, t: {brewery_name})]", 0.0), operator: *, right: (1.0, 1.0), result: 0.0}
列 'p' 不存在，对列 brewery_name 不过滤，直接选择所有非无效值。
Block processing time: 0.001515 seconds
Computing Block 419 out of 663
Processing Block size=5
begin cleaner{left: ("[FunctionalDependency:(s: {brewery_id}, t: {brewery_name})]", 0.0), operator: *, right: (1.0, 1.0), result: 0.0}
列 'p' 不存在，对列 brewery_name 不过滤，直接选择所有非无效值。
clean_bool length:2
newest best op: Uniop(df,'brewery_name','Indeed Brewing Company',(['brewery_id'], {('277',)}),{left: ("[FunctionalDependency:(s: {brewery_id}, t: {brewery_name})]", 0.0), operator: *, right: (1.0, 1.0), result: 0.0})
now error: 0.0
Block processing time: 0.007491 seconds
Computing Block 420 out of 663
Processing Block size=9
begin cleaner{left: ("[FunctionalDependency:(s: {brewery_id}, t: {brewery_name})]", 0.0), operator: *, right: (1.0, 1.0), result: 0.0}
列 'p' 不存在，对列 brewery_name 不过滤，直接选择所有非无效值。
clean_bool length:2
newest best op: Uniop(df,'brewery_name','Boston Beer Company',(['brewery_id'], {('300',)}),{left: ("[FunctionalDependency:(s: {brewery_id}, t: {brewery_name})]", 0.0), operator: *, right: (1.0, 1.0), result: 0.0})
now error: 0.0
Block processing time: 0.012898 seconds
Computing Block 421 out of 663
Processing Block size=2
begin cleaner{left: ("[FunctionalDependency:(s: {brewery_id}, t: {brewery_name})]", 0.0), operator: *, right: (1.0, 1.0), result: 0.0}
列 'p' 不存在，对列 brewery_name 不过滤，直接选择所有非无效值。
Block processing time: 0.00152 seconds
Computing Block 423 out of 663
Processing Block size=2
begin cleaner{left: ("[FunctionalDependency:(s: {brewery_id}, t: {brewery_name})]", 0.0), operator: *, right: (1.0, 1.0), result: 0.0}
列 'p' 不存在，对列 brewery_name 不过滤，直接选择所有非无效值。
Block processing time: 0.001505 seconds
Computing Block 424 out of 663
Processing Block size=9
begin cleaner{left: ("[FunctionalDependency:(s: {brewery_id}, t: {brewery_name})]", 0.0), operator: *, right: (1.0, 1.0), result: 0.0}
列 'p' 不存在，对列 brewery_name 不过滤，直接选择所有非无效值。
clean_bool length:2
newest best op: Uniop(df,'brewery_name','Manayunk Brewing Company',(['brewery_id'], {('356',)}),{left: ("[FunctionalDependency:(s: {brewery_id}, t: {brewery_name})]", 0.0), operator: *, right: (1.0, 1.0), result: 0.0})
now error: 0.0
Block processing time: 0.012946 seconds
Computing Block 425 out of 663
Processing Block size=2
begin cleaner{left: ("[FunctionalDependency:(s: {brewery_id}, t: {brewery_name})]", 0.0), operator: *, right: (1.0, 1.0), result: 0.0}
列 'p' 不存在，对列 brewery_name 不过滤，直接选择所有非无效值。
Block processing time: 0.00152 seconds
Computing Block 426 out of 663
Processing Block size=2
begin cleaner{left: ("[FunctionalDependency:(s: {brewery_id}, t: {brewery_name})]", 0.0), operator: *, right: (1.0, 1.0), result: 0.0}
列 'p' 不存在，对列 brewery_name 不过滤，直接选择所有非无效值。
Block processing time: 0.001505 seconds
Computing Block 427 out of 663
Processing Block size=7
begin cleaner{left: ("[FunctionalDependency:(s: {brewery_id}, t: {brewery_name})]", 0.0), operator: *, right: (1.0, 1.0), result: 0.0}
列 'p' 不存在，对列 brewery_name 不过滤，直接选择所有非无效值。
clean_bool length:3
newest best op: Uniop(df,'brewery_name','DC Br??au Brewing Compa%ny',(['brewery_id'], {('227',)}),{left: ("[FunctionalDependency:(s: {brewery_id}, t: {brewery_name})]", 0.0), operator: *, right: (1.0, 1.0), result: 0.0})
now error: 0.0
newest best op: Uniop(df,'brewery_name','DC Brau Brewing Company',(['brewery_id'], {('227',)}),{left: ("[FunctionalDependency:(s: {brewery_id}, t: {brewery_name})]", 0.0), operator: *, right: (1.0, 1.0), result: 0.0})
now error: 0.0
Block processing time: 0.016165 seconds
Computing Block 431 out of 663
Processing Block size=2
begin cleaner{left: ("[FunctionalDependency:(s: {brewery_id}, t: {brewery_name})]", 0.0), operator: *, right: (1.0, 1.0), result: 0.0}
列 'p' 不存在，对列 brewery_name 不过滤，直接选择所有非无效值。
Block processing time: 0.00153 seconds
Computing Block 435 out of 663
Processing Block size=6
begin cleaner{left: ("[FunctionalDependency:(s: {brewery_id}, t: {brewery_name})]", 0.0), operator: *, right: (1.0, 1.0), result: 0.0}
列 'p' 不存在，对列 brewery_name 不过滤，直接选择所有非无效值。
Block processing time: 0.004294 seconds
Computing Block 436 out of 663
Processing Block size=2
begin cleaner{left: ("[FunctionalDependency:(s: {brewery_id}, t: {brewery_name})]", 0.0), operator: *, right: (1.0, 1.0), result: 0.0}
列 'p' 不存在，对列 brewery_name 不过滤，直接选择所有非无效值。
Block processing time: 0.001502 seconds
Computing Block 438 out of 663
Processing Block size=2
begin cleaner{left: ("[FunctionalDependency:(s: {brewery_id}, t: {brewery_name})]", 0.0), operator: *, right: (1.0, 1.0), result: 0.0}
列 'p' 不存在，对列 brewery_name 不过滤，直接选择所有非无效值。
Block processing time: 0.001502 seconds
Computing Block 440 out of 663
Processing Block size=2
begin cleaner{left: ("[FunctionalDependency:(s: {brewery_id}, t: {brewery_name})]", 0.0), operator: *, right: (1.0, 1.0), result: 0.0}
列 'p' 不存在，对列 brewery_name 不过滤，直接选择所有非无效值。
Block processing time: 0.001508 seconds
Computing Block 441 out of 663
Processing Block size=2
begin cleaner{left: ("[FunctionalDependency:(s: {brewery_id}, t: {brewery_name})]", 0.0), operator: *, right: (1.0, 1.0), result: 0.0}
列 'p' 不存在，对列 brewery_name 不过滤，直接选择所有非无效值。
Block processing time: 0.001507 seconds
Computing Block 443 out of 663
Processing Block size=3
begin cleaner{left: ("[FunctionalDependency:(s: {brewery_id}, t: {brewery_name})]", 0.0), operator: *, right: (1.0, 1.0), result: 0.0}
列 'p' 不存在，对列 brewery_name 不过滤，直接选择所有非无效值。
Block processing time: 0.002236 seconds
Computing Block 444 out of 663
Processing Block size=3
begin cleaner{left: ("[FunctionalDependency:(s: {brewery_id}, t: {brewery_name})]", 0.0), operator: *, right: (1.0, 1.0), result: 0.0}
列 'p' 不存在，对列 brewery_name 不过滤，直接选择所有非无效值。
Block processing time: 0.002186 seconds
Computing Block 445 out of 663
Processing Block size=4
begin cleaner{left: ("[FunctionalDependency:(s: {brewery_id}, t: {brewery_name})]", 0.0), operator: *, right: (1.0, 1.0), result: 0.0}
列 'p' 不存在，对列 brewery_name 不过滤，直接选择所有非无效值。
Block processing time: 0.002916 seconds
Computing Block 446 out of 663
Processing Block size=3
begin cleaner{left: ("[FunctionalDependency:(s: {brewery_id}, t: {brewery_name})]", 0.0), operator: *, right: (1.0, 1.0), result: 0.0}
列 'p' 不存在，对列 brewery_name 不过滤，直接选择所有非无效值。
Block processing time: 0.002197 seconds
Computing Block 449 out of 663
Processing Block size=7
begin cleaner{left: ("[FunctionalDependency:(s: {brewery_id}, t: {brewery_name})]", 0.0), operator: *, right: (1.0, 1.0), result: 0.0}
列 'p' 不存在，对列 brewery_name 不过滤，直接选择所有非无效值。
Block processing time: 0.004958 seconds
Computing Block 450 out of 663
Processing Block size=5
begin cleaner{left: ("[FunctionalDependency:(s: {brewery_id}, t: {brewery_name})]", 0.0), operator: *, right: (1.0, 1.0), result: 0.0}
列 'p' 不存在，对列 brewery_name 不过滤，直接选择所有非无效值。
clean_bool length:3
newest best op: Uniop(df,'brewery_name','Utah Brewers Cooperative',(['brewery_id'], {('302',)}),{left: ("[FunctionalDependency:(s: {brewery_id}, t: {brewery_name})]", 0.0), operator: *, right: (1.0, 1.0), result: 0.0})
now error: 0.0
Block processing time: 0.01254 seconds
Computing Block 453 out of 663
Processing Block size=22
begin cleaner{left: ("[FunctionalDependency:(s: {brewery_id}, t: {brewery_name})]", 0.0), operator: *, right: (1.0, 1.0), result: 0.0}
列 'p' 不存在，对列 brewery_name 不过滤，直接选择所有非无效值。
clean_bool length:3
newest best op: Uniop(df,'brewery_name','St%evens Point Brewery',(['brewery_id'], {('131',)}),{left: ("[FunctionalDependency:(s: {brewery_id}, t: {brewery_name})]", 0.0), operator: *, right: (1.0, 1.0), result: 0.0})
now error: 0.0
newest best op: Uniop(df,'brewery_name','Stevens Point Brewery',(['brewery_id'], {('131',)}),{left: ("[FunctionalDependency:(s: {brewery_id}, t: {brewery_name})]", 0.0), operator: *, right: (1.0, 1.0), result: 0.0})
now error: 0.0
Block processing time: 0.050107 seconds
Computing Block 454 out of 663
Processing Block size=8
begin cleaner{left: ("[FunctionalDependency:(s: {brewery_id}, t: {brewery_name})]", 0.0), operator: *, right: (1.0, 1.0), result: 0.0}
列 'p' 不存在，对列 brewery_name 不过滤，直接选择所有非无效值。
Block processing time: 0.006147 seconds
Computing Block 455 out of 663
Processing Block size=3
begin cleaner{left: ("[FunctionalDependency:(s: {brewery_id}, t: {brewery_name})]", 0.0), operator: *, right: (1.0, 1.0), result: 0.0}
列 'p' 不存在，对列 brewery_name 不过滤，直接选择所有非无效值。
Block processing time: 0.002444 seconds
Computing Block 457 out of 663
Processing Block size=4
begin cleaner{left: ("[FunctionalDependency:(s: {brewery_id}, t: {brewery_name})]", 0.0), operator: *, right: (1.0, 1.0), result: 0.0}
列 'p' 不存在，对列 brewery_name 不过滤，直接选择所有非无效值。
Block processing time: 0.003208 seconds
Computing Block 458 out of 663
Processing Block size=2
begin cleaner{left: ("[FunctionalDependency:(s: {brewery_id}, t: {brewery_name})]", 0.0), operator: *, right: (1.0, 1.0), result: 0.0}
列 'p' 不存在，对列 brewery_name 不过滤，直接选择所有非无效值。
Block processing time: 0.001649 seconds
Computing Block 459 out of 663
Processing Block size=56
begin cleaner{left: ("[FunctionalDependency:(s: {brewery_id}, t: {brewery_name})]", 0.0), operator: *, right: (1.0, 1.0), result: 0.0}
列 'p' 不存在，对列 brewery_name 不过滤，直接选择所有非无效值。
clean_bool length:8
newest best op: Uniop(df,'brewery_name','@@Brewer@@y Vivant',(['brewery_id'], {('10',)}),{left: ("[FunctionalDependency:(s: {brewery_id}, t: {brewery_name})]", 0.0), operator: *, right: (1.0, 1.0), result: 0.0})
now error: 0.0
newest best op: Uniop(df,'brewery_name','Brewery Viv??ant',(['brewery_id'], {('10',)}),{left: ("[FunctionalDependency:(s: {brewery_id}, t: {brewery_name})]", 0.0), operator: *, right: (1.0, 1.0), result: 0.0})
now error: 0.0
newest best op: Uniop(df,'brewery_name','Brewery Vivant',(['brewery_id'], {('10',)}),{left: ("[FunctionalDependency:(s: {brewery_id}, t: {brewery_name})]", 0.0), operator: *, right: (1.0, 1.0), result: 0.0})
now error: 0.0
Block processing time: 0.336949 seconds
Computing Block 460 out of 663
Processing Block size=11
begin cleaner{left: ("[FunctionalDependency:(s: {brewery_id}, t: {brewery_name})]", 0.0), operator: *, right: (1.0, 1.0), result: 0.0}
列 'p' 不存在，对列 brewery_name 不过滤，直接选择所有非无效值。
Block processing time: 0.007871 seconds
Computing Block 461 out of 663
Processing Block size=5
begin cleaner{left: ("[FunctionalDependency:(s: {brewery_id}, t: {brewery_name})]", 0.0), operator: *, right: (1.0, 1.0), result: 0.0}
列 'p' 不存在，对列 brewery_name 不过滤，直接选择所有非无效值。
Block processing time: 0.003637 seconds
Computing Block 464 out of 663
Processing Block size=2
begin cleaner{left: ("[FunctionalDependency:(s: {brewery_id}, t: {brewery_name})]", 0.0), operator: *, right: (1.0, 1.0), result: 0.0}
列 'p' 不存在，对列 brewery_name 不过滤，直接选择所有非无效值。
clean_bool length:2
newest best op: Uniop(df,'brewery_name','Grey Sail Brewing Company',(['brewery_id'], {('86',)}),{left: ("[FunctionalDependency:(s: {brewery_id}, t: {brewery_name})]", 0.0), operator: *, right: (1.0, 1.0), result: 0.0})
now error: 0.0
Block processing time: 0.003501 seconds
Computing Block 465 out of 663
Processing Block size=7
begin cleaner{left: ("[FunctionalDependency:(s: {brewery_id}, t: {brewery_name})]", 0.0), operator: *, right: (1.0, 1.0), result: 0.0}
列 'p' 不存在，对列 brewery_name 不过滤，直接选择所有非无效值。
clean_bool length:2
newest best op: Uniop(df,'brewery_name','450 North Brewing Company',(['brewery_id'], {('27',)}),{left: ("[FunctionalDependency:(s: {brewery_id}, t: {brewery_name})]", 0.0), operator: *, right: (1.0, 1.0), result: 0.0})
now error: 0.0
Block processing time: 0.010568 seconds
Computing Block 467 out of 663
Processing Block size=3
begin cleaner{left: ("[FunctionalDependency:(s: {brewery_id}, t: {brewery_name})]", 0.0), operator: *, right: (1.0, 1.0), result: 0.0}
列 'p' 不存在，对列 brewery_name 不过滤，直接选择所有非无效值。
Block processing time: 0.002259 seconds
Computing Block 468 out of 663
Processing Block size=2
begin cleaner{left: ("[FunctionalDependency:(s: {brewery_id}, t: {brewery_name})]", 0.0), operator: *, right: (1.0, 1.0), result: 0.0}
列 'p' 不存在，对列 brewery_name 不过滤，直接选择所有非无效值。
clean_bool length:2
newest best op: Uniop(df,'brewery_name','Chatham Brewing',(['brewery_id'], {('226',)}),{left: ("[FunctionalDependency:(s: {brewery_id}, t: {brewery_name})]", 0.0), operator: *, right: (1.0, 1.0), result: 0.0})
now error: 0.0
Block processing time: 0.003421 seconds
Computing Block 469 out of 663
Processing Block size=3
begin cleaner{left: ("[FunctionalDependency:(s: {brewery_id}, t: {brewery_name})]", 0.0), operator: *, right: (1.0, 1.0), result: 0.0}
列 'p' 不存在，对列 brewery_name 不过滤，直接选择所有非无效值。
clean_bool length:3
newest best op: Uniop(df,'brewery_name','Bold Cit@@y Brewery',(['brewery_id'], {('378',)}),{left: ("[FunctionalDependency:(s: {brewery_id}, t: {brewery_name})]", 0.0), operator: *, right: (1.0, 1.0), result: 0.0})
now error: 0.0
newest best op: Uniop(df,'brewery_name','Bold City Brewery',(['brewery_id'], {('378',)}),{left: ("[FunctionalDependency:(s: {brewery_id}, t: {brewery_name})]", 0.0), operator: *, right: (1.0, 1.0), result: 0.0})
now error: 0.0
Block processing time: 0.007335 seconds
Computing Block 470 out of 663
Processing Block size=2
begin cleaner{left: ("[FunctionalDependency:(s: {brewery_id}, t: {brewery_name})]", 0.0), operator: *, right: (1.0, 1.0), result: 0.0}
列 'p' 不存在，对列 brewery_name 不过滤，直接选择所有非无效值。
Block processing time: 0.001567 seconds
Computing Block 471 out of 663
Processing Block size=12
begin cleaner{left: ("[FunctionalDependency:(s: {brewery_id}, t: {brewery_name})]", 0.0), operator: *, right: (1.0, 1.0), result: 0.0}
列 'p' 不存在，对列 brewery_name 不过滤，直接选择所有非无效值。
clean_bool length:2
newest best op: Uniop(df,'brewery_name','Against the Grain Brewery',(['brewery_id'], {('1',)}),{left: ("[FunctionalDependency:(s: {brewery_id}, t: {brewery_name})]", 0.0), operator: *, right: (1.0, 1.0), result: 0.0})
now error: 0.0
Block processing time: 0.016992 seconds
Computing Block 472 out of 663
Processing Block size=4
begin cleaner{left: ("[FunctionalDependency:(s: {brewery_id}, t: {brewery_name})]", 0.0), operator: *, right: (1.0, 1.0), result: 0.0}
列 'p' 不存在，对列 brewery_name 不过滤，直接选择所有非无效值。
Block processing time: 0.002996 seconds
Computing Block 474 out of 663
Processing Block size=3
begin cleaner{left: ("[FunctionalDependency:(s: {brewery_id}, t: {brewery_name})]", 0.0), operator: *, right: (1.0, 1.0), result: 0.0}
列 'p' 不存在，对列 brewery_name 不过滤，直接选择所有非无效值。
Block processing time: 0.002241 seconds
Computing Block 475 out of 663
Processing Block size=2
begin cleaner{left: ("[FunctionalDependency:(s: {brewery_id}, t: {brewery_name})]", 0.0), operator: *, right: (1.0, 1.0), result: 0.0}
列 'p' 不存在，对列 brewery_name 不过滤，直接选择所有非无效值。
Block processing time: 0.001517 seconds
Computing Block 476 out of 663
Processing Block size=2
begin cleaner{left: ("[FunctionalDependency:(s: {brewery_id}, t: {brewery_name})]", 0.0), operator: *, right: (1.0, 1.0), result: 0.0}
列 'p' 不存在，对列 brewery_name 不过滤，直接选择所有非无效值。
Block processing time: 0.001509 seconds
Computing Block 480 out of 663
Processing Block size=5
begin cleaner{left: ("[FunctionalDependency:(s: {brewery_id}, t: {brewery_name})]", 0.0), operator: *, right: (1.0, 1.0), result: 0.0}
列 'p' 不存在，对列 brewery_name 不过滤，直接选择所有非无效值。
clean_bool length:3
newest best op: Uniop(df,'brewery_name','Atwater Br%ewery',(['brewery_id'], {('72',)}),{left: ("[FunctionalDependency:(s: {brewery_id}, t: {brewery_name})]", 0.0), operator: *, right: (1.0, 1.0), result: 0.0})
now error: 0.0
newest best op: Uniop(df,'brewery_name','Atwater Brewery',(['brewery_id'], {('72',)}),{left: ("[FunctionalDependency:(s: {brewery_id}, t: {brewery_name})]", 0.0), operator: *, right: (1.0, 1.0), result: 0.0})
now error: 0.0
Block processing time: 0.011656 seconds
Computing Block 482 out of 663
Processing Block size=6
begin cleaner{left: ("[FunctionalDependency:(s: {brewery_id}, t: {brewery_name})]", 0.0), operator: *, right: (1.0, 1.0), result: 0.0}
列 'p' 不存在，对列 brewery_name 不过滤，直接选择所有非无效值。
clean_bool length:2
newest best op: Uniop(df,'brewery_name','Pete's Brewing Company',(['brewery_id'], {('470',)}),{left: ("[FunctionalDependency:(s: {brewery_id}, t: {brewery_name})]", 0.0), operator: *, right: (1.0, 1.0), result: 0.0})
now error: 0.0
Block processing time: 0.008882 seconds
Computing Block 485 out of 663
Processing Block size=3
begin cleaner{left: ("[FunctionalDependency:(s: {brewery_id}, t: {brewery_name})]", 0.0), operator: *, right: (1.0, 1.0), result: 0.0}
列 'p' 不存在，对列 brewery_name 不过滤，直接选择所有非无效值。
Block processing time: 0.002211 seconds
Computing Block 486 out of 663
Processing Block size=16
begin cleaner{left: ("[FunctionalDependency:(s: {brewery_id}, t: {brewery_name})]", 0.0), operator: *, right: (1.0, 1.0), result: 0.0}
列 'p' 不存在，对列 brewery_name 不过滤，直接选择所有非无效值。
clean_bool length:3
newest best op: Uniop(df,'brewery_name','Upslope Brewing Company',(['brewery_id'], {('51',)}),{left: ("[FunctionalDependency:(s: {brewery_id}, t: {brewery_name})]", 0.0), operator: *, right: (1.0, 1.0), result: 0.0})
now error: 0.0
Block processing time: 0.035604 seconds
Computing Block 488 out of 663
Processing Block size=3
begin cleaner{left: ("[FunctionalDependency:(s: {brewery_id}, t: {brewery_name})]", 0.0), operator: *, right: (1.0, 1.0), result: 0.0}
列 'p' 不存在，对列 brewery_name 不过滤，直接选择所有非无效值。
Block processing time: 0.002207 seconds
Computing Block 489 out of 663
Processing Block size=4
begin cleaner{left: ("[FunctionalDependency:(s: {brewery_id}, t: {brewery_name})]", 0.0), operator: *, right: (1.0, 1.0), result: 0.0}
列 'p' 不存在，对列 brewery_name 不过滤，直接选择所有非无效值。
clean_bool length:2
newest best op: Uniop(df,'brewery_name','Wisconsin Brewing Company',(['brewery_id'], {('211',)}),{left: ("[FunctionalDependency:(s: {brewery_id}, t: {brewery_name})]", 0.0), operator: *, right: (1.0, 1.0), result: 0.0})
now error: 0.0
Block processing time: 0.006122 seconds
Computing Block 491 out of 663
Processing Block size=4
begin cleaner{left: ("[FunctionalDependency:(s: {brewery_id}, t: {brewery_name})]", 0.0), operator: *, right: (1.0, 1.0), result: 0.0}
列 'p' 不存在，对列 brewery_name 不过滤，直接选择所有非无效值。
Block processing time: 0.00301 seconds
Computing Block 493 out of 663
Processing Block size=5
begin cleaner{left: ("[FunctionalDependency:(s: {brewery_id}, t: {brewery_name})]", 0.0), operator: *, right: (1.0, 1.0), result: 0.0}
列 'p' 不存在，对列 brewery_name 不过滤，直接选择所有非无效值。
clean_bool length:3
newest best op: Uniop(df,'brewery_name','Base Camp Brewing C$o.',(['brewery_id'], {('116',)}),{left: ("[FunctionalDependency:(s: {brewery_id}, t: {brewery_name})]", 0.0), operator: *, right: (1.0, 1.0), result: 0.0})
now error: 0.0
newest best op: Uniop(df,'brewery_name','Base Camp Brewing Co.',(['brewery_id'], {('116',)}),{left: ("[FunctionalDependency:(s: {brewery_id}, t: {brewery_name})]", 0.0), operator: *, right: (1.0, 1.0), result: 0.0})
now error: 0.0
Block processing time: 0.011762 seconds
Computing Block 494 out of 663
Processing Block size=3
begin cleaner{left: ("[FunctionalDependency:(s: {brewery_id}, t: {brewery_name})]", 0.0), operator: *, right: (1.0, 1.0), result: 0.0}
列 'p' 不存在，对列 brewery_name 不过滤，直接选择所有非无效值。
clean_bool length:2
newest best op: Uniop(df,'brewery_name','Widmer Brothers Brewing Company',(['brewery_id'], {('296',)}),{left: ("[FunctionalDependency:(s: {brewery_id}, t: {brewery_name})]", 0.0), operator: *, right: (1.0, 1.0), result: 0.0})
now error: 0.0
Block processing time: 0.004857 seconds
Computing Block 495 out of 663
Processing Block size=5
begin cleaner{left: ("[FunctionalDependency:(s: {brewery_id}, t: {brewery_name})]", 0.0), operator: *, right: (1.0, 1.0), result: 0.0}
列 'p' 不存在，对列 brewery_name 不过滤，直接选择所有非无效值。
clean_bool length:3
newest best op: Uniop(df,'brewery_name','Oskar Blues Brewery (North Carol...',(['brewery_id'], {('389',)}),{left: ("[FunctionalDependency:(s: {brewery_id}, t: {brewery_name})]", 0.0), operator: *, right: (1.0, 1.0), result: 0.0})
now error: 0.0
Block processing time: 0.012363 seconds
Computing Block 497 out of 663
Processing Block size=3
begin cleaner{left: ("[FunctionalDependency:(s: {brewery_id}, t: {brewery_name})]", 0.0), operator: *, right: (1.0, 1.0), result: 0.0}
列 'p' 不存在，对列 brewery_name 不过滤，直接选择所有非无效值。
Block processing time: 0.002286 seconds
Computing Block 498 out of 663
Processing Block size=2
begin cleaner{left: ("[FunctionalDependency:(s: {brewery_id}, t: {brewery_name})]", 0.0), operator: *, right: (1.0, 1.0), result: 0.0}
列 'p' 不存在，对列 brewery_name 不过滤，直接选择所有非无效值。
Block processing time: 0.001549 seconds
Computing Block 499 out of 663
Processing Block size=5
begin cleaner{left: ("[FunctionalDependency:(s: {brewery_id}, t: {brewery_name})]", 0.0), operator: *, right: (1.0, 1.0), result: 0.0}
列 'p' 不存在，对列 brewery_name 不过滤，直接选择所有非无效值。
Block processing time: 0.003641 seconds
Computing Block 500 out of 663
Processing Block size=2
begin cleaner{left: ("[FunctionalDependency:(s: {brewery_id}, t: {brewery_name})]", 0.0), operator: *, right: (1.0, 1.0), result: 0.0}
列 'p' 不存在，对列 brewery_name 不过滤，直接选择所有非无效值。
Block processing time: 0.001505 seconds
Computing Block 501 out of 663
Processing Block size=3
begin cleaner{left: ("[FunctionalDependency:(s: {brewery_id}, t: {brewery_name})]", 0.0), operator: *, right: (1.0, 1.0), result: 0.0}
列 'p' 不存在，对列 brewery_name 不过滤，直接选择所有非无效值。
clean_bool length:2
newest best op: Uniop(df,'brewery_name','RoughTail Brewing Company',(['brewery_id'], {('376',)}),{left: ("[FunctionalDependency:(s: {brewery_id}, t: {brewery_name})]", 0.0), operator: *, right: (1.0, 1.0), result: 0.0})
now error: 0.0
Block processing time: 0.004764 seconds
Computing Block 502 out of 663
Processing Block size=4
begin cleaner{left: ("[FunctionalDependency:(s: {brewery_id}, t: {brewery_name})]", 0.0), operator: *, right: (1.0, 1.0), result: 0.0}
列 'p' 不存在，对列 brewery_name 不过滤，直接选择所有非无效值。
Block processing time: 0.002955 seconds
Computing Block 503 out of 663
Processing Block size=5
begin cleaner{left: ("[FunctionalDependency:(s: {brewery_id}, t: {brewery_name})]", 0.0), operator: *, right: (1.0, 1.0), result: 0.0}
列 'p' 不存在，对列 brewery_name 不过滤，直接选择所有非无效值。
Block processing time: 0.003581 seconds
Computing Block 504 out of 663
Processing Block size=4
begin cleaner{left: ("[FunctionalDependency:(s: {brewery_id}, t: {brewery_name})]", 0.0), operator: *, right: (1.0, 1.0), result: 0.0}
列 'p' 不存在，对列 brewery_name 不过滤，直接选择所有非无效值。
Block processing time: 0.002895 seconds
Computing Block 506 out of 663
Processing Block size=4
begin cleaner{left: ("[FunctionalDependency:(s: {brewery_id}, t: {brewery_name})]", 0.0), operator: *, right: (1.0, 1.0), result: 0.0}
列 'p' 不存在，对列 brewery_name 不过滤，直接选择所有非无效值。
Block processing time: 0.002916 seconds
Computing Block 507 out of 663
Processing Block size=2
begin cleaner{left: ("[FunctionalDependency:(s: {brewery_id}, t: {brewery_name})]", 0.0), operator: *, right: (1.0, 1.0), result: 0.0}
列 'p' 不存在，对列 brewery_name 不过滤，直接选择所有非无效值。
clean_bool length:3
newest best op: Uniop(df,'brewery_name','Rising Tide Brewing Company',(['brewery_id'], {('42',)}),{left: ("[FunctionalDependency:(s: {brewery_id}, t: {brewery_name})]", 0.0), operator: *, right: (1.0, 1.0), result: 0.0})
now error: 0.0
Block processing time: 0.005342 seconds
Computing Block 510 out of 663
Processing Block size=2
begin cleaner{left: ("[FunctionalDependency:(s: {brewery_id}, t: {brewery_name})]", 0.0), operator: *, right: (1.0, 1.0), result: 0.0}
列 'p' 不存在，对列 brewery_name 不过滤，直接选择所有非无效值。
Block processing time: 0.001513 seconds
Computing Block 511 out of 663
Processing Block size=5
begin cleaner{left: ("[FunctionalDependency:(s: {brewery_id}, t: {brewery_name})]", 0.0), operator: *, right: (1.0, 1.0), result: 0.0}
列 'p' 不存在，对列 brewery_name 不过滤，直接选择所有非无效值。
clean_bool length:3
newest best op: Uniop(df,'brewery_name','Two Roads Brewing Company',(['brewery_id'], {('435',)}),{left: ("[FunctionalDependency:(s: {brewery_id}, t: {brewery_name})]", 0.0), operator: *, right: (1.0, 1.0), result: 0.0})
now error: 0.0
Block processing time: 0.011954 seconds
Computing Block 512 out of 663
Processing Block size=15
begin cleaner{left: ("[FunctionalDependency:(s: {brewery_id}, t: {brewery_name})]", 0.0), operator: *, right: (1.0, 1.0), result: 0.0}
列 'p' 不存在，对列 brewery_name 不过滤，直接选择所有非无效值。
clean_bool length:3
newest best op: Uniop(df,'brewery_name','SanTan Br#ewing Company',(['brewery_id'], {('30',)}),{left: ("[FunctionalDependency:(s: {brewery_id}, t: {brewery_name})]", 0.0), operator: *, right: (1.0, 1.0), result: 0.0})
now error: 0.0
newest best op: Uniop(df,'brewery_name','SanTan Brewing Company',(['brewery_id'], {('30',)}),{left: ("[FunctionalDependency:(s: {brewery_id}, t: {brewery_name})]", 0.0), operator: *, right: (1.0, 1.0), result: 0.0})
now error: 0.0
Block processing time: 0.033928 seconds
Computing Block 513 out of 663
Processing Block size=3
begin cleaner{left: ("[FunctionalDependency:(s: {brewery_id}, t: {brewery_name})]", 0.0), operator: *, right: (1.0, 1.0), result: 0.0}
列 'p' 不存在，对列 brewery_name 不过滤，直接选择所有非无效值。
Block processing time: 0.00239 seconds
Computing Block 515 out of 663
Processing Block size=5
begin cleaner{left: ("[FunctionalDependency:(s: {brewery_id}, t: {brewery_name})]", 0.0), operator: *, right: (1.0, 1.0), result: 0.0}
列 'p' 不存在，对列 brewery_name 不过滤，直接选择所有非无效值。
clean_bool length:3
newest best op: Uniop(df,'brewery_name','Anchor #Brewing Com%pany',(['brewery_id'], {('35',)}),{left: ("[FunctionalDependency:(s: {brewery_id}, t: {brewery_name})]", 0.0), operator: *, right: (1.0, 1.0), result: 0.0})
now error: 0.0
newest best op: Uniop(df,'brewery_name','Anchor Brewing Company',(['brewery_id'], {('35',)}),{left: ("[FunctionalDependency:(s: {brewery_id}, t: {brewery_name})]", 0.0), operator: *, right: (1.0, 1.0), result: 0.0})
now error: 0.0
Block processing time: 0.01263 seconds
Computing Block 516 out of 663
Processing Block size=2
begin cleaner{left: ("[FunctionalDependency:(s: {brewery_id}, t: {brewery_name})]", 0.0), operator: *, right: (1.0, 1.0), result: 0.0}
列 'p' 不存在，对列 brewery_name 不过滤，直接选择所有非无效值。
Block processing time: 0.001674 seconds
Computing Block 517 out of 663
Processing Block size=2
begin cleaner{left: ("[FunctionalDependency:(s: {brewery_id}, t: {brewery_name})]", 0.0), operator: *, right: (1.0, 1.0), result: 0.0}
列 'p' 不存在，对列 brewery_name 不过滤，直接选择所有非无效值。
Block processing time: 0.001635 seconds
Computing Block 518 out of 663
Processing Block size=3
begin cleaner{left: ("[FunctionalDependency:(s: {brewery_id}, t: {brewery_name})]", 0.0), operator: *, right: (1.0, 1.0), result: 0.0}
列 'p' 不存在，对列 brewery_name 不过滤，直接选择所有非无效值。
Block processing time: 0.002387 seconds
Computing Block 520 out of 663
Processing Block size=2
begin cleaner{left: ("[FunctionalDependency:(s: {brewery_id}, t: {brewery_name})]", 0.0), operator: *, right: (1.0, 1.0), result: 0.0}
列 'p' 不存在，对列 brewery_name 不过滤，直接选择所有非无效值。
Block processing time: 0.00162 seconds
Computing Block 521 out of 663
Processing Block size=2
begin cleaner{left: ("[FunctionalDependency:(s: {brewery_id}, t: {brewery_name})]", 0.0), operator: *, right: (1.0, 1.0), result: 0.0}
列 'p' 不存在，对列 brewery_name 不过滤，直接选择所有非无效值。
Block processing time: 0.001781 seconds
Computing Block 525 out of 663
Processing Block size=4
begin cleaner{left: ("[FunctionalDependency:(s: {brewery_id}, t: {brewery_name})]", 0.0), operator: *, right: (1.0, 1.0), result: 0.0}
列 'p' 不存在，对列 brewery_name 不过滤，直接选择所有非无效值。
Block processing time: 0.003192 seconds
Computing Block 526 out of 663
Processing Block size=2
begin cleaner{left: ("[FunctionalDependency:(s: {brewery_id}, t: {brewery_name})]", 0.0), operator: *, right: (1.0, 1.0), result: 0.0}
列 'p' 不存在，对列 brewery_name 不过滤，直接选择所有非无效值。
clean_bool length:3
newest best op: Uniop(df,'brewery_name','Peak Organic Brewing Company',(['brewery_id'], {('266',)}),{left: ("[FunctionalDependency:(s: {brewery_id}, t: {brewery_name})]", 0.0), operator: *, right: (1.0, 1.0), result: 0.0})
now error: 0.0
Block processing time: 0.005864 seconds
Computing Block 528 out of 663
Processing Block size=8
begin cleaner{left: ("[FunctionalDependency:(s: {brewery_id}, t: {brewery_name})]", 0.0), operator: *, right: (1.0, 1.0), result: 0.0}
列 'p' 不存在，对列 brewery_name 不过滤，直接选择所有非无效值。
clean_bool length:3
newest best op: Uniop(df,'brewery_name','Fort George Br$ewery',(['brewery_id'], {('206',)}),{left: ("[FunctionalDependency:(s: {brewery_id}, t: {brewery_name})]", 0.0), operator: *, right: (1.0, 1.0), result: 0.0})
now error: 0.0
newest best op: Uniop(df,'brewery_name','Fort George Brewery',(['brewery_id'], {('206',)}),{left: ("[FunctionalDependency:(s: {brewery_id}, t: {brewery_name})]", 0.0), operator: *, right: (1.0, 1.0), result: 0.0})
now error: 0.0
Block processing time: 0.018163 seconds
Computing Block 530 out of 663
Processing Block size=7
begin cleaner{left: ("[FunctionalDependency:(s: {brewery_id}, t: {brewery_name})]", 0.0), operator: *, right: (1.0, 1.0), result: 0.0}
列 'p' 不存在，对列 brewery_name 不过滤，直接选择所有非无效值。
clean_bool length:3
newest best op: Uniop(df,'brewery_name','Tin Roof Brewing Company',(['brewery_id'], {('152',)}),{left: ("[FunctionalDependency:(s: {brewery_id}, t: {brewery_name})]", 0.0), operator: *, right: (1.0, 1.0), result: 0.0})
now error: 0.0
Block processing time: 0.016136 seconds
Computing Block 531 out of 663
Processing Block size=5
begin cleaner{left: ("[FunctionalDependency:(s: {brewery_id}, t: {brewery_name})]", 0.0), operator: *, right: (1.0, 1.0), result: 0.0}
列 'p' 不存在，对列 brewery_name 不过滤，直接选择所有非无效值。
clean_bool length:3
newest best op: Uniop(df,'brewery_name','Perrin Brewing Com@@p$any',(['brewery_id'], {('13',)}),{left: ("[FunctionalDependency:(s: {brewery_id}, t: {brewery_name})]", 0.0), operator: *, right: (1.0, 1.0), result: 0.0})
now error: 0.0
newest best op: Uniop(df,'brewery_name','Perrin Brewing Company',(['brewery_id'], {('13',)}),{left: ("[FunctionalDependency:(s: {brewery_id}, t: {brewery_name})]", 0.0), operator: *, right: (1.0, 1.0), result: 0.0})
now error: 0.0
Block processing time: 0.01185 seconds
Computing Block 532 out of 663
Processing Block size=9
begin cleaner{left: ("[FunctionalDependency:(s: {brewery_id}, t: {brewery_name})]", 0.0), operator: *, right: (1.0, 1.0), result: 0.0}
列 'p' 不存在，对列 brewery_name 不过滤，直接选择所有非无效值。
Block processing time: 0.006401 seconds
Computing Block 533 out of 663
Processing Block size=2
begin cleaner{left: ("[FunctionalDependency:(s: {brewery_id}, t: {brewery_name})]", 0.0), operator: *, right: (1.0, 1.0), result: 0.0}
列 'p' 不存在，对列 brewery_name 不过滤，直接选择所有非无效值。
Block processing time: 0.001511 seconds
Computing Block 534 out of 663
Processing Block size=2
begin cleaner{left: ("[FunctionalDependency:(s: {brewery_id}, t: {brewery_name})]", 0.0), operator: *, right: (1.0, 1.0), result: 0.0}
列 'p' 不存在，对列 brewery_name 不过滤，直接选择所有非无效值。
Block processing time: 0.001805 seconds
Computing Block 536 out of 663
Processing Block size=5
begin cleaner{left: ("[FunctionalDependency:(s: {brewery_id}, t: {brewery_name})]", 0.0), operator: *, right: (1.0, 1.0), result: 0.0}
列 'p' 不存在，对列 brewery_name 不过滤，直接选择所有非无效值。
Block processing time: 0.00366 seconds
Computing Block 541 out of 663
Processing Block size=2
begin cleaner{left: ("[FunctionalDependency:(s: {brewery_id}, t: {brewery_name})]", 0.0), operator: *, right: (1.0, 1.0), result: 0.0}
列 'p' 不存在，对列 brewery_name 不过滤，直接选择所有非无效值。
Block processing time: 0.001509 seconds
Computing Block 542 out of 663
Processing Block size=4
begin cleaner{left: ("[FunctionalDependency:(s: {brewery_id}, t: {brewery_name})]", 0.0), operator: *, right: (1.0, 1.0), result: 0.0}
列 'p' 不存在，对列 brewery_name 不过滤，直接选择所有非无效值。
Block processing time: 0.002946 seconds
Computing Block 543 out of 663
Processing Block size=3
begin cleaner{left: ("[FunctionalDependency:(s: {brewery_id}, t: {brewery_name})]", 0.0), operator: *, right: (1.0, 1.0), result: 0.0}
列 'p' 不存在，对列 brewery_name 不过滤，直接选择所有非无效值。
Block processing time: 0.002196 seconds
Computing Block 544 out of 663
Processing Block size=2
begin cleaner{left: ("[FunctionalDependency:(s: {brewery_id}, t: {brewery_name})]", 0.0), operator: *, right: (1.0, 1.0), result: 0.0}
列 'p' 不存在，对列 brewery_name 不过滤，直接选择所有非无效值。
Block processing time: 0.001505 seconds
Computing Block 545 out of 663
Processing Block size=5
begin cleaner{left: ("[FunctionalDependency:(s: {brewery_id}, t: {brewery_name})]", 0.0), operator: *, right: (1.0, 1.0), result: 0.0}
列 'p' 不存在，对列 brewery_name 不过滤，直接选择所有非无效值。
Block processing time: 0.003584 seconds
Computing Block 548 out of 663
Processing Block size=6
begin cleaner{left: ("[FunctionalDependency:(s: {brewery_id}, t: {brewery_name})]", 0.0), operator: *, right: (1.0, 1.0), result: 0.0}
列 'p' 不存在，对列 brewery_name 不过滤，直接选择所有非无效值。
clean_bool length:3
newest best op: Uniop(df,'brewery_name','Evil Czech Brewery',(['brewery_id'], {('26',)}),{left: ("[FunctionalDependency:(s: {brewery_id}, t: {brewery_name})]", 0.0), operator: *, right: (1.0, 1.0), result: 0.0})
now error: 0.0
Block processing time: 0.013825 seconds
Computing Block 549 out of 663
Processing Block size=2
begin cleaner{left: ("[FunctionalDependency:(s: {brewery_id}, t: {brewery_name})]", 0.0), operator: *, right: (1.0, 1.0), result: 0.0}
列 'p' 不存在，对列 brewery_name 不过滤，直接选择所有非无效值。
Block processing time: 0.001519 seconds
Computing Block 550 out of 663
Processing Block size=10
begin cleaner{left: ("[FunctionalDependency:(s: {brewery_id}, t: {brewery_name})]", 0.0), operator: *, right: (1.0, 1.0), result: 0.0}
列 'p' 不存在，对列 brewery_name 不过滤，直接选择所有非无效值。
clean_bool length:2
newest best op: Uniop(df,'brewery_name','Wachusett Brewing Company',(['brewery_id'], {('295',)}),{left: ("[FunctionalDependency:(s: {brewery_id}, t: {brewery_name})]", 0.0), operator: *, right: (1.0, 1.0), result: 0.0})
now error: 0.0
Block processing time: 0.014441 seconds
Computing Block 553 out of 663
Processing Block size=6
begin cleaner{left: ("[FunctionalDependency:(s: {brewery_id}, t: {brewery_name})]", 0.0), operator: *, right: (1.0, 1.0), result: 0.0}
列 'p' 不存在，对列 brewery_name 不过滤，直接选择所有非无效值。
Block processing time: 0.004361 seconds
Computing Block 554 out of 663
Processing Block size=6
begin cleaner{left: ("[FunctionalDependency:(s: {brewery_id}, t: {brewery_name})]", 0.0), operator: *, right: (1.0, 1.0), result: 0.0}
列 'p' 不存在，对列 brewery_name 不过滤，直接选择所有非无效值。
clean_bool length:3
newest best op: Uniop(df,'brewery_name','Natian Brewery',(['brewery_id'], {('387',)}),{left: ("[FunctionalDependency:(s: {brewery_id}, t: {brewery_name})]", 0.0), operator: *, right: (1.0, 1.0), result: 0.0})
now error: 0.0
Block processing time: 0.01359 seconds
Computing Block 555 out of 663
Processing Block size=6
begin cleaner{left: ("[FunctionalDependency:(s: {brewery_id}, t: {brewery_name})]", 0.0), operator: *, right: (1.0, 1.0), result: 0.0}
列 'p' 不存在，对列 brewery_name 不过滤，直接选择所有非无效值。
Block processing time: 0.004332 seconds
Computing Block 556 out of 663
Processing Block size=5
begin cleaner{left: ("[FunctionalDependency:(s: {brewery_id}, t: {brewery_name})]", 0.0), operator: *, right: (1.0, 1.0), result: 0.0}
列 'p' 不存在，对列 brewery_name 不过滤，直接选择所有非无效值。
Block processing time: 0.003601 seconds
Computing Block 558 out of 663
Processing Block size=4
begin cleaner{left: ("[FunctionalDependency:(s: {brewery_id}, t: {brewery_name})]", 0.0), operator: *, right: (1.0, 1.0), result: 0.0}
列 'p' 不存在，对列 brewery_name 不过滤，直接选择所有非无效值。
Block processing time: 0.002975 seconds
Computing Block 560 out of 663
Processing Block size=2
begin cleaner{left: ("[FunctionalDependency:(s: {brewery_id}, t: {brewery_name})]", 0.0), operator: *, right: (1.0, 1.0), result: 0.0}
列 'p' 不存在，对列 brewery_name 不过滤，直接选择所有非无效值。
Block processing time: 0.001514 seconds
Computing Block 561 out of 663
Processing Block size=18
begin cleaner{left: ("[FunctionalDependency:(s: {brewery_id}, t: {brewery_name})]", 0.0), operator: *, right: (1.0, 1.0), result: 0.0}
列 'p' 不存在，对列 brewery_name 不过滤，直接选择所有非无效值。
Block processing time: 0.012782 seconds
Computing Block 564 out of 663
Processing Block size=8
begin cleaner{left: ("[FunctionalDependency:(s: {brewery_id}, t: {brewery_name})]", 0.0), operator: *, right: (1.0, 1.0), result: 0.0}
列 'p' 不存在，对列 brewery_name 不过滤，直接选择所有非无效值。
Block processing time: 0.005718 seconds
Computing Block 566 out of 663
Processing Block size=4
begin cleaner{left: ("[FunctionalDependency:(s: {brewery_id}, t: {brewery_name})]", 0.0), operator: *, right: (1.0, 1.0), result: 0.0}
列 'p' 不存在，对列 brewery_name 不过滤，直接选择所有非无效值。
Block processing time: 0.003075 seconds
Computing Block 567 out of 663
Processing Block size=3
begin cleaner{left: ("[FunctionalDependency:(s: {brewery_id}, t: {brewery_name})]", 0.0), operator: *, right: (1.0, 1.0), result: 0.0}
列 'p' 不存在，对列 brewery_name 不过滤，直接选择所有非无效值。
clean_bool length:3
newest best op: Uniop(df,'brewery_name','KelSo Beer C@@ompany',(['brewery_id'], {('342',)}),{left: ("[FunctionalDependency:(s: {brewery_id}, t: {brewery_name})]", 0.0), operator: *, right: (1.0, 1.0), result: 0.0})
now error: 0.0
newest best op: Uniop(df,'brewery_name','KelSo Beer Company',(['brewery_id'], {('342',)}),{left: ("[FunctionalDependency:(s: {brewery_id}, t: {brewery_name})]", 0.0), operator: *, right: (1.0, 1.0), result: 0.0})
now error: 0.0
Block processing time: 0.007446 seconds
Computing Block 569 out of 663
Processing Block size=2
begin cleaner{left: ("[FunctionalDependency:(s: {brewery_id}, t: {brewery_name})]", 0.0), operator: *, right: (1.0, 1.0), result: 0.0}
列 'p' 不存在，对列 brewery_name 不过滤，直接选择所有非无效值。
Block processing time: 0.001524 seconds
Computing Block 571 out of 663
Processing Block size=3
begin cleaner{left: ("[FunctionalDependency:(s: {brewery_id}, t: {brewery_name})]", 0.0), operator: *, right: (1.0, 1.0), result: 0.0}
列 'p' 不存在，对列 brewery_name 不过滤，直接选择所有非无效值。
Block processing time: 0.002203 seconds
Computing Block 572 out of 663
Processing Block size=4
begin cleaner{left: ("[FunctionalDependency:(s: {brewery_id}, t: {brewery_name})]", 0.0), operator: *, right: (1.0, 1.0), result: 0.0}
列 'p' 不存在，对列 brewery_name 不过滤，直接选择所有非无效值。
Block processing time: 0.002937 seconds
Computing Block 574 out of 663
Processing Block size=2
begin cleaner{left: ("[FunctionalDependency:(s: {brewery_id}, t: {brewery_name})]", 0.0), operator: *, right: (1.0, 1.0), result: 0.0}
列 'p' 不存在，对列 brewery_name 不过滤，直接选择所有非无效值。
Block processing time: 0.001516 seconds
Computing Block 575 out of 663
Processing Block size=3
begin cleaner{left: ("[FunctionalDependency:(s: {brewery_id}, t: {brewery_name})]", 0.0), operator: *, right: (1.0, 1.0), result: 0.0}
列 'p' 不存在，对列 brewery_name 不过滤，直接选择所有非无效值。
Block processing time: 0.00222 seconds
Computing Block 576 out of 663
Processing Block size=2
begin cleaner{left: ("[FunctionalDependency:(s: {brewery_id}, t: {brewery_name})]", 0.0), operator: *, right: (1.0, 1.0), result: 0.0}
列 'p' 不存在，对列 brewery_name 不过滤，直接选择所有非无效值。
Block processing time: 0.001497 seconds
Computing Block 577 out of 663
Processing Block size=2
begin cleaner{left: ("[FunctionalDependency:(s: {brewery_id}, t: {brewery_name})]", 0.0), operator: *, right: (1.0, 1.0), result: 0.0}
列 'p' 不存在，对列 brewery_name 不过滤，直接选择所有非无效值。
Block processing time: 0.001554 seconds
Computing Block 578 out of 663
Processing Block size=2
begin cleaner{left: ("[FunctionalDependency:(s: {brewery_id}, t: {brewery_name})]", 0.0), operator: *, right: (1.0, 1.0), result: 0.0}
列 'p' 不存在，对列 brewery_name 不过滤，直接选择所有非无效值。
clean_bool length:3
newest best op: Uniop(df,'brewery_name','Catawba@@ Valley Brewing Compan%y',(['brewery_id'], {('96',)}),{left: ("[FunctionalDependency:(s: {brewery_id}, t: {brewery_name})]", 0.0), operator: *, right: (1.0, 1.0), result: 0.0})
now error: 0.0
Block processing time: 0.005782 seconds
Computing Block 579 out of 663
Processing Block size=2
begin cleaner{left: ("[FunctionalDependency:(s: {brewery_id}, t: {brewery_name})]", 0.0), operator: *, right: (1.0, 1.0), result: 0.0}
列 'p' 不存在，对列 brewery_name 不过滤，直接选择所有非无效值。
clean_bool length:3
newest best op: Uniop(df,'brewery_name','Denver Beer@@ Compa%ny',(['brewery_id'], {('263',)}),{left: ("[FunctionalDependency:(s: {brewery_id}, t: {brewery_name})]", 0.0), operator: *, right: (1.0, 1.0), result: 0.0})
now error: 0.0
Block processing time: 0.005273 seconds
Computing Block 581 out of 663
Processing Block size=2
begin cleaner{left: ("[FunctionalDependency:(s: {brewery_id}, t: {brewery_name})]", 0.0), operator: *, right: (1.0, 1.0), result: 0.0}
列 'p' 不存在，对列 brewery_name 不过滤，直接选择所有非无效值。
Block processing time: 0.001536 seconds
Computing Block 582 out of 663
Processing Block size=2
begin cleaner{left: ("[FunctionalDependency:(s: {brewery_id}, t: {brewery_name})]", 0.0), operator: *, right: (1.0, 1.0), result: 0.0}
列 'p' 不存在，对列 brewery_name 不过滤，直接选择所有非无效值。
Block processing time: 0.001497 seconds
Computing Block 583 out of 663
Processing Block size=7
begin cleaner{left: ("[FunctionalDependency:(s: {brewery_id}, t: {brewery_name})]", 0.0), operator: *, right: (1.0, 1.0), result: 0.0}
列 'p' 不存在，对列 brewery_name 不过滤，直接选择所有非无效值。
Block processing time: 0.005013 seconds
Computing Block 584 out of 663
Processing Block size=2
begin cleaner{left: ("[FunctionalDependency:(s: {brewery_id}, t: {brewery_name})]", 0.0), operator: *, right: (1.0, 1.0), result: 0.0}
列 'p' 不存在，对列 brewery_name 不过滤，直接选择所有非无效值。
Block processing time: 0.00151 seconds
Computing Block 585 out of 663
Processing Block size=2
begin cleaner{left: ("[FunctionalDependency:(s: {brewery_id}, t: {brewery_name})]", 0.0), operator: *, right: (1.0, 1.0), result: 0.0}
列 'p' 不存在，对列 brewery_name 不过滤，直接选择所有非无效值。
Block processing time: 0.001511 seconds
Computing Block 588 out of 663
Processing Block size=3
begin cleaner{left: ("[FunctionalDependency:(s: {brewery_id}, t: {brewery_name})]", 0.0), operator: *, right: (1.0, 1.0), result: 0.0}
列 'p' 不存在，对列 brewery_name 不过滤，直接选择所有非无效值。
Block processing time: 0.002214 seconds
Computing Block 589 out of 663
Processing Block size=2
begin cleaner{left: ("[FunctionalDependency:(s: {brewery_id}, t: {brewery_name})]", 0.0), operator: *, right: (1.0, 1.0), result: 0.0}
列 'p' 不存在，对列 brewery_name 不过滤，直接选择所有非无效值。
Block processing time: 0.001506 seconds
Computing Block 590 out of 663
Processing Block size=4
begin cleaner{left: ("[FunctionalDependency:(s: {brewery_id}, t: {brewery_name})]", 0.0), operator: *, right: (1.0, 1.0), result: 0.0}
列 'p' 不存在，对列 brewery_name 不过滤，直接选择所有非无效值。
Block processing time: 0.002881 seconds
Computing Block 591 out of 663
Processing Block size=2
begin cleaner{left: ("[FunctionalDependency:(s: {brewery_id}, t: {brewery_name})]", 0.0), operator: *, right: (1.0, 1.0), result: 0.0}
列 'p' 不存在，对列 brewery_name 不过滤，直接选择所有非无效值。
Block processing time: 0.001544 seconds
Computing Block 592 out of 663
Processing Block size=3
begin cleaner{left: ("[FunctionalDependency:(s: {brewery_id}, t: {brewery_name})]", 0.0), operator: *, right: (1.0, 1.0), result: 0.0}
列 'p' 不存在，对列 brewery_name 不过滤，直接选择所有非无效值。
Block processing time: 0.002235 seconds
Computing Block 594 out of 663
Processing Block size=4
begin cleaner{left: ("[FunctionalDependency:(s: {brewery_id}, t: {brewery_name})]", 0.0), operator: *, right: (1.0, 1.0), result: 0.0}
列 'p' 不存在，对列 brewery_name 不过滤，直接选择所有非无效值。
Block processing time: 0.002919 seconds
Computing Block 597 out of 663
Processing Block size=2
begin cleaner{left: ("[FunctionalDependency:(s: {brewery_id}, t: {brewery_name})]", 0.0), operator: *, right: (1.0, 1.0), result: 0.0}
列 'p' 不存在，对列 brewery_name 不过滤，直接选择所有非无效值。
Block processing time: 0.001562 seconds
Computing Block 599 out of 663
Processing Block size=3
begin cleaner{left: ("[FunctionalDependency:(s: {brewery_id}, t: {brewery_name})]", 1.0), operator: *, right: (1.0, 1.0), result: 1.0}
列 'p' 不存在，对列 brewery_name 不过滤，直接选择所有非无效值。
clean_bool length:2
newest best op: Uniop(df,'brewery_name','Warped Wing Brewing Company',(['brewery_id'], {('94',)}),{left: ("[FunctionalDependency:(s: {brewery_id}, t: {brewery_name})]", 0.0), operator: *, right: (1.0, 1.0), result: 0.0})
now error: 0.0
Block processing time: 0.004833 seconds
Computing Block 600 out of 663
Processing Block size=3
begin cleaner{left: ("[FunctionalDependency:(s: {brewery_id}, t: {brewery_name})]", 0.0), operator: *, right: (1.0, 1.0), result: 0.0}
列 'p' 不存在，对列 brewery_name 不过滤，直接选择所有非无效值。
Block processing time: 0.002275 seconds
Computing Block 601 out of 663
Processing Block size=4
begin cleaner{left: ("[FunctionalDependency:(s: {brewery_id}, t: {brewery_name})]", 0.0), operator: *, right: (1.0, 1.0), result: 0.0}
列 'p' 不存在，对列 brewery_name 不过滤，直接选择所有非无效值。
Block processing time: 0.002901 seconds
Computing Block 602 out of 663
Processing Block size=2
begin cleaner{left: ("[FunctionalDependency:(s: {brewery_id}, t: {brewery_name})]", 0.0), operator: *, right: (1.0, 1.0), result: 0.0}
列 'p' 不存在，对列 brewery_name 不过滤，直接选择所有非无效值。
Block processing time: 0.0015 seconds
Computing Block 603 out of 663
Processing Block size=2
begin cleaner{left: ("[FunctionalDependency:(s: {brewery_id}, t: {brewery_name})]", 0.0), operator: *, right: (1.0, 1.0), result: 0.0}
列 'p' 不存在，对列 brewery_name 不过滤，直接选择所有非无效值。
Block processing time: 0.001496 seconds
Computing Block 606 out of 663
Processing Block size=4
begin cleaner{left: ("[FunctionalDependency:(s: {brewery_id}, t: {brewery_name})]", 0.0), operator: *, right: (1.0, 1.0), result: 0.0}
列 'p' 不存在，对列 brewery_name 不过滤，直接选择所有非无效值。
Block processing time: 0.002965 seconds
Computing Block 607 out of 663
Processing Block size=2
begin cleaner{left: ("[FunctionalDependency:(s: {brewery_id}, t: {brewery_name})]", 0.0), operator: *, right: (1.0, 1.0), result: 0.0}
列 'p' 不存在，对列 brewery_name 不过滤，直接选择所有非无效值。
Block processing time: 0.001506 seconds
Computing Block 608 out of 663
Processing Block size=4
begin cleaner{left: ("[FunctionalDependency:(s: {brewery_id}, t: {brewery_name})]", 0.0), operator: *, right: (1.0, 1.0), result: 0.0}
列 'p' 不存在，对列 brewery_name 不过滤，直接选择所有非无效值。
Block processing time: 0.002951 seconds
Computing Block 610 out of 663
Processing Block size=3
begin cleaner{left: ("[FunctionalDependency:(s: {brewery_id}, t: {brewery_name})]", 0.0), operator: *, right: (1.0, 1.0), result: 0.0}
列 'p' 不存在，对列 brewery_name 不过滤，直接选择所有非无效值。
clean_bool length:2
newest best op: Uniop(df,'brewery_name','Brew Bus Brewing',(['brewery_id'], {('308',)}),{left: ("[FunctionalDependency:(s: {brewery_id}, t: {brewery_name})]", 0.0), operator: *, right: (1.0, 1.0), result: 0.0})
now error: 0.0
Block processing time: 0.004776 seconds
Computing Block 611 out of 663
Processing Block size=3
begin cleaner{left: ("[FunctionalDependency:(s: {brewery_id}, t: {brewery_name})]", 0.0), operator: *, right: (1.0, 1.0), result: 0.0}
列 'p' 不存在，对列 brewery_name 不过滤，直接选择所有非无效值。
Block processing time: 0.002223 seconds
Computing Block 612 out of 663
Processing Block size=3
begin cleaner{left: ("[FunctionalDependency:(s: {brewery_id}, t: {brewery_name})]", 0.0), operator: *, right: (1.0, 1.0), result: 0.0}
列 'p' 不存在，对列 brewery_name 不过滤，直接选择所有非无效值。
clean_bool length:2
newest best op: Uniop(df,'brewery_name','The Right Brain Brewery',(['brewery_id'], {('438',)}),{left: ("[FunctionalDependency:(s: {brewery_id}, t: {brewery_name})]", 0.0), operator: *, right: (1.0, 1.0), result: 0.0})
now error: 0.0
Block processing time: 0.004856 seconds
Computing Block 615 out of 663
Processing Block size=2
begin cleaner{left: ("[FunctionalDependency:(s: {brewery_id}, t: {brewery_name})]", 0.0), operator: *, right: (1.0, 1.0), result: 0.0}
列 'p' 不存在，对列 brewery_name 不过滤，直接选择所有非无效值。
clean_bool length:3
newest best op: Uniop(df,'brewery_name','Woodstock I$nn Sta??tion & Brewery',(['brewery_id'], {('109',)}),{left: ("[FunctionalDependency:(s: {brewery_id}, t: {brewery_name})]", 0.0), operator: *, right: (1.0, 1.0), result: 0.0})
now error: 0.0
Block processing time: 0.005568 seconds
Computing Block 616 out of 663
Processing Block size=12
begin cleaner{left: ("[FunctionalDependency:(s: {brewery_id}, t: {brewery_name})]", 0.0), operator: *, right: (1.0, 1.0), result: 0.0}
列 'p' 不存在，对列 brewery_name 不过滤，直接选择所有非无效值。
Block processing time: 0.008477 seconds
Computing Block 617 out of 663
Processing Block size=7
begin cleaner{left: ("[FunctionalDependency:(s: {brewery_id}, t: {brewery_name})]", 0.0), operator: *, right: (1.0, 1.0), result: 0.0}
列 'p' 不存在，对列 brewery_name 不过滤，直接选择所有非无效值。
Block processing time: 0.004966 seconds
Computing Block 618 out of 663
Processing Block size=4
begin cleaner{left: ("[FunctionalDependency:(s: {brewery_id}, t: {brewery_name})]", 0.0), operator: *, right: (1.0, 1.0), result: 0.0}
列 'p' 不存在，对列 brewery_name 不过滤，直接选择所有非无效值。
Block processing time: 0.002945 seconds
Computing Block 620 out of 663
Processing Block size=3
begin cleaner{left: ("[FunctionalDependency:(s: {brewery_id}, t: {brewery_name})]", 0.0), operator: *, right: (1.0, 1.0), result: 0.0}
列 'p' 不存在，对列 brewery_name 不过滤，直接选择所有非无效值。
Block processing time: 0.002193 seconds
Computing Block 623 out of 663
Processing Block size=2
begin cleaner{left: ("[FunctionalDependency:(s: {brewery_id}, t: {brewery_name})]", 0.0), operator: *, right: (1.0, 1.0), result: 0.0}
列 'p' 不存在，对列 brewery_name 不过滤，直接选择所有非无效值。
Block processing time: 0.001503 seconds
Computing Block 626 out of 663
Processing Block size=5
begin cleaner{left: ("[FunctionalDependency:(s: {brewery_id}, t: {brewery_name})]", 0.0), operator: *, right: (1.0, 1.0), result: 0.0}
列 'p' 不存在，对列 brewery_name 不过滤，直接选择所有非无效值。
clean_bool length:3
newest best op: Uniop(df,'brewery_name','Mustang Brewing Comp??an%y',(['brewery_id'], {('366',)}),{left: ("[FunctionalDependency:(s: {brewery_id}, t: {brewery_name})]", 0.0), operator: *, right: (1.0, 1.0), result: 0.0})
now error: 0.0
newest best op: Uniop(df,'brewery_name','Mustang Brewing Company',(['brewery_id'], {('366',)}),{left: ("[FunctionalDependency:(s: {brewery_id}, t: {brewery_name})]", 0.0), operator: *, right: (1.0, 1.0), result: 0.0})
now error: 0.0
Block processing time: 0.011854 seconds
Computing Block 627 out of 663
Processing Block size=12
begin cleaner{left: ("[FunctionalDependency:(s: {brewery_id}, t: {brewery_name})]", 0.0), operator: *, right: (1.0, 1.0), result: 0.0}
列 'p' 不存在，对列 brewery_name 不过滤，直接选择所有非无效值。
clean_bool length:3
newest best op: Uniop(df,'brewery_name','Ska Brewing Company',(['brewery_id'], {('264',)}),{left: ("[FunctionalDependency:(s: {brewery_id}, t: {brewery_name})]", 0.0), operator: *, right: (1.0, 1.0), result: 0.0})
now error: 0.0
Block processing time: 0.027336 seconds
Computing Block 628 out of 663
Processing Block size=5
begin cleaner{left: ("[FunctionalDependency:(s: {brewery_id}, t: {brewery_name})]", 0.0), operator: *, right: (1.0, 1.0), result: 0.0}
列 'p' 不存在，对列 brewery_name 不过滤，直接选择所有非无效值。
Block processing time: 0.003587 seconds
Computing Block 629 out of 663
Processing Block size=5
begin cleaner{left: ("[FunctionalDependency:(s: {brewery_id}, t: {brewery_name})]", 0.0), operator: *, right: (1.0, 1.0), result: 0.0}
列 'p' 不存在，对列 brewery_name 不过滤，直接选择所有非无效值。
clean_bool length:3
newest best op: Uniop(df,'brewery_name','Goose Island @@Brewing Company',(['brewery_id'], {('88',)}),{left: ("[FunctionalDependency:(s: {brewery_id}, t: {brewery_name})]", 0.0), operator: *, right: (1.0, 1.0), result: 0.0})
now error: 0.0
newest best op: Uniop(df,'brewery_name','Goose Island Brewing Company',(['brewery_id'], {('88',)}),{left: ("[FunctionalDependency:(s: {brewery_id}, t: {brewery_name})]", 0.0), operator: *, right: (1.0, 1.0), result: 0.0})
now error: 0.0
Block processing time: 0.011941 seconds
Computing Block 631 out of 663
Processing Block size=5
begin cleaner{left: ("[FunctionalDependency:(s: {brewery_id}, t: {brewery_name})]", 0.0), operator: *, right: (1.0, 1.0), result: 0.0}
列 'p' 不存在，对列 brewery_name 不过滤，直接选择所有非无效值。
Block processing time: 0.003614 seconds
Computing Block 632 out of 663
Processing Block size=3
begin cleaner{left: ("[FunctionalDependency:(s: {brewery_id}, t: {brewery_name})]", 0.0), operator: *, right: (1.0, 1.0), result: 0.0}
列 'p' 不存在，对列 brewery_name 不过滤，直接选择所有非无效值。
Block processing time: 0.002211 seconds
Computing Block 638 out of 663
Processing Block size=3
begin cleaner{left: ("[FunctionalDependency:(s: {brewery_id}, t: {brewery_name})]", 0.0), operator: *, right: (1.0, 1.0), result: 0.0}
列 'p' 不存在，对列 brewery_name 不过滤，直接选择所有非无效值。
clean_bool length:3
newest best op: Uniop(df,'brewery_name','Big Elm Brewing',(['brewery_id'], {('477',)}),{left: ("[FunctionalDependency:(s: {brewery_id}, t: {brewery_name})]", 0.0), operator: *, right: (1.0, 1.0), result: 0.0})
now error: 0.0
Block processing time: 0.007366 seconds
Computing Block 639 out of 663
Processing Block size=3
begin cleaner{left: ("[FunctionalDependency:(s: {brewery_id}, t: {brewery_name})]", 0.0), operator: *, right: (1.0, 1.0), result: 0.0}
列 'p' 不存在，对列 brewery_name 不过滤，直接选择所有非无效值。
Block processing time: 0.002204 seconds
Computing Block 640 out of 663
Processing Block size=7
begin cleaner{left: ("[FunctionalDependency:(s: {brewery_id}, t: {brewery_name})]", 0.0), operator: *, right: (1.0, 1.0), result: 0.0}
列 'p' 不存在，对列 brewery_name 不过滤，直接选择所有非无效值。
clean_bool length:3
newest best op: Uniop(df,'brewery_name','Destihl %Brewery??',(['brewery_id'], {('57',)}),{left: ("[FunctionalDependency:(s: {brewery_id}, t: {brewery_name})]", 0.0), operator: *, right: (1.0, 1.0), result: 0.0})
now error: 0.0
newest best op: Uniop(df,'brewery_name','Destihl Brewery',(['brewery_id'], {('57',)}),{left: ("[FunctionalDependency:(s: {brewery_id}, t: {brewery_name})]", 0.0), operator: *, right: (1.0, 1.0), result: 0.0})
now error: 0.0
Block processing time: 0.015867 seconds
Computing Block 641 out of 663
Processing Block size=3
begin cleaner{left: ("[FunctionalDependency:(s: {brewery_id}, t: {brewery_name})]", 0.0), operator: *, right: (1.0, 1.0), result: 0.0}
列 'p' 不存在，对列 brewery_name 不过滤，直接选择所有非无效值。
clean_bool length:3
newest best op: Uniop(df,'brewery_name','Flat 12 Bierwerks',(['brewery_id'], {('16',)}),{left: ("[FunctionalDependency:(s: {brewery_id}, t: {brewery_name})]", 0.0), operator: *, right: (1.0, 1.0), result: 0.0})
now error: 0.0
Block processing time: 0.007337 seconds
Computing Block 642 out of 663
Processing Block size=2
begin cleaner{left: ("[FunctionalDependency:(s: {brewery_id}, t: {brewery_name})]", 0.0), operator: *, right: (1.0, 1.0), result: 0.0}
列 'p' 不存在，对列 brewery_name 不过滤，直接选择所有非无效值。
clean_bool length:3
newest best op: Uniop(df,'brewery_name','Devil's Backbone Brewing?? Company$',(['brewery_id'], {('237',)}),{left: ("[FunctionalDependency:(s: {brewery_id}, t: {brewery_name})]", 0.0), operator: *, right: (1.0, 1.0), result: 0.0})
now error: 0.0
Block processing time: 0.005474 seconds
Computing Block 643 out of 663
Processing Block size=3
begin cleaner{left: ("[FunctionalDependency:(s: {brewery_id}, t: {brewery_name})]", 0.0), operator: *, right: (1.0, 1.0), result: 0.0}
列 'p' 不存在，对列 brewery_name 不过滤，直接选择所有非无效值。
clean_bool length:3
newest best op: Uniop(df,'brewery_name','Westfield River Brewi$ng Company',(['brewery_id'], {('351',)}),{left: ("[FunctionalDependency:(s: {brewery_id}, t: {brewery_name})]", 0.0), operator: *, right: (1.0, 1.0), result: 0.0})
now error: 0.0
newest best op: Uniop(df,'brewery_name','Westfield River Brewing Company',(['brewery_id'], {('351',)}),{left: ("[FunctionalDependency:(s: {brewery_id}, t: {brewery_name})]", 0.0), operator: *, right: (1.0, 1.0), result: 0.0})
now error: 0.0
Block processing time: 0.007706 seconds
Computing Block 645 out of 663
Processing Block size=5
begin cleaner{left: ("[FunctionalDependency:(s: {brewery_id}, t: {brewery_name})]", 0.0), operator: *, right: (1.0, 1.0), result: 0.0}
列 'p' 不存在，对列 brewery_name 不过滤，直接选择所有非无效值。
Block processing time: 0.003675 seconds
Computing Block 646 out of 663
Processing Block size=3
begin cleaner{left: ("[FunctionalDependency:(s: {brewery_id}, t: {brewery_name})]", 0.0), operator: *, right: (1.0, 1.0), result: 0.0}
列 'p' 不存在，对列 brewery_name 不过滤，直接选择所有非无效值。
Block processing time: 0.00221 seconds
Computing Block 648 out of 663
Processing Block size=2
begin cleaner{left: ("[FunctionalDependency:(s: {brewery_id}, t: {brewery_name})]", 0.0), operator: *, right: (1.0, 1.0), result: 0.0}
列 'p' 不存在，对列 brewery_name 不过滤，直接选择所有非无效值。
Block processing time: 0.001503 seconds
Computing Block 649 out of 663
Processing Block size=4
begin cleaner{left: ("[FunctionalDependency:(s: {brewery_id}, t: {brewery_name})]", 0.0), operator: *, right: (1.0, 1.0), result: 0.0}
列 'p' 不存在，对列 brewery_name 不过滤，直接选择所有非无效值。
Block processing time: 0.002884 seconds
Computing Block 650 out of 663
Processing Block size=2
begin cleaner{left: ("[FunctionalDependency:(s: {brewery_id}, t: {brewery_name})]", 0.0), operator: *, right: (1.0, 1.0), result: 0.0}
列 'p' 不存在，对列 brewery_name 不过滤，直接选择所有非无效值。
clean_bool length:3
newest best op: Uniop(df,'brewery_name','Crystal S@@prings Brewing Compan@@y',(['brewery_id'], {('472',)}),{left: ("[FunctionalDependency:(s: {brewery_id}, t: {brewery_name})]", 0.0), operator: *, right: (1.0, 1.0), result: 0.0})
now error: 0.0
Block processing time: 0.005456 seconds
Computing Block 652 out of 663
Processing Block size=4
WARNING:root:No partitioning rule specified, processing might be slow
begin cleaner{left: ("[FunctionalDependency:(s: {brewery_id}, t: {brewery_name})]", 0.0), operator: *, right: (1.0, 1.0), result: 0.0}
列 'p' 不存在，对列 brewery_name 不过滤，直接选择所有非无效值。
clean_bool length:2
newest best op: Uniop(df,'brewery_name','Four String Brewing Company',(['brewery_id'], {('105',)}),{left: ("[FunctionalDependency:(s: {brewery_id}, t: {brewery_name})]", 0.0), operator: *, right: (1.0, 1.0), result: 0.0})
now error: 0.0
Block processing time: 0.006163 seconds
Computing Block 653 out of 663
Processing Block size=3
begin cleaner{left: ("[FunctionalDependency:(s: {brewery_id}, t: {brewery_name})]", 0.0), operator: *, right: (1.0, 1.0), result: 0.0}
列 'p' 不存在，对列 brewery_name 不过滤，直接选择所有非无效值。
clean_bool length:2
newest best op: Uniop(df,'brewery_name','Monkey Paw Pub & Brewery',(['brewery_id'], {('514',)}),{left: ("[FunctionalDependency:(s: {brewery_id}, t: {brewery_name})]", 0.0), operator: *, right: (1.0, 1.0), result: 0.0})
now error: 0.0
Block processing time: 0.004815 seconds
Computing Block 654 out of 663
Processing Block size=3
begin cleaner{left: ("[FunctionalDependency:(s: {brewery_id}, t: {brewery_name})]", 0.0), operator: *, right: (1.0, 1.0), result: 0.0}
列 'p' 不存在，对列 brewery_name 不过滤，直接选择所有非无效值。
clean_bool length:2
newest best op: Uniop(df,'brewery_name','Tractor Brewing Company',(['brewery_id'], {('265',)}),{left: ("[FunctionalDependency:(s: {brewery_id}, t: {brewery_name})]", 0.0), operator: *, right: (1.0, 1.0), result: 0.0})
now error: 0.0
Block processing time: 0.004793 seconds
Computing Block 656 out of 663
Processing Block size=6
begin cleaner{left: ("[FunctionalDependency:(s: {brewery_id}, t: {brewery_name})]", 0.0), operator: *, right: (1.0, 1.0), result: 0.0}
列 'p' 不存在，对列 brewery_name 不过滤，直接选择所有非无效值。
Block processing time: 0.004343 seconds
Computing Block 657 out of 663
Processing Block size=31
begin cleaner{left: ("[FunctionalDependency:(s: {brewery_id}, t: {brewery_name})]", 0.0), operator: *, right: (1.0, 1.0), result: 0.0}
列 'p' 不存在，对列 brewery_name 不过滤，直接选择所有非无效值。
clean_bool length:6
newest best op: Uniop(df,'brewery_name','Oskar Blues Brewery',(['brewery_id'], {('166',)}),{left: ("[FunctionalDependency:(s: {brewery_id}, t: {brewery_name})]", 0.0), operator: *, right: (1.0, 1.0), result: 0.0})
now error: 0.0
Block processing time: 0.141786 seconds
Computing Block 658 out of 663
Processing Block size=3
begin cleaner{left: ("[FunctionalDependency:(s: {brewery_id}, t: {brewery_name})]", 0.0), operator: *, right: (1.0, 1.0), result: 0.0}
列 'p' 不存在，对列 brewery_name 不过滤，直接选择所有非无效值。
Block processing time: 0.002269 seconds
Computing Block 660 out of 663
Processing Block size=2
begin cleaner{left: ("[FunctionalDependency:(s: {brewery_id}, t: {brewery_name})]", 0.0), operator: *, right: (1.0, 1.0), result: 0.0}
列 'p' 不存在，对列 brewery_name 不过滤，直接选择所有非无效值。
clean_bool length:2
newest best op: Uniop(df,'brewery_name','Rivertown Brewing Company',(['brewery_id'], {('321',)}),{left: ("[FunctionalDependency:(s: {brewery_id}, t: {brewery_name})]", 0.0), operator: *, right: (1.0, 1.0), result: 0.0})
now error: 0.0
Block processing time: 0.003535 seconds
Computing Block 662 out of 663
Processing Block size=3
begin cleaner{left: ("[FunctionalDependency:(s: {brewery_id}, t: {brewery_name})]", 0.0), operator: *, right: (1.0, 1.0), result: 0.0}
列 'p' 不存在，对列 brewery_name 不过滤，直接选择所有非无效值。
Block processing time: 0.00224 seconds
  当前节点: brewery_name 有 139 个清洗操作
  当前节点: city 存在可用清洗信号
数据块大小: 2410
分块属性:
[['brewery_id']]
Starting initial block mapping...
Initial number of blocks: 663
Final number of blocks after further splitting: 663
Computing Block 1 out of 663
Processing Block size=8
begin cleaner[FunctionalDependency:(s: {'brewery_id'}, t: {'city'})]*1.0
列 'p' 不存在，对列 city 不过滤，直接选择所有非无效值。
Block processing time: 0.005904 seconds
Computing Block 2 out of 663
Processing Block size=5
begin cleaner{left: ("[FunctionalDependency:(s: {brewery_id}, t: {city})]", 0.0), operator: *, right: (1.0, 1.0), result: 0.0}
列 'p' 不存在，对列 city 不过滤，直接选择所有非无效值。
Block processing time: 0.003621 seconds
Computing Block 3 out of 663
Processing Block size=4
begin cleaner{left: ("[FunctionalDependency:(s: {brewery_id}, t: {city})]", 0.0), operator: *, right: (1.0, 1.0), result: 0.0}
列 'p' 不存在，对列 city 不过滤，直接选择所有非无效值。
clean_bool length:2
newest best op: Uniop(df,'city','Anchorage',(['brewery_id'], {('102',)}),{left: ("[FunctionalDependency:(s: {brewery_id}, t: {city})]", 0.0), operator: *, right: (1.0, 1.0), result: 0.0})
now error: 0.0
Block processing time: 0.006243 seconds
Computing Block 6 out of 663
Processing Block size=4
begin cleaner{left: ("[FunctionalDependency:(s: {brewery_id}, t: {city})]", 0.0), operator: *, right: (1.0, 1.0), result: 0.0}
列 'p' 不存在，对列 city 不过滤，直接选择所有非无效值。
Block processing time: 0.002945 seconds
Computing Block 7 out of 663
Processing Block size=4
begin cleaner{left: ("[FunctionalDependency:(s: {brewery_id}, t: {city})]", 0.0), operator: *, right: (1.0, 1.0), result: 0.0}
列 'p' 不存在，对列 city 不过滤，直接选择所有非无效值。
Block processing time: 0.002895 seconds
Computing Block 10 out of 663
Processing Block size=2
begin cleaner{left: ("[FunctionalDependency:(s: {brewery_id}, t: {city})]", 0.0), operator: *, right: (1.0, 1.0), result: 0.0}
列 'p' 不存在，对列 city 不过滤，直接选择所有非无效值。
Block processing time: 0.001573 seconds
Computing Block 11 out of 663
Processing Block size=4
begin cleaner{left: ("[FunctionalDependency:(s: {brewery_id}, t: {city})]", 0.0), operator: *, right: (1.0, 1.0), result: 0.0}
列 'p' 不存在，对列 city 不过滤，直接选择所有非无效值。
clean_bool length:3
newest best op: Uniop(df,'city','C%harlott#e',(['brewery_id'], {('497',)}),{left: ("[FunctionalDependency:(s: {brewery_id}, t: {city})]", 0.0), operator: *, right: (1.0, 1.0), result: 0.0})
now error: 0.0
newest best op: Uniop(df,'city','Charlotte',(['brewery_id'], {('497',)}),{left: ("[FunctionalDependency:(s: {brewery_id}, t: {city})]", 0.0), operator: *, right: (1.0, 1.0), result: 0.0})
now error: 0.0
Block processing time: 0.009371 seconds
Computing Block 12 out of 663
Processing Block size=2
begin cleaner{left: ("[FunctionalDependency:(s: {brewery_id}, t: {city})]", 0.0), operator: *, right: (1.0, 1.0), result: 0.0}
列 'p' 不存在，对列 city 不过滤，直接选择所有非无效值。
clean_bool length:3
newest best op: Uniop(df,'city','Kinston',(['brewery_id'], {('540',)}),{left: ("[FunctionalDependency:(s: {brewery_id}, t: {city})]", 0.0), operator: *, right: (1.0, 1.0), result: 0.0})
now error: 0.0
Block processing time: 0.005121 seconds
Computing Block 14 out of 663
Processing Block size=3
begin cleaner{left: ("[FunctionalDependency:(s: {brewery_id}, t: {city})]", 0.0), operator: *, right: (1.0, 1.0), result: 0.0}
列 'p' 不存在，对列 city 不过滤，直接选择所有非无效值。
Block processing time: 0.002234 seconds
Computing Block 17 out of 663
Processing Block size=3
begin cleaner{left: ("[FunctionalDependency:(s: {brewery_id}, t: {city})]", 0.0), operator: *, right: (1.0, 1.0), result: 0.0}
列 'p' 不存在，对列 city 不过滤，直接选择所有非无效值。
Block processing time: 0.002227 seconds
Computing Block 19 out of 663
Processing Block size=8
begin cleaner{left: ("[FunctionalDependency:(s: {brewery_id}, t: {city})]", 0.0), operator: *, right: (1.0, 1.0), result: 0.0}
列 'p' 不存在，对列 city 不过滤，直接选择所有非无效值。
clean_bool length:2
newest best op: Uniop(df,'city','Cincinnati',(['brewery_id'], {('91',)}),{left: ("[FunctionalDependency:(s: {brewery_id}, t: {city})]", 0.0), operator: *, right: (1.0, 1.0), result: 0.0})
now error: 0.0
Block processing time: 0.011607 seconds
Computing Block 20 out of 663
Processing Block size=3
begin cleaner{left: ("[FunctionalDependency:(s: {brewery_id}, t: {city})]", 0.0), operator: *, right: (1.0, 1.0), result: 0.0}
列 'p' 不存在，对列 city 不过滤，直接选择所有非无效值。
Block processing time: 0.002265 seconds
Computing Block 23 out of 663
Processing Block size=5
begin cleaner{left: ("[FunctionalDependency:(s: {brewery_id}, t: {city})]", 0.0), operator: *, right: (1.0, 1.0), result: 0.0}
列 'p' 不存在，对列 city 不过滤，直接选择所有非无效值。
Block processing time: 0.003625 seconds
Computing Block 25 out of 663
Processing Block size=2
begin cleaner{left: ("[FunctionalDependency:(s: {brewery_id}, t: {city})]", 0.0), operator: *, right: (1.0, 1.0), result: 0.0}
列 'p' 不存在，对列 city 不过滤，直接选择所有非无效值。
clean_bool length:2
newest best op: Uniop(df,'city','Seattle',(['brewery_id'], {('290',)}),{left: ("[FunctionalDependency:(s: {brewery_id}, t: {city})]", 0.0), operator: *, right: (1.0, 1.0), result: 0.0})
now error: 0.0
Block processing time: 0.003515 seconds
Computing Block 26 out of 663
Processing Block size=4
begin cleaner{left: ("[FunctionalDependency:(s: {brewery_id}, t: {city})]", 0.0), operator: *, right: (1.0, 1.0), result: 0.0}
列 'p' 不存在，对列 city 不过滤，直接选择所有非无效值。
Block processing time: 0.002911 seconds
Computing Block 28 out of 663
Processing Block size=3
begin cleaner{left: ("[FunctionalDependency:(s: {brewery_id}, t: {city})]", 0.0), operator: *, right: (1.0, 1.0), result: 0.0}
列 'p' 不存在，对列 city 不过滤，直接选择所有非无效值。
Block processing time: 0.002256 seconds
Computing Block 33 out of 663
Processing Block size=7
begin cleaner{left: ("[FunctionalDependency:(s: {brewery_id}, t: {city})]", 0.0), operator: *, right: (1.0, 1.0), result: 0.0}
列 'p' 不存在，对列 city 不过滤，直接选择所有非无效值。
clean_bool length:2
newest best op: Uniop(df,'city','Dillon',(['brewery_id'], {('135',)}),{left: ("[FunctionalDependency:(s: {brewery_id}, t: {city})]", 0.0), operator: *, right: (1.0, 1.0), result: 0.0})
now error: 0.0
Block processing time: 0.010237 seconds
Computing Block 34 out of 663
Processing Block size=5
begin cleaner{left: ("[FunctionalDependency:(s: {brewery_id}, t: {city})]", 0.0), operator: *, right: (1.0, 1.0), result: 0.0}
列 'p' 不存在，对列 city 不过滤，直接选择所有非无效值。
Block processing time: 0.003664 seconds
Computing Block 35 out of 663
Processing Block size=5
begin cleaner{left: ("[FunctionalDependency:(s: {brewery_id}, t: {city})]", 0.0), operator: *, right: (1.0, 1.0), result: 0.0}
列 'p' 不存在，对列 city 不过滤，直接选择所有非无效值。
clean_bool length:2
newest best op: Uniop(df,'city','Weston',(['brewery_id'], {('132',)}),{left: ("[FunctionalDependency:(s: {brewery_id}, t: {city})]", 0.0), operator: *, right: (1.0, 1.0), result: 0.0})
now error: 0.0
Block processing time: 0.007564 seconds
Computing Block 36 out of 663
Processing Block size=3
begin cleaner{left: ("[FunctionalDependency:(s: {brewery_id}, t: {city})]", 0.0), operator: *, right: (1.0, 1.0), result: 0.0}
列 'p' 不存在，对列 city 不过滤，直接选择所有非无效值。
clean_bool length:3
newest best op: Uniop(df,'city','St@@. Pa%ul',(['brewery_id'], {('58',)}),{left: ("[FunctionalDependency:(s: {brewery_id}, t: {city})]", 0.0), operator: *, right: (1.0, 1.0), result: 0.0})
now error: 0.0
newest best op: Uniop(df,'city','St. Paul',(['brewery_id'], {('58',)}),{left: ("[FunctionalDependency:(s: {brewery_id}, t: {city})]", 0.0), operator: *, right: (1.0, 1.0), result: 0.0})
now error: 0.0
Block processing time: 0.007204 seconds
Computing Block 37 out of 663
Processing Block size=8
begin cleaner{left: ("[FunctionalDependency:(s: {brewery_id}, t: {city})]", 0.0), operator: *, right: (1.0, 1.0), result: 0.0}
列 'p' 不存在，对列 city 不过滤，直接选择所有非无效值。
Block processing time: 0.00576 seconds
Computing Block 40 out of 663
Processing Block size=6
begin cleaner{left: ("[FunctionalDependency:(s: {brewery_id}, t: {city})]", 0.0), operator: *, right: (1.0, 1.0), result: 0.0}
列 'p' 不存在，对列 city 不过滤，直接选择所有非无效值。
clean_bool length:3
newest best op: Uniop(df,'city','Brooklyn',(['brewery_id'], {('437',)}),{left: ("[FunctionalDependency:(s: {brewery_id}, t: {city})]", 0.0), operator: *, right: (1.0, 1.0), result: 0.0})
now error: 0.0
Block processing time: 0.013408 seconds
Computing Block 41 out of 663
Processing Block size=6
begin cleaner{left: ("[FunctionalDependency:(s: {brewery_id}, t: {city})]", 0.0), operator: *, right: (1.0, 1.0), result: 0.0}
列 'p' 不存在，对列 city 不过滤，直接选择所有非无效值。
Block processing time: 0.00429 seconds
Computing Block 42 out of 663
Processing Block size=3
begin cleaner{left: ("[FunctionalDependency:(s: {brewery_id}, t: {city})]", 0.0), operator: *, right: (1.0, 1.0), result: 0.0}
列 'p' 不存在，对列 city 不过滤，直接选择所有非无效值。
Block processing time: 0.002269 seconds
Computing Block 44 out of 663
Processing Block size=3
begin cleaner{left: ("[FunctionalDependency:(s: {brewery_id}, t: {city})]", 0.0), operator: *, right: (1.0, 1.0), result: 0.0}
列 'p' 不存在，对列 city 不过滤，直接选择所有非无效值。
Block processing time: 0.002222 seconds
Computing Block 46 out of 663
Processing Block size=2
begin cleaner{left: ("[FunctionalDependency:(s: {brewery_id}, t: {city})]", 0.0), operator: *, right: (1.0, 1.0), result: 0.0}
列 'p' 不存在，对列 city 不过滤，直接选择所有非无效值。
Block processing time: 0.001554 seconds
Computing Block 48 out of 663
Processing Block size=8
begin cleaner{left: ("[FunctionalDependency:(s: {brewery_id}, t: {city})]", 0.0), operator: *, right: (1.0, 1.0), result: 0.0}
列 'p' 不存在，对列 city 不过滤，直接选择所有非无效值。
clean_bool length:3
newest best op: Uniop(df,'city','Salt Lake City',(['brewery_id'], {('159',)}),{left: ("[FunctionalDependency:(s: {brewery_id}, t: {city})]", 0.0), operator: *, right: (1.0, 1.0), result: 0.0})
now error: 0.0
Block processing time: 0.017809 seconds
Computing Block 49 out of 663
Processing Block size=7
begin cleaner{left: ("[FunctionalDependency:(s: {brewery_id}, t: {city})]", 0.0), operator: *, right: (1.0, 1.0), result: 0.0}
列 'p' 不存在，对列 city 不过滤，直接选择所有非无效值。
Block processing time: 0.005102 seconds
Computing Block 50 out of 663
Processing Block size=3
begin cleaner{left: ("[FunctionalDependency:(s: {brewery_id}, t: {city})]", 0.0), operator: *, right: (1.0, 1.0), result: 0.0}
列 'p' 不存在，对列 city 不过滤，直接选择所有非无效值。
clean_bool length:3
newest best op: Uniop(df,'city','Dripping Springs',(['brewery_id'], {('38',)}),{left: ("[FunctionalDependency:(s: {brewery_id}, t: {city})]", 0.0), operator: *, right: (1.0, 1.0), result: 0.0})
now error: 0.0
Block processing time: 0.007516 seconds
Computing Block 52 out of 663
Processing Block size=3
begin cleaner{left: ("[FunctionalDependency:(s: {brewery_id}, t: {city})]", 0.0), operator: *, right: (1.0, 1.0), result: 0.0}
列 'p' 不存在，对列 city 不过滤，直接选择所有非无效值。
Block processing time: 0.00224 seconds
Computing Block 55 out of 663
Processing Block size=2
begin cleaner{left: ("[FunctionalDependency:(s: {brewery_id}, t: {city})]", 0.0), operator: *, right: (1.0, 1.0), result: 0.0}
列 'p' 不存在，对列 city 不过滤，直接选择所有非无效值。
Block processing time: 0.00151 seconds
Computing Block 60 out of 663
Processing Block size=12
begin cleaner{left: ("[FunctionalDependency:(s: {brewery_id}, t: {city})]", 0.0), operator: *, right: (1.0, 1.0), result: 0.0}
列 'p' 不存在，对列 city 不过滤，直接选择所有非无效值。
clean_bool length:3
newest best op: Uniop(df,'city','Los Ange$le??s',(['brewery_id'], {('240',)}),{left: ("[FunctionalDependency:(s: {brewery_id}, t: {city})]", 0.0), operator: *, right: (1.0, 1.0), result: 0.0})
now error: 0.0
newest best op: Uniop(df,'city','Los Angeles',(['brewery_id'], {('240',)}),{left: ("[FunctionalDependency:(s: {brewery_id}, t: {city})]", 0.0), operator: *, right: (1.0, 1.0), result: 0.0})
now error: 0.0
Block processing time: 0.026086 seconds
Computing Block 63 out of 663
Processing Block size=3
begin cleaner{left: ("[FunctionalDependency:(s: {brewery_id}, t: {city})]", 0.0), operator: *, right: (1.0, 1.0), result: 0.0}
列 'p' 不存在，对列 city 不过滤，直接选择所有非无效值。
Block processing time: 0.002217 seconds
Computing Block 64 out of 663
Processing Block size=2
begin cleaner{left: ("[FunctionalDependency:(s: {brewery_id}, t: {city})]", 0.0), operator: *, right: (1.0, 1.0), result: 0.0}
列 'p' 不存在，对列 city 不过滤，直接选择所有非无效值。
Block processing time: 0.00151 seconds
Computing Block 67 out of 663
Processing Block size=14
begin cleaner{left: ("[FunctionalDependency:(s: {brewery_id}, t: {city})]", 0.0), operator: *, right: (1.0, 1.0), result: 0.0}
列 'p' 不存在，对列 city 不过滤，直接选择所有非无效值。
clean_bool length:3
newest best op: Uniop(df,'city','Manhattan',(['brewery_id'], {('45',)}),{left: ("[FunctionalDependency:(s: {brewery_id}, t: {city})]", 0.0), operator: *, right: (1.0, 1.0), result: 0.0})
now error: 0.0
Block processing time: 0.029891 seconds
Computing Block 68 out of 663
Processing Block size=4
begin cleaner{left: ("[FunctionalDependency:(s: {brewery_id}, t: {city})]", 0.0), operator: *, right: (1.0, 1.0), result: 0.0}
列 'p' 不存在，对列 city 不过滤，直接选择所有非无效值。
Block processing time: 0.002924 seconds
Computing Block 71 out of 663
Processing Block size=3
begin cleaner{left: ("[FunctionalDependency:(s: {brewery_id}, t: {city})]", 0.0), operator: *, right: (1.0, 1.0), result: 0.0}
列 'p' 不存在，对列 city 不过滤，直接选择所有非无效值。
Block processing time: 0.002253 seconds
Computing Block 72 out of 663
Processing Block size=2
begin cleaner{left: ("[FunctionalDependency:(s: {brewery_id}, t: {city})]", 0.0), operator: *, right: (1.0, 1.0), result: 0.0}
列 'p' 不存在，对列 city 不过滤，直接选择所有非无效值。
Block processing time: 0.001507 seconds
Computing Block 74 out of 663
Processing Block size=11
begin cleaner{left: ("[FunctionalDependency:(s: {brewery_id}, t: {city})]", 0.0), operator: *, right: (1.0, 1.0), result: 0.0}
列 'p' 不存在，对列 city 不过滤，直接选择所有非无效值。
Block processing time: 0.007786 seconds
Computing Block 77 out of 663
Processing Block size=3
begin cleaner{left: ("[FunctionalDependency:(s: {brewery_id}, t: {city})]", 0.0), operator: *, right: (1.0, 1.0), result: 0.0}
列 'p' 不存在，对列 city 不过滤，直接选择所有非无效值。
Block processing time: 0.00227 seconds
Computing Block 78 out of 663
Processing Block size=2
begin cleaner{left: ("[FunctionalDependency:(s: {brewery_id}, t: {city})]", 0.0), operator: *, right: (1.0, 1.0), result: 0.0}
列 'p' 不存在，对列 city 不过滤，直接选择所有非无效值。
Block processing time: 0.001542 seconds
Computing Block 80 out of 663
Processing Block size=10
begin cleaner{left: ("[FunctionalDependency:(s: {brewery_id}, t: {city})]", 0.0), operator: *, right: (1.0, 1.0), result: 0.0}
列 'p' 不存在，对列 city 不过滤，直接选择所有非无效值。
Block processing time: 0.007147 seconds
Computing Block 81 out of 663
Processing Block size=4
begin cleaner{left: ("[FunctionalDependency:(s: {brewery_id}, t: {city})]", 0.0), operator: *, right: (1.0, 1.0), result: 0.0}
列 'p' 不存在，对列 city 不过滤，直接选择所有非无效值。
Block processing time: 0.002958 seconds
Computing Block 82 out of 663
Processing Block size=21
begin cleaner{left: ("[FunctionalDependency:(s: {brewery_id}, t: {city})]", 0.0), operator: *, right: (1.0, 1.0), result: 0.0}
列 'p' 不存在，对列 city 不过滤，直接选择所有非无效值。
clean_bool length:2
newest best op: Uniop(df,'city','Tampa',(['brewery_id'], {('141',)}),{left: ("[FunctionalDependency:(s: {brewery_id}, t: {city})]", 0.0), operator: *, right: (1.0, 1.0), result: 0.0})
now error: 0.0
Block processing time: 0.029351 seconds
Computing Block 83 out of 663
Processing Block size=3
begin cleaner{left: ("[FunctionalDependency:(s: {brewery_id}, t: {city})]", 0.0), operator: *, right: (1.0, 1.0), result: 0.0}
列 'p' 不存在，对列 city 不过滤，直接选择所有非无效值。
Block processing time: 0.002229 seconds
Computing Block 84 out of 663
Processing Block size=2
begin cleaner{left: ("[FunctionalDependency:(s: {brewery_id}, t: {city})]", 0.0), operator: *, right: (1.0, 1.0), result: 0.0}
列 'p' 不存在，对列 city 不过滤，直接选择所有非无效值。
clean_bool length:2
newest best op: Uniop(df,'city','Tampa Bay',(['brewery_id'], {('467',)}),{left: ("[FunctionalDependency:(s: {brewery_id}, t: {city})]", 0.0), operator: *, right: (1.0, 1.0), result: 0.0})
now error: 0.0
Block processing time: 0.003457 seconds
Computing Block 85 out of 663
Processing Block size=6
begin cleaner{left: ("[FunctionalDependency:(s: {brewery_id}, t: {city})]", 0.0), operator: *, right: (1.0, 1.0), result: 0.0}
列 'p' 不存在，对列 city 不过滤，直接选择所有非无效值。
clean_bool length:3
newest best op: Uniop(df,'city','@@Westerly$',(['brewery_id'], {('379',)}),{left: ("[FunctionalDependency:(s: {brewery_id}, t: {city})]", 0.0), operator: *, right: (1.0, 1.0), result: 0.0})
now error: 0.0
newest best op: Uniop(df,'city','Westerly',(['brewery_id'], {('379',)}),{left: ("[FunctionalDependency:(s: {brewery_id}, t: {city})]", 0.0), operator: *, right: (1.0, 1.0), result: 0.0})
now error: 0.0
Block processing time: 0.013451 seconds
Computing Block 87 out of 663
Processing Block size=10
begin cleaner{left: ("[FunctionalDependency:(s: {brewery_id}, t: {city})]", 0.0), operator: *, right: (1.0, 1.0), result: 0.0}
列 'p' 不存在，对列 city 不过滤，直接选择所有非无效值。
clean_bool length:2
newest best op: Uniop(df,'city','Warrenville',(['brewery_id'], {('74',)}),{left: ("[FunctionalDependency:(s: {brewery_id}, t: {city})]", 0.0), operator: *, right: (1.0, 1.0), result: 0.0})
now error: 0.0
Block processing time: 0.014278 seconds
Computing Block 88 out of 663
Processing Block size=2
begin cleaner{left: ("[FunctionalDependency:(s: {brewery_id}, t: {city})]", 0.0), operator: *, right: (1.0, 1.0), result: 0.0}
列 'p' 不存在，对列 city 不过滤，直接选择所有非无效值。
Block processing time: 0.001513 seconds
Computing Block 89 out of 663
Processing Block size=8
begin cleaner{left: ("[FunctionalDependency:(s: {brewery_id}, t: {city})]", 0.0), operator: *, right: (1.0, 1.0), result: 0.0}
列 'p' 不存在，对列 city 不过滤，直接选择所有非无效值。
Block processing time: 0.005744 seconds
Computing Block 92 out of 663
Processing Block size=2
begin cleaner{left: ("[FunctionalDependency:(s: {brewery_id}, t: {city})]", 0.0), operator: *, right: (1.0, 1.0), result: 0.0}
列 'p' 不存在，对列 city 不过滤，直接选择所有非无效值。
Block processing time: 0.001508 seconds
Computing Block 93 out of 663
Processing Block size=6
begin cleaner{left: ("[FunctionalDependency:(s: {brewery_id}, t: {city})]", 0.0), operator: *, right: (1.0, 1.0), result: 0.0}
列 'p' 不存在，对列 city 不过滤，直接选择所有非无效值。
Block processing time: 0.004356 seconds
Computing Block 94 out of 663
Processing Block size=2
begin cleaner{left: ("[FunctionalDependency:(s: {brewery_id}, t: {city})]", 0.0), operator: *, right: (1.0, 1.0), result: 0.0}
列 'p' 不存在，对列 city 不过滤，直接选择所有非无效值。
Block processing time: 0.0015 seconds
Computing Block 95 out of 663
Processing Block size=4
begin cleaner{left: ("[FunctionalDependency:(s: {brewery_id}, t: {city})]", 0.0), operator: *, right: (1.0, 1.0), result: 0.0}
列 'p' 不存在，对列 city 不过滤，直接选择所有非无效值。
clean_bool length:3
newest best op: Uniop(df,'city','Cold Spring',(['brewery_id'], {('142',)}),{left: ("[FunctionalDependency:(s: {brewery_id}, t: {city})]", 0.0), operator: *, right: (1.0, 1.0), result: 0.0})
now error: 0.0
Block processing time: 0.009418 seconds
Computing Block 97 out of 663
Processing Block size=7
begin cleaner{left: ("[FunctionalDependency:(s: {brewery_id}, t: {city})]", 0.0), operator: *, right: (1.0, 1.0), result: 0.0}
列 'p' 不存在，对列 city 不过滤，直接选择所有非无效值。
Block processing time: 0.005008 seconds
Computing Block 99 out of 663
Processing Block size=2
begin cleaner{left: ("[FunctionalDependency:(s: {brewery_id}, t: {city})]", 0.0), operator: *, right: (1.0, 1.0), result: 0.0}
列 'p' 不存在，对列 city 不过滤，直接选择所有非无效值。
clean_bool length:2
newest best op: Uniop(df,'city','Odessa',(['brewery_id'], {('221',)}),{left: ("[FunctionalDependency:(s: {brewery_id}, t: {city})]", 0.0), operator: *, right: (1.0, 1.0), result: 0.0})
now error: 0.0
Block processing time: 0.0034 seconds
Computing Block 100 out of 663
Processing Block size=9
begin cleaner{left: ("[FunctionalDependency:(s: {brewery_id}, t: {city})]", 0.0), operator: *, right: (1.0, 1.0), result: 0.0}
列 'p' 不存在，对列 city 不过滤，直接选择所有非无效值。
Block processing time: 0.006454 seconds
Computing Block 101 out of 663
Processing Block size=6
begin cleaner{left: ("[FunctionalDependency:(s: {brewery_id}, t: {city})]", 0.0), operator: *, right: (1.0, 1.0), result: 0.0}
列 'p' 不存在，对列 city 不过滤，直接选择所有非无效值。
Block processing time: 0.004316 seconds
Computing Block 102 out of 663
Processing Block size=3
begin cleaner{left: ("[FunctionalDependency:(s: {brewery_id}, t: {city})]", 0.0), operator: *, right: (1.0, 1.0), result: 0.0}
列 'p' 不存在，对列 city 不过滤，直接选择所有非无效值。
Block processing time: 0.002202 seconds
Computing Block 104 out of 663
Processing Block size=17
begin cleaner{left: ("[FunctionalDependency:(s: {brewery_id}, t: {city})]", 0.0), operator: *, right: (1.0, 1.0), result: 0.0}
列 'p' 不存在，对列 city 不过滤，直接选择所有非无效值。
clean_bool length:3
newest best op: Uniop(df,'city','Boise',(['brewery_id'], {('309',)}),{left: ("[FunctionalDependency:(s: {brewery_id}, t: {city})]", 0.0), operator: *, right: (1.0, 1.0), result: 0.0})
now error: 0.0
Block processing time: 0.036802 seconds
Computing Block 105 out of 663
Processing Block size=4
begin cleaner{left: ("[FunctionalDependency:(s: {brewery_id}, t: {city})]", 0.0), operator: *, right: (1.0, 1.0), result: 0.0}
列 'p' 不存在，对列 city 不过滤，直接选择所有非无效值。
Block processing time: 0.003136 seconds
Computing Block 106 out of 663
Processing Block size=2
begin cleaner{left: ("[FunctionalDependency:(s: {brewery_id}, t: {city})]", 0.0), operator: *, right: (1.0, 1.0), result: 0.0}
列 'p' 不存在，对列 city 不过滤，直接选择所有非无效值。
Block processing time: 0.00163 seconds
Computing Block 108 out of 663
Processing Block size=3
begin cleaner{left: ("[FunctionalDependency:(s: {brewery_id}, t: {city})]", 0.0), operator: *, right: (1.0, 1.0), result: 0.0}
列 'p' 不存在，对列 city 不过滤，直接选择所有非无效值。
Block processing time: 0.002373 seconds
Computing Block 110 out of 663
Processing Block size=3
begin cleaner{left: ("[FunctionalDependency:(s: {brewery_id}, t: {city})]", 0.0), operator: *, right: (1.0, 1.0), result: 0.0}
列 'p' 不存在，对列 city 不过滤，直接选择所有非无效值。
clean_bool length:2
newest best op: Uniop(df,'city','Half Moon Bay',(['brewery_id'], {('448',)}),{left: ("[FunctionalDependency:(s: {brewery_id}, t: {city})]", 0.0), operator: *, right: (1.0, 1.0), result: 0.0})
now error: 0.0
Block processing time: 0.005156 seconds
Computing Block 112 out of 663
Processing Block size=2
begin cleaner{left: ("[FunctionalDependency:(s: {brewery_id}, t: {city})]", 0.0), operator: *, right: (1.0, 1.0), result: 0.0}
列 'p' 不存在，对列 city 不过滤，直接选择所有非无效值。
Block processing time: 0.001634 seconds
Computing Block 113 out of 663
Processing Block size=4
begin cleaner{left: ("[FunctionalDependency:(s: {brewery_id}, t: {city})]", 0.0), operator: *, right: (1.0, 1.0), result: 0.0}
列 'p' 不存在，对列 city 不过滤，直接选择所有非无效值。
Block processing time: 0.003253 seconds
Computing Block 114 out of 663
Processing Block size=5
begin cleaner{left: ("[FunctionalDependency:(s: {brewery_id}, t: {city})]", 0.0), operator: *, right: (1.0, 1.0), result: 0.0}
列 'p' 不存在，对列 city 不过滤，直接选择所有非无效值。
Block processing time: 0.003933 seconds
Computing Block 115 out of 663
Processing Block size=2
begin cleaner{left: ("[FunctionalDependency:(s: {brewery_id}, t: {city})]", 0.0), operator: *, right: (1.0, 1.0), result: 0.0}
列 'p' 不存在，对列 city 不过滤，直接选择所有非无效值。
Block processing time: 0.001659 seconds
Computing Block 116 out of 663
Processing Block size=4
begin cleaner{left: ("[FunctionalDependency:(s: {brewery_id}, t: {city})]", 0.0), operator: *, right: (1.0, 1.0), result: 0.0}
列 'p' 不存在，对列 city 不过滤，直接选择所有非无效值。
Block processing time: 0.003171 seconds
Computing Block 117 out of 663
Processing Block size=6
begin cleaner{left: ("[FunctionalDependency:(s: {brewery_id}, t: {city})]", 0.0), operator: *, right: (1.0, 1.0), result: 0.0}
列 'p' 不存在，对列 city 不过滤，直接选择所有非无效值。
Block processing time: 0.004909 seconds
Computing Block 118 out of 663
Processing Block size=4
begin cleaner{left: ("[FunctionalDependency:(s: {brewery_id}, t: {city})]", 0.0), operator: *, right: (1.0, 1.0), result: 0.0}
列 'p' 不存在，对列 city 不过滤，直接选择所有非无效值。
clean_bool length:3
newest best op: Uniop(df,'city','Anchorage',(['brewery_id'], {('493',)}),{left: ("[FunctionalDependency:(s: {brewery_id}, t: {city})]", 0.0), operator: *, right: (1.0, 1.0), result: 0.0})
now error: 0.0
Block processing time: 0.010061 seconds
Computing Block 119 out of 663
Processing Block size=6
begin cleaner{left: ("[FunctionalDependency:(s: {brewery_id}, t: {city})]", 0.0), operator: *, right: (1.0, 1.0), result: 0.0}
列 'p' 不存在，对列 city 不过滤，直接选择所有非无效值。
clean_bool length:2
newest best op: Uniop(df,'city','Duluth',(['brewery_id'], {('75',)}),{left: ("[FunctionalDependency:(s: {brewery_id}, t: {city})]", 0.0), operator: *, right: (1.0, 1.0), result: 0.0})
now error: 0.0
Block processing time: 0.009606 seconds
Computing Block 120 out of 663
Processing Block size=2
begin cleaner{left: ("[FunctionalDependency:(s: {brewery_id}, t: {city})]", 0.0), operator: *, right: (1.0, 1.0), result: 0.0}
列 'p' 不存在，对列 city 不过滤，直接选择所有非无效值。
clean_bool length:2
newest best op: Uniop(df,'city','Chattanooga',(['brewery_id'], {('519',)}),{left: ("[FunctionalDependency:(s: {brewery_id}, t: {city})]", 0.0), operator: *, right: (1.0, 1.0), result: 0.0})
now error: 0.0
Block processing time: 0.003818 seconds
Computing Block 121 out of 663
Processing Block size=6
begin cleaner{left: ("[FunctionalDependency:(s: {brewery_id}, t: {city})]", 0.0), operator: *, right: (1.0, 1.0), result: 0.0}
列 'p' 不存在，对列 city 不过滤，直接选择所有非无效值。
Block processing time: 0.004675 seconds
Computing Block 122 out of 663
Processing Block size=4
begin cleaner{left: ("[FunctionalDependency:(s: {brewery_id}, t: {city})]", 0.0), operator: *, right: (1.0, 1.0), result: 0.0}
列 'p' 不存在，对列 city 不过滤，直接选择所有非无效值。
clean_bool length:2
newest best op: Uniop(df,'city','Talkeetna',(['brewery_id'], {('453',)}),{left: ("[FunctionalDependency:(s: {brewery_id}, t: {city})]", 0.0), operator: *, right: (1.0, 1.0), result: 0.0})
now error: 0.0
Block processing time: 0.006643 seconds
Computing Block 123 out of 663
Processing Block size=9
begin cleaner{left: ("[FunctionalDependency:(s: {brewery_id}, t: {city})]", 0.0), operator: *, right: (1.0, 1.0), result: 0.0}
列 'p' 不存在，对列 city 不过滤，直接选择所有非无效值。
clean_bool length:2
newest best op: Uniop(df,'city','Chicago',(['brewery_id'], {('256',)}),{left: ("[FunctionalDependency:(s: {brewery_id}, t: {city})]", 0.0), operator: *, right: (1.0, 1.0), result: 0.0})
now error: 0.0
Block processing time: 0.012995 seconds
Computing Block 124 out of 663
Processing Block size=3
begin cleaner{left: ("[FunctionalDependency:(s: {brewery_id}, t: {city})]", 0.0), operator: *, right: (1.0, 1.0), result: 0.0}
列 'p' 不存在，对列 city 不过滤，直接选择所有非无效值。
Block processing time: 0.002236 seconds
Computing Block 125 out of 663
Processing Block size=2
begin cleaner{left: ("[FunctionalDependency:(s: {brewery_id}, t: {city})]", 0.0), operator: *, right: (1.0, 1.0), result: 0.0}
列 'p' 不存在，对列 city 不过滤，直接选择所有非无效值。
Block processing time: 0.001507 seconds
Computing Block 126 out of 663
Processing Block size=3
begin cleaner{left: ("[FunctionalDependency:(s: {brewery_id}, t: {city})]", 0.0), operator: *, right: (1.0, 1.0), result: 0.0}
列 'p' 不存在，对列 city 不过滤，直接选择所有非无效值。
clean_bool length:3
newest best op: Uniop(df,'city','Rich$$mond',(['brewery_id'], {('343',)}),{left: ("[FunctionalDependency:(s: {brewery_id}, t: {city})]", 0.0), operator: *, right: (1.0, 1.0), result: 0.0})
now error: 0.0
newest best op: Uniop(df,'city','Richmond',(['brewery_id'], {('343',)}),{left: ("[FunctionalDependency:(s: {brewery_id}, t: {city})]", 0.0), operator: *, right: (1.0, 1.0), result: 0.0})
now error: 0.0
Block processing time: 0.007216 seconds
Computing Block 130 out of 663
Processing Block size=3
begin cleaner{left: ("[FunctionalDependency:(s: {brewery_id}, t: {city})]", 0.0), operator: *, right: (1.0, 1.0), result: 0.0}
列 'p' 不存在，对列 city 不过滤，直接选择所有非无效值。
clean_bool length:3
newest best op: Uniop(df,'city','We??%st Chester',(['brewery_id'], {('167',)}),{left: ("[FunctionalDependency:(s: {brewery_id}, t: {city})]", 0.0), operator: *, right: (1.0, 1.0), result: 0.0})
now error: 0.0
newest best op: Uniop(df,'city','West Chester',(['brewery_id'], {('167',)}),{left: ("[FunctionalDependency:(s: {brewery_id}, t: {city})]", 0.0), operator: *, right: (1.0, 1.0), result: 0.0})
now error: 0.0
Block processing time: 0.007358 seconds
Computing Block 131 out of 663
Processing Block size=5
begin cleaner{left: ("[FunctionalDependency:(s: {brewery_id}, t: {city})]", 0.0), operator: *, right: (1.0, 1.0), result: 0.0}
列 'p' 不存在，对列 city 不过滤，直接选择所有非无效值。
Block processing time: 0.003625 seconds
Computing Block 132 out of 663
Processing Block size=7
begin cleaner{left: ("[FunctionalDependency:(s: {brewery_id}, t: {city})]", 0.0), operator: *, right: (1.0, 1.0), result: 0.0}
列 'p' 不存在，对列 city 不过滤，直接选择所有非无效值。
Block processing time: 0.00501 seconds
Computing Block 133 out of 663
Processing Block size=6
begin cleaner{left: ("[FunctionalDependency:(s: {brewery_id}, t: {city})]", 0.0), operator: *, right: (1.0, 1.0), result: 0.0}
列 'p' 不存在，对列 city 不过滤，直接选择所有非无效值。
clean_bool length:2
newest best op: Uniop(df,'city','Kalamazoo',(['brewery_id'], {('76',)}),{left: ("[FunctionalDependency:(s: {brewery_id}, t: {city})]", 0.0), operator: *, right: (1.0, 1.0), result: 0.0})
now error: 0.0
Block processing time: 0.008891 seconds
Computing Block 134 out of 663
Processing Block size=5
begin cleaner{left: ("[FunctionalDependency:(s: {brewery_id}, t: {city})]", 0.0), operator: *, right: (1.0, 1.0), result: 0.0}
列 'p' 不存在，对列 city 不过滤，直接选择所有非无效值。
clean_bool length:3
newest best op: Uniop(df,'city','To@@rrance',(['brewery_id'], {('33',)}),{left: ("[FunctionalDependency:(s: {brewery_id}, t: {city})]", 0.0), operator: *, right: (1.0, 1.0), result: 0.0})
now error: 0.0
newest best op: Uniop(df,'city','Torrance',(['brewery_id'], {('33',)}),{left: ("[FunctionalDependency:(s: {brewery_id}, t: {city})]", 0.0), operator: *, right: (1.0, 1.0), result: 0.0})
now error: 0.0
Block processing time: 0.011388 seconds
Computing Block 135 out of 663
Processing Block size=2
begin cleaner{left: ("[FunctionalDependency:(s: {brewery_id}, t: {city})]", 0.0), operator: *, right: (1.0, 1.0), result: 0.0}
列 'p' 不存在，对列 city 不过滤，直接选择所有非无效值。
clean_bool length:3
newest best op: Uniop(df,'city','Austin',(['brewery_id'], {('242',)}),{left: ("[FunctionalDependency:(s: {brewery_id}, t: {city})]", 0.0), operator: *, right: (1.0, 1.0), result: 0.0})
now error: 0.0
Block processing time: 0.005111 seconds
Computing Block 136 out of 663
Processing Block size=4
begin cleaner{left: ("[FunctionalDependency:(s: {brewery_id}, t: {city})]", 0.0), operator: *, right: (1.0, 1.0), result: 0.0}
列 'p' 不存在，对列 city 不过滤，直接选择所有非无效值。
clean_bool length:2
newest best op: Uniop(df,'city','Atlanta',(['brewery_id'], {('49',)}),{left: ("[FunctionalDependency:(s: {brewery_id}, t: {city})]", 0.0), operator: *, right: (1.0, 1.0), result: 0.0})
now error: 0.0
Block processing time: 0.006205 seconds
Computing Block 137 out of 663
Processing Block size=11
begin cleaner{left: ("[FunctionalDependency:(s: {brewery_id}, t: {city})]", 0.0), operator: *, right: (1.0, 1.0), result: 0.0}
列 'p' 不存在，对列 city 不过滤，直接选择所有非无效值。
Block processing time: 0.007868 seconds
Computing Block 139 out of 663
Processing Block size=6
begin cleaner{left: ("[FunctionalDependency:(s: {brewery_id}, t: {city})]", 0.0), operator: *, right: (1.0, 1.0), result: 0.0}
列 'p' 不存在，对列 city 不过滤，直接选择所有非无效值。
Block processing time: 0.004347 seconds
Computing Block 140 out of 663
Processing Block size=2
begin cleaner{left: ("[FunctionalDependency:(s: {brewery_id}, t: {city})]", 0.0), operator: *, right: (1.0, 1.0), result: 0.0}
列 'p' 不存在，对列 city 不过滤，直接选择所有非无效值。
Block processing time: 0.001509 seconds
Computing Block 141 out of 663
Processing Block size=2
begin cleaner{left: ("[FunctionalDependency:(s: {brewery_id}, t: {city})]", 0.0), operator: *, right: (1.0, 1.0), result: 0.0}
列 'p' 不存在，对列 city 不过滤，直接选择所有非无效值。
Block processing time: 0.001502 seconds
Computing Block 143 out of 663
Processing Block size=2
begin cleaner{left: ("[FunctionalDependency:(s: {brewery_id}, t: {city})]", 0.0), operator: *, right: (1.0, 1.0), result: 0.0}
列 'p' 不存在，对列 city 不过滤，直接选择所有非无效值。
clean_bool length:2
newest best op: Uniop(df,'city','Albuquerque',(['brewery_id'], {('332',)}),{left: ("[FunctionalDependency:(s: {brewery_id}, t: {city})]", 0.0), operator: *, right: (1.0, 1.0), result: 0.0})
now error: 0.0
Block processing time: 0.003396 seconds
Computing Block 146 out of 663
Processing Block size=5
begin cleaner{left: ("[FunctionalDependency:(s: {brewery_id}, t: {city})]", 0.0), operator: *, right: (1.0, 1.0), result: 0.0}
列 'p' 不存在，对列 city 不过滤，直接选择所有非无效值。
Block processing time: 0.00361 seconds
Computing Block 149 out of 663
Processing Block size=6
begin cleaner{left: ("[FunctionalDependency:(s: {brewery_id}, t: {city})]", 0.0), operator: *, right: (1.0, 1.0), result: 0.0}
列 'p' 不存在，对列 city 不过滤，直接选择所有非无效值。
Block processing time: 0.004366 seconds
Computing Block 150 out of 663
Processing Block size=3
begin cleaner{left: ("[FunctionalDependency:(s: {brewery_id}, t: {city})]", 0.0), operator: *, right: (1.0, 1.0), result: 0.0}
列 'p' 不存在，对列 city 不过滤，直接选择所有非无效值。
clean_bool length:2
newest best op: Uniop(df,'city','San Diego',(['brewery_id'], {('423',)}),{left: ("[FunctionalDependency:(s: {brewery_id}, t: {city})]", 0.0), operator: *, right: (1.0, 1.0), result: 0.0})
now error: 0.0
Block processing time: 0.004841 seconds
Computing Block 151 out of 663
Processing Block size=6
begin cleaner{left: ("[FunctionalDependency:(s: {brewery_id}, t: {city})]", 0.0), operator: *, right: (1.0, 1.0), result: 0.0}
列 'p' 不存在，对列 city 不过滤，直接选择所有非无效值。
Block processing time: 0.004334 seconds
Computing Block 152 out of 663
Processing Block size=8
begin cleaner{left: ("[FunctionalDependency:(s: {brewery_id}, t: {city})]", 0.0), operator: *, right: (1.0, 1.0), result: 0.0}
列 'p' 不存在，对列 city 不过滤，直接选择所有非无效值。
Block processing time: 0.005709 seconds
Computing Block 154 out of 663
Processing Block size=4
begin cleaner{left: ("[FunctionalDependency:(s: {brewery_id}, t: {city})]", 0.0), operator: *, right: (1.0, 1.0), result: 0.0}
列 'p' 不存在，对列 city 不过滤，直接选择所有非无效值。
clean_bool length:2
newest best op: Uniop(df,'city','Seattle',(['brewery_id'], {('362',)}),{left: ("[FunctionalDependency:(s: {brewery_id}, t: {city})]", 0.0), operator: *, right: (1.0, 1.0), result: 0.0})
now error: 0.0
Block processing time: 0.006143 seconds
Computing Block 155 out of 663
Processing Block size=5
begin cleaner{left: ("[FunctionalDependency:(s: {brewery_id}, t: {city})]", 0.0), operator: *, right: (1.0, 1.0), result: 0.0}
列 'p' 不存在，对列 city 不过滤，直接选择所有非无效值。
clean_bool length:3
newest best op: Uniop(df,'city','Santa Cruz',(['brewery_id'], {('522',)}),{left: ("[FunctionalDependency:(s: {brewery_id}, t: {city})]", 0.0), operator: *, right: (1.0, 1.0), result: 0.0})
now error: 0.0
Block processing time: 0.011436 seconds
Computing Block 156 out of 663
Processing Block size=2
begin cleaner{left: ("[FunctionalDependency:(s: {brewery_id}, t: {city})]", 0.0), operator: *, right: (1.0, 1.0), result: 0.0}
列 'p' 不存在，对列 city 不过滤，直接选择所有非无效值。
clean_bool length:3
newest best op: Uniop(df,'city','Ash%evi#lle',(['brewery_id'], {('433',)}),{left: ("[FunctionalDependency:(s: {brewery_id}, t: {city})]", 0.0), operator: *, right: (1.0, 1.0), result: 0.0})
now error: 0.0
Block processing time: 0.005115 seconds
Computing Block 157 out of 663
Processing Block size=3
begin cleaner{left: ("[FunctionalDependency:(s: {brewery_id}, t: {city})]", 0.0), operator: *, right: (1.0, 1.0), result: 0.0}
列 'p' 不存在，对列 city 不过滤，直接选择所有非无效值。
Block processing time: 0.002239 seconds
Computing Block 159 out of 663
Processing Block size=2
begin cleaner{left: ("[FunctionalDependency:(s: {brewery_id}, t: {city})]", 0.0), operator: *, right: (1.0, 1.0), result: 0.0}
列 'p' 不存在，对列 city 不过滤，直接选择所有非无效值。
Block processing time: 0.001507 seconds
Computing Block 162 out of 663
Processing Block size=7
begin cleaner{left: ("[FunctionalDependency:(s: {brewery_id}, t: {city})]", 0.0), operator: *, right: (1.0, 1.0), result: 0.0}
列 'p' 不存在，对列 city 不过滤，直接选择所有非无效值。
clean_bool length:2
newest best op: Uniop(df,'city','Saint Louis',(['brewery_id'], {('60',)}),{left: ("[FunctionalDependency:(s: {brewery_id}, t: {city})]", 0.0), operator: *, right: (1.0, 1.0), result: 0.0})
now error: 0.0
Block processing time: 0.01029 seconds
Computing Block 163 out of 663
Processing Block size=11
begin cleaner{left: ("[FunctionalDependency:(s: {brewery_id}, t: {city})]", 0.0), operator: *, right: (1.0, 1.0), result: 0.0}
列 'p' 不存在，对列 city 不过滤，直接选择所有非无效值。
clean_bool length:2
newest best op: Uniop(df,'city','Export',(['brewery_id'], {('43',)}),{left: ("[FunctionalDependency:(s: {brewery_id}, t: {city})]", 0.0), operator: *, right: (1.0, 1.0), result: 0.0})
now error: 0.0
Block processing time: 0.01553 seconds
Computing Block 164 out of 663
Processing Block size=8
begin cleaner{left: ("[FunctionalDependency:(s: {brewery_id}, t: {city})]", 0.0), operator: *, right: (1.0, 1.0), result: 0.0}
列 'p' 不存在，对列 city 不过滤，直接选择所有非无效值。
Block processing time: 0.005857 seconds
Computing Block 167 out of 663
Processing Block size=5
begin cleaner{left: ("[FunctionalDependency:(s: {brewery_id}, t: {city})]", 0.0), operator: *, right: (1.0, 1.0), result: 0.0}
列 'p' 不存在，对列 city 不过滤，直接选择所有非无效值。
Block processing time: 0.003623 seconds
Computing Block 168 out of 663
Processing Block size=4
begin cleaner{left: ("[FunctionalDependency:(s: {brewery_id}, t: {city})]", 0.0), operator: *, right: (1.0, 1.0), result: 0.0}
列 'p' 不存在，对列 city 不过滤，直接选择所有非无效值。
clean_bool length:3
newest best op: Uniop(df,'city','Baltimore',(['brewery_id'], {('71',)}),{left: ("[FunctionalDependency:(s: {brewery_id}, t: {city})]", 0.0), operator: *, right: (1.0, 1.0), result: 0.0})
now error: 0.0
Block processing time: 0.009303 seconds
Computing Block 169 out of 663
Processing Block size=12
begin cleaner{left: ("[FunctionalDependency:(s: {brewery_id}, t: {city})]", 0.0), operator: *, right: (1.0, 1.0), result: 0.0}
列 'p' 不存在，对列 city 不过滤，直接选择所有非无效值。
clean_bool length:4
newest best op: Uniop(df,'city','L??incoln',(['brewery_id'], {('380',)}),{left: ("[FunctionalDependency:(s: {brewery_id}, t: {city})]", 0.0), operator: *, right: (1.0, 1.0), result: 0.0})
now error: 0.0
newest best op: Uniop(df,'city','Lincoln',(['brewery_id'], {('380',)}),{left: ("[FunctionalDependency:(s: {brewery_id}, t: {city})]", 0.0), operator: *, right: (1.0, 1.0), result: 0.0})
now error: 0.0
Block processing time: 0.035282 seconds
Computing Block 170 out of 663
Processing Block size=3
begin cleaner{left: ("[FunctionalDependency:(s: {brewery_id}, t: {city})]", 0.0), operator: *, right: (1.0, 1.0), result: 0.0}
列 'p' 不存在，对列 city 不过滤，直接选择所有非无效值。
Block processing time: 0.002228 seconds
Computing Block 171 out of 663
Processing Block size=3
begin cleaner{left: ("[FunctionalDependency:(s: {brewery_id}, t: {city})]", 0.0), operator: *, right: (1.0, 1.0), result: 0.0}
列 'p' 不存在，对列 city 不过滤，直接选择所有非无效值。
Block processing time: 0.0022 seconds
Computing Block 172 out of 663
Processing Block size=2
begin cleaner{left: ("[FunctionalDependency:(s: {brewery_id}, t: {city})]", 0.0), operator: *, right: (1.0, 1.0), result: 0.0}
列 'p' 不存在，对列 city 不过滤，直接选择所有非无效值。
Block processing time: 0.001855 seconds
Computing Block 174 out of 663
Processing Block size=2
begin cleaner{left: ("[FunctionalDependency:(s: {brewery_id}, t: {city})]", 0.0), operator: *, right: (1.0, 1.0), result: 0.0}
列 'p' 不存在，对列 city 不过滤，直接选择所有非无效值。
clean_bool length:2
newest best op: Uniop(df,'city','Troutville',(['brewery_id'], {('50',)}),{left: ("[FunctionalDependency:(s: {brewery_id}, t: {city})]", 0.0), operator: *, right: (1.0, 1.0), result: 0.0})
now error: 0.0
Block processing time: 0.003556 seconds
Computing Block 175 out of 663
Processing Block size=5
begin cleaner{left: ("[FunctionalDependency:(s: {brewery_id}, t: {city})]", 0.0), operator: *, right: (1.0, 1.0), result: 0.0}
列 'p' 不存在，对列 city 不过滤，直接选择所有非无效值。
Block processing time: 0.00361 seconds
Computing Block 176 out of 663
Processing Block size=2
begin cleaner{left: ("[FunctionalDependency:(s: {brewery_id}, t: {city})]", 0.0), operator: *, right: (1.0, 1.0), result: 0.0}
列 'p' 不存在，对列 city 不过滤，直接选择所有非无效值。
Block processing time: 0.001502 seconds
Computing Block 182 out of 663
Processing Block size=5
begin cleaner{left: ("[FunctionalDependency:(s: {brewery_id}, t: {city})]", 0.0), operator: *, right: (1.0, 1.0), result: 0.0}
列 'p' 不存在，对列 city 不过滤，直接选择所有非无效值。
clean_bool length:3
newest best op: Uniop(df,'city','Columbus',(['brewery_id'], {('183',)}),{left: ("[FunctionalDependency:(s: {brewery_id}, t: {city})]", 0.0), operator: *, right: (1.0, 1.0), result: 0.0})
now error: 0.0
Block processing time: 0.011353 seconds
Computing Block 186 out of 663
Processing Block size=4
begin cleaner{left: ("[FunctionalDependency:(s: {brewery_id}, t: {city})]", 0.0), operator: *, right: (1.0, 1.0), result: 0.0}
列 'p' 不存在，对列 city 不过滤，直接选择所有非无效值。
clean_bool length:2
newest best op: Uniop(df,'city','Saint Louis',(['brewery_id'], {('326',)}),{left: ("[FunctionalDependency:(s: {brewery_id}, t: {city})]", 0.0), operator: *, right: (1.0, 1.0), result: 0.0})
now error: 0.0
Block processing time: 0.006221 seconds
Computing Block 187 out of 663
Processing Block size=2
begin cleaner{left: ("[FunctionalDependency:(s: {brewery_id}, t: {city})]", 0.0), operator: *, right: (1.0, 1.0), result: 0.0}
列 'p' 不存在，对列 city 不过滤，直接选择所有非无效值。
Block processing time: 0.001593 seconds
Computing Block 188 out of 663
Processing Block size=6
begin cleaner{left: ("[FunctionalDependency:(s: {brewery_id}, t: {city})]", 0.0), operator: *, right: (1.0, 1.0), result: 0.0}
列 'p' 不存在，对列 city 不过滤，直接选择所有非无效值。
clean_bool length:3
newest best op: Uniop(df,'city','Minneapolis',(['brewery_id'], {('0',)}),{left: ("[FunctionalDependency:(s: {brewery_id}, t: {city})]", 0.0), operator: *, right: (1.0, 1.0), result: 0.0})
now error: 0.0
Block processing time: 0.013539 seconds
Computing Block 189 out of 663
Processing Block size=3
begin cleaner{left: ("[FunctionalDependency:(s: {brewery_id}, t: {city})]", 0.0), operator: *, right: (1.0, 1.0), result: 0.0}
列 'p' 不存在，对列 city 不过滤，直接选择所有非无效值。
Block processing time: 0.00224 seconds
Computing Block 190 out of 663
Processing Block size=6
begin cleaner{left: ("[FunctionalDependency:(s: {brewery_id}, t: {city})]", 0.0), operator: *, right: (1.0, 1.0), result: 0.0}
列 'p' 不存在，对列 city 不过滤，直接选择所有非无效值。
clean_bool length:2
newest best op: Uniop(df,'city','Blanco',(['brewery_id'], {('128',)}),{left: ("[FunctionalDependency:(s: {brewery_id}, t: {city})]", 0.0), operator: *, right: (1.0, 1.0), result: 0.0})
now error: 0.0
Block processing time: 0.008831 seconds
Computing Block 192 out of 663
Processing Block size=7
begin cleaner{left: ("[FunctionalDependency:(s: {brewery_id}, t: {city})]", 0.0), operator: *, right: (1.0, 1.0), result: 0.0}
列 'p' 不存在，对列 city 不过滤，直接选择所有非无效值。
Block processing time: 0.004963 seconds
Computing Block 193 out of 663
Processing Block size=2
begin cleaner{left: ("[FunctionalDependency:(s: {brewery_id}, t: {city})]", 0.0), operator: *, right: (1.0, 1.0), result: 0.0}
列 'p' 不存在，对列 city 不过滤，直接选择所有非无效值。
Block processing time: 0.001542 seconds
Computing Block 194 out of 663
Processing Block size=7
begin cleaner{left: ("[FunctionalDependency:(s: {brewery_id}, t: {city})]", 0.0), operator: *, right: (1.0, 1.0), result: 0.0}
列 'p' 不存在，对列 city 不过滤，直接选择所有非无效值。
clean_bool length:3
newest best op: Uniop(df,'city','Reno',(['brewery_id'], {('530',)}),{left: ("[FunctionalDependency:(s: {brewery_id}, t: {city})]", 0.0), operator: *, right: (1.0, 1.0), result: 0.0})
now error: 0.0
Block processing time: 0.015429 seconds
Computing Block 195 out of 663
Processing Block size=17
begin cleaner{left: ("[FunctionalDependency:(s: {brewery_id}, t: {city})]", 0.0), operator: *, right: (1.0, 1.0), result: 0.0}
列 'p' 不存在，对列 city 不过滤，直接选择所有非无效值。
clean_bool length:5
newest best op: Uniop(df,'city','Auro#r@@a',(['brewery_id'], {('165',)}),{left: ("[FunctionalDependency:(s: {brewery_id}, t: {city})]", 0.0), operator: *, right: (1.0, 1.0), result: 0.0})
now error: 0.0
newest best op: Uniop(df,'city','Auro??ra',(['brewery_id'], {('165',)}),{left: ("[FunctionalDependency:(s: {brewery_id}, t: {city})]", 0.0), operator: *, right: (1.0, 1.0), result: 0.0})
now error: 0.0
newest best op: Uniop(df,'city','Aurora',(['brewery_id'], {('165',)}),{left: ("[FunctionalDependency:(s: {brewery_id}, t: {city})]", 0.0), operator: *, right: (1.0, 1.0), result: 0.0})
now error: 0.0
Block processing time: 0.061104 seconds
Computing Block 196 out of 663
Processing Block size=2
begin cleaner{left: ("[FunctionalDependency:(s: {brewery_id}, t: {city})]", 0.0), operator: *, right: (1.0, 1.0), result: 0.0}
列 'p' 不存在，对列 city 不过滤，直接选择所有非无效值。
clean_bool length:2
newest best op: Uniop(df,'city','$Stillwat??er',(['brewery_id'], {('244',)}),{left: ("[FunctionalDependency:(s: {brewery_id}, t: {city})]", 0.0), operator: *, right: (1.0, 1.0), result: 0.0})
now error: 0.0
Block processing time: 0.003404 seconds
Computing Block 197 out of 663
Processing Block size=6
begin cleaner{left: ("[FunctionalDependency:(s: {brewery_id}, t: {city})]", 0.0), operator: *, right: (1.0, 1.0), result: 0.0}
列 'p' 不存在，对列 city 不过滤，直接选择所有非无效值。
Block processing time: 0.004713 seconds
Computing Block 200 out of 663
Processing Block size=4
begin cleaner{left: ("[FunctionalDependency:(s: {brewery_id}, t: {city})]", 0.0), operator: *, right: (1.0, 1.0), result: 0.0}
列 'p' 不存在，对列 city 不过滤，直接选择所有非无效值。
Block processing time: 0.00294 seconds
Computing Block 201 out of 663
Processing Block size=3
begin cleaner{left: ("[FunctionalDependency:(s: {brewery_id}, t: {city})]", 0.0), operator: *, right: (1.0, 1.0), result: 0.0}
列 'p' 不存在，对列 city 不过滤，直接选择所有非无效值。
Block processing time: 0.002236 seconds
Computing Block 202 out of 663
Processing Block size=2
begin cleaner{left: ("[FunctionalDependency:(s: {brewery_id}, t: {city})]", 0.0), operator: *, right: (1.0, 1.0), result: 0.0}
列 'p' 不存在，对列 city 不过滤，直接选择所有非无效值。
Block processing time: 0.001512 seconds
Computing Block 203 out of 663
Processing Block size=3
begin cleaner{left: ("[FunctionalDependency:(s: {brewery_id}, t: {city})]", 0.0), operator: *, right: (1.0, 1.0), result: 0.0}
列 'p' 不存在，对列 city 不过滤，直接选择所有非无效值。
clean_bool length:2
newest best op: Uniop(df,'city','Marietta',(['brewery_id'], {('475',)}),{left: ("[FunctionalDependency:(s: {brewery_id}, t: {city})]", 0.0), operator: *, right: (1.0, 1.0), result: 0.0})
now error: 0.0
Block processing time: 0.004866 seconds
Computing Block 204 out of 663
Processing Block size=3
begin cleaner{left: ("[FunctionalDependency:(s: {brewery_id}, t: {city})]", 0.0), operator: *, right: (1.0, 1.0), result: 0.0}
列 'p' 不存在，对列 city 不过滤，直接选择所有非无效值。
Block processing time: 0.002292 seconds
Computing Block 207 out of 663
Processing Block size=12
begin cleaner{left: ("[FunctionalDependency:(s: {brewery_id}, t: {city})]", 0.0), operator: *, right: (1.0, 1.0), result: 0.0}
列 'p' 不存在，对列 city 不过滤，直接选择所有非无效值。
clean_bool length:3
newest best op: Uniop(df,'city','Utica',(['brewery_id'], {('299',)}),{left: ("[FunctionalDependency:(s: {brewery_id}, t: {city})]", 0.0), operator: *, right: (1.0, 1.0), result: 0.0})
now error: 0.0
Block processing time: 0.025677 seconds
Computing Block 208 out of 663
Processing Block size=10
begin cleaner{left: ("[FunctionalDependency:(s: {brewery_id}, t: {city})]", 0.0), operator: *, right: (1.0, 1.0), result: 0.0}
列 'p' 不存在，对列 city 不过滤，直接选择所有非无效值。
clean_bool length:3
newest best op: Uniop(df,'city','Lyons',(['brewery_id'], {('503',)}),{left: ("[FunctionalDependency:(s: {brewery_id}, t: {city})]", 0.0), operator: *, right: (1.0, 1.0), result: 0.0})
now error: 0.0
Block processing time: 0.02165 seconds
Computing Block 213 out of 663
Processing Block size=3
begin cleaner{left: ("[FunctionalDependency:(s: {brewery_id}, t: {city})]", 0.0), operator: *, right: (1.0, 1.0), result: 0.0}
列 'p' 不存在，对列 city 不过滤，直接选择所有非无效值。
clean_bool length:2
newest best op: Uniop(df,'city','Dallas',(['brewery_id'], {('287',)}),{left: ("[FunctionalDependency:(s: {brewery_id}, t: {city})]", 0.0), operator: *, right: (1.0, 1.0), result: 0.0})
now error: 0.0
Block processing time: 0.004786 seconds
Computing Block 214 out of 663
Processing Block size=6
begin cleaner{left: ("[FunctionalDependency:(s: {brewery_id}, t: {city})]", 0.0), operator: *, right: (1.0, 1.0), result: 0.0}
列 'p' 不存在，对列 city 不过滤，直接选择所有非无效值。
clean_bool length:3
newest best op: Uniop(df,'city','New Orleans',(['brewery_id'], {('174',)}),{left: ("[FunctionalDependency:(s: {brewery_id}, t: {city})]", 0.0), operator: *, right: (1.0, 1.0), result: 0.0})
now error: 0.0
Block processing time: 0.013458 seconds
Computing Block 220 out of 663
Processing Block size=5
begin cleaner{left: ("[FunctionalDependency:(s: {brewery_id}, t: {city})]", 0.0), operator: *, right: (1.0, 1.0), result: 0.0}
列 'p' 不存在，对列 city 不过滤，直接选择所有非无效值。
Block processing time: 0.003674 seconds
Computing Block 221 out of 663
Processing Block size=2
begin cleaner{left: ("[FunctionalDependency:(s: {brewery_id}, t: {city})]", 0.0), operator: *, right: (1.0, 1.0), result: 0.0}
列 'p' 不存在，对列 city 不过滤，直接选择所有非无效值。
clean_bool length:3
newest best op: Uniop(df,'city','Somerset Cente@@r',(['brewery_id'], {('254',)}),{left: ("[FunctionalDependency:(s: {brewery_id}, t: {city})]", 0.0), operator: *, right: (1.0, 1.0), result: 0.0})
now error: 0.0
Block processing time: 0.005294 seconds
Computing Block 222 out of 663
Processing Block size=22
begin cleaner{left: ("[FunctionalDependency:(s: {brewery_id}, t: {city})]", 0.0), operator: *, right: (1.0, 1.0), result: 0.0}
列 'p' 不存在，对列 city 不过滤，直接选择所有非无效值。
clean_bool length:4
newest best op: Uniop(df,'city','Por@@tl%and',(['brewery_id'], {('80',)}),{left: ("[FunctionalDependency:(s: {brewery_id}, t: {city})]", 0.0), operator: *, right: (1.0, 1.0), result: 0.0})
now error: 0.0
newest best op: Uniop(df,'city','P%or#tland',(['brewery_id'], {('80',)}),{left: ("[FunctionalDependency:(s: {brewery_id}, t: {city})]", 0.0), operator: *, right: (1.0, 1.0), result: 0.0})
now error: 0.0
newest best op: Uniop(df,'city','Portland',(['brewery_id'], {('80',)}),{left: ("[FunctionalDependency:(s: {brewery_id}, t: {city})]", 0.0), operator: *, right: (1.0, 1.0), result: 0.0})
now error: 0.0
Block processing time: 0.068011 seconds
Computing Block 225 out of 663
Processing Block size=13
begin cleaner{left: ("[FunctionalDependency:(s: {brewery_id}, t: {city})]", 0.0), operator: *, right: (1.0, 1.0), result: 0.0}
列 'p' 不存在，对列 city 不过滤，直接选择所有非无效值。
clean_bool length:2
newest best op: Uniop(df,'city','Conroe',(['brewery_id'], {('118',)}),{left: ("[FunctionalDependency:(s: {brewery_id}, t: {city})]", 0.0), operator: *, right: (1.0, 1.0), result: 0.0})
now error: 0.0
Block processing time: 0.019941 seconds
Computing Block 226 out of 663
Processing Block size=2
begin cleaner{left: ("[FunctionalDependency:(s: {brewery_id}, t: {city})]", 0.0), operator: *, right: (1.0, 1.0), result: 0.0}
列 'p' 不存在，对列 city 不过滤，直接选择所有非无效值。
Block processing time: 0.001676 seconds
Computing Block 227 out of 663
Processing Block size=5
begin cleaner{left: ("[FunctionalDependency:(s: {brewery_id}, t: {city})]", 0.0), operator: *, right: (1.0, 1.0), result: 0.0}
列 'p' 不存在，对列 city 不过滤，直接选择所有非无效值。
Block processing time: 0.004015 seconds
Computing Block 228 out of 663
Processing Block size=5
begin cleaner{left: ("[FunctionalDependency:(s: {brewery_id}, t: {city})]", 0.0), operator: *, right: (1.0, 1.0), result: 0.0}
列 'p' 不存在，对列 city 不过滤，直接选择所有非无效值。
clean_bool length:4
newest best op: Uniop(df,'city','P#ap$illion',(['brewery_id'], {('337',)}),{left: ("[FunctionalDependency:(s: {brewery_id}, t: {city})]", 0.0), operator: *, right: (1.0, 1.0), result: 0.0})
now error: 0.0
newest best op: Uniop(df,'city','Papillion',(['brewery_id'], {('337',)}),{left: ("[FunctionalDependency:(s: {brewery_id}, t: {city})]", 0.0), operator: *, right: (1.0, 1.0), result: 0.0})
now error: 0.0
Block processing time: 0.016497 seconds
Computing Block 232 out of 663
Processing Block size=2
begin cleaner{left: ("[FunctionalDependency:(s: {brewery_id}, t: {city})]", 0.0), operator: *, right: (1.0, 1.0), result: 0.0}
列 'p' 不存在，对列 city 不过滤，直接选择所有非无效值。
Block processing time: 0.001666 seconds
Computing Block 234 out of 663
Processing Block size=5
begin cleaner{left: ("[FunctionalDependency:(s: {brewery_id}, t: {city})]", 0.0), operator: *, right: (1.0, 1.0), result: 0.0}
列 'p' 不存在，对列 city 不过滤，直接选择所有非无效值。
clean_bool length:3
newest best op: Uniop(df,'city','Birmingham',(['brewery_id'], {('478',)}),{left: ("[FunctionalDependency:(s: {brewery_id}, t: {city})]", 0.0), operator: *, right: (1.0, 1.0), result: 0.0})
now error: 0.0
Block processing time: 0.012241 seconds
Computing Block 236 out of 663
Processing Block size=11
begin cleaner{left: ("[FunctionalDependency:(s: {brewery_id}, t: {city})]", 0.0), operator: *, right: (1.0, 1.0), result: 0.0}
列 'p' 不存在，对列 city 不过滤，直接选择所有非无效值。
clean_bool length:2
newest best op: Uniop(df,'city','Gary',(['brewery_id'], {('177',)}),{left: ("[FunctionalDependency:(s: {brewery_id}, t: {city})]", 0.0), operator: *, right: (1.0, 1.0), result: 0.0})
now error: 0.0
Block processing time: 0.017131 seconds
Computing Block 238 out of 663
Processing Block size=5
begin cleaner{left: ("[FunctionalDependency:(s: {brewery_id}, t: {city})]", 0.0), operator: *, right: (1.0, 1.0), result: 0.0}
列 'p' 不存在，对列 city 不过滤，直接选择所有非无效值。
Block processing time: 0.003921 seconds
Computing Block 240 out of 663
Processing Block size=3
begin cleaner{left: ("[FunctionalDependency:(s: {brewery_id}, t: {city})]", 0.0), operator: *, right: (1.0, 1.0), result: 0.0}
列 'p' 不存在，对列 city 不过滤，直接选择所有非无效值。
Block processing time: 0.002411 seconds
Computing Block 241 out of 663
Processing Block size=3
begin cleaner{left: ("[FunctionalDependency:(s: {brewery_id}, t: {city})]", 0.0), operator: *, right: (1.0, 1.0), result: 0.0}
列 'p' 不存在，对列 city 不过滤，直接选择所有非无效值。
Block processing time: 0.002247 seconds
Computing Block 242 out of 663
Processing Block size=6
begin cleaner{left: ("[FunctionalDependency:(s: {brewery_id}, t: {city})]", 0.0), operator: *, right: (1.0, 1.0), result: 0.0}
列 'p' 不存在，对列 city 不过滤，直接选择所有非无效值。
Block processing time: 0.004343 seconds
Computing Block 244 out of 663
Processing Block size=4
begin cleaner{left: ("[FunctionalDependency:(s: {brewery_id}, t: {city})]", 0.0), operator: *, right: (1.0, 1.0), result: 0.0}
列 'p' 不存在，对列 city 不过滤，直接选择所有非无效值。
Block processing time: 0.002898 seconds
Computing Block 249 out of 663
Processing Block size=2
begin cleaner{left: ("[FunctionalDependency:(s: {brewery_id}, t: {city})]", 0.0), operator: *, right: (1.0, 1.0), result: 0.0}
列 'p' 不存在，对列 city 不过滤，直接选择所有非无效值。
Block processing time: 0.001589 seconds
Computing Block 250 out of 663
Processing Block size=3
begin cleaner{left: ("[FunctionalDependency:(s: {brewery_id}, t: {city})]", 0.0), operator: *, right: (1.0, 1.0), result: 0.0}
列 'p' 不存在，对列 city 不过滤，直接选择所有非无效值。
clean_bool length:2
newest best op: Uniop(df,'city','Menominie',(['brewery_id'], {('456',)}),{left: ("[FunctionalDependency:(s: {brewery_id}, t: {city})]", 0.0), operator: *, right: (1.0, 1.0), result: 0.0})
now error: 0.0
Block processing time: 0.004885 seconds
Computing Block 254 out of 663
Processing Block size=3
begin cleaner{left: ("[FunctionalDependency:(s: {brewery_id}, t: {city})]", 0.0), operator: *, right: (1.0, 1.0), result: 0.0}
列 'p' 不存在，对列 city 不过滤，直接选择所有非无效值。
clean_bool length:3
newest best op: Uniop(df,'city','Hamilton',(['brewery_id'], {('407',)}),{left: ("[FunctionalDependency:(s: {brewery_id}, t: {city})]", 0.0), operator: *, right: (1.0, 1.0), result: 0.0})
now error: 0.0
Block processing time: 0.007243 seconds
Computing Block 255 out of 663
Processing Block size=3
begin cleaner{left: ("[FunctionalDependency:(s: {brewery_id}, t: {city})]", 0.0), operator: *, right: (1.0, 1.0), result: 0.0}
列 'p' 不存在，对列 city 不过滤，直接选择所有非无效值。
Block processing time: 0.00221 seconds
Computing Block 257 out of 663
Processing Block size=9
begin cleaner{left: ("[FunctionalDependency:(s: {brewery_id}, t: {city})]", 0.0), operator: *, right: (1.0, 1.0), result: 0.0}
列 'p' 不存在，对列 city 不过滤，直接选择所有非无效值。
Block processing time: 0.006388 seconds
Computing Block 259 out of 663
Processing Block size=6
begin cleaner{left: ("[FunctionalDependency:(s: {brewery_id}, t: {city})]", 0.0), operator: *, right: (1.0, 1.0), result: 0.0}
列 'p' 不存在，对列 city 不过滤，直接选择所有非无效值。
Block processing time: 0.004307 seconds
Computing Block 261 out of 663
Processing Block size=2
begin cleaner{left: ("[FunctionalDependency:(s: {brewery_id}, t: {city})]", 0.0), operator: *, right: (1.0, 1.0), result: 0.0}
列 'p' 不存在，对列 city 不过滤，直接选择所有非无效值。
Block processing time: 0.001501 seconds
Computing Block 264 out of 663
Processing Block size=4
begin cleaner{left: ("[FunctionalDependency:(s: {brewery_id}, t: {city})]", 0.0), operator: *, right: (1.0, 1.0), result: 0.0}
列 'p' 不存在，对列 city 不过滤，直接选择所有非无效值。
Block processing time: 0.002913 seconds
Computing Block 265 out of 663
Processing Block size=7
begin cleaner{left: ("[FunctionalDependency:(s: {brewery_id}, t: {city})]", 0.0), operator: *, right: (1.0, 1.0), result: 0.0}
列 'p' 不存在，对列 city 不过滤，直接选择所有非无效值。
clean_bool length:2
newest best op: Uniop(df,'city','San Diego',(['brewery_id'], {('449',)}),{left: ("[FunctionalDependency:(s: {brewery_id}, t: {city})]", 0.0), operator: *, right: (1.0, 1.0), result: 0.0})
now error: 0.0
Block processing time: 0.010123 seconds
Computing Block 266 out of 663
Processing Block size=9
begin cleaner{left: ("[FunctionalDependency:(s: {brewery_id}, t: {city})]", 0.0), operator: *, right: (1.0, 1.0), result: 0.0}
列 'p' 不存在，对列 city 不过滤，直接选择所有非无效值。
clean_bool length:4
newest best op: Uniop(df,'city','Dallas',(['brewery_id'], {('127',)}),{left: ("[FunctionalDependency:(s: {brewery_id}, t: {city})]", 0.0), operator: *, right: (1.0, 1.0), result: 0.0})
now error: 0.0
Block processing time: 0.02611 seconds
Computing Block 268 out of 663
Processing Block size=2
begin cleaner{left: ("[FunctionalDependency:(s: {brewery_id}, t: {city})]", 0.0), operator: *, right: (1.0, 1.0), result: 0.0}
列 'p' 不存在，对列 city 不过滤，直接选择所有非无效值。
Block processing time: 0.001529 seconds
Computing Block 270 out of 663
Processing Block size=2
begin cleaner{left: ("[FunctionalDependency:(s: {brewery_id}, t: {city})]", 0.0), operator: *, right: (1.0, 1.0), result: 0.0}
列 'p' 不存在，对列 city 不过滤，直接选择所有非无效值。
Block processing time: 0.001529 seconds
Computing Block 271 out of 663
Processing Block size=11
begin cleaner{left: ("[FunctionalDependency:(s: {brewery_id}, t: {city})]", 0.0), operator: *, right: (1.0, 1.0), result: 0.0}
列 'p' 不存在，对列 city 不过滤，直接选择所有非无效值。
clean_bool length:3
newest best op: Uniop(df,'city','Middleton',(['brewery_id'], {('192',)}),{left: ("[FunctionalDependency:(s: {brewery_id}, t: {city})]", 0.0), operator: *, right: (1.0, 1.0), result: 0.0})
now error: 0.0
Block processing time: 0.023985 seconds
Computing Block 272 out of 663
Processing Block size=3
begin cleaner{left: ("[FunctionalDependency:(s: {brewery_id}, t: {city})]", 0.0), operator: *, right: (1.0, 1.0), result: 0.0}
列 'p' 不存在，对列 city 不过滤，直接选择所有非无效值。
Block processing time: 0.002282 seconds
Computing Block 274 out of 663
Processing Block size=13
begin cleaner{left: ("[FunctionalDependency:(s: {brewery_id}, t: {city})]", 0.0), operator: *, right: (1.0, 1.0), result: 0.0}
列 'p' 不存在，对列 city 不过滤，直接选择所有非无效值。
clean_bool length:3
newest best op: Uniop(df,'city','Mo@@nroe',(['brewery_id'], {('134',)}),{left: ("[FunctionalDependency:(s: {brewery_id}, t: {city})]", 0.0), operator: *, right: (1.0, 1.0), result: 0.0})
now error: 0.0
newest best op: Uniop(df,'city','Monroe',(['brewery_id'], {('134',)}),{left: ("[FunctionalDependency:(s: {brewery_id}, t: {city})]", 0.0), operator: *, right: (1.0, 1.0), result: 0.0})
now error: 0.0
Block processing time: 0.028168 seconds
Computing Block 275 out of 663
Processing Block size=4
begin cleaner{left: ("[FunctionalDependency:(s: {brewery_id}, t: {city})]", 0.0), operator: *, right: (1.0, 1.0), result: 0.0}
列 'p' 不存在，对列 city 不过滤，直接选择所有非无效值。
clean_bool length:3
newest best op: Uniop(df,'city','Mt. Air@@y',(['brewery_id'], {('68',)}),{left: ("[FunctionalDependency:(s: {brewery_id}, t: {city})]", 0.0), operator: *, right: (1.0, 1.0), result: 0.0})
now error: 0.0
newest best op: Uniop(df,'city','Mt. Airy',(['brewery_id'], {('68',)}),{left: ("[FunctionalDependency:(s: {brewery_id}, t: {city})]", 0.0), operator: *, right: (1.0, 1.0), result: 0.0})
now error: 0.0
Block processing time: 0.009238 seconds
Computing Block 277 out of 663
Processing Block size=2
begin cleaner{left: ("[FunctionalDependency:(s: {brewery_id}, t: {city})]", 0.0), operator: *, right: (1.0, 1.0), result: 0.0}
列 'p' 不存在，对列 city 不过滤，直接选择所有非无效值。
Block processing time: 0.001518 seconds
Computing Block 278 out of 663
Processing Block size=6
begin cleaner{left: ("[FunctionalDependency:(s: {brewery_id}, t: {city})]", 0.0), operator: *, right: (1.0, 1.0), result: 0.0}
列 'p' 不存在，对列 city 不过滤，直接选择所有非无效值。
clean_bool length:3
newest best op: Uniop(df,'city','Rochester',(['brewery_id'], {('229',)}),{left: ("[FunctionalDependency:(s: {brewery_id}, t: {city})]", 0.0), operator: *, right: (1.0, 1.0), result: 0.0})
now error: 0.0
Block processing time: 0.013346 seconds
Computing Block 281 out of 663
Processing Block size=2
begin cleaner{left: ("[FunctionalDependency:(s: {brewery_id}, t: {city})]", 0.0), operator: *, right: (1.0, 1.0), result: 0.0}
列 'p' 不存在，对列 city 不过滤，直接选择所有非无效值。
clean_bool length:2
newest best op: Uniop(df,'city','Aspen',(['brewery_id'], {('523',)}),{left: ("[FunctionalDependency:(s: {brewery_id}, t: {city})]", 0.0), operator: *, right: (1.0, 1.0), result: 0.0})
now error: 0.0
Block processing time: 0.003485 seconds
Computing Block 282 out of 663
Processing Block size=2
begin cleaner{left: ("[FunctionalDependency:(s: {brewery_id}, t: {city})]", 0.0), operator: *, right: (1.0, 1.0), result: 0.0}
列 'p' 不存在，对列 city 不过滤，直接选择所有非无效值。
Block processing time: 0.001513 seconds
Computing Block 283 out of 663
Processing Block size=10
begin cleaner{left: ("[FunctionalDependency:(s: {brewery_id}, t: {city})]", 0.0), operator: *, right: (1.0, 1.0), result: 0.0}
列 'p' 不存在，对列 city 不过滤，直接选择所有非无效值。
Block processing time: 0.007222 seconds
Computing Block 285 out of 663
Processing Block size=9
begin cleaner{left: ("[FunctionalDependency:(s: {brewery_id}, t: {city})]", 0.0), operator: *, right: (1.0, 1.0), result: 0.0}
列 'p' 不存在，对列 city 不过滤，直接选择所有非无效值。
clean_bool length:4
newest best op: Uniop(df,'city','Birmingha@@m??',(['brewery_id'], {('124',)}),{left: ("[FunctionalDependency:(s: {brewery_id}, t: {city})]", 0.0), operator: *, right: (1.0, 1.0), result: 0.0})
now error: 0.0
newest best op: Uniop(df,'city','Birmingham',(['brewery_id'], {('124',)}),{left: ("[FunctionalDependency:(s: {brewery_id}, t: {city})]", 0.0), operator: *, right: (1.0, 1.0), result: 0.0})
now error: 0.0
Block processing time: 0.02653 seconds
Computing Block 286 out of 663
Processing Block size=3
begin cleaner{left: ("[FunctionalDependency:(s: {brewery_id}, t: {city})]", 0.0), operator: *, right: (1.0, 1.0), result: 0.0}
列 'p' 不存在，对列 city 不过滤，直接选择所有非无效值。
Block processing time: 0.002265 seconds
Computing Block 287 out of 663
Processing Block size=3
begin cleaner{left: ("[FunctionalDependency:(s: {brewery_id}, t: {city})]", 0.0), operator: *, right: (1.0, 1.0), result: 0.0}
列 'p' 不存在，对列 city 不过滤，直接选择所有非无效值。
clean_bool length:3
newest best op: Uniop(df,'city','Kent',(['brewery_id'], {('367',)}),{left: ("[FunctionalDependency:(s: {brewery_id}, t: {city})]", 0.0), operator: *, right: (1.0, 1.0), result: 0.0})
now error: 0.0
Block processing time: 0.007143 seconds
Computing Block 288 out of 663
Processing Block size=2
begin cleaner{left: ("[FunctionalDependency:(s: {brewery_id}, t: {city})]", 0.0), operator: *, right: (1.0, 1.0), result: 0.0}
列 'p' 不存在，对列 city 不过滤，直接选择所有非无效值。
Block processing time: 0.001509 seconds
Computing Block 289 out of 663
Processing Block size=11
begin cleaner{left: ("[FunctionalDependency:(s: {brewery_id}, t: {city})]", 0.0), operator: *, right: (1.0, 1.0), result: 0.0}
列 'p' 不存在，对列 city 不过滤，直接选择所有非无效值。
clean_bool length:3
newest best op: Uniop(df,'city','Missoula',(['brewery_id'], {('336',)}),{left: ("[FunctionalDependency:(s: {brewery_id}, t: {city})]", 0.0), operator: *, right: (1.0, 1.0), result: 0.0})
now error: 0.0
Block processing time: 0.023609 seconds
Computing Block 290 out of 663
Processing Block size=2
begin cleaner{left: ("[FunctionalDependency:(s: {brewery_id}, t: {city})]", 0.0), operator: *, right: (1.0, 1.0), result: 0.0}
列 'p' 不存在，对列 city 不过滤，直接选择所有非无效值。
Block processing time: 0.001567 seconds
Computing Block 293 out of 663
Processing Block size=2
begin cleaner{left: ("[FunctionalDependency:(s: {brewery_id}, t: {city})]", 0.0), operator: *, right: (1.0, 1.0), result: 0.0}
列 'p' 不存在，对列 city 不过滤，直接选择所有非无效值。
Block processing time: 0.001499 seconds
Computing Block 294 out of 663
Processing Block size=2
begin cleaner{left: ("[FunctionalDependency:(s: {brewery_id}, t: {city})]", 0.0), operator: *, right: (1.0, 1.0), result: 0.0}
列 'p' 不存在，对列 city 不过滤，直接选择所有非无效值。
Block processing time: 0.001495 seconds
Computing Block 295 out of 663
Processing Block size=4
begin cleaner{left: ("[FunctionalDependency:(s: {brewery_id}, t: {city})]", 0.0), operator: *, right: (1.0, 1.0), result: 0.0}
列 'p' 不存在，对列 city 不过滤，直接选择所有非无效值。
Block processing time: 0.002892 seconds
Computing Block 296 out of 663
Processing Block size=2
begin cleaner{left: ("[FunctionalDependency:(s: {brewery_id}, t: {city})]", 0.0), operator: *, right: (1.0, 1.0), result: 0.0}
列 'p' 不存在，对列 city 不过滤，直接选择所有非无效值。
Block processing time: 0.001529 seconds
Computing Block 297 out of 663
Processing Block size=8
begin cleaner{left: ("[FunctionalDependency:(s: {brewery_id}, t: {city})]", 0.0), operator: *, right: (1.0, 1.0), result: 0.0}
列 'p' 不存在，对列 city 不过滤，直接选择所有非无效值。
clean_bool length:3
newest best op: Uniop(df,'city','Denver',(['brewery_id'], {('424',)}),{left: ("[FunctionalDependency:(s: {brewery_id}, t: {city})]", 0.0), operator: *, right: (1.0, 1.0), result: 0.0})
now error: 0.0
Block processing time: 0.017362 seconds
Computing Block 298 out of 663
Processing Block size=3
begin cleaner{left: ("[FunctionalDependency:(s: {brewery_id}, t: {city})]", 0.0), operator: *, right: (1.0, 1.0), result: 0.0}
列 'p' 不存在，对列 city 不过滤，直接选择所有非无效值。
Block processing time: 0.002228 seconds
Computing Block 299 out of 663
Processing Block size=5
begin cleaner{left: ("[FunctionalDependency:(s: {brewery_id}, t: {city})]", 0.0), operator: *, right: (1.0, 1.0), result: 0.0}
列 'p' 不存在，对列 city 不过滤，直接选择所有非无效值。
clean_bool length:3
newest best op: Uniop(df,'city','Vadnais Heights',(['brewery_id'], {('444',)}),{left: ("[FunctionalDependency:(s: {brewery_id}, t: {city})]", 0.0), operator: *, right: (1.0, 1.0), result: 0.0})
now error: 0.0
Block processing time: 0.011407 seconds
Computing Block 300 out of 663
Processing Block size=3
begin cleaner{left: ("[FunctionalDependency:(s: {brewery_id}, t: {city})]", 0.0), operator: *, right: (1.0, 1.0), result: 0.0}
列 'p' 不存在，对列 city 不过滤，直接选择所有非无效值。
clean_bool length:2
newest best op: Uniop(df,'city','Belmont',(['brewery_id'], {('491',)}),{left: ("[FunctionalDependency:(s: {brewery_id}, t: {city})]", 0.0), operator: *, right: (1.0, 1.0), result: 0.0})
now error: 0.0
Block processing time: 0.004757 seconds
Computing Block 304 out of 663
Processing Block size=4
begin cleaner{left: ("[FunctionalDependency:(s: {brewery_id}, t: {city})]", 0.0), operator: *, right: (1.0, 1.0), result: 0.0}
列 'p' 不存在，对列 city 不过滤，直接选择所有非无效值。
Block processing time: 0.0029 seconds
Computing Block 306 out of 663
Processing Block size=3
begin cleaner{left: ("[FunctionalDependency:(s: {brewery_id}, t: {city})]", 0.0), operator: *, right: (1.0, 1.0), result: 0.0}
列 'p' 不存在，对列 city 不过滤，直接选择所有非无效值。
Block processing time: 0.002202 seconds
Computing Block 307 out of 663
Processing Block size=7
begin cleaner{left: ("[FunctionalDependency:(s: {brewery_id}, t: {city})]", 0.0), operator: *, right: (1.0, 1.0), result: 0.0}
列 'p' 不存在，对列 city 不过滤，直接选择所有非无效值。
Block processing time: 0.004953 seconds
Computing Block 308 out of 663
Processing Block size=4
begin cleaner{left: ("[FunctionalDependency:(s: {brewery_id}, t: {city})]", 0.0), operator: *, right: (1.0, 1.0), result: 0.0}
列 'p' 不存在，对列 city 不过滤，直接选择所有非无效值。
Block processing time: 0.002902 seconds
Computing Block 311 out of 663
Processing Block size=5
begin cleaner{left: ("[FunctionalDependency:(s: {brewery_id}, t: {city})]", 0.0), operator: *, right: (1.0, 1.0), result: 0.0}
列 'p' 不存在，对列 city 不过滤，直接选择所有非无效值。
clean_bool length:2
newest best op: Uniop(df,'city','Seven Points',(['brewery_id'], {('29',)}),{left: ("[FunctionalDependency:(s: {brewery_id}, t: {city})]", 0.0), operator: *, right: (1.0, 1.0), result: 0.0})
now error: 0.0
Block processing time: 0.007451 seconds
Computing Block 313 out of 663
Processing Block size=4
begin cleaner{left: ("[FunctionalDependency:(s: {brewery_id}, t: {city})]", 0.0), operator: *, right: (1.0, 1.0), result: 0.0}
列 'p' 不存在，对列 city 不过滤，直接选择所有非无效值。
clean_bool length:3
newest best op: Uniop(df,'city','C??orvallis',(['brewery_id'], {('154',)}),{left: ("[FunctionalDependency:(s: {brewery_id}, t: {city})]", 0.0), operator: *, right: (1.0, 1.0), result: 0.0})
now error: 0.0
newest best op: Uniop(df,'city','Corvallis',(['brewery_id'], {('154',)}),{left: ("[FunctionalDependency:(s: {brewery_id}, t: {city})]", 0.0), operator: *, right: (1.0, 1.0), result: 0.0})
now error: 0.0
Block processing time: 0.009286 seconds
Computing Block 314 out of 663
Processing Block size=2
begin cleaner{left: ("[FunctionalDependency:(s: {brewery_id}, t: {city})]", 0.0), operator: *, right: (1.0, 1.0), result: 0.0}
列 'p' 不存在，对列 city 不过滤，直接选择所有非无效值。
Block processing time: 0.00151 seconds
Computing Block 315 out of 663
Processing Block size=2
begin cleaner{left: ("[FunctionalDependency:(s: {brewery_id}, t: {city})]", 0.0), operator: *, right: (1.0, 1.0), result: 0.0}
列 'p' 不存在，对列 city 不过滤，直接选择所有非无效值。
Block processing time: 0.001498 seconds
Computing Block 316 out of 663
Processing Block size=9
begin cleaner{left: ("[FunctionalDependency:(s: {brewery_id}, t: {city})]", 0.0), operator: *, right: (1.0, 1.0), result: 0.0}
列 'p' 不存在，对列 city 不过滤，直接选择所有非无效值。
clean_bool length:3
newest best op: Uniop(df,'city','Evansville',(['brewery_id'], {('17',)}),{left: ("[FunctionalDependency:(s: {brewery_id}, t: {city})]", 0.0), operator: *, right: (1.0, 1.0), result: 0.0})
now error: 0.0
Block processing time: 0.019596 seconds
Computing Block 317 out of 663
Processing Block size=2
begin cleaner{left: ("[FunctionalDependency:(s: {brewery_id}, t: {city})]", 0.0), operator: *, right: (1.0, 1.0), result: 0.0}
列 'p' 不存在，对列 city 不过滤，直接选择所有非无效值。
Block processing time: 0.001512 seconds
Computing Block 319 out of 663
Processing Block size=7
begin cleaner{left: ("[FunctionalDependency:(s: {brewery_id}, t: {city})]", 0.0), operator: *, right: (1.0, 1.0), result: 0.0}
列 'p' 不存在，对列 city 不过滤，直接选择所有非无效值。
clean_bool length:2
newest best op: Uniop(df,'city','San Diego',(['brewery_id'], {('209',)}),{left: ("[FunctionalDependency:(s: {brewery_id}, t: {city})]", 0.0), operator: *, right: (1.0, 1.0), result: 0.0})
now error: 0.0
Block processing time: 0.010254 seconds
Computing Block 320 out of 663
Processing Block size=10
begin cleaner{left: ("[FunctionalDependency:(s: {brewery_id}, t: {city})]", 0.0), operator: *, right: (1.0, 1.0), result: 0.0}
列 'p' 不存在，对列 city 不过滤，直接选择所有非无效值。
clean_bool length:3
newest best op: Uniop(df,'city','W#%oodbridge',(['brewery_id'], {('410',)}),{left: ("[FunctionalDependency:(s: {brewery_id}, t: {city})]", 0.0), operator: *, right: (1.0, 1.0), result: 0.0})
now error: 0.0
newest best op: Uniop(df,'city','Woodbridge',(['brewery_id'], {('410',)}),{left: ("[FunctionalDependency:(s: {brewery_id}, t: {city})]", 0.0), operator: *, right: (1.0, 1.0), result: 0.0})
now error: 0.0
Block processing time: 0.021626 seconds
Computing Block 322 out of 663
Processing Block size=2
begin cleaner{left: ("[FunctionalDependency:(s: {brewery_id}, t: {city})]", 0.0), operator: *, right: (1.0, 1.0), result: 0.0}
列 'p' 不存在，对列 city 不过滤，直接选择所有非无效值。
Block processing time: 0.001519 seconds
Computing Block 323 out of 663
Processing Block size=9
begin cleaner{left: ("[FunctionalDependency:(s: {brewery_id}, t: {city})]", 0.0), operator: *, right: (1.0, 1.0), result: 0.0}
列 'p' 不存在，对列 city 不过滤，直接选择所有非无效值。
clean_bool length:3
newest best op: Uniop(df,'city','Providenc$e',(['brewery_id'], {('143',)}),{left: ("[FunctionalDependency:(s: {brewery_id}, t: {city})]", 0.0), operator: *, right: (1.0, 1.0), result: 0.0})
now error: 0.0
newest best op: Uniop(df,'city','Providence',(['brewery_id'], {('143',)}),{left: ("[FunctionalDependency:(s: {brewery_id}, t: {city})]", 0.0), operator: *, right: (1.0, 1.0), result: 0.0})
now error: 0.0
Block processing time: 0.019564 seconds
Computing Block 325 out of 663
Processing Block size=2
begin cleaner{left: ("[FunctionalDependency:(s: {brewery_id}, t: {city})]", 0.0), operator: *, right: (1.0, 1.0), result: 0.0}
列 'p' 不存在，对列 city 不过滤，直接选择所有非无效值。
clean_bool length:2
newest best op: Uniop(df,'city','Buellton',(['brewery_id'], {('36',)}),{left: ("[FunctionalDependency:(s: {brewery_id}, t: {city})]", 0.0), operator: *, right: (1.0, 1.0), result: 0.0})
now error: 0.0
Block processing time: 0.003375 seconds
Computing Block 328 out of 663
Processing Block size=7
begin cleaner{left: ("[FunctionalDependency:(s: {brewery_id}, t: {city})]", 0.0), operator: *, right: (1.0, 1.0), result: 0.0}
列 'p' 不存在，对列 city 不过滤，直接选择所有非无效值。
clean_bool length:3
newest best op: Uniop(df,'city','Nantucket',(['brewery_id'], {('145',)}),{left: ("[FunctionalDependency:(s: {brewery_id}, t: {city})]", 0.0), operator: *, right: (1.0, 1.0), result: 0.0})
now error: 0.0
Block processing time: 0.015293 seconds
Computing Block 330 out of 663
Processing Block size=7
begin cleaner{left: ("[FunctionalDependency:(s: {brewery_id}, t: {city})]", 0.0), operator: *, right: (1.0, 1.0), result: 0.0}
列 'p' 不存在，对列 city 不过滤，直接选择所有非无效值。
clean_bool length:3
newest best op: Uniop(df,'city','Tempe',(['brewery_id'], {('160',)}),{left: ("[FunctionalDependency:(s: {brewery_id}, t: {city})]", 0.0), operator: *, right: (1.0, 1.0), result: 0.0})
now error: 0.0
Block processing time: 0.015302 seconds
Computing Block 331 out of 663
Processing Block size=6
begin cleaner{left: ("[FunctionalDependency:(s: {brewery_id}, t: {city})]", 0.0), operator: *, right: (1.0, 1.0), result: 0.0}
列 'p' 不存在，对列 city 不过滤，直接选择所有非无效值。
clean_bool length:2
newest best op: Uniop(df,'city','Jackson',(['brewery_id'], {('191',)}),{left: ("[FunctionalDependency:(s: {brewery_id}, t: {city})]", 0.0), operator: *, right: (1.0, 1.0), result: 0.0})
now error: 0.0
Block processing time: 0.008825 seconds
Computing Block 334 out of 663
Processing Block size=23
begin cleaner{left: ("[FunctionalDependency:(s: {brewery_id}, t: {city})]", 0.0), operator: *, right: (1.0, 1.0), result: 0.0}
列 'p' 不存在，对列 city 不过滤，直接选择所有非无效值。
clean_bool length:2
newest best op: Uniop(df,'city','Brooklyn',(['brewery_id'], {('46',)}),{left: ("[FunctionalDependency:(s: {brewery_id}, t: {city})]", 0.0), operator: *, right: (1.0, 1.0), result: 0.0})
now error: 0.0
Block processing time: 0.031647 seconds
Computing Block 336 out of 663
Processing Block size=17
begin cleaner{left: ("[FunctionalDependency:(s: {brewery_id}, t: {city})]", 0.0), operator: *, right: (1.0, 1.0), result: 0.0}
列 'p' 不存在，对列 city 不过滤，直接选择所有非无效值。
clean_bool length:2
newest best op: Uniop(df,'city','San Francisco',(['brewery_id'], {('368',)}),{left: ("[FunctionalDependency:(s: {brewery_id}, t: {city})]", 0.0), operator: *, right: (1.0, 1.0), result: 0.0})
now error: 0.0
Block processing time: 0.023664 seconds
Computing Block 337 out of 663
Processing Block size=3
begin cleaner{left: ("[FunctionalDependency:(s: {brewery_id}, t: {city})]", 0.0), operator: *, right: (1.0, 1.0), result: 0.0}
列 'p' 不存在，对列 city 不过滤，直接选择所有非无效值。
Block processing time: 0.0022 seconds
Computing Block 340 out of 663
Processing Block size=3
begin cleaner{left: ("[FunctionalDependency:(s: {brewery_id}, t: {city})]", 0.0), operator: *, right: (1.0, 1.0), result: 0.0}
列 'p' 不存在，对列 city 不过滤，直接选择所有非无效值。
clean_bool length:2
newest best op: Uniop(df,'city','Baltimore',(['brewery_id'], {('255',)}),{left: ("[FunctionalDependency:(s: {brewery_id}, t: {city})]", 0.0), operator: *, right: (1.0, 1.0), result: 0.0})
now error: 0.0
Block processing time: 0.00481 seconds
Computing Block 342 out of 663
Processing Block size=4
begin cleaner{left: ("[FunctionalDependency:(s: {brewery_id}, t: {city})]", 0.0), operator: *, right: (1.0, 1.0), result: 0.0}
列 'p' 不存在，对列 city 不过滤，直接选择所有非无效值。
clean_bool length:3
newest best op: Uniop(df,'city','Sheridan',(['brewery_id'], {('457',)}),{left: ("[FunctionalDependency:(s: {brewery_id}, t: {city})]", 0.0), operator: *, right: (1.0, 1.0), result: 0.0})
now error: 0.0
Block processing time: 0.009926 seconds
Computing Block 344 out of 663
Processing Block size=2
begin cleaner{left: ("[FunctionalDependency:(s: {brewery_id}, t: {city})]", 0.0), operator: *, right: (1.0, 1.0), result: 0.0}
列 'p' 不存在，对列 city 不过滤，直接选择所有非无效值。
Block processing time: 0.001519 seconds
Computing Block 345 out of 663
Processing Block size=2
begin cleaner{left: ("[FunctionalDependency:(s: {brewery_id}, t: {city})]", 0.0), operator: *, right: (1.0, 1.0), result: 0.0}
列 'p' 不存在，对列 city 不过滤，直接选择所有非无效值。
Block processing time: 0.001503 seconds
Computing Block 347 out of 663
Processing Block size=16
begin cleaner{left: ("[FunctionalDependency:(s: {brewery_id}, t: {city})]", 0.0), operator: *, right: (1.0, 1.0), result: 0.0}
列 'p' 不存在，对列 city 不过滤，直接选择所有非无效值。
Block processing time: 0.011259 seconds
Computing Block 348 out of 663
Processing Block size=16
begin cleaner{left: ("[FunctionalDependency:(s: {brewery_id}, t: {city})]", 0.0), operator: *, right: (1.0, 1.0), result: 0.0}
列 'p' 不存在，对列 city 不过滤，直接选择所有非无效值。
clean_bool length:2
newest best op: Uniop(df,'city','Eagle',(['brewery_id'], {('107',)}),{left: ("[FunctionalDependency:(s: {brewery_id}, t: {city})]", 0.0), operator: *, right: (1.0, 1.0), result: 0.0})
now error: 0.0
Block processing time: 0.022374 seconds
Computing Block 349 out of 663
Processing Block size=2
begin cleaner{left: ("[FunctionalDependency:(s: {brewery_id}, t: {city})]", 0.0), operator: *, right: (1.0, 1.0), result: 0.0}
列 'p' 不存在，对列 city 不过滤，直接选择所有非无效值。
Block processing time: 0.001529 seconds
Computing Block 350 out of 663
Processing Block size=2
begin cleaner{left: ("[FunctionalDependency:(s: {brewery_id}, t: {city})]", 0.0), operator: *, right: (1.0, 1.0), result: 0.0}
列 'p' 不存在，对列 city 不过滤，直接选择所有非无效值。
Block processing time: 0.001499 seconds
Computing Block 355 out of 663
Processing Block size=2
begin cleaner{left: ("[FunctionalDependency:(s: {brewery_id}, t: {city})]", 0.0), operator: *, right: (1.0, 1.0), result: 0.0}
列 'p' 不存在，对列 city 不过滤，直接选择所有非无效值。
clean_bool length:2
newest best op: Uniop(df,'city','Sheridan',(['brewery_id'], {('79',)}),{left: ("[FunctionalDependency:(s: {brewery_id}, t: {city})]", 0.0), operator: *, right: (1.0, 1.0), result: 0.0})
now error: 0.0
Block processing time: 0.003422 seconds
Computing Block 356 out of 663
Processing Block size=4
begin cleaner{left: ("[FunctionalDependency:(s: {brewery_id}, t: {city})]", 0.0), operator: *, right: (1.0, 1.0), result: 0.0}
列 'p' 不存在，对列 city 不过滤，直接选择所有非无效值。
Block processing time: 0.002959 seconds
Computing Block 357 out of 663
Processing Block size=4
begin cleaner{left: ("[FunctionalDependency:(s: {brewery_id}, t: {city})]", 0.0), operator: *, right: (1.0, 1.0), result: 0.0}
列 'p' 不存在，对列 city 不过滤，直接选择所有非无效值。
Block processing time: 0.002887 seconds
Computing Block 358 out of 663
Processing Block size=2
begin cleaner{left: ("[FunctionalDependency:(s: {brewery_id}, t: {city})]", 0.0), operator: *, right: (1.0, 1.0), result: 0.0}
列 'p' 不存在，对列 city 不过滤，直接选择所有非无效值。
Block processing time: 0.001511 seconds
Computing Block 360 out of 663
Processing Block size=3
begin cleaner{left: ("[FunctionalDependency:(s: {brewery_id}, t: {city})]", 0.0), operator: *, right: (1.0, 1.0), result: 0.0}
列 'p' 不存在，对列 city 不过滤，直接选择所有非无效值。
Block processing time: 0.002184 seconds
Computing Block 361 out of 663
Processing Block size=3
begin cleaner{left: ("[FunctionalDependency:(s: {brewery_id}, t: {city})]", 0.0), operator: *, right: (1.0, 1.0), result: 0.0}
列 'p' 不存在，对列 city 不过滤，直接选择所有非无效值。
Block processing time: 0.002221 seconds
Computing Block 362 out of 663
Processing Block size=12
begin cleaner{left: ("[FunctionalDependency:(s: {brewery_id}, t: {city})]", 0.0), operator: *, right: (1.0, 1.0), result: 0.0}
列 'p' 不存在，对列 city 不过滤，直接选择所有非无效值。
clean_bool length:3
newest best op: Uniop(df,'city','Brookl#y#n Center',(['brewery_id'], {('61',)}),{left: ("[FunctionalDependency:(s: {brewery_id}, t: {city})]", 0.0), operator: *, right: (1.0, 1.0), result: 0.0})
now error: 0.0
newest best op: Uniop(df,'city','Brooklyn Center',(['brewery_id'], {('61',)}),{left: ("[FunctionalDependency:(s: {brewery_id}, t: {city})]", 0.0), operator: *, right: (1.0, 1.0), result: 0.0})
now error: 0.0
Block processing time: 0.025967 seconds
Computing Block 363 out of 663
Processing Block size=4
begin cleaner{left: ("[FunctionalDependency:(s: {brewery_id}, t: {city})]", 0.0), operator: *, right: (1.0, 1.0), result: 0.0}
列 'p' 不存在，对列 city 不过滤，直接选择所有非无效值。
clean_bool length:3
newest best op: Uniop(df,'city','Gainesville',(['brewery_id'], {('447',)}),{left: ("[FunctionalDependency:(s: {brewery_id}, t: {city})]", 0.0), operator: *, right: (1.0, 1.0), result: 0.0})
now error: 0.0
Block processing time: 0.009353 seconds
Computing Block 367 out of 663
Processing Block size=2
begin cleaner{left: ("[FunctionalDependency:(s: {brewery_id}, t: {city})]", 0.0), operator: *, right: (1.0, 1.0), result: 0.0}
列 'p' 不存在，对列 city 不过滤，直接选择所有非无效值。
Block processing time: 0.001506 seconds
Computing Block 369 out of 663
Processing Block size=4
begin cleaner{left: ("[FunctionalDependency:(s: {brewery_id}, t: {city})]", 0.0), operator: *, right: (1.0, 1.0), result: 0.0}
列 'p' 不存在，对列 city 不过滤，直接选择所有非无效值。
Block processing time: 0.002934 seconds
Computing Block 371 out of 663
Processing Block size=2
begin cleaner{left: ("[FunctionalDependency:(s: {brewery_id}, t: {city})]", 0.0), operator: *, right: (1.0, 1.0), result: 0.0}
列 'p' 不存在，对列 city 不过滤，直接选择所有非无效值。
clean_bool length:3
newest best op: Uniop(df,'city','Ha#ys#',(['brewery_id'], {('283',)}),{left: ("[FunctionalDependency:(s: {brewery_id}, t: {city})]", 0.0), operator: *, right: (1.0, 1.0), result: 0.0})
now error: 0.0
Block processing time: 0.00509 seconds
Computing Block 372 out of 663
Processing Block size=10
begin cleaner{left: ("[FunctionalDependency:(s: {brewery_id}, t: {city})]", 0.0), operator: *, right: (1.0, 1.0), result: 0.0}
列 'p' 不存在，对列 city 不过滤，直接选择所有非无效值。
clean_bool length:2
newest best op: Uniop(df,'city','Lahaina',(['brewery_id'], {('375',)}),{left: ("[FunctionalDependency:(s: {brewery_id}, t: {city})]", 0.0), operator: *, right: (1.0, 1.0), result: 0.0})
now error: 0.0
Block processing time: 0.014378 seconds
Computing Block 373 out of 663
Processing Block size=2
begin cleaner{left: ("[FunctionalDependency:(s: {brewery_id}, t: {city})]", 0.0), operator: *, right: (1.0, 1.0), result: 0.0}
列 'p' 不存在，对列 city 不过滤，直接选择所有非无效值。
Block processing time: 0.001518 seconds
Computing Block 375 out of 663
Processing Block size=4
begin cleaner{left: ("[FunctionalDependency:(s: {brewery_id}, t: {city})]", 0.0), operator: *, right: (1.0, 1.0), result: 0.0}
列 'p' 不存在，对列 city 不过滤，直接选择所有非无效值。
clean_bool length:4
newest best op: Uniop(df,'city','East Fairfield',(['brewery_id'], {('41',)}),{left: ("[FunctionalDependency:(s: {brewery_id}, t: {city})]", 0.0), operator: *, right: (1.0, 1.0), result: 0.0})
now error: 0.0
Block processing time: 0.013337 seconds
Computing Block 376 out of 663
Processing Block size=3
begin cleaner{left: ("[FunctionalDependency:(s: {brewery_id}, t: {city})]", 0.0), operator: *, right: (1.0, 1.0), result: 0.0}
列 'p' 不存在，对列 city 不过滤，直接选择所有非无效值。
Block processing time: 0.002252 seconds
Computing Block 378 out of 663
Processing Block size=9
begin cleaner{left: ("[FunctionalDependency:(s: {brewery_id}, t: {city})]", 0.0), operator: *, right: (1.0, 1.0), result: 0.0}
列 'p' 不存在，对列 city 不过滤，直接选择所有非无效值。
Block processing time: 0.006502 seconds
Computing Block 380 out of 663
Processing Block size=5
begin cleaner{left: ("[FunctionalDependency:(s: {brewery_id}, t: {city})]", 0.0), operator: *, right: (1.0, 1.0), result: 0.0}
列 'p' 不存在，对列 city 不过滤，直接选择所有非无效值。
clean_bool length:3
newest best op: Uniop(df,'city','S??acramento',(['brewery_id'], {('397',)}),{left: ("[FunctionalDependency:(s: {brewery_id}, t: {city})]", 0.0), operator: *, right: (1.0, 1.0), result: 0.0})
now error: 0.0
newest best op: Uniop(df,'city','Sacramento',(['brewery_id'], {('397',)}),{left: ("[FunctionalDependency:(s: {brewery_id}, t: {city})]", 0.0), operator: *, right: (1.0, 1.0), result: 0.0})
now error: 0.0
Block processing time: 0.011407 seconds
Computing Block 382 out of 663
Processing Block size=5
begin cleaner{left: ("[FunctionalDependency:(s: {brewery_id}, t: {city})]", 0.0), operator: *, right: (1.0, 1.0), result: 0.0}
列 'p' 不存在，对列 city 不过滤，直接选择所有非无效值。
clean_bool length:2
newest best op: Uniop(df,'city','Brooklyn',(['brewery_id'], {('173',)}),{left: ("[FunctionalDependency:(s: {brewery_id}, t: {city})]", 0.0), operator: *, right: (1.0, 1.0), result: 0.0})
now error: 0.0
Block processing time: 0.007548 seconds
Computing Block 385 out of 663
Processing Block size=3
begin cleaner{left: ("[FunctionalDependency:(s: {brewery_id}, t: {city})]", 0.0), operator: *, right: (1.0, 1.0), result: 0.0}
列 'p' 不存在，对列 city 不过滤，直接选择所有非无效值。
Block processing time: 0.002217 seconds
Computing Block 386 out of 663
Processing Block size=37
begin cleaner{left: ("[FunctionalDependency:(s: {brewery_id}, t: {city})]", 0.0), operator: *, right: (1.0, 1.0), result: 0.0}
列 'p' 不存在，对列 city 不过滤，直接选择所有非无效值。
clean_bool length:4
newest best op: Uniop(df,'city','Indianapolis',(['brewery_id'], {('25',)}),{left: ("[FunctionalDependency:(s: {brewery_id}, t: {city})]", 0.0), operator: *, right: (1.0, 1.0), result: 0.0})
now error: 0.0
Block processing time: 0.105852 seconds
Computing Block 388 out of 663
Processing Block size=3
begin cleaner{left: ("[FunctionalDependency:(s: {brewery_id}, t: {city})]", 0.0), operator: *, right: (1.0, 1.0), result: 0.0}
列 'p' 不存在，对列 city 不过滤，直接选择所有非无效值。
clean_bool length:2
newest best op: Uniop(df,'city','Paso Robles',(['brewery_id'], {('48',)}),{left: ("[FunctionalDependency:(s: {brewery_id}, t: {city})]", 0.0), operator: *, right: (1.0, 1.0), result: 0.0})
now error: 0.0
Block processing time: 0.004733 seconds
Computing Block 389 out of 663
Processing Block size=16
begin cleaner{left: ("[FunctionalDependency:(s: {brewery_id}, t: {city})]", 0.0), operator: *, right: (1.0, 1.0), result: 0.0}
列 'p' 不存在，对列 city 不过滤，直接选择所有非无效值。
clean_bool length:3
newest best op: Uniop(df,'city','Boon@@ville',(['brewery_id'], {('171',)}),{left: ("[FunctionalDependency:(s: {brewery_id}, t: {city})]", 0.0), operator: *, right: (1.0, 1.0), result: 0.0})
now error: 0.0
newest best op: Uniop(df,'city','Boonville',(['brewery_id'], {('171',)}),{left: ("[FunctionalDependency:(s: {brewery_id}, t: {city})]", 0.0), operator: *, right: (1.0, 1.0), result: 0.0})
now error: 0.0
Block processing time: 0.034364 seconds
Computing Block 390 out of 663
Processing Block size=2
begin cleaner{left: ("[FunctionalDependency:(s: {brewery_id}, t: {city})]", 0.0), operator: *, right: (1.0, 1.0), result: 0.0}
列 'p' 不存在，对列 city 不过滤，直接选择所有非无效值。
Block processing time: 0.001554 seconds
Computing Block 394 out of 663
Processing Block size=2
begin cleaner{left: ("[FunctionalDependency:(s: {brewery_id}, t: {city})]", 0.0), operator: *, right: (1.0, 1.0), result: 0.0}
列 'p' 不存在，对列 city 不过滤，直接选择所有非无效值。
Block processing time: 0.001508 seconds
Computing Block 396 out of 663
Processing Block size=3
begin cleaner{left: ("[FunctionalDependency:(s: {brewery_id}, t: {city})]", 0.0), operator: *, right: (1.0, 1.0), result: 0.0}
列 'p' 不存在，对列 city 不过滤，直接选择所有非无效值。
clean_bool length:2
newest best op: Uniop(df,'city','Washougal',(['brewery_id'], {('401',)}),{left: ("[FunctionalDependency:(s: {brewery_id}, t: {city})]", 0.0), operator: *, right: (1.0, 1.0), result: 0.0})
now error: 0.0
Block processing time: 0.004795 seconds
Computing Block 397 out of 663
Processing Block size=4
begin cleaner{left: ("[FunctionalDependency:(s: {brewery_id}, t: {city})]", 0.0), operator: *, right: (1.0, 1.0), result: 0.0}
列 'p' 不存在，对列 city 不过滤，直接选择所有非无效值。
Block processing time: 0.002916 seconds
Computing Block 399 out of 663
Processing Block size=3
begin cleaner{left: ("[FunctionalDependency:(s: {brewery_id}, t: {city})]", 0.0), operator: *, right: (1.0, 1.0), result: 0.0}
列 'p' 不存在，对列 city 不过滤，直接选择所有非无效值。
Block processing time: 0.002225 seconds
Computing Block 400 out of 663
Processing Block size=4
begin cleaner{left: ("[FunctionalDependency:(s: {brewery_id}, t: {city})]", 0.0), operator: *, right: (1.0, 1.0), result: 0.0}
列 'p' 不存在，对列 city 不过滤，直接选择所有非无效值。
Block processing time: 0.002901 seconds
Computing Block 402 out of 663
Processing Block size=4
begin cleaner{left: ("[FunctionalDependency:(s: {brewery_id}, t: {city})]", 0.0), operator: *, right: (1.0, 1.0), result: 0.0}
列 'p' 不存在，对列 city 不过滤，直接选择所有非无效值。
Block processing time: 0.002885 seconds
Computing Block 404 out of 663
Processing Block size=4
begin cleaner{left: ("[FunctionalDependency:(s: {brewery_id}, t: {city})]", 0.0), operator: *, right: (1.0, 1.0), result: 0.0}
列 'p' 不存在，对列 city 不过滤，直接选择所有非无效值。
Block processing time: 0.002939 seconds
Computing Block 405 out of 663
Processing Block size=3
begin cleaner{left: ("[FunctionalDependency:(s: {brewery_id}, t: {city})]", 0.0), operator: *, right: (1.0, 1.0), result: 0.0}
列 'p' 不存在，对列 city 不过滤，直接选择所有非无效值。
Block processing time: 0.002229 seconds
Computing Block 406 out of 663
Processing Block size=4
begin cleaner{left: ("[FunctionalDependency:(s: {brewery_id}, t: {city})]", 0.0), operator: *, right: (1.0, 1.0), result: 0.0}
列 'p' 不存在，对列 city 不过滤，直接选择所有非无效值。
Block processing time: 0.002883 seconds
Computing Block 407 out of 663
Processing Block size=2
begin cleaner{left: ("[FunctionalDependency:(s: {brewery_id}, t: {city})]", 0.0), operator: *, right: (1.0, 1.0), result: 0.0}
列 'p' 不存在，对列 city 不过滤，直接选择所有非无效值。
Block processing time: 0.001534 seconds
Computing Block 409 out of 663
Processing Block size=3
begin cleaner{left: ("[FunctionalDependency:(s: {brewery_id}, t: {city})]", 0.0), operator: *, right: (1.0, 1.0), result: 0.0}
列 'p' 不存在，对列 city 不过滤，直接选择所有非无效值。
Block processing time: 0.002187 seconds
Computing Block 412 out of 663
Processing Block size=5
begin cleaner{left: ("[FunctionalDependency:(s: {brewery_id}, t: {city})]", 0.0), operator: *, right: (1.0, 1.0), result: 0.0}
列 'p' 不存在，对列 city 不过滤，直接选择所有非无效值。
clean_bool length:2
newest best op: Uniop(df,'city','Santee',(['brewery_id'], {('346',)}),{left: ("[FunctionalDependency:(s: {brewery_id}, t: {city})]", 0.0), operator: *, right: (1.0, 1.0), result: 0.0})
now error: 0.0
Block processing time: 0.007508 seconds
Computing Block 413 out of 663
Processing Block size=2
begin cleaner{left: ("[FunctionalDependency:(s: {brewery_id}, t: {city})]", 0.0), operator: *, right: (1.0, 1.0), result: 0.0}
列 'p' 不存在，对列 city 不过滤，直接选择所有非无效值。
Block processing time: 0.00155 seconds
Computing Block 414 out of 663
Processing Block size=2
begin cleaner{left: ("[FunctionalDependency:(s: {brewery_id}, t: {city})]", 0.0), operator: *, right: (1.0, 1.0), result: 0.0}
列 'p' 不存在，对列 city 不过滤，直接选择所有非无效值。
Block processing time: 0.001518 seconds
Computing Block 417 out of 663
Processing Block size=2
begin cleaner{left: ("[FunctionalDependency:(s: {brewery_id}, t: {city})]", 0.0), operator: *, right: (1.0, 1.0), result: 0.0}
列 'p' 不存在，对列 city 不过滤，直接选择所有非无效值。
Block processing time: 0.001502 seconds
Computing Block 419 out of 663
Processing Block size=5
begin cleaner{left: ("[FunctionalDependency:(s: {brewery_id}, t: {city})]", 0.0), operator: *, right: (1.0, 1.0), result: 0.0}
列 'p' 不存在，对列 city 不过滤，直接选择所有非无效值。
clean_bool length:2
newest best op: Uniop(df,'city','Minneapolis',(['brewery_id'], {('277',)}),{left: ("[FunctionalDependency:(s: {brewery_id}, t: {city})]", 0.0), operator: *, right: (1.0, 1.0), result: 0.0})
now error: 0.0
Block processing time: 0.007484 seconds
Computing Block 420 out of 663
Processing Block size=9
begin cleaner{left: ("[FunctionalDependency:(s: {brewery_id}, t: {city})]", 0.0), operator: *, right: (1.0, 1.0), result: 0.0}
列 'p' 不存在，对列 city 不过滤，直接选择所有非无效值。
clean_bool length:3
newest best op: Uniop(df,'city','Boston',(['brewery_id'], {('300',)}),{left: ("[FunctionalDependency:(s: {brewery_id}, t: {city})]", 0.0), operator: *, right: (1.0, 1.0), result: 0.0})
now error: 0.0
Block processing time: 0.019661 seconds
Computing Block 421 out of 663
Processing Block size=2
begin cleaner{left: ("[FunctionalDependency:(s: {brewery_id}, t: {city})]", 0.0), operator: *, right: (1.0, 1.0), result: 0.0}
列 'p' 不存在，对列 city 不过滤，直接选择所有非无效值。
Block processing time: 0.001515 seconds
Computing Block 423 out of 663
Processing Block size=2
begin cleaner{left: ("[FunctionalDependency:(s: {brewery_id}, t: {city})]", 0.0), operator: *, right: (1.0, 1.0), result: 0.0}
列 'p' 不存在，对列 city 不过滤，直接选择所有非无效值。
Block processing time: 0.001514 seconds
Computing Block 424 out of 663
Processing Block size=9
begin cleaner{left: ("[FunctionalDependency:(s: {brewery_id}, t: {city})]", 0.0), operator: *, right: (1.0, 1.0), result: 0.0}
列 'p' 不存在，对列 city 不过滤，直接选择所有非无效值。
clean_bool length:2
newest best op: Uniop(df,'city','Philadelphia',(['brewery_id'], {('356',)}),{left: ("[FunctionalDependency:(s: {brewery_id}, t: {city})]", 0.0), operator: *, right: (1.0, 1.0), result: 0.0})
now error: 0.0
Block processing time: 0.012839 seconds
Computing Block 425 out of 663
Processing Block size=2
begin cleaner{left: ("[FunctionalDependency:(s: {brewery_id}, t: {city})]", 0.0), operator: *, right: (1.0, 1.0), result: 0.0}
列 'p' 不存在，对列 city 不过滤，直接选择所有非无效值。
Block processing time: 0.001576 seconds
Computing Block 426 out of 663
Processing Block size=2
begin cleaner{left: ("[FunctionalDependency:(s: {brewery_id}, t: {city})]", 0.0), operator: *, right: (1.0, 1.0), result: 0.0}
列 'p' 不存在，对列 city 不过滤，直接选择所有非无效值。
Block processing time: 0.001505 seconds
Computing Block 427 out of 663
Processing Block size=7
begin cleaner{left: ("[FunctionalDependency:(s: {brewery_id}, t: {city})]", 0.0), operator: *, right: (1.0, 1.0), result: 0.0}
列 'p' 不存在，对列 city 不过滤，直接选择所有非无效值。
clean_bool length:3
newest best op: Uniop(df,'city','Washington',(['brewery_id'], {('227',)}),{left: ("[FunctionalDependency:(s: {brewery_id}, t: {city})]", 0.0), operator: *, right: (1.0, 1.0), result: 0.0})
now error: 0.0
Block processing time: 0.015514 seconds
Computing Block 431 out of 663
Processing Block size=2
begin cleaner{left: ("[FunctionalDependency:(s: {brewery_id}, t: {city})]", 0.0), operator: *, right: (1.0, 1.0), result: 0.0}
列 'p' 不存在，对列 city 不过滤，直接选择所有非无效值。
Block processing time: 0.001509 seconds
Computing Block 435 out of 663
Processing Block size=6
begin cleaner{left: ("[FunctionalDependency:(s: {brewery_id}, t: {city})]", 0.0), operator: *, right: (1.0, 1.0), result: 0.0}
列 'p' 不存在，对列 city 不过滤，直接选择所有非无效值。
Block processing time: 0.004297 seconds
Computing Block 436 out of 663
Processing Block size=2
begin cleaner{left: ("[FunctionalDependency:(s: {brewery_id}, t: {city})]", 0.0), operator: *, right: (1.0, 1.0), result: 0.0}
列 'p' 不存在，对列 city 不过滤，直接选择所有非无效值。
Block processing time: 0.001603 seconds
Computing Block 438 out of 663
Processing Block size=2
begin cleaner{left: ("[FunctionalDependency:(s: {brewery_id}, t: {city})]", 0.0), operator: *, right: (1.0, 1.0), result: 0.0}
列 'p' 不存在，对列 city 不过滤，直接选择所有非无效值。
Block processing time: 0.001507 seconds
Computing Block 440 out of 663
Processing Block size=2
begin cleaner{left: ("[FunctionalDependency:(s: {brewery_id}, t: {city})]", 0.0), operator: *, right: (1.0, 1.0), result: 0.0}
列 'p' 不存在，对列 city 不过滤，直接选择所有非无效值。
clean_bool length:3
newest best op: Uniop(df,'city','Tucson',(['brewery_id'], {('251',)}),{left: ("[FunctionalDependency:(s: {brewery_id}, t: {city})]", 0.0), operator: *, right: (1.0, 1.0), result: 0.0})
now error: 0.0
Block processing time: 0.005092 seconds
Computing Block 441 out of 663
Processing Block size=2
begin cleaner{left: ("[FunctionalDependency:(s: {brewery_id}, t: {city})]", 0.0), operator: *, right: (1.0, 1.0), result: 0.0}
列 'p' 不存在，对列 city 不过滤，直接选择所有非无效值。
Block processing time: 0.00157 seconds
Computing Block 443 out of 663
Processing Block size=3
begin cleaner{left: ("[FunctionalDependency:(s: {brewery_id}, t: {city})]", 0.0), operator: *, right: (1.0, 1.0), result: 0.0}
列 'p' 不存在，对列 city 不过滤，直接选择所有非无效值。
Block processing time: 0.002227 seconds
Computing Block 444 out of 663
Processing Block size=3
begin cleaner{left: ("[FunctionalDependency:(s: {brewery_id}, t: {city})]", 0.0), operator: *, right: (1.0, 1.0), result: 0.0}
列 'p' 不存在，对列 city 不过滤，直接选择所有非无效值。
clean_bool length:3
newest best op: Uniop(df,'city','Spring Lake',(['brewery_id'], {('185',)}),{left: ("[FunctionalDependency:(s: {brewery_id}, t: {city})]", 0.0), operator: *, right: (1.0, 1.0), result: 0.0})
now error: 0.0
Block processing time: 0.007218 seconds
Computing Block 445 out of 663
Processing Block size=4
begin cleaner{left: ("[FunctionalDependency:(s: {brewery_id}, t: {city})]", 0.0), operator: *, right: (1.0, 1.0), result: 0.0}
列 'p' 不存在，对列 city 不过滤，直接选择所有非无效值。
clean_bool length:3
newest best op: Uniop(df,'city','Pawtu??cket$',(['brewery_id'], {('279',)}),{left: ("[FunctionalDependency:(s: {brewery_id}, t: {city})]", 0.0), operator: *, right: (1.0, 1.0), result: 0.0})
now error: 0.0
newest best op: Uniop(df,'city','Pawtucket',(['brewery_id'], {('279',)}),{left: ("[FunctionalDependency:(s: {brewery_id}, t: {city})]", 0.0), operator: *, right: (1.0, 1.0), result: 0.0})
now error: 0.0
Block processing time: 0.009228 seconds
Computing Block 446 out of 663
Processing Block size=3
begin cleaner{left: ("[FunctionalDependency:(s: {brewery_id}, t: {city})]", 0.0), operator: *, right: (1.0, 1.0), result: 0.0}
列 'p' 不存在，对列 city 不过滤，直接选择所有非无效值。
Block processing time: 0.002217 seconds
Computing Block 449 out of 663
Processing Block size=7
begin cleaner{left: ("[FunctionalDependency:(s: {brewery_id}, t: {city})]", 0.0), operator: *, right: (1.0, 1.0), result: 0.0}
列 'p' 不存在，对列 city 不过滤，直接选择所有非无效值。
Block processing time: 0.005145 seconds
Computing Block 450 out of 663
Processing Block size=5
begin cleaner{left: ("[FunctionalDependency:(s: {brewery_id}, t: {city})]", 0.0), operator: *, right: (1.0, 1.0), result: 0.0}
列 'p' 不存在，对列 city 不过滤，直接选择所有非无效值。
Block processing time: 0.003567 seconds
Computing Block 453 out of 663
Processing Block size=22
begin cleaner{left: ("[FunctionalDependency:(s: {brewery_id}, t: {city})]", 0.0), operator: *, right: (1.0, 1.0), result: 0.0}
列 'p' 不存在，对列 city 不过滤，直接选择所有非无效值。
clean_bool length:3
newest best op: Uniop(df,'city','Stevens Point',(['brewery_id'], {('131',)}),{left: ("[FunctionalDependency:(s: {brewery_id}, t: {city})]", 0.0), operator: *, right: (1.0, 1.0), result: 0.0})
now error: 0.0
Block processing time: 0.04794 seconds
Computing Block 454 out of 663
Processing Block size=8
begin cleaner{left: ("[FunctionalDependency:(s: {brewery_id}, t: {city})]", 0.0), operator: *, right: (1.0, 1.0), result: 0.0}
列 'p' 不存在，对列 city 不过滤，直接选择所有非无效值。
Block processing time: 0.006152 seconds
Computing Block 455 out of 663
Processing Block size=3
begin cleaner{left: ("[FunctionalDependency:(s: {brewery_id}, t: {city})]", 0.0), operator: *, right: (1.0, 1.0), result: 0.0}
列 'p' 不存在，对列 city 不过滤，直接选择所有非无效值。
Block processing time: 0.002397 seconds
Computing Block 457 out of 663
Processing Block size=4
begin cleaner{left: ("[FunctionalDependency:(s: {brewery_id}, t: {city})]", 0.0), operator: *, right: (1.0, 1.0), result: 0.0}
列 'p' 不存在，对列 city 不过滤，直接选择所有非无效值。
Block processing time: 0.003158 seconds
Computing Block 458 out of 663
Processing Block size=2
begin cleaner{left: ("[FunctionalDependency:(s: {brewery_id}, t: {city})]", 0.0), operator: *, right: (1.0, 1.0), result: 0.0}
列 'p' 不存在，对列 city 不过滤，直接选择所有非无效值。
Block processing time: 0.00164 seconds
Computing Block 459 out of 663
Processing Block size=56
begin cleaner{left: ("[FunctionalDependency:(s: {brewery_id}, t: {city})]", 0.0), operator: *, right: (1.0, 1.0), result: 0.0}
列 'p' 不存在，对列 city 不过滤，直接选择所有非无效值。
clean_bool length:4
newest best op: Uniop(df,'city','G$rand Rapids',(['brewery_id'], {('10',)}),{left: ("[FunctionalDependency:(s: {brewery_id}, t: {city})]", 0.0), operator: *, right: (1.0, 1.0), result: 0.0})
now error: 0.0
newest best op: Uniop(df,'city','Grand Rapids',(['brewery_id'], {('10',)}),{left: ("[FunctionalDependency:(s: {brewery_id}, t: {city})]", 0.0), operator: *, right: (1.0, 1.0), result: 0.0})
now error: 0.0
Block processing time: 0.165767 seconds
Computing Block 460 out of 663
Processing Block size=11
begin cleaner{left: ("[FunctionalDependency:(s: {brewery_id}, t: {city})]", 0.0), operator: *, right: (1.0, 1.0), result: 0.0}
列 'p' 不存在，对列 city 不过滤，直接选择所有非无效值。
clean_bool length:2
newest best op: Uniop(df,'city','Boston',(['brewery_id'], {('234',)}),{left: ("[FunctionalDependency:(s: {brewery_id}, t: {city})]", 0.0), operator: *, right: (1.0, 1.0), result: 0.0})
now error: 0.0
Block processing time: 0.015614 seconds
Computing Block 461 out of 663
Processing Block size=5
begin cleaner{left: ("[FunctionalDependency:(s: {brewery_id}, t: {city})]", 0.0), operator: *, right: (1.0, 1.0), result: 0.0}
列 'p' 不存在，对列 city 不过滤，直接选择所有非无效值。
clean_bool length:3
newest best op: Uniop(df,'city','Midvale',(['brewery_id'], {('364',)}),{left: ("[FunctionalDependency:(s: {brewery_id}, t: {city})]", 0.0), operator: *, right: (1.0, 1.0), result: 0.0})
now error: 0.0
Block processing time: 0.011352 seconds
Computing Block 464 out of 663
Processing Block size=2
begin cleaner{left: ("[FunctionalDependency:(s: {brewery_id}, t: {city})]", 0.0), operator: *, right: (1.0, 1.0), result: 0.0}
列 'p' 不存在，对列 city 不过滤，直接选择所有非无效值。
Block processing time: 0.001522 seconds
Computing Block 465 out of 663
Processing Block size=7
begin cleaner{left: ("[FunctionalDependency:(s: {brewery_id}, t: {city})]", 0.0), operator: *, right: (1.0, 1.0), result: 0.0}
列 'p' 不存在，对列 city 不过滤，直接选择所有非无效值。
clean_bool length:2
newest best op: Uniop(df,'city','Columbus',(['brewery_id'], {('27',)}),{left: ("[FunctionalDependency:(s: {brewery_id}, t: {city})]", 0.0), operator: *, right: (1.0, 1.0), result: 0.0})
now error: 0.0
Block processing time: 0.010143 seconds
Computing Block 467 out of 663
Processing Block size=3
begin cleaner{left: ("[FunctionalDependency:(s: {brewery_id}, t: {city})]", 0.0), operator: *, right: (1.0, 1.0), result: 0.0}
列 'p' 不存在，对列 city 不过滤，直接选择所有非无效值。
Block processing time: 0.00221 seconds
Computing Block 468 out of 663
Processing Block size=2
begin cleaner{left: ("[FunctionalDependency:(s: {brewery_id}, t: {city})]", 0.0), operator: *, right: (1.0, 1.0), result: 0.0}
列 'p' 不存在，对列 city 不过滤，直接选择所有非无效值。
Block processing time: 0.001508 seconds
Computing Block 469 out of 663
Processing Block size=3
begin cleaner{left: ("[FunctionalDependency:(s: {brewery_id}, t: {city})]", 0.0), operator: *, right: (1.0, 1.0), result: 0.0}
列 'p' 不存在，对列 city 不过滤，直接选择所有非无效值。
Block processing time: 0.002261 seconds
Computing Block 470 out of 663
Processing Block size=2
begin cleaner{left: ("[FunctionalDependency:(s: {brewery_id}, t: {city})]", 0.0), operator: *, right: (1.0, 1.0), result: 0.0}
列 'p' 不存在，对列 city 不过滤，直接选择所有非无效值。
Block processing time: 0.001545 seconds
Computing Block 471 out of 663
Processing Block size=12
begin cleaner{left: ("[FunctionalDependency:(s: {brewery_id}, t: {city})]", 0.0), operator: *, right: (1.0, 1.0), result: 0.0}
列 'p' 不存在，对列 city 不过滤，直接选择所有非无效值。
clean_bool length:3
newest best op: Uniop(df,'city','Louisv@@i@@lle',(['brewery_id'], {('1',)}),{left: ("[FunctionalDependency:(s: {brewery_id}, t: {city})]", 0.0), operator: *, right: (1.0, 1.0), result: 0.0})
now error: 0.0
newest best op: Uniop(df,'city','Louisville',(['brewery_id'], {('1',)}),{left: ("[FunctionalDependency:(s: {brewery_id}, t: {city})]", 0.0), operator: *, right: (1.0, 1.0), result: 0.0})
now error: 0.0
Block processing time: 0.025827 seconds
Computing Block 472 out of 663
Processing Block size=4
begin cleaner{left: ("[FunctionalDependency:(s: {brewery_id}, t: {city})]", 0.0), operator: *, right: (1.0, 1.0), result: 0.0}
列 'p' 不存在，对列 city 不过滤，直接选择所有非无效值。
Block processing time: 0.002899 seconds
Computing Block 474 out of 663
Processing Block size=3
begin cleaner{left: ("[FunctionalDependency:(s: {brewery_id}, t: {city})]", 0.0), operator: *, right: (1.0, 1.0), result: 0.0}
列 'p' 不存在，对列 city 不过滤，直接选择所有非无效值。
Block processing time: 0.0022 seconds
Computing Block 475 out of 663
Processing Block size=2
begin cleaner{left: ("[FunctionalDependency:(s: {brewery_id}, t: {city})]", 0.0), operator: *, right: (1.0, 1.0), result: 0.0}
列 'p' 不存在，对列 city 不过滤，直接选择所有非无效值。
clean_bool length:2
newest best op: Uniop(df,'city','Medford',(['brewery_id'], {('436',)}),{left: ("[FunctionalDependency:(s: {brewery_id}, t: {city})]", 0.0), operator: *, right: (1.0, 1.0), result: 0.0})
now error: 0.0
Block processing time: 0.003407 seconds
Computing Block 476 out of 663
Processing Block size=2
begin cleaner{left: ("[FunctionalDependency:(s: {brewery_id}, t: {city})]", 0.0), operator: *, right: (1.0, 1.0), result: 0.0}
列 'p' 不存在，对列 city 不过滤，直接选择所有非无效值。
Block processing time: 0.001494 seconds
Computing Block 480 out of 663
Processing Block size=5
begin cleaner{left: ("[FunctionalDependency:(s: {brewery_id}, t: {city})]", 0.0), operator: *, right: (1.0, 1.0), result: 0.0}
列 'p' 不存在，对列 city 不过滤，直接选择所有非无效值。
Block processing time: 0.003584 seconds
Computing Block 482 out of 663
Processing Block size=6
begin cleaner{left: ("[FunctionalDependency:(s: {brewery_id}, t: {city})]", 0.0), operator: *, right: (1.0, 1.0), result: 0.0}
列 'p' 不存在，对列 city 不过滤，直接选择所有非无效值。
Block processing time: 0.004259 seconds
Computing Block 485 out of 663
Processing Block size=3
begin cleaner{left: ("[FunctionalDependency:(s: {brewery_id}, t: {city})]", 0.0), operator: *, right: (1.0, 1.0), result: 0.0}
列 'p' 不存在，对列 city 不过滤，直接选择所有非无效值。
Block processing time: 0.002228 seconds
Computing Block 486 out of 663
Processing Block size=16
begin cleaner{left: ("[FunctionalDependency:(s: {brewery_id}, t: {city})]", 0.0), operator: *, right: (1.0, 1.0), result: 0.0}
列 'p' 不存在，对列 city 不过滤，直接选择所有非无效值。
Block processing time: 0.011165 seconds
Computing Block 488 out of 663
Processing Block size=3
begin cleaner{left: ("[FunctionalDependency:(s: {brewery_id}, t: {city})]", 0.0), operator: *, right: (1.0, 1.0), result: 0.0}
列 'p' 不存在，对列 city 不过滤，直接选择所有非无效值。
Block processing time: 0.002193 seconds
Computing Block 489 out of 663
Processing Block size=4
begin cleaner{left: ("[FunctionalDependency:(s: {brewery_id}, t: {city})]", 0.0), operator: *, right: (1.0, 1.0), result: 0.0}
列 'p' 不存在，对列 city 不过滤，直接选择所有非无效值。
clean_bool length:3
newest best op: Uniop(df,'city','Verona',(['brewery_id'], {('211',)}),{left: ("[FunctionalDependency:(s: {brewery_id}, t: {city})]", 0.0), operator: *, right: (1.0, 1.0), result: 0.0})
now error: 0.0
Block processing time: 0.009122 seconds
Computing Block 491 out of 663
Processing Block size=4
begin cleaner{left: ("[FunctionalDependency:(s: {brewery_id}, t: {city})]", 0.0), operator: *, right: (1.0, 1.0), result: 0.0}
列 'p' 不存在，对列 city 不过滤，直接选择所有非无效值。
clean_bool length:3
newest best op: Uniop(df,'city','Frami#%ngham',(['brewery_id'], {('2',)}),{left: ("[FunctionalDependency:(s: {brewery_id}, t: {city})]", 0.0), operator: *, right: (1.0, 1.0), result: 0.0})
now error: 0.0
newest best op: Uniop(df,'city','Framingham',(['brewery_id'], {('2',)}),{left: ("[FunctionalDependency:(s: {brewery_id}, t: {city})]", 0.0), operator: *, right: (1.0, 1.0), result: 0.0})
now error: 0.0
Block processing time: 0.009358 seconds
Computing Block 493 out of 663
Processing Block size=5
begin cleaner{left: ("[FunctionalDependency:(s: {brewery_id}, t: {city})]", 0.0), operator: *, right: (1.0, 1.0), result: 0.0}
列 'p' 不存在，对列 city 不过滤，直接选择所有非无效值。
clean_bool length:3
newest best op: Uniop(df,'city','Portla%nd%',(['brewery_id'], {('116',)}),{left: ("[FunctionalDependency:(s: {brewery_id}, t: {city})]", 0.0), operator: *, right: (1.0, 1.0), result: 0.0})
now error: 0.0
newest best op: Uniop(df,'city','Portland',(['brewery_id'], {('116',)}),{left: ("[FunctionalDependency:(s: {brewery_id}, t: {city})]", 0.0), operator: *, right: (1.0, 1.0), result: 0.0})
now error: 0.0
Block processing time: 0.011268 seconds
Computing Block 494 out of 663
Processing Block size=3
begin cleaner{left: ("[FunctionalDependency:(s: {brewery_id}, t: {city})]", 0.0), operator: *, right: (1.0, 1.0), result: 0.0}
列 'p' 不存在，对列 city 不过滤，直接选择所有非无效值。
clean_bool length:3
newest best op: Uniop(df,'city','Portlan#d',(['brewery_id'], {('296',)}),{left: ("[FunctionalDependency:(s: {brewery_id}, t: {city})]", 0.0), operator: *, right: (1.0, 1.0), result: 0.0})
now error: 0.0
newest best op: Uniop(df,'city','Portland',(['brewery_id'], {('296',)}),{left: ("[FunctionalDependency:(s: {brewery_id}, t: {city})]", 0.0), operator: *, right: (1.0, 1.0), result: 0.0})
now error: 0.0
Block processing time: 0.007144 seconds
Computing Block 495 out of 663
Processing Block size=5
begin cleaner{left: ("[FunctionalDependency:(s: {brewery_id}, t: {city})]", 0.0), operator: *, right: (1.0, 1.0), result: 0.0}
列 'p' 不存在，对列 city 不过滤，直接选择所有非无效值。
Block processing time: 0.003963 seconds
Computing Block 497 out of 663
Processing Block size=3
begin cleaner{left: ("[FunctionalDependency:(s: {brewery_id}, t: {city})]", 0.0), operator: *, right: (1.0, 1.0), result: 0.0}
列 'p' 不存在，对列 city 不过滤，直接选择所有非无效值。
clean_bool length:2
newest best op: Uniop(df,'city','Lowell',(['brewery_id'], {('103',)}),{left: ("[FunctionalDependency:(s: {brewery_id}, t: {city})]", 0.0), operator: *, right: (1.0, 1.0), result: 0.0})
now error: 0.0
Block processing time: 0.004736 seconds
Computing Block 498 out of 663
Processing Block size=2
begin cleaner{left: ("[FunctionalDependency:(s: {brewery_id}, t: {city})]", 0.0), operator: *, right: (1.0, 1.0), result: 0.0}
列 'p' 不存在，对列 city 不过滤，直接选择所有非无效值。
Block processing time: 0.001565 seconds
Computing Block 499 out of 663
Processing Block size=5
begin cleaner{left: ("[FunctionalDependency:(s: {brewery_id}, t: {city})]", 0.0), operator: *, right: (1.0, 1.0), result: 0.0}
列 'p' 不存在，对列 city 不过滤，直接选择所有非无效值。
clean_bool length:2
newest best op: Uniop(df,'city','Austin',(['brewery_id'], {('413',)}),{left: ("[FunctionalDependency:(s: {brewery_id}, t: {city})]", 0.0), operator: *, right: (1.0, 1.0), result: 0.0})
now error: 0.0
Block processing time: 0.007429 seconds
Computing Block 500 out of 663
Processing Block size=2
begin cleaner{left: ("[FunctionalDependency:(s: {brewery_id}, t: {city})]", 0.0), operator: *, right: (1.0, 1.0), result: 0.0}
列 'p' 不存在，对列 city 不过滤，直接选择所有非无效值。
Block processing time: 0.001561 seconds
Computing Block 501 out of 663
Processing Block size=3
begin cleaner{left: ("[FunctionalDependency:(s: {brewery_id}, t: {city})]", 0.0), operator: *, right: (1.0, 1.0), result: 0.0}
列 'p' 不存在，对列 city 不过滤，直接选择所有非无效值。
Block processing time: 0.002227 seconds
Computing Block 502 out of 663
Processing Block size=4
begin cleaner{left: ("[FunctionalDependency:(s: {brewery_id}, t: {city})]", 0.0), operator: *, right: (1.0, 1.0), result: 0.0}
列 'p' 不存在，对列 city 不过滤，直接选择所有非无效值。
clean_bool length:2
newest best op: Uniop(df,'city','Portage',(['brewery_id'], {('59',)}),{left: ("[FunctionalDependency:(s: {brewery_id}, t: {city})]", 0.0), operator: *, right: (1.0, 1.0), result: 0.0})
now error: 0.0
Block processing time: 0.006149 seconds
Computing Block 503 out of 663
Processing Block size=5
begin cleaner{left: ("[FunctionalDependency:(s: {brewery_id}, t: {city})]", 0.0), operator: *, right: (1.0, 1.0), result: 0.0}
列 'p' 不存在，对列 city 不过滤，直接选择所有非无效值。
clean_bool length:2
newest best op: Uniop(df,'city','Bend',(['brewery_id'], {('199',)}),{left: ("[FunctionalDependency:(s: {brewery_id}, t: {city})]", 0.0), operator: *, right: (1.0, 1.0), result: 0.0})
now error: 0.0
Block processing time: 0.007477 seconds
Computing Block 504 out of 663
Processing Block size=4
begin cleaner{left: ("[FunctionalDependency:(s: {brewery_id}, t: {city})]", 0.0), operator: *, right: (1.0, 1.0), result: 0.0}
列 'p' 不存在，对列 city 不过滤，直接选择所有非无效值。
Block processing time: 0.002991 seconds
Computing Block 506 out of 663
Processing Block size=4
begin cleaner{left: ("[FunctionalDependency:(s: {brewery_id}, t: {city})]", 0.0), operator: *, right: (1.0, 1.0), result: 0.0}
列 'p' 不存在，对列 city 不过滤，直接选择所有非无效值。
clean_bool length:3
newest best op: Uniop(df,'city','Richmond',(['brewery_id'], {('215',)}),{left: ("[FunctionalDependency:(s: {brewery_id}, t: {city})]", 0.0), operator: *, right: (1.0, 1.0), result: 0.0})
now error: 0.0
Block processing time: 0.009286 seconds
Computing Block 507 out of 663
Processing Block size=2
begin cleaner{left: ("[FunctionalDependency:(s: {brewery_id}, t: {city})]", 0.0), operator: *, right: (1.0, 1.0), result: 0.0}
列 'p' 不存在，对列 city 不过滤，直接选择所有非无效值。
clean_bool length:3
newest best op: Uniop(df,'city','Portland????',(['brewery_id'], {('42',)}),{left: ("[FunctionalDependency:(s: {brewery_id}, t: {city})]", 0.0), operator: *, right: (1.0, 1.0), result: 0.0})
now error: 0.0
Block processing time: 0.005177 seconds
Computing Block 510 out of 663
Processing Block size=2
begin cleaner{left: ("[FunctionalDependency:(s: {brewery_id}, t: {city})]", 0.0), operator: *, right: (1.0, 1.0), result: 0.0}
列 'p' 不存在，对列 city 不过滤，直接选择所有非无效值。
clean_bool length:2
newest best op: Uniop(df,'city','??Hyannis',(['brewery_id'], {('267',)}),{left: ("[FunctionalDependency:(s: {brewery_id}, t: {city})]", 0.0), operator: *, right: (1.0, 1.0), result: 0.0})
now error: 0.0
Block processing time: 0.003497 seconds
Computing Block 511 out of 663
Processing Block size=5
begin cleaner{left: ("[FunctionalDependency:(s: {brewery_id}, t: {city})]", 0.0), operator: *, right: (1.0, 1.0), result: 0.0}
列 'p' 不存在，对列 city 不过滤，直接选择所有非无效值。
clean_bool length:3
newest best op: Uniop(df,'city','Stratford',(['brewery_id'], {('435',)}),{left: ("[FunctionalDependency:(s: {brewery_id}, t: {city})]", 0.0), operator: *, right: (1.0, 1.0), result: 0.0})
now error: 0.0
Block processing time: 0.011253 seconds
Computing Block 512 out of 663
Processing Block size=15
begin cleaner{left: ("[FunctionalDependency:(s: {brewery_id}, t: {city})]", 0.0), operator: *, right: (1.0, 1.0), result: 0.0}
列 'p' 不存在，对列 city 不过滤，直接选择所有非无效值。
clean_bool length:2
newest best op: Uniop(df,'city','Chandler',(['brewery_id'], {('30',)}),{left: ("[FunctionalDependency:(s: {brewery_id}, t: {city})]", 0.0), operator: *, right: (1.0, 1.0), result: 0.0})
now error: 0.0
Block processing time: 0.021764 seconds
Computing Block 513 out of 663
Processing Block size=3
begin cleaner{left: ("[FunctionalDependency:(s: {brewery_id}, t: {city})]", 0.0), operator: *, right: (1.0, 1.0), result: 0.0}
列 'p' 不存在，对列 city 不过滤，直接选择所有非无效值。
Block processing time: 0.002405 seconds
Computing Block 515 out of 663
Processing Block size=5
begin cleaner{left: ("[FunctionalDependency:(s: {brewery_id}, t: {city})]", 0.0), operator: *, right: (1.0, 1.0), result: 0.0}
列 'p' 不存在，对列 city 不过滤，直接选择所有非无效值。
clean_bool length:2
newest best op: Uniop(df,'city','San Francisco',(['brewery_id'], {('35',)}),{left: ("[FunctionalDependency:(s: {brewery_id}, t: {city})]", 0.0), operator: *, right: (1.0, 1.0), result: 0.0})
now error: 0.0
Block processing time: 0.008018 seconds
Computing Block 516 out of 663
Processing Block size=2
begin cleaner{left: ("[FunctionalDependency:(s: {brewery_id}, t: {city})]", 0.0), operator: *, right: (1.0, 1.0), result: 0.0}
列 'p' 不存在，对列 city 不过滤，直接选择所有非无效值。
Block processing time: 0.001631 seconds
Computing Block 517 out of 663
Processing Block size=2
begin cleaner{left: ("[FunctionalDependency:(s: {brewery_id}, t: {city})]", 0.0), operator: *, right: (1.0, 1.0), result: 0.0}
列 'p' 不存在，对列 city 不过滤，直接选择所有非无效值。
Block processing time: 0.001618 seconds
Computing Block 518 out of 663
Processing Block size=3
begin cleaner{left: ("[FunctionalDependency:(s: {brewery_id}, t: {city})]", 0.0), operator: *, right: (1.0, 1.0), result: 0.0}
列 'p' 不存在，对列 city 不过滤，直接选择所有非无效值。
Block processing time: 0.002344 seconds
Computing Block 520 out of 663
Processing Block size=2
begin cleaner{left: ("[FunctionalDependency:(s: {brewery_id}, t: {city})]", 0.0), operator: *, right: (1.0, 1.0), result: 0.0}
列 'p' 不存在，对列 city 不过滤，直接选择所有非无效值。
clean_bool length:2
newest best op: Uniop(df,'city','Prescott',(['brewery_id'], {('548',)}),{left: ("[FunctionalDependency:(s: {brewery_id}, t: {city})]", 0.0), operator: *, right: (1.0, 1.0), result: 0.0})
now error: 0.0
Block processing time: 0.003728 seconds
Computing Block 521 out of 663
Processing Block size=2
begin cleaner{left: ("[FunctionalDependency:(s: {brewery_id}, t: {city})]", 0.0), operator: *, right: (1.0, 1.0), result: 0.0}
列 'p' 不存在，对列 city 不过滤，直接选择所有非无效值。
Block processing time: 0.001618 seconds
Computing Block 525 out of 663
Processing Block size=4
begin cleaner{left: ("[FunctionalDependency:(s: {brewery_id}, t: {city})]", 0.0), operator: *, right: (1.0, 1.0), result: 0.0}
列 'p' 不存在，对列 city 不过滤，直接选择所有非无效值。
clean_bool length:3
newest best op: Uniop(df,'city','As$toria',(['brewery_id'], {('374',)}),{left: ("[FunctionalDependency:(s: {brewery_id}, t: {city})]", 0.0), operator: *, right: (1.0, 1.0), result: 0.0})
now error: 0.0
newest best op: Uniop(df,'city','Astoria',(['brewery_id'], {('374',)}),{left: ("[FunctionalDependency:(s: {brewery_id}, t: {city})]", 0.0), operator: *, right: (1.0, 1.0), result: 0.0})
now error: 0.0
Block processing time: 0.009954 seconds
Computing Block 526 out of 663
Processing Block size=2
begin cleaner{left: ("[FunctionalDependency:(s: {brewery_id}, t: {city})]", 0.0), operator: *, right: (1.0, 1.0), result: 0.0}
列 'p' 不存在，对列 city 不过滤，直接选择所有非无效值。
Block processing time: 0.0016 seconds
Computing Block 528 out of 663
Processing Block size=8
begin cleaner{left: ("[FunctionalDependency:(s: {brewery_id}, t: {city})]", 0.0), operator: *, right: (1.0, 1.0), result: 0.0}
列 'p' 不存在，对列 city 不过滤，直接选择所有非无效值。
clean_bool length:2
newest best op: Uniop(df,'city','Astoria',(['brewery_id'], {('206',)}),{left: ("[FunctionalDependency:(s: {brewery_id}, t: {city})]", 0.0), operator: *, right: (1.0, 1.0), result: 0.0})
now error: 0.0
Block processing time: 0.012441 seconds
Computing Block 530 out of 663
Processing Block size=7
begin cleaner{left: ("[FunctionalDependency:(s: {brewery_id}, t: {city})]", 0.0), operator: *, right: (1.0, 1.0), result: 0.0}
列 'p' 不存在，对列 city 不过滤，直接选择所有非无效值。
clean_bool length:2
newest best op: Uniop(df,'city','Baton Rouge',(['brewery_id'], {('152',)}),{left: ("[FunctionalDependency:(s: {brewery_id}, t: {city})]", 0.0), operator: *, right: (1.0, 1.0), result: 0.0})
now error: 0.0
Block processing time: 0.010799 seconds
Computing Block 531 out of 663
Processing Block size=5
begin cleaner{left: ("[FunctionalDependency:(s: {brewery_id}, t: {city})]", 0.0), operator: *, right: (1.0, 1.0), result: 0.0}
列 'p' 不存在，对列 city 不过滤，直接选择所有非无效值。
Block processing time: 0.003901 seconds
Computing Block 532 out of 663
Processing Block size=9
begin cleaner{left: ("[FunctionalDependency:(s: {brewery_id}, t: {city})]", 0.0), operator: *, right: (1.0, 1.0), result: 0.0}
列 'p' 不存在，对列 city 不过滤，直接选择所有非无效值。
Block processing time: 0.006849 seconds
Computing Block 533 out of 663
Processing Block size=2
begin cleaner{left: ("[FunctionalDependency:(s: {brewery_id}, t: {city})]", 0.0), operator: *, right: (1.0, 1.0), result: 0.0}
列 'p' 不存在，对列 city 不过滤，直接选择所有非无效值。
Block processing time: 0.001642 seconds
Computing Block 534 out of 663
Processing Block size=2
begin cleaner{left: ("[FunctionalDependency:(s: {brewery_id}, t: {city})]", 0.0), operator: *, right: (1.0, 1.0), result: 0.0}
列 'p' 不存在，对列 city 不过滤，直接选择所有非无效值。
Block processing time: 0.001597 seconds
Computing Block 536 out of 663
Processing Block size=5
begin cleaner{left: ("[FunctionalDependency:(s: {brewery_id}, t: {city})]", 0.0), operator: *, right: (1.0, 1.0), result: 0.0}
列 'p' 不存在，对列 city 不过滤，直接选择所有非无效值。
clean_bool length:3
newest best op: Uniop(df,'city','Missoula',(['brewery_id'], {('510',)}),{left: ("[FunctionalDependency:(s: {brewery_id}, t: {city})]", 0.0), operator: *, right: (1.0, 1.0), result: 0.0})
now error: 0.0
Block processing time: 0.01204 seconds
Computing Block 541 out of 663
Processing Block size=2
begin cleaner{left: ("[FunctionalDependency:(s: {brewery_id}, t: {city})]", 0.0), operator: *, right: (1.0, 1.0), result: 0.0}
列 'p' 不存在，对列 city 不过滤，直接选择所有非无效值。
Block processing time: 0.001647 seconds
Computing Block 542 out of 663
Processing Block size=4
begin cleaner{left: ("[FunctionalDependency:(s: {brewery_id}, t: {city})]", 0.0), operator: *, right: (1.0, 1.0), result: 0.0}
列 'p' 不存在，对列 city 不过滤，直接选择所有非无效值。
Block processing time: 0.003067 seconds
Computing Block 543 out of 663
Processing Block size=3
begin cleaner{left: ("[FunctionalDependency:(s: {brewery_id}, t: {city})]", 0.0), operator: *, right: (1.0, 1.0), result: 0.0}
列 'p' 不存在，对列 city 不过滤，直接选择所有非无效值。
Block processing time: 0.002305 seconds
Computing Block 544 out of 663
Processing Block size=2
begin cleaner{left: ("[FunctionalDependency:(s: {brewery_id}, t: {city})]", 0.0), operator: *, right: (1.0, 1.0), result: 0.0}
列 'p' 不存在，对列 city 不过滤，直接选择所有非无效值。
Block processing time: 0.00162 seconds
Computing Block 545 out of 663
Processing Block size=5
begin cleaner{left: ("[FunctionalDependency:(s: {brewery_id}, t: {city})]", 0.0), operator: *, right: (1.0, 1.0), result: 0.0}
列 'p' 不存在，对列 city 不过滤，直接选择所有非无效值。
Block processing time: 0.003877 seconds
Computing Block 548 out of 663
Processing Block size=6
begin cleaner{left: ("[FunctionalDependency:(s: {brewery_id}, t: {city})]", 0.0), operator: *, right: (1.0, 1.0), result: 0.0}
列 'p' 不存在，对列 city 不过滤，直接选择所有非无效值。
clean_bool length:2
newest best op: Uniop(df,'city','Mishawaka',(['brewery_id'], {('26',)}),{left: ("[FunctionalDependency:(s: {brewery_id}, t: {city})]", 0.0), operator: *, right: (1.0, 1.0), result: 0.0})
now error: 0.0
Block processing time: 0.009388 seconds
Computing Block 549 out of 663
Processing Block size=2
begin cleaner{left: ("[FunctionalDependency:(s: {brewery_id}, t: {city})]", 0.0), operator: *, right: (1.0, 1.0), result: 0.0}
列 'p' 不存在，对列 city 不过滤，直接选择所有非无效值。
Block processing time: 0.001613 seconds
Computing Block 550 out of 663
Processing Block size=10
begin cleaner{left: ("[FunctionalDependency:(s: {brewery_id}, t: {city})]", 0.0), operator: *, right: (1.0, 1.0), result: 0.0}
列 'p' 不存在，对列 city 不过滤，直接选择所有非无效值。
clean_bool length:4
newest best op: Uniop(df,'city','W#estminster',(['brewery_id'], {('295',)}),{left: ("[FunctionalDependency:(s: {brewery_id}, t: {city})]", 0.0), operator: *, right: (1.0, 1.0), result: 0.0})
now error: 0.0
newest best op: Uniop(df,'city','Westminster',(['brewery_id'], {('295',)}),{left: ("[FunctionalDependency:(s: {brewery_id}, t: {city})]", 0.0), operator: *, right: (1.0, 1.0), result: 0.0})
now error: 0.0
Block processing time: 0.03117 seconds
Computing Block 553 out of 663
Processing Block size=6
begin cleaner{left: ("[FunctionalDependency:(s: {brewery_id}, t: {city})]", 0.0), operator: *, right: (1.0, 1.0), result: 0.0}
列 'p' 不存在，对列 city 不过滤，直接选择所有非无效值。
clean_bool length:4
newest best op: Uniop(df,'city','@@Dolores',(['brewery_id'], {('531',)}),{left: ("[FunctionalDependency:(s: {brewery_id}, t: {city})]", 0.0), operator: *, right: (1.0, 1.0), result: 0.0})
now error: 0.0
newest best op: Uniop(df,'city','Dolores',(['brewery_id'], {('531',)}),{left: ("[FunctionalDependency:(s: {brewery_id}, t: {city})]", 0.0), operator: *, right: (1.0, 1.0), result: 0.0})
now error: 0.0
Block processing time: 0.018963 seconds
Computing Block 554 out of 663
Processing Block size=6
begin cleaner{left: ("[FunctionalDependency:(s: {brewery_id}, t: {city})]", 0.0), operator: *, right: (1.0, 1.0), result: 0.0}
列 'p' 不存在，对列 city 不过滤，直接选择所有非无效值。
clean_bool length:2
newest best op: Uniop(df,'city','Portland',(['brewery_id'], {('387',)}),{left: ("[FunctionalDependency:(s: {brewery_id}, t: {city})]", 0.0), operator: *, right: (1.0, 1.0), result: 0.0})
now error: 0.0
Block processing time: 0.009471 seconds
Computing Block 555 out of 663
Processing Block size=6
begin cleaner{left: ("[FunctionalDependency:(s: {brewery_id}, t: {city})]", 0.0), operator: *, right: (1.0, 1.0), result: 0.0}
列 'p' 不存在，对列 city 不过滤，直接选择所有非无效值。
Block processing time: 0.004685 seconds
Computing Block 556 out of 663
Processing Block size=5
begin cleaner{left: ("[FunctionalDependency:(s: {brewery_id}, t: {city})]", 0.0), operator: *, right: (1.0, 1.0), result: 0.0}
列 'p' 不存在，对列 city 不过滤，直接选择所有非无效值。
Block processing time: 0.003848 seconds
Computing Block 558 out of 663
Processing Block size=4
begin cleaner{left: ("[FunctionalDependency:(s: {brewery_id}, t: {city})]", 0.0), operator: *, right: (1.0, 1.0), result: 0.0}
列 'p' 不存在，对列 city 不过滤，直接选择所有非无效值。
Block processing time: 0.003139 seconds
Computing Block 560 out of 663
Processing Block size=2
begin cleaner{left: ("[FunctionalDependency:(s: {brewery_id}, t: {city})]", 0.0), operator: *, right: (1.0, 1.0), result: 0.0}
列 'p' 不存在，对列 city 不过滤，直接选择所有非无效值。
Block processing time: 0.001638 seconds
Computing Block 561 out of 663
Processing Block size=18
begin cleaner{left: ("[FunctionalDependency:(s: {brewery_id}, t: {city})]", 0.0), operator: *, right: (1.0, 1.0), result: 0.0}
列 'p' 不存在，对列 city 不过滤，直接选择所有非无效值。
clean_bool length:2
newest best op: Uniop(df,'city','Davenport',(['brewery_id'], {('365',)}),{left: ("[FunctionalDependency:(s: {brewery_id}, t: {city})]", 0.0), operator: *, right: (1.0, 1.0), result: 0.0})
now error: 0.0
Block processing time: 0.028264 seconds
Computing Block 564 out of 663
Processing Block size=8
begin cleaner{left: ("[FunctionalDependency:(s: {brewery_id}, t: {city})]", 0.0), operator: *, right: (1.0, 1.0), result: 0.0}
列 'p' 不存在，对列 city 不过滤，直接选择所有非无效值。
clean_bool length:4
newest best op: Uniop(df,'city','Hou@@ston',(['brewery_id'], {('125',)}),{left: ("[FunctionalDependency:(s: {brewery_id}, t: {city})]", 0.0), operator: *, right: (1.0, 1.0), result: 0.0})
now error: 0.0
newest best op: Uniop(df,'city','Houston#',(['brewery_id'], {('125',)}),{left: ("[FunctionalDependency:(s: {brewery_id}, t: {city})]", 0.0), operator: *, right: (1.0, 1.0), result: 0.0})
now error: 0.0
newest best op: Uniop(df,'city','Houston',(['brewery_id'], {('125',)}),{left: ("[FunctionalDependency:(s: {brewery_id}, t: {city})]", 0.0), operator: *, right: (1.0, 1.0), result: 0.0})
now error: 0.0
Block processing time: 0.025958 seconds
Computing Block 566 out of 663
Processing Block size=4
begin cleaner{left: ("[FunctionalDependency:(s: {brewery_id}, t: {city})]", 0.0), operator: *, right: (1.0, 1.0), result: 0.0}
列 'p' 不存在，对列 city 不过滤，直接选择所有非无效值。
clean_bool length:3
newest best op: Uniop(df,'city','Minneapolis',(['brewery_id'], {('258',)}),{left: ("[FunctionalDependency:(s: {brewery_id}, t: {city})]", 0.0), operator: *, right: (1.0, 1.0), result: 0.0})
now error: 0.0
Block processing time: 0.010426 seconds
Computing Block 567 out of 663
Processing Block size=3
begin cleaner{left: ("[FunctionalDependency:(s: {brewery_id}, t: {city})]", 0.0), operator: *, right: (1.0, 1.0), result: 0.0}
列 'p' 不存在，对列 city 不过滤，直接选择所有非无效值。
Block processing time: 0.002372 seconds
Computing Block 569 out of 663
Processing Block size=2
begin cleaner{left: ("[FunctionalDependency:(s: {brewery_id}, t: {city})]", 0.0), operator: *, right: (1.0, 1.0), result: 0.0}
列 'p' 不存在，对列 city 不过滤，直接选择所有非无效值。
Block processing time: 0.001565 seconds
Computing Block 571 out of 663
Processing Block size=3
begin cleaner{left: ("[FunctionalDependency:(s: {brewery_id}, t: {city})]", 0.0), operator: *, right: (1.0, 1.0), result: 0.0}
列 'p' 不存在，对列 city 不过滤，直接选择所有非无效值。
Block processing time: 0.00227 seconds
Computing Block 572 out of 663
Processing Block size=4
begin cleaner{left: ("[FunctionalDependency:(s: {brewery_id}, t: {city})]", 0.0), operator: *, right: (1.0, 1.0), result: 0.0}
列 'p' 不存在，对列 city 不过滤，直接选择所有非无效值。
Block processing time: 0.003016 seconds
Computing Block 574 out of 663
Processing Block size=2
begin cleaner{left: ("[FunctionalDependency:(s: {brewery_id}, t: {city})]", 0.0), operator: *, right: (1.0, 1.0), result: 0.0}
列 'p' 不存在，对列 city 不过滤，直接选择所有非无效值。
Block processing time: 0.001548 seconds
Computing Block 575 out of 663
Processing Block size=3
begin cleaner{left: ("[FunctionalDependency:(s: {brewery_id}, t: {city})]", 0.0), operator: *, right: (1.0, 1.0), result: 0.0}
列 'p' 不存在，对列 city 不过滤，直接选择所有非无效值。
Block processing time: 0.002306 seconds
Computing Block 576 out of 663
Processing Block size=2
begin cleaner{left: ("[FunctionalDependency:(s: {brewery_id}, t: {city})]", 0.0), operator: *, right: (1.0, 1.0), result: 0.0}
列 'p' 不存在，对列 city 不过滤，直接选择所有非无效值。
Block processing time: 0.001545 seconds
Computing Block 577 out of 663
Processing Block size=2
begin cleaner{left: ("[FunctionalDependency:(s: {brewery_id}, t: {city})]", 0.0), operator: *, right: (1.0, 1.0), result: 0.0}
列 'p' 不存在，对列 city 不过滤，直接选择所有非无效值。
Block processing time: 0.001557 seconds
Computing Block 578 out of 663
Processing Block size=2
begin cleaner{left: ("[FunctionalDependency:(s: {brewery_id}, t: {city})]", 0.0), operator: *, right: (1.0, 1.0), result: 0.0}
列 'p' 不存在，对列 city 不过滤，直接选择所有非无效值。
Block processing time: 0.001557 seconds
Computing Block 579 out of 663
Processing Block size=2
begin cleaner{left: ("[FunctionalDependency:(s: {brewery_id}, t: {city})]", 0.0), operator: *, right: (1.0, 1.0), result: 0.0}
列 'p' 不存在，对列 city 不过滤，直接选择所有非无效值。
Block processing time: 0.001548 seconds
Computing Block 581 out of 663
Processing Block size=2
begin cleaner{left: ("[FunctionalDependency:(s: {brewery_id}, t: {city})]", 0.0), operator: *, right: (1.0, 1.0), result: 0.0}
列 'p' 不存在，对列 city 不过滤，直接选择所有非无效值。
clean_bool length:2
newest best op: Uniop(df,'city','Pinedale',(['brewery_id'], {('550',)}),{left: ("[FunctionalDependency:(s: {brewery_id}, t: {city})]", 0.0), operator: *, right: (1.0, 1.0), result: 0.0})
now error: 0.0
Block processing time: 0.003625 seconds
Computing Block 582 out of 663
Processing Block size=2
begin cleaner{left: ("[FunctionalDependency:(s: {brewery_id}, t: {city})]", 0.0), operator: *, right: (1.0, 1.0), result: 0.0}
列 'p' 不存在，对列 city 不过滤，直接选择所有非无效值。
clean_bool length:3
newest best op: Uniop(df,'city','South Deerfield',(['brewery_id'], {('278',)}),{left: ("[FunctionalDependency:(s: {brewery_id}, t: {city})]", 0.0), operator: *, right: (1.0, 1.0), result: 0.0})
now error: 0.0
Block processing time: 0.005334 seconds
Computing Block 583 out of 663
Processing Block size=7
begin cleaner{left: ("[FunctionalDependency:(s: {brewery_id}, t: {city})]", 0.0), operator: *, right: (1.0, 1.0), result: 0.0}
列 'p' 不存在，对列 city 不过滤，直接选择所有非无效值。
Block processing time: 0.005204 seconds
Computing Block 584 out of 663
Processing Block size=2
begin cleaner{left: ("[FunctionalDependency:(s: {brewery_id}, t: {city})]", 0.0), operator: *, right: (1.0, 1.0), result: 0.0}
列 'p' 不存在，对列 city 不过滤，直接选择所有非无效值。
Block processing time: 0.00155 seconds
Computing Block 585 out of 663
Processing Block size=2
begin cleaner{left: ("[FunctionalDependency:(s: {brewery_id}, t: {city})]", 0.0), operator: *, right: (1.0, 1.0), result: 0.0}
列 'p' 不存在，对列 city 不过滤，直接选择所有非无效值。
clean_bool length:2
newest best op: Uniop(df,'city','Ridgefield Park',(['brewery_id'], {('281',)}),{left: ("[FunctionalDependency:(s: {brewery_id}, t: {city})]", 0.0), operator: *, right: (1.0, 1.0), result: 0.0})
now error: 0.0
Block processing time: 0.003612 seconds
Computing Block 588 out of 663
Processing Block size=3
begin cleaner{left: ("[FunctionalDependency:(s: {brewery_id}, t: {city})]", 0.0), operator: *, right: (1.0, 1.0), result: 0.0}
列 'p' 不存在，对列 city 不过滤，直接选择所有非无效值。
Block processing time: 0.002271 seconds
Computing Block 589 out of 663
Processing Block size=2
begin cleaner{left: ("[FunctionalDependency:(s: {brewery_id}, t: {city})]", 0.0), operator: *, right: (1.0, 1.0), result: 0.0}
列 'p' 不存在，对列 city 不过滤，直接选择所有非无效值。
Block processing time: 0.00155 seconds
Computing Block 590 out of 663
Processing Block size=4
begin cleaner{left: ("[FunctionalDependency:(s: {brewery_id}, t: {city})]", 0.0), operator: *, right: (1.0, 1.0), result: 0.0}
列 'p' 不存在，对列 city 不过滤，直接选择所有非无效值。
clean_bool length:3
newest best op: Uniop(df,'city','Austin',(['brewery_id'], {('184',)}),{left: ("[FunctionalDependency:(s: {brewery_id}, t: {city})]", 0.0), operator: *, right: (1.0, 1.0), result: 0.0})
now error: 0.0
Block processing time: 0.009593 seconds
Computing Block 591 out of 663
Processing Block size=2
begin cleaner{left: ("[FunctionalDependency:(s: {brewery_id}, t: {city})]", 0.0), operator: *, right: (1.0, 1.0), result: 0.0}
列 'p' 不存在，对列 city 不过滤，直接选择所有非无效值。
Block processing time: 0.001577 seconds
Computing Block 592 out of 663
Processing Block size=3
begin cleaner{left: ("[FunctionalDependency:(s: {brewery_id}, t: {city})]", 0.0), operator: *, right: (1.0, 1.0), result: 0.0}
列 'p' 不存在，对列 city 不过滤，直接选择所有非无效值。
clean_bool length:3
newest best op: Uniop(df,'city','Farmers Branch',(['brewery_id'], {('213',)}),{left: ("[FunctionalDependency:(s: {brewery_id}, t: {city})]", 0.0), operator: *, right: (1.0, 1.0), result: 0.0})
now error: 0.0
Block processing time: 0.007515 seconds
Computing Block 594 out of 663
Processing Block size=4
begin cleaner{left: ("[FunctionalDependency:(s: {brewery_id}, t: {city})]", 0.0), operator: *, right: (1.0, 1.0), result: 0.0}
列 'p' 不存在，对列 city 不过滤，直接选择所有非无效值。
Block processing time: 0.003004 seconds
Computing Block 597 out of 663
Processing Block size=2
begin cleaner{left: ("[FunctionalDependency:(s: {brewery_id}, t: {city})]", 0.0), operator: *, right: (1.0, 1.0), result: 0.0}
列 'p' 不存在，对列 city 不过滤，直接选择所有非无效值。
Block processing time: 0.001557 seconds
Computing Block 599 out of 663
Processing Block size=3
begin cleaner{left: ("[FunctionalDependency:(s: {brewery_id}, t: {city})]", 0.0), operator: *, right: (1.0, 1.0), result: 0.0}
列 'p' 不存在，对列 city 不过滤，直接选择所有非无效值。
clean_bool length:3
newest best op: Uniop(df,'city','D#ay??ton',(['brewery_id'], {('94',)}),{left: ("[FunctionalDependency:(s: {brewery_id}, t: {city})]", 0.0), operator: *, right: (1.0, 1.0), result: 0.0})
now error: 0.0
newest best op: Uniop(df,'city','Dayton',(['brewery_id'], {('94',)}),{left: ("[FunctionalDependency:(s: {brewery_id}, t: {city})]", 0.0), operator: *, right: (1.0, 1.0), result: 0.0})
now error: 0.0
Block processing time: 0.007515 seconds
Computing Block 600 out of 663
Processing Block size=3
begin cleaner{left: ("[FunctionalDependency:(s: {brewery_id}, t: {city})]", 0.0), operator: *, right: (1.0, 1.0), result: 0.0}
列 'p' 不存在，对列 city 不过滤，直接选择所有非无效值。
clean_bool length:2
newest best op: Uniop(df,'city','Temecula',(['brewery_id'], {('112',)}),{left: ("[FunctionalDependency:(s: {brewery_id}, t: {city})]", 0.0), operator: *, right: (1.0, 1.0), result: 0.0})
now error: 0.0
Block processing time: 0.005134 seconds
Computing Block 601 out of 663
Processing Block size=4
begin cleaner{left: ("[FunctionalDependency:(s: {brewery_id}, t: {city})]", 0.0), operator: *, right: (1.0, 1.0), result: 0.0}
列 'p' 不存在，对列 city 不过滤，直接选择所有非无效值。
clean_bool length:4
newest best op: Uniop(df,'city','#Denve%r',(['brewery_id'], {('110',)}),{left: ("[FunctionalDependency:(s: {brewery_id}, t: {city})]", 0.0), operator: *, right: (1.0, 1.0), result: 0.0})
now error: 0.0
newest best op: Uniop(df,'city','Denver',(['brewery_id'], {('110',)}),{left: ("[FunctionalDependency:(s: {brewery_id}, t: {city})]", 0.0), operator: *, right: (1.0, 1.0), result: 0.0})
now error: 0.0
Block processing time: 0.012933 seconds
Computing Block 602 out of 663
Processing Block size=2
begin cleaner{left: ("[FunctionalDependency:(s: {brewery_id}, t: {city})]", 0.0), operator: *, right: (1.0, 1.0), result: 0.0}
列 'p' 不存在，对列 city 不过滤，直接选择所有非无效值。
Block processing time: 0.001628 seconds
Computing Block 603 out of 663
Processing Block size=2
begin cleaner{left: ("[FunctionalDependency:(s: {brewery_id}, t: {city})]", 0.0), operator: *, right: (1.0, 1.0), result: 0.0}
列 'p' 不存在，对列 city 不过滤，直接选择所有非无效值。
Block processing time: 0.001619 seconds
Computing Block 606 out of 663
Processing Block size=4
begin cleaner{left: ("[FunctionalDependency:(s: {brewery_id}, t: {city})]", 0.0), operator: *, right: (1.0, 1.0), result: 0.0}
列 'p' 不存在，对列 city 不过滤，直接选择所有非无效值。
Block processing time: 0.003091 seconds
Computing Block 607 out of 663
Processing Block size=2
begin cleaner{left: ("[FunctionalDependency:(s: {brewery_id}, t: {city})]", 0.0), operator: *, right: (1.0, 1.0), result: 0.0}
列 'p' 不存在，对列 city 不过滤，直接选择所有非无效值。
Block processing time: 0.001629 seconds
Computing Block 608 out of 663
Processing Block size=4
begin cleaner{left: ("[FunctionalDependency:(s: {brewery_id}, t: {city})]", 0.0), operator: *, right: (1.0, 1.0), result: 0.0}
列 'p' 不存在，对列 city 不过滤，直接选择所有非无效值。
clean_bool length:3
newest best op: Uniop(df,'city','Gig Harbor$%',(['brewery_id'], {('481',)}),{left: ("[FunctionalDependency:(s: {brewery_id}, t: {city})]", 0.0), operator: *, right: (1.0, 1.0), result: 0.0})
now error: 0.0
newest best op: Uniop(df,'city','Gig Harbor',(['brewery_id'], {('481',)}),{left: ("[FunctionalDependency:(s: {brewery_id}, t: {city})]", 0.0), operator: *, right: (1.0, 1.0), result: 0.0})
now error: 0.0
Block processing time: 0.00937 seconds
Computing Block 610 out of 663
Processing Block size=3
begin cleaner{left: ("[FunctionalDependency:(s: {brewery_id}, t: {city})]", 0.0), operator: *, right: (1.0, 1.0), result: 0.0}
列 'p' 不存在，对列 city 不过滤，直接选择所有非无效值。
Block processing time: 0.002257 seconds
Computing Block 611 out of 663
Processing Block size=3
begin cleaner{left: ("[FunctionalDependency:(s: {brewery_id}, t: {city})]", 0.0), operator: *, right: (1.0, 1.0), result: 0.0}
列 'p' 不存在，对列 city 不过滤，直接选择所有非无效值。
Block processing time: 0.002207 seconds
Computing Block 612 out of 663
Processing Block size=3
begin cleaner{left: ("[FunctionalDependency:(s: {brewery_id}, t: {city})]", 0.0), operator: *, right: (1.0, 1.0), result: 0.0}
列 'p' 不存在，对列 city 不过滤，直接选择所有非无效值。
Block processing time: 0.002223 seconds
Computing Block 615 out of 663
Processing Block size=2
begin cleaner{left: ("[FunctionalDependency:(s: {brewery_id}, t: {city})]", 0.0), operator: *, right: (1.0, 1.0), result: 0.0}
列 'p' 不存在，对列 city 不过滤，直接选择所有非无效值。
Block processing time: 0.001509 seconds
Computing Block 616 out of 663
Processing Block size=12
begin cleaner{left: ("[FunctionalDependency:(s: {brewery_id}, t: {city})]", 0.0), operator: *, right: (1.0, 1.0), result: 0.0}
列 'p' 不存在，对列 city 不过滤，直接选择所有非无效值。
clean_bool length:3
newest best op: Uniop(df,'city','Ashland',(['brewery_id'], {('155',)}),{left: ("[FunctionalDependency:(s: {brewery_id}, t: {city})]", 0.0), operator: *, right: (1.0, 1.0), result: 0.0})
now error: 0.0
Block processing time: 0.025712 seconds
Computing Block 617 out of 663
Processing Block size=7
begin cleaner{left: ("[FunctionalDependency:(s: {brewery_id}, t: {city})]", 0.0), operator: *, right: (1.0, 1.0), result: 0.0}
列 'p' 不存在，对列 city 不过滤，直接选择所有非无效值。
Block processing time: 0.005042 seconds
Computing Block 618 out of 663
Processing Block size=4
begin cleaner{left: ("[FunctionalDependency:(s: {brewery_id}, t: {city})]", 0.0), operator: *, right: (1.0, 1.0), result: 0.0}
列 'p' 不存在，对列 city 不过滤，直接选择所有非无效值。
Block processing time: 0.002926 seconds
Computing Block 620 out of 663
Processing Block size=3
begin cleaner{left: ("[FunctionalDependency:(s: {brewery_id}, t: {city})]", 0.0), operator: *, right: (1.0, 1.0), result: 0.0}
列 'p' 不存在，对列 city 不过滤，直接选择所有非无效值。
Block processing time: 0.002229 seconds
Computing Block 623 out of 663
Processing Block size=2
begin cleaner{left: ("[FunctionalDependency:(s: {brewery_id}, t: {city})]", 0.0), operator: *, right: (1.0, 1.0), result: 0.0}
列 'p' 不存在，对列 city 不过滤，直接选择所有非无效值。
clean_bool length:3
newest best op: Uniop(df,'city','Lake# Gene#va',(['brewery_id'], {('228',)}),{left: ("[FunctionalDependency:(s: {brewery_id}, t: {city})]", 0.0), operator: *, right: (1.0, 1.0), result: 0.0})
now error: 0.0
Block processing time: 0.005192 seconds
Computing Block 626 out of 663
Processing Block size=5
begin cleaner{left: ("[FunctionalDependency:(s: {brewery_id}, t: {city})]", 0.0), operator: *, right: (1.0, 1.0), result: 0.0}
列 'p' 不存在，对列 city 不过滤，直接选择所有非无效值。
Block processing time: 0.003979 seconds
Computing Block 627 out of 663
Processing Block size=12
begin cleaner{left: ("[FunctionalDependency:(s: {brewery_id}, t: {city})]", 0.0), operator: *, right: (1.0, 1.0), result: 0.0}
列 'p' 不存在，对列 city 不过滤，直接选择所有非无效值。
Block processing time: 0.008522 seconds
Computing Block 628 out of 663
Processing Block size=5
begin cleaner{left: ("[FunctionalDependency:(s: {brewery_id}, t: {city})]", 0.0), operator: *, right: (1.0, 1.0), result: 0.0}
列 'p' 不存在，对列 city 不过滤，直接选择所有非无效值。
Block processing time: 0.00371 seconds
Computing Block 629 out of 663
Processing Block size=5
begin cleaner{left: ("[FunctionalDependency:(s: {brewery_id}, t: {city})]", 0.0), operator: *, right: (1.0, 1.0), result: 0.0}
列 'p' 不存在，对列 city 不过滤，直接选择所有非无效值。
clean_bool length:3
newest best op: Uniop(df,'city','#@@Chicago',(['brewery_id'], {('88',)}),{left: ("[FunctionalDependency:(s: {brewery_id}, t: {city})]", 0.0), operator: *, right: (1.0, 1.0), result: 0.0})
now error: 0.0
newest best op: Uniop(df,'city','Chicago',(['brewery_id'], {('88',)}),{left: ("[FunctionalDependency:(s: {brewery_id}, t: {city})]", 0.0), operator: *, right: (1.0, 1.0), result: 0.0})
now error: 0.0
Block processing time: 0.011422 seconds
Computing Block 631 out of 663
Processing Block size=5
begin cleaner{left: ("[FunctionalDependency:(s: {brewery_id}, t: {city})]", 0.0), operator: *, right: (1.0, 1.0), result: 0.0}
列 'p' 不存在，对列 city 不过滤，直接选择所有非无效值。
Block processing time: 0.003634 seconds
Computing Block 632 out of 663
Processing Block size=3
begin cleaner{left: ("[FunctionalDependency:(s: {brewery_id}, t: {city})]", 0.0), operator: *, right: (1.0, 1.0), result: 0.0}
列 'p' 不存在，对列 city 不过滤，直接选择所有非无效值。
Block processing time: 0.002246 seconds
Computing Block 638 out of 663
Processing Block size=3
begin cleaner{left: ("[FunctionalDependency:(s: {brewery_id}, t: {city})]", 0.0), operator: *, right: (1.0, 1.0), result: 0.0}
列 'p' 不存在，对列 city 不过滤，直接选择所有非无效值。
Block processing time: 0.002208 seconds
Computing Block 639 out of 663
Processing Block size=3
begin cleaner{left: ("[FunctionalDependency:(s: {brewery_id}, t: {city})]", 0.0), operator: *, right: (1.0, 1.0), result: 0.0}
列 'p' 不存在，对列 city 不过滤，直接选择所有非无效值。
Block processing time: 0.002241 seconds
Computing Block 640 out of 663
Processing Block size=7
begin cleaner{left: ("[FunctionalDependency:(s: {brewery_id}, t: {city})]", 0.0), operator: *, right: (1.0, 1.0), result: 0.0}
列 'p' 不存在，对列 city 不过滤，直接选择所有非无效值。
Block processing time: 0.005031 seconds
Computing Block 641 out of 663
Processing Block size=3
begin cleaner{left: ("[FunctionalDependency:(s: {brewery_id}, t: {city})]", 0.0), operator: *, right: (1.0, 1.0), result: 0.0}
列 'p' 不存在，对列 city 不过滤，直接选择所有非无效值。
clean_bool length:2
newest best op: Uniop(df,'city','Indianapolis',(['brewery_id'], {('16',)}),{left: ("[FunctionalDependency:(s: {brewery_id}, t: {city})]", 0.0), operator: *, right: (1.0, 1.0), result: 0.0})
now error: 0.0
Block processing time: 0.004784 seconds
Computing Block 642 out of 663
Processing Block size=2
begin cleaner{left: ("[FunctionalDependency:(s: {brewery_id}, t: {city})]", 0.0), operator: *, right: (1.0, 1.0), result: 0.0}
列 'p' 不存在，对列 city 不过滤，直接选择所有非无效值。
Block processing time: 0.001578 seconds
Computing Block 643 out of 663
Processing Block size=3
begin cleaner{left: ("[FunctionalDependency:(s: {brewery_id}, t: {city})]", 0.0), operator: *, right: (1.0, 1.0), result: 0.0}
列 'p' 不存在，对列 city 不过滤，直接选择所有非无效值。
Block processing time: 0.002235 seconds
Computing Block 645 out of 663
Processing Block size=5
begin cleaner{left: ("[FunctionalDependency:(s: {brewery_id}, t: {city})]", 0.0), operator: *, right: (1.0, 1.0), result: 0.0}
列 'p' 不存在，对列 city 不过滤，直接选择所有非无效值。
clean_bool length:3
newest best op: Uniop(df,'city','Stevens Point',(['brewery_id'], {('32',)}),{left: ("[FunctionalDependency:(s: {brewery_id}, t: {city})]", 0.0), operator: *, right: (1.0, 1.0), result: 0.0})
now error: 0.0
Block processing time: 0.011467 seconds
Computing Block 646 out of 663
Processing Block size=3
begin cleaner{left: ("[FunctionalDependency:(s: {brewery_id}, t: {city})]", 0.0), operator: *, right: (1.0, 1.0), result: 0.0}
列 'p' 不存在，对列 city 不过滤，直接选择所有非无效值。
clean_bool length:2
newest best op: Uniop(df,'city','Boulder',(['brewery_id'], {('417',)}),{left: ("[FunctionalDependency:(s: {brewery_id}, t: {city})]", 0.0), operator: *, right: (1.0, 1.0), result: 0.0})
now error: 0.0
Block processing time: 0.004752 seconds
Computing Block 648 out of 663
Processing Block size=2
begin cleaner{left: ("[FunctionalDependency:(s: {brewery_id}, t: {city})]", 0.0), operator: *, right: (1.0, 1.0), result: 0.0}
列 'p' 不存在，对列 city 不过滤，直接选择所有非无效值。
Block processing time: 0.001539 seconds
Computing Block 649 out of 663
Processing Block size=4
begin cleaner{left: ("[FunctionalDependency:(s: {brewery_id}, t: {city})]", 0.0), operator: *, right: (1.0, 1.0), result: 0.0}
列 'p' 不存在，对列 city 不过滤，直接选择所有非无效值。
clean_bool length:2
newest best op: Uniop(df,'city','York',(['brewery_id'], {('298',)}),{left: ("[FunctionalDependency:(s: {brewery_id}, t: {city})]", 0.0), operator: *, right: (1.0, 1.0), result: 0.0})
now error: 0.0
Block processing time: 0.006187 seconds
Computing Block 650 out of 663
Processing Block size=2
begin cleaner{left: ("[FunctionalDependency:(s: {brewery_id}, t: {city})]", 0.0), operator: *, right: (1.0, 1.0), result: 0.0}
列 'p' 不存在，对列 city 不过滤，直接选择所有非无效值。
Block processing time: 0.001573 seconds
Computing Block 652 out of 663
Processing Block size=4
begin cleaner{left: ("[FunctionalDependency:(s: {brewery_id}, t: {city})]", 0.0), operator: *, right: (1.0, 1.0), result: 0.0}
列 'p' 不存在，对列 city 不过滤，直接选择所有非无效值。
Block processing time: 0.002902 seconds
Computing Block 653 out of 663
Processing Block size=3
begin cleaner{left: ("[FunctionalDependency:(s: {brewery_id}, t: {city})]", 0.0), operator: *, right: (1.0, 1.0), result: 0.0}
列 'p' 不存在，对列 city 不过滤，直接选择所有非无效值。
clean_bool length:3
newest best op: Uniop(df,'city','San @@Diego',(['brewery_id'], {('514',)}),{left: ("[FunctionalDependency:(s: {brewery_id}, t: {city})]", 0.0), operator: *, right: (1.0, 1.0), result: 0.0})
now error: 0.0
newest best op: Uniop(df,'city','San Diego',(['brewery_id'], {('514',)}),{left: ("[FunctionalDependency:(s: {brewery_id}, t: {city})]", 0.0), operator: *, right: (1.0, 1.0), result: 0.0})
now error: 0.0
Block processing time: 0.007211 seconds
Computing Block 654 out of 663
Processing Block size=3
begin cleaner{left: ("[FunctionalDependency:(s: {brewery_id}, t: {city})]", 0.0), operator: *, right: (1.0, 1.0), result: 0.0}
列 'p' 不存在，对列 city 不过滤，直接选择所有非无效值。
Block processing time: 0.002217 seconds
Computing Block 656 out of 663
Processing Block size=6
begin cleaner{left: ("[FunctionalDependency:(s: {brewery_id}, t: {city})]", 0.0), operator: *, right: (1.0, 1.0), result: 0.0}
列 'p' 不存在，对列 city 不过滤，直接选择所有非无效值。
Block processing time: 0.004296 seconds
Computing Block 657 out of 663
Processing Block size=31
begin cleaner{left: ("[FunctionalDependency:(s: {brewery_id}, t: {city})]", 0.0), operator: *, right: (1.0, 1.0), result: 0.0}
列 'p' 不存在，对列 city 不过滤，直接选择所有非无效值。
clean_bool length:3
newest best op: Uniop(df,'city','Longmont',(['brewery_id'], {('166',)}),{left: ("[FunctionalDependency:(s: {brewery_id}, t: {city})]", 0.0), operator: *, right: (1.0, 1.0), result: 0.0})
now error: 0.0
Block processing time: 0.065077 seconds
Computing Block 658 out of 663
Processing Block size=3
begin cleaner{left: ("[FunctionalDependency:(s: {brewery_id}, t: {city})]", 0.0), operator: *, right: (1.0, 1.0), result: 0.0}
列 'p' 不存在，对列 city 不过滤，直接选择所有非无效值。
clean_bool length:2
newest best op: Uniop(df,'city','Denver',(['brewery_id'], {('81',)}),{left: ("[FunctionalDependency:(s: {brewery_id}, t: {city})]", 0.0), operator: *, right: (1.0, 1.0), result: 0.0})
now error: 0.0
Block processing time: 0.004776 seconds
Computing Block 660 out of 663
Processing Block size=2
begin cleaner{left: ("[FunctionalDependency:(s: {brewery_id}, t: {city})]", 0.0), operator: *, right: (1.0, 1.0), result: 0.0}
列 'p' 不存在，对列 city 不过滤，直接选择所有非无效值。
clean_bool length:2
newest best op: Uniop(df,'city','Lockland',(['brewery_id'], {('321',)}),{left: ("[FunctionalDependency:(s: {brewery_id}, t: {city})]", 0.0), operator: *, right: (1.0, 1.0), result: 0.0})
now error: 0.0
Block processing time: 0.003406 seconds
Computing Block 662 out of 663
Processing Block size=3
begin cleaner{left: ("[FunctionalDependency:(s: {brewery_id}, t: {city})]", 0.0), operator: *, right: (1.0, 1.0), result: 0.0}
WARNING:root:No partitioning rule specified, processing might be slow
列 'p' 不存在，对列 city 不过滤，直接选择所有非无效值。
clean_bool length:3
newest best op: Uniop(df,'city','Kearney',(['brewery_id'], {('282',)}),{left: ("[FunctionalDependency:(s: {brewery_id}, t: {city})]", 0.0), operator: *, right: (1.0, 1.0), result: 0.0})
now error: 0.0
Block processing time: 0.007702 seconds
  当前节点: city 有 164 个清洗操作
  当前节点: state 存在可用清洗信号
数据块大小: 2410
分块属性:
[['brewery_id']]
Starting initial block mapping...
Initial number of blocks: 663
Final number of blocks after further splitting: 663
Computing Block 1 out of 663
Processing Block size=8
begin cleaner[FunctionalDependency:(s: {'brewery_id'}, t: {'state'})]*1.0
列 'p' 不存在，对列 state 不过滤，直接选择所有非无效值。
clean_bool length:2
newest best op: Uniop(df,'state','CO',(['brewery_id'], {('63',)}),{left: ("[FunctionalDependency:(s: {brewery_id}, t: {state})]", 0.0), operator: *, right: (1.0, 1.0), result: 0.0})
now error: 0.0
Block processing time: 0.012237 seconds
Computing Block 2 out of 663
Processing Block size=5
begin cleaner{left: ("[FunctionalDependency:(s: {brewery_id}, t: {state})]", 0.0), operator: *, right: (1.0, 1.0), result: 0.0}
列 'p' 不存在，对列 state 不过滤，直接选择所有非无效值。
clean_bool length:4
newest best op: Uniop(df,'state','AK%#',(['brewery_id'], {('223',)}),{left: ("[FunctionalDependency:(s: {brewery_id}, t: {state})]", 0.0), operator: *, right: (1.0, 1.0), result: 0.0})
now error: 0.0
newest best op: Uniop(df,'state','AK',(['brewery_id'], {('223',)}),{left: ("[FunctionalDependency:(s: {brewery_id}, t: {state})]", 0.0), operator: *, right: (1.0, 1.0), result: 0.0})
now error: 0.0
Block processing time: 0.015318 seconds
Computing Block 3 out of 663
Processing Block size=4
begin cleaner{left: ("[FunctionalDependency:(s: {brewery_id}, t: {state})]", 0.0), operator: *, right: (1.0, 1.0), result: 0.0}
列 'p' 不存在，对列 state 不过滤，直接选择所有非无效值。
clean_bool length:3
newest best op: Uniop(df,'state','AK',(['brewery_id'], {('102',)}),{left: ("[FunctionalDependency:(s: {brewery_id}, t: {state})]", 0.0), operator: *, right: (1.0, 1.0), result: 0.0})
now error: 0.0
Block processing time: 0.009457 seconds
Computing Block 6 out of 663
Processing Block size=4
begin cleaner{left: ("[FunctionalDependency:(s: {brewery_id}, t: {state})]", 0.0), operator: *, right: (1.0, 1.0), result: 0.0}
列 'p' 不存在，对列 state 不过滤，直接选择所有非无效值。
Block processing time: 0.002976 seconds
Computing Block 7 out of 663
Processing Block size=4
begin cleaner{left: ("[FunctionalDependency:(s: {brewery_id}, t: {state})]", 0.0), operator: *, right: (1.0, 1.0), result: 0.0}
列 'p' 不存在，对列 state 不过滤，直接选择所有非无效值。
Block processing time: 0.002983 seconds
Computing Block 10 out of 663
Processing Block size=2
begin cleaner{left: ("[FunctionalDependency:(s: {brewery_id}, t: {state})]", 0.0), operator: *, right: (1.0, 1.0), result: 0.0}
列 'p' 不存在，对列 state 不过滤，直接选择所有非无效值。
Block processing time: 0.001538 seconds
Computing Block 11 out of 663
Processing Block size=4
begin cleaner{left: ("[FunctionalDependency:(s: {brewery_id}, t: {state})]", 0.0), operator: *, right: (1.0, 1.0), result: 0.0}
列 'p' 不存在，对列 state 不过滤，直接选择所有非无效值。
Block processing time: 0.002933 seconds
Computing Block 12 out of 663
Processing Block size=2
begin cleaner{left: ("[FunctionalDependency:(s: {brewery_id}, t: {state})]", 0.0), operator: *, right: (1.0, 1.0), result: 0.0}
列 'p' 不存在，对列 state 不过滤，直接选择所有非无效值。
clean_bool length:2
newest best op: Uniop(df,'state','NC',(['brewery_id'], {('540',)}),{left: ("[FunctionalDependency:(s: {brewery_id}, t: {state})]", 0.0), operator: *, right: (1.0, 1.0), result: 0.0})
now error: 0.0
Block processing time: 0.003426 seconds
Computing Block 14 out of 663
Processing Block size=3
begin cleaner{left: ("[FunctionalDependency:(s: {brewery_id}, t: {state})]", 0.0), operator: *, right: (1.0, 1.0), result: 0.0}
列 'p' 不存在，对列 state 不过滤，直接选择所有非无效值。
clean_bool length:3
newest best op: Uniop(df,'state','@@MA@@',(['brewery_id'], {('230',)}),{left: ("[FunctionalDependency:(s: {brewery_id}, t: {state})]", 0.0), operator: *, right: (1.0, 1.0), result: 0.0})
now error: 0.0
newest best op: Uniop(df,'state','MA',(['brewery_id'], {('230',)}),{left: ("[FunctionalDependency:(s: {brewery_id}, t: {state})]", 0.0), operator: *, right: (1.0, 1.0), result: 0.0})
now error: 0.0
Block processing time: 0.007246 seconds
Computing Block 17 out of 663
Processing Block size=3
begin cleaner{left: ("[FunctionalDependency:(s: {brewery_id}, t: {state})]", 0.0), operator: *, right: (1.0, 1.0), result: 0.0}
列 'p' 不存在，对列 state 不过滤，直接选择所有非无效值。
Block processing time: 0.002353 seconds
Computing Block 19 out of 663
Processing Block size=8
begin cleaner{left: ("[FunctionalDependency:(s: {brewery_id}, t: {state})]", 0.0), operator: *, right: (1.0, 1.0), result: 0.0}
列 'p' 不存在，对列 state 不过滤，直接选择所有非无效值。
Block processing time: 0.005859 seconds
Computing Block 20 out of 663
Processing Block size=3
begin cleaner{left: ("[FunctionalDependency:(s: {brewery_id}, t: {state})]", 0.0), operator: *, right: (1.0, 1.0), result: 0.0}
列 'p' 不存在，对列 state 不过滤，直接选择所有非无效值。
Block processing time: 0.002245 seconds
Computing Block 23 out of 663
Processing Block size=5
begin cleaner{left: ("[FunctionalDependency:(s: {brewery_id}, t: {state})]", 0.0), operator: *, right: (1.0, 1.0), result: 0.0}
列 'p' 不存在，对列 state 不过滤，直接选择所有非无效值。
Block processing time: 0.003691 seconds
Computing Block 25 out of 663
Processing Block size=2
begin cleaner{left: ("[FunctionalDependency:(s: {brewery_id}, t: {state})]", 0.0), operator: *, right: (1.0, 1.0), result: 0.0}
列 'p' 不存在，对列 state 不过滤，直接选择所有非无效值。
Block processing time: 0.001525 seconds
Computing Block 26 out of 663
Processing Block size=4
begin cleaner{left: ("[FunctionalDependency:(s: {brewery_id}, t: {state})]", 0.0), operator: *, right: (1.0, 1.0), result: 0.0}
列 'p' 不存在，对列 state 不过滤，直接选择所有非无效值。
clean_bool length:2
newest best op: Uniop(df,'state','SD',(['brewery_id'], {('212',)}),{left: ("[FunctionalDependency:(s: {brewery_id}, t: {state})]", 0.0), operator: *, right: (1.0, 1.0), result: 0.0})
now error: 0.0
Block processing time: 0.006232 seconds
Computing Block 28 out of 663
Processing Block size=3
begin cleaner{left: ("[FunctionalDependency:(s: {brewery_id}, t: {state})]", 0.0), operator: *, right: (1.0, 1.0), result: 0.0}
列 'p' 不存在，对列 state 不过滤，直接选择所有非无效值。
Block processing time: 0.002243 seconds
Computing Block 33 out of 663
Processing Block size=7
begin cleaner{left: ("[FunctionalDependency:(s: {brewery_id}, t: {state})]", 0.0), operator: *, right: (1.0, 1.0), result: 0.0}
列 'p' 不存在，对列 state 不过滤，直接选择所有非无效值。
Block processing time: 0.005051 seconds
Computing Block 34 out of 663
Processing Block size=5
begin cleaner{left: ("[FunctionalDependency:(s: {brewery_id}, t: {state})]", 0.0), operator: *, right: (1.0, 1.0), result: 0.0}
列 'p' 不存在，对列 state 不过滤，直接选择所有非无效值。
Block processing time: 0.003646 seconds
Computing Block 35 out of 663
Processing Block size=5
begin cleaner{left: ("[FunctionalDependency:(s: {brewery_id}, t: {state})]", 0.0), operator: *, right: (1.0, 1.0), result: 0.0}
列 'p' 不存在，对列 state 不过滤，直接选择所有非无效值。
clean_bool length:3
newest best op: Uniop(df,'state','M@@O#',(['brewery_id'], {('132',)}),{left: ("[FunctionalDependency:(s: {brewery_id}, t: {state})]", 0.0), operator: *, right: (1.0, 1.0), result: 0.0})
now error: 0.0
newest best op: Uniop(df,'state','MO',(['brewery_id'], {('132',)}),{left: ("[FunctionalDependency:(s: {brewery_id}, t: {state})]", 0.0), operator: *, right: (1.0, 1.0), result: 0.0})
now error: 0.0
Block processing time: 0.011368 seconds
Computing Block 36 out of 663
Processing Block size=3
begin cleaner{left: ("[FunctionalDependency:(s: {brewery_id}, t: {state})]", 0.0), operator: *, right: (1.0, 1.0), result: 0.0}
列 'p' 不存在，对列 state 不过滤，直接选择所有非无效值。
Block processing time: 0.002349 seconds
Computing Block 37 out of 663
Processing Block size=8
begin cleaner{left: ("[FunctionalDependency:(s: {brewery_id}, t: {state})]", 0.0), operator: *, right: (1.0, 1.0), result: 0.0}
列 'p' 不存在，对列 state 不过滤，直接选择所有非无效值。
Block processing time: 0.006228 seconds
Computing Block 40 out of 663
Processing Block size=6
begin cleaner{left: ("[FunctionalDependency:(s: {brewery_id}, t: {state})]", 0.0), operator: *, right: (1.0, 1.0), result: 0.0}
列 'p' 不存在，对列 state 不过滤，直接选择所有非无效值。
clean_bool length:3
newest best op: Uniop(df,'state','NY??@@',(['brewery_id'], {('437',)}),{left: ("[FunctionalDependency:(s: {brewery_id}, t: {state})]", 0.0), operator: *, right: (1.0, 1.0), result: 0.0})
now error: 0.0
newest best op: Uniop(df,'state','NY',(['brewery_id'], {('437',)}),{left: ("[FunctionalDependency:(s: {brewery_id}, t: {state})]", 0.0), operator: *, right: (1.0, 1.0), result: 0.0})
now error: 0.0
Block processing time: 0.01463 seconds
Computing Block 41 out of 663
Processing Block size=6
begin cleaner{left: ("[FunctionalDependency:(s: {brewery_id}, t: {state})]", 0.0), operator: *, right: (1.0, 1.0), result: 0.0}
列 'p' 不存在，对列 state 不过滤，直接选择所有非无效值。
Block processing time: 0.004745 seconds
Computing Block 42 out of 663
Processing Block size=3
begin cleaner{left: ("[FunctionalDependency:(s: {brewery_id}, t: {state})]", 0.0), operator: *, right: (1.0, 1.0), result: 0.0}
列 'p' 不存在，对列 state 不过滤，直接选择所有非无效值。
Block processing time: 0.00242 seconds
Computing Block 44 out of 663
Processing Block size=3
begin cleaner{left: ("[FunctionalDependency:(s: {brewery_id}, t: {state})]", 0.0), operator: *, right: (1.0, 1.0), result: 0.0}
列 'p' 不存在，对列 state 不过滤，直接选择所有非无效值。
clean_bool length:2
newest best op: Uniop(df,'state','FL',(['brewery_id'], {('527',)}),{left: ("[FunctionalDependency:(s: {brewery_id}, t: {state})]", 0.0), operator: *, right: (1.0, 1.0), result: 0.0})
now error: 0.0
Block processing time: 0.005229 seconds
Computing Block 46 out of 663
Processing Block size=2
begin cleaner{left: ("[FunctionalDependency:(s: {brewery_id}, t: {state})]", 0.0), operator: *, right: (1.0, 1.0), result: 0.0}
列 'p' 不存在，对列 state 不过滤，直接选择所有非无效值。
clean_bool length:3
newest best op: Uniop(df,'state','MT',(['brewery_id'], {('535',)}),{left: ("[FunctionalDependency:(s: {brewery_id}, t: {state})]", 0.0), operator: *, right: (1.0, 1.0), result: 0.0})
now error: 0.0
Block processing time: 0.005152 seconds
Computing Block 48 out of 663
Processing Block size=8
begin cleaner{left: ("[FunctionalDependency:(s: {brewery_id}, t: {state})]", 0.0), operator: *, right: (1.0, 1.0), result: 0.0}
列 'p' 不存在，对列 state 不过滤，直接选择所有非无效值。
clean_bool length:2
newest best op: Uniop(df,'state','UT',(['brewery_id'], {('159',)}),{left: ("[FunctionalDependency:(s: {brewery_id}, t: {state})]", 0.0), operator: *, right: (1.0, 1.0), result: 0.0})
now error: 0.0
Block processing time: 0.011884 seconds
Computing Block 49 out of 663
Processing Block size=7
begin cleaner{left: ("[FunctionalDependency:(s: {brewery_id}, t: {state})]", 0.0), operator: *, right: (1.0, 1.0), result: 0.0}
列 'p' 不存在，对列 state 不过滤，直接选择所有非无效值。
clean_bool length:2
newest best op: Uniop(df,'state','OH',(['brewery_id'], {('93',)}),{left: ("[FunctionalDependency:(s: {brewery_id}, t: {state})]", 0.0), operator: *, right: (1.0, 1.0), result: 0.0})
now error: 0.0
Block processing time: 0.010281 seconds
Computing Block 50 out of 663
Processing Block size=3
begin cleaner{left: ("[FunctionalDependency:(s: {brewery_id}, t: {state})]", 0.0), operator: *, right: (1.0, 1.0), result: 0.0}
列 'p' 不存在，对列 state 不过滤，直接选择所有非无效值。
clean_bool length:2
newest best op: Uniop(df,'state','TX',(['brewery_id'], {('38',)}),{left: ("[FunctionalDependency:(s: {brewery_id}, t: {state})]", 0.0), operator: *, right: (1.0, 1.0), result: 0.0})
now error: 0.0
Block processing time: 0.004823 seconds
Computing Block 52 out of 663
Processing Block size=3
begin cleaner{left: ("[FunctionalDependency:(s: {brewery_id}, t: {state})]", 0.0), operator: *, right: (1.0, 1.0), result: 0.0}
列 'p' 不存在，对列 state 不过滤，直接选择所有非无效值。
Block processing time: 0.00225 seconds
Computing Block 55 out of 663
Processing Block size=2
begin cleaner{left: ("[FunctionalDependency:(s: {brewery_id}, t: {state})]", 0.0), operator: *, right: (1.0, 1.0), result: 0.0}
列 'p' 不存在，对列 state 不过滤，直接选择所有非无效值。
Block processing time: 0.001523 seconds
Computing Block 60 out of 663
Processing Block size=12
begin cleaner{left: ("[FunctionalDependency:(s: {brewery_id}, t: {state})]", 0.0), operator: *, right: (1.0, 1.0), result: 0.0}
列 'p' 不存在，对列 state 不过滤，直接选择所有非无效值。
clean_bool length:3
newest best op: Uniop(df,'state','CA',(['brewery_id'], {('240',)}),{left: ("[FunctionalDependency:(s: {brewery_id}, t: {state})]", 0.0), operator: *, right: (1.0, 1.0), result: 0.0})
now error: 0.0
Block processing time: 0.025498 seconds
Computing Block 63 out of 663
Processing Block size=3
begin cleaner{left: ("[FunctionalDependency:(s: {brewery_id}, t: {state})]", 0.0), operator: *, right: (1.0, 1.0), result: 0.0}
列 'p' 不存在，对列 state 不过滤，直接选择所有非无效值。
Block processing time: 0.002227 seconds
Computing Block 64 out of 663
Processing Block size=2
begin cleaner{left: ("[FunctionalDependency:(s: {brewery_id}, t: {state})]", 0.0), operator: *, right: (1.0, 1.0), result: 0.0}
列 'p' 不存在，对列 state 不过滤，直接选择所有非无效值。
Block processing time: 0.001512 seconds
Computing Block 67 out of 663
Processing Block size=14
begin cleaner{left: ("[FunctionalDependency:(s: {brewery_id}, t: {state})]", 0.0), operator: *, right: (1.0, 1.0), result: 0.0}
列 'p' 不存在，对列 state 不过滤，直接选择所有非无效值。
clean_bool length:2
newest best op: Uniop(df,'state','KS',(['brewery_id'], {('45',)}),{left: ("[FunctionalDependency:(s: {brewery_id}, t: {state})]", 0.0), operator: *, right: (1.0, 1.0), result: 0.0})
now error: 0.0
Block processing time: 0.019601 seconds
Computing Block 68 out of 663
Processing Block size=4
begin cleaner{left: ("[FunctionalDependency:(s: {brewery_id}, t: {state})]", 0.0), operator: *, right: (1.0, 1.0), result: 0.0}
列 'p' 不存在，对列 state 不过滤，直接选择所有非无效值。
Block processing time: 0.002908 seconds
Computing Block 71 out of 663
Processing Block size=3
begin cleaner{left: ("[FunctionalDependency:(s: {brewery_id}, t: {state})]", 0.0), operator: *, right: (1.0, 1.0), result: 0.0}
列 'p' 不存在，对列 state 不过滤，直接选择所有非无效值。
Block processing time: 0.002211 seconds
Computing Block 72 out of 663
Processing Block size=2
begin cleaner{left: ("[FunctionalDependency:(s: {brewery_id}, t: {state})]", 0.0), operator: *, right: (1.0, 1.0), result: 0.0}
列 'p' 不存在，对列 state 不过滤，直接选择所有非无效值。
clean_bool length:3
newest best op: Uniop(df,'state','MI',(['brewery_id'], {('8',)}),{left: ("[FunctionalDependency:(s: {brewery_id}, t: {state})]", 0.0), operator: *, right: (1.0, 1.0), result: 0.0})
now error: 0.0
Block processing time: 0.005191 seconds
Computing Block 74 out of 663
Processing Block size=11
begin cleaner{left: ("[FunctionalDependency:(s: {brewery_id}, t: {state})]", 0.0), operator: *, right: (1.0, 1.0), result: 0.0}
列 'p' 不存在，对列 state 不过滤，直接选择所有非无效值。
Block processing time: 0.007819 seconds
Computing Block 77 out of 663
Processing Block size=3
begin cleaner{left: ("[FunctionalDependency:(s: {brewery_id}, t: {state})]", 0.0), operator: *, right: (1.0, 1.0), result: 0.0}
列 'p' 不存在，对列 state 不过滤，直接选择所有非无效值。
clean_bool length:3
newest best op: Uniop(df,'state','I@@L',(['brewery_id'], {('210',)}),{left: ("[FunctionalDependency:(s: {brewery_id}, t: {state})]", 0.0), operator: *, right: (1.0, 1.0), result: 0.0})
now error: 0.0
newest best op: Uniop(df,'state','IL',(['brewery_id'], {('210',)}),{left: ("[FunctionalDependency:(s: {brewery_id}, t: {state})]", 0.0), operator: *, right: (1.0, 1.0), result: 0.0})
now error: 0.0
Block processing time: 0.007181 seconds
Computing Block 78 out of 663
Processing Block size=2
begin cleaner{left: ("[FunctionalDependency:(s: {brewery_id}, t: {state})]", 0.0), operator: *, right: (1.0, 1.0), result: 0.0}
列 'p' 不存在，对列 state 不过滤，直接选择所有非无效值。
Block processing time: 0.001545 seconds
Computing Block 80 out of 663
Processing Block size=10
begin cleaner{left: ("[FunctionalDependency:(s: {brewery_id}, t: {state})]", 0.0), operator: *, right: (1.0, 1.0), result: 0.0}
列 'p' 不存在，对列 state 不过滤，直接选择所有非无效值。
clean_bool length:3
newest best op: Uniop(df,'state','I$L',(['brewery_id'], {('175',)}),{left: ("[FunctionalDependency:(s: {brewery_id}, t: {state})]", 0.0), operator: *, right: (1.0, 1.0), result: 0.0})
now error: 0.0
newest best op: Uniop(df,'state','IL',(['brewery_id'], {('175',)}),{left: ("[FunctionalDependency:(s: {brewery_id}, t: {state})]", 0.0), operator: *, right: (1.0, 1.0), result: 0.0})
now error: 0.0
Block processing time: 0.021507 seconds
Computing Block 81 out of 663
Processing Block size=4
begin cleaner{left: ("[FunctionalDependency:(s: {brewery_id}, t: {state})]", 0.0), operator: *, right: (1.0, 1.0), result: 0.0}
列 'p' 不存在，对列 state 不过滤，直接选择所有非无效值。
clean_bool length:3
newest best op: Uniop(df,'state','CA',(['brewery_id'], {('350',)}),{left: ("[FunctionalDependency:(s: {brewery_id}, t: {state})]", 0.0), operator: *, right: (1.0, 1.0), result: 0.0})
now error: 0.0
Block processing time: 0.009291 seconds
Computing Block 82 out of 663
Processing Block size=21
begin cleaner{left: ("[FunctionalDependency:(s: {brewery_id}, t: {state})]", 0.0), operator: *, right: (1.0, 1.0), result: 0.0}
列 'p' 不存在，对列 state 不过滤，直接选择所有非无效值。
Block processing time: 0.014762 seconds
Computing Block 83 out of 663
Processing Block size=3
begin cleaner{left: ("[FunctionalDependency:(s: {brewery_id}, t: {state})]", 0.0), operator: *, right: (1.0, 1.0), result: 0.0}
列 'p' 不存在，对列 state 不过滤，直接选择所有非无效值。
Block processing time: 0.00221 seconds
Computing Block 84 out of 663
Processing Block size=2
begin cleaner{left: ("[FunctionalDependency:(s: {brewery_id}, t: {state})]", 0.0), operator: *, right: (1.0, 1.0), result: 0.0}
列 'p' 不存在，对列 state 不过滤，直接选择所有非无效值。
clean_bool length:2
newest best op: Uniop(df,'state','FL',(['brewery_id'], {('467',)}),{left: ("[FunctionalDependency:(s: {brewery_id}, t: {state})]", 0.0), operator: *, right: (1.0, 1.0), result: 0.0})
now error: 0.0
Block processing time: 0.003439 seconds
Computing Block 85 out of 663
Processing Block size=6
begin cleaner{left: ("[FunctionalDependency:(s: {brewery_id}, t: {state})]", 0.0), operator: *, right: (1.0, 1.0), result: 0.0}
列 'p' 不存在，对列 state 不过滤，直接选择所有非无效值。
clean_bool length:3
newest best op: Uniop(df,'state','RI',(['brewery_id'], {('379',)}),{left: ("[FunctionalDependency:(s: {brewery_id}, t: {state})]", 0.0), operator: *, right: (1.0, 1.0), result: 0.0})
now error: 0.0
Block processing time: 0.013273 seconds
Computing Block 87 out of 663
Processing Block size=10
begin cleaner{left: ("[FunctionalDependency:(s: {brewery_id}, t: {state})]", 0.0), operator: *, right: (1.0, 1.0), result: 0.0}
列 'p' 不存在，对列 state 不过滤，直接选择所有非无效值。
clean_bool length:2
newest best op: Uniop(df,'state','IL',(['brewery_id'], {('74',)}),{left: ("[FunctionalDependency:(s: {brewery_id}, t: {state})]", 0.0), operator: *, right: (1.0, 1.0), result: 0.0})
now error: 0.0
Block processing time: 0.014224 seconds
Computing Block 88 out of 663
Processing Block size=2
begin cleaner{left: ("[FunctionalDependency:(s: {brewery_id}, t: {state})]", 0.0), operator: *, right: (1.0, 1.0), result: 0.0}
列 'p' 不存在，对列 state 不过滤，直接选择所有非无效值。
Block processing time: 0.001541 seconds
Computing Block 89 out of 663
Processing Block size=8
begin cleaner{left: ("[FunctionalDependency:(s: {brewery_id}, t: {state})]", 0.0), operator: *, right: (1.0, 1.0), result: 0.0}
列 'p' 不存在，对列 state 不过滤，直接选择所有非无效值。
Block processing time: 0.005698 seconds
Computing Block 92 out of 663
Processing Block size=2
begin cleaner{left: ("[FunctionalDependency:(s: {brewery_id}, t: {state})]", 0.0), operator: *, right: (1.0, 1.0), result: 0.0}
列 'p' 不存在，对列 state 不过滤，直接选择所有非无效值。
Block processing time: 0.001544 seconds
Computing Block 93 out of 663
Processing Block size=6
begin cleaner{left: ("[FunctionalDependency:(s: {brewery_id}, t: {state})]", 0.0), operator: *, right: (1.0, 1.0), result: 0.0}
列 'p' 不存在，对列 state 不过滤，直接选择所有非无效值。
Block processing time: 0.004273 seconds
Computing Block 94 out of 663
Processing Block size=2
begin cleaner{left: ("[FunctionalDependency:(s: {brewery_id}, t: {state})]", 0.0), operator: *, right: (1.0, 1.0), result: 0.0}
列 'p' 不存在，对列 state 不过滤，直接选择所有非无效值。
Block processing time: 0.001529 seconds
Computing Block 95 out of 663
Processing Block size=4
begin cleaner{left: ("[FunctionalDependency:(s: {brewery_id}, t: {state})]", 0.0), operator: *, right: (1.0, 1.0), result: 0.0}
列 'p' 不存在，对列 state 不过滤，直接选择所有非无效值。
clean_bool length:3
newest best op: Uniop(df,'state','MN',(['brewery_id'], {('142',)}),{left: ("[FunctionalDependency:(s: {brewery_id}, t: {state})]", 0.0), operator: *, right: (1.0, 1.0), result: 0.0})
now error: 0.0
Block processing time: 0.00912 seconds
Computing Block 97 out of 663
Processing Block size=7
begin cleaner{left: ("[FunctionalDependency:(s: {brewery_id}, t: {state})]", 0.0), operator: *, right: (1.0, 1.0), result: 0.0}
列 'p' 不存在，对列 state 不过滤，直接选择所有非无效值。
clean_bool length:3
newest best op: Uniop(df,'state','CO',(['brewery_id'], {('369',)}),{left: ("[FunctionalDependency:(s: {brewery_id}, t: {state})]", 0.0), operator: *, right: (1.0, 1.0), result: 0.0})
now error: 0.0
Block processing time: 0.015282 seconds
Computing Block 99 out of 663
Processing Block size=2
begin cleaner{left: ("[FunctionalDependency:(s: {brewery_id}, t: {state})]", 0.0), operator: *, right: (1.0, 1.0), result: 0.0}
列 'p' 不存在，对列 state 不过滤，直接选择所有非无效值。
Block processing time: 0.001513 seconds
Computing Block 100 out of 663
Processing Block size=9
begin cleaner{left: ("[FunctionalDependency:(s: {brewery_id}, t: {state})]", 0.0), operator: *, right: (1.0, 1.0), result: 0.0}
列 'p' 不存在，对列 state 不过滤，直接选择所有非无效值。
Block processing time: 0.006391 seconds
Computing Block 101 out of 663
Processing Block size=6
begin cleaner{left: ("[FunctionalDependency:(s: {brewery_id}, t: {state})]", 0.0), operator: *, right: (1.0, 1.0), result: 0.0}
列 'p' 不存在，对列 state 不过滤，直接选择所有非无效值。
Block processing time: 0.0043 seconds
Computing Block 102 out of 663
Processing Block size=3
begin cleaner{left: ("[FunctionalDependency:(s: {brewery_id}, t: {state})]", 0.0), operator: *, right: (1.0, 1.0), result: 0.0}
列 'p' 不存在，对列 state 不过滤，直接选择所有非无效值。
clean_bool length:2
newest best op: Uniop(df,'state','TX',(['brewery_id'], {('214',)}),{left: ("[FunctionalDependency:(s: {brewery_id}, t: {state})]", 0.0), operator: *, right: (1.0, 1.0), result: 0.0})
now error: 0.0
Block processing time: 0.004816 seconds
Computing Block 104 out of 663
Processing Block size=17
begin cleaner{left: ("[FunctionalDependency:(s: {brewery_id}, t: {state})]", 0.0), operator: *, right: (1.0, 1.0), result: 0.0}
列 'p' 不存在，对列 state 不过滤，直接选择所有非无效值。
clean_bool length:2
newest best op: Uniop(df,'state','ID',(['brewery_id'], {('309',)}),{left: ("[FunctionalDependency:(s: {brewery_id}, t: {state})]", 0.0), operator: *, right: (1.0, 1.0), result: 0.0})
now error: 0.0
Block processing time: 0.023702 seconds
Computing Block 105 out of 663
Processing Block size=4
begin cleaner{left: ("[FunctionalDependency:(s: {brewery_id}, t: {state})]", 0.0), operator: *, right: (1.0, 1.0), result: 0.0}
列 'p' 不存在，对列 state 不过滤，直接选择所有非无效值。
Block processing time: 0.002901 seconds
Computing Block 106 out of 663
Processing Block size=2
begin cleaner{left: ("[FunctionalDependency:(s: {brewery_id}, t: {state})]", 0.0), operator: *, right: (1.0, 1.0), result: 0.0}
列 'p' 不存在，对列 state 不过滤，直接选择所有非无效值。
Block processing time: 0.001556 seconds
Computing Block 108 out of 663
Processing Block size=3
begin cleaner{left: ("[FunctionalDependency:(s: {brewery_id}, t: {state})]", 0.0), operator: *, right: (1.0, 1.0), result: 0.0}
列 'p' 不存在，对列 state 不过滤，直接选择所有非无效值。
Block processing time: 0.002219 seconds
Computing Block 110 out of 663
Processing Block size=3
begin cleaner{left: ("[FunctionalDependency:(s: {brewery_id}, t: {state})]", 0.0), operator: *, right: (1.0, 1.0), result: 0.0}
列 'p' 不存在，对列 state 不过滤，直接选择所有非无效值。
Block processing time: 0.002232 seconds
Computing Block 112 out of 663
Processing Block size=2
begin cleaner{left: ("[FunctionalDependency:(s: {brewery_id}, t: {state})]", 0.0), operator: *, right: (1.0, 1.0), result: 0.0}
列 'p' 不存在，对列 state 不过滤，直接选择所有非无效值。
clean_bool length:2
newest best op: Uniop(df,'state','OR',(['brewery_id'], {('464',)}),{left: ("[FunctionalDependency:(s: {brewery_id}, t: {state})]", 0.0), operator: *, right: (1.0, 1.0), result: 0.0})
now error: 0.0
Block processing time: 0.00342 seconds
Computing Block 113 out of 663
Processing Block size=4
begin cleaner{left: ("[FunctionalDependency:(s: {brewery_id}, t: {state})]", 0.0), operator: *, right: (1.0, 1.0), result: 0.0}
列 'p' 不存在，对列 state 不过滤，直接选择所有非无效值。
Block processing time: 0.002947 seconds
Computing Block 114 out of 663
Processing Block size=5
begin cleaner{left: ("[FunctionalDependency:(s: {brewery_id}, t: {state})]", 0.0), operator: *, right: (1.0, 1.0), result: 0.0}
列 'p' 不存在，对列 state 不过滤，直接选择所有非无效值。
Block processing time: 0.003594 seconds
Computing Block 115 out of 663
Processing Block size=2
begin cleaner{left: ("[FunctionalDependency:(s: {brewery_id}, t: {state})]", 0.0), operator: *, right: (1.0, 1.0), result: 0.0}
列 'p' 不存在，对列 state 不过滤，直接选择所有非无效值。
clean_bool length:3
newest best op: Uniop(df,'state','FL$??',(['brewery_id'], {('490',)}),{left: ("[FunctionalDependency:(s: {brewery_id}, t: {state})]", 0.0), operator: *, right: (1.0, 1.0), result: 0.0})
now error: 0.0
Block processing time: 0.005106 seconds
Computing Block 116 out of 663
Processing Block size=4
begin cleaner{left: ("[FunctionalDependency:(s: {brewery_id}, t: {state})]", 0.0), operator: *, right: (1.0, 1.0), result: 0.0}
列 'p' 不存在，对列 state 不过滤，直接选择所有非无效值。
Block processing time: 0.002933 seconds
Computing Block 117 out of 663
Processing Block size=6
begin cleaner{left: ("[FunctionalDependency:(s: {brewery_id}, t: {state})]", 0.0), operator: *, right: (1.0, 1.0), result: 0.0}
列 'p' 不存在，对列 state 不过滤，直接选择所有非无效值。
Block processing time: 0.004291 seconds
Computing Block 118 out of 663
Processing Block size=4
begin cleaner{left: ("[FunctionalDependency:(s: {brewery_id}, t: {state})]", 0.0), operator: *, right: (1.0, 1.0), result: 0.0}
列 'p' 不存在，对列 state 不过滤，直接选择所有非无效值。
Block processing time: 0.003065 seconds
Computing Block 119 out of 663
Processing Block size=6
begin cleaner{left: ("[FunctionalDependency:(s: {brewery_id}, t: {state})]", 0.0), operator: *, right: (1.0, 1.0), result: 0.0}
列 'p' 不存在，对列 state 不过滤，直接选择所有非无效值。
Block processing time: 0.00465 seconds
Computing Block 120 out of 663
Processing Block size=2
begin cleaner{left: ("[FunctionalDependency:(s: {brewery_id}, t: {state})]", 0.0), operator: *, right: (1.0, 1.0), result: 0.0}
列 'p' 不存在，对列 state 不过滤，直接选择所有非无效值。
Block processing time: 0.001561 seconds
Computing Block 121 out of 663
Processing Block size=6
begin cleaner{left: ("[FunctionalDependency:(s: {brewery_id}, t: {state})]", 0.0), operator: *, right: (1.0, 1.0), result: 0.0}
列 'p' 不存在，对列 state 不过滤，直接选择所有非无效值。
Block processing time: 0.004558 seconds
Computing Block 122 out of 663
Processing Block size=4
begin cleaner{left: ("[FunctionalDependency:(s: {brewery_id}, t: {state})]", 0.0), operator: *, right: (1.0, 1.0), result: 0.0}
列 'p' 不存在，对列 state 不过滤，直接选择所有非无效值。
Block processing time: 0.003056 seconds
Computing Block 123 out of 663
Processing Block size=9
begin cleaner{left: ("[FunctionalDependency:(s: {brewery_id}, t: {state})]", 0.0), operator: *, right: (1.0, 1.0), result: 0.0}
列 'p' 不存在，对列 state 不过滤，直接选择所有非无效值。
clean_bool length:3
newest best op: Uniop(df,'state','IL',(['brewery_id'], {('256',)}),{left: ("[FunctionalDependency:(s: {brewery_id}, t: {state})]", 0.0), operator: *, right: (1.0, 1.0), result: 0.0})
now error: 0.0
Block processing time: 0.019641 seconds
Computing Block 124 out of 663
Processing Block size=3
begin cleaner{left: ("[FunctionalDependency:(s: {brewery_id}, t: {state})]", 0.0), operator: *, right: (1.0, 1.0), result: 0.0}
列 'p' 不存在，对列 state 不过滤，直接选择所有非无效值。
Block processing time: 0.002254 seconds
Computing Block 125 out of 663
Processing Block size=2
begin cleaner{left: ("[FunctionalDependency:(s: {brewery_id}, t: {state})]", 0.0), operator: *, right: (1.0, 1.0), result: 0.0}
列 'p' 不存在，对列 state 不过滤，直接选择所有非无效值。
Block processing time: 0.0015 seconds
Computing Block 126 out of 663
Processing Block size=3
begin cleaner{left: ("[FunctionalDependency:(s: {brewery_id}, t: {state})]", 0.0), operator: *, right: (1.0, 1.0), result: 0.0}
列 'p' 不存在，对列 state 不过滤，直接选择所有非无效值。
clean_bool length:3
newest best op: Uniop(df,'state','VA',(['brewery_id'], {('343',)}),{left: ("[FunctionalDependency:(s: {brewery_id}, t: {state})]", 0.0), operator: *, right: (1.0, 1.0), result: 0.0})
now error: 0.0
Block processing time: 0.007144 seconds
Computing Block 130 out of 663
Processing Block size=3
begin cleaner{left: ("[FunctionalDependency:(s: {brewery_id}, t: {state})]", 0.0), operator: *, right: (1.0, 1.0), result: 0.0}
列 'p' 不存在，对列 state 不过滤，直接选择所有非无效值。
clean_bool length:3
newest best op: Uniop(df,'state','PA',(['brewery_id'], {('167',)}),{left: ("[FunctionalDependency:(s: {brewery_id}, t: {state})]", 0.0), operator: *, right: (1.0, 1.0), result: 0.0})
now error: 0.0
Block processing time: 0.007177 seconds
Computing Block 131 out of 663
Processing Block size=5
begin cleaner{left: ("[FunctionalDependency:(s: {brewery_id}, t: {state})]", 0.0), operator: *, right: (1.0, 1.0), result: 0.0}
列 'p' 不存在，对列 state 不过滤，直接选择所有非无效值。
Block processing time: 0.003624 seconds
Computing Block 132 out of 663
Processing Block size=7
begin cleaner{left: ("[FunctionalDependency:(s: {brewery_id}, t: {state})]", 0.0), operator: *, right: (1.0, 1.0), result: 0.0}
列 'p' 不存在，对列 state 不过滤，直接选择所有非无效值。
Block processing time: 0.005049 seconds
Computing Block 133 out of 663
Processing Block size=6
begin cleaner{left: ("[FunctionalDependency:(s: {brewery_id}, t: {state})]", 0.0), operator: *, right: (1.0, 1.0), result: 0.0}
列 'p' 不存在，对列 state 不过滤，直接选择所有非无效值。
Block processing time: 0.004392 seconds
Computing Block 134 out of 663
Processing Block size=5
begin cleaner{left: ("[FunctionalDependency:(s: {brewery_id}, t: {state})]", 0.0), operator: *, right: (1.0, 1.0), result: 0.0}
列 'p' 不存在，对列 state 不过滤，直接选择所有非无效值。
Block processing time: 0.00361 seconds
Computing Block 135 out of 663
Processing Block size=2
begin cleaner{left: ("[FunctionalDependency:(s: {brewery_id}, t: {state})]", 0.0), operator: *, right: (1.0, 1.0), result: 0.0}
列 'p' 不存在，对列 state 不过滤，直接选择所有非无效值。
Block processing time: 0.001564 seconds
Computing Block 136 out of 663
Processing Block size=4
begin cleaner{left: ("[FunctionalDependency:(s: {brewery_id}, t: {state})]", 0.0), operator: *, right: (1.0, 1.0), result: 0.0}
列 'p' 不存在，对列 state 不过滤，直接选择所有非无效值。
clean_bool length:2
newest best op: Uniop(df,'state','GA',(['brewery_id'], {('49',)}),{left: ("[FunctionalDependency:(s: {brewery_id}, t: {state})]", 0.0), operator: *, right: (1.0, 1.0), result: 0.0})
now error: 0.0
Block processing time: 0.006186 seconds
Computing Block 137 out of 663
Processing Block size=11
begin cleaner{left: ("[FunctionalDependency:(s: {brewery_id}, t: {state})]", 0.0), operator: *, right: (1.0, 1.0), result: 0.0}
列 'p' 不存在，对列 state 不过滤，直接选择所有非无效值。
clean_bool length:3
newest best op: Uniop(df,'state','W@@$A',(['brewery_id'], {('190',)}),{left: ("[FunctionalDependency:(s: {brewery_id}, t: {state})]", 0.0), operator: *, right: (1.0, 1.0), result: 0.0})
now error: 0.0
newest best op: Uniop(df,'state','WA',(['brewery_id'], {('190',)}),{left: ("[FunctionalDependency:(s: {brewery_id}, t: {state})]", 0.0), operator: *, right: (1.0, 1.0), result: 0.0})
now error: 0.0
Block processing time: 0.023411 seconds
Computing Block 139 out of 663
Processing Block size=6
begin cleaner{left: ("[FunctionalDependency:(s: {brewery_id}, t: {state})]", 0.0), operator: *, right: (1.0, 1.0), result: 0.0}
列 'p' 不存在，对列 state 不过滤，直接选择所有非无效值。
clean_bool length:4
newest best op: Uniop(df,'state','OK',(['brewery_id'], {('182',)}),{left: ("[FunctionalDependency:(s: {brewery_id}, t: {state})]", 0.0), operator: *, right: (1.0, 1.0), result: 0.0})
now error: 0.0
Block processing time: 0.017829 seconds
Computing Block 140 out of 663
Processing Block size=2
begin cleaner{left: ("[FunctionalDependency:(s: {brewery_id}, t: {state})]", 0.0), operator: *, right: (1.0, 1.0), result: 0.0}
列 'p' 不存在，对列 state 不过滤，直接选择所有非无效值。
Block processing time: 0.001558 seconds
Computing Block 141 out of 663
Processing Block size=2
begin cleaner{left: ("[FunctionalDependency:(s: {brewery_id}, t: {state})]", 0.0), operator: *, right: (1.0, 1.0), result: 0.0}
列 'p' 不存在，对列 state 不过滤，直接选择所有非无效值。
Block processing time: 0.001546 seconds
Computing Block 143 out of 663
Processing Block size=2
begin cleaner{left: ("[FunctionalDependency:(s: {brewery_id}, t: {state})]", 0.0), operator: *, right: (1.0, 1.0), result: 0.0}
列 'p' 不存在，对列 state 不过滤，直接选择所有非无效值。
Block processing time: 0.001613 seconds
Computing Block 146 out of 663
Processing Block size=5
begin cleaner{left: ("[FunctionalDependency:(s: {brewery_id}, t: {state})]", 0.0), operator: *, right: (1.0, 1.0), result: 0.0}
列 'p' 不存在，对列 state 不过滤，直接选择所有非无效值。
Block processing time: 0.004191 seconds
Computing Block 149 out of 663
Processing Block size=6
begin cleaner{left: ("[FunctionalDependency:(s: {brewery_id}, t: {state})]", 0.0), operator: *, right: (1.0, 1.0), result: 0.0}
列 'p' 不存在，对列 state 不过滤，直接选择所有非无效值。
clean_bool length:3
newest best op: Uniop(df,'state','CA',(['brewery_id'], {('34',)}),{left: ("[FunctionalDependency:(s: {brewery_id}, t: {state})]", 0.0), operator: *, right: (1.0, 1.0), result: 0.0})
now error: 0.0
Block processing time: 0.013462 seconds
Computing Block 150 out of 663
Processing Block size=3
begin cleaner{left: ("[FunctionalDependency:(s: {brewery_id}, t: {state})]", 0.0), operator: *, right: (1.0, 1.0), result: 0.0}
列 'p' 不存在，对列 state 不过滤，直接选择所有非无效值。
Block processing time: 0.002209 seconds
Computing Block 151 out of 663
Processing Block size=6
begin cleaner{left: ("[FunctionalDependency:(s: {brewery_id}, t: {state})]", 0.0), operator: *, right: (1.0, 1.0), result: 0.0}
列 'p' 不存在，对列 state 不过滤，直接选择所有非无效值。
Block processing time: 0.004294 seconds
Computing Block 152 out of 663
Processing Block size=8
begin cleaner{left: ("[FunctionalDependency:(s: {brewery_id}, t: {state})]", 0.0), operator: *, right: (1.0, 1.0), result: 0.0}
列 'p' 不存在，对列 state 不过滤，直接选择所有非无效值。
Block processing time: 0.005708 seconds
Computing Block 154 out of 663
Processing Block size=4
begin cleaner{left: ("[FunctionalDependency:(s: {brewery_id}, t: {state})]", 0.0), operator: *, right: (1.0, 1.0), result: 0.0}
列 'p' 不存在，对列 state 不过滤，直接选择所有非无效值。
Block processing time: 0.002923 seconds
Computing Block 155 out of 663
Processing Block size=5
begin cleaner{left: ("[FunctionalDependency:(s: {brewery_id}, t: {state})]", 0.0), operator: *, right: (1.0, 1.0), result: 0.0}
列 'p' 不存在，对列 state 不过滤，直接选择所有非无效值。
Block processing time: 0.003576 seconds
Computing Block 156 out of 663
Processing Block size=2
begin cleaner{left: ("[FunctionalDependency:(s: {brewery_id}, t: {state})]", 0.0), operator: *, right: (1.0, 1.0), result: 0.0}
列 'p' 不存在，对列 state 不过滤，直接选择所有非无效值。
clean_bool length:3
newest best op: Uniop(df,'state','$N$C',(['brewery_id'], {('433',)}),{left: ("[FunctionalDependency:(s: {brewery_id}, t: {state})]", 0.0), operator: *, right: (1.0, 1.0), result: 0.0})
now error: 0.0
Block processing time: 0.005052 seconds
Computing Block 157 out of 663
Processing Block size=3
begin cleaner{left: ("[FunctionalDependency:(s: {brewery_id}, t: {state})]", 0.0), operator: *, right: (1.0, 1.0), result: 0.0}
列 'p' 不存在，对列 state 不过滤，直接选择所有非无效值。
Block processing time: 0.002209 seconds
Computing Block 159 out of 663
Processing Block size=2
begin cleaner{left: ("[FunctionalDependency:(s: {brewery_id}, t: {state})]", 0.0), operator: *, right: (1.0, 1.0), result: 0.0}
列 'p' 不存在，对列 state 不过滤，直接选择所有非无效值。
Block processing time: 0.001519 seconds
Computing Block 162 out of 663
Processing Block size=7
begin cleaner{left: ("[FunctionalDependency:(s: {brewery_id}, t: {state})]", 0.0), operator: *, right: (1.0, 1.0), result: 0.0}
列 'p' 不存在，对列 state 不过滤，直接选择所有非无效值。
Block processing time: 0.005001 seconds
Computing Block 163 out of 663
Processing Block size=11
begin cleaner{left: ("[FunctionalDependency:(s: {brewery_id}, t: {state})]", 0.0), operator: *, right: (1.0, 1.0), result: 0.0}
列 'p' 不存在，对列 state 不过滤，直接选择所有非无效值。
clean_bool length:3
newest best op: Uniop(df,'state','@@$PA',(['brewery_id'], {('43',)}),{left: ("[FunctionalDependency:(s: {brewery_id}, t: {state})]", 0.0), operator: *, right: (1.0, 1.0), result: 0.0})
now error: 0.0
newest best op: Uniop(df,'state','PA',(['brewery_id'], {('43',)}),{left: ("[FunctionalDependency:(s: {brewery_id}, t: {state})]", 0.0), operator: *, right: (1.0, 1.0), result: 0.0})
now error: 0.0
Block processing time: 0.024298 seconds
Computing Block 164 out of 663
Processing Block size=8
begin cleaner{left: ("[FunctionalDependency:(s: {brewery_id}, t: {state})]", 0.0), operator: *, right: (1.0, 1.0), result: 0.0}
列 'p' 不存在，对列 state 不过滤，直接选择所有非无效值。
Block processing time: 0.005703 seconds
Computing Block 167 out of 663
Processing Block size=5
begin cleaner{left: ("[FunctionalDependency:(s: {brewery_id}, t: {state})]", 0.0), operator: *, right: (1.0, 1.0), result: 0.0}
列 'p' 不存在，对列 state 不过滤，直接选择所有非无效值。
Block processing time: 0.003596 seconds
Computing Block 168 out of 663
Processing Block size=4
begin cleaner{left: ("[FunctionalDependency:(s: {brewery_id}, t: {state})]", 0.0), operator: *, right: (1.0, 1.0), result: 0.0}
列 'p' 不存在，对列 state 不过滤，直接选择所有非无效值。
clean_bool length:2
newest best op: Uniop(df,'state','MD',(['brewery_id'], {('71',)}),{left: ("[FunctionalDependency:(s: {brewery_id}, t: {state})]", 0.0), operator: *, right: (1.0, 1.0), result: 0.0})
now error: 0.0
Block processing time: 0.006131 seconds
Computing Block 169 out of 663
Processing Block size=12
begin cleaner{left: ("[FunctionalDependency:(s: {brewery_id}, t: {state})]", 0.0), operator: *, right: (1.0, 1.0), result: 0.0}
列 'p' 不存在，对列 state 不过滤，直接选择所有非无效值。
Block processing time: 0.00857 seconds
Computing Block 170 out of 663
Processing Block size=3
begin cleaner{left: ("[FunctionalDependency:(s: {brewery_id}, t: {state})]", 0.0), operator: *, right: (1.0, 1.0), result: 0.0}
列 'p' 不存在，对列 state 不过滤，直接选择所有非无效值。
Block processing time: 0.002217 seconds
Computing Block 171 out of 663
Processing Block size=3
begin cleaner{left: ("[FunctionalDependency:(s: {brewery_id}, t: {state})]", 0.0), operator: *, right: (1.0, 1.0), result: 0.0}
列 'p' 不存在，对列 state 不过滤，直接选择所有非无效值。
Block processing time: 0.002199 seconds
Computing Block 172 out of 663
Processing Block size=2
begin cleaner{left: ("[FunctionalDependency:(s: {brewery_id}, t: {state})]", 0.0), operator: *, right: (1.0, 1.0), result: 0.0}
列 'p' 不存在，对列 state 不过滤，直接选择所有非无效值。
Block processing time: 0.001494 seconds
Computing Block 174 out of 663
Processing Block size=2
begin cleaner{left: ("[FunctionalDependency:(s: {brewery_id}, t: {state})]", 0.0), operator: *, right: (1.0, 1.0), result: 0.0}
列 'p' 不存在，对列 state 不过滤，直接选择所有非无效值。
Block processing time: 0.00151 seconds
Computing Block 175 out of 663
Processing Block size=5
begin cleaner{left: ("[FunctionalDependency:(s: {brewery_id}, t: {state})]", 0.0), operator: *, right: (1.0, 1.0), result: 0.0}
列 'p' 不存在，对列 state 不过滤，直接选择所有非无效值。
clean_bool length:3
newest best op: Uniop(df,'state','MT',(['brewery_id'], {('219',)}),{left: ("[FunctionalDependency:(s: {brewery_id}, t: {state})]", 0.0), operator: *, right: (1.0, 1.0), result: 0.0})
now error: 0.0
Block processing time: 0.011183 seconds
Computing Block 176 out of 663
Processing Block size=2
begin cleaner{left: ("[FunctionalDependency:(s: {brewery_id}, t: {state})]", 0.0), operator: *, right: (1.0, 1.0), result: 0.0}
列 'p' 不存在，对列 state 不过滤，直接选择所有非无效值。
clean_bool length:3
newest best op: Uniop(df,'state','$SC#',(['brewery_id'], {('518',)}),{left: ("[FunctionalDependency:(s: {brewery_id}, t: {state})]", 0.0), operator: *, right: (1.0, 1.0), result: 0.0})
now error: 0.0
Block processing time: 0.005092 seconds
Computing Block 182 out of 663
Processing Block size=5
begin cleaner{left: ("[FunctionalDependency:(s: {brewery_id}, t: {state})]", 0.0), operator: *, right: (1.0, 1.0), result: 0.0}
列 'p' 不存在，对列 state 不过滤，直接选择所有非无效值。
Block processing time: 0.003602 seconds
Computing Block 186 out of 663
Processing Block size=4
begin cleaner{left: ("[FunctionalDependency:(s: {brewery_id}, t: {state})]", 0.0), operator: *, right: (1.0, 1.0), result: 0.0}
列 'p' 不存在，对列 state 不过滤，直接选择所有非无效值。
Block processing time: 0.002893 seconds
Computing Block 187 out of 663
Processing Block size=2
begin cleaner{left: ("[FunctionalDependency:(s: {brewery_id}, t: {state})]", 0.0), operator: *, right: (1.0, 1.0), result: 0.0}
列 'p' 不存在，对列 state 不过滤，直接选择所有非无效值。
Block processing time: 0.001502 seconds
Computing Block 188 out of 663
Processing Block size=6
begin cleaner{left: ("[FunctionalDependency:(s: {brewery_id}, t: {state})]", 0.0), operator: *, right: (1.0, 1.0), result: 0.0}
列 'p' 不存在，对列 state 不过滤，直接选择所有非无效值。
clean_bool length:2
newest best op: Uniop(df,'state','MN',(['brewery_id'], {('0',)}),{left: ("[FunctionalDependency:(s: {brewery_id}, t: {state})]", 0.0), operator: *, right: (1.0, 1.0), result: 0.0})
now error: 0.0
Block processing time: 0.00875 seconds
Computing Block 189 out of 663
Processing Block size=3
begin cleaner{left: ("[FunctionalDependency:(s: {brewery_id}, t: {state})]", 0.0), operator: *, right: (1.0, 1.0), result: 0.0}
列 'p' 不存在，对列 state 不过滤，直接选择所有非无效值。
clean_bool length:2
newest best op: Uniop(df,'state','NH',(['brewery_id'], {('47',)}),{left: ("[FunctionalDependency:(s: {brewery_id}, t: {state})]", 0.0), operator: *, right: (1.0, 1.0), result: 0.0})
now error: 0.0
Block processing time: 0.004738 seconds
Computing Block 190 out of 663
Processing Block size=6
begin cleaner{left: ("[FunctionalDependency:(s: {brewery_id}, t: {state})]", 0.0), operator: *, right: (1.0, 1.0), result: 0.0}
列 'p' 不存在，对列 state 不过滤，直接选择所有非无效值。
clean_bool length:4
newest best op: Uniop(df,'state','TX',(['brewery_id'], {('128',)}),{left: ("[FunctionalDependency:(s: {brewery_id}, t: {state})]", 0.0), operator: *, right: (1.0, 1.0), result: 0.0})
now error: 0.0
Block processing time: 0.017819 seconds
Computing Block 192 out of 663
Processing Block size=7
begin cleaner{left: ("[FunctionalDependency:(s: {brewery_id}, t: {state})]", 0.0), operator: *, right: (1.0, 1.0), result: 0.0}
列 'p' 不存在，对列 state 不过滤，直接选择所有非无效值。
Block processing time: 0.004998 seconds
Computing Block 193 out of 663
Processing Block size=2
begin cleaner{left: ("[FunctionalDependency:(s: {brewery_id}, t: {state})]", 0.0), operator: *, right: (1.0, 1.0), result: 0.0}
列 'p' 不存在，对列 state 不过滤，直接选择所有非无效值。
Block processing time: 0.001551 seconds
Computing Block 194 out of 663
Processing Block size=7
begin cleaner{left: ("[FunctionalDependency:(s: {brewery_id}, t: {state})]", 0.0), operator: *, right: (1.0, 1.0), result: 0.0}
列 'p' 不存在，对列 state 不过滤，直接选择所有非无效值。
clean_bool length:3
newest best op: Uniop(df,'state','NV',(['brewery_id'], {('530',)}),{left: ("[FunctionalDependency:(s: {brewery_id}, t: {state})]", 0.0), operator: *, right: (1.0, 1.0), result: 0.0})
now error: 0.0
Block processing time: 0.015242 seconds
Computing Block 195 out of 663
Processing Block size=17
begin cleaner{left: ("[FunctionalDependency:(s: {brewery_id}, t: {state})]", 0.0), operator: *, right: (1.0, 1.0), result: 0.0}
列 'p' 不存在，对列 state 不过滤，直接选择所有非无效值。
clean_bool length:2
newest best op: Uniop(df,'state','IN',(['brewery_id'], {('165',)}),{left: ("[FunctionalDependency:(s: {brewery_id}, t: {state})]", 0.0), operator: *, right: (1.0, 1.0), result: 0.0})
now error: 0.0
Block processing time: 0.023914 seconds
Computing Block 196 out of 663
Processing Block size=2
begin cleaner{left: ("[FunctionalDependency:(s: {brewery_id}, t: {state})]", 0.0), operator: *, right: (1.0, 1.0), result: 0.0}
列 'p' 不存在，对列 state 不过滤，直接选择所有非无效值。
Block processing time: 0.00164 seconds
Computing Block 197 out of 663
Processing Block size=6
begin cleaner{left: ("[FunctionalDependency:(s: {brewery_id}, t: {state})]", 0.0), operator: *, right: (1.0, 1.0), result: 0.0}
列 'p' 不存在，对列 state 不过滤，直接选择所有非无效值。
Block processing time: 0.004747 seconds
Computing Block 200 out of 663
Processing Block size=4
begin cleaner{left: ("[FunctionalDependency:(s: {brewery_id}, t: {state})]", 0.0), operator: *, right: (1.0, 1.0), result: 0.0}
列 'p' 不存在，对列 state 不过滤，直接选择所有非无效值。
Block processing time: 0.003094 seconds
Computing Block 201 out of 663
Processing Block size=3
begin cleaner{left: ("[FunctionalDependency:(s: {brewery_id}, t: {state})]", 0.0), operator: *, right: (1.0, 1.0), result: 0.0}
列 'p' 不存在，对列 state 不过滤，直接选择所有非无效值。
Block processing time: 0.002355 seconds
Computing Block 202 out of 663
Processing Block size=2
begin cleaner{left: ("[FunctionalDependency:(s: {brewery_id}, t: {state})]", 0.0), operator: *, right: (1.0, 1.0), result: 0.0}
列 'p' 不存在，对列 state 不过滤，直接选择所有非无效值。
clean_bool length:3
newest best op: Uniop(df,'state','@@%NH',(['brewery_id'], {('547',)}),{left: ("[FunctionalDependency:(s: {brewery_id}, t: {state})]", 0.0), operator: *, right: (1.0, 1.0), result: 0.0})
now error: 0.0
Block processing time: 0.005396 seconds
Computing Block 203 out of 663
Processing Block size=3
begin cleaner{left: ("[FunctionalDependency:(s: {brewery_id}, t: {state})]", 0.0), operator: *, right: (1.0, 1.0), result: 0.0}
列 'p' 不存在，对列 state 不过滤，直接选择所有非无效值。
Block processing time: 0.002303 seconds
Computing Block 204 out of 663
Processing Block size=3
begin cleaner{left: ("[FunctionalDependency:(s: {brewery_id}, t: {state})]", 0.0), operator: *, right: (1.0, 1.0), result: 0.0}
列 'p' 不存在，对列 state 不过滤，直接选择所有非无效值。
clean_bool length:2
newest best op: Uniop(df,'state','LA',(['brewery_id'], {('533',)}),{left: ("[FunctionalDependency:(s: {brewery_id}, t: {state})]", 0.0), operator: *, right: (1.0, 1.0), result: 0.0})
now error: 0.0
Block processing time: 0.004777 seconds
Computing Block 207 out of 663
Processing Block size=12
begin cleaner{left: ("[FunctionalDependency:(s: {brewery_id}, t: {state})]", 0.0), operator: *, right: (1.0, 1.0), result: 0.0}
列 'p' 不存在，对列 state 不过滤，直接选择所有非无效值。
clean_bool length:2
newest best op: Uniop(df,'state','NY',(['brewery_id'], {('299',)}),{left: ("[FunctionalDependency:(s: {brewery_id}, t: {state})]", 0.0), operator: *, right: (1.0, 1.0), result: 0.0})
now error: 0.0
Block processing time: 0.017311 seconds
Computing Block 208 out of 663
Processing Block size=10
begin cleaner{left: ("[FunctionalDependency:(s: {brewery_id}, t: {state})]", 0.0), operator: *, right: (1.0, 1.0), result: 0.0}
列 'p' 不存在，对列 state 不过滤，直接选择所有非无效值。
clean_bool length:3
newest best op: Uniop(df,'state','CO',(['brewery_id'], {('503',)}),{left: ("[FunctionalDependency:(s: {brewery_id}, t: {state})]", 0.0), operator: *, right: (1.0, 1.0), result: 0.0})
now error: 0.0
Block processing time: 0.021445 seconds
Computing Block 213 out of 663
Processing Block size=3
begin cleaner{left: ("[FunctionalDependency:(s: {brewery_id}, t: {state})]", 0.0), operator: *, right: (1.0, 1.0), result: 0.0}
列 'p' 不存在，对列 state 不过滤，直接选择所有非无效值。
Block processing time: 0.002232 seconds
Computing Block 214 out of 663
Processing Block size=6
begin cleaner{left: ("[FunctionalDependency:(s: {brewery_id}, t: {state})]", 0.0), operator: *, right: (1.0, 1.0), result: 0.0}
列 'p' 不存在，对列 state 不过滤，直接选择所有非无效值。
clean_bool length:2
newest best op: Uniop(df,'state','LA',(['brewery_id'], {('174',)}),{left: ("[FunctionalDependency:(s: {brewery_id}, t: {state})]", 0.0), operator: *, right: (1.0, 1.0), result: 0.0})
now error: 0.0
Block processing time: 0.008776 seconds
Computing Block 220 out of 663
Processing Block size=5
begin cleaner{left: ("[FunctionalDependency:(s: {brewery_id}, t: {state})]", 0.0), operator: *, right: (1.0, 1.0), result: 0.0}
列 'p' 不存在，对列 state 不过滤，直接选择所有非无效值。
Block processing time: 0.003588 seconds
Computing Block 221 out of 663
Processing Block size=2
begin cleaner{left: ("[FunctionalDependency:(s: {brewery_id}, t: {state})]", 0.0), operator: *, right: (1.0, 1.0), result: 0.0}
列 'p' 不存在，对列 state 不过滤，直接选择所有非无效值。
Block processing time: 0.001522 seconds
Computing Block 222 out of 663
Processing Block size=22
begin cleaner{left: ("[FunctionalDependency:(s: {brewery_id}, t: {state})]", 0.0), operator: *, right: (1.0, 1.0), result: 0.0}
列 'p' 不存在，对列 state 不过滤，直接选择所有非无效值。
clean_bool length:6
newest best op: Uniop(df,'state','OR$??',(['brewery_id'], {('80',)}),{left: ("[FunctionalDependency:(s: {brewery_id}, t: {state})]", 0.0), operator: *, right: (1.0, 1.0), result: 0.0})
now error: 0.0
newest best op: Uniop(df,'state','OR',(['brewery_id'], {('80',)}),{left: ("[FunctionalDependency:(s: {brewery_id}, t: {state})]", 0.0), operator: *, right: (1.0, 1.0), result: 0.0})
now error: 0.0
Block processing time: 0.093157 seconds
Computing Block 225 out of 663
Processing Block size=13
begin cleaner{left: ("[FunctionalDependency:(s: {brewery_id}, t: {state})]", 0.0), operator: *, right: (1.0, 1.0), result: 0.0}
列 'p' 不存在，对列 state 不过滤，直接选择所有非无效值。
Block processing time: 0.009199 seconds
Computing Block 226 out of 663
Processing Block size=2
begin cleaner{left: ("[FunctionalDependency:(s: {brewery_id}, t: {state})]", 0.0), operator: *, right: (1.0, 1.0), result: 0.0}
列 'p' 不存在，对列 state 不过滤，直接选择所有非无效值。
Block processing time: 0.001511 seconds
Computing Block 227 out of 663
Processing Block size=5
begin cleaner{left: ("[FunctionalDependency:(s: {brewery_id}, t: {state})]", 0.0), operator: *, right: (1.0, 1.0), result: 0.0}
列 'p' 不存在，对列 state 不过滤，直接选择所有非无效值。
clean_bool length:3
newest best op: Uniop(df,'state','AZ#',(['brewery_id'], {('507',)}),{left: ("[FunctionalDependency:(s: {brewery_id}, t: {state})]", 0.0), operator: *, right: (1.0, 1.0), result: 0.0})
now error: 0.0
newest best op: Uniop(df,'state','AZ',(['brewery_id'], {('507',)}),{left: ("[FunctionalDependency:(s: {brewery_id}, t: {state})]", 0.0), operator: *, right: (1.0, 1.0), result: 0.0})
now error: 0.0
Block processing time: 0.011311 seconds
Computing Block 228 out of 663
Processing Block size=5
begin cleaner{left: ("[FunctionalDependency:(s: {brewery_id}, t: {state})]", 0.0), operator: *, right: (1.0, 1.0), result: 0.0}
列 'p' 不存在，对列 state 不过滤，直接选择所有非无效值。
Block processing time: 0.003607 seconds
Computing Block 232 out of 663
Processing Block size=2
begin cleaner{left: ("[FunctionalDependency:(s: {brewery_id}, t: {state})]", 0.0), operator: *, right: (1.0, 1.0), result: 0.0}
列 'p' 不存在，对列 state 不过滤，直接选择所有非无效值。
Block processing time: 0.001515 seconds
Computing Block 234 out of 663
Processing Block size=5
begin cleaner{left: ("[FunctionalDependency:(s: {brewery_id}, t: {state})]", 0.0), operator: *, right: (1.0, 1.0), result: 0.0}
列 'p' 不存在，对列 state 不过滤，直接选择所有非无效值。
Block processing time: 0.003626 seconds
Computing Block 236 out of 663
Processing Block size=11
begin cleaner{left: ("[FunctionalDependency:(s: {brewery_id}, t: {state})]", 0.0), operator: *, right: (1.0, 1.0), result: 0.0}
列 'p' 不存在，对列 state 不过滤，直接选择所有非无效值。
clean_bool length:2
newest best op: Uniop(df,'state','IN',(['brewery_id'], {('177',)}),{left: ("[FunctionalDependency:(s: {brewery_id}, t: {state})]", 0.0), operator: *, right: (1.0, 1.0), result: 0.0})
now error: 0.0
Block processing time: 0.015714 seconds
Computing Block 238 out of 663
Processing Block size=5
begin cleaner{left: ("[FunctionalDependency:(s: {brewery_id}, t: {state})]", 0.0), operator: *, right: (1.0, 1.0), result: 0.0}
列 'p' 不存在，对列 state 不过滤，直接选择所有非无效值。
clean_bool length:2
newest best op: Uniop(df,'state','WA',(['brewery_id'], {('460',)}),{left: ("[FunctionalDependency:(s: {brewery_id}, t: {state})]", 0.0), operator: *, right: (1.0, 1.0), result: 0.0})
now error: 0.0
Block processing time: 0.007441 seconds
Computing Block 240 out of 663
Processing Block size=3
begin cleaner{left: ("[FunctionalDependency:(s: {brewery_id}, t: {state})]", 0.0), operator: *, right: (1.0, 1.0), result: 0.0}
列 'p' 不存在，对列 state 不过滤，直接选择所有非无效值。
clean_bool length:2
newest best op: Uniop(df,'state','VA',(['brewery_id'], {('383',)}),{left: ("[FunctionalDependency:(s: {brewery_id}, t: {state})]", 0.0), operator: *, right: (1.0, 1.0), result: 0.0})
now error: 0.0
Block processing time: 0.004803 seconds
Computing Block 241 out of 663
Processing Block size=3
begin cleaner{left: ("[FunctionalDependency:(s: {brewery_id}, t: {state})]", 0.0), operator: *, right: (1.0, 1.0), result: 0.0}
列 'p' 不存在，对列 state 不过滤，直接选择所有非无效值。
Block processing time: 0.002201 seconds
Computing Block 242 out of 663
Processing Block size=6
begin cleaner{left: ("[FunctionalDependency:(s: {brewery_id}, t: {state})]", 0.0), operator: *, right: (1.0, 1.0), result: 0.0}
列 'p' 不存在，对列 state 不过滤，直接选择所有非无效值。
Block processing time: 0.004264 seconds
Computing Block 244 out of 663
Processing Block size=4
begin cleaner{left: ("[FunctionalDependency:(s: {brewery_id}, t: {state})]", 0.0), operator: *, right: (1.0, 1.0), result: 0.0}
列 'p' 不存在，对列 state 不过滤，直接选择所有非无效值。
Block processing time: 0.00292 seconds
Computing Block 249 out of 663
Processing Block size=2
begin cleaner{left: ("[FunctionalDependency:(s: {brewery_id}, t: {state})]", 0.0), operator: *, right: (1.0, 1.0), result: 0.0}
列 'p' 不存在，对列 state 不过滤，直接选择所有非无效值。
clean_bool length:3
newest best op: Uniop(df,'state','OR',(['brewery_id'], {('117',)}),{left: ("[FunctionalDependency:(s: {brewery_id}, t: {state})]", 0.0), operator: *, right: (1.0, 1.0), result: 0.0})
now error: 0.0
Block processing time: 0.005044 seconds
Computing Block 250 out of 663
Processing Block size=3
begin cleaner{left: ("[FunctionalDependency:(s: {brewery_id}, t: {state})]", 0.0), operator: *, right: (1.0, 1.0), result: 0.0}
列 'p' 不存在，对列 state 不过滤，直接选择所有非无效值。
clean_bool length:3
newest best op: Uniop(df,'state','WI$',(['brewery_id'], {('456',)}),{left: ("[FunctionalDependency:(s: {brewery_id}, t: {state})]", 0.0), operator: *, right: (1.0, 1.0), result: 0.0})
now error: 0.0
newest best op: Uniop(df,'state','WI',(['brewery_id'], {('456',)}),{left: ("[FunctionalDependency:(s: {brewery_id}, t: {state})]", 0.0), operator: *, right: (1.0, 1.0), result: 0.0})
now error: 0.0
Block processing time: 0.007136 seconds
Computing Block 254 out of 663
Processing Block size=3
begin cleaner{left: ("[FunctionalDependency:(s: {brewery_id}, t: {state})]", 0.0), operator: *, right: (1.0, 1.0), result: 0.0}
列 'p' 不存在，对列 state 不过滤，直接选择所有非无效值。
Block processing time: 0.002215 seconds
Computing Block 255 out of 663
Processing Block size=3
begin cleaner{left: ("[FunctionalDependency:(s: {brewery_id}, t: {state})]", 0.0), operator: *, right: (1.0, 1.0), result: 0.0}
列 'p' 不存在，对列 state 不过滤，直接选择所有非无效值。
clean_bool length:2
newest best op: Uniop(df,'state','MA',(['brewery_id'], {('318',)}),{left: ("[FunctionalDependency:(s: {brewery_id}, t: {state})]", 0.0), operator: *, right: (1.0, 1.0), result: 0.0})
now error: 0.0
Block processing time: 0.004787 seconds
Computing Block 257 out of 663
Processing Block size=9
begin cleaner{left: ("[FunctionalDependency:(s: {brewery_id}, t: {state})]", 0.0), operator: *, right: (1.0, 1.0), result: 0.0}
列 'p' 不存在，对列 state 不过滤，直接选择所有非无效值。
Block processing time: 0.006393 seconds
Computing Block 259 out of 663
Processing Block size=6
begin cleaner{left: ("[FunctionalDependency:(s: {brewery_id}, t: {state})]", 0.0), operator: *, right: (1.0, 1.0), result: 0.0}
列 'p' 不存在，对列 state 不过滤，直接选择所有非无效值。
Block processing time: 0.004335 seconds
Computing Block 261 out of 663
Processing Block size=2
begin cleaner{left: ("[FunctionalDependency:(s: {brewery_id}, t: {state})]", 0.0), operator: *, right: (1.0, 1.0), result: 0.0}
列 'p' 不存在，对列 state 不过滤，直接选择所有非无效值。
Block processing time: 0.001537 seconds
Computing Block 264 out of 663
Processing Block size=4
begin cleaner{left: ("[FunctionalDependency:(s: {brewery_id}, t: {state})]", 0.0), operator: *, right: (1.0, 1.0), result: 0.0}
列 'p' 不存在，对列 state 不过滤，直接选择所有非无效值。
clean_bool length:2
newest best op: Uniop(df,'state','CA',(['brewery_id'], {('288',)}),{left: ("[FunctionalDependency:(s: {brewery_id}, t: {state})]", 0.0), operator: *, right: (1.0, 1.0), result: 0.0})
now error: 0.0
Block processing time: 0.00619 seconds
Computing Block 265 out of 663
Processing Block size=7
begin cleaner{left: ("[FunctionalDependency:(s: {brewery_id}, t: {state})]", 0.0), operator: *, right: (1.0, 1.0), result: 0.0}
列 'p' 不存在，对列 state 不过滤，直接选择所有非无效值。
clean_bool length:3
newest best op: Uniop(df,'state','CA',(['brewery_id'], {('449',)}),{left: ("[FunctionalDependency:(s: {brewery_id}, t: {state})]", 0.0), operator: *, right: (1.0, 1.0), result: 0.0})
now error: 0.0
Block processing time: 0.015246 seconds
Computing Block 266 out of 663
Processing Block size=9
begin cleaner{left: ("[FunctionalDependency:(s: {brewery_id}, t: {state})]", 0.0), operator: *, right: (1.0, 1.0), result: 0.0}
列 'p' 不存在，对列 state 不过滤，直接选择所有非无效值。
Block processing time: 0.006428 seconds
Computing Block 268 out of 663
Processing Block size=2
begin cleaner{left: ("[FunctionalDependency:(s: {brewery_id}, t: {state})]", 0.0), operator: *, right: (1.0, 1.0), result: 0.0}
列 'p' 不存在，对列 state 不过滤，直接选择所有非无效值。
Block processing time: 0.001495 seconds
Computing Block 270 out of 663
Processing Block size=2
begin cleaner{left: ("[FunctionalDependency:(s: {brewery_id}, t: {state})]", 0.0), operator: *, right: (1.0, 1.0), result: 0.0}
列 'p' 不存在，对列 state 不过滤，直接选择所有非无效值。
Block processing time: 0.001502 seconds
Computing Block 271 out of 663
Processing Block size=11
begin cleaner{left: ("[FunctionalDependency:(s: {brewery_id}, t: {state})]", 0.0), operator: *, right: (1.0, 1.0), result: 0.0}
列 'p' 不存在，对列 state 不过滤，直接选择所有非无效值。
Block processing time: 0.007783 seconds
Computing Block 272 out of 663
Processing Block size=3
begin cleaner{left: ("[FunctionalDependency:(s: {brewery_id}, t: {state})]", 0.0), operator: *, right: (1.0, 1.0), result: 0.0}
列 'p' 不存在，对列 state 不过滤，直接选择所有非无效值。
clean_bool length:2
newest best op: Uniop(df,'state','PA',(['brewery_id'], {('297',)}),{left: ("[FunctionalDependency:(s: {brewery_id}, t: {state})]", 0.0), operator: *, right: (1.0, 1.0), result: 0.0})
now error: 0.0
Block processing time: 0.004749 seconds
Computing Block 274 out of 663
Processing Block size=13
begin cleaner{left: ("[FunctionalDependency:(s: {brewery_id}, t: {state})]", 0.0), operator: *, right: (1.0, 1.0), result: 0.0}
列 'p' 不存在，对列 state 不过滤，直接选择所有非无效值。
Block processing time: 0.009201 seconds
Computing Block 275 out of 663
Processing Block size=4
begin cleaner{left: ("[FunctionalDependency:(s: {brewery_id}, t: {state})]", 0.0), operator: *, right: (1.0, 1.0), result: 0.0}
列 'p' 不存在，对列 state 不过滤，直接选择所有非无效值。
Block processing time: 0.002888 seconds
Computing Block 277 out of 663
Processing Block size=2
begin cleaner{left: ("[FunctionalDependency:(s: {brewery_id}, t: {state})]", 0.0), operator: *, right: (1.0, 1.0), result: 0.0}
列 'p' 不存在，对列 state 不过滤，直接选择所有非无效值。
clean_bool length:2
newest best op: Uniop(df,'state','OH',(['brewery_id'], {('224',)}),{left: ("[FunctionalDependency:(s: {brewery_id}, t: {state})]", 0.0), operator: *, right: (1.0, 1.0), result: 0.0})
now error: 0.0
Block processing time: 0.003455 seconds
Computing Block 278 out of 663
Processing Block size=6
begin cleaner{left: ("[FunctionalDependency:(s: {brewery_id}, t: {state})]", 0.0), operator: *, right: (1.0, 1.0), result: 0.0}
列 'p' 不存在，对列 state 不过滤，直接选择所有非无效值。
clean_bool length:2
newest best op: Uniop(df,'state','MI',(['brewery_id'], {('229',)}),{left: ("[FunctionalDependency:(s: {brewery_id}, t: {state})]", 0.0), operator: *, right: (1.0, 1.0), result: 0.0})
now error: 0.0
Block processing time: 0.008878 seconds
Computing Block 281 out of 663
Processing Block size=2
begin cleaner{left: ("[FunctionalDependency:(s: {brewery_id}, t: {state})]", 0.0), operator: *, right: (1.0, 1.0), result: 0.0}
列 'p' 不存在，对列 state 不过滤，直接选择所有非无效值。
clean_bool length:3
newest best op: Uniop(df,'state','CO',(['brewery_id'], {('523',)}),{left: ("[FunctionalDependency:(s: {brewery_id}, t: {state})]", 0.0), operator: *, right: (1.0, 1.0), result: 0.0})
now error: 0.0
Block processing time: 0.005085 seconds
Computing Block 282 out of 663
Processing Block size=2
begin cleaner{left: ("[FunctionalDependency:(s: {brewery_id}, t: {state})]", 0.0), operator: *, right: (1.0, 1.0), result: 0.0}
列 'p' 不存在，对列 state 不过滤，直接选择所有非无效值。
Block processing time: 0.001644 seconds
Computing Block 283 out of 663
Processing Block size=10
begin cleaner{left: ("[FunctionalDependency:(s: {brewery_id}, t: {state})]", 0.0), operator: *, right: (1.0, 1.0), result: 0.0}
列 'p' 不存在，对列 state 不过滤，直接选择所有非无效值。
clean_bool length:2
newest best op: Uniop(df,'state','PA',(['brewery_id'], {('371',)}),{left: ("[FunctionalDependency:(s: {brewery_id}, t: {state})]", 0.0), operator: *, right: (1.0, 1.0), result: 0.0})
now error: 0.0
Block processing time: 0.015333 seconds
Computing Block 285 out of 663
Processing Block size=9
begin cleaner{left: ("[FunctionalDependency:(s: {brewery_id}, t: {state})]", 0.0), operator: *, right: (1.0, 1.0), result: 0.0}
列 'p' 不存在，对列 state 不过滤，直接选择所有非无效值。
clean_bool length:3
newest best op: Uniop(df,'state','@@M#I',(['brewery_id'], {('124',)}),{left: ("[FunctionalDependency:(s: {brewery_id}, t: {state})]", 0.0), operator: *, right: (1.0, 1.0), result: 0.0})
now error: 0.0
newest best op: Uniop(df,'state','MI',(['brewery_id'], {('124',)}),{left: ("[FunctionalDependency:(s: {brewery_id}, t: {state})]", 0.0), operator: *, right: (1.0, 1.0), result: 0.0})
now error: 0.0
Block processing time: 0.02126 seconds
Computing Block 286 out of 663
Processing Block size=3
begin cleaner{left: ("[FunctionalDependency:(s: {brewery_id}, t: {state})]", 0.0), operator: *, right: (1.0, 1.0), result: 0.0}
列 'p' 不存在，对列 state 不过滤，直接选择所有非无效值。
Block processing time: 0.002397 seconds
Computing Block 287 out of 663
Processing Block size=3
begin cleaner{left: ("[FunctionalDependency:(s: {brewery_id}, t: {state})]", 0.0), operator: *, right: (1.0, 1.0), result: 0.0}
列 'p' 不存在，对列 state 不过滤，直接选择所有非无效值。
clean_bool length:2
newest best op: Uniop(df,'state','WA',(['brewery_id'], {('367',)}),{left: ("[FunctionalDependency:(s: {brewery_id}, t: {state})]", 0.0), operator: *, right: (1.0, 1.0), result: 0.0})
now error: 0.0
Block processing time: 0.005192 seconds
Computing Block 288 out of 663
Processing Block size=2
begin cleaner{left: ("[FunctionalDependency:(s: {brewery_id}, t: {state})]", 0.0), operator: *, right: (1.0, 1.0), result: 0.0}
列 'p' 不存在，对列 state 不过滤，直接选择所有非无效值。
Block processing time: 0.001659 seconds
Computing Block 289 out of 663
Processing Block size=11
begin cleaner{left: ("[FunctionalDependency:(s: {brewery_id}, t: {state})]", 0.0), operator: *, right: (1.0, 1.0), result: 0.0}
列 'p' 不存在，对列 state 不过滤，直接选择所有非无效值。
Block processing time: 0.008428 seconds
Computing Block 290 out of 663
Processing Block size=2
begin cleaner{left: ("[FunctionalDependency:(s: {brewery_id}, t: {state})]", 0.0), operator: *, right: (1.0, 1.0), result: 0.0}
列 'p' 不存在，对列 state 不过滤，直接选择所有非无效值。
Block processing time: 0.001645 seconds
Computing Block 293 out of 663
Processing Block size=2
begin cleaner{left: ("[FunctionalDependency:(s: {brewery_id}, t: {state})]", 0.0), operator: *, right: (1.0, 1.0), result: 0.0}
列 'p' 不存在，对列 state 不过滤，直接选择所有非无效值。
Block processing time: 0.001647 seconds
Computing Block 294 out of 663
Processing Block size=2
begin cleaner{left: ("[FunctionalDependency:(s: {brewery_id}, t: {state})]", 0.0), operator: *, right: (1.0, 1.0), result: 0.0}
列 'p' 不存在，对列 state 不过滤，直接选择所有非无效值。
Block processing time: 0.001625 seconds
Computing Block 295 out of 663
Processing Block size=4
begin cleaner{left: ("[FunctionalDependency:(s: {brewery_id}, t: {state})]", 0.0), operator: *, right: (1.0, 1.0), result: 0.0}
列 'p' 不存在，对列 state 不过滤，直接选择所有非无效值。
clean_bool length:2
newest best op: Uniop(df,'state','AZ',(['brewery_id'], {('158',)}),{left: ("[FunctionalDependency:(s: {brewery_id}, t: {state})]", 0.0), operator: *, right: (1.0, 1.0), result: 0.0})
now error: 0.0
Block processing time: 0.006616 seconds
Computing Block 296 out of 663
Processing Block size=2
begin cleaner{left: ("[FunctionalDependency:(s: {brewery_id}, t: {state})]", 0.0), operator: *, right: (1.0, 1.0), result: 0.0}
列 'p' 不存在，对列 state 不过滤，直接选择所有非无效值。
Block processing time: 0.001695 seconds
Computing Block 297 out of 663
Processing Block size=8
begin cleaner{left: ("[FunctionalDependency:(s: {brewery_id}, t: {state})]", 0.0), operator: *, right: (1.0, 1.0), result: 0.0}
列 'p' 不存在，对列 state 不过滤，直接选择所有非无效值。
clean_bool length:2
newest best op: Uniop(df,'state','CO',(['brewery_id'], {('424',)}),{left: ("[FunctionalDependency:(s: {brewery_id}, t: {state})]", 0.0), operator: *, right: (1.0, 1.0), result: 0.0})
now error: 0.0
Block processing time: 0.012385 seconds
Computing Block 298 out of 663
Processing Block size=3
begin cleaner{left: ("[FunctionalDependency:(s: {brewery_id}, t: {state})]", 0.0), operator: *, right: (1.0, 1.0), result: 0.0}
列 'p' 不存在，对列 state 不过滤，直接选择所有非无效值。
Block processing time: 0.002405 seconds
Computing Block 299 out of 663
Processing Block size=5
begin cleaner{left: ("[FunctionalDependency:(s: {brewery_id}, t: {state})]", 0.0), operator: *, right: (1.0, 1.0), result: 0.0}
列 'p' 不存在，对列 state 不过滤，直接选择所有非无效值。
Block processing time: 0.003908 seconds
Computing Block 300 out of 663
Processing Block size=3
begin cleaner{left: ("[FunctionalDependency:(s: {brewery_id}, t: {state})]", 0.0), operator: *, right: (1.0, 1.0), result: 0.0}
列 'p' 不存在，对列 state 不过滤，直接选择所有非无效值。
Block processing time: 0.002286 seconds
Computing Block 304 out of 663
Processing Block size=4
begin cleaner{left: ("[FunctionalDependency:(s: {brewery_id}, t: {state})]", 0.0), operator: *, right: (1.0, 1.0), result: 0.0}
列 'p' 不存在，对列 state 不过滤，直接选择所有非无效值。
Block processing time: 0.002894 seconds
Computing Block 306 out of 663
Processing Block size=3
begin cleaner{left: ("[FunctionalDependency:(s: {brewery_id}, t: {state})]", 0.0), operator: *, right: (1.0, 1.0), result: 0.0}
列 'p' 不存在，对列 state 不过滤，直接选择所有非无效值。
Block processing time: 0.002208 seconds
Computing Block 307 out of 663
Processing Block size=7
begin cleaner{left: ("[FunctionalDependency:(s: {brewery_id}, t: {state})]", 0.0), operator: *, right: (1.0, 1.0), result: 0.0}
列 'p' 不存在，对列 state 不过滤，直接选择所有非无效值。
clean_bool length:2
newest best op: Uniop(df,'state','TX',(['brewery_id'], {('161',)}),{left: ("[FunctionalDependency:(s: {brewery_id}, t: {state})]", 0.0), operator: *, right: (1.0, 1.0), result: 0.0})
now error: 0.0
Block processing time: 0.010157 seconds
Computing Block 308 out of 663
Processing Block size=4
begin cleaner{left: ("[FunctionalDependency:(s: {brewery_id}, t: {state})]", 0.0), operator: *, right: (1.0, 1.0), result: 0.0}
列 'p' 不存在，对列 state 不过滤，直接选择所有非无效值。
Block processing time: 0.002912 seconds
Computing Block 311 out of 663
Processing Block size=5
begin cleaner{left: ("[FunctionalDependency:(s: {brewery_id}, t: {state})]", 0.0), operator: *, right: (1.0, 1.0), result: 0.0}
列 'p' 不存在，对列 state 不过滤，直接选择所有非无效值。
Block processing time: 0.003634 seconds
Computing Block 313 out of 663
Processing Block size=4
begin cleaner{left: ("[FunctionalDependency:(s: {brewery_id}, t: {state})]", 0.0), operator: *, right: (1.0, 1.0), result: 0.0}
列 'p' 不存在，对列 state 不过滤，直接选择所有非无效值。
clean_bool length:3
newest best op: Uniop(df,'state','OR',(['brewery_id'], {('154',)}),{left: ("[FunctionalDependency:(s: {brewery_id}, t: {state})]", 0.0), operator: *, right: (1.0, 1.0), result: 0.0})
now error: 0.0
Block processing time: 0.009179 seconds
Computing Block 314 out of 663
Processing Block size=2
begin cleaner{left: ("[FunctionalDependency:(s: {brewery_id}, t: {state})]", 0.0), operator: *, right: (1.0, 1.0), result: 0.0}
列 'p' 不存在，对列 state 不过滤，直接选择所有非无效值。
Block processing time: 0.001566 seconds
Computing Block 315 out of 663
Processing Block size=2
begin cleaner{left: ("[FunctionalDependency:(s: {brewery_id}, t: {state})]", 0.0), operator: *, right: (1.0, 1.0), result: 0.0}
列 'p' 不存在，对列 state 不过滤，直接选择所有非无效值。
Block processing time: 0.001505 seconds
Computing Block 316 out of 663
Processing Block size=9
begin cleaner{left: ("[FunctionalDependency:(s: {brewery_id}, t: {state})]", 0.0), operator: *, right: (1.0, 1.0), result: 0.0}
列 'p' 不存在，对列 state 不过滤，直接选择所有非无效值。
Block processing time: 0.006536 seconds
Computing Block 317 out of 663
Processing Block size=2
begin cleaner{left: ("[FunctionalDependency:(s: {brewery_id}, t: {state})]", 0.0), operator: *, right: (1.0, 1.0), result: 0.0}
列 'p' 不存在，对列 state 不过滤，直接选择所有非无效值。
clean_bool length:3
newest best op: Uniop(df,'state','N$#J',(['brewery_id'], {('217',)}),{left: ("[FunctionalDependency:(s: {brewery_id}, t: {state})]", 0.0), operator: *, right: (1.0, 1.0), result: 0.0})
now error: 0.0
Block processing time: 0.005119 seconds
Computing Block 319 out of 663
Processing Block size=7
begin cleaner{left: ("[FunctionalDependency:(s: {brewery_id}, t: {state})]", 0.0), operator: *, right: (1.0, 1.0), result: 0.0}
列 'p' 不存在，对列 state 不过滤，直接选择所有非无效值。
clean_bool length:2
newest best op: Uniop(df,'state','CA',(['brewery_id'], {('209',)}),{left: ("[FunctionalDependency:(s: {brewery_id}, t: {state})]", 0.0), operator: *, right: (1.0, 1.0), result: 0.0})
now error: 0.0
Block processing time: 0.010258 seconds
Computing Block 320 out of 663
Processing Block size=10
begin cleaner{left: ("[FunctionalDependency:(s: {brewery_id}, t: {state})]", 0.0), operator: *, right: (1.0, 1.0), result: 0.0}
列 'p' 不存在，对列 state 不过滤，直接选择所有非无效值。
clean_bool length:3
newest best op: Uniop(df,'state','CT',(['brewery_id'], {('410',)}),{left: ("[FunctionalDependency:(s: {brewery_id}, t: {state})]", 0.0), operator: *, right: (1.0, 1.0), result: 0.0})
now error: 0.0
Block processing time: 0.02166 seconds
Computing Block 322 out of 663
Processing Block size=2
begin cleaner{left: ("[FunctionalDependency:(s: {brewery_id}, t: {state})]", 0.0), operator: *, right: (1.0, 1.0), result: 0.0}
列 'p' 不存在，对列 state 不过滤，直接选择所有非无效值。
Block processing time: 0.001526 seconds
Computing Block 323 out of 663
Processing Block size=9
begin cleaner{left: ("[FunctionalDependency:(s: {brewery_id}, t: {state})]", 0.0), operator: *, right: (1.0, 1.0), result: 0.0}
列 'p' 不存在，对列 state 不过滤，直接选择所有非无效值。
clean_bool length:2
newest best op: Uniop(df,'state','RI',(['brewery_id'], {('143',)}),{left: ("[FunctionalDependency:(s: {brewery_id}, t: {state})]", 0.0), operator: *, right: (1.0, 1.0), result: 0.0})
now error: 0.0
Block processing time: 0.012919 seconds
Computing Block 325 out of 663
Processing Block size=2
begin cleaner{left: ("[FunctionalDependency:(s: {brewery_id}, t: {state})]", 0.0), operator: *, right: (1.0, 1.0), result: 0.0}
列 'p' 不存在，对列 state 不过滤，直接选择所有非无效值。
Block processing time: 0.00154 seconds
Computing Block 328 out of 663
Processing Block size=7
begin cleaner{left: ("[FunctionalDependency:(s: {brewery_id}, t: {state})]", 0.0), operator: *, right: (1.0, 1.0), result: 0.0}
列 'p' 不存在，对列 state 不过滤，直接选择所有非无效值。
clean_bool length:2
newest best op: Uniop(df,'state','MA',(['brewery_id'], {('145',)}),{left: ("[FunctionalDependency:(s: {brewery_id}, t: {state})]", 0.0), operator: *, right: (1.0, 1.0), result: 0.0})
now error: 0.0
Block processing time: 0.010192 seconds
Computing Block 330 out of 663
Processing Block size=7
begin cleaner{left: ("[FunctionalDependency:(s: {brewery_id}, t: {state})]", 0.0), operator: *, right: (1.0, 1.0), result: 0.0}
列 'p' 不存在，对列 state 不过滤，直接选择所有非无效值。
Block processing time: 0.00498 seconds
Computing Block 331 out of 663
Processing Block size=6
begin cleaner{left: ("[FunctionalDependency:(s: {brewery_id}, t: {state})]", 0.0), operator: *, right: (1.0, 1.0), result: 0.0}
列 'p' 不存在，对列 state 不过滤，直接选择所有非无效值。
clean_bool length:3
newest best op: Uniop(df,'state','WY',(['brewery_id'], {('191',)}),{left: ("[FunctionalDependency:(s: {brewery_id}, t: {state})]", 0.0), operator: *, right: (1.0, 1.0), result: 0.0})
now error: 0.0
Block processing time: 0.013236 seconds
Computing Block 334 out of 663
Processing Block size=23
begin cleaner{left: ("[FunctionalDependency:(s: {brewery_id}, t: {state})]", 0.0), operator: *, right: (1.0, 1.0), result: 0.0}
列 'p' 不存在，对列 state 不过滤，直接选择所有非无效值。
clean_bool length:4
newest best op: Uniop(df,'state','N#Y',(['brewery_id'], {('46',)}),{left: ("[FunctionalDependency:(s: {brewery_id}, t: {state})]", 0.0), operator: *, right: (1.0, 1.0), result: 0.0})
now error: 0.0
newest best op: Uniop(df,'state','NY',(['brewery_id'], {('46',)}),{left: ("[FunctionalDependency:(s: {brewery_id}, t: {state})]", 0.0), operator: *, right: (1.0, 1.0), result: 0.0})
now error: 0.0
Block processing time: 0.065238 seconds
Computing Block 336 out of 663
Processing Block size=17
begin cleaner{left: ("[FunctionalDependency:(s: {brewery_id}, t: {state})]", 0.0), operator: *, right: (1.0, 1.0), result: 0.0}
列 'p' 不存在，对列 state 不过滤，直接选择所有非无效值。
clean_bool length:3
newest best op: Uniop(df,'state','CA',(['brewery_id'], {('368',)}),{left: ("[FunctionalDependency:(s: {brewery_id}, t: {state})]", 0.0), operator: *, right: (1.0, 1.0), result: 0.0})
now error: 0.0
Block processing time: 0.036104 seconds
Computing Block 337 out of 663
Processing Block size=3
begin cleaner{left: ("[FunctionalDependency:(s: {brewery_id}, t: {state})]", 0.0), operator: *, right: (1.0, 1.0), result: 0.0}
列 'p' 不存在，对列 state 不过滤，直接选择所有非无效值。
Block processing time: 0.002213 seconds
Computing Block 340 out of 663
Processing Block size=3
begin cleaner{left: ("[FunctionalDependency:(s: {brewery_id}, t: {state})]", 0.0), operator: *, right: (1.0, 1.0), result: 0.0}
列 'p' 不存在，对列 state 不过滤，直接选择所有非无效值。
Block processing time: 0.002223 seconds
Computing Block 342 out of 663
Processing Block size=4
begin cleaner{left: ("[FunctionalDependency:(s: {brewery_id}, t: {state})]", 0.0), operator: *, right: (1.0, 1.0), result: 0.0}
列 'p' 不存在，对列 state 不过滤，直接选择所有非无效值。
Block processing time: 0.002901 seconds
Computing Block 344 out of 663
Processing Block size=2
begin cleaner{left: ("[FunctionalDependency:(s: {brewery_id}, t: {state})]", 0.0), operator: *, right: (1.0, 1.0), result: 0.0}
列 'p' 不存在，对列 state 不过滤，直接选择所有非无效值。
Block processing time: 0.001513 seconds
Computing Block 345 out of 663
Processing Block size=2
begin cleaner{left: ("[FunctionalDependency:(s: {brewery_id}, t: {state})]", 0.0), operator: *, right: (1.0, 1.0), result: 0.0}
列 'p' 不存在，对列 state 不过滤，直接选择所有非无效值。
Block processing time: 0.00152 seconds
Computing Block 347 out of 663
Processing Block size=16
begin cleaner{left: ("[FunctionalDependency:(s: {brewery_id}, t: {state})]", 0.0), operator: *, right: (1.0, 1.0), result: 0.0}
列 'p' 不存在，对列 state 不过滤，直接选择所有非无效值。
clean_bool length:2
newest best op: Uniop(df,'state','CO',(['brewery_id'], {('82',)}),{left: ("[FunctionalDependency:(s: {brewery_id}, t: {state})]", 0.0), operator: *, right: (1.0, 1.0), result: 0.0})
now error: 0.0
Block processing time: 0.022502 seconds
Computing Block 348 out of 663
Processing Block size=16
begin cleaner{left: ("[FunctionalDependency:(s: {brewery_id}, t: {state})]", 0.0), operator: *, right: (1.0, 1.0), result: 0.0}
列 'p' 不存在，对列 state 不过滤，直接选择所有非无效值。
clean_bool length:2
newest best op: Uniop(df,'state','CO',(['brewery_id'], {('107',)}),{left: ("[FunctionalDependency:(s: {brewery_id}, t: {state})]", 0.0), operator: *, right: (1.0, 1.0), result: 0.0})
now error: 0.0
Block processing time: 0.022219 seconds
Computing Block 349 out of 663
Processing Block size=2
begin cleaner{left: ("[FunctionalDependency:(s: {brewery_id}, t: {state})]", 0.0), operator: *, right: (1.0, 1.0), result: 0.0}
列 'p' 不存在，对列 state 不过滤，直接选择所有非无效值。
clean_bool length:3
newest best op: Uniop(df,'state','OR',(['brewery_id'], {('422',)}),{left: ("[FunctionalDependency:(s: {brewery_id}, t: {state})]", 0.0), operator: *, right: (1.0, 1.0), result: 0.0})
now error: 0.0
Block processing time: 0.005077 seconds
Computing Block 350 out of 663
Processing Block size=2
begin cleaner{left: ("[FunctionalDependency:(s: {brewery_id}, t: {state})]", 0.0), operator: *, right: (1.0, 1.0), result: 0.0}
列 'p' 不存在，对列 state 不过滤，直接选择所有非无效值。
Block processing time: 0.001498 seconds
Computing Block 355 out of 663
Processing Block size=2
begin cleaner{left: ("[FunctionalDependency:(s: {brewery_id}, t: {state})]", 0.0), operator: *, right: (1.0, 1.0), result: 0.0}
列 'p' 不存在，对列 state 不过滤，直接选择所有非无效值。
Block processing time: 0.001503 seconds
Computing Block 356 out of 663
Processing Block size=4
begin cleaner{left: ("[FunctionalDependency:(s: {brewery_id}, t: {state})]", 0.0), operator: *, right: (1.0, 1.0), result: 0.0}
列 'p' 不存在，对列 state 不过滤，直接选择所有非无效值。
Block processing time: 0.002912 seconds
Computing Block 357 out of 663
Processing Block size=4
begin cleaner{left: ("[FunctionalDependency:(s: {brewery_id}, t: {state})]", 0.0), operator: *, right: (1.0, 1.0), result: 0.0}
列 'p' 不存在，对列 state 不过滤，直接选择所有非无效值。
Block processing time: 0.002927 seconds
Computing Block 358 out of 663
Processing Block size=2
begin cleaner{left: ("[FunctionalDependency:(s: {brewery_id}, t: {state})]", 0.0), operator: *, right: (1.0, 1.0), result: 0.0}
列 'p' 不存在，对列 state 不过滤，直接选择所有非无效值。
Block processing time: 0.001518 seconds
Computing Block 360 out of 663
Processing Block size=3
begin cleaner{left: ("[FunctionalDependency:(s: {brewery_id}, t: {state})]", 0.0), operator: *, right: (1.0, 1.0), result: 0.0}
列 'p' 不存在，对列 state 不过滤，直接选择所有非无效值。
Block processing time: 0.002199 seconds
Computing Block 361 out of 663
Processing Block size=3
begin cleaner{left: ("[FunctionalDependency:(s: {brewery_id}, t: {state})]", 0.0), operator: *, right: (1.0, 1.0), result: 0.0}
列 'p' 不存在，对列 state 不过滤，直接选择所有非无效值。
Block processing time: 0.002196 seconds
Computing Block 362 out of 663
Processing Block size=12
begin cleaner{left: ("[FunctionalDependency:(s: {brewery_id}, t: {state})]", 0.0), operator: *, right: (1.0, 1.0), result: 0.0}
列 'p' 不存在，对列 state 不过滤，直接选择所有非无效值。
clean_bool length:3
newest best op: Uniop(df,'state','MN',(['brewery_id'], {('61',)}),{left: ("[FunctionalDependency:(s: {brewery_id}, t: {state})]", 0.0), operator: *, right: (1.0, 1.0), result: 0.0})
now error: 0.0
Block processing time: 0.025506 seconds
Computing Block 363 out of 663
Processing Block size=4
begin cleaner{left: ("[FunctionalDependency:(s: {brewery_id}, t: {state})]", 0.0), operator: *, right: (1.0, 1.0), result: 0.0}
列 'p' 不存在，对列 state 不过滤，直接选择所有非无效值。
Block processing time: 0.002895 seconds
Computing Block 367 out of 663
Processing Block size=2
begin cleaner{left: ("[FunctionalDependency:(s: {brewery_id}, t: {state})]", 0.0), operator: *, right: (1.0, 1.0), result: 0.0}
列 'p' 不存在，对列 state 不过滤，直接选择所有非无效值。
Block processing time: 0.001506 seconds
Computing Block 369 out of 663
Processing Block size=4
begin cleaner{left: ("[FunctionalDependency:(s: {brewery_id}, t: {state})]", 0.0), operator: *, right: (1.0, 1.0), result: 0.0}
列 'p' 不存在，对列 state 不过滤，直接选择所有非无效值。
Block processing time: 0.00293 seconds
Computing Block 371 out of 663
Processing Block size=2
begin cleaner{left: ("[FunctionalDependency:(s: {brewery_id}, t: {state})]", 0.0), operator: *, right: (1.0, 1.0), result: 0.0}
列 'p' 不存在，对列 state 不过滤，直接选择所有非无效值。
clean_bool length:2
newest best op: Uniop(df,'state','KS',(['brewery_id'], {('283',)}),{left: ("[FunctionalDependency:(s: {brewery_id}, t: {state})]", 0.0), operator: *, right: (1.0, 1.0), result: 0.0})
now error: 0.0
Block processing time: 0.003447 seconds
Computing Block 372 out of 663
Processing Block size=10
begin cleaner{left: ("[FunctionalDependency:(s: {brewery_id}, t: {state})]", 0.0), operator: *, right: (1.0, 1.0), result: 0.0}
列 'p' 不存在，对列 state 不过滤，直接选择所有非无效值。
Block processing time: 0.007122 seconds
Computing Block 373 out of 663
Processing Block size=2
begin cleaner{left: ("[FunctionalDependency:(s: {brewery_id}, t: {state})]", 0.0), operator: *, right: (1.0, 1.0), result: 0.0}
列 'p' 不存在，对列 state 不过滤，直接选择所有非无效值。
Block processing time: 0.001495 seconds
Computing Block 375 out of 663
Processing Block size=4
begin cleaner{left: ("[FunctionalDependency:(s: {brewery_id}, t: {state})]", 0.0), operator: *, right: (1.0, 1.0), result: 0.0}
列 'p' 不存在，对列 state 不过滤，直接选择所有非无效值。
clean_bool length:4
newest best op: Uniop(df,'state','V$T',(['brewery_id'], {('41',)}),{left: ("[FunctionalDependency:(s: {brewery_id}, t: {state})]", 0.0), operator: *, right: (1.0, 1.0), result: 0.0})
now error: 0.0
newest best op: Uniop(df,'state','VT',(['brewery_id'], {('41',)}),{left: ("[FunctionalDependency:(s: {brewery_id}, t: {state})]", 0.0), operator: *, right: (1.0, 1.0), result: 0.0})
now error: 0.0
Block processing time: 0.012446 seconds
Computing Block 376 out of 663
Processing Block size=3
begin cleaner{left: ("[FunctionalDependency:(s: {brewery_id}, t: {state})]", 0.0), operator: *, right: (1.0, 1.0), result: 0.0}
列 'p' 不存在，对列 state 不过滤，直接选择所有非无效值。
Block processing time: 0.00231 seconds
Computing Block 378 out of 663
Processing Block size=9
begin cleaner{left: ("[FunctionalDependency:(s: {brewery_id}, t: {state})]", 0.0), operator: *, right: (1.0, 1.0), result: 0.0}
列 'p' 不存在，对列 state 不过滤，直接选择所有非无效值。
Block processing time: 0.006425 seconds
Computing Block 380 out of 663
Processing Block size=5
begin cleaner{left: ("[FunctionalDependency:(s: {brewery_id}, t: {state})]", 0.0), operator: *, right: (1.0, 1.0), result: 0.0}
列 'p' 不存在，对列 state 不过滤，直接选择所有非无效值。
Block processing time: 0.003613 seconds
Computing Block 382 out of 663
Processing Block size=5
begin cleaner{left: ("[FunctionalDependency:(s: {brewery_id}, t: {state})]", 0.0), operator: *, right: (1.0, 1.0), result: 0.0}
列 'p' 不存在，对列 state 不过滤，直接选择所有非无效值。
clean_bool length:3
newest best op: Uniop(df,'state','#NY??',(['brewery_id'], {('173',)}),{left: ("[FunctionalDependency:(s: {brewery_id}, t: {state})]", 0.0), operator: *, right: (1.0, 1.0), result: 0.0})
now error: 0.0
newest best op: Uniop(df,'state','NY',(['brewery_id'], {('173',)}),{left: ("[FunctionalDependency:(s: {brewery_id}, t: {state})]", 0.0), operator: *, right: (1.0, 1.0), result: 0.0})
now error: 0.0
Block processing time: 0.011286 seconds
Computing Block 385 out of 663
Processing Block size=3
begin cleaner{left: ("[FunctionalDependency:(s: {brewery_id}, t: {state})]", 0.0), operator: *, right: (1.0, 1.0), result: 0.0}
列 'p' 不存在，对列 state 不过滤，直接选择所有非无效值。
clean_bool length:2
newest best op: Uniop(df,'state','FL',(['brewery_id'], {('67',)}),{left: ("[FunctionalDependency:(s: {brewery_id}, t: {state})]", 0.0), operator: *, right: (1.0, 1.0), result: 0.0})
now error: 0.0
Block processing time: 0.00482 seconds
Computing Block 386 out of 663
Processing Block size=37
begin cleaner{left: ("[FunctionalDependency:(s: {brewery_id}, t: {state})]", 0.0), operator: *, right: (1.0, 1.0), result: 0.0}
列 'p' 不存在，对列 state 不过滤，直接选择所有非无效值。
clean_bool length:6
newest best op: Uniop(df,'state','IN??$',(['brewery_id'], {('25',)}),{left: ("[FunctionalDependency:(s: {brewery_id}, t: {state})]", 0.0), operator: *, right: (1.0, 1.0), result: 0.0})
now error: 0.0
newest best op: Uniop(df,'state','#IN$',(['brewery_id'], {('25',)}),{left: ("[FunctionalDependency:(s: {brewery_id}, t: {state})]", 0.0), operator: *, right: (1.0, 1.0), result: 0.0})
now error: 0.0
newest best op: Uniop(df,'state','IN',(['brewery_id'], {('25',)}),{left: ("[FunctionalDependency:(s: {brewery_id}, t: {state})]", 0.0), operator: *, right: (1.0, 1.0), result: 0.0})
now error: 0.0
Block processing time: 0.157502 seconds
Computing Block 388 out of 663
Processing Block size=3
begin cleaner{left: ("[FunctionalDependency:(s: {brewery_id}, t: {state})]", 0.0), operator: *, right: (1.0, 1.0), result: 0.0}
列 'p' 不存在，对列 state 不过滤，直接选择所有非无效值。
Block processing time: 0.002243 seconds
Computing Block 389 out of 663
Processing Block size=16
begin cleaner{left: ("[FunctionalDependency:(s: {brewery_id}, t: {state})]", 0.0), operator: *, right: (1.0, 1.0), result: 0.0}
列 'p' 不存在，对列 state 不过滤，直接选择所有非无效值。
clean_bool length:2
newest best op: Uniop(df,'state','CA',(['brewery_id'], {('171',)}),{left: ("[FunctionalDependency:(s: {brewery_id}, t: {state})]", 0.0), operator: *, right: (1.0, 1.0), result: 0.0})
now error: 0.0
Block processing time: 0.022391 seconds
Computing Block 390 out of 663
Processing Block size=2
begin cleaner{left: ("[FunctionalDependency:(s: {brewery_id}, t: {state})]", 0.0), operator: *, right: (1.0, 1.0), result: 0.0}
列 'p' 不存在，对列 state 不过滤，直接选择所有非无效值。
Block processing time: 0.001512 seconds
Computing Block 394 out of 663
Processing Block size=2
begin cleaner{left: ("[FunctionalDependency:(s: {brewery_id}, t: {state})]", 0.0), operator: *, right: (1.0, 1.0), result: 0.0}
列 'p' 不存在，对列 state 不过滤，直接选择所有非无效值。
clean_bool length:3
newest best op: Uniop(df,'state','TX',(['brewery_id'], {('395',)}),{left: ("[FunctionalDependency:(s: {brewery_id}, t: {state})]", 0.0), operator: *, right: (1.0, 1.0), result: 0.0})
now error: 0.0
Block processing time: 0.005131 seconds
Computing Block 396 out of 663
Processing Block size=3
begin cleaner{left: ("[FunctionalDependency:(s: {brewery_id}, t: {state})]", 0.0), operator: *, right: (1.0, 1.0), result: 0.0}
列 'p' 不存在，对列 state 不过滤，直接选择所有非无效值。
clean_bool length:3
newest best op: Uniop(df,'state','%$WA',(['brewery_id'], {('401',)}),{left: ("[FunctionalDependency:(s: {brewery_id}, t: {state})]", 0.0), operator: *, right: (1.0, 1.0), result: 0.0})
now error: 0.0
newest best op: Uniop(df,'state','WA',(['brewery_id'], {('401',)}),{left: ("[FunctionalDependency:(s: {brewery_id}, t: {state})]", 0.0), operator: *, right: (1.0, 1.0), result: 0.0})
now error: 0.0
Block processing time: 0.007323 seconds
Computing Block 397 out of 663
Processing Block size=4
begin cleaner{left: ("[FunctionalDependency:(s: {brewery_id}, t: {state})]", 0.0), operator: *, right: (1.0, 1.0), result: 0.0}
列 'p' 不存在，对列 state 不过滤，直接选择所有非无效值。
clean_bool length:3
newest best op: Uniop(df,'state','#P??A',(['brewery_id'], {('129',)}),{left: ("[FunctionalDependency:(s: {brewery_id}, t: {state})]", 0.0), operator: *, right: (1.0, 1.0), result: 0.0})
now error: 0.0
newest best op: Uniop(df,'state','PA',(['brewery_id'], {('129',)}),{left: ("[FunctionalDependency:(s: {brewery_id}, t: {state})]", 0.0), operator: *, right: (1.0, 1.0), result: 0.0})
now error: 0.0
Block processing time: 0.009146 seconds
Computing Block 399 out of 663
Processing Block size=3
begin cleaner{left: ("[FunctionalDependency:(s: {brewery_id}, t: {state})]", 0.0), operator: *, right: (1.0, 1.0), result: 0.0}
列 'p' 不存在，对列 state 不过滤，直接选择所有非无效值。
Block processing time: 0.002205 seconds
Computing Block 400 out of 663
Processing Block size=4
begin cleaner{left: ("[FunctionalDependency:(s: {brewery_id}, t: {state})]", 0.0), operator: *, right: (1.0, 1.0), result: 0.0}
列 'p' 不存在，对列 state 不过滤，直接选择所有非无效值。
Block processing time: 0.002942 seconds
Computing Block 402 out of 663
Processing Block size=4
begin cleaner{left: ("[FunctionalDependency:(s: {brewery_id}, t: {state})]", 0.0), operator: *, right: (1.0, 1.0), result: 0.0}
列 'p' 不存在，对列 state 不过滤，直接选择所有非无效值。
Block processing time: 0.002885 seconds
Computing Block 404 out of 663
Processing Block size=4
begin cleaner{left: ("[FunctionalDependency:(s: {brewery_id}, t: {state})]", 0.0), operator: *, right: (1.0, 1.0), result: 0.0}
列 'p' 不存在，对列 state 不过滤，直接选择所有非无效值。
Block processing time: 0.002878 seconds
Computing Block 405 out of 663
Processing Block size=3
begin cleaner{left: ("[FunctionalDependency:(s: {brewery_id}, t: {state})]", 0.0), operator: *, right: (1.0, 1.0), result: 0.0}
列 'p' 不存在，对列 state 不过滤，直接选择所有非无效值。
clean_bool length:3
newest best op: Uniop(df,'state','NC#@@',(['brewery_id'], {('524',)}),{left: ("[FunctionalDependency:(s: {brewery_id}, t: {state})]", 0.0), operator: *, right: (1.0, 1.0), result: 0.0})
now error: 0.0
newest best op: Uniop(df,'state','NC',(['brewery_id'], {('524',)}),{left: ("[FunctionalDependency:(s: {brewery_id}, t: {state})]", 0.0), operator: *, right: (1.0, 1.0), result: 0.0})
now error: 0.0
Block processing time: 0.007142 seconds
Computing Block 406 out of 663
Processing Block size=4
begin cleaner{left: ("[FunctionalDependency:(s: {brewery_id}, t: {state})]", 0.0), operator: *, right: (1.0, 1.0), result: 0.0}
列 'p' 不存在，对列 state 不过滤，直接选择所有非无效值。
Block processing time: 0.002904 seconds
Computing Block 407 out of 663
Processing Block size=2
begin cleaner{left: ("[FunctionalDependency:(s: {brewery_id}, t: {state})]", 0.0), operator: *, right: (1.0, 1.0), result: 0.0}
列 'p' 不存在，对列 state 不过滤，直接选择所有非无效值。
Block processing time: 0.001492 seconds
Computing Block 409 out of 663
Processing Block size=3
begin cleaner{left: ("[FunctionalDependency:(s: {brewery_id}, t: {state})]", 0.0), operator: *, right: (1.0, 1.0), result: 0.0}
列 'p' 不存在，对列 state 不过滤，直接选择所有非无效值。
Block processing time: 0.002198 seconds
Computing Block 412 out of 663
Processing Block size=5
begin cleaner{left: ("[FunctionalDependency:(s: {brewery_id}, t: {state})]", 0.0), operator: *, right: (1.0, 1.0), result: 0.0}
列 'p' 不存在，对列 state 不过滤，直接选择所有非无效值。
clean_bool length:2
newest best op: Uniop(df,'state','CA',(['brewery_id'], {('346',)}),{left: ("[FunctionalDependency:(s: {brewery_id}, t: {state})]", 0.0), operator: *, right: (1.0, 1.0), result: 0.0})
now error: 0.0
Block processing time: 0.007465 seconds
Computing Block 413 out of 663
Processing Block size=2
begin cleaner{left: ("[FunctionalDependency:(s: {brewery_id}, t: {state})]", 0.0), operator: *, right: (1.0, 1.0), result: 0.0}
列 'p' 不存在，对列 state 不过滤，直接选择所有非无效值。
Block processing time: 0.001512 seconds
Computing Block 414 out of 663
Processing Block size=2
begin cleaner{left: ("[FunctionalDependency:(s: {brewery_id}, t: {state})]", 0.0), operator: *, right: (1.0, 1.0), result: 0.0}
列 'p' 不存在，对列 state 不过滤，直接选择所有非无效值。
Block processing time: 0.001505 seconds
Computing Block 417 out of 663
Processing Block size=2
begin cleaner{left: ("[FunctionalDependency:(s: {brewery_id}, t: {state})]", 0.0), operator: *, right: (1.0, 1.0), result: 0.0}
列 'p' 不存在，对列 state 不过滤，直接选择所有非无效值。
Block processing time: 0.001498 seconds
Computing Block 419 out of 663
Processing Block size=5
begin cleaner{left: ("[FunctionalDependency:(s: {brewery_id}, t: {state})]", 0.0), operator: *, right: (1.0, 1.0), result: 0.0}
列 'p' 不存在，对列 state 不过滤，直接选择所有非无效值。
Block processing time: 0.003623 seconds
Computing Block 420 out of 663
Processing Block size=9
begin cleaner{left: ("[FunctionalDependency:(s: {brewery_id}, t: {state})]", 0.0), operator: *, right: (1.0, 1.0), result: 0.0}
列 'p' 不存在，对列 state 不过滤，直接选择所有非无效值。
clean_bool length:3
newest best op: Uniop(df,'state','MA@@',(['brewery_id'], {('300',)}),{left: ("[FunctionalDependency:(s: {brewery_id}, t: {state})]", 0.0), operator: *, right: (1.0, 1.0), result: 0.0})
now error: 0.0
newest best op: Uniop(df,'state','MA',(['brewery_id'], {('300',)}),{left: ("[FunctionalDependency:(s: {brewery_id}, t: {state})]", 0.0), operator: *, right: (1.0, 1.0), result: 0.0})
now error: 0.0
Block processing time: 0.019422 seconds
Computing Block 421 out of 663
Processing Block size=2
begin cleaner{left: ("[FunctionalDependency:(s: {brewery_id}, t: {state})]", 0.0), operator: *, right: (1.0, 1.0), result: 0.0}
列 'p' 不存在，对列 state 不过滤，直接选择所有非无效值。
Block processing time: 0.00153 seconds
Computing Block 423 out of 663
Processing Block size=2
begin cleaner{left: ("[FunctionalDependency:(s: {brewery_id}, t: {state})]", 0.0), operator: *, right: (1.0, 1.0), result: 0.0}
列 'p' 不存在，对列 state 不过滤，直接选择所有非无效值。
Block processing time: 0.001493 seconds
Computing Block 424 out of 663
Processing Block size=9
begin cleaner{left: ("[FunctionalDependency:(s: {brewery_id}, t: {state})]", 0.0), operator: *, right: (1.0, 1.0), result: 0.0}
列 'p' 不存在，对列 state 不过滤，直接选择所有非无效值。
Block processing time: 0.006357 seconds
Computing Block 425 out of 663
Processing Block size=2
begin cleaner{left: ("[FunctionalDependency:(s: {brewery_id}, t: {state})]", 0.0), operator: *, right: (1.0, 1.0), result: 0.0}
列 'p' 不存在，对列 state 不过滤，直接选择所有非无效值。
Block processing time: 0.001496 seconds
Computing Block 426 out of 663
Processing Block size=2
begin cleaner{left: ("[FunctionalDependency:(s: {brewery_id}, t: {state})]", 0.0), operator: *, right: (1.0, 1.0), result: 0.0}
列 'p' 不存在，对列 state 不过滤，直接选择所有非无效值。
clean_bool length:3
newest best op: Uniop(df,'state','MI',(['brewery_id'], {('338',)}),{left: ("[FunctionalDependency:(s: {brewery_id}, t: {state})]", 0.0), operator: *, right: (1.0, 1.0), result: 0.0})
now error: 0.0
Block processing time: 0.005088 seconds
Computing Block 427 out of 663
Processing Block size=7
begin cleaner{left: ("[FunctionalDependency:(s: {brewery_id}, t: {state})]", 0.0), operator: *, right: (1.0, 1.0), result: 0.0}
列 'p' 不存在，对列 state 不过滤，直接选择所有非无效值。
clean_bool length:3
newest best op: Uniop(df,'state','#??DC',(['brewery_id'], {('227',)}),{left: ("[FunctionalDependency:(s: {brewery_id}, t: {state})]", 0.0), operator: *, right: (1.0, 1.0), result: 0.0})
now error: 0.0
newest best op: Uniop(df,'state','DC',(['brewery_id'], {('227',)}),{left: ("[FunctionalDependency:(s: {brewery_id}, t: {state})]", 0.0), operator: *, right: (1.0, 1.0), result: 0.0})
now error: 0.0
Block processing time: 0.01569 seconds
Computing Block 431 out of 663
Processing Block size=2
begin cleaner{left: ("[FunctionalDependency:(s: {brewery_id}, t: {state})]", 0.0), operator: *, right: (1.0, 1.0), result: 0.0}
列 'p' 不存在，对列 state 不过滤，直接选择所有非无效值。
Block processing time: 0.001528 seconds
Computing Block 435 out of 663
Processing Block size=6
begin cleaner{left: ("[FunctionalDependency:(s: {brewery_id}, t: {state})]", 0.0), operator: *, right: (1.0, 1.0), result: 0.0}
列 'p' 不存在，对列 state 不过滤，直接选择所有非无效值。
clean_bool length:3
newest best op: Uniop(df,'state','NC',(['brewery_id'], {('360',)}),{left: ("[FunctionalDependency:(s: {brewery_id}, t: {state})]", 0.0), operator: *, right: (1.0, 1.0), result: 0.0})
now error: 0.0
Block processing time: 0.013445 seconds
Computing Block 436 out of 663
Processing Block size=2
begin cleaner{left: ("[FunctionalDependency:(s: {brewery_id}, t: {state})]", 0.0), operator: *, right: (1.0, 1.0), result: 0.0}
列 'p' 不存在，对列 state 不过滤，直接选择所有非无效值。
Block processing time: 0.001534 seconds
Computing Block 438 out of 663
Processing Block size=2
begin cleaner{left: ("[FunctionalDependency:(s: {brewery_id}, t: {state})]", 0.0), operator: *, right: (1.0, 1.0), result: 0.0}
列 'p' 不存在，对列 state 不过滤，直接选择所有非无效值。
Block processing time: 0.001502 seconds
Computing Block 440 out of 663
Processing Block size=2
begin cleaner{left: ("[FunctionalDependency:(s: {brewery_id}, t: {state})]", 0.0), operator: *, right: (1.0, 1.0), result: 0.0}
列 'p' 不存在，对列 state 不过滤，直接选择所有非无效值。
Block processing time: 0.001495 seconds
Computing Block 441 out of 663
Processing Block size=2
begin cleaner{left: ("[FunctionalDependency:(s: {brewery_id}, t: {state})]", 0.0), operator: *, right: (1.0, 1.0), result: 0.0}
列 'p' 不存在，对列 state 不过滤，直接选择所有非无效值。
Block processing time: 0.001523 seconds
Computing Block 443 out of 663
Processing Block size=3
begin cleaner{left: ("[FunctionalDependency:(s: {brewery_id}, t: {state})]", 0.0), operator: *, right: (1.0, 1.0), result: 0.0}
列 'p' 不存在，对列 state 不过滤，直接选择所有非无效值。
Block processing time: 0.002198 seconds
Computing Block 444 out of 663
Processing Block size=3
begin cleaner{left: ("[FunctionalDependency:(s: {brewery_id}, t: {state})]", 0.0), operator: *, right: (1.0, 1.0), result: 0.0}
列 'p' 不存在，对列 state 不过滤，直接选择所有非无效值。
Block processing time: 0.002204 seconds
Computing Block 445 out of 663
Processing Block size=4
begin cleaner{left: ("[FunctionalDependency:(s: {brewery_id}, t: {state})]", 0.0), operator: *, right: (1.0, 1.0), result: 0.0}
列 'p' 不存在，对列 state 不过滤，直接选择所有非无效值。
Block processing time: 0.002924 seconds
Computing Block 446 out of 663
Processing Block size=3
begin cleaner{left: ("[FunctionalDependency:(s: {brewery_id}, t: {state})]", 0.0), operator: *, right: (1.0, 1.0), result: 0.0}
列 'p' 不存在，对列 state 不过滤，直接选择所有非无效值。
clean_bool length:3
newest best op: Uniop(df,'state','W@@%A',(['brewery_id'], {('353',)}),{left: ("[FunctionalDependency:(s: {brewery_id}, t: {state})]", 0.0), operator: *, right: (1.0, 1.0), result: 0.0})
now error: 0.0
newest best op: Uniop(df,'state','WA',(['brewery_id'], {('353',)}),{left: ("[FunctionalDependency:(s: {brewery_id}, t: {state})]", 0.0), operator: *, right: (1.0, 1.0), result: 0.0})
now error: 0.0
Block processing time: 0.007191 seconds
Computing Block 449 out of 663
Processing Block size=7
begin cleaner{left: ("[FunctionalDependency:(s: {brewery_id}, t: {state})]", 0.0), operator: *, right: (1.0, 1.0), result: 0.0}
列 'p' 不存在，对列 state 不过滤，直接选择所有非无效值。
clean_bool length:3
newest best op: Uniop(df,'state','CO',(['brewery_id'], {('148',)}),{left: ("[FunctionalDependency:(s: {brewery_id}, t: {state})]", 0.0), operator: *, right: (1.0, 1.0), result: 0.0})
now error: 0.0
Block processing time: 0.015384 seconds
Computing Block 450 out of 663
Processing Block size=5
begin cleaner{left: ("[FunctionalDependency:(s: {brewery_id}, t: {state})]", 0.0), operator: *, right: (1.0, 1.0), result: 0.0}
列 'p' 不存在，对列 state 不过滤，直接选择所有非无效值。
clean_bool length:3
newest best op: Uniop(df,'state','U$T',(['brewery_id'], {('302',)}),{left: ("[FunctionalDependency:(s: {brewery_id}, t: {state})]", 0.0), operator: *, right: (1.0, 1.0), result: 0.0})
now error: 0.0
newest best op: Uniop(df,'state','UT',(['brewery_id'], {('302',)}),{left: ("[FunctionalDependency:(s: {brewery_id}, t: {state})]", 0.0), operator: *, right: (1.0, 1.0), result: 0.0})
now error: 0.0
Block processing time: 0.011341 seconds
Computing Block 453 out of 663
Processing Block size=22
begin cleaner{left: ("[FunctionalDependency:(s: {brewery_id}, t: {state})]", 0.0), operator: *, right: (1.0, 1.0), result: 0.0}
列 'p' 不存在，对列 state 不过滤，直接选择所有非无效值。
clean_bool length:4
newest best op: Uniop(df,'state','??WI',(['brewery_id'], {('131',)}),{left: ("[FunctionalDependency:(s: {brewery_id}, t: {state})]", 0.0), operator: *, right: (1.0, 1.0), result: 0.0})
now error: 0.0
newest best op: Uniop(df,'state','WI',(['brewery_id'], {('131',)}),{left: ("[FunctionalDependency:(s: {brewery_id}, t: {state})]", 0.0), operator: *, right: (1.0, 1.0), result: 0.0})
now error: 0.0
Block processing time: 0.061649 seconds
Computing Block 454 out of 663
Processing Block size=8
begin cleaner{left: ("[FunctionalDependency:(s: {brewery_id}, t: {state})]", 0.0), operator: *, right: (1.0, 1.0), result: 0.0}
列 'p' 不存在，对列 state 不过滤，直接选择所有非无效值。
clean_bool length:2
newest best op: Uniop(df,'state','IL',(['brewery_id'], {('44',)}),{left: ("[FunctionalDependency:(s: {brewery_id}, t: {state})]", 0.0), operator: *, right: (1.0, 1.0), result: 0.0})
now error: 0.0
Block processing time: 0.011516 seconds
Computing Block 455 out of 663
Processing Block size=3
begin cleaner{left: ("[FunctionalDependency:(s: {brewery_id}, t: {state})]", 0.0), operator: *, right: (1.0, 1.0), result: 0.0}
列 'p' 不存在，对列 state 不过滤，直接选择所有非无效值。
Block processing time: 0.002204 seconds
Computing Block 457 out of 663
Processing Block size=4
begin cleaner{left: ("[FunctionalDependency:(s: {brewery_id}, t: {state})]", 0.0), operator: *, right: (1.0, 1.0), result: 0.0}
列 'p' 不存在，对列 state 不过滤，直接选择所有非无效值。
Block processing time: 0.002918 seconds
Computing Block 458 out of 663
Processing Block size=2
begin cleaner{left: ("[FunctionalDependency:(s: {brewery_id}, t: {state})]", 0.0), operator: *, right: (1.0, 1.0), result: 0.0}
列 'p' 不存在，对列 state 不过滤，直接选择所有非无效值。
Block processing time: 0.00152 seconds
Computing Block 459 out of 663
Processing Block size=56
begin cleaner{left: ("[FunctionalDependency:(s: {brewery_id}, t: {state})]", 0.0), operator: *, right: (1.0, 1.0), result: 0.0}
列 'p' 不存在，对列 state 不过滤，直接选择所有非无效值。
clean_bool length:5
newest best op: Uniop(df,'state','%@@MI',(['brewery_id'], {('10',)}),{left: ("[FunctionalDependency:(s: {brewery_id}, t: {state})]", 0.0), operator: *, right: (1.0, 1.0), result: 0.0})
now error: 0.0
newest best op: Uniop(df,'state','MI',(['brewery_id'], {('10',)}),{left: ("[FunctionalDependency:(s: {brewery_id}, t: {state})]", 0.0), operator: *, right: (1.0, 1.0), result: 0.0})
now error: 0.0
Block processing time: 0.195514 seconds
Computing Block 460 out of 663
Processing Block size=11
begin cleaner{left: ("[FunctionalDependency:(s: {brewery_id}, t: {state})]", 0.0), operator: *, right: (1.0, 1.0), result: 0.0}
列 'p' 不存在，对列 state 不过滤，直接选择所有非无效值。
Block processing time: 0.008144 seconds
Computing Block 461 out of 663
Processing Block size=5
begin cleaner{left: ("[FunctionalDependency:(s: {brewery_id}, t: {state})]", 0.0), operator: *, right: (1.0, 1.0), result: 0.0}
列 'p' 不存在，对列 state 不过滤，直接选择所有非无效值。
clean_bool length:2
newest best op: Uniop(df,'state','UT',(['brewery_id'], {('364',)}),{left: ("[FunctionalDependency:(s: {brewery_id}, t: {state})]", 0.0), operator: *, right: (1.0, 1.0), result: 0.0})
now error: 0.0
Block processing time: 0.007672 seconds
Computing Block 464 out of 663
Processing Block size=2
begin cleaner{left: ("[FunctionalDependency:(s: {brewery_id}, t: {state})]", 0.0), operator: *, right: (1.0, 1.0), result: 0.0}
列 'p' 不存在，对列 state 不过滤，直接选择所有非无效值。
Block processing time: 0.0016 seconds
Computing Block 465 out of 663
Processing Block size=7
begin cleaner{left: ("[FunctionalDependency:(s: {brewery_id}, t: {state})]", 0.0), operator: *, right: (1.0, 1.0), result: 0.0}
列 'p' 不存在，对列 state 不过滤，直接选择所有非无效值。
clean_bool length:3
newest best op: Uniop(df,'state','I$N',(['brewery_id'], {('27',)}),{left: ("[FunctionalDependency:(s: {brewery_id}, t: {state})]", 0.0), operator: *, right: (1.0, 1.0), result: 0.0})
now error: 0.0
newest best op: Uniop(df,'state','IN',(['brewery_id'], {('27',)}),{left: ("[FunctionalDependency:(s: {brewery_id}, t: {state})]", 0.0), operator: *, right: (1.0, 1.0), result: 0.0})
now error: 0.0
Block processing time: 0.015479 seconds
Computing Block 467 out of 663
Processing Block size=3
begin cleaner{left: ("[FunctionalDependency:(s: {brewery_id}, t: {state})]", 0.0), operator: *, right: (1.0, 1.0), result: 0.0}
列 'p' 不存在，对列 state 不过滤，直接选择所有非无效值。
clean_bool length:2
newest best op: Uniop(df,'state','TN',(['brewery_id'], {('239',)}),{left: ("[FunctionalDependency:(s: {brewery_id}, t: {state})]", 0.0), operator: *, right: (1.0, 1.0), result: 0.0})
now error: 0.0
Block processing time: 0.004903 seconds
Computing Block 468 out of 663
Processing Block size=2
begin cleaner{left: ("[FunctionalDependency:(s: {brewery_id}, t: {state})]", 0.0), operator: *, right: (1.0, 1.0), result: 0.0}
列 'p' 不存在，对列 state 不过滤，直接选择所有非无效值。
Block processing time: 0.001544 seconds
Computing Block 469 out of 663
Processing Block size=3
begin cleaner{left: ("[FunctionalDependency:(s: {brewery_id}, t: {state})]", 0.0), operator: *, right: (1.0, 1.0), result: 0.0}
列 'p' 不存在，对列 state 不过滤，直接选择所有非无效值。
clean_bool length:2
newest best op: Uniop(df,'state','FL',(['brewery_id'], {('378',)}),{left: ("[FunctionalDependency:(s: {brewery_id}, t: {state})]", 0.0), operator: *, right: (1.0, 1.0), result: 0.0})
now error: 0.0
Block processing time: 0.004789 seconds
Computing Block 470 out of 663
Processing Block size=2
begin cleaner{left: ("[FunctionalDependency:(s: {brewery_id}, t: {state})]", 0.0), operator: *, right: (1.0, 1.0), result: 0.0}
列 'p' 不存在，对列 state 不过滤，直接选择所有非无效值。
Block processing time: 0.001535 seconds
Computing Block 471 out of 663
Processing Block size=12
begin cleaner{left: ("[FunctionalDependency:(s: {brewery_id}, t: {state})]", 0.0), operator: *, right: (1.0, 1.0), result: 0.0}
列 'p' 不存在，对列 state 不过滤，直接选择所有非无效值。
clean_bool length:3
newest best op: Uniop(df,'state','@@KY',(['brewery_id'], {('1',)}),{left: ("[FunctionalDependency:(s: {brewery_id}, t: {state})]", 0.0), operator: *, right: (1.0, 1.0), result: 0.0})
now error: 0.0
newest best op: Uniop(df,'state','KY',(['brewery_id'], {('1',)}),{left: ("[FunctionalDependency:(s: {brewery_id}, t: {state})]", 0.0), operator: *, right: (1.0, 1.0), result: 0.0})
now error: 0.0
Block processing time: 0.026029 seconds
Computing Block 472 out of 663
Processing Block size=4
begin cleaner{left: ("[FunctionalDependency:(s: {brewery_id}, t: {state})]", 0.0), operator: *, right: (1.0, 1.0), result: 0.0}
列 'p' 不存在，对列 state 不过滤，直接选择所有非无效值。
Block processing time: 0.002948 seconds
Computing Block 474 out of 663
Processing Block size=3
begin cleaner{left: ("[FunctionalDependency:(s: {brewery_id}, t: {state})]", 0.0), operator: *, right: (1.0, 1.0), result: 0.0}
列 'p' 不存在，对列 state 不过滤，直接选择所有非无效值。
Block processing time: 0.002245 seconds
Computing Block 475 out of 663
Processing Block size=2
begin cleaner{left: ("[FunctionalDependency:(s: {brewery_id}, t: {state})]", 0.0), operator: *, right: (1.0, 1.0), result: 0.0}
列 'p' 不存在，对列 state 不过滤，直接选择所有非无效值。
clean_bool length:2
newest best op: Uniop(df,'state','OR',(['brewery_id'], {('436',)}),{left: ("[FunctionalDependency:(s: {brewery_id}, t: {state})]", 0.0), operator: *, right: (1.0, 1.0), result: 0.0})
now error: 0.0
Block processing time: 0.003524 seconds
Computing Block 476 out of 663
Processing Block size=2
begin cleaner{left: ("[FunctionalDependency:(s: {brewery_id}, t: {state})]", 0.0), operator: *, right: (1.0, 1.0), result: 0.0}
列 'p' 不存在，对列 state 不过滤，直接选择所有非无效值。
Block processing time: 0.001521 seconds
Computing Block 480 out of 663
Processing Block size=5
begin cleaner{left: ("[FunctionalDependency:(s: {brewery_id}, t: {state})]", 0.0), operator: *, right: (1.0, 1.0), result: 0.0}
列 'p' 不存在，对列 state 不过滤，直接选择所有非无效值。
clean_bool length:3
newest best op: Uniop(df,'state','MI',(['brewery_id'], {('72',)}),{left: ("[FunctionalDependency:(s: {brewery_id}, t: {state})]", 0.0), operator: *, right: (1.0, 1.0), result: 0.0})
now error: 0.0
Block processing time: 0.011349 seconds
Computing Block 482 out of 663
Processing Block size=6
begin cleaner{left: ("[FunctionalDependency:(s: {brewery_id}, t: {state})]", 0.0), operator: *, right: (1.0, 1.0), result: 0.0}
列 'p' 不存在，对列 state 不过滤，直接选择所有非无效值。
clean_bool length:3
newest best op: Uniop(df,'state','TX',(['brewery_id'], {('470',)}),{left: ("[FunctionalDependency:(s: {brewery_id}, t: {state})]", 0.0), operator: *, right: (1.0, 1.0), result: 0.0})
now error: 0.0
Block processing time: 0.01348 seconds
Computing Block 485 out of 663
Processing Block size=3
begin cleaner{left: ("[FunctionalDependency:(s: {brewery_id}, t: {state})]", 0.0), operator: *, right: (1.0, 1.0), result: 0.0}
列 'p' 不存在，对列 state 不过滤，直接选择所有非无效值。
Block processing time: 0.002262 seconds
Computing Block 486 out of 663
Processing Block size=16
begin cleaner{left: ("[FunctionalDependency:(s: {brewery_id}, t: {state})]", 0.0), operator: *, right: (1.0, 1.0), result: 0.0}
列 'p' 不存在，对列 state 不过滤，直接选择所有非无效值。
clean_bool length:2
newest best op: Uniop(df,'state','CO',(['brewery_id'], {('51',)}),{left: ("[FunctionalDependency:(s: {brewery_id}, t: {state})]", 0.0), operator: *, right: (1.0, 1.0), result: 0.0})
now error: 0.0
Block processing time: 0.022552 seconds
Computing Block 488 out of 663
Processing Block size=3
begin cleaner{left: ("[FunctionalDependency:(s: {brewery_id}, t: {state})]", 0.0), operator: *, right: (1.0, 1.0), result: 0.0}
列 'p' 不存在，对列 state 不过滤，直接选择所有非无效值。
Block processing time: 0.002255 seconds
Computing Block 489 out of 663
Processing Block size=4
begin cleaner{left: ("[FunctionalDependency:(s: {brewery_id}, t: {state})]", 0.0), operator: *, right: (1.0, 1.0), result: 0.0}
列 'p' 不存在，对列 state 不过滤，直接选择所有非无效值。
clean_bool length:3
newest best op: Uniop(df,'state','@@WI',(['brewery_id'], {('211',)}),{left: ("[FunctionalDependency:(s: {brewery_id}, t: {state})]", 0.0), operator: *, right: (1.0, 1.0), result: 0.0})
now error: 0.0
newest best op: Uniop(df,'state','WI',(['brewery_id'], {('211',)}),{left: ("[FunctionalDependency:(s: {brewery_id}, t: {state})]", 0.0), operator: *, right: (1.0, 1.0), result: 0.0})
now error: 0.0
Block processing time: 0.009207 seconds
Computing Block 491 out of 663
Processing Block size=4
begin cleaner{left: ("[FunctionalDependency:(s: {brewery_id}, t: {state})]", 0.0), operator: *, right: (1.0, 1.0), result: 0.0}
列 'p' 不存在，对列 state 不过滤，直接选择所有非无效值。
clean_bool length:2
newest best op: Uniop(df,'state','MA',(['brewery_id'], {('2',)}),{left: ("[FunctionalDependency:(s: {brewery_id}, t: {state})]", 0.0), operator: *, right: (1.0, 1.0), result: 0.0})
now error: 0.0
Block processing time: 0.006287 seconds
Computing Block 493 out of 663
Processing Block size=5
begin cleaner{left: ("[FunctionalDependency:(s: {brewery_id}, t: {state})]", 0.0), operator: *, right: (1.0, 1.0), result: 0.0}
列 'p' 不存在，对列 state 不过滤，直接选择所有非无效值。
clean_bool length:2
newest best op: Uniop(df,'state','OR',(['brewery_id'], {('116',)}),{left: ("[FunctionalDependency:(s: {brewery_id}, t: {state})]", 0.0), operator: *, right: (1.0, 1.0), result: 0.0})
now error: 0.0
Block processing time: 0.007537 seconds
Computing Block 494 out of 663
Processing Block size=3
begin cleaner{left: ("[FunctionalDependency:(s: {brewery_id}, t: {state})]", 0.0), operator: *, right: (1.0, 1.0), result: 0.0}
列 'p' 不存在，对列 state 不过滤，直接选择所有非无效值。
Block processing time: 0.002273 seconds
Computing Block 495 out of 663
Processing Block size=5
begin cleaner{left: ("[FunctionalDependency:(s: {brewery_id}, t: {state})]", 0.0), operator: *, right: (1.0, 1.0), result: 0.0}
列 'p' 不存在，对列 state 不过滤，直接选择所有非无效值。
Block processing time: 0.003606 seconds
Computing Block 497 out of 663
Processing Block size=3
begin cleaner{left: ("[FunctionalDependency:(s: {brewery_id}, t: {state})]", 0.0), operator: *, right: (1.0, 1.0), result: 0.0}
列 'p' 不存在，对列 state 不过滤，直接选择所有非无效值。
Block processing time: 0.002262 seconds
Computing Block 498 out of 663
Processing Block size=2
begin cleaner{left: ("[FunctionalDependency:(s: {brewery_id}, t: {state})]", 0.0), operator: *, right: (1.0, 1.0), result: 0.0}
列 'p' 不存在，对列 state 不过滤，直接选择所有非无效值。
clean_bool length:2
newest best op: Uniop(df,'state','TX',(['brewery_id'], {('426',)}),{left: ("[FunctionalDependency:(s: {brewery_id}, t: {state})]", 0.0), operator: *, right: (1.0, 1.0), result: 0.0})
now error: 0.0
Block processing time: 0.003445 seconds
Computing Block 499 out of 663
Processing Block size=5
begin cleaner{left: ("[FunctionalDependency:(s: {brewery_id}, t: {state})]", 0.0), operator: *, right: (1.0, 1.0), result: 0.0}
列 'p' 不存在，对列 state 不过滤，直接选择所有非无效值。
clean_bool length:3
newest best op: Uniop(df,'state','TX',(['brewery_id'], {('413',)}),{left: ("[FunctionalDependency:(s: {brewery_id}, t: {state})]", 0.0), operator: *, right: (1.0, 1.0), result: 0.0})
now error: 0.0
Block processing time: 0.011252 seconds
Computing Block 500 out of 663
Processing Block size=2
begin cleaner{left: ("[FunctionalDependency:(s: {brewery_id}, t: {state})]", 0.0), operator: *, right: (1.0, 1.0), result: 0.0}
列 'p' 不存在，对列 state 不过滤，直接选择所有非无效值。
Block processing time: 0.001525 seconds
Computing Block 501 out of 663
Processing Block size=3
begin cleaner{left: ("[FunctionalDependency:(s: {brewery_id}, t: {state})]", 0.0), operator: *, right: (1.0, 1.0), result: 0.0}
列 'p' 不存在，对列 state 不过滤，直接选择所有非无效值。
Block processing time: 0.002238 seconds
Computing Block 502 out of 663
Processing Block size=4
begin cleaner{left: ("[FunctionalDependency:(s: {brewery_id}, t: {state})]", 0.0), operator: *, right: (1.0, 1.0), result: 0.0}
列 'p' 不存在，对列 state 不过滤，直接选择所有非无效值。
clean_bool length:2
newest best op: Uniop(df,'state','MI',(['brewery_id'], {('59',)}),{left: ("[FunctionalDependency:(s: {brewery_id}, t: {state})]", 0.0), operator: *, right: (1.0, 1.0), result: 0.0})
now error: 0.0
Block processing time: 0.00612 seconds
Computing Block 503 out of 663
Processing Block size=5
begin cleaner{left: ("[FunctionalDependency:(s: {brewery_id}, t: {state})]", 0.0), operator: *, right: (1.0, 1.0), result: 0.0}
列 'p' 不存在，对列 state 不过滤，直接选择所有非无效值。
clean_bool length:3
newest best op: Uniop(df,'state','OR',(['brewery_id'], {('199',)}),{left: ("[FunctionalDependency:(s: {brewery_id}, t: {state})]", 0.0), operator: *, right: (1.0, 1.0), result: 0.0})
now error: 0.0
Block processing time: 0.01134 seconds
Computing Block 504 out of 663
Processing Block size=4
begin cleaner{left: ("[FunctionalDependency:(s: {brewery_id}, t: {state})]", 0.0), operator: *, right: (1.0, 1.0), result: 0.0}
列 'p' 不存在，对列 state 不过滤，直接选择所有非无效值。
clean_bool length:3
newest best op: Uniop(df,'state','ME@@??',(['brewery_id'], {('385',)}),{left: ("[FunctionalDependency:(s: {brewery_id}, t: {state})]", 0.0), operator: *, right: (1.0, 1.0), result: 0.0})
now error: 0.0
newest best op: Uniop(df,'state','ME',(['brewery_id'], {('385',)}),{left: ("[FunctionalDependency:(s: {brewery_id}, t: {state})]", 0.0), operator: *, right: (1.0, 1.0), result: 0.0})
now error: 0.0
Block processing time: 0.009609 seconds
Computing Block 506 out of 663
Processing Block size=4
begin cleaner{left: ("[FunctionalDependency:(s: {brewery_id}, t: {state})]", 0.0), operator: *, right: (1.0, 1.0), result: 0.0}
列 'p' 不存在，对列 state 不过滤，直接选择所有非无效值。
Block processing time: 0.003027 seconds
Computing Block 507 out of 663
Processing Block size=2
begin cleaner{left: ("[FunctionalDependency:(s: {brewery_id}, t: {state})]", 0.0), operator: *, right: (1.0, 1.0), result: 0.0}
列 'p' 不存在，对列 state 不过滤，直接选择所有非无效值。
Block processing time: 0.001557 seconds
Computing Block 510 out of 663
Processing Block size=2
begin cleaner{left: ("[FunctionalDependency:(s: {brewery_id}, t: {state})]", 0.0), operator: *, right: (1.0, 1.0), result: 0.0}
列 'p' 不存在，对列 state 不过滤，直接选择所有非无效值。
clean_bool length:2
newest best op: Uniop(df,'state','MA',(['brewery_id'], {('267',)}),{left: ("[FunctionalDependency:(s: {brewery_id}, t: {state})]", 0.0), operator: *, right: (1.0, 1.0), result: 0.0})
now error: 0.0
Block processing time: 0.003549 seconds
Computing Block 511 out of 663
Processing Block size=5
begin cleaner{left: ("[FunctionalDependency:(s: {brewery_id}, t: {state})]", 0.0), operator: *, right: (1.0, 1.0), result: 0.0}
列 'p' 不存在，对列 state 不过滤，直接选择所有非无效值。
Block processing time: 0.003654 seconds
Computing Block 512 out of 663
Processing Block size=15
begin cleaner{left: ("[FunctionalDependency:(s: {brewery_id}, t: {state})]", 0.0), operator: *, right: (1.0, 1.0), result: 0.0}
列 'p' 不存在，对列 state 不过滤，直接选择所有非无效值。
Block processing time: 0.010737 seconds
Computing Block 513 out of 663
Processing Block size=3
begin cleaner{left: ("[FunctionalDependency:(s: {brewery_id}, t: {state})]", 0.0), operator: *, right: (1.0, 1.0), result: 0.0}
列 'p' 不存在，对列 state 不过滤，直接选择所有非无效值。
clean_bool length:2
newest best op: Uniop(df,'state','CA',(['brewery_id'], {('98',)}),{left: ("[FunctionalDependency:(s: {brewery_id}, t: {state})]", 0.0), operator: *, right: (1.0, 1.0), result: 0.0})
now error: 0.0
Block processing time: 0.004793 seconds
Computing Block 515 out of 663
Processing Block size=5
begin cleaner{left: ("[FunctionalDependency:(s: {brewery_id}, t: {state})]", 0.0), operator: *, right: (1.0, 1.0), result: 0.0}
列 'p' 不存在，对列 state 不过滤，直接选择所有非无效值。
Block processing time: 0.003628 seconds
Computing Block 516 out of 663
Processing Block size=2
begin cleaner{left: ("[FunctionalDependency:(s: {brewery_id}, t: {state})]", 0.0), operator: *, right: (1.0, 1.0), result: 0.0}
列 'p' 不存在，对列 state 不过滤，直接选择所有非无效值。
Block processing time: 0.001512 seconds
Computing Block 517 out of 663
Processing Block size=2
begin cleaner{left: ("[FunctionalDependency:(s: {brewery_id}, t: {state})]", 0.0), operator: *, right: (1.0, 1.0), result: 0.0}
列 'p' 不存在，对列 state 不过滤，直接选择所有非无效值。
Block processing time: 0.001503 seconds
Computing Block 518 out of 663
Processing Block size=3
begin cleaner{left: ("[FunctionalDependency:(s: {brewery_id}, t: {state})]", 0.0), operator: *, right: (1.0, 1.0), result: 0.0}
列 'p' 不存在，对列 state 不过滤，直接选择所有非无效值。
Block processing time: 0.002199 seconds
Computing Block 520 out of 663
Processing Block size=2
begin cleaner{left: ("[FunctionalDependency:(s: {brewery_id}, t: {state})]", 0.0), operator: *, right: (1.0, 1.0), result: 0.0}
列 'p' 不存在，对列 state 不过滤，直接选择所有非无效值。
Block processing time: 0.001506 seconds
Computing Block 521 out of 663
Processing Block size=2
begin cleaner{left: ("[FunctionalDependency:(s: {brewery_id}, t: {state})]", 0.0), operator: *, right: (1.0, 1.0), result: 0.0}
列 'p' 不存在，对列 state 不过滤，直接选择所有非无效值。
Block processing time: 0.001518 seconds
Computing Block 525 out of 663
Processing Block size=4
begin cleaner{left: ("[FunctionalDependency:(s: {brewery_id}, t: {state})]", 0.0), operator: *, right: (1.0, 1.0), result: 0.0}
列 'p' 不存在，对列 state 不过滤，直接选择所有非无效值。
clean_bool length:3
newest best op: Uniop(df,'state','OR',(['brewery_id'], {('374',)}),{left: ("[FunctionalDependency:(s: {brewery_id}, t: {state})]", 0.0), operator: *, right: (1.0, 1.0), result: 0.0})
now error: 0.0
Block processing time: 0.009193 seconds
Computing Block 526 out of 663
Processing Block size=2
begin cleaner{left: ("[FunctionalDependency:(s: {brewery_id}, t: {state})]", 0.0), operator: *, right: (1.0, 1.0), result: 0.0}
列 'p' 不存在，对列 state 不过滤，直接选择所有非无效值。
Block processing time: 0.001522 seconds
Computing Block 528 out of 663
Processing Block size=8
begin cleaner{left: ("[FunctionalDependency:(s: {brewery_id}, t: {state})]", 0.0), operator: *, right: (1.0, 1.0), result: 0.0}
列 'p' 不存在，对列 state 不过滤，直接选择所有非无效值。
Block processing time: 0.005771 seconds
Computing Block 530 out of 663
Processing Block size=7
begin cleaner{left: ("[FunctionalDependency:(s: {brewery_id}, t: {state})]", 0.0), operator: *, right: (1.0, 1.0), result: 0.0}
列 'p' 不存在，对列 state 不过滤，直接选择所有非无效值。
Block processing time: 0.00508 seconds
Computing Block 531 out of 663
Processing Block size=5
begin cleaner{left: ("[FunctionalDependency:(s: {brewery_id}, t: {state})]", 0.0), operator: *, right: (1.0, 1.0), result: 0.0}
列 'p' 不存在，对列 state 不过滤，直接选择所有非无效值。
Block processing time: 0.003613 seconds
Computing Block 532 out of 663
Processing Block size=9
begin cleaner{left: ("[FunctionalDependency:(s: {brewery_id}, t: {state})]", 0.0), operator: *, right: (1.0, 1.0), result: 0.0}
列 'p' 不存在，对列 state 不过滤，直接选择所有非无效值。
clean_bool length:2
newest best op: Uniop(df,'state','IL',(['brewery_id'], {('361',)}),{left: ("[FunctionalDependency:(s: {brewery_id}, t: {state})]", 0.0), operator: *, right: (1.0, 1.0), result: 0.0})
now error: 0.0
Block processing time: 0.01295 seconds
Computing Block 533 out of 663
Processing Block size=2
begin cleaner{left: ("[FunctionalDependency:(s: {brewery_id}, t: {state})]", 0.0), operator: *, right: (1.0, 1.0), result: 0.0}
列 'p' 不存在，对列 state 不过滤，直接选择所有非无效值。
clean_bool length:2
newest best op: Uniop(df,'state','CO',(['brewery_id'], {('452',)}),{left: ("[FunctionalDependency:(s: {brewery_id}, t: {state})]", 0.0), operator: *, right: (1.0, 1.0), result: 0.0})
now error: 0.0
Block processing time: 0.003436 seconds
Computing Block 534 out of 663
Processing Block size=2
begin cleaner{left: ("[FunctionalDependency:(s: {brewery_id}, t: {state})]", 0.0), operator: *, right: (1.0, 1.0), result: 0.0}
列 'p' 不存在，对列 state 不过滤，直接选择所有非无效值。
Block processing time: 0.00152 seconds
Computing Block 536 out of 663
Processing Block size=5
begin cleaner{left: ("[FunctionalDependency:(s: {brewery_id}, t: {state})]", 0.0), operator: *, right: (1.0, 1.0), result: 0.0}
列 'p' 不存在，对列 state 不过滤，直接选择所有非无效值。
Block processing time: 0.003655 seconds
Computing Block 541 out of 663
Processing Block size=2
begin cleaner{left: ("[FunctionalDependency:(s: {brewery_id}, t: {state})]", 0.0), operator: *, right: (1.0, 1.0), result: 0.0}
列 'p' 不存在，对列 state 不过滤，直接选择所有非无效值。
clean_bool length:2
newest best op: Uniop(df,'state','IA',(['brewery_id'], {('482',)}),{left: ("[FunctionalDependency:(s: {brewery_id}, t: {state})]", 0.0), operator: *, right: (1.0, 1.0), result: 0.0})
now error: 0.0
Block processing time: 0.003438 seconds
Computing Block 542 out of 663
Processing Block size=4
begin cleaner{left: ("[FunctionalDependency:(s: {brewery_id}, t: {state})]", 0.0), operator: *, right: (1.0, 1.0), result: 0.0}
列 'p' 不存在，对列 state 不过滤，直接选择所有非无效值。
Block processing time: 0.002936 seconds
Computing Block 543 out of 663
Processing Block size=3
begin cleaner{left: ("[FunctionalDependency:(s: {brewery_id}, t: {state})]", 0.0), operator: *, right: (1.0, 1.0), result: 0.0}
列 'p' 不存在，对列 state 不过滤，直接选择所有非无效值。
Block processing time: 0.00221 seconds
Computing Block 544 out of 663
Processing Block size=2
begin cleaner{left: ("[FunctionalDependency:(s: {brewery_id}, t: {state})]", 0.0), operator: *, right: (1.0, 1.0), result: 0.0}
列 'p' 不存在，对列 state 不过滤，直接选择所有非无效值。
Block processing time: 0.001539 seconds
Computing Block 545 out of 663
Processing Block size=5
begin cleaner{left: ("[FunctionalDependency:(s: {brewery_id}, t: {state})]", 0.0), operator: *, right: (1.0, 1.0), result: 0.0}
列 'p' 不存在，对列 state 不过滤，直接选择所有非无效值。
Block processing time: 0.00362 seconds
Computing Block 548 out of 663
Processing Block size=6
begin cleaner{left: ("[FunctionalDependency:(s: {brewery_id}, t: {state})]", 0.0), operator: *, right: (1.0, 1.0), result: 0.0}
列 'p' 不存在，对列 state 不过滤，直接选择所有非无效值。
Block processing time: 0.004312 seconds
Computing Block 549 out of 663
Processing Block size=2
begin cleaner{left: ("[FunctionalDependency:(s: {brewery_id}, t: {state})]", 0.0), operator: *, right: (1.0, 1.0), result: 0.0}
列 'p' 不存在，对列 state 不过滤，直接选择所有非无效值。
clean_bool length:3
newest best op: Uniop(df,'state','L#A@@',(['brewery_id'], {('269',)}),{left: ("[FunctionalDependency:(s: {brewery_id}, t: {state})]", 0.0), operator: *, right: (1.0, 1.0), result: 0.0})
now error: 0.0
Block processing time: 0.005075 seconds
Computing Block 550 out of 663
Processing Block size=10
begin cleaner{left: ("[FunctionalDependency:(s: {brewery_id}, t: {state})]", 0.0), operator: *, right: (1.0, 1.0), result: 0.0}
列 'p' 不存在，对列 state 不过滤，直接选择所有非无效值。
Block processing time: 0.007164 seconds
Computing Block 553 out of 663
Processing Block size=6
begin cleaner{left: ("[FunctionalDependency:(s: {brewery_id}, t: {state})]", 0.0), operator: *, right: (1.0, 1.0), result: 0.0}
列 'p' 不存在，对列 state 不过滤，直接选择所有非无效值。
Block processing time: 0.004899 seconds
Computing Block 554 out of 663
Processing Block size=6
begin cleaner{left: ("[FunctionalDependency:(s: {brewery_id}, t: {state})]", 0.0), operator: *, right: (1.0, 1.0), result: 0.0}
列 'p' 不存在，对列 state 不过滤，直接选择所有非无效值。
Block processing time: 0.004294 seconds
Computing Block 555 out of 663
Processing Block size=6
begin cleaner{left: ("[FunctionalDependency:(s: {brewery_id}, t: {state})]", 0.0), operator: *, right: (1.0, 1.0), result: 0.0}
列 'p' 不存在，对列 state 不过滤，直接选择所有非无效值。
Block processing time: 0.004434 seconds
Computing Block 556 out of 663
Processing Block size=5
begin cleaner{left: ("[FunctionalDependency:(s: {brewery_id}, t: {state})]", 0.0), operator: *, right: (1.0, 1.0), result: 0.0}
列 'p' 不存在，对列 state 不过滤，直接选择所有非无效值。
Block processing time: 0.003625 seconds
Computing Block 558 out of 663
Processing Block size=4
begin cleaner{left: ("[FunctionalDependency:(s: {brewery_id}, t: {state})]", 0.0), operator: *, right: (1.0, 1.0), result: 0.0}
列 'p' 不存在，对列 state 不过滤，直接选择所有非无效值。
clean_bool length:3
newest best op: Uniop(df,'state','IN',(['brewery_id'], {('22',)}),{left: ("[FunctionalDependency:(s: {brewery_id}, t: {state})]", 0.0), operator: *, right: (1.0, 1.0), result: 0.0})
now error: 0.0
Block processing time: 0.009215 seconds
Computing Block 560 out of 663
Processing Block size=2
begin cleaner{left: ("[FunctionalDependency:(s: {brewery_id}, t: {state})]", 0.0), operator: *, right: (1.0, 1.0), result: 0.0}
列 'p' 不存在，对列 state 不过滤，直接选择所有非无效值。
Block processing time: 0.001576 seconds
Computing Block 561 out of 663
Processing Block size=18
begin cleaner{left: ("[FunctionalDependency:(s: {brewery_id}, t: {state})]", 0.0), operator: *, right: (1.0, 1.0), result: 0.0}
列 'p' 不存在，对列 state 不过滤，直接选择所有非无效值。
clean_bool length:2
newest best op: Uniop(df,'state','IA',(['brewery_id'], {('365',)}),{left: ("[FunctionalDependency:(s: {brewery_id}, t: {state})]", 0.0), operator: *, right: (1.0, 1.0), result: 0.0})
now error: 0.0
Block processing time: 0.025172 seconds
Computing Block 564 out of 663
Processing Block size=8
begin cleaner{left: ("[FunctionalDependency:(s: {brewery_id}, t: {state})]", 0.0), operator: *, right: (1.0, 1.0), result: 0.0}
列 'p' 不存在，对列 state 不过滤，直接选择所有非无效值。
clean_bool length:2
newest best op: Uniop(df,'state','TX',(['brewery_id'], {('125',)}),{left: ("[FunctionalDependency:(s: {brewery_id}, t: {state})]", 0.0), operator: *, right: (1.0, 1.0), result: 0.0})
now error: 0.0
Block processing time: 0.011682 seconds
Computing Block 566 out of 663
Processing Block size=4
begin cleaner{left: ("[FunctionalDependency:(s: {brewery_id}, t: {state})]", 0.0), operator: *, right: (1.0, 1.0), result: 0.0}
列 'p' 不存在，对列 state 不过滤，直接选择所有非无效值。
clean_bool length:3
newest best op: Uniop(df,'state','MN',(['brewery_id'], {('258',)}),{left: ("[FunctionalDependency:(s: {brewery_id}, t: {state})]", 0.0), operator: *, right: (1.0, 1.0), result: 0.0})
now error: 0.0
Block processing time: 0.009287 seconds
Computing Block 567 out of 663
Processing Block size=3
begin cleaner{left: ("[FunctionalDependency:(s: {brewery_id}, t: {state})]", 0.0), operator: *, right: (1.0, 1.0), result: 0.0}
列 'p' 不存在，对列 state 不过滤，直接选择所有非无效值。
Block processing time: 0.002256 seconds
Computing Block 569 out of 663
Processing Block size=2
begin cleaner{left: ("[FunctionalDependency:(s: {brewery_id}, t: {state})]", 0.0), operator: *, right: (1.0, 1.0), result: 0.0}
列 'p' 不存在，对列 state 不过滤，直接选择所有非无效值。
Block processing time: 0.001529 seconds
Computing Block 571 out of 663
Processing Block size=3
begin cleaner{left: ("[FunctionalDependency:(s: {brewery_id}, t: {state})]", 0.0), operator: *, right: (1.0, 1.0), result: 0.0}
列 'p' 不存在，对列 state 不过滤，直接选择所有非无效值。
Block processing time: 0.002226 seconds
Computing Block 572 out of 663
Processing Block size=4
begin cleaner{left: ("[FunctionalDependency:(s: {brewery_id}, t: {state})]", 0.0), operator: *, right: (1.0, 1.0), result: 0.0}
列 'p' 不存在，对列 state 不过滤，直接选择所有非无效值。
clean_bool length:3
newest best op: Uniop(df,'state','CO',(['brewery_id'], {('119',)}),{left: ("[FunctionalDependency:(s: {brewery_id}, t: {state})]", 0.0), operator: *, right: (1.0, 1.0), result: 0.0})
now error: 0.0
Block processing time: 0.00927 seconds
Computing Block 574 out of 663
Processing Block size=2
begin cleaner{left: ("[FunctionalDependency:(s: {brewery_id}, t: {state})]", 0.0), operator: *, right: (1.0, 1.0), result: 0.0}
列 'p' 不存在，对列 state 不过滤，直接选择所有非无效值。
Block processing time: 0.001516 seconds
Computing Block 575 out of 663
Processing Block size=3
begin cleaner{left: ("[FunctionalDependency:(s: {brewery_id}, t: {state})]", 0.0), operator: *, right: (1.0, 1.0), result: 0.0}
列 'p' 不存在，对列 state 不过滤，直接选择所有非无效值。
clean_bool length:3
newest best op: Uniop(df,'state','CO',(['brewery_id'], {('551',)}),{left: ("[FunctionalDependency:(s: {brewery_id}, t: {state})]", 0.0), operator: *, right: (1.0, 1.0), result: 0.0})
now error: 0.0
Block processing time: 0.007211 seconds
Computing Block 576 out of 663
Processing Block size=2
begin cleaner{left: ("[FunctionalDependency:(s: {brewery_id}, t: {state})]", 0.0), operator: *, right: (1.0, 1.0), result: 0.0}
列 'p' 不存在，对列 state 不过滤，直接选择所有非无效值。
clean_bool length:3
newest best op: Uniop(df,'state','SC',(['brewery_id'], {('246',)}),{left: ("[FunctionalDependency:(s: {brewery_id}, t: {state})]", 0.0), operator: *, right: (1.0, 1.0), result: 0.0})
now error: 0.0
Block processing time: 0.005087 seconds
Computing Block 577 out of 663
Processing Block size=2
begin cleaner{left: ("[FunctionalDependency:(s: {brewery_id}, t: {state})]", 0.0), operator: *, right: (1.0, 1.0), result: 0.0}
列 'p' 不存在，对列 state 不过滤，直接选择所有非无效值。
clean_bool length:2
newest best op: Uniop(df,'state','MI',(['brewery_id'], {('440',)}),{left: ("[FunctionalDependency:(s: {brewery_id}, t: {state})]", 0.0), operator: *, right: (1.0, 1.0), result: 0.0})
now error: 0.0
Block processing time: 0.003488 seconds
Computing Block 578 out of 663
Processing Block size=2
begin cleaner{left: ("[FunctionalDependency:(s: {brewery_id}, t: {state})]", 0.0), operator: *, right: (1.0, 1.0), result: 0.0}
列 'p' 不存在，对列 state 不过滤，直接选择所有非无效值。
Block processing time: 0.001513 seconds
Computing Block 579 out of 663
Processing Block size=2
begin cleaner{left: ("[FunctionalDependency:(s: {brewery_id}, t: {state})]", 0.0), operator: *, right: (1.0, 1.0), result: 0.0}
列 'p' 不存在，对列 state 不过滤，直接选择所有非无效值。
Block processing time: 0.001553 seconds
Computing Block 581 out of 663
Processing Block size=2
begin cleaner{left: ("[FunctionalDependency:(s: {brewery_id}, t: {state})]", 0.0), operator: *, right: (1.0, 1.0), result: 0.0}
列 'p' 不存在，对列 state 不过滤，直接选择所有非无效值。
Block processing time: 0.001525 seconds
Computing Block 582 out of 663
Processing Block size=2
begin cleaner{left: ("[FunctionalDependency:(s: {brewery_id}, t: {state})]", 0.0), operator: *, right: (1.0, 1.0), result: 0.0}
列 'p' 不存在，对列 state 不过滤，直接选择所有非无效值。
Block processing time: 0.001528 seconds
Computing Block 583 out of 663
Processing Block size=7
begin cleaner{left: ("[FunctionalDependency:(s: {brewery_id}, t: {state})]", 0.0), operator: *, right: (1.0, 1.0), result: 0.0}
列 'p' 不存在，对列 state 不过滤，直接选择所有非无效值。
Block processing time: 0.005039 seconds
Computing Block 584 out of 663
Processing Block size=2
begin cleaner{left: ("[FunctionalDependency:(s: {brewery_id}, t: {state})]", 0.0), operator: *, right: (1.0, 1.0), result: 0.0}
列 'p' 不存在，对列 state 不过滤，直接选择所有非无效值。
Block processing time: 0.001507 seconds
Computing Block 585 out of 663
Processing Block size=2
begin cleaner{left: ("[FunctionalDependency:(s: {brewery_id}, t: {state})]", 0.0), operator: *, right: (1.0, 1.0), result: 0.0}
列 'p' 不存在，对列 state 不过滤，直接选择所有非无效值。
Block processing time: 0.001504 seconds
Computing Block 588 out of 663
Processing Block size=3
begin cleaner{left: ("[FunctionalDependency:(s: {brewery_id}, t: {state})]", 0.0), operator: *, right: (1.0, 1.0), result: 0.0}
列 'p' 不存在，对列 state 不过滤，直接选择所有非无效值。
Block processing time: 0.002219 seconds
Computing Block 589 out of 663
Processing Block size=2
begin cleaner{left: ("[FunctionalDependency:(s: {brewery_id}, t: {state})]", 0.0), operator: *, right: (1.0, 1.0), result: 0.0}
列 'p' 不存在，对列 state 不过滤，直接选择所有非无效值。
Block processing time: 0.001514 seconds
Computing Block 590 out of 663
Processing Block size=4
begin cleaner{left: ("[FunctionalDependency:(s: {brewery_id}, t: {state})]", 0.0), operator: *, right: (1.0, 1.0), result: 0.0}
列 'p' 不存在，对列 state 不过滤，直接选择所有非无效值。
clean_bool length:3
newest best op: Uniop(df,'state','TX',(['brewery_id'], {('184',)}),{left: ("[FunctionalDependency:(s: {brewery_id}, t: {state})]", 0.0), operator: *, right: (1.0, 1.0), result: 0.0})
now error: 0.0
Block processing time: 0.009219 seconds
Computing Block 591 out of 663
Processing Block size=2
begin cleaner{left: ("[FunctionalDependency:(s: {brewery_id}, t: {state})]", 0.0), operator: *, right: (1.0, 1.0), result: 0.0}
列 'p' 不存在，对列 state 不过滤，直接选择所有非无效值。
Block processing time: 0.001517 seconds
Computing Block 592 out of 663
Processing Block size=3
begin cleaner{left: ("[FunctionalDependency:(s: {brewery_id}, t: {state})]", 0.0), operator: *, right: (1.0, 1.0), result: 0.0}
列 'p' 不存在，对列 state 不过滤，直接选择所有非无效值。
Block processing time: 0.002231 seconds
Computing Block 594 out of 663
Processing Block size=4
begin cleaner{left: ("[FunctionalDependency:(s: {brewery_id}, t: {state})]", 0.0), operator: *, right: (1.0, 1.0), result: 0.0}
列 'p' 不存在，对列 state 不过滤，直接选择所有非无效值。
clean_bool length:2
newest best op: Uniop(df,'state','TX',(['brewery_id'], {('257',)}),{left: ("[FunctionalDependency:(s: {brewery_id}, t: {state})]", 0.0), operator: *, right: (1.0, 1.0), result: 0.0})
now error: 0.0
Block processing time: 0.006195 seconds
Computing Block 597 out of 663
Processing Block size=2
begin cleaner{left: ("[FunctionalDependency:(s: {brewery_id}, t: {state})]", 0.0), operator: *, right: (1.0, 1.0), result: 0.0}
列 'p' 不存在，对列 state 不过滤，直接选择所有非无效值。
clean_bool length:2
newest best op: Uniop(df,'state','ID',(['brewery_id'], {('169',)}),{left: ("[FunctionalDependency:(s: {brewery_id}, t: {state})]", 0.0), operator: *, right: (1.0, 1.0), result: 0.0})
now error: 0.0
Block processing time: 0.00351 seconds
Computing Block 599 out of 663
Processing Block size=3
begin cleaner{left: ("[FunctionalDependency:(s: {brewery_id}, t: {state})]", 0.0), operator: *, right: (1.0, 1.0), result: 0.0}
列 'p' 不存在，对列 state 不过滤，直接选择所有非无效值。
clean_bool length:2
newest best op: Uniop(df,'state','OH',(['brewery_id'], {('94',)}),{left: ("[FunctionalDependency:(s: {brewery_id}, t: {state})]", 0.0), operator: *, right: (1.0, 1.0), result: 0.0})
now error: 0.0
Block processing time: 0.004765 seconds
Computing Block 600 out of 663
Processing Block size=3
begin cleaner{left: ("[FunctionalDependency:(s: {brewery_id}, t: {state})]", 0.0), operator: *, right: (1.0, 1.0), result: 0.0}
列 'p' 不存在，对列 state 不过滤，直接选择所有非无效值。
Block processing time: 0.002441 seconds
Computing Block 601 out of 663
Processing Block size=4
begin cleaner{left: ("[FunctionalDependency:(s: {brewery_id}, t: {state})]", 0.0), operator: *, right: (1.0, 1.0), result: 0.0}
列 'p' 不存在，对列 state 不过滤，直接选择所有非无效值。
Block processing time: 0.003229 seconds
Computing Block 602 out of 663
Processing Block size=2
begin cleaner{left: ("[FunctionalDependency:(s: {brewery_id}, t: {state})]", 0.0), operator: *, right: (1.0, 1.0), result: 0.0}
列 'p' 不存在，对列 state 不过滤，直接选择所有非无效值。
clean_bool length:3
newest best op: Uniop(df,'state','TX',(['brewery_id'], {('241',)}),{left: ("[FunctionalDependency:(s: {brewery_id}, t: {state})]", 0.0), operator: *, right: (1.0, 1.0), result: 0.0})
now error: 0.0
Block processing time: 0.005503 seconds
Computing Block 603 out of 663
Processing Block size=2
begin cleaner{left: ("[FunctionalDependency:(s: {brewery_id}, t: {state})]", 0.0), operator: *, right: (1.0, 1.0), result: 0.0}
列 'p' 不存在，对列 state 不过滤，直接选择所有非无效值。
Block processing time: 0.001651 seconds
Computing Block 606 out of 663
Processing Block size=4
begin cleaner{left: ("[FunctionalDependency:(s: {brewery_id}, t: {state})]", 0.0), operator: *, right: (1.0, 1.0), result: 0.0}
列 'p' 不存在，对列 state 不过滤，直接选择所有非无效值。
clean_bool length:2
newest best op: Uniop(df,'state','CO',(['brewery_id'], {('391',)}),{left: ("[FunctionalDependency:(s: {brewery_id}, t: {state})]", 0.0), operator: *, right: (1.0, 1.0), result: 0.0})
now error: 0.0
Block processing time: 0.006678 seconds
Computing Block 607 out of 663
Processing Block size=2
begin cleaner{left: ("[FunctionalDependency:(s: {brewery_id}, t: {state})]", 0.0), operator: *, right: (1.0, 1.0), result: 0.0}
列 'p' 不存在，对列 state 不过滤，直接选择所有非无效值。
Block processing time: 0.001853 seconds
Computing Block 608 out of 663
Processing Block size=4
begin cleaner{left: ("[FunctionalDependency:(s: {brewery_id}, t: {state})]", 0.0), operator: *, right: (1.0, 1.0), result: 0.0}
列 'p' 不存在，对列 state 不过滤，直接选择所有非无效值。
Block processing time: 0.003208 seconds
Computing Block 610 out of 663
Processing Block size=3
begin cleaner{left: ("[FunctionalDependency:(s: {brewery_id}, t: {state})]", 0.0), operator: *, right: (1.0, 1.0), result: 0.0}
列 'p' 不存在，对列 state 不过滤，直接选择所有非无效值。
Block processing time: 0.002445 seconds
Computing Block 611 out of 663
Processing Block size=3
begin cleaner{left: ("[FunctionalDependency:(s: {brewery_id}, t: {state})]", 0.0), operator: *, right: (1.0, 1.0), result: 0.0}
列 'p' 不存在，对列 state 不过滤，直接选择所有非无效值。
Block processing time: 0.002408 seconds
Computing Block 612 out of 663
Processing Block size=3
begin cleaner{left: ("[FunctionalDependency:(s: {brewery_id}, t: {state})]", 0.0), operator: *, right: (1.0, 1.0), result: 0.0}
列 'p' 不存在，对列 state 不过滤，直接选择所有非无效值。
Block processing time: 0.002394 seconds
Computing Block 615 out of 663
Processing Block size=2
begin cleaner{left: ("[FunctionalDependency:(s: {brewery_id}, t: {state})]", 0.0), operator: *, right: (1.0, 1.0), result: 0.0}
列 'p' 不存在，对列 state 不过滤，直接选择所有非无效值。
Block processing time: 0.001684 seconds
Computing Block 616 out of 663
Processing Block size=12
begin cleaner{left: ("[FunctionalDependency:(s: {brewery_id}, t: {state})]", 0.0), operator: *, right: (1.0, 1.0), result: 0.0}
列 'p' 不存在，对列 state 不过滤，直接选择所有非无效值。
clean_bool length:3
newest best op: Uniop(df,'state','OR',(['brewery_id'], {('155',)}),{left: ("[FunctionalDependency:(s: {brewery_id}, t: {state})]", 0.0), operator: *, right: (1.0, 1.0), result: 0.0})
now error: 0.0
Block processing time: 0.028177 seconds
Computing Block 617 out of 663
Processing Block size=7
begin cleaner{left: ("[FunctionalDependency:(s: {brewery_id}, t: {state})]", 0.0), operator: *, right: (1.0, 1.0), result: 0.0}
列 'p' 不存在，对列 state 不过滤，直接选择所有非无效值。
Block processing time: 0.005387 seconds
Computing Block 618 out of 663
Processing Block size=4
begin cleaner{left: ("[FunctionalDependency:(s: {brewery_id}, t: {state})]", 0.0), operator: *, right: (1.0, 1.0), result: 0.0}
列 'p' 不存在，对列 state 不过滤，直接选择所有非无效值。
Block processing time: 0.003137 seconds
Computing Block 620 out of 663
Processing Block size=3
begin cleaner{left: ("[FunctionalDependency:(s: {brewery_id}, t: {state})]", 0.0), operator: *, right: (1.0, 1.0), result: 0.0}
列 'p' 不存在，对列 state 不过滤，直接选择所有非无效值。
Block processing time: 0.002389 seconds
Computing Block 623 out of 663
Processing Block size=2
begin cleaner{left: ("[FunctionalDependency:(s: {brewery_id}, t: {state})]", 0.0), operator: *, right: (1.0, 1.0), result: 0.0}
列 'p' 不存在，对列 state 不过滤，直接选择所有非无效值。
clean_bool length:3
newest best op: Uniop(df,'state','WI@@%',(['brewery_id'], {('228',)}),{left: ("[FunctionalDependency:(s: {brewery_id}, t: {state})]", 0.0), operator: *, right: (1.0, 1.0), result: 0.0})
now error: 0.0
Block processing time: 0.005658 seconds
Computing Block 626 out of 663
Processing Block size=5
begin cleaner{left: ("[FunctionalDependency:(s: {brewery_id}, t: {state})]", 0.0), operator: *, right: (1.0, 1.0), result: 0.0}
列 'p' 不存在，对列 state 不过滤，直接选择所有非无效值。
Block processing time: 0.003942 seconds
Computing Block 627 out of 663
Processing Block size=12
begin cleaner{left: ("[FunctionalDependency:(s: {brewery_id}, t: {state})]", 0.0), operator: *, right: (1.0, 1.0), result: 0.0}
列 'p' 不存在，对列 state 不过滤，直接选择所有非无效值。
clean_bool length:2
newest best op: Uniop(df,'state','CO',(['brewery_id'], {('264',)}),{left: ("[FunctionalDependency:(s: {brewery_id}, t: {state})]", 0.0), operator: *, right: (1.0, 1.0), result: 0.0})
now error: 0.0
Block processing time: 0.018485 seconds
Computing Block 628 out of 663
Processing Block size=5
begin cleaner{left: ("[FunctionalDependency:(s: {brewery_id}, t: {state})]", 0.0), operator: *, right: (1.0, 1.0), result: 0.0}
列 'p' 不存在，对列 state 不过滤，直接选择所有非无效值。
clean_bool length:3
newest best op: Uniop(df,'state','??ID',(['brewery_id'], {('307',)}),{left: ("[FunctionalDependency:(s: {brewery_id}, t: {state})]", 0.0), operator: *, right: (1.0, 1.0), result: 0.0})
now error: 0.0
newest best op: Uniop(df,'state','ID',(['brewery_id'], {('307',)}),{left: ("[FunctionalDependency:(s: {brewery_id}, t: {state})]", 0.0), operator: *, right: (1.0, 1.0), result: 0.0})
now error: 0.0
Block processing time: 0.01133 seconds
Computing Block 629 out of 663
Processing Block size=5
begin cleaner{left: ("[FunctionalDependency:(s: {brewery_id}, t: {state})]", 0.0), operator: *, right: (1.0, 1.0), result: 0.0}
列 'p' 不存在，对列 state 不过滤，直接选择所有非无效值。
clean_bool length:2
newest best op: Uniop(df,'state','IL',(['brewery_id'], {('88',)}),{left: ("[FunctionalDependency:(s: {brewery_id}, t: {state})]", 0.0), operator: *, right: (1.0, 1.0), result: 0.0})
now error: 0.0
Block processing time: 0.007608 seconds
Computing Block 631 out of 663
Processing Block size=5
begin cleaner{left: ("[FunctionalDependency:(s: {brewery_id}, t: {state})]", 0.0), operator: *, right: (1.0, 1.0), result: 0.0}
列 'p' 不存在，对列 state 不过滤，直接选择所有非无效值。
clean_bool length:3
newest best op: Uniop(df,'state','MT',(['brewery_id'], {('537',)}),{left: ("[FunctionalDependency:(s: {brewery_id}, t: {state})]", 0.0), operator: *, right: (1.0, 1.0), result: 0.0})
now error: 0.0
Block processing time: 0.011455 seconds
Computing Block 632 out of 663
Processing Block size=3
begin cleaner{left: ("[FunctionalDependency:(s: {brewery_id}, t: {state})]", 0.0), operator: *, right: (1.0, 1.0), result: 0.0}
列 'p' 不存在，对列 state 不过滤，直接选择所有非无效值。
Block processing time: 0.002232 seconds
Computing Block 638 out of 663
Processing Block size=3
begin cleaner{left: ("[FunctionalDependency:(s: {brewery_id}, t: {state})]", 0.0), operator: *, right: (1.0, 1.0), result: 0.0}
列 'p' 不存在，对列 state 不过滤，直接选择所有非无效值。
Block processing time: 0.002222 seconds
Computing Block 639 out of 663
Processing Block size=3
begin cleaner{left: ("[FunctionalDependency:(s: {brewery_id}, t: {state})]", 0.0), operator: *, right: (1.0, 1.0), result: 0.0}
列 'p' 不存在，对列 state 不过滤，直接选择所有非无效值。
clean_bool length:3
newest best op: Uniop(df,'state','MI',(['brewery_id'], {('15',)}),{left: ("[FunctionalDependency:(s: {brewery_id}, t: {state})]", 0.0), operator: *, right: (1.0, 1.0), result: 0.0})
now error: 0.0
Block processing time: 0.007279 seconds
Computing Block 640 out of 663
Processing Block size=7
begin cleaner{left: ("[FunctionalDependency:(s: {brewery_id}, t: {state})]", 0.0), operator: *, right: (1.0, 1.0), result: 0.0}
列 'p' 不存在，对列 state 不过滤，直接选择所有非无效值。
clean_bool length:2
newest best op: Uniop(df,'state','IL',(['brewery_id'], {('57',)}),{left: ("[FunctionalDependency:(s: {brewery_id}, t: {state})]", 0.0), operator: *, right: (1.0, 1.0), result: 0.0})
now error: 0.0
Block processing time: 0.010233 seconds
Computing Block 641 out of 663
Processing Block size=3
begin cleaner{left: ("[FunctionalDependency:(s: {brewery_id}, t: {state})]", 0.0), operator: *, right: (1.0, 1.0), result: 0.0}
列 'p' 不存在，对列 state 不过滤，直接选择所有非无效值。
Block processing time: 0.002275 seconds
Computing Block 642 out of 663
Processing Block size=2
begin cleaner{left: ("[FunctionalDependency:(s: {brewery_id}, t: {state})]", 0.0), operator: *, right: (1.0, 1.0), result: 0.0}
列 'p' 不存在，对列 state 不过滤，直接选择所有非无效值。
Block processing time: 0.00151 seconds
Computing Block 643 out of 663
Processing Block size=3
begin cleaner{left: ("[FunctionalDependency:(s: {brewery_id}, t: {state})]", 0.0), operator: *, right: (1.0, 1.0), result: 0.0}
列 'p' 不存在，对列 state 不过滤，直接选择所有非无效值。
Block processing time: 0.002208 seconds
Computing Block 645 out of 663
Processing Block size=5
begin cleaner{left: ("[FunctionalDependency:(s: {brewery_id}, t: {state})]", 0.0), operator: *, right: (1.0, 1.0), result: 0.0}
列 'p' 不存在，对列 state 不过滤，直接选择所有非无效值。
clean_bool length:3
newest best op: Uniop(df,'state','WI$',(['brewery_id'], {('32',)}),{left: ("[FunctionalDependency:(s: {brewery_id}, t: {state})]", 0.0), operator: *, right: (1.0, 1.0), result: 0.0})
now error: 0.0
newest best op: Uniop(df,'state','WI',(['brewery_id'], {('32',)}),{left: ("[FunctionalDependency:(s: {brewery_id}, t: {state})]", 0.0), operator: *, right: (1.0, 1.0), result: 0.0})
now error: 0.0
Block processing time: 0.011233 seconds
Computing Block 646 out of 663
Processing Block size=3
begin cleaner{left: ("[FunctionalDependency:(s: {brewery_id}, t: {state})]", 0.0), operator: *, right: (1.0, 1.0), result: 0.0}
列 'p' 不存在，对列 state 不过滤，直接选择所有非无效值。
Block processing time: 0.002208 seconds
Computing Block 648 out of 663
Processing Block size=2
begin cleaner{left: ("[FunctionalDependency:(s: {brewery_id}, t: {state})]", 0.0), operator: *, right: (1.0, 1.0), result: 0.0}
列 'p' 不存在，对列 state 不过滤，直接选择所有非无效值。
Block processing time: 0.001508 seconds
Computing Block 649 out of 663
Processing Block size=4
begin cleaner{left: ("[FunctionalDependency:(s: {brewery_id}, t: {state})]", 0.0), operator: *, right: (1.0, 1.0), result: 0.0}
列 'p' 不存在，对列 state 不过滤，直接选择所有非无效值。
Block processing time: 0.002882 seconds
Computing Block 650 out of 663
Processing Block size=2
begin cleaner{left: ("[FunctionalDependency:(s: {brewery_id}, t: {state})]", 0.0), operator: *, right: (1.0, 1.0), result: 0.0}
列 'p' 不存在，对列 state 不过滤，直接选择所有非无效值。
Block processing time: 0.00149 seconds
Computing Block 652 out of 663
Processing Block size=4
begin cleaner{left: ("[FunctionalDependency:(s: {brewery_id}, t: {state})]", 0.0), operator: *, right: (1.0, 1.0), result: 0.0}
列 'p' 不存在，对列 state 不过滤，直接选择所有非无效值。
Block processing time: 0.002895 seconds
Computing Block 653 out of 663
Processing Block size=3
begin cleaner{left: ("[FunctionalDependency:(s: {brewery_id}, t: {state})]", 0.0), operator: *, right: (1.0, 1.0), result: 0.0}
列 'p' 不存在，对列 state 不过滤，直接选择所有非无效值。
clean_bool length:3
newest best op: Uniop(df,'state','CA',(['brewery_id'], {('514',)}),{left: ("[FunctionalDependency:(s: {brewery_id}, t: {state})]", 0.0), operator: *, right: (1.0, 1.0), result: 0.0})
now error: 0.0
Block processing time: 0.007159 seconds
Computing Block 654 out of 663
Processing Block size=3
begin cleaner{left: ("[FunctionalDependency:(s: {brewery_id}, t: {state})]", 0.0), operator: *, right: (1.0, 1.0), result: 0.0}
列 'p' 不存在，对列 state 不过滤，直接选择所有非无效值。
Block processing time: 0.002225 seconds
Computing Block 656 out of 663
Processing Block size=6
begin cleaner{left: ("[FunctionalDependency:(s: {brewery_id}, t: {state})]", 0.0), operator: *, right: (1.0, 1.0), result: 0.0}
列 'p' 不存在，对列 state 不过滤，直接选择所有非无效值。
clean_bool length:3
newest best op: Uniop(df,'state','@@HI%',(['brewery_id'], {('203',)}),{left: ("[FunctionalDependency:(s: {brewery_id}, t: {state})]", 0.0), operator: *, right: (1.0, 1.0), result: 0.0})
now error: 0.0
WARNING:root:No partitioning rule specified, processing might be slow
newest best op: Uniop(df,'state','HI',(['brewery_id'], {('203',)}),{left: ("[FunctionalDependency:(s: {brewery_id}, t: {state})]", 0.0), operator: *, right: (1.0, 1.0), result: 0.0})
now error: 0.0
Block processing time: 0.013317 seconds
Computing Block 657 out of 663
Processing Block size=31
begin cleaner{left: ("[FunctionalDependency:(s: {brewery_id}, t: {state})]", 0.0), operator: *, right: (1.0, 1.0), result: 0.0}
列 'p' 不存在，对列 state 不过滤，直接选择所有非无效值。
clean_bool length:4
newest best op: Uniop(df,'state','CO',(['brewery_id'], {('166',)}),{left: ("[FunctionalDependency:(s: {brewery_id}, t: {state})]", 0.0), operator: *, right: (1.0, 1.0), result: 0.0})
now error: 0.0
Block processing time: 0.086974 seconds
Computing Block 658 out of 663
Processing Block size=3
begin cleaner{left: ("[FunctionalDependency:(s: {brewery_id}, t: {state})]", 0.0), operator: *, right: (1.0, 1.0), result: 0.0}
列 'p' 不存在，对列 state 不过滤，直接选择所有非无效值。
clean_bool length:3
newest best op: Uniop(df,'state','CO',(['brewery_id'], {('81',)}),{left: ("[FunctionalDependency:(s: {brewery_id}, t: {state})]", 0.0), operator: *, right: (1.0, 1.0), result: 0.0})
now error: 0.0
Block processing time: 0.007172 seconds
Computing Block 660 out of 663
Processing Block size=2
begin cleaner{left: ("[FunctionalDependency:(s: {brewery_id}, t: {state})]", 0.0), operator: *, right: (1.0, 1.0), result: 0.0}
列 'p' 不存在，对列 state 不过滤，直接选择所有非无效值。
clean_bool length:2
newest best op: Uniop(df,'state','OH',(['brewery_id'], {('321',)}),{left: ("[FunctionalDependency:(s: {brewery_id}, t: {state})]", 0.0), operator: *, right: (1.0, 1.0), result: 0.0})
now error: 0.0
Block processing time: 0.003439 seconds
Computing Block 662 out of 663
Processing Block size=3
begin cleaner{left: ("[FunctionalDependency:(s: {brewery_id}, t: {state})]", 0.0), operator: *, right: (1.0, 1.0), result: 0.0}
列 'p' 不存在，对列 state 不过滤，直接选择所有非无效值。
Block processing time: 0.002241 seconds
  当前节点: state 有 156 个清洗操作
['brewery_name', 'city', 'state']的清洗完成

本层累积的编辑规则数: 459
读入数据大小：2410
处理了 459 条规则，更新数据...
所有编辑规则已更新完成

处理第 1 层级, 包含节点: ['brewery_id']
  跳过已清洗结束的节点: brewery_id
['brewery_id']的清洗完成

本层累积的编辑规则数: 0
本层没有可以进行的清洗操作，进行下一层

处理第 2 层级, 包含节点: ['brewery_name', 'city', 'state']
  当前节点: brewery_name 存在可用清洗信号
数据块大小: 2410
分块属性:
[['brewery_id']]
Starting initial block mapping...
Initial number of blocks: 663
Final number of blocks after further splitting: 663
Computing Block 1 out of 663
Processing Block size=8
begin cleaner[FunctionalDependency:(s: {'brewery_id'}, t: {'brewery_name'})]*1.0
列 'p' 不存在，对列 brewery_name 不过滤，直接选择所有非无效值。
Block processing time: 0.00651 seconds
Computing Block 2 out of 663
Processing Block size=5
begin cleaner{left: ("[FunctionalDependency:(s: {brewery_id}, t: {brewery_name})]", 0.0), operator: *, right: (1.0, 1.0), result: 0.0}
列 'p' 不存在，对列 brewery_name 不过滤，直接选择所有非无效值。
Block processing time: 0.003943 seconds
Computing Block 3 out of 663
Processing Block size=4
begin cleaner{left: ("[FunctionalDependency:(s: {brewery_id}, t: {brewery_name})]", 0.0), operator: *, right: (1.0, 1.0), result: 0.0}
列 'p' 不存在，对列 brewery_name 不过滤，直接选择所有非无效值。
Block processing time: 0.003153 seconds
Computing Block 6 out of 663
Processing Block size=4
begin cleaner{left: ("[FunctionalDependency:(s: {brewery_id}, t: {brewery_name})]", 0.0), operator: *, right: (1.0, 1.0), result: 0.0}
列 'p' 不存在，对列 brewery_name 不过滤，直接选择所有非无效值。
Block processing time: 0.003146 seconds
Computing Block 7 out of 663
Processing Block size=4
begin cleaner{left: ("[FunctionalDependency:(s: {brewery_id}, t: {brewery_name})]", 0.0), operator: *, right: (1.0, 1.0), result: 0.0}
列 'p' 不存在，对列 brewery_name 不过滤，直接选择所有非无效值。
Block processing time: 0.003133 seconds
Computing Block 10 out of 663
Processing Block size=2
begin cleaner{left: ("[FunctionalDependency:(s: {brewery_id}, t: {brewery_name})]", 0.0), operator: *, right: (1.0, 1.0), result: 0.0}
列 'p' 不存在，对列 brewery_name 不过滤，直接选择所有非无效值。
Block processing time: 0.001638 seconds
Computing Block 11 out of 663
Processing Block size=4
begin cleaner{left: ("[FunctionalDependency:(s: {brewery_id}, t: {brewery_name})]", 0.0), operator: *, right: (1.0, 1.0), result: 0.0}
列 'p' 不存在，对列 brewery_name 不过滤，直接选择所有非无效值。
Block processing time: 0.003116 seconds
Computing Block 12 out of 663
Processing Block size=2
begin cleaner{left: ("[FunctionalDependency:(s: {brewery_id}, t: {brewery_name})]", 0.0), operator: *, right: (1.0, 1.0), result: 0.0}
列 'p' 不存在，对列 brewery_name 不过滤，直接选择所有非无效值。
Block processing time: 0.001618 seconds
Computing Block 14 out of 663
Processing Block size=3
begin cleaner{left: ("[FunctionalDependency:(s: {brewery_id}, t: {brewery_name})]", 0.0), operator: *, right: (1.0, 1.0), result: 0.0}
列 'p' 不存在，对列 brewery_name 不过滤，直接选择所有非无效值。
Block processing time: 0.002381 seconds
Computing Block 17 out of 663
Processing Block size=3
begin cleaner{left: ("[FunctionalDependency:(s: {brewery_id}, t: {brewery_name})]", 0.0), operator: *, right: (1.0, 1.0), result: 0.0}
列 'p' 不存在，对列 brewery_name 不过滤，直接选择所有非无效值。
Block processing time: 0.002395 seconds
Computing Block 19 out of 663
Processing Block size=8
begin cleaner{left: ("[FunctionalDependency:(s: {brewery_id}, t: {brewery_name})]", 0.0), operator: *, right: (1.0, 1.0), result: 0.0}
列 'p' 不存在，对列 brewery_name 不过滤，直接选择所有非无效值。
Block processing time: 0.006096 seconds
Computing Block 20 out of 663
Processing Block size=3
begin cleaner{left: ("[FunctionalDependency:(s: {brewery_id}, t: {brewery_name})]", 0.0), operator: *, right: (1.0, 1.0), result: 0.0}
列 'p' 不存在，对列 brewery_name 不过滤，直接选择所有非无效值。
Block processing time: 0.002396 seconds
Computing Block 23 out of 663
Processing Block size=5
begin cleaner{left: ("[FunctionalDependency:(s: {brewery_id}, t: {brewery_name})]", 0.0), operator: *, right: (1.0, 1.0), result: 0.0}
列 'p' 不存在，对列 brewery_name 不过滤，直接选择所有非无效值。
Block processing time: 0.003875 seconds
Computing Block 25 out of 663
Processing Block size=2
begin cleaner{left: ("[FunctionalDependency:(s: {brewery_id}, t: {brewery_name})]", 0.0), operator: *, right: (1.0, 1.0), result: 0.0}
列 'p' 不存在，对列 brewery_name 不过滤，直接选择所有非无效值。
Block processing time: 0.001648 seconds
Computing Block 26 out of 663
Processing Block size=4
begin cleaner{left: ("[FunctionalDependency:(s: {brewery_id}, t: {brewery_name})]", 0.0), operator: *, right: (1.0, 1.0), result: 0.0}
列 'p' 不存在，对列 brewery_name 不过滤，直接选择所有非无效值。
Block processing time: 0.003122 seconds
Computing Block 28 out of 663
Processing Block size=3
begin cleaner{left: ("[FunctionalDependency:(s: {brewery_id}, t: {brewery_name})]", 0.0), operator: *, right: (1.0, 1.0), result: 0.0}
列 'p' 不存在，对列 brewery_name 不过滤，直接选择所有非无效值。
Block processing time: 0.002391 seconds
Computing Block 33 out of 663
Processing Block size=7
begin cleaner{left: ("[FunctionalDependency:(s: {brewery_id}, t: {brewery_name})]", 0.0), operator: *, right: (1.0, 1.0), result: 0.0}
列 'p' 不存在，对列 brewery_name 不过滤，直接选择所有非无效值。
Block processing time: 0.005432 seconds
Computing Block 34 out of 663
Processing Block size=5
begin cleaner{left: ("[FunctionalDependency:(s: {brewery_id}, t: {brewery_name})]", 0.0), operator: *, right: (1.0, 1.0), result: 0.0}
列 'p' 不存在，对列 brewery_name 不过滤，直接选择所有非无效值。
Block processing time: 0.003974 seconds
Computing Block 35 out of 663
Processing Block size=5
begin cleaner{left: ("[FunctionalDependency:(s: {brewery_id}, t: {brewery_name})]", 0.0), operator: *, right: (1.0, 1.0), result: 0.0}
列 'p' 不存在，对列 brewery_name 不过滤，直接选择所有非无效值。
Block processing time: 0.003887 seconds
Computing Block 36 out of 663
Processing Block size=3
begin cleaner{left: ("[FunctionalDependency:(s: {brewery_id}, t: {brewery_name})]", 0.0), operator: *, right: (1.0, 1.0), result: 0.0}
列 'p' 不存在，对列 brewery_name 不过滤，直接选择所有非无效值。
Block processing time: 0.002543 seconds
Computing Block 37 out of 663
Processing Block size=8
begin cleaner{left: ("[FunctionalDependency:(s: {brewery_id}, t: {brewery_name})]", 0.0), operator: *, right: (1.0, 1.0), result: 0.0}
列 'p' 不存在，对列 brewery_name 不过滤，直接选择所有非无效值。
Block processing time: 0.006132 seconds
Computing Block 40 out of 663
Processing Block size=6
begin cleaner{left: ("[FunctionalDependency:(s: {brewery_id}, t: {brewery_name})]", 0.0), operator: *, right: (1.0, 1.0), result: 0.0}
列 'p' 不存在，对列 brewery_name 不过滤，直接选择所有非无效值。
Block processing time: 0.004635 seconds
Computing Block 41 out of 663
Processing Block size=6
begin cleaner{left: ("[FunctionalDependency:(s: {brewery_id}, t: {brewery_name})]", 0.0), operator: *, right: (1.0, 1.0), result: 0.0}
列 'p' 不存在，对列 brewery_name 不过滤，直接选择所有非无效值。
Block processing time: 0.004799 seconds
Computing Block 42 out of 663
Processing Block size=3
begin cleaner{left: ("[FunctionalDependency:(s: {brewery_id}, t: {brewery_name})]", 0.0), operator: *, right: (1.0, 1.0), result: 0.0}
列 'p' 不存在，对列 brewery_name 不过滤，直接选择所有非无效值。
Block processing time: 0.002427 seconds
Computing Block 44 out of 663
Processing Block size=3
begin cleaner{left: ("[FunctionalDependency:(s: {brewery_id}, t: {brewery_name})]", 0.0), operator: *, right: (1.0, 1.0), result: 0.0}
列 'p' 不存在，对列 brewery_name 不过滤，直接选择所有非无效值。
Block processing time: 0.002375 seconds
Computing Block 46 out of 663
Processing Block size=2
begin cleaner{left: ("[FunctionalDependency:(s: {brewery_id}, t: {brewery_name})]", 0.0), operator: *, right: (1.0, 1.0), result: 0.0}
列 'p' 不存在，对列 brewery_name 不过滤，直接选择所有非无效值。
Block processing time: 0.001625 seconds
Computing Block 48 out of 663
Processing Block size=8
begin cleaner{left: ("[FunctionalDependency:(s: {brewery_id}, t: {brewery_name})]", 0.0), operator: *, right: (1.0, 1.0), result: 0.0}
列 'p' 不存在，对列 brewery_name 不过滤，直接选择所有非无效值。
Block processing time: 0.006178 seconds
Computing Block 49 out of 663
Processing Block size=7
begin cleaner{left: ("[FunctionalDependency:(s: {brewery_id}, t: {brewery_name})]", 0.0), operator: *, right: (1.0, 1.0), result: 0.0}
列 'p' 不存在，对列 brewery_name 不过滤，直接选择所有非无效值。
Block processing time: 0.005366 seconds
Computing Block 50 out of 663
Processing Block size=3
begin cleaner{left: ("[FunctionalDependency:(s: {brewery_id}, t: {brewery_name})]", 0.0), operator: *, right: (1.0, 1.0), result: 0.0}
列 'p' 不存在，对列 brewery_name 不过滤，直接选择所有非无效值。
Block processing time: 0.002364 seconds
Computing Block 52 out of 663
Processing Block size=3
begin cleaner{left: ("[FunctionalDependency:(s: {brewery_id}, t: {brewery_name})]", 0.0), operator: *, right: (1.0, 1.0), result: 0.0}
列 'p' 不存在，对列 brewery_name 不过滤，直接选择所有非无效值。
Block processing time: 0.002368 seconds
Computing Block 55 out of 663
Processing Block size=2
begin cleaner{left: ("[FunctionalDependency:(s: {brewery_id}, t: {brewery_name})]", 0.0), operator: *, right: (1.0, 1.0), result: 0.0}
列 'p' 不存在，对列 brewery_name 不过滤，直接选择所有非无效值。
Block processing time: 0.001583 seconds
Computing Block 60 out of 663
Processing Block size=12
begin cleaner{left: ("[FunctionalDependency:(s: {brewery_id}, t: {brewery_name})]", 0.0), operator: *, right: (1.0, 1.0), result: 0.0}
列 'p' 不存在，对列 brewery_name 不过滤，直接选择所有非无效值。
Block processing time: 0.00871 seconds
Computing Block 63 out of 663
Processing Block size=3
begin cleaner{left: ("[FunctionalDependency:(s: {brewery_id}, t: {brewery_name})]", 0.0), operator: *, right: (1.0, 1.0), result: 0.0}
列 'p' 不存在，对列 brewery_name 不过滤，直接选择所有非无效值。
Block processing time: 0.002278 seconds
Computing Block 64 out of 663
Processing Block size=2
begin cleaner{left: ("[FunctionalDependency:(s: {brewery_id}, t: {brewery_name})]", 0.0), operator: *, right: (1.0, 1.0), result: 0.0}
列 'p' 不存在，对列 brewery_name 不过滤，直接选择所有非无效值。
Block processing time: 0.001544 seconds
Computing Block 67 out of 663
Processing Block size=14
begin cleaner{left: ("[FunctionalDependency:(s: {brewery_id}, t: {brewery_name})]", 0.0), operator: *, right: (1.0, 1.0), result: 0.0}
列 'p' 不存在，对列 brewery_name 不过滤，直接选择所有非无效值。
Block processing time: 0.010173 seconds
Computing Block 68 out of 663
Processing Block size=4
begin cleaner{left: ("[FunctionalDependency:(s: {brewery_id}, t: {brewery_name})]", 0.0), operator: *, right: (1.0, 1.0), result: 0.0}
列 'p' 不存在，对列 brewery_name 不过滤，直接选择所有非无效值。
Block processing time: 0.002894 seconds
Computing Block 71 out of 663
Processing Block size=3
begin cleaner{left: ("[FunctionalDependency:(s: {brewery_id}, t: {brewery_name})]", 0.0), operator: *, right: (1.0, 1.0), result: 0.0}
列 'p' 不存在，对列 brewery_name 不过滤，直接选择所有非无效值。
Block processing time: 0.002196 seconds
Computing Block 72 out of 663
Processing Block size=2
begin cleaner{left: ("[FunctionalDependency:(s: {brewery_id}, t: {brewery_name})]", 0.0), operator: *, right: (1.0, 1.0), result: 0.0}
列 'p' 不存在，对列 brewery_name 不过滤，直接选择所有非无效值。
Block processing time: 0.001496 seconds
Computing Block 74 out of 663
Processing Block size=11
begin cleaner{left: ("[FunctionalDependency:(s: {brewery_id}, t: {brewery_name})]", 0.0), operator: *, right: (1.0, 1.0), result: 0.0}
列 'p' 不存在，对列 brewery_name 不过滤，直接选择所有非无效值。
Block processing time: 0.007819 seconds
Computing Block 77 out of 663
Processing Block size=3
begin cleaner{left: ("[FunctionalDependency:(s: {brewery_id}, t: {brewery_name})]", 0.0), operator: *, right: (1.0, 1.0), result: 0.0}
列 'p' 不存在，对列 brewery_name 不过滤，直接选择所有非无效值。
Block processing time: 0.002207 seconds
Computing Block 78 out of 663
Processing Block size=2
begin cleaner{left: ("[FunctionalDependency:(s: {brewery_id}, t: {brewery_name})]", 0.0), operator: *, right: (1.0, 1.0), result: 0.0}
列 'p' 不存在，对列 brewery_name 不过滤，直接选择所有非无效值。
Block processing time: 0.001504 seconds
Computing Block 80 out of 663
Processing Block size=10
begin cleaner{left: ("[FunctionalDependency:(s: {brewery_id}, t: {brewery_name})]", 0.0), operator: *, right: (1.0, 1.0), result: 0.0}
列 'p' 不存在，对列 brewery_name 不过滤，直接选择所有非无效值。
Block processing time: 0.007161 seconds
Computing Block 81 out of 663
Processing Block size=4
begin cleaner{left: ("[FunctionalDependency:(s: {brewery_id}, t: {brewery_name})]", 0.0), operator: *, right: (1.0, 1.0), result: 0.0}
列 'p' 不存在，对列 brewery_name 不过滤，直接选择所有非无效值。
Block processing time: 0.002897 seconds
Computing Block 82 out of 663
Processing Block size=21
begin cleaner{left: ("[FunctionalDependency:(s: {brewery_id}, t: {brewery_name})]", 0.0), operator: *, right: (1.0, 1.0), result: 0.0}
列 'p' 不存在，对列 brewery_name 不过滤，直接选择所有非无效值。
Block processing time: 0.014694 seconds
Computing Block 83 out of 663
Processing Block size=3
begin cleaner{left: ("[FunctionalDependency:(s: {brewery_id}, t: {brewery_name})]", 0.0), operator: *, right: (1.0, 1.0), result: 0.0}
列 'p' 不存在，对列 brewery_name 不过滤，直接选择所有非无效值。
Block processing time: 0.00225 seconds
Computing Block 84 out of 663
Processing Block size=2
begin cleaner{left: ("[FunctionalDependency:(s: {brewery_id}, t: {brewery_name})]", 0.0), operator: *, right: (1.0, 1.0), result: 0.0}
列 'p' 不存在，对列 brewery_name 不过滤，直接选择所有非无效值。
Block processing time: 0.001497 seconds
Computing Block 85 out of 663
Processing Block size=6
begin cleaner{left: ("[FunctionalDependency:(s: {brewery_id}, t: {brewery_name})]", 0.0), operator: *, right: (1.0, 1.0), result: 0.0}
列 'p' 不存在，对列 brewery_name 不过滤，直接选择所有非无效值。
Block processing time: 0.004285 seconds
Computing Block 87 out of 663
Processing Block size=10
begin cleaner{left: ("[FunctionalDependency:(s: {brewery_id}, t: {brewery_name})]", 0.0), operator: *, right: (1.0, 1.0), result: 0.0}
列 'p' 不存在，对列 brewery_name 不过滤，直接选择所有非无效值。
Block processing time: 0.00707 seconds
Computing Block 88 out of 663
Processing Block size=2
begin cleaner{left: ("[FunctionalDependency:(s: {brewery_id}, t: {brewery_name})]", 0.0), operator: *, right: (1.0, 1.0), result: 0.0}
列 'p' 不存在，对列 brewery_name 不过滤，直接选择所有非无效值。
Block processing time: 0.001496 seconds
Computing Block 89 out of 663
Processing Block size=8
begin cleaner{left: ("[FunctionalDependency:(s: {brewery_id}, t: {brewery_name})]", 0.0), operator: *, right: (1.0, 1.0), result: 0.0}
列 'p' 不存在，对列 brewery_name 不过滤，直接选择所有非无效值。
Block processing time: 0.005665 seconds
Computing Block 92 out of 663
Processing Block size=2
begin cleaner{left: ("[FunctionalDependency:(s: {brewery_id}, t: {brewery_name})]", 0.0), operator: *, right: (1.0, 1.0), result: 0.0}
列 'p' 不存在，对列 brewery_name 不过滤，直接选择所有非无效值。
Block processing time: 0.001502 seconds
Computing Block 93 out of 663
Processing Block size=6
begin cleaner{left: ("[FunctionalDependency:(s: {brewery_id}, t: {brewery_name})]", 0.0), operator: *, right: (1.0, 1.0), result: 0.0}
列 'p' 不存在，对列 brewery_name 不过滤，直接选择所有非无效值。
Block processing time: 0.004355 seconds
Computing Block 94 out of 663
Processing Block size=2
begin cleaner{left: ("[FunctionalDependency:(s: {brewery_id}, t: {brewery_name})]", 0.0), operator: *, right: (1.0, 1.0), result: 0.0}
列 'p' 不存在，对列 brewery_name 不过滤，直接选择所有非无效值。
Block processing time: 0.001505 seconds
Computing Block 95 out of 663
Processing Block size=4
begin cleaner{left: ("[FunctionalDependency:(s: {brewery_id}, t: {brewery_name})]", 0.0), operator: *, right: (1.0, 1.0), result: 0.0}
列 'p' 不存在，对列 brewery_name 不过滤，直接选择所有非无效值。
Block processing time: 0.003043 seconds
Computing Block 97 out of 663
Processing Block size=7
begin cleaner{left: ("[FunctionalDependency:(s: {brewery_id}, t: {brewery_name})]", 0.0), operator: *, right: (1.0, 1.0), result: 0.0}
列 'p' 不存在，对列 brewery_name 不过滤，直接选择所有非无效值。
Block processing time: 0.005031 seconds
Computing Block 99 out of 663
Processing Block size=2
begin cleaner{left: ("[FunctionalDependency:(s: {brewery_id}, t: {brewery_name})]", 0.0), operator: *, right: (1.0, 1.0), result: 0.0}
列 'p' 不存在，对列 brewery_name 不过滤，直接选择所有非无效值。
Block processing time: 0.001514 seconds
Computing Block 100 out of 663
Processing Block size=9
begin cleaner{left: ("[FunctionalDependency:(s: {brewery_id}, t: {brewery_name})]", 0.0), operator: *, right: (1.0, 1.0), result: 0.0}
列 'p' 不存在，对列 brewery_name 不过滤，直接选择所有非无效值。
Block processing time: 0.006401 seconds
Computing Block 101 out of 663
Processing Block size=6
begin cleaner{left: ("[FunctionalDependency:(s: {brewery_id}, t: {brewery_name})]", 0.0), operator: *, right: (1.0, 1.0), result: 0.0}
列 'p' 不存在，对列 brewery_name 不过滤，直接选择所有非无效值。
Block processing time: 0.004379 seconds
Computing Block 102 out of 663
Processing Block size=3
begin cleaner{left: ("[FunctionalDependency:(s: {brewery_id}, t: {brewery_name})]", 0.0), operator: *, right: (1.0, 1.0), result: 0.0}
列 'p' 不存在，对列 brewery_name 不过滤，直接选择所有非无效值。
Block processing time: 0.002234 seconds
Computing Block 104 out of 663
Processing Block size=17
begin cleaner{left: ("[FunctionalDependency:(s: {brewery_id}, t: {brewery_name})]", 0.0), operator: *, right: (1.0, 1.0), result: 0.0}
列 'p' 不存在，对列 brewery_name 不过滤，直接选择所有非无效值。
Block processing time: 0.011974 seconds
Computing Block 105 out of 663
Processing Block size=4
begin cleaner{left: ("[FunctionalDependency:(s: {brewery_id}, t: {brewery_name})]", 0.0), operator: *, right: (1.0, 1.0), result: 0.0}
列 'p' 不存在，对列 brewery_name 不过滤，直接选择所有非无效值。
Block processing time: 0.002999 seconds
Computing Block 106 out of 663
Processing Block size=2
begin cleaner{left: ("[FunctionalDependency:(s: {brewery_id}, t: {brewery_name})]", 0.0), operator: *, right: (1.0, 1.0), result: 0.0}
列 'p' 不存在，对列 brewery_name 不过滤，直接选择所有非无效值。
Block processing time: 0.001608 seconds
Computing Block 108 out of 663
Processing Block size=3
begin cleaner{left: ("[FunctionalDependency:(s: {brewery_id}, t: {brewery_name})]", 0.0), operator: *, right: (1.0, 1.0), result: 0.0}
列 'p' 不存在，对列 brewery_name 不过滤，直接选择所有非无效值。
Block processing time: 0.002196 seconds
Computing Block 110 out of 663
Processing Block size=3
begin cleaner{left: ("[FunctionalDependency:(s: {brewery_id}, t: {brewery_name})]", 0.0), operator: *, right: (1.0, 1.0), result: 0.0}
列 'p' 不存在，对列 brewery_name 不过滤，直接选择所有非无效值。
Block processing time: 0.002209 seconds
Computing Block 112 out of 663
Processing Block size=2
begin cleaner{left: ("[FunctionalDependency:(s: {brewery_id}, t: {brewery_name})]", 0.0), operator: *, right: (1.0, 1.0), result: 0.0}
列 'p' 不存在，对列 brewery_name 不过滤，直接选择所有非无效值。
Block processing time: 0.001553 seconds
Computing Block 113 out of 663
Processing Block size=4
begin cleaner{left: ("[FunctionalDependency:(s: {brewery_id}, t: {brewery_name})]", 0.0), operator: *, right: (1.0, 1.0), result: 0.0}
列 'p' 不存在，对列 brewery_name 不过滤，直接选择所有非无效值。
Block processing time: 0.002929 seconds
Computing Block 114 out of 663
Processing Block size=5
begin cleaner{left: ("[FunctionalDependency:(s: {brewery_id}, t: {brewery_name})]", 0.0), operator: *, right: (1.0, 1.0), result: 0.0}
列 'p' 不存在，对列 brewery_name 不过滤，直接选择所有非无效值。
Block processing time: 0.003613 seconds
Computing Block 115 out of 663
Processing Block size=2
begin cleaner{left: ("[FunctionalDependency:(s: {brewery_id}, t: {brewery_name})]", 0.0), operator: *, right: (1.0, 1.0), result: 0.0}
列 'p' 不存在，对列 brewery_name 不过滤，直接选择所有非无效值。
Block processing time: 0.001496 seconds
Computing Block 116 out of 663
Processing Block size=4
begin cleaner{left: ("[FunctionalDependency:(s: {brewery_id}, t: {brewery_name})]", 0.0), operator: *, right: (1.0, 1.0), result: 0.0}
列 'p' 不存在，对列 brewery_name 不过滤，直接选择所有非无效值。
Block processing time: 0.002924 seconds
Computing Block 117 out of 663
Processing Block size=6
begin cleaner{left: ("[FunctionalDependency:(s: {brewery_id}, t: {brewery_name})]", 0.0), operator: *, right: (1.0, 1.0), result: 0.0}
列 'p' 不存在，对列 brewery_name 不过滤，直接选择所有非无效值。
Block processing time: 0.004287 seconds
Computing Block 118 out of 663
Processing Block size=4
begin cleaner{left: ("[FunctionalDependency:(s: {brewery_id}, t: {brewery_name})]", 0.0), operator: *, right: (1.0, 1.0), result: 0.0}
列 'p' 不存在，对列 brewery_name 不过滤，直接选择所有非无效值。
Block processing time: 0.002947 seconds
Computing Block 119 out of 663
Processing Block size=6
begin cleaner{left: ("[FunctionalDependency:(s: {brewery_id}, t: {brewery_name})]", 0.0), operator: *, right: (1.0, 1.0), result: 0.0}
列 'p' 不存在，对列 brewery_name 不过滤，直接选择所有非无效值。
Block processing time: 0.004303 seconds
Computing Block 120 out of 663
Processing Block size=2
begin cleaner{left: ("[FunctionalDependency:(s: {brewery_id}, t: {brewery_name})]", 0.0), operator: *, right: (1.0, 1.0), result: 0.0}
列 'p' 不存在，对列 brewery_name 不过滤，直接选择所有非无效值。
Block processing time: 0.001503 seconds
Computing Block 121 out of 663
Processing Block size=6
begin cleaner{left: ("[FunctionalDependency:(s: {brewery_id}, t: {brewery_name})]", 0.0), operator: *, right: (1.0, 1.0), result: 0.0}
列 'p' 不存在，对列 brewery_name 不过滤，直接选择所有非无效值。
Block processing time: 0.004292 seconds
Computing Block 122 out of 663
Processing Block size=4
begin cleaner{left: ("[FunctionalDependency:(s: {brewery_id}, t: {brewery_name})]", 0.0), operator: *, right: (1.0, 1.0), result: 0.0}
列 'p' 不存在，对列 brewery_name 不过滤，直接选择所有非无效值。
Block processing time: 0.002903 seconds
Computing Block 123 out of 663
Processing Block size=9
begin cleaner{left: ("[FunctionalDependency:(s: {brewery_id}, t: {brewery_name})]", 0.0), operator: *, right: (1.0, 1.0), result: 0.0}
列 'p' 不存在，对列 brewery_name 不过滤，直接选择所有非无效值。
Block processing time: 0.006376 seconds
Computing Block 124 out of 663
Processing Block size=3
begin cleaner{left: ("[FunctionalDependency:(s: {brewery_id}, t: {brewery_name})]", 0.0), operator: *, right: (1.0, 1.0), result: 0.0}
列 'p' 不存在，对列 brewery_name 不过滤，直接选择所有非无效值。
Block processing time: 0.002305 seconds
Computing Block 125 out of 663
Processing Block size=2
begin cleaner{left: ("[FunctionalDependency:(s: {brewery_id}, t: {brewery_name})]", 0.0), operator: *, right: (1.0, 1.0), result: 0.0}
列 'p' 不存在，对列 brewery_name 不过滤，直接选择所有非无效值。
Block processing time: 0.001504 seconds
Computing Block 126 out of 663
Processing Block size=3
begin cleaner{left: ("[FunctionalDependency:(s: {brewery_id}, t: {brewery_name})]", 0.0), operator: *, right: (1.0, 1.0), result: 0.0}
列 'p' 不存在，对列 brewery_name 不过滤，直接选择所有非无效值。
Block processing time: 0.002204 seconds
Computing Block 130 out of 663
Processing Block size=3
begin cleaner{left: ("[FunctionalDependency:(s: {brewery_id}, t: {brewery_name})]", 0.0), operator: *, right: (1.0, 1.0), result: 0.0}
列 'p' 不存在，对列 brewery_name 不过滤，直接选择所有非无效值。
Block processing time: 0.002201 seconds
Computing Block 131 out of 663
Processing Block size=5
begin cleaner{left: ("[FunctionalDependency:(s: {brewery_id}, t: {brewery_name})]", 0.0), operator: *, right: (1.0, 1.0), result: 0.0}
列 'p' 不存在，对列 brewery_name 不过滤，直接选择所有非无效值。
Block processing time: 0.003601 seconds
Computing Block 132 out of 663
Processing Block size=7
begin cleaner{left: ("[FunctionalDependency:(s: {brewery_id}, t: {brewery_name})]", 0.0), operator: *, right: (1.0, 1.0), result: 0.0}
列 'p' 不存在，对列 brewery_name 不过滤，直接选择所有非无效值。
Block processing time: 0.004985 seconds
Computing Block 133 out of 663
Processing Block size=6
begin cleaner{left: ("[FunctionalDependency:(s: {brewery_id}, t: {brewery_name})]", 0.0), operator: *, right: (1.0, 1.0), result: 0.0}
列 'p' 不存在，对列 brewery_name 不过滤，直接选择所有非无效值。
Block processing time: 0.004355 seconds
Computing Block 134 out of 663
Processing Block size=5
begin cleaner{left: ("[FunctionalDependency:(s: {brewery_id}, t: {brewery_name})]", 0.0), operator: *, right: (1.0, 1.0), result: 0.0}
列 'p' 不存在，对列 brewery_name 不过滤，直接选择所有非无效值。
Block processing time: 0.003618 seconds
Computing Block 135 out of 663
Processing Block size=2
begin cleaner{left: ("[FunctionalDependency:(s: {brewery_id}, t: {brewery_name})]", 0.0), operator: *, right: (1.0, 1.0), result: 0.0}
列 'p' 不存在，对列 brewery_name 不过滤，直接选择所有非无效值。
Block processing time: 0.001505 seconds
Computing Block 136 out of 663
Processing Block size=4
begin cleaner{left: ("[FunctionalDependency:(s: {brewery_id}, t: {brewery_name})]", 0.0), operator: *, right: (1.0, 1.0), result: 0.0}
列 'p' 不存在，对列 brewery_name 不过滤，直接选择所有非无效值。
Block processing time: 0.002891 seconds
Computing Block 137 out of 663
Processing Block size=11
begin cleaner{left: ("[FunctionalDependency:(s: {brewery_id}, t: {brewery_name})]", 0.0), operator: *, right: (1.0, 1.0), result: 0.0}
列 'p' 不存在，对列 brewery_name 不过滤，直接选择所有非无效值。
Block processing time: 0.007792 seconds
Computing Block 139 out of 663
Processing Block size=6
begin cleaner{left: ("[FunctionalDependency:(s: {brewery_id}, t: {brewery_name})]", 0.0), operator: *, right: (1.0, 1.0), result: 0.0}
列 'p' 不存在，对列 brewery_name 不过滤，直接选择所有非无效值。
Block processing time: 0.004349 seconds
Computing Block 140 out of 663
Processing Block size=2
begin cleaner{left: ("[FunctionalDependency:(s: {brewery_id}, t: {brewery_name})]", 0.0), operator: *, right: (1.0, 1.0), result: 0.0}
列 'p' 不存在，对列 brewery_name 不过滤，直接选择所有非无效值。
Block processing time: 0.001494 seconds
Computing Block 141 out of 663
Processing Block size=2
begin cleaner{left: ("[FunctionalDependency:(s: {brewery_id}, t: {brewery_name})]", 0.0), operator: *, right: (1.0, 1.0), result: 0.0}
列 'p' 不存在，对列 brewery_name 不过滤，直接选择所有非无效值。
Block processing time: 0.001503 seconds
Computing Block 143 out of 663
Processing Block size=2
begin cleaner{left: ("[FunctionalDependency:(s: {brewery_id}, t: {brewery_name})]", 0.0), operator: *, right: (1.0, 1.0), result: 0.0}
列 'p' 不存在，对列 brewery_name 不过滤，直接选择所有非无效值。
Block processing time: 0.001493 seconds
Computing Block 146 out of 663
Processing Block size=5
begin cleaner{left: ("[FunctionalDependency:(s: {brewery_id}, t: {brewery_name})]", 0.0), operator: *, right: (1.0, 1.0), result: 0.0}
列 'p' 不存在，对列 brewery_name 不过滤，直接选择所有非无效值。
Block processing time: 0.00358 seconds
Computing Block 149 out of 663
Processing Block size=6
begin cleaner{left: ("[FunctionalDependency:(s: {brewery_id}, t: {brewery_name})]", 0.0), operator: *, right: (1.0, 1.0), result: 0.0}
列 'p' 不存在，对列 brewery_name 不过滤，直接选择所有非无效值。
Block processing time: 0.004388 seconds
Computing Block 150 out of 663
Processing Block size=3
begin cleaner{left: ("[FunctionalDependency:(s: {brewery_id}, t: {brewery_name})]", 0.0), operator: *, right: (1.0, 1.0), result: 0.0}
列 'p' 不存在，对列 brewery_name 不过滤，直接选择所有非无效值。
Block processing time: 0.002392 seconds
Computing Block 151 out of 663
Processing Block size=6
begin cleaner{left: ("[FunctionalDependency:(s: {brewery_id}, t: {brewery_name})]", 0.0), operator: *, right: (1.0, 1.0), result: 0.0}
列 'p' 不存在，对列 brewery_name 不过滤，直接选择所有非无效值。
Block processing time: 0.004768 seconds
Computing Block 152 out of 663
Processing Block size=8
begin cleaner{left: ("[FunctionalDependency:(s: {brewery_id}, t: {brewery_name})]", 0.0), operator: *, right: (1.0, 1.0), result: 0.0}
列 'p' 不存在，对列 brewery_name 不过滤，直接选择所有非无效值。
Block processing time: 0.005674 seconds
Computing Block 154 out of 663
Processing Block size=4
begin cleaner{left: ("[FunctionalDependency:(s: {brewery_id}, t: {brewery_name})]", 0.0), operator: *, right: (1.0, 1.0), result: 0.0}
列 'p' 不存在，对列 brewery_name 不过滤，直接选择所有非无效值。
Block processing time: 0.002901 seconds
Computing Block 155 out of 663
Processing Block size=5
begin cleaner{left: ("[FunctionalDependency:(s: {brewery_id}, t: {brewery_name})]", 0.0), operator: *, right: (1.0, 1.0), result: 0.0}
列 'p' 不存在，对列 brewery_name 不过滤，直接选择所有非无效值。
Block processing time: 0.003609 seconds
Computing Block 156 out of 663
Processing Block size=2
begin cleaner{left: ("[FunctionalDependency:(s: {brewery_id}, t: {brewery_name})]", 0.0), operator: *, right: (1.0, 1.0), result: 0.0}
列 'p' 不存在，对列 brewery_name 不过滤，直接选择所有非无效值。
Block processing time: 0.001524 seconds
Computing Block 157 out of 663
Processing Block size=3
begin cleaner{left: ("[FunctionalDependency:(s: {brewery_id}, t: {brewery_name})]", 0.0), operator: *, right: (1.0, 1.0), result: 0.0}
列 'p' 不存在，对列 brewery_name 不过滤，直接选择所有非无效值。
Block processing time: 0.002196 seconds
Computing Block 159 out of 663
Processing Block size=2
begin cleaner{left: ("[FunctionalDependency:(s: {brewery_id}, t: {brewery_name})]", 0.0), operator: *, right: (1.0, 1.0), result: 0.0}
列 'p' 不存在，对列 brewery_name 不过滤，直接选择所有非无效值。
Block processing time: 0.001495 seconds
Computing Block 162 out of 663
Processing Block size=7
begin cleaner{left: ("[FunctionalDependency:(s: {brewery_id}, t: {brewery_name})]", 0.0), operator: *, right: (1.0, 1.0), result: 0.0}
列 'p' 不存在，对列 brewery_name 不过滤，直接选择所有非无效值。
Block processing time: 0.005032 seconds
Computing Block 163 out of 663
Processing Block size=11
begin cleaner{left: ("[FunctionalDependency:(s: {brewery_id}, t: {brewery_name})]", 0.0), operator: *, right: (1.0, 1.0), result: 0.0}
列 'p' 不存在，对列 brewery_name 不过滤，直接选择所有非无效值。
Block processing time: 0.007741 seconds
Computing Block 164 out of 663
Processing Block size=8
begin cleaner{left: ("[FunctionalDependency:(s: {brewery_id}, t: {brewery_name})]", 0.0), operator: *, right: (1.0, 1.0), result: 0.0}
列 'p' 不存在，对列 brewery_name 不过滤，直接选择所有非无效值。
Block processing time: 0.005701 seconds
Computing Block 167 out of 663
Processing Block size=5
begin cleaner{left: ("[FunctionalDependency:(s: {brewery_id}, t: {brewery_name})]", 0.0), operator: *, right: (1.0, 1.0), result: 0.0}
列 'p' 不存在，对列 brewery_name 不过滤，直接选择所有非无效值。
Block processing time: 0.003645 seconds
Computing Block 168 out of 663
Processing Block size=4
begin cleaner{left: ("[FunctionalDependency:(s: {brewery_id}, t: {brewery_name})]", 0.0), operator: *, right: (1.0, 1.0), result: 0.0}
列 'p' 不存在，对列 brewery_name 不过滤，直接选择所有非无效值。
Block processing time: 0.002905 seconds
Computing Block 169 out of 663
Processing Block size=12
begin cleaner{left: ("[FunctionalDependency:(s: {brewery_id}, t: {brewery_name})]", 0.0), operator: *, right: (1.0, 1.0), result: 0.0}
列 'p' 不存在，对列 brewery_name 不过滤，直接选择所有非无效值。
Block processing time: 0.008529 seconds
Computing Block 170 out of 663
Processing Block size=3
begin cleaner{left: ("[FunctionalDependency:(s: {brewery_id}, t: {brewery_name})]", 0.0), operator: *, right: (1.0, 1.0), result: 0.0}
列 'p' 不存在，对列 brewery_name 不过滤，直接选择所有非无效值。
Block processing time: 0.002215 seconds
Computing Block 171 out of 663
Processing Block size=3
begin cleaner{left: ("[FunctionalDependency:(s: {brewery_id}, t: {brewery_name})]", 0.0), operator: *, right: (1.0, 1.0), result: 0.0}
列 'p' 不存在，对列 brewery_name 不过滤，直接选择所有非无效值。
Block processing time: 0.002196 seconds
Computing Block 172 out of 663
Processing Block size=2
begin cleaner{left: ("[FunctionalDependency:(s: {brewery_id}, t: {brewery_name})]", 0.0), operator: *, right: (1.0, 1.0), result: 0.0}
列 'p' 不存在，对列 brewery_name 不过滤，直接选择所有非无效值。
Block processing time: 0.001572 seconds
Computing Block 174 out of 663
Processing Block size=2
begin cleaner{left: ("[FunctionalDependency:(s: {brewery_id}, t: {brewery_name})]", 0.0), operator: *, right: (1.0, 1.0), result: 0.0}
列 'p' 不存在，对列 brewery_name 不过滤，直接选择所有非无效值。
Block processing time: 0.001509 seconds
Computing Block 175 out of 663
Processing Block size=5
begin cleaner{left: ("[FunctionalDependency:(s: {brewery_id}, t: {brewery_name})]", 0.0), operator: *, right: (1.0, 1.0), result: 0.0}
列 'p' 不存在，对列 brewery_name 不过滤，直接选择所有非无效值。
Block processing time: 0.003651 seconds
Computing Block 176 out of 663
Processing Block size=2
begin cleaner{left: ("[FunctionalDependency:(s: {brewery_id}, t: {brewery_name})]", 0.0), operator: *, right: (1.0, 1.0), result: 0.0}
列 'p' 不存在，对列 brewery_name 不过滤，直接选择所有非无效值。
Block processing time: 0.001513 seconds
Computing Block 182 out of 663
Processing Block size=5
begin cleaner{left: ("[FunctionalDependency:(s: {brewery_id}, t: {brewery_name})]", 0.0), operator: *, right: (1.0, 1.0), result: 0.0}
列 'p' 不存在，对列 brewery_name 不过滤，直接选择所有非无效值。
Block processing time: 0.003619 seconds
Computing Block 186 out of 663
Processing Block size=4
begin cleaner{left: ("[FunctionalDependency:(s: {brewery_id}, t: {brewery_name})]", 0.0), operator: *, right: (1.0, 1.0), result: 0.0}
列 'p' 不存在，对列 brewery_name 不过滤，直接选择所有非无效值。
Block processing time: 0.002898 seconds
Computing Block 187 out of 663
Processing Block size=2
begin cleaner{left: ("[FunctionalDependency:(s: {brewery_id}, t: {brewery_name})]", 0.0), operator: *, right: (1.0, 1.0), result: 0.0}
列 'p' 不存在，对列 brewery_name 不过滤，直接选择所有非无效值。
Block processing time: 0.001496 seconds
Computing Block 188 out of 663
Processing Block size=6
begin cleaner{left: ("[FunctionalDependency:(s: {brewery_id}, t: {brewery_name})]", 0.0), operator: *, right: (1.0, 1.0), result: 0.0}
列 'p' 不存在，对列 brewery_name 不过滤，直接选择所有非无效值。
Block processing time: 0.004275 seconds
Computing Block 189 out of 663
Processing Block size=3
begin cleaner{left: ("[FunctionalDependency:(s: {brewery_id}, t: {brewery_name})]", 0.0), operator: *, right: (1.0, 1.0), result: 0.0}
列 'p' 不存在，对列 brewery_name 不过滤，直接选择所有非无效值。
Block processing time: 0.002199 seconds
Computing Block 190 out of 663
Processing Block size=6
begin cleaner{left: ("[FunctionalDependency:(s: {brewery_id}, t: {brewery_name})]", 0.0), operator: *, right: (1.0, 1.0), result: 0.0}
列 'p' 不存在，对列 brewery_name 不过滤，直接选择所有非无效值。
Block processing time: 0.004284 seconds
Computing Block 192 out of 663
Processing Block size=7
begin cleaner{left: ("[FunctionalDependency:(s: {brewery_id}, t: {brewery_name})]", 0.0), operator: *, right: (1.0, 1.0), result: 0.0}
列 'p' 不存在，对列 brewery_name 不过滤，直接选择所有非无效值。
Block processing time: 0.004986 seconds
Computing Block 193 out of 663
Processing Block size=2
begin cleaner{left: ("[FunctionalDependency:(s: {brewery_id}, t: {brewery_name})]", 0.0), operator: *, right: (1.0, 1.0), result: 0.0}
列 'p' 不存在，对列 brewery_name 不过滤，直接选择所有非无效值。
Block processing time: 0.001555 seconds
Computing Block 194 out of 663
Processing Block size=7
begin cleaner{left: ("[FunctionalDependency:(s: {brewery_id}, t: {brewery_name})]", 0.0), operator: *, right: (1.0, 1.0), result: 0.0}
列 'p' 不存在，对列 brewery_name 不过滤，直接选择所有非无效值。
Block processing time: 0.005023 seconds
Computing Block 195 out of 663
Processing Block size=17
begin cleaner{left: ("[FunctionalDependency:(s: {brewery_id}, t: {brewery_name})]", 0.0), operator: *, right: (1.0, 1.0), result: 0.0}
列 'p' 不存在，对列 brewery_name 不过滤，直接选择所有非无效值。
Block processing time: 0.011939 seconds
Computing Block 196 out of 663
Processing Block size=2
begin cleaner{left: ("[FunctionalDependency:(s: {brewery_id}, t: {brewery_name})]", 0.0), operator: *, right: (1.0, 1.0), result: 0.0}
列 'p' 不存在，对列 brewery_name 不过滤，直接选择所有非无效值。
Block processing time: 0.001525 seconds
Computing Block 197 out of 663
Processing Block size=6
begin cleaner{left: ("[FunctionalDependency:(s: {brewery_id}, t: {brewery_name})]", 0.0), operator: *, right: (1.0, 1.0), result: 0.0}
列 'p' 不存在，对列 brewery_name 不过滤，直接选择所有非无效值。
Block processing time: 0.004344 seconds
Computing Block 200 out of 663
Processing Block size=4
begin cleaner{left: ("[FunctionalDependency:(s: {brewery_id}, t: {brewery_name})]", 0.0), operator: *, right: (1.0, 1.0), result: 0.0}
列 'p' 不存在，对列 brewery_name 不过滤，直接选择所有非无效值。
Block processing time: 0.002981 seconds
Computing Block 201 out of 663
Processing Block size=3
begin cleaner{left: ("[FunctionalDependency:(s: {brewery_id}, t: {brewery_name})]", 0.0), operator: *, right: (1.0, 1.0), result: 0.0}
列 'p' 不存在，对列 brewery_name 不过滤，直接选择所有非无效值。
Block processing time: 0.00223 seconds
Computing Block 202 out of 663
Processing Block size=2
begin cleaner{left: ("[FunctionalDependency:(s: {brewery_id}, t: {brewery_name})]", 0.0), operator: *, right: (1.0, 1.0), result: 0.0}
列 'p' 不存在，对列 brewery_name 不过滤，直接选择所有非无效值。
Block processing time: 0.001495 seconds
Computing Block 203 out of 663
Processing Block size=3
begin cleaner{left: ("[FunctionalDependency:(s: {brewery_id}, t: {brewery_name})]", 0.0), operator: *, right: (1.0, 1.0), result: 0.0}
列 'p' 不存在，对列 brewery_name 不过滤，直接选择所有非无效值。
Block processing time: 0.002193 seconds
Computing Block 204 out of 663
Processing Block size=3
begin cleaner{left: ("[FunctionalDependency:(s: {brewery_id}, t: {brewery_name})]", 0.0), operator: *, right: (1.0, 1.0), result: 0.0}
列 'p' 不存在，对列 brewery_name 不过滤，直接选择所有非无效值。
Block processing time: 0.002243 seconds
Computing Block 207 out of 663
Processing Block size=12
begin cleaner{left: ("[FunctionalDependency:(s: {brewery_id}, t: {brewery_name})]", 0.0), operator: *, right: (1.0, 1.0), result: 0.0}
列 'p' 不存在，对列 brewery_name 不过滤，直接选择所有非无效值。
Block processing time: 0.00852 seconds
Computing Block 208 out of 663
Processing Block size=10
begin cleaner{left: ("[FunctionalDependency:(s: {brewery_id}, t: {brewery_name})]", 0.0), operator: *, right: (1.0, 1.0), result: 0.0}
列 'p' 不存在，对列 brewery_name 不过滤，直接选择所有非无效值。
Block processing time: 0.00717 seconds
Computing Block 213 out of 663
Processing Block size=3
begin cleaner{left: ("[FunctionalDependency:(s: {brewery_id}, t: {brewery_name})]", 0.0), operator: *, right: (1.0, 1.0), result: 0.0}
列 'p' 不存在，对列 brewery_name 不过滤，直接选择所有非无效值。
Block processing time: 0.002224 seconds
Computing Block 214 out of 663
Processing Block size=6
begin cleaner{left: ("[FunctionalDependency:(s: {brewery_id}, t: {brewery_name})]", 0.0), operator: *, right: (1.0, 1.0), result: 0.0}
列 'p' 不存在，对列 brewery_name 不过滤，直接选择所有非无效值。
Block processing time: 0.004329 seconds
Computing Block 220 out of 663
Processing Block size=5
begin cleaner{left: ("[FunctionalDependency:(s: {brewery_id}, t: {brewery_name})]", 0.0), operator: *, right: (1.0, 1.0), result: 0.0}
列 'p' 不存在，对列 brewery_name 不过滤，直接选择所有非无效值。
Block processing time: 0.003628 seconds
Computing Block 221 out of 663
Processing Block size=2
begin cleaner{left: ("[FunctionalDependency:(s: {brewery_id}, t: {brewery_name})]", 0.0), operator: *, right: (1.0, 1.0), result: 0.0}
列 'p' 不存在，对列 brewery_name 不过滤，直接选择所有非无效值。
Block processing time: 0.001503 seconds
Computing Block 222 out of 663
Processing Block size=22
begin cleaner{left: ("[FunctionalDependency:(s: {brewery_id}, t: {brewery_name})]", 0.0), operator: *, right: (1.0, 1.0), result: 0.0}
列 'p' 不存在，对列 brewery_name 不过滤，直接选择所有非无效值。
Block processing time: 0.015552 seconds
Computing Block 225 out of 663
Processing Block size=13
begin cleaner{left: ("[FunctionalDependency:(s: {brewery_id}, t: {brewery_name})]", 0.0), operator: *, right: (1.0, 1.0), result: 0.0}
列 'p' 不存在，对列 brewery_name 不过滤，直接选择所有非无效值。
Block processing time: 0.00922 seconds
Computing Block 226 out of 663
Processing Block size=2
begin cleaner{left: ("[FunctionalDependency:(s: {brewery_id}, t: {brewery_name})]", 0.0), operator: *, right: (1.0, 1.0), result: 0.0}
列 'p' 不存在，对列 brewery_name 不过滤，直接选择所有非无效值。
Block processing time: 0.001538 seconds
Computing Block 227 out of 663
Processing Block size=5
begin cleaner{left: ("[FunctionalDependency:(s: {brewery_id}, t: {brewery_name})]", 0.0), operator: *, right: (1.0, 1.0), result: 0.0}
列 'p' 不存在，对列 brewery_name 不过滤，直接选择所有非无效值。
Block processing time: 0.003655 seconds
Computing Block 228 out of 663
Processing Block size=5
begin cleaner{left: ("[FunctionalDependency:(s: {brewery_id}, t: {brewery_name})]", 0.0), operator: *, right: (1.0, 1.0), result: 0.0}
列 'p' 不存在，对列 brewery_name 不过滤，直接选择所有非无效值。
Block processing time: 0.003582 seconds
Computing Block 232 out of 663
Processing Block size=2
begin cleaner{left: ("[FunctionalDependency:(s: {brewery_id}, t: {brewery_name})]", 0.0), operator: *, right: (1.0, 1.0), result: 0.0}
列 'p' 不存在，对列 brewery_name 不过滤，直接选择所有非无效值。
Block processing time: 0.001504 seconds
Computing Block 234 out of 663
Processing Block size=5
begin cleaner{left: ("[FunctionalDependency:(s: {brewery_id}, t: {brewery_name})]", 0.0), operator: *, right: (1.0, 1.0), result: 0.0}
列 'p' 不存在，对列 brewery_name 不过滤，直接选择所有非无效值。
Block processing time: 0.003626 seconds
Computing Block 236 out of 663
Processing Block size=11
begin cleaner{left: ("[FunctionalDependency:(s: {brewery_id}, t: {brewery_name})]", 0.0), operator: *, right: (1.0, 1.0), result: 0.0}
列 'p' 不存在，对列 brewery_name 不过滤，直接选择所有非无效值。
Block processing time: 0.007782 seconds
Computing Block 238 out of 663
Processing Block size=5
begin cleaner{left: ("[FunctionalDependency:(s: {brewery_id}, t: {brewery_name})]", 0.0), operator: *, right: (1.0, 1.0), result: 0.0}
列 'p' 不存在，对列 brewery_name 不过滤，直接选择所有非无效值。
Block processing time: 0.003624 seconds
Computing Block 240 out of 663
Processing Block size=3
begin cleaner{left: ("[FunctionalDependency:(s: {brewery_id}, t: {brewery_name})]", 0.0), operator: *, right: (1.0, 1.0), result: 0.0}
列 'p' 不存在，对列 brewery_name 不过滤，直接选择所有非无效值。
Block processing time: 0.002233 seconds
Computing Block 241 out of 663
Processing Block size=3
begin cleaner{left: ("[FunctionalDependency:(s: {brewery_id}, t: {brewery_name})]", 0.0), operator: *, right: (1.0, 1.0), result: 0.0}
列 'p' 不存在，对列 brewery_name 不过滤，直接选择所有非无效值。
Block processing time: 0.002237 seconds
Computing Block 242 out of 663
Processing Block size=6
begin cleaner{left: ("[FunctionalDependency:(s: {brewery_id}, t: {brewery_name})]", 0.0), operator: *, right: (1.0, 1.0), result: 0.0}
列 'p' 不存在，对列 brewery_name 不过滤，直接选择所有非无效值。
Block processing time: 0.004329 seconds
Computing Block 244 out of 663
Processing Block size=4
begin cleaner{left: ("[FunctionalDependency:(s: {brewery_id}, t: {brewery_name})]", 0.0), operator: *, right: (1.0, 1.0), result: 0.0}
列 'p' 不存在，对列 brewery_name 不过滤，直接选择所有非无效值。
Block processing time: 0.002953 seconds
Computing Block 249 out of 663
Processing Block size=2
begin cleaner{left: ("[FunctionalDependency:(s: {brewery_id}, t: {brewery_name})]", 0.0), operator: *, right: (1.0, 1.0), result: 0.0}
列 'p' 不存在，对列 brewery_name 不过滤，直接选择所有非无效值。
Block processing time: 0.001515 seconds
Computing Block 250 out of 663
Processing Block size=3
begin cleaner{left: ("[FunctionalDependency:(s: {brewery_id}, t: {brewery_name})]", 0.0), operator: *, right: (1.0, 1.0), result: 0.0}
列 'p' 不存在，对列 brewery_name 不过滤，直接选择所有非无效值。
Block processing time: 0.0022 seconds
Computing Block 254 out of 663
Processing Block size=3
begin cleaner{left: ("[FunctionalDependency:(s: {brewery_id}, t: {brewery_name})]", 0.0), operator: *, right: (1.0, 1.0), result: 0.0}
列 'p' 不存在，对列 brewery_name 不过滤，直接选择所有非无效值。
Block processing time: 0.002205 seconds
Computing Block 255 out of 663
Processing Block size=3
begin cleaner{left: ("[FunctionalDependency:(s: {brewery_id}, t: {brewery_name})]", 0.0), operator: *, right: (1.0, 1.0), result: 0.0}
列 'p' 不存在，对列 brewery_name 不过滤，直接选择所有非无效值。
Block processing time: 0.002215 seconds
Computing Block 257 out of 663
Processing Block size=9
begin cleaner{left: ("[FunctionalDependency:(s: {brewery_id}, t: {brewery_name})]", 0.0), operator: *, right: (1.0, 1.0), result: 0.0}
列 'p' 不存在，对列 brewery_name 不过滤，直接选择所有非无效值。
Block processing time: 0.006429 seconds
Computing Block 259 out of 663
Processing Block size=6
begin cleaner{left: ("[FunctionalDependency:(s: {brewery_id}, t: {brewery_name})]", 0.0), operator: *, right: (1.0, 1.0), result: 0.0}
列 'p' 不存在，对列 brewery_name 不过滤，直接选择所有非无效值。
Block processing time: 0.004316 seconds
Computing Block 261 out of 663
Processing Block size=2
begin cleaner{left: ("[FunctionalDependency:(s: {brewery_id}, t: {brewery_name})]", 0.0), operator: *, right: (1.0, 1.0), result: 0.0}
列 'p' 不存在，对列 brewery_name 不过滤，直接选择所有非无效值。
Block processing time: 0.001528 seconds
Computing Block 264 out of 663
Processing Block size=4
begin cleaner{left: ("[FunctionalDependency:(s: {brewery_id}, t: {brewery_name})]", 0.0), operator: *, right: (1.0, 1.0), result: 0.0}
列 'p' 不存在，对列 brewery_name 不过滤，直接选择所有非无效值。
Block processing time: 0.002927 seconds
Computing Block 265 out of 663
Processing Block size=7
begin cleaner{left: ("[FunctionalDependency:(s: {brewery_id}, t: {brewery_name})]", 0.0), operator: *, right: (1.0, 1.0), result: 0.0}
列 'p' 不存在，对列 brewery_name 不过滤，直接选择所有非无效值。
Block processing time: 0.005032 seconds
Computing Block 266 out of 663
Processing Block size=9
begin cleaner{left: ("[FunctionalDependency:(s: {brewery_id}, t: {brewery_name})]", 0.0), operator: *, right: (1.0, 1.0), result: 0.0}
列 'p' 不存在，对列 brewery_name 不过滤，直接选择所有非无效值。
Block processing time: 0.0065 seconds
Computing Block 268 out of 663
Processing Block size=2
begin cleaner{left: ("[FunctionalDependency:(s: {brewery_id}, t: {brewery_name})]", 0.0), operator: *, right: (1.0, 1.0), result: 0.0}
列 'p' 不存在，对列 brewery_name 不过滤，直接选择所有非无效值。
Block processing time: 0.001508 seconds
Computing Block 270 out of 663
Processing Block size=2
begin cleaner{left: ("[FunctionalDependency:(s: {brewery_id}, t: {brewery_name})]", 0.0), operator: *, right: (1.0, 1.0), result: 0.0}
列 'p' 不存在，对列 brewery_name 不过滤，直接选择所有非无效值。
Block processing time: 0.001497 seconds
Computing Block 271 out of 663
Processing Block size=11
begin cleaner{left: ("[FunctionalDependency:(s: {brewery_id}, t: {brewery_name})]", 0.0), operator: *, right: (1.0, 1.0), result: 0.0}
列 'p' 不存在，对列 brewery_name 不过滤，直接选择所有非无效值。
Block processing time: 0.008327 seconds
Computing Block 272 out of 663
Processing Block size=3
begin cleaner{left: ("[FunctionalDependency:(s: {brewery_id}, t: {brewery_name})]", 0.0), operator: *, right: (1.0, 1.0), result: 0.0}
列 'p' 不存在，对列 brewery_name 不过滤，直接选择所有非无效值。
Block processing time: 0.002222 seconds
Computing Block 274 out of 663
Processing Block size=13
begin cleaner{left: ("[FunctionalDependency:(s: {brewery_id}, t: {brewery_name})]", 0.0), operator: *, right: (1.0, 1.0), result: 0.0}
列 'p' 不存在，对列 brewery_name 不过滤，直接选择所有非无效值。
Block processing time: 0.009248 seconds
Computing Block 275 out of 663
Processing Block size=4
begin cleaner{left: ("[FunctionalDependency:(s: {brewery_id}, t: {brewery_name})]", 0.0), operator: *, right: (1.0, 1.0), result: 0.0}
列 'p' 不存在，对列 brewery_name 不过滤，直接选择所有非无效值。
Block processing time: 0.002889 seconds
Computing Block 277 out of 663
Processing Block size=2
begin cleaner{left: ("[FunctionalDependency:(s: {brewery_id}, t: {brewery_name})]", 0.0), operator: *, right: (1.0, 1.0), result: 0.0}
列 'p' 不存在，对列 brewery_name 不过滤，直接选择所有非无效值。
Block processing time: 0.001522 seconds
Computing Block 278 out of 663
Processing Block size=6
begin cleaner{left: ("[FunctionalDependency:(s: {brewery_id}, t: {brewery_name})]", 0.0), operator: *, right: (1.0, 1.0), result: 0.0}
列 'p' 不存在，对列 brewery_name 不过滤，直接选择所有非无效值。
Block processing time: 0.004276 seconds
Computing Block 281 out of 663
Processing Block size=2
begin cleaner{left: ("[FunctionalDependency:(s: {brewery_id}, t: {brewery_name})]", 0.0), operator: *, right: (1.0, 1.0), result: 0.0}
列 'p' 不存在，对列 brewery_name 不过滤，直接选择所有非无效值。
Block processing time: 0.001505 seconds
Computing Block 282 out of 663
Processing Block size=2
begin cleaner{left: ("[FunctionalDependency:(s: {brewery_id}, t: {brewery_name})]", 0.0), operator: *, right: (1.0, 1.0), result: 0.0}
列 'p' 不存在，对列 brewery_name 不过滤，直接选择所有非无效值。
Block processing time: 0.001506 seconds
Computing Block 283 out of 663
Processing Block size=10
begin cleaner{left: ("[FunctionalDependency:(s: {brewery_id}, t: {brewery_name})]", 0.0), operator: *, right: (1.0, 1.0), result: 0.0}
列 'p' 不存在，对列 brewery_name 不过滤，直接选择所有非无效值。
Block processing time: 0.007037 seconds
Computing Block 285 out of 663
Processing Block size=9
begin cleaner{left: ("[FunctionalDependency:(s: {brewery_id}, t: {brewery_name})]", 0.0), operator: *, right: (1.0, 1.0), result: 0.0}
列 'p' 不存在，对列 brewery_name 不过滤，直接选择所有非无效值。
Block processing time: 0.006393 seconds
Computing Block 286 out of 663
Processing Block size=3
begin cleaner{left: ("[FunctionalDependency:(s: {brewery_id}, t: {brewery_name})]", 0.0), operator: *, right: (1.0, 1.0), result: 0.0}
列 'p' 不存在，对列 brewery_name 不过滤，直接选择所有非无效值。
Block processing time: 0.002226 seconds
Computing Block 287 out of 663
Processing Block size=3
begin cleaner{left: ("[FunctionalDependency:(s: {brewery_id}, t: {brewery_name})]", 0.0), operator: *, right: (1.0, 1.0), result: 0.0}
列 'p' 不存在，对列 brewery_name 不过滤，直接选择所有非无效值。
Block processing time: 0.002514 seconds
Computing Block 288 out of 663
Processing Block size=2
begin cleaner{left: ("[FunctionalDependency:(s: {brewery_id}, t: {brewery_name})]", 0.0), operator: *, right: (1.0, 1.0), result: 0.0}
列 'p' 不存在，对列 brewery_name 不过滤，直接选择所有非无效值。
Block processing time: 0.001599 seconds
Computing Block 289 out of 663
Processing Block size=11
begin cleaner{left: ("[FunctionalDependency:(s: {brewery_id}, t: {brewery_name})]", 0.0), operator: *, right: (1.0, 1.0), result: 0.0}
列 'p' 不存在，对列 brewery_name 不过滤，直接选择所有非无效值。
Block processing time: 0.007906 seconds
Computing Block 290 out of 663
Processing Block size=2
begin cleaner{left: ("[FunctionalDependency:(s: {brewery_id}, t: {brewery_name})]", 0.0), operator: *, right: (1.0, 1.0), result: 0.0}
列 'p' 不存在，对列 brewery_name 不过滤，直接选择所有非无效值。
Block processing time: 0.001499 seconds
Computing Block 293 out of 663
Processing Block size=2
begin cleaner{left: ("[FunctionalDependency:(s: {brewery_id}, t: {brewery_name})]", 0.0), operator: *, right: (1.0, 1.0), result: 0.0}
列 'p' 不存在，对列 brewery_name 不过滤，直接选择所有非无效值。
Block processing time: 0.001592 seconds
Computing Block 294 out of 663
Processing Block size=2
begin cleaner{left: ("[FunctionalDependency:(s: {brewery_id}, t: {brewery_name})]", 0.0), operator: *, right: (1.0, 1.0), result: 0.0}
列 'p' 不存在，对列 brewery_name 不过滤，直接选择所有非无效值。
Block processing time: 0.001558 seconds
Computing Block 295 out of 663
Processing Block size=4
begin cleaner{left: ("[FunctionalDependency:(s: {brewery_id}, t: {brewery_name})]", 0.0), operator: *, right: (1.0, 1.0), result: 0.0}
列 'p' 不存在，对列 brewery_name 不过滤，直接选择所有非无效值。
Block processing time: 0.002884 seconds
Computing Block 296 out of 663
Processing Block size=2
begin cleaner{left: ("[FunctionalDependency:(s: {brewery_id}, t: {brewery_name})]", 0.0), operator: *, right: (1.0, 1.0), result: 0.0}
列 'p' 不存在，对列 brewery_name 不过滤，直接选择所有非无效值。
Block processing time: 0.001503 seconds
Computing Block 297 out of 663
Processing Block size=8
begin cleaner{left: ("[FunctionalDependency:(s: {brewery_id}, t: {brewery_name})]", 0.0), operator: *, right: (1.0, 1.0), result: 0.0}
列 'p' 不存在，对列 brewery_name 不过滤，直接选择所有非无效值。
Block processing time: 0.00573 seconds
Computing Block 298 out of 663
Processing Block size=3
begin cleaner{left: ("[FunctionalDependency:(s: {brewery_id}, t: {brewery_name})]", 0.0), operator: *, right: (1.0, 1.0), result: 0.0}
列 'p' 不存在，对列 brewery_name 不过滤，直接选择所有非无效值。
Block processing time: 0.002193 seconds
Computing Block 299 out of 663
Processing Block size=5
begin cleaner{left: ("[FunctionalDependency:(s: {brewery_id}, t: {brewery_name})]", 0.0), operator: *, right: (1.0, 1.0), result: 0.0}
列 'p' 不存在，对列 brewery_name 不过滤，直接选择所有非无效值。
Block processing time: 0.003575 seconds
Computing Block 300 out of 663
Processing Block size=3
begin cleaner{left: ("[FunctionalDependency:(s: {brewery_id}, t: {brewery_name})]", 0.0), operator: *, right: (1.0, 1.0), result: 0.0}
列 'p' 不存在，对列 brewery_name 不过滤，直接选择所有非无效值。
Block processing time: 0.002211 seconds
Computing Block 304 out of 663
Processing Block size=4
begin cleaner{left: ("[FunctionalDependency:(s: {brewery_id}, t: {brewery_name})]", 0.0), operator: *, right: (1.0, 1.0), result: 0.0}
列 'p' 不存在，对列 brewery_name 不过滤，直接选择所有非无效值。
Block processing time: 0.002946 seconds
Computing Block 306 out of 663
Processing Block size=3
begin cleaner{left: ("[FunctionalDependency:(s: {brewery_id}, t: {brewery_name})]", 0.0), operator: *, right: (1.0, 1.0), result: 0.0}
列 'p' 不存在，对列 brewery_name 不过滤，直接选择所有非无效值。
Block processing time: 0.002203 seconds
Computing Block 307 out of 663
Processing Block size=7
begin cleaner{left: ("[FunctionalDependency:(s: {brewery_id}, t: {brewery_name})]", 0.0), operator: *, right: (1.0, 1.0), result: 0.0}
列 'p' 不存在，对列 brewery_name 不过滤，直接选择所有非无效值。
Block processing time: 0.004964 seconds
Computing Block 308 out of 663
Processing Block size=4
begin cleaner{left: ("[FunctionalDependency:(s: {brewery_id}, t: {brewery_name})]", 0.0), operator: *, right: (1.0, 1.0), result: 0.0}
列 'p' 不存在，对列 brewery_name 不过滤，直接选择所有非无效值。
Block processing time: 0.002889 seconds
Computing Block 311 out of 663
Processing Block size=5
begin cleaner{left: ("[FunctionalDependency:(s: {brewery_id}, t: {brewery_name})]", 0.0), operator: *, right: (1.0, 1.0), result: 0.0}
列 'p' 不存在，对列 brewery_name 不过滤，直接选择所有非无效值。
Block processing time: 0.00361 seconds
Computing Block 313 out of 663
Processing Block size=4
begin cleaner{left: ("[FunctionalDependency:(s: {brewery_id}, t: {brewery_name})]", 0.0), operator: *, right: (1.0, 1.0), result: 0.0}
列 'p' 不存在，对列 brewery_name 不过滤，直接选择所有非无效值。
Block processing time: 0.002899 seconds
Computing Block 314 out of 663
Processing Block size=2
begin cleaner{left: ("[FunctionalDependency:(s: {brewery_id}, t: {brewery_name})]", 0.0), operator: *, right: (1.0, 1.0), result: 0.0}
列 'p' 不存在，对列 brewery_name 不过滤，直接选择所有非无效值。
Block processing time: 0.00152 seconds
Computing Block 315 out of 663
Processing Block size=2
begin cleaner{left: ("[FunctionalDependency:(s: {brewery_id}, t: {brewery_name})]", 0.0), operator: *, right: (1.0, 1.0), result: 0.0}
列 'p' 不存在，对列 brewery_name 不过滤，直接选择所有非无效值。
Block processing time: 0.001507 seconds
Computing Block 316 out of 663
Processing Block size=9
begin cleaner{left: ("[FunctionalDependency:(s: {brewery_id}, t: {brewery_name})]", 0.0), operator: *, right: (1.0, 1.0), result: 0.0}
列 'p' 不存在，对列 brewery_name 不过滤，直接选择所有非无效值。
Block processing time: 0.006407 seconds
Computing Block 317 out of 663
Processing Block size=2
begin cleaner{left: ("[FunctionalDependency:(s: {brewery_id}, t: {brewery_name})]", 0.0), operator: *, right: (1.0, 1.0), result: 0.0}
列 'p' 不存在，对列 brewery_name 不过滤，直接选择所有非无效值。
Block processing time: 0.001486 seconds
Computing Block 319 out of 663
Processing Block size=7
begin cleaner{left: ("[FunctionalDependency:(s: {brewery_id}, t: {brewery_name})]", 0.0), operator: *, right: (1.0, 1.0), result: 0.0}
列 'p' 不存在，对列 brewery_name 不过滤，直接选择所有非无效值。
Block processing time: 0.005101 seconds
Computing Block 320 out of 663
Processing Block size=10
begin cleaner{left: ("[FunctionalDependency:(s: {brewery_id}, t: {brewery_name})]", 0.0), operator: *, right: (1.0, 1.0), result: 0.0}
列 'p' 不存在，对列 brewery_name 不过滤，直接选择所有非无效值。
Block processing time: 0.007078 seconds
Computing Block 322 out of 663
Processing Block size=2
begin cleaner{left: ("[FunctionalDependency:(s: {brewery_id}, t: {brewery_name})]", 0.0), operator: *, right: (1.0, 1.0), result: 0.0}
列 'p' 不存在，对列 brewery_name 不过滤，直接选择所有非无效值。
Block processing time: 0.001493 seconds
Computing Block 323 out of 663
Processing Block size=9
begin cleaner{left: ("[FunctionalDependency:(s: {brewery_id}, t: {brewery_name})]", 0.0), operator: *, right: (1.0, 1.0), result: 0.0}
列 'p' 不存在，对列 brewery_name 不过滤，直接选择所有非无效值。
Block processing time: 0.00639 seconds
Computing Block 325 out of 663
Processing Block size=2
begin cleaner{left: ("[FunctionalDependency:(s: {brewery_id}, t: {brewery_name})]", 0.0), operator: *, right: (1.0, 1.0), result: 0.0}
列 'p' 不存在，对列 brewery_name 不过滤，直接选择所有非无效值。
Block processing time: 0.001504 seconds
Computing Block 328 out of 663
Processing Block size=7
begin cleaner{left: ("[FunctionalDependency:(s: {brewery_id}, t: {brewery_name})]", 0.0), operator: *, right: (1.0, 1.0), result: 0.0}
列 'p' 不存在，对列 brewery_name 不过滤，直接选择所有非无效值。
Block processing time: 0.005142 seconds
Computing Block 330 out of 663
Processing Block size=7
begin cleaner{left: ("[FunctionalDependency:(s: {brewery_id}, t: {brewery_name})]", 0.0), operator: *, right: (1.0, 1.0), result: 0.0}
列 'p' 不存在，对列 brewery_name 不过滤，直接选择所有非无效值。
Block processing time: 0.005055 seconds
Computing Block 331 out of 663
Processing Block size=6
begin cleaner{left: ("[FunctionalDependency:(s: {brewery_id}, t: {brewery_name})]", 0.0), operator: *, right: (1.0, 1.0), result: 0.0}
列 'p' 不存在，对列 brewery_name 不过滤，直接选择所有非无效值。
Block processing time: 0.004458 seconds
Computing Block 334 out of 663
Processing Block size=23
begin cleaner{left: ("[FunctionalDependency:(s: {brewery_id}, t: {brewery_name})]", 0.0), operator: *, right: (1.0, 1.0), result: 0.0}
列 'p' 不存在，对列 brewery_name 不过滤，直接选择所有非无效值。
Block processing time: 0.016149 seconds
Computing Block 336 out of 663
Processing Block size=17
begin cleaner{left: ("[FunctionalDependency:(s: {brewery_id}, t: {brewery_name})]", 0.0), operator: *, right: (1.0, 1.0), result: 0.0}
列 'p' 不存在，对列 brewery_name 不过滤，直接选择所有非无效值。
Block processing time: 0.01197 seconds
Computing Block 337 out of 663
Processing Block size=3
begin cleaner{left: ("[FunctionalDependency:(s: {brewery_id}, t: {brewery_name})]", 0.0), operator: *, right: (1.0, 1.0), result: 0.0}
列 'p' 不存在，对列 brewery_name 不过滤，直接选择所有非无效值。
Block processing time: 0.002189 seconds
Computing Block 340 out of 663
Processing Block size=3
begin cleaner{left: ("[FunctionalDependency:(s: {brewery_id}, t: {brewery_name})]", 0.0), operator: *, right: (1.0, 1.0), result: 0.0}
列 'p' 不存在，对列 brewery_name 不过滤，直接选择所有非无效值。
Block processing time: 0.002195 seconds
Computing Block 342 out of 663
Processing Block size=4
begin cleaner{left: ("[FunctionalDependency:(s: {brewery_id}, t: {brewery_name})]", 0.0), operator: *, right: (1.0, 1.0), result: 0.0}
列 'p' 不存在，对列 brewery_name 不过滤，直接选择所有非无效值。
Block processing time: 0.00289 seconds
Computing Block 344 out of 663
Processing Block size=2
begin cleaner{left: ("[FunctionalDependency:(s: {brewery_id}, t: {brewery_name})]", 0.0), operator: *, right: (1.0, 1.0), result: 0.0}
列 'p' 不存在，对列 brewery_name 不过滤，直接选择所有非无效值。
Block processing time: 0.0015 seconds
Computing Block 345 out of 663
Processing Block size=2
begin cleaner{left: ("[FunctionalDependency:(s: {brewery_id}, t: {brewery_name})]", 0.0), operator: *, right: (1.0, 1.0), result: 0.0}
列 'p' 不存在，对列 brewery_name 不过滤，直接选择所有非无效值。
Block processing time: 0.001496 seconds
Computing Block 347 out of 663
Processing Block size=16
begin cleaner{left: ("[FunctionalDependency:(s: {brewery_id}, t: {brewery_name})]", 0.0), operator: *, right: (1.0, 1.0), result: 0.0}
列 'p' 不存在，对列 brewery_name 不过滤，直接选择所有非无效值。
Block processing time: 0.011207 seconds
Computing Block 348 out of 663
Processing Block size=16
begin cleaner{left: ("[FunctionalDependency:(s: {brewery_id}, t: {brewery_name})]", 0.0), operator: *, right: (1.0, 1.0), result: 0.0}
列 'p' 不存在，对列 brewery_name 不过滤，直接选择所有非无效值。
Block processing time: 0.011424 seconds
Computing Block 349 out of 663
Processing Block size=2
begin cleaner{left: ("[FunctionalDependency:(s: {brewery_id}, t: {brewery_name})]", 0.0), operator: *, right: (1.0, 1.0), result: 0.0}
列 'p' 不存在，对列 brewery_name 不过滤，直接选择所有非无效值。
Block processing time: 0.001498 seconds
Computing Block 350 out of 663
Processing Block size=2
begin cleaner{left: ("[FunctionalDependency:(s: {brewery_id}, t: {brewery_name})]", 0.0), operator: *, right: (1.0, 1.0), result: 0.0}
列 'p' 不存在，对列 brewery_name 不过滤，直接选择所有非无效值。
Block processing time: 0.001497 seconds
Computing Block 355 out of 663
Processing Block size=2
begin cleaner{left: ("[FunctionalDependency:(s: {brewery_id}, t: {brewery_name})]", 0.0), operator: *, right: (1.0, 1.0), result: 0.0}
列 'p' 不存在，对列 brewery_name 不过滤，直接选择所有非无效值。
Block processing time: 0.001536 seconds
Computing Block 356 out of 663
Processing Block size=4
begin cleaner{left: ("[FunctionalDependency:(s: {brewery_id}, t: {brewery_name})]", 0.0), operator: *, right: (1.0, 1.0), result: 0.0}
列 'p' 不存在，对列 brewery_name 不过滤，直接选择所有非无效值。
Block processing time: 0.002912 seconds
Computing Block 357 out of 663
Processing Block size=4
begin cleaner{left: ("[FunctionalDependency:(s: {brewery_id}, t: {brewery_name})]", 0.0), operator: *, right: (1.0, 1.0), result: 0.0}
列 'p' 不存在，对列 brewery_name 不过滤，直接选择所有非无效值。
Block processing time: 0.002947 seconds
Computing Block 358 out of 663
Processing Block size=2
begin cleaner{left: ("[FunctionalDependency:(s: {brewery_id}, t: {brewery_name})]", 0.0), operator: *, right: (1.0, 1.0), result: 0.0}
列 'p' 不存在，对列 brewery_name 不过滤，直接选择所有非无效值。
Block processing time: 0.001505 seconds
Computing Block 360 out of 663
Processing Block size=3
begin cleaner{left: ("[FunctionalDependency:(s: {brewery_id}, t: {brewery_name})]", 0.0), operator: *, right: (1.0, 1.0), result: 0.0}
列 'p' 不存在，对列 brewery_name 不过滤，直接选择所有非无效值。
Block processing time: 0.00223 seconds
Computing Block 361 out of 663
Processing Block size=3
begin cleaner{left: ("[FunctionalDependency:(s: {brewery_id}, t: {brewery_name})]", 0.0), operator: *, right: (1.0, 1.0), result: 0.0}
列 'p' 不存在，对列 brewery_name 不过滤，直接选择所有非无效值。
Block processing time: 0.002367 seconds
Computing Block 362 out of 663
Processing Block size=12
begin cleaner{left: ("[FunctionalDependency:(s: {brewery_id}, t: {brewery_name})]", 0.0), operator: *, right: (1.0, 1.0), result: 0.0}
列 'p' 不存在，对列 brewery_name 不过滤，直接选择所有非无效值。
Block processing time: 0.00916 seconds
Computing Block 363 out of 663
Processing Block size=4
begin cleaner{left: ("[FunctionalDependency:(s: {brewery_id}, t: {brewery_name})]", 0.0), operator: *, right: (1.0, 1.0), result: 0.0}
列 'p' 不存在，对列 brewery_name 不过滤，直接选择所有非无效值。
Block processing time: 0.0031 seconds
Computing Block 367 out of 663
Processing Block size=2
begin cleaner{left: ("[FunctionalDependency:(s: {brewery_id}, t: {brewery_name})]", 0.0), operator: *, right: (1.0, 1.0), result: 0.0}
列 'p' 不存在，对列 brewery_name 不过滤，直接选择所有非无效值。
Block processing time: 0.001662 seconds
Computing Block 369 out of 663
Processing Block size=4
begin cleaner{left: ("[FunctionalDependency:(s: {brewery_id}, t: {brewery_name})]", 0.0), operator: *, right: (1.0, 1.0), result: 0.0}
列 'p' 不存在，对列 brewery_name 不过滤，直接选择所有非无效值。
Block processing time: 0.003028 seconds
Computing Block 371 out of 663
Processing Block size=2
begin cleaner{left: ("[FunctionalDependency:(s: {brewery_id}, t: {brewery_name})]", 0.0), operator: *, right: (1.0, 1.0), result: 0.0}
列 'p' 不存在，对列 brewery_name 不过滤，直接选择所有非无效值。
Block processing time: 0.001564 seconds
Computing Block 372 out of 663
Processing Block size=10
begin cleaner{left: ("[FunctionalDependency:(s: {brewery_id}, t: {brewery_name})]", 0.0), operator: *, right: (1.0, 1.0), result: 0.0}
列 'p' 不存在，对列 brewery_name 不过滤，直接选择所有非无效值。
Block processing time: 0.007136 seconds
Computing Block 373 out of 663
Processing Block size=2
begin cleaner{left: ("[FunctionalDependency:(s: {brewery_id}, t: {brewery_name})]", 0.0), operator: *, right: (1.0, 1.0), result: 0.0}
列 'p' 不存在，对列 brewery_name 不过滤，直接选择所有非无效值。
Block processing time: 0.001506 seconds
Computing Block 375 out of 663
Processing Block size=4
begin cleaner{left: ("[FunctionalDependency:(s: {brewery_id}, t: {brewery_name})]", 0.0), operator: *, right: (1.0, 1.0), result: 0.0}
列 'p' 不存在，对列 brewery_name 不过滤，直接选择所有非无效值。
Block processing time: 0.002971 seconds
Computing Block 376 out of 663
Processing Block size=3
begin cleaner{left: ("[FunctionalDependency:(s: {brewery_id}, t: {brewery_name})]", 0.0), operator: *, right: (1.0, 1.0), result: 0.0}
列 'p' 不存在，对列 brewery_name 不过滤，直接选择所有非无效值。
Block processing time: 0.002205 seconds
Computing Block 378 out of 663
Processing Block size=9
begin cleaner{left: ("[FunctionalDependency:(s: {brewery_id}, t: {brewery_name})]", 0.0), operator: *, right: (1.0, 1.0), result: 0.0}
列 'p' 不存在，对列 brewery_name 不过滤，直接选择所有非无效值。
Block processing time: 0.006436 seconds
Computing Block 380 out of 663
Processing Block size=5
begin cleaner{left: ("[FunctionalDependency:(s: {brewery_id}, t: {brewery_name})]", 0.0), operator: *, right: (1.0, 1.0), result: 0.0}
列 'p' 不存在，对列 brewery_name 不过滤，直接选择所有非无效值。
Block processing time: 0.003665 seconds
Computing Block 382 out of 663
Processing Block size=5
begin cleaner{left: ("[FunctionalDependency:(s: {brewery_id}, t: {brewery_name})]", 0.0), operator: *, right: (1.0, 1.0), result: 0.0}
列 'p' 不存在，对列 brewery_name 不过滤，直接选择所有非无效值。
Block processing time: 0.003765 seconds
Computing Block 385 out of 663
Processing Block size=3
begin cleaner{left: ("[FunctionalDependency:(s: {brewery_id}, t: {brewery_name})]", 0.0), operator: *, right: (1.0, 1.0), result: 0.0}
列 'p' 不存在，对列 brewery_name 不过滤，直接选择所有非无效值。
Block processing time: 0.002252 seconds
Computing Block 386 out of 663
Processing Block size=37
begin cleaner{left: ("[FunctionalDependency:(s: {brewery_id}, t: {brewery_name})]", 0.0), operator: *, right: (1.0, 1.0), result: 0.0}
列 'p' 不存在，对列 brewery_name 不过滤，直接选择所有非无效值。
Block processing time: 0.026079 seconds
Computing Block 388 out of 663
Processing Block size=3
begin cleaner{left: ("[FunctionalDependency:(s: {brewery_id}, t: {brewery_name})]", 0.0), operator: *, right: (1.0, 1.0), result: 0.0}
列 'p' 不存在，对列 brewery_name 不过滤，直接选择所有非无效值。
Block processing time: 0.002235 seconds
Computing Block 389 out of 663
Processing Block size=16
begin cleaner{left: ("[FunctionalDependency:(s: {brewery_id}, t: {brewery_name})]", 0.0), operator: *, right: (1.0, 1.0), result: 0.0}
列 'p' 不存在，对列 brewery_name 不过滤，直接选择所有非无效值。
Block processing time: 0.011335 seconds
Computing Block 390 out of 663
Processing Block size=2
begin cleaner{left: ("[FunctionalDependency:(s: {brewery_id}, t: {brewery_name})]", 0.0), operator: *, right: (1.0, 1.0), result: 0.0}
列 'p' 不存在，对列 brewery_name 不过滤，直接选择所有非无效值。
Block processing time: 0.001513 seconds
Computing Block 394 out of 663
Processing Block size=2
begin cleaner{left: ("[FunctionalDependency:(s: {brewery_id}, t: {brewery_name})]", 0.0), operator: *, right: (1.0, 1.0), result: 0.0}
列 'p' 不存在，对列 brewery_name 不过滤，直接选择所有非无效值。
Block processing time: 0.001514 seconds
Computing Block 396 out of 663
Processing Block size=3
begin cleaner{left: ("[FunctionalDependency:(s: {brewery_id}, t: {brewery_name})]", 0.0), operator: *, right: (1.0, 1.0), result: 0.0}
列 'p' 不存在，对列 brewery_name 不过滤，直接选择所有非无效值。
Block processing time: 0.002272 seconds
Computing Block 397 out of 663
Processing Block size=4
begin cleaner{left: ("[FunctionalDependency:(s: {brewery_id}, t: {brewery_name})]", 0.0), operator: *, right: (1.0, 1.0), result: 0.0}
列 'p' 不存在，对列 brewery_name 不过滤，直接选择所有非无效值。
Block processing time: 0.00294 seconds
Computing Block 399 out of 663
Processing Block size=3
begin cleaner{left: ("[FunctionalDependency:(s: {brewery_id}, t: {brewery_name})]", 0.0), operator: *, right: (1.0, 1.0), result: 0.0}
列 'p' 不存在，对列 brewery_name 不过滤，直接选择所有非无效值。
Block processing time: 0.002228 seconds
Computing Block 400 out of 663
Processing Block size=4
begin cleaner{left: ("[FunctionalDependency:(s: {brewery_id}, t: {brewery_name})]", 0.0), operator: *, right: (1.0, 1.0), result: 0.0}
列 'p' 不存在，对列 brewery_name 不过滤，直接选择所有非无效值。
Block processing time: 0.002893 seconds
Computing Block 402 out of 663
Processing Block size=4
begin cleaner{left: ("[FunctionalDependency:(s: {brewery_id}, t: {brewery_name})]", 0.0), operator: *, right: (1.0, 1.0), result: 0.0}
列 'p' 不存在，对列 brewery_name 不过滤，直接选择所有非无效值。
Block processing time: 0.002898 seconds
Computing Block 404 out of 663
Processing Block size=4
begin cleaner{left: ("[FunctionalDependency:(s: {brewery_id}, t: {brewery_name})]", 0.0), operator: *, right: (1.0, 1.0), result: 0.0}
列 'p' 不存在，对列 brewery_name 不过滤，直接选择所有非无效值。
Block processing time: 0.002921 seconds
Computing Block 405 out of 663
Processing Block size=3
begin cleaner{left: ("[FunctionalDependency:(s: {brewery_id}, t: {brewery_name})]", 0.0), operator: *, right: (1.0, 1.0), result: 0.0}
列 'p' 不存在，对列 brewery_name 不过滤，直接选择所有非无效值。
Block processing time: 0.002183 seconds
Computing Block 406 out of 663
Processing Block size=4
begin cleaner{left: ("[FunctionalDependency:(s: {brewery_id}, t: {brewery_name})]", 0.0), operator: *, right: (1.0, 1.0), result: 0.0}
列 'p' 不存在，对列 brewery_name 不过滤，直接选择所有非无效值。
Block processing time: 0.003001 seconds
Computing Block 407 out of 663
Processing Block size=2
begin cleaner{left: ("[FunctionalDependency:(s: {brewery_id}, t: {brewery_name})]", 0.0), operator: *, right: (1.0, 1.0), result: 0.0}
列 'p' 不存在，对列 brewery_name 不过滤，直接选择所有非无效值。
Block processing time: 0.001561 seconds
Computing Block 409 out of 663
Processing Block size=3
begin cleaner{left: ("[FunctionalDependency:(s: {brewery_id}, t: {brewery_name})]", 0.0), operator: *, right: (1.0, 1.0), result: 0.0}
列 'p' 不存在，对列 brewery_name 不过滤，直接选择所有非无效值。
Block processing time: 0.002312 seconds
Computing Block 412 out of 663
Processing Block size=5
begin cleaner{left: ("[FunctionalDependency:(s: {brewery_id}, t: {brewery_name})]", 0.0), operator: *, right: (1.0, 1.0), result: 0.0}
列 'p' 不存在，对列 brewery_name 不过滤，直接选择所有非无效值。
Block processing time: 0.003579 seconds
Computing Block 413 out of 663
Processing Block size=2
begin cleaner{left: ("[FunctionalDependency:(s: {brewery_id}, t: {brewery_name})]", 0.0), operator: *, right: (1.0, 1.0), result: 0.0}
列 'p' 不存在，对列 brewery_name 不过滤，直接选择所有非无效值。
Block processing time: 0.001505 seconds
Computing Block 414 out of 663
Processing Block size=2
begin cleaner{left: ("[FunctionalDependency:(s: {brewery_id}, t: {brewery_name})]", 0.0), operator: *, right: (1.0, 1.0), result: 0.0}
列 'p' 不存在，对列 brewery_name 不过滤，直接选择所有非无效值。
Block processing time: 0.001522 seconds
Computing Block 417 out of 663
Processing Block size=2
begin cleaner{left: ("[FunctionalDependency:(s: {brewery_id}, t: {brewery_name})]", 0.0), operator: *, right: (1.0, 1.0), result: 0.0}
列 'p' 不存在，对列 brewery_name 不过滤，直接选择所有非无效值。
Block processing time: 0.001498 seconds
Computing Block 419 out of 663
Processing Block size=5
begin cleaner{left: ("[FunctionalDependency:(s: {brewery_id}, t: {brewery_name})]", 0.0), operator: *, right: (1.0, 1.0), result: 0.0}
列 'p' 不存在，对列 brewery_name 不过滤，直接选择所有非无效值。
Block processing time: 0.003672 seconds
Computing Block 420 out of 663
Processing Block size=9
begin cleaner{left: ("[FunctionalDependency:(s: {brewery_id}, t: {brewery_name})]", 0.0), operator: *, right: (1.0, 1.0), result: 0.0}
列 'p' 不存在，对列 brewery_name 不过滤，直接选择所有非无效值。
Block processing time: 0.006396 seconds
Computing Block 421 out of 663
Processing Block size=2
begin cleaner{left: ("[FunctionalDependency:(s: {brewery_id}, t: {brewery_name})]", 0.0), operator: *, right: (1.0, 1.0), result: 0.0}
列 'p' 不存在，对列 brewery_name 不过滤，直接选择所有非无效值。
Block processing time: 0.001545 seconds
Computing Block 423 out of 663
Processing Block size=2
begin cleaner{left: ("[FunctionalDependency:(s: {brewery_id}, t: {brewery_name})]", 0.0), operator: *, right: (1.0, 1.0), result: 0.0}
列 'p' 不存在，对列 brewery_name 不过滤，直接选择所有非无效值。
Block processing time: 0.001538 seconds
Computing Block 424 out of 663
Processing Block size=9
begin cleaner{left: ("[FunctionalDependency:(s: {brewery_id}, t: {brewery_name})]", 0.0), operator: *, right: (1.0, 1.0), result: 0.0}
列 'p' 不存在，对列 brewery_name 不过滤，直接选择所有非无效值。
Block processing time: 0.006503 seconds
Computing Block 425 out of 663
Processing Block size=2
begin cleaner{left: ("[FunctionalDependency:(s: {brewery_id}, t: {brewery_name})]", 0.0), operator: *, right: (1.0, 1.0), result: 0.0}
列 'p' 不存在，对列 brewery_name 不过滤，直接选择所有非无效值。
Block processing time: 0.001526 seconds
Computing Block 426 out of 663
Processing Block size=2
begin cleaner{left: ("[FunctionalDependency:(s: {brewery_id}, t: {brewery_name})]", 0.0), operator: *, right: (1.0, 1.0), result: 0.0}
列 'p' 不存在，对列 brewery_name 不过滤，直接选择所有非无效值。
Block processing time: 0.001514 seconds
Computing Block 427 out of 663
Processing Block size=7
begin cleaner{left: ("[FunctionalDependency:(s: {brewery_id}, t: {brewery_name})]", 0.0), operator: *, right: (1.0, 1.0), result: 0.0}
列 'p' 不存在，对列 brewery_name 不过滤，直接选择所有非无效值。
Block processing time: 0.005028 seconds
Computing Block 431 out of 663
Processing Block size=2
begin cleaner{left: ("[FunctionalDependency:(s: {brewery_id}, t: {brewery_name})]", 0.0), operator: *, right: (1.0, 1.0), result: 0.0}
列 'p' 不存在，对列 brewery_name 不过滤，直接选择所有非无效值。
Block processing time: 0.001543 seconds
Computing Block 435 out of 663
Processing Block size=6
begin cleaner{left: ("[FunctionalDependency:(s: {brewery_id}, t: {brewery_name})]", 0.0), operator: *, right: (1.0, 1.0), result: 0.0}
列 'p' 不存在，对列 brewery_name 不过滤，直接选择所有非无效值。
Block processing time: 0.00435 seconds
Computing Block 436 out of 663
Processing Block size=2
begin cleaner{left: ("[FunctionalDependency:(s: {brewery_id}, t: {brewery_name})]", 0.0), operator: *, right: (1.0, 1.0), result: 0.0}
列 'p' 不存在，对列 brewery_name 不过滤，直接选择所有非无效值。
Block processing time: 0.001507 seconds
Computing Block 438 out of 663
Processing Block size=2
begin cleaner{left: ("[FunctionalDependency:(s: {brewery_id}, t: {brewery_name})]", 0.0), operator: *, right: (1.0, 1.0), result: 0.0}
列 'p' 不存在，对列 brewery_name 不过滤，直接选择所有非无效值。
Block processing time: 0.001513 seconds
Computing Block 440 out of 663
Processing Block size=2
begin cleaner{left: ("[FunctionalDependency:(s: {brewery_id}, t: {brewery_name})]", 0.0), operator: *, right: (1.0, 1.0), result: 0.0}
列 'p' 不存在，对列 brewery_name 不过滤，直接选择所有非无效值。
Block processing time: 0.001513 seconds
Computing Block 441 out of 663
Processing Block size=2
begin cleaner{left: ("[FunctionalDependency:(s: {brewery_id}, t: {brewery_name})]", 0.0), operator: *, right: (1.0, 1.0), result: 0.0}
列 'p' 不存在，对列 brewery_name 不过滤，直接选择所有非无效值。
Block processing time: 0.001514 seconds
Computing Block 443 out of 663
Processing Block size=3
begin cleaner{left: ("[FunctionalDependency:(s: {brewery_id}, t: {brewery_name})]", 0.0), operator: *, right: (1.0, 1.0), result: 0.0}
列 'p' 不存在，对列 brewery_name 不过滤，直接选择所有非无效值。
Block processing time: 0.002234 seconds
Computing Block 444 out of 663
Processing Block size=3
begin cleaner{left: ("[FunctionalDependency:(s: {brewery_id}, t: {brewery_name})]", 0.0), operator: *, right: (1.0, 1.0), result: 0.0}
列 'p' 不存在，对列 brewery_name 不过滤，直接选择所有非无效值。
Block processing time: 0.002197 seconds
Computing Block 445 out of 663
Processing Block size=4
begin cleaner{left: ("[FunctionalDependency:(s: {brewery_id}, t: {brewery_name})]", 0.0), operator: *, right: (1.0, 1.0), result: 0.0}
列 'p' 不存在，对列 brewery_name 不过滤，直接选择所有非无效值。
Block processing time: 0.002896 seconds
Computing Block 446 out of 663
Processing Block size=3
begin cleaner{left: ("[FunctionalDependency:(s: {brewery_id}, t: {brewery_name})]", 0.0), operator: *, right: (1.0, 1.0), result: 0.0}
列 'p' 不存在，对列 brewery_name 不过滤，直接选择所有非无效值。
Block processing time: 0.00228 seconds
Computing Block 449 out of 663
Processing Block size=7
begin cleaner{left: ("[FunctionalDependency:(s: {brewery_id}, t: {brewery_name})]", 0.0), operator: *, right: (1.0, 1.0), result: 0.0}
列 'p' 不存在，对列 brewery_name 不过滤，直接选择所有非无效值。
Block processing time: 0.004974 seconds
Computing Block 450 out of 663
Processing Block size=5
begin cleaner{left: ("[FunctionalDependency:(s: {brewery_id}, t: {brewery_name})]", 0.0), operator: *, right: (1.0, 1.0), result: 0.0}
列 'p' 不存在，对列 brewery_name 不过滤，直接选择所有非无效值。
Block processing time: 0.003598 seconds
Computing Block 453 out of 663
Processing Block size=22
begin cleaner{left: ("[FunctionalDependency:(s: {brewery_id}, t: {brewery_name})]", 0.0), operator: *, right: (1.0, 1.0), result: 0.0}
列 'p' 不存在，对列 brewery_name 不过滤，直接选择所有非无效值。
Block processing time: 0.015459 seconds
Computing Block 454 out of 663
Processing Block size=8
begin cleaner{left: ("[FunctionalDependency:(s: {brewery_id}, t: {brewery_name})]", 0.0), operator: *, right: (1.0, 1.0), result: 0.0}
列 'p' 不存在，对列 brewery_name 不过滤，直接选择所有非无效值。
Block processing time: 0.005687 seconds
Computing Block 455 out of 663
Processing Block size=3
begin cleaner{left: ("[FunctionalDependency:(s: {brewery_id}, t: {brewery_name})]", 0.0), operator: *, right: (1.0, 1.0), result: 0.0}
列 'p' 不存在，对列 brewery_name 不过滤，直接选择所有非无效值。
Block processing time: 0.002226 seconds
Computing Block 457 out of 663
Processing Block size=4
begin cleaner{left: ("[FunctionalDependency:(s: {brewery_id}, t: {brewery_name})]", 0.0), operator: *, right: (1.0, 1.0), result: 0.0}
列 'p' 不存在，对列 brewery_name 不过滤，直接选择所有非无效值。
Block processing time: 0.002903 seconds
Computing Block 458 out of 663
Processing Block size=2
begin cleaner{left: ("[FunctionalDependency:(s: {brewery_id}, t: {brewery_name})]", 0.0), operator: *, right: (1.0, 1.0), result: 0.0}
列 'p' 不存在，对列 brewery_name 不过滤，直接选择所有非无效值。
Block processing time: 0.001553 seconds
Computing Block 459 out of 663
Processing Block size=56
begin cleaner{left: ("[FunctionalDependency:(s: {brewery_id}, t: {brewery_name})]", 0.0), operator: *, right: (1.0, 1.0), result: 0.0}
列 'p' 不存在，对列 brewery_name 不过滤，直接选择所有非无效值。
Block processing time: 0.039403 seconds
Computing Block 460 out of 663
Processing Block size=11
begin cleaner{left: ("[FunctionalDependency:(s: {brewery_id}, t: {brewery_name})]", 0.0), operator: *, right: (1.0, 1.0), result: 0.0}
列 'p' 不存在，对列 brewery_name 不过滤，直接选择所有非无效值。
Block processing time: 0.007812 seconds
Computing Block 461 out of 663
Processing Block size=5
begin cleaner{left: ("[FunctionalDependency:(s: {brewery_id}, t: {brewery_name})]", 0.0), operator: *, right: (1.0, 1.0), result: 0.0}
列 'p' 不存在，对列 brewery_name 不过滤，直接选择所有非无效值。
Block processing time: 0.003578 seconds
Computing Block 464 out of 663
Processing Block size=2
begin cleaner{left: ("[FunctionalDependency:(s: {brewery_id}, t: {brewery_name})]", 0.0), operator: *, right: (1.0, 1.0), result: 0.0}
列 'p' 不存在，对列 brewery_name 不过滤，直接选择所有非无效值。
Block processing time: 0.001502 seconds
Computing Block 465 out of 663
Processing Block size=7
begin cleaner{left: ("[FunctionalDependency:(s: {brewery_id}, t: {brewery_name})]", 0.0), operator: *, right: (1.0, 1.0), result: 0.0}
列 'p' 不存在，对列 brewery_name 不过滤，直接选择所有非无效值。
Block processing time: 0.005024 seconds
Computing Block 467 out of 663
Processing Block size=3
begin cleaner{left: ("[FunctionalDependency:(s: {brewery_id}, t: {brewery_name})]", 0.0), operator: *, right: (1.0, 1.0), result: 0.0}
列 'p' 不存在，对列 brewery_name 不过滤，直接选择所有非无效值。
Block processing time: 0.002206 seconds
Computing Block 468 out of 663
Processing Block size=2
begin cleaner{left: ("[FunctionalDependency:(s: {brewery_id}, t: {brewery_name})]", 0.0), operator: *, right: (1.0, 1.0), result: 0.0}
列 'p' 不存在，对列 brewery_name 不过滤，直接选择所有非无效值。
Block processing time: 0.001499 seconds
Computing Block 469 out of 663
Processing Block size=3
begin cleaner{left: ("[FunctionalDependency:(s: {brewery_id}, t: {brewery_name})]", 0.0), operator: *, right: (1.0, 1.0), result: 0.0}
列 'p' 不存在，对列 brewery_name 不过滤，直接选择所有非无效值。
Block processing time: 0.002198 seconds
Computing Block 470 out of 663
Processing Block size=2
begin cleaner{left: ("[FunctionalDependency:(s: {brewery_id}, t: {brewery_name})]", 0.0), operator: *, right: (1.0, 1.0), result: 0.0}
列 'p' 不存在，对列 brewery_name 不过滤，直接选择所有非无效值。
Block processing time: 0.001491 seconds
Computing Block 471 out of 663
Processing Block size=12
begin cleaner{left: ("[FunctionalDependency:(s: {brewery_id}, t: {brewery_name})]", 0.0), operator: *, right: (1.0, 1.0), result: 0.0}
列 'p' 不存在，对列 brewery_name 不过滤，直接选择所有非无效值。
Block processing time: 0.008446 seconds
Computing Block 472 out of 663
Processing Block size=4
begin cleaner{left: ("[FunctionalDependency:(s: {brewery_id}, t: {brewery_name})]", 0.0), operator: *, right: (1.0, 1.0), result: 0.0}
列 'p' 不存在，对列 brewery_name 不过滤，直接选择所有非无效值。
Block processing time: 0.002884 seconds
Computing Block 474 out of 663
Processing Block size=3
begin cleaner{left: ("[FunctionalDependency:(s: {brewery_id}, t: {brewery_name})]", 0.0), operator: *, right: (1.0, 1.0), result: 0.0}
列 'p' 不存在，对列 brewery_name 不过滤，直接选择所有非无效值。
Block processing time: 0.002191 seconds
Computing Block 475 out of 663
Processing Block size=2
begin cleaner{left: ("[FunctionalDependency:(s: {brewery_id}, t: {brewery_name})]", 0.0), operator: *, right: (1.0, 1.0), result: 0.0}
列 'p' 不存在，对列 brewery_name 不过滤，直接选择所有非无效值。
Block processing time: 0.001537 seconds
Computing Block 476 out of 663
Processing Block size=2
begin cleaner{left: ("[FunctionalDependency:(s: {brewery_id}, t: {brewery_name})]", 0.0), operator: *, right: (1.0, 1.0), result: 0.0}
列 'p' 不存在，对列 brewery_name 不过滤，直接选择所有非无效值。
Block processing time: 0.001492 seconds
Computing Block 480 out of 663
Processing Block size=5
begin cleaner{left: ("[FunctionalDependency:(s: {brewery_id}, t: {brewery_name})]", 0.0), operator: *, right: (1.0, 1.0), result: 0.0}
列 'p' 不存在，对列 brewery_name 不过滤，直接选择所有非无效值。
Block processing time: 0.003586 seconds
Computing Block 482 out of 663
Processing Block size=6
begin cleaner{left: ("[FunctionalDependency:(s: {brewery_id}, t: {brewery_name})]", 0.0), operator: *, right: (1.0, 1.0), result: 0.0}
列 'p' 不存在，对列 brewery_name 不过滤，直接选择所有非无效值。
Block processing time: 0.004378 seconds
Computing Block 485 out of 663
Processing Block size=3
begin cleaner{left: ("[FunctionalDependency:(s: {brewery_id}, t: {brewery_name})]", 0.0), operator: *, right: (1.0, 1.0), result: 0.0}
列 'p' 不存在，对列 brewery_name 不过滤，直接选择所有非无效值。
Block processing time: 0.00224 seconds
Computing Block 486 out of 663
Processing Block size=16
begin cleaner{left: ("[FunctionalDependency:(s: {brewery_id}, t: {brewery_name})]", 0.0), operator: *, right: (1.0, 1.0), result: 0.0}
列 'p' 不存在，对列 brewery_name 不过滤，直接选择所有非无效值。
Block processing time: 0.011236 seconds
Computing Block 488 out of 663
Processing Block size=3
begin cleaner{left: ("[FunctionalDependency:(s: {brewery_id}, t: {brewery_name})]", 0.0), operator: *, right: (1.0, 1.0), result: 0.0}
列 'p' 不存在，对列 brewery_name 不过滤，直接选择所有非无效值。
Block processing time: 0.002197 seconds
Computing Block 489 out of 663
Processing Block size=4
begin cleaner{left: ("[FunctionalDependency:(s: {brewery_id}, t: {brewery_name})]", 0.0), operator: *, right: (1.0, 1.0), result: 0.0}
列 'p' 不存在，对列 brewery_name 不过滤，直接选择所有非无效值。
Block processing time: 0.002882 seconds
Computing Block 491 out of 663
Processing Block size=4
begin cleaner{left: ("[FunctionalDependency:(s: {brewery_id}, t: {brewery_name})]", 0.0), operator: *, right: (1.0, 1.0), result: 0.0}
列 'p' 不存在，对列 brewery_name 不过滤，直接选择所有非无效值。
Block processing time: 0.00297 seconds
Computing Block 493 out of 663
Processing Block size=5
begin cleaner{left: ("[FunctionalDependency:(s: {brewery_id}, t: {brewery_name})]", 0.0), operator: *, right: (1.0, 1.0), result: 0.0}
列 'p' 不存在，对列 brewery_name 不过滤，直接选择所有非无效值。
Block processing time: 0.003652 seconds
Computing Block 494 out of 663
Processing Block size=3
begin cleaner{left: ("[FunctionalDependency:(s: {brewery_id}, t: {brewery_name})]", 0.0), operator: *, right: (1.0, 1.0), result: 0.0}
列 'p' 不存在，对列 brewery_name 不过滤，直接选择所有非无效值。
Block processing time: 0.0022 seconds
Computing Block 495 out of 663
Processing Block size=5
begin cleaner{left: ("[FunctionalDependency:(s: {brewery_id}, t: {brewery_name})]", 0.0), operator: *, right: (1.0, 1.0), result: 0.0}
列 'p' 不存在，对列 brewery_name 不过滤，直接选择所有非无效值。
Block processing time: 0.003601 seconds
Computing Block 497 out of 663
Processing Block size=3
begin cleaner{left: ("[FunctionalDependency:(s: {brewery_id}, t: {brewery_name})]", 0.0), operator: *, right: (1.0, 1.0), result: 0.0}
列 'p' 不存在，对列 brewery_name 不过滤，直接选择所有非无效值。
Block processing time: 0.002195 seconds
Computing Block 498 out of 663
Processing Block size=2
begin cleaner{left: ("[FunctionalDependency:(s: {brewery_id}, t: {brewery_name})]", 0.0), operator: *, right: (1.0, 1.0), result: 0.0}
列 'p' 不存在，对列 brewery_name 不过滤，直接选择所有非无效值。
Block processing time: 0.001538 seconds
Computing Block 499 out of 663
Processing Block size=5
begin cleaner{left: ("[FunctionalDependency:(s: {brewery_id}, t: {brewery_name})]", 0.0), operator: *, right: (1.0, 1.0), result: 0.0}
列 'p' 不存在，对列 brewery_name 不过滤，直接选择所有非无效值。
Block processing time: 0.003581 seconds
Computing Block 500 out of 663
Processing Block size=2
begin cleaner{left: ("[FunctionalDependency:(s: {brewery_id}, t: {brewery_name})]", 0.0), operator: *, right: (1.0, 1.0), result: 0.0}
列 'p' 不存在，对列 brewery_name 不过滤，直接选择所有非无效值。
Block processing time: 0.001505 seconds
Computing Block 501 out of 663
Processing Block size=3
begin cleaner{left: ("[FunctionalDependency:(s: {brewery_id}, t: {brewery_name})]", 0.0), operator: *, right: (1.0, 1.0), result: 0.0}
列 'p' 不存在，对列 brewery_name 不过滤，直接选择所有非无效值。
Block processing time: 0.00222 seconds
Computing Block 502 out of 663
Processing Block size=4
begin cleaner{left: ("[FunctionalDependency:(s: {brewery_id}, t: {brewery_name})]", 0.0), operator: *, right: (1.0, 1.0), result: 0.0}
列 'p' 不存在，对列 brewery_name 不过滤，直接选择所有非无效值。
Block processing time: 0.002889 seconds
Computing Block 503 out of 663
Processing Block size=5
begin cleaner{left: ("[FunctionalDependency:(s: {brewery_id}, t: {brewery_name})]", 0.0), operator: *, right: (1.0, 1.0), result: 0.0}
列 'p' 不存在，对列 brewery_name 不过滤，直接选择所有非无效值。
Block processing time: 0.003587 seconds
Computing Block 504 out of 663
Processing Block size=4
begin cleaner{left: ("[FunctionalDependency:(s: {brewery_id}, t: {brewery_name})]", 0.0), operator: *, right: (1.0, 1.0), result: 0.0}
列 'p' 不存在，对列 brewery_name 不过滤，直接选择所有非无效值。
Block processing time: 0.002913 seconds
Computing Block 506 out of 663
Processing Block size=4
begin cleaner{left: ("[FunctionalDependency:(s: {brewery_id}, t: {brewery_name})]", 0.0), operator: *, right: (1.0, 1.0), result: 0.0}
列 'p' 不存在，对列 brewery_name 不过滤，直接选择所有非无效值。
Block processing time: 0.002894 seconds
Computing Block 507 out of 663
Processing Block size=2
begin cleaner{left: ("[FunctionalDependency:(s: {brewery_id}, t: {brewery_name})]", 0.0), operator: *, right: (1.0, 1.0), result: 0.0}
列 'p' 不存在，对列 brewery_name 不过滤，直接选择所有非无效值。
Block processing time: 0.001499 seconds
Computing Block 510 out of 663
Processing Block size=2
begin cleaner{left: ("[FunctionalDependency:(s: {brewery_id}, t: {brewery_name})]", 0.0), operator: *, right: (1.0, 1.0), result: 0.0}
列 'p' 不存在，对列 brewery_name 不过滤，直接选择所有非无效值。
Block processing time: 0.001494 seconds
Computing Block 511 out of 663
Processing Block size=5
begin cleaner{left: ("[FunctionalDependency:(s: {brewery_id}, t: {brewery_name})]", 0.0), operator: *, right: (1.0, 1.0), result: 0.0}
列 'p' 不存在，对列 brewery_name 不过滤，直接选择所有非无效值。
Block processing time: 0.003624 seconds
Computing Block 512 out of 663
Processing Block size=15
begin cleaner{left: ("[FunctionalDependency:(s: {brewery_id}, t: {brewery_name})]", 0.0), operator: *, right: (1.0, 1.0), result: 0.0}
列 'p' 不存在，对列 brewery_name 不过滤，直接选择所有非无效值。
Block processing time: 0.010653 seconds
Computing Block 513 out of 663
Processing Block size=3
begin cleaner{left: ("[FunctionalDependency:(s: {brewery_id}, t: {brewery_name})]", 0.0), operator: *, right: (1.0, 1.0), result: 0.0}
列 'p' 不存在，对列 brewery_name 不过滤，直接选择所有非无效值。
Block processing time: 0.002204 seconds
Computing Block 515 out of 663
Processing Block size=5
begin cleaner{left: ("[FunctionalDependency:(s: {brewery_id}, t: {brewery_name})]", 0.0), operator: *, right: (1.0, 1.0), result: 0.0}
列 'p' 不存在，对列 brewery_name 不过滤，直接选择所有非无效值。
Block processing time: 0.003725 seconds
Computing Block 516 out of 663
Processing Block size=2
begin cleaner{left: ("[FunctionalDependency:(s: {brewery_id}, t: {brewery_name})]", 0.0), operator: *, right: (1.0, 1.0), result: 0.0}
列 'p' 不存在，对列 brewery_name 不过滤，直接选择所有非无效值。
Block processing time: 0.001502 seconds
Computing Block 517 out of 663
Processing Block size=2
begin cleaner{left: ("[FunctionalDependency:(s: {brewery_id}, t: {brewery_name})]", 0.0), operator: *, right: (1.0, 1.0), result: 0.0}
列 'p' 不存在，对列 brewery_name 不过滤，直接选择所有非无效值。
Block processing time: 0.001493 seconds
Computing Block 518 out of 663
Processing Block size=3
begin cleaner{left: ("[FunctionalDependency:(s: {brewery_id}, t: {brewery_name})]", 0.0), operator: *, right: (1.0, 1.0), result: 0.0}
列 'p' 不存在，对列 brewery_name 不过滤，直接选择所有非无效值。
Block processing time: 0.002264 seconds
Computing Block 520 out of 663
Processing Block size=2
begin cleaner{left: ("[FunctionalDependency:(s: {brewery_id}, t: {brewery_name})]", 0.0), operator: *, right: (1.0, 1.0), result: 0.0}
列 'p' 不存在，对列 brewery_name 不过滤，直接选择所有非无效值。
Block processing time: 0.001509 seconds
Computing Block 521 out of 663
Processing Block size=2
begin cleaner{left: ("[FunctionalDependency:(s: {brewery_id}, t: {brewery_name})]", 0.0), operator: *, right: (1.0, 1.0), result: 0.0}
列 'p' 不存在，对列 brewery_name 不过滤，直接选择所有非无效值。
Block processing time: 0.001529 seconds
Computing Block 525 out of 663
Processing Block size=4
begin cleaner{left: ("[FunctionalDependency:(s: {brewery_id}, t: {brewery_name})]", 0.0), operator: *, right: (1.0, 1.0), result: 0.0}
列 'p' 不存在，对列 brewery_name 不过滤，直接选择所有非无效值。
Block processing time: 0.002926 seconds
Computing Block 526 out of 663
Processing Block size=2
begin cleaner{left: ("[FunctionalDependency:(s: {brewery_id}, t: {brewery_name})]", 0.0), operator: *, right: (1.0, 1.0), result: 0.0}
列 'p' 不存在，对列 brewery_name 不过滤，直接选择所有非无效值。
Block processing time: 0.001512 seconds
Computing Block 528 out of 663
Processing Block size=8
begin cleaner{left: ("[FunctionalDependency:(s: {brewery_id}, t: {brewery_name})]", 0.0), operator: *, right: (1.0, 1.0), result: 0.0}
列 'p' 不存在，对列 brewery_name 不过滤，直接选择所有非无效值。
Block processing time: 0.005674 seconds
Computing Block 530 out of 663
Processing Block size=7
begin cleaner{left: ("[FunctionalDependency:(s: {brewery_id}, t: {brewery_name})]", 0.0), operator: *, right: (1.0, 1.0), result: 0.0}
列 'p' 不存在，对列 brewery_name 不过滤，直接选择所有非无效值。
Block processing time: 0.004997 seconds
Computing Block 531 out of 663
Processing Block size=5
begin cleaner{left: ("[FunctionalDependency:(s: {brewery_id}, t: {brewery_name})]", 0.0), operator: *, right: (1.0, 1.0), result: 0.0}
列 'p' 不存在，对列 brewery_name 不过滤，直接选择所有非无效值。
Block processing time: 0.003694 seconds
Computing Block 532 out of 663
Processing Block size=9
begin cleaner{left: ("[FunctionalDependency:(s: {brewery_id}, t: {brewery_name})]", 0.0), operator: *, right: (1.0, 1.0), result: 0.0}
列 'p' 不存在，对列 brewery_name 不过滤，直接选择所有非无效值。
Block processing time: 0.006362 seconds
Computing Block 533 out of 663
Processing Block size=2
begin cleaner{left: ("[FunctionalDependency:(s: {brewery_id}, t: {brewery_name})]", 0.0), operator: *, right: (1.0, 1.0), result: 0.0}
列 'p' 不存在，对列 brewery_name 不过滤，直接选择所有非无效值。
Block processing time: 0.00154 seconds
Computing Block 534 out of 663
Processing Block size=2
begin cleaner{left: ("[FunctionalDependency:(s: {brewery_id}, t: {brewery_name})]", 0.0), operator: *, right: (1.0, 1.0), result: 0.0}
列 'p' 不存在，对列 brewery_name 不过滤，直接选择所有非无效值。
Block processing time: 0.001502 seconds
Computing Block 536 out of 663
Processing Block size=5
begin cleaner{left: ("[FunctionalDependency:(s: {brewery_id}, t: {brewery_name})]", 0.0), operator: *, right: (1.0, 1.0), result: 0.0}
列 'p' 不存在，对列 brewery_name 不过滤，直接选择所有非无效值。
Block processing time: 0.003581 seconds
Computing Block 541 out of 663
Processing Block size=2
begin cleaner{left: ("[FunctionalDependency:(s: {brewery_id}, t: {brewery_name})]", 0.0), operator: *, right: (1.0, 1.0), result: 0.0}
列 'p' 不存在，对列 brewery_name 不过滤，直接选择所有非无效值。
Block processing time: 0.001528 seconds
Computing Block 542 out of 663
Processing Block size=4
begin cleaner{left: ("[FunctionalDependency:(s: {brewery_id}, t: {brewery_name})]", 0.0), operator: *, right: (1.0, 1.0), result: 0.0}
列 'p' 不存在，对列 brewery_name 不过滤，直接选择所有非无效值。
Block processing time: 0.002893 seconds
Computing Block 543 out of 663
Processing Block size=3
begin cleaner{left: ("[FunctionalDependency:(s: {brewery_id}, t: {brewery_name})]", 0.0), operator: *, right: (1.0, 1.0), result: 0.0}
列 'p' 不存在，对列 brewery_name 不过滤，直接选择所有非无效值。
Block processing time: 0.002202 seconds
Computing Block 544 out of 663
Processing Block size=2
begin cleaner{left: ("[FunctionalDependency:(s: {brewery_id}, t: {brewery_name})]", 0.0), operator: *, right: (1.0, 1.0), result: 0.0}
列 'p' 不存在，对列 brewery_name 不过滤，直接选择所有非无效值。
Block processing time: 0.001528 seconds
Computing Block 545 out of 663
Processing Block size=5
begin cleaner{left: ("[FunctionalDependency:(s: {brewery_id}, t: {brewery_name})]", 0.0), operator: *, right: (1.0, 1.0), result: 0.0}
列 'p' 不存在，对列 brewery_name 不过滤，直接选择所有非无效值。
Block processing time: 0.003618 seconds
Computing Block 548 out of 663
Processing Block size=6
begin cleaner{left: ("[FunctionalDependency:(s: {brewery_id}, t: {brewery_name})]", 0.0), operator: *, right: (1.0, 1.0), result: 0.0}
列 'p' 不存在，对列 brewery_name 不过滤，直接选择所有非无效值。
Block processing time: 0.004259 seconds
Computing Block 549 out of 663
Processing Block size=2
begin cleaner{left: ("[FunctionalDependency:(s: {brewery_id}, t: {brewery_name})]", 0.0), operator: *, right: (1.0, 1.0), result: 0.0}
列 'p' 不存在，对列 brewery_name 不过滤，直接选择所有非无效值。
Block processing time: 0.001512 seconds
Computing Block 550 out of 663
Processing Block size=10
begin cleaner{left: ("[FunctionalDependency:(s: {brewery_id}, t: {brewery_name})]", 0.0), operator: *, right: (1.0, 1.0), result: 0.0}
列 'p' 不存在，对列 brewery_name 不过滤，直接选择所有非无效值。
Block processing time: 0.007086 seconds
Computing Block 553 out of 663
Processing Block size=6
begin cleaner{left: ("[FunctionalDependency:(s: {brewery_id}, t: {brewery_name})]", 0.0), operator: *, right: (1.0, 1.0), result: 0.0}
列 'p' 不存在，对列 brewery_name 不过滤，直接选择所有非无效值。
Block processing time: 0.004392 seconds
Computing Block 554 out of 663
Processing Block size=6
begin cleaner{left: ("[FunctionalDependency:(s: {brewery_id}, t: {brewery_name})]", 0.0), operator: *, right: (1.0, 1.0), result: 0.0}
列 'p' 不存在，对列 brewery_name 不过滤，直接选择所有非无效值。
Block processing time: 0.004349 seconds
Computing Block 555 out of 663
Processing Block size=6
begin cleaner{left: ("[FunctionalDependency:(s: {brewery_id}, t: {brewery_name})]", 0.0), operator: *, right: (1.0, 1.0), result: 0.0}
列 'p' 不存在，对列 brewery_name 不过滤，直接选择所有非无效值。
Block processing time: 0.00437 seconds
Computing Block 556 out of 663
Processing Block size=5
begin cleaner{left: ("[FunctionalDependency:(s: {brewery_id}, t: {brewery_name})]", 0.0), operator: *, right: (1.0, 1.0), result: 0.0}
列 'p' 不存在，对列 brewery_name 不过滤，直接选择所有非无效值。
Block processing time: 0.003608 seconds
Computing Block 558 out of 663
Processing Block size=4
begin cleaner{left: ("[FunctionalDependency:(s: {brewery_id}, t: {brewery_name})]", 0.0), operator: *, right: (1.0, 1.0), result: 0.0}
列 'p' 不存在，对列 brewery_name 不过滤，直接选择所有非无效值。
Block processing time: 0.002951 seconds
Computing Block 560 out of 663
Processing Block size=2
begin cleaner{left: ("[FunctionalDependency:(s: {brewery_id}, t: {brewery_name})]", 0.0), operator: *, right: (1.0, 1.0), result: 0.0}
列 'p' 不存在，对列 brewery_name 不过滤，直接选择所有非无效值。
Block processing time: 0.001509 seconds
Computing Block 561 out of 663
Processing Block size=18
begin cleaner{left: ("[FunctionalDependency:(s: {brewery_id}, t: {brewery_name})]", 0.0), operator: *, right: (1.0, 1.0), result: 0.0}
列 'p' 不存在，对列 brewery_name 不过滤，直接选择所有非无效值。
Block processing time: 0.012669 seconds
Computing Block 564 out of 663
Processing Block size=8
begin cleaner{left: ("[FunctionalDependency:(s: {brewery_id}, t: {brewery_name})]", 0.0), operator: *, right: (1.0, 1.0), result: 0.0}
列 'p' 不存在，对列 brewery_name 不过滤，直接选择所有非无效值。
Block processing time: 0.005681 seconds
Computing Block 566 out of 663
Processing Block size=4
begin cleaner{left: ("[FunctionalDependency:(s: {brewery_id}, t: {brewery_name})]", 0.0), operator: *, right: (1.0, 1.0), result: 0.0}
列 'p' 不存在，对列 brewery_name 不过滤，直接选择所有非无效值。
Block processing time: 0.002885 seconds
Computing Block 567 out of 663
Processing Block size=3
begin cleaner{left: ("[FunctionalDependency:(s: {brewery_id}, t: {brewery_name})]", 0.0), operator: *, right: (1.0, 1.0), result: 0.0}
列 'p' 不存在，对列 brewery_name 不过滤，直接选择所有非无效值。
Block processing time: 0.002192 seconds
Computing Block 569 out of 663
Processing Block size=2
begin cleaner{left: ("[FunctionalDependency:(s: {brewery_id}, t: {brewery_name})]", 0.0), operator: *, right: (1.0, 1.0), result: 0.0}
列 'p' 不存在，对列 brewery_name 不过滤，直接选择所有非无效值。
Block processing time: 0.001642 seconds
Computing Block 571 out of 663
Processing Block size=3
begin cleaner{left: ("[FunctionalDependency:(s: {brewery_id}, t: {brewery_name})]", 0.0), operator: *, right: (1.0, 1.0), result: 0.0}
列 'p' 不存在，对列 brewery_name 不过滤，直接选择所有非无效值。
Block processing time: 0.002377 seconds
Computing Block 572 out of 663
Processing Block size=4
begin cleaner{left: ("[FunctionalDependency:(s: {brewery_id}, t: {brewery_name})]", 0.0), operator: *, right: (1.0, 1.0), result: 0.0}
列 'p' 不存在，对列 brewery_name 不过滤，直接选择所有非无效值。
Block processing time: 0.003167 seconds
Computing Block 574 out of 663
Processing Block size=2
begin cleaner{left: ("[FunctionalDependency:(s: {brewery_id}, t: {brewery_name})]", 0.0), operator: *, right: (1.0, 1.0), result: 0.0}
列 'p' 不存在，对列 brewery_name 不过滤，直接选择所有非无效值。
Block processing time: 0.001646 seconds
Computing Block 575 out of 663
Processing Block size=3
begin cleaner{left: ("[FunctionalDependency:(s: {brewery_id}, t: {brewery_name})]", 0.0), operator: *, right: (1.0, 1.0), result: 0.0}
列 'p' 不存在，对列 brewery_name 不过滤，直接选择所有非无效值。
Block processing time: 0.002387 seconds
Computing Block 576 out of 663
Processing Block size=2
begin cleaner{left: ("[FunctionalDependency:(s: {brewery_id}, t: {brewery_name})]", 0.0), operator: *, right: (1.0, 1.0), result: 0.0}
列 'p' 不存在，对列 brewery_name 不过滤，直接选择所有非无效值。
Block processing time: 0.001628 seconds
Computing Block 577 out of 663
Processing Block size=2
begin cleaner{left: ("[FunctionalDependency:(s: {brewery_id}, t: {brewery_name})]", 0.0), operator: *, right: (1.0, 1.0), result: 0.0}
列 'p' 不存在，对列 brewery_name 不过滤，直接选择所有非无效值。
Block processing time: 0.001613 seconds
Computing Block 578 out of 663
Processing Block size=2
begin cleaner{left: ("[FunctionalDependency:(s: {brewery_id}, t: {brewery_name})]", 0.0), operator: *, right: (1.0, 1.0), result: 0.0}
列 'p' 不存在，对列 brewery_name 不过滤，直接选择所有非无效值。
Block processing time: 0.001534 seconds
Computing Block 579 out of 663
Processing Block size=2
begin cleaner{left: ("[FunctionalDependency:(s: {brewery_id}, t: {brewery_name})]", 0.0), operator: *, right: (1.0, 1.0), result: 0.0}
列 'p' 不存在，对列 brewery_name 不过滤，直接选择所有非无效值。
Block processing time: 0.001575 seconds
Computing Block 581 out of 663
Processing Block size=2
begin cleaner{left: ("[FunctionalDependency:(s: {brewery_id}, t: {brewery_name})]", 0.0), operator: *, right: (1.0, 1.0), result: 0.0}
列 'p' 不存在，对列 brewery_name 不过滤，直接选择所有非无效值。
Block processing time: 0.001531 seconds
Computing Block 582 out of 663
Processing Block size=2
begin cleaner{left: ("[FunctionalDependency:(s: {brewery_id}, t: {brewery_name})]", 0.0), operator: *, right: (1.0, 1.0), result: 0.0}
列 'p' 不存在，对列 brewery_name 不过滤，直接选择所有非无效值。
Block processing time: 0.001541 seconds
Computing Block 583 out of 663
Processing Block size=7
begin cleaner{left: ("[FunctionalDependency:(s: {brewery_id}, t: {brewery_name})]", 0.0), operator: *, right: (1.0, 1.0), result: 0.0}
列 'p' 不存在，对列 brewery_name 不过滤，直接选择所有非无效值。
Block processing time: 0.004997 seconds
Computing Block 584 out of 663
Processing Block size=2
begin cleaner{left: ("[FunctionalDependency:(s: {brewery_id}, t: {brewery_name})]", 0.0), operator: *, right: (1.0, 1.0), result: 0.0}
列 'p' 不存在，对列 brewery_name 不过滤，直接选择所有非无效值。
Block processing time: 0.001526 seconds
Computing Block 585 out of 663
Processing Block size=2
begin cleaner{left: ("[FunctionalDependency:(s: {brewery_id}, t: {brewery_name})]", 0.0), operator: *, right: (1.0, 1.0), result: 0.0}
列 'p' 不存在，对列 brewery_name 不过滤，直接选择所有非无效值。
Block processing time: 0.001556 seconds
Computing Block 588 out of 663
Processing Block size=3
begin cleaner{left: ("[FunctionalDependency:(s: {brewery_id}, t: {brewery_name})]", 0.0), operator: *, right: (1.0, 1.0), result: 0.0}
列 'p' 不存在，对列 brewery_name 不过滤，直接选择所有非无效值。
Block processing time: 0.002282 seconds
Computing Block 589 out of 663
Processing Block size=2
begin cleaner{left: ("[FunctionalDependency:(s: {brewery_id}, t: {brewery_name})]", 0.0), operator: *, right: (1.0, 1.0), result: 0.0}
列 'p' 不存在，对列 brewery_name 不过滤，直接选择所有非无效值。
Block processing time: 0.001504 seconds
Computing Block 590 out of 663
Processing Block size=4
begin cleaner{left: ("[FunctionalDependency:(s: {brewery_id}, t: {brewery_name})]", 0.0), operator: *, right: (1.0, 1.0), result: 0.0}
列 'p' 不存在，对列 brewery_name 不过滤，直接选择所有非无效值。
Block processing time: 0.002913 seconds
Computing Block 591 out of 663
Processing Block size=2
begin cleaner{left: ("[FunctionalDependency:(s: {brewery_id}, t: {brewery_name})]", 0.0), operator: *, right: (1.0, 1.0), result: 0.0}
列 'p' 不存在，对列 brewery_name 不过滤，直接选择所有非无效值。
Block processing time: 0.00151 seconds
Computing Block 592 out of 663
Processing Block size=3
begin cleaner{left: ("[FunctionalDependency:(s: {brewery_id}, t: {brewery_name})]", 0.0), operator: *, right: (1.0, 1.0), result: 0.0}
列 'p' 不存在，对列 brewery_name 不过滤，直接选择所有非无效值。
Block processing time: 0.002246 seconds
Computing Block 594 out of 663
Processing Block size=4
begin cleaner{left: ("[FunctionalDependency:(s: {brewery_id}, t: {brewery_name})]", 0.0), operator: *, right: (1.0, 1.0), result: 0.0}
列 'p' 不存在，对列 brewery_name 不过滤，直接选择所有非无效值。
Block processing time: 0.002908 seconds
Computing Block 597 out of 663
Processing Block size=2
begin cleaner{left: ("[FunctionalDependency:(s: {brewery_id}, t: {brewery_name})]", 0.0), operator: *, right: (1.0, 1.0), result: 0.0}
列 'p' 不存在，对列 brewery_name 不过滤，直接选择所有非无效值。
Block processing time: 0.001521 seconds
Computing Block 599 out of 663
Processing Block size=3
begin cleaner{left: ("[FunctionalDependency:(s: {brewery_id}, t: {brewery_name})]", 1.0), operator: *, right: (1.0, 1.0), result: 1.0}
列 'p' 不存在，对列 brewery_name 不过滤，直接选择所有非无效值。
Block processing time: 0.002224 seconds
Computing Block 600 out of 663
Processing Block size=3
begin cleaner{left: ("[FunctionalDependency:(s: {brewery_id}, t: {brewery_name})]", 0.0), operator: *, right: (1.0, 1.0), result: 0.0}
列 'p' 不存在，对列 brewery_name 不过滤，直接选择所有非无效值。
Block processing time: 0.002199 seconds
Computing Block 601 out of 663
Processing Block size=4
begin cleaner{left: ("[FunctionalDependency:(s: {brewery_id}, t: {brewery_name})]", 0.0), operator: *, right: (1.0, 1.0), result: 0.0}
列 'p' 不存在，对列 brewery_name 不过滤，直接选择所有非无效值。
Block processing time: 0.002998 seconds
Computing Block 602 out of 663
Processing Block size=2
begin cleaner{left: ("[FunctionalDependency:(s: {brewery_id}, t: {brewery_name})]", 0.0), operator: *, right: (1.0, 1.0), result: 0.0}
列 'p' 不存在，对列 brewery_name 不过滤，直接选择所有非无效值。
Block processing time: 0.001503 seconds
Computing Block 603 out of 663
Processing Block size=2
begin cleaner{left: ("[FunctionalDependency:(s: {brewery_id}, t: {brewery_name})]", 0.0), operator: *, right: (1.0, 1.0), result: 0.0}
列 'p' 不存在，对列 brewery_name 不过滤，直接选择所有非无效值。
Block processing time: 0.001556 seconds
Computing Block 606 out of 663
Processing Block size=4
begin cleaner{left: ("[FunctionalDependency:(s: {brewery_id}, t: {brewery_name})]", 0.0), operator: *, right: (1.0, 1.0), result: 0.0}
列 'p' 不存在，对列 brewery_name 不过滤，直接选择所有非无效值。
Block processing time: 0.002922 seconds
Computing Block 607 out of 663
Processing Block size=2
begin cleaner{left: ("[FunctionalDependency:(s: {brewery_id}, t: {brewery_name})]", 0.0), operator: *, right: (1.0, 1.0), result: 0.0}
列 'p' 不存在，对列 brewery_name 不过滤，直接选择所有非无效值。
Block processing time: 0.001553 seconds
Computing Block 608 out of 663
Processing Block size=4
begin cleaner{left: ("[FunctionalDependency:(s: {brewery_id}, t: {brewery_name})]", 0.0), operator: *, right: (1.0, 1.0), result: 0.0}
列 'p' 不存在，对列 brewery_name 不过滤，直接选择所有非无效值。
Block processing time: 0.003014 seconds
Computing Block 610 out of 663
Processing Block size=3
begin cleaner{left: ("[FunctionalDependency:(s: {brewery_id}, t: {brewery_name})]", 0.0), operator: *, right: (1.0, 1.0), result: 0.0}
列 'p' 不存在，对列 brewery_name 不过滤，直接选择所有非无效值。
Block processing time: 0.002273 seconds
Computing Block 611 out of 663
Processing Block size=3
begin cleaner{left: ("[FunctionalDependency:(s: {brewery_id}, t: {brewery_name})]", 0.0), operator: *, right: (1.0, 1.0), result: 0.0}
列 'p' 不存在，对列 brewery_name 不过滤，直接选择所有非无效值。
Block processing time: 0.002201 seconds
Computing Block 612 out of 663
Processing Block size=3
begin cleaner{left: ("[FunctionalDependency:(s: {brewery_id}, t: {brewery_name})]", 0.0), operator: *, right: (1.0, 1.0), result: 0.0}
列 'p' 不存在，对列 brewery_name 不过滤，直接选择所有非无效值。
Block processing time: 0.002249 seconds
Computing Block 615 out of 663
Processing Block size=2
begin cleaner{left: ("[FunctionalDependency:(s: {brewery_id}, t: {brewery_name})]", 0.0), operator: *, right: (1.0, 1.0), result: 0.0}
列 'p' 不存在，对列 brewery_name 不过滤，直接选择所有非无效值。
Block processing time: 0.001508 seconds
Computing Block 616 out of 663
Processing Block size=12
begin cleaner{left: ("[FunctionalDependency:(s: {brewery_id}, t: {brewery_name})]", 0.0), operator: *, right: (1.0, 1.0), result: 0.0}
列 'p' 不存在，对列 brewery_name 不过滤，直接选择所有非无效值。
Block processing time: 0.008486 seconds
Computing Block 617 out of 663
Processing Block size=7
begin cleaner{left: ("[FunctionalDependency:(s: {brewery_id}, t: {brewery_name})]", 0.0), operator: *, right: (1.0, 1.0), result: 0.0}
列 'p' 不存在，对列 brewery_name 不过滤，直接选择所有非无效值。
Block processing time: 0.005006 seconds
Computing Block 618 out of 663
Processing Block size=4
begin cleaner{left: ("[FunctionalDependency:(s: {brewery_id}, t: {brewery_name})]", 0.0), operator: *, right: (1.0, 1.0), result: 0.0}
列 'p' 不存在，对列 brewery_name 不过滤，直接选择所有非无效值。
Block processing time: 0.002929 seconds
Computing Block 620 out of 663
Processing Block size=3
begin cleaner{left: ("[FunctionalDependency:(s: {brewery_id}, t: {brewery_name})]", 0.0), operator: *, right: (1.0, 1.0), result: 0.0}
列 'p' 不存在，对列 brewery_name 不过滤，直接选择所有非无效值。
Block processing time: 0.002208 seconds
Computing Block 623 out of 663
Processing Block size=2
begin cleaner{left: ("[FunctionalDependency:(s: {brewery_id}, t: {brewery_name})]", 0.0), operator: *, right: (1.0, 1.0), result: 0.0}
列 'p' 不存在，对列 brewery_name 不过滤，直接选择所有非无效值。
Block processing time: 0.001559 seconds
Computing Block 626 out of 663
Processing Block size=5
begin cleaner{left: ("[FunctionalDependency:(s: {brewery_id}, t: {brewery_name})]", 0.0), operator: *, right: (1.0, 1.0), result: 0.0}
列 'p' 不存在，对列 brewery_name 不过滤，直接选择所有非无效值。
Block processing time: 0.003601 seconds
Computing Block 627 out of 663
Processing Block size=12
begin cleaner{left: ("[FunctionalDependency:(s: {brewery_id}, t: {brewery_name})]", 0.0), operator: *, right: (1.0, 1.0), result: 0.0}
列 'p' 不存在，对列 brewery_name 不过滤，直接选择所有非无效值。
Block processing time: 0.00862 seconds
Computing Block 628 out of 663
Processing Block size=5
begin cleaner{left: ("[FunctionalDependency:(s: {brewery_id}, t: {brewery_name})]", 0.0), operator: *, right: (1.0, 1.0), result: 0.0}
列 'p' 不存在，对列 brewery_name 不过滤，直接选择所有非无效值。
Block processing time: 0.003681 seconds
Computing Block 629 out of 663
Processing Block size=5
begin cleaner{left: ("[FunctionalDependency:(s: {brewery_id}, t: {brewery_name})]", 0.0), operator: *, right: (1.0, 1.0), result: 0.0}
列 'p' 不存在，对列 brewery_name 不过滤，直接选择所有非无效值。
Block processing time: 0.003601 seconds
Computing Block 631 out of 663
Processing Block size=5
begin cleaner{left: ("[FunctionalDependency:(s: {brewery_id}, t: {brewery_name})]", 0.0), operator: *, right: (1.0, 1.0), result: 0.0}
列 'p' 不存在，对列 brewery_name 不过滤，直接选择所有非无效值。
Block processing time: 0.003595 seconds
Computing Block 632 out of 663
Processing Block size=3
begin cleaner{left: ("[FunctionalDependency:(s: {brewery_id}, t: {brewery_name})]", 0.0), operator: *, right: (1.0, 1.0), result: 0.0}
列 'p' 不存在，对列 brewery_name 不过滤，直接选择所有非无效值。
Block processing time: 0.002217 seconds
Computing Block 638 out of 663
Processing Block size=3
begin cleaner{left: ("[FunctionalDependency:(s: {brewery_id}, t: {brewery_name})]", 0.0), operator: *, right: (1.0, 1.0), result: 0.0}
列 'p' 不存在，对列 brewery_name 不过滤，直接选择所有非无效值。
Block processing time: 0.002238 seconds
Computing Block 639 out of 663
Processing Block size=3
begin cleaner{left: ("[FunctionalDependency:(s: {brewery_id}, t: {brewery_name})]", 0.0), operator: *, right: (1.0, 1.0), result: 0.0}
列 'p' 不存在，对列 brewery_name 不过滤，直接选择所有非无效值。
Block processing time: 0.002194 seconds
Computing Block 640 out of 663
Processing Block size=7
begin cleaner{left: ("[FunctionalDependency:(s: {brewery_id}, t: {brewery_name})]", 0.0), operator: *, right: (1.0, 1.0), result: 0.0}
列 'p' 不存在，对列 brewery_name 不过滤，直接选择所有非无效值。
Block processing time: 0.004991 seconds
Computing Block 641 out of 663
Processing Block size=3
begin cleaner{left: ("[FunctionalDependency:(s: {brewery_id}, t: {brewery_name})]", 0.0), operator: *, right: (1.0, 1.0), result: 0.0}
列 'p' 不存在，对列 brewery_name 不过滤，直接选择所有非无效值。
Block processing time: 0.002213 seconds
Computing Block 642 out of 663
Processing Block size=2
begin cleaner{left: ("[FunctionalDependency:(s: {brewery_id}, t: {brewery_name})]", 0.0), operator: *, right: (1.0, 1.0), result: 0.0}
列 'p' 不存在，对列 brewery_name 不过滤，直接选择所有非无效值。
Block processing time: 0.001503 seconds
Computing Block 643 out of 663
Processing Block size=3
begin cleaner{left: ("[FunctionalDependency:(s: {brewery_id}, t: {brewery_name})]", 0.0), operator: *, right: (1.0, 1.0), result: 0.0}
列 'p' 不存在，对列 brewery_name 不过滤，直接选择所有非无效值。
Block processing time: 0.002195 seconds
Computing Block 645 out of 663
Processing Block size=5
begin cleaner{left: ("[FunctionalDependency:(s: {brewery_id}, t: {brewery_name})]", 0.0), operator: *, right: (1.0, 1.0), result: 0.0}
列 'p' 不存在，对列 brewery_name 不过滤，直接选择所有非无效值。
Block processing time: 0.003621 seconds
Computing Block 646 out of 663
Processing Block size=3
begin cleaner{left: ("[FunctionalDependency:(s: {brewery_id}, t: {brewery_name})]", 0.0), operator: *, right: (1.0, 1.0), result: 0.0}
列 'p' 不存在，对列 brewery_name 不过滤，直接选择所有非无效值。
Block processing time: 0.002197 seconds
Computing Block 648 out of 663
Processing Block size=2
begin cleaner{left: ("[FunctionalDependency:(s: {brewery_id}, t: {brewery_name})]", 0.0), operator: *, right: (1.0, 1.0), result: 0.0}
列 'p' 不存在，对列 brewery_name 不过滤，直接选择所有非无效值。
Block processing time: 0.00155 seconds
Computing Block 649 out of 663
Processing Block size=4
begin cleaner{left: ("[FunctionalDependency:(s: {brewery_id}, t: {brewery_name})]", 0.0), operator: *, right: (1.0, 1.0), result: 0.0}
列 'p' 不存在，对列 brewery_name 不过滤，直接选择所有非无效值。
Block processing time: 0.002949 seconds
Computing Block 650 out of 663
Processing Block size=2
begin cleaner{left: ("[FunctionalDependency:(s: {brewery_id}, t: {brewery_name})]", 0.0), operator: *, right: (1.0, 1.0), result: 0.0}
列 'p' 不存在，对列 brewery_name 不过滤，直接选择所有非无效值。
Block processing time: 0.001503 seconds
Computing Block 652 out of 663
Processing Block size=4
begin cleaner{left: ("[FunctionalDependency:(s: {brewery_id}, t: {brewery_name})]", 0.0), operator: *, right: (1.0, 1.0), result: 0.0}
列 'p' 不存在，对列 brewery_name 不过滤，直接选择所有非无效值。
Block processing time: 0.002927 seconds
Computing Block 653 out of 663
Processing Block size=3
begin cleaner{left: ("[FunctionalDependency:(s: {brewery_id}, t: {brewery_name})]", 0.0), operator: *, right: (1.0, 1.0), result: 0.0}
列 'p' 不存在，对列 brewery_name 不过滤，直接选择所有非无效值。
Block processing time: 0.002201 seconds
Computing Block 654 out of 663
Processing Block size=3
WARNING:root:No partitioning rule specified, processing might be slow
begin cleaner{left: ("[FunctionalDependency:(s: {brewery_id}, t: {brewery_name})]", 0.0), operator: *, right: (1.0, 1.0), result: 0.0}
列 'p' 不存在，对列 brewery_name 不过滤，直接选择所有非无效值。
Block processing time: 0.002209 seconds
Computing Block 656 out of 663
Processing Block size=6
begin cleaner{left: ("[FunctionalDependency:(s: {brewery_id}, t: {brewery_name})]", 0.0), operator: *, right: (1.0, 1.0), result: 0.0}
列 'p' 不存在，对列 brewery_name 不过滤，直接选择所有非无效值。
Block processing time: 0.004362 seconds
Computing Block 657 out of 663
Processing Block size=31
begin cleaner{left: ("[FunctionalDependency:(s: {brewery_id}, t: {brewery_name})]", 0.0), operator: *, right: (1.0, 1.0), result: 0.0}
列 'p' 不存在，对列 brewery_name 不过滤，直接选择所有非无效值。
Block processing time: 0.023006 seconds
Computing Block 658 out of 663
Processing Block size=3
begin cleaner{left: ("[FunctionalDependency:(s: {brewery_id}, t: {brewery_name})]", 0.0), operator: *, right: (1.0, 1.0), result: 0.0}
列 'p' 不存在，对列 brewery_name 不过滤，直接选择所有非无效值。
Block processing time: 0.002214 seconds
Computing Block 660 out of 663
Processing Block size=2
begin cleaner{left: ("[FunctionalDependency:(s: {brewery_id}, t: {brewery_name})]", 0.0), operator: *, right: (1.0, 1.0), result: 0.0}
列 'p' 不存在，对列 brewery_name 不过滤，直接选择所有非无效值。
Block processing time: 0.001554 seconds
Computing Block 662 out of 663
Processing Block size=3
begin cleaner{left: ("[FunctionalDependency:(s: {brewery_id}, t: {brewery_name})]", 0.0), operator: *, right: (1.0, 1.0), result: 0.0}
列 'p' 不存在，对列 brewery_name 不过滤，直接选择所有非无效值。
Block processing time: 0.002198 seconds
  当前节点: brewery_name 无清洗操作
  当前节点: city 存在可用清洗信号
数据块大小: 2410
分块属性:
[['brewery_id']]
Starting initial block mapping...
Initial number of blocks: 663
Final number of blocks after further splitting: 663
Computing Block 1 out of 663
Processing Block size=8
begin cleaner[FunctionalDependency:(s: {'brewery_id'}, t: {'city'})]*1.0
列 'p' 不存在，对列 city 不过滤，直接选择所有非无效值。
Block processing time: 0.006097 seconds
Computing Block 2 out of 663
Processing Block size=5
begin cleaner{left: ("[FunctionalDependency:(s: {brewery_id}, t: {city})]", 0.0), operator: *, right: (1.0, 1.0), result: 0.0}
列 'p' 不存在，对列 city 不过滤，直接选择所有非无效值。
Block processing time: 0.003679 seconds
Computing Block 3 out of 663
Processing Block size=4
begin cleaner{left: ("[FunctionalDependency:(s: {brewery_id}, t: {city})]", 0.0), operator: *, right: (1.0, 1.0), result: 0.0}
列 'p' 不存在，对列 city 不过滤，直接选择所有非无效值。
Block processing time: 0.00295 seconds
Computing Block 6 out of 663
Processing Block size=4
begin cleaner{left: ("[FunctionalDependency:(s: {brewery_id}, t: {city})]", 0.0), operator: *, right: (1.0, 1.0), result: 0.0}
列 'p' 不存在，对列 city 不过滤，直接选择所有非无效值。
Block processing time: 0.002919 seconds
Computing Block 7 out of 663
Processing Block size=4
begin cleaner{left: ("[FunctionalDependency:(s: {brewery_id}, t: {city})]", 0.0), operator: *, right: (1.0, 1.0), result: 0.0}
列 'p' 不存在，对列 city 不过滤，直接选择所有非无效值。
Block processing time: 0.002914 seconds
Computing Block 10 out of 663
Processing Block size=2
begin cleaner{left: ("[FunctionalDependency:(s: {brewery_id}, t: {city})]", 0.0), operator: *, right: (1.0, 1.0), result: 0.0}
列 'p' 不存在，对列 city 不过滤，直接选择所有非无效值。
Block processing time: 0.001826 seconds
Computing Block 11 out of 663
Processing Block size=4
begin cleaner{left: ("[FunctionalDependency:(s: {brewery_id}, t: {city})]", 0.0), operator: *, right: (1.0, 1.0), result: 0.0}
列 'p' 不存在，对列 city 不过滤，直接选择所有非无效值。
Block processing time: 0.003141 seconds
Computing Block 12 out of 663
Processing Block size=2
begin cleaner{left: ("[FunctionalDependency:(s: {brewery_id}, t: {city})]", 0.0), operator: *, right: (1.0, 1.0), result: 0.0}
列 'p' 不存在，对列 city 不过滤，直接选择所有非无效值。
Block processing time: 0.001512 seconds
Computing Block 14 out of 663
Processing Block size=3
begin cleaner{left: ("[FunctionalDependency:(s: {brewery_id}, t: {city})]", 0.0), operator: *, right: (1.0, 1.0), result: 0.0}
列 'p' 不存在，对列 city 不过滤，直接选择所有非无效值。
Block processing time: 0.002319 seconds
Computing Block 17 out of 663
Processing Block size=3
begin cleaner{left: ("[FunctionalDependency:(s: {brewery_id}, t: {city})]", 0.0), operator: *, right: (1.0, 1.0), result: 0.0}
列 'p' 不存在，对列 city 不过滤，直接选择所有非无效值。
Block processing time: 0.002252 seconds
Computing Block 19 out of 663
Processing Block size=8
begin cleaner{left: ("[FunctionalDependency:(s: {brewery_id}, t: {city})]", 0.0), operator: *, right: (1.0, 1.0), result: 0.0}
列 'p' 不存在，对列 city 不过滤，直接选择所有非无效值。
Block processing time: 0.005783 seconds
Computing Block 20 out of 663
Processing Block size=3
begin cleaner{left: ("[FunctionalDependency:(s: {brewery_id}, t: {city})]", 0.0), operator: *, right: (1.0, 1.0), result: 0.0}
列 'p' 不存在，对列 city 不过滤，直接选择所有非无效值。
Block processing time: 0.002244 seconds
Computing Block 23 out of 663
Processing Block size=5
begin cleaner{left: ("[FunctionalDependency:(s: {brewery_id}, t: {city})]", 0.0), operator: *, right: (1.0, 1.0), result: 0.0}
列 'p' 不存在，对列 city 不过滤，直接选择所有非无效值。
Block processing time: 0.003635 seconds
Computing Block 25 out of 663
Processing Block size=2
begin cleaner{left: ("[FunctionalDependency:(s: {brewery_id}, t: {city})]", 0.0), operator: *, right: (1.0, 1.0), result: 0.0}
列 'p' 不存在，对列 city 不过滤，直接选择所有非无效值。
Block processing time: 0.001514 seconds
Computing Block 26 out of 663
Processing Block size=4
begin cleaner{left: ("[FunctionalDependency:(s: {brewery_id}, t: {city})]", 0.0), operator: *, right: (1.0, 1.0), result: 0.0}
列 'p' 不存在，对列 city 不过滤，直接选择所有非无效值。
Block processing time: 0.002915 seconds
Computing Block 28 out of 663
Processing Block size=3
begin cleaner{left: ("[FunctionalDependency:(s: {brewery_id}, t: {city})]", 0.0), operator: *, right: (1.0, 1.0), result: 0.0}
列 'p' 不存在，对列 city 不过滤，直接选择所有非无效值。
Block processing time: 0.002214 seconds
Computing Block 33 out of 663
Processing Block size=7
begin cleaner{left: ("[FunctionalDependency:(s: {brewery_id}, t: {city})]", 0.0), operator: *, right: (1.0, 1.0), result: 0.0}
列 'p' 不存在，对列 city 不过滤，直接选择所有非无效值。
Block processing time: 0.005078 seconds
Computing Block 34 out of 663
Processing Block size=5
begin cleaner{left: ("[FunctionalDependency:(s: {brewery_id}, t: {city})]", 0.0), operator: *, right: (1.0, 1.0), result: 0.0}
列 'p' 不存在，对列 city 不过滤，直接选择所有非无效值。
Block processing time: 0.003615 seconds
Computing Block 35 out of 663
Processing Block size=5
begin cleaner{left: ("[FunctionalDependency:(s: {brewery_id}, t: {city})]", 0.0), operator: *, right: (1.0, 1.0), result: 0.0}
列 'p' 不存在，对列 city 不过滤，直接选择所有非无效值。
Block processing time: 0.003619 seconds
Computing Block 36 out of 663
Processing Block size=3
begin cleaner{left: ("[FunctionalDependency:(s: {brewery_id}, t: {city})]", 0.0), operator: *, right: (1.0, 1.0), result: 0.0}
列 'p' 不存在，对列 city 不过滤，直接选择所有非无效值。
Block processing time: 0.002364 seconds
Computing Block 37 out of 663
Processing Block size=8
begin cleaner{left: ("[FunctionalDependency:(s: {brewery_id}, t: {city})]", 0.0), operator: *, right: (1.0, 1.0), result: 0.0}
列 'p' 不存在，对列 city 不过滤，直接选择所有非无效值。
Block processing time: 0.006319 seconds
Computing Block 40 out of 663
Processing Block size=6
begin cleaner{left: ("[FunctionalDependency:(s: {brewery_id}, t: {city})]", 0.0), operator: *, right: (1.0, 1.0), result: 0.0}
列 'p' 不存在，对列 city 不过滤，直接选择所有非无效值。
Block processing time: 0.005578 seconds
Computing Block 41 out of 663
Processing Block size=6
begin cleaner{left: ("[FunctionalDependency:(s: {brewery_id}, t: {city})]", 0.0), operator: *, right: (1.0, 1.0), result: 0.0}
列 'p' 不存在，对列 city 不过滤，直接选择所有非无效值。
Block processing time: 0.004994 seconds
Computing Block 42 out of 663
Processing Block size=3
begin cleaner{left: ("[FunctionalDependency:(s: {brewery_id}, t: {city})]", 0.0), operator: *, right: (1.0, 1.0), result: 0.0}
列 'p' 不存在，对列 city 不过滤，直接选择所有非无效值。
Block processing time: 0.00234 seconds
Computing Block 44 out of 663
Processing Block size=3
begin cleaner{left: ("[FunctionalDependency:(s: {brewery_id}, t: {city})]", 0.0), operator: *, right: (1.0, 1.0), result: 0.0}
列 'p' 不存在，对列 city 不过滤，直接选择所有非无效值。
Block processing time: 0.002271 seconds
Computing Block 46 out of 663
Processing Block size=2
begin cleaner{left: ("[FunctionalDependency:(s: {brewery_id}, t: {city})]", 0.0), operator: *, right: (1.0, 1.0), result: 0.0}
列 'p' 不存在，对列 city 不过滤，直接选择所有非无效值。
Block processing time: 0.001568 seconds
Computing Block 48 out of 663
Processing Block size=8
begin cleaner{left: ("[FunctionalDependency:(s: {brewery_id}, t: {city})]", 0.0), operator: *, right: (1.0, 1.0), result: 0.0}
列 'p' 不存在，对列 city 不过滤，直接选择所有非无效值。
Block processing time: 0.005938 seconds
Computing Block 49 out of 663
Processing Block size=7
begin cleaner{left: ("[FunctionalDependency:(s: {brewery_id}, t: {city})]", 0.0), operator: *, right: (1.0, 1.0), result: 0.0}
列 'p' 不存在，对列 city 不过滤，直接选择所有非无效值。
Block processing time: 0.005105 seconds
Computing Block 50 out of 663
Processing Block size=3
begin cleaner{left: ("[FunctionalDependency:(s: {brewery_id}, t: {city})]", 0.0), operator: *, right: (1.0, 1.0), result: 0.0}
列 'p' 不存在，对列 city 不过滤，直接选择所有非无效值。
Block processing time: 0.002262 seconds
Computing Block 52 out of 663
Processing Block size=3
begin cleaner{left: ("[FunctionalDependency:(s: {brewery_id}, t: {city})]", 0.0), operator: *, right: (1.0, 1.0), result: 0.0}
列 'p' 不存在，对列 city 不过滤，直接选择所有非无效值。
Block processing time: 0.002209 seconds
Computing Block 55 out of 663
Processing Block size=2
begin cleaner{left: ("[FunctionalDependency:(s: {brewery_id}, t: {city})]", 0.0), operator: *, right: (1.0, 1.0), result: 0.0}
列 'p' 不存在，对列 city 不过滤，直接选择所有非无效值。
Block processing time: 0.001509 seconds
Computing Block 60 out of 663
Processing Block size=12
begin cleaner{left: ("[FunctionalDependency:(s: {brewery_id}, t: {city})]", 0.0), operator: *, right: (1.0, 1.0), result: 0.0}
列 'p' 不存在，对列 city 不过滤，直接选择所有非无效值。
Block processing time: 0.008619 seconds
Computing Block 63 out of 663
Processing Block size=3
begin cleaner{left: ("[FunctionalDependency:(s: {brewery_id}, t: {city})]", 0.0), operator: *, right: (1.0, 1.0), result: 0.0}
列 'p' 不存在，对列 city 不过滤，直接选择所有非无效值。
Block processing time: 0.002203 seconds
Computing Block 64 out of 663
Processing Block size=2
begin cleaner{left: ("[FunctionalDependency:(s: {brewery_id}, t: {city})]", 0.0), operator: *, right: (1.0, 1.0), result: 0.0}
列 'p' 不存在，对列 city 不过滤，直接选择所有非无效值。
Block processing time: 0.001535 seconds
Computing Block 67 out of 663
Processing Block size=14
begin cleaner{left: ("[FunctionalDependency:(s: {brewery_id}, t: {city})]", 0.0), operator: *, right: (1.0, 1.0), result: 0.0}
列 'p' 不存在，对列 city 不过滤，直接选择所有非无效值。
Block processing time: 0.009898 seconds
Computing Block 68 out of 663
Processing Block size=4
begin cleaner{left: ("[FunctionalDependency:(s: {brewery_id}, t: {city})]", 0.0), operator: *, right: (1.0, 1.0), result: 0.0}
列 'p' 不存在，对列 city 不过滤，直接选择所有非无效值。
Block processing time: 0.002962 seconds
Computing Block 71 out of 663
Processing Block size=3
begin cleaner{left: ("[FunctionalDependency:(s: {brewery_id}, t: {city})]", 0.0), operator: *, right: (1.0, 1.0), result: 0.0}
列 'p' 不存在，对列 city 不过滤，直接选择所有非无效值。
Block processing time: 0.00226 seconds
Computing Block 72 out of 663
Processing Block size=2
begin cleaner{left: ("[FunctionalDependency:(s: {brewery_id}, t: {city})]", 0.0), operator: *, right: (1.0, 1.0), result: 0.0}
列 'p' 不存在，对列 city 不过滤，直接选择所有非无效值。
Block processing time: 0.001508 seconds
Computing Block 74 out of 663
Processing Block size=11
begin cleaner{left: ("[FunctionalDependency:(s: {brewery_id}, t: {city})]", 0.0), operator: *, right: (1.0, 1.0), result: 0.0}
列 'p' 不存在，对列 city 不过滤，直接选择所有非无效值。
Block processing time: 0.007897 seconds
Computing Block 77 out of 663
Processing Block size=3
begin cleaner{left: ("[FunctionalDependency:(s: {brewery_id}, t: {city})]", 0.0), operator: *, right: (1.0, 1.0), result: 0.0}
列 'p' 不存在，对列 city 不过滤，直接选择所有非无效值。
Block processing time: 0.002207 seconds
Computing Block 78 out of 663
Processing Block size=2
begin cleaner{left: ("[FunctionalDependency:(s: {brewery_id}, t: {city})]", 0.0), operator: *, right: (1.0, 1.0), result: 0.0}
列 'p' 不存在，对列 city 不过滤，直接选择所有非无效值。
Block processing time: 0.001569 seconds
Computing Block 80 out of 663
Processing Block size=10
begin cleaner{left: ("[FunctionalDependency:(s: {brewery_id}, t: {city})]", 0.0), operator: *, right: (1.0, 1.0), result: 0.0}
列 'p' 不存在，对列 city 不过滤，直接选择所有非无效值。
Block processing time: 0.007255 seconds
Computing Block 81 out of 663
Processing Block size=4
begin cleaner{left: ("[FunctionalDependency:(s: {brewery_id}, t: {city})]", 0.0), operator: *, right: (1.0, 1.0), result: 0.0}
列 'p' 不存在，对列 city 不过滤，直接选择所有非无效值。
Block processing time: 0.002944 seconds
Computing Block 82 out of 663
Processing Block size=21
begin cleaner{left: ("[FunctionalDependency:(s: {brewery_id}, t: {city})]", 0.0), operator: *, right: (1.0, 1.0), result: 0.0}
列 'p' 不存在，对列 city 不过滤，直接选择所有非无效值。
Block processing time: 0.014937 seconds
Computing Block 83 out of 663
Processing Block size=3
begin cleaner{left: ("[FunctionalDependency:(s: {brewery_id}, t: {city})]", 0.0), operator: *, right: (1.0, 1.0), result: 0.0}
列 'p' 不存在，对列 city 不过滤，直接选择所有非无效值。
Block processing time: 0.002277 seconds
Computing Block 84 out of 663
Processing Block size=2
begin cleaner{left: ("[FunctionalDependency:(s: {brewery_id}, t: {city})]", 0.0), operator: *, right: (1.0, 1.0), result: 0.0}
列 'p' 不存在，对列 city 不过滤，直接选择所有非无效值。
Block processing time: 0.001507 seconds
Computing Block 85 out of 663
Processing Block size=6
begin cleaner{left: ("[FunctionalDependency:(s: {brewery_id}, t: {city})]", 0.0), operator: *, right: (1.0, 1.0), result: 0.0}
列 'p' 不存在，对列 city 不过滤，直接选择所有非无效值。
Block processing time: 0.004366 seconds
Computing Block 87 out of 663
Processing Block size=10
begin cleaner{left: ("[FunctionalDependency:(s: {brewery_id}, t: {city})]", 0.0), operator: *, right: (1.0, 1.0), result: 0.0}
列 'p' 不存在，对列 city 不过滤，直接选择所有非无效值。
Block processing time: 0.0072 seconds
Computing Block 88 out of 663
Processing Block size=2
begin cleaner{left: ("[FunctionalDependency:(s: {brewery_id}, t: {city})]", 0.0), operator: *, right: (1.0, 1.0), result: 0.0}
列 'p' 不存在，对列 city 不过滤，直接选择所有非无效值。
Block processing time: 0.001511 seconds
Computing Block 89 out of 663
Processing Block size=8
begin cleaner{left: ("[FunctionalDependency:(s: {brewery_id}, t: {city})]", 0.0), operator: *, right: (1.0, 1.0), result: 0.0}
列 'p' 不存在，对列 city 不过滤，直接选择所有非无效值。
Block processing time: 0.005781 seconds
Computing Block 92 out of 663
Processing Block size=2
begin cleaner{left: ("[FunctionalDependency:(s: {brewery_id}, t: {city})]", 0.0), operator: *, right: (1.0, 1.0), result: 0.0}
列 'p' 不存在，对列 city 不过滤，直接选择所有非无效值。
Block processing time: 0.001508 seconds
Computing Block 93 out of 663
Processing Block size=6
begin cleaner{left: ("[FunctionalDependency:(s: {brewery_id}, t: {city})]", 0.0), operator: *, right: (1.0, 1.0), result: 0.0}
列 'p' 不存在，对列 city 不过滤，直接选择所有非无效值。
Block processing time: 0.00429 seconds
Computing Block 94 out of 663
Processing Block size=2
begin cleaner{left: ("[FunctionalDependency:(s: {brewery_id}, t: {city})]", 0.0), operator: *, right: (1.0, 1.0), result: 0.0}
列 'p' 不存在，对列 city 不过滤，直接选择所有非无效值。
Block processing time: 0.001525 seconds
Computing Block 95 out of 663
Processing Block size=4
begin cleaner{left: ("[FunctionalDependency:(s: {brewery_id}, t: {city})]", 0.0), operator: *, right: (1.0, 1.0), result: 0.0}
列 'p' 不存在，对列 city 不过滤，直接选择所有非无效值。
Block processing time: 0.002908 seconds
Computing Block 97 out of 663
Processing Block size=7
begin cleaner{left: ("[FunctionalDependency:(s: {brewery_id}, t: {city})]", 0.0), operator: *, right: (1.0, 1.0), result: 0.0}
列 'p' 不存在，对列 city 不过滤，直接选择所有非无效值。
Block processing time: 0.00519 seconds
Computing Block 99 out of 663
Processing Block size=2
begin cleaner{left: ("[FunctionalDependency:(s: {brewery_id}, t: {city})]", 0.0), operator: *, right: (1.0, 1.0), result: 0.0}
列 'p' 不存在，对列 city 不过滤，直接选择所有非无效值。
Block processing time: 0.00154 seconds
Computing Block 100 out of 663
Processing Block size=9
begin cleaner{left: ("[FunctionalDependency:(s: {brewery_id}, t: {city})]", 0.0), operator: *, right: (1.0, 1.0), result: 0.0}
列 'p' 不存在，对列 city 不过滤，直接选择所有非无效值。
Block processing time: 0.006502 seconds
Computing Block 101 out of 663
Processing Block size=6
begin cleaner{left: ("[FunctionalDependency:(s: {brewery_id}, t: {city})]", 0.0), operator: *, right: (1.0, 1.0), result: 0.0}
列 'p' 不存在，对列 city 不过滤，直接选择所有非无效值。
Block processing time: 0.00435 seconds
Computing Block 102 out of 663
Processing Block size=3
begin cleaner{left: ("[FunctionalDependency:(s: {brewery_id}, t: {city})]", 0.0), operator: *, right: (1.0, 1.0), result: 0.0}
列 'p' 不存在，对列 city 不过滤，直接选择所有非无效值。
Block processing time: 0.002267 seconds
Computing Block 104 out of 663
Processing Block size=17
begin cleaner{left: ("[FunctionalDependency:(s: {brewery_id}, t: {city})]", 0.0), operator: *, right: (1.0, 1.0), result: 0.0}
列 'p' 不存在，对列 city 不过滤，直接选择所有非无效值。
Block processing time: 0.012048 seconds
Computing Block 105 out of 663
Processing Block size=4
begin cleaner{left: ("[FunctionalDependency:(s: {brewery_id}, t: {city})]", 0.0), operator: *, right: (1.0, 1.0), result: 0.0}
列 'p' 不存在，对列 city 不过滤，直接选择所有非无效值。
Block processing time: 0.003006 seconds
Computing Block 106 out of 663
Processing Block size=2
begin cleaner{left: ("[FunctionalDependency:(s: {brewery_id}, t: {city})]", 0.0), operator: *, right: (1.0, 1.0), result: 0.0}
列 'p' 不存在，对列 city 不过滤，直接选择所有非无效值。
Block processing time: 0.001524 seconds
Computing Block 108 out of 663
Processing Block size=3
begin cleaner{left: ("[FunctionalDependency:(s: {brewery_id}, t: {city})]", 0.0), operator: *, right: (1.0, 1.0), result: 0.0}
列 'p' 不存在，对列 city 不过滤，直接选择所有非无效值。
Block processing time: 0.002237 seconds
Computing Block 110 out of 663
Processing Block size=3
begin cleaner{left: ("[FunctionalDependency:(s: {brewery_id}, t: {city})]", 0.0), operator: *, right: (1.0, 1.0), result: 0.0}
列 'p' 不存在，对列 city 不过滤，直接选择所有非无效值。
Block processing time: 0.002234 seconds
Computing Block 112 out of 663
Processing Block size=2
begin cleaner{left: ("[FunctionalDependency:(s: {brewery_id}, t: {city})]", 0.0), operator: *, right: (1.0, 1.0), result: 0.0}
列 'p' 不存在，对列 city 不过滤，直接选择所有非无效值。
Block processing time: 0.001623 seconds
Computing Block 113 out of 663
Processing Block size=4
begin cleaner{left: ("[FunctionalDependency:(s: {brewery_id}, t: {city})]", 0.0), operator: *, right: (1.0, 1.0), result: 0.0}
列 'p' 不存在，对列 city 不过滤，直接选择所有非无效值。
Block processing time: 0.002906 seconds
Computing Block 114 out of 663
Processing Block size=5
begin cleaner{left: ("[FunctionalDependency:(s: {brewery_id}, t: {city})]", 0.0), operator: *, right: (1.0, 1.0), result: 0.0}
列 'p' 不存在，对列 city 不过滤，直接选择所有非无效值。
Block processing time: 0.003897 seconds
Computing Block 115 out of 663
Processing Block size=2
begin cleaner{left: ("[FunctionalDependency:(s: {brewery_id}, t: {city})]", 0.0), operator: *, right: (1.0, 1.0), result: 0.0}
列 'p' 不存在，对列 city 不过滤，直接选择所有非无效值。
Block processing time: 0.001653 seconds
Computing Block 116 out of 663
Processing Block size=4
begin cleaner{left: ("[FunctionalDependency:(s: {brewery_id}, t: {city})]", 0.0), operator: *, right: (1.0, 1.0), result: 0.0}
列 'p' 不存在，对列 city 不过滤，直接选择所有非无效值。
Block processing time: 0.003364 seconds
Computing Block 117 out of 663
Processing Block size=6
begin cleaner{left: ("[FunctionalDependency:(s: {brewery_id}, t: {city})]", 0.0), operator: *, right: (1.0, 1.0), result: 0.0}
列 'p' 不存在，对列 city 不过滤，直接选择所有非无效值。
Block processing time: 0.004696 seconds
Computing Block 118 out of 663
Processing Block size=4
begin cleaner{left: ("[FunctionalDependency:(s: {brewery_id}, t: {city})]", 0.0), operator: *, right: (1.0, 1.0), result: 0.0}
列 'p' 不存在，对列 city 不过滤，直接选择所有非无效值。
Block processing time: 0.003142 seconds
Computing Block 119 out of 663
Processing Block size=6
begin cleaner{left: ("[FunctionalDependency:(s: {brewery_id}, t: {city})]", 0.0), operator: *, right: (1.0, 1.0), result: 0.0}
列 'p' 不存在，对列 city 不过滤，直接选择所有非无效值。
Block processing time: 0.004745 seconds
Computing Block 120 out of 663
Processing Block size=2
begin cleaner{left: ("[FunctionalDependency:(s: {brewery_id}, t: {city})]", 0.0), operator: *, right: (1.0, 1.0), result: 0.0}
列 'p' 不存在，对列 city 不过滤，直接选择所有非无效值。
Block processing time: 0.001723 seconds
Computing Block 121 out of 663
Processing Block size=6
begin cleaner{left: ("[FunctionalDependency:(s: {brewery_id}, t: {city})]", 0.0), operator: *, right: (1.0, 1.0), result: 0.0}
列 'p' 不存在，对列 city 不过滤，直接选择所有非无效值。
Block processing time: 0.004851 seconds
Computing Block 122 out of 663
Processing Block size=4
begin cleaner{left: ("[FunctionalDependency:(s: {brewery_id}, t: {city})]", 0.0), operator: *, right: (1.0, 1.0), result: 0.0}
列 'p' 不存在，对列 city 不过滤，直接选择所有非无效值。
Block processing time: 0.003037 seconds
Computing Block 123 out of 663
Processing Block size=9
begin cleaner{left: ("[FunctionalDependency:(s: {brewery_id}, t: {city})]", 0.0), operator: *, right: (1.0, 1.0), result: 0.0}
列 'p' 不存在，对列 city 不过滤，直接选择所有非无效值。
Block processing time: 0.006453 seconds
Computing Block 124 out of 663
Processing Block size=3
begin cleaner{left: ("[FunctionalDependency:(s: {brewery_id}, t: {city})]", 0.0), operator: *, right: (1.0, 1.0), result: 0.0}
列 'p' 不存在，对列 city 不过滤，直接选择所有非无效值。
Block processing time: 0.002291 seconds
Computing Block 125 out of 663
Processing Block size=2
begin cleaner{left: ("[FunctionalDependency:(s: {brewery_id}, t: {city})]", 0.0), operator: *, right: (1.0, 1.0), result: 0.0}
列 'p' 不存在，对列 city 不过滤，直接选择所有非无效值。
Block processing time: 0.001518 seconds
Computing Block 126 out of 663
Processing Block size=3
begin cleaner{left: ("[FunctionalDependency:(s: {brewery_id}, t: {city})]", 0.0), operator: *, right: (1.0, 1.0), result: 0.0}
列 'p' 不存在，对列 city 不过滤，直接选择所有非无效值。
Block processing time: 0.002215 seconds
Computing Block 130 out of 663
Processing Block size=3
begin cleaner{left: ("[FunctionalDependency:(s: {brewery_id}, t: {city})]", 0.0), operator: *, right: (1.0, 1.0), result: 0.0}
列 'p' 不存在，对列 city 不过滤，直接选择所有非无效值。
Block processing time: 0.002241 seconds
Computing Block 131 out of 663
Processing Block size=5
begin cleaner{left: ("[FunctionalDependency:(s: {brewery_id}, t: {city})]", 0.0), operator: *, right: (1.0, 1.0), result: 0.0}
列 'p' 不存在，对列 city 不过滤，直接选择所有非无效值。
Block processing time: 0.003609 seconds
Computing Block 132 out of 663
Processing Block size=7
begin cleaner{left: ("[FunctionalDependency:(s: {brewery_id}, t: {city})]", 0.0), operator: *, right: (1.0, 1.0), result: 0.0}
列 'p' 不存在，对列 city 不过滤，直接选择所有非无效值。
Block processing time: 0.005131 seconds
Computing Block 133 out of 663
Processing Block size=6
begin cleaner{left: ("[FunctionalDependency:(s: {brewery_id}, t: {city})]", 0.0), operator: *, right: (1.0, 1.0), result: 0.0}
列 'p' 不存在，对列 city 不过滤，直接选择所有非无效值。
Block processing time: 0.004304 seconds
Computing Block 134 out of 663
Processing Block size=5
begin cleaner{left: ("[FunctionalDependency:(s: {brewery_id}, t: {city})]", 0.0), operator: *, right: (1.0, 1.0), result: 0.0}
列 'p' 不存在，对列 city 不过滤，直接选择所有非无效值。
Block processing time: 0.003604 seconds
Computing Block 135 out of 663
Processing Block size=2
begin cleaner{left: ("[FunctionalDependency:(s: {brewery_id}, t: {city})]", 0.0), operator: *, right: (1.0, 1.0), result: 0.0}
列 'p' 不存在，对列 city 不过滤，直接选择所有非无效值。
Block processing time: 0.001499 seconds
Computing Block 136 out of 663
Processing Block size=4
begin cleaner{left: ("[FunctionalDependency:(s: {brewery_id}, t: {city})]", 0.0), operator: *, right: (1.0, 1.0), result: 0.0}
列 'p' 不存在，对列 city 不过滤，直接选择所有非无效值。
Block processing time: 0.002986 seconds
Computing Block 137 out of 663
Processing Block size=11
begin cleaner{left: ("[FunctionalDependency:(s: {brewery_id}, t: {city})]", 0.0), operator: *, right: (1.0, 1.0), result: 0.0}
列 'p' 不存在，对列 city 不过滤，直接选择所有非无效值。
Block processing time: 0.007881 seconds
Computing Block 139 out of 663
Processing Block size=6
begin cleaner{left: ("[FunctionalDependency:(s: {brewery_id}, t: {city})]", 0.0), operator: *, right: (1.0, 1.0), result: 0.0}
列 'p' 不存在，对列 city 不过滤，直接选择所有非无效值。
Block processing time: 0.004305 seconds
Computing Block 140 out of 663
Processing Block size=2
begin cleaner{left: ("[FunctionalDependency:(s: {brewery_id}, t: {city})]", 0.0), operator: *, right: (1.0, 1.0), result: 0.0}
列 'p' 不存在，对列 city 不过滤，直接选择所有非无效值。
Block processing time: 0.001504 seconds
Computing Block 141 out of 663
Processing Block size=2
begin cleaner{left: ("[FunctionalDependency:(s: {brewery_id}, t: {city})]", 0.0), operator: *, right: (1.0, 1.0), result: 0.0}
列 'p' 不存在，对列 city 不过滤，直接选择所有非无效值。
Block processing time: 0.001495 seconds
Computing Block 143 out of 663
Processing Block size=2
begin cleaner{left: ("[FunctionalDependency:(s: {brewery_id}, t: {city})]", 0.0), operator: *, right: (1.0, 1.0), result: 0.0}
列 'p' 不存在，对列 city 不过滤，直接选择所有非无效值。
Block processing time: 0.001596 seconds
Computing Block 146 out of 663
Processing Block size=5
begin cleaner{left: ("[FunctionalDependency:(s: {brewery_id}, t: {city})]", 0.0), operator: *, right: (1.0, 1.0), result: 0.0}
列 'p' 不存在，对列 city 不过滤，直接选择所有非无效值。
Block processing time: 0.003607 seconds
Computing Block 149 out of 663
Processing Block size=6
begin cleaner{left: ("[FunctionalDependency:(s: {brewery_id}, t: {city})]", 0.0), operator: *, right: (1.0, 1.0), result: 0.0}
列 'p' 不存在，对列 city 不过滤，直接选择所有非无效值。
Block processing time: 0.004365 seconds
Computing Block 150 out of 663
Processing Block size=3
begin cleaner{left: ("[FunctionalDependency:(s: {brewery_id}, t: {city})]", 0.0), operator: *, right: (1.0, 1.0), result: 0.0}
列 'p' 不存在，对列 city 不过滤，直接选择所有非无效值。
Block processing time: 0.002241 seconds
Computing Block 151 out of 663
Processing Block size=6
begin cleaner{left: ("[FunctionalDependency:(s: {brewery_id}, t: {city})]", 0.0), operator: *, right: (1.0, 1.0), result: 0.0}
列 'p' 不存在，对列 city 不过滤，直接选择所有非无效值。
Block processing time: 0.004296 seconds
Computing Block 152 out of 663
Processing Block size=8
begin cleaner{left: ("[FunctionalDependency:(s: {brewery_id}, t: {city})]", 0.0), operator: *, right: (1.0, 1.0), result: 0.0}
列 'p' 不存在，对列 city 不过滤，直接选择所有非无效值。
Block processing time: 0.005735 seconds
Computing Block 154 out of 663
Processing Block size=4
begin cleaner{left: ("[FunctionalDependency:(s: {brewery_id}, t: {city})]", 0.0), operator: *, right: (1.0, 1.0), result: 0.0}
列 'p' 不存在，对列 city 不过滤，直接选择所有非无效值。
Block processing time: 0.002947 seconds
Computing Block 155 out of 663
Processing Block size=5
begin cleaner{left: ("[FunctionalDependency:(s: {brewery_id}, t: {city})]", 0.0), operator: *, right: (1.0, 1.0), result: 0.0}
列 'p' 不存在，对列 city 不过滤，直接选择所有非无效值。
Block processing time: 0.003597 seconds
Computing Block 156 out of 663
Processing Block size=2
begin cleaner{left: ("[FunctionalDependency:(s: {brewery_id}, t: {city})]", 0.0), operator: *, right: (1.0, 1.0), result: 0.0}
列 'p' 不存在，对列 city 不过滤，直接选择所有非无效值。
Block processing time: 0.001507 seconds
Computing Block 157 out of 663
Processing Block size=3
begin cleaner{left: ("[FunctionalDependency:(s: {brewery_id}, t: {city})]", 0.0), operator: *, right: (1.0, 1.0), result: 0.0}
列 'p' 不存在，对列 city 不过滤，直接选择所有非无效值。
Block processing time: 0.002244 seconds
Computing Block 159 out of 663
Processing Block size=2
begin cleaner{left: ("[FunctionalDependency:(s: {brewery_id}, t: {city})]", 0.0), operator: *, right: (1.0, 1.0), result: 0.0}
列 'p' 不存在，对列 city 不过滤，直接选择所有非无效值。
Block processing time: 0.00171 seconds
Computing Block 162 out of 663
Processing Block size=7
begin cleaner{left: ("[FunctionalDependency:(s: {brewery_id}, t: {city})]", 0.0), operator: *, right: (1.0, 1.0), result: 0.0}
列 'p' 不存在，对列 city 不过滤，直接选择所有非无效值。
Block processing time: 0.005652 seconds
Computing Block 163 out of 663
Processing Block size=11
begin cleaner{left: ("[FunctionalDependency:(s: {brewery_id}, t: {city})]", 0.0), operator: *, right: (1.0, 1.0), result: 0.0}
列 'p' 不存在，对列 city 不过滤，直接选择所有非无效值。
Block processing time: 0.008116 seconds
Computing Block 164 out of 663
Processing Block size=8
begin cleaner{left: ("[FunctionalDependency:(s: {brewery_id}, t: {city})]", 0.0), operator: *, right: (1.0, 1.0), result: 0.0}
列 'p' 不存在，对列 city 不过滤，直接选择所有非无效值。
Block processing time: 0.005769 seconds
Computing Block 167 out of 663
Processing Block size=5
begin cleaner{left: ("[FunctionalDependency:(s: {brewery_id}, t: {city})]", 0.0), operator: *, right: (1.0, 1.0), result: 0.0}
列 'p' 不存在，对列 city 不过滤，直接选择所有非无效值。
Block processing time: 0.003635 seconds
Computing Block 168 out of 663
Processing Block size=4
begin cleaner{left: ("[FunctionalDependency:(s: {brewery_id}, t: {city})]", 0.0), operator: *, right: (1.0, 1.0), result: 0.0}
列 'p' 不存在，对列 city 不过滤，直接选择所有非无效值。
Block processing time: 0.002905 seconds
Computing Block 169 out of 663
Processing Block size=12
begin cleaner{left: ("[FunctionalDependency:(s: {brewery_id}, t: {city})]", 0.0), operator: *, right: (1.0, 1.0), result: 0.0}
列 'p' 不存在，对列 city 不过滤，直接选择所有非无效值。
Block processing time: 0.008487 seconds
Computing Block 170 out of 663
Processing Block size=3
begin cleaner{left: ("[FunctionalDependency:(s: {brewery_id}, t: {city})]", 0.0), operator: *, right: (1.0, 1.0), result: 0.0}
列 'p' 不存在，对列 city 不过滤，直接选择所有非无效值。
Block processing time: 0.002271 seconds
Computing Block 171 out of 663
Processing Block size=3
begin cleaner{left: ("[FunctionalDependency:(s: {brewery_id}, t: {city})]", 0.0), operator: *, right: (1.0, 1.0), result: 0.0}
列 'p' 不存在，对列 city 不过滤，直接选择所有非无效值。
Block processing time: 0.002208 seconds
Computing Block 172 out of 663
Processing Block size=2
begin cleaner{left: ("[FunctionalDependency:(s: {brewery_id}, t: {city})]", 0.0), operator: *, right: (1.0, 1.0), result: 0.0}
列 'p' 不存在，对列 city 不过滤，直接选择所有非无效值。
Block processing time: 0.001564 seconds
Computing Block 174 out of 663
Processing Block size=2
begin cleaner{left: ("[FunctionalDependency:(s: {brewery_id}, t: {city})]", 0.0), operator: *, right: (1.0, 1.0), result: 0.0}
列 'p' 不存在，对列 city 不过滤，直接选择所有非无效值。
Block processing time: 0.001545 seconds
Computing Block 175 out of 663
Processing Block size=5
begin cleaner{left: ("[FunctionalDependency:(s: {brewery_id}, t: {city})]", 0.0), operator: *, right: (1.0, 1.0), result: 0.0}
列 'p' 不存在，对列 city 不过滤，直接选择所有非无效值。
Block processing time: 0.003604 seconds
Computing Block 176 out of 663
Processing Block size=2
begin cleaner{left: ("[FunctionalDependency:(s: {brewery_id}, t: {city})]", 0.0), operator: *, right: (1.0, 1.0), result: 0.0}
列 'p' 不存在，对列 city 不过滤，直接选择所有非无效值。
Block processing time: 0.00154 seconds
Computing Block 182 out of 663
Processing Block size=5
begin cleaner{left: ("[FunctionalDependency:(s: {brewery_id}, t: {city})]", 0.0), operator: *, right: (1.0, 1.0), result: 0.0}
列 'p' 不存在，对列 city 不过滤，直接选择所有非无效值。
Block processing time: 0.003627 seconds
Computing Block 186 out of 663
Processing Block size=4
begin cleaner{left: ("[FunctionalDependency:(s: {brewery_id}, t: {city})]", 0.0), operator: *, right: (1.0, 1.0), result: 0.0}
列 'p' 不存在，对列 city 不过滤，直接选择所有非无效值。
Block processing time: 0.002896 seconds
Computing Block 187 out of 663
Processing Block size=2
begin cleaner{left: ("[FunctionalDependency:(s: {brewery_id}, t: {city})]", 0.0), operator: *, right: (1.0, 1.0), result: 0.0}
列 'p' 不存在，对列 city 不过滤，直接选择所有非无效值。
Block processing time: 0.001498 seconds
Computing Block 188 out of 663
Processing Block size=6
begin cleaner{left: ("[FunctionalDependency:(s: {brewery_id}, t: {city})]", 0.0), operator: *, right: (1.0, 1.0), result: 0.0}
列 'p' 不存在，对列 city 不过滤，直接选择所有非无效值。
Block processing time: 0.00432 seconds
Computing Block 189 out of 663
Processing Block size=3
begin cleaner{left: ("[FunctionalDependency:(s: {brewery_id}, t: {city})]", 0.0), operator: *, right: (1.0, 1.0), result: 0.0}
列 'p' 不存在，对列 city 不过滤，直接选择所有非无效值。
Block processing time: 0.002272 seconds
Computing Block 190 out of 663
Processing Block size=6
begin cleaner{left: ("[FunctionalDependency:(s: {brewery_id}, t: {city})]", 0.0), operator: *, right: (1.0, 1.0), result: 0.0}
列 'p' 不存在，对列 city 不过滤，直接选择所有非无效值。
Block processing time: 0.00435 seconds
Computing Block 192 out of 663
Processing Block size=7
begin cleaner{left: ("[FunctionalDependency:(s: {brewery_id}, t: {city})]", 0.0), operator: *, right: (1.0, 1.0), result: 0.0}
列 'p' 不存在，对列 city 不过滤，直接选择所有非无效值。
Block processing time: 0.005001 seconds
Computing Block 193 out of 663
Processing Block size=2
begin cleaner{left: ("[FunctionalDependency:(s: {brewery_id}, t: {city})]", 0.0), operator: *, right: (1.0, 1.0), result: 0.0}
列 'p' 不存在，对列 city 不过滤，直接选择所有非无效值。
Block processing time: 0.001546 seconds
Computing Block 194 out of 663
Processing Block size=7
begin cleaner{left: ("[FunctionalDependency:(s: {brewery_id}, t: {city})]", 0.0), operator: *, right: (1.0, 1.0), result: 0.0}
列 'p' 不存在，对列 city 不过滤，直接选择所有非无效值。
Block processing time: 0.005018 seconds
Computing Block 195 out of 663
Processing Block size=17
begin cleaner{left: ("[FunctionalDependency:(s: {brewery_id}, t: {city})]", 0.0), operator: *, right: (1.0, 1.0), result: 0.0}
列 'p' 不存在，对列 city 不过滤，直接选择所有非无效值。
Block processing time: 0.012122 seconds
Computing Block 196 out of 663
Processing Block size=2
begin cleaner{left: ("[FunctionalDependency:(s: {brewery_id}, t: {city})]", 0.0), operator: *, right: (1.0, 1.0), result: 0.0}
列 'p' 不存在，对列 city 不过滤，直接选择所有非无效值。
Block processing time: 0.001503 seconds
Computing Block 197 out of 663
Processing Block size=6
begin cleaner{left: ("[FunctionalDependency:(s: {brewery_id}, t: {city})]", 0.0), operator: *, right: (1.0, 1.0), result: 0.0}
列 'p' 不存在，对列 city 不过滤，直接选择所有非无效值。
Block processing time: 0.004328 seconds
Computing Block 200 out of 663
Processing Block size=4
begin cleaner{left: ("[FunctionalDependency:(s: {brewery_id}, t: {city})]", 0.0), operator: *, right: (1.0, 1.0), result: 0.0}
列 'p' 不存在，对列 city 不过滤，直接选择所有非无效值。
Block processing time: 0.002898 seconds
Computing Block 201 out of 663
Processing Block size=3
begin cleaner{left: ("[FunctionalDependency:(s: {brewery_id}, t: {city})]", 0.0), operator: *, right: (1.0, 1.0), result: 0.0}
列 'p' 不存在，对列 city 不过滤，直接选择所有非无效值。
Block processing time: 0.002226 seconds
Computing Block 202 out of 663
Processing Block size=2
begin cleaner{left: ("[FunctionalDependency:(s: {brewery_id}, t: {city})]", 0.0), operator: *, right: (1.0, 1.0), result: 0.0}
列 'p' 不存在，对列 city 不过滤，直接选择所有非无效值。
Block processing time: 0.001501 seconds
Computing Block 203 out of 663
Processing Block size=3
begin cleaner{left: ("[FunctionalDependency:(s: {brewery_id}, t: {city})]", 0.0), operator: *, right: (1.0, 1.0), result: 0.0}
列 'p' 不存在，对列 city 不过滤，直接选择所有非无效值。
Block processing time: 0.002248 seconds
Computing Block 204 out of 663
Processing Block size=3
begin cleaner{left: ("[FunctionalDependency:(s: {brewery_id}, t: {city})]", 0.0), operator: *, right: (1.0, 1.0), result: 0.0}
列 'p' 不存在，对列 city 不过滤，直接选择所有非无效值。
Block processing time: 0.002219 seconds
Computing Block 207 out of 663
Processing Block size=12
begin cleaner{left: ("[FunctionalDependency:(s: {brewery_id}, t: {city})]", 0.0), operator: *, right: (1.0, 1.0), result: 0.0}
列 'p' 不存在，对列 city 不过滤，直接选择所有非无效值。
Block processing time: 0.008614 seconds
Computing Block 208 out of 663
Processing Block size=10
begin cleaner{left: ("[FunctionalDependency:(s: {brewery_id}, t: {city})]", 0.0), operator: *, right: (1.0, 1.0), result: 0.0}
列 'p' 不存在，对列 city 不过滤，直接选择所有非无效值。
Block processing time: 0.007146 seconds
Computing Block 213 out of 663
Processing Block size=3
begin cleaner{left: ("[FunctionalDependency:(s: {brewery_id}, t: {city})]", 0.0), operator: *, right: (1.0, 1.0), result: 0.0}
列 'p' 不存在，对列 city 不过滤，直接选择所有非无效值。
Block processing time: 0.002202 seconds
Computing Block 214 out of 663
Processing Block size=6
begin cleaner{left: ("[FunctionalDependency:(s: {brewery_id}, t: {city})]", 0.0), operator: *, right: (1.0, 1.0), result: 0.0}
列 'p' 不存在，对列 city 不过滤，直接选择所有非无效值。
Block processing time: 0.004278 seconds
Computing Block 220 out of 663
Processing Block size=5
begin cleaner{left: ("[FunctionalDependency:(s: {brewery_id}, t: {city})]", 0.0), operator: *, right: (1.0, 1.0), result: 0.0}
列 'p' 不存在，对列 city 不过滤，直接选择所有非无效值。
Block processing time: 0.003623 seconds
Computing Block 221 out of 663
Processing Block size=2
begin cleaner{left: ("[FunctionalDependency:(s: {brewery_id}, t: {city})]", 0.0), operator: *, right: (1.0, 1.0), result: 0.0}
列 'p' 不存在，对列 city 不过滤，直接选择所有非无效值。
Block processing time: 0.001539 seconds
Computing Block 222 out of 663
Processing Block size=22
begin cleaner{left: ("[FunctionalDependency:(s: {brewery_id}, t: {city})]", 0.0), operator: *, right: (1.0, 1.0), result: 0.0}
列 'p' 不存在，对列 city 不过滤，直接选择所有非无效值。
Block processing time: 0.015506 seconds
Computing Block 225 out of 663
Processing Block size=13
begin cleaner{left: ("[FunctionalDependency:(s: {brewery_id}, t: {city})]", 0.0), operator: *, right: (1.0, 1.0), result: 0.0}
列 'p' 不存在，对列 city 不过滤，直接选择所有非无效值。
Block processing time: 0.009194 seconds
Computing Block 226 out of 663
Processing Block size=2
begin cleaner{left: ("[FunctionalDependency:(s: {brewery_id}, t: {city})]", 0.0), operator: *, right: (1.0, 1.0), result: 0.0}
列 'p' 不存在，对列 city 不过滤，直接选择所有非无效值。
Block processing time: 0.001497 seconds
Computing Block 227 out of 663
Processing Block size=5
begin cleaner{left: ("[FunctionalDependency:(s: {brewery_id}, t: {city})]", 0.0), operator: *, right: (1.0, 1.0), result: 0.0}
列 'p' 不存在，对列 city 不过滤，直接选择所有非无效值。
Block processing time: 0.003586 seconds
Computing Block 228 out of 663
Processing Block size=5
begin cleaner{left: ("[FunctionalDependency:(s: {brewery_id}, t: {city})]", 0.0), operator: *, right: (1.0, 1.0), result: 0.0}
列 'p' 不存在，对列 city 不过滤，直接选择所有非无效值。
Block processing time: 0.003602 seconds
Computing Block 232 out of 663
Processing Block size=2
begin cleaner{left: ("[FunctionalDependency:(s: {brewery_id}, t: {city})]", 0.0), operator: *, right: (1.0, 1.0), result: 0.0}
列 'p' 不存在，对列 city 不过滤，直接选择所有非无效值。
Block processing time: 0.001506 seconds
Computing Block 234 out of 663
Processing Block size=5
begin cleaner{left: ("[FunctionalDependency:(s: {brewery_id}, t: {city})]", 0.0), operator: *, right: (1.0, 1.0), result: 0.0}
列 'p' 不存在，对列 city 不过滤，直接选择所有非无效值。
Block processing time: 0.003632 seconds
Computing Block 236 out of 663
Processing Block size=11
begin cleaner{left: ("[FunctionalDependency:(s: {brewery_id}, t: {city})]", 0.0), operator: *, right: (1.0, 1.0), result: 0.0}
列 'p' 不存在，对列 city 不过滤，直接选择所有非无效值。
Block processing time: 0.0078 seconds
Computing Block 238 out of 663
Processing Block size=5
begin cleaner{left: ("[FunctionalDependency:(s: {brewery_id}, t: {city})]", 0.0), operator: *, right: (1.0, 1.0), result: 0.0}
列 'p' 不存在，对列 city 不过滤，直接选择所有非无效值。
Block processing time: 0.00359 seconds
Computing Block 240 out of 663
Processing Block size=3
begin cleaner{left: ("[FunctionalDependency:(s: {brewery_id}, t: {city})]", 0.0), operator: *, right: (1.0, 1.0), result: 0.0}
列 'p' 不存在，对列 city 不过滤，直接选择所有非无效值。
Block processing time: 0.002202 seconds
Computing Block 241 out of 663
Processing Block size=3
begin cleaner{left: ("[FunctionalDependency:(s: {brewery_id}, t: {city})]", 0.0), operator: *, right: (1.0, 1.0), result: 0.0}
列 'p' 不存在，对列 city 不过滤，直接选择所有非无效值。
Block processing time: 0.00221 seconds
Computing Block 242 out of 663
Processing Block size=6
begin cleaner{left: ("[FunctionalDependency:(s: {brewery_id}, t: {city})]", 0.0), operator: *, right: (1.0, 1.0), result: 0.0}
列 'p' 不存在，对列 city 不过滤，直接选择所有非无效值。
Block processing time: 0.004274 seconds
Computing Block 244 out of 663
Processing Block size=4
begin cleaner{left: ("[FunctionalDependency:(s: {brewery_id}, t: {city})]", 0.0), operator: *, right: (1.0, 1.0), result: 0.0}
列 'p' 不存在，对列 city 不过滤，直接选择所有非无效值。
Block processing time: 0.002896 seconds
Computing Block 249 out of 663
Processing Block size=2
begin cleaner{left: ("[FunctionalDependency:(s: {brewery_id}, t: {city})]", 0.0), operator: *, right: (1.0, 1.0), result: 0.0}
列 'p' 不存在，对列 city 不过滤，直接选择所有非无效值。
Block processing time: 0.001503 seconds
Computing Block 250 out of 663
Processing Block size=3
begin cleaner{left: ("[FunctionalDependency:(s: {brewery_id}, t: {city})]", 0.0), operator: *, right: (1.0, 1.0), result: 0.0}
列 'p' 不存在，对列 city 不过滤，直接选择所有非无效值。
Block processing time: 0.00225 seconds
Computing Block 254 out of 663
Processing Block size=3
begin cleaner{left: ("[FunctionalDependency:(s: {brewery_id}, t: {city})]", 0.0), operator: *, right: (1.0, 1.0), result: 0.0}
列 'p' 不存在，对列 city 不过滤，直接选择所有非无效值。
Block processing time: 0.002207 seconds
Computing Block 255 out of 663
Processing Block size=3
begin cleaner{left: ("[FunctionalDependency:(s: {brewery_id}, t: {city})]", 0.0), operator: *, right: (1.0, 1.0), result: 0.0}
列 'p' 不存在，对列 city 不过滤，直接选择所有非无效值。
Block processing time: 0.002204 seconds
Computing Block 257 out of 663
Processing Block size=9
begin cleaner{left: ("[FunctionalDependency:(s: {brewery_id}, t: {city})]", 0.0), operator: *, right: (1.0, 1.0), result: 0.0}
列 'p' 不存在，对列 city 不过滤，直接选择所有非无效值。
Block processing time: 0.006404 seconds
Computing Block 259 out of 663
Processing Block size=6
begin cleaner{left: ("[FunctionalDependency:(s: {brewery_id}, t: {city})]", 0.0), operator: *, right: (1.0, 1.0), result: 0.0}
列 'p' 不存在，对列 city 不过滤，直接选择所有非无效值。
Block processing time: 0.004307 seconds
Computing Block 261 out of 663
Processing Block size=2
begin cleaner{left: ("[FunctionalDependency:(s: {brewery_id}, t: {city})]", 0.0), operator: *, right: (1.0, 1.0), result: 0.0}
列 'p' 不存在，对列 city 不过滤，直接选择所有非无效值。
Block processing time: 0.001517 seconds
Computing Block 264 out of 663
Processing Block size=4
begin cleaner{left: ("[FunctionalDependency:(s: {brewery_id}, t: {city})]", 0.0), operator: *, right: (1.0, 1.0), result: 0.0}
列 'p' 不存在，对列 city 不过滤，直接选择所有非无效值。
Block processing time: 0.002974 seconds
Computing Block 265 out of 663
Processing Block size=7
begin cleaner{left: ("[FunctionalDependency:(s: {brewery_id}, t: {city})]", 0.0), operator: *, right: (1.0, 1.0), result: 0.0}
列 'p' 不存在，对列 city 不过滤，直接选择所有非无效值。
Block processing time: 0.005077 seconds
Computing Block 266 out of 663
Processing Block size=9
begin cleaner{left: ("[FunctionalDependency:(s: {brewery_id}, t: {city})]", 0.0), operator: *, right: (1.0, 1.0), result: 0.0}
列 'p' 不存在，对列 city 不过滤，直接选择所有非无效值。
Block processing time: 0.006402 seconds
Computing Block 268 out of 663
Processing Block size=2
begin cleaner{left: ("[FunctionalDependency:(s: {brewery_id}, t: {city})]", 0.0), operator: *, right: (1.0, 1.0), result: 0.0}
列 'p' 不存在，对列 city 不过滤，直接选择所有非无效值。
Block processing time: 0.001544 seconds
Computing Block 270 out of 663
Processing Block size=2
begin cleaner{left: ("[FunctionalDependency:(s: {brewery_id}, t: {city})]", 0.0), operator: *, right: (1.0, 1.0), result: 0.0}
列 'p' 不存在，对列 city 不过滤，直接选择所有非无效值。
Block processing time: 0.001534 seconds
Computing Block 271 out of 663
Processing Block size=11
begin cleaner{left: ("[FunctionalDependency:(s: {brewery_id}, t: {city})]", 0.0), operator: *, right: (1.0, 1.0), result: 0.0}
列 'p' 不存在，对列 city 不过滤，直接选择所有非无效值。
Block processing time: 0.007742 seconds
Computing Block 272 out of 663
Processing Block size=3
begin cleaner{left: ("[FunctionalDependency:(s: {brewery_id}, t: {city})]", 0.0), operator: *, right: (1.0, 1.0), result: 0.0}
列 'p' 不存在，对列 city 不过滤，直接选择所有非无效值。
Block processing time: 0.002198 seconds
Computing Block 274 out of 663
Processing Block size=13
begin cleaner{left: ("[FunctionalDependency:(s: {brewery_id}, t: {city})]", 0.0), operator: *, right: (1.0, 1.0), result: 0.0}
列 'p' 不存在，对列 city 不过滤，直接选择所有非无效值。
Block processing time: 0.009222 seconds
Computing Block 275 out of 663
Processing Block size=4
begin cleaner{left: ("[FunctionalDependency:(s: {brewery_id}, t: {city})]", 0.0), operator: *, right: (1.0, 1.0), result: 0.0}
列 'p' 不存在，对列 city 不过滤，直接选择所有非无效值。
Block processing time: 0.002998 seconds
Computing Block 277 out of 663
Processing Block size=2
begin cleaner{left: ("[FunctionalDependency:(s: {brewery_id}, t: {city})]", 0.0), operator: *, right: (1.0, 1.0), result: 0.0}
列 'p' 不存在，对列 city 不过滤，直接选择所有非无效值。
Block processing time: 0.00154 seconds
Computing Block 278 out of 663
Processing Block size=6
begin cleaner{left: ("[FunctionalDependency:(s: {brewery_id}, t: {city})]", 0.0), operator: *, right: (1.0, 1.0), result: 0.0}
列 'p' 不存在，对列 city 不过滤，直接选择所有非无效值。
Block processing time: 0.004302 seconds
Computing Block 281 out of 663
Processing Block size=2
begin cleaner{left: ("[FunctionalDependency:(s: {brewery_id}, t: {city})]", 0.0), operator: *, right: (1.0, 1.0), result: 0.0}
列 'p' 不存在，对列 city 不过滤，直接选择所有非无效值。
Block processing time: 0.001502 seconds
Computing Block 282 out of 663
Processing Block size=2
begin cleaner{left: ("[FunctionalDependency:(s: {brewery_id}, t: {city})]", 0.0), operator: *, right: (1.0, 1.0), result: 0.0}
列 'p' 不存在，对列 city 不过滤，直接选择所有非无效值。
Block processing time: 0.001495 seconds
Computing Block 283 out of 663
Processing Block size=10
begin cleaner{left: ("[FunctionalDependency:(s: {brewery_id}, t: {city})]", 0.0), operator: *, right: (1.0, 1.0), result: 0.0}
列 'p' 不存在，对列 city 不过滤，直接选择所有非无效值。
Block processing time: 0.007499 seconds
Computing Block 285 out of 663
Processing Block size=9
begin cleaner{left: ("[FunctionalDependency:(s: {brewery_id}, t: {city})]", 0.0), operator: *, right: (1.0, 1.0), result: 0.0}
列 'p' 不存在，对列 city 不过滤，直接选择所有非无效值。
Block processing time: 0.00647 seconds
Computing Block 286 out of 663
Processing Block size=3
begin cleaner{left: ("[FunctionalDependency:(s: {brewery_id}, t: {city})]", 0.0), operator: *, right: (1.0, 1.0), result: 0.0}
列 'p' 不存在，对列 city 不过滤，直接选择所有非无效值。
Block processing time: 0.002239 seconds
Computing Block 287 out of 663
Processing Block size=3
begin cleaner{left: ("[FunctionalDependency:(s: {brewery_id}, t: {city})]", 0.0), operator: *, right: (1.0, 1.0), result: 0.0}
列 'p' 不存在，对列 city 不过滤，直接选择所有非无效值。
Block processing time: 0.002232 seconds
Computing Block 288 out of 663
Processing Block size=2
begin cleaner{left: ("[FunctionalDependency:(s: {brewery_id}, t: {city})]", 0.0), operator: *, right: (1.0, 1.0), result: 0.0}
列 'p' 不存在，对列 city 不过滤，直接选择所有非无效值。
Block processing time: 0.001503 seconds
Computing Block 289 out of 663
Processing Block size=11
begin cleaner{left: ("[FunctionalDependency:(s: {brewery_id}, t: {city})]", 0.0), operator: *, right: (1.0, 1.0), result: 0.0}
列 'p' 不存在，对列 city 不过滤，直接选择所有非无效值。
Block processing time: 0.0079 seconds
Computing Block 290 out of 663
Processing Block size=2
begin cleaner{left: ("[FunctionalDependency:(s: {brewery_id}, t: {city})]", 0.0), operator: *, right: (1.0, 1.0), result: 0.0}
列 'p' 不存在，对列 city 不过滤，直接选择所有非无效值。
Block processing time: 0.001516 seconds
Computing Block 293 out of 663
Processing Block size=2
begin cleaner{left: ("[FunctionalDependency:(s: {brewery_id}, t: {city})]", 0.0), operator: *, right: (1.0, 1.0), result: 0.0}
列 'p' 不存在，对列 city 不过滤，直接选择所有非无效值。
Block processing time: 0.001565 seconds
Computing Block 294 out of 663
Processing Block size=2
begin cleaner{left: ("[FunctionalDependency:(s: {brewery_id}, t: {city})]", 0.0), operator: *, right: (1.0, 1.0), result: 0.0}
列 'p' 不存在，对列 city 不过滤，直接选择所有非无效值。
Block processing time: 0.001501 seconds
Computing Block 295 out of 663
Processing Block size=4
begin cleaner{left: ("[FunctionalDependency:(s: {brewery_id}, t: {city})]", 0.0), operator: *, right: (1.0, 1.0), result: 0.0}
列 'p' 不存在，对列 city 不过滤，直接选择所有非无效值。
Block processing time: 0.002911 seconds
Computing Block 296 out of 663
Processing Block size=2
begin cleaner{left: ("[FunctionalDependency:(s: {brewery_id}, t: {city})]", 0.0), operator: *, right: (1.0, 1.0), result: 0.0}
列 'p' 不存在，对列 city 不过滤，直接选择所有非无效值。
Block processing time: 0.001519 seconds
Computing Block 297 out of 663
Processing Block size=8
begin cleaner{left: ("[FunctionalDependency:(s: {brewery_id}, t: {city})]", 0.0), operator: *, right: (1.0, 1.0), result: 0.0}
列 'p' 不存在，对列 city 不过滤，直接选择所有非无效值。
Block processing time: 0.005688 seconds
Computing Block 298 out of 663
Processing Block size=3
begin cleaner{left: ("[FunctionalDependency:(s: {brewery_id}, t: {city})]", 0.0), operator: *, right: (1.0, 1.0), result: 0.0}
列 'p' 不存在，对列 city 不过滤，直接选择所有非无效值。
Block processing time: 0.002317 seconds
Computing Block 299 out of 663
Processing Block size=5
begin cleaner{left: ("[FunctionalDependency:(s: {brewery_id}, t: {city})]", 0.0), operator: *, right: (1.0, 1.0), result: 0.0}
列 'p' 不存在，对列 city 不过滤，直接选择所有非无效值。
Block processing time: 0.003661 seconds
Computing Block 300 out of 663
Processing Block size=3
begin cleaner{left: ("[FunctionalDependency:(s: {brewery_id}, t: {city})]", 0.0), operator: *, right: (1.0, 1.0), result: 0.0}
列 'p' 不存在，对列 city 不过滤，直接选择所有非无效值。
Block processing time: 0.002206 seconds
Computing Block 304 out of 663
Processing Block size=4
begin cleaner{left: ("[FunctionalDependency:(s: {brewery_id}, t: {city})]", 0.0), operator: *, right: (1.0, 1.0), result: 0.0}
列 'p' 不存在，对列 city 不过滤，直接选择所有非无效值。
Block processing time: 0.002936 seconds
Computing Block 306 out of 663
Processing Block size=3
begin cleaner{left: ("[FunctionalDependency:(s: {brewery_id}, t: {city})]", 0.0), operator: *, right: (1.0, 1.0), result: 0.0}
列 'p' 不存在，对列 city 不过滤，直接选择所有非无效值。
Block processing time: 0.002213 seconds
Computing Block 307 out of 663
Processing Block size=7
begin cleaner{left: ("[FunctionalDependency:(s: {brewery_id}, t: {city})]", 0.0), operator: *, right: (1.0, 1.0), result: 0.0}
列 'p' 不存在，对列 city 不过滤，直接选择所有非无效值。
Block processing time: 0.005014 seconds
Computing Block 308 out of 663
Processing Block size=4
begin cleaner{left: ("[FunctionalDependency:(s: {brewery_id}, t: {city})]", 0.0), operator: *, right: (1.0, 1.0), result: 0.0}
列 'p' 不存在，对列 city 不过滤，直接选择所有非无效值。
Block processing time: 0.002904 seconds
Computing Block 311 out of 663
Processing Block size=5
begin cleaner{left: ("[FunctionalDependency:(s: {brewery_id}, t: {city})]", 0.0), operator: *, right: (1.0, 1.0), result: 0.0}
列 'p' 不存在，对列 city 不过滤，直接选择所有非无效值。
Block processing time: 0.003647 seconds
Computing Block 313 out of 663
Processing Block size=4
begin cleaner{left: ("[FunctionalDependency:(s: {brewery_id}, t: {city})]", 0.0), operator: *, right: (1.0, 1.0), result: 0.0}
列 'p' 不存在，对列 city 不过滤，直接选择所有非无效值。
Block processing time: 0.002935 seconds
Computing Block 314 out of 663
Processing Block size=2
begin cleaner{left: ("[FunctionalDependency:(s: {brewery_id}, t: {city})]", 0.0), operator: *, right: (1.0, 1.0), result: 0.0}
列 'p' 不存在，对列 city 不过滤，直接选择所有非无效值。
Block processing time: 0.00151 seconds
Computing Block 315 out of 663
Processing Block size=2
begin cleaner{left: ("[FunctionalDependency:(s: {brewery_id}, t: {city})]", 0.0), operator: *, right: (1.0, 1.0), result: 0.0}
列 'p' 不存在，对列 city 不过滤，直接选择所有非无效值。
Block processing time: 0.00151 seconds
Computing Block 316 out of 663
Processing Block size=9
begin cleaner{left: ("[FunctionalDependency:(s: {brewery_id}, t: {city})]", 0.0), operator: *, right: (1.0, 1.0), result: 0.0}
列 'p' 不存在，对列 city 不过滤，直接选择所有非无效值。
Block processing time: 0.006396 seconds
Computing Block 317 out of 663
Processing Block size=2
begin cleaner{left: ("[FunctionalDependency:(s: {brewery_id}, t: {city})]", 0.0), operator: *, right: (1.0, 1.0), result: 0.0}
列 'p' 不存在，对列 city 不过滤，直接选择所有非无效值。
Block processing time: 0.0015 seconds
Computing Block 319 out of 663
Processing Block size=7
begin cleaner{left: ("[FunctionalDependency:(s: {brewery_id}, t: {city})]", 0.0), operator: *, right: (1.0, 1.0), result: 0.0}
列 'p' 不存在，对列 city 不过滤，直接选择所有非无效值。
Block processing time: 0.005003 seconds
Computing Block 320 out of 663
Processing Block size=10
begin cleaner{left: ("[FunctionalDependency:(s: {brewery_id}, t: {city})]", 0.0), operator: *, right: (1.0, 1.0), result: 0.0}
列 'p' 不存在，对列 city 不过滤，直接选择所有非无效值。
Block processing time: 0.007181 seconds
Computing Block 322 out of 663
Processing Block size=2
begin cleaner{left: ("[FunctionalDependency:(s: {brewery_id}, t: {city})]", 0.0), operator: *, right: (1.0, 1.0), result: 0.0}
列 'p' 不存在，对列 city 不过滤，直接选择所有非无效值。
Block processing time: 0.001505 seconds
Computing Block 323 out of 663
Processing Block size=9
begin cleaner{left: ("[FunctionalDependency:(s: {brewery_id}, t: {city})]", 0.0), operator: *, right: (1.0, 1.0), result: 0.0}
列 'p' 不存在，对列 city 不过滤，直接选择所有非无效值。
Block processing time: 0.006487 seconds
Computing Block 325 out of 663
Processing Block size=2
begin cleaner{left: ("[FunctionalDependency:(s: {brewery_id}, t: {city})]", 0.0), operator: *, right: (1.0, 1.0), result: 0.0}
列 'p' 不存在，对列 city 不过滤，直接选择所有非无效值。
Block processing time: 0.001522 seconds
Computing Block 328 out of 663
Processing Block size=7
begin cleaner{left: ("[FunctionalDependency:(s: {brewery_id}, t: {city})]", 0.0), operator: *, right: (1.0, 1.0), result: 0.0}
列 'p' 不存在，对列 city 不过滤，直接选择所有非无效值。
Block processing time: 0.005062 seconds
Computing Block 330 out of 663
Processing Block size=7
begin cleaner{left: ("[FunctionalDependency:(s: {brewery_id}, t: {city})]", 0.0), operator: *, right: (1.0, 1.0), result: 0.0}
列 'p' 不存在，对列 city 不过滤，直接选择所有非无效值。
Block processing time: 0.005027 seconds
Computing Block 331 out of 663
Processing Block size=6
begin cleaner{left: ("[FunctionalDependency:(s: {brewery_id}, t: {city})]", 0.0), operator: *, right: (1.0, 1.0), result: 0.0}
列 'p' 不存在，对列 city 不过滤，直接选择所有非无效值。
Block processing time: 0.004341 seconds
Computing Block 334 out of 663
Processing Block size=23
begin cleaner{left: ("[FunctionalDependency:(s: {brewery_id}, t: {city})]", 0.0), operator: *, right: (1.0, 1.0), result: 0.0}
列 'p' 不存在，对列 city 不过滤，直接选择所有非无效值。
Block processing time: 0.01724 seconds
Computing Block 336 out of 663
Processing Block size=17
begin cleaner{left: ("[FunctionalDependency:(s: {brewery_id}, t: {city})]", 0.0), operator: *, right: (1.0, 1.0), result: 0.0}
列 'p' 不存在，对列 city 不过滤，直接选择所有非无效值。
Block processing time: 0.013032 seconds
Computing Block 337 out of 663
Processing Block size=3
begin cleaner{left: ("[FunctionalDependency:(s: {brewery_id}, t: {city})]", 0.0), operator: *, right: (1.0, 1.0), result: 0.0}
列 'p' 不存在，对列 city 不过滤，直接选择所有非无效值。
Block processing time: 0.002277 seconds
Computing Block 340 out of 663
Processing Block size=3
begin cleaner{left: ("[FunctionalDependency:(s: {brewery_id}, t: {city})]", 0.0), operator: *, right: (1.0, 1.0), result: 0.0}
列 'p' 不存在，对列 city 不过滤，直接选择所有非无效值。
Block processing time: 0.002221 seconds
Computing Block 342 out of 663
Processing Block size=4
begin cleaner{left: ("[FunctionalDependency:(s: {brewery_id}, t: {city})]", 0.0), operator: *, right: (1.0, 1.0), result: 0.0}
列 'p' 不存在，对列 city 不过滤，直接选择所有非无效值。
Block processing time: 0.002917 seconds
Computing Block 344 out of 663
Processing Block size=2
begin cleaner{left: ("[FunctionalDependency:(s: {brewery_id}, t: {city})]", 0.0), operator: *, right: (1.0, 1.0), result: 0.0}
列 'p' 不存在，对列 city 不过滤，直接选择所有非无效值。
Block processing time: 0.001533 seconds
Computing Block 345 out of 663
Processing Block size=2
begin cleaner{left: ("[FunctionalDependency:(s: {brewery_id}, t: {city})]", 0.0), operator: *, right: (1.0, 1.0), result: 0.0}
列 'p' 不存在，对列 city 不过滤，直接选择所有非无效值。
Block processing time: 0.001562 seconds
Computing Block 347 out of 663
Processing Block size=16
begin cleaner{left: ("[FunctionalDependency:(s: {brewery_id}, t: {city})]", 0.0), operator: *, right: (1.0, 1.0), result: 0.0}
列 'p' 不存在，对列 city 不过滤，直接选择所有非无效值。
Block processing time: 0.011313 seconds
Computing Block 348 out of 663
Processing Block size=16
begin cleaner{left: ("[FunctionalDependency:(s: {brewery_id}, t: {city})]", 0.0), operator: *, right: (1.0, 1.0), result: 0.0}
列 'p' 不存在，对列 city 不过滤，直接选择所有非无效值。
Block processing time: 0.011334 seconds
Computing Block 349 out of 663
Processing Block size=2
begin cleaner{left: ("[FunctionalDependency:(s: {brewery_id}, t: {city})]", 0.0), operator: *, right: (1.0, 1.0), result: 0.0}
列 'p' 不存在，对列 city 不过滤，直接选择所有非无效值。
Block processing time: 0.001533 seconds
Computing Block 350 out of 663
Processing Block size=2
begin cleaner{left: ("[FunctionalDependency:(s: {brewery_id}, t: {city})]", 0.0), operator: *, right: (1.0, 1.0), result: 0.0}
列 'p' 不存在，对列 city 不过滤，直接选择所有非无效值。
Block processing time: 0.001553 seconds
Computing Block 355 out of 663
Processing Block size=2
begin cleaner{left: ("[FunctionalDependency:(s: {brewery_id}, t: {city})]", 0.0), operator: *, right: (1.0, 1.0), result: 0.0}
列 'p' 不存在，对列 city 不过滤，直接选择所有非无效值。
Block processing time: 0.001516 seconds
Computing Block 356 out of 663
Processing Block size=4
begin cleaner{left: ("[FunctionalDependency:(s: {brewery_id}, t: {city})]", 0.0), operator: *, right: (1.0, 1.0), result: 0.0}
列 'p' 不存在，对列 city 不过滤，直接选择所有非无效值。
Block processing time: 0.002908 seconds
Computing Block 357 out of 663
Processing Block size=4
begin cleaner{left: ("[FunctionalDependency:(s: {brewery_id}, t: {city})]", 0.0), operator: *, right: (1.0, 1.0), result: 0.0}
列 'p' 不存在，对列 city 不过滤，直接选择所有非无效值。
Block processing time: 0.002994 seconds
Computing Block 358 out of 663
Processing Block size=2
begin cleaner{left: ("[FunctionalDependency:(s: {brewery_id}, t: {city})]", 0.0), operator: *, right: (1.0, 1.0), result: 0.0}
列 'p' 不存在，对列 city 不过滤，直接选择所有非无效值。
Block processing time: 0.001501 seconds
Computing Block 360 out of 663
Processing Block size=3
begin cleaner{left: ("[FunctionalDependency:(s: {brewery_id}, t: {city})]", 0.0), operator: *, right: (1.0, 1.0), result: 0.0}
列 'p' 不存在，对列 city 不过滤，直接选择所有非无效值。
Block processing time: 0.002197 seconds
Computing Block 361 out of 663
Processing Block size=3
begin cleaner{left: ("[FunctionalDependency:(s: {brewery_id}, t: {city})]", 0.0), operator: *, right: (1.0, 1.0), result: 0.0}
列 'p' 不存在，对列 city 不过滤，直接选择所有非无效值。
Block processing time: 0.002219 seconds
Computing Block 362 out of 663
Processing Block size=12
begin cleaner{left: ("[FunctionalDependency:(s: {brewery_id}, t: {city})]", 0.0), operator: *, right: (1.0, 1.0), result: 0.0}
列 'p' 不存在，对列 city 不过滤，直接选择所有非无效值。
Block processing time: 0.008503 seconds
Computing Block 363 out of 663
Processing Block size=4
begin cleaner{left: ("[FunctionalDependency:(s: {brewery_id}, t: {city})]", 0.0), operator: *, right: (1.0, 1.0), result: 0.0}
列 'p' 不存在，对列 city 不过滤，直接选择所有非无效值。
Block processing time: 0.002884 seconds
Computing Block 367 out of 663
Processing Block size=2
begin cleaner{left: ("[FunctionalDependency:(s: {brewery_id}, t: {city})]", 0.0), operator: *, right: (1.0, 1.0), result: 0.0}
列 'p' 不存在，对列 city 不过滤，直接选择所有非无效值。
Block processing time: 0.001516 seconds
Computing Block 369 out of 663
Processing Block size=4
begin cleaner{left: ("[FunctionalDependency:(s: {brewery_id}, t: {city})]", 0.0), operator: *, right: (1.0, 1.0), result: 0.0}
列 'p' 不存在，对列 city 不过滤，直接选择所有非无效值。
Block processing time: 0.00296 seconds
Computing Block 371 out of 663
Processing Block size=2
begin cleaner{left: ("[FunctionalDependency:(s: {brewery_id}, t: {city})]", 0.0), operator: *, right: (1.0, 1.0), result: 0.0}
列 'p' 不存在，对列 city 不过滤，直接选择所有非无效值。
Block processing time: 0.00159 seconds
Computing Block 372 out of 663
Processing Block size=10
begin cleaner{left: ("[FunctionalDependency:(s: {brewery_id}, t: {city})]", 0.0), operator: *, right: (1.0, 1.0), result: 0.0}
列 'p' 不存在，对列 city 不过滤，直接选择所有非无效值。
Block processing time: 0.007093 seconds
Computing Block 373 out of 663
Processing Block size=2
begin cleaner{left: ("[FunctionalDependency:(s: {brewery_id}, t: {city})]", 0.0), operator: *, right: (1.0, 1.0), result: 0.0}
列 'p' 不存在，对列 city 不过滤，直接选择所有非无效值。
Block processing time: 0.001498 seconds
Computing Block 375 out of 663
Processing Block size=4
begin cleaner{left: ("[FunctionalDependency:(s: {brewery_id}, t: {city})]", 0.0), operator: *, right: (1.0, 1.0), result: 0.0}
列 'p' 不存在，对列 city 不过滤，直接选择所有非无效值。
Block processing time: 0.002921 seconds
Computing Block 376 out of 663
Processing Block size=3
begin cleaner{left: ("[FunctionalDependency:(s: {brewery_id}, t: {city})]", 0.0), operator: *, right: (1.0, 1.0), result: 0.0}
列 'p' 不存在，对列 city 不过滤，直接选择所有非无效值。
Block processing time: 0.002187 seconds
Computing Block 378 out of 663
Processing Block size=9
begin cleaner{left: ("[FunctionalDependency:(s: {brewery_id}, t: {city})]", 0.0), operator: *, right: (1.0, 1.0), result: 0.0}
列 'p' 不存在，对列 city 不过滤，直接选择所有非无效值。
Block processing time: 0.006382 seconds
Computing Block 380 out of 663
Processing Block size=5
begin cleaner{left: ("[FunctionalDependency:(s: {brewery_id}, t: {city})]", 0.0), operator: *, right: (1.0, 1.0), result: 0.0}
列 'p' 不存在，对列 city 不过滤，直接选择所有非无效值。
Block processing time: 0.003621 seconds
Computing Block 382 out of 663
Processing Block size=5
begin cleaner{left: ("[FunctionalDependency:(s: {brewery_id}, t: {city})]", 0.0), operator: *, right: (1.0, 1.0), result: 0.0}
列 'p' 不存在，对列 city 不过滤，直接选择所有非无效值。
Block processing time: 0.003577 seconds
Computing Block 385 out of 663
Processing Block size=3
begin cleaner{left: ("[FunctionalDependency:(s: {brewery_id}, t: {city})]", 0.0), operator: *, right: (1.0, 1.0), result: 0.0}
列 'p' 不存在，对列 city 不过滤，直接选择所有非无效值。
Block processing time: 0.002207 seconds
Computing Block 386 out of 663
Processing Block size=37
begin cleaner{left: ("[FunctionalDependency:(s: {brewery_id}, t: {city})]", 0.0), operator: *, right: (1.0, 1.0), result: 0.0}
列 'p' 不存在，对列 city 不过滤，直接选择所有非无效值。
Block processing time: 0.02599 seconds
Computing Block 388 out of 663
Processing Block size=3
begin cleaner{left: ("[FunctionalDependency:(s: {brewery_id}, t: {city})]", 0.0), operator: *, right: (1.0, 1.0), result: 0.0}
列 'p' 不存在，对列 city 不过滤，直接选择所有非无效值。
Block processing time: 0.002241 seconds
Computing Block 389 out of 663
Processing Block size=16
begin cleaner{left: ("[FunctionalDependency:(s: {brewery_id}, t: {city})]", 0.0), operator: *, right: (1.0, 1.0), result: 0.0}
列 'p' 不存在，对列 city 不过滤，直接选择所有非无效值。
Block processing time: 0.011292 seconds
Computing Block 390 out of 663
Processing Block size=2
begin cleaner{left: ("[FunctionalDependency:(s: {brewery_id}, t: {city})]", 0.0), operator: *, right: (1.0, 1.0), result: 0.0}
列 'p' 不存在，对列 city 不过滤，直接选择所有非无效值。
Block processing time: 0.001567 seconds
Computing Block 394 out of 663
Processing Block size=2
begin cleaner{left: ("[FunctionalDependency:(s: {brewery_id}, t: {city})]", 0.0), operator: *, right: (1.0, 1.0), result: 0.0}
列 'p' 不存在，对列 city 不过滤，直接选择所有非无效值。
Block processing time: 0.001524 seconds
Computing Block 396 out of 663
Processing Block size=3
begin cleaner{left: ("[FunctionalDependency:(s: {brewery_id}, t: {city})]", 0.0), operator: *, right: (1.0, 1.0), result: 0.0}
列 'p' 不存在，对列 city 不过滤，直接选择所有非无效值。
Block processing time: 0.002199 seconds
Computing Block 397 out of 663
Processing Block size=4
begin cleaner{left: ("[FunctionalDependency:(s: {brewery_id}, t: {city})]", 0.0), operator: *, right: (1.0, 1.0), result: 0.0}
列 'p' 不存在，对列 city 不过滤，直接选择所有非无效值。
Block processing time: 0.002969 seconds
Computing Block 399 out of 663
Processing Block size=3
begin cleaner{left: ("[FunctionalDependency:(s: {brewery_id}, t: {city})]", 0.0), operator: *, right: (1.0, 1.0), result: 0.0}
列 'p' 不存在，对列 city 不过滤，直接选择所有非无效值。
Block processing time: 0.002238 seconds
Computing Block 400 out of 663
Processing Block size=4
begin cleaner{left: ("[FunctionalDependency:(s: {brewery_id}, t: {city})]", 0.0), operator: *, right: (1.0, 1.0), result: 0.0}
列 'p' 不存在，对列 city 不过滤，直接选择所有非无效值。
Block processing time: 0.002921 seconds
Computing Block 402 out of 663
Processing Block size=4
begin cleaner{left: ("[FunctionalDependency:(s: {brewery_id}, t: {city})]", 0.0), operator: *, right: (1.0, 1.0), result: 0.0}
列 'p' 不存在，对列 city 不过滤，直接选择所有非无效值。
Block processing time: 0.002917 seconds
Computing Block 404 out of 663
Processing Block size=4
begin cleaner{left: ("[FunctionalDependency:(s: {brewery_id}, t: {city})]", 0.0), operator: *, right: (1.0, 1.0), result: 0.0}
列 'p' 不存在，对列 city 不过滤，直接选择所有非无效值。
Block processing time: 0.002958 seconds
Computing Block 405 out of 663
Processing Block size=3
begin cleaner{left: ("[FunctionalDependency:(s: {brewery_id}, t: {city})]", 0.0), operator: *, right: (1.0, 1.0), result: 0.0}
列 'p' 不存在，对列 city 不过滤，直接选择所有非无效值。
Block processing time: 0.002191 seconds
Computing Block 406 out of 663
Processing Block size=4
begin cleaner{left: ("[FunctionalDependency:(s: {brewery_id}, t: {city})]", 0.0), operator: *, right: (1.0, 1.0), result: 0.0}
列 'p' 不存在，对列 city 不过滤，直接选择所有非无效值。
Block processing time: 0.002908 seconds
Computing Block 407 out of 663
Processing Block size=2
begin cleaner{left: ("[FunctionalDependency:(s: {brewery_id}, t: {city})]", 0.0), operator: *, right: (1.0, 1.0), result: 0.0}
列 'p' 不存在，对列 city 不过滤，直接选择所有非无效值。
Block processing time: 0.001564 seconds
Computing Block 409 out of 663
Processing Block size=3
begin cleaner{left: ("[FunctionalDependency:(s: {brewery_id}, t: {city})]", 0.0), operator: *, right: (1.0, 1.0), result: 0.0}
列 'p' 不存在，对列 city 不过滤，直接选择所有非无效值。
Block processing time: 0.002202 seconds
Computing Block 412 out of 663
Processing Block size=5
begin cleaner{left: ("[FunctionalDependency:(s: {brewery_id}, t: {city})]", 0.0), operator: *, right: (1.0, 1.0), result: 0.0}
列 'p' 不存在，对列 city 不过滤，直接选择所有非无效值。
Block processing time: 0.003618 seconds
Computing Block 413 out of 663
Processing Block size=2
begin cleaner{left: ("[FunctionalDependency:(s: {brewery_id}, t: {city})]", 0.0), operator: *, right: (1.0, 1.0), result: 0.0}
列 'p' 不存在，对列 city 不过滤，直接选择所有非无效值。
Block processing time: 0.001501 seconds
Computing Block 414 out of 663
Processing Block size=2
begin cleaner{left: ("[FunctionalDependency:(s: {brewery_id}, t: {city})]", 0.0), operator: *, right: (1.0, 1.0), result: 0.0}
列 'p' 不存在，对列 city 不过滤，直接选择所有非无效值。
Block processing time: 0.001494 seconds
Computing Block 417 out of 663
Processing Block size=2
begin cleaner{left: ("[FunctionalDependency:(s: {brewery_id}, t: {city})]", 0.0), operator: *, right: (1.0, 1.0), result: 0.0}
列 'p' 不存在，对列 city 不过滤，直接选择所有非无效值。
Block processing time: 0.001504 seconds
Computing Block 419 out of 663
Processing Block size=5
begin cleaner{left: ("[FunctionalDependency:(s: {brewery_id}, t: {city})]", 0.0), operator: *, right: (1.0, 1.0), result: 0.0}
列 'p' 不存在，对列 city 不过滤，直接选择所有非无效值。
Block processing time: 0.003609 seconds
Computing Block 420 out of 663
Processing Block size=9
begin cleaner{left: ("[FunctionalDependency:(s: {brewery_id}, t: {city})]", 0.0), operator: *, right: (1.0, 1.0), result: 0.0}
列 'p' 不存在，对列 city 不过滤，直接选择所有非无效值。
Block processing time: 0.006404 seconds
Computing Block 421 out of 663
Processing Block size=2
begin cleaner{left: ("[FunctionalDependency:(s: {brewery_id}, t: {city})]", 0.0), operator: *, right: (1.0, 1.0), result: 0.0}
列 'p' 不存在，对列 city 不过滤，直接选择所有非无效值。
Block processing time: 0.001495 seconds
Computing Block 423 out of 663
Processing Block size=2
begin cleaner{left: ("[FunctionalDependency:(s: {brewery_id}, t: {city})]", 0.0), operator: *, right: (1.0, 1.0), result: 0.0}
列 'p' 不存在，对列 city 不过滤，直接选择所有非无效值。
Block processing time: 0.00151 seconds
Computing Block 424 out of 663
Processing Block size=9
begin cleaner{left: ("[FunctionalDependency:(s: {brewery_id}, t: {city})]", 0.0), operator: *, right: (1.0, 1.0), result: 0.0}
列 'p' 不存在，对列 city 不过滤，直接选择所有非无效值。
Block processing time: 0.006442 seconds
Computing Block 425 out of 663
Processing Block size=2
begin cleaner{left: ("[FunctionalDependency:(s: {brewery_id}, t: {city})]", 0.0), operator: *, right: (1.0, 1.0), result: 0.0}
列 'p' 不存在，对列 city 不过滤，直接选择所有非无效值。
Block processing time: 0.001498 seconds
Computing Block 426 out of 663
Processing Block size=2
begin cleaner{left: ("[FunctionalDependency:(s: {brewery_id}, t: {city})]", 0.0), operator: *, right: (1.0, 1.0), result: 0.0}
列 'p' 不存在，对列 city 不过滤，直接选择所有非无效值。
Block processing time: 0.0015 seconds
Computing Block 427 out of 663
Processing Block size=7
begin cleaner{left: ("[FunctionalDependency:(s: {brewery_id}, t: {city})]", 0.0), operator: *, right: (1.0, 1.0), result: 0.0}
列 'p' 不存在，对列 city 不过滤，直接选择所有非无效值。
Block processing time: 0.004995 seconds
Computing Block 431 out of 663
Processing Block size=2
begin cleaner{left: ("[FunctionalDependency:(s: {brewery_id}, t: {city})]", 0.0), operator: *, right: (1.0, 1.0), result: 0.0}
列 'p' 不存在，对列 city 不过滤，直接选择所有非无效值。
Block processing time: 0.0015 seconds
Computing Block 435 out of 663
Processing Block size=6
begin cleaner{left: ("[FunctionalDependency:(s: {brewery_id}, t: {city})]", 0.0), operator: *, right: (1.0, 1.0), result: 0.0}
列 'p' 不存在，对列 city 不过滤，直接选择所有非无效值。
Block processing time: 0.004286 seconds
Computing Block 436 out of 663
Processing Block size=2
begin cleaner{left: ("[FunctionalDependency:(s: {brewery_id}, t: {city})]", 0.0), operator: *, right: (1.0, 1.0), result: 0.0}
列 'p' 不存在，对列 city 不过滤，直接选择所有非无效值。
Block processing time: 0.001515 seconds
Computing Block 438 out of 663
Processing Block size=2
begin cleaner{left: ("[FunctionalDependency:(s: {brewery_id}, t: {city})]", 0.0), operator: *, right: (1.0, 1.0), result: 0.0}
列 'p' 不存在，对列 city 不过滤，直接选择所有非无效值。
Block processing time: 0.001684 seconds
Computing Block 440 out of 663
Processing Block size=2
begin cleaner{left: ("[FunctionalDependency:(s: {brewery_id}, t: {city})]", 0.0), operator: *, right: (1.0, 1.0), result: 0.0}
列 'p' 不存在，对列 city 不过滤，直接选择所有非无效值。
Block processing time: 0.001812 seconds
Computing Block 441 out of 663
Processing Block size=2
begin cleaner{left: ("[FunctionalDependency:(s: {brewery_id}, t: {city})]", 0.0), operator: *, right: (1.0, 1.0), result: 0.0}
列 'p' 不存在，对列 city 不过滤，直接选择所有非无效值。
Block processing time: 0.001495 seconds
Computing Block 443 out of 663
Processing Block size=3
begin cleaner{left: ("[FunctionalDependency:(s: {brewery_id}, t: {city})]", 0.0), operator: *, right: (1.0, 1.0), result: 0.0}
列 'p' 不存在，对列 city 不过滤，直接选择所有非无效值。
Block processing time: 0.002239 seconds
Computing Block 444 out of 663
Processing Block size=3
begin cleaner{left: ("[FunctionalDependency:(s: {brewery_id}, t: {city})]", 0.0), operator: *, right: (1.0, 1.0), result: 0.0}
列 'p' 不存在，对列 city 不过滤，直接选择所有非无效值。
Block processing time: 0.002255 seconds
Computing Block 445 out of 663
Processing Block size=4
begin cleaner{left: ("[FunctionalDependency:(s: {brewery_id}, t: {city})]", 0.0), operator: *, right: (1.0, 1.0), result: 0.0}
列 'p' 不存在，对列 city 不过滤，直接选择所有非无效值。
Block processing time: 0.002885 seconds
Computing Block 446 out of 663
Processing Block size=3
begin cleaner{left: ("[FunctionalDependency:(s: {brewery_id}, t: {city})]", 0.0), operator: *, right: (1.0, 1.0), result: 0.0}
列 'p' 不存在，对列 city 不过滤，直接选择所有非无效值。
Block processing time: 0.002253 seconds
Computing Block 449 out of 663
Processing Block size=7
begin cleaner{left: ("[FunctionalDependency:(s: {brewery_id}, t: {city})]", 0.0), operator: *, right: (1.0, 1.0), result: 0.0}
列 'p' 不存在，对列 city 不过滤，直接选择所有非无效值。
Block processing time: 0.005013 seconds
Computing Block 450 out of 663
Processing Block size=5
begin cleaner{left: ("[FunctionalDependency:(s: {brewery_id}, t: {city})]", 0.0), operator: *, right: (1.0, 1.0), result: 0.0}
列 'p' 不存在，对列 city 不过滤，直接选择所有非无效值。
Block processing time: 0.003601 seconds
Computing Block 453 out of 663
Processing Block size=22
begin cleaner{left: ("[FunctionalDependency:(s: {brewery_id}, t: {city})]", 0.0), operator: *, right: (1.0, 1.0), result: 0.0}
列 'p' 不存在，对列 city 不过滤，直接选择所有非无效值。
Block processing time: 0.015542 seconds
Computing Block 454 out of 663
Processing Block size=8
begin cleaner{left: ("[FunctionalDependency:(s: {brewery_id}, t: {city})]", 0.0), operator: *, right: (1.0, 1.0), result: 0.0}
列 'p' 不存在，对列 city 不过滤，直接选择所有非无效值。
Block processing time: 0.005677 seconds
Computing Block 455 out of 663
Processing Block size=3
begin cleaner{left: ("[FunctionalDependency:(s: {brewery_id}, t: {city})]", 0.0), operator: *, right: (1.0, 1.0), result: 0.0}
列 'p' 不存在，对列 city 不过滤，直接选择所有非无效值。
Block processing time: 0.002208 seconds
Computing Block 457 out of 663
Processing Block size=4
begin cleaner{left: ("[FunctionalDependency:(s: {brewery_id}, t: {city})]", 0.0), operator: *, right: (1.0, 1.0), result: 0.0}
列 'p' 不存在，对列 city 不过滤，直接选择所有非无效值。
Block processing time: 0.002942 seconds
Computing Block 458 out of 663
Processing Block size=2
begin cleaner{left: ("[FunctionalDependency:(s: {brewery_id}, t: {city})]", 0.0), operator: *, right: (1.0, 1.0), result: 0.0}
列 'p' 不存在，对列 city 不过滤，直接选择所有非无效值。
Block processing time: 0.001516 seconds
Computing Block 459 out of 663
Processing Block size=56
begin cleaner{left: ("[FunctionalDependency:(s: {brewery_id}, t: {city})]", 0.0), operator: *, right: (1.0, 1.0), result: 0.0}
列 'p' 不存在，对列 city 不过滤，直接选择所有非无效值。
Block processing time: 0.039168 seconds
Computing Block 460 out of 663
Processing Block size=11
begin cleaner{left: ("[FunctionalDependency:(s: {brewery_id}, t: {city})]", 0.0), operator: *, right: (1.0, 1.0), result: 0.0}
列 'p' 不存在，对列 city 不过滤，直接选择所有非无效值。
Block processing time: 0.007846 seconds
Computing Block 461 out of 663
Processing Block size=5
begin cleaner{left: ("[FunctionalDependency:(s: {brewery_id}, t: {city})]", 0.0), operator: *, right: (1.0, 1.0), result: 0.0}
列 'p' 不存在，对列 city 不过滤，直接选择所有非无效值。
Block processing time: 0.003614 seconds
Computing Block 464 out of 663
Processing Block size=2
begin cleaner{left: ("[FunctionalDependency:(s: {brewery_id}, t: {city})]", 0.0), operator: *, right: (1.0, 1.0), result: 0.0}
列 'p' 不存在，对列 city 不过滤，直接选择所有非无效值。
Block processing time: 0.001503 seconds
Computing Block 465 out of 663
Processing Block size=7
begin cleaner{left: ("[FunctionalDependency:(s: {brewery_id}, t: {city})]", 0.0), operator: *, right: (1.0, 1.0), result: 0.0}
列 'p' 不存在，对列 city 不过滤，直接选择所有非无效值。
Block processing time: 0.00498 seconds
Computing Block 467 out of 663
Processing Block size=3
begin cleaner{left: ("[FunctionalDependency:(s: {brewery_id}, t: {city})]", 0.0), operator: *, right: (1.0, 1.0), result: 0.0}
列 'p' 不存在，对列 city 不过滤，直接选择所有非无效值。
Block processing time: 0.00219 seconds
Computing Block 468 out of 663
Processing Block size=2
begin cleaner{left: ("[FunctionalDependency:(s: {brewery_id}, t: {city})]", 0.0), operator: *, right: (1.0, 1.0), result: 0.0}
列 'p' 不存在，对列 city 不过滤，直接选择所有非无效值。
Block processing time: 0.00151 seconds
Computing Block 469 out of 663
Processing Block size=3
begin cleaner{left: ("[FunctionalDependency:(s: {brewery_id}, t: {city})]", 0.0), operator: *, right: (1.0, 1.0), result: 0.0}
列 'p' 不存在，对列 city 不过滤，直接选择所有非无效值。
Block processing time: 0.002191 seconds
Computing Block 470 out of 663
Processing Block size=2
begin cleaner{left: ("[FunctionalDependency:(s: {brewery_id}, t: {city})]", 0.0), operator: *, right: (1.0, 1.0), result: 0.0}
列 'p' 不存在，对列 city 不过滤，直接选择所有非无效值。
Block processing time: 0.001502 seconds
Computing Block 471 out of 663
Processing Block size=12
begin cleaner{left: ("[FunctionalDependency:(s: {brewery_id}, t: {city})]", 0.0), operator: *, right: (1.0, 1.0), result: 0.0}
列 'p' 不存在，对列 city 不过滤，直接选择所有非无效值。
Block processing time: 0.008544 seconds
Computing Block 472 out of 663
Processing Block size=4
begin cleaner{left: ("[FunctionalDependency:(s: {brewery_id}, t: {city})]", 0.0), operator: *, right: (1.0, 1.0), result: 0.0}
列 'p' 不存在，对列 city 不过滤，直接选择所有非无效值。
Block processing time: 0.002927 seconds
Computing Block 474 out of 663
Processing Block size=3
begin cleaner{left: ("[FunctionalDependency:(s: {brewery_id}, t: {city})]", 0.0), operator: *, right: (1.0, 1.0), result: 0.0}
列 'p' 不存在，对列 city 不过滤，直接选择所有非无效值。
Block processing time: 0.002274 seconds
Computing Block 475 out of 663
Processing Block size=2
begin cleaner{left: ("[FunctionalDependency:(s: {brewery_id}, t: {city})]", 0.0), operator: *, right: (1.0, 1.0), result: 0.0}
列 'p' 不存在，对列 city 不过滤，直接选择所有非无效值。
Block processing time: 0.001494 seconds
Computing Block 476 out of 663
Processing Block size=2
begin cleaner{left: ("[FunctionalDependency:(s: {brewery_id}, t: {city})]", 0.0), operator: *, right: (1.0, 1.0), result: 0.0}
列 'p' 不存在，对列 city 不过滤，直接选择所有非无效值。
Block processing time: 0.001539 seconds
Computing Block 480 out of 663
Processing Block size=5
begin cleaner{left: ("[FunctionalDependency:(s: {brewery_id}, t: {city})]", 0.0), operator: *, right: (1.0, 1.0), result: 0.0}
列 'p' 不存在，对列 city 不过滤，直接选择所有非无效值。
Block processing time: 0.003639 seconds
Computing Block 482 out of 663
Processing Block size=6
begin cleaner{left: ("[FunctionalDependency:(s: {brewery_id}, t: {city})]", 0.0), operator: *, right: (1.0, 1.0), result: 0.0}
列 'p' 不存在，对列 city 不过滤，直接选择所有非无效值。
Block processing time: 0.004373 seconds
Computing Block 485 out of 663
Processing Block size=3
begin cleaner{left: ("[FunctionalDependency:(s: {brewery_id}, t: {city})]", 0.0), operator: *, right: (1.0, 1.0), result: 0.0}
列 'p' 不存在，对列 city 不过滤，直接选择所有非无效值。
Block processing time: 0.002218 seconds
Computing Block 486 out of 663
Processing Block size=16
begin cleaner{left: ("[FunctionalDependency:(s: {brewery_id}, t: {city})]", 0.0), operator: *, right: (1.0, 1.0), result: 0.0}
列 'p' 不存在，对列 city 不过滤，直接选择所有非无效值。
Block processing time: 0.011313 seconds
Computing Block 488 out of 663
Processing Block size=3
begin cleaner{left: ("[FunctionalDependency:(s: {brewery_id}, t: {city})]", 0.0), operator: *, right: (1.0, 1.0), result: 0.0}
列 'p' 不存在，对列 city 不过滤，直接选择所有非无效值。
Block processing time: 0.002193 seconds
Computing Block 489 out of 663
Processing Block size=4
begin cleaner{left: ("[FunctionalDependency:(s: {brewery_id}, t: {city})]", 0.0), operator: *, right: (1.0, 1.0), result: 0.0}
列 'p' 不存在，对列 city 不过滤，直接选择所有非无效值。
Block processing time: 0.002914 seconds
Computing Block 491 out of 663
Processing Block size=4
begin cleaner{left: ("[FunctionalDependency:(s: {brewery_id}, t: {city})]", 0.0), operator: *, right: (1.0, 1.0), result: 0.0}
列 'p' 不存在，对列 city 不过滤，直接选择所有非无效值。
Block processing time: 0.002913 seconds
Computing Block 493 out of 663
Processing Block size=5
begin cleaner{left: ("[FunctionalDependency:(s: {brewery_id}, t: {city})]", 0.0), operator: *, right: (1.0, 1.0), result: 0.0}
列 'p' 不存在，对列 city 不过滤，直接选择所有非无效值。
Block processing time: 0.003648 seconds
Computing Block 494 out of 663
Processing Block size=3
begin cleaner{left: ("[FunctionalDependency:(s: {brewery_id}, t: {city})]", 0.0), operator: *, right: (1.0, 1.0), result: 0.0}
列 'p' 不存在，对列 city 不过滤，直接选择所有非无效值。
Block processing time: 0.00221 seconds
Computing Block 495 out of 663
Processing Block size=5
begin cleaner{left: ("[FunctionalDependency:(s: {brewery_id}, t: {city})]", 0.0), operator: *, right: (1.0, 1.0), result: 0.0}
列 'p' 不存在，对列 city 不过滤，直接选择所有非无效值。
Block processing time: 0.003594 seconds
Computing Block 497 out of 663
Processing Block size=3
begin cleaner{left: ("[FunctionalDependency:(s: {brewery_id}, t: {city})]", 0.0), operator: *, right: (1.0, 1.0), result: 0.0}
列 'p' 不存在，对列 city 不过滤，直接选择所有非无效值。
Block processing time: 0.002242 seconds
Computing Block 498 out of 663
Processing Block size=2
begin cleaner{left: ("[FunctionalDependency:(s: {brewery_id}, t: {city})]", 0.0), operator: *, right: (1.0, 1.0), result: 0.0}
列 'p' 不存在，对列 city 不过滤，直接选择所有非无效值。
Block processing time: 0.001492 seconds
Computing Block 499 out of 663
Processing Block size=5
begin cleaner{left: ("[FunctionalDependency:(s: {brewery_id}, t: {city})]", 0.0), operator: *, right: (1.0, 1.0), result: 0.0}
列 'p' 不存在，对列 city 不过滤，直接选择所有非无效值。
Block processing time: 0.003604 seconds
Computing Block 500 out of 663
Processing Block size=2
begin cleaner{left: ("[FunctionalDependency:(s: {brewery_id}, t: {city})]", 0.0), operator: *, right: (1.0, 1.0), result: 0.0}
列 'p' 不存在，对列 city 不过滤，直接选择所有非无效值。
Block processing time: 0.001525 seconds
Computing Block 501 out of 663
Processing Block size=3
begin cleaner{left: ("[FunctionalDependency:(s: {brewery_id}, t: {city})]", 0.0), operator: *, right: (1.0, 1.0), result: 0.0}
列 'p' 不存在，对列 city 不过滤，直接选择所有非无效值。
Block processing time: 0.002209 seconds
Computing Block 502 out of 663
Processing Block size=4
begin cleaner{left: ("[FunctionalDependency:(s: {brewery_id}, t: {city})]", 0.0), operator: *, right: (1.0, 1.0), result: 0.0}
列 'p' 不存在，对列 city 不过滤，直接选择所有非无效值。
Block processing time: 0.002897 seconds
Computing Block 503 out of 663
Processing Block size=5
begin cleaner{left: ("[FunctionalDependency:(s: {brewery_id}, t: {city})]", 0.0), operator: *, right: (1.0, 1.0), result: 0.0}
列 'p' 不存在，对列 city 不过滤，直接选择所有非无效值。
Block processing time: 0.003636 seconds
Computing Block 504 out of 663
Processing Block size=4
begin cleaner{left: ("[FunctionalDependency:(s: {brewery_id}, t: {city})]", 0.0), operator: *, right: (1.0, 1.0), result: 0.0}
列 'p' 不存在，对列 city 不过滤，直接选择所有非无效值。
Block processing time: 0.00288 seconds
Computing Block 506 out of 663
Processing Block size=4
begin cleaner{left: ("[FunctionalDependency:(s: {brewery_id}, t: {city})]", 0.0), operator: *, right: (1.0, 1.0), result: 0.0}
列 'p' 不存在，对列 city 不过滤，直接选择所有非无效值。
Block processing time: 0.0029 seconds
Computing Block 507 out of 663
Processing Block size=2
begin cleaner{left: ("[FunctionalDependency:(s: {brewery_id}, t: {city})]", 0.0), operator: *, right: (1.0, 1.0), result: 0.0}
列 'p' 不存在，对列 city 不过滤，直接选择所有非无效值。
Block processing time: 0.001526 seconds
Computing Block 510 out of 663
Processing Block size=2
begin cleaner{left: ("[FunctionalDependency:(s: {brewery_id}, t: {city})]", 0.0), operator: *, right: (1.0, 1.0), result: 0.0}
列 'p' 不存在，对列 city 不过滤，直接选择所有非无效值。
Block processing time: 0.001501 seconds
Computing Block 511 out of 663
Processing Block size=5
begin cleaner{left: ("[FunctionalDependency:(s: {brewery_id}, t: {city})]", 0.0), operator: *, right: (1.0, 1.0), result: 0.0}
列 'p' 不存在，对列 city 不过滤，直接选择所有非无效值。
Block processing time: 0.003612 seconds
Computing Block 512 out of 663
Processing Block size=15
begin cleaner{left: ("[FunctionalDependency:(s: {brewery_id}, t: {city})]", 0.0), operator: *, right: (1.0, 1.0), result: 0.0}
列 'p' 不存在，对列 city 不过滤，直接选择所有非无效值。
Block processing time: 0.010677 seconds
Computing Block 513 out of 663
Processing Block size=3
begin cleaner{left: ("[FunctionalDependency:(s: {brewery_id}, t: {city})]", 0.0), operator: *, right: (1.0, 1.0), result: 0.0}
列 'p' 不存在，对列 city 不过滤，直接选择所有非无效值。
Block processing time: 0.002282 seconds
Computing Block 515 out of 663
Processing Block size=5
begin cleaner{left: ("[FunctionalDependency:(s: {brewery_id}, t: {city})]", 0.0), operator: *, right: (1.0, 1.0), result: 0.0}
列 'p' 不存在，对列 city 不过滤，直接选择所有非无效值。
Block processing time: 0.00367 seconds
Computing Block 516 out of 663
Processing Block size=2
begin cleaner{left: ("[FunctionalDependency:(s: {brewery_id}, t: {city})]", 0.0), operator: *, right: (1.0, 1.0), result: 0.0}
列 'p' 不存在，对列 city 不过滤，直接选择所有非无效值。
Block processing time: 0.001533 seconds
Computing Block 517 out of 663
Processing Block size=2
begin cleaner{left: ("[FunctionalDependency:(s: {brewery_id}, t: {city})]", 0.0), operator: *, right: (1.0, 1.0), result: 0.0}
列 'p' 不存在，对列 city 不过滤，直接选择所有非无效值。
Block processing time: 0.001539 seconds
Computing Block 518 out of 663
Processing Block size=3
begin cleaner{left: ("[FunctionalDependency:(s: {brewery_id}, t: {city})]", 0.0), operator: *, right: (1.0, 1.0), result: 0.0}
列 'p' 不存在，对列 city 不过滤，直接选择所有非无效值。
Block processing time: 0.002255 seconds
Computing Block 520 out of 663
Processing Block size=2
begin cleaner{left: ("[FunctionalDependency:(s: {brewery_id}, t: {city})]", 0.0), operator: *, right: (1.0, 1.0), result: 0.0}
列 'p' 不存在，对列 city 不过滤，直接选择所有非无效值。
Block processing time: 0.001523 seconds
Computing Block 521 out of 663
Processing Block size=2
begin cleaner{left: ("[FunctionalDependency:(s: {brewery_id}, t: {city})]", 0.0), operator: *, right: (1.0, 1.0), result: 0.0}
列 'p' 不存在，对列 city 不过滤，直接选择所有非无效值。
Block processing time: 0.001519 seconds
Computing Block 525 out of 663
Processing Block size=4
begin cleaner{left: ("[FunctionalDependency:(s: {brewery_id}, t: {city})]", 0.0), operator: *, right: (1.0, 1.0), result: 0.0}
列 'p' 不存在，对列 city 不过滤，直接选择所有非无效值。
Block processing time: 0.002902 seconds
Computing Block 526 out of 663
Processing Block size=2
begin cleaner{left: ("[FunctionalDependency:(s: {brewery_id}, t: {city})]", 0.0), operator: *, right: (1.0, 1.0), result: 0.0}
列 'p' 不存在，对列 city 不过滤，直接选择所有非无效值。
Block processing time: 0.001598 seconds
Computing Block 528 out of 663
Processing Block size=8
begin cleaner{left: ("[FunctionalDependency:(s: {brewery_id}, t: {city})]", 0.0), operator: *, right: (1.0, 1.0), result: 0.0}
列 'p' 不存在，对列 city 不过滤，直接选择所有非无效值。
Block processing time: 0.005671 seconds
Computing Block 530 out of 663
Processing Block size=7
begin cleaner{left: ("[FunctionalDependency:(s: {brewery_id}, t: {city})]", 0.0), operator: *, right: (1.0, 1.0), result: 0.0}
列 'p' 不存在，对列 city 不过滤，直接选择所有非无效值。
Block processing time: 0.005011 seconds
Computing Block 531 out of 663
Processing Block size=5
begin cleaner{left: ("[FunctionalDependency:(s: {brewery_id}, t: {city})]", 0.0), operator: *, right: (1.0, 1.0), result: 0.0}
列 'p' 不存在，对列 city 不过滤，直接选择所有非无效值。
Block processing time: 0.003583 seconds
Computing Block 532 out of 663
Processing Block size=9
begin cleaner{left: ("[FunctionalDependency:(s: {brewery_id}, t: {city})]", 0.0), operator: *, right: (1.0, 1.0), result: 0.0}
列 'p' 不存在，对列 city 不过滤，直接选择所有非无效值。
Block processing time: 0.006405 seconds
Computing Block 533 out of 663
Processing Block size=2
begin cleaner{left: ("[FunctionalDependency:(s: {brewery_id}, t: {city})]", 0.0), operator: *, right: (1.0, 1.0), result: 0.0}
列 'p' 不存在，对列 city 不过滤，直接选择所有非无效值。
Block processing time: 0.001501 seconds
Computing Block 534 out of 663
Processing Block size=2
begin cleaner{left: ("[FunctionalDependency:(s: {brewery_id}, t: {city})]", 0.0), operator: *, right: (1.0, 1.0), result: 0.0}
列 'p' 不存在，对列 city 不过滤，直接选择所有非无效值。
Block processing time: 0.001534 seconds
Computing Block 536 out of 663
Processing Block size=5
begin cleaner{left: ("[FunctionalDependency:(s: {brewery_id}, t: {city})]", 0.0), operator: *, right: (1.0, 1.0), result: 0.0}
列 'p' 不存在，对列 city 不过滤，直接选择所有非无效值。
Block processing time: 0.003577 seconds
Computing Block 541 out of 663
Processing Block size=2
begin cleaner{left: ("[FunctionalDependency:(s: {brewery_id}, t: {city})]", 0.0), operator: *, right: (1.0, 1.0), result: 0.0}
列 'p' 不存在，对列 city 不过滤，直接选择所有非无效值。
Block processing time: 0.0015 seconds
Computing Block 542 out of 663
Processing Block size=4
begin cleaner{left: ("[FunctionalDependency:(s: {brewery_id}, t: {city})]", 0.0), operator: *, right: (1.0, 1.0), result: 0.0}
列 'p' 不存在，对列 city 不过滤，直接选择所有非无效值。
Block processing time: 0.002881 seconds
Computing Block 543 out of 663
Processing Block size=3
begin cleaner{left: ("[FunctionalDependency:(s: {brewery_id}, t: {city})]", 0.0), operator: *, right: (1.0, 1.0), result: 0.0}
列 'p' 不存在，对列 city 不过滤，直接选择所有非无效值。
Block processing time: 0.002212 seconds
Computing Block 544 out of 663
Processing Block size=2
begin cleaner{left: ("[FunctionalDependency:(s: {brewery_id}, t: {city})]", 0.0), operator: *, right: (1.0, 1.0), result: 0.0}
列 'p' 不存在，对列 city 不过滤，直接选择所有非无效值。
Block processing time: 0.001502 seconds
Computing Block 545 out of 663
Processing Block size=5
begin cleaner{left: ("[FunctionalDependency:(s: {brewery_id}, t: {city})]", 0.0), operator: *, right: (1.0, 1.0), result: 0.0}
列 'p' 不存在，对列 city 不过滤，直接选择所有非无效值。
Block processing time: 0.00383 seconds
Computing Block 548 out of 663
Processing Block size=6
begin cleaner{left: ("[FunctionalDependency:(s: {brewery_id}, t: {city})]", 0.0), operator: *, right: (1.0, 1.0), result: 0.0}
列 'p' 不存在，对列 city 不过滤，直接选择所有非无效值。
Block processing time: 0.004637 seconds
Computing Block 549 out of 663
Processing Block size=2
begin cleaner{left: ("[FunctionalDependency:(s: {brewery_id}, t: {city})]", 0.0), operator: *, right: (1.0, 1.0), result: 0.0}
列 'p' 不存在，对列 city 不过滤，直接选择所有非无效值。
Block processing time: 0.001604 seconds
Computing Block 550 out of 663
Processing Block size=10
begin cleaner{left: ("[FunctionalDependency:(s: {brewery_id}, t: {city})]", 0.0), operator: *, right: (1.0, 1.0), result: 0.0}
列 'p' 不存在，对列 city 不过滤，直接选择所有非无效值。
Block processing time: 0.007643 seconds
Computing Block 553 out of 663
Processing Block size=6
begin cleaner{left: ("[FunctionalDependency:(s: {brewery_id}, t: {city})]", 0.0), operator: *, right: (1.0, 1.0), result: 0.0}
列 'p' 不存在，对列 city 不过滤，直接选择所有非无效值。
Block processing time: 0.00471 seconds
Computing Block 554 out of 663
Processing Block size=6
begin cleaner{left: ("[FunctionalDependency:(s: {brewery_id}, t: {city})]", 0.0), operator: *, right: (1.0, 1.0), result: 0.0}
列 'p' 不存在，对列 city 不过滤，直接选择所有非无效值。
Block processing time: 0.00446 seconds
Computing Block 555 out of 663
Processing Block size=6
begin cleaner{left: ("[FunctionalDependency:(s: {brewery_id}, t: {city})]", 0.0), operator: *, right: (1.0, 1.0), result: 0.0}
列 'p' 不存在，对列 city 不过滤，直接选择所有非无效值。
Block processing time: 0.004327 seconds
Computing Block 556 out of 663
Processing Block size=5
begin cleaner{left: ("[FunctionalDependency:(s: {brewery_id}, t: {city})]", 0.0), operator: *, right: (1.0, 1.0), result: 0.0}
列 'p' 不存在，对列 city 不过滤，直接选择所有非无效值。
Block processing time: 0.003662 seconds
Computing Block 558 out of 663
Processing Block size=4
begin cleaner{left: ("[FunctionalDependency:(s: {brewery_id}, t: {city})]", 0.0), operator: *, right: (1.0, 1.0), result: 0.0}
列 'p' 不存在，对列 city 不过滤，直接选择所有非无效值。
Block processing time: 0.002922 seconds
Computing Block 560 out of 663
Processing Block size=2
begin cleaner{left: ("[FunctionalDependency:(s: {brewery_id}, t: {city})]", 0.0), operator: *, right: (1.0, 1.0), result: 0.0}
列 'p' 不存在，对列 city 不过滤，直接选择所有非无效值。
Block processing time: 0.001508 seconds
Computing Block 561 out of 663
Processing Block size=18
begin cleaner{left: ("[FunctionalDependency:(s: {brewery_id}, t: {city})]", 0.0), operator: *, right: (1.0, 1.0), result: 0.0}
列 'p' 不存在，对列 city 不过滤，直接选择所有非无效值。
Block processing time: 0.012706 seconds
Computing Block 564 out of 663
Processing Block size=8
begin cleaner{left: ("[FunctionalDependency:(s: {brewery_id}, t: {city})]", 0.0), operator: *, right: (1.0, 1.0), result: 0.0}
列 'p' 不存在，对列 city 不过滤，直接选择所有非无效值。
Block processing time: 0.005805 seconds
Computing Block 566 out of 663
Processing Block size=4
begin cleaner{left: ("[FunctionalDependency:(s: {brewery_id}, t: {city})]", 0.0), operator: *, right: (1.0, 1.0), result: 0.0}
列 'p' 不存在，对列 city 不过滤，直接选择所有非无效值。
Block processing time: 0.002933 seconds
Computing Block 567 out of 663
Processing Block size=3
begin cleaner{left: ("[FunctionalDependency:(s: {brewery_id}, t: {city})]", 0.0), operator: *, right: (1.0, 1.0), result: 0.0}
列 'p' 不存在，对列 city 不过滤，直接选择所有非无效值。
Block processing time: 0.002201 seconds
Computing Block 569 out of 663
Processing Block size=2
begin cleaner{left: ("[FunctionalDependency:(s: {brewery_id}, t: {city})]", 0.0), operator: *, right: (1.0, 1.0), result: 0.0}
列 'p' 不存在，对列 city 不过滤，直接选择所有非无效值。
Block processing time: 0.001525 seconds
Computing Block 571 out of 663
Processing Block size=3
begin cleaner{left: ("[FunctionalDependency:(s: {brewery_id}, t: {city})]", 0.0), operator: *, right: (1.0, 1.0), result: 0.0}
列 'p' 不存在，对列 city 不过滤，直接选择所有非无效值。
Block processing time: 0.002246 seconds
Computing Block 572 out of 663
Processing Block size=4
begin cleaner{left: ("[FunctionalDependency:(s: {brewery_id}, t: {city})]", 0.0), operator: *, right: (1.0, 1.0), result: 0.0}
列 'p' 不存在，对列 city 不过滤，直接选择所有非无效值。
Block processing time: 0.002957 seconds
Computing Block 574 out of 663
Processing Block size=2
begin cleaner{left: ("[FunctionalDependency:(s: {brewery_id}, t: {city})]", 0.0), operator: *, right: (1.0, 1.0), result: 0.0}
列 'p' 不存在，对列 city 不过滤，直接选择所有非无效值。
Block processing time: 0.001515 seconds
Computing Block 575 out of 663
Processing Block size=3
begin cleaner{left: ("[FunctionalDependency:(s: {brewery_id}, t: {city})]", 0.0), operator: *, right: (1.0, 1.0), result: 0.0}
列 'p' 不存在，对列 city 不过滤，直接选择所有非无效值。
Block processing time: 0.00222 seconds
Computing Block 576 out of 663
Processing Block size=2
begin cleaner{left: ("[FunctionalDependency:(s: {brewery_id}, t: {city})]", 0.0), operator: *, right: (1.0, 1.0), result: 0.0}
列 'p' 不存在，对列 city 不过滤，直接选择所有非无效值。
Block processing time: 0.001496 seconds
Computing Block 577 out of 663
Processing Block size=2
begin cleaner{left: ("[FunctionalDependency:(s: {brewery_id}, t: {city})]", 0.0), operator: *, right: (1.0, 1.0), result: 0.0}
列 'p' 不存在，对列 city 不过滤，直接选择所有非无效值。
Block processing time: 0.001506 seconds
Computing Block 578 out of 663
Processing Block size=2
begin cleaner{left: ("[FunctionalDependency:(s: {brewery_id}, t: {city})]", 0.0), operator: *, right: (1.0, 1.0), result: 0.0}
列 'p' 不存在，对列 city 不过滤，直接选择所有非无效值。
Block processing time: 0.001528 seconds
Computing Block 579 out of 663
Processing Block size=2
begin cleaner{left: ("[FunctionalDependency:(s: {brewery_id}, t: {city})]", 0.0), operator: *, right: (1.0, 1.0), result: 0.0}
列 'p' 不存在，对列 city 不过滤，直接选择所有非无效值。
Block processing time: 0.001511 seconds
Computing Block 581 out of 663
Processing Block size=2
begin cleaner{left: ("[FunctionalDependency:(s: {brewery_id}, t: {city})]", 0.0), operator: *, right: (1.0, 1.0), result: 0.0}
列 'p' 不存在，对列 city 不过滤，直接选择所有非无效值。
Block processing time: 0.00151 seconds
Computing Block 582 out of 663
Processing Block size=2
begin cleaner{left: ("[FunctionalDependency:(s: {brewery_id}, t: {city})]", 0.0), operator: *, right: (1.0, 1.0), result: 0.0}
列 'p' 不存在，对列 city 不过滤，直接选择所有非无效值。
Block processing time: 0.001501 seconds
Computing Block 583 out of 663
Processing Block size=7
begin cleaner{left: ("[FunctionalDependency:(s: {brewery_id}, t: {city})]", 0.0), operator: *, right: (1.0, 1.0), result: 0.0}
列 'p' 不存在，对列 city 不过滤，直接选择所有非无效值。
Block processing time: 0.004984 seconds
Computing Block 584 out of 663
Processing Block size=2
begin cleaner{left: ("[FunctionalDependency:(s: {brewery_id}, t: {city})]", 0.0), operator: *, right: (1.0, 1.0), result: 0.0}
列 'p' 不存在，对列 city 不过滤，直接选择所有非无效值。
Block processing time: 0.001539 seconds
Computing Block 585 out of 663
Processing Block size=2
begin cleaner{left: ("[FunctionalDependency:(s: {brewery_id}, t: {city})]", 0.0), operator: *, right: (1.0, 1.0), result: 0.0}
列 'p' 不存在，对列 city 不过滤，直接选择所有非无效值。
Block processing time: 0.001497 seconds
Computing Block 588 out of 663
Processing Block size=3
begin cleaner{left: ("[FunctionalDependency:(s: {brewery_id}, t: {city})]", 0.0), operator: *, right: (1.0, 1.0), result: 0.0}
列 'p' 不存在，对列 city 不过滤，直接选择所有非无效值。
Block processing time: 0.002254 seconds
Computing Block 589 out of 663
Processing Block size=2
begin cleaner{left: ("[FunctionalDependency:(s: {brewery_id}, t: {city})]", 0.0), operator: *, right: (1.0, 1.0), result: 0.0}
列 'p' 不存在，对列 city 不过滤，直接选择所有非无效值。
Block processing time: 0.001526 seconds
Computing Block 590 out of 663
Processing Block size=4
begin cleaner{left: ("[FunctionalDependency:(s: {brewery_id}, t: {city})]", 0.0), operator: *, right: (1.0, 1.0), result: 0.0}
列 'p' 不存在，对列 city 不过滤，直接选择所有非无效值。
Block processing time: 0.002996 seconds
Computing Block 591 out of 663
Processing Block size=2
begin cleaner{left: ("[FunctionalDependency:(s: {brewery_id}, t: {city})]", 0.0), operator: *, right: (1.0, 1.0), result: 0.0}
列 'p' 不存在，对列 city 不过滤，直接选择所有非无效值。
Block processing time: 0.001496 seconds
Computing Block 592 out of 663
Processing Block size=3
begin cleaner{left: ("[FunctionalDependency:(s: {brewery_id}, t: {city})]", 0.0), operator: *, right: (1.0, 1.0), result: 0.0}
列 'p' 不存在，对列 city 不过滤，直接选择所有非无效值。
Block processing time: 0.002202 seconds
Computing Block 594 out of 663
Processing Block size=4
begin cleaner{left: ("[FunctionalDependency:(s: {brewery_id}, t: {city})]", 0.0), operator: *, right: (1.0, 1.0), result: 0.0}
列 'p' 不存在，对列 city 不过滤，直接选择所有非无效值。
Block processing time: 0.002967 seconds
Computing Block 597 out of 663
Processing Block size=2
begin cleaner{left: ("[FunctionalDependency:(s: {brewery_id}, t: {city})]", 0.0), operator: *, right: (1.0, 1.0), result: 0.0}
列 'p' 不存在，对列 city 不过滤，直接选择所有非无效值。
Block processing time: 0.0015 seconds
Computing Block 599 out of 663
Processing Block size=3
begin cleaner{left: ("[FunctionalDependency:(s: {brewery_id}, t: {city})]", 0.0), operator: *, right: (1.0, 1.0), result: 0.0}
列 'p' 不存在，对列 city 不过滤，直接选择所有非无效值。
Block processing time: 0.002195 seconds
Computing Block 600 out of 663
Processing Block size=3
begin cleaner{left: ("[FunctionalDependency:(s: {brewery_id}, t: {city})]", 0.0), operator: *, right: (1.0, 1.0), result: 0.0}
列 'p' 不存在，对列 city 不过滤，直接选择所有非无效值。
Block processing time: 0.002233 seconds
Computing Block 601 out of 663
Processing Block size=4
begin cleaner{left: ("[FunctionalDependency:(s: {brewery_id}, t: {city})]", 0.0), operator: *, right: (1.0, 1.0), result: 0.0}
列 'p' 不存在，对列 city 不过滤，直接选择所有非无效值。
Block processing time: 0.002893 seconds
Computing Block 602 out of 663
Processing Block size=2
begin cleaner{left: ("[FunctionalDependency:(s: {brewery_id}, t: {city})]", 0.0), operator: *, right: (1.0, 1.0), result: 0.0}
列 'p' 不存在，对列 city 不过滤，直接选择所有非无效值。
Block processing time: 0.001536 seconds
Computing Block 603 out of 663
Processing Block size=2
begin cleaner{left: ("[FunctionalDependency:(s: {brewery_id}, t: {city})]", 0.0), operator: *, right: (1.0, 1.0), result: 0.0}
列 'p' 不存在，对列 city 不过滤，直接选择所有非无效值。
Block processing time: 0.001504 seconds
Computing Block 606 out of 663
Processing Block size=4
begin cleaner{left: ("[FunctionalDependency:(s: {brewery_id}, t: {city})]", 0.0), operator: *, right: (1.0, 1.0), result: 0.0}
列 'p' 不存在，对列 city 不过滤，直接选择所有非无效值。
Block processing time: 0.003 seconds
Computing Block 607 out of 663
Processing Block size=2
begin cleaner{left: ("[FunctionalDependency:(s: {brewery_id}, t: {city})]", 0.0), operator: *, right: (1.0, 1.0), result: 0.0}
列 'p' 不存在，对列 city 不过滤，直接选择所有非无效值。
Block processing time: 0.001497 seconds
Computing Block 608 out of 663
Processing Block size=4
begin cleaner{left: ("[FunctionalDependency:(s: {brewery_id}, t: {city})]", 0.0), operator: *, right: (1.0, 1.0), result: 0.0}
列 'p' 不存在，对列 city 不过滤，直接选择所有非无效值。
Block processing time: 0.002886 seconds
Computing Block 610 out of 663
Processing Block size=3
begin cleaner{left: ("[FunctionalDependency:(s: {brewery_id}, t: {city})]", 0.0), operator: *, right: (1.0, 1.0), result: 0.0}
列 'p' 不存在，对列 city 不过滤，直接选择所有非无效值。
Block processing time: 0.002195 seconds
Computing Block 611 out of 663
Processing Block size=3
begin cleaner{left: ("[FunctionalDependency:(s: {brewery_id}, t: {city})]", 0.0), operator: *, right: (1.0, 1.0), result: 0.0}
列 'p' 不存在，对列 city 不过滤，直接选择所有非无效值。
Block processing time: 0.002204 seconds
Computing Block 612 out of 663
Processing Block size=3
begin cleaner{left: ("[FunctionalDependency:(s: {brewery_id}, t: {city})]", 0.0), operator: *, right: (1.0, 1.0), result: 0.0}
列 'p' 不存在，对列 city 不过滤，直接选择所有非无效值。
Block processing time: 0.002233 seconds
Computing Block 615 out of 663
Processing Block size=2
begin cleaner{left: ("[FunctionalDependency:(s: {brewery_id}, t: {city})]", 0.0), operator: *, right: (1.0, 1.0), result: 0.0}
列 'p' 不存在，对列 city 不过滤，直接选择所有非无效值。
Block processing time: 0.001504 seconds
Computing Block 616 out of 663
Processing Block size=12
begin cleaner{left: ("[FunctionalDependency:(s: {brewery_id}, t: {city})]", 0.0), operator: *, right: (1.0, 1.0), result: 0.0}
列 'p' 不存在，对列 city 不过滤，直接选择所有非无效值。
Block processing time: 0.008525 seconds
Computing Block 617 out of 663
Processing Block size=7
begin cleaner{left: ("[FunctionalDependency:(s: {brewery_id}, t: {city})]", 0.0), operator: *, right: (1.0, 1.0), result: 0.0}
列 'p' 不存在，对列 city 不过滤，直接选择所有非无效值。
Block processing time: 0.00509 seconds
Computing Block 618 out of 663
Processing Block size=4
begin cleaner{left: ("[FunctionalDependency:(s: {brewery_id}, t: {city})]", 0.0), operator: *, right: (1.0, 1.0), result: 0.0}
列 'p' 不存在，对列 city 不过滤，直接选择所有非无效值。
Block processing time: 0.003036 seconds
Computing Block 620 out of 663
Processing Block size=3
begin cleaner{left: ("[FunctionalDependency:(s: {brewery_id}, t: {city})]", 0.0), operator: *, right: (1.0, 1.0), result: 0.0}
列 'p' 不存在，对列 city 不过滤，直接选择所有非无效值。
Block processing time: 0.002228 seconds
Computing Block 623 out of 663
Processing Block size=2
begin cleaner{left: ("[FunctionalDependency:(s: {brewery_id}, t: {city})]", 0.0), operator: *, right: (1.0, 1.0), result: 0.0}
列 'p' 不存在，对列 city 不过滤，直接选择所有非无效值。
Block processing time: 0.001573 seconds
Computing Block 626 out of 663
Processing Block size=5
begin cleaner{left: ("[FunctionalDependency:(s: {brewery_id}, t: {city})]", 0.0), operator: *, right: (1.0, 1.0), result: 0.0}
列 'p' 不存在，对列 city 不过滤，直接选择所有非无效值。
Block processing time: 0.003587 seconds
Computing Block 627 out of 663
Processing Block size=12
begin cleaner{left: ("[FunctionalDependency:(s: {brewery_id}, t: {city})]", 0.0), operator: *, right: (1.0, 1.0), result: 0.0}
列 'p' 不存在，对列 city 不过滤，直接选择所有非无效值。
Block processing time: 0.008465 seconds
Computing Block 628 out of 663
Processing Block size=5
begin cleaner{left: ("[FunctionalDependency:(s: {brewery_id}, t: {city})]", 0.0), operator: *, right: (1.0, 1.0), result: 0.0}
列 'p' 不存在，对列 city 不过滤，直接选择所有非无效值。
Block processing time: 0.003586 seconds
Computing Block 629 out of 663
Processing Block size=5
begin cleaner{left: ("[FunctionalDependency:(s: {brewery_id}, t: {city})]", 0.0), operator: *, right: (1.0, 1.0), result: 0.0}
列 'p' 不存在，对列 city 不过滤，直接选择所有非无效值。
Block processing time: 0.003593 seconds
Computing Block 631 out of 663
Processing Block size=5
begin cleaner{left: ("[FunctionalDependency:(s: {brewery_id}, t: {city})]", 0.0), operator: *, right: (1.0, 1.0), result: 0.0}
列 'p' 不存在，对列 city 不过滤，直接选择所有非无效值。
Block processing time: 0.003581 seconds
Computing Block 632 out of 663
Processing Block size=3
begin cleaner{left: ("[FunctionalDependency:(s: {brewery_id}, t: {city})]", 0.0), operator: *, right: (1.0, 1.0), result: 0.0}
列 'p' 不存在，对列 city 不过滤，直接选择所有非无效值。
Block processing time: 0.002187 seconds
Computing Block 638 out of 663
Processing Block size=3
begin cleaner{left: ("[FunctionalDependency:(s: {brewery_id}, t: {city})]", 0.0), operator: *, right: (1.0, 1.0), result: 0.0}
列 'p' 不存在，对列 city 不过滤，直接选择所有非无效值。
Block processing time: 0.002193 seconds
Computing Block 639 out of 663
Processing Block size=3
begin cleaner{left: ("[FunctionalDependency:(s: {brewery_id}, t: {city})]", 0.0), operator: *, right: (1.0, 1.0), result: 0.0}
列 'p' 不存在，对列 city 不过滤，直接选择所有非无效值。
Block processing time: 0.002209 seconds
Computing Block 640 out of 663
Processing Block size=7
begin cleaner{left: ("[FunctionalDependency:(s: {brewery_id}, t: {city})]", 0.0), operator: *, right: (1.0, 1.0), result: 0.0}
列 'p' 不存在，对列 city 不过滤，直接选择所有非无效值。
Block processing time: 0.004974 seconds
Computing Block 641 out of 663
Processing Block size=3
begin cleaner{left: ("[FunctionalDependency:(s: {brewery_id}, t: {city})]", 0.0), operator: *, right: (1.0, 1.0), result: 0.0}
列 'p' 不存在，对列 city 不过滤，直接选择所有非无效值。
Block processing time: 0.002198 seconds
Computing Block 642 out of 663
Processing Block size=2
begin cleaner{left: ("[FunctionalDependency:(s: {brewery_id}, t: {city})]", 0.0), operator: *, right: (1.0, 1.0), result: 0.0}
列 'p' 不存在，对列 city 不过滤，直接选择所有非无效值。
Block processing time: 0.001508 seconds
Computing Block 643 out of 663
Processing Block size=3
begin cleaner{left: ("[FunctionalDependency:(s: {brewery_id}, t: {city})]", 0.0), operator: *, right: (1.0, 1.0), result: 0.0}
列 'p' 不存在，对列 city 不过滤，直接选择所有非无效值。
Block processing time: 0.00221 seconds
Computing Block 645 out of 663
Processing Block size=5
begin cleaner{left: ("[FunctionalDependency:(s: {brewery_id}, t: {city})]", 0.0), operator: *, right: (1.0, 1.0), result: 0.0}
列 'p' 不存在，对列 city 不过滤，直接选择所有非无效值。
Block processing time: 0.003632 seconds
Computing Block 646 out of 663
Processing Block size=3
WARNING:root:No partitioning rule specified, processing might be slow
begin cleaner{left: ("[FunctionalDependency:(s: {brewery_id}, t: {city})]", 0.0), operator: *, right: (1.0, 1.0), result: 0.0}
列 'p' 不存在，对列 city 不过滤，直接选择所有非无效值。
Block processing time: 0.002226 seconds
Computing Block 648 out of 663
Processing Block size=2
begin cleaner{left: ("[FunctionalDependency:(s: {brewery_id}, t: {city})]", 0.0), operator: *, right: (1.0, 1.0), result: 0.0}
列 'p' 不存在，对列 city 不过滤，直接选择所有非无效值。
Block processing time: 0.00151 seconds
Computing Block 649 out of 663
Processing Block size=4
begin cleaner{left: ("[FunctionalDependency:(s: {brewery_id}, t: {city})]", 0.0), operator: *, right: (1.0, 1.0), result: 0.0}
列 'p' 不存在，对列 city 不过滤，直接选择所有非无效值。
Block processing time: 0.0029 seconds
Computing Block 650 out of 663
Processing Block size=2
begin cleaner{left: ("[FunctionalDependency:(s: {brewery_id}, t: {city})]", 0.0), operator: *, right: (1.0, 1.0), result: 0.0}
列 'p' 不存在，对列 city 不过滤，直接选择所有非无效值。
Block processing time: 0.001513 seconds
Computing Block 652 out of 663
Processing Block size=4
begin cleaner{left: ("[FunctionalDependency:(s: {brewery_id}, t: {city})]", 0.0), operator: *, right: (1.0, 1.0), result: 0.0}
列 'p' 不存在，对列 city 不过滤，直接选择所有非无效值。
Block processing time: 0.00289 seconds
Computing Block 653 out of 663
Processing Block size=3
begin cleaner{left: ("[FunctionalDependency:(s: {brewery_id}, t: {city})]", 0.0), operator: *, right: (1.0, 1.0), result: 0.0}
列 'p' 不存在，对列 city 不过滤，直接选择所有非无效值。
Block processing time: 0.002243 seconds
Computing Block 654 out of 663
Processing Block size=3
begin cleaner{left: ("[FunctionalDependency:(s: {brewery_id}, t: {city})]", 0.0), operator: *, right: (1.0, 1.0), result: 0.0}
列 'p' 不存在，对列 city 不过滤，直接选择所有非无效值。
Block processing time: 0.002198 seconds
Computing Block 656 out of 663
Processing Block size=6
begin cleaner{left: ("[FunctionalDependency:(s: {brewery_id}, t: {city})]", 0.0), operator: *, right: (1.0, 1.0), result: 0.0}
列 'p' 不存在，对列 city 不过滤，直接选择所有非无效值。
Block processing time: 0.004275 seconds
Computing Block 657 out of 663
Processing Block size=31
begin cleaner{left: ("[FunctionalDependency:(s: {brewery_id}, t: {city})]", 0.0), operator: *, right: (1.0, 1.0), result: 0.0}
列 'p' 不存在，对列 city 不过滤，直接选择所有非无效值。
Block processing time: 0.021723 seconds
Computing Block 658 out of 663
Processing Block size=3
begin cleaner{left: ("[FunctionalDependency:(s: {brewery_id}, t: {city})]", 0.0), operator: *, right: (1.0, 1.0), result: 0.0}
列 'p' 不存在，对列 city 不过滤，直接选择所有非无效值。
Block processing time: 0.002198 seconds
Computing Block 660 out of 663
Processing Block size=2
begin cleaner{left: ("[FunctionalDependency:(s: {brewery_id}, t: {city})]", 0.0), operator: *, right: (1.0, 1.0), result: 0.0}
列 'p' 不存在，对列 city 不过滤，直接选择所有非无效值。
Block processing time: 0.001498 seconds
Computing Block 662 out of 663
Processing Block size=3
begin cleaner{left: ("[FunctionalDependency:(s: {brewery_id}, t: {city})]", 0.0), operator: *, right: (1.0, 1.0), result: 0.0}
列 'p' 不存在，对列 city 不过滤，直接选择所有非无效值。
Block processing time: 0.002239 seconds
  当前节点: city 无清洗操作
  当前节点: state 存在可用清洗信号
数据块大小: 2410
分块属性:
[['brewery_id']]
Starting initial block mapping...
Initial number of blocks: 663
Final number of blocks after further splitting: 663
Computing Block 1 out of 663
Processing Block size=8
begin cleaner[FunctionalDependency:(s: {'brewery_id'}, t: {'state'})]*1.0
列 'p' 不存在，对列 state 不过滤，直接选择所有非无效值。
Block processing time: 0.006332 seconds
Computing Block 2 out of 663
Processing Block size=5
begin cleaner{left: ("[FunctionalDependency:(s: {brewery_id}, t: {state})]", 0.0), operator: *, right: (1.0, 1.0), result: 0.0}
列 'p' 不存在，对列 state 不过滤，直接选择所有非无效值。
Block processing time: 0.003868 seconds
Computing Block 3 out of 663
Processing Block size=4
begin cleaner{left: ("[FunctionalDependency:(s: {brewery_id}, t: {state})]", 0.0), operator: *, right: (1.0, 1.0), result: 0.0}
列 'p' 不存在，对列 state 不过滤，直接选择所有非无效值。
Block processing time: 0.003052 seconds
Computing Block 6 out of 663
Processing Block size=4
begin cleaner{left: ("[FunctionalDependency:(s: {brewery_id}, t: {state})]", 0.0), operator: *, right: (1.0, 1.0), result: 0.0}
列 'p' 不存在，对列 state 不过滤，直接选择所有非无效值。
Block processing time: 0.002927 seconds
Computing Block 7 out of 663
Processing Block size=4
begin cleaner{left: ("[FunctionalDependency:(s: {brewery_id}, t: {state})]", 0.0), operator: *, right: (1.0, 1.0), result: 0.0}
列 'p' 不存在，对列 state 不过滤，直接选择所有非无效值。
Block processing time: 0.002898 seconds
Computing Block 10 out of 663
Processing Block size=2
begin cleaner{left: ("[FunctionalDependency:(s: {brewery_id}, t: {state})]", 0.0), operator: *, right: (1.0, 1.0), result: 0.0}
列 'p' 不存在，对列 state 不过滤，直接选择所有非无效值。
Block processing time: 0.001556 seconds
Computing Block 11 out of 663
Processing Block size=4
begin cleaner{left: ("[FunctionalDependency:(s: {brewery_id}, t: {state})]", 0.0), operator: *, right: (1.0, 1.0), result: 0.0}
列 'p' 不存在，对列 state 不过滤，直接选择所有非无效值。
Block processing time: 0.002912 seconds
Computing Block 12 out of 663
Processing Block size=2
begin cleaner{left: ("[FunctionalDependency:(s: {brewery_id}, t: {state})]", 0.0), operator: *, right: (1.0, 1.0), result: 0.0}
列 'p' 不存在，对列 state 不过滤，直接选择所有非无效值。
Block processing time: 0.001506 seconds
Computing Block 14 out of 663
Processing Block size=3
begin cleaner{left: ("[FunctionalDependency:(s: {brewery_id}, t: {state})]", 0.0), operator: *, right: (1.0, 1.0), result: 0.0}
列 'p' 不存在，对列 state 不过滤，直接选择所有非无效值。
Block processing time: 0.002219 seconds
Computing Block 17 out of 663
Processing Block size=3
begin cleaner{left: ("[FunctionalDependency:(s: {brewery_id}, t: {state})]", 0.0), operator: *, right: (1.0, 1.0), result: 0.0}
列 'p' 不存在，对列 state 不过滤，直接选择所有非无效值。
Block processing time: 0.00223 seconds
Computing Block 19 out of 663
Processing Block size=8
begin cleaner{left: ("[FunctionalDependency:(s: {brewery_id}, t: {state})]", 0.0), operator: *, right: (1.0, 1.0), result: 0.0}
列 'p' 不存在，对列 state 不过滤，直接选择所有非无效值。
Block processing time: 0.005666 seconds
Computing Block 20 out of 663
Processing Block size=3
begin cleaner{left: ("[FunctionalDependency:(s: {brewery_id}, t: {state})]", 0.0), operator: *, right: (1.0, 1.0), result: 0.0}
列 'p' 不存在，对列 state 不过滤，直接选择所有非无效值。
Block processing time: 0.002234 seconds
Computing Block 23 out of 663
Processing Block size=5
begin cleaner{left: ("[FunctionalDependency:(s: {brewery_id}, t: {state})]", 0.0), operator: *, right: (1.0, 1.0), result: 0.0}
列 'p' 不存在，对列 state 不过滤，直接选择所有非无效值。
Block processing time: 0.003634 seconds
Computing Block 25 out of 663
Processing Block size=2
begin cleaner{left: ("[FunctionalDependency:(s: {brewery_id}, t: {state})]", 0.0), operator: *, right: (1.0, 1.0), result: 0.0}
列 'p' 不存在，对列 state 不过滤，直接选择所有非无效值。
Block processing time: 0.001506 seconds
Computing Block 26 out of 663
Processing Block size=4
begin cleaner{left: ("[FunctionalDependency:(s: {brewery_id}, t: {state})]", 0.0), operator: *, right: (1.0, 1.0), result: 0.0}
列 'p' 不存在，对列 state 不过滤，直接选择所有非无效值。
Block processing time: 0.003024 seconds
Computing Block 28 out of 663
Processing Block size=3
begin cleaner{left: ("[FunctionalDependency:(s: {brewery_id}, t: {state})]", 0.0), operator: *, right: (1.0, 1.0), result: 0.0}
列 'p' 不存在，对列 state 不过滤，直接选择所有非无效值。
Block processing time: 0.002302 seconds
Computing Block 33 out of 663
Processing Block size=7
begin cleaner{left: ("[FunctionalDependency:(s: {brewery_id}, t: {state})]", 0.0), operator: *, right: (1.0, 1.0), result: 0.0}
列 'p' 不存在，对列 state 不过滤，直接选择所有非无效值。
Block processing time: 0.005323 seconds
Computing Block 34 out of 663
Processing Block size=5
begin cleaner{left: ("[FunctionalDependency:(s: {brewery_id}, t: {state})]", 0.0), operator: *, right: (1.0, 1.0), result: 0.0}
列 'p' 不存在，对列 state 不过滤，直接选择所有非无效值。
Block processing time: 0.003618 seconds
Computing Block 35 out of 663
Processing Block size=5
begin cleaner{left: ("[FunctionalDependency:(s: {brewery_id}, t: {state})]", 0.0), operator: *, right: (1.0, 1.0), result: 0.0}
列 'p' 不存在，对列 state 不过滤，直接选择所有非无效值。
Block processing time: 0.003668 seconds
Computing Block 36 out of 663
Processing Block size=3
begin cleaner{left: ("[FunctionalDependency:(s: {brewery_id}, t: {state})]", 0.0), operator: *, right: (1.0, 1.0), result: 0.0}
列 'p' 不存在，对列 state 不过滤，直接选择所有非无效值。
Block processing time: 0.002253 seconds
Computing Block 37 out of 663
Processing Block size=8
begin cleaner{left: ("[FunctionalDependency:(s: {brewery_id}, t: {state})]", 0.0), operator: *, right: (1.0, 1.0), result: 0.0}
列 'p' 不存在，对列 state 不过滤，直接选择所有非无效值。
Block processing time: 0.006209 seconds
Computing Block 40 out of 663
Processing Block size=6
begin cleaner{left: ("[FunctionalDependency:(s: {brewery_id}, t: {state})]", 0.0), operator: *, right: (1.0, 1.0), result: 0.0}
列 'p' 不存在，对列 state 不过滤，直接选择所有非无效值。
Block processing time: 0.004514 seconds
Computing Block 41 out of 663
Processing Block size=6
begin cleaner{left: ("[FunctionalDependency:(s: {brewery_id}, t: {state})]", 0.0), operator: *, right: (1.0, 1.0), result: 0.0}
列 'p' 不存在，对列 state 不过滤，直接选择所有非无效值。
Block processing time: 0.004396 seconds
Computing Block 42 out of 663
Processing Block size=3
begin cleaner{left: ("[FunctionalDependency:(s: {brewery_id}, t: {state})]", 0.0), operator: *, right: (1.0, 1.0), result: 0.0}
列 'p' 不存在，对列 state 不过滤，直接选择所有非无效值。
Block processing time: 0.002279 seconds
Computing Block 44 out of 663
Processing Block size=3
begin cleaner{left: ("[FunctionalDependency:(s: {brewery_id}, t: {state})]", 0.0), operator: *, right: (1.0, 1.0), result: 0.0}
列 'p' 不存在，对列 state 不过滤，直接选择所有非无效值。
Block processing time: 0.002296 seconds
Computing Block 46 out of 663
Processing Block size=2
begin cleaner{left: ("[FunctionalDependency:(s: {brewery_id}, t: {state})]", 0.0), operator: *, right: (1.0, 1.0), result: 0.0}
列 'p' 不存在，对列 state 不过滤，直接选择所有非无效值。
Block processing time: 0.001565 seconds
Computing Block 48 out of 663
Processing Block size=8
begin cleaner{left: ("[FunctionalDependency:(s: {brewery_id}, t: {state})]", 0.0), operator: *, right: (1.0, 1.0), result: 0.0}
列 'p' 不存在，对列 state 不过滤，直接选择所有非无效值。
Block processing time: 0.005839 seconds
Computing Block 49 out of 663
Processing Block size=7
begin cleaner{left: ("[FunctionalDependency:(s: {brewery_id}, t: {state})]", 0.0), operator: *, right: (1.0, 1.0), result: 0.0}
列 'p' 不存在，对列 state 不过滤，直接选择所有非无效值。
Block processing time: 0.00516 seconds
Computing Block 50 out of 663
Processing Block size=3
begin cleaner{left: ("[FunctionalDependency:(s: {brewery_id}, t: {state})]", 0.0), operator: *, right: (1.0, 1.0), result: 0.0}
列 'p' 不存在，对列 state 不过滤，直接选择所有非无效值。
Block processing time: 0.002236 seconds
Computing Block 52 out of 663
Processing Block size=3
begin cleaner{left: ("[FunctionalDependency:(s: {brewery_id}, t: {state})]", 0.0), operator: *, right: (1.0, 1.0), result: 0.0}
列 'p' 不存在，对列 state 不过滤，直接选择所有非无效值。
Block processing time: 0.002236 seconds
Computing Block 55 out of 663
Processing Block size=2
begin cleaner{left: ("[FunctionalDependency:(s: {brewery_id}, t: {state})]", 0.0), operator: *, right: (1.0, 1.0), result: 0.0}
列 'p' 不存在，对列 state 不过滤，直接选择所有非无效值。
Block processing time: 0.001523 seconds
Computing Block 60 out of 663
Processing Block size=12
begin cleaner{left: ("[FunctionalDependency:(s: {brewery_id}, t: {state})]", 0.0), operator: *, right: (1.0, 1.0), result: 0.0}
列 'p' 不存在，对列 state 不过滤，直接选择所有非无效值。
Block processing time: 0.008586 seconds
Computing Block 63 out of 663
Processing Block size=3
begin cleaner{left: ("[FunctionalDependency:(s: {brewery_id}, t: {state})]", 0.0), operator: *, right: (1.0, 1.0), result: 0.0}
列 'p' 不存在，对列 state 不过滤，直接选择所有非无效值。
Block processing time: 0.002221 seconds
Computing Block 64 out of 663
Processing Block size=2
begin cleaner{left: ("[FunctionalDependency:(s: {brewery_id}, t: {state})]", 0.0), operator: *, right: (1.0, 1.0), result: 0.0}
列 'p' 不存在，对列 state 不过滤，直接选择所有非无效值。
Block processing time: 0.001509 seconds
Computing Block 67 out of 663
Processing Block size=14
begin cleaner{left: ("[FunctionalDependency:(s: {brewery_id}, t: {state})]", 0.0), operator: *, right: (1.0, 1.0), result: 0.0}
列 'p' 不存在，对列 state 不过滤，直接选择所有非无效值。
Block processing time: 0.009942 seconds
Computing Block 68 out of 663
Processing Block size=4
begin cleaner{left: ("[FunctionalDependency:(s: {brewery_id}, t: {state})]", 0.0), operator: *, right: (1.0, 1.0), result: 0.0}
列 'p' 不存在，对列 state 不过滤，直接选择所有非无效值。
Block processing time: 0.00319 seconds
Computing Block 71 out of 663
Processing Block size=3
begin cleaner{left: ("[FunctionalDependency:(s: {brewery_id}, t: {state})]", 0.0), operator: *, right: (1.0, 1.0), result: 0.0}
列 'p' 不存在，对列 state 不过滤，直接选择所有非无效值。
Block processing time: 0.00237 seconds
Computing Block 72 out of 663
Processing Block size=2
begin cleaner{left: ("[FunctionalDependency:(s: {brewery_id}, t: {state})]", 0.0), operator: *, right: (1.0, 1.0), result: 0.0}
列 'p' 不存在，对列 state 不过滤，直接选择所有非无效值。
Block processing time: 0.001535 seconds
Computing Block 74 out of 663
Processing Block size=11
begin cleaner{left: ("[FunctionalDependency:(s: {brewery_id}, t: {state})]", 0.0), operator: *, right: (1.0, 1.0), result: 0.0}
列 'p' 不存在，对列 state 不过滤，直接选择所有非无效值。
Block processing time: 0.007971 seconds
Computing Block 77 out of 663
Processing Block size=3
begin cleaner{left: ("[FunctionalDependency:(s: {brewery_id}, t: {state})]", 0.0), operator: *, right: (1.0, 1.0), result: 0.0}
列 'p' 不存在，对列 state 不过滤，直接选择所有非无效值。
Block processing time: 0.00231 seconds
Computing Block 78 out of 663
Processing Block size=2
begin cleaner{left: ("[FunctionalDependency:(s: {brewery_id}, t: {state})]", 0.0), operator: *, right: (1.0, 1.0), result: 0.0}
列 'p' 不存在，对列 state 不过滤，直接选择所有非无效值。
Block processing time: 0.001554 seconds
Computing Block 80 out of 663
Processing Block size=10
begin cleaner{left: ("[FunctionalDependency:(s: {brewery_id}, t: {state})]", 0.0), operator: *, right: (1.0, 1.0), result: 0.0}
列 'p' 不存在，对列 state 不过滤，直接选择所有非无效值。
Block processing time: 0.007223 seconds
Computing Block 81 out of 663
Processing Block size=4
begin cleaner{left: ("[FunctionalDependency:(s: {brewery_id}, t: {state})]", 0.0), operator: *, right: (1.0, 1.0), result: 0.0}
列 'p' 不存在，对列 state 不过滤，直接选择所有非无效值。
Block processing time: 0.002964 seconds
Computing Block 82 out of 663
Processing Block size=21
begin cleaner{left: ("[FunctionalDependency:(s: {brewery_id}, t: {state})]", 0.0), operator: *, right: (1.0, 1.0), result: 0.0}
列 'p' 不存在，对列 state 不过滤，直接选择所有非无效值。
Block processing time: 0.014874 seconds
Computing Block 83 out of 663
Processing Block size=3
begin cleaner{left: ("[FunctionalDependency:(s: {brewery_id}, t: {state})]", 0.0), operator: *, right: (1.0, 1.0), result: 0.0}
列 'p' 不存在，对列 state 不过滤，直接选择所有非无效值。
Block processing time: 0.002206 seconds
Computing Block 84 out of 663
Processing Block size=2
begin cleaner{left: ("[FunctionalDependency:(s: {brewery_id}, t: {state})]", 0.0), operator: *, right: (1.0, 1.0), result: 0.0}
列 'p' 不存在，对列 state 不过滤，直接选择所有非无效值。
Block processing time: 0.001506 seconds
Computing Block 85 out of 663
Processing Block size=6
begin cleaner{left: ("[FunctionalDependency:(s: {brewery_id}, t: {state})]", 0.0), operator: *, right: (1.0, 1.0), result: 0.0}
列 'p' 不存在，对列 state 不过滤，直接选择所有非无效值。
Block processing time: 0.004329 seconds
Computing Block 87 out of 663
Processing Block size=10
begin cleaner{left: ("[FunctionalDependency:(s: {brewery_id}, t: {state})]", 0.0), operator: *, right: (1.0, 1.0), result: 0.0}
列 'p' 不存在，对列 state 不过滤，直接选择所有非无效值。
Block processing time: 0.007233 seconds
Computing Block 88 out of 663
Processing Block size=2
begin cleaner{left: ("[FunctionalDependency:(s: {brewery_id}, t: {state})]", 0.0), operator: *, right: (1.0, 1.0), result: 0.0}
列 'p' 不存在，对列 state 不过滤，直接选择所有非无效值。
Block processing time: 0.001539 seconds
Computing Block 89 out of 663
Processing Block size=8
begin cleaner{left: ("[FunctionalDependency:(s: {brewery_id}, t: {state})]", 0.0), operator: *, right: (1.0, 1.0), result: 0.0}
列 'p' 不存在，对列 state 不过滤，直接选择所有非无效值。
Block processing time: 0.005948 seconds
Computing Block 92 out of 663
Processing Block size=2
begin cleaner{left: ("[FunctionalDependency:(s: {brewery_id}, t: {state})]", 0.0), operator: *, right: (1.0, 1.0), result: 0.0}
列 'p' 不存在，对列 state 不过滤，直接选择所有非无效值。
Block processing time: 0.00155 seconds
Computing Block 93 out of 663
Processing Block size=6
begin cleaner{left: ("[FunctionalDependency:(s: {brewery_id}, t: {state})]", 0.0), operator: *, right: (1.0, 1.0), result: 0.0}
列 'p' 不存在，对列 state 不过滤，直接选择所有非无效值。
Block processing time: 0.004533 seconds
Computing Block 94 out of 663
Processing Block size=2
begin cleaner{left: ("[FunctionalDependency:(s: {brewery_id}, t: {state})]", 0.0), operator: *, right: (1.0, 1.0), result: 0.0}
列 'p' 不存在，对列 state 不过滤，直接选择所有非无效值。
Block processing time: 0.001558 seconds
Computing Block 95 out of 663
Processing Block size=4
begin cleaner{left: ("[FunctionalDependency:(s: {brewery_id}, t: {state})]", 0.0), operator: *, right: (1.0, 1.0), result: 0.0}
列 'p' 不存在，对列 state 不过滤，直接选择所有非无效值。
Block processing time: 0.002991 seconds
Computing Block 97 out of 663
Processing Block size=7
begin cleaner{left: ("[FunctionalDependency:(s: {brewery_id}, t: {state})]", 0.0), operator: *, right: (1.0, 1.0), result: 0.0}
列 'p' 不存在，对列 state 不过滤，直接选择所有非无效值。
Block processing time: 0.00546 seconds
Computing Block 99 out of 663
Processing Block size=2
begin cleaner{left: ("[FunctionalDependency:(s: {brewery_id}, t: {state})]", 0.0), operator: *, right: (1.0, 1.0), result: 0.0}
列 'p' 不存在，对列 state 不过滤，直接选择所有非无效值。
Block processing time: 0.0017 seconds
Computing Block 100 out of 663
Processing Block size=9
begin cleaner{left: ("[FunctionalDependency:(s: {brewery_id}, t: {state})]", 0.0), operator: *, right: (1.0, 1.0), result: 0.0}
列 'p' 不存在，对列 state 不过滤，直接选择所有非无效值。
Block processing time: 0.00701 seconds
Computing Block 101 out of 663
Processing Block size=6
begin cleaner{left: ("[FunctionalDependency:(s: {brewery_id}, t: {state})]", 0.0), operator: *, right: (1.0, 1.0), result: 0.0}
列 'p' 不存在，对列 state 不过滤，直接选择所有非无效值。
Block processing time: 0.004868 seconds
Computing Block 102 out of 663
Processing Block size=3
begin cleaner{left: ("[FunctionalDependency:(s: {brewery_id}, t: {state})]", 0.0), operator: *, right: (1.0, 1.0), result: 0.0}
列 'p' 不存在，对列 state 不过滤，直接选择所有非无效值。
Block processing time: 0.002484 seconds
Computing Block 104 out of 663
Processing Block size=17
begin cleaner{left: ("[FunctionalDependency:(s: {brewery_id}, t: {state})]", 0.0), operator: *, right: (1.0, 1.0), result: 0.0}
列 'p' 不存在，对列 state 不过滤，直接选择所有非无效值。
Block processing time: 0.013028 seconds
Computing Block 105 out of 663
Processing Block size=4
begin cleaner{left: ("[FunctionalDependency:(s: {brewery_id}, t: {state})]", 0.0), operator: *, right: (1.0, 1.0), result: 0.0}
列 'p' 不存在，对列 state 不过滤，直接选择所有非无效值。
Block processing time: 0.003142 seconds
Computing Block 106 out of 663
Processing Block size=2
begin cleaner{left: ("[FunctionalDependency:(s: {brewery_id}, t: {state})]", 0.0), operator: *, right: (1.0, 1.0), result: 0.0}
列 'p' 不存在，对列 state 不过滤，直接选择所有非无效值。
Block processing time: 0.001679 seconds
Computing Block 108 out of 663
Processing Block size=3
begin cleaner{left: ("[FunctionalDependency:(s: {brewery_id}, t: {state})]", 0.0), operator: *, right: (1.0, 1.0), result: 0.0}
列 'p' 不存在，对列 state 不过滤，直接选择所有非无效值。
Block processing time: 0.002604 seconds
Computing Block 110 out of 663
Processing Block size=3
begin cleaner{left: ("[FunctionalDependency:(s: {brewery_id}, t: {state})]", 0.0), operator: *, right: (1.0, 1.0), result: 0.0}
列 'p' 不存在，对列 state 不过滤，直接选择所有非无效值。
Block processing time: 0.002422 seconds
Computing Block 112 out of 663
Processing Block size=2
begin cleaner{left: ("[FunctionalDependency:(s: {brewery_id}, t: {state})]", 0.0), operator: *, right: (1.0, 1.0), result: 0.0}
列 'p' 不存在，对列 state 不过滤，直接选择所有非无效值。
Block processing time: 0.001681 seconds
Computing Block 113 out of 663
Processing Block size=4
begin cleaner{left: ("[FunctionalDependency:(s: {brewery_id}, t: {state})]", 0.0), operator: *, right: (1.0, 1.0), result: 0.0}
列 'p' 不存在，对列 state 不过滤，直接选择所有非无效值。
Block processing time: 0.003317 seconds
Computing Block 114 out of 663
Processing Block size=5
begin cleaner{left: ("[FunctionalDependency:(s: {brewery_id}, t: {state})]", 0.0), operator: *, right: (1.0, 1.0), result: 0.0}
列 'p' 不存在，对列 state 不过滤，直接选择所有非无效值。
Block processing time: 0.003874 seconds
Computing Block 115 out of 663
Processing Block size=2
begin cleaner{left: ("[FunctionalDependency:(s: {brewery_id}, t: {state})]", 0.0), operator: *, right: (1.0, 1.0), result: 0.0}
列 'p' 不存在，对列 state 不过滤，直接选择所有非无效值。
Block processing time: 0.001632 seconds
Computing Block 116 out of 663
Processing Block size=4
begin cleaner{left: ("[FunctionalDependency:(s: {brewery_id}, t: {state})]", 0.0), operator: *, right: (1.0, 1.0), result: 0.0}
列 'p' 不存在，对列 state 不过滤，直接选择所有非无效值。
Block processing time: 0.002965 seconds
Computing Block 117 out of 663
Processing Block size=6
begin cleaner{left: ("[FunctionalDependency:(s: {brewery_id}, t: {state})]", 0.0), operator: *, right: (1.0, 1.0), result: 0.0}
列 'p' 不存在，对列 state 不过滤，直接选择所有非无效值。
Block processing time: 0.004291 seconds
Computing Block 118 out of 663
Processing Block size=4
begin cleaner{left: ("[FunctionalDependency:(s: {brewery_id}, t: {state})]", 0.0), operator: *, right: (1.0, 1.0), result: 0.0}
列 'p' 不存在，对列 state 不过滤，直接选择所有非无效值。
Block processing time: 0.002895 seconds
Computing Block 119 out of 663
Processing Block size=6
begin cleaner{left: ("[FunctionalDependency:(s: {brewery_id}, t: {state})]", 0.0), operator: *, right: (1.0, 1.0), result: 0.0}
列 'p' 不存在，对列 state 不过滤，直接选择所有非无效值。
Block processing time: 0.004298 seconds
Computing Block 120 out of 663
Processing Block size=2
begin cleaner{left: ("[FunctionalDependency:(s: {brewery_id}, t: {state})]", 0.0), operator: *, right: (1.0, 1.0), result: 0.0}
列 'p' 不存在，对列 state 不过滤，直接选择所有非无效值。
Block processing time: 0.001506 seconds
Computing Block 121 out of 663
Processing Block size=6
begin cleaner{left: ("[FunctionalDependency:(s: {brewery_id}, t: {state})]", 0.0), operator: *, right: (1.0, 1.0), result: 0.0}
列 'p' 不存在，对列 state 不过滤，直接选择所有非无效值。
Block processing time: 0.004328 seconds
Computing Block 122 out of 663
Processing Block size=4
begin cleaner{left: ("[FunctionalDependency:(s: {brewery_id}, t: {state})]", 0.0), operator: *, right: (1.0, 1.0), result: 0.0}
列 'p' 不存在，对列 state 不过滤，直接选择所有非无效值。
Block processing time: 0.002894 seconds
Computing Block 123 out of 663
Processing Block size=9
begin cleaner{left: ("[FunctionalDependency:(s: {brewery_id}, t: {state})]", 0.0), operator: *, right: (1.0, 1.0), result: 0.0}
列 'p' 不存在，对列 state 不过滤，直接选择所有非无效值。
Block processing time: 0.006338 seconds
Computing Block 124 out of 663
Processing Block size=3
begin cleaner{left: ("[FunctionalDependency:(s: {brewery_id}, t: {state})]", 0.0), operator: *, right: (1.0, 1.0), result: 0.0}
列 'p' 不存在，对列 state 不过滤，直接选择所有非无效值。
Block processing time: 0.002232 seconds
Computing Block 125 out of 663
Processing Block size=2
begin cleaner{left: ("[FunctionalDependency:(s: {brewery_id}, t: {state})]", 0.0), operator: *, right: (1.0, 1.0), result: 0.0}
列 'p' 不存在，对列 state 不过滤，直接选择所有非无效值。
Block processing time: 0.001502 seconds
Computing Block 126 out of 663
Processing Block size=3
begin cleaner{left: ("[FunctionalDependency:(s: {brewery_id}, t: {state})]", 0.0), operator: *, right: (1.0, 1.0), result: 0.0}
列 'p' 不存在，对列 state 不过滤，直接选择所有非无效值。
Block processing time: 0.002204 seconds
Computing Block 130 out of 663
Processing Block size=3
begin cleaner{left: ("[FunctionalDependency:(s: {brewery_id}, t: {state})]", 0.0), operator: *, right: (1.0, 1.0), result: 0.0}
列 'p' 不存在，对列 state 不过滤，直接选择所有非无效值。
Block processing time: 0.002201 seconds
Computing Block 131 out of 663
Processing Block size=5
begin cleaner{left: ("[FunctionalDependency:(s: {brewery_id}, t: {state})]", 0.0), operator: *, right: (1.0, 1.0), result: 0.0}
列 'p' 不存在，对列 state 不过滤，直接选择所有非无效值。
Block processing time: 0.003652 seconds
Computing Block 132 out of 663
Processing Block size=7
begin cleaner{left: ("[FunctionalDependency:(s: {brewery_id}, t: {state})]", 0.0), operator: *, right: (1.0, 1.0), result: 0.0}
列 'p' 不存在，对列 state 不过滤，直接选择所有非无效值。
Block processing time: 0.004952 seconds
Computing Block 133 out of 663
Processing Block size=6
begin cleaner{left: ("[FunctionalDependency:(s: {brewery_id}, t: {state})]", 0.0), operator: *, right: (1.0, 1.0), result: 0.0}
列 'p' 不存在，对列 state 不过滤，直接选择所有非无效值。
Block processing time: 0.004327 seconds
Computing Block 134 out of 663
Processing Block size=5
begin cleaner{left: ("[FunctionalDependency:(s: {brewery_id}, t: {state})]", 0.0), operator: *, right: (1.0, 1.0), result: 0.0}
列 'p' 不存在，对列 state 不过滤，直接选择所有非无效值。
Block processing time: 0.003735 seconds
Computing Block 135 out of 663
Processing Block size=2
begin cleaner{left: ("[FunctionalDependency:(s: {brewery_id}, t: {state})]", 0.0), operator: *, right: (1.0, 1.0), result: 0.0}
列 'p' 不存在，对列 state 不过滤，直接选择所有非无效值。
Block processing time: 0.001491 seconds
Computing Block 136 out of 663
Processing Block size=4
begin cleaner{left: ("[FunctionalDependency:(s: {brewery_id}, t: {state})]", 0.0), operator: *, right: (1.0, 1.0), result: 0.0}
列 'p' 不存在，对列 state 不过滤，直接选择所有非无效值。
Block processing time: 0.002872 seconds
Computing Block 137 out of 663
Processing Block size=11
begin cleaner{left: ("[FunctionalDependency:(s: {brewery_id}, t: {state})]", 0.0), operator: *, right: (1.0, 1.0), result: 0.0}
列 'p' 不存在，对列 state 不过滤，直接选择所有非无效值。
Block processing time: 0.007814 seconds
Computing Block 139 out of 663
Processing Block size=6
begin cleaner{left: ("[FunctionalDependency:(s: {brewery_id}, t: {state})]", 0.0), operator: *, right: (1.0, 1.0), result: 0.0}
列 'p' 不存在，对列 state 不过滤，直接选择所有非无效值。
Block processing time: 0.004351 seconds
Computing Block 140 out of 663
Processing Block size=2
begin cleaner{left: ("[FunctionalDependency:(s: {brewery_id}, t: {state})]", 0.0), operator: *, right: (1.0, 1.0), result: 0.0}
列 'p' 不存在，对列 state 不过滤，直接选择所有非无效值。
Block processing time: 0.001535 seconds
Computing Block 141 out of 663
Processing Block size=2
begin cleaner{left: ("[FunctionalDependency:(s: {brewery_id}, t: {state})]", 0.0), operator: *, right: (1.0, 1.0), result: 0.0}
列 'p' 不存在，对列 state 不过滤，直接选择所有非无效值。
Block processing time: 0.001488 seconds
Computing Block 143 out of 663
Processing Block size=2
begin cleaner{left: ("[FunctionalDependency:(s: {brewery_id}, t: {state})]", 0.0), operator: *, right: (1.0, 1.0), result: 0.0}
列 'p' 不存在，对列 state 不过滤，直接选择所有非无效值。
Block processing time: 0.001542 seconds
Computing Block 146 out of 663
Processing Block size=5
begin cleaner{left: ("[FunctionalDependency:(s: {brewery_id}, t: {state})]", 0.0), operator: *, right: (1.0, 1.0), result: 0.0}
列 'p' 不存在，对列 state 不过滤，直接选择所有非无效值。
Block processing time: 0.003601 seconds
Computing Block 149 out of 663
Processing Block size=6
begin cleaner{left: ("[FunctionalDependency:(s: {brewery_id}, t: {state})]", 0.0), operator: *, right: (1.0, 1.0), result: 0.0}
列 'p' 不存在，对列 state 不过滤，直接选择所有非无效值。
Block processing time: 0.004274 seconds
Computing Block 150 out of 663
Processing Block size=3
begin cleaner{left: ("[FunctionalDependency:(s: {brewery_id}, t: {state})]", 0.0), operator: *, right: (1.0, 1.0), result: 0.0}
列 'p' 不存在，对列 state 不过滤，直接选择所有非无效值。
Block processing time: 0.002258 seconds
Computing Block 151 out of 663
Processing Block size=6
begin cleaner{left: ("[FunctionalDependency:(s: {brewery_id}, t: {state})]", 0.0), operator: *, right: (1.0, 1.0), result: 0.0}
列 'p' 不存在，对列 state 不过滤，直接选择所有非无效值。
Block processing time: 0.004298 seconds
Computing Block 152 out of 663
Processing Block size=8
begin cleaner{left: ("[FunctionalDependency:(s: {brewery_id}, t: {state})]", 0.0), operator: *, right: (1.0, 1.0), result: 0.0}
列 'p' 不存在，对列 state 不过滤，直接选择所有非无效值。
Block processing time: 0.005744 seconds
Computing Block 154 out of 663
Processing Block size=4
begin cleaner{left: ("[FunctionalDependency:(s: {brewery_id}, t: {state})]", 0.0), operator: *, right: (1.0, 1.0), result: 0.0}
列 'p' 不存在，对列 state 不过滤，直接选择所有非无效值。
Block processing time: 0.00289 seconds
Computing Block 155 out of 663
Processing Block size=5
begin cleaner{left: ("[FunctionalDependency:(s: {brewery_id}, t: {state})]", 0.0), operator: *, right: (1.0, 1.0), result: 0.0}
列 'p' 不存在，对列 state 不过滤，直接选择所有非无效值。
Block processing time: 0.003639 seconds
Computing Block 156 out of 663
Processing Block size=2
begin cleaner{left: ("[FunctionalDependency:(s: {brewery_id}, t: {state})]", 0.0), operator: *, right: (1.0, 1.0), result: 0.0}
列 'p' 不存在，对列 state 不过滤，直接选择所有非无效值。
Block processing time: 0.001517 seconds
Computing Block 157 out of 663
Processing Block size=3
begin cleaner{left: ("[FunctionalDependency:(s: {brewery_id}, t: {state})]", 0.0), operator: *, right: (1.0, 1.0), result: 0.0}
列 'p' 不存在，对列 state 不过滤，直接选择所有非无效值。
Block processing time: 0.002205 seconds
Computing Block 159 out of 663
Processing Block size=2
begin cleaner{left: ("[FunctionalDependency:(s: {brewery_id}, t: {state})]", 0.0), operator: *, right: (1.0, 1.0), result: 0.0}
列 'p' 不存在，对列 state 不过滤，直接选择所有非无效值。
Block processing time: 0.001574 seconds
Computing Block 162 out of 663
Processing Block size=7
begin cleaner{left: ("[FunctionalDependency:(s: {brewery_id}, t: {state})]", 0.0), operator: *, right: (1.0, 1.0), result: 0.0}
列 'p' 不存在，对列 state 不过滤，直接选择所有非无效值。
Block processing time: 0.004986 seconds
Computing Block 163 out of 663
Processing Block size=11
begin cleaner{left: ("[FunctionalDependency:(s: {brewery_id}, t: {state})]", 0.0), operator: *, right: (1.0, 1.0), result: 0.0}
列 'p' 不存在，对列 state 不过滤，直接选择所有非无效值。
Block processing time: 0.007835 seconds
Computing Block 164 out of 663
Processing Block size=8
begin cleaner{left: ("[FunctionalDependency:(s: {brewery_id}, t: {state})]", 0.0), operator: *, right: (1.0, 1.0), result: 0.0}
列 'p' 不存在，对列 state 不过滤，直接选择所有非无效值。
Block processing time: 0.005676 seconds
Computing Block 167 out of 663
Processing Block size=5
begin cleaner{left: ("[FunctionalDependency:(s: {brewery_id}, t: {state})]", 0.0), operator: *, right: (1.0, 1.0), result: 0.0}
列 'p' 不存在，对列 state 不过滤，直接选择所有非无效值。
Block processing time: 0.003658 seconds
Computing Block 168 out of 663
Processing Block size=4
begin cleaner{left: ("[FunctionalDependency:(s: {brewery_id}, t: {state})]", 0.0), operator: *, right: (1.0, 1.0), result: 0.0}
列 'p' 不存在，对列 state 不过滤，直接选择所有非无效值。
Block processing time: 0.002881 seconds
Computing Block 169 out of 663
Processing Block size=12
begin cleaner{left: ("[FunctionalDependency:(s: {brewery_id}, t: {state})]", 0.0), operator: *, right: (1.0, 1.0), result: 0.0}
列 'p' 不存在，对列 state 不过滤，直接选择所有非无效值。
Block processing time: 0.008462 seconds
Computing Block 170 out of 663
Processing Block size=3
begin cleaner{left: ("[FunctionalDependency:(s: {brewery_id}, t: {state})]", 0.0), operator: *, right: (1.0, 1.0), result: 0.0}
列 'p' 不存在，对列 state 不过滤，直接选择所有非无效值。
Block processing time: 0.00223 seconds
Computing Block 171 out of 663
Processing Block size=3
begin cleaner{left: ("[FunctionalDependency:(s: {brewery_id}, t: {state})]", 0.0), operator: *, right: (1.0, 1.0), result: 0.0}
列 'p' 不存在，对列 state 不过滤，直接选择所有非无效值。
Block processing time: 0.002195 seconds
Computing Block 172 out of 663
Processing Block size=2
begin cleaner{left: ("[FunctionalDependency:(s: {brewery_id}, t: {state})]", 0.0), operator: *, right: (1.0, 1.0), result: 0.0}
列 'p' 不存在，对列 state 不过滤，直接选择所有非无效值。
Block processing time: 0.001511 seconds
Computing Block 174 out of 663
Processing Block size=2
begin cleaner{left: ("[FunctionalDependency:(s: {brewery_id}, t: {state})]", 0.0), operator: *, right: (1.0, 1.0), result: 0.0}
列 'p' 不存在，对列 state 不过滤，直接选择所有非无效值。
Block processing time: 0.001543 seconds
Computing Block 175 out of 663
Processing Block size=5
begin cleaner{left: ("[FunctionalDependency:(s: {brewery_id}, t: {state})]", 0.0), operator: *, right: (1.0, 1.0), result: 0.0}
列 'p' 不存在，对列 state 不过滤，直接选择所有非无效值。
Block processing time: 0.003657 seconds
Computing Block 176 out of 663
Processing Block size=2
begin cleaner{left: ("[FunctionalDependency:(s: {brewery_id}, t: {state})]", 0.0), operator: *, right: (1.0, 1.0), result: 0.0}
列 'p' 不存在，对列 state 不过滤，直接选择所有非无效值。
Block processing time: 0.001997 seconds
Computing Block 182 out of 663
Processing Block size=5
begin cleaner{left: ("[FunctionalDependency:(s: {brewery_id}, t: {state})]", 0.0), operator: *, right: (1.0, 1.0), result: 0.0}
列 'p' 不存在，对列 state 不过滤，直接选择所有非无效值。
Block processing time: 0.003635 seconds
Computing Block 186 out of 663
Processing Block size=4
begin cleaner{left: ("[FunctionalDependency:(s: {brewery_id}, t: {state})]", 0.0), operator: *, right: (1.0, 1.0), result: 0.0}
列 'p' 不存在，对列 state 不过滤，直接选择所有非无效值。
Block processing time: 0.002909 seconds
Computing Block 187 out of 663
Processing Block size=2
begin cleaner{left: ("[FunctionalDependency:(s: {brewery_id}, t: {state})]", 0.0), operator: *, right: (1.0, 1.0), result: 0.0}
列 'p' 不存在，对列 state 不过滤，直接选择所有非无效值。
Block processing time: 0.001489 seconds
Computing Block 188 out of 663
Processing Block size=6
begin cleaner{left: ("[FunctionalDependency:(s: {brewery_id}, t: {state})]", 0.0), operator: *, right: (1.0, 1.0), result: 0.0}
列 'p' 不存在，对列 state 不过滤，直接选择所有非无效值。
Block processing time: 0.004347 seconds
Computing Block 189 out of 663
Processing Block size=3
begin cleaner{left: ("[FunctionalDependency:(s: {brewery_id}, t: {state})]", 0.0), operator: *, right: (1.0, 1.0), result: 0.0}
列 'p' 不存在，对列 state 不过滤，直接选择所有非无效值。
Block processing time: 0.00219 seconds
Computing Block 190 out of 663
Processing Block size=6
begin cleaner{left: ("[FunctionalDependency:(s: {brewery_id}, t: {state})]", 0.0), operator: *, right: (1.0, 1.0), result: 0.0}
列 'p' 不存在，对列 state 不过滤，直接选择所有非无效值。
Block processing time: 0.00431 seconds
Computing Block 192 out of 663
Processing Block size=7
begin cleaner{left: ("[FunctionalDependency:(s: {brewery_id}, t: {state})]", 0.0), operator: *, right: (1.0, 1.0), result: 0.0}
列 'p' 不存在，对列 state 不过滤，直接选择所有非无效值。
Block processing time: 0.005059 seconds
Computing Block 193 out of 663
Processing Block size=2
begin cleaner{left: ("[FunctionalDependency:(s: {brewery_id}, t: {state})]", 0.0), operator: *, right: (1.0, 1.0), result: 0.0}
列 'p' 不存在，对列 state 不过滤，直接选择所有非无效值。
Block processing time: 0.001505 seconds
Computing Block 194 out of 663
Processing Block size=7
begin cleaner{left: ("[FunctionalDependency:(s: {brewery_id}, t: {state})]", 0.0), operator: *, right: (1.0, 1.0), result: 0.0}
列 'p' 不存在，对列 state 不过滤，直接选择所有非无效值。
Block processing time: 0.00506 seconds
Computing Block 195 out of 663
Processing Block size=17
begin cleaner{left: ("[FunctionalDependency:(s: {brewery_id}, t: {state})]", 0.0), operator: *, right: (1.0, 1.0), result: 0.0}
列 'p' 不存在，对列 state 不过滤，直接选择所有非无效值。
Block processing time: 0.012015 seconds
Computing Block 196 out of 663
Processing Block size=2
begin cleaner{left: ("[FunctionalDependency:(s: {brewery_id}, t: {state})]", 0.0), operator: *, right: (1.0, 1.0), result: 0.0}
列 'p' 不存在，对列 state 不过滤，直接选择所有非无效值。
Block processing time: 0.001537 seconds
Computing Block 197 out of 663
Processing Block size=6
begin cleaner{left: ("[FunctionalDependency:(s: {brewery_id}, t: {state})]", 0.0), operator: *, right: (1.0, 1.0), result: 0.0}
列 'p' 不存在，对列 state 不过滤，直接选择所有非无效值。
Block processing time: 0.004279 seconds
Computing Block 200 out of 663
Processing Block size=4
begin cleaner{left: ("[FunctionalDependency:(s: {brewery_id}, t: {state})]", 0.0), operator: *, right: (1.0, 1.0), result: 0.0}
列 'p' 不存在，对列 state 不过滤，直接选择所有非无效值。
Block processing time: 0.002892 seconds
Computing Block 201 out of 663
Processing Block size=3
begin cleaner{left: ("[FunctionalDependency:(s: {brewery_id}, t: {state})]", 0.0), operator: *, right: (1.0, 1.0), result: 0.0}
列 'p' 不存在，对列 state 不过滤，直接选择所有非无效值。
Block processing time: 0.002243 seconds
Computing Block 202 out of 663
Processing Block size=2
begin cleaner{left: ("[FunctionalDependency:(s: {brewery_id}, t: {state})]", 0.0), operator: *, right: (1.0, 1.0), result: 0.0}
列 'p' 不存在，对列 state 不过滤，直接选择所有非无效值。
Block processing time: 0.00152 seconds
Computing Block 203 out of 663
Processing Block size=3
begin cleaner{left: ("[FunctionalDependency:(s: {brewery_id}, t: {state})]", 0.0), operator: *, right: (1.0, 1.0), result: 0.0}
列 'p' 不存在，对列 state 不过滤，直接选择所有非无效值。
Block processing time: 0.002429 seconds
Computing Block 204 out of 663
Processing Block size=3
begin cleaner{left: ("[FunctionalDependency:(s: {brewery_id}, t: {state})]", 0.0), operator: *, right: (1.0, 1.0), result: 0.0}
列 'p' 不存在，对列 state 不过滤，直接选择所有非无效值。
Block processing time: 0.002382 seconds
Computing Block 207 out of 663
Processing Block size=12
begin cleaner{left: ("[FunctionalDependency:(s: {brewery_id}, t: {state})]", 0.0), operator: *, right: (1.0, 1.0), result: 0.0}
列 'p' 不存在，对列 state 不过滤，直接选择所有非无效值。
Block processing time: 0.009068 seconds
Computing Block 208 out of 663
Processing Block size=10
begin cleaner{left: ("[FunctionalDependency:(s: {brewery_id}, t: {state})]", 0.0), operator: *, right: (1.0, 1.0), result: 0.0}
列 'p' 不存在，对列 state 不过滤，直接选择所有非无效值。
Block processing time: 0.007268 seconds
Computing Block 213 out of 663
Processing Block size=3
begin cleaner{left: ("[FunctionalDependency:(s: {brewery_id}, t: {state})]", 0.0), operator: *, right: (1.0, 1.0), result: 0.0}
列 'p' 不存在，对列 state 不过滤，直接选择所有非无效值。
Block processing time: 0.002554 seconds
Computing Block 214 out of 663
Processing Block size=6
begin cleaner{left: ("[FunctionalDependency:(s: {brewery_id}, t: {state})]", 0.0), operator: *, right: (1.0, 1.0), result: 0.0}
列 'p' 不存在，对列 state 不过滤，直接选择所有非无效值。
Block processing time: 0.004697 seconds
Computing Block 220 out of 663
Processing Block size=5
begin cleaner{left: ("[FunctionalDependency:(s: {brewery_id}, t: {state})]", 0.0), operator: *, right: (1.0, 1.0), result: 0.0}
列 'p' 不存在，对列 state 不过滤，直接选择所有非无效值。
Block processing time: 0.003744 seconds
Computing Block 221 out of 663
Processing Block size=2
begin cleaner{left: ("[FunctionalDependency:(s: {brewery_id}, t: {state})]", 0.0), operator: *, right: (1.0, 1.0), result: 0.0}
列 'p' 不存在，对列 state 不过滤，直接选择所有非无效值。
Block processing time: 0.001501 seconds
Computing Block 222 out of 663
Processing Block size=22
begin cleaner{left: ("[FunctionalDependency:(s: {brewery_id}, t: {state})]", 0.0), operator: *, right: (1.0, 1.0), result: 0.0}
列 'p' 不存在，对列 state 不过滤，直接选择所有非无效值。
Block processing time: 0.01586 seconds
Computing Block 225 out of 663
Processing Block size=13
begin cleaner{left: ("[FunctionalDependency:(s: {brewery_id}, t: {state})]", 0.0), operator: *, right: (1.0, 1.0), result: 0.0}
列 'p' 不存在，对列 state 不过滤，直接选择所有非无效值。
Block processing time: 0.009441 seconds
Computing Block 226 out of 663
Processing Block size=2
begin cleaner{left: ("[FunctionalDependency:(s: {brewery_id}, t: {state})]", 0.0), operator: *, right: (1.0, 1.0), result: 0.0}
列 'p' 不存在，对列 state 不过滤，直接选择所有非无效值。
Block processing time: 0.001542 seconds
Computing Block 227 out of 663
Processing Block size=5
begin cleaner{left: ("[FunctionalDependency:(s: {brewery_id}, t: {state})]", 0.0), operator: *, right: (1.0, 1.0), result: 0.0}
列 'p' 不存在，对列 state 不过滤，直接选择所有非无效值。
Block processing time: 0.003676 seconds
Computing Block 228 out of 663
Processing Block size=5
begin cleaner{left: ("[FunctionalDependency:(s: {brewery_id}, t: {state})]", 0.0), operator: *, right: (1.0, 1.0), result: 0.0}
列 'p' 不存在，对列 state 不过滤，直接选择所有非无效值。
Block processing time: 0.00376 seconds
Computing Block 232 out of 663
Processing Block size=2
begin cleaner{left: ("[FunctionalDependency:(s: {brewery_id}, t: {state})]", 0.0), operator: *, right: (1.0, 1.0), result: 0.0}
列 'p' 不存在，对列 state 不过滤，直接选择所有非无效值。
Block processing time: 0.001526 seconds
Computing Block 234 out of 663
Processing Block size=5
begin cleaner{left: ("[FunctionalDependency:(s: {brewery_id}, t: {state})]", 0.0), operator: *, right: (1.0, 1.0), result: 0.0}
列 'p' 不存在，对列 state 不过滤，直接选择所有非无效值。
Block processing time: 0.003592 seconds
Computing Block 236 out of 663
Processing Block size=11
begin cleaner{left: ("[FunctionalDependency:(s: {brewery_id}, t: {state})]", 0.0), operator: *, right: (1.0, 1.0), result: 0.0}
列 'p' 不存在，对列 state 不过滤，直接选择所有非无效值。
Block processing time: 0.007853 seconds
Computing Block 238 out of 663
Processing Block size=5
begin cleaner{left: ("[FunctionalDependency:(s: {brewery_id}, t: {state})]", 0.0), operator: *, right: (1.0, 1.0), result: 0.0}
列 'p' 不存在，对列 state 不过滤，直接选择所有非无效值。
Block processing time: 0.003673 seconds
Computing Block 240 out of 663
Processing Block size=3
begin cleaner{left: ("[FunctionalDependency:(s: {brewery_id}, t: {state})]", 0.0), operator: *, right: (1.0, 1.0), result: 0.0}
列 'p' 不存在，对列 state 不过滤，直接选择所有非无效值。
Block processing time: 0.002205 seconds
Computing Block 241 out of 663
Processing Block size=3
begin cleaner{left: ("[FunctionalDependency:(s: {brewery_id}, t: {state})]", 0.0), operator: *, right: (1.0, 1.0), result: 0.0}
列 'p' 不存在，对列 state 不过滤，直接选择所有非无效值。
Block processing time: 0.002188 seconds
Computing Block 242 out of 663
Processing Block size=6
begin cleaner{left: ("[FunctionalDependency:(s: {brewery_id}, t: {state})]", 0.0), operator: *, right: (1.0, 1.0), result: 0.0}
列 'p' 不存在，对列 state 不过滤，直接选择所有非无效值。
Block processing time: 0.004293 seconds
Computing Block 244 out of 663
Processing Block size=4
begin cleaner{left: ("[FunctionalDependency:(s: {brewery_id}, t: {state})]", 0.0), operator: *, right: (1.0, 1.0), result: 0.0}
列 'p' 不存在，对列 state 不过滤，直接选择所有非无效值。
Block processing time: 0.002911 seconds
Computing Block 249 out of 663
Processing Block size=2
begin cleaner{left: ("[FunctionalDependency:(s: {brewery_id}, t: {state})]", 0.0), operator: *, right: (1.0, 1.0), result: 0.0}
列 'p' 不存在，对列 state 不过滤，直接选择所有非无效值。
Block processing time: 0.00154 seconds
Computing Block 250 out of 663
Processing Block size=3
begin cleaner{left: ("[FunctionalDependency:(s: {brewery_id}, t: {state})]", 0.0), operator: *, right: (1.0, 1.0), result: 0.0}
列 'p' 不存在，对列 state 不过滤，直接选择所有非无效值。
Block processing time: 0.002285 seconds
Computing Block 254 out of 663
Processing Block size=3
begin cleaner{left: ("[FunctionalDependency:(s: {brewery_id}, t: {state})]", 0.0), operator: *, right: (1.0, 1.0), result: 0.0}
列 'p' 不存在，对列 state 不过滤，直接选择所有非无效值。
Block processing time: 0.002236 seconds
Computing Block 255 out of 663
Processing Block size=3
begin cleaner{left: ("[FunctionalDependency:(s: {brewery_id}, t: {state})]", 0.0), operator: *, right: (1.0, 1.0), result: 0.0}
列 'p' 不存在，对列 state 不过滤，直接选择所有非无效值。
Block processing time: 0.002196 seconds
Computing Block 257 out of 663
Processing Block size=9
begin cleaner{left: ("[FunctionalDependency:(s: {brewery_id}, t: {state})]", 0.0), operator: *, right: (1.0, 1.0), result: 0.0}
列 'p' 不存在，对列 state 不过滤，直接选择所有非无效值。
Block processing time: 0.006557 seconds
Computing Block 259 out of 663
Processing Block size=6
begin cleaner{left: ("[FunctionalDependency:(s: {brewery_id}, t: {state})]", 0.0), operator: *, right: (1.0, 1.0), result: 0.0}
列 'p' 不存在，对列 state 不过滤，直接选择所有非无效值。
Block processing time: 0.004394 seconds
Computing Block 261 out of 663
Processing Block size=2
begin cleaner{left: ("[FunctionalDependency:(s: {brewery_id}, t: {state})]", 0.0), operator: *, right: (1.0, 1.0), result: 0.0}
列 'p' 不存在，对列 state 不过滤，直接选择所有非无效值。
Block processing time: 0.001626 seconds
Computing Block 264 out of 663
Processing Block size=4
begin cleaner{left: ("[FunctionalDependency:(s: {brewery_id}, t: {state})]", 0.0), operator: *, right: (1.0, 1.0), result: 0.0}
列 'p' 不存在，对列 state 不过滤，直接选择所有非无效值。
Block processing time: 0.003288 seconds
Computing Block 265 out of 663
Processing Block size=7
begin cleaner{left: ("[FunctionalDependency:(s: {brewery_id}, t: {state})]", 0.0), operator: *, right: (1.0, 1.0), result: 0.0}
列 'p' 不存在，对列 state 不过滤，直接选择所有非无效值。
Block processing time: 0.005052 seconds
Computing Block 266 out of 663
Processing Block size=9
begin cleaner{left: ("[FunctionalDependency:(s: {brewery_id}, t: {state})]", 0.0), operator: *, right: (1.0, 1.0), result: 0.0}
列 'p' 不存在，对列 state 不过滤，直接选择所有非无效值。
Block processing time: 0.006842 seconds
Computing Block 268 out of 663
Processing Block size=2
begin cleaner{left: ("[FunctionalDependency:(s: {brewery_id}, t: {state})]", 0.0), operator: *, right: (1.0, 1.0), result: 0.0}
列 'p' 不存在，对列 state 不过滤，直接选择所有非无效值。
Block processing time: 0.001589 seconds
Computing Block 270 out of 663
Processing Block size=2
begin cleaner{left: ("[FunctionalDependency:(s: {brewery_id}, t: {state})]", 0.0), operator: *, right: (1.0, 1.0), result: 0.0}
列 'p' 不存在，对列 state 不过滤，直接选择所有非无效值。
Block processing time: 0.001606 seconds
Computing Block 271 out of 663
Processing Block size=11
begin cleaner{left: ("[FunctionalDependency:(s: {brewery_id}, t: {state})]", 0.0), operator: *, right: (1.0, 1.0), result: 0.0}
列 'p' 不存在，对列 state 不过滤，直接选择所有非无效值。
Block processing time: 0.007863 seconds
Computing Block 272 out of 663
Processing Block size=3
begin cleaner{left: ("[FunctionalDependency:(s: {brewery_id}, t: {state})]", 0.0), operator: *, right: (1.0, 1.0), result: 0.0}
列 'p' 不存在，对列 state 不过滤，直接选择所有非无效值。
Block processing time: 0.002261 seconds
Computing Block 274 out of 663
Processing Block size=13
begin cleaner{left: ("[FunctionalDependency:(s: {brewery_id}, t: {state})]", 0.0), operator: *, right: (1.0, 1.0), result: 0.0}
列 'p' 不存在，对列 state 不过滤，直接选择所有非无效值。
Block processing time: 0.010086 seconds
Computing Block 275 out of 663
Processing Block size=4
begin cleaner{left: ("[FunctionalDependency:(s: {brewery_id}, t: {state})]", 0.0), operator: *, right: (1.0, 1.0), result: 0.0}
列 'p' 不存在，对列 state 不过滤，直接选择所有非无效值。
Block processing time: 0.003059 seconds
Computing Block 277 out of 663
Processing Block size=2
begin cleaner{left: ("[FunctionalDependency:(s: {brewery_id}, t: {state})]", 0.0), operator: *, right: (1.0, 1.0), result: 0.0}
列 'p' 不存在，对列 state 不过滤，直接选择所有非无效值。
Block processing time: 0.001601 seconds
Computing Block 278 out of 663
Processing Block size=6
begin cleaner{left: ("[FunctionalDependency:(s: {brewery_id}, t: {state})]", 0.0), operator: *, right: (1.0, 1.0), result: 0.0}
列 'p' 不存在，对列 state 不过滤，直接选择所有非无效值。
Block processing time: 0.004458 seconds
Computing Block 281 out of 663
Processing Block size=2
begin cleaner{left: ("[FunctionalDependency:(s: {brewery_id}, t: {state})]", 0.0), operator: *, right: (1.0, 1.0), result: 0.0}
列 'p' 不存在，对列 state 不过滤，直接选择所有非无效值。
Block processing time: 0.001561 seconds
Computing Block 282 out of 663
Processing Block size=2
begin cleaner{left: ("[FunctionalDependency:(s: {brewery_id}, t: {state})]", 0.0), operator: *, right: (1.0, 1.0), result: 0.0}
列 'p' 不存在，对列 state 不过滤，直接选择所有非无效值。
Block processing time: 0.001557 seconds
Computing Block 283 out of 663
Processing Block size=10
begin cleaner{left: ("[FunctionalDependency:(s: {brewery_id}, t: {state})]", 0.0), operator: *, right: (1.0, 1.0), result: 0.0}
列 'p' 不存在，对列 state 不过滤，直接选择所有非无效值。
Block processing time: 0.007075 seconds
Computing Block 285 out of 663
Processing Block size=9
begin cleaner{left: ("[FunctionalDependency:(s: {brewery_id}, t: {state})]", 0.0), operator: *, right: (1.0, 1.0), result: 0.0}
列 'p' 不存在，对列 state 不过滤，直接选择所有非无效值。
Block processing time: 0.006555 seconds
Computing Block 286 out of 663
Processing Block size=3
begin cleaner{left: ("[FunctionalDependency:(s: {brewery_id}, t: {state})]", 0.0), operator: *, right: (1.0, 1.0), result: 0.0}
列 'p' 不存在，对列 state 不过滤，直接选择所有非无效值。
Block processing time: 0.002242 seconds
Computing Block 287 out of 663
Processing Block size=3
begin cleaner{left: ("[FunctionalDependency:(s: {brewery_id}, t: {state})]", 0.0), operator: *, right: (1.0, 1.0), result: 0.0}
列 'p' 不存在，对列 state 不过滤，直接选择所有非无效值。
Block processing time: 0.002221 seconds
Computing Block 288 out of 663
Processing Block size=2
begin cleaner{left: ("[FunctionalDependency:(s: {brewery_id}, t: {state})]", 0.0), operator: *, right: (1.0, 1.0), result: 0.0}
列 'p' 不存在，对列 state 不过滤，直接选择所有非无效值。
Block processing time: 0.001508 seconds
Computing Block 289 out of 663
Processing Block size=11
begin cleaner{left: ("[FunctionalDependency:(s: {brewery_id}, t: {state})]", 0.0), operator: *, right: (1.0, 1.0), result: 0.0}
列 'p' 不存在，对列 state 不过滤，直接选择所有非无效值。
Block processing time: 0.007889 seconds
Computing Block 290 out of 663
Processing Block size=2
begin cleaner{left: ("[FunctionalDependency:(s: {brewery_id}, t: {state})]", 0.0), operator: *, right: (1.0, 1.0), result: 0.0}
列 'p' 不存在，对列 state 不过滤，直接选择所有非无效值。
Block processing time: 0.001515 seconds
Computing Block 293 out of 663
Processing Block size=2
begin cleaner{left: ("[FunctionalDependency:(s: {brewery_id}, t: {state})]", 0.0), operator: *, right: (1.0, 1.0), result: 0.0}
列 'p' 不存在，对列 state 不过滤，直接选择所有非无效值。
Block processing time: 0.001568 seconds
Computing Block 294 out of 663
Processing Block size=2
begin cleaner{left: ("[FunctionalDependency:(s: {brewery_id}, t: {state})]", 0.0), operator: *, right: (1.0, 1.0), result: 0.0}
列 'p' 不存在，对列 state 不过滤，直接选择所有非无效值。
Block processing time: 0.001519 seconds
Computing Block 295 out of 663
Processing Block size=4
begin cleaner{left: ("[FunctionalDependency:(s: {brewery_id}, t: {state})]", 0.0), operator: *, right: (1.0, 1.0), result: 0.0}
列 'p' 不存在，对列 state 不过滤，直接选择所有非无效值。
Block processing time: 0.002906 seconds
Computing Block 296 out of 663
Processing Block size=2
begin cleaner{left: ("[FunctionalDependency:(s: {brewery_id}, t: {state})]", 0.0), operator: *, right: (1.0, 1.0), result: 0.0}
列 'p' 不存在，对列 state 不过滤，直接选择所有非无效值。
Block processing time: 0.06101 seconds
Computing Block 297 out of 663
Processing Block size=8
begin cleaner{left: ("[FunctionalDependency:(s: {brewery_id}, t: {state})]", 0.0), operator: *, right: (1.0, 1.0), result: 0.0}
列 'p' 不存在，对列 state 不过滤，直接选择所有非无效值。
Block processing time: 0.006054 seconds
Computing Block 298 out of 663
Processing Block size=3
begin cleaner{left: ("[FunctionalDependency:(s: {brewery_id}, t: {state})]", 0.0), operator: *, right: (1.0, 1.0), result: 0.0}
列 'p' 不存在，对列 state 不过滤，直接选择所有非无效值。
Block processing time: 0.00244 seconds
Computing Block 299 out of 663
Processing Block size=5
begin cleaner{left: ("[FunctionalDependency:(s: {brewery_id}, t: {state})]", 0.0), operator: *, right: (1.0, 1.0), result: 0.0}
列 'p' 不存在，对列 state 不过滤，直接选择所有非无效值。
Block processing time: 0.003925 seconds
Computing Block 300 out of 663
Processing Block size=3
begin cleaner{left: ("[FunctionalDependency:(s: {brewery_id}, t: {state})]", 0.0), operator: *, right: (1.0, 1.0), result: 0.0}
列 'p' 不存在，对列 state 不过滤，直接选择所有非无效值。
Block processing time: 0.002429 seconds
Computing Block 304 out of 663
Processing Block size=4
begin cleaner{left: ("[FunctionalDependency:(s: {brewery_id}, t: {state})]", 0.0), operator: *, right: (1.0, 1.0), result: 0.0}
列 'p' 不存在，对列 state 不过滤，直接选择所有非无效值。
Block processing time: 0.003189 seconds
Computing Block 306 out of 663
Processing Block size=3
begin cleaner{left: ("[FunctionalDependency:(s: {brewery_id}, t: {state})]", 0.0), operator: *, right: (1.0, 1.0), result: 0.0}
列 'p' 不存在，对列 state 不过滤，直接选择所有非无效值。
Block processing time: 0.002404 seconds
Computing Block 307 out of 663
Processing Block size=7
begin cleaner{left: ("[FunctionalDependency:(s: {brewery_id}, t: {state})]", 0.0), operator: *, right: (1.0, 1.0), result: 0.0}
列 'p' 不存在，对列 state 不过滤，直接选择所有非无效值。
Block processing time: 0.005024 seconds
Computing Block 308 out of 663
Processing Block size=4
begin cleaner{left: ("[FunctionalDependency:(s: {brewery_id}, t: {state})]", 0.0), operator: *, right: (1.0, 1.0), result: 0.0}
列 'p' 不存在，对列 state 不过滤，直接选择所有非无效值。
Block processing time: 0.002944 seconds
Computing Block 311 out of 663
Processing Block size=5
begin cleaner{left: ("[FunctionalDependency:(s: {brewery_id}, t: {state})]", 0.0), operator: *, right: (1.0, 1.0), result: 0.0}
列 'p' 不存在，对列 state 不过滤，直接选择所有非无效值。
Block processing time: 0.003616 seconds
Computing Block 313 out of 663
Processing Block size=4
begin cleaner{left: ("[FunctionalDependency:(s: {brewery_id}, t: {state})]", 0.0), operator: *, right: (1.0, 1.0), result: 0.0}
列 'p' 不存在，对列 state 不过滤，直接选择所有非无效值。
Block processing time: 0.002893 seconds
Computing Block 314 out of 663
Processing Block size=2
begin cleaner{left: ("[FunctionalDependency:(s: {brewery_id}, t: {state})]", 0.0), operator: *, right: (1.0, 1.0), result: 0.0}
列 'p' 不存在，对列 state 不过滤，直接选择所有非无效值。
Block processing time: 0.00154 seconds
Computing Block 315 out of 663
Processing Block size=2
begin cleaner{left: ("[FunctionalDependency:(s: {brewery_id}, t: {state})]", 0.0), operator: *, right: (1.0, 1.0), result: 0.0}
列 'p' 不存在，对列 state 不过滤，直接选择所有非无效值。
Block processing time: 0.00151 seconds
Computing Block 316 out of 663
Processing Block size=9
begin cleaner{left: ("[FunctionalDependency:(s: {brewery_id}, t: {state})]", 0.0), operator: *, right: (1.0, 1.0), result: 0.0}
列 'p' 不存在，对列 state 不过滤，直接选择所有非无效值。
Block processing time: 0.006428 seconds
Computing Block 317 out of 663
Processing Block size=2
begin cleaner{left: ("[FunctionalDependency:(s: {brewery_id}, t: {state})]", 0.0), operator: *, right: (1.0, 1.0), result: 0.0}
列 'p' 不存在，对列 state 不过滤，直接选择所有非无效值。
Block processing time: 0.001506 seconds
Computing Block 319 out of 663
Processing Block size=7
begin cleaner{left: ("[FunctionalDependency:(s: {brewery_id}, t: {state})]", 0.0), operator: *, right: (1.0, 1.0), result: 0.0}
列 'p' 不存在，对列 state 不过滤，直接选择所有非无效值。
Block processing time: 0.004973 seconds
Computing Block 320 out of 663
Processing Block size=10
begin cleaner{left: ("[FunctionalDependency:(s: {brewery_id}, t: {state})]", 0.0), operator: *, right: (1.0, 1.0), result: 0.0}
列 'p' 不存在，对列 state 不过滤，直接选择所有非无效值。
Block processing time: 0.007436 seconds
Computing Block 322 out of 663
Processing Block size=2
begin cleaner{left: ("[FunctionalDependency:(s: {brewery_id}, t: {state})]", 0.0), operator: *, right: (1.0, 1.0), result: 0.0}
列 'p' 不存在，对列 state 不过滤，直接选择所有非无效值。
Block processing time: 0.001572 seconds
Computing Block 323 out of 663
Processing Block size=9
begin cleaner{left: ("[FunctionalDependency:(s: {brewery_id}, t: {state})]", 0.0), operator: *, right: (1.0, 1.0), result: 0.0}
列 'p' 不存在，对列 state 不过滤，直接选择所有非无效值。
Block processing time: 0.006677 seconds
Computing Block 325 out of 663
Processing Block size=2
begin cleaner{left: ("[FunctionalDependency:(s: {brewery_id}, t: {state})]", 0.0), operator: *, right: (1.0, 1.0), result: 0.0}
列 'p' 不存在，对列 state 不过滤，直接选择所有非无效值。
Block processing time: 0.001605 seconds
Computing Block 328 out of 663
Processing Block size=7
begin cleaner{left: ("[FunctionalDependency:(s: {brewery_id}, t: {state})]", 0.0), operator: *, right: (1.0, 1.0), result: 0.0}
列 'p' 不存在，对列 state 不过滤，直接选择所有非无效值。
Block processing time: 0.005122 seconds
Computing Block 330 out of 663
Processing Block size=7
begin cleaner{left: ("[FunctionalDependency:(s: {brewery_id}, t: {state})]", 0.0), operator: *, right: (1.0, 1.0), result: 0.0}
列 'p' 不存在，对列 state 不过滤，直接选择所有非无效值。
Block processing time: 0.00517 seconds
Computing Block 331 out of 663
Processing Block size=6
begin cleaner{left: ("[FunctionalDependency:(s: {brewery_id}, t: {state})]", 0.0), operator: *, right: (1.0, 1.0), result: 0.0}
列 'p' 不存在，对列 state 不过滤，直接选择所有非无效值。
Block processing time: 0.004615 seconds
Computing Block 334 out of 663
Processing Block size=23
begin cleaner{left: ("[FunctionalDependency:(s: {brewery_id}, t: {state})]", 0.0), operator: *, right: (1.0, 1.0), result: 0.0}
列 'p' 不存在，对列 state 不过滤，直接选择所有非无效值。
Block processing time: 0.017023 seconds
Computing Block 336 out of 663
Processing Block size=17
begin cleaner{left: ("[FunctionalDependency:(s: {brewery_id}, t: {state})]", 0.0), operator: *, right: (1.0, 1.0), result: 0.0}
列 'p' 不存在，对列 state 不过滤，直接选择所有非无效值。
Block processing time: 0.012799 seconds
Computing Block 337 out of 663
Processing Block size=3
begin cleaner{left: ("[FunctionalDependency:(s: {brewery_id}, t: {state})]", 0.0), operator: *, right: (1.0, 1.0), result: 0.0}
列 'p' 不存在，对列 state 不过滤，直接选择所有非无效值。
Block processing time: 0.002378 seconds
Computing Block 340 out of 663
Processing Block size=3
begin cleaner{left: ("[FunctionalDependency:(s: {brewery_id}, t: {state})]", 0.0), operator: *, right: (1.0, 1.0), result: 0.0}
列 'p' 不存在，对列 state 不过滤，直接选择所有非无效值。
Block processing time: 0.002371 seconds
Computing Block 342 out of 663
Processing Block size=4
begin cleaner{left: ("[FunctionalDependency:(s: {brewery_id}, t: {state})]", 0.0), operator: *, right: (1.0, 1.0), result: 0.0}
列 'p' 不存在，对列 state 不过滤，直接选择所有非无效值。
Block processing time: 0.003185 seconds
Computing Block 344 out of 663
Processing Block size=2
begin cleaner{left: ("[FunctionalDependency:(s: {brewery_id}, t: {state})]", 0.0), operator: *, right: (1.0, 1.0), result: 0.0}
列 'p' 不存在，对列 state 不过滤，直接选择所有非无效值。
Block processing time: 0.001631 seconds
Computing Block 345 out of 663
Processing Block size=2
begin cleaner{left: ("[FunctionalDependency:(s: {brewery_id}, t: {state})]", 0.0), operator: *, right: (1.0, 1.0), result: 0.0}
列 'p' 不存在，对列 state 不过滤，直接选择所有非无效值。
Block processing time: 0.001618 seconds
Computing Block 347 out of 663
Processing Block size=16
begin cleaner{left: ("[FunctionalDependency:(s: {brewery_id}, t: {state})]", 0.0), operator: *, right: (1.0, 1.0), result: 0.0}
列 'p' 不存在，对列 state 不过滤，直接选择所有非无效值。
Block processing time: 0.011963 seconds
Computing Block 348 out of 663
Processing Block size=16
begin cleaner{left: ("[FunctionalDependency:(s: {brewery_id}, t: {state})]", 0.0), operator: *, right: (1.0, 1.0), result: 0.0}
列 'p' 不存在，对列 state 不过滤，直接选择所有非无效值。
Block processing time: 0.012345 seconds
Computing Block 349 out of 663
Processing Block size=2
begin cleaner{left: ("[FunctionalDependency:(s: {brewery_id}, t: {state})]", 0.0), operator: *, right: (1.0, 1.0), result: 0.0}
列 'p' 不存在，对列 state 不过滤，直接选择所有非无效值。
Block processing time: 0.001632 seconds
Computing Block 350 out of 663
Processing Block size=2
begin cleaner{left: ("[FunctionalDependency:(s: {brewery_id}, t: {state})]", 0.0), operator: *, right: (1.0, 1.0), result: 0.0}
列 'p' 不存在，对列 state 不过滤，直接选择所有非无效值。
Block processing time: 0.001656 seconds
Computing Block 355 out of 663
Processing Block size=2
begin cleaner{left: ("[FunctionalDependency:(s: {brewery_id}, t: {state})]", 0.0), operator: *, right: (1.0, 1.0), result: 0.0}
列 'p' 不存在，对列 state 不过滤，直接选择所有非无效值。
Block processing time: 0.001648 seconds
Computing Block 356 out of 663
Processing Block size=4
begin cleaner{left: ("[FunctionalDependency:(s: {brewery_id}, t: {state})]", 0.0), operator: *, right: (1.0, 1.0), result: 0.0}
列 'p' 不存在，对列 state 不过滤，直接选择所有非无效值。
Block processing time: 0.003139 seconds
Computing Block 357 out of 663
Processing Block size=4
begin cleaner{left: ("[FunctionalDependency:(s: {brewery_id}, t: {state})]", 0.0), operator: *, right: (1.0, 1.0), result: 0.0}
列 'p' 不存在，对列 state 不过滤，直接选择所有非无效值。
Block processing time: 0.003135 seconds
Computing Block 358 out of 663
Processing Block size=2
begin cleaner{left: ("[FunctionalDependency:(s: {brewery_id}, t: {state})]", 0.0), operator: *, right: (1.0, 1.0), result: 0.0}
列 'p' 不存在，对列 state 不过滤，直接选择所有非无效值。
Block processing time: 0.001589 seconds
Computing Block 360 out of 663
Processing Block size=3
begin cleaner{left: ("[FunctionalDependency:(s: {brewery_id}, t: {state})]", 0.0), operator: *, right: (1.0, 1.0), result: 0.0}
列 'p' 不存在，对列 state 不过滤，直接选择所有非无效值。
Block processing time: 0.002398 seconds
Computing Block 361 out of 663
Processing Block size=3
begin cleaner{left: ("[FunctionalDependency:(s: {brewery_id}, t: {state})]", 0.0), operator: *, right: (1.0, 1.0), result: 0.0}
列 'p' 不存在，对列 state 不过滤，直接选择所有非无效值。
Block processing time: 0.002368 seconds
Computing Block 362 out of 663
Processing Block size=12
begin cleaner{left: ("[FunctionalDependency:(s: {brewery_id}, t: {state})]", 0.0), operator: *, right: (1.0, 1.0), result: 0.0}
列 'p' 不存在，对列 state 不过滤，直接选择所有非无效值。
Block processing time: 0.009212 seconds
Computing Block 363 out of 663
Processing Block size=4
begin cleaner{left: ("[FunctionalDependency:(s: {brewery_id}, t: {state})]", 0.0), operator: *, right: (1.0, 1.0), result: 0.0}
列 'p' 不存在，对列 state 不过滤，直接选择所有非无效值。
Block processing time: 0.003104 seconds
Computing Block 367 out of 663
Processing Block size=2
begin cleaner{left: ("[FunctionalDependency:(s: {brewery_id}, t: {state})]", 0.0), operator: *, right: (1.0, 1.0), result: 0.0}
列 'p' 不存在，对列 state 不过滤，直接选择所有非无效值。
Block processing time: 0.001599 seconds
Computing Block 369 out of 663
Processing Block size=4
begin cleaner{left: ("[FunctionalDependency:(s: {brewery_id}, t: {state})]", 0.0), operator: *, right: (1.0, 1.0), result: 0.0}
列 'p' 不存在，对列 state 不过滤，直接选择所有非无效值。
Block processing time: 0.003151 seconds
Computing Block 371 out of 663
Processing Block size=2
begin cleaner{left: ("[FunctionalDependency:(s: {brewery_id}, t: {state})]", 0.0), operator: *, right: (1.0, 1.0), result: 0.0}
列 'p' 不存在，对列 state 不过滤，直接选择所有非无效值。
Block processing time: 0.00182 seconds
Computing Block 372 out of 663
Processing Block size=10
begin cleaner{left: ("[FunctionalDependency:(s: {brewery_id}, t: {state})]", 0.0), operator: *, right: (1.0, 1.0), result: 0.0}
列 'p' 不存在，对列 state 不过滤，直接选择所有非无效值。
Block processing time: 0.007989 seconds
Computing Block 373 out of 663
Processing Block size=2
begin cleaner{left: ("[FunctionalDependency:(s: {brewery_id}, t: {state})]", 0.0), operator: *, right: (1.0, 1.0), result: 0.0}
列 'p' 不存在，对列 state 不过滤，直接选择所有非无效值。
Block processing time: 0.001786 seconds
Computing Block 375 out of 663
Processing Block size=4
begin cleaner{left: ("[FunctionalDependency:(s: {brewery_id}, t: {state})]", 0.0), operator: *, right: (1.0, 1.0), result: 0.0}
列 'p' 不存在，对列 state 不过滤，直接选择所有非无效值。
Block processing time: 0.003277 seconds
Computing Block 376 out of 663
Processing Block size=3
begin cleaner{left: ("[FunctionalDependency:(s: {brewery_id}, t: {state})]", 0.0), operator: *, right: (1.0, 1.0), result: 0.0}
列 'p' 不存在，对列 state 不过滤，直接选择所有非无效值。
Block processing time: 0.002449 seconds
Computing Block 378 out of 663
Processing Block size=9
begin cleaner{left: ("[FunctionalDependency:(s: {brewery_id}, t: {state})]", 0.0), operator: *, right: (1.0, 1.0), result: 0.0}
列 'p' 不存在，对列 state 不过滤，直接选择所有非无效值。
Block processing time: 0.006957 seconds
Computing Block 380 out of 663
Processing Block size=5
begin cleaner{left: ("[FunctionalDependency:(s: {brewery_id}, t: {state})]", 0.0), operator: *, right: (1.0, 1.0), result: 0.0}
列 'p' 不存在，对列 state 不过滤，直接选择所有非无效值。
Block processing time: 0.003728 seconds
Computing Block 382 out of 663
Processing Block size=5
begin cleaner{left: ("[FunctionalDependency:(s: {brewery_id}, t: {state})]", 0.0), operator: *, right: (1.0, 1.0), result: 0.0}
列 'p' 不存在，对列 state 不过滤，直接选择所有非无效值。
Block processing time: 0.003789 seconds
Computing Block 385 out of 663
Processing Block size=3
begin cleaner{left: ("[FunctionalDependency:(s: {brewery_id}, t: {state})]", 0.0), operator: *, right: (1.0, 1.0), result: 0.0}
列 'p' 不存在，对列 state 不过滤，直接选择所有非无效值。
Block processing time: 0.002295 seconds
Computing Block 386 out of 663
Processing Block size=37
begin cleaner{left: ("[FunctionalDependency:(s: {brewery_id}, t: {state})]", 0.0), operator: *, right: (1.0, 1.0), result: 0.0}
列 'p' 不存在，对列 state 不过滤，直接选择所有非无效值。
Block processing time: 0.027577 seconds
Computing Block 388 out of 663
Processing Block size=3
begin cleaner{left: ("[FunctionalDependency:(s: {brewery_id}, t: {state})]", 0.0), operator: *, right: (1.0, 1.0), result: 0.0}
列 'p' 不存在，对列 state 不过滤，直接选择所有非无效值。
Block processing time: 0.002317 seconds
Computing Block 389 out of 663
Processing Block size=16
begin cleaner{left: ("[FunctionalDependency:(s: {brewery_id}, t: {state})]", 0.0), operator: *, right: (1.0, 1.0), result: 0.0}
列 'p' 不存在，对列 state 不过滤，直接选择所有非无效值。
Block processing time: 0.011713 seconds
Computing Block 390 out of 663
Processing Block size=2
begin cleaner{left: ("[FunctionalDependency:(s: {brewery_id}, t: {state})]", 0.0), operator: *, right: (1.0, 1.0), result: 0.0}
列 'p' 不存在，对列 state 不过滤，直接选择所有非无效值。
Block processing time: 0.001526 seconds
Computing Block 394 out of 663
Processing Block size=2
begin cleaner{left: ("[FunctionalDependency:(s: {brewery_id}, t: {state})]", 0.0), operator: *, right: (1.0, 1.0), result: 0.0}
列 'p' 不存在，对列 state 不过滤，直接选择所有非无效值。
Block processing time: 0.001519 seconds
Computing Block 396 out of 663
Processing Block size=3
begin cleaner{left: ("[FunctionalDependency:(s: {brewery_id}, t: {state})]", 0.0), operator: *, right: (1.0, 1.0), result: 0.0}
列 'p' 不存在，对列 state 不过滤，直接选择所有非无效值。
Block processing time: 0.002271 seconds
Computing Block 397 out of 663
Processing Block size=4
begin cleaner{left: ("[FunctionalDependency:(s: {brewery_id}, t: {state})]", 0.0), operator: *, right: (1.0, 1.0), result: 0.0}
列 'p' 不存在，对列 state 不过滤，直接选择所有非无效值。
Block processing time: 0.002943 seconds
Computing Block 399 out of 663
Processing Block size=3
begin cleaner{left: ("[FunctionalDependency:(s: {brewery_id}, t: {state})]", 0.0), operator: *, right: (1.0, 1.0), result: 0.0}
列 'p' 不存在，对列 state 不过滤，直接选择所有非无效值。
Block processing time: 0.002429 seconds
Computing Block 400 out of 663
Processing Block size=4
begin cleaner{left: ("[FunctionalDependency:(s: {brewery_id}, t: {state})]", 0.0), operator: *, right: (1.0, 1.0), result: 0.0}
列 'p' 不存在，对列 state 不过滤，直接选择所有非无效值。
Block processing time: 0.003121 seconds
Computing Block 402 out of 663
Processing Block size=4
begin cleaner{left: ("[FunctionalDependency:(s: {brewery_id}, t: {state})]", 0.0), operator: *, right: (1.0, 1.0), result: 0.0}
列 'p' 不存在，对列 state 不过滤，直接选择所有非无效值。
Block processing time: 0.002922 seconds
Computing Block 404 out of 663
Processing Block size=4
begin cleaner{left: ("[FunctionalDependency:(s: {brewery_id}, t: {state})]", 0.0), operator: *, right: (1.0, 1.0), result: 0.0}
列 'p' 不存在，对列 state 不过滤，直接选择所有非无效值。
Block processing time: 0.002985 seconds
Computing Block 405 out of 663
Processing Block size=3
begin cleaner{left: ("[FunctionalDependency:(s: {brewery_id}, t: {state})]", 0.0), operator: *, right: (1.0, 1.0), result: 0.0}
列 'p' 不存在，对列 state 不过滤，直接选择所有非无效值。
Block processing time: 0.002263 seconds
Computing Block 406 out of 663
Processing Block size=4
begin cleaner{left: ("[FunctionalDependency:(s: {brewery_id}, t: {state})]", 0.0), operator: *, right: (1.0, 1.0), result: 0.0}
列 'p' 不存在，对列 state 不过滤，直接选择所有非无效值。
Block processing time: 0.002945 seconds
Computing Block 407 out of 663
Processing Block size=2
begin cleaner{left: ("[FunctionalDependency:(s: {brewery_id}, t: {state})]", 0.0), operator: *, right: (1.0, 1.0), result: 0.0}
列 'p' 不存在，对列 state 不过滤，直接选择所有非无效值。
Block processing time: 0.00157 seconds
Computing Block 409 out of 663
Processing Block size=3
begin cleaner{left: ("[FunctionalDependency:(s: {brewery_id}, t: {state})]", 0.0), operator: *, right: (1.0, 1.0), result: 0.0}
列 'p' 不存在，对列 state 不过滤，直接选择所有非无效值。
Block processing time: 0.002323 seconds
Computing Block 412 out of 663
Processing Block size=5
begin cleaner{left: ("[FunctionalDependency:(s: {brewery_id}, t: {state})]", 0.0), operator: *, right: (1.0, 1.0), result: 0.0}
列 'p' 不存在，对列 state 不过滤，直接选择所有非无效值。
Block processing time: 0.003828 seconds
Computing Block 413 out of 663
Processing Block size=2
begin cleaner{left: ("[FunctionalDependency:(s: {brewery_id}, t: {state})]", 0.0), operator: *, right: (1.0, 1.0), result: 0.0}
列 'p' 不存在，对列 state 不过滤，直接选择所有非无效值。
Block processing time: 0.001494 seconds
Computing Block 414 out of 663
Processing Block size=2
begin cleaner{left: ("[FunctionalDependency:(s: {brewery_id}, t: {state})]", 0.0), operator: *, right: (1.0, 1.0), result: 0.0}
列 'p' 不存在，对列 state 不过滤，直接选择所有非无效值。
Block processing time: 0.001532 seconds
Computing Block 417 out of 663
Processing Block size=2
begin cleaner{left: ("[FunctionalDependency:(s: {brewery_id}, t: {state})]", 0.0), operator: *, right: (1.0, 1.0), result: 0.0}
列 'p' 不存在，对列 state 不过滤，直接选择所有非无效值。
Block processing time: 0.001527 seconds
Computing Block 419 out of 663
Processing Block size=5
begin cleaner{left: ("[FunctionalDependency:(s: {brewery_id}, t: {state})]", 0.0), operator: *, right: (1.0, 1.0), result: 0.0}
列 'p' 不存在，对列 state 不过滤，直接选择所有非无效值。
Block processing time: 0.003624 seconds
Computing Block 420 out of 663
Processing Block size=9
begin cleaner{left: ("[FunctionalDependency:(s: {brewery_id}, t: {state})]", 0.0), operator: *, right: (1.0, 1.0), result: 0.0}
列 'p' 不存在，对列 state 不过滤，直接选择所有非无效值。
Block processing time: 0.006782 seconds
Computing Block 421 out of 663
Processing Block size=2
begin cleaner{left: ("[FunctionalDependency:(s: {brewery_id}, t: {state})]", 0.0), operator: *, right: (1.0, 1.0), result: 0.0}
列 'p' 不存在，对列 state 不过滤，直接选择所有非无效值。
Block processing time: 0.001557 seconds
Computing Block 423 out of 663
Processing Block size=2
begin cleaner{left: ("[FunctionalDependency:(s: {brewery_id}, t: {state})]", 0.0), operator: *, right: (1.0, 1.0), result: 0.0}
列 'p' 不存在，对列 state 不过滤，直接选择所有非无效值。
Block processing time: 0.001561 seconds
Computing Block 424 out of 663
Processing Block size=9
begin cleaner{left: ("[FunctionalDependency:(s: {brewery_id}, t: {state})]", 0.0), operator: *, right: (1.0, 1.0), result: 0.0}
列 'p' 不存在，对列 state 不过滤，直接选择所有非无效值。
Block processing time: 0.006684 seconds
Computing Block 425 out of 663
Processing Block size=2
begin cleaner{left: ("[FunctionalDependency:(s: {brewery_id}, t: {state})]", 0.0), operator: *, right: (1.0, 1.0), result: 0.0}
列 'p' 不存在，对列 state 不过滤，直接选择所有非无效值。
Block processing time: 0.001566 seconds
Computing Block 426 out of 663
Processing Block size=2
begin cleaner{left: ("[FunctionalDependency:(s: {brewery_id}, t: {state})]", 0.0), operator: *, right: (1.0, 1.0), result: 0.0}
列 'p' 不存在，对列 state 不过滤，直接选择所有非无效值。
Block processing time: 0.001581 seconds
Computing Block 427 out of 663
Processing Block size=7
begin cleaner{left: ("[FunctionalDependency:(s: {brewery_id}, t: {state})]", 0.0), operator: *, right: (1.0, 1.0), result: 0.0}
列 'p' 不存在，对列 state 不过滤，直接选择所有非无效值。
Block processing time: 0.005051 seconds
Computing Block 431 out of 663
Processing Block size=2
begin cleaner{left: ("[FunctionalDependency:(s: {brewery_id}, t: {state})]", 0.0), operator: *, right: (1.0, 1.0), result: 0.0}
列 'p' 不存在，对列 state 不过滤，直接选择所有非无效值。
Block processing time: 0.001575 seconds
Computing Block 435 out of 663
Processing Block size=6
begin cleaner{left: ("[FunctionalDependency:(s: {brewery_id}, t: {state})]", 0.0), operator: *, right: (1.0, 1.0), result: 0.0}
列 'p' 不存在，对列 state 不过滤，直接选择所有非无效值。
Block processing time: 0.004353 seconds
Computing Block 436 out of 663
Processing Block size=2
begin cleaner{left: ("[FunctionalDependency:(s: {brewery_id}, t: {state})]", 0.0), operator: *, right: (1.0, 1.0), result: 0.0}
列 'p' 不存在，对列 state 不过滤，直接选择所有非无效值。
Block processing time: 0.001521 seconds
Computing Block 438 out of 663
Processing Block size=2
begin cleaner{left: ("[FunctionalDependency:(s: {brewery_id}, t: {state})]", 0.0), operator: *, right: (1.0, 1.0), result: 0.0}
列 'p' 不存在，对列 state 不过滤，直接选择所有非无效值。
Block processing time: 0.001587 seconds
Computing Block 440 out of 663
Processing Block size=2
begin cleaner{left: ("[FunctionalDependency:(s: {brewery_id}, t: {state})]", 0.0), operator: *, right: (1.0, 1.0), result: 0.0}
列 'p' 不存在，对列 state 不过滤，直接选择所有非无效值。
Block processing time: 0.001527 seconds
Computing Block 441 out of 663
Processing Block size=2
begin cleaner{left: ("[FunctionalDependency:(s: {brewery_id}, t: {state})]", 0.0), operator: *, right: (1.0, 1.0), result: 0.0}
列 'p' 不存在，对列 state 不过滤，直接选择所有非无效值。
Block processing time: 0.001754 seconds
Computing Block 443 out of 663
Processing Block size=3
begin cleaner{left: ("[FunctionalDependency:(s: {brewery_id}, t: {state})]", 0.0), operator: *, right: (1.0, 1.0), result: 0.0}
列 'p' 不存在，对列 state 不过滤，直接选择所有非无效值。
Block processing time: 0.002332 seconds
Computing Block 444 out of 663
Processing Block size=3
begin cleaner{left: ("[FunctionalDependency:(s: {brewery_id}, t: {state})]", 0.0), operator: *, right: (1.0, 1.0), result: 0.0}
列 'p' 不存在，对列 state 不过滤，直接选择所有非无效值。
Block processing time: 0.002217 seconds
Computing Block 445 out of 663
Processing Block size=4
begin cleaner{left: ("[FunctionalDependency:(s: {brewery_id}, t: {state})]", 0.0), operator: *, right: (1.0, 1.0), result: 0.0}
列 'p' 不存在，对列 state 不过滤，直接选择所有非无效值。
Block processing time: 0.002948 seconds
Computing Block 446 out of 663
Processing Block size=3
begin cleaner{left: ("[FunctionalDependency:(s: {brewery_id}, t: {state})]", 0.0), operator: *, right: (1.0, 1.0), result: 0.0}
列 'p' 不存在，对列 state 不过滤，直接选择所有非无效值。
Block processing time: 0.00227 seconds
Computing Block 449 out of 663
Processing Block size=7
begin cleaner{left: ("[FunctionalDependency:(s: {brewery_id}, t: {state})]", 0.0), operator: *, right: (1.0, 1.0), result: 0.0}
列 'p' 不存在，对列 state 不过滤，直接选择所有非无效值。
Block processing time: 0.004999 seconds
Computing Block 450 out of 663
Processing Block size=5
begin cleaner{left: ("[FunctionalDependency:(s: {brewery_id}, t: {state})]", 0.0), operator: *, right: (1.0, 1.0), result: 0.0}
列 'p' 不存在，对列 state 不过滤，直接选择所有非无效值。
Block processing time: 0.003634 seconds
Computing Block 453 out of 663
Processing Block size=22
begin cleaner{left: ("[FunctionalDependency:(s: {brewery_id}, t: {state})]", 0.0), operator: *, right: (1.0, 1.0), result: 0.0}
列 'p' 不存在，对列 state 不过滤，直接选择所有非无效值。
Block processing time: 0.01559 seconds
Computing Block 454 out of 663
Processing Block size=8
begin cleaner{left: ("[FunctionalDependency:(s: {brewery_id}, t: {state})]", 0.0), operator: *, right: (1.0, 1.0), result: 0.0}
列 'p' 不存在，对列 state 不过滤，直接选择所有非无效值。
Block processing time: 0.005647 seconds
Computing Block 455 out of 663
Processing Block size=3
begin cleaner{left: ("[FunctionalDependency:(s: {brewery_id}, t: {state})]", 0.0), operator: *, right: (1.0, 1.0), result: 0.0}
列 'p' 不存在，对列 state 不过滤，直接选择所有非无效值。
Block processing time: 0.002199 seconds
Computing Block 457 out of 663
Processing Block size=4
begin cleaner{left: ("[FunctionalDependency:(s: {brewery_id}, t: {state})]", 0.0), operator: *, right: (1.0, 1.0), result: 0.0}
列 'p' 不存在，对列 state 不过滤，直接选择所有非无效值。
Block processing time: 0.002918 seconds
Computing Block 458 out of 663
Processing Block size=2
begin cleaner{left: ("[FunctionalDependency:(s: {brewery_id}, t: {state})]", 0.0), operator: *, right: (1.0, 1.0), result: 0.0}
列 'p' 不存在，对列 state 不过滤，直接选择所有非无效值。
Block processing time: 0.001498 seconds
Computing Block 459 out of 663
Processing Block size=56
begin cleaner{left: ("[FunctionalDependency:(s: {brewery_id}, t: {state})]", 0.0), operator: *, right: (1.0, 1.0), result: 0.0}
列 'p' 不存在，对列 state 不过滤，直接选择所有非无效值。
Block processing time: 0.039816 seconds
Computing Block 460 out of 663
Processing Block size=11
begin cleaner{left: ("[FunctionalDependency:(s: {brewery_id}, t: {state})]", 0.0), operator: *, right: (1.0, 1.0), result: 0.0}
列 'p' 不存在，对列 state 不过滤，直接选择所有非无效值。
Block processing time: 0.007967 seconds
Computing Block 461 out of 663
Processing Block size=5
begin cleaner{left: ("[FunctionalDependency:(s: {brewery_id}, t: {state})]", 0.0), operator: *, right: (1.0, 1.0), result: 0.0}
列 'p' 不存在，对列 state 不过滤，直接选择所有非无效值。
Block processing time: 0.003717 seconds
Computing Block 464 out of 663
Processing Block size=2
begin cleaner{left: ("[FunctionalDependency:(s: {brewery_id}, t: {state})]", 0.0), operator: *, right: (1.0, 1.0), result: 0.0}
列 'p' 不存在，对列 state 不过滤，直接选择所有非无效值。
Block processing time: 0.001554 seconds
Computing Block 465 out of 663
Processing Block size=7
begin cleaner{left: ("[FunctionalDependency:(s: {brewery_id}, t: {state})]", 0.0), operator: *, right: (1.0, 1.0), result: 0.0}
列 'p' 不存在，对列 state 不过滤，直接选择所有非无效值。
Block processing time: 0.00508 seconds
Computing Block 467 out of 663
Processing Block size=3
begin cleaner{left: ("[FunctionalDependency:(s: {brewery_id}, t: {state})]", 0.0), operator: *, right: (1.0, 1.0), result: 0.0}
列 'p' 不存在，对列 state 不过滤，直接选择所有非无效值。
Block processing time: 0.002226 seconds
Computing Block 468 out of 663
Processing Block size=2
begin cleaner{left: ("[FunctionalDependency:(s: {brewery_id}, t: {state})]", 0.0), operator: *, right: (1.0, 1.0), result: 0.0}
列 'p' 不存在，对列 state 不过滤，直接选择所有非无效值。
Block processing time: 0.001512 seconds
Computing Block 469 out of 663
Processing Block size=3
begin cleaner{left: ("[FunctionalDependency:(s: {brewery_id}, t: {state})]", 0.0), operator: *, right: (1.0, 1.0), result: 0.0}
列 'p' 不存在，对列 state 不过滤，直接选择所有非无效值。
Block processing time: 0.002208 seconds
Computing Block 470 out of 663
Processing Block size=2
begin cleaner{left: ("[FunctionalDependency:(s: {brewery_id}, t: {state})]", 0.0), operator: *, right: (1.0, 1.0), result: 0.0}
列 'p' 不存在，对列 state 不过滤，直接选择所有非无效值。
Block processing time: 0.001553 seconds
Computing Block 471 out of 663
Processing Block size=12
begin cleaner{left: ("[FunctionalDependency:(s: {brewery_id}, t: {state})]", 0.0), operator: *, right: (1.0, 1.0), result: 0.0}
列 'p' 不存在，对列 state 不过滤，直接选择所有非无效值。
Block processing time: 0.008482 seconds
Computing Block 472 out of 663
Processing Block size=4
begin cleaner{left: ("[FunctionalDependency:(s: {brewery_id}, t: {state})]", 0.0), operator: *, right: (1.0, 1.0), result: 0.0}
列 'p' 不存在，对列 state 不过滤，直接选择所有非无效值。
Block processing time: 0.003087 seconds
Computing Block 474 out of 663
Processing Block size=3
begin cleaner{left: ("[FunctionalDependency:(s: {brewery_id}, t: {state})]", 0.0), operator: *, right: (1.0, 1.0), result: 0.0}
列 'p' 不存在，对列 state 不过滤，直接选择所有非无效值。
Block processing time: 0.002268 seconds
Computing Block 475 out of 663
Processing Block size=2
begin cleaner{left: ("[FunctionalDependency:(s: {brewery_id}, t: {state})]", 0.0), operator: *, right: (1.0, 1.0), result: 0.0}
列 'p' 不存在，对列 state 不过滤，直接选择所有非无效值。
Block processing time: 0.001515 seconds
Computing Block 476 out of 663
Processing Block size=2
begin cleaner{left: ("[FunctionalDependency:(s: {brewery_id}, t: {state})]", 0.0), operator: *, right: (1.0, 1.0), result: 0.0}
列 'p' 不存在，对列 state 不过滤，直接选择所有非无效值。
Block processing time: 0.001545 seconds
Computing Block 480 out of 663
Processing Block size=5
begin cleaner{left: ("[FunctionalDependency:(s: {brewery_id}, t: {state})]", 0.0), operator: *, right: (1.0, 1.0), result: 0.0}
列 'p' 不存在，对列 state 不过滤，直接选择所有非无效值。
Block processing time: 0.003682 seconds
Computing Block 482 out of 663
Processing Block size=6
begin cleaner{left: ("[FunctionalDependency:(s: {brewery_id}, t: {state})]", 0.0), operator: *, right: (1.0, 1.0), result: 0.0}
列 'p' 不存在，对列 state 不过滤，直接选择所有非无效值。
Block processing time: 0.004355 seconds
Computing Block 485 out of 663
Processing Block size=3
begin cleaner{left: ("[FunctionalDependency:(s: {brewery_id}, t: {state})]", 0.0), operator: *, right: (1.0, 1.0), result: 0.0}
列 'p' 不存在，对列 state 不过滤，直接选择所有非无效值。
Block processing time: 0.002215 seconds
Computing Block 486 out of 663
Processing Block size=16
begin cleaner{left: ("[FunctionalDependency:(s: {brewery_id}, t: {state})]", 0.0), operator: *, right: (1.0, 1.0), result: 0.0}
列 'p' 不存在，对列 state 不过滤，直接选择所有非无效值。
Block processing time: 0.011446 seconds
Computing Block 488 out of 663
Processing Block size=3
begin cleaner{left: ("[FunctionalDependency:(s: {brewery_id}, t: {state})]", 0.0), operator: *, right: (1.0, 1.0), result: 0.0}
列 'p' 不存在，对列 state 不过滤，直接选择所有非无效值。
Block processing time: 0.002214 seconds
Computing Block 489 out of 663
Processing Block size=4
begin cleaner{left: ("[FunctionalDependency:(s: {brewery_id}, t: {state})]", 0.0), operator: *, right: (1.0, 1.0), result: 0.0}
列 'p' 不存在，对列 state 不过滤，直接选择所有非无效值。
Block processing time: 0.002911 seconds
Computing Block 491 out of 663
Processing Block size=4
begin cleaner{left: ("[FunctionalDependency:(s: {brewery_id}, t: {state})]", 0.0), operator: *, right: (1.0, 1.0), result: 0.0}
列 'p' 不存在，对列 state 不过滤，直接选择所有非无效值。
Block processing time: 0.003092 seconds
Computing Block 493 out of 663
Processing Block size=5
begin cleaner{left: ("[FunctionalDependency:(s: {brewery_id}, t: {state})]", 0.0), operator: *, right: (1.0, 1.0), result: 0.0}
列 'p' 不存在，对列 state 不过滤，直接选择所有非无效值。
Block processing time: 0.003889 seconds
Computing Block 494 out of 663
Processing Block size=3
begin cleaner{left: ("[FunctionalDependency:(s: {brewery_id}, t: {state})]", 0.0), operator: *, right: (1.0, 1.0), result: 0.0}
列 'p' 不存在，对列 state 不过滤，直接选择所有非无效值。
Block processing time: 0.002377 seconds
Computing Block 495 out of 663
Processing Block size=5
begin cleaner{left: ("[FunctionalDependency:(s: {brewery_id}, t: {state})]", 0.0), operator: *, right: (1.0, 1.0), result: 0.0}
列 'p' 不存在，对列 state 不过滤，直接选择所有非无效值。
Block processing time: 0.003954 seconds
Computing Block 497 out of 663
Processing Block size=3
begin cleaner{left: ("[FunctionalDependency:(s: {brewery_id}, t: {state})]", 0.0), operator: *, right: (1.0, 1.0), result: 0.0}
列 'p' 不存在，对列 state 不过滤，直接选择所有非无效值。
Block processing time: 0.002489 seconds
Computing Block 498 out of 663
Processing Block size=2
begin cleaner{left: ("[FunctionalDependency:(s: {brewery_id}, t: {state})]", 0.0), operator: *, right: (1.0, 1.0), result: 0.0}
列 'p' 不存在，对列 state 不过滤，直接选择所有非无效值。
Block processing time: 0.001683 seconds
Computing Block 499 out of 663
Processing Block size=5
begin cleaner{left: ("[FunctionalDependency:(s: {brewery_id}, t: {state})]", 0.0), operator: *, right: (1.0, 1.0), result: 0.0}
列 'p' 不存在，对列 state 不过滤，直接选择所有非无效值。
Block processing time: 0.003918 seconds
Computing Block 500 out of 663
Processing Block size=2
begin cleaner{left: ("[FunctionalDependency:(s: {brewery_id}, t: {state})]", 0.0), operator: *, right: (1.0, 1.0), result: 0.0}
列 'p' 不存在，对列 state 不过滤，直接选择所有非无效值。
Block processing time: 0.001643 seconds
Computing Block 501 out of 663
Processing Block size=3
begin cleaner{left: ("[FunctionalDependency:(s: {brewery_id}, t: {state})]", 0.0), operator: *, right: (1.0, 1.0), result: 0.0}
列 'p' 不存在，对列 state 不过滤，直接选择所有非无效值。
Block processing time: 0.002412 seconds
Computing Block 502 out of 663
Processing Block size=4
begin cleaner{left: ("[FunctionalDependency:(s: {brewery_id}, t: {state})]", 0.0), operator: *, right: (1.0, 1.0), result: 0.0}
列 'p' 不存在，对列 state 不过滤，直接选择所有非无效值。
Block processing time: 0.003185 seconds
Computing Block 503 out of 663
Processing Block size=5
begin cleaner{left: ("[FunctionalDependency:(s: {brewery_id}, t: {state})]", 0.0), operator: *, right: (1.0, 1.0), result: 0.0}
列 'p' 不存在，对列 state 不过滤，直接选择所有非无效值。
Block processing time: 0.003939 seconds
Computing Block 504 out of 663
Processing Block size=4
begin cleaner{left: ("[FunctionalDependency:(s: {brewery_id}, t: {state})]", 0.0), operator: *, right: (1.0, 1.0), result: 0.0}
列 'p' 不存在，对列 state 不过滤，直接选择所有非无效值。
Block processing time: 0.00317 seconds
Computing Block 506 out of 663
Processing Block size=4
begin cleaner{left: ("[FunctionalDependency:(s: {brewery_id}, t: {state})]", 0.0), operator: *, right: (1.0, 1.0), result: 0.0}
列 'p' 不存在，对列 state 不过滤，直接选择所有非无效值。
Block processing time: 0.003157 seconds
Computing Block 507 out of 663
Processing Block size=2
begin cleaner{left: ("[FunctionalDependency:(s: {brewery_id}, t: {state})]", 0.0), operator: *, right: (1.0, 1.0), result: 0.0}
列 'p' 不存在，对列 state 不过滤，直接选择所有非无效值。
Block processing time: 0.001685 seconds
Computing Block 510 out of 663
Processing Block size=2
begin cleaner{left: ("[FunctionalDependency:(s: {brewery_id}, t: {state})]", 0.0), operator: *, right: (1.0, 1.0), result: 0.0}
列 'p' 不存在，对列 state 不过滤，直接选择所有非无效值。
Block processing time: 0.001568 seconds
Computing Block 511 out of 663
Processing Block size=5
begin cleaner{left: ("[FunctionalDependency:(s: {brewery_id}, t: {state})]", 0.0), operator: *, right: (1.0, 1.0), result: 0.0}
列 'p' 不存在，对列 state 不过滤，直接选择所有非无效值。
Block processing time: 0.003615 seconds
Computing Block 512 out of 663
Processing Block size=15
begin cleaner{left: ("[FunctionalDependency:(s: {brewery_id}, t: {state})]", 0.0), operator: *, right: (1.0, 1.0), result: 0.0}
列 'p' 不存在，对列 state 不过滤，直接选择所有非无效值。
Block processing time: 0.010712 seconds
Computing Block 513 out of 663
Processing Block size=3
begin cleaner{left: ("[FunctionalDependency:(s: {brewery_id}, t: {state})]", 0.0), operator: *, right: (1.0, 1.0), result: 0.0}
列 'p' 不存在，对列 state 不过滤，直接选择所有非无效值。
Block processing time: 0.002248 seconds
Computing Block 515 out of 663
Processing Block size=5
begin cleaner{left: ("[FunctionalDependency:(s: {brewery_id}, t: {state})]", 0.0), operator: *, right: (1.0, 1.0), result: 0.0}
列 'p' 不存在，对列 state 不过滤，直接选择所有非无效值。
Block processing time: 0.003632 seconds
Computing Block 516 out of 663
Processing Block size=2
begin cleaner{left: ("[FunctionalDependency:(s: {brewery_id}, t: {state})]", 0.0), operator: *, right: (1.0, 1.0), result: 0.0}
列 'p' 不存在，对列 state 不过滤，直接选择所有非无效值。
Block processing time: 0.001502 seconds
Computing Block 517 out of 663
Processing Block size=2
begin cleaner{left: ("[FunctionalDependency:(s: {brewery_id}, t: {state})]", 0.0), operator: *, right: (1.0, 1.0), result: 0.0}
列 'p' 不存在，对列 state 不过滤，直接选择所有非无效值。
Block processing time: 0.001627 seconds
Computing Block 518 out of 663
Processing Block size=3
begin cleaner{left: ("[FunctionalDependency:(s: {brewery_id}, t: {state})]", 0.0), operator: *, right: (1.0, 1.0), result: 0.0}
列 'p' 不存在，对列 state 不过滤，直接选择所有非无效值。
Block processing time: 0.002546 seconds
Computing Block 520 out of 663
Processing Block size=2
begin cleaner{left: ("[FunctionalDependency:(s: {brewery_id}, t: {state})]", 0.0), operator: *, right: (1.0, 1.0), result: 0.0}
列 'p' 不存在，对列 state 不过滤，直接选择所有非无效值。
Block processing time: 0.001533 seconds
Computing Block 521 out of 663
Processing Block size=2
begin cleaner{left: ("[FunctionalDependency:(s: {brewery_id}, t: {state})]", 0.0), operator: *, right: (1.0, 1.0), result: 0.0}
列 'p' 不存在，对列 state 不过滤，直接选择所有非无效值。
Block processing time: 0.00152 seconds
Computing Block 525 out of 663
Processing Block size=4
begin cleaner{left: ("[FunctionalDependency:(s: {brewery_id}, t: {state})]", 0.0), operator: *, right: (1.0, 1.0), result: 0.0}
列 'p' 不存在，对列 state 不过滤，直接选择所有非无效值。
Block processing time: 0.002904 seconds
Computing Block 526 out of 663
Processing Block size=2
begin cleaner{left: ("[FunctionalDependency:(s: {brewery_id}, t: {state})]", 0.0), operator: *, right: (1.0, 1.0), result: 0.0}
列 'p' 不存在，对列 state 不过滤，直接选择所有非无效值。
Block processing time: 0.001501 seconds
Computing Block 528 out of 663
Processing Block size=8
begin cleaner{left: ("[FunctionalDependency:(s: {brewery_id}, t: {state})]", 0.0), operator: *, right: (1.0, 1.0), result: 0.0}
列 'p' 不存在，对列 state 不过滤，直接选择所有非无效值。
Block processing time: 0.005921 seconds
Computing Block 530 out of 663
Processing Block size=7
begin cleaner{left: ("[FunctionalDependency:(s: {brewery_id}, t: {state})]", 0.0), operator: *, right: (1.0, 1.0), result: 0.0}
列 'p' 不存在，对列 state 不过滤，直接选择所有非无效值。
Block processing time: 0.005292 seconds
Computing Block 531 out of 663
Processing Block size=5
begin cleaner{left: ("[FunctionalDependency:(s: {brewery_id}, t: {state})]", 0.0), operator: *, right: (1.0, 1.0), result: 0.0}
列 'p' 不存在，对列 state 不过滤，直接选择所有非无效值。
Block processing time: 0.003583 seconds
Computing Block 532 out of 663
Processing Block size=9
begin cleaner{left: ("[FunctionalDependency:(s: {brewery_id}, t: {state})]", 0.0), operator: *, right: (1.0, 1.0), result: 0.0}
列 'p' 不存在，对列 state 不过滤，直接选择所有非无效值。
Block processing time: 0.006352 seconds
Computing Block 533 out of 663
Processing Block size=2
begin cleaner{left: ("[FunctionalDependency:(s: {brewery_id}, t: {state})]", 0.0), operator: *, right: (1.0, 1.0), result: 0.0}
列 'p' 不存在，对列 state 不过滤，直接选择所有非无效值。
Block processing time: 0.001499 seconds
Computing Block 534 out of 663
Processing Block size=2
begin cleaner{left: ("[FunctionalDependency:(s: {brewery_id}, t: {state})]", 0.0), operator: *, right: (1.0, 1.0), result: 0.0}
列 'p' 不存在，对列 state 不过滤，直接选择所有非无效值。
Block processing time: 0.001513 seconds
Computing Block 536 out of 663
Processing Block size=5
begin cleaner{left: ("[FunctionalDependency:(s: {brewery_id}, t: {state})]", 0.0), operator: *, right: (1.0, 1.0), result: 0.0}
列 'p' 不存在，对列 state 不过滤，直接选择所有非无效值。
Block processing time: 0.00361 seconds
Computing Block 541 out of 663
Processing Block size=2
begin cleaner{left: ("[FunctionalDependency:(s: {brewery_id}, t: {state})]", 0.0), operator: *, right: (1.0, 1.0), result: 0.0}
列 'p' 不存在，对列 state 不过滤，直接选择所有非无效值。
Block processing time: 0.001497 seconds
Computing Block 542 out of 663
Processing Block size=4
begin cleaner{left: ("[FunctionalDependency:(s: {brewery_id}, t: {state})]", 0.0), operator: *, right: (1.0, 1.0), result: 0.0}
列 'p' 不存在，对列 state 不过滤，直接选择所有非无效值。
Block processing time: 0.002938 seconds
Computing Block 543 out of 663
Processing Block size=3
begin cleaner{left: ("[FunctionalDependency:(s: {brewery_id}, t: {state})]", 0.0), operator: *, right: (1.0, 1.0), result: 0.0}
列 'p' 不存在，对列 state 不过滤，直接选择所有非无效值。
Block processing time: 0.00224 seconds
Computing Block 544 out of 663
Processing Block size=2
begin cleaner{left: ("[FunctionalDependency:(s: {brewery_id}, t: {state})]", 0.0), operator: *, right: (1.0, 1.0), result: 0.0}
列 'p' 不存在，对列 state 不过滤，直接选择所有非无效值。
Block processing time: 0.001497 seconds
Computing Block 545 out of 663
Processing Block size=5
begin cleaner{left: ("[FunctionalDependency:(s: {brewery_id}, t: {state})]", 0.0), operator: *, right: (1.0, 1.0), result: 0.0}
列 'p' 不存在，对列 state 不过滤，直接选择所有非无效值。
Block processing time: 0.003632 seconds
Computing Block 548 out of 663
Processing Block size=6
begin cleaner{left: ("[FunctionalDependency:(s: {brewery_id}, t: {state})]", 0.0), operator: *, right: (1.0, 1.0), result: 0.0}
列 'p' 不存在，对列 state 不过滤，直接选择所有非无效值。
Block processing time: 0.004293 seconds
Computing Block 549 out of 663
Processing Block size=2
begin cleaner{left: ("[FunctionalDependency:(s: {brewery_id}, t: {state})]", 0.0), operator: *, right: (1.0, 1.0), result: 0.0}
列 'p' 不存在，对列 state 不过滤，直接选择所有非无效值。
Block processing time: 0.001496 seconds
Computing Block 550 out of 663
Processing Block size=10
begin cleaner{left: ("[FunctionalDependency:(s: {brewery_id}, t: {state})]", 0.0), operator: *, right: (1.0, 1.0), result: 0.0}
列 'p' 不存在，对列 state 不过滤，直接选择所有非无效值。
Block processing time: 0.007112 seconds
Computing Block 553 out of 663
Processing Block size=6
begin cleaner{left: ("[FunctionalDependency:(s: {brewery_id}, t: {state})]", 0.0), operator: *, right: (1.0, 1.0), result: 0.0}
列 'p' 不存在，对列 state 不过滤，直接选择所有非无效值。
Block processing time: 0.004284 seconds
Computing Block 554 out of 663
Processing Block size=6
begin cleaner{left: ("[FunctionalDependency:(s: {brewery_id}, t: {state})]", 0.0), operator: *, right: (1.0, 1.0), result: 0.0}
列 'p' 不存在，对列 state 不过滤，直接选择所有非无效值。
Block processing time: 0.004372 seconds
Computing Block 555 out of 663
Processing Block size=6
begin cleaner{left: ("[FunctionalDependency:(s: {brewery_id}, t: {state})]", 0.0), operator: *, right: (1.0, 1.0), result: 0.0}
列 'p' 不存在，对列 state 不过滤，直接选择所有非无效值。
Block processing time: 0.004285 seconds
Computing Block 556 out of 663
Processing Block size=5
begin cleaner{left: ("[FunctionalDependency:(s: {brewery_id}, t: {state})]", 0.0), operator: *, right: (1.0, 1.0), result: 0.0}
列 'p' 不存在，对列 state 不过滤，直接选择所有非无效值。
Block processing time: 0.003589 seconds
Computing Block 558 out of 663
Processing Block size=4
begin cleaner{left: ("[FunctionalDependency:(s: {brewery_id}, t: {state})]", 0.0), operator: *, right: (1.0, 1.0), result: 0.0}
列 'p' 不存在，对列 state 不过滤，直接选择所有非无效值。
Block processing time: 0.002936 seconds
Computing Block 560 out of 663
Processing Block size=2
begin cleaner{left: ("[FunctionalDependency:(s: {brewery_id}, t: {state})]", 0.0), operator: *, right: (1.0, 1.0), result: 0.0}
列 'p' 不存在，对列 state 不过滤，直接选择所有非无效值。
Block processing time: 0.001504 seconds
Computing Block 561 out of 663
Processing Block size=18
begin cleaner{left: ("[FunctionalDependency:(s: {brewery_id}, t: {state})]", 0.0), operator: *, right: (1.0, 1.0), result: 0.0}
列 'p' 不存在，对列 state 不过滤，直接选择所有非无效值。
Block processing time: 0.01328 seconds
Computing Block 564 out of 663
Processing Block size=8
begin cleaner{left: ("[FunctionalDependency:(s: {brewery_id}, t: {state})]", 0.0), operator: *, right: (1.0, 1.0), result: 0.0}
列 'p' 不存在，对列 state 不过滤，直接选择所有非无效值。
Block processing time: 0.00569 seconds
Computing Block 566 out of 663
Processing Block size=4
begin cleaner{left: ("[FunctionalDependency:(s: {brewery_id}, t: {state})]", 0.0), operator: *, right: (1.0, 1.0), result: 0.0}
列 'p' 不存在，对列 state 不过滤，直接选择所有非无效值。
Block processing time: 0.00292 seconds
Computing Block 567 out of 663
Processing Block size=3
begin cleaner{left: ("[FunctionalDependency:(s: {brewery_id}, t: {state})]", 0.0), operator: *, right: (1.0, 1.0), result: 0.0}
列 'p' 不存在，对列 state 不过滤，直接选择所有非无效值。
Block processing time: 0.002198 seconds
Computing Block 569 out of 663
Processing Block size=2
begin cleaner{left: ("[FunctionalDependency:(s: {brewery_id}, t: {state})]", 0.0), operator: *, right: (1.0, 1.0), result: 0.0}
列 'p' 不存在，对列 state 不过滤，直接选择所有非无效值。
Block processing time: 0.001503 seconds
Computing Block 571 out of 663
Processing Block size=3
begin cleaner{left: ("[FunctionalDependency:(s: {brewery_id}, t: {state})]", 0.0), operator: *, right: (1.0, 1.0), result: 0.0}
列 'p' 不存在，对列 state 不过滤，直接选择所有非无效值。
Block processing time: 0.002191 seconds
Computing Block 572 out of 663
Processing Block size=4
begin cleaner{left: ("[FunctionalDependency:(s: {brewery_id}, t: {state})]", 0.0), operator: *, right: (1.0, 1.0), result: 0.0}
列 'p' 不存在，对列 state 不过滤，直接选择所有非无效值。
Block processing time: 0.002912 seconds
Computing Block 574 out of 663
Processing Block size=2
begin cleaner{left: ("[FunctionalDependency:(s: {brewery_id}, t: {state})]", 0.0), operator: *, right: (1.0, 1.0), result: 0.0}
列 'p' 不存在，对列 state 不过滤，直接选择所有非无效值。
Block processing time: 0.0015 seconds
Computing Block 575 out of 663
Processing Block size=3
begin cleaner{left: ("[FunctionalDependency:(s: {brewery_id}, t: {state})]", 0.0), operator: *, right: (1.0, 1.0), result: 0.0}
列 'p' 不存在，对列 state 不过滤，直接选择所有非无效值。
Block processing time: 0.002192 seconds
Computing Block 576 out of 663
Processing Block size=2
begin cleaner{left: ("[FunctionalDependency:(s: {brewery_id}, t: {state})]", 0.0), operator: *, right: (1.0, 1.0), result: 0.0}
列 'p' 不存在，对列 state 不过滤，直接选择所有非无效值。
Block processing time: 0.001516 seconds
Computing Block 577 out of 663
Processing Block size=2
begin cleaner{left: ("[FunctionalDependency:(s: {brewery_id}, t: {state})]", 0.0), operator: *, right: (1.0, 1.0), result: 0.0}
列 'p' 不存在，对列 state 不过滤，直接选择所有非无效值。
Block processing time: 0.00149 seconds
Computing Block 578 out of 663
Processing Block size=2
begin cleaner{left: ("[FunctionalDependency:(s: {brewery_id}, t: {state})]", 0.0), operator: *, right: (1.0, 1.0), result: 0.0}
列 'p' 不存在，对列 state 不过滤，直接选择所有非无效值。
Block processing time: 0.001506 seconds
Computing Block 579 out of 663
Processing Block size=2
begin cleaner{left: ("[FunctionalDependency:(s: {brewery_id}, t: {state})]", 0.0), operator: *, right: (1.0, 1.0), result: 0.0}
列 'p' 不存在，对列 state 不过滤，直接选择所有非无效值。
Block processing time: 0.001506 seconds
Computing Block 581 out of 663
Processing Block size=2
begin cleaner{left: ("[FunctionalDependency:(s: {brewery_id}, t: {state})]", 0.0), operator: *, right: (1.0, 1.0), result: 0.0}
列 'p' 不存在，对列 state 不过滤，直接选择所有非无效值。
Block processing time: 0.001498 seconds
Computing Block 582 out of 663
Processing Block size=2
begin cleaner{left: ("[FunctionalDependency:(s: {brewery_id}, t: {state})]", 0.0), operator: *, right: (1.0, 1.0), result: 0.0}
列 'p' 不存在，对列 state 不过滤，直接选择所有非无效值。
Block processing time: 0.001553 seconds
Computing Block 583 out of 663
Processing Block size=7
begin cleaner{left: ("[FunctionalDependency:(s: {brewery_id}, t: {state})]", 0.0), operator: *, right: (1.0, 1.0), result: 0.0}
列 'p' 不存在，对列 state 不过滤，直接选择所有非无效值。
Block processing time: 0.004961 seconds
Computing Block 584 out of 663
Processing Block size=2
begin cleaner{left: ("[FunctionalDependency:(s: {brewery_id}, t: {state})]", 0.0), operator: *, right: (1.0, 1.0), result: 0.0}
列 'p' 不存在，对列 state 不过滤，直接选择所有非无效值。
Block processing time: 0.001513 seconds
Computing Block 585 out of 663
Processing Block size=2
begin cleaner{left: ("[FunctionalDependency:(s: {brewery_id}, t: {state})]", 0.0), operator: *, right: (1.0, 1.0), result: 0.0}
列 'p' 不存在，对列 state 不过滤，直接选择所有非无效值。
Block processing time: 0.001494 seconds
Computing Block 588 out of 663
Processing Block size=3
begin cleaner{left: ("[FunctionalDependency:(s: {brewery_id}, t: {state})]", 0.0), operator: *, right: (1.0, 1.0), result: 0.0}
列 'p' 不存在，对列 state 不过滤，直接选择所有非无效值。
Block processing time: 0.002227 seconds
Computing Block 589 out of 663
Processing Block size=2
begin cleaner{left: ("[FunctionalDependency:(s: {brewery_id}, t: {state})]", 0.0), operator: *, right: (1.0, 1.0), result: 0.0}
列 'p' 不存在，对列 state 不过滤，直接选择所有非无效值。
Block processing time: 0.001485 seconds
Computing Block 590 out of 663
Processing Block size=4
begin cleaner{left: ("[FunctionalDependency:(s: {brewery_id}, t: {state})]", 0.0), operator: *, right: (1.0, 1.0), result: 0.0}
列 'p' 不存在，对列 state 不过滤，直接选择所有非无效值。
Block processing time: 0.002928 seconds
Computing Block 591 out of 663
Processing Block size=2
begin cleaner{left: ("[FunctionalDependency:(s: {brewery_id}, t: {state})]", 0.0), operator: *, right: (1.0, 1.0), result: 0.0}
列 'p' 不存在，对列 state 不过滤，直接选择所有非无效值。
Block processing time: 0.001556 seconds
Computing Block 592 out of 663
Processing Block size=3
begin cleaner{left: ("[FunctionalDependency:(s: {brewery_id}, t: {state})]", 0.0), operator: *, right: (1.0, 1.0), result: 0.0}
列 'p' 不存在，对列 state 不过滤，直接选择所有非无效值。
Block processing time: 0.002228 seconds
Computing Block 594 out of 663
Processing Block size=4
begin cleaner{left: ("[FunctionalDependency:(s: {brewery_id}, t: {state})]", 0.0), operator: *, right: (1.0, 1.0), result: 0.0}
列 'p' 不存在，对列 state 不过滤，直接选择所有非无效值。
Block processing time: 0.002893 seconds
Computing Block 597 out of 663
Processing Block size=2
begin cleaner{left: ("[FunctionalDependency:(s: {brewery_id}, t: {state})]", 0.0), operator: *, right: (1.0, 1.0), result: 0.0}
列 'p' 不存在，对列 state 不过滤，直接选择所有非无效值。
Block processing time: 0.001575 seconds
Computing Block 599 out of 663
Processing Block size=3
begin cleaner{left: ("[FunctionalDependency:(s: {brewery_id}, t: {state})]", 0.0), operator: *, right: (1.0, 1.0), result: 0.0}
列 'p' 不存在，对列 state 不过滤，直接选择所有非无效值。
Block processing time: 0.002205 seconds
Computing Block 600 out of 663
Processing Block size=3
begin cleaner{left: ("[FunctionalDependency:(s: {brewery_id}, t: {state})]", 0.0), operator: *, right: (1.0, 1.0), result: 0.0}
列 'p' 不存在，对列 state 不过滤，直接选择所有非无效值。
Block processing time: 0.002241 seconds
Computing Block 601 out of 663
Processing Block size=4
begin cleaner{left: ("[FunctionalDependency:(s: {brewery_id}, t: {state})]", 0.0), operator: *, right: (1.0, 1.0), result: 0.0}
列 'p' 不存在，对列 state 不过滤，直接选择所有非无效值。
Block processing time: 0.002897 seconds
Computing Block 602 out of 663
Processing Block size=2
begin cleaner{left: ("[FunctionalDependency:(s: {brewery_id}, t: {state})]", 0.0), operator: *, right: (1.0, 1.0), result: 0.0}
列 'p' 不存在，对列 state 不过滤，直接选择所有非无效值。
Block processing time: 0.0015 seconds
Computing Block 603 out of 663
Processing Block size=2
begin cleaner{left: ("[FunctionalDependency:(s: {brewery_id}, t: {state})]", 0.0), operator: *, right: (1.0, 1.0), result: 0.0}
列 'p' 不存在，对列 state 不过滤，直接选择所有非无效值。
Block processing time: 0.001522 seconds
Computing Block 606 out of 663
Processing Block size=4
begin cleaner{left: ("[FunctionalDependency:(s: {brewery_id}, t: {state})]", 0.0), operator: *, right: (1.0, 1.0), result: 0.0}
列 'p' 不存在，对列 state 不过滤，直接选择所有非无效值。
Block processing time: 0.002951 seconds
Computing Block 607 out of 663
Processing Block size=2
begin cleaner{left: ("[FunctionalDependency:(s: {brewery_id}, t: {state})]", 0.0), operator: *, right: (1.0, 1.0), result: 0.0}
列 'p' 不存在，对列 state 不过滤，直接选择所有非无效值。
Block processing time: 0.001499 seconds
Computing Block 608 out of 663
Processing Block size=4
begin cleaner{left: ("[FunctionalDependency:(s: {brewery_id}, t: {state})]", 0.0), operator: *, right: (1.0, 1.0), result: 0.0}
列 'p' 不存在，对列 state 不过滤，直接选择所有非无效值。
Block processing time: 0.002905 seconds
Computing Block 610 out of 663
Processing Block size=3
begin cleaner{left: ("[FunctionalDependency:(s: {brewery_id}, t: {state})]", 0.0), operator: *, right: (1.0, 1.0), result: 0.0}
列 'p' 不存在，对列 state 不过滤，直接选择所有非无效值。
Block processing time: 0.002198 seconds
Computing Block 611 out of 663
Processing Block size=3
begin cleaner{left: ("[FunctionalDependency:(s: {brewery_id}, t: {state})]", 0.0), operator: *, right: (1.0, 1.0), result: 0.0}
列 'p' 不存在，对列 state 不过滤，直接选择所有非无效值。
Block processing time: 0.002188 seconds
Computing Block 612 out of 663
Processing Block size=3
begin cleaner{left: ("[FunctionalDependency:(s: {brewery_id}, t: {state})]", 0.0), operator: *, right: (1.0, 1.0), result: 0.0}
列 'p' 不存在，对列 state 不过滤，直接选择所有非无效值。
Block processing time: 0.002199 seconds
Computing Block 615 out of 663
Processing Block size=2
begin cleaner{left: ("[FunctionalDependency:(s: {brewery_id}, t: {state})]", 0.0), operator: *, right: (1.0, 1.0), result: 0.0}
列 'p' 不存在，对列 state 不过滤，直接选择所有非无效值。
Block processing time: 0.001502 seconds
Computing Block 616 out of 663
Processing Block size=12
begin cleaner{left: ("[FunctionalDependency:(s: {brewery_id}, t: {state})]", 0.0), operator: *, right: (1.0, 1.0), result: 0.0}
列 'p' 不存在，对列 state 不过滤，直接选择所有非无效值。
Block processing time: 0.0089 seconds
Computing Block 617 out of 663
Processing Block size=7
begin cleaner{left: ("[FunctionalDependency:(s: {brewery_id}, t: {state})]", 0.0), operator: *, right: (1.0, 1.0), result: 0.0}
列 'p' 不存在，对列 state 不过滤，直接选择所有非无效值。
Block processing time: 0.005015 seconds
Computing Block 618 out of 663
Processing Block size=4
begin cleaner{left: ("[FunctionalDependency:(s: {brewery_id}, t: {state})]", 0.0), operator: *, right: (1.0, 1.0), result: 0.0}
列 'p' 不存在，对列 state 不过滤，直接选择所有非无效值。
Block processing time: 0.002952 seconds
Computing Block 620 out of 663
Processing Block size=3
begin cleaner{left: ("[FunctionalDependency:(s: {brewery_id}, t: {state})]", 0.0), operator: *, right: (1.0, 1.0), result: 0.0}
列 'p' 不存在，对列 state 不过滤，直接选择所有非无效值。
Block processing time: 0.002508 seconds
Computing Block 623 out of 663
Processing Block size=2
begin cleaner{left: ("[FunctionalDependency:(s: {brewery_id}, t: {state})]", 0.0), operator: *, right: (1.0, 1.0), result: 0.0}
列 'p' 不存在，对列 state 不过滤，直接选择所有非无效值。
Block processing time: 0.001632 seconds
Computing Block 626 out of 663
Processing Block size=5
begin cleaner{left: ("[FunctionalDependency:(s: {brewery_id}, t: {state})]", 0.0), operator: *, right: (1.0, 1.0), result: 0.0}
列 'p' 不存在，对列 state 不过滤，直接选择所有非无效值。
Block processing time: 0.003872 seconds
Computing Block 627 out of 663
Processing Block size=12
begin cleaner{left: ("[FunctionalDependency:(s: {brewery_id}, t: {state})]", 0.0), operator: *, right: (1.0, 1.0), result: 0.0}
列 'p' 不存在，对列 state 不过滤，直接选择所有非无效值。
Block processing time: 0.008975 seconds
Computing Block 628 out of 663
Processing Block size=5
begin cleaner{left: ("[FunctionalDependency:(s: {brewery_id}, t: {state})]", 0.0), operator: *, right: (1.0, 1.0), result: 0.0}
列 'p' 不存在，对列 state 不过滤，直接选择所有非无效值。
Block processing time: 0.003705 seconds
Computing Block 629 out of 663
Processing Block size=5
begin cleaner{left: ("[FunctionalDependency:(s: {brewery_id}, t: {state})]", 0.0), operator: *, right: (1.0, 1.0), result: 0.0}
列 'p' 不存在，对列 state 不过滤，直接选择所有非无效值。
Block processing time: 0.00363 seconds
Computing Block 631 out of 663
Processing Block size=5
begin cleaner{left: ("[FunctionalDependency:(s: {brewery_id}, t: {state})]", 0.0), operator: *, right: (1.0, 1.0), result: 0.0}
列 'p' 不存在，对列 state 不过滤，直接选择所有非无效值。
Block processing time: 0.003618 seconds
Computing Block 632 out of 663
Processing Block size=3
begin cleaner{left: ("[FunctionalDependency:(s: {brewery_id}, t: {state})]", 0.0), operator: *, right: (1.0, 1.0), result: 0.0}
列 'p' 不存在，对列 state 不过滤，直接选择所有非无效值。
Block processing time: 0.00223 seconds
Computing Block 638 out of 663
Processing Block size=3
begin cleaner{left: ("[FunctionalDependency:(s: {brewery_id}, t: {state})]", 0.0), operator: *, right: (1.0, 1.0), result: 0.0}
列 'p' 不存在，对列 state 不过滤，直接选择所有非无效值。
Block processing time: 0.002221 seconds
Computing Block 639 out of 663
Processing Block size=3
begin cleaner{left: ("[FunctionalDependency:(s: {brewery_id}, t: {state})]", 0.0), operator: *, right: (1.0, 1.0), result: 0.0}
列 'p' 不存在，对列 state 不过滤，直接选择所有非无效值。
Block processing time: 0.002331 seconds
Computing Block 640 out of 663
Processing Block size=7
begin cleaner{left: ("[FunctionalDependency:(s: {brewery_id}, t: {state})]", 0.0), operator: *, right: (1.0, 1.0), result: 0.0}
列 'p' 不存在，对列 state 不过滤，直接选择所有非无效值。
Block processing time: 0.005137 seconds
Computing Block 641 out of 663
Processing Block size=3
begin cleaner{left: ("[FunctionalDependency:(s: {brewery_id}, t: {state})]", 0.0), operator: *, right: (1.0, 1.0), result: 0.0}
列 'p' 不存在，对列 state 不过滤，直接选择所有非无效值。
Block processing time: 0.002238 seconds
Computing Block 642 out of 663
Processing Block size=2
begin cleaner{left: ("[FunctionalDependency:(s: {brewery_id}, t: {state})]", 0.0), operator: *, right: (1.0, 1.0), result: 0.0}
列 'p' 不存在，对列 state 不过滤，直接选择所有非无效值。
Block processing time: 0.001517 seconds
Computing Block 643 out of 663
Processing Block size=3
begin cleaner{left: ("[FunctionalDependency:(s: {brewery_id}, t: {state})]", 0.0), operator: *, right: (1.0, 1.0), result: 0.0}
列 'p' 不存在，对列 state 不过滤，直接选择所有非无效值。
Block processing time: 0.002214 seconds
Computing Block 645 out of 663
Processing Block size=5
begin cleaner{left: ("[FunctionalDependency:(s: {brewery_id}, t: {state})]", 0.0), operator: *, right: (1.0, 1.0), result: 0.0}
列 'p' 不存在，对列 state 不过滤，直接选择所有非无效值。
Block processing time: 0.003658 seconds
Computing Block 646 out of 663
Processing Block size=3
begin cleaner{left: ("[FunctionalDependency:(s: {brewery_id}, t: {state})]", 0.0), operator: *, right: (1.0, 1.0), result: 0.0}
列 'p' 不存在，对列 state 不过滤，直接选择所有非无效值。
Block processing time: 0.002252 seconds
Computing Block 648 out of 663
Processing Block size=2
begin cleaner{left: ("[FunctionalDependency:(s: {brewery_id}, t: {state})]", 0.0), operator: *, right: (1.0, 1.0), result: 0.0}
列 'p' 不存在，对列 state 不过滤，直接选择所有非无效值。
Block processing time: 0.001532 seconds
Computing Block 649 out of 663
Processing Block size=4
begin cleaner{left: ("[FunctionalDependency:(s: {brewery_id}, t: {state})]", 0.0), operator: *, right: (1.0, 1.0), result: 0.0}
列 'p' 不存在，对列 state 不过滤，直接选择所有非无效值。
Block processing time: 0.002962 seconds
Computing Block 650 out of 663
Processing Block size=2
begin cleaner{left: ("[FunctionalDependency:(s: {brewery_id}, t: {state})]", 0.0), operator: *, right: (1.0, 1.0), result: 0.0}
列 'p' 不存在，对列 state 不过滤，直接选择所有非无效值。
Block processing time: 0.001571 seconds
Computing Block 652 out of 663
Processing Block size=4
begin cleaner{left: ("[FunctionalDependency:(s: {brewery_id}, t: {state})]", 0.0), operator: *, right: (1.0, 1.0), result: 0.0}
列 'p' 不存在，对列 state 不过滤，直接选择所有非无效值。
Block processing time: 0.002916 seconds
Computing Block 653 out of 663
Processing Block size=3
begin cleaner{left: ("[FunctionalDependency:(s: {brewery_id}, t: {state})]", 0.0), operator: *, right: (1.0, 1.0), result: 0.0}
列 'p' 不存在，对列 state 不过滤，直接选择所有非无效值。
Block processing time: 0.002282 seconds
Computing Block 654 out of 663
Processing Block size=3
begin cleaner{left: ("[FunctionalDependency:(s: {brewery_id}, t: {state})]", 0.0), operator: *, right: (1.0, 1.0), result: 0.0}
列 'p' 不存在，对列 state 不过滤，直接选择所有非无效值。
Block processing time: 0.002243 seconds
Computing Block 656 out of 663
Processing Block size=6
begin cleaner{left: ("[FunctionalDependency:(s: {brewery_id}, t: {state})]", 0.0), operator: *, right: (1.0, 1.0), result: 0.0}
列 'p' 不存在，对列 state 不过滤，直接选择所有非无效值。
Block processing time: 0.004327 seconds
Computing Block 657 out of 663
Processing Block size=31
begin cleaner{left: ("[FunctionalDependency:(s: {brewery_id}, t: {state})]", 0.0), operator: *, right: (1.0, 1.0), result: 0.0}
列 'p' 不存在，对列 state 不过滤，直接选择所有非无效值。
Block processing time: 0.022051 seconds
Computing Block 658 out of 663
Processing Block size=3
begin cleaner{left: ("[FunctionalDependency:(s: {brewery_id}, t: {state})]", 0.0), operator: *, right: (1.0, 1.0), result: 0.0}
列 'p' 不存在，对列 state 不过滤，直接选择所有非无效值。
Block processing time: 0.002237 seconds
Computing Block 660 out of 663
Processing Block size=2
begin cleaner{left: ("[FunctionalDependency:(s: {brewery_id}, t: {state})]", 0.0), operator: *, right: (1.0, 1.0), result: 0.0}
列 'p' 不存在，对列 state 不过滤，直接选择所有非无效值。
Block processing time: 0.001511 seconds
Computing Block 662 out of 663
Processing Block size=3
begin cleaner{left: ("[FunctionalDependency:(s: {brewery_id}, t: {state})]", 0.0), operator: *, right: (1.0, 1.0), result: 0.0}
列 'p' 不存在，对列 state 不过滤，直接选择所有非无效值。
Block processing time: 0.002201 seconds
  当前节点: state 无清洗操作
['brewery_name', 'city', 'state']的清洗完成

本层累积的编辑规则数: 0
本层没有可以进行的清洗操作，进行下一层

清洗规则溯源分析:

处理第 1 层级, 包含节点: ['brewery_id']

处理第 2 层级, 包含节点: ['brewery_name', 'city', 'state']

清洗流程展示:
关联图存储到: TestDataset/result/train/beers/beers_5/acplt.png
清洗总执行时间: 19.1783 秒
清洗结果已保存到: TestDataset/result/train/beers/beers_5/beers_5Cleaned.csv
测评性能开始：
没有指定错误比例，仅进行原数据集的空值替换，不添加错误
已将注入错误的文件保存到: TestDataset/result/train/beers/beers_5/beers_5Cleaned.csv
差异文件已保存到:
TestDataset/result/train/beers/beers_5/beers_5_clean_vs_dirty.csv
TestDataset/result/train/beers/beers_5/beers_5_dirty_vs_cleaned.csv
TestDataset/result/train/beers/beers_5/beers_5_clean_vs_cleaned.csv
修复错误数据文件已保存到: TestDataset/result/train/beers/beers_5/beers_5_repair_errors.csv
未修复但是应该修复数据文件已保存到: TestDataset/result/train/beers/beers_5/beers_5_unrepaired.csv
修复准确率: 0.9636650868878357, 修复召回率: 0.26498696785403997, F1值: 0.4156729130837152
========================================
EDR 结果已保存到: TestDataset/result/train/beers/beers_5/beers_5_edr_evaluation.txt
错误减少率 (EDR): 0.2576020851433536
========================================
混合距离结果已保存到: TestDataset/result/train/beers/beers_5/beers_5_hybrid_distance_evaluation.txt
混合距离 (Hybrid Distance): 0.188606610126519
========================================
R-EDR 结果已保存到: TestDataset/result/train/beers/beers_5/beers_5_record_based_edr_evaluation.txt
基于条目的错误减少率 (R-EDR): 0.19088507265521795
========================================
测试结果:
Accuracy: 0.9636650868878357
Recall: 0.26498696785403997
F1 Score: 0.4156729130837152
EDR: 0.2576020851433536
Hybrid Distance: 0.188606610126519
R-EDR: 0.19088507265521795
time(s): 19.178320334
speed: 0.7957809267219916 seconds/100num
测评结束，详细测评日志见：TestDataset/result/train/beers/beers_5
