Attribute,Index,Clean Value,Dirty Value
src,2,airtravelcenter,a@@irtravel??center
src,5,businesstravellogue,bu#sinesstravellogue
src,7,flightexplorer,empty
src,8,flights,empty
src,9,flightstats,flight$stats??
src,12,flytecomm,flyte#co@@mm
src,18,orbitz,empty
src,25,boston,bost@@on
src,26,businesstravellogue,empty
src,30,flightstats,empty
src,33,flytecomm,f%lyt#ecomm
src,35,gofox,empty
src,41,panynj,pa##nynj
src,42,quicktrip,empty
src,47,aa,#aa@@
src,49,allegiantair,allegia$ntair
src,52,flightarrival,empty
src,54,flightexplorer,flighte@@xplorer
src,58,flylouisville,flylouisv@@ille
src,63,mco,m%c@@o
src,75,aa,a%a#
src,76,airtravelcenter,empty
src,77,allegiantair,alleg$ia??ntair
src,79,businesstravellogue,empty
src,80,dfw,??dfw
src,81,flightarrival,empty
src,85,flightstats,flightst$ats
src,87,flylouisville,empty
src,88,flytecomm,fly@@tecomm
src,92,myrateplan,my$rateplan
src,99,wunderground,empty
src,102,allegiantair,empty
src,103,boston,#bo%ston
src,106,flightexplorer,empty
src,114,gofox,empty
src,116,ifly,empty
src,129,boston,boston$
src,130,businesstravellogue,empty
src,132,flights,fli??gh%ts
src,134,flightview,%flightview
src,135,flylouisville,empty
src,136,flytecomm,empty
src,138,gofox,empty
src,141,orbitz,o$rbit??z
src,146,usatoday,usatoda%y
src,148,world-flight-tracker,empty
src,149,aa,empty
src,156,flights,empty
src,159,flytecomm,flytecomm$
src,165,orbitz,empty
src,172,airtravelcenter,empty
src,173,allegiantair,a$llegiantair
src,174,boston,bosto#n
src,175,businesstravellogue,empty
src,176,flightarrival,fligh%tarrival
src,181,flightview,f%lig@@htview
src,183,flylouisville,@@fl@@ylouisville
src,185,foxbusiness,??foxbusiness
src,187,helloflight,hel#loflight
src,188,mco,mc??o
src,191,orbitz,empty
src,198,wunderground,empty
src,203,businesstravellogue,empty
src,205,flightaware,$fl%ightaware
src,207,flights,empty
src,209,flightview,empty
src,216,mytripandmore,mytrip$andmore
src,220,travelocity,empty
src,223,world-flight-tracker,world-fligh@@t-tracker#
src,227,allegiantair,allegi??antair
src,238,gofox,g@@o#fox
src,244,ord,or@@d$
src,246,quicktrip,qu$ickt@@rip
src,249,weather,empty
src,254,allegiantair,allegia%$ntair
src,255,boston,empty
src,259,flightview,empty
src,261,flytecomm,flytecomm$
src,262,foxbusiness,empty
src,267,panynj,empty
src,270,weather,we%ather
src,280,flylouisville,empty
src,282,foxbusiness,empty
src,291,quicktrip,empty
src,297,airtravelcenter,empty
src,298,allegiantair,allegiant$air$
src,299,boston,$boston#
src,300,businesstravellogue,empty
src,301,flightaware,empty
src,306,flylouisville,empty
src,316,quicktrip,empty
src,320,wunderground,wun$dergro#und
src,321,aa,aa%
src,325,businesstravellogue,#businesstravellogue
src,333,flytecomm,empty
src,335,gofox,go@@fox%
src,339,myrateplan,#myratepla??n
src,344,travelocity,empty
src,351,allegiantair,alleg%??iantair
src,352,boston,empty
src,354,flightarrival,empty
src,363,gofox,$gofox
src,367,panynj,pa#ny??nj
src,370,weather,empty
src,374,airtravelcenter,empty
src,375,allegiantair,empty
src,378,flightarrival,flig%htarrival
src,379,flightaware,empty
src,381,flights,empty
src,383,flightview,flightvie%w
src,384,flylouisville,empty
src,387,gofox,g@@ofox??
src,388,helloflight,hel$loflight$
src,389,myrateplan,empty
src,390,orbitz,or@@bitz
src,393,quicktrip,qui@@c#ktrip
src,394,travelocity,tra#velocity
src,396,weather,empty
src,402,boston,empty
src,406,flightaware,empty
src,409,flightstats,flig$htstats
src,410,flightview,flight@@vie#w
src,417,myrateplan,myratepla@@n
src,420,panynj,empty
src,426,aa,empty
src,434,flightstats,fli%ghts??tats
src,440,gofox,empty
src,443,myrateplan,empty
src,444,mytripandmore,empty
src,449,weather,wea#ther
src,450,world-flight-tracker,world-flight-t??racker
src,451,wunderground,w$underground
src,458,flightaware,flighta??wa??re
src,459,flightexplorer,flightexpl#orer
src,463,flylouisville,flylouisville$
src,468,myrateplan,m@@yratep$lan
src,472,quicktrip,empty
src,473,travelocity,empty
src,474,weather,#w$eather
src,479,allegiantair,allegia%ntair
src,480,boston,bost#on??
src,481,businesstravellogue,empty
src,491,gofox,empty
src,493,myrateplan,empty
src,503,airtravelcenter,airtravelc#e%nter
src,505,boston,b#o??ston
src,506,businesstravellogue,empty
src,508,flightaware,empty
src,511,flightstats,fli%ghtstat%s
src,513,flylouisville,empty
src,517,helloflight,h#ell@@oflight
src,518,ifly,empty
src,519,myrateplan,myrat??epl$an
src,522,quicktrip,empty
src,529,allegiantair,allegi??antai@@r
src,531,businesstravellogue,busines#stravellogu#e
src,533,flightaware,flighta%ware
src,534,flights,fli%ghts
src,537,flylouisville,empty
src,543,myrateplan,myr#ateplan
src,546,panynj,pan%ynj
src,547,quicktrip,q??ui??cktrip
src,550,wunderground,empty
src,553,allegiantair,empty
src,554,boston,empty
src,557,flightaware,flightawa#re
src,558,flightexplorer,empty
src,561,flightview,fli$ghtvie$w
src,564,foxbusiness,empty
src,572,quicktrip,empty
src,575,weather,empty
src,577,wunderground,w@@und$erground
src,583,flightaware,flightaware$??
src,584,flightexplorer,empty
src,587,flightview,empty
src,589,flytecomm,empty
src,590,foxbusiness,foxbusine@@ss
src,595,orbitz,or??bi%tz
src,602,world-flight-tracker,empty
src,603,wunderground,wu??nderground
src,604,aa,aa$
src,615,flylouisville,empty
src,619,helloflight,empty
src,623,orbitz,orbitz%
src,626,quicktrip,empty
src,632,aa,empty
src,637,flightaware,flighta@@ware
src,639,flights,empty
src,640,flightstats,empty
src,642,flylouisville,flyloui%sv@@ille
src,643,flytecomm,empty
src,644,foxbusiness,empty
src,647,ifly,ifly$%
src,651,panynj,@@panynj
src,655,usatoday,empty
src,661,allegiantair,empty
src,662,boston,empty
src,664,flightarrival,flig%htarriva#l
src,669,flightview,flightv$iew
src,670,flightwise,fl@@ightwise
src,677,myrateplan,myrat??@@eplan
src,680,quicktrip,empty
src,682,usatoday,empty
src,683,weather,weat??her
src,686,aa,empty
src,690,businesstravellogue,businesst$ravellog@@ue
src,693,flightexplorer,empty
src,699,foxbusiness,empty
src,709,weather,empty
src,713,airtravelcenter,airtravel??center
src,718,flightexplorer,empty
src,720,flightstats,flight$@@stats
src,722,flightwise,fligh#twise
src,727,helloflight,h%elloflight
src,734,quicktrip,empty
src,735,travelocity,empty
src,740,airtravelcenter,airtravelcent@@er
src,743,businesstravellogue,empty
src,745,flightaware,fli??ghtawa%re
src,755,helloflight,%helloflig$ht
src,763,weather,empty
src,778,foxbusiness,empty
src,782,myrateplan,my@@rat%eplan
src,786,panynj,empty
src,789,weather,wea%t#her
src,798,flightarrival,flight#arrival
src,800,flights,empty
src,801,flightstats,f??li#ghtstats
src,805,foxbusiness,foxbusin??ess
src,806,gofox,empty
src,807,helloflight,empty
src,808,myrateplan,myra#teplan
src,811,quicktrip,@@quicktr??ip
src,812,travelocity,t@@ravelocity
src,815,wunderground,wu$ndergr#ound
src,816,aa,a$a??
src,820,businesstravellogue,businesstravellog@@ue
src,829,foxbusiness,empty
src,834,mytripandmore,myt%ripand$more
src,835,orbitz,empty
src,836,panynj,empty
src,837,quicktrip,empty
src,838,travelocity,trav??elocity#
src,839,usatoday,usat%oday
src,842,wunderground,empty
src,843,aa,a%a#
src,851,flylouisville,empty
src,852,flytecomm,f@@lyt??ecomm
src,853,foxbusiness,fox??busines$s
src,859,orbitz,orbi$@@tz
src,862,quicktrip,quicktr??i??p
src,863,travelocity,tr$ave#locity
src,864,weather,??@@weather
src,869,businesstravellogue,empty
src,870,flightarrival,empty
src,873,flights,empty
src,874,flightstats,empty
src,879,gofox,go??fox
src,883,ord,o@@r#d
src,891,airtravelcenter,airtravelce??$nter
src,904,gofox,empty
src,908,orbitz,empty
src,909,panynj,empty
src,912,usatoday,empty
src,917,airtravelcenter,empty
src,922,flightaware,empty
src,926,flightview,empty
src,927,flightwise,??flightwise
src,928,flylouisville,flylo$uisville
src,929,flytecomm,empty
src,933,myrateplan,myrat%ep$lan
src,935,orbitz,o@@rbitz
src,936,ord,o%rd%
src,938,quicktrip,quicktrip#
src,939,travelocity,traveloci??ty
src,946,allegiantair,a@@llegiantair
src,953,flightstats,flights@@tats%
src,954,flightview,empty
src,955,flylouisville,empty
src,956,flytecomm,empty
src,960,ifly,ifly@@@@
src,963,orbitz,empty
src,966,sfo,s$fo$
src,967,travelocity,travel%ocity
src,972,airtravelcenter,a%irtravelcent%er
src,974,boston,bos#ton
src,979,flightstats,empty
src,983,flytecomm,empty
src,986,helloflight,empty
src,987,myrateplan,myr%#ateplan
src,988,orbitz,empty
src,989,ord,@@ord$
src,991,quicktrip,qu%icktrip@@
src,993,wunderground,empty
src,994,aa,empty
src,999,flightarrival,empty
src,1000,flightexplorer,empty
src,1002,flightstats,empty
src,1003,flightview,f$lig??htview
src,1005,flytecomm,empty
src,1008,helloflight,empty
src,1010,mytripandmore,mytripand??mo@@re
src,1012,ord,empty
src,1021,businesstravellogue,bus??inesstra%vellogue
src,1025,flights,empty
src,1033,ifly,empty
src,1034,myrateplan,empty
src,1035,orbitz,orbitz#
src,1036,panynj,empty
src,1038,quicktrip,empty
src,1040,weather,??weather
src,1044,airtravelcenter,airtravelc#enter
src,1046,boston,b%osto??n
src,1049,flightaware,empty
src,1068,world-flight-tracker,%world-f??light-tracker
src,1071,airtravelcenter,empty
src,1077,flightexplorer,fl#ightexplor??er
src,1078,flights,f@@l#ights
src,1079,flightstats,empty
src,1087,myrateplan,empty
src,1088,orbitz,empty
src,1089,panynj,empty
src,1090,quicktrip,empty
src,1091,travelocity,empty
src,1094,world-flight-tracker,world-flight-%trac%ker
src,1098,allegiantair,allegian#tair
src,1099,boston,empty
src,1106,flytecomm,empty
src,1114,travelocity,empty
src,1119,aa,aa@@#
src,1120,airtravelcenter,airtravelc$enter
src,1126,flightexplorer,flightexplo??rer
src,1127,flights,empty
src,1131,flylouisville,fl$yl$ouisville
src,1132,flytecomm,empty
src,1133,foxbusiness,foxbusines$%s
src,1135,helloflight,hellofli$ght
src,1136,ifly,empty
src,1137,myrateplan,m??yrateplan#
src,1139,orbitz,empty
src,1140,panynj,empty
src,1141,quicktrip,empty
src,1146,world-flight-tracker,empty
src,1147,wunderground,wund%erground
src,1151,boston,empty
src,1156,flights,empty
src,1157,flightstats,flightstat#s@@
src,1158,flightview,fligh@@tvi@@ew
src,1161,foxbusiness,@@foxbusi%ness
src,1169,quicktrip,empty
src,1172,world-flight-tracker,world-fl@@ight-tracker
src,1176,allegiantair,a%llegiantair
src,1178,businesstravellogue,businesstravell@@ogue
src,1180,flightexplorer,f#lightexplorer
src,1182,flightstats,empty
src,1185,flylouisville,flyl%ouisville
src,1192,orbitz,orb%it#z
src,1198,world-flight-tracker,world-fli@@ght-tracker
src,1200,aa,empty
src,1202,allegiantair,empty
src,1203,boston,boston$
src,1206,flightexplorer,empty
src,1211,foxbusiness,f%#oxbusiness
src,1214,myrateplan,myra%??teplan
src,1215,mytripandmore,my#tripandmore$
src,1216,orbitz,orbit%z
src,1217,panynj,panyn$j$
src,1218,travelocity,tra??$velocity
src,1219,weather,@@weather@@
src,1220,world-flight-tracker,world-flight-tra??cke@@r
src,1225,boston,empty
src,1227,den,??den
src,1228,flightaware,empty
src,1231,flightstats,empty
src,1234,flylouisville,empty
src,1235,flytecomm,flyt%ecomm
src,1236,foxbusiness,empty
src,1239,ifly,i@$@fly
src,1243,panynj,p??any??nj
src,1244,quicktrip,empty
src,1247,weather,empty
src,1252,allegiantair,empty
src,1254,businesstravellogue,#busine#sstravellogue
src,1255,flightarrival,flighta#rrival
src,1258,flightstats,empty
src,1259,flightview,fl$ightview
src,1260,flightwise,f%lightwise
src,1263,foxbusiness,foxb$usiness
src,1267,orbitz,or#bitz
src,1273,weather,weat$her
src,1278,allegiantair,a@@llegiantair
src,1286,flightview,empty
src,1287,flylouisville,empty
src,1289,foxbusiness,empty
src,1291,helloflight,he#llofligh@@t
src,1296,quicktrip,quick$tri??p
src,1297,wunderground,empty
src,1300,allegiantair,empty
src,1303,flightarrival,fl%ightarrival
src,1305,flightstats,fligh??t%stats
src,1313,orbitz,orbitz$
src,1314,panynj,empty
src,1316,travelocity,empty
src,1321,boston,boston#
src,1323,flightarrival,empty
src,1324,flights,flights#
src,1328,flytecomm,fl#ytecomm
src,1329,foxbusiness,foxbusiness??#
src,1333,myrateplan,empty
src,1335,orbitz,empty
src,1337,quicktrip,empty
src,1341,allegiantair,allegia@@ntair
src,1342,boston,empty
src,1343,businesstravellogue,empty
src,1344,flightarrival,flightarriv#al
src,1345,flightaware,empty
src,1346,flightexplorer,flighte@@xplorer
src,1347,flights,empty
src,1352,foxbusiness,f$oxbusiness
src,1355,mco,m%co
src,1356,myrateplan,my%rateplan@@
src,1357,orbitz,empty
src,1359,quicktrip,empty
src,1367,allegiantair,alleg#iantair
src,1373,flylouisville,empty
src,1374,flytecomm,flytecom??m
src,1375,foxbusiness,empty
src,1377,helloflight,empty
src,1382,panynj,empty
src,1383,quicktrip,quic#@@ktrip
src,1385,usatoday,usatod%#ay
src,1395,flightstats,empty
src,1399,foxbusiness,empty
src,1406,travelocity,empty
src,1407,weather,weather#
src,1410,allegiantair,empty
src,1413,flightaware,flighta#ware
src,1415,flights,empty
src,1416,flightstats,empty
src,1419,flytecomm,$f$lytecomm
src,1420,foxbusiness,empty
src,1421,gofox,empty
src,1428,quicktrip,qu??i@@cktrip
src,1434,boston,boston??
src,1439,flightview,empty
src,1441,flytecomm,empty
src,1442,foxbusiness,foxbusi$ness
src,1452,CO,C$$O
src,1453,airtravelcenter,airtra@@velce#nter
src,1455,boston,bo@@sto@@n
src,1467,ifly,empty
src,1468,myrateplan,empty
src,1472,quicktrip,quic#ktrip
src,1474,CO,%C#O
src,1475,airtravelcenter,empty
src,1478,businesstravellogue,busines#stra#vellogue
src,1481,flights,$flig$hts
src,1485,flylouisville,flylouisv%ille
src,1489,helloflight,h@@ello%flight
src,1495,travelocity,empty
src,1498,world-flight-tracker,world-flight-??tracker
src,1507,flightstats,empty
src,1509,flylouisville,empty
src,1511,foxbusiness,empty
src,1512,gofox,g$of$ox
src,1516,panynj,p#anynj
src,1518,travelocity,empty
src,1519,weather,empty
src,1522,CO,empty
src,1523,airtravelcenter,airtrave$lcenter
src,1528,flights,empty
src,1529,flightstats,flightstats??
src,1537,myrateplan,myr#atepl@@an
src,1539,orbitz,empty
src,1540,panynj,empty
src,1546,boston,empty
src,1550,flightexplorer,empty
src,1551,flights,empty
src,1552,flightstats,f#lightstats
src,1557,gofox,g%ofox
src,1570,flightarrival,empty
src,1573,flightview,fl??ightview
src,1574,flylouisville,empty
src,1575,flytecomm,empty
src,1576,foxbusiness,empty
src,1579,myrateplan,empty
src,1580,mytripandmore,mytripan??dm%ore
src,1593,flights,flight%s
src,1595,flightview,empty
src,1596,flylouisville,empty
src,1606,CO,empty
src,1609,boston,??boston
src,1610,businesstravellogue,empty
src,1614,flightview,flightv@@iew$
src,1617,foxbusiness,empty
src,1621,myrateplan,#my$rateplan
src,1628,allegiantair,empty
src,1634,flightview,flightv@@i??ew
src,1639,helloflight,hel@@lofligh$t
src,1640,myrateplan,empty
src,1641,mytripandmore,empty
src,1642,orbitz,or$bitz%
src,1646,weather,empty
src,1650,boston,empty
src,1652,flightaware,empty
src,1658,flytecomm,flyteco@@mm
src,1668,CO,C@@O
src,1671,boston,bo??s@@ton
src,1675,flightview,empty
src,1676,flylouisville,f$ly#louisville
src,1689,allegiantair,empty
src,1694,flightview,fli@@$ghtview
src,1700,myrateplan,empty
src,1703,ua,u#a
src,1705,airtravelcenter,ai??rtravelce@@nter
src,1711,flightstats,fligh@@#tstats
src,1712,flightview,empty
src,1714,flytecomm,empty
src,1716,gofox,go#fox
src,1717,helloflight,empty
src,1721,panynj,panyn??j
src,1724,ua,??ua
src,1725,weather,empty
src,1728,boston,bos??ton@@
src,1731,flightaware,empty
src,1733,flights,flig??hts
src,1740,helloflight,hello#flight
src,1743,mytripandmore,mytrip??andmore
src,1748,ua,ua??@@
src,1751,world-flight-tracker,empty
src,1753,airtravelcenter,airtr$avelcenter@@
src,1755,boston,bo@@ston
src,1758,flights,f$light@@s
src,1762,flytecomm,empty
src,1765,helloflight,??helloflight
src,1766,myrateplan,empty
src,1767,orbitz,or$bitz
src,1768,ord,empty
src,1786,myrateplan,empty
src,1791,travelocity,empty
src,1792,ua,empty
src,1797,businesstravellogue,empty
src,1799,flightaware,empty
src,1800,flightexplorer,flightexplor#er
src,1807,gofox,empty
src,1814,sfo,empty
src,1816,ua,??@@ua
src,1817,usatoday,empty
src,1820,wunderground,wunderg??round
src,1827,flightstats,flightstats??
src,1830,flytecomm,flytecom@@m
src,1831,foxbusiness,foxb@@us@@iness
src,1835,orbitz,empty
src,1839,ua,@@ua
src,1841,weather,empty
src,1842,airtravelcenter,empty
src,1849,flylouisville,empty
src,1857,quicktrip,empty
src,1861,weather,empty
src,1862,airtravelcenter,a@@irt#ravelcenter
src,1865,businesstravellogue,businesstravel#logue
src,1866,flightaware,empty
src,1870,flylouisville,flylouisv??i$lle
src,1880,travelocity,traveloci#ty
src,1881,ua,empty
src,1882,weather,weathe??r$
src,1883,world-flight-tracker,empty
src,1889,flights,empty
src,1900,panynj,panynj??
src,1902,travelocity,empty
src,1903,ua,ua??
src,1905,world-flight-tracker,empty
src,1916,flytecomm,empty
src,1918,gofox,empty
src,1925,travelocity,empty
src,1929,wunderground,empty
src,1936,flightstats,empty
src,1937,flightview,flightvie%w
src,1942,helloflight,empty
src,1944,mytripandmore,mytri??p??andmore
src,1946,panynj,empty
src,1952,world-flight-tracker,empty
src,1954,airtravelcenter,air%tra??velcenter
src,1957,businesstravellogue,#businesstravellogu$e
src,1960,flightstats,empty
src,1961,flightview,flig@@htview
src,1965,foxbusiness,empty
src,1968,myrateplan,empty
src,1969,mytripandmore,$mytripandmore
src,1976,weather,@@weather
src,1983,flightaware,flightawar#e
src,1989,foxbusiness,empty
src,1994,orbitz,o%rbitz
src,1996,quicktrip,%quic%ktrip
src,1998,ua,empty
src,1999,weather,weat@@her
src,2003,allegiantair,empty
src,2005,businesstravellogue,empty
src,2011,flylouisville,empty
src,2012,flytecomm,empty
src,2014,gofox,empty
src,2018,panynj,empty
src,2022,ua,u%a
src,2025,airtravelcenter,air$tra@@velcenter
src,2026,allegiantair,empty
src,2035,gofox,go%fox%
src,2039,panynj,empty
src,2041,travelocity,traveloc@@%ity
src,2045,airtravelcenter,ai%rtr??avelcenter
src,2049,flightarrival,empty
src,2051,flightview,empty
src,2059,orbitz,orbi??t$z
src,2061,travelocity,travel%ocity
src,2064,weather,empty
src,2067,boston,b%o#ston
src,2076,flytecomm,empty
src,2082,panynj,empty
src,2086,airtravelcenter,airt#ravelce$nter
src,2089,businesstravellogue,empty
src,2092,flightexplorer,flig$htexplorer
src,2094,flightstats,flightstats#
src,2098,foxbusiness,empty
src,2107,ua,empty
src,2111,allegiantair,allegi#antair%
src,2114,flightarrival,%flightarr$ival
src,2125,helloflight,empty
src,2126,ifly,empty
src,2127,myrateplan,myrat??epl%an
src,2129,orbitz,orbit#@@z
src,2131,quicktrip,empty
src,2135,weather,w%eather
src,2138,allegiantair,empty
src,2139,boston,empty
src,2143,flightstats,empty
src,2144,flightview,empty
src,2145,flylouisville,empty
src,2149,helloflight,empty
src,2154,sfo,sf#o??
src,2156,ua,u@@a
src,2157,weather,w$eather
src,2159,airtravelcenter,empty
src,2161,boston,bos@@to$n
src,2163,flightarrival,empty
src,2164,flightexplorer,fli$ghtexplorer
src,2171,gofox,empty
src,2172,helloflight,empty
src,2175,panynj,$panynj
src,2178,travelocity,travelo@@c%ity
src,2183,allegiantair,empty
src,2189,flylouisville,??flylouisville
src,2190,flytecomm,flyt$ec$omm
src,2191,foxbusiness,empty
src,2192,gofox,empty
src,2194,myrateplan,myratepl@@an
src,2198,ua,empty
src,2201,allegiantair,empty
src,2204,flights,fli@@ghts
src,2212,ifly,i$f??ly
src,2217,travelocity,tr$avelocity
src,2218,ua,empty
src,2219,weather,we$ather
src,2222,boston,bosto%n
src,2226,flights,f$li%ghts
src,2228,flylouisville,flylouisvi@@lle
src,2236,panynj,panyn$??j
src,2239,usatoday,empty
src,2254,foxbusiness,f@@oxbusi#ness
src,2260,ord,o%rd??
src,2261,panynj,panyn#j@@
src,2272,boston,empty
src,2275,flightaware,f@@lightaware
src,2282,foxbusiness,fo??xbus??iness
src,2285,myrateplan,myrate%p%lan
src,2286,mytripandmore,mytripa@@ndmore
src,2287,orbitz,empty
src,2288,ord,empty
src,2295,allegiantair,empty
src,2296,boston,empty
src,2300,flightview,empty
src,2301,flylouisville,f@@lylouisvil??le
src,2304,gofox,go@#@fox
src,2307,orbitz,orb#@@itz
src,2309,panynj,pany@@n??j
src,2310,quicktrip,qui??cktri??p
src,2317,boston,empty
src,2320,flights,empty
src,2323,flylouisville,empty
src,2338,boston,bost??on
src,2340,flightarrival,empty
src,2348,myrateplan,empty
src,2350,panynj,p$anyn??j
src,2351,travelocity,tra#velocity
src,2355,allegiantair,allegianta%ir
src,2358,den,de%@@n
src,2359,flightarrival,flightarrival@@
src,2361,flights,flight#@@s
src,2363,flightview,flightvi??ew
src,2367,gofox,g%ofox@@
src,2373,panynj,p%anynj
flight,3,AA-1007-MIA-PHX,empty
flight,6,AA-1007-MIA-PHX,A$A-10#07-MIA-PHX
flight,9,AA-1007-MIA-PHX,empty
flight,11,AA-1007-MIA-PHX,AA-1007-MIA-P??HX
flight,13,AA-1007-MIA-PHX,empty
flight,14,AA-1007-MIA-PHX,empty
flight,15,AA-1007-MIA-PHX,AA-$1007-MIA-PHX
flight,16,AA-1007-MIA-PHX,AA-1007-MIA#-PHX
flight,18,AA-1007-MIA-PHX,empty
flight,19,AA-1007-MIA-PHX,AA-10??07-MIA@@-PHX
flight,22,AA-1165-JFK-MIA,AA-1165-JFK-MI??A
flight,26,AA-1165-JFK-MIA,AA-116#5-JFK-MI@@A
flight,27,AA-1165-JFK-MIA,AA-116??5-JFK-MIA
flight,30,AA-1165-JFK-MIA,empty
flight,34,AA-1165-JFK-MIA,AA-1%165-JFK-MIA
flight,39,AA-1165-JFK-MIA,AA-1@@165-JFK-MI%A
flight,40,AA-1165-JFK-MIA,AA$-1165-JFK-M#IA
flight,42,AA-1165-JFK-MIA,AA-11#65-JF%K-MIA
flight,45,AA-1165-JFK-MIA,empty
flight,46,AA-1165-JFK-MIA,empty
flight,52,AA-1221-MCO-ORD,empty
flight,54,AA-1221-MCO-ORD,@@AA-1221-MCO-ORD
flight,55,AA-1221-MCO-ORD,AA#-1221-MCO-ORD
flight,56,AA-1221-MCO-ORD,empty
flight,58,AA-1221-MCO-ORD,AA-12#21-MCO-ORD
flight,62,AA-1221-MCO-ORD,AA-1221-MCO-O??RD
flight,72,AA-1221-MCO-ORD,AA-1%22??1-MCO-ORD
flight,76,AA-1279-DFW-PHX,AA-1279-DFW-PHX$
flight,80,AA-1279-DFW-PHX,AA-127??9-DFW-$PHX
flight,81,AA-1279-DFW-PHX,AA-1279-#DFW-PHX
flight,85,AA-1279-DFW-PHX,empty
flight,94,AA-1279-DFW-PHX,#AA-1279-DFW-PHX
flight,101,AA-1434-DFW-MCO,empty
flight,107,AA-1434-DFW-MCO,AA-$1434-DFW-MCO
flight,109,AA-1434-DFW-MCO,empty
flight,112,AA-1434-DFW-MCO,AA-1434-DFW-MCO%
flight,113,AA-1434-DFW-MCO,AA-1434-DFW-MC??O
flight,114,AA-1434-DFW-MCO,AA-143@@4-DFW-MCO
flight,124,AA-1434-DFW-MCO,AA-14#34-DFW-MCO
flight,125,AA-1434-DFW-MCO,empty
flight,139,AA-1522-SFO-ORD,empty
flight,143,AA-1522-SFO-ORD,empty
flight,147,AA-1522-SFO-ORD,empty
flight,149,AA-1544-SAN-ORD,empty
flight,152,AA-1544-SAN-ORD,$AA-1544-@@SAN-ORD
flight,153,AA-1544-SAN-ORD,empty
flight,154,AA-1544-SAN-ORD,AA-1544%-SA#N-ORD
flight,156,AA-1544-SAN-ORD,empty
flight,159,AA-1544-SAN-ORD,@@AA-1544-SAN-ORD
flight,161,AA-1544-SAN-ORD,AA-@@1544-SAN-ORD
flight,162,AA-1544-SAN-ORD,AA@@#-1544-SAN-ORD
flight,165,AA-1544-SAN-ORD,empty
flight,168,AA-1544-SAN-ORD,empty
flight,174,AA-1640-MIA-MCO,empty
flight,178,AA-1640-MIA-MCO,AA-1$640-MIA-MCO
flight,184,AA-1640-MIA-MCO,empty
flight,187,AA-1640-MIA-MCO,empty
flight,188,AA-1640-MIA-MCO,empty
flight,189,AA-1640-MIA-MCO,@@AA-1640-MIA-MCO
flight,195,AA-1640-MIA-MCO,empty
flight,199,AA-1664-MIA-ATL,AA-1664#-MIA-ATL
flight,200,AA-1664-MIA-ATL,empty
flight,203,AA-1664-MIA-ATL,empty
flight,204,AA-1664-MIA-ATL,empty
flight,205,AA-1664-MIA-ATL,AA$-??1664-MIA-ATL
flight,211,AA-1664-MIA-ATL,AA@@-1664-MIA-ATL
flight,215,AA-1664-MIA-ATL,empty
flight,220,AA-1664-MIA-ATL,AA-1664#-M#IA-ATL
flight,221,AA-1664-MIA-ATL,empty
flight,224,AA-1664-MIA-ATL,AA-1664-MIA-AT$L
flight,225,AA-1733-ORD-PHX,empty
flight,231,AA-1733-ORD-PHX,AA-1733-??ORD-PHX
flight,237,AA-1733-ORD-PHX,AA-1733-ORD-P%HX
flight,242,AA-1733-ORD-PHX,empty
flight,243,AA-1733-ORD-PHX,AA-1733$-ORD-PHX
flight,244,AA-1733-ORD-PHX,empty
flight,251,AA-1733-ORD-PHX,empty
flight,254,AA-1886-BOS-MIA,AA-1886-BOS-M??IA
flight,256,AA-1886-BOS-MIA,AA##-1886-BOS-MIA
flight,257,AA-1886-BOS-MIA,empty
flight,259,AA-1886-BOS-MIA,%AA-1886$-BOS-MIA
flight,268,AA-1886-BOS-MIA,A@@A-1886-BOS-MIA
flight,275,AA-1917-JFK-MCO,$AA-1917-JFK-MCO
flight,293,AA-1917-JFK-MCO,AA-1917-@@JFK-MCO
flight,295,AA-1917-JFK-MCO,AA-1917-JFK-#%MCO
flight,300,AA-204-LAX-MCO,empty
flight,305,AA-204-LAX-MCO,empty
flight,306,AA-204-LAX-MCO,AA-204-LAX-MC$O
flight,307,AA-204-LAX-MCO,empty
flight,309,AA-204-LAX-MCO,empty
flight,313,AA-204-LAX-MCO,empty
flight,316,AA-204-LAX-MCO,empty
flight,319,AA-204-LAX-MCO,AA-204-LA@@X-#MCO
flight,324,AA-2050-ORD-MIA,AA-2050-O??R%D-MIA
flight,328,AA-2050-ORD-MIA,#AA-2050-ORD-M%IA
flight,332,AA-2050-ORD-MIA,AA-2050??-ORD-MIA
flight,334,AA-2050-ORD-MIA,AA-@@2050-%ORD-MIA
flight,335,AA-2050-ORD-MIA,AA-20??50-ORD-MIA
flight,338,AA-2050-ORD-MIA,AA-205#0@@-ORD-MIA
flight,341,AA-2050-ORD-MIA,AA-2050@@-#ORD-MIA
flight,342,AA-2050-ORD-MIA,AA-2050-OR%D-MIA
flight,343,AA-2050-ORD-MIA,AA-2050%-ORD@@-MIA
flight,352,AA-222-LAX-BOS,AA-222-LAX-BOS??
flight,356,AA-222-LAX-BOS,empty
flight,360,AA-222-LAX-BOS,AA-222-LA??X-BOS
flight,361,AA-222-LAX-BOS,empty
flight,363,AA-222-LAX-BOS,empty
flight,364,AA-222-LAX-BOS,empty
flight,371,AA-222-LAX-BOS,A@@A-222-??LAX-BOS
flight,372,AA-222-LAX-BOS,AA-222-LAX-#BOS
flight,381,AA-2268-PHX-ORD,AA-2268-PHX-OR??D
flight,389,AA-2268-PHX-ORD,empty
flight,392,AA-2268-PHX-ORD,empty
flight,393,AA-2268-PHX-ORD,empty
flight,397,AA-2268-PHX-ORD,empty
flight,400,AA-2312-DFW-DTW,AA-2312-DFW-@@DTW
flight,410,AA-2312-DFW-DTW,empty
flight,411,AA-2312-DFW-DTW,empty
flight,413,AA-2312-DFW-DTW,empty
flight,417,AA-2312-DFW-DTW,empty
flight,420,AA-2312-DFW-DTW,empty
flight,423,AA-2312-DFW-DTW,#AA-23#12-DFW-DTW
flight,425,AA-2312-DFW-DTW,AA-2312-DFW-D#TW
flight,430,AA-2525-DFW-MIA,empty
flight,432,AA-2525-DFW-MIA,empty
flight,433,AA-2525-DFW-MIA,empty
flight,435,AA-2525-DFW-MIA,empty
flight,437,AA-2525-DFW-MIA,empty
flight,438,AA-2525-DFW-MIA,empty
flight,441,AA-2525-DFW-MIA,AA-2525-DFW-MI#A
flight,443,AA-2525-DFW-MIA,A#A-2525-DFW-MIA
flight,446,AA-2525-DFW-MIA,AA-2525@@-DFW-MIA
flight,447,AA-2525-DFW-MIA,empty
flight,451,AA-2525-DFW-MIA,AA$-2525-DFW-M@@IA
flight,455,AA-271-MIA-LAX,empty
flight,457,AA-271-MIA-LAX,AA-271#-MIA-LAX
flight,460,AA-271-MIA-LAX,empty
flight,461,AA-271-MIA-LAX,empty
flight,463,AA-271-MIA-LAX,empty
flight,466,AA-271-MIA-LAX,empty
flight,467,AA-271-MIA-LAX,empty
flight,473,AA-271-MIA-LAX,AA-27??1-MIA-$LAX
flight,476,AA-271-MIA-LAX,AA-271-MIA@@-LAX
flight,477,AA-2957-DFW-CVG,AA-29#$57-DFW-CVG
flight,482,AA-2957-DFW-CVG,empty
flight,485,AA-2957-DFW-CVG,AA-2957-%D??FW-CVG
flight,488,AA-2957-DFW-CVG,AA-2957-DFW-C??VG
flight,489,AA-2957-DFW-CVG,empty
flight,493,AA-2957-DFW-CVG,empty
flight,497,AA-2957-DFW-CVG,empty
flight,499,AA-2957-DFW-CVG,A#A-2957-DFW-CVG
flight,506,AA-3-JFK-LAX,empty
flight,507,AA-3-JFK-LAX,empty
flight,511,AA-3-JFK-LAX,AA-3-JFK-L%A??X
flight,517,AA-3-JFK-LAX,empty
flight,518,AA-3-JFK-LAX,AA-@@3-JFK-@@LAX
flight,520,AA-3-JFK-LAX,AA-3-JFK-L??AX
flight,523,AA-3-JFK-LAX,AA-3-JFK-$LAX
flight,527,AA-3063-SLC-LAX,AA-3%063-SLC-$LAX
flight,536,AA-3063-SLC-LAX,empty
flight,538,AA-3063-SLC-LAX,empty
flight,544,AA-3063-SLC-LAX,AA-30#63-SLC-LAX#
flight,545,AA-3063-SLC-LAX,empty
flight,546,AA-3063-SLC-LAX,AA-306$3-SLC-LA#X
flight,548,AA-3063-SLC-LAX,AA-306#3-SLC-LAX
flight,552,AA-3468-CVG-MIA,??AA-3468-CVG-MIA
flight,558,AA-3468-CVG-MIA,AA-3468-CV@@G-MIA
flight,561,AA-3468-CVG-MIA,AA#-3468-CVG-MIA
flight,562,AA-3468-CVG-MIA,A#A-3468-CVG-M%IA
flight,563,AA-3468-CVG-MIA,empty
flight,566,AA-3468-CVG-MIA,AA-34@@68-CVG-MIA
flight,568,AA-3468-CVG-MIA,empty
flight,570,AA-3468-CVG-MIA,AA-3468-C$V$G-MIA
flight,571,AA-3468-CVG-MIA,AA-3468@@-$CVG-MIA
flight,578,AA-3756-ORD-SLC,AA-3756-ORD-S$L@@C
flight,586,AA-3756-ORD-SLC,empty
flight,589,AA-3756-ORD-SLC,AA-3756-%O??RD-SLC
flight,590,AA-3756-ORD-SLC,AA-3756-ORD????-SLC
flight,598,AA-3756-ORD-SLC,empty
flight,616,AA-3786-IAH-ORD,AA-3786-IAH-ORD@@
flight,618,AA-3786-IAH-ORD,AA-3786-I%@@AH-ORD
flight,619,AA-3786-IAH-ORD,empty
flight,622,AA-3786-IAH-ORD,empty
flight,630,AA-3786-IAH-ORD,AA-3786-%IAH-ORD
flight,632,AA-3804-PHL-ORD,AA-3804-PHL-O??RD
flight,634,AA-3804-PHL-ORD,empty
flight,636,AA-3804-PHL-ORD,empty
flight,638,AA-3804-PHL-ORD,empty
flight,642,AA-3804-PHL-ORD,empty
flight,651,AA-3804-PHL-ORD,empty
flight,653,AA-3804-PHL-ORD,empty
flight,655,AA-3804-PHL-ORD,AA-380$4-PHL-ORD
flight,660,AA-3809-PHX-LAX,empty
flight,662,AA-3809-PHX-LAX,empty
flight,665,AA-3809-PHX-LAX,AA-3809-PHX-LAX??
flight,670,AA-3809-PHX-LAX,empty
flight,676,AA-3809-PHX-LAX,empty
flight,682,AA-3809-PHX-LAX,empty
flight,683,AA-3809-PHX-LAX,%AA-3809-PHX-LAX
flight,686,AA-3823-LAX-DEN,@@AA-3823-LAX??-DEN
flight,689,AA-3823-LAX-DEN,AA-3823-LA??X-DEN
flight,694,AA-3823-LAX-DEN,empty
flight,695,AA-3823-LAX-DEN,AA-3823-LAX-DE$N
flight,697,AA-3823-LAX-DEN,AA-@@3823-LAX-DE$N
flight,706,AA-3823-LAX-DEN,empty
flight,712,AA-3842-MSP-ORD,empty
flight,713,AA-3842-MSP-ORD,AA-384??2-MSP-ORD
flight,721,AA-3842-MSP-ORD,empty
flight,724,AA-3842-MSP-ORD,AA-3842-MSP-O$RD
flight,727,AA-3842-MSP-ORD,A??A-3$842-MSP-ORD
flight,731,AA-3842-MSP-ORD,AA-@@3842-MS#P-ORD
flight,732,AA-3842-MSP-ORD,empty
flight,733,AA-3842-MSP-ORD,empty
flight,734,AA-3842-MSP-ORD,AA-3842@@-MSP-ORD
flight,735,AA-3842-MSP-ORD,AA-3842-MSP-ORD%
flight,737,AA-3842-MSP-ORD,AA-384??2-MSP-ORD
flight,749,AA-3859-IAH-ORD,AA-3859-IAH-ORD%
flight,756,AA-3859-IAH-ORD,AA-3859-IAH%-ORD
flight,763,AA-3859-IAH-ORD,AA-3859-%IAH-O#RD
flight,767,AA-3979-CVG-ORD,AA-3979$-C??VG-ORD
flight,775,AA-3979-CVG-ORD,empty
flight,776,AA-3979-CVG-ORD,AA-39#79-CVG-ORD
flight,786,AA-3979-CVG-ORD,AA-3979$-CVG-ORD
flight,791,AA-3979-CVG-ORD,AA-3%979-CVG-ORD
flight,796,AA-400-DFW-JFK,empty
flight,797,AA-400-DFW-JFK,AA-400-DFW-J@@#FK
flight,801,AA-400-DFW-JFK,empty
flight,803,AA-400-DFW-JFK,empty
flight,806,AA-400-DFW-JFK,AA-@@%400-DFW-JFK
flight,808,AA-400-DFW-JFK,empty
flight,809,AA-400-DFW-JFK,empty
flight,812,AA-400-DFW-JFK,empty
flight,814,AA-400-DFW-JFK,empty
flight,818,AA-404-MIA-MCO,empty
flight,822,AA-404-MIA-MCO,empty
flight,827,AA-404-MIA-MCO,empty
flight,828,AA-404-MIA-MCO,empty
flight,833,AA-404-MIA-MCO,empty
flight,837,AA-404-MIA-MCO,empty
flight,839,AA-404-MIA-MCO,empty
flight,840,AA-404-MIA-MCO,empty
flight,841,AA-404-MIA-MCO,empty
flight,842,AA-404-MIA-MCO,empty
flight,843,AA-415-BOS-ORD,empty
flight,849,AA-415-BOS-ORD,empty
flight,851,AA-415-BOS-ORD,AA-415-B$OS-ORD
flight,853,AA-415-BOS-ORD,AA-415@@-BOS-O??RD
flight,855,AA-415-BOS-ORD,empty
flight,857,AA-415-BOS-ORD,AA-415-BOS-OR%D
flight,858,AA-415-BOS-ORD,AA#-415-BOS-@@ORD
flight,860,AA-415-BOS-ORD,empty
flight,864,AA-415-BOS-ORD,empty
flight,865,AA-4198-ORD-CLE,empty
flight,866,AA-4198-ORD-CLE,empty
flight,867,AA-4198-ORD-CLE,empty
flight,876,AA-4198-ORD-CLE,AA-4198-O??%RD-CLE
flight,882,AA-4198-ORD-CLE,empty
flight,883,AA-4198-ORD-CLE,??AA-4198$-ORD-CLE
flight,885,AA-4198-ORD-CLE,empty
flight,896,AA-4277-CVG-JFK,AA-42#77-$CVG-JFK
flight,904,AA-4277-CVG-JFK,AA??-4277-CVG-JFK
flight,905,AA-4277-CVG-JFK,empty
flight,907,AA-4277-CVG-JFK,empty
flight,908,AA-4277-CVG-JFK,AA-4277-C@@VG-JFK
flight,911,AA-4277-CVG-JFK,#AA-4277-CVG-JFK
flight,916,AA-4307-ORD-DTW,#AA-4@@307-ORD-DTW
flight,917,AA-4307-ORD-DTW,empty
flight,920,AA-4307-ORD-DTW,empty
flight,925,AA-4307-ORD-DTW,AA-4307-ORD-D??TW#
flight,928,AA-4307-ORD-DTW,empty
flight,931,AA-4307-ORD-DTW,AA-4307$-ORD-DTW
flight,932,AA-4307-ORD-DTW,empty
flight,933,AA-4307-ORD-DTW,empty
flight,939,AA-4307-ORD-DTW,AA-4307-??ORD-DTW
flight,942,AA-4307-ORD-DTW,AA-4307-@%@ORD-DTW
flight,949,AA-431-MIA-SFO,empty
flight,958,AA-431-MIA-SFO,empty
flight,959,AA-431-MIA-SFO,AA@@-431-MIA-SFO
flight,962,AA-431-MIA-SFO,AA-431-MI??A-SFO
flight,968,AA-431-MIA-SFO,empty
flight,973,AA-4330-CVG-ORD,empty
flight,981,AA-4330-CVG-ORD,AA-@@433??0-CVG-ORD
flight,985,AA-4330-CVG-ORD,empty
flight,990,AA-4330-CVG-ORD,AA#-43$30-CVG-ORD
flight,1000,AA-4344-ORD-DTW,AA-4344-ORD??-DTW
flight,1001,AA-4344-ORD-DTW,A??A-??4344-ORD-DTW
flight,1006,AA-4344-ORD-DTW,AA@@-4344-ORD-DTW%
flight,1007,AA-4344-ORD-DTW,AA-4344-O#RD-DTW
flight,1015,AA-4344-ORD-DTW,AA-4344-@@ORD-DTW
flight,1018,AA-446-DFW-PHL,empty
flight,1022,AA-446-DFW-PHL,AA-446-%DFW-PHL
flight,1028,AA-446-DFW-PHL,AA-446-D%FW-#PHL
flight,1031,AA-446-DFW-PHL,AA-#446-DF$W-PHL
flight,1035,AA-446-DFW-PHL,A#A-446-DF$W-PHL
flight,1041,AA-446-DFW-PHL,empty
flight,1047,AA-466-IAH-MIA,empty
flight,1048,AA-466-IAH-MIA,empty
flight,1054,AA-466-IAH-MIA,empty
flight,1055,AA-466-IAH-MIA,AA-4??66-IA%H-MIA
flight,1057,AA-466-IAH-MIA,empty
flight,1060,AA-466-IAH-MIA,empty
flight,1063,AA-466-IAH-MIA,empty
flight,1065,AA-466-IAH-MIA,AA-466-IA#H-M??IA
flight,1066,AA-466-IAH-MIA,empty
flight,1067,AA-466-IAH-MIA,empty
flight,1068,AA-466-IAH-MIA,A$A-466-IAH-MIA$
flight,1069,AA-466-IAH-MIA,AA-466-I%AH-MIA
flight,1076,AA-484-DFW-MIA,empty
flight,1078,AA-484-DFW-MIA,empty
flight,1081,AA-484-DFW-MIA,empty
flight,1087,AA-484-DFW-MIA,A#A@@-484-DFW-MIA
flight,1088,AA-484-DFW-MIA,empty
flight,1090,AA-484-DFW-MIA,empty
flight,1094,AA-484-DFW-MIA,empty
flight,1096,AA-518-MIA-JFK,AA#-518-MIA-JFK
flight,1099,AA-518-MIA-JFK,empty
flight,1100,AA-518-MIA-JFK,empty
flight,1108,AA-518-MIA-JFK,empty
flight,1109,AA-518-MIA-JFK,empty
flight,1113,AA-518-MIA-JFK,AA#-518-MIA-JFK
flight,1115,AA-518-MIA-JFK,empty
flight,1117,AA-518-MIA-JFK,empty
flight,1120,AA-59-JFK-SFO,AA-59-JFK$-SF#O
flight,1121,AA-59-JFK-SFO,AA-59??-JFK-S??FO
flight,1122,AA-59-JFK-SFO,empty
flight,1123,AA-59-JFK-SFO,AA-59-JF$K-SFO
flight,1124,AA-59-JFK-SFO,A#A-59-JFK-SFO
flight,1127,AA-59-JFK-SFO,AA-59%-JFK-SFO
flight,1128,AA-59-JFK-SFO,AA-5??9-JFK-SFO
flight,1132,AA-59-JFK-SFO,empty
flight,1137,AA-59-JFK-SFO,AA-59-#JFK-SFO
flight,1141,AA-59-JFK-SFO,AA-59@@-JFK@@-SFO
flight,1143,AA-59-JFK-SFO,empty
flight,1144,AA-59-JFK-SFO,empty
flight,1147,AA-59-JFK-SFO,??AA-59-JFK-SF@@O
flight,1150,AA-616-DFW-DTW,A$A-616-DFW-D%TW
flight,1151,AA-616-DFW-DTW,AA-616-DF#W-DTW
flight,1152,AA-616-DFW-DTW,empty
flight,1153,AA-616-DFW-DTW,AA-61#6-DFW-DTW%
flight,1155,AA-616-DFW-DTW,AA@@-616-DFW-DTW
flight,1157,AA-616-DFW-DTW,empty
flight,1160,AA-616-DFW-DTW,empty
flight,1161,AA-616-DFW-DTW,empty
flight,1164,AA-616-DFW-DTW,empty
flight,1166,AA-616-DFW-DTW,AA-616-DFW-$??DTW
flight,1173,AA-616-DFW-DTW,empty
flight,1174,AA-643-MIA-ORD,empty
flight,1177,AA-643-MIA-ORD,empty
flight,1178,AA-643-MIA-ORD,AA-@@643-M%IA-ORD
flight,1180,AA-643-MIA-ORD,AA-643-MIA-$ORD
flight,1181,AA-643-MIA-ORD,AA-6$43-MIA-O??RD
flight,1182,AA-643-MIA-ORD,AA-643-MIA$-ORD
flight,1187,AA-643-MIA-ORD,AA-643$-??MIA-ORD
flight,1190,AA-643-MIA-ORD,AA-643-MIA$-@@ORD
flight,1193,AA-643-MIA-ORD,AA-643-M@@IA-OR#D
flight,1196,AA-643-MIA-ORD,empty
flight,1198,AA-643-MIA-ORD,empty
flight,1201,AA-649-ORD-SNA,A%A-649-ORD-S@@NA
flight,1206,AA-649-ORD-SNA,empty
flight,1209,AA-649-ORD-SNA,empty
flight,1212,AA-649-ORD-SNA,AA-649-O$RD@@-SNA
flight,1213,AA-649-ORD-SNA,AA%-649-ORD-SN#A
flight,1218,AA-649-ORD-SNA,empty
flight,1220,AA-649-ORD-SNA,empty
flight,1221,AA-649-ORD-SNA,empty
flight,1227,AA-789-ORD-DEN,empty
flight,1234,AA-789-ORD-DEN,empty
flight,1236,AA-789-ORD-DEN,AA-#789-OR$D-DEN
flight,1239,AA-789-ORD-DEN,AA-789-ORD-#D??EN
flight,1245,AA-789-ORD-DEN,empty
flight,1252,AA-85-JFK-SFO,empty
flight,1255,AA-85-JFK-SFO,AA-85-JFK-S#FO#
flight,1260,AA-85-JFK-SFO,empty
flight,1262,AA-85-JFK-SFO,empty
flight,1265,AA-85-JFK-SFO,AA-8??5-JFK-SF$O
flight,1267,AA-85-JFK-SFO,empty
flight,1268,AA-85-JFK-SFO,AA-85-JFK-%SFO
flight,1279,CO-1023-IAH-DEN,empty
flight,1283,CO-1023-IAH-DEN,CO-1023-IAH-D@@??EN
flight,1284,CO-1023-IAH-DEN,CO-1023-??I$AH-DEN
flight,1285,CO-1023-IAH-DEN,empty
flight,1290,CO-1023-IAH-DEN,CO-1023-$IAH-DE??N
flight,1293,CO-1023-IAH-DEN,CO-1023-IA$H-DE??N
flight,1298,CO-1088-CLE-IAH,CO-1#$088-CLE-IAH
flight,1312,CO-1088-CLE-IAH,empty
flight,1317,CO-1088-CLE-IAH,CO-1088-??CLE-IAH
flight,1318,CO-1090-BOS-IAH,$CO-1#090-BOS-IAH
flight,1319,CO-1090-BOS-IAH,empty
flight,1321,CO-1090-BOS-IAH,CO-1#090-BO$S-IAH
flight,1322,CO-1090-BOS-IAH,empty
flight,1325,CO-1090-BOS-IAH,empty
flight,1326,CO-1090-BOS-IAH,CO-1090-BOS??%-IAH
flight,1329,CO-1090-BOS-IAH,empty
flight,1333,CO-1090-BOS-IAH,CO-1??090$-BOS-IAH
flight,1334,CO-1090-BOS-IAH,CO-1090-BOS-IA@@H
flight,1335,CO-1090-BOS-IAH,empty
flight,1348,CO-1193-EWR-MCO,CO-1193-E%WR-MCO#
flight,1357,CO-1193-EWR-MCO,empty
flight,1358,CO-1193-EWR-MCO,empty
flight,1363,CO-1193-EWR-MCO,C#O-1193-EWR-%MCO
flight,1364,CO-1193-EWR-MCO,%CO-@@1193-EWR-MCO
flight,1369,CO-1250-MIA-IAH,empty
flight,1378,CO-1250-MIA-IAH,??CO-1250-MIA-@@IAH
flight,1386,CO-1250-MIA-IAH,empty
flight,1387,CO-1561-PHX-IAH,empty
flight,1392,CO-1561-PHX-IAH,empty
flight,1396,CO-1561-PHX-IAH,empty
flight,1398,CO-1561-PHX-IAH,CO-156%1-PHX-IAH
flight,1400,CO-1561-PHX-IAH,empty
flight,1404,CO-1561-PHX-IAH,empty
flight,1407,CO-1561-PHX-IAH,CO-1561-PHX-$#IAH
flight,1412,CO-1586-IAH-MCO,empty
flight,1414,CO-1586-IAH-MCO,empty
flight,1420,CO-1586-IAH-MCO,empty
flight,1421,CO-1586-IAH-MCO,CO-1586-IAH-MCO%#
flight,1423,CO-1586-IAH-MCO,CO-1586-IAH-MCO@@
flight,1424,CO-1586-IAH-MCO,CO-1586??-IAH-MCO
flight,1428,CO-1586-IAH-MCO,empty
flight,1432,CO-16-LAX-EWR,empty
flight,1433,CO-16-LAX-EWR,empty
flight,1436,CO-16-LAX-EWR,empty
flight,1439,CO-16-LAX-EWR,CO-16-LAX-??EWR
flight,1440,CO-16-LAX-EWR,CO-16-LAX??-EWR
flight,1441,CO-16-LAX-EWR,empty
flight,1447,CO-16-LAX-EWR,empty
flight,1448,CO-16-LAX-EWR,empty
flight,1449,CO-16-LAX-EWR,CO-16#-LAX-%EWR
flight,1450,CO-16-LAX-EWR,CO-16-LAX-@@EWR
flight,1453,CO-1614-LAX-IAH,empty
flight,1454,CO-1614-LAX-IAH,CO-1614-#LAX-IAH
flight,1458,CO-1614-LAX-IAH,empty
flight,1459,CO-1614-LAX-IAH,CO-1614-LAX-I$AH
flight,1460,CO-1614-LAX-IAH,empty
flight,1463,CO-1614-LAX-IAH,empty
flight,1473,CO-1614-LAX-IAH,empty
flight,1480,CO-1694-LAX-IAH,CO-#1694-LAX-#IAH
flight,1491,CO-1694-LAX-IAH,empty
flight,1492,CO-1694-LAX-IAH,empty
flight,1494,CO-1694-LAX-IAH,CO-1694@@-LAX-I%AH
flight,1499,CO-1694-LAX-IAH,empty
flight,1503,CO-45-EWR-MIA,empty
flight,1509,CO-45-EWR-MIA,empty
flight,1515,CO-45-EWR-MIA,empty
flight,1516,CO-45-EWR-MIA,empty
flight,1517,CO-45-EWR-MIA,empty
flight,1520,CO-45-EWR-MIA,CO-45-%EWR-MIA
flight,1524,CO-47-IAH-LAX,empty
flight,1526,CO-47-IAH-LAX,empty
flight,1527,CO-47-IAH-LAX,CO-47-IAH??-LAX$
flight,1541,CO-47-IAH-LAX,CO-47-IAH-LAX@%@
flight,1545,CO-4888-IAH-DAL,empty
flight,1549,CO-4888-IAH-DAL,empty
flight,1551,CO-4888-IAH-DAL,empty
flight,1554,CO-4888-IAH-DAL,CO%-4888-IAH-DA%L
flight,1557,CO-4888-IAH-DAL,empty
flight,1560,CO-4888-IAH-DAL,CO-4888-IA$$H-DAL
flight,1564,CO-4888-IAH-DAL,CO-4888-IAH-D??AL
flight,1567,CO-50-CLE-EWR,CO-50-CLE-#EWR
flight,1571,CO-50-CLE-EWR,CO-50-CLE-E@@WR@@
flight,1576,CO-50-CLE-EWR,CO-50$@@-CLE-EWR
flight,1582,CO-50-CLE-EWR,empty
flight,1588,CO-52-IAH-LAX,CO-52-#IAH-L%AX
flight,1591,CO-52-IAH-LAX,CO-52#-IAH-LAX
flight,1593,CO-52-IAH-LAX,CO-52-%IAH-LAX
flight,1596,CO-52-IAH-LAX,CO-52-??IAH-L#AX
flight,1599,CO-52-IAH-LAX,CO-52-I#AH-LA??X
flight,1600,CO-52-IAH-LAX,empty
flight,1604,CO-52-IAH-LAX,empty
flight,1605,CO-52-IAH-LAX,CO-52-IAH-L%AX
flight,1615,CO-58-DEN-IAH,CO-58-DE$N-IAH
flight,1618,CO-58-DEN-IAH,empty
flight,1620,CO-58-DEN-IAH,empty
flight,1621,CO-58-DEN-IAH,empty
flight,1625,CO-58-DEN-IAH,CO-5#8-DEN-IAH
flight,1626,CO-62-IAH-EWR,empty
flight,1628,CO-62-IAH-EWR,CO-62-IAH-EWR??
flight,1630,CO-62-IAH-EWR,empty
flight,1631,CO-62-IAH-EWR,empty
flight,1642,CO-62-IAH-EWR,empty
flight,1644,CO-62-IAH-EWR,CO-#62-IAH-EWR
flight,1655,CO-63-EWR-IAH,empty
flight,1657,CO-63-EWR-IAH,empty
flight,1658,CO-63-EWR-IAH,empty
flight,1662,CO-63-EWR-IAH,empty
flight,1666,CO-63-EWR-IAH,%CO@@-63-EWR-IAH
flight,1669,CO-89-IAH-EWR,empty
flight,1671,CO-89-IAH-EWR,CO-8??9-I@@AH-EWR
flight,1673,CO-89-IAH-EWR,empty
flight,1676,CO-89-IAH-EWR,C@@O-89-IAH-E#WR
flight,1679,CO-89-IAH-EWR,empty
flight,1680,CO-89-IAH-EWR,CO-89-IAH-EW%R%
flight,1681,CO-89-IAH-EWR,CO-89-IAH$-EWR
flight,1689,UA-1500-IAH-GUA,UA-1500#-IAH-GUA@@
flight,1697,UA-1500-IAH-GUA,??UA-1500-IAH-GUA
flight,1703,UA-1500-IAH-GUA,UA-150%0-@@IAH-GUA
flight,1709,UA-2314-ATL-PHL,empty
flight,1711,UA-2314-ATL-PHL,empty
flight,1714,UA-2314-ATL-PHL,empty
flight,1715,UA-2314-ATL-PHL,empty
flight,1718,UA-2314-ATL-PHL,empty
flight,1723,UA-2314-ATL-PHL,empty
flight,1725,UA-2314-ATL-PHL,empty
flight,1730,UA-233-LAX-JFK,empty
flight,1731,UA-233-LAX-JFK,UA-2%33-LAX%-JFK
flight,1735,UA-233-LAX-JFK,#UA-23??3-LAX-JFK
flight,1741,UA-233-LAX-JFK,UA-%233-LAX-JFK
flight,1742,UA-233-LAX-JFK,#UA-233-LAX-J%FK
flight,1743,UA-233-LAX-JFK,UA$-2??33-LAX-JFK
flight,1745,UA-233-LAX-JFK,empty
flight,1749,UA-233-LAX-JFK,UA-233-LAX-JFK??
flight,1751,UA-233-LAX-JFK,??UA-23@@3-LAX-JFK
flight,1753,UA-248-PHX-ORD,UA-248-PH%X-ORD
flight,1755,UA-248-PHX-ORD,UA-248-PHX-O%R??D
flight,1757,UA-248-PHX-ORD,empty
flight,1758,UA-248-PHX-ORD,empty
flight,1759,UA-248-PHX-ORD,empty
flight,1760,UA-248-PHX-ORD,UA-248-PHX-OR$D
flight,1763,UA-248-PHX-ORD,UA-248-PHX%-ORD
flight,1766,UA-248-PHX-ORD,UA-24@@8-PHX-ORD
flight,1768,UA-248-PHX-ORD,empty
flight,1770,UA-248-PHX-ORD,U$A-2$48-PHX-ORD
flight,1776,UA-2515-DFW-CLT,empty
flight,1784,UA-2515-DFW-CLT,empty
flight,1787,UA-2515-DFW-CLT,empty
flight,1791,UA-2515-DFW-CLT,empty
flight,1800,UA-257-JFK-SFO,empty
flight,1810,UA-257-JFK-SFO,U%A-257-JFK-SFO
flight,1813,UA-257-JFK-SFO,empty
flight,1815,UA-257-JFK-SFO,empty
flight,1816,UA-257-JFK-SFO,UA-257-@@JFK-??SFO
flight,1829,UA-2704-DTW-PHX,empty
flight,1839,UA-2704-DTW-PHX,UA-2704-%DTW-PH$X
flight,1842,UA-2708-EWR-CLT,empty
flight,1844,UA-2708-EWR-CLT,UA-2708-@@EWR-CLT
flight,1848,UA-2708-EWR-CLT,empty
flight,1852,UA-2708-EWR-CLT,UA-27$08-#EWR-CLT
flight,1853,UA-2708-EWR-CLT,empty
flight,1858,UA-2708-EWR-CLT,UA-270#8-EWR-#CLT
flight,1859,UA-2708-EWR-CLT,UA-2708-EW??R-CLT
flight,1862,UA-2726-FLL-PHL,UA-2$726-FLL-PH$L
flight,1863,UA-2726-FLL-PHL,empty
flight,1867,UA-2726-FLL-PHL,empty
flight,1869,UA-2726-FLL-PHL,UA-2726-FLL-PHL@@
flight,1873,UA-2726-FLL-PHL,UA-??2726-FLL-PHL%
flight,1876,UA-2726-FLL-PHL,empty
flight,1882,UA-2726-FLL-PHL,U#A-2726#-FLL-PHL
flight,1883,UA-2726-FLL-PHL,empty
flight,1888,UA-2830-MCO-CLT,UA-2830-MCO@@-CLT
flight,1894,UA-2830-MCO-CLT,UA-2%830-M$CO-CLT
flight,1895,UA-2830-MCO-CLT,U??A#-2830-MCO-CLT
flight,1896,UA-2830-MCO-CLT,empty
flight,1897,UA-2830-MCO-CLT,empty
flight,1899,UA-2830-MCO-CLT,UA-283%#0-MCO-CLT
flight,1900,UA-2830-MCO-CLT,empty
flight,1902,UA-2830-MCO-CLT,empty
flight,1903,UA-2830-MCO-CLT,empty
flight,1904,UA-2830-MCO-CLT,empty
flight,1906,UA-2906-PHL-MCO,UA-2906$-PHL-M#CO
flight,1908,UA-2906-PHL-MCO,UA-??290%6-PHL-MCO
flight,1912,UA-2906-PHL-MCO,empty
flight,1913,UA-2906-PHL-MCO,empty
flight,1914,UA-2906-PHL-MCO,empty
flight,1917,UA-2906-PHL-MCO,UA-2906-PH$??L-MCO
flight,1921,UA-2906-PHL-MCO,UA-2906#-%PHL-MCO
flight,1923,UA-2906-PHL-MCO,empty
flight,1924,UA-2906-PHL-MCO,empty
flight,1926,UA-2906-PHL-MCO,UA??-2906-PHL-??MCO
flight,1927,UA-2906-PHL-MCO,UA-2906-PH@@L-MCO
flight,1933,UA-2945-PHL-CLT,UA-2945-PH#L-??CLT
flight,1939,UA-2945-PHL-CLT,UA-294#5-PHL-CLT$
flight,1948,UA-2945-PHL-CLT,empty
flight,1949,UA-2945-PHL-CLT,UA-2945-??PHL-CLT
flight,1954,UA-3050-PHX-CLT,@@UA-3050-PHX-CLT
flight,1956,UA-3050-PHX-CLT,UA$-3050-PHX-CLT
flight,1959,UA-3050-PHX-CLT,UA??-3050-@@PHX-CLT
flight,1960,UA-3050-PHX-CLT,UA-3050-PHX-C??LT
flight,1964,UA-3050-PHX-CLT,UA-3050-PH@@X-??CLT
flight,1968,UA-3050-PHX-CLT,empty
flight,1972,UA-3050-PHX-CLT,UA-3050-PHX-CL#T$
flight,1973,UA-3050-PHX-CLT,UA-3050-PHX$-%CLT
flight,1983,UA-3099-PHX-PHL,UA$-3099-PHX%-PHL
flight,1984,UA-3099-PHX-PHL,U$A%-3099-PHX-PHL
flight,1985,UA-3099-PHX-PHL,empty
flight,1986,UA-3099-PHX-PHL,UA-3099-#PHX-P%HL
flight,1989,UA-3099-PHX-PHL,UA%-30%99-PHX-PHL
flight,1992,UA-3099-PHX-PHL,??UA-3099-PHX-PH%L
flight,1994,UA-3099-PHX-PHL,UA-3099-PH$X-PHL
flight,1996,UA-3099-PHX-PHL,UA-3$099-PHX-PHL#
flight,1999,UA-3099-PHX-PHL,empty
flight,2002,UA-3373-IAD-PHL,empty
flight,2010,UA-3373-IAD-PHL,UA-@@3373-IAD%-PHL
flight,2014,UA-3373-IAD-PHL,empty
flight,2015,UA-3373-IAD-PHL,empty
flight,2016,UA-3373-IAD-PHL,empty
flight,2017,UA-3373-IAD-PHL,empty
flight,2021,UA-3373-IAD-PHL,empty
flight,2022,UA-3373-IAD-PHL,empty
flight,2023,UA-3373-IAD-PHL,UA-3373@@-IAD-P%HL
flight,2025,UA-3515-IAD-MSP,empty
flight,2029,UA-3515-IAD-MSP,empty
flight,2033,UA-3515-IAD-MSP,UA-351$5-IAD-MSP
flight,2041,UA-3515-IAD-MSP,UA-3515-IAD%-MSP
flight,2042,UA-3515-IAD-MSP,empty
flight,2048,UA-37-EDI-EWR,UA-37%??-EDI-EWR
flight,2051,UA-37-EDI-EWR,empty
flight,2054,UA-37-EDI-EWR,UA-37-ED??I-EWR
flight,2058,UA-37-EDI-EWR,UA-37-EDI-%EWR
flight,2062,UA-37-EDI-EWR,empty
flight,2067,UA-37-EWR-MCO,empty
flight,2068,UA-37-EWR-MCO,UA-37-EW#R-MC%O
flight,2070,UA-37-EWR-MCO,empty
flight,2072,UA-37-EWR-MCO,empty
flight,2073,UA-37-EWR-MCO,empty
flight,2078,UA-37-EWR-MCO,empty
flight,2079,UA-37-EWR-MCO,empty
flight,2080,UA-37-EWR-MCO,empty
flight,2081,UA-37-EWR-MCO,empty
flight,2086,UA-382-IAD-LAX,UA-382-I$A$D-LAX
flight,2087,UA-382-IAD-LAX,UA-382-IA@@D-LAX??
flight,2089,UA-382-IAD-LAX,UA#-382-IA%D-LAX
flight,2091,UA-382-IAD-LAX,UA-382-$IA@@D-LAX
flight,2102,UA-382-IAD-LAX,UA-@@38$2-IAD-LAX
flight,2103,UA-382-IAD-LAX,UA-38??@@2-IAD-LAX
flight,2110,UA-3925-IAD-ORF,empty
flight,2111,UA-3925-IAD-ORF,$UA-3@@925-IAD-ORF
flight,2112,UA-3925-IAD-ORF,U$A-39$25-IAD-ORF
flight,2118,UA-3925-IAD-ORF,UA-3925-IA%D-ORF
flight,2120,UA-3925-IAD-ORF,empty
flight,2122,UA-3925-IAD-ORF,UA-3925-??IAD-ORF
flight,2124,UA-3925-IAD-ORF,UA-3925-IAD-ORF??
flight,2126,UA-3925-IAD-ORF,empty
flight,2128,UA-3925-IAD-ORF,empty
flight,2132,UA-3925-IAD-ORF,empty
flight,2136,UA-3925-IAD-ORF,empty
flight,2141,UA-397-JFK-SFO,empty
flight,2145,UA-397-JFK-SFO,empty
flight,2156,UA-397-JFK-SFO,empty
flight,2157,UA-397-JFK-SFO,UA-??397-JFK-SFO
flight,2164,UA-414-LAX-SFO,U#A%-414-LAX-SFO
flight,2166,UA-414-LAX-SFO,empty
flight,2167,UA-414-LAX-SFO,empty
flight,2172,UA-414-LAX-SFO,UA-41%4-LAX-SFO
flight,2174,UA-414-LAX-SFO,UA-4%14-LAX-SFO
flight,2178,UA-414-LAX-SFO,U#A#-414-LAX-SFO
flight,2179,UA-414-LAX-SFO,empty
flight,2185,UA-5487-SFO-MRY,UA-5487-SFO-MRY@@
flight,2189,UA-5487-SFO-MRY,empty
flight,2190,UA-5487-SFO-MRY,empty
flight,2193,UA-5487-SFO-MRY,UA-5487-SFO-??MRY
flight,2198,UA-5487-SFO-MRY,empty
flight,2199,UA-5487-SFO-MRY,empty
flight,2203,UA-62-IAH-EWR,UA-6@@2-IAH#-EWR
flight,2204,UA-62-IAH-EWR,empty
flight,2209,UA-62-IAH-EWR,empty
flight,2213,UA-62-IAH-EWR,empty
flight,2218,UA-62-IAH-EWR,empty
flight,2223,UA-6273-YYC-SFO,UA-??62??73-YYC-SFO
flight,2224,UA-6273-YYC-SFO,UA-627$3-YYC-%SFO
flight,2225,UA-6273-YYC-SFO,empty
flight,2232,UA-6273-YYC-SFO,UA-6273-Y??Y#C-SFO
flight,2233,UA-6273-YYC-SFO,UA$-6273-YYC-SFO
flight,2235,UA-6273-YYC-SFO,empty
flight,2236,UA-6273-YYC-SFO,empty
flight,2247,UA-664-ORD-PHL,empty
flight,2248,UA-664-ORD-PHL,empty
flight,2249,UA-664-ORD-PHL,U??A-664-ORD-PH??L
flight,2255,UA-664-ORD-PHL,empty
flight,2259,UA-664-ORD-PHL,empty
flight,2260,UA-664-ORD-PHL,UA-664??-ORD-PHL
flight,2262,UA-664-ORD-PHL,UA-66$4-ORD-PHL
flight,2263,UA-664-ORD-PHL,#UA-664$-ORD-PHL
flight,2264,UA-664-ORD-PHL,empty
flight,2270,UA-828-SFO-ORD,UA-828-SFO??@@-ORD
flight,2277,UA-828-SFO-ORD,empty
flight,2281,UA-828-SFO-ORD,empty
flight,2283,UA-828-SFO-ORD,UA-828-SFO-OR$D
flight,2285,UA-828-SFO-ORD,empty
flight,2287,UA-828-SFO-ORD,UA-%828-SFO-$ORD
flight,2288,UA-828-SFO-ORD,UA-828-SFO-ORD??
flight,2290,UA-828-SFO-ORD,empty
flight,2293,UA-828-SFO-ORD,empty
flight,2295,UA-843-LAX-ORD,empty
flight,2303,UA-843-LAX-ORD,U@@A-843-LAX-ORD
flight,2304,UA-843-LAX-ORD,empty
flight,2309,UA-843-LAX-ORD,empty
flight,2311,UA-843-LAX-ORD,UA-843#-LAX-$ORD
flight,2320,UA-854-SFO-IAH,UA-854-S%FO-IAH??
flight,2323,UA-854-SFO-IAH,UA-854-SFO-??IAH
flight,2324,UA-854-SFO-IAH,$UA-85@@4-SFO-IAH
flight,2328,UA-854-SFO-IAH,UA-854-SFO-I@@AH#
flight,2334,UA-854-SFO-IAH,UA-854-SFO-$I??AH
flight,2337,UA-858-PVG-SFO,empty
flight,2340,UA-858-PVG-SFO,UA-85$8-PVG-SFO
flight,2342,UA-858-PVG-SFO,UA-858-P@@VG-SFO
flight,2346,UA-858-PVG-SFO,$UA-858-PVG-S??FO
flight,2347,UA-858-PVG-SFO,empty
flight,2355,UA-938-DEN-ORD,empty
flight,2356,UA-938-DEN-ORD,empty
flight,2361,UA-938-DEN-ORD,UA-938-DEN@@-ORD
flight,2362,UA-938-DEN-ORD,empty
flight,2368,UA-938-DEN-ORD,empty
flight,2371,UA-938-DEN-ORD,empty
sched_dep_time,2,4:55 p.m.,4:55 p@@.m.@@
sched_dep_time,6,4:55 p.m.,empty
sched_dep_time,10,4:55 p.m.,4??:55 p.m.
sched_dep_time,17,4:55 p.m.,4:55 ??p.m.??
sched_dep_time,19,4:55 p.m.,%4:55 p.m.$
sched_dep_time,25,6:59 a.m.,6:5#9 a.m.
sched_dep_time,26,6:59 a.m.,empty
sched_dep_time,27,6:59 a.m.,empty
sched_dep_time,29,6:59 a.m.,empty
sched_dep_time,38,6:59 a.m.,%6:59% a.m.
sched_dep_time,46,6:59 a.m.,6:@@59 a.m.
sched_dep_time,49,8:00 p.m.,#@@8:00 p.m.
sched_dep_time,51,8:00 p.m.,8%:00 p%.m.
sched_dep_time,56,8:00 p.m.,8:00?? p#.m.
sched_dep_time,57,8:00 p.m.,%8:00 p.m.
sched_dep_time,60,8:00 p.m.,empty
sched_dep_time,62,8:00 p.m.,8:00 p%.m#.
sched_dep_time,66,8:00 p.m.,8:00$ p.m.@@
sched_dep_time,68,8:00 p.m.,8:00# %p.m.
sched_dep_time,69,8:00 p.m.,8:00 p.@@m.@@
sched_dep_time,71,8:00 p.m.,8:00 %#p.m.
sched_dep_time,75,1:00 p.m.,1:0#0 p.m.
sched_dep_time,92,1:00 p.m.,1%:0@@0 p.m.
sched_dep_time,94,1:00 p.m.,empty
sched_dep_time,95,1:00 p.m.,1@@:00 p.m.
sched_dep_time,96,1:00 p.m.,empty
sched_dep_time,102,7:15 a.m.,%7:??15 a.m.
sched_dep_time,103,7:15 a.m.,7#:1$5 a.m.
sched_dep_time,107,7:15 a.m.,%7:15 $a.m.
sched_dep_time,111,7:15 a.m.,empty
sched_dep_time,113,7:15 a.m.,empty
sched_dep_time,116,7:15 a.m.,empty
sched_dep_time,118,7:15 a.m.,empty
sched_dep_time,119,7:15 a.m.,7:1#5 a.m.
sched_dep_time,124,7:15 a.m.,empty
sched_dep_time,128,11:55 p.m.,empty
sched_dep_time,130,11:55 p.m.,11:$55 p.m.
sched_dep_time,134,11:55 p.m.,#11:55 p.m.
sched_dep_time,136,11:55 p.m.,11:5#5 p.m.
sched_dep_time,139,11:55 p.m.,11:%55 p.m.
sched_dep_time,140,11:55 p.m.,11#:55 p.@@m.
sched_dep_time,141,11:55 p.m.,empty
sched_dep_time,142,11:55 p.m.,empty
sched_dep_time,152,11:25 a.m.,empty
sched_dep_time,157,11:25 a.m.,empty
sched_dep_time,159,11:25 a.m.,empty
sched_dep_time,161,11:25 a.m.,empty
sched_dep_time,163,11:25 a.m.,empty
sched_dep_time,167,11:25 a.m.,empty
sched_dep_time,170,11:25 a.m.,empty
sched_dep_time,179,6:30 p.m.,6:30@@ p.m.??
sched_dep_time,187,6:30 p.m.,6:30 p.$m.
sched_dep_time,191,6:30 p.m.,6:30 p.m.%
sched_dep_time,208,10:15 a.m.,10:1%5 %a.m.
sched_dep_time,217,10:15 a.m.,empty
sched_dep_time,221,10:15 a.m.,10:15 a.m.@@
sched_dep_time,224,10:15 a.m.,10:15 a.m%.
sched_dep_time,230,7:45 p.m.,empty
sched_dep_time,234,7:45 p.m.,empty
sched_dep_time,240,7:45 p.m.,empty
sched_dep_time,242,7:45 p.m.,empty
sched_dep_time,251,7:45 p.m.,empty
sched_dep_time,254,10:45 a.m.,1#0:45 a.m.
sched_dep_time,255,10:45 a.m.,10%:4$5 a.m.
sched_dep_time,258,10:45 a.m.,??10:45 a#.m.
sched_dep_time,261,10:45 a.m.,empty
sched_dep_time,262,10:45 a.m.,empty
sched_dep_time,263,10:45 a.m.,empty
sched_dep_time,265,10:45 a.m.,1%0:45 a.m.
sched_dep_time,269,10:45 a.m.,empty
sched_dep_time,270,10:45 a.m.,empty
sched_dep_time,274,2:55 p.m.,2:55 p.m#.
sched_dep_time,278,2:55 p.m.,empty
sched_dep_time,280,2:55 p.m.,empty
sched_dep_time,286,2:55 p.m.,2:5$5 p.m.
sched_dep_time,287,2:55 p.m.,empty
sched_dep_time,289,2:55 p.m.,2@@:55 p.m#.
sched_dep_time,291,2:55 p.m.,empty
sched_dep_time,296,11:25 p.m.,empty
sched_dep_time,298,11:25 p.m.,11:25 p.m#.??
sched_dep_time,302,11:25 p.m.,11:25 p%.m.%
sched_dep_time,304,11:25 p.m.,11:2#5 p.m.
sched_dep_time,307,11:25 p.m.,11:25?? p@@.m.
sched_dep_time,308,11:25 p.m.,11:25 p%.m.
sched_dep_time,309,11:25 p.m.,1$1:25 p.$m.
sched_dep_time,310,11:25 p.m.,11:25 %p.m%.
sched_dep_time,312,11:25 p.m.,11$:25 @@p.m.
sched_dep_time,315,11:25 p.m.,11:25 p#.m.
sched_dep_time,326,10:40 a.m.,1#0:4#0 a.m.
sched_dep_time,332,10:40 a.m.,10:40 a@@.%m.
sched_dep_time,335,10:40 a.m.,empty
sched_dep_time,336,10:40 a.m.,empty
sched_dep_time,342,10:40 a.m.,empty
sched_dep_time,344,10:40 a.m.,10%:40 a.??m.
sched_dep_time,348,10:40 a.m.,empty
sched_dep_time,351,7:10 a.m.,7:10 #a.m.
sched_dep_time,352,7:10 a.m.,7$:10 a.m.
sched_dep_time,356,7:10 a.m.,empty
sched_dep_time,360,7:10 a.m.,empty
sched_dep_time,364,7:10 a.m.,7:10?? a.m.@@
sched_dep_time,366,7:10 a.m.,empty
sched_dep_time,372,7:10 a.m.,empty
sched_dep_time,376,7:15 a.m.,empty
sched_dep_time,380,7:15 a.m.,empty
sched_dep_time,382,7:15 a.m.,empty
sched_dep_time,384,7:15 a.m.,7:15?? a.m.
sched_dep_time,385,7:15 a.m.,empty
sched_dep_time,386,7:15 a.m.,7%:15 ??a.m.
sched_dep_time,391,7:15 a.m.,7:15 a?#?.m.
sched_dep_time,394,7:15 a.m.,7:#15 a.m.@@
sched_dep_time,396,7:15 a.m.,empty
sched_dep_time,408,8:25 p.m.,??8:25 p.m.
sched_dep_time,411,8:25 p.m.,@@8:25 p.@@m.
sched_dep_time,420,8:25 p.m.,empty
sched_dep_time,423,8:25 p.m.,8:25 p.m.??
sched_dep_time,425,8:25 p.m.,empty
sched_dep_time,429,7:25 a.m.,7:25 a.m%.@@
sched_dep_time,430,7:25 a.m.,7:25 a@@.m.
sched_dep_time,432,7:25 a.m.,7:25 a.m#.
sched_dep_time,436,7:25 a.m.,7:2#5 a.m.
sched_dep_time,440,7:25 a.m.,7:25 a.m#??.
sched_dep_time,445,7:25 a.m.,empty
sched_dep_time,448,7:25 a.m.,empty
sched_dep_time,449,7:25 a.m.,empty
sched_dep_time,455,11:35 a.m.,empty
sched_dep_time,459,11:35 a.m.,empty
sched_dep_time,462,11:35 a.m.,11:35 a.??m??.
sched_dep_time,464,11:35 a.m.,11:3%5 a.m.
sched_dep_time,466,11:35 a.m.,empty
sched_dep_time,467,11:35 a.m.,empty
sched_dep_time,473,11:35 a.m.,11??:%35 a.m.
sched_dep_time,476,11:35 a.m.,empty
sched_dep_time,480,7:55 a.m.,7:??55 a.m.
sched_dep_time,482,7:55 a.m.,empty
sched_dep_time,483,7:55 a.m.,7:55 a.m.%
sched_dep_time,486,7:55 a.m.,7:5$5 a.m.
sched_dep_time,490,7:55 a.m.,7:#55 a.m.
sched_dep_time,491,7:55 a.m.,empty
sched_dep_time,493,7:55 a.m.,7:55 $??a.m.
sched_dep_time,496,7:55 a.m.,7%:55 a.m.??
sched_dep_time,498,7:55 a.m.,??7:55 a.m.
sched_dep_time,499,7:55 a.m.,7:55 @@a.m.
sched_dep_time,500,7:55 a.m.,empty
sched_dep_time,505,12:00 p.m.,12:00 p$.#m.
sched_dep_time,509,12:00 p.m.,12:00 @@$p.m.
sched_dep_time,511,12:00 p.m.,empty
sched_dep_time,515,12:00 p.m.,empty
sched_dep_time,522,12:00 p.m.,12:00@@ p.m.
sched_dep_time,524,12:00 p.m.,12:00 p.m$.??
sched_dep_time,529,8:20 p.m.,empty
sched_dep_time,530,8:20 p.m.,8#:20 p.m.
sched_dep_time,533,8:20 p.m.,empty
sched_dep_time,535,8:20 p.m.,empty
sched_dep_time,537,8:20 p.m.,empty
sched_dep_time,538,8:20 p.m.,8:20 p.m??.
sched_dep_time,539,8:20 p.m.,$8:20 p.m.
sched_dep_time,545,8:20 p.m.,8$:20 p.m.
sched_dep_time,549,8:20 p.m.,8:20 p.m??.
sched_dep_time,555,7:00 a.m.,empty
sched_dep_time,558,7:00 a.m.,7:00 a.$m.
sched_dep_time,560,7:00 a.m.,empty
sched_dep_time,563,7:00 a.m.,7%:%00 a.m.
sched_dep_time,564,7:00 a.m.,empty
sched_dep_time,567,7:00 a.m.,7:00 a.$m.
sched_dep_time,573,7:00 a.m.,empty
sched_dep_time,578,12:15 p.m.,empty
sched_dep_time,581,12:15 p.m.,%%12:15 p.m.
sched_dep_time,587,12:15 p.m.,empty
sched_dep_time,592,12:15 p.m.,12:15 p#.m.
sched_dep_time,594,12:15 p.m.,12:15 ??p.m.
sched_dep_time,595,12:15 p.m.,empty
sched_dep_time,598,12:15 p.m.,empty
sched_dep_time,599,12:15 p.m.,%1@@2:15 p.m.
sched_dep_time,600,12:15 p.m.,empty
sched_dep_time,601,12:15 p.m.,1@@2:1#5 p.m.
sched_dep_time,602,12:15 p.m.,1%2:%15 p.m.
sched_dep_time,606,4:00 p.m.,empty
sched_dep_time,610,4:00 p.m.,4:00 %p.m.
sched_dep_time,618,4:00 p.m.,empty
sched_dep_time,631,4:00 p.m.,4$:00 p.m.
sched_dep_time,637,2:35 p.m.,2:3%5 p.m.
sched_dep_time,642,2:35 p.m.,2:35$ p.m.
sched_dep_time,644,2:35 p.m.,2$:35 $p.m.
sched_dep_time,646,2:35 p.m.,2@@:35 p.%m.
sched_dep_time,647,2:35 p.m.,empty
sched_dep_time,651,2:35 p.m.,empty
sched_dep_time,657,2:35 p.m.,empty
sched_dep_time,659,6:00 a.m.,6:%$00 a.m.
sched_dep_time,667,6:00 a.m.,6#:00 a.m$.
sched_dep_time,668,6:00 a.m.,empty
sched_dep_time,669,6:00 a.m.,#6:00 a.m.@@
sched_dep_time,672,6:00 a.m.,empty
sched_dep_time,674,6:00 a.m.,6:00 a.$??m.
sched_dep_time,677,6:00 a.m.,6:00 a.m.$??
sched_dep_time,678,6:00 a.m.,empty
sched_dep_time,679,6:00 a.m.,empty
sched_dep_time,681,6:00 a.m.,empty
sched_dep_time,683,6:00 a.m.,6:00 $a.m.
sched_dep_time,684,6:00 a.m.,6:00 a%.m.%
sched_dep_time,685,6:00 a.m.,6:00 a$.m.
sched_dep_time,686,9:00 p.m.,9:@@%00 p.m.
sched_dep_time,691,9:00 p.m.,9:00 p.m.@@
sched_dep_time,692,9:00 p.m.,9:@@00 p.m.
sched_dep_time,693,9:00 p.m.,9:00 ??$p.m.
sched_dep_time,695,9:00 p.m.,empty
sched_dep_time,698,9:00 p.m.,9:$00 p.m.
sched_dep_time,700,9:00 p.m.,9:00 p.#m$.
sched_dep_time,702,9:00 p.m.,9:00@@ p.m.#
sched_dep_time,703,9:00 p.m.,empty
sched_dep_time,704,9:00 p.m.,9:$0$0 p.m.
sched_dep_time,706,9:00 p.m.,empty
sched_dep_time,711,9:00 p.m.,9:00 p.m%.
sched_dep_time,712,6:00 a.m.,6:00 a.m#.
sched_dep_time,714,6:00 a.m.,6:#00 a.%m.
sched_dep_time,717,6:00 a.m.,6$:00?? a.m.
sched_dep_time,719,6:00 a.m.,6:00 a#.m.
sched_dep_time,720,6:00 a.m.,6:00 a@@.m.%
sched_dep_time,721,6:00 a.m.,6:00 $a.m.
sched_dep_time,727,6:00 a.m.,6:%00?? a.m.
sched_dep_time,728,6:00 a.m.,empty
sched_dep_time,731,6:00 a.m.,6:00 a.m.#
sched_dep_time,733,6:00 a.m.,6@@:00 a.m.
sched_dep_time,737,6:00 a.m.,empty
sched_dep_time,742,7:10 a.m.,@@7:10 a$.m.
sched_dep_time,750,7:10 a.m.,%7:10 a.m.
sched_dep_time,752,7:10 a.m.,empty
sched_dep_time,753,7:10 a.m.,7:#10 @@a.m.
sched_dep_time,754,7:10 a.m.,7#$:10 a.m.
sched_dep_time,757,7:10 a.m.,empty
sched_dep_time,759,7:10 a.m.,empty
sched_dep_time,760,7:10 a.m.,empty
sched_dep_time,765,7:10 a.m.,7:1$0 a.m.
sched_dep_time,767,7:30 a.m.,7:30 ??@@a.m.
sched_dep_time,770,7:30 a.m.,empty
sched_dep_time,779,7:30 a.m.,7:30 a.m$.
sched_dep_time,783,7:30 a.m.,empty
sched_dep_time,788,7:30 a.m.,empty
sched_dep_time,789,7:30 a.m.,??7:30 a.m.
sched_dep_time,790,7:30 a.m.,empty
sched_dep_time,796,10:40 a.m.,10:40 a.%@@m.
sched_dep_time,797,10:40 a.m.,empty
sched_dep_time,801,10:40 a.m.,??10:40 %a.m.
sched_dep_time,807,10:40 a.m.,10:4$0 a.m.
sched_dep_time,808,10:40 a.m.,10@@:40 a%.m.
sched_dep_time,810,10:40 a.m.,empty
sched_dep_time,811,10:40 a.m.,empty
sched_dep_time,815,10:40 a.m.,10:4#0 a.m.
sched_dep_time,816,6:45 a.m.,empty
sched_dep_time,818,6:45 a.m.,empty
sched_dep_time,820,6:45 a.m.,%6:45 a.%m.
sched_dep_time,825,6:45 a.m.,6:45% a.@@m.
sched_dep_time,827,6:45 a.m.,6:45??# a.m.
sched_dep_time,831,6:45 a.m.,6:45 @@a.@@m.
sched_dep_time,832,6:45 a.m.,empty
sched_dep_time,835,6:45 a.m.,6??:45?? a.m.
sched_dep_time,840,6:45 a.m.,empty
sched_dep_time,841,6:45 a.m.,6:#45 a$.m.
sched_dep_time,853,8:35 a.m.,empty
sched_dep_time,857,8:35 a.m.,empty
sched_dep_time,859,8:35 a.m.,empty
sched_dep_time,865,10:40 a.m.,10#:4#0 a.m.
sched_dep_time,873,10:40 a.m.,1%0:40 a.m.
sched_dep_time,879,10:40 a.m.,10:%4%0 a.m.
sched_dep_time,888,10:40 a.m.,10:40 a.m@@.
sched_dep_time,889,10:40 a.m.,empty
sched_dep_time,891,12:10 p.m.,empty
sched_dep_time,895,12:10 p.m.,empty
sched_dep_time,898,12:10 p.m.,1%2:10% p.m.
sched_dep_time,901,12:10 p.m.,12:1@@0 p$.m.
sched_dep_time,904,12:10 p.m.,empty
sched_dep_time,907,12:10 p.m.,%12:10$ p.m.
sched_dep_time,910,12:10 p.m.,empty
sched_dep_time,911,12:10 p.m.,empty
sched_dep_time,916,6:45 p.m.,6:45 p@@.m.
sched_dep_time,923,6:45 p.m.,empty
sched_dep_time,924,6:45 p.m.,empty
sched_dep_time,925,6:45 p.m.,empty
sched_dep_time,931,6:45 p.m.,6:45# p.m.
sched_dep_time,933,6:45 p.m.,empty
sched_dep_time,935,6:45 p.m.,6:$4$5 p.m.
sched_dep_time,936,6:45 p.m.,empty
sched_dep_time,940,6:45 p.m.,6#:#45 p.m.
sched_dep_time,951,8:35 a.m.,empty
sched_dep_time,956,8:35 a.m.,8:3$5 a.m.$
sched_dep_time,959,8:35 a.m.,empty
sched_dep_time,961,8:35 a.m.,8:35 a.m.#
sched_dep_time,966,8:35 a.m.,8:35 a.$m.
sched_dep_time,969,8:35 a.m.,8:35 a.m.@@
sched_dep_time,971,3:35 p.m.,empty
sched_dep_time,973,3:35 p.m.,empty
sched_dep_time,979,3:35 p.m.,empty
sched_dep_time,980,3:35 p.m.,3:3%5 p.m.
sched_dep_time,983,3:35 p.m.,3:%35 p.m@@.
sched_dep_time,984,3:35 p.m.,empty
sched_dep_time,987,3:35 p.m.,3:??35 p#.m.
sched_dep_time,988,3:35 p.m.,empty
sched_dep_time,991,3:35 p.m.,empty
sched_dep_time,992,3:35 p.m.,3:3$5 p.m.$
sched_dep_time,996,11:45 a.m.,11:45 a.m#.#
sched_dep_time,1001,11:45 a.m.,11:45 a.#m.
sched_dep_time,1004,11:45 a.m.,empty
sched_dep_time,1007,11:45 a.m.,empty
sched_dep_time,1009,11:45 a.m.,11:45%% a.m.
sched_dep_time,1014,11:45 a.m.,11:45 #a.m??.
sched_dep_time,1016,11:45 a.m.,11:@@45 a.m.
sched_dep_time,1023,11:50 a.m.,empty
sched_dep_time,1025,11:50 a.m.,@@11:50 a.m.%
sched_dep_time,1027,11:50 a.m.,empty
sched_dep_time,1029,11:50 a.m.,1%1:50 a.m.
sched_dep_time,1032,11:50 a.m.,11:50 #a.m.
sched_dep_time,1035,11:50 a.m.,11:50 a%.m.$
sched_dep_time,1038,11:50 a.m.,empty
sched_dep_time,1039,11:50 a.m.,empty
sched_dep_time,1040,11:50 a.m.,11%:50 a.m%.
sched_dep_time,1041,11:50 a.m.,11:$50# a.m.
sched_dep_time,1051,6:00 a.m.,6:00 #a.m.
sched_dep_time,1056,6:00 a.m.,6:00$ a.m@@.
sched_dep_time,1061,6:00 a.m.,6:00 a#.m.
sched_dep_time,1062,6:00 a.m.,empty
sched_dep_time,1070,4:15 p.m.,4:15 $p.m??.
sched_dep_time,1072,4:15 p.m.,empty
sched_dep_time,1078,4:15 p.m.,empty
sched_dep_time,1080,4:15 p.m.,empty
sched_dep_time,1082,4:15 p.m.,4:1$5 p.#m.
sched_dep_time,1083,4:15 p.m.,4:15@@# p.m.
sched_dep_time,1085,4:15 p.m.,empty
sched_dep_time,1086,4:15 p.m.,empty
sched_dep_time,1089,4:15 p.m.,4%:15 p.m.
sched_dep_time,1097,6:40 a.m.,empty
sched_dep_time,1100,6:40 a.m.,6@@:40 a.m.
sched_dep_time,1104,6:40 a.m.,empty
sched_dep_time,1105,6:40 a.m.,empty
sched_dep_time,1106,6:40 a.m.,empty
sched_dep_time,1113,6:40 a.m.,#6:40 a??.m.
sched_dep_time,1114,6:40 a.m.,6:40 a$.m.
sched_dep_time,1116,6:40 a.m.,6:40 @@%a.m.
sched_dep_time,1117,6:40 a.m.,empty
sched_dep_time,1119,7:10 a.m.,empty
sched_dep_time,1120,7:10 a.m.,empty
sched_dep_time,1123,7:10 a.m.,7:??10 a.m$.
sched_dep_time,1124,7:10 a.m.,7:10 a%%.m.
sched_dep_time,1125,7:10 a.m.,7:10 a@@.m.
sched_dep_time,1127,7:10 a.m.,empty
sched_dep_time,1135,7:10 a.m.,empty
sched_dep_time,1137,7:10 a.m.,empty
sched_dep_time,1139,7:10 a.m.,empty
sched_dep_time,1146,7:10 a.m.,empty
sched_dep_time,1156,9:05 a.m.,empty
sched_dep_time,1157,9:05 a.m.,empty
sched_dep_time,1161,9:05 a.m.,9:05 $a.m.
sched_dep_time,1165,9:05 a.m.,empty
sched_dep_time,1167,9:05 a.m.,empty
sched_dep_time,1169,9:05 a.m.,empty
sched_dep_time,1172,9:05 a.m.,empty
sched_dep_time,1173,9:05 a.m.,empty
sched_dep_time,1175,7:10 a.m.,$7:%10 a.m.
sched_dep_time,1177,7:10 a.m.,empty
sched_dep_time,1178,7:10 a.m.,7:10 a.m.@@
sched_dep_time,1189,7:10 a.m.,empty
sched_dep_time,1193,7:10 a.m.,empty
sched_dep_time,1196,7:10 a.m.,empty
sched_dep_time,1210,1:30 p.m.,1@@:3%0 p.m.
sched_dep_time,1212,1:30 p.m.,empty
sched_dep_time,1214,1:30 p.m.,empty
sched_dep_time,1215,1:30 p.m.,empty
sched_dep_time,1217,1:30 p.m.,empty
sched_dep_time,1219,1:30 p.m.,empty
sched_dep_time,1220,1:30 p.m.,empty
sched_dep_time,1223,1:05 p.m.,empty
sched_dep_time,1228,1:05 p.m.,1:05% p.m.
sched_dep_time,1235,1:05 p.m.,@@1:05 p.m.
sched_dep_time,1237,1:05 p.m.,1:??05 p.m.#
sched_dep_time,1249,1:05 p.m.,empty
sched_dep_time,1255,3:05 p.m.,empty
sched_dep_time,1257,3:05 p.m.,3:05 ??p.m.
sched_dep_time,1258,3:05 p.m.,empty
sched_dep_time,1263,3:05 p.m.,3:0%??5 p.m.
sched_dep_time,1264,3:05 p.m.,empty
sched_dep_time,1265,3:05 p.m.,empty
sched_dep_time,1267,3:05 p.m.,3:05 p.m??.
sched_dep_time,1268,3:05 p.m.,3:05 ??p.m.$
sched_dep_time,1278,11:40 a.m.,empty
sched_dep_time,1283,11:40 a.m.,empty
sched_dep_time,1284,11:40 a.m.,empty
sched_dep_time,1289,11:40 a.m.,empty
sched_dep_time,1291,11:40 a.m.,empty
sched_dep_time,1297,11:40 a.m.,11:40 a??.m.
sched_dep_time,1300,8:40 a.m.,empty
sched_dep_time,1305,8:40 a.m.,empty
sched_dep_time,1307,8:40 a.m.,empty
sched_dep_time,1324,9:45 a.m.,9:45 a????.m.
sched_dep_time,1326,9:45 a.m.,empty
sched_dep_time,1327,9:45 a.m.,empty
sched_dep_time,1328,9:45 a.m.,#9:45 a.m.%
sched_dep_time,1329,9:45 a.m.,empty
sched_dep_time,1331,9:45 a.m.,empty
sched_dep_time,1333,9:45 a.m.,empty
sched_dep_time,1334,9:45 a.m.,#9:@@45 a.m.
sched_dep_time,1336,9:45 a.m.,empty
sched_dep_time,1337,9:45 a.m.,empty
sched_dep_time,1339,9:15 a.m.,9:15 @@@@a.m.
sched_dep_time,1341,9:15 a.m.,empty
sched_dep_time,1342,9:15 a.m.,@@9:15 a#.m.
sched_dep_time,1356,9:15 a.m.,9:%15 a%.m.
sched_dep_time,1358,9:15 a.m.,empty
sched_dep_time,1359,9:15 a.m.,empty
sched_dep_time,1365,2:53 p.m.,2:#53$ p.m.
sched_dep_time,1368,2:53 p.m.,empty
sched_dep_time,1370,2:53 p.m.,empty
sched_dep_time,1373,2:53 p.m.,empty
sched_dep_time,1382,2:53 p.m.,%2:53 p.m.
sched_dep_time,1385,2:53 p.m.,empty
sched_dep_time,1388,8:05 a.m.,empty
sched_dep_time,1389,8:05 a.m.,8:05 a.m@@.
sched_dep_time,1392,8:05 a.m.,empty
sched_dep_time,1394,8:05 a.m.,empty
sched_dep_time,1396,8:05 a.m.,$8:05 @@a.m.
sched_dep_time,1398,8:05 a.m.,8:05 a@@.m.
sched_dep_time,1400,8:05 a.m.,8:05 a#.$m.
sched_dep_time,1403,8:05 a.m.,$8??:05 a.m.
sched_dep_time,1404,8:05 a.m.,8:??05 a.m.
sched_dep_time,1405,8:05 a.m.,empty
sched_dep_time,1406,8:05 a.m.,empty
sched_dep_time,1408,7:00 p.m.,7#:00 p.m.
sched_dep_time,1409,7:00 p.m.,empty
sched_dep_time,1413,7:00 p.m.,empty
sched_dep_time,1414,7:00 p.m.,7:0#0 p.m.
sched_dep_time,1415,7:00 p.m.,empty
sched_dep_time,1417,7:00 p.m.,7:00 ??p.m#.
sched_dep_time,1422,7:00 p.m.,7:00# %p.m.
sched_dep_time,1428,7:00 p.m.,empty
sched_dep_time,1431,10:25 a.m.,empty
sched_dep_time,1433,10:25 a.m.,10:25 a.m%.
sched_dep_time,1436,10:25 a.m.,10%:25 %a.m.
sched_dep_time,1439,10:25 a.m.,empty
sched_dep_time,1443,10:25 a.m.,empty
sched_dep_time,1446,10:25 a.m.,10:%25 a.m@@.
sched_dep_time,1449,10:25 a.m.,empty
sched_dep_time,1454,12:30 a.m.,empty
sched_dep_time,1458,12:30 a.m.,12:30 a.#m.
sched_dep_time,1459,12:30 a.m.,12:30@@ a.m.
sched_dep_time,1462,12:30 a.m.,12:30 %a.??m.
sched_dep_time,1472,12:30 a.m.,empty
sched_dep_time,1474,7:15 p.m.,empty
sched_dep_time,1477,7:15 p.m.,empty
sched_dep_time,1481,7:15 p.m.,empty
sched_dep_time,1486,7:15 p.m.,empty
sched_dep_time,1492,7:15 p.m.,empty
sched_dep_time,1494,7:15 p.m.,7:15 p.#m.
sched_dep_time,1499,7:15 p.m.,empty
sched_dep_time,1502,4:00 p.m.,4:#00 %p.m.
sched_dep_time,1503,4:00 p.m.,4:00 p%.m.
sched_dep_time,1506,4:00 p.m.,4:00?? p.m%.
sched_dep_time,1510,4:00 p.m.,4%:00 p.m.
sched_dep_time,1513,4:00 p.m.,4:0@@0 p.m.
sched_dep_time,1514,4:00 p.m.,4:????00 p.m.
sched_dep_time,1517,4:00 p.m.,??4:00 p.m.
sched_dep_time,1519,4:00 p.m.,4??:00 p.m.$
sched_dep_time,1525,7:10 p.m.,empty
sched_dep_time,1528,7:10 p.m.,empty
sched_dep_time,1529,7:10 p.m.,empty
sched_dep_time,1543,5:30 p.m.,empty
sched_dep_time,1549,5:30 p.m.,5:30 p.m.%@@
sched_dep_time,1551,5:30 p.m.,empty
sched_dep_time,1553,5:30 p.m.,empty
sched_dep_time,1555,5:30 p.m.,??5:30 p.m.
sched_dep_time,1556,5:30 p.m.,5:30 p.@@m.
sched_dep_time,1557,5:30 p.m.,empty
sched_dep_time,1563,5:30 p.m.,5:30 p.m.%
sched_dep_time,1567,2:55 p.m.,2:@@55 p??.m.
sched_dep_time,1573,2:55 p.m.,2:5@@5 p.#m.
sched_dep_time,1577,2:55 p.m.,empty
sched_dep_time,1579,2:55 p.m.,empty
sched_dep_time,1583,2:55 p.m.,2:55 p.%m.
sched_dep_time,1585,2:55 p.m.,2:55 p.m$.
sched_dep_time,1587,7:35 a.m.,empty
sched_dep_time,1590,7:35 a.m.,7:$35 a.m.%
sched_dep_time,1595,7:35 a.m.,empty
sched_dep_time,1596,7:35 a.m.,empty
sched_dep_time,1599,7:35 a.m.,empty
sched_dep_time,1603,7:35 a.m.,#7:35$ a.m.
sched_dep_time,1605,7:35 a.m.,empty
sched_dep_time,1609,11:25 a.m.,1@@1:25 $a.m.
sched_dep_time,1610,11:25 a.m.,11:25 a.m.$
sched_dep_time,1614,11:25 a.m.,11:25?? a.$m.
sched_dep_time,1624,11:25 a.m.,11%:25 a.m.
sched_dep_time,1627,2:30 p.m.,empty
sched_dep_time,1629,2:30 p.m.,2:30 p.@@m.
sched_dep_time,1630,2:30 p.m.,empty
sched_dep_time,1637,2:30 p.m.,2:30 p.m.@@
sched_dep_time,1639,2:30 p.m.,2:30 p.m.#
sched_dep_time,1642,2:30 p.m.,empty
sched_dep_time,1644,2:30 p.m.,2:30 p#.m.
sched_dep_time,1645,2:30 p.m.,empty
sched_dep_time,1648,5:25 p.m.,5:#25 #p.m.
sched_dep_time,1655,5:25 p.m.,empty
sched_dep_time,1657,5:25 p.m.,empty
sched_dep_time,1666,5:25 p.m.,empty
sched_dep_time,1673,6:00 a.m.,empty
sched_dep_time,1674,6:00 a.m.,6#:00 @@a.m.
sched_dep_time,1677,6:00 a.m.,6:00 a.m.#
sched_dep_time,1681,6:00 a.m.,empty
sched_dep_time,1683,6:00 a.m.,6??:00 a$.m.
sched_dep_time,1686,6:00 a.m.,6:00 a%.m.
sched_dep_time,1691,8:55 a.m.,empty
sched_dep_time,1692,8:55 a.m.,8:55 #a.m$.
sched_dep_time,1694,8:55 a.m.,empty
sched_dep_time,1697,8:55 a.m.,8:55 a.$m.#
sched_dep_time,1700,8:55 a.m.,8:#55 a.m%.
sched_dep_time,1708,2:55 p.m.,empty
sched_dep_time,1709,2:55 p.m.,2:#55 p.m.
sched_dep_time,1712,2:55 p.m.,empty
sched_dep_time,1713,2:55 p.m.,empty
sched_dep_time,1715,2:55 p.m.,empty
sched_dep_time,1718,2:55 p.m.,2:55 %p.m%.
sched_dep_time,1719,2:55 p.m.,empty
sched_dep_time,1722,2:55 p.m.,empty
sched_dep_time,1724,2:55 p.m.,2:55 p.$m.%
sched_dep_time,1727,4:25 p.m.,4:2??5 p.m.%
sched_dep_time,1728,4:25 p.m.,4@%@:25 p.m.
sched_dep_time,1731,4:25 p.m.,empty
sched_dep_time,1734,4:25 p.m.,empty
sched_dep_time,1736,4:25 p.m.,4%:@@25 p.m.
sched_dep_time,1737,4:25 p.m.,4:25 p??.m$.
sched_dep_time,1740,4:25 p.m.,??4:25 p.m.
sched_dep_time,1743,4:25 p.m.,4:25 p.$m.
sched_dep_time,1747,4:25 p.m.,empty
sched_dep_time,1749,4:25 p.m.,??4:25 p.m.
sched_dep_time,1751,4:25 p.m.,empty
sched_dep_time,1753,12:57 p.m.,1$2:57 p.m.
sched_dep_time,1760,12:57 p.m.,empty
sched_dep_time,1769,12:57 p.m.,empty
sched_dep_time,1773,7:05 a.m.,empty
sched_dep_time,1777,7:05 a.m.,empty
sched_dep_time,1779,7:05 a.m.,7:05 a.m.#
sched_dep_time,1780,7:05 a.m.,empty
sched_dep_time,1784,7:05 a.m.,7:$@@05 a.m.
sched_dep_time,1791,7:05 a.m.,empty
sched_dep_time,1792,7:05 a.m.,empty
sched_dep_time,1793,7:05 a.m.,@@#7:05 a.m.
sched_dep_time,1797,2:30 p.m.,2:30 p.m%.
sched_dep_time,1799,2:30 p.m.,2:%30 p.m.
sched_dep_time,1800,2:30 p.m.,2:30 p#.m.
sched_dep_time,1801,2:30 p.m.,2:3#%0 p.m.
sched_dep_time,1805,2:30 p.m.,??2:30 #p.m.
sched_dep_time,1812,2:30 p.m.,empty
sched_dep_time,1815,2:30 p.m.,empty
sched_dep_time,1816,2:30 p.m.,2:30 p#.m.
sched_dep_time,1818,2:30 p.m.,empty
sched_dep_time,1820,2:30 p.m.,empty
sched_dep_time,1821,11:15 a.m.,11:1#5$ a.m.
sched_dep_time,1823,11:15 a.m.,empty
sched_dep_time,1829,11:15 a.m.,11:15 ??a.m.
sched_dep_time,1837,11:15 a.m.,11??:15 a.m.
sched_dep_time,1841,11:15 a.m.,empty
sched_dep_time,1845,2:55 p.m.,empty
sched_dep_time,1853,2:55 p.m.,empty
sched_dep_time,1856,2:55 p.m.,2:55@@ p.m.
sched_dep_time,1860,2:55 p.m.,empty
sched_dep_time,1866,4:00 p.m.,empty
sched_dep_time,1867,4:00 p.m.,@@4:00 p.m.
sched_dep_time,1870,4:00 p.m.,empty
sched_dep_time,1872,4:00 p.m.,empty
sched_dep_time,1882,4:00 p.m.,empty
sched_dep_time,1884,4:00 p.m.,empty
sched_dep_time,1886,3:27 p.m.,empty
sched_dep_time,1891,3:27 p.m.,3:27@@ p.m??.
sched_dep_time,1894,3:27 p.m.,3:27 p.m.%
sched_dep_time,1897,3:27 p.m.,empty
sched_dep_time,1900,3:27 p.m.,empty
sched_dep_time,1905,3:27 p.m.,empty
sched_dep_time,1909,3:50 p.m.,empty
sched_dep_time,1911,3:50 p.m.,%3:50 p.m.
sched_dep_time,1916,3:50 p.m.,empty
sched_dep_time,1926,3:50 p.m.,3:??50 p.m.
sched_dep_time,1927,3:50 p.m.,3%:50 p.m.??
sched_dep_time,1930,12:00 a.m.,empty
sched_dep_time,1937,12:00 a.m.,12:0@??@0 a.m.
sched_dep_time,1939,12:00 a.m.,12:00 a.m$.
sched_dep_time,1940,12:00 a.m.,empty
sched_dep_time,1943,12:00 a.m.,empty
sched_dep_time,1945,12:00 a.m.,empty
sched_dep_time,1948,12:00 a.m.,1%2:00 a$.m.
sched_dep_time,1954,11:05 a.m.,11:05 a.m??.
sched_dep_time,1959,11:05 a.m.,11:05 %a#.m.
sched_dep_time,1965,11:05 a.m.,empty
sched_dep_time,1972,11:05 a.m.,empty
sched_dep_time,1974,11:05 a.m.,1#1:05% a.m.
sched_dep_time,1976,11:05 a.m.,empty
sched_dep_time,1980,11:55 a.m.,11:55 a%.m.
sched_dep_time,1982,11:55 a.m.,11:55$ a.m.
sched_dep_time,1983,11:55 a.m.,empty
sched_dep_time,1986,11:55 a.m.,empty
sched_dep_time,1990,11:55 a.m.,11:%55 a.m@@.
sched_dep_time,1994,11:55 a.m.,empty
sched_dep_time,1995,11:55 a.m.,empty
sched_dep_time,1997,11:55 a.m.,empty
sched_dep_time,1999,11:55 a.m.,11:55 %a.m??.
sched_dep_time,2000,11:55 a.m.,empty
sched_dep_time,2006,8:29 a.m.,empty
sched_dep_time,2007,8:29 a.m.,empty
sched_dep_time,2008,8:29 a.m.,%8:2??9 a.m.
sched_dep_time,2009,8:29 a.m.,empty
sched_dep_time,2011,8:29 a.m.,8%:29 @@a.m.
sched_dep_time,2013,8:29 a.m.,empty
sched_dep_time,2017,8:29 a.m.,8:29?? a.??m.
sched_dep_time,2023,8:29 a.m.,empty
sched_dep_time,2024,8:29 a.m.,empty
sched_dep_time,2026,8:15 a.m.,8??:15 a.m.
sched_dep_time,2029,8:15 a.m.,8:@@15 a.m.
sched_dep_time,2036,8:15 a.m.,empty
sched_dep_time,2039,8:15 a.m.,empty
sched_dep_time,2046,9:05 a.m.,empty
sched_dep_time,2047,9:05 a.m.,empty
sched_dep_time,2051,9:05 a.m.,9:05 a.@@m.
sched_dep_time,2052,9:05 a.m.,9%:05 a@@.m.
sched_dep_time,2056,9:05 a.m.,9:05 a.m????.
sched_dep_time,2057,9:05 a.m.,9$:05 a.m.
sched_dep_time,2059,9:05 a.m.,9:05 a@@.m.
sched_dep_time,2062,9:05 a.m.,9:05 ??a.m.
sched_dep_time,2066,1:29 p.m.,empty
sched_dep_time,2069,1:29 p.m.,empty
sched_dep_time,2070,1:29 p.m.,empty
sched_dep_time,2071,1:29 p.m.,1:29 #p%.m.
sched_dep_time,2072,1:29 p.m.,1:29 p.$m.#
sched_dep_time,2073,1:29 p.m.,empty
sched_dep_time,2076,1:29 p.m.,empty
sched_dep_time,2079,1:29 p.m.,1:29 p.m$.
sched_dep_time,2080,1:29 p.m.,empty
sched_dep_time,2081,1:29 p.m.,empty
sched_dep_time,2084,1:29 p.m.,empty
sched_dep_time,2090,12:30 p.m.,1@@2:30 p.m.
sched_dep_time,2093,12:30 p.m.,empty
sched_dep_time,2094,12:30 p.m.,12:3@@0 p.m.
sched_dep_time,2097,12:30 p.m.,empty
sched_dep_time,2101,12:30 p.m.,1@@2:30 p@@.m.
sched_dep_time,2104,12:30 p.m.,1@@2:30 p.m.
sched_dep_time,2106,12:30 p.m.,1#@@2:30 p.m.
sched_dep_time,2109,12:30 p.m.,12:3@@0 p.m.
sched_dep_time,2122,8:41 a.m.,empty
sched_dep_time,2125,8:41 a.m.,8:41?? a.m.
sched_dep_time,2127,8:41 a.m.,empty
sched_dep_time,2129,8:41 a.m.,8:41 a.m$.
sched_dep_time,2131,8:41 a.m.,empty
sched_dep_time,2138,8:00 a.m.,8:00 a.m.%
sched_dep_time,2139,8:00 a.m.,$8:00 a.m.
sched_dep_time,2145,8:00 a.m.,8:@@00 a%.m.
sched_dep_time,2148,8:00 a.m.,8:00 ??a.m.
sched_dep_time,2154,8:00 a.m.,empty
sched_dep_time,2158,8:00 a.m.,empty
sched_dep_time,2160,6:00 a.m.,empty
sched_dep_time,2168,6:00 a.m.,empty
sched_dep_time,2172,6:00 a.m.,empty
sched_dep_time,2174,6:00 a.m.,empty
sched_dep_time,2177,6:00 a.m.,6:0@@0 a.m.
sched_dep_time,2179,6:00 a.m.,6:%00 a.m@@.
sched_dep_time,2181,6:00 a.m.,empty
sched_dep_time,2182,10:39 a.m.,empty
sched_dep_time,2185,10:39 a.m.,@$@10:39 a.m.
sched_dep_time,2186,10:39 a.m.,empty
sched_dep_time,2188,10:39 a.m.,10:3%9 a.m.
sched_dep_time,2197,10:39 a.m.,empty
sched_dep_time,2199,10:39 a.m.,10:$39 a??.m.
sched_dep_time,2201,2:30 p.m.,empty
sched_dep_time,2206,2:30 p.m.,2$:30% p.m.
sched_dep_time,2209,2:30 p.m.,empty
sched_dep_time,2222,7:35 a.m.,empty
sched_dep_time,2230,7:35 a.m.,empty
sched_dep_time,2232,7:35 a.m.,empty
sched_dep_time,2233,7:35 a.m.,7:35 a#.m.
sched_dep_time,2238,7:35 a.m.,7:#35 a.??m.
sched_dep_time,2244,1:33 p.m.,1:33?? p.m.
sched_dep_time,2247,1:33 p.m.,empty
sched_dep_time,2249,1:33 p.m.,empty
sched_dep_time,2254,1:33 p.m.,1:3$3 %p.m.
sched_dep_time,2255,1:33 p.m.,empty
sched_dep_time,2260,1:33 p.m.,1:33 p.#%m.
sched_dep_time,2263,1:33 p.m.,empty
sched_dep_time,2267,1:33 p.m.,1:33# p#.m.
sched_dep_time,2269,1:33 p.m.,%1:33 p.m.
sched_dep_time,2270,11:08 p.m.,empty
sched_dep_time,2277,11:08 p.m.,1??1:$08 p.m.
sched_dep_time,2278,11:08 p.m.,empty
sched_dep_time,2282,11:08 p.m.,11:08@@ p.m.
sched_dep_time,2283,11:08 p.m.,empty
sched_dep_time,2284,11:08 p.m.,11:08 p$.m.
sched_dep_time,2299,1:55 p.m.,empty
sched_dep_time,2300,1:55 p.m.,empty
sched_dep_time,2303,1:55 p.m.,empty
sched_dep_time,2309,1:55 p.m.,empty
sched_dep_time,2311,1:55 p.m.,empty
sched_dep_time,2313,1:55 p.m.,1:55$ %p.m.
sched_dep_time,2317,7:53 a.m.,7:53 $a.m#.
sched_dep_time,2324,7:53 a.m.,empty
sched_dep_time,2326,7:53 a.m.,7:5$3 a.m.
sched_dep_time,2329,7:53 a.m.,empty
sched_dep_time,2330,7:53 a.m.,7@@:53 a.m.
sched_dep_time,2331,7:53 a.m.,7:53 a.#$m.
sched_dep_time,2333,7:53 a.m.,7:5??3 a.m.
sched_dep_time,2335,7:53 a.m.,empty
sched_dep_time,2338,1:45 p.m.,empty
sched_dep_time,2341,1:45 p.m.,1??:45 @@p.m.
sched_dep_time,2344,1:45 p.m.,1:45@@ p.m.
sched_dep_time,2353,1:45 p.m.,empty
sched_dep_time,2367,4:16 p.m.,empty
sched_dep_time,2368,4:16 p.m.,4:%??16 p.m.
sched_dep_time,2371,4:16 p.m.,4:16 ??p.m.
sched_dep_time,2372,4:16 p.m.,empty
sched_dep_time,2374,4:16 p.m.,4%:16 p.m.
sched_dep_time,2376,4:16 p.m.,empty
act_dep_time,1,5:08 p.m.,5:08 p.m.@@
act_dep_time,2,5:08 p.m.,empty
act_dep_time,9,5:08 p.m.,5:08 p.m.??
act_dep_time,10,5:08 p.m.,empty
act_dep_time,15,5:08 p.m.,empty
act_dep_time,19,5:08 p.m.,5:0$8 p.m.
act_dep_time,20,5:08 p.m.,empty
act_dep_time,28,7:22 a.m.,empty
act_dep_time,33,7:22 a.m.,empty
act_dep_time,34,7:22 a.m.,empty
act_dep_time,36,7:22 a.m.,7:22 a.m.#
act_dep_time,39,7:22 a.m.,7%:22 a.m.
act_dep_time,54,8:23 p.m.,empty
act_dep_time,59,8:23 p.m.,8:23 p.??m.
act_dep_time,60,8:23 p.m.,8:23 p%.m.
act_dep_time,62,8:23 p.m.,8:23 p.??m.
act_dep_time,64,8:23 p.m.,empty
act_dep_time,65,8:23 p.m.,8:23 p@$@.m.
act_dep_time,66,8:23 p.m.,empty
act_dep_time,67,8:23 p.m.,8:23 p.m@@.@@
act_dep_time,69,8:23 p.m.,empty
act_dep_time,73,8:23 p.m.,empty
act_dep_time,76,2:04 p.m.,2:04$ p.m#.
act_dep_time,79,2:04 p.m.,2:04 p#.m.%
act_dep_time,82,2:04 p.m.,2:04?? p.$m.
act_dep_time,88,2:04 p.m.,2:%@@04 p.m.
act_dep_time,91,2:04 p.m.,empty
act_dep_time,101,7:21 a.m.,7:21 a.m$.
act_dep_time,107,7:21 a.m.,7:21 a.%m??.
act_dep_time,110,7:21 a.m.,empty
act_dep_time,112,7:21 a.m.,empty
act_dep_time,118,7:21 a.m.,%7:21 a.$m.
act_dep_time,126,11:55 p.m.,11@@:55 p.m.
act_dep_time,134,11:55 p.m.,11:55 p.m.??
act_dep_time,139,11:55 p.m.,empty
act_dep_time,141,11:55 p.m.,11:55% p.m.
act_dep_time,153,11:40 a.m.,$11:40 a.m.
act_dep_time,155,11:40 a.m.,empty
act_dep_time,156,11:40 a.m.,empty
act_dep_time,158,11:40 a.m.,11%:40 %a.m.
act_dep_time,171,6:30 p.m.,empty
act_dep_time,172,6:30 p.m.,empty
act_dep_time,177,6:30 p.m.,6:3%0 p%.m.
act_dep_time,180,6:30 p.m.,empty
act_dep_time,181,6:30 p.m.,6:3??0 p.m%.
act_dep_time,183,6:30 p.m.,empty
act_dep_time,186,6:30 p.m.,6:30 p.m.#
act_dep_time,190,6:30 p.m.,empty
act_dep_time,192,6:30 p.m.,6#:30 p.m%.
act_dep_time,199,10:18 a.m.,empty
act_dep_time,201,10:18 a.m.,empty
act_dep_time,205,10:18 a.m.,10#:18 a.m.
act_dep_time,207,10:18 a.m.,empty
act_dep_time,209,10:18 a.m.,10:18 %a.m.
act_dep_time,212,10:18 a.m.,10:1%8?? a.m.
act_dep_time,214,10:18 a.m.,empty
act_dep_time,215,10:18 a.m.,empty
act_dep_time,217,10:18 a.m.,empty
act_dep_time,219,10:18 a.m.,10#%:18 a.m.
act_dep_time,220,10:18 a.m.,empty
act_dep_time,221,10:18 a.m.,empty
act_dep_time,222,10:18 a.m.,10@@:18 a.m.
act_dep_time,224,10:18 a.m.,10:18@@ a.%m.
act_dep_time,225,7:58 p.m.,7:58 %p.m.@@
act_dep_time,226,7:58 p.m.,empty
act_dep_time,229,7:58 p.m.,empty
act_dep_time,232,7:58 p.m.,empty
act_dep_time,236,7:58 p.m.,7:58 p.%m.
act_dep_time,239,7:58 p.m.,7:58 #p.m.
act_dep_time,241,7:58 p.m.,empty
act_dep_time,243,7:58 p.m.,empty
act_dep_time,245,7:58 p.m.,empty
act_dep_time,246,7:58 p.m.,7:5%8 p.m.
act_dep_time,247,7:58 p.m.,empty
act_dep_time,248,7:58 p.m.,#7:58% p.m.
act_dep_time,250,7:58 p.m.,7:58 p.%m.
act_dep_time,251,7:58 p.m.,7:58$$ p.m.
act_dep_time,262,10:55 a.m.,10:5#5 ??a.m.
act_dep_time,265,10:55 a.m.,10:55$ a.m.
act_dep_time,269,10:55 a.m.,empty
act_dep_time,271,3:27 p.m.,$3@@:27 p.m.
act_dep_time,273,3:27 p.m.,3:2$7 p.m.
act_dep_time,275,3:27 p.m.,empty
act_dep_time,276,3:27 p.m.,3:27 p@@.m.%
act_dep_time,281,3:27 p.m.,empty
act_dep_time,282,3:27 p.m.,3:27 @@p.m.
act_dep_time,283,3:27 p.m.,empty
act_dep_time,286,3:27 p.m.,empty
act_dep_time,293,3:27 p.m.,empty
act_dep_time,294,3:27 p.m.,empty
act_dep_time,297,11:25 p.m.,empty
act_dep_time,298,11:25 p.m.,empty
act_dep_time,304,11:25 p.m.,empty
act_dep_time,308,11:25 p.m.,11:25 p.m.%
act_dep_time,309,11:25 p.m.,11:25 p.m.??
act_dep_time,310,11:25 p.m.,empty
act_dep_time,312,11:25 p.m.,11:2%5 p.m%.
act_dep_time,317,11:25 p.m.,11:25 p.m#.@@
act_dep_time,318,11:25 p.m.,empty
act_dep_time,328,11:05 a.m.,1@@1:05 a.m.%
act_dep_time,333,11:05 a.m.,@@11:05 a.m.
act_dep_time,334,11:05 a.m.,11:??05 a.m.%
act_dep_time,338,11:05 a.m.,empty
act_dep_time,339,11:05 a.m.,$11:05 a.m.
act_dep_time,341,11:05 a.m.,1@@1:05 a.m.
act_dep_time,343,11:05 a.m.,1%1:#05 a.m.
act_dep_time,344,11:05 a.m.,empty
act_dep_time,346,11:05 a.m.,11#:05 a%.m.
act_dep_time,352,7:31 a.m.,empty
act_dep_time,353,7:31 a.m.,7:3@@1 a.m.
act_dep_time,362,7:31 a.m.,7:31 a.m.@@
act_dep_time,364,7:31 a.m.,empty
act_dep_time,367,7:31 a.m.,7:??31 a.m.
act_dep_time,369,7:31 a.m.,7:$31 a.m.$
act_dep_time,375,7:22 a.m.,7??:22# a.m.
act_dep_time,386,7:22 a.m.,empty
act_dep_time,397,7:22 a.m.,empty
act_dep_time,398,7:22 a.m.,7??:2??2 a.m.
act_dep_time,403,8:25 p.m.,empty
act_dep_time,404,8:25 p.m.,8:??25 p.m$.
act_dep_time,411,8:25 p.m.,empty
act_dep_time,413,8:25 p.m.,empty
act_dep_time,414,8:25 p.m.,empty
act_dep_time,415,8:25 p.m.,8%:25 p.m.
act_dep_time,417,8:25 p.m.,empty
act_dep_time,420,8:25 p.m.,empty
act_dep_time,422,8:25 p.m.,??8:25 p$.m.
act_dep_time,426,7:39 a.m.,7:#39 a.$m.
act_dep_time,428,7:39 a.m.,@@7:39 a.m.
act_dep_time,431,7:39 a.m.,7:39 ??a.m.??
act_dep_time,432,7:39 a.m.,empty
act_dep_time,433,7:39 a.m.,empty
act_dep_time,438,7:39 a.m.,7:@@39 a.m.
act_dep_time,446,7:39 a.m.,empty
act_dep_time,447,7:39 a.m.,$7:39 a.$m.
act_dep_time,450,7:39 a.m.,empty
act_dep_time,454,11:52 a.m.,??11:52 a.m.
act_dep_time,455,11:52 a.m.,1??1:52 a.m.
act_dep_time,458,11:52 a.m.,11:52 ??a.m.
act_dep_time,459,11:52 a.m.,11:52 a.m@@.
act_dep_time,465,11:52 a.m.,empty
act_dep_time,472,11:52 a.m.,empty
act_dep_time,474,11:52 a.m.,11:52 %a.m.
act_dep_time,478,8:04 a.m.,8:04 ??a.m.
act_dep_time,481,8:04 a.m.,empty
act_dep_time,488,8:04 a.m.,8:0??4 a%.m.
act_dep_time,490,8:04 a.m.,empty
act_dep_time,492,8:04 a.m.,8:04 @@a.m.
act_dep_time,495,8:04 a.m.,empty
act_dep_time,499,8:04 a.m.,8%:04 ??a.m.
act_dep_time,500,8:04 a.m.,8:04 @@a.m.
act_dep_time,507,12:11 p.m.,12:11 p.m%.
act_dep_time,508,12:11 p.m.,??1??2:11 p.m.
act_dep_time,513,12:11 p.m.,empty
act_dep_time,514,12:11 p.m.,12:1@#@1 p.m.
act_dep_time,515,12:11 p.m.,12:??11 p.m.
act_dep_time,517,12:11 p.m.,12:11 #p.m.??
act_dep_time,518,12:11 p.m.,12:11 p%.m.
act_dep_time,522,12:11 p.m.,12:11 #p.m.
act_dep_time,523,12:11 p.m.,12:@@11 p.m.@@
act_dep_time,524,12:11 p.m.,empty
act_dep_time,526,12:11 p.m.,12:11 #p.m.
act_dep_time,527,8:39 p.m.,empty
act_dep_time,535,8:39 p.m.,%8:3@@9 p.m.
act_dep_time,538,8:39 p.m.,8#%:39 p.m.
act_dep_time,543,8:39 p.m.,empty
act_dep_time,548,8:39 p.m.,8:39 p.$m.
act_dep_time,550,8:39 p.m.,empty
act_dep_time,551,7:25 a.m.,empty
act_dep_time,552,7:25 a.m.,7:$%25 a.m.
act_dep_time,553,7:25 a.m.,7@@:25 a.m@@.
act_dep_time,561,7:25 a.m.,empty
act_dep_time,565,7:25 a.m.,7:25 a.m.$
act_dep_time,568,7:25 a.m.,%7:25 a.m.
act_dep_time,573,7:25 a.m.,@@7:25 a.m.
act_dep_time,575,7:25 a.m.,empty
act_dep_time,584,12:41 p.m.,12:41 p$.m??.
act_dep_time,585,12:41 p.m.,empty
act_dep_time,586,12:41 p.m.,@@12:41 p$.m.
act_dep_time,588,12:41 p.m.,12:41% p.m.
act_dep_time,590,12:41 p.m.,12:41?? p.m.
act_dep_time,597,12:41 p.m.,empty
act_dep_time,600,12:41 p.m.,??12:41 p.m.
act_dep_time,603,12:41 p.m.,12:41 #$p.m.
act_dep_time,604,4:12 p.m.,empty
act_dep_time,605,4:12 p.m.,4:??12 p.m.
act_dep_time,607,4:12 p.m.,empty
act_dep_time,608,4:12 p.m.,empty
act_dep_time,612,4:12 p.m.,4:1@@2 p.m.$
act_dep_time,618,4:12 p.m.,4:%12@@ p.m.
act_dep_time,622,4:12 p.m.,4:12 p.m.%
act_dep_time,626,4:12 p.m.,@@4:12 p#.m.
act_dep_time,627,4:12 p.m.,4:12 p.m#$.
act_dep_time,630,4:12 p.m.,4@@%:12 p.m.
act_dep_time,632,2:44 p.m.,empty
act_dep_time,633,2:44 p.m.,2:??44 p.m%.
act_dep_time,637,2:44 p.m.,????2:44 p.m.
act_dep_time,642,2:44 p.m.,empty
act_dep_time,643,2:44 p.m.,empty
act_dep_time,647,2:44 p.m.,empty
act_dep_time,656,2:44 p.m.,empty
act_dep_time,658,2:44 p.m.,2:44 p.m.%
act_dep_time,660,6:10 a.m.,empty
act_dep_time,661,6:10 a.m.,empty
act_dep_time,663,6:10 a.m.,6:#10 a.m.
act_dep_time,670,6:10 a.m.,empty
act_dep_time,675,6:10 a.m.,empty
act_dep_time,677,6:10 a.m.,6:1$0 a.m.
act_dep_time,678,6:10 a.m.,6:10 a@@.m#.
act_dep_time,684,6:10 a.m.,6:%10 %a.m.
act_dep_time,687,9:00 p.m.,empty
act_dep_time,689,9:00 p.m.,empty
act_dep_time,692,9:00 p.m.,empty
act_dep_time,695,9:00 p.m.,9:00 p.??#m.
act_dep_time,697,9:00 p.m.,empty
act_dep_time,701,9:00 p.m.,empty
act_dep_time,704,9:00 p.m.,9:$00 p.m.
act_dep_time,707,9:00 p.m.,9??:00 p.m.
act_dep_time,710,9:00 p.m.,empty
act_dep_time,711,9:00 p.m.,#9:00 p.m.
act_dep_time,713,6:56 a.m.,6@@:56 a.m.
act_dep_time,722,6:56 a.m.,6:56 a.m??.
act_dep_time,726,6:56 a.m.,empty
act_dep_time,728,6:56 a.m.,empty
act_dep_time,730,6:56 a.m.,empty
act_dep_time,734,6:56 a.m.,6:5#6 a.m.#
act_dep_time,735,6:56 a.m.,6:%56 a.m.
act_dep_time,736,6:56 a.m.,empty
act_dep_time,741,7:16 a.m.,7@@:16 a.m.
act_dep_time,742,7:16 a.m.,7:??16 a.@@m.
act_dep_time,743,7:16 a.m.,empty
act_dep_time,745,7:16 a.m.,#7:16?? a.m.
act_dep_time,750,7:16 a.m.,empty
act_dep_time,752,7:16 a.m.,empty
act_dep_time,753,7:16 a.m.,7:1#6 a.m.
act_dep_time,754,7:16 a.m.,7:16# a.m.??
act_dep_time,757,7:16 a.m.,empty
act_dep_time,760,7:16 a.m.,7:1#6 ??a.m.
act_dep_time,763,7:16 a.m.,empty
act_dep_time,766,8:04 a.m.,8:$04 a.m.
act_dep_time,768,8:04 a.m.,#8:04 a.m.
act_dep_time,770,8:04 a.m.,8:04?? a.@@m.
act_dep_time,771,8:04 a.m.,8@#@:04 a.m.
act_dep_time,772,8:04 a.m.,empty
act_dep_time,778,8:04 a.m.,empty
act_dep_time,783,8:04 a.m.,empty
act_dep_time,787,8:04 a.m.,empty
act_dep_time,788,8:04 a.m.,empty
act_dep_time,790,8:04 a.m.,8:0@@4@@ a.m.
act_dep_time,794,11:01 a.m.,11:01 a.m.??@@
act_dep_time,795,11:01 a.m.,empty
act_dep_time,799,11:01 a.m.,empty
act_dep_time,802,11:01 a.m.,11%:01 a.@@m.
act_dep_time,803,11:01 a.m.,11:01 a.m#.
act_dep_time,807,11:01 a.m.,empty
act_dep_time,809,11:01 a.m.,empty
act_dep_time,810,11:01 a.m.,empty
act_dep_time,811,11:01 a.m.,empty
act_dep_time,812,11:01 a.m.,empty
act_dep_time,814,11:01 a.m.,%11:01 ??a.m.
act_dep_time,817,6:57 a.m.,empty
act_dep_time,825,6:57 a.m.,empty
act_dep_time,829,6:57 a.m.,empty
act_dep_time,833,6:57 a.m.,empty
act_dep_time,836,6:57 a.m.,empty
act_dep_time,839,6:57 a.m.,6:57 a.m.@@
act_dep_time,842,6:57 a.m.,6:57 #a.m.
act_dep_time,843,8:56 a.m.,empty
act_dep_time,846,8:56 a.m.,8:??56 a.%m.
act_dep_time,847,8:56 a.m.,empty
act_dep_time,852,8:56 a.m.,8:??#56 a.m.
act_dep_time,863,8:56 a.m.,$8:5%6 a.m.
act_dep_time,866,10:54 a.m.,1%0:@@54 a.m.
act_dep_time,867,10:54 a.m.,10:54 a.m$%.
act_dep_time,868,10:54 a.m.,@@10:54 a.m.
act_dep_time,870,10:54 a.m.,10:54 a$.m$.
act_dep_time,872,10:54 a.m.,1%0:54 a.m.
act_dep_time,883,10:54 a.m.,1$0:54 a.m.
act_dep_time,884,10:54 a.m.,empty
act_dep_time,893,12:10 p.m.,12:10 p.#m.
act_dep_time,894,12:10 p.m.,empty
act_dep_time,898,12:10 p.m.,empty
act_dep_time,902,12:10 p.m.,empty
act_dep_time,903,12:10 p.m.,#12:10 p.m.
act_dep_time,916,6:55 p.m.,empty
act_dep_time,917,6:55 p.m.,empty
act_dep_time,918,6:55 p.m.,empty
act_dep_time,919,6:55 p.m.,empty
act_dep_time,921,6:55 p.m.,empty
act_dep_time,922,6:55 p.m.,empty
act_dep_time,923,6:55 p.m.,6:55 p.m??.
act_dep_time,925,6:55 p.m.,6:55 p.$m$.
act_dep_time,926,6:55 p.m.,empty
act_dep_time,927,6:55 p.m.,empty
act_dep_time,930,6:55 p.m.,empty
act_dep_time,931,6:55 p.m.,empty
act_dep_time,940,6:55 p.m.,empty
act_dep_time,948,8:51 a.m.,8:5@@1 a.m.
act_dep_time,949,8:51 a.m.,empty
act_dep_time,951,8:51 a.m.,8:51 ??a.m.
act_dep_time,954,8:51 a.m.,8:51 a%.m.
act_dep_time,957,8:51 a.m.,8:51 @@a.m.
act_dep_time,959,8:51 a.m.,8:51 a.m@@.
act_dep_time,961,8:51 a.m.,8:51 a.@@m.
act_dep_time,962,8:51 a.m.,$8:51 a.m.
act_dep_time,966,8:51 a.m.,8:5??1 a.m.
act_dep_time,967,8:51 a.m.,empty
act_dep_time,968,8:51 a.m.,empty
act_dep_time,977,3:36 p.m.,3:3@@6 p.m.
act_dep_time,980,3:36 p.m.,3:36?? p.m.
act_dep_time,985,3:36 p.m.,3:36 p.m??.%
act_dep_time,987,3:36 p.m.,empty
act_dep_time,991,3:36 p.m.,3:36 p.m.#
act_dep_time,993,3:36 p.m.,empty
act_dep_time,997,12:13 p.m.,empty
act_dep_time,1001,12:13 p.m.,empty
act_dep_time,1007,12:13 p.m.,12:1$3 p.m.@@
act_dep_time,1010,12:13 p.m.,12:$13 $p.m.
act_dep_time,1013,12:13 p.m.,empty
act_dep_time,1017,12:12 p.m.,12:12?? p.m.
act_dep_time,1030,12:12 p.m.,empty
act_dep_time,1031,12:12 p.m.,empty
act_dep_time,1032,12:12 p.m.,12:12 p.??m.
act_dep_time,1034,12:12 p.m.,12:12 %p.m%.
act_dep_time,1037,12:12 p.m.,empty
act_dep_time,1038,12:12 p.m.,empty
act_dep_time,1039,12:12 p.m.,empty
act_dep_time,1042,12:12 p.m.,12:12 p%.m.
act_dep_time,1043,6:08 a.m.,6:#08 a.m.
act_dep_time,1044,6:08 a.m.,6%:0??8 a.m.
act_dep_time,1045,6:08 a.m.,empty
act_dep_time,1050,6:08 a.m.,6:08 %a$.m.
act_dep_time,1052,6:08 a.m.,empty
act_dep_time,1053,6:08 a.m.,empty
act_dep_time,1055,6:08 a.m.,empty
act_dep_time,1056,6:08 a.m.,6:08 a.m.#
act_dep_time,1067,6:08 a.m.,$6:08 $a.m.
act_dep_time,1073,4:29 p.m.,4:2??9 p#.m.
act_dep_time,1075,4:29 p.m.,4$:29 p.#m.
act_dep_time,1076,4:29 p.m.,4:%%29 p.m.
act_dep_time,1087,4:29 p.m.,4:$29 p.m.%
act_dep_time,1091,4:29 p.m.,4??:29 p.m.
act_dep_time,1095,4:29 p.m.,empty
act_dep_time,1101,6:54 a.m.,empty
act_dep_time,1106,6:54 a.m.,6:5??4 a.m.
act_dep_time,1107,6:54 a.m.,6#:54 a.m.
act_dep_time,1109,6:54 a.m.,empty
act_dep_time,1111,6:54 a.m.,empty
act_dep_time,1119,7:39 a.m.,empty
act_dep_time,1126,7:39 a.m.,empty
act_dep_time,1127,7:39 a.m.,empty
act_dep_time,1129,7:39 a.m.,7:39 a$.m.
act_dep_time,1134,7:39 a.m.,7:39@@ a.@@m.
act_dep_time,1136,7:39 a.m.,7:#39 a.m.
act_dep_time,1140,7:39 a.m.,empty
act_dep_time,1146,7:39 a.m.,empty
act_dep_time,1149,10:10 a.m.,10:10% %a.m.
act_dep_time,1151,10:10 a.m.,empty
act_dep_time,1152,10:10 a.m.,10:1??0 a.m.
act_dep_time,1155,10:10 a.m.,empty
act_dep_time,1157,10:10 a.m.,10:10 a$.m.
act_dep_time,1158,10:10 a.m.,10:10 a@@.m.
act_dep_time,1160,10:10 a.m.,empty
act_dep_time,1168,10:10 a.m.,empty
act_dep_time,1172,10:10 a.m.,10:10 a%.m.??
act_dep_time,1173,10:10 a.m.,10$:10 a.m.
act_dep_time,1174,7:30 a.m.,7@@:30 a.m??.
act_dep_time,1183,7:30 a.m.,7:#%30 a.m.
act_dep_time,1187,7:30 a.m.,7:30 #a.m.
act_dep_time,1188,7:30 a.m.,7@@:30 ??a.m.
act_dep_time,1189,7:30 a.m.,empty
act_dep_time,1192,7:30 a.m.,empty
act_dep_time,1193,7:30 a.m.,??7:30 a.m.
act_dep_time,1196,7:30 a.m.,empty
act_dep_time,1197,7:30 a.m.,7:30 @@a.@@m.
act_dep_time,1199,7:30 a.m.,empty
act_dep_time,1203,1:30 p.m.,1:30 p.m.%@@
act_dep_time,1204,1:30 p.m.,empty
act_dep_time,1211,1:30 p.m.,empty
act_dep_time,1213,1:30 p.m.,empty
act_dep_time,1219,1:30 p.m.,1@@:30 p.m.
act_dep_time,1220,1:30 p.m.,%1$:30 p.m.
act_dep_time,1225,1:19 p.m.,empty
act_dep_time,1231,1:19 p.m.,#1:%19 p.m.
act_dep_time,1236,1:19 p.m.,empty
act_dep_time,1237,1:19 p.m.,1:19 p.@@m.
act_dep_time,1239,1:19 p.m.,empty
act_dep_time,1242,1:19 p.m.,empty
act_dep_time,1244,1:19 p.m.,empty
act_dep_time,1248,1:19 p.m.,1:19 p.@@m.
act_dep_time,1249,1:19 p.m.,1:??19 p.m.
act_dep_time,1253,3:36 p.m.,empty
act_dep_time,1254,3:36 p.m.,#3:36 p$.m.
act_dep_time,1258,3:36 p.m.,3#:36 p.m#.
act_dep_time,1262,3:36 p.m.,3:36 p$.m.
act_dep_time,1267,3:36 p.m.,3:%36?? p.m.
act_dep_time,1268,3:36 p.m.,3:36% p.m.
act_dep_time,1277,11:56 a.m.,1??1:56?? a.m.
act_dep_time,1282,11:56 a.m.,1%1:56 a.m.
act_dep_time,1283,11:56 a.m.,empty
act_dep_time,1285,11:56 a.m.,empty
act_dep_time,1289,11:56 a.m.,empty
act_dep_time,1291,11:56 a.m.,11:%5@@6 a.m.
act_dep_time,1299,8:40 a.m.,8:40# %a.m.
act_dep_time,1302,8:40 a.m.,8:40 a.m@@.
act_dep_time,1305,8:40 a.m.,empty
act_dep_time,1314,8:40 a.m.,empty
act_dep_time,1315,8:40 a.m.,empty
act_dep_time,1316,8:40 a.m.,empty
act_dep_time,1320,10:19 a.m.,empty
act_dep_time,1322,10:19 a.m.,10:19?? a.m.%
act_dep_time,1326,10:19 a.m.,10:19 a??.m.
act_dep_time,1329,10:19 a.m.,10:1$9 a.m%.
act_dep_time,1332,10:19 a.m.,empty
act_dep_time,1333,10:19 a.m.,empty
act_dep_time,1334,10:19 a.m.,10:19 a.#m.
act_dep_time,1343,9:14 a.m.,9:14% a.m.
act_dep_time,1345,9:14 a.m.,??9:14 a.m.
act_dep_time,1348,9:14 a.m.,empty
act_dep_time,1349,9:14 a.m.,empty
act_dep_time,1357,9:14 a.m.,9:14 a.m%.
act_dep_time,1362,9:14 a.m.,9:14 a.m%.%
act_dep_time,1364,9:14 a.m.,empty
act_dep_time,1367,3:01 p.m.,3:01 %@@p.m.
act_dep_time,1373,3:01 p.m.,3:01 p.m.??
act_dep_time,1376,3:01 p.m.,empty
act_dep_time,1378,3:01 p.m.,empty
act_dep_time,1379,3:01 p.m.,empty
act_dep_time,1380,3:01 p.m.,??3:01@@ p.m.
act_dep_time,1384,3:01 p.m.,empty
act_dep_time,1387,8:00 a.m.,empty
act_dep_time,1395,8:00 a.m.,empty
act_dep_time,1400,8:00 a.m.,8:00 a.m%.
act_dep_time,1406,8:00 a.m.,8:00 a.??m.
act_dep_time,1408,7:14 p.m.,7:14 p.%m.
act_dep_time,1411,7:14 p.m.,empty
act_dep_time,1413,7:14 p.m.,empty
act_dep_time,1418,7:14 p.m.,7:1%4 p.m.@@
act_dep_time,1428,7:14 p.m.,7:14 p.m.@@
act_dep_time,1430,7:14 p.m.,7:%14 p.m??.
act_dep_time,1433,10:20 a.m.,empty
act_dep_time,1440,10:20 a.m.,1$??0:20 a.m.
act_dep_time,1441,10:20 a.m.,empty
act_dep_time,1442,10:20 a.m.,empty
act_dep_time,1444,10:20 a.m.,empty
act_dep_time,1452,12:41 a.m.,empty
act_dep_time,1455,12:41 a.m.,empty
act_dep_time,1457,12:41 a.m.,empty
act_dep_time,1460,12:41 a.m.,empty
act_dep_time,1461,12:41 a.m.,empty
act_dep_time,1466,12:41 a.m.,empty
act_dep_time,1467,12:41 a.m.,12:41 a??.m.
act_dep_time,1471,12:41 a.m.,empty
act_dep_time,1474,7:15 p.m.,7@@:1#5 p.m.
act_dep_time,1478,7:15 p.m.,empty
act_dep_time,1483,7:15 p.m.,empty
act_dep_time,1484,7:15 p.m.,7:15 p.m$.
act_dep_time,1485,7:15 p.m.,empty
act_dep_time,1488,7:15 p.m.,7:15 p.m.@@
act_dep_time,1493,7:15 p.m.,7:15 p.m%.
act_dep_time,1498,7:15 p.m.,7:15 p.m??.
act_dep_time,1499,7:15 p.m.,7:15$@@ p.m.
act_dep_time,1503,3:58 p.m.,empty
act_dep_time,1504,3:58 p.m.,3:58 p.#m.
act_dep_time,1512,3:58 p.m.,empty
act_dep_time,1515,3:58 p.m.,empty
act_dep_time,1516,3:58 p.m.,empty
act_dep_time,1520,3:58 p.m.,3??:58 p.??m.
act_dep_time,1522,8:25 p.m.,empty
act_dep_time,1524,8:25 p.m.,empty
act_dep_time,1526,8:25 p.m.,$8:25 p@@.m.
act_dep_time,1531,8:25 p.m.,empty
act_dep_time,1541,8:25 p.m.,8:25 %p.@@m.
act_dep_time,1546,5:30 p.m.,empty
act_dep_time,1560,5:30 p.m.,5:30 p.#m.
act_dep_time,1561,5:30 p.m.,5:3$0 p$.m.
act_dep_time,1564,5:30 p.m.,empty
act_dep_time,1565,3:31 p.m.,??3:31 p.m.@@
act_dep_time,1567,3:31 p.m.,empty
act_dep_time,1568,3:31 p.m.,empty
act_dep_time,1569,3:31 p.m.,3%:31 p.%m.
act_dep_time,1571,3:31 p.m.,empty
act_dep_time,1578,3:31 p.m.,empty
act_dep_time,1579,3:31 p.m.,??3:31 p.m.
act_dep_time,1580,3:31 p.m.,empty
act_dep_time,1581,3:31 p.m.,3:#31 p.m??.
act_dep_time,1582,3:31 p.m.,????3:31 p.m.
act_dep_time,1590,7:29 a.m.,empty
act_dep_time,1592,7:29 a.m.,7:29 a$.m.??
act_dep_time,1605,7:29 a.m.,empty
act_dep_time,1610,11:32 a.m.,empty
act_dep_time,1613,11:32 a.m.,empty
act_dep_time,1614,11:32 a.m.,11:??32 a.m.
act_dep_time,1618,11:32 a.m.,empty
act_dep_time,1619,11:32 a.m.,empty
act_dep_time,1621,11:32 a.m.,empty
act_dep_time,1622,11:32 a.m.,11:32?? a.#m.
act_dep_time,1626,2:48 p.m.,2%:48 p.m.
act_dep_time,1627,2:48 p.m.,2:48 p.m%.
act_dep_time,1628,2:48 p.m.,empty
act_dep_time,1629,2:48 p.m.,empty
act_dep_time,1630,2:48 p.m.,empty
act_dep_time,1635,2:48 p.m.,empty
act_dep_time,1639,2:48 p.m.,empty
act_dep_time,1643,2:48 p.m.,empty
act_dep_time,1646,2:48 p.m.,empty
act_dep_time,1651,5:22 p.m.,5$:22 @@p.m.
act_dep_time,1652,5:22 p.m.,empty
act_dep_time,1658,5:22 p.m.,empty
act_dep_time,1665,5:22 p.m.,empty
act_dep_time,1669,6:02 a.m.,6$:02 a.m.@@
act_dep_time,1671,6:02 a.m.,empty
act_dep_time,1675,6:02 a.m.,empty
act_dep_time,1678,6:02 a.m.,empty
act_dep_time,1680,6:02 a.m.,6:02 #a.m%.
act_dep_time,1691,9:16 a.m.,empty
act_dep_time,1692,9:16 a.m.,9:16 a??.m%.
act_dep_time,1696,9:16 a.m.,9:16?? a.m.
act_dep_time,1700,9:16 a.m.,9:%16 a.m.
act_dep_time,1701,9:16 a.m.,empty
act_dep_time,1702,9:16 a.m.,empty
act_dep_time,1705,2:55 p.m.,empty
act_dep_time,1708,2:55 p.m.,empty
act_dep_time,1712,2:55 p.m.,empty
act_dep_time,1713,2:55 p.m.,empty
act_dep_time,1716,2:55 p.m.,2:55 p.#%m.
act_dep_time,1722,2:55 p.m.,??2:55 p.m.
act_dep_time,1730,4:25 p.m.,empty
act_dep_time,1733,4:25 p.m.,empty
act_dep_time,1737,4:25 p.m.,empty
act_dep_time,1741,4:25 p.m.,4:25 p??.m.
act_dep_time,1743,4:25 p.m.,4$:25 p.m??.
act_dep_time,1744,4:25 p.m.,empty
act_dep_time,1745,4:25 p.m.,@@4:25$ p.m.
act_dep_time,1747,4:25 p.m.,4:25 p.m$??.
act_dep_time,1749,4:25 p.m.,$4:25 p.m.
act_dep_time,1754,1:32 p.m.,empty
act_dep_time,1757,1:32 p.m.,1:32 p.#m.
act_dep_time,1758,1:32 p.m.,#1:32 p.??m.
act_dep_time,1764,1:32 p.m.,empty
act_dep_time,1765,1:32 p.m.,empty
act_dep_time,1768,1:32 p.m.,empty
act_dep_time,1769,1:32 p.m.,1:3$2 p.m.
act_dep_time,1771,1:32 p.m.,empty
act_dep_time,1772,1:32 p.m.,1:32 p.m#.
act_dep_time,1773,7:05 a.m.,empty
act_dep_time,1774,7:05 a.m.,??7:05 a.#m.
act_dep_time,1781,7:05 a.m.,empty
act_dep_time,1785,7:05 a.m.,empty
act_dep_time,1788,7:05 a.m.,empty
act_dep_time,1793,7:05 a.m.,empty
act_dep_time,1798,2:26 p.m.,2:2@@6 p.m.
act_dep_time,1804,2:26 p.m.,2:26 #p.??m.
act_dep_time,1807,2:26 p.m.,empty
act_dep_time,1810,2:26 p.m.,empty
act_dep_time,1811,2:26 p.m.,empty
act_dep_time,1814,2:26 p.m.,2:26 p$.m@@.
act_dep_time,1815,2:26 p.m.,2:26 @@@@p.m.
act_dep_time,1817,2:26 p.m.,2:@@26 p.m.
act_dep_time,1819,2:26 p.m.,2:2@#@6 p.m.
act_dep_time,1820,2:26 p.m.,2:@%@26 p.m.
act_dep_time,1821,11:15 a.m.,empty
act_dep_time,1832,11:15 a.m.,empty
act_dep_time,1834,11:15 a.m.,??1@@1:15 a.m.
act_dep_time,1837,11:15 a.m.,11:15?? a.m#.
act_dep_time,1842,2:55 p.m.,empty
act_dep_time,1843,2:55 p.m.,empty
act_dep_time,1848,2:55 p.m.,2:55?@@? p.m.
act_dep_time,1851,2:55 p.m.,empty
act_dep_time,1854,2:55 p.m.,2:55 $p.m$.
act_dep_time,1860,2:55 p.m.,@@2:55 p.m.
act_dep_time,1863,4:00 p.m.,$4:00 p.m.??
act_dep_time,1867,4:00 p.m.,empty
act_dep_time,1871,4:00 p.m.,4:00 p.$m.
act_dep_time,1873,4:00 p.m.,4:0??@@0 p.m.
act_dep_time,1882,4:00 p.m.,empty
act_dep_time,1883,4:00 p.m.,empty
act_dep_time,1887,3:27 p.m.,empty
act_dep_time,1895,3:27 p.m.,empty
act_dep_time,1897,3:27 p.m.,empty
act_dep_time,1903,3:27 p.m.,empty
act_dep_time,1906,4:28 p.m.,empty
act_dep_time,1910,4:28 p.m.,4:28 p.m.%
act_dep_time,1914,4:28 p.m.,%4:28 p.m.
act_dep_time,1916,4:28 p.m.,empty
act_dep_time,1917,4:28 p.m.,4:28% p.m.
act_dep_time,1919,4:28 p.m.,@@4:28 p.m.
act_dep_time,1920,4:28 p.m.,empty
act_dep_time,1924,4:28 p.m.,empty
act_dep_time,1925,4:28 p.m.,@@%4:28 p.m.
act_dep_time,1930,3:11 a.m.,??$3:11 a.m.
act_dep_time,1933,3:11 a.m.,empty
act_dep_time,1934,3:11 a.m.,3:1%1?? a.m.
act_dep_time,1940,3:11 a.m.,3:$11 a.m.
act_dep_time,1941,3:11 a.m.,empty
act_dep_time,1943,3:11 a.m.,3:11# a.m.
act_dep_time,1946,3:11 a.m.,empty
act_dep_time,1953,3:11 a.m.,??3:11 a.m.
act_dep_time,1963,11:30 a.m.,empty
act_dep_time,1966,11:30 a.m.,empty
act_dep_time,1974,11:30 a.m.,empty
act_dep_time,1977,11:30 a.m.,11:30 @@a.m.
act_dep_time,1978,11:30 a.m.,empty
act_dep_time,1981,11:55 a.m.,empty
act_dep_time,1982,11:55 a.m.,11:#55 a.m.
act_dep_time,1983,11:55 a.m.,empty
act_dep_time,1989,11:55 a.m.,11:55 @@a.m.@@
act_dep_time,1996,11:55 a.m.,empty
act_dep_time,1997,11:55 a.m.,empty
act_dep_time,2000,11:55 a.m.,empty
act_dep_time,2001,11:55 a.m.,11@@:55 a.@@m.
act_dep_time,2004,8:26 a.m.,empty
act_dep_time,2006,8:26 a.m.,empty
act_dep_time,2007,8:26 a.m.,empty
act_dep_time,2012,8:26 a.m.,empty
act_dep_time,2018,8:26 a.m.,empty
act_dep_time,2021,8:26 a.m.,empty
act_dep_time,2025,8:12 a.m.,empty
act_dep_time,2029,8:12 a.m.,empty
act_dep_time,2041,8:12 a.m.,empty
act_dep_time,2042,8:12 a.m.,8:12 a.$m.%
act_dep_time,2043,8:12 a.m.,empty
act_dep_time,2047,8:52 a.m.,8:5#2@@ a.m.
act_dep_time,2050,8:52 a.m.,empty
act_dep_time,2056,8:52 a.m.,8:52 #a.m.
act_dep_time,2057,8:52 a.m.,empty
act_dep_time,2059,8:52 a.m.,8:52 #a.m.
act_dep_time,2062,8:52 a.m.,empty
act_dep_time,2064,8:52 a.m.,empty
act_dep_time,2065,1:48 p.m.,1:#48 p.??m.
act_dep_time,2067,1:48 p.m.,1:48 p$.m$.
act_dep_time,2069,1:48 p.m.,1:4$8 p.m.$
act_dep_time,2075,1:48 p.m.,1#:48 p.m$.
act_dep_time,2076,1:48 p.m.,empty
act_dep_time,2079,1:48 p.m.,1:@@48 p#.m.
act_dep_time,2084,1:48 p.m.,empty
act_dep_time,2086,12:35 p.m.,12:35 p#.m.
act_dep_time,2088,12:35 p.m.,empty
act_dep_time,2089,12:35 p.m.,empty
act_dep_time,2090,12:35 p.m.,empty
act_dep_time,2096,12:35 p.m.,empty
act_dep_time,2097,12:35 p.m.,empty
act_dep_time,2099,12:35 p.m.,12:$35 p.$m.
act_dep_time,2101,12:35 p.m.,empty
act_dep_time,2104,12:35 p.m.,empty
act_dep_time,2106,12:35 p.m.,12@@:35 p.m%.
act_dep_time,2112,8:42 a.m.,8:42 a.m$.
act_dep_time,2114,8:42 a.m.,8#:$42 a.m.
act_dep_time,2116,8:42 a.m.,empty
act_dep_time,2119,8:42 a.m.,#8:42 a.m.@@
act_dep_time,2124,8:42 a.m.,empty
act_dep_time,2127,8:42 a.m.,empty
act_dep_time,2128,8:42 a.m.,8:@@42 @@a.m.
act_dep_time,2131,8:42 a.m.,empty
act_dep_time,2135,8:42 a.m.,8:4@@2 a.m.
act_dep_time,2137,8:29 a.m.,empty
act_dep_time,2138,8:29 a.m.,empty
act_dep_time,2140,8:29 a.m.,8:29 a.#m.
act_dep_time,2143,8:29 a.m.,$8:29# a.m.
act_dep_time,2145,8:29 a.m.,8:29 %a.m.
act_dep_time,2150,8:29 a.m.,8:29 a.m#.
act_dep_time,2152,8:29 a.m.,empty
act_dep_time,2153,8:29 a.m.,empty
act_dep_time,2155,8:29 a.m.,empty
act_dep_time,2157,8:29 a.m.,8:29 a.%m.
act_dep_time,2160,5:56 a.m.,empty
act_dep_time,2161,5:56 a.m.,empty
act_dep_time,2164,5:56 a.m.,%5:56 a.m.
act_dep_time,2165,5:56 a.m.,empty
act_dep_time,2166,5:56 a.m.,empty
act_dep_time,2168,5:56 a.m.,#5:56 a.m.
act_dep_time,2170,5:56 a.m.,@@5:56 a.m.
act_dep_time,2180,5:56 a.m.,empty
act_dep_time,2184,10:33 a.m.,10:33 a.$m.
act_dep_time,2190,10:33 a.m.,10:33 @@a#.m.
act_dep_time,2197,10:33 a.m.,empty
act_dep_time,2198,10:33 a.m.,empty
act_dep_time,2199,10:33 a.m.,empty
act_dep_time,2206,2:48 p.m.,empty
act_dep_time,2207,2:48 p.m.,empty
act_dep_time,2214,2:48 p.m.,empty
act_dep_time,2216,2:48 p.m.,empty
act_dep_time,2218,2:48 p.m.,2:??48 p.m%.
act_dep_time,2220,7:27 a.m.,7:27 a.??m.
act_dep_time,2223,7:27 a.m.,empty
act_dep_time,2224,7:27 a.m.,7:@@2%7 a.m.
act_dep_time,2230,7:27 a.m.,7:27 a.%m.
act_dep_time,2237,7:27 a.m.,empty
act_dep_time,2238,7:27 a.m.,7:@@27 a.m.
act_dep_time,2242,1:31 p.m.,1:31 p??.m.
act_dep_time,2247,1:31 p.m.,empty
act_dep_time,2257,1:31 p.m.,1:31% @@p.m.
act_dep_time,2260,1:31 p.m.,1:31 $p.m$.
act_dep_time,2273,11:08 p.m.,empty
act_dep_time,2274,11:08 p.m.,11:0%%8 p.m.
act_dep_time,2279,11:08 p.m.,%11$:08 p.m.
act_dep_time,2287,11:08 p.m.,1$1:08 p.m??.
act_dep_time,2290,11:08 p.m.,empty
act_dep_time,2291,11:08 p.m.,11:08 p.%m.$
act_dep_time,2294,2:10 p.m.,empty
act_dep_time,2308,2:10 p.m.,empty
act_dep_time,2309,2:10 p.m.,empty
act_dep_time,2310,2:10 p.m.,empty
act_dep_time,2312,2:10 p.m.,empty
act_dep_time,2314,2:10 p.m.,#2:10 p.m$.
act_dep_time,2319,7:49 a.m.,7:4??9 a.m.
act_dep_time,2327,7:49 a.m.,empty
act_dep_time,2329,7:49 a.m.,7??:49 a.m.
act_dep_time,2332,7:49 a.m.,empty
act_dep_time,2334,7:49 a.m.,$7:49 a.??m.
act_dep_time,2335,7:49 a.m.,7:4@@9 a.m.
act_dep_time,2337,1:32 p.m.,empty
act_dep_time,2341,1:32 p.m.,1:32% p.m.
act_dep_time,2344,1:32 p.m.,1:@@32 p.m%.
act_dep_time,2356,4:15 p.m.,4:15?? p.m.
act_dep_time,2364,4:15 p.m.,4:15 p.m@@.
act_dep_time,2365,4:15 p.m.,empty
act_dep_time,2370,4:15 p.m.,empty
act_dep_time,2371,4:15 p.m.,4:15 p@@.m.
sched_arr_time,1,8:05 p.m.,empty
sched_arr_time,6,8:05 p.m.,empty
sched_arr_time,10,8:05 p.m.,%8:05 p.#m.
sched_arr_time,11,8:05 p.m.,empty
sched_arr_time,12,8:05 p.m.,empty
sched_arr_time,14,8:05 p.m.,8:05 p$.m$.
sched_arr_time,15,8:05 p.m.,empty
sched_arr_time,16,8:05 p.m.,8@@:0??5 p.m.
sched_arr_time,23,10:34 a.m.,empty
sched_arr_time,24,10:34 a.m.,empty
sched_arr_time,26,10:34 a.m.,empty
sched_arr_time,28,10:34 a.m.,10$:34 a??.m.
sched_arr_time,29,10:34 a.m.,10:3??4 a.m.
sched_arr_time,30,10:34 a.m.,empty
sched_arr_time,36,10:34 a.m.,empty
sched_arr_time,42,10:34 a.m.,empty
sched_arr_time,44,10:34 a.m.,10:34 a$.m.
sched_arr_time,45,10:34 a.m.,10:34 a.@@m.
sched_arr_time,46,10:34 a.m.,empty
sched_arr_time,48,9:45 p.m.,9:45 $%p.m.
sched_arr_time,51,9:45 p.m.,empty
sched_arr_time,56,9:45 p.m.,9:45 ##p.m.
sched_arr_time,60,9:45 p.m.,empty
sched_arr_time,70,9:45 p.m.,empty
sched_arr_time,72,9:45 p.m.,9:#45 #p.m.
sched_arr_time,76,2:35 p.m.,??2$:35 p.m.
sched_arr_time,81,2:35 p.m.,empty
sched_arr_time,84,2:35 p.m.,2:3%5# p.m.
sched_arr_time,87,2:35 p.m.,2:@@35 p.m.
sched_arr_time,88,2:35 p.m.,2:35%$ p.m.
sched_arr_time,91,2:35 p.m.,2:$35 p.m.
sched_arr_time,94,2:35 p.m.,2:??35 p.m.
sched_arr_time,95,2:35 p.m.,empty
sched_arr_time,96,2:35 p.m.,2:3$5 p.m.
sched_arr_time,98,2:35 p.m.,2:35# p.m%.
sched_arr_time,102,10:35 a.m.,empty
sched_arr_time,103,10:35 a.m.,empty
sched_arr_time,117,10:35 a.m.,empty
sched_arr_time,118,10:35 a.m.,10:35 a.m.??
sched_arr_time,119,10:35 a.m.,empty
sched_arr_time,121,10:35 a.m.,10:35$ a.m.
sched_arr_time,126,5:50 a.m.,empty
sched_arr_time,127,5:50 a.m.,empty
sched_arr_time,128,5:50 a.m.,empty
sched_arr_time,129,5:50 a.m.,empty
sched_arr_time,130,5:50 a.m.,empty
sched_arr_time,131,5:50 a.m.,empty
sched_arr_time,137,5:50 a.m.,5:50 a.m#.
sched_arr_time,138,5:50 a.m.,empty
sched_arr_time,139,5:50 a.m.,empty
sched_arr_time,140,5:50 a.m.,empty
sched_arr_time,141,5:50 a.m.,empty
sched_arr_time,143,5:50 a.m.,empty
sched_arr_time,145,5:50 a.m.,empty
sched_arr_time,147,5:50 a.m.,5:50 a.@@m.
sched_arr_time,148,5:50 a.m.,empty
sched_arr_time,152,5:25 p.m.,%5:25 p.m.
sched_arr_time,155,5:25 p.m.,empty
sched_arr_time,156,5:25 p.m.,empty
sched_arr_time,157,5:25 p.m.,5:25# p.m.
sched_arr_time,160,5:25 p.m.,%5:25 p.m.
sched_arr_time,161,5:25 p.m.,empty
sched_arr_time,164,5:25 p.m.,5:25 ??p??.m.
sched_arr_time,165,5:25 p.m.,5:25 %p.m$.
sched_arr_time,167,5:25 p.m.,empty
sched_arr_time,169,5:25 p.m.,5:25 p.??m%.
sched_arr_time,171,7:25 p.m.,empty
sched_arr_time,175,7:25 p.m.,7:25 p.m??.$
sched_arr_time,181,7:25 p.m.,7:25 p.$m.$
sched_arr_time,183,7:25 p.m.,empty
sched_arr_time,184,7:25 p.m.,7:25 p.m??.
sched_arr_time,189,7:25 p.m.,7:25 p.m.@@
sched_arr_time,192,7:25 p.m.,empty
sched_arr_time,193,7:25 p.m.,7:25 ??p.m.
sched_arr_time,196,7:25 p.m.,#7:25 p.m.
sched_arr_time,197,7:25 p.m.,empty
sched_arr_time,200,12:10 p.m.,empty
sched_arr_time,201,12:10 p.m.,empty
sched_arr_time,204,12:10 p.m.,12:10 p.%m.
sched_arr_time,217,12:10 p.m.,empty
sched_arr_time,222,12:10 p.m.,empty
sched_arr_time,227,10:30 p.m.,1#0:30 p.m%.
sched_arr_time,232,10:30 p.m.,10%:30 p.#m.
sched_arr_time,233,10:30 p.m.,empty
sched_arr_time,238,10:30 p.m.,empty
sched_arr_time,239,10:30 p.m.,empty
sched_arr_time,240,10:30 p.m.,empty
sched_arr_time,241,10:30 p.m.,1@@0:30@@ p.m.
sched_arr_time,246,10:30 p.m.,10:30 #p.m.
sched_arr_time,253,2:20 p.m.,empty
sched_arr_time,254,2:20 p.m.,empty
sched_arr_time,256,2:20 p.m.,2@@@@:20 p.m.
sched_arr_time,257,2:20 p.m.,%2:20 p.m.
sched_arr_time,260,2:20 p.m.,2:20 p??.$m.
sched_arr_time,261,2:20 p.m.,empty
sched_arr_time,268,2:20 p.m.,empty
sched_arr_time,272,5:55 p.m.,empty
sched_arr_time,282,5:55 p.m.,empty
sched_arr_time,284,5:55 p.m.,empty
sched_arr_time,285,5:55 p.m.,empty
sched_arr_time,289,5:55 p.m.,empty
sched_arr_time,291,5:55 p.m.,empty
sched_arr_time,298,6:55 a.m.,6:55 a.m$.%
sched_arr_time,304,6:55 a.m.,6:55 a#.m.
sched_arr_time,307,6:55 a.m.,empty
sched_arr_time,309,6:55 a.m.,6$:55# a.m.
sched_arr_time,313,6:55 a.m.,empty
sched_arr_time,314,6:55 a.m.,empty
sched_arr_time,315,6:55 a.m.,empty
sched_arr_time,318,6:55 a.m.,empty
sched_arr_time,319,6:55 a.m.,6:55$ a.m.
sched_arr_time,322,2:45 p.m.,2:4%5 p.m.
sched_arr_time,328,2:45 p.m.,empty
sched_arr_time,330,2:45 p.m.,empty
sched_arr_time,340,2:45 p.m.,empty
sched_arr_time,344,2:45 p.m.,2:45 p.#$m.
sched_arr_time,347,2:45 p.m.,2@@:45 p.m.
sched_arr_time,358,3:30 p.m.,empty
sched_arr_time,359,3:30 p.m.,3%:30 ??p.m.
sched_arr_time,360,3:30 p.m.,empty
sched_arr_time,364,3:30 p.m.,empty
sched_arr_time,366,3:30 p.m.,empty
sched_arr_time,369,3:30 p.m.,??3:30 p.m.
sched_arr_time,371,3:30 p.m.,empty
sched_arr_time,372,3:30 p.m.,3:$30 p.m.
sched_arr_time,375,11:35 a.m.,empty
sched_arr_time,376,11:35 a.m.,11:35 a.m%.
sched_arr_time,389,11:35 a.m.,11:35@@ a.m.
sched_arr_time,390,11:35 a.m.,empty
sched_arr_time,391,11:35 a.m.,empty
sched_arr_time,396,11:35 a.m.,1$1:35 a.m.
sched_arr_time,399,11:50 p.m.,11:50# #p.m.
sched_arr_time,402,11:50 p.m.,empty
sched_arr_time,404,11:50 p.m.,11#$:50 p.m.
sched_arr_time,405,11:50 p.m.,1%1:50 p.m.??
sched_arr_time,408,11:50 p.m.,11%:50 p.m#.
sched_arr_time,411,11:50 p.m.,1@@1#:50 p.m.
sched_arr_time,414,11:50 p.m.,empty
sched_arr_time,415,11:50 p.m.,empty
sched_arr_time,417,11:50 p.m.,11@@:50 p.m.
sched_arr_time,418,11:50 p.m.,empty
sched_arr_time,419,11:50 p.m.,11#:50 p.m.
sched_arr_time,422,11:50 p.m.,11#:5%0 p.m.
sched_arr_time,425,11:50 p.m.,11:$50 p.m.
sched_arr_time,427,11:10 a.m.,11:10 @@a.m.
sched_arr_time,432,11:10 a.m.,11:10 a.@@m.
sched_arr_time,433,11:10 a.m.,empty
sched_arr_time,439,11:10 a.m.,11:10 a.%m.
sched_arr_time,444,11:10 a.m.,empty
sched_arr_time,445,11:10 a.m.,empty
sched_arr_time,446,11:10 a.m.,11:10 a.m%%.
sched_arr_time,450,11:10 a.m.,11:#10 a.m.
sched_arr_time,452,2:25 p.m.,2:25?? p.m.
sched_arr_time,456,2:25 p.m.,2:25 $p.m.
sched_arr_time,459,2:25 p.m.,empty
sched_arr_time,462,2:25 p.m.,2:25?? p.m.%
sched_arr_time,465,2:25 p.m.,2:25 p@@.m.$
sched_arr_time,466,2:25 p.m.,empty
sched_arr_time,467,2:25 p.m.,2:25 p.m.%
sched_arr_time,468,2:25 p.m.,empty
sched_arr_time,473,2:25 p.m.,2:25# p.m.
sched_arr_time,476,2:25 p.m.,empty
sched_arr_time,477,11:05 a.m.,??11:05 a.m.
sched_arr_time,485,11:05 a.m.,empty
sched_arr_time,488,11:05 a.m.,11??:05 a.m.
sched_arr_time,492,11:05 a.m.,11:05 a.??m.
sched_arr_time,495,11:05 a.m.,empty
sched_arr_time,496,11:05 a.m.,1$1:05 a.m.
sched_arr_time,499,11:05 a.m.,11:0$5 a.m.$
sched_arr_time,501,11:05 a.m.,empty
sched_arr_time,502,3:15 p.m.,empty
sched_arr_time,503,3:15 p.m.,empty
sched_arr_time,504,3:15 p.m.,3:??15# p.m.
sched_arr_time,506,3:15 p.m.,3:15 p.@@m.
sched_arr_time,509,3:15 p.m.,empty
sched_arr_time,514,3:15 p.m.,3:1$5 p.@@m.
sched_arr_time,523,3:15 p.m.,empty
sched_arr_time,527,9:20 p.m.,9:20 p@@.m.
sched_arr_time,528,9:20 p.m.,empty
sched_arr_time,530,9:20 p.m.,9:20 p.m.%%
sched_arr_time,531,9:20 p.m.,9:@@20 p.m%.
sched_arr_time,532,9:20 p.m.,9:@@20 p.m.
sched_arr_time,535,9:20 p.m.,9:20 p.m.%
sched_arr_time,536,9:20 p.m.,9:$2$0 p.m.
sched_arr_time,537,9:20 p.m.,empty
sched_arr_time,539,9:20 p.m.,9:20 p.@@m.
sched_arr_time,544,9:20 p.m.,9:20 %p.m.
sched_arr_time,546,9:20 p.m.,9:20 %p.m.
sched_arr_time,549,9:20 p.m.,empty
sched_arr_time,551,9:55 a.m.,empty
sched_arr_time,552,9:55 a.m.,empty
sched_arr_time,554,9:55 a.m.,empty
sched_arr_time,563,9:55 a.m.,empty
sched_arr_time,564,9:55 a.m.,9#:55 a.??m.
sched_arr_time,567,9:55 a.m.,9%:55 a.m.
sched_arr_time,569,9:55 a.m.,empty
sched_arr_time,570,9:55 a.m.,empty
sched_arr_time,571,9:55 a.m.,empty
sched_arr_time,572,9:55 a.m.,empty
sched_arr_time,577,9:55 a.m.,empty
sched_arr_time,583,2:45 p.m.,2:45 ??p.m.$
sched_arr_time,584,2:45 p.m.,empty
sched_arr_time,588,2:45 p.m.,2:45$ p.m.
sched_arr_time,589,2:45 p.m.,empty
sched_arr_time,595,2:45 p.m.,empty
sched_arr_time,596,2:45 p.m.,empty
sched_arr_time,599,2:45 p.m.,2%:45 p.m.
sched_arr_time,601,2:45 p.m.,2:45 p??%.m.
sched_arr_time,605,6:40 p.m.,6:40 p@@.m.
sched_arr_time,607,6:40 p.m.,%%6:40 p.m.
sched_arr_time,610,6:40 p.m.,empty
sched_arr_time,611,6:40 p.m.,empty
sched_arr_time,614,6:40 p.m.,empty
sched_arr_time,618,6:40 p.m.,6:40 p.m??.
sched_arr_time,622,6:40 p.m.,empty
sched_arr_time,623,6:40 p.m.,empty
sched_arr_time,625,6:40 p.m.,6#:40 p.m.$
sched_arr_time,636,4:05 p.m.,4@@:05 p.m.
sched_arr_time,637,4:05 p.m.,4:05 p.m.%
sched_arr_time,654,4:05 p.m.,4:05 p%.m%.
sched_arr_time,655,4:05 p.m.,4:05 @@p.m.
sched_arr_time,658,4:05 p.m.,4:05 p.@@m.%
sched_arr_time,659,6:40 a.m.,6:4%0 $a.m.
sched_arr_time,660,6:40 a.m.,??6:40 a.@@m.
sched_arr_time,662,6:40 a.m.,6@@:40 a.m.
sched_arr_time,666,6:40 a.m.,empty
sched_arr_time,667,6:40 a.m.,??6:40 a.m.
sched_arr_time,672,6:40 a.m.,$6:40 a.$m.
sched_arr_time,675,6:40 a.m.,empty
sched_arr_time,687,12:15 a.m.,12:1@@5 a.m.??
sched_arr_time,691,12:15 a.m.,empty
sched_arr_time,693,12:15 a.m.,empty
sched_arr_time,698,12:15 a.m.,empty
sched_arr_time,703,12:15 a.m.,empty
sched_arr_time,708,12:15 a.m.,empty
sched_arr_time,710,12:15 a.m.,12:15 a??.m.
sched_arr_time,712,7:30 a.m.,7:30 a.m@@.$
sched_arr_time,713,7:30 a.m.,empty
sched_arr_time,715,7:30 a.m.,7:30?? a%.m.
sched_arr_time,723,7:30 a.m.,empty
sched_arr_time,726,7:30 a.m.,empty
sched_arr_time,728,7:30 a.m.,7:3@#@0 a.m.
sched_arr_time,732,7:30 a.m.,7:30 $a.m.
sched_arr_time,733,7:30 a.m.,7:30 ??a.m.
sched_arr_time,739,9:40 a.m.,empty
sched_arr_time,742,9:40 a.m.,9:40 a.#m??.
sched_arr_time,743,9:40 a.m.,9:40 a.%m.
sched_arr_time,751,9:40 a.m.,empty
sched_arr_time,758,9:40 a.m.,empty
sched_arr_time,762,9:40 a.m.,9:40 a.??m%.
sched_arr_time,766,8:00 a.m.,8:0@@@@0 a.m.
sched_arr_time,767,8:00 a.m.,empty
sched_arr_time,768,8:00 a.m.,empty
sched_arr_time,770,8:00 a.m.,empty
sched_arr_time,773,8:00 a.m.,empty
sched_arr_time,774,8:00 a.m.,8:00@@?? a.m.
sched_arr_time,775,8:00 a.m.,8:00 a@@.m.@@
sched_arr_time,781,8:00 a.m.,8:00 a.??m.??
sched_arr_time,784,8:00 a.m.,%8:00 a.m.
sched_arr_time,787,8:00 a.m.,8:00 a$.m.#
sched_arr_time,790,8:00 a.m.,8:00 @@a.%m.
sched_arr_time,792,2:59 p.m.,empty
sched_arr_time,797,2:59 p.m.,2:59$ p%.m.
sched_arr_time,804,2:59 p.m.,empty
sched_arr_time,805,2:59 p.m.,empty
sched_arr_time,809,2:59 p.m.,2:59 p.m.%
sched_arr_time,811,2:59 p.m.,2:@@59 p.m.
sched_arr_time,820,7:45 a.m.,empty
sched_arr_time,823,7:45 a.m.,7$:45 a.m.
sched_arr_time,825,7:45 a.m.,7:45 a??.m.
sched_arr_time,832,7:45 a.m.,empty
sched_arr_time,838,7:45 a.m.,7:$45 a@@.m.
sched_arr_time,839,7:45 a.m.,$7:45# a.m.
sched_arr_time,841,7:45 a.m.,empty
sched_arr_time,843,10:40 a.m.,empty
sched_arr_time,849,10:40 a.m.,empty
sched_arr_time,852,10:40 a.m.,??10:40 a.m.
sched_arr_time,854,10:40 a.m.,10:40 a.m.$
sched_arr_time,856,10:40 a.m.,empty
sched_arr_time,857,10:40 a.m.,empty
sched_arr_time,859,10:40 a.m.,empty
sched_arr_time,864,10:40 a.m.,empty
sched_arr_time,866,12:55 p.m.,empty
sched_arr_time,874,12:55 p.m.,empty
sched_arr_time,876,12:55 p.m.,12%:55% p.m.
sched_arr_time,880,12:55 p.m.,empty
sched_arr_time,882,12:55 p.m.,12:5??5 p.m.
sched_arr_time,883,12:55 p.m.,12:55 p%.%m.
sched_arr_time,888,12:55 p.m.,1??2:55 p.m.
sched_arr_time,894,2:15 p.m.,empty
sched_arr_time,898,2:15 p.m.,2:@@15 p.m.
sched_arr_time,903,2:15 p.m.,2:1@@5$ p.m.
sched_arr_time,905,2:15 p.m.,2:15% p#.m.
sched_arr_time,906,2:15 p.m.,2:15 p.??m.
sched_arr_time,909,2:15 p.m.,2:15# p.m.
sched_arr_time,912,2:15 p.m.,@@2%:15 p.m.
sched_arr_time,915,2:15 p.m.,empty
sched_arr_time,925,9:10 p.m.,empty
sched_arr_time,930,9:10 p.m.,#9:10 #p.m.
sched_arr_time,932,9:10 p.m.,9:10% p.#m.
sched_arr_time,934,9:10 p.m.,9:10 p.m.%$
sched_arr_time,936,9:10 p.m.,9:1@@0 p.m.
sched_arr_time,937,9:10 p.m.,empty
sched_arr_time,939,9:10 p.m.,9??:1??0 p.m.
sched_arr_time,951,11:50 a.m.,11:??50 a.m.
sched_arr_time,952,11:50 a.m.,empty
sched_arr_time,954,11:50 a.m.,11:50 @@$a.m.
sched_arr_time,956,11:50 a.m.,11:5%0 a.m.#
sched_arr_time,965,11:50 a.m.,empty
sched_arr_time,966,11:50 a.m.,@??@11:50 a.m.
sched_arr_time,967,11:50 a.m.,$11:50$ a.m.
sched_arr_time,969,11:50 a.m.,empty
sched_arr_time,970,11:50 a.m.,11:5#0 a.m.
sched_arr_time,972,4:00 p.m.,empty
sched_arr_time,977,4:00 p.m.,empty
sched_arr_time,979,4:00 p.m.,4:00 p$.m.
sched_arr_time,980,4:00 p.m.,4:00$ %p.m.
sched_arr_time,985,4:00 p.m.,empty
sched_arr_time,991,4:00 p.m.,4:00% $p.m.
sched_arr_time,994,2:00 p.m.,empty
sched_arr_time,1001,2:00 p.m.,2%:00 p.m.
sched_arr_time,1004,2:00 p.m.,@@2:00 p.m??.
sched_arr_time,1005,2:00 p.m.,2:0??0?? p.m.
sched_arr_time,1007,2:00 p.m.,empty
sched_arr_time,1008,2:00 p.m.,2:00 p.m.@@
sched_arr_time,1011,2:00 p.m.,2:00 p@@.m.
sched_arr_time,1012,2:00 p.m.,empty
sched_arr_time,1017,3:50 p.m.,empty
sched_arr_time,1019,3:50 p.m.,empty
sched_arr_time,1023,3:50 p.m.,empty
sched_arr_time,1025,3:50 p.m.,3??#:50 p.m.
sched_arr_time,1026,3:50 p.m.,empty
sched_arr_time,1027,3:50 p.m.,3:50 ??p.m.
sched_arr_time,1034,3:50 p.m.,3:50 p??%.m.
sched_arr_time,1035,3:50 p.m.,empty
sched_arr_time,1037,3:50 p.m.,3??:50 p.m.
sched_arr_time,1044,9:20 a.m.,empty
sched_arr_time,1045,9:20 a.m.,empty
sched_arr_time,1048,9:20 a.m.,empty
sched_arr_time,1052,9:20 a.m.,9:20 #a.m.
sched_arr_time,1054,9:20 a.m.,9@@:2%0 a.m.
sched_arr_time,1055,9:20 a.m.,empty
sched_arr_time,1056,9:20 a.m.,empty
sched_arr_time,1060,9:20 a.m.,9:20 a.m.@@
sched_arr_time,1061,9:20 a.m.,9:20 a.??m.
sched_arr_time,1062,9:20 a.m.,9:2??0 a.m.
sched_arr_time,1063,9:20 a.m.,empty
sched_arr_time,1067,9:20 a.m.,empty
sched_arr_time,1068,9:20 a.m.,9:20?? a.m.
sched_arr_time,1070,7:55 p.m.,empty
sched_arr_time,1071,7:55 p.m.,7:5%5 p.m.
sched_arr_time,1073,7:55 p.m.,empty
sched_arr_time,1074,7:55 p.m.,empty
sched_arr_time,1075,7:55 p.m.,empty
sched_arr_time,1082,7:55 p.m.,empty
sched_arr_time,1083,7:55 p.m.,empty
sched_arr_time,1086,7:55 p.m.,empty
sched_arr_time,1090,7:55 p.m.,7:55 @@p.m.
sched_arr_time,1098,9:25 a.m.,empty
sched_arr_time,1099,9:25 a.m.,empty
sched_arr_time,1106,9:25 a.m.,empty
sched_arr_time,1110,9:25 a.m.,empty
sched_arr_time,1124,10:45 a.m.,10%:45 a.m.
sched_arr_time,1129,10:45 a.m.,empty
sched_arr_time,1130,10:45 a.m.,empty
sched_arr_time,1132,10:45 a.m.,??10:4@@5 a.m.
sched_arr_time,1133,10:45 a.m.,empty
sched_arr_time,1134,10:45 a.m.,empty
sched_arr_time,1139,10:45 a.m.,empty
sched_arr_time,1145,10:45 a.m.,empty
sched_arr_time,1147,10:45 a.m.,empty
sched_arr_time,1149,12:35 p.m.,12??:35 $p.m.
sched_arr_time,1150,12:35 p.m.,empty
sched_arr_time,1151,12:35 p.m.,12:35 p.m.$#
sched_arr_time,1156,12:35 p.m.,12:35 ??p.@@m.
sched_arr_time,1159,12:35 p.m.,empty
sched_arr_time,1161,12:35 p.m.,empty
sched_arr_time,1163,12:35 p.m.,12:35 p.m.?@@?
sched_arr_time,1164,12:35 p.m.,empty
sched_arr_time,1168,12:35 p.m.,??1#2:35 p.m.
sched_arr_time,1169,12:35 p.m.,12:35 p.m.#
sched_arr_time,1184,9:35 a.m.,empty
sched_arr_time,1185,9:35 a.m.,9:$35 a.m%.
sched_arr_time,1195,9:35 a.m.,9#$:35 a.m.
sched_arr_time,1196,9:35 a.m.,empty
sched_arr_time,1197,9:35 a.m.,empty
sched_arr_time,1201,3:50 p.m.,empty
sched_arr_time,1204,3:50 p.m.,empty
sched_arr_time,1207,3:50 p.m.,empty
sched_arr_time,1210,3:50 p.m.,3:50 @@p$.m.
sched_arr_time,1211,3:50 p.m.,empty
sched_arr_time,1215,3:50 p.m.,3:$50 p.m.
sched_arr_time,1220,3:50 p.m.,empty
sched_arr_time,1222,2:35 p.m.,empty
sched_arr_time,1224,2:35 p.m.,2:$35 p.m??.
sched_arr_time,1226,2:35 p.m.,2:3@@5# p.m.
sched_arr_time,1227,2:35 p.m.,2:@@35$ p.m.
sched_arr_time,1229,2:35 p.m.,empty
sched_arr_time,1233,2:35 p.m.,empty
sched_arr_time,1234,2:35 p.m.,empty
sched_arr_time,1236,2:35 p.m.,2:3#5 p.m.
sched_arr_time,1239,2:35 p.m.,empty
sched_arr_time,1240,2:35 p.m.,empty
sched_arr_time,1251,6:30 p.m.,6@@:30 p.m.
sched_arr_time,1254,6:30 p.m.,6:30 p.m??.??
sched_arr_time,1255,6:30 p.m.,6:30 p??.m.
sched_arr_time,1256,6:30 p.m.,6:3??0 p.m.
sched_arr_time,1258,6:30 p.m.,6:30 p.m%.%
sched_arr_time,1262,6:30 p.m.,6:30 p.m#.%
sched_arr_time,1269,6:30 p.m.,empty
sched_arr_time,1273,6:30 p.m.,empty
sched_arr_time,1280,1:17 p.m.,1#:17 p.m.
sched_arr_time,1284,1:17 p.m.,empty
sched_arr_time,1289,1:17 p.m.,empty
sched_arr_time,1292,1:17 p.m.,1$:17 p.m.
sched_arr_time,1294,1:17 p.m.,1:$17 p.m.
sched_arr_time,1302,10:54 a.m.,empty
sched_arr_time,1306,10:54 a.m.,10:54 a%.#m.
sched_arr_time,1310,10:54 a.m.,10:54 a.m.$
sched_arr_time,1311,10:54 a.m.,10:%54 a.m.
sched_arr_time,1312,10:54 a.m.,1@@0:54 a.m.
sched_arr_time,1318,1:16 p.m.,empty
sched_arr_time,1319,1:16 p.m.,empty
sched_arr_time,1326,1:16 p.m.,1:16 p.m??.
sched_arr_time,1331,1:16 p.m.,1#:16 p#.m.
sched_arr_time,1336,1:16 p.m.,empty
sched_arr_time,1337,1:16 p.m.,1:$1@@6 p.m.
sched_arr_time,1341,12:18 p.m.,empty
sched_arr_time,1343,12:18 p.m.,12:1??8 p.m.
sched_arr_time,1345,12:18 p.m.,12:#18@@ p.m.
sched_arr_time,1347,12:18 p.m.,12:??18 p.m.
sched_arr_time,1349,12:18 p.m.,??12:18 p.??m.
sched_arr_time,1350,12:18 p.m.,empty
sched_arr_time,1360,12:18 p.m.,empty
sched_arr_time,1361,12:18 p.m.,empty
sched_arr_time,1362,12:18 p.m.,$1%2:18 p.m.
sched_arr_time,1366,4:48 p.m.,empty
sched_arr_time,1369,4:48 p.m.,$4:48 p%.m.
sched_arr_time,1371,4:48 p.m.,empty
sched_arr_time,1372,4:48 p.m.,empty
sched_arr_time,1375,4:48 p.m.,empty
sched_arr_time,1383,4:48 p.m.,4:48 p.m%.@@
sched_arr_time,1385,4:48 p.m.,#4:48 p.@@m.
sched_arr_time,1387,11:35 a.m.,empty
sched_arr_time,1390,11:35 a.m.,11:35@@ a.m.
sched_arr_time,1394,11:35 a.m.,empty
sched_arr_time,1398,11:35 a.m.,empty
sched_arr_time,1399,11:35 a.m.,empty
sched_arr_time,1401,11:35 a.m.,empty
sched_arr_time,1405,11:35 a.m.,empty
sched_arr_time,1406,11:35 a.m.,11:3%5 a.m.
sched_arr_time,1407,11:35 a.m.,empty
sched_arr_time,1415,10:15 p.m.,10#:15 p.m.
sched_arr_time,1416,10:15 p.m.,10:#1??5 p.m.
sched_arr_time,1417,10:15 p.m.,1@@%0:15 p.m.
sched_arr_time,1424,10:15 p.m.,10:15 p.m.$
sched_arr_time,1426,10:15 p.m.,10:15$ p@@.m.
sched_arr_time,1427,10:15 p.m.,10:1$5 p.m%.
sched_arr_time,1430,10:15 p.m.,10:15# p.m.
sched_arr_time,1434,6:44 p.m.,6:44 p.%m.
sched_arr_time,1439,6:44 p.m.,empty
sched_arr_time,1440,6:44 p.m.,6:44 p.m%.#
sched_arr_time,1442,6:44 p.m.,empty
sched_arr_time,1443,6:44 p.m.,empty
sched_arr_time,1445,6:44 p.m.,6:44 p.m.%
sched_arr_time,1446,6:44 p.m.,6$:44 p.#m.
sched_arr_time,1452,5:35 a.m.,5:35 a$.m.
sched_arr_time,1456,5:35 a.m.,empty
sched_arr_time,1459,5:35 a.m.,5:35 a@@.m.
sched_arr_time,1461,5:35 a.m.,5%:35 a.m.
sched_arr_time,1463,5:35 a.m.,5:@@35 a.m.
sched_arr_time,1469,5:35 a.m.,5:35 a.m.#
sched_arr_time,1471,5:35 a.m.,empty
sched_arr_time,1473,5:35 a.m.,??5:35 a.m#.
sched_arr_time,1481,12:21 a.m.,12:21 %a.m.
sched_arr_time,1482,12:21 a.m.,12:21 a%.m.
sched_arr_time,1485,12:21 a.m.,12@@:21 a.m@@.
sched_arr_time,1486,12:21 a.m.,empty
sched_arr_time,1492,12:21 a.m.,empty
sched_arr_time,1496,12:21 a.m.,1%2:21 a.m.
sched_arr_time,1497,12:21 a.m.,empty
sched_arr_time,1498,12:21 a.m.,empty
sched_arr_time,1502,7:05 p.m.,7:05 %p.m.
sched_arr_time,1504,7:05 p.m.,empty
sched_arr_time,1505,7:05 p.m.,#%7:05 p.m.
sched_arr_time,1513,7:05 p.m.,empty
sched_arr_time,1515,7:05 p.m.,7:05 p.@%@m.
sched_arr_time,1516,7:05 p.m.,7:??05 p.m.
sched_arr_time,1517,7:05 p.m.,empty
sched_arr_time,1518,7:05 p.m.,empty
sched_arr_time,1526,8:56 p.m.,empty
sched_arr_time,1528,8:56 p.m.,empty
sched_arr_time,1530,8:56 p.m.,empty
sched_arr_time,1532,8:56 p.m.,empty
sched_arr_time,1536,8:56 p.m.,8:56# p.m.
sched_arr_time,1547,6:40 p.m.,6:40 p.m@@??.
sched_arr_time,1550,6:40 p.m.,6:40@@?? p.m.
sched_arr_time,1553,6:40 p.m.,6:??4@@0 p.m.
sched_arr_time,1554,6:40 p.m.,6:4@@0 p.m??.
sched_arr_time,1556,6:40 p.m.,empty
sched_arr_time,1557,6:40 p.m.,6:??40 p.m.
sched_arr_time,1559,6:40 p.m.,empty
sched_arr_time,1561,6:40 p.m.,6:4%0 p%.m.
sched_arr_time,1564,6:40 p.m.,6:40 p.m.@@
sched_arr_time,1566,4:49 p.m.,empty
sched_arr_time,1569,4:49 p.m.,4:49 ??p.m$.
sched_arr_time,1570,4:49 p.m.,4:49% p.m.
sched_arr_time,1571,4:49 p.m.,empty
sched_arr_time,1578,4:49 p.m.,empty
sched_arr_time,1581,4:49 p.m.,4:49 p.m??.
sched_arr_time,1589,9:21 a.m.,??9:21 a.m.
sched_arr_time,1591,9:21 a.m.,9:21 %a.m.
sched_arr_time,1592,9:21 a.m.,9:2%1# a.m.
sched_arr_time,1593,9:21 a.m.,empty
sched_arr_time,1597,9:21 a.m.,empty
sched_arr_time,1600,9:21 a.m.,empty
sched_arr_time,1618,2:50 p.m.,empty
sched_arr_time,1622,2:50 p.m.,empty
sched_arr_time,1625,2:50 p.m.,2:50 p#.m.
sched_arr_time,1637,7:03 p.m.,empty
sched_arr_time,1641,7:03 p.m.,7:03 p.m##.
sched_arr_time,1647,8:22 p.m.,empty
sched_arr_time,1649,8:22 p.m.,empty
sched_arr_time,1652,8:22 p.m.,empty
sched_arr_time,1654,8:22 p.m.,8:22 p.m.%
sched_arr_time,1658,8:22 p.m.,8%:22 p$.m.
sched_arr_time,1666,8:22 p.m.,empty
sched_arr_time,1672,10:20 a.m.,empty
sched_arr_time,1685,10:20 a.m.,??1$0:20 a.m.
sched_arr_time,1688,11:45 a.m.,11:45 a.@@m.??
sched_arr_time,1689,11:45 a.m.,11:45@@ a.m.
sched_arr_time,1692,11:45 a.m.,11:45@@ %a.m.
sched_arr_time,1695,11:45 a.m.,empty
sched_arr_time,1702,11:45 a.m.,empty
sched_arr_time,1703,11:45 a.m.,empty
sched_arr_time,1705,5:00 p.m.,empty
sched_arr_time,1707,5:00 p.m.,5:00 p.m.%#
sched_arr_time,1708,5:00 p.m.,empty
sched_arr_time,1709,5:00 p.m.,empty
sched_arr_time,1712,5:00 p.m.,empty
sched_arr_time,1715,5:00 p.m.,empty
sched_arr_time,1721,5:00 p.m.,empty
sched_arr_time,1730,12:29 a.m.,12:2$9 a.m.#
sched_arr_time,1732,12:29 a.m.,12:@@29 a.m.
sched_arr_time,1733,12:29 a.m.,12:29 a??.m.
sched_arr_time,1735,12:29 a.m.,empty
sched_arr_time,1736,12:29 a.m.,empty
sched_arr_time,1737,12:29 a.m.,empty
sched_arr_time,1738,12:29 a.m.,empty
sched_arr_time,1746,12:29 a.m.,@@1??2:29 a.m.
sched_arr_time,1747,12:29 a.m.,empty
sched_arr_time,1751,12:29 a.m.,empty
sched_arr_time,1753,5:15 p.m.,5:1$5$ p.m.
sched_arr_time,1755,5:15 p.m.,??5:15# p.m.
sched_arr_time,1756,5:15 p.m.,5$:@@15 p.m.
sched_arr_time,1758,5:15 p.m.,5:15 p.@@m.
sched_arr_time,1759,5:15 p.m.,5:1#5$ p.m.
sched_arr_time,1760,5:15 p.m.,5%:15 p.m.
sched_arr_time,1761,5:15 p.m.,5:1$5 p.m.??
sched_arr_time,1764,5:15 p.m.,5:1??5 p.m.
sched_arr_time,1766,5:15 p.m.,empty
sched_arr_time,1767,5:15 p.m.,5%:1%5 p.m.
sched_arr_time,1770,5:15 p.m.,5:15 p.#m.
sched_arr_time,1771,5:15 p.m.,empty
sched_arr_time,1776,10:31 a.m.,empty
sched_arr_time,1777,10:31 a.m.,10:3%1 a.m.
sched_arr_time,1782,10:31 a.m.,1%0:31 a.@@m.
sched_arr_time,1785,10:31 a.m.,empty
sched_arr_time,1790,10:31 a.m.,empty
sched_arr_time,1793,10:31 a.m.,10:31?? a.m.
sched_arr_time,1799,6:15 p.m.,empty
sched_arr_time,1809,6:15 p.m.,??6$:15 p.m.
sched_arr_time,1811,6:15 p.m.,6:$15 p.m.
sched_arr_time,1812,6:15 p.m.,empty
sched_arr_time,1817,6:15 p.m.,empty
sched_arr_time,1818,6:15 p.m.,empty
sched_arr_time,1825,1:40 p.m.,empty
sched_arr_time,1829,1:40 p.m.,empty
sched_arr_time,1830,1:40 p.m.,1:40 p#.m.
sched_arr_time,1831,1:40 p.m.,empty
sched_arr_time,1836,1:40 p.m.,empty
sched_arr_time,1838,1:40 p.m.,empty
sched_arr_time,1839,1:40 p.m.,empty
sched_arr_time,1842,4:53 p.m.,empty
sched_arr_time,1844,4:53 p.m.,empty
sched_arr_time,1845,4:53 p.m.,empty
sched_arr_time,1857,4:53 p.m.,4:??53 p.m.
sched_arr_time,1859,4:53 p.m.,empty
sched_arr_time,1864,6:46 p.m.,empty
sched_arr_time,1867,6:46 p.m.,empty
sched_arr_time,1869,6:46 p.m.,empty
sched_arr_time,1871,6:46 p.m.,empty
sched_arr_time,1879,6:46 p.m.,6:46 p%.m.
sched_arr_time,1881,6:46 p.m.,6:46# p.m.??
sched_arr_time,1887,5:05 p.m.,empty
sched_arr_time,1889,5:05 p.m.,empty
sched_arr_time,1892,5:05 p.m.,@@5:05 p.m%.
sched_arr_time,1893,5:05 p.m.,empty
sched_arr_time,1896,5:05 p.m.,%5:05 p.m.
sched_arr_time,1898,5:05 p.m.,empty
sched_arr_time,1899,5:05 p.m.,empty
sched_arr_time,1904,5:05 p.m.,5:05@@ p.m.
sched_arr_time,1905,5:05 p.m.,empty
sched_arr_time,1906,6:23 p.m.,empty
sched_arr_time,1907,6:23 p.m.,6:23 %p#.m.
sched_arr_time,1909,6:23 p.m.,6:23 p.m.%
sched_arr_time,1912,6:23 p.m.,empty
sched_arr_time,1919,6:23 p.m.,%6:%23 p.m.
sched_arr_time,1923,6:23 p.m.,empty
sched_arr_time,1930,1:45 p.m.,empty
sched_arr_time,1931,1:45 p.m.,1:%45 p.m.
sched_arr_time,1932,1:45 p.m.,1:45 p.m$.
sched_arr_time,1934,1:45 p.m.,empty
sched_arr_time,1936,1:45 p.m.,empty
sched_arr_time,1942,1:45 p.m.,1:4#5 p.m.$
sched_arr_time,1944,1:45 p.m.,1:45 p.m%.
sched_arr_time,1945,1:45 p.m.,empty
sched_arr_time,1946,1:45 p.m.,1:4#5 p.m.
sched_arr_time,1949,1:45 p.m.,empty
sched_arr_time,1950,1:45 p.m.,1:45 p.m??.
sched_arr_time,1951,1:45 p.m.,empty
sched_arr_time,1953,1:45 p.m.,1:45 p.%m.
sched_arr_time,1954,4:57 p.m.,4:57 p.$$m.
sched_arr_time,1959,4:57 p.m.,4:%57 #p.m.
sched_arr_time,1961,4:57 p.m.,4:57 p.#m.
sched_arr_time,1967,4:57 p.m.,4:%57 p.m.
sched_arr_time,1968,4:57 p.m.,4:57 p.m%%.
sched_arr_time,1974,4:57 p.m.,empty
sched_arr_time,1980,6:17 p.m.,6:17% #p.m.
sched_arr_time,1982,6:17 p.m.,empty
sched_arr_time,1983,6:17 p.m.,6:17 p.m@@.
sched_arr_time,1984,6:17 p.m.,6@@:17 p.@@m.
sched_arr_time,1988,6:17 p.m.,6:17# %p.m.
sched_arr_time,1995,6:17 p.m.,empty
sched_arr_time,1997,6:17 p.m.,empty
sched_arr_time,2001,6:17 p.m.,empty
sched_arr_time,2002,9:24 a.m.,empty
sched_arr_time,2003,9:24 a.m.,$9:2??4 a.m.
sched_arr_time,2005,9:24 a.m.,9:24 a.m#.#
sched_arr_time,2006,9:24 a.m.,empty
sched_arr_time,2010,9:24 a.m.,empty
sched_arr_time,2018,9:24 a.m.,9:24% a.m.
sched_arr_time,2020,9:24 a.m.,empty
sched_arr_time,2022,9:24 a.m.,9??:24 a.m.
sched_arr_time,2025,10:06 a.m.,empty
sched_arr_time,2032,10:06 a.m.,10:%06?? a.m.
sched_arr_time,2040,10:06 a.m.,empty
sched_arr_time,2041,10:06 a.m.,empty
sched_arr_time,2047,11:53 a.m.,empty
sched_arr_time,2048,11:53 a.m.,1$1:53 a.m.$
sched_arr_time,2049,11:53 a.m.,empty
sched_arr_time,2053,11:53 a.m.,empty
sched_arr_time,2054,11:53 a.m.,empty
sched_arr_time,2065,4:17 p.m.,4:17 p.m??.
sched_arr_time,2072,4:17 p.m.,4:17 p$.m.
sched_arr_time,2074,4:17 p.m.,empty
sched_arr_time,2077,4:17 p.m.,empty
sched_arr_time,2078,4:17 p.m.,4%:17 p.m.
sched_arr_time,2083,4:17 p.m.,empty
sched_arr_time,2089,3:19 p.m.,empty
sched_arr_time,2090,3:19 p.m.,empty
sched_arr_time,2094,3:19 p.m.,@@3:19 p.m.
sched_arr_time,2095,3:19 p.m.,empty
sched_arr_time,2096,3:19 p.m.,3$:19 p%.m.
sched_arr_time,2099,3:19 p.m.,empty
sched_arr_time,2108,3:19 p.m.,empty
sched_arr_time,2109,3:19 p.m.,%3:19 p#.m.
sched_arr_time,2111,9:54 a.m.,9:54 @@a.m.??
sched_arr_time,2112,9:54 a.m.,9:$54 a.m.
sched_arr_time,2114,9:54 a.m.,9:5@@4?? a.m.
sched_arr_time,2121,9:54 a.m.,empty
sched_arr_time,2122,9:54 a.m.,empty
sched_arr_time,2125,9:54 a.m.,empty
sched_arr_time,2126,9:54 a.m.,empty
sched_arr_time,2127,9:54 a.m.,9%:54 a.m.
sched_arr_time,2128,9:54 a.m.,9:54 a%.m.
sched_arr_time,2134,9:54 a.m.,empty
sched_arr_time,2139,11:55 a.m.,empty
sched_arr_time,2141,11:55 a.m.,11:55 a.m.$
sched_arr_time,2144,11:55 a.m.,empty
sched_arr_time,2152,11:55 a.m.,empty
sched_arr_time,2153,11:55 a.m.,empty
sched_arr_time,2158,11:55 a.m.,11:5%5@@ a.m.
sched_arr_time,2159,7:23 a.m.,7:23 ??a.m.
sched_arr_time,2167,7:23 a.m.,empty
sched_arr_time,2168,7:23 a.m.,empty
sched_arr_time,2179,7:23 a.m.,empty
sched_arr_time,2183,11:19 a.m.,11:%19 a.??m.
sched_arr_time,2185,11:19 a.m.,11:19 a.m.%
sched_arr_time,2199,11:19 a.m.,#11:19 a.m.
sched_arr_time,2202,7:03 p.m.,7:03 p.m??.
sched_arr_time,2207,7:03 p.m.,empty
sched_arr_time,2210,7:03 p.m.,7:03 p.m.#
sched_arr_time,2214,7:03 p.m.,empty
sched_arr_time,2219,7:03 p.m.,%7:03 p.m.
sched_arr_time,2220,9:43 a.m.,9:4$3 a%.m.
sched_arr_time,2222,9:43 a.m.,$9:??43 a.m.
sched_arr_time,2228,9:43 a.m.,empty
sched_arr_time,2233,9:43 a.m.,empty
sched_arr_time,2236,9:43 a.m.,empty
sched_arr_time,2239,9:43 a.m.,empty
sched_arr_time,2244,4:31 p.m.,empty
sched_arr_time,2245,4:31 p.m.,empty
sched_arr_time,2248,4:31 p.m.,empty
sched_arr_time,2250,4:31 p.m.,%4:31 p.m.
sched_arr_time,2255,4:31 p.m.,empty
sched_arr_time,2261,4:31 p.m.,empty
sched_arr_time,2263,4:31 p.m.,$@@4:31 p.m.
sched_arr_time,2270,5:11 a.m.,5:1#1 a.m@@.
sched_arr_time,2273,5:11 a.m.,empty
sched_arr_time,2274,5:11 a.m.,@@5:11 a.m.
sched_arr_time,2278,5:11 a.m.,5:11$ a.m.
sched_arr_time,2280,5:11 a.m.,empty
sched_arr_time,2284,5:11 a.m.,empty
sched_arr_time,2286,5:11 a.m.,empty
sched_arr_time,2287,5:11 a.m.,5%:11 a.$m.
sched_arr_time,2291,5:11 a.m.,#5:1%1 a.m.
sched_arr_time,2294,7:53 p.m.,empty
sched_arr_time,2295,7:53 p.m.,empty
sched_arr_time,2298,7:53 p.m.,empty
sched_arr_time,2299,7:53 p.m.,empty
sched_arr_time,2302,7:53 p.m.,empty
sched_arr_time,2303,7:53 p.m.,empty
sched_arr_time,2305,7:53 p.m.,empty
sched_arr_time,2308,7:53 p.m.,7:53 p.m#.
sched_arr_time,2309,7:53 p.m.,7:53 p??.m.
sched_arr_time,2310,7:53 p.m.,7??:53 p.m.
sched_arr_time,2314,7:53 p.m.,@@7:5$3 p.m.
sched_arr_time,2317,1:39 p.m.,1:$39 p.m.
sched_arr_time,2319,1:39 p.m.,empty
sched_arr_time,2320,1:39 p.m.,empty
sched_arr_time,2322,1:39 p.m.,1%:39 p.m.
sched_arr_time,2326,1:39 p.m.,1:39 p%.m@@.
sched_arr_time,2329,1:39 p.m.,1:3#9 p.m.
sched_arr_time,2330,1:39 p.m.,1:39 @@p.m.
sched_arr_time,2334,1:39 p.m.,1:39?? p.m.%
sched_arr_time,2335,1:39 p.m.,empty
sched_arr_time,2336,8:27 a.m.,8:27 a.%??m.
sched_arr_time,2340,8:27 a.m.,empty
sched_arr_time,2346,8:27 a.m.,8:27 a%.m.
sched_arr_time,2347,8:27 a.m.,empty
sched_arr_time,2348,8:27 a.m.,empty
sched_arr_time,2349,8:27 a.m.,empty
sched_arr_time,2353,8:27 a.m.,empty
sched_arr_time,2356,7:35 p.m.,empty
sched_arr_time,2360,7:35 p.m.,empty
sched_arr_time,2370,7:35 p.m.,@@7:35 p.m%.
act_arr_time,4,7:55 p.m.,7:55 p#.m%.
act_arr_time,7,7:55 p.m.,empty
act_arr_time,19,7:55 p.m.,7:55 p.#m.
act_arr_time,20,7:55 p.m.,7:55 p.#m.
act_arr_time,22,10:04 a.m.,10%:04 a.m.
act_arr_time,28,10:04 a.m.,10:04 a.m.??
act_arr_time,29,10:04 a.m.,10%:04% a.m.
act_arr_time,30,10:04 a.m.,10:04 a.m.@@
act_arr_time,34,10:04 a.m.,10:04 a$.m.@@
act_arr_time,39,10:04 a.m.,empty
act_arr_time,48,9:53 p.m.,9#:53 p%.m.
act_arr_time,49,9:53 p.m.,%9:53 p.m.
act_arr_time,50,9:53 p.m.,empty
act_arr_time,53,9:53 p.m.,empty
act_arr_time,55,9:53 p.m.,9:??53 p#.m.
act_arr_time,59,9:53 p.m.,empty
act_arr_time,65,9:53 p.m.,9:53$ p.m.
act_arr_time,72,9:53 p.m.,empty
act_arr_time,76,3:30 p.m.,empty
act_arr_time,86,3:30 p.m.,empty
act_arr_time,88,3:30 p.m.,empty
act_arr_time,90,3:30 p.m.,empty
act_arr_time,91,3:30 p.m.,empty
act_arr_time,92,3:30 p.m.,empty
act_arr_time,94,3:30 p.m.,empty
act_arr_time,97,3:30 p.m.,3:30 p$??.m.
act_arr_time,107,10:36 a.m.,10:%36 a.m.
act_arr_time,108,10:36 a.m.,empty
act_arr_time,113,10:36 a.m.,10:36 a.m??.
act_arr_time,114,10:36 a.m.,%10:36 a.m.
act_arr_time,120,10:36 a.m.,empty
act_arr_time,123,10:36 a.m.,10@@:36@@ a.m.
act_arr_time,125,10:36 a.m.,10:36 a.m$.
act_arr_time,132,5:50 a.m.,5??:50 a.%m.
act_arr_time,133,5:50 a.m.,5:50 a#.m.
act_arr_time,134,5:50 a.m.,empty
act_arr_time,135,5:50 a.m.,empty
act_arr_time,138,5:50 a.m.,5:5@@0 a.m.
act_arr_time,143,5:50 a.m.,empty
act_arr_time,152,4:56 p.m.,#4:56 p.m.
act_arr_time,154,4:56 p.m.,empty
act_arr_time,163,4:56 p.m.,empty
act_arr_time,170,4:56 p.m.,empty
act_arr_time,171,7:25 p.m.,empty
act_arr_time,173,7:25 p.m.,empty
act_arr_time,174,7:25 p.m.,%@@7:25 p.m.
act_arr_time,175,7:25 p.m.,empty
act_arr_time,178,7:25 p.m.,7#@@:25 p.m.
act_arr_time,186,7:25 p.m.,7:25@@ %p.m.
act_arr_time,187,7:25 p.m.,empty
act_arr_time,191,7:25 p.m.,empty
act_arr_time,192,7:25 p.m.,empty
act_arr_time,194,7:25 p.m.,empty
act_arr_time,200,11:56 a.m.,empty
act_arr_time,205,11:56 a.m.,11:$56 a.m.
act_arr_time,212,11:56 a.m.,empty
act_arr_time,213,11:56 a.m.,empty
act_arr_time,214,11:56 a.m.,empty
act_arr_time,218,11:56 a.m.,11$:56 a.m.
act_arr_time,222,11:56 a.m.,11:56@@ a.#m.
act_arr_time,223,11:56 a.m.,empty
act_arr_time,227,10:30 p.m.,10:$30 #p.m.
act_arr_time,229,10:30 p.m.,empty
act_arr_time,231,10:30 p.m.,10:30 p.m??.
act_arr_time,232,10:30 p.m.,empty
act_arr_time,237,10:30 p.m.,10#:30 p.%m.
act_arr_time,248,10:30 p.m.,empty
act_arr_time,249,10:30 p.m.,empty
act_arr_time,251,10:30 p.m.,10:30# p.m.
act_arr_time,254,1:40 p.m.,empty
act_arr_time,255,1:40 p.m.,empty
act_arr_time,264,1:40 p.m.,empty
act_arr_time,265,1:40 p.m.,1:4??$0 p.m.
act_arr_time,267,1:40 p.m.,1:4??0 p.m.#
act_arr_time,268,1:40 p.m.,empty
act_arr_time,269,1:40 p.m.,1:%40 p.m.
act_arr_time,273,5:43 p.m.,empty
act_arr_time,278,5:43 p.m.,empty
act_arr_time,279,5:43 p.m.,%5:43 p.%m.
act_arr_time,287,5:43 p.m.,5:43 ??p.m.#
act_arr_time,291,5:43 p.m.,5:43 p.??m.@@
act_arr_time,294,5:43 p.m.,5:4@@3 p.m.??
act_arr_time,296,6:55 a.m.,6:55 a.m@@.
act_arr_time,297,6:55 a.m.,6:5%5 a.m@@.
act_arr_time,298,6:55 a.m.,6:#55 a.m.
act_arr_time,304,6:55 a.m.,empty
act_arr_time,307,6:55 a.m.,6:55 a.@@m.
act_arr_time,309,6:55 a.m.,empty
act_arr_time,311,6:55 a.m.,empty
act_arr_time,320,6:55 a.m.,empty
act_arr_time,322,2:46 p.m.,2:4#6 p.m.
act_arr_time,324,2:46 p.m.,empty
act_arr_time,326,2:46 p.m.,2:46 p.$$m.
act_arr_time,327,2:46 p.m.,2:46 $p.m.
act_arr_time,332,2:46 p.m.,2:46 p#.m.
act_arr_time,336,2:46 p.m.,2:46 %p.m.
act_arr_time,339,2:46 p.m.,empty
act_arr_time,343,2:46 p.m.,empty
act_arr_time,344,2:46 p.m.,empty
act_arr_time,348,2:46 p.m.,empty
act_arr_time,351,3:14 p.m.,empty
act_arr_time,354,3:14 p.m.,empty
act_arr_time,356,3:14 p.m.,empty
act_arr_time,358,3:14 p.m.,empty
act_arr_time,359,3:14 p.m.,empty
act_arr_time,362,3:14 p.m.,$$3:14 p.m.
act_arr_time,363,3:14 p.m.,3#:1@@4 p.m.
act_arr_time,364,3:14 p.m.,#3:14 ??p.m.
act_arr_time,365,3:14 p.m.,%3:14 p.m.
act_arr_time,367,3:14 p.m.,3:14 p.m@@.
act_arr_time,370,3:14 p.m.,empty
act_arr_time,374,11:06 a.m.,empty
act_arr_time,376,11:06 a.m.,11:06 a#.m.
act_arr_time,377,11:06 a.m.,empty
act_arr_time,384,11:06 a.m.,empty
act_arr_time,385,11:06 a.m.,11:0#6 a.m.
act_arr_time,387,11:06 a.m.,11:06 a.m.@@%
act_arr_time,390,11:06 a.m.,empty
act_arr_time,394,11:06 a.m.,11:$0@@6 a.m.
act_arr_time,403,11:50 p.m.,empty
act_arr_time,411,11:50 p.m.,empty
act_arr_time,413,11:50 p.m.,11:%50 p.m%.
act_arr_time,416,11:50 p.m.,empty
act_arr_time,425,11:50 p.m.,empty
act_arr_time,427,11:06 a.m.,empty
act_arr_time,429,11:06 a.m.,empty
act_arr_time,436,11:06 a.m.,11:06 a.??m.
act_arr_time,439,11:06 a.m.,empty
act_arr_time,441,11:06 a.m.,empty
act_arr_time,446,11:06 a.m.,11:06 ??a.m??.
act_arr_time,455,2:27 p.m.,empty
act_arr_time,457,2:27 p.m.,empty
act_arr_time,459,2:27 p.m.,empty
act_arr_time,461,2:27 p.m.,2#:27 p.m.
act_arr_time,463,2:27 p.m.,2:27 ??p.m.
act_arr_time,466,2:27 p.m.,$2:27 p.m.
act_arr_time,467,2:27 p.m.,2:27 p.??m.@@
act_arr_time,468,2:27 p.m.,2:$??27 p.m.
act_arr_time,470,2:27 p.m.,empty
act_arr_time,472,2:27 p.m.,empty
act_arr_time,476,2:27 p.m.,empty
act_arr_time,479,11:01 a.m.,11:01 a.m.#
act_arr_time,482,11:01 a.m.,11#:0??1 a.m.
act_arr_time,498,11:01 a.m.,11:01 a$.m.
act_arr_time,501,11:01 a.m.,11:01 a.@@m.
act_arr_time,508,3:16 p.m.,empty
act_arr_time,513,3:16 p.m.,3:16 p.m.#
act_arr_time,518,3:16 p.m.,empty
act_arr_time,522,3:16 p.m.,3??:16 p.m.
act_arr_time,525,3:16 p.m.,3:??16 p.m.
act_arr_time,531,9:20 p.m.,empty
act_arr_time,532,9:20 p.m.,empty
act_arr_time,545,9:20 p.m.,9:20?? p.m.
act_arr_time,548,9:20 p.m.,9:20 p$.%m.
act_arr_time,551,9:45 a.m.,9:45 a.m#.
act_arr_time,552,9:45 a.m.,empty
act_arr_time,554,9:45 a.m.,9:$45% a.m.
act_arr_time,558,9:45 a.m.,%9:45 a.#m.
act_arr_time,561,9:45 a.m.,9:45 a.m.$
act_arr_time,562,9:45 a.m.,9:45 #a.m.??
act_arr_time,564,9:45 a.m.,%9:%45 a.m.
act_arr_time,571,9:45 a.m.,9:45 a.m.%
act_arr_time,579,2:50 p.m.,2:5#0 p$.m.
act_arr_time,581,2:50 p.m.,2@@:50 p.m.%
act_arr_time,590,2:50 p.m.,%2:50 p.m.
act_arr_time,592,2:50 p.m.,2:50 p.m.#
act_arr_time,594,2:50 p.m.,%2:50 p.??m.
act_arr_time,596,2:50 p.m.,2:50 p.m.%
act_arr_time,598,2:50 p.m.,empty
act_arr_time,605,6:15 p.m.,empty
act_arr_time,606,6:15 p.m.,$6??:15 p.m.
act_arr_time,609,6:15 p.m.,6:15 p.m.@@
act_arr_time,612,6:15 p.m.,empty
act_arr_time,616,6:15 p.m.,empty
act_arr_time,618,6:15 p.m.,6??:15 p.m.
act_arr_time,621,6:15 p.m.,6:15 p.@@m.
act_arr_time,622,6:15 p.m.,6#:15 $p.m.
act_arr_time,623,6:15 p.m.,6:15 %p.@@m.
act_arr_time,626,6:15 p.m.,6:15 p@@.m#.
act_arr_time,637,3:43 p.m.,empty
act_arr_time,639,3:43 p.m.,empty
act_arr_time,643,3:43 p.m.,empty
act_arr_time,646,3:43 p.m.,empty
act_arr_time,649,3:43 p.m.,empty
act_arr_time,651,3:43 p.m.,$3:43 p.m.
act_arr_time,652,3:43 p.m.,empty
act_arr_time,656,3:43 p.m.,empty
act_arr_time,659,6:19 a.m.,$6:19 a.m.
act_arr_time,661,6:19 a.m.,6:19 a#.m.%
act_arr_time,665,6:19 a.m.,empty
act_arr_time,666,6:19 a.m.,empty
act_arr_time,669,6:19 a.m.,6:$1#9 a.m.
act_arr_time,670,6:19 a.m.,6:1@@9% a.m.
act_arr_time,671,6:19 a.m.,6:19?? a??.m.
act_arr_time,680,6:19 a.m.,6:$19 #a.m.
act_arr_time,683,6:19 a.m.,6:19 #a.m.
act_arr_time,689,12:15 a.m.,empty
act_arr_time,694,12:15 a.m.,12:1%5 a.m.
act_arr_time,700,12:15 a.m.,12:15# a.m%.
act_arr_time,701,12:15 a.m.,empty
act_arr_time,703,12:15 a.m.,$12:15 a.m.
act_arr_time,704,12:15 a.m.,12:$15 a.m.
act_arr_time,706,12:15 a.m.,empty
act_arr_time,709,12:15 a.m.,empty
act_arr_time,711,12:15 a.m.,12:$15 a.m.
act_arr_time,712,7:51 a.m.,empty
act_arr_time,717,7:51 a.m.,empty
act_arr_time,719,7:51 a.m.,empty
act_arr_time,730,7:51 a.m.,7:51 a.@@m.
act_arr_time,732,7:51 a.m.,empty
act_arr_time,733,7:51 a.m.,empty
act_arr_time,735,7:51 a.m.,empty
act_arr_time,737,7:51 a.m.,##7:51 a.m.
act_arr_time,753,9:32 a.m.,9:32 a@@.m.
act_arr_time,756,9:32 a.m.,#9:32 a.$m.
act_arr_time,757,9:32 a.m.,empty
act_arr_time,758,9:32 a.m.,empty
act_arr_time,759,9:32 a.m.,9:??3%2 a.m.
act_arr_time,760,9:32 a.m.,empty
act_arr_time,768,8:06 a.m.,empty
act_arr_time,769,8:06 a.m.,empty
act_arr_time,771,8:06 a.m.,??8??:06 a.m.
act_arr_time,774,8:06 a.m.,8:06 a.$m.
act_arr_time,776,8:06 a.m.,8:0$6?? a.m.
act_arr_time,778,8:06 a.m.,8:06$ a.m@@.
act_arr_time,780,8:06 a.m.,empty
act_arr_time,781,8:06 a.m.,8:06 a.%m.
act_arr_time,787,8:06 a.m.,empty
act_arr_time,790,8:06 a.m.,empty
act_arr_time,792,3:04 p.m.,3:04 p.m.$
act_arr_time,795,3:04 p.m.,3:0??4 ??p.m.
act_arr_time,801,3:04 p.m.,empty
act_arr_time,804,3:04 p.m.,3:04 p$.m.
act_arr_time,810,3:04 p.m.,3:0#4 @@p.m.
act_arr_time,819,7:40 a.m.,7:40 a.m#.
act_arr_time,821,7:40 a.m.,empty
act_arr_time,823,7:40 a.m.,7:40 a.m.#
act_arr_time,824,7:40 a.m.,7:40 #a.m.
act_arr_time,826,7:40 a.m.,empty
act_arr_time,827,7:40 a.m.,7:$40 a.m.
act_arr_time,833,7:40 a.m.,7:40 @@a#.m.
act_arr_time,840,7:40 a.m.,7:40@@% a.m.
act_arr_time,841,7:40 a.m.,empty
act_arr_time,843,10:16 a.m.,10:16 $$a.m.
act_arr_time,845,10:16 a.m.,1%0:16 a.%m.
act_arr_time,848,10:16 a.m.,empty
act_arr_time,849,10:16 a.m.,10:16 #a.m.??
act_arr_time,851,10:16 a.m.,10:16?? a.@@m.
act_arr_time,853,10:16 a.m.,empty
act_arr_time,854,10:16 a.m.,1%0:16 a.m.
act_arr_time,855,10:16 a.m.,empty
act_arr_time,861,10:16 a.m.,empty
act_arr_time,863,10:16 a.m.,10:1%6 a.m%.
act_arr_time,864,10:16 a.m.,10:16 a.??m.
act_arr_time,866,12:50 p.m.,empty
act_arr_time,867,12:50 p.m.,12:%50 p.m??.
act_arr_time,877,12:50 p.m.,12:50 p.m#.#
act_arr_time,879,12:50 p.m.,1%2:50 p.m.
act_arr_time,880,12:50 p.m.,12#:50 p.$m.
act_arr_time,883,12:50 p.m.,12:50%$ p.m.
act_arr_time,884,12:50 p.m.,12$:50 p.m.
act_arr_time,886,12:50 p.m.,empty
act_arr_time,890,1:43 p.m.,1:43 p#.@@m.
act_arr_time,892,1:43 p.m.,empty
act_arr_time,895,1:43 p.m.,empty
act_arr_time,898,1:43 p.m.,empty
act_arr_time,899,1:43 p.m.,empty
act_arr_time,900,1:43 p.m.,empty
act_arr_time,902,1:43 p.m.,#1:43 p.m.
act_arr_time,904,1:43 p.m.,empty
act_arr_time,909,1:43 p.m.,empty
act_arr_time,915,1:43 p.m.,empty
act_arr_time,918,8:53 p.m.,empty
act_arr_time,919,8:53 p.m.,8:@@53@@ p.m.
act_arr_time,930,8:53 p.m.,empty
act_arr_time,931,8:53 p.m.,8:??5%3 p.m.
act_arr_time,936,8:53 p.m.,8:#53 p.m.%
act_arr_time,938,8:53 p.m.,8:5#3 $p.m.
act_arr_time,944,11:44 a.m.,11:44@@?? a.m.
act_arr_time,949,11:44 a.m.,empty
act_arr_time,951,11:44 a.m.,empty
act_arr_time,955,11:44 a.m.,empty
act_arr_time,956,11:44 a.m.,empty
act_arr_time,961,11:44 a.m.,empty
act_arr_time,965,11:44 a.m.,%11:44?? a.m.
act_arr_time,969,11:44 a.m.,empty
act_arr_time,972,3:33 p.m.,3:33 %p.m.
act_arr_time,975,3:33 p.m.,empty
act_arr_time,978,3:33 p.m.,3:33# p.m.
act_arr_time,980,3:33 p.m.,3:33 ??p.m.
act_arr_time,981,3:33 p.m.,3%:$33 p.m.
act_arr_time,982,3:33 p.m.,??3:33 p.$m.
act_arr_time,985,3:33 p.m.,empty
act_arr_time,992,3:33 p.m.,empty
act_arr_time,993,3:33 p.m.,%3:3%3 p.m.
act_arr_time,998,2:10 p.m.,empty
act_arr_time,1003,2:10 p.m.,empty
act_arr_time,1007,2:10 p.m.,empty
act_arr_time,1010,2:10 p.m.,empty
act_arr_time,1013,2:10 p.m.,empty
act_arr_time,1014,2:10 p.m.,2:10%$ p.m.
act_arr_time,1015,2:10 p.m.,empty
act_arr_time,1017,4:09 p.m.,empty
act_arr_time,1020,4:09 p.m.,4:09 p.m.$
act_arr_time,1023,4:09 p.m.,empty
act_arr_time,1025,4:09 p.m.,4:09 p.m@@.
act_arr_time,1029,4:09 p.m.,empty
act_arr_time,1031,4:09 p.m.,4:%09 p.m#.
act_arr_time,1034,4:09 p.m.,empty
act_arr_time,1035,4:09 p.m.,empty
act_arr_time,1049,9:05 a.m.,empty
act_arr_time,1054,9:05 a.m.,empty
act_arr_time,1055,9:05 a.m.,empty
act_arr_time,1060,9:05 a.m.,9:05 a.m.$
act_arr_time,1061,9:05 a.m.,empty
act_arr_time,1063,9:05 a.m.,9@@:05@@ a.m.
act_arr_time,1064,9:05 a.m.,empty
act_arr_time,1067,9:05 a.m.,empty
act_arr_time,1068,9:05 a.m.,9:$05 a.m.
act_arr_time,1071,7:39 p.m.,7:??39 p.m.
act_arr_time,1081,7:39 p.m.,7:39 ??p.m.
act_arr_time,1086,7:39 p.m.,7:3@@9 p.@@m.
act_arr_time,1087,7:39 p.m.,7:39 p.$m.??
act_arr_time,1090,7:39 p.m.,%7:39 p.m.
act_arr_time,1091,7:39 p.m.,empty
act_arr_time,1095,7:39 p.m.,empty
act_arr_time,1099,9:28 a.m.,empty
act_arr_time,1100,9:28 a.m.,empty
act_arr_time,1104,9:28 a.m.,9:28 a.%m.$
act_arr_time,1105,9:28 a.m.,9:2??8 a.$m.
act_arr_time,1106,9:28 a.m.,9:??28 a.m.
act_arr_time,1113,9:28 a.m.,empty
act_arr_time,1114,9:28 a.m.,empty
act_arr_time,1118,9:28 a.m.,empty
act_arr_time,1119,11:12 a.m.,11:12 a.m$.
act_arr_time,1121,11:12 a.m.,11:12 a@@.m.
act_arr_time,1122,11:12 a.m.,empty
act_arr_time,1123,11:12 a.m.,empty
act_arr_time,1124,11:12 a.m.,1??1:12$ a.m.
act_arr_time,1125,11:12 a.m.,11:12 a.m.$@@
act_arr_time,1129,11:12 a.m.,11:12 a$.m.
act_arr_time,1133,11:12 a.m.,11:1%2 a.??m.
act_arr_time,1134,11:12 a.m.,empty
act_arr_time,1137,11:12 a.m.,empty
act_arr_time,1143,11:12 a.m.,empty
act_arr_time,1151,1:27 p.m.,empty
act_arr_time,1156,1:27 p.m.,empty
act_arr_time,1158,1:27 p.m.,empty
act_arr_time,1160,1:27 p.m.,empty
act_arr_time,1162,1:27 p.m.,empty
act_arr_time,1165,1:27 p.m.,1:2??7 p.m.
act_arr_time,1167,1:27 p.m.,1:27 p.#m.
act_arr_time,1170,1:27 p.m.,empty
act_arr_time,1176,9:31 a.m.,9:31?? a.m.
act_arr_time,1179,9:31 a.m.,empty
act_arr_time,1180,9:31 a.m.,empty
act_arr_time,1184,9:31 a.m.,9:31 a%#.m.
act_arr_time,1185,9:31 a.m.,9:31% a.m%.
act_arr_time,1187,9:31 a.m.,empty
act_arr_time,1194,9:31 a.m.,empty
act_arr_time,1195,9:31 a.m.,empty
act_arr_time,1204,3:50 p.m.,empty
act_arr_time,1209,3:50 p.m.,3$:50 p.@@m.
act_arr_time,1211,3:50 p.m.,3:??50 p.m.
act_arr_time,1217,3:50 p.m.,$#3:50 p.m.
act_arr_time,1220,3:50 p.m.,3:50 #p.m.??
act_arr_time,1222,3:13 p.m.,empty
act_arr_time,1229,3:13 p.m.,empty
act_arr_time,1231,3:13 p.m.,empty
act_arr_time,1235,3:13 p.m.,3:13 p.#m.
act_arr_time,1238,3:13 p.m.,empty
act_arr_time,1240,3:13 p.m.,3:13 p.m??.
act_arr_time,1241,3:13 p.m.,3:13 p.m??.
act_arr_time,1249,3:13 p.m.,empty
act_arr_time,1250,6:43 p.m.,6:43 p.@@m.
act_arr_time,1251,6:43 p.m.,%6:43 p.$m.
act_arr_time,1254,6:43 p.m.,empty
act_arr_time,1262,6:43 p.m.,empty
act_arr_time,1272,6:43 p.m.,empty
act_arr_time,1278,1:14 p.m.,empty
act_arr_time,1285,1:14 p.m.,empty
act_arr_time,1286,1:14 p.m.,empty
act_arr_time,1287,1:14 p.m.,#1:14 p.m.
act_arr_time,1293,1:14 p.m.,empty
act_arr_time,1297,1:14 p.m.,@@1:14 p.$m.
act_arr_time,1299,10:56 a.m.,10:56@@ a.m.
act_arr_time,1308,10:56 a.m.,empty
act_arr_time,1311,10:56 a.m.,empty
act_arr_time,1313,10:56 a.m.,10??:56 a.m.??
act_arr_time,1318,1:19 p.m.,empty
act_arr_time,1321,1:19 p.m.,empty
act_arr_time,1327,1:19 p.m.,1:19 p.m.#
act_arr_time,1330,1:19 p.m.,empty
act_arr_time,1332,1:19 p.m.,empty
act_arr_time,1333,1:19 p.m.,empty
act_arr_time,1334,1:19 p.m.,empty
act_arr_time,1336,1:19 p.m.,empty
act_arr_time,1339,12:09 p.m.,empty
act_arr_time,1350,12:09 p.m.,12:09?? p$.m.
act_arr_time,1352,12:09 p.m.,empty
act_arr_time,1354,12:09 p.m.,12:09 p.??m.
act_arr_time,1359,12:09 p.m.,empty
act_arr_time,1362,12:09 p.m.,12:0$9 p.m.
act_arr_time,1365,4:59 p.m.,4:59 p.%m.
act_arr_time,1370,4:59 p.m.,empty
act_arr_time,1371,4:59 p.m.,empty
act_arr_time,1374,4:59 p.m.,??4:59 p.m.%
act_arr_time,1375,4:59 p.m.,4:#59 @@p.m.
act_arr_time,1380,4:59 p.m.,?%?4:59 p.m.
act_arr_time,1381,4:59 p.m.,4:59 p.m.#
act_arr_time,1383,4:59 p.m.,empty
act_arr_time,1397,11:32 a.m.,11:32 $a.m.
act_arr_time,1406,11:32 a.m.,empty
act_arr_time,1407,11:32 a.m.,1#1:3@@2 a.m.
act_arr_time,1410,10:29 p.m.,empty
act_arr_time,1411,10:29 p.m.,10%@@:29 p.m.
act_arr_time,1419,10:29 p.m.,empty
act_arr_time,1421,10:29 p.m.,empty
act_arr_time,1423,10:29 p.m.,10:29 p.%m.
act_arr_time,1427,10:29 p.m.,10:29 p#.m.
act_arr_time,1429,10:29 p.m.,10:29 p.%@@m.
act_arr_time,1431,6:34 p.m.,empty
act_arr_time,1432,6:34 p.m.,6:34 p.m#.#
act_arr_time,1433,6:34 p.m.,6:34 p#.m.
act_arr_time,1439,6:34 p.m.,6:34 $p.m.
act_arr_time,1444,6:34 p.m.,6:#34 p.m.#
act_arr_time,1446,6:34 p.m.,empty
act_arr_time,1448,6:34 p.m.,6@@:34 p.m.
act_arr_time,1452,5:26 a.m.,5:26 a??.m%.
act_arr_time,1453,5:26 a.m.,empty
act_arr_time,1455,5:26 a.m.,5:26?? a.??m.
act_arr_time,1458,5:26 a.m.,empty
act_arr_time,1462,5:26 a.m.,5:#26$ a.m.
act_arr_time,1464,5:26 a.m.,5:26$ a.m.
act_arr_time,1471,5:26 a.m.,empty
act_arr_time,1474,12:21 a.m.,12%:#21 a.m.
act_arr_time,1475,12:21 a.m.,empty
act_arr_time,1477,12:21 a.m.,12:21 @@a.m.
act_arr_time,1478,12:21 a.m.,empty
act_arr_time,1481,12:21 a.m.,$12$:21 a.m.
act_arr_time,1486,12:21 a.m.,12:21 a.@@m@@.
act_arr_time,1488,12:21 a.m.,$1$2:21 a.m.
act_arr_time,1491,12:21 a.m.,12:2$1 a.m.
act_arr_time,1494,12:21 a.m.,12:21?? a.m.
act_arr_time,1495,12:21 a.m.,12:21??% a.m.
act_arr_time,1497,12:21 a.m.,empty
act_arr_time,1498,12:21 a.m.,$12:21% a.m.
act_arr_time,1499,12:21 a.m.,12:21 @@a.m.??
act_arr_time,1503,6:36 p.m.,empty
act_arr_time,1504,6:36 p.m.,empty
act_arr_time,1505,6:36 p.m.,empty
act_arr_time,1508,6:36 p.m.,empty
act_arr_time,1510,6:36 p.m.,6:36 p??.m.
act_arr_time,1513,6:36 p.m.,empty
act_arr_time,1516,6:36 p.m.,empty
act_arr_time,1518,6:36 p.m.,6:36 p%.m.
act_arr_time,1524,9:52 p.m.,$9:5??2 p.m.
act_arr_time,1536,9:52 p.m.,empty
act_arr_time,1538,9:52 p.m.,%9@@:52 p.m.
act_arr_time,1541,9:52 p.m.,empty
act_arr_time,1543,6:40 p.m.,6:4??0 #p.m.
act_arr_time,1544,6:40 p.m.,6:40# p.m.
act_arr_time,1548,6:40 p.m.,empty
act_arr_time,1554,6:40 p.m.,empty
act_arr_time,1561,6:40 p.m.,empty
act_arr_time,1563,6:40 p.m.,6:4%0 p.%m.
act_arr_time,1568,5:26 p.m.,5:2$6 p.??m.
act_arr_time,1571,5:26 p.m.,empty
act_arr_time,1574,5:26 p.m.,empty
act_arr_time,1577,5:26 p.m.,empty
act_arr_time,1586,9:14 a.m.,9:$14 a??.m.
act_arr_time,1590,9:14 a.m.,empty
act_arr_time,1592,9:14 a.m.,empty
act_arr_time,1593,9:14 a.m.,9:14 a#.m.
act_arr_time,1609,3:31 p.m.,@@3:31 p.m.
act_arr_time,1611,3:31 p.m.,3:??31 p.m.??
act_arr_time,1614,3:31 p.m.,3:31 p.m?#?.
act_arr_time,1618,3:31 p.m.,??3:31 p.m.
act_arr_time,1622,3:31 p.m.,3#:31 p.m.
act_arr_time,1626,7:10 p.m.,empty
act_arr_time,1630,7:10 p.m.,empty
act_arr_time,1631,7:10 p.m.,empty
act_arr_time,1637,7:10 p.m.,7%@@:10 p.m.
act_arr_time,1642,7:10 p.m.,7:10 p@@.m.
act_arr_time,1651,8:03 p.m.,empty
act_arr_time,1657,8:03 p.m.,%8:03 p.m.
act_arr_time,1659,8:03 p.m.,empty
act_arr_time,1665,8:03 p.m.,empty
act_arr_time,1673,10:27 a.m.,empty
act_arr_time,1678,10:27 a.m.,10:27 #a#.m.
act_arr_time,1679,10:27 a.m.,empty
act_arr_time,1682,10:27 a.m.,empty
act_arr_time,1684,10:27 a.m.,10:@@27 #a.m.
act_arr_time,1688,11:56 a.m.,1#1:56 a.m.
act_arr_time,1690,11:56 a.m.,@@1??1:56 a.m.
act_arr_time,1692,11:56 a.m.,empty
act_arr_time,1693,11:56 a.m.,empty
act_arr_time,1694,11:56 a.m.,empty
act_arr_time,1696,11:56 a.m.,11:56 a@@.m#.
act_arr_time,1703,11:56 a.m.,%11:56 a.m.#
act_arr_time,1704,11:56 a.m.,1%1:56 a.m.??
act_arr_time,1708,4:47 p.m.,4:47 p%.m#.
act_arr_time,1711,4:47 p.m.,empty
act_arr_time,1720,4:47 p.m.,4:@@47 p.m.
act_arr_time,1731,12:29 a.m.,12:2??9 a.m.
act_arr_time,1737,12:29 a.m.,empty
act_arr_time,1741,12:29 a.m.,#1%2:29 a.m.
act_arr_time,1743,12:29 a.m.,empty
act_arr_time,1745,12:29 a.m.,empty
act_arr_time,1747,12:29 a.m.,12:@@29 a??.m.
act_arr_time,1750,12:29 a.m.,12:2??9 a.m.
act_arr_time,1752,12:29 a.m.,12:#29 a@@.m.
act_arr_time,1755,5:34 p.m.,empty
act_arr_time,1757,5:34 p.m.,empty
act_arr_time,1769,5:34 p.m.,5:34 @@p.m.#
act_arr_time,1777,10:47 a.m.,10:47 %a.m.
act_arr_time,1779,10:47 a.m.,empty
act_arr_time,1781,10:47 a.m.,empty
act_arr_time,1785,10:47 a.m.,10#:#47 a.m.
act_arr_time,1790,10:47 a.m.,10:47 a.m%#.
act_arr_time,1793,10:47 a.m.,1#@@0:47 a.m.
act_arr_time,1798,5:42 p.m.,5:42 p$.m.
act_arr_time,1809,5:42 p.m.,empty
act_arr_time,1812,5:42 p.m.,empty
act_arr_time,1813,5:42 p.m.,5:42 p#.m.
act_arr_time,1820,5:42 p.m.,5:42 %p.m.??
act_arr_time,1821,2:00 p.m.,%2$:00 p.m.
act_arr_time,1827,2:00 p.m.,empty
act_arr_time,1829,2:00 p.m.,empty
act_arr_time,1831,2:00 p.m.,%$2:00 p.m.
act_arr_time,1835,2:00 p.m.,empty
act_arr_time,1837,2:00 p.m.,2:00 p@@.m.
act_arr_time,1842,4:44 p.m.,4:44?? p.m.
act_arr_time,1845,4:44 p.m.,4:@@44 p.m.
act_arr_time,1846,4:44 p.m.,4:44 p.m$.
act_arr_time,1852,4:44 p.m.,empty
act_arr_time,1854,4:44 p.m.,4:44 @@p.m.#
act_arr_time,1855,4:44 p.m.,4:4%4 p.m.??
act_arr_time,1858,4:44 p.m.,empty
act_arr_time,1859,4:44 p.m.,empty
act_arr_time,1860,4:44 p.m.,4%:4%4 p.m.
act_arr_time,1861,4:44 p.m.,4%:44 p.m.
act_arr_time,1862,6:28 p.m.,6:2??8 p.m.
act_arr_time,1865,6:28 p.m.,6:28 p%.m#.
act_arr_time,1867,6:28 p.m.,empty
act_arr_time,1868,6:28 p.m.,empty
act_arr_time,1873,6:28 p.m.,6:28% p.#m.
act_arr_time,1874,6:28 p.m.,6:$28 p.m.
act_arr_time,1876,6:28 p.m.,6:28 p.@@m$.
act_arr_time,1880,6:28 p.m.,6:28 p.m??.$
act_arr_time,1881,6:28 p.m.,empty
act_arr_time,1882,6:28 p.m.,6:??28 p.$m.
act_arr_time,1883,6:28 p.m.,6@@:28 p.m.
act_arr_time,1886,5:17 p.m.,5??:17 p.m.
act_arr_time,1890,5:17 p.m.,empty
act_arr_time,1893,5:17 p.m.,empty
act_arr_time,1895,5:17 p.m.,5??:17 p@@.m.
act_arr_time,1900,5:17 p.m.,5%:17 p@@.m.
act_arr_time,1903,5:17 p.m.,5:17 #p#.m.
act_arr_time,1904,5:17 p.m.,empty
act_arr_time,1905,5:17 p.m.,5:@@17 p.m.
act_arr_time,1908,6:38 p.m.,6:@@3??8 p.m.
act_arr_time,1910,6:38 p.m.,empty
act_arr_time,1919,6:38 p.m.,empty
act_arr_time,1922,6:38 p.m.,empty
act_arr_time,1925,6:38 p.m.,6:38 p.m@@.
act_arr_time,1926,6:38 p.m.,6:@@38 @@p.m.
act_arr_time,1928,6:38 p.m.,6@@:38 p.m.
act_arr_time,1929,6:38 p.m.,6:3#8 p.m.
act_arr_time,1931,1:15 p.m.,1:15 p.%m.
act_arr_time,1932,1:15 p.m.,??1:15 p.m.
act_arr_time,1935,1:15 p.m.,1:15 p.m@@.
act_arr_time,1937,1:15 p.m.,1:15 p@@.m.
act_arr_time,1939,1:15 p.m.,1:15 p%.m.#
act_arr_time,1953,1:15 p.m.,empty
act_arr_time,1954,5:05 p.m.,5:05 p.m.$
act_arr_time,1961,5:05 p.m.,empty
act_arr_time,1962,5:05 p.m.,empty
act_arr_time,1966,5:05 p.m.,5:0@@@@5 p.m.
act_arr_time,1967,5:05 p.m.,5:05 p.$@@m.
act_arr_time,1971,5:05 p.m.,empty
act_arr_time,1975,5:05 p.m.,5:05 p.m%??.
act_arr_time,1980,5:38 p.m.,%5:3#8 p.m.
act_arr_time,1990,5:38 p.m.,empty
act_arr_time,1991,5:38 p.m.,5#:38 p.m.#
act_arr_time,1992,5:38 p.m.,??5:38 p$.m.
act_arr_time,1997,5:38 p.m.,empty
act_arr_time,2000,5:38 p.m.,5%:38 p%.m.
act_arr_time,2003,9:13 a.m.,empty
act_arr_time,2008,9:13 a.m.,9$:13$ a.m.
act_arr_time,2009,9:13 a.m.,9:13# a.%m.
act_arr_time,2012,9:13 a.m.,empty
act_arr_time,2015,9:13 a.m.,9:13 a$.m.
act_arr_time,2017,9:13 a.m.,empty
act_arr_time,2021,9:13 a.m.,9:@@13 a.m.
act_arr_time,2022,9:13 a.m.,empty
act_arr_time,2029,9:56 a.m.,9:56 a.@@$m.
act_arr_time,2030,9:56 a.m.,9:5%6 a.m#.
act_arr_time,2032,9:56 a.m.,#9:56# a.m.
act_arr_time,2033,9:56 a.m.,9:56 a%.m.
act_arr_time,2034,9:56 a.m.,empty
act_arr_time,2037,9:56 a.m.,9:??56 a.m.
act_arr_time,2050,12:09 p.m.,empty
act_arr_time,2051,12:09 p.m.,empty
act_arr_time,2056,12:09 p.m.,12#:0@@9 p.m.
act_arr_time,2059,12:09 p.m.,empty
act_arr_time,2063,12:09 p.m.,empty
act_arr_time,2066,4:17 p.m.,empty
act_arr_time,2067,4:17 p.m.,empty
act_arr_time,2068,4:17 p.m.,empty
act_arr_time,2069,4:17 p.m.,empty
act_arr_time,2076,4:17 p.m.,4:17 p.m??.
act_arr_time,2080,4:17 p.m.,empty
act_arr_time,2082,4:17 p.m.,4:17 @@p.m.
act_arr_time,2085,4:17 p.m.,empty
act_arr_time,2086,3:21 p.m.,empty
act_arr_time,2093,3:21 p.m.,#3:21 p#.m.
act_arr_time,2096,3:21 p.m.,3:21$ p.m.
act_arr_time,2097,3:21 p.m.,3:21 p.m%.
act_arr_time,2099,3:21 p.m.,@@3:21 p.@@m.
act_arr_time,2105,3:21 p.m.,3:21 p.m.@@
act_arr_time,2107,3:21 p.m.,empty
act_arr_time,2115,9:43 a.m.,empty
act_arr_time,2117,9:43 a.m.,empty
act_arr_time,2118,9:43 a.m.,empty
act_arr_time,2123,9:43 a.m.,9:43%# a.m.
act_arr_time,2126,9:43 a.m.,empty
act_arr_time,2128,9:43 a.m.,9:#4??3 a.m.
act_arr_time,2129,9:43 a.m.,9:43 a.m%.
act_arr_time,2130,9:43 a.m.,9:4@@3 a.m.
act_arr_time,2131,9:43 a.m.,empty
act_arr_time,2132,9:43 a.m.,empty
act_arr_time,2133,9:43 a.m.,9:43 a#.m.
act_arr_time,2138,11:58 a.m.,empty
act_arr_time,2139,11:58 a.m.,1#1:58 a.m.??
act_arr_time,2146,11:58 a.m.,1??1:58 a.m.
act_arr_time,2152,11:58 a.m.,11:58 a.#%m.
act_arr_time,2157,11:58 a.m.,empty
act_arr_time,2159,7:17 a.m.,7%:17 a.m.
act_arr_time,2162,7:17 a.m.,empty
act_arr_time,2163,7:17 a.m.,7:17 a.%m.
act_arr_time,2164,7:17 a.m.,7:17 a.$??m.
act_arr_time,2165,7:17 a.m.,empty
act_arr_time,2169,7:17 a.m.,??7:17 a.m.
act_arr_time,2179,7:17 a.m.,7:17 ??a.m.??
act_arr_time,2190,11:21 a.m.,11:21 a.m????.
act_arr_time,2193,11:21 a.m.,empty
act_arr_time,2196,11:21 a.m.,11@@:21 a.m.
act_arr_time,2198,11:21 a.m.,empty
act_arr_time,2205,7:10 p.m.,empty
act_arr_time,2209,7:10 p.m.,7:10 p.??m.
act_arr_time,2210,7:10 p.m.,7:@@10 p.m#.
act_arr_time,2214,7:10 p.m.,7:10 p??.m.
act_arr_time,2218,7:10 p.m.,empty
act_arr_time,2221,8:45 a.m.,8:45 a.??m.
act_arr_time,2222,8:45 a.m.,empty
act_arr_time,2224,8:45 a.m.,8:45$ a.m.
act_arr_time,2229,8:45 a.m.,empty
act_arr_time,2231,8:45 a.m.,8:45@@ a.m.
act_arr_time,2232,8:45 a.m.,#8:45% a.m.
act_arr_time,2236,8:45 a.m.,8:45 ??a.m.
act_arr_time,2237,8:45 a.m.,@@8:45 a.m.
act_arr_time,2245,4:23 p.m.,empty
act_arr_time,2246,4:23 p.m.,empty
act_arr_time,2247,4:23 p.m.,%4:23% p.m.
act_arr_time,2251,4:23 p.m.,empty
act_arr_time,2253,4:23 p.m.,4:23 @@p.m.
act_arr_time,2260,4:23 p.m.,4:23# p.m.@@
act_arr_time,2272,5:11 a.m.,empty
act_arr_time,2273,5:11 a.m.,empty
act_arr_time,2281,5:11 a.m.,empty
act_arr_time,2285,5:11 a.m.,empty
act_arr_time,2288,5:11 a.m.,5:11?? a.m.
act_arr_time,2289,5:11 a.m.,empty
act_arr_time,2292,5:11 a.m.,5:$@@11 a.m.
act_arr_time,2294,7:58 p.m.,7:%58 %p.m.
act_arr_time,2300,7:58 p.m.,empty
act_arr_time,2302,7:58 p.m.,7:58 #p.m.
act_arr_time,2308,7:58 p.m.,7:5$8 p.#m.
act_arr_time,2309,7:58 p.m.,7:58 p.m#.
act_arr_time,2313,7:58 p.m.,empty
act_arr_time,2318,1:30 p.m.,1:3@@0 p.m.
act_arr_time,2319,1:30 p.m.,empty
act_arr_time,2321,1:30 p.m.,empty
act_arr_time,2322,1:30 p.m.,1??:30 p.m.
act_arr_time,2324,1:30 p.m.,empty
act_arr_time,2326,1:30 p.m.,??1$:30 p.m.
act_arr_time,2331,1:30 p.m.,empty
act_arr_time,2334,1:30 p.m.,empty
act_arr_time,2335,1:30 p.m.,1:30 p.m.$
act_arr_time,2336,8:02 a.m.,8:02# a.m.
act_arr_time,2337,8:02 a.m.,empty
act_arr_time,2345,8:02 a.m.,empty
act_arr_time,2348,8:02 a.m.,empty
act_arr_time,2362,7:36 p.m.,empty
act_arr_time,2363,7:36 p.m.,@@7:3%6 p.m.
act_arr_time,2365,7:36 p.m.,7:36 @@p.m$.
act_arr_time,2366,7:36 p.m.,7:3@@6 p.m??.
act_arr_time,2367,7:36 p.m.,empty
