26/04/29 16:46:15 WARN Utils: Your hostname, qianzekaideMacBook-Air.local resolves to a loopback address: 127.0.0.1; using 192.168.3.1 instead (on interface bridge0)
26/04/29 16:46:15 WARN Utils: Set SPARK_LOCAL_IP if you need to bind to another address
26/04/29 16:46:16 WARN NativeCodeLoader: Unable to load native-hadoop library for your platform... using builtin-java classes where applicable
Using Spark's default log4j profile: org/apache/spark/log4j-defaults.properties
Setting default log level to "WARN".
To adjust logging level use sc.setLogLevel(newLevel). For SparkR, use setLogLevel(newLevel).
WARNING:root:No partitioning rule specified, processing might be slow
WARNING:root:No partitioning rule specified, processing might be slow
WARNING:root:No partitioning rule specified, processing might be slow
WARNING:root:No partitioning rule specified, processing might be slow
WARNING:root:No partitioning rule specified, processing might be slow
WARNING:root:No partitioning rule specified, processing might be slow
WARNING:root:No partitioning rule specified, processing might be slow
WARNING:root:No partitioning rule specified, processing might be slow
初始化清洗器和分析依赖关系...
处理单属性清洗算子：
处理单属性清洗算子：[Pattern:(domain= sched_dep_time, format = ^(0[1-9]|1[0-2]):[0-5][0-9]\s?(AM|PM)$)]
开始清洗属性 sched_dep_time 的数据
属性 sched_dep_time 的数据大小: 426
属性 sched_dep_time 没有可应用的清洗规则。
处理单属性清洗算子：[Pattern:(domain= act_dep_time, format = ^(0[1-9]|1[0-2]):[0-5][0-9]\s?(AM|PM)$)]
开始清洗属性 act_dep_time 的数据
属性 act_dep_time 的数据大小: 440
属性 act_dep_time 没有可应用的清洗规则。
处理单属性清洗算子：[Pattern:(domain= sched_arr_time, format = ^(0[1-9]|1[0-2]):[0-5][0-9]\s?(AM|PM)$)]
开始清洗属性 sched_arr_time 的数据
属性 sched_arr_time 的数据大小: 454
属性 sched_arr_time 没有可应用的清洗规则。
处理单属性清洗算子：[Date:(domain=sched_dep_time，format = %I:%M %p)]
开始清洗属性 sched_dep_time 的数据
属性 sched_dep_time 的数据大小: 426
应用 sched_dep_time 的清洗规则，编辑规则数量: 346
读入数据大小：2376
处理了 346 条规则，更新数据...
所有编辑规则已更新完成
处理单属性清洗算子：[Date:(domain=act_dep_time，format = %I:%M %p)]
开始清洗属性 act_dep_time 的数据
属性 act_dep_time 的数据大小: 440
应用 act_dep_time 的清洗规则，编辑规则数量: 351
读入数据大小：2376
处理了 351 条规则，更新数据...
所有编辑规则已更新完成
处理单属性清洗算子：[Date:(domain=sched_arr_time，format = %I:%M %p)]
开始清洗属性 sched_arr_time 的数据
属性 sched_arr_time 的数据大小: 454
应用 sched_arr_time 的清洗规则，编辑规则数量: 349
读入数据大小：2376
处理了 349 条规则，更新数据...
所有编辑规则已更新完成
处理单属性清洗算子：[Date:(domain=act_arr_time，format = %I:%M %p)]
开始清洗属性 act_arr_time 的数据
属性 act_arr_time 的数据大小: 459
应用 act_arr_time 的清洗规则，编辑规则数量: 353
读入数据大小：2376
处理了 353 条规则，更新数据...
所有编辑规则已更新完成
执行层级和目标模型分类...
执行层级 (并行组): [[{'flight'}], [{'sched_dep_time'}, {'act_dep_time'}, {'sched_arr_time'}, {'act_arr_time'}]]
目标模型分类: {'sched_dep_time': [<SampleScrubber.cleaner.multiple.AttrRelation object at 0x14f5fa4f0>], 'act_dep_time': [<SampleScrubber.cleaner.multiple.AttrRelation object at 0x14f5fa7f0>], 'sched_arr_time': [<SampleScrubber.cleaner.multiple.AttrRelation object at 0x14f5fabe0>], 'act_arr_time': [<SampleScrubber.cleaner.multiple.AttrRelation object at 0x14f5fa6a0>]}

处理第 1 层级, 包含节点: ['flight']
  当前节点: flight 无可用清洗信号
  当前节点: flight 无清洗操作
['flight']的清洗完成

本层累积的编辑规则数: 0
本层没有可以进行的清洗操作，进行下一层

处理第 2 层级, 包含节点: ['sched_dep_time', 'act_dep_time', 'sched_arr_time', 'act_arr_time']
  当前节点: sched_dep_time 存在可用清洗信号
数据块大小: 2376
分块属性:
[['flight']]
Starting initial block mapping...
Initial number of blocks: 441
Final number of blocks after further splitting: 441
Computing Block 2 out of 441
Processing Block size=15
begin cleaner[FunctionalDependency:(s: {'flight'}, t: {'sched_dep_time'})]*1.0
列 'p' 不存在，对列 sched_dep_time 不过滤，直接选择所有非无效值。
clean_bool length:2
newest best op: Uniop(df,'sched_dep_time','10:40 AM',(['flight'], {('AA-400-DFW-JFK',)}),{left: ("[FunctionalDependency:(s: {flight}, t: {sched_dep_time})]", 0.0), operator: *, right: (1.0, 1.0), result: 0.0})
now error: 0.0
Block processing time: 0.024093 seconds
Computing Block 4 out of 441
Processing Block size=19
begin cleaner{left: ("[FunctionalDependency:(s: {flight}, t: {sched_dep_time})]", 0.0), operator: *, right: (1.0, 1.0), result: 0.0}
列 'p' 不存在，对列 sched_dep_time 不过滤，直接选择所有非无效值。
clean_bool length:2
newest best op: Uniop(df,'sched_dep_time','11:15 AM',(['flight'], {('UA-2704-DTW-PHX',)}),{left: ("[FunctionalDependency:(s: {flight}, t: {sched_dep_time})]", 0.0), operator: *, right: (1.0, 1.0), result: 0.0})
now error: 0.0
Block processing time: 0.029418 seconds
Computing Block 9 out of 441
Processing Block size=16
begin cleaner{left: ("[FunctionalDependency:(s: {flight}, t: {sched_dep_time})]", 0.0), operator: *, right: (1.0, 1.0), result: 0.0}
列 'p' 不存在，对列 sched_dep_time 不过滤，直接选择所有非无效值。
clean_bool length:2
newest best op: Uniop(df,'sched_dep_time','07:53 AM',(['flight'], {('UA-854-SFO-IAH',)}),{left: ("[FunctionalDependency:(s: {flight}, t: {sched_dep_time})]", 0.0), operator: *, right: (1.0, 1.0), result: 0.0})
now error: 0.0
Block processing time: 0.024754 seconds
Computing Block 17 out of 441
Processing Block size=15
begin cleaner{left: ("[FunctionalDependency:(s: {flight}, t: {sched_dep_time})]", 0.0), operator: *, right: (1.0, 1.0), result: 0.0}
列 'p' 不存在，对列 sched_dep_time 不过滤，直接选择所有非无效值。
clean_bool length:2
newest best op: Uniop(df,'sched_dep_time','06:40 AM',(['flight'], {('AA-518-MIA-JFK',)}),{left: ("[FunctionalDependency:(s: {flight}, t: {sched_dep_time})]", 0.0), operator: *, right: (1.0, 1.0), result: 0.0})
now error: 0.0
Block processing time: 0.022844 seconds
Computing Block 19 out of 441
Processing Block size=20
begin cleaner{left: ("[FunctionalDependency:(s: {flight}, t: {sched_dep_time})]", 0.0), operator: *, right: (1.0, 1.0), result: 0.0}
列 'p' 不存在，对列 sched_dep_time 不过滤，直接选择所有非无效值。
clean_bool length:2
newest best op: Uniop(df,'sched_dep_time','01:00 PM',(['flight'], {('AA-1279-DFW-PHX',)}),{left: ("[FunctionalDependency:(s: {flight}, t: {sched_dep_time})]", 0.0), operator: *, right: (1.0, 1.0), result: 0.0})
now error: 0.0
Block processing time: 0.030393 seconds
Computing Block 22 out of 441
Processing Block size=12
begin cleaner{left: ("[FunctionalDependency:(s: {flight}, t: {sched_dep_time})]", 0.0), operator: *, right: (1.0, 1.0), result: 0.0}
列 'p' 不存在，对列 sched_dep_time 不过滤，直接选择所有非无效值。
clean_bool length:2
newest best op: Uniop(df,'sched_dep_time','10:39 AM',(['flight'], {('UA-5487-SFO-MRY',)}),{left: ("[FunctionalDependency:(s: {flight}, t: {sched_dep_time})]", 0.0), operator: *, right: (1.0, 1.0), result: 0.0})
now error: 0.0
Block processing time: 0.018536 seconds
Computing Block 28 out of 441
Processing Block size=15
begin cleaner{left: ("[FunctionalDependency:(s: {flight}, t: {sched_dep_time})]", 0.0), operator: *, right: (1.0, 1.0), result: 0.0}
列 'p' 不存在，对列 sched_dep_time 不过滤，直接选择所有非无效值。
clean_bool length:2
newest best op: Uniop(df,'sched_dep_time','09:05 AM',(['flight'], {('AA-616-DFW-DTW',)}),{left: ("[FunctionalDependency:(s: {flight}, t: {sched_dep_time})]", 0.0), operator: *, right: (1.0, 1.0), result: 0.0})
now error: 0.0
Block processing time: 0.022702 seconds
Computing Block 33 out of 441
Processing Block size=15
begin cleaner{left: ("[FunctionalDependency:(s: {flight}, t: {sched_dep_time})]", 0.0), operator: *, right: (1.0, 1.0), result: 0.0}
列 'p' 不存在，对列 sched_dep_time 不过滤，直接选择所有非无效值。
clean_bool length:3
newest best op: Uniop(df,'sched_dep_time','12:30 PM',(['flight'], {('CO-1614-LAX-IAH',)}),{left: ("[FunctionalDependency:(s: {flight}, t: {sched_dep_time})]", 0.0), operator: *, right: (1.0, 1.0), result: 0.0})
now error: 0.0
newest best op: Uniop(df,'sched_dep_time','12:30 AM',(['flight'], {('CO-1614-LAX-IAH',)}),{left: ("[FunctionalDependency:(s: {flight}, t: {sched_dep_time})]", 0.0), operator: *, right: (1.0, 1.0), result: 0.0})
now error: 0.0
Block processing time: 0.033737 seconds
Computing Block 38 out of 441
Processing Block size=20
begin cleaner{left: ("[FunctionalDependency:(s: {flight}, t: {sched_dep_time})]", 0.0), operator: *, right: (1.0, 1.0), result: 0.0}
列 'p' 不存在，对列 sched_dep_time 不过滤，直接选择所有非无效值。
clean_bool length:2
newest best op: Uniop(df,'sched_dep_time','11:55 PM',(['flight'], {('AA-1522-SFO-ORD',)}),{left: ("[FunctionalDependency:(s: {flight}, t: {sched_dep_time})]", 0.0), operator: *, right: (1.0, 1.0), result: 0.0})
now error: 0.0
Block processing time: 0.029171 seconds
Computing Block 43 out of 441
Processing Block size=20
begin cleaner{left: ("[FunctionalDependency:(s: {flight}, t: {sched_dep_time})]", 0.0), operator: *, right: (1.0, 1.0), result: 0.0}
列 'p' 不存在，对列 sched_dep_time 不过滤，直接选择所有非无效值。
clean_bool length:2
newest best op: Uniop(df,'sched_dep_time','09:00 PM',(['flight'], {('AA-3823-LAX-DEN',)}),{left: ("[FunctionalDependency:(s: {flight}, t: {sched_dep_time})]", 0.0), operator: *, right: (1.0, 1.0), result: 0.0})
now error: 0.0
Block processing time: 0.028663 seconds
Computing Block 55 out of 441
Processing Block size=19
begin cleaner{left: ("[FunctionalDependency:(s: {flight}, t: {sched_dep_time})]", 0.0), operator: *, right: (1.0, 1.0), result: 0.0}
列 'p' 不存在，对列 sched_dep_time 不过滤，直接选择所有非无效值。
clean_bool length:2
newest best op: Uniop(df,'sched_dep_time','02:53 PM',(['flight'], {('CO-1250-MIA-IAH',)}),{left: ("[FunctionalDependency:(s: {flight}, t: {sched_dep_time})]", 0.0), operator: *, right: (1.0, 1.0), result: 0.0})
now error: 0.0
Block processing time: 0.02719 seconds
Computing Block 58 out of 441
Processing Block size=21
begin cleaner{left: ("[FunctionalDependency:(s: {flight}, t: {sched_dep_time})]", 0.0), operator: *, right: (1.0, 1.0), result: 0.0}
列 'p' 不存在，对列 sched_dep_time 不过滤，直接选择所有非无效值。
clean_bool length:2
newest best op: Uniop(df,'sched_dep_time','08:00 PM',(['flight'], {('AA-1221-MCO-ORD',)}),{left: ("[FunctionalDependency:(s: {flight}, t: {sched_dep_time})]", 0.0), operator: *, right: (1.0, 1.0), result: 0.0})
now error: 0.0
Block processing time: 0.030064 seconds
Computing Block 64 out of 441
Processing Block size=22
begin cleaner{left: ("[FunctionalDependency:(s: {flight}, t: {sched_dep_time})]", 0.0), operator: *, right: (1.0, 1.0), result: 0.0}
列 'p' 不存在，对列 sched_dep_time 不过滤，直接选择所有非无效值。
clean_bool length:2
newest best op: Uniop(df,'sched_dep_time','02:30 PM',(['flight'], {('UA-257-JFK-SFO',)}),{left: ("[FunctionalDependency:(s: {flight}, t: {sched_dep_time})]", 0.0), operator: *, right: (1.0, 1.0), result: 0.0})
now error: 0.0
Block processing time: 0.031612 seconds
Computing Block 75 out of 441
Processing Block size=19
begin cleaner{left: ("[FunctionalDependency:(s: {flight}, t: {sched_dep_time})]", 0.0), operator: *, right: (1.0, 1.0), result: 0.0}
列 'p' 不存在，对列 sched_dep_time 不过滤，直接选择所有非无效值。
clean_bool length:2
newest best op: Uniop(df,'sched_dep_time','10:40 AM',(['flight'], {('AA-2050-ORD-MIA',)}),{left: ("[FunctionalDependency:(s: {flight}, t: {sched_dep_time})]", 0.0), operator: *, right: (1.0, 1.0), result: 0.0})
now error: 0.0
Block processing time: 0.027401 seconds
Computing Block 78 out of 441
Processing Block size=18
begin cleaner{left: ("[FunctionalDependency:(s: {flight}, t: {sched_dep_time})]", 0.0), operator: *, right: (1.0, 1.0), result: 0.0}
列 'p' 不存在，对列 sched_dep_time 不过滤，直接选择所有非无效值。
clean_bool length:2
newest best op: Uniop(df,'sched_dep_time','07:15 AM',(['flight'], {('AA-1434-DFW-MCO',)}),{left: ("[FunctionalDependency:(s: {flight}, t: {sched_dep_time})]", 0.0), operator: *, right: (1.0, 1.0), result: 0.0})
now error: 0.0
Block processing time: 0.026404 seconds
Computing Block 82 out of 441
Processing Block size=15
begin cleaner{left: ("[FunctionalDependency:(s: {flight}, t: {sched_dep_time})]", 0.0), operator: *, right: (1.0, 1.0), result: 0.0}
列 'p' 不存在，对列 sched_dep_time 不过滤，直接选择所有非无效值。
clean_bool length:2
newest best op: Uniop(df,'sched_dep_time','07:10 AM',(['flight'], {('AA-643-MIA-ORD',)}),{left: ("[FunctionalDependency:(s: {flight}, t: {sched_dep_time})]", 0.0), operator: *, right: (1.0, 1.0), result: 0.0})
now error: 0.0
Block processing time: 0.02164 seconds
Computing Block 88 out of 441
Processing Block size=20
begin cleaner{left: ("[FunctionalDependency:(s: {flight}, t: {sched_dep_time})]", 0.0), operator: *, right: (1.0, 1.0), result: 0.0}
列 'p' 不存在，对列 sched_dep_time 不过滤，直接选择所有非无效值。
clean_bool length:2
newest best op: Uniop(df,'sched_dep_time','12:00 AM',(['flight'], {('UA-2945-PHL-CLT',)}),{left: ("[FunctionalDependency:(s: {flight}, t: {sched_dep_time})]", 0.0), operator: *, right: (1.0, 1.0), result: 0.0})
now error: 0.0
Block processing time: 0.028556 seconds
Computing Block 93 out of 441
Processing Block size=13
begin cleaner{left: ("[FunctionalDependency:(s: {flight}, t: {sched_dep_time})]", 0.0), operator: *, right: (1.0, 1.0), result: 0.0}
列 'p' 不存在，对列 sched_dep_time 不过滤，直接选择所有非无效值。
clean_bool length:2
newest best op: Uniop(df,'sched_dep_time','08:35 AM',(['flight'], {('AA-415-BOS-ORD',)}),{left: ("[FunctionalDependency:(s: {flight}, t: {sched_dep_time})]", 0.0), operator: *, right: (1.0, 1.0), result: 0.0})
now error: 0.0
Block processing time: 0.020121 seconds
Computing Block 96 out of 441
Processing Block size=15
begin cleaner{left: ("[FunctionalDependency:(s: {flight}, t: {sched_dep_time})]", 0.0), operator: *, right: (1.0, 1.0), result: 0.0}
列 'p' 不存在，对列 sched_dep_time 不过滤，直接选择所有非无效值。
clean_bool length:2
newest best op: Uniop(df,'sched_dep_time','04:00 PM',(['flight'], {('UA-2726-FLL-PHL',)}),{left: ("[FunctionalDependency:(s: {flight}, t: {sched_dep_time})]", 0.0), operator: *, right: (1.0, 1.0), result: 0.0})
now error: 0.0
Block processing time: 0.022609 seconds
Computing Block 110 out of 441
Processing Block size=21
begin cleaner{left: ("[FunctionalDependency:(s: {flight}, t: {sched_dep_time})]", 0.0), operator: *, right: (1.0, 1.0), result: 0.0}
列 'p' 不存在，对列 sched_dep_time 不过滤，直接选择所有非无效值。
clean_bool length:3
newest best op: Uniop(df,'sched_dep_time','02:15 PM',(['flight'], {('AA-3756-ORD-SLC',)}),{left: ("[FunctionalDependency:(s: {flight}, t: {sched_dep_time})]", 0.0), operator: *, right: (1.0, 1.0), result: 0.0})
now error: 0.0
newest best op: Uniop(df,'sched_dep_time','12:15 PM',(['flight'], {('AA-3756-ORD-SLC',)}),{left: ("[FunctionalDependency:(s: {flight}, t: {sched_dep_time})]", 0.0), operator: *, right: (1.0, 1.0), result: 0.0})
now error: 0.0
Block processing time: 0.045701 seconds
Computing Block 114 out of 441
Processing Block size=17
begin cleaner{left: ("[FunctionalDependency:(s: {flight}, t: {sched_dep_time})]", 0.0), operator: *, right: (1.0, 1.0), result: 0.0}
列 'p' 不存在，对列 sched_dep_time 不过滤，直接选择所有非无效值。
clean_bool length:2
newest best op: Uniop(df,'sched_dep_time','07:55 AM',(['flight'], {('AA-2957-DFW-CVG',)}),{left: ("[FunctionalDependency:(s: {flight}, t: {sched_dep_time})]", 0.0), operator: *, right: (1.0, 1.0), result: 0.0})
now error: 0.0
Block processing time: 0.024454 seconds
Computing Block 116 out of 441
Processing Block size=16
begin cleaner{left: ("[FunctionalDependency:(s: {flight}, t: {sched_dep_time})]", 0.0), operator: *, right: (1.0, 1.0), result: 0.0}
列 'p' 不存在，对列 sched_dep_time 不过滤，直接选择所有非无效值。
Block processing time: 0.011571 seconds
Computing Block 119 out of 441
Processing Block size=15
begin cleaner{left: ("[FunctionalDependency:(s: {flight}, t: {sched_dep_time})]", 0.0), operator: *, right: (1.0, 1.0), result: 0.0}
列 'p' 不存在，对列 sched_dep_time 不过滤，直接选择所有非无效值。
clean_bool length:2
newest best op: Uniop(df,'sched_dep_time','09:05 AM',(['flight'], {('UA-37-EDI-EWR',)}),{left: ("[FunctionalDependency:(s: {flight}, t: {sched_dep_time})]", 0.0), operator: *, right: (1.0, 1.0), result: 0.0})
now error: 0.0
Block processing time: 0.021708 seconds
Computing Block 126 out of 441
Processing Block size=17
begin cleaner{left: ("[FunctionalDependency:(s: {flight}, t: {sched_dep_time})]", 0.0), operator: *, right: (1.0, 1.0), result: 0.0}
列 'p' 不存在，对列 sched_dep_time 不过滤，直接选择所有非无效值。
clean_bool length:2
newest best op: Uniop(df,'sched_dep_time','08:40 AM',(['flight'], {('CO-1088-CLE-IAH',)}),{left: ("[FunctionalDependency:(s: {flight}, t: {sched_dep_time})]", 0.0), operator: *, right: (1.0, 1.0), result: 0.0})
now error: 0.0
Block processing time: 0.024516 seconds
Computing Block 131 out of 441
Processing Block size=18
begin cleaner{left: ("[FunctionalDependency:(s: {flight}, t: {sched_dep_time})]", 0.0), operator: *, right: (1.0, 1.0), result: 0.0}
列 'p' 不存在，对列 sched_dep_time 不过滤，直接选择所有非无效值。
clean_bool length:3
newest best op: Uniop(df,'sched_dep_time','02:30 PM',(['flight'], {('UA-382-IAD-LAX',)}),{left: ("[FunctionalDependency:(s: {flight}, t: {sched_dep_time})]", 0.0), operator: *, right: (1.0, 1.0), result: 0.0})
now error: 0.0
newest best op: Uniop(df,'sched_dep_time','12:30 PM',(['flight'], {('UA-382-IAD-LAX',)}),{left: ("[FunctionalDependency:(s: {flight}, t: {sched_dep_time})]", 0.0), operator: *, right: (1.0, 1.0), result: 0.0})
now error: 0.0
Block processing time: 0.039215 seconds
Computing Block 132 out of 441
Processing Block size=17
begin cleaner{left: ("[FunctionalDependency:(s: {flight}, t: {sched_dep_time})]", 0.0), operator: *, right: (1.0, 1.0), result: 0.0}
列 'p' 不存在，对列 sched_dep_time 不过滤，直接选择所有非无效值。
clean_bool length:2
newest best op: Uniop(df,'sched_dep_time','11:25 PM',(['flight'], {('AA-204-LAX-MCO',)}),{left: ("[FunctionalDependency:(s: {flight}, t: {sched_dep_time})]", 0.0), operator: *, right: (1.0, 1.0), result: 0.0})
now error: 0.0
Block processing time: 0.02444 seconds
Computing Block 133 out of 441
Processing Block size=18
begin cleaner{left: ("[FunctionalDependency:(s: {flight}, t: {sched_dep_time})]", 0.0), operator: *, right: (1.0, 1.0), result: 0.0}
列 'p' 不存在，对列 sched_dep_time 不过滤，直接选择所有非无效值。
clean_bool length:2
newest best op: Uniop(df,'sched_dep_time','08:00 AM',(['flight'], {('UA-397-JFK-SFO',)}),{left: ("[FunctionalDependency:(s: {flight}, t: {sched_dep_time})]", 0.0), operator: *, right: (1.0, 1.0), result: 0.0})
now error: 0.0
Block processing time: 0.025716 seconds
Computing Block 135 out of 441
Processing Block size=22
begin cleaner{left: ("[FunctionalDependency:(s: {flight}, t: {sched_dep_time})]", 0.0), operator: *, right: (1.0, 1.0), result: 0.0}
列 'p' 不存在，对列 sched_dep_time 不过滤，直接选择所有非无效值。
clean_bool length:2
newest best op: Uniop(df,'sched_dep_time','02:55 PM',(['flight'], {('AA-1917-JFK-MCO',)}),{left: ("[FunctionalDependency:(s: {flight}, t: {sched_dep_time})]", 0.0), operator: *, right: (1.0, 1.0), result: 0.0})
now error: 0.0
Block processing time: 0.032434 seconds
Computing Block 138 out of 441
Processing Block size=21
begin cleaner{left: ("[FunctionalDependency:(s: {flight}, t: {sched_dep_time})]", 0.0), operator: *, right: (1.0, 1.0), result: 0.0}
列 'p' 不存在，对列 sched_dep_time 不过滤，直接选择所有非无效值。
clean_bool length:2
newest best op: Uniop(df,'sched_dep_time','07:15 AM',(['flight'], {('AA-2268-PHX-ORD',)}),{left: ("[FunctionalDependency:(s: {flight}, t: {sched_dep_time})]", 0.0), operator: *, right: (1.0, 1.0), result: 0.0})
now error: 0.0
Block processing time: 0.030897 seconds
Computing Block 139 out of 441
Processing Block size=10
begin cleaner{left: ("[FunctionalDependency:(s: {flight}, t: {sched_dep_time})]", 0.0), operator: *, right: (1.0, 1.0), result: 0.0}
列 'p' 不存在，对列 sched_dep_time 不过滤，直接选择所有非无效值。
clean_bool length:2
newest best op: Uniop(df,'sched_dep_time','12:57 PM',(['flight'], {('UA-248-PHX-ORD',)}),{left: ("[FunctionalDependency:(s: {flight}, t: {sched_dep_time})]", 0.0), operator: *, right: (1.0, 1.0), result: 0.0})
now error: 0.0
Block processing time: 0.015052 seconds
Computing Block 143 out of 441
Processing Block size=14
begin cleaner{left: ("[FunctionalDependency:(s: {flight}, t: {sched_dep_time})]", 0.0), operator: *, right: (1.0, 1.0), result: 0.0}
列 'p' 不存在，对列 sched_dep_time 不过滤，直接选择所有非无效值。
clean_bool length:2
newest best op: Uniop(df,'sched_dep_time','02:55 PM',(['flight'], {('UA-2314-ATL-PHL',)}),{left: ("[FunctionalDependency:(s: {flight}, t: {sched_dep_time})]", 0.0), operator: *, right: (1.0, 1.0), result: 0.0})
now error: 0.0
Block processing time: 0.020498 seconds
Computing Block 148 out of 441
Processing Block size=15
begin cleaner{left: ("[FunctionalDependency:(s: {flight}, t: {sched_dep_time})]", 0.0), operator: *, right: (1.0, 1.0), result: 0.0}
列 'p' 不存在，对列 sched_dep_time 不过滤，直接选择所有非无效值。
clean_bool length:2
newest best op: Uniop(df,'sched_dep_time','05:30 PM',(['flight'], {('CO-4888-IAH-DAL',)}),{left: ("[FunctionalDependency:(s: {flight}, t: {sched_dep_time})]", 0.0), operator: *, right: (1.0, 1.0), result: 0.0})
now error: 0.0
Block processing time: 0.021936 seconds
Computing Block 165 out of 441
Processing Block size=16
begin cleaner{left: ("[FunctionalDependency:(s: {flight}, t: {sched_dep_time})]", 0.0), operator: *, right: (1.0, 1.0), result: 0.0}
列 'p' 不存在，对列 sched_dep_time 不过滤，直接选择所有非无效值。
clean_bool length:2
newest best op: Uniop(df,'sched_dep_time','10:15 AM',(['flight'], {('AA-1664-MIA-ATL',)}),{left: ("[FunctionalDependency:(s: {flight}, t: {sched_dep_time})]", 0.0), operator: *, right: (1.0, 1.0), result: 0.0})
now error: 0.0
Block processing time: 0.023393 seconds
Computing Block 170 out of 441
Processing Block size=14
begin cleaner{left: ("[FunctionalDependency:(s: {flight}, t: {sched_dep_time})]", 0.0), operator: *, right: (1.0, 1.0), result: 0.0}
列 'p' 不存在，对列 sched_dep_time 不过滤，直接选择所有非无效值。
clean_bool length:2
newest best op: Uniop(df,'sched_dep_time','08:55 AM',(['flight'], {('UA-1500-IAH-GUA',)}),{left: ("[FunctionalDependency:(s: {flight}, t: {sched_dep_time})]", 0.0), operator: *, right: (1.0, 1.0), result: 0.0})
now error: 0.0
Block processing time: 0.020405 seconds
Computing Block 174 out of 441
Processing Block size=18
begin cleaner{left: ("[FunctionalDependency:(s: {flight}, t: {sched_dep_time})]", 0.0), operator: *, right: (1.0, 1.0), result: 0.0}
列 'p' 不存在，对列 sched_dep_time 不过滤，直接选择所有非无效值。
clean_bool length:3
newest best op: Uniop(df,'sched_dep_time','12:40 AM',(['flight'], {('AA-4198-ORD-CLE',)}),{left: ("[FunctionalDependency:(s: {flight}, t: {sched_dep_time})]", 0.0), operator: *, right: (1.0, 1.0), result: 0.0})
now error: 0.0
newest best op: Uniop(df,'sched_dep_time','10:40 AM',(['flight'], {('AA-4198-ORD-CLE',)}),{left: ("[FunctionalDependency:(s: {flight}, t: {sched_dep_time})]", 0.0), operator: *, right: (1.0, 1.0), result: 0.0})
now error: 0.0
Block processing time: 0.039692 seconds
Computing Block 185 out of 441
Processing Block size=19
begin cleaner{left: ("[FunctionalDependency:(s: {flight}, t: {sched_dep_time})]", 0.0), operator: *, right: (1.0, 1.0), result: 0.0}
列 'p' 不存在，对列 sched_dep_time 不过滤，直接选择所有非无效值。
clean_bool length:2
newest best op: Uniop(df,'sched_dep_time','02:35 PM',(['flight'], {('AA-3804-PHL-ORD',)}),{left: ("[FunctionalDependency:(s: {flight}, t: {sched_dep_time})]", 0.0), operator: *, right: (1.0, 1.0), result: 0.0})
now error: 0.0
Block processing time: 0.027345 seconds
Computing Block 187 out of 441
Processing Block size=2
begin cleaner{left: ("[FunctionalDependency:(s: {flight}, t: {sched_dep_time})]", 0.0), operator: *, right: (1.0, 1.0), result: 0.0}
列 'p' 不存在，对列 sched_dep_time 不过滤，直接选择所有非无效值。
clean_bool length:2
newest best op: Uniop(df,'sched_dep_time','06:00 AM',(['flight'], {('AA-384??2-MSP-ORD',)}),{left: ("[FunctionalDependency:(s: {flight}, t: {sched_dep_time})]", 0.0), operator: *, right: (1.0, 1.0), result: 0.0})
now error: 0.0
Block processing time: 0.003656 seconds
Computing Block 192 out of 441
Processing Block size=15
begin cleaner{left: ("[FunctionalDependency:(s: {flight}, t: {sched_dep_time})]", 0.0), operator: *, right: (1.0, 1.0), result: 0.0}
列 'p' 不存在，对列 sched_dep_time 不过滤，直接选择所有非无效值。
clean_bool length:2
newest best op: Uniop(df,'sched_dep_time','02:30 PM',(['flight'], {('CO-62-IAH-EWR',)}),{left: ("[FunctionalDependency:(s: {flight}, t: {sched_dep_time})]", 0.0), operator: *, right: (1.0, 1.0), result: 0.0})
now error: 0.0
Block processing time: 0.02189 seconds
Computing Block 193 out of 441
Processing Block size=16
begin cleaner{left: ("[FunctionalDependency:(s: {flight}, t: {sched_dep_time})]", 0.0), operator: *, right: (1.0, 1.0), result: 0.0}
列 'p' 不存在，对列 sched_dep_time 不过滤，直接选择所有非无效值。
clean_bool length:2
newest best op: Uniop(df,'sched_dep_time','07:10 AM',(['flight'], {('AA-222-LAX-BOS',)}),{left: ("[FunctionalDependency:(s: {flight}, t: {sched_dep_time})]", 0.0), operator: *, right: (1.0, 1.0), result: 0.0})
now error: 0.0
Block processing time: 0.023228 seconds
Computing Block 194 out of 441
Processing Block size=20
begin cleaner{left: ("[FunctionalDependency:(s: {flight}, t: {sched_dep_time})]", 0.0), operator: *, right: (1.0, 1.0), result: 0.0}
列 'p' 不存在，对列 sched_dep_time 不过滤，直接选择所有非无效值。
clean_bool length:2
newest best op: Uniop(df,'sched_dep_time','01:33 PM',(['flight'], {('UA-664-ORD-PHL',)}),{left: ("[FunctionalDependency:(s: {flight}, t: {sched_dep_time})]", 0.0), operator: *, right: (1.0, 1.0), result: 0.0})
now error: 0.0
Block processing time: 0.02906 seconds
Computing Block 198 out of 441
Processing Block size=15
begin cleaner{left: ("[FunctionalDependency:(s: {flight}, t: {sched_dep_time})]", 0.0), operator: *, right: (1.0, 1.0), result: 0.0}
列 'p' 不存在，对列 sched_dep_time 不过滤，直接选择所有非无效值。
clean_bool length:2
newest best op: Uniop(df,'sched_dep_time','06:59 AM',(['flight'], {('AA-1165-JFK-MIA',)}),{left: ("[FunctionalDependency:(s: {flight}, t: {sched_dep_time})]", 0.0), operator: *, right: (1.0, 1.0), result: 0.0})
now error: 0.0
Block processing time: 0.022637 seconds
Computing Block 199 out of 441
Processing Block size=16
begin cleaner{left: ("[FunctionalDependency:(s: {flight}, t: {sched_dep_time})]", 0.0), operator: *, right: (1.0, 1.0), result: 0.0}
列 'p' 不存在，对列 sched_dep_time 不过滤，直接选择所有非无效值。
clean_bool length:2
newest best op: Uniop(df,'sched_dep_time','06:00 AM',(['flight'], {('AA-3842-MSP-ORD',)}),{left: ("[FunctionalDependency:(s: {flight}, t: {sched_dep_time})]", 0.0), operator: *, right: (1.0, 1.0), result: 0.0})
now error: 0.0
Block processing time: 0.024249 seconds
Computing Block 202 out of 441
Processing Block size=16
begin cleaner{left: ("[FunctionalDependency:(s: {flight}, t: {sched_dep_time})]", 0.0), operator: *, right: (1.0, 1.0), result: 0.0}
列 'p' 不存在，对列 sched_dep_time 不过滤，直接选择所有非无效值。
clean_bool length:2
newest best op: Uniop(df,'sched_dep_time','06:00 AM',(['flight'], {('UA-414-LAX-SFO',)}),{left: ("[FunctionalDependency:(s: {flight}, t: {sched_dep_time})]", 0.0), operator: *, right: (1.0, 1.0), result: 0.0})
now error: 0.0
Block processing time: 0.024679 seconds
Computing Block 207 out of 441
Processing Block size=2
begin cleaner{left: ("[FunctionalDependency:(s: {flight}, t: {sched_dep_time})]", 0.0), operator: *, right: (1.0, 1.0), result: 0.0}
列 'p' 不存在，对列 sched_dep_time 不过滤，直接选择所有非无效值。
Block processing time: 0.001685 seconds
Computing Block 218 out of 441
Processing Block size=14
begin cleaner{left: ("[FunctionalDependency:(s: {flight}, t: {sched_dep_time})]", 0.0), operator: *, right: (1.0, 1.0), result: 0.0}
列 'p' 不存在，对列 sched_dep_time 不过滤，直接选择所有非无效值。
clean_bool length:2
newest best op: Uniop(df,'sched_dep_time','01:30 PM',(['flight'], {('AA-649-ORD-SNA',)}),{left: ("[FunctionalDependency:(s: {flight}, t: {sched_dep_time})]", 0.0), operator: *, right: (1.0, 1.0), result: 0.0})
now error: 0.0
Block processing time: 0.021454 seconds
Computing Block 230 out of 441
Processing Block size=21
begin cleaner{left: ("[FunctionalDependency:(s: {flight}, t: {sched_dep_time})]", 0.0), operator: *, right: (1.0, 1.0), result: 0.0}
列 'p' 不存在，对列 sched_dep_time 不过滤，直接选择所有非无效值。
Block processing time: 0.016031 seconds
Computing Block 233 out of 441
Processing Block size=16
begin cleaner{left: ("[FunctionalDependency:(s: {flight}, t: {sched_dep_time})]", 0.0), operator: *, right: (1.0, 1.0), result: 0.0}
列 'p' 不存在，对列 sched_dep_time 不过滤，直接选择所有非无效值。
clean_bool length:2
newest best op: Uniop(df,'sched_dep_time','11:35 AM',(['flight'], {('AA-271-MIA-LAX',)}),{left: ("[FunctionalDependency:(s: {flight}, t: {sched_dep_time})]", 0.0), operator: *, right: (1.0, 1.0), result: 0.0})
now error: 0.0
Block processing time: 0.024175 seconds
Computing Block 235 out of 441
Processing Block size=15
begin cleaner{left: ("[FunctionalDependency:(s: {flight}, t: {sched_dep_time})]", 0.0), operator: *, right: (1.0, 1.0), result: 0.0}
列 'p' 不存在，对列 sched_dep_time 不过滤，直接选择所有非无效值。
clean_bool length:2
newest best op: Uniop(df,'sched_dep_time','08:15 AM',(['flight'], {('UA-3515-IAD-MSP',)}),{left: ("[FunctionalDependency:(s: {flight}, t: {sched_dep_time})]", 0.0), operator: *, right: (1.0, 1.0), result: 0.0})
now error: 0.0
Block processing time: 0.021257 seconds
Computing Block 236 out of 441
Processing Block size=18
begin cleaner{left: ("[FunctionalDependency:(s: {flight}, t: {sched_dep_time})]", 0.0), operator: *, right: (1.0, 1.0), result: 0.0}
列 'p' 不存在，对列 sched_dep_time 不过滤，直接选择所有非无效值。
clean_bool length:2
newest best op: Uniop(df,'sched_dep_time','07:00 AM',(['flight'], {('AA-3468-CVG-MIA',)}),{left: ("[FunctionalDependency:(s: {flight}, t: {sched_dep_time})]", 0.0), operator: *, right: (1.0, 1.0), result: 0.0})
now error: 0.0
Block processing time: 0.025412 seconds
Computing Block 246 out of 441
Processing Block size=18
begin cleaner{left: ("[FunctionalDependency:(s: {flight}, t: {sched_dep_time})]", 0.0), operator: *, right: (1.0, 1.0), result: 0.0}
列 'p' 不存在，对列 sched_dep_time 不过滤，直接选择所有非无效值。
clean_bool length:2
newest best op: Uniop(df,'sched_dep_time','06:45 PM',(['flight'], {('AA-4307-ORD-DTW',)}),{left: ("[FunctionalDependency:(s: {flight}, t: {sched_dep_time})]", 0.0), operator: *, right: (1.0, 1.0), result: 0.0})
now error: 0.0
Block processing time: 0.025662 seconds
Computing Block 249 out of 441
Processing Block size=17
begin cleaner{left: ("[FunctionalDependency:(s: {flight}, t: {sched_dep_time})]", 0.0), operator: *, right: (1.0, 1.0), result: 0.0}
列 'p' 不存在，对列 sched_dep_time 不过滤，直接选择所有非无效值。
clean_bool length:2
newest best op: Uniop(df,'sched_dep_time','08:20 PM',(['flight'], {('AA-3063-SLC-LAX',)}),{left: ("[FunctionalDependency:(s: {flight}, t: {sched_dep_time})]", 0.0), operator: *, right: (1.0, 1.0), result: 0.0})
now error: 0.0
Block processing time: 0.024043 seconds
Computing Block 254 out of 441
Processing Block size=17
begin cleaner{left: ("[FunctionalDependency:(s: {flight}, t: {sched_dep_time})]", 0.0), operator: *, right: (1.0, 1.0), result: 0.0}
列 'p' 不存在，对列 sched_dep_time 不过滤，直接选择所有非无效值。
clean_bool length:2
newest best op: Uniop(df,'sched_dep_time','06:45 AM',(['flight'], {('AA-404-MIA-MCO',)}),{left: ("[FunctionalDependency:(s: {flight}, t: {sched_dep_time})]", 0.0), operator: *, right: (1.0, 1.0), result: 0.0})
now error: 0.0
Block processing time: 0.023834 seconds
Computing Block 255 out of 441
Processing Block size=17
begin cleaner{left: ("[FunctionalDependency:(s: {flight}, t: {sched_dep_time})]", 0.0), operator: *, right: (1.0, 1.0), result: 0.0}
列 'p' 不存在，对列 sched_dep_time 不过滤，直接选择所有非无效值。
clean_bool length:2
newest best op: Uniop(df,'sched_dep_time','02:55 PM',(['flight'], {('CO-50-CLE-EWR',)}),{left: ("[FunctionalDependency:(s: {flight}, t: {sched_dep_time})]", 0.0), operator: *, right: (1.0, 1.0), result: 0.0})
now error: 0.0
Block processing time: 0.024205 seconds
Computing Block 256 out of 441
Processing Block size=15
begin cleaner{left: ("[FunctionalDependency:(s: {flight}, t: {sched_dep_time})]", 0.0), operator: *, right: (1.0, 1.0), result: 0.0}
列 'p' 不存在，对列 sched_dep_time 不过滤，直接选择所有非无效值。
clean_bool length:2
newest best op: Uniop(df,'sched_dep_time','02:30 PM',(['flight'], {('UA-62-IAH-EWR',)}),{left: ("[FunctionalDependency:(s: {flight}, t: {sched_dep_time})]", 0.0), operator: *, right: (1.0, 1.0), result: 0.0})
now error: 0.0
Block processing time: 0.021016 seconds
Computing Block 264 out of 441
Processing Block size=14
begin cleaner{left: ("[FunctionalDependency:(s: {flight}, t: {sched_dep_time})]", 0.0), operator: *, right: (1.0, 1.0), result: 0.0}
列 'p' 不存在，对列 sched_dep_time 不过滤，直接选择所有非无效值。
clean_bool length:2
newest best op: Uniop(df,'sched_dep_time','08:29 AM',(['flight'], {('UA-3373-IAD-PHL',)}),{left: ("[FunctionalDependency:(s: {flight}, t: {sched_dep_time})]", 0.0), operator: *, right: (1.0, 1.0), result: 0.0})
now error: 0.0
Block processing time: 0.019932 seconds
Computing Block 269 out of 441
Processing Block size=11
begin cleaner{left: ("[FunctionalDependency:(s: {flight}, t: {sched_dep_time})]", 0.0), operator: *, right: (1.0, 1.0), result: 0.0}
列 'p' 不存在，对列 sched_dep_time 不过滤，直接选择所有非无效值。
clean_bool length:2
newest best op: Uniop(df,'sched_dep_time','04:55 PM',(['flight'], {('AA-1007-MIA-PHX',)}),{left: ("[FunctionalDependency:(s: {flight}, t: {sched_dep_time})]", 0.0), operator: *, right: (1.0, 1.0), result: 0.0})
now error: 0.0
Block processing time: 0.016155 seconds
Computing Block 270 out of 441
Processing Block size=16
begin cleaner{left: ("[FunctionalDependency:(s: {flight}, t: {sched_dep_time})]", 0.0), operator: *, right: (1.0, 1.0), result: 0.0}
列 'p' 不存在，对列 sched_dep_time 不过滤，直接选择所有非无效值。
clean_bool length:2
newest best op: Uniop(df,'sched_dep_time','07:10 AM',(['flight'], {('AA-59-JFK-SFO',)}),{left: ("[FunctionalDependency:(s: {flight}, t: {sched_dep_time})]", 0.0), operator: *, right: (1.0, 1.0), result: 0.0})
now error: 0.0
Block processing time: 0.023319 seconds
Computing Block 273 out of 441
Processing Block size=19
begin cleaner{left: ("[FunctionalDependency:(s: {flight}, t: {sched_dep_time})]", 0.0), operator: *, right: (1.0, 1.0), result: 0.0}
列 'p' 不存在，对列 sched_dep_time 不过滤，直接选择所有非无效值。
clean_bool length:2
newest best op: Uniop(df,'sched_dep_time','03:05 PM',(['flight'], {('AA-85-JFK-SFO',)}),{left: ("[FunctionalDependency:(s: {flight}, t: {sched_dep_time})]", 0.0), operator: *, right: (1.0, 1.0), result: 0.0})
now error: 0.0
Block processing time: 0.026639 seconds
Computing Block 276 out of 441
Processing Block size=19
begin cleaner{left: ("[FunctionalDependency:(s: {flight}, t: {sched_dep_time})]", 0.0), operator: *, right: (1.0, 1.0), result: 0.0}
列 'p' 不存在，对列 sched_dep_time 不过滤，直接选择所有非无效值。
Block processing time: 0.01336 seconds
Computing Block 290 out of 441
Processing Block size=16
begin cleaner{left: ("[FunctionalDependency:(s: {flight}, t: {sched_dep_time})]", 0.0), operator: *, right: (1.0, 1.0), result: 0.0}
列 'p' 不存在，对列 sched_dep_time 不过滤，直接选择所有非无效值。
clean_bool length:2
newest best op: Uniop(df,'sched_dep_time','04:00 PM',(['flight'], {('CO-45-EWR-MIA',)}),{left: ("[FunctionalDependency:(s: {flight}, t: {sched_dep_time})]", 0.0), operator: *, right: (1.0, 1.0), result: 0.0})
now error: 0.0
Block processing time: 0.022415 seconds
Computing Block 295 out of 441
Processing Block size=17
begin cleaner{left: ("[FunctionalDependency:(s: {flight}, t: {sched_dep_time})]", 0.0), operator: *, right: (1.0, 1.0), result: 0.0}
列 'p' 不存在，对列 sched_dep_time 不过滤，直接选择所有非无效值。
clean_bool length:2
newest best op: Uniop(df,'sched_dep_time','04:16 PM',(['flight'], {('UA-938-DEN-ORD',)}),{left: ("[FunctionalDependency:(s: {flight}, t: {sched_dep_time})]", 0.0), operator: *, right: (1.0, 1.0), result: 0.0})
now error: 0.0
Block processing time: 0.023811 seconds
Computing Block 298 out of 441
Processing Block size=18
begin cleaner{left: ("[FunctionalDependency:(s: {flight}, t: {sched_dep_time})]", 0.0), operator: *, right: (1.0, 1.0), result: 0.0}
列 'p' 不存在，对列 sched_dep_time 不过滤，直接选择所有非无效值。
clean_bool length:2
newest best op: Uniop(df,'sched_dep_time','11:45 AM',(['flight'], {('AA-4344-ORD-DTW',)}),{left: ("[FunctionalDependency:(s: {flight}, t: {sched_dep_time})]", 0.0), operator: *, right: (1.0, 1.0), result: 0.0})
now error: 0.0
Block processing time: 0.025485 seconds
Computing Block 306 out of 441
Processing Block size=20
begin cleaner{left: ("[FunctionalDependency:(s: {flight}, t: {sched_dep_time})]", 0.0), operator: *, right: (1.0, 1.0), result: 0.0}
列 'p' 不存在，对列 sched_dep_time 不过滤，直接选择所有非无效值。
clean_bool length:2
newest best op: Uniop(df,'sched_dep_time','06:00 AM',(['flight'], {('AA-3809-PHX-LAX',)}),{left: ("[FunctionalDependency:(s: {flight}, t: {sched_dep_time})]", 0.0), operator: *, right: (1.0, 1.0), result: 0.0})
now error: 0.0
Block processing time: 0.028209 seconds
Computing Block 313 out of 441
Processing Block size=20
begin cleaner{left: ("[FunctionalDependency:(s: {flight}, t: {sched_dep_time})]", 0.0), operator: *, right: (1.0, 1.0), result: 0.0}
列 'p' 不存在，对列 sched_dep_time 不过滤，直接选择所有非无效值。
clean_bool length:3
newest best op: Uniop(df,'sched_dep_time','12:10 PM',(['flight'], {('AA-4277-CVG-JFK',)}),{left: ("[FunctionalDependency:(s: {flight}, t: {sched_dep_time})]", 0.0), operator: *, right: (1.0, 1.0), result: 0.0})
now error: 0.0
Block processing time: 0.04239 seconds
Computing Block 317 out of 441
Processing Block size=22
begin cleaner{left: ("[FunctionalDependency:(s: {flight}, t: {sched_dep_time})]", 0.0), operator: *, right: (1.0, 1.0), result: 0.0}
列 'p' 不存在，对列 sched_dep_time 不过滤，直接选择所有非无效值。
clean_bool length:2
newest best op: Uniop(df,'sched_dep_time','08:35 AM',(['flight'], {('AA-431-MIA-SFO',)}),{left: ("[FunctionalDependency:(s: {flight}, t: {sched_dep_time})]", 0.0), operator: *, right: (1.0, 1.0), result: 0.0})
now error: 0.0
Block processing time: 0.030854 seconds
Computing Block 320 out of 441
Processing Block size=15
begin cleaner{left: ("[FunctionalDependency:(s: {flight}, t: {sched_dep_time})]", 0.0), operator: *, right: (1.0, 1.0), result: 0.0}
列 'p' 不存在，对列 sched_dep_time 不过滤，直接选择所有非无效值。
clean_bool length:2
newest best op: Uniop(df,'sched_dep_time','11:08 PM',(['flight'], {('UA-828-SFO-ORD',)}),{left: ("[FunctionalDependency:(s: {flight}, t: {sched_dep_time})]", 0.0), operator: *, right: (1.0, 1.0), result: 0.0})
now error: 0.0
Block processing time: 0.021223 seconds
Computing Block 321 out of 441
Processing Block size=21
begin cleaner{left: ("[FunctionalDependency:(s: {flight}, t: {sched_dep_time})]", 0.0), operator: *, right: (1.0, 1.0), result: 0.0}
列 'p' 不存在，对列 sched_dep_time 不过滤，直接选择所有非无效值。
clean_bool length:2
newest best op: Uniop(df,'sched_dep_time','07:15 PM',(['flight'], {('CO-1694-LAX-IAH',)}),{left: ("[FunctionalDependency:(s: {flight}, t: {sched_dep_time})]", 0.0), operator: *, right: (1.0, 1.0), result: 0.0})
now error: 0.0
Block processing time: 0.029164 seconds
Computing Block 325 out of 441
Processing Block size=13
begin cleaner{left: ("[FunctionalDependency:(s: {flight}, t: {sched_dep_time})]", 0.0), operator: *, right: (1.0, 1.0), result: 0.0}
列 'p' 不存在，对列 sched_dep_time 不过滤，直接选择所有非无效值。
clean_bool length:2
newest best op: Uniop(df,'sched_dep_time','01:45 PM',(['flight'], {('UA-858-PVG-SFO',)}),{left: ("[FunctionalDependency:(s: {flight}, t: {sched_dep_time})]", 0.0), operator: *, right: (1.0, 1.0), result: 0.0})
now error: 0.0
Block processing time: 0.019472 seconds
Computing Block 327 out of 441
Processing Block size=23
begin cleaner{left: ("[FunctionalDependency:(s: {flight}, t: {sched_dep_time})]", 0.0), operator: *, right: (1.0, 1.0), result: 0.0}
列 'p' 不存在，对列 sched_dep_time 不过滤，直接选择所有非无效值。
clean_bool length:2
newest best op: Uniop(df,'sched_dep_time','01:05 PM',(['flight'], {('AA-789-ORD-DEN',)}),{left: ("[FunctionalDependency:(s: {flight}, t: {sched_dep_time})]", 0.0), operator: *, right: (1.0, 1.0), result: 0.0})
now error: 0.0
Block processing time: 0.034665 seconds
Computing Block 337 out of 441
Processing Block size=11
begin cleaner{left: ("[FunctionalDependency:(s: {flight}, t: {sched_dep_time})]", 0.0), operator: *, right: (1.0, 1.0), result: 0.0}
列 'p' 不存在，对列 sched_dep_time 不过滤，直接选择所有非无效值。
clean_bool length:2
newest best op: Uniop(df,'sched_dep_time','03:27 PM',(['flight'], {('UA-2830-MCO-CLT',)}),{left: ("[FunctionalDependency:(s: {flight}, t: {sched_dep_time})]", 0.0), operator: *, right: (1.0, 1.0), result: 0.0})
now error: 0.0
Block processing time: 0.017316 seconds
Computing Block 346 out of 441
Processing Block size=11
begin cleaner{left: ("[FunctionalDependency:(s: {flight}, t: {sched_dep_time})]", 0.0), operator: *, right: (1.0, 1.0), result: 0.0}
列 'p' 不存在，对列 sched_dep_time 不过滤，直接选择所有非无效值。
clean_bool length:2
newest best op: Uniop(df,'sched_dep_time','10:25 AM',(['flight'], {('CO-16-LAX-EWR',)}),{left: ("[FunctionalDependency:(s: {flight}, t: {sched_dep_time})]", 0.0), operator: *, right: (1.0, 1.0), result: 0.0})
now error: 0.0
Block processing time: 0.016828 seconds
Computing Block 349 out of 441
Processing Block size=13
begin cleaner{left: ("[FunctionalDependency:(s: {flight}, t: {sched_dep_time})]", 0.0), operator: *, right: (1.0, 1.0), result: 0.0}
列 'p' 不存在，对列 sched_dep_time 不过滤，直接选择所有非无效值。
clean_bool length:2
newest best op: Uniop(df,'sched_dep_time','03:50 PM',(['flight'], {('UA-2906-PHL-MCO',)}),{left: ("[FunctionalDependency:(s: {flight}, t: {sched_dep_time})]", 0.0), operator: *, right: (1.0, 1.0), result: 0.0})
now error: 0.0
Block processing time: 0.020336 seconds
Computing Block 354 out of 441
Processing Block size=12
begin cleaner{left: ("[FunctionalDependency:(s: {flight}, t: {sched_dep_time})]", 0.0), operator: *, right: (1.0, 1.0), result: 0.0}
列 'p' 不存在，对列 sched_dep_time 不过滤，直接选择所有非无效值。
clean_bool length:2
newest best op: Uniop(df,'sched_dep_time','01:29 PM',(['flight'], {('UA-37-EWR-MCO',)}),{left: ("[FunctionalDependency:(s: {flight}, t: {sched_dep_time})]", 0.0), operator: *, right: (1.0, 1.0), result: 0.0})
now error: 0.0
Block processing time: 0.018693 seconds
Computing Block 362 out of 441
Processing Block size=23
begin cleaner{left: ("[FunctionalDependency:(s: {flight}, t: {sched_dep_time})]", 0.0), operator: *, right: (1.0, 1.0), result: 0.0}
列 'p' 不存在，对列 sched_dep_time 不过滤，直接选择所有非无效值。
clean_bool length:2
newest best op: Uniop(df,'sched_dep_time','04:00 PM',(['flight'], {('AA-3786-IAH-ORD',)}),{left: ("[FunctionalDependency:(s: {flight}, t: {sched_dep_time})]", 0.0), operator: *, right: (1.0, 1.0), result: 0.0})
now error: 0.0
Block processing time: 0.034311 seconds
Computing Block 363 out of 441
Processing Block size=21
begin cleaner{left: ("[FunctionalDependency:(s: {flight}, t: {sched_dep_time})]", 0.0), operator: *, right: (1.0, 1.0), result: 0.0}
列 'p' 不存在，对列 sched_dep_time 不过滤，直接选择所有非无效值。
clean_bool length:2
newest best op: Uniop(df,'sched_dep_time','09:15 AM',(['flight'], {('CO-1193-EWR-MCO',)}),{left: ("[FunctionalDependency:(s: {flight}, t: {sched_dep_time})]", 0.0), operator: *, right: (1.0, 1.0), result: 0.0})
now error: 0.0
Block processing time: 0.031453 seconds
Computing Block 364 out of 441
Processing Block size=15
begin cleaner{left: ("[FunctionalDependency:(s: {flight}, t: {sched_dep_time})]", 0.0), operator: *, right: (1.0, 1.0), result: 0.0}
列 'p' 不存在，对列 sched_dep_time 不过滤，直接选择所有非无效值。
clean_bool length:2
newest best op: Uniop(df,'sched_dep_time','07:25 AM',(['flight'], {('AA-2525-DFW-MIA',)}),{left: ("[FunctionalDependency:(s: {flight}, t: {sched_dep_time})]", 0.0), operator: *, right: (1.0, 1.0), result: 0.0})
now error: 0.0
Block processing time: 0.022708 seconds
Computing Block 365 out of 441
Processing Block size=14
begin cleaner{left: ("[FunctionalDependency:(s: {flight}, t: {sched_dep_time})]", 0.0), operator: *, right: (1.0, 1.0), result: 0.0}
列 'p' 不存在，对列 sched_dep_time 不过滤，直接选择所有非无效值。
clean_bool length:2
newest best op: Uniop(df,'sched_dep_time','11:55 AM',(['flight'], {('UA-3099-PHX-PHL',)}),{left: ("[FunctionalDependency:(s: {flight}, t: {sched_dep_time})]", 0.0), operator: *, right: (1.0, 1.0), result: 0.0})
now error: 0.0
Block processing time: 0.021973 seconds
Computing Block 367 out of 441
Processing Block size=18
begin cleaner{left: ("[FunctionalDependency:(s: {flight}, t: {sched_dep_time})]", 0.0), operator: *, right: (1.0, 1.0), result: 0.0}
列 'p' 不存在，对列 sched_dep_time 不过滤，直接选择所有非无效值。
clean_bool length:2
newest best op: Uniop(df,'sched_dep_time','12:00 PM',(['flight'], {('AA-3-JFK-LAX',)}),{left: ("[FunctionalDependency:(s: {flight}, t: {sched_dep_time})]", 0.0), operator: *, right: (1.0, 1.0), result: 0.0})
now error: 0.0
Block processing time: 0.027481 seconds
Computing Block 370 out of 441
Processing Block size=20
begin cleaner{left: ("[FunctionalDependency:(s: {flight}, t: {sched_dep_time})]", 0.0), operator: *, right: (1.0, 1.0), result: 0.0}
列 'p' 不存在，对列 sched_dep_time 不过滤，直接选择所有非无效值。
clean_bool length:2
newest best op: Uniop(df,'sched_dep_time','07:45 PM',(['flight'], {('AA-1733-ORD-PHX',)}),{left: ("[FunctionalDependency:(s: {flight}, t: {sched_dep_time})]", 0.0), operator: *, right: (1.0, 1.0), result: 0.0})
now error: 0.0
Block processing time: 0.030168 seconds
Computing Block 375 out of 441
Processing Block size=13
begin cleaner{left: ("[FunctionalDependency:(s: {flight}, t: {sched_dep_time})]", 0.0), operator: *, right: (1.0, 1.0), result: 0.0}
列 'p' 不存在，对列 sched_dep_time 不过滤，直接选择所有非无效值。
Block processing time: 0.009937 seconds
Computing Block 380 out of 441
Processing Block size=18
begin cleaner{left: ("[FunctionalDependency:(s: {flight}, t: {sched_dep_time})]", 0.0), operator: *, right: (1.0, 1.0), result: 0.0}
列 'p' 不存在，对列 sched_dep_time 不过滤，直接选择所有非无效值。
clean_bool length:2
newest best op: Uniop(df,'sched_dep_time','04:25 PM',(['flight'], {('UA-233-LAX-JFK',)}),{left: ("[FunctionalDependency:(s: {flight}, t: {sched_dep_time})]", 0.0), operator: *, right: (1.0, 1.0), result: 0.0})
now error: 0.0
Block processing time: 0.027472 seconds
Computing Block 382 out of 441
Processing Block size=15
begin cleaner{left: ("[FunctionalDependency:(s: {flight}, t: {sched_dep_time})]", 0.0), operator: *, right: (1.0, 1.0), result: 0.0}
列 'p' 不存在，对列 sched_dep_time 不过滤，直接选择所有非无效值。
clean_bool length:2
newest best op: Uniop(df,'sched_dep_time','06:00 AM',(['flight'], {('AA-466-IAH-MIA',)}),{left: ("[FunctionalDependency:(s: {flight}, t: {sched_dep_time})]", 0.0), operator: *, right: (1.0, 1.0), result: 0.0})
now error: 0.0
Block processing time: 0.022597 seconds
Computing Block 385 out of 441
Processing Block size=24
begin cleaner{left: ("[FunctionalDependency:(s: {flight}, t: {sched_dep_time})]", 0.0), operator: *, right: (1.0, 1.0), result: 0.0}
列 'p' 不存在，对列 sched_dep_time 不过滤，直接选择所有非无效值。
clean_bool length:2
newest best op: Uniop(df,'sched_dep_time','07:10 AM',(['flight'], {('AA-3859-IAH-ORD',)}),{left: ("[FunctionalDependency:(s: {flight}, t: {sched_dep_time})]", 0.0), operator: *, right: (1.0, 1.0), result: 0.0})
now error: 0.0
Block processing time: 0.033424 seconds
Computing Block 387 out of 441
Processing Block size=19
begin cleaner{left: ("[FunctionalDependency:(s: {flight}, t: {sched_dep_time})]", 0.0), operator: *, right: (1.0, 1.0), result: 0.0}
列 'p' 不存在，对列 sched_dep_time 不过滤，直接选择所有非无效值。
clean_bool length:2
newest best op: Uniop(df,'sched_dep_time','03:35 PM',(['flight'], {('AA-4330-CVG-ORD',)}),{left: ("[FunctionalDependency:(s: {flight}, t: {sched_dep_time})]", 0.0), operator: *, right: (1.0, 1.0), result: 0.0})
now error: 0.0
Block processing time: 0.026941 seconds
Computing Block 399 out of 441
Processing Block size=11
begin cleaner{left: ("[FunctionalDependency:(s: {flight}, t: {sched_dep_time})]", 0.0), operator: *, right: (1.0, 1.0), result: 0.0}
列 'p' 不存在，对列 sched_dep_time 不过滤，直接选择所有非无效值。
clean_bool length:2
newest best op: Uniop(df,'sched_dep_time','09:45 AM',(['flight'], {('CO-1090-BOS-IAH',)}),{left: ("[FunctionalDependency:(s: {flight}, t: {sched_dep_time})]", 0.0), operator: *, right: (1.0, 1.0), result: 0.0})
now error: 0.0
Block processing time: 0.015852 seconds
Computing Block 400 out of 441
Processing Block size=19
begin cleaner{left: ("[FunctionalDependency:(s: {flight}, t: {sched_dep_time})]", 0.0), operator: *, right: (1.0, 1.0), result: 0.0}
列 'p' 不存在，对列 sched_dep_time 不过滤，直接选择所有非无效值。
clean_bool length:2
newest best op: Uniop(df,'sched_dep_time','04:15 PM',(['flight'], {('AA-484-DFW-MIA',)}),{left: ("[FunctionalDependency:(s: {flight}, t: {sched_dep_time})]", 0.0), operator: *, right: (1.0, 1.0), result: 0.0})
now error: 0.0
Block processing time: 0.026702 seconds
Computing Block 402 out of 441
Processing Block size=17
begin cleaner{left: ("[FunctionalDependency:(s: {flight}, t: {sched_dep_time})]", 0.0), operator: *, right: (1.0, 1.0), result: 0.0}
列 'p' 不存在，对列 sched_dep_time 不过滤，直接选择所有非无效值。
clean_bool length:2
newest best op: Uniop(df,'sched_dep_time','07:10 PM',(['flight'], {('CO-47-IAH-LAX',)}),{left: ("[FunctionalDependency:(s: {flight}, t: {sched_dep_time})]", 0.0), operator: *, right: (1.0, 1.0), result: 0.0})
now error: 0.0
Block processing time: 0.023865 seconds
Computing Block 403 out of 441
Processing Block size=14
begin cleaner{left: ("[FunctionalDependency:(s: {flight}, t: {sched_dep_time})]", 0.0), operator: *, right: (1.0, 1.0), result: 0.0}
列 'p' 不存在，对列 sched_dep_time 不过滤，直接选择所有非无效值。
clean_bool length:3
newest best op: Uniop(df,'sched_dep_time','12:45 AM',(['flight'], {('AA-1886-BOS-MIA',)}),{left: ("[FunctionalDependency:(s: {flight}, t: {sched_dep_time})]", 0.0), operator: *, right: (1.0, 1.0), result: 0.0})
now error: 0.0
newest best op: Uniop(df,'sched_dep_time','10:45 AM',(['flight'], {('AA-1886-BOS-MIA',)}),{left: ("[FunctionalDependency:(s: {flight}, t: {sched_dep_time})]", 0.0), operator: *, right: (1.0, 1.0), result: 0.0})
now error: 0.0
Block processing time: 0.030268 seconds
Computing Block 407 out of 441
Processing Block size=16
begin cleaner{left: ("[FunctionalDependency:(s: {flight}, t: {sched_dep_time})]", 0.0), operator: *, right: (1.0, 1.0), result: 0.0}
列 'p' 不存在，对列 sched_dep_time 不过滤，直接选择所有非无效值。
clean_bool length:2
newest best op: Uniop(df,'sched_dep_time','07:00 PM',(['flight'], {('CO-1586-IAH-MCO',)}),{left: ("[FunctionalDependency:(s: {flight}, t: {sched_dep_time})]", 0.0), operator: *, right: (1.0, 1.0), result: 0.0})
now error: 0.0
Block processing time: 0.023063 seconds
Computing Block 409 out of 441
Processing Block size=16
begin cleaner{left: ("[FunctionalDependency:(s: {flight}, t: {sched_dep_time})]", 0.0), operator: *, right: (1.0, 1.0), result: 0.0}
列 'p' 不存在，对列 sched_dep_time 不过滤，直接选择所有非无效值。
clean_bool length:2
newest best op: Uniop(df,'sched_dep_time','08:41 AM',(['flight'], {('UA-3925-IAD-ORF',)}),{left: ("[FunctionalDependency:(s: {flight}, t: {sched_dep_time})]", 0.0), operator: *, right: (1.0, 1.0), result: 0.0})
now error: 0.0
Block processing time: 0.022506 seconds
Computing Block 411 out of 441
Processing Block size=16
begin cleaner{left: ("[FunctionalDependency:(s: {flight}, t: {sched_dep_time})]", 0.0), operator: *, right: (1.0, 1.0), result: 0.0}
列 'p' 不存在，对列 sched_dep_time 不过滤，直接选择所有非无效值。
clean_bool length:2
newest best op: Uniop(df,'sched_dep_time','01:55 PM',(['flight'], {('UA-843-LAX-ORD',)}),{left: ("[FunctionalDependency:(s: {flight}, t: {sched_dep_time})]", 0.0), operator: *, right: (1.0, 1.0), result: 0.0})
now error: 0.0
Block processing time: 0.022457 seconds
Computing Block 412 out of 441
Processing Block size=12
begin cleaner{left: ("[FunctionalDependency:(s: {flight}, t: {sched_dep_time})]", 0.0), operator: *, right: (1.0, 1.0), result: 0.0}
列 'p' 不存在，对列 sched_dep_time 不过滤，直接选择所有非无效值。
clean_bool length:2
newest best op: Uniop(df,'sched_dep_time','07:35 AM',(['flight'], {('CO-52-IAH-LAX',)}),{left: ("[FunctionalDependency:(s: {flight}, t: {sched_dep_time})]", 0.0), operator: *, right: (1.0, 1.0), result: 0.0})
now error: 0.0
Block processing time: 0.017005 seconds
Computing Block 413 out of 441
Processing Block size=13
begin cleaner{left: ("[FunctionalDependency:(s: {flight}, t: {sched_dep_time})]", 0.0), operator: *, right: (1.0, 1.0), result: 0.0}
列 'p' 不存在，对列 sched_dep_time 不过滤，直接选择所有非无效值。
clean_bool length:2
newest best op: Uniop(df,'sched_dep_time','02:55 PM',(['flight'], {('UA-2708-EWR-CLT',)}),{left: ("[FunctionalDependency:(s: {flight}, t: {sched_dep_time})]", 0.0), operator: *, right: (1.0, 1.0), result: 0.0})
now error: 0.0
Block processing time: 0.01836 seconds
Computing Block 414 out of 441
Processing Block size=17
begin cleaner{left: ("[FunctionalDependency:(s: {flight}, t: {sched_dep_time})]", 0.0), operator: *, right: (1.0, 1.0), result: 0.0}
列 'p' 不存在，对列 sched_dep_time 不过滤，直接选择所有非无效值。
clean_bool length:2
newest best op: Uniop(df,'sched_dep_time','07:05 AM',(['flight'], {('UA-2515-DFW-CLT',)}),{left: ("[FunctionalDependency:(s: {flight}, t: {sched_dep_time})]", 0.0), operator: *, right: (1.0, 1.0), result: 0.0})
now error: 0.0
Block processing time: 0.023796 seconds
Computing Block 416 out of 441
Processing Block size=14
begin cleaner{left: ("[FunctionalDependency:(s: {flight}, t: {sched_dep_time})]", 0.0), operator: *, right: (1.0, 1.0), result: 0.0}
列 'p' 不存在，对列 sched_dep_time 不过滤，直接选择所有非无效值。
clean_bool length:2
newest best op: Uniop(df,'sched_dep_time','08:05 AM',(['flight'], {('CO-1561-PHX-IAH',)}),{left: ("[FunctionalDependency:(s: {flight}, t: {sched_dep_time})]", 0.0), operator: *, right: (1.0, 1.0), result: 0.0})
now error: 0.0
Block processing time: 0.020332 seconds
Computing Block 417 out of 441
Processing Block size=15
begin cleaner{left: ("[FunctionalDependency:(s: {flight}, t: {sched_dep_time})]", 0.0), operator: *, right: (1.0, 1.0), result: 0.0}
列 'p' 不存在，对列 sched_dep_time 不过滤，直接选择所有非无效值。
clean_bool length:3
newest best op: Uniop(df,'sched_dep_time','01:25 AM',(['flight'], {('CO-58-DEN-IAH',)}),{left: ("[FunctionalDependency:(s: {flight}, t: {sched_dep_time})]", 0.0), operator: *, right: (1.0, 1.0), result: 0.0})
now error: 0.0
WARNING:root:No partitioning rule specified, processing might be slow
newest best op: Uniop(df,'sched_dep_time','11:25 AM',(['flight'], {('CO-58-DEN-IAH',)}),{left: ("[FunctionalDependency:(s: {flight}, t: {sched_dep_time})]", 0.0), operator: *, right: (1.0, 1.0), result: 0.0})
now error: 0.0
Block processing time: 0.032158 seconds
Computing Block 420 out of 441
Processing Block size=14
begin cleaner{left: ("[FunctionalDependency:(s: {flight}, t: {sched_dep_time})]", 0.0), operator: *, right: (1.0, 1.0), result: 0.0}
列 'p' 不存在，对列 sched_dep_time 不过滤，直接选择所有非无效值。
clean_bool length:2
newest best op: Uniop(df,'sched_dep_time','07:35 AM',(['flight'], {('UA-6273-YYC-SFO',)}),{left: ("[FunctionalDependency:(s: {flight}, t: {sched_dep_time})]", 0.0), operator: *, right: (1.0, 1.0), result: 0.0})
now error: 0.0
Block processing time: 0.019837 seconds
Computing Block 427 out of 441
Processing Block size=17
begin cleaner{left: ("[FunctionalDependency:(s: {flight}, t: {sched_dep_time})]", 0.0), operator: *, right: (1.0, 1.0), result: 0.0}
列 'p' 不存在，对列 sched_dep_time 不过滤，直接选择所有非无效值。
clean_bool length:3
newest best op: Uniop(df,'sched_dep_time','11:05 AM',(['flight'], {('UA-3050-PHX-CLT',)}),{left: ("[FunctionalDependency:(s: {flight}, t: {sched_dep_time})]", 0.0), operator: *, right: (1.0, 1.0), result: 0.0})
now error: 0.0
Block processing time: 0.037837 seconds
Computing Block 430 out of 441
Processing Block size=20
begin cleaner{left: ("[FunctionalDependency:(s: {flight}, t: {sched_dep_time})]", 0.0), operator: *, right: (1.0, 1.0), result: 0.0}
列 'p' 不存在，对列 sched_dep_time 不过滤，直接选择所有非无效值。
clean_bool length:3
newest best op: Uniop(df,'sched_dep_time','01:50 AM',(['flight'], {('AA-446-DFW-PHL',)}),{left: ("[FunctionalDependency:(s: {flight}, t: {sched_dep_time})]", 0.0), operator: *, right: (1.0, 1.0), result: 0.0})
now error: 0.0
newest best op: Uniop(df,'sched_dep_time','11:50 AM',(['flight'], {('AA-446-DFW-PHL',)}),{left: ("[FunctionalDependency:(s: {flight}, t: {sched_dep_time})]", 0.0), operator: *, right: (1.0, 1.0), result: 0.0})
now error: 0.0
Block processing time: 0.04363 seconds
Computing Block 431 out of 441
Processing Block size=21
begin cleaner{left: ("[FunctionalDependency:(s: {flight}, t: {sched_dep_time})]", 0.0), operator: *, right: (1.0, 1.0), result: 0.0}
列 'p' 不存在，对列 sched_dep_time 不过滤，直接选择所有非无效值。
clean_bool length:2
newest best op: Uniop(df,'sched_dep_time','07:30 AM',(['flight'], {('AA-3979-CVG-ORD',)}),{left: ("[FunctionalDependency:(s: {flight}, t: {sched_dep_time})]", 0.0), operator: *, right: (1.0, 1.0), result: 0.0})
now error: 0.0
Block processing time: 0.02994 seconds
Computing Block 433 out of 441
Processing Block size=12
begin cleaner{left: ("[FunctionalDependency:(s: {flight}, t: {sched_dep_time})]", 0.0), operator: *, right: (1.0, 1.0), result: 0.0}
列 'p' 不存在，对列 sched_dep_time 不过滤，直接选择所有非无效值。
clean_bool length:2
newest best op: Uniop(df,'sched_dep_time','11:25 AM',(['flight'], {('AA-1544-SAN-ORD',)}),{left: ("[FunctionalDependency:(s: {flight}, t: {sched_dep_time})]", 0.0), operator: *, right: (1.0, 1.0), result: 0.0})
now error: 0.0
Block processing time: 0.017231 seconds
Computing Block 435 out of 441
Processing Block size=16
begin cleaner{left: ("[FunctionalDependency:(s: {flight}, t: {sched_dep_time})]", 0.0), operator: *, right: (1.0, 1.0), result: 0.0}
列 'p' 不存在，对列 sched_dep_time 不过滤，直接选择所有非无效值。
clean_bool length:2
newest best op: Uniop(df,'sched_dep_time','11:40 AM',(['flight'], {('CO-1023-IAH-DEN',)}),{left: ("[FunctionalDependency:(s: {flight}, t: {sched_dep_time})]", 0.0), operator: *, right: (1.0, 1.0), result: 0.0})
now error: 0.0
Block processing time: 0.024119 seconds
  当前节点: sched_dep_time 有 97 个清洗操作
  当前节点: act_dep_time 存在可用清洗信号
数据块大小: 2376
分块属性:
[['flight']]
Starting initial block mapping...
Initial number of blocks: 441
Final number of blocks after further splitting: 441
Computing Block 2 out of 441
Processing Block size=15
begin cleaner[FunctionalDependency:(s: {'flight'}, t: {'act_dep_time'})]*1.0
列 'p' 不存在，对列 act_dep_time 不过滤，直接选择所有非无效值。
clean_bool length:2
newest best op: Uniop(df,'act_dep_time','11:01 AM',(['flight'], {('AA-400-DFW-JFK',)}),{left: ("[FunctionalDependency:(s: {flight}, t: {act_dep_time})]", 0.0), operator: *, right: (1.0, 1.0), result: 0.0})
now error: 0.0
Block processing time: 0.02162 seconds
Computing Block 4 out of 441
Processing Block size=19
begin cleaner{left: ("[FunctionalDependency:(s: {flight}, t: {act_dep_time})]", 0.0), operator: *, right: (1.0, 1.0), result: 0.0}
列 'p' 不存在，对列 act_dep_time 不过滤，直接选择所有非无效值。
clean_bool length:3
newest best op: Uniop(df,'act_dep_time','11:15 AM',(['flight'], {('UA-2704-DTW-PHX',)}),{left: ("[FunctionalDependency:(s: {flight}, t: {act_dep_time})]", 0.0), operator: *, right: (1.0, 1.0), result: 0.0})
now error: 0.0
Block processing time: 0.043321 seconds
Computing Block 9 out of 441
Processing Block size=16
begin cleaner{left: ("[FunctionalDependency:(s: {flight}, t: {act_dep_time})]", 0.0), operator: *, right: (1.0, 1.0), result: 0.0}
列 'p' 不存在，对列 act_dep_time 不过滤，直接选择所有非无效值。
clean_bool length:2
newest best op: Uniop(df,'act_dep_time','07:49 AM',(['flight'], {('UA-854-SFO-IAH',)}),{left: ("[FunctionalDependency:(s: {flight}, t: {act_dep_time})]", 0.0), operator: *, right: (1.0, 1.0), result: 0.0})
now error: 0.0
Block processing time: 0.024384 seconds
Computing Block 17 out of 441
Processing Block size=15
begin cleaner{left: ("[FunctionalDependency:(s: {flight}, t: {act_dep_time})]", 0.0), operator: *, right: (1.0, 1.0), result: 0.0}
列 'p' 不存在，对列 act_dep_time 不过滤，直接选择所有非无效值。
clean_bool length:2
newest best op: Uniop(df,'act_dep_time','06:54 AM',(['flight'], {('AA-518-MIA-JFK',)}),{left: ("[FunctionalDependency:(s: {flight}, t: {act_dep_time})]", 0.0), operator: *, right: (1.0, 1.0), result: 0.0})
now error: 0.0
Block processing time: 0.022932 seconds
Computing Block 19 out of 441
Processing Block size=20
begin cleaner{left: ("[FunctionalDependency:(s: {flight}, t: {act_dep_time})]", 0.0), operator: *, right: (1.0, 1.0), result: 0.0}
列 'p' 不存在，对列 act_dep_time 不过滤，直接选择所有非无效值。
clean_bool length:2
newest best op: Uniop(df,'act_dep_time','02:04 PM',(['flight'], {('AA-1279-DFW-PHX',)}),{left: ("[FunctionalDependency:(s: {flight}, t: {act_dep_time})]", 0.0), operator: *, right: (1.0, 1.0), result: 0.0})
now error: 0.0
Block processing time: 0.030185 seconds
Computing Block 22 out of 441
Processing Block size=12
begin cleaner{left: ("[FunctionalDependency:(s: {flight}, t: {act_dep_time})]", 0.0), operator: *, right: (1.0, 1.0), result: 0.0}
列 'p' 不存在，对列 act_dep_time 不过滤，直接选择所有非无效值。
clean_bool length:2
newest best op: Uniop(df,'act_dep_time','10:33 AM',(['flight'], {('UA-5487-SFO-MRY',)}),{left: ("[FunctionalDependency:(s: {flight}, t: {act_dep_time})]", 0.0), operator: *, right: (1.0, 1.0), result: 0.0})
now error: 0.0
Block processing time: 0.01825 seconds
Computing Block 28 out of 441
Processing Block size=15
begin cleaner{left: ("[FunctionalDependency:(s: {flight}, t: {act_dep_time})]", 0.0), operator: *, right: (1.0, 1.0), result: 0.0}
列 'p' 不存在，对列 act_dep_time 不过滤，直接选择所有非无效值。
clean_bool length:2
newest best op: Uniop(df,'act_dep_time','10:10 AM',(['flight'], {('AA-616-DFW-DTW',)}),{left: ("[FunctionalDependency:(s: {flight}, t: {act_dep_time})]", 0.0), operator: *, right: (1.0, 1.0), result: 0.0})
now error: 0.0
Block processing time: 0.022571 seconds
Computing Block 33 out of 441
Processing Block size=15
begin cleaner{left: ("[FunctionalDependency:(s: {flight}, t: {act_dep_time})]", 0.0), operator: *, right: (1.0, 1.0), result: 0.0}
列 'p' 不存在，对列 act_dep_time 不过滤，直接选择所有非无效值。
clean_bool length:3
newest best op: Uniop(df,'act_dep_time','12:41 AM',(['flight'], {('CO-1614-LAX-IAH',)}),{left: ("[FunctionalDependency:(s: {flight}, t: {act_dep_time})]", 0.0), operator: *, right: (1.0, 1.0), result: 0.0})
now error: 0.0
Block processing time: 0.032342 seconds
Computing Block 38 out of 441
Processing Block size=20
begin cleaner{left: ("[FunctionalDependency:(s: {flight}, t: {act_dep_time})]", 0.0), operator: *, right: (1.0, 1.0), result: 0.0}
列 'p' 不存在，对列 act_dep_time 不过滤，直接选择所有非无效值。
Block processing time: 0.014071 seconds
Computing Block 43 out of 441
Processing Block size=20
begin cleaner{left: ("[FunctionalDependency:(s: {flight}, t: {act_dep_time})]", 0.0), operator: *, right: (1.0, 1.0), result: 0.0}
列 'p' 不存在，对列 act_dep_time 不过滤，直接选择所有非无效值。
clean_bool length:2
newest best op: Uniop(df,'act_dep_time','09:00 PM',(['flight'], {('AA-3823-LAX-DEN',)}),{left: ("[FunctionalDependency:(s: {flight}, t: {act_dep_time})]", 0.0), operator: *, right: (1.0, 1.0), result: 0.0})
now error: 0.0
Block processing time: 0.02815 seconds
Computing Block 55 out of 441
Processing Block size=19
begin cleaner{left: ("[FunctionalDependency:(s: {flight}, t: {act_dep_time})]", 0.0), operator: *, right: (1.0, 1.0), result: 0.0}
列 'p' 不存在，对列 act_dep_time 不过滤，直接选择所有非无效值。
clean_bool length:2
newest best op: Uniop(df,'act_dep_time','03:01 PM',(['flight'], {('CO-1250-MIA-IAH',)}),{left: ("[FunctionalDependency:(s: {flight}, t: {act_dep_time})]", 0.0), operator: *, right: (1.0, 1.0), result: 0.0})
now error: 0.0
Block processing time: 0.026688 seconds
Computing Block 58 out of 441
Processing Block size=21
begin cleaner{left: ("[FunctionalDependency:(s: {flight}, t: {act_dep_time})]", 0.0), operator: *, right: (1.0, 1.0), result: 0.0}
列 'p' 不存在，对列 act_dep_time 不过滤，直接选择所有非无效值。
clean_bool length:2
newest best op: Uniop(df,'act_dep_time','08:23 PM',(['flight'], {('AA-1221-MCO-ORD',)}),{left: ("[FunctionalDependency:(s: {flight}, t: {act_dep_time})]", 0.0), operator: *, right: (1.0, 1.0), result: 0.0})
now error: 0.0
Block processing time: 0.029628 seconds
Computing Block 64 out of 441
Processing Block size=22
begin cleaner{left: ("[FunctionalDependency:(s: {flight}, t: {act_dep_time})]", 0.0), operator: *, right: (1.0, 1.0), result: 0.0}
列 'p' 不存在，对列 act_dep_time 不过滤，直接选择所有非无效值。
clean_bool length:2
newest best op: Uniop(df,'act_dep_time','02:26 PM',(['flight'], {('UA-257-JFK-SFO',)}),{left: ("[FunctionalDependency:(s: {flight}, t: {act_dep_time})]", 0.0), operator: *, right: (1.0, 1.0), result: 0.0})
now error: 0.0
Block processing time: 0.030855 seconds
Computing Block 75 out of 441
Processing Block size=19
begin cleaner{left: ("[FunctionalDependency:(s: {flight}, t: {act_dep_time})]", 0.0), operator: *, right: (1.0, 1.0), result: 0.0}
列 'p' 不存在，对列 act_dep_time 不过滤，直接选择所有非无效值。
clean_bool length:2
newest best op: Uniop(df,'act_dep_time','11:05 AM',(['flight'], {('AA-2050-ORD-MIA',)}),{left: ("[FunctionalDependency:(s: {flight}, t: {act_dep_time})]", 0.0), operator: *, right: (1.0, 1.0), result: 0.0})
now error: 0.0
Block processing time: 0.026459 seconds
Computing Block 78 out of 441
Processing Block size=18
begin cleaner{left: ("[FunctionalDependency:(s: {flight}, t: {act_dep_time})]", 0.0), operator: *, right: (1.0, 1.0), result: 0.0}
列 'p' 不存在，对列 act_dep_time 不过滤，直接选择所有非无效值。
clean_bool length:2
newest best op: Uniop(df,'act_dep_time','07:21 AM',(['flight'], {('AA-1434-DFW-MCO',)}),{left: ("[FunctionalDependency:(s: {flight}, t: {act_dep_time})]", 0.0), operator: *, right: (1.0, 1.0), result: 0.0})
now error: 0.0
Block processing time: 0.025207 seconds
Computing Block 82 out of 441
Processing Block size=15
begin cleaner{left: ("[FunctionalDependency:(s: {flight}, t: {act_dep_time})]", 0.0), operator: *, right: (1.0, 1.0), result: 0.0}
列 'p' 不存在，对列 act_dep_time 不过滤，直接选择所有非无效值。
clean_bool length:2
newest best op: Uniop(df,'act_dep_time','07:30 AM',(['flight'], {('AA-643-MIA-ORD',)}),{left: ("[FunctionalDependency:(s: {flight}, t: {act_dep_time})]", 0.0), operator: *, right: (1.0, 1.0), result: 0.0})
now error: 0.0
Block processing time: 0.021278 seconds
Computing Block 88 out of 441
Processing Block size=20
begin cleaner{left: ("[FunctionalDependency:(s: {flight}, t: {act_dep_time})]", 0.0), operator: *, right: (1.0, 1.0), result: 0.0}
列 'p' 不存在，对列 act_dep_time 不过滤，直接选择所有非无效值。
clean_bool length:2
newest best op: Uniop(df,'act_dep_time','03:11 AM',(['flight'], {('UA-2945-PHL-CLT',)}),{left: ("[FunctionalDependency:(s: {flight}, t: {act_dep_time})]", 0.0), operator: *, right: (1.0, 1.0), result: 0.0})
now error: 0.0
Block processing time: 0.02805 seconds
Computing Block 93 out of 441
Processing Block size=13
begin cleaner{left: ("[FunctionalDependency:(s: {flight}, t: {act_dep_time})]", 0.0), operator: *, right: (1.0, 1.0), result: 0.0}
列 'p' 不存在，对列 act_dep_time 不过滤，直接选择所有非无效值。
clean_bool length:2
newest best op: Uniop(df,'act_dep_time','08:56 AM',(['flight'], {('AA-415-BOS-ORD',)}),{left: ("[FunctionalDependency:(s: {flight}, t: {act_dep_time})]", 0.0), operator: *, right: (1.0, 1.0), result: 0.0})
now error: 0.0
Block processing time: 0.018466 seconds
Computing Block 96 out of 441
Processing Block size=15
begin cleaner{left: ("[FunctionalDependency:(s: {flight}, t: {act_dep_time})]", 0.0), operator: *, right: (1.0, 1.0), result: 0.0}
列 'p' 不存在，对列 act_dep_time 不过滤，直接选择所有非无效值。
clean_bool length:2
newest best op: Uniop(df,'act_dep_time','04:00 PM',(['flight'], {('UA-2726-FLL-PHL',)}),{left: ("[FunctionalDependency:(s: {flight}, t: {act_dep_time})]", 0.0), operator: *, right: (1.0, 1.0), result: 0.0})
now error: 0.0
Block processing time: 0.02112 seconds
Computing Block 110 out of 441
Processing Block size=21
begin cleaner{left: ("[FunctionalDependency:(s: {flight}, t: {act_dep_time})]", 0.0), operator: *, right: (1.0, 1.0), result: 0.0}
列 'p' 不存在，对列 act_dep_time 不过滤，直接选择所有非无效值。
clean_bool length:2
newest best op: Uniop(df,'act_dep_time','12:41 PM',(['flight'], {('AA-3756-ORD-SLC',)}),{left: ("[FunctionalDependency:(s: {flight}, t: {act_dep_time})]", 0.0), operator: *, right: (1.0, 1.0), result: 0.0})
now error: 0.0
Block processing time: 0.029348 seconds
Computing Block 114 out of 441
Processing Block size=17
begin cleaner{left: ("[FunctionalDependency:(s: {flight}, t: {act_dep_time})]", 0.0), operator: *, right: (1.0, 1.0), result: 0.0}
列 'p' 不存在，对列 act_dep_time 不过滤，直接选择所有非无效值。
clean_bool length:2
newest best op: Uniop(df,'act_dep_time','08:04 AM',(['flight'], {('AA-2957-DFW-CVG',)}),{left: ("[FunctionalDependency:(s: {flight}, t: {act_dep_time})]", 0.0), operator: *, right: (1.0, 1.0), result: 0.0})
now error: 0.0
Block processing time: 0.024015 seconds
Computing Block 116 out of 441
Processing Block size=16
begin cleaner{left: ("[FunctionalDependency:(s: {flight}, t: {act_dep_time})]", 0.0), operator: *, right: (1.0, 1.0), result: 0.0}
列 'p' 不存在，对列 act_dep_time 不过滤，直接选择所有非无效值。
clean_bool length:2
newest best op: Uniop(df,'act_dep_time','05:22 PM',(['flight'], {('CO-63-EWR-IAH',)}),{left: ("[FunctionalDependency:(s: {flight}, t: {act_dep_time})]", 0.0), operator: *, right: (1.0, 1.0), result: 0.0})
now error: 0.0
Block processing time: 0.022399 seconds
Computing Block 119 out of 441
Processing Block size=15
begin cleaner{left: ("[FunctionalDependency:(s: {flight}, t: {act_dep_time})]", 0.0), operator: *, right: (1.0, 1.0), result: 0.0}
列 'p' 不存在，对列 act_dep_time 不过滤，直接选择所有非无效值。
clean_bool length:2
newest best op: Uniop(df,'act_dep_time','08:52 AM',(['flight'], {('UA-37-EDI-EWR',)}),{left: ("[FunctionalDependency:(s: {flight}, t: {act_dep_time})]", 0.0), operator: *, right: (1.0, 1.0), result: 0.0})
now error: 0.0
Block processing time: 0.021243 seconds
Computing Block 126 out of 441
Processing Block size=17
begin cleaner{left: ("[FunctionalDependency:(s: {flight}, t: {act_dep_time})]", 0.0), operator: *, right: (1.0, 1.0), result: 0.0}
列 'p' 不存在，对列 act_dep_time 不过滤，直接选择所有非无效值。
clean_bool length:2
newest best op: Uniop(df,'act_dep_time','08:40 AM',(['flight'], {('CO-1088-CLE-IAH',)}),{left: ("[FunctionalDependency:(s: {flight}, t: {act_dep_time})]", 0.0), operator: *, right: (1.0, 1.0), result: 0.0})
now error: 0.0
Block processing time: 0.023904 seconds
Computing Block 131 out of 441
Processing Block size=18
begin cleaner{left: ("[FunctionalDependency:(s: {flight}, t: {act_dep_time})]", 0.0), operator: *, right: (1.0, 1.0), result: 0.0}
列 'p' 不存在，对列 act_dep_time 不过滤，直接选择所有非无效值。
clean_bool length:2
newest best op: Uniop(df,'act_dep_time','12:35 PM',(['flight'], {('UA-382-IAD-LAX',)}),{left: ("[FunctionalDependency:(s: {flight}, t: {act_dep_time})]", 0.0), operator: *, right: (1.0, 1.0), result: 0.0})
now error: 0.0
Block processing time: 0.025744 seconds
Computing Block 132 out of 441
Processing Block size=17
begin cleaner{left: ("[FunctionalDependency:(s: {flight}, t: {act_dep_time})]", 0.0), operator: *, right: (1.0, 1.0), result: 0.0}
列 'p' 不存在，对列 act_dep_time 不过滤，直接选择所有非无效值。
clean_bool length:2
newest best op: Uniop(df,'act_dep_time','11:25 PM',(['flight'], {('AA-204-LAX-MCO',)}),{left: ("[FunctionalDependency:(s: {flight}, t: {act_dep_time})]", 0.0), operator: *, right: (1.0, 1.0), result: 0.0})
now error: 0.0
Block processing time: 0.027059 seconds
Computing Block 133 out of 441
Processing Block size=18
begin cleaner{left: ("[FunctionalDependency:(s: {flight}, t: {act_dep_time})]", 0.0), operator: *, right: (1.0, 1.0), result: 0.0}
列 'p' 不存在，对列 act_dep_time 不过滤，直接选择所有非无效值。
clean_bool length:2
newest best op: Uniop(df,'act_dep_time','08:29 AM',(['flight'], {('UA-397-JFK-SFO',)}),{left: ("[FunctionalDependency:(s: {flight}, t: {act_dep_time})]", 0.0), operator: *, right: (1.0, 1.0), result: 0.0})
now error: 0.0
Block processing time: 0.026362 seconds
Computing Block 135 out of 441
Processing Block size=22
begin cleaner{left: ("[FunctionalDependency:(s: {flight}, t: {act_dep_time})]", 0.0), operator: *, right: (1.0, 1.0), result: 0.0}
列 'p' 不存在，对列 act_dep_time 不过滤，直接选择所有非无效值。
clean_bool length:2
newest best op: Uniop(df,'act_dep_time','03:27 PM',(['flight'], {('AA-1917-JFK-MCO',)}),{left: ("[FunctionalDependency:(s: {flight}, t: {act_dep_time})]", 0.0), operator: *, right: (1.0, 1.0), result: 0.0})
now error: 0.0
Block processing time: 0.03336 seconds
Computing Block 138 out of 441
Processing Block size=21
begin cleaner{left: ("[FunctionalDependency:(s: {flight}, t: {act_dep_time})]", 0.0), operator: *, right: (1.0, 1.0), result: 0.0}
列 'p' 不存在，对列 act_dep_time 不过滤，直接选择所有非无效值。
clean_bool length:2
newest best op: Uniop(df,'act_dep_time','07:22 AM',(['flight'], {('AA-2268-PHX-ORD',)}),{left: ("[FunctionalDependency:(s: {flight}, t: {act_dep_time})]", 0.0), operator: *, right: (1.0, 1.0), result: 0.0})
now error: 0.0
Block processing time: 0.031617 seconds
Computing Block 139 out of 441
Processing Block size=10
begin cleaner{left: ("[FunctionalDependency:(s: {flight}, t: {act_dep_time})]", 0.0), operator: *, right: (1.0, 1.0), result: 0.0}
列 'p' 不存在，对列 act_dep_time 不过滤，直接选择所有非无效值。
clean_bool length:2
newest best op: Uniop(df,'act_dep_time','01:32 PM',(['flight'], {('UA-248-PHX-ORD',)}),{left: ("[FunctionalDependency:(s: {flight}, t: {act_dep_time})]", 0.0), operator: *, right: (1.0, 1.0), result: 0.0})
now error: 0.0
Block processing time: 0.015693 seconds
Computing Block 143 out of 441
Processing Block size=14
begin cleaner{left: ("[FunctionalDependency:(s: {flight}, t: {act_dep_time})]", 0.0), operator: *, right: (1.0, 1.0), result: 0.0}
列 'p' 不存在，对列 act_dep_time 不过滤，直接选择所有非无效值。
clean_bool length:2
newest best op: Uniop(df,'act_dep_time','02:55 PM',(['flight'], {('UA-2314-ATL-PHL',)}),{left: ("[FunctionalDependency:(s: {flight}, t: {act_dep_time})]", 0.0), operator: *, right: (1.0, 1.0), result: 0.0})
now error: 0.0
Block processing time: 0.021343 seconds
Computing Block 148 out of 441
Processing Block size=15
begin cleaner{left: ("[FunctionalDependency:(s: {flight}, t: {act_dep_time})]", 0.0), operator: *, right: (1.0, 1.0), result: 0.0}
列 'p' 不存在，对列 act_dep_time 不过滤，直接选择所有非无效值。
clean_bool length:2
newest best op: Uniop(df,'act_dep_time','05:30 PM',(['flight'], {('CO-4888-IAH-DAL',)}),{left: ("[FunctionalDependency:(s: {flight}, t: {act_dep_time})]", 0.0), operator: *, right: (1.0, 1.0), result: 0.0})
now error: 0.0
Block processing time: 0.022735 seconds
Computing Block 165 out of 441
Processing Block size=16
begin cleaner{left: ("[FunctionalDependency:(s: {flight}, t: {act_dep_time})]", 0.0), operator: *, right: (1.0, 1.0), result: 0.0}
列 'p' 不存在，对列 act_dep_time 不过滤，直接选择所有非无效值。
clean_bool length:2
newest best op: Uniop(df,'act_dep_time','10:18 AM',(['flight'], {('AA-1664-MIA-ATL',)}),{left: ("[FunctionalDependency:(s: {flight}, t: {act_dep_time})]", 0.0), operator: *, right: (1.0, 1.0), result: 0.0})
now error: 0.0
Block processing time: 0.024398 seconds
Computing Block 170 out of 441
Processing Block size=14
begin cleaner{left: ("[FunctionalDependency:(s: {flight}, t: {act_dep_time})]", 0.0), operator: *, right: (1.0, 1.0), result: 0.0}
列 'p' 不存在，对列 act_dep_time 不过滤，直接选择所有非无效值。
clean_bool length:2
newest best op: Uniop(df,'act_dep_time','09:16 AM',(['flight'], {('UA-1500-IAH-GUA',)}),{left: ("[FunctionalDependency:(s: {flight}, t: {act_dep_time})]", 0.0), operator: *, right: (1.0, 1.0), result: 0.0})
now error: 0.0
Block processing time: 0.021477 seconds
Computing Block 174 out of 441
Processing Block size=18
begin cleaner{left: ("[FunctionalDependency:(s: {flight}, t: {act_dep_time})]", 0.0), operator: *, right: (1.0, 1.0), result: 0.0}
列 'p' 不存在，对列 act_dep_time 不过滤，直接选择所有非无效值。
clean_bool length:3
newest best op: Uniop(df,'act_dep_time','10:54 AM',(['flight'], {('AA-4198-ORD-CLE',)}),{left: ("[FunctionalDependency:(s: {flight}, t: {act_dep_time})]", 0.0), operator: *, right: (1.0, 1.0), result: 0.0})
now error: 0.0
Block processing time: 0.041001 seconds
Computing Block 185 out of 441
Processing Block size=19
begin cleaner{left: ("[FunctionalDependency:(s: {flight}, t: {act_dep_time})]", 0.0), operator: *, right: (1.0, 1.0), result: 0.0}
列 'p' 不存在，对列 act_dep_time 不过滤，直接选择所有非无效值。
clean_bool length:2
newest best op: Uniop(df,'act_dep_time','02:44 PM',(['flight'], {('AA-3804-PHL-ORD',)}),{left: ("[FunctionalDependency:(s: {flight}, t: {act_dep_time})]", 0.0), operator: *, right: (1.0, 1.0), result: 0.0})
now error: 0.0
Block processing time: 0.028696 seconds
Computing Block 187 out of 441
Processing Block size=2
begin cleaner{left: ("[FunctionalDependency:(s: {flight}, t: {act_dep_time})]", 0.0), operator: *, right: (1.0, 1.0), result: 0.0}
列 'p' 不存在，对列 act_dep_time 不过滤，直接选择所有非无效值。
Block processing time: 0.001634 seconds
Computing Block 192 out of 441
Processing Block size=15
begin cleaner{left: ("[FunctionalDependency:(s: {flight}, t: {act_dep_time})]", 0.0), operator: *, right: (1.0, 1.0), result: 0.0}
列 'p' 不存在，对列 act_dep_time 不过滤，直接选择所有非无效值。
clean_bool length:2
newest best op: Uniop(df,'act_dep_time','02:48 PM',(['flight'], {('CO-62-IAH-EWR',)}),{left: ("[FunctionalDependency:(s: {flight}, t: {act_dep_time})]", 0.0), operator: *, right: (1.0, 1.0), result: 0.0})
now error: 0.0
Block processing time: 0.02278 seconds
Computing Block 193 out of 441
Processing Block size=16
begin cleaner{left: ("[FunctionalDependency:(s: {flight}, t: {act_dep_time})]", 0.0), operator: *, right: (1.0, 1.0), result: 0.0}
列 'p' 不存在，对列 act_dep_time 不过滤，直接选择所有非无效值。
clean_bool length:2
newest best op: Uniop(df,'act_dep_time','07:31 AM',(['flight'], {('AA-222-LAX-BOS',)}),{left: ("[FunctionalDependency:(s: {flight}, t: {act_dep_time})]", 0.0), operator: *, right: (1.0, 1.0), result: 0.0})
now error: 0.0
Block processing time: 0.022458 seconds
Computing Block 194 out of 441
Processing Block size=20
begin cleaner{left: ("[FunctionalDependency:(s: {flight}, t: {act_dep_time})]", 0.0), operator: *, right: (1.0, 1.0), result: 0.0}
列 'p' 不存在，对列 act_dep_time 不过滤，直接选择所有非无效值。
clean_bool length:2
newest best op: Uniop(df,'act_dep_time','01:31 PM',(['flight'], {('UA-664-ORD-PHL',)}),{left: ("[FunctionalDependency:(s: {flight}, t: {act_dep_time})]", 0.0), operator: *, right: (1.0, 1.0), result: 0.0})
now error: 0.0
Block processing time: 0.027892 seconds
Computing Block 198 out of 441
Processing Block size=15
begin cleaner{left: ("[FunctionalDependency:(s: {flight}, t: {act_dep_time})]", 0.0), operator: *, right: (1.0, 1.0), result: 0.0}
列 'p' 不存在，对列 act_dep_time 不过滤，直接选择所有非无效值。
clean_bool length:2
newest best op: Uniop(df,'act_dep_time','07:22 AM',(['flight'], {('AA-1165-JFK-MIA',)}),{left: ("[FunctionalDependency:(s: {flight}, t: {act_dep_time})]", 0.0), operator: *, right: (1.0, 1.0), result: 0.0})
now error: 0.0
Block processing time: 0.02107 seconds
Computing Block 199 out of 441
Processing Block size=16
begin cleaner{left: ("[FunctionalDependency:(s: {flight}, t: {act_dep_time})]", 0.0), operator: *, right: (1.0, 1.0), result: 0.0}
列 'p' 不存在，对列 act_dep_time 不过滤，直接选择所有非无效值。
clean_bool length:2
newest best op: Uniop(df,'act_dep_time','06:56 AM',(['flight'], {('AA-3842-MSP-ORD',)}),{left: ("[FunctionalDependency:(s: {flight}, t: {act_dep_time})]", 0.0), operator: *, right: (1.0, 1.0), result: 0.0})
now error: 0.0
Block processing time: 0.023171 seconds
Computing Block 202 out of 441
Processing Block size=16
begin cleaner{left: ("[FunctionalDependency:(s: {flight}, t: {act_dep_time})]", 0.0), operator: *, right: (1.0, 1.0), result: 0.0}
列 'p' 不存在，对列 act_dep_time 不过滤，直接选择所有非无效值。
clean_bool length:2
newest best op: Uniop(df,'act_dep_time','05:56 AM',(['flight'], {('UA-414-LAX-SFO',)}),{left: ("[FunctionalDependency:(s: {flight}, t: {act_dep_time})]", 0.0), operator: *, right: (1.0, 1.0), result: 0.0})
now error: 0.0
Block processing time: 0.022473 seconds
Computing Block 207 out of 441
Processing Block size=2
begin cleaner{left: ("[FunctionalDependency:(s: {flight}, t: {act_dep_time})]", 0.0), operator: *, right: (1.0, 1.0), result: 0.0}
列 'p' 不存在，对列 act_dep_time 不过滤，直接选择所有非无效值。
Block processing time: 0.001575 seconds
Computing Block 218 out of 441
Processing Block size=14
begin cleaner{left: ("[FunctionalDependency:(s: {flight}, t: {act_dep_time})]", 0.0), operator: *, right: (1.0, 1.0), result: 0.0}
列 'p' 不存在，对列 act_dep_time 不过滤，直接选择所有非无效值。
clean_bool length:2
newest best op: Uniop(df,'act_dep_time','01:30 PM',(['flight'], {('AA-649-ORD-SNA',)}),{left: ("[FunctionalDependency:(s: {flight}, t: {act_dep_time})]", 0.0), operator: *, right: (1.0, 1.0), result: 0.0})
now error: 0.0
Block processing time: 0.019825 seconds
Computing Block 230 out of 441
Processing Block size=21
begin cleaner{left: ("[FunctionalDependency:(s: {flight}, t: {act_dep_time})]", 0.0), operator: *, right: (1.0, 1.0), result: 0.0}
列 'p' 不存在，对列 act_dep_time 不过滤，直接选择所有非无效值。
clean_bool length:2
newest best op: Uniop(df,'act_dep_time','06:30 PM',(['flight'], {('AA-1640-MIA-MCO',)}),{left: ("[FunctionalDependency:(s: {flight}, t: {act_dep_time})]", 0.0), operator: *, right: (1.0, 1.0), result: 0.0})
now error: 0.0
Block processing time: 0.029553 seconds
Computing Block 233 out of 441
Processing Block size=16
begin cleaner{left: ("[FunctionalDependency:(s: {flight}, t: {act_dep_time})]", 0.0), operator: *, right: (1.0, 1.0), result: 0.0}
列 'p' 不存在，对列 act_dep_time 不过滤，直接选择所有非无效值。
clean_bool length:2
newest best op: Uniop(df,'act_dep_time','11:52 AM',(['flight'], {('AA-271-MIA-LAX',)}),{left: ("[FunctionalDependency:(s: {flight}, t: {act_dep_time})]", 0.0), operator: *, right: (1.0, 1.0), result: 0.0})
now error: 0.0
Block processing time: 0.022374 seconds
Computing Block 235 out of 441
Processing Block size=15
begin cleaner{left: ("[FunctionalDependency:(s: {flight}, t: {act_dep_time})]", 0.0), operator: *, right: (1.0, 1.0), result: 0.0}
列 'p' 不存在，对列 act_dep_time 不过滤，直接选择所有非无效值。
clean_bool length:2
newest best op: Uniop(df,'act_dep_time','08:12 AM',(['flight'], {('UA-3515-IAD-MSP',)}),{left: ("[FunctionalDependency:(s: {flight}, t: {act_dep_time})]", 0.0), operator: *, right: (1.0, 1.0), result: 0.0})
now error: 0.0
Block processing time: 0.020975 seconds
Computing Block 236 out of 441
Processing Block size=18
begin cleaner{left: ("[FunctionalDependency:(s: {flight}, t: {act_dep_time})]", 0.0), operator: *, right: (1.0, 1.0), result: 0.0}
列 'p' 不存在，对列 act_dep_time 不过滤，直接选择所有非无效值。
clean_bool length:2
newest best op: Uniop(df,'act_dep_time','07:25 AM',(['flight'], {('AA-3468-CVG-MIA',)}),{left: ("[FunctionalDependency:(s: {flight}, t: {act_dep_time})]", 0.0), operator: *, right: (1.0, 1.0), result: 0.0})
now error: 0.0
Block processing time: 0.025027 seconds
Computing Block 246 out of 441
Processing Block size=18
begin cleaner{left: ("[FunctionalDependency:(s: {flight}, t: {act_dep_time})]", 0.0), operator: *, right: (1.0, 1.0), result: 0.0}
列 'p' 不存在，对列 act_dep_time 不过滤，直接选择所有非无效值。
clean_bool length:2
newest best op: Uniop(df,'act_dep_time','06:55 PM',(['flight'], {('AA-4307-ORD-DTW',)}),{left: ("[FunctionalDependency:(s: {flight}, t: {act_dep_time})]", 0.0), operator: *, right: (1.0, 1.0), result: 0.0})
now error: 0.0
Block processing time: 0.025381 seconds
Computing Block 249 out of 441
Processing Block size=17
begin cleaner{left: ("[FunctionalDependency:(s: {flight}, t: {act_dep_time})]", 0.0), operator: *, right: (1.0, 1.0), result: 0.0}
列 'p' 不存在，对列 act_dep_time 不过滤，直接选择所有非无效值。
clean_bool length:2
newest best op: Uniop(df,'act_dep_time','08:39 PM',(['flight'], {('AA-3063-SLC-LAX',)}),{left: ("[FunctionalDependency:(s: {flight}, t: {act_dep_time})]", 0.0), operator: *, right: (1.0, 1.0), result: 0.0})
now error: 0.0
Block processing time: 0.024055 seconds
Computing Block 254 out of 441
Processing Block size=17
begin cleaner{left: ("[FunctionalDependency:(s: {flight}, t: {act_dep_time})]", 0.0), operator: *, right: (1.0, 1.0), result: 0.0}
列 'p' 不存在，对列 act_dep_time 不过滤，直接选择所有非无效值。
clean_bool length:2
newest best op: Uniop(df,'act_dep_time','06:57 AM',(['flight'], {('AA-404-MIA-MCO',)}),{left: ("[FunctionalDependency:(s: {flight}, t: {act_dep_time})]", 0.0), operator: *, right: (1.0, 1.0), result: 0.0})
now error: 0.0
Block processing time: 0.02392 seconds
Computing Block 255 out of 441
Processing Block size=17
begin cleaner{left: ("[FunctionalDependency:(s: {flight}, t: {act_dep_time})]", 0.0), operator: *, right: (1.0, 1.0), result: 0.0}
列 'p' 不存在，对列 act_dep_time 不过滤，直接选择所有非无效值。
clean_bool length:2
newest best op: Uniop(df,'act_dep_time','03:31 PM',(['flight'], {('CO-50-CLE-EWR',)}),{left: ("[FunctionalDependency:(s: {flight}, t: {act_dep_time})]", 0.0), operator: *, right: (1.0, 1.0), result: 0.0})
now error: 0.0
Block processing time: 0.024027 seconds
Computing Block 256 out of 441
Processing Block size=15
begin cleaner{left: ("[FunctionalDependency:(s: {flight}, t: {act_dep_time})]", 0.0), operator: *, right: (1.0, 1.0), result: 0.0}
列 'p' 不存在，对列 act_dep_time 不过滤，直接选择所有非无效值。
clean_bool length:2
newest best op: Uniop(df,'act_dep_time','02:48 PM',(['flight'], {('UA-62-IAH-EWR',)}),{left: ("[FunctionalDependency:(s: {flight}, t: {act_dep_time})]", 0.0), operator: *, right: (1.0, 1.0), result: 0.0})
now error: 0.0
Block processing time: 0.021253 seconds
Computing Block 264 out of 441
Processing Block size=14
begin cleaner{left: ("[FunctionalDependency:(s: {flight}, t: {act_dep_time})]", 0.0), operator: *, right: (1.0, 1.0), result: 0.0}
列 'p' 不存在，对列 act_dep_time 不过滤，直接选择所有非无效值。
clean_bool length:2
newest best op: Uniop(df,'act_dep_time','08:26 AM',(['flight'], {('UA-3373-IAD-PHL',)}),{left: ("[FunctionalDependency:(s: {flight}, t: {act_dep_time})]", 0.0), operator: *, right: (1.0, 1.0), result: 0.0})
now error: 0.0
Block processing time: 0.019869 seconds
Computing Block 269 out of 441
Processing Block size=11
begin cleaner{left: ("[FunctionalDependency:(s: {flight}, t: {act_dep_time})]", 0.0), operator: *, right: (1.0, 1.0), result: 0.0}
列 'p' 不存在，对列 act_dep_time 不过滤，直接选择所有非无效值。
clean_bool length:2
newest best op: Uniop(df,'act_dep_time','05:08 PM',(['flight'], {('AA-1007-MIA-PHX',)}),{left: ("[FunctionalDependency:(s: {flight}, t: {act_dep_time})]", 0.0), operator: *, right: (1.0, 1.0), result: 0.0})
now error: 0.0
Block processing time: 0.015756 seconds
Computing Block 270 out of 441
Processing Block size=16
begin cleaner{left: ("[FunctionalDependency:(s: {flight}, t: {act_dep_time})]", 0.0), operator: *, right: (1.0, 1.0), result: 0.0}
列 'p' 不存在，对列 act_dep_time 不过滤，直接选择所有非无效值。
clean_bool length:2
newest best op: Uniop(df,'act_dep_time','07:39 AM',(['flight'], {('AA-59-JFK-SFO',)}),{left: ("[FunctionalDependency:(s: {flight}, t: {act_dep_time})]", 0.0), operator: *, right: (1.0, 1.0), result: 0.0})
now error: 0.0
Block processing time: 0.022465 seconds
Computing Block 273 out of 441
Processing Block size=19
begin cleaner{left: ("[FunctionalDependency:(s: {flight}, t: {act_dep_time})]", 0.0), operator: *, right: (1.0, 1.0), result: 0.0}
列 'p' 不存在，对列 act_dep_time 不过滤，直接选择所有非无效值。
clean_bool length:2
newest best op: Uniop(df,'act_dep_time','03:36 PM',(['flight'], {('AA-85-JFK-SFO',)}),{left: ("[FunctionalDependency:(s: {flight}, t: {act_dep_time})]", 0.0), operator: *, right: (1.0, 1.0), result: 0.0})
now error: 0.0
Block processing time: 0.027008 seconds
Computing Block 276 out of 441
Processing Block size=19
begin cleaner{left: ("[FunctionalDependency:(s: {flight}, t: {act_dep_time})]", 0.0), operator: *, right: (1.0, 1.0), result: 0.0}
列 'p' 不存在，对列 act_dep_time 不过滤，直接选择所有非无效值。
clean_bool length:2
newest best op: Uniop(df,'act_dep_time','08:25 PM',(['flight'], {('AA-2312-DFW-DTW',)}),{left: ("[FunctionalDependency:(s: {flight}, t: {act_dep_time})]", 0.0), operator: *, right: (1.0, 1.0), result: 0.0})
now error: 0.0
Block processing time: 0.026666 seconds
Computing Block 290 out of 441
Processing Block size=16
begin cleaner{left: ("[FunctionalDependency:(s: {flight}, t: {act_dep_time})]", 0.0), operator: *, right: (1.0, 1.0), result: 0.0}
列 'p' 不存在，对列 act_dep_time 不过滤，直接选择所有非无效值。
clean_bool length:2
newest best op: Uniop(df,'act_dep_time','03:58 PM',(['flight'], {('CO-45-EWR-MIA',)}),{left: ("[FunctionalDependency:(s: {flight}, t: {act_dep_time})]", 0.0), operator: *, right: (1.0, 1.0), result: 0.0})
now error: 0.0
Block processing time: 0.022458 seconds
Computing Block 295 out of 441
Processing Block size=17
begin cleaner{left: ("[FunctionalDependency:(s: {flight}, t: {act_dep_time})]", 0.0), operator: *, right: (1.0, 1.0), result: 0.0}
列 'p' 不存在，对列 act_dep_time 不过滤，直接选择所有非无效值。
clean_bool length:2
newest best op: Uniop(df,'act_dep_time','04:15 PM',(['flight'], {('UA-938-DEN-ORD',)}),{left: ("[FunctionalDependency:(s: {flight}, t: {act_dep_time})]", 0.0), operator: *, right: (1.0, 1.0), result: 0.0})
now error: 0.0
Block processing time: 0.02567 seconds
Computing Block 298 out of 441
Processing Block size=18
begin cleaner{left: ("[FunctionalDependency:(s: {flight}, t: {act_dep_time})]", 0.0), operator: *, right: (1.0, 1.0), result: 0.0}
列 'p' 不存在，对列 act_dep_time 不过滤，直接选择所有非无效值。
clean_bool length:2
newest best op: Uniop(df,'act_dep_time','12:13 PM',(['flight'], {('AA-4344-ORD-DTW',)}),{left: ("[FunctionalDependency:(s: {flight}, t: {act_dep_time})]", 0.0), operator: *, right: (1.0, 1.0), result: 0.0})
now error: 0.0
Block processing time: 0.027249 seconds
Computing Block 306 out of 441
Processing Block size=20
begin cleaner{left: ("[FunctionalDependency:(s: {flight}, t: {act_dep_time})]", 0.0), operator: *, right: (1.0, 1.0), result: 0.0}
列 'p' 不存在，对列 act_dep_time 不过滤，直接选择所有非无效值。
clean_bool length:2
newest best op: Uniop(df,'act_dep_time','06:10 AM',(['flight'], {('AA-3809-PHX-LAX',)}),{left: ("[FunctionalDependency:(s: {flight}, t: {act_dep_time})]", 0.0), operator: *, right: (1.0, 1.0), result: 0.0})
now error: 0.0
Block processing time: 0.030014 seconds
Computing Block 313 out of 441
Processing Block size=20
begin cleaner{left: ("[FunctionalDependency:(s: {flight}, t: {act_dep_time})]", 0.0), operator: *, right: (1.0, 1.0), result: 0.0}
列 'p' 不存在，对列 act_dep_time 不过滤，直接选择所有非无效值。
clean_bool length:2
newest best op: Uniop(df,'act_dep_time','12:10 PM',(['flight'], {('AA-4277-CVG-JFK',)}),{left: ("[FunctionalDependency:(s: {flight}, t: {act_dep_time})]", 0.0), operator: *, right: (1.0, 1.0), result: 0.0})
now error: 0.0
Block processing time: 0.030065 seconds
Computing Block 317 out of 441
Processing Block size=22
begin cleaner{left: ("[FunctionalDependency:(s: {flight}, t: {act_dep_time})]", 0.0), operator: *, right: (1.0, 1.0), result: 0.0}
列 'p' 不存在，对列 act_dep_time 不过滤，直接选择所有非无效值。
clean_bool length:2
newest best op: Uniop(df,'act_dep_time','08:51 AM',(['flight'], {('AA-431-MIA-SFO',)}),{left: ("[FunctionalDependency:(s: {flight}, t: {act_dep_time})]", 0.0), operator: *, right: (1.0, 1.0), result: 0.0})
now error: 0.0
Block processing time: 0.033088 seconds
Computing Block 320 out of 441
Processing Block size=15
begin cleaner{left: ("[FunctionalDependency:(s: {flight}, t: {act_dep_time})]", 0.0), operator: *, right: (1.0, 1.0), result: 0.0}
列 'p' 不存在，对列 act_dep_time 不过滤，直接选择所有非无效值。
clean_bool length:2
newest best op: Uniop(df,'act_dep_time','11:08 PM',(['flight'], {('UA-828-SFO-ORD',)}),{left: ("[FunctionalDependency:(s: {flight}, t: {act_dep_time})]", 0.0), operator: *, right: (1.0, 1.0), result: 0.0})
now error: 0.0
Block processing time: 0.022726 seconds
Computing Block 321 out of 441
Processing Block size=21
begin cleaner{left: ("[FunctionalDependency:(s: {flight}, t: {act_dep_time})]", 0.0), operator: *, right: (1.0, 1.0), result: 0.0}
列 'p' 不存在，对列 act_dep_time 不过滤，直接选择所有非无效值。
clean_bool length:2
newest best op: Uniop(df,'act_dep_time','07:15 PM',(['flight'], {('CO-1694-LAX-IAH',)}),{left: ("[FunctionalDependency:(s: {flight}, t: {act_dep_time})]", 0.0), operator: *, right: (1.0, 1.0), result: 0.0})
now error: 0.0
Block processing time: 0.031714 seconds
Computing Block 325 out of 441
Processing Block size=13
begin cleaner{left: ("[FunctionalDependency:(s: {flight}, t: {act_dep_time})]", 0.0), operator: *, right: (1.0, 1.0), result: 0.0}
列 'p' 不存在，对列 act_dep_time 不过滤，直接选择所有非无效值。
Block processing time: 0.009342 seconds
Computing Block 327 out of 441
Processing Block size=23
begin cleaner{left: ("[FunctionalDependency:(s: {flight}, t: {act_dep_time})]", 0.0), operator: *, right: (1.0, 1.0), result: 0.0}
列 'p' 不存在，对列 act_dep_time 不过滤，直接选择所有非无效值。
clean_bool length:2
newest best op: Uniop(df,'act_dep_time','01:19 PM',(['flight'], {('AA-789-ORD-DEN',)}),{left: ("[FunctionalDependency:(s: {flight}, t: {act_dep_time})]", 0.0), operator: *, right: (1.0, 1.0), result: 0.0})
now error: 0.0
Block processing time: 0.03211 seconds
Computing Block 337 out of 441
Processing Block size=11
begin cleaner{left: ("[FunctionalDependency:(s: {flight}, t: {act_dep_time})]", 0.0), operator: *, right: (1.0, 1.0), result: 0.0}
列 'p' 不存在，对列 act_dep_time 不过滤，直接选择所有非无效值。
clean_bool length:2
newest best op: Uniop(df,'act_dep_time','03:27 PM',(['flight'], {('UA-2830-MCO-CLT',)}),{left: ("[FunctionalDependency:(s: {flight}, t: {act_dep_time})]", 0.0), operator: *, right: (1.0, 1.0), result: 0.0})
now error: 0.0
Block processing time: 0.015681 seconds
Computing Block 346 out of 441
Processing Block size=11
begin cleaner{left: ("[FunctionalDependency:(s: {flight}, t: {act_dep_time})]", 0.0), operator: *, right: (1.0, 1.0), result: 0.0}
列 'p' 不存在，对列 act_dep_time 不过滤，直接选择所有非无效值。
clean_bool length:2
newest best op: Uniop(df,'act_dep_time','10:20 AM',(['flight'], {('CO-16-LAX-EWR',)}),{left: ("[FunctionalDependency:(s: {flight}, t: {act_dep_time})]", 0.0), operator: *, right: (1.0, 1.0), result: 0.0})
now error: 0.0
Block processing time: 0.015704 seconds
Computing Block 349 out of 441
Processing Block size=13
begin cleaner{left: ("[FunctionalDependency:(s: {flight}, t: {act_dep_time})]", 0.0), operator: *, right: (1.0, 1.0), result: 0.0}
列 'p' 不存在，对列 act_dep_time 不过滤，直接选择所有非无效值。
clean_bool length:2
newest best op: Uniop(df,'act_dep_time','04:28 PM',(['flight'], {('UA-2906-PHL-MCO',)}),{left: ("[FunctionalDependency:(s: {flight}, t: {act_dep_time})]", 0.0), operator: *, right: (1.0, 1.0), result: 0.0})
now error: 0.0
Block processing time: 0.018343 seconds
Computing Block 354 out of 441
Processing Block size=12
begin cleaner{left: ("[FunctionalDependency:(s: {flight}, t: {act_dep_time})]", 0.0), operator: *, right: (1.0, 1.0), result: 0.0}
列 'p' 不存在，对列 act_dep_time 不过滤，直接选择所有非无效值。
clean_bool length:2
newest best op: Uniop(df,'act_dep_time','01:48 PM',(['flight'], {('UA-37-EWR-MCO',)}),{left: ("[FunctionalDependency:(s: {flight}, t: {act_dep_time})]", 0.0), operator: *, right: (1.0, 1.0), result: 0.0})
now error: 0.0
Block processing time: 0.017169 seconds
Computing Block 362 out of 441
Processing Block size=23
begin cleaner{left: ("[FunctionalDependency:(s: {flight}, t: {act_dep_time})]", 0.0), operator: *, right: (1.0, 1.0), result: 0.0}
列 'p' 不存在，对列 act_dep_time 不过滤，直接选择所有非无效值。
clean_bool length:2
newest best op: Uniop(df,'act_dep_time','04:12 PM',(['flight'], {('AA-3786-IAH-ORD',)}),{left: ("[FunctionalDependency:(s: {flight}, t: {act_dep_time})]", 0.0), operator: *, right: (1.0, 1.0), result: 0.0})
now error: 0.0
Block processing time: 0.03202 seconds
Computing Block 363 out of 441
Processing Block size=21
begin cleaner{left: ("[FunctionalDependency:(s: {flight}, t: {act_dep_time})]", 0.0), operator: *, right: (1.0, 1.0), result: 0.0}
列 'p' 不存在，对列 act_dep_time 不过滤，直接选择所有非无效值。
clean_bool length:2
newest best op: Uniop(df,'act_dep_time','09:14 AM',(['flight'], {('CO-1193-EWR-MCO',)}),{left: ("[FunctionalDependency:(s: {flight}, t: {act_dep_time})]", 0.0), operator: *, right: (1.0, 1.0), result: 0.0})
now error: 0.0
Block processing time: 0.029185 seconds
Computing Block 364 out of 441
Processing Block size=15
begin cleaner{left: ("[FunctionalDependency:(s: {flight}, t: {act_dep_time})]", 0.0), operator: *, right: (1.0, 1.0), result: 0.0}
列 'p' 不存在，对列 act_dep_time 不过滤，直接选择所有非无效值。
clean_bool length:2
newest best op: Uniop(df,'act_dep_time','07:39 AM',(['flight'], {('AA-2525-DFW-MIA',)}),{left: ("[FunctionalDependency:(s: {flight}, t: {act_dep_time})]", 0.0), operator: *, right: (1.0, 1.0), result: 0.0})
now error: 0.0
Block processing time: 0.021213 seconds
Computing Block 365 out of 441
Processing Block size=14
begin cleaner{left: ("[FunctionalDependency:(s: {flight}, t: {act_dep_time})]", 0.0), operator: *, right: (1.0, 1.0), result: 0.0}
列 'p' 不存在，对列 act_dep_time 不过滤，直接选择所有非无效值。
clean_bool length:2
newest best op: Uniop(df,'act_dep_time','11:55 AM',(['flight'], {('UA-3099-PHX-PHL',)}),{left: ("[FunctionalDependency:(s: {flight}, t: {act_dep_time})]", 0.0), operator: *, right: (1.0, 1.0), result: 0.0})
now error: 0.0
Block processing time: 0.019886 seconds
Computing Block 367 out of 441
Processing Block size=18
begin cleaner{left: ("[FunctionalDependency:(s: {flight}, t: {act_dep_time})]", 0.0), operator: *, right: (1.0, 1.0), result: 0.0}
列 'p' 不存在，对列 act_dep_time 不过滤，直接选择所有非无效值。
clean_bool length:3
newest best op: Uniop(df,'act_dep_time','12:11 PM',(['flight'], {('AA-3-JFK-LAX',)}),{left: ("[FunctionalDependency:(s: {flight}, t: {act_dep_time})]", 0.0), operator: *, right: (1.0, 1.0), result: 0.0})
now error: 0.0
Block processing time: 0.038388 seconds
Computing Block 370 out of 441
Processing Block size=20
begin cleaner{left: ("[FunctionalDependency:(s: {flight}, t: {act_dep_time})]", 0.0), operator: *, right: (1.0, 1.0), result: 0.0}
列 'p' 不存在，对列 act_dep_time 不过滤，直接选择所有非无效值。
clean_bool length:2
newest best op: Uniop(df,'act_dep_time','07:58 PM',(['flight'], {('AA-1733-ORD-PHX',)}),{left: ("[FunctionalDependency:(s: {flight}, t: {act_dep_time})]", 0.0), operator: *, right: (1.0, 1.0), result: 0.0})
now error: 0.0
Block processing time: 0.028075 seconds
Computing Block 375 out of 441
Processing Block size=13
begin cleaner{left: ("[FunctionalDependency:(s: {flight}, t: {act_dep_time})]", 0.0), operator: *, right: (1.0, 1.0), result: 0.0}
列 'p' 不存在，对列 act_dep_time 不过滤，直接选择所有非无效值。
clean_bool length:2
newest best op: Uniop(df,'act_dep_time','06:02 AM',(['flight'], {('CO-89-IAH-EWR',)}),{left: ("[FunctionalDependency:(s: {flight}, t: {act_dep_time})]", 0.0), operator: *, right: (1.0, 1.0), result: 0.0})
now error: 0.0
Block processing time: 0.018322 seconds
Computing Block 380 out of 441
Processing Block size=18
begin cleaner{left: ("[FunctionalDependency:(s: {flight}, t: {act_dep_time})]", 0.0), operator: *, right: (1.0, 1.0), result: 0.0}
列 'p' 不存在，对列 act_dep_time 不过滤，直接选择所有非无效值。
clean_bool length:2
newest best op: Uniop(df,'act_dep_time','04:25 PM',(['flight'], {('UA-233-LAX-JFK',)}),{left: ("[FunctionalDependency:(s: {flight}, t: {act_dep_time})]", 0.0), operator: *, right: (1.0, 1.0), result: 0.0})
now error: 0.0
Block processing time: 0.025215 seconds
Computing Block 382 out of 441
Processing Block size=15
begin cleaner{left: ("[FunctionalDependency:(s: {flight}, t: {act_dep_time})]", 0.0), operator: *, right: (1.0, 1.0), result: 0.0}
列 'p' 不存在，对列 act_dep_time 不过滤，直接选择所有非无效值。
clean_bool length:2
newest best op: Uniop(df,'act_dep_time','06:08 AM',(['flight'], {('AA-466-IAH-MIA',)}),{left: ("[FunctionalDependency:(s: {flight}, t: {act_dep_time})]", 0.0), operator: *, right: (1.0, 1.0), result: 0.0})
now error: 0.0
Block processing time: 0.021307 seconds
Computing Block 385 out of 441
Processing Block size=24
begin cleaner{left: ("[FunctionalDependency:(s: {flight}, t: {act_dep_time})]", 0.0), operator: *, right: (1.0, 1.0), result: 0.0}
列 'p' 不存在，对列 act_dep_time 不过滤，直接选择所有非无效值。
clean_bool length:2
newest best op: Uniop(df,'act_dep_time','07:16 AM',(['flight'], {('AA-3859-IAH-ORD',)}),{left: ("[FunctionalDependency:(s: {flight}, t: {act_dep_time})]", 0.0), operator: *, right: (1.0, 1.0), result: 0.0})
now error: 0.0
Block processing time: 0.033447 seconds
Computing Block 387 out of 441
Processing Block size=19
begin cleaner{left: ("[FunctionalDependency:(s: {flight}, t: {act_dep_time})]", 0.0), operator: *, right: (1.0, 1.0), result: 0.0}
列 'p' 不存在，对列 act_dep_time 不过滤，直接选择所有非无效值。
clean_bool length:2
newest best op: Uniop(df,'act_dep_time','03:36 PM',(['flight'], {('AA-4330-CVG-ORD',)}),{left: ("[FunctionalDependency:(s: {flight}, t: {act_dep_time})]", 0.0), operator: *, right: (1.0, 1.0), result: 0.0})
now error: 0.0
Block processing time: 0.027099 seconds
Computing Block 399 out of 441
Processing Block size=11
begin cleaner{left: ("[FunctionalDependency:(s: {flight}, t: {act_dep_time})]", 0.0), operator: *, right: (1.0, 1.0), result: 0.0}
列 'p' 不存在，对列 act_dep_time 不过滤，直接选择所有非无效值。
clean_bool length:2
newest best op: Uniop(df,'act_dep_time','10:19 AM',(['flight'], {('CO-1090-BOS-IAH',)}),{left: ("[FunctionalDependency:(s: {flight}, t: {act_dep_time})]", 0.0), operator: *, right: (1.0, 1.0), result: 0.0})
now error: 0.0
Block processing time: 0.015741 seconds
Computing Block 400 out of 441
Processing Block size=19
begin cleaner{left: ("[FunctionalDependency:(s: {flight}, t: {act_dep_time})]", 0.0), operator: *, right: (1.0, 1.0), result: 0.0}
列 'p' 不存在，对列 act_dep_time 不过滤，直接选择所有非无效值。
clean_bool length:2
newest best op: Uniop(df,'act_dep_time','04:29 PM',(['flight'], {('AA-484-DFW-MIA',)}),{left: ("[FunctionalDependency:(s: {flight}, t: {act_dep_time})]", 0.0), operator: *, right: (1.0, 1.0), result: 0.0})
now error: 0.0
Block processing time: 0.029122 seconds
Computing Block 402 out of 441
Processing Block size=17
begin cleaner{left: ("[FunctionalDependency:(s: {flight}, t: {act_dep_time})]", 0.0), operator: *, right: (1.0, 1.0), result: 0.0}
列 'p' 不存在，对列 act_dep_time 不过滤，直接选择所有非无效值。
clean_bool length:2
newest best op: Uniop(df,'act_dep_time','08:25 PM',(['flight'], {('CO-47-IAH-LAX',)}),{left: ("[FunctionalDependency:(s: {flight}, t: {act_dep_time})]", 0.0), operator: *, right: (1.0, 1.0), result: 0.0})
now error: 0.0
Block processing time: 0.062596 seconds
Computing Block 403 out of 441
Processing Block size=14
begin cleaner{left: ("[FunctionalDependency:(s: {flight}, t: {act_dep_time})]", 0.0), operator: *, right: (1.0, 1.0), result: 0.0}
列 'p' 不存在，对列 act_dep_time 不过滤，直接选择所有非无效值。
clean_bool length:2
newest best op: Uniop(df,'act_dep_time','10:55 AM',(['flight'], {('AA-1886-BOS-MIA',)}),{left: ("[FunctionalDependency:(s: {flight}, t: {act_dep_time})]", 0.0), operator: *, right: (1.0, 1.0), result: 0.0})
now error: 0.0
Block processing time: 0.023501 seconds
Computing Block 407 out of 441
Processing Block size=16
begin cleaner{left: ("[FunctionalDependency:(s: {flight}, t: {act_dep_time})]", 0.0), operator: *, right: (1.0, 1.0), result: 0.0}
列 'p' 不存在，对列 act_dep_time 不过滤，直接选择所有非无效值。
clean_bool length:2
newest best op: Uniop(df,'act_dep_time','07:14 PM',(['flight'], {('CO-1586-IAH-MCO',)}),{left: ("[FunctionalDependency:(s: {flight}, t: {act_dep_time})]", 0.0), operator: *, right: (1.0, 1.0), result: 0.0})
now error: 0.0
Block processing time: 0.02482 seconds
Computing Block 409 out of 441
Processing Block size=16
begin cleaner{left: ("[FunctionalDependency:(s: {flight}, t: {act_dep_time})]", 0.0), operator: *, right: (1.0, 1.0), result: 0.0}
列 'p' 不存在，对列 act_dep_time 不过滤，直接选择所有非无效值。
clean_bool length:2
newest best op: Uniop(df,'act_dep_time','08:42 AM',(['flight'], {('UA-3925-IAD-ORF',)}),{left: ("[FunctionalDependency:(s: {flight}, t: {act_dep_time})]", 0.0), operator: *, right: (1.0, 1.0), result: 0.0})
now error: 0.0
Block processing time: 0.024384 seconds
Computing Block 411 out of 441
Processing Block size=16
begin cleaner{left: ("[FunctionalDependency:(s: {flight}, t: {act_dep_time})]", 0.0), operator: *, right: (1.0, 1.0), result: 0.0}
列 'p' 不存在，对列 act_dep_time 不过滤，直接选择所有非无效值。
clean_bool length:2
newest best op: Uniop(df,'act_dep_time','02:10 PM',(['flight'], {('UA-843-LAX-ORD',)}),{left: ("[FunctionalDependency:(s: {flight}, t: {act_dep_time})]", 0.0), operator: *, right: (1.0, 1.0), result: 0.0})
now error: 0.0
Block processing time: 0.024585 seconds
Computing Block 412 out of 441
Processing Block size=12
begin cleaner{left: ("[FunctionalDependency:(s: {flight}, t: {act_dep_time})]", 0.0), operator: *, right: (1.0, 1.0), result: 0.0}
列 'p' 不存在，对列 act_dep_time 不过滤，直接选择所有非无效值。
clean_bool length:2
newest best op: Uniop(df,'act_dep_time','07:29 AM',(['flight'], {('CO-52-IAH-LAX',)}),{left: ("[FunctionalDependency:(s: {flight}, t: {act_dep_time})]", 0.0), operator: *, right: (1.0, 1.0), result: 0.0})
now error: 0.0
Block processing time: 0.018699 seconds
Computing Block 413 out of 441
Processing Block size=13
begin cleaner{left: ("[FunctionalDependency:(s: {flight}, t: {act_dep_time})]", 0.0), operator: *, right: (1.0, 1.0), result: 0.0}
列 'p' 不存在，对列 act_dep_time 不过滤，直接选择所有非无效值。
clean_bool length:2
newest best op: Uniop(df,'act_dep_time','02:55 PM',(['flight'], {('UA-2708-EWR-CLT',)}),{left: ("[FunctionalDependency:(s: {flight}, t: {act_dep_time})]", 0.0), operator: *, right: (1.0, 1.0), result: 0.0})
now error: 0.0
Block processing time: 0.019958 seconds
Computing Block 414 out of 441
Processing Block size=17
begin cleaner{left: ("[FunctionalDependency:(s: {flight}, t: {act_dep_time})]", 0.0), operator: *, right: (1.0, 1.0), result: 0.0}
列 'p' 不存在，对列 act_dep_time 不过滤，直接选择所有非无效值。
clean_bool length:2
newest best op: Uniop(df,'act_dep_time','07:05 AM',(['flight'], {('UA-2515-DFW-CLT',)}),{left: ("[FunctionalDependency:(s: {flight}, t: {act_dep_time})]", 0.0), operator: *, right: (1.0, 1.0), result: 0.0})
now error: 0.0
Block processing time: 0.026122 seconds
Computing Block 416 out of 441
Processing Block size=14
begin cleaner{left: ("[FunctionalDependency:(s: {flight}, t: {act_dep_time})]", 0.0), operator: *, right: (1.0, 1.0), result: 0.0}
列 'p' 不存在，对列 act_dep_time 不过滤，直接选择所有非无效值。
clean_bool length:2
newest best op: Uniop(df,'act_dep_time','08:00 AM',(['flight'], {('CO-1561-PHX-IAH',)}),{left: ("[FunctionalDependency:(s: {flight}, t: {act_dep_time})]", 0.0), operator: *, right: (1.0, 1.0), result: 0.0})
now error: 0.0
Block processing time: 0.021375 seconds
Computing Block 417 out of 441
Processing Block size=15
begin cleaner{left: ("[FunctionalDependency:(s: {flight}, t: {act_dep_time})]", 0.0), operator: *, right: (1.0, 1.0), result: 0.0}
列 'p' 不存在，对列 act_dep_time 不过滤，直接选择所有非无效值。
clean_bool length:2
newest best op: Uniop(df,'act_dep_time','11:32 AM',(['flight'], {('CO-58-DEN-IAH',)}),{left: ("[FunctionalDependency:(s: {flight}, t: {act_dep_time})]", 0.0), operator: *, right: (1.0, 1.0), result: 0.0})
now error: 0.0
Block processing time: 0.022843 seconds
Computing Block 420 out of 441
Processing Block size=14
begin cleaner{left: ("[FunctionalDependency:(s: {flight}, t: {act_dep_time})]", 0.0), operator: *, right: (1.0, 1.0), result: 0.0}
列 'p' 不存在，对列 act_dep_time 不过滤，直接选择所有非无效值。
clean_bool length:2
WARNING:root:No partitioning rule specified, processing might be slow
newest best op: Uniop(df,'act_dep_time','07:27 AM',(['flight'], {('UA-6273-YYC-SFO',)}),{left: ("[FunctionalDependency:(s: {flight}, t: {act_dep_time})]", 0.0), operator: *, right: (1.0, 1.0), result: 0.0})
now error: 0.0
Block processing time: 0.021336 seconds
Computing Block 427 out of 441
Processing Block size=17
begin cleaner{left: ("[FunctionalDependency:(s: {flight}, t: {act_dep_time})]", 0.0), operator: *, right: (1.0, 1.0), result: 0.0}
列 'p' 不存在，对列 act_dep_time 不过滤，直接选择所有非无效值。
clean_bool length:2
newest best op: Uniop(df,'act_dep_time','11:30 AM',(['flight'], {('UA-3050-PHX-CLT',)}),{left: ("[FunctionalDependency:(s: {flight}, t: {act_dep_time})]", 0.0), operator: *, right: (1.0, 1.0), result: 0.0})
now error: 0.0
Block processing time: 0.023983 seconds
Computing Block 430 out of 441
Processing Block size=20
begin cleaner{left: ("[FunctionalDependency:(s: {flight}, t: {act_dep_time})]", 0.0), operator: *, right: (1.0, 1.0), result: 0.0}
列 'p' 不存在，对列 act_dep_time 不过滤，直接选择所有非无效值。
clean_bool length:2
newest best op: Uniop(df,'act_dep_time','12:12 PM',(['flight'], {('AA-446-DFW-PHL',)}),{left: ("[FunctionalDependency:(s: {flight}, t: {act_dep_time})]", 0.0), operator: *, right: (1.0, 1.0), result: 0.0})
now error: 0.0
Block processing time: 0.028339 seconds
Computing Block 431 out of 441
Processing Block size=21
begin cleaner{left: ("[FunctionalDependency:(s: {flight}, t: {act_dep_time})]", 0.0), operator: *, right: (1.0, 1.0), result: 0.0}
列 'p' 不存在，对列 act_dep_time 不过滤，直接选择所有非无效值。
clean_bool length:2
newest best op: Uniop(df,'act_dep_time','08:04 AM',(['flight'], {('AA-3979-CVG-ORD',)}),{left: ("[FunctionalDependency:(s: {flight}, t: {act_dep_time})]", 0.0), operator: *, right: (1.0, 1.0), result: 0.0})
now error: 0.0
Block processing time: 0.03003 seconds
Computing Block 433 out of 441
Processing Block size=12
begin cleaner{left: ("[FunctionalDependency:(s: {flight}, t: {act_dep_time})]", 0.0), operator: *, right: (1.0, 1.0), result: 0.0}
列 'p' 不存在，对列 act_dep_time 不过滤，直接选择所有非无效值。
clean_bool length:2
newest best op: Uniop(df,'act_dep_time','11:40 AM',(['flight'], {('AA-1544-SAN-ORD',)}),{left: ("[FunctionalDependency:(s: {flight}, t: {act_dep_time})]", 0.0), operator: *, right: (1.0, 1.0), result: 0.0})
now error: 0.0
Block processing time: 0.017197 seconds
Computing Block 435 out of 441
Processing Block size=16
begin cleaner{left: ("[FunctionalDependency:(s: {flight}, t: {act_dep_time})]", 0.0), operator: *, right: (1.0, 1.0), result: 0.0}
列 'p' 不存在，对列 act_dep_time 不过滤，直接选择所有非无效值。
clean_bool length:3
newest best op: Uniop(df,'act_dep_time','11:56 AM',(['flight'], {('CO-1023-IAH-DEN',)}),{left: ("[FunctionalDependency:(s: {flight}, t: {act_dep_time})]", 0.0), operator: *, right: (1.0, 1.0), result: 0.0})
now error: 0.0
Block processing time: 0.034111 seconds
  当前节点: act_dep_time 有 98 个清洗操作
  当前节点: sched_arr_time 存在可用清洗信号
数据块大小: 2376
分块属性:
[['flight']]
Starting initial block mapping...
Initial number of blocks: 441
Final number of blocks after further splitting: 441
Computing Block 2 out of 441
Processing Block size=15
begin cleaner[FunctionalDependency:(s: {'flight'}, t: {'sched_arr_time'})]*1.0
列 'p' 不存在，对列 sched_arr_time 不过滤，直接选择所有非无效值。
clean_bool length:2
newest best op: Uniop(df,'sched_arr_time','02:59 PM',(['flight'], {('AA-400-DFW-JFK',)}),{left: ("[FunctionalDependency:(s: {flight}, t: {sched_arr_time})]", 0.0), operator: *, right: (1.0, 1.0), result: 0.0})
now error: 0.0
Block processing time: 0.021515 seconds
Computing Block 4 out of 441
Processing Block size=19
begin cleaner{left: ("[FunctionalDependency:(s: {flight}, t: {sched_arr_time})]", 0.0), operator: *, right: (1.0, 1.0), result: 0.0}
列 'p' 不存在，对列 sched_arr_time 不过滤，直接选择所有非无效值。
clean_bool length:2
newest best op: Uniop(df,'sched_arr_time','01:40 PM',(['flight'], {('UA-2704-DTW-PHX',)}),{left: ("[FunctionalDependency:(s: {flight}, t: {sched_arr_time})]", 0.0), operator: *, right: (1.0, 1.0), result: 0.0})
now error: 0.0
Block processing time: 0.026769 seconds
Computing Block 9 out of 441
Processing Block size=16
begin cleaner{left: ("[FunctionalDependency:(s: {flight}, t: {sched_arr_time})]", 0.0), operator: *, right: (1.0, 1.0), result: 0.0}
列 'p' 不存在，对列 sched_arr_time 不过滤，直接选择所有非无效值。
clean_bool length:2
newest best op: Uniop(df,'sched_arr_time','01:39 PM',(['flight'], {('UA-854-SFO-IAH',)}),{left: ("[FunctionalDependency:(s: {flight}, t: {sched_arr_time})]", 0.0), operator: *, right: (1.0, 1.0), result: 0.0})
now error: 0.0
Block processing time: 0.02265 seconds
Computing Block 17 out of 441
Processing Block size=15
begin cleaner{left: ("[FunctionalDependency:(s: {flight}, t: {sched_arr_time})]", 0.0), operator: *, right: (1.0, 1.0), result: 0.0}
列 'p' 不存在，对列 sched_arr_time 不过滤，直接选择所有非无效值。
clean_bool length:2
newest best op: Uniop(df,'sched_arr_time','09:25 AM',(['flight'], {('AA-518-MIA-JFK',)}),{left: ("[FunctionalDependency:(s: {flight}, t: {sched_arr_time})]", 0.0), operator: *, right: (1.0, 1.0), result: 0.0})
now error: 0.0
Block processing time: 0.021223 seconds
Computing Block 19 out of 441
Processing Block size=20
begin cleaner{left: ("[FunctionalDependency:(s: {flight}, t: {sched_arr_time})]", 0.0), operator: *, right: (1.0, 1.0), result: 0.0}
列 'p' 不存在，对列 sched_arr_time 不过滤，直接选择所有非无效值。
clean_bool length:2
newest best op: Uniop(df,'sched_arr_time','02:35 PM',(['flight'], {('AA-1279-DFW-PHX',)}),{left: ("[FunctionalDependency:(s: {flight}, t: {sched_arr_time})]", 0.0), operator: *, right: (1.0, 1.0), result: 0.0})
now error: 0.0
Block processing time: 0.028049 seconds
Computing Block 22 out of 441
Processing Block size=12
begin cleaner{left: ("[FunctionalDependency:(s: {flight}, t: {sched_arr_time})]", 0.0), operator: *, right: (1.0, 1.0), result: 0.0}
列 'p' 不存在，对列 sched_arr_time 不过滤，直接选择所有非无效值。
Block processing time: 0.009 seconds
Computing Block 28 out of 441
Processing Block size=15
begin cleaner{left: ("[FunctionalDependency:(s: {flight}, t: {sched_arr_time})]", 0.0), operator: *, right: (1.0, 1.0), result: 0.0}
列 'p' 不存在，对列 sched_arr_time 不过滤，直接选择所有非无效值。
clean_bool length:3
newest best op: Uniop(df,'sched_arr_time','12:35 PM',(['flight'], {('AA-616-DFW-DTW',)}),{left: ("[FunctionalDependency:(s: {flight}, t: {sched_arr_time})]", 0.0), operator: *, right: (1.0, 1.0), result: 0.0})
now error: 0.0
Block processing time: 0.032041 seconds
Computing Block 33 out of 441
Processing Block size=15
begin cleaner{left: ("[FunctionalDependency:(s: {flight}, t: {sched_arr_time})]", 0.0), operator: *, right: (1.0, 1.0), result: 0.0}
列 'p' 不存在，对列 sched_arr_time 不过滤，直接选择所有非无效值。
clean_bool length:2
newest best op: Uniop(df,'sched_arr_time','05:35 AM',(['flight'], {('CO-1614-LAX-IAH',)}),{left: ("[FunctionalDependency:(s: {flight}, t: {sched_arr_time})]", 0.0), operator: *, right: (1.0, 1.0), result: 0.0})
now error: 0.0
Block processing time: 0.02112 seconds
Computing Block 38 out of 441
Processing Block size=20
begin cleaner{left: ("[FunctionalDependency:(s: {flight}, t: {sched_arr_time})]", 0.0), operator: *, right: (1.0, 1.0), result: 0.0}
列 'p' 不存在，对列 sched_arr_time 不过滤，直接选择所有非无效值。
clean_bool length:2
newest best op: Uniop(df,'sched_arr_time','05:50 AM',(['flight'], {('AA-1522-SFO-ORD',)}),{left: ("[FunctionalDependency:(s: {flight}, t: {sched_arr_time})]", 0.0), operator: *, right: (1.0, 1.0), result: 0.0})
now error: 0.0
Block processing time: 0.028266 seconds
Computing Block 43 out of 441
Processing Block size=20
begin cleaner{left: ("[FunctionalDependency:(s: {flight}, t: {sched_arr_time})]", 0.0), operator: *, right: (1.0, 1.0), result: 0.0}
列 'p' 不存在，对列 sched_arr_time 不过滤，直接选择所有非无效值。
clean_bool length:3
newest best op: Uniop(df,'sched_arr_time','12:15 PM',(['flight'], {('AA-3823-LAX-DEN',)}),{left: ("[FunctionalDependency:(s: {flight}, t: {sched_arr_time})]", 0.0), operator: *, right: (1.0, 1.0), result: 0.0})
now error: 0.0
newest best op: Uniop(df,'sched_arr_time','12:15 AM',(['flight'], {('AA-3823-LAX-DEN',)}),{left: ("[FunctionalDependency:(s: {flight}, t: {sched_arr_time})]", 0.0), operator: *, right: (1.0, 1.0), result: 0.0})
now error: 0.0
Block processing time: 0.054016 seconds
Computing Block 55 out of 441
Processing Block size=19
begin cleaner{left: ("[FunctionalDependency:(s: {flight}, t: {sched_arr_time})]", 0.0), operator: *, right: (1.0, 1.0), result: 0.0}
列 'p' 不存在，对列 sched_arr_time 不过滤，直接选择所有非无效值。
clean_bool length:2
newest best op: Uniop(df,'sched_arr_time','04:48 PM',(['flight'], {('CO-1250-MIA-IAH',)}),{left: ("[FunctionalDependency:(s: {flight}, t: {sched_arr_time})]", 0.0), operator: *, right: (1.0, 1.0), result: 0.0})
now error: 0.0
Block processing time: 0.033051 seconds
Computing Block 58 out of 441
Processing Block size=21
begin cleaner{left: ("[FunctionalDependency:(s: {flight}, t: {sched_arr_time})]", 0.0), operator: *, right: (1.0, 1.0), result: 0.0}
列 'p' 不存在，对列 sched_arr_time 不过滤，直接选择所有非无效值。
clean_bool length:2
newest best op: Uniop(df,'sched_arr_time','09:45 PM',(['flight'], {('AA-1221-MCO-ORD',)}),{left: ("[FunctionalDependency:(s: {flight}, t: {sched_arr_time})]", 0.0), operator: *, right: (1.0, 1.0), result: 0.0})
now error: 0.0
Block processing time: 0.032234 seconds
Computing Block 64 out of 441
Processing Block size=22
begin cleaner{left: ("[FunctionalDependency:(s: {flight}, t: {sched_arr_time})]", 0.0), operator: *, right: (1.0, 1.0), result: 0.0}
列 'p' 不存在，对列 sched_arr_time 不过滤，直接选择所有非无效值。
clean_bool length:2
newest best op: Uniop(df,'sched_arr_time','06:15 PM',(['flight'], {('UA-257-JFK-SFO',)}),{left: ("[FunctionalDependency:(s: {flight}, t: {sched_arr_time})]", 0.0), operator: *, right: (1.0, 1.0), result: 0.0})
now error: 0.0
Block processing time: 0.034544 seconds
Computing Block 75 out of 441
Processing Block size=19
begin cleaner{left: ("[FunctionalDependency:(s: {flight}, t: {sched_arr_time})]", 0.0), operator: *, right: (1.0, 1.0), result: 0.0}
列 'p' 不存在，对列 sched_arr_time 不过滤，直接选择所有非无效值。
clean_bool length:2
newest best op: Uniop(df,'sched_arr_time','02:45 PM',(['flight'], {('AA-2050-ORD-MIA',)}),{left: ("[FunctionalDependency:(s: {flight}, t: {sched_arr_time})]", 0.0), operator: *, right: (1.0, 1.0), result: 0.0})
now error: 0.0
Block processing time: 0.028937 seconds
Computing Block 78 out of 441
Processing Block size=18
begin cleaner{left: ("[FunctionalDependency:(s: {flight}, t: {sched_arr_time})]", 0.0), operator: *, right: (1.0, 1.0), result: 0.0}
列 'p' 不存在，对列 sched_arr_time 不过滤，直接选择所有非无效值。
clean_bool length:2
newest best op: Uniop(df,'sched_arr_time','10:35 AM',(['flight'], {('AA-1434-DFW-MCO',)}),{left: ("[FunctionalDependency:(s: {flight}, t: {sched_arr_time})]", 0.0), operator: *, right: (1.0, 1.0), result: 0.0})
now error: 0.0
Block processing time: 0.027658 seconds
Computing Block 82 out of 441
Processing Block size=15
begin cleaner{left: ("[FunctionalDependency:(s: {flight}, t: {sched_arr_time})]", 0.0), operator: *, right: (1.0, 1.0), result: 0.0}
列 'p' 不存在，对列 sched_arr_time 不过滤，直接选择所有非无效值。
clean_bool length:2
newest best op: Uniop(df,'sched_arr_time','09:35 AM',(['flight'], {('AA-643-MIA-ORD',)}),{left: ("[FunctionalDependency:(s: {flight}, t: {sched_arr_time})]", 0.0), operator: *, right: (1.0, 1.0), result: 0.0})
now error: 0.0
Block processing time: 0.023365 seconds
Computing Block 88 out of 441
Processing Block size=20
begin cleaner{left: ("[FunctionalDependency:(s: {flight}, t: {sched_arr_time})]", 0.0), operator: *, right: (1.0, 1.0), result: 0.0}
列 'p' 不存在，对列 sched_arr_time 不过滤，直接选择所有非无效值。
clean_bool length:2
newest best op: Uniop(df,'sched_arr_time','01:45 PM',(['flight'], {('UA-2945-PHL-CLT',)}),{left: ("[FunctionalDependency:(s: {flight}, t: {sched_arr_time})]", 0.0), operator: *, right: (1.0, 1.0), result: 0.0})
now error: 0.0
Block processing time: 0.031372 seconds
Computing Block 93 out of 441
Processing Block size=13
begin cleaner{left: ("[FunctionalDependency:(s: {flight}, t: {sched_arr_time})]", 0.0), operator: *, right: (1.0, 1.0), result: 0.0}
列 'p' 不存在，对列 sched_arr_time 不过滤，直接选择所有非无效值。
clean_bool length:2
newest best op: Uniop(df,'sched_arr_time','10:40 AM',(['flight'], {('AA-415-BOS-ORD',)}),{left: ("[FunctionalDependency:(s: {flight}, t: {sched_arr_time})]", 0.0), operator: *, right: (1.0, 1.0), result: 0.0})
now error: 0.0
Block processing time: 0.020038 seconds
Computing Block 96 out of 441
Processing Block size=15
begin cleaner{left: ("[FunctionalDependency:(s: {flight}, t: {sched_arr_time})]", 0.0), operator: *, right: (1.0, 1.0), result: 0.0}
列 'p' 不存在，对列 sched_arr_time 不过滤，直接选择所有非无效值。
clean_bool length:2
newest best op: Uniop(df,'sched_arr_time','06:46 PM',(['flight'], {('UA-2726-FLL-PHL',)}),{left: ("[FunctionalDependency:(s: {flight}, t: {sched_arr_time})]", 0.0), operator: *, right: (1.0, 1.0), result: 0.0})
now error: 0.0
Block processing time: 0.02281 seconds
Computing Block 110 out of 441
Processing Block size=21
begin cleaner{left: ("[FunctionalDependency:(s: {flight}, t: {sched_arr_time})]", 0.0), operator: *, right: (1.0, 1.0), result: 0.0}
列 'p' 不存在，对列 sched_arr_time 不过滤，直接选择所有非无效值。
clean_bool length:2
newest best op: Uniop(df,'sched_arr_time','02:45 PM',(['flight'], {('AA-3756-ORD-SLC',)}),{left: ("[FunctionalDependency:(s: {flight}, t: {sched_arr_time})]", 0.0), operator: *, right: (1.0, 1.0), result: 0.0})
now error: 0.0
Block processing time: 0.031886 seconds
Computing Block 114 out of 441
Processing Block size=17
begin cleaner{left: ("[FunctionalDependency:(s: {flight}, t: {sched_arr_time})]", 0.0), operator: *, right: (1.0, 1.0), result: 0.0}
列 'p' 不存在，对列 sched_arr_time 不过滤，直接选择所有非无效值。
clean_bool length:3
newest best op: Uniop(df,'sched_arr_time','11:05 AM',(['flight'], {('AA-2957-DFW-CVG',)}),{left: ("[FunctionalDependency:(s: {flight}, t: {sched_arr_time})]", 0.0), operator: *, right: (1.0, 1.0), result: 0.0})
now error: 0.0
Block processing time: 0.038535 seconds
Computing Block 116 out of 441
Processing Block size=16
begin cleaner{left: ("[FunctionalDependency:(s: {flight}, t: {sched_arr_time})]", 0.0), operator: *, right: (1.0, 1.0), result: 0.0}
列 'p' 不存在，对列 sched_arr_time 不过滤，直接选择所有非无效值。
clean_bool length:2
newest best op: Uniop(df,'sched_arr_time','08:22 PM',(['flight'], {('CO-63-EWR-IAH',)}),{left: ("[FunctionalDependency:(s: {flight}, t: {sched_arr_time})]", 0.0), operator: *, right: (1.0, 1.0), result: 0.0})
now error: 0.0
Block processing time: 0.023917 seconds
Computing Block 119 out of 441
Processing Block size=15
begin cleaner{left: ("[FunctionalDependency:(s: {flight}, t: {sched_arr_time})]", 0.0), operator: *, right: (1.0, 1.0), result: 0.0}
列 'p' 不存在，对列 sched_arr_time 不过滤，直接选择所有非无效值。
clean_bool length:2
newest best op: Uniop(df,'sched_arr_time','11:53 AM',(['flight'], {('UA-37-EDI-EWR',)}),{left: ("[FunctionalDependency:(s: {flight}, t: {sched_arr_time})]", 0.0), operator: *, right: (1.0, 1.0), result: 0.0})
now error: 0.0
Block processing time: 0.022317 seconds
Computing Block 126 out of 441
Processing Block size=17
begin cleaner{left: ("[FunctionalDependency:(s: {flight}, t: {sched_arr_time})]", 0.0), operator: *, right: (1.0, 1.0), result: 0.0}
列 'p' 不存在，对列 sched_arr_time 不过滤，直接选择所有非无效值。
clean_bool length:2
newest best op: Uniop(df,'sched_arr_time','10:54 AM',(['flight'], {('CO-1088-CLE-IAH',)}),{left: ("[FunctionalDependency:(s: {flight}, t: {sched_arr_time})]", 0.0), operator: *, right: (1.0, 1.0), result: 0.0})
now error: 0.0
Block processing time: 0.025302 seconds
Computing Block 131 out of 441
Processing Block size=18
begin cleaner{left: ("[FunctionalDependency:(s: {flight}, t: {sched_arr_time})]", 0.0), operator: *, right: (1.0, 1.0), result: 0.0}
列 'p' 不存在，对列 sched_arr_time 不过滤，直接选择所有非无效值。
clean_bool length:2
newest best op: Uniop(df,'sched_arr_time','03:19 PM',(['flight'], {('UA-382-IAD-LAX',)}),{left: ("[FunctionalDependency:(s: {flight}, t: {sched_arr_time})]", 0.0), operator: *, right: (1.0, 1.0), result: 0.0})
now error: 0.0
Block processing time: 0.026789 seconds
Computing Block 132 out of 441
Processing Block size=17
begin cleaner{left: ("[FunctionalDependency:(s: {flight}, t: {sched_arr_time})]", 0.0), operator: *, right: (1.0, 1.0), result: 0.0}
列 'p' 不存在，对列 sched_arr_time 不过滤，直接选择所有非无效值。
clean_bool length:2
newest best op: Uniop(df,'sched_arr_time','06:55 AM',(['flight'], {('AA-204-LAX-MCO',)}),{left: ("[FunctionalDependency:(s: {flight}, t: {sched_arr_time})]", 0.0), operator: *, right: (1.0, 1.0), result: 0.0})
now error: 0.0
Block processing time: 0.026753 seconds
Computing Block 133 out of 441
Processing Block size=18
begin cleaner{left: ("[FunctionalDependency:(s: {flight}, t: {sched_arr_time})]", 0.0), operator: *, right: (1.0, 1.0), result: 0.0}
列 'p' 不存在，对列 sched_arr_time 不过滤，直接选择所有非无效值。
clean_bool length:2
newest best op: Uniop(df,'sched_arr_time','11:55 AM',(['flight'], {('UA-397-JFK-SFO',)}),{left: ("[FunctionalDependency:(s: {flight}, t: {sched_arr_time})]", 0.0), operator: *, right: (1.0, 1.0), result: 0.0})
now error: 0.0
Block processing time: 0.027481 seconds
Computing Block 135 out of 441
Processing Block size=22
begin cleaner{left: ("[FunctionalDependency:(s: {flight}, t: {sched_arr_time})]", 0.0), operator: *, right: (1.0, 1.0), result: 0.0}
列 'p' 不存在，对列 sched_arr_time 不过滤，直接选择所有非无效值。
clean_bool length:2
newest best op: Uniop(df,'sched_arr_time','05:55 PM',(['flight'], {('AA-1917-JFK-MCO',)}),{left: ("[FunctionalDependency:(s: {flight}, t: {sched_arr_time})]", 0.0), operator: *, right: (1.0, 1.0), result: 0.0})
now error: 0.0
Block processing time: 0.032775 seconds
Computing Block 138 out of 441
Processing Block size=21
begin cleaner{left: ("[FunctionalDependency:(s: {flight}, t: {sched_arr_time})]", 0.0), operator: *, right: (1.0, 1.0), result: 0.0}
列 'p' 不存在，对列 sched_arr_time 不过滤，直接选择所有非无效值。
clean_bool length:3
newest best op: Uniop(df,'sched_arr_time','11:35 AM',(['flight'], {('AA-2268-PHX-ORD',)}),{left: ("[FunctionalDependency:(s: {flight}, t: {sched_arr_time})]", 0.0), operator: *, right: (1.0, 1.0), result: 0.0})
now error: 0.0
Block processing time: 0.047199 seconds
Computing Block 139 out of 441
Processing Block size=10
begin cleaner{left: ("[FunctionalDependency:(s: {flight}, t: {sched_arr_time})]", 0.0), operator: *, right: (1.0, 1.0), result: 0.0}
列 'p' 不存在，对列 sched_arr_time 不过滤，直接选择所有非无效值。
clean_bool length:2
newest best op: Uniop(df,'sched_arr_time','05:15 PM',(['flight'], {('UA-248-PHX-ORD',)}),{left: ("[FunctionalDependency:(s: {flight}, t: {sched_arr_time})]", 0.0), operator: *, right: (1.0, 1.0), result: 0.0})
now error: 0.0
Block processing time: 0.015502 seconds
Computing Block 143 out of 441
Processing Block size=14
begin cleaner{left: ("[FunctionalDependency:(s: {flight}, t: {sched_arr_time})]", 0.0), operator: *, right: (1.0, 1.0), result: 0.0}
列 'p' 不存在，对列 sched_arr_time 不过滤，直接选择所有非无效值。
clean_bool length:2
newest best op: Uniop(df,'sched_arr_time','05:00 PM',(['flight'], {('UA-2314-ATL-PHL',)}),{left: ("[FunctionalDependency:(s: {flight}, t: {sched_arr_time})]", 0.0), operator: *, right: (1.0, 1.0), result: 0.0})
now error: 0.0
Block processing time: 0.020963 seconds
Computing Block 148 out of 441
Processing Block size=15
begin cleaner{left: ("[FunctionalDependency:(s: {flight}, t: {sched_arr_time})]", 0.0), operator: *, right: (1.0, 1.0), result: 0.0}
列 'p' 不存在，对列 sched_arr_time 不过滤，直接选择所有非无效值。
clean_bool length:2
newest best op: Uniop(df,'sched_arr_time','06:40 PM',(['flight'], {('CO-4888-IAH-DAL',)}),{left: ("[FunctionalDependency:(s: {flight}, t: {sched_arr_time})]", 0.0), operator: *, right: (1.0, 1.0), result: 0.0})
now error: 0.0
Block processing time: 0.022534 seconds
Computing Block 165 out of 441
Processing Block size=16
begin cleaner{left: ("[FunctionalDependency:(s: {flight}, t: {sched_arr_time})]", 0.0), operator: *, right: (1.0, 1.0), result: 0.0}
列 'p' 不存在，对列 sched_arr_time 不过滤，直接选择所有非无效值。
clean_bool length:2
newest best op: Uniop(df,'sched_arr_time','12:10 PM',(['flight'], {('AA-1664-MIA-ATL',)}),{left: ("[FunctionalDependency:(s: {flight}, t: {sched_arr_time})]", 0.0), operator: *, right: (1.0, 1.0), result: 0.0})
now error: 0.0
Block processing time: 0.023968 seconds
Computing Block 170 out of 441
Processing Block size=14
begin cleaner{left: ("[FunctionalDependency:(s: {flight}, t: {sched_arr_time})]", 0.0), operator: *, right: (1.0, 1.0), result: 0.0}
列 'p' 不存在，对列 sched_arr_time 不过滤，直接选择所有非无效值。
clean_bool length:2
newest best op: Uniop(df,'sched_arr_time','11:45 AM',(['flight'], {('UA-1500-IAH-GUA',)}),{left: ("[FunctionalDependency:(s: {flight}, t: {sched_arr_time})]", 0.0), operator: *, right: (1.0, 1.0), result: 0.0})
now error: 0.0
Block processing time: 0.020955 seconds
Computing Block 174 out of 441
Processing Block size=18
begin cleaner{left: ("[FunctionalDependency:(s: {flight}, t: {sched_arr_time})]", 0.0), operator: *, right: (1.0, 1.0), result: 0.0}
列 'p' 不存在，对列 sched_arr_time 不过滤，直接选择所有非无效值。
clean_bool length:3
newest best op: Uniop(df,'sched_arr_time','02:55 PM',(['flight'], {('AA-4198-ORD-CLE',)}),{left: ("[FunctionalDependency:(s: {flight}, t: {sched_arr_time})]", 0.0), operator: *, right: (1.0, 1.0), result: 0.0})
now error: 0.0
newest best op: Uniop(df,'sched_arr_time','12:55 PM',(['flight'], {('AA-4198-ORD-CLE',)}),{left: ("[FunctionalDependency:(s: {flight}, t: {sched_arr_time})]", 0.0), operator: *, right: (1.0, 1.0), result: 0.0})
now error: 0.0
Block processing time: 0.04071 seconds
Computing Block 185 out of 441
Processing Block size=19
begin cleaner{left: ("[FunctionalDependency:(s: {flight}, t: {sched_arr_time})]", 0.0), operator: *, right: (1.0, 1.0), result: 0.0}
列 'p' 不存在，对列 sched_arr_time 不过滤，直接选择所有非无效值。
clean_bool length:2
newest best op: Uniop(df,'sched_arr_time','04:05 PM',(['flight'], {('AA-3804-PHL-ORD',)}),{left: ("[FunctionalDependency:(s: {flight}, t: {sched_arr_time})]", 0.0), operator: *, right: (1.0, 1.0), result: 0.0})
now error: 0.0
Block processing time: 0.028215 seconds
Computing Block 187 out of 441
Processing Block size=2
begin cleaner{left: ("[FunctionalDependency:(s: {flight}, t: {sched_arr_time})]", 0.0), operator: *, right: (1.0, 1.0), result: 0.0}
列 'p' 不存在，对列 sched_arr_time 不过滤，直接选择所有非无效值。
clean_bool length:2
newest best op: Uniop(df,'sched_arr_time','07:30 AM',(['flight'], {('AA-384??2-MSP-ORD',)}),{left: ("[FunctionalDependency:(s: {flight}, t: {sched_arr_time})]", 0.0), operator: *, right: (1.0, 1.0), result: 0.0})
now error: 0.0
Block processing time: 0.003696 seconds
Computing Block 192 out of 441
Processing Block size=15
begin cleaner{left: ("[FunctionalDependency:(s: {flight}, t: {sched_arr_time})]", 0.0), operator: *, right: (1.0, 1.0), result: 0.0}
列 'p' 不存在，对列 sched_arr_time 不过滤，直接选择所有非无效值。
clean_bool length:2
newest best op: Uniop(df,'sched_arr_time','07:03 PM',(['flight'], {('CO-62-IAH-EWR',)}),{left: ("[FunctionalDependency:(s: {flight}, t: {sched_arr_time})]", 0.0), operator: *, right: (1.0, 1.0), result: 0.0})
now error: 0.0
Block processing time: 0.022631 seconds
Computing Block 193 out of 441
Processing Block size=16
begin cleaner{left: ("[FunctionalDependency:(s: {flight}, t: {sched_arr_time})]", 0.0), operator: *, right: (1.0, 1.0), result: 0.0}
列 'p' 不存在，对列 sched_arr_time 不过滤，直接选择所有非无效值。
clean_bool length:2
newest best op: Uniop(df,'sched_arr_time','03:30 PM',(['flight'], {('AA-222-LAX-BOS',)}),{left: ("[FunctionalDependency:(s: {flight}, t: {sched_arr_time})]", 0.0), operator: *, right: (1.0, 1.0), result: 0.0})
now error: 0.0
Block processing time: 0.024077 seconds
Computing Block 194 out of 441
Processing Block size=20
begin cleaner{left: ("[FunctionalDependency:(s: {flight}, t: {sched_arr_time})]", 0.0), operator: *, right: (1.0, 1.0), result: 0.0}
列 'p' 不存在，对列 sched_arr_time 不过滤，直接选择所有非无效值。
clean_bool length:2
newest best op: Uniop(df,'sched_arr_time','04:31 PM',(['flight'], {('UA-664-ORD-PHL',)}),{left: ("[FunctionalDependency:(s: {flight}, t: {sched_arr_time})]", 0.0), operator: *, right: (1.0, 1.0), result: 0.0})
now error: 0.0
Block processing time: 0.02996 seconds
Computing Block 198 out of 441
Processing Block size=15
begin cleaner{left: ("[FunctionalDependency:(s: {flight}, t: {sched_arr_time})]", 0.0), operator: *, right: (1.0, 1.0), result: 0.0}
列 'p' 不存在，对列 sched_arr_time 不过滤，直接选择所有非无效值。
clean_bool length:2
newest best op: Uniop(df,'sched_arr_time','10:34 AM',(['flight'], {('AA-1165-JFK-MIA',)}),{left: ("[FunctionalDependency:(s: {flight}, t: {sched_arr_time})]", 0.0), operator: *, right: (1.0, 1.0), result: 0.0})
now error: 0.0
Block processing time: 0.022704 seconds
Computing Block 199 out of 441
Processing Block size=16
begin cleaner{left: ("[FunctionalDependency:(s: {flight}, t: {sched_arr_time})]", 0.0), operator: *, right: (1.0, 1.0), result: 0.0}
列 'p' 不存在，对列 sched_arr_time 不过滤，直接选择所有非无效值。
clean_bool length:2
newest best op: Uniop(df,'sched_arr_time','07:30 AM',(['flight'], {('AA-3842-MSP-ORD',)}),{left: ("[FunctionalDependency:(s: {flight}, t: {sched_arr_time})]", 0.0), operator: *, right: (1.0, 1.0), result: 0.0})
now error: 0.0
Block processing time: 0.024208 seconds
Computing Block 202 out of 441
Processing Block size=16
begin cleaner{left: ("[FunctionalDependency:(s: {flight}, t: {sched_arr_time})]", 0.0), operator: *, right: (1.0, 1.0), result: 0.0}
列 'p' 不存在，对列 sched_arr_time 不过滤，直接选择所有非无效值。
clean_bool length:2
newest best op: Uniop(df,'sched_arr_time','07:23 AM',(['flight'], {('UA-414-LAX-SFO',)}),{left: ("[FunctionalDependency:(s: {flight}, t: {sched_arr_time})]", 0.0), operator: *, right: (1.0, 1.0), result: 0.0})
now error: 0.0
Block processing time: 0.024132 seconds
Computing Block 207 out of 441
Processing Block size=2
begin cleaner{left: ("[FunctionalDependency:(s: {flight}, t: {sched_arr_time})]", 0.0), operator: *, right: (1.0, 1.0), result: 0.0}
列 'p' 不存在，对列 sched_arr_time 不过滤，直接选择所有非无效值。
Block processing time: 0.001641 seconds
Computing Block 218 out of 441
Processing Block size=14
begin cleaner{left: ("[FunctionalDependency:(s: {flight}, t: {sched_arr_time})]", 0.0), operator: *, right: (1.0, 1.0), result: 0.0}
列 'p' 不存在，对列 sched_arr_time 不过滤，直接选择所有非无效值。
clean_bool length:2
newest best op: Uniop(df,'sched_arr_time','03:50 PM',(['flight'], {('AA-649-ORD-SNA',)}),{left: ("[FunctionalDependency:(s: {flight}, t: {sched_arr_time})]", 0.0), operator: *, right: (1.0, 1.0), result: 0.0})
now error: 0.0
Block processing time: 0.021309 seconds
Computing Block 230 out of 441
Processing Block size=21
begin cleaner{left: ("[FunctionalDependency:(s: {flight}, t: {sched_arr_time})]", 0.0), operator: *, right: (1.0, 1.0), result: 0.0}
列 'p' 不存在，对列 sched_arr_time 不过滤，直接选择所有非无效值。
clean_bool length:2
newest best op: Uniop(df,'sched_arr_time','07:25 PM',(['flight'], {('AA-1640-MIA-MCO',)}),{left: ("[FunctionalDependency:(s: {flight}, t: {sched_arr_time})]", 0.0), operator: *, right: (1.0, 1.0), result: 0.0})
now error: 0.0
Block processing time: 0.031287 seconds
Computing Block 233 out of 441
Processing Block size=16
begin cleaner{left: ("[FunctionalDependency:(s: {flight}, t: {sched_arr_time})]", 0.0), operator: *, right: (1.0, 1.0), result: 0.0}
列 'p' 不存在，对列 sched_arr_time 不过滤，直接选择所有非无效值。
clean_bool length:2
newest best op: Uniop(df,'sched_arr_time','02:25 PM',(['flight'], {('AA-271-MIA-LAX',)}),{left: ("[FunctionalDependency:(s: {flight}, t: {sched_arr_time})]", 0.0), operator: *, right: (1.0, 1.0), result: 0.0})
now error: 0.0
Block processing time: 0.023277 seconds
Computing Block 235 out of 441
Processing Block size=15
begin cleaner{left: ("[FunctionalDependency:(s: {flight}, t: {sched_arr_time})]", 0.0), operator: *, right: (1.0, 1.0), result: 0.0}
列 'p' 不存在，对列 sched_arr_time 不过滤，直接选择所有非无效值。
clean_bool length:2
newest best op: Uniop(df,'sched_arr_time','10:06 AM',(['flight'], {('UA-3515-IAD-MSP',)}),{left: ("[FunctionalDependency:(s: {flight}, t: {sched_arr_time})]", 0.0), operator: *, right: (1.0, 1.0), result: 0.0})
now error: 0.0
Block processing time: 0.021529 seconds
Computing Block 236 out of 441
Processing Block size=18
begin cleaner{left: ("[FunctionalDependency:(s: {flight}, t: {sched_arr_time})]", 0.0), operator: *, right: (1.0, 1.0), result: 0.0}
列 'p' 不存在，对列 sched_arr_time 不过滤，直接选择所有非无效值。
clean_bool length:2
newest best op: Uniop(df,'sched_arr_time','09:55 AM',(['flight'], {('AA-3468-CVG-MIA',)}),{left: ("[FunctionalDependency:(s: {flight}, t: {sched_arr_time})]", 0.0), operator: *, right: (1.0, 1.0), result: 0.0})
now error: 0.0
Block processing time: 0.026014 seconds
Computing Block 246 out of 441
Processing Block size=18
begin cleaner{left: ("[FunctionalDependency:(s: {flight}, t: {sched_arr_time})]", 0.0), operator: *, right: (1.0, 1.0), result: 0.0}
列 'p' 不存在，对列 sched_arr_time 不过滤，直接选择所有非无效值。
clean_bool length:2
newest best op: Uniop(df,'sched_arr_time','09:10 PM',(['flight'], {('AA-4307-ORD-DTW',)}),{left: ("[FunctionalDependency:(s: {flight}, t: {sched_arr_time})]", 0.0), operator: *, right: (1.0, 1.0), result: 0.0})
now error: 0.0
Block processing time: 0.025805 seconds
Computing Block 249 out of 441
Processing Block size=17
begin cleaner{left: ("[FunctionalDependency:(s: {flight}, t: {sched_arr_time})]", 0.0), operator: *, right: (1.0, 1.0), result: 0.0}
列 'p' 不存在，对列 sched_arr_time 不过滤，直接选择所有非无效值。
clean_bool length:2
newest best op: Uniop(df,'sched_arr_time','09:20 PM',(['flight'], {('AA-3063-SLC-LAX',)}),{left: ("[FunctionalDependency:(s: {flight}, t: {sched_arr_time})]", 0.0), operator: *, right: (1.0, 1.0), result: 0.0})
now error: 0.0
Block processing time: 0.02441 seconds
Computing Block 254 out of 441
Processing Block size=17
begin cleaner{left: ("[FunctionalDependency:(s: {flight}, t: {sched_arr_time})]", 0.0), operator: *, right: (1.0, 1.0), result: 0.0}
列 'p' 不存在，对列 sched_arr_time 不过滤，直接选择所有非无效值。
clean_bool length:2
newest best op: Uniop(df,'sched_arr_time','07:45 AM',(['flight'], {('AA-404-MIA-MCO',)}),{left: ("[FunctionalDependency:(s: {flight}, t: {sched_arr_time})]", 0.0), operator: *, right: (1.0, 1.0), result: 0.0})
now error: 0.0
Block processing time: 0.024404 seconds
Computing Block 255 out of 441
Processing Block size=17
begin cleaner{left: ("[FunctionalDependency:(s: {flight}, t: {sched_arr_time})]", 0.0), operator: *, right: (1.0, 1.0), result: 0.0}
列 'p' 不存在，对列 sched_arr_time 不过滤，直接选择所有非无效值。
clean_bool length:2
newest best op: Uniop(df,'sched_arr_time','04:49 PM',(['flight'], {('CO-50-CLE-EWR',)}),{left: ("[FunctionalDependency:(s: {flight}, t: {sched_arr_time})]", 0.0), operator: *, right: (1.0, 1.0), result: 0.0})
now error: 0.0
Block processing time: 0.024421 seconds
Computing Block 256 out of 441
Processing Block size=15
begin cleaner{left: ("[FunctionalDependency:(s: {flight}, t: {sched_arr_time})]", 0.0), operator: *, right: (1.0, 1.0), result: 0.0}
列 'p' 不存在，对列 sched_arr_time 不过滤，直接选择所有非无效值。
clean_bool length:2
newest best op: Uniop(df,'sched_arr_time','07:03 PM',(['flight'], {('UA-62-IAH-EWR',)}),{left: ("[FunctionalDependency:(s: {flight}, t: {sched_arr_time})]", 0.0), operator: *, right: (1.0, 1.0), result: 0.0})
now error: 0.0
Block processing time: 0.02159 seconds
Computing Block 264 out of 441
Processing Block size=14
begin cleaner{left: ("[FunctionalDependency:(s: {flight}, t: {sched_arr_time})]", 0.0), operator: *, right: (1.0, 1.0), result: 0.0}
列 'p' 不存在，对列 sched_arr_time 不过滤，直接选择所有非无效值。
clean_bool length:2
newest best op: Uniop(df,'sched_arr_time','09:24 AM',(['flight'], {('UA-3373-IAD-PHL',)}),{left: ("[FunctionalDependency:(s: {flight}, t: {sched_arr_time})]", 0.0), operator: *, right: (1.0, 1.0), result: 0.0})
now error: 0.0
Block processing time: 0.020268 seconds
Computing Block 269 out of 441
Processing Block size=11
begin cleaner{left: ("[FunctionalDependency:(s: {flight}, t: {sched_arr_time})]", 0.0), operator: *, right: (1.0, 1.0), result: 0.0}
列 'p' 不存在，对列 sched_arr_time 不过滤，直接选择所有非无效值。
clean_bool length:2
newest best op: Uniop(df,'sched_arr_time','08:05 PM',(['flight'], {('AA-1007-MIA-PHX',)}),{left: ("[FunctionalDependency:(s: {flight}, t: {sched_arr_time})]", 0.0), operator: *, right: (1.0, 1.0), result: 0.0})
now error: 0.0
Block processing time: 0.016117 seconds
Computing Block 270 out of 441
Processing Block size=16
begin cleaner{left: ("[FunctionalDependency:(s: {flight}, t: {sched_arr_time})]", 0.0), operator: *, right: (1.0, 1.0), result: 0.0}
列 'p' 不存在，对列 sched_arr_time 不过滤，直接选择所有非无效值。
clean_bool length:2
newest best op: Uniop(df,'sched_arr_time','10:45 AM',(['flight'], {('AA-59-JFK-SFO',)}),{left: ("[FunctionalDependency:(s: {flight}, t: {sched_arr_time})]", 0.0), operator: *, right: (1.0, 1.0), result: 0.0})
now error: 0.0
Block processing time: 0.023238 seconds
Computing Block 273 out of 441
Processing Block size=19
begin cleaner{left: ("[FunctionalDependency:(s: {flight}, t: {sched_arr_time})]", 0.0), operator: *, right: (1.0, 1.0), result: 0.0}
列 'p' 不存在，对列 sched_arr_time 不过滤，直接选择所有非无效值。
clean_bool length:2
newest best op: Uniop(df,'sched_arr_time','06:30 PM',(['flight'], {('AA-85-JFK-SFO',)}),{left: ("[FunctionalDependency:(s: {flight}, t: {sched_arr_time})]", 0.0), operator: *, right: (1.0, 1.0), result: 0.0})
now error: 0.0
Block processing time: 0.027559 seconds
Computing Block 276 out of 441
Processing Block size=19
begin cleaner{left: ("[FunctionalDependency:(s: {flight}, t: {sched_arr_time})]", 0.0), operator: *, right: (1.0, 1.0), result: 0.0}
列 'p' 不存在，对列 sched_arr_time 不过滤，直接选择所有非无效值。
clean_bool length:3
newest best op: Uniop(df,'sched_arr_time','11:50 PM',(['flight'], {('AA-2312-DFW-DTW',)}),{left: ("[FunctionalDependency:(s: {flight}, t: {sched_arr_time})]", 0.0), operator: *, right: (1.0, 1.0), result: 0.0})
now error: 0.0
Block processing time: 0.041521 seconds
Computing Block 290 out of 441
Processing Block size=16
begin cleaner{left: ("[FunctionalDependency:(s: {flight}, t: {sched_arr_time})]", 0.0), operator: *, right: (1.0, 1.0), result: 0.0}
列 'p' 不存在，对列 sched_arr_time 不过滤，直接选择所有非无效值。
clean_bool length:2
newest best op: Uniop(df,'sched_arr_time','07:05 PM',(['flight'], {('CO-45-EWR-MIA',)}),{left: ("[FunctionalDependency:(s: {flight}, t: {sched_arr_time})]", 0.0), operator: *, right: (1.0, 1.0), result: 0.0})
now error: 0.0
Block processing time: 0.022988 seconds
Computing Block 295 out of 441
Processing Block size=17
begin cleaner{left: ("[FunctionalDependency:(s: {flight}, t: {sched_arr_time})]", 0.0), operator: *, right: (1.0, 1.0), result: 0.0}
列 'p' 不存在，对列 sched_arr_time 不过滤，直接选择所有非无效值。
clean_bool length:2
newest best op: Uniop(df,'sched_arr_time','07:35 PM',(['flight'], {('UA-938-DEN-ORD',)}),{left: ("[FunctionalDependency:(s: {flight}, t: {sched_arr_time})]", 0.0), operator: *, right: (1.0, 1.0), result: 0.0})
now error: 0.0
Block processing time: 0.024858 seconds
Computing Block 298 out of 441
Processing Block size=18
begin cleaner{left: ("[FunctionalDependency:(s: {flight}, t: {sched_arr_time})]", 0.0), operator: *, right: (1.0, 1.0), result: 0.0}
列 'p' 不存在，对列 sched_arr_time 不过滤，直接选择所有非无效值。
clean_bool length:2
newest best op: Uniop(df,'sched_arr_time','02:00 PM',(['flight'], {('AA-4344-ORD-DTW',)}),{left: ("[FunctionalDependency:(s: {flight}, t: {sched_arr_time})]", 0.0), operator: *, right: (1.0, 1.0), result: 0.0})
now error: 0.0
Block processing time: 0.026062 seconds
Computing Block 306 out of 441
Processing Block size=20
begin cleaner{left: ("[FunctionalDependency:(s: {flight}, t: {sched_arr_time})]", 0.0), operator: *, right: (1.0, 1.0), result: 0.0}
列 'p' 不存在，对列 sched_arr_time 不过滤，直接选择所有非无效值。
clean_bool length:2
newest best op: Uniop(df,'sched_arr_time','06:40 AM',(['flight'], {('AA-3809-PHX-LAX',)}),{left: ("[FunctionalDependency:(s: {flight}, t: {sched_arr_time})]", 0.0), operator: *, right: (1.0, 1.0), result: 0.0})
now error: 0.0
Block processing time: 0.029075 seconds
Computing Block 313 out of 441
Processing Block size=20
begin cleaner{left: ("[FunctionalDependency:(s: {flight}, t: {sched_arr_time})]", 0.0), operator: *, right: (1.0, 1.0), result: 0.0}
列 'p' 不存在，对列 sched_arr_time 不过滤，直接选择所有非无效值。
clean_bool length:2
newest best op: Uniop(df,'sched_arr_time','02:15 PM',(['flight'], {('AA-4277-CVG-JFK',)}),{left: ("[FunctionalDependency:(s: {flight}, t: {sched_arr_time})]", 0.0), operator: *, right: (1.0, 1.0), result: 0.0})
now error: 0.0
Block processing time: 0.028707 seconds
Computing Block 317 out of 441
Processing Block size=22
begin cleaner{left: ("[FunctionalDependency:(s: {flight}, t: {sched_arr_time})]", 0.0), operator: *, right: (1.0, 1.0), result: 0.0}
列 'p' 不存在，对列 sched_arr_time 不过滤，直接选择所有非无效值。
clean_bool length:2
newest best op: Uniop(df,'sched_arr_time','11:50 AM',(['flight'], {('AA-431-MIA-SFO',)}),{left: ("[FunctionalDependency:(s: {flight}, t: {sched_arr_time})]", 0.0), operator: *, right: (1.0, 1.0), result: 0.0})
now error: 0.0
Block processing time: 0.032249 seconds
Computing Block 320 out of 441
Processing Block size=15
begin cleaner{left: ("[FunctionalDependency:(s: {flight}, t: {sched_arr_time})]", 0.0), operator: *, right: (1.0, 1.0), result: 0.0}
列 'p' 不存在，对列 sched_arr_time 不过滤，直接选择所有非无效值。
clean_bool length:2
newest best op: Uniop(df,'sched_arr_time','05:11 AM',(['flight'], {('UA-828-SFO-ORD',)}),{left: ("[FunctionalDependency:(s: {flight}, t: {sched_arr_time})]", 0.0), operator: *, right: (1.0, 1.0), result: 0.0})
now error: 0.0
Block processing time: 0.022095 seconds
Computing Block 321 out of 441
Processing Block size=21
begin cleaner{left: ("[FunctionalDependency:(s: {flight}, t: {sched_arr_time})]", 0.0), operator: *, right: (1.0, 1.0), result: 0.0}
列 'p' 不存在，对列 sched_arr_time 不过滤，直接选择所有非无效值。
clean_bool length:4
newest best op: Uniop(df,'sched_arr_time','12:21 AM',(['flight'], {('CO-1694-LAX-IAH',)}),{left: ("[FunctionalDependency:(s: {flight}, t: {sched_arr_time})]", 0.0), operator: *, right: (1.0, 1.0), result: 0.0})
now error: 0.0
Block processing time: 0.06161 seconds
Computing Block 325 out of 441
Processing Block size=13
begin cleaner{left: ("[FunctionalDependency:(s: {flight}, t: {sched_arr_time})]", 0.0), operator: *, right: (1.0, 1.0), result: 0.0}
列 'p' 不存在，对列 sched_arr_time 不过滤，直接选择所有非无效值。
clean_bool length:2
newest best op: Uniop(df,'sched_arr_time','08:27 AM',(['flight'], {('UA-858-PVG-SFO',)}),{left: ("[FunctionalDependency:(s: {flight}, t: {sched_arr_time})]", 0.0), operator: *, right: (1.0, 1.0), result: 0.0})
now error: 0.0
Block processing time: 0.018941 seconds
Computing Block 327 out of 441
Processing Block size=23
begin cleaner{left: ("[FunctionalDependency:(s: {flight}, t: {sched_arr_time})]", 0.0), operator: *, right: (1.0, 1.0), result: 0.0}
列 'p' 不存在，对列 sched_arr_time 不过滤，直接选择所有非无效值。
clean_bool length:2
newest best op: Uniop(df,'sched_arr_time','02:35 PM',(['flight'], {('AA-789-ORD-DEN',)}),{left: ("[FunctionalDependency:(s: {flight}, t: {sched_arr_time})]", 0.0), operator: *, right: (1.0, 1.0), result: 0.0})
now error: 0.0
Block processing time: 0.033474 seconds
Computing Block 337 out of 441
Processing Block size=11
begin cleaner{left: ("[FunctionalDependency:(s: {flight}, t: {sched_arr_time})]", 0.0), operator: *, right: (1.0, 1.0), result: 0.0}
列 'p' 不存在，对列 sched_arr_time 不过滤，直接选择所有非无效值。
clean_bool length:2
newest best op: Uniop(df,'sched_arr_time','05:05 PM',(['flight'], {('UA-2830-MCO-CLT',)}),{left: ("[FunctionalDependency:(s: {flight}, t: {sched_arr_time})]", 0.0), operator: *, right: (1.0, 1.0), result: 0.0})
now error: 0.0
Block processing time: 0.017226 seconds
Computing Block 346 out of 441
Processing Block size=11
begin cleaner{left: ("[FunctionalDependency:(s: {flight}, t: {sched_arr_time})]", 0.0), operator: *, right: (1.0, 1.0), result: 0.0}
列 'p' 不存在，对列 sched_arr_time 不过滤，直接选择所有非无效值。
clean_bool length:2
newest best op: Uniop(df,'sched_arr_time','06:44 PM',(['flight'], {('CO-16-LAX-EWR',)}),{left: ("[FunctionalDependency:(s: {flight}, t: {sched_arr_time})]", 0.0), operator: *, right: (1.0, 1.0), result: 0.0})
now error: 0.0
Block processing time: 0.016374 seconds
Computing Block 349 out of 441
Processing Block size=13
begin cleaner{left: ("[FunctionalDependency:(s: {flight}, t: {sched_arr_time})]", 0.0), operator: *, right: (1.0, 1.0), result: 0.0}
列 'p' 不存在，对列 sched_arr_time 不过滤，直接选择所有非无效值。
clean_bool length:2
newest best op: Uniop(df,'sched_arr_time','06:23 PM',(['flight'], {('UA-2906-PHL-MCO',)}),{left: ("[FunctionalDependency:(s: {flight}, t: {sched_arr_time})]", 0.0), operator: *, right: (1.0, 1.0), result: 0.0})
now error: 0.0
Block processing time: 0.018994 seconds
Computing Block 354 out of 441
Processing Block size=12
begin cleaner{left: ("[FunctionalDependency:(s: {flight}, t: {sched_arr_time})]", 0.0), operator: *, right: (1.0, 1.0), result: 0.0}
列 'p' 不存在，对列 sched_arr_time 不过滤，直接选择所有非无效值。
clean_bool length:2
newest best op: Uniop(df,'sched_arr_time','04:17 PM',(['flight'], {('UA-37-EWR-MCO',)}),{left: ("[FunctionalDependency:(s: {flight}, t: {sched_arr_time})]", 0.0), operator: *, right: (1.0, 1.0), result: 0.0})
now error: 0.0
Block processing time: 0.017811 seconds
Computing Block 362 out of 441
Processing Block size=23
begin cleaner{left: ("[FunctionalDependency:(s: {flight}, t: {sched_arr_time})]", 0.0), operator: *, right: (1.0, 1.0), result: 0.0}
列 'p' 不存在，对列 sched_arr_time 不过滤，直接选择所有非无效值。
clean_bool length:2
newest best op: Uniop(df,'sched_arr_time','06:40 PM',(['flight'], {('AA-3786-IAH-ORD',)}),{left: ("[FunctionalDependency:(s: {flight}, t: {sched_arr_time})]", 0.0), operator: *, right: (1.0, 1.0), result: 0.0})
now error: 0.0
Block processing time: 0.033002 seconds
Computing Block 363 out of 441
Processing Block size=21
begin cleaner{left: ("[FunctionalDependency:(s: {flight}, t: {sched_arr_time})]", 0.0), operator: *, right: (1.0, 1.0), result: 0.0}
列 'p' 不存在，对列 sched_arr_time 不过滤，直接选择所有非无效值。
clean_bool length:3
newest best op: Uniop(df,'sched_arr_time','02:18 PM',(['flight'], {('CO-1193-EWR-MCO',)}),{left: ("[FunctionalDependency:(s: {flight}, t: {sched_arr_time})]", 0.0), operator: *, right: (1.0, 1.0), result: 0.0})
now error: 0.0
newest best op: Uniop(df,'sched_arr_time','12:18 PM',(['flight'], {('CO-1193-EWR-MCO',)}),{left: ("[FunctionalDependency:(s: {flight}, t: {sched_arr_time})]", 0.0), operator: *, right: (1.0, 1.0), result: 0.0})
now error: 0.0
Block processing time: 0.04465 seconds
Computing Block 364 out of 441
Processing Block size=15
begin cleaner{left: ("[FunctionalDependency:(s: {flight}, t: {sched_arr_time})]", 0.0), operator: *, right: (1.0, 1.0), result: 0.0}
列 'p' 不存在，对列 sched_arr_time 不过滤，直接选择所有非无效值。
clean_bool length:2
newest best op: Uniop(df,'sched_arr_time','11:10 AM',(['flight'], {('AA-2525-DFW-MIA',)}),{left: ("[FunctionalDependency:(s: {flight}, t: {sched_arr_time})]", 0.0), operator: *, right: (1.0, 1.0), result: 0.0})
now error: 0.0
Block processing time: 0.024527 seconds
Computing Block 365 out of 441
Processing Block size=14
begin cleaner{left: ("[FunctionalDependency:(s: {flight}, t: {sched_arr_time})]", 0.0), operator: *, right: (1.0, 1.0), result: 0.0}
列 'p' 不存在，对列 sched_arr_time 不过滤，直接选择所有非无效值。
clean_bool length:2
newest best op: Uniop(df,'sched_arr_time','06:17 PM',(['flight'], {('UA-3099-PHX-PHL',)}),{left: ("[FunctionalDependency:(s: {flight}, t: {sched_arr_time})]", 0.0), operator: *, right: (1.0, 1.0), result: 0.0})
now error: 0.0
Block processing time: 0.023801 seconds
Computing Block 367 out of 441
Processing Block size=18
begin cleaner{left: ("[FunctionalDependency:(s: {flight}, t: {sched_arr_time})]", 0.0), operator: *, right: (1.0, 1.0), result: 0.0}
列 'p' 不存在，对列 sched_arr_time 不过滤，直接选择所有非无效值。
clean_bool length:2
newest best op: Uniop(df,'sched_arr_time','03:15 PM',(['flight'], {('AA-3-JFK-LAX',)}),{left: ("[FunctionalDependency:(s: {flight}, t: {sched_arr_time})]", 0.0), operator: *, right: (1.0, 1.0), result: 0.0})
now error: 0.0
Block processing time: 0.027384 seconds
Computing Block 370 out of 441
Processing Block size=20
begin cleaner{left: ("[FunctionalDependency:(s: {flight}, t: {sched_arr_time})]", 0.0), operator: *, right: (1.0, 1.0), result: 0.0}
列 'p' 不存在，对列 sched_arr_time 不过滤，直接选择所有非无效值。
clean_bool length:3
newest best op: Uniop(df,'sched_arr_time','10:30 PM',(['flight'], {('AA-1733-ORD-PHX',)}),{left: ("[FunctionalDependency:(s: {flight}, t: {sched_arr_time})]", 0.0), operator: *, right: (1.0, 1.0), result: 0.0})
now error: 0.0
Block processing time: 0.044247 seconds
Computing Block 375 out of 441
Processing Block size=13
begin cleaner{left: ("[FunctionalDependency:(s: {flight}, t: {sched_arr_time})]", 0.0), operator: *, right: (1.0, 1.0), result: 0.0}
列 'p' 不存在，对列 sched_arr_time 不过滤，直接选择所有非无效值。
clean_bool length:3
newest best op: Uniop(df,'sched_arr_time','10:20 AM',(['flight'], {('CO-89-IAH-EWR',)}),{left: ("[FunctionalDependency:(s: {flight}, t: {sched_arr_time})]", 0.0), operator: *, right: (1.0, 1.0), result: 0.0})
now error: 0.0
Block processing time: 0.02939 seconds
Computing Block 380 out of 441
Processing Block size=18
begin cleaner{left: ("[FunctionalDependency:(s: {flight}, t: {sched_arr_time})]", 0.0), operator: *, right: (1.0, 1.0), result: 0.0}
列 'p' 不存在，对列 sched_arr_time 不过滤，直接选择所有非无效值。
clean_bool length:4
newest best op: Uniop(df,'sched_arr_time','12:29 AM',(['flight'], {('UA-233-LAX-JFK',)}),{left: ("[FunctionalDependency:(s: {flight}, t: {sched_arr_time})]", 0.0), operator: *, right: (1.0, 1.0), result: 0.0})
now error: 0.0
Block processing time: 0.052819 seconds
Computing Block 382 out of 441
Processing Block size=15
begin cleaner{left: ("[FunctionalDependency:(s: {flight}, t: {sched_arr_time})]", 0.0), operator: *, right: (1.0, 1.0), result: 0.0}
列 'p' 不存在，对列 sched_arr_time 不过滤，直接选择所有非无效值。
clean_bool length:2
newest best op: Uniop(df,'sched_arr_time','09:20 AM',(['flight'], {('AA-466-IAH-MIA',)}),{left: ("[FunctionalDependency:(s: {flight}, t: {sched_arr_time})]", 0.0), operator: *, right: (1.0, 1.0), result: 0.0})
now error: 0.0
Block processing time: 0.021752 seconds
Computing Block 385 out of 441
Processing Block size=24
begin cleaner{left: ("[FunctionalDependency:(s: {flight}, t: {sched_arr_time})]", 0.0), operator: *, right: (1.0, 1.0), result: 0.0}
列 'p' 不存在，对列 sched_arr_time 不过滤，直接选择所有非无效值。
clean_bool length:2
newest best op: Uniop(df,'sched_arr_time','09:40 AM',(['flight'], {('AA-3859-IAH-ORD',)}),{left: ("[FunctionalDependency:(s: {flight}, t: {sched_arr_time})]", 0.0), operator: *, right: (1.0, 1.0), result: 0.0})
now error: 0.0
Block processing time: 0.034259 seconds
Computing Block 387 out of 441
Processing Block size=19
begin cleaner{left: ("[FunctionalDependency:(s: {flight}, t: {sched_arr_time})]", 0.0), operator: *, right: (1.0, 1.0), result: 0.0}
列 'p' 不存在，对列 sched_arr_time 不过滤，直接选择所有非无效值。
clean_bool length:2
newest best op: Uniop(df,'sched_arr_time','04:00 PM',(['flight'], {('AA-4330-CVG-ORD',)}),{left: ("[FunctionalDependency:(s: {flight}, t: {sched_arr_time})]", 0.0), operator: *, right: (1.0, 1.0), result: 0.0})
now error: 0.0
Block processing time: 0.027689 seconds
Computing Block 399 out of 441
Processing Block size=11
begin cleaner{left: ("[FunctionalDependency:(s: {flight}, t: {sched_arr_time})]", 0.0), operator: *, right: (1.0, 1.0), result: 0.0}
列 'p' 不存在，对列 sched_arr_time 不过滤，直接选择所有非无效值。
clean_bool length:2
newest best op: Uniop(df,'sched_arr_time','01:16 PM',(['flight'], {('CO-1090-BOS-IAH',)}),{left: ("[FunctionalDependency:(s: {flight}, t: {sched_arr_time})]", 0.0), operator: *, right: (1.0, 1.0), result: 0.0})
now error: 0.0
Block processing time: 0.016136 seconds
Computing Block 400 out of 441
Processing Block size=19
begin cleaner{left: ("[FunctionalDependency:(s: {flight}, t: {sched_arr_time})]", 0.0), operator: *, right: (1.0, 1.0), result: 0.0}
列 'p' 不存在，对列 sched_arr_time 不过滤，直接选择所有非无效值。
clean_bool length:2
newest best op: Uniop(df,'sched_arr_time','07:55 PM',(['flight'], {('AA-484-DFW-MIA',)}),{left: ("[FunctionalDependency:(s: {flight}, t: {sched_arr_time})]", 0.0), operator: *, right: (1.0, 1.0), result: 0.0})
now error: 0.0
Block processing time: 0.027303 seconds
Computing Block 402 out of 441
Processing Block size=17
begin cleaner{left: ("[FunctionalDependency:(s: {flight}, t: {sched_arr_time})]", 0.0), operator: *, right: (1.0, 1.0), result: 0.0}
列 'p' 不存在，对列 sched_arr_time 不过滤，直接选择所有非无效值。
clean_bool length:2
newest best op: Uniop(df,'sched_arr_time','08:56 PM',(['flight'], {('CO-47-IAH-LAX',)}),{left: ("[FunctionalDependency:(s: {flight}, t: {sched_arr_time})]", 0.0), operator: *, right: (1.0, 1.0), result: 0.0})
now error: 0.0
Block processing time: 0.024777 seconds
Computing Block 403 out of 441
Processing Block size=14
begin cleaner{left: ("[FunctionalDependency:(s: {flight}, t: {sched_arr_time})]", 0.0), operator: *, right: (1.0, 1.0), result: 0.0}
列 'p' 不存在，对列 sched_arr_time 不过滤，直接选择所有非无效值。
clean_bool length:2
newest best op: Uniop(df,'sched_arr_time','02:20 PM',(['flight'], {('AA-1886-BOS-MIA',)}),{left: ("[FunctionalDependency:(s: {flight}, t: {sched_arr_time})]", 0.0), operator: *, right: (1.0, 1.0), result: 0.0})
now error: 0.0
Block processing time: 0.116186 seconds
Computing Block 407 out of 441
Processing Block size=16
begin cleaner{left: ("[FunctionalDependency:(s: {flight}, t: {sched_arr_time})]", 0.0), operator: *, right: (1.0, 1.0), result: 0.0}
列 'p' 不存在，对列 sched_arr_time 不过滤，直接选择所有非无效值。
clean_bool length:3
newest best op: Uniop(df,'sched_arr_time','12:15 AM',(['flight'], {('CO-1586-IAH-MCO',)}),{left: ("[FunctionalDependency:(s: {flight}, t: {sched_arr_time})]", 0.0), operator: *, right: (1.0, 1.0), result: 0.0})
now error: 0.0
newest best op: Uniop(df,'sched_arr_time','10:15 PM',(['flight'], {('CO-1586-IAH-MCO',)}),{left: ("[FunctionalDependency:(s: {flight}, t: {sched_arr_time})]", 0.0), operator: *, right: (1.0, 1.0), result: 0.0})
now error: 0.0
Block processing time: 0.034581 seconds
Computing Block 409 out of 441
Processing Block size=16
begin cleaner{left: ("[FunctionalDependency:(s: {flight}, t: {sched_arr_time})]", 0.0), operator: *, right: (1.0, 1.0), result: 0.0}
列 'p' 不存在，对列 sched_arr_time 不过滤，直接选择所有非无效值。
clean_bool length:2
newest best op: Uniop(df,'sched_arr_time','09:54 AM',(['flight'], {('UA-3925-IAD-ORF',)}),{left: ("[FunctionalDependency:(s: {flight}, t: {sched_arr_time})]", 0.0), operator: *, right: (1.0, 1.0), result: 0.0})
now error: 0.0
Block processing time: 0.022656 seconds
Computing Block 411 out of 441
Processing Block size=16
begin cleaner{left: ("[FunctionalDependency:(s: {flight}, t: {sched_arr_time})]", 0.0), operator: *, right: (1.0, 1.0), result: 0.0}
列 'p' 不存在，对列 sched_arr_time 不过滤，直接选择所有非无效值。
clean_bool length:2
newest best op: Uniop(df,'sched_arr_time','07:53 PM',(['flight'], {('UA-843-LAX-ORD',)}),{left: ("[FunctionalDependency:(s: {flight}, t: {sched_arr_time})]", 0.0), operator: *, right: (1.0, 1.0), result: 0.0})
now error: 0.0
Block processing time: 0.023182 seconds
Computing Block 412 out of 441
Processing Block size=12
begin cleaner{left: ("[FunctionalDependency:(s: {flight}, t: {sched_arr_time})]", 0.0), operator: *, right: (1.0, 1.0), result: 0.0}
列 'p' 不存在，对列 sched_arr_time 不过滤，直接选择所有非无效值。
clean_bool length:2
newest best op: Uniop(df,'sched_arr_time','09:21 AM',(['flight'], {('CO-52-IAH-LAX',)}),{left: ("[FunctionalDependency:(s: {flight}, t: {sched_arr_time})]", 0.0), operator: *, right: (1.0, 1.0), result: 0.0})
now error: 0.0
Block processing time: 0.017041 seconds
Computing Block 413 out of 441
Processing Block size=13
begin cleaner{left: ("[FunctionalDependency:(s: {flight}, t: {sched_arr_time})]", 0.0), operator: *, right: (1.0, 1.0), result: 0.0}
列 'p' 不存在，对列 sched_arr_time 不过滤，直接选择所有非无效值。
clean_bool length:2
newest best op: Uniop(df,'sched_arr_time','04:53 PM',(['flight'], {('UA-2708-EWR-CLT',)}),{left: ("[FunctionalDependency:(s: {flight}, t: {sched_arr_time})]", 0.0), operator: *, right: (1.0, 1.0), result: 0.0})
now error: 0.0
Block processing time: 0.018554 seconds
Computing Block 414 out of 441
Processing Block size=17
begin cleaner{left: ("[FunctionalDependency:(s: {flight}, t: {sched_arr_time})]", 0.0), operator: *, right: (1.0, 1.0), result: 0.0}
列 'p' 不存在，对列 sched_arr_time 不过滤，直接选择所有非无效值。
clean_bool length:3
newest best op: Uniop(df,'sched_arr_time','10:31 AM',(['flight'], {('UA-2515-DFW-CLT',)}),{left: ("[FunctionalDependency:(s: {flight}, t: {sched_arr_time})]", 0.0), operator: *, right: (1.0, 1.0), result: 0.0})
now error: 0.0
Block processing time: 0.036942 seconds
Computing Block 416 out of 441
Processing Block size=14
begin cleaner{left: ("[FunctionalDependency:(s: {flight}, t: {sched_arr_time})]", 0.0), operator: *, right: (1.0, 1.0), result: 0.0}
列 'p' 不存在，对列 sched_arr_time 不过滤，直接选择所有非无效值。
clean_bool length:2
WARNING:root:No partitioning rule specified, processing might be slow
newest best op: Uniop(df,'sched_arr_time','11:35 AM',(['flight'], {('CO-1561-PHX-IAH',)}),{left: ("[FunctionalDependency:(s: {flight}, t: {sched_arr_time})]", 0.0), operator: *, right: (1.0, 1.0), result: 0.0})
now error: 0.0
Block processing time: 0.025087 seconds
Computing Block 417 out of 441
Processing Block size=15
begin cleaner{left: ("[FunctionalDependency:(s: {flight}, t: {sched_arr_time})]", 0.0), operator: *, right: (1.0, 1.0), result: 0.0}
列 'p' 不存在，对列 sched_arr_time 不过滤，直接选择所有非无效值。
clean_bool length:2
newest best op: Uniop(df,'sched_arr_time','02:50 PM',(['flight'], {('CO-58-DEN-IAH',)}),{left: ("[FunctionalDependency:(s: {flight}, t: {sched_arr_time})]", 0.0), operator: *, right: (1.0, 1.0), result: 0.0})
now error: 0.0
Block processing time: 0.03075 seconds
Computing Block 420 out of 441
Processing Block size=14
begin cleaner{left: ("[FunctionalDependency:(s: {flight}, t: {sched_arr_time})]", 0.0), operator: *, right: (1.0, 1.0), result: 0.0}
列 'p' 不存在，对列 sched_arr_time 不过滤，直接选择所有非无效值。
clean_bool length:3
newest best op: Uniop(df,'sched_arr_time','09:43 AM',(['flight'], {('UA-6273-YYC-SFO',)}),{left: ("[FunctionalDependency:(s: {flight}, t: {sched_arr_time})]", 0.0), operator: *, right: (1.0, 1.0), result: 0.0})
now error: 0.0
Block processing time: 0.037926 seconds
Computing Block 427 out of 441
Processing Block size=17
begin cleaner{left: ("[FunctionalDependency:(s: {flight}, t: {sched_arr_time})]", 0.0), operator: *, right: (1.0, 1.0), result: 0.0}
列 'p' 不存在，对列 sched_arr_time 不过滤，直接选择所有非无效值。
clean_bool length:2
newest best op: Uniop(df,'sched_arr_time','04:57 PM',(['flight'], {('UA-3050-PHX-CLT',)}),{left: ("[FunctionalDependency:(s: {flight}, t: {sched_arr_time})]", 0.0), operator: *, right: (1.0, 1.0), result: 0.0})
now error: 0.0
Block processing time: 0.03007 seconds
Computing Block 430 out of 441
Processing Block size=20
begin cleaner{left: ("[FunctionalDependency:(s: {flight}, t: {sched_arr_time})]", 0.0), operator: *, right: (1.0, 1.0), result: 0.0}
列 'p' 不存在，对列 sched_arr_time 不过滤，直接选择所有非无效值。
clean_bool length:2
newest best op: Uniop(df,'sched_arr_time','03:50 PM',(['flight'], {('AA-446-DFW-PHL',)}),{left: ("[FunctionalDependency:(s: {flight}, t: {sched_arr_time})]", 0.0), operator: *, right: (1.0, 1.0), result: 0.0})
now error: 0.0
Block processing time: 0.032292 seconds
Computing Block 431 out of 441
Processing Block size=21
begin cleaner{left: ("[FunctionalDependency:(s: {flight}, t: {sched_arr_time})]", 0.0), operator: *, right: (1.0, 1.0), result: 0.0}
列 'p' 不存在，对列 sched_arr_time 不过滤，直接选择所有非无效值。
clean_bool length:2
newest best op: Uniop(df,'sched_arr_time','08:00 AM',(['flight'], {('AA-3979-CVG-ORD',)}),{left: ("[FunctionalDependency:(s: {flight}, t: {sched_arr_time})]", 0.0), operator: *, right: (1.0, 1.0), result: 0.0})
now error: 0.0
Block processing time: 0.034933 seconds
Computing Block 433 out of 441
Processing Block size=12
begin cleaner{left: ("[FunctionalDependency:(s: {flight}, t: {sched_arr_time})]", 0.0), operator: *, right: (1.0, 1.0), result: 0.0}
列 'p' 不存在，对列 sched_arr_time 不过滤，直接选择所有非无效值。
clean_bool length:2
newest best op: Uniop(df,'sched_arr_time','05:25 PM',(['flight'], {('AA-1544-SAN-ORD',)}),{left: ("[FunctionalDependency:(s: {flight}, t: {sched_arr_time})]", 0.0), operator: *, right: (1.0, 1.0), result: 0.0})
now error: 0.0
Block processing time: 0.019476 seconds
Computing Block 435 out of 441
Processing Block size=16
begin cleaner{left: ("[FunctionalDependency:(s: {flight}, t: {sched_arr_time})]", 0.0), operator: *, right: (1.0, 1.0), result: 0.0}
列 'p' 不存在，对列 sched_arr_time 不过滤，直接选择所有非无效值。
clean_bool length:2
newest best op: Uniop(df,'sched_arr_time','01:17 PM',(['flight'], {('CO-1023-IAH-DEN',)}),{left: ("[FunctionalDependency:(s: {flight}, t: {sched_arr_time})]", 0.0), operator: *, right: (1.0, 1.0), result: 0.0})
now error: 0.0
Block processing time: 0.02375 seconds
  当前节点: sched_arr_time 有 100 个清洗操作
  当前节点: act_arr_time 存在可用清洗信号
数据块大小: 2376
分块属性:
[['flight']]
Starting initial block mapping...
Initial number of blocks: 441
Final number of blocks after further splitting: 441
Computing Block 2 out of 441
Processing Block size=15
begin cleaner[FunctionalDependency:(s: {'flight'}, t: {'act_arr_time'})]*1.0
列 'p' 不存在，对列 act_arr_time 不过滤，直接选择所有非无效值。
clean_bool length:2
newest best op: Uniop(df,'act_arr_time','03:04 PM',(['flight'], {('AA-400-DFW-JFK',)}),{left: ("[FunctionalDependency:(s: {flight}, t: {act_arr_time})]", 0.0), operator: *, right: (1.0, 1.0), result: 0.0})
now error: 0.0
Block processing time: 0.023986 seconds
Computing Block 4 out of 441
Processing Block size=19
begin cleaner{left: ("[FunctionalDependency:(s: {flight}, t: {act_arr_time})]", 0.0), operator: *, right: (1.0, 1.0), result: 0.0}
列 'p' 不存在，对列 act_arr_time 不过滤，直接选择所有非无效值。
clean_bool length:2
newest best op: Uniop(df,'act_arr_time','02:00 PM',(['flight'], {('UA-2704-DTW-PHX',)}),{left: ("[FunctionalDependency:(s: {flight}, t: {act_arr_time})]", 0.0), operator: *, right: (1.0, 1.0), result: 0.0})
now error: 0.0
Block processing time: 0.028775 seconds
Computing Block 9 out of 441
Processing Block size=16
begin cleaner{left: ("[FunctionalDependency:(s: {flight}, t: {act_arr_time})]", 0.0), operator: *, right: (1.0, 1.0), result: 0.0}
列 'p' 不存在，对列 act_arr_time 不过滤，直接选择所有非无效值。
clean_bool length:2
newest best op: Uniop(df,'act_arr_time','01:30 PM',(['flight'], {('UA-854-SFO-IAH',)}),{left: ("[FunctionalDependency:(s: {flight}, t: {act_arr_time})]", 0.0), operator: *, right: (1.0, 1.0), result: 0.0})
now error: 0.0
Block processing time: 0.024399 seconds
Computing Block 17 out of 441
Processing Block size=15
begin cleaner{left: ("[FunctionalDependency:(s: {flight}, t: {act_arr_time})]", 0.0), operator: *, right: (1.0, 1.0), result: 0.0}
列 'p' 不存在，对列 act_arr_time 不过滤，直接选择所有非无效值。
clean_bool length:3
newest best op: Uniop(df,'act_arr_time','09:28 AM',(['flight'], {('AA-518-MIA-JFK',)}),{left: ("[FunctionalDependency:(s: {flight}, t: {act_arr_time})]", 0.0), operator: *, right: (1.0, 1.0), result: 0.0})
now error: 0.0
Block processing time: 0.034505 seconds
Computing Block 19 out of 441
Processing Block size=20
begin cleaner{left: ("[FunctionalDependency:(s: {flight}, t: {act_arr_time})]", 0.0), operator: *, right: (1.0, 1.0), result: 0.0}
列 'p' 不存在，对列 act_arr_time 不过滤，直接选择所有非无效值。
clean_bool length:2
newest best op: Uniop(df,'act_arr_time','03:30 PM',(['flight'], {('AA-1279-DFW-PHX',)}),{left: ("[FunctionalDependency:(s: {flight}, t: {act_arr_time})]", 0.0), operator: *, right: (1.0, 1.0), result: 0.0})
now error: 0.0
Block processing time: 0.029948 seconds
Computing Block 22 out of 441
Processing Block size=12
begin cleaner{left: ("[FunctionalDependency:(s: {flight}, t: {act_arr_time})]", 0.0), operator: *, right: (1.0, 1.0), result: 0.0}
列 'p' 不存在，对列 act_arr_time 不过滤，直接选择所有非无效值。
Block processing time: 0.009056 seconds
Computing Block 28 out of 441
Processing Block size=15
begin cleaner{left: ("[FunctionalDependency:(s: {flight}, t: {act_arr_time})]", 0.0), operator: *, right: (1.0, 1.0), result: 0.0}
列 'p' 不存在，对列 act_arr_time 不过滤，直接选择所有非无效值。
clean_bool length:2
newest best op: Uniop(df,'act_arr_time','01:27 PM',(['flight'], {('AA-616-DFW-DTW',)}),{left: ("[FunctionalDependency:(s: {flight}, t: {act_arr_time})]", 0.0), operator: *, right: (1.0, 1.0), result: 0.0})
now error: 0.0
Block processing time: 0.022658 seconds
Computing Block 33 out of 441
Processing Block size=15
begin cleaner{left: ("[FunctionalDependency:(s: {flight}, t: {act_arr_time})]", 0.0), operator: *, right: (1.0, 1.0), result: 0.0}
列 'p' 不存在，对列 act_arr_time 不过滤，直接选择所有非无效值。
clean_bool length:2
newest best op: Uniop(df,'act_arr_time','05:26 AM',(['flight'], {('CO-1614-LAX-IAH',)}),{left: ("[FunctionalDependency:(s: {flight}, t: {act_arr_time})]", 0.0), operator: *, right: (1.0, 1.0), result: 0.0})
now error: 0.0
Block processing time: 0.022655 seconds
Computing Block 38 out of 441
Processing Block size=20
begin cleaner{left: ("[FunctionalDependency:(s: {flight}, t: {act_arr_time})]", 0.0), operator: *, right: (1.0, 1.0), result: 0.0}
列 'p' 不存在，对列 act_arr_time 不过滤，直接选择所有非无效值。
clean_bool length:2
newest best op: Uniop(df,'act_arr_time','05:50 AM',(['flight'], {('AA-1522-SFO-ORD',)}),{left: ("[FunctionalDependency:(s: {flight}, t: {act_arr_time})]", 0.0), operator: *, right: (1.0, 1.0), result: 0.0})
now error: 0.0
Block processing time: 0.029621 seconds
Computing Block 43 out of 441
Processing Block size=20
begin cleaner{left: ("[FunctionalDependency:(s: {flight}, t: {act_arr_time})]", 0.0), operator: *, right: (1.0, 1.0), result: 0.0}
列 'p' 不存在，对列 act_arr_time 不过滤，直接选择所有非无效值。
clean_bool length:2
newest best op: Uniop(df,'act_arr_time','12:15 AM',(['flight'], {('AA-3823-LAX-DEN',)}),{left: ("[FunctionalDependency:(s: {flight}, t: {act_arr_time})]", 0.0), operator: *, right: (1.0, 1.0), result: 0.0})
now error: 0.0
Block processing time: 0.029913 seconds
Computing Block 55 out of 441
Processing Block size=19
begin cleaner{left: ("[FunctionalDependency:(s: {flight}, t: {act_arr_time})]", 0.0), operator: *, right: (1.0, 1.0), result: 0.0}
列 'p' 不存在，对列 act_arr_time 不过滤，直接选择所有非无效值。
clean_bool length:2
newest best op: Uniop(df,'act_arr_time','04:59 PM',(['flight'], {('CO-1250-MIA-IAH',)}),{left: ("[FunctionalDependency:(s: {flight}, t: {act_arr_time})]", 0.0), operator: *, right: (1.0, 1.0), result: 0.0})
now error: 0.0
Block processing time: 0.028452 seconds
Computing Block 58 out of 441
Processing Block size=21
begin cleaner{left: ("[FunctionalDependency:(s: {flight}, t: {act_arr_time})]", 0.0), operator: *, right: (1.0, 1.0), result: 0.0}
列 'p' 不存在，对列 act_arr_time 不过滤，直接选择所有非无效值。
clean_bool length:2
newest best op: Uniop(df,'act_arr_time','09:53 PM',(['flight'], {('AA-1221-MCO-ORD',)}),{left: ("[FunctionalDependency:(s: {flight}, t: {act_arr_time})]", 0.0), operator: *, right: (1.0, 1.0), result: 0.0})
now error: 0.0
Block processing time: 0.031104 seconds
Computing Block 64 out of 441
Processing Block size=22
begin cleaner{left: ("[FunctionalDependency:(s: {flight}, t: {act_arr_time})]", 0.0), operator: *, right: (1.0, 1.0), result: 0.0}
列 'p' 不存在，对列 act_arr_time 不过滤，直接选择所有非无效值。
clean_bool length:2
newest best op: Uniop(df,'act_arr_time','05:42 PM',(['flight'], {('UA-257-JFK-SFO',)}),{left: ("[FunctionalDependency:(s: {flight}, t: {act_arr_time})]", 0.0), operator: *, right: (1.0, 1.0), result: 0.0})
now error: 0.0
Block processing time: 0.032727 seconds
Computing Block 75 out of 441
Processing Block size=19
begin cleaner{left: ("[FunctionalDependency:(s: {flight}, t: {act_arr_time})]", 0.0), operator: *, right: (1.0, 1.0), result: 0.0}
列 'p' 不存在，对列 act_arr_time 不过滤，直接选择所有非无效值。
clean_bool length:2
newest best op: Uniop(df,'act_arr_time','02:46 PM',(['flight'], {('AA-2050-ORD-MIA',)}),{left: ("[FunctionalDependency:(s: {flight}, t: {act_arr_time})]", 0.0), operator: *, right: (1.0, 1.0), result: 0.0})
now error: 0.0
Block processing time: 0.028261 seconds
Computing Block 78 out of 441
Processing Block size=18
begin cleaner{left: ("[FunctionalDependency:(s: {flight}, t: {act_arr_time})]", 0.0), operator: *, right: (1.0, 1.0), result: 0.0}
列 'p' 不存在，对列 act_arr_time 不过滤，直接选择所有非无效值。
clean_bool length:2
newest best op: Uniop(df,'act_arr_time','10:36 AM',(['flight'], {('AA-1434-DFW-MCO',)}),{left: ("[FunctionalDependency:(s: {flight}, t: {act_arr_time})]", 0.0), operator: *, right: (1.0, 1.0), result: 0.0})
now error: 0.0
Block processing time: 0.026679 seconds
Computing Block 82 out of 441
Processing Block size=15
begin cleaner{left: ("[FunctionalDependency:(s: {flight}, t: {act_arr_time})]", 0.0), operator: *, right: (1.0, 1.0), result: 0.0}
列 'p' 不存在，对列 act_arr_time 不过滤，直接选择所有非无效值。
clean_bool length:2
newest best op: Uniop(df,'act_arr_time','09:31 AM',(['flight'], {('AA-643-MIA-ORD',)}),{left: ("[FunctionalDependency:(s: {flight}, t: {act_arr_time})]", 0.0), operator: *, right: (1.0, 1.0), result: 0.0})
now error: 0.0
Block processing time: 0.022552 seconds
Computing Block 88 out of 441
Processing Block size=20
begin cleaner{left: ("[FunctionalDependency:(s: {flight}, t: {act_arr_time})]", 0.0), operator: *, right: (1.0, 1.0), result: 0.0}
列 'p' 不存在，对列 act_arr_time 不过滤，直接选择所有非无效值。
clean_bool length:2
newest best op: Uniop(df,'act_arr_time','01:15 PM',(['flight'], {('UA-2945-PHL-CLT',)}),{left: ("[FunctionalDependency:(s: {flight}, t: {act_arr_time})]", 0.0), operator: *, right: (1.0, 1.0), result: 0.0})
now error: 0.0
Block processing time: 0.029683 seconds
Computing Block 93 out of 441
Processing Block size=13
begin cleaner{left: ("[FunctionalDependency:(s: {flight}, t: {act_arr_time})]", 0.0), operator: *, right: (1.0, 1.0), result: 0.0}
列 'p' 不存在，对列 act_arr_time 不过滤，直接选择所有非无效值。
clean_bool length:4
newest best op: Uniop(df,'act_arr_time','10:16 AM',(['flight'], {('AA-415-BOS-ORD',)}),{left: ("[FunctionalDependency:(s: {flight}, t: {act_arr_time})]", 0.0), operator: *, right: (1.0, 1.0), result: 0.0})
now error: 0.0
Block processing time: 0.04004 seconds
Computing Block 96 out of 441
Processing Block size=15
begin cleaner{left: ("[FunctionalDependency:(s: {flight}, t: {act_arr_time})]", 0.0), operator: *, right: (1.0, 1.0), result: 0.0}
列 'p' 不存在，对列 act_arr_time 不过滤，直接选择所有非无效值。
clean_bool length:2
newest best op: Uniop(df,'act_arr_time','06:28 PM',(['flight'], {('UA-2726-FLL-PHL',)}),{left: ("[FunctionalDependency:(s: {flight}, t: {act_arr_time})]", 0.0), operator: *, right: (1.0, 1.0), result: 0.0})
now error: 0.0
Block processing time: 0.022581 seconds
Computing Block 110 out of 441
Processing Block size=21
begin cleaner{left: ("[FunctionalDependency:(s: {flight}, t: {act_arr_time})]", 0.0), operator: *, right: (1.0, 1.0), result: 0.0}
列 'p' 不存在，对列 act_arr_time 不过滤，直接选择所有非无效值。
clean_bool length:2
newest best op: Uniop(df,'act_arr_time','02:50 PM',(['flight'], {('AA-3756-ORD-SLC',)}),{left: ("[FunctionalDependency:(s: {flight}, t: {act_arr_time})]", 0.0), operator: *, right: (1.0, 1.0), result: 0.0})
now error: 0.0
Block processing time: 0.031009 seconds
Computing Block 114 out of 441
Processing Block size=17
begin cleaner{left: ("[FunctionalDependency:(s: {flight}, t: {act_arr_time})]", 0.0), operator: *, right: (1.0, 1.0), result: 0.0}
列 'p' 不存在，对列 act_arr_time 不过滤，直接选择所有非无效值。
Block processing time: 0.012813 seconds
Computing Block 116 out of 441
Processing Block size=16
begin cleaner{left: ("[FunctionalDependency:(s: {flight}, t: {act_arr_time})]", 0.0), operator: *, right: (1.0, 1.0), result: 0.0}
列 'p' 不存在，对列 act_arr_time 不过滤，直接选择所有非无效值。
clean_bool length:2
newest best op: Uniop(df,'act_arr_time','08:03 PM',(['flight'], {('CO-63-EWR-IAH',)}),{left: ("[FunctionalDependency:(s: {flight}, t: {act_arr_time})]", 0.0), operator: *, right: (1.0, 1.0), result: 0.0})
now error: 0.0
Block processing time: 0.024119 seconds
Computing Block 119 out of 441
Processing Block size=15
begin cleaner{left: ("[FunctionalDependency:(s: {flight}, t: {act_arr_time})]", 0.0), operator: *, right: (1.0, 1.0), result: 0.0}
列 'p' 不存在，对列 act_arr_time 不过滤，直接选择所有非无效值。
clean_bool length:2
newest best op: Uniop(df,'act_arr_time','12:09 PM',(['flight'], {('UA-37-EDI-EWR',)}),{left: ("[FunctionalDependency:(s: {flight}, t: {act_arr_time})]", 0.0), operator: *, right: (1.0, 1.0), result: 0.0})
now error: 0.0
Block processing time: 0.022659 seconds
Computing Block 126 out of 441
Processing Block size=17
begin cleaner{left: ("[FunctionalDependency:(s: {flight}, t: {act_arr_time})]", 0.0), operator: *, right: (1.0, 1.0), result: 0.0}
列 'p' 不存在，对列 act_arr_time 不过滤，直接选择所有非无效值。
clean_bool length:2
newest best op: Uniop(df,'act_arr_time','10:56 AM',(['flight'], {('CO-1088-CLE-IAH',)}),{left: ("[FunctionalDependency:(s: {flight}, t: {act_arr_time})]", 0.0), operator: *, right: (1.0, 1.0), result: 0.0})
now error: 0.0
Block processing time: 0.025518 seconds
Computing Block 131 out of 441
Processing Block size=18
begin cleaner{left: ("[FunctionalDependency:(s: {flight}, t: {act_arr_time})]", 0.0), operator: *, right: (1.0, 1.0), result: 0.0}
列 'p' 不存在，对列 act_arr_time 不过滤，直接选择所有非无效值。
clean_bool length:2
newest best op: Uniop(df,'act_arr_time','03:21 PM',(['flight'], {('UA-382-IAD-LAX',)}),{left: ("[FunctionalDependency:(s: {flight}, t: {act_arr_time})]", 0.0), operator: *, right: (1.0, 1.0), result: 0.0})
now error: 0.0
Block processing time: 0.02688 seconds
Computing Block 132 out of 441
Processing Block size=17
begin cleaner{left: ("[FunctionalDependency:(s: {flight}, t: {act_arr_time})]", 0.0), operator: *, right: (1.0, 1.0), result: 0.0}
列 'p' 不存在，对列 act_arr_time 不过滤，直接选择所有非无效值。
clean_bool length:2
newest best op: Uniop(df,'act_arr_time','06:55 AM',(['flight'], {('AA-204-LAX-MCO',)}),{left: ("[FunctionalDependency:(s: {flight}, t: {act_arr_time})]", 0.0), operator: *, right: (1.0, 1.0), result: 0.0})
now error: 0.0
Block processing time: 0.025694 seconds
Computing Block 133 out of 441
Processing Block size=18
begin cleaner{left: ("[FunctionalDependency:(s: {flight}, t: {act_arr_time})]", 0.0), operator: *, right: (1.0, 1.0), result: 0.0}
列 'p' 不存在，对列 act_arr_time 不过滤，直接选择所有非无效值。
clean_bool length:3
newest best op: Uniop(df,'act_arr_time','01:58 AM',(['flight'], {('UA-397-JFK-SFO',)}),{left: ("[FunctionalDependency:(s: {flight}, t: {act_arr_time})]", 0.0), operator: *, right: (1.0, 1.0), result: 0.0})
now error: 0.0
newest best op: Uniop(df,'act_arr_time','11:58 AM',(['flight'], {('UA-397-JFK-SFO',)}),{left: ("[FunctionalDependency:(s: {flight}, t: {act_arr_time})]", 0.0), operator: *, right: (1.0, 1.0), result: 0.0})
now error: 0.0
Block processing time: 0.041307 seconds
Computing Block 135 out of 441
Processing Block size=22
begin cleaner{left: ("[FunctionalDependency:(s: {flight}, t: {act_arr_time})]", 0.0), operator: *, right: (1.0, 1.0), result: 0.0}
列 'p' 不存在，对列 act_arr_time 不过滤，直接选择所有非无效值。
clean_bool length:2
newest best op: Uniop(df,'act_arr_time','05:43 PM',(['flight'], {('AA-1917-JFK-MCO',)}),{left: ("[FunctionalDependency:(s: {flight}, t: {act_arr_time})]", 0.0), operator: *, right: (1.0, 1.0), result: 0.0})
now error: 0.0
Block processing time: 0.03309 seconds
Computing Block 138 out of 441
Processing Block size=21
begin cleaner{left: ("[FunctionalDependency:(s: {flight}, t: {act_arr_time})]", 0.0), operator: *, right: (1.0, 1.0), result: 0.0}
列 'p' 不存在，对列 act_arr_time 不过滤，直接选择所有非无效值。
clean_bool length:2
newest best op: Uniop(df,'act_arr_time','11:06 AM',(['flight'], {('AA-2268-PHX-ORD',)}),{left: ("[FunctionalDependency:(s: {flight}, t: {act_arr_time})]", 0.0), operator: *, right: (1.0, 1.0), result: 0.0})
now error: 0.0
Block processing time: 0.032159 seconds
Computing Block 139 out of 441
Processing Block size=10
begin cleaner{left: ("[FunctionalDependency:(s: {flight}, t: {act_arr_time})]", 0.0), operator: *, right: (1.0, 1.0), result: 0.0}
列 'p' 不存在，对列 act_arr_time 不过滤，直接选择所有非无效值。
Block processing time: 0.008007 seconds
Computing Block 143 out of 441
Processing Block size=14
begin cleaner{left: ("[FunctionalDependency:(s: {flight}, t: {act_arr_time})]", 0.0), operator: *, right: (1.0, 1.0), result: 0.0}
列 'p' 不存在，对列 act_arr_time 不过滤，直接选择所有非无效值。
clean_bool length:2
newest best op: Uniop(df,'act_arr_time','04:47 PM',(['flight'], {('UA-2314-ATL-PHL',)}),{left: ("[FunctionalDependency:(s: {flight}, t: {act_arr_time})]", 0.0), operator: *, right: (1.0, 1.0), result: 0.0})
now error: 0.0
Block processing time: 0.021995 seconds
Computing Block 148 out of 441
Processing Block size=15
begin cleaner{left: ("[FunctionalDependency:(s: {flight}, t: {act_arr_time})]", 0.0), operator: *, right: (1.0, 1.0), result: 0.0}
列 'p' 不存在，对列 act_arr_time 不过滤，直接选择所有非无效值。
clean_bool length:2
newest best op: Uniop(df,'act_arr_time','06:40 PM',(['flight'], {('CO-4888-IAH-DAL',)}),{left: ("[FunctionalDependency:(s: {flight}, t: {act_arr_time})]", 0.0), operator: *, right: (1.0, 1.0), result: 0.0})
now error: 0.0
Block processing time: 0.023662 seconds
Computing Block 165 out of 441
Processing Block size=16
begin cleaner{left: ("[FunctionalDependency:(s: {flight}, t: {act_arr_time})]", 0.0), operator: *, right: (1.0, 1.0), result: 0.0}
列 'p' 不存在，对列 act_arr_time 不过滤，直接选择所有非无效值。
clean_bool length:2
newest best op: Uniop(df,'act_arr_time','11:56 AM',(['flight'], {('AA-1664-MIA-ATL',)}),{left: ("[FunctionalDependency:(s: {flight}, t: {act_arr_time})]", 0.0), operator: *, right: (1.0, 1.0), result: 0.0})
now error: 0.0
Block processing time: 0.025111 seconds
Computing Block 170 out of 441
Processing Block size=14
begin cleaner{left: ("[FunctionalDependency:(s: {flight}, t: {act_arr_time})]", 0.0), operator: *, right: (1.0, 1.0), result: 0.0}
列 'p' 不存在，对列 act_arr_time 不过滤，直接选择所有非无效值。
clean_bool length:3
newest best op: Uniop(df,'act_arr_time','11:56 AM',(['flight'], {('UA-1500-IAH-GUA',)}),{left: ("[FunctionalDependency:(s: {flight}, t: {act_arr_time})]", 0.0), operator: *, right: (1.0, 1.0), result: 0.0})
now error: 0.0
Block processing time: 0.033026 seconds
Computing Block 174 out of 441
Processing Block size=18
begin cleaner{left: ("[FunctionalDependency:(s: {flight}, t: {act_arr_time})]", 0.0), operator: *, right: (1.0, 1.0), result: 0.0}
列 'p' 不存在，对列 act_arr_time 不过滤，直接选择所有非无效值。
clean_bool length:3
newest best op: Uniop(df,'act_arr_time','12:50 PM',(['flight'], {('AA-4198-ORD-CLE',)}),{left: ("[FunctionalDependency:(s: {flight}, t: {act_arr_time})]", 0.0), operator: *, right: (1.0, 1.0), result: 0.0})
now error: 0.0
Block processing time: 0.042131 seconds
Computing Block 185 out of 441
Processing Block size=19
begin cleaner{left: ("[FunctionalDependency:(s: {flight}, t: {act_arr_time})]", 0.0), operator: *, right: (1.0, 1.0), result: 0.0}
列 'p' 不存在，对列 act_arr_time 不过滤，直接选择所有非无效值。
clean_bool length:2
newest best op: Uniop(df,'act_arr_time','03:43 PM',(['flight'], {('AA-3804-PHL-ORD',)}),{left: ("[FunctionalDependency:(s: {flight}, t: {act_arr_time})]", 0.0), operator: *, right: (1.0, 1.0), result: 0.0})
now error: 0.0
Block processing time: 0.029369 seconds
Computing Block 187 out of 441
Processing Block size=2
begin cleaner{left: ("[FunctionalDependency:(s: {flight}, t: {act_arr_time})]", 0.0), operator: *, right: (1.0, 1.0), result: 0.0}
列 'p' 不存在，对列 act_arr_time 不过滤，直接选择所有非无效值。
Block processing time: 0.001667 seconds
Computing Block 192 out of 441
Processing Block size=15
begin cleaner{left: ("[FunctionalDependency:(s: {flight}, t: {act_arr_time})]", 0.0), operator: *, right: (1.0, 1.0), result: 0.0}
列 'p' 不存在，对列 act_arr_time 不过滤，直接选择所有非无效值。
Block processing time: 0.011659 seconds
Computing Block 193 out of 441
Processing Block size=16
begin cleaner{left: ("[FunctionalDependency:(s: {flight}, t: {act_arr_time})]", 0.0), operator: *, right: (1.0, 1.0), result: 0.0}
列 'p' 不存在，对列 act_arr_time 不过滤，直接选择所有非无效值。
clean_bool length:2
newest best op: Uniop(df,'act_arr_time','03:14 PM',(['flight'], {('AA-222-LAX-BOS',)}),{left: ("[FunctionalDependency:(s: {flight}, t: {act_arr_time})]", 0.0), operator: *, right: (1.0, 1.0), result: 0.0})
now error: 0.0
Block processing time: 0.024768 seconds
Computing Block 194 out of 441
Processing Block size=20
begin cleaner{left: ("[FunctionalDependency:(s: {flight}, t: {act_arr_time})]", 0.0), operator: *, right: (1.0, 1.0), result: 0.0}
列 'p' 不存在，对列 act_arr_time 不过滤，直接选择所有非无效值。
clean_bool length:2
newest best op: Uniop(df,'act_arr_time','04:23 PM',(['flight'], {('UA-664-ORD-PHL',)}),{left: ("[FunctionalDependency:(s: {flight}, t: {act_arr_time})]", 0.0), operator: *, right: (1.0, 1.0), result: 0.0})
now error: 0.0
Block processing time: 0.031347 seconds
Computing Block 198 out of 441
Processing Block size=15
begin cleaner{left: ("[FunctionalDependency:(s: {flight}, t: {act_arr_time})]", 0.0), operator: *, right: (1.0, 1.0), result: 0.0}
列 'p' 不存在，对列 act_arr_time 不过滤，直接选择所有非无效值。
Block processing time: 0.011799 seconds
Computing Block 199 out of 441
Processing Block size=16
begin cleaner{left: ("[FunctionalDependency:(s: {flight}, t: {act_arr_time})]", 0.0), operator: *, right: (1.0, 1.0), result: 0.0}
列 'p' 不存在，对列 act_arr_time 不过滤，直接选择所有非无效值。
clean_bool length:2
newest best op: Uniop(df,'act_arr_time','07:51 AM',(['flight'], {('AA-3842-MSP-ORD',)}),{left: ("[FunctionalDependency:(s: {flight}, t: {act_arr_time})]", 0.0), operator: *, right: (1.0, 1.0), result: 0.0})
now error: 0.0
Block processing time: 0.024847 seconds
Computing Block 202 out of 441
Processing Block size=16
begin cleaner{left: ("[FunctionalDependency:(s: {flight}, t: {act_arr_time})]", 0.0), operator: *, right: (1.0, 1.0), result: 0.0}
列 'p' 不存在，对列 act_arr_time 不过滤，直接选择所有非无效值。
clean_bool length:2
newest best op: Uniop(df,'act_arr_time','07:17 AM',(['flight'], {('UA-414-LAX-SFO',)}),{left: ("[FunctionalDependency:(s: {flight}, t: {act_arr_time})]", 0.0), operator: *, right: (1.0, 1.0), result: 0.0})
now error: 0.0
Block processing time: 0.025086 seconds
Computing Block 207 out of 441
Processing Block size=2
begin cleaner{left: ("[FunctionalDependency:(s: {flight}, t: {act_arr_time})]", 0.0), operator: *, right: (1.0, 1.0), result: 0.0}
列 'p' 不存在，对列 act_arr_time 不过滤，直接选择所有非无效值。
clean_bool length:2
newest best op: Uniop(df,'act_arr_time','09:28 AM',(['flight'], {('AA#-518-MIA-JFK',)}),{left: ("[FunctionalDependency:(s: {flight}, t: {act_arr_time})]", 0.0), operator: *, right: (1.0, 1.0), result: 0.0})
now error: 0.0
Block processing time: 0.003883 seconds
Computing Block 218 out of 441
Processing Block size=14
begin cleaner{left: ("[FunctionalDependency:(s: {flight}, t: {act_arr_time})]", 0.0), operator: *, right: (1.0, 1.0), result: 0.0}
列 'p' 不存在，对列 act_arr_time 不过滤，直接选择所有非无效值。
clean_bool length:2
newest best op: Uniop(df,'act_arr_time','03:50 PM',(['flight'], {('AA-649-ORD-SNA',)}),{left: ("[FunctionalDependency:(s: {flight}, t: {act_arr_time})]", 0.0), operator: *, right: (1.0, 1.0), result: 0.0})
now error: 0.0
Block processing time: 0.021645 seconds
Computing Block 230 out of 441
Processing Block size=21
begin cleaner{left: ("[FunctionalDependency:(s: {flight}, t: {act_arr_time})]", 0.0), operator: *, right: (1.0, 1.0), result: 0.0}
列 'p' 不存在，对列 act_arr_time 不过滤，直接选择所有非无效值。
clean_bool length:2
newest best op: Uniop(df,'act_arr_time','07:25 PM',(['flight'], {('AA-1640-MIA-MCO',)}),{left: ("[FunctionalDependency:(s: {flight}, t: {act_arr_time})]", 0.0), operator: *, right: (1.0, 1.0), result: 0.0})
now error: 0.0
Block processing time: 0.032338 seconds
Computing Block 233 out of 441
Processing Block size=16
begin cleaner{left: ("[FunctionalDependency:(s: {flight}, t: {act_arr_time})]", 0.0), operator: *, right: (1.0, 1.0), result: 0.0}
列 'p' 不存在，对列 act_arr_time 不过滤，直接选择所有非无效值。
clean_bool length:2
newest best op: Uniop(df,'act_arr_time','02:27 PM',(['flight'], {('AA-271-MIA-LAX',)}),{left: ("[FunctionalDependency:(s: {flight}, t: {act_arr_time})]", 0.0), operator: *, right: (1.0, 1.0), result: 0.0})
now error: 0.0
Block processing time: 0.024673 seconds
Computing Block 235 out of 441
Processing Block size=15
begin cleaner{left: ("[FunctionalDependency:(s: {flight}, t: {act_arr_time})]", 0.0), operator: *, right: (1.0, 1.0), result: 0.0}
列 'p' 不存在，对列 act_arr_time 不过滤，直接选择所有非无效值。
clean_bool length:2
newest best op: Uniop(df,'act_arr_time','09:56 AM',(['flight'], {('UA-3515-IAD-MSP',)}),{left: ("[FunctionalDependency:(s: {flight}, t: {act_arr_time})]", 0.0), operator: *, right: (1.0, 1.0), result: 0.0})
now error: 0.0
Block processing time: 0.022788 seconds
Computing Block 236 out of 441
Processing Block size=18
begin cleaner{left: ("[FunctionalDependency:(s: {flight}, t: {act_arr_time})]", 0.0), operator: *, right: (1.0, 1.0), result: 0.0}
列 'p' 不存在，对列 act_arr_time 不过滤，直接选择所有非无效值。
Block processing time: 0.013445 seconds
Computing Block 246 out of 441
Processing Block size=18
begin cleaner{left: ("[FunctionalDependency:(s: {flight}, t: {act_arr_time})]", 0.0), operator: *, right: (1.0, 1.0), result: 0.0}
列 'p' 不存在，对列 act_arr_time 不过滤，直接选择所有非无效值。
clean_bool length:2
newest best op: Uniop(df,'act_arr_time','08:53 PM',(['flight'], {('AA-4307-ORD-DTW',)}),{left: ("[FunctionalDependency:(s: {flight}, t: {act_arr_time})]", 0.0), operator: *, right: (1.0, 1.0), result: 0.0})
now error: 0.0
Block processing time: 0.026681 seconds
Computing Block 249 out of 441
Processing Block size=17
begin cleaner{left: ("[FunctionalDependency:(s: {flight}, t: {act_arr_time})]", 0.0), operator: *, right: (1.0, 1.0), result: 0.0}
列 'p' 不存在，对列 act_arr_time 不过滤，直接选择所有非无效值。
clean_bool length:2
newest best op: Uniop(df,'act_arr_time','09:20 PM',(['flight'], {('AA-3063-SLC-LAX',)}),{left: ("[FunctionalDependency:(s: {flight}, t: {act_arr_time})]", 0.0), operator: *, right: (1.0, 1.0), result: 0.0})
now error: 0.0
Block processing time: 0.025744 seconds
Computing Block 254 out of 441
Processing Block size=17
begin cleaner{left: ("[FunctionalDependency:(s: {flight}, t: {act_arr_time})]", 0.0), operator: *, right: (1.0, 1.0), result: 0.0}
列 'p' 不存在，对列 act_arr_time 不过滤，直接选择所有非无效值。
clean_bool length:2
newest best op: Uniop(df,'act_arr_time','07:40 AM',(['flight'], {('AA-404-MIA-MCO',)}),{left: ("[FunctionalDependency:(s: {flight}, t: {act_arr_time})]", 0.0), operator: *, right: (1.0, 1.0), result: 0.0})
now error: 0.0
Block processing time: 0.026213 seconds
Computing Block 255 out of 441
Processing Block size=17
begin cleaner{left: ("[FunctionalDependency:(s: {flight}, t: {act_arr_time})]", 0.0), operator: *, right: (1.0, 1.0), result: 0.0}
列 'p' 不存在，对列 act_arr_time 不过滤，直接选择所有非无效值。
clean_bool length:2
newest best op: Uniop(df,'act_arr_time','05:26 PM',(['flight'], {('CO-50-CLE-EWR',)}),{left: ("[FunctionalDependency:(s: {flight}, t: {act_arr_time})]", 0.0), operator: *, right: (1.0, 1.0), result: 0.0})
now error: 0.0
Block processing time: 0.025845 seconds
Computing Block 256 out of 441
Processing Block size=15
begin cleaner{left: ("[FunctionalDependency:(s: {flight}, t: {act_arr_time})]", 0.0), operator: *, right: (1.0, 1.0), result: 0.0}
列 'p' 不存在，对列 act_arr_time 不过滤，直接选择所有非无效值。
clean_bool length:2
newest best op: Uniop(df,'act_arr_time','07:10 PM',(['flight'], {('UA-62-IAH-EWR',)}),{left: ("[FunctionalDependency:(s: {flight}, t: {act_arr_time})]", 0.0), operator: *, right: (1.0, 1.0), result: 0.0})
now error: 0.0
Block processing time: 0.022904 seconds
Computing Block 264 out of 441
Processing Block size=14
begin cleaner{left: ("[FunctionalDependency:(s: {flight}, t: {act_arr_time})]", 0.0), operator: *, right: (1.0, 1.0), result: 0.0}
列 'p' 不存在，对列 act_arr_time 不过滤，直接选择所有非无效值。
clean_bool length:2
newest best op: Uniop(df,'act_arr_time','09:13 AM',(['flight'], {('UA-3373-IAD-PHL',)}),{left: ("[FunctionalDependency:(s: {flight}, t: {act_arr_time})]", 0.0), operator: *, right: (1.0, 1.0), result: 0.0})
now error: 0.0
Block processing time: 0.02101 seconds
Computing Block 269 out of 441
Processing Block size=11
begin cleaner{left: ("[FunctionalDependency:(s: {flight}, t: {act_arr_time})]", 0.0), operator: *, right: (1.0, 1.0), result: 0.0}
列 'p' 不存在，对列 act_arr_time 不过滤，直接选择所有非无效值。
clean_bool length:2
newest best op: Uniop(df,'act_arr_time','07:55 PM',(['flight'], {('AA-1007-MIA-PHX',)}),{left: ("[FunctionalDependency:(s: {flight}, t: {act_arr_time})]", 0.0), operator: *, right: (1.0, 1.0), result: 0.0})
now error: 0.0
Block processing time: 0.016719 seconds
Computing Block 270 out of 441
Processing Block size=16
begin cleaner{left: ("[FunctionalDependency:(s: {flight}, t: {act_arr_time})]", 0.0), operator: *, right: (1.0, 1.0), result: 0.0}
列 'p' 不存在，对列 act_arr_time 不过滤，直接选择所有非无效值。
clean_bool length:3
newest best op: Uniop(df,'act_arr_time','04:45 PM',(['flight'], {('AA-59-JFK-SFO',)}),{left: ("[FunctionalDependency:(s: {flight}, t: {act_arr_time})]", 0.0), operator: *, right: (1.0, 1.0), result: 0.0})
now error: 0.0
newest best op: Uniop(df,'act_arr_time','11:12 AM',(['flight'], {('AA-59-JFK-SFO',)}),{left: ("[FunctionalDependency:(s: {flight}, t: {act_arr_time})]", 0.0), operator: *, right: (1.0, 1.0), result: 0.0})
now error: 0.0
Block processing time: 0.036141 seconds
Computing Block 273 out of 441
Processing Block size=19
begin cleaner{left: ("[FunctionalDependency:(s: {flight}, t: {act_arr_time})]", 0.0), operator: *, right: (1.0, 1.0), result: 0.0}
列 'p' 不存在，对列 act_arr_time 不过滤，直接选择所有非无效值。
clean_bool length:2
newest best op: Uniop(df,'act_arr_time','06:43 PM',(['flight'], {('AA-85-JFK-SFO',)}),{left: ("[FunctionalDependency:(s: {flight}, t: {act_arr_time})]", 0.0), operator: *, right: (1.0, 1.0), result: 0.0})
now error: 0.0
Block processing time: 0.028329 seconds
Computing Block 276 out of 441
Processing Block size=19
begin cleaner{left: ("[FunctionalDependency:(s: {flight}, t: {act_arr_time})]", 0.0), operator: *, right: (1.0, 1.0), result: 0.0}
列 'p' 不存在，对列 act_arr_time 不过滤，直接选择所有非无效值。
clean_bool length:2
newest best op: Uniop(df,'act_arr_time','11:50 PM',(['flight'], {('AA-2312-DFW-DTW',)}),{left: ("[FunctionalDependency:(s: {flight}, t: {act_arr_time})]", 0.0), operator: *, right: (1.0, 1.0), result: 0.0})
now error: 0.0
Block processing time: 0.02813 seconds
Computing Block 290 out of 441
Processing Block size=16
begin cleaner{left: ("[FunctionalDependency:(s: {flight}, t: {act_arr_time})]", 0.0), operator: *, right: (1.0, 1.0), result: 0.0}
列 'p' 不存在，对列 act_arr_time 不过滤，直接选择所有非无效值。
clean_bool length:2
newest best op: Uniop(df,'act_arr_time','06:36 PM',(['flight'], {('CO-45-EWR-MIA',)}),{left: ("[FunctionalDependency:(s: {flight}, t: {act_arr_time})]", 0.0), operator: *, right: (1.0, 1.0), result: 0.0})
now error: 0.0
Block processing time: 0.024277 seconds
Computing Block 295 out of 441
Processing Block size=17
begin cleaner{left: ("[FunctionalDependency:(s: {flight}, t: {act_arr_time})]", 0.0), operator: *, right: (1.0, 1.0), result: 0.0}
列 'p' 不存在，对列 act_arr_time 不过滤，直接选择所有非无效值。
clean_bool length:2
newest best op: Uniop(df,'act_arr_time','07:36 PM',(['flight'], {('UA-938-DEN-ORD',)}),{left: ("[FunctionalDependency:(s: {flight}, t: {act_arr_time})]", 0.0), operator: *, right: (1.0, 1.0), result: 0.0})
now error: 0.0
Block processing time: 0.025272 seconds
Computing Block 298 out of 441
Processing Block size=18
begin cleaner{left: ("[FunctionalDependency:(s: {flight}, t: {act_arr_time})]", 0.0), operator: *, right: (1.0, 1.0), result: 0.0}
列 'p' 不存在，对列 act_arr_time 不过滤，直接选择所有非无效值。
clean_bool length:2
newest best op: Uniop(df,'act_arr_time','02:10 PM',(['flight'], {('AA-4344-ORD-DTW',)}),{left: ("[FunctionalDependency:(s: {flight}, t: {act_arr_time})]", 0.0), operator: *, right: (1.0, 1.0), result: 0.0})
now error: 0.0
Block processing time: 0.02682 seconds
Computing Block 306 out of 441
Processing Block size=20
begin cleaner{left: ("[FunctionalDependency:(s: {flight}, t: {act_arr_time})]", 0.0), operator: *, right: (1.0, 1.0), result: 0.0}
列 'p' 不存在，对列 act_arr_time 不过滤，直接选择所有非无效值。
clean_bool length:2
newest best op: Uniop(df,'act_arr_time','06:19 AM',(['flight'], {('AA-3809-PHX-LAX',)}),{left: ("[FunctionalDependency:(s: {flight}, t: {act_arr_time})]", 0.0), operator: *, right: (1.0, 1.0), result: 0.0})
now error: 0.0
Block processing time: 0.029905 seconds
Computing Block 313 out of 441
Processing Block size=20
begin cleaner{left: ("[FunctionalDependency:(s: {flight}, t: {act_arr_time})]", 0.0), operator: *, right: (1.0, 1.0), result: 0.0}
列 'p' 不存在，对列 act_arr_time 不过滤，直接选择所有非无效值。
clean_bool length:2
newest best op: Uniop(df,'act_arr_time','01:43 PM',(['flight'], {('AA-4277-CVG-JFK',)}),{left: ("[FunctionalDependency:(s: {flight}, t: {act_arr_time})]", 0.0), operator: *, right: (1.0, 1.0), result: 0.0})
now error: 0.0
Block processing time: 0.029847 seconds
Computing Block 317 out of 441
Processing Block size=22
begin cleaner{left: ("[FunctionalDependency:(s: {flight}, t: {act_arr_time})]", 0.0), operator: *, right: (1.0, 1.0), result: 0.0}
列 'p' 不存在，对列 act_arr_time 不过滤，直接选择所有非无效值。
clean_bool length:2
newest best op: Uniop(df,'act_arr_time','11:44 AM',(['flight'], {('AA-431-MIA-SFO',)}),{left: ("[FunctionalDependency:(s: {flight}, t: {act_arr_time})]", 0.0), operator: *, right: (1.0, 1.0), result: 0.0})
now error: 0.0
Block processing time: 0.032778 seconds
Computing Block 320 out of 441
Processing Block size=15
begin cleaner{left: ("[FunctionalDependency:(s: {flight}, t: {act_arr_time})]", 0.0), operator: *, right: (1.0, 1.0), result: 0.0}
列 'p' 不存在，对列 act_arr_time 不过滤，直接选择所有非无效值。
clean_bool length:2
newest best op: Uniop(df,'act_arr_time','05:11 AM',(['flight'], {('UA-828-SFO-ORD',)}),{left: ("[FunctionalDependency:(s: {flight}, t: {act_arr_time})]", 0.0), operator: *, right: (1.0, 1.0), result: 0.0})
now error: 0.0
Block processing time: 0.022548 seconds
Computing Block 321 out of 441
Processing Block size=21
begin cleaner{left: ("[FunctionalDependency:(s: {flight}, t: {act_arr_time})]", 0.0), operator: *, right: (1.0, 1.0), result: 0.0}
列 'p' 不存在，对列 act_arr_time 不过滤，直接选择所有非无效值。
clean_bool length:4
newest best op: Uniop(df,'act_arr_time','12:21 AM',(['flight'], {('CO-1694-LAX-IAH',)}),{left: ("[FunctionalDependency:(s: {flight}, t: {act_arr_time})]", 0.0), operator: *, right: (1.0, 1.0), result: 0.0})
now error: 0.0
Block processing time: 0.063512 seconds
Computing Block 325 out of 441
Processing Block size=13
begin cleaner{left: ("[FunctionalDependency:(s: {flight}, t: {act_arr_time})]", 0.0), operator: *, right: (1.0, 1.0), result: 0.0}
列 'p' 不存在，对列 act_arr_time 不过滤，直接选择所有非无效值。
clean_bool length:2
newest best op: Uniop(df,'act_arr_time','08:02 AM',(['flight'], {('UA-858-PVG-SFO',)}),{left: ("[FunctionalDependency:(s: {flight}, t: {act_arr_time})]", 0.0), operator: *, right: (1.0, 1.0), result: 0.0})
now error: 0.0
Block processing time: 0.019493 seconds
Computing Block 327 out of 441
Processing Block size=23
begin cleaner{left: ("[FunctionalDependency:(s: {flight}, t: {act_arr_time})]", 0.0), operator: *, right: (1.0, 1.0), result: 0.0}
列 'p' 不存在，对列 act_arr_time 不过滤，直接选择所有非无效值。
clean_bool length:2
newest best op: Uniop(df,'act_arr_time','03:13 PM',(['flight'], {('AA-789-ORD-DEN',)}),{left: ("[FunctionalDependency:(s: {flight}, t: {act_arr_time})]", 0.0), operator: *, right: (1.0, 1.0), result: 0.0})
now error: 0.0
Block processing time: 0.034046 seconds
Computing Block 337 out of 441
Processing Block size=11
begin cleaner{left: ("[FunctionalDependency:(s: {flight}, t: {act_arr_time})]", 0.0), operator: *, right: (1.0, 1.0), result: 0.0}
列 'p' 不存在，对列 act_arr_time 不过滤，直接选择所有非无效值。
clean_bool length:2
newest best op: Uniop(df,'act_arr_time','05:17 PM',(['flight'], {('UA-2830-MCO-CLT',)}),{left: ("[FunctionalDependency:(s: {flight}, t: {act_arr_time})]", 0.0), operator: *, right: (1.0, 1.0), result: 0.0})
now error: 0.0
Block processing time: 0.016761 seconds
Computing Block 346 out of 441
Processing Block size=11
begin cleaner{left: ("[FunctionalDependency:(s: {flight}, t: {act_arr_time})]", 0.0), operator: *, right: (1.0, 1.0), result: 0.0}
列 'p' 不存在，对列 act_arr_time 不过滤，直接选择所有非无效值。
clean_bool length:2
newest best op: Uniop(df,'act_arr_time','06:34 PM',(['flight'], {('CO-16-LAX-EWR',)}),{left: ("[FunctionalDependency:(s: {flight}, t: {act_arr_time})]", 0.0), operator: *, right: (1.0, 1.0), result: 0.0})
now error: 0.0
Block processing time: 0.016645 seconds
Computing Block 349 out of 441
Processing Block size=13
begin cleaner{left: ("[FunctionalDependency:(s: {flight}, t: {act_arr_time})]", 0.0), operator: *, right: (1.0, 1.0), result: 0.0}
列 'p' 不存在，对列 act_arr_time 不过滤，直接选择所有非无效值。
clean_bool length:2
newest best op: Uniop(df,'act_arr_time','06:38 PM',(['flight'], {('UA-2906-PHL-MCO',)}),{left: ("[FunctionalDependency:(s: {flight}, t: {act_arr_time})]", 0.0), operator: *, right: (1.0, 1.0), result: 0.0})
now error: 0.0
Block processing time: 0.019641 seconds
Computing Block 354 out of 441
Processing Block size=12
begin cleaner{left: ("[FunctionalDependency:(s: {flight}, t: {act_arr_time})]", 0.0), operator: *, right: (1.0, 1.0), result: 0.0}
列 'p' 不存在，对列 act_arr_time 不过滤，直接选择所有非无效值。
clean_bool length:2
newest best op: Uniop(df,'act_arr_time','04:17 PM',(['flight'], {('UA-37-EWR-MCO',)}),{left: ("[FunctionalDependency:(s: {flight}, t: {act_arr_time})]", 0.0), operator: *, right: (1.0, 1.0), result: 0.0})
now error: 0.0
Block processing time: 0.018125 seconds
Computing Block 362 out of 441
Processing Block size=23
begin cleaner{left: ("[FunctionalDependency:(s: {flight}, t: {act_arr_time})]", 0.0), operator: *, right: (1.0, 1.0), result: 0.0}
列 'p' 不存在，对列 act_arr_time 不过滤，直接选择所有非无效值。
clean_bool length:2
newest best op: Uniop(df,'act_arr_time','06:15 PM',(['flight'], {('AA-3786-IAH-ORD',)}),{left: ("[FunctionalDependency:(s: {flight}, t: {act_arr_time})]", 0.0), operator: *, right: (1.0, 1.0), result: 0.0})
now error: 0.0
Block processing time: 0.033911 seconds
Computing Block 363 out of 441
Processing Block size=21
begin cleaner{left: ("[FunctionalDependency:(s: {flight}, t: {act_arr_time})]", 0.0), operator: *, right: (1.0, 1.0), result: 0.0}
列 'p' 不存在，对列 act_arr_time 不过滤，直接选择所有非无效值。
clean_bool length:2
newest best op: Uniop(df,'act_arr_time','12:09 PM',(['flight'], {('CO-1193-EWR-MCO',)}),{left: ("[FunctionalDependency:(s: {flight}, t: {act_arr_time})]", 0.0), operator: *, right: (1.0, 1.0), result: 0.0})
now error: 0.0
Block processing time: 0.031607 seconds
Computing Block 364 out of 441
Processing Block size=15
begin cleaner{left: ("[FunctionalDependency:(s: {flight}, t: {act_arr_time})]", 0.0), operator: *, right: (1.0, 1.0), result: 0.0}
列 'p' 不存在，对列 act_arr_time 不过滤，直接选择所有非无效值。
clean_bool length:2
newest best op: Uniop(df,'act_arr_time','11:06 AM',(['flight'], {('AA-2525-DFW-MIA',)}),{left: ("[FunctionalDependency:(s: {flight}, t: {act_arr_time})]", 0.0), operator: *, right: (1.0, 1.0), result: 0.0})
now error: 0.0
Block processing time: 0.022533 seconds
Computing Block 365 out of 441
Processing Block size=14
begin cleaner{left: ("[FunctionalDependency:(s: {flight}, t: {act_arr_time})]", 0.0), operator: *, right: (1.0, 1.0), result: 0.0}
列 'p' 不存在，对列 act_arr_time 不过滤，直接选择所有非无效值。
clean_bool length:2
newest best op: Uniop(df,'act_arr_time','05:38 PM',(['flight'], {('UA-3099-PHX-PHL',)}),{left: ("[FunctionalDependency:(s: {flight}, t: {act_arr_time})]", 0.0), operator: *, right: (1.0, 1.0), result: 0.0})
now error: 0.0
Block processing time: 0.021011 seconds
Computing Block 367 out of 441
Processing Block size=18
begin cleaner{left: ("[FunctionalDependency:(s: {flight}, t: {act_arr_time})]", 0.0), operator: *, right: (1.0, 1.0), result: 0.0}
列 'p' 不存在，对列 act_arr_time 不过滤，直接选择所有非无效值。
clean_bool length:2
newest best op: Uniop(df,'act_arr_time','03:16 PM',(['flight'], {('AA-3-JFK-LAX',)}),{left: ("[FunctionalDependency:(s: {flight}, t: {act_arr_time})]", 0.0), operator: *, right: (1.0, 1.0), result: 0.0})
now error: 0.0
Block processing time: 0.026669 seconds
Computing Block 370 out of 441
Processing Block size=20
begin cleaner{left: ("[FunctionalDependency:(s: {flight}, t: {act_arr_time})]", 0.0), operator: *, right: (1.0, 1.0), result: 0.0}
列 'p' 不存在，对列 act_arr_time 不过滤，直接选择所有非无效值。
clean_bool length:2
newest best op: Uniop(df,'act_arr_time','10:30 PM',(['flight'], {('AA-1733-ORD-PHX',)}),{left: ("[FunctionalDependency:(s: {flight}, t: {act_arr_time})]", 0.0), operator: *, right: (1.0, 1.0), result: 0.0})
now error: 0.0
Block processing time: 0.029739 seconds
Computing Block 375 out of 441
Processing Block size=13
begin cleaner{left: ("[FunctionalDependency:(s: {flight}, t: {act_arr_time})]", 0.0), operator: *, right: (1.0, 1.0), result: 0.0}
列 'p' 不存在，对列 act_arr_time 不过滤，直接选择所有非无效值。
clean_bool length:2
newest best op: Uniop(df,'act_arr_time','10:27 AM',(['flight'], {('CO-89-IAH-EWR',)}),{left: ("[FunctionalDependency:(s: {flight}, t: {act_arr_time})]", 0.0), operator: *, right: (1.0, 1.0), result: 0.0})
now error: 0.0
Block processing time: 0.019449 seconds
Computing Block 380 out of 441
Processing Block size=18
begin cleaner{left: ("[FunctionalDependency:(s: {flight}, t: {act_arr_time})]", 0.0), operator: *, right: (1.0, 1.0), result: 0.0}
列 'p' 不存在，对列 act_arr_time 不过滤，直接选择所有非无效值。
clean_bool length:3
newest best op: Uniop(df,'act_arr_time','12:29 AM',(['flight'], {('UA-233-LAX-JFK',)}),{left: ("[FunctionalDependency:(s: {flight}, t: {act_arr_time})]", 0.0), operator: *, right: (1.0, 1.0), result: 0.0})
now error: 0.0
Block processing time: 0.040798 seconds
Computing Block 382 out of 441
Processing Block size=15
begin cleaner{left: ("[FunctionalDependency:(s: {flight}, t: {act_arr_time})]", 0.0), operator: *, right: (1.0, 1.0), result: 0.0}
列 'p' 不存在，对列 act_arr_time 不过滤，直接选择所有非无效值。
clean_bool length:2
newest best op: Uniop(df,'act_arr_time','09:05 AM',(['flight'], {('AA-466-IAH-MIA',)}),{left: ("[FunctionalDependency:(s: {flight}, t: {act_arr_time})]", 0.0), operator: *, right: (1.0, 1.0), result: 0.0})
now error: 0.0
Block processing time: 0.02313 seconds
Computing Block 385 out of 441
Processing Block size=24
begin cleaner{left: ("[FunctionalDependency:(s: {flight}, t: {act_arr_time})]", 0.0), operator: *, right: (1.0, 1.0), result: 0.0}
列 'p' 不存在，对列 act_arr_time 不过滤，直接选择所有非无效值。
clean_bool length:2
newest best op: Uniop(df,'act_arr_time','09:32 AM',(['flight'], {('AA-3859-IAH-ORD',)}),{left: ("[FunctionalDependency:(s: {flight}, t: {act_arr_time})]", 0.0), operator: *, right: (1.0, 1.0), result: 0.0})
now error: 0.0
Block processing time: 0.035914 seconds
Computing Block 387 out of 441
Processing Block size=19
begin cleaner{left: ("[FunctionalDependency:(s: {flight}, t: {act_arr_time})]", 0.0), operator: *, right: (1.0, 1.0), result: 0.0}
列 'p' 不存在，对列 act_arr_time 不过滤，直接选择所有非无效值。
clean_bool length:2
newest best op: Uniop(df,'act_arr_time','03:33 PM',(['flight'], {('AA-4330-CVG-ORD',)}),{left: ("[FunctionalDependency:(s: {flight}, t: {act_arr_time})]", 0.0), operator: *, right: (1.0, 1.0), result: 0.0})
now error: 0.0
Block processing time: 0.028342 seconds
Computing Block 399 out of 441
Processing Block size=11
begin cleaner{left: ("[FunctionalDependency:(s: {flight}, t: {act_arr_time})]", 0.0), operator: *, right: (1.0, 1.0), result: 0.0}
列 'p' 不存在，对列 act_arr_time 不过滤，直接选择所有非无效值。
clean_bool length:2
newest best op: Uniop(df,'act_arr_time','01:19 PM',(['flight'], {('CO-1090-BOS-IAH',)}),{left: ("[FunctionalDependency:(s: {flight}, t: {act_arr_time})]", 0.0), operator: *, right: (1.0, 1.0), result: 0.0})
now error: 0.0
Block processing time: 0.016808 seconds
Computing Block 400 out of 441
Processing Block size=19
begin cleaner{left: ("[FunctionalDependency:(s: {flight}, t: {act_arr_time})]", 0.0), operator: *, right: (1.0, 1.0), result: 0.0}
列 'p' 不存在，对列 act_arr_time 不过滤，直接选择所有非无效值。
clean_bool length:2
newest best op: Uniop(df,'act_arr_time','07:39 PM',(['flight'], {('AA-484-DFW-MIA',)}),{left: ("[FunctionalDependency:(s: {flight}, t: {act_arr_time})]", 0.0), operator: *, right: (1.0, 1.0), result: 0.0})
now error: 0.0
Block processing time: 0.028137 seconds
Computing Block 402 out of 441
Processing Block size=17
begin cleaner{left: ("[FunctionalDependency:(s: {flight}, t: {act_arr_time})]", 0.0), operator: *, right: (1.0, 1.0), result: 0.0}
列 'p' 不存在，对列 act_arr_time 不过滤，直接选择所有非无效值。
clean_bool length:2
newest best op: Uniop(df,'act_arr_time','09:52 PM',(['flight'], {('CO-47-IAH-LAX',)}),{left: ("[FunctionalDependency:(s: {flight}, t: {act_arr_time})]", 0.0), operator: *, right: (1.0, 1.0), result: 0.0})
now error: 0.0
Block processing time: 0.025289 seconds
Computing Block 403 out of 441
Processing Block size=14
begin cleaner{left: ("[FunctionalDependency:(s: {flight}, t: {act_arr_time})]", 0.0), operator: *, right: (1.0, 1.0), result: 0.0}
列 'p' 不存在，对列 act_arr_time 不过滤，直接选择所有非无效值。
clean_bool length:2
newest best op: Uniop(df,'act_arr_time','01:40 PM',(['flight'], {('AA-1886-BOS-MIA',)}),{left: ("[FunctionalDependency:(s: {flight}, t: {act_arr_time})]", 0.0), operator: *, right: (1.0, 1.0), result: 0.0})
now error: 0.0
Block processing time: 0.02106 seconds
Computing Block 407 out of 441
Processing Block size=16
begin cleaner{left: ("[FunctionalDependency:(s: {flight}, t: {act_arr_time})]", 0.0), operator: *, right: (1.0, 1.0), result: 0.0}
列 'p' 不存在，对列 act_arr_time 不过滤，直接选择所有非无效值。
clean_bool length:2
newest best op: Uniop(df,'act_arr_time','10:29 PM',(['flight'], {('CO-1586-IAH-MCO',)}),{left: ("[FunctionalDependency:(s: {flight}, t: {act_arr_time})]", 0.0), operator: *, right: (1.0, 1.0), result: 0.0})
now error: 0.0
Block processing time: 0.024008 seconds
Computing Block 409 out of 441
Processing Block size=16
begin cleaner{left: ("[FunctionalDependency:(s: {flight}, t: {act_arr_time})]", 0.0), operator: *, right: (1.0, 1.0), result: 0.0}
列 'p' 不存在，对列 act_arr_time 不过滤，直接选择所有非无效值。
clean_bool length:2
newest best op: Uniop(df,'act_arr_time','09:43 AM',(['flight'], {('UA-3925-IAD-ORF',)}),{left: ("[FunctionalDependency:(s: {flight}, t: {act_arr_time})]", 0.0), operator: *, right: (1.0, 1.0), result: 0.0})
now error: 0.0
Block processing time: 0.023846 seconds
Computing Block 411 out of 441
Processing Block size=16
begin cleaner{left: ("[FunctionalDependency:(s: {flight}, t: {act_arr_time})]", 0.0), operator: *, right: (1.0, 1.0), result: 0.0}
列 'p' 不存在，对列 act_arr_time 不过滤，直接选择所有非无效值。
clean_bool length:2
newest best op: Uniop(df,'act_arr_time','07:58 PM',(['flight'], {('UA-843-LAX-ORD',)}),{left: ("[FunctionalDependency:(s: {flight}, t: {act_arr_time})]", 0.0), operator: *, right: (1.0, 1.0), result: 0.0})
now error: 0.0
Block processing time: 0.023996 seconds
Computing Block 412 out of 441
Processing Block size=12
begin cleaner{left: ("[FunctionalDependency:(s: {flight}, t: {act_arr_time})]", 0.0), operator: *, right: (1.0, 1.0), result: 0.0}
列 'p' 不存在，对列 act_arr_time 不过滤，直接选择所有非无效值。
clean_bool length:2
newest best op: Uniop(df,'act_arr_time','09:14 AM',(['flight'], {('CO-52-IAH-LAX',)}),{left: ("[FunctionalDependency:(s: {flight}, t: {act_arr_time})]", 0.0), operator: *, right: (1.0, 1.0), result: 0.0})
now error: 0.0
Block processing time: 0.017994 seconds
Computing Block 413 out of 441
Processing Block size=13
begin cleaner{left: ("[FunctionalDependency:(s: {flight}, t: {act_arr_time})]", 0.0), operator: *, right: (1.0, 1.0), result: 0.0}
列 'p' 不存在，对列 act_arr_time 不过滤，直接选择所有非无效值。
clean_bool length:2
newest best op: Uniop(df,'act_arr_time','04:44 PM',(['flight'], {('UA-2708-EWR-CLT',)}),{left: ("[FunctionalDependency:(s: {flight}, t: {act_arr_time})]", 0.0), operator: *, right: (1.0, 1.0), result: 0.0})
now error: 0.0
Block processing time: 0.019533 seconds
Computing Block 414 out of 441
Processing Block size=17
begin cleaner{left: ("[FunctionalDependency:(s: {flight}, t: {act_arr_time})]", 0.0), operator: *, right: (1.0, 1.0), result: 0.0}
列 'p' 不存在，对列 act_arr_time 不过滤，直接选择所有非无效值。
clean_bool length:3
newest best op: Uniop(df,'act_arr_time','10:47 AM',(['flight'], {('UA-2515-DFW-CLT',)}),{left: ("[FunctionalDependency:(s: {flight}, t: {act_arr_time})]", 0.0), operator: *, right: (1.0, 1.0), result: 0.0})
now error: 0.0
Block processing time: 0.038362 seconds
Computing Block 416 out of 441
Processing Block size=14
begin cleaner{left: ("[FunctionalDependency:(s: {flight}, t: {act_arr_time})]", 0.0), operator: *, right: (1.0, 1.0), result: 0.0}
列 'p' 不存在，对列 act_arr_time 不过滤，直接选择所有非无效值。
clean_bool length:2
newest best op: Uniop(df,'act_arr_time','11:32 AM',(['flight'], {('CO-1561-PHX-IAH',)}),{left: ("[FunctionalDependency:(s: {flight}, t: {act_arr_time})]", 0.0), operator: *, right: (1.0, 1.0), result: 0.0})
now error: 0.0
Block processing time: 0.020763 seconds
Computing Block 417 out of 441
Processing Block size=15
begin cleaner{left: ("[FunctionalDependency:(s: {flight}, t: {act_arr_time})]", 0.0), operator: *, right: (1.0, 1.0), result: 0.0}
列 'p' 不存在，对列 act_arr_time 不过滤，直接选择所有非无效值。
Block processing time: 0.010893 seconds
Computing Block 420 out of 441
Processing Block size=14
begin cleaner{left: ("[FunctionalDependency:(s: {flight}, t: {act_arr_time})]", 0.0), operator: *, right: (1.0, 1.0), result: 0.0}
列 'p' 不存在，对列 act_arr_time 不过滤，直接选择所有非无效值。
clean_bool length:2
newest best op: Uniop(df,'act_arr_time','08:45 AM',(['flight'], {('UA-6273-YYC-SFO',)}),{left: ("[FunctionalDependency:(s: {flight}, t: {act_arr_time})]", 0.0), operator: *, right: (1.0, 1.0), result: 0.0})
now error: 0.0
Block processing time: 0.020262 seconds
Computing Block 427 out of 441
Processing Block size=17
WARNING:root:No partitioning rule specified, processing might be slow
begin cleaner{left: ("[FunctionalDependency:(s: {flight}, t: {act_arr_time})]", 0.0), operator: *, right: (1.0, 1.0), result: 0.0}
列 'p' 不存在，对列 act_arr_time 不过滤，直接选择所有非无效值。
clean_bool length:2
newest best op: Uniop(df,'act_arr_time','05:05 PM',(['flight'], {('UA-3050-PHX-CLT',)}),{left: ("[FunctionalDependency:(s: {flight}, t: {act_arr_time})]", 0.0), operator: *, right: (1.0, 1.0), result: 0.0})
now error: 0.0
Block processing time: 0.024572 seconds
Computing Block 430 out of 441
Processing Block size=20
begin cleaner{left: ("[FunctionalDependency:(s: {flight}, t: {act_arr_time})]", 0.0), operator: *, right: (1.0, 1.0), result: 0.0}
列 'p' 不存在，对列 act_arr_time 不过滤，直接选择所有非无效值。
clean_bool length:2
newest best op: Uniop(df,'act_arr_time','04:09 PM',(['flight'], {('AA-446-DFW-PHL',)}),{left: ("[FunctionalDependency:(s: {flight}, t: {act_arr_time})]", 0.0), operator: *, right: (1.0, 1.0), result: 0.0})
now error: 0.0
Block processing time: 0.028745 seconds
Computing Block 431 out of 441
Processing Block size=21
begin cleaner{left: ("[FunctionalDependency:(s: {flight}, t: {act_arr_time})]", 0.0), operator: *, right: (1.0, 1.0), result: 0.0}
列 'p' 不存在，对列 act_arr_time 不过滤，直接选择所有非无效值。
clean_bool length:2
newest best op: Uniop(df,'act_arr_time','08:06 AM',(['flight'], {('AA-3979-CVG-ORD',)}),{left: ("[FunctionalDependency:(s: {flight}, t: {act_arr_time})]", 0.0), operator: *, right: (1.0, 1.0), result: 0.0})
now error: 0.0
Block processing time: 0.031555 seconds
Computing Block 433 out of 441
Processing Block size=12
begin cleaner{left: ("[FunctionalDependency:(s: {flight}, t: {act_arr_time})]", 0.0), operator: *, right: (1.0, 1.0), result: 0.0}
列 'p' 不存在，对列 act_arr_time 不过滤，直接选择所有非无效值。
clean_bool length:2
newest best op: Uniop(df,'act_arr_time','04:56 PM',(['flight'], {('AA-1544-SAN-ORD',)}),{left: ("[FunctionalDependency:(s: {flight}, t: {act_arr_time})]", 0.0), operator: *, right: (1.0, 1.0), result: 0.0})
now error: 0.0
Block processing time: 0.018058 seconds
Computing Block 435 out of 441
Processing Block size=16
begin cleaner{left: ("[FunctionalDependency:(s: {flight}, t: {act_arr_time})]", 0.0), operator: *, right: (1.0, 1.0), result: 0.0}
列 'p' 不存在，对列 act_arr_time 不过滤，直接选择所有非无效值。
clean_bool length:2
newest best op: Uniop(df,'act_arr_time','01:14 PM',(['flight'], {('CO-1023-IAH-DEN',)}),{left: ("[FunctionalDependency:(s: {flight}, t: {act_arr_time})]", 0.0), operator: *, right: (1.0, 1.0), result: 0.0})
now error: 0.0
Block processing time: 0.023616 seconds
  当前节点: act_arr_time 有 94 个清洗操作
['sched_dep_time', 'act_dep_time', 'sched_arr_time', 'act_arr_time']的清洗完成

本层累积的编辑规则数: 389
读入数据大小：2376
处理了 389 条规则，更新数据...
所有编辑规则已更新完成

处理第 1 层级, 包含节点: ['flight']
  跳过已清洗结束的节点: flight
['flight']的清洗完成

本层累积的编辑规则数: 0
本层没有可以进行的清洗操作，进行下一层

处理第 2 层级, 包含节点: ['sched_dep_time', 'act_dep_time', 'sched_arr_time', 'act_arr_time']
  当前节点: sched_dep_time 存在可用清洗信号
数据块大小: 2376
分块属性:
[['flight']]
Starting initial block mapping...
Initial number of blocks: 441
Final number of blocks after further splitting: 441
Computing Block 2 out of 441
Processing Block size=15
begin cleaner[FunctionalDependency:(s: {'flight'}, t: {'sched_dep_time'})]*1.0
列 'p' 不存在，对列 sched_dep_time 不过滤，直接选择所有非无效值。
Block processing time: 0.011553 seconds
Computing Block 4 out of 441
Processing Block size=19
begin cleaner{left: ("[FunctionalDependency:(s: {flight}, t: {sched_dep_time})]", 0.0), operator: *, right: (1.0, 1.0), result: 0.0}
列 'p' 不存在，对列 sched_dep_time 不过滤，直接选择所有非无效值。
Block processing time: 0.014305 seconds
Computing Block 9 out of 441
Processing Block size=16
begin cleaner{left: ("[FunctionalDependency:(s: {flight}, t: {sched_dep_time})]", 0.0), operator: *, right: (1.0, 1.0), result: 0.0}
列 'p' 不存在，对列 sched_dep_time 不过滤，直接选择所有非无效值。
Block processing time: 0.012013 seconds
Computing Block 17 out of 441
Processing Block size=15
begin cleaner{left: ("[FunctionalDependency:(s: {flight}, t: {sched_dep_time})]", 0.0), operator: *, right: (1.0, 1.0), result: 0.0}
列 'p' 不存在，对列 sched_dep_time 不过滤，直接选择所有非无效值。
Block processing time: 0.011275 seconds
Computing Block 19 out of 441
Processing Block size=20
begin cleaner{left: ("[FunctionalDependency:(s: {flight}, t: {sched_dep_time})]", 0.0), operator: *, right: (1.0, 1.0), result: 0.0}
列 'p' 不存在，对列 sched_dep_time 不过滤，直接选择所有非无效值。
Block processing time: 0.015007 seconds
Computing Block 22 out of 441
Processing Block size=12
begin cleaner{left: ("[FunctionalDependency:(s: {flight}, t: {sched_dep_time})]", 0.0), operator: *, right: (1.0, 1.0), result: 0.0}
列 'p' 不存在，对列 sched_dep_time 不过滤，直接选择所有非无效值。
Block processing time: 0.009023 seconds
Computing Block 28 out of 441
Processing Block size=15
begin cleaner{left: ("[FunctionalDependency:(s: {flight}, t: {sched_dep_time})]", 0.0), operator: *, right: (1.0, 1.0), result: 0.0}
列 'p' 不存在，对列 sched_dep_time 不过滤，直接选择所有非无效值。
Block processing time: 0.011251 seconds
Computing Block 33 out of 441
Processing Block size=15
begin cleaner{left: ("[FunctionalDependency:(s: {flight}, t: {sched_dep_time})]", 0.0), operator: *, right: (1.0, 1.0), result: 0.0}
列 'p' 不存在，对列 sched_dep_time 不过滤，直接选择所有非无效值。
Block processing time: 0.011241 seconds
Computing Block 38 out of 441
Processing Block size=20
begin cleaner{left: ("[FunctionalDependency:(s: {flight}, t: {sched_dep_time})]", 0.0), operator: *, right: (1.0, 1.0), result: 0.0}
列 'p' 不存在，对列 sched_dep_time 不过滤，直接选择所有非无效值。
Block processing time: 0.014949 seconds
Computing Block 43 out of 441
Processing Block size=20
begin cleaner{left: ("[FunctionalDependency:(s: {flight}, t: {sched_dep_time})]", 0.0), operator: *, right: (1.0, 1.0), result: 0.0}
列 'p' 不存在，对列 sched_dep_time 不过滤，直接选择所有非无效值。
Block processing time: 0.01498 seconds
Computing Block 55 out of 441
Processing Block size=19
begin cleaner{left: ("[FunctionalDependency:(s: {flight}, t: {sched_dep_time})]", 0.0), operator: *, right: (1.0, 1.0), result: 0.0}
列 'p' 不存在，对列 sched_dep_time 不过滤，直接选择所有非无效值。
Block processing time: 0.014206 seconds
Computing Block 58 out of 441
Processing Block size=21
begin cleaner{left: ("[FunctionalDependency:(s: {flight}, t: {sched_dep_time})]", 0.0), operator: *, right: (1.0, 1.0), result: 0.0}
列 'p' 不存在，对列 sched_dep_time 不过滤，直接选择所有非无效值。
Block processing time: 0.015701 seconds
Computing Block 64 out of 441
Processing Block size=22
begin cleaner{left: ("[FunctionalDependency:(s: {flight}, t: {sched_dep_time})]", 0.0), operator: *, right: (1.0, 1.0), result: 0.0}
列 'p' 不存在，对列 sched_dep_time 不过滤，直接选择所有非无效值。
Block processing time: 0.016522 seconds
Computing Block 75 out of 441
Processing Block size=19
begin cleaner{left: ("[FunctionalDependency:(s: {flight}, t: {sched_dep_time})]", 0.0), operator: *, right: (1.0, 1.0), result: 0.0}
列 'p' 不存在，对列 sched_dep_time 不过滤，直接选择所有非无效值。
Block processing time: 0.014305 seconds
Computing Block 78 out of 441
Processing Block size=18
begin cleaner{left: ("[FunctionalDependency:(s: {flight}, t: {sched_dep_time})]", 0.0), operator: *, right: (1.0, 1.0), result: 0.0}
列 'p' 不存在，对列 sched_dep_time 不过滤，直接选择所有非无效值。
Block processing time: 0.013472 seconds
Computing Block 82 out of 441
Processing Block size=15
begin cleaner{left: ("[FunctionalDependency:(s: {flight}, t: {sched_dep_time})]", 0.0), operator: *, right: (1.0, 1.0), result: 0.0}
列 'p' 不存在，对列 sched_dep_time 不过滤，直接选择所有非无效值。
Block processing time: 0.011248 seconds
Computing Block 88 out of 441
Processing Block size=20
begin cleaner{left: ("[FunctionalDependency:(s: {flight}, t: {sched_dep_time})]", 0.0), operator: *, right: (1.0, 1.0), result: 0.0}
列 'p' 不存在，对列 sched_dep_time 不过滤，直接选择所有非无效值。
Block processing time: 0.014943 seconds
Computing Block 93 out of 441
Processing Block size=13
begin cleaner{left: ("[FunctionalDependency:(s: {flight}, t: {sched_dep_time})]", 0.0), operator: *, right: (1.0, 1.0), result: 0.0}
列 'p' 不存在，对列 sched_dep_time 不过滤，直接选择所有非无效值。
Block processing time: 0.009859 seconds
Computing Block 96 out of 441
Processing Block size=15
begin cleaner{left: ("[FunctionalDependency:(s: {flight}, t: {sched_dep_time})]", 0.0), operator: *, right: (1.0, 1.0), result: 0.0}
列 'p' 不存在，对列 sched_dep_time 不过滤，直接选择所有非无效值。
Block processing time: 0.0114 seconds
Computing Block 110 out of 441
Processing Block size=21
begin cleaner{left: ("[FunctionalDependency:(s: {flight}, t: {sched_dep_time})]", 0.0), operator: *, right: (1.0, 1.0), result: 0.0}
列 'p' 不存在，对列 sched_dep_time 不过滤，直接选择所有非无效值。
Block processing time: 0.015794 seconds
Computing Block 114 out of 441
Processing Block size=17
begin cleaner{left: ("[FunctionalDependency:(s: {flight}, t: {sched_dep_time})]", 0.0), operator: *, right: (1.0, 1.0), result: 0.0}
列 'p' 不存在，对列 sched_dep_time 不过滤，直接选择所有非无效值。
Block processing time: 0.012758 seconds
Computing Block 116 out of 441
Processing Block size=16
begin cleaner{left: ("[FunctionalDependency:(s: {flight}, t: {sched_dep_time})]", 0.0), operator: *, right: (1.0, 1.0), result: 0.0}
列 'p' 不存在，对列 sched_dep_time 不过滤，直接选择所有非无效值。
Block processing time: 0.012 seconds
Computing Block 119 out of 441
Processing Block size=15
begin cleaner{left: ("[FunctionalDependency:(s: {flight}, t: {sched_dep_time})]", 0.0), operator: *, right: (1.0, 1.0), result: 0.0}
列 'p' 不存在，对列 sched_dep_time 不过滤，直接选择所有非无效值。
Block processing time: 0.011248 seconds
Computing Block 126 out of 441
Processing Block size=17
begin cleaner{left: ("[FunctionalDependency:(s: {flight}, t: {sched_dep_time})]", 0.0), operator: *, right: (1.0, 1.0), result: 0.0}
列 'p' 不存在，对列 sched_dep_time 不过滤，直接选择所有非无效值。
Block processing time: 0.012722 seconds
Computing Block 131 out of 441
Processing Block size=18
begin cleaner{left: ("[FunctionalDependency:(s: {flight}, t: {sched_dep_time})]", 0.0), operator: *, right: (1.0, 1.0), result: 0.0}
列 'p' 不存在，对列 sched_dep_time 不过滤，直接选择所有非无效值。
Block processing time: 0.013571 seconds
Computing Block 132 out of 441
Processing Block size=17
begin cleaner{left: ("[FunctionalDependency:(s: {flight}, t: {sched_dep_time})]", 0.0), operator: *, right: (1.0, 1.0), result: 0.0}
列 'p' 不存在，对列 sched_dep_time 不过滤，直接选择所有非无效值。
Block processing time: 0.012729 seconds
Computing Block 133 out of 441
Processing Block size=18
begin cleaner{left: ("[FunctionalDependency:(s: {flight}, t: {sched_dep_time})]", 0.0), operator: *, right: (1.0, 1.0), result: 0.0}
列 'p' 不存在，对列 sched_dep_time 不过滤，直接选择所有非无效值。
Block processing time: 0.013496 seconds
Computing Block 135 out of 441
Processing Block size=22
begin cleaner{left: ("[FunctionalDependency:(s: {flight}, t: {sched_dep_time})]", 0.0), operator: *, right: (1.0, 1.0), result: 0.0}
列 'p' 不存在，对列 sched_dep_time 不过滤，直接选择所有非无效值。
Block processing time: 0.01651 seconds
Computing Block 138 out of 441
Processing Block size=21
begin cleaner{left: ("[FunctionalDependency:(s: {flight}, t: {sched_dep_time})]", 0.0), operator: *, right: (1.0, 1.0), result: 0.0}
列 'p' 不存在，对列 sched_dep_time 不过滤，直接选择所有非无效值。
Block processing time: 0.015786 seconds
Computing Block 139 out of 441
Processing Block size=10
begin cleaner{left: ("[FunctionalDependency:(s: {flight}, t: {sched_dep_time})]", 0.0), operator: *, right: (1.0, 1.0), result: 0.0}
列 'p' 不存在，对列 sched_dep_time 不过滤，直接选择所有非无效值。
Block processing time: 0.007601 seconds
Computing Block 143 out of 441
Processing Block size=14
begin cleaner{left: ("[FunctionalDependency:(s: {flight}, t: {sched_dep_time})]", 0.0), operator: *, right: (1.0, 1.0), result: 0.0}
列 'p' 不存在，对列 sched_dep_time 不过滤，直接选择所有非无效值。
Block processing time: 0.010489 seconds
Computing Block 148 out of 441
Processing Block size=15
begin cleaner{left: ("[FunctionalDependency:(s: {flight}, t: {sched_dep_time})]", 0.0), operator: *, right: (1.0, 1.0), result: 0.0}
列 'p' 不存在，对列 sched_dep_time 不过滤，直接选择所有非无效值。
Block processing time: 0.011311 seconds
Computing Block 165 out of 441
Processing Block size=16
begin cleaner{left: ("[FunctionalDependency:(s: {flight}, t: {sched_dep_time})]", 0.0), operator: *, right: (1.0, 1.0), result: 0.0}
列 'p' 不存在，对列 sched_dep_time 不过滤，直接选择所有非无效值。
Block processing time: 0.012103 seconds
Computing Block 170 out of 441
Processing Block size=14
begin cleaner{left: ("[FunctionalDependency:(s: {flight}, t: {sched_dep_time})]", 0.0), operator: *, right: (1.0, 1.0), result: 0.0}
列 'p' 不存在，对列 sched_dep_time 不过滤，直接选择所有非无效值。
Block processing time: 0.010517 seconds
Computing Block 174 out of 441
Processing Block size=18
begin cleaner{left: ("[FunctionalDependency:(s: {flight}, t: {sched_dep_time})]", 0.0), operator: *, right: (1.0, 1.0), result: 0.0}
列 'p' 不存在，对列 sched_dep_time 不过滤，直接选择所有非无效值。
Block processing time: 0.013492 seconds
Computing Block 185 out of 441
Processing Block size=19
begin cleaner{left: ("[FunctionalDependency:(s: {flight}, t: {sched_dep_time})]", 0.0), operator: *, right: (1.0, 1.0), result: 0.0}
列 'p' 不存在，对列 sched_dep_time 不过滤，直接选择所有非无效值。
Block processing time: 0.014582 seconds
Computing Block 187 out of 441
Processing Block size=2
begin cleaner{left: ("[FunctionalDependency:(s: {flight}, t: {sched_dep_time})]", 0.0), operator: *, right: (1.0, 1.0), result: 0.0}
列 'p' 不存在，对列 sched_dep_time 不过滤，直接选择所有非无效值。
Block processing time: 0.001642 seconds
Computing Block 192 out of 441
Processing Block size=15
begin cleaner{left: ("[FunctionalDependency:(s: {flight}, t: {sched_dep_time})]", 0.0), operator: *, right: (1.0, 1.0), result: 0.0}
列 'p' 不存在，对列 sched_dep_time 不过滤，直接选择所有非无效值。
Block processing time: 0.011484 seconds
Computing Block 193 out of 441
Processing Block size=16
begin cleaner{left: ("[FunctionalDependency:(s: {flight}, t: {sched_dep_time})]", 0.0), operator: *, right: (1.0, 1.0), result: 0.0}
列 'p' 不存在，对列 sched_dep_time 不过滤，直接选择所有非无效值。
Block processing time: 0.011674 seconds
Computing Block 194 out of 441
Processing Block size=20
begin cleaner{left: ("[FunctionalDependency:(s: {flight}, t: {sched_dep_time})]", 0.0), operator: *, right: (1.0, 1.0), result: 0.0}
列 'p' 不存在，对列 sched_dep_time 不过滤，直接选择所有非无效值。
Block processing time: 0.014726 seconds
Computing Block 198 out of 441
Processing Block size=15
begin cleaner{left: ("[FunctionalDependency:(s: {flight}, t: {sched_dep_time})]", 0.0), operator: *, right: (1.0, 1.0), result: 0.0}
列 'p' 不存在，对列 sched_dep_time 不过滤，直接选择所有非无效值。
Block processing time: 0.01139 seconds
Computing Block 199 out of 441
Processing Block size=16
begin cleaner{left: ("[FunctionalDependency:(s: {flight}, t: {sched_dep_time})]", 0.0), operator: *, right: (1.0, 1.0), result: 0.0}
列 'p' 不存在，对列 sched_dep_time 不过滤，直接选择所有非无效值。
Block processing time: 0.0117 seconds
Computing Block 202 out of 441
Processing Block size=16
begin cleaner{left: ("[FunctionalDependency:(s: {flight}, t: {sched_dep_time})]", 0.0), operator: *, right: (1.0, 1.0), result: 0.0}
列 'p' 不存在，对列 sched_dep_time 不过滤，直接选择所有非无效值。
Block processing time: 0.011515 seconds
Computing Block 207 out of 441
Processing Block size=2
begin cleaner{left: ("[FunctionalDependency:(s: {flight}, t: {sched_dep_time})]", 0.0), operator: *, right: (1.0, 1.0), result: 0.0}
列 'p' 不存在，对列 sched_dep_time 不过滤，直接选择所有非无效值。
Block processing time: 0.001544 seconds
Computing Block 218 out of 441
Processing Block size=14
begin cleaner{left: ("[FunctionalDependency:(s: {flight}, t: {sched_dep_time})]", 0.0), operator: *, right: (1.0, 1.0), result: 0.0}
列 'p' 不存在，对列 sched_dep_time 不过滤，直接选择所有非无效值。
Block processing time: 0.010139 seconds
Computing Block 230 out of 441
Processing Block size=21
begin cleaner{left: ("[FunctionalDependency:(s: {flight}, t: {sched_dep_time})]", 0.0), operator: *, right: (1.0, 1.0), result: 0.0}
列 'p' 不存在，对列 sched_dep_time 不过滤，直接选择所有非无效值。
Block processing time: 0.015116 seconds
Computing Block 233 out of 441
Processing Block size=16
begin cleaner{left: ("[FunctionalDependency:(s: {flight}, t: {sched_dep_time})]", 0.0), operator: *, right: (1.0, 1.0), result: 0.0}
列 'p' 不存在，对列 sched_dep_time 不过滤，直接选择所有非无效值。
Block processing time: 0.01158 seconds
Computing Block 235 out of 441
Processing Block size=15
begin cleaner{left: ("[FunctionalDependency:(s: {flight}, t: {sched_dep_time})]", 0.0), operator: *, right: (1.0, 1.0), result: 0.0}
列 'p' 不存在，对列 sched_dep_time 不过滤，直接选择所有非无效值。
Block processing time: 0.010924 seconds
Computing Block 236 out of 441
Processing Block size=18
begin cleaner{left: ("[FunctionalDependency:(s: {flight}, t: {sched_dep_time})]", 0.0), operator: *, right: (1.0, 1.0), result: 0.0}
列 'p' 不存在，对列 sched_dep_time 不过滤，直接选择所有非无效值。
Block processing time: 0.01308 seconds
Computing Block 246 out of 441
Processing Block size=18
begin cleaner{left: ("[FunctionalDependency:(s: {flight}, t: {sched_dep_time})]", 0.0), operator: *, right: (1.0, 1.0), result: 0.0}
列 'p' 不存在，对列 sched_dep_time 不过滤，直接选择所有非无效值。
Block processing time: 0.013105 seconds
Computing Block 249 out of 441
Processing Block size=17
begin cleaner{left: ("[FunctionalDependency:(s: {flight}, t: {sched_dep_time})]", 0.0), operator: *, right: (1.0, 1.0), result: 0.0}
列 'p' 不存在，对列 sched_dep_time 不过滤，直接选择所有非无效值。
Block processing time: 0.012334 seconds
Computing Block 254 out of 441
Processing Block size=17
begin cleaner{left: ("[FunctionalDependency:(s: {flight}, t: {sched_dep_time})]", 0.0), operator: *, right: (1.0, 1.0), result: 0.0}
列 'p' 不存在，对列 sched_dep_time 不过滤，直接选择所有非无效值。
Block processing time: 0.012417 seconds
Computing Block 255 out of 441
Processing Block size=17
begin cleaner{left: ("[FunctionalDependency:(s: {flight}, t: {sched_dep_time})]", 0.0), operator: *, right: (1.0, 1.0), result: 0.0}
列 'p' 不存在，对列 sched_dep_time 不过滤，直接选择所有非无效值。
Block processing time: 0.01232 seconds
Computing Block 256 out of 441
Processing Block size=15
begin cleaner{left: ("[FunctionalDependency:(s: {flight}, t: {sched_dep_time})]", 0.0), operator: *, right: (1.0, 1.0), result: 0.0}
列 'p' 不存在，对列 sched_dep_time 不过滤，直接选择所有非无效值。
Block processing time: 0.010915 seconds
Computing Block 264 out of 441
Processing Block size=14
begin cleaner{left: ("[FunctionalDependency:(s: {flight}, t: {sched_dep_time})]", 0.0), operator: *, right: (1.0, 1.0), result: 0.0}
列 'p' 不存在，对列 sched_dep_time 不过滤，直接选择所有非无效值。
Block processing time: 0.010175 seconds
Computing Block 269 out of 441
Processing Block size=11
begin cleaner{left: ("[FunctionalDependency:(s: {flight}, t: {sched_dep_time})]", 0.0), operator: *, right: (1.0, 1.0), result: 0.0}
列 'p' 不存在，对列 sched_dep_time 不过滤，直接选择所有非无效值。
Block processing time: 0.008064 seconds
Computing Block 270 out of 441
Processing Block size=16
begin cleaner{left: ("[FunctionalDependency:(s: {flight}, t: {sched_dep_time})]", 0.0), operator: *, right: (1.0, 1.0), result: 0.0}
列 'p' 不存在，对列 sched_dep_time 不过滤，直接选择所有非无效值。
Block processing time: 0.011644 seconds
Computing Block 273 out of 441
Processing Block size=19
begin cleaner{left: ("[FunctionalDependency:(s: {flight}, t: {sched_dep_time})]", 0.0), operator: *, right: (1.0, 1.0), result: 0.0}
列 'p' 不存在，对列 sched_dep_time 不过滤，直接选择所有非无效值。
Block processing time: 0.013735 seconds
Computing Block 276 out of 441
Processing Block size=19
begin cleaner{left: ("[FunctionalDependency:(s: {flight}, t: {sched_dep_time})]", 0.0), operator: *, right: (1.0, 1.0), result: 0.0}
列 'p' 不存在，对列 sched_dep_time 不过滤，直接选择所有非无效值。
Block processing time: 0.01385 seconds
Computing Block 290 out of 441
Processing Block size=16
begin cleaner{left: ("[FunctionalDependency:(s: {flight}, t: {sched_dep_time})]", 0.0), operator: *, right: (1.0, 1.0), result: 0.0}
列 'p' 不存在，对列 sched_dep_time 不过滤，直接选择所有非无效值。
Block processing time: 0.01157 seconds
Computing Block 295 out of 441
Processing Block size=17
begin cleaner{left: ("[FunctionalDependency:(s: {flight}, t: {sched_dep_time})]", 0.0), operator: *, right: (1.0, 1.0), result: 0.0}
列 'p' 不存在，对列 sched_dep_time 不过滤，直接选择所有非无效值。
Block processing time: 0.01228 seconds
Computing Block 298 out of 441
Processing Block size=18
begin cleaner{left: ("[FunctionalDependency:(s: {flight}, t: {sched_dep_time})]", 0.0), operator: *, right: (1.0, 1.0), result: 0.0}
列 'p' 不存在，对列 sched_dep_time 不过滤，直接选择所有非无效值。
Block processing time: 0.013004 seconds
Computing Block 306 out of 441
Processing Block size=20
begin cleaner{left: ("[FunctionalDependency:(s: {flight}, t: {sched_dep_time})]", 0.0), operator: *, right: (1.0, 1.0), result: 0.0}
列 'p' 不存在，对列 sched_dep_time 不过滤，直接选择所有非无效值。
Block processing time: 0.014474 seconds
Computing Block 313 out of 441
Processing Block size=20
begin cleaner{left: ("[FunctionalDependency:(s: {flight}, t: {sched_dep_time})]", 0.0), operator: *, right: (1.0, 1.0), result: 0.0}
列 'p' 不存在，对列 sched_dep_time 不过滤，直接选择所有非无效值。
Block processing time: 0.014435 seconds
Computing Block 317 out of 441
Processing Block size=22
begin cleaner{left: ("[FunctionalDependency:(s: {flight}, t: {sched_dep_time})]", 0.0), operator: *, right: (1.0, 1.0), result: 0.0}
列 'p' 不存在，对列 sched_dep_time 不过滤，直接选择所有非无效值。
Block processing time: 0.016021 seconds
Computing Block 320 out of 441
Processing Block size=15
begin cleaner{left: ("[FunctionalDependency:(s: {flight}, t: {sched_dep_time})]", 0.0), operator: *, right: (1.0, 1.0), result: 0.0}
列 'p' 不存在，对列 sched_dep_time 不过滤，直接选择所有非无效值。
Block processing time: 0.010866 seconds
Computing Block 321 out of 441
Processing Block size=21
begin cleaner{left: ("[FunctionalDependency:(s: {flight}, t: {sched_dep_time})]", 0.0), operator: *, right: (1.0, 1.0), result: 0.0}
列 'p' 不存在，对列 sched_dep_time 不过滤，直接选择所有非无效值。
Block processing time: 0.015259 seconds
Computing Block 325 out of 441
Processing Block size=13
begin cleaner{left: ("[FunctionalDependency:(s: {flight}, t: {sched_dep_time})]", 0.0), operator: *, right: (1.0, 1.0), result: 0.0}
列 'p' 不存在，对列 sched_dep_time 不过滤，直接选择所有非无效值。
Block processing time: 0.009414 seconds
Computing Block 327 out of 441
Processing Block size=23
begin cleaner{left: ("[FunctionalDependency:(s: {flight}, t: {sched_dep_time})]", 0.0), operator: *, right: (1.0, 1.0), result: 0.0}
列 'p' 不存在，对列 sched_dep_time 不过滤，直接选择所有非无效值。
Block processing time: 0.016566 seconds
Computing Block 337 out of 441
Processing Block size=11
begin cleaner{left: ("[FunctionalDependency:(s: {flight}, t: {sched_dep_time})]", 0.0), operator: *, right: (1.0, 1.0), result: 0.0}
列 'p' 不存在，对列 sched_dep_time 不过滤，直接选择所有非无效值。
Block processing time: 0.008043 seconds
Computing Block 346 out of 441
Processing Block size=11
begin cleaner{left: ("[FunctionalDependency:(s: {flight}, t: {sched_dep_time})]", 0.0), operator: *, right: (1.0, 1.0), result: 0.0}
列 'p' 不存在，对列 sched_dep_time 不过滤，直接选择所有非无效值。
Block processing time: 0.008163 seconds
Computing Block 349 out of 441
Processing Block size=13
begin cleaner{left: ("[FunctionalDependency:(s: {flight}, t: {sched_dep_time})]", 0.0), operator: *, right: (1.0, 1.0), result: 0.0}
列 'p' 不存在，对列 sched_dep_time 不过滤，直接选择所有非无效值。
Block processing time: 0.009387 seconds
Computing Block 354 out of 441
Processing Block size=12
begin cleaner{left: ("[FunctionalDependency:(s: {flight}, t: {sched_dep_time})]", 0.0), operator: *, right: (1.0, 1.0), result: 0.0}
列 'p' 不存在，对列 sched_dep_time 不过滤，直接选择所有非无效值。
Block processing time: 0.008741 seconds
Computing Block 362 out of 441
Processing Block size=23
begin cleaner{left: ("[FunctionalDependency:(s: {flight}, t: {sched_dep_time})]", 0.0), operator: *, right: (1.0, 1.0), result: 0.0}
列 'p' 不存在，对列 sched_dep_time 不过滤，直接选择所有非无效值。
Block processing time: 0.016747 seconds
Computing Block 363 out of 441
Processing Block size=21
begin cleaner{left: ("[FunctionalDependency:(s: {flight}, t: {sched_dep_time})]", 0.0), operator: *, right: (1.0, 1.0), result: 0.0}
列 'p' 不存在，对列 sched_dep_time 不过滤，直接选择所有非无效值。
Block processing time: 0.015104 seconds
Computing Block 364 out of 441
Processing Block size=15
begin cleaner{left: ("[FunctionalDependency:(s: {flight}, t: {sched_dep_time})]", 0.0), operator: *, right: (1.0, 1.0), result: 0.0}
列 'p' 不存在，对列 sched_dep_time 不过滤，直接选择所有非无效值。
Block processing time: 0.010853 seconds
Computing Block 365 out of 441
Processing Block size=14
begin cleaner{left: ("[FunctionalDependency:(s: {flight}, t: {sched_dep_time})]", 0.0), operator: *, right: (1.0, 1.0), result: 0.0}
列 'p' 不存在，对列 sched_dep_time 不过滤，直接选择所有非无效值。
Block processing time: 0.01014 seconds
Computing Block 367 out of 441
Processing Block size=18
begin cleaner{left: ("[FunctionalDependency:(s: {flight}, t: {sched_dep_time})]", 0.0), operator: *, right: (1.0, 1.0), result: 0.0}
列 'p' 不存在，对列 sched_dep_time 不过滤，直接选择所有非无效值。
Block processing time: 0.013005 seconds
Computing Block 370 out of 441
Processing Block size=20
begin cleaner{left: ("[FunctionalDependency:(s: {flight}, t: {sched_dep_time})]", 0.0), operator: *, right: (1.0, 1.0), result: 0.0}
列 'p' 不存在，对列 sched_dep_time 不过滤，直接选择所有非无效值。
Block processing time: 0.014409 seconds
Computing Block 375 out of 441
Processing Block size=13
begin cleaner{left: ("[FunctionalDependency:(s: {flight}, t: {sched_dep_time})]", 0.0), operator: *, right: (1.0, 1.0), result: 0.0}
列 'p' 不存在，对列 sched_dep_time 不过滤，直接选择所有非无效值。
Block processing time: 0.009421 seconds
Computing Block 380 out of 441
Processing Block size=18
begin cleaner{left: ("[FunctionalDependency:(s: {flight}, t: {sched_dep_time})]", 0.0), operator: *, right: (1.0, 1.0), result: 0.0}
列 'p' 不存在，对列 sched_dep_time 不过滤，直接选择所有非无效值。
Block processing time: 0.013096 seconds
Computing Block 382 out of 441
Processing Block size=15
begin cleaner{left: ("[FunctionalDependency:(s: {flight}, t: {sched_dep_time})]", 0.0), operator: *, right: (1.0, 1.0), result: 0.0}
列 'p' 不存在，对列 sched_dep_time 不过滤，直接选择所有非无效值。
Block processing time: 0.010997 seconds
Computing Block 385 out of 441
Processing Block size=24
begin cleaner{left: ("[FunctionalDependency:(s: {flight}, t: {sched_dep_time})]", 0.0), operator: *, right: (1.0, 1.0), result: 0.0}
列 'p' 不存在，对列 sched_dep_time 不过滤，直接选择所有非无效值。
Block processing time: 0.017509 seconds
Computing Block 387 out of 441
Processing Block size=19
begin cleaner{left: ("[FunctionalDependency:(s: {flight}, t: {sched_dep_time})]", 0.0), operator: *, right: (1.0, 1.0), result: 0.0}
列 'p' 不存在，对列 sched_dep_time 不过滤，直接选择所有非无效值。
Block processing time: 0.013888 seconds
Computing Block 399 out of 441
Processing Block size=11
begin cleaner{left: ("[FunctionalDependency:(s: {flight}, t: {sched_dep_time})]", 0.0), operator: *, right: (1.0, 1.0), result: 0.0}
列 'p' 不存在，对列 sched_dep_time 不过滤，直接选择所有非无效值。
Block processing time: 0.008124 seconds
Computing Block 400 out of 441
Processing Block size=19
begin cleaner{left: ("[FunctionalDependency:(s: {flight}, t: {sched_dep_time})]", 0.0), operator: *, right: (1.0, 1.0), result: 0.0}
列 'p' 不存在，对列 sched_dep_time 不过滤，直接选择所有非无效值。
Block processing time: 0.013733 seconds
Computing Block 402 out of 441
Processing Block size=17
begin cleaner{left: ("[FunctionalDependency:(s: {flight}, t: {sched_dep_time})]", 0.0), operator: *, right: (1.0, 1.0), result: 0.0}
列 'p' 不存在，对列 sched_dep_time 不过滤，直接选择所有非无效值。
Block processing time: 0.012199 seconds
Computing Block 403 out of 441
Processing Block size=14
begin cleaner{left: ("[FunctionalDependency:(s: {flight}, t: {sched_dep_time})]", 0.0), operator: *, right: (1.0, 1.0), result: 0.0}
列 'p' 不存在，对列 sched_dep_time 不过滤，直接选择所有非无效值。
Block processing time: 0.010116 seconds
Computing Block 407 out of 441
Processing Block size=16
begin cleaner{left: ("[FunctionalDependency:(s: {flight}, t: {sched_dep_time})]", 0.0), operator: *, right: (1.0, 1.0), result: 0.0}
列 'p' 不存在，对列 sched_dep_time 不过滤，直接选择所有非无效值。
Block processing time: 0.011614 seconds
Computing Block 409 out of 441
Processing Block size=16
begin cleaner{left: ("[FunctionalDependency:(s: {flight}, t: {sched_dep_time})]", 0.0), operator: *, right: (1.0, 1.0), result: 0.0}
列 'p' 不存在，对列 sched_dep_time 不过滤，直接选择所有非无效值。
Block processing time: 0.01169 seconds
Computing Block 411 out of 441
Processing Block size=16
begin cleaner{left: ("[FunctionalDependency:(s: {flight}, t: {sched_dep_time})]", 0.0), operator: *, right: (1.0, 1.0), result: 0.0}
列 'p' 不存在，对列 sched_dep_time 不过滤，直接选择所有非无效值。
Block processing time: 0.011577 seconds
Computing Block 412 out of 441
Processing Block size=12
begin cleaner{left: ("[FunctionalDependency:(s: {flight}, t: {sched_dep_time})]", 0.0), operator: *, right: (1.0, 1.0), result: 0.0}
列 'p' 不存在，对列 sched_dep_time 不过滤，直接选择所有非无效值。
Block processing time: 0.008759 seconds
WARNING:root:No partitioning rule specified, processing might be slow
Computing Block 413 out of 441
Processing Block size=13
begin cleaner{left: ("[FunctionalDependency:(s: {flight}, t: {sched_dep_time})]", 0.0), operator: *, right: (1.0, 1.0), result: 0.0}
列 'p' 不存在，对列 sched_dep_time 不过滤，直接选择所有非无效值。
Block processing time: 0.009559 seconds
Computing Block 414 out of 441
Processing Block size=17
begin cleaner{left: ("[FunctionalDependency:(s: {flight}, t: {sched_dep_time})]", 0.0), operator: *, right: (1.0, 1.0), result: 0.0}
列 'p' 不存在，对列 sched_dep_time 不过滤，直接选择所有非无效值。
Block processing time: 0.012261 seconds
Computing Block 416 out of 441
Processing Block size=14
begin cleaner{left: ("[FunctionalDependency:(s: {flight}, t: {sched_dep_time})]", 0.0), operator: *, right: (1.0, 1.0), result: 0.0}
列 'p' 不存在，对列 sched_dep_time 不过滤，直接选择所有非无效值。
Block processing time: 0.010102 seconds
Computing Block 417 out of 441
Processing Block size=15
begin cleaner{left: ("[FunctionalDependency:(s: {flight}, t: {sched_dep_time})]", 0.0), operator: *, right: (1.0, 1.0), result: 0.0}
列 'p' 不存在，对列 sched_dep_time 不过滤，直接选择所有非无效值。
Block processing time: 0.010825 seconds
Computing Block 420 out of 441
Processing Block size=14
begin cleaner{left: ("[FunctionalDependency:(s: {flight}, t: {sched_dep_time})]", 0.0), operator: *, right: (1.0, 1.0), result: 0.0}
列 'p' 不存在，对列 sched_dep_time 不过滤，直接选择所有非无效值。
Block processing time: 0.010196 seconds
Computing Block 427 out of 441
Processing Block size=17
begin cleaner{left: ("[FunctionalDependency:(s: {flight}, t: {sched_dep_time})]", 0.0), operator: *, right: (1.0, 1.0), result: 0.0}
列 'p' 不存在，对列 sched_dep_time 不过滤，直接选择所有非无效值。
Block processing time: 0.012377 seconds
Computing Block 430 out of 441
Processing Block size=20
begin cleaner{left: ("[FunctionalDependency:(s: {flight}, t: {sched_dep_time})]", 0.0), operator: *, right: (1.0, 1.0), result: 0.0}
列 'p' 不存在，对列 sched_dep_time 不过滤，直接选择所有非无效值。
Block processing time: 0.014447 seconds
Computing Block 431 out of 441
Processing Block size=21
begin cleaner{left: ("[FunctionalDependency:(s: {flight}, t: {sched_dep_time})]", 0.0), operator: *, right: (1.0, 1.0), result: 0.0}
列 'p' 不存在，对列 sched_dep_time 不过滤，直接选择所有非无效值。
Block processing time: 0.015251 seconds
Computing Block 433 out of 441
Processing Block size=12
begin cleaner{left: ("[FunctionalDependency:(s: {flight}, t: {sched_dep_time})]", 0.0), operator: *, right: (1.0, 1.0), result: 0.0}
列 'p' 不存在，对列 sched_dep_time 不过滤，直接选择所有非无效值。
Block processing time: 0.008694 seconds
Computing Block 435 out of 441
Processing Block size=16
begin cleaner{left: ("[FunctionalDependency:(s: {flight}, t: {sched_dep_time})]", 0.0), operator: *, right: (1.0, 1.0), result: 0.0}
列 'p' 不存在，对列 sched_dep_time 不过滤，直接选择所有非无效值。
Block processing time: 0.01202 seconds
  当前节点: sched_dep_time 无清洗操作
  当前节点: act_dep_time 存在可用清洗信号
数据块大小: 2376
分块属性:
[['flight']]
Starting initial block mapping...
Initial number of blocks: 441
Final number of blocks after further splitting: 441
Computing Block 2 out of 441
Processing Block size=15
begin cleaner[FunctionalDependency:(s: {'flight'}, t: {'act_dep_time'})]*1.0
列 'p' 不存在，对列 act_dep_time 不过滤，直接选择所有非无效值。
Block processing time: 0.011092 seconds
Computing Block 4 out of 441
Processing Block size=19
begin cleaner{left: ("[FunctionalDependency:(s: {flight}, t: {act_dep_time})]", 0.0), operator: *, right: (1.0, 1.0), result: 0.0}
列 'p' 不存在，对列 act_dep_time 不过滤，直接选择所有非无效值。
Block processing time: 0.013781 seconds
Computing Block 9 out of 441
Processing Block size=16
begin cleaner{left: ("[FunctionalDependency:(s: {flight}, t: {act_dep_time})]", 0.0), operator: *, right: (1.0, 1.0), result: 0.0}
列 'p' 不存在，对列 act_dep_time 不过滤，直接选择所有非无效值。
Block processing time: 0.011602 seconds
Computing Block 17 out of 441
Processing Block size=15
begin cleaner{left: ("[FunctionalDependency:(s: {flight}, t: {act_dep_time})]", 0.0), operator: *, right: (1.0, 1.0), result: 0.0}
列 'p' 不存在，对列 act_dep_time 不过滤，直接选择所有非无效值。
Block processing time: 0.010917 seconds
Computing Block 19 out of 441
Processing Block size=20
begin cleaner{left: ("[FunctionalDependency:(s: {flight}, t: {act_dep_time})]", 0.0), operator: *, right: (1.0, 1.0), result: 0.0}
列 'p' 不存在，对列 act_dep_time 不过滤，直接选择所有非无效值。
Block processing time: 0.014398 seconds
Computing Block 22 out of 441
Processing Block size=12
begin cleaner{left: ("[FunctionalDependency:(s: {flight}, t: {act_dep_time})]", 0.0), operator: *, right: (1.0, 1.0), result: 0.0}
列 'p' 不存在，对列 act_dep_time 不过滤，直接选择所有非无效值。
Block processing time: 0.008605 seconds
Computing Block 28 out of 441
Processing Block size=15
begin cleaner{left: ("[FunctionalDependency:(s: {flight}, t: {act_dep_time})]", 0.0), operator: *, right: (1.0, 1.0), result: 0.0}
列 'p' 不存在，对列 act_dep_time 不过滤，直接选择所有非无效值。
Block processing time: 0.01053 seconds
Computing Block 33 out of 441
Processing Block size=15
begin cleaner{left: ("[FunctionalDependency:(s: {flight}, t: {act_dep_time})]", 0.0), operator: *, right: (1.0, 1.0), result: 0.0}
列 'p' 不存在，对列 act_dep_time 不过滤，直接选择所有非无效值。
Block processing time: 0.010566 seconds
Computing Block 38 out of 441
Processing Block size=20
begin cleaner{left: ("[FunctionalDependency:(s: {flight}, t: {act_dep_time})]", 0.0), operator: *, right: (1.0, 1.0), result: 0.0}
列 'p' 不存在，对列 act_dep_time 不过滤，直接选择所有非无效值。
Block processing time: 0.014357 seconds
Computing Block 43 out of 441
Processing Block size=20
begin cleaner{left: ("[FunctionalDependency:(s: {flight}, t: {act_dep_time})]", 0.0), operator: *, right: (1.0, 1.0), result: 0.0}
列 'p' 不存在，对列 act_dep_time 不过滤，直接选择所有非无效值。
Block processing time: 0.014099 seconds
Computing Block 55 out of 441
Processing Block size=19
begin cleaner{left: ("[FunctionalDependency:(s: {flight}, t: {act_dep_time})]", 0.0), operator: *, right: (1.0, 1.0), result: 0.0}
列 'p' 不存在，对列 act_dep_time 不过滤，直接选择所有非无效值。
Block processing time: 0.013346 seconds
Computing Block 58 out of 441
Processing Block size=21
begin cleaner{left: ("[FunctionalDependency:(s: {flight}, t: {act_dep_time})]", 0.0), operator: *, right: (1.0, 1.0), result: 0.0}
列 'p' 不存在，对列 act_dep_time 不过滤，直接选择所有非无效值。
Block processing time: 0.015015 seconds
Computing Block 64 out of 441
Processing Block size=22
begin cleaner{left: ("[FunctionalDependency:(s: {flight}, t: {act_dep_time})]", 0.0), operator: *, right: (1.0, 1.0), result: 0.0}
列 'p' 不存在，对列 act_dep_time 不过滤，直接选择所有非无效值。
Block processing time: 0.015882 seconds
Computing Block 75 out of 441
Processing Block size=19
begin cleaner{left: ("[FunctionalDependency:(s: {flight}, t: {act_dep_time})]", 0.0), operator: *, right: (1.0, 1.0), result: 0.0}
列 'p' 不存在，对列 act_dep_time 不过滤，直接选择所有非无效值。
Block processing time: 0.013641 seconds
Computing Block 78 out of 441
Processing Block size=18
begin cleaner{left: ("[FunctionalDependency:(s: {flight}, t: {act_dep_time})]", 0.0), operator: *, right: (1.0, 1.0), result: 0.0}
列 'p' 不存在，对列 act_dep_time 不过滤，直接选择所有非无效值。
Block processing time: 0.012723 seconds
Computing Block 82 out of 441
Processing Block size=15
begin cleaner{left: ("[FunctionalDependency:(s: {flight}, t: {act_dep_time})]", 0.0), operator: *, right: (1.0, 1.0), result: 0.0}
列 'p' 不存在，对列 act_dep_time 不过滤，直接选择所有非无效值。
Block processing time: 0.010803 seconds
Computing Block 88 out of 441
Processing Block size=20
begin cleaner{left: ("[FunctionalDependency:(s: {flight}, t: {act_dep_time})]", 0.0), operator: *, right: (1.0, 1.0), result: 0.0}
列 'p' 不存在，对列 act_dep_time 不过滤，直接选择所有非无效值。
Block processing time: 0.01412 seconds
Computing Block 93 out of 441
Processing Block size=13
begin cleaner{left: ("[FunctionalDependency:(s: {flight}, t: {act_dep_time})]", 0.0), operator: *, right: (1.0, 1.0), result: 0.0}
列 'p' 不存在，对列 act_dep_time 不过滤，直接选择所有非无效值。
Block processing time: 0.009247 seconds
Computing Block 96 out of 441
Processing Block size=15
begin cleaner{left: ("[FunctionalDependency:(s: {flight}, t: {act_dep_time})]", 0.0), operator: *, right: (1.0, 1.0), result: 0.0}
列 'p' 不存在，对列 act_dep_time 不过滤，直接选择所有非无效值。
Block processing time: 0.010938 seconds
Computing Block 110 out of 441
Processing Block size=21
begin cleaner{left: ("[FunctionalDependency:(s: {flight}, t: {act_dep_time})]", 0.0), operator: *, right: (1.0, 1.0), result: 0.0}
列 'p' 不存在，对列 act_dep_time 不过滤，直接选择所有非无效值。
Block processing time: 0.020765 seconds
Computing Block 114 out of 441
Processing Block size=17
begin cleaner{left: ("[FunctionalDependency:(s: {flight}, t: {act_dep_time})]", 0.0), operator: *, right: (1.0, 1.0), result: 0.0}
列 'p' 不存在，对列 act_dep_time 不过滤，直接选择所有非无效值。
Block processing time: 0.04386 seconds
Computing Block 116 out of 441
Processing Block size=16
begin cleaner{left: ("[FunctionalDependency:(s: {flight}, t: {act_dep_time})]", 0.0), operator: *, right: (1.0, 1.0), result: 0.0}
列 'p' 不存在，对列 act_dep_time 不过滤，直接选择所有非无效值。
Block processing time: 0.013549 seconds
Computing Block 119 out of 441
Processing Block size=15
begin cleaner{left: ("[FunctionalDependency:(s: {flight}, t: {act_dep_time})]", 0.0), operator: *, right: (1.0, 1.0), result: 0.0}
列 'p' 不存在，对列 act_dep_time 不过滤，直接选择所有非无效值。
Block processing time: 0.011904 seconds
Computing Block 126 out of 441
Processing Block size=17
begin cleaner{left: ("[FunctionalDependency:(s: {flight}, t: {act_dep_time})]", 0.0), operator: *, right: (1.0, 1.0), result: 0.0}
列 'p' 不存在，对列 act_dep_time 不过滤，直接选择所有非无效值。
Block processing time: 0.013399 seconds
Computing Block 131 out of 441
Processing Block size=18
begin cleaner{left: ("[FunctionalDependency:(s: {flight}, t: {act_dep_time})]", 0.0), operator: *, right: (1.0, 1.0), result: 0.0}
列 'p' 不存在，对列 act_dep_time 不过滤，直接选择所有非无效值。
Block processing time: 0.013658 seconds
Computing Block 132 out of 441
Processing Block size=17
begin cleaner{left: ("[FunctionalDependency:(s: {flight}, t: {act_dep_time})]", 0.0), operator: *, right: (1.0, 1.0), result: 0.0}
列 'p' 不存在，对列 act_dep_time 不过滤，直接选择所有非无效值。
Block processing time: 0.012818 seconds
Computing Block 133 out of 441
Processing Block size=18
begin cleaner{left: ("[FunctionalDependency:(s: {flight}, t: {act_dep_time})]", 0.0), operator: *, right: (1.0, 1.0), result: 0.0}
列 'p' 不存在，对列 act_dep_time 不过滤，直接选择所有非无效值。
Block processing time: 0.013019 seconds
Computing Block 135 out of 441
Processing Block size=22
begin cleaner{left: ("[FunctionalDependency:(s: {flight}, t: {act_dep_time})]", 0.0), operator: *, right: (1.0, 1.0), result: 0.0}
列 'p' 不存在，对列 act_dep_time 不过滤，直接选择所有非无效值。
Block processing time: 0.016528 seconds
Computing Block 138 out of 441
Processing Block size=21
begin cleaner{left: ("[FunctionalDependency:(s: {flight}, t: {act_dep_time})]", 0.0), operator: *, right: (1.0, 1.0), result: 0.0}
列 'p' 不存在，对列 act_dep_time 不过滤，直接选择所有非无效值。
Block processing time: 0.015399 seconds
Computing Block 139 out of 441
Processing Block size=10
begin cleaner{left: ("[FunctionalDependency:(s: {flight}, t: {act_dep_time})]", 0.0), operator: *, right: (1.0, 1.0), result: 0.0}
列 'p' 不存在，对列 act_dep_time 不过滤，直接选择所有非无效值。
Block processing time: 0.007825 seconds
Computing Block 143 out of 441
Processing Block size=14
begin cleaner{left: ("[FunctionalDependency:(s: {flight}, t: {act_dep_time})]", 0.0), operator: *, right: (1.0, 1.0), result: 0.0}
列 'p' 不存在，对列 act_dep_time 不过滤，直接选择所有非无效值。
Block processing time: 0.010177 seconds
Computing Block 148 out of 441
Processing Block size=15
begin cleaner{left: ("[FunctionalDependency:(s: {flight}, t: {act_dep_time})]", 0.0), operator: *, right: (1.0, 1.0), result: 0.0}
列 'p' 不存在，对列 act_dep_time 不过滤，直接选择所有非无效值。
Block processing time: 0.010912 seconds
Computing Block 165 out of 441
Processing Block size=16
begin cleaner{left: ("[FunctionalDependency:(s: {flight}, t: {act_dep_time})]", 0.0), operator: *, right: (1.0, 1.0), result: 0.0}
列 'p' 不存在，对列 act_dep_time 不过滤，直接选择所有非无效值。
Block processing time: 0.011717 seconds
Computing Block 170 out of 441
Processing Block size=14
begin cleaner{left: ("[FunctionalDependency:(s: {flight}, t: {act_dep_time})]", 0.0), operator: *, right: (1.0, 1.0), result: 0.0}
列 'p' 不存在，对列 act_dep_time 不过滤，直接选择所有非无效值。
Block processing time: 0.010199 seconds
Computing Block 174 out of 441
Processing Block size=18
begin cleaner{left: ("[FunctionalDependency:(s: {flight}, t: {act_dep_time})]", 0.0), operator: *, right: (1.0, 1.0), result: 0.0}
列 'p' 不存在，对列 act_dep_time 不过滤，直接选择所有非无效值。
Block processing time: 0.013341 seconds
Computing Block 185 out of 441
Processing Block size=19
begin cleaner{left: ("[FunctionalDependency:(s: {flight}, t: {act_dep_time})]", 0.0), operator: *, right: (1.0, 1.0), result: 0.0}
列 'p' 不存在，对列 act_dep_time 不过滤，直接选择所有非无效值。
Block processing time: 0.013978 seconds
Computing Block 187 out of 441
Processing Block size=2
begin cleaner{left: ("[FunctionalDependency:(s: {flight}, t: {act_dep_time})]", 0.0), operator: *, right: (1.0, 1.0), result: 0.0}
列 'p' 不存在，对列 act_dep_time 不过滤，直接选择所有非无效值。
Block processing time: 0.001591 seconds
Computing Block 192 out of 441
Processing Block size=15
begin cleaner{left: ("[FunctionalDependency:(s: {flight}, t: {act_dep_time})]", 0.0), operator: *, right: (1.0, 1.0), result: 0.0}
列 'p' 不存在，对列 act_dep_time 不过滤，直接选择所有非无效值。
Block processing time: 0.010877 seconds
Computing Block 193 out of 441
Processing Block size=16
begin cleaner{left: ("[FunctionalDependency:(s: {flight}, t: {act_dep_time})]", 0.0), operator: *, right: (1.0, 1.0), result: 0.0}
列 'p' 不存在，对列 act_dep_time 不过滤，直接选择所有非无效值。
Block processing time: 0.011688 seconds
Computing Block 194 out of 441
Processing Block size=20
begin cleaner{left: ("[FunctionalDependency:(s: {flight}, t: {act_dep_time})]", 0.0), operator: *, right: (1.0, 1.0), result: 0.0}
列 'p' 不存在，对列 act_dep_time 不过滤，直接选择所有非无效值。
Block processing time: 0.014619 seconds
Computing Block 198 out of 441
Processing Block size=15
begin cleaner{left: ("[FunctionalDependency:(s: {flight}, t: {act_dep_time})]", 0.0), operator: *, right: (1.0, 1.0), result: 0.0}
列 'p' 不存在，对列 act_dep_time 不过滤，直接选择所有非无效值。
Block processing time: 0.011 seconds
Computing Block 199 out of 441
Processing Block size=16
begin cleaner{left: ("[FunctionalDependency:(s: {flight}, t: {act_dep_time})]", 0.0), operator: *, right: (1.0, 1.0), result: 0.0}
列 'p' 不存在，对列 act_dep_time 不过滤，直接选择所有非无效值。
Block processing time: 0.011786 seconds
Computing Block 202 out of 441
Processing Block size=16
begin cleaner{left: ("[FunctionalDependency:(s: {flight}, t: {act_dep_time})]", 0.0), operator: *, right: (1.0, 1.0), result: 0.0}
列 'p' 不存在，对列 act_dep_time 不过滤，直接选择所有非无效值。
Block processing time: 0.011672 seconds
Computing Block 207 out of 441
Processing Block size=2
begin cleaner{left: ("[FunctionalDependency:(s: {flight}, t: {act_dep_time})]", 0.0), operator: *, right: (1.0, 1.0), result: 0.0}
列 'p' 不存在，对列 act_dep_time 不过滤，直接选择所有非无效值。
Block processing time: 0.001546 seconds
Computing Block 218 out of 441
Processing Block size=14
begin cleaner{left: ("[FunctionalDependency:(s: {flight}, t: {act_dep_time})]", 0.0), operator: *, right: (1.0, 1.0), result: 0.0}
列 'p' 不存在，对列 act_dep_time 不过滤，直接选择所有非无效值。
Block processing time: 0.010259 seconds
Computing Block 230 out of 441
Processing Block size=21
begin cleaner{left: ("[FunctionalDependency:(s: {flight}, t: {act_dep_time})]", 0.0), operator: *, right: (1.0, 1.0), result: 0.0}
列 'p' 不存在，对列 act_dep_time 不过滤，直接选择所有非无效值。
Block processing time: 0.015295 seconds
Computing Block 233 out of 441
Processing Block size=16
begin cleaner{left: ("[FunctionalDependency:(s: {flight}, t: {act_dep_time})]", 0.0), operator: *, right: (1.0, 1.0), result: 0.0}
列 'p' 不存在，对列 act_dep_time 不过滤，直接选择所有非无效值。
Block processing time: 0.011612 seconds
Computing Block 235 out of 441
Processing Block size=15
begin cleaner{left: ("[FunctionalDependency:(s: {flight}, t: {act_dep_time})]", 0.0), operator: *, right: (1.0, 1.0), result: 0.0}
列 'p' 不存在，对列 act_dep_time 不过滤，直接选择所有非无效值。
Block processing time: 0.011306 seconds
Computing Block 236 out of 441
Processing Block size=18
begin cleaner{left: ("[FunctionalDependency:(s: {flight}, t: {act_dep_time})]", 0.0), operator: *, right: (1.0, 1.0), result: 0.0}
列 'p' 不存在，对列 act_dep_time 不过滤，直接选择所有非无效值。
Block processing time: 0.013056 seconds
Computing Block 246 out of 441
Processing Block size=18
begin cleaner{left: ("[FunctionalDependency:(s: {flight}, t: {act_dep_time})]", 0.0), operator: *, right: (1.0, 1.0), result: 0.0}
列 'p' 不存在，对列 act_dep_time 不过滤，直接选择所有非无效值。
Block processing time: 0.013033 seconds
Computing Block 249 out of 441
Processing Block size=17
begin cleaner{left: ("[FunctionalDependency:(s: {flight}, t: {act_dep_time})]", 0.0), operator: *, right: (1.0, 1.0), result: 0.0}
列 'p' 不存在，对列 act_dep_time 不过滤，直接选择所有非无效值。
Block processing time: 0.012336 seconds
Computing Block 254 out of 441
Processing Block size=17
begin cleaner{left: ("[FunctionalDependency:(s: {flight}, t: {act_dep_time})]", 0.0), operator: *, right: (1.0, 1.0), result: 0.0}
列 'p' 不存在，对列 act_dep_time 不过滤，直接选择所有非无效值。
Block processing time: 0.012355 seconds
Computing Block 255 out of 441
Processing Block size=17
begin cleaner{left: ("[FunctionalDependency:(s: {flight}, t: {act_dep_time})]", 0.0), operator: *, right: (1.0, 1.0), result: 0.0}
列 'p' 不存在，对列 act_dep_time 不过滤，直接选择所有非无效值。
Block processing time: 0.012449 seconds
Computing Block 256 out of 441
Processing Block size=15
begin cleaner{left: ("[FunctionalDependency:(s: {flight}, t: {act_dep_time})]", 0.0), operator: *, right: (1.0, 1.0), result: 0.0}
列 'p' 不存在，对列 act_dep_time 不过滤，直接选择所有非无效值。
Block processing time: 0.01093 seconds
Computing Block 264 out of 441
Processing Block size=14
begin cleaner{left: ("[FunctionalDependency:(s: {flight}, t: {act_dep_time})]", 0.0), operator: *, right: (1.0, 1.0), result: 0.0}
列 'p' 不存在，对列 act_dep_time 不过滤，直接选择所有非无效值。
Block processing time: 0.010207 seconds
Computing Block 269 out of 441
Processing Block size=11
begin cleaner{left: ("[FunctionalDependency:(s: {flight}, t: {act_dep_time})]", 0.0), operator: *, right: (1.0, 1.0), result: 0.0}
列 'p' 不存在，对列 act_dep_time 不过滤，直接选择所有非无效值。
Block processing time: 0.00814 seconds
Computing Block 270 out of 441
Processing Block size=16
begin cleaner{left: ("[FunctionalDependency:(s: {flight}, t: {act_dep_time})]", 0.0), operator: *, right: (1.0, 1.0), result: 0.0}
列 'p' 不存在，对列 act_dep_time 不过滤，直接选择所有非无效值。
Block processing time: 0.011622 seconds
Computing Block 273 out of 441
Processing Block size=19
begin cleaner{left: ("[FunctionalDependency:(s: {flight}, t: {act_dep_time})]", 0.0), operator: *, right: (1.0, 1.0), result: 0.0}
列 'p' 不存在，对列 act_dep_time 不过滤，直接选择所有非无效值。
Block processing time: 0.013883 seconds
Computing Block 276 out of 441
Processing Block size=19
begin cleaner{left: ("[FunctionalDependency:(s: {flight}, t: {act_dep_time})]", 0.0), operator: *, right: (1.0, 1.0), result: 0.0}
列 'p' 不存在，对列 act_dep_time 不过滤，直接选择所有非无效值。
Block processing time: 0.014108 seconds
Computing Block 290 out of 441
Processing Block size=16
begin cleaner{left: ("[FunctionalDependency:(s: {flight}, t: {act_dep_time})]", 0.0), operator: *, right: (1.0, 1.0), result: 0.0}
列 'p' 不存在，对列 act_dep_time 不过滤，直接选择所有非无效值。
Block processing time: 0.012085 seconds
Computing Block 295 out of 441
Processing Block size=17
begin cleaner{left: ("[FunctionalDependency:(s: {flight}, t: {act_dep_time})]", 0.0), operator: *, right: (1.0, 1.0), result: 0.0}
列 'p' 不存在，对列 act_dep_time 不过滤，直接选择所有非无效值。
Block processing time: 0.012967 seconds
Computing Block 298 out of 441
Processing Block size=18
begin cleaner{left: ("[FunctionalDependency:(s: {flight}, t: {act_dep_time})]", 0.0), operator: *, right: (1.0, 1.0), result: 0.0}
列 'p' 不存在，对列 act_dep_time 不过滤，直接选择所有非无效值。
Block processing time: 0.013715 seconds
Computing Block 306 out of 441
Processing Block size=20
begin cleaner{left: ("[FunctionalDependency:(s: {flight}, t: {act_dep_time})]", 0.0), operator: *, right: (1.0, 1.0), result: 0.0}
列 'p' 不存在，对列 act_dep_time 不过滤，直接选择所有非无效值。
Block processing time: 0.01566 seconds
Computing Block 313 out of 441
Processing Block size=20
begin cleaner{left: ("[FunctionalDependency:(s: {flight}, t: {act_dep_time})]", 0.0), operator: *, right: (1.0, 1.0), result: 0.0}
列 'p' 不存在，对列 act_dep_time 不过滤，直接选择所有非无效值。
Block processing time: 0.01527 seconds
Computing Block 317 out of 441
Processing Block size=22
begin cleaner{left: ("[FunctionalDependency:(s: {flight}, t: {act_dep_time})]", 0.0), operator: *, right: (1.0, 1.0), result: 0.0}
列 'p' 不存在，对列 act_dep_time 不过滤，直接选择所有非无效值。
Block processing time: 0.016981 seconds
Computing Block 320 out of 441
Processing Block size=15
begin cleaner{left: ("[FunctionalDependency:(s: {flight}, t: {act_dep_time})]", 0.0), operator: *, right: (1.0, 1.0), result: 0.0}
列 'p' 不存在，对列 act_dep_time 不过滤，直接选择所有非无效值。
Block processing time: 0.011282 seconds
Computing Block 321 out of 441
Processing Block size=21
begin cleaner{left: ("[FunctionalDependency:(s: {flight}, t: {act_dep_time})]", 0.0), operator: *, right: (1.0, 1.0), result: 0.0}
列 'p' 不存在，对列 act_dep_time 不过滤，直接选择所有非无效值。
Block processing time: 0.015775 seconds
Computing Block 325 out of 441
Processing Block size=13
begin cleaner{left: ("[FunctionalDependency:(s: {flight}, t: {act_dep_time})]", 0.0), operator: *, right: (1.0, 1.0), result: 0.0}
列 'p' 不存在，对列 act_dep_time 不过滤，直接选择所有非无效值。
Block processing time: 0.009968 seconds
Computing Block 327 out of 441
Processing Block size=23
begin cleaner{left: ("[FunctionalDependency:(s: {flight}, t: {act_dep_time})]", 0.0), operator: *, right: (1.0, 1.0), result: 0.0}
列 'p' 不存在，对列 act_dep_time 不过滤，直接选择所有非无效值。
Block processing time: 0.01729 seconds
Computing Block 337 out of 441
Processing Block size=11
begin cleaner{left: ("[FunctionalDependency:(s: {flight}, t: {act_dep_time})]", 0.0), operator: *, right: (1.0, 1.0), result: 0.0}
列 'p' 不存在，对列 act_dep_time 不过滤，直接选择所有非无效值。
Block processing time: 0.008318 seconds
Computing Block 346 out of 441
Processing Block size=11
begin cleaner{left: ("[FunctionalDependency:(s: {flight}, t: {act_dep_time})]", 0.0), operator: *, right: (1.0, 1.0), result: 0.0}
列 'p' 不存在，对列 act_dep_time 不过滤，直接选择所有非无效值。
Block processing time: 0.008272 seconds
Computing Block 349 out of 441
Processing Block size=13
begin cleaner{left: ("[FunctionalDependency:(s: {flight}, t: {act_dep_time})]", 0.0), operator: *, right: (1.0, 1.0), result: 0.0}
列 'p' 不存在，对列 act_dep_time 不过滤，直接选择所有非无效值。
Block processing time: 0.00987 seconds
Computing Block 354 out of 441
Processing Block size=12
begin cleaner{left: ("[FunctionalDependency:(s: {flight}, t: {act_dep_time})]", 0.0), operator: *, right: (1.0, 1.0), result: 0.0}
列 'p' 不存在，对列 act_dep_time 不过滤，直接选择所有非无效值。
Block processing time: 0.00904 seconds
Computing Block 362 out of 441
Processing Block size=23
begin cleaner{left: ("[FunctionalDependency:(s: {flight}, t: {act_dep_time})]", 0.0), operator: *, right: (1.0, 1.0), result: 0.0}
列 'p' 不存在，对列 act_dep_time 不过滤，直接选择所有非无效值。
Block processing time: 0.017233 seconds
Computing Block 363 out of 441
Processing Block size=21
begin cleaner{left: ("[FunctionalDependency:(s: {flight}, t: {act_dep_time})]", 0.0), operator: *, right: (1.0, 1.0), result: 0.0}
列 'p' 不存在，对列 act_dep_time 不过滤，直接选择所有非无效值。
Block processing time: 0.015762 seconds
Computing Block 364 out of 441
Processing Block size=15
begin cleaner{left: ("[FunctionalDependency:(s: {flight}, t: {act_dep_time})]", 0.0), operator: *, right: (1.0, 1.0), result: 0.0}
列 'p' 不存在，对列 act_dep_time 不过滤，直接选择所有非无效值。
Block processing time: 0.011398 seconds
Computing Block 365 out of 441
Processing Block size=14
begin cleaner{left: ("[FunctionalDependency:(s: {flight}, t: {act_dep_time})]", 0.0), operator: *, right: (1.0, 1.0), result: 0.0}
列 'p' 不存在，对列 act_dep_time 不过滤，直接选择所有非无效值。
Block processing time: 0.010529 seconds
Computing Block 367 out of 441
Processing Block size=18
begin cleaner{left: ("[FunctionalDependency:(s: {flight}, t: {act_dep_time})]", 0.0), operator: *, right: (1.0, 1.0), result: 0.0}
列 'p' 不存在，对列 act_dep_time 不过滤，直接选择所有非无效值。
Block processing time: 0.013549 seconds
Computing Block 370 out of 441
Processing Block size=20
begin cleaner{left: ("[FunctionalDependency:(s: {flight}, t: {act_dep_time})]", 0.0), operator: *, right: (1.0, 1.0), result: 0.0}
列 'p' 不存在，对列 act_dep_time 不过滤，直接选择所有非无效值。
Block processing time: 0.014955 seconds
Computing Block 375 out of 441
Processing Block size=13
begin cleaner{left: ("[FunctionalDependency:(s: {flight}, t: {act_dep_time})]", 0.0), operator: *, right: (1.0, 1.0), result: 0.0}
列 'p' 不存在，对列 act_dep_time 不过滤，直接选择所有非无效值。
Block processing time: 0.009791 seconds
Computing Block 380 out of 441
Processing Block size=18
begin cleaner{left: ("[FunctionalDependency:(s: {flight}, t: {act_dep_time})]", 0.0), operator: *, right: (1.0, 1.0), result: 0.0}
列 'p' 不存在，对列 act_dep_time 不过滤，直接选择所有非无效值。
Block processing time: 0.013535 seconds
Computing Block 382 out of 441
Processing Block size=15
begin cleaner{left: ("[FunctionalDependency:(s: {flight}, t: {act_dep_time})]", 0.0), operator: *, right: (1.0, 1.0), result: 0.0}
列 'p' 不存在，对列 act_dep_time 不过滤，直接选择所有非无效值。
Block processing time: 0.012279 seconds
Computing Block 385 out of 441
Processing Block size=24
begin cleaner{left: ("[FunctionalDependency:(s: {flight}, t: {act_dep_time})]", 0.0), operator: *, right: (1.0, 1.0), result: 0.0}
列 'p' 不存在，对列 act_dep_time 不过滤，直接选择所有非无效值。
Block processing time: 0.020693 seconds
Computing Block 387 out of 441
Processing Block size=19
begin cleaner{left: ("[FunctionalDependency:(s: {flight}, t: {act_dep_time})]", 0.0), operator: *, right: (1.0, 1.0), result: 0.0}
列 'p' 不存在，对列 act_dep_time 不过滤，直接选择所有非无效值。
Block processing time: 0.014798 seconds
Computing Block 399 out of 441
Processing Block size=11
begin cleaner{left: ("[FunctionalDependency:(s: {flight}, t: {act_dep_time})]", 0.0), operator: *, right: (1.0, 1.0), result: 0.0}
列 'p' 不存在，对列 act_dep_time 不过滤，直接选择所有非无效值。
Block processing time: 0.008928 seconds
Computing Block 400 out of 441
Processing Block size=19
begin cleaner{left: ("[FunctionalDependency:(s: {flight}, t: {act_dep_time})]", 0.0), operator: *, right: (1.0, 1.0), result: 0.0}
列 'p' 不存在，对列 act_dep_time 不过滤，直接选择所有非无效值。
Block processing time: 0.014708 seconds
Computing Block 402 out of 441
Processing Block size=17
begin cleaner{left: ("[FunctionalDependency:(s: {flight}, t: {act_dep_time})]", 0.0), operator: *, right: (1.0, 1.0), result: 0.0}
列 'p' 不存在，对列 act_dep_time 不过滤，直接选择所有非无效值。
Block processing time: 0.012966 seconds
Computing Block 403 out of 441
Processing Block size=14
begin cleaner{left: ("[FunctionalDependency:(s: {flight}, t: {act_dep_time})]", 0.0), operator: *, right: (1.0, 1.0), result: 0.0}
列 'p' 不存在，对列 act_dep_time 不过滤，直接选择所有非无效值。
Block processing time: 0.01094 seconds
Computing Block 407 out of 441
Processing Block size=16
begin cleaner{left: ("[FunctionalDependency:(s: {flight}, t: {act_dep_time})]", 0.0), operator: *, right: (1.0, 1.0), result: 0.0}
列 'p' 不存在，对列 act_dep_time 不过滤，直接选择所有非无效值。
Block processing time: 0.012086 seconds
Computing Block 409 out of 441
Processing Block size=16
begin cleaner{left: ("[FunctionalDependency:(s: {flight}, t: {act_dep_time})]", 0.0), operator: *, right: (1.0, 1.0), result: 0.0}
列 'p' 不存在，对列 act_dep_time 不过滤，直接选择所有非无效值。
Block processing time: 0.012057 seconds
Computing Block 411 out of 441
Processing Block size=16
begin cleaner{left: ("[FunctionalDependency:(s: {flight}, t: {act_dep_time})]", 0.0), operator: *, right: (1.0, 1.0), result: 0.0}
列 'p' 不存在，对列 act_dep_time 不过滤，直接选择所有非无效值。
Block processing time: 0.012044 seconds
Computing Block 412 out of 441
Processing Block size=12
begin cleaner{left: ("[FunctionalDependency:(s: {flight}, t: {act_dep_time})]", 0.0), operator: *, right: (1.0, 1.0), result: 0.0}
列 'p' 不存在，对列 act_dep_time 不过滤，直接选择所有非无效值。
Block processing time: 0.00902 seconds
Computing Block 413 out of 441
Processing Block size=13
begin cleaner{left: ("[FunctionalDependency:(s: {flight}, t: {act_dep_time})]", 0.0), operator: *, right: (1.0, 1.0), result: 0.0}
列 'p' 不存在，对列 act_dep_time 不过滤，直接选择所有非无效值。
Block processing time: 0.009763 seconds
Computing Block 414 out of 441
Processing Block size=17
WARNING:root:No partitioning rule specified, processing might be slow
begin cleaner{left: ("[FunctionalDependency:(s: {flight}, t: {act_dep_time})]", 0.0), operator: *, right: (1.0, 1.0), result: 0.0}
列 'p' 不存在，对列 act_dep_time 不过滤，直接选择所有非无效值。
Block processing time: 0.012816 seconds
Computing Block 416 out of 441
Processing Block size=14
begin cleaner{left: ("[FunctionalDependency:(s: {flight}, t: {act_dep_time})]", 0.0), operator: *, right: (1.0, 1.0), result: 0.0}
列 'p' 不存在，对列 act_dep_time 不过滤，直接选择所有非无效值。
Block processing time: 0.010483 seconds
Computing Block 417 out of 441
Processing Block size=15
begin cleaner{left: ("[FunctionalDependency:(s: {flight}, t: {act_dep_time})]", 0.0), operator: *, right: (1.0, 1.0), result: 0.0}
列 'p' 不存在，对列 act_dep_time 不过滤，直接选择所有非无效值。
Block processing time: 0.01131 seconds
Computing Block 420 out of 441
Processing Block size=14
begin cleaner{left: ("[FunctionalDependency:(s: {flight}, t: {act_dep_time})]", 0.0), operator: *, right: (1.0, 1.0), result: 0.0}
列 'p' 不存在，对列 act_dep_time 不过滤，直接选择所有非无效值。
Block processing time: 0.010607 seconds
Computing Block 427 out of 441
Processing Block size=17
begin cleaner{left: ("[FunctionalDependency:(s: {flight}, t: {act_dep_time})]", 0.0), operator: *, right: (1.0, 1.0), result: 0.0}
列 'p' 不存在，对列 act_dep_time 不过滤，直接选择所有非无效值。
Block processing time: 0.012735 seconds
Computing Block 430 out of 441
Processing Block size=20
begin cleaner{left: ("[FunctionalDependency:(s: {flight}, t: {act_dep_time})]", 0.0), operator: *, right: (1.0, 1.0), result: 0.0}
列 'p' 不存在，对列 act_dep_time 不过滤，直接选择所有非无效值。
Block processing time: 0.014969 seconds
Computing Block 431 out of 441
Processing Block size=21
begin cleaner{left: ("[FunctionalDependency:(s: {flight}, t: {act_dep_time})]", 0.0), operator: *, right: (1.0, 1.0), result: 0.0}
列 'p' 不存在，对列 act_dep_time 不过滤，直接选择所有非无效值。
Block processing time: 0.015738 seconds
Computing Block 433 out of 441
Processing Block size=12
begin cleaner{left: ("[FunctionalDependency:(s: {flight}, t: {act_dep_time})]", 0.0), operator: *, right: (1.0, 1.0), result: 0.0}
列 'p' 不存在，对列 act_dep_time 不过滤，直接选择所有非无效值。
Block processing time: 0.009011 seconds
Computing Block 435 out of 441
Processing Block size=16
begin cleaner{left: ("[FunctionalDependency:(s: {flight}, t: {act_dep_time})]", 0.0), operator: *, right: (1.0, 1.0), result: 0.0}
列 'p' 不存在，对列 act_dep_time 不过滤，直接选择所有非无效值。
Block processing time: 0.011946 seconds
  当前节点: act_dep_time 无清洗操作
  当前节点: sched_arr_time 存在可用清洗信号
数据块大小: 2376
分块属性:
[['flight']]
Starting initial block mapping...
Initial number of blocks: 441
Final number of blocks after further splitting: 441
Computing Block 2 out of 441
Processing Block size=15
begin cleaner[FunctionalDependency:(s: {'flight'}, t: {'sched_arr_time'})]*1.0
列 'p' 不存在，对列 sched_arr_time 不过滤，直接选择所有非无效值。
Block processing time: 0.011436 seconds
Computing Block 4 out of 441
Processing Block size=19
begin cleaner{left: ("[FunctionalDependency:(s: {flight}, t: {sched_arr_time})]", 0.0), operator: *, right: (1.0, 1.0), result: 0.0}
列 'p' 不存在，对列 sched_arr_time 不过滤，直接选择所有非无效值。
Block processing time: 0.014304 seconds
Computing Block 9 out of 441
Processing Block size=16
begin cleaner{left: ("[FunctionalDependency:(s: {flight}, t: {sched_arr_time})]", 0.0), operator: *, right: (1.0, 1.0), result: 0.0}
列 'p' 不存在，对列 sched_arr_time 不过滤，直接选择所有非无效值。
Block processing time: 0.012028 seconds
Computing Block 17 out of 441
Processing Block size=15
begin cleaner{left: ("[FunctionalDependency:(s: {flight}, t: {sched_arr_time})]", 0.0), operator: *, right: (1.0, 1.0), result: 0.0}
列 'p' 不存在，对列 sched_arr_time 不过滤，直接选择所有非无效值。
Block processing time: 0.011264 seconds
Computing Block 19 out of 441
Processing Block size=20
begin cleaner{left: ("[FunctionalDependency:(s: {flight}, t: {sched_arr_time})]", 0.0), operator: *, right: (1.0, 1.0), result: 0.0}
列 'p' 不存在，对列 sched_arr_time 不过滤，直接选择所有非无效值。
Block processing time: 0.015066 seconds
Computing Block 22 out of 441
Processing Block size=12
begin cleaner{left: ("[FunctionalDependency:(s: {flight}, t: {sched_arr_time})]", 0.0), operator: *, right: (1.0, 1.0), result: 0.0}
列 'p' 不存在，对列 sched_arr_time 不过滤，直接选择所有非无效值。
Block processing time: 0.009086 seconds
Computing Block 28 out of 441
Processing Block size=15
begin cleaner{left: ("[FunctionalDependency:(s: {flight}, t: {sched_arr_time})]", 0.0), operator: *, right: (1.0, 1.0), result: 0.0}
列 'p' 不存在，对列 sched_arr_time 不过滤，直接选择所有非无效值。
Block processing time: 0.011289 seconds
Computing Block 33 out of 441
Processing Block size=15
begin cleaner{left: ("[FunctionalDependency:(s: {flight}, t: {sched_arr_time})]", 0.0), operator: *, right: (1.0, 1.0), result: 0.0}
列 'p' 不存在，对列 sched_arr_time 不过滤，直接选择所有非无效值。
Block processing time: 0.010829 seconds
Computing Block 38 out of 441
Processing Block size=20
begin cleaner{left: ("[FunctionalDependency:(s: {flight}, t: {sched_arr_time})]", 0.0), operator: *, right: (1.0, 1.0), result: 0.0}
列 'p' 不存在，对列 sched_arr_time 不过滤，直接选择所有非无效值。
Block processing time: 0.014361 seconds
Computing Block 43 out of 441
Processing Block size=20
begin cleaner{left: ("[FunctionalDependency:(s: {flight}, t: {sched_arr_time})]", 0.0), operator: *, right: (1.0, 1.0), result: 0.0}
列 'p' 不存在，对列 sched_arr_time 不过滤，直接选择所有非无效值。
Block processing time: 0.014495 seconds
Computing Block 55 out of 441
Processing Block size=19
begin cleaner{left: ("[FunctionalDependency:(s: {flight}, t: {sched_arr_time})]", 0.0), operator: *, right: (1.0, 1.0), result: 0.0}
列 'p' 不存在，对列 sched_arr_time 不过滤，直接选择所有非无效值。
Block processing time: 0.013832 seconds
Computing Block 58 out of 441
Processing Block size=21
begin cleaner{left: ("[FunctionalDependency:(s: {flight}, t: {sched_arr_time})]", 0.0), operator: *, right: (1.0, 1.0), result: 0.0}
列 'p' 不存在，对列 sched_arr_time 不过滤，直接选择所有非无效值。
Block processing time: 0.015195 seconds
Computing Block 64 out of 441
Processing Block size=22
begin cleaner{left: ("[FunctionalDependency:(s: {flight}, t: {sched_arr_time})]", 0.0), operator: *, right: (1.0, 1.0), result: 0.0}
列 'p' 不存在，对列 sched_arr_time 不过滤，直接选择所有非无效值。
Block processing time: 0.015911 seconds
Computing Block 75 out of 441
Processing Block size=19
begin cleaner{left: ("[FunctionalDependency:(s: {flight}, t: {sched_arr_time})]", 0.0), operator: *, right: (1.0, 1.0), result: 0.0}
列 'p' 不存在，对列 sched_arr_time 不过滤，直接选择所有非无效值。
Block processing time: 0.0138 seconds
Computing Block 78 out of 441
Processing Block size=18
begin cleaner{left: ("[FunctionalDependency:(s: {flight}, t: {sched_arr_time})]", 0.0), operator: *, right: (1.0, 1.0), result: 0.0}
列 'p' 不存在，对列 sched_arr_time 不过滤，直接选择所有非无效值。
Block processing time: 0.012966 seconds
Computing Block 82 out of 441
Processing Block size=15
begin cleaner{left: ("[FunctionalDependency:(s: {flight}, t: {sched_arr_time})]", 0.0), operator: *, right: (1.0, 1.0), result: 0.0}
列 'p' 不存在，对列 sched_arr_time 不过滤，直接选择所有非无效值。
Block processing time: 0.010889 seconds
Computing Block 88 out of 441
Processing Block size=20
begin cleaner{left: ("[FunctionalDependency:(s: {flight}, t: {sched_arr_time})]", 0.0), operator: *, right: (1.0, 1.0), result: 0.0}
列 'p' 不存在，对列 sched_arr_time 不过滤，直接选择所有非无效值。
Block processing time: 0.014504 seconds
Computing Block 93 out of 441
Processing Block size=13
begin cleaner{left: ("[FunctionalDependency:(s: {flight}, t: {sched_arr_time})]", 0.0), operator: *, right: (1.0, 1.0), result: 0.0}
列 'p' 不存在，对列 sched_arr_time 不过滤，直接选择所有非无效值。
Block processing time: 0.009552 seconds
Computing Block 96 out of 441
Processing Block size=15
begin cleaner{left: ("[FunctionalDependency:(s: {flight}, t: {sched_arr_time})]", 0.0), operator: *, right: (1.0, 1.0), result: 0.0}
列 'p' 不存在，对列 sched_arr_time 不过滤，直接选择所有非无效值。
Block processing time: 0.011002 seconds
Computing Block 110 out of 441
Processing Block size=21
begin cleaner{left: ("[FunctionalDependency:(s: {flight}, t: {sched_arr_time})]", 0.0), operator: *, right: (1.0, 1.0), result: 0.0}
列 'p' 不存在，对列 sched_arr_time 不过滤，直接选择所有非无效值。
Block processing time: 0.015155 seconds
Computing Block 114 out of 441
Processing Block size=17
begin cleaner{left: ("[FunctionalDependency:(s: {flight}, t: {sched_arr_time})]", 0.0), operator: *, right: (1.0, 1.0), result: 0.0}
列 'p' 不存在，对列 sched_arr_time 不过滤，直接选择所有非无效值。
Block processing time: 0.012347 seconds
Computing Block 116 out of 441
Processing Block size=16
begin cleaner{left: ("[FunctionalDependency:(s: {flight}, t: {sched_arr_time})]", 0.0), operator: *, right: (1.0, 1.0), result: 0.0}
列 'p' 不存在，对列 sched_arr_time 不过滤，直接选择所有非无效值。
Block processing time: 0.011616 seconds
Computing Block 119 out of 441
Processing Block size=15
begin cleaner{left: ("[FunctionalDependency:(s: {flight}, t: {sched_arr_time})]", 0.0), operator: *, right: (1.0, 1.0), result: 0.0}
列 'p' 不存在，对列 sched_arr_time 不过滤，直接选择所有非无效值。
Block processing time: 0.010839 seconds
Computing Block 126 out of 441
Processing Block size=17
begin cleaner{left: ("[FunctionalDependency:(s: {flight}, t: {sched_arr_time})]", 0.0), operator: *, right: (1.0, 1.0), result: 0.0}
列 'p' 不存在，对列 sched_arr_time 不过滤，直接选择所有非无效值。
Block processing time: 0.012246 seconds
Computing Block 131 out of 441
Processing Block size=18
begin cleaner{left: ("[FunctionalDependency:(s: {flight}, t: {sched_arr_time})]", 0.0), operator: *, right: (1.0, 1.0), result: 0.0}
列 'p' 不存在，对列 sched_arr_time 不过滤，直接选择所有非无效值。
Block processing time: 0.012963 seconds
Computing Block 132 out of 441
Processing Block size=17
begin cleaner{left: ("[FunctionalDependency:(s: {flight}, t: {sched_arr_time})]", 0.0), operator: *, right: (1.0, 1.0), result: 0.0}
列 'p' 不存在，对列 sched_arr_time 不过滤，直接选择所有非无效值。
Block processing time: 0.012251 seconds
Computing Block 133 out of 441
Processing Block size=18
begin cleaner{left: ("[FunctionalDependency:(s: {flight}, t: {sched_arr_time})]", 0.0), operator: *, right: (1.0, 1.0), result: 0.0}
列 'p' 不存在，对列 sched_arr_time 不过滤，直接选择所有非无效值。
Block processing time: 0.012984 seconds
Computing Block 135 out of 441
Processing Block size=22
begin cleaner{left: ("[FunctionalDependency:(s: {flight}, t: {sched_arr_time})]", 0.0), operator: *, right: (1.0, 1.0), result: 0.0}
列 'p' 不存在，对列 sched_arr_time 不过滤，直接选择所有非无效值。
Block processing time: 0.015776 seconds
Computing Block 138 out of 441
Processing Block size=21
begin cleaner{left: ("[FunctionalDependency:(s: {flight}, t: {sched_arr_time})]", 0.0), operator: *, right: (1.0, 1.0), result: 0.0}
列 'p' 不存在，对列 sched_arr_time 不过滤，直接选择所有非无效值。
Block processing time: 0.015101 seconds
Computing Block 139 out of 441
Processing Block size=10
begin cleaner{left: ("[FunctionalDependency:(s: {flight}, t: {sched_arr_time})]", 0.0), operator: *, right: (1.0, 1.0), result: 0.0}
列 'p' 不存在，对列 sched_arr_time 不过滤，直接选择所有非无效值。
Block processing time: 0.007375 seconds
Computing Block 143 out of 441
Processing Block size=14
begin cleaner{left: ("[FunctionalDependency:(s: {flight}, t: {sched_arr_time})]", 0.0), operator: *, right: (1.0, 1.0), result: 0.0}
列 'p' 不存在，对列 sched_arr_time 不过滤，直接选择所有非无效值。
Block processing time: 0.010186 seconds
Computing Block 148 out of 441
Processing Block size=15
begin cleaner{left: ("[FunctionalDependency:(s: {flight}, t: {sched_arr_time})]", 0.0), operator: *, right: (1.0, 1.0), result: 0.0}
列 'p' 不存在，对列 sched_arr_time 不过滤，直接选择所有非无效值。
Block processing time: 0.010916 seconds
Computing Block 165 out of 441
Processing Block size=16
begin cleaner{left: ("[FunctionalDependency:(s: {flight}, t: {sched_arr_time})]", 0.0), operator: *, right: (1.0, 1.0), result: 0.0}
列 'p' 不存在，对列 sched_arr_time 不过滤，直接选择所有非无效值。
Block processing time: 0.011656 seconds
Computing Block 170 out of 441
Processing Block size=14
begin cleaner{left: ("[FunctionalDependency:(s: {flight}, t: {sched_arr_time})]", 0.0), operator: *, right: (1.0, 1.0), result: 0.0}
列 'p' 不存在，对列 sched_arr_time 不过滤，直接选择所有非无效值。
Block processing time: 0.01057 seconds
Computing Block 174 out of 441
Processing Block size=18
begin cleaner{left: ("[FunctionalDependency:(s: {flight}, t: {sched_arr_time})]", 0.0), operator: *, right: (1.0, 1.0), result: 0.0}
列 'p' 不存在，对列 sched_arr_time 不过滤，直接选择所有非无效值。
Block processing time: 0.014455 seconds
Computing Block 185 out of 441
Processing Block size=19
begin cleaner{left: ("[FunctionalDependency:(s: {flight}, t: {sched_arr_time})]", 0.0), operator: *, right: (1.0, 1.0), result: 0.0}
列 'p' 不存在，对列 sched_arr_time 不过滤，直接选择所有非无效值。
Block processing time: 0.014843 seconds
Computing Block 187 out of 441
Processing Block size=2
begin cleaner{left: ("[FunctionalDependency:(s: {flight}, t: {sched_arr_time})]", 0.0), operator: *, right: (1.0, 1.0), result: 0.0}
列 'p' 不存在，对列 sched_arr_time 不过滤，直接选择所有非无效值。
Block processing time: 0.00164 seconds
Computing Block 192 out of 441
Processing Block size=15
begin cleaner{left: ("[FunctionalDependency:(s: {flight}, t: {sched_arr_time})]", 0.0), operator: *, right: (1.0, 1.0), result: 0.0}
列 'p' 不存在，对列 sched_arr_time 不过滤，直接选择所有非无效值。
Block processing time: 0.01137 seconds
Computing Block 193 out of 441
Processing Block size=16
begin cleaner{left: ("[FunctionalDependency:(s: {flight}, t: {sched_arr_time})]", 0.0), operator: *, right: (1.0, 1.0), result: 0.0}
列 'p' 不存在，对列 sched_arr_time 不过滤，直接选择所有非无效值。
Block processing time: 0.012204 seconds
Computing Block 194 out of 441
Processing Block size=20
begin cleaner{left: ("[FunctionalDependency:(s: {flight}, t: {sched_arr_time})]", 0.0), operator: *, right: (1.0, 1.0), result: 0.0}
列 'p' 不存在，对列 sched_arr_time 不过滤，直接选择所有非无效值。
Block processing time: 0.015258 seconds
Computing Block 198 out of 441
Processing Block size=15
begin cleaner{left: ("[FunctionalDependency:(s: {flight}, t: {sched_arr_time})]", 0.0), operator: *, right: (1.0, 1.0), result: 0.0}
列 'p' 不存在，对列 sched_arr_time 不过滤，直接选择所有非无效值。
Block processing time: 0.011523 seconds
Computing Block 199 out of 441
Processing Block size=16
begin cleaner{left: ("[FunctionalDependency:(s: {flight}, t: {sched_arr_time})]", 0.0), operator: *, right: (1.0, 1.0), result: 0.0}
列 'p' 不存在，对列 sched_arr_time 不过滤，直接选择所有非无效值。
Block processing time: 0.012213 seconds
Computing Block 202 out of 441
Processing Block size=16
begin cleaner{left: ("[FunctionalDependency:(s: {flight}, t: {sched_arr_time})]", 0.0), operator: *, right: (1.0, 1.0), result: 0.0}
列 'p' 不存在，对列 sched_arr_time 不过滤，直接选择所有非无效值。
Block processing time: 0.012083 seconds
Computing Block 207 out of 441
Processing Block size=2
begin cleaner{left: ("[FunctionalDependency:(s: {flight}, t: {sched_arr_time})]", 0.0), operator: *, right: (1.0, 1.0), result: 0.0}
列 'p' 不存在，对列 sched_arr_time 不过滤，直接选择所有非无效值。
Block processing time: 0.001608 seconds
Computing Block 218 out of 441
Processing Block size=14
begin cleaner{left: ("[FunctionalDependency:(s: {flight}, t: {sched_arr_time})]", 0.0), operator: *, right: (1.0, 1.0), result: 0.0}
列 'p' 不存在，对列 sched_arr_time 不过滤，直接选择所有非无效值。
Block processing time: 0.01048 seconds
Computing Block 230 out of 441
Processing Block size=21
begin cleaner{left: ("[FunctionalDependency:(s: {flight}, t: {sched_arr_time})]", 0.0), operator: *, right: (1.0, 1.0), result: 0.0}
列 'p' 不存在，对列 sched_arr_time 不过滤，直接选择所有非无效值。
Block processing time: 0.015685 seconds
Computing Block 233 out of 441
Processing Block size=16
begin cleaner{left: ("[FunctionalDependency:(s: {flight}, t: {sched_arr_time})]", 0.0), operator: *, right: (1.0, 1.0), result: 0.0}
列 'p' 不存在，对列 sched_arr_time 不过滤，直接选择所有非无效值。
Block processing time: 0.012058 seconds
Computing Block 235 out of 441
Processing Block size=15
begin cleaner{left: ("[FunctionalDependency:(s: {flight}, t: {sched_arr_time})]", 0.0), operator: *, right: (1.0, 1.0), result: 0.0}
列 'p' 不存在，对列 sched_arr_time 不过滤，直接选择所有非无效值。
Block processing time: 0.011312 seconds
Computing Block 236 out of 441
Processing Block size=18
begin cleaner{left: ("[FunctionalDependency:(s: {flight}, t: {sched_arr_time})]", 0.0), operator: *, right: (1.0, 1.0), result: 0.0}
列 'p' 不存在，对列 sched_arr_time 不过滤，直接选择所有非无效值。
Block processing time: 0.013564 seconds
Computing Block 246 out of 441
Processing Block size=18
begin cleaner{left: ("[FunctionalDependency:(s: {flight}, t: {sched_arr_time})]", 0.0), operator: *, right: (1.0, 1.0), result: 0.0}
列 'p' 不存在，对列 sched_arr_time 不过滤，直接选择所有非无效值。
Block processing time: 0.013443 seconds
Computing Block 249 out of 441
Processing Block size=17
begin cleaner{left: ("[FunctionalDependency:(s: {flight}, t: {sched_arr_time})]", 0.0), operator: *, right: (1.0, 1.0), result: 0.0}
列 'p' 不存在，对列 sched_arr_time 不过滤，直接选择所有非无效值。
Block processing time: 0.012697 seconds
Computing Block 254 out of 441
Processing Block size=17
begin cleaner{left: ("[FunctionalDependency:(s: {flight}, t: {sched_arr_time})]", 0.0), operator: *, right: (1.0, 1.0), result: 0.0}
列 'p' 不存在，对列 sched_arr_time 不过滤，直接选择所有非无效值。
Block processing time: 0.012752 seconds
Computing Block 255 out of 441
Processing Block size=17
begin cleaner{left: ("[FunctionalDependency:(s: {flight}, t: {sched_arr_time})]", 0.0), operator: *, right: (1.0, 1.0), result: 0.0}
列 'p' 不存在，对列 sched_arr_time 不过滤，直接选择所有非无效值。
Block processing time: 0.012813 seconds
Computing Block 256 out of 441
Processing Block size=15
begin cleaner{left: ("[FunctionalDependency:(s: {flight}, t: {sched_arr_time})]", 0.0), operator: *, right: (1.0, 1.0), result: 0.0}
列 'p' 不存在，对列 sched_arr_time 不过滤，直接选择所有非无效值。
Block processing time: 0.011176 seconds
Computing Block 264 out of 441
Processing Block size=14
begin cleaner{left: ("[FunctionalDependency:(s: {flight}, t: {sched_arr_time})]", 0.0), operator: *, right: (1.0, 1.0), result: 0.0}
列 'p' 不存在，对列 sched_arr_time 不过滤，直接选择所有非无效值。
Block processing time: 0.010493 seconds
Computing Block 269 out of 441
Processing Block size=11
begin cleaner{left: ("[FunctionalDependency:(s: {flight}, t: {sched_arr_time})]", 0.0), operator: *, right: (1.0, 1.0), result: 0.0}
列 'p' 不存在，对列 sched_arr_time 不过滤，直接选择所有非无效值。
Block processing time: 0.008289 seconds
Computing Block 270 out of 441
Processing Block size=16
begin cleaner{left: ("[FunctionalDependency:(s: {flight}, t: {sched_arr_time})]", 0.0), operator: *, right: (1.0, 1.0), result: 0.0}
列 'p' 不存在，对列 sched_arr_time 不过滤，直接选择所有非无效值。
Block processing time: 0.011997 seconds
Computing Block 273 out of 441
Processing Block size=19
begin cleaner{left: ("[FunctionalDependency:(s: {flight}, t: {sched_arr_time})]", 0.0), operator: *, right: (1.0, 1.0), result: 0.0}
列 'p' 不存在，对列 sched_arr_time 不过滤，直接选择所有非无效值。
Block processing time: 0.014196 seconds
Computing Block 276 out of 441
Processing Block size=19
begin cleaner{left: ("[FunctionalDependency:(s: {flight}, t: {sched_arr_time})]", 0.0), operator: *, right: (1.0, 1.0), result: 0.0}
列 'p' 不存在，对列 sched_arr_time 不过滤，直接选择所有非无效值。
Block processing time: 0.014233 seconds
Computing Block 290 out of 441
Processing Block size=16
begin cleaner{left: ("[FunctionalDependency:(s: {flight}, t: {sched_arr_time})]", 0.0), operator: *, right: (1.0, 1.0), result: 0.0}
列 'p' 不存在，对列 sched_arr_time 不过滤，直接选择所有非无效值。
Block processing time: 0.01201 seconds
Computing Block 295 out of 441
Processing Block size=17
begin cleaner{left: ("[FunctionalDependency:(s: {flight}, t: {sched_arr_time})]", 0.0), operator: *, right: (1.0, 1.0), result: 0.0}
列 'p' 不存在，对列 sched_arr_time 不过滤，直接选择所有非无效值。
Block processing time: 0.012805 seconds
Computing Block 298 out of 441
Processing Block size=18
begin cleaner{left: ("[FunctionalDependency:(s: {flight}, t: {sched_arr_time})]", 0.0), operator: *, right: (1.0, 1.0), result: 0.0}
列 'p' 不存在，对列 sched_arr_time 不过滤，直接选择所有非无效值。
Block processing time: 0.013471 seconds
Computing Block 306 out of 441
Processing Block size=20
begin cleaner{left: ("[FunctionalDependency:(s: {flight}, t: {sched_arr_time})]", 0.0), operator: *, right: (1.0, 1.0), result: 0.0}
列 'p' 不存在，对列 sched_arr_time 不过滤，直接选择所有非无效值。
Block processing time: 0.014976 seconds
Computing Block 313 out of 441
Processing Block size=20
begin cleaner{left: ("[FunctionalDependency:(s: {flight}, t: {sched_arr_time})]", 0.0), operator: *, right: (1.0, 1.0), result: 0.0}
列 'p' 不存在，对列 sched_arr_time 不过滤，直接选择所有非无效值。
Block processing time: 0.015001 seconds
Computing Block 317 out of 441
Processing Block size=22
begin cleaner{left: ("[FunctionalDependency:(s: {flight}, t: {sched_arr_time})]", 0.0), operator: *, right: (1.0, 1.0), result: 0.0}
列 'p' 不存在，对列 sched_arr_time 不过滤，直接选择所有非无效值。
Block processing time: 0.016418 seconds
Computing Block 320 out of 441
Processing Block size=15
begin cleaner{left: ("[FunctionalDependency:(s: {flight}, t: {sched_arr_time})]", 0.0), operator: *, right: (1.0, 1.0), result: 0.0}
列 'p' 不存在，对列 sched_arr_time 不过滤，直接选择所有非无效值。
Block processing time: 0.011182 seconds
Computing Block 321 out of 441
Processing Block size=21
begin cleaner{left: ("[FunctionalDependency:(s: {flight}, t: {sched_arr_time})]", 0.0), operator: *, right: (1.0, 1.0), result: 0.0}
列 'p' 不存在，对列 sched_arr_time 不过滤，直接选择所有非无效值。
Block processing time: 0.015722 seconds
Computing Block 325 out of 441
Processing Block size=13
begin cleaner{left: ("[FunctionalDependency:(s: {flight}, t: {sched_arr_time})]", 0.0), operator: *, right: (1.0, 1.0), result: 0.0}
列 'p' 不存在，对列 sched_arr_time 不过滤，直接选择所有非无效值。
Block processing time: 0.009876 seconds
Computing Block 327 out of 441
Processing Block size=23
begin cleaner{left: ("[FunctionalDependency:(s: {flight}, t: {sched_arr_time})]", 0.0), operator: *, right: (1.0, 1.0), result: 0.0}
列 'p' 不存在，对列 sched_arr_time 不过滤，直接选择所有非无效值。
Block processing time: 0.017166 seconds
Computing Block 337 out of 441
Processing Block size=11
begin cleaner{left: ("[FunctionalDependency:(s: {flight}, t: {sched_arr_time})]", 0.0), operator: *, right: (1.0, 1.0), result: 0.0}
列 'p' 不存在，对列 sched_arr_time 不过滤，直接选择所有非无效值。
Block processing time: 0.008256 seconds
Computing Block 346 out of 441
Processing Block size=11
begin cleaner{left: ("[FunctionalDependency:(s: {flight}, t: {sched_arr_time})]", 0.0), operator: *, right: (1.0, 1.0), result: 0.0}
列 'p' 不存在，对列 sched_arr_time 不过滤，直接选择所有非无效值。
Block processing time: 0.008264 seconds
Computing Block 349 out of 441
Processing Block size=13
begin cleaner{left: ("[FunctionalDependency:(s: {flight}, t: {sched_arr_time})]", 0.0), operator: *, right: (1.0, 1.0), result: 0.0}
列 'p' 不存在，对列 sched_arr_time 不过滤，直接选择所有非无效值。
Block processing time: 0.009718 seconds
Computing Block 354 out of 441
Processing Block size=12
begin cleaner{left: ("[FunctionalDependency:(s: {flight}, t: {sched_arr_time})]", 0.0), operator: *, right: (1.0, 1.0), result: 0.0}
列 'p' 不存在，对列 sched_arr_time 不过滤，直接选择所有非无效值。
Block processing time: 0.008957 seconds
Computing Block 362 out of 441
Processing Block size=23
begin cleaner{left: ("[FunctionalDependency:(s: {flight}, t: {sched_arr_time})]", 0.0), operator: *, right: (1.0, 1.0), result: 0.0}
列 'p' 不存在，对列 sched_arr_time 不过滤，直接选择所有非无效值。
Block processing time: 0.017102 seconds
Computing Block 363 out of 441
Processing Block size=21
begin cleaner{left: ("[FunctionalDependency:(s: {flight}, t: {sched_arr_time})]", 0.0), operator: *, right: (1.0, 1.0), result: 0.0}
列 'p' 不存在，对列 sched_arr_time 不过滤，直接选择所有非无效值。
Block processing time: 0.015576 seconds
Computing Block 364 out of 441
Processing Block size=15
begin cleaner{left: ("[FunctionalDependency:(s: {flight}, t: {sched_arr_time})]", 0.0), operator: *, right: (1.0, 1.0), result: 0.0}
列 'p' 不存在，对列 sched_arr_time 不过滤，直接选择所有非无效值。
Block processing time: 0.011141 seconds
Computing Block 365 out of 441
Processing Block size=14
begin cleaner{left: ("[FunctionalDependency:(s: {flight}, t: {sched_arr_time})]", 0.0), operator: *, right: (1.0, 1.0), result: 0.0}
列 'p' 不存在，对列 sched_arr_time 不过滤，直接选择所有非无效值。
Block processing time: 0.010436 seconds
Computing Block 367 out of 441
Processing Block size=18
begin cleaner{left: ("[FunctionalDependency:(s: {flight}, t: {sched_arr_time})]", 0.0), operator: *, right: (1.0, 1.0), result: 0.0}
列 'p' 不存在，对列 sched_arr_time 不过滤，直接选择所有非无效值。
Block processing time: 0.01335 seconds
Computing Block 370 out of 441
Processing Block size=20
begin cleaner{left: ("[FunctionalDependency:(s: {flight}, t: {sched_arr_time})]", 0.0), operator: *, right: (1.0, 1.0), result: 0.0}
列 'p' 不存在，对列 sched_arr_time 不过滤，直接选择所有非无效值。
Block processing time: 0.014411 seconds
Computing Block 375 out of 441
Processing Block size=13
begin cleaner{left: ("[FunctionalDependency:(s: {flight}, t: {sched_arr_time})]", 0.0), operator: *, right: (1.0, 1.0), result: 0.0}
列 'p' 不存在，对列 sched_arr_time 不过滤，直接选择所有非无效值。
Block processing time: 0.009441 seconds
Computing Block 380 out of 441
Processing Block size=18
begin cleaner{left: ("[FunctionalDependency:(s: {flight}, t: {sched_arr_time})]", 0.0), operator: *, right: (1.0, 1.0), result: 0.0}
列 'p' 不存在，对列 sched_arr_time 不过滤，直接选择所有非无效值。
Block processing time: 0.013022 seconds
Computing Block 382 out of 441
Processing Block size=15
begin cleaner{left: ("[FunctionalDependency:(s: {flight}, t: {sched_arr_time})]", 0.0), operator: *, right: (1.0, 1.0), result: 0.0}
列 'p' 不存在，对列 sched_arr_time 不过滤，直接选择所有非无效值。
Block processing time: 0.011027 seconds
Computing Block 385 out of 441
Processing Block size=24
begin cleaner{left: ("[FunctionalDependency:(s: {flight}, t: {sched_arr_time})]", 0.0), operator: *, right: (1.0, 1.0), result: 0.0}
列 'p' 不存在，对列 sched_arr_time 不过滤，直接选择所有非无效值。
Block processing time: 0.017496 seconds
Computing Block 387 out of 441
Processing Block size=19
begin cleaner{left: ("[FunctionalDependency:(s: {flight}, t: {sched_arr_time})]", 0.0), operator: *, right: (1.0, 1.0), result: 0.0}
列 'p' 不存在，对列 sched_arr_time 不过滤，直接选择所有非无效值。
Block processing time: 0.013975 seconds
Computing Block 399 out of 441
Processing Block size=11
begin cleaner{left: ("[FunctionalDependency:(s: {flight}, t: {sched_arr_time})]", 0.0), operator: *, right: (1.0, 1.0), result: 0.0}
列 'p' 不存在，对列 sched_arr_time 不过滤，直接选择所有非无效值。
Block processing time: 0.008344 seconds
Computing Block 400 out of 441
Processing Block size=19
begin cleaner{left: ("[FunctionalDependency:(s: {flight}, t: {sched_arr_time})]", 0.0), operator: *, right: (1.0, 1.0), result: 0.0}
列 'p' 不存在，对列 sched_arr_time 不过滤，直接选择所有非无效值。
Block processing time: 0.013958 seconds
Computing Block 402 out of 441
Processing Block size=17
begin cleaner{left: ("[FunctionalDependency:(s: {flight}, t: {sched_arr_time})]", 0.0), operator: *, right: (1.0, 1.0), result: 0.0}
列 'p' 不存在，对列 sched_arr_time 不过滤，直接选择所有非无效值。
Block processing time: 0.012422 seconds
Computing Block 403 out of 441
Processing Block size=14
begin cleaner{left: ("[FunctionalDependency:(s: {flight}, t: {sched_arr_time})]", 0.0), operator: *, right: (1.0, 1.0), result: 0.0}
列 'p' 不存在，对列 sched_arr_time 不过滤，直接选择所有非无效值。
Block processing time: 0.010273 seconds
Computing Block 407 out of 441
Processing Block size=16
begin cleaner{left: ("[FunctionalDependency:(s: {flight}, t: {sched_arr_time})]", 0.0), operator: *, right: (1.0, 1.0), result: 0.0}
列 'p' 不存在，对列 sched_arr_time 不过滤，直接选择所有非无效值。
Block processing time: 0.011776 seconds
Computing Block 409 out of 441
Processing Block size=16
begin cleaner{left: ("[FunctionalDependency:(s: {flight}, t: {sched_arr_time})]", 0.0), operator: *, right: (1.0, 1.0), result: 0.0}
列 'p' 不存在，对列 sched_arr_time 不过滤，直接选择所有非无效值。
Block processing time: 0.011696 seconds
Computing Block 411 out of 441
Processing Block size=16
begin cleaner{left: ("[FunctionalDependency:(s: {flight}, t: {sched_arr_time})]", 0.0), operator: *, right: (1.0, 1.0), result: 0.0}
列 'p' 不存在，对列 sched_arr_time 不过滤，直接选择所有非无效值。
Block processing time: 0.011786 seconds
Computing Block 412 out of 441
Processing Block size=12
begin cleaner{left: ("[FunctionalDependency:(s: {flight}, t: {sched_arr_time})]", 0.0), operator: *, right: (1.0, 1.0), result: 0.0}
列 'p' 不存在，对列 sched_arr_time 不过滤，直接选择所有非无效值。
Block processing time: 0.008819 seconds
Computing Block 413 out of 441
Processing Block size=13
begin cleaner{left: ("[FunctionalDependency:(s: {flight}, t: {sched_arr_time})]", 0.0), operator: *, right: (1.0, 1.0), result: 0.0}
列 'p' 不存在，对列 sched_arr_time 不过滤，直接选择所有非无效值。
Block processing time: 0.009542 seconds
Computing Block 414 out of 441
Processing Block size=17
WARNING:root:No partitioning rule specified, processing might be slow
begin cleaner{left: ("[FunctionalDependency:(s: {flight}, t: {sched_arr_time})]", 0.0), operator: *, right: (1.0, 1.0), result: 0.0}
列 'p' 不存在，对列 sched_arr_time 不过滤，直接选择所有非无效值。
Block processing time: 0.012456 seconds
Computing Block 416 out of 441
Processing Block size=14
begin cleaner{left: ("[FunctionalDependency:(s: {flight}, t: {sched_arr_time})]", 0.0), operator: *, right: (1.0, 1.0), result: 0.0}
列 'p' 不存在，对列 sched_arr_time 不过滤，直接选择所有非无效值。
Block processing time: 0.010128 seconds
Computing Block 417 out of 441
Processing Block size=15
begin cleaner{left: ("[FunctionalDependency:(s: {flight}, t: {sched_arr_time})]", 0.0), operator: *, right: (1.0, 1.0), result: 0.0}
列 'p' 不存在，对列 sched_arr_time 不过滤，直接选择所有非无效值。
Block processing time: 0.010875 seconds
Computing Block 420 out of 441
Processing Block size=14
begin cleaner{left: ("[FunctionalDependency:(s: {flight}, t: {sched_arr_time})]", 0.0), operator: *, right: (1.0, 1.0), result: 0.0}
列 'p' 不存在，对列 sched_arr_time 不过滤，直接选择所有非无效值。
Block processing time: 0.010193 seconds
Computing Block 427 out of 441
Processing Block size=17
begin cleaner{left: ("[FunctionalDependency:(s: {flight}, t: {sched_arr_time})]", 0.0), operator: *, right: (1.0, 1.0), result: 0.0}
列 'p' 不存在，对列 sched_arr_time 不过滤，直接选择所有非无效值。
Block processing time: 0.012338 seconds
Computing Block 430 out of 441
Processing Block size=20
begin cleaner{left: ("[FunctionalDependency:(s: {flight}, t: {sched_arr_time})]", 0.0), operator: *, right: (1.0, 1.0), result: 0.0}
列 'p' 不存在，对列 sched_arr_time 不过滤，直接选择所有非无效值。
Block processing time: 0.014363 seconds
Computing Block 431 out of 441
Processing Block size=21
begin cleaner{left: ("[FunctionalDependency:(s: {flight}, t: {sched_arr_time})]", 0.0), operator: *, right: (1.0, 1.0), result: 0.0}
列 'p' 不存在，对列 sched_arr_time 不过滤，直接选择所有非无效值。
Block processing time: 0.015242 seconds
Computing Block 433 out of 441
Processing Block size=12
begin cleaner{left: ("[FunctionalDependency:(s: {flight}, t: {sched_arr_time})]", 0.0), operator: *, right: (1.0, 1.0), result: 0.0}
列 'p' 不存在，对列 sched_arr_time 不过滤，直接选择所有非无效值。
Block processing time: 0.008746 seconds
Computing Block 435 out of 441
Processing Block size=16
begin cleaner{left: ("[FunctionalDependency:(s: {flight}, t: {sched_arr_time})]", 0.0), operator: *, right: (1.0, 1.0), result: 0.0}
列 'p' 不存在，对列 sched_arr_time 不过滤，直接选择所有非无效值。
Block processing time: 0.011608 seconds
  当前节点: sched_arr_time 无清洗操作
  当前节点: act_arr_time 存在可用清洗信号
数据块大小: 2376
分块属性:
[['flight']]
Starting initial block mapping...
Initial number of blocks: 441
Final number of blocks after further splitting: 441
Computing Block 2 out of 441
Processing Block size=15
begin cleaner[FunctionalDependency:(s: {'flight'}, t: {'act_arr_time'})]*1.0
列 'p' 不存在，对列 act_arr_time 不过滤，直接选择所有非无效值。
Block processing time: 0.011144 seconds
Computing Block 4 out of 441
Processing Block size=19
begin cleaner{left: ("[FunctionalDependency:(s: {flight}, t: {act_arr_time})]", 0.0), operator: *, right: (1.0, 1.0), result: 0.0}
列 'p' 不存在，对列 act_arr_time 不过滤，直接选择所有非无效值。
Block processing time: 0.0138 seconds
Computing Block 9 out of 441
Processing Block size=16
begin cleaner{left: ("[FunctionalDependency:(s: {flight}, t: {act_arr_time})]", 0.0), operator: *, right: (1.0, 1.0), result: 0.0}
列 'p' 不存在，对列 act_arr_time 不过滤，直接选择所有非无效值。
Block processing time: 0.011412 seconds
Computing Block 17 out of 441
Processing Block size=15
begin cleaner{left: ("[FunctionalDependency:(s: {flight}, t: {act_arr_time})]", 0.0), operator: *, right: (1.0, 1.0), result: 0.0}
列 'p' 不存在，对列 act_arr_time 不过滤，直接选择所有非无效值。
Block processing time: 0.010746 seconds
Computing Block 19 out of 441
Processing Block size=20
begin cleaner{left: ("[FunctionalDependency:(s: {flight}, t: {act_arr_time})]", 0.0), operator: *, right: (1.0, 1.0), result: 0.0}
列 'p' 不存在，对列 act_arr_time 不过滤，直接选择所有非无效值。
Block processing time: 0.014217 seconds
Computing Block 22 out of 441
Processing Block size=12
begin cleaner{left: ("[FunctionalDependency:(s: {flight}, t: {act_arr_time})]", 0.0), operator: *, right: (1.0, 1.0), result: 0.0}
列 'p' 不存在，对列 act_arr_time 不过滤，直接选择所有非无效值。
Block processing time: 0.008613 seconds
Computing Block 28 out of 441
Processing Block size=15
begin cleaner{left: ("[FunctionalDependency:(s: {flight}, t: {act_arr_time})]", 0.0), operator: *, right: (1.0, 1.0), result: 0.0}
列 'p' 不存在，对列 act_arr_time 不过滤，直接选择所有非无效值。
Block processing time: 0.010704 seconds
Computing Block 33 out of 441
Processing Block size=15
begin cleaner{left: ("[FunctionalDependency:(s: {flight}, t: {act_arr_time})]", 0.0), operator: *, right: (1.0, 1.0), result: 0.0}
列 'p' 不存在，对列 act_arr_time 不过滤，直接选择所有非无效值。
Block processing time: 0.010651 seconds
Computing Block 38 out of 441
Processing Block size=20
begin cleaner{left: ("[FunctionalDependency:(s: {flight}, t: {act_arr_time})]", 0.0), operator: *, right: (1.0, 1.0), result: 0.0}
列 'p' 不存在，对列 act_arr_time 不过滤，直接选择所有非无效值。
Block processing time: 0.014305 seconds
Computing Block 43 out of 441
Processing Block size=20
begin cleaner{left: ("[FunctionalDependency:(s: {flight}, t: {act_arr_time})]", 0.0), operator: *, right: (1.0, 1.0), result: 0.0}
列 'p' 不存在，对列 act_arr_time 不过滤，直接选择所有非无效值。
Block processing time: 0.014232 seconds
Computing Block 55 out of 441
Processing Block size=19
begin cleaner{left: ("[FunctionalDependency:(s: {flight}, t: {act_arr_time})]", 0.0), operator: *, right: (1.0, 1.0), result: 0.0}
列 'p' 不存在，对列 act_arr_time 不过滤，直接选择所有非无效值。
Block processing time: 0.013558 seconds
Computing Block 58 out of 441
Processing Block size=21
begin cleaner{left: ("[FunctionalDependency:(s: {flight}, t: {act_arr_time})]", 0.0), operator: *, right: (1.0, 1.0), result: 0.0}
列 'p' 不存在，对列 act_arr_time 不过滤，直接选择所有非无效值。
Block processing time: 0.014972 seconds
Computing Block 64 out of 441
Processing Block size=22
begin cleaner{left: ("[FunctionalDependency:(s: {flight}, t: {act_arr_time})]", 0.0), operator: *, right: (1.0, 1.0), result: 0.0}
列 'p' 不存在，对列 act_arr_time 不过滤，直接选择所有非无效值。
Block processing time: 0.01573 seconds
Computing Block 75 out of 441
Processing Block size=19
begin cleaner{left: ("[FunctionalDependency:(s: {flight}, t: {act_arr_time})]", 0.0), operator: *, right: (1.0, 1.0), result: 0.0}
列 'p' 不存在，对列 act_arr_time 不过滤，直接选择所有非无效值。
Block processing time: 0.01349 seconds
Computing Block 78 out of 441
Processing Block size=18
begin cleaner{left: ("[FunctionalDependency:(s: {flight}, t: {act_arr_time})]", 0.0), operator: *, right: (1.0, 1.0), result: 0.0}
列 'p' 不存在，对列 act_arr_time 不过滤，直接选择所有非无效值。
Block processing time: 0.012893 seconds
Computing Block 82 out of 441
Processing Block size=15
begin cleaner{left: ("[FunctionalDependency:(s: {flight}, t: {act_arr_time})]", 0.0), operator: *, right: (1.0, 1.0), result: 0.0}
列 'p' 不存在，对列 act_arr_time 不过滤，直接选择所有非无效值。
Block processing time: 0.010657 seconds
Computing Block 88 out of 441
Processing Block size=20
begin cleaner{left: ("[FunctionalDependency:(s: {flight}, t: {act_arr_time})]", 0.0), operator: *, right: (1.0, 1.0), result: 0.0}
列 'p' 不存在，对列 act_arr_time 不过滤，直接选择所有非无效值。
Block processing time: 0.014351 seconds
Computing Block 93 out of 441
Processing Block size=13
begin cleaner{left: ("[FunctionalDependency:(s: {flight}, t: {act_arr_time})]", 0.0), operator: *, right: (1.0, 1.0), result: 0.0}
列 'p' 不存在，对列 act_arr_time 不过滤，直接选择所有非无效值。
Block processing time: 0.009284 seconds
Computing Block 96 out of 441
Processing Block size=15
begin cleaner{left: ("[FunctionalDependency:(s: {flight}, t: {act_arr_time})]", 0.0), operator: *, right: (1.0, 1.0), result: 0.0}
列 'p' 不存在，对列 act_arr_time 不过滤，直接选择所有非无效值。
Block processing time: 0.01072 seconds
Computing Block 110 out of 441
Processing Block size=21
begin cleaner{left: ("[FunctionalDependency:(s: {flight}, t: {act_arr_time})]", 0.0), operator: *, right: (1.0, 1.0), result: 0.0}
列 'p' 不存在，对列 act_arr_time 不过滤，直接选择所有非无效值。
Block processing time: 0.014882 seconds
Computing Block 114 out of 441
Processing Block size=17
begin cleaner{left: ("[FunctionalDependency:(s: {flight}, t: {act_arr_time})]", 0.0), operator: *, right: (1.0, 1.0), result: 0.0}
列 'p' 不存在，对列 act_arr_time 不过滤，直接选择所有非无效值。
Block processing time: 0.012051 seconds
Computing Block 116 out of 441
Processing Block size=16
begin cleaner{left: ("[FunctionalDependency:(s: {flight}, t: {act_arr_time})]", 0.0), operator: *, right: (1.0, 1.0), result: 0.0}
列 'p' 不存在，对列 act_arr_time 不过滤，直接选择所有非无效值。
Block processing time: 0.011341 seconds
Computing Block 119 out of 441
Processing Block size=15
begin cleaner{left: ("[FunctionalDependency:(s: {flight}, t: {act_arr_time})]", 0.0), operator: *, right: (1.0, 1.0), result: 0.0}
列 'p' 不存在，对列 act_arr_time 不过滤，直接选择所有非无效值。
Block processing time: 0.010695 seconds
Computing Block 126 out of 441
Processing Block size=17
begin cleaner{left: ("[FunctionalDependency:(s: {flight}, t: {act_arr_time})]", 0.0), operator: *, right: (1.0, 1.0), result: 0.0}
列 'p' 不存在，对列 act_arr_time 不过滤，直接选择所有非无效值。
Block processing time: 0.012694 seconds
Computing Block 131 out of 441
Processing Block size=18
begin cleaner{left: ("[FunctionalDependency:(s: {flight}, t: {act_arr_time})]", 0.0), operator: *, right: (1.0, 1.0), result: 0.0}
列 'p' 不存在，对列 act_arr_time 不过滤，直接选择所有非无效值。
Block processing time: 0.01278 seconds
Computing Block 132 out of 441
Processing Block size=17
begin cleaner{left: ("[FunctionalDependency:(s: {flight}, t: {act_arr_time})]", 0.0), operator: *, right: (1.0, 1.0), result: 0.0}
列 'p' 不存在，对列 act_arr_time 不过滤，直接选择所有非无效值。
Block processing time: 0.012316 seconds
Computing Block 133 out of 441
Processing Block size=18
begin cleaner{left: ("[FunctionalDependency:(s: {flight}, t: {act_arr_time})]", 0.0), operator: *, right: (1.0, 1.0), result: 0.0}
列 'p' 不存在，对列 act_arr_time 不过滤，直接选择所有非无效值。
Block processing time: 0.013796 seconds
Computing Block 135 out of 441
Processing Block size=22
begin cleaner{left: ("[FunctionalDependency:(s: {flight}, t: {act_arr_time})]", 0.0), operator: *, right: (1.0, 1.0), result: 0.0}
列 'p' 不存在，对列 act_arr_time 不过滤，直接选择所有非无效值。
Block processing time: 0.016834 seconds
Computing Block 138 out of 441
Processing Block size=21
begin cleaner{left: ("[FunctionalDependency:(s: {flight}, t: {act_arr_time})]", 0.0), operator: *, right: (1.0, 1.0), result: 0.0}
列 'p' 不存在，对列 act_arr_time 不过滤，直接选择所有非无效值。
Block processing time: 0.016099 seconds
Computing Block 139 out of 441
Processing Block size=10
begin cleaner{left: ("[FunctionalDependency:(s: {flight}, t: {act_arr_time})]", 0.0), operator: *, right: (1.0, 1.0), result: 0.0}
列 'p' 不存在，对列 act_arr_time 不过滤，直接选择所有非无效值。
Block processing time: 0.007796 seconds
Computing Block 143 out of 441
Processing Block size=14
begin cleaner{left: ("[FunctionalDependency:(s: {flight}, t: {act_arr_time})]", 0.0), operator: *, right: (1.0, 1.0), result: 0.0}
列 'p' 不存在，对列 act_arr_time 不过滤，直接选择所有非无效值。
Block processing time: 0.010723 seconds
Computing Block 148 out of 441
Processing Block size=15
begin cleaner{left: ("[FunctionalDependency:(s: {flight}, t: {act_arr_time})]", 0.0), operator: *, right: (1.0, 1.0), result: 0.0}
列 'p' 不存在，对列 act_arr_time 不过滤，直接选择所有非无效值。
Block processing time: 0.011498 seconds
Computing Block 165 out of 441
Processing Block size=16
begin cleaner{left: ("[FunctionalDependency:(s: {flight}, t: {act_arr_time})]", 0.0), operator: *, right: (1.0, 1.0), result: 0.0}
列 'p' 不存在，对列 act_arr_time 不过滤，直接选择所有非无效值。
Block processing time: 0.012253 seconds
Computing Block 170 out of 441
Processing Block size=14
begin cleaner{left: ("[FunctionalDependency:(s: {flight}, t: {act_arr_time})]", 0.0), operator: *, right: (1.0, 1.0), result: 0.0}
列 'p' 不存在，对列 act_arr_time 不过滤，直接选择所有非无效值。
Block processing time: 0.010752 seconds
Computing Block 174 out of 441
Processing Block size=18
begin cleaner{left: ("[FunctionalDependency:(s: {flight}, t: {act_arr_time})]", 0.0), operator: *, right: (1.0, 1.0), result: 0.0}
列 'p' 不存在，对列 act_arr_time 不过滤，直接选择所有非无效值。
Block processing time: 0.013865 seconds
Computing Block 185 out of 441
Processing Block size=19
begin cleaner{left: ("[FunctionalDependency:(s: {flight}, t: {act_arr_time})]", 0.0), operator: *, right: (1.0, 1.0), result: 0.0}
列 'p' 不存在，对列 act_arr_time 不过滤，直接选择所有非无效值。
Block processing time: 0.014623 seconds
Computing Block 187 out of 441
Processing Block size=2
begin cleaner{left: ("[FunctionalDependency:(s: {flight}, t: {act_arr_time})]", 0.0), operator: *, right: (1.0, 1.0), result: 0.0}
列 'p' 不存在，对列 act_arr_time 不过滤，直接选择所有非无效值。
Block processing time: 0.001597 seconds
Computing Block 192 out of 441
Processing Block size=15
begin cleaner{left: ("[FunctionalDependency:(s: {flight}, t: {act_arr_time})]", 0.0), operator: *, right: (1.0, 1.0), result: 0.0}
列 'p' 不存在，对列 act_arr_time 不过滤，直接选择所有非无效值。
Block processing time: 0.011781 seconds
Computing Block 193 out of 441
Processing Block size=16
begin cleaner{left: ("[FunctionalDependency:(s: {flight}, t: {act_arr_time})]", 0.0), operator: *, right: (1.0, 1.0), result: 0.0}
列 'p' 不存在，对列 act_arr_time 不过滤，直接选择所有非无效值。
Block processing time: 0.01265 seconds
Computing Block 194 out of 441
Processing Block size=20
begin cleaner{left: ("[FunctionalDependency:(s: {flight}, t: {act_arr_time})]", 0.0), operator: *, right: (1.0, 1.0), result: 0.0}
列 'p' 不存在，对列 act_arr_time 不过滤，直接选择所有非无效值。
Block processing time: 0.01541 seconds
Computing Block 198 out of 441
Processing Block size=15
begin cleaner{left: ("[FunctionalDependency:(s: {flight}, t: {act_arr_time})]", 0.0), operator: *, right: (1.0, 1.0), result: 0.0}
列 'p' 不存在，对列 act_arr_time 不过滤，直接选择所有非无效值。
Block processing time: 0.011882 seconds
Computing Block 199 out of 441
Processing Block size=16
begin cleaner{left: ("[FunctionalDependency:(s: {flight}, t: {act_arr_time})]", 0.0), operator: *, right: (1.0, 1.0), result: 0.0}
列 'p' 不存在，对列 act_arr_time 不过滤，直接选择所有非无效值。
Block processing time: 0.012393 seconds
Computing Block 202 out of 441
Processing Block size=16
begin cleaner{left: ("[FunctionalDependency:(s: {flight}, t: {act_arr_time})]", 0.0), operator: *, right: (1.0, 1.0), result: 0.0}
列 'p' 不存在，对列 act_arr_time 不过滤，直接选择所有非无效值。
Block processing time: 0.011598 seconds
Computing Block 207 out of 441
Processing Block size=2
begin cleaner{left: ("[FunctionalDependency:(s: {flight}, t: {act_arr_time})]", 0.0), operator: *, right: (1.0, 1.0), result: 0.0}
列 'p' 不存在，对列 act_arr_time 不过滤，直接选择所有非无效值。
Block processing time: 0.001519 seconds
Computing Block 218 out of 441
Processing Block size=14
begin cleaner{left: ("[FunctionalDependency:(s: {flight}, t: {act_arr_time})]", 0.0), operator: *, right: (1.0, 1.0), result: 0.0}
列 'p' 不存在，对列 act_arr_time 不过滤，直接选择所有非无效值。
Block processing time: 0.009892 seconds
Computing Block 230 out of 441
Processing Block size=21
begin cleaner{left: ("[FunctionalDependency:(s: {flight}, t: {act_arr_time})]", 0.0), operator: *, right: (1.0, 1.0), result: 0.0}
列 'p' 不存在，对列 act_arr_time 不过滤，直接选择所有非无效值。
Block processing time: 0.014878 seconds
Computing Block 233 out of 441
Processing Block size=16
begin cleaner{left: ("[FunctionalDependency:(s: {flight}, t: {act_arr_time})]", 0.0), operator: *, right: (1.0, 1.0), result: 0.0}
列 'p' 不存在，对列 act_arr_time 不过滤，直接选择所有非无效值。
Block processing time: 0.011427 seconds
Computing Block 235 out of 441
Processing Block size=15
begin cleaner{left: ("[FunctionalDependency:(s: {flight}, t: {act_arr_time})]", 0.0), operator: *, right: (1.0, 1.0), result: 0.0}
列 'p' 不存在，对列 act_arr_time 不过滤，直接选择所有非无效值。
Block processing time: 0.010801 seconds
Computing Block 236 out of 441
Processing Block size=18
begin cleaner{left: ("[FunctionalDependency:(s: {flight}, t: {act_arr_time})]", 0.0), operator: *, right: (1.0, 1.0), result: 0.0}
列 'p' 不存在，对列 act_arr_time 不过滤，直接选择所有非无效值。
Block processing time: 0.012733 seconds
Computing Block 246 out of 441
Processing Block size=18
begin cleaner{left: ("[FunctionalDependency:(s: {flight}, t: {act_arr_time})]", 0.0), operator: *, right: (1.0, 1.0), result: 0.0}
列 'p' 不存在，对列 act_arr_time 不过滤，直接选择所有非无效值。
Block processing time: 0.012674 seconds
Computing Block 249 out of 441
Processing Block size=17
begin cleaner{left: ("[FunctionalDependency:(s: {flight}, t: {act_arr_time})]", 0.0), operator: *, right: (1.0, 1.0), result: 0.0}
列 'p' 不存在，对列 act_arr_time 不过滤，直接选择所有非无效值。
Block processing time: 0.01205 seconds
Computing Block 254 out of 441
Processing Block size=17
begin cleaner{left: ("[FunctionalDependency:(s: {flight}, t: {act_arr_time})]", 0.0), operator: *, right: (1.0, 1.0), result: 0.0}
列 'p' 不存在，对列 act_arr_time 不过滤，直接选择所有非无效值。
Block processing time: 0.012033 seconds
Computing Block 255 out of 441
Processing Block size=17
begin cleaner{left: ("[FunctionalDependency:(s: {flight}, t: {act_arr_time})]", 0.0), operator: *, right: (1.0, 1.0), result: 0.0}
列 'p' 不存在，对列 act_arr_time 不过滤，直接选择所有非无效值。
Block processing time: 0.012079 seconds
Computing Block 256 out of 441
Processing Block size=15
begin cleaner{left: ("[FunctionalDependency:(s: {flight}, t: {act_arr_time})]", 0.0), operator: *, right: (1.0, 1.0), result: 0.0}
列 'p' 不存在，对列 act_arr_time 不过滤，直接选择所有非无效值。
Block processing time: 0.010522 seconds
Computing Block 264 out of 441
Processing Block size=14
begin cleaner{left: ("[FunctionalDependency:(s: {flight}, t: {act_arr_time})]", 0.0), operator: *, right: (1.0, 1.0), result: 0.0}
列 'p' 不存在，对列 act_arr_time 不过滤，直接选择所有非无效值。
Block processing time: 0.009934 seconds
Computing Block 269 out of 441
Processing Block size=11
begin cleaner{left: ("[FunctionalDependency:(s: {flight}, t: {act_arr_time})]", 0.0), operator: *, right: (1.0, 1.0), result: 0.0}
列 'p' 不存在，对列 act_arr_time 不过滤，直接选择所有非无效值。
Block processing time: 0.007848 seconds
Computing Block 270 out of 441
Processing Block size=16
begin cleaner{left: ("[FunctionalDependency:(s: {flight}, t: {act_arr_time})]", 0.0), operator: *, right: (1.0, 1.0), result: 0.0}
列 'p' 不存在，对列 act_arr_time 不过滤，直接选择所有非无效值。
Block processing time: 0.01138 seconds
Computing Block 273 out of 441
Processing Block size=19
begin cleaner{left: ("[FunctionalDependency:(s: {flight}, t: {act_arr_time})]", 0.0), operator: *, right: (1.0, 1.0), result: 0.0}
列 'p' 不存在，对列 act_arr_time 不过滤，直接选择所有非无效值。
Block processing time: 0.013515 seconds
Computing Block 276 out of 441
Processing Block size=19
begin cleaner{left: ("[FunctionalDependency:(s: {flight}, t: {act_arr_time})]", 0.0), operator: *, right: (1.0, 1.0), result: 0.0}
列 'p' 不存在，对列 act_arr_time 不过滤，直接选择所有非无效值。
Block processing time: 0.01345 seconds
Computing Block 290 out of 441
Processing Block size=16
begin cleaner{left: ("[FunctionalDependency:(s: {flight}, t: {act_arr_time})]", 0.0), operator: *, right: (1.0, 1.0), result: 0.0}
列 'p' 不存在，对列 act_arr_time 不过滤，直接选择所有非无效值。
Block processing time: 0.011324 seconds
Computing Block 295 out of 441
Processing Block size=17
begin cleaner{left: ("[FunctionalDependency:(s: {flight}, t: {act_arr_time})]", 0.0), operator: *, right: (1.0, 1.0), result: 0.0}
列 'p' 不存在，对列 act_arr_time 不过滤，直接选择所有非无效值。
Block processing time: 0.011973 seconds
Computing Block 298 out of 441
Processing Block size=18
begin cleaner{left: ("[FunctionalDependency:(s: {flight}, t: {act_arr_time})]", 0.0), operator: *, right: (1.0, 1.0), result: 0.0}
列 'p' 不存在，对列 act_arr_time 不过滤，直接选择所有非无效值。
Block processing time: 0.012747 seconds
Computing Block 306 out of 441
Processing Block size=20
begin cleaner{left: ("[FunctionalDependency:(s: {flight}, t: {act_arr_time})]", 0.0), operator: *, right: (1.0, 1.0), result: 0.0}
列 'p' 不存在，对列 act_arr_time 不过滤，直接选择所有非无效值。
Block processing time: 0.014177 seconds
Computing Block 313 out of 441
Processing Block size=20
begin cleaner{left: ("[FunctionalDependency:(s: {flight}, t: {act_arr_time})]", 0.0), operator: *, right: (1.0, 1.0), result: 0.0}
列 'p' 不存在，对列 act_arr_time 不过滤，直接选择所有非无效值。
Block processing time: 0.014109 seconds
Computing Block 317 out of 441
Processing Block size=22
begin cleaner{left: ("[FunctionalDependency:(s: {flight}, t: {act_arr_time})]", 0.0), operator: *, right: (1.0, 1.0), result: 0.0}
列 'p' 不存在，对列 act_arr_time 不过滤，直接选择所有非无效值。
Block processing time: 0.015463 seconds
Computing Block 320 out of 441
Processing Block size=15
begin cleaner{left: ("[FunctionalDependency:(s: {flight}, t: {act_arr_time})]", 0.0), operator: *, right: (1.0, 1.0), result: 0.0}
列 'p' 不存在，对列 act_arr_time 不过滤，直接选择所有非无效值。
Block processing time: 0.010566 seconds
Computing Block 321 out of 441
Processing Block size=21
begin cleaner{left: ("[FunctionalDependency:(s: {flight}, t: {act_arr_time})]", 0.0), operator: *, right: (1.0, 1.0), result: 0.0}
列 'p' 不存在，对列 act_arr_time 不过滤，直接选择所有非无效值。
Block processing time: 0.014946 seconds
Computing Block 325 out of 441
Processing Block size=13
begin cleaner{left: ("[FunctionalDependency:(s: {flight}, t: {act_arr_time})]", 0.0), operator: *, right: (1.0, 1.0), result: 0.0}
列 'p' 不存在，对列 act_arr_time 不过滤，直接选择所有非无效值。
Block processing time: 0.009195 seconds
Computing Block 327 out of 441
Processing Block size=23
begin cleaner{left: ("[FunctionalDependency:(s: {flight}, t: {act_arr_time})]", 0.0), operator: *, right: (1.0, 1.0), result: 0.0}
列 'p' 不存在，对列 act_arr_time 不过滤，直接选择所有非无效值。
Block processing time: 0.016388 seconds
Computing Block 337 out of 441
Processing Block size=11
begin cleaner{left: ("[FunctionalDependency:(s: {flight}, t: {act_arr_time})]", 0.0), operator: *, right: (1.0, 1.0), result: 0.0}
列 'p' 不存在，对列 act_arr_time 不过滤，直接选择所有非无效值。
Block processing time: 0.007813 seconds
Computing Block 346 out of 441
Processing Block size=11
begin cleaner{left: ("[FunctionalDependency:(s: {flight}, t: {act_arr_time})]", 0.0), operator: *, right: (1.0, 1.0), result: 0.0}
列 'p' 不存在，对列 act_arr_time 不过滤，直接选择所有非无效值。
Block processing time: 0.00848 seconds
Computing Block 349 out of 441
Processing Block size=13
begin cleaner{left: ("[FunctionalDependency:(s: {flight}, t: {act_arr_time})]", 0.0), operator: *, right: (1.0, 1.0), result: 0.0}
列 'p' 不存在，对列 act_arr_time 不过滤，直接选择所有非无效值。
Block processing time: 0.010168 seconds
Computing Block 354 out of 441
Processing Block size=12
begin cleaner{left: ("[FunctionalDependency:(s: {flight}, t: {act_arr_time})]", 0.0), operator: *, right: (1.0, 1.0), result: 0.0}
列 'p' 不存在，对列 act_arr_time 不过滤，直接选择所有非无效值。
Block processing time: 0.00882 seconds
Computing Block 362 out of 441
Processing Block size=23
begin cleaner{left: ("[FunctionalDependency:(s: {flight}, t: {act_arr_time})]", 0.0), operator: *, right: (1.0, 1.0), result: 0.0}
列 'p' 不存在，对列 act_arr_time 不过滤，直接选择所有非无效值。
Block processing time: 0.016496 seconds
Computing Block 363 out of 441
Processing Block size=21
begin cleaner{left: ("[FunctionalDependency:(s: {flight}, t: {act_arr_time})]", 0.0), operator: *, right: (1.0, 1.0), result: 0.0}
列 'p' 不存在，对列 act_arr_time 不过滤，直接选择所有非无效值。
Block processing time: 0.014812 seconds
Computing Block 364 out of 441
Processing Block size=15
begin cleaner{left: ("[FunctionalDependency:(s: {flight}, t: {act_arr_time})]", 0.0), operator: *, right: (1.0, 1.0), result: 0.0}
列 'p' 不存在，对列 act_arr_time 不过滤，直接选择所有非无效值。
Block processing time: 0.010584 seconds
Computing Block 365 out of 441
Processing Block size=14
begin cleaner{left: ("[FunctionalDependency:(s: {flight}, t: {act_arr_time})]", 0.0), operator: *, right: (1.0, 1.0), result: 0.0}
列 'p' 不存在，对列 act_arr_time 不过滤，直接选择所有非无效值。
Block processing time: 0.009828 seconds
Computing Block 367 out of 441
Processing Block size=18
begin cleaner{left: ("[FunctionalDependency:(s: {flight}, t: {act_arr_time})]", 0.0), operator: *, right: (1.0, 1.0), result: 0.0}
列 'p' 不存在，对列 act_arr_time 不过滤，直接选择所有非无效值。
Block processing time: 0.012639 seconds
Computing Block 370 out of 441
Processing Block size=20
begin cleaner{left: ("[FunctionalDependency:(s: {flight}, t: {act_arr_time})]", 0.0), operator: *, right: (1.0, 1.0), result: 0.0}
列 'p' 不存在，对列 act_arr_time 不过滤，直接选择所有非无效值。
Block processing time: 0.014045 seconds
Computing Block 375 out of 441
Processing Block size=13
begin cleaner{left: ("[FunctionalDependency:(s: {flight}, t: {act_arr_time})]", 0.0), operator: *, right: (1.0, 1.0), result: 0.0}
列 'p' 不存在，对列 act_arr_time 不过滤，直接选择所有非无效值。
Block processing time: 0.009176 seconds
Computing Block 380 out of 441
Processing Block size=18
begin cleaner{left: ("[FunctionalDependency:(s: {flight}, t: {act_arr_time})]", 0.0), operator: *, right: (1.0, 1.0), result: 0.0}
列 'p' 不存在，对列 act_arr_time 不过滤，直接选择所有非无效值。
Block processing time: 0.012648 seconds
Computing Block 382 out of 441
Processing Block size=15
begin cleaner{left: ("[FunctionalDependency:(s: {flight}, t: {act_arr_time})]", 0.0), operator: *, right: (1.0, 1.0), result: 0.0}
列 'p' 不存在，对列 act_arr_time 不过滤，直接选择所有非无效值。
Block processing time: 0.010595 seconds
Computing Block 385 out of 441
Processing Block size=24
begin cleaner{left: ("[FunctionalDependency:(s: {flight}, t: {act_arr_time})]", 0.0), operator: *, right: (1.0, 1.0), result: 0.0}
列 'p' 不存在，对列 act_arr_time 不过滤，直接选择所有非无效值。
Block processing time: 0.016844 seconds
Computing Block 387 out of 441
Processing Block size=19
begin cleaner{left: ("[FunctionalDependency:(s: {flight}, t: {act_arr_time})]", 0.0), operator: *, right: (1.0, 1.0), result: 0.0}
列 'p' 不存在，对列 act_arr_time 不过滤，直接选择所有非无效值。
Block processing time: 0.014583 seconds
Computing Block 399 out of 441
Processing Block size=11
begin cleaner{left: ("[FunctionalDependency:(s: {flight}, t: {act_arr_time})]", 0.0), operator: *, right: (1.0, 1.0), result: 0.0}
列 'p' 不存在，对列 act_arr_time 不过滤，直接选择所有非无效值。
Block processing time: 0.008763 seconds
Computing Block 400 out of 441
Processing Block size=19
begin cleaner{left: ("[FunctionalDependency:(s: {flight}, t: {act_arr_time})]", 0.0), operator: *, right: (1.0, 1.0), result: 0.0}
列 'p' 不存在，对列 act_arr_time 不过滤，直接选择所有非无效值。
Block processing time: 0.014452 seconds
Computing Block 402 out of 441
Processing Block size=17
begin cleaner{left: ("[FunctionalDependency:(s: {flight}, t: {act_arr_time})]", 0.0), operator: *, right: (1.0, 1.0), result: 0.0}
列 'p' 不存在，对列 act_arr_time 不过滤，直接选择所有非无效值。
Block processing time: 0.013122 seconds
Computing Block 403 out of 441
Processing Block size=14
begin cleaner{left: ("[FunctionalDependency:(s: {flight}, t: {act_arr_time})]", 0.0), operator: *, right: (1.0, 1.0), result: 0.0}
列 'p' 不存在，对列 act_arr_time 不过滤，直接选择所有非无效值。
Block processing time: 0.010828 seconds
Computing Block 407 out of 441
Processing Block size=16
begin cleaner{left: ("[FunctionalDependency:(s: {flight}, t: {act_arr_time})]", 0.0), operator: *, right: (1.0, 1.0), result: 0.0}
列 'p' 不存在，对列 act_arr_time 不过滤，直接选择所有非无效值。
Block processing time: 0.012353 seconds
Computing Block 409 out of 441
Processing Block size=16
begin cleaner{left: ("[FunctionalDependency:(s: {flight}, t: {act_arr_time})]", 0.0), operator: *, right: (1.0, 1.0), result: 0.0}
列 'p' 不存在，对列 act_arr_time 不过滤，直接选择所有非无效值。
Block processing time: 0.012295 seconds
Computing Block 411 out of 441
Processing Block size=16
begin cleaner{left: ("[FunctionalDependency:(s: {flight}, t: {act_arr_time})]", 0.0), operator: *, right: (1.0, 1.0), result: 0.0}
列 'p' 不存在，对列 act_arr_time 不过滤，直接选择所有非无效值。
Block processing time: 0.012364 seconds
Computing Block 412 out of 441
Processing Block size=12
begin cleaner{left: ("[FunctionalDependency:(s: {flight}, t: {act_arr_time})]", 0.0), operator: *, right: (1.0, 1.0), result: 0.0}
列 'p' 不存在，对列 act_arr_time 不过滤，直接选择所有非无效值。
Block processing time: 0.009196 seconds
Computing Block 413 out of 441
Processing Block size=13
begin cleaner{left: ("[FunctionalDependency:(s: {flight}, t: {act_arr_time})]", 0.0), operator: *, right: (1.0, 1.0), result: 0.0}
列 'p' 不存在，对列 act_arr_time 不过滤，直接选择所有非无效值。
Block processing time: 0.010012 seconds
Computing Block 414 out of 441
Processing Block size=17
begin cleaner{left: ("[FunctionalDependency:(s: {flight}, t: {act_arr_time})]", 0.0), operator: *, right: (1.0, 1.0), result: 0.0}
列 'p' 不存在，对列 act_arr_time 不过滤，直接选择所有非无效值。
Block processing time: 0.012898 seconds
Computing Block 416 out of 441
Processing Block size=14
begin cleaner{left: ("[FunctionalDependency:(s: {flight}, t: {act_arr_time})]", 0.0), operator: *, right: (1.0, 1.0), result: 0.0}
26/04/29 16:46:52 WARN DAGScheduler: Broadcasting large task binary with size 1108.9 KiB
列 'p' 不存在，对列 act_arr_time 不过滤，直接选择所有非无效值。
Block processing time: 0.010007 seconds
Computing Block 417 out of 441
Processing Block size=15
begin cleaner{left: ("[FunctionalDependency:(s: {flight}, t: {act_arr_time})]", 0.0), operator: *, right: (1.0, 1.0), result: 0.0}
列 'p' 不存在，对列 act_arr_time 不过滤，直接选择所有非无效值。
Block processing time: 0.01059 seconds
Computing Block 420 out of 441
Processing Block size=14
begin cleaner{left: ("[FunctionalDependency:(s: {flight}, t: {act_arr_time})]", 0.0), operator: *, right: (1.0, 1.0), result: 0.0}
列 'p' 不存在，对列 act_arr_time 不过滤，直接选择所有非无效值。
Block processing time: 0.010048 seconds
Computing Block 427 out of 441
Processing Block size=17
begin cleaner{left: ("[FunctionalDependency:(s: {flight}, t: {act_arr_time})]", 0.0), operator: *, right: (1.0, 1.0), result: 0.0}
列 'p' 不存在，对列 act_arr_time 不过滤，直接选择所有非无效值。
Block processing time: 0.011982 seconds
Computing Block 430 out of 441
Processing Block size=20
begin cleaner{left: ("[FunctionalDependency:(s: {flight}, t: {act_arr_time})]", 0.0), operator: *, right: (1.0, 1.0), result: 0.0}
列 'p' 不存在，对列 act_arr_time 不过滤，直接选择所有非无效值。
Block processing time: 0.014122 seconds
Computing Block 431 out of 441
Processing Block size=21
begin cleaner{left: ("[FunctionalDependency:(s: {flight}, t: {act_arr_time})]", 0.0), operator: *, right: (1.0, 1.0), result: 0.0}
列 'p' 不存在，对列 act_arr_time 不过滤，直接选择所有非无效值。
Block processing time: 0.014793 seconds
Computing Block 433 out of 441
Processing Block size=12
begin cleaner{left: ("[FunctionalDependency:(s: {flight}, t: {act_arr_time})]", 0.0), operator: *, right: (1.0, 1.0), result: 0.0}
列 'p' 不存在，对列 act_arr_time 不过滤，直接选择所有非无效值。
Block processing time: 0.008542 seconds
Computing Block 435 out of 441
Processing Block size=16
begin cleaner{left: ("[FunctionalDependency:(s: {flight}, t: {act_arr_time})]", 0.0), operator: *, right: (1.0, 1.0), result: 0.0}
列 'p' 不存在，对列 act_arr_time 不过滤，直接选择所有非无效值。
Block processing time: 0.011324 seconds
  当前节点: act_arr_time 无清洗操作
['sched_dep_time', 'act_dep_time', 'sched_arr_time', 'act_arr_time']的清洗完成

本层累积的编辑规则数: 0
本层没有可以进行的清洗操作，进行下一层

清洗规则溯源分析:

处理第 1 层级, 包含节点: ['flight']

处理第 2 层级, 包含节点: ['sched_dep_time', 'act_dep_time', 'sched_arr_time', 'act_arr_time']

清洗流程展示:
关联图存储到: TestDataset/result/train/flights/flights_15/acplt.png
清洗总执行时间: 33.8277 秒
清洗结果已保存到: TestDataset/result/train/flights/flights_15/flights_15Cleaned.csv
已将 4 个时间列格式化为 'h:mm a.m./p.m.'
测评性能开始：
没有指定错误比例，仅进行原数据集的空值替换，不添加错误
已将注入错误的文件保存到: TestDataset/result/train/flights/flights_15/flights_15Cleaned.csv
差异文件已保存到:
TestDataset/result/train/flights/flights_15/flights_15_clean_vs_dirty.csv
TestDataset/result/train/flights/flights_15/flights_15_dirty_vs_cleaned.csv
TestDataset/result/train/flights/flights_15/flights_15_clean_vs_cleaned.csv
修复错误数据文件已保存到: TestDataset/result/train/flights/flights_15/flights_15_repair_errors.csv
未修复但是应该修复数据文件已保存到: TestDataset/result/train/flights/flights_15/flights_15_unrepaired.csv
修复准确率: 0.9918314703353397, 修复召回率: 0.5395229186155285, F1值: 0.698879127491472
========================================
EDR 结果已保存到: TestDataset/result/train/flights/flights_15/flights_15_edr_evaluation.txt
错误减少率 (EDR): 0.5395229186155285
========================================
混合距离结果已保存到: TestDataset/result/train/flights/flights_15/flights_15_hybrid_distance_evaluation.txt
混合距离 (Hybrid Distance): 0.2311683420099894
========================================
R-EDR 结果已保存到: TestDataset/result/train/flights/flights_15/flights_15_record_based_edr_evaluation.txt
基于条目的错误减少率 (R-EDR): 0.42850287907869483
========================================
测试结果:
Accuracy: 0.9918314703353397
Recall: 0.5395229186155285
F1 Score: 0.698879127491472
EDR: 0.5395229186155285
Hybrid Distance: 0.2311683420099894
R-EDR: 0.42850287907869483
time(s): 33.827650375
speed: 1.4237226588804712 seconds/100num
测评结束，详细测评日志见：TestDataset/result/train/flights/flights_15
