26/04/29 16:44:49 WARN Utils: Your hostname, qianzekaideMacBook-Air.local resolves to a loopback address: 127.0.0.1; using 192.168.3.1 instead (on interface bridge0)
26/04/29 16:44:49 WARN Utils: Set SPARK_LOCAL_IP if you need to bind to another address
26/04/29 16:44:49 WARN NativeCodeLoader: Unable to load native-hadoop library for your platform... using builtin-java classes where applicable
Using Spark's default log4j profile: org/apache/spark/log4j-defaults.properties
Setting default log level to "WARN".
To adjust logging level use sc.setLogLevel(newLevel). For SparkR, use setLogLevel(newLevel).
WARNING:root:No partitioning rule specified, processing might be slow
WARNING:root:No partitioning rule specified, processing might be slow
WARNING:root:No partitioning rule specified, processing might be slow
WARNING:root:No partitioning rule specified, processing might be slow
WARNING:root:No partitioning rule specified, processing might be slow
WARNING:root:No partitioning rule specified, processing might be slow
WARNING:root:No partitioning rule specified, processing might be slow
WARNING:root:No partitioning rule specified, processing might be slow
初始化清洗器和分析依赖关系...
处理单属性清洗算子：
处理单属性清洗算子：[Pattern:(domain= sched_dep_time, format = ^(0[1-9]|1[0-2]):[0-5][0-9]\s?(AM|PM)$)]
开始清洗属性 sched_dep_time 的数据
属性 sched_dep_time 的数据大小: 412
属性 sched_dep_time 没有可应用的清洗规则。
处理单属性清洗算子：[Pattern:(domain= act_dep_time, format = ^(0[1-9]|1[0-2]):[0-5][0-9]\s?(AM|PM)$)]
开始清洗属性 act_dep_time 的数据
属性 act_dep_time 的数据大小: 460
属性 act_dep_time 没有可应用的清洗规则。
处理单属性清洗算子：[Pattern:(domain= sched_arr_time, format = ^(0[1-9]|1[0-2]):[0-5][0-9]\s?(AM|PM)$)]
开始清洗属性 sched_arr_time 的数据
属性 sched_arr_time 的数据大小: 454
属性 sched_arr_time 没有可应用的清洗规则。
处理单属性清洗算子：[Date:(domain=sched_dep_time，format = %I:%M %p)]
开始清洗属性 sched_dep_time 的数据
属性 sched_dep_time 的数据大小: 412
应用 sched_dep_time 的清洗规则，编辑规则数量: 332
读入数据大小：2376
处理了 332 条规则，更新数据...
所有编辑规则已更新完成
处理单属性清洗算子：[Date:(domain=act_dep_time，format = %I:%M %p)]
开始清洗属性 act_dep_time 的数据
属性 act_dep_time 的数据大小: 460
应用 act_dep_time 的清洗规则，编辑规则数量: 355
读入数据大小：2376
处理了 355 条规则，更新数据...
所有编辑规则已更新完成
处理单属性清洗算子：[Date:(domain=sched_arr_time，format = %I:%M %p)]
开始清洗属性 sched_arr_time 的数据
属性 sched_arr_time 的数据大小: 454
应用 sched_arr_time 的清洗规则，编辑规则数量: 345
读入数据大小：2376
处理了 345 条规则，更新数据...
所有编辑规则已更新完成
处理单属性清洗算子：[Date:(domain=act_arr_time，format = %I:%M %p)]
开始清洗属性 act_arr_time 的数据
属性 act_arr_time 的数据大小: 452
应用 act_arr_time 的清洗规则，编辑规则数量: 342
读入数据大小：2376
处理了 342 条规则，更新数据...
所有编辑规则已更新完成
执行层级和目标模型分类...
执行层级 (并行组): [[{'flight'}], [{'sched_dep_time'}, {'act_dep_time'}, {'sched_arr_time'}, {'act_arr_time'}]]
目标模型分类: {'sched_dep_time': [<SampleScrubber.cleaner.multiple.AttrRelation object at 0x1584acd00>], 'act_dep_time': [<SampleScrubber.cleaner.multiple.AttrRelation object at 0x1584ac700>], 'sched_arr_time': [<SampleScrubber.cleaner.multiple.AttrRelation object at 0x1584ac940>], 'act_arr_time': [<SampleScrubber.cleaner.multiple.AttrRelation object at 0x1584ac970>]}

处理第 1 层级, 包含节点: ['flight']
  当前节点: flight 无可用清洗信号
  当前节点: flight 无清洗操作
['flight']的清洗完成

本层累积的编辑规则数: 0
本层没有可以进行的清洗操作，进行下一层

处理第 2 层级, 包含节点: ['sched_dep_time', 'act_dep_time', 'sched_arr_time', 'act_arr_time']
  当前节点: sched_dep_time 存在可用清洗信号
数据块大小: 2376
分块属性:
[['flight']]
Starting initial block mapping...
Initial number of blocks: 445
Final number of blocks after further splitting: 445
Computing Block 2 out of 445
Processing Block size=16
begin cleaner[FunctionalDependency:(s: {'flight'}, t: {'sched_dep_time'})]*1.0
列 'p' 不存在，对列 sched_dep_time 不过滤，直接选择所有非无效值。
Block processing time: 0.012719 seconds
Computing Block 3 out of 445
Processing Block size=20
begin cleaner{left: ("[FunctionalDependency:(s: {flight}, t: {sched_dep_time})]", 0.0), operator: *, right: (1.0, 1.0), result: 0.0}
列 'p' 不存在，对列 sched_dep_time 不过滤，直接选择所有非无效值。
clean_bool length:2
newest best op: Uniop(df,'sched_dep_time','07:10 AM',(['flight'], {('AA-59-JFK-SFO',)}),{left: ("[FunctionalDependency:(s: {flight}, t: {sched_dep_time})]", 0.0), operator: *, right: (1.0, 1.0), result: 0.0})
now error: 0.0
Block processing time: 0.030696 seconds
Computing Block 5 out of 445
Processing Block size=17
begin cleaner{left: ("[FunctionalDependency:(s: {flight}, t: {sched_dep_time})]", 0.0), operator: *, right: (1.0, 1.0), result: 0.0}
列 'p' 不存在，对列 sched_dep_time 不过滤，直接选择所有非无效值。
clean_bool length:2
newest best op: Uniop(df,'sched_dep_time','07:00 PM',(['flight'], {('CO-1586-IAH-MCO',)}),{left: ("[FunctionalDependency:(s: {flight}, t: {sched_dep_time})]", 0.0), operator: *, right: (1.0, 1.0), result: 0.0})
now error: 0.0
Block processing time: 0.025919 seconds
Computing Block 9 out of 445
Processing Block size=24
begin cleaner{left: ("[FunctionalDependency:(s: {flight}, t: {sched_dep_time})]", 0.0), operator: *, right: (1.0, 1.0), result: 0.0}
列 'p' 不存在，对列 sched_dep_time 不过滤，直接选择所有非无效值。
clean_bool length:2
newest best op: Uniop(df,'sched_dep_time','06:00 AM',(['flight'], {('AA-3809-PHX-LAX',)}),{left: ("[FunctionalDependency:(s: {flight}, t: {sched_dep_time})]", 0.0), operator: *, right: (1.0, 1.0), result: 0.0})
now error: 0.0
Block processing time: 0.034716 seconds
Computing Block 10 out of 445
Processing Block size=21
begin cleaner{left: ("[FunctionalDependency:(s: {flight}, t: {sched_dep_time})]", 0.0), operator: *, right: (1.0, 1.0), result: 0.0}
列 'p' 不存在，对列 sched_dep_time 不过滤，直接选择所有非无效值。
clean_bool length:2
newest best op: Uniop(df,'sched_dep_time','03:35 PM',(['flight'], {('AA-4330-CVG-ORD',)}),{left: ("[FunctionalDependency:(s: {flight}, t: {sched_dep_time})]", 0.0), operator: *, right: (1.0, 1.0), result: 0.0})
now error: 0.0
Block processing time: 0.030118 seconds
Computing Block 11 out of 445
Processing Block size=16
begin cleaner{left: ("[FunctionalDependency:(s: {flight}, t: {sched_dep_time})]", 0.0), operator: *, right: (1.0, 1.0), result: 0.0}
列 'p' 不存在，对列 sched_dep_time 不过滤，直接选择所有非无效值。
clean_bool length:2
newest best op: Uniop(df,'sched_dep_time','10:40 AM',(['flight'], {('AA-400-DFW-JFK',)}),{left: ("[FunctionalDependency:(s: {flight}, t: {sched_dep_time})]", 0.0), operator: *, right: (1.0, 1.0), result: 0.0})
now error: 0.0
Block processing time: 0.023213 seconds
Computing Block 12 out of 445
Processing Block size=21
begin cleaner{left: ("[FunctionalDependency:(s: {flight}, t: {sched_dep_time})]", 0.0), operator: *, right: (1.0, 1.0), result: 0.0}
列 'p' 不存在，对列 sched_dep_time 不过滤，直接选择所有非无效值。
clean_bool length:2
newest best op: Uniop(df,'sched_dep_time','07:15 AM',(['flight'], {('AA-2268-PHX-ORD',)}),{left: ("[FunctionalDependency:(s: {flight}, t: {sched_dep_time})]", 0.0), operator: *, right: (1.0, 1.0), result: 0.0})
now error: 0.0
Block processing time: 0.030049 seconds
Computing Block 29 out of 445
Processing Block size=18
begin cleaner{left: ("[FunctionalDependency:(s: {flight}, t: {sched_dep_time})]", 0.0), operator: *, right: (1.0, 1.0), result: 0.0}
列 'p' 不存在，对列 sched_dep_time 不过滤，直接选择所有非无效值。
clean_bool length:2
newest best op: Uniop(df,'sched_dep_time','03:50 PM',(['flight'], {('UA-2906-PHL-MCO',)}),{left: ("[FunctionalDependency:(s: {flight}, t: {sched_dep_time})]", 0.0), operator: *, right: (1.0, 1.0), result: 0.0})
now error: 0.0
Block processing time: 0.026105 seconds
Computing Block 33 out of 445
Processing Block size=18
begin cleaner{left: ("[FunctionalDependency:(s: {flight}, t: {sched_dep_time})]", 0.0), operator: *, right: (1.0, 1.0), result: 0.0}
列 'p' 不存在，对列 sched_dep_time 不过滤，直接选择所有非无效值。
clean_bool length:2
newest best op: Uniop(df,'sched_dep_time','02:55 PM',(['flight'], {('UA-2708-EWR-CLT',)}),{left: ("[FunctionalDependency:(s: {flight}, t: {sched_dep_time})]", 0.0), operator: *, right: (1.0, 1.0), result: 0.0})
now error: 0.0
Block processing time: 0.025807 seconds
Computing Block 36 out of 445
Processing Block size=22
begin cleaner{left: ("[FunctionalDependency:(s: {flight}, t: {sched_dep_time})]", 0.0), operator: *, right: (1.0, 1.0), result: 0.0}
列 'p' 不存在，对列 sched_dep_time 不过滤，直接选择所有非无效值。
clean_bool length:2
newest best op: Uniop(df,'sched_dep_time','04:00 PM',(['flight'], {('AA-3786-IAH-ORD',)}),{left: ("[FunctionalDependency:(s: {flight}, t: {sched_dep_time})]", 0.0), operator: *, right: (1.0, 1.0), result: 0.0})
now error: 0.0
Block processing time: 0.031555 seconds
Computing Block 39 out of 445
Processing Block size=22
begin cleaner{left: ("[FunctionalDependency:(s: {flight}, t: {sched_dep_time})]", 0.0), operator: *, right: (1.0, 1.0), result: 0.0}
列 'p' 不存在，对列 sched_dep_time 不过滤，直接选择所有非无效值。
Block processing time: 0.015835 seconds
Computing Block 43 out of 445
Processing Block size=18
begin cleaner{left: ("[FunctionalDependency:(s: {flight}, t: {sched_dep_time})]", 0.0), operator: *, right: (1.0, 1.0), result: 0.0}
列 'p' 不存在，对列 sched_dep_time 不过滤，直接选择所有非无效值。
Block processing time: 0.013019 seconds
Computing Block 48 out of 445
Processing Block size=20
begin cleaner{left: ("[FunctionalDependency:(s: {flight}, t: {sched_dep_time})]", 0.0), operator: *, right: (1.0, 1.0), result: 0.0}
列 'p' 不存在，对列 sched_dep_time 不过滤，直接选择所有非无效值。
Block processing time: 0.014407 seconds
Computing Block 50 out of 445
Processing Block size=21
begin cleaner{left: ("[FunctionalDependency:(s: {flight}, t: {sched_dep_time})]", 0.0), operator: *, right: (1.0, 1.0), result: 0.0}
列 'p' 不存在，对列 sched_dep_time 不过滤，直接选择所有非无效值。
clean_bool length:2
newest best op: Uniop(df,'sched_dep_time','12:00 AM',(['flight'], {('UA-2945-PHL-CLT',)}),{left: ("[FunctionalDependency:(s: {flight}, t: {sched_dep_time})]", 0.0), operator: *, right: (1.0, 1.0), result: 0.0})
now error: 0.0
Block processing time: 0.030046 seconds
Computing Block 53 out of 445
Processing Block size=18
begin cleaner{left: ("[FunctionalDependency:(s: {flight}, t: {sched_dep_time})]", 0.0), operator: *, right: (1.0, 1.0), result: 0.0}
列 'p' 不存在，对列 sched_dep_time 不过滤，直接选择所有非无效值。
clean_bool length:2
newest best op: Uniop(df,'sched_dep_time','05:25 PM',(['flight'], {('CO-63-EWR-IAH',)}),{left: ("[FunctionalDependency:(s: {flight}, t: {sched_dep_time})]", 0.0), operator: *, right: (1.0, 1.0), result: 0.0})
now error: 0.0
Block processing time: 0.025729 seconds
Computing Block 55 out of 445
Processing Block size=22
begin cleaner{left: ("[FunctionalDependency:(s: {flight}, t: {sched_dep_time})]", 0.0), operator: *, right: (1.0, 1.0), result: 0.0}
列 'p' 不存在，对列 sched_dep_time 不过滤，直接选择所有非无效值。
clean_bool length:2
newest best op: Uniop(df,'sched_dep_time','11:50 AM',(['flight'], {('AA-446-DFW-PHL',)}),{left: ("[FunctionalDependency:(s: {flight}, t: {sched_dep_time})]", 0.0), operator: *, right: (1.0, 1.0), result: 0.0})
now error: 0.0
Block processing time: 0.031617 seconds
Computing Block 56 out of 445
Processing Block size=18
begin cleaner{left: ("[FunctionalDependency:(s: {flight}, t: {sched_dep_time})]", 0.0), operator: *, right: (1.0, 1.0), result: 0.0}
列 'p' 不存在，对列 sched_dep_time 不过滤，直接选择所有非无效值。
clean_bool length:2
newest best op: Uniop(df,'sched_dep_time','06:00 AM',(['flight'], {('UA-414-LAX-SFO',)}),{left: ("[FunctionalDependency:(s: {flight}, t: {sched_dep_time})]", 0.0), operator: *, right: (1.0, 1.0), result: 0.0})
now error: 0.0
Block processing time: 0.025818 seconds
Computing Block 60 out of 445
Processing Block size=19
begin cleaner{left: ("[FunctionalDependency:(s: {flight}, t: {sched_dep_time})]", 0.0), operator: *, right: (1.0, 1.0), result: 0.0}
列 'p' 不存在，对列 sched_dep_time 不过滤，直接选择所有非无效值。
clean_bool length:2
newest best op: Uniop(df,'sched_dep_time','08:20 PM',(['flight'], {('AA-3063-SLC-LAX',)}),{left: ("[FunctionalDependency:(s: {flight}, t: {sched_dep_time})]", 0.0), operator: *, right: (1.0, 1.0), result: 0.0})
now error: 0.0
Block processing time: 0.027984 seconds
Computing Block 67 out of 445
Processing Block size=22
begin cleaner{left: ("[FunctionalDependency:(s: {flight}, t: {sched_dep_time})]", 0.0), operator: *, right: (1.0, 1.0), result: 0.0}
列 'p' 不存在，对列 sched_dep_time 不过滤，直接选择所有非无效值。
clean_bool length:2
newest best op: Uniop(df,'sched_dep_time','02:35 PM',(['flight'], {('AA-3804-PHL-ORD',)}),{left: ("[FunctionalDependency:(s: {flight}, t: {sched_dep_time})]", 0.0), operator: *, right: (1.0, 1.0), result: 0.0})
now error: 0.0
Block processing time: 0.031886 seconds
Computing Block 71 out of 445
Processing Block size=22
begin cleaner{left: ("[FunctionalDependency:(s: {flight}, t: {sched_dep_time})]", 0.0), operator: *, right: (1.0, 1.0), result: 0.0}
列 'p' 不存在，对列 sched_dep_time 不过滤，直接选择所有非无效值。
clean_bool length:2
newest best op: Uniop(df,'sched_dep_time','09:05 AM',(['flight'], {('AA-616-DFW-DTW',)}),{left: ("[FunctionalDependency:(s: {flight}, t: {sched_dep_time})]", 0.0), operator: *, right: (1.0, 1.0), result: 0.0})
now error: 0.0
Block processing time: 0.031501 seconds
Computing Block 80 out of 445
Processing Block size=22
begin cleaner{left: ("[FunctionalDependency:(s: {flight}, t: {sched_dep_time})]", 0.0), operator: *, right: (1.0, 1.0), result: 0.0}
列 'p' 不存在，对列 sched_dep_time 不过滤，直接选择所有非无效值。
clean_bool length:2
newest best op: Uniop(df,'sched_dep_time','03:05 PM',(['flight'], {('AA-85-JFK-SFO',)}),{left: ("[FunctionalDependency:(s: {flight}, t: {sched_dep_time})]", 0.0), operator: *, right: (1.0, 1.0), result: 0.0})
now error: 0.0
Block processing time: 0.031349 seconds
Computing Block 81 out of 445
Processing Block size=22
begin cleaner{left: ("[FunctionalDependency:(s: {flight}, t: {sched_dep_time})]", 0.0), operator: *, right: (1.0, 1.0), result: 0.0}
列 'p' 不存在，对列 sched_dep_time 不过滤，直接选择所有非无效值。
Block processing time: 0.015833 seconds
Computing Block 85 out of 445
Processing Block size=19
begin cleaner{left: ("[FunctionalDependency:(s: {flight}, t: {sched_dep_time})]", 0.0), operator: *, right: (1.0, 1.0), result: 0.0}
列 'p' 不存在，对列 sched_dep_time 不过滤，直接选择所有非无效值。
clean_bool length:2
newest best op: Uniop(df,'sched_dep_time','04:15 PM',(['flight'], {('AA-484-DFW-MIA',)}),{left: ("[FunctionalDependency:(s: {flight}, t: {sched_dep_time})]", 0.0), operator: *, right: (1.0, 1.0), result: 0.0})
now error: 0.0
Block processing time: 0.027096 seconds
Computing Block 86 out of 445
Processing Block size=20
begin cleaner{left: ("[FunctionalDependency:(s: {flight}, t: {sched_dep_time})]", 0.0), operator: *, right: (1.0, 1.0), result: 0.0}
列 'p' 不存在，对列 sched_dep_time 不过滤，直接选择所有非无效值。
clean_bool length:3
newest best op: Uniop(df,'sched_dep_time','11:25 PM',(['flight'], {('AA-204-LAX-MCO',)}),{left: ("[FunctionalDependency:(s: {flight}, t: {sched_dep_time})]", 0.0), operator: *, right: (1.0, 1.0), result: 0.0})
now error: 0.0
Block processing time: 0.042523 seconds
Computing Block 89 out of 445
Processing Block size=26
begin cleaner{left: ("[FunctionalDependency:(s: {flight}, t: {sched_dep_time})]", 0.0), operator: *, right: (1.0, 1.0), result: 0.0}
列 'p' 不存在，对列 sched_dep_time 不过滤，直接选择所有非无效值。
clean_bool length:4
newest best op: Uniop(df,'sched_dep_time','04:43 PM',(['flight'], {('AA-2050-ORD-MIA',)}),{left: ("[FunctionalDependency:(s: {flight}, t: {sched_dep_time})]", 0.0), operator: *, right: (1.0, 1.0), result: 0.0})
now error: 0.0
newest best op: Uniop(df,'sched_dep_time','12:40 AM',(['flight'], {('AA-2050-ORD-MIA',)}),{left: ("[FunctionalDependency:(s: {flight}, t: {sched_dep_time})]", 0.0), operator: *, right: (1.0, 1.0), result: 0.0})
now error: 0.0
newest best op: Uniop(df,'sched_dep_time','10:40 AM',(['flight'], {('AA-2050-ORD-MIA',)}),{left: ("[FunctionalDependency:(s: {flight}, t: {sched_dep_time})]", 0.0), operator: *, right: (1.0, 1.0), result: 0.0})
now error: 0.0
Block processing time: 0.075818 seconds
Computing Block 90 out of 445
Processing Block size=19
begin cleaner{left: ("[FunctionalDependency:(s: {flight}, t: {sched_dep_time})]", 0.0), operator: *, right: (1.0, 1.0), result: 0.0}
列 'p' 不存在，对列 sched_dep_time 不过滤，直接选择所有非无效值。
clean_bool length:2
newest best op: Uniop(df,'sched_dep_time','07:15 AM',(['flight'], {('AA-1434-DFW-MCO',)}),{left: ("[FunctionalDependency:(s: {flight}, t: {sched_dep_time})]", 0.0), operator: *, right: (1.0, 1.0), result: 0.0})
now error: 0.0
Block processing time: 0.02671 seconds
Computing Block 98 out of 445
Processing Block size=19
begin cleaner{left: ("[FunctionalDependency:(s: {flight}, t: {sched_dep_time})]", 0.0), operator: *, right: (1.0, 1.0), result: 0.0}
列 'p' 不存在，对列 sched_dep_time 不过滤，直接选择所有非无效值。
clean_bool length:2
newest best op: Uniop(df,'sched_dep_time','07:53 AM',(['flight'], {('UA-854-SFO-IAH',)}),{left: ("[FunctionalDependency:(s: {flight}, t: {sched_dep_time})]", 0.0), operator: *, right: (1.0, 1.0), result: 0.0})
now error: 0.0
Block processing time: 0.026561 seconds
Computing Block 100 out of 445
Processing Block size=22
begin cleaner{left: ("[FunctionalDependency:(s: {flight}, t: {sched_dep_time})]", 0.0), operator: *, right: (1.0, 1.0), result: 0.0}
列 'p' 不存在，对列 sched_dep_time 不过滤，直接选择所有非无效值。
clean_bool length:2
newest best op: Uniop(df,'sched_dep_time','02:55 PM',(['flight'], {('AA-1917-JFK-MCO',)}),{left: ("[FunctionalDependency:(s: {flight}, t: {sched_dep_time})]", 0.0), operator: *, right: (1.0, 1.0), result: 0.0})
now error: 0.0
Block processing time: 0.030677 seconds
Computing Block 102 out of 445
Processing Block size=19
begin cleaner{left: ("[FunctionalDependency:(s: {flight}, t: {sched_dep_time})]", 0.0), operator: *, right: (1.0, 1.0), result: 0.0}
列 'p' 不存在，对列 sched_dep_time 不过滤，直接选择所有非无效值。
clean_bool length:2
newest best op: Uniop(df,'sched_dep_time','06:40 AM',(['flight'], {('AA-518-MIA-JFK',)}),{left: ("[FunctionalDependency:(s: {flight}, t: {sched_dep_time})]", 0.0), operator: *, right: (1.0, 1.0), result: 0.0})
now error: 0.0
Block processing time: 0.026442 seconds
Computing Block 103 out of 445
Processing Block size=21
begin cleaner{left: ("[FunctionalDependency:(s: {flight}, t: {sched_dep_time})]", 0.0), operator: *, right: (1.0, 1.0), result: 0.0}
列 'p' 不存在，对列 sched_dep_time 不过滤，直接选择所有非无效值。
clean_bool length:2
newest best op: Uniop(df,'sched_dep_time','04:00 PM',(['flight'], {('CO-45-EWR-MIA',)}),{left: ("[FunctionalDependency:(s: {flight}, t: {sched_dep_time})]", 0.0), operator: *, right: (1.0, 1.0), result: 0.0})
now error: 0.0
Block processing time: 0.029389 seconds
Computing Block 105 out of 445
Processing Block size=23
begin cleaner{left: ("[FunctionalDependency:(s: {flight}, t: {sched_dep_time})]", 0.0), operator: *, right: (1.0, 1.0), result: 0.0}
列 'p' 不存在，对列 sched_dep_time 不过滤，直接选择所有非无效值。
clean_bool length:2
newest best op: Uniop(df,'sched_dep_time','08:25 PM',(['flight'], {('AA-2312-DFW-DTW',)}),{left: ("[FunctionalDependency:(s: {flight}, t: {sched_dep_time})]", 0.0), operator: *, right: (1.0, 1.0), result: 0.0})
now error: 0.0
Block processing time: 0.031935 seconds
Computing Block 106 out of 445
Processing Block size=19
begin cleaner{left: ("[FunctionalDependency:(s: {flight}, t: {sched_dep_time})]", 0.0), operator: *, right: (1.0, 1.0), result: 0.0}
列 'p' 不存在，对列 sched_dep_time 不过滤，直接选择所有非无效值。
clean_bool length:2
newest best op: Uniop(df,'sched_dep_time','02:55 PM',(['flight'], {('UA-2314-ATL-PHL',)}),{left: ("[FunctionalDependency:(s: {flight}, t: {sched_dep_time})]", 0.0), operator: *, right: (1.0, 1.0), result: 0.0})
now error: 0.0
Block processing time: 0.026415 seconds
Computing Block 107 out of 445
Processing Block size=23
begin cleaner{left: ("[FunctionalDependency:(s: {flight}, t: {sched_dep_time})]", 0.0), operator: *, right: (1.0, 1.0), result: 0.0}
列 'p' 不存在，对列 sched_dep_time 不过滤，直接选择所有非无效值。
clean_bool length:2
newest best op: Uniop(df,'sched_dep_time','07:10 AM',(['flight'], {('AA-3859-IAH-ORD',)}),{left: ("[FunctionalDependency:(s: {flight}, t: {sched_dep_time})]", 0.0), operator: *, right: (1.0, 1.0), result: 0.0})
now error: 0.0
Block processing time: 0.031877 seconds
Computing Block 112 out of 445
Processing Block size=17
begin cleaner{left: ("[FunctionalDependency:(s: {flight}, t: {sched_dep_time})]", 0.0), operator: *, right: (1.0, 1.0), result: 0.0}
列 'p' 不存在，对列 sched_dep_time 不过滤，直接选择所有非无效值。
clean_bool length:2
newest best op: Uniop(df,'sched_dep_time','02:30 PM',(['flight'], {('UA-62-IAH-EWR',)}),{left: ("[FunctionalDependency:(s: {flight}, t: {sched_dep_time})]", 0.0), operator: *, right: (1.0, 1.0), result: 0.0})
now error: 0.0
Block processing time: 0.023668 seconds
Computing Block 119 out of 445
Processing Block size=14
begin cleaner{left: ("[FunctionalDependency:(s: {flight}, t: {sched_dep_time})]", 0.0), operator: *, right: (1.0, 1.0), result: 0.0}
列 'p' 不存在，对列 sched_dep_time 不过滤，直接选择所有非无效值。
Block processing time: 0.010592 seconds
Computing Block 126 out of 445
Processing Block size=10
begin cleaner{left: ("[FunctionalDependency:(s: {flight}, t: {sched_dep_time})]", 0.0), operator: *, right: (1.0, 1.0), result: 0.0}
列 'p' 不存在，对列 sched_dep_time 不过滤，直接选择所有非无效值。
Block processing time: 0.007786 seconds
Computing Block 130 out of 445
Processing Block size=13
begin cleaner{left: ("[FunctionalDependency:(s: {flight}, t: {sched_dep_time})]", 0.0), operator: *, right: (1.0, 1.0), result: 0.0}
列 'p' 不存在，对列 sched_dep_time 不过滤，直接选择所有非无效值。
Block processing time: 0.009346 seconds
Computing Block 131 out of 445
Processing Block size=19
begin cleaner{left: ("[FunctionalDependency:(s: {flight}, t: {sched_dep_time})]", 0.0), operator: *, right: (1.0, 1.0), result: 0.0}
列 'p' 不存在，对列 sched_dep_time 不过滤，直接选择所有非无效值。
Block processing time: 0.013432 seconds
Computing Block 134 out of 445
Processing Block size=20
begin cleaner{left: ("[FunctionalDependency:(s: {flight}, t: {sched_dep_time})]", 0.0), operator: *, right: (1.0, 1.0), result: 0.0}
列 'p' 不存在，对列 sched_dep_time 不过滤，直接选择所有非无效值。
clean_bool length:2
newest best op: Uniop(df,'sched_dep_time','10:40 AM',(['flight'], {('AA-4198-ORD-CLE',)}),{left: ("[FunctionalDependency:(s: {flight}, t: {sched_dep_time})]", 0.0), operator: *, right: (1.0, 1.0), result: 0.0})
now error: 0.0
Block processing time: 0.02804 seconds
Computing Block 137 out of 445
Processing Block size=21
begin cleaner{left: ("[FunctionalDependency:(s: {flight}, t: {sched_dep_time})]", 0.0), operator: *, right: (1.0, 1.0), result: 0.0}
列 'p' 不存在，对列 sched_dep_time 不过滤，直接选择所有非无效值。
clean_bool length:2
newest best op: Uniop(df,'sched_dep_time','12:15 PM',(['flight'], {('AA-3756-ORD-SLC',)}),{left: ("[FunctionalDependency:(s: {flight}, t: {sched_dep_time})]", 0.0), operator: *, right: (1.0, 1.0), result: 0.0})
now error: 0.0
Block processing time: 0.029541 seconds
Computing Block 150 out of 445
Processing Block size=20
begin cleaner{left: ("[FunctionalDependency:(s: {flight}, t: {sched_dep_time})]", 0.0), operator: *, right: (1.0, 1.0), result: 0.0}
列 'p' 不存在，对列 sched_dep_time 不过滤，直接选择所有非无效值。
clean_bool length:2
newest best op: Uniop(df,'sched_dep_time','04:16 PM',(['flight'], {('UA-938-DEN-ORD',)}),{left: ("[FunctionalDependency:(s: {flight}, t: {sched_dep_time})]", 0.0), operator: *, right: (1.0, 1.0), result: 0.0})
now error: 0.0
Block processing time: 0.028007 seconds
Computing Block 151 out of 445
Processing Block size=12
begin cleaner{left: ("[FunctionalDependency:(s: {flight}, t: {sched_dep_time})]", 0.0), operator: *, right: (1.0, 1.0), result: 0.0}
列 'p' 不存在，对列 sched_dep_time 不过滤，直接选择所有非无效值。
clean_bool length:2
newest best op: Uniop(df,'sched_dep_time','01:45 PM',(['flight'], {('UA-858-PVG-SFO',)}),{left: ("[FunctionalDependency:(s: {flight}, t: {sched_dep_time})]", 0.0), operator: *, right: (1.0, 1.0), result: 0.0})
now error: 0.0
Block processing time: 0.018132 seconds
Computing Block 154 out of 445
Processing Block size=15
begin cleaner{left: ("[FunctionalDependency:(s: {flight}, t: {sched_dep_time})]", 0.0), operator: *, right: (1.0, 1.0), result: 0.0}
列 'p' 不存在，对列 sched_dep_time 不过滤，直接选择所有非无效值。
clean_bool length:2
newest best op: Uniop(df,'sched_dep_time','05:30 PM',(['flight'], {('CO-4888-IAH-DAL',)}),{left: ("[FunctionalDependency:(s: {flight}, t: {sched_dep_time})]", 0.0), operator: *, right: (1.0, 1.0), result: 0.0})
now error: 0.0
Block processing time: 0.021579 seconds
Computing Block 164 out of 445
Processing Block size=19
begin cleaner{left: ("[FunctionalDependency:(s: {flight}, t: {sched_dep_time})]", 0.0), operator: *, right: (1.0, 1.0), result: 0.0}
列 'p' 不存在，对列 sched_dep_time 不过滤，直接选择所有非无效值。
clean_bool length:2
newest best op: Uniop(df,'sched_dep_time','03:27 PM',(['flight'], {('UA-2830-MCO-CLT',)}),{left: ("[FunctionalDependency:(s: {flight}, t: {sched_dep_time})]", 0.0), operator: *, right: (1.0, 1.0), result: 0.0})
now error: 0.0
Block processing time: 0.026684 seconds
Computing Block 169 out of 445
Processing Block size=20
begin cleaner{left: ("[FunctionalDependency:(s: {flight}, t: {sched_dep_time})]", 0.0), operator: *, right: (1.0, 1.0), result: 0.0}
列 'p' 不存在，对列 sched_dep_time 不过滤，直接选择所有非无效值。
clean_bool length:2
newest best op: Uniop(df,'sched_dep_time','08:29 AM',(['flight'], {('UA-3373-IAD-PHL',)}),{left: ("[FunctionalDependency:(s: {flight}, t: {sched_dep_time})]", 0.0), operator: *, right: (1.0, 1.0), result: 0.0})
now error: 0.0
Block processing time: 0.027902 seconds
Computing Block 172 out of 445
Processing Block size=19
begin cleaner{left: ("[FunctionalDependency:(s: {flight}, t: {sched_dep_time})]", 0.0), operator: *, right: (1.0, 1.0), result: 0.0}
列 'p' 不存在，对列 sched_dep_time 不过滤，直接选择所有非无效值。
clean_bool length:2
newest best op: Uniop(df,'sched_dep_time','08:35 AM',(['flight'], {('AA-415-BOS-ORD',)}),{left: ("[FunctionalDependency:(s: {flight}, t: {sched_dep_time})]", 0.0), operator: *, right: (1.0, 1.0), result: 0.0})
now error: 0.0
Block processing time: 0.026605 seconds
Computing Block 177 out of 445
Processing Block size=21
begin cleaner{left: ("[FunctionalDependency:(s: {flight}, t: {sched_dep_time})]", 0.0), operator: *, right: (1.0, 1.0), result: 0.0}
列 'p' 不存在，对列 sched_dep_time 不过滤，直接选择所有非无效值。
Block processing time: 0.014909 seconds
Computing Block 183 out of 445
Processing Block size=17
begin cleaner{left: ("[FunctionalDependency:(s: {flight}, t: {sched_dep_time})]", 0.0), operator: *, right: (1.0, 1.0), result: 0.0}
列 'p' 不存在，对列 sched_dep_time 不过滤，直接选择所有非无效值。
clean_bool length:2
newest best op: Uniop(df,'sched_dep_time','10:45 AM',(['flight'], {('AA-1886-BOS-MIA',)}),{left: ("[FunctionalDependency:(s: {flight}, t: {sched_dep_time})]", 0.0), operator: *, right: (1.0, 1.0), result: 0.0})
now error: 0.0
Block processing time: 0.023817 seconds
Computing Block 187 out of 445
Processing Block size=19
begin cleaner{left: ("[FunctionalDependency:(s: {flight}, t: {sched_dep_time})]", 0.0), operator: *, right: (1.0, 1.0), result: 0.0}
列 'p' 不存在，对列 sched_dep_time 不过滤，直接选择所有非无效值。
clean_bool length:2
newest best op: Uniop(df,'sched_dep_time','11:55 PM',(['flight'], {('AA-1522-SFO-ORD',)}),{left: ("[FunctionalDependency:(s: {flight}, t: {sched_dep_time})]", 0.0), operator: *, right: (1.0, 1.0), result: 0.0})
now error: 0.0
Block processing time: 0.026857 seconds
Computing Block 190 out of 445
Processing Block size=20
begin cleaner{left: ("[FunctionalDependency:(s: {flight}, t: {sched_dep_time})]", 0.0), operator: *, right: (1.0, 1.0), result: 0.0}
列 'p' 不存在，对列 sched_dep_time 不过滤，直接选择所有非无效值。
clean_bool length:2
newest best op: Uniop(df,'sched_dep_time','07:10 AM',(['flight'], {('AA-222-LAX-BOS',)}),{left: ("[FunctionalDependency:(s: {flight}, t: {sched_dep_time})]", 0.0), operator: *, right: (1.0, 1.0), result: 0.0})
now error: 0.0
Block processing time: 0.028622 seconds
Computing Block 193 out of 445
Processing Block size=15
begin cleaner{left: ("[FunctionalDependency:(s: {flight}, t: {sched_dep_time})]", 0.0), operator: *, right: (1.0, 1.0), result: 0.0}
列 'p' 不存在，对列 sched_dep_time 不过滤，直接选择所有非无效值。
Block processing time: 0.01119 seconds
Computing Block 203 out of 445
Processing Block size=20
begin cleaner{left: ("[FunctionalDependency:(s: {flight}, t: {sched_dep_time})]", 0.0), operator: *, right: (1.0, 1.0), result: 0.0}
列 'p' 不存在，对列 sched_dep_time 不过滤，直接选择所有非无效值。
clean_bool length:2
newest best op: Uniop(df,'sched_dep_time','01:00 PM',(['flight'], {('AA-1279-DFW-PHX',)}),{left: ("[FunctionalDependency:(s: {flight}, t: {sched_dep_time})]", 0.0), operator: *, right: (1.0, 1.0), result: 0.0})
now error: 0.0
Block processing time: 0.028165 seconds
Computing Block 204 out of 445
Processing Block size=14
begin cleaner{left: ("[FunctionalDependency:(s: {flight}, t: {sched_dep_time})]", 0.0), operator: *, right: (1.0, 1.0), result: 0.0}
列 'p' 不存在，对列 sched_dep_time 不过滤，直接选择所有非无效值。
clean_bool length:2
newest best op: Uniop(df,'sched_dep_time','07:35 AM',(['flight'], {('CO-52-IAH-LAX',)}),{left: ("[FunctionalDependency:(s: {flight}, t: {sched_dep_time})]", 0.0), operator: *, right: (1.0, 1.0), result: 0.0})
now error: 0.0
Block processing time: 0.019766 seconds
Computing Block 206 out of 445
Processing Block size=21
begin cleaner{left: ("[FunctionalDependency:(s: {flight}, t: {sched_dep_time})]", 0.0), operator: *, right: (1.0, 1.0), result: 0.0}
列 'p' 不存在，对列 sched_dep_time 不过滤，直接选择所有非无效值。
clean_bool length:4
newest best op: Uniop(df,'sched_dep_time','04:43 PM',(['flight'], {('UA-3050-PHX-CLT',)}),{left: ("[FunctionalDependency:(s: {flight}, t: {sched_dep_time})]", 0.0), operator: *, right: (1.0, 1.0), result: 0.0})
now error: 0.0
newest best op: Uniop(df,'sched_dep_time','11:05 AM',(['flight'], {('UA-3050-PHX-CLT',)}),{left: ("[FunctionalDependency:(s: {flight}, t: {sched_dep_time})]", 0.0), operator: *, right: (1.0, 1.0), result: 0.0})
now error: 0.0
Block processing time: 0.062545 seconds
Computing Block 208 out of 445
Processing Block size=18
begin cleaner{left: ("[FunctionalDependency:(s: {flight}, t: {sched_dep_time})]", 0.0), operator: *, right: (1.0, 1.0), result: 0.0}
列 'p' 不存在，对列 sched_dep_time 不过滤，直接选择所有非无效值。
clean_bool length:2
newest best op: Uniop(df,'sched_dep_time','07:25 AM',(['flight'], {('AA-2525-DFW-MIA',)}),{left: ("[FunctionalDependency:(s: {flight}, t: {sched_dep_time})]", 0.0), operator: *, right: (1.0, 1.0), result: 0.0})
now error: 0.0
Block processing time: 0.027179 seconds
Computing Block 214 out of 445
Processing Block size=24
begin cleaner{left: ("[FunctionalDependency:(s: {flight}, t: {sched_dep_time})]", 0.0), operator: *, right: (1.0, 1.0), result: 0.0}
列 'p' 不存在，对列 sched_dep_time 不过滤，直接选择所有非无效值。
clean_bool length:2
newest best op: Uniop(df,'sched_dep_time','01:33 PM',(['flight'], {('UA-664-ORD-PHL',)}),{left: ("[FunctionalDependency:(s: {flight}, t: {sched_dep_time})]", 0.0), operator: *, right: (1.0, 1.0), result: 0.0})
now error: 0.0
Block processing time: 0.038186 seconds
Computing Block 219 out of 445
Processing Block size=18
begin cleaner{left: ("[FunctionalDependency:(s: {flight}, t: {sched_dep_time})]", 0.0), operator: *, right: (1.0, 1.0), result: 0.0}
列 'p' 不存在，对列 sched_dep_time 不过滤，直接选择所有非无效值。
clean_bool length:2
newest best op: Uniop(df,'sched_dep_time','01:55 PM',(['flight'], {('UA-843-LAX-ORD',)}),{left: ("[FunctionalDependency:(s: {flight}, t: {sched_dep_time})]", 0.0), operator: *, right: (1.0, 1.0), result: 0.0})
now error: 0.0
Block processing time: 0.02721 seconds
Computing Block 237 out of 445
Processing Block size=18
begin cleaner{left: ("[FunctionalDependency:(s: {flight}, t: {sched_dep_time})]", 0.0), operator: *, right: (1.0, 1.0), result: 0.0}
列 'p' 不存在，对列 sched_dep_time 不过滤，直接选择所有非无效值。
clean_bool length:2
newest best op: Uniop(df,'sched_dep_time','12:30 PM',(['flight'], {('UA-382-IAD-LAX',)}),{left: ("[FunctionalDependency:(s: {flight}, t: {sched_dep_time})]", 0.0), operator: *, right: (1.0, 1.0), result: 0.0})
now error: 0.0
Block processing time: 0.059353 seconds
Computing Block 239 out of 445
Processing Block size=18
begin cleaner{left: ("[FunctionalDependency:(s: {flight}, t: {sched_dep_time})]", 0.0), operator: *, right: (1.0, 1.0), result: 0.0}
列 'p' 不存在，对列 sched_dep_time 不过滤，直接选择所有非无效值。
clean_bool length:2
newest best op: Uniop(df,'sched_dep_time','06:00 AM',(['flight'], {('AA-3842-MSP-ORD',)}),{left: ("[FunctionalDependency:(s: {flight}, t: {sched_dep_time})]", 0.0), operator: *, right: (1.0, 1.0), result: 0.0})
now error: 0.0
Block processing time: 0.034724 seconds
Computing Block 244 out of 445
Processing Block size=21
begin cleaner{left: ("[FunctionalDependency:(s: {flight}, t: {sched_dep_time})]", 0.0), operator: *, right: (1.0, 1.0), result: 0.0}
列 'p' 不存在，对列 sched_dep_time 不过滤，直接选择所有非无效值。
clean_bool length:2
newest best op: Uniop(df,'sched_dep_time','07:55 AM',(['flight'], {('AA-2957-DFW-CVG',)}),{left: ("[FunctionalDependency:(s: {flight}, t: {sched_dep_time})]", 0.0), operator: *, right: (1.0, 1.0), result: 0.0})
now error: 0.0
Block processing time: 0.032713 seconds
Computing Block 247 out of 445
Processing Block size=24
begin cleaner{left: ("[FunctionalDependency:(s: {flight}, t: {sched_dep_time})]", 0.0), operator: *, right: (1.0, 1.0), result: 0.0}
列 'p' 不存在，对列 sched_dep_time 不过滤，直接选择所有非无效值。
clean_bool length:2
newest best op: Uniop(df,'sched_dep_time','07:00 AM',(['flight'], {('AA-3468-CVG-MIA',)}),{left: ("[FunctionalDependency:(s: {flight}, t: {sched_dep_time})]", 0.0), operator: *, right: (1.0, 1.0), result: 0.0})
now error: 0.0
Block processing time: 0.036785 seconds
Computing Block 254 out of 445
Processing Block size=18
begin cleaner{left: ("[FunctionalDependency:(s: {flight}, t: {sched_dep_time})]", 0.0), operator: *, right: (1.0, 1.0), result: 0.0}
列 'p' 不存在，对列 sched_dep_time 不过滤，直接选择所有非无效值。
clean_bool length:2
newest best op: Uniop(df,'sched_dep_time','09:45 AM',(['flight'], {('CO-1090-BOS-IAH',)}),{left: ("[FunctionalDependency:(s: {flight}, t: {sched_dep_time})]", 0.0), operator: *, right: (1.0, 1.0), result: 0.0})
now error: 0.0
Block processing time: 0.027666 seconds
Computing Block 257 out of 445
Processing Block size=17
begin cleaner{left: ("[FunctionalDependency:(s: {flight}, t: {sched_dep_time})]", 0.0), operator: *, right: (1.0, 1.0), result: 0.0}
列 'p' 不存在，对列 sched_dep_time 不过滤，直接选择所有非无效值。
clean_bool length:2
newest best op: Uniop(df,'sched_dep_time','11:25 AM',(['flight'], {('CO-58-DEN-IAH',)}),{left: ("[FunctionalDependency:(s: {flight}, t: {sched_dep_time})]", 0.0), operator: *, right: (1.0, 1.0), result: 0.0})
now error: 0.0
Block processing time: 0.026405 seconds
Computing Block 261 out of 445
Processing Block size=13
begin cleaner{left: ("[FunctionalDependency:(s: {flight}, t: {sched_dep_time})]", 0.0), operator: *, right: (1.0, 1.0), result: 0.0}
列 'p' 不存在，对列 sched_dep_time 不过滤，直接选择所有非无效值。
clean_bool length:2
newest best op: Uniop(df,'sched_dep_time','02:55 PM',(['flight'], {('CO-50-CLE-EWR',)}),{left: ("[FunctionalDependency:(s: {flight}, t: {sched_dep_time})]", 0.0), operator: *, right: (1.0, 1.0), result: 0.0})
now error: 0.0
Block processing time: 0.01983 seconds
Computing Block 263 out of 445
Processing Block size=18
begin cleaner{left: ("[FunctionalDependency:(s: {flight}, t: {sched_dep_time})]", 0.0), operator: *, right: (1.0, 1.0), result: 0.0}
列 'p' 不存在，对列 sched_dep_time 不过滤，直接选择所有非无效值。
clean_bool length:2
newest best op: Uniop(df,'sched_dep_time','07:35 AM',(['flight'], {('UA-6273-YYC-SFO',)}),{left: ("[FunctionalDependency:(s: {flight}, t: {sched_dep_time})]", 0.0), operator: *, right: (1.0, 1.0), result: 0.0})
now error: 0.0
Block processing time: 0.026627 seconds
Computing Block 281 out of 445
Processing Block size=21
begin cleaner{left: ("[FunctionalDependency:(s: {flight}, t: {sched_dep_time})]", 0.0), operator: *, right: (1.0, 1.0), result: 0.0}
列 'p' 不存在，对列 sched_dep_time 不过滤，直接选择所有非无效值。
clean_bool length:2
newest best op: Uniop(df,'sched_dep_time','07:15 PM',(['flight'], {('CO-1694-LAX-IAH',)}),{left: ("[FunctionalDependency:(s: {flight}, t: {sched_dep_time})]", 0.0), operator: *, right: (1.0, 1.0), result: 0.0})
now error: 0.0
Block processing time: 0.031157 seconds
Computing Block 285 out of 445
Processing Block size=18
begin cleaner{left: ("[FunctionalDependency:(s: {flight}, t: {sched_dep_time})]", 0.0), operator: *, right: (1.0, 1.0), result: 0.0}
列 'p' 不存在，对列 sched_dep_time 不过滤，直接选择所有非无效值。
clean_bool length:2
newest best op: Uniop(df,'sched_dep_time','08:15 AM',(['flight'], {('UA-3515-IAD-MSP',)}),{left: ("[FunctionalDependency:(s: {flight}, t: {sched_dep_time})]", 0.0), operator: *, right: (1.0, 1.0), result: 0.0})
now error: 0.0
Block processing time: 0.02685 seconds
Computing Block 297 out of 445
Processing Block size=24
begin cleaner{left: ("[FunctionalDependency:(s: {flight}, t: {sched_dep_time})]", 0.0), operator: *, right: (1.0, 1.0), result: 0.0}
列 'p' 不存在，对列 sched_dep_time 不过滤，直接选择所有非无效值。
clean_bool length:2
newest best op: Uniop(df,'sched_dep_time','06:30 PM',(['flight'], {('AA-1640-MIA-MCO',)}),{left: ("[FunctionalDependency:(s: {flight}, t: {sched_dep_time})]", 0.0), operator: *, right: (1.0, 1.0), result: 0.0})
now error: 0.0
Block processing time: 0.035455 seconds
Computing Block 298 out of 445
Processing Block size=22
begin cleaner{left: ("[FunctionalDependency:(s: {flight}, t: {sched_dep_time})]", 0.0), operator: *, right: (1.0, 1.0), result: 0.0}
列 'p' 不存在，对列 sched_dep_time 不过滤，直接选择所有非无效值。
clean_bool length:2
newest best op: Uniop(df,'sched_dep_time','12:00 PM',(['flight'], {('AA-3-JFK-LAX',)}),{left: ("[FunctionalDependency:(s: {flight}, t: {sched_dep_time})]", 0.0), operator: *, right: (1.0, 1.0), result: 0.0})
now error: 0.0
Block processing time: 0.032506 seconds
Computing Block 300 out of 445
Processing Block size=15
begin cleaner{left: ("[FunctionalDependency:(s: {flight}, t: {sched_dep_time})]", 0.0), operator: *, right: (1.0, 1.0), result: 0.0}
列 'p' 不存在，对列 sched_dep_time 不过滤，直接选择所有非无效值。
Block processing time: 0.011249 seconds
Computing Block 303 out of 445
Processing Block size=18
begin cleaner{left: ("[FunctionalDependency:(s: {flight}, t: {sched_dep_time})]", 0.0), operator: *, right: (1.0, 1.0), result: 0.0}
列 'p' 不存在，对列 sched_dep_time 不过滤，直接选择所有非无效值。
clean_bool length:2
newest best op: Uniop(df,'sched_dep_time','07:05 AM',(['flight'], {('UA-2515-DFW-CLT',)}),{left: ("[FunctionalDependency:(s: {flight}, t: {sched_dep_time})]", 0.0), operator: *, right: (1.0, 1.0), result: 0.0})
now error: 0.0
Block processing time: 0.026867 seconds
Computing Block 304 out of 445
Processing Block size=19
begin cleaner{left: ("[FunctionalDependency:(s: {flight}, t: {sched_dep_time})]", 0.0), operator: *, right: (1.0, 1.0), result: 0.0}
列 'p' 不存在，对列 sched_dep_time 不过滤，直接选择所有非无效值。
clean_bool length:3
newest best op: Uniop(df,'sched_dep_time','11:45 AM',(['flight'], {('AA-4344-ORD-DTW',)}),{left: ("[FunctionalDependency:(s: {flight}, t: {sched_dep_time})]", 0.0), operator: *, right: (1.0, 1.0), result: 0.0})
now error: 0.0
Block processing time: 0.042868 seconds
Computing Block 306 out of 445
Processing Block size=21
begin cleaner{left: ("[FunctionalDependency:(s: {flight}, t: {sched_dep_time})]", 0.0), operator: *, right: (1.0, 1.0), result: 0.0}
列 'p' 不存在，对列 sched_dep_time 不过滤，直接选择所有非无效值。
clean_bool length:2
newest best op: Uniop(df,'sched_dep_time','07:30 AM',(['flight'], {('AA-3979-CVG-ORD',)}),{left: ("[FunctionalDependency:(s: {flight}, t: {sched_dep_time})]", 0.0), operator: *, right: (1.0, 1.0), result: 0.0})
now error: 0.0
Block processing time: 0.031724 seconds
Computing Block 313 out of 445
Processing Block size=20
begin cleaner{left: ("[FunctionalDependency:(s: {flight}, t: {sched_dep_time})]", 0.0), operator: *, right: (1.0, 1.0), result: 0.0}
列 'p' 不存在，对列 sched_dep_time 不过滤，直接选择所有非无效值。
Block processing time: 0.015044 seconds
Computing Block 315 out of 445
Processing Block size=22
begin cleaner{left: ("[FunctionalDependency:(s: {flight}, t: {sched_dep_time})]", 0.0), operator: *, right: (1.0, 1.0), result: 0.0}
列 'p' 不存在，对列 sched_dep_time 不过滤，直接选择所有非无效值。
clean_bool length:2
newest best op: Uniop(df,'sched_dep_time','06:45 PM',(['flight'], {('AA-4307-ORD-DTW',)}),{left: ("[FunctionalDependency:(s: {flight}, t: {sched_dep_time})]", 0.0), operator: *, right: (1.0, 1.0), result: 0.0})
now error: 0.0
Block processing time: 0.032575 seconds
Computing Block 318 out of 445
Processing Block size=19
begin cleaner{left: ("[FunctionalDependency:(s: {flight}, t: {sched_dep_time})]", 0.0), operator: *, right: (1.0, 1.0), result: 0.0}
列 'p' 不存在，对列 sched_dep_time 不过滤，直接选择所有非无效值。
clean_bool length:2
newest best op: Uniop(df,'sched_dep_time','04:00 PM',(['flight'], {('UA-2726-FLL-PHL',)}),{left: ("[FunctionalDependency:(s: {flight}, t: {sched_dep_time})]", 0.0), operator: *, right: (1.0, 1.0), result: 0.0})
now error: 0.0
Block processing time: 0.028345 seconds
Computing Block 320 out of 445
Processing Block size=18
begin cleaner{left: ("[FunctionalDependency:(s: {flight}, t: {sched_dep_time})]", 0.0), operator: *, right: (1.0, 1.0), result: 0.0}
列 'p' 不存在，对列 sched_dep_time 不过滤，直接选择所有非无效值。
Block processing time: 0.013612 seconds
Computing Block 321 out of 445
Processing Block size=23
begin cleaner{left: ("[FunctionalDependency:(s: {flight}, t: {sched_dep_time})]", 0.0), operator: *, right: (1.0, 1.0), result: 0.0}
列 'p' 不存在，对列 sched_dep_time 不过滤，直接选择所有非无效值。
clean_bool length:2
newest best op: Uniop(df,'sched_dep_time','01:05 PM',(['flight'], {('AA-789-ORD-DEN',)}),{left: ("[FunctionalDependency:(s: {flight}, t: {sched_dep_time})]", 0.0), operator: *, right: (1.0, 1.0), result: 0.0})
now error: 0.0
Block processing time: 0.034203 seconds
Computing Block 330 out of 445
Processing Block size=20
begin cleaner{left: ("[FunctionalDependency:(s: {flight}, t: {sched_dep_time})]", 0.0), operator: *, right: (1.0, 1.0), result: 0.0}
列 'p' 不存在，对列 sched_dep_time 不过滤，直接选择所有非无效值。
clean_bool length:2
newest best op: Uniop(df,'sched_dep_time','06:00 AM',(['flight'], {('AA-466-IAH-MIA',)}),{left: ("[FunctionalDependency:(s: {flight}, t: {sched_dep_time})]", 0.0), operator: *, right: (1.0, 1.0), result: 0.0})
now error: 0.0
Block processing time: 0.029613 seconds
Computing Block 333 out of 445
Processing Block size=16
begin cleaner{left: ("[FunctionalDependency:(s: {flight}, t: {sched_dep_time})]", 0.0), operator: *, right: (1.0, 1.0), result: 0.0}
列 'p' 不存在，对列 sched_dep_time 不过滤，直接选择所有非无效值。
clean_bool length:3
newest best op: Uniop(df,'sched_dep_time','12:57 PM',(['flight'], {('UA-248-PHX-ORD',)}),{left: ("[FunctionalDependency:(s: {flight}, t: {sched_dep_time})]", 0.0), operator: *, right: (1.0, 1.0), result: 0.0})
now error: 0.0
Block processing time: 0.035465 seconds
Computing Block 335 out of 445
Processing Block size=18
begin cleaner{left: ("[FunctionalDependency:(s: {flight}, t: {sched_dep_time})]", 0.0), operator: *, right: (1.0, 1.0), result: 0.0}
列 'p' 不存在，对列 sched_dep_time 不过滤，直接选择所有非无效值。
clean_bool length:2
newest best op: Uniop(df,'sched_dep_time','02:53 PM',(['flight'], {('CO-1250-MIA-IAH',)}),{left: ("[FunctionalDependency:(s: {flight}, t: {sched_dep_time})]", 0.0), operator: *, right: (1.0, 1.0), result: 0.0})
now error: 0.0
Block processing time: 0.025797 seconds
Computing Block 341 out of 445
Processing Block size=16
begin cleaner{left: ("[FunctionalDependency:(s: {flight}, t: {sched_dep_time})]", 0.0), operator: *, right: (1.0, 1.0), result: 0.0}
列 'p' 不存在，对列 sched_dep_time 不过滤，直接选择所有非无效值。
clean_bool length:2
newest best op: Uniop(df,'sched_dep_time','01:29 PM',(['flight'], {('UA-37-EWR-MCO',)}),{left: ("[FunctionalDependency:(s: {flight}, t: {sched_dep_time})]", 0.0), operator: *, right: (1.0, 1.0), result: 0.0})
now error: 0.0
Block processing time: 0.022989 seconds
Computing Block 346 out of 445
Processing Block size=21
begin cleaner{left: ("[FunctionalDependency:(s: {flight}, t: {sched_dep_time})]", 0.0), operator: *, right: (1.0, 1.0), result: 0.0}
列 'p' 不存在，对列 sched_dep_time 不过滤，直接选择所有非无效值。
clean_bool length:4
newest best op: Uniop(df,'sched_dep_time','02:30 AM',(['flight'], {('CO-1614-LAX-IAH',)}),{left: ("[FunctionalDependency:(s: {flight}, t: {sched_dep_time})]", 0.0), operator: *, right: (1.0, 1.0), result: 0.0})
now error: 0.0
newest best op: Uniop(df,'sched_dep_time','12:30 AM',(['flight'], {('CO-1614-LAX-IAH',)}),{left: ("[FunctionalDependency:(s: {flight}, t: {sched_dep_time})]", 0.0), operator: *, right: (1.0, 1.0), result: 0.0})
now error: 0.0
Block processing time: 0.062684 seconds
Computing Block 350 out of 445
Processing Block size=22
begin cleaner{left: ("[FunctionalDependency:(s: {flight}, t: {sched_dep_time})]", 0.0), operator: *, right: (1.0, 1.0), result: 0.0}
列 'p' 不存在，对列 sched_dep_time 不过滤，直接选择所有非无效值。
clean_bool length:2
newest best op: Uniop(df,'sched_dep_time','04:25 PM',(['flight'], {('UA-233-LAX-JFK',)}),{left: ("[FunctionalDependency:(s: {flight}, t: {sched_dep_time})]", 0.0), operator: *, right: (1.0, 1.0), result: 0.0})
now error: 0.0
Block processing time: 0.031792 seconds
Computing Block 359 out of 445
Processing Block size=16
begin cleaner{left: ("[FunctionalDependency:(s: {flight}, t: {sched_dep_time})]", 0.0), operator: *, right: (1.0, 1.0), result: 0.0}
列 'p' 不存在，对列 sched_dep_time 不过滤，直接选择所有非无效值。
clean_bool length:2
newest best op: Uniop(df,'sched_dep_time','04:55 PM',(['flight'], {('AA-1007-MIA-PHX',)}),{left: ("[FunctionalDependency:(s: {flight}, t: {sched_dep_time})]", 0.0), operator: *, right: (1.0, 1.0), result: 0.0})
now error: 0.0
Block processing time: 0.02309 seconds
Computing Block 373 out of 445
Processing Block size=18
begin cleaner{left: ("[FunctionalDependency:(s: {flight}, t: {sched_dep_time})]", 0.0), operator: *, right: (1.0, 1.0), result: 0.0}
列 'p' 不存在，对列 sched_dep_time 不过滤，直接选择所有非无效值。
Block processing time: 0.013075 seconds
WARNING:root:No partitioning rule specified, processing might be slow
Computing Block 376 out of 445
Processing Block size=18
begin cleaner{left: ("[FunctionalDependency:(s: {flight}, t: {sched_dep_time})]", 0.0), operator: *, right: (1.0, 1.0), result: 0.0}
列 'p' 不存在，对列 sched_dep_time 不过滤，直接选择所有非无效值。
clean_bool length:2
newest best op: Uniop(df,'sched_dep_time','07:10 AM',(['flight'], {('AA-643-MIA-ORD',)}),{left: ("[FunctionalDependency:(s: {flight}, t: {sched_dep_time})]", 0.0), operator: *, right: (1.0, 1.0), result: 0.0})
now error: 0.0
Block processing time: 0.02573 seconds
Computing Block 379 out of 445
Processing Block size=18
begin cleaner{left: ("[FunctionalDependency:(s: {flight}, t: {sched_dep_time})]", 0.0), operator: *, right: (1.0, 1.0), result: 0.0}
列 'p' 不存在，对列 sched_dep_time 不过滤，直接选择所有非无效值。
Block processing time: 0.012974 seconds
Computing Block 382 out of 445
Processing Block size=24
begin cleaner{left: ("[FunctionalDependency:(s: {flight}, t: {sched_dep_time})]", 0.0), operator: *, right: (1.0, 1.0), result: 0.0}
列 'p' 不存在，对列 sched_dep_time 不过滤，直接选择所有非无效值。
Block processing time: 0.017369 seconds
Computing Block 398 out of 445
Processing Block size=24
begin cleaner{left: ("[FunctionalDependency:(s: {flight}, t: {sched_dep_time})]", 0.0), operator: *, right: (1.0, 1.0), result: 0.0}
列 'p' 不存在，对列 sched_dep_time 不过滤，直接选择所有非无效值。
clean_bool length:3
newest best op: Uniop(df,'sched_dep_time','04:43 PM',(['flight'], {('CO-1193-EWR-MCO',)}),{left: ("[FunctionalDependency:(s: {flight}, t: {sched_dep_time})]", 0.0), operator: *, right: (1.0, 1.0), result: 0.0})
now error: 0.0
newest best op: Uniop(df,'sched_dep_time','09:15 AM',(['flight'], {('CO-1193-EWR-MCO',)}),{left: ("[FunctionalDependency:(s: {flight}, t: {sched_dep_time})]", 0.0), operator: *, right: (1.0, 1.0), result: 0.0})
now error: 0.0
Block processing time: 0.05218 seconds
Computing Block 399 out of 445
Processing Block size=18
begin cleaner{left: ("[FunctionalDependency:(s: {flight}, t: {sched_dep_time})]", 0.0), operator: *, right: (1.0, 1.0), result: 0.0}
列 'p' 不存在，对列 sched_dep_time 不过滤，直接选择所有非无效值。
clean_bool length:2
newest best op: Uniop(df,'sched_dep_time','10:25 AM',(['flight'], {('CO-16-LAX-EWR',)}),{left: ("[FunctionalDependency:(s: {flight}, t: {sched_dep_time})]", 0.0), operator: *, right: (1.0, 1.0), result: 0.0})
now error: 0.0
Block processing time: 0.025987 seconds
Computing Block 404 out of 445
Processing Block size=16
begin cleaner{left: ("[FunctionalDependency:(s: {flight}, t: {sched_dep_time})]", 0.0), operator: *, right: (1.0, 1.0), result: 0.0}
列 'p' 不存在，对列 sched_dep_time 不过滤，直接选择所有非无效值。
clean_bool length:3
newest best op: Uniop(df,'sched_dep_time','04:43 PM',(['flight'], {('CO-1023-IAH-DEN',)}),{left: ("[FunctionalDependency:(s: {flight}, t: {sched_dep_time})]", 0.0), operator: *, right: (1.0, 1.0), result: 0.0})
now error: 0.0
newest best op: Uniop(df,'sched_dep_time','11:40 AM',(['flight'], {('CO-1023-IAH-DEN',)}),{left: ("[FunctionalDependency:(s: {flight}, t: {sched_dep_time})]", 0.0), operator: *, right: (1.0, 1.0), result: 0.0})
now error: 0.0
Block processing time: 0.034947 seconds
Computing Block 408 out of 445
Processing Block size=23
begin cleaner{left: ("[FunctionalDependency:(s: {flight}, t: {sched_dep_time})]", 0.0), operator: *, right: (1.0, 1.0), result: 0.0}
列 'p' 不存在，对列 sched_dep_time 不过滤，直接选择所有非无效值。
clean_bool length:2
newest best op: Uniop(df,'sched_dep_time','08:35 AM',(['flight'], {('AA-431-MIA-SFO',)}),{left: ("[FunctionalDependency:(s: {flight}, t: {sched_dep_time})]", 0.0), operator: *, right: (1.0, 1.0), result: 0.0})
now error: 0.0
Block processing time: 0.032939 seconds
Computing Block 412 out of 445
Processing Block size=18
begin cleaner{left: ("[FunctionalDependency:(s: {flight}, t: {sched_dep_time})]", 0.0), operator: *, right: (1.0, 1.0), result: 0.0}
列 'p' 不存在，对列 sched_dep_time 不过滤，直接选择所有非无效值。
clean_bool length:2
newest best op: Uniop(df,'sched_dep_time','02:30 PM',(['flight'], {('CO-62-IAH-EWR',)}),{left: ("[FunctionalDependency:(s: {flight}, t: {sched_dep_time})]", 0.0), operator: *, right: (1.0, 1.0), result: 0.0})
now error: 0.0
Block processing time: 0.025815 seconds
Computing Block 413 out of 445
Processing Block size=22
begin cleaner{left: ("[FunctionalDependency:(s: {flight}, t: {sched_dep_time})]", 0.0), operator: *, right: (1.0, 1.0), result: 0.0}
列 'p' 不存在，对列 sched_dep_time 不过滤，直接选择所有非无效值。
clean_bool length:2
newest best op: Uniop(df,'sched_dep_time','02:30 PM',(['flight'], {('UA-257-JFK-SFO',)}),{left: ("[FunctionalDependency:(s: {flight}, t: {sched_dep_time})]", 0.0), operator: *, right: (1.0, 1.0), result: 0.0})
now error: 0.0
Block processing time: 0.031409 seconds
Computing Block 419 out of 445
Processing Block size=20
begin cleaner{left: ("[FunctionalDependency:(s: {flight}, t: {sched_dep_time})]", 0.0), operator: *, right: (1.0, 1.0), result: 0.0}
列 'p' 不存在，对列 sched_dep_time 不过滤，直接选择所有非无效值。
clean_bool length:2
newest best op: Uniop(df,'sched_dep_time','11:35 AM',(['flight'], {('AA-271-MIA-LAX',)}),{left: ("[FunctionalDependency:(s: {flight}, t: {sched_dep_time})]", 0.0), operator: *, right: (1.0, 1.0), result: 0.0})
now error: 0.0
Block processing time: 0.027942 seconds
Computing Block 420 out of 445
Processing Block size=17
begin cleaner{left: ("[FunctionalDependency:(s: {flight}, t: {sched_dep_time})]", 0.0), operator: *, right: (1.0, 1.0), result: 0.0}
列 'p' 不存在，对列 sched_dep_time 不过滤，直接选择所有非无效值。
Block processing time: 0.011917 seconds
Computing Block 434 out of 445
Processing Block size=13
begin cleaner{left: ("[FunctionalDependency:(s: {flight}, t: {sched_dep_time})]", 0.0), operator: *, right: (1.0, 1.0), result: 0.0}
列 'p' 不存在，对列 sched_dep_time 不过滤，直接选择所有非无效值。
clean_bool length:2
newest best op: Uniop(df,'sched_dep_time','08:40 AM',(['flight'], {('CO-1088-CLE-IAH',)}),{left: ("[FunctionalDependency:(s: {flight}, t: {sched_dep_time})]", 0.0), operator: *, right: (1.0, 1.0), result: 0.0})
now error: 0.0
Block processing time: 0.018393 seconds
Computing Block 439 out of 445
Processing Block size=16
begin cleaner{left: ("[FunctionalDependency:(s: {flight}, t: {sched_dep_time})]", 0.0), operator: *, right: (1.0, 1.0), result: 0.0}
列 'p' 不存在，对列 sched_dep_time 不过滤，直接选择所有非无效值。
clean_bool length:2
newest best op: Uniop(df,'sched_dep_time','06:00 AM',(['flight'], {('CO-89-IAH-EWR',)}),{left: ("[FunctionalDependency:(s: {flight}, t: {sched_dep_time})]", 0.0), operator: *, right: (1.0, 1.0), result: 0.0})
now error: 0.0
Block processing time: 0.022419 seconds
Computing Block 440 out of 445
Processing Block size=19
begin cleaner{left: ("[FunctionalDependency:(s: {flight}, t: {sched_dep_time})]", 0.0), operator: *, right: (1.0, 1.0), result: 0.0}
列 'p' 不存在，对列 sched_dep_time 不过滤，直接选择所有非无效值。
clean_bool length:2
newest best op: Uniop(df,'sched_dep_time','12:10 PM',(['flight'], {('AA-4277-CVG-JFK',)}),{left: ("[FunctionalDependency:(s: {flight}, t: {sched_dep_time})]", 0.0), operator: *, right: (1.0, 1.0), result: 0.0})
now error: 0.0
Block processing time: 0.026362 seconds
  当前节点: sched_dep_time 有 82 个清洗操作
  当前节点: act_dep_time 存在可用清洗信号
数据块大小: 2376
分块属性:
[['flight']]
Starting initial block mapping...
Initial number of blocks: 445
Final number of blocks after further splitting: 445
Computing Block 2 out of 445
Processing Block size=16
begin cleaner[FunctionalDependency:(s: {'flight'}, t: {'act_dep_time'})]*1.0
列 'p' 不存在，对列 act_dep_time 不过滤，直接选择所有非无效值。
clean_bool length:2
newest best op: Uniop(df,'act_dep_time','08:52 AM',(['flight'], {('UA-37-EDI-EWR',)}),{left: ("[FunctionalDependency:(s: {flight}, t: {act_dep_time})]", 0.0), operator: *, right: (1.0, 1.0), result: 0.0})
now error: 0.0
Block processing time: 0.023623 seconds
Computing Block 3 out of 445
Processing Block size=20
begin cleaner{left: ("[FunctionalDependency:(s: {flight}, t: {act_dep_time})]", 0.0), operator: *, right: (1.0, 1.0), result: 0.0}
列 'p' 不存在，对列 act_dep_time 不过滤，直接选择所有非无效值。
Block processing time: 0.014429 seconds
Computing Block 5 out of 445
Processing Block size=17
begin cleaner{left: ("[FunctionalDependency:(s: {flight}, t: {act_dep_time})]", 0.0), operator: *, right: (1.0, 1.0), result: 0.0}
列 'p' 不存在，对列 act_dep_time 不过滤，直接选择所有非无效值。
Block processing time: 0.012049 seconds
Computing Block 9 out of 445
Processing Block size=24
begin cleaner{left: ("[FunctionalDependency:(s: {flight}, t: {act_dep_time})]", 0.0), operator: *, right: (1.0, 1.0), result: 0.0}
列 'p' 不存在，对列 act_dep_time 不过滤，直接选择所有非无效值。
clean_bool length:2
newest best op: Uniop(df,'act_dep_time','06:10 AM',(['flight'], {('AA-3809-PHX-LAX',)}),{left: ("[FunctionalDependency:(s: {flight}, t: {act_dep_time})]", 0.0), operator: *, right: (1.0, 1.0), result: 0.0})
now error: 0.0
Block processing time: 0.033633 seconds
Computing Block 10 out of 445
Processing Block size=21
begin cleaner{left: ("[FunctionalDependency:(s: {flight}, t: {act_dep_time})]", 0.0), operator: *, right: (1.0, 1.0), result: 0.0}
列 'p' 不存在，对列 act_dep_time 不过滤，直接选择所有非无效值。
clean_bool length:2
newest best op: Uniop(df,'act_dep_time','03:36 PM',(['flight'], {('AA-4330-CVG-ORD',)}),{left: ("[FunctionalDependency:(s: {flight}, t: {act_dep_time})]", 0.0), operator: *, right: (1.0, 1.0), result: 0.0})
now error: 0.0
Block processing time: 0.029158 seconds
Computing Block 11 out of 445
Processing Block size=16
begin cleaner{left: ("[FunctionalDependency:(s: {flight}, t: {act_dep_time})]", 0.0), operator: *, right: (1.0, 1.0), result: 0.0}
列 'p' 不存在，对列 act_dep_time 不过滤，直接选择所有非无效值。
clean_bool length:2
newest best op: Uniop(df,'act_dep_time','11:01 AM',(['flight'], {('AA-400-DFW-JFK',)}),{left: ("[FunctionalDependency:(s: {flight}, t: {act_dep_time})]", 0.0), operator: *, right: (1.0, 1.0), result: 0.0})
now error: 0.0
Block processing time: 0.022338 seconds
Computing Block 12 out of 445
Processing Block size=21
begin cleaner{left: ("[FunctionalDependency:(s: {flight}, t: {act_dep_time})]", 0.0), operator: *, right: (1.0, 1.0), result: 0.0}
列 'p' 不存在，对列 act_dep_time 不过滤，直接选择所有非无效值。
clean_bool length:2
newest best op: Uniop(df,'act_dep_time','07:22 AM',(['flight'], {('AA-2268-PHX-ORD',)}),{left: ("[FunctionalDependency:(s: {flight}, t: {act_dep_time})]", 0.0), operator: *, right: (1.0, 1.0), result: 0.0})
now error: 0.0
Block processing time: 0.029151 seconds
Computing Block 29 out of 445
Processing Block size=18
begin cleaner{left: ("[FunctionalDependency:(s: {flight}, t: {act_dep_time})]", 0.0), operator: *, right: (1.0, 1.0), result: 0.0}
列 'p' 不存在，对列 act_dep_time 不过滤，直接选择所有非无效值。
clean_bool length:2
newest best op: Uniop(df,'act_dep_time','04:28 PM',(['flight'], {('UA-2906-PHL-MCO',)}),{left: ("[FunctionalDependency:(s: {flight}, t: {act_dep_time})]", 0.0), operator: *, right: (1.0, 1.0), result: 0.0})
now error: 0.0
Block processing time: 0.025316 seconds
Computing Block 33 out of 445
Processing Block size=18
begin cleaner{left: ("[FunctionalDependency:(s: {flight}, t: {act_dep_time})]", 0.0), operator: *, right: (1.0, 1.0), result: 0.0}
列 'p' 不存在，对列 act_dep_time 不过滤，直接选择所有非无效值。
clean_bool length:2
newest best op: Uniop(df,'act_dep_time','02:55 PM',(['flight'], {('UA-2708-EWR-CLT',)}),{left: ("[FunctionalDependency:(s: {flight}, t: {act_dep_time})]", 0.0), operator: *, right: (1.0, 1.0), result: 0.0})
now error: 0.0
Block processing time: 0.025334 seconds
Computing Block 36 out of 445
Processing Block size=22
begin cleaner{left: ("[FunctionalDependency:(s: {flight}, t: {act_dep_time})]", 0.0), operator: *, right: (1.0, 1.0), result: 0.0}
列 'p' 不存在，对列 act_dep_time 不过滤，直接选择所有非无效值。
clean_bool length:2
newest best op: Uniop(df,'act_dep_time','04:12 PM',(['flight'], {('AA-3786-IAH-ORD',)}),{left: ("[FunctionalDependency:(s: {flight}, t: {act_dep_time})]", 0.0), operator: *, right: (1.0, 1.0), result: 0.0})
now error: 0.0
Block processing time: 0.030873 seconds
Computing Block 39 out of 445
Processing Block size=22
begin cleaner{left: ("[FunctionalDependency:(s: {flight}, t: {act_dep_time})]", 0.0), operator: *, right: (1.0, 1.0), result: 0.0}
列 'p' 不存在，对列 act_dep_time 不过滤，直接选择所有非无效值。
clean_bool length:2
newest best op: Uniop(df,'act_dep_time','09:00 PM',(['flight'], {('AA-3823-LAX-DEN',)}),{left: ("[FunctionalDependency:(s: {flight}, t: {act_dep_time})]", 0.0), operator: *, right: (1.0, 1.0), result: 0.0})
now error: 0.0
Block processing time: 0.031663 seconds
Computing Block 43 out of 445
Processing Block size=18
begin cleaner{left: ("[FunctionalDependency:(s: {flight}, t: {act_dep_time})]", 0.0), operator: *, right: (1.0, 1.0), result: 0.0}
列 'p' 不存在，对列 act_dep_time 不过滤，直接选择所有非无效值。
clean_bool length:2
newest best op: Uniop(df,'act_dep_time','01:30 PM',(['flight'], {('AA-649-ORD-SNA',)}),{left: ("[FunctionalDependency:(s: {flight}, t: {act_dep_time})]", 0.0), operator: *, right: (1.0, 1.0), result: 0.0})
now error: 0.0
Block processing time: 0.027177 seconds
Computing Block 48 out of 445
Processing Block size=20
begin cleaner{left: ("[FunctionalDependency:(s: {flight}, t: {act_dep_time})]", 0.0), operator: *, right: (1.0, 1.0), result: 0.0}
列 'p' 不存在，对列 act_dep_time 不过滤，直接选择所有非无效值。
clean_bool length:3
newest best op: Uniop(df,'act_dep_time','04:43 PM',(['flight'], {('AA-1165-JFK-MIA',)}),{left: ("[FunctionalDependency:(s: {flight}, t: {act_dep_time})]", 0.0), operator: *, right: (1.0, 1.0), result: 0.0})
now error: 0.0
newest best op: Uniop(df,'act_dep_time','07:22 AM',(['flight'], {('AA-1165-JFK-MIA',)}),{left: ("[FunctionalDependency:(s: {flight}, t: {act_dep_time})]", 0.0), operator: *, right: (1.0, 1.0), result: 0.0})
now error: 0.0
Block processing time: 0.045976 seconds
Computing Block 50 out of 445
Processing Block size=21
begin cleaner{left: ("[FunctionalDependency:(s: {flight}, t: {act_dep_time})]", 0.0), operator: *, right: (1.0, 1.0), result: 0.0}
列 'p' 不存在，对列 act_dep_time 不过滤，直接选择所有非无效值。
clean_bool length:2
newest best op: Uniop(df,'act_dep_time','03:11 AM',(['flight'], {('UA-2945-PHL-CLT',)}),{left: ("[FunctionalDependency:(s: {flight}, t: {act_dep_time})]", 0.0), operator: *, right: (1.0, 1.0), result: 0.0})
now error: 0.0
Block processing time: 0.032268 seconds
Computing Block 53 out of 445
Processing Block size=18
begin cleaner{left: ("[FunctionalDependency:(s: {flight}, t: {act_dep_time})]", 0.0), operator: *, right: (1.0, 1.0), result: 0.0}
列 'p' 不存在，对列 act_dep_time 不过滤，直接选择所有非无效值。
clean_bool length:2
newest best op: Uniop(df,'act_dep_time','05:22 PM',(['flight'], {('CO-63-EWR-IAH',)}),{left: ("[FunctionalDependency:(s: {flight}, t: {act_dep_time})]", 0.0), operator: *, right: (1.0, 1.0), result: 0.0})
now error: 0.0
Block processing time: 0.027183 seconds
Computing Block 55 out of 445
Processing Block size=22
begin cleaner{left: ("[FunctionalDependency:(s: {flight}, t: {act_dep_time})]", 0.0), operator: *, right: (1.0, 1.0), result: 0.0}
列 'p' 不存在，对列 act_dep_time 不过滤，直接选择所有非无效值。
clean_bool length:3
newest best op: Uniop(df,'act_dep_time','12:12 PM',(['flight'], {('AA-446-DFW-PHL',)}),{left: ("[FunctionalDependency:(s: {flight}, t: {act_dep_time})]", 0.0), operator: *, right: (1.0, 1.0), result: 0.0})
now error: 0.0
Block processing time: 0.048994 seconds
Computing Block 56 out of 445
Processing Block size=18
begin cleaner{left: ("[FunctionalDependency:(s: {flight}, t: {act_dep_time})]", 0.0), operator: *, right: (1.0, 1.0), result: 0.0}
列 'p' 不存在，对列 act_dep_time 不过滤，直接选择所有非无效值。
clean_bool length:2
newest best op: Uniop(df,'act_dep_time','05:56 AM',(['flight'], {('UA-414-LAX-SFO',)}),{left: ("[FunctionalDependency:(s: {flight}, t: {act_dep_time})]", 0.0), operator: *, right: (1.0, 1.0), result: 0.0})
now error: 0.0
Block processing time: 0.025735 seconds
Computing Block 60 out of 445
Processing Block size=19
begin cleaner{left: ("[FunctionalDependency:(s: {flight}, t: {act_dep_time})]", 0.0), operator: *, right: (1.0, 1.0), result: 0.0}
列 'p' 不存在，对列 act_dep_time 不过滤，直接选择所有非无效值。
clean_bool length:2
newest best op: Uniop(df,'act_dep_time','08:39 PM',(['flight'], {('AA-3063-SLC-LAX',)}),{left: ("[FunctionalDependency:(s: {flight}, t: {act_dep_time})]", 0.0), operator: *, right: (1.0, 1.0), result: 0.0})
now error: 0.0
Block processing time: 0.02653 seconds
Computing Block 67 out of 445
Processing Block size=22
begin cleaner{left: ("[FunctionalDependency:(s: {flight}, t: {act_dep_time})]", 0.0), operator: *, right: (1.0, 1.0), result: 0.0}
列 'p' 不存在，对列 act_dep_time 不过滤，直接选择所有非无效值。
clean_bool length:2
newest best op: Uniop(df,'act_dep_time','02:44 PM',(['flight'], {('AA-3804-PHL-ORD',)}),{left: ("[FunctionalDependency:(s: {flight}, t: {act_dep_time})]", 0.0), operator: *, right: (1.0, 1.0), result: 0.0})
now error: 0.0
Block processing time: 0.030845 seconds
Computing Block 71 out of 445
Processing Block size=22
begin cleaner{left: ("[FunctionalDependency:(s: {flight}, t: {act_dep_time})]", 0.0), operator: *, right: (1.0, 1.0), result: 0.0}
列 'p' 不存在，对列 act_dep_time 不过滤，直接选择所有非无效值。
clean_bool length:2
newest best op: Uniop(df,'act_dep_time','10:10 AM',(['flight'], {('AA-616-DFW-DTW',)}),{left: ("[FunctionalDependency:(s: {flight}, t: {act_dep_time})]", 0.0), operator: *, right: (1.0, 1.0), result: 0.0})
now error: 0.0
Block processing time: 0.030677 seconds
Computing Block 80 out of 445
Processing Block size=22
begin cleaner{left: ("[FunctionalDependency:(s: {flight}, t: {act_dep_time})]", 0.0), operator: *, right: (1.0, 1.0), result: 0.0}
列 'p' 不存在，对列 act_dep_time 不过滤，直接选择所有非无效值。
clean_bool length:2
newest best op: Uniop(df,'act_dep_time','03:36 PM',(['flight'], {('AA-85-JFK-SFO',)}),{left: ("[FunctionalDependency:(s: {flight}, t: {act_dep_time})]", 0.0), operator: *, right: (1.0, 1.0), result: 0.0})
now error: 0.0
Block processing time: 0.030669 seconds
Computing Block 81 out of 445
Processing Block size=22
begin cleaner{left: ("[FunctionalDependency:(s: {flight}, t: {act_dep_time})]", 0.0), operator: *, right: (1.0, 1.0), result: 0.0}
列 'p' 不存在，对列 act_dep_time 不过滤，直接选择所有非无效值。
clean_bool length:2
newest best op: Uniop(df,'act_dep_time','08:42 AM',(['flight'], {('UA-3925-IAD-ORF',)}),{left: ("[FunctionalDependency:(s: {flight}, t: {act_dep_time})]", 0.0), operator: *, right: (1.0, 1.0), result: 0.0})
now error: 0.0
Block processing time: 0.030606 seconds
Computing Block 85 out of 445
Processing Block size=19
begin cleaner{left: ("[FunctionalDependency:(s: {flight}, t: {act_dep_time})]", 0.0), operator: *, right: (1.0, 1.0), result: 0.0}
列 'p' 不存在，对列 act_dep_time 不过滤，直接选择所有非无效值。
clean_bool length:2
newest best op: Uniop(df,'act_dep_time','04:29 PM',(['flight'], {('AA-484-DFW-MIA',)}),{left: ("[FunctionalDependency:(s: {flight}, t: {act_dep_time})]", 0.0), operator: *, right: (1.0, 1.0), result: 0.0})
now error: 0.0
Block processing time: 0.026702 seconds
Computing Block 86 out of 445
Processing Block size=20
begin cleaner{left: ("[FunctionalDependency:(s: {flight}, t: {act_dep_time})]", 0.0), operator: *, right: (1.0, 1.0), result: 0.0}
列 'p' 不存在，对列 act_dep_time 不过滤，直接选择所有非无效值。
clean_bool length:2
newest best op: Uniop(df,'act_dep_time','11:25 PM',(['flight'], {('AA-204-LAX-MCO',)}),{left: ("[FunctionalDependency:(s: {flight}, t: {act_dep_time})]", 0.0), operator: *, right: (1.0, 1.0), result: 0.0})
now error: 0.0
Block processing time: 0.028064 seconds
Computing Block 89 out of 445
Processing Block size=26
begin cleaner{left: ("[FunctionalDependency:(s: {flight}, t: {act_dep_time})]", 0.0), operator: *, right: (1.0, 1.0), result: 0.0}
列 'p' 不存在，对列 act_dep_time 不过滤，直接选择所有非无效值。
clean_bool length:2
newest best op: Uniop(df,'act_dep_time','11:05 AM',(['flight'], {('AA-2050-ORD-MIA',)}),{left: ("[FunctionalDependency:(s: {flight}, t: {act_dep_time})]", 0.0), operator: *, right: (1.0, 1.0), result: 0.0})
now error: 0.0
Block processing time: 0.035966 seconds
Computing Block 90 out of 445
Processing Block size=19
begin cleaner{left: ("[FunctionalDependency:(s: {flight}, t: {act_dep_time})]", 0.0), operator: *, right: (1.0, 1.0), result: 0.0}
列 'p' 不存在，对列 act_dep_time 不过滤，直接选择所有非无效值。
clean_bool length:2
newest best op: Uniop(df,'act_dep_time','07:21 AM',(['flight'], {('AA-1434-DFW-MCO',)}),{left: ("[FunctionalDependency:(s: {flight}, t: {act_dep_time})]", 0.0), operator: *, right: (1.0, 1.0), result: 0.0})
now error: 0.0
Block processing time: 0.026542 seconds
Computing Block 98 out of 445
Processing Block size=19
begin cleaner{left: ("[FunctionalDependency:(s: {flight}, t: {act_dep_time})]", 0.0), operator: *, right: (1.0, 1.0), result: 0.0}
列 'p' 不存在，对列 act_dep_time 不过滤，直接选择所有非无效值。
clean_bool length:2
newest best op: Uniop(df,'act_dep_time','07:49 AM',(['flight'], {('UA-854-SFO-IAH',)}),{left: ("[FunctionalDependency:(s: {flight}, t: {act_dep_time})]", 0.0), operator: *, right: (1.0, 1.0), result: 0.0})
now error: 0.0
Block processing time: 0.026597 seconds
Computing Block 100 out of 445
Processing Block size=22
begin cleaner{left: ("[FunctionalDependency:(s: {flight}, t: {act_dep_time})]", 0.0), operator: *, right: (1.0, 1.0), result: 0.0}
列 'p' 不存在，对列 act_dep_time 不过滤，直接选择所有非无效值。
clean_bool length:2
newest best op: Uniop(df,'act_dep_time','03:27 PM',(['flight'], {('AA-1917-JFK-MCO',)}),{left: ("[FunctionalDependency:(s: {flight}, t: {act_dep_time})]", 0.0), operator: *, right: (1.0, 1.0), result: 0.0})
now error: 0.0
Block processing time: 0.030679 seconds
Computing Block 102 out of 445
Processing Block size=19
begin cleaner{left: ("[FunctionalDependency:(s: {flight}, t: {act_dep_time})]", 0.0), operator: *, right: (1.0, 1.0), result: 0.0}
列 'p' 不存在，对列 act_dep_time 不过滤，直接选择所有非无效值。
clean_bool length:2
newest best op: Uniop(df,'act_dep_time','06:54 AM',(['flight'], {('AA-518-MIA-JFK',)}),{left: ("[FunctionalDependency:(s: {flight}, t: {act_dep_time})]", 0.0), operator: *, right: (1.0, 1.0), result: 0.0})
now error: 0.0
Block processing time: 0.026503 seconds
Computing Block 103 out of 445
Processing Block size=21
begin cleaner{left: ("[FunctionalDependency:(s: {flight}, t: {act_dep_time})]", 0.0), operator: *, right: (1.0, 1.0), result: 0.0}
列 'p' 不存在，对列 act_dep_time 不过滤，直接选择所有非无效值。
clean_bool length:2
newest best op: Uniop(df,'act_dep_time','03:58 PM',(['flight'], {('CO-45-EWR-MIA',)}),{left: ("[FunctionalDependency:(s: {flight}, t: {act_dep_time})]", 0.0), operator: *, right: (1.0, 1.0), result: 0.0})
now error: 0.0
Block processing time: 0.029294 seconds
Computing Block 105 out of 445
Processing Block size=23
begin cleaner{left: ("[FunctionalDependency:(s: {flight}, t: {act_dep_time})]", 0.0), operator: *, right: (1.0, 1.0), result: 0.0}
列 'p' 不存在，对列 act_dep_time 不过滤，直接选择所有非无效值。
clean_bool length:2
newest best op: Uniop(df,'act_dep_time','08:25 PM',(['flight'], {('AA-2312-DFW-DTW',)}),{left: ("[FunctionalDependency:(s: {flight}, t: {act_dep_time})]", 0.0), operator: *, right: (1.0, 1.0), result: 0.0})
now error: 0.0
Block processing time: 0.032233 seconds
Computing Block 106 out of 445
Processing Block size=19
begin cleaner{left: ("[FunctionalDependency:(s: {flight}, t: {act_dep_time})]", 0.0), operator: *, right: (1.0, 1.0), result: 0.0}
列 'p' 不存在，对列 act_dep_time 不过滤，直接选择所有非无效值。
clean_bool length:2
newest best op: Uniop(df,'act_dep_time','02:55 PM',(['flight'], {('UA-2314-ATL-PHL',)}),{left: ("[FunctionalDependency:(s: {flight}, t: {act_dep_time})]", 0.0), operator: *, right: (1.0, 1.0), result: 0.0})
now error: 0.0
Block processing time: 0.026816 seconds
Computing Block 107 out of 445
Processing Block size=23
begin cleaner{left: ("[FunctionalDependency:(s: {flight}, t: {act_dep_time})]", 0.0), operator: *, right: (1.0, 1.0), result: 0.0}
列 'p' 不存在，对列 act_dep_time 不过滤，直接选择所有非无效值。
clean_bool length:2
newest best op: Uniop(df,'act_dep_time','07:16 AM',(['flight'], {('AA-3859-IAH-ORD',)}),{left: ("[FunctionalDependency:(s: {flight}, t: {act_dep_time})]", 0.0), operator: *, right: (1.0, 1.0), result: 0.0})
now error: 0.0
Block processing time: 0.033482 seconds
Computing Block 112 out of 445
Processing Block size=17
begin cleaner{left: ("[FunctionalDependency:(s: {flight}, t: {act_dep_time})]", 0.0), operator: *, right: (1.0, 1.0), result: 0.0}
列 'p' 不存在，对列 act_dep_time 不过滤，直接选择所有非无效值。
clean_bool length:2
newest best op: Uniop(df,'act_dep_time','02:48 PM',(['flight'], {('UA-62-IAH-EWR',)}),{left: ("[FunctionalDependency:(s: {flight}, t: {act_dep_time})]", 0.0), operator: *, right: (1.0, 1.0), result: 0.0})
now error: 0.0
Block processing time: 0.025964 seconds
Computing Block 119 out of 445
Processing Block size=14
begin cleaner{left: ("[FunctionalDependency:(s: {flight}, t: {act_dep_time})]", 0.0), operator: *, right: (1.0, 1.0), result: 0.0}
列 'p' 不存在，对列 act_dep_time 不过滤，直接选择所有非无效值。
clean_bool length:3
newest best op: Uniop(df,'act_dep_time','11:55 AM',(['flight'], {('UA-3099-PHX-PHL',)}),{left: ("[FunctionalDependency:(s: {flight}, t: {act_dep_time})]", 0.0), operator: *, right: (1.0, 1.0), result: 0.0})
now error: 0.0
Block processing time: 0.032515 seconds
Computing Block 126 out of 445
Processing Block size=10
begin cleaner{left: ("[FunctionalDependency:(s: {flight}, t: {act_dep_time})]", 0.0), operator: *, right: (1.0, 1.0), result: 0.0}
列 'p' 不存在，对列 act_dep_time 不过滤，直接选择所有非无效值。
clean_bool length:3
newest best op: Uniop(df,'act_dep_time','04:43 PM',(['flight'], {('UA-1500-IAH-GUA',)}),{left: ("[FunctionalDependency:(s: {flight}, t: {act_dep_time})]", 0.0), operator: *, right: (1.0, 1.0), result: 0.0})
now error: 0.0
newest best op: Uniop(df,'act_dep_time','09:16 AM',(['flight'], {('UA-1500-IAH-GUA',)}),{left: ("[FunctionalDependency:(s: {flight}, t: {act_dep_time})]", 0.0), operator: *, right: (1.0, 1.0), result: 0.0})
now error: 0.0
Block processing time: 0.023386 seconds
Computing Block 130 out of 445
Processing Block size=13
begin cleaner{left: ("[FunctionalDependency:(s: {flight}, t: {act_dep_time})]", 0.0), operator: *, right: (1.0, 1.0), result: 0.0}
列 'p' 不存在，对列 act_dep_time 不过滤，直接选择所有非无效值。
clean_bool length:3
newest best op: Uniop(df,'act_dep_time','04:43 PM',(['flight'], {('CO-1561-PHX-IAH',)}),{left: ("[FunctionalDependency:(s: {flight}, t: {act_dep_time})]", 0.0), operator: *, right: (1.0, 1.0), result: 0.0})
now error: 0.0
newest best op: Uniop(df,'act_dep_time','08:00 AM',(['flight'], {('CO-1561-PHX-IAH',)}),{left: ("[FunctionalDependency:(s: {flight}, t: {act_dep_time})]", 0.0), operator: *, right: (1.0, 1.0), result: 0.0})
now error: 0.0
Block processing time: 0.029995 seconds
Computing Block 131 out of 445
Processing Block size=19
begin cleaner{left: ("[FunctionalDependency:(s: {flight}, t: {act_dep_time})]", 0.0), operator: *, right: (1.0, 1.0), result: 0.0}
列 'p' 不存在，对列 act_dep_time 不过滤，直接选择所有非无效值。
clean_bool length:2
newest best op: Uniop(df,'act_dep_time','11:15 AM',(['flight'], {('UA-2704-DTW-PHX',)}),{left: ("[FunctionalDependency:(s: {flight}, t: {act_dep_time})]", 0.0), operator: *, right: (1.0, 1.0), result: 0.0})
now error: 0.0
Block processing time: 0.028459 seconds
Computing Block 134 out of 445
Processing Block size=20
begin cleaner{left: ("[FunctionalDependency:(s: {flight}, t: {act_dep_time})]", 0.0), operator: *, right: (1.0, 1.0), result: 0.0}
列 'p' 不存在，对列 act_dep_time 不过滤，直接选择所有非无效值。
clean_bool length:2
newest best op: Uniop(df,'act_dep_time','10:54 AM',(['flight'], {('AA-4198-ORD-CLE',)}),{left: ("[FunctionalDependency:(s: {flight}, t: {act_dep_time})]", 0.0), operator: *, right: (1.0, 1.0), result: 0.0})
now error: 0.0
Block processing time: 0.032178 seconds
Computing Block 137 out of 445
Processing Block size=21
begin cleaner{left: ("[FunctionalDependency:(s: {flight}, t: {act_dep_time})]", 0.0), operator: *, right: (1.0, 1.0), result: 0.0}
列 'p' 不存在，对列 act_dep_time 不过滤，直接选择所有非无效值。
Block processing time: 0.017832 seconds
Computing Block 150 out of 445
Processing Block size=20
begin cleaner{left: ("[FunctionalDependency:(s: {flight}, t: {act_dep_time})]", 0.0), operator: *, right: (1.0, 1.0), result: 0.0}
列 'p' 不存在，对列 act_dep_time 不过滤，直接选择所有非无效值。
clean_bool length:2
newest best op: Uniop(df,'act_dep_time','04:15 PM',(['flight'], {('UA-938-DEN-ORD',)}),{left: ("[FunctionalDependency:(s: {flight}, t: {act_dep_time})]", 0.0), operator: *, right: (1.0, 1.0), result: 0.0})
now error: 0.0
Block processing time: 0.035354 seconds
Computing Block 151 out of 445
Processing Block size=12
begin cleaner{left: ("[FunctionalDependency:(s: {flight}, t: {act_dep_time})]", 0.0), operator: *, right: (1.0, 1.0), result: 0.0}
列 'p' 不存在，对列 act_dep_time 不过滤，直接选择所有非无效值。
Block processing time: 0.009886 seconds
Computing Block 154 out of 445
Processing Block size=15
begin cleaner{left: ("[FunctionalDependency:(s: {flight}, t: {act_dep_time})]", 0.0), operator: *, right: (1.0, 1.0), result: 0.0}
列 'p' 不存在，对列 act_dep_time 不过滤，直接选择所有非无效值。
clean_bool length:2
newest best op: Uniop(df,'act_dep_time','05:30 PM',(['flight'], {('CO-4888-IAH-DAL',)}),{left: ("[FunctionalDependency:(s: {flight}, t: {act_dep_time})]", 0.0), operator: *, right: (1.0, 1.0), result: 0.0})
now error: 0.0
Block processing time: 0.026067 seconds
Computing Block 164 out of 445
Processing Block size=19
begin cleaner{left: ("[FunctionalDependency:(s: {flight}, t: {act_dep_time})]", 0.0), operator: *, right: (1.0, 1.0), result: 0.0}
列 'p' 不存在，对列 act_dep_time 不过滤，直接选择所有非无效值。
Block processing time: 0.015503 seconds
Computing Block 169 out of 445
Processing Block size=20
begin cleaner{left: ("[FunctionalDependency:(s: {flight}, t: {act_dep_time})]", 0.0), operator: *, right: (1.0, 1.0), result: 0.0}
列 'p' 不存在，对列 act_dep_time 不过滤，直接选择所有非无效值。
Block processing time: 0.016235 seconds
Computing Block 172 out of 445
Processing Block size=19
begin cleaner{left: ("[FunctionalDependency:(s: {flight}, t: {act_dep_time})]", 0.0), operator: *, right: (1.0, 1.0), result: 0.0}
列 'p' 不存在，对列 act_dep_time 不过滤，直接选择所有非无效值。
clean_bool length:2
newest best op: Uniop(df,'act_dep_time','08:56 AM',(['flight'], {('AA-415-BOS-ORD',)}),{left: ("[FunctionalDependency:(s: {flight}, t: {act_dep_time})]", 0.0), operator: *, right: (1.0, 1.0), result: 0.0})
now error: 0.0
Block processing time: 0.031289 seconds
Computing Block 177 out of 445
Processing Block size=21
begin cleaner{left: ("[FunctionalDependency:(s: {flight}, t: {act_dep_time})]", 0.0), operator: *, right: (1.0, 1.0), result: 0.0}
列 'p' 不存在，对列 act_dep_time 不过滤，直接选择所有非无效值。
clean_bool length:2
newest best op: Uniop(df,'act_dep_time','11:08 PM',(['flight'], {('UA-828-SFO-ORD',)}),{left: ("[FunctionalDependency:(s: {flight}, t: {act_dep_time})]", 0.0), operator: *, right: (1.0, 1.0), result: 0.0})
now error: 0.0
Block processing time: 0.032376 seconds
Computing Block 183 out of 445
Processing Block size=17
begin cleaner{left: ("[FunctionalDependency:(s: {flight}, t: {act_dep_time})]", 0.0), operator: *, right: (1.0, 1.0), result: 0.0}
列 'p' 不存在，对列 act_dep_time 不过滤，直接选择所有非无效值。
clean_bool length:2
newest best op: Uniop(df,'act_dep_time','10:55 AM',(['flight'], {('AA-1886-BOS-MIA',)}),{left: ("[FunctionalDependency:(s: {flight}, t: {act_dep_time})]", 0.0), operator: *, right: (1.0, 1.0), result: 0.0})
now error: 0.0
Block processing time: 0.024684 seconds
Computing Block 187 out of 445
Processing Block size=19
begin cleaner{left: ("[FunctionalDependency:(s: {flight}, t: {act_dep_time})]", 0.0), operator: *, right: (1.0, 1.0), result: 0.0}
列 'p' 不存在，对列 act_dep_time 不过滤，直接选择所有非无效值。
clean_bool length:2
newest best op: Uniop(df,'act_dep_time','11:55 PM',(['flight'], {('AA-1522-SFO-ORD',)}),{left: ("[FunctionalDependency:(s: {flight}, t: {act_dep_time})]", 0.0), operator: *, right: (1.0, 1.0), result: 0.0})
now error: 0.0
Block processing time: 0.027567 seconds
Computing Block 190 out of 445
Processing Block size=20
begin cleaner{left: ("[FunctionalDependency:(s: {flight}, t: {act_dep_time})]", 0.0), operator: *, right: (1.0, 1.0), result: 0.0}
列 'p' 不存在，对列 act_dep_time 不过滤，直接选择所有非无效值。
clean_bool length:2
newest best op: Uniop(df,'act_dep_time','07:31 AM',(['flight'], {('AA-222-LAX-BOS',)}),{left: ("[FunctionalDependency:(s: {flight}, t: {act_dep_time})]", 0.0), operator: *, right: (1.0, 1.0), result: 0.0})
now error: 0.0
Block processing time: 0.028824 seconds
Computing Block 193 out of 445
Processing Block size=15
begin cleaner{left: ("[FunctionalDependency:(s: {flight}, t: {act_dep_time})]", 0.0), operator: *, right: (1.0, 1.0), result: 0.0}
列 'p' 不存在，对列 act_dep_time 不过滤，直接选择所有非无效值。
clean_bool length:3
newest best op: Uniop(df,'act_dep_time','06:57 AM',(['flight'], {('AA-404-MIA-MCO',)}),{left: ("[FunctionalDependency:(s: {flight}, t: {act_dep_time})]", 0.0), operator: *, right: (1.0, 1.0), result: 0.0})
now error: 0.0
Block processing time: 0.033124 seconds
Computing Block 203 out of 445
Processing Block size=20
begin cleaner{left: ("[FunctionalDependency:(s: {flight}, t: {act_dep_time})]", 0.0), operator: *, right: (1.0, 1.0), result: 0.0}
列 'p' 不存在，对列 act_dep_time 不过滤，直接选择所有非无效值。
clean_bool length:2
newest best op: Uniop(df,'act_dep_time','02:04 PM',(['flight'], {('AA-1279-DFW-PHX',)}),{left: ("[FunctionalDependency:(s: {flight}, t: {act_dep_time})]", 0.0), operator: *, right: (1.0, 1.0), result: 0.0})
now error: 0.0
Block processing time: 0.028816 seconds
Computing Block 204 out of 445
Processing Block size=14
begin cleaner{left: ("[FunctionalDependency:(s: {flight}, t: {act_dep_time})]", 0.0), operator: *, right: (1.0, 1.0), result: 0.0}
列 'p' 不存在，对列 act_dep_time 不过滤，直接选择所有非无效值。
clean_bool length:2
newest best op: Uniop(df,'act_dep_time','07:29 AM',(['flight'], {('CO-52-IAH-LAX',)}),{left: ("[FunctionalDependency:(s: {flight}, t: {act_dep_time})]", 0.0), operator: *, right: (1.0, 1.0), result: 0.0})
now error: 0.0
Block processing time: 0.020289 seconds
Computing Block 206 out of 445
Processing Block size=21
begin cleaner{left: ("[FunctionalDependency:(s: {flight}, t: {act_dep_time})]", 0.0), operator: *, right: (1.0, 1.0), result: 0.0}
列 'p' 不存在，对列 act_dep_time 不过滤，直接选择所有非无效值。
clean_bool length:2
newest best op: Uniop(df,'act_dep_time','11:30 AM',(['flight'], {('UA-3050-PHX-CLT',)}),{left: ("[FunctionalDependency:(s: {flight}, t: {act_dep_time})]", 0.0), operator: *, right: (1.0, 1.0), result: 0.0})
now error: 0.0
Block processing time: 0.030175 seconds
Computing Block 208 out of 445
Processing Block size=18
begin cleaner{left: ("[FunctionalDependency:(s: {flight}, t: {act_dep_time})]", 0.0), operator: *, right: (1.0, 1.0), result: 0.0}
列 'p' 不存在，对列 act_dep_time 不过滤，直接选择所有非无效值。
Block processing time: 0.013145 seconds
Computing Block 214 out of 445
Processing Block size=24
begin cleaner{left: ("[FunctionalDependency:(s: {flight}, t: {act_dep_time})]", 0.0), operator: *, right: (1.0, 1.0), result: 0.0}
列 'p' 不存在，对列 act_dep_time 不过滤，直接选择所有非无效值。
clean_bool length:2
newest best op: Uniop(df,'act_dep_time','01:31 PM',(['flight'], {('UA-664-ORD-PHL',)}),{left: ("[FunctionalDependency:(s: {flight}, t: {act_dep_time})]", 0.0), operator: *, right: (1.0, 1.0), result: 0.0})
now error: 0.0
Block processing time: 0.034348 seconds
Computing Block 219 out of 445
Processing Block size=18
begin cleaner{left: ("[FunctionalDependency:(s: {flight}, t: {act_dep_time})]", 0.0), operator: *, right: (1.0, 1.0), result: 0.0}
列 'p' 不存在，对列 act_dep_time 不过滤，直接选择所有非无效值。
Block processing time: 0.013125 seconds
Computing Block 237 out of 445
Processing Block size=18
begin cleaner{left: ("[FunctionalDependency:(s: {flight}, t: {act_dep_time})]", 0.0), operator: *, right: (1.0, 1.0), result: 0.0}
列 'p' 不存在，对列 act_dep_time 不过滤，直接选择所有非无效值。
clean_bool length:2
newest best op: Uniop(df,'act_dep_time','12:35 PM',(['flight'], {('UA-382-IAD-LAX',)}),{left: ("[FunctionalDependency:(s: {flight}, t: {act_dep_time})]", 0.0), operator: *, right: (1.0, 1.0), result: 0.0})
now error: 0.0
Block processing time: 0.026938 seconds
Computing Block 239 out of 445
Processing Block size=18
begin cleaner{left: ("[FunctionalDependency:(s: {flight}, t: {act_dep_time})]", 0.0), operator: *, right: (1.0, 1.0), result: 0.0}
列 'p' 不存在，对列 act_dep_time 不过滤，直接选择所有非无效值。
Block processing time: 0.013788 seconds
Computing Block 244 out of 445
Processing Block size=21
begin cleaner{left: ("[FunctionalDependency:(s: {flight}, t: {act_dep_time})]", 0.0), operator: *, right: (1.0, 1.0), result: 0.0}
列 'p' 不存在，对列 act_dep_time 不过滤，直接选择所有非无效值。
clean_bool length:2
newest best op: Uniop(df,'act_dep_time','08:04 AM',(['flight'], {('AA-2957-DFW-CVG',)}),{left: ("[FunctionalDependency:(s: {flight}, t: {act_dep_time})]", 0.0), operator: *, right: (1.0, 1.0), result: 0.0})
now error: 0.0
Block processing time: 0.031124 seconds
Computing Block 247 out of 445
Processing Block size=24
begin cleaner{left: ("[FunctionalDependency:(s: {flight}, t: {act_dep_time})]", 0.0), operator: *, right: (1.0, 1.0), result: 0.0}
列 'p' 不存在，对列 act_dep_time 不过滤，直接选择所有非无效值。
clean_bool length:2
newest best op: Uniop(df,'act_dep_time','07:25 AM',(['flight'], {('AA-3468-CVG-MIA',)}),{left: ("[FunctionalDependency:(s: {flight}, t: {act_dep_time})]", 0.0), operator: *, right: (1.0, 1.0), result: 0.0})
now error: 0.0
Block processing time: 0.0344 seconds
Computing Block 254 out of 445
Processing Block size=18
begin cleaner{left: ("[FunctionalDependency:(s: {flight}, t: {act_dep_time})]", 0.0), operator: *, right: (1.0, 1.0), result: 0.0}
列 'p' 不存在，对列 act_dep_time 不过滤，直接选择所有非无效值。
clean_bool length:2
newest best op: Uniop(df,'act_dep_time','10:19 AM',(['flight'], {('CO-1090-BOS-IAH',)}),{left: ("[FunctionalDependency:(s: {flight}, t: {act_dep_time})]", 0.0), operator: *, right: (1.0, 1.0), result: 0.0})
now error: 0.0
Block processing time: 0.025981 seconds
Computing Block 257 out of 445
Processing Block size=17
begin cleaner{left: ("[FunctionalDependency:(s: {flight}, t: {act_dep_time})]", 0.0), operator: *, right: (1.0, 1.0), result: 0.0}
列 'p' 不存在，对列 act_dep_time 不过滤，直接选择所有非无效值。
clean_bool length:3
newest best op: Uniop(df,'act_dep_time','11:32 AM',(['flight'], {('CO-58-DEN-IAH',)}),{left: ("[FunctionalDependency:(s: {flight}, t: {act_dep_time})]", 0.0), operator: *, right: (1.0, 1.0), result: 0.0})
now error: 0.0
Block processing time: 0.037323 seconds
Computing Block 261 out of 445
Processing Block size=13
begin cleaner{left: ("[FunctionalDependency:(s: {flight}, t: {act_dep_time})]", 0.0), operator: *, right: (1.0, 1.0), result: 0.0}
列 'p' 不存在，对列 act_dep_time 不过滤，直接选择所有非无效值。
clean_bool length:2
newest best op: Uniop(df,'act_dep_time','03:31 PM',(['flight'], {('CO-50-CLE-EWR',)}),{left: ("[FunctionalDependency:(s: {flight}, t: {act_dep_time})]", 0.0), operator: *, right: (1.0, 1.0), result: 0.0})
now error: 0.0
Block processing time: 0.018925 seconds
Computing Block 263 out of 445
Processing Block size=18
begin cleaner{left: ("[FunctionalDependency:(s: {flight}, t: {act_dep_time})]", 0.0), operator: *, right: (1.0, 1.0), result: 0.0}
列 'p' 不存在，对列 act_dep_time 不过滤，直接选择所有非无效值。
clean_bool length:2
newest best op: Uniop(df,'act_dep_time','07:27 AM',(['flight'], {('UA-6273-YYC-SFO',)}),{left: ("[FunctionalDependency:(s: {flight}, t: {act_dep_time})]", 0.0), operator: *, right: (1.0, 1.0), result: 0.0})
now error: 0.0
Block processing time: 0.026242 seconds
Computing Block 281 out of 445
Processing Block size=21
begin cleaner{left: ("[FunctionalDependency:(s: {flight}, t: {act_dep_time})]", 0.0), operator: *, right: (1.0, 1.0), result: 0.0}
列 'p' 不存在，对列 act_dep_time 不过滤，直接选择所有非无效值。
clean_bool length:2
newest best op: Uniop(df,'act_dep_time','07:15 PM',(['flight'], {('CO-1694-LAX-IAH',)}),{left: ("[FunctionalDependency:(s: {flight}, t: {act_dep_time})]", 0.0), operator: *, right: (1.0, 1.0), result: 0.0})
now error: 0.0
Block processing time: 0.030459 seconds
Computing Block 285 out of 445
Processing Block size=18
begin cleaner{left: ("[FunctionalDependency:(s: {flight}, t: {act_dep_time})]", 0.0), operator: *, right: (1.0, 1.0), result: 0.0}
列 'p' 不存在，对列 act_dep_time 不过滤，直接选择所有非无效值。
clean_bool length:2
newest best op: Uniop(df,'act_dep_time','08:12 AM',(['flight'], {('UA-3515-IAD-MSP',)}),{left: ("[FunctionalDependency:(s: {flight}, t: {act_dep_time})]", 0.0), operator: *, right: (1.0, 1.0), result: 0.0})
now error: 0.0
Block processing time: 0.026045 seconds
Computing Block 297 out of 445
Processing Block size=24
begin cleaner{left: ("[FunctionalDependency:(s: {flight}, t: {act_dep_time})]", 0.0), operator: *, right: (1.0, 1.0), result: 0.0}
列 'p' 不存在，对列 act_dep_time 不过滤，直接选择所有非无效值。
clean_bool length:2
newest best op: Uniop(df,'act_dep_time','06:30 PM',(['flight'], {('AA-1640-MIA-MCO',)}),{left: ("[FunctionalDependency:(s: {flight}, t: {act_dep_time})]", 0.0), operator: *, right: (1.0, 1.0), result: 0.0})
now error: 0.0
Block processing time: 0.034513 seconds
Computing Block 298 out of 445
Processing Block size=22
begin cleaner{left: ("[FunctionalDependency:(s: {flight}, t: {act_dep_time})]", 0.0), operator: *, right: (1.0, 1.0), result: 0.0}
列 'p' 不存在，对列 act_dep_time 不过滤，直接选择所有非无效值。
clean_bool length:2
newest best op: Uniop(df,'act_dep_time','12:11 PM',(['flight'], {('AA-3-JFK-LAX',)}),{left: ("[FunctionalDependency:(s: {flight}, t: {act_dep_time})]", 0.0), operator: *, right: (1.0, 1.0), result: 0.0})
now error: 0.0
Block processing time: 0.032303 seconds
Computing Block 300 out of 445
Processing Block size=15
begin cleaner{left: ("[FunctionalDependency:(s: {flight}, t: {act_dep_time})]", 0.0), operator: *, right: (1.0, 1.0), result: 0.0}
列 'p' 不存在，对列 act_dep_time 不过滤，直接选择所有非无效值。
clean_bool length:3
newest best op: Uniop(df,'act_dep_time','04:43 PM',(['flight'], {('UA-5487-SFO-MRY',)}),{left: ("[FunctionalDependency:(s: {flight}, t: {act_dep_time})]", 0.0), operator: *, right: (1.0, 1.0), result: 0.0})
now error: 0.0
newest best op: Uniop(df,'act_dep_time','10:33 AM',(['flight'], {('UA-5487-SFO-MRY',)}),{left: ("[FunctionalDependency:(s: {flight}, t: {act_dep_time})]", 0.0), operator: *, right: (1.0, 1.0), result: 0.0})
now error: 0.0
Block processing time: 0.033411 seconds
Computing Block 303 out of 445
Processing Block size=18
begin cleaner{left: ("[FunctionalDependency:(s: {flight}, t: {act_dep_time})]", 0.0), operator: *, right: (1.0, 1.0), result: 0.0}
列 'p' 不存在，对列 act_dep_time 不过滤，直接选择所有非无效值。
Block processing time: 0.013146 seconds
Computing Block 304 out of 445
Processing Block size=19
begin cleaner{left: ("[FunctionalDependency:(s: {flight}, t: {act_dep_time})]", 0.0), operator: *, right: (1.0, 1.0), result: 0.0}
列 'p' 不存在，对列 act_dep_time 不过滤，直接选择所有非无效值。
clean_bool length:2
newest best op: Uniop(df,'act_dep_time','12:13 PM',(['flight'], {('AA-4344-ORD-DTW',)}),{left: ("[FunctionalDependency:(s: {flight}, t: {act_dep_time})]", 0.0), operator: *, right: (1.0, 1.0), result: 0.0})
now error: 0.0
Block processing time: 0.027232 seconds
Computing Block 306 out of 445
Processing Block size=21
begin cleaner{left: ("[FunctionalDependency:(s: {flight}, t: {act_dep_time})]", 0.0), operator: *, right: (1.0, 1.0), result: 0.0}
列 'p' 不存在，对列 act_dep_time 不过滤，直接选择所有非无效值。
clean_bool length:2
newest best op: Uniop(df,'act_dep_time','08:04 AM',(['flight'], {('AA-3979-CVG-ORD',)}),{left: ("[FunctionalDependency:(s: {flight}, t: {act_dep_time})]", 0.0), operator: *, right: (1.0, 1.0), result: 0.0})
now error: 0.0
Block processing time: 0.030177 seconds
Computing Block 313 out of 445
Processing Block size=20
begin cleaner{left: ("[FunctionalDependency:(s: {flight}, t: {act_dep_time})]", 0.0), operator: *, right: (1.0, 1.0), result: 0.0}
列 'p' 不存在，对列 act_dep_time 不过滤，直接选择所有非无效值。
Block processing time: 0.014528 seconds
Computing Block 315 out of 445
Processing Block size=22
begin cleaner{left: ("[FunctionalDependency:(s: {flight}, t: {act_dep_time})]", 0.0), operator: *, right: (1.0, 1.0), result: 0.0}
列 'p' 不存在，对列 act_dep_time 不过滤，直接选择所有非无效值。
clean_bool length:2
newest best op: Uniop(df,'act_dep_time','06:55 PM',(['flight'], {('AA-4307-ORD-DTW',)}),{left: ("[FunctionalDependency:(s: {flight}, t: {act_dep_time})]", 0.0), operator: *, right: (1.0, 1.0), result: 0.0})
now error: 0.0
Block processing time: 0.031717 seconds
Computing Block 318 out of 445
Processing Block size=19
begin cleaner{left: ("[FunctionalDependency:(s: {flight}, t: {act_dep_time})]", 0.0), operator: *, right: (1.0, 1.0), result: 0.0}
列 'p' 不存在，对列 act_dep_time 不过滤，直接选择所有非无效值。
clean_bool length:2
newest best op: Uniop(df,'act_dep_time','04:00 PM',(['flight'], {('UA-2726-FLL-PHL',)}),{left: ("[FunctionalDependency:(s: {flight}, t: {act_dep_time})]", 0.0), operator: *, right: (1.0, 1.0), result: 0.0})
now error: 0.0
Block processing time: 0.027275 seconds
Computing Block 320 out of 445
Processing Block size=18
begin cleaner{left: ("[FunctionalDependency:(s: {flight}, t: {act_dep_time})]", 0.0), operator: *, right: (1.0, 1.0), result: 0.0}
列 'p' 不存在，对列 act_dep_time 不过滤，直接选择所有非无效值。
clean_bool length:2
newest best op: Uniop(df,'act_dep_time','11:40 AM',(['flight'], {('AA-1544-SAN-ORD',)}),{left: ("[FunctionalDependency:(s: {flight}, t: {act_dep_time})]", 0.0), operator: *, right: (1.0, 1.0), result: 0.0})
now error: 0.0
Block processing time: 0.025754 seconds
Computing Block 321 out of 445
Processing Block size=23
begin cleaner{left: ("[FunctionalDependency:(s: {flight}, t: {act_dep_time})]", 0.0), operator: *, right: (1.0, 1.0), result: 0.0}
列 'p' 不存在，对列 act_dep_time 不过滤，直接选择所有非无效值。
clean_bool length:2
newest best op: Uniop(df,'act_dep_time','01:19 PM',(['flight'], {('AA-789-ORD-DEN',)}),{left: ("[FunctionalDependency:(s: {flight}, t: {act_dep_time})]", 0.0), operator: *, right: (1.0, 1.0), result: 0.0})
now error: 0.0
Block processing time: 0.032808 seconds
Computing Block 330 out of 445
Processing Block size=20
begin cleaner{left: ("[FunctionalDependency:(s: {flight}, t: {act_dep_time})]", 0.0), operator: *, right: (1.0, 1.0), result: 0.0}
列 'p' 不存在，对列 act_dep_time 不过滤，直接选择所有非无效值。
clean_bool length:2
newest best op: Uniop(df,'act_dep_time','06:08 AM',(['flight'], {('AA-466-IAH-MIA',)}),{left: ("[FunctionalDependency:(s: {flight}, t: {act_dep_time})]", 0.0), operator: *, right: (1.0, 1.0), result: 0.0})
now error: 0.0
Block processing time: 0.028793 seconds
Computing Block 333 out of 445
Processing Block size=16
begin cleaner{left: ("[FunctionalDependency:(s: {flight}, t: {act_dep_time})]", 0.0), operator: *, right: (1.0, 1.0), result: 0.0}
列 'p' 不存在，对列 act_dep_time 不过滤，直接选择所有非无效值。
clean_bool length:2
newest best op: Uniop(df,'act_dep_time','01:32 PM',(['flight'], {('UA-248-PHX-ORD',)}),{left: ("[FunctionalDependency:(s: {flight}, t: {act_dep_time})]", 0.0), operator: *, right: (1.0, 1.0), result: 0.0})
now error: 0.0
Block processing time: 0.023188 seconds
Computing Block 335 out of 445
Processing Block size=18
begin cleaner{left: ("[FunctionalDependency:(s: {flight}, t: {act_dep_time})]", 0.0), operator: *, right: (1.0, 1.0), result: 0.0}
列 'p' 不存在，对列 act_dep_time 不过滤，直接选择所有非无效值。
clean_bool length:2
newest best op: Uniop(df,'act_dep_time','03:01 PM',(['flight'], {('CO-1250-MIA-IAH',)}),{left: ("[FunctionalDependency:(s: {flight}, t: {act_dep_time})]", 0.0), operator: *, right: (1.0, 1.0), result: 0.0})
now error: 0.0
Block processing time: 0.025979 seconds
Computing Block 341 out of 445
Processing Block size=16
begin cleaner{left: ("[FunctionalDependency:(s: {flight}, t: {act_dep_time})]", 0.0), operator: *, right: (1.0, 1.0), result: 0.0}
列 'p' 不存在，对列 act_dep_time 不过滤，直接选择所有非无效值。
clean_bool length:2
newest best op: Uniop(df,'act_dep_time','01:48 PM',(['flight'], {('UA-37-EWR-MCO',)}),{left: ("[FunctionalDependency:(s: {flight}, t: {act_dep_time})]", 0.0), operator: *, right: (1.0, 1.0), result: 0.0})
now error: 0.0
Block processing time: 0.023216 seconds
Computing Block 346 out of 445
Processing Block size=21
begin cleaner{left: ("[FunctionalDependency:(s: {flight}, t: {act_dep_time})]", 0.0), operator: *, right: (1.0, 1.0), result: 0.0}
列 'p' 不存在，对列 act_dep_time 不过滤，直接选择所有非无效值。
clean_bool length:2
newest best op: Uniop(df,'act_dep_time','12:41 AM',(['flight'], {('CO-1614-LAX-IAH',)}),{left: ("[FunctionalDependency:(s: {flight}, t: {act_dep_time})]", 0.0), operator: *, right: (1.0, 1.0), result: 0.0})
now error: 0.0
Block processing time: 0.030153 seconds
Computing Block 350 out of 445
Processing Block size=22
begin cleaner{left: ("[FunctionalDependency:(s: {flight}, t: {act_dep_time})]", 0.0), operator: *, right: (1.0, 1.0), result: 0.0}
列 'p' 不存在，对列 act_dep_time 不过滤，直接选择所有非无效值。
clean_bool length:2
newest best op: Uniop(df,'act_dep_time','04:25 PM',(['flight'], {('UA-233-LAX-JFK',)}),{left: ("[FunctionalDependency:(s: {flight}, t: {act_dep_time})]", 0.0), operator: *, right: (1.0, 1.0), result: 0.0})
now error: 0.0
Block processing time: 0.031518 seconds
Computing Block 359 out of 445
Processing Block size=16
begin cleaner{left: ("[FunctionalDependency:(s: {flight}, t: {act_dep_time})]", 0.0), operator: *, right: (1.0, 1.0), result: 0.0}
列 'p' 不存在，对列 act_dep_time 不过滤，直接选择所有非无效值。
clean_bool length:2
newest best op: Uniop(df,'act_dep_time','05:08 PM',(['flight'], {('AA-1007-MIA-PHX',)}),{left: ("[FunctionalDependency:(s: {flight}, t: {act_dep_time})]", 0.0), operator: *, right: (1.0, 1.0), result: 0.0})
now error: 0.0
Block processing time: 0.023156 seconds
Computing Block 373 out of 445
Processing Block size=18
begin cleaner{left: ("[FunctionalDependency:(s: {flight}, t: {act_dep_time})]", 0.0), operator: *, right: (1.0, 1.0), result: 0.0}
列 'p' 不存在，对列 act_dep_time 不过滤，直接选择所有非无效值。
clean_bool length:2
newest best op: Uniop(df,'act_dep_time','10:18 AM',(['flight'], {('AA-1664-MIA-ATL',)}),{left: ("[FunctionalDependency:(s: {flight}, t: {act_dep_time})]", 0.0), operator: *, right: (1.0, 1.0), result: 0.0})
now error: 0.0
Block processing time: 0.026314 seconds
Computing Block 376 out of 445
Processing Block size=18
begin cleaner{left: ("[FunctionalDependency:(s: {flight}, t: {act_dep_time})]", 0.0), operator: *, right: (1.0, 1.0), result: 0.0}
列 'p' 不存在，对列 act_dep_time 不过滤，直接选择所有非无效值。
clean_bool length:2
newest best op: Uniop(df,'act_dep_time','07:30 AM',(['flight'], {('AA-643-MIA-ORD',)}),{left: ("[FunctionalDependency:(s: {flight}, t: {act_dep_time})]", 0.0), operator: *, right: (1.0, 1.0), result: 0.0})
now error: 0.0
Block processing time: 0.026295 seconds
Computing Block 379 out of 445
Processing Block size=18
begin cleaner{left: ("[FunctionalDependency:(s: {flight}, t: {act_dep_time})]", 0.0), operator: *, right: (1.0, 1.0), result: 0.0}
列 'p' 不存在，对列 act_dep_time 不过滤，直接选择所有非无效值。
Block processing time: 0.013104 seconds
Computing Block 382 out of 445
Processing Block size=24
begin cleaner{left: ("[FunctionalDependency:(s: {flight}, t: {act_dep_time})]", 0.0), operator: *, right: (1.0, 1.0), result: 0.0}
列 'p' 不存在，对列 act_dep_time 不过滤，直接选择所有非无效值。
clean_bool length:2
newest best op: Uniop(df,'act_dep_time','08:23 PM',(['flight'], {('AA-1221-MCO-ORD',)}),{left: ("[FunctionalDependency:(s: {flight}, t: {act_dep_time})]", 0.0), operator: *, right: (1.0, 1.0), result: 0.0})
now error: 0.0
Block processing time: 0.034391 seconds
Computing Block 398 out of 445
Processing Block size=24
begin cleaner{left: ("[FunctionalDependency:(s: {flight}, t: {act_dep_time})]", 0.0), operator: *, right: (1.0, 1.0), result: 0.0}
列 'p' 不存在，对列 act_dep_time 不过滤，直接选择所有非无效值。
clean_bool length:2
newest best op: Uniop(df,'act_dep_time','09:14 AM',(['flight'], {('CO-1193-EWR-MCO',)}),{left: ("[FunctionalDependency:(s: {flight}, t: {act_dep_time})]", 0.0), operator: *, right: (1.0, 1.0), result: 0.0})
now error: 0.0
Block processing time: 0.034316 seconds
Computing Block 399 out of 445
Processing Block size=18
begin cleaner{left: ("[FunctionalDependency:(s: {flight}, t: {act_dep_time})]", 0.0), operator: *, right: (1.0, 1.0), result: 0.0}
列 'p' 不存在，对列 act_dep_time 不过滤，直接选择所有非无效值。
clean_bool length:2
newest best op: Uniop(df,'act_dep_time','10:20 AM',(['flight'], {('CO-16-LAX-EWR',)}),{left: ("[FunctionalDependency:(s: {flight}, t: {act_dep_time})]", 0.0), operator: *, right: (1.0, 1.0), result: 0.0})
now error: 0.0
Block processing time: 0.025973 seconds
Computing Block 404 out of 445
Processing Block size=16
begin cleaner{left: ("[FunctionalDependency:(s: {flight}, t: {act_dep_time})]", 0.0), operator: *, right: (1.0, 1.0), result: 0.0}
列 'p' 不存在，对列 act_dep_time 不过滤，直接选择所有非无效值。
Block processing time: 0.011538 seconds
Computing Block 408 out of 445
Processing Block size=23
WARNING:root:No partitioning rule specified, processing might be slow
begin cleaner{left: ("[FunctionalDependency:(s: {flight}, t: {act_dep_time})]", 0.0), operator: *, right: (1.0, 1.0), result: 0.0}
列 'p' 不存在，对列 act_dep_time 不过滤，直接选择所有非无效值。
clean_bool length:2
newest best op: Uniop(df,'act_dep_time','08:51 AM',(['flight'], {('AA-431-MIA-SFO',)}),{left: ("[FunctionalDependency:(s: {flight}, t: {act_dep_time})]", 0.0), operator: *, right: (1.0, 1.0), result: 0.0})
now error: 0.0
Block processing time: 0.033094 seconds
Computing Block 412 out of 445
Processing Block size=18
begin cleaner{left: ("[FunctionalDependency:(s: {flight}, t: {act_dep_time})]", 0.0), operator: *, right: (1.0, 1.0), result: 0.0}
列 'p' 不存在，对列 act_dep_time 不过滤，直接选择所有非无效值。
clean_bool length:2
newest best op: Uniop(df,'act_dep_time','02:48 PM',(['flight'], {('CO-62-IAH-EWR',)}),{left: ("[FunctionalDependency:(s: {flight}, t: {act_dep_time})]", 0.0), operator: *, right: (1.0, 1.0), result: 0.0})
now error: 0.0
Block processing time: 0.026327 seconds
Computing Block 413 out of 445
Processing Block size=22
begin cleaner{left: ("[FunctionalDependency:(s: {flight}, t: {act_dep_time})]", 0.0), operator: *, right: (1.0, 1.0), result: 0.0}
列 'p' 不存在，对列 act_dep_time 不过滤，直接选择所有非无效值。
clean_bool length:2
newest best op: Uniop(df,'act_dep_time','02:26 PM',(['flight'], {('UA-257-JFK-SFO',)}),{left: ("[FunctionalDependency:(s: {flight}, t: {act_dep_time})]", 0.0), operator: *, right: (1.0, 1.0), result: 0.0})
now error: 0.0
Block processing time: 0.03166 seconds
Computing Block 419 out of 445
Processing Block size=20
begin cleaner{left: ("[FunctionalDependency:(s: {flight}, t: {act_dep_time})]", 0.0), operator: *, right: (1.0, 1.0), result: 0.0}
列 'p' 不存在，对列 act_dep_time 不过滤，直接选择所有非无效值。
clean_bool length:3
newest best op: Uniop(df,'act_dep_time','04:43 PM',(['flight'], {('AA-271-MIA-LAX',)}),{left: ("[FunctionalDependency:(s: {flight}, t: {act_dep_time})]", 0.0), operator: *, right: (1.0, 1.0), result: 0.0})
now error: 0.0
newest best op: Uniop(df,'act_dep_time','11:52 AM',(['flight'], {('AA-271-MIA-LAX',)}),{left: ("[FunctionalDependency:(s: {flight}, t: {act_dep_time})]", 0.0), operator: *, right: (1.0, 1.0), result: 0.0})
now error: 0.0
Block processing time: 0.043298 seconds
Computing Block 420 out of 445
Processing Block size=17
begin cleaner{left: ("[FunctionalDependency:(s: {flight}, t: {act_dep_time})]", 0.0), operator: *, right: (1.0, 1.0), result: 0.0}
列 'p' 不存在，对列 act_dep_time 不过滤，直接选择所有非无效值。
clean_bool length:2
newest best op: Uniop(df,'act_dep_time','08:25 PM',(['flight'], {('CO-47-IAH-LAX',)}),{left: ("[FunctionalDependency:(s: {flight}, t: {act_dep_time})]", 0.0), operator: *, right: (1.0, 1.0), result: 0.0})
now error: 0.0
Block processing time: 0.024792 seconds
Computing Block 434 out of 445
Processing Block size=13
begin cleaner{left: ("[FunctionalDependency:(s: {flight}, t: {act_dep_time})]", 0.0), operator: *, right: (1.0, 1.0), result: 0.0}
列 'p' 不存在，对列 act_dep_time 不过滤，直接选择所有非无效值。
clean_bool length:2
newest best op: Uniop(df,'act_dep_time','08:40 AM',(['flight'], {('CO-1088-CLE-IAH',)}),{left: ("[FunctionalDependency:(s: {flight}, t: {act_dep_time})]", 0.0), operator: *, right: (1.0, 1.0), result: 0.0})
now error: 0.0
Block processing time: 0.018873 seconds
Computing Block 439 out of 445
Processing Block size=16
begin cleaner{left: ("[FunctionalDependency:(s: {flight}, t: {act_dep_time})]", 0.0), operator: *, right: (1.0, 1.0), result: 0.0}
列 'p' 不存在，对列 act_dep_time 不过滤，直接选择所有非无效值。
clean_bool length:2
newest best op: Uniop(df,'act_dep_time','06:02 AM',(['flight'], {('CO-89-IAH-EWR',)}),{left: ("[FunctionalDependency:(s: {flight}, t: {act_dep_time})]", 0.0), operator: *, right: (1.0, 1.0), result: 0.0})
now error: 0.0
Block processing time: 0.023001 seconds
Computing Block 440 out of 445
Processing Block size=19
begin cleaner{left: ("[FunctionalDependency:(s: {flight}, t: {act_dep_time})]", 0.0), operator: *, right: (1.0, 1.0), result: 0.0}
列 'p' 不存在，对列 act_dep_time 不过滤，直接选择所有非无效值。
clean_bool length:3
newest best op: Uniop(df,'act_dep_time','12:10 PM',(['flight'], {('AA-4277-CVG-JFK',)}),{left: ("[FunctionalDependency:(s: {flight}, t: {act_dep_time})]", 0.0), operator: *, right: (1.0, 1.0), result: 0.0})
now error: 0.0
Block processing time: 0.041426 seconds
  当前节点: act_dep_time 有 87 个清洗操作
  当前节点: sched_arr_time 存在可用清洗信号
数据块大小: 2376
分块属性:
[['flight']]
Starting initial block mapping...
Initial number of blocks: 445
Final number of blocks after further splitting: 445
Computing Block 2 out of 445
Processing Block size=16
begin cleaner[FunctionalDependency:(s: {'flight'}, t: {'sched_arr_time'})]*1.0
列 'p' 不存在，对列 sched_arr_time 不过滤，直接选择所有非无效值。
clean_bool length:3
newest best op: Uniop(df,'sched_arr_time','04:43 PM',(['flight'], {('UA-37-EDI-EWR',)}),{left: ("[FunctionalDependency:(s: {flight}, t: {sched_arr_time})]", 0.0), operator: *, right: (1.0, 1.0), result: 0.0})
now error: 0.0
newest best op: Uniop(df,'sched_arr_time','11:53 AM',(['flight'], {('UA-37-EDI-EWR',)}),{left: ("[FunctionalDependency:(s: {flight}, t: {sched_arr_time})]", 0.0), operator: *, right: (1.0, 1.0), result: 0.0})
now error: 0.0
Block processing time: 0.035652 seconds
Computing Block 3 out of 445
Processing Block size=20
begin cleaner{left: ("[FunctionalDependency:(s: {flight}, t: {sched_arr_time})]", 0.0), operator: *, right: (1.0, 1.0), result: 0.0}
列 'p' 不存在，对列 sched_arr_time 不过滤，直接选择所有非无效值。
clean_bool length:2
newest best op: Uniop(df,'sched_arr_time','10:45 AM',(['flight'], {('AA-59-JFK-SFO',)}),{left: ("[FunctionalDependency:(s: {flight}, t: {sched_arr_time})]", 0.0), operator: *, right: (1.0, 1.0), result: 0.0})
now error: 0.0
Block processing time: 0.028965 seconds
Computing Block 5 out of 445
Processing Block size=17
begin cleaner{left: ("[FunctionalDependency:(s: {flight}, t: {sched_arr_time})]", 0.0), operator: *, right: (1.0, 1.0), result: 0.0}
列 'p' 不存在，对列 sched_arr_time 不过滤，直接选择所有非无效值。
clean_bool length:2
newest best op: Uniop(df,'sched_arr_time','10:15 PM',(['flight'], {('CO-1586-IAH-MCO',)}),{left: ("[FunctionalDependency:(s: {flight}, t: {sched_arr_time})]", 0.0), operator: *, right: (1.0, 1.0), result: 0.0})
now error: 0.0
Block processing time: 0.024757 seconds
Computing Block 9 out of 445
Processing Block size=24
begin cleaner{left: ("[FunctionalDependency:(s: {flight}, t: {sched_arr_time})]", 0.0), operator: *, right: (1.0, 1.0), result: 0.0}
列 'p' 不存在，对列 sched_arr_time 不过滤，直接选择所有非无效值。
clean_bool length:2
newest best op: Uniop(df,'sched_arr_time','06:40 AM',(['flight'], {('AA-3809-PHX-LAX',)}),{left: ("[FunctionalDependency:(s: {flight}, t: {sched_arr_time})]", 0.0), operator: *, right: (1.0, 1.0), result: 0.0})
now error: 0.0
Block processing time: 0.034706 seconds
Computing Block 10 out of 445
Processing Block size=21
begin cleaner{left: ("[FunctionalDependency:(s: {flight}, t: {sched_arr_time})]", 0.0), operator: *, right: (1.0, 1.0), result: 0.0}
列 'p' 不存在，对列 sched_arr_time 不过滤，直接选择所有非无效值。
clean_bool length:2
newest best op: Uniop(df,'sched_arr_time','04:00 PM',(['flight'], {('AA-4330-CVG-ORD',)}),{left: ("[FunctionalDependency:(s: {flight}, t: {sched_arr_time})]", 0.0), operator: *, right: (1.0, 1.0), result: 0.0})
now error: 0.0
Block processing time: 0.030375 seconds
Computing Block 11 out of 445
Processing Block size=16
begin cleaner{left: ("[FunctionalDependency:(s: {flight}, t: {sched_arr_time})]", 0.0), operator: *, right: (1.0, 1.0), result: 0.0}
列 'p' 不存在，对列 sched_arr_time 不过滤，直接选择所有非无效值。
clean_bool length:2
newest best op: Uniop(df,'sched_arr_time','02:59 PM',(['flight'], {('AA-400-DFW-JFK',)}),{left: ("[FunctionalDependency:(s: {flight}, t: {sched_arr_time})]", 0.0), operator: *, right: (1.0, 1.0), result: 0.0})
now error: 0.0
Block processing time: 0.023781 seconds
Computing Block 12 out of 445
Processing Block size=21
begin cleaner{left: ("[FunctionalDependency:(s: {flight}, t: {sched_arr_time})]", 0.0), operator: *, right: (1.0, 1.0), result: 0.0}
列 'p' 不存在，对列 sched_arr_time 不过滤，直接选择所有非无效值。
clean_bool length:3
newest best op: Uniop(df,'sched_arr_time','01:35 AM',(['flight'], {('AA-2268-PHX-ORD',)}),{left: ("[FunctionalDependency:(s: {flight}, t: {sched_arr_time})]", 0.0), operator: *, right: (1.0, 1.0), result: 0.0})
now error: 0.0
newest best op: Uniop(df,'sched_arr_time','11:35 AM',(['flight'], {('AA-2268-PHX-ORD',)}),{left: ("[FunctionalDependency:(s: {flight}, t: {sched_arr_time})]", 0.0), operator: *, right: (1.0, 1.0), result: 0.0})
now error: 0.0
Block processing time: 0.045717 seconds
Computing Block 29 out of 445
Processing Block size=18
begin cleaner{left: ("[FunctionalDependency:(s: {flight}, t: {sched_arr_time})]", 0.0), operator: *, right: (1.0, 1.0), result: 0.0}
列 'p' 不存在，对列 sched_arr_time 不过滤，直接选择所有非无效值。
clean_bool length:2
newest best op: Uniop(df,'sched_arr_time','06:23 PM',(['flight'], {('UA-2906-PHL-MCO',)}),{left: ("[FunctionalDependency:(s: {flight}, t: {sched_arr_time})]", 0.0), operator: *, right: (1.0, 1.0), result: 0.0})
now error: 0.0
Block processing time: 0.02578 seconds
Computing Block 33 out of 445
Processing Block size=18
begin cleaner{left: ("[FunctionalDependency:(s: {flight}, t: {sched_arr_time})]", 0.0), operator: *, right: (1.0, 1.0), result: 0.0}
列 'p' 不存在，对列 sched_arr_time 不过滤，直接选择所有非无效值。
clean_bool length:2
newest best op: Uniop(df,'sched_arr_time','04:53 PM',(['flight'], {('UA-2708-EWR-CLT',)}),{left: ("[FunctionalDependency:(s: {flight}, t: {sched_arr_time})]", 0.0), operator: *, right: (1.0, 1.0), result: 0.0})
now error: 0.0
Block processing time: 0.025825 seconds
Computing Block 36 out of 445
Processing Block size=22
begin cleaner{left: ("[FunctionalDependency:(s: {flight}, t: {sched_arr_time})]", 0.0), operator: *, right: (1.0, 1.0), result: 0.0}
列 'p' 不存在，对列 sched_arr_time 不过滤，直接选择所有非无效值。
clean_bool length:2
newest best op: Uniop(df,'sched_arr_time','06:40 PM',(['flight'], {('AA-3786-IAH-ORD',)}),{left: ("[FunctionalDependency:(s: {flight}, t: {sched_arr_time})]", 0.0), operator: *, right: (1.0, 1.0), result: 0.0})
now error: 0.0
Block processing time: 0.031141 seconds
Computing Block 39 out of 445
Processing Block size=22
begin cleaner{left: ("[FunctionalDependency:(s: {flight}, t: {sched_arr_time})]", 0.0), operator: *, right: (1.0, 1.0), result: 0.0}
列 'p' 不存在，对列 sched_arr_time 不过滤，直接选择所有非无效值。
clean_bool length:3
newest best op: Uniop(df,'sched_arr_time','12:15 AM',(['flight'], {('AA-3823-LAX-DEN',)}),{left: ("[FunctionalDependency:(s: {flight}, t: {sched_arr_time})]", 0.0), operator: *, right: (1.0, 1.0), result: 0.0})
now error: 0.0
Block processing time: 0.047348 seconds
Computing Block 43 out of 445
Processing Block size=18
begin cleaner{left: ("[FunctionalDependency:(s: {flight}, t: {sched_arr_time})]", 0.0), operator: *, right: (1.0, 1.0), result: 0.0}
列 'p' 不存在，对列 sched_arr_time 不过滤，直接选择所有非无效值。
clean_bool length:2
newest best op: Uniop(df,'sched_arr_time','03:50 PM',(['flight'], {('AA-649-ORD-SNA',)}),{left: ("[FunctionalDependency:(s: {flight}, t: {sched_arr_time})]", 0.0), operator: *, right: (1.0, 1.0), result: 0.0})
now error: 0.0
Block processing time: 0.025382 seconds
Computing Block 48 out of 445
Processing Block size=20
begin cleaner{left: ("[FunctionalDependency:(s: {flight}, t: {sched_arr_time})]", 0.0), operator: *, right: (1.0, 1.0), result: 0.0}
列 'p' 不存在，对列 sched_arr_time 不过滤，直接选择所有非无效值。
clean_bool length:2
newest best op: Uniop(df,'sched_arr_time','10:34 AM',(['flight'], {('AA-1165-JFK-MIA',)}),{left: ("[FunctionalDependency:(s: {flight}, t: {sched_arr_time})]", 0.0), operator: *, right: (1.0, 1.0), result: 0.0})
now error: 0.0
Block processing time: 0.028347 seconds
Computing Block 50 out of 445
Processing Block size=21
begin cleaner{left: ("[FunctionalDependency:(s: {flight}, t: {sched_arr_time})]", 0.0), operator: *, right: (1.0, 1.0), result: 0.0}
列 'p' 不存在，对列 sched_arr_time 不过滤，直接选择所有非无效值。
clean_bool length:2
newest best op: Uniop(df,'sched_arr_time','01:45 PM',(['flight'], {('UA-2945-PHL-CLT',)}),{left: ("[FunctionalDependency:(s: {flight}, t: {sched_arr_time})]", 0.0), operator: *, right: (1.0, 1.0), result: 0.0})
now error: 0.0
Block processing time: 0.03128 seconds
Computing Block 53 out of 445
Processing Block size=18
begin cleaner{left: ("[FunctionalDependency:(s: {flight}, t: {sched_arr_time})]", 0.0), operator: *, right: (1.0, 1.0), result: 0.0}
列 'p' 不存在，对列 sched_arr_time 不过滤，直接选择所有非无效值。
clean_bool length:2
newest best op: Uniop(df,'sched_arr_time','08:22 PM',(['flight'], {('CO-63-EWR-IAH',)}),{left: ("[FunctionalDependency:(s: {flight}, t: {sched_arr_time})]", 0.0), operator: *, right: (1.0, 1.0), result: 0.0})
now error: 0.0
Block processing time: 0.026142 seconds
Computing Block 55 out of 445
Processing Block size=22
begin cleaner{left: ("[FunctionalDependency:(s: {flight}, t: {sched_arr_time})]", 0.0), operator: *, right: (1.0, 1.0), result: 0.0}
列 'p' 不存在，对列 sched_arr_time 不过滤，直接选择所有非无效值。
clean_bool length:2
newest best op: Uniop(df,'sched_arr_time','03:50 PM',(['flight'], {('AA-446-DFW-PHL',)}),{left: ("[FunctionalDependency:(s: {flight}, t: {sched_arr_time})]", 0.0), operator: *, right: (1.0, 1.0), result: 0.0})
now error: 0.0
Block processing time: 0.031372 seconds
Computing Block 56 out of 445
Processing Block size=18
begin cleaner{left: ("[FunctionalDependency:(s: {flight}, t: {sched_arr_time})]", 0.0), operator: *, right: (1.0, 1.0), result: 0.0}
列 'p' 不存在，对列 sched_arr_time 不过滤，直接选择所有非无效值。
clean_bool length:2
newest best op: Uniop(df,'sched_arr_time','07:23 AM',(['flight'], {('UA-414-LAX-SFO',)}),{left: ("[FunctionalDependency:(s: {flight}, t: {sched_arr_time})]", 0.0), operator: *, right: (1.0, 1.0), result: 0.0})
now error: 0.0
Block processing time: 0.02575 seconds
Computing Block 60 out of 445
Processing Block size=19
begin cleaner{left: ("[FunctionalDependency:(s: {flight}, t: {sched_arr_time})]", 0.0), operator: *, right: (1.0, 1.0), result: 0.0}
列 'p' 不存在，对列 sched_arr_time 不过滤，直接选择所有非无效值。
clean_bool length:2
newest best op: Uniop(df,'sched_arr_time','09:20 PM',(['flight'], {('AA-3063-SLC-LAX',)}),{left: ("[FunctionalDependency:(s: {flight}, t: {sched_arr_time})]", 0.0), operator: *, right: (1.0, 1.0), result: 0.0})
now error: 0.0
Block processing time: 0.026759 seconds
Computing Block 67 out of 445
Processing Block size=22
begin cleaner{left: ("[FunctionalDependency:(s: {flight}, t: {sched_arr_time})]", 0.0), operator: *, right: (1.0, 1.0), result: 0.0}
列 'p' 不存在，对列 sched_arr_time 不过滤，直接选择所有非无效值。
clean_bool length:2
newest best op: Uniop(df,'sched_arr_time','04:05 PM',(['flight'], {('AA-3804-PHL-ORD',)}),{left: ("[FunctionalDependency:(s: {flight}, t: {sched_arr_time})]", 0.0), operator: *, right: (1.0, 1.0), result: 0.0})
now error: 0.0
Block processing time: 0.03046 seconds
Computing Block 71 out of 445
Processing Block size=22
begin cleaner{left: ("[FunctionalDependency:(s: {flight}, t: {sched_arr_time})]", 0.0), operator: *, right: (1.0, 1.0), result: 0.0}
列 'p' 不存在，对列 sched_arr_time 不过滤，直接选择所有非无效值。
clean_bool length:2
newest best op: Uniop(df,'sched_arr_time','12:35 PM',(['flight'], {('AA-616-DFW-DTW',)}),{left: ("[FunctionalDependency:(s: {flight}, t: {sched_arr_time})]", 0.0), operator: *, right: (1.0, 1.0), result: 0.0})
now error: 0.0
Block processing time: 0.030719 seconds
Computing Block 80 out of 445
Processing Block size=22
begin cleaner{left: ("[FunctionalDependency:(s: {flight}, t: {sched_arr_time})]", 0.0), operator: *, right: (1.0, 1.0), result: 0.0}
列 'p' 不存在，对列 sched_arr_time 不过滤，直接选择所有非无效值。
clean_bool length:2
newest best op: Uniop(df,'sched_arr_time','06:30 PM',(['flight'], {('AA-85-JFK-SFO',)}),{left: ("[FunctionalDependency:(s: {flight}, t: {sched_arr_time})]", 0.0), operator: *, right: (1.0, 1.0), result: 0.0})
now error: 0.0
Block processing time: 0.030871 seconds
Computing Block 81 out of 445
Processing Block size=22
begin cleaner{left: ("[FunctionalDependency:(s: {flight}, t: {sched_arr_time})]", 0.0), operator: *, right: (1.0, 1.0), result: 0.0}
列 'p' 不存在，对列 sched_arr_time 不过滤，直接选择所有非无效值。
clean_bool length:2
newest best op: Uniop(df,'sched_arr_time','09:54 AM',(['flight'], {('UA-3925-IAD-ORF',)}),{left: ("[FunctionalDependency:(s: {flight}, t: {sched_arr_time})]", 0.0), operator: *, right: (1.0, 1.0), result: 0.0})
now error: 0.0
Block processing time: 0.030704 seconds
Computing Block 85 out of 445
Processing Block size=19
begin cleaner{left: ("[FunctionalDependency:(s: {flight}, t: {sched_arr_time})]", 0.0), operator: *, right: (1.0, 1.0), result: 0.0}
列 'p' 不存在，对列 sched_arr_time 不过滤，直接选择所有非无效值。
clean_bool length:2
newest best op: Uniop(df,'sched_arr_time','07:55 PM',(['flight'], {('AA-484-DFW-MIA',)}),{left: ("[FunctionalDependency:(s: {flight}, t: {sched_arr_time})]", 0.0), operator: *, right: (1.0, 1.0), result: 0.0})
now error: 0.0
Block processing time: 0.028772 seconds
Computing Block 86 out of 445
Processing Block size=20
begin cleaner{left: ("[FunctionalDependency:(s: {flight}, t: {sched_arr_time})]", 0.0), operator: *, right: (1.0, 1.0), result: 0.0}
列 'p' 不存在，对列 sched_arr_time 不过滤，直接选择所有非无效值。
clean_bool length:2
newest best op: Uniop(df,'sched_arr_time','06:55 AM',(['flight'], {('AA-204-LAX-MCO',)}),{left: ("[FunctionalDependency:(s: {flight}, t: {sched_arr_time})]", 0.0), operator: *, right: (1.0, 1.0), result: 0.0})
now error: 0.0
Block processing time: 0.030091 seconds
Computing Block 89 out of 445
Processing Block size=26
begin cleaner{left: ("[FunctionalDependency:(s: {flight}, t: {sched_arr_time})]", 0.0), operator: *, right: (1.0, 1.0), result: 0.0}
列 'p' 不存在，对列 sched_arr_time 不过滤，直接选择所有非无效值。
clean_bool length:2
newest best op: Uniop(df,'sched_arr_time','02:45 PM',(['flight'], {('AA-2050-ORD-MIA',)}),{left: ("[FunctionalDependency:(s: {flight}, t: {sched_arr_time})]", 0.0), operator: *, right: (1.0, 1.0), result: 0.0})
now error: 0.0
Block processing time: 0.038414 seconds
Computing Block 90 out of 445
Processing Block size=19
begin cleaner{left: ("[FunctionalDependency:(s: {flight}, t: {sched_arr_time})]", 0.0), operator: *, right: (1.0, 1.0), result: 0.0}
列 'p' 不存在，对列 sched_arr_time 不过滤，直接选择所有非无效值。
clean_bool length:2
newest best op: Uniop(df,'sched_arr_time','10:35 AM',(['flight'], {('AA-1434-DFW-MCO',)}),{left: ("[FunctionalDependency:(s: {flight}, t: {sched_arr_time})]", 0.0), operator: *, right: (1.0, 1.0), result: 0.0})
now error: 0.0
Block processing time: 0.026563 seconds
Computing Block 98 out of 445
Processing Block size=19
begin cleaner{left: ("[FunctionalDependency:(s: {flight}, t: {sched_arr_time})]", 0.0), operator: *, right: (1.0, 1.0), result: 0.0}
列 'p' 不存在，对列 sched_arr_time 不过滤，直接选择所有非无效值。
clean_bool length:2
newest best op: Uniop(df,'sched_arr_time','01:39 PM',(['flight'], {('UA-854-SFO-IAH',)}),{left: ("[FunctionalDependency:(s: {flight}, t: {sched_arr_time})]", 0.0), operator: *, right: (1.0, 1.0), result: 0.0})
now error: 0.0
Block processing time: 0.026489 seconds
Computing Block 100 out of 445
Processing Block size=22
begin cleaner{left: ("[FunctionalDependency:(s: {flight}, t: {sched_arr_time})]", 0.0), operator: *, right: (1.0, 1.0), result: 0.0}
列 'p' 不存在，对列 sched_arr_time 不过滤，直接选择所有非无效值。
clean_bool length:2
newest best op: Uniop(df,'sched_arr_time','05:55 PM',(['flight'], {('AA-1917-JFK-MCO',)}),{left: ("[FunctionalDependency:(s: {flight}, t: {sched_arr_time})]", 0.0), operator: *, right: (1.0, 1.0), result: 0.0})
now error: 0.0
Block processing time: 0.030643 seconds
Computing Block 102 out of 445
Processing Block size=19
begin cleaner{left: ("[FunctionalDependency:(s: {flight}, t: {sched_arr_time})]", 0.0), operator: *, right: (1.0, 1.0), result: 0.0}
列 'p' 不存在，对列 sched_arr_time 不过滤，直接选择所有非无效值。
clean_bool length:2
newest best op: Uniop(df,'sched_arr_time','09:25 AM',(['flight'], {('AA-518-MIA-JFK',)}),{left: ("[FunctionalDependency:(s: {flight}, t: {sched_arr_time})]", 0.0), operator: *, right: (1.0, 1.0), result: 0.0})
now error: 0.0
Block processing time: 0.026564 seconds
Computing Block 103 out of 445
Processing Block size=21
begin cleaner{left: ("[FunctionalDependency:(s: {flight}, t: {sched_arr_time})]", 0.0), operator: *, right: (1.0, 1.0), result: 0.0}
列 'p' 不存在，对列 sched_arr_time 不过滤，直接选择所有非无效值。
clean_bool length:2
newest best op: Uniop(df,'sched_arr_time','07:05 PM',(['flight'], {('CO-45-EWR-MIA',)}),{left: ("[FunctionalDependency:(s: {flight}, t: {sched_arr_time})]", 0.0), operator: *, right: (1.0, 1.0), result: 0.0})
now error: 0.0
Block processing time: 0.029343 seconds
Computing Block 105 out of 445
Processing Block size=23
begin cleaner{left: ("[FunctionalDependency:(s: {flight}, t: {sched_arr_time})]", 0.0), operator: *, right: (1.0, 1.0), result: 0.0}
列 'p' 不存在，对列 sched_arr_time 不过滤，直接选择所有非无效值。
clean_bool length:2
newest best op: Uniop(df,'sched_arr_time','11:50 PM',(['flight'], {('AA-2312-DFW-DTW',)}),{left: ("[FunctionalDependency:(s: {flight}, t: {sched_arr_time})]", 0.0), operator: *, right: (1.0, 1.0), result: 0.0})
now error: 0.0
Block processing time: 0.031955 seconds
Computing Block 106 out of 445
Processing Block size=19
begin cleaner{left: ("[FunctionalDependency:(s: {flight}, t: {sched_arr_time})]", 0.0), operator: *, right: (1.0, 1.0), result: 0.0}
列 'p' 不存在，对列 sched_arr_time 不过滤，直接选择所有非无效值。
clean_bool length:2
newest best op: Uniop(df,'sched_arr_time','05:00 PM',(['flight'], {('UA-2314-ATL-PHL',)}),{left: ("[FunctionalDependency:(s: {flight}, t: {sched_arr_time})]", 0.0), operator: *, right: (1.0, 1.0), result: 0.0})
now error: 0.0
Block processing time: 0.027021 seconds
Computing Block 107 out of 445
Processing Block size=23
begin cleaner{left: ("[FunctionalDependency:(s: {flight}, t: {sched_arr_time})]", 0.0), operator: *, right: (1.0, 1.0), result: 0.0}
列 'p' 不存在，对列 sched_arr_time 不过滤，直接选择所有非无效值。
Block processing time: 0.016405 seconds
Computing Block 112 out of 445
Processing Block size=17
begin cleaner{left: ("[FunctionalDependency:(s: {flight}, t: {sched_arr_time})]", 0.0), operator: *, right: (1.0, 1.0), result: 0.0}
列 'p' 不存在，对列 sched_arr_time 不过滤，直接选择所有非无效值。
clean_bool length:2
newest best op: Uniop(df,'sched_arr_time','07:03 PM',(['flight'], {('UA-62-IAH-EWR',)}),{left: ("[FunctionalDependency:(s: {flight}, t: {sched_arr_time})]", 0.0), operator: *, right: (1.0, 1.0), result: 0.0})
now error: 0.0
Block processing time: 0.024291 seconds
Computing Block 119 out of 445
Processing Block size=14
begin cleaner{left: ("[FunctionalDependency:(s: {flight}, t: {sched_arr_time})]", 0.0), operator: *, right: (1.0, 1.0), result: 0.0}
列 'p' 不存在，对列 sched_arr_time 不过滤，直接选择所有非无效值。
Block processing time: 0.009979 seconds
Computing Block 126 out of 445
Processing Block size=10
begin cleaner{left: ("[FunctionalDependency:(s: {flight}, t: {sched_arr_time})]", 0.0), operator: *, right: (1.0, 1.0), result: 0.0}
列 'p' 不存在，对列 sched_arr_time 不过滤，直接选择所有非无效值。
clean_bool length:3
newest best op: Uniop(df,'sched_arr_time','11:45 AM',(['flight'], {('UA-1500-IAH-GUA',)}),{left: ("[FunctionalDependency:(s: {flight}, t: {sched_arr_time})]", 0.0), operator: *, right: (1.0, 1.0), result: 0.0})
now error: 0.0
Block processing time: 0.02185 seconds
Computing Block 130 out of 445
Processing Block size=13
begin cleaner{left: ("[FunctionalDependency:(s: {flight}, t: {sched_arr_time})]", 0.0), operator: *, right: (1.0, 1.0), result: 0.0}
列 'p' 不存在，对列 sched_arr_time 不过滤，直接选择所有非无效值。
clean_bool length:2
newest best op: Uniop(df,'sched_arr_time','11:35 AM',(['flight'], {('CO-1561-PHX-IAH',)}),{left: ("[FunctionalDependency:(s: {flight}, t: {sched_arr_time})]", 0.0), operator: *, right: (1.0, 1.0), result: 0.0})
now error: 0.0
Block processing time: 0.018492 seconds
Computing Block 131 out of 445
Processing Block size=19
begin cleaner{left: ("[FunctionalDependency:(s: {flight}, t: {sched_arr_time})]", 0.0), operator: *, right: (1.0, 1.0), result: 0.0}
列 'p' 不存在，对列 sched_arr_time 不过滤，直接选择所有非无效值。
clean_bool length:2
newest best op: Uniop(df,'sched_arr_time','01:40 PM',(['flight'], {('UA-2704-DTW-PHX',)}),{left: ("[FunctionalDependency:(s: {flight}, t: {sched_arr_time})]", 0.0), operator: *, right: (1.0, 1.0), result: 0.0})
now error: 0.0
Block processing time: 0.026632 seconds
Computing Block 134 out of 445
Processing Block size=20
begin cleaner{left: ("[FunctionalDependency:(s: {flight}, t: {sched_arr_time})]", 0.0), operator: *, right: (1.0, 1.0), result: 0.0}
列 'p' 不存在，对列 sched_arr_time 不过滤，直接选择所有非无效值。
clean_bool length:2
newest best op: Uniop(df,'sched_arr_time','12:55 PM',(['flight'], {('AA-4198-ORD-CLE',)}),{left: ("[FunctionalDependency:(s: {flight}, t: {sched_arr_time})]", 0.0), operator: *, right: (1.0, 1.0), result: 0.0})
now error: 0.0
Block processing time: 0.027744 seconds
Computing Block 137 out of 445
Processing Block size=21
begin cleaner{left: ("[FunctionalDependency:(s: {flight}, t: {sched_arr_time})]", 0.0), operator: *, right: (1.0, 1.0), result: 0.0}
列 'p' 不存在，对列 sched_arr_time 不过滤，直接选择所有非无效值。
clean_bool length:2
newest best op: Uniop(df,'sched_arr_time','02:45 PM',(['flight'], {('AA-3756-ORD-SLC',)}),{left: ("[FunctionalDependency:(s: {flight}, t: {sched_arr_time})]", 0.0), operator: *, right: (1.0, 1.0), result: 0.0})
now error: 0.0
Block processing time: 0.029368 seconds
Computing Block 150 out of 445
Processing Block size=20
begin cleaner{left: ("[FunctionalDependency:(s: {flight}, t: {sched_arr_time})]", 0.0), operator: *, right: (1.0, 1.0), result: 0.0}
列 'p' 不存在，对列 sched_arr_time 不过滤，直接选择所有非无效值。
clean_bool length:2
newest best op: Uniop(df,'sched_arr_time','07:35 PM',(['flight'], {('UA-938-DEN-ORD',)}),{left: ("[FunctionalDependency:(s: {flight}, t: {sched_arr_time})]", 0.0), operator: *, right: (1.0, 1.0), result: 0.0})
now error: 0.0
Block processing time: 0.028133 seconds
Computing Block 151 out of 445
Processing Block size=12
begin cleaner{left: ("[FunctionalDependency:(s: {flight}, t: {sched_arr_time})]", 0.0), operator: *, right: (1.0, 1.0), result: 0.0}
列 'p' 不存在，对列 sched_arr_time 不过滤，直接选择所有非无效值。
clean_bool length:2
newest best op: Uniop(df,'sched_arr_time','08:27 AM',(['flight'], {('UA-858-PVG-SFO',)}),{left: ("[FunctionalDependency:(s: {flight}, t: {sched_arr_time})]", 0.0), operator: *, right: (1.0, 1.0), result: 0.0})
now error: 0.0
Block processing time: 0.017094 seconds
Computing Block 154 out of 445
Processing Block size=15
begin cleaner{left: ("[FunctionalDependency:(s: {flight}, t: {sched_arr_time})]", 0.0), operator: *, right: (1.0, 1.0), result: 0.0}
列 'p' 不存在，对列 sched_arr_time 不过滤，直接选择所有非无效值。
clean_bool length:2
newest best op: Uniop(df,'sched_arr_time','06:40 PM',(['flight'], {('CO-4888-IAH-DAL',)}),{left: ("[FunctionalDependency:(s: {flight}, t: {sched_arr_time})]", 0.0), operator: *, right: (1.0, 1.0), result: 0.0})
now error: 0.0
Block processing time: 0.021093 seconds
Computing Block 164 out of 445
Processing Block size=19
begin cleaner{left: ("[FunctionalDependency:(s: {flight}, t: {sched_arr_time})]", 0.0), operator: *, right: (1.0, 1.0), result: 0.0}
列 'p' 不存在，对列 sched_arr_time 不过滤，直接选择所有非无效值。
clean_bool length:2
newest best op: Uniop(df,'sched_arr_time','05:05 PM',(['flight'], {('UA-2830-MCO-CLT',)}),{left: ("[FunctionalDependency:(s: {flight}, t: {sched_arr_time})]", 0.0), operator: *, right: (1.0, 1.0), result: 0.0})
now error: 0.0
Block processing time: 0.026502 seconds
Computing Block 169 out of 445
Processing Block size=20
begin cleaner{left: ("[FunctionalDependency:(s: {flight}, t: {sched_arr_time})]", 0.0), operator: *, right: (1.0, 1.0), result: 0.0}
列 'p' 不存在，对列 sched_arr_time 不过滤，直接选择所有非无效值。
clean_bool length:2
newest best op: Uniop(df,'sched_arr_time','09:24 AM',(['flight'], {('UA-3373-IAD-PHL',)}),{left: ("[FunctionalDependency:(s: {flight}, t: {sched_arr_time})]", 0.0), operator: *, right: (1.0, 1.0), result: 0.0})
now error: 0.0
Block processing time: 0.028703 seconds
Computing Block 172 out of 445
Processing Block size=19
begin cleaner{left: ("[FunctionalDependency:(s: {flight}, t: {sched_arr_time})]", 0.0), operator: *, right: (1.0, 1.0), result: 0.0}
列 'p' 不存在，对列 sched_arr_time 不过滤，直接选择所有非无效值。
clean_bool length:3
newest best op: Uniop(df,'sched_arr_time','12:40 AM',(['flight'], {('AA-415-BOS-ORD',)}),{left: ("[FunctionalDependency:(s: {flight}, t: {sched_arr_time})]", 0.0), operator: *, right: (1.0, 1.0), result: 0.0})
now error: 0.0
newest best op: Uniop(df,'sched_arr_time','10:40 AM',(['flight'], {('AA-415-BOS-ORD',)}),{left: ("[FunctionalDependency:(s: {flight}, t: {sched_arr_time})]", 0.0), operator: *, right: (1.0, 1.0), result: 0.0})
now error: 0.0
Block processing time: 0.043055 seconds
Computing Block 177 out of 445
Processing Block size=21
begin cleaner{left: ("[FunctionalDependency:(s: {flight}, t: {sched_arr_time})]", 0.0), operator: *, right: (1.0, 1.0), result: 0.0}
列 'p' 不存在，对列 sched_arr_time 不过滤，直接选择所有非无效值。
clean_bool length:2
newest best op: Uniop(df,'sched_arr_time','05:11 AM',(['flight'], {('UA-828-SFO-ORD',)}),{left: ("[FunctionalDependency:(s: {flight}, t: {sched_arr_time})]", 0.0), operator: *, right: (1.0, 1.0), result: 0.0})
now error: 0.0
Block processing time: 0.029575 seconds
Computing Block 183 out of 445
Processing Block size=17
begin cleaner{left: ("[FunctionalDependency:(s: {flight}, t: {sched_arr_time})]", 0.0), operator: *, right: (1.0, 1.0), result: 0.0}
列 'p' 不存在，对列 sched_arr_time 不过滤，直接选择所有非无效值。
clean_bool length:2
newest best op: Uniop(df,'sched_arr_time','02:20 PM',(['flight'], {('AA-1886-BOS-MIA',)}),{left: ("[FunctionalDependency:(s: {flight}, t: {sched_arr_time})]", 0.0), operator: *, right: (1.0, 1.0), result: 0.0})
now error: 0.0
Block processing time: 0.024255 seconds
Computing Block 187 out of 445
Processing Block size=19
begin cleaner{left: ("[FunctionalDependency:(s: {flight}, t: {sched_arr_time})]", 0.0), operator: *, right: (1.0, 1.0), result: 0.0}
列 'p' 不存在，对列 sched_arr_time 不过滤，直接选择所有非无效值。
clean_bool length:2
newest best op: Uniop(df,'sched_arr_time','05:50 AM',(['flight'], {('AA-1522-SFO-ORD',)}),{left: ("[FunctionalDependency:(s: {flight}, t: {sched_arr_time})]", 0.0), operator: *, right: (1.0, 1.0), result: 0.0})
now error: 0.0
Block processing time: 0.027101 seconds
Computing Block 190 out of 445
Processing Block size=20
begin cleaner{left: ("[FunctionalDependency:(s: {flight}, t: {sched_arr_time})]", 0.0), operator: *, right: (1.0, 1.0), result: 0.0}
列 'p' 不存在，对列 sched_arr_time 不过滤，直接选择所有非无效值。
Block processing time: 0.014159 seconds
Computing Block 193 out of 445
Processing Block size=15
begin cleaner{left: ("[FunctionalDependency:(s: {flight}, t: {sched_arr_time})]", 0.0), operator: *, right: (1.0, 1.0), result: 0.0}
列 'p' 不存在，对列 sched_arr_time 不过滤，直接选择所有非无效值。
clean_bool length:2
newest best op: Uniop(df,'sched_arr_time','07:45 AM',(['flight'], {('AA-404-MIA-MCO',)}),{left: ("[FunctionalDependency:(s: {flight}, t: {sched_arr_time})]", 0.0), operator: *, right: (1.0, 1.0), result: 0.0})
now error: 0.0
Block processing time: 0.021222 seconds
Computing Block 203 out of 445
Processing Block size=20
begin cleaner{left: ("[FunctionalDependency:(s: {flight}, t: {sched_arr_time})]", 0.0), operator: *, right: (1.0, 1.0), result: 0.0}
列 'p' 不存在，对列 sched_arr_time 不过滤，直接选择所有非无效值。
clean_bool length:2
newest best op: Uniop(df,'sched_arr_time','02:35 PM',(['flight'], {('AA-1279-DFW-PHX',)}),{left: ("[FunctionalDependency:(s: {flight}, t: {sched_arr_time})]", 0.0), operator: *, right: (1.0, 1.0), result: 0.0})
now error: 0.0
Block processing time: 0.02782 seconds
Computing Block 204 out of 445
Processing Block size=14
begin cleaner{left: ("[FunctionalDependency:(s: {flight}, t: {sched_arr_time})]", 0.0), operator: *, right: (1.0, 1.0), result: 0.0}
列 'p' 不存在，对列 sched_arr_time 不过滤，直接选择所有非无效值。
clean_bool length:2
newest best op: Uniop(df,'sched_arr_time','09:21 AM',(['flight'], {('CO-52-IAH-LAX',)}),{left: ("[FunctionalDependency:(s: {flight}, t: {sched_arr_time})]", 0.0), operator: *, right: (1.0, 1.0), result: 0.0})
now error: 0.0
Block processing time: 0.019863 seconds
Computing Block 206 out of 445
Processing Block size=21
begin cleaner{left: ("[FunctionalDependency:(s: {flight}, t: {sched_arr_time})]", 0.0), operator: *, right: (1.0, 1.0), result: 0.0}
列 'p' 不存在，对列 sched_arr_time 不过滤，直接选择所有非无效值。
clean_bool length:2
newest best op: Uniop(df,'sched_arr_time','04:57 PM',(['flight'], {('UA-3050-PHX-CLT',)}),{left: ("[FunctionalDependency:(s: {flight}, t: {sched_arr_time})]", 0.0), operator: *, right: (1.0, 1.0), result: 0.0})
now error: 0.0
Block processing time: 0.029888 seconds
Computing Block 208 out of 445
Processing Block size=18
begin cleaner{left: ("[FunctionalDependency:(s: {flight}, t: {sched_arr_time})]", 0.0), operator: *, right: (1.0, 1.0), result: 0.0}
列 'p' 不存在，对列 sched_arr_time 不过滤，直接选择所有非无效值。
Block processing time: 0.013224 seconds
Computing Block 214 out of 445
Processing Block size=24
begin cleaner{left: ("[FunctionalDependency:(s: {flight}, t: {sched_arr_time})]", 0.0), operator: *, right: (1.0, 1.0), result: 0.0}
列 'p' 不存在，对列 sched_arr_time 不过滤，直接选择所有非无效值。
clean_bool length:2
newest best op: Uniop(df,'sched_arr_time','04:31 PM',(['flight'], {('UA-664-ORD-PHL',)}),{left: ("[FunctionalDependency:(s: {flight}, t: {sched_arr_time})]", 0.0), operator: *, right: (1.0, 1.0), result: 0.0})
now error: 0.0
Block processing time: 0.033552 seconds
Computing Block 219 out of 445
Processing Block size=18
begin cleaner{left: ("[FunctionalDependency:(s: {flight}, t: {sched_arr_time})]", 0.0), operator: *, right: (1.0, 1.0), result: 0.0}
列 'p' 不存在，对列 sched_arr_time 不过滤，直接选择所有非无效值。
clean_bool length:2
newest best op: Uniop(df,'sched_arr_time','07:53 PM',(['flight'], {('UA-843-LAX-ORD',)}),{left: ("[FunctionalDependency:(s: {flight}, t: {sched_arr_time})]", 0.0), operator: *, right: (1.0, 1.0), result: 0.0})
now error: 0.0
Block processing time: 0.025314 seconds
Computing Block 237 out of 445
Processing Block size=18
begin cleaner{left: ("[FunctionalDependency:(s: {flight}, t: {sched_arr_time})]", 0.0), operator: *, right: (1.0, 1.0), result: 0.0}
列 'p' 不存在，对列 sched_arr_time 不过滤，直接选择所有非无效值。
clean_bool length:2
newest best op: Uniop(df,'sched_arr_time','03:19 PM',(['flight'], {('UA-382-IAD-LAX',)}),{left: ("[FunctionalDependency:(s: {flight}, t: {sched_arr_time})]", 0.0), operator: *, right: (1.0, 1.0), result: 0.0})
now error: 0.0
Block processing time: 0.026032 seconds
Computing Block 239 out of 445
Processing Block size=18
begin cleaner{left: ("[FunctionalDependency:(s: {flight}, t: {sched_arr_time})]", 0.0), operator: *, right: (1.0, 1.0), result: 0.0}
列 'p' 不存在，对列 sched_arr_time 不过滤，直接选择所有非无效值。
clean_bool length:2
newest best op: Uniop(df,'sched_arr_time','07:30 AM',(['flight'], {('AA-3842-MSP-ORD',)}),{left: ("[FunctionalDependency:(s: {flight}, t: {sched_arr_time})]", 0.0), operator: *, right: (1.0, 1.0), result: 0.0})
now error: 0.0
Block processing time: 0.026595 seconds
Computing Block 244 out of 445
Processing Block size=21
begin cleaner{left: ("[FunctionalDependency:(s: {flight}, t: {sched_arr_time})]", 0.0), operator: *, right: (1.0, 1.0), result: 0.0}
列 'p' 不存在，对列 sched_arr_time 不过滤，直接选择所有非无效值。
clean_bool length:3
newest best op: Uniop(df,'sched_arr_time','01:05 AM',(['flight'], {('AA-2957-DFW-CVG',)}),{left: ("[FunctionalDependency:(s: {flight}, t: {sched_arr_time})]", 0.0), operator: *, right: (1.0, 1.0), result: 0.0})
now error: 0.0
newest best op: Uniop(df,'sched_arr_time','11:05 AM',(['flight'], {('AA-2957-DFW-CVG',)}),{left: ("[FunctionalDependency:(s: {flight}, t: {sched_arr_time})]", 0.0), operator: *, right: (1.0, 1.0), result: 0.0})
now error: 0.0
Block processing time: 0.045108 seconds
Computing Block 247 out of 445
Processing Block size=24
begin cleaner{left: ("[FunctionalDependency:(s: {flight}, t: {sched_arr_time})]", 0.0), operator: *, right: (1.0, 1.0), result: 0.0}
列 'p' 不存在，对列 sched_arr_time 不过滤，直接选择所有非无效值。
Block processing time: 0.017039 seconds
Computing Block 254 out of 445
Processing Block size=18
begin cleaner{left: ("[FunctionalDependency:(s: {flight}, t: {sched_arr_time})]", 0.0), operator: *, right: (1.0, 1.0), result: 0.0}
列 'p' 不存在，对列 sched_arr_time 不过滤，直接选择所有非无效值。
clean_bool length:2
newest best op: Uniop(df,'sched_arr_time','01:16 PM',(['flight'], {('CO-1090-BOS-IAH',)}),{left: ("[FunctionalDependency:(s: {flight}, t: {sched_arr_time})]", 0.0), operator: *, right: (1.0, 1.0), result: 0.0})
now error: 0.0
Block processing time: 0.025364 seconds
Computing Block 257 out of 445
Processing Block size=17
begin cleaner{left: ("[FunctionalDependency:(s: {flight}, t: {sched_arr_time})]", 0.0), operator: *, right: (1.0, 1.0), result: 0.0}
列 'p' 不存在，对列 sched_arr_time 不过滤，直接选择所有非无效值。
clean_bool length:2
newest best op: Uniop(df,'sched_arr_time','02:50 PM',(['flight'], {('CO-58-DEN-IAH',)}),{left: ("[FunctionalDependency:(s: {flight}, t: {sched_arr_time})]", 0.0), operator: *, right: (1.0, 1.0), result: 0.0})
now error: 0.0
Block processing time: 0.023835 seconds
Computing Block 261 out of 445
Processing Block size=13
begin cleaner{left: ("[FunctionalDependency:(s: {flight}, t: {sched_arr_time})]", 0.0), operator: *, right: (1.0, 1.0), result: 0.0}
列 'p' 不存在，对列 sched_arr_time 不过滤，直接选择所有非无效值。
clean_bool length:2
newest best op: Uniop(df,'sched_arr_time','04:49 PM',(['flight'], {('CO-50-CLE-EWR',)}),{left: ("[FunctionalDependency:(s: {flight}, t: {sched_arr_time})]", 0.0), operator: *, right: (1.0, 1.0), result: 0.0})
now error: 0.0
Block processing time: 0.018519 seconds
Computing Block 263 out of 445
Processing Block size=18
begin cleaner{left: ("[FunctionalDependency:(s: {flight}, t: {sched_arr_time})]", 0.0), operator: *, right: (1.0, 1.0), result: 0.0}
列 'p' 不存在，对列 sched_arr_time 不过滤，直接选择所有非无效值。
clean_bool length:2
newest best op: Uniop(df,'sched_arr_time','09:43 AM',(['flight'], {('UA-6273-YYC-SFO',)}),{left: ("[FunctionalDependency:(s: {flight}, t: {sched_arr_time})]", 0.0), operator: *, right: (1.0, 1.0), result: 0.0})
now error: 0.0
Block processing time: 0.025341 seconds
Computing Block 281 out of 445
Processing Block size=21
begin cleaner{left: ("[FunctionalDependency:(s: {flight}, t: {sched_arr_time})]", 0.0), operator: *, right: (1.0, 1.0), result: 0.0}
列 'p' 不存在，对列 sched_arr_time 不过滤，直接选择所有非无效值。
clean_bool length:3
newest best op: Uniop(df,'sched_arr_time','12:21 PM',(['flight'], {('CO-1694-LAX-IAH',)}),{left: ("[FunctionalDependency:(s: {flight}, t: {sched_arr_time})]", 0.0), operator: *, right: (1.0, 1.0), result: 0.0})
now error: 0.0
newest best op: Uniop(df,'sched_arr_time','12:21 AM',(['flight'], {('CO-1694-LAX-IAH',)}),{left: ("[FunctionalDependency:(s: {flight}, t: {sched_arr_time})]", 0.0), operator: *, right: (1.0, 1.0), result: 0.0})
now error: 0.0
Block processing time: 0.046596 seconds
Computing Block 285 out of 445
Processing Block size=18
begin cleaner{left: ("[FunctionalDependency:(s: {flight}, t: {sched_arr_time})]", 0.0), operator: *, right: (1.0, 1.0), result: 0.0}
列 'p' 不存在，对列 sched_arr_time 不过滤，直接选择所有非无效值。
clean_bool length:2
newest best op: Uniop(df,'sched_arr_time','10:06 AM',(['flight'], {('UA-3515-IAD-MSP',)}),{left: ("[FunctionalDependency:(s: {flight}, t: {sched_arr_time})]", 0.0), operator: *, right: (1.0, 1.0), result: 0.0})
now error: 0.0
Block processing time: 0.027123 seconds
Computing Block 297 out of 445
Processing Block size=24
begin cleaner{left: ("[FunctionalDependency:(s: {flight}, t: {sched_arr_time})]", 0.0), operator: *, right: (1.0, 1.0), result: 0.0}
列 'p' 不存在，对列 sched_arr_time 不过滤，直接选择所有非无效值。
clean_bool length:2
newest best op: Uniop(df,'sched_arr_time','07:25 PM',(['flight'], {('AA-1640-MIA-MCO',)}),{left: ("[FunctionalDependency:(s: {flight}, t: {sched_arr_time})]", 0.0), operator: *, right: (1.0, 1.0), result: 0.0})
now error: 0.0
Block processing time: 0.035948 seconds
Computing Block 298 out of 445
Processing Block size=22
begin cleaner{left: ("[FunctionalDependency:(s: {flight}, t: {sched_arr_time})]", 0.0), operator: *, right: (1.0, 1.0), result: 0.0}
列 'p' 不存在，对列 sched_arr_time 不过滤，直接选择所有非无效值。
clean_bool length:2
newest best op: Uniop(df,'sched_arr_time','03:15 PM',(['flight'], {('AA-3-JFK-LAX',)}),{left: ("[FunctionalDependency:(s: {flight}, t: {sched_arr_time})]", 0.0), operator: *, right: (1.0, 1.0), result: 0.0})
now error: 0.0
Block processing time: 0.033094 seconds
Computing Block 300 out of 445
Processing Block size=15
begin cleaner{left: ("[FunctionalDependency:(s: {flight}, t: {sched_arr_time})]", 0.0), operator: *, right: (1.0, 1.0), result: 0.0}
列 'p' 不存在，对列 sched_arr_time 不过滤，直接选择所有非无效值。
clean_bool length:2
newest best op: Uniop(df,'sched_arr_time','11:19 AM',(['flight'], {('UA-5487-SFO-MRY',)}),{left: ("[FunctionalDependency:(s: {flight}, t: {sched_arr_time})]", 0.0), operator: *, right: (1.0, 1.0), result: 0.0})
now error: 0.0
Block processing time: 0.022644 seconds
Computing Block 303 out of 445
Processing Block size=18
begin cleaner{left: ("[FunctionalDependency:(s: {flight}, t: {sched_arr_time})]", 0.0), operator: *, right: (1.0, 1.0), result: 0.0}
列 'p' 不存在，对列 sched_arr_time 不过滤，直接选择所有非无效值。
clean_bool length:2
newest best op: Uniop(df,'sched_arr_time','10:31 AM',(['flight'], {('UA-2515-DFW-CLT',)}),{left: ("[FunctionalDependency:(s: {flight}, t: {sched_arr_time})]", 0.0), operator: *, right: (1.0, 1.0), result: 0.0})
now error: 0.0
Block processing time: 0.02726 seconds
Computing Block 304 out of 445
Processing Block size=19
begin cleaner{left: ("[FunctionalDependency:(s: {flight}, t: {sched_arr_time})]", 0.0), operator: *, right: (1.0, 1.0), result: 0.0}
列 'p' 不存在，对列 sched_arr_time 不过滤，直接选择所有非无效值。
clean_bool length:2
newest best op: Uniop(df,'sched_arr_time','02:00 PM',(['flight'], {('AA-4344-ORD-DTW',)}),{left: ("[FunctionalDependency:(s: {flight}, t: {sched_arr_time})]", 0.0), operator: *, right: (1.0, 1.0), result: 0.0})
now error: 0.0
Block processing time: 0.028531 seconds
Computing Block 306 out of 445
Processing Block size=21
begin cleaner{left: ("[FunctionalDependency:(s: {flight}, t: {sched_arr_time})]", 0.0), operator: *, right: (1.0, 1.0), result: 0.0}
列 'p' 不存在，对列 sched_arr_time 不过滤，直接选择所有非无效值。
clean_bool length:2
newest best op: Uniop(df,'sched_arr_time','08:00 AM',(['flight'], {('AA-3979-CVG-ORD',)}),{left: ("[FunctionalDependency:(s: {flight}, t: {sched_arr_time})]", 0.0), operator: *, right: (1.0, 1.0), result: 0.0})
now error: 0.0
Block processing time: 0.031987 seconds
Computing Block 313 out of 445
Processing Block size=20
begin cleaner{left: ("[FunctionalDependency:(s: {flight}, t: {sched_arr_time})]", 0.0), operator: *, right: (1.0, 1.0), result: 0.0}
列 'p' 不存在，对列 sched_arr_time 不过滤，直接选择所有非无效值。
Block processing time: 0.015251 seconds
Computing Block 315 out of 445
Processing Block size=22
begin cleaner{left: ("[FunctionalDependency:(s: {flight}, t: {sched_arr_time})]", 0.0), operator: *, right: (1.0, 1.0), result: 0.0}
列 'p' 不存在，对列 sched_arr_time 不过滤，直接选择所有非无效值。
clean_bool length:2
newest best op: Uniop(df,'sched_arr_time','09:10 PM',(['flight'], {('AA-4307-ORD-DTW',)}),{left: ("[FunctionalDependency:(s: {flight}, t: {sched_arr_time})]", 0.0), operator: *, right: (1.0, 1.0), result: 0.0})
now error: 0.0
Block processing time: 0.032977 seconds
Computing Block 318 out of 445
Processing Block size=19
begin cleaner{left: ("[FunctionalDependency:(s: {flight}, t: {sched_arr_time})]", 0.0), operator: *, right: (1.0, 1.0), result: 0.0}
列 'p' 不存在，对列 sched_arr_time 不过滤，直接选择所有非无效值。
clean_bool length:2
newest best op: Uniop(df,'sched_arr_time','06:46 PM',(['flight'], {('UA-2726-FLL-PHL',)}),{left: ("[FunctionalDependency:(s: {flight}, t: {sched_arr_time})]", 0.0), operator: *, right: (1.0, 1.0), result: 0.0})
now error: 0.0
Block processing time: 0.028475 seconds
Computing Block 320 out of 445
Processing Block size=18
begin cleaner{left: ("[FunctionalDependency:(s: {flight}, t: {sched_arr_time})]", 0.0), operator: *, right: (1.0, 1.0), result: 0.0}
列 'p' 不存在，对列 sched_arr_time 不过滤，直接选择所有非无效值。
clean_bool length:2
newest best op: Uniop(df,'sched_arr_time','05:25 PM',(['flight'], {('AA-1544-SAN-ORD',)}),{left: ("[FunctionalDependency:(s: {flight}, t: {sched_arr_time})]", 0.0), operator: *, right: (1.0, 1.0), result: 0.0})
now error: 0.0
Block processing time: 0.027006 seconds
Computing Block 321 out of 445
Processing Block size=23
begin cleaner{left: ("[FunctionalDependency:(s: {flight}, t: {sched_arr_time})]", 0.0), operator: *, right: (1.0, 1.0), result: 0.0}
列 'p' 不存在，对列 sched_arr_time 不过滤，直接选择所有非无效值。
clean_bool length:2
newest best op: Uniop(df,'sched_arr_time','02:35 PM',(['flight'], {('AA-789-ORD-DEN',)}),{left: ("[FunctionalDependency:(s: {flight}, t: {sched_arr_time})]", 0.0), operator: *, right: (1.0, 1.0), result: 0.0})
now error: 0.0
Block processing time: 0.034396 seconds
Computing Block 330 out of 445
Processing Block size=20
begin cleaner{left: ("[FunctionalDependency:(s: {flight}, t: {sched_arr_time})]", 0.0), operator: *, right: (1.0, 1.0), result: 0.0}
列 'p' 不存在，对列 sched_arr_time 不过滤，直接选择所有非无效值。
clean_bool length:2
newest best op: Uniop(df,'sched_arr_time','09:20 AM',(['flight'], {('AA-466-IAH-MIA',)}),{left: ("[FunctionalDependency:(s: {flight}, t: {sched_arr_time})]", 0.0), operator: *, right: (1.0, 1.0), result: 0.0})
now error: 0.0
Block processing time: 0.030017 seconds
Computing Block 333 out of 445
Processing Block size=16
begin cleaner{left: ("[FunctionalDependency:(s: {flight}, t: {sched_arr_time})]", 0.0), operator: *, right: (1.0, 1.0), result: 0.0}
列 'p' 不存在，对列 sched_arr_time 不过滤，直接选择所有非无效值。
clean_bool length:2
newest best op: Uniop(df,'sched_arr_time','05:15 PM',(['flight'], {('UA-248-PHX-ORD',)}),{left: ("[FunctionalDependency:(s: {flight}, t: {sched_arr_time})]", 0.0), operator: *, right: (1.0, 1.0), result: 0.0})
now error: 0.0
Block processing time: 0.022421 seconds
Computing Block 335 out of 445
Processing Block size=18
begin cleaner{left: ("[FunctionalDependency:(s: {flight}, t: {sched_arr_time})]", 0.0), operator: *, right: (1.0, 1.0), result: 0.0}
列 'p' 不存在，对列 sched_arr_time 不过滤，直接选择所有非无效值。
clean_bool length:2
newest best op: Uniop(df,'sched_arr_time','04:48 PM',(['flight'], {('CO-1250-MIA-IAH',)}),{left: ("[FunctionalDependency:(s: {flight}, t: {sched_arr_time})]", 0.0), operator: *, right: (1.0, 1.0), result: 0.0})
now error: 0.0
Block processing time: 0.025101 seconds
Computing Block 341 out of 445
Processing Block size=16
begin cleaner{left: ("[FunctionalDependency:(s: {flight}, t: {sched_arr_time})]", 0.0), operator: *, right: (1.0, 1.0), result: 0.0}
列 'p' 不存在，对列 sched_arr_time 不过滤，直接选择所有非无效值。
Block processing time: 0.011336 seconds
Computing Block 346 out of 445
Processing Block size=21
begin cleaner{left: ("[FunctionalDependency:(s: {flight}, t: {sched_arr_time})]", 0.0), operator: *, right: (1.0, 1.0), result: 0.0}
列 'p' 不存在，对列 sched_arr_time 不过滤，直接选择所有非无效值。
clean_bool length:2
newest best op: Uniop(df,'sched_arr_time','05:35 AM',(['flight'], {('CO-1614-LAX-IAH',)}),{left: ("[FunctionalDependency:(s: {flight}, t: {sched_arr_time})]", 0.0), operator: *, right: (1.0, 1.0), result: 0.0})
now error: 0.0
Block processing time: 0.029132 seconds
Computing Block 350 out of 445
Processing Block size=22
begin cleaner{left: ("[FunctionalDependency:(s: {flight}, t: {sched_arr_time})]", 0.0), operator: *, right: (1.0, 1.0), result: 0.0}
列 'p' 不存在，对列 sched_arr_time 不过滤，直接选择所有非无效值。
clean_bool length:3
newest best op: Uniop(df,'sched_arr_time','12:29 PM',(['flight'], {('UA-233-LAX-JFK',)}),{left: ("[FunctionalDependency:(s: {flight}, t: {sched_arr_time})]", 0.0), operator: *, right: (1.0, 1.0), result: 0.0})
now error: 0.0
newest best op: Uniop(df,'sched_arr_time','12:29 AM',(['flight'], {('UA-233-LAX-JFK',)}),{left: ("[FunctionalDependency:(s: {flight}, t: {sched_arr_time})]", 0.0), operator: *, right: (1.0, 1.0), result: 0.0})
now error: 0.0
Block processing time: 0.046576 seconds
Computing Block 359 out of 445
Processing Block size=16
begin cleaner{left: ("[FunctionalDependency:(s: {flight}, t: {sched_arr_time})]", 0.0), operator: *, right: (1.0, 1.0), result: 0.0}
列 'p' 不存在，对列 sched_arr_time 不过滤，直接选择所有非无效值。
clean_bool length:2
newest best op: Uniop(df,'sched_arr_time','08:05 PM',(['flight'], {('AA-1007-MIA-PHX',)}),{left: ("[FunctionalDependency:(s: {flight}, t: {sched_arr_time})]", 0.0), operator: *, right: (1.0, 1.0), result: 0.0})
now error: 0.0
Block processing time: 0.022611 seconds
Computing Block 373 out of 445
Processing Block size=18
begin cleaner{left: ("[FunctionalDependency:(s: {flight}, t: {sched_arr_time})]", 0.0), operator: *, right: (1.0, 1.0), result: 0.0}
列 'p' 不存在，对列 sched_arr_time 不过滤，直接选择所有非无效值。
clean_bool length:2
newest best op: Uniop(df,'sched_arr_time','12:10 PM',(['flight'], {('AA-1664-MIA-ATL',)}),{left: ("[FunctionalDependency:(s: {flight}, t: {sched_arr_time})]", 0.0), operator: *, right: (1.0, 1.0), result: 0.0})
now error: 0.0
Block processing time: 0.025198 seconds
Computing Block 376 out of 445
Processing Block size=18
begin cleaner{left: ("[FunctionalDependency:(s: {flight}, t: {sched_arr_time})]", 0.0), operator: *, right: (1.0, 1.0), result: 0.0}
列 'p' 不存在，对列 sched_arr_time 不过滤，直接选择所有非无效值。
clean_bool length:2
newest best op: Uniop(df,'sched_arr_time','09:35 AM',(['flight'], {('AA-643-MIA-ORD',)}),{left: ("[FunctionalDependency:(s: {flight}, t: {sched_arr_time})]", 0.0), operator: *, right: (1.0, 1.0), result: 0.0})
now error: 0.0
Block processing time: 0.02503 seconds
Computing Block 379 out of 445
Processing Block size=18
begin cleaner{left: ("[FunctionalDependency:(s: {flight}, t: {sched_arr_time})]", 0.0), operator: *, right: (1.0, 1.0), result: 0.0}
列 'p' 不存在，对列 sched_arr_time 不过滤，直接选择所有非无效值。
clean_bool length:3
newest best op: Uniop(df,'sched_arr_time','11:55 AM',(['flight'], {('UA-397-JFK-SFO',)}),{left: ("[FunctionalDependency:(s: {flight}, t: {sched_arr_time})]", 0.0), operator: *, right: (1.0, 1.0), result: 0.0})
now error: 0.0
Block processing time: 0.038031 seconds
Computing Block 382 out of 445
Processing Block size=24
begin cleaner{left: ("[FunctionalDependency:(s: {flight}, t: {sched_arr_time})]", 0.0), operator: *, right: (1.0, 1.0), result: 0.0}
列 'p' 不存在，对列 sched_arr_time 不过滤，直接选择所有非无效值。
Block processing time: 0.016894 seconds
Computing Block 398 out of 445
Processing Block size=24
begin cleaner{left: ("[FunctionalDependency:(s: {flight}, t: {sched_arr_time})]", 0.0), operator: *, right: (1.0, 1.0), result: 0.0}
列 'p' 不存在，对列 sched_arr_time 不过滤，直接选择所有非无效值。
clean_bool length:2
newest best op: Uniop(df,'sched_arr_time','12:18 PM',(['flight'], {('CO-1193-EWR-MCO',)}),{left: ("[FunctionalDependency:(s: {flight}, t: {sched_arr_time})]", 0.0), operator: *, right: (1.0, 1.0), result: 0.0})
now error: 0.0
Block processing time: 0.03313 seconds
Computing Block 399 out of 445
Processing Block size=18
begin cleaner{left: ("[FunctionalDependency:(s: {flight}, t: {sched_arr_time})]", 0.0), operator: *, right: (1.0, 1.0), result: 0.0}
列 'p' 不存在，对列 sched_arr_time 不过滤，直接选择所有非无效值。
Block processing time: 0.013323 seconds
Computing Block 404 out of 445
Processing Block size=16
begin cleaner{left: ("[FunctionalDependency:(s: {flight}, t: {sched_arr_time})]", 0.0), operator: *, right: (1.0, 1.0), result: 0.0}
列 'p' 不存在，对列 sched_arr_time 不过滤，直接选择所有非无效值。
clean_bool length:2
newest best op: Uniop(df,'sched_arr_time','01:17 PM',(['flight'], {('CO-1023-IAH-DEN',)}),{left: ("[FunctionalDependency:(s: {flight}, t: {sched_arr_time})]", 0.0), operator: *, right: (1.0, 1.0), result: 0.0})
now error: 0.0
Block processing time: 0.023479 seconds
Computing Block 408 out of 445
Processing Block size=23
begin cleaner{left: ("[FunctionalDependency:(s: {flight}, t: {sched_arr_time})]", 0.0), operator: *, right: (1.0, 1.0), result: 0.0}
列 'p' 不存在，对列 sched_arr_time 不过滤，直接选择所有非无效值。
clean_bool length:2
newest best op: Uniop(df,'sched_arr_time','11:50 AM',(['flight'], {('AA-431-MIA-SFO',)}),{left: ("[FunctionalDependency:(s: {flight}, t: {sched_arr_time})]", 0.0), operator: *, right: (1.0, 1.0), result: 0.0})
now error: 0.0
Block processing time: 0.032938 seconds
Computing Block 412 out of 445
Processing Block size=18
begin cleaner{left: ("[FunctionalDependency:(s: {flight}, t: {sched_arr_time})]", 0.0), operator: *, right: (1.0, 1.0), result: 0.0}
列 'p' 不存在，对列 sched_arr_time 不过滤，直接选择所有非无效值。
clean_bool length:2
newest best op: Uniop(df,'sched_arr_time','07:03 PM',(['flight'], {('CO-62-IAH-EWR',)}),{left: ("[FunctionalDependency:(s: {flight}, t: {sched_arr_time})]", 0.0), operator: *, right: (1.0, 1.0), result: 0.0})
now error: 0.0
Block processing time: 0.02535 seconds
Computing Block 413 out of 445
Processing Block size=22
begin cleaner{left: ("[FunctionalDependency:(s: {flight}, t: {sched_arr_time})]", 0.0), operator: *, right: (1.0, 1.0), result: 0.0}
列 'p' 不存在，对列 sched_arr_time 不过滤，直接选择所有非无效值。
clean_bool length:2
WARNING:root:No partitioning rule specified, processing might be slow
newest best op: Uniop(df,'sched_arr_time','06:15 PM',(['flight'], {('UA-257-JFK-SFO',)}),{left: ("[FunctionalDependency:(s: {flight}, t: {sched_arr_time})]", 0.0), operator: *, right: (1.0, 1.0), result: 0.0})
now error: 0.0
Block processing time: 0.030672 seconds
Computing Block 419 out of 445
Processing Block size=20
begin cleaner{left: ("[FunctionalDependency:(s: {flight}, t: {sched_arr_time})]", 0.0), operator: *, right: (1.0, 1.0), result: 0.0}
列 'p' 不存在，对列 sched_arr_time 不过滤，直接选择所有非无效值。
clean_bool length:2
newest best op: Uniop(df,'sched_arr_time','02:25 PM',(['flight'], {('AA-271-MIA-LAX',)}),{left: ("[FunctionalDependency:(s: {flight}, t: {sched_arr_time})]", 0.0), operator: *, right: (1.0, 1.0), result: 0.0})
now error: 0.0
Block processing time: 0.028792 seconds
Computing Block 420 out of 445
Processing Block size=17
begin cleaner{left: ("[FunctionalDependency:(s: {flight}, t: {sched_arr_time})]", 0.0), operator: *, right: (1.0, 1.0), result: 0.0}
列 'p' 不存在，对列 sched_arr_time 不过滤，直接选择所有非无效值。
clean_bool length:2
newest best op: Uniop(df,'sched_arr_time','08:56 PM',(['flight'], {('CO-47-IAH-LAX',)}),{left: ("[FunctionalDependency:(s: {flight}, t: {sched_arr_time})]", 0.0), operator: *, right: (1.0, 1.0), result: 0.0})
now error: 0.0
Block processing time: 0.024932 seconds
Computing Block 434 out of 445
Processing Block size=13
begin cleaner{left: ("[FunctionalDependency:(s: {flight}, t: {sched_arr_time})]", 0.0), operator: *, right: (1.0, 1.0), result: 0.0}
列 'p' 不存在，对列 sched_arr_time 不过滤，直接选择所有非无效值。
clean_bool length:3
newest best op: Uniop(df,'sched_arr_time','10:54 AM',(['flight'], {('CO-1088-CLE-IAH',)}),{left: ("[FunctionalDependency:(s: {flight}, t: {sched_arr_time})]", 0.0), operator: *, right: (1.0, 1.0), result: 0.0})
now error: 0.0
Block processing time: 0.029005 seconds
Computing Block 439 out of 445
Processing Block size=16
begin cleaner{left: ("[FunctionalDependency:(s: {flight}, t: {sched_arr_time})]", 0.0), operator: *, right: (1.0, 1.0), result: 0.0}
列 'p' 不存在，对列 sched_arr_time 不过滤，直接选择所有非无效值。
clean_bool length:3
newest best op: Uniop(df,'sched_arr_time','10:20 AM',(['flight'], {('CO-89-IAH-EWR',)}),{left: ("[FunctionalDependency:(s: {flight}, t: {sched_arr_time})]", 0.0), operator: *, right: (1.0, 1.0), result: 0.0})
now error: 0.0
Block processing time: 0.036979 seconds
Computing Block 440 out of 445
Processing Block size=19
begin cleaner{left: ("[FunctionalDependency:(s: {flight}, t: {sched_arr_time})]", 0.0), operator: *, right: (1.0, 1.0), result: 0.0}
列 'p' 不存在，对列 sched_arr_time 不过滤，直接选择所有非无效值。
clean_bool length:2
newest best op: Uniop(df,'sched_arr_time','02:15 PM',(['flight'], {('AA-4277-CVG-JFK',)}),{left: ("[FunctionalDependency:(s: {flight}, t: {sched_arr_time})]", 0.0), operator: *, right: (1.0, 1.0), result: 0.0})
now error: 0.0
Block processing time: 0.029524 seconds
  当前节点: sched_arr_time 有 91 个清洗操作
  当前节点: act_arr_time 存在可用清洗信号
数据块大小: 2376
分块属性:
[['flight']]
Starting initial block mapping...
Initial number of blocks: 445
Final number of blocks after further splitting: 445
Computing Block 2 out of 445
Processing Block size=16
begin cleaner[FunctionalDependency:(s: {'flight'}, t: {'act_arr_time'})]*1.0
列 'p' 不存在，对列 act_arr_time 不过滤，直接选择所有非无效值。
clean_bool length:2
newest best op: Uniop(df,'act_arr_time','12:09 PM',(['flight'], {('UA-37-EDI-EWR',)}),{left: ("[FunctionalDependency:(s: {flight}, t: {act_arr_time})]", 0.0), operator: *, right: (1.0, 1.0), result: 0.0})
now error: 0.0
Block processing time: 0.023436 seconds
Computing Block 3 out of 445
Processing Block size=20
begin cleaner{left: ("[FunctionalDependency:(s: {flight}, t: {act_arr_time})]", 0.0), operator: *, right: (1.0, 1.0), result: 0.0}
列 'p' 不存在，对列 act_arr_time 不过滤，直接选择所有非无效值。
clean_bool length:3
newest best op: Uniop(df,'act_arr_time','11:12 AM',(['flight'], {('AA-59-JFK-SFO',)}),{left: ("[FunctionalDependency:(s: {flight}, t: {act_arr_time})]", 0.0), operator: *, right: (1.0, 1.0), result: 0.0})
now error: 0.0
Block processing time: 0.043698 seconds
Computing Block 5 out of 445
Processing Block size=17
begin cleaner{left: ("[FunctionalDependency:(s: {flight}, t: {act_arr_time})]", 0.0), operator: *, right: (1.0, 1.0), result: 0.0}
列 'p' 不存在，对列 act_arr_time 不过滤，直接选择所有非无效值。
clean_bool length:3
newest best op: Uniop(df,'act_arr_time','10:29 PM',(['flight'], {('CO-1586-IAH-MCO',)}),{left: ("[FunctionalDependency:(s: {flight}, t: {act_arr_time})]", 0.0), operator: *, right: (1.0, 1.0), result: 0.0})
now error: 0.0
Block processing time: 0.037007 seconds
Computing Block 9 out of 445
Processing Block size=24
begin cleaner{left: ("[FunctionalDependency:(s: {flight}, t: {act_arr_time})]", 0.0), operator: *, right: (1.0, 1.0), result: 0.0}
列 'p' 不存在，对列 act_arr_time 不过滤，直接选择所有非无效值。
clean_bool length:2
newest best op: Uniop(df,'act_arr_time','06:19 AM',(['flight'], {('AA-3809-PHX-LAX',)}),{left: ("[FunctionalDependency:(s: {flight}, t: {act_arr_time})]", 0.0), operator: *, right: (1.0, 1.0), result: 0.0})
now error: 0.0
Block processing time: 0.035123 seconds
Computing Block 10 out of 445
Processing Block size=21
begin cleaner{left: ("[FunctionalDependency:(s: {flight}, t: {act_arr_time})]", 0.0), operator: *, right: (1.0, 1.0), result: 0.0}
列 'p' 不存在，对列 act_arr_time 不过滤，直接选择所有非无效值。
clean_bool length:2
newest best op: Uniop(df,'act_arr_time','03:33 PM',(['flight'], {('AA-4330-CVG-ORD',)}),{left: ("[FunctionalDependency:(s: {flight}, t: {act_arr_time})]", 0.0), operator: *, right: (1.0, 1.0), result: 0.0})
now error: 0.0
Block processing time: 0.031897 seconds
Computing Block 11 out of 445
Processing Block size=16
begin cleaner{left: ("[FunctionalDependency:(s: {flight}, t: {act_arr_time})]", 0.0), operator: *, right: (1.0, 1.0), result: 0.0}
列 'p' 不存在，对列 act_arr_time 不过滤，直接选择所有非无效值。
clean_bool length:2
newest best op: Uniop(df,'act_arr_time','03:04 PM',(['flight'], {('AA-400-DFW-JFK',)}),{left: ("[FunctionalDependency:(s: {flight}, t: {act_arr_time})]", 0.0), operator: *, right: (1.0, 1.0), result: 0.0})
now error: 0.0
Block processing time: 0.023217 seconds
Computing Block 12 out of 445
Processing Block size=21
begin cleaner{left: ("[FunctionalDependency:(s: {flight}, t: {act_arr_time})]", 0.0), operator: *, right: (1.0, 1.0), result: 0.0}
列 'p' 不存在，对列 act_arr_time 不过滤，直接选择所有非无效值。
clean_bool length:2
newest best op: Uniop(df,'act_arr_time','11:06 AM',(['flight'], {('AA-2268-PHX-ORD',)}),{left: ("[FunctionalDependency:(s: {flight}, t: {act_arr_time})]", 0.0), operator: *, right: (1.0, 1.0), result: 0.0})
now error: 0.0
Block processing time: 0.029935 seconds
Computing Block 29 out of 445
Processing Block size=18
begin cleaner{left: ("[FunctionalDependency:(s: {flight}, t: {act_arr_time})]", 0.0), operator: *, right: (1.0, 1.0), result: 0.0}
列 'p' 不存在，对列 act_arr_time 不过滤，直接选择所有非无效值。
clean_bool length:2
newest best op: Uniop(df,'act_arr_time','06:38 PM',(['flight'], {('UA-2906-PHL-MCO',)}),{left: ("[FunctionalDependency:(s: {flight}, t: {act_arr_time})]", 0.0), operator: *, right: (1.0, 1.0), result: 0.0})
now error: 0.0
Block processing time: 0.025903 seconds
Computing Block 33 out of 445
Processing Block size=18
begin cleaner{left: ("[FunctionalDependency:(s: {flight}, t: {act_arr_time})]", 0.0), operator: *, right: (1.0, 1.0), result: 0.0}
列 'p' 不存在，对列 act_arr_time 不过滤，直接选择所有非无效值。
clean_bool length:2
newest best op: Uniop(df,'act_arr_time','04:44 PM',(['flight'], {('UA-2708-EWR-CLT',)}),{left: ("[FunctionalDependency:(s: {flight}, t: {act_arr_time})]", 0.0), operator: *, right: (1.0, 1.0), result: 0.0})
now error: 0.0
Block processing time: 0.02612 seconds
Computing Block 36 out of 445
Processing Block size=22
begin cleaner{left: ("[FunctionalDependency:(s: {flight}, t: {act_arr_time})]", 0.0), operator: *, right: (1.0, 1.0), result: 0.0}
列 'p' 不存在，对列 act_arr_time 不过滤，直接选择所有非无效值。
clean_bool length:2
newest best op: Uniop(df,'act_arr_time','06:15 PM',(['flight'], {('AA-3786-IAH-ORD',)}),{left: ("[FunctionalDependency:(s: {flight}, t: {act_arr_time})]", 0.0), operator: *, right: (1.0, 1.0), result: 0.0})
now error: 0.0
Block processing time: 0.031337 seconds
Computing Block 39 out of 445
Processing Block size=22
begin cleaner{left: ("[FunctionalDependency:(s: {flight}, t: {act_arr_time})]", 0.0), operator: *, right: (1.0, 1.0), result: 0.0}
列 'p' 不存在，对列 act_arr_time 不过滤，直接选择所有非无效值。
clean_bool length:3
newest best op: Uniop(df,'act_arr_time','12:15 AM',(['flight'], {('AA-3823-LAX-DEN',)}),{left: ("[FunctionalDependency:(s: {flight}, t: {act_arr_time})]", 0.0), operator: *, right: (1.0, 1.0), result: 0.0})
now error: 0.0
Block processing time: 0.047598 seconds
Computing Block 43 out of 445
Processing Block size=18
begin cleaner{left: ("[FunctionalDependency:(s: {flight}, t: {act_arr_time})]", 0.0), operator: *, right: (1.0, 1.0), result: 0.0}
列 'p' 不存在，对列 act_arr_time 不过滤，直接选择所有非无效值。
clean_bool length:2
newest best op: Uniop(df,'act_arr_time','03:50 PM',(['flight'], {('AA-649-ORD-SNA',)}),{left: ("[FunctionalDependency:(s: {flight}, t: {act_arr_time})]", 0.0), operator: *, right: (1.0, 1.0), result: 0.0})
now error: 0.0
Block processing time: 0.026009 seconds
Computing Block 48 out of 445
Processing Block size=20
begin cleaner{left: ("[FunctionalDependency:(s: {flight}, t: {act_arr_time})]", 0.0), operator: *, right: (1.0, 1.0), result: 0.0}
列 'p' 不存在，对列 act_arr_time 不过滤，直接选择所有非无效值。
clean_bool length:2
newest best op: Uniop(df,'act_arr_time','10:04 AM',(['flight'], {('AA-1165-JFK-MIA',)}),{left: ("[FunctionalDependency:(s: {flight}, t: {act_arr_time})]", 0.0), operator: *, right: (1.0, 1.0), result: 0.0})
now error: 0.0
Block processing time: 0.029026 seconds
Computing Block 50 out of 445
Processing Block size=21
begin cleaner{left: ("[FunctionalDependency:(s: {flight}, t: {act_arr_time})]", 0.0), operator: *, right: (1.0, 1.0), result: 0.0}
列 'p' 不存在，对列 act_arr_time 不过滤，直接选择所有非无效值。
clean_bool length:2
newest best op: Uniop(df,'act_arr_time','01:15 PM',(['flight'], {('UA-2945-PHL-CLT',)}),{left: ("[FunctionalDependency:(s: {flight}, t: {act_arr_time})]", 0.0), operator: *, right: (1.0, 1.0), result: 0.0})
now error: 0.0
Block processing time: 0.030324 seconds
Computing Block 53 out of 445
Processing Block size=18
begin cleaner{left: ("[FunctionalDependency:(s: {flight}, t: {act_arr_time})]", 0.0), operator: *, right: (1.0, 1.0), result: 0.0}
列 'p' 不存在，对列 act_arr_time 不过滤，直接选择所有非无效值。
clean_bool length:2
newest best op: Uniop(df,'act_arr_time','08:03 PM',(['flight'], {('CO-63-EWR-IAH',)}),{left: ("[FunctionalDependency:(s: {flight}, t: {act_arr_time})]", 0.0), operator: *, right: (1.0, 1.0), result: 0.0})
now error: 0.0
Block processing time: 0.026993 seconds
Computing Block 55 out of 445
Processing Block size=22
begin cleaner{left: ("[FunctionalDependency:(s: {flight}, t: {act_arr_time})]", 0.0), operator: *, right: (1.0, 1.0), result: 0.0}
列 'p' 不存在，对列 act_arr_time 不过滤，直接选择所有非无效值。
clean_bool length:2
newest best op: Uniop(df,'act_arr_time','04:09 PM',(['flight'], {('AA-446-DFW-PHL',)}),{left: ("[FunctionalDependency:(s: {flight}, t: {act_arr_time})]", 0.0), operator: *, right: (1.0, 1.0), result: 0.0})
now error: 0.0
Block processing time: 0.031861 seconds
Computing Block 56 out of 445
Processing Block size=18
begin cleaner{left: ("[FunctionalDependency:(s: {flight}, t: {act_arr_time})]", 0.0), operator: *, right: (1.0, 1.0), result: 0.0}
列 'p' 不存在，对列 act_arr_time 不过滤，直接选择所有非无效值。
Block processing time: 0.01318 seconds
Computing Block 60 out of 445
Processing Block size=19
begin cleaner{left: ("[FunctionalDependency:(s: {flight}, t: {act_arr_time})]", 0.0), operator: *, right: (1.0, 1.0), result: 0.0}
列 'p' 不存在，对列 act_arr_time 不过滤，直接选择所有非无效值。
Block processing time: 0.014191 seconds
Computing Block 67 out of 445
Processing Block size=22
begin cleaner{left: ("[FunctionalDependency:(s: {flight}, t: {act_arr_time})]", 0.0), operator: *, right: (1.0, 1.0), result: 0.0}
列 'p' 不存在，对列 act_arr_time 不过滤，直接选择所有非无效值。
clean_bool length:2
newest best op: Uniop(df,'act_arr_time','03:43 PM',(['flight'], {('AA-3804-PHL-ORD',)}),{left: ("[FunctionalDependency:(s: {flight}, t: {act_arr_time})]", 0.0), operator: *, right: (1.0, 1.0), result: 0.0})
now error: 0.0
Block processing time: 0.032007 seconds
Computing Block 71 out of 445
Processing Block size=22
begin cleaner{left: ("[FunctionalDependency:(s: {flight}, t: {act_arr_time})]", 0.0), operator: *, right: (1.0, 1.0), result: 0.0}
列 'p' 不存在，对列 act_arr_time 不过滤，直接选择所有非无效值。
clean_bool length:2
newest best op: Uniop(df,'act_arr_time','01:27 PM',(['flight'], {('AA-616-DFW-DTW',)}),{left: ("[FunctionalDependency:(s: {flight}, t: {act_arr_time})]", 0.0), operator: *, right: (1.0, 1.0), result: 0.0})
now error: 0.0
Block processing time: 0.031698 seconds
Computing Block 80 out of 445
Processing Block size=22
begin cleaner{left: ("[FunctionalDependency:(s: {flight}, t: {act_arr_time})]", 0.0), operator: *, right: (1.0, 1.0), result: 0.0}
列 'p' 不存在，对列 act_arr_time 不过滤，直接选择所有非无效值。
clean_bool length:2
newest best op: Uniop(df,'act_arr_time','06:43 PM',(['flight'], {('AA-85-JFK-SFO',)}),{left: ("[FunctionalDependency:(s: {flight}, t: {act_arr_time})]", 0.0), operator: *, right: (1.0, 1.0), result: 0.0})
now error: 0.0
Block processing time: 0.031394 seconds
Computing Block 81 out of 445
Processing Block size=22
begin cleaner{left: ("[FunctionalDependency:(s: {flight}, t: {act_arr_time})]", 0.0), operator: *, right: (1.0, 1.0), result: 0.0}
列 'p' 不存在，对列 act_arr_time 不过滤，直接选择所有非无效值。
clean_bool length:2
newest best op: Uniop(df,'act_arr_time','09:43 AM',(['flight'], {('UA-3925-IAD-ORF',)}),{left: ("[FunctionalDependency:(s: {flight}, t: {act_arr_time})]", 0.0), operator: *, right: (1.0, 1.0), result: 0.0})
now error: 0.0
Block processing time: 0.031359 seconds
Computing Block 85 out of 445
Processing Block size=19
begin cleaner{left: ("[FunctionalDependency:(s: {flight}, t: {act_arr_time})]", 0.0), operator: *, right: (1.0, 1.0), result: 0.0}
列 'p' 不存在，对列 act_arr_time 不过滤，直接选择所有非无效值。
clean_bool length:2
newest best op: Uniop(df,'act_arr_time','07:39 PM',(['flight'], {('AA-484-DFW-MIA',)}),{left: ("[FunctionalDependency:(s: {flight}, t: {act_arr_time})]", 0.0), operator: *, right: (1.0, 1.0), result: 0.0})
now error: 0.0
Block processing time: 0.027391 seconds
Computing Block 86 out of 445
Processing Block size=20
begin cleaner{left: ("[FunctionalDependency:(s: {flight}, t: {act_arr_time})]", 0.0), operator: *, right: (1.0, 1.0), result: 0.0}
列 'p' 不存在，对列 act_arr_time 不过滤，直接选择所有非无效值。
Block processing time: 0.014687 seconds
Computing Block 89 out of 445
Processing Block size=26
begin cleaner{left: ("[FunctionalDependency:(s: {flight}, t: {act_arr_time})]", 0.0), operator: *, right: (1.0, 1.0), result: 0.0}
列 'p' 不存在，对列 act_arr_time 不过滤，直接选择所有非无效值。
clean_bool length:2
newest best op: Uniop(df,'act_arr_time','02:46 PM',(['flight'], {('AA-2050-ORD-MIA',)}),{left: ("[FunctionalDependency:(s: {flight}, t: {act_arr_time})]", 0.0), operator: *, right: (1.0, 1.0), result: 0.0})
now error: 0.0
Block processing time: 0.037607 seconds
Computing Block 90 out of 445
Processing Block size=19
begin cleaner{left: ("[FunctionalDependency:(s: {flight}, t: {act_arr_time})]", 0.0), operator: *, right: (1.0, 1.0), result: 0.0}
列 'p' 不存在，对列 act_arr_time 不过滤，直接选择所有非无效值。
clean_bool length:2
newest best op: Uniop(df,'act_arr_time','10:36 AM',(['flight'], {('AA-1434-DFW-MCO',)}),{left: ("[FunctionalDependency:(s: {flight}, t: {act_arr_time})]", 0.0), operator: *, right: (1.0, 1.0), result: 0.0})
now error: 0.0
Block processing time: 0.027365 seconds
Computing Block 98 out of 445
Processing Block size=19
begin cleaner{left: ("[FunctionalDependency:(s: {flight}, t: {act_arr_time})]", 0.0), operator: *, right: (1.0, 1.0), result: 0.0}
列 'p' 不存在，对列 act_arr_time 不过滤，直接选择所有非无效值。
clean_bool length:2
newest best op: Uniop(df,'act_arr_time','01:30 PM',(['flight'], {('UA-854-SFO-IAH',)}),{left: ("[FunctionalDependency:(s: {flight}, t: {act_arr_time})]", 0.0), operator: *, right: (1.0, 1.0), result: 0.0})
now error: 0.0
Block processing time: 0.027334 seconds
Computing Block 100 out of 445
Processing Block size=22
begin cleaner{left: ("[FunctionalDependency:(s: {flight}, t: {act_arr_time})]", 0.0), operator: *, right: (1.0, 1.0), result: 0.0}
列 'p' 不存在，对列 act_arr_time 不过滤，直接选择所有非无效值。
clean_bool length:2
newest best op: Uniop(df,'act_arr_time','05:43 PM',(['flight'], {('AA-1917-JFK-MCO',)}),{left: ("[FunctionalDependency:(s: {flight}, t: {act_arr_time})]", 0.0), operator: *, right: (1.0, 1.0), result: 0.0})
now error: 0.0
Block processing time: 0.031564 seconds
Computing Block 102 out of 445
Processing Block size=19
begin cleaner{left: ("[FunctionalDependency:(s: {flight}, t: {act_arr_time})]", 0.0), operator: *, right: (1.0, 1.0), result: 0.0}
列 'p' 不存在，对列 act_arr_time 不过滤，直接选择所有非无效值。
Block processing time: 0.013764 seconds
Computing Block 103 out of 445
Processing Block size=21
begin cleaner{left: ("[FunctionalDependency:(s: {flight}, t: {act_arr_time})]", 0.0), operator: *, right: (1.0, 1.0), result: 0.0}
列 'p' 不存在，对列 act_arr_time 不过滤，直接选择所有非无效值。
clean_bool length:2
newest best op: Uniop(df,'act_arr_time','06:36 PM',(['flight'], {('CO-45-EWR-MIA',)}),{left: ("[FunctionalDependency:(s: {flight}, t: {act_arr_time})]", 0.0), operator: *, right: (1.0, 1.0), result: 0.0})
now error: 0.0
Block processing time: 0.030118 seconds
Computing Block 105 out of 445
Processing Block size=23
begin cleaner{left: ("[FunctionalDependency:(s: {flight}, t: {act_arr_time})]", 0.0), operator: *, right: (1.0, 1.0), result: 0.0}
列 'p' 不存在，对列 act_arr_time 不过滤，直接选择所有非无效值。
clean_bool length:2
newest best op: Uniop(df,'act_arr_time','11:50 PM',(['flight'], {('AA-2312-DFW-DTW',)}),{left: ("[FunctionalDependency:(s: {flight}, t: {act_arr_time})]", 0.0), operator: *, right: (1.0, 1.0), result: 0.0})
now error: 0.0
Block processing time: 0.032688 seconds
Computing Block 106 out of 445
Processing Block size=19
begin cleaner{left: ("[FunctionalDependency:(s: {flight}, t: {act_arr_time})]", 0.0), operator: *, right: (1.0, 1.0), result: 0.0}
列 'p' 不存在，对列 act_arr_time 不过滤，直接选择所有非无效值。
clean_bool length:2
newest best op: Uniop(df,'act_arr_time','04:47 PM',(['flight'], {('UA-2314-ATL-PHL',)}),{left: ("[FunctionalDependency:(s: {flight}, t: {act_arr_time})]", 0.0), operator: *, right: (1.0, 1.0), result: 0.0})
now error: 0.0
Block processing time: 0.027276 seconds
Computing Block 107 out of 445
Processing Block size=23
begin cleaner{left: ("[FunctionalDependency:(s: {flight}, t: {act_arr_time})]", 0.0), operator: *, right: (1.0, 1.0), result: 0.0}
列 'p' 不存在，对列 act_arr_time 不过滤，直接选择所有非无效值。
clean_bool length:2
newest best op: Uniop(df,'act_arr_time','09:32 AM',(['flight'], {('AA-3859-IAH-ORD',)}),{left: ("[FunctionalDependency:(s: {flight}, t: {act_arr_time})]", 0.0), operator: *, right: (1.0, 1.0), result: 0.0})
now error: 0.0
Block processing time: 0.032809 seconds
Computing Block 112 out of 445
Processing Block size=17
begin cleaner{left: ("[FunctionalDependency:(s: {flight}, t: {act_arr_time})]", 0.0), operator: *, right: (1.0, 1.0), result: 0.0}
列 'p' 不存在，对列 act_arr_time 不过滤，直接选择所有非无效值。
clean_bool length:2
newest best op: Uniop(df,'act_arr_time','07:10 PM',(['flight'], {('UA-62-IAH-EWR',)}),{left: ("[FunctionalDependency:(s: {flight}, t: {act_arr_time})]", 0.0), operator: *, right: (1.0, 1.0), result: 0.0})
now error: 0.0
Block processing time: 0.024593 seconds
Computing Block 119 out of 445
Processing Block size=14
begin cleaner{left: ("[FunctionalDependency:(s: {flight}, t: {act_arr_time})]", 0.0), operator: *, right: (1.0, 1.0), result: 0.0}
列 'p' 不存在，对列 act_arr_time 不过滤，直接选择所有非无效值。
clean_bool length:2
newest best op: Uniop(df,'act_arr_time','05:38 PM',(['flight'], {('UA-3099-PHX-PHL',)}),{left: ("[FunctionalDependency:(s: {flight}, t: {act_arr_time})]", 0.0), operator: *, right: (1.0, 1.0), result: 0.0})
now error: 0.0
Block processing time: 0.02035 seconds
Computing Block 126 out of 445
Processing Block size=10
begin cleaner{left: ("[FunctionalDependency:(s: {flight}, t: {act_arr_time})]", 0.0), operator: *, right: (1.0, 1.0), result: 0.0}
列 'p' 不存在，对列 act_arr_time 不过滤，直接选择所有非无效值。
clean_bool length:2
newest best op: Uniop(df,'act_arr_time','11:56 AM',(['flight'], {('UA-1500-IAH-GUA',)}),{left: ("[FunctionalDependency:(s: {flight}, t: {act_arr_time})]", 0.0), operator: *, right: (1.0, 1.0), result: 0.0})
now error: 0.0
Block processing time: 0.014719 seconds
Computing Block 130 out of 445
Processing Block size=13
begin cleaner{left: ("[FunctionalDependency:(s: {flight}, t: {act_arr_time})]", 0.0), operator: *, right: (1.0, 1.0), result: 0.0}
列 'p' 不存在，对列 act_arr_time 不过滤，直接选择所有非无效值。
clean_bool length:3
newest best op: Uniop(df,'act_arr_time','04:43 PM',(['flight'], {('CO-1561-PHX-IAH',)}),{left: ("[FunctionalDependency:(s: {flight}, t: {act_arr_time})]", 0.0), operator: *, right: (1.0, 1.0), result: 0.0})
now error: 0.0
newest best op: Uniop(df,'act_arr_time','11:32 AM',(['flight'], {('CO-1561-PHX-IAH',)}),{left: ("[FunctionalDependency:(s: {flight}, t: {act_arr_time})]", 0.0), operator: *, right: (1.0, 1.0), result: 0.0})
now error: 0.0
Block processing time: 0.028614 seconds
Computing Block 131 out of 445
Processing Block size=19
begin cleaner{left: ("[FunctionalDependency:(s: {flight}, t: {act_arr_time})]", 0.0), operator: *, right: (1.0, 1.0), result: 0.0}
列 'p' 不存在，对列 act_arr_time 不过滤，直接选择所有非无效值。
clean_bool length:2
newest best op: Uniop(df,'act_arr_time','02:00 PM',(['flight'], {('UA-2704-DTW-PHX',)}),{left: ("[FunctionalDependency:(s: {flight}, t: {act_arr_time})]", 0.0), operator: *, right: (1.0, 1.0), result: 0.0})
now error: 0.0
Block processing time: 0.027216 seconds
Computing Block 134 out of 445
Processing Block size=20
begin cleaner{left: ("[FunctionalDependency:(s: {flight}, t: {act_arr_time})]", 0.0), operator: *, right: (1.0, 1.0), result: 0.0}
列 'p' 不存在，对列 act_arr_time 不过滤，直接选择所有非无效值。
Block processing time: 0.014455 seconds
Computing Block 137 out of 445
Processing Block size=21
begin cleaner{left: ("[FunctionalDependency:(s: {flight}, t: {act_arr_time})]", 0.0), operator: *, right: (1.0, 1.0), result: 0.0}
列 'p' 不存在，对列 act_arr_time 不过滤，直接选择所有非无效值。
clean_bool length:2
newest best op: Uniop(df,'act_arr_time','02:50 PM',(['flight'], {('AA-3756-ORD-SLC',)}),{left: ("[FunctionalDependency:(s: {flight}, t: {act_arr_time})]", 0.0), operator: *, right: (1.0, 1.0), result: 0.0})
now error: 0.0
Block processing time: 0.030466 seconds
Computing Block 150 out of 445
Processing Block size=20
begin cleaner{left: ("[FunctionalDependency:(s: {flight}, t: {act_arr_time})]", 0.0), operator: *, right: (1.0, 1.0), result: 0.0}
列 'p' 不存在，对列 act_arr_time 不过滤，直接选择所有非无效值。
clean_bool length:2
newest best op: Uniop(df,'act_arr_time','07:36 PM',(['flight'], {('UA-938-DEN-ORD',)}),{left: ("[FunctionalDependency:(s: {flight}, t: {act_arr_time})]", 0.0), operator: *, right: (1.0, 1.0), result: 0.0})
now error: 0.0
Block processing time: 0.028659 seconds
Computing Block 151 out of 445
Processing Block size=12
begin cleaner{left: ("[FunctionalDependency:(s: {flight}, t: {act_arr_time})]", 0.0), operator: *, right: (1.0, 1.0), result: 0.0}
列 'p' 不存在，对列 act_arr_time 不过滤，直接选择所有非无效值。
clean_bool length:2
newest best op: Uniop(df,'act_arr_time','08:02 AM',(['flight'], {('UA-858-PVG-SFO',)}),{left: ("[FunctionalDependency:(s: {flight}, t: {act_arr_time})]", 0.0), operator: *, right: (1.0, 1.0), result: 0.0})
now error: 0.0
Block processing time: 0.017439 seconds
Computing Block 154 out of 445
Processing Block size=15
begin cleaner{left: ("[FunctionalDependency:(s: {flight}, t: {act_arr_time})]", 0.0), operator: *, right: (1.0, 1.0), result: 0.0}
列 'p' 不存在，对列 act_arr_time 不过滤，直接选择所有非无效值。
clean_bool length:2
newest best op: Uniop(df,'act_arr_time','06:40 PM',(['flight'], {('CO-4888-IAH-DAL',)}),{left: ("[FunctionalDependency:(s: {flight}, t: {act_arr_time})]", 0.0), operator: *, right: (1.0, 1.0), result: 0.0})
now error: 0.0
Block processing time: 0.021774 seconds
Computing Block 164 out of 445
Processing Block size=19
begin cleaner{left: ("[FunctionalDependency:(s: {flight}, t: {act_arr_time})]", 0.0), operator: *, right: (1.0, 1.0), result: 0.0}
列 'p' 不存在，对列 act_arr_time 不过滤，直接选择所有非无效值。
clean_bool length:2
newest best op: Uniop(df,'act_arr_time','05:17 PM',(['flight'], {('UA-2830-MCO-CLT',)}),{left: ("[FunctionalDependency:(s: {flight}, t: {act_arr_time})]", 0.0), operator: *, right: (1.0, 1.0), result: 0.0})
now error: 0.0
Block processing time: 0.027237 seconds
Computing Block 169 out of 445
Processing Block size=20
begin cleaner{left: ("[FunctionalDependency:(s: {flight}, t: {act_arr_time})]", 0.0), operator: *, right: (1.0, 1.0), result: 0.0}
列 'p' 不存在，对列 act_arr_time 不过滤，直接选择所有非无效值。
clean_bool length:2
newest best op: Uniop(df,'act_arr_time','09:13 AM',(['flight'], {('UA-3373-IAD-PHL',)}),{left: ("[FunctionalDependency:(s: {flight}, t: {act_arr_time})]", 0.0), operator: *, right: (1.0, 1.0), result: 0.0})
now error: 0.0
Block processing time: 0.028735 seconds
Computing Block 172 out of 445
Processing Block size=19
begin cleaner{left: ("[FunctionalDependency:(s: {flight}, t: {act_arr_time})]", 0.0), operator: *, right: (1.0, 1.0), result: 0.0}
列 'p' 不存在，对列 act_arr_time 不过滤，直接选择所有非无效值。
Block processing time: 0.013838 seconds
Computing Block 177 out of 445
Processing Block size=21
begin cleaner{left: ("[FunctionalDependency:(s: {flight}, t: {act_arr_time})]", 0.0), operator: *, right: (1.0, 1.0), result: 0.0}
列 'p' 不存在，对列 act_arr_time 不过滤，直接选择所有非无效值。
clean_bool length:2
newest best op: Uniop(df,'act_arr_time','05:11 AM',(['flight'], {('UA-828-SFO-ORD',)}),{left: ("[FunctionalDependency:(s: {flight}, t: {act_arr_time})]", 0.0), operator: *, right: (1.0, 1.0), result: 0.0})
now error: 0.0
Block processing time: 0.029904 seconds
Computing Block 183 out of 445
Processing Block size=17
begin cleaner{left: ("[FunctionalDependency:(s: {flight}, t: {act_arr_time})]", 0.0), operator: *, right: (1.0, 1.0), result: 0.0}
列 'p' 不存在，对列 act_arr_time 不过滤，直接选择所有非无效值。
clean_bool length:2
newest best op: Uniop(df,'act_arr_time','01:40 PM',(['flight'], {('AA-1886-BOS-MIA',)}),{left: ("[FunctionalDependency:(s: {flight}, t: {act_arr_time})]", 0.0), operator: *, right: (1.0, 1.0), result: 0.0})
now error: 0.0
Block processing time: 0.024307 seconds
Computing Block 187 out of 445
Processing Block size=19
begin cleaner{left: ("[FunctionalDependency:(s: {flight}, t: {act_arr_time})]", 0.0), operator: *, right: (1.0, 1.0), result: 0.0}
列 'p' 不存在，对列 act_arr_time 不过滤，直接选择所有非无效值。
Block processing time: 0.01368 seconds
Computing Block 190 out of 445
Processing Block size=20
begin cleaner{left: ("[FunctionalDependency:(s: {flight}, t: {act_arr_time})]", 0.0), operator: *, right: (1.0, 1.0), result: 0.0}
列 'p' 不存在，对列 act_arr_time 不过滤，直接选择所有非无效值。
clean_bool length:2
newest best op: Uniop(df,'act_arr_time','03:14 PM',(['flight'], {('AA-222-LAX-BOS',)}),{left: ("[FunctionalDependency:(s: {flight}, t: {act_arr_time})]", 0.0), operator: *, right: (1.0, 1.0), result: 0.0})
now error: 0.0
Block processing time: 0.028674 seconds
Computing Block 193 out of 445
Processing Block size=15
begin cleaner{left: ("[FunctionalDependency:(s: {flight}, t: {act_arr_time})]", 0.0), operator: *, right: (1.0, 1.0), result: 0.0}
列 'p' 不存在，对列 act_arr_time 不过滤，直接选择所有非无效值。
clean_bool length:2
newest best op: Uniop(df,'act_arr_time','07:40 AM',(['flight'], {('AA-404-MIA-MCO',)}),{left: ("[FunctionalDependency:(s: {flight}, t: {act_arr_time})]", 0.0), operator: *, right: (1.0, 1.0), result: 0.0})
now error: 0.0
Block processing time: 0.021733 seconds
Computing Block 203 out of 445
Processing Block size=20
begin cleaner{left: ("[FunctionalDependency:(s: {flight}, t: {act_arr_time})]", 0.0), operator: *, right: (1.0, 1.0), result: 0.0}
列 'p' 不存在，对列 act_arr_time 不过滤，直接选择所有非无效值。
clean_bool length:2
newest best op: Uniop(df,'act_arr_time','03:30 PM',(['flight'], {('AA-1279-DFW-PHX',)}),{left: ("[FunctionalDependency:(s: {flight}, t: {act_arr_time})]", 0.0), operator: *, right: (1.0, 1.0), result: 0.0})
now error: 0.0
Block processing time: 0.028568 seconds
Computing Block 204 out of 445
Processing Block size=14
begin cleaner{left: ("[FunctionalDependency:(s: {flight}, t: {act_arr_time})]", 0.0), operator: *, right: (1.0, 1.0), result: 0.0}
列 'p' 不存在，对列 act_arr_time 不过滤，直接选择所有非无效值。
clean_bool length:2
newest best op: Uniop(df,'act_arr_time','09:14 AM',(['flight'], {('CO-52-IAH-LAX',)}),{left: ("[FunctionalDependency:(s: {flight}, t: {act_arr_time})]", 0.0), operator: *, right: (1.0, 1.0), result: 0.0})
now error: 0.0
Block processing time: 0.020338 seconds
Computing Block 206 out of 445
Processing Block size=21
begin cleaner{left: ("[FunctionalDependency:(s: {flight}, t: {act_arr_time})]", 0.0), operator: *, right: (1.0, 1.0), result: 0.0}
列 'p' 不存在，对列 act_arr_time 不过滤，直接选择所有非无效值。
clean_bool length:2
newest best op: Uniop(df,'act_arr_time','05:05 PM',(['flight'], {('UA-3050-PHX-CLT',)}),{left: ("[FunctionalDependency:(s: {flight}, t: {act_arr_time})]", 0.0), operator: *, right: (1.0, 1.0), result: 0.0})
now error: 0.0
Block processing time: 0.029983 seconds
Computing Block 208 out of 445
Processing Block size=18
begin cleaner{left: ("[FunctionalDependency:(s: {flight}, t: {act_arr_time})]", 0.0), operator: *, right: (1.0, 1.0), result: 0.0}
列 'p' 不存在，对列 act_arr_time 不过滤，直接选择所有非无效值。
clean_bool length:2
newest best op: Uniop(df,'act_arr_time','11:06 AM',(['flight'], {('AA-2525-DFW-MIA',)}),{left: ("[FunctionalDependency:(s: {flight}, t: {act_arr_time})]", 0.0), operator: *, right: (1.0, 1.0), result: 0.0})
now error: 0.0
Block processing time: 0.026119 seconds
Computing Block 214 out of 445
Processing Block size=24
begin cleaner{left: ("[FunctionalDependency:(s: {flight}, t: {act_arr_time})]", 0.0), operator: *, right: (1.0, 1.0), result: 0.0}
列 'p' 不存在，对列 act_arr_time 不过滤，直接选择所有非无效值。
clean_bool length:2
newest best op: Uniop(df,'act_arr_time','04:23 PM',(['flight'], {('UA-664-ORD-PHL',)}),{left: ("[FunctionalDependency:(s: {flight}, t: {act_arr_time})]", 0.0), operator: *, right: (1.0, 1.0), result: 0.0})
now error: 0.0
Block processing time: 0.034694 seconds
Computing Block 219 out of 445
Processing Block size=18
begin cleaner{left: ("[FunctionalDependency:(s: {flight}, t: {act_arr_time})]", 0.0), operator: *, right: (1.0, 1.0), result: 0.0}
列 'p' 不存在，对列 act_arr_time 不过滤，直接选择所有非无效值。
clean_bool length:2
newest best op: Uniop(df,'act_arr_time','07:58 PM',(['flight'], {('UA-843-LAX-ORD',)}),{left: ("[FunctionalDependency:(s: {flight}, t: {act_arr_time})]", 0.0), operator: *, right: (1.0, 1.0), result: 0.0})
now error: 0.0
Block processing time: 0.026813 seconds
Computing Block 237 out of 445
Processing Block size=18
begin cleaner{left: ("[FunctionalDependency:(s: {flight}, t: {act_arr_time})]", 0.0), operator: *, right: (1.0, 1.0), result: 0.0}
列 'p' 不存在，对列 act_arr_time 不过滤，直接选择所有非无效值。
clean_bool length:2
newest best op: Uniop(df,'act_arr_time','03:21 PM',(['flight'], {('UA-382-IAD-LAX',)}),{left: ("[FunctionalDependency:(s: {flight}, t: {act_arr_time})]", 0.0), operator: *, right: (1.0, 1.0), result: 0.0})
now error: 0.0
Block processing time: 0.026105 seconds
Computing Block 239 out of 445
Processing Block size=18
begin cleaner{left: ("[FunctionalDependency:(s: {flight}, t: {act_arr_time})]", 0.0), operator: *, right: (1.0, 1.0), result: 0.0}
列 'p' 不存在，对列 act_arr_time 不过滤，直接选择所有非无效值。
clean_bool length:2
newest best op: Uniop(df,'act_arr_time','07:51 AM',(['flight'], {('AA-3842-MSP-ORD',)}),{left: ("[FunctionalDependency:(s: {flight}, t: {act_arr_time})]", 0.0), operator: *, right: (1.0, 1.0), result: 0.0})
now error: 0.0
Block processing time: 0.025829 seconds
Computing Block 244 out of 445
Processing Block size=21
begin cleaner{left: ("[FunctionalDependency:(s: {flight}, t: {act_arr_time})]", 0.0), operator: *, right: (1.0, 1.0), result: 0.0}
列 'p' 不存在，对列 act_arr_time 不过滤，直接选择所有非无效值。
clean_bool length:2
newest best op: Uniop(df,'act_arr_time','11:01 AM',(['flight'], {('AA-2957-DFW-CVG',)}),{left: ("[FunctionalDependency:(s: {flight}, t: {act_arr_time})]", 0.0), operator: *, right: (1.0, 1.0), result: 0.0})
now error: 0.0
Block processing time: 0.030303 seconds
Computing Block 247 out of 445
Processing Block size=24
begin cleaner{left: ("[FunctionalDependency:(s: {flight}, t: {act_arr_time})]", 0.0), operator: *, right: (1.0, 1.0), result: 0.0}
列 'p' 不存在，对列 act_arr_time 不过滤，直接选择所有非无效值。
clean_bool length:2
newest best op: Uniop(df,'act_arr_time','09:45 AM',(['flight'], {('AA-3468-CVG-MIA',)}),{left: ("[FunctionalDependency:(s: {flight}, t: {act_arr_time})]", 0.0), operator: *, right: (1.0, 1.0), result: 0.0})
now error: 0.0
Block processing time: 0.034382 seconds
Computing Block 254 out of 445
Processing Block size=18
begin cleaner{left: ("[FunctionalDependency:(s: {flight}, t: {act_arr_time})]", 0.0), operator: *, right: (1.0, 1.0), result: 0.0}
列 'p' 不存在，对列 act_arr_time 不过滤，直接选择所有非无效值。
clean_bool length:2
newest best op: Uniop(df,'act_arr_time','01:19 PM',(['flight'], {('CO-1090-BOS-IAH',)}),{left: ("[FunctionalDependency:(s: {flight}, t: {act_arr_time})]", 0.0), operator: *, right: (1.0, 1.0), result: 0.0})
now error: 0.0
Block processing time: 0.02593 seconds
Computing Block 257 out of 445
Processing Block size=17
begin cleaner{left: ("[FunctionalDependency:(s: {flight}, t: {act_arr_time})]", 0.0), operator: *, right: (1.0, 1.0), result: 0.0}
列 'p' 不存在，对列 act_arr_time 不过滤，直接选择所有非无效值。
clean_bool length:2
newest best op: Uniop(df,'act_arr_time','03:31 PM',(['flight'], {('CO-58-DEN-IAH',)}),{left: ("[FunctionalDependency:(s: {flight}, t: {act_arr_time})]", 0.0), operator: *, right: (1.0, 1.0), result: 0.0})
now error: 0.0
Block processing time: 0.024959 seconds
Computing Block 261 out of 445
Processing Block size=13
begin cleaner{left: ("[FunctionalDependency:(s: {flight}, t: {act_arr_time})]", 0.0), operator: *, right: (1.0, 1.0), result: 0.0}
列 'p' 不存在，对列 act_arr_time 不过滤，直接选择所有非无效值。
clean_bool length:2
newest best op: Uniop(df,'act_arr_time','05:26 PM',(['flight'], {('CO-50-CLE-EWR',)}),{left: ("[FunctionalDependency:(s: {flight}, t: {act_arr_time})]", 0.0), operator: *, right: (1.0, 1.0), result: 0.0})
now error: 0.0
Block processing time: 0.018914 seconds
Computing Block 263 out of 445
Processing Block size=18
begin cleaner{left: ("[FunctionalDependency:(s: {flight}, t: {act_arr_time})]", 0.0), operator: *, right: (1.0, 1.0), result: 0.0}
列 'p' 不存在，对列 act_arr_time 不过滤，直接选择所有非无效值。
clean_bool length:3
newest best op: Uniop(df,'act_arr_time','04:43 PM',(['flight'], {('UA-6273-YYC-SFO',)}),{left: ("[FunctionalDependency:(s: {flight}, t: {act_arr_time})]", 0.0), operator: *, right: (1.0, 1.0), result: 0.0})
now error: 0.0
newest best op: Uniop(df,'act_arr_time','08:45 AM',(['flight'], {('UA-6273-YYC-SFO',)}),{left: ("[FunctionalDependency:(s: {flight}, t: {act_arr_time})]", 0.0), operator: *, right: (1.0, 1.0), result: 0.0})
now error: 0.0
Block processing time: 0.0394 seconds
Computing Block 281 out of 445
Processing Block size=21
begin cleaner{left: ("[FunctionalDependency:(s: {flight}, t: {act_arr_time})]", 0.0), operator: *, right: (1.0, 1.0), result: 0.0}
列 'p' 不存在，对列 act_arr_time 不过滤，直接选择所有非无效值。
clean_bool length:3
newest best op: Uniop(df,'act_arr_time','12:21 PM',(['flight'], {('CO-1694-LAX-IAH',)}),{left: ("[FunctionalDependency:(s: {flight}, t: {act_arr_time})]", 0.0), operator: *, right: (1.0, 1.0), result: 0.0})
now error: 0.0
newest best op: Uniop(df,'act_arr_time','12:21 AM',(['flight'], {('CO-1694-LAX-IAH',)}),{left: ("[FunctionalDependency:(s: {flight}, t: {act_arr_time})]", 0.0), operator: *, right: (1.0, 1.0), result: 0.0})
now error: 0.0
Block processing time: 0.045624 seconds
Computing Block 285 out of 445
Processing Block size=18
begin cleaner{left: ("[FunctionalDependency:(s: {flight}, t: {act_arr_time})]", 0.0), operator: *, right: (1.0, 1.0), result: 0.0}
列 'p' 不存在，对列 act_arr_time 不过滤，直接选择所有非无效值。
Block processing time: 0.013056 seconds
Computing Block 297 out of 445
Processing Block size=24
begin cleaner{left: ("[FunctionalDependency:(s: {flight}, t: {act_arr_time})]", 0.0), operator: *, right: (1.0, 1.0), result: 0.0}
列 'p' 不存在，对列 act_arr_time 不过滤，直接选择所有非无效值。
clean_bool length:2
newest best op: Uniop(df,'act_arr_time','07:25 PM',(['flight'], {('AA-1640-MIA-MCO',)}),{left: ("[FunctionalDependency:(s: {flight}, t: {act_arr_time})]", 0.0), operator: *, right: (1.0, 1.0), result: 0.0})
now error: 0.0
Block processing time: 0.034489 seconds
Computing Block 298 out of 445
Processing Block size=22
begin cleaner{left: ("[FunctionalDependency:(s: {flight}, t: {act_arr_time})]", 0.0), operator: *, right: (1.0, 1.0), result: 0.0}
列 'p' 不存在，对列 act_arr_time 不过滤，直接选择所有非无效值。
clean_bool length:2
newest best op: Uniop(df,'act_arr_time','03:16 PM',(['flight'], {('AA-3-JFK-LAX',)}),{left: ("[FunctionalDependency:(s: {flight}, t: {act_arr_time})]", 0.0), operator: *, right: (1.0, 1.0), result: 0.0})
now error: 0.0
Block processing time: 0.031479 seconds
Computing Block 300 out of 445
Processing Block size=15
begin cleaner{left: ("[FunctionalDependency:(s: {flight}, t: {act_arr_time})]", 0.0), operator: *, right: (1.0, 1.0), result: 0.0}
列 'p' 不存在，对列 act_arr_time 不过滤，直接选择所有非无效值。
clean_bool length:3
newest best op: Uniop(df,'act_arr_time','11:21 AM',(['flight'], {('UA-5487-SFO-MRY',)}),{left: ("[FunctionalDependency:(s: {flight}, t: {act_arr_time})]", 0.0), operator: *, right: (1.0, 1.0), result: 0.0})
now error: 0.0
Block processing time: 0.033079 seconds
Computing Block 303 out of 445
Processing Block size=18
begin cleaner{left: ("[FunctionalDependency:(s: {flight}, t: {act_arr_time})]", 0.0), operator: *, right: (1.0, 1.0), result: 0.0}
列 'p' 不存在，对列 act_arr_time 不过滤，直接选择所有非无效值。
clean_bool length:2
newest best op: Uniop(df,'act_arr_time','10:47 AM',(['flight'], {('UA-2515-DFW-CLT',)}),{left: ("[FunctionalDependency:(s: {flight}, t: {act_arr_time})]", 0.0), operator: *, right: (1.0, 1.0), result: 0.0})
now error: 0.0
Block processing time: 0.025852 seconds
Computing Block 304 out of 445
Processing Block size=19
begin cleaner{left: ("[FunctionalDependency:(s: {flight}, t: {act_arr_time})]", 0.0), operator: *, right: (1.0, 1.0), result: 0.0}
列 'p' 不存在，对列 act_arr_time 不过滤，直接选择所有非无效值。
clean_bool length:2
newest best op: Uniop(df,'act_arr_time','02:10 PM',(['flight'], {('AA-4344-ORD-DTW',)}),{left: ("[FunctionalDependency:(s: {flight}, t: {act_arr_time})]", 0.0), operator: *, right: (1.0, 1.0), result: 0.0})
now error: 0.0
Block processing time: 0.02722 seconds
Computing Block 306 out of 445
Processing Block size=21
begin cleaner{left: ("[FunctionalDependency:(s: {flight}, t: {act_arr_time})]", 0.0), operator: *, right: (1.0, 1.0), result: 0.0}
列 'p' 不存在，对列 act_arr_time 不过滤，直接选择所有非无效值。
clean_bool length:2
newest best op: Uniop(df,'act_arr_time','08:06 AM',(['flight'], {('AA-3979-CVG-ORD',)}),{left: ("[FunctionalDependency:(s: {flight}, t: {act_arr_time})]", 0.0), operator: *, right: (1.0, 1.0), result: 0.0})
now error: 0.0
Block processing time: 0.030051 seconds
Computing Block 313 out of 445
Processing Block size=20
begin cleaner{left: ("[FunctionalDependency:(s: {flight}, t: {act_arr_time})]", 0.0), operator: *, right: (1.0, 1.0), result: 0.0}
列 'p' 不存在，对列 act_arr_time 不过滤，直接选择所有非无效值。
clean_bool length:2
newest best op: Uniop(df,'act_arr_time','10:30 PM',(['flight'], {('AA-1733-ORD-PHX',)}),{left: ("[FunctionalDependency:(s: {flight}, t: {act_arr_time})]", 0.0), operator: *, right: (1.0, 1.0), result: 0.0})
now error: 0.0
Block processing time: 0.028702 seconds
Computing Block 315 out of 445
Processing Block size=22
begin cleaner{left: ("[FunctionalDependency:(s: {flight}, t: {act_arr_time})]", 0.0), operator: *, right: (1.0, 1.0), result: 0.0}
列 'p' 不存在，对列 act_arr_time 不过滤，直接选择所有非无效值。
clean_bool length:2
newest best op: Uniop(df,'act_arr_time','08:53 PM',(['flight'], {('AA-4307-ORD-DTW',)}),{left: ("[FunctionalDependency:(s: {flight}, t: {act_arr_time})]", 0.0), operator: *, right: (1.0, 1.0), result: 0.0})
now error: 0.0
Block processing time: 0.031188 seconds
Computing Block 318 out of 445
Processing Block size=19
begin cleaner{left: ("[FunctionalDependency:(s: {flight}, t: {act_arr_time})]", 0.0), operator: *, right: (1.0, 1.0), result: 0.0}
列 'p' 不存在，对列 act_arr_time 不过滤，直接选择所有非无效值。
clean_bool length:2
newest best op: Uniop(df,'act_arr_time','06:28 PM',(['flight'], {('UA-2726-FLL-PHL',)}),{left: ("[FunctionalDependency:(s: {flight}, t: {act_arr_time})]", 0.0), operator: *, right: (1.0, 1.0), result: 0.0})
now error: 0.0
Block processing time: 0.026704 seconds
Computing Block 320 out of 445
Processing Block size=18
begin cleaner{left: ("[FunctionalDependency:(s: {flight}, t: {act_arr_time})]", 0.0), operator: *, right: (1.0, 1.0), result: 0.0}
列 'p' 不存在，对列 act_arr_time 不过滤，直接选择所有非无效值。
clean_bool length:2
newest best op: Uniop(df,'act_arr_time','04:56 PM',(['flight'], {('AA-1544-SAN-ORD',)}),{left: ("[FunctionalDependency:(s: {flight}, t: {act_arr_time})]", 0.0), operator: *, right: (1.0, 1.0), result: 0.0})
now error: 0.0
Block processing time: 0.025424 seconds
Computing Block 321 out of 445
Processing Block size=23
begin cleaner{left: ("[FunctionalDependency:(s: {flight}, t: {act_arr_time})]", 0.0), operator: *, right: (1.0, 1.0), result: 0.0}
列 'p' 不存在，对列 act_arr_time 不过滤，直接选择所有非无效值。
clean_bool length:2
newest best op: Uniop(df,'act_arr_time','03:13 PM',(['flight'], {('AA-789-ORD-DEN',)}),{left: ("[FunctionalDependency:(s: {flight}, t: {act_arr_time})]", 0.0), operator: *, right: (1.0, 1.0), result: 0.0})
now error: 0.0
Block processing time: 0.034429 seconds
Computing Block 330 out of 445
Processing Block size=20
begin cleaner{left: ("[FunctionalDependency:(s: {flight}, t: {act_arr_time})]", 0.0), operator: *, right: (1.0, 1.0), result: 0.0}
列 'p' 不存在，对列 act_arr_time 不过滤，直接选择所有非无效值。
clean_bool length:2
newest best op: Uniop(df,'act_arr_time','09:05 AM',(['flight'], {('AA-466-IAH-MIA',)}),{left: ("[FunctionalDependency:(s: {flight}, t: {act_arr_time})]", 0.0), operator: *, right: (1.0, 1.0), result: 0.0})
now error: 0.0
Block processing time: 0.029976 seconds
Computing Block 333 out of 445
Processing Block size=16
begin cleaner{left: ("[FunctionalDependency:(s: {flight}, t: {act_arr_time})]", 0.0), operator: *, right: (1.0, 1.0), result: 0.0}
列 'p' 不存在，对列 act_arr_time 不过滤，直接选择所有非无效值。
Block processing time: 0.012166 seconds
Computing Block 335 out of 445
Processing Block size=18
begin cleaner{left: ("[FunctionalDependency:(s: {flight}, t: {act_arr_time})]", 0.0), operator: *, right: (1.0, 1.0), result: 0.0}
列 'p' 不存在，对列 act_arr_time 不过滤，直接选择所有非无效值。
clean_bool length:2
newest best op: Uniop(df,'act_arr_time','04:59 PM',(['flight'], {('CO-1250-MIA-IAH',)}),{left: ("[FunctionalDependency:(s: {flight}, t: {act_arr_time})]", 0.0), operator: *, right: (1.0, 1.0), result: 0.0})
now error: 0.0
Block processing time: 0.027463 seconds
Computing Block 341 out of 445
Processing Block size=16
begin cleaner{left: ("[FunctionalDependency:(s: {flight}, t: {act_arr_time})]", 0.0), operator: *, right: (1.0, 1.0), result: 0.0}
列 'p' 不存在，对列 act_arr_time 不过滤，直接选择所有非无效值。
clean_bool length:2
newest best op: Uniop(df,'act_arr_time','04:17 PM',(['flight'], {('UA-37-EWR-MCO',)}),{left: ("[FunctionalDependency:(s: {flight}, t: {act_arr_time})]", 0.0), operator: *, right: (1.0, 1.0), result: 0.0})
now error: 0.0
Block processing time: 0.023104 seconds
Computing Block 346 out of 445
Processing Block size=21
begin cleaner{left: ("[FunctionalDependency:(s: {flight}, t: {act_arr_time})]", 0.0), operator: *, right: (1.0, 1.0), result: 0.0}
列 'p' 不存在，对列 act_arr_time 不过滤，直接选择所有非无效值。
clean_bool length:2
newest best op: Uniop(df,'act_arr_time','05:26 AM',(['flight'], {('CO-1614-LAX-IAH',)}),{left: ("[FunctionalDependency:(s: {flight}, t: {act_arr_time})]", 0.0), operator: *, right: (1.0, 1.0), result: 0.0})
now error: 0.0
Block processing time: 0.029888 seconds
Computing Block 350 out of 445
Processing Block size=22
begin cleaner{left: ("[FunctionalDependency:(s: {flight}, t: {act_arr_time})]", 0.0), operator: *, right: (1.0, 1.0), result: 0.0}
列 'p' 不存在，对列 act_arr_time 不过滤，直接选择所有非无效值。
Block processing time: 0.015852 seconds
Computing Block 359 out of 445
Processing Block size=16
begin cleaner{left: ("[FunctionalDependency:(s: {flight}, t: {act_arr_time})]", 0.0), operator: *, right: (1.0, 1.0), result: 0.0}
列 'p' 不存在，对列 act_arr_time 不过滤，直接选择所有非无效值。
clean_bool length:2
newest best op: Uniop(df,'act_arr_time','07:55 PM',(['flight'], {('AA-1007-MIA-PHX',)}),{left: ("[FunctionalDependency:(s: {flight}, t: {act_arr_time})]", 0.0), operator: *, right: (1.0, 1.0), result: 0.0})
now error: 0.0
Block processing time: 0.023123 seconds
Computing Block 373 out of 445
Processing Block size=18
begin cleaner{left: ("[FunctionalDependency:(s: {flight}, t: {act_arr_time})]", 0.0), operator: *, right: (1.0, 1.0), result: 0.0}
列 'p' 不存在，对列 act_arr_time 不过滤，直接选择所有非无效值。
clean_bool length:2
newest best op: Uniop(df,'act_arr_time','11:56 AM',(['flight'], {('AA-1664-MIA-ATL',)}),{left: ("[FunctionalDependency:(s: {flight}, t: {act_arr_time})]", 0.0), operator: *, right: (1.0, 1.0), result: 0.0})
now error: 0.0
Block processing time: 0.026035 seconds
Computing Block 376 out of 445
Processing Block size=18
begin cleaner{left: ("[FunctionalDependency:(s: {flight}, t: {act_arr_time})]", 0.0), operator: *, right: (1.0, 1.0), result: 0.0}
列 'p' 不存在，对列 act_arr_time 不过滤，直接选择所有非无效值。
clean_bool length:2
newest best op: Uniop(df,'act_arr_time','09:31 AM',(['flight'], {('AA-643-MIA-ORD',)}),{left: ("[FunctionalDependency:(s: {flight}, t: {act_arr_time})]", 0.0), operator: *, right: (1.0, 1.0), result: 0.0})
now error: 0.0
Block processing time: 0.025936 seconds
Computing Block 379 out of 445
Processing Block size=18
begin cleaner{left: ("[FunctionalDependency:(s: {flight}, t: {act_arr_time})]", 0.0), operator: *, right: (1.0, 1.0), result: 0.0}
列 'p' 不存在，对列 act_arr_time 不过滤，直接选择所有非无效值。
clean_bool length:2
newest best op: Uniop(df,'act_arr_time','11:58 AM',(['flight'], {('UA-397-JFK-SFO',)}),{left: ("[FunctionalDependency:(s: {flight}, t: {act_arr_time})]", 0.0), operator: *, right: (1.0, 1.0), result: 0.0})
now error: 0.0
Block processing time: 0.02582 seconds
Computing Block 382 out of 445
Processing Block size=24
begin cleaner{left: ("[FunctionalDependency:(s: {flight}, t: {act_arr_time})]", 0.0), operator: *, right: (1.0, 1.0), result: 0.0}
列 'p' 不存在，对列 act_arr_time 不过滤，直接选择所有非无效值。
clean_bool length:2
newest best op: Uniop(df,'act_arr_time','09:53 PM',(['flight'], {('AA-1221-MCO-ORD',)}),{left: ("[FunctionalDependency:(s: {flight}, t: {act_arr_time})]", 0.0), operator: *, right: (1.0, 1.0), result: 0.0})
now error: 0.0
Block processing time: 0.034865 seconds
Computing Block 398 out of 445
Processing Block size=24
begin cleaner{left: ("[FunctionalDependency:(s: {flight}, t: {act_arr_time})]", 0.0), operator: *, right: (1.0, 1.0), result: 0.0}
列 'p' 不存在，对列 act_arr_time 不过滤，直接选择所有非无效值。
clean_bool length:2
newest best op: Uniop(df,'act_arr_time','12:09 PM',(['flight'], {('CO-1193-EWR-MCO',)}),{left: ("[FunctionalDependency:(s: {flight}, t: {act_arr_time})]", 0.0), operator: *, right: (1.0, 1.0), result: 0.0})
now error: 0.0
Block processing time: 0.034114 seconds
Computing Block 399 out of 445
Processing Block size=18
begin cleaner{left: ("[FunctionalDependency:(s: {flight}, t: {act_arr_time})]", 0.0), operator: *, right: (1.0, 1.0), result: 0.0}
列 'p' 不存在，对列 act_arr_time 不过滤，直接选择所有非无效值。
clean_bool length:2
newest best op: Uniop(df,'act_arr_time','06:34 PM',(['flight'], {('CO-16-LAX-EWR',)}),{left: ("[FunctionalDependency:(s: {flight}, t: {act_arr_time})]", 0.0), operator: *, right: (1.0, 1.0), result: 0.0})
now error: 0.0
Block processing time: 0.025841 seconds
Computing Block 404 out of 445
Processing Block size=16
begin cleaner{left: ("[FunctionalDependency:(s: {flight}, t: {act_arr_time})]", 0.0), operator: *, right: (1.0, 1.0), result: 0.0}
列 'p' 不存在，对列 act_arr_time 不过滤，直接选择所有非无效值。
clean_bool length:2
newest best op: Uniop(df,'act_arr_time','01:14 PM',(['flight'], {('CO-1023-IAH-DEN',)}),{left: ("[FunctionalDependency:(s: {flight}, t: {act_arr_time})]", 0.0), operator: *, right: (1.0, 1.0), result: 0.0})
now error: 0.0
Block processing time: 0.022902 seconds
Computing Block 408 out of 445
Processing Block size=23
begin cleaner{left: ("[FunctionalDependency:(s: {flight}, t: {act_arr_time})]", 0.0), operator: *, right: (1.0, 1.0), result: 0.0}
列 'p' 不存在，对列 act_arr_time 不过滤，直接选择所有非无效值。
clean_bool length:2
newest best op: Uniop(df,'act_arr_time','11:44 AM',(['flight'], {('AA-431-MIA-SFO',)}),{left: ("[FunctionalDependency:(s: {flight}, t: {act_arr_time})]", 0.0), operator: *, right: (1.0, 1.0), result: 0.0})
now error: 0.0
Block processing time: 0.032858 seconds
Computing Block 412 out of 445
Processing Block size=18
begin cleaner{left: ("[FunctionalDependency:(s: {flight}, t: {act_arr_time})]", 0.0), operator: *, right: (1.0, 1.0), result: 0.0}
列 'p' 不存在，对列 act_arr_time 不过滤，直接选择所有非无效值。
clean_bool length:2
newest best op: Uniop(df,'act_arr_time','07:10 PM',(['flight'], {('CO-62-IAH-EWR',)}),{left: ("[FunctionalDependency:(s: {flight}, t: {act_arr_time})]", 0.0), operator: *, right: (1.0, 1.0), result: 0.0})
now error: 0.0
Block processing time: 0.025856 seconds
Computing Block 413 out of 445
Processing Block size=22
begin cleaner{left: ("[FunctionalDependency:(s: {flight}, t: {act_arr_time})]", 0.0), operator: *, right: (1.0, 1.0), result: 0.0}
列 'p' 不存在，对列 act_arr_time 不过滤，直接选择所有非无效值。
clean_bool length:2
newest best op: Uniop(df,'act_arr_time','05:42 PM',(['flight'], {('UA-257-JFK-SFO',)}),{left: ("[FunctionalDependency:(s: {flight}, t: {act_arr_time})]", 0.0), operator: *, right: (1.0, 1.0), result: 0.0})
now error: 0.0
Block processing time: 0.03146 seconds
Computing Block 419 out of 445
Processing Block size=20
begin cleaner{left: ("[FunctionalDependency:(s: {flight}, t: {act_arr_time})]", 0.0), operator: *, right: (1.0, 1.0), result: 0.0}
列 'p' 不存在，对列 act_arr_time 不过滤，直接选择所有非无效值。
clean_bool length:2
newest best op: Uniop(df,'act_arr_time','02:27 PM',(['flight'], {('AA-271-MIA-LAX',)}),{left: ("[FunctionalDependency:(s: {flight}, t: {act_arr_time})]", 0.0), operator: *, right: (1.0, 1.0), result: 0.0})
now error: 0.0
Block processing time: 0.028724 seconds
Computing Block 420 out of 445
Processing Block size=17
begin cleaner{left: ("[FunctionalDependency:(s: {flight}, t: {act_arr_time})]", 0.0), operator: *, right: (1.0, 1.0), result: 0.0}
列 'p' 不存在，对列 act_arr_time 不过滤，直接选择所有非无效值。
clean_bool length:2
newest best op: Uniop(df,'act_arr_time','09:52 PM',(['flight'], {('CO-47-IAH-LAX',)}),{left: ("[FunctionalDependency:(s: {flight}, t: {act_arr_time})]", 0.0), operator: *, right: (1.0, 1.0), result: 0.0})
now error: 0.0
Block processing time: 0.024002 seconds
Computing Block 434 out of 445
Processing Block size=13
begin cleaner{left: ("[FunctionalDependency:(s: {flight}, t: {act_arr_time})]", 0.0), operator: *, right: (1.0, 1.0), result: 0.0}
列 'p' 不存在，对列 act_arr_time 不过滤，直接选择所有非无效值。
clean_bool length:3
newest best op: Uniop(df,'act_arr_time','10:56 AM',(['flight'], {('CO-1088-CLE-IAH',)}),{left: ("[FunctionalDependency:(s: {flight}, t: {act_arr_time})]", 0.0), operator: *, right: (1.0, 1.0), result: 0.0})
now error: 0.0
Block processing time: 0.02792 seconds
Computing Block 439 out of 445
Processing Block size=16
begin cleaner{left: ("[FunctionalDependency:(s: {flight}, t: {act_arr_time})]", 0.0), operator: *, right: (1.0, 1.0), result: 0.0}
列 'p' 不存在，对列 act_arr_time 不过滤，直接选择所有非无效值。
clean_bool length:2
newest best op: Uniop(df,'act_arr_time','10:27 AM',(['flight'], {('CO-89-IAH-EWR',)}),{left: ("[FunctionalDependency:(s: {flight}, t: {act_arr_time})]", 0.0), operator: *, right: (1.0, 1.0), result: 0.0})
now error: 0.0
Block processing time: 0.022882 seconds
Computing Block 440 out of 445
Processing Block size=19
begin cleaner{left: ("[FunctionalDependency:(s: {flight}, t: {act_arr_time})]", 0.0), operator: *, right: (1.0, 1.0), result: 0.0}
列 'p' 不存在，对列 act_arr_time 不过滤，直接选择所有非无效值。
clean_bool length:2
WARNING:root:No partitioning rule specified, processing might be slow
newest best op: Uniop(df,'act_arr_time','01:43 PM',(['flight'], {('AA-4277-CVG-JFK',)}),{left: ("[FunctionalDependency:(s: {flight}, t: {act_arr_time})]", 0.0), operator: *, right: (1.0, 1.0), result: 0.0})
now error: 0.0
Block processing time: 0.028653 seconds
  当前节点: act_arr_time 有 90 个清洗操作
['sched_dep_time', 'act_dep_time', 'sched_arr_time', 'act_arr_time']的清洗完成

本层累积的编辑规则数: 350
读入数据大小：2376
处理了 350 条规则，更新数据...
所有编辑规则已更新完成

处理第 1 层级, 包含节点: ['flight']
  跳过已清洗结束的节点: flight
['flight']的清洗完成

本层累积的编辑规则数: 0
本层没有可以进行的清洗操作，进行下一层

处理第 2 层级, 包含节点: ['sched_dep_time', 'act_dep_time', 'sched_arr_time', 'act_arr_time']
  当前节点: sched_dep_time 存在可用清洗信号
数据块大小: 2376
分块属性:
[['flight']]
Starting initial block mapping...
Initial number of blocks: 445
Final number of blocks after further splitting: 445
Computing Block 2 out of 445
Processing Block size=16
begin cleaner[FunctionalDependency:(s: {'flight'}, t: {'sched_dep_time'})]*1.0
列 'p' 不存在，对列 sched_dep_time 不过滤，直接选择所有非无效值。
Block processing time: 0.01233 seconds
Computing Block 3 out of 445
Processing Block size=20
begin cleaner{left: ("[FunctionalDependency:(s: {flight}, t: {sched_dep_time})]", 0.0), operator: *, right: (1.0, 1.0), result: 0.0}
列 'p' 不存在，对列 sched_dep_time 不过滤，直接选择所有非无效值。
Block processing time: 0.015118 seconds
Computing Block 5 out of 445
Processing Block size=17
begin cleaner{left: ("[FunctionalDependency:(s: {flight}, t: {sched_dep_time})]", 0.0), operator: *, right: (1.0, 1.0), result: 0.0}
列 'p' 不存在，对列 sched_dep_time 不过滤，直接选择所有非无效值。
Block processing time: 0.013193 seconds
Computing Block 9 out of 445
Processing Block size=24
begin cleaner{left: ("[FunctionalDependency:(s: {flight}, t: {sched_dep_time})]", 0.0), operator: *, right: (1.0, 1.0), result: 0.0}
列 'p' 不存在，对列 sched_dep_time 不过滤，直接选择所有非无效值。
Block processing time: 0.018625 seconds
Computing Block 10 out of 445
Processing Block size=21
begin cleaner{left: ("[FunctionalDependency:(s: {flight}, t: {sched_dep_time})]", 0.0), operator: *, right: (1.0, 1.0), result: 0.0}
列 'p' 不存在，对列 sched_dep_time 不过滤，直接选择所有非无效值。
Block processing time: 0.016015 seconds
Computing Block 11 out of 445
Processing Block size=16
begin cleaner{left: ("[FunctionalDependency:(s: {flight}, t: {sched_dep_time})]", 0.0), operator: *, right: (1.0, 1.0), result: 0.0}
列 'p' 不存在，对列 sched_dep_time 不过滤，直接选择所有非无效值。
Block processing time: 0.012293 seconds
Computing Block 12 out of 445
Processing Block size=21
begin cleaner{left: ("[FunctionalDependency:(s: {flight}, t: {sched_dep_time})]", 0.0), operator: *, right: (1.0, 1.0), result: 0.0}
列 'p' 不存在，对列 sched_dep_time 不过滤，直接选择所有非无效值。
Block processing time: 0.01601 seconds
Computing Block 29 out of 445
Processing Block size=18
begin cleaner{left: ("[FunctionalDependency:(s: {flight}, t: {sched_dep_time})]", 0.0), operator: *, right: (1.0, 1.0), result: 0.0}
列 'p' 不存在，对列 sched_dep_time 不过滤，直接选择所有非无效值。
Block processing time: 0.013741 seconds
Computing Block 33 out of 445
Processing Block size=18
begin cleaner{left: ("[FunctionalDependency:(s: {flight}, t: {sched_dep_time})]", 0.0), operator: *, right: (1.0, 1.0), result: 0.0}
列 'p' 不存在，对列 sched_dep_time 不过滤，直接选择所有非无效值。
Block processing time: 0.013572 seconds
Computing Block 36 out of 445
Processing Block size=22
begin cleaner{left: ("[FunctionalDependency:(s: {flight}, t: {sched_dep_time})]", 0.0), operator: *, right: (1.0, 1.0), result: 0.0}
列 'p' 不存在，对列 sched_dep_time 不过滤，直接选择所有非无效值。
Block processing time: 0.016514 seconds
Computing Block 39 out of 445
Processing Block size=22
begin cleaner{left: ("[FunctionalDependency:(s: {flight}, t: {sched_dep_time})]", 0.0), operator: *, right: (1.0, 1.0), result: 0.0}
列 'p' 不存在，对列 sched_dep_time 不过滤，直接选择所有非无效值。
Block processing time: 0.016506 seconds
Computing Block 43 out of 445
Processing Block size=18
begin cleaner{left: ("[FunctionalDependency:(s: {flight}, t: {sched_dep_time})]", 0.0), operator: *, right: (1.0, 1.0), result: 0.0}
列 'p' 不存在，对列 sched_dep_time 不过滤，直接选择所有非无效值。
Block processing time: 0.013587 seconds
Computing Block 48 out of 445
Processing Block size=20
begin cleaner{left: ("[FunctionalDependency:(s: {flight}, t: {sched_dep_time})]", 0.0), operator: *, right: (1.0, 1.0), result: 0.0}
列 'p' 不存在，对列 sched_dep_time 不过滤，直接选择所有非无效值。
Block processing time: 0.014968 seconds
Computing Block 50 out of 445
Processing Block size=21
begin cleaner{left: ("[FunctionalDependency:(s: {flight}, t: {sched_dep_time})]", 0.0), operator: *, right: (1.0, 1.0), result: 0.0}
列 'p' 不存在，对列 sched_dep_time 不过滤，直接选择所有非无效值。
Block processing time: 0.015737 seconds
Computing Block 53 out of 445
Processing Block size=18
begin cleaner{left: ("[FunctionalDependency:(s: {flight}, t: {sched_dep_time})]", 0.0), operator: *, right: (1.0, 1.0), result: 0.0}
列 'p' 不存在，对列 sched_dep_time 不过滤，直接选择所有非无效值。
Block processing time: 0.013526 seconds
Computing Block 55 out of 445
Processing Block size=22
begin cleaner{left: ("[FunctionalDependency:(s: {flight}, t: {sched_dep_time})]", 0.0), operator: *, right: (1.0, 1.0), result: 0.0}
列 'p' 不存在，对列 sched_dep_time 不过滤，直接选择所有非无效值。
Block processing time: 0.016457 seconds
Computing Block 56 out of 445
Processing Block size=18
begin cleaner{left: ("[FunctionalDependency:(s: {flight}, t: {sched_dep_time})]", 0.0), operator: *, right: (1.0, 1.0), result: 0.0}
列 'p' 不存在，对列 sched_dep_time 不过滤，直接选择所有非无效值。
Block processing time: 0.013458 seconds
Computing Block 60 out of 445
Processing Block size=19
begin cleaner{left: ("[FunctionalDependency:(s: {flight}, t: {sched_dep_time})]", 0.0), operator: *, right: (1.0, 1.0), result: 0.0}
列 'p' 不存在，对列 sched_dep_time 不过滤，直接选择所有非无效值。
Block processing time: 0.014186 seconds
Computing Block 67 out of 445
Processing Block size=22
begin cleaner{left: ("[FunctionalDependency:(s: {flight}, t: {sched_dep_time})]", 0.0), operator: *, right: (1.0, 1.0), result: 0.0}
列 'p' 不存在，对列 sched_dep_time 不过滤，直接选择所有非无效值。
Block processing time: 0.016661 seconds
Computing Block 71 out of 445
Processing Block size=22
begin cleaner{left: ("[FunctionalDependency:(s: {flight}, t: {sched_dep_time})]", 0.0), operator: *, right: (1.0, 1.0), result: 0.0}
列 'p' 不存在，对列 sched_dep_time 不过滤，直接选择所有非无效值。
Block processing time: 0.016478 seconds
Computing Block 80 out of 445
Processing Block size=22
begin cleaner{left: ("[FunctionalDependency:(s: {flight}, t: {sched_dep_time})]", 0.0), operator: *, right: (1.0, 1.0), result: 0.0}
列 'p' 不存在，对列 sched_dep_time 不过滤，直接选择所有非无效值。
Block processing time: 0.01649 seconds
Computing Block 81 out of 445
Processing Block size=22
begin cleaner{left: ("[FunctionalDependency:(s: {flight}, t: {sched_dep_time})]", 0.0), operator: *, right: (1.0, 1.0), result: 0.0}
列 'p' 不存在，对列 sched_dep_time 不过滤，直接选择所有非无效值。
Block processing time: 0.016477 seconds
Computing Block 85 out of 445
Processing Block size=19
begin cleaner{left: ("[FunctionalDependency:(s: {flight}, t: {sched_dep_time})]", 0.0), operator: *, right: (1.0, 1.0), result: 0.0}
列 'p' 不存在，对列 sched_dep_time 不过滤，直接选择所有非无效值。
Block processing time: 0.014425 seconds
Computing Block 86 out of 445
Processing Block size=20
begin cleaner{left: ("[FunctionalDependency:(s: {flight}, t: {sched_dep_time})]", 0.0), operator: *, right: (1.0, 1.0), result: 0.0}
列 'p' 不存在，对列 sched_dep_time 不过滤，直接选择所有非无效值。
Block processing time: 0.015047 seconds
Computing Block 89 out of 445
Processing Block size=26
begin cleaner{left: ("[FunctionalDependency:(s: {flight}, t: {sched_dep_time})]", 0.0), operator: *, right: (1.0, 1.0), result: 0.0}
列 'p' 不存在，对列 sched_dep_time 不过滤，直接选择所有非无效值。
Block processing time: 0.019457 seconds
Computing Block 90 out of 445
Processing Block size=19
begin cleaner{left: ("[FunctionalDependency:(s: {flight}, t: {sched_dep_time})]", 0.0), operator: *, right: (1.0, 1.0), result: 0.0}
列 'p' 不存在，对列 sched_dep_time 不过滤，直接选择所有非无效值。
Block processing time: 0.014312 seconds
Computing Block 98 out of 445
Processing Block size=19
begin cleaner{left: ("[FunctionalDependency:(s: {flight}, t: {sched_dep_time})]", 0.0), operator: *, right: (1.0, 1.0), result: 0.0}
列 'p' 不存在，对列 sched_dep_time 不过滤，直接选择所有非无效值。
Block processing time: 0.014235 seconds
Computing Block 100 out of 445
Processing Block size=22
begin cleaner{left: ("[FunctionalDependency:(s: {flight}, t: {sched_dep_time})]", 0.0), operator: *, right: (1.0, 1.0), result: 0.0}
列 'p' 不存在，对列 sched_dep_time 不过滤，直接选择所有非无效值。
Block processing time: 0.016524 seconds
Computing Block 102 out of 445
Processing Block size=19
begin cleaner{left: ("[FunctionalDependency:(s: {flight}, t: {sched_dep_time})]", 0.0), operator: *, right: (1.0, 1.0), result: 0.0}
列 'p' 不存在，对列 sched_dep_time 不过滤，直接选择所有非无效值。
Block processing time: 0.014261 seconds
Computing Block 103 out of 445
Processing Block size=21
begin cleaner{left: ("[FunctionalDependency:(s: {flight}, t: {sched_dep_time})]", 0.0), operator: *, right: (1.0, 1.0), result: 0.0}
列 'p' 不存在，对列 sched_dep_time 不过滤，直接选择所有非无效值。
Block processing time: 0.015794 seconds
Computing Block 105 out of 445
Processing Block size=23
begin cleaner{left: ("[FunctionalDependency:(s: {flight}, t: {sched_dep_time})]", 0.0), operator: *, right: (1.0, 1.0), result: 0.0}
列 'p' 不存在，对列 sched_dep_time 不过滤，直接选择所有非无效值。
Block processing time: 0.017321 seconds
Computing Block 106 out of 445
Processing Block size=19
begin cleaner{left: ("[FunctionalDependency:(s: {flight}, t: {sched_dep_time})]", 0.0), operator: *, right: (1.0, 1.0), result: 0.0}
列 'p' 不存在，对列 sched_dep_time 不过滤，直接选择所有非无效值。
Block processing time: 0.014286 seconds
Computing Block 107 out of 445
Processing Block size=23
begin cleaner{left: ("[FunctionalDependency:(s: {flight}, t: {sched_dep_time})]", 0.0), operator: *, right: (1.0, 1.0), result: 0.0}
列 'p' 不存在，对列 sched_dep_time 不过滤，直接选择所有非无效值。
Block processing time: 0.017035 seconds
Computing Block 112 out of 445
Processing Block size=17
begin cleaner{left: ("[FunctionalDependency:(s: {flight}, t: {sched_dep_time})]", 0.0), operator: *, right: (1.0, 1.0), result: 0.0}
列 'p' 不存在，对列 sched_dep_time 不过滤，直接选择所有非无效值。
Block processing time: 0.012253 seconds
Computing Block 119 out of 445
Processing Block size=14
begin cleaner{left: ("[FunctionalDependency:(s: {flight}, t: {sched_dep_time})]", 0.0), operator: *, right: (1.0, 1.0), result: 0.0}
列 'p' 不存在，对列 sched_dep_time 不过滤，直接选择所有非无效值。
Block processing time: 0.010103 seconds
Computing Block 126 out of 445
Processing Block size=10
begin cleaner{left: ("[FunctionalDependency:(s: {flight}, t: {sched_dep_time})]", 0.0), operator: *, right: (1.0, 1.0), result: 0.0}
列 'p' 不存在，对列 sched_dep_time 不过滤，直接选择所有非无效值。
Block processing time: 0.007239 seconds
Computing Block 130 out of 445
Processing Block size=13
begin cleaner{left: ("[FunctionalDependency:(s: {flight}, t: {sched_dep_time})]", 0.0), operator: *, right: (1.0, 1.0), result: 0.0}
列 'p' 不存在，对列 sched_dep_time 不过滤，直接选择所有非无效值。
Block processing time: 0.009374 seconds
Computing Block 131 out of 445
Processing Block size=19
begin cleaner{left: ("[FunctionalDependency:(s: {flight}, t: {sched_dep_time})]", 0.0), operator: *, right: (1.0, 1.0), result: 0.0}
列 'p' 不存在，对列 sched_dep_time 不过滤，直接选择所有非无效值。
Block processing time: 0.013651 seconds
Computing Block 134 out of 445
Processing Block size=20
begin cleaner{left: ("[FunctionalDependency:(s: {flight}, t: {sched_dep_time})]", 0.0), operator: *, right: (1.0, 1.0), result: 0.0}
列 'p' 不存在，对列 sched_dep_time 不过滤，直接选择所有非无效值。
Block processing time: 0.014384 seconds
Computing Block 137 out of 445
Processing Block size=21
begin cleaner{left: ("[FunctionalDependency:(s: {flight}, t: {sched_dep_time})]", 0.0), operator: *, right: (1.0, 1.0), result: 0.0}
列 'p' 不存在，对列 sched_dep_time 不过滤，直接选择所有非无效值。
Block processing time: 0.015101 seconds
Computing Block 150 out of 445
Processing Block size=20
begin cleaner{left: ("[FunctionalDependency:(s: {flight}, t: {sched_dep_time})]", 0.0), operator: *, right: (1.0, 1.0), result: 0.0}
列 'p' 不存在，对列 sched_dep_time 不过滤，直接选择所有非无效值。
Block processing time: 0.014863 seconds
Computing Block 151 out of 445
Processing Block size=12
begin cleaner{left: ("[FunctionalDependency:(s: {flight}, t: {sched_dep_time})]", 0.0), operator: *, right: (1.0, 1.0), result: 0.0}
列 'p' 不存在，对列 sched_dep_time 不过滤，直接选择所有非无效值。
Block processing time: 0.008981 seconds
Computing Block 154 out of 445
Processing Block size=15
begin cleaner{left: ("[FunctionalDependency:(s: {flight}, t: {sched_dep_time})]", 0.0), operator: *, right: (1.0, 1.0), result: 0.0}
列 'p' 不存在，对列 sched_dep_time 不过滤，直接选择所有非无效值。
Block processing time: 0.010892 seconds
Computing Block 164 out of 445
Processing Block size=19
begin cleaner{left: ("[FunctionalDependency:(s: {flight}, t: {sched_dep_time})]", 0.0), operator: *, right: (1.0, 1.0), result: 0.0}
列 'p' 不存在，对列 sched_dep_time 不过滤，直接选择所有非无效值。
Block processing time: 0.013684 seconds
Computing Block 169 out of 445
Processing Block size=20
begin cleaner{left: ("[FunctionalDependency:(s: {flight}, t: {sched_dep_time})]", 0.0), operator: *, right: (1.0, 1.0), result: 0.0}
列 'p' 不存在，对列 sched_dep_time 不过滤，直接选择所有非无效值。
Block processing time: 0.014513 seconds
Computing Block 172 out of 445
Processing Block size=19
begin cleaner{left: ("[FunctionalDependency:(s: {flight}, t: {sched_dep_time})]", 0.0), operator: *, right: (1.0, 1.0), result: 0.0}
列 'p' 不存在，对列 sched_dep_time 不过滤，直接选择所有非无效值。
Block processing time: 0.013816 seconds
Computing Block 177 out of 445
Processing Block size=21
begin cleaner{left: ("[FunctionalDependency:(s: {flight}, t: {sched_dep_time})]", 0.0), operator: *, right: (1.0, 1.0), result: 0.0}
列 'p' 不存在，对列 sched_dep_time 不过滤，直接选择所有非无效值。
Block processing time: 0.015148 seconds
Computing Block 183 out of 445
Processing Block size=17
begin cleaner{left: ("[FunctionalDependency:(s: {flight}, t: {sched_dep_time})]", 0.0), operator: *, right: (1.0, 1.0), result: 0.0}
列 'p' 不存在，对列 sched_dep_time 不过滤，直接选择所有非无效值。
Block processing time: 0.012267 seconds
Computing Block 187 out of 445
Processing Block size=19
begin cleaner{left: ("[FunctionalDependency:(s: {flight}, t: {sched_dep_time})]", 0.0), operator: *, right: (1.0, 1.0), result: 0.0}
列 'p' 不存在，对列 sched_dep_time 不过滤，直接选择所有非无效值。
Block processing time: 0.013793 seconds
Computing Block 190 out of 445
Processing Block size=20
begin cleaner{left: ("[FunctionalDependency:(s: {flight}, t: {sched_dep_time})]", 0.0), operator: *, right: (1.0, 1.0), result: 0.0}
列 'p' 不存在，对列 sched_dep_time 不过滤，直接选择所有非无效值。
Block processing time: 0.014474 seconds
Computing Block 193 out of 445
Processing Block size=15
begin cleaner{left: ("[FunctionalDependency:(s: {flight}, t: {sched_dep_time})]", 0.0), operator: *, right: (1.0, 1.0), result: 0.0}
列 'p' 不存在，对列 sched_dep_time 不过滤，直接选择所有非无效值。
Block processing time: 0.010871 seconds
Computing Block 203 out of 445
Processing Block size=20
begin cleaner{left: ("[FunctionalDependency:(s: {flight}, t: {sched_dep_time})]", 0.0), operator: *, right: (1.0, 1.0), result: 0.0}
列 'p' 不存在，对列 sched_dep_time 不过滤，直接选择所有非无效值。
Block processing time: 0.014516 seconds
Computing Block 204 out of 445
Processing Block size=14
begin cleaner{left: ("[FunctionalDependency:(s: {flight}, t: {sched_dep_time})]", 0.0), operator: *, right: (1.0, 1.0), result: 0.0}
列 'p' 不存在，对列 sched_dep_time 不过滤，直接选择所有非无效值。
Block processing time: 0.010083 seconds
Computing Block 206 out of 445
Processing Block size=21
begin cleaner{left: ("[FunctionalDependency:(s: {flight}, t: {sched_dep_time})]", 0.0), operator: *, right: (1.0, 1.0), result: 0.0}
列 'p' 不存在，对列 sched_dep_time 不过滤，直接选择所有非无效值。
Block processing time: 0.0151 seconds
Computing Block 208 out of 445
Processing Block size=18
begin cleaner{left: ("[FunctionalDependency:(s: {flight}, t: {sched_dep_time})]", 0.0), operator: *, right: (1.0, 1.0), result: 0.0}
列 'p' 不存在，对列 sched_dep_time 不过滤，直接选择所有非无效值。
Block processing time: 0.01296 seconds
Computing Block 214 out of 445
Processing Block size=24
begin cleaner{left: ("[FunctionalDependency:(s: {flight}, t: {sched_dep_time})]", 0.0), operator: *, right: (1.0, 1.0), result: 0.0}
列 'p' 不存在，对列 sched_dep_time 不过滤，直接选择所有非无效值。
Block processing time: 0.017258 seconds
Computing Block 219 out of 445
Processing Block size=18
begin cleaner{left: ("[FunctionalDependency:(s: {flight}, t: {sched_dep_time})]", 0.0), operator: *, right: (1.0, 1.0), result: 0.0}
列 'p' 不存在，对列 sched_dep_time 不过滤，直接选择所有非无效值。
Block processing time: 0.012982 seconds
Computing Block 237 out of 445
Processing Block size=18
begin cleaner{left: ("[FunctionalDependency:(s: {flight}, t: {sched_dep_time})]", 0.0), operator: *, right: (1.0, 1.0), result: 0.0}
列 'p' 不存在，对列 sched_dep_time 不过滤，直接选择所有非无效值。
Block processing time: 0.013003 seconds
Computing Block 239 out of 445
Processing Block size=18
begin cleaner{left: ("[FunctionalDependency:(s: {flight}, t: {sched_dep_time})]", 0.0), operator: *, right: (1.0, 1.0), result: 0.0}
列 'p' 不存在，对列 sched_dep_time 不过滤，直接选择所有非无效值。
Block processing time: 0.012995 seconds
Computing Block 244 out of 445
Processing Block size=21
begin cleaner{left: ("[FunctionalDependency:(s: {flight}, t: {sched_dep_time})]", 0.0), operator: *, right: (1.0, 1.0), result: 0.0}
列 'p' 不存在，对列 sched_dep_time 不过滤，直接选择所有非无效值。
Block processing time: 0.015105 seconds
Computing Block 247 out of 445
Processing Block size=24
begin cleaner{left: ("[FunctionalDependency:(s: {flight}, t: {sched_dep_time})]", 0.0), operator: *, right: (1.0, 1.0), result: 0.0}
列 'p' 不存在，对列 sched_dep_time 不过滤，直接选择所有非无效值。
Block processing time: 0.017267 seconds
Computing Block 254 out of 445
Processing Block size=18
begin cleaner{left: ("[FunctionalDependency:(s: {flight}, t: {sched_dep_time})]", 0.0), operator: *, right: (1.0, 1.0), result: 0.0}
列 'p' 不存在，对列 sched_dep_time 不过滤，直接选择所有非无效值。
Block processing time: 0.01291 seconds
Computing Block 257 out of 445
Processing Block size=17
begin cleaner{left: ("[FunctionalDependency:(s: {flight}, t: {sched_dep_time})]", 0.0), operator: *, right: (1.0, 1.0), result: 0.0}
列 'p' 不存在，对列 sched_dep_time 不过滤，直接选择所有非无效值。
Block processing time: 0.012363 seconds
Computing Block 261 out of 445
Processing Block size=13
begin cleaner{left: ("[FunctionalDependency:(s: {flight}, t: {sched_dep_time})]", 0.0), operator: *, right: (1.0, 1.0), result: 0.0}
列 'p' 不存在，对列 sched_dep_time 不过滤，直接选择所有非无效值。
Block processing time: 0.009388 seconds
Computing Block 263 out of 445
Processing Block size=18
begin cleaner{left: ("[FunctionalDependency:(s: {flight}, t: {sched_dep_time})]", 0.0), operator: *, right: (1.0, 1.0), result: 0.0}
列 'p' 不存在，对列 sched_dep_time 不过滤，直接选择所有非无效值。
Block processing time: 0.013033 seconds
Computing Block 281 out of 445
Processing Block size=21
begin cleaner{left: ("[FunctionalDependency:(s: {flight}, t: {sched_dep_time})]", 0.0), operator: *, right: (1.0, 1.0), result: 0.0}
列 'p' 不存在，对列 sched_dep_time 不过滤，直接选择所有非无效值。
Block processing time: 0.015104 seconds
Computing Block 285 out of 445
Processing Block size=18
begin cleaner{left: ("[FunctionalDependency:(s: {flight}, t: {sched_dep_time})]", 0.0), operator: *, right: (1.0, 1.0), result: 0.0}
列 'p' 不存在，对列 sched_dep_time 不过滤，直接选择所有非无效值。
Block processing time: 0.013016 seconds
Computing Block 297 out of 445
Processing Block size=24
begin cleaner{left: ("[FunctionalDependency:(s: {flight}, t: {sched_dep_time})]", 0.0), operator: *, right: (1.0, 1.0), result: 0.0}
列 'p' 不存在，对列 sched_dep_time 不过滤，直接选择所有非无效值。
Block processing time: 0.017228 seconds
Computing Block 298 out of 445
Processing Block size=22
begin cleaner{left: ("[FunctionalDependency:(s: {flight}, t: {sched_dep_time})]", 0.0), operator: *, right: (1.0, 1.0), result: 0.0}
列 'p' 不存在，对列 sched_dep_time 不过滤，直接选择所有非无效值。
Block processing time: 0.015838 seconds
Computing Block 300 out of 445
Processing Block size=15
begin cleaner{left: ("[FunctionalDependency:(s: {flight}, t: {sched_dep_time})]", 0.0), operator: *, right: (1.0, 1.0), result: 0.0}
列 'p' 不存在，对列 sched_dep_time 不过滤，直接选择所有非无效值。
Block processing time: 0.010864 seconds
Computing Block 303 out of 445
Processing Block size=18
begin cleaner{left: ("[FunctionalDependency:(s: {flight}, t: {sched_dep_time})]", 0.0), operator: *, right: (1.0, 1.0), result: 0.0}
列 'p' 不存在，对列 sched_dep_time 不过滤，直接选择所有非无效值。
Block processing time: 0.012952 seconds
Computing Block 304 out of 445
Processing Block size=19
begin cleaner{left: ("[FunctionalDependency:(s: {flight}, t: {sched_dep_time})]", 0.0), operator: *, right: (1.0, 1.0), result: 0.0}
列 'p' 不存在，对列 sched_dep_time 不过滤，直接选择所有非无效值。
Block processing time: 0.013695 seconds
Computing Block 306 out of 445
Processing Block size=21
begin cleaner{left: ("[FunctionalDependency:(s: {flight}, t: {sched_dep_time})]", 0.0), operator: *, right: (1.0, 1.0), result: 0.0}
列 'p' 不存在，对列 sched_dep_time 不过滤，直接选择所有非无效值。
Block processing time: 0.015141 seconds
Computing Block 313 out of 445
Processing Block size=20
begin cleaner{left: ("[FunctionalDependency:(s: {flight}, t: {sched_dep_time})]", 0.0), operator: *, right: (1.0, 1.0), result: 0.0}
列 'p' 不存在，对列 sched_dep_time 不过滤，直接选择所有非无效值。
Block processing time: 0.014367 seconds
Computing Block 315 out of 445
Processing Block size=22
begin cleaner{left: ("[FunctionalDependency:(s: {flight}, t: {sched_dep_time})]", 0.0), operator: *, right: (1.0, 1.0), result: 0.0}
列 'p' 不存在，对列 sched_dep_time 不过滤，直接选择所有非无效值。
Block processing time: 0.015876 seconds
Computing Block 318 out of 445
Processing Block size=19
begin cleaner{left: ("[FunctionalDependency:(s: {flight}, t: {sched_dep_time})]", 0.0), operator: *, right: (1.0, 1.0), result: 0.0}
列 'p' 不存在，对列 sched_dep_time 不过滤，直接选择所有非无效值。
Block processing time: 0.013665 seconds
Computing Block 320 out of 445
Processing Block size=18
begin cleaner{left: ("[FunctionalDependency:(s: {flight}, t: {sched_dep_time})]", 0.0), operator: *, right: (1.0, 1.0), result: 0.0}
列 'p' 不存在，对列 sched_dep_time 不过滤，直接选择所有非无效值。
Block processing time: 0.01304 seconds
Computing Block 321 out of 445
Processing Block size=23
begin cleaner{left: ("[FunctionalDependency:(s: {flight}, t: {sched_dep_time})]", 0.0), operator: *, right: (1.0, 1.0), result: 0.0}
列 'p' 不存在，对列 sched_dep_time 不过滤，直接选择所有非无效值。
Block processing time: 0.016793 seconds
Computing Block 330 out of 445
Processing Block size=20
begin cleaner{left: ("[FunctionalDependency:(s: {flight}, t: {sched_dep_time})]", 0.0), operator: *, right: (1.0, 1.0), result: 0.0}
列 'p' 不存在，对列 sched_dep_time 不过滤，直接选择所有非无效值。
Block processing time: 0.014839 seconds
Computing Block 333 out of 445
Processing Block size=16
begin cleaner{left: ("[FunctionalDependency:(s: {flight}, t: {sched_dep_time})]", 0.0), operator: *, right: (1.0, 1.0), result: 0.0}
列 'p' 不存在，对列 sched_dep_time 不过滤，直接选择所有非无效值。
Block processing time: 0.011617 seconds
Computing Block 335 out of 445
Processing Block size=18
begin cleaner{left: ("[FunctionalDependency:(s: {flight}, t: {sched_dep_time})]", 0.0), operator: *, right: (1.0, 1.0), result: 0.0}
列 'p' 不存在，对列 sched_dep_time 不过滤，直接选择所有非无效值。
Block processing time: 0.013033 seconds
Computing Block 341 out of 445
Processing Block size=16
begin cleaner{left: ("[FunctionalDependency:(s: {flight}, t: {sched_dep_time})]", 0.0), operator: *, right: (1.0, 1.0), result: 0.0}
列 'p' 不存在，对列 sched_dep_time 不过滤，直接选择所有非无效值。
Block processing time: 0.011277 seconds
Computing Block 346 out of 445
Processing Block size=21
begin cleaner{left: ("[FunctionalDependency:(s: {flight}, t: {sched_dep_time})]", 0.0), operator: *, right: (1.0, 1.0), result: 0.0}
列 'p' 不存在，对列 sched_dep_time 不过滤，直接选择所有非无效值。
Block processing time: 0.014819 seconds
Computing Block 350 out of 445
Processing Block size=22
begin cleaner{left: ("[FunctionalDependency:(s: {flight}, t: {sched_dep_time})]", 0.0), operator: *, right: (1.0, 1.0), result: 0.0}
列 'p' 不存在，对列 sched_dep_time 不过滤，直接选择所有非无效值。
Block processing time: 0.015912 seconds
Computing Block 359 out of 445
Processing Block size=16
begin cleaner{left: ("[FunctionalDependency:(s: {flight}, t: {sched_dep_time})]", 0.0), operator: *, right: (1.0, 1.0), result: 0.0}
列 'p' 不存在，对列 sched_dep_time 不过滤，直接选择所有非无效值。
Block processing time: 0.011475 seconds
Computing Block 373 out of 445
Processing Block size=18
begin cleaner{left: ("[FunctionalDependency:(s: {flight}, t: {sched_dep_time})]", 0.0), operator: *, right: (1.0, 1.0), result: 0.0}
列 'p' 不存在，对列 sched_dep_time 不过滤，直接选择所有非无效值。
Block processing time: 0.012701 seconds
Computing Block 376 out of 445
Processing Block size=18
begin cleaner{left: ("[FunctionalDependency:(s: {flight}, t: {sched_dep_time})]", 0.0), operator: *, right: (1.0, 1.0), result: 0.0}
列 'p' 不存在，对列 sched_dep_time 不过滤，直接选择所有非无效值。
Block processing time: 0.01269 seconds
Computing Block 379 out of 445
Processing Block size=18
begin cleaner{left: ("[FunctionalDependency:(s: {flight}, t: {sched_dep_time})]", 0.0), operator: *, right: (1.0, 1.0), result: 0.0}
列 'p' 不存在，对列 sched_dep_time 不过滤，直接选择所有非无效值。
Block processing time: 0.012635 seconds
Computing Block 382 out of 445
Processing Block size=24
begin cleaner{left: ("[FunctionalDependency:(s: {flight}, t: {sched_dep_time})]", 0.0), operator: *, right: (1.0, 1.0), result: 0.0}
列 'p' 不存在，对列 sched_dep_time 不过滤，直接选择所有非无效值。
Block processing time: 0.016875 seconds
Computing Block 398 out of 445
Processing Block size=24
begin cleaner{left: ("[FunctionalDependency:(s: {flight}, t: {sched_dep_time})]", 0.0), operator: *, right: (1.0, 1.0), result: 0.0}
列 'p' 不存在，对列 sched_dep_time 不过滤，直接选择所有非无效值。
Block processing time: 0.016873 seconds
Computing Block 399 out of 445
Processing Block size=18
begin cleaner{left: ("[FunctionalDependency:(s: {flight}, t: {sched_dep_time})]", 0.0), operator: *, right: (1.0, 1.0), result: 0.0}
列 'p' 不存在，对列 sched_dep_time 不过滤，直接选择所有非无效值。
Block processing time: 0.012716 seconds
Computing Block 404 out of 445
Processing Block size=16
begin cleaner{left: ("[FunctionalDependency:(s: {flight}, t: {sched_dep_time})]", 0.0), operator: *, right: (1.0, 1.0), result: 0.0}
列 'p' 不存在，对列 sched_dep_time 不过滤，直接选择所有非无效值。
Block processing time: 0.01128 seconds
Computing Block 408 out of 445
Processing Block size=23
begin cleaner{left: ("[FunctionalDependency:(s: {flight}, t: {sched_dep_time})]", 0.0), operator: *, right: (1.0, 1.0), result: 0.0}
列 'p' 不存在，对列 sched_dep_time 不过滤，直接选择所有非无效值。
Block processing time: 0.016286 seconds
Computing Block 412 out of 445
Processing Block size=18
begin cleaner{left: ("[FunctionalDependency:(s: {flight}, t: {sched_dep_time})]", 0.0), operator: *, right: (1.0, 1.0), result: 0.0}
列 'p' 不存在，对列 sched_dep_time 不过滤，直接选择所有非无效值。
Block processing time: 0.012712 seconds
Computing Block 413 out of 445
Processing Block size=22
begin cleaner{left: ("[FunctionalDependency:(s: {flight}, t: {sched_dep_time})]", 0.0), operator: *, right: (1.0, 1.0), result: 0.0}
列 'p' 不存在，对列 sched_dep_time 不过滤，直接选择所有非无效值。
Block processing time: 0.015516 seconds
Computing Block 419 out of 445
Processing Block size=20
begin cleaner{left: ("[FunctionalDependency:(s: {flight}, t: {sched_dep_time})]", 0.0), operator: *, right: (1.0, 1.0), result: 0.0}
列 'p' 不存在，对列 sched_dep_time 不过滤，直接选择所有非无效值。
Block processing time: 0.014064 seconds
Computing Block 420 out of 445
Processing Block size=17
begin cleaner{left: ("[FunctionalDependency:(s: {flight}, t: {sched_dep_time})]", 0.0), operator: *, right: (1.0, 1.0), result: 0.0}
列 'p' 不存在，对列 sched_dep_time 不过滤，直接选择所有非无效值。
Block processing time: 0.011956 seconds
Computing Block 434 out of 445
Processing Block size=13
begin cleaner{left: ("[FunctionalDependency:(s: {flight}, t: {sched_dep_time})]", 0.0), operator: *, right: (1.0, 1.0), result: 0.0}
列 'p' 不存在，对列 sched_dep_time 不过滤，直接选择所有非无效值。
Block processing time: 0.009221 seconds
Computing Block 439 out of 445
Processing Block size=16
begin cleaner{left: ("[FunctionalDependency:(s: {flight}, t: {sched_dep_time})]", 0.0), operator: *, right: (1.0, 1.0), result: 0.0}
列 'p' 不存在，对列 sched_dep_time 不过滤，直接选择所有非无效值。
Block processing time: 0.011312 seconds
Computing Block 440 out of 445
Processing Block size=19
begin cleaner{left: ("[FunctionalDependency:(s: {flight}, t: {sched_dep_time})]", 0.0), operator: *, right: (1.0, 1.0), result: 0.0}
WARNING:root:No partitioning rule specified, processing might be slow
列 'p' 不存在，对列 sched_dep_time 不过滤，直接选择所有非无效值。
Block processing time: 0.013446 seconds
  当前节点: sched_dep_time 无清洗操作
  当前节点: act_dep_time 存在可用清洗信号
数据块大小: 2376
分块属性:
[['flight']]
Starting initial block mapping...
Initial number of blocks: 445
Final number of blocks after further splitting: 445
Computing Block 2 out of 445
Processing Block size=16
begin cleaner[FunctionalDependency:(s: {'flight'}, t: {'act_dep_time'})]*1.0
列 'p' 不存在，对列 act_dep_time 不过滤，直接选择所有非无效值。
Block processing time: 0.011552 seconds
Computing Block 3 out of 445
Processing Block size=20
begin cleaner{left: ("[FunctionalDependency:(s: {flight}, t: {act_dep_time})]", 0.0), operator: *, right: (1.0, 1.0), result: 0.0}
列 'p' 不存在，对列 act_dep_time 不过滤，直接选择所有非无效值。
Block processing time: 0.014166 seconds
Computing Block 5 out of 445
Processing Block size=17
begin cleaner{left: ("[FunctionalDependency:(s: {flight}, t: {act_dep_time})]", 0.0), operator: *, right: (1.0, 1.0), result: 0.0}
列 'p' 不存在，对列 act_dep_time 不过滤，直接选择所有非无效值。
Block processing time: 0.012047 seconds
Computing Block 9 out of 445
Processing Block size=24
begin cleaner{left: ("[FunctionalDependency:(s: {flight}, t: {act_dep_time})]", 0.0), operator: *, right: (1.0, 1.0), result: 0.0}
列 'p' 不存在，对列 act_dep_time 不过滤，直接选择所有非无效值。
Block processing time: 0.016966 seconds
Computing Block 10 out of 445
Processing Block size=21
begin cleaner{left: ("[FunctionalDependency:(s: {flight}, t: {act_dep_time})]", 0.0), operator: *, right: (1.0, 1.0), result: 0.0}
列 'p' 不存在，对列 act_dep_time 不过滤，直接选择所有非无效值。
Block processing time: 0.0148 seconds
Computing Block 11 out of 445
Processing Block size=16
begin cleaner{left: ("[FunctionalDependency:(s: {flight}, t: {act_dep_time})]", 0.0), operator: *, right: (1.0, 1.0), result: 0.0}
列 'p' 不存在，对列 act_dep_time 不过滤，直接选择所有非无效值。
Block processing time: 0.011272 seconds
Computing Block 12 out of 445
Processing Block size=21
begin cleaner{left: ("[FunctionalDependency:(s: {flight}, t: {act_dep_time})]", 0.0), operator: *, right: (1.0, 1.0), result: 0.0}
列 'p' 不存在，对列 act_dep_time 不过滤，直接选择所有非无效值。
Block processing time: 0.014888 seconds
Computing Block 29 out of 445
Processing Block size=18
begin cleaner{left: ("[FunctionalDependency:(s: {flight}, t: {act_dep_time})]", 0.0), operator: *, right: (1.0, 1.0), result: 0.0}
列 'p' 不存在，对列 act_dep_time 不过滤，直接选择所有非无效值。
Block processing time: 0.01289 seconds
Computing Block 33 out of 445
Processing Block size=18
begin cleaner{left: ("[FunctionalDependency:(s: {flight}, t: {act_dep_time})]", 0.0), operator: *, right: (1.0, 1.0), result: 0.0}
列 'p' 不存在，对列 act_dep_time 不过滤，直接选择所有非无效值。
Block processing time: 0.012891 seconds
Computing Block 36 out of 445
Processing Block size=22
begin cleaner{left: ("[FunctionalDependency:(s: {flight}, t: {act_dep_time})]", 0.0), operator: *, right: (1.0, 1.0), result: 0.0}
列 'p' 不存在，对列 act_dep_time 不过滤，直接选择所有非无效值。
Block processing time: 0.015905 seconds
Computing Block 39 out of 445
Processing Block size=22
begin cleaner{left: ("[FunctionalDependency:(s: {flight}, t: {act_dep_time})]", 0.0), operator: *, right: (1.0, 1.0), result: 0.0}
列 'p' 不存在，对列 act_dep_time 不过滤，直接选择所有非无效值。
Block processing time: 0.016981 seconds
Computing Block 43 out of 445
Processing Block size=18
begin cleaner{left: ("[FunctionalDependency:(s: {flight}, t: {act_dep_time})]", 0.0), operator: *, right: (1.0, 1.0), result: 0.0}
列 'p' 不存在，对列 act_dep_time 不过滤，直接选择所有非无效值。
Block processing time: 0.013867 seconds
Computing Block 48 out of 445
Processing Block size=20
begin cleaner{left: ("[FunctionalDependency:(s: {flight}, t: {act_dep_time})]", 0.0), operator: *, right: (1.0, 1.0), result: 0.0}
列 'p' 不存在，对列 act_dep_time 不过滤，直接选择所有非无效值。
Block processing time: 0.015328 seconds
Computing Block 50 out of 445
Processing Block size=21
begin cleaner{left: ("[FunctionalDependency:(s: {flight}, t: {act_dep_time})]", 0.0), operator: *, right: (1.0, 1.0), result: 0.0}
列 'p' 不存在，对列 act_dep_time 不过滤，直接选择所有非无效值。
Block processing time: 0.016043 seconds
Computing Block 53 out of 445
Processing Block size=18
begin cleaner{left: ("[FunctionalDependency:(s: {flight}, t: {act_dep_time})]", 0.0), operator: *, right: (1.0, 1.0), result: 0.0}
列 'p' 不存在，对列 act_dep_time 不过滤，直接选择所有非无效值。
Block processing time: 0.013961 seconds
Computing Block 55 out of 445
Processing Block size=22
begin cleaner{left: ("[FunctionalDependency:(s: {flight}, t: {act_dep_time})]", 0.0), operator: *, right: (1.0, 1.0), result: 0.0}
列 'p' 不存在，对列 act_dep_time 不过滤，直接选择所有非无效值。
Block processing time: 0.016912 seconds
Computing Block 56 out of 445
Processing Block size=18
begin cleaner{left: ("[FunctionalDependency:(s: {flight}, t: {act_dep_time})]", 0.0), operator: *, right: (1.0, 1.0), result: 0.0}
列 'p' 不存在，对列 act_dep_time 不过滤，直接选择所有非无效值。
Block processing time: 0.01387 seconds
Computing Block 60 out of 445
Processing Block size=19
begin cleaner{left: ("[FunctionalDependency:(s: {flight}, t: {act_dep_time})]", 0.0), operator: *, right: (1.0, 1.0), result: 0.0}
列 'p' 不存在，对列 act_dep_time 不过滤，直接选择所有非无效值。
Block processing time: 0.014668 seconds
Computing Block 67 out of 445
Processing Block size=22
begin cleaner{left: ("[FunctionalDependency:(s: {flight}, t: {act_dep_time})]", 0.0), operator: *, right: (1.0, 1.0), result: 0.0}
列 'p' 不存在，对列 act_dep_time 不过滤，直接选择所有非无效值。
Block processing time: 0.017005 seconds
Computing Block 71 out of 445
Processing Block size=22
begin cleaner{left: ("[FunctionalDependency:(s: {flight}, t: {act_dep_time})]", 0.0), operator: *, right: (1.0, 1.0), result: 0.0}
列 'p' 不存在，对列 act_dep_time 不过滤，直接选择所有非无效值。
Block processing time: 0.01673 seconds
Computing Block 80 out of 445
Processing Block size=22
begin cleaner{left: ("[FunctionalDependency:(s: {flight}, t: {act_dep_time})]", 0.0), operator: *, right: (1.0, 1.0), result: 0.0}
列 'p' 不存在，对列 act_dep_time 不过滤，直接选择所有非无效值。
Block processing time: 0.016808 seconds
Computing Block 81 out of 445
Processing Block size=22
begin cleaner{left: ("[FunctionalDependency:(s: {flight}, t: {act_dep_time})]", 0.0), operator: *, right: (1.0, 1.0), result: 0.0}
列 'p' 不存在，对列 act_dep_time 不过滤，直接选择所有非无效值。
Block processing time: 0.016829 seconds
Computing Block 85 out of 445
Processing Block size=19
begin cleaner{left: ("[FunctionalDependency:(s: {flight}, t: {act_dep_time})]", 0.0), operator: *, right: (1.0, 1.0), result: 0.0}
列 'p' 不存在，对列 act_dep_time 不过滤，直接选择所有非无效值。
Block processing time: 0.014521 seconds
Computing Block 86 out of 445
Processing Block size=20
begin cleaner{left: ("[FunctionalDependency:(s: {flight}, t: {act_dep_time})]", 0.0), operator: *, right: (1.0, 1.0), result: 0.0}
列 'p' 不存在，对列 act_dep_time 不过滤，直接选择所有非无效值。
Block processing time: 0.015305 seconds
Computing Block 89 out of 445
Processing Block size=26
begin cleaner{left: ("[FunctionalDependency:(s: {flight}, t: {act_dep_time})]", 0.0), operator: *, right: (1.0, 1.0), result: 0.0}
列 'p' 不存在，对列 act_dep_time 不过滤，直接选择所有非无效值。
Block processing time: 0.019985 seconds
Computing Block 90 out of 445
Processing Block size=19
begin cleaner{left: ("[FunctionalDependency:(s: {flight}, t: {act_dep_time})]", 0.0), operator: *, right: (1.0, 1.0), result: 0.0}
列 'p' 不存在，对列 act_dep_time 不过滤，直接选择所有非无效值。
Block processing time: 0.01351 seconds
Computing Block 98 out of 445
Processing Block size=19
begin cleaner{left: ("[FunctionalDependency:(s: {flight}, t: {act_dep_time})]", 0.0), operator: *, right: (1.0, 1.0), result: 0.0}
列 'p' 不存在，对列 act_dep_time 不过滤，直接选择所有非无效值。
Block processing time: 0.013603 seconds
Computing Block 100 out of 445
Processing Block size=22
begin cleaner{left: ("[FunctionalDependency:(s: {flight}, t: {act_dep_time})]", 0.0), operator: *, right: (1.0, 1.0), result: 0.0}
列 'p' 不存在，对列 act_dep_time 不过滤，直接选择所有非无效值。
Block processing time: 0.015665 seconds
Computing Block 102 out of 445
Processing Block size=19
begin cleaner{left: ("[FunctionalDependency:(s: {flight}, t: {act_dep_time})]", 0.0), operator: *, right: (1.0, 1.0), result: 0.0}
列 'p' 不存在，对列 act_dep_time 不过滤，直接选择所有非无效值。
Block processing time: 0.013493 seconds
Computing Block 103 out of 445
Processing Block size=21
begin cleaner{left: ("[FunctionalDependency:(s: {flight}, t: {act_dep_time})]", 0.0), operator: *, right: (1.0, 1.0), result: 0.0}
列 'p' 不存在，对列 act_dep_time 不过滤，直接选择所有非无效值。
Block processing time: 0.014818 seconds
Computing Block 105 out of 445
Processing Block size=23
begin cleaner{left: ("[FunctionalDependency:(s: {flight}, t: {act_dep_time})]", 0.0), operator: *, right: (1.0, 1.0), result: 0.0}
列 'p' 不存在，对列 act_dep_time 不过滤，直接选择所有非无效值。
Block processing time: 0.016313 seconds
Computing Block 106 out of 445
Processing Block size=19
begin cleaner{left: ("[FunctionalDependency:(s: {flight}, t: {act_dep_time})]", 0.0), operator: *, right: (1.0, 1.0), result: 0.0}
列 'p' 不存在，对列 act_dep_time 不过滤，直接选择所有非无效值。
Block processing time: 0.013515 seconds
Computing Block 107 out of 445
Processing Block size=23
begin cleaner{left: ("[FunctionalDependency:(s: {flight}, t: {act_dep_time})]", 0.0), operator: *, right: (1.0, 1.0), result: 0.0}
列 'p' 不存在，对列 act_dep_time 不过滤，直接选择所有非无效值。
Block processing time: 0.016301 seconds
Computing Block 112 out of 445
Processing Block size=17
begin cleaner{left: ("[FunctionalDependency:(s: {flight}, t: {act_dep_time})]", 0.0), operator: *, right: (1.0, 1.0), result: 0.0}
列 'p' 不存在，对列 act_dep_time 不过滤，直接选择所有非无效值。
Block processing time: 0.012 seconds
Computing Block 119 out of 445
Processing Block size=14
begin cleaner{left: ("[FunctionalDependency:(s: {flight}, t: {act_dep_time})]", 0.0), operator: *, right: (1.0, 1.0), result: 0.0}
列 'p' 不存在，对列 act_dep_time 不过滤，直接选择所有非无效值。
Block processing time: 0.010014 seconds
Computing Block 126 out of 445
Processing Block size=10
begin cleaner{left: ("[FunctionalDependency:(s: {flight}, t: {act_dep_time})]", 0.0), operator: *, right: (1.0, 1.0), result: 0.0}
列 'p' 不存在，对列 act_dep_time 不过滤，直接选择所有非无效值。
Block processing time: 0.007152 seconds
Computing Block 130 out of 445
Processing Block size=13
begin cleaner{left: ("[FunctionalDependency:(s: {flight}, t: {act_dep_time})]", 0.0), operator: *, right: (1.0, 1.0), result: 0.0}
列 'p' 不存在，对列 act_dep_time 不过滤，直接选择所有非无效值。
Block processing time: 0.00925 seconds
Computing Block 131 out of 445
Processing Block size=19
begin cleaner{left: ("[FunctionalDependency:(s: {flight}, t: {act_dep_time})]", 0.0), operator: *, right: (1.0, 1.0), result: 0.0}
列 'p' 不存在，对列 act_dep_time 不过滤，直接选择所有非无效值。
Block processing time: 0.013412 seconds
Computing Block 134 out of 445
Processing Block size=20
begin cleaner{left: ("[FunctionalDependency:(s: {flight}, t: {act_dep_time})]", 0.0), operator: *, right: (1.0, 1.0), result: 0.0}
列 'p' 不存在，对列 act_dep_time 不过滤，直接选择所有非无效值。
Block processing time: 0.014119 seconds
Computing Block 137 out of 445
Processing Block size=21
begin cleaner{left: ("[FunctionalDependency:(s: {flight}, t: {act_dep_time})]", 0.0), operator: *, right: (1.0, 1.0), result: 0.0}
列 'p' 不存在，对列 act_dep_time 不过滤，直接选择所有非无效值。
Block processing time: 0.014858 seconds
Computing Block 150 out of 445
Processing Block size=20
begin cleaner{left: ("[FunctionalDependency:(s: {flight}, t: {act_dep_time})]", 0.0), operator: *, right: (1.0, 1.0), result: 0.0}
列 'p' 不存在，对列 act_dep_time 不过滤，直接选择所有非无效值。
Block processing time: 0.014322 seconds
Computing Block 151 out of 445
Processing Block size=12
begin cleaner{left: ("[FunctionalDependency:(s: {flight}, t: {act_dep_time})]", 0.0), operator: *, right: (1.0, 1.0), result: 0.0}
列 'p' 不存在，对列 act_dep_time 不过滤，直接选择所有非无效值。
Block processing time: 0.008499 seconds
Computing Block 154 out of 445
Processing Block size=15
begin cleaner{left: ("[FunctionalDependency:(s: {flight}, t: {act_dep_time})]", 0.0), operator: *, right: (1.0, 1.0), result: 0.0}
列 'p' 不存在，对列 act_dep_time 不过滤，直接选择所有非无效值。
Block processing time: 0.010608 seconds
Computing Block 164 out of 445
Processing Block size=19
begin cleaner{left: ("[FunctionalDependency:(s: {flight}, t: {act_dep_time})]", 0.0), operator: *, right: (1.0, 1.0), result: 0.0}
列 'p' 不存在，对列 act_dep_time 不过滤，直接选择所有非无效值。
Block processing time: 0.013506 seconds
Computing Block 169 out of 445
Processing Block size=20
begin cleaner{left: ("[FunctionalDependency:(s: {flight}, t: {act_dep_time})]", 0.0), operator: *, right: (1.0, 1.0), result: 0.0}
列 'p' 不存在，对列 act_dep_time 不过滤，直接选择所有非无效值。
Block processing time: 0.014245 seconds
Computing Block 172 out of 445
Processing Block size=19
begin cleaner{left: ("[FunctionalDependency:(s: {flight}, t: {act_dep_time})]", 0.0), operator: *, right: (1.0, 1.0), result: 0.0}
列 'p' 不存在，对列 act_dep_time 不过滤，直接选择所有非无效值。
Block processing time: 0.013378 seconds
Computing Block 177 out of 445
Processing Block size=21
begin cleaner{left: ("[FunctionalDependency:(s: {flight}, t: {act_dep_time})]", 0.0), operator: *, right: (1.0, 1.0), result: 0.0}
列 'p' 不存在，对列 act_dep_time 不过滤，直接选择所有非无效值。
Block processing time: 0.014827 seconds
Computing Block 183 out of 445
Processing Block size=17
begin cleaner{left: ("[FunctionalDependency:(s: {flight}, t: {act_dep_time})]", 0.0), operator: *, right: (1.0, 1.0), result: 0.0}
列 'p' 不存在，对列 act_dep_time 不过滤，直接选择所有非无效值。
Block processing time: 0.012045 seconds
Computing Block 187 out of 445
Processing Block size=19
begin cleaner{left: ("[FunctionalDependency:(s: {flight}, t: {act_dep_time})]", 0.0), operator: *, right: (1.0, 1.0), result: 0.0}
列 'p' 不存在，对列 act_dep_time 不过滤，直接选择所有非无效值。
Block processing time: 0.013468 seconds
Computing Block 190 out of 445
Processing Block size=20
begin cleaner{left: ("[FunctionalDependency:(s: {flight}, t: {act_dep_time})]", 0.0), operator: *, right: (1.0, 1.0), result: 0.0}
列 'p' 不存在，对列 act_dep_time 不过滤，直接选择所有非无效值。
Block processing time: 0.014129 seconds
Computing Block 193 out of 445
Processing Block size=15
begin cleaner{left: ("[FunctionalDependency:(s: {flight}, t: {act_dep_time})]", 0.0), operator: *, right: (1.0, 1.0), result: 0.0}
列 'p' 不存在，对列 act_dep_time 不过滤，直接选择所有非无效值。
Block processing time: 0.011162 seconds
Computing Block 203 out of 445
Processing Block size=20
begin cleaner{left: ("[FunctionalDependency:(s: {flight}, t: {act_dep_time})]", 0.0), operator: *, right: (1.0, 1.0), result: 0.0}
列 'p' 不存在，对列 act_dep_time 不过滤，直接选择所有非无效值。
Block processing time: 0.014288 seconds
Computing Block 204 out of 445
Processing Block size=14
begin cleaner{left: ("[FunctionalDependency:(s: {flight}, t: {act_dep_time})]", 0.0), operator: *, right: (1.0, 1.0), result: 0.0}
列 'p' 不存在，对列 act_dep_time 不过滤，直接选择所有非无效值。
Block processing time: 0.009979 seconds
Computing Block 206 out of 445
Processing Block size=21
begin cleaner{left: ("[FunctionalDependency:(s: {flight}, t: {act_dep_time})]", 0.0), operator: *, right: (1.0, 1.0), result: 0.0}
列 'p' 不存在，对列 act_dep_time 不过滤，直接选择所有非无效值。
Block processing time: 0.014864 seconds
Computing Block 208 out of 445
Processing Block size=18
begin cleaner{left: ("[FunctionalDependency:(s: {flight}, t: {act_dep_time})]", 0.0), operator: *, right: (1.0, 1.0), result: 0.0}
列 'p' 不存在，对列 act_dep_time 不过滤，直接选择所有非无效值。
Block processing time: 0.012773 seconds
Computing Block 214 out of 445
Processing Block size=24
begin cleaner{left: ("[FunctionalDependency:(s: {flight}, t: {act_dep_time})]", 0.0), operator: *, right: (1.0, 1.0), result: 0.0}
列 'p' 不存在，对列 act_dep_time 不过滤，直接选择所有非无效值。
Block processing time: 0.016959 seconds
Computing Block 219 out of 445
Processing Block size=18
begin cleaner{left: ("[FunctionalDependency:(s: {flight}, t: {act_dep_time})]", 0.0), operator: *, right: (1.0, 1.0), result: 0.0}
列 'p' 不存在，对列 act_dep_time 不过滤，直接选择所有非无效值。
Block processing time: 0.012748 seconds
Computing Block 237 out of 445
Processing Block size=18
begin cleaner{left: ("[FunctionalDependency:(s: {flight}, t: {act_dep_time})]", 0.0), operator: *, right: (1.0, 1.0), result: 0.0}
列 'p' 不存在，对列 act_dep_time 不过滤，直接选择所有非无效值。
Block processing time: 0.01277 seconds
Computing Block 239 out of 445
Processing Block size=18
begin cleaner{left: ("[FunctionalDependency:(s: {flight}, t: {act_dep_time})]", 0.0), operator: *, right: (1.0, 1.0), result: 0.0}
列 'p' 不存在，对列 act_dep_time 不过滤，直接选择所有非无效值。
Block processing time: 0.012928 seconds
Computing Block 244 out of 445
Processing Block size=21
begin cleaner{left: ("[FunctionalDependency:(s: {flight}, t: {act_dep_time})]", 0.0), operator: *, right: (1.0, 1.0), result: 0.0}
列 'p' 不存在，对列 act_dep_time 不过滤，直接选择所有非无效值。
Block processing time: 0.014919 seconds
Computing Block 247 out of 445
Processing Block size=24
begin cleaner{left: ("[FunctionalDependency:(s: {flight}, t: {act_dep_time})]", 0.0), operator: *, right: (1.0, 1.0), result: 0.0}
列 'p' 不存在，对列 act_dep_time 不过滤，直接选择所有非无效值。
Block processing time: 0.017124 seconds
Computing Block 254 out of 445
Processing Block size=18
begin cleaner{left: ("[FunctionalDependency:(s: {flight}, t: {act_dep_time})]", 0.0), operator: *, right: (1.0, 1.0), result: 0.0}
列 'p' 不存在，对列 act_dep_time 不过滤，直接选择所有非无效值。
Block processing time: 0.013218 seconds
Computing Block 257 out of 445
Processing Block size=17
begin cleaner{left: ("[FunctionalDependency:(s: {flight}, t: {act_dep_time})]", 0.0), operator: *, right: (1.0, 1.0), result: 0.0}
列 'p' 不存在，对列 act_dep_time 不过滤，直接选择所有非无效值。
Block processing time: 0.013087 seconds
Computing Block 261 out of 445
Processing Block size=13
begin cleaner{left: ("[FunctionalDependency:(s: {flight}, t: {act_dep_time})]", 0.0), operator: *, right: (1.0, 1.0), result: 0.0}
列 'p' 不存在，对列 act_dep_time 不过滤，直接选择所有非无效值。
Block processing time: 0.009917 seconds
Computing Block 263 out of 445
Processing Block size=18
begin cleaner{left: ("[FunctionalDependency:(s: {flight}, t: {act_dep_time})]", 0.0), operator: *, right: (1.0, 1.0), result: 0.0}
列 'p' 不存在，对列 act_dep_time 不过滤，直接选择所有非无效值。
Block processing time: 0.013739 seconds
Computing Block 281 out of 445
Processing Block size=21
begin cleaner{left: ("[FunctionalDependency:(s: {flight}, t: {act_dep_time})]", 0.0), operator: *, right: (1.0, 1.0), result: 0.0}
列 'p' 不存在，对列 act_dep_time 不过滤，直接选择所有非无效值。
Block processing time: 0.016111 seconds
Computing Block 285 out of 445
Processing Block size=18
begin cleaner{left: ("[FunctionalDependency:(s: {flight}, t: {act_dep_time})]", 0.0), operator: *, right: (1.0, 1.0), result: 0.0}
列 'p' 不存在，对列 act_dep_time 不过滤，直接选择所有非无效值。
Block processing time: 0.013875 seconds
Computing Block 297 out of 445
Processing Block size=24
begin cleaner{left: ("[FunctionalDependency:(s: {flight}, t: {act_dep_time})]", 0.0), operator: *, right: (1.0, 1.0), result: 0.0}
列 'p' 不存在，对列 act_dep_time 不过滤，直接选择所有非无效值。
Block processing time: 0.018457 seconds
Computing Block 298 out of 445
Processing Block size=22
begin cleaner{left: ("[FunctionalDependency:(s: {flight}, t: {act_dep_time})]", 0.0), operator: *, right: (1.0, 1.0), result: 0.0}
列 'p' 不存在，对列 act_dep_time 不过滤，直接选择所有非无效值。
Block processing time: 0.016691 seconds
Computing Block 300 out of 445
Processing Block size=15
begin cleaner{left: ("[FunctionalDependency:(s: {flight}, t: {act_dep_time})]", 0.0), operator: *, right: (1.0, 1.0), result: 0.0}
列 'p' 不存在，对列 act_dep_time 不过滤，直接选择所有非无效值。
Block processing time: 0.011383 seconds
Computing Block 303 out of 445
Processing Block size=18
begin cleaner{left: ("[FunctionalDependency:(s: {flight}, t: {act_dep_time})]", 0.0), operator: *, right: (1.0, 1.0), result: 0.0}
列 'p' 不存在，对列 act_dep_time 不过滤，直接选择所有非无效值。
Block processing time: 0.013689 seconds
Computing Block 304 out of 445
Processing Block size=19
begin cleaner{left: ("[FunctionalDependency:(s: {flight}, t: {act_dep_time})]", 0.0), operator: *, right: (1.0, 1.0), result: 0.0}
列 'p' 不存在，对列 act_dep_time 不过滤，直接选择所有非无效值。
Block processing time: 0.014433 seconds
Computing Block 306 out of 445
Processing Block size=21
begin cleaner{left: ("[FunctionalDependency:(s: {flight}, t: {act_dep_time})]", 0.0), operator: *, right: (1.0, 1.0), result: 0.0}
列 'p' 不存在，对列 act_dep_time 不过滤，直接选择所有非无效值。
Block processing time: 0.015909 seconds
Computing Block 313 out of 445
Processing Block size=20
begin cleaner{left: ("[FunctionalDependency:(s: {flight}, t: {act_dep_time})]", 0.0), operator: *, right: (1.0, 1.0), result: 0.0}
列 'p' 不存在，对列 act_dep_time 不过滤，直接选择所有非无效值。
Block processing time: 0.015286 seconds
Computing Block 315 out of 445
Processing Block size=22
begin cleaner{left: ("[FunctionalDependency:(s: {flight}, t: {act_dep_time})]", 0.0), operator: *, right: (1.0, 1.0), result: 0.0}
列 'p' 不存在，对列 act_dep_time 不过滤，直接选择所有非无效值。
Block processing time: 0.016879 seconds
Computing Block 318 out of 445
Processing Block size=19
begin cleaner{left: ("[FunctionalDependency:(s: {flight}, t: {act_dep_time})]", 0.0), operator: *, right: (1.0, 1.0), result: 0.0}
列 'p' 不存在，对列 act_dep_time 不过滤，直接选择所有非无效值。
Block processing time: 0.014597 seconds
Computing Block 320 out of 445
Processing Block size=18
begin cleaner{left: ("[FunctionalDependency:(s: {flight}, t: {act_dep_time})]", 0.0), operator: *, right: (1.0, 1.0), result: 0.0}
列 'p' 不存在，对列 act_dep_time 不过滤，直接选择所有非无效值。
Block processing time: 0.013747 seconds
Computing Block 321 out of 445
Processing Block size=23
WARNING:root:No partitioning rule specified, processing might be slow
begin cleaner{left: ("[FunctionalDependency:(s: {flight}, t: {act_dep_time})]", 0.0), operator: *, right: (1.0, 1.0), result: 0.0}
列 'p' 不存在，对列 act_dep_time 不过滤，直接选择所有非无效值。
Block processing time: 0.016185 seconds
Computing Block 330 out of 445
Processing Block size=20
begin cleaner{left: ("[FunctionalDependency:(s: {flight}, t: {act_dep_time})]", 0.0), operator: *, right: (1.0, 1.0), result: 0.0}
列 'p' 不存在，对列 act_dep_time 不过滤，直接选择所有非无效值。
Block processing time: 0.014288 seconds
Computing Block 333 out of 445
Processing Block size=16
begin cleaner{left: ("[FunctionalDependency:(s: {flight}, t: {act_dep_time})]", 0.0), operator: *, right: (1.0, 1.0), result: 0.0}
列 'p' 不存在，对列 act_dep_time 不过滤，直接选择所有非无效值。
Block processing time: 0.011409 seconds
Computing Block 335 out of 445
Processing Block size=18
begin cleaner{left: ("[FunctionalDependency:(s: {flight}, t: {act_dep_time})]", 0.0), operator: *, right: (1.0, 1.0), result: 0.0}
列 'p' 不存在，对列 act_dep_time 不过滤，直接选择所有非无效值。
Block processing time: 0.012725 seconds
Computing Block 341 out of 445
Processing Block size=16
begin cleaner{left: ("[FunctionalDependency:(s: {flight}, t: {act_dep_time})]", 0.0), operator: *, right: (1.0, 1.0), result: 0.0}
列 'p' 不存在，对列 act_dep_time 不过滤，直接选择所有非无效值。
Block processing time: 0.011447 seconds
Computing Block 346 out of 445
Processing Block size=21
begin cleaner{left: ("[FunctionalDependency:(s: {flight}, t: {act_dep_time})]", 0.0), operator: *, right: (1.0, 1.0), result: 0.0}
列 'p' 不存在，对列 act_dep_time 不过滤，直接选择所有非无效值。
Block processing time: 0.014943 seconds
Computing Block 350 out of 445
Processing Block size=22
begin cleaner{left: ("[FunctionalDependency:(s: {flight}, t: {act_dep_time})]", 0.0), operator: *, right: (1.0, 1.0), result: 0.0}
列 'p' 不存在，对列 act_dep_time 不过滤，直接选择所有非无效值。
Block processing time: 0.015554 seconds
Computing Block 359 out of 445
Processing Block size=16
begin cleaner{left: ("[FunctionalDependency:(s: {flight}, t: {act_dep_time})]", 0.0), operator: *, right: (1.0, 1.0), result: 0.0}
列 'p' 不存在，对列 act_dep_time 不过滤，直接选择所有非无效值。
Block processing time: 0.011357 seconds
Computing Block 373 out of 445
Processing Block size=18
begin cleaner{left: ("[FunctionalDependency:(s: {flight}, t: {act_dep_time})]", 0.0), operator: *, right: (1.0, 1.0), result: 0.0}
列 'p' 不存在，对列 act_dep_time 不过滤，直接选择所有非无效值。
Block processing time: 0.012783 seconds
Computing Block 376 out of 445
Processing Block size=18
begin cleaner{left: ("[FunctionalDependency:(s: {flight}, t: {act_dep_time})]", 0.0), operator: *, right: (1.0, 1.0), result: 0.0}
列 'p' 不存在，对列 act_dep_time 不过滤，直接选择所有非无效值。
Block processing time: 0.012803 seconds
Computing Block 379 out of 445
Processing Block size=18
begin cleaner{left: ("[FunctionalDependency:(s: {flight}, t: {act_dep_time})]", 0.0), operator: *, right: (1.0, 1.0), result: 0.0}
列 'p' 不存在，对列 act_dep_time 不过滤，直接选择所有非无效值。
Block processing time: 0.012721 seconds
Computing Block 382 out of 445
Processing Block size=24
begin cleaner{left: ("[FunctionalDependency:(s: {flight}, t: {act_dep_time})]", 0.0), operator: *, right: (1.0, 1.0), result: 0.0}
列 'p' 不存在，对列 act_dep_time 不过滤，直接选择所有非无效值。
Block processing time: 0.016948 seconds
Computing Block 398 out of 445
Processing Block size=24
begin cleaner{left: ("[FunctionalDependency:(s: {flight}, t: {act_dep_time})]", 0.0), operator: *, right: (1.0, 1.0), result: 0.0}
列 'p' 不存在，对列 act_dep_time 不过滤，直接选择所有非无效值。
Block processing time: 0.016917 seconds
Computing Block 399 out of 445
Processing Block size=18
begin cleaner{left: ("[FunctionalDependency:(s: {flight}, t: {act_dep_time})]", 0.0), operator: *, right: (1.0, 1.0), result: 0.0}
列 'p' 不存在，对列 act_dep_time 不过滤，直接选择所有非无效值。
Block processing time: 0.012691 seconds
Computing Block 404 out of 445
Processing Block size=16
begin cleaner{left: ("[FunctionalDependency:(s: {flight}, t: {act_dep_time})]", 0.0), operator: *, right: (1.0, 1.0), result: 0.0}
列 'p' 不存在，对列 act_dep_time 不过滤，直接选择所有非无效值。
Block processing time: 0.011261 seconds
Computing Block 408 out of 445
Processing Block size=23
begin cleaner{left: ("[FunctionalDependency:(s: {flight}, t: {act_dep_time})]", 0.0), operator: *, right: (1.0, 1.0), result: 0.0}
列 'p' 不存在，对列 act_dep_time 不过滤，直接选择所有非无效值。
Block processing time: 0.016235 seconds
Computing Block 412 out of 445
Processing Block size=18
begin cleaner{left: ("[FunctionalDependency:(s: {flight}, t: {act_dep_time})]", 0.0), operator: *, right: (1.0, 1.0), result: 0.0}
列 'p' 不存在，对列 act_dep_time 不过滤，直接选择所有非无效值。
Block processing time: 0.012826 seconds
Computing Block 413 out of 445
Processing Block size=22
begin cleaner{left: ("[FunctionalDependency:(s: {flight}, t: {act_dep_time})]", 0.0), operator: *, right: (1.0, 1.0), result: 0.0}
列 'p' 不存在，对列 act_dep_time 不过滤，直接选择所有非无效值。
Block processing time: 0.015504 seconds
Computing Block 419 out of 445
Processing Block size=20
begin cleaner{left: ("[FunctionalDependency:(s: {flight}, t: {act_dep_time})]", 0.0), operator: *, right: (1.0, 1.0), result: 0.0}
列 'p' 不存在，对列 act_dep_time 不过滤，直接选择所有非无效值。
Block processing time: 0.014152 seconds
Computing Block 420 out of 445
Processing Block size=17
begin cleaner{left: ("[FunctionalDependency:(s: {flight}, t: {act_dep_time})]", 0.0), operator: *, right: (1.0, 1.0), result: 0.0}
列 'p' 不存在，对列 act_dep_time 不过滤，直接选择所有非无效值。
Block processing time: 0.011976 seconds
Computing Block 434 out of 445
Processing Block size=13
begin cleaner{left: ("[FunctionalDependency:(s: {flight}, t: {act_dep_time})]", 0.0), operator: *, right: (1.0, 1.0), result: 0.0}
列 'p' 不存在，对列 act_dep_time 不过滤，直接选择所有非无效值。
Block processing time: 0.009167 seconds
Computing Block 439 out of 445
Processing Block size=16
begin cleaner{left: ("[FunctionalDependency:(s: {flight}, t: {act_dep_time})]", 0.0), operator: *, right: (1.0, 1.0), result: 0.0}
列 'p' 不存在，对列 act_dep_time 不过滤，直接选择所有非无效值。
Block processing time: 0.011441 seconds
Computing Block 440 out of 445
Processing Block size=19
begin cleaner{left: ("[FunctionalDependency:(s: {flight}, t: {act_dep_time})]", 0.0), operator: *, right: (1.0, 1.0), result: 0.0}
列 'p' 不存在，对列 act_dep_time 不过滤，直接选择所有非无效值。
Block processing time: 0.013306 seconds
  当前节点: act_dep_time 无清洗操作
  当前节点: sched_arr_time 存在可用清洗信号
数据块大小: 2376
分块属性:
[['flight']]
Starting initial block mapping...
Initial number of blocks: 445
Final number of blocks after further splitting: 445
Computing Block 2 out of 445
Processing Block size=16
begin cleaner[FunctionalDependency:(s: {'flight'}, t: {'sched_arr_time'})]*1.0
列 'p' 不存在，对列 sched_arr_time 不过滤，直接选择所有非无效值。
Block processing time: 0.01153 seconds
Computing Block 3 out of 445
Processing Block size=20
begin cleaner{left: ("[FunctionalDependency:(s: {flight}, t: {sched_arr_time})]", 0.0), operator: *, right: (1.0, 1.0), result: 0.0}
列 'p' 不存在，对列 sched_arr_time 不过滤，直接选择所有非无效值。
Block processing time: 0.014148 seconds
Computing Block 5 out of 445
Processing Block size=17
begin cleaner{left: ("[FunctionalDependency:(s: {flight}, t: {sched_arr_time})]", 0.0), operator: *, right: (1.0, 1.0), result: 0.0}
列 'p' 不存在，对列 sched_arr_time 不过滤，直接选择所有非无效值。
Block processing time: 0.012027 seconds
Computing Block 9 out of 445
Processing Block size=24
begin cleaner{left: ("[FunctionalDependency:(s: {flight}, t: {sched_arr_time})]", 0.0), operator: *, right: (1.0, 1.0), result: 0.0}
列 'p' 不存在，对列 sched_arr_time 不过滤，直接选择所有非无效值。
Block processing time: 0.016944 seconds
Computing Block 10 out of 445
Processing Block size=21
begin cleaner{left: ("[FunctionalDependency:(s: {flight}, t: {sched_arr_time})]", 0.0), operator: *, right: (1.0, 1.0), result: 0.0}
列 'p' 不存在，对列 sched_arr_time 不过滤，直接选择所有非无效值。
Block processing time: 0.014803 seconds
Computing Block 11 out of 445
Processing Block size=16
begin cleaner{left: ("[FunctionalDependency:(s: {flight}, t: {sched_arr_time})]", 0.0), operator: *, right: (1.0, 1.0), result: 0.0}
列 'p' 不存在，对列 sched_arr_time 不过滤，直接选择所有非无效值。
Block processing time: 0.011283 seconds
Computing Block 12 out of 445
Processing Block size=21
begin cleaner{left: ("[FunctionalDependency:(s: {flight}, t: {sched_arr_time})]", 0.0), operator: *, right: (1.0, 1.0), result: 0.0}
列 'p' 不存在，对列 sched_arr_time 不过滤，直接选择所有非无效值。
Block processing time: 0.014769 seconds
Computing Block 29 out of 445
Processing Block size=18
begin cleaner{left: ("[FunctionalDependency:(s: {flight}, t: {sched_arr_time})]", 0.0), operator: *, right: (1.0, 1.0), result: 0.0}
列 'p' 不存在，对列 sched_arr_time 不过滤，直接选择所有非无效值。
Block processing time: 0.012748 seconds
Computing Block 33 out of 445
Processing Block size=18
begin cleaner{left: ("[FunctionalDependency:(s: {flight}, t: {sched_arr_time})]", 0.0), operator: *, right: (1.0, 1.0), result: 0.0}
列 'p' 不存在，对列 sched_arr_time 不过滤，直接选择所有非无效值。
Block processing time: 0.013739 seconds
Computing Block 36 out of 445
Processing Block size=22
begin cleaner{left: ("[FunctionalDependency:(s: {flight}, t: {sched_arr_time})]", 0.0), operator: *, right: (1.0, 1.0), result: 0.0}
列 'p' 不存在，对列 sched_arr_time 不过滤，直接选择所有非无效值。
Block processing time: 0.016757 seconds
Computing Block 39 out of 445
Processing Block size=22
begin cleaner{left: ("[FunctionalDependency:(s: {flight}, t: {sched_arr_time})]", 0.0), operator: *, right: (1.0, 1.0), result: 0.0}
列 'p' 不存在，对列 sched_arr_time 不过滤，直接选择所有非无效值。
Block processing time: 0.016834 seconds
Computing Block 43 out of 445
Processing Block size=18
begin cleaner{left: ("[FunctionalDependency:(s: {flight}, t: {sched_arr_time})]", 0.0), operator: *, right: (1.0, 1.0), result: 0.0}
列 'p' 不存在，对列 sched_arr_time 不过滤，直接选择所有非无效值。
Block processing time: 0.013765 seconds
Computing Block 48 out of 445
Processing Block size=20
begin cleaner{left: ("[FunctionalDependency:(s: {flight}, t: {sched_arr_time})]", 0.0), operator: *, right: (1.0, 1.0), result: 0.0}
列 'p' 不存在，对列 sched_arr_time 不过滤，直接选择所有非无效值。
Block processing time: 0.01533 seconds
Computing Block 50 out of 445
Processing Block size=21
begin cleaner{left: ("[FunctionalDependency:(s: {flight}, t: {sched_arr_time})]", 0.0), operator: *, right: (1.0, 1.0), result: 0.0}
列 'p' 不存在，对列 sched_arr_time 不过滤，直接选择所有非无效值。
Block processing time: 0.016005 seconds
Computing Block 53 out of 445
Processing Block size=18
begin cleaner{left: ("[FunctionalDependency:(s: {flight}, t: {sched_arr_time})]", 0.0), operator: *, right: (1.0, 1.0), result: 0.0}
列 'p' 不存在，对列 sched_arr_time 不过滤，直接选择所有非无效值。
Block processing time: 0.0138 seconds
Computing Block 55 out of 445
Processing Block size=22
begin cleaner{left: ("[FunctionalDependency:(s: {flight}, t: {sched_arr_time})]", 0.0), operator: *, right: (1.0, 1.0), result: 0.0}
列 'p' 不存在，对列 sched_arr_time 不过滤，直接选择所有非无效值。
Block processing time: 0.016729 seconds
Computing Block 56 out of 445
Processing Block size=18
begin cleaner{left: ("[FunctionalDependency:(s: {flight}, t: {sched_arr_time})]", 0.0), operator: *, right: (1.0, 1.0), result: 0.0}
列 'p' 不存在，对列 sched_arr_time 不过滤，直接选择所有非无效值。
Block processing time: 0.013846 seconds
Computing Block 60 out of 445
Processing Block size=19
begin cleaner{left: ("[FunctionalDependency:(s: {flight}, t: {sched_arr_time})]", 0.0), operator: *, right: (1.0, 1.0), result: 0.0}
列 'p' 不存在，对列 sched_arr_time 不过滤，直接选择所有非无效值。
Block processing time: 0.014536 seconds
Computing Block 67 out of 445
Processing Block size=22
begin cleaner{left: ("[FunctionalDependency:(s: {flight}, t: {sched_arr_time})]", 0.0), operator: *, right: (1.0, 1.0), result: 0.0}
列 'p' 不存在，对列 sched_arr_time 不过滤，直接选择所有非无效值。
Block processing time: 0.016783 seconds
Computing Block 71 out of 445
Processing Block size=22
begin cleaner{left: ("[FunctionalDependency:(s: {flight}, t: {sched_arr_time})]", 0.0), operator: *, right: (1.0, 1.0), result: 0.0}
列 'p' 不存在，对列 sched_arr_time 不过滤，直接选择所有非无效值。
Block processing time: 0.016892 seconds
Computing Block 80 out of 445
Processing Block size=22
begin cleaner{left: ("[FunctionalDependency:(s: {flight}, t: {sched_arr_time})]", 0.0), operator: *, right: (1.0, 1.0), result: 0.0}
列 'p' 不存在，对列 sched_arr_time 不过滤，直接选择所有非无效值。
Block processing time: 0.016812 seconds
Computing Block 81 out of 445
Processing Block size=22
begin cleaner{left: ("[FunctionalDependency:(s: {flight}, t: {sched_arr_time})]", 0.0), operator: *, right: (1.0, 1.0), result: 0.0}
列 'p' 不存在，对列 sched_arr_time 不过滤，直接选择所有非无效值。
Block processing time: 0.016808 seconds
Computing Block 85 out of 445
Processing Block size=19
begin cleaner{left: ("[FunctionalDependency:(s: {flight}, t: {sched_arr_time})]", 0.0), operator: *, right: (1.0, 1.0), result: 0.0}
列 'p' 不存在，对列 sched_arr_time 不过滤，直接选择所有非无效值。
Block processing time: 0.014637 seconds
Computing Block 86 out of 445
Processing Block size=20
begin cleaner{left: ("[FunctionalDependency:(s: {flight}, t: {sched_arr_time})]", 0.0), operator: *, right: (1.0, 1.0), result: 0.0}
列 'p' 不存在，对列 sched_arr_time 不过滤，直接选择所有非无效值。
Block processing time: 0.015395 seconds
Computing Block 89 out of 445
Processing Block size=26
begin cleaner{left: ("[FunctionalDependency:(s: {flight}, t: {sched_arr_time})]", 0.0), operator: *, right: (1.0, 1.0), result: 0.0}
列 'p' 不存在，对列 sched_arr_time 不过滤，直接选择所有非无效值。
Block processing time: 0.019742 seconds
Computing Block 90 out of 445
Processing Block size=19
begin cleaner{left: ("[FunctionalDependency:(s: {flight}, t: {sched_arr_time})]", 0.0), operator: *, right: (1.0, 1.0), result: 0.0}
列 'p' 不存在，对列 sched_arr_time 不过滤，直接选择所有非无效值。
Block processing time: 0.01445 seconds
Computing Block 98 out of 445
Processing Block size=19
begin cleaner{left: ("[FunctionalDependency:(s: {flight}, t: {sched_arr_time})]", 0.0), operator: *, right: (1.0, 1.0), result: 0.0}
列 'p' 不存在，对列 sched_arr_time 不过滤，直接选择所有非无效值。
Block processing time: 0.014576 seconds
Computing Block 100 out of 445
Processing Block size=22
begin cleaner{left: ("[FunctionalDependency:(s: {flight}, t: {sched_arr_time})]", 0.0), operator: *, right: (1.0, 1.0), result: 0.0}
列 'p' 不存在，对列 sched_arr_time 不过滤，直接选择所有非无效值。
Block processing time: 0.016764 seconds
Computing Block 102 out of 445
Processing Block size=19
begin cleaner{left: ("[FunctionalDependency:(s: {flight}, t: {sched_arr_time})]", 0.0), operator: *, right: (1.0, 1.0), result: 0.0}
列 'p' 不存在，对列 sched_arr_time 不过滤，直接选择所有非无效值。
Block processing time: 0.013461 seconds
Computing Block 103 out of 445
Processing Block size=21
begin cleaner{left: ("[FunctionalDependency:(s: {flight}, t: {sched_arr_time})]", 0.0), operator: *, right: (1.0, 1.0), result: 0.0}
列 'p' 不存在，对列 sched_arr_time 不过滤，直接选择所有非无效值。
Block processing time: 0.014849 seconds
Computing Block 105 out of 445
Processing Block size=23
begin cleaner{left: ("[FunctionalDependency:(s: {flight}, t: {sched_arr_time})]", 0.0), operator: *, right: (1.0, 1.0), result: 0.0}
列 'p' 不存在，对列 sched_arr_time 不过滤，直接选择所有非无效值。
Block processing time: 0.016161 seconds
Computing Block 106 out of 445
Processing Block size=19
begin cleaner{left: ("[FunctionalDependency:(s: {flight}, t: {sched_arr_time})]", 0.0), operator: *, right: (1.0, 1.0), result: 0.0}
列 'p' 不存在，对列 sched_arr_time 不过滤，直接选择所有非无效值。
Block processing time: 0.01336 seconds
Computing Block 107 out of 445
Processing Block size=23
begin cleaner{left: ("[FunctionalDependency:(s: {flight}, t: {sched_arr_time})]", 0.0), operator: *, right: (1.0, 1.0), result: 0.0}
列 'p' 不存在，对列 sched_arr_time 不过滤，直接选择所有非无效值。
Block processing time: 0.016119 seconds
Computing Block 112 out of 445
Processing Block size=17
begin cleaner{left: ("[FunctionalDependency:(s: {flight}, t: {sched_arr_time})]", 0.0), operator: *, right: (1.0, 1.0), result: 0.0}
列 'p' 不存在，对列 sched_arr_time 不过滤，直接选择所有非无效值。
Block processing time: 0.011987 seconds
Computing Block 119 out of 445
Processing Block size=14
begin cleaner{left: ("[FunctionalDependency:(s: {flight}, t: {sched_arr_time})]", 0.0), operator: *, right: (1.0, 1.0), result: 0.0}
列 'p' 不存在，对列 sched_arr_time 不过滤，直接选择所有非无效值。
Block processing time: 0.009846 seconds
Computing Block 126 out of 445
Processing Block size=10
begin cleaner{left: ("[FunctionalDependency:(s: {flight}, t: {sched_arr_time})]", 0.0), operator: *, right: (1.0, 1.0), result: 0.0}
列 'p' 不存在，对列 sched_arr_time 不过滤，直接选择所有非无效值。
Block processing time: 0.007084 seconds
Computing Block 130 out of 445
Processing Block size=13
begin cleaner{left: ("[FunctionalDependency:(s: {flight}, t: {sched_arr_time})]", 0.0), operator: *, right: (1.0, 1.0), result: 0.0}
列 'p' 不存在，对列 sched_arr_time 不过滤，直接选择所有非无效值。
Block processing time: 0.009683 seconds
Computing Block 131 out of 445
Processing Block size=19
begin cleaner{left: ("[FunctionalDependency:(s: {flight}, t: {sched_arr_time})]", 0.0), operator: *, right: (1.0, 1.0), result: 0.0}
列 'p' 不存在，对列 sched_arr_time 不过滤，直接选择所有非无效值。
Block processing time: 0.013501 seconds
Computing Block 134 out of 445
Processing Block size=20
begin cleaner{left: ("[FunctionalDependency:(s: {flight}, t: {sched_arr_time})]", 0.0), operator: *, right: (1.0, 1.0), result: 0.0}
列 'p' 不存在，对列 sched_arr_time 不过滤，直接选择所有非无效值。
Block processing time: 0.014062 seconds
Computing Block 137 out of 445
Processing Block size=21
begin cleaner{left: ("[FunctionalDependency:(s: {flight}, t: {sched_arr_time})]", 0.0), operator: *, right: (1.0, 1.0), result: 0.0}
列 'p' 不存在，对列 sched_arr_time 不过滤，直接选择所有非无效值。
Block processing time: 0.014828 seconds
Computing Block 150 out of 445
Processing Block size=20
begin cleaner{left: ("[FunctionalDependency:(s: {flight}, t: {sched_arr_time})]", 0.0), operator: *, right: (1.0, 1.0), result: 0.0}
列 'p' 不存在，对列 sched_arr_time 不过滤，直接选择所有非无效值。
Block processing time: 0.014171 seconds
Computing Block 151 out of 445
Processing Block size=12
begin cleaner{left: ("[FunctionalDependency:(s: {flight}, t: {sched_arr_time})]", 0.0), operator: *, right: (1.0, 1.0), result: 0.0}
列 'p' 不存在，对列 sched_arr_time 不过滤，直接选择所有非无效值。
Block processing time: 0.008504 seconds
Computing Block 154 out of 445
Processing Block size=15
begin cleaner{left: ("[FunctionalDependency:(s: {flight}, t: {sched_arr_time})]", 0.0), operator: *, right: (1.0, 1.0), result: 0.0}
列 'p' 不存在，对列 sched_arr_time 不过滤，直接选择所有非无效值。
Block processing time: 0.010733 seconds
Computing Block 164 out of 445
Processing Block size=19
begin cleaner{left: ("[FunctionalDependency:(s: {flight}, t: {sched_arr_time})]", 0.0), operator: *, right: (1.0, 1.0), result: 0.0}
列 'p' 不存在，对列 sched_arr_time 不过滤，直接选择所有非无效值。
Block processing time: 0.013518 seconds
Computing Block 169 out of 445
Processing Block size=20
begin cleaner{left: ("[FunctionalDependency:(s: {flight}, t: {sched_arr_time})]", 0.0), operator: *, right: (1.0, 1.0), result: 0.0}
列 'p' 不存在，对列 sched_arr_time 不过滤，直接选择所有非无效值。
Block processing time: 0.014243 seconds
Computing Block 172 out of 445
Processing Block size=19
begin cleaner{left: ("[FunctionalDependency:(s: {flight}, t: {sched_arr_time})]", 0.0), operator: *, right: (1.0, 1.0), result: 0.0}
列 'p' 不存在，对列 sched_arr_time 不过滤，直接选择所有非无效值。
Block processing time: 0.013383 seconds
Computing Block 177 out of 445
Processing Block size=21
begin cleaner{left: ("[FunctionalDependency:(s: {flight}, t: {sched_arr_time})]", 0.0), operator: *, right: (1.0, 1.0), result: 0.0}
列 'p' 不存在，对列 sched_arr_time 不过滤，直接选择所有非无效值。
Block processing time: 0.014777 seconds
Computing Block 183 out of 445
Processing Block size=17
begin cleaner{left: ("[FunctionalDependency:(s: {flight}, t: {sched_arr_time})]", 0.0), operator: *, right: (1.0, 1.0), result: 0.0}
列 'p' 不存在，对列 sched_arr_time 不过滤，直接选择所有非无效值。
Block processing time: 0.012034 seconds
Computing Block 187 out of 445
Processing Block size=19
begin cleaner{left: ("[FunctionalDependency:(s: {flight}, t: {sched_arr_time})]", 0.0), operator: *, right: (1.0, 1.0), result: 0.0}
列 'p' 不存在，对列 sched_arr_time 不过滤，直接选择所有非无效值。
Block processing time: 0.013469 seconds
Computing Block 190 out of 445
Processing Block size=20
begin cleaner{left: ("[FunctionalDependency:(s: {flight}, t: {sched_arr_time})]", 0.0), operator: *, right: (1.0, 1.0), result: 0.0}
列 'p' 不存在，对列 sched_arr_time 不过滤，直接选择所有非无效值。
Block processing time: 0.014121 seconds
Computing Block 193 out of 445
Processing Block size=15
begin cleaner{left: ("[FunctionalDependency:(s: {flight}, t: {sched_arr_time})]", 0.0), operator: *, right: (1.0, 1.0), result: 0.0}
列 'p' 不存在，对列 sched_arr_time 不过滤，直接选择所有非无效值。
Block processing time: 0.010603 seconds
Computing Block 203 out of 445
Processing Block size=20
begin cleaner{left: ("[FunctionalDependency:(s: {flight}, t: {sched_arr_time})]", 0.0), operator: *, right: (1.0, 1.0), result: 0.0}
列 'p' 不存在，对列 sched_arr_time 不过滤，直接选择所有非无效值。
Block processing time: 0.014047 seconds
Computing Block 204 out of 445
Processing Block size=14
begin cleaner{left: ("[FunctionalDependency:(s: {flight}, t: {sched_arr_time})]", 0.0), operator: *, right: (1.0, 1.0), result: 0.0}
列 'p' 不存在，对列 sched_arr_time 不过滤，直接选择所有非无效值。
Block processing time: 0.00995 seconds
Computing Block 206 out of 445
Processing Block size=21
begin cleaner{left: ("[FunctionalDependency:(s: {flight}, t: {sched_arr_time})]", 0.0), operator: *, right: (1.0, 1.0), result: 0.0}
列 'p' 不存在，对列 sched_arr_time 不过滤，直接选择所有非无效值。
Block processing time: 0.014801 seconds
Computing Block 208 out of 445
Processing Block size=18
begin cleaner{left: ("[FunctionalDependency:(s: {flight}, t: {sched_arr_time})]", 0.0), operator: *, right: (1.0, 1.0), result: 0.0}
列 'p' 不存在，对列 sched_arr_time 不过滤，直接选择所有非无效值。
Block processing time: 0.01268 seconds
Computing Block 214 out of 445
Processing Block size=24
begin cleaner{left: ("[FunctionalDependency:(s: {flight}, t: {sched_arr_time})]", 0.0), operator: *, right: (1.0, 1.0), result: 0.0}
列 'p' 不存在，对列 sched_arr_time 不过滤，直接选择所有非无效值。
Block processing time: 0.016955 seconds
Computing Block 219 out of 445
Processing Block size=18
begin cleaner{left: ("[FunctionalDependency:(s: {flight}, t: {sched_arr_time})]", 0.0), operator: *, right: (1.0, 1.0), result: 0.0}
列 'p' 不存在，对列 sched_arr_time 不过滤，直接选择所有非无效值。
Block processing time: 0.012731 seconds
Computing Block 237 out of 445
Processing Block size=18
begin cleaner{left: ("[FunctionalDependency:(s: {flight}, t: {sched_arr_time})]", 0.0), operator: *, right: (1.0, 1.0), result: 0.0}
列 'p' 不存在，对列 sched_arr_time 不过滤，直接选择所有非无效值。
Block processing time: 0.012794 seconds
Computing Block 239 out of 445
Processing Block size=18
begin cleaner{left: ("[FunctionalDependency:(s: {flight}, t: {sched_arr_time})]", 0.0), operator: *, right: (1.0, 1.0), result: 0.0}
列 'p' 不存在，对列 sched_arr_time 不过滤，直接选择所有非无效值。
Block processing time: 0.012764 seconds
Computing Block 244 out of 445
Processing Block size=21
begin cleaner{left: ("[FunctionalDependency:(s: {flight}, t: {sched_arr_time})]", 0.0), operator: *, right: (1.0, 1.0), result: 0.0}
列 'p' 不存在，对列 sched_arr_time 不过滤，直接选择所有非无效值。
Block processing time: 0.014883 seconds
Computing Block 247 out of 445
Processing Block size=24
begin cleaner{left: ("[FunctionalDependency:(s: {flight}, t: {sched_arr_time})]", 0.0), operator: *, right: (1.0, 1.0), result: 0.0}
列 'p' 不存在，对列 sched_arr_time 不过滤，直接选择所有非无效值。
Block processing time: 0.016973 seconds
Computing Block 254 out of 445
Processing Block size=18
begin cleaner{left: ("[FunctionalDependency:(s: {flight}, t: {sched_arr_time})]", 0.0), operator: *, right: (1.0, 1.0), result: 0.0}
列 'p' 不存在，对列 sched_arr_time 不过滤，直接选择所有非无效值。
Block processing time: 0.012796 seconds
Computing Block 257 out of 445
Processing Block size=17
begin cleaner{left: ("[FunctionalDependency:(s: {flight}, t: {sched_arr_time})]", 0.0), operator: *, right: (1.0, 1.0), result: 0.0}
列 'p' 不存在，对列 sched_arr_time 不过滤，直接选择所有非无效值。
Block processing time: 0.01206 seconds
Computing Block 261 out of 445
Processing Block size=13
begin cleaner{left: ("[FunctionalDependency:(s: {flight}, t: {sched_arr_time})]", 0.0), operator: *, right: (1.0, 1.0), result: 0.0}
列 'p' 不存在，对列 sched_arr_time 不过滤，直接选择所有非无效值。
Block processing time: 0.009174 seconds
Computing Block 263 out of 445
Processing Block size=18
begin cleaner{left: ("[FunctionalDependency:(s: {flight}, t: {sched_arr_time})]", 0.0), operator: *, right: (1.0, 1.0), result: 0.0}
列 'p' 不存在，对列 sched_arr_time 不过滤，直接选择所有非无效值。
Block processing time: 0.012785 seconds
Computing Block 281 out of 445
Processing Block size=21
begin cleaner{left: ("[FunctionalDependency:(s: {flight}, t: {sched_arr_time})]", 0.0), operator: *, right: (1.0, 1.0), result: 0.0}
列 'p' 不存在，对列 sched_arr_time 不过滤，直接选择所有非无效值。
Block processing time: 0.015795 seconds
Computing Block 285 out of 445
Processing Block size=18
begin cleaner{left: ("[FunctionalDependency:(s: {flight}, t: {sched_arr_time})]", 0.0), operator: *, right: (1.0, 1.0), result: 0.0}
列 'p' 不存在，对列 sched_arr_time 不过滤，直接选择所有非无效值。
Block processing time: 0.013756 seconds
Computing Block 297 out of 445
Processing Block size=24
begin cleaner{left: ("[FunctionalDependency:(s: {flight}, t: {sched_arr_time})]", 0.0), operator: *, right: (1.0, 1.0), result: 0.0}
列 'p' 不存在，对列 sched_arr_time 不过滤，直接选择所有非无效值。
Block processing time: 0.018257 seconds
Computing Block 298 out of 445
Processing Block size=22
begin cleaner{left: ("[FunctionalDependency:(s: {flight}, t: {sched_arr_time})]", 0.0), operator: *, right: (1.0, 1.0), result: 0.0}
列 'p' 不存在，对列 sched_arr_time 不过滤，直接选择所有非无效值。
Block processing time: 0.016701 seconds
Computing Block 300 out of 445
Processing Block size=15
begin cleaner{left: ("[FunctionalDependency:(s: {flight}, t: {sched_arr_time})]", 0.0), operator: *, right: (1.0, 1.0), result: 0.0}
列 'p' 不存在，对列 sched_arr_time 不过滤，直接选择所有非无效值。
Block processing time: 0.01148 seconds
Computing Block 303 out of 445
Processing Block size=18
begin cleaner{left: ("[FunctionalDependency:(s: {flight}, t: {sched_arr_time})]", 0.0), operator: *, right: (1.0, 1.0), result: 0.0}
列 'p' 不存在，对列 sched_arr_time 不过滤，直接选择所有非无效值。
Block processing time: 0.013659 seconds
Computing Block 304 out of 445
Processing Block size=19
begin cleaner{left: ("[FunctionalDependency:(s: {flight}, t: {sched_arr_time})]", 0.0), operator: *, right: (1.0, 1.0), result: 0.0}
列 'p' 不存在，对列 sched_arr_time 不过滤，直接选择所有非无效值。
Block processing time: 0.014552 seconds
Computing Block 306 out of 445
Processing Block size=21
begin cleaner{left: ("[FunctionalDependency:(s: {flight}, t: {sched_arr_time})]", 0.0), operator: *, right: (1.0, 1.0), result: 0.0}
列 'p' 不存在，对列 sched_arr_time 不过滤，直接选择所有非无效值。
Block processing time: 0.01603 seconds
Computing Block 313 out of 445
Processing Block size=20
begin cleaner{left: ("[FunctionalDependency:(s: {flight}, t: {sched_arr_time})]", 0.0), operator: *, right: (1.0, 1.0), result: 0.0}
列 'p' 不存在，对列 sched_arr_time 不过滤，直接选择所有非无效值。
Block processing time: 0.01524 seconds
Computing Block 315 out of 445
Processing Block size=22
begin cleaner{left: ("[FunctionalDependency:(s: {flight}, t: {sched_arr_time})]", 0.0), operator: *, right: (1.0, 1.0), result: 0.0}
列 'p' 不存在，对列 sched_arr_time 不过滤，直接选择所有非无效值。
Block processing time: 0.016756 seconds
Computing Block 318 out of 445
Processing Block size=19
begin cleaner{left: ("[FunctionalDependency:(s: {flight}, t: {sched_arr_time})]", 0.0), operator: *, right: (1.0, 1.0), result: 0.0}
列 'p' 不存在，对列 sched_arr_time 不过滤，直接选择所有非无效值。
Block processing time: 0.014501 seconds
Computing Block 320 out of 445
Processing Block size=18
begin cleaner{left: ("[FunctionalDependency:(s: {flight}, t: {sched_arr_time})]", 0.0), operator: *, right: (1.0, 1.0), result: 0.0}
列 'p' 不存在，对列 sched_arr_time 不过滤，直接选择所有非无效值。
Block processing time: 0.013655 seconds
Computing Block 321 out of 445
Processing Block size=23
begin cleaner{left: ("[FunctionalDependency:(s: {flight}, t: {sched_arr_time})]", 0.0), operator: *, right: (1.0, 1.0), result: 0.0}
列 'p' 不存在，对列 sched_arr_time 不过滤，直接选择所有非无效值。
Block processing time: 0.017499 seconds
Computing Block 330 out of 445
Processing Block size=20
begin cleaner{left: ("[FunctionalDependency:(s: {flight}, t: {sched_arr_time})]", 0.0), operator: *, right: (1.0, 1.0), result: 0.0}
列 'p' 不存在，对列 sched_arr_time 不过滤，直接选择所有非无效值。
Block processing time: 0.015288 seconds
Computing Block 333 out of 445
Processing Block size=16
begin cleaner{left: ("[FunctionalDependency:(s: {flight}, t: {sched_arr_time})]", 0.0), operator: *, right: (1.0, 1.0), result: 0.0}
WARNING:root:No partitioning rule specified, processing might be slow
列 'p' 不存在，对列 sched_arr_time 不过滤，直接选择所有非无效值。
Block processing time: 0.011372 seconds
Computing Block 335 out of 445
Processing Block size=18
begin cleaner{left: ("[FunctionalDependency:(s: {flight}, t: {sched_arr_time})]", 0.0), operator: *, right: (1.0, 1.0), result: 0.0}
列 'p' 不存在，对列 sched_arr_time 不过滤，直接选择所有非无效值。
Block processing time: 0.012649 seconds
Computing Block 341 out of 445
Processing Block size=16
begin cleaner{left: ("[FunctionalDependency:(s: {flight}, t: {sched_arr_time})]", 0.0), operator: *, right: (1.0, 1.0), result: 0.0}
列 'p' 不存在，对列 sched_arr_time 不过滤，直接选择所有非无效值。
Block processing time: 0.011315 seconds
Computing Block 346 out of 445
Processing Block size=21
begin cleaner{left: ("[FunctionalDependency:(s: {flight}, t: {sched_arr_time})]", 0.0), operator: *, right: (1.0, 1.0), result: 0.0}
列 'p' 不存在，对列 sched_arr_time 不过滤，直接选择所有非无效值。
Block processing time: 0.014751 seconds
Computing Block 350 out of 445
Processing Block size=22
begin cleaner{left: ("[FunctionalDependency:(s: {flight}, t: {sched_arr_time})]", 0.0), operator: *, right: (1.0, 1.0), result: 0.0}
列 'p' 不存在，对列 sched_arr_time 不过滤，直接选择所有非无效值。
Block processing time: 0.015513 seconds
Computing Block 359 out of 445
Processing Block size=16
begin cleaner{left: ("[FunctionalDependency:(s: {flight}, t: {sched_arr_time})]", 0.0), operator: *, right: (1.0, 1.0), result: 0.0}
列 'p' 不存在，对列 sched_arr_time 不过滤，直接选择所有非无效值。
Block processing time: 0.011368 seconds
Computing Block 373 out of 445
Processing Block size=18
begin cleaner{left: ("[FunctionalDependency:(s: {flight}, t: {sched_arr_time})]", 0.0), operator: *, right: (1.0, 1.0), result: 0.0}
列 'p' 不存在，对列 sched_arr_time 不过滤，直接选择所有非无效值。
Block processing time: 0.012655 seconds
Computing Block 376 out of 445
Processing Block size=18
begin cleaner{left: ("[FunctionalDependency:(s: {flight}, t: {sched_arr_time})]", 0.0), operator: *, right: (1.0, 1.0), result: 0.0}
列 'p' 不存在，对列 sched_arr_time 不过滤，直接选择所有非无效值。
Block processing time: 0.01269 seconds
Computing Block 379 out of 445
Processing Block size=18
begin cleaner{left: ("[FunctionalDependency:(s: {flight}, t: {sched_arr_time})]", 0.0), operator: *, right: (1.0, 1.0), result: 0.0}
列 'p' 不存在，对列 sched_arr_time 不过滤，直接选择所有非无效值。
Block processing time: 0.012692 seconds
Computing Block 382 out of 445
Processing Block size=24
begin cleaner{left: ("[FunctionalDependency:(s: {flight}, t: {sched_arr_time})]", 0.0), operator: *, right: (1.0, 1.0), result: 0.0}
列 'p' 不存在，对列 sched_arr_time 不过滤，直接选择所有非无效值。
Block processing time: 0.01688 seconds
Computing Block 398 out of 445
Processing Block size=24
begin cleaner{left: ("[FunctionalDependency:(s: {flight}, t: {sched_arr_time})]", 0.0), operator: *, right: (1.0, 1.0), result: 0.0}
列 'p' 不存在，对列 sched_arr_time 不过滤，直接选择所有非无效值。
Block processing time: 0.016936 seconds
Computing Block 399 out of 445
Processing Block size=18
begin cleaner{left: ("[FunctionalDependency:(s: {flight}, t: {sched_arr_time})]", 0.0), operator: *, right: (1.0, 1.0), result: 0.0}
列 'p' 不存在，对列 sched_arr_time 不过滤，直接选择所有非无效值。
Block processing time: 0.012682 seconds
Computing Block 404 out of 445
Processing Block size=16
begin cleaner{left: ("[FunctionalDependency:(s: {flight}, t: {sched_arr_time})]", 0.0), operator: *, right: (1.0, 1.0), result: 0.0}
列 'p' 不存在，对列 sched_arr_time 不过滤，直接选择所有非无效值。
Block processing time: 0.011352 seconds
Computing Block 408 out of 445
Processing Block size=23
begin cleaner{left: ("[FunctionalDependency:(s: {flight}, t: {sched_arr_time})]", 0.0), operator: *, right: (1.0, 1.0), result: 0.0}
列 'p' 不存在，对列 sched_arr_time 不过滤，直接选择所有非无效值。
Block processing time: 0.016154 seconds
Computing Block 412 out of 445
Processing Block size=18
begin cleaner{left: ("[FunctionalDependency:(s: {flight}, t: {sched_arr_time})]", 0.0), operator: *, right: (1.0, 1.0), result: 0.0}
列 'p' 不存在，对列 sched_arr_time 不过滤，直接选择所有非无效值。
Block processing time: 0.012723 seconds
Computing Block 413 out of 445
Processing Block size=22
begin cleaner{left: ("[FunctionalDependency:(s: {flight}, t: {sched_arr_time})]", 0.0), operator: *, right: (1.0, 1.0), result: 0.0}
列 'p' 不存在，对列 sched_arr_time 不过滤，直接选择所有非无效值。
Block processing time: 0.015488 seconds
Computing Block 419 out of 445
Processing Block size=20
begin cleaner{left: ("[FunctionalDependency:(s: {flight}, t: {sched_arr_time})]", 0.0), operator: *, right: (1.0, 1.0), result: 0.0}
列 'p' 不存在，对列 sched_arr_time 不过滤，直接选择所有非无效值。
Block processing time: 0.014074 seconds
Computing Block 420 out of 445
Processing Block size=17
begin cleaner{left: ("[FunctionalDependency:(s: {flight}, t: {sched_arr_time})]", 0.0), operator: *, right: (1.0, 1.0), result: 0.0}
列 'p' 不存在，对列 sched_arr_time 不过滤，直接选择所有非无效值。
Block processing time: 0.011948 seconds
Computing Block 434 out of 445
Processing Block size=13
begin cleaner{left: ("[FunctionalDependency:(s: {flight}, t: {sched_arr_time})]", 0.0), operator: *, right: (1.0, 1.0), result: 0.0}
列 'p' 不存在，对列 sched_arr_time 不过滤，直接选择所有非无效值。
Block processing time: 0.00918 seconds
Computing Block 439 out of 445
Processing Block size=16
begin cleaner{left: ("[FunctionalDependency:(s: {flight}, t: {sched_arr_time})]", 0.0), operator: *, right: (1.0, 1.0), result: 0.0}
列 'p' 不存在，对列 sched_arr_time 不过滤，直接选择所有非无效值。
Block processing time: 0.011251 seconds
Computing Block 440 out of 445
Processing Block size=19
begin cleaner{left: ("[FunctionalDependency:(s: {flight}, t: {sched_arr_time})]", 0.0), operator: *, right: (1.0, 1.0), result: 0.0}
列 'p' 不存在，对列 sched_arr_time 不过滤，直接选择所有非无效值。
Block processing time: 0.013465 seconds
  当前节点: sched_arr_time 无清洗操作
  当前节点: act_arr_time 存在可用清洗信号
数据块大小: 2376
分块属性:
[['flight']]
Starting initial block mapping...
Initial number of blocks: 445
Final number of blocks after further splitting: 445
Computing Block 2 out of 445
Processing Block size=16
begin cleaner[FunctionalDependency:(s: {'flight'}, t: {'act_arr_time'})]*1.0
列 'p' 不存在，对列 act_arr_time 不过滤，直接选择所有非无效值。
Block processing time: 0.011464 seconds
Computing Block 3 out of 445
Processing Block size=20
begin cleaner{left: ("[FunctionalDependency:(s: {flight}, t: {act_arr_time})]", 0.0), operator: *, right: (1.0, 1.0), result: 0.0}
列 'p' 不存在，对列 act_arr_time 不过滤，直接选择所有非无效值。
Block processing time: 0.014016 seconds
Computing Block 5 out of 445
Processing Block size=17
begin cleaner{left: ("[FunctionalDependency:(s: {flight}, t: {act_arr_time})]", 0.0), operator: *, right: (1.0, 1.0), result: 0.0}
列 'p' 不存在，对列 act_arr_time 不过滤，直接选择所有非无效值。
Block processing time: 0.011924 seconds
Computing Block 9 out of 445
Processing Block size=24
begin cleaner{left: ("[FunctionalDependency:(s: {flight}, t: {act_arr_time})]", 0.0), operator: *, right: (1.0, 1.0), result: 0.0}
列 'p' 不存在，对列 act_arr_time 不过滤，直接选择所有非无效值。
Block processing time: 0.01687 seconds
Computing Block 10 out of 445
Processing Block size=21
begin cleaner{left: ("[FunctionalDependency:(s: {flight}, t: {act_arr_time})]", 0.0), operator: *, right: (1.0, 1.0), result: 0.0}
列 'p' 不存在，对列 act_arr_time 不过滤，直接选择所有非无效值。
Block processing time: 0.0149 seconds
Computing Block 11 out of 445
Processing Block size=16
begin cleaner{left: ("[FunctionalDependency:(s: {flight}, t: {act_arr_time})]", 0.0), operator: *, right: (1.0, 1.0), result: 0.0}
列 'p' 不存在，对列 act_arr_time 不过滤，直接选择所有非无效值。
Block processing time: 0.011393 seconds
Computing Block 12 out of 445
Processing Block size=21
begin cleaner{left: ("[FunctionalDependency:(s: {flight}, t: {act_arr_time})]", 0.0), operator: *, right: (1.0, 1.0), result: 0.0}
列 'p' 不存在，对列 act_arr_time 不过滤，直接选择所有非无效值。
Block processing time: 0.01479 seconds
Computing Block 29 out of 445
Processing Block size=18
begin cleaner{left: ("[FunctionalDependency:(s: {flight}, t: {act_arr_time})]", 0.0), operator: *, right: (1.0, 1.0), result: 0.0}
列 'p' 不存在，对列 act_arr_time 不过滤，直接选择所有非无效值。
Block processing time: 0.012689 seconds
Computing Block 33 out of 445
Processing Block size=18
begin cleaner{left: ("[FunctionalDependency:(s: {flight}, t: {act_arr_time})]", 0.0), operator: *, right: (1.0, 1.0), result: 0.0}
列 'p' 不存在，对列 act_arr_time 不过滤，直接选择所有非无效值。
Block processing time: 0.012735 seconds
Computing Block 36 out of 445
Processing Block size=22
begin cleaner{left: ("[FunctionalDependency:(s: {flight}, t: {act_arr_time})]", 0.0), operator: *, right: (1.0, 1.0), result: 0.0}
列 'p' 不存在，对列 act_arr_time 不过滤，直接选择所有非无效值。
Block processing time: 0.01549 seconds
Computing Block 39 out of 445
Processing Block size=22
begin cleaner{left: ("[FunctionalDependency:(s: {flight}, t: {act_arr_time})]", 0.0), operator: *, right: (1.0, 1.0), result: 0.0}
列 'p' 不存在，对列 act_arr_time 不过滤，直接选择所有非无效值。
Block processing time: 0.015493 seconds
Computing Block 43 out of 445
Processing Block size=18
begin cleaner{left: ("[FunctionalDependency:(s: {flight}, t: {act_arr_time})]", 0.0), operator: *, right: (1.0, 1.0), result: 0.0}
列 'p' 不存在，对列 act_arr_time 不过滤，直接选择所有非无效值。
Block processing time: 0.012685 seconds
Computing Block 48 out of 445
Processing Block size=20
begin cleaner{left: ("[FunctionalDependency:(s: {flight}, t: {act_arr_time})]", 0.0), operator: *, right: (1.0, 1.0), result: 0.0}
列 'p' 不存在，对列 act_arr_time 不过滤，直接选择所有非无效值。
Block processing time: 0.015082 seconds
Computing Block 50 out of 445
Processing Block size=21
begin cleaner{left: ("[FunctionalDependency:(s: {flight}, t: {act_arr_time})]", 0.0), operator: *, right: (1.0, 1.0), result: 0.0}
列 'p' 不存在，对列 act_arr_time 不过滤，直接选择所有非无效值。
Block processing time: 0.015984 seconds
Computing Block 53 out of 445
Processing Block size=18
begin cleaner{left: ("[FunctionalDependency:(s: {flight}, t: {act_arr_time})]", 0.0), operator: *, right: (1.0, 1.0), result: 0.0}
列 'p' 不存在，对列 act_arr_time 不过滤，直接选择所有非无效值。
Block processing time: 0.01365 seconds
Computing Block 55 out of 445
Processing Block size=22
begin cleaner{left: ("[FunctionalDependency:(s: {flight}, t: {act_arr_time})]", 0.0), operator: *, right: (1.0, 1.0), result: 0.0}
列 'p' 不存在，对列 act_arr_time 不过滤，直接选择所有非无效值。
Block processing time: 0.016721 seconds
Computing Block 56 out of 445
Processing Block size=18
begin cleaner{left: ("[FunctionalDependency:(s: {flight}, t: {act_arr_time})]", 0.0), operator: *, right: (1.0, 1.0), result: 0.0}
列 'p' 不存在，对列 act_arr_time 不过滤，直接选择所有非无效值。
Block processing time: 0.013702 seconds
Computing Block 60 out of 445
Processing Block size=19
begin cleaner{left: ("[FunctionalDependency:(s: {flight}, t: {act_arr_time})]", 0.0), operator: *, right: (1.0, 1.0), result: 0.0}
列 'p' 不存在，对列 act_arr_time 不过滤，直接选择所有非无效值。
Block processing time: 0.014552 seconds
Computing Block 67 out of 445
Processing Block size=22
begin cleaner{left: ("[FunctionalDependency:(s: {flight}, t: {act_arr_time})]", 0.0), operator: *, right: (1.0, 1.0), result: 0.0}
列 'p' 不存在，对列 act_arr_time 不过滤，直接选择所有非无效值。
Block processing time: 0.016826 seconds
Computing Block 71 out of 445
Processing Block size=22
begin cleaner{left: ("[FunctionalDependency:(s: {flight}, t: {act_arr_time})]", 0.0), operator: *, right: (1.0, 1.0), result: 0.0}
列 'p' 不存在，对列 act_arr_time 不过滤，直接选择所有非无效值。
Block processing time: 0.016736 seconds
Computing Block 80 out of 445
Processing Block size=22
begin cleaner{left: ("[FunctionalDependency:(s: {flight}, t: {act_arr_time})]", 0.0), operator: *, right: (1.0, 1.0), result: 0.0}
列 'p' 不存在，对列 act_arr_time 不过滤，直接选择所有非无效值。
Block processing time: 0.016688 seconds
Computing Block 81 out of 445
Processing Block size=22
begin cleaner{left: ("[FunctionalDependency:(s: {flight}, t: {act_arr_time})]", 0.0), operator: *, right: (1.0, 1.0), result: 0.0}
列 'p' 不存在，对列 act_arr_time 不过滤，直接选择所有非无效值。
Block processing time: 0.016714 seconds
Computing Block 85 out of 445
Processing Block size=19
begin cleaner{left: ("[FunctionalDependency:(s: {flight}, t: {act_arr_time})]", 0.0), operator: *, right: (1.0, 1.0), result: 0.0}
列 'p' 不存在，对列 act_arr_time 不过滤，直接选择所有非无效值。
Block processing time: 0.014492 seconds
Computing Block 86 out of 445
Processing Block size=20
begin cleaner{left: ("[FunctionalDependency:(s: {flight}, t: {act_arr_time})]", 0.0), operator: *, right: (1.0, 1.0), result: 0.0}
列 'p' 不存在，对列 act_arr_time 不过滤，直接选择所有非无效值。
Block processing time: 0.015213 seconds
Computing Block 89 out of 445
Processing Block size=26
begin cleaner{left: ("[FunctionalDependency:(s: {flight}, t: {act_arr_time})]", 0.0), operator: *, right: (1.0, 1.0), result: 0.0}
列 'p' 不存在，对列 act_arr_time 不过滤，直接选择所有非无效值。
Block processing time: 0.019787 seconds
Computing Block 90 out of 445
Processing Block size=19
begin cleaner{left: ("[FunctionalDependency:(s: {flight}, t: {act_arr_time})]", 0.0), operator: *, right: (1.0, 1.0), result: 0.0}
列 'p' 不存在，对列 act_arr_time 不过滤，直接选择所有非无效值。
Block processing time: 0.014418 seconds
Computing Block 98 out of 445
Processing Block size=19
begin cleaner{left: ("[FunctionalDependency:(s: {flight}, t: {act_arr_time})]", 0.0), operator: *, right: (1.0, 1.0), result: 0.0}
列 'p' 不存在，对列 act_arr_time 不过滤，直接选择所有非无效值。
Block processing time: 0.014518 seconds
Computing Block 100 out of 445
Processing Block size=22
begin cleaner{left: ("[FunctionalDependency:(s: {flight}, t: {act_arr_time})]", 0.0), operator: *, right: (1.0, 1.0), result: 0.0}
列 'p' 不存在，对列 act_arr_time 不过滤，直接选择所有非无效值。
Block processing time: 0.016613 seconds
Computing Block 102 out of 445
Processing Block size=19
begin cleaner{left: ("[FunctionalDependency:(s: {flight}, t: {act_arr_time})]", 0.0), operator: *, right: (1.0, 1.0), result: 0.0}
列 'p' 不存在，对列 act_arr_time 不过滤，直接选择所有非无效值。
Block processing time: 0.014422 seconds
Computing Block 103 out of 445
Processing Block size=21
begin cleaner{left: ("[FunctionalDependency:(s: {flight}, t: {act_arr_time})]", 0.0), operator: *, right: (1.0, 1.0), result: 0.0}
列 'p' 不存在，对列 act_arr_time 不过滤，直接选择所有非无效值。
Block processing time: 0.015934 seconds
Computing Block 105 out of 445
Processing Block size=23
begin cleaner{left: ("[FunctionalDependency:(s: {flight}, t: {act_arr_time})]", 0.0), operator: *, right: (1.0, 1.0), result: 0.0}
列 'p' 不存在，对列 act_arr_time 不过滤，直接选择所有非无效值。
Block processing time: 0.016622 seconds
Computing Block 106 out of 445
Processing Block size=19
begin cleaner{left: ("[FunctionalDependency:(s: {flight}, t: {act_arr_time})]", 0.0), operator: *, right: (1.0, 1.0), result: 0.0}
列 'p' 不存在，对列 act_arr_time 不过滤，直接选择所有非无效值。
Block processing time: 0.01347 seconds
Computing Block 107 out of 445
Processing Block size=23
begin cleaner{left: ("[FunctionalDependency:(s: {flight}, t: {act_arr_time})]", 0.0), operator: *, right: (1.0, 1.0), result: 0.0}
列 'p' 不存在，对列 act_arr_time 不过滤，直接选择所有非无效值。
Block processing time: 0.016303 seconds
Computing Block 112 out of 445
Processing Block size=17
begin cleaner{left: ("[FunctionalDependency:(s: {flight}, t: {act_arr_time})]", 0.0), operator: *, right: (1.0, 1.0), result: 0.0}
列 'p' 不存在，对列 act_arr_time 不过滤，直接选择所有非无效值。
Block processing time: 0.012031 seconds
Computing Block 119 out of 445
Processing Block size=14
begin cleaner{left: ("[FunctionalDependency:(s: {flight}, t: {act_arr_time})]", 0.0), operator: *, right: (1.0, 1.0), result: 0.0}
列 'p' 不存在，对列 act_arr_time 不过滤，直接选择所有非无效值。
Block processing time: 0.009946 seconds
Computing Block 126 out of 445
Processing Block size=10
begin cleaner{left: ("[FunctionalDependency:(s: {flight}, t: {act_arr_time})]", 0.0), operator: *, right: (1.0, 1.0), result: 0.0}
列 'p' 不存在，对列 act_arr_time 不过滤，直接选择所有非无效值。
Block processing time: 0.007154 seconds
Computing Block 130 out of 445
Processing Block size=13
begin cleaner{left: ("[FunctionalDependency:(s: {flight}, t: {act_arr_time})]", 0.0), operator: *, right: (1.0, 1.0), result: 0.0}
列 'p' 不存在，对列 act_arr_time 不过滤，直接选择所有非无效值。
Block processing time: 0.009328 seconds
Computing Block 131 out of 445
Processing Block size=19
begin cleaner{left: ("[FunctionalDependency:(s: {flight}, t: {act_arr_time})]", 0.0), operator: *, right: (1.0, 1.0), result: 0.0}
列 'p' 不存在，对列 act_arr_time 不过滤，直接选择所有非无效值。
Block processing time: 0.013352 seconds
Computing Block 134 out of 445
Processing Block size=20
begin cleaner{left: ("[FunctionalDependency:(s: {flight}, t: {act_arr_time})]", 0.0), operator: *, right: (1.0, 1.0), result: 0.0}
列 'p' 不存在，对列 act_arr_time 不过滤，直接选择所有非无效值。
Block processing time: 0.014155 seconds
Computing Block 137 out of 445
Processing Block size=21
begin cleaner{left: ("[FunctionalDependency:(s: {flight}, t: {act_arr_time})]", 0.0), operator: *, right: (1.0, 1.0), result: 0.0}
列 'p' 不存在，对列 act_arr_time 不过滤，直接选择所有非无效值。
Block processing time: 0.014883 seconds
Computing Block 150 out of 445
Processing Block size=20
begin cleaner{left: ("[FunctionalDependency:(s: {flight}, t: {act_arr_time})]", 0.0), operator: *, right: (1.0, 1.0), result: 0.0}
列 'p' 不存在，对列 act_arr_time 不过滤，直接选择所有非无效值。
Block processing time: 0.014233 seconds
Computing Block 151 out of 445
Processing Block size=12
begin cleaner{left: ("[FunctionalDependency:(s: {flight}, t: {act_arr_time})]", 0.0), operator: *, right: (1.0, 1.0), result: 0.0}
列 'p' 不存在，对列 act_arr_time 不过滤，直接选择所有非无效值。
Block processing time: 0.008492 seconds
Computing Block 154 out of 445
Processing Block size=15
begin cleaner{left: ("[FunctionalDependency:(s: {flight}, t: {act_arr_time})]", 0.0), operator: *, right: (1.0, 1.0), result: 0.0}
列 'p' 不存在，对列 act_arr_time 不过滤，直接选择所有非无效值。
Block processing time: 0.010551 seconds
Computing Block 164 out of 445
Processing Block size=19
begin cleaner{left: ("[FunctionalDependency:(s: {flight}, t: {act_arr_time})]", 0.0), operator: *, right: (1.0, 1.0), result: 0.0}
列 'p' 不存在，对列 act_arr_time 不过滤，直接选择所有非无效值。
Block processing time: 0.013516 seconds
Computing Block 169 out of 445
Processing Block size=20
begin cleaner{left: ("[FunctionalDependency:(s: {flight}, t: {act_arr_time})]", 0.0), operator: *, right: (1.0, 1.0), result: 0.0}
列 'p' 不存在，对列 act_arr_time 不过滤，直接选择所有非无效值。
Block processing time: 0.014055 seconds
Computing Block 172 out of 445
Processing Block size=19
begin cleaner{left: ("[FunctionalDependency:(s: {flight}, t: {act_arr_time})]", 0.0), operator: *, right: (1.0, 1.0), result: 0.0}
列 'p' 不存在，对列 act_arr_time 不过滤，直接选择所有非无效值。
Block processing time: 0.013428 seconds
Computing Block 177 out of 445
Processing Block size=21
begin cleaner{left: ("[FunctionalDependency:(s: {flight}, t: {act_arr_time})]", 0.0), operator: *, right: (1.0, 1.0), result: 0.0}
列 'p' 不存在，对列 act_arr_time 不过滤，直接选择所有非无效值。
Block processing time: 0.014806 seconds
Computing Block 183 out of 445
Processing Block size=17
begin cleaner{left: ("[FunctionalDependency:(s: {flight}, t: {act_arr_time})]", 0.0), operator: *, right: (1.0, 1.0), result: 0.0}
列 'p' 不存在，对列 act_arr_time 不过滤，直接选择所有非无效值。
Block processing time: 0.012059 seconds
Computing Block 187 out of 445
Processing Block size=19
begin cleaner{left: ("[FunctionalDependency:(s: {flight}, t: {act_arr_time})]", 0.0), operator: *, right: (1.0, 1.0), result: 0.0}
列 'p' 不存在，对列 act_arr_time 不过滤，直接选择所有非无效值。
Block processing time: 0.013408 seconds
Computing Block 190 out of 445
Processing Block size=20
begin cleaner{left: ("[FunctionalDependency:(s: {flight}, t: {act_arr_time})]", 0.0), operator: *, right: (1.0, 1.0), result: 0.0}
列 'p' 不存在，对列 act_arr_time 不过滤，直接选择所有非无效值。
Block processing time: 0.01403 seconds
Computing Block 193 out of 445
Processing Block size=15
begin cleaner{left: ("[FunctionalDependency:(s: {flight}, t: {act_arr_time})]", 0.0), operator: *, right: (1.0, 1.0), result: 0.0}
列 'p' 不存在，对列 act_arr_time 不过滤，直接选择所有非无效值。
Block processing time: 0.010665 seconds
Computing Block 203 out of 445
Processing Block size=20
begin cleaner{left: ("[FunctionalDependency:(s: {flight}, t: {act_arr_time})]", 0.0), operator: *, right: (1.0, 1.0), result: 0.0}
列 'p' 不存在，对列 act_arr_time 不过滤，直接选择所有非无效值。
Block processing time: 0.014166 seconds
Computing Block 204 out of 445
Processing Block size=14
begin cleaner{left: ("[FunctionalDependency:(s: {flight}, t: {act_arr_time})]", 0.0), operator: *, right: (1.0, 1.0), result: 0.0}
列 'p' 不存在，对列 act_arr_time 不过滤，直接选择所有非无效值。
Block processing time: 0.009924 seconds
Computing Block 206 out of 445
Processing Block size=21
begin cleaner{left: ("[FunctionalDependency:(s: {flight}, t: {act_arr_time})]", 0.0), operator: *, right: (1.0, 1.0), result: 0.0}
列 'p' 不存在，对列 act_arr_time 不过滤，直接选择所有非无效值。
Block processing time: 0.014835 seconds
Computing Block 208 out of 445
Processing Block size=18
begin cleaner{left: ("[FunctionalDependency:(s: {flight}, t: {act_arr_time})]", 0.0), operator: *, right: (1.0, 1.0), result: 0.0}
列 'p' 不存在，对列 act_arr_time 不过滤，直接选择所有非无效值。
Block processing time: 0.012698 seconds
Computing Block 214 out of 445
Processing Block size=24
begin cleaner{left: ("[FunctionalDependency:(s: {flight}, t: {act_arr_time})]", 0.0), operator: *, right: (1.0, 1.0), result: 0.0}
列 'p' 不存在，对列 act_arr_time 不过滤，直接选择所有非无效值。
Block processing time: 0.017023 seconds
Computing Block 219 out of 445
Processing Block size=18
begin cleaner{left: ("[FunctionalDependency:(s: {flight}, t: {act_arr_time})]", 0.0), operator: *, right: (1.0, 1.0), result: 0.0}
列 'p' 不存在，对列 act_arr_time 不过滤，直接选择所有非无效值。
Block processing time: 0.012686 seconds
Computing Block 237 out of 445
Processing Block size=18
begin cleaner{left: ("[FunctionalDependency:(s: {flight}, t: {act_arr_time})]", 0.0), operator: *, right: (1.0, 1.0), result: 0.0}
列 'p' 不存在，对列 act_arr_time 不过滤，直接选择所有非无效值。
Block processing time: 0.012773 seconds
Computing Block 239 out of 445
Processing Block size=18
begin cleaner{left: ("[FunctionalDependency:(s: {flight}, t: {act_arr_time})]", 0.0), operator: *, right: (1.0, 1.0), result: 0.0}
列 'p' 不存在，对列 act_arr_time 不过滤，直接选择所有非无效值。
Block processing time: 0.01272 seconds
Computing Block 244 out of 445
Processing Block size=21
begin cleaner{left: ("[FunctionalDependency:(s: {flight}, t: {act_arr_time})]", 0.0), operator: *, right: (1.0, 1.0), result: 0.0}
列 'p' 不存在，对列 act_arr_time 不过滤，直接选择所有非无效值。
Block processing time: 0.014849 seconds
Computing Block 247 out of 445
Processing Block size=24
begin cleaner{left: ("[FunctionalDependency:(s: {flight}, t: {act_arr_time})]", 0.0), operator: *, right: (1.0, 1.0), result: 0.0}
列 'p' 不存在，对列 act_arr_time 不过滤，直接选择所有非无效值。
Block processing time: 0.017016 seconds
Computing Block 254 out of 445
Processing Block size=18
begin cleaner{left: ("[FunctionalDependency:(s: {flight}, t: {act_arr_time})]", 0.0), operator: *, right: (1.0, 1.0), result: 0.0}
列 'p' 不存在，对列 act_arr_time 不过滤，直接选择所有非无效值。
Block processing time: 0.012879 seconds
Computing Block 257 out of 445
Processing Block size=17
begin cleaner{left: ("[FunctionalDependency:(s: {flight}, t: {act_arr_time})]", 0.0), operator: *, right: (1.0, 1.0), result: 0.0}
列 'p' 不存在，对列 act_arr_time 不过滤，直接选择所有非无效值。
Block processing time: 0.012089 seconds
Computing Block 261 out of 445
Processing Block size=13
begin cleaner{left: ("[FunctionalDependency:(s: {flight}, t: {act_arr_time})]", 0.0), operator: *, right: (1.0, 1.0), result: 0.0}
列 'p' 不存在，对列 act_arr_time 不过滤，直接选择所有非无效值。
Block processing time: 0.009175 seconds
Computing Block 263 out of 445
Processing Block size=18
begin cleaner{left: ("[FunctionalDependency:(s: {flight}, t: {act_arr_time})]", 0.0), operator: *, right: (1.0, 1.0), result: 0.0}
列 'p' 不存在，对列 act_arr_time 不过滤，直接选择所有非无效值。
Block processing time: 0.01268 seconds
Computing Block 281 out of 445
Processing Block size=21
begin cleaner{left: ("[FunctionalDependency:(s: {flight}, t: {act_arr_time})]", 0.0), operator: *, right: (1.0, 1.0), result: 0.0}
列 'p' 不存在，对列 act_arr_time 不过滤，直接选择所有非无效值。
Block processing time: 0.01477 seconds
Computing Block 285 out of 445
Processing Block size=18
begin cleaner{left: ("[FunctionalDependency:(s: {flight}, t: {act_arr_time})]", 0.0), operator: *, right: (1.0, 1.0), result: 0.0}
列 'p' 不存在，对列 act_arr_time 不过滤，直接选择所有非无效值。
Block processing time: 0.012747 seconds
Computing Block 297 out of 445
Processing Block size=24
begin cleaner{left: ("[FunctionalDependency:(s: {flight}, t: {act_arr_time})]", 0.0), operator: *, right: (1.0, 1.0), result: 0.0}
列 'p' 不存在，对列 act_arr_time 不过滤，直接选择所有非无效值。
Block processing time: 0.018126 seconds
Computing Block 298 out of 445
Processing Block size=22
begin cleaner{left: ("[FunctionalDependency:(s: {flight}, t: {act_arr_time})]", 0.0), operator: *, right: (1.0, 1.0), result: 0.0}
列 'p' 不存在，对列 act_arr_time 不过滤，直接选择所有非无效值。
Block processing time: 0.016857 seconds
Computing Block 300 out of 445
Processing Block size=15
begin cleaner{left: ("[FunctionalDependency:(s: {flight}, t: {act_arr_time})]", 0.0), operator: *, right: (1.0, 1.0), result: 0.0}
列 'p' 不存在，对列 act_arr_time 不过滤，直接选择所有非无效值。
Block processing time: 0.011411 seconds
Computing Block 303 out of 445
Processing Block size=18
begin cleaner{left: ("[FunctionalDependency:(s: {flight}, t: {act_arr_time})]", 0.0), operator: *, right: (1.0, 1.0), result: 0.0}
列 'p' 不存在，对列 act_arr_time 不过滤，直接选择所有非无效值。
Block processing time: 0.013624 seconds
Computing Block 304 out of 445
Processing Block size=19
begin cleaner{left: ("[FunctionalDependency:(s: {flight}, t: {act_arr_time})]", 0.0), operator: *, right: (1.0, 1.0), result: 0.0}
列 'p' 不存在，对列 act_arr_time 不过滤，直接选择所有非无效值。
Block processing time: 0.014345 seconds
Computing Block 306 out of 445
Processing Block size=21
begin cleaner{left: ("[FunctionalDependency:(s: {flight}, t: {act_arr_time})]", 0.0), operator: *, right: (1.0, 1.0), result: 0.0}
列 'p' 不存在，对列 act_arr_time 不过滤，直接选择所有非无效值。
Block processing time: 0.01586 seconds
Computing Block 313 out of 445
Processing Block size=20
begin cleaner{left: ("[FunctionalDependency:(s: {flight}, t: {act_arr_time})]", 0.0), operator: *, right: (1.0, 1.0), result: 0.0}
列 'p' 不存在，对列 act_arr_time 不过滤，直接选择所有非无效值。
Block processing time: 0.01515 seconds
Computing Block 315 out of 445
Processing Block size=22
begin cleaner{left: ("[FunctionalDependency:(s: {flight}, t: {act_arr_time})]", 0.0), operator: *, right: (1.0, 1.0), result: 0.0}
列 'p' 不存在，对列 act_arr_time 不过滤，直接选择所有非无效值。
Block processing time: 0.016631 seconds
Computing Block 318 out of 445
Processing Block size=19
begin cleaner{left: ("[FunctionalDependency:(s: {flight}, t: {act_arr_time})]", 0.0), operator: *, right: (1.0, 1.0), result: 0.0}
列 'p' 不存在，对列 act_arr_time 不过滤，直接选择所有非无效值。
Block processing time: 0.014386 seconds
Computing Block 320 out of 445
Processing Block size=18
begin cleaner{left: ("[FunctionalDependency:(s: {flight}, t: {act_arr_time})]", 0.0), operator: *, right: (1.0, 1.0), result: 0.0}
列 'p' 不存在，对列 act_arr_time 不过滤，直接选择所有非无效值。
Block processing time: 0.013628 seconds
Computing Block 321 out of 445
Processing Block size=23
begin cleaner{left: ("[FunctionalDependency:(s: {flight}, t: {act_arr_time})]", 0.0), operator: *, right: (1.0, 1.0), result: 0.0}
列 'p' 不存在，对列 act_arr_time 不过滤，直接选择所有非无效值。
Block processing time: 0.017404 seconds
Computing Block 330 out of 445
Processing Block size=20
begin cleaner{left: ("[FunctionalDependency:(s: {flight}, t: {act_arr_time})]", 0.0), operator: *, right: (1.0, 1.0), result: 0.0}
列 'p' 不存在，对列 act_arr_time 不过滤，直接选择所有非无效值。
Block processing time: 0.015148 seconds
Computing Block 333 out of 445
Processing Block size=16
begin cleaner{left: ("[FunctionalDependency:(s: {flight}, t: {act_arr_time})]", 0.0), operator: *, right: (1.0, 1.0), result: 0.0}
列 'p' 不存在，对列 act_arr_time 不过滤，直接选择所有非无效值。
Block processing time: 0.012152 seconds
Computing Block 335 out of 445
Processing Block size=18
begin cleaner{left: ("[FunctionalDependency:(s: {flight}, t: {act_arr_time})]", 0.0), operator: *, right: (1.0, 1.0), result: 0.0}
列 'p' 不存在，对列 act_arr_time 不过滤，直接选择所有非无效值。
Block processing time: 0.013626 seconds
Computing Block 341 out of 445
Processing Block size=16
begin cleaner{left: ("[FunctionalDependency:(s: {flight}, t: {act_arr_time})]", 0.0), operator: *, right: (1.0, 1.0), result: 0.0}
列 'p' 不存在，对列 act_arr_time 不过滤，直接选择所有非无效值。
Block processing time: 0.012182 seconds
Computing Block 346 out of 445
Processing Block size=21
begin cleaner{left: ("[FunctionalDependency:(s: {flight}, t: {act_arr_time})]", 0.0), operator: *, right: (1.0, 1.0), result: 0.0}
列 'p' 不存在，对列 act_arr_time 不过滤，直接选择所有非无效值。
Block processing time: 0.01594 seconds
Computing Block 350 out of 445
Processing Block size=22
26/04/29 16:45:28 WARN DAGScheduler: Broadcasting large task binary with size 1077.0 KiB
begin cleaner{left: ("[FunctionalDependency:(s: {flight}, t: {act_arr_time})]", 0.0), operator: *, right: (1.0, 1.0), result: 0.0}
列 'p' 不存在，对列 act_arr_time 不过滤，直接选择所有非无效值。
Block processing time: 0.015567 seconds
Computing Block 359 out of 445
Processing Block size=16
begin cleaner{left: ("[FunctionalDependency:(s: {flight}, t: {act_arr_time})]", 0.0), operator: *, right: (1.0, 1.0), result: 0.0}
列 'p' 不存在，对列 act_arr_time 不过滤，直接选择所有非无效值。
Block processing time: 0.011403 seconds
Computing Block 373 out of 445
Processing Block size=18
begin cleaner{left: ("[FunctionalDependency:(s: {flight}, t: {act_arr_time})]", 0.0), operator: *, right: (1.0, 1.0), result: 0.0}
列 'p' 不存在，对列 act_arr_time 不过滤，直接选择所有非无效值。
Block processing time: 0.012626 seconds
Computing Block 376 out of 445
Processing Block size=18
begin cleaner{left: ("[FunctionalDependency:(s: {flight}, t: {act_arr_time})]", 0.0), operator: *, right: (1.0, 1.0), result: 0.0}
列 'p' 不存在，对列 act_arr_time 不过滤，直接选择所有非无效值。
Block processing time: 0.012866 seconds
Computing Block 379 out of 445
Processing Block size=18
begin cleaner{left: ("[FunctionalDependency:(s: {flight}, t: {act_arr_time})]", 0.0), operator: *, right: (1.0, 1.0), result: 0.0}
列 'p' 不存在，对列 act_arr_time 不过滤，直接选择所有非无效值。
Block processing time: 0.012677 seconds
Computing Block 382 out of 445
Processing Block size=24
begin cleaner{left: ("[FunctionalDependency:(s: {flight}, t: {act_arr_time})]", 0.0), operator: *, right: (1.0, 1.0), result: 0.0}
列 'p' 不存在，对列 act_arr_time 不过滤，直接选择所有非无效值。
Block processing time: 0.016881 seconds
Computing Block 398 out of 445
Processing Block size=24
begin cleaner{left: ("[FunctionalDependency:(s: {flight}, t: {act_arr_time})]", 0.0), operator: *, right: (1.0, 1.0), result: 0.0}
列 'p' 不存在，对列 act_arr_time 不过滤，直接选择所有非无效值。
Block processing time: 0.016954 seconds
Computing Block 399 out of 445
Processing Block size=18
begin cleaner{left: ("[FunctionalDependency:(s: {flight}, t: {act_arr_time})]", 0.0), operator: *, right: (1.0, 1.0), result: 0.0}
列 'p' 不存在，对列 act_arr_time 不过滤，直接选择所有非无效值。
Block processing time: 0.012643 seconds
Computing Block 404 out of 445
Processing Block size=16
begin cleaner{left: ("[FunctionalDependency:(s: {flight}, t: {act_arr_time})]", 0.0), operator: *, right: (1.0, 1.0), result: 0.0}
列 'p' 不存在，对列 act_arr_time 不过滤，直接选择所有非无效值。
Block processing time: 0.011308 seconds
Computing Block 408 out of 445
Processing Block size=23
begin cleaner{left: ("[FunctionalDependency:(s: {flight}, t: {act_arr_time})]", 0.0), operator: *, right: (1.0, 1.0), result: 0.0}
列 'p' 不存在，对列 act_arr_time 不过滤，直接选择所有非无效值。
Block processing time: 0.016196 seconds
Computing Block 412 out of 445
Processing Block size=18
begin cleaner{left: ("[FunctionalDependency:(s: {flight}, t: {act_arr_time})]", 0.0), operator: *, right: (1.0, 1.0), result: 0.0}
列 'p' 不存在，对列 act_arr_time 不过滤，直接选择所有非无效值。
Block processing time: 0.012676 seconds
Computing Block 413 out of 445
Processing Block size=22
begin cleaner{left: ("[FunctionalDependency:(s: {flight}, t: {act_arr_time})]", 0.0), operator: *, right: (1.0, 1.0), result: 0.0}
列 'p' 不存在，对列 act_arr_time 不过滤，直接选择所有非无效值。
Block processing time: 0.016363 seconds
Computing Block 419 out of 445
Processing Block size=20
begin cleaner{left: ("[FunctionalDependency:(s: {flight}, t: {act_arr_time})]", 0.0), operator: *, right: (1.0, 1.0), result: 0.0}
列 'p' 不存在，对列 act_arr_time 不过滤，直接选择所有非无效值。
Block processing time: 0.015346 seconds
Computing Block 420 out of 445
Processing Block size=17
begin cleaner{left: ("[FunctionalDependency:(s: {flight}, t: {act_arr_time})]", 0.0), operator: *, right: (1.0, 1.0), result: 0.0}
列 'p' 不存在，对列 act_arr_time 不过滤，直接选择所有非无效值。
Block processing time: 0.012813 seconds
Computing Block 434 out of 445
Processing Block size=13
begin cleaner{left: ("[FunctionalDependency:(s: {flight}, t: {act_arr_time})]", 0.0), operator: *, right: (1.0, 1.0), result: 0.0}
列 'p' 不存在，对列 act_arr_time 不过滤，直接选择所有非无效值。
Block processing time: 0.009247 seconds
Computing Block 439 out of 445
Processing Block size=16
begin cleaner{left: ("[FunctionalDependency:(s: {flight}, t: {act_arr_time})]", 0.0), operator: *, right: (1.0, 1.0), result: 0.0}
列 'p' 不存在，对列 act_arr_time 不过滤，直接选择所有非无效值。
Block processing time: 0.011229 seconds
Computing Block 440 out of 445
Processing Block size=19
begin cleaner{left: ("[FunctionalDependency:(s: {flight}, t: {act_arr_time})]", 0.0), operator: *, right: (1.0, 1.0), result: 0.0}
列 'p' 不存在，对列 act_arr_time 不过滤，直接选择所有非无效值。
Block processing time: 0.01344 seconds
  当前节点: act_arr_time 无清洗操作
['sched_dep_time', 'act_dep_time', 'sched_arr_time', 'act_arr_time']的清洗完成

本层累积的编辑规则数: 0
本层没有可以进行的清洗操作，进行下一层

清洗规则溯源分析:

处理第 1 层级, 包含节点: ['flight']

处理第 2 层级, 包含节点: ['sched_dep_time', 'act_dep_time', 'sched_arr_time', 'act_arr_time']

清洗流程展示:
关联图存储到: TestDataset/result/train/flights/flights_13/acplt.png
清洗总执行时间: 34.9698 秒
清洗结果已保存到: TestDataset/result/train/flights/flights_13/flights_13Cleaned.csv
已将 4 个时间列格式化为 'h:mm a.m./p.m.'
测评性能开始：
没有指定错误比例，仅进行原数据集的空值替换，不添加错误
已将注入错误的文件保存到: TestDataset/result/train/flights/flights_13/flights_13Cleaned.csv
差异文件已保存到:
TestDataset/result/train/flights/flights_13/flights_13_clean_vs_dirty.csv
TestDataset/result/train/flights/flights_13/flights_13_dirty_vs_cleaned.csv
TestDataset/result/train/flights/flights_13/flights_13_clean_vs_cleaned.csv
修复错误数据文件已保存到: TestDataset/result/train/flights/flights_13/flights_13_repair_errors.csv
未修复但是应该修复数据文件已保存到: TestDataset/result/train/flights/flights_13/flights_13_unrepaired.csv
修复准确率: 0.9925028835063437, 修复召回率: 0.6036478428621537, F1值: 0.7507088331045488
========================================
EDR 结果已保存到: TestDataset/result/train/flights/flights_13/flights_13_edr_evaluation.txt
错误减少率 (EDR): 0.6036478428621537
========================================
混合距离结果已保存到: TestDataset/result/train/flights/flights_13/flights_13_hybrid_distance_evaluation.txt
混合距离 (Hybrid Distance): 0.21347793485195463
========================================
R-EDR 结果已保存到: TestDataset/result/train/flights/flights_13/flights_13_record_based_edr_evaluation.txt
基于条目的错误减少率 (R-EDR): 0.5042881646655232
========================================
测试结果:
Accuracy: 0.9925028835063437
Recall: 0.6036478428621537
F1 Score: 0.7507088331045488
EDR: 0.6036478428621537
Hybrid Distance: 0.21347793485195463
R-EDR: 0.5042881646655232
time(s): 34.969796459
speed: 1.4717927802609427 seconds/100num
测评结束，详细测评日志见：TestDataset/result/train/flights/flights_13
