Attribute,Index,Clean Value,Dirty Value
ProviderNumber,1,10018,empty
ProviderNumber,10,10019,empty
ProviderNumber,26,10001,empty
ProviderNumber,29,10001,empty
ProviderNumber,37,10001,55645.20917603526
ProviderNumber,40,10001,empty
ProviderNumber,43,10001,empty
ProviderNumber,50,10005,52968.93019709432
ProviderNumber,75,10006,empty
ProviderNumber,96,10007,52694.74922166278
ProviderNumber,108,10007,empty
ProviderNumber,111,10007,empty
ProviderNumber,113,10007,50336.77198459608
ProviderNumber,122,10008,empty
ProviderNumber,128,10008,53910.09782277108
ProviderNumber,130,10008,43575.5131280609
ProviderNumber,149,10009,47745.47182813423
ProviderNumber,153,10009,44291.82503579599
ProviderNumber,165,10009,56259.56586665733
ProviderNumber,170,10010,51263.552012177366
ProviderNumber,173,10010,empty
ProviderNumber,203,10011,empty
ProviderNumber,217,10011,59702.977679511205
ProviderNumber,226,10012,46254.17388036202
ProviderNumber,232,10012,38528.55560938814
ProviderNumber,235,10012,empty
ProviderNumber,240,10012,empty
ProviderNumber,247,10015,empty
ProviderNumber,253,10015,empty
ProviderNumber,269,10015,empty
ProviderNumber,271,10016,45898.35607567065
ProviderNumber,280,10016,empty
ProviderNumber,287,10016,empty
ProviderNumber,291,10016,31940.999915217653
ProviderNumber,295,10018,34409.0740444849
ProviderNumber,308,10018,empty
ProviderNumber,312,10038,empty
ProviderNumber,313,10038,empty
ProviderNumber,319,10038,33603.004893143785
ProviderNumber,328,10038,35965.046222400815
ProviderNumber,334,10055,empty
ProviderNumber,335,10055,empty
ProviderNumber,338,10055,30196.382846017117
ProviderNumber,339,10055,empty
ProviderNumber,346,10055,empty
ProviderNumber,350,10056,empty
ProviderNumber,367,10086,empty
ProviderNumber,377,10086,38098.889570373045
ProviderNumber,394,10108,empty
ProviderNumber,398,10108,empty
ProviderNumber,420,10164,empty
ProviderNumber,430,10164,empty
ProviderNumber,435,20017,empty
ProviderNumber,436,20017,empty
ProviderNumber,443,20017,empty
ProviderNumber,446,20017,empty
ProviderNumber,456,10019,39954.5838824761
ProviderNumber,478,10021,empty
ProviderNumber,501,10022,empty
ProviderNumber,505,10022,empty
ProviderNumber,508,10022,43184.15384744294
ProviderNumber,513,10022,empty
ProviderNumber,516,10022,51643.257413657855
ProviderNumber,519,10023,empty
ProviderNumber,523,10023,36241.71538926557
ProviderNumber,546,10024,33566.86680494814
ProviderNumber,549,10024,empty
ProviderNumber,554,10024,52389.50565118684
ProviderNumber,559,10024,empty
ProviderNumber,583,10025,empty
ProviderNumber,624,10029,empty
ProviderNumber,625,10029,empty
ProviderNumber,626,10029,empty
ProviderNumber,627,10029,empty
ProviderNumber,631,10029,empty
ProviderNumber,636,10029,empty
ProviderNumber,637,10029,empty
ProviderNumber,639,10029,empty
ProviderNumber,643,10032,empty
ProviderNumber,665,10032,38873.11312394689
ProviderNumber,666,10032,empty
ProviderNumber,670,10033,empty
ProviderNumber,675,10033,empty
ProviderNumber,677,10033,empty
ProviderNumber,682,10033,empty
ProviderNumber,688,10033,empty
ProviderNumber,690,10033,empty
ProviderNumber,694,10034,empty
ProviderNumber,698,10034,empty
ProviderNumber,699,10034,empty
ProviderNumber,701,10034,empty
ProviderNumber,706,10034,empty
ProviderNumber,719,10035,empty
ProviderNumber,725,10035,empty
ProviderNumber,736,10035,empty
ProviderNumber,744,10036,32109.877190626372
ProviderNumber,752,10036,empty
ProviderNumber,755,10036,empty
ProviderNumber,762,10036,empty
ProviderNumber,766,10036,empty
ProviderNumber,769,10038,empty
ProviderNumber,776,10039,empty
ProviderNumber,778,10039,empty
ProviderNumber,781,10039,empty
ProviderNumber,793,10039,58628.25391117331
ProviderNumber,794,10039,empty
ProviderNumber,797,10039,empty
ProviderNumber,800,10039,46090.216391099915
ProviderNumber,802,10039,57044.79042478088
ProviderNumber,804,10040,empty
ProviderNumber,806,10040,empty
ProviderNumber,810,10040,40350.81408542564
ProviderNumber,818,10040,empty
ProviderNumber,823,10040,empty
ProviderNumber,837,10043,empty
ProviderNumber,850,10043,56888.35251344517
ProviderNumber,853,10044,empty
ProviderNumber,856,10044,35274.25821505056
ProviderNumber,859,10044,30684.17044133728
ProviderNumber,870,10044,empty
ProviderNumber,877,10044,empty
ProviderNumber,878,10045,47130.137688313895
ProviderNumber,884,10045,empty
ProviderNumber,887,10045,empty
ProviderNumber,890,10045,empty
ProviderNumber,894,10045,34875.3709295144
ProviderNumber,895,10045,59747.38666555881
ProviderNumber,910,10046,empty
ProviderNumber,912,10046,56012.38426589487
ProviderNumber,922,10046,56584.85079914914
ProviderNumber,923,10046,37941.866187746135
ProviderNumber,924,10046,empty
ProviderNumber,925,10046,empty
ProviderNumber,928,10046,39248.92483109016
ProviderNumber,932,10047,53648.97459444
ProviderNumber,936,10047,empty
ProviderNumber,937,10047,empty
ProviderNumber,944,10047,empty
ProviderNumber,954,10047,empty
ProviderNumber,961,10049,empty
ProviderNumber,964,10049,empty
ProviderNumber,978,10049,45523.82651357549
ProviderNumber,982,10050,empty
ProviderNumber,991,10050,empty
HospitalName,2,callahan eye foundation hospital,empty
HospitalName,7,callahan eye foundation hospital,callahan e@@ye foundation hospital
HospitalName,20,southeast alabama medical center,empty
HospitalName,26,southeast alabama medical center,southeast alabama medical $center#
HospitalName,30,southeast alabama medical center,empty
HospitalName,41,southeast alabama medical center,empty
HospitalName,42,southeast alabama medical center,empty
HospitalName,59,marshall medical center south,marshall medic%al ce@@nter south
HospitalName,60,marshall medical center south,mar@@shall medical center sout#h
HospitalName,63,marshall medical center south,mars$hall medical c#enter south
HospitalName,68,marshall medical center south,empty
HospitalName,88,eliza coffee memorial hospital,empty
HospitalName,89,eliza coffee memorial hospital,empty
HospitalName,90,eliza coffee memorial hospital,empty
HospitalName,94,eliza coffee memorial hospital,empty
HospitalName,102,mizell memorial hospital,empty
HospitalName,114,mizell memorial hospital,mizell me#morial@@ hospital
HospitalName,126,crenshaw community hospital,empty
HospitalName,129,crenshaw community hospital,empty
HospitalName,146,hartselle medical center,empty
HospitalName,152,hartselle medical center,empty
HospitalName,163,hartselle medical center,har$tselle medical center
HospitalName,167,hartselle medical center,hartselle med%ical center
HospitalName,170,marshall medical center north,empty
HospitalName,171,marshall medical center north,marshall medical #center north
HospitalName,172,marshall medical center north,empty
HospitalName,175,marshall medical center north,empty
HospitalName,180,marshall medical center north,marshall medical cen??t??er north
HospitalName,186,marshall medical center north,empty
HospitalName,187,marshall medical center north,empty
HospitalName,194,marshall medical center north,empty
HospitalName,195,st vincents east,st vincent@@s e#ast
HospitalName,205,st vincents east,empty
HospitalName,206,st vincents east,empty
HospitalName,212,st vincents east,empty
HospitalName,213,st vincents east,empty
HospitalName,215,st vincents east,st %vi%ncents east
HospitalName,218,st vincents east,st vincent??s east
HospitalName,239,dekalb regional medical center,empty
HospitalName,244,dekalb regional medical center,empty
HospitalName,259,southwest alabama medical center,empty
HospitalName,260,southwest alabama medical center,southwest al??abama $medical center
HospitalName,273,shelby baptist medical center,sh??elb$y baptist medical center
HospitalName,275,shelby baptist medical center,shelby baptist me$dical center
HospitalName,277,shelby baptist medical center,shelby ba$ptist medical center
HospitalName,293,shelby baptist medical center,shelby ba#ptist medical center
HospitalName,294,shelby baptist medical center,empty
HospitalName,299,callahan eye foundation hospital,callahan eye foundati#on hos#pital
HospitalName,310,callahan eye foundation hospital,empty
HospitalName,317,stringfellow memorial hospital,empty
HospitalName,330,stringfellow memorial hospital,stringfellow memorial hos@@pital
HospitalName,338,flowers hospital,empty
HospitalName,345,flowers hospital,empty
HospitalName,357,northwest medical center,empty
HospitalName,358,northwest medical center,empty
HospitalName,361,northwest medical center,empty
HospitalName,374,northwest medical center,northwest me??dical center
HospitalName,382,univ of south alabama medical center,empty
HospitalName,384,univ of south alabama medical center,empty
HospitalName,386,univ of south alabama medical center,univ of south alabama medical cent@@er
HospitalName,390,univ of south alabama medical center,empty
HospitalName,399,prattville baptist hospital,prattville baptis??t hospital
HospitalName,409,prattville baptist hospital,pr#attville baptist@@ hospital
HospitalName,419,coosa valley medical center,empty
HospitalName,436,alaska regional hospital,empty
HospitalName,455,helen keller memorial hospital,empty
HospitalName,460,helen keller memorial hospital,empty
HospitalName,462,helen keller memorial hospital,hele%n keller memorial hospital
HospitalName,463,helen keller memorial hospital,empty
HospitalName,480,dale medical center,empty
HospitalName,483,dale medical center,dale medica??l center
HospitalName,487,dale medical center,dale medical c??enter
HospitalName,489,dale medical center,empty
HospitalName,494,cherokee medical center,empty
HospitalName,497,cherokee medical center,empty
HospitalName,499,cherokee medical center,cher%$okee medical center
HospitalName,504,cherokee medical center,empty
HospitalName,517,baptist medical center south,empty
HospitalName,533,baptist medical center south,empty
HospitalName,535,baptist medical center south,empty
HospitalName,538,baptist medical center south,baptist med$ical center south
HospitalName,549,jackson hospital & clinic inc,empty
HospitalName,555,jackson hospital & clinic inc,empty
HospitalName,571,g h lanier memorial hospital,empty
HospitalName,573,g h lanier memorial hospital,g h lanier me??morial hospital%
HospitalName,577,g h lanier memorial hospital,empty
HospitalName,585,g h lanier memorial hospital,g h lanier?? memorial hospi$tal
HospitalName,590,g h lanier memorial hospital,g@@ h lanier memorial hospital
HospitalName,599,elba general hospital,empty
HospitalName,600,elba general hospital,elba general h%ospital
HospitalName,601,elba general hospital,empty
HospitalName,603,elba general hospital,empty
HospitalName,619,east alabama medical center and snf,empty
HospitalName,632,east alabama medical center and snf,east alabama medical ce#nter and snf#
HospitalName,634,east alabama medical center and snf,empty
HospitalName,647,wedowee hospital,empty
HospitalName,651,wedowee hospital,empty
HospitalName,654,wedowee hospital,wedo%wee hospital
HospitalName,657,wedowee hospital,wed??owee@@ hospital
HospitalName,660,wedowee hospital,empty
HospitalName,662,wedowee hospital,empty
HospitalName,665,wedowee hospital,empty
HospitalName,690,university of alabama hospital,empty
HospitalName,693,community hospital inc,empty
HospitalName,695,community hospital inc,empty
HospitalName,697,community hospital inc,empty
HospitalName,711,community hospital inc,empty
HospitalName,729,cullman regional medical center,cullman regi@@o@@nal medical center
HospitalName,736,cullman regional medical center,empty
HospitalName,737,cullman regional medical center,empty
HospitalName,738,cullman regional medical center,cullman regional medi@@cal center
HospitalName,743,andalusia regional hospital,a??ndalusia regional hospit??al
HospitalName,747,andalusia regional hospital,empty
HospitalName,776,huntsville hospital,empty
HospitalName,791,huntsville hospital,empty
HospitalName,793,huntsville hospital,empty
HospitalName,801,huntsville hospital,empty
HospitalName,814,gadsden regional medical center,empty
HospitalName,815,gadsden regional medical center,empty
HospitalName,821,gadsden regional medical center,gadsden regional% medical center
HospitalName,836,chilton medical center,empty
HospitalName,844,chilton medical center,empty
HospitalName,846,chilton medical center,empty
HospitalName,856,marion regional medical center,empty
HospitalName,863,marion regional medical center,marion reg#ional medical center
HospitalName,866,marion regional medical center,empty
HospitalName,871,marion regional medical center,empty
HospitalName,877,marion regional medical center,marion regio%nal medical center
HospitalName,885,fayette medical center,empty
HospitalName,886,fayette medical center,fayett%@@e medical center
HospitalName,890,fayette medical center,fayette medical@@ center
HospitalName,896,fayette medical center,empty
HospitalName,922,riverview regional medical center,empty
HospitalName,923,riverview regional medical center,empty
HospitalName,927,riverview regional medical center,river??view regional med@@ical center
HospitalName,946,georgiana hospital,empty
HospitalName,952,georgiana hospital,empty
HospitalName,975,medical center enterprise,empty
HospitalName,986,st vincents blount,empty
HospitalName,996,st vincents blount,empty
Address1,5,1720 university blvd,1720 u??niversity blvd??
Address1,10,1300 south montgomery avenue,empty
Address1,11,1300 south montgomery avenue,empty
Address1,19,1300 south montgomery avenue,empty
Address1,21,1108 ross clark circle,empty
Address1,35,1108 ross clark circle,empty
Address1,47,2505 u s highway 431 north,empty
Address1,51,2505 u s highway 431 north,empty
Address1,62,2505 u s highway 431 north,empty
Address1,64,2505 u s highway 431 north,2505$ u s highway 431 north
Address1,65,2505 u s highway 431 north,empty
Address1,71,205 marengo street,205 %marengo street
Address1,74,205 marengo street,205 marengo s??treet
Address1,79,205 marengo street,empty
Address1,80,205 marengo street,empty
Address1,83,205 marengo street,empty
Address1,85,205 marengo street,empty
Address1,89,205 marengo street,empty
Address1,94,205 marengo street,empty
Address1,96,702 n main st,empty
Address1,99,702 n main st,empty
Address1,113,702 n main st,empty
Address1,115,702 n main st,702 n m%ain st
Address1,137,101 hospital circle,empty
Address1,154,201 pine street northwest,empty
Address1,159,201 pine street northwest,empty
Address1,163,201 pine street northwest,20%1 pine street northwest
Address1,170,8000 alabama highway 69,empty
Address1,174,8000 alabama highway 69,empty
Address1,175,8000 alabama highway 69,8000 alabama $highway 69
Address1,177,8000 alabama highway 69,empty
Address1,181,8000 alabama highway 69,empty
Address1,185,8000 alabama highway 69,empty
Address1,188,8000 alabama highway 69,empty
Address1,191,8000 alabama highway 69,8000 alabama h%@@ighway 69
Address1,204,50 medical park east drive,empty
Address1,205,50 medical park east drive,empty
Address1,214,50 medical park east drive,50 $medical park east dr$ive
Address1,217,50 medical park east drive,empty
Address1,221,200 med center drive,empty
Address1,226,200 med center drive,empty
Address1,235,200 med center drive,empty
Address1,236,200 med center drive,empty
Address1,237,200 med center drive,empty
Address1,251,33700 highway 43,empty
Address1,253,33700 highway 43,empty
Address1,280,1000 first street north,10%00 first stree$t north
Address1,291,1000 first street north,empty
Address1,302,1720 university blvd,1@@720 university bl@@vd
Address1,312,301 east 18th st,301 east 18th $st#
Address1,313,301 east 18th st,empty
Address1,320,301 east 18th st,empty
Address1,322,301 east 18th st,empty
Address1,333,4370 west main street,empty
Address1,334,4370 west main street,#4370 west main street
Address1,338,4370 west main street,empty
Address1,339,4370 west main street,empty
Address1,341,4370 west main street,empty
Address1,358,1530 u s highway 43,empty
Address1,370,1530 u s highway 43,1530 u s ??highway 43
Address1,377,1530 u s highway 43,1530 u s@@ highway 43
Address1,384,2451 fillingim street,empty
Address1,385,2451 fillingim street,2451 fil$lingim street
Address1,408,124 s memorial dr,??124 s memorial dr
Address1,409,124 s memorial dr,124 s mem%orial dr
Address1,411,124 s memorial dr,124 #s memorial dr
Address1,418,315 w hickory st,empty
Address1,430,315 w hickory st,empty
Address1,431,315 w hickory st,empty
Address1,436,2801 debarr road,empty
Address1,439,2801 debarr road,2801 deba%rr road
Address1,465,1300 south montgomery avenue,1300 sout$h montgomery avenue
Address1,494,400 northwood dr,400 #northwoo%d dr
Address1,512,400 northwood dr,empty
Address1,515,400 northwood dr,empty
Address1,533,2105 east south boulevard,2105 east south bo$ulevard
Address1,536,2105 east south boulevard,empty
Address1,538,2105 east south boulevard,2105 east s@@outh% boulevard
Address1,539,2105 east south boulevard,2105 east south bo??ulevard
Address1,559,1725 pine street,empty
Address1,563,1725 pine street,empty
Address1,586,4800 48th st,empty
Address1,587,4800 48th st,empty
Address1,590,4800 48th st,empty
Address1,591,4800 48th st,empty
Address1,592,987 drayton street,empty
Address1,608,987 drayton street,987 drayton street??
Address1,624,2000 pepperell parkway,2000 pe??pperell park??way
Address1,625,2000 pepperell parkway,empty
Address1,632,2000 pepperell parkway,empty
Address1,636,2000 pepperell parkway,empty
Address1,643,209 north main street,empty
Address1,651,209 north main street,209 north main@@ street
Address1,672,619 south 19th street,empty
Address1,682,619 south 19th street,empty
Address1,684,619 south 19th street,empty
Address1,685,619 south 19th street,empty
Address1,687,619 south 19th street,empty
Address1,702,805 friendship road,empty
Address1,705,805 friendship road,empty
Address1,709,805 friendship road,empty
Address1,713,805 friendship road,empty
Address1,714,805 friendship road,805 fr$iendship road
Address1,716,805 friendship road,805 f%rien@@dship road
Address1,719,1912 alabama highway 157,1912 alabama# hi??ghway 157
Address1,724,1912 alabama highway 157,empty
Address1,737,1912 alabama highway 157,empty
Address1,740,1912 alabama highway 157,empty
Address1,741,1912 alabama highway 157,empty
Address1,743,849 south three notch street,empty
Address1,747,849 south three notch street,849 south th$ree notc%h street
Address1,751,849 south three notch street,empty
Address1,768,301 east 18th st,empty
Address1,780,101 sivley rd,101 s$ivley rd
Address1,782,101 sivley rd,empty
Address1,787,101 sivley rd,empty
Address1,789,101 sivley rd,empty
Address1,804,1007 goodyear avenue,empty
Address1,821,1007 goodyear avenue,empty
Address1,824,1007 goodyear avenue,empty
Address1,834,1010 lay dam road,@@1010 lay dam road
Address1,844,1010 lay dam road,empty
Address1,845,1010 lay dam road,101#0 lay dam ro??ad
Address1,857,1256 military street south,1256 military str??eet so@@uth
Address1,875,1256 military street south,empty
Address1,885,1653 temple avenue north,1@@653 temple avenu@@e north
Address1,886,1653 temple avenue north,1653 temple# avenue north
Address1,888,1653 temple avenue north,@%@1653 temple avenue north
Address1,889,1653 temple avenue north,1653 temp??le avenue north
Address1,894,1653 temple avenue north,1%653@@ temple avenue north
Address1,904,600 south third street,empty
Address1,910,600 south third street,empty
Address1,932,515 miranda st,empty
Address1,940,515 miranda st,empty
Address1,944,515 miranda st,empty
Address1,945,515 miranda st,empty
Address1,952,515 miranda st,5??15 miranda s#t
Address1,958,400 n edwards street,empty
Address1,965,400 n edwards street,400 n edwards %street
Address1,968,400 n edwards street,empty
Address1,977,400 n edwards street,400 @@n edwards street
Address1,978,400 n edwards street,empty
Address1,983,150 gilbreath drive,empty
Address1,986,150 gilbreath drive,empty
Address1,987,150 gilbreath drive,empty
Address1,989,150 gilbreath drive,150 gilb%reath driv@@e
Address1,992,150 gilbreath drive,empty
Address1,995,150 gilbreath drive,empty
Address2,49,empty,e%m??pty
Address2,91,empty,em??p#ty
Address2,119,empty,emp$ty
Address2,162,empty,empt@@??y
Address2,165,empty,empt%y
Address2,177,empty,empt@@y
Address2,238,empty,emp$ty
Address2,242,empty,??empty%
Address2,277,empty,empt??y$
Address2,314,empty,empt@@y%
Address2,320,empty,empty??#
Address2,323,empty,e#mpty$
Address2,329,empty,empt%y
Address2,346,empty,em%pty@@
Address2,386,empty,@@@@empty
Address2,402,empty,em%pty
Address2,455,empty,em??pt#y
Address2,473,empty,empty@@
Address2,483,empty,e$m@@pty
Address2,484,empty,empt$y
Address2,506,empty,%em%pty
Address2,530,empty,empty$
Address2,538,empty,empty@@
Address2,603,empty,empty??
Address2,638,empty,@@empt@@y
Address2,645,empty,em%pt#y
Address2,650,empty,empt#y
Address2,657,empty,empt%@@y
Address2,682,empty,empt??%y
Address2,689,empty,empty$
Address2,707,empty,emp@#@ty
Address2,731,empty,empt@@%y
Address2,738,empty,em%pty
Address2,797,empty,emp#ty
Address2,828,empty,e%mp??ty
Address2,846,empty,@@empty
Address2,867,empty,e$mpty
Address2,892,empty,??em#pty
Address2,923,empty,$empt$y
Address3,5,empty,@@e@@mpty
Address3,8,empty,e@@mp$ty
Address3,17,empty,@@empty??
Address3,33,empty,em??pty
Address3,44,empty,empt@@y
Address3,84,empty,$empty
Address3,105,empty,@@e??mpty
Address3,122,empty,emp@@??ty
Address3,141,empty,empt@@y
Address3,151,empty,emp@@$ty
Address3,155,empty,e??mpt#y
Address3,166,empty,emp#t%y
Address3,169,empty,e#@@mpty
Address3,173,empty,e$mpt%y
Address3,193,empty,$empty
Address3,196,empty,empty#
Address3,203,empty,empt$y$
Address3,225,empty,em@@p$ty
Address3,246,empty,emp??ty
Address3,247,empty,@@empt%y
Address3,255,empty,emp@$@ty
Address3,265,empty,??empty
Address3,267,empty,emp@@ty
Address3,271,empty,#emp$ty
Address3,280,empty,emp$ty
Address3,289,empty,e$mp@@ty
Address3,339,empty,%em#pty
Address3,369,empty,em$pty
Address3,413,empty,e@@mpt%y
Address3,439,empty,%empty#
Address3,444,empty,empt#y??
Address3,446,empty,e$mpty
Address3,462,empty,#empty
Address3,525,empty,#empty
Address3,526,empty,em@@pt??y
Address3,533,empty,e#m%pty
Address3,541,empty,emp#ty$
Address3,552,empty,#empt$y
Address3,596,empty,em$pty
Address3,601,empty,empt?@@?y
Address3,606,empty,em##pty
Address3,624,empty,empt??#y
Address3,625,empty,e??mpty
Address3,646,empty,empty@@
Address3,660,empty,emp??ty
Address3,719,empty,emp??ty
Address3,722,empty,em%pty@@
Address3,737,empty,empt#y%
Address3,739,empty,e@@m??pty
Address3,744,empty,$$empty
Address3,756,empty,em??pt??y
Address3,771,empty,em$pty@@
Address3,828,empty,em$p#ty
Address3,832,empty,emp@@@@ty
Address3,845,empty,e$mp$ty
Address3,848,empty,emp%ty
Address3,850,empty,empt@@y??
Address3,851,empty,@@emp#ty
Address3,883,empty,emp??ty@@
Address3,902,empty,e$mpty
Address3,918,empty,%empty??
Address3,952,empty,e#m$pty
Address3,969,empty,e#mpty
City,12,sheffield,empty
City,32,dothan,empty
City,38,dothan,dothan@@
City,40,dothan,empty
City,46,boaz,empty
City,47,boaz,empty
City,68,boaz,empty
City,78,florence,%florence
City,82,florence,empty
City,87,florence,fl@@??orence
City,91,florence,flor??ence
City,106,opp,op@$@p
City,109,opp,o@@pp#
City,115,opp,empty
City,139,luverne,empty
City,148,hartselle,empty
City,161,hartselle,ha@@rtselle
City,166,hartselle,empty
City,169,hartselle,empty
City,193,guntersville,guntersvi$lle
City,194,guntersville,g??un#tersville
City,226,fort payne,empty
City,229,fort payne,fort pa$yne#
City,233,fort payne,f??ort pa@@yne
City,235,fort payne,empty
City,238,fort payne,empty
City,241,fort payne,empty
City,244,fort payne,empty
City,247,thomasville,empty
City,255,thomasville,thom#asville
City,265,thomasville,empty
City,268,thomasville,thomasvil#le
City,275,alabaster,empty
City,281,alabaster,empty
City,283,alabaster,empty
City,304,birmingham,birmingh??am??
City,316,anniston,empty
City,325,anniston,empty
City,328,anniston,annisto??n
City,333,dothan,#dothan
City,338,dothan,??dotha??n
City,347,dothan,empty
City,364,winfield,empty
City,378,winfield,%winfield
City,397,prattville,empty
City,399,prattville,empty
City,404,prattville,empty
City,412,prattville,empty
City,416,sylacauga,@@sylacauga
City,421,sylacauga,empty
City,423,sylacauga,empty
City,426,sylacauga,empty
City,431,sylacauga,sylacau$ga
City,433,anchorage,empty
City,441,anchorage,empty
City,447,anchorage,anchor#age
City,449,anchorage,empty
City,456,sheffield,s??heffield
City,458,sheffield,sheffi%el??d
City,461,sheffield,s%heffie@@ld
City,492,centre,c#entre
City,499,centre,empty
City,507,centre,cen#tr$e
City,516,centre,empty
City,518,montgomery,empty
City,521,montgomery,empty
City,526,montgomery,mon??tgomery$
City,538,montgomery,mo@@$ntgomery
City,542,montgomery,empty
City,558,montgomery,montgo%mery
City,565,montgomery,empty
City,566,montgomery,empty
City,572,valley,empty
City,575,valley,empty
City,581,valley,valle$y
City,584,valley,$v??alley
City,590,valley,vall$??ey
City,616,elba,#elba
City,624,opelika,ope??lika
City,625,opelika,empty
City,633,opelika,op%elik$a
City,641,opelika,empty
City,655,wedowee,empty
City,667,birmingham,empty
City,673,birmingham,birm%ingham
City,676,birmingham,empty
City,683,birmingham,empty
City,688,birmingham,bir??mingham@@
City,690,birmingham,birmingha??m
City,692,tallassee,tallass??ee#
City,699,tallassee,ta$llassee
City,700,tallassee,empty
City,702,tallassee,empty
City,717,cullman,empty
City,735,cullman,empty
City,751,andalusia,empty
City,753,andalusia,empty
City,754,andalusia,empty
City,757,andalusia,empty
City,761,andalusia,empty
City,779,huntsville,hunts@@??ville
City,780,huntsville,empty
City,794,huntsville,empty
City,797,huntsville,huntsvil??le#
City,819,gadsden,$gadsde%n
City,824,gadsden,empty
City,831,clanton,empty
City,832,clanton,cl#anto$n
City,838,clanton,empty
City,861,hamilton,empty
City,863,hamilton,empty
City,878,fayette,empty
City,892,fayette,empty
City,895,fayette,empty
City,901,fayette,empty
City,910,gadsden,ga#ds??den
City,912,gadsden,empty
City,918,gadsden,empty
City,924,gadsden,empty
City,925,gadsden,empty
City,935,georgiana,empty
City,948,georgiana,empty
City,951,georgiana,empty
City,952,georgiana,empty
City,958,enterprise,empty
City,962,enterprise,empty
City,967,enterprise,empty
City,972,enterprise,empty
City,980,enterprise,empty
City,988,oneonta,o??neonta
City,989,oneonta,o@@%neonta
City,990,oneonta,empty
City,999,oneonta,oneonta%
State,1,al,%a$l
State,3,al,empty
State,6,al,empty
State,16,al,a%l
State,27,al,#al
State,38,al,empty
State,40,al,empty
State,43,al,empty
State,52,al,empty
State,58,al,empty
State,66,al,a%@@l
State,71,al,empty
State,75,al,empty
State,83,al,empty
State,91,al,empty
State,96,al,empty
State,98,al,empty
State,108,al,$$al
State,114,al,empty
State,127,al,empty
State,129,al,empty
State,135,al,empty
State,137,al,@@a$l
State,146,al,empty
State,156,al,empty
State,158,al,empty
State,174,al,al#
State,177,al,empty
State,178,al,empty
State,193,al,empty
State,194,al,empty
State,196,al,empty
State,202,al,empty
State,206,al,a$l??
State,224,al,empty
State,236,al,empty
State,243,al,empty
State,244,al,empty
State,253,al,empty
State,254,al,empty
State,260,al,empty
State,264,al,empty
State,278,al,empty
State,285,al,empty
State,287,al,empty
State,314,al,empty
State,319,al,a??l
State,334,al,empty
State,337,al,al#
State,338,al,a%$l
State,345,al,empty
State,347,al,%al
State,357,al,empty
State,377,al,$al
State,392,al,empty
State,403,al,empty
State,431,al,a?%?l
State,432,al,empty
State,433,ak,ak??
State,438,ak,empty
State,439,ak,empty
State,445,ak,empty
State,453,al,a@@l
State,471,al,al%??
State,473,al,empty
State,477,al,empty
State,483,al,empty
State,484,al,al$
State,486,al,empty
State,492,al,a??l
State,501,al,empty
State,510,al,empty
State,514,al,empty
State,520,al,empty
State,521,al,empty
State,523,al,empty
State,528,al,??al
State,531,al,empty
State,533,al,$al
State,545,al,empty
State,556,al,empty
State,565,al,$a??l
State,566,al,#al
State,577,al,empty
State,579,al,empty
State,580,al,empty
State,596,al,empty
State,602,al,empty
State,609,al,al#$
State,619,al,%%al
State,621,al,empty
State,623,al,empty
State,630,al,empty
State,668,al,empty
State,670,al,empty
State,674,al,empty
State,682,al,#al
State,683,al,empty
State,687,al,empty
State,692,al,empty
State,701,al,empty
State,707,al,??al
State,714,al,al%
State,718,al,empty
State,719,al,empty
State,727,al,a??l
State,745,al,empty
State,750,al,%??al
State,770,al,empty
State,771,al,empty
State,775,al,??%al
State,789,al,a@@%l
State,792,al,empty
State,809,al,empty
State,811,al,al@@
State,821,al,empty
State,830,al,$al
State,842,al,empty
State,850,al,empty
State,856,al,al@@$
State,858,al,@@??al
State,860,al,al$
State,862,al,#al
State,871,al,%a$l
State,876,al,empty
State,885,al,empty
State,891,al,empty
State,892,al,al$
State,897,al,empty
State,898,al,empty
State,905,al,empty
State,909,al,empty
State,921,al,#al
State,931,al,empty
State,932,al,%%al
State,938,al,empty
State,939,al,@@a%l
State,944,al,@@al@@
State,947,al,empty
State,958,al,empty
State,964,al,@@al
State,971,al,a@%@l
State,981,al,a#l
State,986,al,empty
State,996,al,empty
State,997,al,empty
ZipCode,17,35660,empty
ZipCode,31,36302,empty
ZipCode,47,35957,empty
ZipCode,49,35957,empty
ZipCode,78,35631,empty
ZipCode,88,35631,empty
ZipCode,90,35631,empty
ZipCode,98,36467,empty
ZipCode,103,36467,empty
ZipCode,106,36467,empty
ZipCode,109,36467,empty
ZipCode,113,36467,empty
ZipCode,120,36049,empty
ZipCode,127,36049,empty
ZipCode,131,36049,empty
ZipCode,133,36049,empty
ZipCode,137,36049,122234.71761081793
ZipCode,140,36049,171298.162623798
ZipCode,147,35640,empty
ZipCode,152,35640,176910.2982899446
ZipCode,160,35640,empty
ZipCode,164,35640,empty
ZipCode,173,35976,empty
ZipCode,184,35976,empty
ZipCode,197,35235,160147.5100900883
ZipCode,199,35235,empty
ZipCode,200,35235,empty
ZipCode,207,35235,empty
ZipCode,208,35235,empty
ZipCode,236,35968,empty
ZipCode,237,35968,empty
ZipCode,238,35968,empty
ZipCode,244,35968,empty
ZipCode,246,36784,164007.50410991625
ZipCode,247,36784,202429.0932982419
ZipCode,248,36784,empty
ZipCode,256,36784,empty
ZipCode,259,36784,empty
ZipCode,266,36784,empty
ZipCode,269,36784,empty
ZipCode,274,35007,empty
ZipCode,294,35007,empty
ZipCode,298,35233,172792.4693810586
ZipCode,302,35233,empty
ZipCode,306,35233,114739.53351612356
ZipCode,311,35233,empty
ZipCode,319,36201,179121.46106116357
ZipCode,322,36201,129691.40362250686
ZipCode,324,36201,213126.1709854463
ZipCode,334,36305,empty
ZipCode,336,36305,empty
ZipCode,339,36305,empty
ZipCode,351,35205,116851.49285469756
ZipCode,355,35594,empty
ZipCode,357,35594,161196.41078102638
ZipCode,360,35594,empty
ZipCode,363,35594,empty
ZipCode,369,35594,empty
ZipCode,370,35594,148520.56103137162
ZipCode,376,35594,empty
ZipCode,382,36617,empty
ZipCode,386,36617,169297.03722267167
ZipCode,389,36617,empty
ZipCode,399,36067,empty
ZipCode,401,36067,empty
ZipCode,404,36067,empty
ZipCode,405,36067,174691.03753170557
ZipCode,407,36067,192719.7838328881
ZipCode,409,36067,191688.66120684575
ZipCode,417,35150,empty
ZipCode,423,35150,empty
ZipCode,433,99508,empty
ZipCode,438,99508,empty
ZipCode,440,99508,empty
ZipCode,453,35660,151369.61683528603
ZipCode,456,35660,175203.3253386569
ZipCode,457,35660,empty
ZipCode,461,35660,empty
ZipCode,464,35660,empty
ZipCode,471,36360,empty
ZipCode,473,36360,empty
ZipCode,481,36360,empty
ZipCode,482,36360,empty
ZipCode,485,36360,empty
ZipCode,486,36360,empty
ZipCode,501,35960,182663.04385887823
ZipCode,503,35960,empty
ZipCode,505,35960,129882.74551926572
ZipCode,513,35960,empty
ZipCode,515,35960,148656.50065926227
ZipCode,519,36116,empty
ZipCode,521,36116,empty
ZipCode,529,36116,empty
ZipCode,538,36116,empty
ZipCode,540,36116,168211.00037974332
ZipCode,544,36106,117595.25896785036
ZipCode,547,36106,empty
ZipCode,560,36106,empty
ZipCode,575,36854,empty
ZipCode,576,36854,203037.09313957163
ZipCode,578,36854,empty
ZipCode,604,36323,114538.75920540444
ZipCode,614,36323,157734.99146490154
ZipCode,630,36801,empty
ZipCode,635,36801,empty
ZipCode,663,36278,171000.02181080388
ZipCode,665,36278,empty
ZipCode,666,36278,empty
ZipCode,667,35233,empty
ZipCode,673,35233,empty
ZipCode,686,35233,empty
ZipCode,694,36078,136450.55610807784
ZipCode,707,36078,202322.9401659143
ZipCode,713,36078,empty
ZipCode,714,36078,empty
ZipCode,717,35058,empty
ZipCode,723,35058,empty
ZipCode,724,35058,empty
ZipCode,732,35058,191335.66965990516
ZipCode,735,35058,134012.54106900684
ZipCode,736,35058,142969.27039221497
ZipCode,737,35058,empty
ZipCode,741,35058,empty
ZipCode,743,36420,empty
ZipCode,749,36420,empty
ZipCode,750,36420,169987.71204541516
ZipCode,753,36420,196834.49748657935
ZipCode,758,36420,144752.53383499203
ZipCode,760,36420,empty
ZipCode,762,36420,empty
ZipCode,765,36420,161797.52553451975
ZipCode,766,36420,empty
ZipCode,777,35801,empty
ZipCode,778,35801,202355.62207167785
ZipCode,779,35801,150424.18406762087
ZipCode,785,35801,empty
ZipCode,798,35801,188382.90043140668
ZipCode,803,35903,empty
ZipCode,805,35903,empty
ZipCode,807,35903,empty
ZipCode,817,35903,empty
ZipCode,818,35903,empty
ZipCode,822,35903,empty
ZipCode,832,35045,empty
ZipCode,843,35045,119346.23012351229
ZipCode,847,35045,empty
ZipCode,855,35570,empty
ZipCode,859,35570,empty
ZipCode,863,35570,empty
ZipCode,874,35570,empty
ZipCode,878,35555,144410.25215850753
ZipCode,883,35555,125432.40600332156
ZipCode,890,35555,empty
ZipCode,894,35555,162753.15887413674
ZipCode,897,35555,151991.1232030081
ZipCode,898,35555,empty
ZipCode,919,35901,empty
ZipCode,921,35901,182318.1690195614
ZipCode,932,36033,empty
ZipCode,936,36033,empty
ZipCode,942,36033,empty
ZipCode,950,36033,156273.32849363427
ZipCode,957,36330,155866.5639191388
ZipCode,961,36330,137292.0168665001
ZipCode,975,36330,empty
ZipCode,984,35121,empty
ZipCode,986,35121,empty
ZipCode,990,35121,134730.6051751527
ZipCode,991,35121,empty
ZipCode,999,35121,empty
CountyName,1,jefferson,empty
CountyName,4,jefferson,empty
CountyName,10,jefferson,empty
CountyName,11,jefferson,je??fferson$
CountyName,23,houston,empty
CountyName,32,houston,empty
CountyName,34,houston,ho$us%ton
CountyName,46,marshall,??mars$hall
CountyName,50,marshall,empty
CountyName,51,marshall,empty
CountyName,64,marshall,empty
CountyName,68,marshall,marshall#
CountyName,73,lauderdale,empty
CountyName,75,lauderdale,empty
CountyName,80,lauderdale,lauderdal%e
CountyName,81,lauderdale,empty
CountyName,83,lauderdale,lau#derdal@@e
CountyName,92,lauderdale,empty
CountyName,93,lauderdale,empty
CountyName,95,covington,empty
CountyName,100,covington,empty
CountyName,104,covington,empty
CountyName,129,crenshaw,empty
CountyName,136,crenshaw,empty
CountyName,140,crenshaw,empty
CountyName,152,morgan,morg$an
CountyName,157,morgan,empty
CountyName,159,morgan,empty
CountyName,163,morgan,empty
CountyName,164,morgan,$mor??gan
CountyName,167,morgan,empty
CountyName,176,marshall,empty
CountyName,177,marshall,empty
CountyName,181,marshall,empty
CountyName,191,marshall,empty
CountyName,204,jefferson,empty
CountyName,212,jefferson,jef$fer#son
CountyName,220,de kalb,empty
CountyName,239,de kalb,de ka@@lb
CountyName,262,clarke,empty
CountyName,269,clarke,empty
CountyName,275,shelby,shel#by
CountyName,280,shelby,s%h$elby
CountyName,291,shelby,empty
CountyName,305,jefferson,empty
CountyName,319,calhoun,empty
CountyName,325,calhoun,empty
CountyName,329,calhoun,empty
CountyName,333,houston,hou$ston
CountyName,356,marion,mar$ion
CountyName,368,marion,empty
CountyName,379,marion,mari#on#
CountyName,383,mobile,mobi#le
CountyName,385,mobile,??mobile
CountyName,397,autauga,empty
CountyName,402,autauga,aut%auga
CountyName,408,autauga,autauga@@
CountyName,410,autauga,empty
CountyName,414,franklin,fran??k%lin
CountyName,416,talladega,empty
CountyName,418,talladega,talla#deg$a
CountyName,424,talladega,talladega@@
CountyName,427,talladega,empty
CountyName,429,talladega,empty
CountyName,440,anchorage,anch#or??age
CountyName,445,anchorage,a$nchorage
CountyName,446,anchorage,empty
CountyName,447,anchorage,empty
CountyName,451,bethel,empty
CountyName,453,jefferson,j??eff$erson
CountyName,455,jefferson,empty
CountyName,465,jefferson,empty
CountyName,476,dale,empty
CountyName,477,dale,d??ale#
CountyName,480,dale,dale@@
CountyName,484,dale,empty
CountyName,485,dale,$d??ale
CountyName,511,cherokee,empty
CountyName,514,cherokee,empty
CountyName,519,montgomery,montgo@@mery
CountyName,522,montgomery,empty
CountyName,525,montgomery,mont??#gomery
CountyName,531,montgomery,empty
CountyName,534,montgomery,empty
CountyName,542,montgomery,montgomery%??
CountyName,561,montgomery,empty
CountyName,571,chambers,empty
CountyName,578,chambers,empty
CountyName,584,chambers,empty
CountyName,604,coffee,coff#e$e
CountyName,613,coffee,empty
CountyName,619,lee,empty
CountyName,631,lee,le%e
CountyName,668,jefferson,jeffe#??rson
CountyName,669,jefferson,empty
CountyName,689,jefferson,j@@efferso@@n
CountyName,703,elmore,el@@more
CountyName,705,elmore,empty
CountyName,720,cullman,empty
CountyName,729,cullman,empty
CountyName,731,cullman,empty
CountyName,733,cullman,cull#man
CountyName,756,covington,empty
CountyName,759,covington,#covingt%on
CountyName,760,covington,empty
CountyName,767,calhoun,calh@@oun@@
CountyName,771,calhoun,calho#un
CountyName,772,calhoun,empty
CountyName,781,madison,empty
CountyName,786,madison,empty
CountyName,796,madison,empty
CountyName,801,madison,madis@@@@on
CountyName,846,chilton,chilto%n
CountyName,865,marion,empty
CountyName,887,fayette,f@@ayette
CountyName,893,fayette,empty
CountyName,894,fayette,empty
CountyName,897,fayette,$fa#yette
CountyName,900,fayette,empty
CountyName,902,fayette,empty
CountyName,908,etowah,empty
CountyName,910,etowah,empty
CountyName,913,etowah,et#owah
CountyName,917,etowah,empty
CountyName,944,butler,%butler%
CountyName,945,butler,empty
CountyName,951,butler,butler$??
CountyName,956,coffee,empty
CountyName,962,coffee,empty
CountyName,965,coffee,coffe%e
CountyName,991,blount,bl??ount
PhoneNumber,6,2053258100,empty
PhoneNumber,18,2563864556,12665050253.7918
PhoneNumber,32,3347938701,empty
PhoneNumber,40,3347938701,11382102039.85328
PhoneNumber,69,2565938310,empty
PhoneNumber,72,2567688400,12677308704.343164
PhoneNumber,81,2567688400,empty
PhoneNumber,86,2567688400,empty
PhoneNumber,87,2567688400,9599410009.799992
PhoneNumber,89,2567688400,empty
PhoneNumber,97,3344933541,empty
PhoneNumber,108,3344933541,empty
PhoneNumber,112,3344933541,empty
PhoneNumber,113,3344933541,empty
PhoneNumber,116,3344933541,11758939510.464622
PhoneNumber,121,3343353374,empty
PhoneNumber,127,3343353374,16352009669.94668
PhoneNumber,128,3343353374,13123291957.260178
PhoneNumber,130,3343353374,11655908577.043833
PhoneNumber,131,3343353374,empty
PhoneNumber,142,3343353374,10256505486.545664
PhoneNumber,145,2567736511,empty
PhoneNumber,149,2567736511,empty
PhoneNumber,150,2567736511,empty
PhoneNumber,153,2567736511,empty
PhoneNumber,173,2565718000,empty
PhoneNumber,175,2565718000,empty
PhoneNumber,181,2565718000,9023148846.786148
PhoneNumber,185,2565718000,empty
PhoneNumber,188,2565718000,11374385107.561523
PhoneNumber,189,2565718000,empty
PhoneNumber,192,2565718000,7766642922.992176
PhoneNumber,212,2058383122,6603980534.267732
PhoneNumber,222,2568453150,11837066214.626394
PhoneNumber,225,2568453150,empty
PhoneNumber,237,2568453150,empty
PhoneNumber,253,3346366221,empty
PhoneNumber,267,3346366221,empty
PhoneNumber,274,2056208100,empty
PhoneNumber,282,2056208100,7851021342.433634
PhoneNumber,283,2056208100,9024270569.032509
PhoneNumber,288,2056208100,8458112838.109753
PhoneNumber,309,2053258100,empty
PhoneNumber,327,2562358900,empty
PhoneNumber,349,2059397000,empty
PhoneNumber,351,2059397000,9570228002.06286
PhoneNumber,353,2059397000,empty
PhoneNumber,363,2054877736,empty
PhoneNumber,364,2054877736,empty
PhoneNumber,365,2054877736,empty
PhoneNumber,372,2054877736,empty
PhoneNumber,375,2054877736,empty
PhoneNumber,414,2563321611,empty
PhoneNumber,423,2562495000,empty
PhoneNumber,426,2562495000,empty
PhoneNumber,429,2562495000,empty
PhoneNumber,430,2562495000,empty
PhoneNumber,436,9072761131,empty
PhoneNumber,448,9072761131,empty
PhoneNumber,449,9072761131,empty
PhoneNumber,450,9072761131,empty
PhoneNumber,451,9075436300,empty
PhoneNumber,452,9075436300,empty
PhoneNumber,468,3347742601,10670965333.60508
PhoneNumber,470,3347742601,empty
PhoneNumber,477,3347742601,empty
PhoneNumber,492,2569275531,7757950154.8156595
PhoneNumber,496,2569275531,empty
PhoneNumber,498,2569275531,empty
PhoneNumber,500,2569275531,empty
PhoneNumber,503,2569275531,empty
PhoneNumber,507,2569275531,empty
PhoneNumber,509,2569275531,14913560301.904692
PhoneNumber,518,3342882100,empty
PhoneNumber,521,3342882100,empty
PhoneNumber,532,3342882100,empty
PhoneNumber,533,3342882100,empty
PhoneNumber,539,3342882100,empty
PhoneNumber,545,3342938000,17774047395.23597
PhoneNumber,557,3342938000,17485905636.27309
PhoneNumber,558,3342938000,16425088415.056396
PhoneNumber,560,3342938000,empty
PhoneNumber,566,3342938000,empty
PhoneNumber,568,3347561400,16565043269.333754
PhoneNumber,574,3347561400,17236686082.868557
PhoneNumber,585,3347561400,13146971795.343063
PhoneNumber,588,3347561400,empty
PhoneNumber,599,3348972257,18512618060.26574
PhoneNumber,603,3348972257,empty
PhoneNumber,606,3348972257,18626091919.78208
PhoneNumber,615,3348972257,19252079485.796906
PhoneNumber,621,3347493411,17684001358.246143
PhoneNumber,622,3347493411,empty
PhoneNumber,640,3347493411,empty
PhoneNumber,643,2563572111,empty
PhoneNumber,654,2563572111,empty
PhoneNumber,668,2059344011,8915497366.922604
PhoneNumber,671,2059344011,7287262695.644771
PhoneNumber,674,2059344011,empty
PhoneNumber,683,2059344011,empty
PhoneNumber,696,3342836541,19643329771.86085
PhoneNumber,697,3342836541,17710295777.458363
PhoneNumber,706,3342836541,empty
PhoneNumber,716,3342836541,18472494519.605465
PhoneNumber,725,2567372000,10525335200.657587
PhoneNumber,728,2567372000,10447632285.159773
PhoneNumber,737,2567372000,empty
PhoneNumber,740,2567372000,13497213879.05133
PhoneNumber,746,3342228466,empty
PhoneNumber,755,3342228466,empty
PhoneNumber,765,3342228466,empty
PhoneNumber,767,2562358900,10067618269.398582
PhoneNumber,770,2562358900,empty
PhoneNumber,772,2562358900,13113670071.550983
PhoneNumber,786,2562651000,empty
PhoneNumber,793,2562651000,empty
PhoneNumber,795,2562651000,empty
PhoneNumber,796,2562651000,empty
PhoneNumber,805,2564944000,10684726029.16944
PhoneNumber,809,2564944000,empty
PhoneNumber,812,2564944000,11124840354.4645
PhoneNumber,814,2564944000,empty
PhoneNumber,819,2564944000,empty
PhoneNumber,823,2564944000,9764180104.188828
PhoneNumber,826,2564944000,empty
PhoneNumber,833,2057552500,empty
PhoneNumber,839,2057552500,empty
PhoneNumber,847,2057552500,empty
PhoneNumber,850,2057552500,empty
PhoneNumber,853,2059216200,empty
PhoneNumber,856,2059216200,empty
PhoneNumber,879,2059325966,empty
PhoneNumber,889,2059325966,empty
PhoneNumber,907,2565435200,8169723758.138388
PhoneNumber,909,2565435200,empty
PhoneNumber,910,2565435200,empty
PhoneNumber,915,2565435200,empty
PhoneNumber,921,2565435200,empty
PhoneNumber,923,2565435200,7861837875.52684
PhoneNumber,937,3343762205,empty
PhoneNumber,960,3343470584,12266191956.043358
PhoneNumber,962,3343470584,empty
PhoneNumber,972,3343470584,empty
PhoneNumber,975,3343470584,13300722014.221607
PhoneNumber,976,3343470584,empty
PhoneNumber,983,2052743000,empty
PhoneNumber,997,2052743000,empty
HospitalType,5,acute care hospitals,empty
HospitalType,8,acute care hospitals,empty
HospitalType,28,acute care hospitals,empty
HospitalType,39,acute care hospitals,acute care hospital%s
HospitalType,41,acute care hospitals,ac$ute care hospitals
HospitalType,44,acute care hospitals,empty
HospitalType,45,acute care hospitals,empty
HospitalType,46,acute care hospitals,empty
HospitalType,48,acute care hospitals,a??cute care hospitals
HospitalType,49,acute care hospitals,empty
HospitalType,67,acute care hospitals,empty
HospitalType,74,acute care hospitals,empty
HospitalType,75,acute care hospitals,empty
HospitalType,76,acute care hospitals,empty
HospitalType,83,acute care hospitals,acute #care hos#pitals
HospitalType,93,acute care hospitals,empty
HospitalType,97,acute care hospitals,empty
HospitalType,102,acute care hospitals,empty
HospitalType,111,acute care hospitals,acute care# hospitals
HospitalType,118,acute care hospitals,ac#ute c$are hospitals
HospitalType,122,acute care hospitals,acut??e care% hospitals
HospitalType,124,acute care hospitals,empty
HospitalType,126,acute care hospitals,empty
HospitalType,128,acute care hospitals,a@@cute %care hospitals
HospitalType,134,acute care hospitals,empty
HospitalType,136,acute care hospitals,acu$te care hospitals
HospitalType,137,acute care hospitals,empty
HospitalType,140,acute care hospitals,empty
HospitalType,141,acute care hospitals,acute care ho@@sp#itals
HospitalType,143,acute care hospitals,empty
HospitalType,150,acute care hospitals,empty
HospitalType,158,acute care hospitals,empty
HospitalType,161,acute care hospitals,empty
HospitalType,164,acute care hospitals,empty
HospitalType,167,acute care hospitals,ac$ute care hospi#tals
HospitalType,171,acute care hospitals,empty
HospitalType,178,acute care hospitals,empty
HospitalType,184,acute care hospitals,empty
HospitalType,190,acute care hospitals,empty
HospitalType,193,acute care hospitals,empty
HospitalType,201,acute care hospitals,empty
HospitalType,208,acute care hospitals,acute care ho$spitals
HospitalType,210,acute care hospitals,empty
HospitalType,216,acute care hospitals,empty
HospitalType,217,acute care hospitals,acute #care hospitals
HospitalType,220,acute care hospitals,acute c#a??re hospitals
HospitalType,234,acute care hospitals,ac??ute care hos%pitals
HospitalType,242,acute care hospitals,empty
HospitalType,243,acute care hospitals,empty
HospitalType,252,acute care hospitals,empty
HospitalType,254,acute care hospitals,empty
HospitalType,255,acute care hospitals,empty
HospitalType,271,acute care hospitals,acute care h%ospitals
HospitalType,289,acute care hospitals,empty
HospitalType,293,acute care hospitals,empty
HospitalType,297,acute care hospitals,acute care hos??pitals
HospitalType,305,acute care hospitals,empty
HospitalType,310,acute care hospitals,empty
HospitalType,316,acute care hospitals,acute care h#ospitals
HospitalType,318,acute care hospitals,empty
HospitalType,331,acute care hospitals,empty
HospitalType,335,acute care hospitals,empty
HospitalType,348,acute care hospitals,empty
HospitalType,361,acute care hospitals,empty
HospitalType,362,acute care hospitals,empty
HospitalType,368,acute care hospitals,empty
HospitalType,369,acute care hospitals,acute care h@@ospital@@s
HospitalType,382,acute care hospitals,empty
HospitalType,391,acute care hospitals,empty
HospitalType,393,acute care hospitals,empty
HospitalType,409,acute care hospitals,empty
HospitalType,420,acute care hospitals,empty
HospitalType,423,acute care hospitals,empty
HospitalType,448,acute care hospitals,empty
HospitalType,449,acute care hospitals,a??cute care hospital??s
HospitalType,459,acute care hospitals,acute care?? ho??spitals
HospitalType,466,acute care hospitals,empty
HospitalType,470,acute care hospitals,empty
HospitalType,471,acute care hospitals,acute# care ho$spitals
HospitalType,473,acute care hospitals,empty
HospitalType,474,acute care hospitals,acute car#e h@@ospitals
HospitalType,481,acute care hospitals,acu??te care# hospitals
HospitalType,485,acute care hospitals,empty
HospitalType,497,acute care hospitals,empty
HospitalType,498,acute care hospitals,empty
HospitalType,499,acute care hospitals,empty
HospitalType,509,acute care hospitals,acute car$$e hospitals
HospitalType,511,acute care hospitals,empty
HospitalType,516,acute care hospitals,acute ca@@re ho$spitals
HospitalType,526,acute care hospitals,empty
HospitalType,536,acute care hospitals,acute care %ho%spitals
HospitalType,545,acute care hospitals,acute c??are hospitals
HospitalType,549,acute care hospitals,acu#%te care hospitals
HospitalType,550,acute care hospitals,empty
HospitalType,563,acute care hospitals,empty
HospitalType,580,acute care hospitals,acu%te care hospi??tals
HospitalType,584,acute care hospitals,a??cute care hospi%tals
HospitalType,587,acute care hospitals,a??cute care hospitals
HospitalType,589,acute care hospitals,empty
HospitalType,590,acute care hospitals,empty
HospitalType,593,acute care hospitals,empty
HospitalType,600,acute care hospitals,@@??acute care hospitals
HospitalType,607,acute care hospitals,acute ca@@re hospitals
HospitalType,608,acute care hospitals,empty
HospitalType,612,acute care hospitals,acute care hospi%tals
HospitalType,617,acute care hospitals,acute care hospita$ls
HospitalType,619,acute care hospitals,empty
HospitalType,621,acute care hospitals,acute care ho%spi%tals
HospitalType,623,acute care hospitals,empty
HospitalType,633,acute care hospitals,empty
HospitalType,636,acute care hospitals,empty
HospitalType,639,acute care hospitals,empty
HospitalType,646,acute care hospitals,empty
HospitalType,655,acute care hospitals,empty
HospitalType,656,acute care hospitals,acut??e care h%ospitals
HospitalType,659,acute care hospitals,ac#ute care hospit%als
HospitalType,660,acute care hospitals,acute c??are hospitals
HospitalType,661,acute care hospitals,acute care h$ospitals
HospitalType,669,acute care hospitals,@@acute care %hospitals
HospitalType,670,acute care hospitals,empty
HospitalType,673,acute care hospitals,empty
HospitalType,693,acute care hospitals,%acute ca#re hospitals
HospitalType,695,acute care hospitals,empty
HospitalType,697,acute care hospitals,empty
HospitalType,710,acute care hospitals,empty
HospitalType,715,acute care hospitals,empty
HospitalType,719,acute care hospitals,empty
HospitalType,726,acute care hospitals,empty
HospitalType,727,acute care hospitals,empty
HospitalType,735,acute care hospitals,acute ca@@re hosp$itals
HospitalType,736,acute care hospitals,empty
HospitalType,754,acute care hospitals,empty
HospitalType,763,acute care hospitals,empty
HospitalType,764,acute care hospitals,empty
HospitalType,767,acute care hospitals,empty
HospitalType,776,acute care hospitals,empty
HospitalType,777,acute care hospitals,acute care@@ hospi??tals
HospitalType,780,acute care hospitals,empty
HospitalType,781,acute care hospitals,empty
HospitalType,783,acute care hospitals,empty
HospitalType,784,acute care hospitals,empty
HospitalType,791,acute care hospitals,empty
HospitalType,796,acute care hospitals,empty
HospitalType,801,acute care hospitals,acute c$are hospi$tals
HospitalType,808,acute care hospitals,empty
HospitalType,815,acute care hospitals,acute care hospita@@l??s
HospitalType,818,acute care hospitals,empty
HospitalType,820,acute care hospitals,empty
HospitalType,834,acute care hospitals,empty
HospitalType,838,acute care hospitals,empty
HospitalType,850,acute care hospitals,empty
HospitalType,852,acute care hospitals,empty
HospitalType,863,acute care hospitals,acute care $hospitals
HospitalType,877,acute care hospitals,empty
HospitalType,883,acute care hospitals,ac??ute?? care hospitals
HospitalType,895,acute care hospitals,empty
HospitalType,908,acute care hospitals,acute care hos@@pitals
HospitalType,913,acute care hospitals,empty
HospitalType,924,acute care hospitals,empty
HospitalType,926,acute care hospitals,empty
HospitalType,929,acute care hospitals,empty
HospitalType,931,acute care hospitals,acut%e care hospitals
HospitalType,934,acute care hospitals,acute care hos@@pitals
HospitalType,942,acute care hospitals,empty
HospitalType,944,acute care hospitals,empty
HospitalType,956,acute care hospitals,empty
HospitalType,958,acute care hospitals,acut%e #care hospitals
HospitalType,964,acute care hospitals,empty
HospitalType,968,acute care hospitals,acute ??care hospita#ls
HospitalType,979,acute care hospitals,acute c$are hospitals
HospitalType,982,acute care hospitals,#acute care h#ospitals
HospitalType,985,acute care hospitals,empty
HospitalType,992,acute care hospitals,acute care hospi??tals
HospitalType,994,acute care hospitals,empty
HospitalOwner,22,government - hospital district or authority,government - hospi%tal district or au@@thority
HospitalOwner,24,government - hospital district or authority,empty
HospitalOwner,28,government - hospital district or authority,empty
HospitalOwner,30,government - hospital district or authority,%government - hospita$l district or authority
HospitalOwner,35,government - hospital district or authority,empty
HospitalOwner,36,government - hospital district or authority,empty
HospitalOwner,39,government - hospital district or authority,empty
HospitalOwner,41,government - hospital district or authority,empty
HospitalOwner,45,government - hospital district or authority,g%overnment - hospital district or authority
HospitalOwner,59,government - hospital district or authority,empty
HospitalOwner,83,voluntary non-profit - other,voluntary non-profit$ - other
HospitalOwner,86,voluntary non-profit - other,volunt@@ary no$n-profit - other
HospitalOwner,87,voluntary non-profit - other,voluntary non-pro$fit - oth$er
HospitalOwner,88,voluntary non-profit - other,empty
HospitalOwner,95,voluntary non-profit - private,empty
HospitalOwner,111,voluntary non-profit - private,voluntary non-profit - p$rivate
HospitalOwner,116,voluntary non-profit - private,empty
HospitalOwner,142,government - federal,gove??rnment@@ - federal
HospitalOwner,157,proprietary,empty
HospitalOwner,170,government - hospital district or authority,government -# hospital district or authority%
HospitalOwner,171,government - hospital district or authority,#government - h#ospital district or authority
HospitalOwner,175,government - hospital district or authority,gov??ernment - hospital district or authority
HospitalOwner,177,government - hospital district or authority,government - hospital d@@istrict$ or authority
HospitalOwner,180,government - hospital district or authority,government - hospi@@tal district or author%ity
HospitalOwner,182,government - hospital district or authority,empty
HospitalOwner,183,government - hospital district or authority,empty
HospitalOwner,184,government - hospital district or authority,empty
HospitalOwner,185,government - hospital district or authority,empty
HospitalOwner,187,government - hospital district or authority,government - hospital# dist%rict or authority
HospitalOwner,194,government - hospital district or authority,empty
HospitalOwner,203,voluntary non-profit - private,empty
HospitalOwner,205,voluntary non-profit - private,empty
HospitalOwner,208,voluntary non-profit - private,empty
HospitalOwner,212,voluntary non-profit - private,empty
HospitalOwner,214,voluntary non-profit - private,empty
HospitalOwner,220,voluntary non-profit - church,voluntary non-p$rofit - church@@
HospitalOwner,230,voluntary non-profit - church,empty
HospitalOwner,231,voluntary non-profit - church,empty
HospitalOwner,238,voluntary non-profit - church,empty
HospitalOwner,258,government - federal,empty
HospitalOwner,262,government - federal,gove#rnment - f??ederal
HospitalOwner,264,government - federal,g%overnment - feder??al
HospitalOwner,270,voluntary non-profit - church,empty
HospitalOwner,275,voluntary non-profit - church,empty
HospitalOwner,278,voluntary non-profit - church,volun@@tary non-profit - church
HospitalOwner,283,voluntary non-profit - church,empty
HospitalOwner,285,voluntary non-profit - church,empty
HospitalOwner,287,voluntary non-profit - church,empty
HospitalOwner,290,voluntary non-profit - church,empty
HospitalOwner,298,voluntary non-profit - private,empty
HospitalOwner,304,voluntary non-profit - private,empty
HospitalOwner,315,proprietary,propriet@@ary
HospitalOwner,326,proprietary,proprie$tary
HospitalOwner,328,proprietary,empty
HospitalOwner,333,proprietary,empty
HospitalOwner,338,proprietary,pr$oprietary
HospitalOwner,339,proprietary,empty
HospitalOwner,343,proprietary,empty
HospitalOwner,344,proprietary,empty
HospitalOwner,350,voluntary non-profit - other,empty
HospitalOwner,352,voluntary non-profit - other,volun#tary non-profit - %other
HospitalOwner,353,voluntary non-profit - other,voluntary non-profi$t - other
HospitalOwner,354,government - hospital district or authority,government - hospital district $or authority
HospitalOwner,364,proprietary,empty
HospitalOwner,369,proprietary,empty
HospitalOwner,370,proprietary,empty
HospitalOwner,376,proprietary,empty
HospitalOwner,384,government - state,empty
HospitalOwner,399,voluntary non-profit - private,volu$ntary non-p??rofit - private
HospitalOwner,400,voluntary non-profit - private,voluntar$y non-profit - private
HospitalOwner,403,voluntary non-profit - private,empty
HospitalOwner,409,voluntary non-profit - private,empty
HospitalOwner,414,proprietary,proprie??tary
HospitalOwner,417,voluntary non-profit - other,empty
HospitalOwner,423,voluntary non-profit - other,voluntary non-profit - oth$er
HospitalOwner,424,voluntary non-profit - other,empty
HospitalOwner,426,voluntary non-profit - other,empty
HospitalOwner,428,voluntary non-profit - other,voluntary non-profit - othe@@r
HospitalOwner,432,voluntary non-profit - other,voluntary non-profit# - other
HospitalOwner,447,proprietary,empty
HospitalOwner,457,government - hospital district or authority,empty
HospitalOwner,461,government - hospital district or authority,government - hospital dis$tri@@ct or authority
HospitalOwner,462,government - hospital district or authority,empty
HospitalOwner,469,government - hospital district or authority,empty
HospitalOwner,477,government - hospital district or authority,government - hospital district$ or authority
HospitalOwner,487,government - hospital district or authority,empty
HospitalOwner,496,voluntary non-profit - private,empty
HospitalOwner,497,voluntary non-profit - private,empty
HospitalOwner,520,voluntary non-profit - church,voluntary non-profit - chu%rch
HospitalOwner,525,voluntary non-profit - church,empty
HospitalOwner,528,voluntary non-profit - church,volun$tary @@non-profit - church
HospitalOwner,531,voluntary non-profit - church,empty
HospitalOwner,549,voluntary non-profit - private,voluntary non-profit - @@private
HospitalOwner,579,voluntary non-profit - other,empty
HospitalOwner,585,voluntary non-profit - other,empty
HospitalOwner,588,voluntary non-profit - other,empty
HospitalOwner,595,voluntary non-profit - other,voluntar%y no??n-profit - other
HospitalOwner,597,voluntary non-profit - other,voluntary n??on-pr??ofit - other
HospitalOwner,598,voluntary non-profit - other,empty
HospitalOwner,606,voluntary non-profit - other,empty
HospitalOwner,612,voluntary non-profit - other,empty
HospitalOwner,619,government - hospital district or authority,government - hospital district or auth@@orit$y
HospitalOwner,627,government - hospital district or authority,empty
HospitalOwner,629,government - hospital district or authority,empty
HospitalOwner,631,government - hospital district or authority,empty
HospitalOwner,636,government - hospital district or authority,governmen$t - hospital district or au#thority
HospitalOwner,657,government - local,empty
HospitalOwner,674,government - state,go%vernment - state$
HospitalOwner,676,government - state,empty
HospitalOwner,678,government - state,empty
HospitalOwner,681,government - state,empty
HospitalOwner,684,government - state,government$ - state
HospitalOwner,702,voluntary non-profit - private,empty
HospitalOwner,712,voluntary non-profit - private,voluntary non-profit - @@pr%ivate
HospitalOwner,723,government - hospital district or authority,empty
HospitalOwner,728,government - hospital district or authority,government - hospital district or aut$hority
HospitalOwner,739,government - hospital district or authority,empty
HospitalOwner,740,government - hospital district or authority,empty
HospitalOwner,751,proprietary,empty
HospitalOwner,753,proprietary,%pro$prietary
HospitalOwner,755,proprietary,empty
HospitalOwner,759,proprietary,empty
HospitalOwner,772,proprietary,empty
HospitalOwner,779,government - hospital district or authority,empty
HospitalOwner,784,government - hospital district or authority,governm#ent - hospital district or authority
HospitalOwner,791,government - hospital district or authority,empty
HospitalOwner,793,government - hospital district or authority,empty
HospitalOwner,795,government - hospital district or authority,empty
HospitalOwner,821,proprietary,p$roprietary
HospitalOwner,825,proprietary,proprie??tary
HospitalOwner,827,proprietary,empty
HospitalOwner,830,voluntary non-profit - private,empty
HospitalOwner,831,voluntary non-profit - private,voluntary non-pr??ofit - private
HospitalOwner,832,voluntary non-profit - private,empty
HospitalOwner,838,voluntary non-profit - private,voluntary n#on-profit - private
HospitalOwner,841,voluntary non-profit - private,empty
HospitalOwner,842,voluntary non-profit - private,empty
HospitalOwner,852,voluntary non-profit - private,empty
HospitalOwner,856,voluntary non-profit - private,volunta@@ry non-profit -$ private
HospitalOwner,857,voluntary non-profit - private,voluntary non-p@@rofit - @@private
HospitalOwner,862,voluntary non-profit - private,empty
HospitalOwner,863,voluntary non-profit - private,empty
HospitalOwner,867,voluntary non-profit - private,voluntary non-profit - priva??te
HospitalOwner,871,voluntary non-profit - private,empty
HospitalOwner,874,voluntary non-profit - private,voluntary non-pr$ofit - private
HospitalOwner,877,voluntary non-profit - private,voluntary non-profit - priv%ate
HospitalOwner,880,voluntary non-profit - other,voluntary non-profit - o%ther
HospitalOwner,888,voluntary non-profit - other,empty
HospitalOwner,900,voluntary non-profit - other,empty
HospitalOwner,910,proprietary,empty
HospitalOwner,911,proprietary,empty
HospitalOwner,945,voluntary non-profit - private,voluntary non-pr#ofit - private
HospitalOwner,957,proprietary,empty
HospitalOwner,977,proprietary,pro#prie@@tary
HospitalOwner,980,proprietary,empty
HospitalOwner,981,voluntary non-profit - private,voluntary %non-profit - private
HospitalOwner,991,voluntary non-profit - private,??voluntary non-profit - priv%ate
EmergencyService,8,yes,empty
EmergencyService,12,yes,empty
EmergencyService,13,yes,empty
EmergencyService,14,yes,yes??
EmergencyService,16,yes,empty
EmergencyService,22,yes,empty
EmergencyService,23,yes,empty
EmergencyService,33,yes,yes??%
EmergencyService,43,yes,y@@e$s
EmergencyService,45,yes,y@$@es
EmergencyService,48,yes,empty
EmergencyService,62,yes,y%es
EmergencyService,68,yes,empty
EmergencyService,101,no,n@@#o
EmergencyService,104,no,empty
EmergencyService,105,no,n%o
EmergencyService,110,no,empty
EmergencyService,116,no,no@@
EmergencyService,119,no,n@%@o
EmergencyService,128,yes,empty
EmergencyService,136,yes,@@yes
EmergencyService,144,yes,empty
EmergencyService,147,yes,empty
EmergencyService,157,yes,ye@@s
EmergencyService,173,yes,y$es
EmergencyService,174,yes,empty
EmergencyService,179,yes,empty
EmergencyService,187,yes,y#es
EmergencyService,192,yes,empty
EmergencyService,196,yes,empty
EmergencyService,203,yes,empty
EmergencyService,215,yes,yes#
EmergencyService,221,yes,y$es#
EmergencyService,225,yes,empty
EmergencyService,228,yes,yes#
EmergencyService,229,yes,empty
EmergencyService,236,yes,empty
EmergencyService,273,yes,ye#s
EmergencyService,286,yes,empty
EmergencyService,292,yes,empty
EmergencyService,296,yes,empty
EmergencyService,307,yes,empty
EmergencyService,311,yes,empty
EmergencyService,315,yes,empty
EmergencyService,327,yes,y#e#s
EmergencyService,334,yes,empty
EmergencyService,337,yes,y%es
EmergencyService,338,yes,empty
EmergencyService,345,yes,yes@#@
EmergencyService,350,yes,empty
EmergencyService,356,yes,empty
EmergencyService,367,yes,empty
EmergencyService,368,yes,yes%??
EmergencyService,381,yes,yes%%
EmergencyService,387,yes,@@yes
EmergencyService,414,yes,empty
EmergencyService,417,no,%#no
EmergencyService,429,no,empty
EmergencyService,430,no,empty
EmergencyService,431,no,empty
EmergencyService,436,yes,y@@es
EmergencyService,437,yes,empty
EmergencyService,442,yes,@@@@yes
EmergencyService,446,yes,ye%s
EmergencyService,455,yes,ye$s
EmergencyService,458,yes,empty
EmergencyService,469,yes,empty
EmergencyService,473,yes,ye??s$
EmergencyService,484,yes,empty
EmergencyService,496,yes,empty
EmergencyService,499,yes,empty
EmergencyService,500,yes,empty
EmergencyService,505,yes,empty
EmergencyService,511,yes,empty
EmergencyService,512,yes,yes%@@
EmergencyService,517,yes,empty
EmergencyService,523,yes,empty
EmergencyService,544,yes,empty
EmergencyService,545,yes,empty
EmergencyService,554,yes,%yes
EmergencyService,555,yes,y??es
EmergencyService,563,yes,empty
EmergencyService,565,yes,empty
EmergencyService,566,yes,y$es
EmergencyService,604,yes,empty
EmergencyService,633,yes,ye??s
EmergencyService,636,yes,empty
EmergencyService,641,yes,empty
EmergencyService,642,no,no??
EmergencyService,663,no,empty
EmergencyService,665,no,??no
EmergencyService,673,yes,empty
EmergencyService,676,yes,empty
EmergencyService,683,yes,empty
EmergencyService,695,no,empty
EmergencyService,696,no,empty
EmergencyService,701,no,empty
EmergencyService,702,no,empty
EmergencyService,707,no,n@@o
EmergencyService,714,no,empty
EmergencyService,720,yes,empty
EmergencyService,721,yes,empty
EmergencyService,728,yes,empty
EmergencyService,735,yes,empty
EmergencyService,738,yes,empty
EmergencyService,751,no,empty
EmergencyService,753,no,empty
EmergencyService,754,no,empty
EmergencyService,765,no,empty
EmergencyService,783,yes,empty
EmergencyService,798,yes,empty
EmergencyService,806,yes,empty
EmergencyService,810,yes,yes?#?
EmergencyService,817,yes,ye??%s
EmergencyService,848,yes,empty
EmergencyService,851,yes,empty
EmergencyService,853,yes,empty
EmergencyService,859,yes,empty
EmergencyService,871,yes,empty
EmergencyService,874,yes,empty
EmergencyService,875,yes,empty
EmergencyService,880,yes,ye@@s
EmergencyService,882,yes,empty
EmergencyService,885,yes,empty
EmergencyService,891,yes,ye??s??
EmergencyService,893,yes,empty
EmergencyService,896,yes,empty
EmergencyService,897,yes,empty
EmergencyService,906,yes,empty
EmergencyService,926,yes,yes??
EmergencyService,928,yes,empty
EmergencyService,936,no,empty
EmergencyService,938,no,empty
EmergencyService,941,no,%%no
EmergencyService,964,yes,yes#
EmergencyService,971,yes,??yes
EmergencyService,979,yes,empty
EmergencyService,987,yes,empty
EmergencyService,991,yes,ye@@#s
EmergencyService,997,yes,empty
Condition,32,pneumonia,empty
Condition,46,heart attack,empty
Condition,63,surgical infection prevention,empty
Condition,64,surgical infection prevention,su#rgical infection prevention
Condition,69,surgical infection prevention,empty
Condition,71,heart attack,empty
Condition,82,pneumonia,%pneumonia
Condition,92,surgical infection prevention,empty
Condition,98,heart attack,empty
Condition,99,heart attack,empty
Condition,104,heart failure,empty
Condition,113,surgical infection prevention,empty
Condition,122,heart attack,heart att#ack
Condition,126,heart attack,hear@@t attack
Condition,150,heart attack,empty
Condition,174,heart attack,heart attac@@k
Condition,176,heart attack,heart at??t#ack
Condition,180,heart failure,empty
Condition,184,pneumonia,%pneum??onia
Condition,202,heart failure,@@heart failure
Condition,218,surgical infection prevention,empty
Condition,222,heart attack,empty
Condition,231,pneumonia,pneu@@monia
Condition,232,pneumonia,pneumoni#$a
Condition,237,surgical infection prevention,empty
Condition,246,heart attack,empty
Condition,254,heart failure,heart?? failure@@
Condition,255,heart failure,heart f@@%ailure
Condition,257,pneumonia,empty
Condition,261,pneumonia,empty
Condition,264,surgical infection prevention,empty
Condition,266,surgical infection prevention,empty
Condition,269,surgical infection prevention,empty
Condition,270,heart attack,empty
Condition,279,heart failure,empty
Condition,291,surgical infection prevention,empty
Condition,302,heart failure,empty
Condition,305,heart failure,empty
Condition,322,heart failure,@@heart failure
Condition,323,heart failure,h??eart failure
Condition,339,pneumonia,pneumo@@nia
Condition,342,surgical infection prevention,surgical i#nfection preven#tion
Condition,349,heart attack,empty
Condition,354,surgical infection prevention,empty
Condition,358,heart attack,empty
Condition,362,heart failure,empty
Condition,363,heart failure,empty
Condition,365,heart failure,empty
Condition,372,surgical infection prevention,surgical infection p%revention
Condition,378,surgical infection prevention,surgical infection @@prevention
Condition,382,heart attack,empty
Condition,388,heart failure,heart fai%#lure
Condition,392,pneumonia,empty
Condition,404,pneumonia,empty
Condition,420,heart attack,empty
Condition,421,heart attack,empty
Condition,423,heart failure,empty
Condition,424,heart failure,empty
Condition,428,pneumonia,empty
Condition,447,surgical infection prevention,empty
Condition,456,pneumonia,empty
Condition,460,surgical infection prevention,empty
Condition,462,surgical infection prevention,empty
Condition,472,heart attack,empty
Condition,474,heart failure,he$ar??t failure
Condition,480,pneumonia,pn@@eumo$nia
Condition,482,pneumonia,pneu#m$onia
Condition,490,surgical infection prevention,empty
Condition,515,surgical infection prevention,empty
Condition,518,heart attack,empty
Condition,524,heart failure,empty
Condition,526,heart failure,empty
Condition,527,heart failure,empty
Condition,528,pneumonia,empty
Condition,529,pneumonia,empty
Condition,531,pneumonia,empty
Condition,542,heart attack,empty
Condition,543,heart attack,empty
Condition,563,surgical infection prevention,empty
Condition,570,heart attack,hear??$t attack
Condition,595,heart attack,@@heart attack@@
Condition,597,heart attack,empty
Condition,604,pneumonia,$pneumonia
Condition,607,pneumonia,empty
Condition,609,surgical infection prevention,empty
Condition,624,heart failure,heart failure??
Condition,626,heart failure,empty
Condition,632,pneumonia,pne??umonia
Condition,639,surgical infection prevention,empty
Condition,647,heart attack,empty
Condition,681,pneumonia,empty
Condition,696,heart attack,empty
Condition,700,heart failure,h@@eart failure
Condition,705,pneumonia,empty
Condition,711,surgical infection prevention,empty
Condition,713,surgical infection prevention,surgical@@ infection prevention
Condition,717,heart attack,empty
Condition,734,surgical infection prevention,empty
Condition,741,surgical infection prevention,empty
Condition,743,heart attack,empty
Condition,754,pneumonia,pneu%monia#
Condition,785,heart failure,empty
Condition,790,pneumonia,empty
Condition,793,pneumonia,empty
Condition,800,surgical infection prevention,empty
Condition,802,surgical infection prevention,empty
Condition,803,heart attack,empty
Condition,807,heart attack,hear??t attack
Condition,809,heart attack,empty
Condition,834,heart attack,hea#@@rt attack
Condition,837,heart failure,heart failur%e
Condition,838,heart failure,heart failu@@re
Condition,839,pneumonia,empty
Condition,843,pneumonia,empty
Condition,846,surgical infection prevention,empty
Condition,856,heart attack,empty
Condition,857,heart attack,hear??t att#ack
Condition,874,surgical infection prevention,$surgical infection prevention
Condition,879,heart attack,empty
Condition,881,heart attack,heart a@@ttack
Condition,882,heart attack,empty
Condition,887,heart failure,empty
Condition,890,pneumonia,pneumoni#@@a
Condition,896,surgical infection prevention,empty
Condition,898,surgical infection prevention,empty
Condition,899,surgical infection prevention,empty
Condition,906,heart attack,heart a??ttack
Condition,908,heart attack,hea??rt attack
Condition,916,heart failure,empty
Condition,931,heart attack,empty
Condition,939,heart failure,heart f%ailure
Condition,940,heart failure,empty
Condition,946,pneumonia,pneumo$nia$
Condition,954,surgical infection prevention,empty
Condition,959,heart attack,empty
Condition,962,heart attack,empty
Condition,963,heart failure,empty
Condition,973,surgical infection prevention,empty
Condition,977,surgical infection prevention,empty
Condition,979,surgical infection prevention,empty
Condition,995,pneumonia,pneumo#nia
MeasureCode,7,scip-vte-1,empty
MeasureCode,32,pn-3b,empty
MeasureCode,36,pn-7,empty
MeasureCode,39,scip-inf-2,empty
MeasureCode,42,scip-inf-6,empty
MeasureCode,49,ami-5,empty
MeasureCode,51,ami-8a,@@a%mi-8a
MeasureCode,55,hf-4,empty
MeasureCode,63,scip-inf-1,empty
MeasureCode,72,ami-3,am%i??-3
MeasureCode,83,pn-4,empty
MeasureCode,84,pn-5c,pn-5##c
MeasureCode,86,pn-7,p@@n-#7
MeasureCode,117,scip-inf-6,empty
MeasureCode,118,scip-vte-1,scip-vte%-1
MeasureCode,124,ami-5,empty
MeasureCode,129,hf-3,hf-$3
MeasureCode,131,pn-2,empty
MeasureCode,138,scip-inf-1,s@@c@@ip-inf-1
MeasureCode,143,scip-vte-1,empty
MeasureCode,146,ami-2,empty
MeasureCode,149,ami-5,empty
MeasureCode,150,ami-7a,empty
MeasureCode,152,hf-1,hf@@-1
MeasureCode,161,pn-7,pn-??7
MeasureCode,166,scip-inf-4,empty
MeasureCode,172,ami-3,empty
MeasureCode,181,pn-2,pn-#2
MeasureCode,183,pn-4,pn%-4
MeasureCode,187,scip-card-2,empty
MeasureCode,191,scip-inf-4,s$cip-inf-4@@
MeasureCode,192,scip-inf-6,empty
MeasureCode,209,pn-5c,empty
MeasureCode,219,scip-vte-2,empty
MeasureCode,227,hf-1,empty
MeasureCode,233,pn-4,pn-4#$
MeasureCode,235,pn-6,empty
MeasureCode,267,scip-inf-6,empty
MeasureCode,273,ami-4,empty
MeasureCode,278,hf-2,hf%-2
MeasureCode,283,pn-4,empty
MeasureCode,298,ami-4,empty
MeasureCode,305,hf-4,empty
MeasureCode,306,pn-2,empty
MeasureCode,318,ami-5,??ami??-5
MeasureCode,321,hf-1,h@@%f-1
MeasureCode,322,hf-2,empty
MeasureCode,326,pn-3b,empty
MeasureCode,328,pn-5c,p#n-$5c
MeasureCode,330,pn-7,empty
MeasureCode,335,pn-2,empty
MeasureCode,336,pn-3b,empty
MeasureCode,340,pn-7,empty
MeasureCode,349,ami-1,empty
MeasureCode,351,ami-3,empty
MeasureCode,353,ami-5,empty
MeasureCode,355,ami-1,a#mi-1
MeasureCode,359,ami-5,empty
MeasureCode,361,ami-8a,empty
MeasureCode,362,hf-1,empty
MeasureCode,367,pn-3b,empty
MeasureCode,377,scip-inf-6,empty
MeasureCode,378,scip-vte-1,empty
MeasureCode,391,pn-2,empty
MeasureCode,393,ami-2,empty
MeasureCode,400,hf-2,??h%f-2
MeasureCode,401,hf-3,empty
MeasureCode,415,ami-1,empty
MeasureCode,428,pn-4,pn-$4
MeasureCode,438,pn-3b,empty
MeasureCode,449,scip-vte-1,empty
MeasureCode,450,scip-vte-2,sci%p-vt??e-2
MeasureCode,458,pn-7,pn$-7
MeasureCode,467,ami-1,empty
MeasureCode,471,ami-5,ami-??@@5
MeasureCode,482,pn-6,empty
MeasureCode,491,scip-vte-2,empty
MeasureCode,493,ami-2,empty
MeasureCode,500,hf-2,empty
MeasureCode,501,hf-3,empty
MeasureCode,512,scip-inf-3,empty
MeasureCode,518,ami-2,ami@@-2
MeasureCode,520,ami-4,ami$-4$
MeasureCode,524,hf-1,empty
MeasureCode,536,scip-inf-2,scip#-inf-2
MeasureCode,539,scip-inf-6,sci@@??p-inf-6
MeasureCode,544,ami-3,empty
MeasureCode,555,pn-4,empty
MeasureCode,567,ami-1,empty
MeasureCode,572,ami-7a,empty
MeasureCode,593,ami-2,a#mi$-2
MeasureCode,594,ami-3,ami#-3
MeasureCode,598,ami-8a,ami??-8a
MeasureCode,606,pn-5c,%??pn-5c
MeasureCode,623,ami-8a,empty
MeasureCode,630,pn-4,p$n#-4
MeasureCode,637,scip-inf-3,sci$p@@-inf-3
MeasureCode,639,scip-inf-6,empty
MeasureCode,642,ami-1,empty
MeasureCode,660,scip-inf-1,scip-inf-1??
MeasureCode,675,hf-2,empty
MeasureCode,678,pn-2,empty
MeasureCode,691,scip-vte-2,empty
MeasureCode,695,ami-4,%ami-4??
MeasureCode,715,scip-vte-1,scip??-$vte-1
MeasureCode,716,scip-vte-2,empty
MeasureCode,733,pn-7,empty
MeasureCode,745,ami-4,empty
MeasureCode,746,ami-5,a$mi-5
MeasureCode,751,hf-3,h@@f-3#
MeasureCode,756,pn-5c,pn-$5??c
MeasureCode,758,pn-7,empty
MeasureCode,759,scip-card-2,empty
MeasureCode,762,scip-inf-3,empty
MeasureCode,776,cac-2,empty
MeasureCode,781,ami-4,ami#%-4
MeasureCode,787,hf-3,hf%-3
MeasureCode,790,pn-3b,empty
MeasureCode,793,pn-6,empty
MeasureCode,794,pn-7,empty
MeasureCode,803,ami-1,empty
MeasureCode,804,ami-2,empty
MeasureCode,815,pn-3b,??pn-3b@@
MeasureCode,834,ami-8a,empty
MeasureCode,844,pn-7,empty
MeasureCode,868,pn-6,empty
MeasureCode,871,scip-inf-1,s??cip-inf-1
MeasureCode,874,scip-inf-4,empty
MeasureCode,878,ami-1,empty
MeasureCode,887,hf-3,empty
MeasureCode,895,scip-card-2,empty
MeasureCode,898,scip-inf-3,scip-i??nf-3
MeasureCode,902,scip-vte-2,empty
MeasureCode,906,ami-1,#ami-@@1
MeasureCode,908,ami-3,ami%??-3
MeasureCode,926,scip-inf-3,scip@@-inf-3
MeasureCode,932,ami-2,empty
MeasureCode,940,hf-3,@@hf%-3
MeasureCode,949,scip-inf-1,empty
MeasureCode,959,ami-4,empty
MeasureCode,976,scip-inf-3,empty
MeasureCode,979,scip-vte-1,empty
MeasureCode,985,ami-5,a??mi-5
MeasureCode,1000,scip-inf-2,empty
MeasureName,9,heart attack patients given aspirin at arrival,empty
MeasureName,11,heart attack patients given ace inhibitor or arb for left ventricular systolic dysfunction (lvsd),empty
MeasureName,13,heart attack patients given beta blocker at discharge,heart atta$ck patients given beta blocker at discharge
MeasureName,18,heart failure patients given ace inhibitor or arb for left ventricular systolic dysfunction (lvsd),empty
MeasureName,31,pneumonia patients assessed and given pneumococcal vaccination,pn@@eumonia patients assessed and given pneumococcal vaccination
MeasureName,56,pneumonia patients assessed and given pneumococcal vaccination,empty
MeasureName,57,pneumonia patients whose initial emergency room blood culture was performed prior to the administration of the first hospital dose of antibiotics,pneumonia patients whose initial emergency ??room blood culture was performed prior to the administration of the first hospital dose of antibiotics
MeasureName,62,surgery patients who were taking heart drugs called beta blockers before coming to the hospital who were kept on the beta blockers during the period just before and after their surgery,empty
MeasureName,69,patients who got treatment  at the right time (within 24 hours before or after their surgery) to help prevent blood clots after certain types of surgery,patients who got treatment  at the right time ($within% 24 hours before or after their surgery) to help prevent blood clots after certain types of surgery
MeasureName,78,heart failure patients given an evaluation of left ventricular systolic (lvs) function,heart failure patients given?? an evaluation of left ventricular systolic (lvs) function
MeasureName,81,pneumonia patients assessed and given pneumococcal vaccination,pneum#onia patients assessed and given pneumococcal va$ccination
MeasureName,104,heart failure patients given ace inhibitor or arb for left ventricular systolic dysfunction (lvsd),heart failure patients giv#en #ace inhibitor or arb for left ventricular systolic dysfunction (lvsd)
MeasureName,117,surgery patients needing hair removed from the surgical area before surgery who had hair removed using a safer method (electric clippers or hair removal cream c not a razor),surgery patients needing hair removed from the surgical area before surgery who had hair removed using a% safer method (electric clippers or hair removal cream c no#t a razor)
MeasureName,118,surgery patients whose doctors ordered treatments to prevent blood clots after certain types of surgeries,empty
MeasureName,123,heart attack patients given smoking cessation advice/counseling,empty
MeasureName,124,heart attack patients given beta blocker at discharge,heart attac$k patients given bet$a blocker at discharge
MeasureName,128,heart failure patients given an evaluation of left ventricular systolic (lvs) function,empty
MeasureName,135,pneumonia patients given the most appropriate initial antibiotic(s),empty
MeasureName,138,surgery patients who were given an antibiotic at the right time (within one hour before surgery) to help prevent infection,empty
MeasureName,149,heart attack patients given beta blocker at discharge,empty
MeasureName,154,heart failure patients given ace inhibitor or arb for left ventricular systolic dysfunction (lvsd),heart% failure patients given ace inhibitor or arb for left ventricular systolic d@@ysfunction (lvsd)
MeasureName,166,all heart surgery patients whose blood sugar (blood glucose) is kept under good control in the days right after surgery,empty
MeasureName,173,heart attack patients given smoking cessation advice/counseling,empty
MeasureName,177,heart failure patients given discharge instructions,empty
MeasureName,182,pneumonia patients whose initial emergency room blood culture was performed prior to the administration of the first hospital dose of antibiotics,empty
MeasureName,193,surgery patients whose doctors ordered treatments to prevent blood clots after certain types of surgeries,empty
MeasureName,195,heart attack patients given aspirin at arrival,empty
MeasureName,196,heart attack patients given aspirin at discharge,empty
MeasureName,198,heart attack patients given smoking cessation advice/counseling,empty
MeasureName,200,heart attack patients given fibrinolytic medication within 30 minutes of arrival,empty
MeasureName,205,heart failure patients given smoking cessation advice/counseling,empty
MeasureName,209,pneumonia patients given initial antibiotic(s) within 6 hours after arrival,pneumonia patients given initial antibiotic(s) within 6 hours af%ter arri#val
MeasureName,215,surgery patients whose preventive antibiotics were stopped at the right time (within 24 hours after surgery),surgery patien%ts whose preventive antibiotics were s$topped at the right time (within 24 hours after surgery)
MeasureName,228,heart failure patients given an evaluation of left ventricular systolic (lvs) function,empty
MeasureName,231,pneumonia patients assessed and given pneumococcal vaccination,pneumonia patients asses%sed and given pneumococcal vaccination
MeasureName,234,pneumonia patients given initial antibiotic(s) within 6 hours after arrival,pneumonia pati#ents given initial antibiotic(s) within 6 hours after a%rrival
MeasureName,241,all heart surgery patients whose blood sugar (blood glucose) is kept under good control in the days right after surgery,empty
MeasureName,244,patients who got treatment  at the right time (within 24 hours before or after their surgery) to help prevent blood clots after certain types of surgery,patients who got treatment  at the right time (within 24 hours before or after their surgery) to help prevent blood clot$s after certain types of surgery
MeasureName,245,heart attack patients given aspirin at arrival,empty
MeasureName,250,heart attack patients given fibrinolytic medication within 30 minutes of arrival,empty
MeasureName,264,surgery patients who were given the  right kind  of antibiotic to help prevent infection,empty
MeasureName,277,heart failure patients given discharge instructions,empty
MeasureName,279,heart failure patients given ace inhibitor or arb for left ventricular systolic dysfunction (lvsd),empty
MeasureName,280,heart failure patients given smoking cessation advice/counseling,heart failure patients given smoking cessation advice#/counseling
MeasureName,281,pneumonia patients assessed and given pneumococcal vaccination,@@pneumonia patients assessed and given pneumococcal vaccination
MeasureName,303,heart failure patients given an evaluation of left ventricular systolic (lvs) function,empty
MeasureName,310,pneumonia patients given the most appropriate initial antibiotic(s),empty
MeasureName,314,heart attack patients given aspirin at arrival,empty
MeasureName,315,heart attack patients given aspirin at discharge,empty
MeasureName,316,heart attack patients given ace inhibitor or arb for left ventricular systolic dysfunction (lvsd),heart attack patients given ace inhibitor or ar??b for $left ventricular systolic dysfunction (lvsd)
MeasureName,318,heart attack patients given beta blocker at discharge,empty
MeasureName,319,heart attack patients given fibrinolytic medication within 30 minutes of arrival,heart attack patients given fibrinoly??tic medication within 30 minutes of arrival
MeasureName,336,pneumonia patients whose initial emergency room blood culture was performed prior to the administration of the first hospital dose of antibiotics,pneumonia patients whose initial emergency room blood cult@@ure was performed prior to the administration of the first hos#pital dose of antibiotics
MeasureName,338,pneumonia patients given initial antibiotic(s) within 6 hours after arrival,pneumonia patients given initial #antibiotic(s) within 6 hours after arriva$l
MeasureName,340,pneumonia patients assessed and given influenza vaccination,empty
MeasureName,364,heart failure patients given ace inhibitor or arb for left ventricular systolic dysfunction (lvsd),empty
MeasureName,373,surgery patients who were given an antibiotic at the right time (within one hour before surgery) to help prevent infection,empty
MeasureName,397,heart attack patients given fibrinolytic medication within 30 minutes of arrival,heart attack patients given fibrinolytic medicat$ion within 30 minutes of arr@@ival
MeasureName,408,pneumonia patients assessed and given influenza vaccination,empty
MeasureName,409,surgery patients who were taking heart drugs called beta blockers before coming to the hospital who were kept on the beta blockers during the period just before and after their surgery,empty
MeasureName,429,pneumonia patients given initial antibiotic(s) within 6 hours after arrival,empty
MeasureName,434,heart failure patients given an evaluation of left ventricular systolic (lvs) function,empty
MeasureName,438,pneumonia patients whose initial emergency room blood culture was performed prior to the administration of the first hospital dose of antibiotics,empty
MeasureName,441,pneumonia patients given the most appropriate initial antibiotic(s),empty
MeasureName,442,pneumonia patients assessed and given influenza vaccination,pneumonia patients assessed and% given influenza vaccination
MeasureName,446,surgery patients whose preventive antibiotics were stopped at the right time (within 24 hours after surgery),empty
MeasureName,449,surgery patients whose doctors ordered treatments to prevent blood clots after certain types of surgeries,surgery patients whose doctors ordered treatments to prevent blood %clots# after certain types of surgeries
MeasureName,455,pneumonia patients given smoking cessation advice/counseling,empty
MeasureName,456,pneumonia patients given initial antibiotic(s) within 6 hours after arrival,empty
MeasureName,458,pneumonia patients assessed and given influenza vaccination,pneumonia patients assessed and g#iven influenza vaccination#
MeasureName,462,surgery patients whose preventive antibiotics were stopped at the right time (within 24 hours after surgery),empty
MeasureName,465,surgery patients whose doctors ordered treatments to prevent blood clots after certain types of surgeries,empty
MeasureName,474,heart failure patients given discharge instructions,empty
MeasureName,476,heart failure patients given ace inhibitor or arb for left ventricular systolic dysfunction (lvsd),empty
MeasureName,480,pneumonia patients given smoking cessation advice/counseling,empty
MeasureName,501,heart failure patients given ace inhibitor or arb for left ventricular systolic dysfunction (lvsd),heart failure patients given ace?? inhibitor or arb fo#r left ventricular systolic dysfunction (lvsd)
MeasureName,507,pneumonia patients given the most appropriate initial antibiotic(s),empty
MeasureName,512,surgery patients whose preventive antibiotics were stopped at the right time (within 24 hours after surgery),surgery patients whose preventive antibioti%cs were stopped at the% right time (within 24 hours after surgery)
MeasureName,533,pneumonia patients assessed and given influenza vaccination,pneumonia patien??ts assessed and giv@@en influenza vaccination
MeasureName,535,surgery patients who were given an antibiotic at the right time (within one hour before surgery) to help prevent infection,empty
MeasureName,543,heart attack patients given aspirin at discharge,empty
MeasureName,544,heart attack patients given ace inhibitor or arb for left ventricular systolic dysfunction (lvsd),heart att@@ack patients given ace inhibitor or arb for left ventricular# systolic dysfunction (lvsd)
MeasureName,552,heart failure patients given smoking cessation advice/counseling,empty
MeasureName,555,pneumonia patients given smoking cessation advice/counseling,pneumonia patients give$n smoking cessation advice/counseling
MeasureName,559,surgery patients who were taking heart drugs called beta blockers before coming to the hospital who were kept on the beta blockers during the period just before and after their surgery,empty
MeasureName,560,surgery patients who were given an antibiotic at the right time (within one hour before surgery) to help prevent infection,empty
MeasureName,569,heart attack patients given ace inhibitor or arb for left ventricular systolic dysfunction (lvsd),empty
MeasureName,595,heart attack patients given smoking cessation advice/counseling,empty
MeasureName,601,heart failure patients given ace inhibitor or arb for left ventricular systolic dysfunction (lvsd),heart failure patients given ace inhibitor or arb for left ventricular systo??lic dysfunction (lvsd)
MeasureName,614,surgery patients needing hair removed from the surgical area before surgery who had hair removed using a safer method (electric clippers or hair removal cream c not a razor),surgery patients needing h@@air removed from the surgical area before surgery who had hair removed using a safer method (electric clippers or hair removal cream c not a razor)
MeasureName,617,heart attack patients given aspirin at arrival,empty
MeasureName,624,heart failure patients given discharge instructions,heart failure@@ patients given discharge instructions
MeasureName,629,pneumonia patients whose initial emergency room blood culture was performed prior to the administration of the first hospital dose of antibiotics,empty
MeasureName,636,surgery patients who were given the  right kind  of antibiotic to help prevent infection,empty
MeasureName,638,all heart surgery patients whose blood sugar (blood glucose) is kept under good control in the days right after surgery,all heart surgery patients whose @@blood sugar (blood glucose) is kept under good control in t%he days right after surgery
MeasureName,651,heart failure patients given ace inhibitor or arb for left ventricular systolic dysfunction (lvsd),empty
MeasureName,652,heart failure patients given smoking cessation advice/counseling,empty
MeasureName,663,all heart surgery patients whose blood sugar (blood glucose) is kept under good control in the days right after surgery,empty
MeasureName,668,heart attack patients given aspirin at discharge,empty
MeasureName,675,heart failure patients given an evaluation of left ventricular systolic (lvs) function,empty
MeasureName,685,surgery patients who were given an antibiotic at the right time (within one hour before surgery) to help prevent infection,surgery patients who were given an antibiotic at the right time (wit%hin one hour before surgery) to help$ prevent infection
MeasureName,694,heart attack patients given ace inhibitor or arb for left ventricular systolic dysfunction (lvsd),h%eart a??ttack patients given ace inhibitor or arb for left ventricular systolic dysfunction (lvsd)
MeasureName,696,heart attack patients given beta blocker at discharge,empty
MeasureName,697,heart attack patients given fibrinolytic medication within 30 minutes of arrival,empty
MeasureName,698,heart attack patients given pci within 90 minutes of arrival,empty
MeasureName,701,heart failure patients given ace inhibitor or arb for left ventricular systolic dysfunction (lvsd),he%art failure patients given ace inhibitor or arb for left ventricular systolic# dysfunction (lvsd)
MeasureName,704,pneumonia patients whose initial emergency room blood culture was performed prior to the administration of the first hospital dose of antibiotics,empty
MeasureName,706,pneumonia patients given initial antibiotic(s) within 6 hours after arrival,pneumonia patients give%n initial antibiotic(s) within #6 hours after arrival
MeasureName,710,surgery patients who were given an antibiotic at the right time (within one hour before surgery) to help prevent infection,empty
MeasureName,717,heart attack patients given aspirin at arrival,heart attack %patients given% aspirin at arrival
MeasureName,725,heart failure patients given an evaluation of left ventricular systolic (lvs) function,hear@@t failure patients given an evaluation of left ventric@@ular systolic (lvs) function
MeasureName,730,pneumonia patients given smoking cessation advice/counseling,empty
MeasureName,738,all heart surgery patients whose blood sugar (blood glucose) is kept under good control in the days right after surgery,empty
MeasureName,746,heart attack patients given beta blocker at discharge,empty
MeasureName,753,pneumonia patients assessed and given pneumococcal vaccination,empty
MeasureName,760,surgery patients who were given an antibiotic at the right time (within one hour before surgery) to help prevent infection,empty
MeasureName,778,heart attack patients given aspirin at arrival,empty
MeasureName,785,heart failure patients given discharge instructions,empty
MeasureName,788,heart failure patients given smoking cessation advice/counseling,empty
MeasureName,797,surgery patients who were given the  right kind  of antibiotic to help prevent infection,empty
MeasureName,804,heart attack patients given aspirin at discharge,empty
MeasureName,811,heart failure patients given an evaluation of left ventricular systolic (lvs) function,empty
MeasureName,815,pneumonia patients whose initial emergency room blood culture was performed prior to the administration of the first hospital dose of antibiotics,empty
MeasureName,838,heart failure patients given smoking cessation advice/counseling,empty
MeasureName,850,surgery patients needing hair removed from the surgical area before surgery who had hair removed using a safer method (electric clippers or hair removal cream c not a razor),empty
MeasureName,851,surgery patients whose doctors ordered treatments to prevent blood clots after certain types of surgeries,surgery pati%ents whose doctors ordered treatments to prevent blood clots after certain types of surgeries
MeasureName,853,heart attack patients given aspirin at arrival,heart a??ttack patie#nts given aspirin at arrival
MeasureName,865,pneumonia patients whose initial emergency room blood culture was performed prior to the administration of the first hospital dose of antibiotics,empty
MeasureName,868,pneumonia patients given the most appropriate initial antibiotic(s),empty
MeasureName,878,heart attack patients given aspirin at arrival,heart attack patients given aspirin at ar%rival
MeasureName,889,pneumonia patients assessed and given pneumococcal vaccination,empty
MeasureName,890,pneumonia patients whose initial emergency room blood culture was performed prior to the administration of the first hospital dose of antibiotics,pneumonia pati#ents whose initial emergency room blood culture was performed prior to the administration of the first hospital dose of antibiotics
MeasureName,893,pneumonia patients given the most appropriate initial antibiotic(s),pneumonia patients given the most approp@@riate initial antibiotic(s)
MeasureName,899,all heart surgery patients whose blood sugar (blood glucose) is kept under good control in the days right after surgery,empty
MeasureName,900,surgery patients needing hair removed from the surgical area before surgery who had hair removed using a safer method (electric clippers or hair removal cream c not a razor),surgery patients needing hair removed from the surgical area before surgery who had hair removed using a safer method (electric cl??ippers or hair removal cream c not a razor)
MeasureName,904,children who received systemic corticosteroid medication (oral and iv medication that reduces inflammation and controls symptoms) while hospitalized for asthma,empty
MeasureName,908,heart attack patients given ace inhibitor or arb for left ventricular systolic dysfunction (lvsd),heart atta#ck patients given ace inhibitor or arb for @@left ventricular systolic dysfunction (lvsd)
MeasureName,921,pneumonia patients given the most appropriate initial antibiotic(s),empty
MeasureName,938,heart failure patients given discharge instructions,empty
MeasureName,940,heart failure patients given ace inhibitor or arb for left ventricular systolic dysfunction (lvsd),empty
MeasureName,944,pneumonia patients given smoking cessation advice/counseling,empty
MeasureName,953,surgery patients needing hair removed from the surgical area before surgery who had hair removed using a safer method (electric clippers or hair removal cream c not a razor),surgery patients needing hair removed from the surgical area before# surgery who had hair removed using a safer method (electric clippers or h??air removal cream c not a razor)
MeasureName,957,heart attack patients given aspirin at discharge,empty
MeasureName,961,heart attack patients given fibrinolytic medication within 30 minutes of arrival,empty
MeasureName,972,pneumonia patients assessed and given influenza vaccination,empty
MeasureName,973,surgery patients who were taking heart drugs called beta blockers before coming to the hospital who were kept on the beta blockers during the period just before and after their surgery,empty
MeasureName,978,surgery patients needing hair removed from the surgical area before surgery who had hair removed using a safer method (electric clippers or hair removal cream c not a razor),surgery patients needing hair removed from the surgical area before surgery who had hair removed using a safer$ method (electric clippers or hair removal cream c not a razor)
MeasureName,979,surgery patients whose doctors ordered treatments to prevent blood clots after certain types of surgeries,empty
MeasureName,981,heart attack patients given aspirin at arrival,empty
MeasureName,983,heart attack patients given ace inhibitor or arb for left ventricular systolic dysfunction (lvsd),empty
MeasureName,986,heart attack patients given fibrinolytic medication within 30 minutes of arrival,empty
MeasureName,994,pneumonia patients given smoking cessation advice/counseling,empty
Score,10,92%,%%92%
Score,17,99%,empty
Score,19,100%,1??00%
Score,23,100%,empty
Score,24,99%,empty
Score,26,72%,7@@2%
Score,30,100%,%10#0%
Score,33,99%,empty
Score,36,84%,%#84%
Score,37,72%,72#%
Score,41,96%,??96%
Score,56,97%,97%#
Score,59,96%,#96%#
Score,63,96%,9????6%
Score,68,78%,empty
Score,86,88%,empty
Score,89,99%,@@99%
Score,101,empty,em%pty#
Score,102,98%,empty
Score,119,88%,$88%
Score,131,25%,empty
Score,134,95%,#95%
Score,136,47%,47@@%
Score,140,100%,empty
Score,142,100%,100%#
Score,144,100%,empty
Score,146,100%,100%@@
Score,152,97%,empty
Score,159,98%,empty
Score,162,67%,empty
Score,167,100%,empty
Score,175,empty,empty$
Score,178,84%,empty
Score,193,86%,empty
Score,197,91%,9??1%#
Score,204,98%,??98%
Score,207,96%,empty
Score,213,97%,%97%@@
Score,220,100%,empty
Score,226,40%,empty
Score,233,100%,10%0%@@
Score,240,98%,empty
Score,246,empty,#em$pty
Score,247,empty,empt??y
Score,267,100%,empty
Score,276,83%,@@83#%
Score,287,89%,empty
Score,290,91%,empty
Score,315,96%,empty
Score,328,97%,97??$%
Score,331,83%,empty
Score,333,100%,empty
Score,349,97%,empty
Score,352,100%,100#%??
Score,354,87%,empty
Score,355,100%,empty
Score,356,100%,10%$0%
Score,359,100%,empty
Score,367,98%,#98%
Score,381,97%,empty
Score,390,100%,empty
Score,391,71%,empty
Score,394,67%,empty
Score,404,95%,$9$5%
Score,416,100%,1%00%
Score,432,82%,empty
Score,441,95%,empty
Score,443,87%,empty
Score,448,100%,empty
Score,454,99%,empty
Score,457,86%,empty
Score,458,82%,8%2%
Score,464,97%,empty
Score,465,85%,empty
Score,466,79%,empty
Score,487,85%,85@#@%
Score,496,empty,??em$pty
Score,509,empty,#empty
Score,511,100%,empty
Score,521,100%,empty
Score,525,100%,1$??00%
Score,530,94%,94#%
Score,531,95%,empty
Score,540,98%,empty
Score,541,94%,94$%
Score,542,95%,empty
Score,556,88%,empty
Score,559,67%,empty
Score,563,72%,%72%#
Score,564,97%,empty
Score,577,97%,empty
Score,578,80%,empty
Score,584,32%,3@@2%$
Score,605,100%,empty
Score,618,97%,empty
Score,620,100%,empty
Score,629,91%,9%1$%
Score,651,25%,#2@@5%
Score,657,96%,empty
Score,658,12%,12%??
Score,685,88%,empty
Score,690,79%,??79%
Score,696,75%,empty
Score,712,100%,10%0%??
Score,715,88%,empty
Score,719,67%,empty
Score,721,100%,empty
Score,735,99%,empty
Score,762,99%,empty
Score,763,empty,empt%y
Score,764,100%,%100%
Score,777,14%,empty
Score,779,100%,empty
Score,787,98%,#9#8%
Score,797,99%,empty
Score,815,96%,empty
Score,818,89%,8$9%
Score,855,100%,1#00%@@
Score,866,90%,empty
Score,874,empty,emp@@ty
Score,878,100%,empty
Score,882,82%,empty
Score,885,87%,empty
Score,896,empty,empt??#y
Score,907,100%,empty
Score,913,100%,empty
Score,930,84%,empty
Score,946,50%,empty
Score,964,99%,empty
Score,965,100%,empty
Score,982,100%,empty
Score,983,100%,10#0%
Sample,16,114 patients,empty
Sample,32,125 patients,empty
Sample,36,160 patients,160 p??atients
Sample,41,136 patients,??136 patients
Sample,44,184 patients,empty
Sample,50,0 patients,empty
Sample,55,34 patients,34 patients??
Sample,58,98 patients,empty
Sample,65,158 patients,158 pa??tients
Sample,69,76 patients,empty
Sample,77,217 patients,empty
Sample,80,53 patients,empty
Sample,81,174 patients,empty
Sample,87,107 patients,empty
Sample,90,439 patients,439 p@@atients
Sample,95,5 patients,5 patien#ts
Sample,96,2 patients,empty
Sample,100,0 patients,empty
Sample,105,8 patients,empty
Sample,129,8 patients,empty
Sample,132,15 patients,15$ patients
Sample,134,21 patients,empty
Sample,146,1 patients,empty
Sample,148,2 patients,2 patie%nts
Sample,155,12 patients,empty
Sample,158,25 patients,empty
Sample,168,9 patients,empty
Sample,173,2 patients,2% pati$ents
Sample,174,6 patients,6 patien%t@@s
Sample,178,80 patients,empty
Sample,187,14 patients,??14 patient??s
Sample,189,64 patients,empty
Sample,192,155 patients,empty
Sample,194,56 patients,56@@$ patients
Sample,203,372 patients,empty
Sample,205,69 patients,%69% patients
Sample,215,442 patients,442 patien??ts
Sample,218,229 patients,empty
Sample,221,39 patients,empty
Sample,234,88 patients,empty
Sample,247,0 patients,empty
Sample,248,0 patients,0 p$atients
Sample,253,91 patients,empty
Sample,264,14 patients,14 pa@@$tients
Sample,269,10 patients,??10 patients
Sample,274,169 patients,169 pat%ients
Sample,276,36 patients,36 p@@atients
Sample,288,368 patients,empty
Sample,327,83 patients,83 p??atient%s
Sample,329,99 patients,empty
Sample,334,62 patients,62 p#atien@@ts
Sample,339,112 patients,empty
Sample,343,957 patients,empty
Sample,351,41 patients,41 pa%tients
Sample,352,63 patients,empty
Sample,353,242 patients,empty
Sample,359,8 patients,8# patients
Sample,363,59 patients,empty
Sample,368,40 patients,empty
Sample,370,62 patients,empty
Sample,376,0 patients,empty
Sample,379,58 patients,??58 @@patients
Sample,386,16 patients,16 pa??tien$ts
Sample,397,0 patients,empty
Sample,407,93 patients,empty
Sample,411,10 patients,empty
Sample,414,125 patients,empty
Sample,415,10 patients,10 pa??tients
Sample,422,78 patients,empty
Sample,425,12 patients,empty
Sample,429,101 patients,101 pati$ents
Sample,434,61 patients,61 patie$nts
Sample,441,22 patients,empty
Sample,442,29 patients,29 pati$ents
Sample,449,226 patients,empty
Sample,453,150 patients,empty
Sample,456,192 patients,192$ patients
Sample,461,255 patients,255 pa#tients
Sample,462,245 patients,empty
Sample,465,144 patients,empty
Sample,476,18 patients,empty
Sample,477,32 patients,32# patients
Sample,480,39 patients,empty
Sample,484,12 patients,@@12 patie??nts
Sample,487,48 patients,empty
Sample,499,35 patients,empty
Sample,511,2 patients,2 patient#s
Sample,520,119 patients,empty
Sample,524,257 patients,empty
Sample,544,24 patients,24 pati%??ents
Sample,558,184 patients,empty
Sample,561,827 patients,empty
Sample,570,4 patients,empty
Sample,575,164 patients,empty
Sample,584,19 patients,empty
Sample,592,empty,empt??%y
Sample,595,empty,empty??
Sample,596,empty,e#mpty
Sample,607,30 patients,empty
Sample,608,23 patients,empty
Sample,611,empty,$empt#y
Sample,625,570 patients,570 %p??atients
Sample,629,129 patients,empty
Sample,645,0 patients,0# patie@@nts
Sample,653,28 patients,empty
Sample,660,empty,$#empty
Sample,670,147 patients,empty
Sample,671,331 patients,empty
Sample,672,0 patients,0 $p??atients
Sample,676,343 patients,343 pat????ients
Sample,679,378 patients,378 pati$ents??
Sample,681,357 patients,357# patients
Sample,686,350 patients,350 patie#nts%
Sample,691,224 patients,empty
Sample,695,0 patients,empty
Sample,700,87 patients,empty
Sample,703,70 patients,empty
Sample,709,3 patients,empty
Sample,716,24 patients,24 patien%ts
Sample,733,125 patients,$125 patients
Sample,734,68 patients,empty
Sample,745,0 patients,@@0 patients
Sample,750,139 patients,13@@9 patien??ts
Sample,758,52 patients,empty
Sample,761,141 patients,empty
Sample,764,204 patients,204 #patients
Sample,771,0 patients,empty
Sample,772,195 patients,195 p@@atients
Sample,776,193 patients,193 patien??ts
Sample,785,264 patients,264 patie%nts
Sample,799,149 patients,149 pat??ient@@s
Sample,803,123 patients,123 pat%ients
Sample,819,187 patients,empty
Sample,826,315 patients,315 pa??tients
Sample,830,1 patients,empty
Sample,834,0 patients,empty
Sample,836,28 patients,28% patients
Sample,844,37 patients,37% patients
Sample,855,1 patients,empty
Sample,873,15 patients,empty
Sample,888,16 patients,16 @@pati#ents
Sample,900,7 patients,empty
Sample,906,126 patients,126 patien%ts
Sample,907,145 patients,145 #??patients
Sample,930,280 patients,empty
Sample,937,0 patients,0 patie$nts
Sample,946,30 patients,30% patients
Sample,950,empty,@@empty%
Sample,964,82 patients,empty
Sample,970,85 patients,empty
Sample,979,196 patients,empty
Sample,983,2 patients,empty
Sample,986,0 patients,empty
Sample,988,24 patients,empty
Sample,997,55 patients,empty
Sample,998,8 patients,empty
Sample,1000,25 patients,empty
Stateavg,8,al_scip-vte-2,empty
Stateavg,13,al_ami-5,al_a%%mi-5
Stateavg,18,al_hf-3,empty
Stateavg,21,al_ami-2,empty
Stateavg,24,al_ami-5,al_#ami-5
Stateavg,30,al_hf-4,empty
Stateavg,34,al_pn-5c,empty
Stateavg,35,al_pn-6,empty
Stateavg,39,al_scip-inf-2,empty
Stateavg,45,al_ami-1,empty
Stateavg,59,al_pn-5c,empty
Stateavg,63,al_scip-inf-1,empty
Stateavg,69,al_scip-vte-2,al_scip-vte-%2$
Stateavg,79,al_hf-3,al??_hf-3
Stateavg,83,al_pn-4,empty
Stateavg,102,al_hf-1,al_hf??-1??
Stateavg,103,al_hf-2,empty
Stateavg,106,al_pn-2,empty
Stateavg,111,al_pn-7,empty
Stateavg,126,al_ami-8a,empty
Stateavg,130,al_hf-4,empty
Stateavg,147,al_ami-3,al_am#i-3
Stateavg,157,al_pn-3b,al_p@@n??-3b
Stateavg,158,al_pn-4,empty
Stateavg,165,al_scip-inf-3,al%_sc%ip-inf-3
Stateavg,168,al_scip-vte-1,empty
Stateavg,182,al_pn-3b,al_pn-%3%b
Stateavg,186,al_pn-7,empty
Stateavg,196,al_ami-2,al_ami-@@2
Stateavg,200,al_ami-7a,empty
Stateavg,204,al_hf-3,empty
Stateavg,207,al_pn-3b,empty
Stateavg,210,al_pn-6,empty
Stateavg,220,al_ami-1,empty
Stateavg,229,al_hf-3,al_$hf-3
Stateavg,231,al_pn-2,empty
Stateavg,236,al_pn-7,empty
Stateavg,240,al_scip-inf-3,empty
Stateavg,241,al_scip-inf-4,empty
Stateavg,252,al_hf-1,empty
Stateavg,253,al_hf-2,empty
Stateavg,267,al_scip-inf-6,empty
Stateavg,274,al_ami-5,empty
Stateavg,280,al_hf-4,empty
Stateavg,281,al_pn-2,empty
Stateavg,283,al_pn-4,empty
Stateavg,285,al_pn-6,@@al_pn-6
Stateavg,298,al_ami-4,empty
Stateavg,305,al_hf-4,empty
Stateavg,307,al_pn-3b,empty
Stateavg,311,al_pn-7,empty
Stateavg,313,al_cac-3,empty
Stateavg,317,al_ami-4,empty
Stateavg,320,al_ami-8a,al_am#$i-8a
Stateavg,321,al_hf-1,a%l_hf-1
Stateavg,323,al_hf-3,a$l_hf-3
Stateavg,325,al_pn-2,al_pn%-2
Stateavg,334,al_hf-4,al$_hf-4
Stateavg,341,al_scip-card-2,empty
Stateavg,344,al_scip-inf-3,empty
Stateavg,350,al_ami-2,$a#l_ami-2
Stateavg,351,al_ami-3,a#l@@_ami-3
Stateavg,356,al_ami-2,a%l_ami-2
Stateavg,357,al_ami-3,empty
Stateavg,361,al_ami-8a,empty
Stateavg,362,al_hf-1,empty
Stateavg,366,al_pn-2,empty
Stateavg,369,al_pn-5c,empty
Stateavg,381,al_ami-2,al@@_ami-2
Stateavg,384,al_ami-5,empty
Stateavg,386,al_ami-8a,al_ami#-8@@a
Stateavg,388,al_hf-2,empty
Stateavg,390,al_hf-4,empty
Stateavg,402,al_hf-4,al_h$f-4
Stateavg,423,al_hf-2,empty
Stateavg,425,al_hf-4,empty
Stateavg,429,al_pn-5c,empty
Stateavg,430,al_pn-6,empty
Stateavg,441,ak_pn-6,empty
Stateavg,445,ak_scip-inf-2,empty
Stateavg,453,al_pn-2,a%l_pn-2
Stateavg,455,al_pn-4,empty
Stateavg,458,al_pn-7,al_p%n-7
Stateavg,475,al_hf-2,%al_hf-%2
Stateavg,479,al_pn-3b,al_pn-$3b
Stateavg,482,al_pn-6,al_pn-6$%
Stateavg,487,al_scip-inf-3,al_scip-inf-3@@
Stateavg,494,al_ami-3,empty
Stateavg,510,al_scip-inf-1,al_scip-inf-1#
Stateavg,512,al_scip-inf-3,empty
Stateavg,516,al_scip-vte-2,empty
Stateavg,519,al_ami-3,empty
Stateavg,521,al_ami-5,empty
Stateavg,525,al_hf-2,a%l_hf$-2
Stateavg,526,al_hf-3,empty
Stateavg,530,al_pn-4,empty
Stateavg,535,al_scip-inf-1,empty
Stateavg,538,al_scip-inf-4,a@@%l_scip-inf-4
Stateavg,549,al_hf-1,empty
Stateavg,550,al_hf-2,empty
Stateavg,552,al_hf-4,empty
Stateavg,559,al_scip-card-2,empty
Stateavg,566,al_scip-vte-2,empty
Stateavg,568,al_ami-2,al_ami??-2
Stateavg,572,al_ami-7a,empty
Stateavg,573,al_ami-8a,empty
Stateavg,578,al_pn-2,empty
Stateavg,589,al_scip-inf-6,empty
Stateavg,598,al_ami-8a,empty
Stateavg,623,al_ami-8a,empty
Stateavg,628,al_pn-2,al_pn-@@2
Stateavg,641,al_scip-vte-2,al_scip-vte-2%
Stateavg,645,al_ami-4,empty
Stateavg,649,al_hf-1,empty
Stateavg,652,al_hf-4,empty
Stateavg,672,al_ami-7a,al_ami-#7a
Stateavg,673,al_ami-8a,empty
Stateavg,677,al_hf-4,al_h$f-4
Stateavg,684,al_scip-card-2,empty
Stateavg,695,al_ami-4,al_ami-##4
Stateavg,703,al_pn-2,empty
Stateavg,716,al_scip-vte-2,empty
Stateavg,723,al_ami-8a,a%l_ami??-8a
Stateavg,730,al_pn-4,empty
Stateavg,735,al_scip-inf-1,empty
Stateavg,737,al_scip-inf-3,empty
Stateavg,751,al_hf-3,empty
Stateavg,763,al_scip-inf-4,empty
Stateavg,768,al_scip-inf-1,empty
Stateavg,772,al_scip-inf-6,al_scip-i%nf-6??
Stateavg,777,al_cac-3,empty
Stateavg,784,al_ami-8a,empty
Stateavg,794,al_pn-7,al_pn-7%
Stateavg,795,al_scip-card-2,empty
Stateavg,797,al_scip-inf-2,empty
Stateavg,799,al_scip-inf-4,empty
Stateavg,807,al_ami-5,empty
Stateavg,814,al_pn-2,%al_pn%-2
Stateavg,817,al_pn-5c,empty
Stateavg,819,al_pn-7,empty
Stateavg,820,al_scip-card-2,empty
Stateavg,822,al_scip-inf-2,empty
Stateavg,826,al_scip-vte-1,empty
Stateavg,832,al_ami-5,empty
Stateavg,833,al_ami-7a,empty
Stateavg,836,al_hf-2,empty
Stateavg,844,al_pn-7,empty
Stateavg,851,al_scip-vte-1,empty
Stateavg,854,al_ami-2,al_??ami-2
Stateavg,859,al_ami-8a,empty
Stateavg,865,al_pn-3b,empty
Stateavg,872,al_scip-inf-2,al_sc#ip-inf-$2
Stateavg,906,al_ami-1,empty
Stateavg,908,al_ami-3,empty
Stateavg,916,al_hf-4,al_hf??-4#
Stateavg,925,al_scip-inf-2,empty
Stateavg,930,al_scip-vte-2,al_%scip-v??te-2
Stateavg,937,al_ami-8a,al_ami-8??a??
Stateavg,940,al_hf-3,empty
Stateavg,946,al_pn-6,empty
Stateavg,953,al_scip-inf-6,empty
Stateavg,954,al_scip-vte-1,empty
Stateavg,957,al_ami-2,@@a@@l_ami-2
Stateavg,958,al_ami-3,empty
Stateavg,967,al_pn-2,al_pn@@-??2
Stateavg,968,al_pn-3b,empty
Stateavg,974,al_scip-inf-1,empty
Stateavg,997,al_pn-7,empty
Stateavg,1000,al_scip-inf-2,empty
