26/04/29 16:40:44 WARN Utils: Your hostname, qianzekaideMacBook-Air.local resolves to a loopback address: 127.0.0.1; using 192.168.3.1 instead (on interface bridge0)
26/04/29 16:40:44 WARN Utils: Set SPARK_LOCAL_IP if you need to bind to another address
26/04/29 16:40:44 WARN NativeCodeLoader: Unable to load native-hadoop library for your platform... using builtin-java classes where applicable
Using Spark's default log4j profile: org/apache/spark/log4j-defaults.properties
Setting default log level to "WARN".
To adjust logging level use sc.setLogLevel(newLevel). For SparkR, use setLogLevel(newLevel).
WARNING:root:No partitioning rule specified, processing might be slow
WARNING:root:No partitioning rule specified, processing might be slow
WARNING:root:No partitioning rule specified, processing might be slow
WARNING:root:No partitioning rule specified, processing might be slow
WARNING:root:No partitioning rule specified, processing might be slow
WARNING:root:No partitioning rule specified, processing might be slow
WARNING:root:No partitioning rule specified, processing might be slow
WARNING:root:No partitioning rule specified, processing might be slow
初始化清洗器和分析依赖关系...
处理单属性清洗算子：
处理单属性清洗算子：[Pattern:(domain= sched_dep_time, format = ^(0[1-9]|1[0-2]):[0-5][0-9]\s?(AM|PM)$)]
开始清洗属性 sched_dep_time 的数据
属性 sched_dep_time 的数据大小: 217
属性 sched_dep_time 没有可应用的清洗规则。
处理单属性清洗算子：[Pattern:(domain= act_dep_time, format = ^(0[1-9]|1[0-2]):[0-5][0-9]\s?(AM|PM)$)]
开始清洗属性 act_dep_time 的数据
属性 act_dep_time 的数据大小: 193
属性 act_dep_time 没有可应用的清洗规则。
处理单属性清洗算子：[Pattern:(domain= sched_arr_time, format = ^(0[1-9]|1[0-2]):[0-5][0-9]\s?(AM|PM)$)]
开始清洗属性 sched_arr_time 的数据
属性 sched_arr_time 的数据大小: 203
属性 sched_arr_time 没有可应用的清洗规则。
处理单属性清洗算子：[Date:(domain=sched_dep_time，format = %I:%M %p)]
开始清洗属性 sched_dep_time 的数据
属性 sched_dep_time 的数据大小: 217
应用 sched_dep_time 的清洗规则，编辑规则数量: 180
读入数据大小：2376
处理了 180 条规则，更新数据...
所有编辑规则已更新完成
处理单属性清洗算子：[Date:(domain=act_dep_time，format = %I:%M %p)]
开始清洗属性 act_dep_time 的数据
属性 act_dep_time 的数据大小: 193
应用 act_dep_time 的清洗规则，编辑规则数量: 168
读入数据大小：2376
处理了 168 条规则，更新数据...
所有编辑规则已更新完成
处理单属性清洗算子：[Date:(domain=sched_arr_time，format = %I:%M %p)]
开始清洗属性 sched_arr_time 的数据
属性 sched_arr_time 的数据大小: 203
应用 sched_arr_time 的清洗规则，编辑规则数量: 164
读入数据大小：2376
处理了 164 条规则，更新数据...
所有编辑规则已更新完成
处理单属性清洗算子：[Date:(domain=act_arr_time，format = %I:%M %p)]
开始清洗属性 act_arr_time 的数据
属性 act_arr_time 的数据大小: 232
应用 act_arr_time 的清洗规则，编辑规则数量: 185
读入数据大小：2376
处理了 185 条规则，更新数据...
所有编辑规则已更新完成
执行层级和目标模型分类...
执行层级 (并行组): [[{'flight'}], [{'sched_dep_time'}, {'act_dep_time'}, {'sched_arr_time'}, {'act_arr_time'}]]
目标模型分类: {'sched_dep_time': [<SampleScrubber.cleaner.multiple.AttrRelation object at 0x1541bb550>], 'act_dep_time': [<SampleScrubber.cleaner.multiple.AttrRelation object at 0x1541bb490>], 'sched_arr_time': [<SampleScrubber.cleaner.multiple.AttrRelation object at 0x1541bb760>], 'act_arr_time': [<SampleScrubber.cleaner.multiple.AttrRelation object at 0x1541bb310>]}

处理第 1 层级, 包含节点: ['flight']
  当前节点: flight 无可用清洗信号
  当前节点: flight 无清洗操作
['flight']的清洗完成

本层累积的编辑规则数: 0
本层没有可以进行的清洗操作，进行下一层

处理第 2 层级, 包含节点: ['sched_dep_time', 'act_dep_time', 'sched_arr_time', 'act_arr_time']
  当前节点: sched_dep_time 存在可用清洗信号
数据块大小: 2376
分块属性:
[['flight']]
Starting initial block mapping...
Initial number of blocks: 227
Final number of blocks after further splitting: 227
Computing Block 2 out of 227
Processing Block size=23
begin cleaner[FunctionalDependency:(s: {'flight'}, t: {'sched_dep_time'})]*1.0
列 'p' 不存在，对列 sched_dep_time 不过滤，直接选择所有非无效值。
clean_bool length:2
newest best op: Uniop(df,'sched_dep_time','10:40 AM',(['flight'], {('AA-2050-ORD-MIA',)}),{left: ("[FunctionalDependency:(s: {flight}, t: {sched_dep_time})]", 0.0), operator: *, right: (1.0, 1.0), result: 0.0})
now error: 0.0
Block processing time: 0.041404 seconds
Computing Block 4 out of 227
Processing Block size=17
begin cleaner{left: ("[FunctionalDependency:(s: {flight}, t: {sched_dep_time})]", 0.0), operator: *, right: (1.0, 1.0), result: 0.0}
列 'p' 不存在，对列 sched_dep_time 不过滤，直接选择所有非无效值。
clean_bool length:2
newest best op: Uniop(df,'sched_dep_time','07:35 AM',(['flight'], {('UA-6273-YYC-SFO',)}),{left: ("[FunctionalDependency:(s: {flight}, t: {sched_dep_time})]", 0.0), operator: *, right: (1.0, 1.0), result: 0.0})
now error: 0.0
Block processing time: 0.030762 seconds
Computing Block 6 out of 227
Processing Block size=22
begin cleaner{left: ("[FunctionalDependency:(s: {flight}, t: {sched_dep_time})]", 0.0), operator: *, right: (1.0, 1.0), result: 0.0}
列 'p' 不存在，对列 sched_dep_time 不过滤，直接选择所有非无效值。
clean_bool length:2
newest best op: Uniop(df,'sched_dep_time','07:15 AM',(['flight'], {('AA-2268-PHX-ORD',)}),{left: ("[FunctionalDependency:(s: {flight}, t: {sched_dep_time})]", 0.0), operator: *, right: (1.0, 1.0), result: 0.0})
now error: 0.0
Block processing time: 0.039604 seconds
Computing Block 7 out of 227
Processing Block size=18
begin cleaner{left: ("[FunctionalDependency:(s: {flight}, t: {sched_dep_time})]", 0.0), operator: *, right: (1.0, 1.0), result: 0.0}
列 'p' 不存在，对列 sched_dep_time 不过滤，直接选择所有非无效值。
clean_bool length:2
newest best op: Uniop(df,'sched_dep_time','02:30 PM',(['flight'], {('UA-62-IAH-EWR',)}),{left: ("[FunctionalDependency:(s: {flight}, t: {sched_dep_time})]", 0.0), operator: *, right: (1.0, 1.0), result: 0.0})
now error: 0.0
Block processing time: 0.094367 seconds
Computing Block 9 out of 227
Processing Block size=22
begin cleaner{left: ("[FunctionalDependency:(s: {flight}, t: {sched_dep_time})]", 0.0), operator: *, right: (1.0, 1.0), result: 0.0}
列 'p' 不存在，对列 sched_dep_time 不过滤，直接选择所有非无效值。
clean_bool length:2
newest best op: Uniop(df,'sched_dep_time','06:00 AM',(['flight'], {('AA-3809-PHX-LAX',)}),{left: ("[FunctionalDependency:(s: {flight}, t: {sched_dep_time})]", 0.0), operator: *, right: (1.0, 1.0), result: 0.0})
now error: 0.0
Block processing time: 0.043805 seconds
Computing Block 11 out of 227
Processing Block size=16
begin cleaner{left: ("[FunctionalDependency:(s: {flight}, t: {sched_dep_time})]", 0.0), operator: *, right: (1.0, 1.0), result: 0.0}
列 'p' 不存在，对列 sched_dep_time 不过滤，直接选择所有非无效值。
clean_bool length:2
newest best op: Uniop(df,'sched_dep_time','11:15 AM',(['flight'], {('UA-2704-DTW-PHX',)}),{left: ("[FunctionalDependency:(s: {flight}, t: {sched_dep_time})]", 0.0), operator: *, right: (1.0, 1.0), result: 0.0})
now error: 0.0
Block processing time: 0.027771 seconds
Computing Block 12 out of 227
Processing Block size=20
begin cleaner{left: ("[FunctionalDependency:(s: {flight}, t: {sched_dep_time})]", 0.0), operator: *, right: (1.0, 1.0), result: 0.0}
列 'p' 不存在，对列 sched_dep_time 不过滤，直接选择所有非无效值。
clean_bool length:2
newest best op: Uniop(df,'sched_dep_time','10:40 AM',(['flight'], {('AA-400-DFW-JFK',)}),{left: ("[FunctionalDependency:(s: {flight}, t: {sched_dep_time})]", 0.0), operator: *, right: (1.0, 1.0), result: 0.0})
now error: 0.0
Block processing time: 0.035575 seconds
Computing Block 14 out of 227
Processing Block size=17
begin cleaner{left: ("[FunctionalDependency:(s: {flight}, t: {sched_dep_time})]", 0.0), operator: *, right: (1.0, 1.0), result: 0.0}
列 'p' 不存在，对列 sched_dep_time 不过滤，直接选择所有非无效值。
clean_bool length:2
newest best op: Uniop(df,'sched_dep_time','07:10 AM',(['flight'], {('AA-222-LAX-BOS',)}),{left: ("[FunctionalDependency:(s: {flight}, t: {sched_dep_time})]", 0.0), operator: *, right: (1.0, 1.0), result: 0.0})
now error: 0.0
Block processing time: 0.030582 seconds
Computing Block 15 out of 227
Processing Block size=20
begin cleaner{left: ("[FunctionalDependency:(s: {flight}, t: {sched_dep_time})]", 0.0), operator: *, right: (1.0, 1.0), result: 0.0}
列 'p' 不存在，对列 sched_dep_time 不过滤，直接选择所有非无效值。
clean_bool length:2
newest best op: Uniop(df,'sched_dep_time','04:25 PM',(['flight'], {('UA-233-LAX-JFK',)}),{left: ("[FunctionalDependency:(s: {flight}, t: {sched_dep_time})]", 0.0), operator: *, right: (1.0, 1.0), result: 0.0})
now error: 0.0
Block processing time: 0.036429 seconds
Computing Block 17 out of 227
Processing Block size=20
begin cleaner{left: ("[FunctionalDependency:(s: {flight}, t: {sched_dep_time})]", 0.0), operator: *, right: (1.0, 1.0), result: 0.0}
列 'p' 不存在，对列 sched_dep_time 不过滤，直接选择所有非无效值。
clean_bool length:2
newest best op: Uniop(df,'sched_dep_time','03:35 PM',(['flight'], {('AA-4330-CVG-ORD',)}),{left: ("[FunctionalDependency:(s: {flight}, t: {sched_dep_time})]", 0.0), operator: *, right: (1.0, 1.0), result: 0.0})
now error: 0.0
Block processing time: 0.034716 seconds
Computing Block 18 out of 227
Processing Block size=20
begin cleaner{left: ("[FunctionalDependency:(s: {flight}, t: {sched_dep_time})]", 0.0), operator: *, right: (1.0, 1.0), result: 0.0}
列 'p' 不存在，对列 sched_dep_time 不过滤，直接选择所有非无效值。
clean_bool length:2
newest best op: Uniop(df,'sched_dep_time','05:30 PM',(['flight'], {('CO-4888-IAH-DAL',)}),{left: ("[FunctionalDependency:(s: {flight}, t: {sched_dep_time})]", 0.0), operator: *, right: (1.0, 1.0), result: 0.0})
now error: 0.0
Block processing time: 0.035026 seconds
Computing Block 19 out of 227
Processing Block size=21
begin cleaner{left: ("[FunctionalDependency:(s: {flight}, t: {sched_dep_time})]", 0.0), operator: *, right: (1.0, 1.0), result: 0.0}
列 'p' 不存在，对列 sched_dep_time 不过滤，直接选择所有非无效值。
clean_bool length:2
newest best op: Uniop(df,'sched_dep_time','07:10 AM',(['flight'], {('AA-3859-IAH-ORD',)}),{left: ("[FunctionalDependency:(s: {flight}, t: {sched_dep_time})]", 0.0), operator: *, right: (1.0, 1.0), result: 0.0})
now error: 0.0
Block processing time: 0.036823 seconds
Computing Block 21 out of 227
Processing Block size=21
begin cleaner{left: ("[FunctionalDependency:(s: {flight}, t: {sched_dep_time})]", 0.0), operator: *, right: (1.0, 1.0), result: 0.0}
列 'p' 不存在，对列 sched_dep_time 不过滤，直接选择所有非无效值。
clean_bool length:2
newest best op: Uniop(df,'sched_dep_time','06:30 PM',(['flight'], {('AA-1640-MIA-MCO',)}),{left: ("[FunctionalDependency:(s: {flight}, t: {sched_dep_time})]", 0.0), operator: *, right: (1.0, 1.0), result: 0.0})
now error: 0.0
Block processing time: 0.037297 seconds
Computing Block 23 out of 227
Processing Block size=19
begin cleaner{left: ("[FunctionalDependency:(s: {flight}, t: {sched_dep_time})]", 0.0), operator: *, right: (1.0, 1.0), result: 0.0}
列 'p' 不存在，对列 sched_dep_time 不过滤，直接选择所有非无效值。
clean_bool length:2
newest best op: Uniop(df,'sched_dep_time','11:50 AM',(['flight'], {('AA-446-DFW-PHL',)}),{left: ("[FunctionalDependency:(s: {flight}, t: {sched_dep_time})]", 0.0), operator: *, right: (1.0, 1.0), result: 0.0})
now error: 0.0
Block processing time: 0.033171 seconds
Computing Block 26 out of 227
Processing Block size=14
begin cleaner{left: ("[FunctionalDependency:(s: {flight}, t: {sched_dep_time})]", 0.0), operator: *, right: (1.0, 1.0), result: 0.0}
列 'p' 不存在，对列 sched_dep_time 不过滤，直接选择所有非无效值。
clean_bool length:2
newest best op: Uniop(df,'sched_dep_time','08:55 AM',(['flight'], {('UA-1500-IAH-GUA',)}),{left: ("[FunctionalDependency:(s: {flight}, t: {sched_dep_time})]", 0.0), operator: *, right: (1.0, 1.0), result: 0.0})
now error: 0.0
Block processing time: 0.024589 seconds
Computing Block 27 out of 227
Processing Block size=17
begin cleaner{left: ("[FunctionalDependency:(s: {flight}, t: {sched_dep_time})]", 0.0), operator: *, right: (1.0, 1.0), result: 0.0}
列 'p' 不存在，对列 sched_dep_time 不过滤，直接选择所有非无效值。
clean_bool length:2
newest best op: Uniop(df,'sched_dep_time','10:45 AM',(['flight'], {('AA-1886-BOS-MIA',)}),{left: ("[FunctionalDependency:(s: {flight}, t: {sched_dep_time})]", 0.0), operator: *, right: (1.0, 1.0), result: 0.0})
now error: 0.0
Block processing time: 0.029756 seconds
Computing Block 30 out of 227
Processing Block size=21
begin cleaner{left: ("[FunctionalDependency:(s: {flight}, t: {sched_dep_time})]", 0.0), operator: *, right: (1.0, 1.0), result: 0.0}
列 'p' 不存在，对列 sched_dep_time 不过滤，直接选择所有非无效值。
clean_bool length:2
newest best op: Uniop(df,'sched_dep_time','09:05 AM',(['flight'], {('AA-616-DFW-DTW',)}),{left: ("[FunctionalDependency:(s: {flight}, t: {sched_dep_time})]", 0.0), operator: *, right: (1.0, 1.0), result: 0.0})
now error: 0.0
Block processing time: 0.036447 seconds
Computing Block 34 out of 227
Processing Block size=16
begin cleaner{left: ("[FunctionalDependency:(s: {flight}, t: {sched_dep_time})]", 0.0), operator: *, right: (1.0, 1.0), result: 0.0}
列 'p' 不存在，对列 sched_dep_time 不过滤，直接选择所有非无效值。
clean_bool length:2
newest best op: Uniop(df,'sched_dep_time','07:30 AM',(['flight'], {('AA-3979-CVG-ORD',)}),{left: ("[FunctionalDependency:(s: {flight}, t: {sched_dep_time})]", 0.0), operator: *, right: (1.0, 1.0), result: 0.0})
now error: 0.0
Block processing time: 0.028017 seconds
Computing Block 36 out of 227
Processing Block size=15
begin cleaner{left: ("[FunctionalDependency:(s: {flight}, t: {sched_dep_time})]", 0.0), operator: *, right: (1.0, 1.0), result: 0.0}
列 'p' 不存在，对列 sched_dep_time 不过滤，直接选择所有非无效值。
clean_bool length:2
newest best op: Uniop(df,'sched_dep_time','10:40 AM',(['flight'], {('AA-4198-ORD-CLE',)}),{left: ("[FunctionalDependency:(s: {flight}, t: {sched_dep_time})]", 0.0), operator: *, right: (1.0, 1.0), result: 0.0})
now error: 0.0
Block processing time: 0.026814 seconds
Computing Block 37 out of 227
Processing Block size=19
begin cleaner{left: ("[FunctionalDependency:(s: {flight}, t: {sched_dep_time})]", 0.0), operator: *, right: (1.0, 1.0), result: 0.0}
列 'p' 不存在，对列 sched_dep_time 不过滤，直接选择所有非无效值。
clean_bool length:2
newest best op: Uniop(df,'sched_dep_time','02:55 PM',(['flight'], {('UA-2314-ATL-PHL',)}),{left: ("[FunctionalDependency:(s: {flight}, t: {sched_dep_time})]", 0.0), operator: *, right: (1.0, 1.0), result: 0.0})
now error: 0.0
Block processing time: 0.032387 seconds
Computing Block 38 out of 227
Processing Block size=18
begin cleaner{left: ("[FunctionalDependency:(s: {flight}, t: {sched_dep_time})]", 0.0), operator: *, right: (1.0, 1.0), result: 0.0}
列 'p' 不存在，对列 sched_dep_time 不过滤，直接选择所有非无效值。
clean_bool length:2
newest best op: Uniop(df,'sched_dep_time','07:15 PM',(['flight'], {('CO-1694-LAX-IAH',)}),{left: ("[FunctionalDependency:(s: {flight}, t: {sched_dep_time})]", 0.0), operator: *, right: (1.0, 1.0), result: 0.0})
now error: 0.0
Block processing time: 0.030595 seconds
Computing Block 41 out of 227
Processing Block size=18
begin cleaner{left: ("[FunctionalDependency:(s: {flight}, t: {sched_dep_time})]", 0.0), operator: *, right: (1.0, 1.0), result: 0.0}
列 'p' 不存在，对列 sched_dep_time 不过滤，直接选择所有非无效值。
clean_bool length:2
newest best op: Uniop(df,'sched_dep_time','06:00 AM',(['flight'], {('UA-414-LAX-SFO',)}),{left: ("[FunctionalDependency:(s: {flight}, t: {sched_dep_time})]", 0.0), operator: *, right: (1.0, 1.0), result: 0.0})
now error: 0.0
Block processing time: 0.030566 seconds
Computing Block 42 out of 227
Processing Block size=23
begin cleaner{left: ("[FunctionalDependency:(s: {flight}, t: {sched_dep_time})]", 0.0), operator: *, right: (1.0, 1.0), result: 0.0}
列 'p' 不存在，对列 sched_dep_time 不过滤，直接选择所有非无效值。
clean_bool length:2
newest best op: Uniop(df,'sched_dep_time','06:45 PM',(['flight'], {('AA-4307-ORD-DTW',)}),{left: ("[FunctionalDependency:(s: {flight}, t: {sched_dep_time})]", 0.0), operator: *, right: (1.0, 1.0), result: 0.0})
now error: 0.0
Block processing time: 0.039194 seconds
Computing Block 43 out of 227
Processing Block size=24
begin cleaner{left: ("[FunctionalDependency:(s: {flight}, t: {sched_dep_time})]", 0.0), operator: *, right: (1.0, 1.0), result: 0.0}
列 'p' 不存在，对列 sched_dep_time 不过滤，直接选择所有非无效值。
clean_bool length:2
newest best op: Uniop(df,'sched_dep_time','07:10 AM',(['flight'], {('AA-59-JFK-SFO',)}),{left: ("[FunctionalDependency:(s: {flight}, t: {sched_dep_time})]", 0.0), operator: *, right: (1.0, 1.0), result: 0.0})
now error: 0.0
Block processing time: 0.040677 seconds
Computing Block 48 out of 227
Processing Block size=16
begin cleaner{left: ("[FunctionalDependency:(s: {flight}, t: {sched_dep_time})]", 0.0), operator: *, right: (1.0, 1.0), result: 0.0}
列 'p' 不存在，对列 sched_dep_time 不过滤，直接选择所有非无效值。
clean_bool length:2
newest best op: Uniop(df,'sched_dep_time','10:25 AM',(['flight'], {('CO-16-LAX-EWR',)}),{left: ("[FunctionalDependency:(s: {flight}, t: {sched_dep_time})]", 0.0), operator: *, right: (1.0, 1.0), result: 0.0})
now error: 0.0
Block processing time: 0.029178 seconds
Computing Block 50 out of 227
Processing Block size=21
begin cleaner{left: ("[FunctionalDependency:(s: {flight}, t: {sched_dep_time})]", 0.0), operator: *, right: (1.0, 1.0), result: 0.0}
列 'p' 不存在，对列 sched_dep_time 不过滤，直接选择所有非无效值。
clean_bool length:2
newest best op: Uniop(df,'sched_dep_time','12:10 PM',(['flight'], {('AA-4277-CVG-JFK',)}),{left: ("[FunctionalDependency:(s: {flight}, t: {sched_dep_time})]", 0.0), operator: *, right: (1.0, 1.0), result: 0.0})
now error: 0.0
Block processing time: 0.037453 seconds
Computing Block 51 out of 227
Processing Block size=17
begin cleaner{left: ("[FunctionalDependency:(s: {flight}, t: {sched_dep_time})]", 0.0), operator: *, right: (1.0, 1.0), result: 0.0}
列 'p' 不存在，对列 sched_dep_time 不过滤，直接选择所有非无效值。
clean_bool length:2
newest best op: Uniop(df,'sched_dep_time','07:25 AM',(['flight'], {('AA-2525-DFW-MIA',)}),{left: ("[FunctionalDependency:(s: {flight}, t: {sched_dep_time})]", 0.0), operator: *, right: (1.0, 1.0), result: 0.0})
now error: 0.0
Block processing time: 0.030395 seconds
Computing Block 54 out of 227
Processing Block size=17
begin cleaner{left: ("[FunctionalDependency:(s: {flight}, t: {sched_dep_time})]", 0.0), operator: *, right: (1.0, 1.0), result: 0.0}
列 'p' 不存在，对列 sched_dep_time 不过滤，直接选择所有非无效值。
clean_bool length:2
newest best op: Uniop(df,'sched_dep_time','04:55 PM',(['flight'], {('AA-1007-MIA-PHX',)}),{left: ("[FunctionalDependency:(s: {flight}, t: {sched_dep_time})]", 0.0), operator: *, right: (1.0, 1.0), result: 0.0})
now error: 0.0
Block processing time: 0.030709 seconds
Computing Block 60 out of 227
Processing Block size=18
begin cleaner{left: ("[FunctionalDependency:(s: {flight}, t: {sched_dep_time})]", 0.0), operator: *, right: (1.0, 1.0), result: 0.0}
列 'p' 不存在，对列 sched_dep_time 不过滤，直接选择所有非无效值。
clean_bool length:2
newest best op: Uniop(df,'sched_dep_time','02:30 PM',(['flight'], {('CO-62-IAH-EWR',)}),{left: ("[FunctionalDependency:(s: {flight}, t: {sched_dep_time})]", 0.0), operator: *, right: (1.0, 1.0), result: 0.0})
now error: 0.0
Block processing time: 0.031888 seconds
Computing Block 68 out of 227
Processing Block size=21
begin cleaner{left: ("[FunctionalDependency:(s: {flight}, t: {sched_dep_time})]", 0.0), operator: *, right: (1.0, 1.0), result: 0.0}
列 'p' 不存在，对列 sched_dep_time 不过滤，直接选择所有非无效值。
clean_bool length:2
newest best op: Uniop(df,'sched_dep_time','12:00 AM',(['flight'], {('UA-2945-PHL-CLT',)}),{left: ("[FunctionalDependency:(s: {flight}, t: {sched_dep_time})]", 0.0), operator: *, right: (1.0, 1.0), result: 0.0})
now error: 0.0
Block processing time: 0.035349 seconds
Computing Block 69 out of 227
Processing Block size=22
begin cleaner{left: ("[FunctionalDependency:(s: {flight}, t: {sched_dep_time})]", 0.0), operator: *, right: (1.0, 1.0), result: 0.0}
列 'p' 不存在，对列 sched_dep_time 不过滤，直接选择所有非无效值。
clean_bool length:2
newest best op: Uniop(df,'sched_dep_time','09:00 PM',(['flight'], {('AA-3823-LAX-DEN',)}),{left: ("[FunctionalDependency:(s: {flight}, t: {sched_dep_time})]", 0.0), operator: *, right: (1.0, 1.0), result: 0.0})
now error: 0.0
Block processing time: 0.03659 seconds
Computing Block 73 out of 227
Processing Block size=16
begin cleaner{left: ("[FunctionalDependency:(s: {flight}, t: {sched_dep_time})]", 0.0), operator: *, right: (1.0, 1.0), result: 0.0}
列 'p' 不存在，对列 sched_dep_time 不过滤，直接选择所有非无效值。
clean_bool length:2
newest best op: Uniop(df,'sched_dep_time','11:25 AM',(['flight'], {('AA-1544-SAN-ORD',)}),{left: ("[FunctionalDependency:(s: {flight}, t: {sched_dep_time})]", 0.0), operator: *, right: (1.0, 1.0), result: 0.0})
now error: 0.0
Block processing time: 0.026771 seconds
Computing Block 74 out of 227
Processing Block size=22
begin cleaner{left: ("[FunctionalDependency:(s: {flight}, t: {sched_dep_time})]", 0.0), operator: *, right: (1.0, 1.0), result: 0.0}
列 'p' 不存在，对列 sched_dep_time 不过滤，直接选择所有非无效值。
clean_bool length:2
newest best op: Uniop(df,'sched_dep_time','07:45 PM',(['flight'], {('AA-1733-ORD-PHX',)}),{left: ("[FunctionalDependency:(s: {flight}, t: {sched_dep_time})]", 0.0), operator: *, right: (1.0, 1.0), result: 0.0})
now error: 0.0
Block processing time: 0.036125 seconds
Computing Block 75 out of 227
Processing Block size=16
begin cleaner{left: ("[FunctionalDependency:(s: {flight}, t: {sched_dep_time})]", 0.0), operator: *, right: (1.0, 1.0), result: 0.0}
列 'p' 不存在，对列 sched_dep_time 不过滤，直接选择所有非无效值。
clean_bool length:2
newest best op: Uniop(df,'sched_dep_time','09:05 AM',(['flight'], {('UA-37-EDI-EWR',)}),{left: ("[FunctionalDependency:(s: {flight}, t: {sched_dep_time})]", 0.0), operator: *, right: (1.0, 1.0), result: 0.0})
now error: 0.0
Block processing time: 0.026556 seconds
Computing Block 76 out of 227
Processing Block size=19
begin cleaner{left: ("[FunctionalDependency:(s: {flight}, t: {sched_dep_time})]", 0.0), operator: *, right: (1.0, 1.0), result: 0.0}
列 'p' 不存在，对列 sched_dep_time 不过滤，直接选择所有非无效值。
clean_bool length:2
newest best op: Uniop(df,'sched_dep_time','11:55 AM',(['flight'], {('UA-3099-PHX-PHL',)}),{left: ("[FunctionalDependency:(s: {flight}, t: {sched_dep_time})]", 0.0), operator: *, right: (1.0, 1.0), result: 0.0})
now error: 0.0
Block processing time: 0.032271 seconds
Computing Block 77 out of 227
Processing Block size=21
begin cleaner{left: ("[FunctionalDependency:(s: {flight}, t: {sched_dep_time})]", 0.0), operator: *, right: (1.0, 1.0), result: 0.0}
列 'p' 不存在，对列 sched_dep_time 不过滤，直接选择所有非无效值。
clean_bool length:2
newest best op: Uniop(df,'sched_dep_time','12:15 PM',(['flight'], {('AA-3756-ORD-SLC',)}),{left: ("[FunctionalDependency:(s: {flight}, t: {sched_dep_time})]", 0.0), operator: *, right: (1.0, 1.0), result: 0.0})
now error: 0.0
Block processing time: 0.037631 seconds
Computing Block 78 out of 227
Processing Block size=15
begin cleaner{left: ("[FunctionalDependency:(s: {flight}, t: {sched_dep_time})]", 0.0), operator: *, right: (1.0, 1.0), result: 0.0}
列 'p' 不存在，对列 sched_dep_time 不过滤，直接选择所有非无效值。
clean_bool length:2
newest best op: Uniop(df,'sched_dep_time','01:55 PM',(['flight'], {('UA-843-LAX-ORD',)}),{left: ("[FunctionalDependency:(s: {flight}, t: {sched_dep_time})]", 0.0), operator: *, right: (1.0, 1.0), result: 0.0})
now error: 0.0
Block processing time: 0.025211 seconds
Computing Block 80 out of 227
Processing Block size=18
begin cleaner{left: ("[FunctionalDependency:(s: {flight}, t: {sched_dep_time})]", 0.0), operator: *, right: (1.0, 1.0), result: 0.0}
列 'p' 不存在，对列 sched_dep_time 不过滤，直接选择所有非无效值。
clean_bool length:2
newest best op: Uniop(df,'sched_dep_time','08:20 PM',(['flight'], {('AA-3063-SLC-LAX',)}),{left: ("[FunctionalDependency:(s: {flight}, t: {sched_dep_time})]", 0.0), operator: *, right: (1.0, 1.0), result: 0.0})
now error: 0.0
Block processing time: 0.029093 seconds
Computing Block 82 out of 227
Processing Block size=14
begin cleaner{left: ("[FunctionalDependency:(s: {flight}, t: {sched_dep_time})]", 0.0), operator: *, right: (1.0, 1.0), result: 0.0}
列 'p' 不存在，对列 sched_dep_time 不过滤，直接选择所有非无效值。
clean_bool length:2
newest best op: Uniop(df,'sched_dep_time','10:39 AM',(['flight'], {('UA-5487-SFO-MRY',)}),{left: ("[FunctionalDependency:(s: {flight}, t: {sched_dep_time})]", 0.0), operator: *, right: (1.0, 1.0), result: 0.0})
now error: 0.0
Block processing time: 0.022518 seconds
Computing Block 83 out of 227
Processing Block size=19
begin cleaner{left: ("[FunctionalDependency:(s: {flight}, t: {sched_dep_time})]", 0.0), operator: *, right: (1.0, 1.0), result: 0.0}
列 'p' 不存在，对列 sched_dep_time 不过滤，直接选择所有非无效值。
clean_bool length:2
newest best op: Uniop(df,'sched_dep_time','07:53 AM',(['flight'], {('UA-854-SFO-IAH',)}),{left: ("[FunctionalDependency:(s: {flight}, t: {sched_dep_time})]", 0.0), operator: *, right: (1.0, 1.0), result: 0.0})
now error: 0.0
Block processing time: 0.030112 seconds
Computing Block 85 out of 227
Processing Block size=19
begin cleaner{left: ("[FunctionalDependency:(s: {flight}, t: {sched_dep_time})]", 0.0), operator: *, right: (1.0, 1.0), result: 0.0}
列 'p' 不存在，对列 sched_dep_time 不过滤，直接选择所有非无效值。
clean_bool length:2
newest best op: Uniop(df,'sched_dep_time','07:35 AM',(['flight'], {('CO-52-IAH-LAX',)}),{left: ("[FunctionalDependency:(s: {flight}, t: {sched_dep_time})]", 0.0), operator: *, right: (1.0, 1.0), result: 0.0})
now error: 0.0
Block processing time: 0.030266 seconds
Computing Block 87 out of 227
Processing Block size=15
begin cleaner{left: ("[FunctionalDependency:(s: {flight}, t: {sched_dep_time})]", 0.0), operator: *, right: (1.0, 1.0), result: 0.0}
列 'p' 不存在，对列 sched_dep_time 不过滤，直接选择所有非无效值。
clean_bool length:2
newest best op: Uniop(df,'sched_dep_time','02:55 PM',(['flight'], {('UA-2708-EWR-CLT',)}),{left: ("[FunctionalDependency:(s: {flight}, t: {sched_dep_time})]", 0.0), operator: *, right: (1.0, 1.0), result: 0.0})
now error: 0.0
Block processing time: 0.024194 seconds
Computing Block 90 out of 227
Processing Block size=25
begin cleaner{left: ("[FunctionalDependency:(s: {flight}, t: {sched_dep_time})]", 0.0), operator: *, right: (1.0, 1.0), result: 0.0}
列 'p' 不存在，对列 sched_dep_time 不过滤，直接选择所有非无效值。
clean_bool length:3
newest best op: Uniop(df,'sched_dep_time','08:35 AM',(['flight'], {('AA-431-MIA-SFO',)}),{left: ("[FunctionalDependency:(s: {flight}, t: {sched_dep_time})]", 0.0), operator: *, right: (1.0, 1.0), result: 0.0})
now error: 0.0
Block processing time: 0.060304 seconds
Computing Block 91 out of 227
Processing Block size=24
begin cleaner{left: ("[FunctionalDependency:(s: {flight}, t: {sched_dep_time})]", 0.0), operator: *, right: (1.0, 1.0), result: 0.0}
列 'p' 不存在，对列 sched_dep_time 不过滤，直接选择所有非无效值。
clean_bool length:2
newest best op: Uniop(df,'sched_dep_time','06:00 AM',(['flight'], {('AA-466-IAH-MIA',)}),{left: ("[FunctionalDependency:(s: {flight}, t: {sched_dep_time})]", 0.0), operator: *, right: (1.0, 1.0), result: 0.0})
now error: 0.0
Block processing time: 0.03739 seconds
Computing Block 96 out of 227
Processing Block size=22
begin cleaner{left: ("[FunctionalDependency:(s: {flight}, t: {sched_dep_time})]", 0.0), operator: *, right: (1.0, 1.0), result: 0.0}
列 'p' 不存在，对列 sched_dep_time 不过滤，直接选择所有非无效值。
clean_bool length:2
newest best op: Uniop(df,'sched_dep_time','08:41 AM',(['flight'], {('UA-3925-IAD-ORF',)}),{left: ("[FunctionalDependency:(s: {flight}, t: {sched_dep_time})]", 0.0), operator: *, right: (1.0, 1.0), result: 0.0})
now error: 0.0
Block processing time: 0.034359 seconds
Computing Block 98 out of 227
Processing Block size=15
begin cleaner{left: ("[FunctionalDependency:(s: {flight}, t: {sched_dep_time})]", 0.0), operator: *, right: (1.0, 1.0), result: 0.0}
列 'p' 不存在，对列 sched_dep_time 不过滤，直接选择所有非无效值。
clean_bool length:2
newest best op: Uniop(df,'sched_dep_time','06:00 AM',(['flight'], {('CO-89-IAH-EWR',)}),{left: ("[FunctionalDependency:(s: {flight}, t: {sched_dep_time})]", 0.0), operator: *, right: (1.0, 1.0), result: 0.0})
now error: 0.0
Block processing time: 0.023539 seconds
Computing Block 100 out of 227
Processing Block size=18
begin cleaner{left: ("[FunctionalDependency:(s: {flight}, t: {sched_dep_time})]", 0.0), operator: *, right: (1.0, 1.0), result: 0.0}
列 'p' 不存在，对列 sched_dep_time 不过滤，直接选择所有非无效值。
clean_bool length:2
newest best op: Uniop(df,'sched_dep_time','04:16 PM',(['flight'], {('UA-938-DEN-ORD',)}),{left: ("[FunctionalDependency:(s: {flight}, t: {sched_dep_time})]", 0.0), operator: *, right: (1.0, 1.0), result: 0.0})
now error: 0.0
Block processing time: 0.028126 seconds
Computing Block 101 out of 227
Processing Block size=20
begin cleaner{left: ("[FunctionalDependency:(s: {flight}, t: {sched_dep_time})]", 0.0), operator: *, right: (1.0, 1.0), result: 0.0}
列 'p' 不存在，对列 sched_dep_time 不过滤，直接选择所有非无效值。
clean_bool length:2
newest best op: Uniop(df,'sched_dep_time','03:05 PM',(['flight'], {('AA-85-JFK-SFO',)}),{left: ("[FunctionalDependency:(s: {flight}, t: {sched_dep_time})]", 0.0), operator: *, right: (1.0, 1.0), result: 0.0})
now error: 0.0
Block processing time: 0.031053 seconds
Computing Block 102 out of 227
Processing Block size=21
begin cleaner{left: ("[FunctionalDependency:(s: {flight}, t: {sched_dep_time})]", 0.0), operator: *, right: (1.0, 1.0), result: 0.0}
列 'p' 不存在，对列 sched_dep_time 不过滤，直接选择所有非无效值。
clean_bool length:2
newest best op: Uniop(df,'sched_dep_time','07:10 AM',(['flight'], {('AA-643-MIA-ORD',)}),{left: ("[FunctionalDependency:(s: {flight}, t: {sched_dep_time})]", 0.0), operator: *, right: (1.0, 1.0), result: 0.0})
now error: 0.0
Block processing time: 0.032377 seconds
Computing Block 105 out of 227
Processing Block size=18
begin cleaner{left: ("[FunctionalDependency:(s: {flight}, t: {sched_dep_time})]", 0.0), operator: *, right: (1.0, 1.0), result: 0.0}
列 'p' 不存在，对列 sched_dep_time 不过滤，直接选择所有非无效值。
clean_bool length:2
newest best op: Uniop(df,'sched_dep_time','06:00 AM',(['flight'], {('AA-3842-MSP-ORD',)}),{left: ("[FunctionalDependency:(s: {flight}, t: {sched_dep_time})]", 0.0), operator: *, right: (1.0, 1.0), result: 0.0})
now error: 0.0
Block processing time: 0.027948 seconds
Computing Block 106 out of 227
Processing Block size=14
begin cleaner{left: ("[FunctionalDependency:(s: {flight}, t: {sched_dep_time})]", 0.0), operator: *, right: (1.0, 1.0), result: 0.0}
列 'p' 不存在，对列 sched_dep_time 不过滤，直接选择所有非无效值。
clean_bool length:2
newest best op: Uniop(df,'sched_dep_time','01:45 PM',(['flight'], {('UA-858-PVG-SFO',)}),{left: ("[FunctionalDependency:(s: {flight}, t: {sched_dep_time})]", 0.0), operator: *, right: (1.0, 1.0), result: 0.0})
now error: 0.0
Block processing time: 0.021963 seconds
Computing Block 108 out of 227
Processing Block size=23
begin cleaner{left: ("[FunctionalDependency:(s: {flight}, t: {sched_dep_time})]", 0.0), operator: *, right: (1.0, 1.0), result: 0.0}
列 'p' 不存在，对列 sched_dep_time 不过滤，直接选择所有非无效值。
clean_bool length:2
newest best op: Uniop(df,'sched_dep_time','04:00 PM',(['flight'], {('AA-3786-IAH-ORD',)}),{left: ("[FunctionalDependency:(s: {flight}, t: {sched_dep_time})]", 0.0), operator: *, right: (1.0, 1.0), result: 0.0})
now error: 0.0
Block processing time: 0.034315 seconds
Computing Block 109 out of 227
Processing Block size=23
begin cleaner{left: ("[FunctionalDependency:(s: {flight}, t: {sched_dep_time})]", 0.0), operator: *, right: (1.0, 1.0), result: 0.0}
列 'p' 不存在，对列 sched_dep_time 不过滤，直接选择所有非无效值。
clean_bool length:2
newest best op: Uniop(df,'sched_dep_time','04:15 PM',(['flight'], {('AA-484-DFW-MIA',)}),{left: ("[FunctionalDependency:(s: {flight}, t: {sched_dep_time})]", 0.0), operator: *, right: (1.0, 1.0), result: 0.0})
now error: 0.0
Block processing time: 0.034028 seconds
Computing Block 111 out of 227
Processing Block size=19
begin cleaner{left: ("[FunctionalDependency:(s: {flight}, t: {sched_dep_time})]", 0.0), operator: *, right: (1.0, 1.0), result: 0.0}
列 'p' 不存在，对列 sched_dep_time 不过滤，直接选择所有非无效值。
clean_bool length:2
newest best op: Uniop(df,'sched_dep_time','04:00 PM',(['flight'], {('UA-2726-FLL-PHL',)}),{left: ("[FunctionalDependency:(s: {flight}, t: {sched_dep_time})]", 0.0), operator: *, right: (1.0, 1.0), result: 0.0})
now error: 0.0
Block processing time: 0.028257 seconds
Computing Block 112 out of 227
Processing Block size=13
begin cleaner{left: ("[FunctionalDependency:(s: {flight}, t: {sched_dep_time})]", 0.0), operator: *, right: (1.0, 1.0), result: 0.0}
列 'p' 不存在，对列 sched_dep_time 不过滤，直接选择所有非无效值。
clean_bool length:2
newest best op: Uniop(df,'sched_dep_time','12:30 AM',(['flight'], {('CO-1614-LAX-IAH',)}),{left: ("[FunctionalDependency:(s: {flight}, t: {sched_dep_time})]", 0.0), operator: *, right: (1.0, 1.0), result: 0.0})
now error: 0.0
Block processing time: 0.019429 seconds
Computing Block 114 out of 227
Processing Block size=21
begin cleaner{left: ("[FunctionalDependency:(s: {flight}, t: {sched_dep_time})]", 0.0), operator: *, right: (1.0, 1.0), result: 0.0}
列 'p' 不存在，对列 sched_dep_time 不过滤，直接选择所有非无效值。
clean_bool length:2
newest best op: Uniop(df,'sched_dep_time','09:15 AM',(['flight'], {('CO-1193-EWR-MCO',)}),{left: ("[FunctionalDependency:(s: {flight}, t: {sched_dep_time})]", 0.0), operator: *, right: (1.0, 1.0), result: 0.0})
now error: 0.0
Block processing time: 0.031041 seconds
Computing Block 116 out of 227
Processing Block size=14
begin cleaner{left: ("[FunctionalDependency:(s: {flight}, t: {sched_dep_time})]", 0.0), operator: *, right: (1.0, 1.0), result: 0.0}
列 'p' 不存在，对列 sched_dep_time 不过滤，直接选择所有非无效值。
Block processing time: 0.010513 seconds
Computing Block 121 out of 227
Processing Block size=21
begin cleaner{left: ("[FunctionalDependency:(s: {flight}, t: {sched_dep_time})]", 0.0), operator: *, right: (1.0, 1.0), result: 0.0}
列 'p' 不存在，对列 sched_dep_time 不过滤，直接选择所有非无效值。
clean_bool length:2
newest best op: Uniop(df,'sched_dep_time','08:25 PM',(['flight'], {('AA-2312-DFW-DTW',)}),{left: ("[FunctionalDependency:(s: {flight}, t: {sched_dep_time})]", 0.0), operator: *, right: (1.0, 1.0), result: 0.0})
now error: 0.0
Block processing time: 0.030922 seconds
Computing Block 124 out of 227
Processing Block size=15
begin cleaner{left: ("[FunctionalDependency:(s: {flight}, t: {sched_dep_time})]", 0.0), operator: *, right: (1.0, 1.0), result: 0.0}
列 'p' 不存在，对列 sched_dep_time 不过滤，直接选择所有非无效值。
clean_bool length:2
newest best op: Uniop(df,'sched_dep_time','05:25 PM',(['flight'], {('CO-63-EWR-IAH',)}),{left: ("[FunctionalDependency:(s: {flight}, t: {sched_dep_time})]", 0.0), operator: *, right: (1.0, 1.0), result: 0.0})
now error: 0.0
Block processing time: 0.022172 seconds
Computing Block 128 out of 227
Processing Block size=18
begin cleaner{left: ("[FunctionalDependency:(s: {flight}, t: {sched_dep_time})]", 0.0), operator: *, right: (1.0, 1.0), result: 0.0}
列 'p' 不存在，对列 sched_dep_time 不过滤，直接选择所有非无效值。
clean_bool length:2
newest best op: Uniop(df,'sched_dep_time','08:00 AM',(['flight'], {('UA-397-JFK-SFO',)}),{left: ("[FunctionalDependency:(s: {flight}, t: {sched_dep_time})]", 0.0), operator: *, right: (1.0, 1.0), result: 0.0})
now error: 0.0
Block processing time: 0.026585 seconds
Computing Block 129 out of 227
Processing Block size=19
begin cleaner{left: ("[FunctionalDependency:(s: {flight}, t: {sched_dep_time})]", 0.0), operator: *, right: (1.0, 1.0), result: 0.0}
列 'p' 不存在，对列 sched_dep_time 不过滤，直接选择所有非无效值。
clean_bool length:2
newest best op: Uniop(df,'sched_dep_time','02:55 PM',(['flight'], {('CO-50-CLE-EWR',)}),{left: ("[FunctionalDependency:(s: {flight}, t: {sched_dep_time})]", 0.0), operator: *, right: (1.0, 1.0), result: 0.0})
now error: 0.0
Block processing time: 0.028051 seconds
Computing Block 130 out of 227
Processing Block size=15
begin cleaner{left: ("[FunctionalDependency:(s: {flight}, t: {sched_dep_time})]", 0.0), operator: *, right: (1.0, 1.0), result: 0.0}
列 'p' 不存在，对列 sched_dep_time 不过滤，直接选择所有非无效值。
clean_bool length:2
newest best op: Uniop(df,'sched_dep_time','08:05 AM',(['flight'], {('CO-1561-PHX-IAH',)}),{left: ("[FunctionalDependency:(s: {flight}, t: {sched_dep_time})]", 0.0), operator: *, right: (1.0, 1.0), result: 0.0})
now error: 0.0
Block processing time: 0.022521 seconds
Computing Block 132 out of 227
Processing Block size=22
begin cleaner{left: ("[FunctionalDependency:(s: {flight}, t: {sched_dep_time})]", 0.0), operator: *, right: (1.0, 1.0), result: 0.0}
列 'p' 不存在，对列 sched_dep_time 不过滤，直接选择所有非无效值。
clean_bool length:2
newest best op: Uniop(df,'sched_dep_time','02:30 PM',(['flight'], {('UA-257-JFK-SFO',)}),{left: ("[FunctionalDependency:(s: {flight}, t: {sched_dep_time})]", 0.0), operator: *, right: (1.0, 1.0), result: 0.0})
now error: 0.0
Block processing time: 0.032368 seconds
Computing Block 133 out of 227
Processing Block size=19
begin cleaner{left: ("[FunctionalDependency:(s: {flight}, t: {sched_dep_time})]", 0.0), operator: *, right: (1.0, 1.0), result: 0.0}
列 'p' 不存在，对列 sched_dep_time 不过滤，直接选择所有非无效值。
clean_bool length:2
newest best op: Uniop(df,'sched_dep_time','08:35 AM',(['flight'], {('AA-415-BOS-ORD',)}),{left: ("[FunctionalDependency:(s: {flight}, t: {sched_dep_time})]", 0.0), operator: *, right: (1.0, 1.0), result: 0.0})
now error: 0.0
Block processing time: 0.028098 seconds
Computing Block 136 out of 227
Processing Block size=20
begin cleaner{left: ("[FunctionalDependency:(s: {flight}, t: {sched_dep_time})]", 0.0), operator: *, right: (1.0, 1.0), result: 0.0}
列 'p' 不存在，对列 sched_dep_time 不过滤，直接选择所有非无效值。
clean_bool length:2
newest best op: Uniop(df,'sched_dep_time','07:05 AM',(['flight'], {('UA-2515-DFW-CLT',)}),{left: ("[FunctionalDependency:(s: {flight}, t: {sched_dep_time})]", 0.0), operator: *, right: (1.0, 1.0), result: 0.0})
now error: 0.0
Block processing time: 0.030057 seconds
Computing Block 139 out of 227
Processing Block size=18
begin cleaner{left: ("[FunctionalDependency:(s: {flight}, t: {sched_dep_time})]", 0.0), operator: *, right: (1.0, 1.0), result: 0.0}
列 'p' 不存在，对列 sched_dep_time 不过滤，直接选择所有非无效值。
clean_bool length:2
newest best op: Uniop(df,'sched_dep_time','11:45 AM',(['flight'], {('AA-4344-ORD-DTW',)}),{left: ("[FunctionalDependency:(s: {flight}, t: {sched_dep_time})]", 0.0), operator: *, right: (1.0, 1.0), result: 0.0})
now error: 0.0
Block processing time: 0.02672 seconds
Computing Block 143 out of 227
Processing Block size=21
begin cleaner{left: ("[FunctionalDependency:(s: {flight}, t: {sched_dep_time})]", 0.0), operator: *, right: (1.0, 1.0), result: 0.0}
列 'p' 不存在，对列 sched_dep_time 不过滤，直接选择所有非无效值。
clean_bool length:2
newest best op: Uniop(df,'sched_dep_time','01:30 PM',(['flight'], {('AA-649-ORD-SNA',)}),{left: ("[FunctionalDependency:(s: {flight}, t: {sched_dep_time})]", 0.0), operator: *, right: (1.0, 1.0), result: 0.0})
now error: 0.0
Block processing time: 0.030787 seconds
Computing Block 149 out of 227
Processing Block size=18
begin cleaner{left: ("[FunctionalDependency:(s: {flight}, t: {sched_dep_time})]", 0.0), operator: *, right: (1.0, 1.0), result: 0.0}
列 'p' 不存在，对列 sched_dep_time 不过滤，直接选择所有非无效值。
clean_bool length:2
newest best op: Uniop(df,'sched_dep_time','03:27 PM',(['flight'], {('UA-2830-MCO-CLT',)}),{left: ("[FunctionalDependency:(s: {flight}, t: {sched_dep_time})]", 0.0), operator: *, right: (1.0, 1.0), result: 0.0})
now error: 0.0
Block processing time: 0.026634 seconds
Computing Block 150 out of 227
Processing Block size=19
begin cleaner{left: ("[FunctionalDependency:(s: {flight}, t: {sched_dep_time})]", 0.0), operator: *, right: (1.0, 1.0), result: 0.0}
列 'p' 不存在，对列 sched_dep_time 不过滤，直接选择所有非无效值。
clean_bool length:2
newest best op: Uniop(df,'sched_dep_time','08:29 AM',(['flight'], {('UA-3373-IAD-PHL',)}),{left: ("[FunctionalDependency:(s: {flight}, t: {sched_dep_time})]", 0.0), operator: *, right: (1.0, 1.0), result: 0.0})
now error: 0.0
Block processing time: 0.027977 seconds
Computing Block 151 out of 227
Processing Block size=23
begin cleaner{left: ("[FunctionalDependency:(s: {flight}, t: {sched_dep_time})]", 0.0), operator: *, right: (1.0, 1.0), result: 0.0}
列 'p' 不存在，对列 sched_dep_time 不过滤，直接选择所有非无效值。
clean_bool length:2
newest best op: Uniop(df,'sched_dep_time','08:00 PM',(['flight'], {('AA-1221-MCO-ORD',)}),{left: ("[FunctionalDependency:(s: {flight}, t: {sched_dep_time})]", 0.0), operator: *, right: (1.0, 1.0), result: 0.0})
now error: 0.0
Block processing time: 0.033777 seconds
Computing Block 152 out of 227
Processing Block size=12
begin cleaner{left: ("[FunctionalDependency:(s: {flight}, t: {sched_dep_time})]", 0.0), operator: *, right: (1.0, 1.0), result: 0.0}
列 'p' 不存在，对列 sched_dep_time 不过滤，直接选择所有非无效值。
clean_bool length:2
newest best op: Uniop(df,'sched_dep_time','08:15 AM',(['flight'], {('UA-3515-IAD-MSP',)}),{left: ("[FunctionalDependency:(s: {flight}, t: {sched_dep_time})]", 0.0), operator: *, right: (1.0, 1.0), result: 0.0})
now error: 0.0
Block processing time: 0.018253 seconds
Computing Block 158 out of 227
Processing Block size=15
begin cleaner{left: ("[FunctionalDependency:(s: {flight}, t: {sched_dep_time})]", 0.0), operator: *, right: (1.0, 1.0), result: 0.0}
列 'p' 不存在，对列 sched_dep_time 不过滤，直接选择所有非无效值。
clean_bool length:2
newest best op: Uniop(df,'sched_dep_time','11:40 AM',(['flight'], {('CO-1023-IAH-DEN',)}),{left: ("[FunctionalDependency:(s: {flight}, t: {sched_dep_time})]", 0.0), operator: *, right: (1.0, 1.0), result: 0.0})
now error: 0.0
Block processing time: 0.02258 seconds
Computing Block 159 out of 227
Processing Block size=25
begin cleaner{left: ("[FunctionalDependency:(s: {flight}, t: {sched_dep_time})]", 0.0), operator: *, right: (1.0, 1.0), result: 0.0}
列 'p' 不存在，对列 sched_dep_time 不过滤，直接选择所有非无效值。
clean_bool length:2
newest best op: Uniop(df,'sched_dep_time','01:05 PM',(['flight'], {('AA-789-ORD-DEN',)}),{left: ("[FunctionalDependency:(s: {flight}, t: {sched_dep_time})]", 0.0), operator: *, right: (1.0, 1.0), result: 0.0})
now error: 0.0
Block processing time: 0.037302 seconds
Computing Block 160 out of 227
Processing Block size=21
begin cleaner{left: ("[FunctionalDependency:(s: {flight}, t: {sched_dep_time})]", 0.0), operator: *, right: (1.0, 1.0), result: 0.0}
列 'p' 不存在，对列 sched_dep_time 不过滤，直接选择所有非无效值。
clean_bool length:2
newest best op: Uniop(df,'sched_dep_time','01:00 PM',(['flight'], {('AA-1279-DFW-PHX',)}),{left: ("[FunctionalDependency:(s: {flight}, t: {sched_dep_time})]", 0.0), operator: *, right: (1.0, 1.0), result: 0.0})
now error: 0.0
Block processing time: 0.03181 seconds
Computing Block 163 out of 227
Processing Block size=21
begin cleaner{left: ("[FunctionalDependency:(s: {flight}, t: {sched_dep_time})]", 0.0), operator: *, right: (1.0, 1.0), result: 0.0}
列 'p' 不存在，对列 sched_dep_time 不过滤，直接选择所有非无效值。
clean_bool length:3
newest best op: Uniop(df,'sched_dep_time','12:15 AM',(['flight'], {('AA-1664-MIA-ATL',)}),{left: ("[FunctionalDependency:(s: {flight}, t: {sched_dep_time})]", 0.0), operator: *, right: (1.0, 1.0), result: 0.0})
now error: 0.0
newest best op: Uniop(df,'sched_dep_time','10:15 AM',(['flight'], {('AA-1664-MIA-ATL',)}),{left: ("[FunctionalDependency:(s: {flight}, t: {sched_dep_time})]", 0.0), operator: *, right: (1.0, 1.0), result: 0.0})
now error: 0.0
Block processing time: 0.048076 seconds
Computing Block 165 out of 227
Processing Block size=22
begin cleaner{left: ("[FunctionalDependency:(s: {flight}, t: {sched_dep_time})]", 0.0), operator: *, right: (1.0, 1.0), result: 0.0}
列 'p' 不存在，对列 sched_dep_time 不过滤，直接选择所有非无效值。
clean_bool length:2
newest best op: Uniop(df,'sched_dep_time','02:55 PM',(['flight'], {('AA-1917-JFK-MCO',)}),{left: ("[FunctionalDependency:(s: {flight}, t: {sched_dep_time})]", 0.0), operator: *, right: (1.0, 1.0), result: 0.0})
now error: 0.0
Block processing time: 0.033015 seconds
Computing Block 168 out of 227
Processing Block size=19
begin cleaner{left: ("[FunctionalDependency:(s: {flight}, t: {sched_dep_time})]", 0.0), operator: *, right: (1.0, 1.0), result: 0.0}
列 'p' 不存在，对列 sched_dep_time 不过滤，直接选择所有非无效值。
clean_bool length:2
newest best op: Uniop(df,'sched_dep_time','07:15 AM',(['flight'], {('AA-1434-DFW-MCO',)}),{left: ("[FunctionalDependency:(s: {flight}, t: {sched_dep_time})]", 0.0), operator: *, right: (1.0, 1.0), result: 0.0})
now error: 0.0
Block processing time: 0.028432 seconds
Computing Block 170 out of 227
Processing Block size=19
begin cleaner{left: ("[FunctionalDependency:(s: {flight}, t: {sched_dep_time})]", 0.0), operator: *, right: (1.0, 1.0), result: 0.0}
列 'p' 不存在，对列 sched_dep_time 不过滤，直接选择所有非无效值。
clean_bool length:2
newest best op: Uniop(df,'sched_dep_time','12:30 PM',(['flight'], {('UA-382-IAD-LAX',)}),{left: ("[FunctionalDependency:(s: {flight}, t: {sched_dep_time})]", 0.0), operator: *, right: (1.0, 1.0), result: 0.0})
now error: 0.0
Block processing time: 0.028725 seconds
Computing Block 172 out of 227
Processing Block size=21
begin cleaner{left: ("[FunctionalDependency:(s: {flight}, t: {sched_dep_time})]", 0.0), operator: *, right: (1.0, 1.0), result: 0.0}
列 'p' 不存在，对列 sched_dep_time 不过滤，直接选择所有非无效值。
clean_bool length:3
newest best op: Uniop(df,'sched_dep_time','11:05 AM',(['flight'], {('UA-3050-PHX-CLT',)}),{left: ("[FunctionalDependency:(s: {flight}, t: {sched_dep_time})]", 0.0), operator: *, right: (1.0, 1.0), result: 0.0})
now error: 0.0
Block processing time: 0.047758 seconds
Computing Block 173 out of 227
Processing Block size=21
begin cleaner{left: ("[FunctionalDependency:(s: {flight}, t: {sched_dep_time})]", 0.0), operator: *, right: (1.0, 1.0), result: 0.0}
列 'p' 不存在，对列 sched_dep_time 不过滤，直接选择所有非无效值。
clean_bool length:3
newest best op: Uniop(df,'sched_dep_time','04:39 PM',(['flight'], {('AA-2957-DFW-CVG',)}),{left: ("[FunctionalDependency:(s: {flight}, t: {sched_dep_time})]", 0.0), operator: *, right: (1.0, 1.0), result: 0.0})
now error: 0.0
newest best op: Uniop(df,'sched_dep_time','07:55 AM',(['flight'], {('AA-2957-DFW-CVG',)}),{left: ("[FunctionalDependency:(s: {flight}, t: {sched_dep_time})]", 0.0), operator: *, right: (1.0, 1.0), result: 0.0})
now error: 0.0
Block processing time: 0.046529 seconds
Computing Block 175 out of 227
Processing Block size=20
begin cleaner{left: ("[FunctionalDependency:(s: {flight}, t: {sched_dep_time})]", 0.0), operator: *, right: (1.0, 1.0), result: 0.0}
列 'p' 不存在，对列 sched_dep_time 不过滤，直接选择所有非无效值。
clean_bool length:2
newest best op: Uniop(df,'sched_dep_time','06:59 AM',(['flight'], {('AA-1165-JFK-MIA',)}),{left: ("[FunctionalDependency:(s: {flight}, t: {sched_dep_time})]", 0.0), operator: *, right: (1.0, 1.0), result: 0.0})
now error: 0.0
Block processing time: 0.028813 seconds
Computing Block 181 out of 227
Processing Block size=15
begin cleaner{left: ("[FunctionalDependency:(s: {flight}, t: {sched_dep_time})]", 0.0), operator: *, right: (1.0, 1.0), result: 0.0}
列 'p' 不存在，对列 sched_dep_time 不过滤，直接选择所有非无效值。
clean_bool length:2
newest best op: Uniop(df,'sched_dep_time','08:40 AM',(['flight'], {('CO-1088-CLE-IAH',)}),{left: ("[FunctionalDependency:(s: {flight}, t: {sched_dep_time})]", 0.0), operator: *, right: (1.0, 1.0), result: 0.0})
now error: 0.0
Block processing time: 0.021588 seconds
Computing Block 182 out of 227
Processing Block size=19
begin cleaner{left: ("[FunctionalDependency:(s: {flight}, t: {sched_dep_time})]", 0.0), operator: *, right: (1.0, 1.0), result: 0.0}
列 'p' 不存在，对列 sched_dep_time 不过滤，直接选择所有非无效值。
clean_bool length:2
newest best op: Uniop(df,'sched_dep_time','12:00 PM',(['flight'], {('AA-3-JFK-LAX',)}),{left: ("[FunctionalDependency:(s: {flight}, t: {sched_dep_time})]", 0.0), operator: *, right: (1.0, 1.0), result: 0.0})
now error: 0.0
Block processing time: 0.027261 seconds
Computing Block 183 out of 227
Processing Block size=19
begin cleaner{left: ("[FunctionalDependency:(s: {flight}, t: {sched_dep_time})]", 0.0), operator: *, right: (1.0, 1.0), result: 0.0}
列 'p' 不存在，对列 sched_dep_time 不过滤，直接选择所有非无效值。
clean_bool length:2
newest best op: Uniop(df,'sched_dep_time','06:40 AM',(['flight'], {('AA-518-MIA-JFK',)}),{left: ("[FunctionalDependency:(s: {flight}, t: {sched_dep_time})]", 0.0), operator: *, right: (1.0, 1.0), result: 0.0})
now error: 0.0
Block processing time: 0.027233 seconds
Computing Block 184 out of 227
Processing Block size=17
begin cleaner{left: ("[FunctionalDependency:(s: {flight}, t: {sched_dep_time})]", 0.0), operator: *, right: (1.0, 1.0), result: 0.0}
列 'p' 不存在，对列 sched_dep_time 不过滤，直接选择所有非无效值。
clean_bool length:2
newest best op: Uniop(df,'sched_dep_time','09:45 AM',(['flight'], {('CO-1090-BOS-IAH',)}),{left: ("[FunctionalDependency:(s: {flight}, t: {sched_dep_time})]", 0.0), operator: *, right: (1.0, 1.0), result: 0.0})
now error: 0.0
Block processing time: 0.02437 seconds
Computing Block 185 out of 227
Processing Block size=18
begin cleaner{left: ("[FunctionalDependency:(s: {flight}, t: {sched_dep_time})]", 0.0), operator: *, right: (1.0, 1.0), result: 0.0}
列 'p' 不存在，对列 sched_dep_time 不过滤，直接选择所有非无效值。
clean_bool length:2
newest best op: Uniop(df,'sched_dep_time','02:53 PM',(['flight'], {('CO-1250-MIA-IAH',)}),{left: ("[FunctionalDependency:(s: {flight}, t: {sched_dep_time})]", 0.0), operator: *, right: (1.0, 1.0), result: 0.0})
now error: 0.0
Block processing time: 0.025877 seconds
Computing Block 192 out of 227
Processing Block size=17
begin cleaner{left: ("[FunctionalDependency:(s: {flight}, t: {sched_dep_time})]", 0.0), operator: *, right: (1.0, 1.0), result: 0.0}
列 'p' 不存在，对列 sched_dep_time 不过滤，直接选择所有非无效值。
clean_bool length:2
newest best op: Uniop(df,'sched_dep_time','12:57 PM',(['flight'], {('UA-248-PHX-ORD',)}),{left: ("[FunctionalDependency:(s: {flight}, t: {sched_dep_time})]", 0.0), operator: *, right: (1.0, 1.0), result: 0.0})
now error: 0.0
Block processing time: 0.024266 seconds
Computing Block 195 out of 227
Processing Block size=22
begin cleaner{left: ("[FunctionalDependency:(s: {flight}, t: {sched_dep_time})]", 0.0), operator: *, right: (1.0, 1.0), result: 0.0}
列 'p' 不存在，对列 sched_dep_time 不过滤，直接选择所有非无效值。
clean_bool length:2
newest best op: Uniop(df,'sched_dep_time','11:08 PM',(['flight'], {('UA-828-SFO-ORD',)}),{left: ("[FunctionalDependency:(s: {flight}, t: {sched_dep_time})]", 0.0), operator: *, right: (1.0, 1.0), result: 0.0})
now error: 0.0
Block processing time: 0.031248 seconds
Computing Block 196 out of 227
Processing Block size=22
begin cleaner{left: ("[FunctionalDependency:(s: {flight}, t: {sched_dep_time})]", 0.0), operator: *, right: (1.0, 1.0), result: 0.0}
列 'p' 不存在，对列 sched_dep_time 不过滤，直接选择所有非无效值。
clean_bool length:2
newest best op: Uniop(df,'sched_dep_time','07:00 AM',(['flight'], {('AA-3468-CVG-MIA',)}),{left: ("[FunctionalDependency:(s: {flight}, t: {sched_dep_time})]", 0.0), operator: *, right: (1.0, 1.0), result: 0.0})
now error: 0.0
Block processing time: 0.031441 seconds
Computing Block 199 out of 227
Processing Block size=19
begin cleaner{left: ("[FunctionalDependency:(s: {flight}, t: {sched_dep_time})]", 0.0), operator: *, right: (1.0, 1.0), result: 0.0}
列 'p' 不存在，对列 sched_dep_time 不过滤，直接选择所有非无效值。
clean_bool length:2
newest best op: Uniop(df,'sched_dep_time','07:10 PM',(['flight'], {('CO-47-IAH-LAX',)}),{left: ("[FunctionalDependency:(s: {flight}, t: {sched_dep_time})]", 0.0), operator: *, right: (1.0, 1.0), result: 0.0})
now error: 0.0
Block processing time: 0.02732 seconds
Computing Block 200 out of 227
Processing Block size=21
begin cleaner{left: ("[FunctionalDependency:(s: {flight}, t: {sched_dep_time})]", 0.0), operator: *, right: (1.0, 1.0), result: 0.0}
列 'p' 不存在，对列 sched_dep_time 不过滤，直接选择所有非无效值。
clean_bool length:2
newest best op: Uniop(df,'sched_dep_time','02:35 PM',(['flight'], {('AA-3804-PHL-ORD',)}),{left: ("[FunctionalDependency:(s: {flight}, t: {sched_dep_time})]", 0.0), operator: *, right: (1.0, 1.0), result: 0.0})
now error: 0.0
Block processing time: 0.029841 seconds
Computing Block 203 out of 227
Processing Block size=24
begin cleaner{left: ("[FunctionalDependency:(s: {flight}, t: {sched_dep_time})]", 0.0), operator: *, right: (1.0, 1.0), result: 0.0}
列 'p' 不存在，对列 sched_dep_time 不过滤，直接选择所有非无效值。
clean_bool length:2
newest best op: Uniop(df,'sched_dep_time','06:45 AM',(['flight'], {('AA-404-MIA-MCO',)}),{left: ("[FunctionalDependency:(s: {flight}, t: {sched_dep_time})]", 0.0), operator: *, right: (1.0, 1.0), result: 0.0})
now error: 0.0
Block processing time: 0.033982 seconds
Computing Block 204 out of 227
Processing Block size=20
begin cleaner{left: ("[FunctionalDependency:(s: {flight}, t: {sched_dep_time})]", 0.0), operator: *, right: (1.0, 1.0), result: 0.0}
列 'p' 不存在，对列 sched_dep_time 不过滤，直接选择所有非无效值。
clean_bool length:2
newest best op: Uniop(df,'sched_dep_time','04:00 PM',(['flight'], {('CO-45-EWR-MIA',)}),{left: ("[FunctionalDependency:(s: {flight}, t: {sched_dep_time})]", 0.0), operator: *, right: (1.0, 1.0), result: 0.0})
now error: 0.0
Block processing time: 0.028509 seconds
Computing Block 205 out of 227
Processing Block size=20
begin cleaner{left: ("[FunctionalDependency:(s: {flight}, t: {sched_dep_time})]", 0.0), operator: *, right: (1.0, 1.0), result: 0.0}
列 'p' 不存在，对列 sched_dep_time 不过滤，直接选择所有非无效值。
clean_bool length:2
newest best op: Uniop(df,'sched_dep_time','11:35 AM',(['flight'], {('AA-271-MIA-LAX',)}),{left: ("[FunctionalDependency:(s: {flight}, t: {sched_dep_time})]", 0.0), operator: *, right: (1.0, 1.0), result: 0.0})
now error: 0.0
Block processing time: 0.028878 seconds
Computing Block 207 out of 227
Processing Block size=20
begin cleaner{left: ("[FunctionalDependency:(s: {flight}, t: {sched_dep_time})]", 0.0), operator: *, right: (1.0, 1.0), result: 0.0}
列 'p' 不存在，对列 sched_dep_time 不过滤，直接选择所有非无效值。
clean_bool length:2
newest best op: Uniop(df,'sched_dep_time','11:25 PM',(['flight'], {('AA-204-LAX-MCO',)}),{left: ("[FunctionalDependency:(s: {flight}, t: {sched_dep_time})]", 0.0), operator: *, right: (1.0, 1.0), result: 0.0})
now error: 0.0
Block processing time: 0.028708 seconds
Computing Block 210 out of 227
Processing Block size=17
WARNING:root:No partitioning rule specified, processing might be slow
begin cleaner{left: ("[FunctionalDependency:(s: {flight}, t: {sched_dep_time})]", 0.0), operator: *, right: (1.0, 1.0), result: 0.0}
列 'p' 不存在，对列 sched_dep_time 不过滤，直接选择所有非无效值。
clean_bool length:2
newest best op: Uniop(df,'sched_dep_time','11:25 AM',(['flight'], {('CO-58-DEN-IAH',)}),{left: ("[FunctionalDependency:(s: {flight}, t: {sched_dep_time})]", 0.0), operator: *, right: (1.0, 1.0), result: 0.0})
now error: 0.0
Block processing time: 0.024478 seconds
Computing Block 213 out of 227
Processing Block size=21
begin cleaner{left: ("[FunctionalDependency:(s: {flight}, t: {sched_dep_time})]", 0.0), operator: *, right: (1.0, 1.0), result: 0.0}
列 'p' 不存在，对列 sched_dep_time 不过滤，直接选择所有非无效值。
clean_bool length:2
newest best op: Uniop(df,'sched_dep_time','03:50 PM',(['flight'], {('UA-2906-PHL-MCO',)}),{left: ("[FunctionalDependency:(s: {flight}, t: {sched_dep_time})]", 0.0), operator: *, right: (1.0, 1.0), result: 0.0})
now error: 0.0
Block processing time: 0.029897 seconds
Computing Block 214 out of 227
Processing Block size=18
begin cleaner{left: ("[FunctionalDependency:(s: {flight}, t: {sched_dep_time})]", 0.0), operator: *, right: (1.0, 1.0), result: 0.0}
列 'p' 不存在，对列 sched_dep_time 不过滤，直接选择所有非无效值。
clean_bool length:3
newest best op: Uniop(df,'sched_dep_time','11:55 PM',(['flight'], {('AA-1522-SFO-ORD',)}),{left: ("[FunctionalDependency:(s: {flight}, t: {sched_dep_time})]", 0.0), operator: *, right: (1.0, 1.0), result: 0.0})
now error: 0.0
Block processing time: 0.039285 seconds
Computing Block 219 out of 227
Processing Block size=24
begin cleaner{left: ("[FunctionalDependency:(s: {flight}, t: {sched_dep_time})]", 0.0), operator: *, right: (1.0, 1.0), result: 0.0}
列 'p' 不存在，对列 sched_dep_time 不过滤，直接选择所有非无效值。
clean_bool length:2
newest best op: Uniop(df,'sched_dep_time','01:33 PM',(['flight'], {('UA-664-ORD-PHL',)}),{left: ("[FunctionalDependency:(s: {flight}, t: {sched_dep_time})]", 0.0), operator: *, right: (1.0, 1.0), result: 0.0})
now error: 0.0
Block processing time: 0.034498 seconds
Computing Block 226 out of 227
Processing Block size=17
begin cleaner{left: ("[FunctionalDependency:(s: {flight}, t: {sched_dep_time})]", 0.0), operator: *, right: (1.0, 1.0), result: 0.0}
列 'p' 不存在，对列 sched_dep_time 不过滤，直接选择所有非无效值。
clean_bool length:2
newest best op: Uniop(df,'sched_dep_time','07:00 PM',(['flight'], {('CO-1586-IAH-MCO',)}),{left: ("[FunctionalDependency:(s: {flight}, t: {sched_dep_time})]", 0.0), operator: *, right: (1.0, 1.0), result: 0.0})
now error: 0.0
Block processing time: 0.024831 seconds
  当前节点: sched_dep_time 有 99 个清洗操作
  当前节点: act_dep_time 存在可用清洗信号
数据块大小: 2376
分块属性:
[['flight']]
Starting initial block mapping...
Initial number of blocks: 227
Final number of blocks after further splitting: 227
Computing Block 2 out of 227
Processing Block size=23
begin cleaner[FunctionalDependency:(s: {'flight'}, t: {'act_dep_time'})]*1.0
列 'p' 不存在，对列 act_dep_time 不过滤，直接选择所有非无效值。
clean_bool length:2
newest best op: Uniop(df,'act_dep_time','11:05 AM',(['flight'], {('AA-2050-ORD-MIA',)}),{left: ("[FunctionalDependency:(s: {flight}, t: {act_dep_time})]", 0.0), operator: *, right: (1.0, 1.0), result: 0.0})
now error: 0.0
Block processing time: 0.035414 seconds
Computing Block 4 out of 227
Processing Block size=17
begin cleaner{left: ("[FunctionalDependency:(s: {flight}, t: {act_dep_time})]", 0.0), operator: *, right: (1.0, 1.0), result: 0.0}
列 'p' 不存在，对列 act_dep_time 不过滤，直接选择所有非无效值。
clean_bool length:2
newest best op: Uniop(df,'act_dep_time','07:27 AM',(['flight'], {('UA-6273-YYC-SFO',)}),{left: ("[FunctionalDependency:(s: {flight}, t: {act_dep_time})]", 0.0), operator: *, right: (1.0, 1.0), result: 0.0})
now error: 0.0
Block processing time: 0.02633 seconds
Computing Block 6 out of 227
Processing Block size=22
begin cleaner{left: ("[FunctionalDependency:(s: {flight}, t: {act_dep_time})]", 0.0), operator: *, right: (1.0, 1.0), result: 0.0}
列 'p' 不存在，对列 act_dep_time 不过滤，直接选择所有非无效值。
clean_bool length:2
newest best op: Uniop(df,'act_dep_time','07:22 AM',(['flight'], {('AA-2268-PHX-ORD',)}),{left: ("[FunctionalDependency:(s: {flight}, t: {act_dep_time})]", 0.0), operator: *, right: (1.0, 1.0), result: 0.0})
now error: 0.0
Block processing time: 0.033858 seconds
Computing Block 7 out of 227
Processing Block size=18
begin cleaner{left: ("[FunctionalDependency:(s: {flight}, t: {act_dep_time})]", 0.0), operator: *, right: (1.0, 1.0), result: 0.0}
列 'p' 不存在，对列 act_dep_time 不过滤，直接选择所有非无效值。
clean_bool length:2
newest best op: Uniop(df,'act_dep_time','02:48 PM',(['flight'], {('UA-62-IAH-EWR',)}),{left: ("[FunctionalDependency:(s: {flight}, t: {act_dep_time})]", 0.0), operator: *, right: (1.0, 1.0), result: 0.0})
now error: 0.0
Block processing time: 0.028059 seconds
Computing Block 9 out of 227
Processing Block size=22
begin cleaner{left: ("[FunctionalDependency:(s: {flight}, t: {act_dep_time})]", 0.0), operator: *, right: (1.0, 1.0), result: 0.0}
列 'p' 不存在，对列 act_dep_time 不过滤，直接选择所有非无效值。
clean_bool length:2
newest best op: Uniop(df,'act_dep_time','06:10 AM',(['flight'], {('AA-3809-PHX-LAX',)}),{left: ("[FunctionalDependency:(s: {flight}, t: {act_dep_time})]", 0.0), operator: *, right: (1.0, 1.0), result: 0.0})
now error: 0.0
Block processing time: 0.034871 seconds
Computing Block 11 out of 227
Processing Block size=16
begin cleaner{left: ("[FunctionalDependency:(s: {flight}, t: {act_dep_time})]", 0.0), operator: *, right: (1.0, 1.0), result: 0.0}
列 'p' 不存在，对列 act_dep_time 不过滤，直接选择所有非无效值。
clean_bool length:2
newest best op: Uniop(df,'act_dep_time','11:15 AM',(['flight'], {('UA-2704-DTW-PHX',)}),{left: ("[FunctionalDependency:(s: {flight}, t: {act_dep_time})]", 0.0), operator: *, right: (1.0, 1.0), result: 0.0})
now error: 0.0
Block processing time: 0.025995 seconds
Computing Block 12 out of 227
Processing Block size=20
begin cleaner{left: ("[FunctionalDependency:(s: {flight}, t: {act_dep_time})]", 0.0), operator: *, right: (1.0, 1.0), result: 0.0}
列 'p' 不存在，对列 act_dep_time 不过滤，直接选择所有非无效值。
clean_bool length:2
newest best op: Uniop(df,'act_dep_time','11:01 AM',(['flight'], {('AA-400-DFW-JFK',)}),{left: ("[FunctionalDependency:(s: {flight}, t: {act_dep_time})]", 0.0), operator: *, right: (1.0, 1.0), result: 0.0})
now error: 0.0
Block processing time: 0.031705 seconds
Computing Block 14 out of 227
Processing Block size=17
begin cleaner{left: ("[FunctionalDependency:(s: {flight}, t: {act_dep_time})]", 0.0), operator: *, right: (1.0, 1.0), result: 0.0}
列 'p' 不存在，对列 act_dep_time 不过滤，直接选择所有非无效值。
clean_bool length:2
newest best op: Uniop(df,'act_dep_time','07:31 AM',(['flight'], {('AA-222-LAX-BOS',)}),{left: ("[FunctionalDependency:(s: {flight}, t: {act_dep_time})]", 0.0), operator: *, right: (1.0, 1.0), result: 0.0})
now error: 0.0
Block processing time: 0.027846 seconds
Computing Block 15 out of 227
Processing Block size=20
begin cleaner{left: ("[FunctionalDependency:(s: {flight}, t: {act_dep_time})]", 0.0), operator: *, right: (1.0, 1.0), result: 0.0}
列 'p' 不存在，对列 act_dep_time 不过滤，直接选择所有非无效值。
clean_bool length:2
newest best op: Uniop(df,'act_dep_time','04:25 PM',(['flight'], {('UA-233-LAX-JFK',)}),{left: ("[FunctionalDependency:(s: {flight}, t: {act_dep_time})]", 0.0), operator: *, right: (1.0, 1.0), result: 0.0})
now error: 0.0
Block processing time: 0.031926 seconds
Computing Block 17 out of 227
Processing Block size=20
begin cleaner{left: ("[FunctionalDependency:(s: {flight}, t: {act_dep_time})]", 0.0), operator: *, right: (1.0, 1.0), result: 0.0}
列 'p' 不存在，对列 act_dep_time 不过滤，直接选择所有非无效值。
clean_bool length:2
newest best op: Uniop(df,'act_dep_time','03:36 PM',(['flight'], {('AA-4330-CVG-ORD',)}),{left: ("[FunctionalDependency:(s: {flight}, t: {act_dep_time})]", 0.0), operator: *, right: (1.0, 1.0), result: 0.0})
now error: 0.0
Block processing time: 0.031944 seconds
Computing Block 18 out of 227
Processing Block size=20
begin cleaner{left: ("[FunctionalDependency:(s: {flight}, t: {act_dep_time})]", 0.0), operator: *, right: (1.0, 1.0), result: 0.0}
列 'p' 不存在，对列 act_dep_time 不过滤，直接选择所有非无效值。
Block processing time: 0.016094 seconds
Computing Block 19 out of 227
Processing Block size=21
begin cleaner{left: ("[FunctionalDependency:(s: {flight}, t: {act_dep_time})]", 0.0), operator: *, right: (1.0, 1.0), result: 0.0}
列 'p' 不存在，对列 act_dep_time 不过滤，直接选择所有非无效值。
clean_bool length:2
newest best op: Uniop(df,'act_dep_time','07:16 AM',(['flight'], {('AA-3859-IAH-ORD',)}),{left: ("[FunctionalDependency:(s: {flight}, t: {act_dep_time})]", 0.0), operator: *, right: (1.0, 1.0), result: 0.0})
now error: 0.0
Block processing time: 0.033823 seconds
Computing Block 21 out of 227
Processing Block size=21
begin cleaner{left: ("[FunctionalDependency:(s: {flight}, t: {act_dep_time})]", 0.0), operator: *, right: (1.0, 1.0), result: 0.0}
列 'p' 不存在，对列 act_dep_time 不过滤，直接选择所有非无效值。
clean_bool length:2
newest best op: Uniop(df,'act_dep_time','06:30 PM',(['flight'], {('AA-1640-MIA-MCO',)}),{left: ("[FunctionalDependency:(s: {flight}, t: {act_dep_time})]", 0.0), operator: *, right: (1.0, 1.0), result: 0.0})
now error: 0.0
Block processing time: 0.039163 seconds
Computing Block 23 out of 227
Processing Block size=19
begin cleaner{left: ("[FunctionalDependency:(s: {flight}, t: {act_dep_time})]", 0.0), operator: *, right: (1.0, 1.0), result: 0.0}
列 'p' 不存在，对列 act_dep_time 不过滤，直接选择所有非无效值。
clean_bool length:2
newest best op: Uniop(df,'act_dep_time','12:12 PM',(['flight'], {('AA-446-DFW-PHL',)}),{left: ("[FunctionalDependency:(s: {flight}, t: {act_dep_time})]", 0.0), operator: *, right: (1.0, 1.0), result: 0.0})
now error: 0.0
Block processing time: 0.037899 seconds
Computing Block 26 out of 227
Processing Block size=14
begin cleaner{left: ("[FunctionalDependency:(s: {flight}, t: {act_dep_time})]", 0.0), operator: *, right: (1.0, 1.0), result: 0.0}
列 'p' 不存在，对列 act_dep_time 不过滤，直接选择所有非无效值。
clean_bool length:2
newest best op: Uniop(df,'act_dep_time','09:16 AM',(['flight'], {('UA-1500-IAH-GUA',)}),{left: ("[FunctionalDependency:(s: {flight}, t: {act_dep_time})]", 0.0), operator: *, right: (1.0, 1.0), result: 0.0})
now error: 0.0
Block processing time: 0.024616 seconds
Computing Block 27 out of 227
Processing Block size=17
begin cleaner{left: ("[FunctionalDependency:(s: {flight}, t: {act_dep_time})]", 0.0), operator: *, right: (1.0, 1.0), result: 0.0}
列 'p' 不存在，对列 act_dep_time 不过滤，直接选择所有非无效值。
clean_bool length:2
newest best op: Uniop(df,'act_dep_time','10:55 AM',(['flight'], {('AA-1886-BOS-MIA',)}),{left: ("[FunctionalDependency:(s: {flight}, t: {act_dep_time})]", 0.0), operator: *, right: (1.0, 1.0), result: 0.0})
now error: 0.0
Block processing time: 0.028458 seconds
Computing Block 30 out of 227
Processing Block size=21
begin cleaner{left: ("[FunctionalDependency:(s: {flight}, t: {act_dep_time})]", 0.0), operator: *, right: (1.0, 1.0), result: 0.0}
列 'p' 不存在，对列 act_dep_time 不过滤，直接选择所有非无效值。
clean_bool length:2
newest best op: Uniop(df,'act_dep_time','10:10 AM',(['flight'], {('AA-616-DFW-DTW',)}),{left: ("[FunctionalDependency:(s: {flight}, t: {act_dep_time})]", 0.0), operator: *, right: (1.0, 1.0), result: 0.0})
now error: 0.0
Block processing time: 0.034919 seconds
Computing Block 34 out of 227
Processing Block size=16
begin cleaner{left: ("[FunctionalDependency:(s: {flight}, t: {act_dep_time})]", 0.0), operator: *, right: (1.0, 1.0), result: 0.0}
列 'p' 不存在，对列 act_dep_time 不过滤，直接选择所有非无效值。
clean_bool length:2
newest best op: Uniop(df,'act_dep_time','08:04 AM',(['flight'], {('AA-3979-CVG-ORD',)}),{left: ("[FunctionalDependency:(s: {flight}, t: {act_dep_time})]", 0.0), operator: *, right: (1.0, 1.0), result: 0.0})
now error: 0.0
Block processing time: 0.027507 seconds
Computing Block 36 out of 227
Processing Block size=15
begin cleaner{left: ("[FunctionalDependency:(s: {flight}, t: {act_dep_time})]", 0.0), operator: *, right: (1.0, 1.0), result: 0.0}
列 'p' 不存在，对列 act_dep_time 不过滤，直接选择所有非无效值。
clean_bool length:3
newest best op: Uniop(df,'act_dep_time','12:54 AM',(['flight'], {('AA-4198-ORD-CLE',)}),{left: ("[FunctionalDependency:(s: {flight}, t: {act_dep_time})]", 0.0), operator: *, right: (1.0, 1.0), result: 0.0})
now error: 0.0
newest best op: Uniop(df,'act_dep_time','10:54 AM',(['flight'], {('AA-4198-ORD-CLE',)}),{left: ("[FunctionalDependency:(s: {flight}, t: {act_dep_time})]", 0.0), operator: *, right: (1.0, 1.0), result: 0.0})
now error: 0.0
Block processing time: 0.039058 seconds
Computing Block 37 out of 227
Processing Block size=19
begin cleaner{left: ("[FunctionalDependency:(s: {flight}, t: {act_dep_time})]", 0.0), operator: *, right: (1.0, 1.0), result: 0.0}
列 'p' 不存在，对列 act_dep_time 不过滤，直接选择所有非无效值。
clean_bool length:2
newest best op: Uniop(df,'act_dep_time','02:55 PM',(['flight'], {('UA-2314-ATL-PHL',)}),{left: ("[FunctionalDependency:(s: {flight}, t: {act_dep_time})]", 0.0), operator: *, right: (1.0, 1.0), result: 0.0})
now error: 0.0
Block processing time: 0.032413 seconds
Computing Block 38 out of 227
Processing Block size=18
begin cleaner{left: ("[FunctionalDependency:(s: {flight}, t: {act_dep_time})]", 0.0), operator: *, right: (1.0, 1.0), result: 0.0}
列 'p' 不存在，对列 act_dep_time 不过滤，直接选择所有非无效值。
clean_bool length:2
newest best op: Uniop(df,'act_dep_time','07:15 PM',(['flight'], {('CO-1694-LAX-IAH',)}),{left: ("[FunctionalDependency:(s: {flight}, t: {act_dep_time})]", 0.0), operator: *, right: (1.0, 1.0), result: 0.0})
now error: 0.0
Block processing time: 0.030385 seconds
Computing Block 41 out of 227
Processing Block size=18
begin cleaner{left: ("[FunctionalDependency:(s: {flight}, t: {act_dep_time})]", 0.0), operator: *, right: (1.0, 1.0), result: 0.0}
列 'p' 不存在，对列 act_dep_time 不过滤，直接选择所有非无效值。
clean_bool length:2
newest best op: Uniop(df,'act_dep_time','05:56 AM',(['flight'], {('UA-414-LAX-SFO',)}),{left: ("[FunctionalDependency:(s: {flight}, t: {act_dep_time})]", 0.0), operator: *, right: (1.0, 1.0), result: 0.0})
now error: 0.0
Block processing time: 0.030443 seconds
Computing Block 42 out of 227
Processing Block size=23
begin cleaner{left: ("[FunctionalDependency:(s: {flight}, t: {act_dep_time})]", 0.0), operator: *, right: (1.0, 1.0), result: 0.0}
列 'p' 不存在，对列 act_dep_time 不过滤，直接选择所有非无效值。
clean_bool length:2
newest best op: Uniop(df,'act_dep_time','06:55 PM',(['flight'], {('AA-4307-ORD-DTW',)}),{left: ("[FunctionalDependency:(s: {flight}, t: {act_dep_time})]", 0.0), operator: *, right: (1.0, 1.0), result: 0.0})
now error: 0.0
Block processing time: 0.039497 seconds
Computing Block 43 out of 227
Processing Block size=24
begin cleaner{left: ("[FunctionalDependency:(s: {flight}, t: {act_dep_time})]", 0.0), operator: *, right: (1.0, 1.0), result: 0.0}
列 'p' 不存在，对列 act_dep_time 不过滤，直接选择所有非无效值。
clean_bool length:2
newest best op: Uniop(df,'act_dep_time','07:39 AM',(['flight'], {('AA-59-JFK-SFO',)}),{left: ("[FunctionalDependency:(s: {flight}, t: {act_dep_time})]", 0.0), operator: *, right: (1.0, 1.0), result: 0.0})
now error: 0.0
Block processing time: 0.04184 seconds
Computing Block 48 out of 227
Processing Block size=16
begin cleaner{left: ("[FunctionalDependency:(s: {flight}, t: {act_dep_time})]", 0.0), operator: *, right: (1.0, 1.0), result: 0.0}
列 'p' 不存在，对列 act_dep_time 不过滤，直接选择所有非无效值。
clean_bool length:2
newest best op: Uniop(df,'act_dep_time','10:20 AM',(['flight'], {('CO-16-LAX-EWR',)}),{left: ("[FunctionalDependency:(s: {flight}, t: {act_dep_time})]", 0.0), operator: *, right: (1.0, 1.0), result: 0.0})
now error: 0.0
Block processing time: 0.02748 seconds
Computing Block 50 out of 227
Processing Block size=21
begin cleaner{left: ("[FunctionalDependency:(s: {flight}, t: {act_dep_time})]", 0.0), operator: *, right: (1.0, 1.0), result: 0.0}
列 'p' 不存在，对列 act_dep_time 不过滤，直接选择所有非无效值。
clean_bool length:2
newest best op: Uniop(df,'act_dep_time','12:10 PM',(['flight'], {('AA-4277-CVG-JFK',)}),{left: ("[FunctionalDependency:(s: {flight}, t: {act_dep_time})]", 0.0), operator: *, right: (1.0, 1.0), result: 0.0})
now error: 0.0
Block processing time: 0.035394 seconds
Computing Block 51 out of 227
Processing Block size=17
begin cleaner{left: ("[FunctionalDependency:(s: {flight}, t: {act_dep_time})]", 0.0), operator: *, right: (1.0, 1.0), result: 0.0}
列 'p' 不存在，对列 act_dep_time 不过滤，直接选择所有非无效值。
clean_bool length:2
newest best op: Uniop(df,'act_dep_time','07:39 AM',(['flight'], {('AA-2525-DFW-MIA',)}),{left: ("[FunctionalDependency:(s: {flight}, t: {act_dep_time})]", 0.0), operator: *, right: (1.0, 1.0), result: 0.0})
now error: 0.0
Block processing time: 0.028792 seconds
Computing Block 54 out of 227
Processing Block size=17
begin cleaner{left: ("[FunctionalDependency:(s: {flight}, t: {act_dep_time})]", 0.0), operator: *, right: (1.0, 1.0), result: 0.0}
列 'p' 不存在，对列 act_dep_time 不过滤，直接选择所有非无效值。
clean_bool length:2
newest best op: Uniop(df,'act_dep_time','05:08 PM',(['flight'], {('AA-1007-MIA-PHX',)}),{left: ("[FunctionalDependency:(s: {flight}, t: {act_dep_time})]", 0.0), operator: *, right: (1.0, 1.0), result: 0.0})
now error: 0.0
Block processing time: 0.028349 seconds
Computing Block 60 out of 227
Processing Block size=18
begin cleaner{left: ("[FunctionalDependency:(s: {flight}, t: {act_dep_time})]", 0.0), operator: *, right: (1.0, 1.0), result: 0.0}
列 'p' 不存在，对列 act_dep_time 不过滤，直接选择所有非无效值。
clean_bool length:2
newest best op: Uniop(df,'act_dep_time','02:48 PM',(['flight'], {('CO-62-IAH-EWR',)}),{left: ("[FunctionalDependency:(s: {flight}, t: {act_dep_time})]", 0.0), operator: *, right: (1.0, 1.0), result: 0.0})
now error: 0.0
Block processing time: 0.028746 seconds
Computing Block 68 out of 227
Processing Block size=21
begin cleaner{left: ("[FunctionalDependency:(s: {flight}, t: {act_dep_time})]", 0.0), operator: *, right: (1.0, 1.0), result: 0.0}
列 'p' 不存在，对列 act_dep_time 不过滤，直接选择所有非无效值。
clean_bool length:2
newest best op: Uniop(df,'act_dep_time','03:11 AM',(['flight'], {('UA-2945-PHL-CLT',)}),{left: ("[FunctionalDependency:(s: {flight}, t: {act_dep_time})]", 0.0), operator: *, right: (1.0, 1.0), result: 0.0})
now error: 0.0
Block processing time: 0.033856 seconds
Computing Block 69 out of 227
Processing Block size=22
begin cleaner{left: ("[FunctionalDependency:(s: {flight}, t: {act_dep_time})]", 0.0), operator: *, right: (1.0, 1.0), result: 0.0}
列 'p' 不存在，对列 act_dep_time 不过滤，直接选择所有非无效值。
clean_bool length:2
newest best op: Uniop(df,'act_dep_time','09:00 PM',(['flight'], {('AA-3823-LAX-DEN',)}),{left: ("[FunctionalDependency:(s: {flight}, t: {act_dep_time})]", 0.0), operator: *, right: (1.0, 1.0), result: 0.0})
now error: 0.0
Block processing time: 0.035793 seconds
Computing Block 73 out of 227
Processing Block size=16
begin cleaner{left: ("[FunctionalDependency:(s: {flight}, t: {act_dep_time})]", 0.0), operator: *, right: (1.0, 1.0), result: 0.0}
列 'p' 不存在，对列 act_dep_time 不过滤，直接选择所有非无效值。
clean_bool length:2
newest best op: Uniop(df,'act_dep_time','11:40 AM',(['flight'], {('AA-1544-SAN-ORD',)}),{left: ("[FunctionalDependency:(s: {flight}, t: {act_dep_time})]", 0.0), operator: *, right: (1.0, 1.0), result: 0.0})
now error: 0.0
Block processing time: 0.025736 seconds
Computing Block 74 out of 227
Processing Block size=22
begin cleaner{left: ("[FunctionalDependency:(s: {flight}, t: {act_dep_time})]", 0.0), operator: *, right: (1.0, 1.0), result: 0.0}
列 'p' 不存在，对列 act_dep_time 不过滤，直接选择所有非无效值。
clean_bool length:2
newest best op: Uniop(df,'act_dep_time','07:58 PM',(['flight'], {('AA-1733-ORD-PHX',)}),{left: ("[FunctionalDependency:(s: {flight}, t: {act_dep_time})]", 0.0), operator: *, right: (1.0, 1.0), result: 0.0})
now error: 0.0
Block processing time: 0.035102 seconds
Computing Block 75 out of 227
Processing Block size=16
begin cleaner{left: ("[FunctionalDependency:(s: {flight}, t: {act_dep_time})]", 0.0), operator: *, right: (1.0, 1.0), result: 0.0}
列 'p' 不存在，对列 act_dep_time 不过滤，直接选择所有非无效值。
clean_bool length:2
newest best op: Uniop(df,'act_dep_time','08:52 AM',(['flight'], {('UA-37-EDI-EWR',)}),{left: ("[FunctionalDependency:(s: {flight}, t: {act_dep_time})]", 0.0), operator: *, right: (1.0, 1.0), result: 0.0})
now error: 0.0
Block processing time: 0.02494 seconds
Computing Block 76 out of 227
Processing Block size=19
begin cleaner{left: ("[FunctionalDependency:(s: {flight}, t: {act_dep_time})]", 0.0), operator: *, right: (1.0, 1.0), result: 0.0}
列 'p' 不存在，对列 act_dep_time 不过滤，直接选择所有非无效值。
clean_bool length:2
newest best op: Uniop(df,'act_dep_time','11:55 AM',(['flight'], {('UA-3099-PHX-PHL',)}),{left: ("[FunctionalDependency:(s: {flight}, t: {act_dep_time})]", 0.0), operator: *, right: (1.0, 1.0), result: 0.0})
now error: 0.0
Block processing time: 0.029281 seconds
Computing Block 77 out of 227
Processing Block size=21
begin cleaner{left: ("[FunctionalDependency:(s: {flight}, t: {act_dep_time})]", 0.0), operator: *, right: (1.0, 1.0), result: 0.0}
列 'p' 不存在，对列 act_dep_time 不过滤，直接选择所有非无效值。
clean_bool length:3
newest best op: Uniop(df,'act_dep_time','12:41 PM',(['flight'], {('AA-3756-ORD-SLC',)}),{left: ("[FunctionalDependency:(s: {flight}, t: {act_dep_time})]", 0.0), operator: *, right: (1.0, 1.0), result: 0.0})
now error: 0.0
Block processing time: 0.049209 seconds
Computing Block 78 out of 227
Processing Block size=15
begin cleaner{left: ("[FunctionalDependency:(s: {flight}, t: {act_dep_time})]", 0.0), operator: *, right: (1.0, 1.0), result: 0.0}
列 'p' 不存在，对列 act_dep_time 不过滤，直接选择所有非无效值。
clean_bool length:2
newest best op: Uniop(df,'act_dep_time','02:10 PM',(['flight'], {('UA-843-LAX-ORD',)}),{left: ("[FunctionalDependency:(s: {flight}, t: {act_dep_time})]", 0.0), operator: *, right: (1.0, 1.0), result: 0.0})
now error: 0.0
Block processing time: 0.023321 seconds
Computing Block 80 out of 227
Processing Block size=18
begin cleaner{left: ("[FunctionalDependency:(s: {flight}, t: {act_dep_time})]", 0.0), operator: *, right: (1.0, 1.0), result: 0.0}
列 'p' 不存在，对列 act_dep_time 不过滤，直接选择所有非无效值。
clean_bool length:2
newest best op: Uniop(df,'act_dep_time','08:39 PM',(['flight'], {('AA-3063-SLC-LAX',)}),{left: ("[FunctionalDependency:(s: {flight}, t: {act_dep_time})]", 0.0), operator: *, right: (1.0, 1.0), result: 0.0})
now error: 0.0
Block processing time: 0.027622 seconds
Computing Block 82 out of 227
Processing Block size=14
begin cleaner{left: ("[FunctionalDependency:(s: {flight}, t: {act_dep_time})]", 0.0), operator: *, right: (1.0, 1.0), result: 0.0}
列 'p' 不存在，对列 act_dep_time 不过滤，直接选择所有非无效值。
Block processing time: 0.011068 seconds
Computing Block 83 out of 227
Processing Block size=19
begin cleaner{left: ("[FunctionalDependency:(s: {flight}, t: {act_dep_time})]", 0.0), operator: *, right: (1.0, 1.0), result: 0.0}
列 'p' 不存在，对列 act_dep_time 不过滤，直接选择所有非无效值。
clean_bool length:2
newest best op: Uniop(df,'act_dep_time','07:49 AM',(['flight'], {('UA-854-SFO-IAH',)}),{left: ("[FunctionalDependency:(s: {flight}, t: {act_dep_time})]", 0.0), operator: *, right: (1.0, 1.0), result: 0.0})
now error: 0.0
Block processing time: 0.029718 seconds
Computing Block 85 out of 227
Processing Block size=19
begin cleaner{left: ("[FunctionalDependency:(s: {flight}, t: {act_dep_time})]", 0.0), operator: *, right: (1.0, 1.0), result: 0.0}
列 'p' 不存在，对列 act_dep_time 不过滤，直接选择所有非无效值。
clean_bool length:2
newest best op: Uniop(df,'act_dep_time','07:29 AM',(['flight'], {('CO-52-IAH-LAX',)}),{left: ("[FunctionalDependency:(s: {flight}, t: {act_dep_time})]", 0.0), operator: *, right: (1.0, 1.0), result: 0.0})
now error: 0.0
Block processing time: 0.029469 seconds
Computing Block 87 out of 227
Processing Block size=15
begin cleaner{left: ("[FunctionalDependency:(s: {flight}, t: {act_dep_time})]", 0.0), operator: *, right: (1.0, 1.0), result: 0.0}
列 'p' 不存在，对列 act_dep_time 不过滤，直接选择所有非无效值。
clean_bool length:2
newest best op: Uniop(df,'act_dep_time','02:55 PM',(['flight'], {('UA-2708-EWR-CLT',)}),{left: ("[FunctionalDependency:(s: {flight}, t: {act_dep_time})]", 0.0), operator: *, right: (1.0, 1.0), result: 0.0})
now error: 0.0
Block processing time: 0.023994 seconds
Computing Block 90 out of 227
Processing Block size=25
begin cleaner{left: ("[FunctionalDependency:(s: {flight}, t: {act_dep_time})]", 0.0), operator: *, right: (1.0, 1.0), result: 0.0}
列 'p' 不存在，对列 act_dep_time 不过滤，直接选择所有非无效值。
clean_bool length:2
newest best op: Uniop(df,'act_dep_time','08:51 AM',(['flight'], {('AA-431-MIA-SFO',)}),{left: ("[FunctionalDependency:(s: {flight}, t: {act_dep_time})]", 0.0), operator: *, right: (1.0, 1.0), result: 0.0})
now error: 0.0
Block processing time: 0.03891 seconds
Computing Block 91 out of 227
Processing Block size=24
begin cleaner{left: ("[FunctionalDependency:(s: {flight}, t: {act_dep_time})]", 0.0), operator: *, right: (1.0, 1.0), result: 0.0}
列 'p' 不存在，对列 act_dep_time 不过滤，直接选择所有非无效值。
clean_bool length:2
newest best op: Uniop(df,'act_dep_time','06:08 AM',(['flight'], {('AA-466-IAH-MIA',)}),{left: ("[FunctionalDependency:(s: {flight}, t: {act_dep_time})]", 0.0), operator: *, right: (1.0, 1.0), result: 0.0})
now error: 0.0
Block processing time: 0.037015 seconds
Computing Block 96 out of 227
Processing Block size=22
begin cleaner{left: ("[FunctionalDependency:(s: {flight}, t: {act_dep_time})]", 0.0), operator: *, right: (1.0, 1.0), result: 0.0}
列 'p' 不存在，对列 act_dep_time 不过滤，直接选择所有非无效值。
clean_bool length:2
newest best op: Uniop(df,'act_dep_time','08:42 AM',(['flight'], {('UA-3925-IAD-ORF',)}),{left: ("[FunctionalDependency:(s: {flight}, t: {act_dep_time})]", 0.0), operator: *, right: (1.0, 1.0), result: 0.0})
now error: 0.0
Block processing time: 0.033943 seconds
Computing Block 98 out of 227
Processing Block size=15
begin cleaner{left: ("[FunctionalDependency:(s: {flight}, t: {act_dep_time})]", 0.0), operator: *, right: (1.0, 1.0), result: 0.0}
列 'p' 不存在，对列 act_dep_time 不过滤，直接选择所有非无效值。
clean_bool length:2
newest best op: Uniop(df,'act_dep_time','06:02 AM',(['flight'], {('CO-89-IAH-EWR',)}),{left: ("[FunctionalDependency:(s: {flight}, t: {act_dep_time})]", 0.0), operator: *, right: (1.0, 1.0), result: 0.0})
now error: 0.0
Block processing time: 0.023424 seconds
Computing Block 100 out of 227
Processing Block size=18
begin cleaner{left: ("[FunctionalDependency:(s: {flight}, t: {act_dep_time})]", 0.0), operator: *, right: (1.0, 1.0), result: 0.0}
列 'p' 不存在，对列 act_dep_time 不过滤，直接选择所有非无效值。
clean_bool length:2
newest best op: Uniop(df,'act_dep_time','04:15 PM',(['flight'], {('UA-938-DEN-ORD',)}),{left: ("[FunctionalDependency:(s: {flight}, t: {act_dep_time})]", 0.0), operator: *, right: (1.0, 1.0), result: 0.0})
now error: 0.0
Block processing time: 0.027565 seconds
Computing Block 101 out of 227
Processing Block size=20
begin cleaner{left: ("[FunctionalDependency:(s: {flight}, t: {act_dep_time})]", 0.0), operator: *, right: (1.0, 1.0), result: 0.0}
列 'p' 不存在，对列 act_dep_time 不过滤，直接选择所有非无效值。
clean_bool length:2
newest best op: Uniop(df,'act_dep_time','03:36 PM',(['flight'], {('AA-85-JFK-SFO',)}),{left: ("[FunctionalDependency:(s: {flight}, t: {act_dep_time})]", 0.0), operator: *, right: (1.0, 1.0), result: 0.0})
now error: 0.0
Block processing time: 0.030815 seconds
Computing Block 102 out of 227
Processing Block size=21
begin cleaner{left: ("[FunctionalDependency:(s: {flight}, t: {act_dep_time})]", 0.0), operator: *, right: (1.0, 1.0), result: 0.0}
列 'p' 不存在，对列 act_dep_time 不过滤，直接选择所有非无效值。
clean_bool length:2
newest best op: Uniop(df,'act_dep_time','07:30 AM',(['flight'], {('AA-643-MIA-ORD',)}),{left: ("[FunctionalDependency:(s: {flight}, t: {act_dep_time})]", 0.0), operator: *, right: (1.0, 1.0), result: 0.0})
now error: 0.0
Block processing time: 0.031965 seconds
Computing Block 105 out of 227
Processing Block size=18
begin cleaner{left: ("[FunctionalDependency:(s: {flight}, t: {act_dep_time})]", 0.0), operator: *, right: (1.0, 1.0), result: 0.0}
列 'p' 不存在，对列 act_dep_time 不过滤，直接选择所有非无效值。
clean_bool length:2
newest best op: Uniop(df,'act_dep_time','06:56 AM',(['flight'], {('AA-3842-MSP-ORD',)}),{left: ("[FunctionalDependency:(s: {flight}, t: {act_dep_time})]", 0.0), operator: *, right: (1.0, 1.0), result: 0.0})
now error: 0.0
Block processing time: 0.027972 seconds
Computing Block 106 out of 227
Processing Block size=14
begin cleaner{left: ("[FunctionalDependency:(s: {flight}, t: {act_dep_time})]", 0.0), operator: *, right: (1.0, 1.0), result: 0.0}
列 'p' 不存在，对列 act_dep_time 不过滤，直接选择所有非无效值。
clean_bool length:2
newest best op: Uniop(df,'act_dep_time','01:32 PM',(['flight'], {('UA-858-PVG-SFO',)}),{left: ("[FunctionalDependency:(s: {flight}, t: {act_dep_time})]", 0.0), operator: *, right: (1.0, 1.0), result: 0.0})
now error: 0.0
Block processing time: 0.021962 seconds
Computing Block 108 out of 227
Processing Block size=23
begin cleaner{left: ("[FunctionalDependency:(s: {flight}, t: {act_dep_time})]", 0.0), operator: *, right: (1.0, 1.0), result: 0.0}
列 'p' 不存在，对列 act_dep_time 不过滤，直接选择所有非无效值。
clean_bool length:2
newest best op: Uniop(df,'act_dep_time','04:12 PM',(['flight'], {('AA-3786-IAH-ORD',)}),{left: ("[FunctionalDependency:(s: {flight}, t: {act_dep_time})]", 0.0), operator: *, right: (1.0, 1.0), result: 0.0})
now error: 0.0
Block processing time: 0.035007 seconds
Computing Block 109 out of 227
Processing Block size=23
begin cleaner{left: ("[FunctionalDependency:(s: {flight}, t: {act_dep_time})]", 0.0), operator: *, right: (1.0, 1.0), result: 0.0}
列 'p' 不存在，对列 act_dep_time 不过滤，直接选择所有非无效值。
clean_bool length:2
newest best op: Uniop(df,'act_dep_time','04:29 PM',(['flight'], {('AA-484-DFW-MIA',)}),{left: ("[FunctionalDependency:(s: {flight}, t: {act_dep_time})]", 0.0), operator: *, right: (1.0, 1.0), result: 0.0})
now error: 0.0
Block processing time: 0.034886 seconds
Computing Block 111 out of 227
Processing Block size=19
begin cleaner{left: ("[FunctionalDependency:(s: {flight}, t: {act_dep_time})]", 0.0), operator: *, right: (1.0, 1.0), result: 0.0}
列 'p' 不存在，对列 act_dep_time 不过滤，直接选择所有非无效值。
clean_bool length:2
newest best op: Uniop(df,'act_dep_time','04:00 PM',(['flight'], {('UA-2726-FLL-PHL',)}),{left: ("[FunctionalDependency:(s: {flight}, t: {act_dep_time})]", 0.0), operator: *, right: (1.0, 1.0), result: 0.0})
now error: 0.0
Block processing time: 0.029196 seconds
Computing Block 112 out of 227
Processing Block size=13
begin cleaner{left: ("[FunctionalDependency:(s: {flight}, t: {act_dep_time})]", 0.0), operator: *, right: (1.0, 1.0), result: 0.0}
列 'p' 不存在，对列 act_dep_time 不过滤，直接选择所有非无效值。
clean_bool length:3
newest best op: Uniop(df,'act_dep_time','12:41 PM',(['flight'], {('CO-1614-LAX-IAH',)}),{left: ("[FunctionalDependency:(s: {flight}, t: {act_dep_time})]", 0.0), operator: *, right: (1.0, 1.0), result: 0.0})
now error: 0.0
newest best op: Uniop(df,'act_dep_time','12:41 AM',(['flight'], {('CO-1614-LAX-IAH',)}),{left: ("[FunctionalDependency:(s: {flight}, t: {act_dep_time})]", 0.0), operator: *, right: (1.0, 1.0), result: 0.0})
now error: 0.0
Block processing time: 0.029849 seconds
Computing Block 114 out of 227
Processing Block size=21
begin cleaner{left: ("[FunctionalDependency:(s: {flight}, t: {act_dep_time})]", 0.0), operator: *, right: (1.0, 1.0), result: 0.0}
列 'p' 不存在，对列 act_dep_time 不过滤，直接选择所有非无效值。
clean_bool length:2
newest best op: Uniop(df,'act_dep_time','09:14 AM',(['flight'], {('CO-1193-EWR-MCO',)}),{left: ("[FunctionalDependency:(s: {flight}, t: {act_dep_time})]", 0.0), operator: *, right: (1.0, 1.0), result: 0.0})
now error: 0.0
Block processing time: 0.031253 seconds
Computing Block 116 out of 227
Processing Block size=14
begin cleaner{left: ("[FunctionalDependency:(s: {flight}, t: {act_dep_time})]", 0.0), operator: *, right: (1.0, 1.0), result: 0.0}
列 'p' 不存在，对列 act_dep_time 不过滤，直接选择所有非无效值。
clean_bool length:2
newest best op: Uniop(df,'act_dep_time','01:48 PM',(['flight'], {('UA-37-EWR-MCO',)}),{left: ("[FunctionalDependency:(s: {flight}, t: {act_dep_time})]", 0.0), operator: *, right: (1.0, 1.0), result: 0.0})
now error: 0.0
Block processing time: 0.020954 seconds
Computing Block 121 out of 227
Processing Block size=21
begin cleaner{left: ("[FunctionalDependency:(s: {flight}, t: {act_dep_time})]", 0.0), operator: *, right: (1.0, 1.0), result: 0.0}
列 'p' 不存在，对列 act_dep_time 不过滤，直接选择所有非无效值。
clean_bool length:2
newest best op: Uniop(df,'act_dep_time','08:25 PM',(['flight'], {('AA-2312-DFW-DTW',)}),{left: ("[FunctionalDependency:(s: {flight}, t: {act_dep_time})]", 0.0), operator: *, right: (1.0, 1.0), result: 0.0})
now error: 0.0
Block processing time: 0.031171 seconds
Computing Block 124 out of 227
Processing Block size=15
begin cleaner{left: ("[FunctionalDependency:(s: {flight}, t: {act_dep_time})]", 0.0), operator: *, right: (1.0, 1.0), result: 0.0}
列 'p' 不存在，对列 act_dep_time 不过滤，直接选择所有非无效值。
clean_bool length:2
newest best op: Uniop(df,'act_dep_time','05:22 PM',(['flight'], {('CO-63-EWR-IAH',)}),{left: ("[FunctionalDependency:(s: {flight}, t: {act_dep_time})]", 0.0), operator: *, right: (1.0, 1.0), result: 0.0})
now error: 0.0
Block processing time: 0.022251 seconds
Computing Block 128 out of 227
Processing Block size=18
begin cleaner{left: ("[FunctionalDependency:(s: {flight}, t: {act_dep_time})]", 0.0), operator: *, right: (1.0, 1.0), result: 0.0}
列 'p' 不存在，对列 act_dep_time 不过滤，直接选择所有非无效值。
clean_bool length:2
newest best op: Uniop(df,'act_dep_time','08:29 AM',(['flight'], {('UA-397-JFK-SFO',)}),{left: ("[FunctionalDependency:(s: {flight}, t: {act_dep_time})]", 0.0), operator: *, right: (1.0, 1.0), result: 0.0})
now error: 0.0
Block processing time: 0.026795 seconds
Computing Block 129 out of 227
Processing Block size=19
begin cleaner{left: ("[FunctionalDependency:(s: {flight}, t: {act_dep_time})]", 0.0), operator: *, right: (1.0, 1.0), result: 0.0}
列 'p' 不存在，对列 act_dep_time 不过滤，直接选择所有非无效值。
clean_bool length:2
newest best op: Uniop(df,'act_dep_time','03:31 PM',(['flight'], {('CO-50-CLE-EWR',)}),{left: ("[FunctionalDependency:(s: {flight}, t: {act_dep_time})]", 0.0), operator: *, right: (1.0, 1.0), result: 0.0})
now error: 0.0
Block processing time: 0.028453 seconds
Computing Block 130 out of 227
Processing Block size=15
begin cleaner{left: ("[FunctionalDependency:(s: {flight}, t: {act_dep_time})]", 0.0), operator: *, right: (1.0, 1.0), result: 0.0}
列 'p' 不存在，对列 act_dep_time 不过滤，直接选择所有非无效值。
clean_bool length:2
newest best op: Uniop(df,'act_dep_time','08:00 AM',(['flight'], {('CO-1561-PHX-IAH',)}),{left: ("[FunctionalDependency:(s: {flight}, t: {act_dep_time})]", 0.0), operator: *, right: (1.0, 1.0), result: 0.0})
now error: 0.0
Block processing time: 0.022564 seconds
Computing Block 132 out of 227
Processing Block size=22
begin cleaner{left: ("[FunctionalDependency:(s: {flight}, t: {act_dep_time})]", 0.0), operator: *, right: (1.0, 1.0), result: 0.0}
列 'p' 不存在，对列 act_dep_time 不过滤，直接选择所有非无效值。
clean_bool length:2
newest best op: Uniop(df,'act_dep_time','02:26 PM',(['flight'], {('UA-257-JFK-SFO',)}),{left: ("[FunctionalDependency:(s: {flight}, t: {act_dep_time})]", 0.0), operator: *, right: (1.0, 1.0), result: 0.0})
now error: 0.0
Block processing time: 0.033439 seconds
Computing Block 133 out of 227
Processing Block size=19
begin cleaner{left: ("[FunctionalDependency:(s: {flight}, t: {act_dep_time})]", 0.0), operator: *, right: (1.0, 1.0), result: 0.0}
列 'p' 不存在，对列 act_dep_time 不过滤，直接选择所有非无效值。
clean_bool length:2
newest best op: Uniop(df,'act_dep_time','08:56 AM',(['flight'], {('AA-415-BOS-ORD',)}),{left: ("[FunctionalDependency:(s: {flight}, t: {act_dep_time})]", 0.0), operator: *, right: (1.0, 1.0), result: 0.0})
now error: 0.0
Block processing time: 0.029084 seconds
Computing Block 136 out of 227
Processing Block size=20
begin cleaner{left: ("[FunctionalDependency:(s: {flight}, t: {act_dep_time})]", 0.0), operator: *, right: (1.0, 1.0), result: 0.0}
列 'p' 不存在，对列 act_dep_time 不过滤，直接选择所有非无效值。
Block processing time: 0.01509 seconds
Computing Block 139 out of 227
Processing Block size=18
begin cleaner{left: ("[FunctionalDependency:(s: {flight}, t: {act_dep_time})]", 0.0), operator: *, right: (1.0, 1.0), result: 0.0}
列 'p' 不存在，对列 act_dep_time 不过滤，直接选择所有非无效值。
clean_bool length:2
newest best op: Uniop(df,'act_dep_time','12:13 PM',(['flight'], {('AA-4344-ORD-DTW',)}),{left: ("[FunctionalDependency:(s: {flight}, t: {act_dep_time})]", 0.0), operator: *, right: (1.0, 1.0), result: 0.0})
now error: 0.0
Block processing time: 0.026885 seconds
Computing Block 143 out of 227
Processing Block size=21
begin cleaner{left: ("[FunctionalDependency:(s: {flight}, t: {act_dep_time})]", 0.0), operator: *, right: (1.0, 1.0), result: 0.0}
列 'p' 不存在，对列 act_dep_time 不过滤，直接选择所有非无效值。
clean_bool length:2
newest best op: Uniop(df,'act_dep_time','01:30 PM',(['flight'], {('AA-649-ORD-SNA',)}),{left: ("[FunctionalDependency:(s: {flight}, t: {act_dep_time})]", 0.0), operator: *, right: (1.0, 1.0), result: 0.0})
now error: 0.0
Block processing time: 0.031285 seconds
Computing Block 149 out of 227
Processing Block size=18
begin cleaner{left: ("[FunctionalDependency:(s: {flight}, t: {act_dep_time})]", 0.0), operator: *, right: (1.0, 1.0), result: 0.0}
列 'p' 不存在，对列 act_dep_time 不过滤，直接选择所有非无效值。
clean_bool length:2
newest best op: Uniop(df,'act_dep_time','03:27 PM',(['flight'], {('UA-2830-MCO-CLT',)}),{left: ("[FunctionalDependency:(s: {flight}, t: {act_dep_time})]", 0.0), operator: *, right: (1.0, 1.0), result: 0.0})
now error: 0.0
Block processing time: 0.02689 seconds
Computing Block 150 out of 227
Processing Block size=19
begin cleaner{left: ("[FunctionalDependency:(s: {flight}, t: {act_dep_time})]", 0.0), operator: *, right: (1.0, 1.0), result: 0.0}
列 'p' 不存在，对列 act_dep_time 不过滤，直接选择所有非无效值。
clean_bool length:2
newest best op: Uniop(df,'act_dep_time','08:26 AM',(['flight'], {('UA-3373-IAD-PHL',)}),{left: ("[FunctionalDependency:(s: {flight}, t: {act_dep_time})]", 0.0), operator: *, right: (1.0, 1.0), result: 0.0})
now error: 0.0
Block processing time: 0.02857 seconds
Computing Block 151 out of 227
Processing Block size=23
begin cleaner{left: ("[FunctionalDependency:(s: {flight}, t: {act_dep_time})]", 0.0), operator: *, right: (1.0, 1.0), result: 0.0}
列 'p' 不存在，对列 act_dep_time 不过滤，直接选择所有非无效值。
Block processing time: 0.017142 seconds
Computing Block 152 out of 227
Processing Block size=12
begin cleaner{left: ("[FunctionalDependency:(s: {flight}, t: {act_dep_time})]", 0.0), operator: *, right: (1.0, 1.0), result: 0.0}
列 'p' 不存在，对列 act_dep_time 不过滤，直接选择所有非无效值。
clean_bool length:2
newest best op: Uniop(df,'act_dep_time','08:12 AM',(['flight'], {('UA-3515-IAD-MSP',)}),{left: ("[FunctionalDependency:(s: {flight}, t: {act_dep_time})]", 0.0), operator: *, right: (1.0, 1.0), result: 0.0})
now error: 0.0
Block processing time: 0.018052 seconds
Computing Block 158 out of 227
Processing Block size=15
begin cleaner{left: ("[FunctionalDependency:(s: {flight}, t: {act_dep_time})]", 0.0), operator: *, right: (1.0, 1.0), result: 0.0}
列 'p' 不存在，对列 act_dep_time 不过滤，直接选择所有非无效值。
clean_bool length:2
newest best op: Uniop(df,'act_dep_time','11:56 AM',(['flight'], {('CO-1023-IAH-DEN',)}),{left: ("[FunctionalDependency:(s: {flight}, t: {act_dep_time})]", 0.0), operator: *, right: (1.0, 1.0), result: 0.0})
now error: 0.0
Block processing time: 0.022476 seconds
Computing Block 159 out of 227
Processing Block size=25
begin cleaner{left: ("[FunctionalDependency:(s: {flight}, t: {act_dep_time})]", 0.0), operator: *, right: (1.0, 1.0), result: 0.0}
列 'p' 不存在，对列 act_dep_time 不过滤，直接选择所有非无效值。
clean_bool length:2
newest best op: Uniop(df,'act_dep_time','01:19 PM',(['flight'], {('AA-789-ORD-DEN',)}),{left: ("[FunctionalDependency:(s: {flight}, t: {act_dep_time})]", 0.0), operator: *, right: (1.0, 1.0), result: 0.0})
now error: 0.0
Block processing time: 0.036626 seconds
Computing Block 160 out of 227
Processing Block size=21
begin cleaner{left: ("[FunctionalDependency:(s: {flight}, t: {act_dep_time})]", 0.0), operator: *, right: (1.0, 1.0), result: 0.0}
列 'p' 不存在，对列 act_dep_time 不过滤，直接选择所有非无效值。
clean_bool length:2
newest best op: Uniop(df,'act_dep_time','02:04 PM',(['flight'], {('AA-1279-DFW-PHX',)}),{left: ("[FunctionalDependency:(s: {flight}, t: {act_dep_time})]", 0.0), operator: *, right: (1.0, 1.0), result: 0.0})
now error: 0.0
Block processing time: 0.030818 seconds
Computing Block 163 out of 227
Processing Block size=21
begin cleaner{left: ("[FunctionalDependency:(s: {flight}, t: {act_dep_time})]", 0.0), operator: *, right: (1.0, 1.0), result: 0.0}
列 'p' 不存在，对列 act_dep_time 不过滤，直接选择所有非无效值。
clean_bool length:2
newest best op: Uniop(df,'act_dep_time','10:18 AM',(['flight'], {('AA-1664-MIA-ATL',)}),{left: ("[FunctionalDependency:(s: {flight}, t: {act_dep_time})]", 0.0), operator: *, right: (1.0, 1.0), result: 0.0})
now error: 0.0
Block processing time: 0.030982 seconds
Computing Block 165 out of 227
Processing Block size=22
begin cleaner{left: ("[FunctionalDependency:(s: {flight}, t: {act_dep_time})]", 0.0), operator: *, right: (1.0, 1.0), result: 0.0}
列 'p' 不存在，对列 act_dep_time 不过滤，直接选择所有非无效值。
clean_bool length:2
newest best op: Uniop(df,'act_dep_time','03:27 PM',(['flight'], {('AA-1917-JFK-MCO',)}),{left: ("[FunctionalDependency:(s: {flight}, t: {act_dep_time})]", 0.0), operator: *, right: (1.0, 1.0), result: 0.0})
now error: 0.0
Block processing time: 0.032522 seconds
Computing Block 168 out of 227
Processing Block size=19
begin cleaner{left: ("[FunctionalDependency:(s: {flight}, t: {act_dep_time})]", 0.0), operator: *, right: (1.0, 1.0), result: 0.0}
列 'p' 不存在，对列 act_dep_time 不过滤，直接选择所有非无效值。
clean_bool length:2
newest best op: Uniop(df,'act_dep_time','07:21 AM',(['flight'], {('AA-1434-DFW-MCO',)}),{left: ("[FunctionalDependency:(s: {flight}, t: {act_dep_time})]", 0.0), operator: *, right: (1.0, 1.0), result: 0.0})
now error: 0.0
Block processing time: 0.028618 seconds
Computing Block 170 out of 227
Processing Block size=19
begin cleaner{left: ("[FunctionalDependency:(s: {flight}, t: {act_dep_time})]", 0.0), operator: *, right: (1.0, 1.0), result: 0.0}
列 'p' 不存在，对列 act_dep_time 不过滤，直接选择所有非无效值。
clean_bool length:2
newest best op: Uniop(df,'act_dep_time','12:35 PM',(['flight'], {('UA-382-IAD-LAX',)}),{left: ("[FunctionalDependency:(s: {flight}, t: {act_dep_time})]", 0.0), operator: *, right: (1.0, 1.0), result: 0.0})
now error: 0.0
Block processing time: 0.028137 seconds
Computing Block 172 out of 227
Processing Block size=21
begin cleaner{left: ("[FunctionalDependency:(s: {flight}, t: {act_dep_time})]", 0.0), operator: *, right: (1.0, 1.0), result: 0.0}
列 'p' 不存在，对列 act_dep_time 不过滤，直接选择所有非无效值。
clean_bool length:2
newest best op: Uniop(df,'act_dep_time','11:30 AM',(['flight'], {('UA-3050-PHX-CLT',)}),{left: ("[FunctionalDependency:(s: {flight}, t: {act_dep_time})]", 0.0), operator: *, right: (1.0, 1.0), result: 0.0})
now error: 0.0
Block processing time: 0.031239 seconds
Computing Block 173 out of 227
Processing Block size=21
begin cleaner{left: ("[FunctionalDependency:(s: {flight}, t: {act_dep_time})]", 0.0), operator: *, right: (1.0, 1.0), result: 0.0}
列 'p' 不存在，对列 act_dep_time 不过滤，直接选择所有非无效值。
clean_bool length:2
newest best op: Uniop(df,'act_dep_time','08:04 AM',(['flight'], {('AA-2957-DFW-CVG',)}),{left: ("[FunctionalDependency:(s: {flight}, t: {act_dep_time})]", 0.0), operator: *, right: (1.0, 1.0), result: 0.0})
now error: 0.0
Block processing time: 0.031207 seconds
Computing Block 175 out of 227
Processing Block size=20
begin cleaner{left: ("[FunctionalDependency:(s: {flight}, t: {act_dep_time})]", 0.0), operator: *, right: (1.0, 1.0), result: 0.0}
列 'p' 不存在，对列 act_dep_time 不过滤，直接选择所有非无效值。
Block processing time: 0.014953 seconds
Computing Block 181 out of 227
Processing Block size=15
begin cleaner{left: ("[FunctionalDependency:(s: {flight}, t: {act_dep_time})]", 0.0), operator: *, right: (1.0, 1.0), result: 0.0}
列 'p' 不存在，对列 act_dep_time 不过滤，直接选择所有非无效值。
clean_bool length:2
newest best op: Uniop(df,'act_dep_time','08:40 AM',(['flight'], {('CO-1088-CLE-IAH',)}),{left: ("[FunctionalDependency:(s: {flight}, t: {act_dep_time})]", 0.0), operator: *, right: (1.0, 1.0), result: 0.0})
now error: 0.0
Block processing time: 0.023285 seconds
Computing Block 182 out of 227
Processing Block size=19
begin cleaner{left: ("[FunctionalDependency:(s: {flight}, t: {act_dep_time})]", 0.0), operator: *, right: (1.0, 1.0), result: 0.0}
列 'p' 不存在，对列 act_dep_time 不过滤，直接选择所有非无效值。
clean_bool length:2
newest best op: Uniop(df,'act_dep_time','12:11 PM',(['flight'], {('AA-3-JFK-LAX',)}),{left: ("[FunctionalDependency:(s: {flight}, t: {act_dep_time})]", 0.0), operator: *, right: (1.0, 1.0), result: 0.0})
now error: 0.0
Block processing time: 0.029053 seconds
Computing Block 183 out of 227
Processing Block size=19
begin cleaner{left: ("[FunctionalDependency:(s: {flight}, t: {act_dep_time})]", 0.0), operator: *, right: (1.0, 1.0), result: 0.0}
列 'p' 不存在，对列 act_dep_time 不过滤，直接选择所有非无效值。
clean_bool length:2
newest best op: Uniop(df,'act_dep_time','06:54 AM',(['flight'], {('AA-518-MIA-JFK',)}),{left: ("[FunctionalDependency:(s: {flight}, t: {act_dep_time})]", 0.0), operator: *, right: (1.0, 1.0), result: 0.0})
now error: 0.0
Block processing time: 0.028112 seconds
Computing Block 184 out of 227
Processing Block size=17
begin cleaner{left: ("[FunctionalDependency:(s: {flight}, t: {act_dep_time})]", 0.0), operator: *, right: (1.0, 1.0), result: 0.0}
列 'p' 不存在，对列 act_dep_time 不过滤，直接选择所有非无效值。
clean_bool length:2
newest best op: Uniop(df,'act_dep_time','10:19 AM',(['flight'], {('CO-1090-BOS-IAH',)}),{left: ("[FunctionalDependency:(s: {flight}, t: {act_dep_time})]", 0.0), operator: *, right: (1.0, 1.0), result: 0.0})
now error: 0.0
Block processing time: 0.025686 seconds
Computing Block 185 out of 227
Processing Block size=18
begin cleaner{left: ("[FunctionalDependency:(s: {flight}, t: {act_dep_time})]", 0.0), operator: *, right: (1.0, 1.0), result: 0.0}
列 'p' 不存在，对列 act_dep_time 不过滤，直接选择所有非无效值。
clean_bool length:2
newest best op: Uniop(df,'act_dep_time','03:01 PM',(['flight'], {('CO-1250-MIA-IAH',)}),{left: ("[FunctionalDependency:(s: {flight}, t: {act_dep_time})]", 0.0), operator: *, right: (1.0, 1.0), result: 0.0})
now error: 0.0
Block processing time: 0.026935 seconds
Computing Block 192 out of 227
Processing Block size=17
begin cleaner{left: ("[FunctionalDependency:(s: {flight}, t: {act_dep_time})]", 0.0), operator: *, right: (1.0, 1.0), result: 0.0}
列 'p' 不存在，对列 act_dep_time 不过滤，直接选择所有非无效值。
clean_bool length:2
newest best op: Uniop(df,'act_dep_time','01:32 PM',(['flight'], {('UA-248-PHX-ORD',)}),{left: ("[FunctionalDependency:(s: {flight}, t: {act_dep_time})]", 0.0), operator: *, right: (1.0, 1.0), result: 0.0})
now error: 0.0
Block processing time: 0.025285 seconds
Computing Block 195 out of 227
Processing Block size=22
begin cleaner{left: ("[FunctionalDependency:(s: {flight}, t: {act_dep_time})]", 0.0), operator: *, right: (1.0, 1.0), result: 0.0}
列 'p' 不存在，对列 act_dep_time 不过滤，直接选择所有非无效值。
clean_bool length:2
newest best op: Uniop(df,'act_dep_time','11:08 PM',(['flight'], {('UA-828-SFO-ORD',)}),{left: ("[FunctionalDependency:(s: {flight}, t: {act_dep_time})]", 0.0), operator: *, right: (1.0, 1.0), result: 0.0})
now error: 0.0
Block processing time: 0.032549 seconds
Computing Block 196 out of 227
Processing Block size=22
begin cleaner{left: ("[FunctionalDependency:(s: {flight}, t: {act_dep_time})]", 0.0), operator: *, right: (1.0, 1.0), result: 0.0}
列 'p' 不存在，对列 act_dep_time 不过滤，直接选择所有非无效值。
clean_bool length:2
newest best op: Uniop(df,'act_dep_time','07:25 AM',(['flight'], {('AA-3468-CVG-MIA',)}),{left: ("[FunctionalDependency:(s: {flight}, t: {act_dep_time})]", 0.0), operator: *, right: (1.0, 1.0), result: 0.0})
now error: 0.0
Block processing time: 0.032967 seconds
Computing Block 199 out of 227
Processing Block size=19
begin cleaner{left: ("[FunctionalDependency:(s: {flight}, t: {act_dep_time})]", 0.0), operator: *, right: (1.0, 1.0), result: 0.0}
列 'p' 不存在，对列 act_dep_time 不过滤，直接选择所有非无效值。
clean_bool length:2
newest best op: Uniop(df,'act_dep_time','08:25 PM',(['flight'], {('CO-47-IAH-LAX',)}),{left: ("[FunctionalDependency:(s: {flight}, t: {act_dep_time})]", 0.0), operator: *, right: (1.0, 1.0), result: 0.0})
now error: 0.0
Block processing time: 0.02842 seconds
Computing Block 200 out of 227
Processing Block size=21
begin cleaner{left: ("[FunctionalDependency:(s: {flight}, t: {act_dep_time})]", 0.0), operator: *, right: (1.0, 1.0), result: 0.0}
列 'p' 不存在，对列 act_dep_time 不过滤，直接选择所有非无效值。
clean_bool length:2
newest best op: Uniop(df,'act_dep_time','02:44 PM',(['flight'], {('AA-3804-PHL-ORD',)}),{left: ("[FunctionalDependency:(s: {flight}, t: {act_dep_time})]", 0.0), operator: *, right: (1.0, 1.0), result: 0.0})
now error: 0.0
Block processing time: 0.031198 seconds
Computing Block 203 out of 227
Processing Block size=24
begin cleaner{left: ("[FunctionalDependency:(s: {flight}, t: {act_dep_time})]", 0.0), operator: *, right: (1.0, 1.0), result: 0.0}
列 'p' 不存在，对列 act_dep_time 不过滤，直接选择所有非无效值。
clean_bool length:2
newest best op: Uniop(df,'act_dep_time','06:57 AM',(['flight'], {('AA-404-MIA-MCO',)}),{left: ("[FunctionalDependency:(s: {flight}, t: {act_dep_time})]", 0.0), operator: *, right: (1.0, 1.0), result: 0.0})
now error: 0.0
Block processing time: 0.035669 seconds
Computing Block 204 out of 227
Processing Block size=20
begin cleaner{left: ("[FunctionalDependency:(s: {flight}, t: {act_dep_time})]", 0.0), operator: *, right: (1.0, 1.0), result: 0.0}
列 'p' 不存在，对列 act_dep_time 不过滤，直接选择所有非无效值。
clean_bool length:2
newest best op: Uniop(df,'act_dep_time','03:58 PM',(['flight'], {('CO-45-EWR-MIA',)}),{left: ("[FunctionalDependency:(s: {flight}, t: {act_dep_time})]", 0.0), operator: *, right: (1.0, 1.0), result: 0.0})
now error: 0.0
Block processing time: 0.029891 seconds
Computing Block 205 out of 227
Processing Block size=20
begin cleaner{left: ("[FunctionalDependency:(s: {flight}, t: {act_dep_time})]", 0.0), operator: *, right: (1.0, 1.0), result: 0.0}
列 'p' 不存在，对列 act_dep_time 不过滤，直接选择所有非无效值。
clean_bool length:2
newest best op: Uniop(df,'act_dep_time','11:52 AM',(['flight'], {('AA-271-MIA-LAX',)}),{left: ("[FunctionalDependency:(s: {flight}, t: {act_dep_time})]", 0.0), operator: *, right: (1.0, 1.0), result: 0.0})
now error: 0.0
Block processing time: 0.029851 seconds
Computing Block 207 out of 227
Processing Block size=20
begin cleaner{left: ("[FunctionalDependency:(s: {flight}, t: {act_dep_time})]", 0.0), operator: *, right: (1.0, 1.0), result: 0.0}
列 'p' 不存在，对列 act_dep_time 不过滤，直接选择所有非无效值。
clean_bool length:2
newest best op: Uniop(df,'act_dep_time','11:25 PM',(['flight'], {('AA-204-LAX-MCO',)}),{left: ("[FunctionalDependency:(s: {flight}, t: {act_dep_time})]", 0.0), operator: *, right: (1.0, 1.0), result: 0.0})
now error: 0.0
Block processing time: 0.029914 seconds
Computing Block 210 out of 227
Processing Block size=17
begin cleaner{left: ("[FunctionalDependency:(s: {flight}, t: {act_dep_time})]", 0.0), operator: *, right: (1.0, 1.0), result: 0.0}
列 'p' 不存在，对列 act_dep_time 不过滤，直接选择所有非无效值。
clean_bool length:2
newest best op: Uniop(df,'act_dep_time','11:32 AM',(['flight'], {('CO-58-DEN-IAH',)}),{left: ("[FunctionalDependency:(s: {flight}, t: {act_dep_time})]", 0.0), operator: *, right: (1.0, 1.0), result: 0.0})
now error: 0.0
Block processing time: 0.025436 seconds
Computing Block 213 out of 227
Processing Block size=21
begin cleaner{left: ("[FunctionalDependency:(s: {flight}, t: {act_dep_time})]", 0.0), operator: *, right: (1.0, 1.0), result: 0.0}
列 'p' 不存在，对列 act_dep_time 不过滤，直接选择所有非无效值。
clean_bool length:2
newest best op: Uniop(df,'act_dep_time','04:28 PM',(['flight'], {('UA-2906-PHL-MCO',)}),{left: ("[FunctionalDependency:(s: {flight}, t: {act_dep_time})]", 0.0), operator: *, right: (1.0, 1.0), result: 0.0})
now error: 0.0
Block processing time: 0.031876 seconds
Computing Block 214 out of 227
Processing Block size=18
begin cleaner{left: ("[FunctionalDependency:(s: {flight}, t: {act_dep_time})]", 0.0), operator: *, right: (1.0, 1.0), result: 0.0}
列 'p' 不存在，对列 act_dep_time 不过滤，直接选择所有非无效值。
clean_bool length:2
newest best op: Uniop(df,'act_dep_time','11:55 PM',(['flight'], {('AA-1522-SFO-ORD',)}),{left: ("[FunctionalDependency:(s: {flight}, t: {act_dep_time})]", 0.0), operator: *, right: (1.0, 1.0), result: 0.0})
now error: 0.0
Block processing time: 0.027445 seconds
Computing Block 219 out of 227
Processing Block size=24
begin cleaner{left: ("[FunctionalDependency:(s: {flight}, t: {act_dep_time})]", 0.0), operator: *, right: (1.0, 1.0), result: 0.0}
列 'p' 不存在，对列 act_dep_time 不过滤，直接选择所有非无效值。
clean_bool length:2
newest best op: Uniop(df,'act_dep_time','01:31 PM',(['flight'], {('UA-664-ORD-PHL',)}),{left: ("[FunctionalDependency:(s: {flight}, t: {act_dep_time})]", 0.0), operator: *, right: (1.0, 1.0), result: 0.0})
now error: 0.0
Block processing time: 0.036549 seconds
Computing Block 226 out of 227
Processing Block size=17
WARNING:root:No partitioning rule specified, processing might be slow
begin cleaner{left: ("[FunctionalDependency:(s: {flight}, t: {act_dep_time})]", 0.0), operator: *, right: (1.0, 1.0), result: 0.0}
列 'p' 不存在，对列 act_dep_time 不过滤，直接选择所有非无效值。
clean_bool length:2
newest best op: Uniop(df,'act_dep_time','07:14 PM',(['flight'], {('CO-1586-IAH-MCO',)}),{left: ("[FunctionalDependency:(s: {flight}, t: {act_dep_time})]", 0.0), operator: *, right: (1.0, 1.0), result: 0.0})
now error: 0.0
Block processing time: 0.025888 seconds
  当前节点: act_dep_time 有 95 个清洗操作
  当前节点: sched_arr_time 存在可用清洗信号
数据块大小: 2376
分块属性:
[['flight']]
Starting initial block mapping...
Initial number of blocks: 227
Final number of blocks after further splitting: 227
Computing Block 2 out of 227
Processing Block size=23
begin cleaner[FunctionalDependency:(s: {'flight'}, t: {'sched_arr_time'})]*1.0
列 'p' 不存在，对列 sched_arr_time 不过滤，直接选择所有非无效值。
clean_bool length:2
newest best op: Uniop(df,'sched_arr_time','02:45 PM',(['flight'], {('AA-2050-ORD-MIA',)}),{left: ("[FunctionalDependency:(s: {flight}, t: {sched_arr_time})]", 0.0), operator: *, right: (1.0, 1.0), result: 0.0})
now error: 0.0
Block processing time: 0.03533 seconds
Computing Block 4 out of 227
Processing Block size=17
begin cleaner{left: ("[FunctionalDependency:(s: {flight}, t: {sched_arr_time})]", 0.0), operator: *, right: (1.0, 1.0), result: 0.0}
列 'p' 不存在，对列 sched_arr_time 不过滤，直接选择所有非无效值。
clean_bool length:2
newest best op: Uniop(df,'sched_arr_time','09:43 AM',(['flight'], {('UA-6273-YYC-SFO',)}),{left: ("[FunctionalDependency:(s: {flight}, t: {sched_arr_time})]", 0.0), operator: *, right: (1.0, 1.0), result: 0.0})
now error: 0.0
Block processing time: 0.0264 seconds
Computing Block 6 out of 227
Processing Block size=22
begin cleaner{left: ("[FunctionalDependency:(s: {flight}, t: {sched_arr_time})]", 0.0), operator: *, right: (1.0, 1.0), result: 0.0}
列 'p' 不存在，对列 sched_arr_time 不过滤，直接选择所有非无效值。
clean_bool length:2
newest best op: Uniop(df,'sched_arr_time','11:35 AM',(['flight'], {('AA-2268-PHX-ORD',)}),{left: ("[FunctionalDependency:(s: {flight}, t: {sched_arr_time})]", 0.0), operator: *, right: (1.0, 1.0), result: 0.0})
now error: 0.0
Block processing time: 0.033508 seconds
Computing Block 7 out of 227
Processing Block size=18
begin cleaner{left: ("[FunctionalDependency:(s: {flight}, t: {sched_arr_time})]", 0.0), operator: *, right: (1.0, 1.0), result: 0.0}
列 'p' 不存在，对列 sched_arr_time 不过滤，直接选择所有非无效值。
clean_bool length:2
newest best op: Uniop(df,'sched_arr_time','07:03 PM',(['flight'], {('UA-62-IAH-EWR',)}),{left: ("[FunctionalDependency:(s: {flight}, t: {sched_arr_time})]", 0.0), operator: *, right: (1.0, 1.0), result: 0.0})
now error: 0.0
Block processing time: 0.027626 seconds
Computing Block 9 out of 227
Processing Block size=22
begin cleaner{left: ("[FunctionalDependency:(s: {flight}, t: {sched_arr_time})]", 0.0), operator: *, right: (1.0, 1.0), result: 0.0}
列 'p' 不存在，对列 sched_arr_time 不过滤，直接选择所有非无效值。
clean_bool length:2
newest best op: Uniop(df,'sched_arr_time','06:40 AM',(['flight'], {('AA-3809-PHX-LAX',)}),{left: ("[FunctionalDependency:(s: {flight}, t: {sched_arr_time})]", 0.0), operator: *, right: (1.0, 1.0), result: 0.0})
now error: 0.0
Block processing time: 0.034125 seconds
Computing Block 11 out of 227
Processing Block size=16
begin cleaner{left: ("[FunctionalDependency:(s: {flight}, t: {sched_arr_time})]", 0.0), operator: *, right: (1.0, 1.0), result: 0.0}
列 'p' 不存在，对列 sched_arr_time 不过滤，直接选择所有非无效值。
clean_bool length:2
newest best op: Uniop(df,'sched_arr_time','01:40 PM',(['flight'], {('UA-2704-DTW-PHX',)}),{left: ("[FunctionalDependency:(s: {flight}, t: {sched_arr_time})]", 0.0), operator: *, right: (1.0, 1.0), result: 0.0})
now error: 0.0
Block processing time: 0.0256 seconds
Computing Block 12 out of 227
Processing Block size=20
begin cleaner{left: ("[FunctionalDependency:(s: {flight}, t: {sched_arr_time})]", 0.0), operator: *, right: (1.0, 1.0), result: 0.0}
列 'p' 不存在，对列 sched_arr_time 不过滤，直接选择所有非无效值。
clean_bool length:2
newest best op: Uniop(df,'sched_arr_time','02:59 PM',(['flight'], {('AA-400-DFW-JFK',)}),{left: ("[FunctionalDependency:(s: {flight}, t: {sched_arr_time})]", 0.0), operator: *, right: (1.0, 1.0), result: 0.0})
now error: 0.0
Block processing time: 0.03167 seconds
Computing Block 14 out of 227
Processing Block size=17
begin cleaner{left: ("[FunctionalDependency:(s: {flight}, t: {sched_arr_time})]", 0.0), operator: *, right: (1.0, 1.0), result: 0.0}
列 'p' 不存在，对列 sched_arr_time 不过滤，直接选择所有非无效值。
clean_bool length:2
newest best op: Uniop(df,'sched_arr_time','03:30 PM',(['flight'], {('AA-222-LAX-BOS',)}),{left: ("[FunctionalDependency:(s: {flight}, t: {sched_arr_time})]", 0.0), operator: *, right: (1.0, 1.0), result: 0.0})
now error: 0.0
Block processing time: 0.027153 seconds
Computing Block 15 out of 227
Processing Block size=20
begin cleaner{left: ("[FunctionalDependency:(s: {flight}, t: {sched_arr_time})]", 0.0), operator: *, right: (1.0, 1.0), result: 0.0}
列 'p' 不存在，对列 sched_arr_time 不过滤，直接选择所有非无效值。
clean_bool length:3
newest best op: Uniop(df,'sched_arr_time','12:29 AM',(['flight'], {('UA-233-LAX-JFK',)}),{left: ("[FunctionalDependency:(s: {flight}, t: {sched_arr_time})]", 0.0), operator: *, right: (1.0, 1.0), result: 0.0})
now error: 0.0
Block processing time: 0.048208 seconds
Computing Block 17 out of 227
Processing Block size=20
begin cleaner{left: ("[FunctionalDependency:(s: {flight}, t: {sched_arr_time})]", 0.0), operator: *, right: (1.0, 1.0), result: 0.0}
列 'p' 不存在，对列 sched_arr_time 不过滤，直接选择所有非无效值。
clean_bool length:2
newest best op: Uniop(df,'sched_arr_time','04:00 PM',(['flight'], {('AA-4330-CVG-ORD',)}),{left: ("[FunctionalDependency:(s: {flight}, t: {sched_arr_time})]", 0.0), operator: *, right: (1.0, 1.0), result: 0.0})
now error: 0.0
Block processing time: 0.031687 seconds
Computing Block 18 out of 227
Processing Block size=20
begin cleaner{left: ("[FunctionalDependency:(s: {flight}, t: {sched_arr_time})]", 0.0), operator: *, right: (1.0, 1.0), result: 0.0}
列 'p' 不存在，对列 sched_arr_time 不过滤，直接选择所有非无效值。
clean_bool length:2
newest best op: Uniop(df,'sched_arr_time','06:40 PM',(['flight'], {('CO-4888-IAH-DAL',)}),{left: ("[FunctionalDependency:(s: {flight}, t: {sched_arr_time})]", 0.0), operator: *, right: (1.0, 1.0), result: 0.0})
now error: 0.0
Block processing time: 0.031489 seconds
Computing Block 19 out of 227
Processing Block size=21
begin cleaner{left: ("[FunctionalDependency:(s: {flight}, t: {sched_arr_time})]", 0.0), operator: *, right: (1.0, 1.0), result: 0.0}
列 'p' 不存在，对列 sched_arr_time 不过滤，直接选择所有非无效值。
clean_bool length:2
newest best op: Uniop(df,'sched_arr_time','09:40 AM',(['flight'], {('AA-3859-IAH-ORD',)}),{left: ("[FunctionalDependency:(s: {flight}, t: {sched_arr_time})]", 0.0), operator: *, right: (1.0, 1.0), result: 0.0})
now error: 0.0
Block processing time: 0.033928 seconds
Computing Block 21 out of 227
Processing Block size=21
begin cleaner{left: ("[FunctionalDependency:(s: {flight}, t: {sched_arr_time})]", 0.0), operator: *, right: (1.0, 1.0), result: 0.0}
列 'p' 不存在，对列 sched_arr_time 不过滤，直接选择所有非无效值。
clean_bool length:2
newest best op: Uniop(df,'sched_arr_time','07:25 PM',(['flight'], {('AA-1640-MIA-MCO',)}),{left: ("[FunctionalDependency:(s: {flight}, t: {sched_arr_time})]", 0.0), operator: *, right: (1.0, 1.0), result: 0.0})
now error: 0.0
Block processing time: 0.034571 seconds
Computing Block 23 out of 227
Processing Block size=19
begin cleaner{left: ("[FunctionalDependency:(s: {flight}, t: {sched_arr_time})]", 0.0), operator: *, right: (1.0, 1.0), result: 0.0}
列 'p' 不存在，对列 sched_arr_time 不过滤，直接选择所有非无效值。
clean_bool length:2
newest best op: Uniop(df,'sched_arr_time','03:50 PM',(['flight'], {('AA-446-DFW-PHL',)}),{left: ("[FunctionalDependency:(s: {flight}, t: {sched_arr_time})]", 0.0), operator: *, right: (1.0, 1.0), result: 0.0})
now error: 0.0
Block processing time: 0.031625 seconds
Computing Block 26 out of 227
Processing Block size=14
begin cleaner{left: ("[FunctionalDependency:(s: {flight}, t: {sched_arr_time})]", 0.0), operator: *, right: (1.0, 1.0), result: 0.0}
列 'p' 不存在，对列 sched_arr_time 不过滤，直接选择所有非无效值。
clean_bool length:2
newest best op: Uniop(df,'sched_arr_time','11:45 AM',(['flight'], {('UA-1500-IAH-GUA',)}),{left: ("[FunctionalDependency:(s: {flight}, t: {sched_arr_time})]", 0.0), operator: *, right: (1.0, 1.0), result: 0.0})
now error: 0.0
Block processing time: 0.023546 seconds
Computing Block 27 out of 227
Processing Block size=17
begin cleaner{left: ("[FunctionalDependency:(s: {flight}, t: {sched_arr_time})]", 0.0), operator: *, right: (1.0, 1.0), result: 0.0}
列 'p' 不存在，对列 sched_arr_time 不过滤，直接选择所有非无效值。
clean_bool length:2
newest best op: Uniop(df,'sched_arr_time','02:20 PM',(['flight'], {('AA-1886-BOS-MIA',)}),{left: ("[FunctionalDependency:(s: {flight}, t: {sched_arr_time})]", 0.0), operator: *, right: (1.0, 1.0), result: 0.0})
now error: 0.0
Block processing time: 0.028668 seconds
Computing Block 30 out of 227
Processing Block size=21
begin cleaner{left: ("[FunctionalDependency:(s: {flight}, t: {sched_arr_time})]", 0.0), operator: *, right: (1.0, 1.0), result: 0.0}
列 'p' 不存在，对列 sched_arr_time 不过滤，直接选择所有非无效值。
clean_bool length:2
newest best op: Uniop(df,'sched_arr_time','12:35 PM',(['flight'], {('AA-616-DFW-DTW',)}),{left: ("[FunctionalDependency:(s: {flight}, t: {sched_arr_time})]", 0.0), operator: *, right: (1.0, 1.0), result: 0.0})
now error: 0.0
Block processing time: 0.037105 seconds
Computing Block 34 out of 227
Processing Block size=16
begin cleaner{left: ("[FunctionalDependency:(s: {flight}, t: {sched_arr_time})]", 0.0), operator: *, right: (1.0, 1.0), result: 0.0}
列 'p' 不存在，对列 sched_arr_time 不过滤，直接选择所有非无效值。
clean_bool length:2
newest best op: Uniop(df,'sched_arr_time','08:00 AM',(['flight'], {('AA-3979-CVG-ORD',)}),{left: ("[FunctionalDependency:(s: {flight}, t: {sched_arr_time})]", 0.0), operator: *, right: (1.0, 1.0), result: 0.0})
now error: 0.0
Block processing time: 0.028247 seconds
Computing Block 36 out of 227
Processing Block size=15
begin cleaner{left: ("[FunctionalDependency:(s: {flight}, t: {sched_arr_time})]", 0.0), operator: *, right: (1.0, 1.0), result: 0.0}
列 'p' 不存在，对列 sched_arr_time 不过滤，直接选择所有非无效值。
Block processing time: 0.012948 seconds
Computing Block 37 out of 227
Processing Block size=19
begin cleaner{left: ("[FunctionalDependency:(s: {flight}, t: {sched_arr_time})]", 0.0), operator: *, right: (1.0, 1.0), result: 0.0}
列 'p' 不存在，对列 sched_arr_time 不过滤，直接选择所有非无效值。
clean_bool length:2
newest best op: Uniop(df,'sched_arr_time','05:00 PM',(['flight'], {('UA-2314-ATL-PHL',)}),{left: ("[FunctionalDependency:(s: {flight}, t: {sched_arr_time})]", 0.0), operator: *, right: (1.0, 1.0), result: 0.0})
now error: 0.0
Block processing time: 0.031292 seconds
Computing Block 38 out of 227
Processing Block size=18
begin cleaner{left: ("[FunctionalDependency:(s: {flight}, t: {sched_arr_time})]", 0.0), operator: *, right: (1.0, 1.0), result: 0.0}
列 'p' 不存在，对列 sched_arr_time 不过滤，直接选择所有非无效值。
clean_bool length:2
newest best op: Uniop(df,'sched_arr_time','12:21 AM',(['flight'], {('CO-1694-LAX-IAH',)}),{left: ("[FunctionalDependency:(s: {flight}, t: {sched_arr_time})]", 0.0), operator: *, right: (1.0, 1.0), result: 0.0})
now error: 0.0
Block processing time: 0.029203 seconds
Computing Block 41 out of 227
Processing Block size=18
begin cleaner{left: ("[FunctionalDependency:(s: {flight}, t: {sched_arr_time})]", 0.0), operator: *, right: (1.0, 1.0), result: 0.0}
列 'p' 不存在，对列 sched_arr_time 不过滤，直接选择所有非无效值。
clean_bool length:2
newest best op: Uniop(df,'sched_arr_time','07:23 AM',(['flight'], {('UA-414-LAX-SFO',)}),{left: ("[FunctionalDependency:(s: {flight}, t: {sched_arr_time})]", 0.0), operator: *, right: (1.0, 1.0), result: 0.0})
now error: 0.0
Block processing time: 0.029124 seconds
Computing Block 42 out of 227
Processing Block size=23
begin cleaner{left: ("[FunctionalDependency:(s: {flight}, t: {sched_arr_time})]", 0.0), operator: *, right: (1.0, 1.0), result: 0.0}
列 'p' 不存在，对列 sched_arr_time 不过滤，直接选择所有非无效值。
clean_bool length:2
newest best op: Uniop(df,'sched_arr_time','09:10 PM',(['flight'], {('AA-4307-ORD-DTW',)}),{left: ("[FunctionalDependency:(s: {flight}, t: {sched_arr_time})]", 0.0), operator: *, right: (1.0, 1.0), result: 0.0})
now error: 0.0
Block processing time: 0.036926 seconds
Computing Block 43 out of 227
Processing Block size=24
begin cleaner{left: ("[FunctionalDependency:(s: {flight}, t: {sched_arr_time})]", 0.0), operator: *, right: (1.0, 1.0), result: 0.0}
列 'p' 不存在，对列 sched_arr_time 不过滤，直接选择所有非无效值。
clean_bool length:2
newest best op: Uniop(df,'sched_arr_time','10:45 AM',(['flight'], {('AA-59-JFK-SFO',)}),{left: ("[FunctionalDependency:(s: {flight}, t: {sched_arr_time})]", 0.0), operator: *, right: (1.0, 1.0), result: 0.0})
now error: 0.0
Block processing time: 0.038445 seconds
Computing Block 48 out of 227
Processing Block size=16
begin cleaner{left: ("[FunctionalDependency:(s: {flight}, t: {sched_arr_time})]", 0.0), operator: *, right: (1.0, 1.0), result: 0.0}
列 'p' 不存在，对列 sched_arr_time 不过滤，直接选择所有非无效值。
clean_bool length:2
newest best op: Uniop(df,'sched_arr_time','06:44 PM',(['flight'], {('CO-16-LAX-EWR',)}),{left: ("[FunctionalDependency:(s: {flight}, t: {sched_arr_time})]", 0.0), operator: *, right: (1.0, 1.0), result: 0.0})
now error: 0.0
Block processing time: 0.025314 seconds
Computing Block 50 out of 227
Processing Block size=21
begin cleaner{left: ("[FunctionalDependency:(s: {flight}, t: {sched_arr_time})]", 0.0), operator: *, right: (1.0, 1.0), result: 0.0}
列 'p' 不存在，对列 sched_arr_time 不过滤，直接选择所有非无效值。
clean_bool length:2
newest best op: Uniop(df,'sched_arr_time','02:15 PM',(['flight'], {('AA-4277-CVG-JFK',)}),{left: ("[FunctionalDependency:(s: {flight}, t: {sched_arr_time})]", 0.0), operator: *, right: (1.0, 1.0), result: 0.0})
now error: 0.0
Block processing time: 0.032419 seconds
Computing Block 51 out of 227
Processing Block size=17
begin cleaner{left: ("[FunctionalDependency:(s: {flight}, t: {sched_arr_time})]", 0.0), operator: *, right: (1.0, 1.0), result: 0.0}
列 'p' 不存在，对列 sched_arr_time 不过滤，直接选择所有非无效值。
clean_bool length:2
newest best op: Uniop(df,'sched_arr_time','11:10 AM',(['flight'], {('AA-2525-DFW-MIA',)}),{left: ("[FunctionalDependency:(s: {flight}, t: {sched_arr_time})]", 0.0), operator: *, right: (1.0, 1.0), result: 0.0})
now error: 0.0
Block processing time: 0.026343 seconds
Computing Block 54 out of 227
Processing Block size=17
begin cleaner{left: ("[FunctionalDependency:(s: {flight}, t: {sched_arr_time})]", 0.0), operator: *, right: (1.0, 1.0), result: 0.0}
列 'p' 不存在，对列 sched_arr_time 不过滤，直接选择所有非无效值。
clean_bool length:2
newest best op: Uniop(df,'sched_arr_time','08:05 PM',(['flight'], {('AA-1007-MIA-PHX',)}),{left: ("[FunctionalDependency:(s: {flight}, t: {sched_arr_time})]", 0.0), operator: *, right: (1.0, 1.0), result: 0.0})
now error: 0.0
Block processing time: 0.026582 seconds
Computing Block 60 out of 227
Processing Block size=18
begin cleaner{left: ("[FunctionalDependency:(s: {flight}, t: {sched_arr_time})]", 0.0), operator: *, right: (1.0, 1.0), result: 0.0}
列 'p' 不存在，对列 sched_arr_time 不过滤，直接选择所有非无效值。
clean_bool length:2
newest best op: Uniop(df,'sched_arr_time','07:03 PM',(['flight'], {('CO-62-IAH-EWR',)}),{left: ("[FunctionalDependency:(s: {flight}, t: {sched_arr_time})]", 0.0), operator: *, right: (1.0, 1.0), result: 0.0})
now error: 0.0
Block processing time: 0.028118 seconds
Computing Block 68 out of 227
Processing Block size=21
begin cleaner{left: ("[FunctionalDependency:(s: {flight}, t: {sched_arr_time})]", 0.0), operator: *, right: (1.0, 1.0), result: 0.0}
列 'p' 不存在，对列 sched_arr_time 不过滤，直接选择所有非无效值。
clean_bool length:2
newest best op: Uniop(df,'sched_arr_time','01:45 PM',(['flight'], {('UA-2945-PHL-CLT',)}),{left: ("[FunctionalDependency:(s: {flight}, t: {sched_arr_time})]", 0.0), operator: *, right: (1.0, 1.0), result: 0.0})
now error: 0.0
Block processing time: 0.032409 seconds
Computing Block 69 out of 227
Processing Block size=22
begin cleaner{left: ("[FunctionalDependency:(s: {flight}, t: {sched_arr_time})]", 0.0), operator: *, right: (1.0, 1.0), result: 0.0}
列 'p' 不存在，对列 sched_arr_time 不过滤，直接选择所有非无效值。
clean_bool length:2
newest best op: Uniop(df,'sched_arr_time','12:15 AM',(['flight'], {('AA-3823-LAX-DEN',)}),{left: ("[FunctionalDependency:(s: {flight}, t: {sched_arr_time})]", 0.0), operator: *, right: (1.0, 1.0), result: 0.0})
now error: 0.0
Block processing time: 0.033319 seconds
Computing Block 73 out of 227
Processing Block size=16
begin cleaner{left: ("[FunctionalDependency:(s: {flight}, t: {sched_arr_time})]", 0.0), operator: *, right: (1.0, 1.0), result: 0.0}
列 'p' 不存在，对列 sched_arr_time 不过滤，直接选择所有非无效值。
clean_bool length:2
newest best op: Uniop(df,'sched_arr_time','05:25 PM',(['flight'], {('AA-1544-SAN-ORD',)}),{left: ("[FunctionalDependency:(s: {flight}, t: {sched_arr_time})]", 0.0), operator: *, right: (1.0, 1.0), result: 0.0})
now error: 0.0
Block processing time: 0.023849 seconds
Computing Block 74 out of 227
Processing Block size=22
begin cleaner{left: ("[FunctionalDependency:(s: {flight}, t: {sched_arr_time})]", 0.0), operator: *, right: (1.0, 1.0), result: 0.0}
列 'p' 不存在，对列 sched_arr_time 不过滤，直接选择所有非无效值。
clean_bool length:3
newest best op: Uniop(df,'sched_arr_time','12:30 AM',(['flight'], {('AA-1733-ORD-PHX',)}),{left: ("[FunctionalDependency:(s: {flight}, t: {sched_arr_time})]", 0.0), operator: *, right: (1.0, 1.0), result: 0.0})
now error: 0.0
newest best op: Uniop(df,'sched_arr_time','10:30 PM',(['flight'], {('AA-1733-ORD-PHX',)}),{left: ("[FunctionalDependency:(s: {flight}, t: {sched_arr_time})]", 0.0), operator: *, right: (1.0, 1.0), result: 0.0})
now error: 0.0
Block processing time: 0.049528 seconds
Computing Block 75 out of 227
Processing Block size=16
begin cleaner{left: ("[FunctionalDependency:(s: {flight}, t: {sched_arr_time})]", 0.0), operator: *, right: (1.0, 1.0), result: 0.0}
列 'p' 不存在，对列 sched_arr_time 不过滤，直接选择所有非无效值。
clean_bool length:2
newest best op: Uniop(df,'sched_arr_time','11:53 AM',(['flight'], {('UA-37-EDI-EWR',)}),{left: ("[FunctionalDependency:(s: {flight}, t: {sched_arr_time})]", 0.0), operator: *, right: (1.0, 1.0), result: 0.0})
now error: 0.0
Block processing time: 0.023878 seconds
Computing Block 76 out of 227
Processing Block size=19
begin cleaner{left: ("[FunctionalDependency:(s: {flight}, t: {sched_arr_time})]", 0.0), operator: *, right: (1.0, 1.0), result: 0.0}
列 'p' 不存在，对列 sched_arr_time 不过滤，直接选择所有非无效值。
clean_bool length:2
newest best op: Uniop(df,'sched_arr_time','06:17 PM',(['flight'], {('UA-3099-PHX-PHL',)}),{left: ("[FunctionalDependency:(s: {flight}, t: {sched_arr_time})]", 0.0), operator: *, right: (1.0, 1.0), result: 0.0})
now error: 0.0
Block processing time: 0.028299 seconds
Computing Block 77 out of 227
Processing Block size=21
begin cleaner{left: ("[FunctionalDependency:(s: {flight}, t: {sched_arr_time})]", 0.0), operator: *, right: (1.0, 1.0), result: 0.0}
列 'p' 不存在，对列 sched_arr_time 不过滤，直接选择所有非无效值。
clean_bool length:2
newest best op: Uniop(df,'sched_arr_time','02:45 PM',(['flight'], {('AA-3756-ORD-SLC',)}),{left: ("[FunctionalDependency:(s: {flight}, t: {sched_arr_time})]", 0.0), operator: *, right: (1.0, 1.0), result: 0.0})
now error: 0.0
Block processing time: 0.031017 seconds
Computing Block 78 out of 227
Processing Block size=15
begin cleaner{left: ("[FunctionalDependency:(s: {flight}, t: {sched_arr_time})]", 0.0), operator: *, right: (1.0, 1.0), result: 0.0}
列 'p' 不存在，对列 sched_arr_time 不过滤，直接选择所有非无效值。
clean_bool length:2
newest best op: Uniop(df,'sched_arr_time','07:53 PM',(['flight'], {('UA-843-LAX-ORD',)}),{left: ("[FunctionalDependency:(s: {flight}, t: {sched_arr_time})]", 0.0), operator: *, right: (1.0, 1.0), result: 0.0})
now error: 0.0
Block processing time: 0.02248 seconds
Computing Block 80 out of 227
Processing Block size=18
begin cleaner{left: ("[FunctionalDependency:(s: {flight}, t: {sched_arr_time})]", 0.0), operator: *, right: (1.0, 1.0), result: 0.0}
列 'p' 不存在，对列 sched_arr_time 不过滤，直接选择所有非无效值。
clean_bool length:2
newest best op: Uniop(df,'sched_arr_time','09:20 PM',(['flight'], {('AA-3063-SLC-LAX',)}),{left: ("[FunctionalDependency:(s: {flight}, t: {sched_arr_time})]", 0.0), operator: *, right: (1.0, 1.0), result: 0.0})
now error: 0.0
Block processing time: 0.026714 seconds
Computing Block 82 out of 227
Processing Block size=14
begin cleaner{left: ("[FunctionalDependency:(s: {flight}, t: {sched_arr_time})]", 0.0), operator: *, right: (1.0, 1.0), result: 0.0}
列 'p' 不存在，对列 sched_arr_time 不过滤，直接选择所有非无效值。
clean_bool length:2
newest best op: Uniop(df,'sched_arr_time','11:19 AM',(['flight'], {('UA-5487-SFO-MRY',)}),{left: ("[FunctionalDependency:(s: {flight}, t: {sched_arr_time})]", 0.0), operator: *, right: (1.0, 1.0), result: 0.0})
now error: 0.0
Block processing time: 0.020954 seconds
Computing Block 83 out of 227
Processing Block size=19
begin cleaner{left: ("[FunctionalDependency:(s: {flight}, t: {sched_arr_time})]", 0.0), operator: *, right: (1.0, 1.0), result: 0.0}
列 'p' 不存在，对列 sched_arr_time 不过滤，直接选择所有非无效值。
clean_bool length:2
newest best op: Uniop(df,'sched_arr_time','01:39 PM',(['flight'], {('UA-854-SFO-IAH',)}),{left: ("[FunctionalDependency:(s: {flight}, t: {sched_arr_time})]", 0.0), operator: *, right: (1.0, 1.0), result: 0.0})
now error: 0.0
Block processing time: 0.028152 seconds
Computing Block 85 out of 227
Processing Block size=19
begin cleaner{left: ("[FunctionalDependency:(s: {flight}, t: {sched_arr_time})]", 0.0), operator: *, right: (1.0, 1.0), result: 0.0}
列 'p' 不存在，对列 sched_arr_time 不过滤，直接选择所有非无效值。
clean_bool length:2
newest best op: Uniop(df,'sched_arr_time','09:21 AM',(['flight'], {('CO-52-IAH-LAX',)}),{left: ("[FunctionalDependency:(s: {flight}, t: {sched_arr_time})]", 0.0), operator: *, right: (1.0, 1.0), result: 0.0})
now error: 0.0
Block processing time: 0.028237 seconds
Computing Block 87 out of 227
Processing Block size=15
begin cleaner{left: ("[FunctionalDependency:(s: {flight}, t: {sched_arr_time})]", 0.0), operator: *, right: (1.0, 1.0), result: 0.0}
列 'p' 不存在，对列 sched_arr_time 不过滤，直接选择所有非无效值。
clean_bool length:2
newest best op: Uniop(df,'sched_arr_time','04:53 PM',(['flight'], {('UA-2708-EWR-CLT',)}),{left: ("[FunctionalDependency:(s: {flight}, t: {sched_arr_time})]", 0.0), operator: *, right: (1.0, 1.0), result: 0.0})
now error: 0.0
Block processing time: 0.022452 seconds
Computing Block 90 out of 227
Processing Block size=25
begin cleaner{left: ("[FunctionalDependency:(s: {flight}, t: {sched_arr_time})]", 0.0), operator: *, right: (1.0, 1.0), result: 0.0}
列 'p' 不存在，对列 sched_arr_time 不过滤，直接选择所有非无效值。
clean_bool length:2
newest best op: Uniop(df,'sched_arr_time','11:50 AM',(['flight'], {('AA-431-MIA-SFO',)}),{left: ("[FunctionalDependency:(s: {flight}, t: {sched_arr_time})]", 0.0), operator: *, right: (1.0, 1.0), result: 0.0})
now error: 0.0
Block processing time: 0.037046 seconds
Computing Block 91 out of 227
Processing Block size=24
begin cleaner{left: ("[FunctionalDependency:(s: {flight}, t: {sched_arr_time})]", 0.0), operator: *, right: (1.0, 1.0), result: 0.0}
列 'p' 不存在，对列 sched_arr_time 不过滤，直接选择所有非无效值。
clean_bool length:2
newest best op: Uniop(df,'sched_arr_time','09:20 AM',(['flight'], {('AA-466-IAH-MIA',)}),{left: ("[FunctionalDependency:(s: {flight}, t: {sched_arr_time})]", 0.0), operator: *, right: (1.0, 1.0), result: 0.0})
now error: 0.0
Block processing time: 0.034754 seconds
Computing Block 96 out of 227
Processing Block size=22
begin cleaner{left: ("[FunctionalDependency:(s: {flight}, t: {sched_arr_time})]", 0.0), operator: *, right: (1.0, 1.0), result: 0.0}
列 'p' 不存在，对列 sched_arr_time 不过滤，直接选择所有非无效值。
clean_bool length:2
newest best op: Uniop(df,'sched_arr_time','09:54 AM',(['flight'], {('UA-3925-IAD-ORF',)}),{left: ("[FunctionalDependency:(s: {flight}, t: {sched_arr_time})]", 0.0), operator: *, right: (1.0, 1.0), result: 0.0})
now error: 0.0
Block processing time: 0.0315 seconds
Computing Block 98 out of 227
Processing Block size=15
begin cleaner{left: ("[FunctionalDependency:(s: {flight}, t: {sched_arr_time})]", 0.0), operator: *, right: (1.0, 1.0), result: 0.0}
列 'p' 不存在，对列 sched_arr_time 不过滤，直接选择所有非无效值。
clean_bool length:2
newest best op: Uniop(df,'sched_arr_time','10:20 AM',(['flight'], {('CO-89-IAH-EWR',)}),{left: ("[FunctionalDependency:(s: {flight}, t: {sched_arr_time})]", 0.0), operator: *, right: (1.0, 1.0), result: 0.0})
now error: 0.0
Block processing time: 0.022149 seconds
Computing Block 100 out of 227
Processing Block size=18
begin cleaner{left: ("[FunctionalDependency:(s: {flight}, t: {sched_arr_time})]", 0.0), operator: *, right: (1.0, 1.0), result: 0.0}
列 'p' 不存在，对列 sched_arr_time 不过滤，直接选择所有非无效值。
clean_bool length:2
newest best op: Uniop(df,'sched_arr_time','07:35 PM',(['flight'], {('UA-938-DEN-ORD',)}),{left: ("[FunctionalDependency:(s: {flight}, t: {sched_arr_time})]", 0.0), operator: *, right: (1.0, 1.0), result: 0.0})
now error: 0.0
Block processing time: 0.025975 seconds
Computing Block 101 out of 227
Processing Block size=20
begin cleaner{left: ("[FunctionalDependency:(s: {flight}, t: {sched_arr_time})]", 0.0), operator: *, right: (1.0, 1.0), result: 0.0}
列 'p' 不存在，对列 sched_arr_time 不过滤，直接选择所有非无效值。
clean_bool length:2
newest best op: Uniop(df,'sched_arr_time','06:30 PM',(['flight'], {('AA-85-JFK-SFO',)}),{left: ("[FunctionalDependency:(s: {flight}, t: {sched_arr_time})]", 0.0), operator: *, right: (1.0, 1.0), result: 0.0})
now error: 0.0
Block processing time: 0.029062 seconds
Computing Block 102 out of 227
Processing Block size=21
begin cleaner{left: ("[FunctionalDependency:(s: {flight}, t: {sched_arr_time})]", 0.0), operator: *, right: (1.0, 1.0), result: 0.0}
列 'p' 不存在，对列 sched_arr_time 不过滤，直接选择所有非无效值。
clean_bool length:2
newest best op: Uniop(df,'sched_arr_time','09:35 AM',(['flight'], {('AA-643-MIA-ORD',)}),{left: ("[FunctionalDependency:(s: {flight}, t: {sched_arr_time})]", 0.0), operator: *, right: (1.0, 1.0), result: 0.0})
now error: 0.0
Block processing time: 0.030317 seconds
Computing Block 105 out of 227
Processing Block size=18
begin cleaner{left: ("[FunctionalDependency:(s: {flight}, t: {sched_arr_time})]", 0.0), operator: *, right: (1.0, 1.0), result: 0.0}
列 'p' 不存在，对列 sched_arr_time 不过滤，直接选择所有非无效值。
clean_bool length:2
newest best op: Uniop(df,'sched_arr_time','07:30 AM',(['flight'], {('AA-3842-MSP-ORD',)}),{left: ("[FunctionalDependency:(s: {flight}, t: {sched_arr_time})]", 0.0), operator: *, right: (1.0, 1.0), result: 0.0})
now error: 0.0
Block processing time: 0.026045 seconds
Computing Block 106 out of 227
Processing Block size=14
begin cleaner{left: ("[FunctionalDependency:(s: {flight}, t: {sched_arr_time})]", 0.0), operator: *, right: (1.0, 1.0), result: 0.0}
列 'p' 不存在，对列 sched_arr_time 不过滤，直接选择所有非无效值。
clean_bool length:2
newest best op: Uniop(df,'sched_arr_time','08:27 AM',(['flight'], {('UA-858-PVG-SFO',)}),{left: ("[FunctionalDependency:(s: {flight}, t: {sched_arr_time})]", 0.0), operator: *, right: (1.0, 1.0), result: 0.0})
now error: 0.0
Block processing time: 0.020301 seconds
Computing Block 108 out of 227
Processing Block size=23
begin cleaner{left: ("[FunctionalDependency:(s: {flight}, t: {sched_arr_time})]", 0.0), operator: *, right: (1.0, 1.0), result: 0.0}
列 'p' 不存在，对列 sched_arr_time 不过滤，直接选择所有非无效值。
clean_bool length:2
newest best op: Uniop(df,'sched_arr_time','06:40 PM',(['flight'], {('AA-3786-IAH-ORD',)}),{left: ("[FunctionalDependency:(s: {flight}, t: {sched_arr_time})]", 0.0), operator: *, right: (1.0, 1.0), result: 0.0})
now error: 0.0
Block processing time: 0.032625 seconds
Computing Block 109 out of 227
Processing Block size=23
begin cleaner{left: ("[FunctionalDependency:(s: {flight}, t: {sched_arr_time})]", 0.0), operator: *, right: (1.0, 1.0), result: 0.0}
列 'p' 不存在，对列 sched_arr_time 不过滤，直接选择所有非无效值。
clean_bool length:2
newest best op: Uniop(df,'sched_arr_time','07:55 PM',(['flight'], {('AA-484-DFW-MIA',)}),{left: ("[FunctionalDependency:(s: {flight}, t: {sched_arr_time})]", 0.0), operator: *, right: (1.0, 1.0), result: 0.0})
now error: 0.0
Block processing time: 0.032783 seconds
Computing Block 111 out of 227
Processing Block size=19
begin cleaner{left: ("[FunctionalDependency:(s: {flight}, t: {sched_arr_time})]", 0.0), operator: *, right: (1.0, 1.0), result: 0.0}
列 'p' 不存在，对列 sched_arr_time 不过滤，直接选择所有非无效值。
clean_bool length:2
newest best op: Uniop(df,'sched_arr_time','06:46 PM',(['flight'], {('UA-2726-FLL-PHL',)}),{left: ("[FunctionalDependency:(s: {flight}, t: {sched_arr_time})]", 0.0), operator: *, right: (1.0, 1.0), result: 0.0})
now error: 0.0
Block processing time: 0.027114 seconds
Computing Block 112 out of 227
Processing Block size=13
begin cleaner{left: ("[FunctionalDependency:(s: {flight}, t: {sched_arr_time})]", 0.0), operator: *, right: (1.0, 1.0), result: 0.0}
列 'p' 不存在，对列 sched_arr_time 不过滤，直接选择所有非无效值。
Block processing time: 0.00938 seconds
Computing Block 114 out of 227
Processing Block size=21
begin cleaner{left: ("[FunctionalDependency:(s: {flight}, t: {sched_arr_time})]", 0.0), operator: *, right: (1.0, 1.0), result: 0.0}
列 'p' 不存在，对列 sched_arr_time 不过滤，直接选择所有非无效值。
clean_bool length:2
newest best op: Uniop(df,'sched_arr_time','12:18 PM',(['flight'], {('CO-1193-EWR-MCO',)}),{left: ("[FunctionalDependency:(s: {flight}, t: {sched_arr_time})]", 0.0), operator: *, right: (1.0, 1.0), result: 0.0})
now error: 0.0
Block processing time: 0.029846 seconds
Computing Block 116 out of 227
Processing Block size=14
begin cleaner{left: ("[FunctionalDependency:(s: {flight}, t: {sched_arr_time})]", 0.0), operator: *, right: (1.0, 1.0), result: 0.0}
列 'p' 不存在，对列 sched_arr_time 不过滤，直接选择所有非无效值。
clean_bool length:2
newest best op: Uniop(df,'sched_arr_time','04:17 PM',(['flight'], {('UA-37-EWR-MCO',)}),{left: ("[FunctionalDependency:(s: {flight}, t: {sched_arr_time})]", 0.0), operator: *, right: (1.0, 1.0), result: 0.0})
now error: 0.0
Block processing time: 0.020027 seconds
Computing Block 121 out of 227
Processing Block size=21
begin cleaner{left: ("[FunctionalDependency:(s: {flight}, t: {sched_arr_time})]", 0.0), operator: *, right: (1.0, 1.0), result: 0.0}
列 'p' 不存在，对列 sched_arr_time 不过滤，直接选择所有非无效值。
clean_bool length:2
newest best op: Uniop(df,'sched_arr_time','11:50 PM',(['flight'], {('AA-2312-DFW-DTW',)}),{left: ("[FunctionalDependency:(s: {flight}, t: {sched_arr_time})]", 0.0), operator: *, right: (1.0, 1.0), result: 0.0})
now error: 0.0
Block processing time: 0.030219 seconds
Computing Block 124 out of 227
Processing Block size=15
begin cleaner{left: ("[FunctionalDependency:(s: {flight}, t: {sched_arr_time})]", 0.0), operator: *, right: (1.0, 1.0), result: 0.0}
列 'p' 不存在，对列 sched_arr_time 不过滤，直接选择所有非无效值。
clean_bool length:2
newest best op: Uniop(df,'sched_arr_time','08:22 PM',(['flight'], {('CO-63-EWR-IAH',)}),{left: ("[FunctionalDependency:(s: {flight}, t: {sched_arr_time})]", 0.0), operator: *, right: (1.0, 1.0), result: 0.0})
now error: 0.0
Block processing time: 0.021556 seconds
Computing Block 128 out of 227
Processing Block size=18
begin cleaner{left: ("[FunctionalDependency:(s: {flight}, t: {sched_arr_time})]", 0.0), operator: *, right: (1.0, 1.0), result: 0.0}
列 'p' 不存在，对列 sched_arr_time 不过滤，直接选择所有非无效值。
clean_bool length:2
newest best op: Uniop(df,'sched_arr_time','11:55 AM',(['flight'], {('UA-397-JFK-SFO',)}),{left: ("[FunctionalDependency:(s: {flight}, t: {sched_arr_time})]", 0.0), operator: *, right: (1.0, 1.0), result: 0.0})
now error: 0.0
Block processing time: 0.025815 seconds
Computing Block 129 out of 227
Processing Block size=19
begin cleaner{left: ("[FunctionalDependency:(s: {flight}, t: {sched_arr_time})]", 0.0), operator: *, right: (1.0, 1.0), result: 0.0}
列 'p' 不存在，对列 sched_arr_time 不过滤，直接选择所有非无效值。
clean_bool length:2
newest best op: Uniop(df,'sched_arr_time','04:49 PM',(['flight'], {('CO-50-CLE-EWR',)}),{left: ("[FunctionalDependency:(s: {flight}, t: {sched_arr_time})]", 0.0), operator: *, right: (1.0, 1.0), result: 0.0})
now error: 0.0
Block processing time: 0.027237 seconds
Computing Block 130 out of 227
Processing Block size=15
begin cleaner{left: ("[FunctionalDependency:(s: {flight}, t: {sched_arr_time})]", 0.0), operator: *, right: (1.0, 1.0), result: 0.0}
列 'p' 不存在，对列 sched_arr_time 不过滤，直接选择所有非无效值。
clean_bool length:2
newest best op: Uniop(df,'sched_arr_time','11:35 AM',(['flight'], {('CO-1561-PHX-IAH',)}),{left: ("[FunctionalDependency:(s: {flight}, t: {sched_arr_time})]", 0.0), operator: *, right: (1.0, 1.0), result: 0.0})
now error: 0.0
Block processing time: 0.02154 seconds
Computing Block 132 out of 227
Processing Block size=22
begin cleaner{left: ("[FunctionalDependency:(s: {flight}, t: {sched_arr_time})]", 0.0), operator: *, right: (1.0, 1.0), result: 0.0}
列 'p' 不存在，对列 sched_arr_time 不过滤，直接选择所有非无效值。
clean_bool length:2
newest best op: Uniop(df,'sched_arr_time','06:15 PM',(['flight'], {('UA-257-JFK-SFO',)}),{left: ("[FunctionalDependency:(s: {flight}, t: {sched_arr_time})]", 0.0), operator: *, right: (1.0, 1.0), result: 0.0})
now error: 0.0
Block processing time: 0.031036 seconds
Computing Block 133 out of 227
Processing Block size=19
begin cleaner{left: ("[FunctionalDependency:(s: {flight}, t: {sched_arr_time})]", 0.0), operator: *, right: (1.0, 1.0), result: 0.0}
列 'p' 不存在，对列 sched_arr_time 不过滤，直接选择所有非无效值。
clean_bool length:2
newest best op: Uniop(df,'sched_arr_time','10:40 AM',(['flight'], {('AA-415-BOS-ORD',)}),{left: ("[FunctionalDependency:(s: {flight}, t: {sched_arr_time})]", 0.0), operator: *, right: (1.0, 1.0), result: 0.0})
now error: 0.0
Block processing time: 0.026516 seconds
Computing Block 136 out of 227
Processing Block size=20
begin cleaner{left: ("[FunctionalDependency:(s: {flight}, t: {sched_arr_time})]", 0.0), operator: *, right: (1.0, 1.0), result: 0.0}
列 'p' 不存在，对列 sched_arr_time 不过滤，直接选择所有非无效值。
clean_bool length:3
newest best op: Uniop(df,'sched_arr_time','12:31 AM',(['flight'], {('UA-2515-DFW-CLT',)}),{left: ("[FunctionalDependency:(s: {flight}, t: {sched_arr_time})]", 0.0), operator: *, right: (1.0, 1.0), result: 0.0})
now error: 0.0
newest best op: Uniop(df,'sched_arr_time','10:31 AM',(['flight'], {('UA-2515-DFW-CLT',)}),{left: ("[FunctionalDependency:(s: {flight}, t: {sched_arr_time})]", 0.0), operator: *, right: (1.0, 1.0), result: 0.0})
now error: 0.0
Block processing time: 0.042728 seconds
Computing Block 139 out of 227
Processing Block size=18
begin cleaner{left: ("[FunctionalDependency:(s: {flight}, t: {sched_arr_time})]", 0.0), operator: *, right: (1.0, 1.0), result: 0.0}
列 'p' 不存在，对列 sched_arr_time 不过滤，直接选择所有非无效值。
clean_bool length:2
newest best op: Uniop(df,'sched_arr_time','02:00 PM',(['flight'], {('AA-4344-ORD-DTW',)}),{left: ("[FunctionalDependency:(s: {flight}, t: {sched_arr_time})]", 0.0), operator: *, right: (1.0, 1.0), result: 0.0})
now error: 0.0
Block processing time: 0.025401 seconds
Computing Block 143 out of 227
Processing Block size=21
begin cleaner{left: ("[FunctionalDependency:(s: {flight}, t: {sched_arr_time})]", 0.0), operator: *, right: (1.0, 1.0), result: 0.0}
列 'p' 不存在，对列 sched_arr_time 不过滤，直接选择所有非无效值。
clean_bool length:2
newest best op: Uniop(df,'sched_arr_time','03:50 PM',(['flight'], {('AA-649-ORD-SNA',)}),{left: ("[FunctionalDependency:(s: {flight}, t: {sched_arr_time})]", 0.0), operator: *, right: (1.0, 1.0), result: 0.0})
now error: 0.0
Block processing time: 0.029257 seconds
Computing Block 149 out of 227
Processing Block size=18
begin cleaner{left: ("[FunctionalDependency:(s: {flight}, t: {sched_arr_time})]", 0.0), operator: *, right: (1.0, 1.0), result: 0.0}
列 'p' 不存在，对列 sched_arr_time 不过滤，直接选择所有非无效值。
clean_bool length:2
newest best op: Uniop(df,'sched_arr_time','05:05 PM',(['flight'], {('UA-2830-MCO-CLT',)}),{left: ("[FunctionalDependency:(s: {flight}, t: {sched_arr_time})]", 0.0), operator: *, right: (1.0, 1.0), result: 0.0})
now error: 0.0
Block processing time: 0.025134 seconds
Computing Block 150 out of 227
Processing Block size=19
begin cleaner{left: ("[FunctionalDependency:(s: {flight}, t: {sched_arr_time})]", 0.0), operator: *, right: (1.0, 1.0), result: 0.0}
列 'p' 不存在，对列 sched_arr_time 不过滤，直接选择所有非无效值。
clean_bool length:2
newest best op: Uniop(df,'sched_arr_time','09:24 AM',(['flight'], {('UA-3373-IAD-PHL',)}),{left: ("[FunctionalDependency:(s: {flight}, t: {sched_arr_time})]", 0.0), operator: *, right: (1.0, 1.0), result: 0.0})
now error: 0.0
Block processing time: 0.026736 seconds
Computing Block 151 out of 227
Processing Block size=23
begin cleaner{left: ("[FunctionalDependency:(s: {flight}, t: {sched_arr_time})]", 0.0), operator: *, right: (1.0, 1.0), result: 0.0}
列 'p' 不存在，对列 sched_arr_time 不过滤，直接选择所有非无效值。
clean_bool length:2
newest best op: Uniop(df,'sched_arr_time','09:45 PM',(['flight'], {('AA-1221-MCO-ORD',)}),{left: ("[FunctionalDependency:(s: {flight}, t: {sched_arr_time})]", 0.0), operator: *, right: (1.0, 1.0), result: 0.0})
now error: 0.0
Block processing time: 0.034694 seconds
Computing Block 152 out of 227
Processing Block size=12
begin cleaner{left: ("[FunctionalDependency:(s: {flight}, t: {sched_arr_time})]", 0.0), operator: *, right: (1.0, 1.0), result: 0.0}
列 'p' 不存在，对列 sched_arr_time 不过滤，直接选择所有非无效值。
clean_bool length:2
newest best op: Uniop(df,'sched_arr_time','10:06 AM',(['flight'], {('UA-3515-IAD-MSP',)}),{left: ("[FunctionalDependency:(s: {flight}, t: {sched_arr_time})]", 0.0), operator: *, right: (1.0, 1.0), result: 0.0})
now error: 0.0
Block processing time: 0.019416 seconds
Computing Block 158 out of 227
Processing Block size=15
begin cleaner{left: ("[FunctionalDependency:(s: {flight}, t: {sched_arr_time})]", 0.0), operator: *, right: (1.0, 1.0), result: 0.0}
列 'p' 不存在，对列 sched_arr_time 不过滤，直接选择所有非无效值。
clean_bool length:2
newest best op: Uniop(df,'sched_arr_time','01:17 PM',(['flight'], {('CO-1023-IAH-DEN',)}),{left: ("[FunctionalDependency:(s: {flight}, t: {sched_arr_time})]", 0.0), operator: *, right: (1.0, 1.0), result: 0.0})
now error: 0.0
Block processing time: 0.030971 seconds
Computing Block 159 out of 227
Processing Block size=25
begin cleaner{left: ("[FunctionalDependency:(s: {flight}, t: {sched_arr_time})]", 0.0), operator: *, right: (1.0, 1.0), result: 0.0}
列 'p' 不存在，对列 sched_arr_time 不过滤，直接选择所有非无效值。
clean_bool length:2
newest best op: Uniop(df,'sched_arr_time','02:35 PM',(['flight'], {('AA-789-ORD-DEN',)}),{left: ("[FunctionalDependency:(s: {flight}, t: {sched_arr_time})]", 0.0), operator: *, right: (1.0, 1.0), result: 0.0})
now error: 0.0
Block processing time: 0.038898 seconds
Computing Block 160 out of 227
Processing Block size=21
begin cleaner{left: ("[FunctionalDependency:(s: {flight}, t: {sched_arr_time})]", 0.0), operator: *, right: (1.0, 1.0), result: 0.0}
列 'p' 不存在，对列 sched_arr_time 不过滤，直接选择所有非无效值。
clean_bool length:2
newest best op: Uniop(df,'sched_arr_time','02:35 PM',(['flight'], {('AA-1279-DFW-PHX',)}),{left: ("[FunctionalDependency:(s: {flight}, t: {sched_arr_time})]", 0.0), operator: *, right: (1.0, 1.0), result: 0.0})
now error: 0.0
Block processing time: 0.031108 seconds
Computing Block 163 out of 227
Processing Block size=21
begin cleaner{left: ("[FunctionalDependency:(s: {flight}, t: {sched_arr_time})]", 0.0), operator: *, right: (1.0, 1.0), result: 0.0}
列 'p' 不存在，对列 sched_arr_time 不过滤，直接选择所有非无效值。
clean_bool length:2
newest best op: Uniop(df,'sched_arr_time','12:10 PM',(['flight'], {('AA-1664-MIA-ATL',)}),{left: ("[FunctionalDependency:(s: {flight}, t: {sched_arr_time})]", 0.0), operator: *, right: (1.0, 1.0), result: 0.0})
now error: 0.0
Block processing time: 0.030952 seconds
Computing Block 165 out of 227
Processing Block size=22
begin cleaner{left: ("[FunctionalDependency:(s: {flight}, t: {sched_arr_time})]", 0.0), operator: *, right: (1.0, 1.0), result: 0.0}
列 'p' 不存在，对列 sched_arr_time 不过滤，直接选择所有非无效值。
clean_bool length:2
newest best op: Uniop(df,'sched_arr_time','05:55 PM',(['flight'], {('AA-1917-JFK-MCO',)}),{left: ("[FunctionalDependency:(s: {flight}, t: {sched_arr_time})]", 0.0), operator: *, right: (1.0, 1.0), result: 0.0})
now error: 0.0
Block processing time: 0.031805 seconds
Computing Block 168 out of 227
Processing Block size=19
begin cleaner{left: ("[FunctionalDependency:(s: {flight}, t: {sched_arr_time})]", 0.0), operator: *, right: (1.0, 1.0), result: 0.0}
列 'p' 不存在，对列 sched_arr_time 不过滤，直接选择所有非无效值。
clean_bool length:2
newest best op: Uniop(df,'sched_arr_time','10:35 AM',(['flight'], {('AA-1434-DFW-MCO',)}),{left: ("[FunctionalDependency:(s: {flight}, t: {sched_arr_time})]", 0.0), operator: *, right: (1.0, 1.0), result: 0.0})
now error: 0.0
Block processing time: 0.027217 seconds
Computing Block 170 out of 227
Processing Block size=19
begin cleaner{left: ("[FunctionalDependency:(s: {flight}, t: {sched_arr_time})]", 0.0), operator: *, right: (1.0, 1.0), result: 0.0}
列 'p' 不存在，对列 sched_arr_time 不过滤，直接选择所有非无效值。
Block processing time: 0.013669 seconds
Computing Block 172 out of 227
Processing Block size=21
begin cleaner{left: ("[FunctionalDependency:(s: {flight}, t: {sched_arr_time})]", 0.0), operator: *, right: (1.0, 1.0), result: 0.0}
列 'p' 不存在，对列 sched_arr_time 不过滤，直接选择所有非无效值。
clean_bool length:2
newest best op: Uniop(df,'sched_arr_time','04:57 PM',(['flight'], {('UA-3050-PHX-CLT',)}),{left: ("[FunctionalDependency:(s: {flight}, t: {sched_arr_time})]", 0.0), operator: *, right: (1.0, 1.0), result: 0.0})
now error: 0.0
Block processing time: 0.030619 seconds
Computing Block 173 out of 227
Processing Block size=21
begin cleaner{left: ("[FunctionalDependency:(s: {flight}, t: {sched_arr_time})]", 0.0), operator: *, right: (1.0, 1.0), result: 0.0}
列 'p' 不存在，对列 sched_arr_time 不过滤，直接选择所有非无效值。
clean_bool length:2
newest best op: Uniop(df,'sched_arr_time','11:05 AM',(['flight'], {('AA-2957-DFW-CVG',)}),{left: ("[FunctionalDependency:(s: {flight}, t: {sched_arr_time})]", 0.0), operator: *, right: (1.0, 1.0), result: 0.0})
now error: 0.0
Block processing time: 0.029861 seconds
Computing Block 175 out of 227
Processing Block size=20
begin cleaner{left: ("[FunctionalDependency:(s: {flight}, t: {sched_arr_time})]", 0.0), operator: *, right: (1.0, 1.0), result: 0.0}
列 'p' 不存在，对列 sched_arr_time 不过滤，直接选择所有非无效值。
clean_bool length:2
newest best op: Uniop(df,'sched_arr_time','10:34 AM',(['flight'], {('AA-1165-JFK-MIA',)}),{left: ("[FunctionalDependency:(s: {flight}, t: {sched_arr_time})]", 0.0), operator: *, right: (1.0, 1.0), result: 0.0})
now error: 0.0
Block processing time: 0.028506 seconds
Computing Block 181 out of 227
Processing Block size=15
begin cleaner{left: ("[FunctionalDependency:(s: {flight}, t: {sched_arr_time})]", 0.0), operator: *, right: (1.0, 1.0), result: 0.0}
列 'p' 不存在，对列 sched_arr_time 不过滤，直接选择所有非无效值。
clean_bool length:2
newest best op: Uniop(df,'sched_arr_time','10:54 AM',(['flight'], {('CO-1088-CLE-IAH',)}),{left: ("[FunctionalDependency:(s: {flight}, t: {sched_arr_time})]", 0.0), operator: *, right: (1.0, 1.0), result: 0.0})
now error: 0.0
Block processing time: 0.022358 seconds
Computing Block 182 out of 227
Processing Block size=19
begin cleaner{left: ("[FunctionalDependency:(s: {flight}, t: {sched_arr_time})]", 0.0), operator: *, right: (1.0, 1.0), result: 0.0}
列 'p' 不存在，对列 sched_arr_time 不过滤，直接选择所有非无效值。
clean_bool length:2
newest best op: Uniop(df,'sched_arr_time','03:15 PM',(['flight'], {('AA-3-JFK-LAX',)}),{left: ("[FunctionalDependency:(s: {flight}, t: {sched_arr_time})]", 0.0), operator: *, right: (1.0, 1.0), result: 0.0})
now error: 0.0
Block processing time: 0.028339 seconds
Computing Block 183 out of 227
Processing Block size=19
begin cleaner{left: ("[FunctionalDependency:(s: {flight}, t: {sched_arr_time})]", 0.0), operator: *, right: (1.0, 1.0), result: 0.0}
列 'p' 不存在，对列 sched_arr_time 不过滤，直接选择所有非无效值。
clean_bool length:2
newest best op: Uniop(df,'sched_arr_time','09:25 AM',(['flight'], {('AA-518-MIA-JFK',)}),{left: ("[FunctionalDependency:(s: {flight}, t: {sched_arr_time})]", 0.0), operator: *, right: (1.0, 1.0), result: 0.0})
now error: 0.0
Block processing time: 0.029075 seconds
Computing Block 184 out of 227
Processing Block size=17
begin cleaner{left: ("[FunctionalDependency:(s: {flight}, t: {sched_arr_time})]", 0.0), operator: *, right: (1.0, 1.0), result: 0.0}
列 'p' 不存在，对列 sched_arr_time 不过滤，直接选择所有非无效值。
clean_bool length:2
newest best op: Uniop(df,'sched_arr_time','01:16 PM',(['flight'], {('CO-1090-BOS-IAH',)}),{left: ("[FunctionalDependency:(s: {flight}, t: {sched_arr_time})]", 0.0), operator: *, right: (1.0, 1.0), result: 0.0})
now error: 0.0
Block processing time: 0.02535 seconds
Computing Block 185 out of 227
Processing Block size=18
begin cleaner{left: ("[FunctionalDependency:(s: {flight}, t: {sched_arr_time})]", 0.0), operator: *, right: (1.0, 1.0), result: 0.0}
列 'p' 不存在，对列 sched_arr_time 不过滤，直接选择所有非无效值。
clean_bool length:2
newest best op: Uniop(df,'sched_arr_time','04:48 PM',(['flight'], {('CO-1250-MIA-IAH',)}),{left: ("[FunctionalDependency:(s: {flight}, t: {sched_arr_time})]", 0.0), operator: *, right: (1.0, 1.0), result: 0.0})
now error: 0.0
Block processing time: 0.026734 seconds
Computing Block 192 out of 227
Processing Block size=17WARNING:root:No partitioning rule specified, processing might be slow

begin cleaner{left: ("[FunctionalDependency:(s: {flight}, t: {sched_arr_time})]", 0.0), operator: *, right: (1.0, 1.0), result: 0.0}
列 'p' 不存在，对列 sched_arr_time 不过滤，直接选择所有非无效值。
clean_bool length:2
newest best op: Uniop(df,'sched_arr_time','05:15 PM',(['flight'], {('UA-248-PHX-ORD',)}),{left: ("[FunctionalDependency:(s: {flight}, t: {sched_arr_time})]", 0.0), operator: *, right: (1.0, 1.0), result: 0.0})
now error: 0.0
Block processing time: 0.02509 seconds
Computing Block 195 out of 227
Processing Block size=22
begin cleaner{left: ("[FunctionalDependency:(s: {flight}, t: {sched_arr_time})]", 0.0), operator: *, right: (1.0, 1.0), result: 0.0}
列 'p' 不存在，对列 sched_arr_time 不过滤，直接选择所有非无效值。
clean_bool length:2
newest best op: Uniop(df,'sched_arr_time','05:11 AM',(['flight'], {('UA-828-SFO-ORD',)}),{left: ("[FunctionalDependency:(s: {flight}, t: {sched_arr_time})]", 0.0), operator: *, right: (1.0, 1.0), result: 0.0})
now error: 0.0
Block processing time: 0.032306 seconds
Computing Block 196 out of 227
Processing Block size=22
begin cleaner{left: ("[FunctionalDependency:(s: {flight}, t: {sched_arr_time})]", 0.0), operator: *, right: (1.0, 1.0), result: 0.0}
列 'p' 不存在，对列 sched_arr_time 不过滤，直接选择所有非无效值。
clean_bool length:2
newest best op: Uniop(df,'sched_arr_time','09:55 AM',(['flight'], {('AA-3468-CVG-MIA',)}),{left: ("[FunctionalDependency:(s: {flight}, t: {sched_arr_time})]", 0.0), operator: *, right: (1.0, 1.0), result: 0.0})
now error: 0.0
Block processing time: 0.032695 seconds
Computing Block 199 out of 227
Processing Block size=19
begin cleaner{left: ("[FunctionalDependency:(s: {flight}, t: {sched_arr_time})]", 0.0), operator: *, right: (1.0, 1.0), result: 0.0}
列 'p' 不存在，对列 sched_arr_time 不过滤，直接选择所有非无效值。
clean_bool length:2
newest best op: Uniop(df,'sched_arr_time','08:56 PM',(['flight'], {('CO-47-IAH-LAX',)}),{left: ("[FunctionalDependency:(s: {flight}, t: {sched_arr_time})]", 0.0), operator: *, right: (1.0, 1.0), result: 0.0})
now error: 0.0
Block processing time: 0.02865 seconds
Computing Block 200 out of 227
Processing Block size=21
begin cleaner{left: ("[FunctionalDependency:(s: {flight}, t: {sched_arr_time})]", 0.0), operator: *, right: (1.0, 1.0), result: 0.0}
列 'p' 不存在，对列 sched_arr_time 不过滤，直接选择所有非无效值。
clean_bool length:2
newest best op: Uniop(df,'sched_arr_time','04:05 PM',(['flight'], {('AA-3804-PHL-ORD',)}),{left: ("[FunctionalDependency:(s: {flight}, t: {sched_arr_time})]", 0.0), operator: *, right: (1.0, 1.0), result: 0.0})
now error: 0.0
Block processing time: 0.031476 seconds
Computing Block 203 out of 227
Processing Block size=24
begin cleaner{left: ("[FunctionalDependency:(s: {flight}, t: {sched_arr_time})]", 0.0), operator: *, right: (1.0, 1.0), result: 0.0}
列 'p' 不存在，对列 sched_arr_time 不过滤，直接选择所有非无效值。
clean_bool length:2
newest best op: Uniop(df,'sched_arr_time','07:45 AM',(['flight'], {('AA-404-MIA-MCO',)}),{left: ("[FunctionalDependency:(s: {flight}, t: {sched_arr_time})]", 0.0), operator: *, right: (1.0, 1.0), result: 0.0})
now error: 0.0
Block processing time: 0.035613 seconds
Computing Block 204 out of 227
Processing Block size=20
begin cleaner{left: ("[FunctionalDependency:(s: {flight}, t: {sched_arr_time})]", 0.0), operator: *, right: (1.0, 1.0), result: 0.0}
列 'p' 不存在，对列 sched_arr_time 不过滤，直接选择所有非无效值。
clean_bool length:2
newest best op: Uniop(df,'sched_arr_time','07:05 PM',(['flight'], {('CO-45-EWR-MIA',)}),{left: ("[FunctionalDependency:(s: {flight}, t: {sched_arr_time})]", 0.0), operator: *, right: (1.0, 1.0), result: 0.0})
now error: 0.0
Block processing time: 0.029283 seconds
Computing Block 205 out of 227
Processing Block size=20
begin cleaner{left: ("[FunctionalDependency:(s: {flight}, t: {sched_arr_time})]", 0.0), operator: *, right: (1.0, 1.0), result: 0.0}
列 'p' 不存在，对列 sched_arr_time 不过滤，直接选择所有非无效值。
clean_bool length:2
newest best op: Uniop(df,'sched_arr_time','02:25 PM',(['flight'], {('AA-271-MIA-LAX',)}),{left: ("[FunctionalDependency:(s: {flight}, t: {sched_arr_time})]", 0.0), operator: *, right: (1.0, 1.0), result: 0.0})
now error: 0.0
Block processing time: 0.028442 seconds
Computing Block 207 out of 227
Processing Block size=20
begin cleaner{left: ("[FunctionalDependency:(s: {flight}, t: {sched_arr_time})]", 0.0), operator: *, right: (1.0, 1.0), result: 0.0}
列 'p' 不存在，对列 sched_arr_time 不过滤，直接选择所有非无效值。
clean_bool length:2
newest best op: Uniop(df,'sched_arr_time','06:55 AM',(['flight'], {('AA-204-LAX-MCO',)}),{left: ("[FunctionalDependency:(s: {flight}, t: {sched_arr_time})]", 0.0), operator: *, right: (1.0, 1.0), result: 0.0})
now error: 0.0
Block processing time: 0.028543 seconds
Computing Block 210 out of 227
Processing Block size=17
begin cleaner{left: ("[FunctionalDependency:(s: {flight}, t: {sched_arr_time})]", 0.0), operator: *, right: (1.0, 1.0), result: 0.0}
列 'p' 不存在，对列 sched_arr_time 不过滤，直接选择所有非无效值。
clean_bool length:2
newest best op: Uniop(df,'sched_arr_time','02:50 PM',(['flight'], {('CO-58-DEN-IAH',)}),{left: ("[FunctionalDependency:(s: {flight}, t: {sched_arr_time})]", 0.0), operator: *, right: (1.0, 1.0), result: 0.0})
now error: 0.0
Block processing time: 0.024409 seconds
Computing Block 213 out of 227
Processing Block size=21
begin cleaner{left: ("[FunctionalDependency:(s: {flight}, t: {sched_arr_time})]", 0.0), operator: *, right: (1.0, 1.0), result: 0.0}
列 'p' 不存在，对列 sched_arr_time 不过滤，直接选择所有非无效值。
clean_bool length:2
newest best op: Uniop(df,'sched_arr_time','06:23 PM',(['flight'], {('UA-2906-PHL-MCO',)}),{left: ("[FunctionalDependency:(s: {flight}, t: {sched_arr_time})]", 0.0), operator: *, right: (1.0, 1.0), result: 0.0})
now error: 0.0
Block processing time: 0.029703 seconds
Computing Block 214 out of 227
Processing Block size=18
begin cleaner{left: ("[FunctionalDependency:(s: {flight}, t: {sched_arr_time})]", 0.0), operator: *, right: (1.0, 1.0), result: 0.0}
列 'p' 不存在，对列 sched_arr_time 不过滤，直接选择所有非无效值。
clean_bool length:2
newest best op: Uniop(df,'sched_arr_time','05:50 AM',(['flight'], {('AA-1522-SFO-ORD',)}),{left: ("[FunctionalDependency:(s: {flight}, t: {sched_arr_time})]", 0.0), operator: *, right: (1.0, 1.0), result: 0.0})
now error: 0.0
Block processing time: 0.025792 seconds
Computing Block 219 out of 227
Processing Block size=24
begin cleaner{left: ("[FunctionalDependency:(s: {flight}, t: {sched_arr_time})]", 0.0), operator: *, right: (1.0, 1.0), result: 0.0}
列 'p' 不存在，对列 sched_arr_time 不过滤，直接选择所有非无效值。
clean_bool length:2
newest best op: Uniop(df,'sched_arr_time','04:31 PM',(['flight'], {('UA-664-ORD-PHL',)}),{left: ("[FunctionalDependency:(s: {flight}, t: {sched_arr_time})]", 0.0), operator: *, right: (1.0, 1.0), result: 0.0})
now error: 0.0
Block processing time: 0.034248 seconds
Computing Block 226 out of 227
Processing Block size=17
begin cleaner{left: ("[FunctionalDependency:(s: {flight}, t: {sched_arr_time})]", 0.0), operator: *, right: (1.0, 1.0), result: 0.0}
列 'p' 不存在，对列 sched_arr_time 不过滤，直接选择所有非无效值。
clean_bool length:2
newest best op: Uniop(df,'sched_arr_time','10:15 PM',(['flight'], {('CO-1586-IAH-MCO',)}),{left: ("[FunctionalDependency:(s: {flight}, t: {sched_arr_time})]", 0.0), operator: *, right: (1.0, 1.0), result: 0.0})
now error: 0.0
Block processing time: 0.024338 seconds
  当前节点: sched_arr_time 有 97 个清洗操作
  当前节点: act_arr_time 存在可用清洗信号
数据块大小: 2376
分块属性:
[['flight']]
Starting initial block mapping...
Initial number of blocks: 227
Final number of blocks after further splitting: 227
Computing Block 2 out of 227
Processing Block size=23
begin cleaner[FunctionalDependency:(s: {'flight'}, t: {'act_arr_time'})]*1.0
列 'p' 不存在，对列 act_arr_time 不过滤，直接选择所有非无效值。
clean_bool length:2
newest best op: Uniop(df,'act_arr_time','02:46 PM',(['flight'], {('AA-2050-ORD-MIA',)}),{left: ("[FunctionalDependency:(s: {flight}, t: {act_arr_time})]", 0.0), operator: *, right: (1.0, 1.0), result: 0.0})
now error: 0.0
Block processing time: 0.038474 seconds
Computing Block 4 out of 227
Processing Block size=17
begin cleaner{left: ("[FunctionalDependency:(s: {flight}, t: {act_arr_time})]", 0.0), operator: *, right: (1.0, 1.0), result: 0.0}
列 'p' 不存在，对列 act_arr_time 不过滤，直接选择所有非无效值。
clean_bool length:2
newest best op: Uniop(df,'act_arr_time','08:45 AM',(['flight'], {('UA-6273-YYC-SFO',)}),{left: ("[FunctionalDependency:(s: {flight}, t: {act_arr_time})]", 0.0), operator: *, right: (1.0, 1.0), result: 0.0})
now error: 0.0
Block processing time: 0.028406 seconds
Computing Block 6 out of 227
Processing Block size=22
begin cleaner{left: ("[FunctionalDependency:(s: {flight}, t: {act_arr_time})]", 0.0), operator: *, right: (1.0, 1.0), result: 0.0}
列 'p' 不存在，对列 act_arr_time 不过滤，直接选择所有非无效值。
clean_bool length:2
newest best op: Uniop(df,'act_arr_time','11:06 AM',(['flight'], {('AA-2268-PHX-ORD',)}),{left: ("[FunctionalDependency:(s: {flight}, t: {act_arr_time})]", 0.0), operator: *, right: (1.0, 1.0), result: 0.0})
now error: 0.0
Block processing time: 0.036361 seconds
Computing Block 7 out of 227
Processing Block size=18
begin cleaner{left: ("[FunctionalDependency:(s: {flight}, t: {act_arr_time})]", 0.0), operator: *, right: (1.0, 1.0), result: 0.0}
列 'p' 不存在，对列 act_arr_time 不过滤，直接选择所有非无效值。
clean_bool length:2
newest best op: Uniop(df,'act_arr_time','07:10 PM',(['flight'], {('UA-62-IAH-EWR',)}),{left: ("[FunctionalDependency:(s: {flight}, t: {act_arr_time})]", 0.0), operator: *, right: (1.0, 1.0), result: 0.0})
now error: 0.0
Block processing time: 0.029795 seconds
Computing Block 9 out of 227
Processing Block size=22
begin cleaner{left: ("[FunctionalDependency:(s: {flight}, t: {act_arr_time})]", 0.0), operator: *, right: (1.0, 1.0), result: 0.0}
列 'p' 不存在，对列 act_arr_time 不过滤，直接选择所有非无效值。
clean_bool length:2
newest best op: Uniop(df,'act_arr_time','06:19 AM',(['flight'], {('AA-3809-PHX-LAX',)}),{left: ("[FunctionalDependency:(s: {flight}, t: {act_arr_time})]", 0.0), operator: *, right: (1.0, 1.0), result: 0.0})
now error: 0.0
Block processing time: 0.036452 seconds
Computing Block 11 out of 227
Processing Block size=16
begin cleaner{left: ("[FunctionalDependency:(s: {flight}, t: {act_arr_time})]", 0.0), operator: *, right: (1.0, 1.0), result: 0.0}
列 'p' 不存在，对列 act_arr_time 不过滤，直接选择所有非无效值。
clean_bool length:2
newest best op: Uniop(df,'act_arr_time','02:00 PM',(['flight'], {('UA-2704-DTW-PHX',)}),{left: ("[FunctionalDependency:(s: {flight}, t: {act_arr_time})]", 0.0), operator: *, right: (1.0, 1.0), result: 0.0})
now error: 0.0
Block processing time: 0.026746 seconds
Computing Block 12 out of 227
Processing Block size=20
begin cleaner{left: ("[FunctionalDependency:(s: {flight}, t: {act_arr_time})]", 0.0), operator: *, right: (1.0, 1.0), result: 0.0}
列 'p' 不存在，对列 act_arr_time 不过滤，直接选择所有非无效值。
clean_bool length:2
newest best op: Uniop(df,'act_arr_time','03:04 PM',(['flight'], {('AA-400-DFW-JFK',)}),{left: ("[FunctionalDependency:(s: {flight}, t: {act_arr_time})]", 0.0), operator: *, right: (1.0, 1.0), result: 0.0})
now error: 0.0
Block processing time: 0.033302 seconds
Computing Block 14 out of 227
Processing Block size=17
begin cleaner{left: ("[FunctionalDependency:(s: {flight}, t: {act_arr_time})]", 0.0), operator: *, right: (1.0, 1.0), result: 0.0}
列 'p' 不存在，对列 act_arr_time 不过滤，直接选择所有非无效值。
clean_bool length:2
newest best op: Uniop(df,'act_arr_time','03:14 PM',(['flight'], {('AA-222-LAX-BOS',)}),{left: ("[FunctionalDependency:(s: {flight}, t: {act_arr_time})]", 0.0), operator: *, right: (1.0, 1.0), result: 0.0})
now error: 0.0
Block processing time: 0.028818 seconds
Computing Block 15 out of 227
Processing Block size=20
begin cleaner{left: ("[FunctionalDependency:(s: {flight}, t: {act_arr_time})]", 0.0), operator: *, right: (1.0, 1.0), result: 0.0}
列 'p' 不存在，对列 act_arr_time 不过滤，直接选择所有非无效值。
clean_bool length:3
newest best op: Uniop(df,'act_arr_time','12:29 AM',(['flight'], {('UA-233-LAX-JFK',)}),{left: ("[FunctionalDependency:(s: {flight}, t: {act_arr_time})]", 0.0), operator: *, right: (1.0, 1.0), result: 0.0})
now error: 0.0
Block processing time: 0.048884 seconds
Computing Block 17 out of 227
Processing Block size=20
begin cleaner{left: ("[FunctionalDependency:(s: {flight}, t: {act_arr_time})]", 0.0), operator: *, right: (1.0, 1.0), result: 0.0}
列 'p' 不存在，对列 act_arr_time 不过滤，直接选择所有非无效值。
clean_bool length:2
newest best op: Uniop(df,'act_arr_time','03:33 PM',(['flight'], {('AA-4330-CVG-ORD',)}),{left: ("[FunctionalDependency:(s: {flight}, t: {act_arr_time})]", 0.0), operator: *, right: (1.0, 1.0), result: 0.0})
now error: 0.0
Block processing time: 0.032584 seconds
Computing Block 18 out of 227
Processing Block size=20
begin cleaner{left: ("[FunctionalDependency:(s: {flight}, t: {act_arr_time})]", 0.0), operator: *, right: (1.0, 1.0), result: 0.0}
列 'p' 不存在，对列 act_arr_time 不过滤，直接选择所有非无效值。
clean_bool length:2
newest best op: Uniop(df,'act_arr_time','06:40 PM',(['flight'], {('CO-4888-IAH-DAL',)}),{left: ("[FunctionalDependency:(s: {flight}, t: {act_arr_time})]", 0.0), operator: *, right: (1.0, 1.0), result: 0.0})
now error: 0.0
Block processing time: 0.03199 seconds
Computing Block 19 out of 227
Processing Block size=21
begin cleaner{left: ("[FunctionalDependency:(s: {flight}, t: {act_arr_time})]", 0.0), operator: *, right: (1.0, 1.0), result: 0.0}
列 'p' 不存在，对列 act_arr_time 不过滤，直接选择所有非无效值。
clean_bool length:2
newest best op: Uniop(df,'act_arr_time','09:32 AM',(['flight'], {('AA-3859-IAH-ORD',)}),{left: ("[FunctionalDependency:(s: {flight}, t: {act_arr_time})]", 0.0), operator: *, right: (1.0, 1.0), result: 0.0})
now error: 0.0
Block processing time: 0.033349 seconds
Computing Block 21 out of 227
Processing Block size=21
begin cleaner{left: ("[FunctionalDependency:(s: {flight}, t: {act_arr_time})]", 0.0), operator: *, right: (1.0, 1.0), result: 0.0}
列 'p' 不存在，对列 act_arr_time 不过滤，直接选择所有非无效值。
clean_bool length:2
newest best op: Uniop(df,'act_arr_time','07:25 PM',(['flight'], {('AA-1640-MIA-MCO',)}),{left: ("[FunctionalDependency:(s: {flight}, t: {act_arr_time})]", 0.0), operator: *, right: (1.0, 1.0), result: 0.0})
now error: 0.0
Block processing time: 0.032605 seconds
Computing Block 23 out of 227
Processing Block size=19
begin cleaner{left: ("[FunctionalDependency:(s: {flight}, t: {act_arr_time})]", 0.0), operator: *, right: (1.0, 1.0), result: 0.0}
列 'p' 不存在，对列 act_arr_time 不过滤，直接选择所有非无效值。
clean_bool length:2
newest best op: Uniop(df,'act_arr_time','04:09 PM',(['flight'], {('AA-446-DFW-PHL',)}),{left: ("[FunctionalDependency:(s: {flight}, t: {act_arr_time})]", 0.0), operator: *, right: (1.0, 1.0), result: 0.0})
now error: 0.0
Block processing time: 0.02914 seconds
Computing Block 26 out of 227
Processing Block size=14
begin cleaner{left: ("[FunctionalDependency:(s: {flight}, t: {act_arr_time})]", 0.0), operator: *, right: (1.0, 1.0), result: 0.0}
列 'p' 不存在，对列 act_arr_time 不过滤，直接选择所有非无效值。
clean_bool length:2
newest best op: Uniop(df,'act_arr_time','11:56 AM',(['flight'], {('UA-1500-IAH-GUA',)}),{left: ("[FunctionalDependency:(s: {flight}, t: {act_arr_time})]", 0.0), operator: *, right: (1.0, 1.0), result: 0.0})
now error: 0.0
Block processing time: 0.021688 seconds
Computing Block 27 out of 227
Processing Block size=17
begin cleaner{left: ("[FunctionalDependency:(s: {flight}, t: {act_arr_time})]", 0.0), operator: *, right: (1.0, 1.0), result: 0.0}
列 'p' 不存在，对列 act_arr_time 不过滤，直接选择所有非无效值。
clean_bool length:2
newest best op: Uniop(df,'act_arr_time','01:40 PM',(['flight'], {('AA-1886-BOS-MIA',)}),{left: ("[FunctionalDependency:(s: {flight}, t: {act_arr_time})]", 0.0), operator: *, right: (1.0, 1.0), result: 0.0})
now error: 0.0
Block processing time: 0.026284 seconds
Computing Block 30 out of 227
Processing Block size=21
begin cleaner{left: ("[FunctionalDependency:(s: {flight}, t: {act_arr_time})]", 0.0), operator: *, right: (1.0, 1.0), result: 0.0}
列 'p' 不存在，对列 act_arr_time 不过滤，直接选择所有非无效值。
clean_bool length:2
newest best op: Uniop(df,'act_arr_time','01:27 PM',(['flight'], {('AA-616-DFW-DTW',)}),{left: ("[FunctionalDependency:(s: {flight}, t: {act_arr_time})]", 0.0), operator: *, right: (1.0, 1.0), result: 0.0})
now error: 0.0
Block processing time: 0.032137 seconds
Computing Block 34 out of 227
Processing Block size=16
begin cleaner{left: ("[FunctionalDependency:(s: {flight}, t: {act_arr_time})]", 0.0), operator: *, right: (1.0, 1.0), result: 0.0}
列 'p' 不存在，对列 act_arr_time 不过滤，直接选择所有非无效值。
Block processing time: 0.012413 seconds
Computing Block 36 out of 227
Processing Block size=15
begin cleaner{left: ("[FunctionalDependency:(s: {flight}, t: {act_arr_time})]", 0.0), operator: *, right: (1.0, 1.0), result: 0.0}
列 'p' 不存在，对列 act_arr_time 不过滤，直接选择所有非无效值。
clean_bool length:2
newest best op: Uniop(df,'act_arr_time','12:50 PM',(['flight'], {('AA-4198-ORD-CLE',)}),{left: ("[FunctionalDependency:(s: {flight}, t: {act_arr_time})]", 0.0), operator: *, right: (1.0, 1.0), result: 0.0})
now error: 0.0
Block processing time: 0.02321 seconds
Computing Block 37 out of 227
Processing Block size=19
begin cleaner{left: ("[FunctionalDependency:(s: {flight}, t: {act_arr_time})]", 0.0), operator: *, right: (1.0, 1.0), result: 0.0}
列 'p' 不存在，对列 act_arr_time 不过滤，直接选择所有非无效值。
clean_bool length:2
newest best op: Uniop(df,'act_arr_time','04:47 PM',(['flight'], {('UA-2314-ATL-PHL',)}),{left: ("[FunctionalDependency:(s: {flight}, t: {act_arr_time})]", 0.0), operator: *, right: (1.0, 1.0), result: 0.0})
now error: 0.0
Block processing time: 0.029236 seconds
Computing Block 38 out of 227
Processing Block size=18
begin cleaner{left: ("[FunctionalDependency:(s: {flight}, t: {act_arr_time})]", 0.0), operator: *, right: (1.0, 1.0), result: 0.0}
列 'p' 不存在，对列 act_arr_time 不过滤，直接选择所有非无效值。
clean_bool length:2
newest best op: Uniop(df,'act_arr_time','12:21 AM',(['flight'], {('CO-1694-LAX-IAH',)}),{left: ("[FunctionalDependency:(s: {flight}, t: {act_arr_time})]", 0.0), operator: *, right: (1.0, 1.0), result: 0.0})
now error: 0.0
Block processing time: 0.026896 seconds
Computing Block 41 out of 227
Processing Block size=18
begin cleaner{left: ("[FunctionalDependency:(s: {flight}, t: {act_arr_time})]", 0.0), operator: *, right: (1.0, 1.0), result: 0.0}
列 'p' 不存在，对列 act_arr_time 不过滤，直接选择所有非无效值。
clean_bool length:2
newest best op: Uniop(df,'act_arr_time','07:17 AM',(['flight'], {('UA-414-LAX-SFO',)}),{left: ("[FunctionalDependency:(s: {flight}, t: {act_arr_time})]", 0.0), operator: *, right: (1.0, 1.0), result: 0.0})
now error: 0.0
Block processing time: 0.026618 seconds
Computing Block 42 out of 227
Processing Block size=23
begin cleaner{left: ("[FunctionalDependency:(s: {flight}, t: {act_arr_time})]", 0.0), operator: *, right: (1.0, 1.0), result: 0.0}
列 'p' 不存在，对列 act_arr_time 不过滤，直接选择所有非无效值。
clean_bool length:2
newest best op: Uniop(df,'act_arr_time','08:53 PM',(['flight'], {('AA-4307-ORD-DTW',)}),{left: ("[FunctionalDependency:(s: {flight}, t: {act_arr_time})]", 0.0), operator: *, right: (1.0, 1.0), result: 0.0})
now error: 0.0
Block processing time: 0.033995 seconds
Computing Block 43 out of 227
Processing Block size=24
begin cleaner{left: ("[FunctionalDependency:(s: {flight}, t: {act_arr_time})]", 0.0), operator: *, right: (1.0, 1.0), result: 0.0}
列 'p' 不存在，对列 act_arr_time 不过滤，直接选择所有非无效值。
clean_bool length:3
newest best op: Uniop(df,'act_arr_time','11:12 AM',(['flight'], {('AA-59-JFK-SFO',)}),{left: ("[FunctionalDependency:(s: {flight}, t: {act_arr_time})]", 0.0), operator: *, right: (1.0, 1.0), result: 0.0})
now error: 0.0
Block processing time: 0.053806 seconds
Computing Block 48 out of 227
Processing Block size=16
begin cleaner{left: ("[FunctionalDependency:(s: {flight}, t: {act_arr_time})]", 0.0), operator: *, right: (1.0, 1.0), result: 0.0}
列 'p' 不存在，对列 act_arr_time 不过滤，直接选择所有非无效值。
clean_bool length:2
newest best op: Uniop(df,'act_arr_time','06:34 PM',(['flight'], {('CO-16-LAX-EWR',)}),{left: ("[FunctionalDependency:(s: {flight}, t: {act_arr_time})]", 0.0), operator: *, right: (1.0, 1.0), result: 0.0})
now error: 0.0
Block processing time: 0.023877 seconds
Computing Block 50 out of 227
Processing Block size=21
begin cleaner{left: ("[FunctionalDependency:(s: {flight}, t: {act_arr_time})]", 0.0), operator: *, right: (1.0, 1.0), result: 0.0}
列 'p' 不存在，对列 act_arr_time 不过滤，直接选择所有非无效值。
clean_bool length:2
newest best op: Uniop(df,'act_arr_time','01:43 PM',(['flight'], {('AA-4277-CVG-JFK',)}),{left: ("[FunctionalDependency:(s: {flight}, t: {act_arr_time})]", 0.0), operator: *, right: (1.0, 1.0), result: 0.0})
now error: 0.0
Block processing time: 0.031055 seconds
Computing Block 51 out of 227
Processing Block size=17
begin cleaner{left: ("[FunctionalDependency:(s: {flight}, t: {act_arr_time})]", 0.0), operator: *, right: (1.0, 1.0), result: 0.0}
列 'p' 不存在，对列 act_arr_time 不过滤，直接选择所有非无效值。
clean_bool length:2
newest best op: Uniop(df,'act_arr_time','11:06 AM',(['flight'], {('AA-2525-DFW-MIA',)}),{left: ("[FunctionalDependency:(s: {flight}, t: {act_arr_time})]", 0.0), operator: *, right: (1.0, 1.0), result: 0.0})
now error: 0.0
Block processing time: 0.025138 seconds
Computing Block 54 out of 227
Processing Block size=17
begin cleaner{left: ("[FunctionalDependency:(s: {flight}, t: {act_arr_time})]", 0.0), operator: *, right: (1.0, 1.0), result: 0.0}
列 'p' 不存在，对列 act_arr_time 不过滤，直接选择所有非无效值。
clean_bool length:2
newest best op: Uniop(df,'act_arr_time','07:55 PM',(['flight'], {('AA-1007-MIA-PHX',)}),{left: ("[FunctionalDependency:(s: {flight}, t: {act_arr_time})]", 0.0), operator: *, right: (1.0, 1.0), result: 0.0})
now error: 0.0
Block processing time: 0.025514 seconds
Computing Block 60 out of 227
Processing Block size=18
begin cleaner{left: ("[FunctionalDependency:(s: {flight}, t: {act_arr_time})]", 0.0), operator: *, right: (1.0, 1.0), result: 0.0}
列 'p' 不存在，对列 act_arr_time 不过滤，直接选择所有非无效值。
clean_bool length:2
newest best op: Uniop(df,'act_arr_time','07:10 PM',(['flight'], {('CO-62-IAH-EWR',)}),{left: ("[FunctionalDependency:(s: {flight}, t: {act_arr_time})]", 0.0), operator: *, right: (1.0, 1.0), result: 0.0})
now error: 0.0
Block processing time: 0.027006 seconds
Computing Block 68 out of 227
Processing Block size=21
begin cleaner{left: ("[FunctionalDependency:(s: {flight}, t: {act_arr_time})]", 0.0), operator: *, right: (1.0, 1.0), result: 0.0}
列 'p' 不存在，对列 act_arr_time 不过滤，直接选择所有非无效值。
clean_bool length:2
newest best op: Uniop(df,'act_arr_time','01:15 PM',(['flight'], {('UA-2945-PHL-CLT',)}),{left: ("[FunctionalDependency:(s: {flight}, t: {act_arr_time})]", 0.0), operator: *, right: (1.0, 1.0), result: 0.0})
now error: 0.0
Block processing time: 0.031371 seconds
Computing Block 69 out of 227
Processing Block size=22
begin cleaner{left: ("[FunctionalDependency:(s: {flight}, t: {act_arr_time})]", 0.0), operator: *, right: (1.0, 1.0), result: 0.0}
列 'p' 不存在，对列 act_arr_time 不过滤，直接选择所有非无效值。
clean_bool length:3
newest best op: Uniop(df,'act_arr_time','12:15 AM',(['flight'], {('AA-3823-LAX-DEN',)}),{left: ("[FunctionalDependency:(s: {flight}, t: {act_arr_time})]", 0.0), operator: *, right: (1.0, 1.0), result: 0.0})
now error: 0.0
Block processing time: 0.049296 seconds
Computing Block 73 out of 227
Processing Block size=16
begin cleaner{left: ("[FunctionalDependency:(s: {flight}, t: {act_arr_time})]", 0.0), operator: *, right: (1.0, 1.0), result: 0.0}
列 'p' 不存在，对列 act_arr_time 不过滤，直接选择所有非无效值。
clean_bool length:2
newest best op: Uniop(df,'act_arr_time','04:56 PM',(['flight'], {('AA-1544-SAN-ORD',)}),{left: ("[FunctionalDependency:(s: {flight}, t: {act_arr_time})]", 0.0), operator: *, right: (1.0, 1.0), result: 0.0})
now error: 0.0
Block processing time: 0.023885 seconds
Computing Block 74 out of 227
Processing Block size=22
begin cleaner{left: ("[FunctionalDependency:(s: {flight}, t: {act_arr_time})]", 0.0), operator: *, right: (1.0, 1.0), result: 0.0}
列 'p' 不存在，对列 act_arr_time 不过滤，直接选择所有非无效值。
clean_bool length:2
newest best op: Uniop(df,'act_arr_time','10:30 PM',(['flight'], {('AA-1733-ORD-PHX',)}),{left: ("[FunctionalDependency:(s: {flight}, t: {act_arr_time})]", 0.0), operator: *, right: (1.0, 1.0), result: 0.0})
now error: 0.0
Block processing time: 0.032464 seconds
Computing Block 75 out of 227
Processing Block size=16
begin cleaner{left: ("[FunctionalDependency:(s: {flight}, t: {act_arr_time})]", 0.0), operator: *, right: (1.0, 1.0), result: 0.0}
列 'p' 不存在，对列 act_arr_time 不过滤，直接选择所有非无效值。
clean_bool length:3
newest best op: Uniop(df,'act_arr_time','02:09 PM',(['flight'], {('UA-37-EDI-EWR',)}),{left: ("[FunctionalDependency:(s: {flight}, t: {act_arr_time})]", 0.0), operator: *, right: (1.0, 1.0), result: 0.0})
now error: 0.0
newest best op: Uniop(df,'act_arr_time','12:09 PM',(['flight'], {('UA-37-EDI-EWR',)}),{left: ("[FunctionalDependency:(s: {flight}, t: {act_arr_time})]", 0.0), operator: *, right: (1.0, 1.0), result: 0.0})
now error: 0.0
Block processing time: 0.036026 seconds
Computing Block 76 out of 227
Processing Block size=19
begin cleaner{left: ("[FunctionalDependency:(s: {flight}, t: {act_arr_time})]", 0.0), operator: *, right: (1.0, 1.0), result: 0.0}
列 'p' 不存在，对列 act_arr_time 不过滤，直接选择所有非无效值。
clean_bool length:2
newest best op: Uniop(df,'act_arr_time','05:38 PM',(['flight'], {('UA-3099-PHX-PHL',)}),{left: ("[FunctionalDependency:(s: {flight}, t: {act_arr_time})]", 0.0), operator: *, right: (1.0, 1.0), result: 0.0})
now error: 0.0
Block processing time: 0.027456 seconds
Computing Block 77 out of 227
Processing Block size=21
begin cleaner{left: ("[FunctionalDependency:(s: {flight}, t: {act_arr_time})]", 0.0), operator: *, right: (1.0, 1.0), result: 0.0}
列 'p' 不存在，对列 act_arr_time 不过滤，直接选择所有非无效值。
clean_bool length:2
newest best op: Uniop(df,'act_arr_time','02:50 PM',(['flight'], {('AA-3756-ORD-SLC',)}),{left: ("[FunctionalDependency:(s: {flight}, t: {act_arr_time})]", 0.0), operator: *, right: (1.0, 1.0), result: 0.0})
now error: 0.0
Block processing time: 0.029955 seconds
Computing Block 78 out of 227
Processing Block size=15
begin cleaner{left: ("[FunctionalDependency:(s: {flight}, t: {act_arr_time})]", 0.0), operator: *, right: (1.0, 1.0), result: 0.0}
列 'p' 不存在，对列 act_arr_time 不过滤，直接选择所有非无效值。
Block processing time: 0.010783 seconds
Computing Block 80 out of 227
Processing Block size=18
begin cleaner{left: ("[FunctionalDependency:(s: {flight}, t: {act_arr_time})]", 0.0), operator: *, right: (1.0, 1.0), result: 0.0}
列 'p' 不存在，对列 act_arr_time 不过滤，直接选择所有非无效值。
clean_bool length:2
newest best op: Uniop(df,'act_arr_time','09:20 PM',(['flight'], {('AA-3063-SLC-LAX',)}),{left: ("[FunctionalDependency:(s: {flight}, t: {act_arr_time})]", 0.0), operator: *, right: (1.0, 1.0), result: 0.0})
now error: 0.0
Block processing time: 0.025598 seconds
Computing Block 82 out of 227
Processing Block size=14
begin cleaner{left: ("[FunctionalDependency:(s: {flight}, t: {act_arr_time})]", 0.0), operator: *, right: (1.0, 1.0), result: 0.0}
列 'p' 不存在，对列 act_arr_time 不过滤，直接选择所有非无效值。
clean_bool length:2
newest best op: Uniop(df,'act_arr_time','11:21 AM',(['flight'], {('UA-5487-SFO-MRY',)}),{left: ("[FunctionalDependency:(s: {flight}, t: {act_arr_time})]", 0.0), operator: *, right: (1.0, 1.0), result: 0.0})
now error: 0.0
Block processing time: 0.020155 seconds
Computing Block 83 out of 227
Processing Block size=19
begin cleaner{left: ("[FunctionalDependency:(s: {flight}, t: {act_arr_time})]", 0.0), operator: *, right: (1.0, 1.0), result: 0.0}
列 'p' 不存在，对列 act_arr_time 不过滤，直接选择所有非无效值。
clean_bool length:2
newest best op: Uniop(df,'act_arr_time','01:30 PM',(['flight'], {('UA-854-SFO-IAH',)}),{left: ("[FunctionalDependency:(s: {flight}, t: {act_arr_time})]", 0.0), operator: *, right: (1.0, 1.0), result: 0.0})
now error: 0.0
Block processing time: 0.026968 seconds
Computing Block 85 out of 227
Processing Block size=19
begin cleaner{left: ("[FunctionalDependency:(s: {flight}, t: {act_arr_time})]", 0.0), operator: *, right: (1.0, 1.0), result: 0.0}
列 'p' 不存在，对列 act_arr_time 不过滤，直接选择所有非无效值。
clean_bool length:2
newest best op: Uniop(df,'act_arr_time','09:14 AM',(['flight'], {('CO-52-IAH-LAX',)}),{left: ("[FunctionalDependency:(s: {flight}, t: {act_arr_time})]", 0.0), operator: *, right: (1.0, 1.0), result: 0.0})
now error: 0.0
Block processing time: 0.027251 seconds
Computing Block 87 out of 227
Processing Block size=15
begin cleaner{left: ("[FunctionalDependency:(s: {flight}, t: {act_arr_time})]", 0.0), operator: *, right: (1.0, 1.0), result: 0.0}
列 'p' 不存在，对列 act_arr_time 不过滤，直接选择所有非无效值。
clean_bool length:2
newest best op: Uniop(df,'act_arr_time','04:44 PM',(['flight'], {('UA-2708-EWR-CLT',)}),{left: ("[FunctionalDependency:(s: {flight}, t: {act_arr_time})]", 0.0), operator: *, right: (1.0, 1.0), result: 0.0})
now error: 0.0
Block processing time: 0.021647 seconds
Computing Block 90 out of 227
Processing Block size=25
begin cleaner{left: ("[FunctionalDependency:(s: {flight}, t: {act_arr_time})]", 0.0), operator: *, right: (1.0, 1.0), result: 0.0}
列 'p' 不存在，对列 act_arr_time 不过滤，直接选择所有非无效值。
clean_bool length:3
newest best op: Uniop(df,'act_arr_time','11:44 AM',(['flight'], {('AA-431-MIA-SFO',)}),{left: ("[FunctionalDependency:(s: {flight}, t: {act_arr_time})]", 0.0), operator: *, right: (1.0, 1.0), result: 0.0})
now error: 0.0
Block processing time: 0.053665 seconds
Computing Block 91 out of 227
Processing Block size=24
begin cleaner{left: ("[FunctionalDependency:(s: {flight}, t: {act_arr_time})]", 0.0), operator: *, right: (1.0, 1.0), result: 0.0}
列 'p' 不存在，对列 act_arr_time 不过滤，直接选择所有非无效值。
clean_bool length:2
newest best op: Uniop(df,'act_arr_time','09:05 AM',(['flight'], {('AA-466-IAH-MIA',)}),{left: ("[FunctionalDependency:(s: {flight}, t: {act_arr_time})]", 0.0), operator: *, right: (1.0, 1.0), result: 0.0})
now error: 0.0
Block processing time: 0.033952 seconds
Computing Block 96 out of 227
Processing Block size=22
begin cleaner{left: ("[FunctionalDependency:(s: {flight}, t: {act_arr_time})]", 0.0), operator: *, right: (1.0, 1.0), result: 0.0}
列 'p' 不存在，对列 act_arr_time 不过滤，直接选择所有非无效值。
clean_bool length:2
newest best op: Uniop(df,'act_arr_time','09:43 AM',(['flight'], {('UA-3925-IAD-ORF',)}),{left: ("[FunctionalDependency:(s: {flight}, t: {act_arr_time})]", 0.0), operator: *, right: (1.0, 1.0), result: 0.0})
now error: 0.0
Block processing time: 0.031173 seconds
Computing Block 98 out of 227
Processing Block size=15
begin cleaner{left: ("[FunctionalDependency:(s: {flight}, t: {act_arr_time})]", 0.0), operator: *, right: (1.0, 1.0), result: 0.0}
列 'p' 不存在，对列 act_arr_time 不过滤，直接选择所有非无效值。
clean_bool length:2
newest best op: Uniop(df,'act_arr_time','10:27 AM',(['flight'], {('CO-89-IAH-EWR',)}),{left: ("[FunctionalDependency:(s: {flight}, t: {act_arr_time})]", 0.0), operator: *, right: (1.0, 1.0), result: 0.0})
now error: 0.0
Block processing time: 0.021671 seconds
Computing Block 100 out of 227
Processing Block size=18
begin cleaner{left: ("[FunctionalDependency:(s: {flight}, t: {act_arr_time})]", 0.0), operator: *, right: (1.0, 1.0), result: 0.0}
列 'p' 不存在，对列 act_arr_time 不过滤，直接选择所有非无效值。
clean_bool length:2
newest best op: Uniop(df,'act_arr_time','07:36 PM',(['flight'], {('UA-938-DEN-ORD',)}),{left: ("[FunctionalDependency:(s: {flight}, t: {act_arr_time})]", 0.0), operator: *, right: (1.0, 1.0), result: 0.0})
now error: 0.0
Block processing time: 0.026061 seconds
Computing Block 101 out of 227
Processing Block size=20
begin cleaner{left: ("[FunctionalDependency:(s: {flight}, t: {act_arr_time})]", 0.0), operator: *, right: (1.0, 1.0), result: 0.0}
列 'p' 不存在，对列 act_arr_time 不过滤，直接选择所有非无效值。
clean_bool length:2
newest best op: Uniop(df,'act_arr_time','06:43 PM',(['flight'], {('AA-85-JFK-SFO',)}),{left: ("[FunctionalDependency:(s: {flight}, t: {act_arr_time})]", 0.0), operator: *, right: (1.0, 1.0), result: 0.0})
now error: 0.0
Block processing time: 0.028554 seconds
Computing Block 102 out of 227
Processing Block size=21
begin cleaner{left: ("[FunctionalDependency:(s: {flight}, t: {act_arr_time})]", 0.0), operator: *, right: (1.0, 1.0), result: 0.0}
列 'p' 不存在，对列 act_arr_time 不过滤，直接选择所有非无效值。
clean_bool length:2
newest best op: Uniop(df,'act_arr_time','09:31 AM',(['flight'], {('AA-643-MIA-ORD',)}),{left: ("[FunctionalDependency:(s: {flight}, t: {act_arr_time})]", 0.0), operator: *, right: (1.0, 1.0), result: 0.0})
now error: 0.0
Block processing time: 0.03085 seconds
Computing Block 105 out of 227
Processing Block size=18
begin cleaner{left: ("[FunctionalDependency:(s: {flight}, t: {act_arr_time})]", 0.0), operator: *, right: (1.0, 1.0), result: 0.0}
列 'p' 不存在，对列 act_arr_time 不过滤，直接选择所有非无效值。
clean_bool length:2
newest best op: Uniop(df,'act_arr_time','07:51 AM',(['flight'], {('AA-3842-MSP-ORD',)}),{left: ("[FunctionalDependency:(s: {flight}, t: {act_arr_time})]", 0.0), operator: *, right: (1.0, 1.0), result: 0.0})
now error: 0.0
Block processing time: 0.025789 seconds
Computing Block 106 out of 227
Processing Block size=14
begin cleaner{left: ("[FunctionalDependency:(s: {flight}, t: {act_arr_time})]", 0.0), operator: *, right: (1.0, 1.0), result: 0.0}
列 'p' 不存在，对列 act_arr_time 不过滤，直接选择所有非无效值。
clean_bool length:2
newest best op: Uniop(df,'act_arr_time','08:02 AM',(['flight'], {('UA-858-PVG-SFO',)}),{left: ("[FunctionalDependency:(s: {flight}, t: {act_arr_time})]", 0.0), operator: *, right: (1.0, 1.0), result: 0.0})
now error: 0.0
Block processing time: 0.020171 seconds
Computing Block 108 out of 227
Processing Block size=23
begin cleaner{left: ("[FunctionalDependency:(s: {flight}, t: {act_arr_time})]", 0.0), operator: *, right: (1.0, 1.0), result: 0.0}
列 'p' 不存在，对列 act_arr_time 不过滤，直接选择所有非无效值。
clean_bool length:2
newest best op: Uniop(df,'act_arr_time','06:15 PM',(['flight'], {('AA-3786-IAH-ORD',)}),{left: ("[FunctionalDependency:(s: {flight}, t: {act_arr_time})]", 0.0), operator: *, right: (1.0, 1.0), result: 0.0})
now error: 0.0
Block processing time: 0.032696 seconds
Computing Block 109 out of 227
Processing Block size=23
begin cleaner{left: ("[FunctionalDependency:(s: {flight}, t: {act_arr_time})]", 0.0), operator: *, right: (1.0, 1.0), result: 0.0}
列 'p' 不存在，对列 act_arr_time 不过滤，直接选择所有非无效值。
clean_bool length:2
newest best op: Uniop(df,'act_arr_time','07:39 PM',(['flight'], {('AA-484-DFW-MIA',)}),{left: ("[FunctionalDependency:(s: {flight}, t: {act_arr_time})]", 0.0), operator: *, right: (1.0, 1.0), result: 0.0})
now error: 0.0
Block processing time: 0.032619 seconds
Computing Block 111 out of 227
Processing Block size=19
begin cleaner{left: ("[FunctionalDependency:(s: {flight}, t: {act_arr_time})]", 0.0), operator: *, right: (1.0, 1.0), result: 0.0}
列 'p' 不存在，对列 act_arr_time 不过滤，直接选择所有非无效值。
clean_bool length:2
newest best op: Uniop(df,'act_arr_time','06:28 PM',(['flight'], {('UA-2726-FLL-PHL',)}),{left: ("[FunctionalDependency:(s: {flight}, t: {act_arr_time})]", 0.0), operator: *, right: (1.0, 1.0), result: 0.0})
now error: 0.0
Block processing time: 0.026978 seconds
Computing Block 112 out of 227
Processing Block size=13
begin cleaner{left: ("[FunctionalDependency:(s: {flight}, t: {act_arr_time})]", 0.0), operator: *, right: (1.0, 1.0), result: 0.0}
列 'p' 不存在，对列 act_arr_time 不过滤，直接选择所有非无效值。
clean_bool length:2
newest best op: Uniop(df,'act_arr_time','05:26 AM',(['flight'], {('CO-1614-LAX-IAH',)}),{left: ("[FunctionalDependency:(s: {flight}, t: {act_arr_time})]", 0.0), operator: *, right: (1.0, 1.0), result: 0.0})
now error: 0.0
Block processing time: 0.01864 seconds
Computing Block 114 out of 227
Processing Block size=21
begin cleaner{left: ("[FunctionalDependency:(s: {flight}, t: {act_arr_time})]", 0.0), operator: *, right: (1.0, 1.0), result: 0.0}
列 'p' 不存在，对列 act_arr_time 不过滤，直接选择所有非无效值。
clean_bool length:2
newest best op: Uniop(df,'act_arr_time','12:09 PM',(['flight'], {('CO-1193-EWR-MCO',)}),{left: ("[FunctionalDependency:(s: {flight}, t: {act_arr_time})]", 0.0), operator: *, right: (1.0, 1.0), result: 0.0})
now error: 0.0
Block processing time: 0.029896 seconds
Computing Block 116 out of 227
Processing Block size=14
begin cleaner{left: ("[FunctionalDependency:(s: {flight}, t: {act_arr_time})]", 0.0), operator: *, right: (1.0, 1.0), result: 0.0}
列 'p' 不存在，对列 act_arr_time 不过滤，直接选择所有非无效值。
clean_bool length:2
newest best op: Uniop(df,'act_arr_time','04:17 PM',(['flight'], {('UA-37-EWR-MCO',)}),{left: ("[FunctionalDependency:(s: {flight}, t: {act_arr_time})]", 0.0), operator: *, right: (1.0, 1.0), result: 0.0})
now error: 0.0
Block processing time: 0.020269 seconds
Computing Block 121 out of 227
Processing Block size=21
begin cleaner{left: ("[FunctionalDependency:(s: {flight}, t: {act_arr_time})]", 0.0), operator: *, right: (1.0, 1.0), result: 0.0}
列 'p' 不存在，对列 act_arr_time 不过滤，直接选择所有非无效值。
clean_bool length:2
newest best op: Uniop(df,'act_arr_time','11:50 PM',(['flight'], {('AA-2312-DFW-DTW',)}),{left: ("[FunctionalDependency:(s: {flight}, t: {act_arr_time})]", 0.0), operator: *, right: (1.0, 1.0), result: 0.0})
now error: 0.0
Block processing time: 0.02983 seconds
Computing Block 124 out of 227
Processing Block size=15
begin cleaner{left: ("[FunctionalDependency:(s: {flight}, t: {act_arr_time})]", 0.0), operator: *, right: (1.0, 1.0), result: 0.0}
列 'p' 不存在，对列 act_arr_time 不过滤，直接选择所有非无效值。
clean_bool length:2
newest best op: Uniop(df,'act_arr_time','08:03 PM',(['flight'], {('CO-63-EWR-IAH',)}),{left: ("[FunctionalDependency:(s: {flight}, t: {act_arr_time})]", 0.0), operator: *, right: (1.0, 1.0), result: 0.0})
now error: 0.0
Block processing time: 0.021483 seconds
Computing Block 128 out of 227
Processing Block size=18
begin cleaner{left: ("[FunctionalDependency:(s: {flight}, t: {act_arr_time})]", 0.0), operator: *, right: (1.0, 1.0), result: 0.0}
列 'p' 不存在，对列 act_arr_time 不过滤，直接选择所有非无效值。
clean_bool length:2
newest best op: Uniop(df,'act_arr_time','11:58 AM',(['flight'], {('UA-397-JFK-SFO',)}),{left: ("[FunctionalDependency:(s: {flight}, t: {act_arr_time})]", 0.0), operator: *, right: (1.0, 1.0), result: 0.0})
now error: 0.0
Block processing time: 0.025255 seconds
Computing Block 129 out of 227
Processing Block size=19
begin cleaner{left: ("[FunctionalDependency:(s: {flight}, t: {act_arr_time})]", 0.0), operator: *, right: (1.0, 1.0), result: 0.0}
列 'p' 不存在，对列 act_arr_time 不过滤，直接选择所有非无效值。
clean_bool length:2
newest best op: Uniop(df,'act_arr_time','05:26 PM',(['flight'], {('CO-50-CLE-EWR',)}),{left: ("[FunctionalDependency:(s: {flight}, t: {act_arr_time})]", 0.0), operator: *, right: (1.0, 1.0), result: 0.0})
now error: 0.0
Block processing time: 0.0266 seconds
Computing Block 130 out of 227
Processing Block size=15
begin cleaner{left: ("[FunctionalDependency:(s: {flight}, t: {act_arr_time})]", 0.0), operator: *, right: (1.0, 1.0), result: 0.0}
列 'p' 不存在，对列 act_arr_time 不过滤，直接选择所有非无效值。
clean_bool length:2
newest best op: Uniop(df,'act_arr_time','11:32 AM',(['flight'], {('CO-1561-PHX-IAH',)}),{left: ("[FunctionalDependency:(s: {flight}, t: {act_arr_time})]", 0.0), operator: *, right: (1.0, 1.0), result: 0.0})
now error: 0.0
Block processing time: 0.021189 seconds
Computing Block 132 out of 227
Processing Block size=22
begin cleaner{left: ("[FunctionalDependency:(s: {flight}, t: {act_arr_time})]", 0.0), operator: *, right: (1.0, 1.0), result: 0.0}
列 'p' 不存在，对列 act_arr_time 不过滤，直接选择所有非无效值。
clean_bool length:2
newest best op: Uniop(df,'act_arr_time','05:42 PM',(['flight'], {('UA-257-JFK-SFO',)}),{left: ("[FunctionalDependency:(s: {flight}, t: {act_arr_time})]", 0.0), operator: *, right: (1.0, 1.0), result: 0.0})
now error: 0.0
Block processing time: 0.030304 seconds
Computing Block 133 out of 227
Processing Block size=19
begin cleaner{left: ("[FunctionalDependency:(s: {flight}, t: {act_arr_time})]", 0.0), operator: *, right: (1.0, 1.0), result: 0.0}
列 'p' 不存在，对列 act_arr_time 不过滤，直接选择所有非无效值。
clean_bool length:2
newest best op: Uniop(df,'act_arr_time','10:16 AM',(['flight'], {('AA-415-BOS-ORD',)}),{left: ("[FunctionalDependency:(s: {flight}, t: {act_arr_time})]", 0.0), operator: *, right: (1.0, 1.0), result: 0.0})
now error: 0.0
Block processing time: 0.026684 seconds
Computing Block 136 out of 227
Processing Block size=20
begin cleaner{left: ("[FunctionalDependency:(s: {flight}, t: {act_arr_time})]", 0.0), operator: *, right: (1.0, 1.0), result: 0.0}
列 'p' 不存在，对列 act_arr_time 不过滤，直接选择所有非无效值。
clean_bool length:2
newest best op: Uniop(df,'act_arr_time','10:47 AM',(['flight'], {('UA-2515-DFW-CLT',)}),{left: ("[FunctionalDependency:(s: {flight}, t: {act_arr_time})]", 0.0), operator: *, right: (1.0, 1.0), result: 0.0})
now error: 0.0
Block processing time: 0.028477 seconds
Computing Block 139 out of 227
Processing Block size=18
begin cleaner{left: ("[FunctionalDependency:(s: {flight}, t: {act_arr_time})]", 0.0), operator: *, right: (1.0, 1.0), result: 0.0}
列 'p' 不存在，对列 act_arr_time 不过滤，直接选择所有非无效值。
clean_bool length:2
newest best op: Uniop(df,'act_arr_time','02:10 PM',(['flight'], {('AA-4344-ORD-DTW',)}),{left: ("[FunctionalDependency:(s: {flight}, t: {act_arr_time})]", 0.0), operator: *, right: (1.0, 1.0), result: 0.0})
now error: 0.0
Block processing time: 0.026382 seconds
Computing Block 143 out of 227
Processing Block size=21
begin cleaner{left: ("[FunctionalDependency:(s: {flight}, t: {act_arr_time})]", 0.0), operator: *, right: (1.0, 1.0), result: 0.0}
列 'p' 不存在，对列 act_arr_time 不过滤，直接选择所有非无效值。
clean_bool length:2
newest best op: Uniop(df,'act_arr_time','03:50 PM',(['flight'], {('AA-649-ORD-SNA',)}),{left: ("[FunctionalDependency:(s: {flight}, t: {act_arr_time})]", 0.0), operator: *, right: (1.0, 1.0), result: 0.0})
now error: 0.0
Block processing time: 0.030709 seconds
Computing Block 149 out of 227
Processing Block size=18
begin cleaner{left: ("[FunctionalDependency:(s: {flight}, t: {act_arr_time})]", 0.0), operator: *, right: (1.0, 1.0), result: 0.0}
列 'p' 不存在，对列 act_arr_time 不过滤，直接选择所有非无效值。
clean_bool length:2
newest best op: Uniop(df,'act_arr_time','05:17 PM',(['flight'], {('UA-2830-MCO-CLT',)}),{left: ("[FunctionalDependency:(s: {flight}, t: {act_arr_time})]", 0.0), operator: *, right: (1.0, 1.0), result: 0.0})
now error: 0.0
Block processing time: 0.026149 seconds
Computing Block 150 out of 227
Processing Block size=19
begin cleaner{left: ("[FunctionalDependency:(s: {flight}, t: {act_arr_time})]", 0.0), operator: *, right: (1.0, 1.0), result: 0.0}
列 'p' 不存在，对列 act_arr_time 不过滤，直接选择所有非无效值。
clean_bool length:2
newest best op: Uniop(df,'act_arr_time','09:13 AM',(['flight'], {('UA-3373-IAD-PHL',)}),{left: ("[FunctionalDependency:(s: {flight}, t: {act_arr_time})]", 0.0), operator: *, right: (1.0, 1.0), result: 0.0})
now error: 0.0
Block processing time: 0.028471 seconds
Computing Block 151 out of 227
Processing Block size=23
begin cleaner{left: ("[FunctionalDependency:(s: {flight}, t: {act_arr_time})]", 0.0), operator: *, right: (1.0, 1.0), result: 0.0}
列 'p' 不存在，对列 act_arr_time 不过滤，直接选择所有非无效值。
clean_bool length:2
newest best op: Uniop(df,'act_arr_time','09:53 PM',(['flight'], {('AA-1221-MCO-ORD',)}),{left: ("[FunctionalDependency:(s: {flight}, t: {act_arr_time})]", 0.0), operator: *, right: (1.0, 1.0), result: 0.0})
now error: 0.0
Block processing time: 0.034435 seconds
Computing Block 152 out of 227
Processing Block size=12
begin cleaner{left: ("[FunctionalDependency:(s: {flight}, t: {act_arr_time})]", 0.0), operator: *, right: (1.0, 1.0), result: 0.0}
列 'p' 不存在，对列 act_arr_time 不过滤，直接选择所有非无效值。
clean_bool length:2
newest best op: Uniop(df,'act_arr_time','09:56 AM',(['flight'], {('UA-3515-IAD-MSP',)}),{left: ("[FunctionalDependency:(s: {flight}, t: {act_arr_time})]", 0.0), operator: *, right: (1.0, 1.0), result: 0.0})
now error: 0.0
Block processing time: 0.018193 seconds
Computing Block 158 out of 227
Processing Block size=15
begin cleaner{left: ("[FunctionalDependency:(s: {flight}, t: {act_arr_time})]", 0.0), operator: *, right: (1.0, 1.0), result: 0.0}
列 'p' 不存在，对列 act_arr_time 不过滤，直接选择所有非无效值。
clean_bool length:2
newest best op: Uniop(df,'act_arr_time','01:14 PM',(['flight'], {('CO-1023-IAH-DEN',)}),{left: ("[FunctionalDependency:(s: {flight}, t: {act_arr_time})]", 0.0), operator: *, right: (1.0, 1.0), result: 0.0})
now error: 0.0
Block processing time: 0.022788 seconds
Computing Block 159 out of 227
Processing Block size=25
begin cleaner{left: ("[FunctionalDependency:(s: {flight}, t: {act_arr_time})]", 0.0), operator: *, right: (1.0, 1.0), result: 0.0}
列 'p' 不存在，对列 act_arr_time 不过滤，直接选择所有非无效值。
clean_bool length:2
newest best op: Uniop(df,'act_arr_time','03:13 PM',(['flight'], {('AA-789-ORD-DEN',)}),{left: ("[FunctionalDependency:(s: {flight}, t: {act_arr_time})]", 0.0), operator: *, right: (1.0, 1.0), result: 0.0})
now error: 0.0
Block processing time: 0.037226 seconds
Computing Block 160 out of 227
Processing Block size=21
begin cleaner{left: ("[FunctionalDependency:(s: {flight}, t: {act_arr_time})]", 0.0), operator: *, right: (1.0, 1.0), result: 0.0}
列 'p' 不存在，对列 act_arr_time 不过滤，直接选择所有非无效值。
clean_bool length:2
newest best op: Uniop(df,'act_arr_time','03:30 PM',(['flight'], {('AA-1279-DFW-PHX',)}),{left: ("[FunctionalDependency:(s: {flight}, t: {act_arr_time})]", 0.0), operator: *, right: (1.0, 1.0), result: 0.0})
now error: 0.0
Block processing time: 0.031746 seconds
Computing Block 163 out of 227
Processing Block size=21
begin cleaner{left: ("[FunctionalDependency:(s: {flight}, t: {act_arr_time})]", 0.0), operator: *, right: (1.0, 1.0), result: 0.0}
列 'p' 不存在，对列 act_arr_time 不过滤，直接选择所有非无效值。
clean_bool length:2
newest best op: Uniop(df,'act_arr_time','11:56 AM',(['flight'], {('AA-1664-MIA-ATL',)}),{left: ("[FunctionalDependency:(s: {flight}, t: {act_arr_time})]", 0.0), operator: *, right: (1.0, 1.0), result: 0.0})
now error: 0.0
Block processing time: 0.029775 seconds
Computing Block 165 out of 227
Processing Block size=22
begin cleaner{left: ("[FunctionalDependency:(s: {flight}, t: {act_arr_time})]", 0.0), operator: *, right: (1.0, 1.0), result: 0.0}
列 'p' 不存在，对列 act_arr_time 不过滤，直接选择所有非无效值。
clean_bool length:2
newest best op: Uniop(df,'act_arr_time','05:43 PM',(['flight'], {('AA-1917-JFK-MCO',)}),{left: ("[FunctionalDependency:(s: {flight}, t: {act_arr_time})]", 0.0), operator: *, right: (1.0, 1.0), result: 0.0})
now error: 0.0
Block processing time: 0.031326 seconds
Computing Block 168 out of 227
Processing Block size=19
begin cleaner{left: ("[FunctionalDependency:(s: {flight}, t: {act_arr_time})]", 0.0), operator: *, right: (1.0, 1.0), result: 0.0}
列 'p' 不存在，对列 act_arr_time 不过滤，直接选择所有非无效值。
clean_bool length:3
newest best op: Uniop(df,'act_arr_time','10:36 AM',(['flight'], {('AA-1434-DFW-MCO',)}),{left: ("[FunctionalDependency:(s: {flight}, t: {act_arr_time})]", 0.0), operator: *, right: (1.0, 1.0), result: 0.0})
now error: 0.0
Block processing time: 0.04004 seconds
Computing Block 170 out of 227
Processing Block size=19
begin cleaner{left: ("[FunctionalDependency:(s: {flight}, t: {act_arr_time})]", 0.0), operator: *, right: (1.0, 1.0), result: 0.0}
列 'p' 不存在，对列 act_arr_time 不过滤，直接选择所有非无效值。
clean_bool length:2
newest best op: Uniop(df,'act_arr_time','03:21 PM',(['flight'], {('UA-382-IAD-LAX',)}),{left: ("[FunctionalDependency:(s: {flight}, t: {act_arr_time})]", 0.0), operator: *, right: (1.0, 1.0), result: 0.0})
now error: 0.0
Block processing time: 0.026618 seconds
Computing Block 172 out of 227
Processing Block size=21
begin cleaner{left: ("[FunctionalDependency:(s: {flight}, t: {act_arr_time})]", 0.0), operator: *, right: (1.0, 1.0), result: 0.0}
列 'p' 不存在，对列 act_arr_time 不过滤，直接选择所有非无效值。
clean_bool length:2
newest best op: Uniop(df,'act_arr_time','05:05 PM',(['flight'], {('UA-3050-PHX-CLT',)}),{left: ("[FunctionalDependency:(s: {flight}, t: {act_arr_time})]", 0.0), operator: *, right: (1.0, 1.0), result: 0.0})
now error: 0.0
Block processing time: 0.029206 seconds
Computing Block 173 out of 227
Processing Block size=21
begin cleaner{left: ("[FunctionalDependency:(s: {flight}, t: {act_arr_time})]", 0.0), operator: *, right: (1.0, 1.0), result: 0.0}
列 'p' 不存在，对列 act_arr_time 不过滤，直接选择所有非无效值。
clean_bool length:2
newest best op: Uniop(df,'act_arr_time','11:01 AM',(['flight'], {('AA-2957-DFW-CVG',)}),{left: ("[FunctionalDependency:(s: {flight}, t: {act_arr_time})]", 0.0), operator: *, right: (1.0, 1.0), result: 0.0})
now error: 0.0
Block processing time: 0.029736 seconds
Computing Block 175 out of 227
Processing Block size=20
begin cleaner{left: ("[FunctionalDependency:(s: {flight}, t: {act_arr_time})]", 0.0), operator: *, right: (1.0, 1.0), result: 0.0}
列 'p' 不存在，对列 act_arr_time 不过滤，直接选择所有非无效值。
clean_bool length:2
newest best op: Uniop(df,'act_arr_time','10:04 AM',(['flight'], {('AA-1165-JFK-MIA',)}),{left: ("[FunctionalDependency:(s: {flight}, t: {act_arr_time})]", 0.0), operator: *, right: (1.0, 1.0), result: 0.0})
now error: 0.0
Block processing time: 0.027939 seconds
Computing Block 181 out of 227
Processing Block size=15
begin cleaner{left: ("[FunctionalDependency:(s: {flight}, t: {act_arr_time})]", 0.0), operator: *, right: (1.0, 1.0), result: 0.0}
列 'p' 不存在，对列 act_arr_time 不过滤，直接选择所有非无效值。
clean_bool length:2
newest best op: Uniop(df,'act_arr_time','10:56 AM',(['flight'], {('CO-1088-CLE-IAH',)}),{left: ("[FunctionalDependency:(s: {flight}, t: {act_arr_time})]", 0.0), operator: *, right: (1.0, 1.0), result: 0.0})
now error: 0.0
Block processing time: 0.021174 seconds
Computing Block 182 out of 227
Processing Block size=19
begin cleaner{left: ("[FunctionalDependency:(s: {flight}, t: {act_arr_time})]", 0.0), operator: *, right: (1.0, 1.0), result: 0.0}
列 'p' 不存在，对列 act_arr_time 不过滤，直接选择所有非无效值。
clean_bool length:2
newest best op: Uniop(df,'act_arr_time','03:16 PM',(['flight'], {('AA-3-JFK-LAX',)}),{left: ("[FunctionalDependency:(s: {flight}, t: {act_arr_time})]", 0.0), operator: *, right: (1.0, 1.0), result: 0.0})
now error: 0.0
Block processing time: 0.026426 seconds
Computing Block 183 out of 227
Processing Block size=19
begin cleaner{left: ("[FunctionalDependency:(s: {flight}, t: {act_arr_time})]", 0.0), operator: *, right: (1.0, 1.0), result: 0.0}
列 'p' 不存在，对列 act_arr_time 不过滤，直接选择所有非无效值。
clean_bool length:2
newest best op: Uniop(df,'act_arr_time','09:28 AM',(['flight'], {('AA-518-MIA-JFK',)}),{left: ("[FunctionalDependency:(s: {flight}, t: {act_arr_time})]", 0.0), operator: *, right: (1.0, 1.0), result: 0.0})
now error: 0.0
Block processing time: 0.026485 seconds
Computing Block 184 out of 227
Processing Block size=17
begin cleaner{left: ("[FunctionalDependency:(s: {flight}, t: {act_arr_time})]", 0.0), operator: *, right: (1.0, 1.0), result: 0.0}
列 'p' 不存在，对列 act_arr_time 不过滤，直接选择所有非无效值。
clean_bool length:2
newest best op: Uniop(df,'act_arr_time','01:19 PM',(['flight'], {('CO-1090-BOS-IAH',)}),{left: ("[FunctionalDependency:(s: {flight}, t: {act_arr_time})]", 0.0), operator: *, right: (1.0, 1.0), result: 0.0})
now error: 0.0
Block processing time: 0.023679 seconds
Computing Block 185 out of 227
Processing Block size=18
begin cleaner{left: ("[FunctionalDependency:(s: {flight}, t: {act_arr_time})]", 0.0), operator: *, right: (1.0, 1.0), result: 0.0}
列 'p' 不存在，对列 act_arr_time 不过滤，直接选择所有非无效值。
clean_bool length:2
newest best op: Uniop(df,'act_arr_time','04:59 PM',(['flight'], {('CO-1250-MIA-IAH',)}),{left: ("[FunctionalDependency:(s: {flight}, t: {act_arr_time})]", 0.0), operator: *, right: (1.0, 1.0), result: 0.0})
now error: 0.0
Block processing time: 0.025726 seconds
Computing Block 192 out of 227
Processing Block size=17
begin cleaner{left: ("[FunctionalDependency:(s: {flight}, t: {act_arr_time})]", 0.0), operator: *, right: (1.0, 1.0), result: 0.0}
列 'p' 不存在，对列 act_arr_time 不过滤，直接选择所有非无效值。
clean_bool length:2
newest best op: Uniop(df,'act_arr_time','05:34 PM',(['flight'], {('UA-248-PHX-ORD',)}),{left: ("[FunctionalDependency:(s: {flight}, t: {act_arr_time})]", 0.0), operator: *, right: (1.0, 1.0), result: 0.0})
now error: 0.0
Block processing time: 0.023873 seconds
Computing Block 195 out of 227
Processing Block size=22
begin cleaner{left: ("[FunctionalDependency:(s: {flight}, t: {act_arr_time})]", 0.0), operator: *, right: (1.0, 1.0), result: 0.0}
列 'p' 不存在，对列 act_arr_time 不过滤，直接选择所有非无效值。
clean_bool length:2
newest best op: Uniop(df,'act_arr_time','05:11 AM',(['flight'], {('UA-828-SFO-ORD',)}),{left: ("[FunctionalDependency:(s: {flight}, t: {act_arr_time})]", 0.0), operator: *, right: (1.0, 1.0), result: 0.0})
now error: 0.0
Block processing time: 0.030592 seconds
Computing Block 196 out of 227
Processing Block size=22
begin cleaner{left: ("[FunctionalDependency:(s: {flight}, t: {act_arr_time})]", 0.0), operator: *, right: (1.0, 1.0), result: 0.0}
列 'p' 不存在，对列 act_arr_time 不过滤，直接选择所有非无效值。
clean_bool length:2
WARNING:root:No partitioning rule specified, processing might be slow
newest best op: Uniop(df,'act_arr_time','09:45 AM',(['flight'], {('AA-3468-CVG-MIA',)}),{left: ("[FunctionalDependency:(s: {flight}, t: {act_arr_time})]", 0.0), operator: *, right: (1.0, 1.0), result: 0.0})
now error: 0.0
Block processing time: 0.030748 seconds
Computing Block 199 out of 227
Processing Block size=19
begin cleaner{left: ("[FunctionalDependency:(s: {flight}, t: {act_arr_time})]", 0.0), operator: *, right: (1.0, 1.0), result: 0.0}
列 'p' 不存在，对列 act_arr_time 不过滤，直接选择所有非无效值。
clean_bool length:2
newest best op: Uniop(df,'act_arr_time','09:52 PM',(['flight'], {('CO-47-IAH-LAX',)}),{left: ("[FunctionalDependency:(s: {flight}, t: {act_arr_time})]", 0.0), operator: *, right: (1.0, 1.0), result: 0.0})
now error: 0.0
Block processing time: 0.026486 seconds
Computing Block 200 out of 227
Processing Block size=21
begin cleaner{left: ("[FunctionalDependency:(s: {flight}, t: {act_arr_time})]", 0.0), operator: *, right: (1.0, 1.0), result: 0.0}
列 'p' 不存在，对列 act_arr_time 不过滤，直接选择所有非无效值。
clean_bool length:2
newest best op: Uniop(df,'act_arr_time','03:43 PM',(['flight'], {('AA-3804-PHL-ORD',)}),{left: ("[FunctionalDependency:(s: {flight}, t: {act_arr_time})]", 0.0), operator: *, right: (1.0, 1.0), result: 0.0})
now error: 0.0
Block processing time: 0.029184 seconds
Computing Block 203 out of 227
Processing Block size=24
begin cleaner{left: ("[FunctionalDependency:(s: {flight}, t: {act_arr_time})]", 0.0), operator: *, right: (1.0, 1.0), result: 0.0}
列 'p' 不存在，对列 act_arr_time 不过滤，直接选择所有非无效值。
clean_bool length:2
newest best op: Uniop(df,'act_arr_time','07:40 AM',(['flight'], {('AA-404-MIA-MCO',)}),{left: ("[FunctionalDependency:(s: {flight}, t: {act_arr_time})]", 0.0), operator: *, right: (1.0, 1.0), result: 0.0})
now error: 0.0
Block processing time: 0.034414 seconds
Computing Block 204 out of 227
Processing Block size=20
begin cleaner{left: ("[FunctionalDependency:(s: {flight}, t: {act_arr_time})]", 0.0), operator: *, right: (1.0, 1.0), result: 0.0}
列 'p' 不存在，对列 act_arr_time 不过滤，直接选择所有非无效值。
clean_bool length:2
newest best op: Uniop(df,'act_arr_time','06:36 PM',(['flight'], {('CO-45-EWR-MIA',)}),{left: ("[FunctionalDependency:(s: {flight}, t: {act_arr_time})]", 0.0), operator: *, right: (1.0, 1.0), result: 0.0})
now error: 0.0
Block processing time: 0.030094 seconds
Computing Block 205 out of 227
Processing Block size=20
begin cleaner{left: ("[FunctionalDependency:(s: {flight}, t: {act_arr_time})]", 0.0), operator: *, right: (1.0, 1.0), result: 0.0}
列 'p' 不存在，对列 act_arr_time 不过滤，直接选择所有非无效值。
clean_bool length:2
newest best op: Uniop(df,'act_arr_time','02:27 PM',(['flight'], {('AA-271-MIA-LAX',)}),{left: ("[FunctionalDependency:(s: {flight}, t: {act_arr_time})]", 0.0), operator: *, right: (1.0, 1.0), result: 0.0})
now error: 0.0
Block processing time: 0.030179 seconds
Computing Block 207 out of 227
Processing Block size=20
begin cleaner{left: ("[FunctionalDependency:(s: {flight}, t: {act_arr_time})]", 0.0), operator: *, right: (1.0, 1.0), result: 0.0}
列 'p' 不存在，对列 act_arr_time 不过滤，直接选择所有非无效值。
clean_bool length:2
newest best op: Uniop(df,'act_arr_time','06:55 AM',(['flight'], {('AA-204-LAX-MCO',)}),{left: ("[FunctionalDependency:(s: {flight}, t: {act_arr_time})]", 0.0), operator: *, right: (1.0, 1.0), result: 0.0})
now error: 0.0
Block processing time: 0.029931 seconds
Computing Block 210 out of 227
Processing Block size=17
begin cleaner{left: ("[FunctionalDependency:(s: {flight}, t: {act_arr_time})]", 0.0), operator: *, right: (1.0, 1.0), result: 0.0}
列 'p' 不存在，对列 act_arr_time 不过滤，直接选择所有非无效值。
clean_bool length:2
newest best op: Uniop(df,'act_arr_time','03:31 PM',(['flight'], {('CO-58-DEN-IAH',)}),{left: ("[FunctionalDependency:(s: {flight}, t: {act_arr_time})]", 0.0), operator: *, right: (1.0, 1.0), result: 0.0})
now error: 0.0
Block processing time: 0.025301 seconds
Computing Block 213 out of 227
Processing Block size=21
begin cleaner{left: ("[FunctionalDependency:(s: {flight}, t: {act_arr_time})]", 0.0), operator: *, right: (1.0, 1.0), result: 0.0}
列 'p' 不存在，对列 act_arr_time 不过滤，直接选择所有非无效值。
clean_bool length:2
newest best op: Uniop(df,'act_arr_time','06:38 PM',(['flight'], {('UA-2906-PHL-MCO',)}),{left: ("[FunctionalDependency:(s: {flight}, t: {act_arr_time})]", 0.0), operator: *, right: (1.0, 1.0), result: 0.0})
now error: 0.0
Block processing time: 0.031674 seconds
Computing Block 214 out of 227
Processing Block size=18
begin cleaner{left: ("[FunctionalDependency:(s: {flight}, t: {act_arr_time})]", 0.0), operator: *, right: (1.0, 1.0), result: 0.0}
列 'p' 不存在，对列 act_arr_time 不过滤，直接选择所有非无效值。
clean_bool length:2
newest best op: Uniop(df,'act_arr_time','05:50 AM',(['flight'], {('AA-1522-SFO-ORD',)}),{left: ("[FunctionalDependency:(s: {flight}, t: {act_arr_time})]", 0.0), operator: *, right: (1.0, 1.0), result: 0.0})
now error: 0.0
Block processing time: 0.027538 seconds
Computing Block 219 out of 227
Processing Block size=24
begin cleaner{left: ("[FunctionalDependency:(s: {flight}, t: {act_arr_time})]", 0.0), operator: *, right: (1.0, 1.0), result: 0.0}
列 'p' 不存在，对列 act_arr_time 不过滤，直接选择所有非无效值。
clean_bool length:2
newest best op: Uniop(df,'act_arr_time','04:23 PM',(['flight'], {('UA-664-ORD-PHL',)}),{left: ("[FunctionalDependency:(s: {flight}, t: {act_arr_time})]", 0.0), operator: *, right: (1.0, 1.0), result: 0.0})
now error: 0.0
Block processing time: 0.033391 seconds
Computing Block 226 out of 227
Processing Block size=17
begin cleaner{left: ("[FunctionalDependency:(s: {flight}, t: {act_arr_time})]", 0.0), operator: *, right: (1.0, 1.0), result: 0.0}
列 'p' 不存在，对列 act_arr_time 不过滤，直接选择所有非无效值。
clean_bool length:3
newest best op: Uniop(df,'act_arr_time','12:29 AM',(['flight'], {('CO-1586-IAH-MCO',)}),{left: ("[FunctionalDependency:(s: {flight}, t: {act_arr_time})]", 0.0), operator: *, right: (1.0, 1.0), result: 0.0})
now error: 0.0
newest best op: Uniop(df,'act_arr_time','10:29 PM',(['flight'], {('CO-1586-IAH-MCO',)}),{left: ("[FunctionalDependency:(s: {flight}, t: {act_arr_time})]", 0.0), operator: *, right: (1.0, 1.0), result: 0.0})
now error: 0.0
Block processing time: 0.036124 seconds
  当前节点: act_arr_time 有 98 个清洗操作
['sched_dep_time', 'act_dep_time', 'sched_arr_time', 'act_arr_time']的清洗完成

本层累积的编辑规则数: 389
读入数据大小：2376
处理了 389 条规则，更新数据...
所有编辑规则已更新完成

处理第 1 层级, 包含节点: ['flight']
  跳过已清洗结束的节点: flight
['flight']的清洗完成

本层累积的编辑规则数: 0
本层没有可以进行的清洗操作，进行下一层

处理第 2 层级, 包含节点: ['sched_dep_time', 'act_dep_time', 'sched_arr_time', 'act_arr_time']
  当前节点: sched_dep_time 存在可用清洗信号
数据块大小: 2376
分块属性:
[['flight']]
Starting initial block mapping...
Initial number of blocks: 227
Final number of blocks after further splitting: 227
Computing Block 2 out of 227
Processing Block size=23
begin cleaner[FunctionalDependency:(s: {'flight'}, t: {'sched_dep_time'})]*1.0
列 'p' 不存在，对列 sched_dep_time 不过滤，直接选择所有非无效值。
Block processing time: 0.017328 seconds
Computing Block 4 out of 227
Processing Block size=17
begin cleaner{left: ("[FunctionalDependency:(s: {flight}, t: {sched_dep_time})]", 0.0), operator: *, right: (1.0, 1.0), result: 0.0}
列 'p' 不存在，对列 sched_dep_time 不过滤，直接选择所有非无效值。
Block processing time: 0.012652 seconds
Computing Block 6 out of 227
Processing Block size=22
begin cleaner{left: ("[FunctionalDependency:(s: {flight}, t: {sched_dep_time})]", 0.0), operator: *, right: (1.0, 1.0), result: 0.0}
列 'p' 不存在，对列 sched_dep_time 不过滤，直接选择所有非无效值。
Block processing time: 0.016568 seconds
Computing Block 7 out of 227
Processing Block size=18
begin cleaner{left: ("[FunctionalDependency:(s: {flight}, t: {sched_dep_time})]", 0.0), operator: *, right: (1.0, 1.0), result: 0.0}
列 'p' 不存在，对列 sched_dep_time 不过滤，直接选择所有非无效值。
Block processing time: 0.013432 seconds
Computing Block 9 out of 227
Processing Block size=22
begin cleaner{left: ("[FunctionalDependency:(s: {flight}, t: {sched_dep_time})]", 0.0), operator: *, right: (1.0, 1.0), result: 0.0}
列 'p' 不存在，对列 sched_dep_time 不过滤，直接选择所有非无效值。
Block processing time: 0.016361 seconds
Computing Block 11 out of 227
Processing Block size=16
begin cleaner{left: ("[FunctionalDependency:(s: {flight}, t: {sched_dep_time})]", 0.0), operator: *, right: (1.0, 1.0), result: 0.0}
列 'p' 不存在，对列 sched_dep_time 不过滤，直接选择所有非无效值。
Block processing time: 0.011931 seconds
Computing Block 12 out of 227
Processing Block size=20
begin cleaner{left: ("[FunctionalDependency:(s: {flight}, t: {sched_dep_time})]", 0.0), operator: *, right: (1.0, 1.0), result: 0.0}
列 'p' 不存在，对列 sched_dep_time 不过滤，直接选择所有非无效值。
Block processing time: 0.014976 seconds
Computing Block 14 out of 227
Processing Block size=17
begin cleaner{left: ("[FunctionalDependency:(s: {flight}, t: {sched_dep_time})]", 0.0), operator: *, right: (1.0, 1.0), result: 0.0}
列 'p' 不存在，对列 sched_dep_time 不过滤，直接选择所有非无效值。
Block processing time: 0.012628 seconds
Computing Block 15 out of 227
Processing Block size=20
begin cleaner{left: ("[FunctionalDependency:(s: {flight}, t: {sched_dep_time})]", 0.0), operator: *, right: (1.0, 1.0), result: 0.0}
列 'p' 不存在，对列 sched_dep_time 不过滤，直接选择所有非无效值。
Block processing time: 0.014889 seconds
Computing Block 17 out of 227
Processing Block size=20
begin cleaner{left: ("[FunctionalDependency:(s: {flight}, t: {sched_dep_time})]", 0.0), operator: *, right: (1.0, 1.0), result: 0.0}
列 'p' 不存在，对列 sched_dep_time 不过滤，直接选择所有非无效值。
Block processing time: 0.014919 seconds
Computing Block 18 out of 227
Processing Block size=20
begin cleaner{left: ("[FunctionalDependency:(s: {flight}, t: {sched_dep_time})]", 0.0), operator: *, right: (1.0, 1.0), result: 0.0}
列 'p' 不存在，对列 sched_dep_time 不过滤，直接选择所有非无效值。
Block processing time: 0.014859 seconds
Computing Block 19 out of 227
Processing Block size=21
begin cleaner{left: ("[FunctionalDependency:(s: {flight}, t: {sched_dep_time})]", 0.0), operator: *, right: (1.0, 1.0), result: 0.0}
列 'p' 不存在，对列 sched_dep_time 不过滤，直接选择所有非无效值。
Block processing time: 0.015802 seconds
Computing Block 21 out of 227
Processing Block size=21
begin cleaner{left: ("[FunctionalDependency:(s: {flight}, t: {sched_dep_time})]", 0.0), operator: *, right: (1.0, 1.0), result: 0.0}
列 'p' 不存在，对列 sched_dep_time 不过滤，直接选择所有非无效值。
Block processing time: 0.015575 seconds
Computing Block 23 out of 227
Processing Block size=19
begin cleaner{left: ("[FunctionalDependency:(s: {flight}, t: {sched_dep_time})]", 0.0), operator: *, right: (1.0, 1.0), result: 0.0}
列 'p' 不存在，对列 sched_dep_time 不过滤，直接选择所有非无效值。
Block processing time: 0.013877 seconds
Computing Block 26 out of 227
Processing Block size=14
begin cleaner{left: ("[FunctionalDependency:(s: {flight}, t: {sched_dep_time})]", 0.0), operator: *, right: (1.0, 1.0), result: 0.0}
列 'p' 不存在，对列 sched_dep_time 不过滤，直接选择所有非无效值。
Block processing time: 0.010041 seconds
Computing Block 27 out of 227
Processing Block size=17
begin cleaner{left: ("[FunctionalDependency:(s: {flight}, t: {sched_dep_time})]", 0.0), operator: *, right: (1.0, 1.0), result: 0.0}
列 'p' 不存在，对列 sched_dep_time 不过滤，直接选择所有非无效值。
Block processing time: 0.012227 seconds
Computing Block 30 out of 227
Processing Block size=21
begin cleaner{left: ("[FunctionalDependency:(s: {flight}, t: {sched_dep_time})]", 0.0), operator: *, right: (1.0, 1.0), result: 0.0}
列 'p' 不存在，对列 sched_dep_time 不过滤，直接选择所有非无效值。
Block processing time: 0.015075 seconds
Computing Block 34 out of 227
Processing Block size=16
begin cleaner{left: ("[FunctionalDependency:(s: {flight}, t: {sched_dep_time})]", 0.0), operator: *, right: (1.0, 1.0), result: 0.0}
列 'p' 不存在，对列 sched_dep_time 不过滤，直接选择所有非无效值。
Block processing time: 0.011466 seconds
Computing Block 36 out of 227
Processing Block size=15
begin cleaner{left: ("[FunctionalDependency:(s: {flight}, t: {sched_dep_time})]", 0.0), operator: *, right: (1.0, 1.0), result: 0.0}
列 'p' 不存在，对列 sched_dep_time 不过滤，直接选择所有非无效值。
Block processing time: 0.010853 seconds
Computing Block 37 out of 227
Processing Block size=19
begin cleaner{left: ("[FunctionalDependency:(s: {flight}, t: {sched_dep_time})]", 0.0), operator: *, right: (1.0, 1.0), result: 0.0}
列 'p' 不存在，对列 sched_dep_time 不过滤，直接选择所有非无效值。
Block processing time: 0.013593 seconds
Computing Block 38 out of 227
Processing Block size=18
begin cleaner{left: ("[FunctionalDependency:(s: {flight}, t: {sched_dep_time})]", 0.0), operator: *, right: (1.0, 1.0), result: 0.0}
列 'p' 不存在，对列 sched_dep_time 不过滤，直接选择所有非无效值。
Block processing time: 0.012858 seconds
Computing Block 41 out of 227
Processing Block size=18
begin cleaner{left: ("[FunctionalDependency:(s: {flight}, t: {sched_dep_time})]", 0.0), operator: *, right: (1.0, 1.0), result: 0.0}
列 'p' 不存在，对列 sched_dep_time 不过滤，直接选择所有非无效值。
Block processing time: 0.012883 seconds
Computing Block 42 out of 227
Processing Block size=23
begin cleaner{left: ("[FunctionalDependency:(s: {flight}, t: {sched_dep_time})]", 0.0), operator: *, right: (1.0, 1.0), result: 0.0}
列 'p' 不存在，对列 sched_dep_time 不过滤，直接选择所有非无效值。
Block processing time: 0.01641 seconds
Computing Block 43 out of 227
Processing Block size=24
begin cleaner{left: ("[FunctionalDependency:(s: {flight}, t: {sched_dep_time})]", 0.0), operator: *, right: (1.0, 1.0), result: 0.0}
列 'p' 不存在，对列 sched_dep_time 不过滤，直接选择所有非无效值。
Block processing time: 0.017254 seconds
Computing Block 48 out of 227
Processing Block size=16
begin cleaner{left: ("[FunctionalDependency:(s: {flight}, t: {sched_dep_time})]", 0.0), operator: *, right: (1.0, 1.0), result: 0.0}
列 'p' 不存在，对列 sched_dep_time 不过滤，直接选择所有非无效值。
Block processing time: 0.011522 seconds
Computing Block 50 out of 227
Processing Block size=21
begin cleaner{left: ("[FunctionalDependency:(s: {flight}, t: {sched_dep_time})]", 0.0), operator: *, right: (1.0, 1.0), result: 0.0}
列 'p' 不存在，对列 sched_dep_time 不过滤，直接选择所有非无效值。
Block processing time: 0.015275 seconds
Computing Block 51 out of 227
Processing Block size=17
begin cleaner{left: ("[FunctionalDependency:(s: {flight}, t: {sched_dep_time})]", 0.0), operator: *, right: (1.0, 1.0), result: 0.0}
列 'p' 不存在，对列 sched_dep_time 不过滤，直接选择所有非无效值。
Block processing time: 0.012395 seconds
Computing Block 54 out of 227
Processing Block size=17
begin cleaner{left: ("[FunctionalDependency:(s: {flight}, t: {sched_dep_time})]", 0.0), operator: *, right: (1.0, 1.0), result: 0.0}
列 'p' 不存在，对列 sched_dep_time 不过滤，直接选择所有非无效值。
Block processing time: 0.012399 seconds
Computing Block 60 out of 227
Processing Block size=18
begin cleaner{left: ("[FunctionalDependency:(s: {flight}, t: {sched_dep_time})]", 0.0), operator: *, right: (1.0, 1.0), result: 0.0}
列 'p' 不存在，对列 sched_dep_time 不过滤，直接选择所有非无效值。
Block processing time: 0.013042 seconds
Computing Block 68 out of 227
Processing Block size=21
begin cleaner{left: ("[FunctionalDependency:(s: {flight}, t: {sched_dep_time})]", 0.0), operator: *, right: (1.0, 1.0), result: 0.0}
列 'p' 不存在，对列 sched_dep_time 不过滤，直接选择所有非无效值。
Block processing time: 0.015069 seconds
Computing Block 69 out of 227
Processing Block size=22
begin cleaner{left: ("[FunctionalDependency:(s: {flight}, t: {sched_dep_time})]", 0.0), operator: *, right: (1.0, 1.0), result: 0.0}
列 'p' 不存在，对列 sched_dep_time 不过滤，直接选择所有非无效值。
Block processing time: 0.015821 seconds
Computing Block 73 out of 227
Processing Block size=16
begin cleaner{left: ("[FunctionalDependency:(s: {flight}, t: {sched_dep_time})]", 0.0), operator: *, right: (1.0, 1.0), result: 0.0}
列 'p' 不存在，对列 sched_dep_time 不过滤，直接选择所有非无效值。
Block processing time: 0.011586 seconds
Computing Block 74 out of 227
Processing Block size=22
begin cleaner{left: ("[FunctionalDependency:(s: {flight}, t: {sched_dep_time})]", 0.0), operator: *, right: (1.0, 1.0), result: 0.0}
列 'p' 不存在，对列 sched_dep_time 不过滤，直接选择所有非无效值。
Block processing time: 0.01577 seconds
Computing Block 75 out of 227
Processing Block size=16
begin cleaner{left: ("[FunctionalDependency:(s: {flight}, t: {sched_dep_time})]", 0.0), operator: *, right: (1.0, 1.0), result: 0.0}
列 'p' 不存在，对列 sched_dep_time 不过滤，直接选择所有非无效值。
Block processing time: 0.011496 seconds
Computing Block 76 out of 227
Processing Block size=19
begin cleaner{left: ("[FunctionalDependency:(s: {flight}, t: {sched_dep_time})]", 0.0), operator: *, right: (1.0, 1.0), result: 0.0}
列 'p' 不存在，对列 sched_dep_time 不过滤，直接选择所有非无效值。
Block processing time: 0.01365 seconds
Computing Block 77 out of 227
Processing Block size=21
begin cleaner{left: ("[FunctionalDependency:(s: {flight}, t: {sched_dep_time})]", 0.0), operator: *, right: (1.0, 1.0), result: 0.0}
列 'p' 不存在，对列 sched_dep_time 不过滤，直接选择所有非无效值。
Block processing time: 0.014991 seconds
Computing Block 78 out of 227
Processing Block size=15
begin cleaner{left: ("[FunctionalDependency:(s: {flight}, t: {sched_dep_time})]", 0.0), operator: *, right: (1.0, 1.0), result: 0.0}
列 'p' 不存在，对列 sched_dep_time 不过滤，直接选择所有非无效值。
Block processing time: 0.010802 seconds
Computing Block 80 out of 227
Processing Block size=18
begin cleaner{left: ("[FunctionalDependency:(s: {flight}, t: {sched_dep_time})]", 0.0), operator: *, right: (1.0, 1.0), result: 0.0}
列 'p' 不存在，对列 sched_dep_time 不过滤，直接选择所有非无效值。
Block processing time: 0.013409 seconds
Computing Block 82 out of 227
Processing Block size=14
begin cleaner{left: ("[FunctionalDependency:(s: {flight}, t: {sched_dep_time})]", 0.0), operator: *, right: (1.0, 1.0), result: 0.0}
列 'p' 不存在，对列 sched_dep_time 不过滤，直接选择所有非无效值。
Block processing time: 0.010315 seconds
Computing Block 83 out of 227
Processing Block size=19
begin cleaner{left: ("[FunctionalDependency:(s: {flight}, t: {sched_dep_time})]", 0.0), operator: *, right: (1.0, 1.0), result: 0.0}
列 'p' 不存在，对列 sched_dep_time 不过滤，直接选择所有非无效值。
Block processing time: 0.013613 seconds
Computing Block 85 out of 227
Processing Block size=19
begin cleaner{left: ("[FunctionalDependency:(s: {flight}, t: {sched_dep_time})]", 0.0), operator: *, right: (1.0, 1.0), result: 0.0}
列 'p' 不存在，对列 sched_dep_time 不过滤，直接选择所有非无效值。
Block processing time: 0.013732 seconds
Computing Block 87 out of 227
Processing Block size=15
begin cleaner{left: ("[FunctionalDependency:(s: {flight}, t: {sched_dep_time})]", 0.0), operator: *, right: (1.0, 1.0), result: 0.0}
列 'p' 不存在，对列 sched_dep_time 不过滤，直接选择所有非无效值。
Block processing time: 0.010778 seconds
Computing Block 90 out of 227
Processing Block size=25
begin cleaner{left: ("[FunctionalDependency:(s: {flight}, t: {sched_dep_time})]", 0.0), operator: *, right: (1.0, 1.0), result: 0.0}
列 'p' 不存在，对列 sched_dep_time 不过滤，直接选择所有非无效值。
Block processing time: 0.017896 seconds
Computing Block 91 out of 227
Processing Block size=24
begin cleaner{left: ("[FunctionalDependency:(s: {flight}, t: {sched_dep_time})]", 0.0), operator: *, right: (1.0, 1.0), result: 0.0}
列 'p' 不存在，对列 sched_dep_time 不过滤，直接选择所有非无效值。
Block processing time: 0.017189 seconds
Computing Block 96 out of 227
Processing Block size=22
begin cleaner{left: ("[FunctionalDependency:(s: {flight}, t: {sched_dep_time})]", 0.0), operator: *, right: (1.0, 1.0), result: 0.0}
列 'p' 不存在，对列 sched_dep_time 不过滤，直接选择所有非无效值。
Block processing time: 0.015875 seconds
Computing Block 98 out of 227
Processing Block size=15
begin cleaner{left: ("[FunctionalDependency:(s: {flight}, t: {sched_dep_time})]", 0.0), operator: *, right: (1.0, 1.0), result: 0.0}
列 'p' 不存在，对列 sched_dep_time 不过滤，直接选择所有非无效值。
Block processing time: 0.011149 seconds
Computing Block 100 out of 227
Processing Block size=18
begin cleaner{left: ("[FunctionalDependency:(s: {flight}, t: {sched_dep_time})]", 0.0), operator: *, right: (1.0, 1.0), result: 0.0}
列 'p' 不存在，对列 sched_dep_time 不过滤，直接选择所有非无效值。
Block processing time: 0.013005 seconds
Computing Block 101 out of 227
Processing Block size=20
begin cleaner{left: ("[FunctionalDependency:(s: {flight}, t: {sched_dep_time})]", 0.0), operator: *, right: (1.0, 1.0), result: 0.0}
列 'p' 不存在，对列 sched_dep_time 不过滤，直接选择所有非无效值。
Block processing time: 0.014291 seconds
Computing Block 102 out of 227
Processing Block size=21
begin cleaner{left: ("[FunctionalDependency:(s: {flight}, t: {sched_dep_time})]", 0.0), operator: *, right: (1.0, 1.0), result: 0.0}
列 'p' 不存在，对列 sched_dep_time 不过滤，直接选择所有非无效值。
Block processing time: 0.015004 seconds
Computing Block 105 out of 227
Processing Block size=18
begin cleaner{left: ("[FunctionalDependency:(s: {flight}, t: {sched_dep_time})]", 0.0), operator: *, right: (1.0, 1.0), result: 0.0}
列 'p' 不存在，对列 sched_dep_time 不过滤，直接选择所有非无效值。
Block processing time: 0.01292 seconds
Computing Block 106 out of 227
Processing Block size=14
begin cleaner{left: ("[FunctionalDependency:(s: {flight}, t: {sched_dep_time})]", 0.0), operator: *, right: (1.0, 1.0), result: 0.0}
列 'p' 不存在，对列 sched_dep_time 不过滤，直接选择所有非无效值。
Block processing time: 0.01005 seconds
Computing Block 108 out of 227
Processing Block size=23
begin cleaner{left: ("[FunctionalDependency:(s: {flight}, t: {sched_dep_time})]", 0.0), operator: *, right: (1.0, 1.0), result: 0.0}
列 'p' 不存在，对列 sched_dep_time 不过滤，直接选择所有非无效值。
Block processing time: 0.016413 seconds
Computing Block 109 out of 227
Processing Block size=23
begin cleaner{left: ("[FunctionalDependency:(s: {flight}, t: {sched_dep_time})]", 0.0), operator: *, right: (1.0, 1.0), result: 0.0}
列 'p' 不存在，对列 sched_dep_time 不过滤，直接选择所有非无效值。
Block processing time: 0.016753 seconds
Computing Block 111 out of 227
Processing Block size=19
begin cleaner{left: ("[FunctionalDependency:(s: {flight}, t: {sched_dep_time})]", 0.0), operator: *, right: (1.0, 1.0), result: 0.0}
列 'p' 不存在，对列 sched_dep_time 不过滤，直接选择所有非无效值。
Block processing time: 0.013669 seconds
Computing Block 112 out of 227
Processing Block size=13
begin cleaner{left: ("[FunctionalDependency:(s: {flight}, t: {sched_dep_time})]", 0.0), operator: *, right: (1.0, 1.0), result: 0.0}
列 'p' 不存在，对列 sched_dep_time 不过滤，直接选择所有非无效值。
Block processing time: 0.009416 seconds
Computing Block 114 out of 227
Processing Block size=21
begin cleaner{left: ("[FunctionalDependency:(s: {flight}, t: {sched_dep_time})]", 0.0), operator: *, right: (1.0, 1.0), result: 0.0}
列 'p' 不存在，对列 sched_dep_time 不过滤，直接选择所有非无效值。
Block processing time: 0.015165 seconds
Computing Block 116 out of 227
Processing Block size=14
begin cleaner{left: ("[FunctionalDependency:(s: {flight}, t: {sched_dep_time})]", 0.0), operator: *, right: (1.0, 1.0), result: 0.0}
列 'p' 不存在，对列 sched_dep_time 不过滤，直接选择所有非无效值。
Block processing time: 0.010085 seconds
Computing Block 121 out of 227
Processing Block size=21
begin cleaner{left: ("[FunctionalDependency:(s: {flight}, t: {sched_dep_time})]", 0.0), operator: *, right: (1.0, 1.0), result: 0.0}
列 'p' 不存在，对列 sched_dep_time 不过滤，直接选择所有非无效值。
Block processing time: 0.015088 seconds
Computing Block 124 out of 227
Processing Block size=15
begin cleaner{left: ("[FunctionalDependency:(s: {flight}, t: {sched_dep_time})]", 0.0), operator: *, right: (1.0, 1.0), result: 0.0}
列 'p' 不存在，对列 sched_dep_time 不过滤，直接选择所有非无效值。
Block processing time: 0.010774 seconds
Computing Block 128 out of 227
Processing Block size=18
begin cleaner{left: ("[FunctionalDependency:(s: {flight}, t: {sched_dep_time})]", 0.0), operator: *, right: (1.0, 1.0), result: 0.0}
列 'p' 不存在，对列 sched_dep_time 不过滤，直接选择所有非无效值。
Block processing time: 0.012936 seconds
Computing Block 129 out of 227
Processing Block size=19
begin cleaner{left: ("[FunctionalDependency:(s: {flight}, t: {sched_dep_time})]", 0.0), operator: *, right: (1.0, 1.0), result: 0.0}
列 'p' 不存在，对列 sched_dep_time 不过滤，直接选择所有非无效值。
Block processing time: 0.013582 seconds
Computing Block 130 out of 227
Processing Block size=15
begin cleaner{left: ("[FunctionalDependency:(s: {flight}, t: {sched_dep_time})]", 0.0), operator: *, right: (1.0, 1.0), result: 0.0}
列 'p' 不存在，对列 sched_dep_time 不过滤，直接选择所有非无效值。
Block processing time: 0.010832 seconds
Computing Block 132 out of 227
Processing Block size=22
begin cleaner{left: ("[FunctionalDependency:(s: {flight}, t: {sched_dep_time})]", 0.0), operator: *, right: (1.0, 1.0), result: 0.0}
列 'p' 不存在，对列 sched_dep_time 不过滤，直接选择所有非无效值。
Block processing time: 0.015822 seconds
Computing Block 133 out of 227
Processing Block size=19
begin cleaner{left: ("[FunctionalDependency:(s: {flight}, t: {sched_dep_time})]", 0.0), operator: *, right: (1.0, 1.0), result: 0.0}
列 'p' 不存在，对列 sched_dep_time 不过滤，直接选择所有非无效值。
Block processing time: 0.013493 seconds
Computing Block 136 out of 227
Processing Block size=20
begin cleaner{left: ("[FunctionalDependency:(s: {flight}, t: {sched_dep_time})]", 0.0), operator: *, right: (1.0, 1.0), result: 0.0}
列 'p' 不存在，对列 sched_dep_time 不过滤，直接选择所有非无效值。
Block processing time: 0.014513 seconds
Computing Block 139 out of 227
Processing Block size=18
begin cleaner{left: ("[FunctionalDependency:(s: {flight}, t: {sched_dep_time})]", 0.0), operator: *, right: (1.0, 1.0), result: 0.0}
列 'p' 不存在，对列 sched_dep_time 不过滤，直接选择所有非无效值。
Block processing time: 0.013539 seconds
Computing Block 143 out of 227
Processing Block size=21
begin cleaner{left: ("[FunctionalDependency:(s: {flight}, t: {sched_dep_time})]", 0.0), operator: *, right: (1.0, 1.0), result: 0.0}
列 'p' 不存在，对列 sched_dep_time 不过滤，直接选择所有非无效值。
Block processing time: 0.016029 seconds
Computing Block 149 out of 227
Processing Block size=18
begin cleaner{left: ("[FunctionalDependency:(s: {flight}, t: {sched_dep_time})]", 0.0), operator: *, right: (1.0, 1.0), result: 0.0}
列 'p' 不存在，对列 sched_dep_time 不过滤，直接选择所有非无效值。
Block processing time: 0.013652 seconds
Computing Block 150 out of 227
Processing Block size=19
begin cleaner{left: ("[FunctionalDependency:(s: {flight}, t: {sched_dep_time})]", 0.0), operator: *, right: (1.0, 1.0), result: 0.0}
列 'p' 不存在，对列 sched_dep_time 不过滤，直接选择所有非无效值。
Block processing time: 0.014462 seconds
Computing Block 151 out of 227
Processing Block size=23
begin cleaner{left: ("[FunctionalDependency:(s: {flight}, t: {sched_dep_time})]", 0.0), operator: *, right: (1.0, 1.0), result: 0.0}
列 'p' 不存在，对列 sched_dep_time 不过滤，直接选择所有非无效值。
Block processing time: 0.017437 seconds
Computing Block 152 out of 227
Processing Block size=12
begin cleaner{left: ("[FunctionalDependency:(s: {flight}, t: {sched_dep_time})]", 0.0), operator: *, right: (1.0, 1.0), result: 0.0}
列 'p' 不存在，对列 sched_dep_time 不过滤，直接选择所有非无效值。
Block processing time: 0.00926 seconds
Computing Block 158 out of 227
Processing Block size=15
begin cleaner{left: ("[FunctionalDependency:(s: {flight}, t: {sched_dep_time})]", 0.0), operator: *, right: (1.0, 1.0), result: 0.0}
列 'p' 不存在，对列 sched_dep_time 不过滤，直接选择所有非无效值。
Block processing time: 0.011433 seconds
Computing Block 159 out of 227
Processing Block size=25
begin cleaner{left: ("[FunctionalDependency:(s: {flight}, t: {sched_dep_time})]", 0.0), operator: *, right: (1.0, 1.0), result: 0.0}
列 'p' 不存在，对列 sched_dep_time 不过滤，直接选择所有非无效值。
Block processing time: 0.01902 seconds
Computing Block 160 out of 227
Processing Block size=21
begin cleaner{left: ("[FunctionalDependency:(s: {flight}, t: {sched_dep_time})]", 0.0), operator: *, right: (1.0, 1.0), result: 0.0}
列 'p' 不存在，对列 sched_dep_time 不过滤，直接选择所有非无效值。
Block processing time: 0.015927 seconds
Computing Block 163 out of 227
Processing Block size=21
begin cleaner{left: ("[FunctionalDependency:(s: {flight}, t: {sched_dep_time})]", 0.0), operator: *, right: (1.0, 1.0), result: 0.0}
列 'p' 不存在，对列 sched_dep_time 不过滤，直接选择所有非无效值。
Block processing time: 0.015878 seconds
Computing Block 165 out of 227
Processing Block size=22
begin cleaner{left: ("[FunctionalDependency:(s: {flight}, t: {sched_dep_time})]", 0.0), operator: *, right: (1.0, 1.0), result: 0.0}
列 'p' 不存在，对列 sched_dep_time 不过滤，直接选择所有非无效值。
Block processing time: 0.01676 seconds
Computing Block 168 out of 227
Processing Block size=19
begin cleaner{left: ("[FunctionalDependency:(s: {flight}, t: {sched_dep_time})]", 0.0), operator: *, right: (1.0, 1.0), result: 0.0}
列 'p' 不存在，对列 sched_dep_time 不过滤，直接选择所有非无效值。
Block processing time: 0.014443 seconds
Computing Block 170 out of 227
Processing Block size=19
begin cleaner{left: ("[FunctionalDependency:(s: {flight}, t: {sched_dep_time})]", 0.0), operator: *, right: (1.0, 1.0), result: 0.0}
列 'p' 不存在，对列 sched_dep_time 不过滤，直接选择所有非无效值。
Block processing time: 0.014364 seconds
Computing Block 172 out of 227
Processing Block size=21
begin cleaner{left: ("[FunctionalDependency:(s: {flight}, t: {sched_dep_time})]", 0.0), operator: *, right: (1.0, 1.0), result: 0.0}
列 'p' 不存在，对列 sched_dep_time 不过滤，直接选择所有非无效值。
Block processing time: 0.016033 seconds
Computing Block 173 out of 227
Processing Block size=21
begin cleaner{left: ("[FunctionalDependency:(s: {flight}, t: {sched_dep_time})]", 0.0), operator: *, right: (1.0, 1.0), result: 0.0}
WARNING:root:No partitioning rule specified, processing might be slow
列 'p' 不存在，对列 sched_dep_time 不过滤，直接选择所有非无效值。
Block processing time: 0.014911 seconds
Computing Block 175 out of 227
Processing Block size=20
begin cleaner{left: ("[FunctionalDependency:(s: {flight}, t: {sched_dep_time})]", 0.0), operator: *, right: (1.0, 1.0), result: 0.0}
列 'p' 不存在，对列 sched_dep_time 不过滤，直接选择所有非无效值。
Block processing time: 0.01454 seconds
Computing Block 181 out of 227
Processing Block size=15
begin cleaner{left: ("[FunctionalDependency:(s: {flight}, t: {sched_dep_time})]", 0.0), operator: *, right: (1.0, 1.0), result: 0.0}
列 'p' 不存在，对列 sched_dep_time 不过滤，直接选择所有非无效值。
Block processing time: 0.010577 seconds
Computing Block 182 out of 227
Processing Block size=19
begin cleaner{left: ("[FunctionalDependency:(s: {flight}, t: {sched_dep_time})]", 0.0), operator: *, right: (1.0, 1.0), result: 0.0}
列 'p' 不存在，对列 sched_dep_time 不过滤，直接选择所有非无效值。
Block processing time: 0.013393 seconds
Computing Block 183 out of 227
Processing Block size=19
begin cleaner{left: ("[FunctionalDependency:(s: {flight}, t: {sched_dep_time})]", 0.0), operator: *, right: (1.0, 1.0), result: 0.0}
列 'p' 不存在，对列 sched_dep_time 不过滤，直接选择所有非无效值。
Block processing time: 0.013268 seconds
Computing Block 184 out of 227
Processing Block size=17
begin cleaner{left: ("[FunctionalDependency:(s: {flight}, t: {sched_dep_time})]", 0.0), operator: *, right: (1.0, 1.0), result: 0.0}
列 'p' 不存在，对列 sched_dep_time 不过滤，直接选择所有非无效值。
Block processing time: 0.01206 seconds
Computing Block 185 out of 227
Processing Block size=18
begin cleaner{left: ("[FunctionalDependency:(s: {flight}, t: {sched_dep_time})]", 0.0), operator: *, right: (1.0, 1.0), result: 0.0}
列 'p' 不存在，对列 sched_dep_time 不过滤，直接选择所有非无效值。
Block processing time: 0.012586 seconds
Computing Block 192 out of 227
Processing Block size=17
begin cleaner{left: ("[FunctionalDependency:(s: {flight}, t: {sched_dep_time})]", 0.0), operator: *, right: (1.0, 1.0), result: 0.0}
列 'p' 不存在，对列 sched_dep_time 不过滤，直接选择所有非无效值。
Block processing time: 0.01191 seconds
Computing Block 195 out of 227
Processing Block size=22
begin cleaner{left: ("[FunctionalDependency:(s: {flight}, t: {sched_dep_time})]", 0.0), operator: *, right: (1.0, 1.0), result: 0.0}
列 'p' 不存在，对列 sched_dep_time 不过滤，直接选择所有非无效值。
Block processing time: 0.015463 seconds
Computing Block 196 out of 227
Processing Block size=22
begin cleaner{left: ("[FunctionalDependency:(s: {flight}, t: {sched_dep_time})]", 0.0), operator: *, right: (1.0, 1.0), result: 0.0}
列 'p' 不存在，对列 sched_dep_time 不过滤，直接选择所有非无效值。
Block processing time: 0.015391 seconds
Computing Block 199 out of 227
Processing Block size=19
begin cleaner{left: ("[FunctionalDependency:(s: {flight}, t: {sched_dep_time})]", 0.0), operator: *, right: (1.0, 1.0), result: 0.0}
列 'p' 不存在，对列 sched_dep_time 不过滤，直接选择所有非无效值。
Block processing time: 0.013407 seconds
Computing Block 200 out of 227
Processing Block size=21
begin cleaner{left: ("[FunctionalDependency:(s: {flight}, t: {sched_dep_time})]", 0.0), operator: *, right: (1.0, 1.0), result: 0.0}
列 'p' 不存在，对列 sched_dep_time 不过滤，直接选择所有非无效值。
Block processing time: 0.014667 seconds
Computing Block 203 out of 227
Processing Block size=24
begin cleaner{left: ("[FunctionalDependency:(s: {flight}, t: {sched_dep_time})]", 0.0), operator: *, right: (1.0, 1.0), result: 0.0}
列 'p' 不存在，对列 sched_dep_time 不过滤，直接选择所有非无效值。
Block processing time: 0.016842 seconds
Computing Block 204 out of 227
Processing Block size=20
begin cleaner{left: ("[FunctionalDependency:(s: {flight}, t: {sched_dep_time})]", 0.0), operator: *, right: (1.0, 1.0), result: 0.0}
列 'p' 不存在，对列 sched_dep_time 不过滤，直接选择所有非无效值。
Block processing time: 0.01415 seconds
Computing Block 205 out of 227
Processing Block size=20
begin cleaner{left: ("[FunctionalDependency:(s: {flight}, t: {sched_dep_time})]", 0.0), operator: *, right: (1.0, 1.0), result: 0.0}
列 'p' 不存在，对列 sched_dep_time 不过滤，直接选择所有非无效值。
Block processing time: 0.013973 seconds
Computing Block 207 out of 227
Processing Block size=20
begin cleaner{left: ("[FunctionalDependency:(s: {flight}, t: {sched_dep_time})]", 0.0), operator: *, right: (1.0, 1.0), result: 0.0}
列 'p' 不存在，对列 sched_dep_time 不过滤，直接选择所有非无效值。
Block processing time: 0.014058 seconds
Computing Block 210 out of 227
Processing Block size=17
begin cleaner{left: ("[FunctionalDependency:(s: {flight}, t: {sched_dep_time})]", 0.0), operator: *, right: (1.0, 1.0), result: 0.0}
列 'p' 不存在，对列 sched_dep_time 不过滤，直接选择所有非无效值。
Block processing time: 0.012025 seconds
Computing Block 213 out of 227
Processing Block size=21
begin cleaner{left: ("[FunctionalDependency:(s: {flight}, t: {sched_dep_time})]", 0.0), operator: *, right: (1.0, 1.0), result: 0.0}
列 'p' 不存在，对列 sched_dep_time 不过滤，直接选择所有非无效值。
Block processing time: 0.014646 seconds
Computing Block 214 out of 227
Processing Block size=18
begin cleaner{left: ("[FunctionalDependency:(s: {flight}, t: {sched_dep_time})]", 0.0), operator: *, right: (1.0, 1.0), result: 0.0}
列 'p' 不存在，对列 sched_dep_time 不过滤，直接选择所有非无效值。
Block processing time: 0.012687 seconds
Computing Block 219 out of 227
Processing Block size=24
begin cleaner{left: ("[FunctionalDependency:(s: {flight}, t: {sched_dep_time})]", 0.0), operator: *, right: (1.0, 1.0), result: 0.0}
列 'p' 不存在，对列 sched_dep_time 不过滤，直接选择所有非无效值。
Block processing time: 0.016784 seconds
Computing Block 226 out of 227
Processing Block size=17
begin cleaner{left: ("[FunctionalDependency:(s: {flight}, t: {sched_dep_time})]", 0.0), operator: *, right: (1.0, 1.0), result: 0.0}
列 'p' 不存在，对列 sched_dep_time 不过滤，直接选择所有非无效值。
Block processing time: 0.011892 seconds
  当前节点: sched_dep_time 无清洗操作
  当前节点: act_dep_time 存在可用清洗信号
数据块大小: 2376
分块属性:
[['flight']]
Starting initial block mapping...
Initial number of blocks: 227
Final number of blocks after further splitting: 227
Computing Block 2 out of 227
Processing Block size=23
begin cleaner[FunctionalDependency:(s: {'flight'}, t: {'act_dep_time'})]*1.0
列 'p' 不存在，对列 act_dep_time 不过滤，直接选择所有非无效值。
Block processing time: 0.016282 seconds
Computing Block 4 out of 227
Processing Block size=17
begin cleaner{left: ("[FunctionalDependency:(s: {flight}, t: {act_dep_time})]", 0.0), operator: *, right: (1.0, 1.0), result: 0.0}
列 'p' 不存在，对列 act_dep_time 不过滤，直接选择所有非无效值。
Block processing time: 0.012046 seconds
Computing Block 6 out of 227
Processing Block size=22
begin cleaner{left: ("[FunctionalDependency:(s: {flight}, t: {act_dep_time})]", 0.0), operator: *, right: (1.0, 1.0), result: 0.0}
列 'p' 不存在，对列 act_dep_time 不过滤，直接选择所有非无效值。
Block processing time: 0.015554 seconds
Computing Block 7 out of 227
Processing Block size=18
begin cleaner{left: ("[FunctionalDependency:(s: {flight}, t: {act_dep_time})]", 0.0), operator: *, right: (1.0, 1.0), result: 0.0}
列 'p' 不存在，对列 act_dep_time 不过滤，直接选择所有非无效值。
Block processing time: 0.013075 seconds
Computing Block 9 out of 227
Processing Block size=22
begin cleaner{left: ("[FunctionalDependency:(s: {flight}, t: {act_dep_time})]", 0.0), operator: *, right: (1.0, 1.0), result: 0.0}
列 'p' 不存在，对列 act_dep_time 不过滤，直接选择所有非无效值。
Block processing time: 0.015441 seconds
Computing Block 11 out of 227
Processing Block size=16
begin cleaner{left: ("[FunctionalDependency:(s: {flight}, t: {act_dep_time})]", 0.0), operator: *, right: (1.0, 1.0), result: 0.0}
列 'p' 不存在，对列 act_dep_time 不过滤，直接选择所有非无效值。
Block processing time: 0.011261 seconds
Computing Block 12 out of 227
Processing Block size=20
begin cleaner{left: ("[FunctionalDependency:(s: {flight}, t: {act_dep_time})]", 0.0), operator: *, right: (1.0, 1.0), result: 0.0}
列 'p' 不存在，对列 act_dep_time 不过滤，直接选择所有非无效值。
Block processing time: 0.014072 seconds
Computing Block 14 out of 227
Processing Block size=17
begin cleaner{left: ("[FunctionalDependency:(s: {flight}, t: {act_dep_time})]", 0.0), operator: *, right: (1.0, 1.0), result: 0.0}
列 'p' 不存在，对列 act_dep_time 不过滤，直接选择所有非无效值。
Block processing time: 0.012375 seconds
Computing Block 15 out of 227
Processing Block size=20
begin cleaner{left: ("[FunctionalDependency:(s: {flight}, t: {act_dep_time})]", 0.0), operator: *, right: (1.0, 1.0), result: 0.0}
列 'p' 不存在，对列 act_dep_time 不过滤，直接选择所有非无效值。
Block processing time: 0.015517 seconds
Computing Block 17 out of 227
Processing Block size=20
begin cleaner{left: ("[FunctionalDependency:(s: {flight}, t: {act_dep_time})]", 0.0), operator: *, right: (1.0, 1.0), result: 0.0}
列 'p' 不存在，对列 act_dep_time 不过滤，直接选择所有非无效值。
Block processing time: 0.01518 seconds
Computing Block 18 out of 227
Processing Block size=20
begin cleaner{left: ("[FunctionalDependency:(s: {flight}, t: {act_dep_time})]", 0.0), operator: *, right: (1.0, 1.0), result: 0.0}
列 'p' 不存在，对列 act_dep_time 不过滤，直接选择所有非无效值。
Block processing time: 0.015397 seconds
Computing Block 19 out of 227
Processing Block size=21
begin cleaner{left: ("[FunctionalDependency:(s: {flight}, t: {act_dep_time})]", 0.0), operator: *, right: (1.0, 1.0), result: 0.0}
列 'p' 不存在，对列 act_dep_time 不过滤，直接选择所有非无效值。
Block processing time: 0.015958 seconds
Computing Block 21 out of 227
Processing Block size=21
begin cleaner{left: ("[FunctionalDependency:(s: {flight}, t: {act_dep_time})]", 0.0), operator: *, right: (1.0, 1.0), result: 0.0}
列 'p' 不存在，对列 act_dep_time 不过滤，直接选择所有非无效值。
Block processing time: 0.01591 seconds
Computing Block 23 out of 227
Processing Block size=19
begin cleaner{left: ("[FunctionalDependency:(s: {flight}, t: {act_dep_time})]", 0.0), operator: *, right: (1.0, 1.0), result: 0.0}
列 'p' 不存在，对列 act_dep_time 不过滤，直接选择所有非无效值。
Block processing time: 0.014413 seconds
Computing Block 26 out of 227
Processing Block size=14
begin cleaner{left: ("[FunctionalDependency:(s: {flight}, t: {act_dep_time})]", 0.0), operator: *, right: (1.0, 1.0), result: 0.0}
列 'p' 不存在，对列 act_dep_time 不过滤，直接选择所有非无效值。
Block processing time: 0.010677 seconds
Computing Block 27 out of 227
Processing Block size=17
begin cleaner{left: ("[FunctionalDependency:(s: {flight}, t: {act_dep_time})]", 0.0), operator: *, right: (1.0, 1.0), result: 0.0}
列 'p' 不存在，对列 act_dep_time 不过滤，直接选择所有非无效值。
Block processing time: 0.012866 seconds
Computing Block 30 out of 227
Processing Block size=21
begin cleaner{left: ("[FunctionalDependency:(s: {flight}, t: {act_dep_time})]", 0.0), operator: *, right: (1.0, 1.0), result: 0.0}
列 'p' 不存在，对列 act_dep_time 不过滤，直接选择所有非无效值。
Block processing time: 0.015884 seconds
Computing Block 34 out of 227
Processing Block size=16
begin cleaner{left: ("[FunctionalDependency:(s: {flight}, t: {act_dep_time})]", 0.0), operator: *, right: (1.0, 1.0), result: 0.0}
列 'p' 不存在，对列 act_dep_time 不过滤，直接选择所有非无效值。
Block processing time: 0.012153 seconds
Computing Block 36 out of 227
Processing Block size=15
begin cleaner{left: ("[FunctionalDependency:(s: {flight}, t: {act_dep_time})]", 0.0), operator: *, right: (1.0, 1.0), result: 0.0}
列 'p' 不存在，对列 act_dep_time 不过滤，直接选择所有非无效值。
Block processing time: 0.011405 seconds
Computing Block 37 out of 227
Processing Block size=19
begin cleaner{left: ("[FunctionalDependency:(s: {flight}, t: {act_dep_time})]", 0.0), operator: *, right: (1.0, 1.0), result: 0.0}
列 'p' 不存在，对列 act_dep_time 不过滤，直接选择所有非无效值。
Block processing time: 0.014322 seconds
Computing Block 38 out of 227
Processing Block size=18
begin cleaner{left: ("[FunctionalDependency:(s: {flight}, t: {act_dep_time})]", 0.0), operator: *, right: (1.0, 1.0), result: 0.0}
列 'p' 不存在，对列 act_dep_time 不过滤，直接选择所有非无效值。
Block processing time: 0.013557 seconds
Computing Block 41 out of 227
Processing Block size=18
begin cleaner{left: ("[FunctionalDependency:(s: {flight}, t: {act_dep_time})]", 0.0), operator: *, right: (1.0, 1.0), result: 0.0}
列 'p' 不存在，对列 act_dep_time 不过滤，直接选择所有非无效值。
Block processing time: 0.013588 seconds
Computing Block 42 out of 227
Processing Block size=23
begin cleaner{left: ("[FunctionalDependency:(s: {flight}, t: {act_dep_time})]", 0.0), operator: *, right: (1.0, 1.0), result: 0.0}
列 'p' 不存在，对列 act_dep_time 不过滤，直接选择所有非无效值。
Block processing time: 0.017274 seconds
Computing Block 43 out of 227
Processing Block size=24
begin cleaner{left: ("[FunctionalDependency:(s: {flight}, t: {act_dep_time})]", 0.0), operator: *, right: (1.0, 1.0), result: 0.0}
列 'p' 不存在，对列 act_dep_time 不过滤，直接选择所有非无效值。
Block processing time: 0.018054 seconds
Computing Block 48 out of 227
Processing Block size=16
begin cleaner{left: ("[FunctionalDependency:(s: {flight}, t: {act_dep_time})]", 0.0), operator: *, right: (1.0, 1.0), result: 0.0}
列 'p' 不存在，对列 act_dep_time 不过滤，直接选择所有非无效值。
Block processing time: 0.012014 seconds
Computing Block 50 out of 227
Processing Block size=21
begin cleaner{left: ("[FunctionalDependency:(s: {flight}, t: {act_dep_time})]", 0.0), operator: *, right: (1.0, 1.0), result: 0.0}
列 'p' 不存在，对列 act_dep_time 不过滤，直接选择所有非无效值。
Block processing time: 0.015913 seconds
Computing Block 51 out of 227
Processing Block size=17
begin cleaner{left: ("[FunctionalDependency:(s: {flight}, t: {act_dep_time})]", 0.0), operator: *, right: (1.0, 1.0), result: 0.0}
列 'p' 不存在，对列 act_dep_time 不过滤，直接选择所有非无效值。
Block processing time: 0.012909 seconds
Computing Block 54 out of 227
Processing Block size=17
begin cleaner{left: ("[FunctionalDependency:(s: {flight}, t: {act_dep_time})]", 0.0), operator: *, right: (1.0, 1.0), result: 0.0}
列 'p' 不存在，对列 act_dep_time 不过滤，直接选择所有非无效值。
Block processing time: 0.013063 seconds
Computing Block 60 out of 227
Processing Block size=18
begin cleaner{left: ("[FunctionalDependency:(s: {flight}, t: {act_dep_time})]", 0.0), operator: *, right: (1.0, 1.0), result: 0.0}
列 'p' 不存在，对列 act_dep_time 不过滤，直接选择所有非无效值。
Block processing time: 0.014157 seconds
Computing Block 68 out of 227
Processing Block size=21
begin cleaner{left: ("[FunctionalDependency:(s: {flight}, t: {act_dep_time})]", 0.0), operator: *, right: (1.0, 1.0), result: 0.0}
列 'p' 不存在，对列 act_dep_time 不过滤，直接选择所有非无效值。
Block processing time: 0.016531 seconds
Computing Block 69 out of 227
Processing Block size=22
begin cleaner{left: ("[FunctionalDependency:(s: {flight}, t: {act_dep_time})]", 0.0), operator: *, right: (1.0, 1.0), result: 0.0}
列 'p' 不存在，对列 act_dep_time 不过滤，直接选择所有非无效值。
Block processing time: 0.017337 seconds
Computing Block 73 out of 227
Processing Block size=16
begin cleaner{left: ("[FunctionalDependency:(s: {flight}, t: {act_dep_time})]", 0.0), operator: *, right: (1.0, 1.0), result: 0.0}
列 'p' 不存在，对列 act_dep_time 不过滤，直接选择所有非无效值。
Block processing time: 0.01181 seconds
Computing Block 74 out of 227
Processing Block size=22
begin cleaner{left: ("[FunctionalDependency:(s: {flight}, t: {act_dep_time})]", 0.0), operator: *, right: (1.0, 1.0), result: 0.0}
列 'p' 不存在，对列 act_dep_time 不过滤，直接选择所有非无效值。
Block processing time: 0.015877 seconds
Computing Block 75 out of 227
Processing Block size=16
begin cleaner{left: ("[FunctionalDependency:(s: {flight}, t: {act_dep_time})]", 0.0), operator: *, right: (1.0, 1.0), result: 0.0}
列 'p' 不存在，对列 act_dep_time 不过滤，直接选择所有非无效值。
Block processing time: 0.011519 seconds
Computing Block 76 out of 227
Processing Block size=19
begin cleaner{left: ("[FunctionalDependency:(s: {flight}, t: {act_dep_time})]", 0.0), operator: *, right: (1.0, 1.0), result: 0.0}
列 'p' 不存在，对列 act_dep_time 不过滤，直接选择所有非无效值。
Block processing time: 0.013624 seconds
Computing Block 77 out of 227
Processing Block size=21
begin cleaner{left: ("[FunctionalDependency:(s: {flight}, t: {act_dep_time})]", 0.0), operator: *, right: (1.0, 1.0), result: 0.0}
列 'p' 不存在，对列 act_dep_time 不过滤，直接选择所有非无效值。
Block processing time: 0.015146 seconds
Computing Block 78 out of 227
Processing Block size=15
begin cleaner{left: ("[FunctionalDependency:(s: {flight}, t: {act_dep_time})]", 0.0), operator: *, right: (1.0, 1.0), result: 0.0}
列 'p' 不存在，对列 act_dep_time 不过滤，直接选择所有非无效值。
Block processing time: 0.010871 seconds
Computing Block 80 out of 227
Processing Block size=18
begin cleaner{left: ("[FunctionalDependency:(s: {flight}, t: {act_dep_time})]", 0.0), operator: *, right: (1.0, 1.0), result: 0.0}
列 'p' 不存在，对列 act_dep_time 不过滤，直接选择所有非无效值。
Block processing time: 0.012992 seconds
Computing Block 82 out of 227
Processing Block size=14
begin cleaner{left: ("[FunctionalDependency:(s: {flight}, t: {act_dep_time})]", 0.0), operator: *, right: (1.0, 1.0), result: 0.0}
列 'p' 不存在，对列 act_dep_time 不过滤，直接选择所有非无效值。
Block processing time: 0.01013 seconds
Computing Block 83 out of 227
Processing Block size=19
begin cleaner{left: ("[FunctionalDependency:(s: {flight}, t: {act_dep_time})]", 0.0), operator: *, right: (1.0, 1.0), result: 0.0}
列 'p' 不存在，对列 act_dep_time 不过滤，直接选择所有非无效值。
Block processing time: 0.013723 seconds
Computing Block 85 out of 227
Processing Block size=19
begin cleaner{left: ("[FunctionalDependency:(s: {flight}, t: {act_dep_time})]", 0.0), operator: *, right: (1.0, 1.0), result: 0.0}
列 'p' 不存在，对列 act_dep_time 不过滤，直接选择所有非无效值。
Block processing time: 0.013849 seconds
Computing Block 87 out of 227
Processing Block size=15
begin cleaner{left: ("[FunctionalDependency:(s: {flight}, t: {act_dep_time})]", 0.0), operator: *, right: (1.0, 1.0), result: 0.0}
列 'p' 不存在，对列 act_dep_time 不过滤，直接选择所有非无效值。
Block processing time: 0.010884 seconds
Computing Block 90 out of 227
Processing Block size=25
begin cleaner{left: ("[FunctionalDependency:(s: {flight}, t: {act_dep_time})]", 0.0), operator: *, right: (1.0, 1.0), result: 0.0}
列 'p' 不存在，对列 act_dep_time 不过滤，直接选择所有非无效值。
Block processing time: 0.017943 seconds
Computing Block 91 out of 227
Processing Block size=24
begin cleaner{left: ("[FunctionalDependency:(s: {flight}, t: {act_dep_time})]", 0.0), operator: *, right: (1.0, 1.0), result: 0.0}
列 'p' 不存在，对列 act_dep_time 不过滤，直接选择所有非无效值。
Block processing time: 0.017253 seconds
Computing Block 96 out of 227
Processing Block size=22
begin cleaner{left: ("[FunctionalDependency:(s: {flight}, t: {act_dep_time})]", 0.0), operator: *, right: (1.0, 1.0), result: 0.0}
列 'p' 不存在，对列 act_dep_time 不过滤，直接选择所有非无效值。
Block processing time: 0.016406 seconds
Computing Block 98 out of 227
Processing Block size=15
begin cleaner{left: ("[FunctionalDependency:(s: {flight}, t: {act_dep_time})]", 0.0), operator: *, right: (1.0, 1.0), result: 0.0}
列 'p' 不存在，对列 act_dep_time 不过滤，直接选择所有非无效值。
Block processing time: 0.01125 seconds
Computing Block 100 out of 227
Processing Block size=18
begin cleaner{left: ("[FunctionalDependency:(s: {flight}, t: {act_dep_time})]", 0.0), operator: *, right: (1.0, 1.0), result: 0.0}
列 'p' 不存在，对列 act_dep_time 不过滤，直接选择所有非无效值。
Block processing time: 0.013368 seconds
Computing Block 101 out of 227
Processing Block size=20
begin cleaner{left: ("[FunctionalDependency:(s: {flight}, t: {act_dep_time})]", 0.0), operator: *, right: (1.0, 1.0), result: 0.0}
列 'p' 不存在，对列 act_dep_time 不过滤，直接选择所有非无效值。
Block processing time: 0.014813 seconds
Computing Block 102 out of 227
Processing Block size=21
begin cleaner{left: ("[FunctionalDependency:(s: {flight}, t: {act_dep_time})]", 0.0), operator: *, right: (1.0, 1.0), result: 0.0}
列 'p' 不存在，对列 act_dep_time 不过滤，直接选择所有非无效值。
Block processing time: 0.015597 seconds
Computing Block 105 out of 227
Processing Block size=18
begin cleaner{left: ("[FunctionalDependency:(s: {flight}, t: {act_dep_time})]", 0.0), operator: *, right: (1.0, 1.0), result: 0.0}
列 'p' 不存在，对列 act_dep_time 不过滤，直接选择所有非无效值。
Block processing time: 0.013536 seconds
Computing Block 106 out of 227
Processing Block size=14
begin cleaner{left: ("[FunctionalDependency:(s: {flight}, t: {act_dep_time})]", 0.0), operator: *, right: (1.0, 1.0), result: 0.0}
列 'p' 不存在，对列 act_dep_time 不过滤，直接选择所有非无效值。
Block processing time: 0.010766 seconds
Computing Block 108 out of 227
Processing Block size=23
begin cleaner{left: ("[FunctionalDependency:(s: {flight}, t: {act_dep_time})]", 0.0), operator: *, right: (1.0, 1.0), result: 0.0}
列 'p' 不存在，对列 act_dep_time 不过滤，直接选择所有非无效值。
Block processing time: 0.018057 seconds
Computing Block 109 out of 227
Processing Block size=23
begin cleaner{left: ("[FunctionalDependency:(s: {flight}, t: {act_dep_time})]", 0.0), operator: *, right: (1.0, 1.0), result: 0.0}
列 'p' 不存在，对列 act_dep_time 不过滤，直接选择所有非无效值。
Block processing time: 0.018108 seconds
Computing Block 111 out of 227
Processing Block size=19
begin cleaner{left: ("[FunctionalDependency:(s: {flight}, t: {act_dep_time})]", 0.0), operator: *, right: (1.0, 1.0), result: 0.0}
列 'p' 不存在，对列 act_dep_time 不过滤，直接选择所有非无效值。
Block processing time: 0.014864 seconds
Computing Block 112 out of 227
Processing Block size=13
begin cleaner{left: ("[FunctionalDependency:(s: {flight}, t: {act_dep_time})]", 0.0), operator: *, right: (1.0, 1.0), result: 0.0}
列 'p' 不存在，对列 act_dep_time 不过滤，直接选择所有非无效值。
Block processing time: 0.010113 seconds
Computing Block 114 out of 227
Processing Block size=21
begin cleaner{left: ("[FunctionalDependency:(s: {flight}, t: {act_dep_time})]", 0.0), operator: *, right: (1.0, 1.0), result: 0.0}
列 'p' 不存在，对列 act_dep_time 不过滤，直接选择所有非无效值。
Block processing time: 0.016334 seconds
Computing Block 116 out of 227
Processing Block size=14
begin cleaner{left: ("[FunctionalDependency:(s: {flight}, t: {act_dep_time})]", 0.0), operator: *, right: (1.0, 1.0), result: 0.0}
列 'p' 不存在，对列 act_dep_time 不过滤，直接选择所有非无效值。
Block processing time: 0.010872 seconds
Computing Block 121 out of 227
Processing Block size=21
begin cleaner{left: ("[FunctionalDependency:(s: {flight}, t: {act_dep_time})]", 0.0), operator: *, right: (1.0, 1.0), result: 0.0}
列 'p' 不存在，对列 act_dep_time 不过滤，直接选择所有非无效值。
Block processing time: 0.016641 seconds
Computing Block 124 out of 227
Processing Block size=15
begin cleaner{left: ("[FunctionalDependency:(s: {flight}, t: {act_dep_time})]", 0.0), operator: *, right: (1.0, 1.0), result: 0.0}
列 'p' 不存在，对列 act_dep_time 不过滤，直接选择所有非无效值。
Block processing time: 0.011994 seconds
Computing Block 128 out of 227
Processing Block size=18
begin cleaner{left: ("[FunctionalDependency:(s: {flight}, t: {act_dep_time})]", 0.0), operator: *, right: (1.0, 1.0), result: 0.0}
列 'p' 不存在，对列 act_dep_time 不过滤，直接选择所有非无效值。
Block processing time: 0.014486 seconds
Computing Block 129 out of 227
Processing Block size=19
begin cleaner{left: ("[FunctionalDependency:(s: {flight}, t: {act_dep_time})]", 0.0), operator: *, right: (1.0, 1.0), result: 0.0}
列 'p' 不存在，对列 act_dep_time 不过滤，直接选择所有非无效值。
Block processing time: 0.015257 seconds
Computing Block 130 out of 227
Processing Block size=15
begin cleaner{left: ("[FunctionalDependency:(s: {flight}, t: {act_dep_time})]", 0.0), operator: *, right: (1.0, 1.0), result: 0.0}
列 'p' 不存在，对列 act_dep_time 不过滤，直接选择所有非无效值。
Block processing time: 0.011946 seconds
Computing Block 132 out of 227
Processing Block size=22
begin cleaner{left: ("[FunctionalDependency:(s: {flight}, t: {act_dep_time})]", 0.0), operator: *, right: (1.0, 1.0), result: 0.0}
列 'p' 不存在，对列 act_dep_time 不过滤，直接选择所有非无效值。
Block processing time: 0.017608 seconds
Computing Block 133 out of 227
Processing Block size=19
begin cleaner{left: ("[FunctionalDependency:(s: {flight}, t: {act_dep_time})]", 0.0), operator: *, right: (1.0, 1.0), result: 0.0}
列 'p' 不存在，对列 act_dep_time 不过滤，直接选择所有非无效值。
Block processing time: 0.015042 seconds
Computing Block 136 out of 227
Processing Block size=20
begin cleaner{left: ("[FunctionalDependency:(s: {flight}, t: {act_dep_time})]", 0.0), operator: *, right: (1.0, 1.0), result: 0.0}
列 'p' 不存在，对列 act_dep_time 不过滤，直接选择所有非无效值。
Block processing time: 0.015914 seconds
Computing Block 139 out of 227
Processing Block size=18
begin cleaner{left: ("[FunctionalDependency:(s: {flight}, t: {act_dep_time})]", 0.0), operator: *, right: (1.0, 1.0), result: 0.0}
列 'p' 不存在，对列 act_dep_time 不过滤，直接选择所有非无效值。
Block processing time: 0.014318 seconds
Computing Block 143 out of 227
Processing Block size=21
begin cleaner{left: ("[FunctionalDependency:(s: {flight}, t: {act_dep_time})]", 0.0), operator: *, right: (1.0, 1.0), result: 0.0}
列 'p' 不存在，对列 act_dep_time 不过滤，直接选择所有非无效值。
Block processing time: 0.017007 seconds
Computing Block 149 out of 227
Processing Block size=18
begin cleaner{left: ("[FunctionalDependency:(s: {flight}, t: {act_dep_time})]", 0.0), operator: *, right: (1.0, 1.0), result: 0.0}
列 'p' 不存在，对列 act_dep_time 不过滤，直接选择所有非无效值。
Block processing time: 0.014595 seconds
Computing Block 150 out of 227
Processing Block size=19
begin cleaner{left: ("[FunctionalDependency:(s: {flight}, t: {act_dep_time})]", 0.0), operator: *, right: (1.0, 1.0), result: 0.0}
列 'p' 不存在，对列 act_dep_time 不过滤，直接选择所有非无效值。
Block processing time: 0.015319 seconds
Computing Block 151 out of 227
Processing Block size=23
begin cleaner{left: ("[FunctionalDependency:(s: {flight}, t: {act_dep_time})]", 0.0), operator: *, right: (1.0, 1.0), result: 0.0}
列 'p' 不存在，对列 act_dep_time 不过滤，直接选择所有非无效值。
Block processing time: 0.018741 seconds
Computing Block 152 out of 227
Processing Block size=12
begin cleaner{left: ("[FunctionalDependency:(s: {flight}, t: {act_dep_time})]", 0.0), operator: *, right: (1.0, 1.0), result: 0.0}
列 'p' 不存在，对列 act_dep_time 不过滤，直接选择所有非无效值。
Block processing time: 0.009798 seconds
Computing Block 158 out of 227
Processing Block size=15
begin cleaner{left: ("[FunctionalDependency:(s: {flight}, t: {act_dep_time})]", 0.0), operator: *, right: (1.0, 1.0), result: 0.0}
列 'p' 不存在，对列 act_dep_time 不过滤，直接选择所有非无效值。
Block processing time: 0.012229 seconds
Computing Block 159 out of 227
Processing Block size=25
begin cleaner{left: ("[FunctionalDependency:(s: {flight}, t: {act_dep_time})]", 0.0), operator: *, right: (1.0, 1.0), result: 0.0}
列 'p' 不存在，对列 act_dep_time 不过滤，直接选择所有非无效值。
Block processing time: 0.020605 seconds
Computing Block 160 out of 227
Processing Block size=21
begin cleaner{left: ("[FunctionalDependency:(s: {flight}, t: {act_dep_time})]", 0.0), operator: *, right: (1.0, 1.0), result: 0.0}
列 'p' 不存在，对列 act_dep_time 不过滤，直接选择所有非无效值。
Block processing time: 0.017831 seconds
Computing Block 163 out of 227
Processing Block size=21
begin cleaner{left: ("[FunctionalDependency:(s: {flight}, t: {act_dep_time})]", 0.0), operator: *, right: (1.0, 1.0), result: 0.0}
列 'p' 不存在，对列 act_dep_time 不过滤，直接选择所有非无效值。
Block processing time: 0.017813 seconds
Computing Block 165 out of 227
Processing Block size=22
begin cleaner{left: ("[FunctionalDependency:(s: {flight}, t: {act_dep_time})]", 0.0), operator: *, right: (1.0, 1.0), result: 0.0}
列 'p' 不存在，对列 act_dep_time 不过滤，直接选择所有非无效值。
Block processing time: 0.018487 seconds
Computing Block 168 out of 227
Processing Block size=19
begin cleaner{left: ("[FunctionalDependency:(s: {flight}, t: {act_dep_time})]", 0.0), operator: *, right: (1.0, 1.0), result: 0.0}
列 'p' 不存在，对列 act_dep_time 不过滤，直接选择所有非无效值。
Block processing time: 0.016005 seconds
Computing Block 170 out of 227
Processing Block size=19
begin cleaner{left: ("[FunctionalDependency:(s: {flight}, t: {act_dep_time})]", 0.0), operator: *, right: (1.0, 1.0), result: 0.0}
列 'p' 不存在，对列 act_dep_time 不过滤，直接选择所有非无效值。
Block processing time: 0.016164 seconds
Computing Block 172 out of 227
Processing Block size=21
begin cleaner{left: ("[FunctionalDependency:(s: {flight}, t: {act_dep_time})]", 0.0), operator: *, right: (1.0, 1.0), result: 0.0}
列 'p' 不存在，对列 act_dep_time 不过滤，直接选择所有非无效值。
Block processing time: 0.018626 seconds
Computing Block 173 out of 227
Processing Block size=21
begin cleaner{left: ("[FunctionalDependency:(s: {flight}, t: {act_dep_time})]", 0.0), operator: *, right: (1.0, 1.0), result: 0.0}
列 'p' 不存在，对列 act_dep_time 不过滤，直接选择所有非无效值。
Block processing time: 0.017609 seconds
Computing Block 175 out of 227
Processing Block size=20
begin cleaner{left: ("[FunctionalDependency:(s: {flight}, t: {act_dep_time})]", 0.0), operator: *, right: (1.0, 1.0), result: 0.0}
列 'p' 不存在，对列 act_dep_time 不过滤，直接选择所有非无效值。
Block processing time: 0.016156 seconds
Computing Block 181 out of 227
Processing Block size=15
begin cleaner{left: ("[FunctionalDependency:(s: {flight}, t: {act_dep_time})]", 0.0), operator: *, right: (1.0, 1.0), result: 0.0}
列 'p' 不存在，对列 act_dep_time 不过滤，直接选择所有非无效值。
Block processing time: 0.012104 seconds
Computing Block 182 out of 227
Processing Block size=19
begin cleaner{left: ("[FunctionalDependency:(s: {flight}, t: {act_dep_time})]", 0.0), operator: *, right: (1.0, 1.0), result: 0.0}
列 'p' 不存在，对列 act_dep_time 不过滤，直接选择所有非无效值。
Block processing time: 0.015207 seconds
Computing Block 183 out of 227
Processing Block size=19
WARNING:root:No partitioning rule specified, processing might be slow
begin cleaner{left: ("[FunctionalDependency:(s: {flight}, t: {act_dep_time})]", 0.0), operator: *, right: (1.0, 1.0), result: 0.0}
列 'p' 不存在，对列 act_dep_time 不过滤，直接选择所有非无效值。
Block processing time: 0.015311 seconds
Computing Block 184 out of 227
Processing Block size=17
begin cleaner{left: ("[FunctionalDependency:(s: {flight}, t: {act_dep_time})]", 0.0), operator: *, right: (1.0, 1.0), result: 0.0}
列 'p' 不存在，对列 act_dep_time 不过滤，直接选择所有非无效值。
Block processing time: 0.013733 seconds
Computing Block 185 out of 227
Processing Block size=18
begin cleaner{left: ("[FunctionalDependency:(s: {flight}, t: {act_dep_time})]", 0.0), operator: *, right: (1.0, 1.0), result: 0.0}
列 'p' 不存在，对列 act_dep_time 不过滤，直接选择所有非无效值。
Block processing time: 0.014437 seconds
Computing Block 192 out of 227
Processing Block size=17
begin cleaner{left: ("[FunctionalDependency:(s: {flight}, t: {act_dep_time})]", 0.0), operator: *, right: (1.0, 1.0), result: 0.0}
列 'p' 不存在，对列 act_dep_time 不过滤，直接选择所有非无效值。
Block processing time: 0.013667 seconds
Computing Block 195 out of 227
Processing Block size=22
begin cleaner{left: ("[FunctionalDependency:(s: {flight}, t: {act_dep_time})]", 0.0), operator: *, right: (1.0, 1.0), result: 0.0}
列 'p' 不存在，对列 act_dep_time 不过滤，直接选择所有非无效值。
Block processing time: 0.017536 seconds
Computing Block 196 out of 227
Processing Block size=22
begin cleaner{left: ("[FunctionalDependency:(s: {flight}, t: {act_dep_time})]", 0.0), operator: *, right: (1.0, 1.0), result: 0.0}
列 'p' 不存在，对列 act_dep_time 不过滤，直接选择所有非无效值。
Block processing time: 0.017622 seconds
Computing Block 199 out of 227
Processing Block size=19
begin cleaner{left: ("[FunctionalDependency:(s: {flight}, t: {act_dep_time})]", 0.0), operator: *, right: (1.0, 1.0), result: 0.0}
列 'p' 不存在，对列 act_dep_time 不过滤，直接选择所有非无效值。
Block processing time: 0.015066 seconds
Computing Block 200 out of 227
Processing Block size=21
begin cleaner{left: ("[FunctionalDependency:(s: {flight}, t: {act_dep_time})]", 0.0), operator: *, right: (1.0, 1.0), result: 0.0}
列 'p' 不存在，对列 act_dep_time 不过滤，直接选择所有非无效值。
Block processing time: 0.016226 seconds
Computing Block 203 out of 227
Processing Block size=24
begin cleaner{left: ("[FunctionalDependency:(s: {flight}, t: {act_dep_time})]", 0.0), operator: *, right: (1.0, 1.0), result: 0.0}
列 'p' 不存在，对列 act_dep_time 不过滤，直接选择所有非无效值。
Block processing time: 0.018552 seconds
Computing Block 204 out of 227
Processing Block size=20
begin cleaner{left: ("[FunctionalDependency:(s: {flight}, t: {act_dep_time})]", 0.0), operator: *, right: (1.0, 1.0), result: 0.0}
列 'p' 不存在，对列 act_dep_time 不过滤，直接选择所有非无效值。
Block processing time: 0.015447 seconds
Computing Block 205 out of 227
Processing Block size=20
begin cleaner{left: ("[FunctionalDependency:(s: {flight}, t: {act_dep_time})]", 0.0), operator: *, right: (1.0, 1.0), result: 0.0}
列 'p' 不存在，对列 act_dep_time 不过滤，直接选择所有非无效值。
Block processing time: 0.01545 seconds
Computing Block 207 out of 227
Processing Block size=20
begin cleaner{left: ("[FunctionalDependency:(s: {flight}, t: {act_dep_time})]", 0.0), operator: *, right: (1.0, 1.0), result: 0.0}
列 'p' 不存在，对列 act_dep_time 不过滤，直接选择所有非无效值。
Block processing time: 0.015513 seconds
Computing Block 210 out of 227
Processing Block size=17
begin cleaner{left: ("[FunctionalDependency:(s: {flight}, t: {act_dep_time})]", 0.0), operator: *, right: (1.0, 1.0), result: 0.0}
列 'p' 不存在，对列 act_dep_time 不过滤，直接选择所有非无效值。
Block processing time: 0.013207 seconds
Computing Block 213 out of 227
Processing Block size=21
begin cleaner{left: ("[FunctionalDependency:(s: {flight}, t: {act_dep_time})]", 0.0), operator: *, right: (1.0, 1.0), result: 0.0}
列 'p' 不存在，对列 act_dep_time 不过滤，直接选择所有非无效值。
Block processing time: 0.016226 seconds
Computing Block 214 out of 227
Processing Block size=18
begin cleaner{left: ("[FunctionalDependency:(s: {flight}, t: {act_dep_time})]", 0.0), operator: *, right: (1.0, 1.0), result: 0.0}
列 'p' 不存在，对列 act_dep_time 不过滤，直接选择所有非无效值。
Block processing time: 0.014145 seconds
Computing Block 219 out of 227
Processing Block size=24
begin cleaner{left: ("[FunctionalDependency:(s: {flight}, t: {act_dep_time})]", 0.0), operator: *, right: (1.0, 1.0), result: 0.0}
列 'p' 不存在，对列 act_dep_time 不过滤，直接选择所有非无效值。
Block processing time: 0.019156 seconds
Computing Block 226 out of 227
Processing Block size=17
begin cleaner{left: ("[FunctionalDependency:(s: {flight}, t: {act_dep_time})]", 0.0), operator: *, right: (1.0, 1.0), result: 0.0}
列 'p' 不存在，对列 act_dep_time 不过滤，直接选择所有非无效值。
Block processing time: 0.013136 seconds
  当前节点: act_dep_time 无清洗操作
  当前节点: sched_arr_time 存在可用清洗信号
数据块大小: 2376
分块属性:
[['flight']]
Starting initial block mapping...
Initial number of blocks: 227
Final number of blocks after further splitting: 227
Computing Block 2 out of 227
Processing Block size=23
begin cleaner[FunctionalDependency:(s: {'flight'}, t: {'sched_arr_time'})]*1.0
列 'p' 不存在，对列 sched_arr_time 不过滤，直接选择所有非无效值。
Block processing time: 0.016826 seconds
Computing Block 4 out of 227
Processing Block size=17
begin cleaner{left: ("[FunctionalDependency:(s: {flight}, t: {sched_arr_time})]", 0.0), operator: *, right: (1.0, 1.0), result: 0.0}
列 'p' 不存在，对列 sched_arr_time 不过滤，直接选择所有非无效值。
Block processing time: 0.012312 seconds
Computing Block 6 out of 227
Processing Block size=22
begin cleaner{left: ("[FunctionalDependency:(s: {flight}, t: {sched_arr_time})]", 0.0), operator: *, right: (1.0, 1.0), result: 0.0}
列 'p' 不存在，对列 sched_arr_time 不过滤，直接选择所有非无效值。
Block processing time: 0.015842 seconds
Computing Block 7 out of 227
Processing Block size=18
begin cleaner{left: ("[FunctionalDependency:(s: {flight}, t: {sched_arr_time})]", 0.0), operator: *, right: (1.0, 1.0), result: 0.0}
列 'p' 不存在，对列 sched_arr_time 不过滤，直接选择所有非无效值。
Block processing time: 0.01295 seconds
Computing Block 9 out of 227
Processing Block size=22
begin cleaner{left: ("[FunctionalDependency:(s: {flight}, t: {sched_arr_time})]", 0.0), operator: *, right: (1.0, 1.0), result: 0.0}
列 'p' 不存在，对列 sched_arr_time 不过滤，直接选择所有非无效值。
Block processing time: 0.016073 seconds
Computing Block 11 out of 227
Processing Block size=16
begin cleaner{left: ("[FunctionalDependency:(s: {flight}, t: {sched_arr_time})]", 0.0), operator: *, right: (1.0, 1.0), result: 0.0}
列 'p' 不存在，对列 sched_arr_time 不过滤，直接选择所有非无效值。
Block processing time: 0.011689 seconds
Computing Block 12 out of 227
Processing Block size=20
begin cleaner{left: ("[FunctionalDependency:(s: {flight}, t: {sched_arr_time})]", 0.0), operator: *, right: (1.0, 1.0), result: 0.0}
列 'p' 不存在，对列 sched_arr_time 不过滤，直接选择所有非无效值。
Block processing time: 0.014721 seconds
Computing Block 14 out of 227
Processing Block size=17
begin cleaner{left: ("[FunctionalDependency:(s: {flight}, t: {sched_arr_time})]", 0.0), operator: *, right: (1.0, 1.0), result: 0.0}
列 'p' 不存在，对列 sched_arr_time 不过滤，直接选择所有非无效值。
Block processing time: 0.012844 seconds
Computing Block 15 out of 227
Processing Block size=20
begin cleaner{left: ("[FunctionalDependency:(s: {flight}, t: {sched_arr_time})]", 0.0), operator: *, right: (1.0, 1.0), result: 0.0}
列 'p' 不存在，对列 sched_arr_time 不过滤，直接选择所有非无效值。
Block processing time: 0.014164 seconds
Computing Block 17 out of 227
Processing Block size=20
begin cleaner{left: ("[FunctionalDependency:(s: {flight}, t: {sched_arr_time})]", 0.0), operator: *, right: (1.0, 1.0), result: 0.0}
列 'p' 不存在，对列 sched_arr_time 不过滤，直接选择所有非无效值。
Block processing time: 0.014026 seconds
Computing Block 18 out of 227
Processing Block size=20
begin cleaner{left: ("[FunctionalDependency:(s: {flight}, t: {sched_arr_time})]", 0.0), operator: *, right: (1.0, 1.0), result: 0.0}
列 'p' 不存在，对列 sched_arr_time 不过滤，直接选择所有非无效值。
Block processing time: 0.014045 seconds
Computing Block 19 out of 227
Processing Block size=21
begin cleaner{left: ("[FunctionalDependency:(s: {flight}, t: {sched_arr_time})]", 0.0), operator: *, right: (1.0, 1.0), result: 0.0}
列 'p' 不存在，对列 sched_arr_time 不过滤，直接选择所有非无效值。
Block processing time: 0.014774 seconds
Computing Block 21 out of 227
Processing Block size=21
begin cleaner{left: ("[FunctionalDependency:(s: {flight}, t: {sched_arr_time})]", 0.0), operator: *, right: (1.0, 1.0), result: 0.0}
列 'p' 不存在，对列 sched_arr_time 不过滤，直接选择所有非无效值。
Block processing time: 0.014885 seconds
Computing Block 23 out of 227
Processing Block size=19
begin cleaner{left: ("[FunctionalDependency:(s: {flight}, t: {sched_arr_time})]", 0.0), operator: *, right: (1.0, 1.0), result: 0.0}
列 'p' 不存在，对列 sched_arr_time 不过滤，直接选择所有非无效值。
Block processing time: 0.013376 seconds
Computing Block 26 out of 227
Processing Block size=14
begin cleaner{left: ("[FunctionalDependency:(s: {flight}, t: {sched_arr_time})]", 0.0), operator: *, right: (1.0, 1.0), result: 0.0}
列 'p' 不存在，对列 sched_arr_time 不过滤，直接选择所有非无效值。
Block processing time: 0.009917 seconds
Computing Block 27 out of 227
Processing Block size=17
begin cleaner{left: ("[FunctionalDependency:(s: {flight}, t: {sched_arr_time})]", 0.0), operator: *, right: (1.0, 1.0), result: 0.0}
列 'p' 不存在，对列 sched_arr_time 不过滤，直接选择所有非无效值。
Block processing time: 0.012555 seconds
Computing Block 30 out of 227
Processing Block size=21
begin cleaner{left: ("[FunctionalDependency:(s: {flight}, t: {sched_arr_time})]", 0.0), operator: *, right: (1.0, 1.0), result: 0.0}
列 'p' 不存在，对列 sched_arr_time 不过滤，直接选择所有非无效值。
Block processing time: 0.015339 seconds
Computing Block 34 out of 227
Processing Block size=16
begin cleaner{left: ("[FunctionalDependency:(s: {flight}, t: {sched_arr_time})]", 0.0), operator: *, right: (1.0, 1.0), result: 0.0}
列 'p' 不存在，对列 sched_arr_time 不过滤，直接选择所有非无效值。
Block processing time: 0.011286 seconds
Computing Block 36 out of 227
Processing Block size=15
begin cleaner{left: ("[FunctionalDependency:(s: {flight}, t: {sched_arr_time})]", 0.0), operator: *, right: (1.0, 1.0), result: 0.0}
列 'p' 不存在，对列 sched_arr_time 不过滤，直接选择所有非无效值。
Block processing time: 0.01071 seconds
Computing Block 37 out of 227
Processing Block size=19
begin cleaner{left: ("[FunctionalDependency:(s: {flight}, t: {sched_arr_time})]", 0.0), operator: *, right: (1.0, 1.0), result: 0.0}
列 'p' 不存在，对列 sched_arr_time 不过滤，直接选择所有非无效值。
Block processing time: 0.013458 seconds
Computing Block 38 out of 227
Processing Block size=18
begin cleaner{left: ("[FunctionalDependency:(s: {flight}, t: {sched_arr_time})]", 0.0), operator: *, right: (1.0, 1.0), result: 0.0}
列 'p' 不存在，对列 sched_arr_time 不过滤，直接选择所有非无效值。
Block processing time: 0.01256 seconds
Computing Block 41 out of 227
Processing Block size=18
begin cleaner{left: ("[FunctionalDependency:(s: {flight}, t: {sched_arr_time})]", 0.0), operator: *, right: (1.0, 1.0), result: 0.0}
列 'p' 不存在，对列 sched_arr_time 不过滤，直接选择所有非无效值。
Block processing time: 0.012702 seconds
Computing Block 42 out of 227
Processing Block size=23
begin cleaner{left: ("[FunctionalDependency:(s: {flight}, t: {sched_arr_time})]", 0.0), operator: *, right: (1.0, 1.0), result: 0.0}
列 'p' 不存在，对列 sched_arr_time 不过滤，直接选择所有非无效值。
Block processing time: 0.016078 seconds
Computing Block 43 out of 227
Processing Block size=24
begin cleaner{left: ("[FunctionalDependency:(s: {flight}, t: {sched_arr_time})]", 0.0), operator: *, right: (1.0, 1.0), result: 0.0}
列 'p' 不存在，对列 sched_arr_time 不过滤，直接选择所有非无效值。
Block processing time: 0.016793 seconds
Computing Block 48 out of 227
Processing Block size=16
begin cleaner{left: ("[FunctionalDependency:(s: {flight}, t: {sched_arr_time})]", 0.0), operator: *, right: (1.0, 1.0), result: 0.0}
列 'p' 不存在，对列 sched_arr_time 不过滤，直接选择所有非无效值。
Block processing time: 0.011334 seconds
Computing Block 50 out of 227
Processing Block size=21
begin cleaner{left: ("[FunctionalDependency:(s: {flight}, t: {sched_arr_time})]", 0.0), operator: *, right: (1.0, 1.0), result: 0.0}
列 'p' 不存在，对列 sched_arr_time 不过滤，直接选择所有非无效值。
Block processing time: 0.014747 seconds
Computing Block 51 out of 227
Processing Block size=17
begin cleaner{left: ("[FunctionalDependency:(s: {flight}, t: {sched_arr_time})]", 0.0), operator: *, right: (1.0, 1.0), result: 0.0}
列 'p' 不存在，对列 sched_arr_time 不过滤，直接选择所有非无效值。
Block processing time: 0.01199 seconds
Computing Block 54 out of 227
Processing Block size=17
begin cleaner{left: ("[FunctionalDependency:(s: {flight}, t: {sched_arr_time})]", 0.0), operator: *, right: (1.0, 1.0), result: 0.0}
列 'p' 不存在，对列 sched_arr_time 不过滤，直接选择所有非无效值。
Block processing time: 0.011922 seconds
Computing Block 60 out of 227
Processing Block size=18
begin cleaner{left: ("[FunctionalDependency:(s: {flight}, t: {sched_arr_time})]", 0.0), operator: *, right: (1.0, 1.0), result: 0.0}
列 'p' 不存在，对列 sched_arr_time 不过滤，直接选择所有非无效值。
Block processing time: 0.012624 seconds
Computing Block 68 out of 227
Processing Block size=21
begin cleaner{left: ("[FunctionalDependency:(s: {flight}, t: {sched_arr_time})]", 0.0), operator: *, right: (1.0, 1.0), result: 0.0}
列 'p' 不存在，对列 sched_arr_time 不过滤，直接选择所有非无效值。
Block processing time: 0.014698 seconds
Computing Block 69 out of 227
Processing Block size=22
begin cleaner{left: ("[FunctionalDependency:(s: {flight}, t: {sched_arr_time})]", 0.0), operator: *, right: (1.0, 1.0), result: 0.0}
列 'p' 不存在，对列 sched_arr_time 不过滤，直接选择所有非无效值。
Block processing time: 0.015527 seconds
Computing Block 73 out of 227
Processing Block size=16
begin cleaner{left: ("[FunctionalDependency:(s: {flight}, t: {sched_arr_time})]", 0.0), operator: *, right: (1.0, 1.0), result: 0.0}
列 'p' 不存在，对列 sched_arr_time 不过滤，直接选择所有非无效值。
Block processing time: 0.0112 seconds
Computing Block 74 out of 227
Processing Block size=22
begin cleaner{left: ("[FunctionalDependency:(s: {flight}, t: {sched_arr_time})]", 0.0), operator: *, right: (1.0, 1.0), result: 0.0}
列 'p' 不存在，对列 sched_arr_time 不过滤，直接选择所有非无效值。
Block processing time: 0.015452 seconds
Computing Block 75 out of 227
Processing Block size=16
begin cleaner{left: ("[FunctionalDependency:(s: {flight}, t: {sched_arr_time})]", 0.0), operator: *, right: (1.0, 1.0), result: 0.0}
列 'p' 不存在，对列 sched_arr_time 不过滤，直接选择所有非无效值。
Block processing time: 0.011359 seconds
Computing Block 76 out of 227
Processing Block size=19
begin cleaner{left: ("[FunctionalDependency:(s: {flight}, t: {sched_arr_time})]", 0.0), operator: *, right: (1.0, 1.0), result: 0.0}
列 'p' 不存在，对列 sched_arr_time 不过滤，直接选择所有非无效值。
Block processing time: 0.013426 seconds
Computing Block 77 out of 227
Processing Block size=21
begin cleaner{left: ("[FunctionalDependency:(s: {flight}, t: {sched_arr_time})]", 0.0), operator: *, right: (1.0, 1.0), result: 0.0}
列 'p' 不存在，对列 sched_arr_time 不过滤，直接选择所有非无效值。
Block processing time: 0.014688 seconds
Computing Block 78 out of 227
Processing Block size=15
begin cleaner{left: ("[FunctionalDependency:(s: {flight}, t: {sched_arr_time})]", 0.0), operator: *, right: (1.0, 1.0), result: 0.0}
列 'p' 不存在，对列 sched_arr_time 不过滤，直接选择所有非无效值。
Block processing time: 0.010618 seconds
Computing Block 80 out of 227
Processing Block size=18
begin cleaner{left: ("[FunctionalDependency:(s: {flight}, t: {sched_arr_time})]", 0.0), operator: *, right: (1.0, 1.0), result: 0.0}
列 'p' 不存在，对列 sched_arr_time 不过滤，直接选择所有非无效值。
Block processing time: 0.01259 seconds
Computing Block 82 out of 227
Processing Block size=14
begin cleaner{left: ("[FunctionalDependency:(s: {flight}, t: {sched_arr_time})]", 0.0), operator: *, right: (1.0, 1.0), result: 0.0}
列 'p' 不存在，对列 sched_arr_time 不过滤，直接选择所有非无效值。
Block processing time: 0.009826 seconds
Computing Block 83 out of 227
Processing Block size=19
begin cleaner{left: ("[FunctionalDependency:(s: {flight}, t: {sched_arr_time})]", 0.0), operator: *, right: (1.0, 1.0), result: 0.0}
列 'p' 不存在，对列 sched_arr_time 不过滤，直接选择所有非无效值。
Block processing time: 0.013921 seconds
Computing Block 85 out of 227
Processing Block size=19
begin cleaner{left: ("[FunctionalDependency:(s: {flight}, t: {sched_arr_time})]", 0.0), operator: *, right: (1.0, 1.0), result: 0.0}
列 'p' 不存在，对列 sched_arr_time 不过滤，直接选择所有非无效值。
Block processing time: 0.013303 seconds
Computing Block 87 out of 227
Processing Block size=15
begin cleaner{left: ("[FunctionalDependency:(s: {flight}, t: {sched_arr_time})]", 0.0), operator: *, right: (1.0, 1.0), result: 0.0}
列 'p' 不存在，对列 sched_arr_time 不过滤，直接选择所有非无效值。
Block processing time: 0.010658 seconds
Computing Block 90 out of 227
Processing Block size=25
begin cleaner{left: ("[FunctionalDependency:(s: {flight}, t: {sched_arr_time})]", 0.0), operator: *, right: (1.0, 1.0), result: 0.0}
列 'p' 不存在，对列 sched_arr_time 不过滤，直接选择所有非无效值。
Block processing time: 0.017482 seconds
Computing Block 91 out of 227
Processing Block size=24
begin cleaner{left: ("[FunctionalDependency:(s: {flight}, t: {sched_arr_time})]", 0.0), operator: *, right: (1.0, 1.0), result: 0.0}
列 'p' 不存在，对列 sched_arr_time 不过滤，直接选择所有非无效值。
Block processing time: 0.016728 seconds
Computing Block 96 out of 227
Processing Block size=22
begin cleaner{left: ("[FunctionalDependency:(s: {flight}, t: {sched_arr_time})]", 0.0), operator: *, right: (1.0, 1.0), result: 0.0}
列 'p' 不存在，对列 sched_arr_time 不过滤，直接选择所有非无效值。
Block processing time: 0.015676 seconds
Computing Block 98 out of 227
Processing Block size=15
begin cleaner{left: ("[FunctionalDependency:(s: {flight}, t: {sched_arr_time})]", 0.0), operator: *, right: (1.0, 1.0), result: 0.0}
列 'p' 不存在，对列 sched_arr_time 不过滤，直接选择所有非无效值。
Block processing time: 0.011418 seconds
Computing Block 100 out of 227
Processing Block size=18
begin cleaner{left: ("[FunctionalDependency:(s: {flight}, t: {sched_arr_time})]", 0.0), operator: *, right: (1.0, 1.0), result: 0.0}
列 'p' 不存在，对列 sched_arr_time 不过滤，直接选择所有非无效值。
Block processing time: 0.013733 seconds
Computing Block 101 out of 227
Processing Block size=20
begin cleaner{left: ("[FunctionalDependency:(s: {flight}, t: {sched_arr_time})]", 0.0), operator: *, right: (1.0, 1.0), result: 0.0}
列 'p' 不存在，对列 sched_arr_time 不过滤，直接选择所有非无效值。
Block processing time: 0.015151 seconds
Computing Block 102 out of 227
Processing Block size=21
begin cleaner{left: ("[FunctionalDependency:(s: {flight}, t: {sched_arr_time})]", 0.0), operator: *, right: (1.0, 1.0), result: 0.0}
列 'p' 不存在，对列 sched_arr_time 不过滤，直接选择所有非无效值。
Block processing time: 0.016166 seconds
Computing Block 105 out of 227
Processing Block size=18
begin cleaner{left: ("[FunctionalDependency:(s: {flight}, t: {sched_arr_time})]", 0.0), operator: *, right: (1.0, 1.0), result: 0.0}
列 'p' 不存在，对列 sched_arr_time 不过滤，直接选择所有非无效值。
Block processing time: 0.013643 seconds
Computing Block 106 out of 227
Processing Block size=14
begin cleaner{left: ("[FunctionalDependency:(s: {flight}, t: {sched_arr_time})]", 0.0), operator: *, right: (1.0, 1.0), result: 0.0}
列 'p' 不存在，对列 sched_arr_time 不过滤，直接选择所有非无效值。
Block processing time: 0.010613 seconds
Computing Block 108 out of 227
Processing Block size=23
begin cleaner{left: ("[FunctionalDependency:(s: {flight}, t: {sched_arr_time})]", 0.0), operator: *, right: (1.0, 1.0), result: 0.0}
列 'p' 不存在，对列 sched_arr_time 不过滤，直接选择所有非无效值。
Block processing time: 0.017449 seconds
Computing Block 109 out of 227
Processing Block size=23
begin cleaner{left: ("[FunctionalDependency:(s: {flight}, t: {sched_arr_time})]", 0.0), operator: *, right: (1.0, 1.0), result: 0.0}
列 'p' 不存在，对列 sched_arr_time 不过滤，直接选择所有非无效值。
Block processing time: 0.017485 seconds
Computing Block 111 out of 227
Processing Block size=19
begin cleaner{left: ("[FunctionalDependency:(s: {flight}, t: {sched_arr_time})]", 0.0), operator: *, right: (1.0, 1.0), result: 0.0}
列 'p' 不存在，对列 sched_arr_time 不过滤，直接选择所有非无效值。
Block processing time: 0.014561 seconds
Computing Block 112 out of 227
Processing Block size=13
begin cleaner{left: ("[FunctionalDependency:(s: {flight}, t: {sched_arr_time})]", 0.0), operator: *, right: (1.0, 1.0), result: 0.0}
列 'p' 不存在，对列 sched_arr_time 不过滤，直接选择所有非无效值。
Block processing time: 0.009963 seconds
Computing Block 114 out of 227
Processing Block size=21
begin cleaner{left: ("[FunctionalDependency:(s: {flight}, t: {sched_arr_time})]", 0.0), operator: *, right: (1.0, 1.0), result: 0.0}
列 'p' 不存在，对列 sched_arr_time 不过滤，直接选择所有非无效值。
Block processing time: 0.016075 seconds
Computing Block 116 out of 227
Processing Block size=14
begin cleaner{left: ("[FunctionalDependency:(s: {flight}, t: {sched_arr_time})]", 0.0), operator: *, right: (1.0, 1.0), result: 0.0}
列 'p' 不存在，对列 sched_arr_time 不过滤，直接选择所有非无效值。
Block processing time: 0.01067 seconds
Computing Block 121 out of 227
Processing Block size=21
begin cleaner{left: ("[FunctionalDependency:(s: {flight}, t: {sched_arr_time})]", 0.0), operator: *, right: (1.0, 1.0), result: 0.0}
列 'p' 不存在，对列 sched_arr_time 不过滤，直接选择所有非无效值。
Block processing time: 0.015898 seconds
Computing Block 124 out of 227
Processing Block size=15
begin cleaner{left: ("[FunctionalDependency:(s: {flight}, t: {sched_arr_time})]", 0.0), operator: *, right: (1.0, 1.0), result: 0.0}
列 'p' 不存在，对列 sched_arr_time 不过滤，直接选择所有非无效值。
Block processing time: 0.011478 seconds
Computing Block 128 out of 227
Processing Block size=18
begin cleaner{left: ("[FunctionalDependency:(s: {flight}, t: {sched_arr_time})]", 0.0), operator: *, right: (1.0, 1.0), result: 0.0}
列 'p' 不存在，对列 sched_arr_time 不过滤，直接选择所有非无效值。
Block processing time: 0.013713 seconds
Computing Block 129 out of 227
Processing Block size=19
begin cleaner{left: ("[FunctionalDependency:(s: {flight}, t: {sched_arr_time})]", 0.0), operator: *, right: (1.0, 1.0), result: 0.0}
列 'p' 不存在，对列 sched_arr_time 不过滤，直接选择所有非无效值。
Block processing time: 0.013392 seconds
Computing Block 130 out of 227
Processing Block size=15
begin cleaner{left: ("[FunctionalDependency:(s: {flight}, t: {sched_arr_time})]", 0.0), operator: *, right: (1.0, 1.0), result: 0.0}
列 'p' 不存在，对列 sched_arr_time 不过滤，直接选择所有非无效值。
Block processing time: 0.010566 seconds
Computing Block 132 out of 227
Processing Block size=22
begin cleaner{left: ("[FunctionalDependency:(s: {flight}, t: {sched_arr_time})]", 0.0), operator: *, right: (1.0, 1.0), result: 0.0}
列 'p' 不存在，对列 sched_arr_time 不过滤，直接选择所有非无效值。
Block processing time: 0.015584 seconds
Computing Block 133 out of 227
Processing Block size=19
begin cleaner{left: ("[FunctionalDependency:(s: {flight}, t: {sched_arr_time})]", 0.0), operator: *, right: (1.0, 1.0), result: 0.0}
列 'p' 不存在，对列 sched_arr_time 不过滤，直接选择所有非无效值。
Block processing time: 0.013335 seconds
Computing Block 136 out of 227
Processing Block size=20
begin cleaner{left: ("[FunctionalDependency:(s: {flight}, t: {sched_arr_time})]", 0.0), operator: *, right: (1.0, 1.0), result: 0.0}
列 'p' 不存在，对列 sched_arr_time 不过滤，直接选择所有非无效值。
Block processing time: 0.013988 seconds
Computing Block 139 out of 227
Processing Block size=18
begin cleaner{left: ("[FunctionalDependency:(s: {flight}, t: {sched_arr_time})]", 0.0), operator: *, right: (1.0, 1.0), result: 0.0}
列 'p' 不存在，对列 sched_arr_time 不过滤，直接选择所有非无效值。
Block processing time: 0.012679 seconds
Computing Block 143 out of 227
Processing Block size=21
begin cleaner{left: ("[FunctionalDependency:(s: {flight}, t: {sched_arr_time})]", 0.0), operator: *, right: (1.0, 1.0), result: 0.0}
列 'p' 不存在，对列 sched_arr_time 不过滤，直接选择所有非无效值。
Block processing time: 0.014806 seconds
Computing Block 149 out of 227
Processing Block size=18
begin cleaner{left: ("[FunctionalDependency:(s: {flight}, t: {sched_arr_time})]", 0.0), operator: *, right: (1.0, 1.0), result: 0.0}
列 'p' 不存在，对列 sched_arr_time 不过滤，直接选择所有非无效值。
Block processing time: 0.012617 seconds
Computing Block 150 out of 227
Processing Block size=19
begin cleaner{left: ("[FunctionalDependency:(s: {flight}, t: {sched_arr_time})]", 0.0), operator: *, right: (1.0, 1.0), result: 0.0}
列 'p' 不存在，对列 sched_arr_time 不过滤，直接选择所有非无效值。
Block processing time: 0.013395 seconds
Computing Block 151 out of 227
Processing Block size=23
begin cleaner{left: ("[FunctionalDependency:(s: {flight}, t: {sched_arr_time})]", 0.0), operator: *, right: (1.0, 1.0), result: 0.0}
列 'p' 不存在，对列 sched_arr_time 不过滤，直接选择所有非无效值。
Block processing time: 0.016169 seconds
Computing Block 152 out of 227
Processing Block size=12
begin cleaner{left: ("[FunctionalDependency:(s: {flight}, t: {sched_arr_time})]", 0.0), operator: *, right: (1.0, 1.0), result: 0.0}
列 'p' 不存在，对列 sched_arr_time 不过滤，直接选择所有非无效值。
Block processing time: 0.008652 seconds
Computing Block 158 out of 227
Processing Block size=15
begin cleaner{left: ("[FunctionalDependency:(s: {flight}, t: {sched_arr_time})]", 0.0), operator: *, right: (1.0, 1.0), result: 0.0}
列 'p' 不存在，对列 sched_arr_time 不过滤，直接选择所有非无效值。
Block processing time: 0.010645 seconds
Computing Block 159 out of 227
Processing Block size=25
begin cleaner{left: ("[FunctionalDependency:(s: {flight}, t: {sched_arr_time})]", 0.0), operator: *, right: (1.0, 1.0), result: 0.0}
列 'p' 不存在，对列 sched_arr_time 不过滤，直接选择所有非无效值。
Block processing time: 0.01751 seconds
Computing Block 160 out of 227
Processing Block size=21
begin cleaner{left: ("[FunctionalDependency:(s: {flight}, t: {sched_arr_time})]", 0.0), operator: *, right: (1.0, 1.0), result: 0.0}
列 'p' 不存在，对列 sched_arr_time 不过滤，直接选择所有非无效值。
Block processing time: 0.014701 seconds
Computing Block 163 out of 227
Processing Block size=21
begin cleaner{left: ("[FunctionalDependency:(s: {flight}, t: {sched_arr_time})]", 0.0), operator: *, right: (1.0, 1.0), result: 0.0}
列 'p' 不存在，对列 sched_arr_time 不过滤，直接选择所有非无效值。
Block processing time: 0.014763 seconds
Computing Block 165 out of 227
Processing Block size=22
begin cleaner{left: ("[FunctionalDependency:(s: {flight}, t: {sched_arr_time})]", 0.0), operator: *, right: (1.0, 1.0), result: 0.0}
列 'p' 不存在，对列 sched_arr_time 不过滤，直接选择所有非无效值。
Block processing time: 0.015499 seconds
Computing Block 168 out of 227
Processing Block size=19
begin cleaner{left: ("[FunctionalDependency:(s: {flight}, t: {sched_arr_time})]", 0.0), operator: *, right: (1.0, 1.0), result: 0.0}
列 'p' 不存在，对列 sched_arr_time 不过滤，直接选择所有非无效值。
Block processing time: 0.013367 seconds
Computing Block 170 out of 227
Processing Block size=19
begin cleaner{left: ("[FunctionalDependency:(s: {flight}, t: {sched_arr_time})]", 0.0), operator: *, right: (1.0, 1.0), result: 0.0}
列 'p' 不存在，对列 sched_arr_time 不过滤，直接选择所有非无效值。
Block processing time: 0.013319 seconds
Computing Block 172 out of 227
Processing Block size=21
begin cleaner{left: ("[FunctionalDependency:(s: {flight}, t: {sched_arr_time})]", 0.0), operator: *, right: (1.0, 1.0), result: 0.0}
列 'p' 不存在，对列 sched_arr_time 不过滤，直接选择所有非无效值。
Block processing time: 0.014653 seconds
Computing Block 173 out of 227
Processing Block size=21
begin cleaner{left: ("[FunctionalDependency:(s: {flight}, t: {sched_arr_time})]", 0.0), operator: *, right: (1.0, 1.0), result: 0.0}
列 'p' 不存在，对列 sched_arr_time 不过滤，直接选择所有非无效值。
Block processing time: 0.014644 seconds
Computing Block 175 out of 227
Processing Block size=20
begin cleaner{left: ("[FunctionalDependency:(s: {flight}, t: {sched_arr_time})]", 0.0), operator: *, right: (1.0, 1.0), result: 0.0}
列 'p' 不存在，对列 sched_arr_time 不过滤，直接选择所有非无效值。
Block processing time: 0.013948 seconds
Computing Block 181 out of 227
Processing Block size=15
begin cleaner{left: ("[FunctionalDependency:(s: {flight}, t: {sched_arr_time})]", 0.0), operator: *, right: (1.0, 1.0), result: 0.0}
列 'p' 不存在，对列 sched_arr_time 不过滤，直接选择所有非无效值。
Block processing time: 0.010515 seconds
Computing Block 182 out of 227
Processing Block size=19
begin cleaner{left: ("[FunctionalDependency:(s: {flight}, t: {sched_arr_time})]", 0.0), operator: *, right: (1.0, 1.0), result: 0.0}
列 'p' 不存在，对列 sched_arr_time 不过滤，直接选择所有非无效值。
Block processing time: 0.013299 seconds
Computing Block 183 out of 227
Processing Block size=19
begin cleaner{left: ("[FunctionalDependency:(s: {flight}, t: {sched_arr_time})]", 0.0), operator: *, right: (1.0, 1.0), result: 0.0}
列 'p' 不存在，对列 sched_arr_time 不过滤，直接选择所有非无效值。
Block processing time: 0.013344 seconds
Computing Block 184 out of 227
Processing Block size=17
begin cleaner{left: ("[FunctionalDependency:(s: {flight}, t: {sched_arr_time})]", 0.0), operator: *, right: (1.0, 1.0), result: 0.0}
列 'p' 不存在，对列 sched_arr_time 不过滤，直接选择所有非无效值。
Block processing time: 0.012112 seconds
Computing Block 185 out of 227
Processing Block size=18
begin cleaner{left: ("[FunctionalDependency:(s: {flight}, t: {sched_arr_time})]", 0.0), operator: *, right: (1.0, 1.0), result: 0.0}
WARNING:root:No partitioning rule specified, processing might be slow
列 'p' 不存在，对列 sched_arr_time 不过滤，直接选择所有非无效值。
Block processing time: 0.012719 seconds
Computing Block 192 out of 227
Processing Block size=17
begin cleaner{left: ("[FunctionalDependency:(s: {flight}, t: {sched_arr_time})]", 0.0), operator: *, right: (1.0, 1.0), result: 0.0}
列 'p' 不存在，对列 sched_arr_time 不过滤，直接选择所有非无效值。
Block processing time: 0.011936 seconds
Computing Block 195 out of 227
Processing Block size=22
begin cleaner{left: ("[FunctionalDependency:(s: {flight}, t: {sched_arr_time})]", 0.0), operator: *, right: (1.0, 1.0), result: 0.0}
列 'p' 不存在，对列 sched_arr_time 不过滤，直接选择所有非无效值。
Block processing time: 0.015472 seconds
Computing Block 196 out of 227
Processing Block size=22
begin cleaner{left: ("[FunctionalDependency:(s: {flight}, t: {sched_arr_time})]", 0.0), operator: *, right: (1.0, 1.0), result: 0.0}
列 'p' 不存在，对列 sched_arr_time 不过滤，直接选择所有非无效值。
Block processing time: 0.015442 seconds
Computing Block 199 out of 227
Processing Block size=19
begin cleaner{left: ("[FunctionalDependency:(s: {flight}, t: {sched_arr_time})]", 0.0), operator: *, right: (1.0, 1.0), result: 0.0}
列 'p' 不存在，对列 sched_arr_time 不过滤，直接选择所有非无效值。
Block processing time: 0.013386 seconds
Computing Block 200 out of 227
Processing Block size=21
begin cleaner{left: ("[FunctionalDependency:(s: {flight}, t: {sched_arr_time})]", 0.0), operator: *, right: (1.0, 1.0), result: 0.0}
列 'p' 不存在，对列 sched_arr_time 不过滤，直接选择所有非无效值。
Block processing time: 0.014663 seconds
Computing Block 203 out of 227
Processing Block size=24
begin cleaner{left: ("[FunctionalDependency:(s: {flight}, t: {sched_arr_time})]", 0.0), operator: *, right: (1.0, 1.0), result: 0.0}
列 'p' 不存在，对列 sched_arr_time 不过滤，直接选择所有非无效值。
Block processing time: 0.016978 seconds
Computing Block 204 out of 227
Processing Block size=20
begin cleaner{left: ("[FunctionalDependency:(s: {flight}, t: {sched_arr_time})]", 0.0), operator: *, right: (1.0, 1.0), result: 0.0}
列 'p' 不存在，对列 sched_arr_time 不过滤，直接选择所有非无效值。
Block processing time: 0.014033 seconds
Computing Block 205 out of 227
Processing Block size=20
begin cleaner{left: ("[FunctionalDependency:(s: {flight}, t: {sched_arr_time})]", 0.0), operator: *, right: (1.0, 1.0), result: 0.0}
列 'p' 不存在，对列 sched_arr_time 不过滤，直接选择所有非无效值。
Block processing time: 0.013997 seconds
Computing Block 207 out of 227
Processing Block size=20
begin cleaner{left: ("[FunctionalDependency:(s: {flight}, t: {sched_arr_time})]", 0.0), operator: *, right: (1.0, 1.0), result: 0.0}
列 'p' 不存在，对列 sched_arr_time 不过滤，直接选择所有非无效值。
Block processing time: 0.014084 seconds
Computing Block 210 out of 227
Processing Block size=17
begin cleaner{left: ("[FunctionalDependency:(s: {flight}, t: {sched_arr_time})]", 0.0), operator: *, right: (1.0, 1.0), result: 0.0}
列 'p' 不存在，对列 sched_arr_time 不过滤，直接选择所有非无效值。
Block processing time: 0.012088 seconds
Computing Block 213 out of 227
Processing Block size=21
begin cleaner{left: ("[FunctionalDependency:(s: {flight}, t: {sched_arr_time})]", 0.0), operator: *, right: (1.0, 1.0), result: 0.0}
列 'p' 不存在，对列 sched_arr_time 不过滤，直接选择所有非无效值。
Block processing time: 0.015992 seconds
Computing Block 214 out of 227
Processing Block size=18
begin cleaner{left: ("[FunctionalDependency:(s: {flight}, t: {sched_arr_time})]", 0.0), operator: *, right: (1.0, 1.0), result: 0.0}
列 'p' 不存在，对列 sched_arr_time 不过滤，直接选择所有非无效值。
Block processing time: 0.013701 seconds
Computing Block 219 out of 227
Processing Block size=24
begin cleaner{left: ("[FunctionalDependency:(s: {flight}, t: {sched_arr_time})]", 0.0), operator: *, right: (1.0, 1.0), result: 0.0}
列 'p' 不存在，对列 sched_arr_time 不过滤，直接选择所有非无效值。
Block processing time: 0.018297 seconds
Computing Block 226 out of 227
Processing Block size=17
begin cleaner{left: ("[FunctionalDependency:(s: {flight}, t: {sched_arr_time})]", 0.0), operator: *, right: (1.0, 1.0), result: 0.0}
列 'p' 不存在，对列 sched_arr_time 不过滤，直接选择所有非无效值。
Block processing time: 0.012923 seconds
  当前节点: sched_arr_time 无清洗操作
  当前节点: act_arr_time 存在可用清洗信号
数据块大小: 2376
分块属性:
[['flight']]
Starting initial block mapping...
Initial number of blocks: 227
Final number of blocks after further splitting: 227
Computing Block 2 out of 227
Processing Block size=23
begin cleaner[FunctionalDependency:(s: {'flight'}, t: {'act_arr_time'})]*1.0
列 'p' 不存在，对列 act_arr_time 不过滤，直接选择所有非无效值。
Block processing time: 0.018361 seconds
Computing Block 4 out of 227
Processing Block size=17
begin cleaner{left: ("[FunctionalDependency:(s: {flight}, t: {act_arr_time})]", 0.0), operator: *, right: (1.0, 1.0), result: 0.0}
列 'p' 不存在，对列 act_arr_time 不过滤，直接选择所有非无效值。
Block processing time: 0.013573 seconds
Computing Block 6 out of 227
Processing Block size=22
begin cleaner{left: ("[FunctionalDependency:(s: {flight}, t: {act_arr_time})]", 0.0), operator: *, right: (1.0, 1.0), result: 0.0}
列 'p' 不存在，对列 act_arr_time 不过滤，直接选择所有非无效值。
Block processing time: 0.017613 seconds
Computing Block 7 out of 227
Processing Block size=18
begin cleaner{left: ("[FunctionalDependency:(s: {flight}, t: {act_arr_time})]", 0.0), operator: *, right: (1.0, 1.0), result: 0.0}
列 'p' 不存在，对列 act_arr_time 不过滤，直接选择所有非无效值。
Block processing time: 0.014381 seconds
Computing Block 9 out of 227
Processing Block size=22
begin cleaner{left: ("[FunctionalDependency:(s: {flight}, t: {act_arr_time})]", 0.0), operator: *, right: (1.0, 1.0), result: 0.0}
列 'p' 不存在，对列 act_arr_time 不过滤，直接选择所有非无效值。
Block processing time: 0.017517 seconds
Computing Block 11 out of 227
Processing Block size=16
begin cleaner{left: ("[FunctionalDependency:(s: {flight}, t: {act_arr_time})]", 0.0), operator: *, right: (1.0, 1.0), result: 0.0}
列 'p' 不存在，对列 act_arr_time 不过滤，直接选择所有非无效值。
Block processing time: 0.012939 seconds
Computing Block 12 out of 227
Processing Block size=20
begin cleaner{left: ("[FunctionalDependency:(s: {flight}, t: {act_arr_time})]", 0.0), operator: *, right: (1.0, 1.0), result: 0.0}
列 'p' 不存在，对列 act_arr_time 不过滤，直接选择所有非无效值。
Block processing time: 0.015927 seconds
Computing Block 14 out of 227
Processing Block size=17
begin cleaner{left: ("[FunctionalDependency:(s: {flight}, t: {act_arr_time})]", 0.0), operator: *, right: (1.0, 1.0), result: 0.0}
列 'p' 不存在，对列 act_arr_time 不过滤，直接选择所有非无效值。
Block processing time: 0.013568 seconds
Computing Block 15 out of 227
Processing Block size=20
begin cleaner{left: ("[FunctionalDependency:(s: {flight}, t: {act_arr_time})]", 0.0), operator: *, right: (1.0, 1.0), result: 0.0}
列 'p' 不存在，对列 act_arr_time 不过滤，直接选择所有非无效值。
Block processing time: 0.015929 seconds
Computing Block 17 out of 227
Processing Block size=20
begin cleaner{left: ("[FunctionalDependency:(s: {flight}, t: {act_arr_time})]", 0.0), operator: *, right: (1.0, 1.0), result: 0.0}
列 'p' 不存在，对列 act_arr_time 不过滤，直接选择所有非无效值。
Block processing time: 0.015862 seconds
Computing Block 18 out of 227
Processing Block size=20
begin cleaner{left: ("[FunctionalDependency:(s: {flight}, t: {act_arr_time})]", 0.0), operator: *, right: (1.0, 1.0), result: 0.0}
列 'p' 不存在，对列 act_arr_time 不过滤，直接选择所有非无效值。
Block processing time: 0.015916 seconds
Computing Block 19 out of 227
Processing Block size=21
begin cleaner{left: ("[FunctionalDependency:(s: {flight}, t: {act_arr_time})]", 0.0), operator: *, right: (1.0, 1.0), result: 0.0}
列 'p' 不存在，对列 act_arr_time 不过滤，直接选择所有非无效值。
Block processing time: 0.016885 seconds
Computing Block 21 out of 227
Processing Block size=21
begin cleaner{left: ("[FunctionalDependency:(s: {flight}, t: {act_arr_time})]", 0.0), operator: *, right: (1.0, 1.0), result: 0.0}
列 'p' 不存在，对列 act_arr_time 不过滤，直接选择所有非无效值。
Block processing time: 0.016779 seconds
Computing Block 23 out of 227
Processing Block size=19
begin cleaner{left: ("[FunctionalDependency:(s: {flight}, t: {act_arr_time})]", 0.0), operator: *, right: (1.0, 1.0), result: 0.0}
列 'p' 不存在，对列 act_arr_time 不过滤，直接选择所有非无效值。
Block processing time: 0.015192 seconds
Computing Block 26 out of 227
Processing Block size=14
begin cleaner{left: ("[FunctionalDependency:(s: {flight}, t: {act_arr_time})]", 0.0), operator: *, right: (1.0, 1.0), result: 0.0}
列 'p' 不存在，对列 act_arr_time 不过滤，直接选择所有非无效值。
Block processing time: 0.011223 seconds
Computing Block 27 out of 227
Processing Block size=17
begin cleaner{left: ("[FunctionalDependency:(s: {flight}, t: {act_arr_time})]", 0.0), operator: *, right: (1.0, 1.0), result: 0.0}
列 'p' 不存在，对列 act_arr_time 不过滤，直接选择所有非无效值。
Block processing time: 0.013612 seconds
Computing Block 30 out of 227
Processing Block size=21
begin cleaner{left: ("[FunctionalDependency:(s: {flight}, t: {act_arr_time})]", 0.0), operator: *, right: (1.0, 1.0), result: 0.0}
列 'p' 不存在，对列 act_arr_time 不过滤，直接选择所有非无效值。
Block processing time: 0.016919 seconds
Computing Block 34 out of 227
Processing Block size=16
begin cleaner{left: ("[FunctionalDependency:(s: {flight}, t: {act_arr_time})]", 0.0), operator: *, right: (1.0, 1.0), result: 0.0}
列 'p' 不存在，对列 act_arr_time 不过滤，直接选择所有非无效值。
Block processing time: 0.012966 seconds
Computing Block 36 out of 227
Processing Block size=15
begin cleaner{left: ("[FunctionalDependency:(s: {flight}, t: {act_arr_time})]", 0.0), operator: *, right: (1.0, 1.0), result: 0.0}
列 'p' 不存在，对列 act_arr_time 不过滤，直接选择所有非无效值。
Block processing time: 0.012486 seconds
Computing Block 37 out of 227
Processing Block size=19
begin cleaner{left: ("[FunctionalDependency:(s: {flight}, t: {act_arr_time})]", 0.0), operator: *, right: (1.0, 1.0), result: 0.0}
列 'p' 不存在，对列 act_arr_time 不过滤，直接选择所有非无效值。
Block processing time: 0.015446 seconds
Computing Block 38 out of 227
Processing Block size=18
begin cleaner{left: ("[FunctionalDependency:(s: {flight}, t: {act_arr_time})]", 0.0), operator: *, right: (1.0, 1.0), result: 0.0}
列 'p' 不存在，对列 act_arr_time 不过滤，直接选择所有非无效值。
Block processing time: 0.014616 seconds
Computing Block 41 out of 227
Processing Block size=18
begin cleaner{left: ("[FunctionalDependency:(s: {flight}, t: {act_arr_time})]", 0.0), operator: *, right: (1.0, 1.0), result: 0.0}
列 'p' 不存在，对列 act_arr_time 不过滤，直接选择所有非无效值。
Block processing time: 0.014545 seconds
Computing Block 42 out of 227
Processing Block size=23
begin cleaner{left: ("[FunctionalDependency:(s: {flight}, t: {act_arr_time})]", 0.0), operator: *, right: (1.0, 1.0), result: 0.0}
列 'p' 不存在，对列 act_arr_time 不过滤，直接选择所有非无效值。
Block processing time: 0.018328 seconds
Computing Block 43 out of 227
Processing Block size=24
begin cleaner{left: ("[FunctionalDependency:(s: {flight}, t: {act_arr_time})]", 0.0), operator: *, right: (1.0, 1.0), result: 0.0}
列 'p' 不存在，对列 act_arr_time 不过滤，直接选择所有非无效值。
Block processing time: 0.019085 seconds
Computing Block 48 out of 227
Processing Block size=16
begin cleaner{left: ("[FunctionalDependency:(s: {flight}, t: {act_arr_time})]", 0.0), operator: *, right: (1.0, 1.0), result: 0.0}
列 'p' 不存在，对列 act_arr_time 不过滤，直接选择所有非无效值。
Block processing time: 0.01279 seconds
Computing Block 50 out of 227
Processing Block size=21
begin cleaner{left: ("[FunctionalDependency:(s: {flight}, t: {act_arr_time})]", 0.0), operator: *, right: (1.0, 1.0), result: 0.0}
列 'p' 不存在，对列 act_arr_time 不过滤，直接选择所有非无效值。
Block processing time: 0.016758 seconds
Computing Block 51 out of 227
Processing Block size=17
begin cleaner{left: ("[FunctionalDependency:(s: {flight}, t: {act_arr_time})]", 0.0), operator: *, right: (1.0, 1.0), result: 0.0}
列 'p' 不存在，对列 act_arr_time 不过滤，直接选择所有非无效值。
Block processing time: 0.013558 seconds
Computing Block 54 out of 227
Processing Block size=17
begin cleaner{left: ("[FunctionalDependency:(s: {flight}, t: {act_arr_time})]", 0.0), operator: *, right: (1.0, 1.0), result: 0.0}
列 'p' 不存在，对列 act_arr_time 不过滤，直接选择所有非无效值。
Block processing time: 0.013562 seconds
Computing Block 60 out of 227
Processing Block size=18
begin cleaner{left: ("[FunctionalDependency:(s: {flight}, t: {act_arr_time})]", 0.0), operator: *, right: (1.0, 1.0), result: 0.0}
列 'p' 不存在，对列 act_arr_time 不过滤，直接选择所有非无效值。
Block processing time: 0.014395 seconds
Computing Block 68 out of 227
Processing Block size=21
begin cleaner{left: ("[FunctionalDependency:(s: {flight}, t: {act_arr_time})]", 0.0), operator: *, right: (1.0, 1.0), result: 0.0}
列 'p' 不存在，对列 act_arr_time 不过滤，直接选择所有非无效值。
Block processing time: 0.016911 seconds
Computing Block 69 out of 227
Processing Block size=22
begin cleaner{left: ("[FunctionalDependency:(s: {flight}, t: {act_arr_time})]", 0.0), operator: *, right: (1.0, 1.0), result: 0.0}
列 'p' 不存在，对列 act_arr_time 不过滤，直接选择所有非无效值。
Block processing time: 0.017647 seconds
Computing Block 73 out of 227
Processing Block size=16
begin cleaner{left: ("[FunctionalDependency:(s: {flight}, t: {act_arr_time})]", 0.0), operator: *, right: (1.0, 1.0), result: 0.0}
列 'p' 不存在，对列 act_arr_time 不过滤，直接选择所有非无效值。
Block processing time: 0.012519 seconds
Computing Block 74 out of 227
Processing Block size=22
begin cleaner{left: ("[FunctionalDependency:(s: {flight}, t: {act_arr_time})]", 0.0), operator: *, right: (1.0, 1.0), result: 0.0}
列 'p' 不存在，对列 act_arr_time 不过滤，直接选择所有非无效值。
Block processing time: 0.017119 seconds
Computing Block 75 out of 227
Processing Block size=16
begin cleaner{left: ("[FunctionalDependency:(s: {flight}, t: {act_arr_time})]", 0.0), operator: *, right: (1.0, 1.0), result: 0.0}
列 'p' 不存在，对列 act_arr_time 不过滤，直接选择所有非无效值。
Block processing time: 0.012587 seconds
Computing Block 76 out of 227
Processing Block size=19
begin cleaner{left: ("[FunctionalDependency:(s: {flight}, t: {act_arr_time})]", 0.0), operator: *, right: (1.0, 1.0), result: 0.0}
列 'p' 不存在，对列 act_arr_time 不过滤，直接选择所有非无效值。
Block processing time: 0.014978 seconds
Computing Block 77 out of 227
Processing Block size=21
begin cleaner{left: ("[FunctionalDependency:(s: {flight}, t: {act_arr_time})]", 0.0), operator: *, right: (1.0, 1.0), result: 0.0}
列 'p' 不存在，对列 act_arr_time 不过滤，直接选择所有非无效值。
Block processing time: 0.016308 seconds
Computing Block 78 out of 227
Processing Block size=15
begin cleaner{left: ("[FunctionalDependency:(s: {flight}, t: {act_arr_time})]", 0.0), operator: *, right: (1.0, 1.0), result: 0.0}
列 'p' 不存在，对列 act_arr_time 不过滤，直接选择所有非无效值。
Block processing time: 0.011719 seconds
Computing Block 80 out of 227
Processing Block size=18
begin cleaner{left: ("[FunctionalDependency:(s: {flight}, t: {act_arr_time})]", 0.0), operator: *, right: (1.0, 1.0), result: 0.0}
列 'p' 不存在，对列 act_arr_time 不过滤，直接选择所有非无效值。
Block processing time: 0.013907 seconds
Computing Block 82 out of 227
Processing Block size=14
begin cleaner{left: ("[FunctionalDependency:(s: {flight}, t: {act_arr_time})]", 0.0), operator: *, right: (1.0, 1.0), result: 0.0}
列 'p' 不存在，对列 act_arr_time 不过滤，直接选择所有非无效值。
Block processing time: 0.010804 seconds
Computing Block 83 out of 227
Processing Block size=19
begin cleaner{left: ("[FunctionalDependency:(s: {flight}, t: {act_arr_time})]", 0.0), operator: *, right: (1.0, 1.0), result: 0.0}
列 'p' 不存在，对列 act_arr_time 不过滤，直接选择所有非无效值。
Block processing time: 0.014616 seconds
Computing Block 85 out of 227
Processing Block size=19
begin cleaner{left: ("[FunctionalDependency:(s: {flight}, t: {act_arr_time})]", 0.0), operator: *, right: (1.0, 1.0), result: 0.0}
列 'p' 不存在，对列 act_arr_time 不过滤，直接选择所有非无效值。
Block processing time: 0.014622 seconds
Computing Block 87 out of 227
Processing Block size=15
begin cleaner{left: ("[FunctionalDependency:(s: {flight}, t: {act_arr_time})]", 0.0), operator: *, right: (1.0, 1.0), result: 0.0}
列 'p' 不存在，对列 act_arr_time 不过滤，直接选择所有非无效值。
Block processing time: 0.011509 seconds
Computing Block 90 out of 227
Processing Block size=25
begin cleaner{left: ("[FunctionalDependency:(s: {flight}, t: {act_arr_time})]", 0.0), operator: *, right: (1.0, 1.0), result: 0.0}
列 'p' 不存在，对列 act_arr_time 不过滤，直接选择所有非无效值。
Block processing time: 0.018759 seconds
Computing Block 91 out of 227
Processing Block size=24
begin cleaner{left: ("[FunctionalDependency:(s: {flight}, t: {act_arr_time})]", 0.0), operator: *, right: (1.0, 1.0), result: 0.0}
列 'p' 不存在，对列 act_arr_time 不过滤，直接选择所有非无效值。
Block processing time: 0.018397 seconds
Computing Block 96 out of 227
Processing Block size=22
begin cleaner{left: ("[FunctionalDependency:(s: {flight}, t: {act_arr_time})]", 0.0), operator: *, right: (1.0, 1.0), result: 0.0}
列 'p' 不存在，对列 act_arr_time 不过滤，直接选择所有非无效值。
Block processing time: 0.016912 seconds
Computing Block 98 out of 227
Processing Block size=15
begin cleaner{left: ("[FunctionalDependency:(s: {flight}, t: {act_arr_time})]", 0.0), operator: *, right: (1.0, 1.0), result: 0.0}
列 'p' 不存在，对列 act_arr_time 不过滤，直接选择所有非无效值。
Block processing time: 0.011596 seconds
Computing Block 100 out of 227
Processing Block size=18
begin cleaner{left: ("[FunctionalDependency:(s: {flight}, t: {act_arr_time})]", 0.0), operator: *, right: (1.0, 1.0), result: 0.0}
列 'p' 不存在，对列 act_arr_time 不过滤，直接选择所有非无效值。
Block processing time: 0.013837 seconds
Computing Block 101 out of 227
Processing Block size=20
begin cleaner{left: ("[FunctionalDependency:(s: {flight}, t: {act_arr_time})]", 0.0), operator: *, right: (1.0, 1.0), result: 0.0}
列 'p' 不存在，对列 act_arr_time 不过滤，直接选择所有非无效值。
Block processing time: 0.015107 seconds
Computing Block 102 out of 227
Processing Block size=21
begin cleaner{left: ("[FunctionalDependency:(s: {flight}, t: {act_arr_time})]", 0.0), operator: *, right: (1.0, 1.0), result: 0.0}
列 'p' 不存在，对列 act_arr_time 不过滤，直接选择所有非无效值。
Block processing time: 0.015633 seconds
Computing Block 105 out of 227
Processing Block size=18
begin cleaner{left: ("[FunctionalDependency:(s: {flight}, t: {act_arr_time})]", 0.0), operator: *, right: (1.0, 1.0), result: 0.0}
列 'p' 不存在，对列 act_arr_time 不过滤，直接选择所有非无效值。
Block processing time: 0.013445 seconds
Computing Block 106 out of 227
Processing Block size=14
begin cleaner{left: ("[FunctionalDependency:(s: {flight}, t: {act_arr_time})]", 0.0), operator: *, right: (1.0, 1.0), result: 0.0}
列 'p' 不存在，对列 act_arr_time 不过滤，直接选择所有非无效值。
Block processing time: 0.010482 seconds
Computing Block 108 out of 227
Processing Block size=23
begin cleaner{left: ("[FunctionalDependency:(s: {flight}, t: {act_arr_time})]", 0.0), operator: *, right: (1.0, 1.0), result: 0.0}
列 'p' 不存在，对列 act_arr_time 不过滤，直接选择所有非无效值。
Block processing time: 0.017136 seconds
Computing Block 109 out of 227
Processing Block size=23
begin cleaner{left: ("[FunctionalDependency:(s: {flight}, t: {act_arr_time})]", 0.0), operator: *, right: (1.0, 1.0), result: 0.0}
列 'p' 不存在，对列 act_arr_time 不过滤，直接选择所有非无效值。
Block processing time: 0.01714 seconds
Computing Block 111 out of 227
Processing Block size=19
begin cleaner{left: ("[FunctionalDependency:(s: {flight}, t: {act_arr_time})]", 0.0), operator: *, right: (1.0, 1.0), result: 0.0}
列 'p' 不存在，对列 act_arr_time 不过滤，直接选择所有非无效值。
Block processing time: 0.014137 seconds
Computing Block 112 out of 227
Processing Block size=13
begin cleaner{left: ("[FunctionalDependency:(s: {flight}, t: {act_arr_time})]", 0.0), operator: *, right: (1.0, 1.0), result: 0.0}
列 'p' 不存在，对列 act_arr_time 不过滤，直接选择所有非无效值。
Block processing time: 0.009683 seconds
Computing Block 114 out of 227
Processing Block size=21
begin cleaner{left: ("[FunctionalDependency:(s: {flight}, t: {act_arr_time})]", 0.0), operator: *, right: (1.0, 1.0), result: 0.0}
列 'p' 不存在，对列 act_arr_time 不过滤，直接选择所有非无效值。
Block processing time: 0.015604 seconds
Computing Block 116 out of 227
Processing Block size=14
begin cleaner{left: ("[FunctionalDependency:(s: {flight}, t: {act_arr_time})]", 0.0), operator: *, right: (1.0, 1.0), result: 0.0}
列 'p' 不存在，对列 act_arr_time 不过滤，直接选择所有非无效值。
Block processing time: 0.010508 seconds
Computing Block 121 out of 227
Processing Block size=21
begin cleaner{left: ("[FunctionalDependency:(s: {flight}, t: {act_arr_time})]", 0.0), operator: *, right: (1.0, 1.0), result: 0.0}
列 'p' 不存在，对列 act_arr_time 不过滤，直接选择所有非无效值。
Block processing time: 0.015586 seconds
Computing Block 124 out of 227
Processing Block size=15
begin cleaner{left: ("[FunctionalDependency:(s: {flight}, t: {act_arr_time})]", 0.0), operator: *, right: (1.0, 1.0), result: 0.0}
列 'p' 不存在，对列 act_arr_time 不过滤，直接选择所有非无效值。
Block processing time: 0.011296 seconds
Computing Block 128 out of 227
Processing Block size=18
begin cleaner{left: ("[FunctionalDependency:(s: {flight}, t: {act_arr_time})]", 0.0), operator: *, right: (1.0, 1.0), result: 0.0}
列 'p' 不存在，对列 act_arr_time 不过滤，直接选择所有非无效值。
Block processing time: 0.013439 seconds
Computing Block 129 out of 227
Processing Block size=19
begin cleaner{left: ("[FunctionalDependency:(s: {flight}, t: {act_arr_time})]", 0.0), operator: *, right: (1.0, 1.0), result: 0.0}
列 'p' 不存在，对列 act_arr_time 不过滤，直接选择所有非无效值。
Block processing time: 0.014164 seconds
Computing Block 130 out of 227
Processing Block size=15
begin cleaner{left: ("[FunctionalDependency:(s: {flight}, t: {act_arr_time})]", 0.0), operator: *, right: (1.0, 1.0), result: 0.0}
列 'p' 不存在，对列 act_arr_time 不过滤，直接选择所有非无效值。
Block processing time: 0.011165 seconds
Computing Block 132 out of 227
Processing Block size=22
begin cleaner{left: ("[FunctionalDependency:(s: {flight}, t: {act_arr_time})]", 0.0), operator: *, right: (1.0, 1.0), result: 0.0}
列 'p' 不存在，对列 act_arr_time 不过滤，直接选择所有非无效值。
Block processing time: 0.016433 seconds
Computing Block 133 out of 227
Processing Block size=19
begin cleaner{left: ("[FunctionalDependency:(s: {flight}, t: {act_arr_time})]", 0.0), operator: *, right: (1.0, 1.0), result: 0.0}
列 'p' 不存在，对列 act_arr_time 不过滤，直接选择所有非无效值。
Block processing time: 0.014136 seconds
Computing Block 136 out of 227
Processing Block size=20
begin cleaner{left: ("[FunctionalDependency:(s: {flight}, t: {act_arr_time})]", 0.0), operator: *, right: (1.0, 1.0), result: 0.0}
列 'p' 不存在，对列 act_arr_time 不过滤，直接选择所有非无效值。
Block processing time: 0.014851 seconds
Computing Block 139 out of 227
Processing Block size=18
begin cleaner{left: ("[FunctionalDependency:(s: {flight}, t: {act_arr_time})]", 0.0), operator: *, right: (1.0, 1.0), result: 0.0}
列 'p' 不存在，对列 act_arr_time 不过滤，直接选择所有非无效值。
Block processing time: 0.013415 seconds
Computing Block 143 out of 227
Processing Block size=21
begin cleaner{left: ("[FunctionalDependency:(s: {flight}, t: {act_arr_time})]", 0.0), operator: *, right: (1.0, 1.0), result: 0.0}
列 'p' 不存在，对列 act_arr_time 不过滤，直接选择所有非无效值。
Block processing time: 0.015608 seconds
Computing Block 149 out of 227
Processing Block size=18
begin cleaner{left: ("[FunctionalDependency:(s: {flight}, t: {act_arr_time})]", 0.0), operator: *, right: (1.0, 1.0), result: 0.0}
列 'p' 不存在，对列 act_arr_time 不过滤，直接选择所有非无效值。
Block processing time: 0.01337 seconds
Computing Block 150 out of 227
Processing Block size=19
begin cleaner{left: ("[FunctionalDependency:(s: {flight}, t: {act_arr_time})]", 0.0), operator: *, right: (1.0, 1.0), result: 0.0}
列 'p' 不存在，对列 act_arr_time 不过滤，直接选择所有非无效值。
Block processing time: 0.014227 seconds
Computing Block 151 out of 227
Processing Block size=23
begin cleaner{left: ("[FunctionalDependency:(s: {flight}, t: {act_arr_time})]", 0.0), operator: *, right: (1.0, 1.0), result: 0.0}
列 'p' 不存在，对列 act_arr_time 不过滤，直接选择所有非无效值。
Block processing time: 0.016893 seconds
Computing Block 152 out of 227
Processing Block size=12
begin cleaner{left: ("[FunctionalDependency:(s: {flight}, t: {act_arr_time})]", 0.0), operator: *, right: (1.0, 1.0), result: 0.0}
列 'p' 不存在，对列 act_arr_time 不过滤，直接选择所有非无效值。
Block processing time: 0.008643 seconds
Computing Block 158 out of 227
Processing Block size=15
begin cleaner{left: ("[FunctionalDependency:(s: {flight}, t: {act_arr_time})]", 0.0), operator: *, right: (1.0, 1.0), result: 0.0}
列 'p' 不存在，对列 act_arr_time 不过滤，直接选择所有非无效值。
Block processing time: 0.010728 seconds
Computing Block 159 out of 227
Processing Block size=25
begin cleaner{left: ("[FunctionalDependency:(s: {flight}, t: {act_arr_time})]", 0.0), operator: *, right: (1.0, 1.0), result: 0.0}
列 'p' 不存在，对列 act_arr_time 不过滤，直接选择所有非无效值。
Block processing time: 0.018409 seconds
Computing Block 160 out of 227
Processing Block size=21
begin cleaner{left: ("[FunctionalDependency:(s: {flight}, t: {act_arr_time})]", 0.0), operator: *, right: (1.0, 1.0), result: 0.0}
列 'p' 不存在，对列 act_arr_time 不过滤，直接选择所有非无效值。
Block processing time: 0.015237 seconds
Computing Block 163 out of 227
Processing Block size=21
begin cleaner{left: ("[FunctionalDependency:(s: {flight}, t: {act_arr_time})]", 0.0), operator: *, right: (1.0, 1.0), result: 0.0}
列 'p' 不存在，对列 act_arr_time 不过滤，直接选择所有非无效值。
Block processing time: 0.015438 seconds
Computing Block 165 out of 227
Processing Block size=22
begin cleaner{left: ("[FunctionalDependency:(s: {flight}, t: {act_arr_time})]", 0.0), operator: *, right: (1.0, 1.0), result: 0.0}
列 'p' 不存在，对列 act_arr_time 不过滤，直接选择所有非无效值。
Block processing time: 0.015913 seconds
Computing Block 168 out of 227
Processing Block size=19
begin cleaner{left: ("[FunctionalDependency:(s: {flight}, t: {act_arr_time})]", 0.0), operator: *, right: (1.0, 1.0), result: 0.0}
列 'p' 不存在，对列 act_arr_time 不过滤，直接选择所有非无效值。
Block processing time: 0.013798 seconds
Computing Block 170 out of 227
Processing Block size=19
begin cleaner{left: ("[FunctionalDependency:(s: {flight}, t: {act_arr_time})]", 0.0), operator: *, right: (1.0, 1.0), result: 0.0}
列 'p' 不存在，对列 act_arr_time 不过滤，直接选择所有非无效值。
Block processing time: 0.013651 seconds
Computing Block 172 out of 227
Processing Block size=21
begin cleaner{left: ("[FunctionalDependency:(s: {flight}, t: {act_arr_time})]", 0.0), operator: *, right: (1.0, 1.0), result: 0.0}
列 'p' 不存在，对列 act_arr_time 不过滤，直接选择所有非无效值。
Block processing time: 0.015127 seconds
Computing Block 173 out of 227
Processing Block size=21
begin cleaner{left: ("[FunctionalDependency:(s: {flight}, t: {act_arr_time})]", 0.0), operator: *, right: (1.0, 1.0), result: 0.0}
列 'p' 不存在，对列 act_arr_time 不过滤，直接选择所有非无效值。
Block processing time: 0.015082 seconds
Computing Block 175 out of 227
Processing Block size=20
begin cleaner{left: ("[FunctionalDependency:(s: {flight}, t: {act_arr_time})]", 0.0), operator: *, right: (1.0, 1.0), result: 0.0}
列 'p' 不存在，对列 act_arr_time 不过滤，直接选择所有非无效值。
Block processing time: 0.014313 seconds
Computing Block 181 out of 227
Processing Block size=15
begin cleaner{left: ("[FunctionalDependency:(s: {flight}, t: {act_arr_time})]", 0.0), operator: *, right: (1.0, 1.0), result: 0.0}
列 'p' 不存在，对列 act_arr_time 不过滤，直接选择所有非无效值。
Block processing time: 0.010835 seconds
Computing Block 182 out of 227
Processing Block size=19
begin cleaner{left: ("[FunctionalDependency:(s: {flight}, t: {act_arr_time})]", 0.0), operator: *, right: (1.0, 1.0), result: 0.0}
列 'p' 不存在，对列 act_arr_time 不过滤，直接选择所有非无效值。
Block processing time: 0.01362 seconds
Computing Block 183 out of 227
Processing Block size=19
begin cleaner{left: ("[FunctionalDependency:(s: {flight}, t: {act_arr_time})]", 0.0), operator: *, right: (1.0, 1.0), result: 0.0}
列 'p' 不存在，对列 act_arr_time 不过滤，直接选择所有非无效值。
Block processing time: 0.013642 seconds
Computing Block 184 out of 227
Processing Block size=17
begin cleaner{left: ("[FunctionalDependency:(s: {flight}, t: {act_arr_time})]", 0.0), operator: *, right: (1.0, 1.0), result: 0.0}
列 'p' 不存在，对列 act_arr_time 不过滤，直接选择所有非无效值。
Block processing time: 0.012291 seconds
Computing Block 185 out of 227
Processing Block size=18
begin cleaner{left: ("[FunctionalDependency:(s: {flight}, t: {act_arr_time})]", 0.0), operator: *, right: (1.0, 1.0), result: 0.0}
列 'p' 不存在，对列 act_arr_time 不过滤，直接选择所有非无效值。
Block processing time: 0.012875 seconds
Computing Block 192 out of 227
Processing Block size=17
begin cleaner{left: ("[FunctionalDependency:(s: {flight}, t: {act_arr_time})]", 0.0), operator: *, right: (1.0, 1.0), result: 0.0}
列 'p' 不存在，对列 act_arr_time 不过滤，直接选择所有非无效值。
Block processing time: 0.012249 seconds
Computing Block 195 out of 227
Processing Block size=22
begin cleaner{left: ("[FunctionalDependency:(s: {flight}, t: {act_arr_time})]", 0.0), operator: *, right: (1.0, 1.0), result: 0.0}
列 'p' 不存在，对列 act_arr_time 不过滤，直接选择所有非无效值。
Block processing time: 0.015733 seconds
Computing Block 196 out of 227
Processing Block size=22
begin cleaner{left: ("[FunctionalDependency:(s: {flight}, t: {act_arr_time})]", 0.0), operator: *, right: (1.0, 1.0), result: 0.0}
列 'p' 不存在，对列 act_arr_time 不过滤，直接选择所有非无效值。
Block processing time: 0.015765 seconds
Computing Block 199 out of 227
Processing Block size=19
begin cleaner{left: ("[FunctionalDependency:(s: {flight}, t: {act_arr_time})]", 0.0), operator: *, right: (1.0, 1.0), result: 0.0}
列 'p' 不存在，对列 act_arr_time 不过滤，直接选择所有非无效值。
Block processing time: 0.013679 seconds
Computing Block 200 out of 227
Processing Block size=21
begin cleaner{left: ("[FunctionalDependency:(s: {flight}, t: {act_arr_time})]", 0.0), operator: *, right: (1.0, 1.0), result: 0.0}
列 'p' 不存在，对列 act_arr_time 不过滤，直接选择所有非无效值。
Block processing time: 0.015011 seconds
Computing Block 203 out of 227
Processing Block size=24
begin cleaner{left: ("[FunctionalDependency:(s: {flight}, t: {act_arr_time})]", 0.0), operator: *, right: (1.0, 1.0), result: 0.0}
列 'p' 不存在，对列 act_arr_time 不过滤，直接选择所有非无效值。
Block processing time: 0.017232 seconds
Computing Block 204 out of 227
Processing Block size=20
begin cleaner{left: ("[FunctionalDependency:(s: {flight}, t: {act_arr_time})]", 0.0), operator: *, right: (1.0, 1.0), result: 0.0}
列 'p' 不存在，对列 act_arr_time 不过滤，直接选择所有非无效值。
Block processing time: 0.01437 seconds
Computing Block 205 out of 227
Processing Block size=20
begin cleaner{left: ("[FunctionalDependency:(s: {flight}, t: {act_arr_time})]", 0.0), operator: *, right: (1.0, 1.0), result: 0.0}
列 'p' 不存在，对列 act_arr_time 不过滤，直接选择所有非无效值。
Block processing time: 0.014343 seconds
Computing Block 207 out of 227
Processing Block size=20
begin cleaner{left: ("[FunctionalDependency:(s: {flight}, t: {act_arr_time})]", 0.0), operator: *, right: (1.0, 1.0), result: 0.0}
列 'p' 不存在，对列 act_arr_time 不过滤，直接选择所有非无效值。
Block processing time: 0.014347 seconds
Computing Block 210 out of 227
Processing Block size=17
begin cleaner{left: ("[FunctionalDependency:(s: {flight}, t: {act_arr_time})]", 0.0), operator: *, right: (1.0, 1.0), result: 0.0}
列 'p' 不存在，对列 act_arr_time 不过滤，直接选择所有非无效值。
Block processing time: 0.012218 seconds
Computing Block 213 out of 227
Processing Block size=21
begin cleaner{left: ("[FunctionalDependency:(s: {flight}, t: {act_arr_time})]", 0.0), operator: *, right: (1.0, 1.0), result: 0.0}
列 'p' 不存在，对列 act_arr_time 不过滤，直接选择所有非无效值。
Block processing time: 0.014968 seconds
Computing Block 214 out of 227
Processing Block size=18
begin cleaner{left: ("[FunctionalDependency:(s: {flight}, t: {act_arr_time})]", 0.0), operator: *, right: (1.0, 1.0), result: 0.0}
列 'p' 不存在，对列 act_arr_time 不过滤，直接选择所有非无效值。
Block processing time: 0.012572 seconds
Computing Block 219 out of 227
Processing Block size=24
begin cleaner{left: ("[FunctionalDependency:(s: {flight}, t: {act_arr_time})]", 0.0), operator: *, right: (1.0, 1.0), result: 0.0}
列 'p' 不存在，对列 act_arr_time 不过滤，直接选择所有非无效值。
Block processing time: 0.016862 seconds
Computing Block 226 out of 227
Processing Block size=17
begin cleaner{left: ("[FunctionalDependency:(s: {flight}, t: {act_arr_time})]", 0.0), operator: *, right: (1.0, 1.0), result: 0.0}
列 'p' 不存在，对列 act_arr_time 不过滤，直接选择所有非无效值。
Block processing time: 0.011883 seconds
  当前节点: act_arr_time 无清洗操作
['sched_dep_time', 'act_dep_time', 'sched_arr_time', 'act_arr_time']的清洗完成

本层累积的编辑规则数: 0
本层没有可以进行的清洗操作，进行下一层

清洗规则溯源分析:

处理第 1 层级, 包含节点: ['flight']

处理第 2 层级, 包含节点: ['sched_dep_time', 'act_dep_time', 'sched_arr_time', 'act_arr_time']

清洗流程展示:
关联图存储到: TestDataset/result/train/flights/flights_7/acplt.png
清洗总执行时间: 34.5414 秒
清洗结果已保存到: TestDataset/result/train/flights/flights_7/flights_7Cleaned.csv
已将 4 个时间列格式化为 'h:mm a.m./p.m.'
测评性能开始：
没有指定错误比例，仅进行原数据集的空值替换，不添加错误
已将注入错误的文件保存到: TestDataset/result/train/flights/flights_7/flights_7Cleaned.csv
差异文件已保存到:
TestDataset/result/train/flights/flights_7/flights_7_clean_vs_dirty.csv
TestDataset/result/train/flights/flights_7/flights_7_dirty_vs_cleaned.csv
TestDataset/result/train/flights/flights_7/flights_7_clean_vs_cleaned.csv
修复错误数据文件已保存到: TestDataset/result/train/flights/flights_7/flights_7_repair_errors.csv
未修复但是应该修复数据文件已保存到: TestDataset/result/train/flights/flights_7/flights_7_unrepaired.csv
修复准确率: 0.9981435643564357, 修复召回率: 0.5657663977551737, F1值: 0.7221849115275851
========================================
EDR 结果已保存到: TestDataset/result/train/flights/flights_7/flights_7_edr_evaluation.txt
错误减少率 (EDR): 0.5657663977551737
========================================
混合距离结果已保存到: TestDataset/result/train/flights/flights_7/flights_7_hybrid_distance_evaluation.txt
混合距离 (Hybrid Distance): 0.13962636022639954
========================================
R-EDR 结果已保存到: TestDataset/result/train/flights/flights_7/flights_7_record_based_edr_evaluation.txt
基于条目的错误减少率 (R-EDR): 0.5306239267315398
========================================
测试结果:
Accuracy: 0.9981435643564357
Recall: 0.5657663977551737
F1 Score: 0.7221849115275851
EDR: 0.5657663977551737
Hybrid Distance: 0.13962636022639954
R-EDR: 0.5306239267315398
time(s): 34.541359791
speed: 1.4537609339646465 seconds/100num
测评结束，详细测评日志见：TestDataset/result/train/flights/flights_7
